#METRIC|m2|年化,最大回撤,Sharpe,Calmar,平均仓位,年均换手,持仓数中位,单票权重中位,单票权重P90,单票权重最大,前三权重中位,单票超60%天数占比,滚动3年年化中位,滚动3年回撤中位,滚动3年Calmar中位,滚动3年Sharpe中位,滚动3年为负的窗口占比,滚动5年年化中位,滚动5年年化P25,滚动5年年化最差,滚动5年回撤中位,滚动5年Calmar中位,滚动5年Sharpe中位,滚动5年为负的窗口占比,滚动5年窗口数,互不重叠5年块中位,滚动10年年化中位,滚动10年窗口数,逐年收益中位,逐年为正比例,逐年最差,完整自然年数,强平次数,最低担保比例,最低股票同跌缓冲,最低总资产冲击缓冲,rf覆盖率,年化_交易日口径,最低担保比例日,最低股票同跌缓冲日,滚动5年年化最差窗口末日,最大回撤起日,最大回撤止日,末次净值日
BASE|2009-11-01|0.313671|0.693960|0.753637|0.452001|1.620187|6.513478|6.000000|0.659951|0.999036|1.240627|1.427959|0.809630|0.345258|0.437173|0.826074|0.818675|0.072727|0.354410|0.200820|-0.043392|0.465111|0.761280|0.789551|0.042553|141.000000|0.461252|0.332922|81.000000|0.355592|0.750000|-0.277082|16.000000|0.000000|1.828535|0.289048|0.289048|0.984589|0.314964|20150824.000000|20150824.000000|20160229.000000|20150612.000000|20160616.000000|20260828.000000
BASE|2010-05-01|0.384892|0.663979|0.872536|0.579674|1.643964|6.919292|6.000000|0.661598|0.961168|1.241596|1.463840|0.774053|0.426251|0.431696|0.891936|0.921144|0.056604|0.436319|0.337015|-0.017465|0.451436|0.863560|0.943248|0.014815|135.000000|0.594415|0.421321|75.000000|0.387716|0.800000|-0.276843|15.000000|0.000000|1.742886|0.254111|0.254111|1.000000|0.386654|20150825.000000|20150825.000000|20160229.000000|20150609.000000|20160201.000000|20260828.000000
BASE|2010-11-01|0.323747|0.707306|0.772943|0.457718|1.612029|7.044267|6.000000|0.658376|0.925824|1.145085|1.401492|0.805978|0.369479|0.424419|0.905609|0.885043|0.084967|0.385978|0.209395|-0.061089|0.437072|0.917513|0.841897|0.069767|129.000000|0.462464|0.332224|69.000000|0.281902|0.800000|-0.316190|15.000000|0.000000|1.826051|0.288081|0.288081|1.000000|0.324961|20150825.000000|20150825.000000|20160630.000000|20150609.000000|20160616.000000|20260828.000000
BASE|2011-05-01|0.315362|0.702332|0.755310|0.449022|1.596396|6.706993|6.000000|0.662919|0.927899|1.126171|1.417640|0.806568|0.368996|0.441103|0.849744|0.849565|0.040816|0.391513|0.238177|-0.040188|0.452362|0.885366|0.857344|0.024390|123.000000|0.456260|0.336163|63.000000|0.360859|0.785714|-0.310331|14.000000|0.000000|1.712320|0.240796|0.240796|1.000000|0.316556|20150825.000000|20150825.000000|20160531.000000|20150609.000000|20160616.000000|20260828.000000
BASE|2011-11-01|0.359292|0.745172|0.821145|0.482160|1.640904|7.166607|7.000000|0.672308|1.011866|1.277698|1.430877|0.816775|0.388846|0.425505|0.968899|0.894870|0.042553|0.411019|0.249519|0.027506|0.433137|0.961479|0.889535|0.000000|117.000000|0.586368|0.339389|57.000000|0.386813|0.857143|-0.357911|14.000000|0.000000|1.859362|0.300836|0.300836|1.000000|0.360885|20150824.000000|20150824.000000|20161230.000000|20150609.000000|20160203.000000|20260828.000000
BASE|2012-05-01|0.363126|0.695070|0.829275|0.522431|1.655222|7.017899|6.000000|0.669655|0.896753|1.074116|1.457155|0.838320|0.406200|0.432282|0.863031|0.891631|0.029630|0.420243|0.341324|0.122458|0.463296|0.847484|0.884850|0.000000|111.000000|0.564410|0.392379|51.000000|0.368963|0.769231|-0.266259|13.000000|0.000000|1.710115|0.239817|0.239817|1.000000|0.364399|20150825.000000|20150825.000000|20170531.000000|20150609.000000|20160201.000000|20260828.000000
BASE|2012-11-01|0.460040|0.689124|0.955280|0.667571|1.694866|6.666922|6.000000|0.633093|0.877550|1.091374|1.480526|0.687909|0.524884|0.542830|1.076449|1.067008|0.015504|0.561728|0.398516|0.152549|0.542830|1.056312|1.066691|0.000000|105.000000|0.634630|0.473194|45.000000|0.377345|0.769231|-0.156592|13.000000|0.000000|1.729113|0.248170|0.248170|1.000000|0.462220|20150825.000000|20150825.000000|20200430.000000|20150609.000000|20160201.000000|20260828.000000
BASE|2013-05-01|0.470772|0.653723|0.971692|0.720140|1.685289|6.769186|7.000000|0.640924|0.794878|0.982195|1.441665|0.796976|0.508549|0.490601|1.120890|1.019260|0.016260|0.541909|0.437772|0.210076|0.510068|1.064405|1.049548|0.000000|99.000000|0.670713|0.475025|39.000000|0.422273|0.833333|-0.162553|12.000000|0.000000|1.707217|0.238527|0.238527|1.000000|0.472289|20150825.000000|20150825.000000|20200430.000000|20150612.000000|20160201.000000|20260828.000000
BASE|2013-11-01|0.453076|0.669472|0.956104|0.676765|1.670013|7.180484|7.000000|0.625618|0.842702|1.035315|1.437466|0.711538|0.489815|0.435420|1.127481|1.020146|0.008547|0.507200|0.369368|0.118071|0.449613|1.130357|1.025595|0.000000|93.000000|0.633773|0.428131|33.000000|0.384122|0.750000|-0.218313|12.000000|0.000000|1.896537|0.314540|0.314540|1.000000|0.454365|20200323.000000|20200323.000000|20181228.000000|20150612.000000|20160616.000000|20260828.000000
BASE|2014-05-01|0.460151|0.747492|0.964667|0.615593|1.670236|7.409002|6.000000|0.655705|1.063330|1.327542|1.475337|0.807205|0.480209|0.438099|1.093275|1.000993|0.027027|0.516876|0.422520|0.112204|0.439601|1.175786|1.026598|0.000000|87.000000|0.595752|0.423603|27.000000|0.436114|0.727273|-0.336172|11.000000|0.000000|1.879052|0.308162|0.308162|1.000000|0.461225|20200323.000000|20200323.000000|20200430.000000|20150609.000000|20160616.000000|20260828.000000
BASE|2014-11-01|0.479176|0.819996|0.988287|0.584364|1.627233|7.531097|7.000000|0.624030|0.738396|0.997798|1.446982|0.660589|0.589668|0.437579|1.264255|1.150285|0.028571|0.624475|0.527735|0.026504|0.559644|1.122903|1.169589|0.000000|81.000000|0.658605|0.508223|21.000000|0.470246|0.727273|-0.428941|11.000000|0.000000|1.795592|0.276005|0.276005|1.000000|0.480635|20200323.000000|20200323.000000|20200430.000000|20150609.000000|20160613.000000|20260828.000000
BASE|2015-05-01|0.480776|0.622013|1.035162|0.772936|1.591968|7.010411|7.000000|0.638292|0.740571|0.951859|1.458566|0.738903|0.608968|0.439527|1.291434|1.184431|0.000000|0.631227|0.564223|0.186105|0.577286|1.127102|1.170456|0.000000|75.000000|0.664195|0.561550|15.000000|0.474455|0.800000|-0.146421|10.000000|0.000000|2.000200|0.350065|0.350065|1.000000|0.482182|20200319.000000|20200319.000000|20200529.000000|20150609.000000|20160518.000000|20260828.000000
BASE|2015-11-01|0.616760|0.574713|1.211256|1.073162|1.648410|7.073630|7.000000|0.644984|0.745609|0.944390|1.474112|0.787614|0.649139|0.441470|1.312567|1.191715|0.000000|0.660862|0.578078|0.464053|0.574713|1.170488|1.201198|0.000000|69.000000|0.734709|0.739714|9.000000|0.585015|0.800000|-0.156067|10.000000|0.000000|2.052453|0.366612|0.366612|1.000000|0.618849|20200319.000000|20200319.000000|20201130.000000|20200114.000000|20200323.000000|20260828.000000
BASE|2016-05-01|0.650141|0.549885|1.281797|1.182322|1.670079|6.026931|6.000000|0.624818|0.740490|0.967177|1.463796|0.701475|0.634954|0.439713|1.334827|1.193221|0.000000|0.639115|0.583057|0.477797|0.549885|1.197286|1.199705|0.000000|63.000000|0.646660|0.649171|3.000000|0.494125|0.888889|-0.150877|9.000000|0.000000|1.974873|0.341730|0.341730|1.000000|0.652720|20200323.000000|20200323.000000|20230131.000000|20200114.000000|20200323.000000|20260828.000000
SB_SIG|2009-11-01|0.352076|0.684444|0.824241|0.514396|1.607315|7.338524|6.000000|0.663263|0.994836|1.269020|1.449363|0.760050|0.402081|0.449498|0.868540|0.893044|0.072727|0.435502|0.295871|-0.043861|0.449498|0.797614|0.917580|0.035461|141.000000|0.601905|0.400544|81.000000|0.234407|0.812500|-0.262033|16.000000|0.000000|1.842958|0.294612|0.294612|0.984589|0.353547|20150825.000000|20150825.000000|20160229.000000|20150612.000000|20160201.000000|20260828.000000
SB_SIG|2010-05-01|0.381460|0.687261|0.861367|0.555045|1.639937|7.834501|7.000000|0.682435|1.003615|1.269466|1.480425|0.803480|0.404517|0.435537|0.874226|0.887205|0.069182|0.430288|0.326908|-0.045504|0.435537|0.872751|0.912198|0.051852|135.000000|0.626305|0.403331|75.000000|0.331534|0.800000|-0.262114|15.000000|0.000000|1.838814|0.293023|0.293023|1.000000|0.383205|20150825.000000|20150825.000000|20160229.000000|20150612.000000|20160201.000000|20260828.000000
SB_SIG|2010-11-01|0.289253|0.718443|0.712381|0.402611|1.616581|6.358360|6.000000|0.653872|0.963637|1.190486|1.403581|0.782962|0.341976|0.436936|0.804575|0.838622|0.098039|0.365696|0.202315|-0.068007|0.501844|0.821750|0.833065|0.077519|129.000000|0.479134|0.337395|69.000000|0.255335|0.733333|-0.308431|15.000000|0.000000|1.714660|0.241832|0.241832|1.000000|0.290324|20150825.000000|20150825.000000|20160630.000000|20150609.000000|20160616.000000|20260828.000000
SB_SIG|2011-05-01|0.365898|0.689679|0.839540|0.530534|1.590803|7.369806|7.000000|0.664684|0.920542|1.054257|1.445175|0.766685|0.437312|0.434660|0.957473|0.924966|0.040816|0.459547|0.346893|-0.030671|0.449909|0.971592|0.942377|0.024390|123.000000|0.614472|0.405084|63.000000|0.265230|0.857143|-0.289724|14.000000|0.000000|1.689794|0.230675|0.230675|1.000000|0.367308|20150825.000000|20150825.000000|20160630.000000|20150609.000000|20160201.000000|20260828.000000
SB_SIG|2011-11-01|0.316374|0.740514|0.764975|0.427235|1.641289|7.553921|6.000000|0.651983|1.014341|1.258786|1.439049|0.802195|0.356036|0.431649|0.840626|0.863140|0.049645|0.358533|0.252982|0.039115|0.459805|0.809057|0.833965|0.000000|117.000000|0.508847|0.310926|57.000000|0.347090|0.857143|-0.308513|14.000000|0.000000|1.724989|0.246372|0.246372|1.000000|0.317755|20150825.000000|20150825.000000|20161230.000000|20150609.000000|20160203.000000|20260828.000000
SB_SIG|2012-05-01|0.349849|0.713647|0.803564|0.490227|1.659415|7.347203|6.000000|0.658870|0.931873|1.169435|1.484069|0.805060|0.414604|0.444721|0.969978|0.925556|0.037037|0.471517|0.287643|0.049434|0.444721|1.063132|0.953404|0.000000|111.000000|0.576278|0.375349|51.000000|0.437287|0.692308|-0.297582|13.000000|0.000000|1.703735|0.236970|0.236970|1.000000|0.351070|20150825.000000|20150825.000000|20170531.000000|20150609.000000|20160616.000000|20260828.000000
SB_SIG|2012-11-01|0.464070|0.690853|0.962430|0.671735|1.685993|8.119672|6.000000|0.671082|0.888289|1.059944|1.500296|0.858845|0.469784|0.450280|1.070787|0.974481|0.015504|0.478450|0.421830|0.245729|0.450280|1.059244|0.975642|0.000000|105.000000|0.651672|0.451296|45.000000|0.429056|0.769231|-0.242722|13.000000|0.000000|1.716071|0.242456|0.242456|1.000000|0.466272|20150825.000000|20150825.000000|20200630.000000|20150609.000000|20160201.000000|20260828.000000
SB_SIG|2013-05-01|0.478233|0.634580|0.995473|0.753621|1.662216|7.439691|7.000000|0.643929|0.792309|0.955820|1.459952|0.743906|0.549675|0.497844|1.175866|1.090755|0.000000|0.578537|0.495089|0.240522|0.571390|1.034500|1.088321|0.000000|99.000000|0.666162|0.533614|39.000000|0.384021|0.833333|-0.109005|12.000000|0.000000|2.066562|0.370936|0.370936|1.000000|0.479777|20211116.000000|20211116.000000|20200529.000000|20150609.000000|20160201.000000|20260828.000000
SB_SIG|2013-11-01|0.444852|0.652562|0.955527|0.681701|1.669032|7.305687|7.000000|0.629671|0.788161|0.961211|1.429313|0.683974|0.482730|0.434963|1.099200|0.999875|0.000000|0.474759|0.426178|0.240839|0.446901|1.043390|0.993442|0.000000|93.000000|0.610239|0.450533|33.000000|0.298154|0.833333|-0.195737|12.000000|0.000000|1.889037|0.311819|0.311819|1.000000|0.446115|20200323.000000|20200323.000000|20181228.000000|20150612.000000|20160201.000000|20260828.000000
SB_SIG|2014-05-01|0.459613|0.724571|0.961870|0.634325|1.668957|7.431789|7.000000|0.663820|1.007494|1.218709|1.445339|0.802201|0.477430|0.452206|1.089146|1.032276|0.000000|0.513902|0.408581|0.138013|0.457716|1.125036|1.019249|0.000000|87.000000|0.596442|0.441194|27.000000|0.388453|0.727273|-0.369884|11.000000|0.000000|1.753139|0.258473|0.258473|1.000000|0.460686|20150825.000000|20150825.000000|20200430.000000|20150609.000000|20160203.000000|20260828.000000
SB_SIG|2014-11-01|0.468327|0.808490|0.967004|0.579262|1.633465|8.208052|7.000000|0.638154|0.737412|1.103202|1.433046|0.748174|0.583387|0.458994|1.184491|1.107903|0.000000|0.598670|0.511665|0.073338|0.574183|1.100493|1.140201|0.000000|81.000000|0.650759|0.511440|21.000000|0.409861|0.727273|-0.449017|11.000000|0.000000|1.685775|0.228841|0.228841|1.000000|0.469748|20150825.000000|20150825.000000|20200430.000000|20150609.000000|20160513.000000|20260828.000000
SB_SIG|2015-05-01|0.474644|0.604594|1.023047|0.785063|1.592046|7.256118|7.000000|0.634914|0.732614|0.935006|1.447644|0.740492|0.570643|0.463501|1.221170|1.158298|0.000000|0.592945|0.534302|0.210265|0.570021|1.116995|1.139112|0.000000|75.000000|0.644252|0.547235|15.000000|0.404605|0.800000|-0.109581|10.000000|0.000000|2.046948|0.364908|0.364908|1.000000|0.476030|20150629.000000|20150629.000000|20200529.000000|20150609.000000|20160513.000000|20260828.000000
SB_SIG|2015-11-01|0.544035|0.574254|1.116536|0.947377|1.648082|7.339394|7.000000|0.637348|0.736561|1.003680|1.454220|0.746960|0.595013|0.448296|1.260561|1.162118|0.000000|0.610904|0.559353|0.443091|0.574254|1.143880|1.146792|0.000000|69.000000|0.648871|0.653617|9.000000|0.427857|0.800000|-0.125560|10.000000|0.000000|2.050729|0.366079|0.366079|1.000000|0.545838|20200319.000000|20200319.000000|20241231.000000|20200114.000000|20200323.000000|20260828.000000
SB_SIG|2016-05-01|0.603390|0.556484|1.219884|1.084291|1.666819|6.191766|6.000000|0.626200|0.737219|0.960005|1.466184|0.707453|0.563728|0.443751|1.202632|1.120043|0.000000|0.571796|0.533213|0.428812|0.556484|1.088252|1.126552|0.000000|63.000000|0.598092|0.600876|3.000000|0.467998|0.888889|-0.148992|9.000000|0.000000|1.935868|0.328467|0.328467|1.000000|0.605752|20200323.000000|20200323.000000|20241231.000000|20200114.000000|20200323.000000|20260828.000000
SB_BOTH|2009-11-01|0.314820|0.695773|0.754003|0.452476|1.620848|6.421572|6.000000|0.660049|1.005203|1.246155|1.427180|0.805411|0.341743|0.437881|0.817637|0.805498|0.078788|0.350936|0.199132|-0.045344|0.473109|0.742224|0.784165|0.042553|141.000000|0.456795|0.325326|81.000000|0.354512|0.750000|-0.277082|16.000000|0.000000|1.803327|0.279110|0.279110|0.984589|0.316118|20150824.000000|20150824.000000|20160229.000000|20150612.000000|20160616.000000|20260828.000000
SB_BOTH|2010-05-01|0.302430|0.692036|0.737776|0.437016|1.649508|6.850439|6.000000|0.665425|0.992292|1.246423|1.462791|0.853889|0.320220|0.444869|0.722590|0.769146|0.075472|0.321366|0.211883|-0.045641|0.505509|0.667007|0.754852|0.044444|135.000000|0.369579|0.294837|75.000000|0.379140|0.666667|-0.276843|15.000000|0.000000|1.793322|0.275088|0.275088|1.000000|0.303775|20150824.000000|20150824.000000|20160229.000000|20150612.000000|20160616.000000|20260828.000000
SB_BOTH|2010-11-01|0.290319|0.727085|0.713880|0.399292|1.614501|6.537978|6.000000|0.662527|0.986275|1.228475|1.424918|0.842423|0.350126|0.461075|0.790168|0.815481|0.104575|0.372888|0.209271|-0.056279|0.499516|0.754402|0.823483|0.069767|129.000000|0.440898|0.326544|69.000000|0.330900|0.800000|-0.301227|15.000000|0.000000|1.916284|0.321604|0.321604|1.000000|0.291395|20150824.000000|20150824.000000|20160229.000000|20150609.000000|20160616.000000|20260828.000000
SB_BOTH|2011-05-01|0.306816|0.706770|0.741079|0.434111|1.594667|6.489353|6.000000|0.664010|0.938608|1.143185|1.433878|0.825216|0.349400|0.442045|0.848103|0.830934|0.040816|0.377840|0.238256|-0.040691|0.473280|0.854754|0.825366|0.024390|123.000000|0.443066|0.328624|63.000000|0.339634|0.785714|-0.314819|14.000000|0.000000|1.823988|0.287276|0.287276|1.000000|0.307974|20150825.000000|20150825.000000|20160531.000000|20150609.000000|20160616.000000|20260828.000000
SB_BOTH|2011-11-01|0.311729|0.731983|0.756057|0.425869|1.642983|6.623300|7.000000|0.695401|0.962986|1.217810|1.457695|0.832254|0.321484|0.421581|0.766416|0.778584|0.028369|0.333478|0.256349|0.028346|0.463611|0.750808|0.785915|0.000000|117.000000|0.511932|0.298972|57.000000|0.311699|0.714286|-0.347492|14.000000|0.000000|1.833020|0.290788|0.290788|1.000000|0.313087|20150825.000000|20150825.000000|20161230.000000|20150609.000000|20160203.000000|20260828.000000
SB_BOTH|2012-05-01|0.443522|0.696302|0.936801|0.636969|1.663940|7.395094|6.000000|0.653429|0.887582|1.115604|1.482463|0.770426|0.469191|0.495593|1.042803|0.993981|0.014815|0.510868|0.417777|0.143226|0.495593|1.033373|1.012767|0.000000|111.000000|0.676027|0.459363|51.000000|0.465920|0.769231|-0.154459|13.000000|0.000000|1.686657|0.229244|0.229244|1.000000|0.445119|20150929.000000|20150929.000000|20170531.000000|20150609.000000|20160201.000000|20260828.000000
SB_BOTH|2012-11-01|0.463865|0.689124|0.961386|0.673123|1.695379|6.859667|6.000000|0.637301|0.877550|1.091374|1.478910|0.681060|0.525959|0.542830|1.077507|1.064559|0.015504|0.566010|0.398516|0.152549|0.542830|1.044941|1.060599|0.000000|105.000000|0.638406|0.472490|45.000000|0.439128|0.769231|-0.156592|13.000000|0.000000|1.729113|0.248170|0.248170|1.000000|0.466066|20150825.000000|20150825.000000|20200430.000000|20150609.000000|20160201.000000|20260828.000000
SB_BOTH|2013-05-01|0.393387|0.677904|0.884675|0.580299|1.662645|5.952291|7.000000|0.632032|0.846637|1.042853|1.461745|0.714903|0.422461|0.437355|0.972820|0.927421|0.016260|0.452171|0.351804|0.151865|0.446330|1.015330|0.949313|0.000000|99.000000|0.565498|0.404916|39.000000|0.426823|0.750000|-0.175758|12.000000|0.000000|1.797622|0.276822|0.276822|1.000000|0.394622|20150825.000000|20150825.000000|20200529.000000|20150609.000000|20160616.000000|20260828.000000
SB_BOTH|2013-11-01|0.444317|0.648494|0.961213|0.685153|1.665572|7.434284|7.000000|0.632630|0.785136|0.943861|1.445332|0.721474|0.448049|0.432875|1.003204|0.986805|0.000000|0.462708|0.402738|0.225981|0.432875|0.984246|0.990717|0.000000|93.000000|0.612804|0.450410|33.000000|0.342887|0.833333|-0.218045|12.000000|0.000000|1.987479|0.345905|0.345905|1.000000|0.445579|20200323.000000|20200323.000000|20181228.000000|20150612.000000|20160201.000000|20260828.000000
SB_BOTH|2014-05-01|0.460028|0.747492|0.965467|0.615429|1.669980|7.380331|6.000000|0.656866|1.063330|1.327542|1.489057|0.788526|0.468041|0.437043|1.072415|0.974460|0.027027|0.494797|0.404965|0.112204|0.439601|1.125561|1.003485|0.000000|87.000000|0.595902|0.416016|27.000000|0.464249|0.727273|-0.336172|11.000000|0.000000|1.879052|0.308162|0.308162|1.000000|0.461102|20200323.000000|20200323.000000|20200430.000000|20150609.000000|20160616.000000|20260828.000000
SB_BOTH|2014-11-01|0.480214|0.819252|0.983356|0.586162|1.627988|7.172248|7.000000|0.629283|0.744757|0.997798|1.442445|0.717391|0.546929|0.441616|1.161283|1.090497|0.028571|0.572273|0.495675|0.027114|0.559437|1.032939|1.095241|0.000000|81.000000|0.660468|0.490339|21.000000|0.376474|0.727273|-0.428881|11.000000|0.000000|1.797469|0.276761|0.276761|1.000000|0.481677|20200323.000000|20200323.000000|20200430.000000|20150609.000000|20160613.000000|20260828.000000
SB_BOTH|2015-05-01|0.484285|0.622617|1.043561|0.777822|1.591546|6.261155|7.000000|0.634865|0.741315|0.949344|1.455014|0.733308|0.606446|0.440939|1.268510|1.165679|0.000000|0.622292|0.553676|0.189397|0.572964|1.113307|1.160544|0.000000|75.000000|0.671664|0.557805|15.000000|0.490641|0.800000|-0.147809|10.000000|0.000000|2.052023|0.366479|0.366479|1.000000|0.485703|20200319.000000|20200319.000000|20200529.000000|20150609.000000|20160518.000000|20260828.000000
SB_BOTH|2015-11-01|0.552807|0.574731|1.142382|0.961853|1.646739|6.116810|7.000000|0.646383|0.745103|0.944100|1.458359|0.791033|0.630897|0.438552|1.267880|1.172484|0.000000|0.625096|0.553425|0.455227|0.574731|1.130612|1.181532|0.000000|69.000000|0.666764|0.665098|9.000000|0.514206|0.800000|-0.155797|10.000000|0.000000|2.052537|0.366638|0.366638|1.000000|0.554645|20200319.000000|20200319.000000|20230131.000000|20200114.000000|20200323.000000|20260828.000000
SB_BOTH|2016-05-01|0.631801|0.549885|1.252021|1.148968|1.669838|6.977150|6.000000|0.624497|0.740490|0.967177|1.467324|0.695895|0.616023|0.440651|1.271558|1.164584|0.000000|0.621857|0.564407|0.459122|0.549885|1.165629|1.173188|0.000000|63.000000|0.625693|0.629704|3.000000|0.470250|0.888889|-0.150877|9.000000|0.000000|1.974873|0.341730|0.341730|1.000000|0.634294|20200323.000000|20200323.000000|20230131.000000|20200114.000000|20200323.000000|20260828.000000
T1_GAIN|2009-11-01|0.350145|0.667722|0.819423|0.524388|1.616217|6.644665|6.000000|0.662881|0.967752|1.236027|1.462945|0.820055|0.395225|0.431695|0.884753|0.903617|0.072727|0.430007|0.317506|-0.031842|0.469440|0.798127|0.921095|0.021277|141.000000|0.593839|0.401613|81.000000|0.318282|0.812500|-0.277082|16.000000|0.000000|1.653648|0.213859|0.213859|0.984589|0.351607|20150825.000000|20150825.000000|20160229.000000|20150612.000000|20150825.000000|20260828.000000
T1_GAIN|2010-05-01|0.367741|0.687304|0.838741|0.535048|1.652384|7.903893|6.000000|0.663303|0.986460|1.237033|1.454069|0.804504|0.380183|0.406084|0.945066|0.897885|0.069182|0.413268|0.215449|-0.043723|0.432023|0.964729|0.886617|0.044444|135.000000|0.500150|0.351339|75.000000|0.364325|0.733333|-0.276843|15.000000|0.000000|1.770773|0.265857|0.265857|1.000000|0.369415|20150825.000000|20150825.000000|20160229.000000|20150612.000000|20160616.000000|20260828.000000
T1_GAIN|2010-11-01|0.299856|0.708965|0.731167|0.422950|1.613898|6.757683|6.000000|0.663329|0.933948|1.151159|1.479602|0.802832|0.365766|0.435534|0.851340|0.858486|0.091503|0.408769|0.209263|-0.069488|0.435534|0.938546|0.872676|0.077519|129.000000|0.487078|0.341929|69.000000|0.287463|0.733333|-0.335236|15.000000|0.000000|1.611767|0.193432|0.193432|1.000000|0.300971|20150825.000000|20150825.000000|20160630.000000|20150609.000000|20160616.000000|20260828.000000
T1_GAIN|2011-05-01|0.356962|0.685806|0.823655|0.520499|1.591047|6.722948|7.000000|0.655162|0.908882|1.062202|1.457045|0.821041|0.410635|0.424277|1.019495|0.941533|0.040816|0.443622|0.242872|-0.039404|0.432674|1.025304|0.936556|0.024390|123.000000|0.502812|0.366958|63.000000|0.392482|0.785714|-0.276474|14.000000|0.000000|1.806260|0.280281|0.280281|1.000000|0.358333|20150825.000000|20150825.000000|20160630.000000|20150612.000000|20160616.000000|20260828.000000
T1_GAIN|2011-11-01|0.319724|0.721243|0.767043|0.443296|1.639890|6.804178|6.000000|0.654068|0.969064|1.202997|1.450164|0.800732|0.343933|0.432413|0.831357|0.844450|0.049645|0.346439|0.233403|0.022151|0.464258|0.775662|0.818321|0.000000|117.000000|0.525398|0.304398|57.000000|0.340495|0.714286|-0.339640|14.000000|0.000000|1.684235|0.228136|0.228136|1.000000|0.321122|20150825.000000|20150825.000000|20161230.000000|20150609.000000|20160616.000000|20260828.000000
T1_GAIN|2012-05-01|0.358551|0.713252|0.816314|0.502699|1.663635|7.285409|6.000000|0.659065|0.930894|1.167771|1.482137|0.790564|0.406624|0.439301|1.022172|0.933907|0.029630|0.458491|0.279660|0.067207|0.439301|1.044617|0.951365|0.000000|111.000000|0.575600|0.372081|51.000000|0.470917|0.692308|-0.299581|13.000000|0.000000|1.686609|0.229223|0.229223|1.000000|0.359806|20150825.000000|20150825.000000|20170531.000000|20150609.000000|20160616.000000|20260828.000000
T1_GAIN|2012-11-01|0.438100|0.699745|0.939992|0.626085|1.680609|7.109516|6.000000|0.653530|0.905260|1.090333|1.474594|0.776653|0.466490|0.432455|0.990421|0.966637|0.015504|0.467267|0.409498|0.254120|0.484472|0.978624|0.975696|0.000000|105.000000|0.604137|0.447332|45.000000|0.477405|0.769231|-0.174419|13.000000|0.000000|1.679249|0.225845|0.225845|1.000000|0.440161|20150825.000000|20150825.000000|20200630.000000|20150609.000000|20160201.000000|20260828.000000
T1_GAIN|2013-05-01|0.440256|0.658438|0.927974|0.668637|1.683504|7.744222|6.000000|0.636060|0.844683|1.028584|1.464988|0.762419|0.526098|0.499807|1.080104|1.110425|0.016260|0.591049|0.425838|0.157184|0.570454|1.042096|1.091711|0.000000|99.000000|0.627754|0.484682|39.000000|0.367656|0.833333|-0.166594|12.000000|0.000000|1.659458|0.216612|0.216612|1.000000|0.441660|20150825.000000|20150825.000000|20200430.000000|20150612.000000|20150825.000000|20260828.000000
T1_GAIN|2013-11-01|0.412963|0.672486|0.904450|0.614084|1.673362|7.545884|7.000000|0.636843|0.841274|1.046907|1.477251|0.763782|0.406820|0.420750|0.954986|0.913546|0.008547|0.421550|0.345024|0.112951|0.429114|0.982695|0.926080|0.000000|93.000000|0.573063|0.383782|33.000000|0.349651|0.750000|-0.228587|12.000000|0.000000|1.895775|0.314265|0.314265|1.000000|0.414123|20150825.000000|20150825.000000|20181228.000000|20150612.000000|20160616.000000|20260828.000000
T1_GAIN|2014-05-01|0.461394|0.741257|0.964952|0.622447|1.670971|7.572593|7.000000|0.669562|1.054497|1.274801|1.480982|0.849900|0.455098|0.450298|1.007926|1.002463|0.009009|0.477521|0.392417|0.118711|0.453960|1.051902|0.974048|0.000000|87.000000|0.593662|0.412250|27.000000|0.376439|0.818182|-0.353415|11.000000|0.000000|1.855464|0.299366|0.299366|1.000000|0.462471|20200323.000000|20200323.000000|20200430.000000|20150609.000000|20160203.000000|20260828.000000
T1_GAIN|2014-11-01|0.448277|0.822992|0.944132|0.544692|1.630195|7.084635|6.000000|0.622518|0.730597|1.008511|1.459782|0.663043|0.573269|0.442733|1.247486|1.132941|0.038095|0.591881|0.521417|0.021576|0.554891|1.109366|1.146133|0.000000|81.000000|0.622550|0.482707|21.000000|0.434763|0.727273|-0.437654|11.000000|0.000000|1.808747|0.281270|0.281270|1.000000|0.449628|20150824.000000|20150824.000000|20200430.000000|20150609.000000|20160613.000000|20260828.000000
T1_GAIN|2015-05-01|0.482366|0.629952|1.034618|0.765719|1.597065|7.170572|7.000000|0.636817|0.748830|0.998591|1.467961|0.709810|0.610892|0.441787|1.303910|1.194686|0.000000|0.642926|0.573958|0.172885|0.571076|1.157115|1.184300|0.000000|75.000000|0.668325|0.560084|15.000000|0.463388|0.800000|-0.152982|10.000000|0.000000|2.052668|0.366678|0.366678|1.000000|0.483777|20200319.000000|20200319.000000|20200529.000000|20150609.000000|20160518.000000|20260828.000000
T1_GAIN|2015-11-01|0.584108|0.572449|1.165787|1.020366|1.652652|8.244997|7.000000|0.650625|0.756766|0.983905|1.477908|0.829027|0.602696|0.440179|1.329622|1.187976|0.000000|0.629783|0.549277|0.450375|0.572449|1.123844|1.166147|0.000000|69.000000|0.691957|0.702549|9.000000|0.519516|0.800000|-0.156067|10.000000|0.000000|2.051074|0.366186|0.366186|1.000000|0.586067|20200319.000000|20200319.000000|20201130.000000|20200114.000000|20200323.000000|20260828.000000
T1_GAIN|2016-05-01|0.634676|0.556965|1.254510|1.139526|1.672160|6.869302|6.000000|0.626063|0.735647|0.932815|1.477842|0.694301|0.605294|0.441838|1.298376|1.193619|0.000000|0.626210|0.575974|0.472637|0.556965|1.165286|1.177888|0.000000|63.000000|0.625499|0.630240|3.000000|0.470773|0.888889|-0.146569|9.000000|0.000000|1.845089|0.295427|0.295427|1.000000|0.637183|20200323.000000|20200323.000000|20230131.000000|20200114.000000|20200323.000000|20260828.000000
T1_SWAP|2009-11-01|0.344309|0.691914|0.804583|0.497618|1.620021|6.800016|6.000000|0.665687|0.989942|1.234739|1.426949|0.817076|0.355687|0.440166|0.829746|0.837904|0.048485|0.354256|0.225796|-0.022777|0.445179|0.795361|0.792700|0.021277|141.000000|0.460684|0.343692|81.000000|0.343933|0.750000|-0.276124|16.000000|0.000000|1.799386|0.277531|0.277531|0.984589|0.345744|20150824.000000|20150824.000000|20160229.000000|20150612.000000|20160616.000000|20260828.000000
T1_SWAP|2010-05-01|0.350242|0.698993|0.814789|0.501067|1.648619|6.999492|6.000000|0.651858|1.011202|1.234485|1.435091|0.742579|0.367880|0.418081|0.872442|0.851861|0.056604|0.356230|0.231141|-0.028521|0.456974|0.779540|0.814660|0.022222|135.000000|0.429865|0.337607|75.000000|0.381285|0.733333|-0.276125|15.000000|0.000000|1.838682|0.292972|0.292972|1.000000|0.351827|20150824.000000|20150824.000000|20160229.000000|20150612.000000|20160616.000000|20260828.000000
T1_SWAP|2010-11-01|0.312517|0.717846|0.751117|0.435355|1.611786|6.629217|6.000000|0.668566|0.952750|1.187377|1.416523|0.833246|0.348946|0.444291|0.824183|0.832022|0.091503|0.371902|0.207568|-0.059955|0.449352|0.836324|0.817942|0.069767|129.000000|0.435840|0.322160|69.000000|0.313250|0.800000|-0.310926|15.000000|0.000000|1.858230|0.300410|0.300410|1.000000|0.313685|20150824.000000|20150824.000000|20160630.000000|20150609.000000|20160616.000000|20260828.000000
T1_SWAP|2011-05-01|0.345716|0.696911|0.804804|0.496069|1.593549|6.765444|6.000000|0.659367|0.911531|1.106172|1.412323|0.795992|0.378809|0.426946|0.902004|0.888484|0.040816|0.402443|0.239290|-0.040823|0.434903|0.961150|0.889664|0.024390|123.000000|0.471777|0.342868|63.000000|0.360307|0.785714|-0.306429|14.000000|0.000000|1.772271|0.266478|0.266478|1.000000|0.347038|20150825.000000|20150825.000000|20160531.000000|20150609.000000|20160616.000000|20260828.000000
T1_SWAP|2011-11-01|0.352864|0.736228|0.816129|0.479286|1.639218|7.271243|6.000000|0.679451|0.961793|1.237581|1.432249|0.839009|0.390469|0.416994|0.952857|0.881615|0.028369|0.412530|0.266566|0.032287|0.485633|0.915367|0.890451|0.000000|117.000000|0.579796|0.345707|57.000000|0.372953|0.857143|-0.348018|14.000000|0.000000|1.839801|0.293402|0.293402|1.000000|0.354424|20150825.000000|20150825.000000|20161230.000000|20150609.000000|20160203.000000|20260828.000000
T1_SWAP|2012-05-01|0.367314|0.726322|0.825193|0.505717|1.663072|6.908392|6.000000|0.665324|0.990296|1.224812|1.451909|0.802071|0.401868|0.430083|0.897810|0.877852|0.044444|0.412537|0.268312|0.077710|0.463184|0.917738|0.886834|0.000000|111.000000|0.584836|0.353703|51.000000|0.461279|0.769231|-0.291188|13.000000|0.000000|1.865974|0.303313|0.303313|1.000000|0.368603|20150824.000000|20150824.000000|20170531.000000|20150609.000000|20160616.000000|20260828.000000
T1_SWAP|2012-11-01|0.445526|0.714546|0.937990|0.623509|1.686060|8.218501|6.000000|0.659597|0.938457|1.173493|1.445677|0.843657|0.470770|0.434145|1.109814|1.014088|0.023256|0.512418|0.310791|0.163277|0.434145|1.185266|1.030772|0.000000|105.000000|0.630396|0.414459|45.000000|0.428666|0.692308|-0.258451|13.000000|0.000000|1.792895|0.274916|0.274916|1.000000|0.447627|20150825.000000|20150825.000000|20181228.000000|20150609.000000|20160616.000000|20260828.000000
T1_SWAP|2013-05-01|0.462709|0.646941|0.992090|0.715226|1.655075|7.439247|7.000000|0.643020|0.777133|0.959065|1.413055|0.765813|0.501705|0.427600|1.129010|1.024178|0.008130|0.499909|0.431925|0.312292|0.467531|1.056503|1.045238|0.000000|99.000000|0.652479|0.484614|39.000000|0.428292|0.833333|-0.128724|12.000000|0.000000|1.964225|0.338161|0.338161|1.000000|0.464196|20150929.000000|20150929.000000|20181228.000000|20150612.000000|20160201.000000|20260828.000000
T1_SWAP|2013-11-01|0.520516|0.649273|1.046664|0.801691|1.666336|6.026635|7.000000|0.637498|0.782021|0.958669|1.449235|0.734936|0.540655|0.448719|1.248862|1.088397|0.000000|0.554218|0.466996|0.223102|0.453193|1.222920|1.070598|0.000000|93.000000|0.722393|0.510127|33.000000|0.384763|0.833333|-0.202383|12.000000|0.000000|1.882011|0.309250|0.309250|1.000000|0.522030|20200323.000000|20200323.000000|20181228.000000|20150612.000000|20160128.000000|20260828.000000
T1_SWAP|2014-05-01|0.496402|0.714363|1.013546|0.694888|1.668510|6.969274|7.000000|0.668242|0.931084|1.155071|1.469822|0.849566|0.486313|0.437684|1.122393|1.019245|0.000000|0.497658|0.424318|0.166083|0.448190|1.110374|1.024628|0.000000|87.000000|0.638344|0.451474|27.000000|0.422950|0.727273|-0.316797|11.000000|0.000000|1.871373|0.305323|0.305323|1.000000|0.497574|20200323.000000|20200323.000000|20200430.000000|20150609.000000|20160201.000000|20260828.000000
T1_SWAP|2014-11-01|0.491619|0.814221|1.003918|0.603791|1.628033|7.991140|7.000000|0.634636|0.713246|0.997330|1.399914|0.772870|0.513850|0.443021|1.098166|1.048787|0.000000|0.520092|0.456434|0.132778|0.486117|1.120966|1.070781|0.000000|81.000000|0.682336|0.508198|21.000000|0.424460|0.727273|-0.439815|11.000000|0.000000|1.839749|0.293382|0.293382|1.000000|0.493122|20150824.000000|20150824.000000|20200430.000000|20150609.000000|20160513.000000|20260828.000000
T1_SWAP|2015-05-01|0.419570|0.657360|0.955105|0.638266|1.588698|7.029890|7.000000|0.628240|0.728443|0.843528|1.429161|0.739278|0.452363|0.429740|1.039524|0.989028|0.000000|0.466066|0.409311|0.140898|0.446664|1.048768|1.000338|0.000000|75.000000|0.590551|0.450683|15.000000|0.496546|0.800000|-0.236485|10.000000|0.000000|2.043261|0.363762|0.363762|1.000000|0.420773|20200323.000000|20200323.000000|20200529.000000|20150609.000000|20160613.000000|20260828.000000
T1_SWAP|2015-11-01|0.585645|0.560879|1.170610|1.044154|1.646994|8.358025|6.000000|0.631650|0.713276|0.969696|1.446465|0.749620|0.600000|0.455485|1.175826|1.100756|0.000000|0.595114|0.504018|0.408695|0.560879|1.069687|1.119593|0.000000|69.000000|0.696961|0.706668|9.000000|0.538244|0.800000|-0.139477|10.000000|0.000000|1.878463|0.307945|0.307945|1.000000|0.587611|20200323.000000|20200323.000000|20230131.000000|20200114.000000|20200323.000000|20260828.000000
T1_SWAP|2016-05-01|0.621730|0.446338|1.241323|1.392960|1.669461|6.722636|7.000000|0.632578|0.730554|0.856012|1.420542|0.762057|0.548056|0.431902|1.253966|1.075814|0.000000|0.529754|0.480655|0.375752|0.446338|1.195322|1.064669|0.000000|63.000000|0.615859|0.617054|3.000000|0.562761|0.888889|-0.165411|9.000000|0.000000|2.027440|0.358797|0.358797|1.000000|0.624177|20211116.000000|20211116.000000|20230131.000000|20200102.000000|20200323.000000|20260828.000000
T1_BUY|2009-11-01|0.311809|0.693512|0.755159|0.449608|1.618790|6.392038|6.000000|0.628766|0.945069|1.167072|1.405060|0.682213|0.350084|0.434364|0.869903|0.832599|0.066667|0.370510|0.211305|-0.034000|0.434364|0.833651|0.803829|0.042553|141.000000|0.477279|0.345797|81.000000|0.334298|0.750000|-0.273934|16.000000|0.000000|1.855662|0.299441|0.299441|0.984589|0.313093|20150825.000000|20150825.000000|20160229.000000|20150612.000000|20160616.000000|20260828.000000
T1_BUY|2010-05-01|0.386530|0.670482|0.869061|0.576496|1.647519|6.222474|6.000000|0.647074|0.910796|1.166683|1.430688|0.684574|0.436459|0.510428|0.867708|0.938739|0.056604|0.466054|0.336885|-0.016698|0.510428|0.899019|0.951283|0.022222|135.000000|0.599398|0.430546|75.000000|0.382932|0.800000|-0.273839|15.000000|0.000000|1.796480|0.276363|0.276363|1.000000|0.388301|20200323.000000|20200323.000000|20160331.000000|20150609.000000|20160201.000000|20260828.000000
T1_BUY|2010-11-01|0.292946|0.716468|0.722468|0.408875|1.611555|6.423653|6.000000|0.636397|0.899658|1.105527|1.372161|0.692086|0.362928|0.440491|0.834180|0.862475|0.084967|0.395583|0.221492|-0.051602|0.470334|0.864435|0.863681|0.069767|129.000000|0.469140|0.343759|69.000000|0.342325|0.800000|-0.294187|15.000000|0.000000|1.888561|0.311645|0.311645|1.000000|0.294032|20150825.000000|20150825.000000|20160630.000000|20150609.000000|20160616.000000|20260828.000000
T1_BUY|2011-05-01|0.302809|0.734994|0.739503|0.411988|1.587276|6.452577|6.000000|0.628134|0.930674|1.162196|1.402993|0.687709|0.376126|0.421504|0.883913|0.856022|0.054422|0.392377|0.237287|-0.037703|0.451572|0.914514|0.868785|0.024390|123.000000|0.449816|0.335469|63.000000|0.383538|0.785714|-0.268372|14.000000|0.000000|1.945215|0.331694|0.331694|1.000000|0.303949|20200323.000000|20200323.000000|20160531.000000|20150609.000000|20160203.000000|20260828.000000
T1_BUY|2011-11-01|0.305707|0.725810|0.749984|0.421194|1.639163|5.774119|6.000000|0.632676|0.922286|1.138995|1.423852|0.706048|0.350767|0.446984|0.841349|0.869737|0.035461|0.349761|0.264364|0.046702|0.457064|0.783014|0.834538|0.000000|117.000000|0.487181|0.316476|57.000000|0.379236|0.785714|-0.274953|14.000000|0.000000|1.896005|0.314348|0.314348|1.000000|0.307036|20150826.000000|20150826.000000|20161230.000000|20150609.000000|20160616.000000|20260828.000000
T1_BUY|2012-05-01|0.319384|0.725733|0.771497|0.440085|1.662196|5.491343|6.000000|0.628911|0.909200|1.141712|1.427107|0.688614|0.374587|0.435212|0.903301|0.890864|0.022222|0.387462|0.301153|0.094417|0.443072|0.890285|0.887568|0.000000|111.000000|0.495043|0.354786|51.000000|0.355463|0.769231|-0.215211|13.000000|0.000000|1.826043|0.288078|0.288078|1.000000|0.320486|20150826.000000|20150826.000000|20170531.000000|20150609.000000|20160616.000000|20260828.000000
T1_BUY|2012-11-01|0.410545|0.700090|0.897927|0.586418|1.683621|6.461331|7.000000|0.620811|0.859641|1.066516|1.410328|0.685527|0.486833|0.428976|1.135692|1.055081|0.023256|0.536967|0.303201|0.158485|0.434399|1.236676|1.055881|0.000000|105.000000|0.581777|0.424566|45.000000|0.411804|0.692308|-0.270715|13.000000|0.000000|1.836738|0.292223|0.292223|1.000000|0.412460|20150825.000000|20150825.000000|20181228.000000|20150609.000000|20160616.000000|20260828.000000
T1_BUY|2013-05-01|0.374347|0.692904|0.855363|0.540258|1.673411|6.393879|7.000000|0.641769|0.831662|1.007983|1.416950|0.722308|0.459124|0.443006|0.967470|0.986774|0.016260|0.481983|0.377092|0.179192|0.491015|1.036292|1.010199|0.000000|99.000000|0.536043|0.425923|39.000000|0.325343|0.833333|-0.196385|12.000000|0.000000|1.914978|0.321141|0.321141|1.000000|0.375515|20200323.000000|20200323.000000|20200430.000000|20150609.000000|20160201.000000|20260828.000000
T1_BUY|2013-11-01|0.359821|0.658702|0.838382|0.546258|1.671239|5.815252|7.000000|0.613704|0.802780|1.002283|1.425402|0.635256|0.418773|0.412447|0.964681|0.925441|0.008547|0.433514|0.355880|0.135923|0.427211|0.927939|0.953192|0.000000|93.000000|0.488814|0.384152|33.000000|0.283021|0.750000|-0.176846|12.000000|0.000000|2.037391|0.361929|0.361929|1.000000|0.360814|20150825.000000|20150825.000000|20181228.000000|20150612.000000|20160616.000000|20260828.000000
T1_BUY|2014-05-01|0.415232|0.738984|0.911613|0.561896|1.665018|5.480208|7.000000|0.620360|0.973553|1.237673|1.360806|0.642095|0.494858|0.422816|1.148419|1.047718|0.009009|0.520903|0.433314|0.101910|0.448774|1.180020|1.066751|0.000000|87.000000|0.543228|0.424415|27.000000|0.437782|0.727273|-0.339731|11.000000|0.000000|1.884734|0.310247|0.310247|1.000000|0.416187|20200323.000000|20200323.000000|20200430.000000|20150609.000000|20160616.000000|20260828.000000
T1_BUY|2014-11-01|0.436728|0.766344|0.950902|0.569885|1.640508|5.896927|8.000000|0.606385|0.714213|0.920168|1.349177|0.565565|0.495632|0.410662|1.114337|1.052442|0.000000|0.528299|0.450047|0.058482|0.554830|0.959445|1.065106|0.000000|81.000000|0.568534|0.454624|21.000000|0.421804|0.727273|-0.343705|11.000000|0.000000|1.891953|0.312879|0.312879|1.000000|0.438039|20200323.000000|20200323.000000|20200430.000000|20150609.000000|20160520.000000|20260828.000000
T1_BUY|2015-05-01|0.383020|0.644841|0.907871|0.593976|1.585862|6.152833|7.000000|0.607354|0.702634|0.811070|1.406465|0.562406|0.500200|0.429539|1.116578|1.062690|0.000000|0.511678|0.455110|0.180196|0.473587|1.116413|1.072760|0.000000|75.000000|0.542993|0.467974|15.000000|0.402970|0.800000|-0.185127|10.000000|0.000000|1.861357|0.301585|0.301585|1.000000|0.384105|20200323.000000|20200323.000000|20200529.000000|20150609.000000|20160513.000000|20260828.000000
T1_BUY|2015-11-01|0.521761|0.549047|1.108487|0.950303|1.647694|6.221908|7.000000|0.604128|0.695410|0.843654|1.367913|0.539134|0.568317|0.440808|1.276063|1.160929|0.000000|0.598983|0.538175|0.440380|0.549047|1.167382|1.152907|0.000000|69.000000|0.631355|0.633633|9.000000|0.436071|0.800000|-0.140116|10.000000|0.000000|1.812866|0.282903|0.282903|1.000000|0.523479|20200323.000000|20200323.000000|20241231.000000|20200114.000000|20200323.000000|20260828.000000
T1_BUY|2016-05-01|0.580410|0.481650|1.212992|1.205045|1.668291|6.391818|8.000000|0.608568|0.701602|0.834702|1.423734|0.584695|0.529147|0.435571|1.155615|1.071397|0.000000|0.533237|0.494454|0.403294|0.481650|1.170301|1.109622|0.000000|63.000000|0.572236|0.576900|3.000000|0.460740|0.888889|-0.149289|9.000000|0.000000|1.921576|0.323472|0.323472|1.000000|0.582667|20200323.000000|20200323.000000|20230131.000000|20200114.000000|20200323.000000|20260828.000000
T1_SELL|2009-11-01|0.342579|0.689625|0.800122|0.496762|1.622990|6.921873|6.000000|0.661155|0.980895|1.230189|1.446517|0.839414|0.359642|0.440166|0.850457|0.843418|0.066667|0.357904|0.194954|-0.042658|0.449492|0.796242|0.829832|0.042553|141.000000|0.482523|0.345752|81.000000|0.347439|0.750000|-0.276124|16.000000|0.000000|1.786489|0.272316|0.272316|0.984589|0.344006|20150825.000000|20150825.000000|20160229.000000|20150612.000000|20160616.000000|20260828.000000
T1_SELL|2010-05-01|0.357364|0.708384|0.820461|0.504478|1.651765|6.989975|6.000000|0.665517|1.003536|1.229980|1.458364|0.820880|0.373782|0.432273|0.886922|0.873519|0.088050|0.391949|0.207109|-0.045294|0.452242|0.866681|0.877718|0.044444|135.000000|0.480457|0.348050|75.000000|0.381285|0.733333|-0.276125|15.000000|0.000000|1.806994|0.280573|0.280573|1.000000|0.358985|20150824.000000|20150824.000000|20160229.000000|20150612.000000|20160616.000000|20260828.000000
T1_SELL|2010-11-01|0.328775|0.705558|0.776503|0.465979|1.618296|6.577032|6.000000|0.664993|0.927088|1.138370|1.436722|0.852386|0.390260|0.431980|0.912246|0.890672|0.078431|0.424602|0.210927|-0.057242|0.445914|0.963386|0.894312|0.069767|129.000000|0.488270|0.347329|69.000000|0.320708|0.733333|-0.310182|15.000000|0.000000|1.705377|0.237705|0.237705|1.000000|0.330010|20150825.000000|20150825.000000|20160630.000000|20150609.000000|20160616.000000|20260828.000000
T1_SELL|2011-05-01|0.352575|0.704922|0.813244|0.500162|1.599221|6.876262|6.000000|0.661223|0.928191|1.136116|1.453038|0.838018|0.409960|0.432348|0.924832|0.930052|0.047619|0.441415|0.232091|-0.039834|0.451603|1.004935|0.937549|0.024390|123.000000|0.492142|0.357763|63.000000|0.387882|0.785714|-0.307855|14.000000|0.000000|1.714214|0.241635|0.241635|1.000000|0.353927|20150825.000000|20150825.000000|20160531.000000|20150609.000000|20160616.000000|20260828.000000
T1_SELL|2011-11-01|0.324456|0.749837|0.775333|0.432702|1.642903|6.928663|6.000000|0.653587|1.050738|1.306928|1.469641|0.764987|0.341500|0.423982|0.859031|0.837630|0.049645|0.341759|0.226690|0.029194|0.482199|0.747324|0.811243|0.000000|117.000000|0.532079|0.300656|57.000000|0.314387|0.785714|-0.324145|14.000000|0.000000|1.811569|0.282390|0.282390|1.000000|0.325876|20150824.000000|20150824.000000|20161230.000000|20150609.000000|20160203.000000|20260828.000000
T1_SELL|2012-05-01|0.391555|0.714455|0.860638|0.548048|1.671585|8.233698|6.000000|0.659786|0.945222|1.172973|1.463750|0.841484|0.446843|0.431228|1.060057|0.992222|0.037037|0.487827|0.265790|0.070679|0.437040|1.116980|0.999044|0.000000|111.000000|0.626536|0.383484|51.000000|0.435293|0.769231|-0.306658|13.000000|0.000000|1.669272|0.221217|0.221217|1.000000|0.392941|20150825.000000|20150825.000000|20170531.000000|20150609.000000|20160616.000000|20260828.000000
T1_SELL|2012-11-01|0.431040|0.727542|0.912837|0.592460|1.690639|6.757889|6.000000|0.662860|0.983939|1.229141|1.474820|0.836808|0.452288|0.432044|1.074808|0.986278|0.038760|0.491529|0.293711|0.111851|0.432044|1.137684|1.009051|0.000000|105.000000|0.616627|0.393015|45.000000|0.417745|0.769231|-0.281990|13.000000|0.000000|1.648516|0.211412|0.211412|1.000000|0.433063|20150825.000000|20150825.000000|20200430.000000|20150609.000000|20160616.000000|20260828.000000
T1_SELL|2013-05-01|0.497935|0.652042|1.009349|0.763654|1.671545|8.163412|6.000000|0.635964|0.785935|1.034499|1.441546|0.757482|0.527067|0.496560|1.140767|1.066304|0.008130|0.538315|0.465540|0.218917|0.560563|0.972682|1.045927|0.000000|99.000000|0.703020|0.501306|39.000000|0.432385|0.833333|-0.131652|12.000000|0.000000|1.748182|0.256370|0.256370|1.000000|0.499553|20150929.000000|20150929.000000|20200529.000000|20150612.000000|20150929.000000|20260828.000000
T1_SELL|2013-11-01|0.438463|0.670476|0.937497|0.653958|1.668204|6.939157|7.000000|0.633786|0.835191|1.036388|1.430981|0.734615|0.482028|0.437365|1.154845|1.006237|0.008547|0.482121|0.360399|0.113470|0.443805|1.100004|1.006101|0.000000|93.000000|0.612895|0.418386|33.000000|0.381233|0.750000|-0.205571|12.000000|0.000000|1.958355|0.336177|0.336177|1.000000|0.439706|20200323.000000|20200323.000000|20181228.000000|20150612.000000|20160616.000000|20260828.000000
T1_SELL|2014-05-01|0.463398|0.737454|0.961219|0.628375|1.670102|6.818862|6.000000|0.656429|1.020476|1.276832|1.473635|0.828886|0.511726|0.437219|1.135196|1.038490|0.027027|0.515727|0.431684|0.085951|0.453063|1.142093|1.024863|0.000000|87.000000|0.610691|0.426586|27.000000|0.444522|0.727273|-0.333676|11.000000|0.000000|1.791964|0.274539|0.274539|1.000000|0.464480|20150824.000000|20150824.000000|20200430.000000|20150609.000000|20160616.000000|20260828.000000
T1_SELL|2014-11-01|0.505510|0.816157|1.016765|0.619379|1.631033|7.074010|6.000000|0.635225|0.723238|1.008284|1.427591|0.752000|0.571827|0.455140|1.234919|1.113940|0.000000|0.612600|0.521557|0.076691|0.541277|1.134695|1.135979|0.000000|81.000000|0.707673|0.537178|21.000000|0.456020|0.727273|-0.448217|11.000000|0.000000|1.808179|0.281045|0.281045|1.000000|0.507062|20150824.000000|20150824.000000|20200430.000000|20150609.000000|20160518.000000|20260828.000000
T1_SELL|2015-05-01|0.508589|0.635632|1.068320|0.800132|1.591697|7.038562|6.000000|0.630432|0.716924|0.867323|1.428526|0.740768|0.585132|0.454446|1.171542|1.106366|0.000000|0.591815|0.514842|0.184191|0.554223|1.100707|1.112173|0.000000|75.000000|0.702997|0.561494|15.000000|0.538526|0.800000|-0.138270|10.000000|0.000000|1.904801|0.317514|0.317514|1.000000|0.510090|20200323.000000|20200323.000000|20200529.000000|20150609.000000|20160513.000000|20260828.000000
T1_SELL|2015-11-01|0.591926|0.566356|1.186342|1.045147|1.643140|7.027313|7.000000|0.637472|0.741265|0.981723|1.460109|0.771657|0.641611|0.447140|1.308778|1.198733|0.000000|0.649754|0.566677|0.471032|0.566356|1.191650|1.199236|0.000000|69.000000|0.709945|0.716848|9.000000|0.553811|0.800000|-0.139477|10.000000|0.000000|2.063040|0.369862|0.369862|1.000000|0.593916|20200319.000000|20200319.000000|20230131.000000|20200114.000000|20200323.000000|20260828.000000
T1_SELL|2016-05-01|0.629772|0.524591|1.242248|1.200501|1.672778|7.844892|7.000000|0.641238|0.736477|0.850937|1.455885|0.842168|0.554862|0.442063|1.201301|1.083785|0.000000|0.566680|0.507349|0.402555|0.524591|1.091334|1.102811|0.000000|63.000000|0.616822|0.624774|3.000000|0.501507|0.888889|-0.160407|9.000000|0.000000|1.888540|0.311637|0.311637|1.000000|0.632255|20200323.000000|20200323.000000|20230131.000000|20200114.000000|20200323.000000|20260828.000000
T1_ALL|2009-11-01|0.277652|0.677530|0.703228|0.409800|1.621097|6.156396|6.000000|0.643023|0.930689|1.176016|1.457004|0.759613|0.319568|0.420234|0.716558|0.783206|0.072727|0.334967|0.207549|-0.035841|0.521741|0.595198|0.794672|0.042553|141.000000|0.417878|0.307746|81.000000|0.228396|0.750000|-0.277373|16.000000|0.000000|1.775299|0.267729|0.267729|0.984589|0.278781|20150825.000000|20150825.000000|20160331.000000|20150612.000000|20160616.000000|20260828.000000
T1_ALL|2010-05-01|0.299104|0.699463|0.735884|0.427618|1.656778|5.855494|6.000000|0.636108|0.959993|1.175847|1.435561|0.722435|0.341979|0.447953|0.801376|0.835665|0.069182|0.350461|0.215199|-0.036602|0.467967|0.762283|0.817568|0.044444|135.000000|0.411224|0.319236|75.000000|0.362683|0.733333|-0.277484|15.000000|0.000000|1.747943|0.256269|0.256269|1.000000|0.300432|20150825.000000|20150825.000000|20160331.000000|20150612.000000|20160616.000000|20260828.000000
T1_ALL|2010-11-01|0.278757|0.688773|0.703814|0.404715|1.622453|5.616879|6.000000|0.634111|0.869907|1.022122|1.427145|0.724319|0.349846|0.420711|0.832487|0.854974|0.078431|0.370388|0.234650|-0.044365|0.496729|0.816352|0.842307|0.062016|129.000000|0.438780|0.332332|69.000000|0.269338|0.733333|-0.294187|15.000000|0.000000|1.602951|0.188996|0.188996|1.000000|0.279785|20150825.000000|20150825.000000|20160630.000000|20150609.000000|20160616.000000|20260828.000000
T1_ALL|2011-05-01|0.277144|0.749138|0.702829|0.369951|1.594806|5.709912|7.000000|0.694227|0.946332|1.213198|1.443531|0.755006|0.320821|0.439337|0.786262|0.814843|0.061224|0.328841|0.227170|-0.049971|0.452611|0.734668|0.783610|0.024390|123.000000|0.364678|0.292300|63.000000|0.316990|0.785714|-0.328667|14.000000|0.000000|1.773031|0.266792|0.266792|1.000000|0.278178|20150825.000000|20150825.000000|20160531.000000|20150609.000000|20160203.000000|20260828.000000
T1_ALL|2011-11-01|0.307136|0.697212|0.748836|0.440520|1.650279|5.642147|7.000000|0.634520|0.887999|1.050831|1.443105|0.745148|0.374441|0.425798|0.899029|0.878950|0.014184|0.379029|0.267494|0.050986|0.473483|0.871836|0.881078|0.000000|117.000000|0.483296|0.339099|57.000000|0.292346|0.785714|-0.267319|14.000000|0.000000|1.598209|0.186589|0.186589|1.000000|0.308472|20150825.000000|20150825.000000|20161230.000000|20150609.000000|20160616.000000|20260828.000000
T1_ALL|2012-05-01|0.356440|0.718669|0.816599|0.495973|1.659193|6.465358|6.000000|0.629335|0.888813|1.127055|1.477396|0.715354|0.403348|0.431829|0.971032|0.983064|0.029630|0.495290|0.274844|0.081559|0.453282|1.094745|1.002894|0.000000|111.000000|0.561944|0.388510|51.000000|0.341091|0.769231|-0.292517|13.000000|0.000000|1.725827|0.246738|0.246738|1.000000|0.357686|20150825.000000|20150825.000000|20170531.000000|20150609.000000|20160616.000000|20260828.000000
T1_ALL|2012-11-01|0.396128|0.718716|0.869604|0.551161|1.685824|6.010794|6.000000|0.630549|0.945612|1.185401|1.431325|0.668851|0.454948|0.435534|0.999973|0.990824|0.031008|0.497466|0.292968|0.120651|0.496786|1.063790|1.006286|0.000000|105.000000|0.566369|0.395615|45.000000|0.392326|0.692308|-0.284077|13.000000|0.000000|1.700067|0.235324|0.235324|1.000000|0.397966|20150825.000000|20150825.000000|20200430.000000|20150609.000000|20160616.000000|20260828.000000
T1_ALL|2013-05-01|0.390593|0.688439|0.875779|0.567360|1.665124|6.132395|7.000000|0.612362|0.868673|1.092077|1.389058|0.642086|0.477898|0.432273|1.137217|1.032388|0.016260|0.522092|0.352158|0.140298|0.433661|1.203918|1.043917|0.000000|99.000000|0.557950|0.430251|39.000000|0.387512|0.750000|-0.185100|12.000000|0.000000|1.782448|0.270666|0.270666|1.000000|0.391818|20150825.000000|20150825.000000|20200529.000000|20150612.000000|20160616.000000|20260828.000000
T1_ALL|2013-11-01|0.444068|0.640492|0.971256|0.693324|1.662382|6.276464|7.000000|0.606734|0.741942|0.936868|1.359511|0.593269|0.497572|0.427708|1.162124|1.059930|0.000000|0.497176|0.441633|0.223662|0.427708|1.146010|1.070718|0.000000|93.000000|0.599041|0.472972|33.000000|0.356117|0.833333|-0.144600|12.000000|0.000000|1.996778|0.348951|0.348951|1.000000|0.445329|20150825.000000|20150825.000000|20181228.000000|20150612.000000|20160128.000000|20260828.000000
T1_ALL|2014-05-01|0.464904|0.711533|0.970608|0.653384|1.668963|6.017377|7.000000|0.625222|0.947758|1.171227|1.388807|0.679453|0.531511|0.445078|1.194197|1.106083|0.000000|0.569202|0.461720|0.142814|0.445078|1.174480|1.100184|0.000000|87.000000|0.591994|0.442442|27.000000|0.410166|0.727273|-0.283610|11.000000|0.000000|1.877804|0.307702|0.307702|1.000000|0.465991|20200323.000000|20200323.000000|20200430.000000|20150609.000000|20160616.000000|20260828.000000
T1_ALL|2014-11-01|0.489234|0.800453|1.007887|0.611196|1.640303|6.631529|7.000000|0.624091|0.731101|0.972964|1.418779|0.664348|0.602760|0.420824|1.307421|1.180164|0.000000|0.627932|0.535530|0.068368|0.572244|1.136918|1.176408|0.000000|81.000000|0.678669|0.518672|21.000000|0.478731|0.727273|-0.410003|11.000000|0.000000|1.900896|0.316112|0.316112|1.000000|0.490728|20150824.000000|20150824.000000|20200430.000000|20150609.000000|20160510.000000|20260828.000000
T1_ALL|2015-05-01|0.473088|0.629769|1.039414|0.751210|1.585248|6.580935|7.000000|0.611029|0.721041|0.973662|1.363295|0.593214|0.590632|0.431911|1.302821|1.200020|0.000000|0.623267|0.548860|0.182045|0.570935|1.140288|1.190453|0.000000|75.000000|0.663118|0.559094|15.000000|0.448716|0.800000|-0.131768|10.000000|0.000000|2.021141|0.356799|0.356799|1.000000|0.474468|20211116.000000|20211116.000000|20200529.000000|20150609.000000|20160530.000000|20260828.000000
T1_ALL|2015-11-01|0.531224|0.572599|1.119244|0.927742|1.641794|6.490948|7.000000|0.608768|0.721087|0.978474|1.375319|0.598404|0.586273|0.454769|1.265198|1.179645|0.000000|0.612993|0.558489|0.448595|0.572599|1.151478|1.174605|0.000000|69.000000|0.641771|0.643376|9.000000|0.393033|0.800000|-0.127434|10.000000|0.000000|2.011745|0.353795|0.353795|1.000000|0.532978|20211116.000000|20211116.000000|20241231.000000|20200114.000000|20200323.000000|20260828.000000
T1_ALL|2016-05-01|0.598368|0.571357|1.226805|1.047275|1.654029|6.662089|7.000000|0.611182|0.720094|0.971206|1.364852|0.615783|0.563282|0.431553|1.255965|1.165400|0.000000|0.601698|0.536349|0.439222|0.571357|1.082891|1.149709|0.000000|63.000000|0.591198|0.595607|3.000000|0.440165|0.888889|-0.135169|9.000000|0.000000|2.022871|0.357349|0.357349|1.000000|0.600707|20211116.000000|20211116.000000|20230131.000000|20200114.000000|20200323.000000|20260828.000000
C1|2009-11-01|0.313822|0.693983|0.756116|0.452204|1.621082|4.853765|7.000000|0.640964|0.961098|1.233312|1.437439|0.694962|0.371646|0.435964|0.814306|0.867264|0.072727|0.365055|0.222459|-0.035628|0.516884|0.751833|0.831852|0.028369|141.000000|0.483579|0.350215|81.000000|0.284084|0.750000|-0.289637|16.000000|0.000000|1.737307|0.251715|0.251715|0.984589|0.315116|20150824.000000|20150824.000000|20160229.000000|20150612.000000|20160616.000000|20260828.000000
C1|2010-05-01|0.347577|0.696611|0.809857|0.498955|1.653021|5.506899|7.000000|0.626825|0.967441|1.234032|1.439918|0.639458|0.401237|0.443397|0.952048|0.928608|0.069182|0.435041|0.225645|-0.039998|0.443397|0.981153|0.918506|0.037037|135.000000|0.503517|0.372791|75.000000|0.407865|0.733333|-0.289888|15.000000|0.000000|1.754133|0.258893|0.258893|1.000000|0.349149|20150824.000000|20150824.000000|20160229.000000|20150612.000000|20160616.000000|20260828.000000
C1|2010-11-01|0.280880|0.733866|0.704996|0.382741|1.610762|6.502265|6.000000|0.639263|0.955603|1.183183|1.397380|0.728132|0.327128|0.449095|0.777543|0.826785|0.104575|0.349655|0.203350|-0.056165|0.464957|0.773555|0.808163|0.069767|129.000000|0.402559|0.305889|69.000000|0.326645|0.733333|-0.295286|15.000000|0.000000|1.783984|0.271294|0.271294|1.000000|0.281917|20150824.000000|20150824.000000|20160129.000000|20150609.000000|20160616.000000|20260828.000000
C1|2011-05-01|0.286201|0.730751|0.717054|0.391653|1.594966|5.325839|7.000000|0.632191|0.952611|1.169850|1.412623|0.689118|0.327423|0.454812|0.759773|0.812663|0.061224|0.324094|0.228767|-0.031400|0.464314|0.708960|0.773720|0.024390|123.000000|0.360592|0.294761|63.000000|0.328537|0.857143|-0.291920|14.000000|0.000000|1.784044|0.271318|0.271318|1.000000|0.287273|20150824.000000|20150824.000000|20160531.000000|20150609.000000|20160616.000000|20260828.000000
C1|2011-11-01|0.284559|0.755343|0.709728|0.376729|1.642734|5.841480|7.000000|0.694067|0.992274|1.252257|1.464598|0.814523|0.316745|0.454380|0.709002|0.790971|0.049645|0.333174|0.227195|0.029198|0.520419|0.698743|0.787667|0.000000|117.000000|0.463468|0.285660|57.000000|0.258531|0.857143|-0.330917|14.000000|0.000000|1.771611|0.266205|0.266205|1.000000|0.285787|20150824.000000|20150824.000000|20161230.000000|20150609.000000|20160203.000000|20260828.000000
C1|2012-05-01|0.294612|0.734591|0.722355|0.401056|1.665140|5.654344|7.000000|0.633421|0.954755|1.169945|1.420781|0.739931|0.350278|0.466764|0.765565|0.833422|0.059259|0.359445|0.229655|0.057226|0.485746|0.759545|0.823720|0.000000|111.000000|0.477359|0.321615|51.000000|0.319212|0.692308|-0.322634|13.000000|0.000000|1.707398|0.238607|0.238607|1.000000|0.295619|20150825.000000|20150825.000000|20170531.000000|20150609.000000|20160203.000000|20260828.000000
C1|2012-11-01|0.397942|0.717961|0.888530|0.554267|1.686601|5.026278|7.000000|0.661859|0.874667|1.091834|1.412004|0.714711|0.411666|0.444751|0.947971|0.910835|0.015504|0.432749|0.378573|0.204317|0.449152|0.949351|0.931455|0.000000|105.000000|0.540064|0.413981|45.000000|0.364557|0.692308|-0.172173|13.000000|0.000000|1.858796|0.300623|0.300623|1.000000|0.399789|20150826.000000|20150826.000000|20200630.000000|20150609.000000|20160201.000000|20260828.000000
C1|2013-05-01|0.391952|0.675329|0.891535|0.580387|1.670637|5.244096|8.000000|0.626463|0.845928|1.046391|1.398107|0.654736|0.426220|0.428125|1.011782|0.943938|0.016260|0.437277|0.378318|0.237041|0.434888|0.977674|0.947388|0.000000|99.000000|0.559410|0.419066|39.000000|0.414890|0.750000|-0.149036|12.000000|0.000000|1.872059|0.305577|0.305577|1.000000|0.393182|20150825.000000|20150825.000000|20200529.000000|20150609.000000|20160201.000000|20260828.000000
C1|2013-11-01|0.460976|0.634899|0.973225|0.726062|1.681775|5.871004|7.000000|0.621463|0.779181|0.938071|1.418868|0.625641|0.524254|0.444307|1.215126|1.056864|0.000000|0.533108|0.450226|0.213638|0.458900|1.170268|1.061039|0.000000|93.000000|0.611610|0.479447|33.000000|0.347260|0.833333|-0.163888|12.000000|0.000000|1.896933|0.314683|0.314683|1.000000|0.462292|20200323.000000|20200323.000000|20181228.000000|20150612.000000|20160128.000000|20260828.000000
C1|2014-05-01|0.385540|0.758600|0.863818|0.508226|1.680544|5.685932|7.000000|0.617213|1.070153|1.310783|1.391038|0.651101|0.405861|0.442501|0.923804|0.944284|0.036036|0.427565|0.334805|0.065231|0.474220|0.915426|0.934338|0.000000|87.000000|0.505692|0.365307|27.000000|0.408692|0.727273|-0.382365|11.000000|0.000000|1.743422|0.254340|0.254340|1.000000|0.386418|20150824.000000|20150824.000000|20200430.000000|20150609.000000|20160203.000000|20260828.000000
C1|2014-11-01|0.429173|0.780127|0.930131|0.550132|1.660771|5.999800|8.000000|0.599697|0.711012|0.868620|1.360547|0.489043|0.531202|0.448772|1.218214|1.111521|0.038095|0.570355|0.507447|0.073487|0.456657|1.263066|1.125171|0.000000|81.000000|0.564940|0.476375|21.000000|0.439570|0.727273|-0.425055|11.000000|0.000000|1.753737|0.258726|0.258726|1.000000|0.430459|20150825.000000|20150825.000000|20200430.000000|20150609.000000|20160510.000000|20260828.000000
C1|2015-05-01|0.417815|0.623421|0.954853|0.670197|1.582992|6.612186|8.000000|0.601771|0.685866|0.820750|1.368606|0.531426|0.517163|0.419871|1.220420|1.057304|0.000000|0.500311|0.456543|0.178994|0.441494|1.149208|1.029171|0.000000|75.000000|0.584433|0.456123|15.000000|0.408513|0.800000|-0.213795|10.000000|0.000000|2.004656|0.351510|0.351510|1.000000|0.419012|20200323.000000|20200323.000000|20200529.000000|20150612.000000|20160613.000000|20260828.000000
C1|2015-11-01|0.600966|0.474342|1.200764|1.266946|1.643209|6.291110|8.000000|0.632270|0.703330|0.781592|1.395038|0.718845|0.604839|0.449255|1.346315|1.171054|0.000000|0.622610|0.553482|0.462520|0.474342|1.349264|1.176262|0.000000|69.000000|0.715610|0.720831|9.000000|0.441180|0.800000|-0.150946|10.000000|0.000000|1.864324|0.302696|0.302696|1.000000|0.602992|20200323.000000|20200323.000000|20241231.000000|20200114.000000|20200323.000000|20260828.000000
C1|2016-05-01|0.571704|0.441924|1.198040|1.293671|1.672059|6.864078|8.000000|0.602681|0.685923|0.824778|1.411270|0.539259|0.552120|0.424150|1.347545|1.124830|0.000000|0.551993|0.519797|0.428799|0.441924|1.256418|1.097400|0.000000|63.000000|0.566338|0.573207|3.000000|0.525063|0.888889|-0.161176|9.000000|0.000000|2.006467|0.352095|0.352095|1.000000|0.573922|20211116.000000|20211116.000000|20230131.000000|20210922.000000|20211116.000000|20260828.000000
SC|2009-11-01|0.311467|0.701899|0.762658|0.443749|1.615383|6.669505|6.000000|0.652302|1.015682|1.240753|1.442610|0.795235|0.337996|0.440645|0.805333|0.805024|0.078788|0.328220|0.205486|-0.035835|0.449808|0.664678|0.761269|0.035461|141.000000|0.391930|0.304947|81.000000|0.307173|0.750000|-0.277082|16.000000|0.000000|1.870865|0.305134|0.305134|0.984589|0.312749|20150824.000000|20150824.000000|20160229.000000|20150612.000000|20160616.000000|20260828.000000
SC|2010-05-01|0.387190|0.691804|0.869535|0.559682|1.645795|6.915124|6.000000|0.674653|0.998304|1.240837|1.481474|0.745906|0.449156|0.442884|0.991011|0.948837|0.062893|0.481032|0.338000|-0.035275|0.442884|1.008920|0.964937|0.029630|135.000000|0.623428|0.446389|75.000000|0.388176|0.800000|-0.276843|15.000000|0.000000|1.862610|0.302055|0.302055|1.000000|0.388965|20150824.000000|20150824.000000|20160229.000000|20150612.000000|20160201.000000|20260828.000000
SC|2010-11-01|0.295221|0.728436|0.733374|0.405281|1.614038|6.648660|6.000000|0.670246|0.990121|1.234406|1.463160|0.816728|0.348100|0.424419|0.836580|0.810866|0.091503|0.342303|0.215157|-0.050455|0.465905|0.752063|0.797874|0.069767|129.000000|0.384244|0.305077|69.000000|0.210397|0.800000|-0.305538|15.000000|0.000000|1.889465|0.311975|0.311975|1.000000|0.296317|20150824.000000|20150824.000000|20160229.000000|20150609.000000|20160616.000000|20260828.000000
SC|2011-05-01|0.317199|0.728175|0.770943|0.435608|1.594404|6.651135|6.000000|0.656088|0.995586|1.232995|1.461175|0.792652|0.363461|0.424739|0.909528|0.839039|0.047619|0.357785|0.241839|-0.030943|0.464294|0.822154|0.844848|0.024390|123.000000|0.391432|0.316984|63.000000|0.330110|0.857143|-0.286365|14.000000|0.000000|1.890780|0.312453|0.312453|1.000000|0.318401|20150824.000000|20150824.000000|20160531.000000|20150609.000000|20160616.000000|20260828.000000
SC|2011-11-01|0.390664|0.724882|0.870046|0.538935|1.642863|6.548014|6.000000|0.651961|0.968918|1.218055|1.440536|0.810864|0.445326|0.436126|1.059995|0.975014|0.028369|0.486615|0.262761|0.035049|0.436126|1.122117|1.005942|0.000000|117.000000|0.633728|0.380300|57.000000|0.373448|0.785714|-0.319272|14.000000|0.000000|1.862346|0.301956|0.301956|1.000000|0.392415|20150824.000000|20150824.000000|20161230.000000|20150609.000000|20160616.000000|20260828.000000
SC|2012-05-01|0.343073|0.727591|0.804767|0.471519|1.665688|6.701559|6.000000|0.649091|0.997967|1.230571|1.474269|0.774166|0.365016|0.397338|0.954640|0.883529|0.051852|0.381008|0.256650|0.077798|0.467053|0.854408|0.867003|0.000000|111.000000|0.544564|0.328996|51.000000|0.447991|0.769231|-0.285266|13.000000|0.000000|1.865730|0.303222|0.303222|1.000000|0.344267|20150824.000000|20150824.000000|20170531.000000|20150609.000000|20160616.000000|20260828.000000
SC|2012-11-01|0.432483|0.686308|0.925960|0.630159|1.691610|5.430555|7.000000|0.657139|0.876609|1.038897|1.497840|0.708755|0.480603|0.485136|1.065931|1.024690|0.015504|0.512315|0.439159|0.211400|0.485136|1.111251|1.030101|0.000000|105.000000|0.588708|0.488295|45.000000|0.306645|0.769231|-0.130744|13.000000|0.000000|1.773606|0.267030|0.267030|1.000000|0.434515|20150825.000000|20150825.000000|20200630.000000|20150609.000000|20160201.000000|20260828.000000
SC|2013-05-01|0.473164|0.645741|0.985708|0.732747|1.672700|5.973652|7.000000|0.649162|0.801951|0.961515|1.462721|0.739278|0.550649|0.451537|1.217582|1.090004|0.008130|0.557425|0.485806|0.272897|0.473924|1.187705|1.093565|0.000000|99.000000|0.678949|0.528509|39.000000|0.412603|0.833333|-0.167162|12.000000|0.000000|1.743320|0.254296|0.254296|1.000000|0.474690|20150825.000000|20150825.000000|20200430.000000|20150612.000000|20160201.000000|20260828.000000
SC|2013-11-01|0.429801|0.642092|0.945398|0.669375|1.681677|6.762291|8.000000|0.627592|0.784085|0.949818|1.442395|0.683654|0.434215|0.385941|1.116204|0.959808|0.000000|0.427847|0.383105|0.170123|0.385941|1.091809|0.965356|0.000000|93.000000|0.579520|0.420162|33.000000|0.344005|0.833333|-0.191864|12.000000|0.000000|2.035893|0.361460|0.361460|1.000000|0.431015|20150825.000000|20150825.000000|20181228.000000|20150612.000000|20160128.000000|20260828.000000
SC|2014-05-01|0.480901|0.727124|0.992528|0.661374|1.668662|7.644146|7.000000|0.646511|0.982787|1.228012|1.424841|0.763509|0.488193|0.418328|1.194585|1.054622|0.009009|0.508358|0.419361|0.140120|0.427489|1.212576|1.027055|0.000000|87.000000|0.624601|0.429809|27.000000|0.434743|0.727273|-0.317524|11.000000|0.000000|1.879399|0.308290|0.308290|1.000000|0.482031|20150824.000000|20150824.000000|20200430.000000|20150609.000000|20160616.000000|20260828.000000
SC|2014-11-01|0.456175|0.847433|0.948326|0.538302|1.649236|7.636256|7.000000|0.622675|0.736982|1.046078|1.396838|0.696000|0.535243|0.452957|1.216725|1.103276|0.066667|0.586115|0.503713|0.003290|0.470790|1.257976|1.138343|0.000000|81.000000|0.647460|0.476931|21.000000|0.420748|0.727273|-0.498093|11.000000|0.000000|1.770370|0.265690|0.265690|1.000000|0.457554|20150825.000000|20150825.000000|20200430.000000|20150609.000000|20160510.000000|20260828.000000
SC|2015-05-01|0.526601|0.626407|1.087927|0.840669|1.591115|6.947482|6.000000|0.642312|0.748270|0.957303|1.443908|0.788885|0.625531|0.450063|1.288932|1.155403|0.000000|0.635115|0.561816|0.197528|0.575016|1.147201|1.171110|0.000000|75.000000|0.719389|0.578229|15.000000|0.501618|0.800000|-0.144050|10.000000|0.000000|2.032426|0.360370|0.360370|1.000000|0.528163|20211116.000000|20211116.000000|20200529.000000|20150609.000000|20160513.000000|20260828.000000
SC|2015-11-01|0.610639|0.579860|1.196580|1.053079|1.652114|7.734522|7.000000|0.648055|0.757683|1.005756|1.466192|0.782675|0.652969|0.449165|1.368841|1.215812|0.000000|0.668214|0.596167|0.495604|0.579860|1.205119|1.214194|0.000000|69.000000|0.721114|0.731316|9.000000|0.505271|0.800000|-0.130920|10.000000|0.000000|1.957390|0.335850|0.335850|1.000000|0.612704|20200323.000000|20200323.000000|20230131.000000|20200114.000000|20200323.000000|20260828.000000
SC|2016-05-01|0.706302|0.545745|1.332880|1.294197|1.671058|6.992599|6.000000|0.628405|0.748429|0.938458|1.497433|0.748904|0.644212|0.445670|1.396668|1.196722|0.000000|0.655045|0.591504|0.481123|0.545745|1.244627|1.206505|0.000000|63.000000|0.698736|0.703906|3.000000|0.678341|0.888889|-0.150819|9.000000|0.000000|1.967109|0.339132|0.339132|1.000000|0.709147|20200323.000000|20200323.000000|20230131.000000|20200114.000000|20200323.000000|20260828.000000
#EX5|2011-11-01|601088,002128,000933,000651,000338
EX5:BASE|2009-11-01|0.323211|0.747002|0.810373|0.432678|1.518298|6.377823|6.000000|0.622829|0.720456|0.951353|1.366326|0.664653|0.395623|0.544576|0.746949|0.897334|0.151515|0.388681|0.219117|-0.174675|0.544576|0.650737|0.878021|0.106383|141.000000|0.504277|0.349218|81.000000|0.247777|0.625000|-0.346536|16.000000|0.000000|1.680803|0.226560|0.226560|0.984589|0.324548|20200323.000000|20200323.000000|20160229.000000|20110328.000000|20140320.000000|20260828.000000
EX5:BASE|2010-05-01|0.346838|0.746047|0.845730|0.464900|1.552428|6.186945|6.000000|0.624717|0.721419|0.948088|1.377367|0.658790|0.408378|0.544113|0.819885|0.927747|0.119497|0.398709|0.317818|-0.159893|0.544113|0.690511|0.906275|0.081481|135.000000|0.493910|0.366905|75.000000|0.312532|0.666667|-0.346227|15.000000|0.000000|1.681238|0.226760|0.226760|1.000000|0.348405|20200323.000000|20200323.000000|20160229.000000|20110328.000000|20140320.000000|20260828.000000
EX5:BASE|2010-11-01|0.380720|0.607389|0.927596|0.626814|1.477373|5.868668|6.000000|0.613558|0.714445|0.966608|1.335703|0.606126|0.428115|0.459484|0.867119|0.972426|0.084967|0.414977|0.346672|-0.016833|0.545557|0.732668|0.938660|0.007752|129.000000|0.503956|0.392043|69.000000|0.321026|0.666667|-0.202368|15.000000|0.000000|1.679106|0.225779|0.225779|1.000000|0.382177|20200323.000000|20200323.000000|20160229.000000|20150615.000000|20160229.000000|20260828.000000
EX5:BASE|2011-05-01|0.400993|0.647831|0.941686|0.618978|1.527429|6.054928|7.000000|0.616400|0.712927|0.949980|1.359071|0.628790|0.425765|0.446711|0.882031|0.984930|0.040816|0.411690|0.352084|0.035113|0.545588|0.726416|0.936904|0.000000|123.000000|0.509980|0.405457|63.000000|0.364335|0.714286|-0.202480|14.000000|0.000000|1.589673|0.182222|0.182222|1.000000|0.402557|20150825.000000|20150825.000000|20160531.000000|20150615.000000|20160229.000000|20260828.000000
EX5:BASE|2011-11-01|0.429333|0.647953|0.980364|0.662598|1.575303|6.978992|7.000000|0.619761|0.712832|0.950122|1.352471|0.653050|0.450745|0.516050|1.037607|1.045321|0.000000|0.438256|0.370645|0.084642|0.545600|0.796197|1.005347|0.000000|117.000000|0.623396|0.431414|57.000000|0.401376|0.714286|-0.202459|14.000000|0.000000|1.590403|0.182597|0.182597|1.000000|0.431282|20150825.000000|20150825.000000|20161230.000000|20150615.000000|20160229.000000|20260828.000000
EX5:BASE|2012-05-01|0.448899|0.656458|1.024764|0.683820|1.600386|5.846693|7.000000|0.617827|0.706232|0.950754|1.347289|0.634843|0.432466|0.544560|0.940567|1.039117|0.000000|0.428444|0.370227|0.133451|0.544560|0.731777|0.964489|0.000000|111.000000|0.600891|0.410202|51.000000|0.444515|0.769231|-0.129949|13.000000|0.000000|1.680314|0.226335|0.226335|1.000000|0.450518|20200323.000000|20200323.000000|20200529.000000|20150615.000000|20160229.000000|20260828.000000
EX5:BASE|2012-11-01|0.497180|0.671043|1.075410|0.740906|1.641236|5.917698|7.000000|0.612950|0.714097|0.994978|1.331284|0.596486|0.452184|0.545674|1.016826|1.097213|0.007752|0.449818|0.382928|0.125621|0.545674|0.819801|1.028174|0.000000|105.000000|0.609587|0.437944|45.000000|0.462752|0.769231|-0.130043|13.000000|0.000000|1.557060|0.165093|0.165093|1.000000|0.499564|20150825.000000|20150825.000000|20200529.000000|20150615.000000|20160229.000000|20260828.000000
EX5:BASE|2013-05-01|0.437022|0.686305|0.983022|0.636775|1.625549|5.948761|7.000000|0.611569|0.729546|1.060315|1.310438|0.594878|0.408679|0.506177|0.900202|1.005264|0.000000|0.419094|0.319613|0.075892|0.531196|0.788963|0.987759|0.000000|99.000000|0.592817|0.381743|39.000000|0.457579|0.833333|-0.237957|12.000000|0.000000|1.626376|0.200677|0.200677|1.000000|0.438414|20150825.000000|20150825.000000|20200529.000000|20150615.000000|20160229.000000|20260828.000000
EX5:BASE|2013-11-01|0.481404|0.659942|1.049428|0.729463|1.627681|5.915589|7.000000|0.613910|0.711301|0.951783|1.360280|0.624679|0.445793|0.472097|0.974898|1.055954|0.000000|0.470786|0.360838|0.143689|0.546543|0.861389|1.069282|0.000000|93.000000|0.612427|0.436388|33.000000|0.396085|0.833333|-0.174884|12.000000|0.000000|1.671445|0.222230|0.222230|1.000000|0.482787|20150825.000000|20150825.000000|20200529.000000|20150615.000000|20160229.000000|20260828.000000
EX5:BASE|2014-05-01|0.514422|0.716158|1.104067|0.718307|1.610342|6.016768|8.000000|0.609873|0.748387|1.002131|1.321429|0.593062|0.432476|0.465276|1.119944|1.056012|0.000000|0.458432|0.349583|0.075129|0.545385|0.842000|1.066401|0.000000|87.000000|0.601346|0.428146|27.000000|0.444501|0.727273|-0.247844|11.000000|0.000000|1.679333|0.225883|0.225883|1.000000|0.515643|20200323.000000|20200323.000000|20200529.000000|20150615.000000|20160229.000000|20260828.000000
EX5:BASE|2014-11-01|0.494898|0.743455|1.066162|0.665673|1.602770|6.378887|7.000000|0.614217|0.706071|0.950148|1.316273|0.613217|0.462102|0.357899|1.310680|1.140100|0.000000|0.478840|0.374428|0.058450|0.545545|0.877728|1.084905|0.000000|81.000000|0.603864|0.474726|21.000000|0.481892|0.727273|-0.315999|11.000000|0.000000|1.521648|0.145663|0.145663|1.000000|0.496412|20150825.000000|20150825.000000|20200529.000000|20150615.000000|20160128.000000|20260828.000000
EX5:BASE|2015-05-01|0.459130|0.564354|1.124997|0.813550|1.508081|5.998019|7.000000|0.604105|0.692944|0.818276|1.338182|0.535472|0.446562|0.320577|1.508314|1.090102|0.000000|0.482739|0.349240|0.122725|0.474254|1.017891|1.110883|0.000000|75.000000|0.607898|0.449823|15.000000|0.484007|0.800000|-0.272405|10.000000|0.000000|1.785690|0.271990|0.271990|1.000000|0.460464|20200323.000000|20200323.000000|20200529.000000|20150615.000000|20160613.000000|20260828.000000
EX5:BASE|2015-11-01|0.477669|0.478839|1.164295|0.997555|1.567354|5.936524|7.000000|0.603741|0.693867|0.803670|1.331754|0.540437|0.399232|0.320714|1.450706|1.113493|0.000000|0.440863|0.362350|0.213095|0.474550|0.940336|1.065645|0.000000|69.000000|0.573013|0.569529|9.000000|0.427481|0.800000|-0.267057|10.000000|0.000000|1.784613|0.271551|0.271551|1.000000|0.479220|20200323.000000|20200323.000000|20230131.000000|20151225.000000|20160613.000000|20260828.000000
EX5:BASE|2016-05-01|0.622485|0.474701|1.404678|1.311320|1.591794|5.940075|7.000000|0.603761|0.694616|0.826776|1.354213|0.532483|0.468000|0.320116|1.548988|1.211854|0.000000|0.502381|0.429232|0.269597|0.474701|1.079670|1.151692|0.000000|63.000000|0.614575|0.616504|3.000000|0.544806|0.888889|-0.076812|9.000000|0.000000|1.784219|0.271390|0.271390|1.000000|0.624935|20200323.000000|20200323.000000|20230131.000000|20200114.000000|20200323.000000|20260828.000000
EX5:SB_SIG|2009-11-01|0.304189|0.751028|0.766456|0.405030|1.526612|5.701704|6.000000|0.623793|0.726593|1.011515|1.361342|0.682001|0.364158|0.544662|0.747499|0.846862|0.157576|0.380623|0.197579|-0.192387|0.544662|0.627650|0.865467|0.134752|141.000000|0.510973|0.342232|81.000000|0.222900|0.687500|-0.350772|16.000000|0.000000|1.567855|0.170842|0.170842|0.984589|0.305438|20150825.000000|20150825.000000|20160229.000000|20110328.000000|20121115.000000|20260828.000000
EX5:SB_SIG|2010-05-01|0.318978|0.750938|0.795831|0.424772|1.548314|5.971569|6.000000|0.621384|0.730948|0.979880|1.368470|0.673755|0.382900|0.546255|0.795073|0.896586|0.119497|0.384743|0.288371|-0.180761|0.546255|0.656909|0.872404|0.111111|135.000000|0.509577|0.346222|75.000000|0.271329|0.733333|-0.350689|15.000000|0.000000|1.677930|0.225236|0.225236|1.000000|0.320405|20200323.000000|20200323.000000|20160229.000000|20110328.000000|20121115.000000|20260828.000000
EX5:SB_SIG|2010-11-01|0.359640|0.676947|0.874868|0.531268|1.480906|6.023054|6.000000|0.615608|0.709071|1.006175|1.355720|0.621110|0.402467|0.472200|0.820128|0.900352|0.091503|0.388423|0.313163|-0.059748|0.545138|0.669508|0.879283|0.023256|129.000000|0.505916|0.364330|69.000000|0.304474|0.733333|-0.233548|15.000000|0.000000|1.570235|0.172098|0.172098|1.000000|0.361006|20150825.000000|20150825.000000|20160229.000000|20150615.000000|20160229.000000|20260828.000000
EX5:SB_SIG|2011-05-01|0.376040|0.678593|0.897887|0.554148|1.521073|6.330871|7.000000|0.617112|0.708080|1.009149|1.376380|0.649123|0.400820|0.465488|0.881272|0.934369|0.054422|0.398273|0.331282|0.002922|0.544219|0.712338|0.921859|0.000000|123.000000|0.512917|0.377891|63.000000|0.358292|0.785714|-0.233374|14.000000|0.000000|1.568873|0.171380|0.171380|1.000000|0.377494|20150825.000000|20150825.000000|20160531.000000|20150615.000000|20160229.000000|20260828.000000
EX5:SB_SIG|2011-11-01|0.387246|0.686229|0.905913|0.564310|1.572972|7.002036|7.000000|0.619394|0.709838|1.007896|1.375731|0.665722|0.409143|0.539974|0.888960|0.955772|0.014184|0.398471|0.338206|0.048475|0.545094|0.714611|0.921752|0.000000|117.000000|0.586571|0.380551|57.000000|0.385108|0.785714|-0.233557|14.000000|0.000000|1.569328|0.171620|0.171620|1.000000|0.388979|20150825.000000|20150825.000000|20161230.000000|20150615.000000|20160229.000000|20260828.000000
EX5:SB_SIG|2012-05-01|0.433406|0.655261|0.985560|0.661425|1.602293|6.115643|6.000000|0.617625|0.714756|1.034490|1.365593|0.641026|0.423341|0.545006|0.931695|1.019250|0.000000|0.416723|0.357589|0.118585|0.545006|0.757806|0.961373|0.000000|111.000000|0.599674|0.400797|51.000000|0.447744|0.846154|-0.131775|13.000000|0.000000|1.679319|0.225877|0.225877|1.000000|0.434961|20200323.000000|20200323.000000|20200529.000000|20150615.000000|20160229.000000|20260828.000000
EX5:SB_SIG|2012-11-01|0.492333|0.666131|1.064903|0.739093|1.643035|6.048952|7.000000|0.622408|0.707278|0.979222|1.368188|0.633115|0.438488|0.544978|0.861563|0.992457|0.000000|0.432122|0.372206|0.134929|0.544978|0.750982|0.950735|0.000000|105.000000|0.598249|0.417459|45.000000|0.444646|0.846154|-0.140039|13.000000|0.000000|1.580700|0.177579|0.177579|1.000000|0.494690|20150825.000000|20150825.000000|20200529.000000|20150615.000000|20160229.000000|20260828.000000
EX5:SB_SIG|2013-05-01|0.448692|0.679002|0.997825|0.660811|1.619338|6.012348|7.000000|0.618210|0.723118|0.980209|1.347358|0.625733|0.424340|0.512965|0.869107|0.980460|0.000000|0.419062|0.346209|0.111986|0.545246|0.783780|0.970221|0.000000|99.000000|0.597937|0.404134|39.000000|0.435997|0.833333|-0.224172|12.000000|0.000000|1.648607|0.211455|0.211455|1.000000|0.450127|20150825.000000|20150825.000000|20200529.000000|20150615.000000|20160229.000000|20260828.000000
EX5:SB_SIG|2013-11-01|0.491337|0.632423|1.070703|0.776911|1.630142|5.878360|7.000000|0.609501|0.699022|0.977071|1.366113|0.577244|0.457252|0.437519|0.953927|1.045869|0.000000|0.468083|0.364737|0.134764|0.544216|0.866251|1.035991|0.000000|93.000000|0.620031|0.433423|33.000000|0.407290|0.833333|-0.169723|12.000000|0.000000|1.680456|0.226400|0.226400|1.000000|0.492753|20200323.000000|20200323.000000|20200529.000000|20150615.000000|20160229.000000|20260828.000000
EX5:SB_SIG|2014-05-01|0.543325|0.699959|1.137242|0.776224|1.597592|6.885241|7.000000|0.616216|0.750980|1.108433|1.348807|0.634757|0.441433|0.456416|1.106772|1.045023|0.000000|0.464345|0.359490|0.088492|0.544781|0.852352|1.056328|0.000000|87.000000|0.631106|0.439967|27.000000|0.468281|0.818182|-0.244679|11.000000|0.000000|1.637870|0.206286|0.206286|1.000000|0.544626|20150825.000000|20150825.000000|20200529.000000|20150615.000000|20160229.000000|20260828.000000
EX5:SB_SIG|2014-11-01|0.496562|0.721898|1.078064|0.687856|1.613145|5.800531|7.000000|0.606443|0.685324|1.048836|1.296102|0.560000|0.434364|0.330546|1.450764|1.135176|0.000000|0.445152|0.355943|0.089911|0.540718|0.823261|1.050958|0.000000|81.000000|0.600085|0.463552|21.000000|0.454608|0.636364|-0.282451|11.000000|0.000000|1.511281|0.139803|0.139803|1.000000|0.498082|20150825.000000|20150825.000000|20200529.000000|20150615.000000|20160128.000000|20260828.000000
EX5:SB_SIG|2015-05-01|0.476206|0.563014|1.152522|0.845816|1.494591|6.760237|7.000000|0.607858|0.682990|0.824003|1.357152|0.558446|0.467923|0.301924|1.579474|1.147039|0.000000|0.499993|0.370075|0.125750|0.474338|1.066830|1.141573|0.000000|75.000000|0.627529|0.472636|15.000000|0.520455|0.800000|-0.233032|10.000000|0.000000|1.784619|0.271553|0.271553|1.000000|0.477597|20200323.000000|20200323.000000|20200529.000000|20150615.000000|20160613.000000|20260828.000000
EX5:SB_SIG|2015-11-01|0.516773|0.474075|1.211593|1.090065|1.567815|6.110520|7.000000|0.600698|0.694185|0.848000|1.359357|0.506513|0.485557|0.324237|1.457990|1.186237|0.000000|0.492758|0.439055|0.284970|0.474075|1.065067|1.136685|0.000000|69.000000|0.615185|0.604816|9.000000|0.502205|0.800000|-0.234964|10.000000|0.000000|1.785192|0.271787|0.271787|1.000000|0.518472|20200323.000000|20200323.000000|20230131.000000|20200114.000000|20200323.000000|20260828.000000
EX5:SB_SIG|2016-05-01|0.587224|0.474316|1.377030|1.238044|1.590650|6.237893|7.000000|0.602835|0.680636|0.804096|1.358862|0.527302|0.379368|0.301447|1.452561|1.064928|0.000000|0.420712|0.338151|0.197822|0.474316|0.891723|1.031275|0.000000|63.000000|0.586766|0.581990|3.000000|0.439404|0.888889|-0.052119|9.000000|0.000000|1.784730|0.271599|0.271599|1.000000|0.589512|20200323.000000|20200323.000000|20230131.000000|20200114.000000|20200323.000000|20260828.000000
EX5:SB_BOTH|2009-11-01|0.311215|0.740876|0.780168|0.420064|1.533951|5.729224|7.000000|0.622858|0.730697|0.980358|1.372287|0.672205|0.386277|0.545479|0.738503|0.894483|0.151515|0.385099|0.240101|-0.165577|0.545479|0.655352|0.869594|0.099291|141.000000|0.476901|0.345918|81.000000|0.249035|0.625000|-0.346536|16.000000|0.000000|1.571937|0.172995|0.172995|0.984589|0.312497|20150825.000000|20150825.000000|20160229.000000|20110328.000000|20140320.000000|20260828.000000
EX5:SB_BOTH|2010-05-01|0.307372|0.744344|0.780957|0.412943|1.546271|5.904370|6.000000|0.625555|0.722347|0.949120|1.377140|0.658790|0.372523|0.544257|0.702366|0.893258|0.119497|0.370481|0.287387|-0.173950|0.544257|0.628459|0.875445|0.081481|135.000000|0.453755|0.338033|75.000000|0.327607|0.666667|-0.346227|15.000000|0.000000|1.681140|0.226715|0.226715|1.000000|0.308741|20200323.000000|20200323.000000|20160229.000000|20110328.000000|20140320.000000|20260828.000000
EX5:SB_BOTH|2010-11-01|0.375457|0.631114|0.916955|0.594911|1.477861|5.964754|6.000000|0.618051|0.703521|0.948092|1.360515|0.626728|0.405685|0.454013|0.825406|0.934766|0.078431|0.399120|0.339938|-0.021663|0.544199|0.679353|0.898761|0.007752|129.000000|0.485690|0.370756|69.000000|0.265760|0.666667|-0.198008|15.000000|0.000000|1.680997|0.226649|0.226649|1.000000|0.376891|20200323.000000|20200323.000000|20160229.000000|20150615.000000|20160229.000000|20260828.000000
EX5:SB_BOTH|2011-05-01|0.388374|0.601993|0.935972|0.645148|1.517342|5.836953|6.000000|0.616100|0.713210|0.952959|1.360671|0.622732|0.407857|0.412254|0.819836|0.948155|0.040816|0.408778|0.349131|0.047604|0.545587|0.707542|0.910399|0.000000|123.000000|0.452452|0.381538|63.000000|0.381546|0.714286|-0.198478|14.000000|0.000000|1.678724|0.225602|0.225602|1.000000|0.389883|20200323.000000|20200323.000000|20160531.000000|20150615.000000|20160229.000000|20260828.000000
EX5:SB_BOTH|2011-11-01|0.425802|0.601794|0.993541|0.707555|1.567556|5.796664|7.000000|0.616637|0.723981|0.950099|1.372634|0.622411|0.427147|0.513754|0.865237|0.976207|0.000000|0.426559|0.365964|0.104911|0.545590|0.744080|0.935379|0.000000|117.000000|0.609268|0.403500|57.000000|0.376267|0.714286|-0.198228|14.000000|0.000000|1.678829|0.225651|0.225651|1.000000|0.427733|20200323.000000|20200323.000000|20161230.000000|20150615.000000|20160229.000000|20260828.000000
EX5:SB_BOTH|2012-05-01|0.425831|0.659370|0.969075|0.645815|1.617458|5.925288|7.000000|0.617217|0.706933|0.986747|1.375714|0.635708|0.406406|0.545586|0.801012|0.948311|0.000000|0.414352|0.345738|0.131471|0.545586|0.679744|0.913614|0.000000|111.000000|0.562381|0.386533|51.000000|0.447119|0.769231|-0.109915|13.000000|0.000000|1.569408|0.171662|0.171662|1.000000|0.427355|20150825.000000|20150825.000000|20200529.000000|20150615.000000|20150825.000000|20260828.000000
EX5:SB_BOTH|2012-11-01|0.479843|0.685098|1.042494|0.700400|1.646662|5.847021|7.000000|0.620757|0.728366|1.055054|1.378378|0.626861|0.419620|0.545756|0.854639|0.981840|0.007752|0.411556|0.358491|0.111687|0.545756|0.719115|0.925454|0.000000|105.000000|0.588427|0.404536|45.000000|0.447119|0.769231|-0.151248|13.000000|0.000000|1.544035|0.158050|0.158050|1.000000|0.482131|20150825.000000|20150825.000000|20200529.000000|20150615.000000|20160229.000000|20260828.000000
EX5:SB_BOTH|2013-05-01|0.457761|0.621764|1.042966|0.736230|1.590266|6.401520|7.000000|0.623227|0.710172|0.946675|1.363786|0.684048|0.428067|0.512784|0.915723|1.008135|0.000000|0.437019|0.359336|0.129104|0.544704|0.802306|0.987998|0.000000|99.000000|0.591449|0.414803|39.000000|0.485156|0.833333|-0.238465|12.000000|0.000000|1.686445|0.229148|0.229148|1.000000|0.459230|20200323.000000|20200323.000000|20200529.000000|20150615.000000|20160526.000000|20260828.000000
EX5:SB_BOTH|2013-11-01|0.487448|0.632974|1.071046|0.770093|1.630128|6.025082|7.000000|0.611757|0.717048|0.949996|1.374020|0.593590|0.430420|0.446757|0.923183|1.030775|0.000000|0.444479|0.338348|0.124104|0.545545|0.824477|1.021753|0.000000|93.000000|0.613874|0.416160|33.000000|0.403849|0.833333|-0.187935|12.000000|0.000000|1.679126|0.225788|0.225788|1.000000|0.488851|20200323.000000|20200323.000000|20200529.000000|20150615.000000|20160229.000000|20260828.000000
EX5:SB_BOTH|2014-05-01|0.504011|0.716743|1.091572|0.703196|1.608802|5.920582|7.000000|0.608314|0.754209|1.004533|1.313138|0.567378|0.415379|0.467369|1.125194|1.035733|0.000000|0.435951|0.341005|0.076567|0.545402|0.799320|1.039828|0.000000|87.000000|0.592113|0.418075|27.000000|0.450529|0.727273|-0.252631|11.000000|0.000000|1.679108|0.225780|0.225780|1.000000|0.505204|20200323.000000|20200323.000000|20200529.000000|20150615.000000|20160229.000000|20260828.000000
EX5:SB_BOTH|2014-11-01|0.470592|0.743455|1.035857|0.632979|1.617102|6.133252|7.000000|0.605168|0.705694|0.950148|1.290493|0.550957|0.420458|0.357899|1.271472|1.069320|0.000000|0.439912|0.346760|0.058450|0.545545|0.806618|1.038909|0.000000|81.000000|0.576039|0.438182|21.000000|0.447094|0.727273|-0.315999|11.000000|0.000000|1.521648|0.145663|0.145663|1.000000|0.472021|20150825.000000|20150825.000000|20200529.000000|20150615.000000|20160128.000000|20260828.000000
EX5:SB_BOTH|2015-05-01|0.450989|0.564354|1.106866|0.799123|1.506680|5.955787|7.000000|0.603681|0.700007|0.834397|1.340400|0.529057|0.429797|0.320577|1.366143|1.067500|0.000000|0.461220|0.335053|0.122725|0.474254|0.978555|1.071808|0.000000|75.000000|0.599454|0.436645|15.000000|0.462235|0.800000|-0.272405|10.000000|0.000000|1.785690|0.271990|0.271990|1.000000|0.452295|20200323.000000|20200323.000000|20200529.000000|20150615.000000|20160613.000000|20260828.000000
EX5:SB_BOTH|2015-11-01|0.458519|0.478839|1.131744|0.957563|1.567957|6.443924|7.000000|0.603365|0.690494|0.803670|1.346710|0.539670|0.361522|0.320714|1.294926|1.057575|0.000000|0.414090|0.337709|0.190539|0.474550|0.882471|1.018910|0.000000|69.000000|0.554841|0.549611|9.000000|0.395301|0.800000|-0.267057|10.000000|0.000000|1.784613|0.271551|0.271551|1.000000|0.459999|20200323.000000|20200323.000000|20230131.000000|20151225.000000|20160613.000000|20260828.000000
EX5:SB_BOTH|2016-05-01|0.598100|0.474701|1.376238|1.259952|1.591909|5.941410|7.000000|0.600345|0.691899|0.818995|1.347670|0.504583|0.423739|0.320116|1.516700|1.114716|0.000000|0.467789|0.392984|0.238048|0.474701|0.994998|1.098414|0.000000|63.000000|0.592531|0.592169|3.000000|0.461106|0.888889|-0.076812|9.000000|0.000000|1.784219|0.271390|0.271390|1.000000|0.600438|20200323.000000|20200323.000000|20230131.000000|20200114.000000|20200323.000000|20260828.000000
EX5:T1_GAIN|2009-11-01|0.330416|0.747123|0.816017|0.442251|1.512535|5.661201|6.000000|0.613726|0.715341|0.913633|1.385996|0.617573|0.410262|0.397612|1.005111|0.982579|0.157576|0.462903|0.290890|-0.182416|0.488157|0.840912|0.968374|0.106383|141.000000|0.595270|0.397544|81.000000|0.248284|0.687500|-0.346536|16.000000|0.000000|1.532876|0.151921|0.151921|0.984589|0.331786|20150825.000000|20150825.000000|20160229.000000|20110328.000000|20140320.000000|20260828.000000
EX5:T1_GAIN|2010-05-01|0.339151|0.748661|0.835643|0.453010|1.532713|5.962253|7.000000|0.624465|0.742514|0.945973|1.364745|0.683978|0.397881|0.545041|0.757021|0.901546|0.119497|0.387910|0.294182|-0.150499|0.545041|0.659931|0.903983|0.088889|135.000000|0.533637|0.353760|75.000000|0.311268|0.666667|-0.346227|15.000000|0.000000|1.680341|0.226347|0.226347|1.000000|0.340680|20200323.000000|20200323.000000|20160229.000000|20110328.000000|20140320.000000|20260828.000000
EX5:T1_GAIN|2010-11-01|0.386784|0.670603|0.919532|0.576771|1.486322|6.065329|7.000000|0.616728|0.708470|0.992136|1.344965|0.636758|0.432060|0.459484|0.886734|1.004720|0.078431|0.419311|0.341258|-0.042924|0.545640|0.724659|0.930105|0.015504|129.000000|0.554564|0.396422|69.000000|0.274663|0.666667|-0.202368|15.000000|0.000000|1.515692|0.142306|0.142306|1.000000|0.388267|20150825.000000|20150825.000000|20160229.000000|20150615.000000|20150825.000000|20260828.000000
EX5:T1_GAIN|2011-05-01|0.378116|0.667996|0.900299|0.566045|1.512180|6.377353|7.000000|0.625970|0.709521|0.981615|1.356911|0.708983|0.402526|0.455160|0.850336|0.926417|0.040816|0.409278|0.345976|0.026756|0.545507|0.688552|0.908923|0.000000|123.000000|0.523030|0.388580|63.000000|0.345573|0.714286|-0.202480|14.000000|0.000000|1.520181|0.144839|0.144839|1.000000|0.379579|20150825.000000|20150825.000000|20160531.000000|20150615.000000|20150825.000000|20260828.000000
EX5:T1_GAIN|2011-11-01|0.409596|0.621064|0.965707|0.659507|1.563982|5.833519|7.000000|0.619279|0.717250|0.950391|1.364427|0.656170|0.422266|0.513115|0.889948|0.985756|0.000000|0.418339|0.359569|0.081364|0.545615|0.723092|0.941479|0.000000|117.000000|0.596564|0.401469|57.000000|0.366222|0.714286|-0.202459|14.000000|0.000000|1.678615|0.225552|0.225552|1.000000|0.411443|20200323.000000|20200323.000000|20161230.000000|20150615.000000|20160229.000000|20260828.000000
EX5:T1_GAIN|2012-05-01|0.445363|0.664379|1.025437|0.670345|1.578286|6.184637|7.000000|0.618422|0.705107|0.948734|1.357182|0.652726|0.425907|0.544275|0.949020|1.051831|0.000000|0.422798|0.350582|0.119063|0.544275|0.740379|0.955705|0.000000|111.000000|0.628351|0.398926|51.000000|0.444515|0.769231|-0.259792|13.000000|0.000000|1.680504|0.226423|0.226423|1.000000|0.446968|20200323.000000|20200323.000000|20200529.000000|20150615.000000|20160526.000000|20260828.000000
EX5:T1_GAIN|2012-11-01|0.479228|0.618768|1.069941|0.774488|1.635123|5.930284|7.000000|0.621426|0.713910|0.950685|1.368650|0.629244|0.434665|0.545453|0.913784|1.026299|0.000000|0.450523|0.376839|0.146478|0.545453|0.769447|0.976585|0.000000|105.000000|0.569345|0.424912|45.000000|0.445496|0.769231|-0.111272|13.000000|0.000000|1.678853|0.225662|0.225662|1.000000|0.481513|20200323.000000|20200323.000000|20200529.000000|20150615.000000|20160229.000000|20260828.000000
EX5:T1_GAIN|2013-05-01|0.452856|0.672719|1.016785|0.673173|1.633811|5.813220|7.000000|0.611620|0.720913|0.961255|1.302521|0.584388|0.425591|0.516090|0.982469|1.071094|0.000000|0.447134|0.320162|0.081055|0.543785|0.827284|1.054594|0.000000|99.000000|0.606837|0.399321|39.000000|0.459557|0.833333|-0.210711|12.000000|0.000000|1.661571|0.217608|0.217608|1.000000|0.454307|20150825.000000|20150825.000000|20200529.000000|20150615.000000|20160229.000000|20260828.000000
EX5:T1_GAIN|2013-11-01|0.495394|0.656981|1.070776|0.754046|1.629752|5.712071|7.000000|0.614931|0.704834|0.948086|1.366836|0.626282|0.465807|0.472240|1.033107|1.094919|0.000000|0.490541|0.376607|0.153445|0.545303|0.902208|1.122758|0.000000|93.000000|0.629710|0.450645|33.000000|0.396822|0.833333|-0.172641|12.000000|0.000000|1.648328|0.211322|0.211322|1.000000|0.496823|20150825.000000|20150825.000000|20200529.000000|20150615.000000|20160229.000000|20260828.000000
EX5:T1_GAIN|2014-05-01|0.536245|0.713535|1.135842|0.751534|1.614399|5.923208|7.000000|0.613244|0.739835|0.977578|1.321560|0.603069|0.457783|0.465104|1.176653|1.119728|0.000000|0.501901|0.384052|0.086125|0.545290|0.920430|1.142511|0.000000|87.000000|0.621471|0.455949|27.000000|0.445419|0.818182|-0.231261|11.000000|0.000000|1.679188|0.225816|0.225816|1.000000|0.537527|20200323.000000|20200323.000000|20200529.000000|20150615.000000|20160229.000000|20260828.000000
EX5:T1_GAIN|2014-11-01|0.507887|0.745789|1.089703|0.681006|1.618339|5.928555|7.000000|0.610885|0.706967|0.966887|1.306084|0.602435|0.467571|0.354875|1.297723|1.155480|0.000000|0.498971|0.390043|0.060012|0.544756|0.915953|1.136572|0.000000|81.000000|0.622315|0.493986|21.000000|0.444457|0.727273|-0.321254|11.000000|0.000000|1.502553|0.134806|0.134806|1.000000|0.509447|20150825.000000|20150825.000000|20200529.000000|20150615.000000|20160128.000000|20260828.000000
EX5:T1_GAIN|2015-05-01|0.448748|0.564354|1.102901|0.795153|1.507396|6.135539|7.000000|0.604460|0.702202|0.816630|1.346734|0.536226|0.448315|0.315600|1.268381|1.085194|0.000000|0.485131|0.351645|0.130810|0.473221|1.036825|1.124345|0.000000|75.000000|0.593245|0.434328|15.000000|0.462166|0.800000|-0.272405|10.000000|0.000000|1.786508|0.272324|0.272324|1.000000|0.450047|20200323.000000|20200323.000000|20200529.000000|20150615.000000|20160613.000000|20260828.000000
EX5:T1_GAIN|2015-11-01|0.520790|0.478839|1.232457|1.087609|1.565107|5.810818|7.000000|0.603788|0.694259|0.815310|1.321728|0.527788|0.462448|0.315685|1.586054|1.213090|0.000000|0.505272|0.423368|0.267576|0.473115|1.073183|1.153048|0.000000|69.000000|0.624191|0.621718|9.000000|0.488250|0.800000|-0.267057|10.000000|0.000000|1.787354|0.272668|0.272668|1.000000|0.522504|20200323.000000|20200323.000000|20230131.000000|20151225.000000|20160613.000000|20260828.000000
EX5:T1_GAIN|2016-05-01|0.637951|0.473582|1.433083|1.347076|1.570388|6.951460|7.000000|0.612944|0.691649|0.804769|1.390393|0.599841|0.501772|0.315480|1.464831|1.209605|0.000000|0.547355|0.469896|0.306211|0.473582|1.162656|1.227817|0.000000|63.000000|0.630682|0.634059|3.000000|0.646051|0.888889|-0.066742|9.000000|0.000000|1.785903|0.272077|0.272077|1.000000|0.640473|20200323.000000|20200323.000000|20230131.000000|20200114.000000|20200323.000000|20260828.000000
EX5:T1_SWAP|2009-11-01|0.295391|0.748607|0.748285|0.394588|1.528527|6.418443|6.000000|0.627138|0.721832|0.943218|1.357644|0.700906|0.371223|0.542215|0.742934|0.871134|0.151515|0.380063|0.227162|-0.173271|0.542215|0.653007|0.862536|0.106383|141.000000|0.506369|0.345736|81.000000|0.206222|0.625000|-0.346536|16.000000|0.000000|1.592509|0.183678|0.183678|0.984589|0.296601|20150825.000000|20150825.000000|20160229.000000|20110328.000000|20140320.000000|20260828.000000
EX5:T1_SWAP|2010-05-01|0.337757|0.743536|0.827903|0.454258|1.552078|5.830636|6.000000|0.621767|0.727649|0.945725|1.347544|0.660867|0.405008|0.543090|0.850599|0.942477|0.119497|0.404010|0.315699|-0.153391|0.543090|0.710437|0.908851|0.081481|135.000000|0.540443|0.372903|75.000000|0.283917|0.666667|-0.346227|15.000000|0.000000|1.682767|0.227463|0.227463|1.000000|0.339279|20200323.000000|20200323.000000|20160229.000000|20110328.000000|20140320.000000|20260828.000000
EX5:T1_SWAP|2010-11-01|0.388750|0.648704|0.926681|0.599271|1.482599|6.211816|7.000000|0.616549|0.706753|0.929433|1.335788|0.642722|0.420249|0.461171|0.935050|0.981998|0.084967|0.426437|0.346993|-0.039474|0.539740|0.733594|0.935796|0.015504|129.000000|0.571266|0.398580|69.000000|0.290606|0.666667|-0.202368|15.000000|0.000000|1.620191|0.197626|0.197626|1.000000|0.390241|20150825.000000|20150825.000000|20160229.000000|20150615.000000|20160229.000000|20260828.000000
EX5:T1_SWAP|2011-05-01|0.403944|0.648567|0.944882|0.622825|1.521975|5.887288|7.000000|0.617761|0.709418|0.941788|1.335473|0.640691|0.427038|0.453964|0.971092|1.022995|0.040816|0.432427|0.364410|0.033586|0.541386|0.780839|0.978481|0.000000|123.000000|0.570325|0.417709|63.000000|0.375010|0.714286|-0.202480|14.000000|0.000000|1.600530|0.187769|0.187769|1.000000|0.405520|20150825.000000|20150825.000000|20160531.000000|20150615.000000|20160229.000000|20260828.000000
EX5:T1_SWAP|2011-11-01|0.434763|0.650230|0.987010|0.668629|1.570967|6.399135|7.000000|0.620136|0.710425|0.944420|1.336466|0.640851|0.453881|0.514145|1.095674|1.074293|0.000000|0.452436|0.384930|0.090807|0.544798|0.824826|1.031780|0.000000|117.000000|0.634824|0.436238|57.000000|0.396630|0.714286|-0.202459|14.000000|0.000000|1.547560|0.159968|0.159968|1.000000|0.436740|20150825.000000|20150825.000000|20161230.000000|20150615.000000|20150825.000000|20260828.000000
EX5:T1_SWAP|2012-05-01|0.458827|0.661446|1.028709|0.693673|1.595239|5.790036|7.000000|0.615921|0.706377|0.945454|1.331948|0.628497|0.440292|0.544946|0.962078|1.054251|0.000000|0.438105|0.377899|0.143062|0.544946|0.749299|0.949448|0.000000|111.000000|0.630392|0.416373|51.000000|0.419775|0.769231|-0.132229|13.000000|0.000000|1.605933|0.190502|0.190502|1.000000|0.460488|20150825.000000|20150825.000000|20200529.000000|20150615.000000|20160229.000000|20260828.000000
EX5:T1_SWAP|2012-11-01|0.494235|0.660201|1.076816|0.748613|1.638807|6.087335|7.000000|0.619518|0.711658|0.945733|1.346191|0.633413|0.446724|0.544281|0.978238|1.066891|0.000000|0.451237|0.382611|0.136903|0.544281|0.769229|1.011881|0.000000|105.000000|0.597963|0.435846|45.000000|0.419286|0.846154|-0.133914|13.000000|0.000000|1.603516|0.189282|0.189282|1.000000|0.496603|20150825.000000|20150825.000000|20200529.000000|20150615.000000|20160229.000000|20260828.000000
EX5:T1_SWAP|2013-05-01|0.457917|0.688682|1.017385|0.664917|1.623116|6.004544|7.000000|0.617534|0.726924|1.054223|1.350596|0.629127|0.432505|0.510853|0.971304|1.057513|0.000000|0.446183|0.348346|0.098206|0.532139|0.838472|1.047238|0.000000|99.000000|0.611777|0.406170|39.000000|0.465985|0.833333|-0.218487|12.000000|0.000000|1.637566|0.206139|0.206139|1.000000|0.459386|20150825.000000|20150825.000000|20200529.000000|20150615.000000|20160229.000000|20260828.000000
EX5:T1_SWAP|2013-11-01|0.503610|0.635843|1.094650|0.792035|1.623158|6.113182|7.000000|0.612664|0.711583|0.944268|1.351694|0.595513|0.463494|0.447077|1.128646|1.138112|0.000000|0.527464|0.380219|0.132128|0.544815|0.968153|1.145196|0.000000|93.000000|0.625430|0.458236|33.000000|0.418686|0.833333|-0.166650|12.000000|0.000000|1.679993|0.226187|0.226187|1.000000|0.505067|20200323.000000|20200323.000000|20200529.000000|20150615.000000|20160229.000000|20260828.000000
EX5:T1_SWAP|2014-05-01|0.523326|0.716231|1.119012|0.730667|1.606093|6.289454|7.000000|0.610767|0.740249|1.004071|1.333332|0.596398|0.435122|0.464963|1.150049|1.084079|0.000000|0.466191|0.358865|0.078732|0.545013|0.855377|1.095126|0.000000|87.000000|0.615638|0.436038|27.000000|0.427642|0.727273|-0.248532|11.000000|0.000000|1.679710|0.226057|0.226057|1.000000|0.524572|20200323.000000|20200323.000000|20200529.000000|20150615.000000|20160229.000000|20260828.000000
EX5:T1_SWAP|2014-11-01|0.488473|0.748988|1.056032|0.652178|1.618618|6.027987|7.000000|0.611131|0.708300|0.946767|1.312169|0.578087|0.461621|0.357683|1.282196|1.128666|0.000000|0.491100|0.385180|0.054972|0.544485|0.906856|1.125649|0.000000|81.000000|0.602202|0.474542|21.000000|0.428070|0.727273|-0.347885|11.000000|0.000000|1.491593|0.128449|0.128449|1.000000|0.489965|20150825.000000|20150825.000000|20200529.000000|20150615.000000|20160128.000000|20260828.000000
EX5:T1_SWAP|2015-05-01|0.433021|0.578224|1.079292|0.748881|1.515353|5.825965|7.000000|0.595780|0.684731|0.811910|1.350371|0.461887|0.382932|0.321296|1.076164|1.005905|0.000000|0.399389|0.329488|0.201268|0.407710|1.031183|1.017213|0.000000|75.000000|0.580645|0.414119|15.000000|0.393500|0.800000|-0.290160|10.000000|0.000000|1.888232|0.311525|0.311525|1.000000|0.434268|20200323.000000|20200323.000000|20200529.000000|20150615.000000|20160613.000000|20260828.000000
EX5:T1_SWAP|2015-11-01|0.503404|0.480118|1.192159|1.048501|1.573792|5.958564|7.000000|0.593391|0.675453|0.814417|1.350066|0.429283|0.445671|0.321341|1.279219|1.081889|0.000000|0.455208|0.381905|0.261964|0.408173|1.213909|1.107026|0.000000|69.000000|0.602942|0.595372|9.000000|0.456888|0.800000|-0.265256|10.000000|0.000000|1.887406|0.311224|0.311224|1.000000|0.505053|20200323.000000|20200323.000000|20230131.000000|20151225.000000|20160613.000000|20260828.000000
EX5:T1_SWAP|2016-05-01|0.592716|0.408452|1.380568|1.451128|1.594424|5.814589|7.000000|0.595170|0.685645|0.811497|1.345640|0.456357|0.400805|0.316565|1.172488|1.053867|0.000000|0.418637|0.349077|0.226521|0.408452|1.085486|1.055407|0.000000|63.000000|0.586607|0.586364|3.000000|0.464675|0.888889|-0.070638|9.000000|0.000000|1.886934|0.311052|0.311052|1.000000|0.595029|20200323.000000|20200323.000000|20230131.000000|20200305.000000|20200323.000000|20260828.000000
EX5:T1_BUY|2009-11-01|0.268891|0.728251|0.719247|0.369229|1.513700|5.242889|7.000000|0.606474|0.701840|0.909673|1.357071|0.581384|0.302700|0.429568|0.631577|0.767074|0.151515|0.328940|0.168070|-0.171788|0.444174|0.574332|0.801920|0.099291|141.000000|0.348538|0.274900|81.000000|0.102456|0.625000|-0.338087|16.000000|0.000000|1.739597|0.252700|0.252700|0.984589|0.269981|20150825.000000|20150825.000000|20160229.000000|20110325.000000|20121129.000000|20260828.000000
EX5:T1_BUY|2010-05-01|0.311386|0.728374|0.778077|0.427508|1.557671|5.893549|6.000000|0.605192|0.708828|0.984489|1.373286|0.558785|0.370033|0.435420|0.831189|0.878861|0.125786|0.367823|0.296855|-0.178661|0.471069|0.737849|0.861053|0.081481|135.000000|0.477114|0.340038|75.000000|0.189167|0.733333|-0.338176|15.000000|0.000000|1.557848|0.165515|0.165515|1.000000|0.312775|20150825.000000|20150825.000000|20160229.000000|20110325.000000|20121129.000000|20260828.000000
EX5:T1_BUY|2010-11-01|0.335358|0.684883|0.839748|0.489657|1.483887|5.469018|7.000000|0.599897|0.679068|0.984970|1.336597|0.491603|0.380731|0.429265|0.923117|0.913363|0.084967|0.385973|0.316734|-0.056036|0.429265|0.761858|0.871994|0.015504|129.000000|0.474128|0.353225|69.000000|0.183096|0.733333|-0.191562|15.000000|0.000000|1.557719|0.165446|0.165446|1.000000|0.336621|20150825.000000|20150825.000000|20160229.000000|20150615.000000|20160229.000000|20260828.000000
EX5:T1_BUY|2011-05-01|0.351445|0.636095|0.879115|0.552503|1.507346|5.602244|7.000000|0.600032|0.683132|0.980557|1.343712|0.502690|0.372836|0.407316|0.914106|0.920175|0.040816|0.375089|0.308017|0.004292|0.419232|0.795478|0.876704|0.000000|123.000000|0.455525|0.348561|63.000000|0.314028|0.714286|-0.191403|14.000000|0.000000|1.735480|0.250928|0.250928|1.000000|0.352792|20150825.000000|20150825.000000|20160531.000000|20150615.000000|20160526.000000|20260828.000000
EX5:T1_BUY|2011-11-01|0.379799|0.716105|0.905879|0.530368|1.568840|5.860724|7.000000|0.600976|0.681052|1.037036|1.338130|0.520272|0.398181|0.408549|1.061280|1.023935|0.014184|0.396382|0.336392|0.048160|0.408549|0.941368|0.959721|0.000000|117.000000|0.573944|0.377443|57.000000|0.382303|0.785714|-0.191303|14.000000|0.000000|1.556751|0.164927|0.164927|1.000000|0.381495|20150825.000000|20150825.000000|20161230.000000|20150615.000000|20160229.000000|20260828.000000
EX5:T1_BUY|2012-05-01|0.422644|0.637545|0.986963|0.662924|1.595768|5.719294|6.000000|0.600102|0.682355|0.978754|1.346788|0.505906|0.417104|0.408479|1.169179|1.067715|0.000000|0.415084|0.348905|0.153224|0.408479|0.977949|0.983102|0.000000|111.000000|0.582549|0.396028|51.000000|0.454387|0.846154|-0.156128|13.000000|0.000000|1.736785|0.251490|0.251490|1.000000|0.424155|20150825.000000|20150825.000000|20200630.000000|20150615.000000|20160526.000000|20260828.000000
EX5:T1_BUY|2012-11-01|0.468162|0.669812|1.078160|0.698945|1.618420|5.783141|7.000000|0.599588|0.673914|0.798035|1.336497|0.481239|0.402101|0.391602|1.091456|1.018652|0.000000|0.422609|0.354891|0.168837|0.391602|0.956236|0.964661|0.000000|105.000000|0.556861|0.405678|45.000000|0.452179|0.846154|-0.128997|13.000000|0.000000|1.847324|0.296279|0.296279|1.000000|0.470386|20150825.000000|20150825.000000|20200529.000000|20150615.000000|20160229.000000|20260828.000000
EX5:T1_BUY|2013-05-01|0.388313|0.686263|0.924071|0.565837|1.621915|5.347362|8.000000|0.586308|0.693488|0.942074|1.326419|0.421475|0.364725|0.422274|0.951948|0.915779|0.000000|0.349234|0.280452|0.091173|0.422274|0.846291|0.883056|0.000000|99.000000|0.527967|0.348003|39.000000|0.482222|0.833333|-0.252161|12.000000|0.000000|1.774841|0.267540|0.267540|1.000000|0.389531|20150825.000000|20150825.000000|20200529.000000|20150615.000000|20160229.000000|20260828.000000
EX5:T1_BUY|2013-11-01|0.485137|0.644331|1.095889|0.752931|1.618707|5.912308|7.000000|0.590833|0.655062|0.778596|1.342585|0.416987|0.459441|0.402699|1.224701|1.118900|0.000000|0.473117|0.365778|0.180378|0.402699|1.174865|1.088843|0.000000|93.000000|0.595473|0.441838|33.000000|0.426186|0.833333|-0.159277|12.000000|0.000000|1.895599|0.314201|0.314201|1.000000|0.486532|20200323.000000|20200323.000000|20200630.000000|20150615.000000|20160229.000000|20260828.000000
EX5:T1_BUY|2014-05-01|0.474887|0.706488|1.068738|0.672180|1.621965|5.383959|7.000000|0.591956|0.695165|0.958579|1.270479|0.427618|0.420934|0.451076|0.961395|1.037985|0.000000|0.449063|0.331475|0.061956|0.524664|0.864571|1.057937|0.000000|87.000000|0.557491|0.406888|27.000000|0.420184|0.727273|-0.231035|11.000000|0.000000|1.710569|0.240019|0.240019|1.000000|0.476001|20200323.000000|20200323.000000|20200529.000000|20150615.000000|20160229.000000|20260828.000000
EX5:T1_BUY|2014-11-01|0.478957|0.716508|1.080167|0.668460|1.611713|5.239068|7.000000|0.588849|0.658047|0.864737|1.248906|0.402783|0.410341|0.327295|1.355717|1.078294|0.000000|0.425216|0.324824|0.130088|0.383997|1.107341|1.054812|0.000000|81.000000|0.572360|0.448358|21.000000|0.476602|0.727273|-0.278304|11.000000|0.000000|1.557187|0.165161|0.165161|1.000000|0.480416|20150825.000000|20150825.000000|20200529.000000|20150615.000000|20160128.000000|20260828.000000
EX5:T1_BUY|2015-05-01|0.439523|0.559056|1.106876|0.786188|1.499082|5.683708|7.000000|0.595167|0.673185|0.785992|1.341621|0.450171|0.453805|0.318220|1.381434|1.137731|0.000000|0.498656|0.359898|0.133077|0.481708|1.043166|1.173277|0.000000|75.000000|0.591416|0.429554|15.000000|0.516030|0.800000|-0.271876|10.000000|0.000000|1.774469|0.267387|0.267387|1.000000|0.440791|20200323.000000|20200323.000000|20200529.000000|20150615.000000|20160513.000000|20260828.000000
EX5:T1_BUY|2015-11-01|0.513528|0.482036|1.229961|1.065331|1.559916|5.854493|7.000000|0.596304|0.668633|0.786661|1.342515|0.454406|0.469543|0.318144|1.575221|1.212296|0.000000|0.512123|0.440274|0.276744|0.482036|1.073876|1.188853|0.000000|69.000000|0.613837|0.608926|9.000000|0.525375|0.800000|-0.258899|10.000000|0.000000|1.773401|0.266945|0.266945|1.000000|0.515215|20200323.000000|20200323.000000|20230131.000000|20200114.000000|20200323.000000|20260828.000000
EX5:T1_BUY|2016-05-01|0.610955|0.482380|1.416146|1.266543|1.582105|5.540078|7.000000|0.596779|0.672062|0.786662|1.343542|0.462336|0.467089|0.318303|1.572706|1.195440|0.000000|0.499946|0.440434|0.276831|0.482380|1.069417|1.187084|0.000000|63.000000|0.602726|0.606438|3.000000|0.567595|0.888889|-0.076787|9.000000|0.000000|1.772767|0.266683|0.266683|1.000000|0.613352|20200323.000000|20200323.000000|20230131.000000|20200114.000000|20200323.000000|20260828.000000
EX5:T1_SELL|2009-11-01|0.332918|0.746253|0.826868|0.446120|1.517727|5.897151|6.000000|0.625608|0.713904|0.923816|1.367399|0.679507|0.406540|0.529669|0.885289|0.960364|0.151515|0.424325|0.239314|-0.156787|0.529669|0.737299|0.931191|0.106383|141.000000|0.573969|0.383887|81.000000|0.287869|0.625000|-0.346536|16.000000|0.000000|1.702613|0.236468|0.236468|0.984589|0.334300|20200323.000000|20200323.000000|20160229.000000|20110328.000000|20140320.000000|20260828.000000
EX5:T1_SELL|2010-05-01|0.350689|0.741863|0.842818|0.472715|1.551941|5.829556|7.000000|0.627838|0.724031|0.979593|1.323675|0.685277|0.420100|0.543940|0.882429|0.957251|0.119497|0.424159|0.322176|-0.171757|0.543940|0.712781|0.922857|0.081481|135.000000|0.568971|0.386142|75.000000|0.307766|0.666667|-0.346227|15.000000|0.000000|1.525044|0.147566|0.147566|1.000000|0.352276|20150825.000000|20150825.000000|20160229.000000|20110328.000000|20140320.000000|20260828.000000
EX5:T1_SELL|2010-11-01|0.360860|0.678978|0.875234|0.531476|1.483726|5.932769|7.000000|0.618163|0.705256|1.007007|1.335366|0.626728|0.390749|0.476335|0.803405|0.918390|0.078431|0.394604|0.327276|-0.052041|0.543919|0.679167|0.889711|0.015504|129.000000|0.515908|0.370502|69.000000|0.262918|0.666667|-0.202368|15.000000|0.000000|1.506747|0.137214|0.137214|1.000000|0.362232|20150825.000000|20150825.000000|20160229.000000|20150615.000000|20160229.000000|20260828.000000
EX5:T1_SELL|2011-05-01|0.387790|0.705528|0.918770|0.549644|1.508064|5.697712|7.000000|0.623419|0.707774|0.945086|1.349978|0.657693|0.407450|0.491939|0.878404|0.956066|0.047619|0.399218|0.335865|-0.005563|0.543699|0.710273|0.929965|0.008130|123.000000|0.543523|0.384935|63.000000|0.353931|0.714286|-0.202480|14.000000|0.000000|1.505064|0.136249|0.136249|1.000000|0.389295|20150825.000000|20150825.000000|20160531.000000|20150615.000000|20160229.000000|20260828.000000
EX5:T1_SELL|2011-11-01|0.417874|0.678111|0.959699|0.616232|1.562586|5.798849|7.000000|0.621890|0.707548|1.013769|1.339503|0.651915|0.435022|0.538711|1.038551|1.047080|0.000000|0.434471|0.364122|0.057310|0.543624|0.780916|1.001904|0.000000|117.000000|0.632564|0.418805|57.000000|0.384587|0.714286|-0.202459|14.000000|0.000000|1.503779|0.135511|0.135511|1.000000|0.419764|20150825.000000|20150825.000000|20161230.000000|20150615.000000|20150825.000000|20260828.000000
EX5:T1_SELL|2012-05-01|0.461616|0.676527|1.020208|0.682332|1.601593|6.094401|7.000000|0.618305|0.707131|1.007368|1.340368|0.643207|0.451065|0.543702|1.074998|1.115642|0.000000|0.446538|0.370218|0.130834|0.543702|0.816777|1.029294|0.000000|111.000000|0.648069|0.426172|51.000000|0.453310|0.769231|-0.183885|13.000000|0.000000|1.506357|0.136991|0.136991|1.000000|0.463288|20150825.000000|20150825.000000|20200529.000000|20150615.000000|20150825.000000|20260828.000000
EX5:T1_SELL|2012-11-01|0.524293|0.617183|1.133269|0.849493|1.631736|6.043479|7.000000|0.621884|0.706708|0.937314|1.355489|0.635795|0.466800|0.532099|1.089484|1.115881|0.000000|0.472026|0.405724|0.166939|0.532099|0.859624|1.052634|0.000000|105.000000|0.624378|0.456280|45.000000|0.459630|0.846154|-0.099237|13.000000|0.000000|1.698549|0.234641|0.234641|1.000000|0.526828|20200323.000000|20200323.000000|20200529.000000|20150615.000000|20160229.000000|20260828.000000
EX5:T1_SELL|2013-05-01|0.451814|0.674571|1.017243|0.669780|1.631496|5.817118|7.000000|0.606754|0.717342|0.956657|1.334090|0.550447|0.423124|0.515034|0.992305|1.088629|0.000000|0.444337|0.319845|0.077989|0.544093|0.819657|1.041189|0.000000|99.000000|0.603469|0.399435|39.000000|0.466247|0.833333|-0.225145|12.000000|0.000000|1.661620|0.217631|0.217631|1.000000|0.453261|20150825.000000|20150825.000000|20200529.000000|20150615.000000|20160229.000000|20260828.000000
EX5:T1_SELL|2013-11-01|0.497925|0.633436|1.090680|0.786069|1.627146|5.604765|7.000000|0.612039|0.702916|0.853016|1.375699|0.579487|0.456339|0.449564|1.055028|1.106833|0.000000|0.488178|0.371769|0.146950|0.533411|0.915794|1.108343|0.000000|93.000000|0.618365|0.449161|33.000000|0.402388|0.833333|-0.171320|12.000000|0.000000|1.696858|0.233878|0.233878|1.000000|0.499362|20200323.000000|20200323.000000|20200529.000000|20150615.000000|20160229.000000|20260828.000000
EX5:T1_SELL|2014-05-01|0.535308|0.719720|1.129912|0.743773|1.616702|5.604369|7.000000|0.613847|0.742283|1.009864|1.334637|0.603736|0.450680|0.467043|1.202311|1.096574|0.000000|0.483636|0.374005|0.091607|0.544842|0.887663|1.112899|0.000000|87.000000|0.615373|0.451120|27.000000|0.428466|0.727273|-0.204902|11.000000|0.000000|1.644584|0.209527|0.209527|1.000000|0.536587|20150825.000000|20150825.000000|20200529.000000|20150615.000000|20160229.000000|20260828.000000
EX5:T1_SELL|2014-11-01|0.510234|0.747519|1.089024|0.682570|1.614277|5.857891|7.000000|0.609601|0.706348|0.999977|1.297628|0.581913|0.465856|0.347104|1.378198|1.140645|0.000000|0.489567|0.382665|0.066572|0.544593|0.898959|1.123616|0.000000|81.000000|0.625009|0.498992|21.000000|0.432661|0.727273|-0.350285|11.000000|0.000000|1.476827|0.119734|0.119734|1.000000|0.511802|20150825.000000|20150825.000000|20200529.000000|20150615.000000|20160128.000000|20260828.000000
EX5:T1_SELL|2015-05-01|0.445072|0.578224|1.095008|0.769723|1.513544|5.954594|7.000000|0.592745|0.672125|0.806516|1.360227|0.439623|0.442335|0.316659|1.224213|1.076728|0.000000|0.448618|0.361370|0.207102|0.407583|1.162460|1.091878|0.000000|75.000000|0.598416|0.429375|15.000000|0.460045|0.800000|-0.290160|10.000000|0.000000|1.888319|0.311557|0.311557|1.000000|0.446359|20200323.000000|20200323.000000|20200529.000000|20150615.000000|20160613.000000|20260828.000000
EX5:T1_SELL|2015-11-01|0.500486|0.480118|1.184783|1.042423|1.571790|5.694415|7.000000|0.593242|0.670997|0.807062|1.366542|0.438099|0.449949|0.316862|1.265639|1.084202|0.000000|0.451544|0.381161|0.264430|0.407670|1.204238|1.096440|0.000000|69.000000|0.597009|0.594133|9.000000|0.466205|0.800000|-0.265256|10.000000|0.000000|1.888233|0.311526|0.311526|1.000000|0.502123|20200323.000000|20200323.000000|20230131.000000|20151225.000000|20160613.000000|20260828.000000
EX5:T1_SELL|2016-05-01|0.571769|0.467098|1.362476|1.224086|1.586880|5.676166|7.000000|0.605337|0.692893|0.806639|1.338802|0.549621|0.362030|0.315671|1.364319|1.081707|0.000000|0.400719|0.331743|0.187368|0.467098|0.874855|1.022804|0.000000|63.000000|0.565007|0.563941|3.000000|0.450854|0.888889|-0.065692|9.000000|0.000000|1.795380|0.275919|0.275919|1.000000|0.573986|20200323.000000|20200323.000000|20230131.000000|20200114.000000|20200323.000000|20260828.000000
EX5:T1_ALL|2009-11-01|0.299215|0.736114|0.759300|0.406479|1.524781|5.400697|6.000000|0.608076|0.724669|1.089964|1.360033|0.593711|0.354463|0.533815|0.628022|0.818039|0.163636|0.348430|0.182480|-0.202396|0.533815|0.576352|0.824297|0.127660|141.000000|0.467629|0.311934|81.000000|0.104841|0.625000|-0.338087|16.000000|0.000000|1.502020|0.134499|0.134499|0.984589|0.300441|20150825.000000|20150825.000000|20160229.000000|20110325.000000|20140320.000000|20260828.000000
EX5:T1_ALL|2010-05-01|0.295290|0.731093|0.750964|0.403903|1.551616|5.437299|7.000000|0.606111|0.721159|1.047188|1.374821|0.573319|0.360553|0.476775|0.805778|0.860086|0.132075|0.359779|0.263096|-0.201704|0.489740|0.686773|0.848076|0.103704|135.000000|0.473294|0.328008|75.000000|0.330745|0.666667|-0.338176|15.000000|0.000000|1.497052|0.131627|0.131627|1.000000|0.296600|20150825.000000|20150825.000000|20160229.000000|20110325.000000|20140320.000000|20260828.000000
EX5:T1_ALL|2010-11-01|0.340326|0.686428|0.840682|0.495793|1.481920|5.527439|7.000000|0.604165|0.699399|1.004839|1.304915|0.553629|0.383840|0.482962|0.760839|0.895713|0.091503|0.378695|0.317769|-0.062432|0.528165|0.654118|0.874329|0.031008|129.000000|0.489513|0.350338|69.000000|0.309412|0.666667|-0.191562|15.000000|0.000000|1.506848|0.137272|0.137272|1.000000|0.341610|20150825.000000|20150825.000000|20160229.000000|20150615.000000|20160229.000000|20260828.000000
EX5:T1_ALL|2011-05-01|0.296878|0.724083|0.761972|0.410006|1.524033|5.502134|7.000000|0.606616|0.692310|1.094658|1.346800|0.556783|0.299762|0.477061|0.583274|0.768978|0.054422|0.324474|0.243482|-0.020884|0.477061|0.538724|0.776329|0.008130|123.000000|0.370780|0.300840|63.000000|0.262003|0.714286|-0.220244|14.000000|0.000000|1.473410|0.117693|0.117693|1.000000|0.297994|20150825.000000|20150825.000000|20160531.000000|20150615.000000|20160229.000000|20260828.000000
EX5:T1_ALL|2011-11-01|0.306878|0.723831|0.775718|0.423963|1.577780|5.418751|7.000000|0.605705|0.693756|1.094774|1.349214|0.555997|0.321325|0.476804|0.625118|0.799509|0.014184|0.337359|0.266734|0.029879|0.476804|0.553608|0.799095|0.000000|117.000000|0.468467|0.309089|57.000000|0.271270|0.714286|-0.219626|14.000000|0.000000|1.473137|0.117529|0.117529|1.000000|0.308213|20150825.000000|20150825.000000|20161230.000000|20150615.000000|20160229.000000|20260828.000000
EX5:T1_ALL|2012-05-01|0.411814|0.685865|0.943964|0.600431|1.610411|5.490795|8.000000|0.606151|0.699224|1.007223|1.322522|0.566695|0.408693|0.526260|0.861159|0.976461|0.007407|0.406090|0.347370|0.121772|0.526260|0.714862|0.899402|0.000000|111.000000|0.570872|0.383637|51.000000|0.448144|0.769231|-0.143587|13.000000|0.000000|1.505402|0.136443|0.136443|1.000000|0.413282|20150825.000000|20150825.000000|20200529.000000|20150615.000000|20160229.000000|20260828.000000
EX5:T1_ALL|2012-11-01|0.474756|0.682577|1.045058|0.695535|1.647441|5.496016|7.000000|0.602299|0.698825|1.022943|1.338788|0.531864|0.391034|0.531460|0.795887|0.935978|0.000000|0.409922|0.355833|0.135410|0.531460|0.721141|0.931835|0.000000|105.000000|0.579635|0.391507|45.000000|0.466008|0.769231|-0.113954|13.000000|0.000000|1.493252|0.129417|0.129417|1.000000|0.477017|20150825.000000|20150825.000000|20200529.000000|20150615.000000|20150825.000000|20260828.000000
EX5:T1_ALL|2013-05-01|0.394953|0.678892|0.932910|0.581761|1.616310|5.213290|7.000000|0.600520|0.710611|1.007504|1.322420|0.511571|0.327474|0.508510|0.639163|0.814552|0.000000|0.353187|0.289844|0.085231|0.537389|0.637507|0.869772|0.000000|99.000000|0.536093|0.342385|39.000000|0.389825|0.833333|-0.255235|12.000000|0.000000|1.690722|0.231098|0.231098|1.000000|0.396194|20200323.000000|20200323.000000|20200529.000000|20150615.000000|20160229.000000|20260828.000000
EX5:T1_ALL|2013-11-01|0.484755|0.664309|1.065291|0.729714|1.625920|5.603973|7.000000|0.600074|0.703538|0.920202|1.342187|0.503205|0.446367|0.470488|0.928128|1.035859|0.000000|0.450617|0.361568|0.148296|0.541678|0.838981|1.067208|0.000000|93.000000|0.621035|0.430506|33.000000|0.403901|0.833333|-0.178914|12.000000|0.000000|1.684675|0.228338|0.228338|1.000000|0.486150|20200323.000000|20200323.000000|20200529.000000|20150615.000000|20160229.000000|20260828.000000
EX5:T1_ALL|2014-05-01|0.420729|0.685867|0.989986|0.613427|1.635785|5.574687|7.000000|0.590241|0.706255|0.960145|1.221211|0.446631|0.330653|0.442663|0.829212|0.918658|0.000000|0.324510|0.259568|0.007726|0.511930|0.633895|0.835503|0.000000|87.000000|0.485901|0.337255|27.000000|0.377520|0.818182|-0.248743|11.000000|0.000000|1.701270|0.235865|0.235865|1.000000|0.421698|20150825.000000|20150825.000000|20200529.000000|20150615.000000|20160229.000000|20260828.000000
EX5:T1_ALL|2014-11-01|0.464479|0.721090|1.044575|0.644134|1.618658|5.351761|7.000000|0.599682|0.674231|0.894921|1.277658|0.475826|0.384295|0.357255|1.255743|1.040439|0.000000|0.395803|0.300633|0.076229|0.529531|0.747460|0.988809|0.000000|81.000000|0.560180|0.432662|21.000000|0.470677|0.727273|-0.289414|11.000000|0.000000|1.537051|0.154224|0.154224|1.000000|0.465886|20150825.000000|20150825.000000|20200529.000000|20150615.000000|20160128.000000|20260828.000000
EX5:T1_ALL|2015-05-01|0.412135|0.570024|1.058624|0.723014|1.507242|5.434673|8.000000|0.587353|0.656961|0.762093|1.356929|0.391815|0.382700|0.315170|1.160932|1.034891|0.000000|0.399172|0.326211|0.201437|0.413908|0.997104|1.035327|0.000000|75.000000|0.561834|0.400548|15.000000|0.431327|0.800000|-0.283520|10.000000|0.000000|1.878854|0.308089|0.308089|1.000000|0.413314|20200323.000000|20200323.000000|20200529.000000|20150615.000000|20160513.000000|20260828.000000
EX5:T1_ALL|2015-11-01|0.492069|0.489403|1.193012|1.005448|1.570429|5.258693|7.000000|0.599905|0.680221|0.792635|1.343633|0.492720|0.453452|0.314811|1.630466|1.171187|0.000000|0.494527|0.420401|0.264321|0.473028|1.056461|1.165775|0.000000|69.000000|0.594347|0.592271|9.000000|0.473061|0.800000|-0.275005|10.000000|0.000000|1.787090|0.272560|0.272560|1.000000|0.493674|20200323.000000|20200323.000000|20230131.000000|20151225.000000|20160513.000000|20260828.000000
EX5:T1_ALL|2016-05-01|0.580176|0.473053|1.358474|1.226449|1.589742|5.297409|7.000000|0.599859|0.694594|0.792226|1.333040|0.489039|0.432782|0.314774|1.472012|1.131264|0.000000|0.479187|0.407384|0.252448|0.473053|1.018456|1.121400|0.000000|63.000000|0.572417|0.575960|3.000000|0.467879|0.888889|-0.062655|9.000000|0.000000|1.786921|0.272492|0.272492|1.000000|0.582432|20200323.000000|20200323.000000|20230131.000000|20200114.000000|20200323.000000|20260828.000000
EX5:C1|2009-11-01|0.332302|0.726556|0.825440|0.457366|1.503261|5.894015|6.000000|0.616857|0.724356|0.900293|1.345138|0.657583|0.412848|0.537900|0.840175|0.950115|0.151515|0.418130|0.266201|-0.144716|0.537900|0.703012|0.909755|0.092199|141.000000|0.499479|0.373780|81.000000|0.277705|0.625000|-0.340268|16.000000|0.000000|1.690161|0.230842|0.230842|0.984589|0.333681|20200323.000000|20200323.000000|20160229.000000|20110325.000000|20121115.000000|20260828.000000
EX5:C1|2010-05-01|0.343486|0.726435|0.828798|0.472839|1.557356|5.289305|7.000000|0.615595|0.729948|1.029056|1.330165|0.623373|0.407060|0.541515|0.815797|0.944741|0.132075|0.403926|0.318134|-0.175856|0.541515|0.686979|0.903819|0.081481|135.000000|0.529386|0.366491|75.000000|0.311028|0.666667|-0.340229|15.000000|0.000000|1.506241|0.136924|0.136924|1.000000|0.345037|20150825.000000|20150825.000000|20160229.000000|20110325.000000|20121115.000000|20260828.000000
EX5:C1|2010-11-01|0.370287|0.682244|0.887096|0.542748|1.475420|5.664343|7.000000|0.611940|0.726499|1.026919|1.312375|0.605330|0.407204|0.482737|0.810648|0.925345|0.091503|0.400620|0.332979|-0.043338|0.534296|0.676081|0.891000|0.015504|129.000000|0.514608|0.366381|69.000000|0.296770|0.666667|-0.180012|15.000000|0.000000|1.507431|0.137606|0.137606|1.000000|0.371698|20150825.000000|20150825.000000|20160229.000000|20150615.000000|20160229.000000|20260828.000000
EX5:C1|2011-05-01|0.393776|0.617434|0.945442|0.637762|1.512702|5.335879|7.000000|0.608190|0.711283|0.895522|1.317562|0.578783|0.412875|0.399830|0.881752|0.984385|0.040816|0.427278|0.365858|0.055853|0.530247|0.733841|0.942112|0.000000|123.000000|0.488498|0.391221|63.000000|0.359834|0.785714|-0.179987|14.000000|0.000000|1.701500|0.235968|0.235968|1.000000|0.395308|20200323.000000|20200323.000000|20160531.000000|20150615.000000|20160229.000000|20260828.000000
EX5:C1|2011-11-01|0.409419|0.617434|0.964712|0.663098|1.564343|5.346223|7.000000|0.608190|0.711283|0.895522|1.317562|0.578783|0.424222|0.498963|0.902589|0.992854|0.000000|0.442483|0.373989|0.115012|0.530247|0.753478|0.956616|0.000000|117.000000|0.571787|0.410095|57.000000|0.359834|0.785714|-0.179987|14.000000|0.000000|1.701500|0.235968|0.235968|1.000000|0.411266|20200323.000000|20200323.000000|20161230.000000|20150615.000000|20160229.000000|20260828.000000
EX5:C1|2012-05-01|0.435321|0.687509|0.976699|0.633187|1.621645|5.121848|7.000000|0.609279|0.716748|1.053931|1.301631|0.588693|0.419670|0.526988|0.882779|0.985765|0.014815|0.419102|0.358850|0.128466|0.526988|0.734423|0.915330|0.000000|111.000000|0.586409|0.397235|51.000000|0.438471|0.769231|-0.112609|13.000000|0.000000|1.496257|0.131165|0.131165|1.000000|0.436885|20150825.000000|20150825.000000|20200529.000000|20150615.000000|20160229.000000|20260828.000000
EX5:C1|2012-11-01|0.517732|0.600541|1.114370|0.862108|1.619234|6.030635|7.000000|0.622762|0.740577|0.936325|1.386299|0.649792|0.466621|0.541215|0.981733|1.051731|0.000000|0.482792|0.417335|0.198364|0.541215|0.862652|1.035559|0.000000|105.000000|0.583900|0.457431|45.000000|0.476784|0.923077|-0.055682|13.000000|0.000000|1.685000|0.228487|0.228487|1.000000|0.520230|20200323.000000|20200323.000000|20200529.000000|20150615.000000|20160229.000000|20260828.000000
EX5:C1|2013-05-01|0.462629|0.603973|1.047471|0.765977|1.621238|5.246805|7.000000|0.603913|0.701259|0.864978|1.340385|0.548905|0.430008|0.496706|0.951732|1.029463|0.000000|0.449331|0.373715|0.139919|0.532343|0.796932|1.011580|0.000000|99.000000|0.577683|0.424530|39.000000|0.435855|0.833333|-0.168519|12.000000|0.000000|1.698187|0.234478|0.234478|1.000000|0.464116|20200323.000000|20200323.000000|20200529.000000|20150615.000000|20160229.000000|20260828.000000
EX5:C1|2013-11-01|0.504957|0.619772|1.091348|0.814746|1.631134|5.446739|7.000000|0.605572|0.693337|0.883886|1.339475|0.561218|0.460180|0.422396|1.002204|1.043616|0.000000|0.463665|0.386635|0.187347|0.534257|0.866792|1.042454|0.000000|93.000000|0.584145|0.465151|33.000000|0.464113|0.916667|-0.079422|12.000000|0.000000|1.695443|0.233239|0.233239|1.000000|0.506418|20200323.000000|20200323.000000|20200529.000000|20150615.000000|20160229.000000|20260828.000000
EX5:C1|2014-05-01|0.527229|0.716348|1.100747|0.735995|1.625326|5.775335|7.000000|0.608013|0.751637|0.968820|1.353103|0.565710|0.438220|0.477523|1.009624|1.033986|0.000000|0.462933|0.367892|0.079229|0.531760|0.873191|1.048865|0.000000|87.000000|0.585483|0.436336|27.000000|0.440712|0.727273|-0.170843|11.000000|0.000000|1.588301|0.181515|0.181515|1.000000|0.528485|20150825.000000|20150825.000000|20200529.000000|20150615.000000|20160229.000000|20260828.000000
EX5:C1|2014-11-01|0.434054|0.754907|0.991836|0.574976|1.617935|5.510143|7.000000|0.605130|0.684950|1.007167|1.273914|0.550609|0.341337|0.327727|1.139867|0.921760|0.000000|0.352472|0.273221|0.068443|0.531974|0.669403|0.920010|0.000000|81.000000|0.537812|0.421365|21.000000|0.288644|0.727273|-0.408120|11.000000|0.000000|1.431287|0.091727|0.091727|1.000000|0.435356|20150825.000000|20150825.000000|20200529.000000|20150615.000000|20160128.000000|20260828.000000
EX5:C1|2015-05-01|0.396282|0.524560|1.040781|0.755456|1.497996|5.377838|7.000000|0.592948|0.674884|0.779961|1.305897|0.432853|0.343385|0.324427|1.184427|0.994374|0.000000|0.361630|0.270352|0.125246|0.490502|0.753883|0.929132|0.000000|75.000000|0.532152|0.379229|15.000000|0.377225|0.800000|-0.266935|10.000000|0.000000|1.761375|0.261940|0.261940|1.000000|0.397409|20200323.000000|20200323.000000|20200529.000000|20150615.000000|20160613.000000|20260828.000000
EX5:C1|2015-11-01|0.453509|0.490799|1.134486|0.924022|1.561618|5.666462|7.000000|0.594299|0.674542|0.780718|1.321249|0.445765|0.342707|0.324593|1.229161|1.008110|0.000000|0.375598|0.315959|0.165117|0.490799|0.771438|0.969060|0.000000|69.000000|0.556594|0.543607|9.000000|0.377271|0.800000|-0.294549|10.000000|0.000000|1.760308|0.261493|0.261493|1.000000|0.454970|20200323.000000|20200323.000000|20230131.000000|20200114.000000|20200323.000000|20260828.000000
EX5:C1|2016-05-01|0.563670|0.491179|1.338253|1.147585|1.590272|5.169394|7.000000|0.595723|0.700303|0.780510|1.306422|0.458350|0.368008|0.323794|1.301157|1.056647|0.000000|0.416267|0.349055|0.199900|0.491179|0.848706|1.014966|0.000000|63.000000|0.559110|0.557114|3.000000|0.438425|0.888889|-0.068692|9.000000|0.000000|1.759863|0.261306|0.261306|1.000000|0.565851|20200323.000000|20200323.000000|20230131.000000|20200114.000000|20200323.000000|20260828.000000
EX5:SC|2009-11-01|0.349233|0.745673|0.848723|0.468346|1.528576|5.552794|7.000000|0.622934|0.719304|0.952105|1.328150|0.661883|0.431129|0.533973|0.896920|0.983328|0.151515|0.440847|0.241196|-0.168834|0.533973|0.719849|0.932979|0.106383|141.000000|0.596302|0.409639|81.000000|0.365050|0.625000|-0.346536|16.000000|0.000000|1.585494|0.180066|0.180066|0.984589|0.350691|20150825.000000|20150825.000000|20160229.000000|20110328.000000|20140320.000000|20260828.000000
EX5:SC|2010-05-01|0.337397|0.747198|0.830731|0.451549|1.540522|6.111145|7.000000|0.626335|0.730564|0.950093|1.348204|0.693067|0.409863|0.545520|0.897332|0.966305|0.119497|0.416231|0.320972|-0.158975|0.545520|0.717592|0.930488|0.081481|135.000000|0.558445|0.381918|75.000000|0.262702|0.666667|-0.346227|15.000000|0.000000|1.679428|0.225927|0.225927|1.000000|0.338917|20200323.000000|20200323.000000|20160229.000000|20110328.000000|20140320.000000|20260828.000000
EX5:SC|2010-11-01|0.385278|0.656152|0.923499|0.587178|1.485086|5.970964|7.000000|0.614297|0.708292|0.975408|1.328476|0.604771|0.430281|0.459484|0.966683|1.028359|0.084967|0.447381|0.350033|-0.038195|0.534205|0.784339|0.975228|0.015504|129.000000|0.569898|0.410173|69.000000|0.334596|0.666667|-0.202368|15.000000|0.000000|1.574771|0.174483|0.174483|1.000000|0.386754|20150825.000000|20150825.000000|20160229.000000|20150615.000000|20150825.000000|20260828.000000
EX5:SC|2011-05-01|0.430998|0.649965|0.992651|0.663109|1.523419|5.911004|7.000000|0.617838|0.710621|0.949726|1.332768|0.623973|0.464945|0.448750|1.032433|1.055279|0.040816|0.460506|0.365848|0.039763|0.534193|0.844185|1.009377|0.000000|123.000000|0.585651|0.441993|63.000000|0.401603|0.714286|-0.202480|14.000000|0.000000|1.587102|0.180897|0.180897|1.000000|0.432695|20150825.000000|20150825.000000|20160531.000000|20150615.000000|20160229.000000|20260828.000000
EX5:SC|2011-11-01|0.445191|0.654910|1.006822|0.679775|1.568047|6.159574|7.000000|0.621764|0.707700|0.970612|1.344519|0.662128|0.468772|0.523674|1.078803|1.083121|0.000000|0.462756|0.378520|0.090536|0.534160|0.860799|1.049078|0.000000|117.000000|0.647073|0.449114|57.000000|0.401382|0.714286|-0.202459|14.000000|0.000000|1.576669|0.175477|0.175477|1.000000|0.447223|20150825.000000|20150825.000000|20161230.000000|20150615.000000|20150825.000000|20260828.000000
EX5:SC|2012-05-01|0.471344|0.652851|1.060609|0.721977|1.593810|6.238503|7.000000|0.623303|0.712665|0.951177|1.343085|0.638304|0.471962|0.544609|1.104136|1.096272|0.000000|0.468265|0.389830|0.136463|0.544609|0.843184|1.049919|0.000000|111.000000|0.631800|0.449252|51.000000|0.465829|0.769231|-0.128707|13.000000|0.000000|1.680246|0.226304|0.226304|1.000000|0.473056|20200323.000000|20200323.000000|20200529.000000|20150615.000000|20160229.000000|20260828.000000
EX5:SC|2012-11-01|0.493524|0.666468|1.072048|0.740507|1.644733|6.064017|7.000000|0.620403|0.718236|0.976419|1.335110|0.639369|0.432826|0.544680|0.972165|1.055612|0.000000|0.438578|0.369718|0.122690|0.544680|0.770559|0.977223|0.000000|105.000000|0.592960|0.423788|45.000000|0.435094|0.846154|-0.114169|13.000000|0.000000|1.564724|0.169183|0.169183|1.000000|0.495888|20150825.000000|20150825.000000|20200529.000000|20150615.000000|20160229.000000|20260828.000000
EX5:SC|2013-05-01|0.426263|0.684963|0.982759|0.622316|1.639798|6.351679|7.000000|0.603649|0.705891|0.921717|1.296743|0.516507|0.408203|0.501849|1.042410|1.064567|0.008130|0.468305|0.260817|0.027864|0.501849|0.933159|1.073732|0.000000|99.000000|0.584449|0.380259|39.000000|0.510138|0.833333|-0.257700|12.000000|0.000000|1.638856|0.206764|0.206764|1.000000|0.427617|20150825.000000|20150825.000000|20200529.000000|20150615.000000|20160229.000000|20260828.000000
EX5:SC|2013-11-01|0.503774|0.658901|1.084979|0.764567|1.628063|5.951809|7.000000|0.617138|0.715098|0.945824|1.348313|0.619551|0.487853|0.471496|1.168871|1.165864|0.000000|0.542706|0.388264|0.137447|0.544576|1.002069|1.162741|0.000000|93.000000|0.632443|0.474162|33.000000|0.437210|0.833333|-0.160603|12.000000|0.000000|1.688480|0.230077|0.230077|1.000000|0.505232|20200323.000000|20200323.000000|20200529.000000|20150615.000000|20160229.000000|20260828.000000
EX5:SC|2014-05-01|0.577771|0.640667|1.240773|0.901828|1.611045|5.965037|7.000000|0.606610|0.707601|0.950724|1.303547|0.546031|0.482279|0.440620|1.161973|1.171944|0.000000|0.535400|0.408756|0.107810|0.544751|0.990333|1.171123|0.000000|87.000000|0.630072|0.487124|27.000000|0.468317|0.818182|-0.198736|11.000000|0.000000|1.679988|0.226185|0.226185|1.000000|0.579169|20200323.000000|20200323.000000|20200529.000000|20150615.000000|20160229.000000|20260828.000000
EX5:SC|2014-11-01|0.512075|0.755385|1.106049|0.677900|1.610922|5.574194|8.000000|0.604534|0.710041|0.967616|1.246749|0.545043|0.482365|0.342428|1.445924|1.153686|0.000000|0.505980|0.397264|0.074824|0.543605|0.935603|1.159235|0.000000|81.000000|0.632284|0.499674|21.000000|0.441490|0.727273|-0.379765|11.000000|0.000000|1.546565|0.159427|0.159427|1.000000|0.513651|20150825.000000|20150825.000000|20200529.000000|20150615.000000|20160128.000000|20260828.000000
EX5:SC|2015-05-01|0.447297|0.563695|1.101699|0.793510|1.491855|6.210511|7.000000|0.611498|0.698128|0.811691|1.342401|0.583396|0.421514|0.317125|1.300437|1.068627|0.000000|0.470094|0.331904|0.124098|0.474112|1.014672|1.100561|0.000000|75.000000|0.588599|0.431626|15.000000|0.443649|0.800000|-0.271506|10.000000|0.000000|1.785775|0.272025|0.272025|1.000000|0.448591|20200323.000000|20200323.000000|20200529.000000|20150615.000000|20160613.000000|20260828.000000
EX5:SC|2015-11-01|0.452531|0.474280|1.113849|0.954143|1.550338|6.633166|7.000000|0.612481|0.697927|0.803710|1.344836|0.601763|0.369575|0.317073|1.152369|0.987382|0.000000|0.419774|0.348626|0.199110|0.474280|0.911793|1.031285|0.000000|69.000000|0.536481|0.536771|9.000000|0.410048|0.800000|-0.244731|10.000000|0.000000|1.785071|0.271737|0.271737|1.000000|0.453989|20200323.000000|20200323.000000|20230131.000000|20200114.000000|20200323.000000|20260828.000000
EX5:SC|2016-05-01|0.619779|0.474633|1.414312|1.305809|1.588368|5.801425|7.000000|0.604063|0.697643|0.814394|1.346071|0.538860|0.463764|0.317412|1.568510|1.194810|0.000000|0.507163|0.430618|0.273396|0.474633|1.080093|1.160640|0.000000|63.000000|0.610894|0.613463|3.000000|0.508517|0.888889|-0.074599|9.000000|0.000000|1.784234|0.271396|0.271396|1.000000|0.622217|20200323.000000|20200323.000000|20230131.000000|20200114.000000|20200323.000000|20260828.000000
