tag,group,rank,peak,trough,recovery,drawdown,peak_to_trough_sessions,recovery_sessions,index_same_interval,exposure_peak,exposure_trough,exposure_median,exposure_max,top1_peak,top3_peak,top3_stock_share_peak,cap_days,spread_min,spread_max,vol20_peak,vol20_trough
BASE20091101,full,1,2011-07-13,2013-06-25,2014-12-01,0.4628639095528936,469,820,-0.30288289738430585,0.9261579534502871,1.4581108671140564,1.5204742283680808,2.079249701738117,0.6213559838245881,0.8902473345389464,0.961226247879684,0,0.035395534142640364,0.07371925408942202,0.14920267104654816,0.5573552835469617
BASE20091101,full,2,2015-04-27,2016-06-13,2017-03-21,0.45686121249193146,276,464,-0.3621877073544125,1.665995177934613,1.7108205296534624,0.6974471012148606,1.7555807899915403,0.6419729916006766,1.414150618764126,0.8488323600775923,64,0.025245510403916767,0.06896388693957116,0.5873224834654646,0.2935885748134404
BASE20091101,full,3,2021-09-22,2021-11-16,2022-03-29,0.43124862676552644,34,123,0.012765021973258683,1.666001078625357,1.9563062023147306,1.8187348736299516,1.9563062023147306,0.6347632527815954,1.482584988310061,0.8899063796125298,0,0.049194598263614844,0.05213017727639001,0.872220999006712,0.6750516133835508
BASE20091101,full,4,2020-01-02,2020-03-23,2020-07-09,0.42888642908002894,51,123,-0.14978180451996992,1.6660233342207715,1.5136930135310385,1.680762786398634,2.0680892606358507,0.4833741426250179,1.166281353827786,0.7000390269883443,0,0.04993581300813008,0.05905442350907519,0.21853043643077436,0.9273769335808255
BASE20091101,full,5,2024-05-29,2024-09-11,2024-11-07,0.37707672643905554,74,108,-0.1182752551528703,1.666024158166139,1.8207403383143879,1.7076683150823921,1.8207403383143879,0.6283423301447976,1.3299975511941489,0.798306281859761,0,0.06295652278589853,0.07037703130755064,0.35796931839615814,0.3770000276904966
BASE20091101,full,6,2026-03-12,2026-06-30,,0.35015631575165473,73,,0.06226480301052151,1.666001458252242,1.7465382595694892,1.6712121066946233,1.909070270055882,0.6357087504919318,1.4574314550838234,0.8748080308481699,0,0.054729166064981946,0.057141754688672164,0.4792737384093341,0.39559045412129135
BASE20091101,full,7,2018-06-12,2019-01-03,2019-02-25,0.3374349157937221,138,170,-0.22507089742416908,1.2869565441125115,1.7903495537863394,1.6659780763354735,1.7903495537863394,0.6460179029109875,1.2835354344990386,0.9973417054141233,0,0.04355227490039841,0.06679302775024776,0.3820994622700655,0.29322479018332165
BASE20091101,full,8,2024-11-07,2025-04-09,2025-07-22,0.2838312728294904,101,171,-0.11069541935017002,1.6660248421447452,1.6660453651381673,1.7092003473606638,1.7676363392925407,0.6124909957629049,1.093506882348388,0.6563568889769192,0,0.06436090987124463,0.06887987563884157,0.3970071399915457,0.5450088674634125
BASE20091101,full,9,2015-01-05,2015-02-06,2015-04-07,0.28350897985823487,24,60,-0.09037934500238909,1.6659362453006394,1.8578028183860722,1.7443929113818755,1.8578028183860722,0.6238547264056102,1.3655604951942601,0.8196955309942412,0,0.04227393563579278,0.045237821829855536,0.8618775939024308,0.7804388091303859
BASE20091101,full,10,2021-05-10,2021-07-28,2021-08-31,0.26244184013953,56,80,-0.046458430981367815,1.6660025488472177,1.781253527246455,1.7592396600506335,1.8562551433900274,0.6406242372123695,1.5604672830164654,0.9366535988172546,0,0.03905440223463687,0.04232449704142012,0.4592324204491893,0.3414329829433014
BASE20091101,full,11,2022-04-14,2022-04-26,2023-05-05,0.2607213144457047,8,256,-0.09720701312396063,1.6660017609461542,1.6660191551355117,1.673854442070121,1.760443575507539,0.5863869909222095,1.4714184727886506,0.883203431881731,0,0.057446232081911255,0.057446232081911255,0.43248316202685066,0.6932939151549379
BASE20091101,full,12,2019-04-19,2019-06-05,2019-11-25,0.2569503675993764,30,146,-0.12704429683954555,1.665985647639772,1.7374724257255147,1.7119715840080254,1.7889795041837637,0.5896331819051471,1.3001247161898473,0.7803937074918709,0,0.047630592502037494,0.05435701393728222,0.6674160403851659,0.5853362163008986
BASE20091101,full,13,2020-07-20,2020-09-25,2020-11-23,0.2457424692008695,49,84,-0.023562592141529337,1.666002325328492,1.7581071300729378,1.7029240395757783,1.7939864515334678,0.4993366022091979,1.3360872106475354,0.8019719962780328,0,0.03902715224913496,0.05254544426494346,0.7526691623990284,0.4169101103512003
BASE20091101,full,14,2021-01-08,2021-02-05,2021-03-15,0.23655440120114024,20,41,-0.0021872719696184317,1.6659936429304283,1.8338241829305577,1.68627686828053,1.8338241829305577,0.5978849606242388,1.31234652160301,0.7877260079424044,0,0.03090992476489029,0.03242796040868455,0.6229778120486363,0.3829326395533448
BASE20091101,full,15,2025-11-10,2025-11-24,2025-12-24,0.19292960719992935,10,32,-0.05260859841748222,1.6659990170235277,1.7519405037720335,1.6832337745000276,1.7519405037720335,0.6932708801698543,1.3459792480342168,0.8079111897910612,0,0.057861011372251706,0.057861011372251706,0.5488542581399729,0.6031284337225691
BASE20091101,full,16,2017-11-22,2017-12-15,2018-01-02,0.16587004536809125,17,28,-0.058357401533268405,1.6660013384608352,1.8002010743971668,1.7368936426085464,1.8002010743971668,0.5944938365046466,1.4072937653748976,0.8447134662419004,0,0.03333733526011561,0.033510296162201296,0.3055286504101203,0.4986079830022538
BASE20100501,full,1,2011-07-13,2013-06-25,2014-12-01,0.45961223592520717,469,820,-0.30288289738430585,0.8919437780284112,1.450463700098982,1.5133617059466091,2.080025036841828,0.6218523577650784,0.8919437780284112,1.0,0,0.035395534142640364,0.07371925408942202,0.1509392888384064,0.5569533055640085
BASE20100501,full,2,2015-04-27,2016-06-13,2017-03-21,0.45237257231880534,276,464,-0.3621877073544125,1.6659812678474886,1.710609550590444,0.7232526918461462,1.7547277283337253,0.642129780464947,1.464278055490818,0.8789282831389341,64,0.025245510403916767,0.06896388693957116,0.5902646302586341,0.29273408622494856
BASE20100501,full,3,2021-09-22,2021-11-16,2022-03-29,0.4408811222263864,34,123,0.012765021973258683,1.6659999173322653,1.9825174355498805,1.8281402618015905,1.9825174355498805,0.6292462949377897,1.4601986125129804,0.8764697989008123,0,0.049194598263614844,0.05213017727639001,0.8793800947484899,0.7121086591733898
BASE20100501,full,4,2020-01-02,2020-03-23,2020-07-09,0.42895741512471064,51,123,-0.14978180451996992,1.6660206201018701,1.5133142416565233,1.6807440370897333,2.068208656041074,0.48333581611763055,1.1664471887866132,0.7001397069835126,0,0.04993581300813008,0.05905442350907519,0.21858600624565522,0.9274842008702374
BASE20100501,full,5,2024-05-29,2024-09-11,2024-11-07,0.3741371699550081,74,108,-0.1182752551528703,1.6660243216539894,1.8085552039134503,1.706113438164981,1.8085552039134503,0.6295784485265953,1.3838298856306088,0.830618057398331,0,0.06295652278589853,0.07037703130755064,0.3657849149618199,0.37835691581104947
BASE20100501,full,6,2026-03-12,2026-06-30,,0.3461938115807345,73,,0.06226480301052151,1.6660016976397434,1.7173691766407853,1.6709948054823127,1.9091853057383847,0.635813723762663,1.4304950382086317,0.8586396041704168,0,0.054729166064981946,0.057141754688672164,0.47021732126225174,0.3885344260395481
BASE20100501,full,7,2018-06-12,2019-01-03,2019-02-25,0.33732836805293165,138,170,-0.22507089742416908,1.2901914578392781,1.790277107999958,1.6659882824719587,1.790277107999958,0.6460141021447792,1.2850593526372518,0.9960222142451468,0,0.04355227490039841,0.06679302775024776,0.38288568786753674,0.2932057750265731
BASE20100501,full,8,2024-11-07,2025-04-09,2025-07-22,0.292128969370852,101,171,-0.11069541935017002,1.6660249208939328,1.6660474021320892,1.7116285606520147,1.7696366985841911,0.6124629789506743,1.1526238297991636,0.6918406893821879,0,0.06436090987124463,0.06887987563884157,0.40603740841121416,0.5509669165347184
BASE20100501,full,9,2015-01-05,2015-02-06,2015-04-07,0.2877715520349655,24,60,-0.09037934500238909,1.6659236869085856,1.8979320747646575,1.77639810405149,1.8979320747646575,0.6239320363129803,1.4125310906616715,0.8478966364196858,0,0.04227393563579278,0.045237821829855536,0.8648499267872487,0.7938706123146555
BASE20100501,full,10,2022-04-14,2022-04-26,2023-05-04,0.27042862132168866,8,255,-0.09720701312396063,1.666000997194062,1.685529890465457,1.685529890465457,1.7662440258978374,0.5762608946699099,1.447374394527064,0.8687716255661212,0,0.057446232081911255,0.057446232081911255,0.4484573836501676,0.7168225548724183
BASE20100501,full,11,2021-05-10,2021-07-28,2021-08-31,0.25922676722058546,56,80,-0.046458430981367815,1.6659986336373813,1.7779888639447237,1.7596009748325416,1.857502425644879,0.6382220778533398,1.537591719566712,0.9229249583534663,0,0.03905440223463687,0.04232449704142012,0.46486383262483605,0.3444114253645111
BASE20100501,full,12,2019-04-19,2019-06-05,2019-11-25,0.2569436271177754,30,146,-0.12704429683954555,1.6659920437490232,1.7371986223088316,1.7118639791450074,1.7888517931483592,0.5895220353620078,1.300072037189131,0.7803590911896233,0,0.047630592502037494,0.05435701393728222,0.6673695462982641,0.5853149834893853
BASE20100501,full,13,2020-07-20,2020-09-25,2020-11-23,0.23347720718585296,49,84,-0.023562592141529337,1.6660034981584073,1.7597677524780302,1.7029280169931398,1.7857568529865397,0.49956007265813734,1.336390027421258,0.8021531940950288,0,0.03902715224913496,0.05254544426494346,0.7527421630942216,0.4236709713135586
BASE20100501,full,14,2021-01-08,2021-02-05,2021-03-15,0.2330224638300692,20,41,-0.0021872719696184317,1.665999311959649,1.8310945721645593,1.686330645109241,1.8310945721645593,0.5933207616315824,1.3302541716562324,0.7984722215110084,0,0.03090992476489029,0.03242796040868455,0.6367446108970409,0.40669197912154964
BASE20100501,full,15,2025-11-10,2025-11-24,2025-12-24,0.1919795062713061,10,32,-0.05260859841748222,1.6659999717936307,1.758718425653486,1.685735044189037,1.758718425653486,0.6910701018130548,1.3792902612811944,0.827905332913204,0,0.057861011372251706,0.057861011372251706,0.547834663243005,0.616902991726008
BASE20100501,full,16,2017-11-22,2017-12-15,2018-01-02,0.16640339175617702,17,28,-0.058357401533268405,1.665982660803611,1.800690598294448,1.7386449151413255,1.800690598294448,0.5942667708596658,1.3863807850008292,0.8321699964944942,0,0.03333733526011561,0.033510296162201296,0.30785374043090624,0.4938361892036
BASE20101101,full,1,2011-07-13,2013-06-25,2014-12-04,0.5103950402387067,469,823,-0.30288289738430585,0.815695005136686,1.352109728147881,1.3444960094939087,2.10373775888516,0.6217998964828814,0.8156950051366861,1.0000000000000002,0,0.035395534142640364,0.07371925408942202,0.1452996268938391,0.5563368322602268
BASE20101101,full,2,2024-05-29,2024-09-11,2025-10-09,0.48563871189408414,74,330,-0.1182752551528703,1.6660011986323657,1.6660253310905149,1.7487923972181236,1.9213902448382654,0.6162389374835284,1.4685153885449513,0.8814611836716971,0,0.06295652278589853,0.07037703130755064,0.4117496697070994,0.36687825109095823
BASE20101101,full,3,2015-06-09,2016-06-13,2017-05-25,0.4569702959651567,246,478,-0.4233449804982078,0.2997934717345494,1.7093215728285345,0.8418011022208297,1.7537036310502994,0.18408280490766765,0.26068053485645337,0.8695337271629171,38,0.025245510403916767,0.06896388693957116,0.1533655065545376,0.30810988694499736
BASE20101101,full,4,2021-09-22,2021-11-16,2022-02-11,0.39551994790045397,34,91,0.012765021973258683,1.6660014286165437,1.9116060996460076,1.7220594972447243,1.9116060996460076,0.5378432618738788,1.4787656294437235,0.8876136622954148,0,0.049194598263614844,0.05213017727639001,0.8592390420909412,0.5762690993617231
BASE20101101,full,5,2018-06-12,2019-01-03,2019-02-25,0.3502300597612903,138,170,-0.22507089742416908,1.3046070888867252,1.9111601840698866,1.730739172659519,1.9111601840698866,0.6459665956403455,1.2885265094129086,0.987674005751771,0,0.04355227490039841,0.06679302775024776,0.38492009681818834,0.29976296999309304
BASE20101101,full,6,2020-03-05,2020-03-23,2020-07-06,0.34037644853758675,12,81,-0.16079472654532134,1.665951739288597,1.6851702445556378,1.7696643047863674,1.9692585420828668,0.46919284237799347,1.2256689987517113,0.7357169897821305,0,0.05905442350907519,0.05905442350907519,0.6368716416594208,0.7941517016504204
BASE20101101,full,7,2020-07-20,2020-10-30,2021-05-10,0.3400806537320248,68,194,0.0032113326068841097,1.6660111298108253,1.7732596646318102,1.7338021876130718,1.8874992316336847,0.6369793997664827,1.4232274645098433,0.8542724829644145,0,0.03902715224913496,0.05254544426494346,0.8038810329371258,0.46977822068898406
BASE20101101,full,8,2026-03-12,2026-06-30,,0.33977801980085476,73,,0.06226480301052151,1.6660030994485477,1.737502626744348,1.6685670059928364,1.88893723035439,0.6355295901066462,1.4323067092694364,0.8597263172820834,0,0.054729166064981946,0.057141754688672164,0.48400371683634996,0.38585180977345396
BASE20101101,full,9,2020-01-03,2020-02-03,2020-03-05,0.29640263158845204,15,38,-0.11015787848374892,1.6660135049278266,1.9315384902381854,1.6906543030366201,1.9315384902381854,0.4344508631529182,1.2162473815169554,0.7300345272829253,0,0.04993581300813008,0.053680040133779264,0.21857060607697812,0.7004452955216061
BASE20101101,full,10,2019-04-08,2019-06-05,2019-11-25,0.27299469649360575,39,155,-0.1134074232912603,1.6659884722684692,1.7565976262267855,1.724043155351384,1.80194345637025,0.6274387916915883,1.3968338712775537,0.8384414985630573,0,0.047630592502037494,0.05435701393728222,0.585048264573554,0.5753053777986294
BASE20101101,full,11,2021-05-10,2021-07-28,2021-08-31,0.2616911758406597,56,80,-0.046458430981367815,1.6659976991657204,1.7803349630316534,1.7590486022769196,1.8554134113714091,0.6405020108024014,1.5569986041032988,0.9345742823552489,0,0.03905440223463687,0.04232449704142012,0.4588317848062253,0.3400324509084193
BASE20101101,full,12,2015-01-05,2015-02-06,2015-03-30,0.25361942564491924,24,55,-0.09037934500238909,1.6658642506782164,1.893309153294472,1.771808140080453,1.893309153294472,0.629707158412433,1.3989892280976415,0.8397978571951927,0,0.04227393563579278,0.045237821829855536,0.8201814561349332,0.7807360836373936
BASE20101101,full,13,2022-02-11,2022-03-15,2022-03-31,0.22878730724639418,22,34,-0.13421784674229575,1.6659981114510736,1.851946949209152,1.7076630560585042,1.851946949209152,0.6068762860878429,1.481901209878092,0.8894975328557639,0,0.05180449482895784,0.05336485209003215,0.5587677749644245,0.5645360262445399
BASE20101101,full,14,2023-05-08,2023-06-26,2024-01-03,0.17657193440309682,33,163,-0.062264624654782885,1.6660005713747026,1.79816282409555,1.7420436801199655,1.79816282409555,0.5856022375658744,1.3604641872762198,0.8166048743630567,0,0.05939595815170009,0.06464130832570907,0.44314559327293696,0.2862394528677598
BASE20101101,full,15,2025-11-10,2025-11-24,2026-01-05,0.17227155098514468,10,38,-0.05260859841748222,1.665999714789422,1.7401696497684758,1.6787068073121096,1.7418668233673964,0.6476436284655878,1.2091592859652756,0.7257860101843475,0,0.057861011372251706,0.057861011372251706,0.48039872705532005,0.5408360758959883
BASE20101101,full,16,2017-11-22,2017-12-15,2018-01-02,0.15998790118843365,17,28,-0.058357401533268405,1.6659554010613968,1.794542897668995,1.7237375263527155,1.794542897668995,0.47267240667223526,1.2314141157830012,0.739163914591264,0,0.03333733526011561,0.033510296162201296,0.34524704742559065,0.4940216236657957
BASE20101101,full,17,2022-04-14,2022-04-26,2023-03-17,0.15632559975660065,8,225,-0.09720701312396063,1.666001140065041,1.6679199593229217,1.6679199593229217,1.7209745502789344,0.6059534436835752,1.4910777436693277,0.8950040355981483,0,0.057446232081911255,0.057446232081911255,0.33263814332667513,0.4946791199313315
BASE20110501,full,1,2024-05-29,2024-09-11,2025-09-12,0.4939228105428485,74,317,-0.1182752551528703,1.6660007762485143,1.6660736936197815,1.7407910456371476,1.8492206114336427,0.6103103466313606,1.457072552401597,0.87459296128458,0,0.06295652278589853,0.07037703130755064,0.4059595901895065,0.3796833154373073
BASE20110501,full,2,2013-02-08,2013-06-25,2014-12-02,0.47103178367791476,84,436,-0.21874785783608064,1.6659227300785995,1.3515670801022148,1.857917055920251,2.0995933161686042,0.6592270045488633,1.584385073935038,0.9510555593777663,0,0.0540360900900901,0.06825110256410256,0.42401013550412864,0.5556436051841349
BASE20110501,full,3,2015-06-09,2016-06-13,2017-05-25,0.45827343180007174,246,478,-0.4233449804982078,0.29958366454236285,1.7093684601717607,0.8328820878363664,1.7538238428820416,0.18004764756226194,0.25917292430097866,0.8651103346935998,38,0.025245510403916767,0.06896388693957116,0.15261758382243748,0.30887013748548153
BASE20110501,full,4,2011-05-20,2012-09-26,2013-02-08,0.38289458553740285,333,422,-0.3000736801640185,0.2993773287064785,0.7620352133156065,0.6568970282110929,1.717249716003654,0.29937732870647854,0.29937732870647854,1.0000000000000002,8,0.03190846892655367,0.07166862090813093,,0.15684783915567369
BASE20110501,full,5,2021-09-22,2021-11-16,2022-02-10,0.36889145530798784,34,90,0.012765021973258683,1.6660235229298397,1.884557372502973,1.749309960742608,1.884557372502973,0.5142089419483906,1.4704982182463806,0.8826395293989536,0,0.049194598263614844,0.05213017727639001,0.8549085492658499,0.5333684472098772
BASE20110501,full,6,2018-06-12,2019-01-03,2019-02-25,0.3500874364785682,138,170,-0.22507089742416908,1.3063664450245087,1.911100765218397,1.7306648604681358,1.911100765218397,0.6459271769919973,1.2891991151310676,0.9868587179662908,0,0.04355227490039841,0.06679302775024776,0.3853651364503103,0.2996879177868643
BASE20110501,full,7,2020-03-05,2020-03-23,2020-07-06,0.3404987482462627,12,81,-0.16079472654532134,1.6659671543108747,1.6847731551247787,1.7697537477469898,1.969487979739661,0.4691601360869799,1.2262724698042178,0.7360724169327719,0,0.05905442350907519,0.05905442350907519,0.6370774183532197,0.7942661028869124
BASE20110501,full,8,2020-07-20,2020-10-30,2021-05-10,0.3404256663526247,68,194,0.0032113326068841097,1.6660098623217439,1.7733024492757758,1.7339144274091243,1.8879108835821128,0.6368942387248928,1.4239159945588424,0.8546864137853779,0,0.03902715224913496,0.05254544426494346,0.8039585273898836,0.46984553668469126
BASE20110501,full,9,2026-03-12,2026-06-30,,0.3320010537105935,73,,0.06226480301052151,1.666025207758247,1.7422081264196911,1.6694037937052972,1.822883207211342,0.636275932461237,1.3347098484830733,0.8011342459091711,0,0.054729166064981946,0.057141754688672164,0.4303930030404507,0.3804183278311594
BASE20110501,full,10,2020-01-03,2020-02-03,2020-03-05,0.29638314498303897,15,38,-0.11015787848374892,1.6660193033595485,1.9317895955831714,1.6906186659477258,1.9317895955831714,0.4344723735680948,1.2161390703293569,0.7299669744984332,0,0.04993581300813008,0.053680040133779264,0.21873842035999222,0.7006130436983615
BASE20110501,full,11,2019-04-08,2019-06-05,2019-11-25,0.2727691874526019,39,155,-0.1134074232912603,1.6659895743089086,1.756470598230804,1.7238125824696364,1.8017106225013784,0.627527613753384,1.3974841760482026,0.8388312853805894,0,0.047630592502037494,0.05435701393728222,0.5847591694341561,0.575214625114307
BASE20110501,full,12,2021-05-10,2021-07-28,2021-08-31,0.2630035325581854,56,80,-0.046458430981367815,1.6659987967537249,1.7813074660235204,1.7585885261771066,1.8545519715043677,0.6406866821182615,1.5644798911907496,0.939064238365124,0,0.03905440223463687,0.04232449704142012,0.45372014918180065,0.34036382634991463
BASE20110501,full,13,2015-01-05,2015-02-06,2015-03-27,0.2505251426813224,24,54,-0.09037934500238909,1.6658024859468925,1.890439011468768,1.7701365290441227,1.890439011468768,0.6301361751973031,1.3944547490340644,0.8371068964045963,0,0.04227393563579278,0.045237821829855536,0.8085205699542787,0.7785917951420102
BASE20110501,full,14,2022-02-11,2022-03-15,2022-03-31,0.2191185932274834,22,34,-0.13421784674229575,1.6660007299756265,1.8498272678964767,1.7070778535150433,1.8498272678964767,0.6067614050157201,1.599120140513881,0.9598556061480694,0,0.05180449482895784,0.05336485209003215,0.5471043554794773,0.541166955008091
BASE20110501,full,15,2023-05-08,2023-06-26,2024-01-03,0.1811356457425145,33,163,-0.062264624654782885,1.6660033131144143,1.8041320440068715,1.746859357948653,1.8041320440068715,0.5750408976501479,1.3604560648198074,0.8165986550630447,0,0.05939595815170009,0.06464130832570907,0.45430600252357706,0.2907083196406884
BASE20110501,full,16,2025-11-10,2025-11-24,2026-01-05,0.17712398223078207,10,38,-0.05260859841748222,1.6660232532014443,1.7324655155249682,1.6742041194977615,1.73641695383549,0.6505180069769684,1.306773461717688,0.784366880358111,0,0.057861011372251706,0.057861011372251706,0.5406468185973333,0.5862225571955452
BASE20110501,full,17,2017-11-22,2017-12-15,2018-01-02,0.1622861844923409,17,28,-0.058357401533268405,1.665980027597607,1.7967522029788818,1.7251092323551487,1.7967522029788818,0.4709308554361889,1.2307750091205223,0.7387693662182353,0,0.03333733526011561,0.033510296162201296,0.34557837780824774,0.49063326950845815
BASE20110501,full,18,2022-04-14,2022-10-31,2023-03-20,0.15208220155560426,132,226,-0.16291508909549401,1.6659973861178416,1.4258118538740454,1.6663261810155288,1.7415766984033447,0.6425978175475657,1.6027833123667397,0.9620563187686594,0,0.053029768480909824,0.06790998376313276,0.3273792990326938,0.12710207132126056
BASE20111101,full,1,2024-05-29,2024-09-11,2024-11-07,0.47500191750839327,74,108,-0.1182752551528703,1.6660017949047483,1.6967467570838854,1.7440171667879212,1.9065755114950373,0.6119633999817261,1.4451393174482334,0.8674296281480642,0,0.06295652278589853,0.07037703130755064,0.39221394534535614,0.35510332218937246
BASE20111101,full,2,2013-02-08,2013-06-25,2014-12-02,0.4715720592151237,84,436,-0.21874785783608064,1.6659365400513062,1.3515487677045896,1.858548321592933,2.103250902370184,0.6597225907435844,1.586375354042825,0.9522423669235138,0,0.0540360900900901,0.06825110256410256,0.4240576001202829,0.5563531202038037
BASE20111101,full,3,2015-04-27,2016-06-13,2017-05-25,0.4554295822333855,276,508,-0.3621877073544125,1.665857014069764,1.7098733697079984,0.7099359438538688,1.7534562359263097,0.6414169045819156,1.3085973354504903,0.7855400099757228,64,0.025245510403916767,0.06896388693957116,0.5827338011637301,0.3071886758919215
BASE20111101,full,4,2021-09-22,2021-11-16,2022-02-11,0.37464206800329114,34,91,0.012765021973258683,1.666025967104112,1.8705375466674585,1.7380361492275944,1.8705375466674585,0.5022572575227379,1.4409762942406155,0.8649182681980173,0,0.049194598263614844,0.05213017727639001,0.8491532744517194,0.548722862615065
BASE20111101,full,5,2020-01-03,2020-03-23,2020-07-06,0.3416339103091852,50,119,-0.14828852389407865,1.6660170246721342,1.685841551746054,1.7121523162820715,1.9702297201789625,0.4311638589393243,1.2066274182483108,0.7242587562907831,0,0.04993581300813008,0.05905442350907519,0.2177009360810515,0.7949371946409786
BASE20111101,full,6,2020-07-20,2021-02-05,2021-08-31,0.3414694386498105,137,274,0.1715937012584663,1.6660080312992522,1.8567710408447842,1.7141536275100668,1.8851679797414778,0.6368534784321794,1.4185004866694948,0.8514367638211586,0,0.03090992476489029,0.05254544426494346,0.8027058179045035,0.3260581297816514
BASE20111101,full,7,2018-06-12,2019-01-03,2019-02-25,0.33863528247023,138,170,-0.22507089742416908,1.3008573669294825,1.8470090698768713,1.6982100686000452,1.8470090698768713,0.6459518193033144,1.2868176733910186,0.9892073536304731,0,0.04355227490039841,0.06679302775024776,0.38460490668633285,0.2908414603823817
BASE20111101,full,8,2026-03-12,2026-06-30,,0.32737767843907006,73,,0.06226480301052151,1.6660170355829957,1.792134659815403,1.6720997349267406,1.8790501890568112,0.6360396799819649,1.3679882428863785,0.82111299804787,0,0.054729166064981946,0.057141754688672164,0.4551427870694003,0.3796741850393891
BASE20111101,full,9,2012-03-02,2012-09-26,2013-01-28,0.3236509798728159,142,222,-0.18472124271902624,1.6659141465184546,0.7627449120175929,1.2993319925081632,1.717225273030573,0.47516137792867774,1.2807929223459018,0.7688228862349201,0,0.052765726872246704,0.07166862090813093,0.187335029243771,0.15700502111375605
BASE20111101,full,10,2024-11-07,2025-04-09,2025-08-15,0.3135145002424765,101,189,-0.11069541935017002,1.6660016675831506,1.674295588850912,1.7409945007576004,1.8041843913544504,0.6124429841841483,1.3202538337624672,0.7924684947511152,0,0.06436090987124463,0.06887987563884157,0.4396090548786273,0.6059917370448765
BASE20111101,full,11,2015-01-05,2015-02-06,2015-04-07,0.2788349013508452,24,60,-0.09037934500238909,1.6659250333011708,1.9256944110811127,1.7974268919864327,1.9256944110811127,0.6291569621168968,1.3671081442384996,0.8206300505188158,0,0.04227393563579278,0.045237821829855536,0.8406721941517674,0.7992224764422513
BASE20111101,full,12,2019-04-08,2019-06-05,2019-11-25,0.2732242332027387,39,155,-0.1134074232912603,1.6659779884572075,1.7566002844446218,1.7244465888908056,1.8025612454788158,0.6228669432751279,1.3871100945350765,0.8326100969795052,0,0.047630592502037494,0.05435701393728222,0.5848920954557694,0.5754645817101564
BASE20111101,full,13,2022-02-11,2022-03-15,2022-03-31,0.21329579741451588,22,34,-0.13421784674229575,1.6660008781765532,1.849165481911391,1.7079840629022351,1.849165481911391,0.6067407290844101,1.4966204289080074,0.8983311164553925,0,0.05180449482895784,0.05336485209003215,0.5330676189735101,0.5150067457325551
BASE20111101,full,14,2023-05-08,2023-06-26,2024-01-04,0.1788996541592448,33,164,-0.062264624654782885,1.6660018311929288,1.8101562598757055,1.752292161617329,1.8101562598757055,0.5719327880415731,1.1562686575241568,0.6940380471828286,0,0.05939595815170009,0.06464130832570907,0.4174336124876222,0.28264828398213965
BASE20111101,full,15,2025-11-10,2025-11-24,2025-12-24,0.17779514532196206,10,32,-0.05260859841748222,1.66602438785032,1.6747795684796594,1.6660242600551123,1.7093238397068056,0.65411603564426,1.2854805439755383,0.7715856702639273,0,0.057861011372251706,0.057861011372251706,0.5825881522684773,0.6201272722825348
BASE20111101,full,16,2017-11-22,2017-12-15,2018-01-02,0.16075019031279358,17,28,-0.058357401533268405,1.6659927142500193,1.7953091379089907,1.725381656992631,1.7953091379089907,0.4642677149379213,1.2602449339196378,0.7564528482868923,0,0.03333733526011561,0.033510296162201296,0.3384568114228571,0.49622006733800184
BASE20120501,full,1,2013-02-08,2013-06-25,2014-12-04,0.5038263927174981,84,438,-0.21874785783608064,1.6659679331368717,1.2182285444070744,1.8791005588153076,2.1633821514110867,0.5906415209238626,1.6611365692912003,0.9970999658819517,0,0.0540360900900901,0.06825110256410256,0.42844478568853145,0.5747365335481017
BASE20120501,full,2,2024-05-29,2024-09-11,2025-08-12,0.4768126494849725,74,294,-0.1182752551528703,1.666001890387744,1.8417134812016853,1.748278522848178,1.9065841021349623,0.611970328060661,1.4449678229289828,0.8673266406634641,0,0.06295652278589853,0.07037703130755064,0.3922017135685003,0.3626662968061598
BASE20120501,full,3,2015-04-27,2016-06-13,2017-05-25,0.45579824632074795,276,508,-0.3621877073544125,1.6657285539300686,1.7098813753404083,0.7353127275966589,1.7533219534343853,0.6391445363291952,1.2072117732543854,0.7247349938296532,64,0.025245510403916767,0.06896388693957116,0.5770335457818981,0.3056008378117847
BASE20120501,full,4,2021-09-22,2021-11-16,2022-02-11,0.3772346225468409,34,91,0.012765021973258683,1.6660226751512455,1.8727626575877365,1.7741732745064596,1.8727626575877365,0.5195150032679335,1.4719196552800247,0.883493170431429,0,0.049194598263614844,0.05213017727639001,0.8513922650833045,0.5509357727230861
BASE20120501,full,5,2020-01-03,2020-03-23,2020-07-06,0.3417842850152507,50,119,-0.14828852389407865,1.666001659545306,1.6859372275297104,1.712078301313105,1.9702308350713098,0.43071128376968176,1.2057252009408181,0.7237238894887362,0,0.04993581300813008,0.05905442350907519,0.21760224934884792,0.7949914819913272
BASE20120501,full,6,2020-07-20,2021-02-05,2021-08-31,0.3410156127735966,137,274,0.1715937012584663,1.666007166008308,1.8567838914824208,1.7140591027301235,1.88466713042637,0.6368834790982516,1.4176526271382976,0.850928288943043,0,0.03090992476489029,0.05254544426494346,0.8025702859504664,0.32606797814183996
BASE20120501,full,7,2018-06-12,2019-01-03,2019-02-25,0.33842132865850216,138,170,-0.22507089742416908,1.300072272618599,1.8444304791031376,1.6963653533290357,1.8444304791031376,0.6459667990994864,1.2855341996528127,0.9888174886335329,0,0.04355227490039841,0.06679302775024776,0.3845606409668666,0.2905468769784943
BASE20120501,full,8,2026-03-12,2026-06-30,,0.33269075195856024,73,,0.06226480301052151,1.6660171336012426,1.7615112243351578,1.6715627161068927,1.8970948265967191,0.6376688787471606,1.3550788623868417,0.8133643016369944,0,0.054729166064981946,0.057141754688672164,0.44552522732803557,0.3795772069387539
BASE20120501,full,9,2012-05-31,2012-11-16,2013-01-29,0.3215428897990945,115,164,-0.1727937265391104,1.665810456232308,1.498792416651686,1.2684648087361912,1.7096744905149903,0.611849804561853,1.554244902345025,0.9330262614993909,0,0.05365819501335708,0.07166862090813093,0.2539566973868123,0.3252670273458776
BASE20120501,full,10,2019-04-08,2019-06-05,2019-11-25,0.2733849140878949,39,155,-0.1134074232912603,1.6660019462610776,1.7568935646537946,1.7247201544730508,1.8029532474529646,0.6226308089759952,1.3859467272371502,0.8318998248156667,0,0.047630592502037494,0.05435701393728222,0.5851784136863284,0.575661984125135
BASE20120501,full,11,2015-01-05,2015-02-06,2015-03-30,0.23564380377212335,24,55,-0.09037934500238909,1.665977833115241,1.7735309261459031,1.7009524362458301,1.7735309261459031,0.6260968120230783,1.1966936770598116,0.7183130851279654,0,0.04227393563579278,0.045237821829855536,0.8039477283723502,0.7380831477384334
BASE20120501,full,12,2022-02-11,2022-03-15,2022-03-31,0.21327765572459856,22,34,-0.13421784674229575,1.6660004912753479,1.8491158581403186,1.7079033863862438,1.8491158581403186,0.6067730395662114,1.4958738462665884,0.8978831963737748,0,0.05180449482895784,0.05336485209003215,0.533652116333765,0.5157477243632895
BASE20120501,full,13,2023-05-08,2023-06-26,2024-01-04,0.17887830896297796,33,164,-0.062264624654782885,1.665999514791793,1.8101324307068443,1.7522774302613042,1.8101324307068443,0.5716362606319492,1.156034813732099,0.6938986497103353,0,0.05939595815170009,0.06464130832570907,0.4173248211106139,0.2825984720163821
BASE20120501,full,14,2025-11-10,2025-11-24,2025-12-24,0.17517520827044164,10,32,-0.05260859841748222,1.6660245269430023,1.6768163103464397,1.6660243929632919,1.7090396057771196,0.6513692316181936,1.2623859225809824,0.7577234921609115,0,0.057861011372251706,0.057861011372251706,0.5752643177963507,0.6216847774151549
BASE20120501,full,15,2017-11-22,2017-12-15,2018-01-02,0.1605967502543677,17,28,-0.058357401533268405,1.6659395993290511,1.7951003414041917,1.7258693939772694,1.7951003414041917,0.470279694408457,1.2631562245620123,0.7582245028995902,0,0.03333733526011561,0.033510296162201296,0.33655893309141116,0.4952546280826157
BASE20121101,full,1,2013-02-08,2013-06-25,2014-12-04,0.4875190785980733,84,438,-0.21874785783608064,1.6658969935268075,1.1830747320604675,1.8419509100943028,1.9841823058415056,0.6263610863845801,1.6228650018690782,0.9741688760920159,0,0.0540360900900901,0.06825110256410256,0.4328188959988118,0.5566604076449551
BASE20121101,full,2,2024-05-29,2024-09-11,2024-11-07,0.46843266200954137,74,108,-0.1182752551528703,1.6660016008219136,1.812011290404533,1.751925592531025,1.9122951237389532,0.610304561916624,1.4777806454041211,0.8870223442012694,0,0.06295652278589853,0.07037703130755064,0.37885340757862995,0.3552620207697576
BASE20121101,full,3,2015-06-09,2016-06-13,2017-05-25,0.4575409663566278,246,478,-0.4233449804982078,0.29993309674362356,1.7093187226890554,0.8436704158568685,1.7537553266426995,0.19394947650188687,0.26326372464557735,0.8777414946994315,38,0.025245510403916767,0.06896388693957116,0.16020426935182644,0.30783257813004283
BASE20121101,full,4,2021-09-22,2021-11-16,2022-02-11,0.41469208956120085,34,91,0.012765021973258683,1.6659982726163096,1.9135266393490857,1.7513832547085428,1.9135266393490857,0.634974901098313,1.4594240740805449,0.8760057546690265,0,0.049194598263614844,0.05213017727639001,0.8672247335885092,0.6400132495893213
BASE20121101,full,5,2018-06-12,2019-01-03,2019-02-25,0.3495209552487569,138,170,-0.22507089742416908,1.3070335472245513,1.908760643128002,1.7309847397551401,1.908760643128002,0.6459627213156057,1.288820737393001,0.9860655375906573,0,0.04355227490039841,0.06679302775024776,0.38551325278591336,0.29940049496311527
BASE20121101,full,6,2020-03-05,2020-03-23,2020-07-06,0.34076221032760534,12,81,-0.16079472654532134,1.6659953195084323,1.68447713791033,1.7698317601790847,1.9698162446638654,0.4691527590273309,1.2259357582817627,0.7358578646208243,0,0.05905442350907519,0.05905442350907519,0.6373386233339019,0.7945819265972922
BASE20121101,full,7,2020-07-20,2020-10-30,2021-05-10,0.3343789255707217,68,194,0.0032113326068841097,1.666015321367368,1.7673019555669613,1.7333719759807167,1.8878981340611913,0.634536219526939,1.4028613777812453,0.8420459042536648,0,0.03902715224913496,0.05254544426494346,0.799742180489545,0.4737384776255906
BASE20121101,full,8,2026-03-12,2026-06-30,,0.3332204210729365,73,,0.06226480301052151,1.6660013325318253,1.7555650562038645,1.6706843496464967,1.8704444697015625,0.6389205076581753,1.347778666238821,0.8089901489998206,0,0.054729166064981946,0.057141754688672164,0.4419111055619549,0.3819051808801176
BASE20121101,full,9,2024-11-07,2025-04-09,2025-08-15,0.32158448026885655,101,189,-0.11069541935017002,1.666002132102773,1.6742280003562153,1.7611683254019879,1.8273209455013835,0.6124163801494295,1.3368718913286308,0.8024430854967005,0,0.06436090987124463,0.06887987563884157,0.43773204708635044,0.6120965891734845
BASE20121101,full,10,2020-01-03,2020-02-03,2020-03-05,0.2962979981538324,15,38,-0.11015787848374892,1.6660200583092308,1.9317089177051014,1.6905957878662998,1.9317089177051014,0.43449769199809524,1.2147581553946607,0.729137773183514,0,0.04993581300813008,0.053680040133779264,0.2188105179481009,0.7006049396056346
BASE20121101,full,11,2019-04-08,2019-06-05,2019-11-25,0.2725374799331478,39,155,-0.1134074232912603,1.6660022009939546,1.7561169123260898,1.7236391914332816,1.8015639122893872,0.6273962170300426,1.3969351489916826,0.8384953802331451,0,0.047630592502037494,0.05435701393728222,0.5846049770204096,0.5752244695075561
BASE20121101,full,12,2021-05-10,2021-07-28,2021-08-31,0.2554605462651772,56,80,-0.046458430981367815,1.6659978836997245,1.7727439479813036,1.7578692089805867,1.850478003440558,0.6398718170963603,1.524832248639552,0.9152666180183361,0,0.03905440223463687,0.04232449704142012,0.4563557940538057,0.3349939931382539
BASE20121101,full,13,2022-02-11,2022-03-15,2022-03-31,0.21476301109233842,22,34,-0.13421784674229575,1.6660229082310307,1.838989597789825,1.6957641794184162,1.838989597789825,0.5978165156816374,1.3996327767243812,0.8401041605187168,0,0.05180449482895784,0.05336485209003215,0.5469719962097929,0.509582414555118
BASE20121101,full,14,2015-01-06,2015-02-06,2015-03-18,0.1950794393318357,23,46,-0.09025942994622438,1.6659098654061746,1.7740833533686085,1.695373298632657,1.7740833533686085,0.4340960983785345,1.1287003543849354,0.6775278649963099,0,0.04227393563579278,0.045237821829855536,0.7605374660497414,0.712085792886388
BASE20121101,full,15,2023-05-08,2023-06-26,2024-01-04,0.17943607899015301,33,164,-0.062264624654782885,1.66600310488279,1.810701315778683,1.7512489816096428,1.810701315778683,0.5666040507888664,1.1430858838404143,0.6861247019829745,0,0.05939595815170009,0.06464130832570907,0.4143435168671777,0.2880829114553743
BASE20121101,full,16,2025-11-10,2025-11-24,2025-12-24,0.1743677611727975,10,32,-0.05260859841748222,1.6660241189953249,1.6799401444700748,1.6660241189953249,1.7114295312831278,0.649886685535142,1.1928549662004477,0.7159890139644461,0,0.057861011372251706,0.057861011372251706,0.56995641743903,0.616736551315733
BASE20121101,full,17,2017-11-22,2017-12-15,2018-01-02,0.1619232222210658,17,28,-0.058357401533268405,1.665979777049082,1.79640683833142,1.725360702485773,1.79640683833142,0.47111712714534093,1.2315540256439927,0.739237079951487,0,0.03333733526011561,0.033510296162201296,0.34335501805661295,0.49028564587529033
BASE20130501,full,1,2015-06-09,2016-06-13,2017-03-21,0.45219742546726416,246,434,-0.4233449804982078,0.29957900419140493,1.7105211420846804,0.8264179972899472,1.7547433318129388,0.21527996306543143,0.299579004191405,1.0000000000000002,38,0.025245510403916767,0.06896388693957116,0.14622808904048618,0.2928396238332841
BASE20130501,full,2,2021-09-22,2021-11-16,2022-03-29,0.44037674215800615,34,123,0.012765021973258683,1.6659978843696561,1.9834157016722684,1.8305635030379968,1.9834157016722684,0.6328620408872646,1.4754948852953167,0.8856523163314713,0,0.049194598263614844,0.05213017727639001,0.874272924173167,0.7067890550682416
BASE20130501,full,3,2020-01-02,2020-03-23,2020-07-09,0.42889964326588603,51,123,-0.14978180451996992,1.6660052365901958,1.5134070428415027,1.680718004315079,2.0681164637862244,0.48340550332555154,1.166735474642085,0.7003192120992587,0,0.04993581300813008,0.05905442350907519,0.2185789431321546,0.9274212203413313
BASE20130501,full,4,2024-05-29,2024-09-11,2025-07-22,0.3922671468095159,74,279,-0.1182752551528703,1.6660247644399502,1.8278785425555666,1.6880396659565748,1.8278785425555666,0.6131816564458753,1.3060522393970637,0.7839332687447208,0,0.06295652278589853,0.07037703130755064,0.35369307977223696,0.368027900610693
BASE20130501,full,5,2013-12-10,2014-03-27,2014-12-03,0.36151986550631343,71,240,-0.12130908320153921,1.6659430356540343,1.6658293200714551,1.6828956100857968,1.7815042518789252,0.6301516722587777,1.2240822723359501,0.7347683841154787,0,0.06887393925759278,0.0778241221001221,0.3210111562060237,0.35467370287858074
BASE20130501,full,6,2026-03-12,2026-06-30,,0.34963270991316586,73,,0.06226480301052151,1.6660015718887806,1.7145933473231947,1.6702901924185805,1.9124077314477348,0.6356849814594361,1.4905855824533563,0.8947083889983659,0,0.054729166064981946,0.057141754688672164,0.49190757055252404,0.39029310054886845
BASE20130501,full,7,2018-06-12,2019-01-03,2019-02-25,0.3375785310050512,138,170,-0.22507089742416908,1.2838409637356494,1.7898415910056258,1.6659494461503863,1.7898415910056258,0.6459697464468586,1.2813940518889078,0.9980940693467034,0,0.04355227490039841,0.06679302775024776,0.381565662452621,0.2931557399588744
BASE20130501,full,8,2022-04-14,2022-04-26,2023-05-04,0.27081106395747867,8,255,-0.09720701312396063,1.665999546885343,1.6941967398954663,1.6941967398954663,1.7665906128305595,0.5798510136441274,1.4635865203121274,0.8785035524459563,0,0.057446232081911255,0.057446232081911255,0.4467213387206849,0.7159389061726708
BASE20130501,full,9,2021-05-10,2021-07-28,2021-08-31,0.2614059451246399,56,80,-0.046458430981367815,1.6660026281921851,1.7801852952703254,1.75931976597081,1.8565723297731322,0.6396161889390491,1.5530729552878713,0.9322151892240073,0,0.03905440223463687,0.04232449704142012,0.4609359056748628,0.34225123254799233
BASE20130501,full,10,2019-04-19,2019-06-05,2019-11-25,0.25693988816893,30,146,-0.12704429683954555,1.6659736114218444,1.7376499475661613,1.7120527907823404,1.7890544011749578,0.5897701496963141,1.2998386172544851,0.7802276148570702,0,0.047630592502037494,0.05435701393728222,0.6675623931980673,0.5853447593895887
BASE20130501,full,11,2015-01-05,2015-02-06,2015-04-07,0.23788394622030518,24,60,-0.09037934500238909,1.6659335618851814,1.876131778649197,1.7728857906848554,1.876131778649197,0.48386261900344535,1.3279212270372147,0.7971033523897137,0,0.04227393563579278,0.045237821829855536,0.7873856328482015,0.7231094242319029
BASE20130501,full,12,2021-01-08,2021-02-05,2021-03-15,0.23541306282838625,20,41,-0.0021872719696184317,1.6659625166775385,1.8330314762413338,1.6862952184131461,1.8330314762413338,0.5978973412278349,1.319771592245346,0.7921976509275803,0,0.03090992476489029,0.03242796040868455,0.6258254054384202,0.39026890764269995
BASE20130501,full,13,2020-07-20,2020-09-25,2020-11-23,0.22753115389867007,49,84,-0.023562592141529337,1.6659923898657638,1.758076495381677,1.7037419497572523,1.758076495381677,0.48568198339008567,1.3080568155456043,0.7851517350874574,0,0.03902715224913496,0.05254544426494346,0.7364701068438865,0.4275293306591512
BASE20130501,full,14,2025-11-10,2025-11-24,2025-12-24,0.19890738237437922,10,32,-0.05260859841748222,1.6659998537279503,1.7571995973070662,1.6858999400219132,1.7571995973070662,0.6988806741030936,1.4268254703162941,0.8564379325265462,0,0.057861011372251706,0.057861011372251706,0.556738156472742,0.6132747460267218
BASE20130501,full,15,2013-05-20,2013-11-08,2013-12-09,0.16673228856000144,114,135,-0.11559581699947508,1.5347134729886749,1.7084332009951981,1.6659236762414986,1.711770958656735,0.585545144416286,1.3869246041194079,0.9037026314876447,0,0.06510348756218905,0.0800823732718894,,0.3561720004186767
BASE20130501,full,16,2017-11-22,2017-12-15,2018-01-02,0.16654483283746224,17,28,-0.058357401533268405,1.665954927623803,1.8007931306685194,1.7371752676433725,1.8007931306685194,0.5946672480511058,1.42203866446426,0.8535877177016743,0,0.03333733526011561,0.033510296162201296,0.3062954039795058,0.5002479482802279
BASE20131101,full,1,2015-04-27,2016-06-13,2017-03-21,0.4597123912645773,276,464,-0.3621877073544125,1.6656098942538704,1.710613876532761,0.7201455670858867,1.7547348344244678,0.6422689474823037,1.4857699920127074,0.8920275973013931,64,0.025245510403916767,0.06896388693957116,0.6110323434310775,0.292865626070323
BASE20131101,full,2,2021-09-22,2021-11-16,2022-03-29,0.4368337191754291,34,123,0.012765021973258683,1.6660019334223808,1.9289185186088211,1.8082814999292365,1.9289185186088211,0.6276381463954771,1.4946833975479654,0.8971678649120864,0,0.049194598263614844,0.05213017727639001,0.8815664502718595,0.6703932040618087
BASE20131101,full,3,2020-01-14,2020-03-23,2020-07-09,0.4321769403497632,43,115,-0.1574217938895771,1.6659994893848937,1.4764920077984014,1.6908260897403116,2.054954856484124,0.5842893251243824,1.4108243576994333,0.846833607506282,0,0.04993581300813008,0.05905442350907519,0.2868758143368962,0.9305388204356903
BASE20131101,full,4,2013-12-10,2014-03-28,2014-12-04,0.41140145743656154,72,241,-0.12283354800841328,1.6659143636781708,1.6809411279190645,1.6658023112512703,1.8312317189984575,0.5763526889069491,1.5921795780878152,0.9557391501039966,0,0.06887393925759278,0.0778241221001221,0.27597390473390176,0.5257602624496057
BASE20131101,full,5,2024-05-29,2024-09-11,2024-11-07,0.38338323644966066,74,108,-0.1182752551528703,1.6660246838982706,1.6665347393322751,1.6964312473841683,1.7404074776092715,0.6258344963276484,1.3143273360186456,0.7889002778418017,0,0.06295652278589853,0.07037703130755064,0.39170745613371805,0.35582983496756904
BASE20131101,full,6,2018-06-12,2019-01-03,2019-02-25,0.337304430905221,138,170,-0.22507089742416908,1.288816740116679,1.7899015302181083,1.665979257391288,1.7899015302181083,0.6460130720907653,1.2847474579816225,0.996842621601355,0,0.04355227490039841,0.06679302775024776,0.38276970199269306,0.2931525926015995
BASE20131101,full,7,2026-03-12,2026-06-30,,0.33048394388070124,73,,0.06226480301052151,1.6660010508308996,1.69484839210686,1.66618191233243,1.8852175063703605,0.6405594317717682,1.3752592050238674,0.8254851966257597,0,0.054729166064981946,0.057141754688672164,0.4523633547151911,0.384786170959488
BASE20131101,full,8,2024-11-07,2025-04-09,2025-07-22,0.2939777522432725,101,171,-0.11069541935017002,1.6660251060215914,1.6660719556040353,1.7110190282441864,1.7717461869816247,0.6124452823536961,1.1436778544033515,0.6864709602932776,0,0.06436090987124463,0.06887987563884157,0.4101698977433708,0.5653431103319153
BASE20131101,full,9,2022-04-14,2022-10-31,2023-05-04,0.2694874550769608,132,255,-0.16291508909549401,1.6660026048706773,1.6656270986221613,1.6736044557048992,1.7741245785715398,0.585049073642948,1.507298533974529,0.9047396021877964,0,0.053029768480909824,0.06790998376313276,0.43301915630752297,0.15136264189481358
BASE20131101,full,10,2015-01-05,2015-02-02,2015-04-08,0.26803352759348387,20,61,-0.07897208323950855,1.6659490034169844,1.911671656143545,1.807023406829262,1.911671656143545,0.609614097342678,1.5309472270995816,0.9189640402914471,0,0.04227393563579278,0.045237821829855536,0.78161542486829,0.7018267451127517
BASE20131101,full,11,2021-05-10,2021-07-28,2021-08-31,0.2628580779488704,56,80,-0.046458430981367815,1.6659973355413036,1.7834634727789282,1.7603518611437985,1.8628333284097098,0.6382286935736199,1.53237448847784,0.9197940811711756,0,0.03905440223463687,0.04232449704142012,0.4664880664246408,0.34999420886973054
BASE20131101,full,12,2019-04-19,2019-06-05,2019-11-25,0.25694717784204646,30,146,-0.12704429683954555,1.6659853587604503,1.7374491232115656,1.7119081680524917,1.7888934086462223,0.5895363469903321,1.2998649221042564,0.780237902613622,0,0.047630592502037494,0.05435701393728222,0.6674237588174221,0.5853360584016692
BASE20131101,full,13,2020-07-20,2020-09-30,2020-11-24,0.254974997900262,52,85,-0.019849154968698657,1.665995964604218,1.7562022453720962,1.7021995455100392,1.7850360069678413,0.46529842781793135,1.3237622346377693,0.7945770954806897,0,0.03902715224913496,0.05254544426494346,0.7296241457569982,0.45579749053130075
BASE20131101,full,14,2021-01-13,2021-02-05,2021-02-22,0.2215015297163494,17,23,-0.01695240383150154,1.6641506151334684,1.7964821810260845,1.6736183871763521,1.7964821810260845,0.5936260193303856,1.3096420972288572,0.7869732975604622,0,0.03090992476489029,0.03242796040868455,0.6406958605089912,0.4281197422235443
BASE20131101,full,15,2025-11-10,2025-11-24,2025-12-24,0.19954195379992168,10,32,-0.05260859841748222,1.6659996722438792,1.7659356840792422,1.6878721654624091,1.7659356840792422,0.6919480044331139,1.4419774048117722,0.8655328262277633,0,0.057861011372251706,0.057861011372251706,0.568652773813859,0.6427202813466625
BASE20131101,full,16,2017-11-22,2017-12-15,2018-01-02,0.166389698358549,17,28,-0.058357401533268405,1.6659423680468421,1.800629003701974,1.7384693047097244,1.800629003701974,0.5942015787452648,1.3886759213891415,0.8335678040394825,0,0.03333733526011561,0.033510296162201296,0.3078997382394717,0.494276910571125
BASE20131101,full,17,2023-05-08,2023-06-26,2023-10-17,0.15394710971471315,33,108,-0.062264624654782885,1.6660011623638087,1.7675446713217933,1.7242217908365107,1.7675446713217933,0.6723066196377666,1.4501529841346523,0.8704393591641318,0,0.05939595815170009,0.06464130832570907,0.3997104599505736,0.28013340373954715
BASE20140501,full,1,2021-09-22,2021-11-16,2022-03-29,0.45566442120355466,34,123,0.012765021973258683,1.6660029104254104,2.0812411467601897,1.8495270637409273,2.0812411467601897,0.6133693503803357,1.4135229632659292,0.8484516770171722,0,0.049194598263614844,0.05213017727639001,0.9094998881115591,0.7591346329336778
BASE20140501,full,2,2020-01-03,2020-03-23,2020-07-09,0.44300470469899056,50,122,-0.14828852389407865,1.6660198171306186,1.5234470712233996,1.6857905480274307,2.0755543212259555,0.4347461650384034,1.1568845752821781,0.694400248656512,0,0.04993581300813008,0.05905442350907519,0.20842955644466468,0.9282467655788461
BASE20140501,full,3,2018-06-12,2019-01-03,2019-03-04,0.42421292401201594,138,175,-0.22507089742416908,1.2901980100347235,2.0595627295976926,1.738132962347962,2.0595627295976926,0.645984438048888,1.2827909496610417,0.9942589739589798,0,0.04355227490039841,0.06679302775024776,0.38175779129961607,0.34440351634073796
BASE20140501,full,4,2024-05-22,2024-09-11,2025-07-24,0.40272474771316236,79,286,-0.1352494944971433,1.6660241644505978,1.829519034110608,1.6922599088207324,1.829519034110608,0.6323429815964972,1.327071676853349,0.7965500772259059,0,0.06295652278589853,0.07037703130755064,0.36598362889313196,0.37289416487448684
BASE20140501,full,5,2015-04-27,2016-06-13,2016-11-28,0.4009432169525966,276,389,-0.3621877073544125,1.6658101189735266,1.6905551789177253,1.1872970754019936,1.721347474181465,0.6415732570091495,1.1641390068721755,0.6988425593125337,64,0.025245510403916767,0.06896388693957116,0.5769743945028855,0.16938969882525032
BASE20140501,full,6,2026-03-12,2026-06-30,,0.34808268345585314,73,,0.06226480301052151,1.6660013108775669,1.713608586461001,1.6703294223738356,1.9115866286232233,0.6357177766676186,1.4720423379827656,0.8835781390876377,0,0.054729166064981946,0.057141754688672164,0.4825550334609383,0.3865969269868413
BASE20140501,full,7,2019-04-08,2019-05-20,2019-12-06,0.3173309566203709,27,164,-0.10831034967206687,1.665997686685118,1.8652893579188055,1.7670515522695014,1.8652893579188055,0.6357458483661889,1.3870573206567798,0.8325685754202014,0,0.047630592502037494,0.049317,0.6505740326438975,0.7537919931360383
BASE20140501,full,8,2022-04-14,2022-04-26,2023-05-05,0.2873604270756992,8,256,-0.09720701312396063,1.6660024209013633,1.6660220941027284,1.7212340269985145,1.8335127259583732,0.5590149865378669,1.3941380034746742,0.8368163131001927,0,0.057446232081911255,0.057446232081911255,0.4639360083477118,0.750803277041725
BASE20140501,full,9,2015-01-05,2015-02-06,2015-04-07,0.28607608729072853,24,60,-0.09037934500238909,1.665862671864724,1.9301266077719366,1.8057633168169995,1.9301266077719366,0.6476209383119639,1.4247034646463868,0.8552346413114654,0,0.04227393563579278,0.045237821829855536,0.9329949700317488,0.8414674431053235
BASE20140501,full,10,2021-05-10,2021-07-28,2021-08-30,0.24971947134697592,56,79,-0.046458430981367815,1.6660016829279372,1.7674257772464104,1.7607957268996806,1.8642475148340287,0.6340999886881568,1.4561893934326189,0.8740623784205422,0,0.03905440223463687,0.04232449704142012,0.487469815981681,0.36104264552046755
BASE20140501,full,11,2020-07-20,2020-09-25,2020-11-23,0.2354789731944037,49,84,-0.023562592141529337,1.665998588494935,1.760727750812364,1.7043484302014984,1.7895112355008016,0.4894670833205398,1.2954435202409504,0.777577801798293,0,0.03902715224913496,0.05254544426494346,0.7486932412489673,0.4255637588111005
BASE20140501,full,12,2016-12-01,2016-12-23,2017-03-20,0.21418665803457515,16,71,-0.07221237349370557,1.6659852619580489,1.84930038953802,1.7693491634397351,1.84930038953802,0.6064702272176252,1.4861492995304022,0.8920542897142537,0,0.048929372549019606,0.048929372549019606,0.43242247466855555,0.5278405870615993
BASE20140501,full,13,2025-11-10,2025-11-24,2025-12-24,0.19474650092413814,10,32,-0.05260859841748222,1.6659997859768167,1.7551585329991295,1.6846948371041384,1.7551585329991295,0.6924109563481198,1.366629054152843,0.8203056600944008,0,0.057861011372251706,0.057861011372251706,0.5565166208322421,0.615718403342469
BASE20140501,full,14,2021-01-21,2021-02-05,2021-02-19,0.19439252853318756,11,16,-0.014655964003399857,1.6660239976022717,1.7061087239453419,1.6660227753094603,1.7061087239453419,0.6064785390105555,1.3509147141889781,0.8108614978735023,0,0.03090992476489029,0.03242796040868455,0.769100053056207,0.5618628419379572
BASE20141101,full,1,2015-04-27,2016-05-30,2017-03-21,0.46095839875513556,268,464,-0.3621107457166689,1.6659666790952268,1.6691437172445651,0.6610079861181011,1.733858331608797,0.6352589056445639,1.1802462478626157,0.7084452904565882,64,0.025245510403916767,0.06896388693957116,0.5714081244315643,0.2548069052785509
BASE20141101,full,2,2020-01-03,2020-03-23,2020-07-09,0.43335295003117,50,122,-0.14828852389407865,1.6660185210945029,1.5839290786081643,1.684500128871666,2.071017802812531,0.4645353259954444,1.1726514145803522,0.7038645727719584,0,0.04993581300813008,0.05905442350907519,0.2076492157248839,0.9254373991210703
BASE20141101,full,3,2021-09-22,2021-11-16,2022-03-28,0.42909220976161033,34,122,0.012765021973258683,1.6660013142149328,1.89473783151595,1.7779665422751045,1.89473783151595,0.6146330803625366,1.431405564663882,0.8591863358393573,0,0.049194598263614844,0.05213017727639001,0.9849826985975223,0.7774023037479402
BASE20141101,full,4,2018-06-12,2019-01-03,2019-03-04,0.42258466735794187,138,175,-0.22507089742416908,1.3033371274922119,2.0490893006419624,1.7348717059238283,2.0490893006419624,0.6459568916525366,1.2916471296280745,0.9910307182865031,0,0.04355227490039841,0.06679302775024776,0.3797273636343414,0.3426959791849544
BASE20141101,full,5,2024-05-29,2024-09-11,2024-11-07,0.37965399612355566,74,108,-0.1182752551528703,1.66602625370045,1.6992670249256663,1.7015819400700125,1.7885555957835964,0.6182660177478079,1.392422198965897,0.835774463861632,0,0.06295652278589853,0.07037703130755064,0.3987769204423617,0.36917654842750763
BASE20141101,full,6,2026-03-12,2026-06-30,,0.34677711066542705,73,,0.06226480301052151,1.6660019412195155,1.7136909085342018,1.6712756916776845,1.9096627244980002,0.635826818458483,1.4343366940675508,0.8609453918268634,0,0.054729166064981946,0.057141754688672164,0.46718439947101864,0.38812883169773293
BASE20141101,full,7,2024-11-07,2025-04-09,2025-08-11,0.32733249733856085,101,185,-0.11069541935017002,1.6660255351261972,1.6660476264776638,1.7218272808085466,1.7865568711628939,0.6124397122384855,1.2320172387171304,0.7394948112988006,0,0.06436090987124463,0.06887987563884157,0.40755598029567264,0.5644380782363937
BASE20141101,full,8,2019-04-08,2019-05-20,2019-12-06,0.3171602703212447,27,164,-0.10831034967206687,1.6659976166419956,1.865211282830565,1.7669983337177864,1.865211282830565,0.6354841841019389,1.3846783035035446,0.8311406268962848,0,0.047630592502037494,0.049317,0.649955792677962,0.753698486898972
BASE20141101,full,9,2020-07-20,2020-09-24,2020-12-18,0.30292962528812784,48,103,-0.025047539687626963,1.6660047578798889,1.7484362859341065,1.6753032339288483,1.8326347479725438,0.4853712761087329,1.118185426646641,0.671177811082372,0,0.03902715224913496,0.05254544426494346,0.7302606876026474,0.4760406016757692
BASE20141101,full,10,2015-01-05,2015-02-06,2015-04-07,0.28008649695478094,24,60,-0.09037934500238909,1.6659927088595166,1.7087101291044926,1.6660279789304466,1.7991500381975638,0.6427495575442609,1.0058657683883596,0.603763607751286,0,0.04227393563579278,0.045237821829855536,0.8482051711902363,0.8102199435155939
BASE20141101,full,11,2022-04-14,2022-04-26,2023-05-04,0.2668576884401509,8,255,-0.09720701312396063,1.666001451921879,1.692327875488999,1.717678599597527,1.8136547769156635,0.5393718455557153,1.4786148668577233,0.8875231562085442,0,0.057446232081911255,0.057446232081911255,0.47268640770435905,0.7267582969580055
BASE20141101,full,12,2021-05-10,2021-07-08,2021-08-26,0.22477361599100598,42,77,0.019197102807856803,1.6660029183173914,1.8639814088944062,1.7706408666997095,1.8639814088944062,0.6337958726293298,1.655480705865568,0.9936841572507865,0,0.03905440223463687,0.04232449704142012,0.5464054486927771,0.4964886949421174
BASE20141101,full,13,2021-01-21,2021-02-05,2021-02-19,0.20521421876207135,11,16,-0.014655964003399857,1.6660178527009064,1.7243916364394924,1.666020308653736,1.7243916364394924,0.6026675787662494,1.4685993327858609,0.8815027584518403,0,0.03090992476489029,0.03242796040868455,0.7160251744315544,0.5668644493719356
BASE20141101,full,14,2025-11-10,2025-11-24,2025-12-24,0.19050946576271965,10,32,-0.05260859841748222,1.6659997996607796,1.7587850991407579,1.6861219284842863,1.7587850991407579,0.6911112543065389,1.3783876160828918,0.827363614547583,0,0.057861011372251706,0.057861011372251706,0.5443822444140596,0.615919517215094
BASE20141101,full,15,2023-05-08,2023-06-26,2023-11-30,0.15773373677901148,33,140,-0.062264624654782885,1.6660033751757855,1.7720864003160357,1.7264936680656513,1.7720864003160357,0.6575076861144477,1.4517209734179042,0.871379371164076,0,0.05939595815170009,0.06464130832570907,0.4066177406848689,0.2826263052729602
BASE20141101,full,16,2021-03-15,2021-03-24,2021-04-29,0.1534854492156129,7,32,-0.021219174110423178,1.665996747252294,1.7061941560987903,1.6868992115889418,1.7172783828531046,0.5824760483799594,1.5849189671801467,0.9513337704855259,0,0.030213972274732208,0.030213972274732208,0.6904625716800518,0.5973433986992208
BASE20150501,full,1,2015-12-25,2016-05-30,2017-03-20,0.4495741887380029,103,298,-0.20100307435777187,1.665908172020441,1.6688858122212302,1.2293002925295862,1.733673547884719,0.5634511099506133,1.1212521415280798,0.6730575912645934,0,0.04865195080707148,0.06896388693957116,0.45345849398997556,0.2607456076268812
BASE20150501,full,2,2020-01-03,2020-03-23,2020-07-13,0.44723217607872046,50,124,-0.14828852389407865,1.6660135472633228,1.5380734150446478,1.6850148064202142,2.078893738237122,0.4648416139969847,1.1734331153464854,0.7043358784651094,0,0.04993581300813008,0.05905442350907519,0.20747972018784708,0.9277202112455939
BASE20150501,full,3,2021-09-22,2021-11-16,2022-03-29,0.4395506732798149,34,123,0.012765021973258683,1.6659995086985764,1.9538259107144493,1.7811525754973978,1.9538259107144493,0.6127322468863192,1.3734952459233978,0.8244271614439591,0,0.049194598263614844,0.05213017727639001,0.9436363516524691,0.7253575443255111
BASE20150501,full,4,2018-06-12,2019-01-03,2019-03-04,0.4228819724327071,138,175,-0.22507089742416908,1.3023769445213023,2.050698869346332,1.7352404405394177,2.050698869346332,0.6459771298297508,1.291505726425371,0.9916527867437588,0,0.04355227490039841,0.06679302775024776,0.3797087425327847,0.3429532569494447
BASE20150501,full,5,2024-05-29,2024-09-11,2025-08-11,0.41067473391051357,74,293,-0.1182752551528703,1.6660247632163416,1.6660250861114183,1.6930701952584006,1.7852578656102194,0.6104003987706809,1.2583728250678134,0.7553145984687909,0,0.06295652278589853,0.07037703130755064,0.36839413917588537,0.34755453610642173
BASE20150501,full,6,2026-03-12,2026-06-30,,0.3185868445102239,73,,0.06226480301052151,1.6660014813110706,1.7061821951226,1.668500305225483,1.905337677976866,0.6391189626514033,1.3587514117650694,0.8155763527267642,0,0.054729166064981946,0.057141754688672164,0.44371439936201085,0.3710594008801151
BASE20150501,full,7,2019-04-08,2019-05-20,2019-12-06,0.31716041447482024,27,164,-0.10831034967206687,1.6660026563742423,1.8654360995195756,1.7669894519731462,1.8654360995195756,0.6356155750459427,1.384636054265881,0.831112753012828,0,0.047630592502037494,0.049317,0.6499494793087234,0.7538002575468679
BASE20150501,full,8,2022-04-14,2022-04-26,2023-05-04,0.27984417068448453,8,255,-0.09720701312396063,1.6660025882014562,1.6879074606235307,1.7196346661542807,1.82866380476586,0.5532930707318235,1.3797350294439108,0.8281709999823065,0,0.057446232081911255,0.057446232081911255,0.45217538932165374,0.7326970350218296
BASE20150501,full,9,2020-07-20,2020-09-25,2020-11-23,0.2461988896546844,49,84,-0.023562592141529337,1.6659964897674824,1.7617454386238904,1.7011039156539562,1.810851223204249,0.47793364659284715,1.1996791716921946,0.7200970584635685,0,0.03902715224913496,0.05254544426494346,0.7342547848102752,0.4443541130384127
BASE20150501,full,10,2021-05-10,2021-07-28,2021-08-30,0.236105526307969,56,79,-0.046458430981367815,1.6660010758322419,1.7504670723999887,1.7584690071146967,1.8629613361372686,0.6317141798407133,1.5423378619773342,0.9257724285723331,0,0.03905440223463687,0.04232449704142012,0.5109994256611048,0.37114362317865607
BASE20150501,full,11,2021-01-21,2021-02-05,2021-02-22,0.20928200775558348,11,17,-0.014655964003399857,1.6660049744293817,1.68922716713786,1.6660066628120043,1.68922716713786,0.5988633088411903,1.4704173778719754,0.8826008327949942,0,0.03090992476489029,0.03242796040868455,0.8364557539265671,0.6499951431342558
BASE20150501,full,12,2025-11-10,2025-11-24,2025-12-24,0.19091010959581622,10,32,-0.05260859841748222,1.6659993488481621,1.7575130207429543,1.685734327724526,1.7575130207429543,0.6925139323782578,1.3788001269102947,0.8276114440642303,0,0.057861011372251706,0.057861011372251706,0.5426092643337601,0.6105332269372504
BASE20150501,full,13,2023-05-08,2023-06-26,2023-10-17,0.1539976801912415,33,108,-0.062264624654782885,1.6660026417644833,1.7675899559151427,1.7242325883072063,1.7675899559151427,0.6712553161680855,1.4502166408929789,0.870476795497177,0,0.05939595815170009,0.06464130832570907,0.3998143813061469,0.2801399952491789
BASE20151101,full,1,2015-12-25,2016-05-30,2017-03-20,0.4446514033003961,103,298,-0.20100307435777187,1.6659069954557562,1.6688841517915238,1.2015968702712305,1.7337188584294845,0.6111547712615873,1.2210996937199246,0.7329939168578004,0,0.04865195080707148,0.06896388693957116,0.4732676981730721,0.2611928640956857
BASE20151101,full,2,2020-01-03,2020-03-23,2020-07-09,0.4333428836361919,50,122,-0.14828852389407865,1.6660227364286957,1.583800156200347,1.684463666547038,2.0707352108642487,0.4643248637749222,1.1729437433831933,0.7040382569433165,0,0.04993581300813008,0.05905442350907519,0.2077253574069349,0.9253680451250343
BASE20151101,full,3,2021-09-22,2021-11-16,2022-03-28,0.43306678462632964,34,122,0.012765021973258683,1.66600317552414,1.884950932640836,1.7864128310900371,1.884950932640836,0.6180202939834424,1.4151504047733021,0.8494283957940733,0,0.049194598263614844,0.05213017727639001,0.9710609778892781,0.7787573412230125
BASE20151101,full,4,2018-06-12,2019-01-03,2019-03-04,0.4229189424032517,138,175,-0.22507089742416908,1.3030255451628818,2.051079322637315,1.7354400187801553,2.051079322637315,0.6459960977565089,1.2920860173694557,0.9916045177824517,0,0.04355227490039841,0.06679302775024776,0.3798532242601889,0.34301438913610677
BASE20151101,full,5,2024-05-29,2024-09-11,2024-11-07,0.38202028850732483,74,108,-0.1182752551528703,1.6660261240375103,1.700561368219478,1.6902659027418845,1.7888315179981653,0.6129143600046976,1.4910235321214094,0.8949580745516804,0,0.06295652278589853,0.07037703130755064,0.4061310701438512,0.37201838464273584
BASE20151101,full,6,2026-03-12,2026-06-30,,0.33186481384129973,73,,0.06226480301052151,1.666000451836851,1.7073645989815494,1.6700595692938935,1.9079786834048083,0.6395189135500541,1.3902494799011496,0.8344832550125231,0,0.054729166064981946,0.057141754688672164,0.4469572351554042,0.37111729328907306
BASE20151101,full,7,2024-11-07,2025-04-09,2025-08-11,0.3267096288271165,101,185,-0.11069541935017002,1.6660258306881879,1.6660444646816561,1.7205435183831594,1.7851060943017114,0.6124399355379456,1.2428770976517356,0.7460131018126762,0,0.06436090987124463,0.06887987563884157,0.40758543138457937,0.5659566751945224
BASE20151101,full,8,2019-04-08,2019-05-20,2019-12-06,0.31716445338143673,27,164,-0.10831034967206687,1.665987164304679,1.8652943422794581,1.7669957459633148,1.8652943422794581,0.635619616144885,1.3847462281343872,0.8311866128406389,0,0.047630592502037494,0.049317,0.6499884558353934,0.7537404731873033
BASE20151101,full,9,2020-07-20,2020-09-24,2020-12-25,0.3120843705241654,48,108,-0.025047539687626963,1.666001921428902,1.747379815563857,1.6742643196501354,1.8422722758743983,0.4854268291157723,1.117672371886153,0.6708709981123816,0,0.03902715224913496,0.05254544426494346,0.7302324707995895,0.4674056174244359
BASE20151101,full,10,2022-04-14,2022-04-26,2023-05-04,0.26846488838308413,8,255,-0.09720701312396063,1.6660013313898951,1.6927116967364255,1.7179191497211996,1.8145722110253013,0.5295349561853203,1.472523495614989,0.88386693808132,0,0.057446232081911255,0.057446232081911255,0.4728218348603405,0.728589465433317
BASE20151101,full,11,2021-05-10,2021-07-08,2021-08-26,0.22173673995047205,42,77,0.019197102807856803,1.665998066752215,1.8606037812156955,1.7684216702496776,1.8606037812156955,0.6297429004470569,1.6180986960982504,0.971248843795274,0,0.03905440223463687,0.04232449704142012,0.5339456303936784,0.4864374263992444
BASE20151101,full,12,2021-01-21,2021-02-05,2021-02-19,0.20665539317054626,11,16,-0.014655964003399857,1.6659935368492187,1.7458214499328173,1.6754740079630093,1.7458214499328173,0.6028094164009898,1.4446054740197627,0.867113492379957,0,0.03090992476489029,0.03242796040868455,0.6980501277245935,0.5529146891344527
BASE20151101,full,13,2025-11-10,2025-11-24,2025-12-24,0.18928306702241082,10,32,-0.05260859841748222,1.6659981859731765,1.76330184293408,1.6869041484087592,1.76330184293408,0.6846605209251538,1.3698530985060107,0.8222416507049343,0,0.057861011372251706,0.057861011372251706,0.5525215122754651,0.6364370779293033
BASE20151101,full,14,2023-05-08,2023-06-26,2023-11-30,0.15709008927112378,33,140,-0.062264624654782885,1.6660012122527257,1.771300745485689,1.726101383117983,1.771300745485689,0.6601447643693567,1.4518306585138672,0.8714463397963184,0,0.05939595815170009,0.06464130832570907,0.40546780907059987,0.28224643457076204
BASE20151101,full,15,2021-03-15,2021-03-24,2021-04-29,0.1537313222861041,7,32,-0.021219174110423178,1.6660010742162537,1.7631702521864119,1.6870849471023117,1.7631702521864119,0.5843740071026321,1.5885484903030094,0.9535098835697445,0,0.030213972274732208,0.030213972274732208,0.6948423466232095,0.5985254059372699
BASE20160501,full,1,2021-09-22,2021-11-16,2022-03-29,0.45148053308715785,34,123,0.012765021973258683,1.6659995205010878,2.0601142866356827,1.8418645702863818,2.0601142866356827,0.6224317090375652,1.4706429262273917,0.8827391053420363,0,0.049194598263614844,0.05213017727639001,0.8951944657727562,0.7375285926092229
BASE20160501,full,2,2020-01-03,2020-03-23,2020-07-09,0.4359364674889613,50,122,-0.14828852389407865,1.666020199871419,1.5025705671140361,1.6852209725385459,2.0634470065503914,0.43487952936905555,1.1548432256398824,0.6931748040804137,0,0.04993581300813008,0.05905442350907519,0.21214545898155746,0.9300338323807655
BASE20160501,full,3,2024-05-29,2024-09-11,2024-11-07,0.3773844582728757,74,108,-0.1182752551528703,1.6660257380533845,1.7007337547370955,1.7043105242639132,1.791709807283857,0.6196966058171902,1.2603943936381077,0.7565275642804751,0,0.06295652278589853,0.07037703130755064,0.3820246585408203,0.36907030369135924
BASE20160501,full,4,2026-03-12,2026-06-30,,0.34988805189059635,73,,0.06226480301052151,1.666000622455675,1.7139133096967525,1.6694121248246092,1.9137507664419928,0.6357395233969332,1.4748625602281165,0.8852713140371928,0,0.054729166064981946,0.057141754688672164,0.48979784870966936,0.3888800500720328
BASE20160501,full,5,2018-06-12,2019-01-03,2019-02-25,0.3389272498475496,138,170,-0.22507089742416908,1.285501607481722,1.790219398565585,1.6659940344234467,1.790219398565585,0.6460247467822288,1.2819760548566024,0.9972574498510148,0,0.04355227490039841,0.06679302775024776,0.3817101028891273,0.2932472322845552
BASE20160501,full,6,2024-11-07,2025-04-09,2025-07-22,0.3023996836385098,101,171,-0.11069541935017002,1.6660244098995527,1.6660435537884992,1.7150729221714316,1.777376776984422,0.6124668006205362,1.156380471970837,0.6940957558002149,0,0.06436090987124463,0.06887987563884157,0.40746314412859436,0.5628324163459982
BASE20160501,full,7,2022-04-14,2022-04-26,2023-05-04,0.27415072519738115,8,255,-0.09720701312396063,1.6660011783874693,1.68544064167012,1.68544064167012,1.7692396170994296,0.5737941038536157,1.4579104895242003,0.8750957132787379,0,0.057446232081911255,0.057446232081911255,0.45743731096552803,0.7287603494798475
BASE20160501,full,8,2019-04-19,2019-06-05,2019-11-25,0.25686509114948275,30,146,-0.12704429683954555,1.6660632521864982,1.7377215048860193,1.7121803413568095,1.7891736162010916,0.5911326874829604,1.3001957464391651,0.7803999906563103,0,0.047630592502037494,0.05435701393728222,0.6682146565633426,0.5853018886255681
BASE20160501,full,9,2021-05-10,2021-07-28,2021-08-31,0.25413983616932445,56,80,-0.046458430981367815,1.666002785908093,1.7503390914369985,1.7593115627758116,1.859026649880505,0.6364613978807213,1.5011586873280152,0.901054127895575,0,0.03905440223463687,0.04232449704142012,0.4745988693030389,0.35044832082674127
BASE20160501,full,10,2021-01-08,2021-02-05,2021-02-22,0.2317787618446009,20,26,-0.0021872719696184317,1.6659885888489376,1.8340507414923688,1.6864132335265205,1.8340507414923688,0.5978981559632429,1.2813273812503674,0.7691093383392621,0,0.03090992476489029,0.03242796040868455,0.6485412923993812,0.4139869249940313
BASE20160501,full,11,2020-07-20,2020-09-25,2020-11-17,0.22749255392209156,49,80,-0.023562592141529337,1.6660014371464338,1.761302445541347,1.7028104172598266,1.7845115823490945,0.4428792395448773,1.240329538570649,0.7444948791251431,0,0.03902715224913496,0.05254544426494346,0.7258370794858388,0.43156481588948725
BASE20160501,full,12,2025-11-10,2025-11-24,2025-12-24,0.200929604349097,10,32,-0.05260859841748222,1.6660000560571158,1.7592804623401384,1.6863754439659482,1.7592804623401384,0.6968585649121357,1.4323954390058977,0.8597811469442055,0,0.057861011372251706,0.057861011372251706,0.5664196478743637,0.6251820313379601
BASE20160501,full,13,2017-11-22,2017-12-15,2018-01-02,0.1683021666815736,17,28,-0.058357401533268405,1.665942748242478,1.8024704881711195,1.7392859419204747,1.8024704881711195,0.5951705716776853,1.4173475416139245,0.8507780613164442,0,0.03333733526011561,0.033510296162201296,0.2962811590990297,0.5020478165433951
BASE20091101ex5,A,1,2018-07-30,2019-01-03,2019-04-04,0.49071422682846266,105,165,-0.15653697782127285,0.841602522197596,1.685835635684962,1.5590570179083554,1.8285706381565672,0.6557929445825105,0.8150958778235908,0.9685045568722978,0,0.049010296730930436,0.06679302775024776,0.2684366012820104,0.3502234081788871
BASE20091101ex5,A,2,2015-04-22,2016-05-26,2017-06-13,0.4768718767891782,269,522,-0.3535162801884464,1.6659029540837382,1.4396656430035506,0.5122734885844359,1.7407135241001839,0.57707887794893,1.2459765385946255,0.7479286446670143,64,0.025245510403916767,0.06896388693957116,0.6272514487531278,0.3595672041619564
BASE20091101ex5,A,3,2011-03-28,2012-11-15,2014-12-03,0.45711640312714785,400,895,-0.3333616972135527,0.2999351511600188,0.746141378259711,0.2962008304828061,1.7246528252941882,0.16554612438848115,0.29993515116001873,0.9999999999999998,44,0.02541091909385114,0.07166862090813093,0.08223427439049265,0.3392640499929439
BASE20091101ex5,A,4,2020-03-05,2020-03-23,2020-07-20,0.42396546688086145,12,91,-0.16079472654532134,1.665963756333031,1.625213217371373,1.7841790875857546,2.0736570947989312,0.5993513295054071,1.6189419659160016,0.9717750219725491,0,0.05905442350907519,0.05905442350907519,0.7054137614550784,0.9236216991774832
BASE20091101ex5,A,5,2019-04-08,2019-06-05,2019-11-25,0.27648975435402134,39,155,-0.1134074232912603,1.6659987950771449,1.5938108247686968,1.7193610650261615,1.8221679550718894,0.6832348404544363,1.4298714091200766,0.8582667726682633,0,0.047630592502037494,0.05435701393728222,0.5196584467516028,0.5449751088988078
BASE20091101ex5,A,6,2021-09-13,2021-11-10,2022-04-12,0.2637401299986125,35,136,-0.03415096380763116,1.5452277791983855,1.694137506307023,1.6856563432128278,1.7851339601219414,0.6585503439825017,1.3327342578173211,0.8624840141747263,0,0.049194598263614844,0.05213017727639001,0.39757608233758296,0.46122282524807867
BASE20091101ex5,A,7,2024-07-02,2024-09-11,2024-09-30,0.25731994179477,51,62,-0.0822803222545142,1.6660008292336066,1.538935212657884,1.6683304827590293,1.7604020942324898,0.5546938607408765,1.1888708586424974,0.7136076031783259,0,0.06505001393728221,0.07037703130755064,0.258646234983455,0.3502724785544624
BASE20091101ex5,A,8,2020-01-14,2020-02-03,2020-02-17,0.24938660771648924,8,18,-0.11970003985784838,1.6659987067808255,1.8274052825490787,1.6663636681567144,1.8274052825490787,0.5978327217150369,1.528746713186858,0.917615786233606,0,0.04993581300813008,0.053680040133779264,0.29683774003353647,0.6499366849447025
BASE20091101ex5,A,9,2026-05-06,2026-06-30,,0.21409351110027053,38,,0.020983824370680138,1.666000137827354,1.7962293641376308,1.6662106272197017,1.7962293641376308,0.480870105328588,1.0954353481314167,0.6575241641696284,0,0.054729166064981946,0.05537376811594203,0.29647274583789174,0.37931414901245486
BASE20091101ex5,A,10,2021-02-19,2021-03-24,2021-06-25,0.20244638729649822,23,85,-0.14711429975566037,1.6659949976880464,1.6660200378631764,1.6891198893589765,1.7894612405229267,0.6863421163117068,1.38268540060614,0.8299457096359448,0,0.030213972274732208,0.03090992476489029,0.47321815507264237,0.5489438464849177
BASE20091101ex5,A,11,2024-10-08,2025-04-07,2025-06-09,0.1992431189545505,121,162,-0.1566363572284486,1.6660033771314282,1.6661563443625638,1.6869121592370906,1.7509311602856301,0.4512605258471056,0.9980773819720388,0.5990848492099438,0,0.057533383399209485,0.06887987563884157,0.6166358126147137,0.4480434171616361
BASE20091101ex5,A,12,2023-05-08,2023-06-26,2023-10-17,0.19129042714461486,33,108,-0.062264624654782885,1.6660039138455232,1.8173244545045448,1.7518146341985914,1.8173244545045448,0.5506280160837306,1.3085490041172776,0.7854417347056786,0,0.05939595815170009,0.06464130832570907,0.42918408693852794,0.3129438291930085
BASE20091101ex5,A,13,2026-03-12,2026-03-23,2026-04-08,0.18384501884138738,7,18,-0.057505397264248415,1.6659996006563909,1.8057500989305075,1.7333422753243544,1.8057500989305075,0.6175763822440041,1.1511649043445584,0.6909754983680719,0,0.057141754688672164,0.057141754688672164,0.41011030534072046,0.47935951039131974
BASE20091101ex5,A,14,2025-11-13,2025-11-24,2025-12-24,0.16530697011992512,7,29,-0.05402301539534704,1.6660001278981693,1.7575313445292906,1.6801804801311087,1.7575313445292906,0.5450775336781061,1.0882356339982202,0.6532026113174082,0,0.057861011372251706,0.057861011372251706,0.3424700866562593,0.43866954387380197
BASE20091101ex5,A,15,2020-07-20,2020-09-30,2020-10-16,0.1590388852515472,52,58,-0.019849154968698657,1.6660031082256817,1.7419646259277881,1.6662013443110895,1.7552132338838176,0.6187560817092357,1.439172620854055,0.8638475004928384,0,0.03902715224913496,0.05254544426494346,0.5971372379161771,0.47212719102168305
BASE20091101ex5,A,16,2015-01-13,2015-01-19,2015-03-17,0.15592141502165602,4,40,-0.045212917325926916,1.6659111487454488,1.7892435198358534,1.6931860415726543,1.7892435198358534,0.3896997248194635,1.0296289197383601,0.6180575239644353,0,0.04227393563579278,0.04227393563579278,0.5223628423583135,0.692100225481617
BASE20100501ex5,A,1,2018-07-30,2019-01-03,2019-04-04,0.4916173668010051,105,165,-0.15653697782127285,0.8435484029565805,1.692002406225379,1.562193061630847,1.8289984710575076,0.6556223211639146,0.8171067660971497,0.9686542742932657,0,0.049010296730930436,0.06679302775024776,0.26856006296594315,0.35142450886133847
BASE20100501ex5,A,2,2015-04-22,2016-05-26,2017-04-06,0.46524686447509356,269,477,-0.3535162801884464,1.6657639474361936,1.4273518641055343,0.5009277246364373,1.7414258475609574,0.5929708853324366,1.2443705296051244,0.7470269311089106,64,0.025245510403916767,0.06896388693957116,0.6204566408939425,0.35949358813617577
BASE20100501ex5,A,3,2011-03-28,2012-11-15,2014-12-03,0.4570864527157569,400,895,-0.3333616972135527,0.29996794887499856,0.7456518984711915,0.29580479557235506,1.7247007836070183,0.1656485385277815,0.29996794887499856,1.0,44,0.02541091909385114,0.07166862090813093,0.08216955445210673,0.3388288024426904
BASE20100501ex5,A,4,2020-03-05,2020-03-23,2020-07-20,0.42399982087253685,12,91,-0.16079472654532134,1.6659809062315336,1.6252370813248715,1.784207019081001,2.073718379634665,0.5991695065162277,1.6189192600760234,0.9717513892389295,0,0.05905442350907519,0.05905442350907519,0.705290855665258,0.9236236727269191
BASE20100501ex5,A,5,2019-04-08,2019-06-05,2019-11-25,0.2766583728936599,39,155,-0.1134074232912603,1.6659940324893834,1.5969940843183388,1.7195279998400832,1.822198491078879,0.683053418739231,1.4324159784561312,0.8597965842145112,0,0.047630592502037494,0.05435701393728222,0.5197008058442333,0.545039359455682
BASE20100501ex5,A,6,2024-07-02,2024-09-11,2024-10-08,0.2658447790596965,51,63,-0.0822803222545142,1.6660001037908683,1.719585696218735,1.6713029460667035,1.7607955624301956,0.5701159663635508,1.1830422228722046,0.7101093332348982,0,0.06505001393728221,0.07037703130755064,0.2591295171382484,0.3497027070781118
BASE20100501ex5,A,7,2021-09-13,2021-11-10,2022-04-12,0.26335560297406135,35,136,-0.03415096380763116,1.5634260247326197,1.693574817235723,1.6850915138488467,1.7862597318483018,0.6591090950704266,1.3536941969273768,0.8658511343118318,0,0.049194598263614844,0.05213017727639001,0.40757115782484205,0.462677047049791
BASE20100501ex5,A,8,2020-01-14,2020-02-03,2020-02-17,0.24934494713174704,8,18,-0.11970003985784838,1.6659882686977139,1.8274262871334477,1.66643656304583,1.8274262871334477,0.597775749680138,1.528409340643591,0.9174190295099335,0,0.04993581300813008,0.053680040133779264,0.2967652136440344,0.6498740050546382
BASE20100501ex5,A,9,2026-05-06,2026-06-30,,0.20822108874308987,38,,0.020983824370680138,1.6660001095100516,1.731105689973487,1.6660482887182457,1.7453827182524924,0.48910036787323014,1.158483607550886,0.6953682661471016,0,0.054729166064981946,0.05537376811594203,0.31738662636854,0.36390178383638616
BASE20100501ex5,A,10,2021-02-19,2021-03-24,2021-06-25,0.1990514446320687,23,85,-0.14711429975566037,1.6659894803122628,1.697571010270825,1.6914417395545325,1.7878211537329936,0.6856590594236306,1.3601491644835932,0.8164212202760459,0,0.030213972274732208,0.03090992476489029,0.476463396011157,0.5432824975456287
BASE20100501ex5,A,11,2023-05-08,2023-06-26,2024-01-04,0.19459998578492488,33,164,-0.062264624654782885,1.666003863215869,1.8182558734814478,1.7513276724649371,1.8182558734814478,0.5435985856998772,1.3410171231834382,0.804930380290288,0,0.05939595815170009,0.06464130832570907,0.44268801461120355,0.3192230826616981
BASE20100501ex5,A,12,2026-03-12,2026-03-23,2026-04-08,0.17256093853236176,7,18,-0.057505397264248415,1.6660327546269855,1.8057820974700611,1.72930782765886,1.8057820974700611,0.6172965486025223,1.1830188858568296,0.7100814090066916,0,0.057141754688672164,0.057141754688672164,0.37432177691581,0.4415668690877035
BASE20100501ex5,A,13,2020-07-20,2020-09-30,2020-11-04,0.17127842152718997,52,71,-0.019849154968698657,1.665996779288529,1.7507868586109856,1.6662494551441358,1.7550174414151307,0.6172102257387571,1.4238274127639827,0.8546399551696818,0,0.03902715224913496,0.05254544426494346,0.6064989959774915,0.4787838646004326
BASE20100501ex5,A,14,2025-11-13,2025-11-24,2025-12-24,0.1664464545546276,7,29,-0.05402301539534704,1.6660001410777743,1.7752146070886723,1.678565767784924,1.7752146070886723,0.5661644998192605,1.2437281128181608,0.74653541866663,0,0.057861011372251706,0.057861011372251706,0.34607385601433527,0.47500566903337516
BASE20100501ex5,A,15,2024-12-30,2025-04-07,2025-06-03,0.1662242586099123,62,99,-0.10242682637126321,1.66600071093818,1.666211789270445,1.703956433715566,1.7320288895556208,0.45839243197090956,1.1603483220555286,0.6964872910540946,0,0.0649003829787234,0.06887987563884157,0.24646811821243492,0.4319840397729953
BASE20100501ex5,A,16,2017-04-10,2017-05-10,2017-06-12,0.16541056615054006,21,42,-0.04776984656818273,1.6659689778519151,1.8002585774238975,1.699670016103887,1.8002585774238975,0.621508159019982,1.3482265107296072,0.8092746795729642,0,0.04413420646178093,0.044993011673151756,0.26310677399731386,0.2265362934388103
BASE20100501ex5,A,17,2015-01-13,2015-01-19,2015-02-26,0.15662288586162054,4,27,-0.045212917325926916,1.6659318618097207,1.7899278015556028,1.6928857596857894,1.7899278015556028,0.36711639493569737,1.0000167600453111,0.6002747068892611,0,0.04227393563579278,0.04227393563579278,0.5128395061928557,0.6861489612769112
BASE20101101ex5,A,1,2015-12-25,2016-05-26,2017-06-26,0.4932545226406241,101,363,-0.201654421343338,1.6659669081817878,1.4782254050852686,1.2314533290123766,1.76403949724242,0.6681428329160063,1.1541947097170775,0.6928077046720867,0,0.04865195080707148,0.06896388693957116,0.4653635214625964,0.3516340329814234
BASE20101101ex5,A,2,2018-07-30,2019-01-03,2019-04-04,0.48995321769656774,105,165,-0.15653697782127285,0.8410172729923507,1.6802399581742586,1.5572063780005534,1.8282003989502846,0.6560023801504108,0.8148143298557551,0.9688437515161071,0,0.049010296730930436,0.06679302775024776,0.26848323693327003,0.3493314453499323
BASE20101101ex5,A,3,2020-03-05,2020-03-23,2020-07-20,0.4239399176518368,12,91,-0.16079472654532134,1.6659692131033341,1.62522682434584,1.7841828115477831,2.073645131401379,0.5994977045199913,1.6190277776642805,0.9718233475925933,0,0.05905442350907519,0.05905442350907519,0.705287417721175,0.9235841316179273
BASE20101101ex5,A,4,2011-03-30,2014-03-20,2014-11-26,0.40123874011079996,719,888,-0.35905444583671164,0.29976991801104247,1.6649848414813428,1.110397546769606,1.7707617556821762,0.29976991801104247,0.29976991801104247,1.0,42,0.02541091909385114,0.0800823732718894,0.07249345668701727,0.37117209533180656
BASE20101101ex5,A,5,2019-04-08,2019-06-05,2019-11-25,0.2763495489797225,39,155,-0.1134074232912603,1.6659740057110717,1.5911280516120974,1.719189211862067,1.8219744731870813,0.6834237309966492,1.4277155887002537,0.856985513462964,0,0.047630592502037494,0.05435701393728222,0.5195842303885551,0.5448908636220324
BASE20101101ex5,A,6,2021-09-13,2021-11-10,2022-04-08,0.2632860205292409,35,134,-0.03415096380763116,1.5293663171966214,1.6939567282057653,1.6852680481835918,1.7664852034086185,0.6589742539829196,1.3498508364453587,0.882621005358402,0,0.049194598263614844,0.05213017727639001,0.4090726407706595,0.46196115485361117
BASE20101101ex5,A,7,2024-07-02,2024-09-11,2024-09-30,0.2613454711075093,51,62,-0.0822803222545142,1.666000434130197,1.6660227339597653,1.6666765481756383,1.7305949562855922,0.5546592653507051,1.209514486717415,0.7259989024846148,0,0.06505001393728221,0.07037703130755064,0.2595967675816635,0.3497405255234046
BASE20101101ex5,A,8,2020-01-14,2020-02-03,2020-02-17,0.2493510436439752,8,18,-0.11970003985784838,1.6659984865142885,1.8273874977253826,1.6663123887047888,1.8273874977253826,0.5980481022888653,1.5283118949276495,0.917354911963506,0,0.04993581300813008,0.053680040133779264,0.2967384051192227,0.649818246246921
BASE20101101ex5,A,9,2024-10-08,2025-04-07,2025-06-10,0.21096769812401606,121,163,-0.1566363572284486,1.666003091388332,1.6661620165105107,1.6898811373937495,1.754859207638395,0.4476026277553298,1.0713484659692303,0.6430651128482856,0,0.057533383399209485,0.06887987563884157,0.6262421054668076,0.4525674443309787
BASE20101101ex5,A,10,2026-05-06,2026-06-30,,0.20793764816319293,38,,0.020983824370680138,1.6659998596448802,1.7458371002627981,1.6662101318202769,1.7458371002627981,0.48275057675390676,1.1067386144751963,0.6643089482078981,0,0.054729166064981946,0.05537376811594203,0.2947926003324731,0.36988500002342695
BASE20101101ex5,A,11,2021-02-19,2021-03-24,2021-06-24,0.20767577881687616,23,84,-0.14711429975566037,1.6659837927021495,1.68238120590624,1.738661038662883,1.79869824680346,0.6881756706816529,1.4050423137505288,0.8433709378838641,0,0.030213972274732208,0.03090992476489029,0.4739170783683546,0.5550611185992677
BASE20101101ex5,A,12,2015-04-22,2015-11-27,2015-12-25,0.19549396840666677,148,168,-0.2495500874507629,1.6658378119468837,1.6660180258619337,0.2996926899630906,1.7399446440280188,0.44512510274027783,1.1283489131806186,0.6773462008656799,64,0.025245510403916767,0.05676455971479501,0.6058177305229115,0.3906678370504656
BASE20101101ex5,A,13,2023-05-08,2023-06-26,2023-10-17,0.1924130971241187,33,108,-0.062264624654782885,1.6660034916581061,1.817628387917056,1.7511223599338381,1.817628387917056,0.5466925946372223,1.3440366817872658,0.8067430161563468,0,0.05939595815170009,0.06464130832570907,0.432963172523886,0.31834908933671735
BASE20101101ex5,A,14,2026-03-12,2026-03-23,2026-04-08,0.1833024760698554,7,18,-0.057505397264248415,1.6659989887936453,1.7836491602578264,1.7236680141465754,1.7836491602578264,0.617331969460274,1.1453537325331635,0.6874876516957057,0,0.057141754688672164,0.057141754688672164,0.4064875089603257,0.4776015962583925
BASE20101101ex5,A,15,2025-11-13,2025-11-24,2025-12-24,0.1643684129042835,7,29,-0.05402301539534704,1.6660003104016865,1.7578501598284524,1.6799197601650335,1.7578501598284524,0.5421778173081572,1.0658372449832665,0.6397581310931955,0,0.057861011372251706,0.057861011372251706,0.34460687887214614,0.4431713348646665
BASE20101101ex5,A,16,2020-07-20,2020-09-30,2020-10-16,0.15889915151455114,52,58,-0.019849154968698657,1.6660016685302852,1.734962189397538,1.6662483005538404,1.7551950793534097,0.6186421817178016,1.4388415153873706,0.8636495044189776,0,0.03902715224913496,0.05254544426494346,0.5971559622735063,0.4711778777306104
BASE20101101ex5,A,17,2015-01-13,2015-01-19,2015-02-26,0.15294709467644485,4,27,-0.045212917325926916,1.6659710928294618,1.786673799925742,1.6902479501566554,1.786673799925742,0.4817001792483508,1.0708967333903967,0.6428063115858756,0,0.04227393563579278,0.04227393563579278,0.5144657391850008,0.6845674780334842
BASE20110501ex5,A,1,2018-07-30,2019-01-03,2019-04-04,0.5025272939500507,105,165,-0.15653697782127285,0.8974177765966629,1.6937430260343795,1.568651850346678,1.8316162659334538,0.6490182333546326,0.885614426321463,0.9868474298336696,0,0.049010296730930436,0.06679302775024776,0.2761724139735917,0.3582606700171956
BASE20110501ex5,A,2,2015-04-22,2016-05-13,2017-06-12,0.4850231703964353,260,521,-0.3512524763650864,1.6658799004980427,0.5108248380874119,0.29987438700013114,1.7552047284154555,0.4709433461312171,1.2549030169299509,0.7532974115089429,64,0.025245510403916767,0.06896388693957116,0.5782275196827605,0.3800316291292503
BASE20110501ex5,A,3,2020-03-05,2020-03-23,2020-07-20,0.410295472571351,12,91,-0.16079472654532134,1.6659929325014442,1.666155662703165,1.7825802617745032,2.059406040203888,0.6502526062071561,1.6179161508047888,0.9711422655170154,0,0.05905442350907519,0.05905442350907519,0.7037092951089681,0.9111308288212835
BASE20110501ex5,A,4,2012-03-09,2012-11-15,2014-09-04,0.3875372215848274,168,605,-0.17666178733626103,1.6658871460469826,0.7443320587815682,0.6095518330874325,1.7246172149835408,0.6105555679091753,1.4227457938032075,0.8540469245946641,0,0.052765726872246704,0.07166862090813093,0.19243028900567888,0.3391435289441682
BASE20110501ex5,A,5,2019-04-08,2019-06-05,2019-11-25,0.2776991278422296,39,155,-0.1134074232912603,1.6659720197606025,1.6176789938649818,1.7203811206393032,1.823156391218494,0.6854718691019305,1.4487831497755277,0.869632342314918,0,0.047630592502037494,0.05435701393728222,0.51993207579519,0.5460996580640667
BASE20110501ex5,A,6,2024-07-02,2024-09-11,2024-10-08,0.2659785506048373,51,63,-0.0822803222545142,1.665999991619785,1.719044986410222,1.671314554961056,1.7601168977541586,0.5758300305418449,1.184069899773334,0.7107262339311962,0,0.06505001393728221,0.07037703130755064,0.2575379579740197,0.3479520459812431
BASE20110501ex5,A,7,2021-09-13,2021-11-10,2022-04-08,0.2630114772250106,35,134,-0.03415096380763116,1.6659444804183456,1.695378259791888,1.695460538998724,1.8014970469785423,0.7214184093607062,1.4422642063080302,0.8657336563496127,0,0.049194598263614844,0.05213017727639001,0.47144479454727495,0.4942589739455281
BASE20110501ex5,A,8,2020-01-14,2020-02-03,2020-02-17,0.24905309269417542,8,18,-0.11970003985784838,1.6659802950045228,1.8272164498293504,1.6661515810090142,1.8272164498293504,0.6002927718768621,1.5274056302758654,0.9168209461155234,0,0.04993581300813008,0.053680040133779264,0.29609878500630343,0.6489326155371355
BASE20110501ex5,A,9,2026-05-06,2026-06-30,,0.2091518029218864,38,,0.020983824370680138,1.6659997803376112,1.7504590494440757,1.6660478822787979,1.7504590494440757,0.4772926893226333,1.1199589224063635,0.6722443397798086,0,0.054729166064981946,0.05537376811594203,0.3073333665708718,0.363991643819998
BASE20110501ex5,A,10,2023-05-08,2023-06-26,2024-01-04,0.1950193693790756,33,164,-0.062264624654782885,1.6660014915295123,1.8183783158879172,1.7522077121243649,1.8183783158879172,0.5401337786562451,1.2951139713617628,0.7773786385825817,0,0.05939595815170009,0.06464130832570907,0.44571859409855197,0.31320797246440507
BASE20110501ex5,A,11,2026-03-12,2026-03-23,2026-04-08,0.1747625573529542,7,18,-0.057505397264248415,1.6659995756240593,1.807891564304956,1.7314532603480943,1.807891564304956,0.6166129883167838,1.1715402005994735,0.7032055816464609,0,0.057141754688672164,0.057141754688672164,0.37527250542525564,0.44811712672742543
BASE20110501ex5,A,12,2021-02-19,2021-08-03,2021-08-31,0.16547525439849087,112,132,-0.14611582947442736,1.4479790327173736,1.4983402871884453,1.6737345319502404,1.7396839145127698,0.6742432105196886,1.292187742905301,0.892407772286796,0,0.030213972274732208,0.04785651219512195,0.46358743263508495,0.2661683381488697
BASE20110501ex5,A,13,2025-11-13,2025-11-24,2025-12-24,0.16395704207917972,7,29,-0.05402301539534704,1.6659998306345327,1.7632963821669998,1.6795627121206391,1.7632963821669998,0.550254292494143,1.108080314205169,0.6651143018322709,0,0.057861011372251706,0.057861011372251706,0.33005234222603025,0.4400329711245785
BASE20110501ex5,A,14,2020-07-20,2020-09-30,2020-11-04,0.15981181352637153,52,71,-0.019849154968698657,1.6660020024460591,1.739957589509087,1.6685077257910013,1.7532634028676277,0.6010353778371584,1.5421707085280578,0.9256715815850224,0,0.03902715224913496,0.05254544426494346,0.625736885922719,0.4760949246123076
BASE20110501ex5,A,15,2024-12-30,2025-04-07,2025-05-22,0.15924141899602473,62,92,-0.10242682637126321,1.666000166959431,1.6661883772276065,1.704110486679431,1.7315149356072523,0.45685526027623113,1.1538815731684817,0.6926059168855894,0,0.0649003829787234,0.06887987563884157,0.24612416005837448,0.42289113009247525
BASE20110501ex5,A,16,2015-01-13,2015-01-19,2015-02-17,0.1526599112730983,4,25,-0.045212917325926916,1.6658703984421028,1.78628827350517,1.690832603403098,1.78628827350517,0.5228724347949781,1.091485444238931,0.655204297561006,0,0.04227393563579278,0.04227393563579278,0.5273719332758537,0.6925685222141448
BASE20111101ex5,A,1,2018-07-30,2019-01-03,2019-04-04,0.4910206159542475,105,165,-0.15653697782127285,0.8420325180135009,1.6880519918570789,1.5599462008525644,1.8287072793968504,0.6558627270773028,0.8155431254232876,0.9685411287289637,0,0.049010296730930436,0.06679302775024776,0.26846423157817706,0.3506103464450732
BASE20111101ex5,A,2,2015-12-25,2016-05-26,2017-03-16,0.45677413897356434,101,296,-0.201654421343338,1.6659933856309297,1.4310836763337274,0.9800711058008609,1.717562305754309,0.6284020623351362,1.311811551190234,0.7874050176336305,0,0.04865195080707148,0.06896388693957116,0.44015538400001253,0.35302375451740164
BASE20111101ex5,A,3,2020-03-05,2020-03-23,2020-07-20,0.4239766686612507,12,91,-0.16079472654532134,1.6659701543298089,1.6252071777451087,1.784190070481475,2.073683541798308,0.599321429763289,1.619018245260201,0.9718170767059775,0,0.05905442350907519,0.05905442350907519,0.7052902776125666,0.9236242978088163
BASE20111101ex5,A,4,2012-03-09,2012-11-15,2014-09-05,0.3874363770399345,168,606,-0.17666178733626103,1.6657468068696388,0.7459227977573303,0.6104292306284695,1.7244446259205328,0.6103806311860845,1.422701893474227,0.8540925233096169,0,0.052765726872246704,0.07166862090813093,0.19240715415477813,0.3390057676615667
BASE20111101ex5,A,5,2021-09-13,2021-11-10,2022-04-08,0.2793066433771263,35,134,-0.03415096380763116,1.5336771361352497,1.6980862761328415,1.6849244192288553,1.7716843314543742,0.6590816109765951,1.3289600834427255,0.8665188077274232,0,0.049194598263614844,0.05213017727639001,0.4092725134691709,0.5065982204949144
BASE20111101ex5,A,6,2019-04-08,2019-06-05,2019-11-25,0.27653532215966026,39,155,-0.1134074232912603,1.6659944082327534,1.594750335627333,1.7194177826902783,1.8220154004442712,0.6832935689211321,1.4306257890384657,0.8587218432239752,0,0.047630592502037494,0.05435701393728222,0.5197141649155764,0.5449849344601709
BASE20111101ex5,A,7,2020-01-14,2020-02-03,2020-02-17,0.24934972365231356,8,18,-0.11970003985784838,1.6659977385021227,1.8271949353122532,1.666380275901984,1.8271949353122532,0.5979386326739792,1.5286262084227356,0.9175439876629747,0,0.04993581300813008,0.053680040133779264,0.2967820747387271,0.6498263878644676
BASE20111101ex5,A,8,2024-07-02,2024-09-11,2024-09-30,0.24591593147149837,51,62,-0.0822803222545142,1.6659992150341372,1.7189324512687876,1.6672254867825773,1.7587678378742613,0.5615667843540294,1.1668214838129032,0.7003733694970525,0,0.06505001393728221,0.07037703130755064,0.2580604403894028,0.34508459538477004
BASE20111101ex5,A,9,2021-02-19,2021-03-24,2021-06-25,0.21035101410146073,23,85,-0.14711429975566037,1.6659960902399922,1.6660153513722529,1.6922396692021753,1.792591466940555,0.6875020422524971,1.3970752672256987,0.8385825605535758,0,0.030213972274732208,0.03090992476489029,0.4899462937839916,0.5585920861312919
BASE20111101ex5,A,10,2026-05-06,2026-06-30,,0.20929130164277665,38,,0.020983824370680138,1.6659998930049034,1.7467513037730273,1.6660382997416554,1.7467513037730273,0.5116774732003423,1.1711996604995076,0.703001041847042,0,0.054729166064981946,0.05537376811594203,0.3256312802008987,0.3589976837060506
BASE20111101ex5,A,11,2023-05-08,2023-06-26,2024-01-04,0.19403531874918944,33,164,-0.062264624654782885,1.6660042480488126,1.8181090029601386,1.7520349532875659,1.8181090029601386,0.5456499609665297,1.3055649919270296,0.7836504579481586,0,0.05939595815170009,0.06464130832570907,0.44133540917601166,0.31412841305903
BASE20111101ex5,A,12,2015-04-22,2015-11-27,2015-12-25,0.17751530425975393,148,168,-0.2495500874507629,1.6658228787599785,1.6660603640418081,0.2997070697420928,1.740347903653937,0.5897132193228324,1.2879376528395825,0.7731540185102453,64,0.025245510403916767,0.05676455971479501,0.6228588378672072,0.32521480363244415
BASE20111101ex5,A,13,2026-03-12,2026-03-23,2026-04-08,0.17507711103657597,7,18,-0.057505397264248415,1.666067741278645,1.8082823436831208,1.7308529712043907,1.8082823436831208,0.6176114879833586,1.1963354798400962,0.7180593262804268,0,0.057141754688672164,0.057141754688672164,0.37940731860113747,0.44694642316100425
BASE20111101ex5,A,14,2025-11-13,2025-11-24,2025-12-24,0.17136842820427378,7,29,-0.05402301539534704,1.6659999203658962,1.7760788674497654,1.6802396902646592,1.7760788674497654,0.5591896073557805,1.191460688028899,0.715162511992932,0,0.057861011372251706,0.057861011372251706,0.3584054011732776,0.48899380915794866
BASE20111101ex5,A,15,2017-04-10,2017-05-08,2017-06-12,0.16604615979188153,19,42,-0.041747262591508405,1.6659752677056723,1.8007224837493083,1.6977746182462774,1.8007224837493083,0.6214334869469366,1.3513800140528032,0.8111645114119134,0,0.04413420646178093,0.044993011673151756,0.26341653530627346,0.23742954072480857
BASE20111101ex5,A,16,2020-07-20,2020-09-30,2020-11-04,0.1563930289612362,52,71,-0.019849154968698657,1.6659977340858318,1.7365341781871617,1.6664901754562838,1.7532010988033968,0.618702447979653,1.438924800239768,0.8637015350019888,0,0.03902715224913496,0.05254544426494346,0.5971119626927095,0.4687060023009695
BASE20111101ex5,A,17,2015-01-13,2015-01-19,2015-02-17,0.15629986346285119,4,25,-0.045212917325926916,1.6658731027203022,1.7895318344566378,1.6929196398673128,1.7895318344566378,0.39974397568903464,1.0141852898764054,0.6088010474629085,0,0.04227393563579278,0.04227393563579278,0.5206169974926816,0.6915650460753981
BASE20111101ex5,A,18,2025-10-09,2025-10-17,2025-11-06,0.15051866736067154,6,20,-0.041458929648283904,1.6660014436064923,1.7724031635162518,1.732040454514563,1.7724031635162518,0.6545487469475907,1.2459381140383612,0.7478613651985829,0,0.05647007507507508,0.05647007507507508,0.625849060888882,0.5924052774028642
BASE20120501ex5,A,1,2018-07-30,2019-01-03,2019-04-04,0.4905744705094801,105,165,-0.15653697782127285,0.8414904918218076,1.6851317630117175,1.5588571733612442,1.8285285352591942,0.6559064212505537,0.8149628364895457,0.9684753950400199,0,0.049010296730930436,0.06679302775024776,0.26846041345567423,0.35008079469842407
BASE20120501ex5,A,2,2015-12-25,2016-05-26,2017-06-26,0.48289149103425655,101,363,-0.201654421343338,1.6659763542900738,1.446838562656764,1.088249923534862,1.763389548785839,0.6601224250527296,1.2362723253178065,0.7420707515651517,0,0.04865195080707148,0.06896388693957116,0.4474591365271215,0.35850039121688865
BASE20120501ex5,A,3,2020-03-05,2020-03-23,2020-07-20,0.42394362256133233,12,91,-0.16079472654532134,1.6659646100226952,1.6252882184753101,1.7841792447539144,2.0736368752011725,0.5994216955511632,1.6189809008514033,0.9717978948120322,0,0.05905442350907519,0.05905442350907519,0.7053071126466877,0.9236016306843748
BASE20120501ex5,A,4,2013-02-05,2014-03-20,2014-08-05,0.34553356221623566,266,360,-0.2470378975927957,1.6659974559399313,1.6659892575588315,1.6722018182374843,1.7623452728036084,0.5834883231407899,1.25334533275159,0.7523092717116251,0,0.0540360900900901,0.0800823732718894,0.33314500069079056,0.39598882339514646
BASE20120501ex5,A,5,2019-04-08,2019-06-05,2019-11-25,0.2764608598795729,39,155,-0.1134074232912603,1.6660014640368108,1.5933318095335867,1.719341835581241,1.8220397280266498,0.6833211170182129,1.429489165880074,0.8580359601943837,0,0.047630592502037494,0.05435701393728222,0.5196477693116953,0.5449431804602566
BASE20120501ex5,A,6,2012-05-31,2012-11-15,2013-01-28,0.27244261189691,114,163,-0.1665704168629656,0.9667393126931991,0.7444176622851623,0.6149944096376951,1.7147760636795866,0.6208381692820893,0.9667393126931991,1.0,0,0.05365819501335708,0.07166862090813093,0.11521544006363524,0.3394373834352068
BASE20120501ex5,A,7,2024-07-02,2024-09-11,2024-09-30,0.26447329382797113,51,62,-0.0822803222545142,1.6659996999032267,1.719702518677146,1.6700298257217208,1.7599216680213088,0.5695719780735866,1.1845798424189815,0.7110324464570975,0,0.06505001393728221,0.07037703130755064,0.25929859167109215,0.3484537854346355
BASE20120501ex5,A,8,2021-09-13,2021-11-10,2022-04-12,0.26374106110550233,35,136,-0.03415096380763116,1.545200839101187,1.6941393665222249,1.685658725987837,1.7851422927975693,0.6585545231676415,1.3326906391478999,0.8624708228369199,0,0.049194598263614844,0.05213017727639001,0.39756570617422576,0.4612247531216233
BASE20120501ex5,A,9,2020-01-14,2020-02-03,2020-02-17,0.24935100206533833,8,18,-0.11970003985784838,1.6659974339504475,1.827255183695675,1.6664609430543393,1.827255183695675,0.5979370005997797,1.5286978662025963,0.9175871673329751,0,0.04993581300813008,0.053680040133779264,0.29679295870325645,0.6498462059307845
BASE20120501ex5,A,10,2026-05-06,2026-06-30,,0.20723650195292065,38,,0.020983824370680138,1.666000169176771,1.7467226905075361,1.6660478322679362,1.7467226905075361,0.47379634400655785,1.1285938884610176,0.6774272352077223,0,0.054729166064981946,0.05537376811594203,0.31024363893279044,0.3608122631238614
BASE20120501ex5,A,11,2021-02-19,2021-03-24,2021-06-25,0.20245131041663156,23,85,-0.14711429975566037,1.665992619487339,1.6660204078334173,1.6892523650627587,1.7894566863416432,0.6863438921040351,1.3826645991519808,0.829934408459418,0,0.030213972274732208,0.03090992476489029,0.473229657724164,0.5489279712169574
BASE20120501ex5,A,12,2023-05-08,2023-06-26,2024-01-04,0.19441005139158074,33,164,-0.062264624654782885,1.6660037116509288,1.8181856996912216,1.7513028762541056,1.8181856996912216,0.5440921930570335,1.3411196016376117,0.8049919650590858,0,0.05939595815170009,0.06464130832570907,0.4418685510458118,0.31913736360381256
BASE20120501ex5,A,13,2015-04-22,2015-11-27,2015-12-25,0.17867985070586478,148,168,-0.2495500874507629,1.6657628820733072,1.666065486467473,0.2997340617408659,1.7427781847232127,0.5312972597782488,1.3496133092507328,0.8102073372957644,64,0.025245510403916767,0.05676455971479501,0.5994517622462049,0.35336222636425335
BASE20120501ex5,A,14,2026-03-11,2026-03-23,2026-04-08,0.17601902213612997,8,19,-0.060899139122117085,1.6660016707643543,1.809203627622696,1.7243295503591556,1.809203627622696,0.616994775075562,1.148935337341884,0.689636365619464,0,0.057141754688672164,0.057141754688672164,0.3739569818949025,0.4459402964778589
BASE20120501ex5,A,15,2025-11-13,2025-11-24,2025-12-24,0.1657155215059264,7,29,-0.05402301539534704,1.6660000938199298,1.7649326789672006,1.6800618463019568,1.7649326789672006,0.5445717837626766,1.100366470121755,0.6604840385085168,0,0.057861011372251706,0.057861011372251706,0.3394379297884791,0.4526849586703616
BASE20120501ex5,A,16,2024-12-30,2025-04-07,2025-05-22,0.16247603828648693,62,92,-0.10242682637126321,1.6660011172154743,1.666188722290853,1.7031451772870905,1.7304572337387465,0.4497864099836693,1.128147918364101,0.6771591607631501,0,0.0649003829787234,0.06887987563884157,0.2437001136562516,0.42717377002705514
BASE20120501ex5,A,17,2020-07-20,2020-09-30,2020-10-16,0.15897646091541073,52,58,-0.019849154968698657,1.6660042497791445,1.7349380250687574,1.6662477189455978,1.7552092760196847,0.6187374229841717,1.4392505870307295,0.8638937068867172,0,0.03902715224913496,0.05254544426494346,0.5971730814002064,0.47115815480440976
BASE20120501ex5,A,18,2015-01-13,2015-01-19,2015-02-17,0.1534440054958578,4,25,-0.045212917325926916,1.6659519984525462,1.7871129927967593,1.6914586031877108,1.7871129927967593,0.5164616070067615,1.1169611837909563,0.670464205948592,0,0.04227393563579278,0.04227393563579278,0.5241358756918151,0.6906272397254849
BASE20121101ex5,A,1,2018-07-30,2019-01-03,2019-04-04,0.49302806826405543,105,165,-0.15653697782127285,0.8468675082412701,1.6932169186324604,1.5675114013966907,1.8296687575505832,0.6552262207242961,0.8207991897095805,0.969217949350983,0,0.049010296730930436,0.06679302775024776,0.2688294614979295,0.3533995181541112
BASE20121101ex5,A,2,2015-12-25,2016-05-26,2017-06-26,0.4820892382237829,101,363,-0.201654421343338,1.6659791092928997,1.418445903716486,1.0905173131275987,1.7628052889689525,0.6677170644111797,1.1523851660214222,0.6917164564629715,0,0.04865195080707148,0.06896388693957116,0.4656832227669281,0.3530221341278245
BASE20121101ex5,A,3,2020-03-05,2020-03-23,2020-07-20,0.42406008558237873,12,91,-0.16079472654532134,1.6659651130355757,1.625035180662965,1.78419504872753,2.073750800579774,0.5988887585577616,1.6188525594466412,0.9717205641220841,0,0.05905442350907519,0.05905442350907519,0.7053798999881747,0.923662736938813
BASE20121101ex5,A,4,2013-02-18,2014-03-20,2014-09-03,0.36859389639766915,262,377,-0.23762817492063837,1.6660290754577365,1.665988046201616,1.6724252953383048,1.784612333370651,0.5045844408872877,1.2633215015258203,0.7582829856548131,0,0.0540360900900901,0.0800823732718894,0.43675105650296037,0.384424696504157
BASE20121101ex5,A,5,2019-04-08,2019-06-05,2019-11-25,0.27692785672406806,39,155,-0.1134074232912603,1.666001849267482,1.6025530882938557,1.719785905251186,1.8224149632341367,0.6827377659077092,1.4368873631506327,0.8624764515011867,0,0.047630592502037494,0.05435701393728222,0.5195790261882018,0.5451293832823683
BASE20121101ex5,A,6,2021-09-13,2021-11-10,2022-04-12,0.2645196243087852,35,136,-0.03415096380763116,1.540016239882148,1.6943772648048319,1.6861717125173132,1.7794120018649504,0.6602502818786223,1.3180260599567282,0.855852052610557,0,0.049194598263614844,0.05213017727639001,0.41413145785854977,0.4618692624933661
BASE20121101ex5,A,7,2024-07-02,2024-09-11,2024-09-30,0.2537027798332381,51,62,-0.0822803222545142,1.6660004981612553,1.5519371887162259,1.6669484000113877,1.7607084080526891,0.5550723691011362,1.1878227714141003,0.7129786411979384,0,0.06505001393728221,0.07037703130755064,0.25827261632736553,0.351904005325458
BASE20121101ex5,A,8,2020-01-14,2020-02-03,2020-02-17,0.24936924410592853,8,18,-0.11970003985784838,1.6659997038177585,1.8274052418909448,1.6666649858399862,1.8274052418909448,0.5974854619717449,1.5287850510666874,0.9176382490125095,0,0.04993581300813008,0.053680040133779264,0.29686649744495336,0.6499932548375653
BASE20121101ex5,A,9,2026-05-06,2026-06-30,,0.21458583507679962,38,,0.020983824370680138,1.6660002287162492,1.7416300421768942,1.6662619696509064,1.7416300421768942,0.48518303527269324,1.0892547107952786,0.6538142624593835,0,0.054729166064981946,0.05537376811594203,0.2931285046607656,0.3758904713691523
BASE20121101ex5,A,10,2021-02-19,2021-03-24,2021-06-24,0.2103173069273726,23,84,-0.14711429975566037,1.6659943456978965,1.6887915834657197,1.7415787714770383,1.804560589929649,0.6892576136250993,1.3959594056411921,0.8379136515354829,0,0.030213972274732208,0.03090992476489029,0.5335835905395047,0.5578767999098584
BASE20121101ex5,A,11,2023-05-08,2023-06-26,2023-10-17,0.191418918812164,33,108,-0.062264624654782885,1.666003374583641,1.8173713938618377,1.7518259310381419,1.8173713938618377,0.5503125029252248,1.3087588262286403,0.7855679323313007,0,0.05939595815170009,0.06464130832570907,0.42972797903913407,0.31303761065459335
BASE20121101ex5,A,12,2024-10-08,2025-04-07,2025-06-03,0.191317795989825,121,158,-0.1566363572284486,1.6660033537810754,1.6661292513224855,1.686407674776187,1.7513300251712467,0.4486643939869236,1.0084438317543305,0.6053072038934485,0,0.057533383399209485,0.06887987563884157,0.6166867060747052,0.4409441044290774
BASE20121101ex5,A,13,2015-04-22,2015-11-27,2015-12-25,0.18988167669654965,148,168,-0.2495500874507629,1.6657723097983048,1.666061217893922,0.29980126150746766,1.7379970574365895,0.6444946952583207,1.2307728621099454,0.7388602000827892,64,0.025245510403916767,0.05676455971479501,0.634253625199108,0.38213497337736646
BASE20121101ex5,A,14,2026-03-12,2026-03-23,2026-04-08,0.18558118339596485,7,18,-0.057505397264248415,1.665999792719746,1.7964870372230697,1.7296704694565956,1.7964870372230697,0.6179231333356676,1.1337174524335256,0.6805027571958643,0,0.057141754688672164,0.057141754688672164,0.411931542248247,0.4830142528744084
BASE20121101ex5,A,15,2025-11-13,2025-11-24,2025-12-24,0.16709295740203933,7,29,-0.05402301539534704,1.6659998986099502,1.7564132321224957,1.6803166304296955,1.7564132321224957,0.5373704088292146,1.0989396155162905,0.6596276605017838,0,0.057861011372251706,0.057861011372251706,0.3489502600678812,0.44473749405909985
BASE20121101ex5,A,16,2020-07-20,2020-09-30,2020-11-04,0.16624375135513203,52,71,-0.019849154968698657,1.6659969523431752,1.748054106524588,1.6678393077969806,1.752941166058819,0.6193754615817777,1.427263904236866,0.8567025901394728,0,0.03902715224913496,0.05254544426494346,0.6003039737096376,0.47421238818452394
BASE20121101ex5,A,17,2015-01-13,2015-01-19,2015-02-17,0.15261147530914365,4,25,-0.045212917325926916,1.6659953984292972,1.786289820530607,1.6914820381010895,1.786289820530607,0.5277039565276498,1.108203698585773,0.6651901317558194,0,0.04227393563579278,0.04227393563579278,0.5320274923101849,0.6943280406998054
BASE20130501ex5,A,1,2018-07-30,2019-01-03,2019-04-04,0.5000196627066354,105,165,-0.15653697782127285,0.8666128296982165,1.6936765651665109,1.5798030757829105,1.8313634717830858,0.6520021809067614,0.8493300873453481,0.980057135365874,0,0.049010296730930436,0.06679302775024776,0.2706458101319309,0.35865291937173377
BASE20130501ex5,A,2,2015-12-25,2016-05-13,2017-06-28,0.49767630295085485,92,365,-0.19885884008128807,1.6659777030937755,0.5105807497472143,0.9585087892396413,1.7632545489339666,0.6674874252340495,1.1659778888146568,0.6998760467498439,0,0.04865195080707148,0.06896388693957116,0.4660737579435847,0.3800250930408564
BASE20130501ex5,A,3,2013-09-24,2014-05-23,2014-12-10,0.4276434737860827,159,295,-0.12090560540777207,1.6660164717440118,1.7232115680964113,1.680058872689737,1.7669076379209043,0.4921087674455859,1.269752050166524,0.762148557173224,0,0.06887393925759278,0.08262614070351756,0.42592478557862423,0.3280910926343394
BASE20130501ex5,A,4,2020-03-05,2020-03-23,2020-07-20,0.41052349919218245,12,91,-0.16079472654532134,1.6659591944715118,1.6653846410827624,1.7825612606361747,2.059608583815062,0.6496299415358371,1.6182190370027605,0.9713437414150496,0,0.05905442350907519,0.05905442350907519,0.7040347950944187,0.911343799204033
BASE20130501ex5,A,5,2019-04-08,2019-06-05,2019-11-25,0.2775098094156455,39,155,-0.1134074232912603,1.665989810574009,1.6151652970878763,1.72047354216789,1.822837596371698,0.6848167610875316,1.4469241394236327,0.8685071962865738,0,0.047630592502037494,0.05435701393728222,0.5202513949295523,0.5456120132980676
BASE20130501ex5,A,6,2021-09-13,2021-11-10,2022-04-12,0.2631022329216185,35,136,-0.03415096380763116,1.5514104453404727,1.693556685955068,1.6850491410921618,1.7861273168111063,0.6589195090914995,1.3558694489033583,0.8739592111008374,0,0.049194598263614844,0.05213017727639001,0.4115918429929454,0.4623909645774592
BASE20130501ex5,A,7,2024-07-02,2024-09-11,2024-09-30,0.2608298085212932,51,62,-0.0822803222545142,1.6660000061951807,1.7199023891937788,1.6687681149381917,1.760410391496678,0.5615446096295215,1.2115547080549156,0.7272237116144258,0,0.06505001393728221,0.07037703130755064,0.2600858475123026,0.34991088637812306
BASE20130501ex5,A,8,2020-01-14,2020-02-03,2020-02-17,0.24913645952300945,8,18,-0.11970003985784838,1.6659835369625116,1.827301553674418,1.6662227428075038,1.827301553674418,0.5996295567946972,1.5275945086655467,0.916932535510356,0,0.04993581300813008,0.053680040133779264,0.29630354261655806,0.6492018546309427
BASE20130501ex5,A,9,2026-05-06,2026-06-30,,0.22033951472621793,38,,0.020983824370680138,1.6660001334972678,1.753717384344419,1.6660485830689737,1.753717384344419,0.5000432774936954,1.1362860322165775,0.6820443824522905,0,0.054729166064981946,0.05537376811594203,0.32583731134837457,0.37155179781277203
BASE20130501ex5,A,10,2021-02-19,2021-03-24,2021-06-25,0.1991458385562832,23,85,-0.14711429975566037,1.665993959509064,1.6983037782500547,1.6912660558863046,1.787965510413208,0.6851716101668446,1.3516491513564495,0.8113169580487279,0,0.030213972274732208,0.03090992476489029,0.48407803926767157,0.5490108116719512
BASE20130501ex5,A,11,2015-04-22,2015-11-27,2015-12-25,0.19404346777114945,148,168,-0.2495500874507629,1.6657263635666175,1.6660313362287593,0.2995989836755162,1.7324577204649956,0.5084883672156085,1.2616142823110197,0.7573958784020673,64,0.025245510403916767,0.05676455971479501,0.6051978421744527,0.38424933468212363
BASE20130501ex5,A,12,2023-05-08,2023-06-26,2023-10-17,0.18944235085665584,33,108,-0.062264624654782885,1.6660034006396875,1.8168314826744136,1.7516744284488885,1.8168314826744136,0.55340770607726,1.3115053517425261,0.787216491418297,0,0.05939595815170009,0.06464130832570907,0.42107091606157937,0.3123355403171089
BASE20130501ex5,A,13,2026-03-12,2026-03-23,2026-04-08,0.17743850339261724,7,18,-0.057505397264248415,1.666005560815486,1.8105270702801217,1.732979157802177,1.8105270702801217,0.6178976969003735,1.2084759162343726,0.725373278851987,0,0.057141754688672164,0.057141754688672164,0.390088022576657,0.45745367541409154
BASE20130501ex5,A,14,2020-07-20,2020-09-30,2020-11-04,0.17622951265027764,52,71,-0.019849154968698657,1.6660270228629481,1.7250373788834894,1.676092069472146,1.7560832055608553,0.6117872106830741,1.3403246244589904,0.8045035320950188,0,0.03902715224913496,0.05254544426494346,0.5778769011717882,0.46656486110709533
BASE20130501ex5,A,15,2025-11-13,2025-11-24,2025-12-24,0.1733423909871573,7,29,-0.05402301539534704,1.6659996473258019,1.778632178009277,1.6806549970460445,1.778632178009277,0.5497185846082674,1.2016160903899622,0.7212583101795669,0,0.057861011372251706,0.057861011372251706,0.3729113836165019,0.5079206967172812
BASE20130501ex5,A,16,2013-05-20,2013-08-16,2013-09-11,0.1722328621188226,61,79,-0.11705580527358506,1.5347134729886749,1.669526907505857,1.2467198574283862,1.7188770077560425,0.585545144416286,1.3869246041194079,0.9037026314876447,0,0.06510348756218905,0.0800823732718894,,0.24368260408450582
BASE20130501ex5,A,17,2024-12-30,2025-04-07,2025-05-22,0.1689136556936286,62,92,-0.10242682637126321,1.6660003114964166,1.6662116690031306,1.7036892391620029,1.7310420122385337,0.4411532361625626,1.1358108950635157,0.6817591132641027,0,0.0649003829787234,0.06887987563884157,0.24346019957226384,0.43577146695309404
BASE20130501ex5,A,18,2015-01-13,2015-01-19,2015-03-18,0.15807270205241097,4,41,-0.045212917325926916,1.6659914731698016,1.7914872477252393,1.700429812053695,1.7914872477252393,0.5297053624337623,1.2504642196976743,0.7505826049148238,0,0.04227393563579278,0.04227393563579278,0.5188965825128737,0.7041207934267641
BASE20130501ex5,A,19,2025-10-09,2025-10-17,2025-11-06,0.1546944028015853,6,20,-0.041458929648283904,1.6660019535260662,1.7776609942246164,1.7349478948024561,1.7776609942246164,0.6451563134449376,1.256981909218658,0.7544900572044806,0,0.05647007507507508,0.05647007507507508,0.6373969539669844,0.6005033161076843
BASE20131101ex5,A,1,2018-07-30,2019-01-03,2019-04-04,0.5000049030157856,105,165,-0.15653697782127285,0.8665233698652381,1.6936759415289537,1.579627815908581,1.831356746385214,0.6519734202047881,0.8492702084453295,0.980089213955543,0,0.049010296730930436,0.06679302775024776,0.2706342462960139,0.358619653458566
BASE20131101ex5,A,2,2015-12-25,2016-05-13,2017-06-28,0.49731442857180164,92,365,-0.19885884008128807,1.6659630826710636,0.5106566676731954,0.9371084536265905,1.7617633081764548,0.6676272974227324,1.19298948991525,0.7160959941576328,0,0.04865195080707148,0.06896388693957116,0.4661283574234901,0.37996186080751615
BASE20131101ex5,A,3,2020-03-05,2020-03-23,2020-07-20,0.4105393612363486,12,91,-0.16079472654532134,1.6659409457906236,1.6653037164663036,1.7825433757822147,2.059601416861335,0.649573806582208,1.6183457384637088,0.9714304354862189,0,0.05905442350907519,0.05905442350907519,0.7042191871899333,0.9114344123922012
BASE20131101ex5,A,4,2013-12-10,2014-03-28,2014-12-04,0.3857661656063901,72,241,-0.12283354800841328,1.6659442363860673,1.6657848828552844,1.6624266164136619,1.7877809395349336,0.6118521416375549,1.5714760199716635,0.9432944906851543,0,0.06887393925759278,0.0778241221001221,0.27793909693973073,0.51688815574011
BASE20131101ex5,A,5,2019-04-08,2019-06-05,2019-11-25,0.277508671539482,39,155,-0.1134074232912603,1.6659771584523586,1.6152485339749623,1.720457473353005,1.8228661017746013,0.6847818559849338,1.4470044499302912,0.8685619983376686,0,0.047630592502037494,0.05435701393728222,0.5202438775954443,0.5456202126032957
BASE20131101ex5,A,6,2021-09-13,2021-11-10,2022-04-12,0.26360894432341864,35,136,-0.03415096380763116,1.5774580034509142,1.6935877134629955,1.6851239486905958,1.7863193286676449,0.6592781469617838,1.366803848902905,0.8664597383339695,0,0.049194598263614844,0.05213017727639001,0.4164255376230053,0.46288426776037156
BASE20131101ex5,A,7,2024-07-02,2024-09-11,2024-09-30,0.2595522729664026,51,62,-0.0822803222545142,1.6660007558820498,1.7223283705474608,1.6669393523843772,1.7305699864207722,0.5552121139634805,1.1867688761010309,0.7123459409672994,0,0.06505001393728221,0.07037703130755064,0.25822929316502996,0.3491021562225541
BASE20131101ex5,A,8,2020-01-14,2020-02-03,2020-02-17,0.2491640284982063,8,18,-0.11970003985784838,1.6659950267722246,1.8273278955148942,1.6662363658536101,1.8273278955148942,0.5995829848355615,1.5278485995016449,0.9170787276969062,0,0.04993581300813008,0.053680040133779264,0.29633389772128277,0.649254006125337
BASE20131101ex5,A,9,2026-05-06,2026-06-30,,0.21496795266731494,38,,0.020983824370680138,1.666000107480454,1.7442866844816254,1.6662110002539472,1.7442866844816254,0.48218849949482473,1.098786229451048,0.6595355093420601,0,0.054729166064981946,0.05537376811594203,0.30063803947298895,0.37336677722275546
BASE20131101ex5,A,10,2024-10-08,2025-04-07,2025-06-11,0.21196398320219312,121,164,-0.1566363572284486,1.6660028719577253,1.666164846450798,1.6883412552629316,1.7538060187199953,0.444875651622757,1.0695783367249652,0.6420026968309486,0,0.057533383399209485,0.06887987563884157,0.6276653356852866,0.45383424455966515
BASE20131101ex5,A,11,2021-02-19,2021-03-24,2021-06-25,0.19402228809160527,23,85,-0.14711429975566037,1.6659826027726248,1.697192821312705,1.7037216296650082,1.7850218716172204,0.6852469347698619,1.3518282148219487,0.8114299708605347,0,0.030213972274732208,0.03090992476489029,0.47787323393586484,0.5354814576689211
BASE20131101ex5,A,12,2023-05-08,2023-06-26,2023-10-17,0.1915112507976402,33,108,-0.062264624654782885,1.66600247863165,1.8173945170659909,1.7518311427203763,1.8173945170659909,0.5501924806667823,1.3087087696955044,0.7855383089047957,0,0.05939595815170009,0.06464130832570907,0.43013612682024105,0.31308265353318904
BASE20131101ex5,A,13,2015-01-06,2015-02-02,2015-04-02,0.1907391706977628,19,57,-0.07885066436697008,1.6659538894460306,1.8134902884221682,1.7346174249636723,1.8134902884221682,0.61621079204191,1.3041008250661072,0.7827952702218858,0,0.04227393563579278,0.045237821829855536,0.6055009941618615,0.5903205688425489
BASE20131101ex5,A,14,2015-04-22,2015-11-27,2015-12-25,0.18885572401217454,148,168,-0.2495500874507629,1.6659442150917207,1.666049457803743,0.29958294809773334,1.735179936301931,0.648122987492805,1.2826618301130697,0.7699308407169271,64,0.025245510403916767,0.05676455971479501,0.6628225334140052,0.3945350496993818
BASE20131101ex5,A,15,2026-03-12,2026-03-23,2026-04-08,0.18576257093943915,7,18,-0.057505397264248415,1.6659989859524138,1.818800067195047,1.7403412469390607,1.818800067195047,0.6168780861851242,1.1771800683878224,0.706591107385852,0,0.057141754688672164,0.057141754688672164,0.4152220374820831,0.48569342667355325
BASE20131101ex5,A,16,2020-07-20,2020-09-30,2020-11-05,0.1762852958500748,52,72,-0.019849154968698657,1.6660231039429856,1.7248935371460434,1.6761034347700807,1.7561075579036705,0.6119192087568219,1.3402439790527432,0.8044570185616158,0,0.03902715224913496,0.05254544426494346,0.5778591385885792,0.46648848715013996
BASE20131101ex5,A,17,2025-11-13,2025-11-24,2025-12-24,0.16668763137100706,7,29,-0.05402301539534704,1.666000051129385,1.757305893888177,1.6802862881732121,1.757305893888177,0.5364549956267152,1.0787276452583447,0.6474955655175838,0,0.057861011372251706,0.057861011372251706,0.3504674130673411,0.44838194612473165
BASE20140501ex5,A,1,2018-07-30,2019-01-03,2019-04-04,0.49787707646760504,105,165,-0.15653697782127285,0.8573096581149564,1.693642829386122,1.5647805411602196,1.8311234168630208,0.6531856828305611,0.8346625494829654,0.9735835139408235,0,0.049010296730930436,0.06679302775024776,0.26939641342016296,0.3562376122262647
BASE20140501ex5,A,2,2015-04-22,2016-05-10,2017-06-13,0.4828384208829778,257,522,-0.35248248347507605,1.665904542616204,1.0108910827610547,0.9671771844335804,1.7476539234037625,0.48531311236715385,1.193314395971178,0.7163161906606899,64,0.025245510403916767,0.06896388693957116,0.5423729260935334,0.5679825759782589
BASE20140501ex5,A,3,2020-03-05,2020-03-23,2020-07-20,0.41105605795666844,12,91,-0.16079472654532134,1.665984230335264,1.6632852338902904,1.782652223707474,2.0602832627460073,0.6483951883923227,1.6194581536575174,0.9720729189204967,0,0.05905442350907519,0.05905442350907519,0.7053328283451065,0.9121504633651184
BASE20140501ex5,A,4,2019-04-08,2019-06-05,2019-11-25,0.27738956435843276,39,155,-0.1134074232912603,1.6659894544387235,1.612687941142278,1.7203628417856698,1.822848165417882,0.6837213924306402,1.4450075299155285,0.8673569487883437,0,0.047630592502037494,0.05435701393728222,0.5201017763831496,0.5454091943315932
BASE20140501ex5,A,5,2021-09-13,2021-11-10,2022-04-12,0.264418238478461,35,136,-0.03415096380763116,1.575158674483165,1.6941966926747978,1.6857892108276247,1.7863700258659685,0.6595414237261255,1.3625852097169826,0.8650463167871446,0,0.049194598263614844,0.05213017727639001,0.4170289235655831,0.46202161166476163
BASE20140501ex5,A,6,2024-07-02,2024-09-11,2024-09-30,0.25355858691174216,51,62,-0.0822803222545142,1.6660008514651463,1.7199717248902133,1.6685657748844904,1.759811167061135,0.5599653451553319,1.1872337276720422,0.7126249225070578,0,0.06505001393728221,0.07037703130755064,0.2597589059665132,0.35151146698442004
BASE20140501ex5,A,7,2020-01-14,2020-02-03,2020-02-17,0.24939954165474365,8,18,-0.11970003985784838,1.665997861631535,1.8272713728469687,1.6664975066052599,1.8272713728469687,0.5983451731407234,1.52913044689748,0.9178465843887585,0,0.04993581300813008,0.053680040133779264,0.2968733461301819,0.6498645874780734
BASE20140501ex5,A,8,2026-05-06,2026-06-30,,0.21634607371316228,38,,0.020983824370680138,1.66600019684955,1.7459687732065783,1.6660486065710183,1.7459687732065783,0.4914736598694242,1.162154028991337,0.697571363550257,0,0.054729166064981946,0.05537376811594203,0.3243350345926187,0.36546635590063165
BASE20140501ex5,A,9,2021-02-19,2021-03-24,2021-06-25,0.19651151139909306,23,85,-0.14711429975566037,1.665991278134931,1.6972530246848456,1.6904489807864636,1.787034861958281,0.6851283404093788,1.3508047382962196,0.8108114106146095,0,0.030213972274732208,0.03090992476489029,0.4812620697370294,0.5414656938321453
BASE20140501ex5,A,10,2015-01-06,2015-02-06,2015-03-19,0.1958167431434774,23,47,-0.09025942994622438,1.6658783995819817,1.7982991441162457,1.701736882212503,1.7982991441162457,0.41157770234948854,1.0226297935389923,0.6138682113866177,0,0.04227393563579278,0.045237821829855536,0.6195376035644932,0.6492754383314836
BASE20140501ex5,A,11,2023-05-08,2023-06-26,2024-01-04,0.19451836435533465,33,164,-0.062264624654782885,1.6660040245487542,1.8182236846935522,1.751312861436296,1.8182236846935522,0.5437428815868179,1.3411220695019306,0.8049932951783717,0,0.05939595815170009,0.06464130832570907,0.44232599624807956,0.3191867655009155
BASE20140501ex5,A,12,2026-03-12,2026-03-23,2026-04-08,0.17849271684024648,7,18,-0.057505397264248415,1.6659997776368833,1.8115601460340196,1.7340515873978573,1.8115601460340196,0.6173049881541812,1.2122174352254669,0.7276216068557474,0,0.057141754688672164,0.057141754688672164,0.38737603162274614,0.45849836341287226
BASE20140501ex5,A,13,2020-07-20,2020-09-30,2020-11-04,0.17604608973588676,52,71,-0.019849154968698657,1.6659992262211616,1.7318782993349608,1.6744503062299532,1.7566112332617125,0.6250051312066752,1.3728575935849392,0.8240445565505276,0,0.03902715224913496,0.05254544426494346,0.5795865161026689,0.4701004137985846
BASE20140501ex5,A,14,2025-11-13,2025-11-24,2025-12-24,0.17317359819218114,7,29,-0.05402301539534704,1.6660004064880503,1.7761956018074652,1.6813959134774608,1.7761956018074652,0.5322444517537415,1.137291442626171,0.6826477581860834,0,0.057861011372251706,0.057861011372251706,0.37102845127648454,0.5028721435038793
BASE20140501ex5,A,15,2024-12-30,2025-04-07,2025-05-14,0.15162389648199837,62,86,-0.10242682637126321,1.6660011191134414,1.666180883906855,1.6987195628928085,1.725432279352213,0.4342378978658227,1.1073063869094248,0.6646492455531334,0,0.0649003829787234,0.06887987563884157,0.2514904893286532,0.42147344332387326
BASE20140501ex5,A,16,2025-10-09,2025-10-17,2025-11-06,0.15110985785111908,6,20,-0.041458929648283904,1.6660017303730186,1.774372301343786,1.7327986016171377,1.774372301343786,0.6442654961433559,1.2134340520297286,0.7283510154326431,0,0.05647007507507508,0.05647007507507508,0.6370032403618691,0.5977745315161086
BASE20141101ex5,A,1,2018-07-30,2019-01-03,2019-04-04,0.4890759590725968,105,165,-0.15653697782127285,0.8492155872899616,1.6860804779908152,1.57915411600681,1.8288277701291928,0.6548529687049315,0.8172938644734443,0.9624103427983621,0,0.049010296730930436,0.06679302775024776,0.27090899210318703,0.3507440547116163
BASE20141101ex5,A,2,2015-04-22,2016-01-28,2017-03-15,0.43365103279610095,191,463,-0.3979167941330982,1.6658284476325083,1.4115332666197677,0.29984684948883994,1.8175625361751928,0.4724524415658631,0.9552937333958335,0.5734646534302534,64,0.025245510403916767,0.05676455971479501,0.5147695985902955,0.6187921973623326
BASE20141101ex5,A,3,2020-03-05,2020-03-23,2020-07-20,0.41077268488490803,12,91,-0.16079472654532134,1.6659961251228603,1.6645933759176823,1.78263989190303,2.05996388790604,0.6489865369262982,1.6188272091210822,0.9716872594776896,0,0.05905442350907519,0.05905442350907519,0.7047220316011639,0.911752826897417
BASE20141101ex5,A,4,2019-04-08,2019-06-05,2019-11-25,0.27693924501285117,39,155,-0.1134074232912603,1.666000531039114,1.596067928725753,1.7186558203264848,1.8227689513281158,0.6837523745921913,1.4310354169855026,0.8589645623299655,0,0.047630592502037494,0.05435701393728222,0.517924589897806,0.5465397135001269
BASE20141101ex5,A,5,2021-09-13,2021-11-10,2022-04-12,0.2641061505960046,35,136,-0.03415096380763116,1.4984056993191535,1.6942594817124135,1.6845479578019864,1.7610755468716137,0.6611383296137339,1.3020998374086434,0.8689901793621664,0,0.049194598263614844,0.05213017727639001,0.41218143479629493,0.4627661492494675
BASE20141101ex5,A,6,2020-01-14,2020-02-03,2020-02-17,0.24926761321585578,8,18,-0.11970003985784838,1.665997501542223,1.827171389947222,1.666360804593706,1.827171389947222,0.5989609761132532,1.5285599964841603,0.9175043750480801,0,0.04993581300813008,0.053680040133779264,0.2965831913991328,0.6495025635238116
BASE20141101ex5,A,7,2024-07-02,2024-09-11,2024-09-30,0.2430027322206897,51,62,-0.0822803222545142,1.666000272737309,1.7199124259385166,1.667951405891578,1.7617564777214199,0.5576300334176295,1.2477450543698958,0.7489464886580107,0,0.06505001393728221,0.07037703130755064,0.26196208695267204,0.35671431831398565
BASE20141101ex5,A,8,2021-02-19,2021-03-24,2021-06-23,0.22583621294899503,23,83,-0.14711429975566037,1.6659915109431895,1.6946641155945321,1.745115788653001,1.807600610912173,0.6917816799199858,1.4456445476164217,0.8677382436348551,0,0.030213972274732208,0.03090992476489029,0.5476972044826853,0.58258339790429
BASE20141101ex5,A,9,2015-01-06,2015-02-06,2015-03-26,0.21799772131976813,23,52,-0.09025942994622438,1.6659139773812304,1.7149268112183087,1.675977476314514,1.7936386646299565,0.24679739758214353,0.7047673222261877,0.4230514491114733,0,0.04227393563579278,0.045237821829855536,0.6889684236646003,0.693718033898745
BASE20141101ex5,A,10,2026-05-06,2026-06-30,,0.212072983715495,38,,0.020983824370680138,1.6660003493473723,1.7093510015676887,1.6660481003574346,1.7189669443305435,0.5078523017268876,1.1695352058699926,0.7020017770873448,0,0.054729166064981946,0.05537376811594203,0.32488881326284225,0.3604542501534699
BASE20141101ex5,A,11,2023-05-08,2023-06-26,2023-10-17,0.1869028597449387,33,108,-0.062264624654782885,1.6660035845335404,1.8161079286874504,1.7514731726911617,1.8161079286874504,0.558277019017178,1.3140866236983397,0.788765784118206,0,0.05939595815170009,0.06464130832570907,0.4102771805116406,0.31148754021507596
BASE20141101ex5,A,12,2026-03-12,2026-03-23,2026-04-08,0.1761225641962264,7,18,-0.057505397264248415,1.6659999429361922,1.8023660865509834,1.725690790252639,1.8023660865509834,0.6175414072296816,1.1952707604753656,0.7174494606337117,0,0.057141754688672164,0.057141754688672164,0.3800255009153163,0.44841503571511987
BASE20141101ex5,A,13,2020-07-20,2020-09-30,2020-11-04,0.17312035943539517,52,71,-0.019849154968698657,1.6660135977964443,1.7342711008167098,1.6754302343101084,1.7702073907081437,0.6265103957222339,1.380005333770058,0.8283277733118891,0,0.03902715224913496,0.05254544426494346,0.571171732543676,0.464381130243313
BASE20141101ex5,A,14,2025-11-13,2025-11-24,2025-12-24,0.17148765879099404,7,29,-0.05402301539534704,1.6659994387858585,1.7756640956139123,1.6803833767230172,1.7756640956139123,0.5589943461750879,1.1850019537829468,0.7112859261504605,0,0.057861011372251706,0.057861011372251706,0.35829212469166205,0.4883036261035819
BASE20141101ex5,A,15,2024-12-30,2025-04-07,2025-05-22,0.1607187247413865,62,92,-0.10242682637126321,1.6660011800723291,1.6662236754877897,1.7032909450610436,1.7273481029848798,0.44619052846198465,1.13536169904226,0.681489132554497,0,0.0649003829787234,0.06887987563884157,0.24392689153908242,0.4287618539606203
BASE20141101ex5,A,16,2025-10-09,2025-10-17,2025-11-06,0.1501795314908816,6,20,-0.041458929648283904,1.6660014849461575,1.7721513305670973,1.7318193438279328,1.7721513305670973,0.6542379014922689,1.2401980689641736,0.7444159445057487,0,0.05647007507507508,0.05647007507507508,0.6259443125185203,0.5920959015780713
BASE20150501ex5,A,1,2018-07-30,2019-01-03,2019-04-04,0.4999761102602259,105,165,-0.15653697782127285,0.8671093406408799,1.693523419819876,1.5796591882180469,1.8313292345662715,0.6519690656328201,0.8496819596569312,0.9799017492176152,0,0.049010296730930436,0.06679302775024776,0.2707377911630235,0.3585883022472827
BASE20150501ex5,A,2,2015-12-25,2016-05-13,2017-06-23,0.47151804775807193,92,362,-0.19885884008128807,1.6659044024105851,0.5113437973281187,0.656197540506984,1.755128846474471,0.6597088662804652,1.3018352342941595,0.7814585473274379,0,0.04865195080707148,0.06896388693957116,0.4523823657068015,0.3798739833533256
BASE20150501ex5,A,3,2020-03-05,2020-03-23,2020-07-20,0.41032183895004404,12,91,-0.16079472654532134,1.6659868717835313,1.6661756265112015,1.7825727681188512,2.05937910734018,0.6498313484215603,1.6172264085385288,0.9707317842230043,0,0.05905442350907519,0.05905442350907519,0.7036467088510352,0.9110077409793296
BASE20150501ex5,A,4,2019-04-08,2019-06-05,2019-11-25,0.27745727074235726,39,155,-0.1134074232912603,1.665980724051944,1.614823421716074,1.7204236372348822,1.8226415050305946,0.6848359609757112,1.4467080203308997,0.8683822084161116,0,0.047630592502037494,0.05435701393728222,0.5201265263208572,0.5455326894300848
BASE20150501ex5,A,5,2024-07-02,2024-09-11,2024-10-08,0.2670159795794853,51,63,-0.0822803222545142,1.6659961653914919,1.7192235292579388,1.6713189407243796,1.7599137435435277,0.5750508426728508,1.1891585372456124,0.7137822775037255,0,0.06505001393728221,0.07037703130755064,0.25769893644833114,0.34784688990513757
BASE20150501ex5,A,6,2021-09-13,2021-11-10,2022-04-08,0.2562558572625747,35,134,-0.03415096380763116,1.6659557435970427,1.7111092529873722,1.7013325909836965,1.7963252705790276,0.7186730878563982,1.4060724294632627,0.8440034706008134,0,0.049194598263614844,0.05213017727639001,0.4690487015773,0.49070067999037376
BASE20150501ex5,A,7,2020-01-14,2020-02-03,2020-02-17,0.2489963896035342,8,18,-0.11970003985784838,1.6659871440409417,1.8269303204738403,1.6660214295678506,1.8269303204738403,0.5998921298287111,1.5263289135777627,0.9161708834532597,0,0.04993581300813008,0.053680040133779264,0.2959600126693486,0.6488340470818988
BASE20150501ex5,A,8,2026-05-06,2026-06-30,,0.20762343847009346,38,,0.020983824370680138,1.6659995106352807,1.7084239096526832,1.666210360117834,1.7126090774869702,0.4895880443217002,1.0333530331428764,0.6202601060481927,0,0.054729166064981946,0.05537376811594203,0.2885527793992406,0.3778028346725289
BASE20150501ex5,A,9,2023-05-08,2023-06-26,2024-01-04,0.19507538414390935,33,164,-0.062264624654782885,1.6660004544209595,1.8183718191873042,1.7520738101621063,1.8183718191873042,0.53807725007936,1.2991597482699537,0.7798075593691803,0,0.05939595815170009,0.06464130832570907,0.44565517638912894,0.31370763033373783
BASE20150501ex5,A,10,2026-03-12,2026-03-23,2026-04-08,0.17694514389436777,7,18,-0.057505397264248415,1.6660385508447466,1.8100813449628363,1.733973681806301,1.8100813449628363,0.6157571421484995,1.1250435637989762,0.6752806309485067,0,0.057141754688672164,0.057141754688672164,0.38901502012296885,0.46053848067326225
BASE20150501ex5,A,11,2020-07-20,2020-09-30,2020-11-05,0.1760155560818082,52,72,-0.019849154968698657,1.6660261771926348,1.724685710526725,1.6761524780914425,1.7560540321494713,0.6115607453294706,1.3410789469915378,0.804956707974028,0,0.03902715224913496,0.05254544426494346,0.5777243104893716,0.465994410723161
BASE20150501ex5,A,12,2024-12-30,2025-04-07,2025-06-03,0.1661371286763943,62,99,-0.10242682637126321,1.6660000674200313,1.6662096532027266,1.7036484011174293,1.7312926593123907,0.45500330383333454,1.1413682795061155,0.685094977981387,0,0.0649003829787234,0.06887987563884157,0.24647806219724938,0.43235001250835586
BASE20150501ex5,A,13,2025-11-13,2025-11-24,2025-12-24,0.16443478627502928,7,29,-0.05402301539534704,1.6659996673246051,1.7699056969708487,1.679175658779234,1.7699056969708487,0.5347112212641988,1.1624681838973483,0.6977601536764604,0,0.057861011372251706,0.057861011372251706,0.34562315851445413,0.4730154511081714
BASE20150501ex5,A,14,2021-02-19,2021-08-03,2021-08-31,0.16180373958129313,112,132,-0.14611582947442736,1.4476699799580237,1.546205768322427,1.670559693439835,1.7390504081637963,0.6742383986918185,1.3311147238177665,0.9194876886625523,0,0.030213972274732208,0.04785651219512195,0.4609039434802568,0.26300396056536685
BASE20150501ex5,A,15,2015-06-15,2015-11-27,2015-12-24,0.153886317524757,111,130,-0.31873698806972384,0.2999913750367088,1.6659540193641362,0.0,1.7033475889960468,0.29369699230449037,0.29999137503670886,1.0000000000000002,34,0.025245510403916767,0.05676455971479501,0.11584911760056896,0.3413090249814599
BASE20151101ex5,A,1,2018-07-30,2019-01-03,2019-04-04,0.499873280688674,105,165,-0.15653697782127285,0.8653948791647346,1.693523974552995,1.5796460861096835,1.8312709422881217,0.6517534958890612,0.8479182425822673,0.9798050150246609,0,0.049010296730930436,0.06679302775024776,0.27040548082498006,0.3585193354522566
BASE20151101ex5,A,2,2015-12-25,2016-05-13,2017-06-12,0.461267037322696,92,353,-0.19885884008128807,1.66592138173043,0.5110648252594274,0.5581762902934545,1.7551112841989827,0.6591804113337998,1.3196193320169214,0.7921258148726101,0,0.04865195080707148,0.06896388693957116,0.4700611401837578,0.379765110141552
BASE20151101ex5,A,3,2020-03-05,2020-03-23,2020-07-20,0.41059298671655986,12,91,-0.16079472654532134,1.6659940952057348,1.6652341822619587,1.7826098313203897,2.059733498731448,0.6493985699136237,1.618131660898641,0.971270946010656,0,0.05905442350907519,0.05905442350907519,0.7041880087809032,0.9114278307897701
BASE20151101ex5,A,4,2019-04-08,2019-06-05,2019-11-25,0.27746928956754047,39,155,-0.1134074232912603,1.6659514077892164,1.6144442588208565,1.7204052397802512,1.8226632704739643,0.6844800241931314,1.4463837362225296,0.8682028356048741,0,0.047630592502037494,0.05435701393728222,0.5202283798550169,0.5455435497873115
BASE20151101ex5,A,5,2021-09-13,2021-11-10,2022-04-12,0.26305764649164487,35,136,-0.03415096380763116,1.5511672584340406,1.6935516824177623,1.6850533123710418,1.7860824299478006,0.658921237121295,1.355574063147242,0.8739057995046536,0,0.049194598263614844,0.05213017727639001,0.41155994258774,0.4623691269391086
BASE20151101ex5,A,6,2024-07-02,2024-09-11,2024-09-30,0.25806224938123534,51,62,-0.0822803222545142,1.6659986005550724,1.6662114888358608,1.6670735768702682,1.7611939774265748,0.560601331110651,1.2189119719354808,0.7316404536770723,0,0.06505001393728221,0.07037703130755064,0.26007477214052926,0.3533386151558384
BASE20151101ex5,A,7,2020-01-14,2020-02-03,2020-02-17,0.24913673318143892,8,18,-0.11970003985784838,1.6659737797634309,1.8272384014886047,1.6659798283626133,1.8272384014886047,0.5994417390691295,1.5272967067930723,0.9167591503210508,0,0.04993581300813008,0.053680040133779264,0.2962756710236988,0.649227905786511
BASE20151101ex5,A,8,2024-10-08,2025-04-07,2025-06-20,0.23185249235665883,121,171,-0.1566363572284486,1.666000313633301,1.6661941356612713,1.6937087894985292,1.7500375807828832,0.4533632220132298,1.0000766265397087,0.6002859773529629,0,0.057533383399209485,0.06887987563884157,0.6191747716695478,0.4662624671547325
BASE20151101ex5,A,9,2026-05-06,2026-06-30,,0.209725788127458,38,,0.020983824370680138,1.6659998000729876,1.7477497916786127,1.6667535420083834,1.7477497916786127,0.4837596831172951,1.0964526737214662,0.6581349371551127,0,0.054729166064981946,0.05537376811594203,0.2948805524149575,0.3670860081700172
BASE20151101ex5,A,10,2021-02-19,2021-03-24,2021-06-25,0.19915823700494428,23,85,-0.14711429975566037,1.6659809778885828,1.6983009387884338,1.6912367174372658,1.7879266462942152,0.685185147505262,1.3515806917941393,0.8112821873315111,0,0.030213972274732208,0.03090992476489029,0.48429685077570445,0.5488668660281399
BASE20151101ex5,A,11,2023-05-08,2023-06-26,2023-10-17,0.18891328532543272,33,108,-0.062264624654782885,1.6660022398481305,1.8166664481342418,1.751616991962992,1.8166664481342418,0.5543853780887259,1.3120065147834417,0.7875178576608887,0,0.05939595815170009,0.06464130832570907,0.41880529637506614,0.31213856253213307
BASE20151101ex5,A,12,2026-03-12,2026-03-23,2026-04-08,0.1851857815815542,7,18,-0.057505397264248415,1.6659992143953346,1.8182164058287604,1.7388228467969626,1.8182164058287604,0.6179763507139101,1.1415767781355926,0.6852204780600222,0,0.057141754688672164,0.057141754688672164,0.4097631767830098,0.4792889568381302
BASE20151101ex5,A,13,2020-07-20,2020-09-30,2020-11-04,0.17603787786346325,52,71,-0.019849154968698657,1.6660248053260225,1.7099240308226844,1.676044171395851,1.756012089422585,0.6112781946606796,1.3407211383025046,0.804742602881078,0,0.03902715224913496,0.05254544426494346,0.5779154217502318,0.46439109927117395
BASE20151101ex5,A,14,2025-11-13,2025-11-24,2025-12-24,0.16660292839832347,7,29,-0.05402301539534704,1.6660001571833924,1.7575976092077803,1.680322848246509,1.7575976092077803,0.539574728718755,1.0935481782112082,0.6563914015830618,0,0.057861011372251706,0.057861011372251706,0.3461882430164091,0.44331969270424626
BASE20160501ex5,A,1,2018-07-30,2019-01-03,2019-04-04,0.4983782951871072,105,165,-0.15653697782127285,0.8618599660140815,1.6936521518848957,1.5640131308031304,1.8311597933390318,0.6526753670350405,0.8404847868101973,0.9751987793298489,0,0.049010296730930436,0.06679302775024776,0.2699853630440625,0.35633510460816437
BASE20160501ex5,A,2,2020-03-05,2020-03-23,2020-07-13,0.4108728302246317,12,86,-0.16079472654532134,1.6659608648463973,1.6641065181147638,1.7826100459898113,2.0600237938688677,0.6486845958952365,1.619066886695484,0.9718516928335907,0,0.05905442350907519,0.05905442350907519,0.7048589913723802,0.9118763825878872
BASE20160501ex5,A,3,2019-04-08,2019-06-05,2019-11-25,0.27741001521627817,39,155,-0.1134074232912603,1.6659995995915051,1.6130864351729206,1.7203756766917255,1.822843093499766,0.683841282165956,1.445315520748821,0.8675365354848856,0,0.047630592502037494,0.05435701393728222,0.5200575283070935,0.5454437731493132
BASE20160501ex5,A,4,2024-07-02,2024-09-11,2024-09-30,0.2623617479820496,51,62,-0.0822803222545142,1.666000543756458,1.6660199493974517,1.6695839165408128,1.7290087775321905,0.5622122000277793,1.1471046337021193,0.6885379707713992,0,0.06505001393728221,0.07037703130755064,0.2621659209570547,0.3462796996700561
BASE20160501ex5,A,5,2021-09-13,2021-11-10,2022-04-08,0.25342584848557215,35,134,-0.03415096380763116,1.665945805837325,1.72444569022831,1.7103149816253498,1.7941410518152736,0.7175667197882436,1.391166813864075,0.8350612660925408,0,0.049194598263614844,0.05213017727639001,0.46776416373563684,0.4892854325100544
BASE20160501ex5,A,6,2020-01-14,2020-02-03,2020-02-17,0.24928217140258002,8,18,-0.11970003985784838,1.6659811502830708,1.8272088962962458,1.6663002518462078,1.8272088962962458,0.5986543956586736,1.5284899672420498,0.9174713453284513,0,0.04993581300813008,0.053680040133779264,0.29659891077061834,0.6495624243673341
BASE20160501ex5,A,7,2024-10-08,2025-04-07,2025-06-20,0.23083369110059826,121,171,-0.1566363572284486,1.6660023406885776,1.6662098928691806,1.6929004290247534,1.750591584416573,0.45717564207517525,0.9832005587499744,0.5901555686552076,0,0.057533383399209485,0.06887987563884157,0.6143377346933345,0.4670656531910915
BASE20160501ex5,A,8,2026-05-06,2026-06-30,,0.21475764903999583,38,,0.020983824370680138,1.6660002581678022,1.744415573615335,1.6662103180426397,1.744415573615335,0.4795810960096614,1.118118360693412,0.6711393682033832,0,0.054729166064981946,0.05537376811594203,0.3043634025865686,0.36857189748220726
BASE20160501ex5,A,9,2023-05-08,2023-06-26,2024-01-04,0.1950852823646273,33,164,-0.062264624654782885,1.6660031468241985,1.8184129954681962,1.752103525358673,1.8184129954681962,0.5393317362117847,1.3004971648589383,0.7806090686791305,0,0.05939595815170009,0.06464130832570907,0.4457687498993811,0.3139414384458844
BASE20160501ex5,A,10,2026-03-12,2026-03-23,2026-04-08,0.18548949887735122,7,18,-0.057505397264248415,1.6659984110624526,1.8077397720373973,1.7344110973633815,1.8077397720373973,0.6176028695884311,1.1695392256012036,0.7020050066286417,0,0.057141754688672164,0.057141754688672164,0.41242469157712125,0.48337640400173876
BASE20160501ex5,A,11,2020-07-20,2020-09-30,2020-11-04,0.17410459237233533,52,71,-0.019849154968698657,1.6660160054751576,1.7450591280364378,1.6711812215201425,1.7690101054380092,0.6238618994836205,1.3813877532277448,0.8291563518525531,0,0.03902715224913496,0.05254544426494346,0.5779106713079135,0.4692594914160301
BASE20160501ex5,A,12,2025-11-13,2025-11-24,2025-12-24,0.17088771913824563,7,29,-0.05402301539534704,1.6659997631324712,1.7653570042965834,1.6814612564721187,1.7653570042965834,0.5335420407431201,1.0909241875817144,0.6548165322247829,0,0.057861011372251706,0.057861011372251706,0.3586550588457831,0.46856561462597285
BASE20160501ex5,A,13,2021-02-19,2021-08-03,2021-08-31,0.15971023896421588,112,132,-0.14611582947442736,1.447602330860092,1.5653361517173274,1.6722868575926753,1.7388394667455862,0.6742567412614461,1.3494277159843295,0.9321812263058238,0,0.030213972274732208,0.04785651219512195,0.4596813563783859,0.263321590960281
BASE20160501ex5,A,14,2017-04-10,2017-05-10,2017-06-09,0.15437400407136925,21,41,-0.04776984656818273,1.665950907209886,1.7897926903678572,1.6948193428141871,1.7897926903678572,0.6204385347653205,1.3751173383262936,0.8254248863967565,0,0.04413420646178093,0.044993011673151756,0.25575548344789434,0.23013129100668045
