group,arm,start,策略,期末资产,计量版本,首个净值日,末次净值日,滚动3年Calmar中位,滚动3年Calmar_P10,滚动3年Calmar_P90,滚动3年Sharpe中位,滚动3年回撤中位,滚动3年年化中位,滚动3年年化P25,滚动3年为负的窗口占比,滚动窗口数,滚动5年年化中位,滚动5年年化P25,滚动5年年化P10,滚动5年年化最差,滚动5年回撤中位,滚动5年Calmar中位,滚动5年Sharpe中位,滚动5年为负的窗口占比,滚动5年窗口数,滚动5年窗口年化,滚动5年年化最差窗口末日,互不重叠5年块中位,互不重叠5年块数,滚动10年年化中位,滚动10年年化P10,滚动10年回撤中位,滚动10年为负的窗口占比,滚动10年窗口数,逐年收益中位,逐年收益均值,逐年最差,逐年最好,逐年为正比例,完整自然年数,总收益,年化,年化_交易日口径,年化波动,最大回撤,回撤区间,最大回撤起日,最大回撤止日,Calmar,Sharpe,rf覆盖率,强平次数,最低担保比例,最低担保比例日,最低股票同跌缓冲,最低股票同跌缓冲日,最低总资产冲击缓冲,最低总资产冲击缓冲日,最低现金,最低现金日,负现金日数,平均仓位,周期数,持仓数中位,持仓数P25,单票权重中位,单票权重P90,单票权重最大,前三权重中位,前三权重P90,前三权重最大,单票超60%天数占比,单票超100%天数占比,胜率,盈亏比,平均持有天数,买入笔数,卖出笔数,年均换手,前五赢家,前五赢家贡献,前五赢家占正贡献,累计手续费,手续费占初始本金,基准年化
full,BASE,2009-11-01,trend_x5_w-0.0454_x1c_dtax_sma20_swap_corr1_tranche_slmin_gs1.1u_ma60stop_ca2_addma_swk20_cap0.6s_sp_gso_ebcap0.03r_c0.3h0.035_lot100_sig1_lrc3_BASE20091101,567088527.9074972,m3,2009-11-02,2026-08-28,0.9446206423773246,0.10449996088954254,1.6860268741940179,0.9282409671162214,0.4283068736004063,0.39274696930019326,0.27202690704038623,0.06666666666666667,165,0.41297556775699396,0.307359956978438,0.1546276656068457,0.03969943348513416,0.4551902954980638,0.9607261636844651,0.9475390416227268,0.0,141,2014-11=0.09659991046;2014-12=0.1634758134;2015-01=0.1427279337;2015-02=0.1546276656;2015-03=0.1872719476;2015-04=0.2523452303;2015-05=0.2590460001;2015-06=0.261841274;2015-07=0.2479948961;2015-08=0.23918885;2015-09=0.2429479087;2015-10=0.1471342797;2015-11=0.1282350007;2015-12=0.144824035;2016-01=0.06509466402;2016-02=0.05733686804;2016-03=0.06009910416;2016-04=0.06791384674;2016-05=0.04502048813;2016-06=0.03969943349;2016-07=0.06984347347;2016-08=0.1115673875;2016-09=0.124449893;2016-10=0.1604522499;2016-11=0.1923373059;2016-12=0.1755591387;2017-01=0.2021437249;2017-02=0.1869048925;2017-03=0.232230359;2017-04=0.2049484775;2017-05=0.2071768233;2017-06=0.3015313531;2017-07=0.3232819787;2017-08=0.379935794;2017-09=0.3699909197;2017-10=0.3676283829;2017-11=0.3917241143;2017-12=0.3365726728;2018-01=0.3501173788;2018-02=0.3466454629;2018-03=0.3821815311;2018-04=0.4020417269;2018-05=0.3922967235;2018-06=0.4707594212;2018-07=0.4721031704;2018-08=0.4389929168;2018-09=0.4221319859;2018-10=0.3416280206;2018-11=0.3194098181;2018-12=0.3004239306;2019-01=0.4088991608;2019-02=0.4624115327;2019-03=0.519990616;2019-04=0.5088425268;2019-05=0.4788740338;2019-06=0.5093246237;2019-07=0.4566078383;2019-08=0.4532744102;2019-09=0.4358412882;2019-10=0.4517779895;2019-11=0.4704694072;2019-12=0.4610743252;2020-01=0.4425867249;2020-02=0.4373132263;2020-03=0.3310308324;2020-04=0.307359957;2020-05=0.2998661116;2020-06=0.296279787;2020-07=0.4174467813;2020-08=0.3908940914;2020-09=0.3488687005;2020-10=0.3423349881;2020-11=0.4352859557;2020-12=0.3925693173;2021-01=0.4709381241;2021-02=0.4975474247;2021-03=0.5110812983;2021-04=0.4977027048;2021-05=0.5464558825;2021-06=0.5208982365;2021-07=0.4722797385;2021-08=0.5582250557;2021-09=0.593324571;2021-10=0.4861464706;2021-11=0.4565169724;2021-12=0.5756809889;2022-01=0.528792175;2022-02=0.5530379673;2022-03=0.5582482966;2022-04=0.5594565701;2022-05=0.5413800145;2022-06=0.4989873744;2022-07=0.4697254323;2022-08=0.4260324578;2022-09=0.4326190186;2022-10=0.3992229082;2022-11=0.3933871342;2022-12=0.3985730411;2023-01=0.3560423816;2023-02=0.3653052172;2023-03=0.3806998401;2023-04=0.4104690168;2023-05=0.4215654308;2023-06=0.4153226931;2023-07=0.4261359171;2023-08=0.4318329977;2023-09=0.4349931678;2023-10=0.4840102877;2023-11=0.5116411228;2023-12=0.5246787952;2024-01=0.4905098048;2024-02=0.4837484392;2024-03=0.4420363391;2024-04=0.477921421;2024-05=0.5430214685;2024-06=0.4798616742;2024-07=0.4281353526;2024-08=0.4094695462;2024-09=0.5087514439;2024-10=0.4834675213;2024-11=0.428501606;2024-12=0.3507473906;2025-01=0.4087878946;2025-02=0.3733853166;2025-03=0.456171143;2025-04=0.3733675869;2025-05=0.4032359438;2025-06=0.4129755678;2025-07=0.3276171874;2025-08=0.4017990077;2025-09=0.4916317667;2025-10=0.5448767007;2025-11=0.4482535477;2025-12=0.510636801;2026-01=0.7000156909;2026-02=0.6792932409;2026-03=0.6308310878;2026-04=0.6383844586;2026-05=0.5961306717;2026-06=0.5872327918;2026-07=0.6664632714,2016-06-30,0.47227973852062965,3,0.3921785132962299,0.2655988703766665,0.4629179612454297,0.0,81,0.39003552904455696,0.43375400634181516,-0.2697635777643991,1.866559026297554,0.8125,16,188.02950930249906,0.3657075625379389,0.3672430937894773,0.404398532647081,0.4827673934950877,2024-05-29~2024-09-11,2024-05-29,2024-09-11,0.7575233279329999,0.900249501473882,0.9845890410958904,0,1.8863980406770695,2013-06-17,0.31085594240046943,2013-06-17,0.31085594240046943,2013-06-17,-4.656612873077393e-10,2025-07-18,0,1.4478322027756072,266,6,5,0.628662035245528,0.847118850125755,1.1441797792491544,1.3915021195590538,1.5944504783344304,1.9676548212794236,0.685529908165798,0.04765450483991065,0.3609022556390977,9.722800352327834,144.47368421052633,2193,1075,5.909456813238496,002128/000933/601088/000651/000338,4.7505682156113185,0.6277580703659624,2574236.4614740005,0.8580788204913334,1.96%（同期超额 +34.61%）
full,BASE,2010-05-01,trend_x5_w-0.0454_x1c_dtax_sma20_swap_corr1_tranche_slmin_gs1.1u_ma60stop_ca2_addma_swk20_cap0.6s_sp_gso_ebcap0.03r_c0.3h0.035_lot100_sig1_lrc3_BASE20100501,773785034.9129336,m3,2010-05-04,2026-08-28,0.9578516955480547,0.09617341220147989,1.924125092244252,0.9469096662794044,0.4408688262296626,0.41559567595798486,0.2790472549295211,0.06918238993710692,159,0.46066100631126394,0.33511858333760336,0.16026714530651787,0.024002419030396016,0.4408688262296626,1.0345790893969062,0.9946739878320552,0.0,135,2015-05=0.2455426303;2015-06=0.2473114239;2015-07=0.2359346037;2015-08=0.2278286787;2015-09=0.2320113617;2015-10=0.1375214598;2015-11=0.118415113;2015-12=0.1354819289;2016-01=0.05656174884;2016-02=0.04848225193;2016-03=0.04968024584;2016-04=0.05512038585;2016-05=0.03491638776;2016-06=0.02400241903;2016-07=0.06072821944;2016-08=0.09857182033;2016-09=0.1102099287;2016-10=0.1404511219;2016-11=0.177593881;2016-12=0.1602671453;2017-01=0.1911445888;2017-02=0.1752437292;2017-03=0.2213856162;2017-04=0.1943877618;2017-05=0.1966938294;2017-06=0.295264016;2017-07=0.3211085624;2017-08=0.3562361151;2017-09=0.3520501731;2017-10=0.3608084995;2017-11=0.3866597209;2017-12=0.3351185833;2018-01=0.3510661268;2018-02=0.3489417478;2018-03=0.38472013;2018-04=0.4052795022;2018-05=0.3958122868;2018-06=0.47395787;2018-07=0.477605105;2018-08=0.440985979;2018-09=0.4251575265;2018-10=0.3416660804;2018-11=0.3209016846;2018-12=0.3037009907;2019-01=0.4158060468;2019-02=0.4702462979;2019-03=0.5278297482;2019-04=0.5195468274;2019-05=0.489780373;2019-06=0.522497187;2019-07=0.4697392817;2019-08=0.4674189692;2019-09=0.4525578694;2019-10=0.471475002;2019-11=0.4900869229;2019-12=0.472995325;2020-01=0.4675260208;2020-02=0.4612308748;2020-03=0.3233346806;2020-04=0.3022891502;2020-05=0.2963282166;2020-06=0.2964855617;2020-07=0.4271510309;2020-08=0.4116434642;2020-09=0.376649655;2020-10=0.3772930124;2020-11=0.4711779517;2020-12=0.4501077781;2021-01=0.5632482976;2021-02=0.5895286941;2021-03=0.6076441259;2021-04=0.5978012487;2021-05=0.6468375419;2021-06=0.6301319951;2021-07=0.5700978823;2021-08=0.6696915333;2021-09=0.7126728905;2021-10=0.5935097178;2021-11=0.5498090244;2021-12=0.6707835813;2022-01=0.6123402965;2022-02=0.6627279621;2022-03=0.6732824287;2022-04=0.6469486485;2022-05=0.6395411911;2022-06=0.5810501917;2022-07=0.53143778;2022-08=0.5172496761;2022-09=0.5089928897;2022-10=0.4583477806;2022-11=0.4546332965;2022-12=0.4461037517;2023-01=0.4061595175;2023-02=0.4151087467;2023-03=0.4279639321;2023-04=0.4502848283;2023-05=0.4606610063;2023-06=0.4545627143;2023-07=0.4608286216;2023-08=0.4721709257;2023-09=0.4778907216;2023-10=0.5265586103;2023-11=0.5527990412;2023-12=0.5649012593;2024-01=0.5212348964;2024-02=0.5150707414;2024-03=0.4717407296;2024-04=0.506181065;2024-05=0.5670670095;2024-06=0.517942502;2024-07=0.4802971731;2024-08=0.46678216;2024-09=0.5507763437;2024-10=0.5147419086;2024-11=0.4585323792;2024-12=0.371999578;2025-01=0.4163049572;2025-02=0.4136191073;2025-03=0.5156104851;2025-04=0.4391231845;2025-05=0.4617024402;2025-06=0.480301199;2025-07=0.3773496105;2025-08=0.4610233185;2025-09=0.5571224366;2025-10=0.5859674986;2025-11=0.4889145386;2025-12=0.533578735;2026-01=0.7054755023;2026-02=0.68943548;2026-03=0.6333995164;2026-04=0.6585625007;2026-05=0.6051818743;2026-06=0.593033822;2026-07=0.6693719493,2016-06-30,0.5700978822596894,3,0.42760482684119916,0.2907450994799152,0.4540390256630611,0.0,75,0.2865836113902147,0.46593980632051935,-0.26966858703655294,2.0053660895429295,0.8,15,256.9283449709779,0.4053524040063845,0.40722170420958603,0.4222613199014888,0.46312554536342465,2011-07-13~2013-06-25,2011-07-13,2013-06-25,0.8752538227799456,0.9472034573902023,1.0,0,1.8753515550946596,2020-03-23,0.3067966395589323,2020-03-23,0.3067966395589323,2020-03-23,0.0,2010-09-06,0,1.4760660700814952,292,6.0,5.0,0.644156171299619,0.8539586410066884,1.1446923997697669,1.4152706831497506,1.6201986739719834,1.969817354570055,0.7146878198567042,0.04938587512794268,0.3664383561643836,8.785093394903452,130.5513698630137,2321,1049,6.679017543753308,000933/601088/000651/000338/002128,4.481873416967707,0.5659310155372435,3646265.5098000024,1.215421836600001,2.75%（同期超额 +37.78%）
full,BASE,2010-11-01,trend_x5_w-0.0454_x1c_dtax_sma20_swap_corr1_tranche_slmin_gs1.1u_ma60stop_ca2_addma_swk20_cap0.6s_sp_gso_ebcap0.03r_c0.3h0.035_lot100_sig1_lrc3_BASE20101101,268102294.06437358,m3,2010-11-01,2026-08-28,0.970652962771768,0.30497303265024234,1.598043143397498,0.9234200901690527,0.4270627400401683,0.3941210566958606,0.28768834878673877,0.06535947712418301,153,0.4205443859023228,0.33408664922112585,0.13707716169601314,0.02299768634961974,0.4571866839737062,0.966658183405861,0.9376617069807529,0.0,129,2015-11=0.09571068254;2015-12=0.1110956109;2016-01=0.03812742076;2016-02=0.03732053925;2016-03=0.04324836512;2016-04=0.05458592283;2016-05=0.02936911083;2016-06=0.02299768635;2016-07=0.05089814167;2016-08=0.08783035079;2016-09=0.09244015905;2016-10=0.1370771617;2016-11=0.1461620705;2016-12=0.1290012855;2017-01=0.1613791274;2017-02=0.1543265975;2017-03=0.2088595876;2017-04=0.1841868478;2017-05=0.1859797788;2017-06=0.2770668121;2017-07=0.2997543826;2017-08=0.3581133862;2017-09=0.3489052604;2017-10=0.3466254736;2017-11=0.3715930129;2017-12=0.314643701;2018-01=0.330862085;2018-02=0.3273511611;2018-03=0.3668781523;2018-04=0.3823685159;2018-05=0.3738151871;2018-06=0.458736922;2018-07=0.4645011016;2018-08=0.4316164007;2018-09=0.4123231318;2018-10=0.3340866492;2018-11=0.3109112103;2018-12=0.293108414;2019-01=0.4010070442;2019-02=0.4538304107;2019-03=0.5115618355;2019-04=0.5017513198;2019-05=0.4728577564;2019-06=0.5025363233;2019-07=0.44732673;2019-08=0.4419432494;2019-09=0.4253204952;2019-10=0.4414084082;2019-11=0.4603121543;2019-12=0.446713109;2020-01=0.4336362545;2020-02=0.4297416282;2020-03=0.3239556256;2020-04=0.3015271439;2020-05=0.2939506175;2020-06=0.2901367443;2020-07=0.4099329322;2020-08=0.3834146647;2020-09=0.3418817113;2020-10=0.3325776874;2020-11=0.4252572836;2020-12=0.3841041701;2021-01=0.4636555327;2021-02=0.4907639951;2021-03=0.5045353188;2021-04=0.4910234099;2021-05=0.5408425578;2021-06=0.5139083127;2021-07=0.4662601551;2021-08=0.5522418954;2021-09=0.5888031624;2021-10=0.4819782506;2021-11=0.4541399332;2021-12=0.570737463;2022-01=0.5243741801;2022-02=0.5515147115;2022-03=0.557885247;2022-04=0.5534471679;2022-05=0.5378711219;2022-06=0.4990188844;2022-07=0.4700217018;2022-08=0.4222107388;2022-09=0.4288803481;2022-10=0.3964609446;2022-11=0.3886902451;2022-12=0.3888893589;2023-01=0.3514820058;2023-02=0.3606318733;2023-03=0.3762473292;2023-04=0.4024138246;2023-05=0.4166139958;2023-06=0.4119796658;2023-07=0.4205443859;2023-08=0.4266276231;2023-09=0.4313520446;2023-10=0.4839465679;2023-11=0.5130091791;2023-12=0.5266539149;2024-01=0.4883578382;2024-02=0.4814251461;2024-03=0.4364973615;2024-04=0.4757377153;2024-05=0.5375001229;2024-06=0.4738792989;2024-07=0.4237694409;2024-08=0.404208504;2024-09=0.5004900235;2024-10=0.4758953751;2024-11=0.4183129531;2024-12=0.3355693762;2025-01=0.3916714902;2025-02=0.3571133865;2025-03=0.4374387428;2025-04=0.3567542566;2025-05=0.383960275;2025-06=0.3918729072;2025-07=0.3088441744;2025-08=0.3762963575;2025-09=0.4584232905;2025-10=0.5129122356;2025-11=0.4283496165;2025-12=0.4969056136;2026-01=0.6604515851;2026-02=0.6323439962;2026-03=0.5732516425;2026-04=0.5866379729;2026-05=0.5422631961;2026-06=0.533075481;2026-07=0.610602984,2016-06-30,0.46626015506279717,3,0.389792589688458,0.2527755968759431,0.47003082377859406,0.0,69,0.3386499282290416,0.41419787694970617,-0.2368115631928619,1.8911805498989485,0.7333333333333333,15,88.3674313547912,0.3283739107997157,0.3296074075040867,0.4105173155453327,0.49119479865086046,2024-05-29~2024-09-11,2024-05-29,2024-09-11,0.6685207410616795,0.8242552703481802,1.0,0,1.868702782412594,2013-06-17,0.3043302486435904,2013-06-17,0.3043302486435904,2013-06-17,-9.313225746154785e-10,2025-12-05,0,1.4905021608937272,260,6,5.0,0.6333715624337353,0.7695626869959944,1.0309369756591302,1.4411176573945226,1.6133799417680614,1.9868410478262286,0.7230071980805118,0.009864036256998134,0.3576923076923077,9.639856767023964,135.9576923076923,2069,779,5.305002341997264,002128/601088/000338/000933/000651,4.120931254907604,0.6112034112758364,1227107.2987660002,0.4090357662553334,1.93%（同期超额 +30.91%）
full,BASE,2011-05-01,trend_x5_w-0.0454_x1c_dtax_sma20_swap_corr1_tranche_slmin_gs1.1u_ma60stop_ca2_addma_swk20_cap0.6s_sp_gso_ebcap0.03r_c0.3h0.035_lot100_sig1_lrc3_BASE20110501,343087298.83257675,m3,2011-05-03,2026-08-28,1.037382616342849,0.5034799343588328,1.7099588367971394,0.9605441232663892,0.4218012700619348,0.42562655381575953,0.32170437117606254,0.027210884353741496,147,0.42754760746082443,0.3606884867545981,0.21110930398037597,0.04367648066301055,0.452720260099603,1.03541726929606,0.9747527969502836,0.0,123,2016-05=0.04367648066;2016-06=0.04689839123;2016-07=0.07686816331;2016-08=0.1068155376;2016-09=0.1052369751;2016-10=0.1370907127;2016-11=0.1474850879;2016-12=0.1302286957;2017-01=0.1635369893;2017-02=0.1561181823;2017-03=0.211109304;2017-04=0.1981615465;2017-05=0.2033948733;2017-06=0.2883394842;2017-07=0.314869757;2017-08=0.3687851374;2017-09=0.3606884868;2017-10=0.3616414003;2017-11=0.3858634692;2017-12=0.3292815817;2018-01=0.3465352686;2018-02=0.3429388609;2018-03=0.3835301245;2018-04=0.3988523415;2018-05=0.3900792171;2018-06=0.4764644089;2018-07=0.4825627271;2018-08=0.4491218038;2018-09=0.4317277198;2018-10=0.3550881768;2018-11=0.331659595;2018-12=0.3146519998;2019-01=0.4221278756;2019-02=0.4770223702;2019-03=0.535118029;2019-04=0.5256303276;2019-05=0.4952651032;2019-06=0.5252070929;2019-07=0.4687543755;2019-08=0.4624282825;2019-09=0.4486518409;2019-10=0.4621605698;2019-11=0.4823877258;2019-12=0.4754119277;2020-01=0.4535201409;2020-02=0.4425563115;2020-03=0.3329238022;2020-04=0.3072690129;2020-05=0.3007591937;2020-06=0.296553592;2020-07=0.4182183198;2020-08=0.3932934657;2020-09=0.3537076998;2020-10=0.3454437931;2020-11=0.4357414954;2020-12=0.3900388731;2021-01=0.4642426842;2021-02=0.491400406;2021-03=0.5040005346;2021-04=0.4903359433;2021-05=0.5385146629;2021-06=0.511644407;2021-07=0.4625244702;2021-08=0.5495738604;2021-09=0.5866962088;2021-10=0.4843167694;2021-11=0.4574606045;2021-12=0.5686302;2022-01=0.5225234896;2022-02=0.5453267083;2022-03=0.5521376916;2022-04=0.5549603385;2022-05=0.5350077153;2022-06=0.4936538955;2022-07=0.4665289942;2022-08=0.4203261724;2022-09=0.4305936491;2022-10=0.3978109597;2022-11=0.3888825373;2022-12=0.3940791602;2023-01=0.3506047544;2023-02=0.3607211113;2023-03=0.3747019998;2023-04=0.401128044;2023-05=0.4102599382;2023-06=0.405730827;2023-07=0.4171639658;2023-08=0.4238835015;2023-09=0.4275476075;2023-10=0.4754111518;2023-11=0.4988960792;2023-12=0.5126322281;2024-01=0.4802889172;2024-02=0.4714830688;2024-03=0.4309468507;2024-04=0.4647334719;2024-05=0.5295218869;2024-06=0.4667173603;2024-07=0.4204674589;2024-08=0.4026815096;2024-09=0.5032958537;2024-10=0.4783828061;2024-11=0.420998377;2024-12=0.3444810466;2025-01=0.4037705462;2025-02=0.3677103682;2025-03=0.4514828849;2025-04=0.3722414696;2025-05=0.4022652618;2025-06=0.4122385578;2025-07=0.3267259427;2025-08=0.3990556449;2025-09=0.4856074742;2025-10=0.540277585;2025-11=0.4564822488;2025-12=0.5236527272;2026-01=0.7008053685;2026-02=0.6703065202;2026-03=0.6211720538;2026-04=0.6293895611;2026-05=0.5872640758;2026-06=0.580469519;2026-07=0.6604850539,2016-05-31,0.4625244701777047,3,0.4046349076937339,0.324198526740185,0.46781381881664474,0.0,63,0.4063551680135027,0.4725420887125179,-0.16380672383712624,1.8650096784104817,0.7142857142857143,14,113.36243294419225,0.3625229250703983,0.3639180724649824,0.40981606751536814,0.471089844941737,2013-02-08~2013-06-25,2013-02-08,2013-06-25,0.7695409463034255,0.8878029844050656,1.0,0,1.8697546736341173,2013-06-17,0.30472162025765825,2013-06-17,0.30472162025765825,2013-06-17,0.0,2011-07-19,0,1.5146979055276255,269,7,5,0.6270334804849027,0.7676610111237112,1.0253170347019784,1.4239934892435422,1.61694158856661,1.9848130852098715,0.7038686334539382,0.006123016977456165,0.3828996282527881,9.211403546580433,134.95167286245353,2090,755,5.8564159852521405,002128/601088/000338/000933/000651,4.155506871154899,0.5972874038993253,1583489.245908,0.527829748636,2.52%（同期超额 +33.73%）
full,BASE,2011-11-01,trend_x5_w-0.0454_x1c_dtax_sma20_swap_corr1_tranche_slmin_gs1.1u_ma60stop_ca2_addma_swk20_cap0.6s_sp_gso_ebcap0.03r_c0.3h0.035_lot100_sig1_lrc3_BASE20111101,576895780.9197335,m3,2011-11-01,2026-08-28,1.1706043182720993,0.6395952884490121,1.9070868003176806,1.0005151647738295,0.37807661416511684,0.4453525221212513,0.33141705797049625,0.0,141,0.4794408528892582,0.39550468253654136,0.3480102299731678,0.15631045750629768,0.40081137417111967,1.205990047208054,1.0703432571695597,0.0,117,2016-11=0.1893035121;2016-12=0.1563104575;2017-01=0.1847070966;2017-02=0.1835309555;2017-03=0.2576282093;2017-04=0.2496234608;2017-05=0.2595248111;2017-06=0.3595633381;2017-07=0.3864156925;2017-08=0.4674275072;2017-09=0.4484431642;2017-10=0.4779169417;2017-11=0.5017502687;2017-12=0.4574512097;2018-01=0.4797911078;2018-02=0.4775532419;2018-03=0.5229634097;2018-04=0.5403037036;2018-05=0.5307120813;2018-06=0.6263226311;2018-07=0.6402180681;2018-08=0.6106328371;2018-09=0.5804263325;2018-10=0.4794408529;2018-11=0.4543522392;2018-12=0.4341582548;2019-01=0.5534523136;2019-02=0.6199494468;2019-03=0.6875149405;2019-04=0.6686483155;2019-05=0.6321741484;2019-06=0.6672735469;2019-07=0.6044132188;2019-08=0.5957726019;2019-09=0.5757324371;2019-10=0.5936466496;2019-11=0.6125838107;2019-12=0.5988583277;2020-01=0.5784414576;2020-02=0.5741885117;2020-03=0.4610115311;2020-04=0.4372905688;2020-05=0.4277499387;2020-06=0.4247532291;2020-07=0.5631002618;2020-08=0.5300698283;2020-09=0.4778631665;2020-10=0.4672553557;2020-11=0.5670138544;2020-12=0.5218629352;2021-01=0.603898104;2021-02=0.629459095;2021-03=0.6388817645;2021-04=0.6228093657;2021-05=0.6570780671;2021-06=0.6293794229;2021-07=0.5770041764;2021-08=0.6773958682;2021-09=0.68687443;2021-10=0.5918096201;2021-11=0.5272970316;2021-12=0.6649785975;2022-01=0.6234997086;2022-02=0.6375014961;2022-03=0.6195776785;2022-04=0.6150445632;2022-05=0.5873837971;2022-06=0.5296005627;2022-07=0.5004387389;2022-08=0.4301660534;2022-09=0.4506356607;2022-10=0.3902254431;2022-11=0.3844707714;2022-12=0.3744613572;2023-01=0.3281020142;2023-02=0.3365909919;2023-03=0.3487432181;2023-04=0.3737892911;2023-05=0.3821310372;2023-06=0.3767917743;2023-07=0.3820800921;2023-08=0.3821785262;2023-09=0.3955046825;2023-10=0.4576237678;2023-11=0.4796121259;2023-12=0.4952379958;2024-01=0.4619898567;2024-02=0.4464581678;2024-03=0.4037240244;2024-04=0.4436397138;2024-05=0.5100207617;2024-06=0.4479178545;2024-07=0.4005302565;2024-08=0.3844036855;2024-09=0.4792905861;2024-10=0.4521327968;2024-11=0.3979163491;2024-12=0.3251814231;2025-01=0.3869111981;2025-02=0.3499419378;2025-03=0.4284419772;2025-04=0.34801023;2025-05=0.3794412489;2025-06=0.3879809231;2025-07=0.2980711242;2025-08=0.3753278114;2025-09=0.471639257;2025-10=0.5269713773;2025-11=0.4426576989;2025-12=0.5088108472;2026-01=0.6861246391;2026-02=0.6555263231;2026-03=0.6110773841;2026-04=0.618199433;2026-05=0.5816473072;2026-06=0.5732826314;2026-07=0.6542081561,2016-12-30,0.6156061662138469,2,0.4669243556082756,0.4018964123307329,0.4697910473982998,0.0,57,0.35843517319648555,0.5364288521529313,-0.10296908638738966,2.135329871564187,0.7142857142857143,14,191.29859363991116,0.4258903296668408,0.4278215424906482,0.4158530159552115,0.4710105263689186,2013-02-08~2013-06-25,2013-02-08,2013-06-25,0.9042055449377846,0.9918119968650372,1.0,0,1.870611977611682,2013-06-17,0.30504026727136385,2013-06-17,0.3050402672713639,2013-06-17,-1.1368683772161603e-13,2013-11-26,0,1.56977527059834,252,7,5,0.6268800876904709,0.7612601999037117,1.028536028314914,1.4370311922753278,1.6460542509692995,1.9847464372419625,0.6971573318322545,0.007317759639741064,0.36507936507936506,10.312133414306023,149.015873015873,2035,736,5.858471861864717,002128/000651/601088/000933/000338,4.365073750513139,0.589194683097024,2614641.9490759997,0.8715473163586666,3.82%（同期超额 +38.77%）
full,BASE,2012-05-01,trend_x5_w-0.0454_x1c_dtax_sma20_swap_corr1_tranche_slmin_gs1.1u_ma60stop_ca2_addma_swk20_cap0.6s_sp_gso_ebcap0.03r_c0.3h0.035_lot100_sig1_lrc3_BASE20120501,360753889.1036384,m3,2012-05-02,2026-08-28,1.0922322451422248,0.5896716393617754,1.7038948411225938,0.9781845092798214,0.37098753512189186,0.436225855970668,0.3290001164838834,0.0,135,0.44560531208034826,0.38072811623718916,0.3292339885841742,0.16520788581289336,0.45595387076704696,1.060309177817737,1.0154918623538778,0.0,111,2017-05=0.1652078858;2017-06=0.2413083979;2017-07=0.266914618;2017-08=0.3292339886;2017-09=0.3292617846;2017-10=0.3414940683;2017-11=0.3712518208;2017-12=0.3139525576;2018-01=0.3319523893;2018-02=0.3277604195;2018-03=0.3752292578;2018-04=0.3861992089;2018-05=0.3807281162;2018-06=0.476269188;2018-07=0.4859395891;2018-08=0.4531568453;2018-09=0.4328419861;2018-10=0.3587107751;2018-11=0.3348523304;2018-12=0.3187610462;2019-01=0.4276034098;2019-02=0.4807979506;2019-03=0.539259487;2019-04=0.530359888;2019-05=0.5011271091;2019-06=0.5311547223;2019-07=0.4730474008;2019-08=0.4660875167;2019-09=0.4498557765;2019-10=0.4645703998;2019-11=0.4849031472;2019-12=0.4816962935;2020-01=0.4456053121;2020-02=0.4355690753;2020-03=0.3279351646;2020-04=0.3012398593;2020-05=0.2946472104;2020-06=0.2899194955;2020-07=0.4117107276;2020-08=0.3854358221;2020-09=0.344081107;2020-10=0.335163074;2020-11=0.426907212;2020-12=0.3840550382;2021-01=0.460779368;2021-02=0.4876450949;2021-03=0.4997602216;2021-04=0.4863262776;2021-05=0.5356150623;2021-06=0.5085888214;2021-07=0.4603327059;2021-08=0.5464360734;2021-09=0.5835653333;2021-10=0.4803038969;2021-11=0.4548105067;2021-12=0.565400915;2022-01=0.520830557;2022-02=0.543348296;2022-03=0.5501022295;2022-04=0.5531747423;2022-05=0.5332726441;2022-06=0.4926744298;2022-07=0.4659837334;2022-08=0.4155036232;2022-09=0.4266695308;2022-10=0.3959690647;2022-11=0.387650391;2022-12=0.3933614883;2023-01=0.3503650231;2023-02=0.3607774369;2023-03=0.3747960893;2023-04=0.4013541496;2023-05=0.4105787862;2023-06=0.4059341001;2023-07=0.417226891;2023-08=0.4238846748;2023-09=0.4294417755;2023-10=0.4796923756;2023-11=0.5033265295;2023-12=0.5177688172;2024-01=0.4832200006;2024-02=0.4741666501;2024-03=0.4334651648;2024-04=0.4670846827;2024-05=0.5316621745;2024-06=0.4705089261;2024-07=0.4222701343;2024-08=0.4044983392;2024-09=0.5009165911;2024-10=0.4732513887;2024-11=0.4165280416;2024-12=0.3405924551;2025-01=0.3992931376;2025-02=0.3644356799;2025-03=0.4475480716;2025-04=0.3671255664;2025-05=0.3975413778;2025-06=0.4077856968;2025-07=0.3210793552;2025-08=0.396214065;2025-09=0.4875924852;2025-10=0.5432786288;2025-11=0.4560957309;2025-12=0.5236802413;2026-01=0.7011034179;2026-02=0.6707832233;2026-03=0.6225184952;2026-04=0.6302548643;2026-05=0.5931153736;2026-06=0.5846760164;2026-07=0.6649305394,2017-05-31,0.5626316226672348,2,0.42218460885749143,0.34754842223105786,0.4706486301237237,0.0,51,0.4964712413679089,0.5082358155852863,-0.1672850192559724,1.89102305252904,0.7692307692307693,13,119.25129636787948,0.3971416796177185,0.3985497777618918,0.4212423296571885,0.5032706078350591,2013-02-08~2013-06-25,2013-02-08,2013-06-25,0.7891215450195275,0.9357959710708247,1.0,0,1.8220795337496878,2013-06-17,0.28652949779601095,2013-06-17,0.2865294977960109,2013-06-17,0.0,2012-05-16,0,1.582947900486509,254,6.0,5.0,0.6221477801139184,0.7334726432869304,0.9581456365895955,1.4402859820344143,1.6193606684943933,2.1560871984372514,0.6846950517836594,0.0,0.38976377952755903,8.970600744857165,140.11023622047244,2003,741,5.923717022450518,002128/601088/000338/000933/000651,4.154107435864834,0.5974714249314116,1653842.015592,0.551280671864,4.00%（同期超额 +35.72%）
full,BASE,2012-11-01,trend_x5_w-0.0454_x1c_dtax_sma20_swap_corr1_tranche_slmin_gs1.1u_ma60stop_ca2_addma_swk20_cap0.6s_sp_gso_ebcap0.03r_c0.3h0.035_lot100_sig1_lrc3_BASE20121101,486817211.9860003,m3,2012-11-01,2026-08-28,1.140118186168284,0.6008366458497904,1.7143166718544598,0.9983190447330768,0.37086244492529286,0.45358576296652187,0.33322071111159524,0.0,129,0.45636043899404033,0.39475503588884164,0.33965638927367925,0.29208306088692737,0.4544261783692908,1.0783796756404853,1.0300204878864625,0.0,105,2017-11=0.3805777662;2017-12=0.3228201905;2018-01=0.3437437465;2018-02=0.337711519;2018-03=0.3839215612;2018-04=0.3960178039;2018-05=0.3881539051;2018-06=0.478294814;2018-07=0.4892522153;2018-08=0.4568278164;2018-09=0.4372249927;2018-10=0.3635511453;2018-11=0.3396563893;2018-12=0.3234617452;2019-01=0.4325894099;2019-02=0.4863009575;2019-03=0.5452957677;2019-04=0.5361987771;2019-05=0.5013983147;2019-06=0.5306799863;2019-07=0.4776590171;2019-08=0.4730588154;2019-09=0.4616724789;2019-10=0.4746512223;2019-11=0.4954649495;2019-12=0.4900439548;2020-01=0.4490877915;2020-02=0.4413516646;2020-03=0.3355255154;2020-04=0.3027079582;2020-05=0.2969516934;2020-06=0.2920830609;2020-07=0.413778046;2020-08=0.3872416692;2020-09=0.3458014691;2020-10=0.3370067098;2020-11=0.4299420367;2020-12=0.3864019005;2021-01=0.4627931419;2021-02=0.4896962624;2021-03=0.5015724836;2021-04=0.4877651083;2021-05=0.5368426342;2021-06=0.5100925463;2021-07=0.4624120879;2021-08=0.548445758;2021-09=0.5855486582;2021-10=0.4822254992;2021-11=0.456360439;2021-12=0.567192472;2022-01=0.5224330684;2022-02=0.5452689246;2022-03=0.5511309412;2022-04=0.5543223217;2022-05=0.5341210432;2022-06=0.4928484211;2022-07=0.4664280082;2022-08=0.4177637401;2022-09=0.4288093572;2022-10=0.3978595925;2022-11=0.3892500339;2022-12=0.3947550359;2023-01=0.3512120909;2023-02=0.3615827439;2023-03=0.3747210177;2023-04=0.4005057895;2023-05=0.4091414627;2023-06=0.4042426356;2023-07=0.4157528519;2023-08=0.4226681961;2023-09=0.4283432315;2023-10=0.4777962593;2023-11=0.5006874915;2023-12=0.5149459716;2024-01=0.480611749;2024-02=0.4706810753;2024-03=0.430096511;2024-04=0.463745202;2024-05=0.5280297371;2024-06=0.4670868623;2024-07=0.4189247737;2024-08=0.4008524313;2024-09=0.4966232063;2024-10=0.4690221916;2024-11=0.4132699897;2024-12=0.3383181965;2025-01=0.3966997697;2025-02=0.3620300548;2025-03=0.4446304509;2025-04=0.3649398688;2025-05=0.3964760097;2025-06=0.4076086588;2025-07=0.3180825028;2025-08=0.3926029346;2025-09=0.4853378554;2025-10=0.5401311652;2025-11=0.4519467604;2025-12=0.5221529584;2026-01=0.7017304473;2026-02=0.6711125044;2026-03=0.6227257486;2026-04=0.6305067308;2026-05=0.5894818682;2026-06=0.5819499469;2026-07=0.6613360465,2020-06-30,0.5618740672102536,2,0.43650200935307715,0.3495943540929958,0.47068418758564146,0.0,45,0.5278194743476166,0.5110640650468011,-0.1648161119604714,1.8903219836224783,0.7692307692307693,13,161.27240399533343,0.44518388867060343,0.4472836195783809,0.4252149697224784,0.487444589792035,2013-02-08~2013-06-25,2013-02-08,2013-06-25,0.9133015279963169,1.011900179811488,1.0,0,1.9186401496209387,2013-06-13,0.322436778852544,2013-06-13,0.32243677885254407,2013-06-13,-2.3283064365386963e-10,2025-05-19,0,1.601563781145076,234,7.0,6.0,0.6262481662230361,0.7558740543443186,0.9631719358677626,1.44591978430668,1.6046290049342102,1.9620189709391074,0.6944609886837403,0.0,0.38461538461538464,9.09323373992554,149.87179487179486,1838,687,5.915082370372039,002128/601088/000338/000651/000933,4.3095587300013,0.6041099606566853,2218074.895414,0.7393582984713333,5.33%（同期超额 +39.19%）
full,BASE,2013-05-01,trend_x5_w-0.0454_x1c_dtax_sma20_swap_corr1_tranche_slmin_gs1.1u_ma60stop_ca2_addma_swk20_cap0.6s_sp_gso_ebcap0.03r_c0.3h0.035_lot100_sig1_lrc3_BASE20130501,461023294.03662544,m3,2013-05-02,2026-08-28,1.1067330353656817,0.6344924445376008,1.9626588069912094,1.0164765125814994,0.43149138014291066,0.4853504973765719,0.37108364881663736,0.0,123,0.4770652416633785,0.43235102194278685,0.35421929488620174,0.27356468605009177,0.4494871002905949,1.074136613866432,1.0402186524439612,0.0,99,2018-05=0.332346221;2018-06=0.3542192949;2018-07=0.3890276388;2018-08=0.3604890413;2018-09=0.343491178;2018-10=0.3106768782;2018-11=0.2824106286;2018-12=0.2735646861;2019-01=0.3722458905;2019-02=0.4369164689;2019-03=0.5273912879;2019-04=0.511265958;2019-05=0.4919652676;2019-06=0.5303108672;2019-07=0.4770652417;2019-08=0.4746773597;2019-09=0.4601625124;2019-10=0.481052626;2019-11=0.5046816864;2019-12=0.4855777716;2020-01=0.4754585296;2020-02=0.4658260879;2020-03=0.3336012012;2020-04=0.3011592906;2020-05=0.2963357675;2020-06=0.2952612668;2020-07=0.4283842572;2020-08=0.4127466679;2020-09=0.3782388427;2020-10=0.3804660123;2020-11=0.4756770021;2020-12=0.4520405407;2021-01=0.5649819604;2021-02=0.5915820505;2021-03=0.6091376508;2021-04=0.5988174435;2021-05=0.6485830899;2021-06=0.6314667427;2021-07=0.5721167305;2021-08=0.6716891302;2021-09=0.7111791517;2021-10=0.5909812517;2021-11=0.5417221783;2021-12=0.6646533302;2022-01=0.6066890233;2022-02=0.6575025608;2022-03=0.6672656969;2022-04=0.641597296;2022-05=0.6336050426;2022-06=0.5758586625;2022-07=0.5293150485;2022-08=0.515301113;2022-09=0.5073378295;2022-10=0.4546953142;2022-11=0.452012087;2022-12=0.4423595649;2023-01=0.4022104737;2023-02=0.4109588879;2023-03=0.4237581947;2023-04=0.4460241409;2023-05=0.4563392811;2023-06=0.4503085141;2023-07=0.4565184046;2023-08=0.4679585358;2023-09=0.473795799;2023-10=0.5224691263;2023-11=0.5484915612;2023-12=0.5606593298;2024-01=0.5170485927;2024-02=0.5110297453;2024-03=0.4678570467;2024-04=0.5022537329;2024-05=0.5602457476;2024-06=0.511724081;2024-07=0.4743227022;2024-08=0.4608446001;2024-09=0.5447282302;2024-10=0.5087171025;2024-11=0.4506576503;2024-12=0.3653389327;2025-01=0.4089396842;2025-02=0.4069098327;2025-03=0.5069829948;2025-04=0.4323510219;2025-05=0.4546134826;2025-06=0.4759691069;2025-07=0.3690254941;2025-08=0.4486747256;2025-09=0.5417611888;2025-10=0.5707317319;2025-11=0.4727738769;2025-12=0.5226602796;2026-01=0.6916103581;2026-02=0.6698636292;2026-03=0.6216555134;2026-04=0.6282588022;2026-05=0.578294836;2026-06=0.5705917242;2026-07=0.6452312386,2018-12-28,0.6086739845388656,2,0.46774468413065273,0.3929637962598209,0.4494871002905949,0.0,39,0.38815975616563203,0.5651426147189174,-0.17609697663082957,2.0060741614577826,0.8333333333333334,12,152.67443134554182,0.45925076642946316,0.46072483357533844,0.4350845857737535,0.4494871002905949,2021-09-22~2021-11-16,2021-09-22,2021-11-16,1.0217217938680687,1.0206259508703024,1.0,0,1.8769600231048031,2020-03-23,0.3073906828076261,2020-03-23,0.30739068280762605,2020-03-23,0.0,2013-05-16,0,1.5762767424505526,259,7,6,0.6295378081629134,0.7253402711172253,0.8772440091176579,1.4086331848134823,1.5794242451740617,1.9362114825404468,0.6766430114162295,0.0,0.4015444015444015,7.579682690717615,137.90347490347492,1994,727,6.47491935837513,601088/000338/002128/000933/688516,4.12514782087522,0.5751520663579804,2178236.0333132,0.7260786777710666,5.03%（同期超额 +40.90%）
full,BASE,2013-11-01,trend_x5_w-0.0454_x1c_dtax_sma20_swap_corr1_tranche_slmin_gs1.1u_ma60stop_ca2_addma_swk20_cap0.6s_sp_gso_ebcap0.03r_c0.3h0.035_lot100_sig1_lrc3_BASE20131101,514850521.84557736,m3,2013-11-01,2026-08-28,1.1923449588186934,0.6842271934526829,1.986499605501738,1.0627839602175813,0.4318755714487259,0.5101328544750741,0.4068582948577164,0.0,117,0.5048278987807833,0.4669471377997243,0.3987900960053108,0.24524206070271148,0.43655091089159725,1.1452063528066545,1.0726729126941004,0.0,93,2018-11=0.2645731731;2018-12=0.2452420607;2019-01=0.3380888165;2019-02=0.4137853665;2019-03=0.5237355987;2019-04=0.5048278988;2019-05=0.5032698602;2019-06=0.5392967953;2019-07=0.4675077899;2019-08=0.4535530096;2019-09=0.4406073409;2019-10=0.4656506029;2019-11=0.4935133823;2019-12=0.4699952588;2020-01=0.4682840874;2020-02=0.4563668398;2020-03=0.328088816;2020-04=0.3036276743;2020-05=0.298535727;2020-06=0.2976865489;2020-07=0.430760049;2020-08=0.4205739457;2020-09=0.3848450598;2020-10=0.3876795683;2020-11=0.4806444576;2020-12=0.4669471378;2021-01=0.5944546404;2021-02=0.6210642783;2021-03=0.6385514572;2021-04=0.6283062484;2021-05=0.679036179;2021-06=0.6617356985;2021-07=0.6020417786;2021-08=0.7054174251;2021-09=0.7450866421;2021-10=0.6252200074;2021-11=0.5804200208;2021-12=0.7055289111;2022-01=0.6446625975;2022-02=0.6937835134;2022-03=0.6999116076;2022-04=0.6736485977;2022-05=0.6656930887;2022-06=0.6042720795;2022-07=0.5548118068;2022-08=0.5399776447;2022-09=0.5324038409;2022-10=0.4805981072;2022-11=0.4767155281;2022-12=0.4674618971;2023-01=0.4283650989;2023-02=0.4368611174;2023-03=0.4511668099;2023-04=0.474038971;2023-05=0.4872918948;2023-06=0.4820979253;2023-07=0.4878375216;2023-08=0.4992054955;2023-09=0.5037721287;2023-10=0.5555253323;2023-11=0.582634678;2023-12=0.5953320781;2024-01=0.5489408909;2024-02=0.5452419989;2024-03=0.4999408765;2024-04=0.5375117176;2024-05=0.6034126227;2024-06=0.5514504854;2024-07=0.5114675258;2024-08=0.4982750836;2024-09=0.5842879183;2024-10=0.5488675849;2024-11=0.4916602651;2024-12=0.4012929116;2025-01=0.4436792145;2025-02=0.4435383079;2025-03=0.5442249776;2025-04=0.4673366735;2025-05=0.4873401997;2025-06=0.5073869252;2025-07=0.398790096;2025-08=0.4726358425;2025-09=0.5641814466;2025-10=0.5929922989;2025-11=0.4983425378;2025-12=0.5335911968;2026-01=0.6828823393;2026-02=0.6609071861;2026-03=0.6138261999;2026-04=0.6199637094;2026-05=0.5709860208;2026-06=0.5636082116;2026-07=0.6368798515,2018-12-28,0.6194608150160115,2,0.48933149098953654,0.4096503292093312,0.4596618150423011,0.0,33,0.3644050465131433,0.5626999965213934,-0.18090798181127854,2.008092584208404,0.8333333333333334,12,170.61684061519244,0.4937716763733857,0.49519573890903,0.442498161928146,0.4596618150423011,2015-04-27~2016-06-13,2015-04-27,2016-06-13,1.0742064278886112,1.0642795477152152,1.0,0,1.8767141362014377,2020-03-23,0.3072999372023357,2020-03-23,0.3072999372023357,2020-03-23,0.0,2013-11-12,0,1.5788372815857556,259,6.0,5.0,0.6300445593340269,0.7219299782240741,0.8761433710251622,1.4502442077723334,1.628664895773511,1.9375227687974281,0.7128205128205128,0.0,0.3938223938223938,7.8162195076164025,122.08108108108108,1903,694,6.3046037554658065,601088/000338/002128/000933/600585,4.1937188650787105,0.5798474695460895,2406521.918487998,0.8021739728293328,5.45%（同期超额 +43.93%）
full,BASE,2014-05-01,trend_x5_w-0.0454_x1c_dtax_sma20_swap_corr1_tranche_slmin_gs1.1u_ma60stop_ca2_addma_swk20_cap0.6s_sp_gso_ebcap0.03r_c0.3h0.035_lot100_sig1_lrc3_BASE20140501,609686335.0815537,m3,2014-05-05,2026-08-28,1.1982884473946382,0.7636108843652898,1.9847228622800872,1.0618404362521319,0.4315650506566051,0.5113598761870433,0.4159403379969169,0.0,111,0.5017331152377826,0.46814616332013337,0.41742910406323697,0.2971514309221983,0.4329908470802266,1.1587614810361548,1.0741899429993267,0.0,87,2019-05=0.4977715145;2019-06=0.5324902313;2019-07=0.4802514351;2019-08=0.4799329765;2019-09=0.4535540499;2019-10=0.4709248326;2019-11=0.4879073762;2019-12=0.4791975276;2020-01=0.4757815377;2020-02=0.4681461633;2020-03=0.3268031822;2020-04=0.303244684;2020-05=0.2999588983;2020-06=0.2971514309;2020-07=0.4262790354;2020-08=0.4174291041;2020-09=0.3825846534;2020-10=0.3856108491;2020-11=0.4777211439;2020-12=0.4628928953;2021-01=0.5884542014;2021-02=0.6149745137;2021-03=0.6321608482;2021-04=0.6218026521;2021-05=0.6710926419;2021-06=0.6535903646;2021-07=0.5938336788;2021-08=0.6965879898;2021-09=0.7374994857;2021-10=0.6187144087;2021-11=0.5739667632;2021-12=0.698793448;2022-01=0.6379043153;2022-02=0.6864736917;2022-03=0.6921123498;2022-04=0.6660636856;2022-05=0.6580757259;2022-06=0.5972710067;2022-07=0.5470809916;2022-08=0.5322045897;2022-09=0.5246574809;2022-10=0.4729880003;2022-11=0.4691069705;2022-12=0.4598798114;2023-01=0.4209999282;2023-02=0.4294410769;2023-03=0.4436482919;2023-04=0.4663732916;2023-05=0.4795415599;2023-06=0.474370038;2023-07=0.4800815664;2023-08=0.4914145802;2023-09=0.4959790773;2023-10=0.5474483466;2023-11=0.5743921845;2023-12=0.5870362612;2024-01=0.5408711046;2024-02=0.5370110297;2024-03=0.4920575573;2024-04=0.5291484013;2024-05=0.5926298119;2024-06=0.5411893733;2024-07=0.5017331152;2024-08=0.4877827434;2024-09=0.5736887662;2024-10=0.5381881117;2024-11=0.4820549614;2024-12=0.3915912386;2025-01=0.4344059475;2025-02=0.4346153949;2025-03=0.5329227315;2025-04=0.4542514302;2025-05=0.4759302549;2025-06=0.4965099034;2025-07=0.3938982403;2025-08=0.4649815957;2025-09=0.5522210355;2025-10=0.5825723235;2025-11=0.4897419307;2025-12=0.5262388951;2026-01=0.6723842634;2026-02=0.6492899238;2026-03=0.599285445;2026-04=0.6060986464;2026-05=0.561635995;2026-06=0.5526897503;2026-07=0.6262068215,2020-06-30,0.610020250144703,2,0.4849782857281102,0.3932422591257947,0.4329908470802266,0.0,27,0.41882636997059985,0.5840622495190554,-0.17965812924828972,2.005967081835268,0.8181818181818182,11,202.2287783605179,0.5396243156135025,0.5409151427294385,0.4417567926932561,0.4551736569572926,2015-04-27~2016-06-13,2015-04-27,2016-06-13,1.185535031224651,1.1352466082366686,1.0,0,1.8769302591501071,2020-03-23,0.30737969955865435,2020-03-23,0.3073796995586543,2020-03-23,0.0,2014-05-13,0,1.577299405878023,247,7.0,5.0,0.6285469780461592,0.724666307365989,0.8772229843068426,1.43165277077952,1.6147342301786862,1.9369520353337897,0.7111407605070047,0.0,0.43724696356275305,6.295348456947676,124.40485829959515,1875,721,6.535991013633864,601088/000338/002128/000933/600585,4.551293121719603,0.629953417720481,3018764.8565860004,1.0062549521953335,6.55%（同期超额 +47.41%）
full,BASE,2014-11-01,trend_x5_w-0.0454_x1c_dtax_sma20_swap_corr1_tranche_slmin_gs1.1u_ma60stop_ca2_addma_swk20_cap0.6s_sp_gso_ebcap0.03r_c0.3h0.035_lot100_sig1_lrc3_BASE20141101,726427889.0488658,m3,2014-11-03,2026-08-28,1.2317746887029848,0.8500475010381585,1.8205372548131926,1.1256097912332923,0.44491288949324137,0.5455418288801799,0.4455576532235641,0.0,105,0.5635310390615298,0.49458844429124915,0.4365030291716836,0.3167397548345412,0.44723721699953856,1.2600271570469754,1.1235787394350147,0.0,81,2019-11=0.5140498044;2019-12=0.5039052258;2020-01=0.499922157;2020-02=0.4968892067;2020-03=0.3497408903;2020-04=0.3252124339;2020-05=0.3186613406;2020-06=0.3167397548;2020-07=0.4451356779;2020-08=0.4353595816;2020-09=0.40218756;2020-10=0.4039217502;2020-11=0.4945884443;2020-12=0.4952206107;2021-01=0.6652904321;2021-02=0.6869459865;2021-03=0.7145686902;2021-04=0.716128006;2021-05=0.7580407172;2021-06=0.7469331496;2021-07=0.6795087571;2021-08=0.7977029226;2021-09=0.8114386673;2021-10=0.6934856713;2021-11=0.6056834303;2021-12=0.7557940185;2022-01=0.7135064123;2022-02=0.7553044034;2022-03=0.7418185568;2022-04=0.7113701864;2022-05=0.6991003979;2022-06=0.6362977621;2022-07=0.5898200707;2022-08=0.5724368434;2022-09=0.5635310391;2022-10=0.5143156019;2022-11=0.4996176962;2022-12=0.4927534637;2023-01=0.4463961429;2023-02=0.4547515138;2023-03=0.4668501265;2023-04=0.4890709858;2023-05=0.4998753956;2023-06=0.4935566377;2023-07=0.4931802877;2023-08=0.4935160918;2023-09=0.5219830584;2023-10=0.6090447513;2023-11=0.6301193848;2023-12=0.6467931873;2024-01=0.5920144631;2024-02=0.5752164716;2024-03=0.5252846884;2024-04=0.5745589759;2024-05=0.6412732797;2024-06=0.5872865092;2024-07=0.5345216291;2024-08=0.5209820069;2024-09=0.6033190034;2024-10=0.5615715281;2024-11=0.5022742366;2024-12=0.4225339762;2025-01=0.4768666189;2025-02=0.470522462;2025-03=0.5786702314;2025-04=0.4996090855;2025-05=0.526207681;2025-06=0.5453843805;2025-07=0.4365030292;2025-08=0.5228917065;2025-09=0.6151607828;2025-10=0.6459355764;2025-11=0.5480040367;2025-12=0.5655103604;2026-01=0.7033440333;2026-02=0.6885371544;2026-03=0.6395089587;2026-04=0.6464488489;2026-05=0.5936396938;2026-06=0.5835277455;2026-07=0.6547548183,2020-06-30,0.6671317876719105,2,0.5081505276550413,0.42645710145689164,0.45197598898025604,0.0,21,0.3886769163854038,0.6371069771865415,-0.15620378240503774,2.112655520035918,0.8181818181818182,11,241.14262968295526,0.5913170834901122,0.5931796038761343,0.45091991321761105,0.46114492871750645,2015-04-27~2016-05-30,2015-04-27,2016-05-30,1.2822803562746066,1.1963454733891434,1.0,0,1.8660237575396068,2020-03-23,0.303331485064221,2020-03-23,0.30333148506422103,2020-03-23,-4.656612873077393e-10,2022-05-13,0,1.57373861224108,216,7.0,5.0,0.6290333970950087,0.7049252320494266,0.8623261149387331,1.4093613734512969,1.5621971706415316,2.049649728770691,0.6985190409026798,0.0,0.38425925925925924,8.520507238757782,143.64814814814815,1702,710,6.4714144720326,002128/601088/000933/600585/000338,3.7268872988962665,0.5041952898278362,3316849.416142801,1.1056164720476003,5.46%（同期超额 +53.67%）
full,BASE,2015-05-01,trend_x5_w-0.0454_x1c_dtax_sma20_swap_corr1_tranche_slmin_gs1.1u_ma60stop_ca2_addma_swk20_cap0.6s_sp_gso_ebcap0.03r_c0.3h0.035_lot100_sig1_lrc3_BASE20150501,408492593.3144085,m3,2015-05-04,2026-08-28,1.4052728665896972,0.8915992990893444,2.068327248802156,1.1589336665703018,0.4352756277873894,0.5673776190011928,0.45255387467325425,0.0,99,0.5951045498137761,0.5048602427627156,0.45903274659746884,0.3325289029197316,0.43564006298867053,1.3660464231207605,1.1392697991836567,0.0,75,2020-05=0.3325289029;2020-06=0.350408253;2020-07=0.4590327466;2020-08=0.4325834544;2020-09=0.396173763;2020-10=0.4090051109;2020-11=0.4933602798;2020-12=0.4757692153;2021-01=0.622532654;2021-02=0.6440779464;2021-03=0.6754579718;2021-04=0.6810669832;2021-05=0.7244621348;2021-06=0.7218485549;2021-07=0.6627253409;2021-08=0.7789821896;2021-09=0.7940765704;2021-10=0.6798877524;2021-11=0.5951045498;2021-12=0.7302149582;2022-01=0.6924680835;2022-02=0.7344861802;2022-03=0.7304344821;2022-04=0.7004497393;2022-05=0.68988762;2022-06=0.6392894001;2022-07=0.5973530228;2022-08=0.5781279954;2022-09=0.5698362919;2022-10=0.5186471197;2022-11=0.5048602428;2022-12=0.4979662044;2023-01=0.4517839956;2023-02=0.4597876012;2023-03=0.4719244854;2023-04=0.4947349613;2023-05=0.5054329274;2023-06=0.4990442097;2023-07=0.4989492144;2023-08=0.4984171438;2023-09=0.5259910586;2023-10=0.6149467818;2023-11=0.6375620385;2023-12=0.6526457392;2024-01=0.5994829164;2024-02=0.58158547;2024-03=0.5309648225;2024-04=0.5787283167;2024-05=0.6509028797;2024-06=0.5932694205;2024-07=0.5557798313;2024-08=0.5482286617;2024-09=0.6416512193;2024-10=0.6041963324;2024-11=0.5433587484;2024-12=0.4568571471;2025-01=0.5155632852;2025-02=0.5062247083;2025-03=0.6186912609;2025-04=0.5351762743;2025-05=0.5638528436;2025-06=0.5835905332;2025-07=0.4832950996;2025-08=0.5732076718;2025-09=0.670186968;2025-10=0.6915739719;2025-11=0.5984518683;2025-12=0.636832754;2026-01=0.7952783365;2026-02=0.7772531497;2026-03=0.7194061102;2026-04=0.7229594782;2026-05=0.6623273878;2026-06=0.6445673609;2026-07=0.7104653354,2020-05-29,0.6865953381280021,2,0.5541939692357758,0.46232707663044437,0.43564006298867053,0.0,15,0.5210502853078203,0.6961485221543687,-0.15451254633658473,2.118874961403914,0.8,10,135.1641977714695,0.5436548084751458,0.5452755625822419,0.43996225365014224,0.4481050385746791,2015-12-25~2016-05-30,2015-12-25,2016-05-30,1.2132307420697364,1.1460583511988092,1.0,0,1.866040955646634,2020-03-23,0.3033379058127293,2020-03-23,0.30333790581272924,2020-03-23,-3.637978807091713e-12,2016-07-26,0,1.5664146525770455,212,7.0,5.0,0.6268429584354678,0.6953307105677935,0.864453737218862,1.40006945260354,1.6007743124570224,2.0579307014209784,0.6811053024645257,0.0,0.3867924528301887,8.454421531176159,137.81132075471697,1586,559,6.58585598288147,002128/601088/600585/000338/688516,3.575899776384899,0.528676677117848,1838190.332662001,0.6127301108873336,-0.17%（同期超额 +54.54%）
full,BASE,2015-11-01,trend_x5_w-0.0454_x1c_dtax_sma20_swap_corr1_tranche_slmin_gs1.1u_ma60stop_ca2_addma_swk20_cap0.6s_sp_gso_ebcap0.03r_c0.3h0.035_lot100_sig1_lrc3_BASE20151101,430550379.2937061,m3,2015-11-02,2026-08-28,1.4293355868629478,0.8932436762556547,2.023002308498864,1.1384870101358229,0.4324935724654718,0.5813801912502061,0.4639141813826937,0.0,93,0.5941601087379456,0.5222121233830554,0.4902317664313922,0.44717183189144283,0.4352161135779641,1.3652070550726711,1.1539724970060603,0.0,69,2020-11=0.4913856568;2020-12=0.4708934534;2021-01=0.6167232417;2021-02=0.6382453478;2021-03=0.6694972039;2021-04=0.6748739079;2021-05=0.7184811167;2021-06=0.7160238252;2021-07=0.6560495597;2021-08=0.7710260974;2021-09=0.7871672328;2021-10=0.6731020962;2021-11=0.5925019903;2021-12=0.7281761122;2022-01=0.6906751604;2022-02=0.7317259633;2022-03=0.7263075043;2022-04=0.6966667078;2022-05=0.6854559151;2022-06=0.6319864341;2022-07=0.5911474929;2022-08=0.5723727371;2022-09=0.5641541967;2022-10=0.515198805;2022-11=0.5004131679;2022-12=0.4941533191;2023-01=0.4471718319;2023-02=0.4553458741;2023-03=0.4675093716;2023-04=0.4902317664;2023-05=0.5009184564;2023-06=0.4945921703;2023-07=0.4945521807;2023-08=0.494464561;2023-09=0.5222121234;2023-10=0.6103069798;2023-11=0.6315330909;2023-12=0.6477988034;2024-01=0.5941601087;2024-02=0.5773436147;2024-03=0.5277294064;2024-04=0.576649818;2024-05=0.6466084347;2024-06=0.591264723;2024-07=0.5377122169;2024-08=0.5269166633;2024-09=0.6224116263;2024-10=0.5826230216;2024-11=0.5274117519;2024-12=0.4531341676;2025-01=0.513001859;2025-02=0.5018438504;2025-03=0.6158600135;2025-04=0.5342315777;2025-05=0.5630606513;2025-06=0.5827674831;2025-07=0.4785078144;2025-08=0.5751719208;2025-09=0.6779622539;2025-10=0.6985833926;2025-11=0.6048641412;2025-12=0.6435665313;2026-01=0.8096401546;2026-02=0.7933987104;2026-03=0.7365684019;2026-04=0.7384790615;2026-05=0.6767645723;2026-06=0.6595520049;2026-07=0.7256263929,2023-01-31,0.6908379763437661,2,0.6975061283931763,0.5470381833701228,0.4352161135779641,0.0,9,0.5225242916038298,0.6987437752658948,-0.15129045697263366,2.112650205013282,0.8,10,142.51679309790205,0.5825021600701425,0.5844556412067927,0.45091126067150444,0.4493926392146953,2015-12-25~2016-05-30,2015-12-25,2016-05-30,1.2961987118615328,1.1852579121729656,1.0,0,1.8662818394312584,2020-03-23,0.30342782502980914,2020-03-23,0.30342782502980914,2020-03-23,0.0,2015-11-12,0,1.6311964484045545,198,7.0,5.0,0.6257850621392451,0.69623850269313,0.8625955354361433,1.4061799527149375,1.5910908266527077,2.050970746295689,0.6762917933130699,0.0,0.3282828282828283,11.114203219354225,144.17171717171718,1517,498,6.628529022483527,002128/601088/600585/688516/000338,3.6237031910349526,0.5305467345310314,1887822.8204460007,0.6292742734820003,2.83%（同期超额 +55.42%）
full,BASE,2016-05-01,trend_x5_w-0.0454_x1c_dtax_sma20_swap_corr1_tranche_slmin_gs1.1u_ma60stop_ca2_addma_swk20_cap0.6s_sp_gso_ebcap0.03r_c0.3h0.035_lot100_sig1_lrc3_BASE20160501,435645447.72858745,m3,2016-05-03,2026-08-28,1.2386645899326052,0.8518224126967443,2.1371963681477593,1.0728861291962017,0.4314141708546797,0.5171183078561641,0.4131247916187626,0.0,87,0.5183257359416671,0.4577403919291141,0.42559644917270245,0.36170553807951467,0.4406100450930044,1.1763820224122634,1.0471842692547333,0.0,63,2021-05=0.6808196088;2021-06=0.6602372781;2021-07=0.5741643148;2021-08=0.6823223143;2021-09=0.72404347;2021-10=0.6079299491;2021-11=0.5620352577;2021-12=0.6803137843;2022-01=0.6217848087;2022-02=0.6681541932;2022-03=0.6792211163;2022-04=0.6523758029;2022-05=0.6440978352;2022-06=0.5800923185;2022-07=0.5336517531;2022-08=0.520741316;2022-09=0.5129987241;2022-10=0.4577403919;2022-11=0.4557931059;2022-12=0.445549112;2023-01=0.4039675167;2023-02=0.4128473947;2023-03=0.4255964492;2023-04=0.4480345036;2023-05=0.4582360349;2023-06=0.4522496798;2023-07=0.458563826;2023-08=0.4702375156;2023-09=0.4761570815;2023-10=0.5248698842;2023-11=0.5507529322;2023-12=0.5629467875;2024-01=0.5193300438;2024-02=0.5133699616;2024-03=0.4701372361;2024-04=0.504633862;2024-05=0.562708177;2024-06=0.5140707762;2024-07=0.4807281196;2024-08=0.4674371544;2024-09=0.545564037;2024-10=0.5064220487;2024-11=0.446891492;2024-12=0.3617055381;2025-01=0.4047702331;2025-02=0.4039717629;2025-03=0.5025842173;2025-04=0.4289576105;2025-05=0.4513287748;2025-06=0.4726033188;2025-07=0.3655934187;2025-08=0.4438977522;2025-09=0.5392270548;2025-10=0.569822986;2025-11=0.4730384225;2025-12=0.5183257359;2026-01=0.6852397159;2026-02=0.6639829766;2026-03=0.6163817147;2026-04=0.6250334648;2026-05=0.5746187456;2026-06=0.5671376327;2026-07=0.642644008,2024-12-31,0.6084041614072304,2,0.6130159074604229,0.6080396697027379,0.4406100450930044,0.0,3,0.5084526164640057,0.6996365089669495,-0.06121355153710284,2.0057962102273255,0.8888888888888888,9,144.21514924286248,0.6200126345734553,0.6224513279113906,0.4392418577697549,0.4406100450930044,2021-09-22~2021-11-16,2021-09-22,2021-11-16,1.4071686323959829,1.2589785919524696,1.0,0,1.8768749877502726,2020-03-23,0.30735930283867613,2020-03-23,0.3073593028386761,2020-03-23,0.0,2016-05-25,0,1.638319206852878,180,7,6,0.6278954715600317,0.7005070558037678,0.8775752674290684,1.4124162505529094,1.5986729522410512,1.935598231388054,0.707453168593065,0.0,0.4222222222222222,7.103762080444091,154.2722222222222,1439,447,6.430187561359093,000338/002128/601088/688516/600585,3.753571711705776,0.5854521058984751,2034270.2898995986,0.6780900966331995,3.76%（同期超额 +58.24%）
full,STOPMAX,2009-11-01,trend_x5_w-0.0454_x1c_dtax_sma20_swap_corr1_tranche_slmax_gs1.1u_ma60stop_ca2_addma_swk20_cap0.6s_sp_gso_ebcap0.03r_c0.3h0.035_lot100_sig1_lrc3_STOPMAX20091101,84285693.65412311,m3,2009-11-02,2026-08-28,0.6089099964630456,0.006906682770927343,1.1394838831981242,0.6378642036348546,0.35126439832423706,0.2078412133060732,0.12321718831593809,0.09696969696969697,165,0.22746992043691106,0.15037413308076752,0.08405665817577601,0.027644649760730555,0.384722887690214,0.5729208730039487,0.6593754792575331,0.0,141,2014-11=0.04760218522;2014-12=0.08987451604;2015-01=0.06077331756;2015-02=0.07044255327;2015-03=0.1011863719;2015-04=0.130898832;2015-05=0.1327184679;2015-06=0.1238181402;2015-07=0.1210748152;2015-08=0.118459529;2015-09=0.1332590322;2015-10=0.07775517812;2015-11=0.06502930524;2015-12=0.09115025979;2016-01=0.05280296756;2016-02=0.04921368536;2016-03=0.050802132;2016-04=0.04591813649;2016-05=0.03187108026;2016-06=0.02764464976;2016-07=0.06166557453;2016-08=0.08405665818;2016-09=0.07184422456;2016-10=0.08340556328;2016-11=0.1296074441;2016-12=0.1022693521;2017-01=0.1107313289;2017-02=0.1015885131;2017-03=0.1545643923;2017-04=0.1440326953;2017-05=0.1418566191;2017-06=0.2176412936;2017-07=0.2504586413;2017-08=0.257147141;2017-09=0.2603366351;2017-10=0.2914596501;2017-11=0.3160938277;2017-12=0.2525078201;2018-01=0.2620819972;2018-02=0.2721220666;2018-03=0.2792243956;2018-04=0.3028515759;2018-05=0.2933354433;2018-06=0.2939339212;2018-07=0.3003416187;2018-08=0.287509048;2018-09=0.2032427093;2018-10=0.1896812691;2018-11=0.1767510614;2018-12=0.1731251063;2019-01=0.2170440308;2019-02=0.2609107973;2019-03=0.3140016376;2019-04=0.2913121697;2019-05=0.2711052934;2019-06=0.267234912;2019-07=0.2210581734;2019-08=0.2130800948;2019-09=0.185368284;2019-10=0.1948755516;2019-11=0.2118477419;2019-12=0.2350296796;2020-01=0.2430717477;2020-02=0.21503862;2020-03=0.1503741331;2020-04=0.1285402265;2020-05=0.128201275;2020-06=0.1366080328;2020-07=0.2204157727;2020-08=0.1984145493;2020-09=0.1953535425;2020-10=0.2084100616;2020-11=0.2849338801;2020-12=0.2759716604;2021-01=0.3960724486;2021-02=0.3631104626;2021-03=0.3688942966;2021-04=0.3544615521;2021-05=0.3783162704;2021-06=0.3967637153;2021-07=0.3820796195;2021-08=0.4025203708;2021-09=0.4165629721;2021-10=0.3551506601;2021-11=0.2986135835;2021-12=0.3164486046;2022-01=0.2890443853;2022-02=0.3207149037;2022-03=0.3139007208;2022-04=0.3065119296;2022-05=0.3228188756;2022-06=0.2966427784;2022-07=0.2514376581;2022-08=0.2255300105;2022-09=0.2289867715;2022-10=0.1713298296;2022-11=0.1412870807;2022-12=0.1698529042;2023-01=0.1467021875;2023-02=0.1590046015;2023-03=0.1699586753;2023-04=0.1907364382;2023-05=0.1920431751;2023-06=0.1974021675;2023-07=0.2054869238;2023-08=0.1948573445;2023-09=0.224545037;2023-10=0.2311694524;2023-11=0.2419201656;2023-12=0.224673894;2024-01=0.2274699204;2024-02=0.2095290747;2024-03=0.1752055352;2024-04=0.202504728;2024-05=0.2710967142;2024-06=0.2567021984;2024-07=0.2602913579;2024-08=0.2643475251;2024-09=0.3369980273;2024-10=0.3362177928;2024-11=0.2819143605;2024-12=0.2069761329;2025-01=0.2353266366;2025-02=0.2419404661;2025-03=0.2830893926;2025-04=0.2590246216;2025-05=0.2819345194;2025-06=0.3029081432;2025-07=0.2216753574;2025-08=0.2910843422;2025-09=0.3407739867;2025-10=0.364263814;2025-11=0.2905672911;2025-12=0.303732806;2026-01=0.306423148;2026-02=0.3395779364;2026-03=0.3102620674;2026-04=0.3598787862;2026-05=0.3381645771;2026-06=0.3053704465;2026-07=0.3000047956,2016-06-30,0.3000047956213747,3,0.22257611794287047,0.15775796598810654,0.4484559491017971,0.0,81,0.167265840259345,0.2653656297159737,-0.1853418130566491,1.0968764501894235,0.6875,16,27.095231218041036,0.21936206921773316,0.22023429682553508,0.35662704050743765,0.4484559491017971,2021-09-22~2022-11-24,2021-09-22,2022-11-24,0.48914964704356984,0.6504111944410297,0.9845890410958904,0,2.2024548521083336,2021-09-29,0.4097495352717196,2021-09-29,0.40974953527171953,2021-09-29,0.0,2010-09-06,0,1.1525932570549875,814,6,3,0.5971396344133284,0.6625034238875911,0.8394438659188825,1.1823630581004463,1.4873171183415832,1.794183358493096,0.48009036995199095,0.0,0.3046683046683047,5.754576520174098,40.81695331695332,5146,1436,23.023581503598354,002466/000651/000338/002128/600660,2.606356015635148,0.4902516392687892,2222322.695762003,0.7407742319206676,1.96%（同期超额 +19.98%）
full,STOPMAX,2010-05-01,trend_x5_w-0.0454_x1c_dtax_sma20_swap_corr1_tranche_slmax_gs1.1u_ma60stop_ca2_addma_swk20_cap0.6s_sp_gso_ebcap0.03r_c0.3h0.035_lot100_sig1_lrc3_STOPMAX20100501,89747041.9608164,m3,2010-05-04,2026-08-28,0.6267130332435601,0.07336296894717832,1.1443684648145955,0.6461818763670226,0.35239156879260236,0.2215722533922977,0.14154178416141616,0.0880503144654088,159,0.23536231023442844,0.16807667331367626,0.11187177833345974,0.03748210198653634,0.3847268864956621,0.5832238925919948,0.6671254946065089,0.0,135,2015-05=0.1429683785;2015-06=0.1340235958;2015-07=0.1312430829;2015-08=0.128608088;2015-09=0.1435644268;2015-10=0.08751113337;2015-11=0.07468675404;2015-12=0.1012844285;2016-01=0.06247313156;2016-02=0.05883362231;2016-03=0.0604411834;2016-04=0.05551938028;2016-05=0.04174810514;2016-06=0.03748210199;2016-07=0.07189136255;2016-08=0.09441253073;2016-09=0.08191988847;2016-10=0.09347938242;2016-11=0.1401089391;2016-12=0.1125079807;2017-01=0.1210807803;2017-02=0.1118717783;2017-03=0.1654088488;2017-04=0.1547752056;2017-05=0.1525611678;2017-06=0.2290436105;2017-07=0.2622039379;2017-08=0.2689305465;2017-09=0.2721474968;2017-10=0.3035100738;2017-11=0.3280873077;2017-12=0.2642015552;2018-01=0.2731925006;2018-02=0.2834535711;2018-03=0.2852426392;2018-04=0.3040379247;2018-05=0.2942538934;2018-06=0.294950865;2018-07=0.3013666881;2018-08=0.2885308147;2018-09=0.204183095;2018-10=0.1906447966;2018-11=0.177728883;2018-12=0.1741281827;2019-01=0.2181024682;2019-02=0.2620435181;2019-03=0.3154746814;2019-04=0.2925691745;2019-05=0.2722557559;2019-06=0.2683266849;2019-07=0.2219779371;2019-08=0.2135014543;2019-09=0.1856251309;2019-10=0.1952005031;2019-11=0.2121551233;2019-12=0.2353623102;2020-01=0.2433644789;2020-02=0.2152653736;2020-03=0.1506169926;2020-04=0.1288263072;2020-05=0.1284768301;2020-06=0.1374562342;2020-07=0.2213810355;2020-08=0.1976851051;2020-09=0.1953909513;2020-10=0.2078602848;2020-11=0.2847572875;2020-12=0.2728483096;2021-01=0.3930415239;2021-02=0.3600194613;2021-03=0.3657932436;2021-04=0.3513878498;2021-05=0.3746744228;2021-06=0.393064692;2021-07=0.3783596616;2021-08=0.3988690351;2021-09=0.4130917271;2021-10=0.351961007;2021-11=0.2955521044;2021-12=0.3133546916;2022-01=0.2860161321;2022-02=0.3175903479;2022-03=0.3107638908;2022-04=0.3034043495;2022-05=0.3196967469;2022-06=0.2936679243;2022-07=0.2482193417;2022-08=0.222118143;2022-09=0.2255598402;2022-10=0.1680766733;2022-11=0.1381153749;2022-12=0.1666063356;2023-01=0.1435199277;2023-02=0.1554483201;2023-03=0.1701658228;2023-04=0.1939630649;2023-05=0.1939394002;2023-06=0.1996993011;2023-07=0.2076236668;2023-08=0.1976193611;2023-09=0.2272892292;2023-10=0.2336386198;2023-11=0.2443857948;2023-12=0.2271345334;2024-01=0.2299369696;2024-02=0.2119282448;2024-03=0.1775283716;2024-04=0.2048376251;2024-05=0.2723902028;2024-06=0.2585560035;2024-07=0.262268724;2024-08=0.2664069766;2024-09=0.3390046215;2024-10=0.3382287787;2024-11=0.2850941615;2024-12=0.2096231469;2025-01=0.2378040174;2025-02=0.245038253;2025-03=0.2858906047;2025-04=0.261753581;2025-05=0.2847074868;2025-06=0.305008812;2025-07=0.223594771;2025-08=0.2949528101;2025-09=0.3439008326;2025-10=0.3681405199;2025-11=0.2938257832;2025-12=0.3100052613;2026-01=0.3124161558;2026-02=0.3457728536;2026-03=0.3156957538;2026-04=0.3648901785;2026-05=0.3396577346;2026-06=0.3075011477;2026-07=0.3021197074,2016-06-30,0.30211970741420835,3,0.23006173730912072,0.1839863093806573,0.44968789409826304,0.0,75,0.17886772793621586,0.2736576144025602,-0.1853559009872513,1.0985592476007637,0.6666666666666666,15,28.915680653605467,0.23153946572064799,0.2325417701439001,0.3622176571062421,0.44968789409826304,2021-09-22~2022-11-24,2021-09-22,2022-11-24,0.514889257103402,0.6725576681354001,1.0,0,2.202443728580953,2021-09-29,0.40974655418887934,2021-09-29,0.4097465541888794,2021-09-29,-2.9103830456733704e-11,2022-08-22,0,1.18501923422281,814,6,3,0.5984558310288304,0.664602923290513,0.8402056582017369,1.1959632678819712,1.4834484404833288,1.7941799026956566,0.48803689824156815,0.0,0.29606879606879605,5.957323089064973,40.41154791154791,5115,1414,23.27545512359457,002466/000651/000338/002128/600660,2.6023732355945755,0.48449706003323084,2386825.1530679995,0.7956083843559998,2.75%（同期超额 +20.40%）
full,STOPMAX,2010-11-01,trend_x5_w-0.0454_x1c_dtax_sma20_swap_corr1_tranche_slmax_gs1.1u_ma60stop_ca2_addma_swk20_cap0.6s_sp_gso_ebcap0.03r_c0.3h0.035_lot100_sig1_lrc3_STOPMAX20101101,70381618.45677873,m3,2010-11-01,2026-08-28,0.643981808079647,0.10102051554399394,1.1510765670837901,0.6568325634472565,0.34980069315319673,0.22493645031144194,0.15393342232134888,0.058823529411764705,153,0.24768963487050066,0.18571660567667925,0.10245729302047768,0.028649254380038514,0.3847354644504052,0.6127772742616484,0.6855549581754656,0.0,129,2015-11=0.06562209087;2015-12=0.09178392852;2016-01=0.05340245583;2016-02=0.04981074693;2016-03=0.0514135651;2016-04=0.0465218689;2016-05=0.03286837675;2016-06=0.02864925438;2016-07=0.06273095195;2016-08=0.08506684409;2016-09=0.07282007475;2016-10=0.08426635244;2016-11=0.1304947328;2016-12=0.1031336687;2017-01=0.1115959457;2017-02=0.102457293;2017-03=0.1554458852;2017-04=0.1449139759;2017-05=0.1427307626;2017-06=0.218553902;2017-07=0.2514302703;2017-08=0.2581013989;2017-09=0.261288757;2017-10=0.29236646;2017-11=0.3170157599;2017-12=0.253405147;2018-01=0.2630041351;2018-02=0.2730521812;2018-03=0.2801907577;2018-04=0.303725012;2018-05=0.2942343017;2018-06=0.2948125923;2018-07=0.3012207084;2018-08=0.2883827736;2018-09=0.2040527195;2018-10=0.1904965014;2018-11=0.1775589942;2018-12=0.173980101;2019-01=0.217912665;2019-02=0.2617559542;2019-03=0.3151080363;2019-04=0.2922354266;2019-05=0.2719149073;2019-06=0.2679824516;2019-07=0.2216714286;2019-08=0.2135710526;2019-09=0.1857166057;2019-10=0.1950911871;2019-11=0.212615338;2019-12=0.2357571492;2020-01=0.243939401;2020-02=0.2155899028;2020-03=0.1509080613;2020-04=0.1290897289;2020-05=0.1287784697;2020-06=0.1368447429;2020-07=0.2206399144;2020-08=0.1985965121;2020-09=0.195563004;2020-10=0.2085738009;2020-11=0.285131836;2020-12=0.276036516;2021-01=0.3961603252;2021-02=0.3631858256;2021-03=0.3689612024;2021-04=0.3545333143;2021-05=0.3778578021;2021-06=0.3962817228;2021-07=0.3815607297;2021-08=0.4021097023;2021-09=0.4161867548;2021-10=0.3549461839;2021-11=0.2984169968;2021-12=0.3162494946;2022-01=0.2888608402;2022-02=0.3204806259;2022-03=0.3136140512;2022-04=0.3062162182;2022-05=0.3225355602;2022-06=0.2964492952;2022-07=0.2511270459;2022-08=0.2257171559;2022-09=0.2291843186;2022-10=0.171516281;2022-11=0.1414813701;2022-12=0.1700485129;2023-01=0.1468095307;2023-02=0.1589550816;2023-03=0.1734674015;2023-04=0.1972668857;2023-05=0.1973726109;2023-06=0.202896126;2023-07=0.2108434753;2023-08=0.200795369;2023-09=0.230550631;2023-10=0.2369110014;2023-11=0.2476896349;2023-12=0.230384632;2024-01=0.2332177488;2024-02=0.2151996827;2024-03=0.181750626;2024-04=0.2099015291;2024-05=0.277564748;2024-06=0.263321605;2024-07=0.2673244967;2024-08=0.271889509;2024-09=0.3447138669;2024-10=0.3440946967;2024-11=0.2901335371;2024-12=0.2144506258;2025-01=0.2425896002;2025-02=0.250039022;2025-03=0.2875598708;2025-04=0.2609183445;2025-05=0.2856239579;2025-06=0.3079307989;2025-07=0.2262891191;2025-08=0.2985634078;2025-09=0.3507434205;2025-10=0.3679594415;2025-11=0.2930394261;2025-12=0.3048322502;2026-01=0.3066226283;2026-02=0.3401561336;2026-03=0.3112320552;2026-04=0.360956083;2026-05=0.3382159022;2026-06=0.3050834809;2026-07=0.2997051375,2016-06-30,0.2997051374638029,3,0.2325575427670572,0.19709690246328404,0.44750037151234434,0.0,69,0.1301746148448477,0.26835359897834654,-0.18534022089201985,1.0373270949889335,0.6666666666666666,15,22.46053948559291,0.22070139194674,0.22149736362578198,0.3647959766784036,0.44750037151234434,2021-09-22~2022-11-24,2021-09-22,2022-11-24,0.49318705859588746,0.6458913776093753,1.0,0,2.2024867037624287,2021-09-29,0.4097580712840368,2021-09-29,0.40975807128403685,2021-09-29,-7.275957614183426e-12,2015-03-23,0,1.2051211549212062,807,6,3,0.5998115913420337,0.6669560480019953,0.840424352380738,1.2024447303228123,1.4911133460937975,1.794123395462301,0.4986737400530504,0.0,0.28872366790582404,6.126311433039558,40.10780669144982,5056,1365,23.33337400398187,002466/000651/000338/002128/000933,2.547528606260644,0.4976597863143161,1878621.2901519972,0.6262070967173324,1.93%（同期超额 +20.14%）
full,STOPMAX,2011-05-01,trend_x5_w-0.0454_x1c_dtax_sma20_swap_corr1_tranche_slmax_gs1.1u_ma60stop_ca2_addma_swk20_cap0.6s_sp_gso_ebcap0.03r_c0.3h0.035_lot100_sig1_lrc3_STOPMAX20110501,70210428.47726369,m3,2011-05-03,2026-08-28,0.6703221685430484,0.21260900231757368,1.1560197864268724,0.6686393043501054,0.34332322944505755,0.2321961490191755,0.15653957835496746,0.02040816326530612,147,0.25115415160805066,0.1962136427270882,0.1382180715835133,0.026962252375216877,0.3846279230055678,0.634252499054142,0.7054442430617562,0.0,123,2016-05=0.03116212708;2016-06=0.02696225238;2016-07=0.06100342638;2016-08=0.08330146386;2016-09=0.07108063587;2016-10=0.08251688323;2016-11=0.1287097482;2016-12=0.1014007274;2017-01=0.1098516723;2017-02=0.1006633721;2017-03=0.1540830514;2017-04=0.1444216325;2017-05=0.142500772;2017-06=0.2183383309;2017-07=0.2511541516;2017-08=0.2578254825;2017-09=0.2610102009;2017-10=0.2920730226;2017-11=0.3167403864;2017-12=0.2531298775;2018-01=0.262685378;2018-02=0.2727138335;2018-03=0.2798323635;2018-04=0.3034911822;2018-05=0.2939904951;2018-06=0.2945877166;2018-07=0.3009979778;2018-08=0.2881503338;2018-09=0.2038017727;2018-10=0.1902831836;2018-11=0.1773291507;2018-12=0.1736956018;2019-01=0.2176252053;2019-02=0.2614425746;2019-03=0.3147763937;2019-04=0.2918986391;2019-05=0.2729954111;2019-06=0.2692138453;2019-07=0.2227834603;2019-08=0.2145126571;2019-09=0.186336943;2019-10=0.1962904801;2019-11=0.2132422689;2019-12=0.2364368481;2020-01=0.2444356037;2020-02=0.2169287321;2020-03=0.152136469;2020-04=0.1304524091;2020-05=0.1301173896;2020-06=0.1382180716;2020-07=0.2214669126;2020-08=0.1992858879;2020-09=0.1962136427;2020-10=0.2092879843;2020-11=0.2859141181;2020-12=0.2766455613;2021-01=0.3969331255;2021-02=0.363925509;2021-03=0.3697030436;2021-04=0.3552681612;2021-05=0.3785933238;2021-06=0.3970077947;2021-07=0.3822706323;2021-08=0.4028144521;2021-09=0.4168839512;2021-10=0.3556043883;2021-11=0.2990256494;2021-12=0.3168537517;2022-01=0.289448552;2022-02=0.3211669059;2022-03=0.3136848133;2022-04=0.3053091092;2022-05=0.3213040226;2022-06=0.2951528166;2022-07=0.2503601526;2022-08=0.224912718;2022-09=0.2283618809;2022-10=0.1707701748;2022-11=0.140751513;2022-12=0.1688723406;2023-01=0.1458662967;2023-02=0.1581234113;2023-03=0.1707311314;2023-04=0.1934510731;2023-05=0.1939640003;2023-06=0.1998685717;2023-07=0.2077563631;2023-08=0.1977418679;2023-09=0.2274099172;2023-10=0.2337554192;2023-11=0.2445000341;2023-12=0.2272465542;2024-01=0.2300981654;2024-02=0.2121283732;2024-03=0.1777429157;2024-04=0.2051174535;2024-05=0.2738200629;2024-06=0.259383049;2024-07=0.2629753238;2024-08=0.2670432877;2024-09=0.3398492156;2024-10=0.3390651039;2024-11=0.2850857323;2024-12=0.2091376428;2025-01=0.2364291363;2025-02=0.2442886258;2025-03=0.284808605;2025-04=0.2604741456;2025-05=0.2833746321;2025-06=0.3047596783;2025-07=0.2238035078;2025-08=0.2945378524;2025-09=0.3450579116;2025-10=0.3677366374;2025-11=0.2935792612;2025-12=0.3071798266;2026-01=0.3090113557;2026-02=0.3413994092;2026-03=0.3122734654;2026-04=0.3620051028;2026-05=0.3403532512;2026-06=0.30751115;2026-07=0.3021218523,2016-06-30,0.3021218523066034,3,0.236532912727357,0.20431058664797308,0.4467852039046355,0.0,63,0.16978530852491647,0.29654783167186116,-0.18529114912743994,1.0956568388568373,0.7142857142857143,14,22.403476159087898,0.22849305192255365,0.22932973655006816,0.3702715056212147,0.4467852039046355,2021-09-22~2022-11-24,2021-09-22,2022-11-24,0.5114158882739648,0.6597778645923076,1.0,0,2.2024710161390875,2021-09-29,0.40975386714559864,2021-09-29,0.4097538671455987,2021-09-29,-2.9103830456733704e-11,2022-08-22,0,1.2390395585825194,809,6.0,3.0,0.601248321091319,0.667048725897926,0.8399903885877548,1.2044563950909986,1.4955029024030861,1.7939849253896738,0.5084388185654009,0.0,0.29295426452410384,6.077108228744981,40.26205191594561,5007,1328,23.332561112678,002466/000651/000338/002128/000933,2.535723358428057,0.4960829647894512,1841739.0814469953,0.6139130271489984,2.52%（同期超额 +20.33%）
full,STOPMAX,2011-11-01,trend_x5_w-0.0454_x1c_dtax_sma20_swap_corr1_tranche_slmax_gs1.1u_ma60stop_ca2_addma_swk20_cap0.6s_sp_gso_ebcap0.03r_c0.3h0.035_lot100_sig1_lrc3_STOPMAX20111101,78687259.66092469,m3,2011-11-01,2026-08-28,0.687924485273881,0.33244943795938475,1.1405008216944383,0.6768622361767955,0.34364834690822743,0.23363642931752726,0.17117637999228497,0.0070921985815602835,141,0.26157746649700186,0.20140658043598614,0.15199376739872394,0.11085446888608796,0.38470362634763156,0.6306669670086017,0.7239829553262803,0.0,117,2016-11=0.140096719;2016-12=0.1120040528;2017-01=0.1202912017;2017-02=0.1108544689;2017-03=0.1637135601;2017-04=0.1534919074;2017-05=0.1519937674;2017-06=0.2286220258;2017-07=0.2615821963;2017-08=0.2683860993;2017-09=0.2714532639;2017-10=0.3028650079;2017-11=0.3276862669;2017-12=0.2635722932;2018-01=0.2730740494;2018-02=0.2832097005;2018-03=0.2849485334;2018-04=0.3037310392;2018-05=0.293971603;2018-06=0.2946369173;2018-07=0.3010540092;2018-08=0.2882172608;2018-09=0.2038739608;2018-10=0.1903199625;2018-11=0.1773668944;2018-12=0.173752225;2019-01=0.2176930186;2019-02=0.2615774665;2019-03=0.3149200812;2019-04=0.2920429739;2019-05=0.2717266072;2019-06=0.2677890704;2019-07=0.2214219518;2019-08=0.212951353;2019-09=0.1849894706;2019-10=0.1944387712;2019-11=0.211402751;2019-12=0.2345833206;2020-01=0.2426198692;2020-02=0.2146200878;2020-03=0.1500137368;2020-04=0.1283808178;2020-05=0.1279971555;2020-06=0.137142894;2020-07=0.2203834798;2020-08=0.1960202522;2020-09=0.1932430122;2020-10=0.2058909922;2020-11=0.283184285;2020-12=0.2710880363;2021-01=0.3907257289;2021-02=0.3550133079;2021-03=0.3607797133;2021-04=0.3465183057;2021-05=0.3700513476;2021-06=0.3883818393;2021-07=0.3737350947;2021-08=0.3942014623;2021-09=0.4083796966;2021-10=0.3474534475;2021-11=0.2912499623;2021-12=0.3092781683;2022-01=0.2820334117;2022-02=0.3135548998;2022-03=0.3073163462;2022-04=0.2995204346;2022-05=0.3149590082;2022-06=0.288063003;2022-07=0.2414944823;2022-08=0.2164386141;2022-09=0.2199946191;2022-10=0.1627600515;2022-11=0.1330050258;2022-12=0.1609561105;2023-01=0.1381400881;2023-02=0.1501327848;2023-03=0.1646152153;2023-04=0.1882513951;2023-05=0.1883290945;2023-06=0.1938799016;2023-07=0.2022461093;2023-08=0.19190033;2023-09=0.2215918897;2023-10=0.2284875629;2023-11=0.2391892097;2023-12=0.2217323164;2024-01=0.2245357012;2024-02=0.2066169666;2024-03=0.1734053643;2024-04=0.2014065804;2024-05=0.2697517725;2024-06=0.2549928917;2024-07=0.2588370001;2024-08=0.2632739268;2024-09=0.3357120551;2024-10=0.3350011548;2024-11=0.2808123053;2024-12=0.2059099557;2025-01=0.2342204108;2025-02=0.2408366321;2025-03=0.2826452453;2025-04=0.2590397186;2025-05=0.2820378544;2025-06=0.3023383232;2025-07=0.2217267253;2025-08=0.2936291684;2025-09=0.3431863586;2025-10=0.3670600362;2025-11=0.292292553;2025-12=0.308438049;2026-01=0.3112791809;2026-02=0.3474119934;2026-03=0.317923431;2026-04=0.3684325511;2026-05=0.3435501482;2026-06=0.3112373066;2026-07=0.305829353,2017-02-28,0.3397822238110494,2,0.23913649036390394,0.20661618974481466,0.45248720544208587,0.0,57,0.19427338023227003,0.2999208439280618,-0.18542693233734076,1.1065883314397418,0.7142857142857143,14,25.22908655364156,0.2465702624497521,0.24761877562456647,0.37628475691664837,0.45248720544208587,2021-09-22~2022-11-24,2021-09-22,2022-11-24,0.5449220651639194,0.6952368178170075,1.0,0,2.202438010896749,2021-09-29,0.4097450218493598,2021-09-29,0.4097450218493598,2021-09-29,-4.656612873077393e-10,2026-01-26,0,1.2763470473307794,800,6,4,0.6010904486309678,0.6681261090548091,0.839850527445718,1.2105030454982373,1.4871031968203305,1.7937332625209501,0.5068576653459311,0.0,0.29375,6.12652004169719,40.56125,4956,1325,23.459125482042705,002466/000651/000338/002128/000933,2.565689460698615,0.49240720600719123,2056943.738499999,0.685647912833333,3.82%（同期超额 +20.83%）
full,STOPMAX,2012-05-01,trend_x5_w-0.0454_x1c_dtax_sma20_swap_corr1_tranche_slmax_gs1.1u_ma60stop_ca2_addma_swk20_cap0.6s_sp_gso_ebcap0.03r_c0.3h0.035_lot100_sig1_lrc3_STOPMAX20120501,84214947.44065633,m3,2012-05-02,2026-08-28,0.6908275755169458,0.34043244700475256,1.1468456718196136,0.6936405896169971,0.3516763504483962,0.24451743072841658,0.17626562006755675,0.007407407407407408,135,0.2643114248713685,0.2054363205522478,0.1722696580807619,0.12771572170606804,0.3847200459843557,0.6514086405099558,0.7286144963609184,0.0,111,2017-05=0.1531602117;2017-06=0.2291790632;2017-07=0.2623465955;2017-08=0.2690670701;2017-09=0.2722685094;2017-10=0.3036659017;2017-11=0.3285113525;2017-12=0.2643114249;2018-01=0.2740508038;2018-02=0.2841818581;2018-03=0.2859450219;2018-04=0.3047415031;2018-05=0.2949187413;2018-06=0.2956308408;2018-07=0.3020518343;2018-08=0.2891884996;2018-09=0.2047599076;2018-10=0.1914039685;2018-11=0.1778485395;2018-12=0.1738651873;2019-01=0.2178370754;2019-02=0.2616782248;2019-03=0.3148914223;2019-04=0.2920191155;2019-05=0.2716192145;2019-06=0.267710983;2019-07=0.2224324876;2019-08=0.215576653;2019-09=0.1849478657;2019-10=0.1936413299;2019-11=0.2106050608;2019-12=0.2337930563;2020-01=0.2417532585;2020-02=0.2143736333;2020-03=0.149743051;2020-04=0.1280312215;2020-05=0.1277157217;2020-06=0.1367606806;2020-07=0.2199560493;2020-08=0.1955837164;2020-09=0.1928029323;2020-10=0.2054363206;2020-11=0.2820689886;2020-12=0.2709688176;2021-01=0.3905785075;2021-02=0.3548825009;2021-03=0.3606407114;2021-04=0.3463771512;2021-05=0.3698898746;2021-06=0.3882056476;2021-07=0.3735352998;2021-08=0.3939520631;2021-09=0.4081242007;2021-10=0.3472079865;2021-11=0.2909934191;2021-12=0.3090235561;2022-01=0.2817751337;2022-02=0.3132430352;2022-03=0.3064403898;2022-04=0.2990943819;2022-05=0.3153209555;2022-06=0.2886101405;2022-07=0.2431653603;2022-08=0.21750313;2022-09=0.2209387357;2022-10=0.16366425;2022-11=0.1338160161;2022-12=0.162191418;2023-01=0.1388911735;2023-02=0.1509640399;2023-03=0.1651200237;2023-04=0.1887410569;2023-05=0.1888335871;2023-06=0.1943191143;2023-07=0.2022032544;2023-08=0.1922522329;2023-09=0.2217938539;2023-10=0.228112523;2023-11=0.2388162826;2023-12=0.2216269324;2024-01=0.2244275909;2024-02=0.2065215098;2024-03=0.1722696581;2024-04=0.1995136402;2024-05=0.2679293189;2024-06=0.2535688543;2024-07=0.2571400348;2024-08=0.2611811155;2024-09=0.3336464955;2024-10=0.3328779441;2024-11=0.2790988378;2024-12=0.2034474012;2025-01=0.2306429096;2025-02=0.238435572;2025-03=0.2780376662;2025-04=0.2540636195;2025-05=0.2768246319;2025-06=0.2969584323;2025-07=0.2166580057;2025-08=0.2883459437;2025-09=0.3375779113;2025-10=0.3615323961;2025-11=0.2880212699;2025-12=0.3017209348;2026-01=0.3038338962;2026-02=0.3396301518;2026-03=0.3082549723;2026-04=0.3572235738;2026-05=0.334602281;2026-06=0.3018227691;2026-07=0.2964939535,2020-05-29,0.33501462662652925,2,0.24106037613821907,0.20961900348766327,0.4509760460127207,0.0,51,0.20871943747345068,0.3247796210507659,-0.18534010661561695,1.0762278152351694,0.7692307692307693,13,27.071649146885445,0.2621879839614045,0.2630735417420147,0.3807036923313043,0.4509760460127207,2021-09-22~2022-11-24,2021-09-22,2022-11-24,0.5813789585489625,0.7244454577546128,1.0,0,2.202440227393302,2021-09-29,0.40974561587143965,2021-09-29,0.40974561587143965,2021-09-29,0.0,2012-05-16,0,1.2964672393295165,783,6,4.0,0.6010238821809778,0.6681603937232636,0.8397795814955028,1.2107030218913701,1.4909286528423684,1.7941744211099704,0.5085643101837434,0.0,0.30140485312899107,5.788397104226868,40.96807151979566,4881,1296,23.549469815669728,002466/000651/000338/002128/000933,2.5466022270269786,0.4874681325135497,2248249.2153220046,0.7494164051073349,4.00%（同期超额 +22.22%）
full,STOPMAX,2012-11-01,trend_x5_w-0.0454_x1c_dtax_sma20_swap_corr1_tranche_slmax_gs1.1u_ma60stop_ca2_addma_swk20_cap0.6s_sp_gso_ebcap0.03r_c0.3h0.035_lot100_sig1_lrc3_STOPMAX20121101,102749389.18333414,m3,2012-11-01,2026-08-28,0.6855342221971191,0.34050580504962374,1.2223585018029732,0.6887343910034036,0.35433976787504384,0.24407045105576852,0.17460141829362774,0.007751937984496124,129,0.26454267073327475,0.2103286785011531,0.17351579709989706,0.12831648021140718,0.40988399600656444,0.6438977091390558,0.7349122391040219,0.0,105,2017-11=0.3154895957;2017-12=0.2516418412;2018-01=0.2645426707;2018-02=0.2726325079;2018-03=0.280558288;2018-04=0.3041419382;2018-05=0.2946070381;2018-06=0.2952331532;2018-07=0.3016477728;2018-08=0.2887754289;2018-09=0.2043889737;2018-10=0.1910334807;2018-11=0.1774812638;2018-12=0.1735157971;2019-01=0.2174817923;2019-02=0.2613396623;2019-03=0.3144152013;2019-04=0.2915285012;2019-05=0.2711960787;2019-06=0.2673121649;2019-07=0.2211036994;2019-08=0.213111814;2019-09=0.1854888;2019-10=0.1950174045;2019-11=0.2119767286;2019-12=0.2352115019;2020-01=0.2431637978;2020-02=0.2150792606;2020-03=0.1504240952;2020-04=0.1286517244;2020-05=0.1283164802;2020-06=0.1367302656;2020-07=0.2205343618;2020-08=0.1982424909;2020-09=0.1955260593;2020-10=0.2088356011;2020-11=0.285552508;2020-12=0.2765370077;2021-01=0.3969195748;2021-02=0.3639466037;2021-03=0.3697277067;2021-04=0.3552870331;2021-05=0.3786169836;2021-06=0.3970645698;2021-07=0.3822742328;2021-08=0.402833397;2021-09=0.4170967764;2021-10=0.3557987228;2021-11=0.2992200805;2021-12=0.3170636675;2022-01=0.2896383602;2022-02=0.3213079879;2022-03=0.3144520409;2022-04=0.3070524334;2022-05=0.3234203189;2022-06=0.2973273215;2022-07=0.2504127252;2022-08=0.2248125525;2022-09=0.228260348;2022-10=0.1706302701;2022-11=0.1406019733;2022-12=0.1687026534;2023-01=0.1457098437;2023-02=0.1577839671;2023-03=0.1723695589;2023-04=0.196152593;2023-05=0.1966594806;2023-06=0.2023873305;2023-07=0.2103286785;2023-08=0.2003129514;2023-09=0.2300677993;2023-10=0.2364308598;2023-11=0.2472058219;2023-12=0.2298921147;2024-01=0.2326992085;2024-02=0.2146730736;2024-03=0.1802066114;2024-04=0.208030751;2024-05=0.2736448403;2024-06=0.2596068391;2024-07=0.2633105432;2024-08=0.2674273523;2024-09=0.3400853322;2024-10=0.339360985;2024-11=0.2849955556;2024-12=0.2098368997;2025-01=0.2382377324;2025-02=0.2449108015;2025-03=0.286926995;2025-04=0.2632220674;2025-05=0.2862742303;2025-06=0.3073660278;2025-07=0.2258720996;2025-08=0.2957835955;2025-09=0.345354649;2025-10=0.3685396237;2025-11=0.2945319113;2025-12=0.3078619712;2026-01=0.3103129982;2026-02=0.3435059621;2026-03=0.3136228001;2026-04=0.3627038195;2026-05=0.3399093105;2026-06=0.3065172584;2026-07=0.3011795864,2020-05-29,0.3417269096062391,2,0.2446701514440257,0.20942744053237727,0.45138170917120235,0.0,45,0.2123842830976963,0.32519509771520955,-0.185369630556521,1.1101192966685072,0.7692307692307693,13,33.249796394444715,0.29134050926020794,0.29264294460645623,0.384447178569518,0.45138170917120235,2021-09-22~2022-11-24,2021-09-22,2022-11-24,0.6454415483408674,0.7816582486483048,1.0,0,2.20243675600553,2021-09-29,0.4097446855374148,2021-09-29,0.40974468553741483,2021-09-29,-1.1641532182693481e-10,2020-09-18,0,1.314796348762359,768,6.0,4.0,0.602115896241427,0.6698857183352359,0.8396504755322107,1.2136821094720696,1.4982782971892923,1.7941370791704114,0.5164516129032258,0.0,0.2955729166666667,6.101527751032766,41.02734375,4747,1277,23.573113285739907,002466/000651/002128/000338/000933,2.617590393646549,0.4938445810532869,2677297.407457995,0.892432469152665,5.33%（同期超额 +23.81%）
full,STOPMAX,2013-05-01,trend_x5_w-0.0454_x1c_dtax_sma20_swap_corr1_tranche_slmax_gs1.1u_ma60stop_ca2_addma_swk20_cap0.6s_sp_gso_ebcap0.03r_c0.3h0.035_lot100_sig1_lrc3_STOPMAX20130501,91088586.25480258,m3,2013-05-02,2026-08-28,0.6828425501300056,0.34762158680633204,1.221746568168013,0.6964905700805535,0.3526240392032636,0.23764920174675286,0.17643891550024504,0.008130081300813009,123,0.2584320248868599,0.20188054481029605,0.1647832421288209,0.12828310096843065,0.4098492704774933,0.6232148747286979,0.7178989614179553,0.0,99,2018-05=0.292244664;2018-06=0.2920628118;2018-07=0.2984539205;2018-08=0.2856404613;2018-09=0.2014822873;2018-10=0.1879781672;2018-11=0.1750863384;2018-12=0.171497793;2019-01=0.2153631307;2019-02=0.259146519;2019-03=0.3121175962;2019-04=0.2894553761;2019-05=0.270672397;2019-06=0.2669741689;2019-07=0.2207920806;2019-08=0.213155572;2019-09=0.1851321684;2019-10=0.1950273363;2019-11=0.2119795079;2019-12=0.2352120325;2020-01=0.2431726767;2020-02=0.2150696968;2020-03=0.1504014315;2020-04=0.1286088461;2020-05=0.128283101;2020-06=0.1366785851;2020-07=0.2174066866;2020-08=0.1956043489;2020-09=0.1923991195;2020-10=0.2051835093;2020-11=0.2811895463;2020-12=0.2704396479;2021-01=0.3899522075;2021-02=0.3542906734;2021-03=0.3600498433;2021-04=0.3458000427;2021-05=0.3693097551;2021-06=0.3876422983;2021-07=0.3730694137;2021-08=0.3933986447;2021-09=0.4073254753;2021-10=0.3462939879;2021-11=0.2901144487;2021-12=0.3078407747;2022-01=0.2806258242;2022-02=0.3120657991;2022-03=0.3052821586;2022-04=0.2979379249;2022-05=0.3141525233;2022-06=0.2882192478;2022-07=0.2422831002;2022-08=0.2168711567;2022-09=0.2202987399;2022-10=0.1630551677;2022-11=0.1332302882;2022-12=0.1611596245;2023-01=0.1382999895;2023-02=0.1503845147;2023-03=0.1647832421;2023-04=0.1884072621;2023-05=0.1885150035;2023-06=0.1939998453;2023-07=0.2018805448;2023-08=0.1919355832;2023-09=0.2214738094;2023-10=0.2277890551;2023-11=0.2384870271;2023-12=0.2213089651;2024-01=0.2241019475;2024-02=0.2061923319;2024-03=0.1729720292;2024-04=0.2009826821;2024-05=0.2693397432;2024-06=0.2545867638;2024-07=0.2584320249;2024-08=0.2628732921;2024-09=0.3352864688;2024-10=0.3345609727;2024-11=0.2803995883;2024-12=0.205503528;2025-01=0.2337124693;2025-02=0.2408608407;2025-03=0.2804777947;2025-04=0.2564550108;2025-05=0.279273556;2025-06=0.3001216411;2025-07=0.222134945;2025-08=0.2914520015;2025-09=0.34129364;2025-10=0.3650993249;2025-11=0.2916896518;2025-12=0.3068519885;2026-01=0.3096093713;2026-02=0.3455756629;2026-03=0.316242876;2026-04=0.3660235432;2026-05=0.3444299613;2026-06=0.3114761039;2026-07=0.306065263,2020-05-29,0.3395673383570105,2,0.2420639264767077,0.2063615755239454,0.44992441558742224,0.0,39,0.2746308132654859,0.3377298766217843,-0.18537906284260341,1.0896009855145867,0.75,12,29.362862084934196,0.2920136228246979,0.29289825506460954,0.38513882604353833,0.44992441558742224,2021-09-22~2022-11-24,2021-09-22,2022-11-24,0.6490281760847415,0.7821264581997043,1.0,0,2.2024177625978956,2021-09-29,0.40973959524074804,2021-09-29,0.409739595240748,2021-09-29,0.0,2013-05-16,0,1.3063765398353377,738,6,4.0,0.6008472278727813,0.6708799432032109,0.8399394007878189,1.211497519884792,1.485989513912227,1.7941318739251644,0.5058665772712034,0.0,0.3048780487804878,5.883573083440012,41.10840108401084,4580,1246,23.514975133487724,002466/000651/002128/000338/000933,2.4406430937367,0.4769144804100416,2344637.0082139997,0.7815456694046665,5.03%（同期超额 +24.18%）
full,STOPMAX,2013-11-01,trend_x5_w-0.0454_x1c_dtax_sma20_swap_corr1_tranche_slmax_gs1.1u_ma60stop_ca2_addma_swk20_cap0.6s_sp_gso_ebcap0.03r_c0.3h0.035_lot100_sig1_lrc3_STOPMAX20131101,84546018.48639813,m3,2013-11-01,2026-08-28,0.6904964022459434,0.32451400981444906,1.2186422977034645,0.7305192471771487,0.38472674970698617,0.25754394884988674,0.1774093847153384,0.008547008547008548,117,0.25579644965571924,0.20647665170924068,0.1689864211348937,0.1277642469721667,0.40986930938610566,0.621789125589744,0.7100378215147343,0.0,93,2018-11=0.1808967975;2018-12=0.1730359824;2019-01=0.2168433288;2019-02=0.2607023863;2019-03=0.3139126849;2019-04=0.2910427336;2019-05=0.2707662507;2019-06=0.2668725241;2019-07=0.2206371023;2019-08=0.2122080913;2019-09=0.1844972773;2019-10=0.1942295658;2019-11=0.211184199;2019-12=0.2343438613;2020-01=0.2423593285;2020-02=0.2144653725;2020-03=0.1499338029;2020-04=0.1281276419;2020-05=0.127764247;2020-06=0.1377164367;2020-07=0.2194284998;2020-08=0.1966198105;2020-09=0.1936300696;2020-10=0.2064766517;2020-11=0.2831020514;2020-12=0.2736138451;2021-01=0.3936627889;2021-02=0.3607647233;2021-03=0.366541976;2021-04=0.3521306517;2021-05=0.3759418974;2021-06=0.394341617;2021-07=0.379539238;2021-08=0.4000495309;2021-09=0.4142747864;2021-10=0.3531076506;2021-11=0.2966517964;2021-12=0.314456782;2022-01=0.2870920583;2022-02=0.3186973365;2022-03=0.3118755811;2022-04=0.3045072802;2022-05=0.3208087842;2022-06=0.2947475582;2022-07=0.2485921919;2022-08=0.2230721397;2022-09=0.2264906141;2022-10=0.1689864211;2022-11=0.1390049815;2022-12=0.1675420667;2023-01=0.1441464191;2023-02=0.1569977181;2023-03=0.1687217907;2023-04=0.1900883381;2023-05=0.1913109221;2023-06=0.1968752046;2023-07=0.2049822515;2023-08=0.1943589428;2023-09=0.2240449101;2023-10=0.2306619789;2023-11=0.2414100523;2023-12=0.224170857;2024-01=0.2269715959;2024-02=0.2090318107;2024-03=0.1757459255;2024-04=0.2041903216;2024-05=0.2694318448;2024-06=0.2552523499;2024-07=0.2587957636;2024-08=0.2626601593;2024-09=0.3350386151;2024-10=0.3342666935;2024-11=0.2813427249;2024-12=0.2064809814;2025-01=0.2339068947;2025-02=0.2404113537;2025-03=0.2809644388;2025-04=0.2557964497;2025-05=0.2797405001;2025-06=0.2995966816;2025-07=0.2211370917;2025-08=0.291343476;2025-09=0.3425253119;2025-10=0.3638259379;2025-11=0.2891244137;2025-12=0.3031585448;2026-01=0.3049249453;2026-02=0.3376748607;2026-03=0.3086737891;2026-04=0.3578424604;2026-05=0.336325367;2026-06=0.3034973455;2026-07=0.2982057654,2020-05-29,0.3388725016770483,2,0.24576966651330467,0.21076715363565457,0.44989609599729063,0.0,33,0.2805199298535703,0.3383718166796105,-0.18545656258479615,1.0824909275627146,0.75,12,27.18200616213271,0.297449244946423,0.29825171741936884,0.381113580309194,0.44989609599729063,2021-09-22~2022-11-24,2021-09-22,2022-11-24,0.6611509803992927,0.797931887029562,1.0,0,2.2024548911776702,2021-09-29,0.40974954574216976,2021-09-29,0.4097495457421697,2021-09-29,-5.820766091346741e-11,2022-08-23,0,1.3073079409305772,718,7,4.0,0.5974104908840391,0.6593539191651374,0.8399997714242315,1.2043010938121936,1.485386829605113,1.794104340291336,0.4809905824904081,0.0,0.31754874651810583,5.561627616345894,41.45125348189415,4407,1208,23.5027990720318,002466/002128/000651/000933/000338,2.462342927210928,0.4955905924825388,2186220.1949850027,0.7287400649950009,5.45%（同期超额 +24.30%）
full,STOPMAX,2014-05-01,trend_x5_w-0.0454_x1c_dtax_sma20_swap_corr1_tranche_slmax_gs1.1u_ma60stop_ca2_addma_swk20_cap0.6s_sp_gso_ebcap0.03r_c0.3h0.035_lot100_sig1_lrc3_STOPMAX20140501,86012386.12144385,m3,2014-05-05,2026-08-28,0.6923185249616298,0.35511439742845863,1.2752328310931969,0.7319752122692617,0.3847423055402953,0.2586506882843318,0.17837589690440536,0.009009009009009009,111,0.2641756000177411,0.20744814428637448,0.1678967172532695,0.12790360367580988,0.44821608868395,0.6138288183004528,0.7152340024581346,0.0,87,2019-05=0.2763603645;2019-06=0.2727176767;2019-07=0.2245106381;2019-08=0.2152860374;2019-09=0.1839256913;2019-10=0.1936465259;2019-11=0.2107090057;2019-12=0.2338505205;2020-01=0.2419095086;2020-02=0.2145868857;2020-03=0.1499573585;2020-04=0.1282472575;2020-05=0.1279036037;2020-06=0.1370132573;2020-07=0.2202336485;2020-08=0.1964263652;2020-09=0.1940723891;2020-10=0.2065594789;2020-11=0.283372574;2020-12=0.2715664687;2021-01=0.3916343923;2021-02=0.3586386111;2021-03=0.3644160025;2021-04=0.3500331297;2021-05=0.3738074908;2021-06=0.3921821387;2021-07=0.3774577686;2021-08=0.3979183943;2021-09=0.4121497177;2021-10=0.3510632142;2021-11=0.2946886103;2021-12=0.3124721635;2022-01=0.2851643713;2022-02=0.3167030425;2022-03=0.3098588791;2022-04=0.3024863821;2022-05=0.3187624422;2022-06=0.2927589119;2022-07=0.2476447353;2022-08=0.2219301517;2022-09=0.2253606581;2022-10=0.1678967173;2022-11=0.1379458271;2022-12=0.1664401159;2023-01=0.1433681661;2023-02=0.1552902359;2023-03=0.1700046819;2023-04=0.1938005739;2023-05=0.1937620239;2023-06=0.1995253803;2023-07=0.2074481443;2023-08=0.1974395606;2023-09=0.2271019125;2023-10=0.2334475062;2023-11=0.2441935842;2023-12=0.2269369412;2024-01=0.2297461925;2024-02=0.2117171035;2024-03=0.1783479308;2024-04=0.206475124;2024-05=0.2751279521;2024-06=0.2603045817;2024-07=0.2641756;2024-08=0.2686395601;2024-09=0.3413895892;2024-10=0.3406714774;2024-11=0.2862460692;2024-12=0.2110211351;2025-01=0.2394348277;2025-02=0.2460922614;2025-03=0.2881477847;2025-04=0.2644148984;2025-05=0.2875010043;2025-06=0.3078617578;2025-07=0.2269577584;2025-08=0.2985795679;2025-09=0.3478395097;2025-10=0.3719878124;2025-11=0.2974293284;2025-12=0.3138639147;2026-01=0.3162686278;2026-02=0.349805056;2026-03=0.319505294;2026-04=0.3689954839;2026-05=0.3447780703;2026-06=0.3114140139;2026-07=0.3060514268,2020-05-29,0.3417545977442168,2,0.2650449548979612,0.21707395317308564,0.44821608868395,0.0,27,0.20796730806253705,0.3415772916187565,-0.18533049730287776,1.1108429019206523,0.7272727272727273,11,27.670795373814617,0.31325216311859694,0.3139473346175954,0.37878167730199935,0.44821608868395,2021-09-22~2022-11-24,2021-09-22,2022-11-24,0.6988864769186811,0.8339560734480597,1.0,0,2.2024630528092857,2021-09-29,0.40975173302370543,2021-09-29,0.4097517330237054,2021-09-29,-2.9103830456733704e-11,2022-08-22,0,1.3075288919942125,712,7,4,0.5964733383040467,0.6565031792352619,0.8398628046796327,1.2026957452080862,1.4577092342815745,1.794187089754485,0.4707166242269916,0.0,0.3146067415730337,5.622606824579574,41.41151685393258,4284,1204,23.608681234911298,002466/002128/000933/000651/000338,2.469256563264661,0.5014647095658203,2200234.862260003,0.7334116207533343,6.55%（同期超额 +24.77%）
full,STOPMAX,2014-11-01,trend_x5_w-0.0454_x1c_dtax_sma20_swap_corr1_tranche_slmax_gs1.1u_ma60stop_ca2_addma_swk20_cap0.6s_sp_gso_ebcap0.03r_c0.3h0.035_lot100_sig1_lrc3_STOPMAX20141101,81572122.26020214,m3,2014-11-03,2026-08-28,0.6790091814347446,0.32773176334235754,1.5252697516980598,0.7201448368636142,0.38468079486222684,0.24628067961591937,0.17767724466477763,0.009523809523809525,105,0.26640127026591687,0.21307702740390377,0.17112277658510733,0.12797504304194418,0.44988734556584764,0.6121535959626304,0.7255397274484322,0.0,81,2019-11=0.2256517567;2019-12=0.2175969532;2020-01=0.2397558545;2020-02=0.2251543145;2020-03=0.1648627931;2020-04=0.127975043;2020-05=0.1302873267;2020-06=0.1372555714;2020-07=0.2231362408;2020-08=0.199151589;2020-09=0.1959779061;2020-10=0.2093841041;2020-11=0.2859122909;2020-12=0.2766233936;2021-01=0.3969047333;2021-02=0.363936502;2021-03=0.3697256305;2021-04=0.3552830734;2021-05=0.378627396;2021-06=0.3970672435;2021-07=0.3822739414;2021-08=0.4028259079;2021-09=0.416874005;2021-10=0.3555934303;2021-11=0.299018414;2021-12=0.3168579606;2022-01=0.2894552552;2022-02=0.3211210978;2022-03=0.3142819736;2022-04=0.3069025085;2022-05=0.3232521482;2022-06=0.2971444916;2022-07=0.2509026297;2022-08=0.225305426;2022-09=0.2287678528;2022-10=0.1711227766;2022-11=0.1410894113;2022-12=0.1696618413;2023-01=0.146210111;2023-02=0.1590284548;2023-03=0.1719987805;2023-04=0.1948584274;2023-05=0.1952523143;2023-06=0.2016069317;2023-07=0.209518906;2023-08=0.1995003742;2023-09=0.229226911;2023-10=0.2355839167;2023-11=0.246346754;2023-12=0.2290627299;2024-01=0.231894456;2024-02=0.2138641985;2024-03=0.180444946;2024-04=0.2086155612;2024-05=0.2773773952;2024-06=0.262524437;2024-07=0.2664012703;2024-08=0.2708694181;2024-09=0.3437393128;2024-10=0.3429539313;2024-11=0.2883942748;2024-12=0.2130770274;2025-01=0.241445384;2025-02=0.2486445532;2025-03=0.2863326028;2025-04=0.2587034277;2025-05=0.2833786902;2025-06=0.304243512;2025-07=0.2229983936;2025-08=0.2940990686;2025-09=0.3455353492;2025-10=0.3638761867;2025-11=0.2893338255;2025-12=0.3022381547;2026-01=0.3050492515;2026-02=0.3380702994;2026-03=0.3102758852;2026-04=0.3587148632;2026-05=0.3323452301;2026-06=0.3001632548;2026-07=0.2948523276,2020-04-30,0.33856313448095954,2,0.26853405332982105,0.21533427040661368,0.44988734556584764,0.0,21,0.12726620185091253,0.32910263666163664,-0.1852882652413047,1.0363782833369566,0.7272727272727273,11,26.19070742006738,0.32248471227110387,0.32341580091473743,0.3846975882252219,0.44988734556584764,2021-09-22~2022-11-24,2021-09-22,2022-11-24,0.7168121429721421,0.8471729481150978,1.0,0,2.0940156582054312,2015-01-19,0.3791832477919012,2015-01-19,0.37918324779190127,2015-01-19,-2.9103830456733704e-11,2022-08-22,0,1.294513287363435,671,6.0,4.0,0.5961579227983237,0.6604316724522705,0.8398731610287818,1.1875502145007988,1.4664198125278989,1.793979624258188,0.47105864432597105,0.0,0.30700447093889716,5.7124589809131034,40.68703427719821,4052,1088,23.890016182317524,002466/002128/000933/000651/000338,2.5133633269491717,0.5380797651624682,2145304.497065998,0.7151014990219994,5.46%（同期超额 +26.79%）
full,STOPMAX,2015-05-01,trend_x5_w-0.0454_x1c_dtax_sma20_swap_corr1_tranche_slmax_gs1.1u_ma60stop_ca2_addma_swk20_cap0.6s_sp_gso_ebcap0.03r_c0.3h0.035_lot100_sig1_lrc3_STOPMAX20150501,48506694.2131182,m3,2015-05-04,2026-08-28,0.6432343242366048,0.3267021493495987,1.656411197357683,0.6978366907118244,0.38446490883115003,0.24433726209782725,0.1774831886188979,0.010101010101010102,99,0.28012378083582234,0.21752526504896652,0.17281551523401073,0.12560759388734843,0.4474916634941023,0.651101538898701,0.7533825271677526,0.0,75,2020-05=0.1256075939;2020-06=0.1393539719;2020-07=0.2205431877;2020-08=0.198415955;2020-09=0.1953926896;2020-10=0.20847659;2020-11=0.2855864821;2020-12=0.2757888053;2021-01=0.3955182171;2021-02=0.3623234873;2021-03=0.3681102798;2021-04=0.3536752769;2021-05=0.3769717629;2021-06=0.3953531551;2021-07=0.3805689021;2021-08=0.4011252682;2021-09=0.4152014296;2021-10=0.354005369;2021-11=0.2975236963;2021-12=0.315340268;2022-01=0.2879918084;2022-02=0.3195495978;2022-03=0.3126543348;2022-04=0.305266289;2022-05=0.3215426448;2022-06=0.2953967619;2022-07=0.2506613828;2022-08=0.2248047735;2022-09=0.2282566714;2022-10=0.1706572603;2022-11=0.1406421105;2022-12=0.1692032569;2023-01=0.1460686761;2023-02=0.1580362022;2023-03=0.1728155152;2023-04=0.1965527467;2023-05=0.1965330761;2023-06=0.202285022;2023-07=0.2102176989;2023-08=0.2001454153;2023-09=0.2298559684;2023-10=0.2364304785;2023-11=0.2465247994;2023-12=0.2280558422;2024-01=0.2357950275;2024-02=0.2183753417;2024-03=0.1860131912;2024-04=0.2115724013;2024-05=0.2801237808;2024-06=0.265995056;2024-07=0.2697374913;2024-08=0.274051991;2024-09=0.3471564672;2024-10=0.3463879352;2024-11=0.2930099741;2024-12=0.217525265;2025-01=0.2452928872;2025-02=0.2511912116;2025-03=0.2923981154;2025-04=0.2671681263;2025-05=0.2913625107;2025-06=0.3130222192;2025-07=0.2315301154;2025-08=0.3015549386;2025-09=0.3531672798;2025-10=0.3744062612;2025-11=0.2992866344;2025-12=0.3143158695;2026-01=0.3157796871;2026-02=0.3490618717;2026-03=0.3197995067;2026-04=0.3693925323;2026-05=0.3477099568;2026-06=0.3145781239;2026-07=0.3092072602,2020-05-29,0.3448880811445274,2,0.2949037865832911,0.2230858441864667,0.4474916634941023,0.0,15,0.2644686685770342,0.35699811392899095,-0.18521737564257656,1.0814266509027042,0.7,10,15.1688980710394,0.27876329135297717,0.2795235520547743,0.3713785892607532,0.4474916634941023,2021-09-22~2022-11-24,2021-09-22,2022-11-24,0.6229463341871868,0.7735754478196849,1.0,0,2.2025280750519904,2021-09-29,0.40976915812103154,2021-09-29,0.40976915812103154,2021-09-29,0.0,2015-11-10,0,1.2792022195625068,647,6,4,0.5989366005106228,0.6620219681012985,0.8390255417888339,1.2016851601620653,1.4733595999902267,1.7936784699081754,0.4882047181127549,0.0,0.29520865533230295,6.175480517841097,40.02318392581144,3861,999,23.65205271827517,002466/000933/000651/000338/002128,2.319277618998457,0.5407415372432609,1213938.624725004,0.40464620824166797,-0.17%（同期超额 +28.05%）
full,STOPMAX,2015-11-01,trend_x5_w-0.0454_x1c_dtax_sma20_swap_corr1_tranche_slmax_gs1.1u_ma60stop_ca2_addma_swk20_cap0.6s_sp_gso_ebcap0.03r_c0.3h0.035_lot100_sig1_lrc3_STOPMAX20151101,47662118.66310604,m3,2015-11-02,2026-08-28,0.6658934520019905,0.31080804600722106,1.6586294109856679,0.7109683891311668,0.3845524345306187,0.2560709481053631,0.17195165695689085,0.010752688172043012,93,0.28381938597880674,0.22591462936427287,0.17810461751750917,0.13846383539573615,0.4492542228685612,0.6577617331857009,0.7617927605156454,0.0,69,2020-11=0.2840463504;2020-12=0.2700485145;2021-01=0.3936301139;2021-02=0.3604423906;2021-03=0.3662266164;2021-04=0.3518270907;2021-05=0.3750880594;2021-06=0.3934430639;2021-07=0.3786134412;2021-08=0.3991189936;2021-09=0.4133313087;2021-10=0.3521958472;2021-11=0.2957919815;2021-12=0.313587708;2022-01=0.2862584981;2022-02=0.317793658;2022-03=0.3109454354;2022-04=0.3035566107;2022-05=0.3198365389;2022-06=0.2930558219;2022-07=0.2477624423;2022-08=0.2224442593;2022-09=0.2259146294;2022-10=0.1684097091;2022-11=0.1384638354;2022-12=0.1669659761;2023-01=0.143782415;2023-02=0.1558962122;2023-03=0.1703684419;2023-04=0.1940927584;2023-05=0.1946372756;2023-06=0.2002891436;2023-07=0.208215135;2023-08=0.198186173;2023-09=0.2278440105;2023-10=0.2341870016;2023-11=0.244927736;2023-12=0.2276742671;2024-01=0.2305205067;2024-02=0.2125302317;2024-03=0.1781046175;2024-04=0.2058697181;2024-05=0.2713362991;2024-06=0.2573167813;2024-07=0.260978702;2024-08=0.2651054032;2024-09=0.3376302645;2024-10=0.3368547299;2024-11=0.283819386;2024-12=0.2084855275;2025-01=0.2366550592;2025-02=0.2438031648;2025-03=0.2836318191;2025-04=0.2598469562;2025-05=0.2827524589;2025-06=0.303479166;2025-07=0.2248204549;2025-08=0.2960342569;2025-09=0.3466254765;2025-10=0.3700520449;2025-11=0.2955022363;2025-12=0.3090675392;2026-01=0.3113901596;2026-02=0.3447456061;2026-03=0.3152967224;2026-04=0.3643913143;2026-05=0.3414669623;2026-06=0.307971237;2026-07=0.3026727492,2022-11-30,0.3406430951900635,2,0.35003090633897793,0.28940509982761786,0.4492542228685612,0.0,9,0.25995473933114044,0.3515562414151937,-0.18524688419023738,1.1049522575178043,0.7,10,14.887372887702012,0.29122850863467464,0.2921158292375696,0.38006981363422565,0.4492542228685612,2021-09-22~2022-11-24,2021-09-22,2022-11-24,0.6482487950255277,0.7910514721169508,1.0,0,2.202493240516253,2021-09-29,0.4097598230561258,2021-09-29,0.4097598230561258,2021-09-29,0.0,2015-11-12,0,1.333781888825466,627,6.0,4.0,0.6003853660932765,0.6634309605027705,0.8396286799473802,1.199944244275259,1.4718544364017239,1.7943282839691828,0.5024390243902439,0.0,0.2886762360446571,6.284740418144704,40.38118022328548,3807,940,23.87755608308676,002466/000933/000651/000338/002128,2.3105257799042622,0.5347515504556601,1207089.2188970014,0.4023630729656671,2.83%（同期超额 +26.29%）
full,STOPMAX,2016-05-01,trend_x5_w-0.0454_x1c_dtax_sma20_swap_corr1_tranche_slmax_gs1.1u_ma60stop_ca2_addma_swk20_cap0.6s_sp_gso_ebcap0.03r_c0.3h0.035_lot100_sig1_lrc3_STOPMAX20160501,61609278.73919976,m3,2016-05-03,2026-08-28,0.6716965725286083,0.29337761130930773,1.6994789796589038,0.7154124885813274,0.3845594136829952,0.25830724010447903,0.17307857311134534,0.011494252873563218,87,0.28376246457615517,0.2225830042639756,0.17909133996649862,0.1385599020709245,0.4523950813240748,0.6272448050178533,0.7413494818397969,0.0,63,2021-05=0.3775946092;2021-06=0.3950910648;2021-07=0.3807217794;2021-08=0.4019450194;2021-09=0.4151906923;2021-10=0.3538954477;2021-11=0.2973896444;2021-12=0.3152011032;2022-01=0.2878328723;2022-02=0.3194494315;2022-03=0.312595405;2022-04=0.3052150766;2022-05=0.3215167314;2022-06=0.2946783398;2022-07=0.2477051155;2022-08=0.2225830043;2022-09=0.2260386829;2022-10=0.1685183499;2022-11=0.1385599021;2022-12=0.1670640388;2023-01=0.1439737006;2023-02=0.1559194034;2023-03=0.1706283894;2023-04=0.1944332662;2023-05=0.1944131227;2023-06=0.2001743444;2023-07=0.2081014436;2023-08=0.1980664659;2023-09=0.2277402911;2023-10=0.2340909383;2023-11=0.2448361227;2023-12=0.2275803911;2024-01=0.230401352;2024-02=0.2124493792;2024-03=0.17909134;2024-04=0.2071889004;2024-05=0.2746709862;2024-06=0.2604620751;2024-07=0.2644504049;2024-08=0.2690003581;2024-09=0.3416477258;2024-10=0.3409211268;2024-11=0.2865016505;2024-12=0.2112609484;2025-01=0.23958688;2025-02=0.2467696815;2025-03=0.2854770693;2025-04=0.259519517;2025-05=0.2837624646;2025-06=0.3053762294;2025-07=0.2251336702;2025-08=0.2948819238;2025-09=0.3464551227;2025-10=0.3670318464;2025-11=0.292325387;2025-12=0.3054664239;2026-01=0.3076213615;2026-02=0.3407931787;2026-03=0.3115562513;2026-04=0.3599700853;2026-05=0.3372524117;2026-06=0.3042147724;2026-07=0.2988237994,2022-11-30,0.33977278943543754,2,0.34888782911816074,0.3391468580889321,0.4523950813240748,0.0,3,0.42007648549173604,0.3956272858313461,-0.18528791662892952,1.0639612232000242,0.7777777777777778,9,19.53642624639992,0.340279778756148,0.3415042690438652,0.3797277557572618,0.4523950813240748,2021-09-22~2022-11-24,2021-09-22,2022-11-24,0.7521739134745088,0.8903203143308226,1.0,0,2.202515890542585,2021-09-29,0.40976589291269633,2021-09-29,0.4097658929126964,2021-09-29,-1.4551915228366852e-11,2016-12-27,0,1.351613694805495,600,6,4,0.6012890006005914,0.6671656578818307,0.8399476728636204,1.2123223081045698,1.4772500502940586,1.7940056365783899,0.5111672987779182,0.0,0.31,5.744807234038933,40.935,3662,892,23.92530155930447,002466/000933/000651/000338/002128,2.3287183175932196,0.535971026095674,1560206.118101002,0.5200687060336673,3.76%（同期超额 +30.27%）
A,BASE,2009-11-01,trend_x5_w-0.0454_x1c_dtax_sma20_swap_corr1_tranche_slmin_gs1.1u_ma60stop_ca2_addma_swk20_cap0.6s_sp_gso_ebcap0.03r_c0.3h0.035_ex5_lot100_sig1_lrc3_BASE20091101ex5,1143811564.4218397,m3,2009-11-02,2026-08-28,1.0604933188768806,-0.07378035702979031,2.71450199880499,1.110149410221273,0.4539734230314407,0.4617850411001647,0.32704385164507044,0.13333333333333333,165,0.4708137986076575,0.2615872557216543,0.12125282566009576,0.027523372277655778,0.4811781931073911,0.9614198022846052,1.1034033291136078,0.0,141,2014-11=0.02915388302;2014-12=0.09369044202;2015-01=0.09856372132;2015-02=0.1234192402;2015-03=0.1534435097;2015-04=0.1887959847;2015-05=0.2022885697;2015-06=0.1999967725;2015-07=0.1913776079;2015-08=0.1846862918;2015-09=0.1753910884;2015-10=0.1353649678;2015-11=0.1212528257;2015-12=0.1518345333;2016-01=0.04652833701;2016-02=0.02752337228;2016-03=0.05608336259;2016-04=0.045958268;2016-05=0.03352624902;2016-06=0.04518764247;2016-07=0.08708503673;2016-08=0.1033560198;2016-09=0.1032431656;2016-10=0.1205786617;2016-11=0.1289766708;2016-12=0.1062743865;2017-01=0.150046964;2017-02=0.1637187919;2017-03=0.2066811954;2017-04=0.1964759344;2017-05=0.1972575938;2017-06=0.2561952678;2017-07=0.3060073009;2017-08=0.3468571885;2017-09=0.3554696911;2017-10=0.3835857338;2017-11=0.440344548;2017-12=0.3787574404;2018-01=0.4087313322;2018-02=0.4242104277;2018-03=0.4429456728;2018-04=0.4520525386;2018-05=0.422716213;2018-06=0.4917595441;2018-07=0.5321105776;2018-08=0.5166589195;2018-09=0.455870109;2018-10=0.3776950967;2018-11=0.3439334513;2018-12=0.3267389864;2019-01=0.3958961946;2019-02=0.4641523291;2019-03=0.5208423523;2019-04=0.5047261623;2019-05=0.4708137986;2019-06=0.5068308024;2019-07=0.4340369019;2019-08=0.4242726338;2019-09=0.4259904968;2019-10=0.4306036864;2019-11=0.4449457566;2019-12=0.4292807259;2020-01=0.387347475;2020-02=0.36163085;2020-03=0.2614258613;2020-04=0.2615872557;2020-05=0.2542071407;2020-06=0.2560645682;2020-07=0.3371111499;2020-08=0.3385182166;2020-09=0.3102637536;2020-10=0.3345276144;2020-11=0.4031083548;2020-12=0.4096253706;2021-01=0.6551497116;2021-02=0.6643950238;2021-03=0.620578232;2021-04=0.6545637783;2021-05=0.7123646351;2021-06=0.6922255865;2021-07=0.6792405098;2021-08=0.7146782548;2021-09=0.7307779621;2021-10=0.670693253;2021-11=0.6569370633;2021-12=0.7015929559;2022-01=0.647416051;2022-02=0.6503179404;2022-03=0.6776774199;2022-04=0.6968890763;2022-05=0.6933096362;2022-06=0.6622632763;2022-07=0.6151921972;2022-08=0.5678191153;2022-09=0.5657863355;2022-10=0.5252968525;2022-11=0.5069045776;2022-12=0.5145930801;2023-01=0.4406071505;2023-02=0.4507250721;2023-03=0.4654691689;2023-04=0.498715412;2023-05=0.5105566066;2023-06=0.50093844;2023-07=0.505596191;2023-08=0.4939028327;2023-09=0.5360549677;2023-10=0.6510788998;2023-11=0.6710762202;2023-12=0.7103410762;2024-01=0.6824167269;2024-02=0.637501021;2024-03=0.6374541132;2024-04=0.6510492137;2024-05=0.6981185698;2024-06=0.673091089;2024-07=0.6559503595;2024-08=0.6427612067;2024-09=0.6932794379;2024-10=0.6631784136;2024-11=0.6443482797;2024-12=0.589291669;2025-01=0.6227800586;2025-02=0.6098063467;2025-03=0.696810016;2025-04=0.6460383148;2025-05=0.6744632033;2025-06=0.705822257;2025-07=0.6226973891;2025-08=0.6831800317;2025-09=0.791318098;2025-10=0.7566380563;2025-11=0.681463581;2025-12=0.6890277793;2026-01=0.7630403213;2026-02=0.7979949314;2026-03=0.7922330911;2026-04=0.8245900419;2026-05=0.7393692918;2026-06=0.7050272239;2026-07=0.7268924871,2016-02-29,0.6792405097909839,3,0.45416381333227096,0.2410149622505906,0.48970678312311733,0.0,81,0.43517637607451887,0.4981288104706443,-0.26111855139887385,1.6909341758180334,0.6875,16,380.2705214739466,0.42388448452102256,0.42569984264889404,0.3549131151897741,0.48970678312311733,2018-07-30~2019-01-03,2018-07-30,2019-01-03,0.8655883461888941,1.0909149039164914,0.9845890410958904,0,1.9172033886487867,2020-03-23,0.3219290098813049,2020-03-23,0.321929009881305,2020-03-23,0.0,2010-09-20,0,1.3431322662274694,244,6,4.0,0.6035890145196022,0.7188182008662678,0.9285122977345471,1.3121558581955128,1.5744504358589566,1.8046145383153387,0.5256119101690638,0.0,0.3237704918032787,16.14498549708413,141.3483606557377,2355,849,5.8397256916793685,600585/601225/600309/688516/002466,4.061471085102931,0.5107127313417915,3824247.1626548013,1.2747490542182671,1.96%（同期超额 +40.43%）
A,BASE,2010-05-01,trend_x5_w-0.0454_x1c_dtax_sma20_swap_corr1_tranche_slmin_gs1.1u_ma60stop_ca2_addma_swk20_cap0.6s_sp_gso_ebcap0.03r_c0.3h0.035_ex5_lot100_sig1_lrc3_BASE20100501ex5,1160510401.6791778,m3,2010-05-04,2026-08-28,1.1019903631843,-0.026642574950686764,2.745837430588345,1.1590161134374877,0.42177108108749906,0.47994063171846624,0.34037188467274926,0.1069182389937107,159,0.497923450542735,0.33660638996172865,0.1441161418695449,0.03134360923293311,0.48575357615312753,1.0041282863587417,1.1253706314560246,0.0,135,2015-05=0.214271489;2015-06=0.213534558;2015-07=0.2006880532;2015-08=0.1940333671;2015-09=0.1857038388;2015-10=0.1441161419;2015-11=0.132193469;2015-12=0.1597705382;2016-01=0.06380005211;2016-02=0.05215087605;2016-03=0.0584000081;2016-04=0.05301105743;2016-05=0.03655541808;2016-06=0.03134360923;2016-07=0.08321671245;2016-08=0.09563469353;2016-09=0.09593551702;2016-10=0.1066755715;2016-11=0.1253112377;2016-12=0.1085702634;2017-01=0.1508051033;2017-02=0.1663777535;2017-03=0.2060180277;2017-04=0.1981198631;2017-05=0.2026221275;2017-06=0.2611600638;2017-07=0.2971730359;2017-08=0.353125878;2017-09=0.3572266864;2017-10=0.4032478057;2017-11=0.4572345442;2017-12=0.4014147184;2018-01=0.4258024384;2018-02=0.4440180397;2018-03=0.4611810911;2018-04=0.4713282601;2018-05=0.4361461475;2018-06=0.5049471826;2018-07=0.5498706663;2018-08=0.5330540686;2018-09=0.4676501097;2018-10=0.3856913355;2018-11=0.3533185784;2018-12=0.33660639;2019-01=0.4053125098;2019-02=0.4747301962;2019-03=0.5312389906;2019-04=0.5166030658;2019-05=0.4824828055;2019-06=0.5177278997;2019-07=0.4440083289;2019-08=0.4364831972;2019-09=0.4367597637;2019-10=0.4413924717;2019-11=0.4575603966;2019-12=0.4476874974;2020-01=0.4031122568;2020-02=0.3773636215;2020-03=0.2671462445;2020-04=0.2663804907;2020-05=0.2592752012;2020-06=0.2583417905;2020-07=0.3397792747;2020-08=0.3420603423;2020-09=0.3125489909;2020-10=0.3365857949;2020-11=0.4117231672;2020-12=0.4153096868;2021-01=0.6472294229;2021-02=0.6440289017;2021-03=0.6352097253;2021-04=0.6630736387;2021-05=0.7288096469;2021-06=0.7373926607;2021-07=0.7145723371;2021-08=0.7530274943;2021-09=0.7686322507;2021-10=0.7172157882;2021-11=0.6873421274;2021-12=0.7235632069;2022-01=0.6710349698;2022-02=0.6712707498;2022-03=0.7037769011;2022-04=0.7199639915;2022-05=0.7108762174;2022-06=0.6813804781;2022-07=0.6516456661;2022-08=0.5805114885;2022-09=0.5858986788;2022-10=0.5254903215;2022-11=0.5111534086;2022-12=0.5118682518;2023-01=0.4432299641;2023-02=0.4514078474;2023-03=0.464260081;2023-04=0.4979234505;2023-05=0.5088268922;2023-06=0.496032216;2023-07=0.4987573529;2023-08=0.4875228827;2023-09=0.5326197949;2023-10=0.6509896702;2023-11=0.6686164726;2023-12=0.707685844;2024-01=0.6792981192;2024-02=0.6326337856;2024-03=0.6341984271;2024-04=0.6459017978;2024-05=0.6936838656;2024-06=0.6689167393;2024-07=0.6524119244;2024-08=0.6403034466;2024-09=0.6962383725;2024-10=0.6645011231;2024-11=0.6325060486;2024-12=0.5694450771;2025-01=0.5972298308;2025-02=0.5779440348;2025-03=0.6709283173;2025-04=0.6154830876;2025-05=0.648491631;2025-06=0.6854296045;2025-07=0.6036698785;2025-08=0.6625860798;2025-09=0.7697348165;2025-10=0.7353011194;2025-11=0.6501330436;2025-12=0.6657185843;2026-01=0.7428272978;2026-02=0.7749932897;2026-03=0.7716312365;2026-04=0.8042294569;2026-05=0.7178261722;2026-06=0.6817626182;2026-07=0.6955418134,2016-06-30,0.6955418133613362,3,0.4657618917518147,0.2812197137044732,0.4999763281524513,0.0,75,0.40556247985181004,0.5228761089685318,-0.2785251498769531,1.7456620065133142,0.6666666666666666,15,385.83680055972593,0.44069784475695073,0.44275414115942735,0.3604915491478882,0.4999763281524513,2018-07-30~2019-01-03,2018-07-30,2019-01-03,0.8814374200183622,1.1115568771604594,1.0,0,1.8838437368097134,2020-03-23,0.3099215319198671,2020-03-23,0.30992153191986715,2020-03-23,0.0,2010-09-20,0,1.3645947685412054,262,6,4.0,0.6038624684490824,0.7217429049010081,0.9649559396446371,1.3370061599706258,1.5830402314634917,1.9975977511615484,0.5315527625032731,0.0,0.3053435114503817,15.775802863294686,132.1145038167939,2316,811,6.314655878866124,600309/600585/688516/601225/002466,4.0347108443042,0.5040277458906398,4275954.5988888005,1.4253181996296003,2.75%（同期超额 +41.32%）
A,BASE,2010-11-01,trend_x5_w-0.0454_x1c_dtax_sma20_swap_corr1_tranche_slmin_gs1.1u_ma60stop_ca2_addma_swk20_cap0.6s_sp_gso_ebcap0.03r_c0.3h0.035_ex5_lot100_sig1_lrc3_BASE20101101ex5,932421412.3116142,m3,2010-11-01,2026-08-28,1.0970973585563795,0.3181026167376286,2.5967302298970045,1.1624157351661926,0.40687951524958466,0.4755315284717836,0.3590082473032956,0.0784313725490196,153,0.5113314858574793,0.3596783844178384,0.1371555306309593,0.05260627805083429,0.4759912070658009,1.0458371786528382,1.1308937412576303,0.0,129,2015-11=0.1371555306;2015-12=0.1647002006;2016-01=0.06388241963;2016-02=0.05260627805;2016-03=0.08097912973;2016-04=0.07442078228;2016-05=0.05806988639;2016-06=0.07382232179;2016-07=0.1129345233;2016-08=0.1223837817;2016-09=0.1124513383;2016-10=0.1284209116;2016-11=0.1343040051;2016-12=0.1095825785;2017-01=0.1535105803;2017-02=0.1672420931;2017-03=0.2102072648;2017-04=0.2000680947;2017-05=0.2008767554;2017-06=0.2600265407;2017-07=0.3097321802;2017-08=0.3512202783;2017-09=0.3596783844;2017-10=0.3884003007;2017-11=0.4452177308;2017-12=0.3836626396;2018-01=0.4135479615;2018-02=0.4291661921;2018-03=0.4480079986;2018-04=0.457061888;2018-05=0.4275413361;2018-06=0.4968082969;2018-07=0.5372920807;2018-08=0.5218200814;2018-09=0.4609986271;2018-10=0.3823459331;2018-11=0.3484466262;2018-12=0.3310758168;2019-01=0.3998212984;2019-02=0.4682202886;2019-03=0.5249786932;2019-04=0.5102108073;2019-05=0.4764709194;2019-06=0.5113314859;2019-07=0.4385030327;2019-08=0.4300302146;2019-09=0.4316579963;2019-10=0.4353904757;2019-11=0.4494134229;2019-12=0.4344101393;2020-01=0.3910573227;2020-02=0.3650176286;2020-03=0.263933655;2020-04=0.2650788986;2020-05=0.2574949492;2020-06=0.2588853149;2020-07=0.3467909636;2020-08=0.3492252571;2020-09=0.3205716495;2020-10=0.3443441453;2020-11=0.4127369962;2020-12=0.4190558165;2021-01=0.6642031845;2021-02=0.6732842085;2021-03=0.6297487157;2021-04=0.6635691544;2021-05=0.7200834655;2021-06=0.6997455844;2021-07=0.6870550905;2021-08=0.7223244383;2021-09=0.7382816022;2021-10=0.6782498153;2021-11=0.6640883996;2021-12=0.7086671874;2022-01=0.6542165107;2022-02=0.6571048289;2022-03=0.6846713382;2022-04=0.7038465341;2022-05=0.7001935301;2022-06=0.6689577666;2022-07=0.6220058474;2022-08=0.5738181917;2022-09=0.57195341;2022-10=0.5307807985;2022-11=0.5124804295;2022-12=0.5199393397;2023-01=0.4457616884;2023-02=0.4559674727;2023-03=0.4717417523;2023-04=0.5059163701;2023-05=0.5184264024;2023-06=0.5090394588;2023-07=0.5134916983;2023-08=0.5014870441;2023-09=0.5436314044;2023-10=0.6599300386;2023-11=0.6807205342;2023-12=0.7202849184;2024-01=0.6920666656;2024-02=0.6471434304;2024-03=0.6470286886;2024-04=0.660655782;2024-05=0.7079573627;2024-06=0.6828253622;2024-07=0.6623629171;2024-08=0.6490521785;2024-09=0.700010639;2024-10=0.6700363215;2024-11=0.6403098515;2024-12=0.5797495851;2025-01=0.6081468066;2025-02=0.587774461;2025-03=0.669007255;2025-04=0.617575375;2025-05=0.6482617118;2025-06=0.6837647824;2025-07=0.5899058552;2025-08=0.6473185851;2025-09=0.7528835842;2025-10=0.7164153194;2025-11=0.6435249927;2025-12=0.6502834684;2026-01=0.7279892159;2026-02=0.7609924251;2026-03=0.7581306147;2026-04=0.7927248525;2026-05=0.7101529291;2026-06=0.6752086241;2026-07=0.6949958344,2016-02-29,0.6870550904919377,3,0.4722827361651887,0.34897236393107667,0.49001932608822873,0.0,69,0.482122572333181,0.5097594981705214,-0.25303792186801377,1.6909894333094009,0.6666666666666666,15,309.80713743720474,0.43725175802161265,0.4389568305212139,0.3626082456604301,0.49001932608822873,2018-07-30~2019-01-03,2018-07-30,2019-01-03,0.8923153327689055,1.100084028709818,1.0,0,1.9174248801338158,2020-03-23,0.32200733730477415,2020-03-23,0.32200733730477415,2020-03-23,-3.637978807091713e-12,2016-07-01,0,1.3891416264698342,258,6,5,0.6103978211333343,0.7219750352583839,0.9289288252669438,1.3428286850539104,1.581808954176697,1.804307824402636,0.5830764920145699,0.0,0.29069767441860467,16.970993357431553,128.63565891472868,2279,709,6.2067710592637955,600585/601225/688516/002466/600309,3.9527035485704065,0.5085363733249778,3394263.534399598,1.1314211781331993,1.93%（同期超额 +41.80%）
A,BASE,2011-05-01,trend_x5_w-0.0454_x1c_dtax_sma20_swap_corr1_tranche_slmin_gs1.1u_ma60stop_ca2_addma_swk20_cap0.6s_sp_gso_ebcap0.03r_c0.3h0.035_ex5_lot100_sig1_lrc3_BASE20110501ex5,1044145631.1623591,m3,2011-05-03,2026-08-28,1.1480593524938758,0.46206136140513077,2.717004902534321,1.1937482115107565,0.38832658420910227,0.48268528193113114,0.38444664110892135,0.034013605442176874,147,0.5149321144236214,0.3987801474515067,0.22294551349605096,0.06937890707290806,0.4728671753322049,1.0538342023935416,1.1572027962673874,0.0,123,2016-05=0.06937890707;2016-06=0.08501579364;2016-07=0.124627154;2016-08=0.1340308583;2016-09=0.124019485;2016-10=0.1400099659;2016-11=0.1461610783;2016-12=0.1213215642;2017-01=0.165744836;2017-02=0.179616893;2017-03=0.2229455135;2017-04=0.2127515869;2017-05=0.2136021518;2017-06=0.273348872;2017-07=0.3233564058;2017-08=0.3656579244;2017-09=0.3740573206;2017-10=0.4034585081;2017-11=0.4607877776;2017-12=0.3987801475;2018-01=0.4288513312;2018-02=0.4447062607;2018-03=0.4600510607;2018-04=0.4711315164;2018-05=0.4351052197;2018-06=0.4989251335;2018-07=0.5462645141;2018-08=0.5281437581;2018-09=0.4673678056;2018-10=0.3880411281;2018-11=0.3514009821;2018-12=0.33166105;2019-01=0.402619118;2019-02=0.4739741256;2019-03=0.5311791867;2019-04=0.5149321144;2019-05=0.4808538461;2019-06=0.5165953331;2019-07=0.4436031438;2019-08=0.4340091867;2019-09=0.4356029983;2019-10=0.4406668398;2019-11=0.4547572475;2019-12=0.444259335;2020-01=0.3984351241;2020-02=0.3725566168;2020-03=0.2717749239;2020-04=0.2679660979;2020-05=0.2607173112;2020-06=0.2621306918;2020-07=0.3497471557;2020-08=0.3523878816;2020-09=0.3244770017;2020-10=0.3458757228;2020-11=0.4101088337;2020-12=0.4148727522;2021-01=0.6545786913;2021-02=0.6613129058;2021-03=0.6177639676;2021-04=0.6517830477;2021-05=0.7108687023;2021-06=0.6918128519;2021-07=0.6747447853;2021-08=0.7092990747;2021-09=0.7252249844;2021-10=0.665749819;2021-11=0.6514305023;2021-12=0.6954595276;2022-01=0.6414693155;2022-02=0.64431861;2022-03=0.6718623692;2022-04=0.6907984672;2022-05=0.6871592091;2022-06=0.6561968231;2022-07=0.6099025512;2022-08=0.5616322296;2022-09=0.5599560921;2022-10=0.5186699014;2022-11=0.5006109933;2022-12=0.5078211292;2023-01=0.4343431435;2023-02=0.4443170254;2023-03=0.4589596398;2023-04=0.4920759835;2023-05=0.5038758686;2023-06=0.4942570486;2023-07=0.498828012;2023-08=0.4871985965;2023-09=0.5293074606;2023-10=0.6440433743;2023-11=0.6638696352;2023-12=0.702986677;2024-01=0.6751335005;2024-02=0.6303921972;2024-03=0.6303307993;2024-04=0.6438666178;2024-05=0.6907574924;2024-06=0.6658505114;2024-07=0.647140843;2024-08=0.6342070041;2024-09=0.6823434353;2024-10=0.6510406039;2024-11=0.631693473;2024-12=0.5787366052;2025-01=0.608372803;2025-02=0.5932061014;2025-03=0.6782774292;2025-04=0.6305149041;2025-05=0.6563245069;2025-06=0.6868781113;2025-07=0.6004939656;2025-08=0.6589414176;2025-09=0.7629452498;2025-10=0.7297705394;2025-11=0.6586352673;2025-12=0.6645541085;2026-01=0.738953483;2026-02=0.7763230838;2026-03=0.7756697484;2026-04=0.8125145215;2026-05=0.7249133329;2026-06=0.6917073861;2026-07=0.7168309626,2016-05-31,0.6747447852742054,3,0.49658927099881334,0.38369475771640826,0.49020551043864913,0.0,63,0.5316278515287065,0.5567193217236641,-0.25081689973307497,1.6918666963699533,0.7142857142857143,14,347.04854372078637,0.46518482923874016,0.4670376342770286,0.3682173446075417,0.49020551043864913,2018-07-30~2019-01-03,2018-07-30,2019-01-03,0.9489587924511094,1.1421284964370406,1.0,0,1.9171062784140156,2020-03-23,0.3218946624725132,2020-03-23,0.3218946624725132,2020-03-23,-2.3283064365386963e-10,2022-07-18,0,1.4296382148334612,246,6.0,5.0,0.6107715337694903,0.7221556745764915,0.9291818587752201,1.3460870364713062,1.5784935822324553,1.805482893267739,0.5926136363636364,0.0,0.3333333333333333,15.451591374301136,139.46341463414635,2239,725,5.723301968811541,600585/601225/688516/002466/600309,3.9901938736798988,0.5094509247601157,3440802.938571201,1.146934312857067,2.52%（同期超额 +44.00%）
A,BASE,2011-11-01,trend_x5_w-0.0454_x1c_dtax_sma20_swap_corr1_tranche_slmin_gs1.1u_ma60stop_ca2_addma_swk20_cap0.6s_sp_gso_ebcap0.03r_c0.3h0.035_ex5_lot100_sig1_lrc3_BASE20111101ex5,1064965320.0654002,m3,2011-11-01,2026-08-28,1.1811317865822808,0.6825897831833158,2.7076181276643982,1.206618987154084,0.396076667089418,0.4947067265394991,0.3967527809931257,0.0,141,0.5347286359256769,0.4292008825900051,0.27509178490073816,0.12373342022744538,0.4614639640770891,1.1023091827716358,1.1914867231514148,0.0,117,2016-11=0.148346548;2016-12=0.1237334202;2017-01=0.1680203137;2017-02=0.1820411664;2017-03=0.2247494253;2017-04=0.2139891455;2017-05=0.2150673593;2017-06=0.2739778218;2017-07=0.3230283467;2017-08=0.3655536418;2017-09=0.3736852129;2017-10=0.4038095003;2017-11=0.4608308902;2017-12=0.3988416655;2018-01=0.4292008826;2018-02=0.4450605402;2018-03=0.4627178111;2018-04=0.4725481716;2018-05=0.4403202702;2018-06=0.5086759651;2018-07=0.5505950999;2018-08=0.5347286359;2018-09=0.472327543;2018-10=0.3931199175;2018-11=0.3591456895;2018-12=0.3427203719;2019-01=0.4110287772;2019-02=0.4794644969;2019-03=0.5361563339;2019-04=0.5213731048;2019-05=0.4873199231;2019-06=0.5215924384;2019-07=0.449805829;2019-08=0.4413557451;2019-09=0.4466831222;2019-10=0.4491560671;2019-11=0.4627369031;2019-12=0.4452163612;2020-01=0.3996447181;2020-02=0.3750811147;2020-03=0.2750917849;2020-04=0.2732188827;2020-05=0.2666332192;2020-06=0.2696987463;2020-07=0.3606524381;2020-08=0.367698342;2020-09=0.3377449098;2020-10=0.359073565;2020-11=0.4143913803;2020-12=0.4219916379;2021-01=0.6551822571;2021-02=0.6952919786;2021-03=0.6182593438;2021-04=0.6658799423;2021-05=0.7072071431;2021-06=0.6945239223;2021-07=0.6836225113;2021-08=0.7169692582;2021-09=0.7331661788;2021-10=0.674236014;2021-11=0.6576930931;2021-12=0.701517588;2022-01=0.6477202801;2022-02=0.6507343996;2022-03=0.6797153362;2022-04=0.6994788532;2022-05=0.6955584265;2022-06=0.6656407677;2022-07=0.6203100489;2022-08=0.5714774396;2022-09=0.5701381738;2022-10=0.527785297;2022-11=0.5099183211;2022-12=0.5171207514;2023-01=0.4430379958;2023-02=0.453007541;2023-03=0.4677548314;2023-04=0.5011102108;2023-05=0.5131176177;2023-06=0.5034648688;2023-07=0.5079753876;2023-08=0.4962879969;2023-09=0.538800371;2023-10=0.6544419593;2023-11=0.6743154995;2023-12=0.7137554792;2024-01=0.6891786548;2024-02=0.6438295164;2024-03=0.6438312715;2024-04=0.6585997139;2024-05=0.7051101389;2024-06=0.6804549102;2024-07=0.6603382857;2024-08=0.6467005706;2024-09=0.694437247;2024-10=0.6622402829;2024-11=0.6428779684;2024-12=0.5868939704;2025-01=0.6147576246;2025-02=0.6003444653;2025-03=0.6839584828;2025-04=0.63155836;2025-05=0.6579019282;2025-06=0.6871193433;2025-07=0.6064999907;2025-08=0.6683424243;2025-09=0.7728604749;2025-10=0.7382091016;2025-11=0.6651839377;2025-12=0.6701173952;2026-01=0.7474053464;2026-02=0.7847736635;2026-03=0.7817234975;2026-04=0.8217381751;2026-05=0.7337938885;2026-06=0.6977235641;2026-07=0.7137156659,2016-12-30,0.6986690885905315,2,0.5084789632000357,0.43534584678990806,0.4906863505953333,0.0,57,0.5013904257953415,0.5575742712274261,-0.2286774579612415,1.6953885688682648,0.7142857142857143,14,353.9884400218001,0.48609853583049056,0.4883460942657474,0.3803738670809484,0.4906863505953333,2018-07-30~2019-01-03,2018-07-30,2019-01-03,0.990650209121822,1.1564071191954648,1.0,0,1.9162996118400901,2020-03-23,0.3216092139413941,2020-03-23,0.3216092139413941,2020-03-23,0.0,2012-02-28,0,1.4862074192572592,249,6.0,5.0,0.6103426199079511,0.7174358054275943,0.9300474138363012,1.3404790472696626,1.5865001224703983,1.8075278889869357,0.5875995449374289,0.0,0.3333333333333333,14.310402549731347,136.47791164658634,2225,701,5.986293805407475,600585/601225/002466/688516/600309,4.060137108669248,0.5177499162845115,3636216.371003599,1.2120721236678662,3.82%（同期超额 +44.79%）
A,BASE,2012-05-01,trend_x5_w-0.0454_x1c_dtax_sma20_swap_corr1_tranche_slmin_gs1.1u_ma60stop_ca2_addma_swk20_cap0.6s_sp_gso_ebcap0.03r_c0.3h0.035_ex5_lot100_sig1_lrc3_BASE20120501ex5,1099580373.4884582,m3,2012-05-02,2026-08-28,1.1139931637750395,0.6754874962953775,2.7411385443748184,1.2087427232140253,0.4392951143243541,0.49109095709527795,0.3944472859094348,0.0,135,0.5336011860059071,0.418039913858566,0.33783056831834557,0.19017712329236036,0.4898523776622583,1.1453141019054283,1.1938300843498912,0.0,111,2017-05=0.1901771233;2017-06=0.2484261362;2017-07=0.2975622907;2017-08=0.3378305683;2017-09=0.3461105025;2017-10=0.3738042513;2017-11=0.430153164;2017-12=0.3689756572;2018-01=0.3987183992;2018-02=0.4140807372;2018-03=0.4327509074;2018-04=0.4416074084;2018-05=0.4124946017;2018-06=0.4810982149;2018-07=0.5211520043;2018-08=0.5058924509;2018-09=0.4458304475;2018-10=0.3680449489;2018-11=0.3344668858;2018-12=0.3172454825;2019-01=0.387659145;2019-02=0.4550618759;2019-03=0.5113688707;2019-04=0.4960650208;2019-05=0.4621888752;2019-06=0.4974637022;2019-07=0.4265744475;2019-08=0.4180399139;2019-09=0.4215618558;2019-10=0.42526966;2019-11=0.4384970506;2019-12=0.4143363472;2020-01=0.3766738006;2020-02=0.3533914492;2020-03=0.2548801262;2020-04=0.2537656739;2020-05=0.2462657303;2020-06=0.2483521427;2020-07=0.3343843699;2020-08=0.3448111379;2020-09=0.3130738254;2020-10=0.3380299006;2020-11=0.4033049506;2020-12=0.4072031196;2021-01=0.6503110056;2021-02=0.6576486086;2021-03=0.6125660307;2021-04=0.6477077979;2021-05=0.706065058;2021-06=0.6870855416;2021-07=0.6761595202;2021-08=0.7096360086;2021-09=0.725525285;2021-10=0.6656521048;2021-11=0.6519153642;2021-12=0.6964218133;2022-01=0.6424157794;2022-02=0.6453129299;2022-03=0.6726008909;2022-04=0.6917545155;2022-05=0.6881803452;2022-06=0.6572030608;2022-07=0.6102933679;2022-08=0.5630660053;2022-09=0.561034836;2022-10=0.5206646639;2022-11=0.502332726;2022-12=0.509999602;2023-01=0.4362435742;2023-02=0.4464158021;2023-03=0.4621412497;2023-04=0.4960940358;2023-05=0.5085634682;2023-06=0.4992903748;2023-07=0.5037175542;2023-08=0.4917919781;2023-09=0.533601186;2023-10=0.649103641;2023-11=0.6698134724;2023-12=0.7091387099;2024-01=0.6810585806;2024-02=0.636465123;2024-03=0.6363187267;2024-04=0.6499434215;2024-05=0.6968763699;2024-06=0.6718716896;2024-07=0.6522007508;2024-08=0.6392727286;2024-09=0.6870988762;2024-10=0.6556119507;2024-11=0.6363096042;2024-12=0.5834470952;2025-01=0.6129225891;2025-02=0.5976081436;2025-03=0.6828248283;2025-04=0.632571403;2025-05=0.6589087382;2025-06=0.6890439901;2025-07=0.6029343348;2025-08=0.66132197;2025-09=0.7650917442;2025-10=0.7306425209;2025-11=0.6606890843;2025-12=0.6672484472;2026-01=0.7440730782;2026-02=0.7807892925;2026-03=0.7822748831;2026-04=0.8161911189;2026-05=0.7303023028;2026-06=0.695273863;2026-07=0.7153872451,2017-05-31,0.6957733826292589,2,0.49882756296082875,0.43785990631466243,0.49106876211579775,0.0,51,0.4821796592163492,0.6041124244046636,-0.2642912813802657,1.691332098715935,0.7692307692307693,13,365.5267911628194,0.5102068634571748,0.5120832991095485,0.37938557944122336,0.49106876211579775,2015-04-22~2016-05-26,2015-04-22,2016-05-26,1.0389723452555186,1.2006578019980552,1.0,0,1.9172124868177158,2020-03-23,0.32193222768030033,2020-03-23,0.3219322276803004,2020-03-23,0.0,2012-06-01,0,1.5154605404148442,245,7,5.0,0.6080354159637801,0.7215406944192111,0.9287729995488639,1.3456647135330067,1.5817958488843415,1.8046557500447535,0.5670608595327372,0.0,0.32653061224489793,15.487825715045929,134.42857142857142,2217,677,5.837973140975594,600585/601225/688516/002466/600309,4.001146760833446,0.5100096048031741,3693699.5937984027,1.2312331979328008,4.00%（同期超额 +47.02%）
A,BASE,2012-11-01,trend_x5_w-0.0454_x1c_dtax_sma20_swap_corr1_tranche_slmin_gs1.1u_ma60stop_ca2_addma_swk20_cap0.6s_sp_gso_ebcap0.03r_c0.3h0.035_ex5_lot100_sig1_lrc3_BASE20121101ex5,1609998598.3526711,m3,2012-11-01,2026-08-28,1.1871542911507784,0.6421780599201318,3.0468249076717293,1.2326208107727807,0.446586916721163,0.5069989478857599,0.40767231905453793,0.0,129,0.5923723537294754,0.43796954351493333,0.3547543938186337,0.2480819379899719,0.4898579627848253,1.263391989000031,1.2597751958666135,0.0,105,2017-11=0.4641216599;2017-12=0.3966676709;2018-01=0.3992398761;2018-02=0.4186136613;2018-03=0.4349681825;2018-04=0.4388679302;2018-05=0.4131525002;2018-06=0.4762506249;2018-07=0.522832064;2018-08=0.5050344622;2018-09=0.4445862439;2018-10=0.3670982525;2018-11=0.334600019;2018-12=0.3197185826;2019-01=0.3888767358;2019-02=0.4576819783;2019-03=0.5136405238;2019-04=0.4982286417;2019-05=0.4644922624;2019-06=0.4999545417;2019-07=0.42738438;2019-08=0.4177182741;2019-09=0.4193508712;2019-10=0.4236846701;2019-11=0.4379695435;2019-12=0.4235374476;2020-01=0.3805819964;2020-02=0.3547543938;2020-03=0.2610015308;2020-04=0.2554448959;2020-05=0.248081938;2020-06=0.251832998;2020-07=0.338419989;2020-08=0.3413397407;2020-09=0.3124168771;2020-10=0.3355748602;2020-11=0.4034581831;2020-12=0.408963837;2021-01=0.6618013899;2021-02=0.6707580496;2021-03=0.6257101869;2021-04=0.6597203886;2021-05=0.7184713092;2021-06=0.6976069639;2021-07=0.6849205598;2021-08=0.7187725768;2021-09=0.7348386501;2021-10=0.6746009438;2021-11=0.6608337242;2021-12=0.7055886197;2022-01=0.6512807741;2022-02=0.6542146332;2022-03=0.6816236414;2022-04=0.7008435428;2022-05=0.6972609822;2022-06=0.6660990493;2022-07=0.6188826259;2022-08=0.5714568304;2022-09=0.5693868285;2022-10=0.5288608103;2022-11=0.5104147358;2022-12=0.518126834;2023-01=0.4439738755;2023-02=0.4542096013;2023-03=0.4700215354;2023-04=0.5041564804;2023-05=0.5166991432;2023-06=0.5073819906;2023-07=0.5118482395;2023-08=0.4998562798;2023-09=0.5418988987;2023-10=0.6580232853;2023-11=0.6788440911;2023-12=0.7183816211;2024-01=0.6901378829;2024-02=0.6453012662;2024-03=0.6451497804;2024-04=0.6588594784;2024-05=0.7060430969;2024-06=0.6809018198;2024-07=0.6616955622;2024-08=0.6486762752;2024-09=0.6969506939;2024-10=0.6652569366;2024-11=0.6456619926;2024-12=0.5923723537;2025-01=0.6221034653;2025-02=0.6067662748;2025-03=0.6911984759;2025-04=0.6416969992;2025-05=0.6665273845;2025-06=0.6981561823;2025-07=0.6113700238;2025-08=0.6714271318;2025-09=0.779145401;2025-10=0.7430929714;2025-11=0.6702689523;2025-12=0.6746166938;2026-01=0.7499751243;2026-02=0.7869747143;2026-03=0.7837077053;2026-04=0.8200407202;2026-05=0.7367305601;2026-06=0.7011780255;2026-07=0.7230602451,2020-05-29,0.7039904024696354,2,0.5173302129137323,0.45238911139341087,0.4925464801211885,0.0,45,0.5534138522643364,0.6178897647469557,-0.2750514132636268,1.6917746302699541,0.8461538461538461,13,535.6661994508904,0.5758279907173118,0.578656116352418,0.3867761282358972,0.4925464801211885,2015-12-25~2016-05-26,2015-12-25,2016-05-26,1.1690835564912216,1.2969343257395778,1.0,0,1.9170520699927245,2020-03-23,0.32187548770913993,2020-03-23,0.3218754877091399,2020-03-23,0.0,2012-11-12,0,1.547818169123234,233,6.5,5.0,0.61082875818545,0.7278539253175281,0.9287225620913577,1.3583510785384363,1.5800014310685968,1.8051758857112588,0.5908278737343657,0.0,0.3218884120171674,15.895544246699643,139.48497854077254,2139,665,5.9795843395471,600585/601225/002466/688516/600309,4.039021397162202,0.497822967207997,5438428.731553997,1.8128095771846657,5.33%（同期超额 +52.26%）
A,BASE,2013-05-01,trend_x5_w-0.0454_x1c_dtax_sma20_swap_corr1_tranche_slmin_gs1.1u_ma60stop_ca2_addma_swk20_cap0.6s_sp_gso_ebcap0.03r_c0.3h0.035_ex5_lot100_sig1_lrc3_BASE20130501ex5,1006685751.0345249,m3,2013-05-02,2026-08-28,1.3171302805435032,0.678827260537208,2.999535496108724,1.2736161949160536,0.48194608453902443,0.5281481788822671,0.4153652064333855,0.0,123,0.6122391564465686,0.4306887178343748,0.336472293941809,0.25926094609004124,0.5000070557074994,1.2896697818673954,1.3049801649304273,0.0,99,2018-05=0.3985939;2018-06=0.4282072441;2018-07=0.4746218399;2018-08=0.4557082395;2018-09=0.3649895374;2018-10=0.3057893553;2018-11=0.2741987328;2018-12=0.266544;2019-01=0.3202724882;2019-02=0.4088317951;2019-03=0.4949423655;2019-04=0.4647954098;2019-05=0.4464866422;2019-06=0.4854368706;2019-07=0.4147242556;2019-08=0.408654091;2019-09=0.4210882135;2019-10=0.4306887178;2019-11=0.4568424507;2019-12=0.4241094584;2020-01=0.3847465688;2020-02=0.369780901;2020-03=0.2719025547;2020-04=0.2672800354;2020-05=0.2592609461;2020-06=0.2636529226;2020-07=0.3393314059;2020-08=0.3403132489;2020-09=0.3112870088;2020-10=0.3364722939;2020-11=0.4102554077;2020-12=0.4141016613;2021-01=0.6448439905;2021-02=0.6417229238;2021-03=0.6331411578;2021-04=0.6603655665;2021-05=0.724904255;2021-06=0.7326039674;2021-07=0.7031040954;2021-08=0.7450600314;2021-09=0.7607254592;2021-10=0.7095643297;2021-11=0.679894186;2021-12=0.715965561;2022-01=0.6637089268;2022-02=0.6639365178;2022-03=0.6962651148;2022-04=0.7124032318;2022-05=0.7033167405;2022-06=0.673222463;2022-07=0.6432224023;2022-08=0.5766068595;2022-09=0.5796249799;2022-10=0.5191445883;2022-11=0.5045001146;2022-12=0.5052164457;2023-01=0.4376279068;2023-02=0.4452716823;2023-03=0.4586916491;2023-04=0.4924743751;2023-05=0.5045285727;2023-06=0.4923785236;2023-07=0.494733649;2023-08=0.4836822818;2023-09=0.5282128981;2023-10=0.6472608852;2023-11=0.6654553473;2023-12=0.7046545478;2024-01=0.6756514509;2024-02=0.6296762583;2024-03=0.6296270573;2024-04=0.6428949446;2024-05=0.6899839018;2024-06=0.6649557029;2024-07=0.6468637471;2024-08=0.6327737836;2024-09=0.6818609985;2024-10=0.6494739568;2024-11=0.6277153096;2024-12=0.5735912142;2025-01=0.6005197968;2025-02=0.5839468131;2025-03=0.6797926041;2025-04=0.6284212622;2025-05=0.6549090174;2025-06=0.6857528868;2025-07=0.6122391564;2025-08=0.6714113344;2025-09=0.7772586104;2025-10=0.7422259586;2025-11=0.6602224339;2025-12=0.6699708837;2026-01=0.7431515837;2026-02=0.7780866543;2026-03=0.7775759175;2026-04=0.8125629775;2026-05=0.7271129674;2026-06=0.6929242362;2026-07=0.7146793122,2020-05-29,0.7088917038061917,2,0.5165795296846951,0.45059452779394005,0.5000070557074994,0.0,39,0.48677203704982686,0.64291966355196,-0.2785477205128267,1.7455807596771766,0.8333333333333334,12,334.5619170115083,0.5473503933425183,0.5491560476752955,0.3861865333050922,0.5000070557074994,2018-07-30~2019-01-03,2018-07-30,2019-01-03,1.0946853391259233,1.2499995290098136,1.0,0,1.8838834450055473,2020-03-23,0.30993607728413786,2020-03-23,0.30993607728413786,2020-03-23,-3.637978807091713e-12,2013-11-04,0,1.5273095842523956,227,7.0,5.0,0.6023623262161858,0.7214722183188831,0.9650902930531764,1.3648287247410162,1.6008007653883354,1.997260803067395,0.5233064014916097,0.0,0.3392070484581498,14.384473532548855,138.73568281938327,2025,615,5.946556826139711,600585/600309/688516/002466/601225,3.960827947375087,0.5161445953358257,3440433.371673803,1.1468111238912677,5.03%（同期超额 +49.71%）
A,BASE,2013-11-01,trend_x5_w-0.0454_x1c_dtax_sma20_swap_corr1_tranche_slmin_gs1.1u_ma60stop_ca2_addma_swk20_cap0.6s_sp_gso_ebcap0.03r_c0.3h0.035_ex5_lot100_sig1_lrc3_BASE20131101ex5,933629131.8741893,m3,2013-11-01,2026-08-28,1.3560061325977575,0.7478766541632456,3.068450719945741,1.281452713139531,0.44448616804616703,0.5329091278469051,0.4270759305845817,0.0,117,0.633577929076224,0.4473284282644663,0.33990972908496375,0.23554230634348183,0.4999231834883141,1.3404430477050528,1.3199821544580026,0.0,93,2018-11=0.253857384;2018-12=0.2355423063;2019-01=0.3094862808;2019-02=0.3943656132;2019-03=0.4791344635;2019-04=0.4473284283;2019-05=0.4336986146;2019-06=0.468853546;2019-07=0.4022489506;2019-08=0.397217201;2019-09=0.4115000733;2019-10=0.428062348;2019-11=0.4490599841;2019-12=0.4103737828;2020-01=0.3891901455;2020-02=0.3857336315;2020-03=0.2844430583;2020-04=0.2694131503;2020-05=0.2643640697;2020-06=0.2641477888;2020-07=0.3399097291;2020-08=0.3413635517;2020-09=0.3111208857;2020-10=0.3362967318;2020-11=0.4106382873;2020-12=0.41491219;2021-01=0.6456642516;2021-02=0.6424621611;2021-03=0.6335779291;2021-04=0.6614817712;2021-05=0.7272155956;2021-06=0.7357848683;2021-07=0.7130358793;2021-08=0.7514177818;2021-09=0.7669999457;2021-10=0.7154942209;2021-11=0.6857330534;2021-12=0.7219346278;2022-01=0.6695130798;2022-02=0.6701185557;2022-03=0.7029847891;2022-04=0.7191049236;2022-05=0.7100883434;2022-06=0.6788038472;2022-07=0.6495620638;2022-08=0.5786839865;2022-09=0.5844240122;2022-10=0.5238878615;2022-11=0.5093820054;2022-12=0.5100325922;2023-01=0.4419333426;2023-02=0.4497728541;2023-03=0.4640163045;2023-04=0.4986043427;2023-05=0.5108758468;2023-06=0.4988156493;2023-07=0.5011423053;2023-08=0.4897073551;2023-09=0.5342473362;2023-10=0.6539872452;2023-11=0.6727874081;2023-12=0.7121556582;2024-01=0.6831856463;2024-02=0.6370760939;2024-03=0.6382006904;2024-04=0.65117631;2024-05=0.6982042222;2024-06=0.6730013419;2024-07=0.6543927715;2024-08=0.6401362469;2024-09=0.6925694358;2024-10=0.6609807521;2024-11=0.628362312;2024-12=0.5690690094;2025-01=0.5960264713;2025-02=0.5739585324;2025-03=0.6672030953;2025-04=0.6153642493;2025-05=0.6466983951;2025-06=0.6835491476;2025-07=0.6034499347;2025-08=0.6618957039;2025-09=0.76977487;2025-10=0.7355635542;2025-11=0.6505268647;2025-12=0.6662789404;2026-01=0.7422878175;2026-02=0.7775077557;2026-03=0.774361916;2026-04=0.8063746289;2026-05=0.7274035157;2026-06=0.6885266729;2026-07=0.7028729317,2018-12-28,0.707954405499017,2,0.5232197023828415,0.454715509203357,0.4999231834883141,0.0,33,0.4201540969513009,0.6261252577300199,-0.2762039630788298,1.7456562330264571,0.8333333333333334,12,310.2097106247298,0.5647514699305236,0.5664158545084703,0.39221703295561294,0.4999231834883141,2018-07-30~2019-01-03,2018-07-30,2019-01-03,1.1296764954764793,1.2656724265179642,1.0,0,1.8838787123605778,2020-03-23,0.3099343437184199,2020-03-23,0.30993434371842,2020-03-23,0.0,2013-11-15,0,1.525245738203815,223,6,5,0.6091015037155729,0.7255719212108923,0.9651295541300103,1.3950917264842393,1.6160757037144016,1.9976124630045855,0.5783015821762997,0.0,0.3183856502242152,15.458977502125235,133.5605381165919,1910,610,6.230910362337273,600585/600309/688516/002466/601225,4.010902129232975,0.525129833751389,3343614.249183401,1.1145380830611338,5.45%（同期超额 +51.03%）
A,BASE,2014-05-01,trend_x5_w-0.0454_x1c_dtax_sma20_swap_corr1_tranche_slmin_gs1.1u_ma60stop_ca2_addma_swk20_cap0.6s_sp_gso_ebcap0.03r_c0.3h0.035_ex5_lot100_sig1_lrc3_BASE20140501ex5,1471334944.5625906,m3,2014-05-05,2026-08-28,1.517557823445113,0.8217358065537836,3.0495201060803967,1.3132225159187663,0.4110529272287111,0.5523106765090207,0.44684370512119376,0.0,111,0.6401400754599931,0.47842757292961635,0.3876808630477091,0.26441973296008214,0.4975974849928423,1.398236961830902,1.3435427674731635,0.0,87,2019-05=0.4784275729;2019-06=0.520030621;2019-07=0.4690850294;2019-08=0.4699975383;2019-09=0.4694729063;2019-10=0.4663938172;2019-11=0.4635534413;2019-12=0.4192537498;2020-01=0.4032440684;2020-02=0.387680863;2020-03=0.2690050809;2020-04=0.2716691765;2020-05=0.264419733;2020-06=0.2698699925;2020-07=0.3519426591;2020-08=0.3622001349;2020-09=0.3300532809;2020-10=0.3532262674;2020-11=0.4205768517;2020-12=0.4266629635;2021-01=0.6598249719;2021-02=0.6950777291;2021-03=0.6344481676;2021-04=0.6798659579;2021-05=0.7323730762;2021-06=0.7357061956;2021-07=0.7105234156;2021-08=0.7513318444;2021-09=0.7668022065;2021-10=0.7151249811;2021-11=0.6858640469;2021-12=0.7231150717;2022-01=0.669055276;2022-02=0.6702160163;2022-03=0.7022521566;2022-04=0.7191201596;2022-05=0.7119605437;2022-06=0.6798544757;2022-07=0.6464131294;2022-08=0.5774202765;2022-09=0.5827213816;2022-10=0.5257830065;2022-11=0.5110219977;2022-12=0.5124713966;2023-01=0.4425239515;2023-02=0.450990817;2023-03=0.4644966142;2023-04=0.4980657073;2023-05=0.5095106537;2023-06=0.4979319486;2023-07=0.5011600441;2023-08=0.4896783583;2023-09=0.5343890472;2023-10=0.6526061032;2023-11=0.670961239;2023-12=0.709849929;2024-01=0.6820345845;2024-02=0.6351662467;2024-03=0.63479953;2024-04=0.6481733;2024-05=0.695792167;2024-06=0.6700271815;2024-07=0.6536836398;2024-08=0.6401400755;2024-09=0.6984697393;2024-10=0.6691201573;2024-11=0.6373964981;2024-12=0.5747493961;2025-01=0.6042509739;2025-02=0.5844168757;2025-03=0.6794493578;2025-04=0.628778014;2025-05=0.6581470088;2025-06=0.6960208515;2025-07=0.6126722828;2025-08=0.6744641283;2025-09=0.7863562318;2025-10=0.754332709;2025-11=0.6691743466;2025-12=0.6857678852;2026-01=0.7619124637;2026-02=0.797737816;2026-03=0.7861031791;2026-04=0.821506097;2026-05=0.7408507509;2026-06=0.7016342828;2026-07=0.7228715576,2020-05-29,0.7166974865951877,2,0.5507781074805729,0.45981720818893734,0.4975974849928423,0.0,27,0.4303839004251968,0.66051619203711,-0.258728536123389,1.7445209888807112,0.8181818181818182,11,489.4449815208635,0.6538013774581695,0.6554178986066015,0.3933064843318941,0.4975974849928423,2018-07-30~2019-01-03,2018-07-30,2019-01-03,1.3139161615086823,1.4060987152334439,1.0,0,1.8830851692690573,2020-03-23,0.3096435460194236,2020-03-23,0.30964354601942357,2020-03-23,0.0,2014-05-13,0,1.5402232215831224,218,7.0,5.0,0.6053526980430508,0.7282638314139405,0.9641322896271971,1.3292610551390822,1.6086866639626687,1.9994796750263,0.5496997998665777,0.0,0.37155963302752293,12.519322841970146,141.3256880733945,1942,661,6.199921777988482,600585/600309/601225/688516/002466,4.053320703089349,0.5204745983928661,5186592.2242124025,1.7288640747374675,6.55%（同期超额 +58.83%）
A,BASE,2014-11-01,trend_x5_w-0.0454_x1c_dtax_sma20_swap_corr1_tranche_slmin_gs1.1u_ma60stop_ca2_addma_swk20_cap0.6s_sp_gso_ebcap0.03r_c0.3h0.035_ex5_lot100_sig1_lrc3_BASE20141101ex5,1142338346.6433249,m3,2014-11-03,2026-08-28,1.5999484031931235,0.9028325992921771,3.031940293390205,1.359099611852302,0.41157155474317575,0.551112179817338,0.45614820529255273,0.0,105,0.6448520370239887,0.4968058698587978,0.4036232033203564,0.27950113502862184,0.49080381932717665,1.4027961090535288,1.3513861152731625,0.0,81,2019-11=0.4408471796;2019-12=0.4116646674;2020-01=0.4083839864;2020-02=0.4036232033;2020-03=0.279501135;2020-04=0.2904829255;2020-05=0.2840501909;2020-06=0.2885720541;2020-07=0.3719753624;2020-08=0.3857159838;2020-09=0.3507299372;2020-10=0.3779475979;2020-11=0.4390714776;2020-12=0.4497415692;2021-01=0.6840193751;2021-02=0.6846520167;2021-03=0.6187570304;2021-04=0.6565296728;2021-05=0.69770061;2021-06=0.6884976881;2021-07=0.6970031451;2021-08=0.7243900882;2021-09=0.7360469198;2021-10=0.6850093307;2021-11=0.661636299;2021-12=0.6976016883;2022-01=0.6543140523;2022-02=0.6642774388;2022-03=0.6913314913;2022-04=0.6980248324;2022-05=0.6852964032;2022-06=0.6719039792;2022-07=0.6277870812;2022-08=0.5691567802;2022-09=0.5666323899;2022-10=0.5170841784;2022-11=0.5071886397;2022-12=0.5055979232;2023-01=0.4359481558;2023-02=0.443024211;2023-03=0.4572228369;2023-04=0.4911839309;2023-05=0.503660591;2023-06=0.4941190546;2023-07=0.4968058699;2023-08=0.4856176621;2023-09=0.5291145435;2023-10=0.644852037;2023-11=0.6638792072;2023-12=0.7016281569;2024-01=0.6753054569;2024-02=0.6304067056;2024-03=0.6306669861;2024-04=0.6444732277;2024-05=0.6923513768;2024-06=0.6673326024;2024-07=0.6492462853;2024-08=0.6356778651;2024-09=0.6848282893;2024-10=0.6525763282;2024-11=0.6303119969;2024-12=0.5756763596;2025-01=0.6028660002;2025-02=0.5861179043;2025-03=0.6826945995;2025-04=0.6335907064;2025-05=0.6560857204;2025-06=0.6867033972;2025-07=0.6156821264;2025-08=0.6772614062;2025-09=0.7863122168;2025-10=0.7520425291;2025-11=0.6826795469;2025-12=0.6870776354;2026-01=0.7602296378;2026-02=0.8018404257;2026-03=0.8028536046;2026-04=0.8351043553;2026-05=0.7445537647;2026-06=0.7073315822;2026-07=0.7215573615,2020-03-31,0.7092802532993596,2,0.5532677744044867,0.4672587396405177,0.49080381932717665,0.0,21,0.4183216241548695,0.6377179500696024,-0.23106913471781565,1.7062583605995045,0.8181818181818182,11,379.7794488811083,0.6534633670483927,0.6555583170822052,0.38566746046707934,0.49080381932717665,2018-07-30~2019-01-03,2018-07-30,2019-01-03,1.3314145923807186,1.4277553730466597,1.0,0,1.8823100216466182,2020-03-23,0.3093592527001591,2020-03-23,0.3093592527001592,2020-03-23,0.0,2014-11-06,0,1.5383731156973695,198,7,5.0,0.599118676160505,0.7336722644171094,0.9670328350146357,1.279438959692384,1.610743820738286,2.007106504776802,0.4911304347826087,0.0,0.37373737373737376,12.781486634608125,144.13131313131314,1806,669,5.905818042504941,600585/600309/688516/002466/601225,4.08313395713356,0.5437723359289613,3810827.1822099993,1.2702757274033332,5.46%（同期超额 +59.89%）
A,BASE,2015-05-01,trend_x5_w-0.0454_x1c_dtax_sma20_swap_corr1_tranche_slmin_gs1.1u_ma60stop_ca2_addma_swk20_cap0.6s_sp_gso_ebcap0.03r_c0.3h0.035_ex5_lot100_sig1_lrc3_BASE20150501ex5,428095763.9814181,m3,2015-05-04,2026-08-28,1.5511815844581762,0.803793798826346,3.0513876338367525,1.3288359892812782,0.4103123567833924,0.5538522924436051,0.45391048332354145,0.0,99,0.6447780094159763,0.5175610180942669,0.4162529623564115,0.2590590217102131,0.4998848881654542,1.420282561642966,1.3607885960448116,0.0,75,2020-05=0.2590590217;2020-06=0.2722588452;2020-07=0.340282327;2020-08=0.3395718473;2020-09=0.3060489528;2020-10=0.3341223194;2020-11=0.4084120375;2020-12=0.4162529624;2021-01=0.6445425769;2021-02=0.6418666564;2021-03=0.6326155277;2021-04=0.6598658061;2021-05=0.724152685;2021-06=0.7317878717;2021-07=0.7030035536;2021-08=0.7423515127;2021-09=0.7580721033;2021-10=0.7068132702;2021-11=0.6774653464;2021-12=0.7134467443;2022-01=0.6614247765;2022-02=0.6616293031;2022-03=0.6938078073;2022-04=0.7099777895;2022-05=0.7010621306;2022-06=0.6702657757;2022-07=0.6402698974;2022-08=0.5745001351;2022-09=0.577520281;2022-10=0.5175610181;2022-11=0.5028696708;2022-12=0.503705632;2023-01=0.4361520439;2023-02=0.443817471;2023-03=0.4582723966;2023-04=0.4928357281;2023-05=0.5055724415;2023-06=0.4937390478;2023-07=0.4958941604;2023-08=0.4845832238;2023-09=0.528738259;2023-10=0.6484546736;2023-11=0.6674684679;2023-12=0.7067638215;2024-01=0.683578427;2024-02=0.6373539161;2024-03=0.6371354608;2024-04=0.6521883834;2024-05=0.6985770401;2024-06=0.6734774819;2024-07=0.6525693066;2024-08=0.6374673949;2024-09=0.6892240343;2024-10=0.6554320887;2024-11=0.6234977548;2024-12=0.5603479017;2025-01=0.5850050072;2025-02=0.5656469454;2025-03=0.6561847494;2025-04=0.6012757846;2025-05=0.6311542904;2025-06=0.666187363;2025-07=0.5864970027;2025-08=0.6447780094;2025-09=0.7511107852;2025-10=0.7168046162;2025-11=0.6351610728;2025-12=0.6497959314;2026-01=0.728753116;2026-02=0.7609173262;2026-03=0.7562912559;2026-04=0.7869077436;2026-05=0.7061475287;2026-06=0.6699005623;2026-07=0.6888763527,2020-05-29,0.6959399531325338,2,0.5285387622113704,0.4559069629392989,0.4998848881654542,0.0,15,0.5928024908518946,0.6629623013199204,-0.273535761802571,1.7432968191146143,0.8,10,141.69858799380603,0.5500609059823758,0.5517039188409631,0.38166889639544943,0.4998848881654542,2018-07-30~2019-01-03,2018-07-30,2019-01-03,1.100375144367865,1.2692101395497406,1.0,0,1.8841861186589117,2020-03-23,0.31004692841846854,2020-03-23,0.3100469284184686,2020-03-23,0.0,2015-11-10,0,1.5045697212990599,203,7.0,5.0,0.6053235615011667,0.7344095551301201,0.9649773502493882,1.3782463859166227,1.6165419278886204,1.9956960186594777,0.5516981132075471,0.0,0.28078817733990147,17.315755789874075,129.45320197044336,1693,490,6.160888455578648,600309/600585/688516/601225/002466,3.9795843969460343,0.59956465897892,1564684.940669601,0.5215616468898671,-0.17%（同期超额 +55.18%）
A,BASE,2015-11-01,trend_x5_w-0.0454_x1c_dtax_sma20_swap_corr1_tranche_slmin_gs1.1u_ma60stop_ca2_addma_swk20_cap0.6s_sp_gso_ebcap0.03r_c0.3h0.035_ex5_lot100_sig1_lrc3_BASE20151101ex5,489946180.1330671,m3,2015-11-02,2026-08-28,1.7222837906174404,0.8541291655088659,3.0431179235140937,1.346015801310955,0.41053321549366584,0.5581216108347764,0.4761923389227094,0.0,93,0.6580661537500887,0.5814223254064887,0.49260753399243296,0.41203176816836984,0.444462115224065,1.4532292791749322,1.372381538009104,0.0,69,2020-11=0.4120317682;2020-12=0.4226993748;2021-01=0.6428035714;2021-02=0.6401428588;2021-03=0.6308871319;2021-04=0.6580661538;2021-05=0.7222545004;2021-06=0.7298689595;2021-07=0.7011674968;2021-08=0.7432911603;2021-09=0.7590020272;2021-10=0.7075982523;2021-11=0.6782742352;2021-12=0.7143410623;2022-01=0.662312382;2022-02=0.6628775041;2022-03=0.6954912873;2022-04=0.7116457182;2022-05=0.7028230036;2022-06=0.6721244176;2022-07=0.6421547612;2022-08=0.5762040953;2022-09=0.5793425531;2022-10=0.5192195013;2022-11=0.5045081006;2022-12=0.505306137;2023-01=0.4377350465;2023-02=0.4452968404;2023-03=0.45879766;2023-04=0.492607534;2023-05=0.5047847429;2023-06=0.4926948816;2023-07=0.495050758;2023-08=0.4839822477;2023-09=0.52841767;2023-10=0.6475673152;2023-11=0.6658529807;2023-12=0.7050552177;2024-01=0.6769667798;2024-02=0.630491448;2024-03=0.6299442786;2024-04=0.64451972;2024-05=0.6911092095;2024-06=0.6649735002;2024-07=0.6470530395;2024-08=0.6320167681;2024-09=0.6814606547;2024-10=0.6494912363;2024-11=0.6284059919;2024-12=0.5707515869;2025-01=0.5965988888;2025-02=0.5814223254;2025-03=0.6747703517;2025-04=0.6243957598;2025-05=0.6493573527;2025-06=0.6817985797;2025-07=0.6101280886;2025-08=0.6702673641;2025-09=0.7783976334;2025-10=0.7447889687;2025-11=0.664153812;2025-12=0.6727869446;2026-01=0.7514972897;2026-02=0.7863461348;2026-03=0.7839060744;2026-04=0.8246529385;2026-05=0.737120036;2026-06=0.7020117882;2026-07=0.7226245215,2020-11-30,0.7118960091429887,2,0.7117442661830287,0.5328146848457125,0.4998464143209844,0.0,9,0.6199971841619234,0.6773395335201636,-0.252903214284671,1.7447416240062812,0.8,10,162.31539337768902,0.6015164947035392,0.603544922141444,0.3904872215457933,0.4998464143209844,2018-07-30~2019-01-03,2018-07-30,2019-01-03,1.2034026402303362,1.334211766838717,1.0,0,1.883880096369165,2020-03-23,0.30993485068104243,2020-03-23,0.30993485068104243,2020-03-23,-1.4551915228366852e-11,2019-12-25,0,1.5686774843041662,189,7,5,0.6048716095300116,0.7348798940825837,0.9649032802870378,1.3749224873457995,1.6155502572806775,1.996711439920219,0.5477194327328478,0.0,0.31746031746031744,15.841664639922072,134.68253968253967,1646,454,6.078795098778874,600309/600585/002466/688516/601225,4.1312194503100805,0.6157744545016045,1669003.4919379996,0.5563344973126665,2.83%（同期超额 +57.32%）
A,BASE,2016-05-01,trend_x5_w-0.0454_x1c_dtax_sma20_swap_corr1_tranche_slmin_gs1.1u_ma60stop_ca2_addma_swk20_cap0.6s_sp_gso_ebcap0.03r_c0.3h0.035_ex5_lot100_sig1_lrc3_BASE20160501ex5,798948521.5126563,m3,2016-05-03,2026-08-28,1.8154262815409503,0.949331737571324,3.0206189583567618,1.369745106644512,0.41062360034555867,0.5726349770841648,0.47595715800862926,0.0,87,0.6584368764179196,0.5863522365457854,0.4895645343373616,0.4327873164046636,0.41062360034555867,1.5112471394934657,1.3786325757470081,0.0,63,2021-05=0.7195487092;2021-06=0.7258499431;2021-07=0.6972783338;2021-08=0.7389782943;2021-09=0.7544477653;2021-10=0.7034038282;2021-11=0.6735286157;2021-12=0.7102309206;2022-01=0.6570291042;2022-02=0.6579641174;2022-03=0.6897927317;2022-04=0.7064596213;2022-05=0.6983809865;2022-06=0.6672395728;2022-07=0.6355074027;2022-08=0.56722375;2022-09=0.5722510969;2022-10=0.5148407849;2022-11=0.500232771;2022-12=0.501710671;2023-01=0.4327873164;2023-02=0.4408859729;2023-03=0.4541067514;2023-04=0.4875886124;2023-05=0.4989653159;2023-06=0.4868017702;2023-07=0.4895645343;2023-08=0.4783672533;2023-09=0.5228362587;2023-10=0.6405246641;2023-11=0.6584368764;2023-12=0.6974078351;2024-01=0.6699165872;2024-02=0.6233038252;2024-03=0.623006453;2024-04=0.6361827418;2024-05=0.6835056623;2024-06=0.6579233068;2024-07=0.6420591914;2024-08=0.6273881494;2024-09=0.6793931731;2024-10=0.6485800475;2024-11=0.627577882;2024-12=0.5722622372;2025-01=0.6012025106;2025-02=0.5863522365;2025-03=0.6818966329;2025-04=0.6323729141;2025-05=0.6599561028;2025-06=0.6933647796;2025-07=0.6182842875;2025-08=0.6767817617;2025-09=0.7851130215;2025-10=0.7519906303;2025-11=0.6697849892;2025-12=0.6806057724;2026-01=0.754133346;2026-02=0.7917016456;2026-03=0.7870326865;2026-04=0.8202292911;2026-05=0.735476514;2026-06=0.7012381063;2026-07=0.7228006605,2023-01-31,0.7100394971394892,2,0.7134998362872116,0.7099918814098483,0.49922196413489794,0.0,3,0.8706521363387336,0.7836454040825682,-0.23736177207695253,1.743894612803151,0.8888888888888888,9,265.3161738375521,0.7180778426519059,0.7209795010170439,0.38533423417860835,0.49922196413489794,2018-07-30~2019-01-03,2018-07-30,2019-01-03,1.4383939294343018,1.530596513469089,1.0,0,1.8837528470892586,2020-03-23,0.30988823612994837,2020-03-23,0.3098882361299483,2020-03-23,0.0,2016-05-25,0,1.5947290017156346,167,7,5,0.6080676204510967,0.7379750256195119,0.9646557944430018,1.3728894345220315,1.6180674331722118,1.9974230587365853,0.5914707054603427,0.0,0.3772455089820359,12.49181445244236,145.76646706586826,1514,402,5.962305642975114,600585/600309/688516/002466/601225,4.112279625321207,0.6060727947063392,2682760.6031996007,0.8942535343998669,3.76%（同期超额 +68.05%）
A,STOPMAX,2009-11-01,trend_x5_w-0.0454_x1c_dtax_sma20_swap_corr1_tranche_slmax_gs1.1u_ma60stop_ca2_addma_swk20_cap0.6s_sp_gso_ebcap0.03r_c0.3h0.035_ex5_lot100_sig1_lrc3_STOPMAX20091101ex5,105218387.56650525,m3,2009-11-02,2026-08-28,0.603033605966307,0.09461476462895926,1.2975369553262721,0.6321789448718831,0.35532004792752303,0.20761983523281113,0.12558518315124156,0.04242424242424243,165,0.23370667430223113,0.16037863745807668,0.117812702638463,0.049420343232354114,0.3605731236675612,0.5935408919188266,0.6870119698408335,0.0,141,2014-11=0.0977958999;2014-12=0.1688745063;2015-01=0.1570762821;2015-02=0.1728949503;2015-03=0.2101357024;2015-04=0.2171492357;2015-05=0.2220199183;2015-06=0.2119688932;2015-07=0.2092780397;2015-08=0.2052349771;2015-09=0.2006071116;2015-10=0.1547688037;2015-11=0.140623681;2015-12=0.1649267496;2016-01=0.1217501631;2016-02=0.1178127026;2016-03=0.1239406132;2016-04=0.1162533229;2016-05=0.1010660815;2016-06=0.096845642;2016-07=0.1279713749;2016-08=0.1461136021;2016-09=0.1227897214;2016-10=0.1169036652;2016-11=0.1016836429;2016-12=0.09265168857;2017-01=0.1042038621;2017-02=0.09444428769;2017-03=0.1318280955;2017-04=0.1277149598;2017-05=0.1192189964;2017-06=0.13884063;2017-07=0.1680597653;2017-08=0.2255238606;2017-09=0.2109952788;2017-10=0.2620147473;2017-11=0.3046067893;2017-12=0.2624558273;2018-01=0.2700487789;2018-02=0.2890207941;2018-03=0.2830013593;2018-04=0.2865388047;2018-05=0.2848337149;2018-06=0.2940212796;2018-07=0.3006439538;2018-08=0.2834009329;2018-09=0.1960949612;2018-10=0.2080891757;2018-11=0.1884570972;2018-12=0.2005815698;2019-01=0.2226217473;2019-02=0.2661394678;2019-03=0.2913674643;2019-04=0.2599891302;2019-05=0.2468697623;2019-06=0.2337066743;2019-07=0.1917078633;2019-08=0.1782116945;2019-09=0.1603786375;2019-10=0.1675156794;2019-11=0.1589396416;2019-12=0.1530458682;2020-01=0.1447841773;2020-02=0.1121388292;2020-03=0.04981393582;2020-04=0.05156092657;2020-05=0.04942034323;2020-06=0.05962200877;2020-07=0.1244741877;2020-08=0.1322520999;2020-09=0.1260955007;2020-10=0.1442748669;2020-11=0.2047786616;2020-12=0.2088494448;2021-01=0.3332796242;2021-02=0.3037749376;2021-03=0.3055776924;2021-04=0.2932869466;2021-05=0.3155169896;2021-06=0.3546304224;2021-07=0.3782477401;2021-08=0.3795985478;2021-09=0.386832098;2021-10=0.3685528472;2021-11=0.3810617078;2021-12=0.3898885654;2022-01=0.3669193306;2022-02=0.3768989339;2022-03=0.347331763;2022-04=0.3544203827;2022-05=0.3645908667;2022-06=0.4048591176;2022-07=0.3544403741;2022-08=0.2723115152;2022-09=0.293584378;2022-10=0.2222676882;2022-11=0.1879249276;2022-12=0.1942190508;2023-01=0.1535828204;2023-02=0.1609526152;2023-03=0.1636641387;2023-04=0.199186204;2023-05=0.2026011233;2023-06=0.1969911824;2023-07=0.2148548037;2023-08=0.1993700568;2023-09=0.2263059201;2023-10=0.235084302;2023-11=0.2399958708;2023-12=0.2356754495;2024-01=0.2705069619;2024-02=0.2543060572;2024-03=0.2495743255;2024-04=0.2626587734;2024-05=0.2962163465;2024-06=0.2982933636;2024-07=0.3064063758;2024-08=0.3091605228;2024-09=0.3663861786;2024-10=0.3774970518;2024-11=0.3563254715;2024-12=0.2741062352;2025-01=0.2979884834;2025-02=0.305741047;2025-03=0.3517870258;2025-04=0.3309415163;2025-05=0.3566973644;2025-06=0.3791175765;2025-07=0.3098651207;2025-08=0.3550723836;2025-09=0.417395791;2025-10=0.4036462926;2025-11=0.3485371245;2025-12=0.3412114479;2026-01=0.3199800863;2026-02=0.355422631;2026-03=0.3362886553;2026-04=0.3843418843;2026-05=0.3657117291;2026-06=0.3131932131;2026-07=0.272080216,2020-05-29,0.27208021596057486,3,0.23485836706155006,0.16093321078834832,0.44252852157868616,0.0,81,0.23044401023519034,0.29080775909263434,-0.29152801755472935,0.996953938760883,0.6875,16,34.07279585550175,0.23555113801955763,0.23649374380748145,0.3290307096393912,0.44252852157868616,2021-09-13~2022-11-24,2021-09-13,2022-11-24,0.5322846472793374,0.7163247036989323,0.9845890410958904,0,2.2518215474001178,2020-02-28,0.4226895992264844,2020-02-28,0.4226895992264844,2020-02-28,-7.275957614183426e-12,2023-10-23,0,1.0661426659038227,691,5,2.0,0.5960425083406629,0.6546964430780513,0.8439637556205192,1.162736386450849,1.4621347827173388,1.7466003545587465,0.475520375256523,0.0,0.2995658465991317,6.513687402834822,42.56150506512301,4600,1220,22.385976404904145,002466/002714/600309/600660/600938,3.1344549815335503,0.5873064432653294,2627303.739408008,0.8757679131360027,1.96%（同期超额 +21.60%）
A,STOPMAX,2010-05-01,trend_x5_w-0.0454_x1c_dtax_sma20_swap_corr1_tranche_slmax_gs1.1u_ma60stop_ca2_addma_swk20_cap0.6s_sp_gso_ebcap0.03r_c0.3h0.035_ex5_lot100_sig1_lrc3_STOPMAX20100501ex5,103249922.54961078,m3,2010-05-04,2026-08-28,0.6096301168172168,0.10634948360596576,1.2521206823866253,0.6466477638232587,0.35519197971792216,0.21436339336543186,0.13442126099951324,0.03773584905660377,159,0.2339843880080248,0.15492688534224142,0.1183876628960312,0.050523079570820695,0.36052513989628154,0.5970723748109733,0.6996027611538637,0.0,135,2015-05=0.2214228196;2015-06=0.2115342478;2015-07=0.2087486127;2015-08=0.2047392833;2015-09=0.2000782331;2015-10=0.1542678175;2015-11=0.1414468942;2015-12=0.1650039547;2016-01=0.1223286127;2016-02=0.1183876629;2016-03=0.1245216824;2016-04=0.1168258306;2016-05=0.1016314738;2016-06=0.09740213416;2016-07=0.1285548055;2016-08=0.1466969102;2016-09=0.1233698589;2016-10=0.1174831468;2016-11=0.1022592937;2016-12=0.09321563499;2017-01=0.1047741852;2017-02=0.09500676183;2017-03=0.1324011053;2017-04=0.1282853662;2017-05=0.119777866;2017-06=0.1393950196;2017-07=0.16864894;2017-08=0.2262122709;2017-09=0.211652686;2017-10=0.2627417486;2017-11=0.3053515037;2017-12=0.2632052919;2018-01=0.2708353146;2018-02=0.2898010023;2018-03=0.2813904753;2018-04=0.293250672;2018-05=0.28527081;2018-06=0.294455808;2018-07=0.3010803696;2018-08=0.2838256038;2018-09=0.1964934962;2018-10=0.2084982977;2018-11=0.1888592141;2018-12=0.2009862686;2019-01=0.2230375601;2019-02=0.2665917602;2019-03=0.292001645;2019-04=0.2605974834;2019-05=0.2474969596;2019-06=0.233984388;2019-07=0.1923443517;2019-08=0.178618607;2019-09=0.1613640196;2019-10=0.1687794701;2019-11=0.1602463015;2019-12=0.154264684;2020-01=0.1460679483;2020-02=0.1133497351;2020-03=0.05096663366;2020-04=0.05264857296;2020-05=0.05052307957;2020-06=0.05921071751;2020-07=0.1196661043;2020-08=0.1275250682;2020-09=0.1217883287;2020-10=0.13843021;2020-11=0.1975468898;2020-12=0.2014338057;2021-01=0.3242564245;2021-02=0.2950364758;2021-03=0.2961700513;2021-04=0.2840826363;2021-05=0.3062330124;2021-06=0.3450118375;2021-07=0.3684421806;2021-08=0.3697913928;2021-09=0.3769595408;2021-10=0.3587978273;2021-11=0.3712232305;2021-12=0.3800011957;2022-01=0.3572049011;2022-02=0.3671023149;2022-03=0.3377410937;2022-04=0.3447855578;2022-05=0.354878519;2022-06=0.3948708287;2022-07=0.3440943676;2022-08=0.2631719357;2022-09=0.2843269528;2022-10=0.2134757515;2022-11=0.1793725464;2022-12=0.1856122245;2023-01=0.1451515419;2023-02=0.152558128;2023-03=0.1549268853;2023-04=0.190118171;2023-05=0.1936601539;2023-06=0.1879525886;2023-07=0.2056768527;2023-08=0.1906385695;2023-09=0.2162782821;2023-10=0.224900928;2023-11=0.2296623766;2023-12=0.2253912634;2024-01=0.25993334;2024-02=0.2438767526;2024-03=0.2391949843;2024-04=0.252164232;2024-05=0.2854279748;2024-06=0.2874901026;2024-07=0.2955267347;2024-08=0.298252767;2024-09=0.354998851;2024-10=0.3657625396;2024-11=0.3468400105;2024-12=0.2642355898;2025-01=0.2880768408;2025-02=0.2958615659;2025-03=0.3418073378;2025-04=0.3213885479;2025-05=0.346610301;2025-06=0.3699082647;2025-07=0.3067571445;2025-08=0.3515267365;2025-09=0.4133384803;2025-10=0.401493496;2025-11=0.3462101844;2025-12=0.338422718;2026-01=0.3172307636;2026-02=0.3505560702;2026-03=0.3336227485;2026-04=0.3817926485;2026-05=0.3648169173;2026-06=0.3116182188;2026-07=0.270566392,2020-05-29,0.2705663919582235,3,0.23214842540021885,0.17935202318098176,0.44255202707080543,0.0,75,0.2232218986382548,0.28980358802727846,-0.28993121837849345,0.9870758417403382,0.6666666666666666,15,33.41664084987026,0.24216314278417972,0.2432158051033637,0.3334738305713042,0.44255202707080543,2021-09-13~2022-11-24,2021-09-13,2022-11-24,0.5471970027728179,0.7262557606318522,1.0,0,2.251553895332379,2020-02-28,0.4226209718119621,2020-02-28,0.4226209718119621,2020-02-28,-5.820766091346741e-11,2022-08-22,0,1.093842336124364,692,5,2.0,0.5983184453336063,0.6553763015854456,0.8444160029360863,1.1751799943972359,1.4649231644794718,1.7466803943412048,0.48936807427373463,0.0,0.30346820809248554,6.411726725832985,42.28901734104046,4558,1198,22.341076399442567,002466/002714/600660/600309/600938,3.1352963992068887,0.5889000932645997,2586467.9631850035,0.8621559877283345,2.75%（同期超额 +21.47%）
A,STOPMAX,2010-11-01,trend_x5_w-0.0454_x1c_dtax_sma20_swap_corr1_tranche_slmax_gs1.1u_ma60stop_ca2_addma_swk20_cap0.6s_sp_gso_ebcap0.03r_c0.3h0.035_ex5_lot100_sig1_lrc3_STOPMAX20101101ex5,82531479.1110242,m3,2010-11-01,2026-08-28,0.6347216173245056,0.19084105654976014,1.2590220703816584,0.665851139602217,0.35042408888766663,0.21705610515212648,0.1477794279367337,0.032679738562091505,153,0.24913070372434265,0.158676487846515,0.11878539580844905,0.053770619716045465,0.36045552919722557,0.6142423905255978,0.7359615851516186,0.0,129,2015-11=0.1413471301;2015-12=0.1644174066;2016-01=0.1236397869;2016-02=0.119693296;2016-03=0.1258365785;2016-04=0.1181329618;2016-05=0.1029265697;2016-06=0.09870347062;2016-07=0.1298854462;2016-08=0.1480484724;2016-09=0.1246789563;2016-10=0.1187853958;2016-11=0.1035418682;2016-12=0.09449014277;2017-01=0.1060676937;2017-02=0.09629500472;2017-03=0.1337100643;2017-04=0.1295886635;2017-05=0.1210736381;2017-06=0.1407208724;2017-07=0.1699809439;2017-08=0.2274918992;2017-09=0.2129589465;2017-10=0.2640055622;2017-11=0.3066523821;2017-12=0.2644306981;2018-01=0.2720405039;2018-02=0.2909835237;2018-03=0.282627359;2018-04=0.2945681098;2018-05=0.2866003937;2018-06=0.2957976263;2018-07=0.3024278133;2018-08=0.2851717884;2018-09=0.1977688573;2018-10=0.2097855326;2018-11=0.1901633371;2018-12=0.2024148249;2019-01=0.2245567994;2019-02=0.2682119255;2019-03=0.2936765308;2019-04=0.2622498545;2019-05=0.2491307037;2019-06=0.235604281;2019-07=0.1938560811;2019-08=0.1800877402;2019-09=0.1627718881;2019-10=0.1668615294;2019-11=0.1613688718;2019-12=0.1586764878;2020-01=0.1518523104;2020-02=0.1180725776;2020-03=0.05551614098;2020-04=0.05610031801;2020-05=0.05377061972;2020-06=0.06411687471;2020-07=0.1247679684;2020-08=0.13196896;2020-09=0.1262228585;2020-10=0.1428649128;2020-11=0.1997424165;2020-12=0.2040901899;2021-01=0.3249693488;2021-02=0.2957689907;2021-03=0.2975647489;2021-04=0.285357821;2021-05=0.3074424518;2021-06=0.3463269978;2021-07=0.3698664026;2021-08=0.3712843568;2021-09=0.3784413062;2021-10=0.3602688751;2021-11=0.3727026788;2021-12=0.381486219;2022-01=0.3586631624;2022-02=0.3685714718;2022-03=0.3391817937;2022-04=0.3462350236;2022-05=0.3563384008;2022-06=0.3963540022;2022-07=0.3464431557;2022-08=0.2646522732;2022-09=0.2857689358;2022-10=0.2149376182;2022-11=0.1808106032;2022-12=0.187087552;2023-01=0.146625026;2023-02=0.1540667981;2023-03=0.1564316208;2023-04=0.1916667137;2023-05=0.1952178356;2023-06=0.1895055286;2023-07=0.2072605057;2023-08=0.1925926769;2023-09=0.2179536399;2023-10=0.2265431606;2023-11=0.2313472945;2023-12=0.2270710339;2024-01=0.2616777951;2024-02=0.2455935279;2024-03=0.2409180727;2024-04=0.2539058701;2024-05=0.2871975101;2024-06=0.2891327616;2024-07=0.2966524623;2024-08=0.2995171494;2024-09=0.3559455022;2024-10=0.3666976544;2024-11=0.3477767203;2024-12=0.2650914287;2025-01=0.2889369224;2025-02=0.2967311729;2025-03=0.3426977104;2025-04=0.3222568291;2025-05=0.347493211;2025-06=0.3698511911;2025-07=0.3057486791;2025-08=0.351815798;2025-09=0.4135678537;2025-10=0.4019617815;2025-11=0.3467759353;2025-12=0.339291108;2026-01=0.3189473588;2026-02=0.3541328915;2026-03=0.3326349741;2026-04=0.3805878179;2026-05=0.3633745552;2026-06=0.3098541588;2026-07=0.2687817986,2020-05-29,0.26878179861015616,3,0.23836353957955714,0.20081050593330074,0.4425168646014058,0.0,69,0.23762872473235674,0.29020659434020235,-0.2839665248943317,0.9941266028242306,0.6666666666666666,15,26.510493037008068,0.23304969921948193,0.233894315369366,0.336146871439397,0.4425168646014058,2021-09-13~2022-11-24,2021-09-13,2022-11-24,0.5266459153582767,0.7009002931801547,1.0,0,2.2515553095654095,2020-02-28,0.42262133447171524,2020-02-28,0.42262133447171535,2020-02-28,0.0,2012-02-28,0,1.1158426452600805,685,5,3.0,0.5984544077514318,0.6558890053206641,0.8447702026309857,1.18078283050067,1.4678576801535035,1.7460085403881807,0.489426907753601,0.0,0.3021897810218978,6.341983961071357,42.28029197080292,4481,1154,22.361970312034906,002466/002714/600660/600309/600938,2.8896109305425934,0.5592497048509637,2068695.324657998,0.6895651082193327,1.93%（同期超额 +21.37%）
A,STOPMAX,2011-05-01,trend_x5_w-0.0454_x1c_dtax_sma20_swap_corr1_tranche_slmax_gs1.1u_ma60stop_ca2_addma_swk20_cap0.6s_sp_gso_ebcap0.03r_c0.3h0.035_ex5_lot100_sig1_lrc3_STOPMAX20110501ex5,81445605.43151581,m3,2011-05-03,2026-08-28,0.6409997950666748,0.25533750941469174,1.2792222316581479,0.6670939162233405,0.3550369090492581,0.21851426713521271,0.14922782261526257,0.013605442176870748,147,0.2607269996123478,0.16694459701426134,0.11824328602608825,0.048976429155823675,0.3604106050255518,0.6436837376189968,0.7421085801133465,0.0,123,2016-05=0.1001407396;2016-06=0.09592096698;2016-07=0.1270193084;2016-08=0.1451424216;2016-09=0.1218380023;2016-10=0.115960355;2016-11=0.1007567343;2016-12=0.09171675914;2017-01=0.1032567483;2017-02=0.09350874576;2017-03=0.130850298;2017-04=0.1267403045;2017-05=0.118243286;2017-06=0.1378445769;2017-07=0.1670191427;2017-08=0.2243185624;2017-09=0.2098487587;2017-10=0.2607269996;2017-11=0.3032615179;2017-12=0.2611395038;2018-01=0.2687485118;2018-02=0.2876731126;2018-03=0.2793119592;2018-04=0.2912255861;2018-05=0.2832949848;2018-06=0.2924579812;2018-07=0.2990722746;2018-08=0.2818584122;2018-09=0.1946730014;2018-10=0.2066579496;2018-11=0.1870732176;2018-12=0.1991770961;2019-01=0.2211851941;2019-02=0.2646878068;2019-03=0.290060819;2019-04=0.2586869289;2019-05=0.2456198592;2019-06=0.2321518841;2019-07=0.1905442759;2019-08=0.1768198652;2019-09=0.1595821553;2019-10=0.166944597;2019-11=0.1584227984;2019-12=0.152480099;2020-01=0.1442876209;2020-02=0.1116325292;2020-03=0.04929662879;2020-04=0.05116384004;2020-05=0.04897642916;2020-06=0.05905339775;2020-07=0.1197808788;2020-08=0.1268982316;2020-09=0.1211884132;2020-10=0.1377308399;2020-11=0.198207801;2020-12=0.2013525199;2021-01=0.324692268;2021-02=0.295503717;2021-03=0.2966330962;2021-04=0.2845388415;2021-05=0.3066769325;2021-06=0.3454408959;2021-07=0.368790357;2021-08=0.3701607613;2021-09=0.377331917;2021-10=0.3591677847;2021-11=0.3715879267;2021-12=0.3803792922;2022-01=0.3575690982;2022-02=0.3674733459;2022-03=0.3381063704;2022-04=0.3451519257;2022-05=0.355247791;2022-06=0.395224279;2022-07=0.3434589966;2022-08=0.2625568716;2022-09=0.2836192247;2022-10=0.212935853;2022-11=0.1788624288;2022-12=0.1851424063;2023-01=0.1448532986;2023-02=0.1521997978;2023-03=0.1548996936;2023-04=0.190152091;2023-05=0.1935297006;2023-06=0.187969464;2023-07=0.2056926981;2023-08=0.1903246019;2023-09=0.217066314;2023-10=0.225776489;2023-11=0.2306466605;2023-12=0.2263772479;2024-01=0.2609606499;2024-02=0.244908887;2024-03=0.2402440588;2024-04=0.2532230195;2024-05=0.2864909115;2024-06=0.2885544279;2024-07=0.2965892372;2024-08=0.2993218803;2024-09=0.3561161625;2024-10=0.3671263013;2024-11=0.3461293293;2024-12=0.2643512196;2025-01=0.2880535381;2025-02=0.2958075923;2025-03=0.3411086686;2025-04=0.3201909744;2025-05=0.3459535298;2025-06=0.3685828622;2025-07=0.3054906153;2025-08=0.3509113904;2025-09=0.4129986961;2025-10=0.4013938039;2025-11=0.3465900382;2025-12=0.3367475944;2026-01=0.3165823495;2026-02=0.3492419528;2026-03=0.3325121478;2026-04=0.3808315218;2026-05=0.3637630483;2026-06=0.310366242;2026-07=0.2694434768,2020-05-29,0.2694434767530711,3,0.23911283393513005,0.20520990655424298,0.44508023861067636,0.0,63,0.31893075945333915,0.3110956276960944,-0.2913059771888086,0.9800608323948441,0.7142857142857143,14,26.148535143838604,0.2404532231587826,0.24133784243248857,0.34168523821196534,0.44508023861067636,2021-09-13~2022-11-24,2021-09-13,2022-11-24,0.5402469089828845,0.7134933665183439,1.0,0,2.251839817344373,2020-02-28,0.4226942831426132,2020-02-28,0.42269428314261326,2020-02-28,-5.820766091346741e-11,2022-07-01,0,1.1488111071327929,683,5.0,3.0,0.600363082348838,0.6564390964882482,0.8441219366510484,1.1856970136940168,1.4700329532185092,1.7466997212148627,0.5040347610180013,0.0,0.3089311859443631,6.184111045215733,42.85944363103953,4520,1143,22.59248798928264,002466/002714/600660/600309/600938,2.8861145558259715,0.5683261534842384,2047199.9672080015,0.6823999890693339,2.52%（同期超额 +21.53%）
A,STOPMAX,2011-11-01,trend_x5_w-0.0454_x1c_dtax_sma20_swap_corr1_tranche_slmax_gs1.1u_ma60stop_ca2_addma_swk20_cap0.6s_sp_gso_ebcap0.03r_c0.3h0.035_ex5_lot100_sig1_lrc3_STOPMAX20111101ex5,82319773.90853953,m3,2011-11-01,2026-08-28,0.6627569417100542,0.3329173799790331,1.2693878652151345,0.6859961733122998,0.35088177067477155,0.22798226894566898,0.1635464780022986,0.0,141,0.2647739850690112,0.1868265321180813,0.12415465821901872,0.051705526250581224,0.36050477479466947,0.663992313592114,0.7575171060219987,0.0,117,2016-11=0.1041084029;2016-12=0.09506179339;2017-01=0.1066466098;2017-02=0.09686522794;2017-03=0.1343175816;2017-04=0.1301946492;2017-05=0.1216658833;2017-06=0.1413262023;2017-07=0.1706235248;2017-08=0.22820203;2017-09=0.2136380018;2017-10=0.2647739851;2017-11=0.3074440695;2017-12=0.265219585;2018-01=0.2728692709;2018-02=0.2918572619;2018-03=0.283429447;2018-04=0.2953781227;2018-05=0.2873859415;2018-06=0.2965774452;2018-07=0.3032125812;2018-08=0.2859589572;2018-09=0.1984691652;2018-10=0.2104921328;2018-11=0.1908409374;2018-12=0.2030936001;2019-01=0.2252449168;2019-02=0.2688612417;2019-03=0.2942619589;2019-04=0.262833658;2019-05=0.2496900591;2019-06=0.2365043155;2019-07=0.1943701806;2019-08=0.1808578833;2019-09=0.1629875189;2019-10=0.1700834848;2019-11=0.1615705974;2019-12=0.1555747953;2020-01=0.1474052645;2020-02=0.1145971587;2020-03=0.05214715805;2020-04=0.05388384706;2020-05=0.05170552625;2020-06=0.06186325739;2020-07=0.1227157272;2020-08=0.1298802978;2020-09=0.1241546582;2020-10=0.1407306754;2020-11=0.1989289783;2020-12=0.202369523;2021-01=0.3241143776;2021-02=0.2932391335;2021-03=0.2950609335;2021-04=0.2828402883;2021-05=0.3048703612;2021-06=0.3436496804;2021-07=0.3669569018;2021-08=0.368285216;2021-09=0.3756357442;2021-10=0.3574926784;2021-11=0.3699163004;2021-12=0.3786723635;2022-01=0.3558895857;2022-02=0.3657715503;2022-03=0.3364422433;2022-04=0.3434820319;2022-05=0.3535630205;2022-06=0.3934881394;2022-07=0.3437746199;2022-08=0.2619240313;2022-09=0.283409793;2022-10=0.2122433201;2022-11=0.1781777122;2022-12=0.184431309;2023-01=0.1440464659;2023-02=0.1514564242;2023-03=0.1538272879;2023-04=0.1889838925;2023-05=0.1925231818;2023-06=0.1868265321;2023-07=0.2045348211;2023-08=0.1891809887;2023-09=0.215891972;2023-10=0.2245909102;2023-11=0.2294593852;2023-12=0.2251728072;2024-01=0.259728724;2024-02=0.2436800961;2024-03=0.2390304682;2024-04=0.2519988788;2024-05=0.2852242056;2024-06=0.2872858382;2024-07=0.2953398681;2024-08=0.2980657428;2024-09=0.3548085392;2024-10=0.3655535934;2024-11=0.3450419319;2024-12=0.2625063001;2025-01=0.2863188303;2025-02=0.2940924307;2025-03=0.3396220206;2025-04=0.3192776234;2025-05=0.3444740069;2025-06=0.3662111072;2025-07=0.3048584502;2025-08=0.3515625964;2025-09=0.413775439;2025-10=0.4010340321;2025-11=0.3463668208;2025-12=0.3380230435;2026-01=0.3169282797;2026-02=0.3532230278;2026-03=0.3333325913;2026-04=0.3813692949;2026-05=0.3610365459;2026-06=0.308680872;2026-07=0.2678156762,2020-05-29,0.31738628902170685,2,0.24048882013550155,0.20674006764798536,0.4429154143238686,0.0,57,0.3197737624411373,0.3129051536734278,-0.28724519769769674,0.9994290554880609,0.7142857142857143,14,26.439924636179846,0.2503714230414369,0.2514376684648436,0.34747429804665003,0.4429154143238686,2021-09-13~2022-11-24,2021-09-13,2022-11-24,0.5652804462080886,0.7314648616847726,1.0,0,2.2515790920156813,2020-02-28,0.42262743307133793,2020-02-28,0.422627433071338,2020-02-28,0.0,2012-02-28,0,1.1881490503196046,684,5.0,3.0,0.5999685179073251,0.6562332442179459,0.8446822104729151,1.1798606537554142,1.4706425322442451,1.7465138508603664,0.4996892479801119,0.0,0.2997076023391813,6.398751572190872,42.24269005847953,4534,1144,22.66102191777851,002466/002714/600660/600309/600938,2.8910840713782737,0.5682284546021474,2081113.166746999,0.6937043889156663,3.82%（同期超额 +21.21%）
A,STOPMAX,2012-05-01,trend_x5_w-0.0454_x1c_dtax_sma20_swap_corr1_tranche_slmax_gs1.1u_ma60stop_ca2_addma_swk20_cap0.6s_sp_gso_ebcap0.03r_c0.3h0.035_ex5_lot100_sig1_lrc3_STOPMAX20120501ex5,91599889.70651191,m3,2012-05-02,2026-08-28,0.6479813673677535,0.32776935624712095,1.2934741884916212,0.6793500435182784,0.3549189686148335,0.2275722042426731,0.16044432787486462,0.0,135,0.26879179529736485,0.1893634081330624,0.14104202520879383,0.0493215300566916,0.3605435469449363,0.6660754660986764,0.7817035945120511,0.0,111,2017-05=0.1194149405;2017-06=0.1387092047;2017-07=0.1676130624;2017-08=0.2247504214;2017-09=0.2099589734;2017-10=0.2607183501;2017-11=0.3032608478;2017-12=0.2611494941;2018-01=0.2687917953;2018-02=0.2877264014;2018-03=0.2817017888;2018-04=0.2852544915;2018-05=0.2835617;2018-06=0.2927320822;2018-07=0.299349127;2018-08=0.2821238627;2018-09=0.1948944055;2018-10=0.2068982037;2018-11=0.187300567;2018-12=0.1995089153;2019-01=0.2216120946;2019-02=0.2651215197;2019-03=0.2905642461;2019-04=0.259219418;2019-05=0.246099271;2019-06=0.2325682254;2019-07=0.190946381;2019-08=0.177203042;2019-09=0.1599233118;2019-10=0.1673469272;2019-11=0.1587433488;2019-12=0.1527367481;2020-01=0.1445112565;2020-02=0.1118730467;2020-03=0.04952827932;2020-04=0.05139437018;2020-05=0.04932153006;2020-06=0.05941736811;2020-07=0.1178864958;2020-08=0.1234965726;2020-09=0.1181944434;2020-10=0.133091333;2020-11=0.1936780223;2020-12=0.1960379681;2021-01=0.3183835054;2021-02=0.2895894572;2021-03=0.2913780413;2021-04=0.2792340309;2021-05=0.301216359;2021-06=0.3399023835;2021-07=0.363219688;2021-08=0.3645629974;2021-09=0.3716986817;2021-10=0.3536013848;2021-11=0.3659880773;2021-12=0.3747436717;2022-01=0.3520377661;2022-02=0.361884731;2022-03=0.3326391923;2022-04=0.339657665;2022-05=0.3497123669;2022-06=0.3895297301;2022-07=0.339770541;2022-08=0.2585630708;2022-09=0.2796118314;2022-10=0.209066968;2022-11=0.1750918154;2022-12=0.1813345665;2023-01=0.1410420252;2023-02=0.1484128947;2023-03=0.150772003;2023-04=0.1858357176;2023-05=0.1893634081;2023-06=0.1836803208;2023-07=0.201337048;2023-08=0.186028651;2023-09=0.2126719104;2023-10=0.2213485884;2023-11=0.2262047636;2023-12=0.2219341562;2024-01=0.256367928;2024-02=0.2403615233;2024-03=0.2356808314;2024-04=0.2486111172;2024-05=0.2817943557;2024-06=0.2838514324;2024-07=0.2918719997;2024-08=0.2945933288;2024-09=0.3511822943;2024-10=0.3614975005;2024-11=0.3417052857;2024-12=0.2588968211;2025-01=0.2826540509;2025-02=0.290537101;2025-03=0.3361232837;2025-04=0.3150032417;2025-05=0.3403151478;2025-06=0.3623304705;2025-07=0.3015999986;2025-08=0.3489988063;2025-09=0.4100449052;2025-10=0.4002526047;2025-11=0.3445605392;2025-12=0.3391858768;2026-01=0.3189126124;2026-02=0.352607207;2026-03=0.3317269839;2026-04=0.3794845431;2026-05=0.3635672783;2026-06=0.3104231316;2026-07=0.2694291891,2020-05-29,0.31632443855129033,2,0.23886337806034752,0.20322265590139477,0.4422822094024492,0.0,51,0.4218767366337195,0.34311715088102096,-0.2914769994209552,0.9958226884667691,0.7692307692307693,13,29.533296568837304,0.26961786480348104,0.27053109671299835,0.35194517727729474,0.4422822094024492,2021-09-13~2022-11-24,2021-09-13,2022-11-24,0.6096059463204535,0.7702630030976384,1.0,0,2.2515374825113446,2020-02-28,0.4226167629463615,2020-02-28,0.4226167629463615,2020-02-28,0.0,2012-06-01,0,1.2172484733220648,676,6.0,3.0,0.6002146844910794,0.6564412265916306,0.8444252336589653,1.1801118018787626,1.4707298091407879,1.7465703504419436,0.501577287066246,0.0,0.3032544378698225,6.377122383856869,42.405325443786985,4428,1143,22.676155294816873,002466/002714/600660/600309/600938,2.8685480632942237,0.5600548512944915,2295283.5959689966,0.7650945319896656,4.00%（同期超额 +22.96%）
A,STOPMAX,2012-11-01,trend_x5_w-0.0454_x1c_dtax_sma20_swap_corr1_tranche_slmax_gs1.1u_ma60stop_ca2_addma_swk20_cap0.6s_sp_gso_ebcap0.03r_c0.3h0.035_ex5_lot100_sig1_lrc3_STOPMAX20121101ex5,121028320.4016081,m3,2012-11-01,2026-08-28,0.6365328833068635,0.3134133601433624,1.3628221078014988,0.6703023515007419,0.3541885458464613,0.21848776997794794,0.15792832640830023,0.0,129,0.28121247400123894,0.1940147581941538,0.1440131727142906,0.049314077504924114,0.3605986697452611,0.6849373364741096,0.7837822699895753,0.0,105,2017-11=0.3273472181;2017-12=0.2800577618;2018-01=0.2628118913;2018-02=0.2844609317;2018-03=0.2858816906;2018-04=0.2693951168;2018-05=0.2826385556;2018-06=0.2918051568;2018-07=0.298420182;2018-08=0.281212474;2018-09=0.1940147582;2018-10=0.206006384;2018-11=0.1864094049;2018-12=0.1985031006;2019-01=0.2205140616;2019-02=0.2639882824;2019-03=0.2890112997;2019-04=0.2576749608;2019-05=0.2445941136;2019-06=0.2310743685;2019-07=0.1895012369;2019-08=0.1757964658;2019-09=0.1585990728;2019-10=0.1659840141;2019-11=0.1600170293;2019-12=0.1523222758;2020-01=0.1440131727;2020-02=0.1118174954;2020-03=0.0493140775;2020-04=0.05168441176;2020-05=0.04972170105;2020-06=0.05932688575;2020-07=0.1216456096;2020-08=0.1281729715;2020-09=0.122419189;2020-10=0.138933449;2020-11=0.1994939583;2020-12=0.2019036816;2021-01=0.3254185398;2021-02=0.2945659428;2021-03=0.2963873883;2021-04=0.2841457461;2021-05=0.3062078861;2021-06=0.3450663998;2021-07=0.3685529679;2021-08=0.3699093726;2021-09=0.3770808484;2021-10=0.358917325;2021-11=0.3713480003;2021-12=0.3801198834;2022-01=0.3573246434;2022-02=0.3672245052;2022-03=0.3378683658;2022-04=0.3449140884;2022-05=0.3550052108;2022-06=0.3949953422;2022-07=0.3432022569;2022-08=0.2621227905;2022-09=0.2836225553;2022-10=0.212412532;2022-11=0.1783347416;2022-12=0.1841202355;2023-01=0.1438854716;2023-02=0.1512290602;2023-03=0.1537242265;2023-04=0.1888979581;2023-05=0.1924089586;2023-06=0.1867312065;2023-07=0.2044342433;2023-08=0.1894121899;2023-09=0.215033339;2023-10=0.2236459443;2023-11=0.228402679;2023-12=0.2241281324;2024-01=0.2586280641;2024-02=0.2425716631;2024-03=0.2378877309;2024-04=0.2508407157;2024-05=0.2840759044;2024-06=0.2861331319;2024-07=0.2941917356;2024-08=0.2969125189;2024-09=0.3536091337;2024-10=0.3643584763;2024-11=0.3438492772;2024-12=0.2613622784;2025-01=0.2851623351;2025-02=0.2929457804;2025-03=0.3384388488;2025-04=0.3181008366;2025-05=0.3432621425;2025-06=0.3650406797;2025-07=0.3000655616;2025-08=0.3462032792;2025-09=0.4077874956;2025-10=0.3961534585;2025-11=0.3410319267;2025-12=0.3339523001;2026-01=0.312935198;2026-02=0.3464631394;2026-03=0.3272628955;2026-04=0.37391577;2026-05=0.3570138308;2026-06=0.3049571538;2026-07=0.2640706296,2020-03-31,0.31631179878800486,2,0.2394193477020885,0.20187860274769776,0.44523365508595325,0.0,45,0.41457676434507573,0.3508377716004788,-0.29161805524279827,0.984628492020456,0.7692307692307693,13,39.3427734672027,0.3067298274501782,0.3081088835470307,0.3580916302397951,0.44523365508595325,2021-09-13~2022-11-24,2021-09-13,2022-11-24,0.6889187821863183,0.8449042898905489,1.0,0,2.251361165802795,2020-02-28,0.4225715448296617,2020-02-28,0.42257154482966164,2020-02-28,-2.9103830456733704e-11,2013-11-19,0,1.2391347365309635,660,6.0,3.0,0.5981489607540631,0.6569372661259562,0.8450218915469654,1.1898650781065137,1.4695111757052362,1.7465409746474996,0.4882429784454605,0.0,0.30454545454545456,6.37618561996264,43.42121212121212,4369,1115,22.73407973942956,002466/002714/600660/600309/002024,2.9560876944229184,0.5530420555176845,3051784.220043997,1.0172614066813324,5.33%（同期超额 +25.35%）
A,STOPMAX,2013-05-01,trend_x5_w-0.0454_x1c_dtax_sma20_swap_corr1_tranche_slmax_gs1.1u_ma60stop_ca2_addma_swk20_cap0.6s_sp_gso_ebcap0.03r_c0.3h0.035_ex5_lot100_sig1_lrc3_STOPMAX20130501ex5,96624491.78911388,m3,2013-05-02,2026-08-28,0.6476168714547303,0.32652776837501024,1.3650429629491654,0.6793576885303032,0.35197930691414514,0.22666780162140454,0.15817782139320835,0.0,123,0.28222734821342876,0.19796608795104986,0.14482864076163993,0.04993490220557839,0.36350767299803943,0.6889817003398442,0.7913277315013187,0.0,99,2018-05=0.2846008949;2018-06=0.2928325537;2018-07=0.2994438488;2018-08=0.2822273482;2018-09=0.1949753265;2018-10=0.2069629401;2018-11=0.1873731281;2018-12=0.1995955668;2019-01=0.2217033745;2019-02=0.2651595129;2019-03=0.2904232206;2019-04=0.2590842515;2019-05=0.2459883047;2019-06=0.2328451219;2019-07=0.1908730291;2019-08=0.1774264965;2019-09=0.1596093063;2019-10=0.1667267817;2019-11=0.1607472338;2019-12=0.1528871074;2020-01=0.1445983093;2020-02=0.1124708256;2020-03=0.04993490221;2020-04=0.05234124556;2020-05=0.05040456879;2020-06=0.06030676979;2020-07=0.1251623607;2020-08=0.132825587;2020-09=0.12663608;2020-10=0.1448286408;2020-11=0.203941871;2020-12=0.2088274767;2021-01=0.3326507559;2021-02=0.3031824989;2021-03=0.3049760843;2021-04=0.2926919599;2021-05=0.314895352;2021-06=0.3539809983;2021-07=0.3775603214;2021-08=0.3789358359;2021-09=0.3861544532;2021-10=0.3678848844;2021-11=0.3803850897;2021-12=0.3892077419;2022-01=0.3662503639;2022-02=0.3762295168;2022-03=0.3466749293;2022-04=0.3537607215;2022-05=0.3639265043;2022-06=0.4041758708;2022-07=0.3531730782;2022-08=0.2715890992;2022-09=0.2928509836;2022-10=0.2215820654;2022-11=0.1872590976;2022-12=0.1931022656;2023-01=0.1526026427;2023-02=0.1600124316;2023-03=0.1625231561;2023-04=0.197966088;2023-05=0.2015122614;2023-06=0.1957842268;2023-07=0.2136230316;2023-08=0.1981452981;2023-09=0.2250543952;2023-10=0.2338240144;2023-11=0.2387256103;2023-12=0.2344131993;2024-01=0.2692238371;2024-02=0.2530533813;2024-03=0.248331586;2024-04=0.2613930624;2024-05=0.2948976665;2024-06=0.2969773101;2024-07=0.3050902268;2024-08=0.3078361318;2024-09=0.3650093767;2024-10=0.3757338926;2024-11=0.3558128212;2024-12=0.2721259718;2025-01=0.2961005038;2025-02=0.3040988097;2025-03=0.3498237492;2025-04=0.3285999002;2025-05=0.3541588092;2025-06=0.3765839272;2025-07=0.310037515;2025-08=0.3569710867;2025-09=0.4208929882;2025-10=0.4066573345;2025-11=0.352063289;2025-12=0.34085716;2026-01=0.321889619;2026-02=0.3585014841;2026-03=0.339584959;2026-04=0.38558418;2026-05=0.3684997991;2026-06=0.3161025954;2026-07=0.2749166992,2020-03-31,0.32623851027881046,2,0.2544943131287143,0.2044799207589696,0.4428132513305113,0.0,39,0.42609135300221224,0.3643436612039425,-0.28987724783800706,1.0057926418675764,0.75,12,31.208163929704625,0.29774814610210587,0.2986520693916106,0.3580560608467517,0.4428132513305113,2021-09-13~2022-11-24,2021-09-13,2022-11-24,0.6724011650678215,0.8253408034449845,1.0,0,2.251564654754346,2020-02-28,0.42262373089977523,2020-02-28,0.42262373089977523,2020-02-28,-2.9103830456733704e-11,2023-11-28,0,1.2298793353289594,647,6,3,0.5987879837104461,0.6580085322341547,0.8444816005886804,1.1884482361860864,1.4731812168236829,1.7463771460437312,0.4910016977928693,0.0,0.29984544049459044,6.592503765754746,42.29211746522411,4203,1095,22.869829280464852,002466/002714/600660/600309/002024,2.9917365953391912,0.5810810236796681,2356267.7240369986,0.7854225746789996,5.03%（同期超额 +24.75%）
A,STOPMAX,2013-11-01,trend_x5_w-0.0454_x1c_dtax_sma20_swap_corr1_tranche_slmax_gs1.1u_ma60stop_ca2_addma_swk20_cap0.6s_sp_gso_ebcap0.03r_c0.3h0.035_ex5_lot100_sig1_lrc3_STOPMAX20131101ex5,87067702.83229978,m3,2013-11-01,2026-08-28,0.6348387628984957,0.31290121503320195,1.6821634187914514,0.6795504476334958,0.3605113702634756,0.21823835194317764,0.1589161173390139,0.0,117,0.2711341926585107,0.1921539930201277,0.14472356927739694,0.04941449608223403,0.3634745376962194,0.6739487873689408,0.7921619470826177,0.0,93,2018-11=0.1915107721;2018-12=0.1996149;2019-01=0.2223451543;2019-02=0.2659052422;2019-03=0.2912943638;2019-04=0.2599491121;2019-05=0.2468326764;2019-06=0.2336771784;2019-07=0.19170197;2019-08=0.1782536535;2019-09=0.1604019169;2019-10=0.1675311366;2019-11=0.1589874886;2019-12=0.1530278651;2020-01=0.1447235693;2020-02=0.1120600087;2020-03=0.04969745448;2020-04=0.05156763788;2020-05=0.04941449608;2020-06=0.05936543904;2020-07=0.1215200075;2020-08=0.1280207887;2020-09=0.1222719358;2020-10=0.1387610932;2020-11=0.1992685726;2020-12=0.2023045653;2021-01=0.3257608065;2021-02=0.2965461841;2021-03=0.2983445114;2021-04=0.2861212446;2021-05=0.308207269;2021-06=0.3470907197;2021-07=0.3705088365;2021-08=0.3718564727;2021-09=0.3790539396;2021-10=0.3608722623;2021-11=0.373313421;2021-12=0.3820974365;2022-01=0.359266261;2022-02=0.3691840379;2022-03=0.3397801234;2022-04=0.3468380163;2022-05=0.3569457019;2022-06=0.3969830886;2022-07=0.3469681089;2022-08=0.2652991913;2022-09=0.2864519912;2022-10=0.2155368248;2022-11=0.1813805351;2022-12=0.1876477006;2023-01=0.1471328885;2023-02=0.1545377608;2023-03=0.1569045044;2023-04=0.192153993;2023-05=0.1957037556;2023-06=0.1899904359;2023-07=0.2077501101;2023-08=0.1922509785;2023-09=0.2190584523;2023-10=0.2274704137;2023-11=0.2320609866;2023-12=0.2277893476;2024-01=0.2623904048;2024-02=0.2463059242;2024-03=0.2416158899;2024-04=0.2546120252;2024-05=0.2879411673;2024-06=0.2900071105;2024-07=0.2980646645;2024-08=0.3007983629;2024-09=0.3576586208;2024-10=0.3684349777;2024-11=0.3499255759;2024-12=0.2671484425;2025-01=0.2909854659;2025-02=0.2987532947;2025-03=0.3447168167;2025-04=0.3242076111;2025-05=0.3494909082;2025-06=0.371409387;2025-07=0.3068640987;2025-08=0.3528939971;2025-09=0.4149464587;2025-10=0.403332756;2025-11=0.3478249296;2025-12=0.3404375943;2026-01=0.3203584351;2026-02=0.3550712076;2026-03=0.3349317236;2026-04=0.3815037692;2026-05=0.3645324023;2026-06=0.3121670836;2026-07=0.2711341927,2020-05-29,0.32082151455943253,2,0.25606467340432015,0.20178683640926476,0.44226604466167774,0.0,33,0.425740127518616,0.360797216996296,-0.29130161087623563,0.9911274071028515,0.75,12,28.022567610766593,0.30042676207651753,0.30123815863123915,0.3524305334023218,0.44226604466167774,2021-09-13~2022-11-24,2021-09-13,2022-11-24,0.6792896848012294,0.8393205848468543,1.0,0,2.2516593925724906,2020-02-28,0.42264802381377603,2020-02-28,0.4226480238137761,2020-02-28,-2.9103830456733704e-11,2023-11-28,0,1.228966113585665,631,6,3.0,0.5958696727154219,0.6554914514754334,0.8446730933645896,1.1790423056652093,1.4641457090414645,1.7465227243249577,0.47439067467326035,0.0,0.3074484944532488,6.329844331554024,42.62757527733756,4061,1071,22.836631069947227,002466/002714/600309/600660/600938,3.000612713059083,0.6044950085685935,2143935.4371710024,0.7146451457236674,5.45%（同期超额 +24.59%）
A,STOPMAX,2014-05-01,trend_x5_w-0.0454_x1c_dtax_sma20_swap_corr1_tranche_slmax_gs1.1u_ma60stop_ca2_addma_swk20_cap0.6s_sp_gso_ebcap0.03r_c0.3h0.035_ex5_lot100_sig1_lrc3_STOPMAX20140501ex5,87409525.43751046,m3,2014-05-05,2026-08-28,0.6392451470147885,0.31266068267476904,1.6492258724012354,0.6944407751394779,0.3605419871938583,0.2246826452277717,0.15828541830460163,0.0,111,0.2872114990625534,0.19290578288435833,0.13970138782584085,0.05040607398232266,0.44276446431580563,0.6736855025784135,0.7973113041418697,0.0,87,2019-05=0.247155202;2019-06=0.2362164516;2019-07=0.1935592906;2019-08=0.1795309289;2019-09=0.1617649351;2019-10=0.1687155727;2019-11=0.160118128;2019-12=0.1540958821;2020-01=0.1458419578;2020-02=0.1131537237;2020-03=0.05075558591;2020-04=0.05254344039;2020-05=0.05040607398;2020-06=0.06016544975;2020-07=0.1224320751;2020-08=0.1289401806;2020-09=0.1231833861;2020-10=0.1397013878;2020-11=0.1989761261;2020-12=0.2038163282;2021-01=0.3265889635;2021-02=0.297495577;2021-03=0.2992908837;2021-04=0.2870620587;2021-05=0.3091727186;2021-06=0.3480876043;2021-07=0.3715671923;2021-08=0.3729355667;2021-09=0.380132652;2021-10=0.3619365567;2021-11=0.3743888804;2021-12=0.383177244;2022-01=0.3603217985;2022-02=0.3702473919;2022-03=0.3408199161;2022-04=0.3478765708;2022-05=0.3579926173;2022-06=0.3980484332;2022-07=0.3481626422;2022-08=0.2660565403;2022-09=0.2872114991;2022-10=0.2162746916;2022-11=0.1820989155;2022-12=0.1883781963;2023-01=0.1478474617;2023-02=0.1552608352;2023-03=0.1576319111;2023-04=0.1929057829;2023-05=0.1964597812;2023-06=0.1907346418;2023-07=0.2085023952;2023-08=0.1931086749;2023-09=0.219897666;2023-10=0.2286285615;2023-11=0.2335094595;2023-12=0.2292275739;2024-01=0.2638815711;2024-02=0.247782061;2024-03=0.2430997436;2024-04=0.2561053572;2024-05=0.289468551;2024-06=0.2915356929;2024-07=0.2996122319;2024-08=0.3023506961;2024-09=0.3592777281;2024-10=0.3696548288;2024-11=0.3497555482;2024-12=0.2664546534;2025-01=0.2903428566;2025-02=0.2982840007;2025-03=0.3441365647;2025-04=0.3229138789;2025-05=0.348388417;2025-06=0.3709000035;2025-07=0.3053374585;2025-08=0.3518304031;2025-09=0.4135474633;2025-10=0.4018218295;2025-11=0.346423269;2025-12=0.3391414;2026-01=0.3186879191;2026-02=0.3524540444;2026-03=0.3322709179;2026-04=0.3800352495;2026-05=0.3613085746;2026-06=0.3088569381;2026-07=0.2678959992,2020-05-29,0.31973159577151256,2,0.25998932316422296,0.19010729907606705,0.44276446431580563,0.0,27,0.4223776482267738,0.3267866866656934,-0.28992694106608197,0.9963292171316087,0.7272727272727273,11,28.136508479170153,0.3149715681177141,0.31567099284820155,0.34873688893922056,0.44276446431580563,2021-09-13~2022-11-24,2021-09-13,2022-11-24,0.7113749939359584,0.8780174296465179,1.0,0,2.251635643206559,2020-02-28,0.42264193413252815,2020-02-28,0.42264193413252804,2020-02-28,-2.3283064365386963e-10,2025-10-30,0,1.227299885087175,617,6,3,0.5921870201158392,0.6523337272935339,0.8442852579329669,1.1771897739481232,1.4437296058902196,1.7389671222649916,0.45595281975672686,0.0,0.3047001620745543,6.394829430165694,42.427876823338735,3917,1045,22.815635986362786,002466/002714/600660/600309/600938,2.9681756425545576,0.6145312217046304,2154869.196958002,0.718289732319334,6.55%（同期超额 +24.94%）
A,STOPMAX,2014-11-01,trend_x5_w-0.0454_x1c_dtax_sma20_swap_corr1_tranche_slmax_gs1.1u_ma60stop_ca2_addma_swk20_cap0.6s_sp_gso_ebcap0.03r_c0.3h0.035_ex5_lot100_sig1_lrc3_STOPMAX20141101ex5,74083008.96877863,m3,2014-11-03,2026-08-28,0.6282473859228086,0.2759491227662308,1.9676017510174904,0.6888908771837718,0.36052517013258445,0.2223253639467191,0.14982293497615196,0.0,105,0.2799305569137651,0.18568241151927367,0.1303395927790305,0.04944657679505049,0.4428742378939937,0.6553328675466239,0.7997505910868129,0.0,81,2019-11=0.1552259173;2019-12=0.1333392216;2020-01=0.1374598615;2020-02=0.1143550087;2020-03=0.05681215205;2020-04=0.05154874013;2020-05=0.0494465768;2020-06=0.06060862221;2020-07=0.1171867277;2020-08=0.1211479169;2020-09=0.1168507664;2020-10=0.1303395928;2020-11=0.1902674149;2020-12=0.192273938;2021-01=0.3139136983;2021-02=0.2852208176;2021-03=0.2870274131;2021-04=0.2749295683;2021-05=0.2968313229;2021-06=0.3353739875;2021-07=0.3586756809;2021-08=0.3600769054;2021-09=0.3673515204;2021-10=0.3493116206;2021-11=0.3616525846;2021-12=0.370363062;2022-01=0.347725121;2022-02=0.3575387893;2022-03=0.32838435;2022-04=0.3353852998;2022-05=0.3454087014;2022-06=0.3851096509;2022-07=0.3356888978;2022-08=0.2543580683;2022-09=0.2756859532;2022-10=0.2049755555;2022-11=0.171125133;2022-12=0.1773509587;2023-01=0.1372986701;2023-02=0.1446166863;2023-03=0.1473024743;2023-04=0.1823247104;2023-05=0.1856824115;2023-06=0.1801592247;2023-07=0.1977684075;2023-08=0.1824963388;2023-09=0.2090423053;2023-10=0.2176952039;2023-11=0.2225312182;2023-12=0.2183024644;2024-01=0.2526621574;2024-02=0.2366981606;2024-03=0.2320449275;2024-04=0.2449367342;2024-05=0.2780093278;2024-06=0.2799305569;2024-07=0.2873844685;2024-08=0.2902300443;2024-09=0.3462505126;2024-10=0.3572027595;2024-11=0.3363486956;2024-12=0.2554217492;2025-01=0.2798910772;2025-02=0.2874315005;2025-03=0.3327073046;2025-04=0.3115788237;2025-05=0.3372565532;2025-06=0.3586216722;2025-07=0.3021574539;2025-08=0.351779544;2025-09=0.4123021876;2025-10=0.4031993728;2025-11=0.3477292544;2025-12=0.3389307923;2026-01=0.3180725812;2026-02=0.3515915956;2026-03=0.3345857691;2026-04=0.3824123896;2026-05=0.3653405093;2026-06=0.3124901709;2026-07=0.2713855218,2020-05-29,0.31503060132268723,2,0.2558779555245658,0.18673158152829883,0.4428742378939937,0.0,21,0.42182567053987063,0.3107611119242434,-0.29136232321046907,0.9903210408675833,0.7272727272727273,11,23.69433632292621,0.3117506681551039,0.3126472631056181,0.35271781270035424,0.4428742378939937,2021-09-13~2022-11-24,2021-09-13,2022-11-24,0.7039259489049902,0.8670208689643741,1.0,0,2.251688977393004,2020-02-28,0.4226556096103759,2020-02-28,0.42265560961037585,2020-02-28,0.0,2014-11-06,0,1.2110062551299547,592,6.0,3.0,0.5901641962955706,0.6540965019854554,0.8439643038295527,1.17115225783675,1.4481052850501386,1.738941249471881,0.4521235521235521,0.0,0.30405405405405406,6.492593974236166,41.932432432432435,3722,999,22.75774115848156,002466/002714/600309/600938/002532,2.670335594459056,0.5891678806141333,1806378.9891700007,0.6021263297233336,5.46%（同期超额 +25.72%）
A,STOPMAX,2015-05-01,trend_x5_w-0.0454_x1c_dtax_sma20_swap_corr1_tranche_slmax_gs1.1u_ma60stop_ca2_addma_swk20_cap0.6s_sp_gso_ebcap0.03r_c0.3h0.035_ex5_lot100_sig1_lrc3_STOPMAX20150501ex5,40446573.591845185,m3,2015-05-04,2026-08-28,0.6574309130397883,0.2670780788306984,2.011451181565529,0.6942358832562717,0.36019894462824764,0.22968427359210253,0.1494690960619618,0.0,99,0.2974435806050617,0.21439516304102346,0.1537296435914579,0.05286574846650871,0.44288783964548784,0.7264925794374769,0.8370032147146269,0.0,75,2020-05=0.05286574847;2020-06=0.06597873598;2020-07=0.1257652345;2020-08=0.1322726664;2020-09=0.1265263916;2020-10=0.1430147894;2020-11=0.1996407243;2020-12=0.2040316273;2021-01=0.3249361541;2021-02=0.2956358101;2021-03=0.2974435806;2021-04=0.2852260249;2021-05=0.3072148864;2021-06=0.3459336503;2021-07=0.3690452848;2021-08=0.3702879361;2021-09=0.3775292636;2021-10=0.359376838;2021-11=0.3717757522;2021-12=0.380499177;2022-01=0.3576829078;2022-02=0.3675810081;2022-03=0.3382082494;2022-04=0.3452571905;2022-05=0.3553556802;2022-06=0.395327125;2022-07=0.3452082927;2022-08=0.2640303521;2022-09=0.2854351787;2022-10=0.214395163;2022-11=0.1803042191;2022-12=0.1866546425;2023-01=0.1462756836;2023-02=0.1537296436;2023-03=0.1561100761;2023-04=0.1913296149;2023-05=0.1948876815;2023-06=0.1891813767;2023-07=0.2069513969;2023-08=0.1915742106;2023-09=0.2183311195;2023-10=0.2270349245;2023-11=0.2319011564;2023-12=0.227637235;2024-01=0.2623098009;2024-02=0.2462715694;2024-03=0.2416337591;2024-04=0.2546026701;2024-05=0.2878855131;2024-06=0.2899557081;2024-07=0.2979280495;2024-08=0.3006813988;2024-09=0.3575177831;2024-10=0.367856482;2024-11=0.3480307287;2024-12=0.2652461552;2025-01=0.2891133419;2025-02=0.2967829087;2025-03=0.3426846469;2025-04=0.3222266917;2025-05=0.3475094893;2025-06=0.3695202812;2025-07=0.3062386117;2025-08=0.3547837686;2025-09=0.4183482984;2025-10=0.4066855406;2025-11=0.3516182064;2025-12=0.3424354156;2026-01=0.3228116309;2026-02=0.3590943118;2026-03=0.3384642568;2026-04=0.3867126436;2026-05=0.3693971682;2026-06=0.3158196868;2026-07=0.2749582919,2020-05-29,0.3220017883181633,2,0.27330174347950087,0.20821329464722949,0.44288783964548784,0.0,15,0.4240089009007141,0.339057660856111,-0.2837152861658184,1.0213765550895002,0.7,10,12.482191197281729,0.2583961242537851,0.2590954124813871,0.34126537256010625,0.44288783964548784,2021-09-13~2022-11-24,2021-09-13,2022-11-24,0.5834346783163425,0.7629471894201111,1.0,0,2.252401520393341,2020-02-28,0.42283825142642484,2020-02-28,0.42283825142642484,2020-02-28,0.0,2015-11-10,0,1.19245611443526,564,5.0,3.0,0.5952076030912252,0.6546323773898712,0.8436571281501452,1.1813881003266857,1.4546796573659628,1.73898081338274,0.46875,0.0,0.2783687943262411,7.2402280235462735,39.445035460992905,3505,868,22.788022551720555,002466/002714/600309/600938/002532,2.749725606929574,0.6753249050679321,962473.6244660022,0.3208245414886674,-0.17%（同期超额 +26.01%）
A,STOPMAX,2015-11-01,trend_x5_w-0.0454_x1c_dtax_sma20_swap_corr1_tranche_slmax_gs1.1u_ma60stop_ca2_addma_swk20_cap0.6s_sp_gso_ebcap0.03r_c0.3h0.035_ex5_lot100_sig1_lrc3_STOPMAX20151101ex5,40022098.603998296,m3,2015-11-02,2026-08-28,0.6986883466616635,0.274736996952555,1.9856897327884528,0.7241352492553605,0.36011629881290064,0.2499335112473966,0.16817205007769265,0.0,93,0.30473285990705423,0.24175049505794077,0.19138441236420145,0.14635254918556662,0.4426400431077844,0.7600379104118595,0.8585709735034723,0.0,69,2020-11=0.1976969108;2020-12=0.2034692942;2021-01=0.3249886916;2021-02=0.2956144992;2021-03=0.2974275195;2021-04=0.2852124231;2021-05=0.3072641531;2021-06=0.3460025054;2021-07=0.3692036881;2021-08=0.3705681697;2021-09=0.377712948;2021-10=0.359551011;2021-11=0.3719489149;2021-12=0.3807169875;2022-01=0.3578853269;2022-02=0.3677841232;2022-03=0.3384089778;2022-04=0.3454586312;2022-05=0.3555673204;2022-06=0.3955186972;2022-07=0.3457550886;2022-08=0.2642225494;2022-09=0.2856567719;2022-10=0.2145252572;2022-11=0.1804250547;2022-12=0.1867522218;2023-01=0.1463525492;2023-02=0.153783514;2023-03=0.1561583318;2023-04=0.1913844124;2023-05=0.1949310796;2023-06=0.1892243739;2023-07=0.2070057688;2023-08=0.1916560133;2023-09=0.2184229465;2023-10=0.2271231379;2023-11=0.2319860241;2023-12=0.2277399322;2024-01=0.2624288801;2024-02=0.2463825035;2024-03=0.2417504951;2024-04=0.2547205067;2024-05=0.287982917;2024-06=0.2900491719;2024-07=0.298021221;2024-08=0.300769553;2024-09=0.3576148195;2024-10=0.3683614109;2024-11=0.3478534665;2024-12=0.2651532699;2025-01=0.2890083796;2025-02=0.2966792476;2025-03=0.3426018819;2025-04=0.3221560877;2025-05=0.347393439;2025-06=0.3695189189;2025-07=0.3047328599;2025-08=0.3512087536;2025-09=0.4133963046;2025-10=0.4021974742;2025-11=0.3474407654;2025-12=0.3384623649;2026-01=0.3188406377;2026-02=0.3567763157;2026-03=0.3364232134;2026-04=0.3838287866;2026-05=0.3666840266;2026-06=0.3140752275;2026-07=0.2731804656,2023-01-31,0.3211920768970532,2,0.3219110904396487,0.26915384383337604,0.4426400431077844,0.0,9,0.42396469815426685,0.33594214412189205,-0.28589904130060717,0.9919487027614498,0.7,10,12.340699534666099,0.2705470737862776,0.2713650080796237,0.3488108180820069,0.4426400431077844,2021-09-13~2022-11-24,2021-09-13,2022-11-24,0.6112123789948178,0.7825450024669106,1.0,0,2.2521762417103597,2020-02-28,0.4227805196041198,2020-02-28,0.4227805196041198,2020-02-28,-3.637978807091713e-12,2023-10-23,0,1.2430062141736196,560,6,3.0,0.5958644753652025,0.6556960732571031,0.8434932268997866,1.1836101862361752,1.4559481045570692,1.739080916926282,0.47090383821708626,0.0,0.28214285714285714,7.068333689107662,40.56428571428572,3518,843,23.137360185394105,002466/002714/600309/600938/002532,2.7331592644942946,0.6690545515009623,957998.6070629989,0.31933286902099967,2.83%（同期超额 +24.22%）
A,STOPMAX,2016-05-01,trend_x5_w-0.0454_x1c_dtax_sma20_swap_corr1_tranche_slmax_gs1.1u_ma60stop_ca2_addma_swk20_cap0.6s_sp_gso_ebcap0.03r_c0.3h0.035_ex5_lot100_sig1_lrc3_STOPMAX20160501ex5,52909263.411852345,m3,2016-05-03,2026-08-28,0.6987687007007388,0.3120881247289708,2.036844695970965,0.7399036508429034,0.3602304136679879,0.2581636148574,0.17252732738688326,0.0,87,0.3141521087207566,0.2415094196835077,0.19125319046038802,0.14622802450509909,0.44224825454580297,0.7286848959686747,0.8755435831362783,0.0,63,2021-05=0.3075670959;2021-06=0.3454727955;2021-07=0.3690100757;2021-08=0.370742962;2021-09=0.3776264889;2021-10=0.3594615527;2021-11=0.3718777333;2021-12=0.3806483872;2022-01=0.3578364156;2022-02=0.3677396709;2022-03=0.3383637633;2022-04=0.3454150944;2022-05=0.355517302;2022-06=0.3954730288;2022-07=0.3455323157;2022-08=0.2641333347;2022-09=0.2852329369;2022-10=0.2144730556;2022-11=0.1803644641;2022-12=0.186656489;2023-01=0.1462280245;2023-02=0.1536655321;2023-03=0.156027783;2023-04=0.1912531905;2023-05=0.1947973532;2023-06=0.1890764725;2023-07=0.2068454429;2023-08=0.1914919615;2023-09=0.2182561021;2023-10=0.2269647729;2023-11=0.2318325662;2023-12=0.227574489;2024-01=0.2622162057;2024-02=0.2461670359;2024-03=0.2415094197;2024-04=0.2544903902;2024-05=0.287773694;2024-06=0.2898336289;2024-07=0.2978617829;2024-08=0.3005965106;2024-09=0.3574275896;2024-10=0.3677470534;2024-11=0.3479379698;2024-12=0.2653435917;2025-01=0.2891527861;2025-02=0.2968397291;2025-03=0.3426988109;2025-04=0.3222596234;2025-05=0.3475262472;2025-06=0.3696708285;2025-07=0.3058046896;2025-08=0.3518222476;2025-09=0.4135431246;2025-10=0.4020517371;2025-11=0.346796919;2025-12=0.3405894146;2026-01=0.3197090193;2026-02=0.3554407417;2026-03=0.3363242618;2026-04=0.3839910822;2026-05=0.366866861;2026-06=0.3141521087;2026-07=0.2731738965,2023-01-31,0.32109198610698886,2,0.32972023805268535,0.32022266775022135,0.44224825454580297,0.0,3,0.4282872607333834,0.40631846363146595,-0.156543331827948,1.0007637069017172,0.7777777777777778,9,16.636421137284113,0.3206519726199837,0.32179772776954696,0.3473838237609876,0.44224825454580297,2021-09-13~2022-11-24,2021-09-13,2022-11-24,0.7250497188491996,0.8964415579905481,1.0,0,2.2519279947634225,2020-02-28,0.42271688836277715,2020-02-28,0.4227168883627772,2020-02-28,-2.9103830456733704e-11,2022-07-01,0,1.257705803929367,538,6.0,3.0,0.5966671283305345,0.6564827351784603,0.844068601608874,1.1802595477042215,1.4591329178873742,1.7389632965141426,0.4794520547945205,0.0,0.2936802973977695,6.944294106488992,40.319702602230485,3345,806,23.156834071736238,002466/002714/600309/600938/002532,2.7171175023888603,0.6584851828478328,1251621.5929449974,0.4172071976483325,3.76%（同期超额 +28.30%）
U,BASE,2009-11-01,trend_x5_w-0.0454_x1c_dtax_sma20_swap_corr1_tranche_slmin_gs1.1u_ma60stop_ca2_addma_swk20_cap0.6s_sp_gso_ebcap0.03r_c0.3h0.035_ex6_lot100_sig1_lrc3_BASE20091101ex5,538174710.5730045,m3,2009-11-02,2026-08-28,0.990255388185719,-0.07378035702979031,1.8199809943631304,1.0264716766201216,0.4539734230314407,0.39857643714879143,0.28395985683982206,0.13333333333333333,165,0.41489436111264677,0.2725565581338478,0.12125282566009576,0.027523372277655778,0.4811781931073911,0.8711811064064053,1.018319957467959,0.0,141,2014-11=0.02915388302;2014-12=0.09369044202;2015-01=0.09856372132;2015-02=0.1234192402;2015-03=0.1534435097;2015-04=0.1887959847;2015-05=0.2022885697;2015-06=0.1999967725;2015-07=0.1913776079;2015-08=0.1846862918;2015-09=0.1753910884;2015-10=0.1353649678;2015-11=0.1212528257;2015-12=0.1518345333;2016-01=0.04652833701;2016-02=0.02752337228;2016-03=0.05608336259;2016-04=0.045958268;2016-05=0.03352624902;2016-06=0.04518764247;2016-07=0.08708503673;2016-08=0.1033560198;2016-09=0.1032431656;2016-10=0.1205786617;2016-11=0.1289766708;2016-12=0.1062743865;2017-01=0.150046964;2017-02=0.1637187919;2017-03=0.2066811954;2017-04=0.1964759344;2017-05=0.1972575938;2017-06=0.2561952678;2017-07=0.3060073009;2017-08=0.3468571885;2017-09=0.3554696911;2017-10=0.3835857338;2017-11=0.440344548;2017-12=0.3787574404;2018-01=0.4087313322;2018-02=0.4242104277;2018-03=0.4429456728;2018-04=0.4520525386;2018-05=0.422716213;2018-06=0.4917595441;2018-07=0.5321105776;2018-08=0.5166589195;2018-09=0.455870109;2018-10=0.3776950967;2018-11=0.3439334513;2018-12=0.3267389864;2019-01=0.3958961946;2019-02=0.4641523291;2019-03=0.5208423523;2019-04=0.5059134339;2019-05=0.4696348989;2019-06=0.507406452;2019-07=0.4341278852;2019-08=0.4250618337;2019-09=0.4266232971;2019-10=0.4334177842;2019-11=0.440731966;2019-12=0.4148943611;2020-01=0.3722833106;2020-02=0.3407601542;2020-03=0.2755943012;2020-04=0.2725565581;2020-05=0.261867214;2020-06=0.2695135905;2020-07=0.3641757653;2020-08=0.3860811723;2020-09=0.3903610705;2020-10=0.4097623905;2020-11=0.476593041;2020-12=0.4154294537;2021-01=0.5644423932;2021-02=0.5966604685;2021-03=0.5592925246;2021-04=0.5744534936;2021-05=0.6162252411;2021-06=0.5765341452;2021-07=0.4993863625;2021-08=0.5474252058;2021-09=0.5734768538;2021-10=0.5237243032;2021-11=0.5057657433;2021-12=0.5643940437;2022-01=0.5063048458;2022-02=0.5021308934;2022-03=0.5064580453;2022-04=0.5186415997;2022-05=0.4916573337;2022-06=0.453963234;2022-07=0.4162401861;2022-08=0.3757347803;2022-09=0.3773598467;2022-10=0.3425678039;2022-11=0.3259702263;2022-12=0.3326989929;2023-01=0.2679644819;2023-02=0.2765426804;2023-03=0.2900585645;2023-04=0.3194197432;2023-05=0.3307749645;2023-06=0.3228917911;2023-07=0.3266009053;2023-08=0.3164644596;2023-09=0.3531783312;2023-10=0.4554134987;2023-11=0.4734541602;2023-12=0.5083472442;2024-01=0.492561642;2024-02=0.4536837949;2024-03=0.4550934759;2024-04=0.468345922;2024-05=0.5103835426;2024-06=0.4877022609;2024-07=0.4690440804;2024-08=0.4587704556;2024-09=0.5043376456;2024-10=0.4745266165;2024-11=0.4498322862;2024-12=0.4102201022;2025-01=0.4444313873;2025-02=0.4304241653;2025-03=0.4698826428;2025-04=0.4245732485;2025-05=0.4563971377;2025-06=0.4788471402;2025-07=0.3845712238;2025-08=0.4115669947;2025-09=0.466312565;2025-10=0.4415415061;2025-11=0.3829095655;2025-12=0.4672927017;2026-01=0.6366512683;2026-02=0.6377971322;2026-03=0.6335568267;2026-04=0.6487924224;2026-05=0.5728759414;2026-06=0.5679965943;2026-07=0.6521713544,2016-02-29,0.49938636254498414,3,0.3643622771452901,0.2651461698858548,0.48970678312311733,0.0,81,0.3262910829749551,0.4316588071234904,-0.26111855139887385,1.5582234427888242,0.6875,16,178.3915701910015,0.3614646826810617,0.36298015271044526,0.34704515635531047,0.48970678312311733,2018-07-30~2019-01-03,2018-07-30,2019-01-03,0.7381247210337002,0.9777529575406129,0.9845890410958904,0,2.0178305798009166,2020-03-23,0.35574373140471455,2020-03-23,0.3557437314047145,2020-03-23,0.0,2010-09-20,0,1.3507698396595986,232,6,4.0,0.6064581270145526,0.7178384797987404,0.9285122977345471,1.3230208655326219,1.5616472180852696,1.7434047619088608,0.5480696442089327,0.0,0.34913793103448276,13.340315283486703,148.31465517241378,2162,804,5.497053375230689,600585/600309/601225/688516/600660,3.6220390221215486,0.5009157808578681,1981409.8241247989,0.660469941374933,1.96%（同期超额 +34.19%）
U,BASE,2010-05-01,trend_x5_w-0.0454_x1c_dtax_sma20_swap_corr1_tranche_slmin_gs1.1u_ma60stop_ca2_addma_swk20_cap0.6s_sp_gso_ebcap0.03r_c0.3h0.035_ex6_lot100_sig1_lrc3_BASE20100501ex5,690647041.0667303,m3,2010-05-04,2026-08-28,1.0654462426921218,-0.026642574950686764,2.225065554712634,1.0954782778668324,0.42177108108749906,0.4321660630806887,0.32240967354356376,0.1069182389937107,159,0.44401803966866904,0.31860900257425984,0.1441161418695449,0.03134360923293311,0.48575357615312753,0.9020480920358107,1.0873237321436293,0.0,135,2015-05=0.214271489;2015-06=0.213534558;2015-07=0.2006880532;2015-08=0.1940333671;2015-09=0.1857038388;2015-10=0.1441161419;2015-11=0.132193469;2015-12=0.1597705382;2016-01=0.06380005211;2016-02=0.05215087605;2016-03=0.0584000081;2016-04=0.05301105743;2016-05=0.03655541808;2016-06=0.03134360923;2016-07=0.08321671245;2016-08=0.09563469353;2016-09=0.09593551702;2016-10=0.1066755715;2016-11=0.1253112377;2016-12=0.1085702634;2017-01=0.1508051033;2017-02=0.1663777535;2017-03=0.2060180277;2017-04=0.1981198631;2017-05=0.2026221275;2017-06=0.2611600638;2017-07=0.2971730359;2017-08=0.353125878;2017-09=0.3572266864;2017-10=0.4032478057;2017-11=0.4572345442;2017-12=0.4014147184;2018-01=0.4258024384;2018-02=0.4440180397;2018-03=0.4611810911;2018-04=0.4713282601;2018-05=0.4361461475;2018-06=0.5049471826;2018-07=0.5498706663;2018-08=0.5330540686;2018-09=0.4676501097;2018-10=0.3856913355;2018-11=0.3533185784;2018-12=0.33660639;2019-01=0.4053125098;2019-02=0.4747301962;2019-03=0.5312389906;2019-04=0.5177797555;2019-05=0.4812937923;2019-06=0.5182964514;2019-07=0.4443262251;2019-08=0.4375692174;2019-09=0.4376724281;2019-10=0.4452364014;2019-11=0.4510026929;2019-12=0.4283856578;2020-01=0.3837126073;2020-02=0.3511344751;2020-03=0.2830256464;2020-04=0.2779425448;2020-05=0.269216282;2020-06=0.2750163743;2020-07=0.3668558915;2020-08=0.3899019837;2020-09=0.3884499745;2020-10=0.4088503668;2020-11=0.4755056268;2020-12=0.4146427951;2021-01=0.5505774284;2021-02=0.5653917751;2021-03=0.5654118428;2021-04=0.5739978375;2021-05=0.6235949888;2021-06=0.6214198952;2021-07=0.5342030733;2021-08=0.5781459191;2021-09=0.5972277088;2021-10=0.5661143399;2021-11=0.5398630332;2021-12=0.5716878369;2022-01=0.522255013;2022-02=0.5151985736;2022-03=0.5380510156;2022-04=0.5511264929;2022-05=0.5378788013;2022-06=0.5117270773;2022-07=0.4857301545;2022-08=0.4223586679;2022-09=0.4272071246;2022-10=0.3727990624;2022-11=0.3599522897;2022-12=0.360679005;2023-01=0.2987128342;2023-02=0.3061538285;2023-03=0.3186090026;2023-04=0.3496012492;2023-05=0.3597417761;2023-06=0.348514199;2023-07=0.3507563883;2023-08=0.3403840486;2023-09=0.3807955642;2023-10=0.4878457037;2023-11=0.5043381026;2023-12=0.5396927711;2024-01=0.5237839006;2024-02=0.4822051356;2024-03=0.4859672735;2024-04=0.4960334011;2024-05=0.5405295086;2024-06=0.518200091;2024-07=0.5004163538;2024-08=0.4885781442;2024-09=0.532398296;2024-10=0.4995068983;2024-11=0.487209802;2024-12=0.457712056;2025-01=0.488405162;2025-02=0.4766385579;2025-03=0.5229004217;2025-04=0.4842544532;2025-05=0.5101209708;2025-06=0.5280464216;2025-07=0.4403774441;2025-08=0.4629263123;2025-09=0.5233204187;2025-10=0.50010462;2025-11=0.436083344;2025-12=0.5265623035;2026-01=0.6991747964;2026-02=0.7079320006;2026-03=0.7007807302;2026-04=0.7088249813;2026-05=0.6382932063;2026-06=0.621073437;2026-07=0.7009871632,2016-06-30,0.5342030732968555,3,0.397421880951045,0.28452913954782977,0.4999763281524513,0.0,75,0.41177833878092773,0.47470803689775415,-0.2785251498769531,1.682775732608818,0.6666666666666666,15,229.21568035557675,0.39559700557580824,0.3974153055338261,0.34540280812269303,0.4999763281524513,2018-07-30~2019-01-03,2018-07-30,2019-01-03,0.7912314709731297,1.051957967906071,1.0,0,2.0041641776545838,2020-03-23,0.35135054578145747,2020-03-23,0.3513505457814574,2020-03-23,0.0,2010-09-20,0,1.3709999296916602,263,6,4.0,0.6056414662120172,0.7186074293047344,0.9478808766286035,1.3451740134019814,1.5987418226735142,1.9958530908119922,0.5433359518198482,0.0,0.3041825095057034,16.99640581885129,131.30038022813687,2229,773,5.517089944048652,600309/600585/601225/688516/600660,3.8244660189759596,0.5138173315118536,2408530.458386802,0.8028434861289341,2.75%（同期超额 +36.81%）
U,BASE,2010-11-01,trend_x5_w-0.0454_x1c_dtax_sma20_swap_corr1_tranche_slmin_gs1.1u_ma60stop_ca2_addma_swk20_cap0.6s_sp_gso_ebcap0.03r_c0.3h0.035_ex6_lot100_sig1_lrc3_BASE20101101ex5,519882607.4568776,m3,2010-11-01,2026-08-28,1.0303862438817397,0.3181026167376286,1.8630953805953832,1.053536736423247,0.40687951524958466,0.41177854126981583,0.33288425915932107,0.0784313725490196,153,0.4336327697932987,0.33206080075371647,0.1371555306309593,0.05260627805083429,0.4759912070658009,0.9353486454236172,1.0751300486485296,0.0,129,2015-11=0.1371555306;2015-12=0.1647002006;2016-01=0.06388241963;2016-02=0.05260627805;2016-03=0.08097912973;2016-04=0.07442078228;2016-05=0.05806988639;2016-06=0.07382232179;2016-07=0.1129345233;2016-08=0.1223837817;2016-09=0.1124513383;2016-10=0.1284209116;2016-11=0.1343040051;2016-12=0.1095825785;2017-01=0.1535105803;2017-02=0.1672420931;2017-03=0.2102072648;2017-04=0.2000680947;2017-05=0.2008767554;2017-06=0.2600265407;2017-07=0.3097321802;2017-08=0.3512202783;2017-09=0.3596783844;2017-10=0.3884003007;2017-11=0.4452177308;2017-12=0.3836626396;2018-01=0.4135479615;2018-02=0.4291661921;2018-03=0.4480079986;2018-04=0.457061888;2018-05=0.4275413361;2018-06=0.4968082969;2018-07=0.5372920807;2018-08=0.5218200814;2018-09=0.4609986271;2018-10=0.3823459331;2018-11=0.3484466262;2018-12=0.3310758168;2019-01=0.3998212984;2019-02=0.4682202886;2019-03=0.5249786932;2019-04=0.5114064774;2019-05=0.4752929621;2019-06=0.5119108743;2019-07=0.438594715;2019-08=0.430823995;2019-09=0.4322943798;2019-10=0.4382120351;2019-11=0.4451958099;2019-12=0.4200138184;2020-01=0.3759998423;2020-02=0.3441450769;2020-03=0.2781302397;2020-04=0.2760823686;2020-05=0.2651741152;2020-06=0.2730988896;2020-07=0.3681457671;2020-08=0.3911238212;2020-09=0.3942838886;2020-10=0.4156463759;2020-11=0.482634852;2020-12=0.4230252594;2021-01=0.5730412921;2021-02=0.6058464397;2021-03=0.5688580497;2021-04=0.5827916734;2021-05=0.6230419932;2021-06=0.582751117;2021-07=0.5048253461;2021-08=0.5531337199;2021-09=0.5796765439;2021-10=0.529994106;2021-11=0.5119463885;2021-12=0.5705466001;2022-01=0.5124550283;2022-02=0.5081381894;2022-03=0.513019589;2022-04=0.5250514142;2022-05=0.4989986443;2022-06=0.4619666492;2022-07=0.4241509866;2022-08=0.3825629451;2022-09=0.3843969194;2022-10=0.3488046986;2022-11=0.3321841728;2022-12=0.3381689614;2023-01=0.2734629304;2023-02=0.2819837865;2023-03=0.2954522683;2023-04=0.3248517822;2023-05=0.3363113983;2023-06=0.3283760961;2023-07=0.3320608008;2023-08=0.3219438329;2023-09=0.3588927927;2023-10=0.4616824109;2023-11=0.4797125605;2023-12=0.5147601496;2024-01=0.499746557;2024-02=0.4617296773;2024-03=0.462678589;2024-04=0.4752735063;2024-05=0.5183457687;2024-06=0.4966633842;2024-07=0.4783945562;2024-08=0.467767413;2024-09=0.5101719401;2024-10=0.4782675332;2024-11=0.4638388847;2024-12=0.4336327698;2025-01=0.4674021436;2025-02=0.4567577571;2025-03=0.4974770665;2025-04=0.4557289009;2025-05=0.4846474144;2025-06=0.5024932758;2025-07=0.4089484911;2025-08=0.4334722284;2025-09=0.4917313067;2025-10=0.4678107843;2025-11=0.4062755317;2025-12=0.4925522456;2026-01=0.661800915;2026-02=0.6622641258;2026-03=0.6600252141;2026-04=0.6696994867;2026-05=0.6009049345;2026-06=0.5966784438;2026-07=0.6827448816,2016-02-29,0.5048253461246244,3,0.38839166191952756,0.30361535585562804,0.49001932608822873,0.0,69,0.434135927923164,0.463398820137806,-0.25303792186801377,1.558651351696994,0.6666666666666666,15,172.29420248562587,0.38515321447867934,0.38662912561416585,0.3536477563779138,0.49001932608822873,2018-07-30~2019-01-03,2018-07-30,2019-01-03,0.7859959678597083,1.0138536430752043,1.0,0,2.017810315517502,2020-03-23,0.3557372613259771,2020-03-23,0.35573726132597705,2020-03-23,-3.637978807091713e-12,2016-07-01,0,1.397659094299578,240,6,5,0.6138811672264156,0.7212356532726681,0.9289288252669438,1.3437355910991315,1.574463591411163,1.743513725776882,0.6144578313253012,0.0,0.3333333333333333,14.878626216958502,136.20416666666668,2078,659,5.496143589153465,600585/601225/688516/600309/600660,3.469348630225106,0.4860472281766672,1818474.6848915992,0.6061582282971998,1.93%（同期超额 +36.59%）
U,BASE,2011-05-01,trend_x5_w-0.0454_x1c_dtax_sma20_swap_corr1_tranche_slmin_gs1.1u_ma60stop_ca2_addma_swk20_cap0.6s_sp_gso_ebcap0.03r_c0.3h0.035_ex6_lot100_sig1_lrc3_BASE20110501ex5,570589244.9958634,m3,2011-05-03,2026-08-28,1.0638386153926116,0.46206136140513077,1.8466316432113175,1.0606335721607874,0.3870114436912766,0.42723984943773297,0.3516084403044071,0.034013605442176874,147,0.4482274330985312,0.34428375673511113,0.22294551349605096,0.06937890707290806,0.4728671753322049,0.9744549878947356,1.1053729297968609,0.0,123,2016-05=0.06937890707;2016-06=0.08501579364;2016-07=0.124627154;2016-08=0.1340308583;2016-09=0.124019485;2016-10=0.1400099659;2016-11=0.1461610783;2016-12=0.1213215642;2017-01=0.165744836;2017-02=0.179616893;2017-03=0.2229455135;2017-04=0.2127515869;2017-05=0.2136021518;2017-06=0.273348872;2017-07=0.3233564058;2017-08=0.3656579244;2017-09=0.3740573206;2017-10=0.4034585081;2017-11=0.4607877776;2017-12=0.3987801475;2018-01=0.4288513312;2018-02=0.4447062607;2018-03=0.4600510607;2018-04=0.4711315164;2018-05=0.4351052197;2018-06=0.4989251335;2018-07=0.5462645141;2018-08=0.5281437581;2018-09=0.4673678056;2018-10=0.3880411281;2018-11=0.3514009821;2018-12=0.33166105;2019-01=0.402619118;2019-02=0.4739741256;2019-03=0.5311791867;2019-04=0.5161258753;2019-05=0.4796711824;2019-06=0.5171742057;2019-07=0.4436933285;2019-08=0.4348027641;2019-09=0.4362397679;2019-10=0.4435001357;2019-11=0.4504994599;2019-12=0.4296891117;2020-01=0.3832281924;2020-02=0.3514931501;2020-03=0.2860827791;2020-04=0.2789987656;2020-05=0.2684004034;2020-06=0.2763709923;2020-07=0.3717162502;2020-08=0.3942490745;2020-09=0.3975166915;2020-10=0.4173229146;2020-11=0.4807673923;2020-12=0.4207089442;2021-01=0.5648928078;2021-02=0.597107341;2021-03=0.5603481683;2021-04=0.5751721479;2021-05=0.6176677124;2021-06=0.5783051346;2021-07=0.5006295241;2021-08=0.5490704328;2021-09=0.5754559018;2021-10=0.5259262459;2021-11=0.5075398904;2021-12=0.5658284381;2022-01=0.5078842158;2022-02=0.5036768748;2022-03=0.5086743575;2022-04=0.520654809;2022-05=0.4944730018;2022-06=0.4574589796;2022-07=0.4200516402;2022-08=0.3781780853;2022-09=0.3801334208;2022-10=0.3442837567;2022-11=0.3277197468;2022-12=0.3338507929;2023-01=0.2692785986;2023-02=0.2777367352;2023-03=0.2911368076;2023-04=0.3204338769;2023-05=0.3318512049;2023-06=0.3239282431;2023-07=0.3275792242;2023-08=0.3175011604;2023-09=0.3543766075;2023-10=0.4568977981;2023-11=0.4748306356;2023-12=0.5097707491;2024-01=0.4938577877;2024-02=0.4549457517;2024-03=0.4570910456;2024-04=0.4705024534;2024-05=0.5119426955;2024-06=0.4895312966;2024-07=0.4715390062;2024-08=0.4604962902;2024-09=0.5008856332;2024-10=0.4699498879;2024-11=0.4560478855;2024-12=0.4259803534;2025-01=0.4593348112;2025-02=0.4482274331;2025-03=0.4908863553;2025-04=0.4532321217;2025-05=0.4809945757;2025-06=0.4980070247;2025-07=0.4050269475;2025-08=0.431143057;2025-09=0.4890524515;2025-10=0.4672343025;2025-11=0.4059981329;2025-12=0.4937748792;2026-01=0.6660336312;2026-02=0.6661194607;2026-03=0.6661878201;2026-04=0.6787235021;2026-05=0.6092650124;2026-06=0.6046988283;2026-07=0.6899012513,2016-05-31,0.5006295240754652,3,0.40871193596130295,0.32534663404038255,0.49020551043864913,0.0,63,0.49716254846632857,0.5025756183921303,-0.25081689973307497,1.5588138648228078,0.7142857142857143,14,189.19641499862115,0.4085204641429525,0.4101175968491777,0.3591873248107617,0.49020551043864913,2018-07-30~2019-01-03,2018-07-30,2019-01-03,0.833365711816249,1.0512258489853383,1.0,0,2.0178083379459757,2020-03-23,0.3557366299103845,2020-03-23,0.35573662991038457,2020-03-23,0.0,2012-02-28,0,1.438389347816747,229,7.0,5.0,0.6136532512698076,0.7216347831626168,0.9291818587752201,1.3482341785620395,1.5731879944152374,1.7484821732001572,0.6136363636363636,0.0,0.34497816593886466,14.442965810732943,147.4585152838428,2023,682,5.387543655353544,600585/601225/688516/600309/600660,3.503277780800672,0.4861514553817599,1952889.5212672,0.6509631737557333,2.52%（同期超额 +38.33%）
U,BASE,2011-11-01,trend_x5_w-0.0454_x1c_dtax_sma20_swap_corr1_tranche_slmin_gs1.1u_ma60stop_ca2_addma_swk20_cap0.6s_sp_gso_ebcap0.03r_c0.3h0.035_ex6_lot100_sig1_lrc3_BASE20111101ex5,650503298.398133,m3,2011-11-01,2026-08-28,1.112755717877038,0.6825897831833158,2.2237465151496405,1.1204373248333424,0.396076667089418,0.45522271482450516,0.3863803160437487,0.0,141,0.47232754301560975,0.3842372591555636,0.2894591913757669,0.12373342022744538,0.4614639640770891,1.024019659945801,1.1363663747803519,0.0,117,2016-11=0.148346548;2016-12=0.1237334202;2017-01=0.1680203137;2017-02=0.1820411664;2017-03=0.2247494253;2017-04=0.2139891455;2017-05=0.2150673593;2017-06=0.2739778218;2017-07=0.3230283467;2017-08=0.3655536418;2017-09=0.3736852129;2017-10=0.4038095003;2017-11=0.4608308902;2017-12=0.3988416655;2018-01=0.4292008826;2018-02=0.4450605402;2018-03=0.4627178111;2018-04=0.4725481716;2018-05=0.4403202702;2018-06=0.5086759651;2018-07=0.5505950999;2018-08=0.5347286359;2018-09=0.472327543;2018-10=0.3931199175;2018-11=0.3591456895;2018-12=0.3427203719;2019-01=0.4110287772;2019-02=0.4794644969;2019-03=0.5361563339;2019-04=0.522569172;2019-05=0.4861243036;2019-06=0.5221698553;2019-07=0.4498873362;2019-08=0.4421524238;2019-09=0.4473224535;2019-10=0.4520186045;2019-11=0.4583241356;2019-12=0.4304387243;2020-01=0.3842372592;2020-02=0.3537587728;2020-03=0.2894591914;2020-04=0.2843027016;2020-05=0.2742690664;2020-06=0.2831985889;2020-07=0.3859511727;2020-08=0.4156526175;2020-09=0.4127687094;2020-10=0.4310385091;2020-11=0.4812107901;2020-12=0.4272150798;2021-01=0.5718374648;2021-02=0.6288715147;2021-03=0.566301283;2021-04=0.5940811332;2021-05=0.6204861314;2021-06=0.5984185914;2021-07=0.5257921475;2021-08=0.5621185858;2021-09=0.5803967852;2021-10=0.5373650024;2021-11=0.5235771552;2021-12=0.5633495603;2022-01=0.5129032037;2022-02=0.5101460485;2022-03=0.5307858032;2022-04=0.5473382931;2022-05=0.5387953647;2022-06=0.5054098875;2022-07=0.4653753936;2022-08=0.4200800316;2022-09=0.4212128554;2022-10=0.3838127137;2022-11=0.3679630637;2022-12=0.3745927565;2023-01=0.3066458719;2023-02=0.3160148739;2023-03=0.3288336102;2023-04=0.358796993;2023-05=0.3684066103;2023-06=0.3591564058;2023-07=0.3635100813;2023-08=0.3527886402;2023-09=0.3916633859;2023-10=0.4952792864;2023-11=0.5126322567;2023-12=0.5481636839;2024-01=0.5332864321;2024-02=0.492335577;2024-03=0.4957970789;2024-04=0.5062741937;2024-05=0.5507288482;2024-06=0.5283882576;2024-07=0.5102370289;2024-08=0.4993528866;2024-09=0.5423549018;2024-10=0.5109782761;2024-11=0.4974459826;2024-12=0.4666270943;2025-01=0.5001147108;2025-02=0.4885494857;2025-03=0.5304082864;2025-04=0.4906903896;2025-05=0.5200794309;2025-06=0.5389418826;2025-07=0.4427964694;2025-08=0.4691073842;2025-09=0.532276632;2025-10=0.5095872927;2025-11=0.4494829127;2025-12=0.5352303144;2026-01=0.7024223133;2026-02=0.7095875212;2026-03=0.7014415948;2026-04=0.7123841143;2026-05=0.6403278552;2026-06=0.6228371524;2026-07=0.7017095882,2016-12-30,0.6137508678841702,2,0.44091470341802363,0.3673843718198686,0.4906863505953333,0.0,57,0.4717922065591814,0.5124778307796702,-0.2286774579612415,1.5603915367301182,0.7142857142857143,14,215.83443279937768,0.4374889492475804,0.4394803577841244,0.3661877000880049,0.4906863505953333,2018-07-30~2019-01-03,2018-07-30,2019-01-03,0.8915857323457026,1.095363032821444,1.0,0,2.017625239299309,2020-03-23,0.3556781632789891,2020-03-23,0.35567816327898905,2020-03-23,0.0,2012-02-28,0,1.493473677359726,250,6.0,5.0,0.6104399427889589,0.714927283396035,0.9300474138363012,1.3592214618034975,1.6049981282830015,1.7460464895472585,0.5930034129692833,0.0,0.336,14.551221608602773,134.168,2102,667,5.646051165826603,600585/601225/600309/688516/601328,3.6233546341476064,0.49458724933768194,2293640.500161599,0.7645468333871996,3.82%（同期超额 +39.93%）
U,BASE,2012-05-01,trend_x5_w-0.0454_x1c_dtax_sma20_swap_corr1_tranche_slmin_gs1.1u_ma60stop_ca2_addma_swk20_cap0.6s_sp_gso_ebcap0.03r_c0.3h0.035_ex6_lot100_sig1_lrc3_BASE20120501ex5,738180833.0270289,m3,2012-05-02,2026-08-28,1.071435049467757,0.6754874962953775,2.5436133266278103,1.1361559479308194,0.4392951143243541,0.46798821626403386,0.39096876608417763,0.0,135,0.48109821494142047,0.38679856726822104,0.33446688575768313,0.19017712329236036,0.4898523776622583,1.014162836798608,1.1648784805258192,0.0,111,2017-05=0.1901771233;2017-06=0.2484261362;2017-07=0.2975622907;2017-08=0.3378305683;2017-09=0.3461105025;2017-10=0.3738042513;2017-11=0.430153164;2017-12=0.3689756572;2018-01=0.3987183992;2018-02=0.4140807372;2018-03=0.4327509074;2018-04=0.4416074084;2018-05=0.4124946017;2018-06=0.4810982149;2018-07=0.5211520043;2018-08=0.5058924509;2018-09=0.4458304475;2018-10=0.3680449489;2018-11=0.3344668858;2018-12=0.3172454825;2019-01=0.387659145;2019-02=0.4550618759;2019-03=0.5113688707;2019-04=0.4972319918;2019-05=0.460999392;2019-06=0.4980236889;2019-07=0.4266432349;2019-08=0.4188174658;2019-09=0.4221865172;2019-10=0.4280737537;2019-11=0.4343001892;2019-12=0.4001093051;2020-01=0.3617572678;2020-02=0.3326799744;2020-03=0.2689940268;2020-04=0.2646774717;2020-05=0.2538924526;2020-06=0.2624689761;2020-07=0.3561109558;2020-08=0.3872070663;2020-09=0.3842702193;2020-10=0.4066775739;2020-11=0.4716143417;2020-12=0.413883534;2021-01=0.5726184947;2021-02=0.5993849916;2021-03=0.5676502082;2021-04=0.5832927954;2021-05=0.6263788354;2021-06=0.5981372537;2021-07=0.5267677802;2021-08=0.563720043;2021-09=0.5828537896;2021-10=0.5432993477;2021-11=0.5329814708;2021-12=0.5735555897;2022-01=0.5222578082;2022-02=0.5188098073;2022-03=0.5379752756;2022-04=0.5541219195;2022-05=0.5458740604;2022-06=0.5202444007;2022-07=0.4796880696;2022-08=0.432894063;2022-09=0.4329714811;2022-10=0.3961107435;2022-11=0.3796593088;2022-12=0.3867985673;2023-01=0.3181813499;2023-02=0.3280410975;2023-03=0.3418412002;2023-04=0.3727412811;2023-05=0.3828028286;2023-06=0.3737167871;2023-07=0.3780952722;2023-08=0.3670035224;2023-09=0.4058244136;2023-10=0.5106016792;2023-11=0.528919401;2023-12=0.5647950198;2024-01=0.5506355628;2024-02=0.5106491029;2024-03=0.5140478246;2024-04=0.5231923386;2024-05=0.5694557684;2024-06=0.5484831624;2024-07=0.5296893376;2024-08=0.5198611842;2024-09=0.5651086023;2024-10=0.5326946294;2024-11=0.51721681;2024-12=0.4859868389;2025-01=0.5200851018;2025-02=0.5077542019;2025-03=0.552218026;2025-04=0.5133813749;2025-05=0.5432659405;2025-06=0.5620233042;2025-07=0.4640839651;2025-08=0.4899456183;2025-09=0.5514847458;2025-10=0.5283408498;2025-11=0.4656897757;2025-12=0.5543043094;2026-01=0.7233117203;2026-02=0.7310989087;2026-03=0.72608537;2026-04=0.7376603847;2026-05=0.6674780115;2026-06=0.650061554;2026-07=0.7300186534,2017-05-31,0.6283932168000225,2,0.4376166919310214,0.38341796696215447,0.49106876211579775,0.0,51,0.4821796592163492,0.564844288882673,-0.2642912813802657,1.5586830580187234,0.7692307692307693,13,245.0602776756763,0.46876522756645755,0.4704669260157568,0.3662803403326773,0.49106876211579775,2015-04-22~2016-05-26,2015-04-22,2016-05-26,0.9545816466654402,1.1538585073889567,1.0,0,2.0177518337598905,2020-03-23,0.35571858825791647,2020-03-23,0.35571858825791647,2020-03-23,0.0,2012-06-01,0,1.5221099220464296,242,7,5.0,0.6118903124797606,0.7136066934304119,0.9287729995488639,1.3636070596035204,1.6039034803380796,1.7437286837038075,0.5987885780213441,0.0,0.30991735537190085,17.480347275174793,131.59504132231405,2053,650,5.589728420168291,600585/601225/688516/600309/600938,3.650694024313795,0.492113454893676,2523403.1116084,0.8411343705361334,4.00%（同期超额 +42.88%）
U,BASE,2012-11-01,trend_x5_w-0.0454_x1c_dtax_sma20_swap_corr1_tranche_slmin_gs1.1u_ma60stop_ca2_addma_swk20_cap0.6s_sp_gso_ebcap0.03r_c0.3h0.035_ex6_lot100_sig1_lrc3_BASE20121101ex5,1014364421.069629,m3,2012-11-01,2026-08-28,1.1120086032122583,0.6421780599201318,2.6717513847963974,1.1695801302359579,0.446586916721163,0.4709521252975315,0.39618310456782413,0.0,129,0.49728808884992115,0.4051876531501519,0.3610835328325821,0.2557077873391118,0.4898579627848253,1.061487768298498,1.1871170576786465,0.0,105,2017-11=0.4641216599;2017-12=0.3966676709;2018-01=0.3992398761;2018-02=0.4186136613;2018-03=0.4349681825;2018-04=0.4388679302;2018-05=0.4131525002;2018-06=0.4762506249;2018-07=0.522832064;2018-08=0.5050344622;2018-09=0.4445862439;2018-10=0.3670982525;2018-11=0.334600019;2018-12=0.3197185826;2019-01=0.3888767358;2019-02=0.4576819783;2019-03=0.5136405238;2019-04=0.4994058158;2019-05=0.4633127325;2019-06=0.5005194071;2019-07=0.4274610268;2019-08=0.4185009119;2019-09=0.4199775356;2019-10=0.4264869121;2019-11=0.4337649749;2019-12=0.4091727487;2020-01=0.3655736519;2020-02=0.3339662701;2020-03=0.2751887248;2020-04=0.2663706551;2020-05=0.2557077873;2020-06=0.2661859654;2020-07=0.3610835328;2020-08=0.3835923089;2020-09=0.3859847168;2020-10=0.4051876532;2020-11=0.4685468073;2020-12=0.4137684777;2021-01=0.5794924845;2021-02=0.6077176037;2021-03=0.5752219727;2021-04=0.5904064341;2021-05=0.6341615745;2021-06=0.6053193511;2021-07=0.5332506184;2021-08=0.5701749046;2021-09=0.5906481278;2021-10=0.5514702093;2021-11=0.5414639042;2021-12=0.582131814;2022-01=0.530599186;2022-02=0.5269570378;2022-03=0.5463760932;2022-04=0.5626192103;2022-05=0.5544536695;2022-06=0.5281516194;2022-07=0.4884775432;2022-08=0.4414949892;2022-09=0.4415486495;2022-10=0.404524196;2022-11=0.3879598191;2022-12=0.3951452236;2023-01=0.3261144095;2023-02=0.3360449005;2023-03=0.348992793;2023-04=0.379324831;2023-05=0.3888429835;2023-06=0.3793927005;2023-07=0.3840019879;2023-08=0.3730895094;2023-09=0.4123952356;2023-10=0.5170779557;2023-11=0.5347538928;2023-12=0.5706864443;2024-01=0.5566491509;2024-02=0.5162799268;2024-03=0.5200442036;2024-04=0.5291190015;2024-05=0.5756163218;2024-06=0.5547116417;2024-07=0.5359479873;2024-08=0.5262628298;2024-09=0.574959302;2024-10=0.5450131585;2024-11=0.520201837;2024-12=0.4812088435;2025-01=0.5161148325;2025-02=0.4995082396;2025-03=0.5409620759;2025-04=0.4972880888;2025-05=0.5318864237;2025-06=0.55467781;2025-07=0.4544334043;2025-08=0.4858645691;2025-09=0.5478655921;2025-10=0.5232859788;2025-11=0.4632479209;2025-12=0.5480425967;2026-01=0.7156871361;2026-02=0.7217839343;2026-03=0.7131044765;2026-04=0.7278659756;2026-05=0.6500507672;2026-06=0.6328776762;2026-07=0.7138972548,2020-05-29,0.6235739365988033,2,0.4517584523062905,0.3913165478819052,0.4925464801211885,0.0,45,0.5534138522643364,0.5714474413918752,-0.2750514132636268,1.5586943454411215,0.8461538461538461,13,337.1214736898763,0.5240248239307359,0.5265587797051394,0.37310163690233855,0.4925464801211885,2015-12-25~2016-05-26,2015-12-25,2016-05-26,1.0639093873979208,1.2403652716675888,1.0,0,2.0177760022859834,2020-03-23,0.35572630533458566,2020-03-23,0.3557263053345857,2020-03-23,0.0,2012-11-12,0,1.5552049375288184,231,7.0,5.0,0.6159875678853022,0.7203372419721173,0.9287225620913577,1.365397999052029,1.6056071791511726,1.7484916889865236,0.625670041691483,0.0,0.3116883116883117,15.709066383417978,140.7922077922078,2029,635,5.873642480127206,600585/601225/600309/688516/600660,3.784415868062851,0.49332148207740234,3673416.9132399997,1.2244723044133332,5.33%（同期超额 +47.07%）
U,BASE,2013-05-01,trend_x5_w-0.0454_x1c_dtax_sma20_swap_corr1_tranche_slmin_gs1.1u_ma60stop_ca2_addma_swk20_cap0.6s_sp_gso_ebcap0.03r_c0.3h0.035_ex6_lot100_sig1_lrc3_BASE20130501ex5,561254965.0443606,m3,2013-05-02,2026-08-28,1.1394398102516896,0.6134361011299089,2.1019116689639454,1.1423557779412825,0.48194608453902443,0.45784376303336405,0.37995937179584915,0.0,123,0.47154582825642266,0.38596270331463045,0.3100899918199478,0.26654399995121625,0.5000070557074994,1.0265360155065277,1.155590720335678,0.0,99,2018-05=0.3985939;2018-06=0.4282072441;2018-07=0.4746218399;2018-08=0.4557082395;2018-09=0.3649895374;2018-10=0.3057893553;2018-11=0.2741987328;2018-12=0.266544;2019-01=0.3202724882;2019-02=0.4088317951;2019-03=0.4949423655;2019-04=0.4659283608;2019-05=0.4453196711;2019-06=0.4859901802;2019-07=0.4150249384;2019-08=0.4097134273;2019-09=0.4219838564;2019-10=0.4344926292;2019-11=0.450289886;2019-12=0.405152331;2020-01=0.3656330979;2020-02=0.3437339796;2020-03=0.2878596791;2020-04=0.2788684456;2020-05=0.2692235307;2020-06=0.2796617584;2020-07=0.366088929;2020-08=0.387638953;2020-09=0.3859627033;2020-10=0.4071855169;2020-11=0.4731811389;2020-12=0.4146451055;2021-01=0.551621309;2021-02=0.5663807351;2021-03=0.566402645;2021-04=0.575398579;2021-05=0.6250129362;2021-06=0.6228261676;2021-07=0.5340681176;2021-08=0.5760221142;2021-09=0.5880481962;2021-10=0.5558576127;2021-11=0.5288903644;2021-12=0.557301615;2022-01=0.5076594251;2022-02=0.5052329906;2022-03=0.5286763107;2022-04=0.5426139202;2022-05=0.5363129641;2022-06=0.5132752507;2022-07=0.487278424;2022-08=0.4238320687;2022-09=0.4307016136;2022-10=0.3752204012;2022-11=0.3535853777;2022-12=0.3510488809;2023-01=0.2935580434;2023-02=0.297828077;2023-03=0.3100899918;2023-04=0.3394300094;2023-05=0.351925289;2023-06=0.3433554276;2023-07=0.3446997926;2023-08=0.3369594253;2023-09=0.3775333222;2023-10=0.4860795793;2023-11=0.5023228451;2023-12=0.5392355059;2024-01=0.5202133551;2024-02=0.4821190621;2024-03=0.478877716;2024-04=0.4961649176;2024-05=0.5407685304;2024-06=0.5147124182;2024-07=0.4943921063;2024-08=0.480216904;2024-09=0.520805373;2024-10=0.4873916105;2024-11=0.4715458283;2024-12=0.439949843;2025-01=0.4714395383;2025-02=0.4604605411;2025-03=0.5035068425;2025-04=0.4599224156;2025-05=0.4849993258;2025-06=0.5024671086;2025-07=0.4163506838;2025-08=0.4403298142;2025-09=0.5010940067;2025-10=0.4772553684;2025-11=0.4154800266;2025-12=0.5028275569;2026-01=0.6755378301;2026-02=0.6829188188;2026-03=0.6809235581;2026-04=0.6924918334;2026-05=0.6206217486;2026-06=0.6043976026;2026-07=0.6826988075,2018-12-28,0.6083834625513201,2,0.44236433007074893,0.37506162132625365,0.5000070557074994,0.0,39,0.480190330947999,0.5704501912667715,-0.2785477205128267,1.6824279301215546,0.8333333333333334,12,186.08498834812022,0.48095886914839503,0.4825133486790849,0.37356896561282377,0.5000070557074994,2018-07-30~2019-01-03,2018-07-30,2019-01-03,0.9619041644679363,1.1612861716701026,1.0,0,2.0041269885082826,2020-03-23,0.35133850925902665,2020-03-23,0.35133850925902677,2020-03-23,-3.637978807091713e-12,2013-11-04,0,1.5236171632569417,250,7.0,5.0,0.6140695913997964,0.7169052170965451,0.9479533142244213,1.3809378678450408,1.5822107587745287,1.9958899735237536,0.5929148539465506,0.0,0.304,14.879077642051117,122.676,1938,611,6.005048554095505,601225/600585/600309/688516/600938,3.7022412101009,0.5153415042960212,2167889.818663799,0.7226299395545998,5.03%（同期超额 +43.07%）
U,BASE,2013-11-01,trend_x5_w-0.0454_x1c_dtax_sma20_swap_corr1_tranche_slmin_gs1.1u_ma60stop_ca2_addma_swk20_cap0.6s_sp_gso_ebcap0.03r_c0.3h0.035_ex6_lot100_sig1_lrc3_BASE20131101ex5,479191520.7778874,m3,2013-11-01,2026-08-28,1.1813835917140105,0.73812909018707,2.0796219409073964,1.1448312308299435,0.44448616804616703,0.46121188082549924,0.38268387624808686,0.0,117,0.46796405659903373,0.3871665510672371,0.3123324319846701,0.23554230634348183,0.4999231834883141,1.0725830586264082,1.149027984000986,0.0,93,2018-11=0.253857384;2018-12=0.2355423063;2019-01=0.3094862808;2019-02=0.3943656132;2019-03=0.4791344635;2019-04=0.4484365168;2019-05=0.4325360488;2019-06=0.4693949742;2019-07=0.4025442978;2019-08=0.3982682575;2019-09=0.4123911276;2019-10=0.4318663414;2019-11=0.4425363559;2019-12=0.3915760051;2020-01=0.369981345;2020-02=0.3593563767;2020-03=0.3005509564;2020-04=0.2810141783;2020-05=0.274354408;2020-06=0.2803752161;2020-07=0.3679256126;2020-08=0.3895769611;2020-09=0.3871665511;2020-10=0.4106632206;2020-11=0.476756563;2020-12=0.4181035392;2021-01=0.5543753348;2021-02=0.5691803079;2021-03=0.5691824844;2021-04=0.5779187537;2021-05=0.6276441392;2021-06=0.625430148;2021-07=0.5362091372;2021-08=0.5783754009;2021-09=0.5905338712;2021-10=0.5582457968;2021-11=0.5311532574;2021-12=0.5595895026;2022-01=0.5098462217;2022-02=0.5074879779;2022-03=0.5310378373;2022-04=0.5449633601;2022-05=0.5386908453;2022-06=0.5156326862;2022-07=0.4897090719;2022-08=0.4258888341;2022-09=0.4328511568;2022-10=0.3771413507;2022-11=0.3558790847;2022-12=0.3530977848;2023-01=0.2956386051;2023-02=0.2999351954;2023-03=0.312332432;2023-04=0.3418126849;2023-05=0.3543869203;2023-06=0.34584731;2023-07=0.3472115091;2023-08=0.3393919317;2023-09=0.3800378298;2023-10=0.4887380606;2023-11=0.5051330308;2023-12=0.5420814753;2024-01=0.5226871415;2024-02=0.4839899439;2024-03=0.4829279326;2024-04=0.4988554587;2024-05=0.5437492686;2024-06=0.5176899374;2024-07=0.498161383;2024-08=0.4843021926;2024-09=0.5316062394;2024-10=0.5022262237;2024-11=0.4754672242;2024-12=0.4283212504;2025-01=0.4575627733;2025-02=0.4424877164;2025-03=0.4816632813;2025-04=0.4310832942;2025-05=0.4591422298;2025-06=0.4791227267;2025-07=0.3947617029;2025-08=0.4188386613;2025-09=0.4762083887;2025-10=0.4462945493;2025-11=0.3858732569;2025-12=0.4679640566;2026-01=0.6363416172;2026-02=0.6439157854;2026-03=0.6402865041;2026-04=0.6544311277;2026-05=0.5948882379;2026-06=0.5735259678;2026-07=0.6551331499,2018-12-28,0.5956711435716887,2,0.4406431343310737,0.37613853759983096,0.4999231834883141,0.0,33,0.43863005455166093,0.5389324397233289,-0.2762039630788298,1.6846557161980016,0.8333333333333334,12,158.73050692596246,0.48543263678776283,0.48682898543378084,0.3778079784406125,0.4999231834883141,2018-07-30~2019-01-03,2018-07-30,2019-01-03,0.9710144534617486,1.1608034252733614,1.0,0,2.004238970955048,2020-03-23,0.3513747517939281,2020-03-23,0.3513747517939281,2020-03-23,0.0,2013-11-15,0,1.5224290391373552,236,6,5,0.6227827576614327,0.7189690698717383,0.9480032212621071,1.3927940978323903,1.602280997497942,1.9957789220716893,0.6567646109137876,0.0,0.3135593220338983,13.543428184107757,125.3135593220339,1864,592,6.30659770442709,600585/601225/600309/688516/002304,3.8569868184369493,0.5448568971075463,1973297.5661514,0.6577658553838001,5.45%（同期超额 +43.09%）
U,BASE,2014-05-01,trend_x5_w-0.0454_x1c_dtax_sma20_swap_corr1_tranche_slmin_gs1.1u_ma60stop_ca2_addma_swk20_cap0.6s_sp_gso_ebcap0.03r_c0.3h0.035_ex6_lot100_sig1_lrc3_BASE20140501ex5,835095428.1305265,m3,2014-05-05,2026-08-28,1.3810371479266936,0.8219795656658063,2.5388676583956173,1.2276730713336932,0.3314572986627232,0.4910905582906979,0.41858999246770345,0.0,111,0.5075486602015578,0.41144914936970833,0.3637162487898593,0.2741980974072731,0.4975974849928423,1.159319076549841,1.2296432056942657,0.0,87,2019-05=0.4772423303;2019-06=0.5206030572;2019-07=0.4694575645;2019-08=0.4711522214;2019-09=0.4704482595;2019-10=0.4703720217;2019-11=0.4569161199;2019-12=0.4001895011;2020-01=0.3837265094;2020-02=0.3611151359;2020-03=0.2849328645;2020-04=0.2832992363;2020-05=0.2741980974;2020-06=0.2849798607;2020-07=0.3805935611;2020-08=0.4114491494;2020-09=0.4096256891;2020-10=0.429940681;2020-11=0.4882684923;2020-12=0.432592031;2021-01=0.5768742568;2021-02=0.6289123836;2021-03=0.5805876711;2021-04=0.6081123713;2021-05=0.6461813563;2021-06=0.6400136242;2021-07=0.5542282531;2021-08=0.5958586892;2021-09=0.6146220782;2021-10=0.5834833554;2021-11=0.5590193454;2021-12=0.5926452444;2022-01=0.5414007184;2022-02=0.5362411065;2022-03=0.5597001;2022-04=0.5737139203;2022-05=0.5624279164;2022-06=0.5360355783;2022-07=0.5085572899;2022-08=0.4457465747;2022-09=0.4503413909;2022-10=0.3982381441;2022-11=0.3849351019;2022-12=0.3863494301;2023-01=0.3216975352;2023-02=0.3298533092;2023-03=0.341879114;2023-04=0.3724790423;2023-05=0.3821230771;2023-06=0.3712003955;2023-07=0.3743199959;2023-08=0.3637162488;2023-09=0.4049526318;2023-10=0.5125331495;2023-11=0.528939709;2023-12=0.5644725949;2024-01=0.5490602789;2024-02=0.5075486602;2024-03=0.5122929466;2024-04=0.5214186834;2024-05=0.5673200872;2024-06=0.54629304;2024-07=0.5275943744;2024-08=0.5164591319;2024-09=0.5665719818;2024-10=0.5329216154;2024-11=0.5066018906;2024-12=0.46172131;2025-01=0.4906229165;2025-02=0.4780389224;2025-03=0.5201580343;2025-04=0.4737671667;2025-05=0.5016826465;2025-06=0.5258081262;2025-07=0.4336023362;2025-08=0.4598905519;2025-09=0.5197182295;2025-10=0.4935851712;2025-11=0.4321409351;2025-12=0.5164107342;2026-01=0.6830671579;2026-02=0.6899122148;2026-03=0.6819347808;2026-04=0.6952120369;2026-05=0.6177728756;2026-06=0.6009991998;2026-07=0.6797514578,2020-05-29,0.6169898554587234,2,0.4815507351064161,0.3975733005274489,0.4975974849928423,0.0,27,0.39589325446346524,0.5797633437846251,-0.258728536123389,1.6653804526336464,0.8181818181818182,11,277.3651427101755,0.579463030847182,0.5808656862319548,0.37696168970915683,0.4975974849928423,2018-07-30~2019-01-03,2018-07-30,2019-01-03,1.1645216230454165,1.327661919664137,1.0,0,2.0040303149851217,2020-03-23,0.3513072181197761,2020-03-23,0.35130721811977605,2020-03-23,0.0,2014-05-13,0,1.548024158533461,212,7.0,5.0,0.6084816667085232,0.7198491754646632,0.9470063096801575,1.357536266157578,1.6242666787543707,1.9959858632503726,0.5727151434289527,0.0,0.35377358490566035,12.38724013729671,141.50471698113208,1850,622,5.891667716881962,600585/600309/601225/688516/002714,3.8386651702966517,0.5293172289684858,3162770.8433244005,1.0542569477748,6.55%（同期超额 +51.39%）
U,BASE,2014-11-01,trend_x5_w-0.0454_x1c_dtax_sma20_swap_corr1_tranche_slmin_gs1.1u_ma60stop_ca2_addma_swk20_cap0.6s_sp_gso_ebcap0.03r_c0.3h0.035_ex6_lot100_sig1_lrc3_BASE20141101ex5,707451986.0881236,m3,2014-11-03,2026-08-28,1.439958139640472,0.8762707014110859,2.6117179635361096,1.2527475330774875,0.3311573712708237,0.4797574574321588,0.42146544775470995,0.0,105,0.511774108346192,0.4337161653540025,0.3673380567973106,0.29409016082304884,0.49080381932717665,1.1906828386988215,1.252534360560273,0.0,81,2019-11=0.4341252895;2019-12=0.3923653581;2020-01=0.3884736018;2020-02=0.3763937029;2020-03=0.2955570971;2020-04=0.3022718464;2020-05=0.2940901608;2020-06=0.3046162059;2020-07=0.4031001311;2020-08=0.4388189513;2020-09=0.4337161654;2020-10=0.4586842677;2020-11=0.5205772648;2020-12=0.4647823781;2021-01=0.6104890462;2021-02=0.6353505359;2021-03=0.5843916848;2021-04=0.5975553911;2021-05=0.6229501339;2021-06=0.6032592096;2021-07=0.5439983368;2021-08=0.576548167;2021-09=0.5924099056;2021-10=0.563461097;2021-11=0.5440912065;2021-12=0.5762677284;2022-01=0.5348130144;2022-02=0.5355794321;2022-03=0.5540990081;2022-04=0.558727139;2022-05=0.5420551487;2022-06=0.5308206924;2022-07=0.4929043889;2022-08=0.4371658772;2022-09=0.4369613864;2022-10=0.3918879591;2022-11=0.3831916836;2022-12=0.3818309213;2023-01=0.3170113647;2023-02=0.3240658434;2023-03=0.3364645915;2023-04=0.3673380568;2023-05=0.3773852005;2023-06=0.3680376706;2023-07=0.370829307;2023-08=0.3604133882;2023-09=0.4007549914;2023-10=0.5056555829;2023-11=0.5223937738;2023-12=0.5567874059;2024-01=0.5433534167;2024-02=0.5019322074;2024-03=0.5059431349;2024-04=0.5165336847;2024-05=0.5623044526;2024-06=0.5398633861;2024-07=0.5217750995;2024-08=0.5103636595;2024-09=0.5613233431;2024-10=0.529222287;2024-11=0.5061089396;2024-12=0.4678276136;2025-01=0.4987952189;2025-02=0.4827061548;2025-03=0.5258622701;2025-04=0.4812175705;2025-05=0.5117741083;2025-06=0.5370263926;2025-07=0.4423310252;2025-08=0.4715796116;2025-09=0.5358537655;2025-10=0.511928881;2025-11=0.4497588229;2025-12=0.5391043797;2026-01=0.7071710725;2026-02=0.7124811165;2026-03=0.7067510037;2026-04=0.7202977436;2026-05=0.6451151382;2026-06=0.6273533997;2026-07=0.708704075,2020-05-29,0.6263512058885446,2,0.48389247920597,0.4059705373617011,0.49080381932717665,0.0,21,0.39593636652237296,0.5743954395422507,-0.23106913471781565,1.5449875826072534,0.8181818181818182,11,234.8173286960412,0.5877564750168842,0.589605862129017,0.3671642745096429,0.49080381932717665,2018-07-30~2019-01-03,2018-07-30,2019-01-03,1.1975385110544088,1.3695999847439122,1.0,0,2.0044849190065404,2020-03-23,0.3514543373844368,2020-03-23,0.3514543373844369,2020-03-23,0.0,2014-11-06,0,1.5472152129051449,193,7,5.0,0.6014156889775036,0.7169274647847615,0.9499790587073472,1.3275583496485002,1.6140174104392846,1.995535105682845,0.5102608695652174,0.0,0.35751295336787564,12.795421097965221,147.9896373056995,1718,640,6.006688797527786,600585/601225/600309/688516/601328,3.7189344047776234,0.5273609066614212,2606339.7092820033,0.8687799030940011,5.46%（同期超额 +53.32%）
U,BASE,2015-05-01,trend_x5_w-0.0454_x1c_dtax_sma20_swap_corr1_tranche_slmin_gs1.1u_ma60stop_ca2_addma_swk20_cap0.6s_sp_gso_ebcap0.03r_c0.3h0.035_ex6_lot100_sig1_lrc3_BASE20150501ex5,255543889.13031775,m3,2015-05-04,2026-08-28,1.5009837759651388,0.7700119947573935,2.535506928947851,1.2055007723464002,0.33134186891702044,0.4848361050753409,0.40171189320192435,0.0,99,0.49997674335172215,0.41236752888660644,0.35727178428076134,0.2690180429869391,0.4998848881654542,1.1646241628209495,1.2294278678778687,0.0,75,2020-05=0.269018043;2020-06=0.2890721188;2020-07=0.3675162242;2020-08=0.3875067801;2020-09=0.3813240684;2020-10=0.4083106809;2020-11=0.4772971189;2020-12=0.4196807767;2021-01=0.5547953605;2021-02=0.5696014418;2021-03=0.5696099753;2021-04=0.5783409411;2021-05=0.628031272;2021-06=0.625799006;2021-07=0.5383920541;2021-08=0.5821780194;2021-09=0.6017123891;2021-10=0.57233879;2021-11=0.547561823;2021-12=0.5791525091;2022-01=0.5297488388;2022-02=0.5205144338;2022-03=0.5442588663;2022-04=0.5575142348;2022-05=0.5443487845;2022-06=0.5177280926;2022-07=0.4946209863;2022-08=0.4319867671;2022-09=0.4366791916;2022-10=0.3822625205;2022-11=0.3692585095;2022-12=0.370123309;2023-01=0.3076915218;2023-02=0.3151782994;2023-03=0.3267993297;2023-04=0.3572717843;2023-05=0.366895909;2023-06=0.3552544319;2023-07=0.35771553;2023-08=0.347509527;2023-09=0.3883878654;2023-10=0.4954509761;2023-11=0.5113477177;2023-12=0.5467560154;2024-01=0.5319516578;2024-02=0.4911442614;2024-03=0.4945460907;2024-04=0.5030801374;2024-05=0.5493556965;2024-06=0.5288140454;2024-07=0.5108269128;2024-08=0.4999767434;2024-09=0.5502238836;2024-10=0.5172820439;2024-11=0.493011016;2024-12=0.4507128614;2025-01=0.4799383448;2025-02=0.4672028793;2025-03=0.5091522829;2025-04=0.4631119238;2025-05=0.4936257115;2025-06=0.515302184;2025-07=0.4290964275;2025-08=0.4522328544;2025-09=0.5101642603;2025-10=0.4783065769;2025-11=0.4123675289;2025-12=0.4966917394;2026-01=0.674409811;2026-02=0.679798673;2026-03=0.6804345715;2026-04=0.690643608;2026-05=0.6202424003;2026-06=0.5991081102;2026-07=0.679524124,2020-05-29,0.60895808909431,2,0.4576672338888421,0.3975862544555335,0.4998848881654542,0.0,15,0.4563153763292873,0.58369306386997,-0.273535761802571,1.681688051152153,0.8,10,84.18129637677258,0.48098649126706117,0.48239293973509256,0.3621414836721538,0.4998848881654542,2018-07-30~2019-01-03,2018-07-30,2019-01-03,0.9621945024828638,1.190923255649061,1.0,0,2.0043239866674454,2020-03-23,0.35140226398153945,2020-03-23,0.3514022639815395,2020-03-23,0.0,2015-11-10,0,1.5128286374703523,189,6.0,5.0,0.6087673184614717,0.7247383952301801,0.9478039455830395,1.3958441636144507,1.6211958619035218,1.995694629696346,0.6011320754716981,0.0,0.2962962962962963,14.602590500383032,131.20634920634922,1553,446,6.16024278074757,600585/600309/601225/688516/600938,3.785266401141187,0.6127548096162093,1008922.4084975999,0.3363074694992,-0.17%（同期超额 +48.27%）
U,BASE,2015-11-01,trend_x5_w-0.0454_x1c_dtax_sma20_swap_corr1_tranche_slmin_gs1.1u_ma60stop_ca2_addma_swk20_cap0.6s_sp_gso_ebcap0.03r_c0.3h0.035_ex6_lot100_sig1_lrc3_BASE20151101ex5,320348686.1298294,m3,2015-11-02,2026-08-28,1.5318760155036595,0.8079096375218127,2.8695034557116155,1.2441486656085676,0.3313877688221729,0.490811906766065,0.41764298277335965,0.0,93,0.5192933232368486,0.46888398831047207,0.3577709286628976,0.3076950328309278,0.444462115224065,1.2564958351800615,1.2572173660583876,0.0,69,2020-11=0.4826652604;2020-12=0.4276889328;2021-01=0.5548399085;2021-02=0.569645169;2021-03=0.5696515013;2021-04=0.5783682156;2021-05=0.6280549378;2021-06=0.6258123686;2021-07=0.5382845004;2021-08=0.5820942624;2021-09=0.6016628287;2021-10=0.5722620841;2021-11=0.5474911966;2021-12=0.5791047996;2022-01=0.529664267;2022-02=0.5204686403;2022-03=0.5438320581;2022-04=0.5571589259;2022-05=0.5442254176;2022-06=0.5178416532;2022-07=0.494753819;2022-08=0.4320085506;2022-09=0.4367731531;2022-10=0.3822818404;2022-11=0.3692990349;2022-12=0.3701315293;2023-01=0.3076950328;2023-02=0.3151921941;2023-03=0.3268171421;2023-04=0.3572832116;2023-05=0.366900876;2023-06=0.3552899494;2023-07=0.3577709287;2023-08=0.34754308;2023-09=0.3884283019;2023-10=0.4954883942;2023-11=0.5113785576;2023-12=0.5467933426;2024-01=0.5319775669;2024-02=0.491148826;2024-03=0.4950088278;2024-04=0.5036986775;2024-05=0.5497349282;2024-06=0.5290692771;2024-07=0.5109788439;2024-08=0.500261266;2024-09=0.5459144196;2024-10=0.5122465369;2024-11=0.4984071776;2024-12=0.4688839883;2025-01=0.4997805084;2025-02=0.4873549566;2025-03=0.5316581172;2025-04=0.4907971333;2025-05=0.5192933232;2025-06=0.5390155303;2025-07=0.4518632815;2025-08=0.4799710267;2025-09=0.5461954441;2025-10=0.5231179655;2025-11=0.4574418231;2025-12=0.5527458214;2026-01=0.7290266838;2026-02=0.7362995156;2026-03=0.7343479026;2026-04=0.7465096886;2026-05=0.6744641916;2026-06=0.6577127235;2026-07=0.7379805486,2023-01-31,0.638132524458636,2,0.6416850640405694,0.4700098050868231,0.4998464143209844,0.0,9,0.45642813611714406,0.6206634791378475,-0.252903214284671,1.681272615309981,0.8,10,105.7828953766098,0.5398459965616029,0.54163359951735,0.3701083364819602,0.4998464143209844,2018-07-30~2019-01-03,2018-07-30,2019-01-03,1.080023745483812,1.2800031932837779,1.0,0,2.004271966011614,2020-03-23,0.35138542969948067,2020-03-23,0.3513854296994807,2020-03-23,-1.4551915228366852e-11,2020-06-10,0,1.5772058958177653,177,7,5,0.6088454878822653,0.7249510950603466,0.9478270661084721,1.3956525336309173,1.621795225753256,1.995746206051554,0.5948639325412035,0.0,0.3163841807909605,17.106321461531895,138.4632768361582,1512,410,5.708178423352872,600585/600309/601225/688516/002714,3.7604590515945207,0.6007586243360723,1089486.6328979996,0.3631622109659999,2.83%（同期超额 +51.15%）
U,BASE,2016-05-01,trend_x5_w-0.0454_x1c_dtax_sma20_swap_corr1_tranche_slmin_gs1.1u_ma60stop_ca2_addma_swk20_cap0.6s_sp_gso_ebcap0.03r_c0.3h0.035_ex6_lot100_sig1_lrc3_BASE20160501ex5,472078196.5327866,m3,2016-05-03,2026-08-28,1.5952639276404024,0.8680466850374086,2.7717502939069623,1.2376124990439092,0.33141134269614203,0.4915034998716703,0.4253501927310692,0.0,87,0.5161419127481133,0.44115423271589593,0.3624435376278361,0.31148690358047615,0.33141134269614203,1.4770800009711136,1.2468672131122436,0.0,63,2021-05=0.6297683706;2021-06=0.6267979808;2021-07=0.5394101107;2021-08=0.5830179044;2021-09=0.6027177523;2021-10=0.573745907;2021-11=0.5485151006;2021-12=0.5811249936;2022-01=0.5306458455;2022-02=0.5233632578;2022-03=0.5464452818;2022-04=0.5601486658;2022-05=0.5478361422;2022-06=0.5214369083;2022-07=0.4957554136;2022-08=0.4348416361;2022-09=0.4392487687;2022-10=0.3868333391;2022-11=0.3736580039;2022-12=0.3750955169;2023-01=0.3114869036;2023-02=0.3192483681;2023-03=0.3310401888;2023-04=0.3615449068;2023-05=0.3711860903;2023-06=0.3597735521;2023-07=0.3624435376;2023-08=0.3521170012;2023-09=0.3930618866;2023-10=0.500121668;2023-11=0.5161419127;2023-12=0.5517292201;2024-01=0.5369280872;2024-02=0.4959963303;2024-03=0.4998614659;2024-04=0.5085762329;2024-05=0.5547641378;2024-06=0.5340362062;2024-07=0.5158561025;2024-08=0.5048159138;2024-09=0.5596247651;2024-10=0.5243120102;2024-11=0.4995880661;2024-12=0.4587247376;2025-01=0.4876037273;2025-02=0.4751964695;2025-03=0.5177127805;2025-04=0.4735546552;2025-05=0.5045647378;2025-06=0.5285785287;2025-07=0.4411542327;2025-08=0.4683945036;2025-09=0.5309656311;2025-10=0.50331814;2025-11=0.4399625662;2025-12=0.528729077;2026-01=0.6967763311;2026-02=0.705144848;2026-03=0.6966894438;2026-04=0.7128925546;2026-05=0.6384416919;2026-06=0.6202346325;2026-07=0.7003370746,2023-01-31,0.6198735926699038,2,0.6235129899894547,0.617873939558474,0.49922196413489794,0.0,3,0.513587365239788,0.6967631796070481,-0.23736177207695253,1.6597697567949399,0.8888888888888888,9,156.35939884426222,0.6326709341838894,0.6351683650836015,0.36621456445170186,0.49922196413489794,2018-07-30~2019-01-03,2018-07-30,2019-01-03,1.2673138997003974,1.4507124746764635,1.0,0,2.004204375695182,2020-03-23,0.3513635556508155,2020-03-23,0.35136355565081556,2020-03-23,0.0,2016-05-25,0,1.6036693935671045,165,6,5,0.6123200845279864,0.7257821651418219,0.9476126064653794,1.3958621655034982,1.6180468151197078,1.995813227071161,0.6388999601434835,0.0,0.3151515151515151,16.2007984116174,140.6848484848485,1374,373,5.798315803142228,600585/600309/601225/688516/002714,3.8132114568976956,0.6116607641351848,1703486.3131215984,0.5678287710405329,3.76%（同期超额 +59.50%）
U,STOPMAX,2009-11-01,trend_x5_w-0.0454_x1c_dtax_sma20_swap_corr1_tranche_slmax_gs1.1u_ma60stop_ca2_addma_swk20_cap0.6s_sp_gso_ebcap0.03r_c0.3h0.035_ex6_lot100_sig1_lrc3_STOPMAX20091101ex5,39680473.914709106,m3,2009-11-02,2026-08-28,0.35740237949521453,-0.09849423941613127,1.1781564686582382,0.45502860165771813,0.35532004792752303,0.12945530559457197,0.014560785984147229,0.17575757575757575,165,0.1226136637579629,0.09265168857303796,-0.006797595558091785,-0.07685337012457827,0.4048043718905189,0.30289609567538045,0.42091267944115196,0.10638297872340426,141,2014-11=0.0977958999;2014-12=0.1688745063;2015-01=0.1570762821;2015-02=0.1728949503;2015-03=0.2101357024;2015-04=0.2171492357;2015-05=0.2220199183;2015-06=0.2119688932;2015-07=0.2092780397;2015-08=0.2052349771;2015-09=0.2006071116;2015-10=0.1547688037;2015-11=0.140623681;2015-12=0.1649267496;2016-01=0.1217501631;2016-02=0.1178127026;2016-03=0.1239406132;2016-04=0.1162533229;2016-05=0.1010660815;2016-06=0.096845642;2016-07=0.1279713749;2016-08=0.1461136021;2016-09=0.1227897214;2016-10=0.1169036652;2016-11=0.1016836429;2016-12=0.09265168857;2017-01=0.1042038621;2017-02=0.09444428769;2017-03=0.1318280955;2017-04=0.1277149598;2017-05=0.1192189964;2017-06=0.13884063;2017-07=0.1680597653;2017-08=0.2255238606;2017-09=0.2109952788;2017-10=0.2620147473;2017-11=0.3046067893;2017-12=0.2624558273;2018-01=0.2700487789;2018-02=0.2890207941;2018-03=0.2830013593;2018-04=0.2865388047;2018-05=0.2848337149;2018-06=0.2940212796;2018-07=0.3006439538;2018-08=0.2834009329;2018-09=0.1960949612;2018-10=0.2080891757;2018-11=0.1884570972;2018-12=0.2005815698;2019-01=0.2226217473;2019-02=0.2661394678;2019-03=0.2913674643;2019-04=0.2599418284;2019-05=0.2466375468;2019-06=0.2334703991;2019-07=0.1914881789;2019-08=0.1779960293;2019-09=0.1603409775;2019-10=0.1716870042;2019-11=0.1400864218;2019-12=0.1212234009;2020-01=0.1003645699;2020-02=0.06073720686;2020-03=0.01472009845;2020-04=0.01640123042;2020-05=0.01434173748;2020-06=0.02782731822;2020-07=0.09651459183;2020-08=0.110086583;2020-09=0.101955247;2020-10=0.1221456575;2020-11=0.1775920626;2020-12=0.1226136638;2021-01=0.1565437741;2021-02=0.1496464969;2021-03=0.1511541121;2021-04=0.1404208311;2021-05=0.1507883425;2021-06=0.1725719606;2021-07=0.1208924304;2021-08=0.1038598495;2021-09=0.1104650112;2021-10=0.09559017144;2021-11=0.1058744413;2021-12=0.1130795728;2022-01=0.09479773719;2022-02=0.1025258371;2022-03=0.0788435611;2022-04=0.0846487487;2022-05=0.09266837998;2022-06=0.1248817906;2022-07=0.08406148305;2022-08=0.0187340197;2022-09=0.03620452597;2022-10=-0.02136675365;2022-11=-0.04885083006;2022-12=-0.04402997047;2023-01=-0.07685337012;2023-02=-0.07088850405;2023-03=-0.06800648674;2023-04=-0.03945316842;2023-05=-0.0370095609;2023-06=-0.04119170025;2023-07=-0.02696293201;2023-08=-0.03930706951;2023-09=-0.0177371567;2023-10=-0.01071167331;2023-11=-0.006797595558;2023-12=-0.01006414741;2024-01=0.02215064817;2024-02=0.009382688804;2024-03=0.007269004474;2024-04=0.01851183428;2024-05=0.04456357;2024-06=0.04632702206;2024-07=0.05258902925;2024-08=0.05479425029;2024-09=0.1006202484;2024-10=0.1050819321;2024-11=0.1061624623;2024-12=0.06067923098;2025-01=0.09334988585;2025-02=0.1081885136;2025-03=0.1317220454;2025-04=0.1160605308;2025-05=0.1377251211;2025-06=0.1517049585;2025-07=0.08319799165;2025-08=0.1082809193;2025-09=0.1604957946;2025-10=0.1498013317;2025-11=0.1043394689;2025-12=0.177160772;2026-01=0.2458779346;2026-02=0.2511172186;2026-03=0.2442836222;2026-04=0.2936544273;2026-05=0.2841950817;2026-06=0.2482346537;2026-07=0.2870914903,2023-01-31,0.12797137493169664,3,0.11875872008524047,0.08983777533327553,0.5880724523349633,0.0,81,0.19929907251122214,0.22282105929518592,-0.321117649372624,1.0670892480478162,0.625,16,12.22682463823637,0.16594863043811747,0.16659423310614918,0.31100581060894467,0.5880724523349633,2020-11-23~2022-11-24,2020-11-23,2022-11-24,0.2821907909122632,0.5519227447760806,0.9845890410958904,0,2.2777569072953505,2021-09-29,0.42926306321966406,2021-09-29,0.429263063219664,2021-09-29,-2.9103830456733704e-11,2021-04-29,0,1.050465854739806,682,5.0,2.0,0.6005135395903767,0.6501204077065569,0.7556637392976245,1.1768237047460568,1.4548153737047338,1.7466003545587465,0.5062166962699822,0.0,0.2961876832844575,5.8448097756124495,41.65982404692082,4546,1163,19.05396673603353,600309/002714/600660/002532/600938,2.3071951300442146,0.5332761545032263,1110030.1090380014,0.37001003634600044,1.96%（同期超额 +14.64%）
U,STOPMAX,2010-05-01,trend_x5_w-0.0454_x1c_dtax_sma20_swap_corr1_tranche_slmax_gs1.1u_ma60stop_ca2_addma_swk20_cap0.6s_sp_gso_ebcap0.03r_c0.3h0.035_ex6_lot100_sig1_lrc3_STOPMAX20100501ex5,40015099.37730549,m3,2010-05-04,2026-08-28,0.3773270745287013,-0.10030984631260201,1.209460091627014,0.464298486100662,0.3519854237290534,0.13442126099951324,0.014442740987704594,0.1761006289308176,159,0.12241251427514022,0.08431704030898501,-0.011242462592847557,-0.07624836924261436,0.4046866858201249,0.2994181203537357,0.4122312869310257,0.1111111111111111,135,2015-05=0.2214228196;2015-06=0.2115342478;2015-07=0.2087486127;2015-08=0.2047392833;2015-09=0.2000782331;2015-10=0.1542678175;2015-11=0.1414468942;2015-12=0.1650039547;2016-01=0.1223286127;2016-02=0.1183876629;2016-03=0.1245216824;2016-04=0.1168258306;2016-05=0.1016314738;2016-06=0.09740213416;2016-07=0.1285548055;2016-08=0.1466969102;2016-09=0.1233698589;2016-10=0.1174831468;2016-11=0.1022592937;2016-12=0.09321563499;2017-01=0.1047741852;2017-02=0.09500676183;2017-03=0.1324011053;2017-04=0.1282853662;2017-05=0.119777866;2017-06=0.1393950196;2017-07=0.16864894;2017-08=0.2262122709;2017-09=0.211652686;2017-10=0.2627417486;2017-11=0.3053515037;2017-12=0.2632052919;2018-01=0.2708353146;2018-02=0.2898010023;2018-03=0.2813904753;2018-04=0.293250672;2018-05=0.28527081;2018-06=0.294455808;2018-07=0.3010803696;2018-08=0.2838256038;2018-09=0.1964934962;2018-10=0.2084982977;2018-11=0.1888592141;2018-12=0.2009862686;2019-01=0.2230375601;2019-02=0.2665917602;2019-03=0.292001645;2019-04=0.2605504144;2019-05=0.2472612331;2019-06=0.2337472029;2019-07=0.1921133045;2019-08=0.1783945792;2019-09=0.1613124253;2019-10=0.1729515565;2019-11=0.1413797975;2019-12=0.1224125143;2020-01=0.1015855948;2020-02=0.06196040839;2020-03=0.01591117198;2020-04=0.01753779955;2020-05=0.01547877713;2020-06=0.02882767044;2020-07=0.09771601799;2020-08=0.1113742048;2020-09=0.10325002;2020-10=0.1234825751;2020-11=0.1776396207;2020-12=0.123399545;2021-01=0.1568328919;2021-02=0.1499355684;2021-03=0.1514362475;2021-04=0.1407078566;2021-05=0.151075824;2021-06=0.1728740412;2021-07=0.1211705268;2021-08=0.1041418325;2021-09=0.1107442463;2021-10=0.09586067793;2021-11=0.1061430848;2021-12=0.1133582235;2022-01=0.09507054779;2022-02=0.1027977585;2022-03=0.07910988976;2022-04=0.08491643978;2022-05=0.09293165298;2022-06=0.1251232774;2022-07=0.08431704031;2022-08=0.01891096359;2022-09=0.03609999121;2022-10=-0.02115765185;2022-11=-0.04864911359;2022-12=-0.04348298371;2023-01=-0.07624836924;2023-02=-0.07027193556;2023-03=-0.06826688978;2023-04=-0.03987675233;2023-05=-0.03712981316;2023-06=-0.0416269626;2023-07=-0.02739913452;2023-08=-0.03917188313;2023-09=-0.01873652975;2023-10=-0.01181781058;2023-11=-0.00795438199;2023-12=-0.01124246259;2024-01=0.0209354992;2024-02=0.008186078021;2024-03=0.006080654905;2024-04=0.01730221262;2024-05=0.04331984789;2024-06=0.04483813589;2024-07=0.05097798274;2024-08=0.05347442436;2024-09=0.09880039975;2024-10=0.1032586113;2024-11=0.1046443429;2024-12=0.0599582289;2025-01=0.09226454976;2025-02=0.1070393958;2025-03=0.130605296;2025-04=0.1131989418;2025-05=0.1351662194;2025-06=0.1495099931;2025-07=0.08118222263;2025-08=0.1056176414;2025-09=0.1576100033;2025-10=0.1467723666;2025-11=0.1013371633;2025-12=0.1740946152;2026-01=0.2426469186;2026-02=0.2476491383;2026-03=0.2412521729;2026-04=0.2905269074;2026-05=0.2805206119;2026-06=0.2443367946;2026-07=0.2830751082,2023-01-31,0.12855480546155884,3,0.11930407831544443,0.08747955392682694,0.5880006094980519,0.0,75,0.18005828594133844,0.2203073482411676,-0.32111564480892363,1.0489159761661644,0.6,15,12.338366459101831,0.1720612077386201,0.1727883094253717,0.315296410144088,0.5880006094980519,2020-11-23~2022-11-24,2020-11-23,2022-11-24,0.2926207982768939,0.5641995433464755,1.0,0,2.277772661034774,2021-09-29,0.4292670106026208,2021-09-29,0.42926701060262074,2021-09-29,0.0,2010-09-20,0,1.0779929082517299,680,5.0,2.0,0.6016815209017062,0.6510895651621864,0.7556640112711555,1.1814566261105135,1.4559939180023544,1.7466803943412048,0.5160314579552329,0.0,0.29558823529411765,5.760853738651083,41.74411764705882,4485,1142,19.305914908329296,600309/002714/600660/002532/600938,2.3173474527567723,0.5334757230932929,1134619.64896,0.3782065496533333,2.75%（同期超额 +14.45%）
U,STOPMAX,2010-11-01,trend_x5_w-0.0454_x1c_dtax_sma20_swap_corr1_tranche_slmax_gs1.1u_ma60stop_ca2_addma_swk20_cap0.6s_sp_gso_ebcap0.03r_c0.3h0.035_ex6_lot100_sig1_lrc3_STOPMAX20101101ex5,32837652.523731526,m3,2010-11-01,2026-08-28,0.4160594240938765,-0.091516097443802,1.1912539761160914,0.4833869882362121,0.3500963228637797,0.1442485540225642,0.019195103420753368,0.17647058823529413,153,0.12107363810206273,0.0827095283056698,-0.00867145040549866,-0.07409414775956513,0.4048691570699122,0.2915637993414665,0.4124824697453857,0.11627906976744186,129,2015-11=0.1413471301;2015-12=0.1644174066;2016-01=0.1236397869;2016-02=0.119693296;2016-03=0.1258365785;2016-04=0.1181329618;2016-05=0.1029265697;2016-06=0.09870347062;2016-07=0.1298854462;2016-08=0.1480484724;2016-09=0.1246789563;2016-10=0.1187853958;2016-11=0.1035418682;2016-12=0.09449014277;2017-01=0.1060676937;2017-02=0.09629500472;2017-03=0.1337100643;2017-04=0.1295886635;2017-05=0.1210736381;2017-06=0.1407208724;2017-07=0.1699809439;2017-08=0.2274918992;2017-09=0.2129589465;2017-10=0.2640055622;2017-11=0.3066523821;2017-12=0.2644306981;2018-01=0.2720405039;2018-02=0.2909835237;2018-03=0.282627359;2018-04=0.2945681098;2018-05=0.2866003937;2018-06=0.2957976263;2018-07=0.3024278133;2018-08=0.2851717884;2018-09=0.1977688573;2018-10=0.2097855326;2018-11=0.1901633371;2018-12=0.2024148249;2019-01=0.2245567994;2019-02=0.2682119255;2019-03=0.2936765308;2019-04=0.262190123;2019-05=0.2488754892;2019-06=0.2353469418;2019-07=0.1936087908;2019-08=0.1798409928;2019-09=0.1627039045;2019-10=0.1709862469;2019-11=0.1424346236;2019-12=0.1266508234;2020-01=0.1070941531;2020-02=0.0663591194;2020-03=0.0201955625;2020-04=0.02076860414;2020-05=0.01850579425;2020-06=0.0314075108;2020-07=0.103040141;2020-08=0.1170032497;2020-09=0.109047786;2020-10=0.1297635149;2020-11=0.1816945559;2020-12=0.1279120472;2021-01=0.1595476363;2021-02=0.1526401086;2021-03=0.1541481219;2021-04=0.1433871105;2021-05=0.1537755672;2021-06=0.1756133098;2021-07=0.1237909557;2021-08=0.1067244706;2021-09=0.113354032;2021-10=0.0984499126;2021-11=0.1087505665;2021-12=0.1159803335;2022-01=0.09764813612;2022-02=0.1053982106;2022-03=0.08163839687;2022-04=0.08745146844;2022-05=0.09550184641;2022-06=0.127709045;2022-07=0.08687273308;2022-08=0.02141227382;2022-09=0.03859489224;2022-10=-0.01873357062;2022-11=-0.04627726942;2022-12=-0.04107242592;2023-01=-0.07409414776;2023-02=-0.0681206931;2023-03=-0.06597483234;2023-04=-0.03741814517;2023-05=-0.03487119824;2023-06=-0.03922816422;2023-07=-0.0249625369;2023-08=-0.0373214431;2023-09=-0.01571071647;2023-10=-0.008671450405;2023-11=-0.004746679604;2023-12=-0.008034158413;2024-01=0.02424230731;2024-02=0.01143935562;2024-03=0.009354909297;2024-04=0.02063506566;2024-05=0.04672447164;2024-06=0.04823997707;2024-07=0.05439632262;2024-08=0.05691836799;2024-09=0.1023723983;2024-10=0.1068421222;2024-11=0.1077148324;2024-12=0.0621583336;2025-01=0.09484518115;2025-02=0.1097221557;2025-03=0.1333192266;2025-04=0.1176461137;2025-05=0.1393164;2025-06=0.154352295;2025-07=0.08270952831;2025-08=0.1074994879;2025-09=0.1594328043;2025-10=0.1483074139;2025-11=0.1029831969;2025-12=0.1755376406;2026-01=0.2441071586;2026-02=0.2492779366;2026-03=0.2429996718;2026-04=0.291923885;2026-05=0.2844851674;2026-06=0.2475231268;2026-07=0.2863589387,2023-01-31,0.12988544621527653,3,0.11995723742363862,0.08838045165316744,0.5879936759359337,0.0,69,0.17837524002073324,0.22174879416110724,-0.3210616009086744,1.066794026595511,0.6,15,9.945884174577175,0.16327862133068338,0.1638538366031994,0.3175773139679875,0.5879936759359337,2020-11-23~2022-11-24,2020-11-23,2022-11-24,0.27768771674420833,0.5384822598170647,1.0,0,2.277836573154236,2021-09-29,0.42928302437438515,2021-09-29,0.42928302437438515,2021-09-29,0.0,2012-02-28,0,1.0995706654915225,671,5.0,3.0,0.602075253256255,0.6522362194377599,0.7556418240280016,1.1884914337900905,1.456970165688446,1.7460085403881807,0.5195046439628483,0.0,0.2995529061102832,5.722184142281336,41.87928464977645,4476,1099,19.450849590191147,002714/600309/002532/600660/600938,2.087454584341064,0.49858252860707997,915073.5296260009,0.30502450987533364,1.93%（同期超额 +14.40%）
U,STOPMAX,2011-05-01,trend_x5_w-0.0454_x1c_dtax_sma20_swap_corr1_tranche_slmax_gs1.1u_ma60stop_ca2_addma_swk20_cap0.6s_sp_gso_ebcap0.03r_c0.3h0.035_ex6_lot100_sig1_lrc3_STOPMAX20110501ex5,31598029.833343487,m3,2011-05-03,2026-08-28,0.421042392074755,-0.08247794569375975,1.2269292291757434,0.4970882790066196,0.3550369090492581,0.14604803365077945,0.020107245934136708,0.16326530612244897,147,0.11596035496685797,0.06021362763649374,-0.012335438486904104,-0.07699480713163631,0.4048679614564026,0.27007772220241827,0.39679856097993527,0.12195121951219512,123,2016-05=0.1001407396;2016-06=0.09592096698;2016-07=0.1270193084;2016-08=0.1451424216;2016-09=0.1218380023;2016-10=0.115960355;2016-11=0.1007567343;2016-12=0.09171675914;2017-01=0.1032567483;2017-02=0.09350874576;2017-03=0.130850298;2017-04=0.1267403045;2017-05=0.118243286;2017-06=0.1378445769;2017-07=0.1670191427;2017-08=0.2243185624;2017-09=0.2098487587;2017-10=0.2607269996;2017-11=0.3032615179;2017-12=0.2611395038;2018-01=0.2687485118;2018-02=0.2876731126;2018-03=0.2793119592;2018-04=0.2912255861;2018-05=0.2832949848;2018-06=0.2924579812;2018-07=0.2990722746;2018-08=0.2818584122;2018-09=0.1946730014;2018-10=0.2066579496;2018-11=0.1870732176;2018-12=0.1991770961;2019-01=0.2211851941;2019-02=0.2646878068;2019-03=0.290060819;2019-04=0.2586305876;2019-05=0.2453499155;2019-06=0.2318831867;2019-07=0.1902876442;2019-08=0.1765641364;2019-09=0.1594984022;2019-10=0.1710496257;2019-11=0.1395121618;2019-12=0.12061289;2020-01=0.0998133314;2020-02=0.06021362764;2020-03=0.01418600523;2020-04=0.01599653796;2020-05=0.0138846615;2020-06=0.027492501;2020-07=0.09539346868;2020-08=0.1089895973;2020-09=0.100879466;2020-10=0.1211169662;2020-11=0.1765010265;2020-12=0.1217039519;2021-01=0.1555394315;2021-02=0.1486497626;2021-03=0.150150177;2021-04=0.1394277379;2021-05=0.1497786772;2021-06=0.1715471274;2021-07=0.1199099459;2021-08=0.1028952942;2021-09=0.1094968684;2021-10=0.09463603072;2021-11=0.1049033167;2021-12=0.1121197217;2022-01=0.09384103133;2022-02=0.10156499;2022-03=0.07789781535;2022-04=0.08369382019;2022-05=0.0917043444;2022-06=0.1238239475;2022-07=0.08282843406;2022-08=0.01786154119;2022-09=0.03496256417;2022-10=-0.02212678225;2022-11=-0.0495816534;2022-12=-0.04437976246;2023-01=-0.07699480713;2023-02=-0.07107469222;2023-03=-0.06880428599;2023-04=-0.04037358995;2023-05=-0.03776870263;2023-06=-0.04214820496;2023-07=-0.0279300522;2023-08=-0.0396823247;2023-09=-0.0192504634;2023-10=-0.01233543849;2023-11=-0.00848801469;2023-12=-0.01173150721;2024-01=0.02042877142;2024-02=0.007696271284;2024-03=0.005613282485;2024-04=0.01683887395;2024-05=0.04284666035;2024-06=0.04460622215;2024-07=0.05084832381;2024-08=0.05305503279;2024-09=0.09879737094;2024-10=0.103268137;2024-11=0.1037874329;2024-12=0.05957061605;2025-01=0.09211074564;2025-02=0.1067853448;2025-03=0.1304270665;2025-04=0.1126013822;2025-05=0.1346075839;2025-06=0.1489235333;2025-07=0.08152059869;2025-08=0.1058618099;2025-09=0.1578610272;2025-10=0.1469304509;2025-11=0.1014654155;2025-12=0.1734621092;2026-01=0.2422235147;2026-02=0.2472141113;2026-03=0.2405889335;2026-04=0.2893553716;2026-05=0.2822524382;2026-06=0.2452175645;2026-07=0.2839820458,2023-01-31,0.12701930838800202,3,0.11314607025028267,0.08492180592405241,0.5881399810725474,0.0,63,0.19849118912880404,0.23622452481868236,-0.3210815992491549,1.0394862737912463,0.6428571428571429,14,9.532676611114496,0.1661138032455174,0.16670683776432904,0.32300192103367853,0.5881399810725474,2020-11-23~2022-11-24,2020-11-23,2022-11-24,0.2824392297605545,0.5432957981076502,1.0,0,2.277778714537444,2021-09-29,0.429268527402147,2021-09-29,0.42926852740214694,2021-09-29,0.0,2012-02-28,0,1.1319346123946334,672,5,3,0.6029259193058614,0.6519783213854132,0.7555669282972268,1.1877626971948443,1.4622007151850887,1.7466997212148627,0.5318281592975854,0.0,0.2961309523809524,5.6796916831985405,42.510416666666664,4435,1086,19.654745724697047,002714/600309/002532/600660/600938,2.0783408060084714,0.5084469809325872,893402.64302,0.29780088100666663,2.52%（同期超额 +14.09%）
U,STOPMAX,2011-11-01,trend_x5_w-0.0454_x1c_dtax_sma20_swap_corr1_tranche_slmax_gs1.1u_ma60stop_ca2_addma_swk20_cap0.6s_sp_gso_ebcap0.03r_c0.3h0.035_ex6_lot100_sig1_lrc3_STOPMAX20111101ex5,32454049.798438355,m3,2011-11-01,2026-08-28,0.45070333258421297,-0.08244255244217442,1.2457496584120746,0.5316257982478374,0.35158376275911896,0.15583730230769732,0.027133046764816537,0.15602836879432624,141,0.1162706497214141,0.06283579301628262,-0.016666080093877933,-0.07511083541358521,0.40469396207504715,0.2676696604608892,0.40892327767370784,0.1282051282051282,117,2016-11=0.1041084029;2016-12=0.09506179339;2017-01=0.1066466098;2017-02=0.09686522794;2017-03=0.1343175816;2017-04=0.1301946492;2017-05=0.1216658833;2017-06=0.1413262023;2017-07=0.1706235248;2017-08=0.22820203;2017-09=0.2136380018;2017-10=0.2647739851;2017-11=0.3074440695;2017-12=0.265219585;2018-01=0.2728692709;2018-02=0.2918572619;2018-03=0.283429447;2018-04=0.2953781227;2018-05=0.2873859415;2018-06=0.2965774452;2018-07=0.3032125812;2018-08=0.2859589572;2018-09=0.1984691652;2018-10=0.2104921328;2018-11=0.1908409374;2018-12=0.2030936001;2019-01=0.2252449168;2019-02=0.2688612417;2019-03=0.2942619589;2019-04=0.2627832607;2019-05=0.2494317858;2019-06=0.2362518328;2019-07=0.1941389289;2019-08=0.1806284299;2019-09=0.1629375105;2019-10=0.1742479192;2019-11=0.1426691049;2019-12=0.123688232;2020-01=0.1028700528;2020-02=0.06311620128;2020-03=0.01701438268;2020-04=0.01869381649;2020-05=0.01658103534;2020-06=0.02986386394;2020-07=0.1011172145;2020-08=0.114673404;2020-09=0.1065079575;2020-10=0.127166925;2020-11=0.1803768316;2020-12=0.1263682411;2021-01=0.158857535;2021-02=0.1519544784;2021-03=0.1534610609;2021-04=0.1427122927;2021-05=0.1530984002;2021-06=0.1749422939;2021-07=0.1231460202;2021-08=0.1060863448;2021-09=0.1128474466;2021-10=0.09795925095;2021-11=0.1082655867;2021-12=0.1154812431;2022-01=0.09717611862;2022-02=0.1049167232;2022-03=0.08116843189;2022-04=0.08697335494;2022-05=0.09502559762;2022-06=0.1272968209;2022-07=0.08525784171;2022-08=0.02005210334;2022-09=0.03755215344;2022-10=-0.0200764885;2022-11=-0.04759154072;2022-12=-0.04240903675;2023-01=-0.07511083541;2023-02=-0.0691745715;2023-03=-0.06689326375;2023-04=-0.0384154249;2023-05=-0.03579161673;2023-06=-0.04018172925;2023-07=-0.02591794618;2023-08=-0.03826605255;2023-09=-0.01666608009;2023-10=-0.009639433054;2023-11=-0.005726986245;2023-12=-0.009000952952;2024-01=0.02324691292;2024-02=0.01045867682;2024-03=0.008358431591;2024-04=0.01961203679;2024-05=0.04568992313;2024-06=0.04745203054;2024-07=0.05371394285;2024-08=0.05592631904;2024-09=0.1017926992;2024-10=0.1062737317;2024-11=0.1076688272;2024-12=0.06283579302;2025-01=0.09520917505;2025-02=0.1100518004;2025-03=0.1336945598;2025-04=0.1162706497;2025-05=0.1383063191;2025-06=0.1530693422;2025-07=0.08152701237;2025-08=0.1042245202;2025-09=0.1555061246;2025-10=0.145008541;2025-11=0.1000286286;2025-12=0.1720301695;2026-01=0.240465872;2026-02=0.2461584292;2026-03=0.2379184468;2026-04=0.2864534648;2026-05=0.2793583804;2026-06=0.242356566;2026-07=0.2810348253,2023-01-31,0.2020904227724083,2,0.11589461501696596,0.08633054509818483,0.5898083015226838,0.0,57,0.20267211591189493,0.23798654132070493,-0.3210451933193893,1.0240376207352573,0.6428571428571429,14,9.818016599479451,0.17426933085938123,0.17498918062299662,0.32800673762225024,0.5898083015226838,2020-11-23~2022-11-24,2020-11-23,2022-11-24,0.2954677484353429,0.5623687679252638,1.0,0,2.2778730879305775,2021-09-29,0.429292173085448,2021-09-29,0.429292173085448,2021-09-29,0.0,2012-02-28,0,1.1704767057464096,670,5,3,0.6016796605292144,0.6516746431401504,0.7556404039746768,1.1879522401117562,1.4596306779202575,1.7465138508603664,0.5149136577708007,0.0,0.28955223880597014,5.913055216623337,41.98955223880597,4483,1089,19.918969668372895,002714/600309/002532/600660/600938,2.0786699785202334,0.5059637947098677,920424.4515000016,0.30680815050000054,3.82%（同期超额 +13.60%）
U,STOPMAX,2012-05-01,trend_x5_w-0.0454_x1c_dtax_sma20_swap_corr1_tranche_slmax_gs1.1u_ma60stop_ca2_addma_swk20_cap0.6s_sp_gso_ebcap0.03r_c0.3h0.035_ex6_lot100_sig1_lrc3_STOPMAX20120501ex5,36394068.68395374,m3,2012-05-02,2026-08-28,0.42552833116028566,-0.10028556749079466,1.2458170778850026,0.5150477507850609,0.3549189686148335,0.1475655954971382,0.019556437436767826,0.16296296296296298,135,0.11941494049636425,0.0516717951953225,-0.018262447239902335,-0.07635124276872285,0.44515383013150467,0.252598939730441,0.40644826845859533,0.13513513513513514,111,2017-05=0.1194149405;2017-06=0.1387092047;2017-07=0.1676130624;2017-08=0.2247504214;2017-09=0.2099589734;2017-10=0.2607183501;2017-11=0.3032608478;2017-12=0.2611494941;2018-01=0.2687917953;2018-02=0.2877264014;2018-03=0.2817017888;2018-04=0.2852544915;2018-05=0.2835617;2018-06=0.2927320822;2018-07=0.299349127;2018-08=0.2821238627;2018-09=0.1948944055;2018-10=0.2068982037;2018-11=0.187300567;2018-12=0.1995089153;2019-01=0.2216120946;2019-02=0.2651215197;2019-03=0.2905642461;2019-04=0.2591654224;2019-05=0.2458630068;2019-06=0.2323346421;2019-07=0.190718915;2019-08=0.1769840555;2019-09=0.159877959;2019-10=0.1715084773;2019-11=0.1398882069;2019-12=0.1209149315;2020-01=0.1000844521;2020-02=0.06047015867;2020-03=0.01444149177;2020-04=0.01623043473;2020-05=0.01421924479;2020-06=0.02755822189;2020-07=0.09643598218;2020-08=0.1100633729;2020-09=0.1019461814;2020-10=0.1221461974;2020-11=0.1776503924;2020-12=0.1225993215;2021-01=0.1565122844;2021-02=0.1496137154;2021-03=0.1511154786;2021-04=0.1403861171;2021-05=0.1507578634;2021-06=0.1725542576;2021-07=0.1208594326;2021-08=0.103835907;2021-09=0.1104246118;2021-10=0.09554855135;2021-11=0.1058305864;2021-12=0.1130506086;2022-01=0.09476783866;2022-02=0.1024874452;2022-03=0.07880511305;2022-04=0.08460769807;2022-05=0.09262196399;2022-06=0.1248327561;2022-07=0.0844119629;2022-08=0.01874286863;2022-09=0.03589738871;2022-10=-0.02130078439;2022-11=-0.04878597675;2022-12=-0.04361213014;2023-01=-0.07635124277;2023-02=-0.0703863455;2023-03=-0.06837410464;2023-04=-0.03998685875;2023-05=-0.03724703698;2023-06=-0.04173827231;2023-07=-0.02750191123;2023-08=-0.03981682323;2023-09=-0.01826244724;2023-10=-0.01124600365;2023-11=-0.007333963204;2023-12=-0.01061028131;2024-01=0.02159007985;2024-02=0.008839313462;2024-03=0.006744815504;2024-04=0.01797986669;2024-05=0.04400741088;2024-06=0.04552570505;2024-07=0.0516717952;2024-08=0.05417544139;2024-09=0.0995291034;2024-10=0.1039882127;2024-11=0.1048430762;2024-12=0.05936764485;2025-01=0.09178158826;2025-02=0.1063744158;2025-03=0.1298009907;2025-04=0.11232263;2025-05=0.1343055569;2025-06=0.1485640141;2025-07=0.08026770708;2025-08=0.1047303453;2025-09=0.1566925239;2025-10=0.1458795415;2025-11=0.1004832691;2025-12=0.1732997651;2026-01=0.2418002039;2026-02=0.2468040632;2026-03=0.2404164581;2026-04=0.2892403815;2026-05=0.2819341484;2026-06=0.2449975155;2026-07=0.2837559984,2023-01-31,0.20230771549894,2,0.11700750115015257,0.08317914133874726,0.5881418753193781,0.0,51,0.2186652838558727,0.26416074056509314,-0.3211137453614912,1.0464190197185594,0.6923076923076923,13,11.131356227984579,0.1903728769769708,0.19099787927894463,0.3328667560033955,0.5881418753193781,2020-11-23~2022-11-24,2020-11-23,2022-11-24,0.3236852959561718,0.6002740322832273,1.0,0,2.2777566497630732,2021-09-29,0.4292629986898632,2021-09-29,0.4292629986898632,2021-09-29,0.0,2012-06-01,0,1.199730659337063,662,5,3,0.6029070408227947,0.65221894484838,0.7556619468516452,1.1915939262245723,1.457206880524684,1.7465703504419436,0.531399426203379,0.0,0.30060422960725075,5.656563093304227,42.13293051359516,4395,1078,20.025787164516363,002714/002532/600309/600660/600938,2.0942006363749863,0.5020637870437348,1022169.7874519987,0.34072326248399953,4.00%（同期超额 +15.04%）
U,STOPMAX,2012-11-01,trend_x5_w-0.0454_x1c_dtax_sma20_swap_corr1_tranche_slmax_gs1.1u_ma60stop_ca2_addma_swk20_cap0.6s_sp_gso_ebcap0.03r_c0.3h0.035_ex6_lot100_sig1_lrc3_STOPMAX20121101ex5,48810268.92546752,m3,2012-11-01,2026-08-28,0.4052761451936943,-0.10045857037263176,1.3628221078014988,0.47283554294434227,0.3541885458464613,0.14354416853241392,0.019018554885038785,0.17054263565891473,129,0.11068652172075955,0.04623770946564765,-0.02108769423758261,-0.07611793963047708,0.4667814569394143,0.25184419142235753,0.3960205829179095,0.14285714285714285,105,2017-11=0.3273472181;2017-12=0.2800577618;2018-01=0.2628118913;2018-02=0.2844609317;2018-03=0.2858816906;2018-04=0.2693951168;2018-05=0.2826385556;2018-06=0.2918051568;2018-07=0.298420182;2018-08=0.281212474;2018-09=0.1940147582;2018-10=0.206006384;2018-11=0.1864094049;2018-12=0.1985031006;2019-01=0.2205140616;2019-02=0.2639882824;2019-03=0.2890112997;2019-04=0.257621484;2019-05=0.2443556277;2019-06=0.2308383157;2019-07=0.1892830367;2019-08=0.1755756585;2019-09=0.1585553992;2019-10=0.1701522674;2019-11=0.1411377799;2019-12=0.1205225066;2020-01=0.09959619135;2020-02=0.06047609699;2020-03=0.01429367383;2020-04=0.01658433872;2020-05=0.01468216423;2020-06=0.02777607223;2020-07=0.09674676826;2020-08=0.1103576396;2020-09=0.1022308392;2020-10=0.1224799701;2020-11=0.1779398018;2020-12=0.1228205499;2021-01=0.1567829351;2021-02=0.1498848648;2021-03=0.1513910826;2021-04=0.1406583738;2021-05=0.1510195418;2021-06=0.1728183265;2021-07=0.1211212045;2021-08=0.1040920529;2021-09=0.1106865217;2021-10=0.09580216369;2021-11=0.1060866864;2021-12=0.1132943741;2022-01=0.09502966961;2022-02=0.1027587007;2022-03=0.07906352691;2022-04=0.08486701788;2022-05=0.0928889118;2022-06=0.1250958737;2022-07=0.0845684717;2022-08=0.01899211457;2022-09=0.03616374594;2022-10=-0.02108769424;2022-11=-0.04858632581;2022-12=-0.04343035001;2023-01=-0.07611793963;2023-02=-0.07021480897;2023-03=-0.06793431423;2023-04=-0.03947845102;2023-05=-0.03686202312;2023-06=-0.04124195116;2023-07=-0.02702216034;2023-08=-0.03937802213;2023-09=-0.01780244183;2023-10=-0.01077443997;2023-11=-0.006855052567;2023-12=-0.0101491179;2024-01=0.02206325438;2024-02=0.00929242446;2024-03=0.007205835204;2024-04=0.01844438044;2024-05=0.04447705337;2024-06=0.04623770947;2024-07=0.05251609293;2024-08=0.05472080613;2024-09=0.1005471451;2024-10=0.1049989982;2024-11=0.1051883765;2024-12=0.06000722609;2025-01=0.09261731564;2025-02=0.1073375693;2025-03=0.1309809921;2025-04=0.1151183132;2025-05=0.136741942;2025-06=0.1507562081;2025-07=0.08217614831;2025-08=0.1072677379;2025-09=0.1594433449;2025-10=0.1486633737;2025-11=0.1032512682;2025-12=0.1761091253;2026-01=0.2447707058;2026-02=0.2499981886;2026-03=0.2434731402;2026-04=0.2923746804;2026-05=0.2850783074;2026-06=0.2480347098;2026-07=0.2868864801,2023-01-31,0.20400384229998758,2,0.11691681485934557,0.08288175512184415,0.5880075681435997,0.0,45,0.22848800381948253,0.2728940051854266,-0.3211744273276147,1.0652122911838595,0.6923076923076923,13,15.270089641822508,0.22363133476557628,0.2246054093903136,0.33846035020706944,0.5880075681435997,2020-11-23~2022-11-24,2020-11-23,2022-11-24,0.3803205041588213,0.6784731354369565,1.0,0,2.277724734487217,2021-09-29,0.4292550015738981,2021-09-29,0.42925500157389807,2021-09-29,-2.9103830456733704e-11,2013-11-19,0,1.220393661666672,656,6,3,0.6017787793467331,0.6516866443351769,0.7557264454892604,1.1967322179843032,1.4589028767934706,1.7465409746474996,0.5173324529547706,0.0,0.2942073170731707,6.0126571230150345,42.28353658536585,4319,1074,20.04682369226036,002714/600309/600660/002532/002024,2.1689998574873433,0.4937396495079542,1345142.2172919987,0.4483807390973329,5.33%（同期超额 +17.04%）
U,STOPMAX,2013-05-01,trend_x5_w-0.0454_x1c_dtax_sma20_swap_corr1_tranche_slmax_gs1.1u_ma60stop_ca2_addma_swk20_cap0.6s_sp_gso_ebcap0.03r_c0.3h0.035_ex6_lot100_sig1_lrc3_STOPMAX20130501ex5,34778656.503077164,m3,2013-05-02,2026-08-28,0.38125903619698415,-0.11561826086165876,1.3243334043888688,0.4637925130552218,0.35197930691414514,0.13768100722459553,0.007103273653111142,0.2032520325203252,123,0.10081598046038875,0.030714491112438846,-0.03201321707358695,-0.08087026425729105,0.5036410855818956,0.2246950827796988,0.3752613882248049,0.15151515151515152,99,2018-05=0.2846008949;2018-06=0.2928325537;2018-07=0.2994438488;2018-08=0.2822273482;2018-09=0.1949753265;2018-10=0.2069629401;2018-11=0.1873731281;2018-12=0.1995955668;2019-01=0.2217033745;2019-02=0.2651595129;2019-03=0.2904232206;2019-04=0.2590379445;2019-05=0.2457517936;2019-06=0.2326138642;2019-07=0.1906647921;2019-08=0.1772207275;2019-09=0.1595825884;2019-10=0.1709119056;2019-11=0.1418630487;2019-12=0.1210581833;2020-01=0.100163393;2020-02=0.0610585508;2020-03=0.01484621634;2020-04=0.01717940121;2020-05=0.01530165132;2020-06=0.0290509057;2020-07=0.09320711906;2020-08=0.1064881053;2020-09=0.09869535255;2020-10=0.1176826764;2020-11=0.1717347883;2020-12=0.1172731258;2021-01=0.1505231641;2021-02=0.1436552545;2021-03=0.1451575999;2021-04=0.1344846335;2021-05=0.1447850389;2021-06=0.1664544094;2021-07=0.1150427923;2021-08=0.09810076179;2021-09=0.1046655161;2021-10=0.08985767739;2021-11=0.1000921157;2021-12=0.1072618687;2022-01=0.08907928579;2022-02=0.09676147255;2022-03=0.07319984807;2022-04=0.07897235447;2022-05=0.08694995183;2022-06=0.1189665861;2022-07=0.07860509382;2022-08=0.01363493087;2022-09=0.03071449111;2022-10=-0.0261910847;2022-11=-0.05352430199;2022-12=-0.04837339008;2023-01=-0.08087026426;2023-02=-0.07499282795;2023-03=-0.07273007585;2023-04=-0.04442602974;2023-05=-0.04182470826;2023-06=-0.04618081389;2023-07=-0.03201321707;2023-08=-0.04428488003;2023-09=-0.02282937577;2023-10=-0.01584026814;2023-11=-0.01193783163;2023-12=-0.01522053599;2024-01=0.01682030198;2024-02=0.004131084974;2024-03=0.002050570693;2024-04=0.01323450639;2024-05=0.03913526855;2024-06=0.04088535622;2024-07=0.04711702905;2024-08=0.04930899498;2024-09=0.09488622144;2024-10=0.09933260983;2024-11=0.09935645445;2024-12=0.05426522167;2025-01=0.08639701268;2025-02=0.1008159805;2025-03=0.1243654582;2025-04=0.1068359955;2025-05=0.1286969589;2025-06=0.1423767156;2025-07=0.0792688553;2025-08=0.1039911302;2025-09=0.1556097553;2025-10=0.1459610984;2025-11=0.1003660275;2025-12=0.1735783662;2026-01=0.2420964322;2026-02=0.2470884899;2026-03=0.2407005742;2026-04=0.2895289244;2026-05=0.2822249068;2026-06=0.2452833083;2026-07=0.2840506913,2023-01-31,0.1995467417751916,2,0.12040819022415206,0.08053970126755416,0.5873896765555153,0.0,39,0.20680238133173223,0.2686716184795634,-0.32113978298657186,1.0451821364189047,0.6666666666666666,12,10.592885501025721,0.2019322156611898,0.20252296725135222,0.3364725169145426,0.5873896765555153,2020-11-23~2022-11-24,2020-11-23,2022-11-24,0.3437789660270013,0.6270888680139857,1.0,0,2.2777117969950393,2021-09-29,0.42925175971996277,2021-09-29,0.42925175971996277,2021-09-29,0.0,2013-05-16,0,1.2099654261464936,640,6.0,3.0,0.600520897300894,0.652380660007543,0.7556377373601266,1.190204096485236,1.4650636577365428,1.7463771460437312,0.5058379120879121,0.0,0.29375,5.87922912839707,41.7359375,4158,1039,20.00914313832928,002714/002532/600660/600309/002024,2.112231531466404,0.5195416485146015,964997.3055999987,0.3216657685333329,5.03%（同期超额 +15.17%）
U,STOPMAX,2013-11-01,trend_x5_w-0.0454_x1c_dtax_sma20_swap_corr1_tranche_slmax_gs1.1u_ma60stop_ca2_addma_swk20_cap0.6s_sp_gso_ebcap0.03r_c0.3h0.035_ex6_lot100_sig1_lrc3_STOPMAX20131101ex5,32055931.185455687,m3,2013-11-01,2026-08-28,0.3585529083275788,-0.12537529845739323,1.6828412125023056,0.458720277372019,0.354512102852896,0.1301004163006776,0.0008331862338559759,0.24786324786324787,117,0.0968297940847973,0.02735285202938109,-0.03519630268072893,-0.08390326469055065,0.504342969026802,0.2042667529106465,0.3587594416035287,0.17204301075268819,93,2018-11=0.1915107721;2018-12=0.1996149;2019-01=0.2223451543;2019-02=0.2659052422;2019-03=0.2912943638;2019-04=0.2598968283;2019-05=0.2465866468;2019-06=0.2334328606;2019-07=0.1914578892;2019-08=0.1780102811;2019-09=0.1603380426;2019-10=0.1716724777;2019-11=0.1400891811;2019-12=0.1211406501;2020-01=0.1002271205;2020-02=0.06059748806;2020-03=0.01455263594;2020-04=0.01635074309;2020-05=0.01426860143;2020-06=0.02831957501;2020-07=0.09198263045;2020-08=0.1036573705;2020-09=0.0958851168;2020-10=0.1135730501;2020-11=0.1690247325;2020-12=0.1135116721;2021-01=0.1471107462;2021-02=0.1402551522;2021-03=0.141758975;2021-04=0.131113597;2021-05=0.141380215;2021-06=0.1629930329;2021-07=0.1117231881;2021-08=0.09483355194;2021-09=0.1013866997;2021-10=0.08662526627;2021-11=0.09682979408;2021-12=0.1039856251;2022-01=0.08587574096;2022-02=0.09353467399;2022-03=0.0700268888;2022-04=0.07578557268;2022-05=0.08373360468;2022-06=0.1156671262;2022-07=0.07529033369;2022-08=0.0103340346;2022-09=0.02735285203;2022-10=-0.02937542184;2022-11=-0.05662183632;2022-12=-0.05149129918;2023-01=-0.08390326469;2023-02=-0.07804724459;2023-03=-0.07576670845;2023-04=-0.04755766353;2023-05=-0.04497504163;2023-06=-0.04931364949;2023-07=-0.03519630268;2023-08=-0.04742522771;2023-09=-0.02602922753;2023-10=-0.01906338708;2023-11=-0.01517588597;2023-12=-0.01842970922;2024-01=0.01350354402;2024-02=0.0008529967549;2024-03=-0.001234457996;2024-04=0.009913289832;2024-05=0.03574529042;2024-06=0.03724420121;2024-07=0.04335423657;2024-08=0.04584615641;2024-09=0.09082756275;2024-10=0.09525900332;2024-11=0.09577263821;2024-12=0.0516985246;2025-01=0.08363608684;2025-02=0.09818465078;2025-03=0.1214127935;2025-04=0.1040591996;2025-05=0.1258582448;2025-06=0.1394180008;2025-07=0.07674321659;2025-08=0.1029972549;2025-09=0.1545793639;2025-10=0.1462535621;2025-11=0.1004049584;2025-12=0.1741479828;2026-01=0.2426495045;2026-02=0.2475896447;2026-03=0.2414161352;2026-04=0.2907345554;2026-05=0.280663303;2026-06=0.2445359575;2026-07=0.2832811831,2023-01-31,0.19750218559165744,2,0.1250365837888867,0.07922744685347793,0.5876879609835624,0.0,33,0.19932105043336823,0.26770065961897954,-0.3211137581979139,1.0445140427157713,0.6666666666666666,12,9.685310395151896,0.20292935938784828,0.20345720489222474,0.3299691453431193,0.5876879609835624,2020-11-23~2022-11-24,2020-11-23,2022-11-24,0.34530120210089554,0.6361243192444304,1.0,0,2.2777663590541515,2021-09-29,0.42926543153450186,2021-09-29,0.4292654315345018,2021-09-29,-1.8189894035458565e-12,2023-08-25,0,1.20816236120085,625,6.0,3.0,0.5999945915248545,0.6500103079375148,0.7298675380858581,1.186194418735114,1.4556758010071302,1.7465227243249577,0.5,0.0,0.296,5.799773456025165,41.4624,4030,1015,19.937725771469026,002714/600309/002532/600660/600938,2.1364165173493723,0.5457523423629692,884039.1419400019,0.29467971398000065,5.45%（同期超额 +14.84%）
U,STOPMAX,2014-05-01,trend_x5_w-0.0454_x1c_dtax_sma20_swap_corr1_tranche_slmax_gs1.1u_ma60stop_ca2_addma_swk20_cap0.6s_sp_gso_ebcap0.03r_c0.3h0.035_ex6_lot100_sig1_lrc3_STOPMAX20140501ex5,33558807.648830876,m3,2014-05-05,2026-08-28,0.34273111231546893,-0.10405248769036697,1.662828874040437,0.4515427739223257,0.3560350981114997,0.12791862803986342,0.01172794506671515,0.1981981981981982,111,0.10177587855583403,0.01803319439409856,-0.03767830245847603,-0.07690011375240124,0.5186704651835486,0.1872192183720625,0.370257578211543,0.1724137931034483,87,2019-05=0.2469086398;2019-06=0.2359676938;2019-07=0.1933331115;2019-08=0.1793104005;2019-09=0.1617243854;2019-10=0.1728870928;2019-11=0.141245636;2019-12=0.122240902;2020-01=0.101368735;2020-02=0.06173201385;2020-03=0.01566282206;2020-04=0.0173809277;2020-05=0.01532200142;2020-06=0.02857235986;2020-07=0.09666468229;2020-08=0.1102960632;2020-09=0.1021810672;2020-10=0.1224458828;2020-11=0.1765987271;2020-12=0.1223253552;2021-01=0.1557452022;2021-02=0.1488543449;2021-03=0.1503565502;2021-04=0.1396304752;2021-05=0.149980195;2021-06=0.1717504922;2021-07=0.1200972409;2021-08=0.1030820499;2021-09=0.1096918365;2021-10=0.09482916368;2021-11=0.1051043749;2021-12=0.1123047905;2022-01=0.09405489498;2022-02=0.1017758786;2022-03=0.07809031316;2022-04=0.08388120054;2022-05=0.09190145506;2022-06=0.1240419128;2022-07=0.08329606549;2022-08=0.01803319439;2022-09=0.03517249186;2022-10=-0.02197256551;2022-11=-0.04943528149;2022-12=-0.04425124376;2023-01=-0.07690011375;2023-02=-0.07099334046;2023-03=-0.06871693871;2023-04=-0.04029400972;2023-05=-0.03767830246;2023-06=-0.04206663053;2023-07=-0.02782269997;2023-08=-0.0401334214;2023-09=-0.01858035356;2023-10=-0.01156439771;2023-11=-0.007659212929;2023-12=-0.01090001769;2024-01=0.02128076871;2024-02=0.008531574904;2024-03=0.006448039303;2024-04=0.01768402253;2024-05=0.04370597335;2024-06=0.04546824268;2024-07=0.05172223345;2024-08=0.05392631835;2024-09=0.09969994904;2024-10=0.104143175;2024-11=0.105238721;2024-12=0.05963548362;2025-01=0.09192955202;2025-02=0.1049439098;2025-03=0.1272777223;2025-04=0.1101129596;2025-05=0.1318640445;2025-06=0.1460972043;2025-07=0.0787493869;2025-08=0.1032473039;2025-09=0.155163988;2025-10=0.1444274656;2025-11=0.09912937227;2025-12=0.171785638;2026-01=0.2401946327;2026-02=0.2452855665;2026-03=0.2388280987;2026-04=0.2875799052;2026-05=0.2802953251;2026-06=0.2434011314;2026-07=0.282109624,2023-01-31,0.2011034324666361,2,0.1302783103473677,0.0720104789450895,0.5881498734442654,0.0,27,0.22333654525252689,0.22753276611468995,-0.3210774975386582,1.023979736987895,0.6363636363636364,11,10.186269216276958,0.21662331441996052,0.21708667842638896,0.3259665159036737,0.5881498734442654,2020-11-23~2022-11-24,2020-11-23,2022-11-24,0.3683131191568441,0.6764337400470709,1.0,0,2.277810661950793,2021-09-29,0.4292765321913821,2021-09-29,0.42927653219138207,2021-09-29,-1.4551915228366852e-11,2024-06-04,0,1.2067561112023224,609,6.0,3.0,0.5990359430040069,0.647035833820235,0.7295864670653721,1.1864764454527896,1.443225071575564,1.6934005038273745,0.4906716417910448,0.0,0.29720853858784896,5.879054125220309,41.9064039408867,3862,989,19.95005985353903,002714/600309/600660/002532/600938,2.1643247374713295,0.5645940529245616,903696.2114460022,0.30123207048200074,6.55%（同期超额 +15.11%）
U,STOPMAX,2014-11-01,trend_x5_w-0.0454_x1c_dtax_sma20_swap_corr1_tranche_slmax_gs1.1u_ma60stop_ca2_addma_swk20_cap0.6s_sp_gso_ebcap0.03r_c0.3h0.035_ex6_lot100_sig1_lrc3_STOPMAX20141101ex5,28459688.161696147,m3,2014-11-03,2026-08-28,0.33080866067586484,-0.12766030992768015,1.9561323555667423,0.4152491353094511,0.40186078470824727,0.11693850994858357,-0.0013097768377196006,0.26666666666666666,105,0.09238158304041799,0.014310506504705556,-0.044618203222388186,-0.08346118551855741,0.529052163150231,0.17414850595719078,0.33982874248927114,0.19753086419753085,81,2019-11=0.1364191962;2019-12=0.1020436362;2020-01=0.09330749166;2020-02=0.06283455765;2020-03=0.02147020906;2020-04=0.01635162213;2020-05=0.0143105065;2020-06=0.02909844683;2020-07=0.09238158304;2020-08=0.104428291;2020-09=0.09664393743;2020-10=0.1143461612;2020-11=0.1690851171;2020-12=0.113704185;2021-01=0.1471625322;2021-02=0.1403085309;2021-03=0.1418273559;2021-04=0.1311912564;2021-05=0.141464641;2021-06=0.1630675325;2021-07=0.1118071527;2021-08=0.09491112562;2021-09=0.1016184606;2021-10=0.08686993196;2021-11=0.09707610613;2021-12=0.1042275237;2022-01=0.08609593937;2022-02=0.09375003757;2022-03=0.07023742627;2022-04=0.07600057455;2022-05=0.08395420359;2022-06=0.1158925073;2022-07=0.07564334132;2022-08=0.01085455079;2022-09=0.02786084613;2022-10=-0.02886551201;2022-11=-0.0561237303;2022-12=-0.05098636756;2023-01=-0.08346118552;2023-02=-0.07751348014;2023-03=-0.07551144855;2023-04=-0.047336903;2023-05=-0.04461820322;2023-06=-0.04907026539;2023-07=-0.03491613956;2023-08=-0.04712602772;2023-09=-0.02573377067;2023-10=-0.01877281334;2023-11=-0.01489926706;2023-12=-0.0181014868;2024-01=0.01384187332;2024-02=0.001174821649;2024-03=-0.0009003420987;2024-04=0.01024301502;2024-05=0.03608383706;2024-06=0.03783091163;2024-07=0.04404174755;2024-08=0.0462382023;2024-09=0.09166651314;2024-10=0.09598216138;2024-11=0.09603275767;2024-12=0.05130367142;2025-01=0.08346813212;2025-02=0.09772138936;2025-03=0.1212167866;2025-04=0.1037101142;2025-05=0.1255459495;2025-06=0.1390450318;2025-07=0.07653151583;2025-08=0.1023751063;2025-09=0.1539379093;2025-10=0.1456227345;2025-11=0.09979078343;2025-12=0.1724672949;2026-01=0.2412760387;2026-02=0.2462887436;2026-03=0.23987496;2026-04=0.2884550333;2026-05=0.2815292558;2026-06=0.2444837343;2026-07=0.2832248728,2023-01-31,0.19751601273245445,2,0.12491838415569179,0.07016836742160981,0.5870416058923071,0.0,21,0.11968444606466622,0.21459692028822347,-0.3210149677186771,1.036323325020685,0.6363636363636364,11,8.486562720565383,0.20973365651434883,0.2103137632130998,0.32923864063552954,0.5870416058923071,2020-11-23~2022-11-24,2020-11-23,2022-11-24,0.3572722178618878,0.6575865816575567,1.0,0,2.2713794811343364,2015-01-19,0.4276605865300965,2015-01-19,0.4276605865300964,2015-01-19,0.0,2014-11-06,0,1.1890740102342687,576,6,3,0.5951883317340751,0.6474190418275358,0.729442735946834,1.1778299911431096,1.4434004724708356,1.6867296029398235,0.47164646069612826,0.0,0.2899305555555556,6.002145347367001,41.333333333333336,3638,942,20.013557838244623,002714/002532/600309/600938/600660,1.835995075492642,0.5188826668161374,766248.7900059992,0.25541626333533307,5.46%（同期超额 +15.51%）
U,STOPMAX,2015-05-01,trend_x5_w-0.0454_x1c_dtax_sma20_swap_corr1_tranche_slmax_gs1.1u_ma60stop_ca2_addma_swk20_cap0.6s_sp_gso_ebcap0.03r_c0.3h0.035_ex6_lot100_sig1_lrc3_STOPMAX20150501ex5,14597207.27760776,m3,2015-05-04,2026-08-28,0.2681178406800443,-0.12901427673694116,1.9434621770153533,0.3797880801737528,0.4050735460946734,0.10679193495009054,-0.003285365301396226,0.25252525252525254,99,0.09630213641961705,0.013286137653439223,-0.044451210455623724,-0.08123133310212483,0.5506943998750182,0.16927101670950484,0.35458048710065304,0.2,75,2020-05=0.01743398571;2020-06=0.03446500354;2020-07=0.09709142907;2020-08=0.1100303766;2020-09=0.1021138046;2020-10=0.1210375685;2020-11=0.1726154174;2020-12=0.1186954021;2021-01=0.1501223448;2021-02=0.1432641302;2021-03=0.1447791193;2021-04=0.1341036827;2021-05=0.144370011;2021-06=0.1659806523;2021-07=0.1146021844;2021-08=0.09764469146;2021-09=0.1042613187;2021-10=0.08948063186;2021-11=0.09968828128;2021-12=0.1068182621;2022-01=0.08862548886;2022-02=0.09630213642;2022-03=0.07270949947;2022-04=0.07845251315;2022-05=0.08645338454;2022-06=0.1183013296;2022-07=0.0780619595;2022-08=0.01328613765;2022-09=0.03057942542;2022-10=-0.02647652985;2022-11=-0.05374686636;2022-12=-0.04889202427;2023-01=-0.0812313331;2023-02=-0.0753050176;2023-03=-0.07317628892;2023-04=-0.0449008122;2023-05=-0.04220972145;2023-06=-0.04663786125;2023-07=-0.03235386995;2023-08=-0.04445121046;2023-09=-0.0230041672;2023-10=-0.01603981746;2023-11=-0.01219206816;2023-12=-0.01528967445;2024-01=0.01674921641;2024-02=0.004073305827;2024-03=0.001982688297;2024-04=0.01313557092;2024-05=0.03906090485;2024-06=0.04080939965;2024-07=0.04699354132;2024-08=0.04921360311;2024-09=0.09477748375;2024-10=0.09921987277;2024-11=0.09977103926;2024-12=0.05553814093;2025-01=0.08750646763;2025-02=0.1006390937;2025-03=0.1229218192;2025-04=0.1061666685;2025-05=0.1274908467;2025-06=0.1406783444;2025-07=0.07622974793;2025-08=0.09951072836;2025-09=0.1501652138;2025-10=0.1414891851;2025-11=0.0964132846;2025-12=0.1688689506;2026-01=0.2371359161;2026-02=0.2429333378;2026-03=0.2341937516;2026-04=0.2827263303;2026-05=0.2757016726;2026-06=0.2387923173;2026-07=0.2773505225,2023-01-31,0.19597635343010167,2,0.14350016006874444,0.08625975552517762,0.587878127601499,0.0,15,0.14414986980200273,0.22295376711426154,-0.3209551182304258,0.9954648678670677,0.6,10,3.865735759202586,0.1500359506036142,0.1504246082647258,0.314613050977319,0.587878127601499,2020-11-23~2022-11-24,2020-11-23,2022-11-24,0.25521607891035203,0.5124908263613656,1.0,0,2.277903031248888,2021-09-29,0.42929967511072714,2021-09-29,0.4292996751107271,2021-09-29,0.0,2015-11-10,0,1.169270660133926,547,5,3.0,0.5966444501000119,0.6478079571768722,0.7261326579830951,1.1848732569237637,1.4504739958013437,1.6903841977696636,0.4730563554092966,0.0,0.2797074954296161,5.99427016530745,39.48811700182815,3439,807,20.043904344281195,002714/600309/002532/600938/300059,1.8311620663569281,0.6102423042584971,390788.5951379996,0.13026286504599988,-0.17%（同期超额 +15.18%）
U,STOPMAX,2015-11-01,trend_x5_w-0.0454_x1c_dtax_sma20_swap_corr1_tranche_slmax_gs1.1u_ma60stop_ca2_addma_swk20_cap0.6s_sp_gso_ebcap0.03r_c0.3h0.035_ex6_lot100_sig1_lrc3_STOPMAX20151101ex5,15543539.349073201,m3,2015-11-02,2026-08-28,0.265434221871459,-0.12325858809460032,1.9759896554310645,0.3669581862522422,0.40515742984758474,0.09755963288228164,0.008885579993715531,0.23655913978494625,93,0.10179918562965873,0.020273327082311443,-0.038005336475129714,-0.074456381032038,0.5880530512568622,0.18068939268972942,0.3731786816286051,0.21739130434782608,69,2020-11=0.1783810756;2020-12=0.1262366905;2021-01=0.1585058715;2021-02=0.1516105993;2021-03=0.1531307996;2021-04=0.1423714651;2021-05=0.1527599635;2021-06=0.1745482358;2021-07=0.1227780611;2021-08=0.1057242405;2021-09=0.1123413442;2021-10=0.09745665844;2021-11=0.1077291644;2021-12=0.1149490801;2022-01=0.09658618142;2022-02=0.1043235434;2022-03=0.08056730934;2022-04=0.08637201293;2022-05=0.09442101671;2022-06=0.1265774946;2022-07=0.08594884025;2022-08=0.02056558632;2022-09=0.037699875;2022-10=-0.01944237691;2022-11=-0.04693916575;2022-12=-0.04170314102;2023-01=-0.07445638103;2023-02=-0.06846563999;2023-03=-0.06645450845;2023-04=-0.03800533648;2023-05=-0.03527148721;2023-06=-0.03977932772;2023-07=-0.02542114028;2023-08=-0.03769949359;2023-09=-0.01608909193;2023-10=-0.009078635085;2023-11=-0.005196552457;2023-12=-0.008383360808;2024-01=0.02389158651;2024-02=0.01112783157;2024-03=0.009044051404;2024-04=0.02027332708;2024-05=0.04638128324;2024-06=0.0478916054;2024-07=0.05403026873;2024-08=0.05655492369;2024-09=0.1019793207;2024-10=0.1064335174;2024-11=0.1070006983;2024-12=0.06267923444;2025-01=0.09524883148;2025-02=0.110080948;2025-03=0.1338032335;2025-04=0.1159924363;2025-05=0.1380618711;2025-06=0.1525206657;2025-07=0.08181969682;2025-08=0.1062549487;2025-09=0.1582660227;2025-10=0.1471745082;2025-11=0.1017991856;2025-12=0.1744109216;2026-01=0.2429334181;2026-02=0.2478407227;2026-03=0.2417650382;2026-04=0.2907195847;2026-05=0.2832333641;2026-06=0.2463365482;2026-07=0.2851290089,2023-01-31,0.20395353501861213,2,0.19997735922921,0.13947838929014789,0.5880530512568622,0.0,9,0.16407004175480666,0.23207739982734293,-0.3209880107898645,1.0468099719780057,0.6,10,4.1811797830244,0.16420272248692047,0.16467854244330793,0.32286184296415754,0.5880530512568622,2020-11-23~2022-11-24,2020-11-23,2022-11-24,0.2792311376260448,0.5465534453557164,1.0,0,2.277851816689317,2021-09-29,0.4292868436501501,2021-09-29,0.42928684365015,2021-09-29,-2.9103830456733704e-11,2022-07-18,0,1.2192193063088324,548,5.0,3.0,0.6011775153841588,0.649767398385284,0.7272054857263327,1.1982325793646822,1.4508179177224085,1.6941016556231738,0.5138075313807532,0.0,0.2773722627737226,6.240339341900339,39.49087591240876,3427,794,20.61068665325379,002714/600309/002532/600938/300059,1.8822689608014271,0.6072632659399918,402163.06481399975,0.13405435493799991,2.83%（同期超额 +13.59%）
U,STOPMAX,2016-05-01,trend_x5_w-0.0454_x1c_dtax_sma20_swap_corr1_tranche_slmax_gs1.1u_ma60stop_ca2_addma_swk20_cap0.6s_sp_gso_ebcap0.03r_c0.3h0.035_ex6_lot100_sig1_lrc3_STOPMAX20160501ex5,19521559.946726322,m3,2016-05-03,2026-08-28,0.0994766701899254,-0.14308546249242893,2.190766183265441,0.1750270699527811,0.4047823578663112,0.040266401112167394,-0.009011668597593947,0.3218390804597701,87,0.08383562756597263,-0.0013184568457416113,-0.04702845655515597,-0.08337612780253967,0.5871152338455814,0.15447813158195633,0.3168148775458009,0.25396825396825395,63,2021-05=0.1419607852;2021-06=0.1627885842;2021-07=0.1117530879;2021-08=0.09516834389;2021-09=0.1014880297;2021-10=0.08674828192;2021-11=0.09694438274;2021-12=0.1040980017;2022-01=0.08598471082;2022-02=0.09364467111;2022-03=0.0701140786;2022-04=0.07585717157;2022-05=0.08383562757;2022-06=0.1156600517;2022-07=0.07545876032;2022-08=0.01080045898;2022-09=0.02811242672;2022-10=-0.02891612278;2022-11=-0.0561640817;2022-12=-0.05098032968;2023-01=-0.0833761278;2023-02=-0.07748747025;2023-03=-0.07525621304;2023-04=-0.04702845656;2023-05=-0.04444315822;2023-06=-0.04879093733;2023-07=-0.03465690466;2023-08=-0.04628401456;2023-09=-0.02600185194;2023-10=-0.01913930933;2023-11=-0.01532825646;2023-12=-0.01854163013;2024-01=0.01338771085;2024-02=0.0007516030853;2024-03=-0.001318456846;2024-04=0.009837280252;2024-05=0.03566515371;2024-06=0.03714820276;2024-07=0.04322935006;2024-08=0.04572895084;2024-09=0.09069646435;2024-10=0.09500005587;2024-11=0.09506239111;2024-12=0.05043927355;2025-01=0.08298339039;2025-02=0.09739243414;2025-03=0.1210378573;2025-04=0.1050165276;2025-05=0.1263381901;2025-06=0.139339022;2025-07=0.07678054655;2025-08=0.1035839255;2025-09=0.1548169339;2025-10=0.1466724698;2025-11=0.1009213612;2025-12=0.1737618504;2026-01=0.2425371889;2026-02=0.2478398202;2026-03=0.2410853423;2026-04=0.2898394459;2026-05=0.2827160263;2026-06=0.2456726264;2026-07=0.2844449803,2023-01-31,0.19809903410098972,2,0.20351730757331232,0.19498354511538496,0.5871152338455814,0.0,3,0.18106942081831034,0.28278915795225995,-0.3209283276545767,1.0569754768789603,0.6666666666666666,9,5.507186648908774,0.19901639978604502,0.19969513848993103,0.31847486740738595,0.5871152338455814,2020-11-23~2022-11-24,2020-11-23,2022-11-24,0.33897331956879323,0.6427316032137694,1.0,0,2.2780419995417382,2021-09-29,0.42933448976730276,2021-09-29,0.4293344897673027,2021-09-29,0.0,2016-05-25,0,1.23192200189729,526,5,3.0,0.6006403683585624,0.6489696130168726,0.7282574909246268,1.1918602834327099,1.4504961836655303,1.6867097375485811,0.5058619192357794,0.0,0.28517110266159695,6.373292618726287,39.18631178707224,3293,743,20.475328709487975,002714/002532/600309/600938/300059,1.821903391224226,0.5901489653114378,495927.17012399883,0.1653090567079996,3.76%（同期超额 +16.14%）
