security_code,security_name,quality_tier,report_date,notice_date,available_at,status,reason,eps_ttm,roe_ttm,roe_source,bps,eps0,roe0,roe_anchor,roe_trend,roe0_normalized,roe0_mode,growth_confirmed,roe_window,roe_efficiency,incremental_roe,incremental_roe_basis,cash_roe0,owner_earnings0,v_zero_growth,incremental_roe_used,ame_path,nopat_ps,roic0,incremental_roic,reinvestment_rate,wacc,cost_of_debt,tax_rate,net_debt_ps,fin_net_debt_ps,minority_book_ps,ev_ps,owner_earnings_true_ps,roic_path,minority_share,minority_share_basis,roic_nopat_mode,roic_g_source,payout,g_trailing,g_sustainable,g0,g0_capped,r_mode,rf,erp,beta,r,g_terminal,roe_terminal,intrinsic_value,band_low,band_high,mos,max_buy_price,implied_pe,pe_on_ttm_eps,terminal_share,min_payout,v_bear,v_bull,valuation_quality_score,valuation_quality_notes,bps_operating,external_equity_ps,external_equity_cum_ps,shares_est,bps_basis_date,equity_anchor_mode,peak_weight,growth_trust,trough_weight,ttm_factor,growth_damp,maintenance_ratio,maintenance_raw_ratio,maintenance_status,maintenance_intervals,maintenance_positive_intervals,maintenance_net_reinvestment,maintenance_growth_allowance,maintenance_nopat_total,cash_blocked,wc_aggregation,wc_first_period,wc_last_period,wc_start,wc_end,wc_change,wc_financing_start,wc_financing_end,wc_conflict_years,minority_claim_status,minority_claim_event,minority_fixed_claim_ps,minority_dividend_floor_ps,model_evaluated_at,model_evaluated_report_date,forecast_overlay,forecast_notice_date,forecast_report_date,forecast_profit_yi,forecast_source,pre_overlay_iv,pre_overlay_report_date,pre_overlay_notice_date,bps_scale,overlay_note,exright_factor,exright_cash,exright_note,research_overlay,research_nopat_yi,model_nopat_ps,model_roic0,pre_research_iv,research_overlay_note,model_g0,hold_source
000333,美的集团,L2,2026-06-30,2026-08-29,2026-08-29,ok,,5.9100,0.1974,weightavg_ttm,27.8168,6.4570,0.2221,0.2221,,0.222100,normalized,,5,0.7964,0.1416,n/a,,,81.5041,,,4.5977,1.2915,,-0.1492,0.0835,0.0325,0.1613,-26.4639,-29.4268,1.7164,55.4168,5.7209,growth,0.0086,earnings,"blend(λ=0.5,w=0.00,v=0.00)",none,,0.1176,,0.0000,,tier,,,,0.1000,0.0300,0.1035,81.8807,73.6926,90.0687,0.20,65.5045,17.81,13.85,0.5225,0.4431,65.8967,102.8136,69,hist12/cv12/term20/path20/legs5,25.5090,-1.2465,3.5543,7597145000,2026-08-29,shares_ref,0.000,0.50,0.000,1.0098,1.0000,0.000000,,off,0,0,,,,,operating,2021-12-31,2025-12-31,-41795968000.0000,-62088139000.0000,-20292171000.0000,10273552000.0000,14935344000.0000,0,,,0.0000,0.0000,2026-08-29,2026-06-30,,,,,,,,,,,,,,,,,,,,,base
000338,潍柴动力,L2,2026-06-30,2026-08-28,2026-08-28,ok,,1.5100,0.1379,weightavg_ttm,11.0944,1.8999,0.1694,0.1694,,0.169400,normalized,,9,0.3005,0.0575,n/a,,,22.3015,,,1.8364,0.1679,,-0.7974,0.0905,0.0703,0.1563,-2.2103,-7.7677,4.5880,19.3321,1.8273,growth,0.2010,earnings,"blend(λ=0.5,w=0.00,v=0.00)",none,,0.2652,,0.0000,,tier,,,,0.1000,0.0300,0.1105,21.5424,19.3882,23.6967,0.20,17.2340,11.73,14.27,0.5580,0.6328,17.1004,27.4635,69,hist12/cv12/term20/path20/legs5,9.6769,-0.1102,1.5277,8713581296,2026-08-28,shares_ref,0.000,0.50,0.000,1.1883,0.9287,0.000000,,off,0,0,,,,,operating,2021-12-31,2025-12-31,-25190709735.3900,-38426385225.8600,-13235675490.4700,6963497132.7400,15521610222.5000,0,,,0.0000,0.0000,2026-08-28,2026-06-30,,,,,,,,,,,,,,,,,,,,,base
000408,藏格矿业,L2,2026-06-30,2026-08-11,2026-08-11,ok,,3.6300,0.3363,weightavg_ttm,10.9609,5.4466,0.4877,0.1849,,0.184900,lift2(孰高),,9,0.0630,0.3118,n/a,,,27.7769,,,2.6318,0.2875,0.4503,-0.1395,0.0998,0.0945,0.0538,-0.4182,-1.6190,-0.0194,23.5526,1.1324,growth,0.0000,earnings,cyclical_median,none,,0.0250,,0.0000,,tier,,,,0.1000,0.0300,0.1198,23.9708,21.4737,26.4679,0.20,19.9767,9.49,6.88,0.5137,0.6101,19.4908,31.4929,52,hist12/cv5/term20/path10/legs5,11.0459,-0.2008,0.1158,1570225745,2026-08-11,shares_ref,1.000,0.50,0.000,1.4771,1.0000,0.000000,,off,0,0,,,,,operating,2021-12-31,2025-12-31,827809531.1700,-209454938.8600,-1037264470.0300,1153595482.9000,81901412.5300,0,,,0.0000,0.0000,2026-08-11,2026-06-30,,,,,,,,,,,1.000000,1.0000,除权归一化至 2026-09-24 现价口径：2026-09-04 现金1/送转0,,,,,,,,base
000423,东阿阿胶,L2,2026-06-30,2026-08-21,2026-08-21,ok,,2.7702,0.1705,weightavg_ttm,15.8770,3.6640,0.2297,0.1113,,0.111300,lift2(孰高),,9,0.1220,2.5189,n/a,,,37.7380,,,2.4096,0.3552,,-0.5773,0.0999,0.1039,0.1560,-12.2807,-13.7406,0.0416,21.4423,3.2856,growth,0.0000,earnings,"blend(λ=1.0,w=0.18,v=0.00)",none,,0.2111,,0.0000,,tier,,,,0.1000,0.0300,0.1199,33.7230,30.2163,37.2297,0.20,28.0536,14.55,12.66,0.5062,0.6058,29.9077,41.1091,62,hist12/cv5/term20/path20/legs5,15.9513,-0.0743,0.0000,643976824,2026-08-21,shares_ref,0.182,1.00,0.000,1.0245,1.0000,0.000000,,off,0,0,,,,,operating,2021-12-31,2025-12-31,1905892274.4200,-460480475.8100,-2366372750.2300,860392069.2400,267606964.4500,0,,,0.0000,0.0000,2026-08-21,2026-06-30,,,,,,,,,,,1.000000,1.3440,除权归一化至 2026-09-24 现价口径：2026-08-31 现金1.344/送转0,,,,,,,,base
000426,兴业银锡,L2,2026-06-30,2026-08-29,2026-08-29,ok,,1.7862,0.3134,weightavg_ttm,6.4985,3.7745,0.5799,0.0469,,0.046900,lift2(孰高),,9,0.1579,0.3406,n/a,,,10.2768,,,1.0767,0.1440,0.2975,0.0158,0.0885,0.0692,0.1869,1.8906,1.4196,0.4607,12.1022,1.2662,growth,0.0000,earnings,cyclical_median,capital,,1.6129,,0.0047,,tier,,,,0.1000,0.0300,0.1085,10.2117,9.1905,11.2328,0.20,8.1693,9.48,5.72,0.5669,0.6534,7.4311,14.0937,59,hist12/cv5/term20/path10/legs12,6.5088,-0.0103,0.0000,1775635739,2026-08-29,shares_ref,1.000,0.50,0.000,1.8610,1.0000,0.000000,,off,0,0,,,,,operating,2021-12-31,2025-12-31,-694283581.3500,-884839682.6100,-190556101.2600,0.0000,95832500.0000,0,,,0.0000,0.0000,2026-08-29,2026-06-30,,,,,,,,,,,,,,,,,,,,,base
000538,云南白药,L2,2026-06-30,2026-08-29,2026-08-29,ok,,2.9200,0.1297,weightavg_ttm,22.9636,3.5848,0.1563,0.1031,,0.103100,lift2(孰高),,9,0.2704,1.1346,raw,,,35.8494,,,2.8470,0.1767,0.1447,0.0682,0.0992,0.0341,0.1412,-7.1398,-7.2400,0.0592,27.7250,2.3964,growth,0.0037,earnings,"blend(λ=1.0,w=0.09,v=0.00)",capital,,0.0645,,0.0099,,tier,,,,0.1000,0.0300,0.1192,34.8648,31.3783,38.3513,0.20,27.8918,12.25,11.94,0.5255,0.6635,28.9190,42.5323,84,hist12/cv20/term20/path20/legs12,23.1914,0.0294,-0.2571,1784262603,2026-08-29,shares_ref,0.086,1.00,0.000,1.0132,1.0000,0.000000,,off,0,0,,,,,operating,2021-12-31,2025-12-31,7913146701.3900,8456830884.8800,543684183.4900,1158166844.3900,1681985583.9300,0,,,0.0000,0.0000,2026-08-29,2026-06-30,,,,,,,,,,,,,,,,,,,,,base
000568,泸州老窖,L2,2026-06-30,2026-08-26,2026-08-26,ok,,5.1000,0.1586,weightavg_ttm,31.0706,8.7617,0.2827,0.2827,,0.282700,normalized,,9,0.0868,0.1315,n/a,,,109.0506,,,8.7490,0.5194,0.2835,0.2228,0.0915,0.0385,0.2589,-9.0157,-13.6725,0.0702,104.6128,3.9035,growth,0.0027,earnings,"blend(λ=0.0,w=0.00,v=0.74)",capital,,-0.1429,,0.0632,,tier,,,,0.1000,0.0300,0.1115,113.6285,101.8239,125.4330,0.20,94.4365,13.49,23.15,0.5743,0.5762,80.4271,174.1810,84,hist12/cv20/term20/path20/legs12,27.8228,0.0783,3.1695,1471941963,2026-08-26,shares_ref,0.000,0.00,0.743,0.6931,0.5511,0.000000,,off,0,0,,,,,operating,2021-12-31,2025-12-31,2462872343.2700,10136712677.4600,7673840334.1900,4757631778.6400,1466494973.9600,0,,,0.0000,0.0000,2026-08-26,2026-06-30,,,,,,,,,,,1.000000,4.4171,除权归一化至 2026-09-24 现价口径：2026-08-28 现金4.41712/送转0,,,,,,,,base
000596,古井贡酒,L2,2026-06-30,2026-08-29,2026-08-29,ok,,3.8700,0.0888,weightavg_ttm,47.0883,10.0049,0.2125,0.2125,,0.212500,normalized,,9,0.1454,0.1403,n/a,,,106.1810,,,8.5885,0.7090,0.0995,0.5881,0.0981,0.0209,0.2839,-18.3750,-22.1995,1.9775,96.7217,2.1548,growth,0.0322,earnings,trough_median,capital,,-0.1997,,0.0585,,tier,,,,0.1000,0.0300,0.1181,115.0967,103.5870,126.6064,0.20,92.0774,13.40,29.74,0.5175,0.5998,82.5224,160.0770,76,hist12/cv12/term20/path20/legs12,37.7117,0.0040,9.3726,528600000,2026-08-29,shares_ref,0.000,0.50,1.000,0.5781,0.3500,0.000000,,off,0,0,,,,,operating,2021-12-31,2025-12-31,898295412.5300,4626826868.9900,3728531456.4600,545204103.4200,895658760.5600,0,,,0.0000,0.0000,2026-08-29,2026-06-30,,,,,,,,,,,,,,,,,,,,,base
000651,格力电器,L2,2026-06-30,2026-08-27,2026-08-27,ok,,4.9800,0.1889,weightavg_ttm,26.5126,6.3941,0.2419,0.2419,,0.241900,normalized,,5,0.5284,0.1360,n/a,,,100.7941,,,5.2198,1.9491,1.1942,-0.2078,0.0744,0.0356,0.1669,-30.6275,-31.2361,0.6986,75.7443,7.4759,growth,0.0000,earnings,median3,none,,0.0272,,0.0000,,tier,,,,0.1000,0.0300,0.0944,106.3718,95.7346,117.0090,0.20,85.0974,20.38,21.36,0.5628,0.1901,82.5237,142.7106,77,hist12/cv20/term20/path20/legs5,28.3658,0.0900,-1.9431,5601405741,2026-08-27,shares_ref,0.000,0.00,0.000,0.9609,0.8222,0.000000,,off,0,0,,,,,operating,2021-12-31,2025-12-31,-9860007383.6300,-25936577690.9200,-16076570307.2900,25612056693.0700,6496151873.0300,0,,,0.0000,0.0000,2026-08-27,2026-06-30,,,,,,,,,,,,,,,,,,,,,b2
000725,京东方A,L2,2016-12-31,2017-04-25,2017-04-25,ok,,0.0540,0.0240,weightavg_ttm,2.2388,0.0598,0.0267,0.0213,,0.021300,lift2(孰高),,9,0.3149,0.1079,n/a,,,0.8489,,,0.1023,0.0413,0.0526,5.3945,0.0664,0.0261,0.1860,1.3283,0.3125,0.3788,1.5402,-0.0085,zero_growth,0.0566,earnings,"blend(λ=1.0,w=0.18,v=0.00)",,,-0.0717,,0.0000,,tier,,,,0.1000,0.0300,0.1200,0.2119,0.1270,0.2968,0.20,0.6791,8.30,15.72,1.0000,,0.6473,1.1220,44,hist12/cv12/term5/path10/legs5,1.6156,0.0000,0.6232,35153067743,2017-04-25,annual_row|book_break,0.183,1.00,0.000,1.0000,1.0000,0.000000,,off,0,0,,,,,operating,2012-12-31,2016-12-31,2103488674.0000,8879253272.0000,6775764598.0000,0.0000,0.0000,0,,,0.0000,0.0000,2026-08-29,2026-06-30,,,,,,,,,,,1.000000,0.6370,除权归一化至 2026-09-24 现价口径：2017-07-14 现金0.03/送转0；2018-06-26 现金0.05/送转0；2019-05-31 现金0.03/送转0；2020-07-06 现金0.02/送转0；2021-06-04 现金0.1/送转0；2022-05-30 现金0.21/送转0；2023-06-07 现金0.061/送转0；2024-06-19 现金0.03/送转0；2025-06-25 现金0.05/送转0；2026-06-18 现金0.056/送转0,,,,,,,,base
000786,北新建材,L2,2026-06-30,2026-08-21,2026-08-21,ok,,1.3830,0.0881,weightavg_ttm,16.0686,2.5738,0.1600,0.1600,,0.160000,normalized,,9,0.2203,-0.0763,n/a,,,26.7256,,,2.4281,0.1716,-0.1668,0.0586,0.0984,0.0388,0.0846,-2.0379,-2.7188,0.6680,23.5272,1.8268,growth,0.0117,earnings,"blend(λ=0.0,w=0.00,v=0.67)",none,,-0.1156,,0.0000,,tier,,,,0.1000,0.0300,0.1184,25.5651,23.0086,28.1216,0.20,20.4521,10.53,18.49,0.5151,0.6653,20.7569,31.6203,77,hist12/cv20/term20/path20/legs5,16.0815,-0.0129,0.0000,1702236042,2026-08-21,shares_ref,0.000,0.00,0.673,0.8094,0.6465,0.000000,,off,0,0,,,,,operating,2021-12-31,2025-12-31,2997331006.1300,2696400715.4200,-300930290.7100,344060284.5900,786469217.9800,0,,,0.0000,0.0000,2026-08-21,2026-06-30,,,,,,,,,,,,,,,,,,,,,base
000792,盐湖股份,L2,2026-06-30,2026-08-26,2026-08-26,ok,,2.2921,0.2852,weightavg_ttm,9.0240,4.3033,0.4342,0.1362,,0.136200,lift2(孰高),,9,0.1981,0.1069,n/a,,,28.7371,,,2.6649,0.4598,1.1612,-0.0220,0.0985,0.0375,0.0000,-2.0697,-7.4712,0.8994,24.2514,1.9607,growth,0.1423,earnings,"blend(λ=1.0,w=0.00,v=0.77)",none,,0.0176,,0.0000,,tier,,,,0.1000,0.0300,0.1185,26.3211,23.6890,28.9532,0.20,21.0569,9.88,11.48,0.5003,0.6010,20.2430,33.4021,62,hist12/cv5/term20/path20/legs5,9.7779,-0.8867,0.1329,5291572541,2026-08-26,"shares_ref|book_break,shares_backfill",0.000,1.00,0.771,1.4311,1.0000,0.000000,,off,0,0,,,,,operating,2021-12-31,2025-12-31,2125804048.7100,82957663.9300,-2042846384.7800,95232026.4400,33908343.8800,0,,,0.0000,0.0000,2026-08-26,2026-06-30,,,,,,,,,,,,,,,,,,,,,b2
000858,五粮液,L2,2026-06-30,2026-08-29,2026-08-29,ok,,3.3707,0.1062,weightavg_ttm,30.5234,5.5362,0.1811,0.2506,down,0.181084,normalized,,5,0.4998,-0.6914,n/a,,,98.7480,,,4.5837,0.7230,,-0.0745,0.0998,0.0656,0.2362,-28.9174,-32.0678,0.5732,42.4766,7.2476,growth,0.0416,earnings,trough_median,none,,-0.2297,,0.0000,,tier,,,,0.1000,0.0300,0.1198,71.3939,64.2545,78.5333,0.20,57.1151,15.58,21.18,0.4710,0.5808,79.8486,115.2276,69,hist12/cv12/term20/path20/legs5,30.5729,-0.0494,0.0000,3881608005,2026-08-29,shares_ref,0.000,0.50,1.000,1.4611,0.2345,0.000000,,off,0,0,,,,,operating,2021-12-31,2025-12-31,11902135819.3300,-68278480.8100,-11970414300.1400,1641509588.6900,9401640775.7400,0,,,0.0000,0.0000,2026-08-29,2026-06-30,,,,,,,,,,,,,,2026-09-24,177.92,7.0896,1.1182,96.4993,§6.5.2.2 采用研究数（复核 2026-09-24）：NOPAT 177.92 亿 ÷ 股数 38.82 亿 = 每股 4.5837（机械 7.0896，×0.6465），投入资本不变、ROIC0 同比例；EV ×0.6186，IV 96.50 → 71.39,,base
000893,亚钾国际,L2,2026-06-30,2026-08-28,2026-08-28,ok,,2.3730,0.1590,weightavg_ttm,15.8123,2.9313,0.1852,0.1328,,0.132800,lift2(孰高),,5,0.4310,0.0768,n/a,,,21.9510,,,2.0640,0.1185,0.0796,1.1812,0.0884,0.0266,0.1447,1.4105,1.4041,0.0077,27.9125,1.8348,growth,0.0000,earnings,cyclical_median,capital,,0.0955,,0.0796,,tier,,,,0.1000,0.0300,0.1084,26.5020,23.8518,29.1521,0.20,21.2016,12.84,11.17,0.6675,0.3261,18.6072,40.6382,51,hist12/cv5/term12/path10/legs12,15.8110,0.0013,0.0000,924051187,2026-08-28,shares_ref,1.000,0.50,0.000,1.2961,1.0000,0.000000,,off,0,0,,,,,operating,2021-12-31,2025-12-31,-321049382.7800,-1324222645.2900,-1003173262.5100,0.0000,0.0000,0,,,0.0000,0.0000,2026-08-28,2026-06-30,,,,,,,,,,,,,,,,,,,,,base
000895,双汇发展,L2,2026-06-30,2026-08-29,2026-08-29,ok,,1.4683,0.2393,weightavg_ttm,6.0322,1.4493,0.2403,0.2383,,0.238300,lift2(孰高),,5,0.4465,,n/a,,,19.5957,,,1.4239,0.2504,0.1914,0.0805,0.0742,0.0272,0.2267,-0.4182,-0.6226,0.0574,18.4911,1.6154,growth,0.0107,earnings,ttm_growth,capital,,-0.0387,,0.0154,,tier,,,,0.1000,0.0300,0.0942,18.9093,17.0184,20.8003,0.20,15.1275,13.28,12.88,0.6783,0.4993,12.4050,29.7157,76,hist12/cv20/term12/path20/legs12,5.9684,0.0009,0.0629,3464661213,2026-08-29,shares_ref,0.000,1.00,0.000,0.9966,0.9966,0.000000,,off,0,0,,,,,operating,2021-12-31,2025-12-31,681987383.9800,251208714.7000,-430778669.2800,0.0000,0.0000,0,,,0.0000,0.0000,2026-08-29,2026-06-30,,,,,,,,,,,,,,,,,,,,,base
000933,神火股份,L2,2026-06-30,2026-07-28,2026-07-28,ok,,3.1100,0.2734,weightavg_ttm,12.3073,4.1656,0.3391,0.2077,,0.207700,lift2(孰高),,9,0.0714,0.0532,n/a,,,37.3999,,,3.5644,0.1466,,0.0011,0.0808,0.0289,0.3032,6.6263,1.8291,1.8228,43.2729,3.2659,growth,0.1171,earnings,"blend(λ=0.5,w=0.37,v=0.00)",none,,0.0598,,0.0000,,tier,,,,0.1000,0.0300,0.1008,36.6466,32.9820,40.3113,0.20,29.3173,10.28,11.78,0.6109,0.6062,25.3710,53.4128,61,hist12/cv12/term12/path20/legs5,12.9597,0.0578,-0.7101,2249004399,2026-07-28,shares_ref,0.369,0.50,0.000,1.7183,1.0000,0.000000,,off,0,0,,,,,operating,2021-12-31,2025-12-31,-4836844842.7400,-441594765.0800,4395250077.6600,274270399.2600,367074048.7400,0,,,0.0000,0.0000,2026-07-28,2026-06-30,,,,,,,,,,,,,,,,,,,,,b2
000975,山金国际,L2,2026-06-30,2026-08-20,2026-08-20,ok,,1.3670,0.2529,weightavg_ttm,5.7422,1.9225,0.3336,0.1290,up,0.172176,lift2(孰高),,5,0.7351,0.3817,n/a,,,8.3690,,,0.7765,0.1559,0.4509,0.0225,0.0952,0.0524,0.2349,-0.2255,-1.1372,0.7208,8.0511,1.5289,growth,0.0970,earnings,cyclical_median,capital,,0.4318,,0.0090,,tier,,,,0.1000,0.0300,0.1152,8.2767,7.4490,9.1043,0.20,6.6213,10.66,6.05,0.5389,0.6697,6.5374,10.5974,66,hist12/cv12/term20/path10/legs12,5.5922,-0.0202,0.1702,2776722265,2026-08-20,shares_ref,1.000,1.00,0.000,1.2762,1.0000,0.000000,,off,0,0,,,,,operating,2021-12-31,2025-12-31,-1018237529.2300,-517199772.6000,501037756.6300,0.0000,0.0000,0,,,0.0000,0.0000,2026-08-20,2026-06-30,,,,,,,,,,,,,,,,,,,,,base
000999,华润三九,L2,2026-06-30,2026-08-22,2026-08-22,ok,,1.9700,0.1458,weightavg_ttm,13.7191,2.1790,0.1586,0.1586,,0.158600,normalized,,5,0.1212,0.2010,raw,,,18.8376,,,2.4250,0.1847,0.0798,0.4692,0.0897,0.0329,0.1435,8.2000,-1.9164,10.0989,27.4027,2.5294,growth,0.1010,earnings,median3,capital,,0.0424,,0.0375,,tier,,,,0.1000,0.0300,0.1097,19.2027,17.2825,21.1230,0.20,15.3622,7.92,9.75,0.6178,0.5337,11.4698,30.8138,76,hist12/cv20/term12/path20/legs12,13.7366,-0.0175,0.0000,1664217858,2026-08-22,shares_ref,0.000,0.00,0.000,0.9578,0.9578,0.000000,,off,0,0,,,,,operating,2021-12-31,2025-12-31,3803557472.3700,9912425440.7300,6108867968.3600,2296378032.8300,2646133447.9400,0,,,0.0000,0.0000,2026-08-22,2026-06-30,,,,,,,,,,,,,,,,,,,,,b2
001232,嘉立创,L2,2026-06-30,2026-08-27,2026-08-27,ok,,3.4900,0.2387,weightavg_ttm,16.4707,4.5590,0.2777,0.1997,,0.199700,lift2(孰高),,5,0.8191,0.2131,n/a,,,39.1951,,,3.5972,0.4531,0.2731,0.4902,0.1000,0.1196,0.1528,-1.7862,-9.3730,0.0000,46.5424,3.4174,growth,0.1366,earnings,"blend(λ=0.5,w=0.06,v=0.00)",capital,,,,0.1339,,tier,,,,0.1000,0.0300,0.1200,48.3286,43.4957,53.1614,0.20,38.6629,13.43,13.85,0.6051,0.4883,29.0591,81.3546,68,hist12/cv12/term12/path20/legs12,14.4845,0.0518,1.9345,500000000,2026-08-27,shares_ref,0.058,0.50,0.000,1.3371,1.0000,0.000000,,off,0,0,,,,,operating,2021-12-31,2025-12-31,-676272199.7500,-1481094172.0300,-804821972.2800,2808621.0000,26766219.4800,0,,,0.0000,0.0000,2026-08-27,2026-06-30,,,,,,,,,,,,,,,,,,,,,base
002001,新和成,L2,2026-06-30,2026-08-20,2026-08-20,ok,,2.3400,0.2139,weightavg_ttm,11.3489,2.5623,0.2291,0.1987,,0.198700,lift2(孰高),,9,0.0548,0.2211,pre_adjusted,,,29.4311,,,2.4625,0.1962,0.2922,0.3787,0.0859,0.0321,0.1334,-0.7245,-0.7276,0.0530,34.2707,2.2163,growth,0.0049,earnings,ttm_growth,capital,,0.3539,,0.1106,,tier,,,,0.1000,0.0300,0.1059,34.9952,31.4957,38.4947,0.20,27.9962,14.21,14.96,0.7396,0.1905,21.8468,60.3638,68,hist12/cv12/term12/path20/legs12,10.6737,0.1700,0.5052,3073421680,2026-08-20,shares_ref,0.000,1.00,0.000,1.0602,1.0000,0.000000,,off,0,0,,,,,operating,2021-12-31,2025-12-31,3577253167.9700,5645531696.5800,2068278528.6100,182891179.6500,813062385.7300,0,,,0.0000,0.0000,2026-08-20,2026-06-30,,,,,,,,,,,,,,,,,,,,,base
002003,伟星股份,L2,2026-06-30,2026-08-27,2026-08-27,ok,,0.5800,0.1496,weightavg_ttm,3.8143,0.6406,0.1690,0.1690,,0.169000,normalized,,5,0.1278,0.1641,raw,,,6.9282,,,0.6030,0.1678,0.1212,0.7981,0.0878,0.0401,0.1689,-0.0625,-0.0745,0.0406,7.9972,0.6583,growth,0.0000,earnings,"blend(λ=0.5,w=0.00,v=0.00)",capital,,0.1287,,0.0967,,tier,,,,0.1000,0.0300,0.1078,8.0596,7.2537,8.8656,0.20,6.4477,13.37,13.90,0.7132,0.2212,5.3132,13.1150,76,hist12/cv20/term12/path20/legs12,3.5653,0.0286,0.2204,1188889653,2026-08-27,shares_ref,0.000,0.50,0.000,1.0679,0.9926,0.000000,,off,0,0,,,,,operating,2021-12-31,2025-12-31,426354344.4800,492015972.0800,65661627.6000,53220521.0700,69336970.6500,0,,,0.0000,0.0000,2026-08-27,2026-06-30,,,,,,,,,,,,,,,,,,,,,base
002027,分众传媒,L2,2026-06-30,2026-08-19,2026-08-19,ok,,0.2361,0.2420,weightavg_ttm,0.9687,0.2737,0.2842,0.2842,,0.284200,normalized,,5,0.4174,,n/a,,,3.2494,,,0.2422,0.6805,-12.5786,-0.6155,0.0890,0.0419,0.2493,-0.4779,-0.5471,0.0247,2.5355,0.3032,growth,0.0000,earnings,"blend(λ=0.5,w=0.00,v=0.00)",none,,-0.0196,,0.0000,,tier,,,,0.1000,0.0300,0.1090,3.0134,2.7070,3.3197,0.20,2.4507,12.65,12.97,0.5219,0.5663,2.3517,3.9472,69,hist12/cv12/term20/path20/legs5,1.0124,0.0055,-0.0492,14442199726,2026-08-19,shares_ref,0.000,0.50,0.000,1.1572,0.5905,0.000000,,off,0,0,,,,,operating,2021-12-31,2025-12-31,1014509001.7300,2559956723.2200,1545447721.4900,116362747.9300,129952619.9200,0,,,0.0000,0.0000,2026-08-19,2026-06-30,,,,,,,,,,,1.000000,0.0500,除权归一化至 2026-09-24 现价口径：2026-09-04 现金0.05/送转0,,,,,,,,base
002032,苏泊尔,L2,2026-06-30,2026-08-28,2026-08-28,ok,,2.5440,0.3420,weightavg_ttm,6.3133,2.2314,0.3542,0.3462,up,0.354216,normalized,,5,0.4299,,n/a,,,26.4592,,,2.1539,0.8531,,-0.1804,0.0978,0.0485,0.1906,-4.4317,-4.4457,0.0353,20.7502,2.5383,growth,0.0000,earnings,median3,none,,0.0015,,0.0000,,tier,,,,0.1000,0.0300,0.1178,25.1819,22.6637,27.7001,0.20,20.1455,11.69,9.90,0.4721,0.5985,19.9548,31.1722,77,hist12/cv20/term20/path20/legs5,7.8551,0.0213,-1.5631,801660653,2026-08-28,shares_ref,0.000,0.00,0.000,0.9655,0.9118,0.000000,,off,0,0,,,,,operating,2021-12-31,2025-12-31,517542051.2300,-849672979.1700,-1367215030.4000,3312225.6200,273842313.4600,0,,,0.0000,0.0000,2026-08-28,2026-06-30,,,,,,,,,,,,,,,,,,,,,b2
002050,三花智控,L2,2026-06-30,2026-08-27,2026-08-27,ok,,0.9500,0.1166,weightavg_ttm,7.7238,1.3052,0.1677,0.1677,,0.167700,normalized,,5,0.1969,0.1230,n/a,,,13.2528,,,0.9694,0.1958,0.2690,0.7604,0.0923,0.0372,0.1522,-2.7098,-2.9189,0.0721,14.1727,0.9490,growth,0.0107,earnings,"blend(λ=0.5,w=0.00,v=0.00)",capital,,0.1047,,0.2046,,tier,,,,0.1000,0.0300,0.1123,16.8825,15.1942,18.5707,0.20,13.5060,17.42,17.77,0.8099,0.0000,11.1525,28.2164,69,hist12/cv20/term5/path20/legs12,5.1515,-0.0268,2.5991,4208013935,2026-08-27,shares_ref,0.000,0.50,0.000,0.9838,0.9838,0.000000,,off,0,0,,,,,operating,2021-12-31,2025-12-31,3721004786.9500,5275312704.2100,1554307917.2600,0.0000,0.0000,0,,,0.0000,0.0000,2026-08-27,2026-06-30,,,,,,,,,,,,,,,,,,,,,base
002128,电投能源,L2,2026-06-30,2026-08-26,2026-08-26,ok,,2.9700,0.1774,weightavg_ttm,16.9023,3.2577,0.1912,0.1636,,0.163600,lift2(孰高),,5,0.0323,0.1047,n/a,,,26.1656,,,3.0708,0.0945,,,0.0827,0.0450,0.1866,11.3074,6.1087,2.0208,39.2300,2.0696,growth,0.1701,earnings,entity_reset,entity_reset_none,,0.2323,,0.0000,,tier,,,,0.1000,0.0300,0.0945,27.9226,25.1303,30.7149,0.20,22.3381,9.09,9.40,0.5546,0.6824,18.9504,37.4639,55,hist5/cv5/term20/path20/legs5,16.4665,0.4358,0.0000,2953400347,2026-08-26,shares_ref,0.000,1.00,0.000,1.3218,1.0000,0.000000,,off,0,0,,,,,operating,2025-12-31,2025-12-31,1219075867.9400,1219075867.9400,0.0000,901157762.7100,901157762.7100,0,,,0.0000,0.0000,2026-08-26,2026-06-30,,,,,,,,,,,,,,,,,,,,,base
002138,顺络电子,L2,2026-06-30,2026-07-31,2026-07-31,ok,,1.2500,0.1497,weightavg_ttm,8.1418,1.5227,0.1862,0.1132,,0.113200,lift2(孰高),,9,0.2268,0.2068,n/a,,,12.8074,,,1.4146,0.1048,0.1075,0.8279,0.0781,0.0294,0.1048,5.9066,3.4601,0.7746,22.9594,1.2941,growth,0.1244,earnings,ttm_growth,capital,,0.3546,,0.0890,,tier,,,,0.1000,0.0300,0.0981,17.0528,15.3475,18.7581,0.20,13.6423,12.06,13.64,0.7423,0.1907,9.4924,31.8844,76,hist12/cv20/term12/path20/legs12,8.1628,-0.0209,0.0000,806318354,2026-07-31,shares_ref,0.000,1.00,0.000,0.9620,0.9620,0.000000,,off,0,0,,,,,operating,2021-12-31,2025-12-31,1852467908.1400,3128067480.9700,1275599572.8300,523029841.2100,810669121.8900,0,,,0.0000,0.0000,2026-07-31,2026-06-30,,,,,,,,,,,,,,,,,,,,,base
002142,宁波银行,L2,2026-06-30,2026-08-20,2026-08-20,ok,,4.5600,0.1333,weightavg_ttm,36.7608,4.7853,0.1359,0.1508,,0.150800,"guarded(λ=0.0,w=0.00,v=0.00)",,5,0.6294,0.0871,n/a,,,,,,,,,,,,,,,,,,bank_divspread,,,,,0.1992,0.0793,0.1088,0.1088,,tier,,,,0.1000,0.0300,0.1200,31.4093,28.2684,34.5502,0.20,47.6141,12.11,13.05,0.6527,0.2079,43.4040,87.8010,77,hist20/cv20/term12/path5/legs20,35.2122,1.5485,,6837529138,2026-08-20,shares_ref,0.000,0.00,0.000,1.0610,1.0000,0.000000,,off,0,0,,,,,operating,,,,,,,,0,,,0.0000,0.0000,2026-08-20,2026-06-30,,,,,,,,,,,,,,,,,,,,,base
002179,中航光电,L2,2026-06-30,2026-08-27,2026-08-27,ok,,0.8539,0.0771,weightavg_ttm,11.5544,1.5902,0.1379,0.1682,down,0.137864,normalized,,5,0.5831,0.0710,raw,,,22.2074,,,2.0267,0.2404,0.0129,0.7787,0.0963,0.0256,0.1267,-1.2685,-2.6546,0.8884,19.4751,0.3964,growth,0.0634,earnings,trough_median,capital,,-0.1646,,0.0100,,tier,,,,0.1000,0.0300,0.1163,20.7436,18.6692,22.8179,0.20,16.5949,10.24,24.29,0.5458,0.6092,15.9489,26.8700,76,hist12/cv12/term20/path20/legs12,10.0745,0.0167,1.4632,2100246297,2026-08-27,shares_ref,0.000,0.00,1.000,0.8529,0.5705,0.000000,,off,0,0,,,,,operating,2021-12-31,2025-12-31,5471186821.0000,9807204906.8300,4336018085.8300,1223732.2700,38320166.8300,0,,,0.0000,0.0000,2026-08-27,2026-06-30,,,,,,,,,,,,,,,,,,,,,base
002222,福晶科技,L2,2026-06-30,2026-08-28,2026-08-28,ok,,0.7040,0.1835,weightavg_ttm,4.0337,0.8166,0.2025,0.1645,,0.164500,lift2(孰高),,5,0.1892,0.1607,raw,,,8.8160,,,0.8047,0.1927,0.1469,0.8638,0.0902,0.0200,0.0857,0.1152,-0.2647,0.3666,10.9402,0.5566,growth,0.0340,earnings,"blend(λ=1.0,w=0.21,v=0.00)",capital,,0.1499,,0.1269,,tier,,,,0.1000,0.0300,0.1102,10.8249,9.7424,11.9074,0.20,8.6600,13.45,15.38,0.7377,0.1284,6.6835,18.8517,76,hist12/cv20/term12/path20/legs12,4.0324,0.0012,0.0000,470250000,2026-08-28,shares_ref,0.214,1.00,0.000,1.1884,1.0000,0.000000,,off,0,0,,,,,operating,2021-12-31,2025-12-31,431702973.1700,679660647.3300,247957674.1600,0.0000,874961.8800,0,,,0.0000,0.0000,2026-08-28,2026-06-30,,,,,,,,,,,,,,,,,,,,,base
002262,恩华药业,L2,2026-06-30,2026-08-18,2026-08-18,ok,,1.0900,0.1348,weightavg_ttm,8.2611,1.3151,0.1591,0.1720,down,0.159064,normalized,,5,0.3747,0.0853,n/a,,,16.3335,,,1.2288,0.3225,0.1365,0.3764,0.0995,0.0430,0.1007,-3.9821,-3.9821,-0.0300,12.4871,0.8323,growth,0.0000,earnings,median3,capital,,0.0322,,0.0514,,tier,,,,0.1000,0.0300,0.1195,16.4693,14.8223,18.1162,0.20,13.1754,13.40,15.11,0.5646,0.5728,12.6909,21.7271,84,hist12/cv20/term20/path20/legs12,8.2611,0.0000,0.0000,1015786583,2026-08-18,shares_ref,0.000,0.00,0.000,1.0380,0.9190,0.000000,,off,0,0,,,,,operating,2021-12-31,2025-12-31,919079128.2100,1626689134.0300,707610005.8200,43846588.3700,95367480.9900,0,,,0.0000,0.0000,2026-08-18,2026-06-30,,,,,,,,,,,,,,,,,,,,,base
002270,华明装备,L2,2026-06-30,2026-08-29,2026-08-29,ok,,0.8132,0.2211,weightavg_ttm,3.7583,1.0873,0.2915,0.1507,,0.150700,lift2(孰高),,9,0.2144,,n/a,,,7.9922,,,0.6384,0.1998,2.1230,-0.0624,0.0807,0.0265,0.1516,-0.0830,-0.1467,0.0359,7.3628,0.5885,growth,0.0121,earnings,"blend(λ=1.0,w=0.98,v=0.00)",none,,0.1665,,0.0000,,tier,,,,0.1000,0.0300,0.1007,7.4458,6.7012,8.1904,0.20,5.9566,11.66,9.16,0.6234,0.5530,5.3443,10.5019,51,hist12/cv12/term12/path10/legs5,3.5764,0.0273,0.1546,896225431,2026-08-29,shares_ref,0.975,1.00,0.000,1.0301,1.0000,0.000000,,off,0,0,,,,,operating,2021-12-31,2025-12-31,1216321952.9500,1126915740.0900,-89406212.8600,310410295.2400,577484604.1900,0,,,0.0000,0.0000,2026-08-29,2026-06-30,,,,,,,,,,,,,,,,,,,,,base
002287,奇正藏药,L2,2026-06-30,2026-08-22,2026-08-22,ok,,1.1730,0.1339,weightavg_ttm,8.9106,1.4970,0.1678,0.1678,,0.167800,normalized,,9,0.0925,-0.0551,n/a,,,17.4059,,,1.1406,0.2558,-0.3910,0.3681,0.0895,0.0375,0.1248,-4.4266,-4.7170,0.0862,11.5087,1.0563,growth,0.0000,earnings,median3,none,,0.0618,,0.0000,,tier,,,,0.1000,0.0300,0.1095,15.9353,14.3190,17.5516,0.20,12.9306,14.17,13.78,0.5699,0.5746,13.1481,20.0791,77,hist12/cv20/term20/path20/legs5,8.3492,0.0237,0.5378,572118203,2026-08-22,shares_ref,0.000,0.00,0.000,1.0199,1.0000,0.000000,,off,0,0,,,,,operating,2021-12-31,2025-12-31,271954281.8400,631511072.6900,359556790.8500,576128818.9300,764997107.1000,0,,,0.0000,0.0000,2026-08-22,2026-06-30,,,,,,,,,,,1.000000,0.2279,除权归一化至 2026-09-24 现价口径：2026-09-23 现金0.227893/送转0,,,,,,,,base
002311,海大集团,L2,2026-06-30,2026-08-25,2026-08-25,ok,,1.9700,0.1319,weightavg_ttm,14.4268,2.8227,0.1954,0.1954,,0.195400,normalized,,9,0.0686,0.2737,n/a,,,28.9532,,,2.8911,0.1268,3.8729,0.0638,0.0916,0.0455,0.1231,2.8885,0.8006,0.7451,33.7558,2.2214,growth,0.0583,earnings,median3,capital,,0.0119,,0.0255,,tier,,,,0.1000,0.0300,0.1116,30.8673,27.7656,33.9691,0.20,24.8139,10.73,15.74,0.5672,0.6877,23.3858,42.2300,76,hist12/cv12/term20/path20/legs12,14.4430,-0.0161,0.0000,1663749970,2026-08-25,shares_ref,0.000,0.00,0.000,0.7599,0.7349,0.000000,,off,0,0,,,,,operating,2021-12-31,2025-12-31,5002915514.8200,288460926.9400,-4714454587.8800,0.0000,0.0000,0,,,0.0000,0.0000,2026-08-25,2026-06-30,,,,,,,,,,,1.000000,0.1500,除权归一化至 2026-09-24 现价口径：2026-09-17 现金0.149993/送转0,,,,,,,,b2
002352,顺丰控股,L2,2026-06-30,2026-08-29,2026-08-29,ok,,2.1700,0.1093,weightavg_ttm,19.5138,2.3448,0.1151,0.1151,,0.115100,normalized,,9,0.3307,0.4655,n/a,,,27.7671,,,2.4525,0.0786,1.5481,-0.7193,0.0791,0.0372,0.2167,3.6932,0.0904,2.2832,30.9692,2.3179,growth,0.0047,earnings,median3,none,,0.1156,,0.0000,,tier,,,,0.1000,0.0300,0.0786,27.2760,24.5010,30.0510,0.20,22.1997,11.31,12.79,0.5639,0.6181,19.3120,35.5067,69,hist12/cv12/term20/path20/legs5,15.3613,-0.8461,4.9985,5041467767,2026-08-29,shares_ref,0.000,0.00,0.000,0.9788,0.9788,0.000000,,off,0,0,,,,,operating,2021-12-31,2025-12-31,2660417000.0000,-323137000.0000,-2983554000.0000,0.0000,244734000.0000,0,,,0.0000,0.0000,2026-08-29,2026-06-30,,,,,,,,,,,1.000000,0.4736,除权归一化至 2026-09-24 现价口径：2026-09-17 现金0.473648/送转0,,,,,,,,b2
002371,北方华创,L2,2026-06-30,2026-08-26,2026-08-26,ok,,7.8436,0.1518,weightavg_ttm,55.8708,9.1841,0.1641,0.1641,,0.164100,normalized,,5,0.5977,0.2143,raw,,,107.3806,,,9.1563,0.2223,0.1338,1.0443,0.0807,0.0260,0.0746,6.1421,-3.3581,9.4190,146.1744,0.8602,growth,0.0331,earnings,"blend(λ=0.5,w=0.66,v=0.00)",capital,,0.1872,,0.1338,,tier,,,,0.1000,0.0300,0.1007,140.0323,126.0291,154.0355,0.20,112.0259,15.29,17.85,0.7888,0.1261,74.9825,281.0097,59,hist12/cv20/term5/path10/legs12,42.5667,-0.0812,13.3853,724616559,2026-08-26,shares_ref,0.663,0.50,0.000,1.0293,0.9748,0.000000,,off,0,0,,,,,operating,2021-12-31,2025-12-31,2772723303.6800,17647192579.9700,14874469276.2900,243595394.8200,482489230.5400,0,,,0.0000,0.0000,2026-08-26,2026-06-30,,,,,,,,,,,,,,,,,,,,,base
002372,伟星新材,L2,2026-06-30,2026-08-07,2026-08-07,ok,,0.5500,0.1740,weightavg_ttm,2.9633,0.5946,0.2005,0.2584,down,0.200464,normalized,,5,0.5978,,n/a,,,6.9957,,,0.5713,0.4754,-2.0088,0.0806,0.0999,0.0525,0.1782,-1.2806,-1.3300,0.0203,5.1281,0.5999,growth,0.0076,earnings,"blend(λ=0.0,w=0.00,v=0.21)",none,,-0.1554,,0.0000,,tier,,,,0.1000,0.0300,0.1199,6.4087,5.7678,7.0496,0.20,5.1270,11.22,11.65,0.4922,0.6056,5.1419,7.8677,69,hist12/cv12/term20/path20/legs5,3.1960,-0.0002,-0.2324,1592037988,2026-08-07,shares_ref,0.000,0.00,0.208,1.1606,0.7821,0.000000,,off,0,0,,,,,operating,2021-12-31,2025-12-31,313807110.3900,161944081.9000,-151863028.4900,56054290.1600,52691734.5800,0,,,0.0000,0.0000,2026-08-07,2026-06-30,,,,,,,,,,,,,,,,,,,,,base
002379,宏桥控股,L2,2026-06-30,2026-08-22,2026-08-22,ok,,2.6753,0.7110,weightavg_ttm,4.4424,6.1822,1.3899,0.0321,,0.032100,lift2(孰高),,9,0.2980,0.7410,n/a,,,32.6485,,,2.6604,0.3604,,,0.0755,0.0450,0.2455,2.4465,0.9458,-0.0007,32.3737,1.9035,growth,0.0476,earnings,entity_reset,entity_reset_none,,,,0.0000,,tier,,,,0.1000,0.0300,0.0955,29.9273,26.9345,32.9200,0.20,23.9418,11.25,11.19,0.6331,0.5050,19.0566,46.3966,47,hist5/cv5/term12/path20/legs5,4.6316,-0.0057,-0.1835,13029995672,2026-08-22,shares_ref,0.000,1.00,0.000,1.3811,1.0000,0.000000,,off,0,0,,,,,operating,2025-12-31,2025-12-31,22138070409.5000,22138070409.5000,0.0000,79437942.3600,79437942.3600,0,,,0.0000,0.0000,2026-08-22,2026-06-30,,,,,,,,,,,,,,,,,,,,,base
002409,雅克科技,L2,2026-06-30,2026-08-26,2026-08-26,ok,,2.1819,0.1269,weightavg_ttm,16.8097,2.6519,0.1524,0.0876,up,0.101388,lift2(孰高),,5,0.5764,0.3502,n/a,,,11.9576,,,1.5180,0.0906,0.1116,2.0287,0.0739,0.0203,0.1818,8.9384,3.8385,4.1600,27.1325,1.1208,growth,0.0284,earnings,cyclical_median,capital,,0.2110,,0.1116,,tier,,,,0.1000,0.0300,0.0906,18.1941,16.3397,20.0485,0.20,14.8353,12.22,8.50,0.8064,0.0000,8.9381,34.3068,59,hist12/cv20/term5/path10/legs12,15.3542,-0.5900,2.0455,475927678,2026-08-26,shares_ref,1.000,1.00,0.000,1.0381,1.0000,0.000000,,off,0,0,,,,,operating,2021-12-31,2025-12-31,1012264214.1500,2523449756.2900,1511185542.1400,92240974.4700,43041541.3300,0,,,0.0000,0.0000,2026-08-26,2026-06-30,,,,,,,,,,,1.000000,0.3500,除权归一化至 2026-09-24 现价口径：2026-09-22 现金0.35/送转0,,,,,,,,base
002415,海康威视,L2,2026-06-30,2026-07-25,2026-07-25,ok,,1.7930,0.1962,weightavg_ttm,9.2033,1.9773,0.2148,0.1962,down,0.177576,lift2(孰高),,5,0.7310,-0.1149,n/a,,,22.6982,,,1.9109,0.2939,-0.1727,0.1808,0.0942,0.0320,0.0929,-2.0079,-4.0984,0.8691,18.1406,2.5718,growth,0.0692,earnings,ttm_growth,none,,0.0979,,0.0000,,tier,,,,0.1000,0.0300,0.1142,20.1485,18.0786,22.2183,0.20,16.5588,10.83,11.54,0.5412,0.5877,16.1352,26.3377,77,hist12/cv20/term20/path20/legs5,9.2058,-0.0026,0.0000,9164871550,2026-07-25,shares_ref,0.000,1.00,0.000,1.1577,1.0000,0.000000,,off,0,0,,,,,operating,2021-12-31,2025-12-31,23037242719.7800,24037331888.6000,1000089168.8200,1316035122.0600,2430030662.6500,0,,,0.0000,0.0000,2026-07-25,2026-06-30,,,,,,,,,,,1.000000,0.5500,除权归一化至 2026-09-24 现价口径：2026-08-19 现金0.55/送转0,,,,,,,,b2
002463,沪电股份,L2,2026-06-30,2026-08-26,2026-08-26,ok,,2.6312,0.3258,weightavg_ttm,9.3481,3.7246,0.4197,0.1770,up,0.231852,lift2(孰高),,5,0.4905,0.3525,n/a,,,14.9654,,,1.2986,0.2059,0.2332,0.6853,0.0835,0.0332,0.1318,0.5876,1.0542,0.0090,20.8897,1.9187,growth,0.0000,earnings,cyclical_median,capital,,0.5652,,0.1598,,tier,,,,0.1000,0.0300,0.1035,20.3021,18.2719,22.3323,0.20,16.2417,15.63,7.72,0.8134,0.0000,11.0007,39.8262,59,hist12/cv20/term5/path10/legs12,8.8725,0.4756,0.0000,1924363537,2026-08-26,shares_ref,1.000,1.00,0.000,1.3246,1.0000,0.000000,,off,0,0,,,,,operating,2021-12-31,2025-12-31,1574085980.0000,2410131489.0000,836045509.0000,43131683.0000,58147038.0000,0,,,0.0000,0.0000,2026-08-26,2026-06-30,,,,,,,,,,,,,,,,,,,,,base
002466,天齐锂业,L2,2026-06-30,2026-08-28,2026-08-28,ok,,2.7400,0.1014,weightavg_ttm,28.2037,4.1462,0.1461,0.1461,,0.146100,normalized,,9,0.0864,-0.0658,n/a,,,39.3168,,,6.8044,0.0875,-0.0138,0.1771,0.0858,0.0499,0.2436,40.4349,4.7782,6.5099,80.2210,1.0402,growth,0.4701,earnings,cyclical_median,none,,-0.3889,,0.0000,,tier,,,,0.1000,0.0300,0.0875,39.7861,35.8075,43.7647,0.20,31.8289,5.85,14.52,0.5324,0.6572,20.8865,56.9335,52,hist12/cv5/term20/path10/legs5,23.9253,-0.1930,4.4714,1641194983,2026-08-28,shares_ref|book_break,1.000,0.50,0.000,9.9870,1.0000,0.000000,,off,0,0,,,,,operating,2021-12-31,2025-12-31,1833262273.7600,2377221030.2100,543958756.4500,2014403009.4600,628073019.2100,0,,,0.0000,0.0000,2026-08-28,2026-06-30,,,,,,,,,,,,,,,,,,,,,base
002475,立讯精密,L2,2026-06-30,2026-08-25,2026-08-25,ok,,2.4499,0.2073,weightavg_ttm,12.7244,2.7074,0.2161,0.2161,,0.216100,normalized,,9,0.2626,0.1923,n/a,,,39.0431,,,2.7630,0.1863,0.1880,0.1739,0.0647,0.0287,0.0706,3.9646,-0.2374,2.8186,45.7414,0.5306,growth,0.0959,earnings,ttm_growth,capital,,0.2228,,0.0327,,tier,,,,0.1000,0.0300,0.0847,41.7769,37.5992,45.9546,0.20,33.4215,15.12,17.05,0.7738,0.4336,22.5559,84.7200,69,hist12/cv20/term5/path20/legs12,12.3210,0.2080,0.1953,7329945144,2026-08-25,shares_ref,0.000,1.00,0.000,1.0722,1.0000,0.000000,,off,0,0,,,,,operating,2021-12-31,2025-12-31,4602666323.0000,2420248864.3000,-2182417458.7000,0.0000,1263239984.5600,0,,,0.0000,0.0000,2026-08-25,2026-06-30,,,,,,,,,,,,,,,,,,,,,b2
002532,天山铝业,L2,2026-06-30,2026-08-19,2026-08-19,ok,,1.5100,0.2290,weightavg_ttm,6.9369,2.2964,0.3305,0.1275,,0.127500,lift2(孰高),,9,0.2814,0.1266,n/a,,,14.3818,,,1.3282,0.1239,0.2139,0.2429,0.0829,0.0508,0.1397,1.6484,1.6442,-0.0010,18.0847,1.4658,growth,0.0000,earnings,"blend(λ=0.5,w=0.62,v=0.00)",capital,,0.6060,,0.0520,,tier,,,,0.1000,0.0300,0.1029,16.4363,14.7927,18.0799,0.20,13.1491,12.38,10.88,0.6633,0.4563,11.2319,25.4755,66,hist12/cv20/term12/path10/legs12,6.8267,-0.0034,0.1136,4628737415,2026-08-19,shares_ref,0.616,0.50,0.000,1.4345,1.0000,0.000000,,off,0,0,,,,,operating,2021-12-31,2025-12-31,-1312922397.9900,2091934871.6200,3404857269.6100,41730861.6600,112836999.4700,0,,,0.0000,0.0000,2026-08-19,2026-06-30,,,,,,,,,,,,,,,,,,,,,base
002568,百润股份,L2,2026-06-30,2026-08-05,2026-08-05,ok,,0.7000,0.1452,weightavg_ttm,4.7928,0.7188,0.1508,0.1508,,0.150800,normalized,,9,0.0555,-0.0086,pre_adjusted,,,9.7638,,,0.7645,0.2009,0.0022,1.1516,0.0758,0.0329,0.2142,0.3172,0.3649,0.0000,9.4904,0.5706,growth,0.0000,earnings,median3,capital,,-0.0056,,0.0022,,tier,,,,0.1000,0.0300,0.0958,9.1733,8.2559,10.0906,0.20,7.3386,12.00,13.10,0.6572,0.5240,6.1971,13.8448,68,hist12/cv12/term12/path20/legs12,3.6618,0.0478,1.0833,1078071165,2026-08-05,shares_ref,0.000,0.00,0.000,1.1409,0.8910,0.000000,,off,0,0,,,,,operating,2021-12-31,2025-12-31,-358288500.5700,622734081.7600,981022582.3300,0.0000,0.0000,0,,,0.0000,0.0000,2026-08-05,2026-06-30,,,,,,,,,,,,,,,,,,,,,base
002594,比亚迪,L2,2026-06-30,2026-08-29,2026-08-29,ok,,3.2200,0.1274,weightavg_ttm,26.3208,4.5987,0.1772,0.0776,,0.077600,lift2(孰高),,9,0.1616,0.2293,raw,,,73.8940,,,5.9463,0.2062,0.1549,1.4000,0.0783,0.0368,0.1507,3.2264,-0.6235,1.2965,103.3289,-2.2613,growth,0.0416,earnings,median3,capital,,0.0707,,0.1549,,tier,,,,0.1000,0.0300,0.0983,100.1025,90.0923,110.1128,0.20,80.0820,16.83,31.09,0.8358,0.0000,51.7144,208.3187,54,hist12/cv5/term5/path20/legs12,21.5284,0.4724,4.3199,9867839534,2026-08-29,shares_ref,0.000,0.00,0.000,0.9024,0.6817,0.000000,,off,0,0,,,,,operating,2021-12-31,2025-12-31,-4174243000.0000,-100319378000.0000,-96145135000.0000,8743126000.0000,5484126000.0000,0,,,0.0000,0.0000,2026-08-29,2026-06-30,,,,,,,,,,,,,,,,,,,,,b2
002595,豪迈科技,L2,2026-06-30,2026-08-29,2026-08-29,ok,,2.4803,0.1960,weightavg_ttm,10.6558,2.2469,0.2108,0.2022,up,0.210816,normalized,,5,0.4319,0.2440,n/a,,,22.1369,,,2.0448,0.2239,0.3133,0.4176,0.0987,0.0327,0.1252,-1.4176,-1.4256,0.0084,25.1416,0.5736,growth,0.0000,earnings,median3,capital,,0.1823,,0.1308,,tier,,,,0.1000,0.0300,0.1187,26.5592,23.9033,29.2151,0.20,21.2474,12.99,10.71,0.6864,0.2036,17.3959,43.0942,76,hist12/cv20/term12/path20/legs12,10.6554,0.0003,0.0000,1160000000,2026-08-29,shares_ref,0.000,0.00,0.000,0.9736,0.9736,0.000000,,off,0,0,,,,,operating,2021-12-31,2025-12-31,3084345531.4200,5369164822.5300,2284819291.1100,455632256.4100,390665844.2300,0,,,0.0000,0.0000,2026-08-29,2026-06-30,,,,,,,,,,,,,,,,,,,,,b2
002648,卫星化学,L2,2026-06-30,2026-08-15,2026-08-15,ok,,2.6200,0.2547,weightavg_ttm,11.2945,3.8623,0.3414,0.1680,,0.168000,lift2(孰高),,9,0.0242,-0.0498,pre_adjusted,,,32.0465,,,2.7102,0.1372,0.0481,-0.3626,0.0718,0.0374,0.1254,5.7153,5.6940,0.0067,37.9104,1.5359,growth,0.0000,earnings,"blend(λ=0.5,w=0.81,v=0.00)",none,,0.6054,,0.0000,,tier,,,,0.1000,0.0300,0.0918,32.1951,28.9756,35.4146,0.20,25.7560,11.88,12.29,0.6696,0.5612,20.6265,52.0838,59,hist12/cv20/term12/path10/legs5,10.5815,-0.0146,0.7276,3368645690,2026-08-15,shares_ref,0.814,0.50,0.000,1.6558,1.0000,0.000000,,off,0,0,,,,,operating,2021-12-31,2025-12-31,455862105.6100,-1851911366.9500,-2307773472.5600,1784831015.6900,564370415.6900,0,,,0.0000,0.0000,2026-08-15,2026-06-30,,,,,,,,,,,,,,,,,,,,,base
002690,美亚光电,L2,2026-06-30,2026-08-26,2026-08-26,ok,,0.8291,0.2602,weightavg_ttm,2.9172,0.8457,0.2843,0.2361,,0.236100,lift2(孰高),,9,0.3118,0.4901,pre_adjusted,,,9.3827,,,0.7108,0.9753,0.9032,0.0674,0.1000,0.0450,0.1282,-2.2742,-2.3317,0.0000,7.3792,0.9429,growth,0.0000,book_fallback,"blend(λ=0.5,w=0.00,v=0.00)",capital,,-0.0093,,0.0270,,tier,,,,0.1000,0.0300,0.1200,9.6534,8.6881,10.6187,0.20,7.7227,13.58,11.64,0.4735,0.6053,7.5427,12.2485,84,hist12/cv20/term20/path20/legs12,2.9747,-0.0575,0.0000,882228900,2026-08-26,shares_ref,0.000,0.50,0.000,1.0170,1.0000,0.000000,,off,0,0,,,,,operating,2021-12-31,2025-12-31,-26975381.1800,106578956.5000,133554337.6800,837720.0000,6419212.3000,0,,,0.0000,0.0000,2026-08-26,2026-06-30,,,,,,,,,,,,,,,,,,,,,base
002714,牧原股份,L2,2026-06-30,2026-08-21,2026-08-21,ok,,-0.1800,-0.0070,weightavg_ttm,13.7138,2.6217,0.2101,0.2101,,0.210100,normalized,,9,0.0328,0.3663,n/a,,,29.2412,,,2.9020,0.1301,0.4988,0.4368,0.0730,0.0427,0.0000,11.5213,9.4323,0.1677,52.9389,2.3448,growth,0.0757,earnings,trough_median,capital,,,,0.1747,,tier,,,,0.1000,0.0300,0.0930,41.4176,37.2758,45.5594,0.20,33.1341,14.27,,0.8778,0.0000,19.4011,95.3969,54,hist12/cv5/term5/path20/legs12,11.3852,1.2034,1.1252,5535241014,2026-08-21,shares_ref,0.000,0.50,1.000,-0.0724,0.0000,0.000000,,off,0,0,,,,,operating,2021-12-31,2025-12-31,-3101429176.9000,23305353614.9400,26406782791.8400,0.0000,0.0000,0,,,0.0000,0.0000,2026-08-21,2026-06-30,,,,,,,,,,,,,,,,,,,,,base
002916,深南电路,L2,2026-06-30,2026-08-27,2026-08-27,ok,,6.1900,0.2418,weightavg_ttm,26.4695,7.4695,0.2798,0.2038,,0.203800,lift2(孰高),,9,0.1155,0.2098,raw,,,70.7482,,,6.5720,0.1377,0.1802,1.1733,0.0869,0.0262,0.0953,4.8675,4.5905,0.0485,98.6163,3.3647,growth,0.0001,earnings,ttm_growth,capital,,0.4515,,0.1802,,tier,,,,0.1000,0.0300,0.1069,93.7488,84.3739,103.1236,0.20,74.9990,14.26,15.15,0.8179,0.0000,58.9163,165.6484,69,hist12/cv20/term5/path20/legs12,25.9419,-0.2286,0.7562,666740795,2026-08-27,shares_ref,0.000,1.00,0.000,1.2721,1.0000,0.000000,,off,0,0,,,,,operating,2021-12-31,2025-12-31,2568478022.1500,4905241552.0700,2336763529.9200,843497798.0900,866972582.2500,0,,,0.0000,0.0000,2026-08-27,2026-06-30,,,,,,,,,,,,,,,,,,,,,base
002920,德赛西威,L2,2026-06-30,2026-08-14,2026-08-14,ok,,4.2400,0.1698,weightavg_ttm,26.9287,5.8053,0.2167,0.2167,,0.216700,normalized,,5,0.3819,0.1751,n/a,,,54.1531,,,4.4546,0.2360,0.2045,0.9709,0.0941,0.0293,0.0379,-6.8333,-6.8260,0.2532,66.8426,3.6827,growth,0.0000,earnings,"blend(λ=0.5,w=0.00,v=0.00)",capital,,0.2491,,0.1986,,tier,,,,0.1000,0.0300,0.1141,73.6759,66.3083,81.0435,0.20,58.9407,16.54,17.38,0.7867,0.0000,44.0515,131.6423,69,hist12/cv20/term5/path20/legs12,19.3062,0.2605,7.3619,596842634,2026-08-14,shares_ref,0.000,0.50,0.000,1.0090,1.0000,0.000000,,off,0,0,,,,,operating,2021-12-31,2025-12-31,1969843971.9700,5941087175.5300,3971243203.5600,749966067.9100,2403643240.8600,0,,,0.0000,0.0000,2026-08-14,2026-06-30,,,,,,,,,,,,,,,,,,,,,base
002938,鹏鼎控股,L2,2026-06-30,2026-08-12,2026-08-12,ok,,1.6400,0.1137,weightavg_ttm,14.8362,2.0962,0.1468,0.1468,,0.146800,normalized,,9,0.2508,0.0403,n/a,,,20.2206,,,1.4670,0.1377,0.2721,0.1504,0.0914,0.0268,0.1332,-4.1733,-3.8738,0.2563,17.2566,1.6461,growth,0.0000,earnings,"blend(λ=0.5,w=0.00,v=0.12)",capital,,-0.0484,,0.0409,,tier,,,,0.1000,0.0300,0.1114,21.4300,19.2870,23.5730,0.20,17.1440,14.61,13.07,0.5992,0.5585,17.1131,28.0465,84,hist12/cv20/term20/path20/legs12,13.8134,0.5559,0.4669,2318051016,2026-08-12,shares_ref,0.000,0.50,0.124,1.0136,1.0000,0.000000,,off,0,0,,,,,operating,2021-12-31,2025-12-31,6316280967.2400,3513499446.7200,-2802781520.5200,0.0000,39453938.1200,0,,,0.0000,0.0000,2026-08-12,2026-06-30,,,,,,,,,,,,,,,,,,,,,base
300015,爱尔眼科,L2,2026-06-30,2026-08-28,2026-08-28,ok,,0.2741,0.1155,weightavg_ttm,2.4685,0.4141,0.1723,0.1888,down,0.172348,normalized,,5,0.4609,0.1361,raw,,,5.2846,,,0.4645,0.2263,0.0585,-0.0682,0.0834,0.0379,0.2151,0.2540,0.0089,0.1563,5.0964,0.4101,growth,0.0613,earnings,"blend(λ=0.0,w=0.00,v=0.65)",none,,-0.0474,,0.0000,,tier,,,,0.1000,0.0300,0.1034,4.8425,4.3582,5.3267,0.20,3.8740,10.43,17.67,0.6062,0.5550,3.4146,6.8320,69,hist12/cv20/term12/path20/legs5,1.9946,0.0667,0.4073,9325396670,2026-08-28,shares_ref,0.000,0.00,0.654,0.7858,0.7858,0.000000,,off,0,0,,,,,operating,2021-12-31,2025-12-31,-279418140.4000,-741857819.8100,-462439679.4100,0.0000,0.0000,0,,,0.0000,0.0000,2026-08-28,2026-06-30,,,,,,,,,,,,,,,,,,,,,base
300033,同花顺,L2,2026-06-30,2026-08-22,2026-08-22,ok,,6.3000,0.4231,weightavg_ttm,10.1938,6.1082,0.5969,0.2493,,0.249300,lift2(孰高),,9,0.2344,0.4279,n/a,,,38.7854,,,2.3646,2.2182,4.4286,-0.0911,0.1000,0.0227,0.1106,-14.9398,-15.1799,0.0003,24.5667,4.0309,growth,0.0000,earnings,"blend(λ=1.0,w=0.87,v=0.00)",none,,0.2996,,0.0000,,tier,,,,0.1000,0.0300,0.1200,39.5065,35.5359,43.4772,0.20,31.7652,16.79,6.30,0.4441,0.4038,34.1186,46.0320,59,hist12/cv12/term20/path10/legs5,10.8765,-0.0398,-0.6429,752640000,2026-08-22,shares_ref,0.869,1.00,0.000,1.1405,1.0000,0.000000,,off,0,0,,,,,operating,2021-12-31,2025-12-31,-1449143626.7600,-2573465562.8800,-1124321936.1200,0.0000,0.0000,0,,,0.0000,0.0000,2026-08-22,2026-06-30,,,,,,,,,,,1.000000,0.2000,除权归一化至 2026-09-24 现价口径：2026-09-23 现金0.2/送转0,,,,,,,,base
300054,鼎龙股份,L2,2026-06-30,2026-08-26,2026-08-26,ok,,1.0000,0.1595,weightavg_ttm,5.8999,1.4219,0.2392,0.0798,,0.079800,lift2(孰高),,9,0.0708,0.4515,n/a,,,6.7151,,,0.6181,0.1128,0.2433,1.2646,0.0772,0.0276,0.1212,1.6994,0.1439,0.3528,10.9120,0.9970,growth,0.1412,earnings,cyclical_median,capital,,0.4767,,0.2433,,tier,,,,0.1000,0.0300,0.0972,9.2127,8.2914,10.1339,0.20,7.3701,14.91,9.21,0.8783,0.0000,5.1080,18.4327,51,hist12/cv12/term5/path10/legs12,5.9898,-0.0355,-0.0545,950198358,2026-08-26,shares_ref,1.000,1.00,0.000,1.3032,1.0000,0.000000,,off,0,0,,,,,operating,2021-12-31,2025-12-31,979917523.3200,1298359573.4600,318442050.1400,0.0000,52338863.5900,0,,,0.0000,0.0000,2026-08-26,2026-06-30,,,,,,,,,,,,,,,,,,,,,base
300059,东方财富,L2,2026-06-30,2026-08-22,2026-08-22,ok,,0.9226,0.1580,weightavg_ttm,6.2195,1.0303,0.1655,0.1403,,0.126400,"guarded(λ=1.0,w=0.13,v=0.00)",,9,0.3107,0.0955,raw,,,,,,,,,,,,,,,,,,equity_fallback,,,,,0.1022,0.2071,0.1486,0.1486,,tier,,,,0.1000,0.0300,0.1200,12.9718,11.6746,14.2690,0.20,10.3775,12.59,14.06,0.7202,0.0157,8.6113,20.7141,61,hist20/cv12/term12/path5/legs12,6.2239,-0.0044,,15796856140,2026-08-22,shares_ref,0.129,1.00,0.000,1.2066,1.0000,0.000000,,off,0,0,,,,,operating,,,,,,,,0,,,0.0000,0.0000,2026-08-22,2026-06-30,,,,,,,,,,,,,,,,,,,,,base
300124,汇川技术,L2,2026-06-30,2026-08-29,2026-08-29,ok,,1.8100,0.1397,weightavg_ttm,13.5850,2.8534,0.2098,0.2098,,0.209800,normalized,,9,0.1461,0.0711,n/a,,,27.0532,,,1.9523,0.2684,0.2587,0.2682,0.0943,0.0428,0.0480,-6.3600,-7.0645,0.6915,21.9504,2.1594,growth,0.0140,earnings,median3,capital,,0.0342,,0.0694,,tier,,,,0.1000,0.0300,0.1143,28.3103,25.4793,31.1414,0.20,22.6483,14.50,15.64,0.6217,0.4775,21.0700,39.4918,76,hist12/cv20/term12/path20/legs12,11.1925,-0.0130,2.4055,2706993804,2026-08-29,shares_ref,0.000,0.00,0.000,0.9685,0.9685,0.000000,,off,0,0,,,,,operating,2021-12-31,2025-12-31,4135294314.8400,3714022945.7400,-421271369.1000,2552668168.3800,3507049076.5500,0,,,0.0000,0.0000,2026-08-29,2026-06-30,,,,,,,,,,,,,,,,,,,,,base
300274,阳光电源,L2,2026-06-30,2026-08-29,2026-08-29,ok,,5.3800,0.2281,weightavg_ttm,24.1847,6.1511,0.2526,0.2036,,0.203600,lift2(孰高),,9,0.2681,0.3864,raw,,,91.3175,,,7.3836,0.5193,0.8547,0.2709,0.0925,0.0425,0.1677,-10.4360,-13.5052,1.6578,99.6562,8.2368,growth,0.0202,earnings,"blend(λ=0.0,w=0.15,v=0.00)",capital,,0.1595,,0.1084,,tier,,,,0.1000,0.0300,0.1125,110.0922,99.0195,121.1650,0.20,88.5819,15.00,20.58,0.6037,0.5602,69.6196,179.9063,68,hist12/cv12/term12/path20/legs12,23.0002,-0.1441,1.3287,2073211424,2026-08-29,shares_ref,0.152,0.00,0.000,0.8161,0.8161,0.000000,,off,0,0,,,,,operating,2021-12-31,2025-12-31,2418381584.5300,5581951635.4700,3163570050.9400,762715906.6200,1782439348.2100,0,,,0.0000,0.0000,2026-08-29,2026-06-30,,,,,,,,,,,1.000000,0.6351,除权归一化至 2026-09-24 现价口径：2026-09-21 现金0.635145/送转0,,,,,,,,base
300308,中际旭创,L2,2026-06-30,2026-08-22,2026-08-22,ok,,18.4700,0.6262,weightavg_ttm,35.7406,36.3960,0.9533,0.1658,up,0.299096,lift2(孰高),,5,0.6975,0.5405,raw,,,71.6754,,,6.1776,0.1928,0.9287,0.5409,0.0962,0.0280,0.1485,-7.4449,-12.1983,2.4196,86.4088,12.9867,growth,0.0155,earnings,cyclical_median,capital,,1.4773,,0.2163,,tier,,,,0.1000,0.0300,0.1162,93.8536,84.4683,103.2390,0.20,75.0829,15.19,5.08,0.8008,0.0000,60.4209,156.9097,44,hist12/cv5/term5/path10/legs12,36.4500,-2.3338,1.6244,1111118334,2026-08-22,shares_ref|book_break,1.000,1.00,0.000,1.8943,1.0000,0.000000,,off,0,0,,,,,operating,2021-12-31,2025-12-31,4370071446.9800,9783554126.7900,5413482679.8100,47749317.8100,59766299.8700,0,,,0.0000,0.0000,2026-08-22,2026-06-30,,,,,,,,,,,,,,,,,,,,,base
300316,晶盛机电,L2,2026-06-30,2026-08-22,2026-08-22,ok,,0.3700,0.0282,weightavg_ttm,13.0992,2.0921,0.1597,0.1597,,0.159700,normalized,,9,0.1099,-0.0838,n/a,,,33.3434,,,3.0446,0.3354,-0.0822,0.7200,0.0911,0.0255,0.2414,-0.1116,-1.6985,0.9785,29.8623,-0.1409,growth,0.0503,earnings,trough_median,none,,-0.5043,,0.0000,,tier,,,,0.1000,0.0300,0.1111,29.9739,26.9765,32.9713,0.20,23.9791,9.84,81.01,0.5515,0.5747,22.0030,39.9844,62,hist12/cv5/term20/path20/legs5,12.2881,0.0002,0.8109,1309533797,2026-08-22,shares_ref,0.000,0.00,1.000,0.5402,0.1561,0.000000,,off,0,0,,,,,operating,2021-12-31,2025-12-31,1194952841.0600,5342547938.3100,4147595097.2500,1943787375.9400,939711821.1000,0,,,0.0000,0.0000,2026-08-22,2026-06-30,,,,,,,,,,,,,,,,,,,,,base
300357,我武生物,L2,2026-06-30,2026-08-28,2026-08-28,ok,,0.7972,0.1578,weightavg_ttm,5.2606,0.8776,0.1668,0.1519,down,0.148780,lift2(孰高),,5,0.6123,0.0487,n/a,,,10.2736,,,0.7549,0.2779,0.0859,0.4023,0.0995,0.0346,0.1493,-2.6888,-2.8744,0.1856,7.3605,0.7356,growth,0.0000,earnings,ttm_growth,capital,,0.0968,,0.0345,,tier,,,,0.1000,0.0300,0.1195,10.0493,9.0444,11.0543,0.20,8.0395,13.31,12.61,0.5542,0.5960,8.0340,12.7418,84,hist12/cv20/term20/path20/legs12,5.1159,-0.0000,0.1447,523584000,2026-08-28,shares_ref,0.000,1.00,0.000,1.0957,1.0000,0.000000,,off,0,0,,,,,operating,2021-12-31,2025-12-31,206656265.9900,227846284.9100,21190018.9200,0.0000,50969469.9900,0,,,0.0000,0.0000,2026-08-28,2026-06-30,,,,,,,,,,,,,,,,,,,,,b2
300394,天孚通信,L2,2026-06-30,2026-08-19,2026-08-19,ok,,2.5435,0.4138,weightavg_ttm,5.7283,2.7662,0.4882,0.2508,up,0.339372,lift2(孰高),,5,0.6359,0.5427,raw,,,17.1741,,,1.3863,0.5884,1.2616,0.2522,0.1000,0.0708,0.1392,-2.8066,-3.2508,0.0070,16.9288,1.7730,growth,0.0002,earnings,cyclical_median,capital,,0.7082,,0.1009,,tier,,,,0.1000,0.0300,0.1200,19.7354,17.7119,21.7590,0.20,16.1883,14.60,7.96,0.5530,0.6058,13.7375,30.2968,66,hist12/cv12/term20/path10/legs12,4.8869,0.0629,0.7785,1088382247,2026-08-19,shares_ref,1.000,1.00,0.000,1.1512,1.0000,0.000000,,off,0,0,,,,,operating,2021-12-31,2025-12-31,361808586.3700,734352062.9100,372543476.5400,72512282.4500,16802959.6900,0,,,0.0000,0.0000,2026-08-19,2026-06-30,,,,,,,,,,,1.000000,0.5000,除权归一化至 2026-09-24 现价口径：2026-09-17 现金0.5/送转0,,,,,,,,base
300395,菲利华,L2,2026-06-30,2026-08-21,2026-08-21,ok,,0.9910,0.1101,weightavg_ttm,9.9625,1.5347,0.1628,0.1628,,0.162800,normalized,,9,0.1651,0.0303,pre_adjusted,,,11.1416,,,0.9948,0.1845,0.0195,1.3135,0.0960,0.0329,0.0860,-0.6091,-2.6550,2.4136,10.1060,0.0282,growth,0.0370,earnings,ttm_growth,capital,,-0.0059,,0.0195,,tier,,,,0.1000,0.0300,0.1160,10.7151,9.6266,11.8036,0.20,8.7081,10.94,10.98,0.5572,0.6418,8.4726,14.1445,76,hist12/cv12/term20/path20/legs12,7.2127,0.5377,2.2122,522267673,2026-08-21,shares_ref,0.000,1.00,0.000,1.1649,1.0000,0.000000,,off,0,0,,,,,operating,2021-12-31,2025-12-31,486836388.5400,1460702298.8500,973865910.3100,55350549.3200,89428911.5000,0,,,0.0000,0.0000,2026-08-21,2026-06-30,,,,,,,,,,,1.000000,0.1700,除权归一化至 2026-09-24 现价口径：2026-09-22 现金0.169995/送转0,,,,,,,,b2
300408,三环集团,L2,2026-06-30,2026-08-28,2026-08-28,ok,,1.7300,0.1519,weightavg_ttm,11.8155,2.1067,0.1776,0.1262,,0.126200,lift2(孰高),,9,0.2706,0.0946,n/a,,,23.9518,,,1.7144,0.2162,0.3533,0.0803,0.0984,0.0467,0.1300,-6.5357,-6.6014,0.0024,16.9404,1.1831,growth,0.0009,earnings,ttm_growth,capital,,0.3672,,0.0284,,tier,,,,0.1000,0.0300,0.1184,23.4761,21.1285,25.8237,0.20,18.7809,13.69,13.57,0.5579,0.6068,19.1920,29.2483,84,hist12/cv20/term20/path20/legs12,9.4451,-0.0439,2.4142,1916497371,2026-08-28,shares_ref,0.000,1.00,0.000,1.2654,1.0000,0.000000,,off,0,0,,,,,operating,2021-12-31,2025-12-31,2935740574.1600,3165818725.4600,230078151.3000,137021824.6500,345552116.7300,0,,,0.0000,0.0000,2026-08-28,2026-06-30,,,,,,,,,,,,,,,,,,,,,base
300415,伊之密,L2,2026-06-30,2026-08-25,2026-08-25,ok,,1.5000,0.2131,weightavg_ttm,7.0616,1.5563,0.2208,0.2208,,0.220800,normalized,,9,0.1515,0.1570,n/a,,,18.4724,,,1.6343,0.1672,0.0847,0.7256,0.0726,0.0333,0.1490,4.1084,3.5048,0.0187,25.2058,0.5566,growth,0.0290,earnings,median3,capital,,0.1797,,0.0615,,tier,,,,0.1000,0.0300,0.0926,21.0974,18.9877,23.2071,0.20,16.8779,12.91,14.06,0.7596,0.3238,11.3196,40.9584,69,hist12/cv20/term5/path20/legs12,7.3888,0.0258,-0.3530,468562084,2026-08-25,shares_ref,0.000,0.00,0.000,0.9657,0.9657,0.000000,,off,0,0,,,,,operating,2021-12-31,2025-12-31,559586459.7100,1504762226.0400,945175766.3300,110367261.4600,274135823.2900,0,,,0.0000,0.0000,2026-08-25,2026-06-30,,,,,,,,,,,,,,,,,,,,,b2
300470,中密控股,L2,2026-06-30,2026-08-25,2026-08-25,ok,,1.6137,0.1160,weightavg_ttm,14.1603,1.9445,0.1380,0.1380,,0.138000,normalized,,5,0.0800,0.1500,n/a,,,23.6281,,,1.7918,0.2171,0.2678,0.1704,0.1000,0.0458,0.1322,-5.7015,-5.6471,0.0225,18.0703,1.6968,growth,0.0008,earnings,median3,capital,,0.0134,,0.0456,,tier,,,,0.1000,0.0300,0.1200,23.7718,21.3946,26.1490,0.20,19.0174,13.27,14.73,0.5717,0.5428,18.9429,30.5599,84,hist12/cv20/term20/path20/legs12,13.9765,0.0768,0.1070,207961737,2026-08-25,shares_ref,0.000,0.00,0.000,0.8635,0.8563,0.000000,,off,0,0,,,,,operating,2021-12-31,2025-12-31,774848647.4700,919471335.5900,144622688.1200,195994974.9100,155052817.8300,0,,,0.0000,0.0000,2026-08-25,2026-06-30,,,,,,,,,,,,,,,,,,,,,b2
300487,蓝晓科技,L2,2026-06-30,2026-08-20,2026-08-20,ok,,1.7200,0.1996,weightavg_ttm,8.9891,1.9217,0.2133,0.2133,,0.213300,normalized,,9,0.3268,0.2715,raw,,,23.3902,,,1.8524,0.4502,0.9216,0.1304,0.0982,0.0956,0.1390,-4.5172,-4.6579,0.0373,19.5116,1.3800,growth,0.0062,earnings,"blend(λ=0.5,w=0.00,v=0.00)",capital,,0.0836,,0.0521,,tier,,,,0.1000,0.0300,0.1182,24.0288,21.6259,26.4317,0.20,19.2230,12.97,13.97,0.5469,0.5999,17.7634,32.6760,76,hist12/cv12/term20/path20/legs12,7.5876,0.0092,1.3923,525536472,2026-08-20,shares_ref,0.000,0.50,0.000,0.9732,0.9732,0.000000,,off,0,0,,,,,operating,2021-12-31,2025-12-31,373923206.5900,698853604.2200,324930397.6300,255525264.9300,182053070.7700,0,,,0.0000,0.0000,2026-08-20,2026-06-30,,,,,,,,,,,,,,,,,,,,,base
300502,新易盛,L2,2026-06-30,2026-08-25,2026-08-25,ok,,11.0500,0.6949,weightavg_ttm,17.4263,17.4638,0.9930,0.2073,up,0.396804,lift2(孰高),,5,0.4547,0.6365,raw,,,45.6108,,,3.8503,0.2610,1.0450,0.4857,0.0999,0.0222,0.1208,-7.0819,-7.3720,0.1411,54.4795,7.2878,growth,0.0011,earnings,cyclical_median,capital,,1.6183,,0.1943,,tier,,,,0.1000,0.0300,0.1199,61.5613,55.4052,67.7175,0.20,49.2491,15.99,5.57,0.7406,0.0508,37.6579,108.3169,51,hist12/cv5/term12/path10/legs12,16.7733,-0.1490,0.8020,1391613037,2026-08-25,shares_ref,1.000,1.00,0.000,1.3763,1.0000,0.000000,,off,0,0,,,,,operating,2021-12-31,2025-12-31,1351219888.7000,4925703186.0000,3574483297.3000,135342164.2900,11558734.2800,0,,,0.0000,0.0000,2026-08-25,2026-06-30,,,,,,,,,,,,,,,,,,,,,base
300529,健帆生物,L2,2026-06-30,2026-08-07,2026-08-07,ok,,0.6700,0.1516,weightavg_ttm,4.1817,1.0975,0.2630,0.2630,,0.263000,normalized,,9,0.0974,-4.5441,n/a,,,11.4174,,,0.7832,0.4078,-4.2983,0.1716,0.0822,0.0400,0.1946,-1.8903,-1.8487,-0.0005,8.6555,0.6983,growth,0.0000,earnings,"blend(λ=0.5,w=0.00,v=0.46)",none,,0.0782,,0.0000,,tier,,,,0.1000,0.0300,0.1022,10.5458,9.4913,11.6004,0.20,8.4367,13.47,15.74,0.5873,0.5374,7.8982,14.1599,69,hist12/cv12/term20/path20/legs5,4.4619,0.0416,-0.3218,826951628,2026-08-07,shares_ref,0.000,0.50,0.457,0.9854,0.6387,0.000000,,off,0,0,,,,,operating,2021-12-31,2025-12-31,297017323.3800,85211719.3100,-211805604.0700,0.0000,5657094.2000,0,,,0.0000,0.0000,2026-08-07,2026-06-30,,,,,,,,,,,,,,,,,,,,,base
300604,长川科技,L2,2026-06-30,2026-08-28,2026-08-28,ok,,2.9600,0.3961,weightavg_ttm,8.8967,5.7571,0.6457,0.1465,,0.146500,lift2(孰高),,9,0.2131,0.3847,n/a,,,16.0376,,,1.3885,0.1479,0.2772,1.2060,0.0790,0.0274,0.0000,1.5321,0.3507,1.1735,23.5204,0.8181,growth,0.0183,earnings,cyclical_median,capital,,0.9914,,0.2500,,tier,,,,0.1000,0.0300,0.0990,21.9883,19.7895,24.1871,0.20,17.5906,15.84,7.43,0.8815,0.0000,12.3573,43.1813,44,hist12/cv5/term5/path10/legs12,8.0508,-0.0079,0.8538,632763813,2026-08-28,shares_ref,1.000,1.00,0.000,1.4031,1.0000,0.000000,,off,0,0,,,,,operating,2021-12-31,2025-12-31,811311863.7500,2624908067.8700,1813596204.1200,99869246.7800,103344288.0100,0,,,0.0000,0.0000,2026-08-28,2026-06-30,,,,,,,,,,,,,,,,,,,,,base
300627,华测导航,L2,2026-06-30,2026-08-14,2026-08-14,ok,,0.7125,0.1663,weightavg_ttm,5.5097,0.9421,0.1771,0.1771,,0.177100,normalized,,5,0.1606,0.2438,raw,,,12.0253,,,0.8269,0.2901,0.6050,0.3246,0.0972,0.0288,0.1290,-3.5188,-3.3382,0.0147,10.4454,0.7306,growth,0.0000,earnings,median3,capital,,0.1983,,0.1298,,tier,,,,0.1000,0.0300,0.1172,13.9642,12.5678,15.3606,0.20,11.1714,16.89,19.60,0.6678,0.3129,9.8659,21.2671,76,hist12/cv20/term12/path20/legs12,3.2026,0.1953,2.1118,786437948,2026-08-14,shares_ref,0.000,0.00,0.000,1.0098,1.0000,0.000000,,off,0,0,,,,,operating,2021-12-31,2025-12-31,375427418.4700,778428453.4200,403001034.9500,12541785.1200,91506687.1500,0,,,0.0000,0.0000,2026-08-14,2026-06-30,,,,,,,,,,,,,,,,,,,,,base
300628,亿联网络,L2,2026-06-30,2026-08-19,2026-08-19,ok,,2.2775,0.3016,weightavg_ttm,7.2684,2.3214,0.3194,0.2838,,0.283800,lift2(孰高),,5,0.0657,0.3276,raw,,,24.6556,,,2.0149,0.8295,0.5585,0.1931,0.1000,0.0685,0.0837,-3.9995,-4.4979,0.0000,24.0047,1.3546,growth,0.0000,book_fallback,"blend(λ=0.5,w=0.00,v=0.00)",capital,,0.1169,,0.0772,,tier,,,,0.1000,0.0300,0.1200,28.0042,25.1538,30.8547,0.20,22.8034,14.15,12.52,0.5112,0.6060,19.9173,40.8053,84,hist12/cv20/term20/path20/legs12,6.0356,0.0016,1.2312,1266747115,2026-08-19,shares_ref,0.000,0.50,0.000,1.1093,1.0000,0.000000,,off,0,0,,,,,operating,2021-12-31,2025-12-31,784281529.0900,1735775996.0800,951494466.9900,0.0000,0.0000,0,,,0.0000,0.0000,2026-08-19,2026-06-30,,,,,,,,,,,1.000000,0.5000,除权归一化至 2026-09-24 现价口径：2026-09-21 现金0.5/送转0,,,,,,,,base
300661,圣邦股份,L2,2026-06-30,2026-08-29,2026-08-29,ok,,1.2378,0.1453,weightavg_ttm,14.4390,1.5558,0.1725,0.1725,,0.172500,normalized,,9,0.0958,0.0235,raw,,,20.1078,,,0.9641,0.2211,-0.1197,0.7171,0.0952,0.0349,0.0282,-9.9807,-4.6152,0.0572,9.2477,0.4679,growth,0.0000,earnings,"blend(λ=0.5,w=0.00,v=0.11)",none,,0.2189,,0.0000,,tier,,,,0.1000,0.0300,0.1152,19.2284,17.3055,21.1512,0.20,15.3827,19.95,15.53,0.5398,0.6131,17.0740,21.9325,62,hist12/cv5/term20/path20/legs5,6.1632,5.4227,2.8531,620063014,2026-08-29,shares_ref,0.000,0.50,0.111,1.4012,1.0000,0.000000,,off,0,0,,,,,operating,2021-12-31,2025-12-31,70278817.8600,1048963438.9500,978684621.0900,0.0000,259512.4000,0,,,0.0000,0.0000,2026-08-29,2026-06-30,,,,,,,,,,,,,,,,,,,,,base
300685,艾德生物,L2,2026-06-30,2026-08-25,2026-08-25,ok,,0.8500,0.1680,weightavg_ttm,4.8556,0.9614,0.1842,0.1842,,0.184200,normalized,,5,0.1229,0.1692,pre_adjusted,,,10.7489,,,0.7607,0.3025,0.8325,0.2165,0.0960,0.0242,0.1209,-2.8285,-3.1982,0.0000,8.7697,0.7778,growth,0.0000,earnings,"blend(λ=0.5,w=0.00,v=0.00)",capital,,0.0395,,0.0866,,tier,,,,0.1000,0.0300,0.1160,11.5982,10.4384,12.7580,0.20,9.2786,15.25,13.64,0.6230,0.4604,8.5150,16.4957,76,hist12/cv20/term12/path20/legs12,4.5847,-0.3696,0.6405,391536144,2026-08-25,shares_ref,0.000,0.50,0.000,0.9366,0.9366,0.000000,,off,0,0,,,,,operating,2021-12-31,2025-12-31,375678538.7400,591201825.0100,215523286.2700,0.0000,0.0000,0,,,0.0000,0.0000,2026-08-25,2026-06-30,,,,,,,,,,,,,,,,,,,,,base
300699,光威复材,L2,2026-06-30,2026-08-25,2026-08-25,ok,,0.6483,0.0942,weightavg_ttm,6.5767,1.1187,0.1700,0.1700,,0.170000,normalized,,9,0.1113,-0.0984,raw,,,10.4728,,,0.8830,0.1885,-0.0421,0.9783,0.0848,0.0343,0.1540,-0.0556,-0.0577,-0.0306,9.7337,1.0273,growth,0.0000,earnings,"blend(λ=0.0,w=0.00,v=0.42)",none,,-0.1415,,0.0000,,tier,,,,0.1000,0.0300,0.1048,9.7893,8.8104,10.7682,0.20,7.8314,11.09,15.10,0.5970,0.5835,7.2361,13.3445,69,hist12/cv12/term20/path20/legs5,5.5215,-0.0021,1.0573,831352000,2026-08-25,shares_ref,0.000,0.00,0.420,0.8830,0.8072,0.000000,,off,0,0,,,,,operating,2021-12-31,2025-12-31,565915688.0500,1466872213.8600,900956525.8100,398332821.6100,444386671.1700,0,,,0.0000,0.0000,2026-08-25,2026-06-30,,,,,,,,,,,,,,,,,,,,,base
300750,宁德时代,L2,2026-06-30,2026-07-25,2026-07-25,ok,,18.7300,0.2536,weightavg_ttm,81.9932,22.3626,0.2920,0.2152,,0.215200,lift2(孰高),,9,0.2399,0.2293,raw,,,266.7431,,,17.2412,0.6005,2.0387,-0.0112,0.0814,0.0281,0.1423,-54.4915,-66.2443,7.8477,197.6908,24.5907,growth,0.0604,earnings,"blend(λ=1.0,w=0.51,v=0.00)",none,,0.2523,,0.0000,,tier,,,,0.1000,0.0300,0.1014,252.1823,226.8230,277.5417,0.20,202.8747,14.71,13.54,0.5664,0.5339,192.3454,336.7873,59,hist12/cv12/term20/path10/legs5,47.7160,5.6004,28.6767,4563803000,2026-07-25,shares_ref,0.514,1.00,0.000,1.1773,1.0000,0.000000,,off,0,0,,,,,operating,2021-12-31,2025-12-31,-47807364500.0000,-117552655000.0000,-69745290500.0000,6486380800.0000,43205292000.0000,0,,,0.0000,0.0000,2026-07-25,2026-06-30,,,,,,,,,,,1.000000,1.4110,除权归一化至 2026-09-24 现价口径：2026-08-10 现金1.411/送转0,,,,,,,,b2
300759,康龙化成,L2,2026-06-30,2026-08-21,2026-08-21,ok,,0.9597,0.1124,weightavg_ttm,8.8983,1.1254,0.1294,0.1370,down,0.129440,normalized,,5,0.0177,-0.1561,pre_adjusted,,,9.9119,,,0.9542,0.1014,0.0246,1.3653,0.0763,0.0287,0.1869,2.5933,2.4109,0.3904,14.2350,1.1298,growth,0.0000,earnings,ttm_growth,capital,,0.0283,,0.0246,,tier,,,,0.1000,0.0300,0.0963,11.6417,10.4775,12.8059,0.20,9.3134,12.20,12.13,0.6427,0.6731,7.7585,17.7878,76,hist12/cv20/term12/path20/legs12,7.6357,0.2081,1.0546,1778842866,2026-08-21,shares_ref,0.000,1.00,0.000,1.0293,1.0000,0.000000,,off,0,0,,,,,operating,2021-12-31,2025-12-31,491012693.2400,2030248953.4300,1539236260.1900,0.0000,0.0000,0,,,0.0000,0.0000,2026-08-21,2026-06-30,,,,,,,,,,,,,,,,,,,,,b2
300760,迈瑞医疗,L2,2026-06-30,2026-08-29,2026-08-29,ok,,6.4891,0.2033,weightavg_ttm,33.4501,9.6786,0.2862,0.3258,down,0.286200,normalized,,5,0.6733,0.0138,n/a,,,117.9715,,,10.6987,0.9495,0.0123,0.1086,0.0996,0.0592,0.1264,-9.2367,-15.3374,4.4057,102.5360,7.5232,growth,0.0004,earnings,"blend(λ=0.0,w=0.00,v=0.28)",capital,,-0.0993,,0.0013,,tier,,,,0.1000,0.0300,0.1196,111.7727,100.4624,123.0829,0.20,90.4821,10.57,17.43,0.4612,0.6047,87.6940,141.9178,76,hist12/cv12/term20/path20/legs12,30.2105,-0.3649,3.6046,1212441394,2026-08-29,shares_ref,0.000,0.00,0.277,0.9666,0.7025,0.000000,,off,0,0,,,,,operating,2021-12-31,2025-12-31,-1340655501.0000,-471024305.0000,869631196.0000,0.0000,0.0000,0,,,0.0000,0.0000,2026-08-29,2026-06-30,,,,,,,,,,,1.000000,1.3300,除权归一化至 2026-09-24 现价口径：2026-09-08 现金1.33/送转0,,,,,,,,base
300776,帝尔激光,L2,2026-06-30,2026-08-20,2026-08-20,ok,,1.8200,0.1238,weightavg_ttm,17.2983,2.2442,0.1547,0.1625,down,0.154724,normalized,,5,0.4952,0.1769,raw,,,34.4734,,,2.2650,0.3649,0.1292,0.6527,0.0905,0.0500,0.1086,-9.4523,-6.6080,0.0000,28.1818,0.1626,growth,0.0000,book_fallback,trough_median,capital,,0.1049,,0.0843,,tier,,,,0.1000,0.0300,0.1105,37.6341,33.8707,41.3975,0.20,30.1073,16.62,20.68,0.6304,0.5059,26.9603,55.0475,76,hist12/cv20/term12/path20/legs12,10.6678,2.8443,3.7862,284571425,2026-08-20,shares_ref,0.000,0.00,1.000,0.9599,0.9599,0.000000,,off,0,0,,,,,operating,2021-12-31,2025-12-31,771912918.6300,1647024815.7700,875111897.1400,159313955.4000,232113470.1300,0,,,0.0000,0.0000,2026-08-20,2026-06-30,,,,,,,,,,,,,,,,,,,,,base
300811,铂科新材,L2,2026-06-30,2026-08-26,2026-08-26,ok,,1.3375,0.1498,weightavg_ttm,7.9767,1.1942,0.1514,0.1514,,0.151400,normalized,,5,0.4345,0.1484,raw,,,13.1229,,,1.1951,0.1519,0.1456,0.8651,0.0904,0.0433,0.1122,0.0927,0.1153,0.0691,16.4347,0.5356,growth,0.0000,earnings,"blend(λ=0.5,w=0.00,v=0.00)",capital,,0.2214,,0.1259,,tier,,,,0.1000,0.0300,0.1104,16.3421,14.7079,17.9763,0.20,13.0737,13.67,12.22,0.7422,0.0564,10.6147,27.0686,76,hist12/cv20/term12/path20/legs12,6.6693,0.0917,1.2156,405763655,2026-08-26,shares_ref,0.000,0.50,0.000,1.0821,1.0000,0.000000,,off,0,0,,,,,operating,2021-12-31,2025-12-31,404797546.4900,1019096337.1900,614298790.7000,78705215.8500,226573303.7400,0,,,0.0000,0.0000,2026-08-26,2026-06-30,,,,,,,,,,,,,,,,,,,,,base
300832,新产业,L2,2026-06-30,2026-08-14,2026-08-14,ok,,2.1864,0.1892,weightavg_ttm,11.4151,2.5268,0.2189,0.2189,,0.218900,normalized,,5,0.6161,0.1820,n/a,,,28.8973,,,2.3005,0.4683,0.2647,0.2838,0.1000,0.1193,0.1267,-5.8928,-6.0209,0.0000,25.3796,1.6235,growth,0.0000,book_fallback,median3,capital,,0.0441,,0.0751,,tier,,,,0.1000,0.0300,0.1200,31.2724,28.1452,34.3997,0.20,25.0179,13.59,14.30,0.5544,0.5941,22.4927,44.0462,84,hist12/cv20/term20/path20/legs12,10.0463,-0.1280,1.4969,785718785,2026-08-14,shares_ref,0.000,0.00,0.000,1.0596,0.9068,0.000000,,off,0,0,,,,,operating,2021-12-31,2025-12-31,536006710.6700,1520148767.9500,984142057.2800,0.0000,0.0000,0,,,0.0000,0.0000,2026-08-14,2026-06-30,,,,,,,,,,,,,,,,,,,,,base
300866,安克创新,L2,2026-06-30,2026-08-31,2026-08-31,ok,,5.7500,0.2862,weightavg_ttm,21.6068,6.5761,0.3114,0.2610,,0.261000,lift2(孰高),,9,0.2943,0.3559,raw,,,71.1721,,,5.2417,0.4360,0.5293,0.2683,0.0824,0.0211,0.1045,-6.8486,-10.0922,0.3771,79.8847,0.5772,growth,0.0417,earnings,"blend(λ=0.5,w=0.00,v=0.00)",capital,,0.3046,,0.1073,,tier,,,,0.1000,0.0300,0.1024,86.7333,78.0600,95.4066,0.20,69.3867,16.55,15.08,0.6710,0.4947,51.2714,153.2565,68,hist12/cv12/term12/path20/legs12,16.3460,0.5068,4.7540,536387890,2026-08-31,shares_ref,0.000,0.50,0.000,1.2103,1.0000,0.000000,,off,0,0,,,,,operating,2021-12-31,2025-12-31,1903852112.9000,2290897070.2300,387044957.3300,0.0000,0.0000,0,,,0.0000,0.0000,2026-08-31,2026-06-30,,,,,,,,,,,,,,,,,,,,,base
300896,爱美客,L2,2026-06-30,2026-08-21,2026-08-21,ok,,3.6300,0.1453,weightavg_ttm,26.1454,7.3471,0.2801,0.2801,,0.280100,normalized,,9,0.1853,0.1319,raw,,,86.1678,,,7.0964,0.8124,0.1242,0.0693,0.0981,0.0414,0.1393,-12.8068,-15.9434,2.0616,69.6591,4.4337,growth,0.0000,earnings,"blend(λ=0.0,w=0.00,v=0.66)",capital,,-0.1263,,0.0086,,tier,,,,0.1000,0.0300,0.1181,82.4659,74.1197,90.8121,0.20,66.7696,11.76,22.99,0.4784,0.5997,65.0036,105.2194,76,hist12/cv12/term20/path20/legs12,16.7828,-0.0788,9.4415,302592061,2026-08-21,shares_ref,0.000,0.00,0.657,0.8481,0.5349,0.000000,,off,0,0,,,,,operating,2021-12-31,2025-12-31,-24947993.8200,-26384964.4200,-1436970.6000,0.0000,0.0000,0,,,0.0000,0.0000,2026-08-21,2026-06-30,,,,,,,,,,,1.000000,0.9961,除权归一化至 2026-09-24 现价口径：2026-09-03 现金0.996147/送转0,,,,,,,,base
300910,瑞丰新材,L2,2026-06-30,2026-08-26,2026-08-26,ok,,2.5700,0.2088,weightavg_ttm,9.9084,2.3787,0.2412,0.1764,,0.176400,lift2(孰高),,9,0.2159,0.3361,raw,,,25.6041,,,1.9914,0.3557,0.2832,0.6213,0.0873,0.0200,0.1291,-2.7498,-2.8135,0.0715,33.4221,1.6147,growth,0.0032,earnings,"blend(λ=0.5,w=0.13,v=0.00)",capital,,0.0412,,0.1760,,tier,,,,0.1000,0.0300,0.1073,36.1719,32.5547,39.7891,0.20,28.9375,18.16,14.07,0.7328,0.2638,19.7744,71.7002,68,hist12/cv12/term12/path20/legs12,6.2745,0.0514,3.5825,384715861,2026-08-26,shares_ref,0.132,0.50,0.000,1.0606,1.0000,0.000000,,off,0,0,,,,,operating,2021-12-31,2025-12-31,287772081.6800,735442869.3400,447670787.6600,62198115.0700,154271237.9000,0,,,0.0000,0.0000,2026-08-26,2026-06-30,,,,,,,,,,,,,,,,,,,,,base
301589,诺瓦星云,L2,2026-06-30,2026-08-22,2026-08-22,ok,,6.9800,0.1606,weightavg_ttm,44.1998,9.4663,0.2172,0.2172,,0.217250,normalized,,9,0.3160,0.1427,raw,,,101.2125,,,7.9913,0.2623,0.1843,0.8784,0.0897,0.0255,0.1275,-11.4766,-11.5125,0.0713,120.2219,6.7595,growth,0.0000,earnings,median3,capital,,0.1348,,0.1619,,tier,,,,0.1000,0.0300,0.1097,131.6985,118.4633,144.9338,0.20,105.8819,16.56,18.96,0.7534,0.1381,78.6989,244.3864,69,hist12/cv20/term5/path20/legs12,41.2152,0.6893,2.2954,92448000,2026-08-22,shares_ref,0.000,0.00,0.000,1.0641,0.9782,0.000000,,off,0,0,,,,,operating,2021-12-31,2025-12-31,439849939.8600,1901350902.5700,1461500962.7100,40281132.0900,285351222.5700,0,,,0.0000,0.0000,2026-08-22,2026-06-30,,,,,,,,,,,1.000000,0.6538,除权归一化至 2026-09-24 现价口径：2026-09-16 现金0.653829/送转0,,,,,,,,base
600007,中国国贸,L2,2026-06-30,2026-08-31,2026-08-31,ok,,1.1900,0.1258,weightavg_ttm,9.2358,1.1727,0.1270,0.1270,,0.127000,normalized,,5,0.2451,0.1538,n/a,,,15.4013,,,1.2192,0.1703,,-0.3744,0.0983,0.0388,0.2505,-2.9969,-3.0086,0.0052,11.8401,1.0815,growth,0.0008,earnings,median3,none,,0.0013,,0.0000,,tier,,,,0.1000,0.0300,0.1183,14.8370,13.3533,16.3207,0.20,11.8696,12.17,12.47,0.5151,0.6664,12.4218,17.8822,77,hist12/cv20/term20/path20/legs5,9.7358,0.0000,-0.5000,1007282534,2026-08-31,shares_ref,0.000,0.00,0.000,1.0009,0.9409,0.000000,,off,0,0,,,,,operating,2021-12-31,2025-12-31,105785561.0000,-143784543.0000,-249570104.0000,0.0000,0.0000,0,,,0.0000,0.0000,2026-08-31,2026-06-30,,,,,,,,,,,,,,,,,,,,,base
600031,三一重工,L2,2026-06-30,2026-08-31,2026-08-31,ok,,0.9879,0.1035,weightavg_ttm,10.0146,1.1283,0.1118,0.1118,,0.111800,normalized,,9,0.0516,-0.2114,n/a,,,14.6909,,,0.9660,0.0836,-0.2489,0.1249,0.0851,0.0369,0.1433,-3.3397,-3.7079,0.1267,11.3012,1.8908,growth,0.0225,earnings,ttm_growth,none,,0.2060,,0.0000,,tier,,,,0.1000,0.0300,0.0836,14.6409,13.1768,16.1050,0.20,11.7127,15.16,14.82,0.5330,0.6410,11.8562,17.0474,62,hist12/cv5/term20/path20/legs5,7.9091,-0.0307,2.1362,9195004000,2026-08-31,shares_ref,0.000,1.00,0.000,1.0566,1.0000,0.000000,,off,0,0,,,,,operating,2021-12-31,2025-12-31,6491997000.0000,6049022000.0000,-442975000.0000,737778000.0000,461187000.0000,0,,,0.0000,0.0000,2026-08-31,2026-06-30,,,,,,,,,,,,,,,,,,,,,base
600036,招商银行,L2,2026-06-30,2026-08-29,2026-08-29,ok,,5.7900,0.1322,weightavg_ttm,45.4022,6.5681,0.1449,0.1622,,0.162200,"guarded(λ=0.0,w=0.00,v=0.00)",,5,0.4874,0.0756,n/a,,,,,,,,,,,,,,,,,,bank_divspread,,,,,0.2932,0.0167,0.1024,0.1024,,tier,,,,0.1000,0.0300,0.1200,53.2766,47.9489,58.6043,0.20,62.2832,11.84,13.45,0.6459,0.2441,56.0342,115.2707,69,hist20/cv20/term12/path5/legs12,45.3284,0.0738,,26347543860,2026-08-29,shares_ref,0.000,0.00,0.000,1.0101,1.0000,0.000000,,off,0,0,,,,,operating,,,,,,,,0,,,0.0000,0.0000,2026-08-29,2026-06-30,,,,,,,,,,,,,,,,,,,,,base
600066,宇通客车,L2,2026-06-30,2026-08-11,2026-08-11,ok,,2.4800,0.3609,weightavg_ttm,5.8612,3.4881,0.5921,0.1297,,0.129700,lift2(孰高),,9,0.2943,6.9260,n/a,,,12.0038,,,0.7500,0.3957,,-0.0218,0.1000,0.1200,0.1371,-4.5167,-4.6846,0.0925,6.6749,0.9449,growth,0.0122,earnings,cyclical_median,none,,0.6182,,0.0000,,tier,,,,0.1000,0.0300,0.1200,11.1917,10.0725,12.3108,0.20,8.9533,14.92,4.51,0.5008,0.6062,9.5678,13.0790,52,hist12/cv5/term20/path10/legs5,6.3101,-0.0295,-0.4194,2213939223,2026-08-11,shares_ref,1.000,1.00,0.000,0.9877,0.9877,0.000000,,off,0,0,,,,,operating,2021-12-31,2025-12-31,1768830731.7300,1601236794.2400,-167593937.4900,302338792.7500,212216562.5900,0,,,0.0000,0.0000,2026-08-11,2026-06-30,,,,,,,,,,,,,,,,,,,,,base
600085,同仁堂,L2,2026-06-30,2026-08-31,2026-08-31,ok,,0.7070,0.0709,weightavg_ttm,9.9333,1.1994,0.1201,0.1201,,0.120100,normalized,,5,0.3545,-0.0127,n/a,,,16.2356,,,1.7915,0.1857,-0.0782,0.1436,0.0896,0.0344,0.1942,3.3157,-5.0903,5.6470,18.7145,1.1483,growth,0.3509,earnings,trough_median,none,,-0.1657,,0.0000,,tier,,,,0.1000,0.0300,0.1096,15.3988,13.8590,16.9387,0.20,12.3191,8.60,21.78,0.5680,0.6106,10.8812,21.4159,77,hist12/cv20/term20/path20/legs5,9.9872,-0.0538,0.0000,1371470262,2026-08-31,shares_ref,0.000,0.00,1.000,0.8156,0.5779,0.000000,,off,0,0,,,,,operating,2021-12-31,2025-12-31,3668031141.8200,7418506922.8500,3750475781.0300,188189546.3300,94805198.5200,0,,,0.0000,0.0000,2026-08-31,2026-06-30,,,,,,,,,,,,,,,,,,,,,base
600132,重庆啤酒,L2,2026-06-30,2026-08-20,2026-08-20,ok,,2.3900,0.7331,weightavg_ttm,3.2729,2.5436,0.7737,0.6925,,0.692500,lift2(孰高),,5,0.4032,,n/a,,,27.0324,,,5.1772,3.2914,0.0597,0.1460,0.0975,0.0459,0.2356,29.2095,-1.7623,3.2478,59.2835,4.3863,growth,0.5071,earnings,"blend(λ=0.5,w=0.00,v=0.00)",capital,,-0.0605,,0.0087,,tier,,,,0.1000,0.0300,0.1175,30.0740,27.0666,33.0814,0.20,24.0592,5.81,12.58,0.4594,0.2103,15.8599,47.1554,76,hist12/cv12/term20/path20/legs12,7.9076,-0.0169,-4.6179,483971198,2026-08-20,shares_ref,0.000,0.50,0.000,0.9439,0.9439,0.000000,,off,0,0,,,,,operating,2021-12-31,2025-12-31,-2813004943.1400,-2480804734.6600,332200208.4800,0.0000,0.0000,0,,,0.0000,0.0000,2026-08-20,2026-06-30,,,,,,,,,,,,,,,,,,,,,base
600160,巨化股份,L2,2026-06-30,2026-08-26,2026-08-26,ok,,1.6220,0.2086,weightavg_ttm,8.1707,2.7064,0.3313,0.0859,,0.085900,lift2(孰高),,9,0.1657,0.3765,n/a,,,10.2690,,,1.0094,0.1166,0.2599,0.6946,0.0831,0.0206,0.1478,2.0988,0.6504,1.2290,16.1794,1.8897,growth,0.0260,earnings,cyclical_median,capital,,0.3173,,0.1805,,tier,,,,0.1000,0.0300,0.1031,14.0806,12.6506,15.5107,0.20,11.4405,14.17,8.82,0.8291,0.0000,8.7586,26.2390,51,hist12/cv12/term5/path10/legs12,8.1701,0.0006,0.0000,2699746081,2026-08-26,shares_ref,1.000,1.00,0.000,1.1584,1.0000,0.000000,,off,0,0,,,,,operating,2021-12-31,2025-12-31,755450682.4600,-1767113044.0100,-2522563726.4700,517570087.2900,1409665870.9000,0,,,0.0000,0.0000,2026-08-26,2026-06-30,,,,,,,,,,,1.000000,0.2200,除权归一化至 2026-09-24 现价口径：2026-09-24 现金0.22/送转0,,,,,,,,base
600176,中国巨石,L2,2026-06-30,2026-08-21,2026-08-21,ok,,1.1390,0.1419,weightavg_ttm,8.2823,1.2200,0.1468,0.1468,,0.146800,normalized,,9,0.1768,-0.3214,n/a,,,14.3649,,,1.3726,0.0904,-0.3195,0.0955,0.0796,0.0292,0.1770,2.9035,2.3437,0.3891,18.2433,0.4555,growth,0.0334,earnings,ttm_growth,none,,0.0048,,0.0000,,tier,,,,0.1000,0.0300,0.0904,15.3398,13.8058,16.8737,0.20,12.2718,11.18,13.47,0.5707,0.6681,10.9101,20.1724,69,hist12/cv12/term20/path20/legs5,8.3103,-0.0280,0.0000,4003136728,2026-08-21,shares_ref,0.000,1.00,0.000,1.3793,1.0000,0.000000,,off,0,0,,,,,operating,2021-12-31,2025-12-31,4282791158.5100,4762632764.3000,479841605.7900,5017060615.7200,2284605771.8300,0,,,0.0000,0.0000,2026-08-21,2026-06-30,,,,,,,,,,,,,,,,,,,,,b2
600183,生益科技,L2,2026-06-30,2026-08-15,2026-08-15,ok,,2.1600,0.3007,weightavg_ttm,7.6166,3.1207,0.4186,0.1828,,0.182800,lift2(孰高),,9,0.0263,0.1312,n/a,,,9.6482,,,0.9981,0.1093,0.2535,0.4387,0.0889,0.0359,0.1188,1.5820,0.7812,0.9797,14.4434,1.9504,growth,0.0619,earnings,cyclical_median,capital,,0.6528,,0.1112,,tier,,,,0.1000,0.0300,0.1089,12.8614,11.5753,14.1476,0.20,10.2891,12.89,5.95,0.7099,0.1267,8.5528,19.1241,58,hist12/cv12/term12/path10/legs12,6.8141,0.1789,0.6237,2429119230,2026-08-15,shares_ref,1.000,1.00,0.000,1.5580,1.0000,0.000000,,off,0,0,,,,,operating,2021-12-31,2025-12-31,6747945964.2600,8039199896.1400,1291253931.8800,1124733103.6400,1303159704.4000,0,,,0.0000,0.0000,2026-08-15,2026-06-30,,,,,,,,,,,,,,,,,,,,,base
600276,恒瑞医药,L2,2026-06-30,2026-08-20,2026-08-20,ok,,1.1700,0.1288,weightavg_ttm,9.7129,1.3570,0.1396,0.1396,,0.139600,normalized,,5,0.4961,0.1277,n/a,,,18.1253,,,1.1506,0.2317,1.0205,0.1239,0.0999,0.0228,0.1138,-6.6084,-6.6837,0.0838,11.6512,1.6444,growth,0.0000,earnings,ttm_growth,capital,,0.2357,,0.0496,,tier,,,,0.1000,0.0300,0.1199,18.2595,16.4336,20.0855,0.20,14.6076,15.87,15.61,0.5757,0.5341,15.0324,22.8261,76,hist12/cv12/term20/path20/legs12,8.3023,0.0085,1.4021,6637199874,2026-08-20,shares_ref,0.000,1.00,0.000,1.0020,1.0000,0.000000,,off,0,0,,,,,operating,2021-12-31,2025-12-31,7573578533.6700,4849142691.9100,-2724435841.7600,1170380436.1700,630721780.5400,0,,,0.0000,0.0000,2026-08-20,2026-06-30,,,,,,,,,,,,,,,,,,,,,base
600285,羚锐制药,L2,2026-06-30,2026-08-12,2026-08-12,ok,,1.3780,0.2321,weightavg_ttm,5.6984,1.3474,0.2335,0.2128,up,0.230680,lift2(孰高),,5,0.8840,0.3481,n/a,,,16.2302,,,1.1669,0.8740,0.9264,0.0453,0.0914,0.0200,0.1331,-3.4644,-3.5954,0.0601,12.8805,0.7701,growth,0.0000,earnings,"blend(λ=0.5,w=0.42,v=0.00)",capital,,0.1509,,0.0181,,tier,,,,0.1000,0.0300,0.1114,16.3449,14.7104,17.9794,0.20,13.0759,14.01,11.86,0.5098,0.5756,12.5085,21.2569,69,hist12/cv5/term20/path20/legs12,6.2538,-0.0709,-0.4845,567115486,2026-08-12,shares_ref,0.415,0.50,0.000,1.0273,1.0000,0.000000,,off,0,0,,,,,operating,2021-12-31,2025-12-31,523265868.8400,748003191.4900,224737322.6500,29896708.3600,115708095.3100,0,,,0.0000,0.0000,2026-08-12,2026-06-30,,,,,,,,,,,,,,,,,,,,,base
600298,安琪酵母,L2,2026-06-30,2026-08-15,2026-08-15,ok,,1.8700,0.1346,weightavg_ttm,14.3448,1.9433,0.1357,0.1351,down,0.133468,lift2(孰高),,5,0.4486,0.0338,n/a,,,23.7712,,,2.1321,0.0969,0.0369,1.1928,0.0678,0.0200,0.1508,7.6557,6.6420,1.0415,37.6008,1.8394,growth,0.0210,earnings,"blend(λ=1.0,w=0.00,v=0.03)",capital,,0.0711,,0.0369,,tier,,,,0.1000,0.0300,0.0878,29.9451,26.9506,32.9396,0.20,23.9561,14.04,16.01,0.7230,0.5261,17.3407,56.6660,76,hist12/cv20/term12/path20/legs12,14.3171,0.0278,0.0000,867978471,2026-08-15,shares_ref,0.000,1.00,0.033,1.0528,1.0000,0.000000,,off,0,0,,,,,operating,2021-12-31,2025-12-31,1930350978.7100,4328240140.1100,2397889161.4000,253601744.8200,157558580.3700,0,,,0.0000,0.0000,2026-08-15,2026-06-30,,,,,,,,,,,,,,,,,,,,,b2
600309,万华化学,L2,2026-06-30,2026-08-25,2026-08-25,ok,,5.2500,0.1516,weightavg_ttm,36.2873,5.8761,0.1608,0.2042,down,0.160760,normalized,,5,0.6436,-0.3020,n/a,,,68.4236,,,6.6995,0.1286,-0.1132,0.6982,0.0643,0.0290,0.1370,36.8899,29.4058,3.9834,108.3202,5.5483,growth,0.0811,earnings,"blend(λ=0.5,w=0.00,v=0.00)",none,,0.0453,,0.0000,,tier,,,,0.1000,0.0300,0.0843,71.4303,64.2063,78.6543,0.20,57.7923,10.78,13.76,0.7226,0.5175,33.9733,151.8638,61,hist12/cv12/term12/path20/legs5,37.8901,-0.2744,-1.3284,3130471626,2026-08-25,shares_ref,0.000,0.50,0.000,1.3145,0.9411,0.000000,,off,0,0,,,,,operating,2021-12-31,2025-12-31,5114464132.6500,-37744900243.3900,-42859364376.0400,6630020551.2700,2777227576.5500,0,,,0.0000,0.0000,2026-08-25,2026-06-30,,,,,,,,,,,1.000000,0.8100,除权归一化至 2026-09-24 现价口径：2026-09-11 现金0.81/送转0,,,,,,,,b2
600406,国电南瑞,L2,2026-06-30,2026-08-27,2026-08-27,ok,,1.0500,0.1612,weightavg_ttm,6.4835,1.0475,0.1620,0.1604,,0.160400,lift2(孰高),,5,0.0265,0.1058,pre_adjusted,,,13.2170,,,1.0450,0.2347,,0.3035,0.0993,0.0353,0.0979,-2.7569,-3.6021,0.4680,9.5513,1.4175,growth,0.0659,earnings,ttm_growth,none,,0.0711,,0.0000,,tier,,,,0.1000,0.0300,0.1193,12.3082,11.0774,13.5390,0.20,9.8466,11.78,11.72,0.5188,0.6238,10.1741,14.9014,77,hist12/cv20/term20/path20/legs5,6.4468,0.0212,0.0156,8031756156,2026-08-27,shares_ref,0.000,1.00,0.000,1.0146,1.0000,0.000000,,off,0,0,,,,,operating,2021-12-31,2025-12-31,6972853009.5500,12750195297.5200,5777342287.9700,4114721487.9400,3264728509.1800,0,,,0.0000,0.0000,2026-08-27,2026-06-30,,,,,,,,,,,,,,,,,,,,,base
600415,小商品城,L2,2026-06-30,2026-08-26,2026-08-26,ok,,0.8200,0.1778,weightavg_ttm,4.0306,1.0329,0.2552,0.1004,,0.100400,lift2(孰高),,9,0.1682,0.3412,n/a,,,8.3284,,,0.6343,0.1562,1.1520,0.3217,0.0903,0.0344,0.2204,-1.3060,-1.3361,0.0142,8.7498,1.6797,growth,0.0015,earnings,"blend(λ=1.0,w=0.85,v=0.00)",capital,,0.3367,,0.1287,,tier,,,,0.1000,0.0300,0.1103,10.0558,9.0502,11.0613,0.20,8.0446,15.85,12.26,0.7471,0.0478,6.9539,15.8916,58,hist12/cv12/term12/path10/legs12,4.0458,-0.0152,0.0000,5483559226,2026-08-26,shares_ref,0.848,1.00,0.000,1.0686,1.0000,0.000000,,off,0,0,,,,,operating,2021-12-31,2025-12-31,-3120999459.3500,-6403078665.3000,-3282079205.9500,0.0000,0.0000,0,,,0.0000,0.0000,2026-08-26,2026-06-30,,,,,,,,,,,,,,,,,,,,,b2
600426,华鲁恒升,L2,2026-06-30,2026-08-20,2026-08-20,ok,,1.9320,0.1223,weightavg_ttm,16.5140,2.3048,0.1402,0.1402,,0.140200,normalized,,9,0.0431,-0.3721,n/a,,,21.8313,,,2.2440,0.1120,-0.1565,0.7683,0.0816,0.0263,0.1423,4.3597,4.7144,1.0288,22.3271,0.4758,growth,0.0128,earnings,"blend(λ=0.5,w=0.00,v=0.00)",none,,0.0552,,0.0000,,tier,,,,0.1000,0.0300,0.1016,17.9674,16.1706,19.7642,0.20,18.6861,10.41,12.09,0.5786,0.6773,16.6428,33.4486,62,hist12/cv5/term20/path20/legs5,16.4384,0.0756,0.0000,2123219998,2026-06-30,shares_ref,0.000,0.50,0.000,1.2365,0.8882,0.000000,,off,0,0,,,,,operating,2021-12-31,2025-12-31,2071885478.2400,1597157194.9900,-474728283.2500,3785521043.4500,1932886906.3800,0,,,0.0000,0.0000,2026-08-20,2026-06-30,,,,,,,,,,,1.300000,0.0000,除权归一化至 2026-09-24 现价口径：2026-07-10 现金0/送转0.3,,,,,,,,base
600436,片仔癀,L2,2026-06-30,2026-08-29,2026-08-29,ok,,3.0000,0.1248,weightavg_ttm,24.2184,5.6157,0.2307,0.2307,,0.230700,normalized,,9,0.2726,-0.0562,n/a,,,58.8144,,,4.9166,0.6234,-0.0480,0.5656,0.0953,0.0337,0.1555,-7.2197,-8.2609,0.9187,47.3180,-0.0872,growth,0.0133,earnings,"blend(λ=0.0,w=0.00,v=0.73)",none,,-0.1248,,0.0000,,tier,,,,0.1000,0.0300,0.1153,54.5377,49.0839,59.9914,0.20,43.6301,11.09,18.18,0.4978,0.5899,42.1708,69.1019,69,hist12/cv12/term20/path20/legs5,23.5805,-0.1225,0.7604,603317210,2026-08-29,shares_ref,0.000,0.00,0.730,0.8382,0.6030,0.000000,,off,0,0,,,,,operating,2021-12-31,2025-12-31,2344721600.3800,6747138441.2900,4402416840.9100,8996378.1000,24084691.5700,0,,,0.0000,0.0000,2026-08-29,2026-06-30,,,,,,,,,,,,,,,,,,,,,base
600486,扬农化工,L2,2026-06-30,2026-08-25,2026-08-25,ok,,3.1470,0.1100,weightavg_ttm,29.5962,5.6343,0.1908,0.1908,,0.190800,normalized,,9,0.1791,0.0140,raw,,,45.9802,,,3.9187,0.1950,0.0010,0.4671,0.0962,0.0567,0.1487,-5.2466,-5.2019,0.0184,37.9003,3.5996,growth,0.0007,earnings,"blend(λ=0.0,w=0.00,v=0.47)",capital,,-0.0328,,0.0005,,tier,,,,0.1000,0.0300,0.1162,43.1470,38.8323,47.4617,0.20,34.5176,11.01,13.71,0.5328,0.6344,34.7496,53.7523,84,hist12/cv20/term20/path20/legs12,31.8062,0.0764,-2.2864,405398884,2026-08-25,shares_ref,0.000,0.00,0.474,0.9875,0.9875,0.000000,,off,0,0,,,,,operating,2021-12-31,2025-12-31,844021028.9500,966716798.5800,122695769.6300,48949179.9800,954855011.6300,0,,,0.0000,0.0000,2026-08-25,2026-06-30,,,,,,,,,,,,,,,,,,,,,base
600519,贵州茅台,L2,2026-06-30,2026-08-15,2026-08-15,ok,,65.0500,0.3139,weightavg_ttm,200.9898,65.9834,0.3253,0.3253,,0.325300,normalized,,5,0.0268,0.5374,n/a,,,827.5398,,,67.5180,1.6306,0.6189,0.1480,0.0943,0.0200,0.2566,-105.2691,-144.2685,7.6804,887.7800,48.8299,growth,0.0360,earnings,"blend(λ=0.5,w=0.00,v=0.00)",capital,,0.0573,,0.0592,,tier,,,,0.1000,0.0300,0.1143,993.0491,893.7442,1092.3541,0.20,794.4393,14.71,15.27,0.4975,0.4589,688.9708,1420.1389,84,hist12/cv20/term20/path20/legs12,244.0469,-1.8904,-41.1667,1252270215,2026-08-15,shares_ref,0.000,0.50,0.000,0.9892,0.9494,0.000000,,off,0,0,,,,,operating,2021-12-31,2025-12-31,3397529279.9900,40659066491.1400,37261537211.1500,0.0000,4457064160.1600,0,,,0.0000,0.0000,2026-08-15,2026-06-30,,,,,,,,,,,,,,,,,,,,,base
600563,法拉电子,L2,2026-06-30,2026-08-22,2026-08-22,ok,,5.3600,0.2044,weightavg_ttm,27.0854,6.0364,0.2228,0.2369,down,0.222836,normalized,,5,0.1149,0.1395,n/a,,,64.5233,,,5.1767,0.3879,0.2569,0.3267,0.1000,0.1200,0.1329,-12.7400,-13.0023,0.0000,57.4727,4.5665,growth,0.0037,earnings,median3,capital,,0.0417,,0.0840,,tier,,,,0.1000,0.0300,0.1200,70.2127,63.1914,77.2340,0.20,56.1702,13.56,13.10,0.5790,0.5408,50.1336,100.4812,84,hist12/cv20/term20/path20/legs12,27.0884,-0.0030,0.0000,225000000,2026-08-22,shares_ref,0.000,0.00,0.000,1.0107,1.0000,0.000000,,off,0,0,,,,,operating,2021-12-31,2025-12-31,745188020.5000,894072787.2300,148884766.7300,266449626.4200,628947499.6100,0,,,0.0000,0.0000,2026-08-22,2026-06-30,,,,,,,,,,,,,,,,,,,,,base
600570,恒生电子,L2,2026-06-30,2026-08-26,2026-08-26,ok,,0.6500,0.1300,weightavg_ttm,5.1289,0.9899,0.1927,0.1927,,0.192700,normalized,,9,0.0860,-0.0545,pre_adjusted,,,9.0682,,,0.5755,0.7688,0.0323,0.4661,0.0980,0.0496,0.0132,-3.1931,-3.6675,0.4665,5.7372,0.4612,growth,0.0178,earnings,"blend(λ=0.5,w=0.00,v=0.22)",capital,,-0.0899,,0.0151,,tier,,,,0.1000,0.0300,0.1180,8.9304,8.0373,9.8234,0.20,7.1443,15.52,13.74,0.4856,0.5991,7.3503,10.8369,69,hist12/cv5/term20/path20/legs12,5.6311,-0.0079,-0.4942,1894130907,2026-08-26,shares_ref,0.000,0.50,0.225,1.0001,1.0000,0.000000,,off,0,0,,,,,operating,2021-12-31,2025-12-31,-3404448577.5300,-2541277472.1200,863171105.4100,0.0000,0.0000,0,,,0.0000,0.0000,2026-08-26,2026-06-30,,,,,,,,,,,,,,,,,,,,,base
600600,青岛啤酒,L2,2026-06-30,2026-08-27,2026-08-27,ok,,3.3740,0.1472,weightavg_ttm,22.9816,3.5358,0.1538,0.1538,,0.153800,normalized,,5,0.8431,0.1846,n/a,,,50.2611,,,3.1700,1.2542,0.5950,0.2749,0.0998,0.0661,0.2501,-18.1550,-19.9287,0.6475,44.4676,2.4682,growth,0.0274,earnings,"blend(λ=0.5,w=0.02,v=0.00)",capital,,0.0243,,0.1100,,tier,,,,0.1000,0.0300,0.1198,62.6225,56.3603,68.8848,0.20,50.0980,19.75,18.56,0.5067,0.5582,44.8135,90.2892,84,hist12/cv20/term20/path20/legs12,22.9900,-0.0085,0.0000,1364195121,2026-08-27,shares_ref,0.017,0.50,0.000,1.0034,1.0000,0.000000,,off,0,0,,,,,operating,2021-12-31,2025-12-31,-10601969113.0000,-9389535500.0000,1212433613.0000,0.0000,0.0000,0,,,0.0000,0.0000,2026-08-27,2026-06-30,,,,,,,,,,,,,,,,,,,,,base
600660,福耀玻璃,L2,2026-06-30,2026-08-19,2026-08-19,ok,,3.2500,0.2272,weightavg_ttm,14.6277,4.0887,0.2779,0.1765,,0.176500,lift2(孰高),,9,0.3243,0.5428,n/a,,,40.4065,,,2.9739,0.1944,0.3742,0.5014,0.0746,0.0216,0.1653,0.4691,-0.6154,-0.0017,55.5693,3.5248,growth,0.0000,earnings,"blend(λ=1.0,w=0.17,v=0.00)",capital,,0.1762,,0.1876,,tier,,,,0.1000,0.0300,0.0946,55.1002,49.4902,60.7102,0.20,44.8801,18.86,17.26,0.8785,0.0000,29.6524,120.9490,69,hist12/cv20/term5/path20/legs12,13.3699,-0.0845,1.3423,2609743532,2026-08-19,shares_ref,0.170,1.00,0.000,0.9104,0.9104,0.000000,,off,0,0,,,,,operating,2021-12-31,2025-12-31,5168154956.0000,8936134216.0000,3767979260.0000,1114012365.0000,2922909334.0000,0,,,0.0000,0.0000,2026-08-19,2026-06-30,,,,,,,,,,,1.000000,1.0000,除权归一化至 2026-09-24 现价口径：2026-09-24 现金1/送转0,,,,,,,,base
600690,海尔智家,L2,2026-06-30,2026-08-28,2026-08-28,ok,,1.9400,0.1500,weightavg_ttm,12.7621,2.2213,0.1724,0.1724,,0.172400,normalized,,5,0.7849,0.1707,n/a,,,28.4409,,,2.2633,0.2278,0.1747,0.1848,0.0866,0.0576,0.1412,-2.3150,-3.2539,0.7905,25.7481,1.8739,growth,0.0288,earnings,median3,capital,,0.0431,,0.0323,,tier,,,,0.1000,0.0300,0.1066,28.0631,25.2568,30.8694,0.20,22.4505,12.40,14.47,0.6274,0.5503,20.1893,39.8412,76,hist12/cv20/term12/path20/legs12,11.4661,-0.1041,1.4001,9377629650,2026-08-28,shares_ref,0.000,0.00,0.000,0.9122,0.8938,0.000000,,off,0,0,,,,,operating,2021-12-31,2025-12-31,-15078612581.6700,-8921785138.2400,6156827443.4300,0.0000,1787975081.9200,0,,,0.0000,0.0000,2026-08-28,2026-06-30,,,,,,,,,,,,,,,,,,,,,b2
600750,华润江中,L2,2026-06-30,2026-08-22,2026-08-22,ok,,1.3900,0.2137,weightavg_ttm,6.2285,1.4193,0.2278,0.1768,up,0.199612,lift2(孰高),,5,0.5832,,n/a,,,16.0304,,,1.3053,0.4406,4.3812,0.1771,0.1000,0.1200,0.1857,-2.3873,-4.4077,1.0535,14.1478,1.2676,growth,0.0819,earnings,"blend(λ=1.0,w=0.49,v=0.00)",capital,,0.1012,,0.0708,,tier,,,,0.1000,0.0300,0.1200,16.5351,14.8316,18.2386,0.20,13.6281,13.05,12.26,0.5562,0.5886,12.2444,23.9410,84,hist12/cv20/term20/path20/legs12,6.2295,-0.0011,0.0000,634953289,2026-08-22,shares_ref,0.492,1.00,0.000,0.9659,0.9659,0.000000,,off,0,0,,,,,operating,2021-12-31,2025-12-31,533716713.1000,488305381.1400,-45411331.9600,485336260.7800,283695894.3900,0,,,0.0000,0.0000,2026-08-22,2026-06-30,,,,,,,,,,,1.000000,0.5000,除权归一化至 2026-09-24 现价口径：2026-09-11 现金0.5/送转0,,,,,,,,base
600803,新奥股份,L2,2026-06-30,2026-08-29,2026-08-29,ok,,1.4100,0.1785,weightavg_ttm,7.5743,1.4630,0.1906,0.1906,,0.190600,normalized,,9,0.1604,0.0048,n/a,,,17.2782,,,3.0827,0.1401,-0.0917,0.4978,0.0750,0.0342,0.1474,23.6872,4.0242,12.1539,40.8597,3.0528,growth,0.5311,earnings,median3,none,,-0.1177,,0.0000,,tier,,,,0.1000,0.0300,0.0950,17.1725,15.4553,18.8898,0.20,13.7380,5.57,12.18,0.6474,0.5793,5.4374,36.1710,69,hist12/cv20/term12/path20/legs5,10.6697,-0.0979,-2.9975,3097090000,2026-08-29,shares_ref,0.000,0.00,0.000,0.9317,0.9081,0.000000,,off,0,0,,,,,operating,2021-12-31,2025-12-31,-16170720000.0000,-13398140000.0000,2772580000.0000,863890000.0000,792410000.0000,0,,,0.0000,0.0000,2026-08-29,2026-06-30,,,,,,,,,,,,,,,,,,,,,b2
600809,山西汾酒,L2,2026-06-30,2026-08-31,2026-08-31,ok,,8.3450,0.2473,weightavg_ttm,31.2235,13.1188,0.4204,0.4204,,0.420400,normalized,,5,0.3956,0.2830,n/a,,,135.1069,,,11.3099,1.6230,0.8600,0.0667,0.0997,0.0657,0.2615,-21.6776,-22.2446,0.3947,124.7817,6.6084,growth,0.0040,earnings,median3,capital,,0.0110,,0.0267,,tier,,,,0.1000,0.0300,0.1197,146.4593,131.8133,161.1052,0.20,117.1674,12.95,17.55,0.4600,0.4975,111.6544,189.1167,76,hist12/cv12/term20/path20/legs12,31.1870,0.0181,0.0184,1219964222,2026-08-31,shares_ref,0.000,0.00,0.000,0.8313,0.8313,0.000000,,off,0,0,,,,,operating,2021-12-31,2025-12-31,635526585.8500,2325297519.6600,1689770933.8100,4411532296.8800,2060271766.7100,0,,,0.0000,0.0000,2026-08-31,2026-06-30,,,,,,,,,,,,,,,,,,,,,b2
600862,中航高科,L2,2026-06-30,2026-08-28,2026-08-28,ok,,0.6300,0.1102,weightavg_ttm,5.6080,0.8349,0.1489,0.1489,,0.148900,normalized,,5,0.4342,0.1569,n/a,,,10.0374,,,0.8971,0.1931,0.1606,0.6807,0.0992,0.0429,0.1477,-0.9909,-1.2959,0.3058,10.5116,0.7054,growth,0.0027,earnings,median3,capital,,0.0096,,0.1093,,tier,,,,0.1000,0.0300,0.1192,11.5025,10.3522,12.6527,0.20,9.2020,12.82,18.26,0.6629,0.2465,8.0874,17.3625,76,hist12/cv20/term12/path20/legs12,5.6071,0.0009,0.0000,1393049107,2026-08-28,shares_ref,0.000,0.00,0.000,0.8390,0.7419,0.000000,,off,0,0,,,,,operating,2021-12-31,2025-12-31,1591661315.2600,4141438641.6700,2549777326.4100,100000.0000,196073248.1200,0,,,0.0000,0.0000,2026-08-28,2026-06-30,,,,,,,,,,,,,,,,,,,,,b2
600885,宏发股份,L2,2026-06-30,2026-07-30,2026-07-30,ok,,1.2864,0.1632,weightavg_ttm,8.5374,1.5366,0.1786,0.1786,,0.178600,normalized,,5,0.0817,0.1203,raw,,,16.3156,,,1.9911,0.1850,0.2118,0.3220,0.0972,0.0552,0.1300,4.5775,-1.8496,2.2910,22.0097,1.2538,growth,0.2684,earnings,median3,capital,,0.1270,,0.0682,,tier,,,,0.1000,0.0300,0.1172,17.4323,15.6891,19.1755,0.20,13.9458,8.76,13.55,0.6170,0.4201,11.1408,27.1983,76,hist12/cv20/term12/path20/legs12,8.5613,-0.0239,0.0000,1547594313,2026-07-30,shares_ref,0.000,0.00,0.000,1.1091,1.0000,0.000000,,off,0,0,,,,,operating,2021-12-31,2025-12-31,3942155182.2100,5565415060.6800,1623259878.4700,0.0000,0.0000,0,,,0.0000,0.0000,2026-07-30,2026-06-30,,,,,,,,,,,,,,,,,,,,,base
600887,伊利股份,L2,2026-06-30,2026-08-27,2026-08-27,ok,,1.6000,0.1836,weightavg_ttm,8.4914,1.7477,0.2020,0.2020,,0.202000,normalized,,5,0.2039,0.3371,n/a,,,24.7190,,,1.5037,0.1896,,0.0938,0.0692,0.0381,0.1139,-2.9949,-3.7702,0.6157,20.8344,1.5436,growth,0.0000,earnings,"blend(λ=0.5,w=0.00,v=0.00)",none,,0.0177,,0.0000,,tier,,,,0.1000,0.0300,0.0892,23.8293,21.4463,26.2122,0.20,19.0634,15.85,14.89,0.6995,0.4872,16.5773,36.7363,61,hist12/cv12/term12/path20/legs5,6.9204,-0.1597,1.7307,6325360667,2026-08-27,shares_ref,0.000,0.50,0.000,0.8753,0.8753,0.000000,,off,0,0,,,,,operating,2021-12-31,2025-12-31,-12979523346.1800,-12697445659.0100,282077687.1700,0.0000,140309963.9800,0,,,0.0000,0.0000,2026-08-27,2026-06-30,,,,,,,,,,,,,,,,,,,,,base
600900,长江电力,L2,2026-06-30,2026-08-31,2026-08-31,ok,,1.4796,0.1636,weightavg_ttm,8.8331,1.5769,0.1780,0.1492,,0.149200,lift2(孰高),,5,0.0560,0.2350,n/a,,,14.8978,,,1.7033,0.0816,0.0564,-0.0827,0.0643,0.0422,0.1627,11.5935,11.0851,0.4826,30.5517,1.6470,growth,0.0132,earnings,"blend(λ=0.5,w=0.00,v=0.00)",none,,0.1973,,0.0000,,tier,,,,0.1000,0.0300,0.0816,18.9583,17.0624,20.8541,0.20,15.1666,11.13,12.81,0.6687,0.6325,9.4230,34.5957,69,hist12/cv20/term12/path20/legs5,10.2598,-0.0258,-1.4008,24468217716,2026-08-31,shares_ref,0.000,0.50,0.000,1.0493,0.9834,0.000000,,off,0,0,,,,,operating,2021-12-31,2025-12-31,-1345506096.3000,3412609142.1500,4758115238.4500,0.0000,0.0000,0,,,0.0000,0.0000,2026-08-31,2026-06-30,,,,,,,,,,,,,,,,,,,,,base
600938,中国海油,L2,2026-06-30,2026-08-27,2026-08-27,ok,,2.9200,0.1695,weightavg_ttm,18.0108,3.3520,0.1840,0.1550,,0.155000,lift2(孰高),,9,0.0627,0.1634,n/a,,,37.9750,,,3.2099,0.2213,0.2857,0.3104,0.0935,0.0250,0.2800,-3.6282,-3.8885,0.0550,38.2575,2.9185,growth,0.0003,earnings,"blend(λ=0.5,w=0.00,v=0.00)",capital,,0.0118,,0.0887,,tier,,,,0.1000,0.0300,0.1135,41.8858,37.6972,46.0743,0.20,33.5086,13.05,14.34,0.6610,0.3512,28.9119,63.5568,76,hist12/cv20/term12/path20/legs12,19.4896,-0.2053,-1.2735,47529953984,2026-08-27,shares_ref|shares_backfill,0.000,0.50,0.000,1.1334,0.8999,0.000000,,off,0,0,,,,,operating,2021-12-31,2025-12-31,-33933000000.0000,-35744000000.0000,-1811000000.0000,0.0000,546000000.0000,0,,,0.0000,0.0000,2026-08-27,2026-06-30,,,,,,,,,,,,,,,,,,,,,base
600970,中材国际,L2,2026-06-30,2026-08-26,2026-08-26,ok,,0.9100,0.1056,weightavg_ttm,8.6083,1.2912,0.1496,0.1496,,0.149600,normalized,,5,0.0185,0.0972,n/a,,,15.7175,,,1.4550,0.1985,0.0554,0.5202,0.0883,0.0426,0.1547,0.7368,-0.7277,0.6431,16.2594,0.4071,growth,0.0848,earnings,"blend(λ=0.0,w=0.00,v=0.19)",capital,,-0.0329,,0.0288,,tier,,,,0.1000,0.0300,0.1083,15.5226,13.9703,17.0748,0.20,12.4180,10.67,17.06,0.6147,0.5684,10.9008,22.3194,76,hist12/cv20/term12/path20/legs12,8.5669,-0.0234,0.0648,2621819524,2026-08-26,shares_ref,0.000,0.00,0.194,0.8297,0.7213,0.000000,,off,0,0,,,,,operating,2021-12-31,2025-12-31,897255122.7700,6327930766.6100,5430675643.8400,2813287986.4400,1659483835.9100,0,,,0.0000,0.0000,2026-08-26,2026-06-30,,,,,,,,,,,,,,,,,,,,,base
600989,宝丰能源,L2,2026-06-30,2026-08-13,2026-08-13,ok,,2.1100,0.3071,weightavg_ttm,7.5280,3.1467,0.4185,0.1957,,0.195700,lift2(孰高),,9,0.0639,0.2444,n/a,,,20.7824,,,1.7696,0.1532,0.1162,0.9878,0.0699,0.0247,0.1261,4.9371,4.5364,0.0000,32.7506,2.0834,growth,0.0000,book_fallback,"blend(λ=1.0,w=0.66,v=0.00)",capital,,0.5007,,0.1148,,tier,,,,0.1000,0.0300,0.0899,27.8135,24.9902,30.6369,0.20,22.5868,15.95,13.38,0.8539,0.0000,13.4719,64.5187,59,hist12/cv20/term5/path10/legs12,8.0301,0.0194,-0.5215,7333360000,2026-08-13,shares_ref,0.658,1.00,0.000,1.3533,1.0000,0.000000,,off,0,0,,,,,operating,2021-12-31,2025-12-31,-1161927978.4200,-2338970872.2200,-1177042893.8000,380168707.7800,100532368.8100,0,,,0.0000,0.0000,2026-08-13,2026-06-30,,,,,,,,,,,1.000000,0.4200,除权归一化至 2026-09-24 现价口径：2026-09-01 现金0.42/送转0,,,,,,,,base
600993,马应龙,L2,2026-06-30,2026-08-26,2026-08-26,ok,,1.3900,0.1362,weightavg_ttm,10.3011,1.4784,0.1435,0.1435,,0.143500,normalized,,9,0.0827,0.0963,n/a,,,20.0738,,,1.3571,0.3679,0.1805,0.3719,0.0985,0.0379,0.1457,-6.2861,-6.7121,0.3176,14.6006,1.1809,growth,0.0200,earnings,ttm_growth,capital,,0.0718,,0.0671,,tier,,,,0.1000,0.0300,0.1185,20.8867,18.7980,22.9754,0.20,16.7094,15.39,15.03,0.5748,0.5595,16.0511,27.9234,84,hist12/cv20/term20/path20/legs12,10.3018,-0.0007,0.0000,431053891,2026-08-26,shares_ref,0.000,1.00,0.000,1.0333,1.0000,0.000000,,off,0,0,,,,,operating,2021-12-31,2025-12-31,177975203.8100,577607307.7000,399632103.8900,73784784.0900,395985522.1500,0,,,0.0000,0.0000,2026-08-26,2026-06-30,,,,,,,,,,,,,,,,,,,,,base
601088,中国神华,L2,2026-06-30,2026-08-29,2026-08-29,ok,,2.7590,0.1259,weightavg_ttm,20.7909,3.3362,0.1360,0.1360,,0.136000,normalized,,9,0.1189,0.0271,n/a,,,26.1178,,,3.0593,0.1086,,,0.0895,0.0450,0.2087,8.4305,-1.1868,4.3677,36.5449,2.3942,growth,0.1582,earnings,entity_reset,entity_reset_none,,-0.0268,,0.0000,,tier,,,,0.1000,0.0300,0.1086,28.1144,25.3029,30.9258,0.20,22.4915,9.19,10.19,0.5236,0.7236,20.9140,35.7788,55,hist5/cv5/term20/path20/legs5,26.6328,-3.6472,-2.1948,21231769913,2026-08-29,shares_ref,0.000,1.00,0.000,1.0214,1.0000,0.000000,,off,0,0,,,,,operating,2025-12-31,2025-12-31,-39976000000.0000,-39976000000.0000,0.0000,2010000000.0000,2010000000.0000,0,,,0.0000,0.0000,2026-08-29,2026-06-30,,,,,,,,,,,,,,,,,,,,,base
601100,恒立液压,L2,2026-06-30,2026-08-25,2026-08-25,ok,,2.0400,0.1598,weightavg_ttm,13.3594,2.6718,0.1994,0.1994,,0.199400,normalized,,9,0.1470,-0.0034,n/a,,,26.4564,,,1.9535,0.3496,-0.0846,0.3829,0.0998,0.0365,0.0964,-6.8891,-6.9777,0.0453,17.4046,0.9902,growth,0.0020,earnings,"blend(λ=0.5,w=0.00,v=0.00)",none,,0.0225,,0.0000,,tier,,,,0.1000,0.0300,0.1198,24.2937,21.8644,26.7231,0.20,19.4350,12.44,11.91,0.5074,0.6053,20.1089,29.2036,77,hist12/cv20/term20/path20/legs5,11.9097,-0.0394,1.4890,1340820992,2026-08-25,shares_ref,0.000,0.50,0.000,1.0026,1.0000,0.000000,,off,0,0,,,,,operating,2021-12-31,2025-12-31,2697902042.3400,3741337297.5900,1043435255.2500,1051867544.2000,829514587.5700,0,,,0.0000,0.0000,2026-08-25,2026-06-30,,,,,,,,,,,,,,,,,,,,,base
601138,工业富联,L2,2026-06-30,2026-08-12,2026-08-12,ok,,2.3700,0.2737,weightavg_ttm,8.8567,3.2752,0.3661,0.1813,,0.181300,lift2(孰高),,9,0.0716,0.3210,n/a,,,18.3792,,,1.4677,0.1826,0.2270,0.8081,0.0757,0.0450,0.1392,1.0217,0.9154,0.0178,26.4584,0.1831,growth,0.0007,earnings,"blend(λ=1.0,w=0.88,v=0.00)",capital,,0.3207,,0.1834,,tier,,,,0.1000,0.0300,0.0957,25.4366,22.8930,27.9803,0.20,20.3493,17.33,10.73,0.8732,0.0000,13.3356,54.4611,59,hist12/cv20/term5/path10/legs12,10.8280,-0.0872,-1.8841,19858195000,2026-08-12,shares_ref|shares_backfill,0.876,1.00,0.000,1.3295,1.0000,0.000000,,off,0,0,,,,,operating,2021-12-31,2025-12-31,80349111000.0000,136015360000.0000,55666249000.0000,0.0000,26190834000.0000,0,,,0.0000,0.0000,2026-08-12,2026-06-30,,,,,,,,,,,,,,,,,,,,,base
601225,陕西煤业,L2,2026-06-30,2026-08-28,2026-08-28,ok,,2.1000,0.2076,weightavg_ttm,10.4321,2.1857,0.2132,0.2132,,0.213200,normalized,,9,0.2401,-18009.1189,n/a,,,29.5164,,,4.1130,0.4152,-0.1186,0.0468,0.0899,0.0432,0.1771,14.5263,-0.8396,4.2512,41.1271,2.2858,growth,0.3704,earnings,median3,none,,-0.0130,,0.0000,,tier,,,,0.1000,0.0300,0.1099,26.6007,23.9407,29.2608,0.20,21.2806,6.47,12.67,0.5465,0.5697,15.2368,40.8598,69,hist12/cv12/term20/path20/legs5,14.1875,0.1806,-3.9360,9695000000,2026-08-28,shares_ref,0.000,0.00,0.000,1.2168,0.7072,0.000000,,off,0,0,,,,,operating,2021-12-31,2025-12-31,-28393886372.2500,-24205436734.9900,4188449637.2600,143276162.2100,94465800.5600,0,,,0.0000,0.0000,2026-08-28,2026-06-30,,,,,,,,,,,,,,,,,,,,,base
601288,农业银行,L2,2026-06-30,2026-08-29,2026-08-29,ok,,0.8100,0.1015,weightavg_ttm,8.1662,0.8545,0.1046,0.1091,,0.109100,"guarded(λ=0.0,w=0.00,v=0.00)",,5,0.9093,0.0638,n/a,,,,,,,,,,,,,,,,,,bank_divspread,,,,,0.2182,0.0415,0.0818,0.0818,,tier,,,,0.1000,0.0300,0.1046,6.5876,5.9288,7.2464,0.20,7.5685,11.08,11.68,0.6134,0.3172,7.2239,12.0612,77,hist20/cv20/term12/path5/legs20,8.1689,-0.0028,,373129487179,2026-08-29,shares_ref,0.000,0.00,0.000,1.0236,1.0000,0.000000,,off,0,0,,,,,operating,,,,,,,,0,,,0.0000,0.0000,2026-08-29,2026-06-30,,,,,,,,,,,,,,,,,,,,,base
601318,中国平安,L2,2026-06-30,2026-08-21,2026-08-21,ok,,9.1100,0.1580,weightavg_ttm,56.7751,9.7263,0.1655,0.1320,,0.140000,"guarded(λ=1.0,w=0.00,v=0.00)",,9,0.2900,0.1767,n/a,,,,,,,,,,,,,,,,,,bank_divspread,,,,,0.2547,0.1310,0.1233,0.1233,,tier,,,,0.1000,0.0300,0.1200,70.9459,63.8513,78.0405,0.20,92.3988,12.08,12.68,0.6813,0.1454,78.2737,182.1782,69,hist20/cv12/term12/path5/legs20,58.7731,-1.9980,,17549218750,2026-08-21,shares_ref,0.000,1.00,0.000,1.1821,1.0000,0.000000,,off,0,0,,,,,operating,,,,,,,,0,,,0.0000,0.0000,2026-08-21,2026-06-30,,,,,,,,,,,,,,,,,,,,,base
601398,工商银行,L2,2026-06-30,2026-08-29,2026-08-29,ok,,1.0100,0.0936,weightavg_ttm,11.1174,1.0998,0.0988,0.1066,,0.106600,"guarded(λ=0.0,w=0.00,v=0.00)",,5,0.9245,0.0187,n/a,,,,,,,,,,,,,,,,,,bank_divspread,,,,,0.2165,0.0099,0.0774,0.0774,,tier,,,,0.1000,0.0300,0.0988,8.1857,7.3671,9.0043,0.20,9.3539,10.64,11.58,0.6117,0.3125,8.9551,14.6240,69,hist20/cv20/term12/path5/legs12,11.1315,-0.0141,,368562000000,2026-08-29,shares_ref,0.000,0.00,0.000,1.0151,1.0000,0.000000,,off,0,0,,,,,operating,,,,,,,,0,,,0.0000,0.0000,2026-08-29,2026-06-30,,,,,,,,,,,,,,,,,,,,,base
601717,中创智领,L2,2026-06-30,2026-08-31,2026-08-31,ok,,1.9380,0.1495,weightavg_ttm,13.2671,2.3857,0.1806,0.1715,up,0.180584,normalized,,5,1.0000,0.2548,n/a,,,27.5365,,,2.3338,0.2039,0.2462,0.2906,0.0842,0.0366,0.1471,0.3091,-1.4001,0.3945,30.2707,0.5590,growth,0.0562,earnings,median3,capital,,0.0707,,0.0715,,tier,,,,0.1000,0.0300,0.1042,29.9616,26.9654,32.9577,0.20,23.9693,12.84,15.46,0.6950,0.3697,19.2853,48.5928,76,hist12/cv20/term12/path20/legs12,12.6732,0.0721,0.5218,1785399930,2026-08-31,shares_ref,0.000,0.00,0.000,0.7876,0.7876,0.000000,,off,0,0,,,,,operating,2021-12-31,2025-12-31,5386931071.0600,8599704516.0900,3212773445.0300,3520038086.0500,2040487693.3100,0,,,0.0000,0.0000,2026-08-31,2026-06-30,,,,,,,,,,,,,,,,,,,,,b2
601838,成都银行,L2,2026-06-30,2026-08-27,2026-08-27,ok,,3.1300,0.1494,weightavg_ttm,21.7589,3.8318,0.1781,0.1781,,0.178100,"guarded(λ=0.0,w=0.00,v=0.00)",,5,0.1485,0.1207,n/a,,,,,,,,,,,,,,,,,,bank_divspread,,,,,0.2899,0.0673,0.1265,0.1265,,tier,,,,0.1000,0.0300,0.1200,23.8764,21.4888,26.2640,0.20,37.2192,12.08,14.86,0.6850,0.1482,31.2961,73.9644,69,hist20/cv20/term12/path5/legs12,21.5147,0.2441,,4326870358,2026-08-27,shares_ref,0.000,0.00,0.000,1.0217,1.0000,0.000000,,off,0,0,,,,,operating,,,,,,,,0,,,0.0000,0.0000,2026-08-27,2026-06-30,,,,,,,,,,,,,,,,,,,,,base
601899,紫金矿业,L2,2026-06-30,2026-08-22,2026-08-22,ok,,2.5460,0.3653,weightavg_ttm,7.5954,3.8277,0.4777,0.2529,,0.252900,lift2(孰高),,5,0.7241,0.3199,n/a,,,24.3614,,,2.3627,0.1486,0.2383,0.3649,0.0697,0.0316,0.2097,10.9947,3.3132,2.7235,41.4666,2.5609,growth,0.1908,earnings,cyclical_median,capital,,0.5631,,0.0870,,tier,,,,0.1000,0.0300,0.0897,30.4718,27.4246,33.5190,0.20,24.3775,12.90,11.97,0.8169,0.1381,12.8817,71.8211,59,hist12/cv20/term5/path10/legs12,7.4679,-0.4025,0.5300,26821848747,2026-08-22,shares_ref,1.000,1.00,0.000,1.3067,1.0000,0.000000,,off,0,0,,,,,operating,2021-12-31,2025-12-31,11340987591.0000,6429660613.0000,-4911326978.0000,1958255180.0000,2153525886.0000,0,,,0.0000,0.0000,2026-08-22,2026-06-30,,,,,,,,,,,,,,,,,,,,,base
601939,建设银行,L2,2026-06-30,2026-08-29,2026-08-29,ok,,1.3000,0.0976,weightavg_ttm,13.6858,1.4631,0.1069,0.1156,,0.115600,"guarded(λ=0.0,w=0.00,v=0.00)",,5,0.8470,0.0334,n/a,,,,,,,,,,,,,,,,,,bank_divspread,,,,,0.2062,0.0161,0.0849,0.0849,,tier,,,,0.1000,0.0300,0.1069,10.2626,9.2363,11.2889,0.20,13.1774,11.26,12.67,0.6166,0.3089,12.5406,21.1912,69,hist20/cv20/term12/path5/legs12,13.6870,-0.0012,,260696923077,2026-08-29,shares_ref,0.000,0.00,0.000,1.0221,1.0000,0.000000,,off,0,0,,,,,operating,,,,,,,,0,,,0.0000,0.0000,2026-08-29,2026-06-30,,,,,,,,,,,,,,,,,,,,,base
601965,中国汽研,L2,2026-06-30,2026-08-26,2026-08-26,ok,,1.0800,0.1395,weightavg_ttm,8.0054,1.1687,0.1461,0.1329,,0.132900,lift2(孰高),,5,0.6903,0.1539,n/a,,,12.6896,,,1.1821,0.1652,0.1002,0.5347,0.0881,0.0255,0.1578,0.7320,-1.1251,1.8651,14.3067,0.7699,growth,0.0565,earnings,ttm_growth,capital,,0.1365,,0.0536,,tier,,,,0.1000,0.0300,0.1081,13.5747,12.2172,14.9322,0.20,10.8597,11.48,12.57,0.6482,0.4448,9.3418,20.4172,76,hist12/cv20/term12/path20/legs12,7.9974,0.0080,0.0000,1003054887,2026-08-26,shares_ref,0.000,1.00,0.000,1.0176,1.0000,0.000000,,off,0,0,,,,,operating,2021-12-31,2025-12-31,431805833.2600,1268984012.3800,837178179.1200,30128510.8700,18561280.9100,0,,,0.0000,0.0000,2026-08-26,2026-06-30,,,,,,,,,,,,,,,,,,,,,base
603067,振华股份,L2,2026-06-30,2026-08-28,2026-08-28,ok,,0.9400,0.1784,weightavg_ttm,5.7280,1.0905,0.1977,0.1591,,0.159100,lift2(孰高),,5,0.4587,0.2176,raw,,,10.9081,,,1.0110,0.1351,0.1726,0.5721,0.0820,0.0354,0.1168,1.4335,1.5975,0.0199,15.0095,0.1204,growth,0.0037,earnings,"blend(λ=1.0,w=0.24,v=0.00)",capital,,0.2209,,0.0987,,tier,,,,0.1000,0.0300,0.1020,13.5760,12.2184,14.9336,0.20,10.8608,13.43,14.44,0.7504,0.1387,8.3352,24.1072,69,hist12/cv20/term5/path20/legs12,5.5143,0.2137,0.0000,711129932,2026-08-28,shares_ref,0.241,1.00,0.000,1.0156,1.0000,0.000000,,off,0,0,,,,,operating,2021-12-31,2025-12-31,862017488.1600,1654436850.0800,792419361.9200,239404808.2200,389014419.6200,0,,,0.0000,0.0000,2026-08-28,2026-06-30,,,,,,,,,,,,,,,,,,,,,base
603129,春风动力,L2,2026-06-30,2026-08-18,2026-08-18,ok,,11.3700,0.2289,weightavg_ttm,52.1690,13.7779,0.2652,0.1926,,0.192600,lift2(孰高),,9,0.1844,0.3200,n/a,,,172.8055,,,11.5650,1.4806,2.9238,-0.5967,0.1001,0.1134,0.0772,-57.3375,-63.1093,1.6643,115.0370,26.1884,growth,0.0336,earnings,"blend(λ=0.5,w=0.00,v=0.00)",none,,0.2243,,0.0000,,tier,,,,0.1000,0.0300,0.1201,172.3744,155.1370,189.6119,0.20,137.8996,14.90,15.16,0.4469,0.5231,145.2021,202.8270,77,hist12/cv20/term20/path20/legs5,37.4574,0.2224,14.4892,152577663,2026-08-18,shares_ref,0.000,0.50,0.000,1.0374,1.0000,0.000000,,off,0,0,,,,,operating,2021-12-31,2025-12-31,-1779731343.9500,-5804088073.8400,-4024356729.8900,2160000.0000,122360951.9500,0,,,0.0000,0.0000,2026-08-18,2026-06-30,,,,,,,,,,,,,,,,,,,,,b2
603156,养元饮品,L2,2026-06-30,2026-08-22,2026-08-22,ok,,1.0870,0.1530,weightavg_ttm,6.9641,1.1828,0.1731,0.1329,,0.132900,lift2(孰高),,5,0.6064,,n/a,,,16.8271,,,0.9744,1.2697,,-0.0757,0.0963,0.0200,0.2267,-6.2111,-6.5823,0.0021,9.9566,1.3963,growth,0.0000,earnings,"blend(λ=0.5,w=0.00,v=0.00)",none,,-0.0680,,0.0000,,tier,,,,0.1000,0.0300,0.1163,16.1677,14.5009,17.8345,0.20,13.3342,17.11,15.33,0.4654,0.5359,14.1874,19.5276,77,hist12/cv20/term20/path20/legs5,6.4898,0.1309,0.3435,1260277566,2026-08-22,shares_ref,0.000,0.50,0.000,1.0874,0.8326,0.000000,,off,0,0,,,,,operating,2021-12-31,2025-12-31,-1630592271.0700,-2158662066.6100,-528069795.5400,0.0000,0.0000,0,,,0.0000,0.0000,2026-08-22,2026-06-30,,,,,,,,,,,1.000000,0.5000,除权归一化至 2026-09-24 现价口径：2026-09-23 现金0.5/送转0,,,,,,,,base
603195,公牛集团,L2,2026-06-30,2026-08-28,2026-08-28,ok,,2.3100,0.2518,weightavg_ttm,8.4222,2.4279,0.2828,0.2828,,0.282800,normalized,,5,0.5807,0.2155,raw,,,28.2438,,,2.0020,2.0422,1.8157,0.1055,0.0966,0.0294,0.1690,-7.5107,-7.6746,0.0056,24.8039,2.2404,growth,0.0000,earnings,median3,capital,,0.0592,,0.0422,,tier,,,,0.1000,0.0300,0.1166,32.3146,29.0831,35.5460,0.20,25.8517,16.14,13.99,0.4772,0.4051,24.6948,42.3541,84,hist12/cv20/term20/path20/legs12,7.9541,-0.1583,0.6265,1807973428,2026-08-28,shares_ref,0.000,0.00,0.000,1.0224,0.9899,0.000000,,off,0,0,,,,,operating,2021-12-31,2025-12-31,-1327496867.5600,-1823819168.0400,-496322300.4800,927023.0000,19820158.5600,0,,,0.0000,0.0000,2026-08-28,2026-06-30,,,,,,,,,,,,,,,,,,,,,base
603259,药明康德,L2,2026-06-30,2026-08-04,2026-08-04,ok,,7.4900,0.2782,weightavg_ttm,27.9291,10.4462,0.3665,0.1899,,0.189900,lift2(孰高),,9,0.1770,0.3615,n/a,,,71.6431,,,5.3758,0.2435,0.5968,0.4171,0.0928,0.0303,0.1913,-13.0331,-14.8472,0.1929,77.8544,4.9140,growth,0.0096,earnings,ttm_growth,capital,,0.3168,,0.1668,,tier,,,,0.1000,0.0300,0.1128,90.8875,81.7477,100.0272,0.20,73.1180,17.00,12.20,0.7531,0.0874,57.7694,160.2196,69,hist12/cv20/term5/path20/legs12,23.2908,-0.4105,5.0489,2983757155,2026-08-04,shares_ref,0.000,1.00,0.000,1.1316,1.0000,0.000000,,off,0,0,,,,,operating,2021-12-31,2025-12-31,4615052597.3100,6742910948.9500,2127858351.6400,0.0000,0.0000,0,,,0.0000,0.0000,2026-08-04,2026-06-30,,,,,,,,,,,1.000000,0.5100,除权归一化至 2026-09-24 现价口径：2026-09-04 现金0.51/送转0,,,,,,,,b2
603279,景津装备,L2,2026-06-30,2026-08-26,2026-08-26,ok,,0.7100,0.0934,weightavg_ttm,7.9106,1.4420,0.1822,0.1822,,0.182200,normalized,,9,0.0113,-0.1302,pre_adjusted,,,20.6422,,,1.7534,0.3306,-0.1106,-0.1906,0.0966,0.0274,0.2439,-2.4974,-2.4987,0.0000,16.1622,1.5100,growth,0.0000,book_fallback,trough_median,none,,-0.2473,,0.0000,,tier,,,,0.1000,0.0300,0.1166,18.6596,16.7937,20.5256,0.20,14.9277,10.64,26.28,0.5247,0.5946,14.6491,23.4863,69,hist12/cv12/term20/path20/legs5,8.2173,-0.0013,-0.3054,576373000,2026-08-26,shares_ref,0.000,0.00,1.000,0.7819,0.4844,0.000000,,off,0,0,,,,,operating,2021-12-31,2025-12-31,362934612.1200,-236856209.5700,-599790821.6900,118637421.6900,164817891.1900,0,,,0.0000,0.0000,2026-08-26,2026-06-30,,,,,,,,,,,,,,,,,,,,,base
603288,海天味业,L2,2026-06-30,2026-08-27,2026-08-27,ok,,1.2500,0.1744,weightavg_ttm,6.6806,1.4679,0.2099,0.2177,down,0.209852,normalized,,5,0.4875,0.0487,raw,,,17.6801,,,1.1337,1.8944,0.2446,0.1355,0.0997,0.0587,0.1803,-6.3040,-6.6881,0.0859,13.0190,1.1634,growth,0.0010,earnings,ttm_growth,capital,,0.0742,,0.0331,,tier,,,,0.1000,0.0300,0.1197,19.3230,17.3907,21.2553,0.20,15.4584,17.04,15.46,0.4613,0.4529,15.5919,23.9978,84,hist12/cv20/term20/path20/legs12,5.6450,-0.2982,1.3337,5851824944,2026-08-27,shares_ref,0.000,1.00,0.000,1.0392,1.0000,0.000000,,off,0,0,,,,,operating,2021-12-31,2025-12-31,-5751713413.6900,-5478163050.1800,273550363.5100,0.0000,0.0000,0,,,0.0000,0.0000,2026-08-27,2026-06-30,,,,,,,,,,,,,,,,,,,,,base
603338,浙江鼎力,L2,2026-06-30,2026-08-28,2026-08-28,ok,,3.6200,0.1613,weightavg_ttm,23.2655,4.5075,0.1932,0.1932,,0.193200,normalized,,5,0.1754,0.1800,n/a,,,50.3505,,,3.8825,0.2727,0.2082,0.3287,0.0933,0.0200,0.1490,-8.7196,-8.7913,0.0058,44.1349,2.2441,growth,0.0001,earnings,median3,capital,,0.0663,,0.0684,,tier,,,,0.1000,0.0300,0.1133,52.8544,47.5690,58.1399,0.20,42.2836,13.61,14.60,0.6252,0.4818,38.1213,75.7154,76,hist12/cv20/term12/path20/legs12,18.7913,-0.0659,4.5401,506347879,2026-08-28,shares_ref,0.000,0.00,0.000,0.9670,0.9670,0.000000,,off,0,0,,,,,operating,2021-12-31,2025-12-31,986728238.4800,1439843421.7900,453115183.3100,17801753.7000,6866314.4600,0,,,0.0000,0.0000,2026-08-28,2026-06-30,,,,,,,,,,,,,,,,,,,,,base
603369,今世缘,L2,2026-06-30,2026-08-18,2026-08-18,ok,,1.9704,0.1477,weightavg_ttm,13.7536,3.2651,0.2374,0.2374,,0.237400,normalized,,5,0.0831,0.0800,n/a,,,37.0982,,,2.8896,1.0096,0.0679,0.8687,0.0935,0.0200,0.2474,-6.1827,-6.1828,0.0000,36.0934,1.0500,growth,0.0000,book_fallback,median3,capital,,-0.0576,,0.0590,,tier,,,,0.1000,0.0300,0.1135,42.2761,38.0485,46.5037,0.20,33.8208,14.63,21.46,0.5171,0.5664,29.6439,60.2044,69,hist12/cv5/term20/path20/legs12,14.1013,-0.0001,-0.3475,1246800037,2026-08-18,shares_ref,0.000,0.00,0.000,0.9435,0.6868,0.000000,,off,0,0,,,,,operating,2021-12-31,2025-12-31,-284143555.7300,2821309440.2700,3105452996.0000,21847700.0000,26377800.2800,0,,,0.0000,0.0000,2026-08-18,2026-06-30,,,,,,,,,,,,,,,,,,,,,base
603501,豪威集团,L2,2026-06-30,2026-08-25,2026-08-25,ok,,2.6500,0.1111,weightavg_ttm,25.7447,3.0685,0.1339,0.1339,,0.133900,normalized,,9,0.0253,-0.0480,pre_adjusted,,,41.0205,,,2.7450,0.1566,-0.0772,0.4247,0.0830,0.0390,0.1237,-7.9489,-5.1054,-0.0149,31.9514,2.3039,growth,0.0000,earnings,"blend(λ=0.5,w=0.00,v=0.00)",none,,,,0.0000,,tier,,,,0.1000,0.0300,0.1030,39.9003,35.9102,43.8903,0.20,31.9202,14.54,15.06,0.6006,0.6056,31.7297,51.6735,54,hist12/cv5/term12/path20/legs5,19.1367,2.8435,3.7645,1277838124,2026-08-25,shares_eps|book_break,0.000,0.50,0.000,0.8002,0.8002,0.000000,,off,0,0,,,,,operating,2021-12-31,2025-12-31,8586887963.8000,10010844938.5100,1423956974.7100,228746966.6700,219184600.1300,0,,,0.0000,0.0000,2026-08-25,2026-06-30,,,,,,,,,,,,,,,,,,,,,b2
603505,金石资源,L2,2026-06-30,2026-08-21,2026-08-21,ok,,0.3500,0.1595,weightavg_ttm,2.2383,0.4200,0.1878,0.1878,,0.187800,normalized,,9,0.1797,0.2705,raw,,,4.7429,,,0.5255,0.1284,0.0500,1.9300,0.0574,0.0320,0.1248,4.4182,3.7022,0.7187,11.3592,-0.2870,growth,0.0231,earnings,"blend(λ=0.5,w=0.00,v=0.00)",capital,,0.0431,,0.0500,,tier,,,,0.1000,0.0300,0.0774,6.9410,6.2469,7.6351,0.20,5.5528,13.21,19.83,0.8502,0.2532,1.5373,24.6002,61,hist12/cv12/term5/path20/legs12,2.4117,0.0027,-0.1761,841668813,2026-08-21,shares_ref,0.000,0.50,0.000,0.8882,0.8882,0.000000,,off,0,0,,,,,operating,2021-12-31,2025-12-31,214340640.2500,720092894.6100,505752254.3600,199648670.4400,893530171.9300,0,,,0.0000,0.0000,2026-08-21,2026-06-30,,,,,,,,,,,,,,,,,,,,,base
603508,思维列控,L2,2026-06-30,2026-08-08,2026-08-08,ok,,1.4900,0.1390,weightavg_ttm,10.8098,2.0003,0.1850,0.0930,,0.093000,lift2(孰高),,9,0.0920,,pre_adjusted,,,12.0495,,,0.9494,0.1309,0.7311,0.0942,0.1000,0.0200,0.1581,-2.5243,-3.0258,0.3752,10.3299,1.6773,growth,0.0374,earnings,cyclical_median,capital,,0.1368,,0.0377,,tier,,,,0.1000,0.0300,0.1200,12.8542,11.5687,14.1396,0.20,10.2833,13.54,8.63,0.5388,0.6533,10.6775,15.9764,74,hist12/cv20/term20/path10/legs12,10.0335,-0.0018,0.7781,381274377,2026-08-08,shares_ref,1.000,1.00,0.000,1.0254,1.0000,0.000000,,off,0,0,,,,,operating,2021-12-31,2025-12-31,786646620.8000,1024941388.4300,238294767.6300,60420685.0700,69661397.4000,0,,,0.0000,0.0000,2026-08-08,2026-06-30,,,,,,,,,,,,,,,,,,,,,base
603529,爱玛科技,L2,2026-06-30,2026-08-25,2026-08-25,ok,,1.6900,0.1495,weightavg_ttm,11.3365,2.9153,0.2565,0.2565,,0.256500,normalized,,9,0.1570,0.2861,raw,,,31.8871,,,1.8283,0.4132,0.2999,0.4942,0.0884,0.0307,0.1233,-4.0046,-4.5904,0.1069,20.6361,3.5477,growth,0.0080,earnings,median3,capital,,-0.1056,,0.0360,,tier,,,,0.1000,0.0300,0.1084,24.6407,22.1381,27.1433,0.20,20.0206,13.69,14.81,0.5862,0.5152,25.0846,80.0501,68,hist12/cv12/term12/path20/legs12,9.7141,0.0010,1.6214,897016651,2026-08-25,shares_ref,0.000,0.00,0.000,0.7309,0.7309,0.000000,,off,0,0,,,,,operating,2021-12-31,2025-12-31,-6652846281.1600,-10105671663.8500,-3452825382.6900,49295422.5900,29894045.8900,0,,,0.0000,0.0000,2026-08-25,2026-06-30,,,,,,,,,,,1.000000,0.3850,除权归一化至 2026-09-24 现价口径：2026-09-24 现金0.385/送转0,2026-09-25,16.40,2.4347,0.5502,43.7915,§6.5.2.2 采用研究数（复核 2026-09-25）：NOPAT 16.40 亿 ÷ 股数 8.97 亿 = 每股 1.8283（机械 2.4347，×0.7509），投入资本不变、ROIC0 同比例；研究增长 g0 14.82% → 3.60%；EV ×0.5217，IV 43.79 → 25.03,0.1482,base
603596,伯特利,L2,2026-06-30,2026-08-28,2026-08-28,ok,,2.0100,0.1816,weightavg_ttm,9.1682,1.6668,0.1821,0.1811,,0.181100,lift2(孰高),,5,0.6378,0.1812,raw,,,21.2841,,,1.5687,0.2579,0.1741,0.8950,0.0817,0.0294,0.1363,-2.0871,-2.5334,0.4789,26.2774,0.5893,growth,0.0108,earnings,"blend(λ=0.5,w=0.00,v=0.00)",capital,,0.2267,,0.1558,,tier,,,,0.1000,0.0300,0.1017,28.3645,25.5281,31.2010,0.20,22.6916,18.08,14.11,0.7899,0.1280,15.9068,56.3092,69,hist12/cv20/term5/path20/legs12,8.1775,0.0326,0.9581,919836592,2026-08-28,shares_ref,0.000,0.50,0.000,1.0910,1.0000,0.000000,,off,0,0,,,,,operating,2021-12-31,2025-12-31,833214628.7600,2312192237.1100,1478977608.3500,739456341.9200,2108214144.9900,0,,,0.0000,0.0000,2026-08-28,2026-06-30,,,,,,,,,,,,,,,,,,,,,base
603606,东方电缆,L2,2026-06-30,2026-08-05,2026-08-05,ok,,1.9600,0.1681,weightavg_ttm,10.2527,1.7259,0.1683,0.1683,,0.168300,normalized,,9,0.2195,0.0081,n/a,,,20.8937,,,1.6804,0.2036,0.0337,0.4514,0.0929,0.0259,0.1675,-2.8135,-2.8160,0.0000,17.2347,2.1553,growth,0.0000,earnings,ttm_growth,capital,,0.1334,,0.0152,,tier,,,,0.1000,0.0300,0.1129,20.0482,18.0433,22.0530,0.20,16.0385,11.93,10.23,0.5706,0.6134,15.6934,25.9315,84,hist12/cv20/term20/path20/legs12,9.0037,-0.0016,1.2506,825258442,2026-08-05,shares_ref,0.000,1.00,0.000,1.0722,1.0000,0.000000,,off,0,0,,,,,operating,2021-12-31,2025-12-31,1747320658.9400,1852130723.6500,104810064.7100,60205961.7300,250212508.8700,0,,,0.0000,0.0000,2026-08-05,2026-06-30,,,,,,,,,,,,,,,,,,,,,b2
603806,福斯特,L2,2026-06-30,2026-08-20,2026-08-20,ok,,0.4300,0.0674,weightavg_ttm,6.2418,0.7886,0.1252,0.1252,,0.125200,normalized,,9,0.2839,-0.2146,raw,,,8.9426,,,0.6429,0.1344,-0.5577,0.1919,0.0879,0.0200,0.1483,-1.6281,-1.7292,0.0589,7.3408,0.3675,growth,0.0000,earnings,trough_median,none,,-0.0741,,0.0000,,tier,,,,0.1000,0.0300,0.1079,8.9689,8.0720,9.8658,0.20,7.1751,13.95,20.86,0.5577,0.6659,7.3455,11.2259,69,hist12/cv12/term20/path20/legs5,6.2156,-0.0422,0.0684,2686159856,2026-08-20,shares_ref,0.000,0.00,1.000,1.4501,0.5483,0.000000,,off,0,0,,,,,operating,2021-12-31,2025-12-31,6281807243.3800,6364801261.5600,82994018.1800,1384628015.0800,1085179637.6200,0,,,0.0000,0.0000,2026-08-20,2026-06-30,,,,,,,,,,,,,,,,,,,,,base
603855,华荣股份,L2,2026-06-30,2026-08-27,2026-08-27,ok,,1.0800,0.1670,weightavg_ttm,6.8702,1.0389,0.1748,0.1748,,0.174800,normalized,,9,0.2291,-0.0253,n/a,,,16.3180,,,1.3171,0.3456,0.0782,0.5476,0.0936,0.0457,0.1380,-2.2536,-1.6505,0.1634,14.0409,0.1908,growth,0.0208,earnings,median3,capital,,-0.0354,,0.0428,,tier,,,,0.1000,0.0300,0.1136,16.2945,14.6650,17.9239,0.20,13.0356,12.37,15.09,0.5798,0.5775,11.8771,22.5198,84,hist12/cv20/term20/path20/legs12,4.9041,0.9290,1.0371,337511000,2026-08-27,shares_ref,0.000,0.00,0.000,0.9702,0.7698,0.000000,,off,0,0,,,,,operating,2021-12-31,2025-12-31,1080927284.5800,1873085528.5700,792158243.9900,226629715.5500,184297394.4200,0,,,0.0000,0.0000,2026-08-27,2026-06-30,,,,,,,,,,,,,,,,,,,,,base
603993,洛阳钼业,L2,2026-06-30,2026-08-20,2026-08-20,ok,,1.3000,0.3320,weightavg_ttm,4.1913,1.9354,0.4579,0.1500,up,0.206100,lift2(孰高),,5,0.5380,0.3535,n/a,,,11.7555,,,1.1079,0.1344,0.6357,0.3056,0.0822,0.0690,0.3167,2.2568,-0.0002,0.9051,17.0543,0.7066,growth,0.1247,earnings,cyclical_median,capital,,1.1973,,0.1222,,tier,,,,0.1000,0.0300,0.1022,14.7975,13.3083,16.2868,0.20,11.9140,13.44,11.46,0.7864,0.0000,8.6726,27.5478,51,hist12/cv12/term5/path10/legs12,3.5981,-0.0358,0.6290,21394310176,2026-08-20,shares_ref,1.000,1.00,0.000,1.3678,1.0000,0.000000,,off,0,0,,,,,operating,2021-12-31,2025-12-31,21435276035.8500,26307249780.6100,4871973744.7600,662973657.8000,59223805.3800,0,,,0.0000,0.0000,2026-08-20,2026-06-30,,,,,,,,,,,1.000000,0.0950,除权归一化至 2026-09-24 现价口径：2026-09-09 现金0.095/送转0,,,,,,,,base
605117,德业股份,L2,2026-06-30,2026-08-27,2026-08-27,ok,,3.9700,0.4176,weightavg_ttm,9.0210,3.9711,0.4428,0.3924,,0.392400,lift2(孰高),,9,0.1046,0.3622,raw,,,43.9503,,,3.0993,0.8557,0.6738,0.1034,0.0805,0.0263,0.1284,-5.4472,-5.4617,0.0168,42.8355,3.4058,growth,0.0017,earnings,"blend(λ=0.5,w=0.27,v=0.00)",capital,,0.2328,,0.0414,,tier,,,,0.1000,0.0300,0.1005,48.2828,43.4545,53.1110,0.20,38.6262,15.58,12.16,0.5764,0.5196,32.4145,72.8210,84,hist12/cv20/term20/path20/legs12,6.1962,0.0655,2.7593,1272157457,2026-08-27,shares_ref,0.274,0.50,0.000,1.3770,1.0000,0.000000,,off,0,0,,,,,operating,2021-12-31,2025-12-31,-463117362.7600,-2213545353.2700,-1750427990.5100,20126657.5500,20511712.5300,0,,,0.0000,0.0000,2026-08-27,2026-06-30,,,,,,,,,,,,,,,,,,,,,base
605305,中际联合,L2,2026-06-30,2026-08-26,2026-08-26,ok,,2.5100,0.1805,weightavg_ttm,14.6453,3.0857,0.2100,0.1510,,0.151000,lift2(孰高),,9,0.0220,0.4016,raw,,,33.0206,,,2.2245,0.3461,0.6298,0.4163,0.0979,0.0284,0.1244,-9.9283,-10.3634,0.0088,31.1452,1.2735,growth,0.0000,earnings,"blend(λ=1.0,w=0.33,v=0.00)",capital,,0.5251,,0.1665,,tier,,,,0.1000,0.0300,0.1179,41.0735,36.9281,45.2188,0.20,33.1628,18.63,16.52,0.6787,0.2917,27.7123,67.9631,68,hist12/cv12/term12/path20/legs12,9.5240,-0.0462,5.1676,212520000,2026-08-26,shares_ref,0.334,1.00,0.000,1.0026,1.0000,0.000000,,off,0,0,,,,,operating,2021-12-31,2025-12-31,383361083.7600,613108228.5600,229747144.8000,0.0000,44615838.5500,0,,,0.0000,0.0000,2026-08-26,2026-06-30,,,,,,,,,,,1.000000,0.3800,除权归一化至 2026-09-24 现价口径：2026-09-11 现金0.38/送转0,,,,,,,,base
605499,东鹏饮料,L2,2026-06-30,2026-07-31,2026-07-31,ok,,9.0412,0.4246,weightavg_ttm,26.5260,6.5573,0.4314,0.4314,,0.431400,normalized,,9,0.1044,0.6117,raw,,,124.4330,,,6.3070,1.0857,,-0.1259,0.0640,0.0200,0.2096,-22.8441,-14.4927,0.0047,104.6245,9.3331,growth,0.0000,earnings,"blend(λ=1.0,w=0.47,v=0.00)",none,,0.3985,,0.0000,,tier,,,,0.1000,0.0300,0.0840,127.4686,114.4248,140.5125,0.20,104.3509,20.68,14.43,0.6373,0.3005,89.6314,210.6928,54,hist12/cv5/term12/path20/legs5,13.6142,11.3261,1.5857,717617250,2026-07-31,shares_eps,0.471,1.00,0.000,1.1114,1.0000,0.000000,,off,0,0,,,,,operating,2021-12-31,2025-12-31,-1696368830.6900,-7316953221.9400,-5620584391.2500,0.0000,0.0000,0,,,0.0000,0.0000,2026-07-31,2026-06-30,,,,,,,,,,,1.000000,2.9700,除权归一化至 2026-09-24 现价口径：2026-09-24 现金2.97/送转0,,,,,,,,base
688008,澜起科技,L2,2026-06-30,2026-08-29,2026-08-29,ok,,2.6400,0.1927,weightavg_ttm,17.6045,2.9280,0.2415,0.1439,,0.143900,lift2(孰高),,9,0.2607,0.3216,n/a,,,33.3646,,,1.8187,0.4633,0.7297,0.4101,0.0998,0.0424,0.0823,-15.1478,-9.6502,-0.0519,25.7459,1.8285,growth,0.0000,earnings,"blend(λ=1.0,w=0.53,v=0.00)",capital,,0.6373,,0.1640,,tier,,,,0.1000,0.0300,0.1198,40.8937,36.8043,44.9830,0.20,32.7149,22.48,15.49,0.6269,0.4376,29.3470,62.3158,58,hist12/cv12/term12/path10/legs12,8.4374,5.4975,3.6695,1193979812,2026-08-29,shares_eps,0.525,1.00,0.000,1.3750,1.0000,0.000000,,off,0,0,,,,,operating,2021-12-31,2025-12-31,199814077.5600,982179849.5800,782365772.0200,0.0000,0.0000,0,,,0.0000,0.0000,2026-08-29,2026-06-30,,,,,,,,,,,,,,,,,,,,,base
688012,中微公司,L2,2026-06-30,2026-08-20,2026-08-20,ok,,6.6000,0.1804,weightavg_ttm,31.3598,6.9118,0.2676,0.0932,,0.093150,lift2(孰高),,9,0.1510,0.1204,n/a,,,39.6519,,,2.1548,0.1833,0.0831,1.4165,0.0976,0.0258,0.0574,-17.5670,-12.0491,0.0416,24.4707,2.3645,growth,0.0000,earnings,"blend(λ=0.5,w=0.97,v=0.00)",capital,,0.3538,,0.0831,,tier,,,,0.1000,0.0300,0.1176,42.0377,37.8340,46.2415,0.20,33.6302,19.51,6.37,0.6359,0.3504,34.7266,53.8678,58,hist12/cv12/term12/path10/legs12,16.4769,5.5594,9.3235,980201268,2026-08-20,"shares_eps|book_break,shares_backfill",0.966,0.50,0.000,2.0037,1.0000,0.000000,,off,0,0,,,,,operating,2021-12-31,2025-12-31,154783306.0100,3837079729.1500,3682296423.1400,0.0000,0.0000,0,,,0.0000,0.0000,2026-08-20,2026-06-30,,,,,,,,,,,,,,,,,,,,,b2
688018,乐鑫科技,L2,2026-06-30,2026-07-31,2026-07-31,ok,,3.3785,0.1329,weightavg_ttm,20.0761,3.4475,0.1706,0.1706,,0.170600,normalized,,9,0.0512,0.1253,raw,,,37.1750,,,2.2235,0.3246,0.3248,0.8094,0.0999,0.0811,0.0155,-14.9098,-15.1132,0.1549,37.3711,2.2736,growth,0.0015,earnings,"blend(λ=1.0,w=0.63,v=0.00)",capital,,0.7955,,0.2500,,tier,,,,0.1000,0.0300,0.1199,52.2808,47.0528,57.5089,0.20,41.8247,23.51,15.47,0.7607,0.0241,33.1919,79.4664,51,hist12/cv12/term5/path10/legs12,7.9516,-0.0485,12.1731,234000214,2026-07-31,shares_ref,0.631,1.00,0.000,1.1466,1.0000,0.000000,,off,0,0,,,,,operating,2021-12-31,2025-12-31,424367915.9600,639594517.4900,215226601.5300,0.0000,0.0000,0,,,0.0000,0.0000,2026-07-31,2026-06-30,,,,,,,,,,,,,,,,,,,,,base
688019,安集科技,L2,2026-06-30,2026-08-27,2026-08-27,ok,,4.8000,0.2476,weightavg_ttm,21.2877,4.7521,0.2626,0.2218,up,0.232600,lift2(孰高),,5,0.4014,0.2881,raw,,,53.8961,,,3.8462,0.2957,0.3095,0.8766,0.0825,0.0305,0.0771,-7.2772,-4.0702,0.0000,79.6859,1.2967,growth,0.0000,book_fallback,cyclical_median,capital,,0.3189,,0.2500,,tier,,,,0.1000,0.0300,0.1025,86.9632,78.2668,95.6595,0.20,69.5705,22.61,18.12,0.8481,0.0000,43.3512,172.2988,59,hist12/cv20/term5/path10/legs12,15.2413,3.2071,2.8394,220018918,2026-08-27,shares_ref,1.000,0.50,0.000,1.1992,1.0000,0.000000,,off,0,0,,,,,operating,2021-12-31,2025-12-31,301733979.6300,1363522806.3100,1061788826.6800,0.0000,0.0000,0,,,0.0000,0.0000,2026-08-27,2026-06-30,,,,,,,,,,,,,,,,,,,,,base
688041,海光信息,L2,2026-06-30,2026-08-14,2026-08-14,ok,,1.3600,0.1368,weightavg_ttm,10.9163,1.7837,0.1731,0.0849,up,0.100500,lift2(孰高),,5,0.8708,0.1342,n/a,,,13.1454,,,1.0882,0.1555,0.3653,0.8023,0.0883,0.0200,0.0000,0.3460,-5.2556,1.5915,16.3732,0.1085,growth,0.2874,earnings,"blend(λ=1.0,w=0.94,v=0.00)",capital,,0.4621,,0.2500,,tier,,,,0.1000,0.0300,0.1083,16.0272,14.4245,17.6299,0.20,12.8218,14.73,11.78,0.8472,0.0000,9.9071,28.1923,44,hist5/cv12/term5/path10/legs12,10.3010,0.6153,0.0000,2324338091,2026-08-14,shares_ref|book_break,0.937,1.00,0.000,1.2346,1.0000,0.000000,,off,0,0,,,,,operating,2022-12-31,2025-12-31,2498691763.4900,9375951346.8700,6877259583.3800,0.0000,201053464.4700,0,,,0.0000,0.0000,2026-08-14,2026-06-30,,,,,,,,,,,,,,,,,,,,,base
688072,拓荆科技,L2,2026-06-30,2026-08-21,2026-08-21,ok,,7.7500,0.3212,weightavg_ttm,43.7448,13.8171,0.4954,0.1410,up,0.147012,lift2(孰高),,5,0.8816,0.1693,raw,,,80.6007,,,3.9825,0.1947,0.2300,1.0573,0.0777,0.0256,0.0000,-29.3509,-15.8084,2.3657,71.8628,16.3090,growth,0.0000,earnings,cyclical_median,capital,,0.7812,,0.2300,,tier,,,,0.1000,0.0300,0.0977,101.2137,91.0924,111.3351,0.20,80.9710,25.41,13.06,0.8817,0.0000,68.0289,177.7490,44,hist12/cv5/term5/path10/legs12,18.1999,15.9082,9.6368,282344902,2026-08-21,shares_ref,1.000,0.50,0.000,2.3472,1.0000,0.000000,,off,0,0,,,,,operating,2021-12-31,2025-12-31,170177502.5700,1029330798.3400,859153295.7700,0.0000,0.0000,0,,,0.0000,0.0000,2026-08-21,2026-06-30,,,,,,,,,,,,,,,,,,,,,base
688082,盛美上海,L2,2026-06-30,2026-08-08,2026-08-08,ok,,3.5800,0.1326,weightavg_ttm,30.2667,5.3597,0.1809,0.1809,,0.180900,normalized,,9,0.0478,0.1428,n/a,,,49.6814,,,3.2913,0.1968,0.1574,1.5168,0.0905,0.0271,0.0420,-13.3238,-12.5514,0.0028,47.4420,0.2120,growth,0.0000,earnings,"blend(λ=1.0,w=0.19,v=0.00)",capital,,0.2469,,0.1574,,tier,,,,0.1000,0.0300,0.1105,60.7658,54.6892,66.8423,0.20,48.6126,18.46,16.97,0.7767,0.0015,41.4832,98.2165,69,hist12/cv20/term5/path20/legs12,19.2061,0.7752,10.2854,480164789,2026-08-08,shares_ref|book_break,0.190,1.00,0.000,1.2100,1.0000,0.000000,,off,0,0,,,,,operating,2021-12-31,2025-12-31,947943539.7200,4950085989.2500,4002142449.5300,0.0000,0.0000,0,,,0.0000,0.0000,2026-08-08,2026-06-30,,,,,,,,,,,,,,,,,,,,,base
688111,金山办公,L2,2026-06-30,2026-08-20,2026-08-20,ok,,7.7900,0.2661,weightavg_ttm,32.4920,12.4194,0.3888,0.1434,,0.143400,lift2(孰高),,5,0.3897,0.1554,n/a,,,83.7454,,,4.4985,1.1186,1.4006,-0.2828,0.0999,0.0805,0.0670,-38.7379,-38.6886,0.0000,43.5265,6.2879,growth,0.0062,earnings,"blend(λ=0.5,w=0.97,v=0.00)",none,,0.4443,,0.0000,,tier,,,,0.1000,0.0300,0.1199,82.2644,74.0379,90.4908,0.20,65.8115,18.29,10.56,0.4539,0.5812,71.7206,94.1159,67,hist12/cv20/term20/path10/legs5,22.6294,0.5561,9.3065,463179293,2026-08-20,shares_ref,0.967,0.50,0.000,1.9640,1.0000,0.000000,,off,0,0,,,,,operating,2021-12-31,2025-12-31,-1603450766.3400,-3101908403.6500,-1498457637.3100,0.0000,0.0000,0,,,0.0000,0.0000,2026-08-20,2026-06-30,,,,,,,,,,,,,,,,,,,,,base
688120,华海清科,L2,2026-06-30,2026-08-22,2026-08-22,ok,,2.0800,0.1526,weightavg_ttm,15.9902,2.5744,0.1617,0.1623,down,0.161688,normalized,,5,0.6804,0.1292,raw,,,32.5870,,,2.2454,0.5748,0.2403,0.4098,0.0950,0.0221,0.0957,-8.9550,-8.8809,0.0000,28.8564,1.3716,growth,0.0000,earnings,"blend(λ=0.5,w=0.00,v=0.00)",capital,,0.1827,,0.0985,,tier,,,,0.1000,0.0300,0.1150,37.8115,34.0303,41.5926,0.20,30.2492,16.84,18.18,0.5750,0.5889,26.4188,55.9993,77,hist5/cv20/term20/path20/legs12,15.9161,0.0741,0.0000,495112787,2026-08-22,"shares_ref|book_break,shares_backfill",0.000,0.50,0.000,1.0533,1.0000,0.000000,,off,0,0,,,,,operating,2022-12-31,2025-12-31,452255973.2600,967418667.4000,515162694.1400,0.0000,404739.4400,0,,,0.0000,0.0000,2026-08-22,2026-06-30,,,,,,,,,,,,,,,,,,,,,base
688122,西部超导,L2,2026-06-30,2026-08-27,2026-08-27,ok,,0.9827,0.0904,weightavg_ttm,11.1212,1.3568,0.1222,0.1222,,0.122200,normalized,,9,0.1543,0.0337,raw,,,17.2462,,,1.4984,0.1197,0.0356,0.9937,0.0771,0.0244,0.0853,2.1803,1.1082,1.0898,21.5162,0.6249,growth,0.0160,earnings,median3,capital,,-0.1237,,0.0354,,tier,,,,0.1000,0.0300,0.0971,19.3359,17.4023,21.2695,0.20,15.4687,12.90,19.68,0.6737,0.5330,12.9317,30.7297,68,hist12/cv12/term12/path20/legs12,9.1799,0.0178,1.9236,649664497,2026-08-27,shares_ref,0.000,0.00,0.000,0.7607,0.7607,0.000000,,off,0,0,,,,,operating,2021-12-31,2025-12-31,2838191328.4600,5387349680.1600,2549158351.7000,0.0000,28869185.5700,0,,,0.0000,0.0000,2026-08-27,2026-06-30,,,,,,,,,,,,,,,,,,,,,b2
688188,柏楚电子,L2,2026-06-30,2026-08-18,2026-08-18,ok,,3.5800,0.2044,weightavg_ttm,15.6324,3.7182,0.2385,0.1703,,0.170300,lift2(孰高),,5,0.7266,0.2392,raw,,,42.2066,,,2.9139,1.2212,1.7546,0.1023,0.0997,0.0286,0.0914,-12.9002,-14.0462,0.1113,32.5983,2.8062,growth,0.0256,earnings,"blend(λ=0.5,w=0.00,v=0.00)",capital,,0.2849,,0.0409,,tier,,,,0.1000,0.0300,0.1197,45.4985,40.9486,50.0483,0.20,36.3988,15.61,12.71,0.4739,0.5632,35.5487,58.2473,84,hist12/cv20/term20/path20/legs12,9.3403,0.0460,6.2462,404221898,2026-08-18,shares_ref,0.000,0.50,0.000,1.1322,1.0000,0.000000,,off,0,0,,,,,operating,2021-12-31,2025-12-31,68733080.7000,94837277.0500,26104196.3500,0.0000,50644825.7300,0,,,0.0000,0.0000,2026-08-18,2026-06-30,,,,,,,,,,,,,,,,,,,,,base
688190,云路股份,L2,2026-06-30,2026-08-29,2026-08-29,ok,,2.0930,0.0949,weightavg_ttm,22.3489,3.3967,0.1520,0.1520,,0.152000,normalized,,5,0.6625,0.1753,n/a,,,39.8999,,,2.9519,0.2779,0.1600,0.7126,0.0992,0.0583,0.1314,-10.1329,-10.1308,0.0000,34.9237,-0.5023,growth,0.0000,book_fallback,"blend(λ=0.0,w=0.00,v=0.33)",capital,,-0.0588,,0.1140,,tier,,,,0.1000,0.0300,0.1192,45.0566,40.5509,49.5623,0.20,36.0453,15.26,21.53,0.6450,0.3508,32.3053,66.5698,76,hist12/cv20/term12/path20/legs12,12.8985,0.0021,9.4483,120000000,2026-08-29,shares_ref,0.000,0.00,0.334,0.8513,0.7138,0.000000,,off,0,0,,,,,operating,2021-12-31,2025-12-31,74807633.2800,910214471.5400,835406838.2600,15889335.3800,258640809.6100,0,,,0.0000,0.0000,2026-08-29,2026-06-30,,,,,,,,,,,,,,,,,,,,,base
688200,华峰测控,L2,2026-06-30,2026-08-31,2026-08-31,ok,,5.0600,0.1596,weightavg_ttm,36.3107,3.9908,0.1847,0.1847,,0.184700,normalized,,9,0.3215,0.1654,raw,,,65.8991,,,3.5770,0.4062,0.0785,0.3835,0.0997,0.0420,0.0807,-30.0069,-15.4199,0.0536,34.6540,1.4801,growth,0.0024,book_fallback,ttm_growth,capital,,0.2196,,0.0301,,tier,,,,0.1000,0.0300,0.1197,64.6609,58.1948,71.1270,0.20,51.7288,18.08,12.78,0.5284,0.6048,54.7806,77.3460,76,hist12/cv12/term20/path20/legs12,13.7408,14.7064,7.8635,200589173,2026-08-31,shares_ref,0.000,1.00,0.000,1.4112,1.0000,0.000000,,off,0,0,,,,,operating,2021-12-31,2025-12-31,275137049.3000,786322369.2600,511185319.9600,0.0000,0.0000,0,,,0.0000,0.0000,2026-08-31,2026-06-30,,,,,,,,,,,,,,,,,,,,,base
688208,道通科技,L2,2026-06-30,2026-08-25,2026-08-25,ok,,1.3500,0.2255,weightavg_ttm,5.5801,1.4470,0.2563,0.1947,,0.194700,lift2(孰高),,9,0.1452,0.6237,raw,,,12.6421,,,1.0700,0.1627,0.3563,0.3788,0.0846,0.0556,0.1748,0.0084,-0.0142,-0.2612,16.0408,0.5742,growth,0.0000,earnings,"blend(λ=1.0,w=0.26,v=0.00)",capital,,0.6298,,0.1349,,tier,,,,0.1000,0.0300,0.1046,16.0324,14.4292,17.6357,0.20,12.8259,14.98,11.88,0.7905,0.0000,9.7900,28.5775,54,hist12/cv5/term5/path20/legs12,5.0088,-0.0226,0.5940,705239026,2026-08-25,shares_ref,0.261,1.00,0.000,0.9501,0.9501,0.000000,,off,0,0,,,,,operating,2021-12-31,2025-12-31,854394741.9200,1512127169.8900,657732427.9700,0.0000,0.0000,0,,,0.0000,0.0000,2026-08-25,2026-06-30,,,,,,,,,,,,,,,,,,,,,base
688235,百济神州,L2,2026-06-30,2026-08-27,2026-08-27,ok,,2.9700,0.1347,weightavg_ttm,22.9831,8.7471,0.3941,-0.2386,up,-0.124732,lift2(孰高),,5,0.5718,,n/a,,,63.7768,,,3.7668,-0.4041,3.1036,,0.0828,0.0303,0.4000,-18.2895,-17.3163,0.0000,,9.1787,zero_growth,0.0000,book_fallback,ttm_growth,,,,,0.0000,,tier,,,,0.1000,0.0300,0.1200,63.7768,57.3992,70.1545,0.20,51.0215,16.93,21.47,1.0000,,58.8757,70.0242,30,hist5/cv5/term5/path10/legs5,18.4522,0.9732,3.5576,1540677809,2026-08-27,shares_ref|book_break,0.000,1.00,0.000,2.9311,1.0000,0.000000,,off,0,0,,,,,operating,2022-12-31,2025-12-31,-1041544000.0000,2858850000.0000,3900394000.0000,0.0000,0.0000,0,,,0.0000,0.0000,2026-08-27,2026-06-30,,,,,,,,,,,,,,,,,,,,,base
688271,联影医疗,L2,2026-06-30,2026-08-20,2026-08-20,ok,,2.1700,0.0822,weightavg_ttm,26.7276,2.6804,0.0989,0.0989,,0.098950,normalized,,9,0.2146,0.0167,n/a,,,36.3496,,,2.3549,0.3317,0.0452,1.5424,0.0956,0.0214,0.0693,-11.5841,-12.0693,-0.0134,24.6475,2.6918,growth,0.0000,earnings,"blend(λ=0.5,w=0.00,v=0.11)",capital,,-0.0096,,0.0452,,tier,,,,0.1000,0.0300,0.1156,36.2316,32.5954,39.8677,0.20,29.0892,15.44,16.76,0.5753,0.5766,28.7436,47.0396,69,hist12/cv5/term20/path20/legs12,18.4082,-0.3552,8.6746,824157988,2026-08-20,shares_ref,0.000,0.50,0.107,0.9460,0.9460,0.000000,,off,0,0,,,,,operating,2021-12-31,2025-12-31,-584957106.4400,4523749542.3800,5108706648.8200,0.0000,0.0000,0,,,0.0000,0.0000,2026-08-20,2026-06-30,,,,,,,,,,,1.000000,0.1300,除权归一化至 2026-09-24 现价口径：2026-09-09 现金0.13/送转0,,,,,,,,base
688278,特宝生物,L2,2026-06-30,2026-08-19,2026-08-19,ok,,2.6500,0.3244,weightavg_ttm,7.6038,3.1659,0.3518,0.3398,up,0.351764,normalized,,5,0.8551,0.3717,n/a,,,28.7581,,,2.6753,0.4513,0.4392,0.6227,0.0953,0.0200,0.1226,-0.6919,-2.0864,0.0000,50.9869,1.5289,growth,0.0000,book_fallback,cyclical_median,capital,,0.4482,,0.2491,,tier,,,,0.1000,0.0300,0.1153,51.6788,46.5109,56.8467,0.20,41.3430,19.32,19.50,0.7138,0.2445,23.9281,91.5470,58,hist12/cv12/term12/path10/legs12,8.3658,-1.3945,0.6326,408189480,2026-08-19,shares_ref,1.000,0.50,0.000,1.0472,1.0000,0.000000,,off,0,0,,,,,operating,2021-12-31,2025-12-31,183530555.7900,1188035578.6500,1004505022.8600,0.0000,0.0000,0,,,0.0000,0.0000,2026-08-19,2026-06-30,,,,,,,,,,,,,,,,,,,,,base
688281,华秦科技,L2,2026-06-30,2026-08-20,2026-08-20,ok,,1.0500,0.0704,weightavg_ttm,12.6798,1.3220,0.1045,0.1045,,0.104500,normalized,,9,0.0152,0.0215,raw,,,15.5329,,,0.8694,0.1731,-0.0045,1.8456,0.0842,0.0200,0.1940,-5.1113,-5.7922,0.6213,9.7904,1.2974,growth,0.0000,earnings,"blend(λ=0.5,w=0.00,v=0.47)",none,,-0.0539,,0.0000,,tier,,,,0.1000,0.0300,0.1042,14.9017,13.4026,16.4009,0.20,11.9934,17.24,14.28,0.5981,0.5937,12.4600,18.5650,62,hist12/cv5/term20/path20/legs5,5.3679,0.0304,7.2815,381598945,2026-08-20,shares_ref|book_break,0.000,0.50,0.470,1.0832,0.6299,0.000000,,off,0,0,,,,,operating,2021-12-31,2025-12-31,352469962.2000,708517142.1300,356047179.9300,0.0000,1907964.5900,0,,,0.0000,0.0000,2026-08-20,2026-06-30,,,,,,,,,,,1.000000,0.0900,除权归一化至 2026-09-24 现价口径：2026-09-03 现金0.09/送转0,,,,,,,,base
688300,联瑞新材,L2,2026-06-30,2026-08-15,2026-08-15,ok,,1.2600,0.1767,weightavg_ttm,7.1772,1.2787,0.1781,0.1781,,0.178100,normalized,,9,0.2217,0.2822,raw,,,16.1734,,,1.2391,0.2358,0.3512,0.2403,0.0930,0.0249,0.1244,-2.8454,-2.8485,0.0000,14.6918,0.8224,growth,0.0000,book_fallback,ttm_growth,capital,,0.2147,,0.0844,,tier,,,,0.1000,0.0300,0.1130,17.5372,15.7835,19.2909,0.20,14.0298,14.15,13.92,0.6548,0.3844,12.5145,25.8143,76,hist12/cv20/term12/path20/legs12,5.6168,-0.0032,1.5636,241469190,2026-08-15,shares_ref,0.000,1.00,0.000,1.0354,1.0000,0.000000,,off,0,0,,,,,operating,2021-12-31,2025-12-31,257958264.4900,267744797.3300,9786532.8400,126027830.8500,116074924.7600,0,,,0.0000,0.0000,2026-08-15,2026-06-30,,,,,,,,,,,,,,,,,,,,,base
688301,奕瑞科技,L2,2026-06-30,2026-08-14,2026-08-14,ok,,2.9000,0.1256,weightavg_ttm,24.7291,2.9857,0.1496,0.1496,,0.149600,normalized,,5,0.3967,0.0601,raw,,,35.1415,,,2.2865,0.2038,0.0397,2.4785,0.0680,0.0200,0.0780,-1.5240,1.8225,1.5322,35.8001,3.6460,growth,0.0000,earnings,ttm_growth,capital,,0.0151,,0.0397,,tier,,,,0.1000,0.0300,0.0880,37.3242,33.5917,41.0566,0.20,29.8593,16.32,12.87,0.7567,0.4353,22.6646,67.6596,54,hist12/cv5/term5/path20/legs12,10.2914,4.8787,9.5590,321309230,2026-08-14,shares_eps,0.000,1.00,0.000,1.1094,1.0000,0.000000,,off,0,0,,,,,operating,2021-12-31,2025-12-31,466327733.1000,723186505.1300,256858772.0300,46341674.5800,59503754.4700,0,,,0.0000,0.0000,2026-08-14,2026-06-30,,,,,,,,,,,,,,,,,,,,,b2
688516,奥特维,L2,2026-06-30,2026-08-25,2026-08-25,ok,,1.3800,0.1163,weightavg_ttm,11.5380,2.1773,0.1903,0.1903,,0.190300,normalized,,9,0.0071,0.0822,raw,,,55.0065,,,3.5525,0.3584,0.0042,0.7276,0.0622,0.0200,0.1871,2.4376,2.2736,-0.1443,56.4952,2.2121,growth,0.0000,earnings,"blend(λ=0.0,w=0.00,v=0.45)",capital,,-0.2256,,0.0030,,tier,,,,0.1000,0.0300,0.0822,54.0576,48.6218,59.4934,0.20,43.4861,15.30,39.39,0.7210,0.4246,30.2562,106.4032,68,hist12/cv12/term12/path20/legs12,7.9888,0.1360,3.4133,329006382,2026-08-25,shares_ref,0.000,0.00,0.455,0.9784,0.2809,0.000000,,off,0,0,,,,,operating,2021-12-31,2025-12-31,736379667.9200,1971887319.8400,1235507651.9200,710327953.2100,671941709.9100,0,,,0.0000,0.0000,2026-08-25,2026-06-30,,,,,,,,,,,1.000000,0.3000,除权归一化至 2026-09-24 现价口径：2026-09-24 现金0.3/送转0,,,,,,,,base
688617,惠泰医疗,L2,2026-06-30,2026-08-20,2026-08-20,ok,,6.6200,0.2918,weightavg_ttm,21.8140,7.6630,0.3101,0.2735,,0.273500,lift2(孰高),,9,0.2704,0.4669,raw,,,78.6720,,,6.9528,0.5352,0.5802,0.4571,0.0996,0.0490,0.1373,-8.8953,-12.1304,0.3383,106.6267,6.9389,growth,0.0000,earnings,"blend(λ=0.5,w=0.00,v=0.00)",capital,,0.2689,,0.1829,,tier,,,,0.1000,0.0300,0.1196,115.5220,103.9698,127.0742,0.20,92.4176,16.62,17.45,0.6219,0.4634,64.9361,213.3578,68,hist12/cv12/term12/path20/legs12,22.2377,-2.8967,2.4731,141030049,2026-08-20,shares_ref,0.000,0.50,0.000,1.1367,1.0000,0.000000,,off,0,0,,,,,operating,2021-12-31,2025-12-31,174721982.2300,243891369.4600,69169387.2300,0.0000,0.0000,0,,,0.0000,0.0000,2026-08-20,2026-06-30,,,,,,,,,,,,,,,,,,,,,b2
688692,达梦数据,L2,2026-06-30,2026-08-26,2026-08-26,ok,,4.7000,0.1451,weightavg_ttm,34.2257,6.1874,0.1840,0.2344,down,0.184036,normalized,,5,0.5433,-0.0302,raw,,,76.9921,,,4.6774,1.0218,0.1759,0.1346,0.0994,0.0450,0.0749,-29.9200,-29.5394,0.2236,48.6553,4.6423,growth,0.0000,earnings,ttm_growth,capital,,0.2675,,0.0237,,tier,,,,0.1000,0.0300,0.1194,78.5753,70.7177,86.4328,0.20,62.8602,16.80,16.72,0.4724,0.5946,64.8462,95.3403,76,hist12/cv12/term20/path20/legs12,20.2728,0.6041,13.3488,113240000,2026-08-26,shares_ref,0.000,1.00,0.000,1.0316,1.0000,0.000000,,off,0,0,,,,,operating,2021-12-31,2025-12-31,80702862.5900,-1206262.2200,-81909124.8100,1117000.0000,5508882.5200,0,,,0.0000,0.0000,2026-08-26,2026-06-30,,,,,,,,,,,,,,,,,,,,,base
688708,佳驰科技,L2,2026-06-30,2026-08-27,2026-08-27,ok,,0.9900,0.1167,weightavg_ttm,8.4684,2.5364,0.3011,0.3011,,0.301100,normalized,,9,0.1916,0.0927,n/a,,,18.9400,,,1.4892,0.4539,0.1713,0.6528,0.1000,0.0287,0.1072,-4.0475,-4.0032,-0.0012,18.1341,0.1001,growth,0.0000,earnings,"blend(λ=0.0,w=0.00,v=0.76)",capital,,,,0.1118,,tier,,,,0.1000,0.0300,0.1200,22.1817,19.9635,24.3999,0.20,17.7453,14.89,22.41,0.5873,0.5293,15.1270,33.5761,76,hist12/cv12/term20/path20/legs12,5.5458,0.0444,2.8782,400010000,2026-08-27,shares_ref,0.000,0.00,0.758,0.8948,0.7256,0.000000,,off,0,0,,,,,operating,2021-12-31,2025-12-31,269706831.4800,1263095158.5800,993388327.1000,0.0000,0.0000,0,,,0.0000,0.0000,2026-08-27,2026-06-30,,,,,,,,,,,,,,,,,,,,,base
688777,中控技术,L2,2026-06-30,2026-08-29,2026-08-29,ok,,0.3100,0.0248,weightavg_ttm,12.4555,2.0654,0.1644,0.1644,,0.164400,normalized,,9,0.3340,-0.0399,raw,,,19.2422,,,1.2587,0.2984,-0.0279,0.5887,0.0943,0.0385,0.0788,-5.9202,-6.3734,0.1336,11.9287,0.2734,growth,0.0189,earnings,trough_median,none,,-0.3754,,0.0000,,tier,,,,0.1000,0.0300,0.1143,17.8490,16.0641,19.6339,0.20,14.2792,14.18,57.58,0.5401,0.5877,14.8451,21.5541,62,hist12/cv5/term20/path20/legs5,7.4542,-0.1069,5.1082,791189527,2026-08-29,shares_ref,0.000,0.00,1.000,0.5492,0.2107,0.000000,,off,0,0,,,,,operating,2021-12-31,2025-12-31,511308936.0700,2219281577.5600,1707972641.4900,396786056.2500,296995918.7900,0,,,0.0000,0.0000,2026-08-29,2026-06-30,,,,,,,,,,,,,,,,,,,,,base
688981,中芯国际,L2,2023-09-30,2023-10-31,2023-10-31,ok,,0.8000,0.0490,weightavg_ttm,17.9990,1.5019,0.0867,0.0650,up,0.086720,normalized,,5,0.5285,0.1427,n/a,,,6.9604,,,1.0501,0.0353,0.0994,2.9515,0.0814,0.0200,0.0072,5.9399,-2.3784,8.9974,,2.7919,zero_growth,0.0000,earnings,"blend(λ=0.5,w=0.45,v=0.00)",,,0.1986,,0.0000,,tier,,,,0.1000,0.0300,0.1200,6.9604,6.2644,7.6565,0.20,5.5684,6.63,8.70,1.0000,,5.5490,8.7672,37,hist12/cv5/term5/path10/legs5,11.5577,0.6791,5.7622,7912664696,2023-10-31,"shares_ref|book_break,shares_backfill",0.455,0.50,0.000,0.5290,1.0000,0.000000,,off,0,0,,,,,operating,2018-12-31,2022-12-31,4356333989.1800,-328597000.0000,-4684930989.1800,0.0000,0.0000,0,,,0.0000,0.0000,2026-08-28,2026-06-30,,,,,,,,,,,,,,,,,,,,,b2
920394,民士达,L2,2026-06-30,2026-08-20,2026-08-20,ok,,0.8400,0.1520,weightavg_ttm,5.7511,0.9115,0.1585,0.1585,,0.158500,normalized,,5,0.4817,0.1814,n/a,,,9.9520,,,0.8246,0.2541,0.1980,0.9483,0.0995,0.0200,0.1344,-1.6637,-1.7917,0.1280,11.5236,0.2789,growth,0.0000,earnings,"blend(λ=0.5,w=0.57,v=0.00)",capital,,0.1683,,0.1878,,tier,,,,0.1000,0.0300,0.1195,13.1873,11.8685,14.5060,0.20,10.5498,15.99,15.70,0.7390,0.0562,8.2165,22.8871,66,hist12/cv20/term12/path10/legs12,4.5729,-0.0000,1.1783,146250000,2026-08-20,shares_ref,0.570,0.50,0.000,0.9589,0.9589,0.000000,,off,0,0,,,,,operating,2021-12-31,2025-12-31,-22774691.0700,188010077.9800,210784769.0500,0.0000,34260225.8500,0,,,0.0000,0.0000,2026-08-20,2026-06-30,,,,,,,,,,,,,,,,,,,,,base
920599,同力股份,L2,2026-06-30,2026-08-25,2026-08-25,ok,,2.0250,0.2578,weightavg_ttm,7.9443,2.2221,0.2782,0.2782,,0.278200,normalized,,9,0.2233,0.2581,n/a,,,23.8731,,,2.0177,0.3885,0.3918,0.1572,0.0974,0.0404,0.1277,-3.1504,-3.2974,0.0001,21.7614,0.6699,growth,0.0047,earnings,"blend(λ=0.5,w=0.00,v=0.00)",capital,,0.1689,,0.0616,,tier,,,,0.1000,0.0300,0.1174,24.9118,22.4206,27.4029,0.20,19.9294,12.35,12.30,0.5706,0.5755,17.7216,35.2581,84,hist12/cv20/term20/path20/legs12,7.6825,-0.0293,0.2911,462525000,2026-08-25,shares_ref,0.000,0.50,0.000,1.1005,1.0000,0.000000,,off,0,0,,,,,operating,2021-12-31,2025-12-31,1133288700.4400,1622365740.9300,489077040.4900,160565872.6200,16430892.0800,0,,,0.0000,0.0000,2026-08-25,2026-06-30,,,,,,,,,,,,,,,,,,,,,base
