date,security_code,action,shares,price,amount,pv_ratio,intrinsic_value,reason,security_name
2016-05-04,601225,买入,29900,5.010,149799,0.6788,7.292,首次建仓,陕西煤业
2016-05-04,600309,买入,9400,15.940,149836,0.8979,17.963,首次建仓,万华化学
2016-05-04,601009,买入,8700,17.190,149553,0.9332,18.400,首次建仓,
2016-05-05,601225,买入,30000,4.980,149400,0.6871,7.292,定投加仓,陕西煤业
2016-05-05,600309,买入,9500,15.750,149625,0.8874,17.963,定投加仓,万华化学
2016-05-05,601009,买入,8700,17.180,149466,0.9342,18.400,定投加仓,
2016-05-06,601225,买入,31700,4.660,147722,0.6830,7.292,定投加仓,陕西煤业
2016-05-06,600309,买入,9700,15.200,147440,0.8768,17.963,定投加仓,万华化学
2016-05-06,601009,买入,8700,16.860,146682,0.9337,18.400,定投加仓,
2016-05-09,601225,买入,32500,4.500,146250,0.6391,7.292,定投加仓,陕西煤业
2016-05-09,600309,买入,10000,14.620,146200,0.8462,17.963,定投加仓,万华化学
2016-05-09,601009,买入,8600,16.900,145340,0.9163,18.400,定投加仓,
2016-05-10,601225,卖出,124100,4.400,546040,,,跌破建仓日MA60止损,陕西煤业
2016-05-10,600309,卖出,38600,14.290,551594,,,跌破建仓日MA60止损,万华化学
2016-05-10,601009,买入,8700,16.650,144855,0.9185,18.400,定投加仓,
2016-05-11,601009,买入,8500,17.130,145605,0.9049,18.400,定投加仓,
2016-05-12,601009,买入,8500,17.130,145605,0.9310,18.400,定投加仓,
2016-05-13,601009,买入,8500,17.010,144585,0.9310,18.400,定投加仓,
2016-05-16,601009,买入,8500,17.050,144925,0.9245,18.400,定投加仓,
2016-05-17,601009,买入,8500,17.090,145265,0.9266,18.400,定投加仓,
2016-05-18,601009,买入,8500,16.950,144075,0.9288,18.400,定投加仓,
2016-05-19,601009,买入,8500,17.040,144840,0.9212,18.400,定投加仓,
2016-05-19,600690,买入,16400,8.840,144976,0.9675,9.178,首次建仓,海尔智家
2016-05-20,600690,买入,15900,9.140,145326,0.9631,9.178,定投加仓,海尔智家
2016-05-23,600690,买入,16000,9.100,145600,0.9958,9.178,定投加仓,海尔智家
2016-05-24,600690,买入,16200,8.980,145476,0.9915,9.178,定投加仓,海尔智家
2016-05-25,600690,买入,16400,8.860,145304,0.9784,9.178,定投加仓,海尔智家
2016-05-26,600309,买入,9600,15.140,145344,0.8540,17.963,首次建仓,万华化学
2016-05-26,600690,买入,16400,8.890,145796,0.9653,9.178,定投加仓,海尔智家
2016-05-27,600309,买入,9600,15.160,145536,0.8428,17.963,定投加仓,万华化学
2016-05-27,600690,买入,16200,8.960,145152,0.9686,9.178,定投加仓,海尔智家
2016-05-30,600309,买入,9300,15.570,144801,0.8439,17.963,定投加仓,万华化学
2016-05-30,600690,买入,16500,8.770,144705,0.9762,9.178,定投加仓,海尔智家
2016-05-31,600309,买入,9500,15.900,151050,0.8668,17.963,定投加仓,万华化学
2016-05-31,601009,买入,3400,17.890,60826,0.9326,18.400,定投加仓,
2016-05-31,600690,买入,16600,9.150,151890,0.9555,9.178,定投加仓,海尔智家
2016-06-01,600309,买入,9400,16.090,151246,0.8851,17.963,定投加仓,万华化学
2016-06-01,600690,买入,16600,9.120,151392,0.9969,9.178,定投加仓,海尔智家
2016-06-02,600309,买入,9500,16.090,152855,0.8957,17.963,定投加仓,万华化学
2016-06-02,600690,买入,16500,9.300,153450,0.9936,9.178,定投加仓,海尔智家
2016-06-03,600309,买入,9500,16.280,154660,0.8957,17.963,定投加仓,万华化学
2016-06-03,600690,买入,16500,9.370,154605,1.0133,9.178,定投加仓,海尔智家
2016-06-06,600309,买入,9500,16.010,152095,0.9063,17.963,定投加仓,万华化学
2016-06-07,600309,买入,9400,16.200,152280,0.8913,17.963,定投加仓,万华化学
2016-06-07,600690,买入,2900,9.250,26825,1.0100,9.178,定投加仓,海尔智家
2016-06-08,600309,买入,1500,16.550,24825,0.9018,17.963,定投加仓,万华化学
2016-06-08,601398,买入,200,4.390,878,0.9402,4.680,首次建仓,工商银行
2016-06-15,601939,买入,1600,4.900,7840,0.8933,5.496,首次建仓,建设银行
2016-06-17,601939,买入,300,4.900,1470,0.8897,5.496,定投加仓,建设银行
2016-06-22,601939,买入,3800,4.970,18886,0.8988,5.496,定投加仓,建设银行
2016-06-22,601288,买入,100,3.170,317,0.9474,3.346,首次建仓,农业银行
2016-06-28,600690,卖出,17000,8.790,149430,,,换仓·减一档：让位给601225,海尔智家
2016-06-28,601225,买入,15400,5.320,81928,0.7419,7.292,首次建仓,陕西煤业
2016-06-28,601939,买入,100,5.000,500,0.9079,5.496,定投加仓,建设银行
2016-06-29,601225,买入,700,5.330,3731,0.7296,7.292,定投加仓,陕西煤业
2016-06-29,601398,买入,100,4.420,442,0.9445,4.680,定投加仓,工商银行
2016-06-30,601225,买入,1500,5.170,7755,0.7310,7.292,定投加仓,陕西煤业
2016-06-30,601398,买入,100,4.440,444,0.9445,4.680,定投加仓,工商银行
2016-07-01,601225,买入,4200,5.220,21924,0.7090,7.292,定投加仓,陕西煤业
2016-07-01,601288,买入,100,3.220,322,0.9287,3.446,定投加仓,农业银行
2016-07-04,601225,买入,14400,5.660,81504,0.7159,7.292,定投加仓,陕西煤业
2016-07-05,601225,买入,4300,5.710,24553,0.7762,7.292,定投加仓,陕西煤业
2016-07-05,601988,买入,100,3.250,325,0.9448,3.440,首次建仓,
2016-07-07,601225,买入,1300,5.730,7449,0.7927,7.292,定投加仓,陕西煤业
2016-07-12,002128,买入,18000,8.430,151740,0.8233,9.717,首次建仓,电投能源
2016-07-13,601088,买入,2600,14.950,38870,0.5928,25.456,首次建仓,中国神华
2016-07-13,601225,买入,100,6.600,660,0.9051,7.292,定投加仓,陕西煤业
2016-07-18,601088,买入,2800,15.000,42000,0.5999,25.456,定投加仓,中国神华
2016-07-21,601398,买入,100,4.280,428,0.9333,4.586,定投加仓,工商银行
2016-07-25,601398,卖出,500,4.290,2145,,,换仓：让位给空间更大的000338,工商银行
2016-07-26,601088,买入,6900,14.860,102534,0.5771,25.456,定投加仓,中国神华
2016-07-26,000338,买入,100,8.440,844,0.6121,13.642,首次建仓,潍柴动力
2016-07-28,002128,卖出,18000,8.050,144900,,,换仓：让位给空间更大的600585,电投能源
2016-07-28,601088,买入,11900,14.700,174930,0.5763,25.456,定投加仓,中国神华
2016-07-28,000338,买入,100,8.800,880,0.6202,13.642,定投加仓,潍柴动力
2016-07-28,601939,买入,100,5.030,503,0.9376,5.386,定投加仓,建设银行
2016-07-29,601288,卖出,200,3.110,622,,,换仓：让位给空间更大的600585,农业银行
2016-07-29,601088,买入,1800,14.660,26388,0.5775,25.456,定投加仓,中国神华
2016-07-29,601225,买入,100,5.680,568,0.8064,7.292,定投加仓,陕西煤业
2016-08-04,601009,卖出,18200,10.060,183092,,,换仓·减一档：让位给600585,
2016-08-04,601088,买入,7900,14.940,118026,0.5877,25.456,定投加仓,中国神华
2016-08-04,000338,买入,100,9.240,924,0.6823,13.541,定投加仓,潍柴动力
2016-08-04,601288,买入,100,3.120,312,0.9353,3.325,首次建仓,农业银行
2016-08-05,601009,卖出,17900,10.280,184012,,,换仓·减一档：让位给600585,
2016-08-05,601088,买入,12400,14.880,184512,0.5869,25.456,定投加仓,中国神华
2016-08-05,600585,买入,900,16.330,14697,0.6509,24.888,首次建仓,
2016-08-05,601398,买入,100,4.330,433,0.9310,4.651,首次建仓,工商银行
2016-08-08,601088,买入,1900,15.310,29089,0.5845,25.456,定投加仓,中国神华
2016-08-08,000338,买入,100,9.230,923,0.6772,13.541,定投加仓,潍柴动力
2016-08-09,601088,买入,5200,15.270,79404,0.6014,25.456,定投加仓,中国神华
2016-08-09,000338,买入,100,9.090,909,0.6816,13.541,定投加仓,潍柴动力
2016-08-12,600690,卖出,18700,10.390,194293,,,换仓·减一档：让位给002128,海尔智家
2016-08-12,601088,买入,12800,15.160,194048,0.5892,25.456,定投加仓,中国神华
2016-08-12,000338,买入,1300,8.930,11609,0.6691,13.541,定投加仓,潍柴动力
2016-08-12,601288,买入,100,3.210,321,0.9504,3.325,定投加仓,农业银行
2016-08-15,601088,买入,4100,15.430,63263,0.5955,25.456,定投加仓,中国神华
2016-08-15,000338,买入,100,9.140,914,0.6595,13.541,定投加仓,潍柴动力
2016-08-19,600690,卖出,18300,10.300,188490,,,换仓·减一档：让位给002128,海尔智家
2016-08-19,601088,买入,2900,15.070,43703,0.5951,25.456,定投加仓,中国神华
2016-08-19,601225,买入,100,5.780,578,0.8187,7.292,定投加仓,陕西煤业
2016-08-22,600690,卖出,18300,10.260,187758,,,换仓·减一档：让位给002128,海尔智家
2016-08-22,601088,买入,12300,14.980,184254,0.5920,25.456,定投加仓,中国神华
2016-08-22,000338,买入,100,8.820,882,0.6661,13.541,定投加仓,潍柴动力
2016-08-22,601398,买入,100,4.470,447,0.9547,4.651,定投加仓,工商银行
2016-08-23,600690,卖出,18400,10.260,188784,,,换仓·减一档：让位给002128,海尔智家
2016-08-23,601088,买入,12600,14.980,188748,0.5885,25.456,定投加仓,中国神华
2016-08-23,000338,买入,700,8.860,6202,0.6513,13.541,定投加仓,潍柴动力
2016-08-23,601288,买入,100,3.210,321,0.9624,3.325,定投加仓,农业银行
2016-08-24,600690,卖出,18300,10.250,187575,,,换仓·减一档：让位给002128,海尔智家
2016-08-24,601088,买入,11400,14.890,169746,0.5885,25.456,定投加仓,中国神华
2016-08-25,600690,卖出,18000,10.210,183780,,,换仓·减一档：让位给002128,海尔智家
2016-08-25,601088,买入,9600,14.950,143520,0.5849,25.456,定投加仓,中国神华
2016-08-25,601225,买入,100,5.580,558,0.7707,7.292,定投加仓,陕西煤业
2016-08-26,600690,卖出,18100,10.230,185163,,,换仓·减一档：让位给601857,海尔智家
2016-08-26,601088,买入,12400,14.910,184884,0.5873,25.456,定投加仓,中国神华
2016-08-26,000338,买入,1000,8.860,8860,0.6558,13.541,定投加仓,潍柴动力
2016-08-26,601288,买入,100,3.200,320,0.9684,3.325,定投加仓,农业银行
2016-08-29,600690,卖出,18400,10.190,187496,,,换仓·减一档：让位给601857,海尔智家
2016-08-29,601088,买入,12500,14.930,186625,0.5795,25.729,定投加仓,中国神华
2016-08-29,000338,买入,3200,8.900,28480,0.6543,13.541,定投加仓,潍柴动力
2016-08-30,600690,卖出,18400,10.310,189704,,,换仓·减一档：让位给601857,海尔智家
2016-08-30,601088,买入,9200,14.960,137632,0.5803,25.729,定投加仓,中国神华
2016-08-30,000338,买入,10300,8.870,91361,0.6572,13.541,定投加仓,潍柴动力
2016-08-30,601288,买入,100,3.210,321,0.9564,3.325,定投加仓,农业银行
2016-08-31,601088,买入,1100,15.000,16500,0.5814,25.729,定投加仓,中国神华
2016-08-31,000338,买入,700,8.860,6202,0.6487,13.673,定投加仓,潍柴动力
2016-08-31,601225,买入,100,5.850,585,0.7803,7.292,定投加仓,陕西煤业
2016-09-07,601009,卖出,18000,10.710,192780,,,换仓·减一档：让位给002128,
2016-09-07,000338,买入,21100,9.160,193276,0.6641,13.673,定投加仓,潍柴动力
2016-09-07,600585,买入,400,17.840,7136,0.6874,25.299,定投加仓,
2016-09-07,601225,买入,200,5.870,1174,0.8311,7.292,定投加仓,陕西煤业
2016-09-08,601009,卖出,18100,10.640,192584,,,换仓·减一档：让位给002128,
2016-09-08,601088,买入,100,15.120,1512,0.5826,25.729,定投加仓,中国神华
2016-09-08,000338,买入,20200,9.100,183820,0.6699,13.673,定投加仓,潍柴动力
2016-09-08,601225,买入,100,6.090,609,0.8050,7.292,定投加仓,陕西煤业
2016-09-09,601009,卖出,18000,10.500,189000,,,换仓·减一档：让位给002128,
2016-09-09,000338,买入,16400,9.110,149404,0.6656,13.673,定投加仓,潍柴动力
2016-09-09,601225,买入,100,5.870,587,0.8352,7.292,定投加仓,陕西煤业
2016-09-21,601009,卖出,17800,10.260,182628,,,换仓·减一档：让位给000651,
2016-09-21,000338,买入,9700,8.990,87203,0.6473,13.673,定投加仓,潍柴动力
2016-09-22,600690,卖出,17200,10.490,180428,,,换仓：让位给空间更大的000651,海尔智家
2016-09-22,000338,买入,20700,9.020,186714,0.6575,13.673,定投加仓,潍柴动力
2016-09-22,600585,买入,2600,16.940,44044,0.6581,25.299,定投加仓,
2016-09-22,601288,买入,500,3.140,1570,0.9342,3.350,定投加仓,农业银行
2016-09-23,600309,卖出,9400,19.670,184898,,,换仓·减一档：让位给000651,万华化学
2016-09-23,000338,买入,19600,9.060,177576,0.6597,13.673,定投加仓,潍柴动力
2016-09-23,601288,买入,100,3.150,315,0.9372,3.350,定投加仓,农业银行
2016-09-26,600309,卖出,9400,19.120,179728,,,换仓·减一档：让位给000651,万华化学
2016-09-26,000338,买入,11000,8.930,98230,0.6626,13.673,定投加仓,潍柴动力
2016-09-26,601288,买入,100,3.120,312,0.9402,3.350,定投加仓,农业银行
2016-09-27,600309,卖出,9300,19.680,183024,,,换仓·减一档：让位给000651,万华化学
2016-09-27,000338,买入,20300,9.040,183512,0.6531,13.673,定投加仓,潍柴动力
2016-09-27,600585,买入,2300,16.760,38548,0.6601,25.299,定投加仓,
2016-09-27,601288,买入,300,3.150,945,0.9313,3.350,定投加仓,农业银行
2016-09-28,600309,卖出,9000,20.300,182700,,,换仓·减一档：让位给000651,万华化学
2016-09-28,000338,买入,20400,8.930,182172,0.6612,13.673,定投加仓,潍柴动力
2016-09-28,601288,买入,100,3.130,313,0.9402,3.350,定投加仓,农业银行
2016-09-29,601009,卖出,18200,10.230,186186,,,换仓·减一档：让位给000651,
2016-09-29,000338,买入,20900,8.950,187055,0.6531,13.673,定投加仓,潍柴动力
2016-09-29,600585,买入,2700,16.670,45009,0.6574,25.299,定投加仓,
2016-09-29,601288,买入,300,3.140,942,0.9342,3.350,定投加仓,农业银行
2016-09-30,601009,卖出,18500,10.260,189810,,,换仓·减一档：让位给000651,
2016-09-30,000338,买入,20600,9.210,189726,0.6546,13.673,定投加仓,潍柴动力
2016-09-30,600585,买入,2200,16.850,37070,0.6589,25.299,定投加仓,
2016-09-30,601288,买入,300,3.130,939,0.9372,3.350,定投加仓,农业银行
2016-10-10,601009,卖出,18800,10.300,193640,,,换仓·减一档：让位给000651,
2016-10-10,600585,买入,11400,17.020,194028,0.6660,25.299,定投加仓,
2016-10-10,000338,买入,5500,9.310,51205,0.6736,13.673,定投加仓,潍柴动力
2016-10-10,601288,买入,200,3.150,630,0.9308,3.363,定投加仓,农业银行
2016-10-11,601009,卖出,19100,10.230,195393,,,换仓·减一档：让位给000651,
2016-10-11,600585,买入,11600,16.890,195924,0.6728,25.299,定投加仓,
2016-10-11,000338,买入,2900,9.330,27057,0.6809,13.673,定投加仓,潍柴动力
2016-10-11,601288,买入,100,3.140,314,0.9367,3.363,定投加仓,农业银行
2016-10-12,601009,卖出,8740,10.140,88624,,,换仓：让位给空间更大的000651,
2016-10-12,600585,买入,2400,16.450,39480,0.6676,25.299,定投加仓,
2016-10-13,601988,卖出,100,3.380,338,,,换仓：让位给空间更大的000651,
2016-10-14,601398,卖出,200,4.420,884,,,换仓：让位给空间更大的000651,工商银行
2016-10-14,600585,买入,200,16.360,3272,0.6475,25.299,定投加仓,
2016-10-14,000338,买入,100,9.300,930,0.6699,13.673,定投加仓,潍柴动力
2016-10-18,600585,买入,2800,16.400,45920,0.6419,25.299,定投加仓,
2016-10-18,000338,买入,100,9.270,927,0.6699,13.673,定投加仓,潍柴动力
2016-10-20,000338,买入,2500,9.110,22775,0.6765,13.673,定投加仓,潍柴动力
2016-10-21,000338,买入,3000,9.140,27420,0.6712,13.573,定投加仓,潍柴动力
2016-10-24,601088,买入,3200,17.300,55360,0.6265,25.729,定投加仓,中国神华
2016-10-24,000338,买入,13200,9.330,123156,0.6734,13.573,定投加仓,潍柴动力
2016-10-25,000338,买入,11600,9.890,114724,0.6874,13.573,定投加仓,潍柴动力
2016-11-04,000338,买入,1000,10.150,10150,0.7481,13.488,定投加仓,潍柴动力
2016-11-07,601088,买入,800,18.190,14552,0.6568,26.417,定投加仓,中国神华
2016-11-07,000338,买入,8300,10.100,83830,0.7525,13.488,定投加仓,潍柴动力
2016-11-10,000338,买入,800,10.480,8384,0.7429,13.488,定投加仓,潍柴动力
2016-11-10,601225,买入,100,6.340,634,0.8681,7.292,定投加仓,陕西煤业
2016-11-11,601225,买入,2700,6.460,17442,0.8695,7.292,定投加仓,陕西煤业
2016-11-11,601939,买入,100,5.320,532,0.9648,5.503,定投加仓,建设银行
2016-11-18,601288,卖出,2500,3.170,7925,,,换仓：让位给空间更大的000651,农业银行
2016-11-21,601225,卖出,34800,6.250,217500,,,换仓·减一档：让位给000651,陕西煤业
2016-11-21,600585,买入,2300,18.150,41745,0.6827,26.192,定投加仓,
2016-11-22,601088,买入,800,17.680,14144,0.6435,26.417,定投加仓,中国神华
2016-11-22,600585,买入,5000,18.080,90400,0.6930,26.192,定投加仓,
2016-11-22,000338,买入,100,10.240,1024,0.7451,13.488,定投加仓,潍柴动力
2016-11-28,600585,买入,1500,18.470,27705,0.7136,26.192,定投加仓,
2016-12-01,601088,买入,5100,17.120,87312,0.6409,26.417,定投加仓,中国神华
2016-12-01,601225,买入,200,5.550,1110,0.7515,7.292,定投加仓,陕西煤业
2016-12-02,601088,买入,400,17.140,6856,0.6481,26.417,定投加仓,中国神华
2016-12-02,601225,买入,200,5.450,1090,0.7611,7.292,定投加仓,陕西煤业
2016-12-02,601288,买入,100,3.220,322,1.0054,3.203,首次建仓,农业银行
2016-12-07,601088,买入,200,17.330,3466,0.6481,26.417,定投加仓,中国神华
2016-12-07,601225,买入,100,5.540,554,0.7433,7.292,定投加仓,陕西煤业
2016-12-14,601288,卖出,100,3.210,321,,,换仓：让位给空间更大的000651,农业银行
2017-01-19,000338,买入,400,10.750,4300,0.7755,13.488,定投加仓,潍柴动力
2017-01-20,000651,买入,1100,25.370,27907,0.7769,32.026,首次建仓,格力电器
2017-01-23,000651,买入,1900,25.280,48032,0.7922,32.026,定投加仓,格力电器
2017-01-24,000651,买入,3000,25.320,75960,0.7893,32.026,定投加仓,格力电器
2017-01-24,000338,买入,100,11.090,1109,0.8118,13.488,定投加仓,潍柴动力
2017-02-08,600585,买入,200,19.890,3978,0.7552,26.192,定投加仓,
2017-02-09,600585,买入,1500,20.870,31305,0.7594,26.192,定投加仓,
2017-02-10,601088,买入,5500,17.060,93830,0.6394,26.417,定投加仓,中国神华
2017-02-13,601088,买入,2200,17.200,37840,0.6458,26.417,定投加仓,中国神华
2017-02-16,601088,买入,700,17.400,12180,0.6553,26.417,定投加仓,中国神华
2017-02-22,601088,买入,1600,17.170,27472,0.6545,26.417,定投加仓,中国神华
2017-02-22,601225,买入,100,5.720,572,0.7940,7.292,定投加仓,陕西煤业
2017-03-20,601088,买入,6000,18.360,110160,0.6193,26.950,定投加仓,中国神华
2017-03-21,601088,买入,7400,19.890,147186,0.6813,26.950,定投加仓,中国神华
2017-03-21,601225,买入,9600,5.920,56832,0.8201,7.292,定投加仓,陕西煤业
2017-04-10,600585,买入,1400,22.060,30884,0.7803,27.143,定投加仓,
2017-04-10,000338,买入,100,11.600,1160,0.8402,13.758,定投加仓,潍柴动力
2017-04-10,601225,买入,100,6.180,618,0.8544,7.292,定投加仓,陕西煤业
2017-05-18,600309,卖出,11900,23.690,281911,,,涨幅≥110%·减一档,万华化学
2017-05-18,000651,买入,5100,32.640,166464,0.9636,34.162,定投加仓,格力电器
2017-05-22,000651,买入,300,33.820,10146,0.9689,34.162,定投加仓,格力电器
2017-05-23,000651,买入,3100,33.990,105369,0.9900,34.162,定投加仓,格力电器
2017-05-24,000651,买入,500,33.750,16875,0.9950,34.162,定投加仓,格力电器
2017-05-25,000651,买入,3100,33.590,104129,0.9879,34.162,定投加仓,格力电器
2017-05-26,000651,买入,200,34.070,6814,0.9832,34.162,定投加仓,格力电器
2017-06-02,000651,买入,3700,33.500,123950,0.9944,34.162,定投加仓,格力电器
2017-06-07,000651,买入,2000,34.600,69200,1.0029,34.162,定投加仓,格力电器
2017-06-08,000651,买入,1200,36.250,43500,1.0128,34.162,定投加仓,格力电器
2017-06-14,600585,买入,1900,21.230,40337,0.9936,22.222,定投加仓,
2017-06-19,601939,卖出,6000,6.130,36780,,,换仓：让位给空间更大的600066,建设银行
2017-06-19,000338,买入,7100,11.810,83851,0.9161,12.542,定投加仓,潍柴动力
2017-06-20,000338,买入,1200,11.900,14280,0.9416,12.542,定投加仓,潍柴动力
2017-06-21,000338,买入,9800,12.050,118090,0.9488,12.542,定投加仓,潍柴动力
2017-06-23,000338,买入,8500,12.320,104720,0.9623,12.542,定投加仓,潍柴动力
2017-06-26,600309,卖出,12700,27.890,354203,,,涨幅≥110%·减一档,万华化学
2017-06-26,600585,买入,16400,21.720,356208,0.9783,21.722,定投加仓,
2017-06-26,000338,买入,14700,13.020,191394,0.9823,12.542,定投加仓,潍柴动力
2017-06-27,600309,卖出,12900,27.790,358491,,,涨幅≥110%·减一档,万华化学
2017-06-27,600585,买入,16600,21.580,358228,0.9999,21.722,定投加仓,
2017-06-27,000338,买入,2700,13.160,35532,1.0381,12.542,定投加仓,潍柴动力
2017-06-28,600309,卖出,12400,28.980,359352,,,涨幅≥110%·减一档,万华化学
2017-06-28,600585,买入,16600,21.600,358560,0.9935,21.722,定投加仓,
2017-06-29,600309,卖出,9740,28.760,280122,,,涨幅≥110%清空,万华化学
2017-06-29,600585,买入,16100,22.680,365148,0.9944,21.722,定投加仓,
2017-06-30,600585,买入,500,22.730,11365,1.0441,21.722,定投加仓,
2017-07-06,600585,买入,8300,22.640,187912,1.0446,21.722,定投加仓,
2017-07-07,600585,买入,1000,23.340,23340,1.0423,21.722,定投加仓,
2017-07-13,000338,买入,9700,13.660,132502,1.0421,12.542,定投加仓,潍柴动力
2017-07-20,002714,买入,8200,28.410,232962,1.0254,27.598,首次建仓,牧原股份
2017-07-21,000338,卖出,57800,6.910,399398,,,涨幅≥110%·减一档,潍柴动力
2017-07-21,002714,买入,13900,28.700,398930,1.0294,27.598,定投加仓,牧原股份
2017-07-24,002714,买入,800,29.150,23320,1.0399,27.598,定投加仓,牧原股份
2017-07-31,002714,买入,600,28.450,17070,1.0352,27.598,定投加仓,牧原股份
2017-08-01,002714,买入,900,27.500,24750,1.0309,27.598,定投加仓,牧原股份
2017-08-25,600585,买入,700,24.060,16842,0.9273,25.667,定投加仓,
2017-08-28,600585,买入,2200,24.250,53350,0.9374,25.667,定投加仓,
2017-08-30,600585,买入,1300,24.040,31252,0.9350,25.667,定投加仓,
2017-08-31,000338,买入,8600,7.200,61920,0.8931,7.749,定投加仓,潍柴动力
2017-09-04,600585,买入,2500,22.970,57425,0.9152,25.667,定投加仓,
2017-09-13,600585,买入,2700,24.760,66852,0.9358,25.667,定投加仓,
2017-09-13,000338,买入,300,7.570,2271,0.9679,7.749,定投加仓,潍柴动力
2017-09-14,600585,买入,3100,25.590,79329,0.9647,25.667,定投加仓,
2017-10-20,000338,买入,2800,7.460,20888,0.9795,7.749,定投加仓,潍柴动力
2017-10-23,000338,买入,5400,7.500,40500,0.9818,7.599,定投加仓,潍柴动力
2017-10-24,000338,买入,14600,7.640,111544,0.9870,7.599,定投加仓,潍柴动力
2017-10-25,000338,买入,14400,7.740,111456,1.0054,7.599,定投加仓,潍柴动力
2017-10-26,000338,买入,7600,7.980,60648,1.0186,7.599,定投加仓,潍柴动力
2017-10-27,600585,买入,200,26.000,5200,1.0211,25.667,定投加仓,
2017-10-30,600585,买入,600,26.060,15636,0.9529,27.285,定投加仓,
2017-10-30,000338,买入,300,8.010,2403,1.0449,7.599,定投加仓,潍柴动力
2017-10-31,000338,买入,22500,8.350,187875,0.7533,10.634,定投加仓,潍柴动力
2017-11-06,000338,买入,10000,8.800,88000,0.7749,10.634,定投加仓,潍柴动力
2017-11-09,000338,买入,9200,8.730,80316,0.8069,10.634,定投加仓,潍柴动力
2017-11-09,600585,买入,4300,25.710,110553,0.9353,27.285,定投加仓,
2017-11-10,600585,买入,1900,25.000,47500,0.9423,27.285,定投加仓,
2017-11-13,600585,买入,8800,26.480,233024,0.9162,27.285,定投加仓,
2017-11-14,000338,买入,13700,8.910,122067,0.8464,10.634,定投加仓,潍柴动力
2017-11-14,600585,买入,1700,26.880,45696,0.9705,27.285,定投加仓,
2017-11-16,000338,买入,9100,8.800,80080,0.8116,10.634,定投加仓,潍柴动力
2017-11-17,000338,买入,3400,8.700,29580,0.8276,10.634,定投加仓,潍柴动力
2017-11-20,000338,买入,8900,8.580,76362,0.8182,10.634,定投加仓,潍柴动力
2017-11-21,000338,买入,5900,8.840,52156,0.8069,10.634,定投加仓,潍柴动力
2017-11-22,000338,买入,23600,8.860,209096,0.8313,10.634,定投加仓,潍柴动力
2018-01-11,000338,买入,26900,8.740,235106,0.8388,10.634,定投加仓,潍柴动力
2018-01-12,000338,买入,6300,8.670,54621,0.8219,10.634,定投加仓,潍柴动力
2018-01-16,000338,买入,14900,9.000,134100,0.8078,10.634,定投加仓,潍柴动力
2018-01-17,002714,卖出,9600,61.300,588480,,,涨幅≥110%·减一档,牧原股份
2018-01-18,002714,卖出,9800,60.350,591430,,,涨幅≥110%·减一档,牧原股份
2018-01-19,002714,卖出,5000,59.950,299750,,,涨幅≥110%清空,牧原股份
2018-01-22,000338,买入,26000,9.100,236600,0.8454,10.634,定投加仓,潍柴动力
2018-01-23,000338,买入,3300,9.180,30294,0.8558,10.634,定投加仓,潍柴动力
2018-01-25,000338,买入,2400,8.980,21552,0.8483,10.634,定投加仓,潍柴动力
2018-01-26,000338,买入,19500,8.960,174720,0.8445,10.634,定投加仓,潍柴动力
2018-01-29,000338,买入,16800,9.050,152040,0.8426,10.634,定投加仓,潍柴动力
2018-02-01,000338,买入,2200,8.650,19030,0.8257,10.634,定投加仓,潍柴动力
2018-02-02,000338,买入,75700,9.000,681300,0.8135,10.634,定投加仓,潍柴动力
2018-03-26,601088,卖出,23500,21.060,494910,,,移出股票库·减一档,中国神华
2018-03-27,601088,卖出,24200,21.240,514008,,,移出股票库·减一档,中国神华
2018-03-28,601088,卖出,23800,20.740,493612,,,移出股票库·减一档,中国神华
2018-03-29,601088,卖出,24600,21.130,519798,,,移出股票库·减一档,中国神华
2018-03-30,601088,卖出,24900,20.850,519165,,,移出股票库·减一档,中国神华
2018-04-02,601088,卖出,25300,20.840,527252,,,移出股票库·减一档,中国神华
2018-04-03,601088,卖出,26700,20.290,541743,,,移出股票库·减一档,中国神华
2018-04-04,601088,卖出,15300,20.160,308448,,,移出股票库·逐步清仓,中国神华
2018-05-03,600585,买入,15300,34.280,524484,0.7646,45.674,定投加仓,
2018-05-04,600585,买入,11400,34.760,396264,0.7505,45.674,定投加仓,
2018-05-07,600585,买入,1900,35.230,66937,0.7611,45.674,定投加仓,
2018-05-08,600585,买入,2000,36.200,72400,0.7713,45.674,定投加仓,
2018-05-14,600585,买入,2000,35.180,70360,0.7591,45.674,定投加仓,
2018-05-18,600585,买入,1100,35.670,39237,0.7716,45.674,定投加仓,
2018-05-25,600585,买入,100,34.040,3404,0.7431,45.674,定投加仓,
2018-05-28,600585,买入,2500,34.080,85200,0.7453,45.674,定投加仓,
2018-05-31,600585,买入,8700,34.240,297888,0.7153,45.674,定投加仓,
2018-06-12,600585,买入,9400,37.350,351090,0.7849,45.674,定投加仓,
2018-06-20,000651,买入,12000,47.880,574560,1.0402,45.502,定投加仓,格力电器
2018-06-27,002128,买入,59400,9.120,541728,0.6876,13.350,首次建仓,电投能源
2018-06-27,000651,买入,11900,45.470,541093,1.0395,45.502,定投加仓,格力电器
2018-06-28,002128,卖出,59400,8.910,529254,,,跌破建仓日MA60止损,电投能源
2018-06-28,000651,买入,7900,45.180,356922,0.9993,45.502,定投加仓,格力电器
2018-06-29,000651,买入,8900,47.150,419635,0.9929,45.502,定投加仓,格力电器
2018-08-29,600309,买入,1300,49.730,64649,1.0365,48.511,首次建仓,万华化学
2018-09-04,600309,卖出,1300,47.470,61711,,,跌破建仓日MA60止损,万华化学
2018-09-21,002152,买入,48500,6.060,293910,0.9651,6.082,首次建仓,
2018-09-27,002152,买入,6400,6.240,39936,1.0292,6.082,定投加仓,
2018-09-28,002152,买入,3000,6.410,19230,1.0259,6.082,定投加仓,
2018-10-16,002152,卖出,57900,5.530,320187,,,跌破建仓日MA60止损,
2018-10-22,601225,卖出,21000,8.650,181650,,,换仓：让位给空间更大的002152,陕西煤业
2019-01-29,600309,买入,4500,32.750,147375,0.6121,52.626,首次建仓,万华化学
2019-01-31,600309,买入,3100,32.700,101370,0.6166,52.626,定投加仓,万华化学
2019-02-01,600309,买入,2800,34.440,96432,0.6214,52.626,定投加仓,万华化学
2019-02-11,600309,买入,5700,35.280,201096,0.6544,52.626,定投加仓,万华化学
2019-02-12,600309,买入,6400,36.080,230912,0.6704,52.626,定投加仓,万华化学
2019-02-12,600660,买入,100,24.620,2462,0.9995,24.062,首次建仓,福耀玻璃
2019-02-13,600066,买入,17300,12.320,213136,0.6040,20.017,首次建仓,宇通客车
2019-02-14,600066,买入,4100,12.710,52111,0.6155,20.017,定投加仓,宇通客车
2019-02-18,600066,买入,17900,13.420,240218,0.6235,20.017,定投加仓,宇通客车
2019-02-25,002128,买入,54700,8.400,459480,0.4684,17.057,首次建仓,电投能源
2019-03-01,002128,买入,23400,8.560,200304,0.4972,17.057,定投加仓,电投能源
2019-03-04,002128,买入,56300,8.660,487558,0.5019,17.057,定投加仓,电投能源
2019-03-05,002128,买入,16900,8.800,148720,0.5077,17.057,定投加仓,电投能源
2019-03-18,002128,买入,32900,9.260,304654,0.5259,17.057,定投加仓,电投能源
2019-03-20,002128,买入,20600,9.100,187460,0.5318,17.057,定投加仓,电投能源
2019-03-21,002128,买入,17200,9.070,156004,0.5335,17.057,定投加仓,电投能源
2019-03-29,002128,买入,18300,9.110,166713,0.5189,17.057,定投加仓,电投能源
2019-04-01,002128,买入,55200,9.590,529368,0.5341,17.057,定投加仓,电投能源
2019-04-02,000338,卖出,67500,12.560,847800,,,涨幅≥110%·减一档,潍柴动力
2019-04-02,002128,买入,87800,9.660,848148,0.5622,17.057,定投加仓,电投能源
2019-04-02,600585,买入,7800,39.840,310752,0.7174,55.335,定投加仓,
2019-04-02,600066,买入,200,15.320,3064,0.8709,15.996,定投加仓,宇通客车
2019-04-03,000338,卖出,68700,12.600,865620,,,涨幅≥110%·减一档,潍柴动力
2019-04-03,002466,买入,23200,37.250,864200,0.4933,75.682,首次建仓,天齐锂业
2019-04-03,002128,买入,24700,9.850,243295,0.5663,17.057,定投加仓,电投能源
2019-04-03,600016,买入,100,6.500,650,0.9476,6.807,首次建仓,
2019-04-04,000338,卖出,68200,13.260,904332,,,涨幅≥110%·减一档,潍柴动力
2019-04-04,002466,买入,24100,37.440,902304,0.4922,75.682,定投加仓,天齐锂业
2019-04-04,002128,买入,52100,9.910,516311,0.5775,17.057,定投加仓,电投能源
2019-04-08,000338,卖出,67900,14.510,985229,,,涨幅≥110%·减一档（同日对冲 200 股）,潍柴动力
2019-04-08,002466,买入,26100,37.850,987885,0.4947,75.682,定投加仓,天齐锂业
2019-04-08,002128,买入,97500,10.130,987675,0.5810,17.057,定投加仓,电投能源
2019-04-08,600585,买入,2500,44.560,111400,0.7581,55.335,定投加仓,
2019-04-08,600016,买入,100,6.610,661,0.9637,6.807,定投加仓,
2019-04-09,000338,卖出,69100,13.860,957726,,,涨幅≥110%·减一档,潍柴动力
2019-04-09,002466,买入,14900,37.010,551449,0.5001,75.682,定投加仓,天齐锂业
2019-04-09,002128,买入,100,9.930,993,0.5939,17.057,定投加仓,电投能源
2019-04-09,600016,买入,100,6.560,656,0.9711,6.807,定投加仓,
2019-04-10,000338,卖出,70800,13.860,981288,,,涨幅≥110%·减一档,潍柴动力
2019-04-10,002466,买入,26700,36.680,979356,0.4890,75.682,定投加仓,天齐锂业
2019-04-10,002128,买入,31100,9.930,308823,0.5822,17.057,定投加仓,电投能源
2019-04-11,000338,卖出,69900,13.200,922680,,,涨幅≥110%·减一档,潍柴动力
2019-04-11,002466,买入,4000,36.810,147240,0.4847,75.682,定投加仓,天齐锂业
2019-04-12,000338,卖出,68000,13.400,911200,,,涨幅≥110%·减一档,潍柴动力
2019-04-12,002466,买入,21600,34.820,752112,0.4864,75.682,定投加仓,天齐锂业
2019-04-12,002128,买入,200,9.690,1938,0.5646,17.057,定投加仓,电投能源
2019-04-15,000338,卖出,70000,12.930,905100,,,涨幅≥110%·减一档,潍柴动力
2019-04-15,002466,买入,23700,34.280,812436,0.4601,75.682,定投加仓,天齐锂业
2019-04-15,002128,买入,100,9.560,956,0.5681,17.057,定投加仓,电投能源
2019-04-16,000338,卖出,71000,13.350,947850,,,涨幅≥110%·减一档,潍柴动力
2019-04-16,002466,买入,27000,35.110,947970,0.4529,75.682,定投加仓,天齐锂业
2019-04-16,002128,买入,59100,9.870,583317,0.5605,17.057,定投加仓,电投能源
2019-04-17,000338,卖出,68200,13.960,952072,,,涨幅≥110%·减一档,潍柴动力
2019-04-17,002466,买入,26400,35.990,950136,0.4639,75.682,定投加仓,天齐锂业
2019-04-17,002128,买入,5600,9.790,54824,0.5787,17.057,定投加仓,电投能源
2019-04-17,600016,买入,100,6.640,664,0.9828,6.807,定投加仓,
2019-04-18,000338,卖出,69900,13.490,942951,,,涨幅≥110%·减一档,潍柴动力
2019-04-18,002466,买入,22700,35.430,804261,0.4755,75.682,定投加仓,天齐锂业
2019-04-18,002128,买入,100,9.690,969,0.5740,17.057,定投加仓,电投能源
2019-04-18,600016,买入,100,6.610,661,0.9755,6.807,定投加仓,
2019-04-19,000338,卖出,70500,13.780,971490,,,涨幅≥110%·减一档,潍柴动力
2019-04-19,002466,买入,27700,35.080,971716,0.4681,75.682,定投加仓,天齐锂业
2019-04-19,002128,买入,38200,9.990,381618,0.5681,17.057,定投加仓,电投能源
2019-04-22,000338,卖出,41200,13.400,552080,,,涨幅≥110%清空,潍柴动力
2019-04-25,002466,卖出,268100,33.260,8917006,,,跌破建仓日MA60止损,天齐锂业
2019-04-25,600309,买入,18800,45.530,855964,0.5732,81.688,定投加仓,万华化学
2019-04-25,002128,买入,92800,9.260,859328,0.6878,13.797,定投加仓,电投能源
2019-04-25,600585,买入,21700,39.500,857150,0.7359,55.335,定投加仓,
2019-04-25,000338,买入,70200,12.250,859950,0.8614,15.440,首次建仓,潍柴动力
2019-04-25,600016,买入,134800,6.380,860024,0.9461,6.807,定投加仓,
2019-04-25,000651,买入,14800,57.750,854700,1.0298,58.178,定投加仓,格力电器
2019-04-25,600066,买入,55200,15.580,860016,1.0378,15.996,定投加仓,宇通客车
2019-04-26,600309,买入,19200,43.990,844608,0.5574,81.688,定投加仓,万华化学
2019-04-26,002128,买入,90500,9.350,846175,0.6712,13.797,定投加仓,电投能源
2019-04-26,600585,买入,2300,39.490,90827,0.7138,55.335,定投加仓,
2019-04-26,600016,买入,100,6.280,628,0.9373,6.807,定投加仓,
2019-04-29,600309,买入,2600,45.300,117780,0.5642,77.969,定投加仓,万华化学
2019-04-29,002128,买入,300,9.170,2751,0.6777,13.797,定投加仓,电投能源
2019-04-30,600309,买入,400,45.230,18092,0.5810,77.969,定投加仓,万华化学
2019-04-30,002128,买入,300,9.420,2826,0.6646,13.797,定投加仓,电投能源
2019-05-09,600016,卖出,135400,6.120,828648,,,跌破建仓日MA60止损,
2019-05-10,600309,买入,1800,42.100,75780,0.5174,77.969,定投加仓,万华化学
2019-05-10,002128,买入,200,8.800,1760,0.6212,13.797,定投加仓,电投能源
2019-05-15,600309,买入,3100,41.020,127162,0.5155,77.969,定投加仓,万华化学
2019-05-15,002128,买入,400,8.800,3520,0.6248,13.797,定投加仓,电投能源
2019-05-16,600309,买入,6100,41.000,250100,0.5261,77.969,定投加仓,万华化学
2019-05-16,002128,买入,200,8.960,1792,0.6378,13.797,定投加仓,电投能源
2019-05-17,000651,卖出,14200,54.800,778160,,,换仓·减一档：让位给601225,格力电器
2019-05-17,600309,买入,3700,39.820,147334,0.5259,77.969,定投加仓,万华化学
2019-05-21,600309,买入,6700,40.720,272824,0.4953,77.969,定投加仓,万华化学
2019-05-21,002128,买入,300,8.850,2655,0.6226,13.797,定投加仓,电投能源
2019-05-23,600660,卖出,100,22.340,2234,,,跌破建仓日MA60止损,福耀玻璃
2019-05-27,000338,买入,3600,11.990,43164,0.7076,16.253,定投加仓,潍柴动力
2019-06-25,600585,买入,900,40.150,36135,0.7248,56.039,定投加仓,
2019-06-26,600585,买入,3900,40.490,157911,0.7165,56.039,定投加仓,
2019-06-27,600585,买入,1800,41.260,74268,0.7225,56.039,定投加仓,
2019-07-01,600585,买入,3900,41.960,163644,0.7406,56.039,定投加仓,
2019-07-04,600016,买入,137800,6.440,887432,0.9784,6.602,首次建仓,
2019-07-05,600016,买入,95700,6.090,582813,0.9754,6.602,定投加仓,
2019-07-09,600016,卖出,142100,5.980,849758,,,换仓·减一档：让位给601225,
2019-07-09,600309,买入,2900,41.730,121017,0.5511,75.969,定投加仓,万华化学
2019-07-09,000338,买入,100,11.930,1193,0.7272,16.253,定投加仓,潍柴动力
2019-07-10,600016,卖出,91300,5.980,545974,,,换仓：让位给空间更大的601225（同日对冲 100 股）,
2019-07-10,600309,买入,6200,41.440,256928,0.5493,75.969,定投加仓,万华化学
2019-07-11,600309,买入,1300,41.690,54197,0.5455,75.969,定投加仓,万华化学
2019-07-11,000338,买入,100,11.840,1184,0.7309,16.253,定投加仓,潍柴动力
2019-07-11,600016,买入,100,5.990,599,0.9557,6.257,定投加仓,
2019-07-12,600016,卖出,200,6.030,1206,,,换仓：让位给空间更大的601225,
2019-07-12,600309,买入,2400,42.100,101040,0.5488,75.969,定投加仓,万华化学
2019-07-12,000338,买入,100,11.960,1196,0.7285,16.253,定投加仓,潍柴动力
2019-07-15,600309,买入,200,41.550,8310,0.5542,75.969,定投加仓,万华化学
2019-07-15,000338,买入,200,12.200,2440,0.7359,16.253,定投加仓,潍柴动力
2019-07-15,600016,买入,100,6.010,601,0.9637,6.257,首次建仓,
2019-07-16,600016,卖出,100,6.000,600,,,换仓：让位给空间更大的601225,
2019-07-18,000651,卖出,14900,54.400,810560,,,换仓·减一档：让位给601225,格力电器
2019-07-18,600309,买入,9800,40.810,399938,0.5502,75.969,定投加仓,万华化学
2019-07-18,601225,买入,300,8.850,2655,0.7487,11.955,首次建仓,陕西煤业
2019-07-19,600309,买入,2800,40.520,113456,0.5372,75.969,定投加仓,万华化学
2019-07-24,000651,卖出,15100,54.760,826876,,,换仓·减一档：让位给600566,格力电器
2019-07-24,600309,买入,19400,42.640,827216,0.5421,75.969,定投加仓,万华化学
2019-07-24,601225,买入,15000,9.050,135750,0.7570,11.955,定投加仓,陕西煤业
2019-07-25,000651,卖出,15100,55.120,832312,,,换仓·减一档：让位给600566,格力电器
2019-07-25,600309,买入,19600,42.690,836724,0.5613,75.969,定投加仓,万华化学
2019-07-25,601225,买入,10000,9.080,90800,0.7570,11.955,定投加仓,陕西煤业
2019-07-26,000651,卖出,15300,55.460,848538,,,换仓·减一档：让位给600016,格力电器
2019-07-26,600309,买入,19500,43.410,846495,0.5619,75.969,定投加仓,万华化学
2019-07-26,601225,买入,17300,9.040,156392,0.7595,11.955,定投加仓,陕西煤业
2019-07-29,000651,卖出,6100,54.620,333182,,,换仓：让位给空间更大的600016,格力电器
2019-07-29,600309,买入,8700,44.380,386106,0.5714,75.969,定投加仓,万华化学
2019-09-02,600309,买入,2800,44.900,125720,0.6762,66.115,定投加仓,万华化学
2019-09-02,601225,买入,300,9.170,2751,0.7243,12.287,定投加仓,陕西煤业
2019-09-03,600309,买入,1300,44.700,58110,0.6791,66.115,定投加仓,万华化学
2019-09-03,601225,买入,300,9.230,2769,0.7463,12.287,定投加仓,陕西煤业
2019-09-04,600309,买入,5800,45.580,264364,0.6761,66.115,定投加仓,万华化学
2019-09-05,600309,买入,5300,46.970,248941,0.6894,66.115,定投加仓,万华化学
2019-09-06,600309,买入,2700,46.700,126090,0.7104,66.115,定投加仓,万华化学
2019-09-06,601225,买入,400,9.160,3664,0.7471,12.287,定投加仓,陕西煤业
2019-09-09,600309,买入,100,47.200,4720,0.7063,66.115,定投加仓,万华化学
2019-09-26,600066,卖出,61200,14.010,857412,,,换仓·减一档：让位给002466,宇通客车
2019-09-26,002466,买入,1400,28.080,39312,0.4066,71.052,首次建仓,天齐锂业
2019-09-26,600016,买入,100,6.060,606,0.9310,6.477,首次建仓,
2019-10-11,002466,买入,10400,26.050,270920,0.3790,71.052,定投加仓,天齐锂业
2019-10-11,002128,买入,100,8.400,840,0.5414,15.405,定投加仓,电投能源
2019-10-11,600016,买入,100,6.170,617,0.9598,6.366,定投加仓,
2019-10-14,002466,买入,2800,26.550,74340,0.3666,71.052,定投加仓,天齐锂业
2019-10-14,002128,买入,200,8.450,1690,0.5453,15.405,定投加仓,电投能源
2019-10-14,600016,买入,100,6.270,627,0.9693,6.366,定投加仓,
2019-10-18,601225,卖出,43600,8.580,374088,,,跌破建仓日MA60止损,陕西煤业
2019-10-25,002466,买入,17800,25.970,462266,0.4070,63.261,定投加仓,天齐锂业
2019-10-25,002128,买入,200,7.970,1594,0.4923,16.960,定投加仓,电投能源
2019-10-28,002466,买入,700,26.220,18354,0.4105,63.261,定投加仓,天齐锂业
2019-10-28,002128,买入,100,8.040,804,0.4813,16.560,定投加仓,电投能源
2019-10-28,601328,买入,100,5.660,566,1.0316,5.535,首次建仓,
2019-11-01,002466,买入,14700,25.590,376173,0.3976,63.261,定投加仓,天齐锂业
2019-11-01,002128,买入,200,8.050,1610,0.4783,16.560,定投加仓,电投能源
2019-11-04,002466,买入,11500,27.290,313835,0.4045,63.261,定投加仓,天齐锂业
2019-11-04,002128,买入,300,8.050,2415,0.4861,16.560,定投加仓,电投能源
2019-11-05,002466,买入,3000,28.030,84090,0.4314,63.261,定投加仓,天齐锂业
2019-11-13,601328,卖出,100,5.550,555,,,跌破建仓日MA60止损,
2019-11-19,002466,买入,1000,28.890,28890,0.4290,63.261,定投加仓,天齐锂业
2019-11-19,002128,买入,200,8.120,1624,0.4873,16.560,定投加仓,电投能源
2019-11-21,002466,买入,2000,28.370,56740,0.4543,63.261,定投加仓,天齐锂业
2019-11-22,002466,买入,8800,28.160,247808,0.4485,63.261,定投加仓,天齐锂业
2019-11-22,002128,买入,200,8.230,1646,0.4952,16.560,定投加仓,电投能源
2019-11-25,002466,买入,27300,27.920,762216,0.4451,63.261,定投加仓,天齐锂业
2019-11-25,002128,买入,100,8.520,852,0.4970,16.560,定投加仓,电投能源
2019-12-09,002466,买入,5100,27.720,141372,0.4660,63.261,定投加仓,天齐锂业
2019-12-09,002128,买入,200,8.300,1660,0.4927,16.560,定投加仓,电投能源
2019-12-10,002466,买入,4600,27.880,128248,0.4382,63.261,定投加仓,天齐锂业
2019-12-10,002128,买入,100,8.220,822,0.5012,16.560,定投加仓,电投能源
2019-12-11,002466,买入,1000,27.710,27710,0.4407,63.261,定投加仓,天齐锂业
2019-12-11,002128,买入,100,8.180,818,0.4964,16.560,定投加仓,电投能源
2019-12-13,002466,买入,3600,27.720,99792,0.4361,63.261,定投加仓,天齐锂业
2019-12-16,002466,买入,8600,27.630,237618,0.4382,63.261,定投加仓,天齐锂业
2019-12-16,002128,买入,100,8.290,829,0.4976,16.560,定投加仓,电投能源
2019-12-16,600016,买入,100,6.250,625,0.9898,6.335,定投加仓,
2019-12-17,002466,买入,3500,29.060,101710,0.4368,63.261,定投加仓,天齐锂业
2019-12-17,600016,买入,100,6.320,632,0.9866,6.335,定投加仓,
2019-12-23,600066,卖出,33500,14.050,470675,,,换仓：让位给空间更大的601225,宇通客车
2019-12-23,002128,买入,61600,8.240,507584,0.5054,16.560,定投加仓,电投能源
2019-12-24,002128,买入,21000,8.330,174930,0.4976,16.560,定投加仓,电投能源
2019-12-25,002128,买入,20600,8.260,170156,0.5030,16.560,定投加仓,电投能源
2019-12-26,002128,买入,6200,8.330,51646,0.4988,16.560,定投加仓,电投能源
2019-12-27,600585,卖出,22300,52.010,1159823,,,涨幅≥110%·减一档,
2019-12-27,002128,买入,138000,8.410,1160580,0.5030,16.560,定投加仓,电投能源
2019-12-27,002466,买入,15000,28.470,427050,0.5308,50.682,定投加仓,天齐锂业
2019-12-30,600585,卖出,22700,52.770,1197879,,,涨幅≥110%·减一档,
2019-12-30,002128,买入,138200,8.700,1202340,0.5078,16.560,定投加仓,电投能源
2019-12-30,002466,买入,19100,28.400,542440,0.5617,50.682,定投加仓,天齐锂业
2019-12-30,601225,买入,200,9.040,1808,0.6787,13.114,首次建仓,陕西煤业
2019-12-31,600585,卖出,22600,54.800,1238480,,,涨幅≥110%·减一档,
2019-12-31,002128,买入,143300,8.660,1240978,0.5254,16.560,定投加仓,电投能源
2019-12-31,002466,买入,16900,30.180,510042,0.5604,50.682,定投加仓,天齐锂业
2019-12-31,601225,买入,200,8.990,1798,0.6893,13.114,定投加仓,陕西煤业
2020-01-02,600585,卖出,22400,55.800,1249920,,,涨幅≥110%·减一档,
2020-01-02,002128,买入,144700,8.670,1254549,0.5229,16.560,定投加仓,电投能源
2020-01-02,002466,买入,5700,30.690,174933,0.5955,50.682,定投加仓,天齐锂业
2020-01-02,601225,买入,100,9.020,902,0.6855,13.114,定投加仓,陕西煤业
2020-01-02,600016,买入,100,6.360,636,0.9903,6.372,定投加仓,
2020-01-03,600585,卖出,22900,54.680,1252172,,,涨幅≥110%·减一档,
2020-01-03,002128,买入,145000,8.610,1248450,0.5235,16.560,定投加仓,电投能源
2020-01-06,600585,卖出,23300,53.320,1242356,,,涨幅≥110%·减一档,
2020-01-06,002128,买入,36400,8.630,314132,0.5199,16.560,定投加仓,电投能源
2020-01-06,002466,买入,23800,32.680,777784,0.6107,50.682,定投加仓,天齐锂业
2020-01-06,601225,买入,100,9.230,923,0.6863,13.114,定投加仓,陕西煤业
2020-01-06,600016,买入,100,6.300,630,0.9950,6.372,定投加仓,
2020-01-07,600585,卖出,23400,53.480,1251432,,,涨幅≥110%·减一档,
2020-01-07,002128,买入,10300,8.850,91155,0.5211,16.560,定投加仓,电投能源
2020-01-07,002466,买入,38900,32.210,1252969,0.6448,50.682,定投加仓,天齐锂业
2020-01-07,601225,买入,4600,9.360,43056,0.7038,13.114,定投加仓,陕西煤业
2020-01-08,600585,卖出,23000,52.690,1211870,,,涨幅≥110%·减一档,
2020-01-08,002466,买入,20600,31.940,657964,0.6355,50.682,定投加仓,天齐锂业
2020-01-08,601225,买入,200,9.010,1802,0.7137,13.114,定投加仓,陕西煤业
2020-01-08,600016,买入,100,6.290,629,0.9935,6.372,定投加仓,
2020-01-09,600585,卖出,23000,53.140,1222220,,,涨幅≥110%·减一档,
2020-01-09,002466,买入,38900,31.530,1226517,0.6302,50.682,定投加仓,天齐锂业
2020-01-09,601225,买入,19700,9.030,177891,0.6870,13.114,定投加仓,陕西煤业
2020-01-10,600585,卖出,22700,53.440,1213088,,,涨幅≥110%·减一档,
2020-01-10,002466,买入,33600,32.000,1075200,0.6221,50.682,定投加仓,天齐锂业
2020-01-10,601225,买入,100,8.990,899,0.6886,13.114,定投加仓,陕西煤业
2020-01-10,600016,买入,100,6.330,633,0.9903,6.372,定投加仓,
2020-01-13,600585,卖出,23100,52.720,1217832,,,涨幅≥110%·减一档,
2020-01-13,002466,买入,38100,32.010,1219581,0.6314,50.682,定投加仓,天齐锂业
2020-01-13,601225,买入,6500,9.020,58630,0.6855,13.114,定投加仓,陕西煤业
2020-01-14,600585,卖出,6600,52.910,349206,,,涨幅≥110%清空,
2020-01-14,002128,买入,45300,8.570,388221,0.5193,16.560,定投加仓,电投能源
2020-01-14,002466,买入,21700,34.780,754726,0.6316,50.682,定投加仓,天齐锂业
2020-01-14,601225,买入,200,8.960,1792,0.6878,13.114,定投加仓,陕西煤业
2020-01-17,600016,卖出,900,6.290,5661,,,换仓：让位给空间更大的600566,
2020-01-21,601225,卖出,31900,8.510,271469,,,跌破建仓日MA60止损,陕西煤业
2020-02-03,002128,卖出,1789800,7.160,12814968,,,跌破建仓日MA60止损,电投能源
2020-02-03,600309,买入,19100,48.490,926159,0.7637,67.969,定投加仓,万华化学
2020-02-03,600566,买入,38300,24.150,924945,0.8268,31.517,首次建仓,
2020-02-03,000338,买入,76000,12.180,925680,0.8321,16.260,定投加仓,潍柴动力
2020-02-03,600066,买入,65200,14.200,925840,0.9744,16.195,首次建仓,宇通客车
2020-02-03,600750,买入,70400,13.160,926464,1.0203,12.624,首次建仓,华润江中
2020-02-04,600066,卖出,65200,13.920,907584,,,跌破建仓日MA60止损,宇通客车
2020-02-04,600309,买入,19500,49.470,964665,0.7134,67.969,定投加仓,万华化学
2020-02-04,000338,买入,75400,12.820,966628,0.7491,16.260,定投加仓,潍柴动力
2020-02-04,600566,买入,39700,24.310,965107,0.7662,31.517,定投加仓,
2020-02-04,600750,买入,73000,13.240,966520,1.0425,12.624,定投加仓,华润江中
2020-02-05,600566,买入,36600,26.270,961482,0.7713,31.517,定投加仓,
2020-02-05,000338,买入,16500,13.270,218955,0.7884,16.260,定投加仓,潍柴动力
2020-02-06,600309,买入,2600,49.730,129298,0.7284,67.969,定投加仓,万华化学
2020-02-06,000338,买入,4000,13.360,53440,0.8161,16.260,定投加仓,潍柴动力
2020-02-10,600309,买入,1900,50.300,95570,0.7187,67.969,定投加仓,万华化学
2020-02-10,000338,买入,100,13.980,1398,0.8204,16.260,定投加仓,潍柴动力
2020-02-12,002466,买入,7800,30.720,239616,0.5511,50.682,定投加仓,天齐锂业
2020-02-12,600309,买入,9800,50.440,494312,0.7356,67.969,定投加仓,万华化学
2020-02-13,600309,买入,13600,50.220,682992,0.7421,67.969,定投加仓,万华化学
2020-02-13,600566,买入,5200,25.560,132912,0.8268,31.517,定投加仓,
2020-02-13,000338,买入,100,14.440,1444,0.8788,16.260,定投加仓,潍柴动力
2020-02-14,600309,买入,13300,49.960,664468,0.7389,67.969,定投加仓,万华化学
2020-02-14,600566,买入,500,25.450,12725,0.8110,31.517,定投加仓,
2020-02-14,600750,买入,100,12.790,1279,1.0227,12.624,定投加仓,华润江中
2020-02-17,600309,买入,13600,51.490,700264,0.7350,67.969,定投加仓,万华化学
2020-02-17,600566,买入,100,25.640,2564,0.8075,31.517,定投加仓,
2020-02-17,600750,买入,100,13.070,1307,1.0132,12.624,定投加仓,华润江中
2020-02-26,600750,卖出,86000,12.910,1110260,,,换仓·减一档：让位给600585,华润江中
2020-02-28,600566,卖出,120400,23.200,2793280,,,跌破建仓日MA60止损,
2020-02-28,600750,卖出,57600,12.400,714240,,,跌破建仓日MA60止损,华润江中
2020-02-28,600585,买入,18000,54.860,987480,0.9261,60.113,首次建仓,
2020-02-28,600066,买入,49300,15.080,743444,0.9688,16.195,首次建仓,宇通客车
2020-03-02,600585,买入,17800,60.310,1073518,0.9126,60.113,定投加仓,
2020-03-02,600066,买入,4200,15.460,64932,0.9312,16.195,定投加仓,宇通客车
2020-03-03,600066,买入,1100,15.510,17061,0.9546,16.195,定投加仓,宇通客车
2020-03-04,600066,买入,23700,15.400,364980,0.9577,16.195,定投加仓,宇通客车
2020-03-05,600066,买入,24700,15.500,382850,0.9509,16.195,定投加仓,宇通客车
2020-03-11,600066,卖出,103000,14.500,1493500,,,跌破建仓日MA60止损,宇通客车
2020-03-19,600585,卖出,35800,50.090,1793222,,,跌破建仓日MA60止损,
2020-03-23,002466,卖出,446240,20.900,9326416,,,跌破建仓日MA60止损,天齐锂业
2020-03-26,600585,买入,11500,54.330,624795,0.8205,67.473,首次建仓,
2020-03-27,600585,买入,11200,55.820,625184,0.8052,67.473,定投加仓,
2020-03-30,600585,买入,10700,55.840,597488,0.8273,67.473,定投加仓,
2020-03-31,600585,买入,11100,55.100,611610,0.8276,67.473,定投加仓,
2020-04-01,600585,买入,11300,54.800,619240,0.8166,67.473,定投加仓,
2020-04-02,600585,买入,11600,54.720,634752,0.8122,67.473,定投加仓,
2020-04-03,600585,买入,11800,54.620,644516,0.8110,67.473,定投加仓,
2020-04-07,600585,买入,11600,57.800,670480,0.8095,67.473,定投加仓,
2020-04-08,600585,买入,11600,57.600,668160,0.8566,67.473,定投加仓,
2020-04-09,600585,买入,11500,57.950,666425,0.8537,67.473,定投加仓,
2020-04-13,600585,买入,300,59.300,17790,0.8578,67.473,定投加仓,
2020-04-14,600585,买入,5700,59.660,340062,0.8789,67.473,定投加仓,
2020-04-20,600585,买入,300,59.560,17868,0.8627,67.473,定投加仓,
2020-04-30,600585,买入,2800,59.960,167888,0.8607,69.710,定投加仓,
2020-05-06,600585,买入,4500,59.590,268155,0.8601,69.710,定投加仓,
2020-05-07,600585,买入,2000,60.900,121800,0.8548,69.710,定投加仓,
2020-05-08,600585,买入,3100,60.850,188635,0.8736,69.710,定投加仓,
2020-05-11,600585,买入,1200,61.950,74340,0.8729,69.710,定投加仓,
2020-05-15,600585,卖出,12000,58.850,706200,,,换仓·减一档：让位给002128,
2020-05-15,002128,买入,53100,7.870,417897,0.3830,20.624,首次建仓,电投能源
2020-05-18,002128,买入,21300,7.880,167844,0.3816,20.624,定投加仓,电投能源
2020-05-19,002128,买入,79800,7.950,634410,0.3821,20.624,定投加仓,电投能源
2020-05-19,600016,买入,100,5.800,580,0.7089,8.153,首次建仓,
2020-05-22,600016,卖出,100,5.680,568,,,跌破建仓日MA60止损,
2020-05-29,600585,卖出,12700,56.800,721360,,,换仓·减一档：让位给601088,
2020-05-29,002128,买入,13500,8.070,108945,0.3961,20.624,定投加仓,电投能源
2020-06-01,600585,卖出,13000,58.350,758550,,,换仓·减一档：让位给601088,
2020-06-01,002128,买入,93300,8.160,761328,0.3913,20.624,定投加仓,电投能源
2020-06-01,601088,买入,28100,16.560,465336,0.5839,28.051,首次建仓,中国神华
2020-06-01,601818,买入,100,3.840,384,0.8377,4.548,首次建仓,
2020-06-02,002128,买入,400,8.220,3288,0.3957,20.624,定投加仓,电投能源
2020-06-02,601169,买入,100,4.930,493,0.7606,6.482,首次建仓,
2020-06-03,002128,买入,25400,8.070,204978,0.3986,20.624,定投加仓,电投能源
2020-06-03,600016,买入,100,5.770,577,0.7350,7.864,首次建仓,
2020-06-08,002128,买入,3600,8.150,29340,0.3927,20.624,定投加仓,电投能源
2020-06-08,601288,买入,100,3.410,341,0.8847,3.866,首次建仓,农业银行
2020-06-09,002128,买入,8100,8.180,66258,0.3952,20.624,定投加仓,电投能源
2020-06-11,600016,卖出,100,5.690,569,,,跌破建仓日MA60止损,
2020-06-11,601288,卖出,100,3.380,338,,,跌破建仓日MA60止损,农业银行
2020-06-15,601088,卖出,28100,14.610,410541,,,跌破建仓日MA60止损,中国神华
2020-06-15,601169,卖出,100,4.850,485,,,跌破建仓日MA60止损,
2020-06-15,601818,卖出,100,3.700,370,,,换仓：让位给空间更大的002466,
2020-06-16,600309,卖出,15500,48.250,747875,,,换仓·减一档：让位给002466,万华化学
2020-06-16,002128,买入,91500,8.020,733830,0.3826,20.624,定投加仓,电投能源
2020-06-17,000338,卖出,55700,13.380,745266,,,换仓·减一档：让位给002466,潍柴动力
2020-06-17,002128,买入,81800,8.100,662580,0.3889,20.624,定投加仓,电投能源
2020-06-18,600585,卖出,14100,54.530,768873,,,换仓·减一档：让位给002466,
2020-06-18,002128,买入,90500,8.500,769250,0.3927,20.624,定投加仓,电投能源
2020-06-18,002466,买入,20500,24.940,511270,0.5002,50.682,首次建仓,天齐锂业
2020-06-19,002128,买入,8700,8.490,73863,0.4121,20.624,定投加仓,电投能源
2020-06-24,002128,买入,35400,7.820,276828,0.3995,20.624,定投加仓,电投能源
2020-07-01,002128,买入,59200,7.910,468272,0.3832,20.224,定投加仓,电投能源
2020-07-02,002128,买入,96600,8.490,820134,0.3911,20.224,定投加仓,电投能源
2020-07-02,601988,买入,100,3.580,358,0.8838,3.960,首次建仓,
2020-07-03,002128,买入,40900,9.340,382006,0.4198,20.224,定投加仓,电投能源
2020-07-03,601988,买入,100,3.630,363,0.9040,3.960,定投加仓,
2020-07-06,002466,买入,41200,23.800,980560,0.4443,50.682,定投加仓,天齐锂业
2020-07-06,002128,买入,3300,10.270,33891,0.4618,20.224,定投加仓,电投能源
2020-07-07,002466,买入,14000,25.810,361340,0.4696,50.682,定投加仓,天齐锂业
2020-07-08,002466,买入,10700,26.660,285262,0.5093,50.682,定投加仓,天齐锂业
2020-07-08,601225,买入,100,8.370,837,0.6557,12.506,首次建仓,陕西煤业
2020-07-09,002466,买入,26400,26.800,707520,0.5260,50.682,定投加仓,天齐锂业
2020-07-09,002128,买入,100,12.650,1265,0.5686,20.224,定投加仓,电投能源
2020-07-09,600016,买入,100,6.440,644,0.8499,7.672,首次建仓,
2020-07-13,002466,买入,6900,31.590,217971,0.5667,50.682,定投加仓,天齐锂业
2020-07-14,002128,买入,1800,12.690,22842,0.6107,20.224,定投加仓,电投能源
2020-07-14,600016,买入,100,5.740,574,0.8012,7.302,定投加仓,
2020-07-17,601988,卖出,200,3.410,682,,,换仓：让位给空间更大的601088,
2020-07-17,002466,买入,13700,28.700,393190,0.5460,50.682,定投加仓,天齐锂业
2020-07-17,601225,买入,100,7.550,755,0.6282,12.146,定投加仓,陕西煤业
2020-07-20,002128,买入,101700,12.290,1249893,0.5637,20.224,定投加仓,电投能源
2020-07-20,002466,买入,10700,29.140,311798,0.5663,50.682,定投加仓,天齐锂业
2020-07-23,600016,卖出,200,5.610,1122,,,换仓：让位给空间更大的601088,
2020-08-13,600309,卖出,17400,65.950,1147530,,,换仓·减一档：让位给600016,万华化学
2020-08-14,600309,卖出,17200,67.480,1160656,,,换仓·减一档：让位给600016,万华化学
2020-08-14,002466,买入,42200,25.590,1079898,0.5302,50.682,定投加仓,天齐锂业
2020-08-17,000338,卖出,73400,16.230,1191282,,,换仓·减一档：让位给601088,潍柴动力
2020-08-17,002466,买入,47000,25.320,1190040,0.5049,50.682,定投加仓,天齐锂业
2020-08-17,002128,买入,35400,11.460,405684,0.5370,20.224,定投加仓,电投能源
2020-08-18,000338,卖出,74800,16.130,1206524,,,换仓·减一档：让位给601088,潍柴动力
2020-08-18,002466,买入,48400,24.930,1206612,0.4996,50.682,定投加仓,天齐锂业
2020-08-18,002128,买入,19500,11.430,222885,0.5666,20.224,定投加仓,电投能源
2020-08-18,601988,买入,100,3.360,336,0.9303,3.655,首次建仓,
2020-08-19,601988,卖出,100,3.340,334,,,跌破建仓日MA60止损,
2020-08-19,000338,卖出,42500,15.720,668100,,,换仓：让位给空间更大的601088,潍柴动力
2020-08-19,002466,买入,13500,25.710,347085,0.4919,50.682,定投加仓,天齐锂业
2020-08-19,600016,买入,100,5.630,563,0.8023,7.080,首次建仓,
2020-08-20,600585,卖出,19600,59.240,1161104,,,换仓·减一档：让位给601088,
2020-08-20,002466,买入,35200,24.600,865920,0.5073,50.682,定投加仓,天齐锂业
2020-08-21,600585,卖出,19500,59.360,1157520,,,换仓·减一档：让位给601088,
2020-08-21,002466,买入,47600,24.380,1160488,0.4854,50.682,定投加仓,天齐锂业
2020-08-21,600016,买入,100,5.600,560,0.7895,7.080,定投加仓,
2020-08-24,600585,卖出,19300,61.580,1188494,,,换仓·减一档：让位给601088,
2020-08-24,002466,买入,48700,24.510,1193637,0.4810,50.682,定投加仓,天齐锂业
2020-08-24,002128,买入,37500,10.840,406500,0.5350,20.224,定投加仓,电投能源
2020-08-24,601818,买入,100,3.860,386,0.9524,4.095,首次建仓,
2020-08-25,601818,卖出,100,3.870,387,,,换仓：让位给空间更大的601088,
2020-08-26,600016,卖出,200,5.530,1106,,,跌破建仓日MA60止损,
2020-09-02,600585,卖出,19100,59.700,1140270,,,换仓·减一档：让位给601088,
2020-09-02,002128,买入,43500,10.220,444570,0.5624,18.598,定投加仓,电投能源
2020-09-02,601225,买入,100,8.080,808,0.6594,12.374,定投加仓,陕西煤业
2020-09-03,600585,卖出,4500,59.570,268065,,,换仓：让位给空间更大的601088,
2020-09-03,002128,买入,29500,10.180,300310,0.5495,18.598,定投加仓,电投能源
2020-09-04,002128,买入,14500,10.070,146015,0.5474,18.598,定投加仓,电投能源
2020-09-09,002466,卖出,426700,19.910,8495597,,,跌破建仓日MA60止损,天齐锂业
2020-09-09,002128,买入,104200,9.790,1020118,0.5431,18.598,定投加仓,电投能源
2020-09-09,601088,买入,62700,16.260,1019502,0.6119,26.948,首次建仓,中国神华
2020-09-09,601225,买入,123500,8.260,1020110,0.6812,12.374,定投加仓,陕西煤业
2020-09-10,002128,买入,89700,9.800,879060,0.5264,18.598,定投加仓,电投能源
2020-09-10,601088,买入,64300,16.280,1046804,0.6034,26.948,定投加仓,中国神华
2020-09-10,601225,买入,122300,8.560,1046888,0.6675,12.374,定投加仓,陕西煤业
2020-09-10,601916,买入,236700,4.160,984672,0.9223,4.543,首次建仓,
2020-09-14,601088,买入,6900,16.060,110814,0.5934,26.948,定投加仓,中国神华
2020-09-14,601916,买入,100,4.190,419,0.9135,4.543,定投加仓,
2020-09-15,601088,买入,23300,16.060,374198,0.5960,26.948,定投加仓,中国神华
2020-09-15,601225,买入,100,8.460,846,0.6845,12.374,定投加仓,陕西煤业
2020-09-16,601088,买入,4200,16.250,68250,0.5960,26.948,定投加仓,中国神华
2020-09-16,601225,买入,100,8.580,858,0.6837,12.374,定投加仓,陕西煤业
2020-09-17,601088,买入,5400,16.150,87210,0.6030,26.948,定投加仓,中国神华
2020-09-17,601225,买入,100,8.470,847,0.6934,12.374,定投加仓,陕西煤业
2020-09-18,601088,买入,31000,16.660,516460,0.5993,26.948,定投加仓,中国神华
2020-10-12,601088,买入,23500,16.740,393390,0.6153,26.948,定投加仓,中国神华
2020-10-12,601225,买入,100,8.990,899,0.7192,12.374,定投加仓,陕西煤业
2020-10-13,601088,买入,28200,16.790,473478,0.6212,26.948,定投加仓,中国神华
2020-10-16,601088,买入,25000,17.020,425500,0.6216,26.948,定投加仓,中国神华
2020-10-26,601916,卖出,236800,4.140,980352,,,跌破建仓日MA60止损,
2020-10-28,601088,买入,21000,16.600,348600,0.6039,27.704,定投加仓,中国神华
2020-10-28,601225,买入,100,8.920,892,0.7160,12.374,定投加仓,陕西煤业
2020-11-04,601088,买入,22900,17.120,392048,0.6075,27.704,定投加仓,中国神华
2020-11-05,601088,买入,7900,17.230,136117,0.6180,27.704,定投加仓,中国神华
2020-11-05,601818,买入,100,4.050,405,1.0264,3.917,首次建仓,
2020-11-06,601088,买入,31500,17.830,561645,0.6219,27.704,定投加仓,中国神华
2020-11-09,601088,买入,34600,17.920,620032,0.6436,27.704,定投加仓,中国神华
2020-11-09,601225,买入,100,9.880,988,0.7001,13.554,定投加仓,陕西煤业
2020-11-09,601818,买入,100,4.080,408,1.0366,3.917,定投加仓,
2020-11-10,002128,买入,36400,10.580,385112,0.5311,19.960,定投加仓,电投能源
2020-11-10,601398,买入,100,5.020,502,1.0354,4.810,首次建仓,工商银行
2020-11-11,600309,卖出,15200,88.500,1345200,,,涨幅≥110%·减一档,万华化学
2020-11-11,002128,买入,121600,10.770,1309632,0.5301,19.960,定投加仓,电投能源
2020-11-11,601818,买入,100,4.180,418,1.0392,3.917,定投加仓,
2020-11-12,002128,买入,2200,10.560,23232,0.5396,19.960,定投加仓,电投能源
2020-11-13,600309,卖出,14900,87.900,1309710,,,涨幅≥110%·减一档,万华化学
2020-11-13,601398,卖出,100,4.960,496,,,跌破建仓日MA60止损,工商银行
2020-11-13,002128,买入,51200,10.590,542208,0.5291,19.960,定投加仓,电投能源
2020-11-13,601088,买入,19300,17.480,337364,0.6396,27.704,定投加仓,中国神华
2020-11-13,601288,买入,200,3.180,636,0.9643,3.329,首次建仓,农业银行
2020-11-16,601288,卖出,200,3.190,638,,,跌破建仓日MA60止损,农业银行
2020-11-16,601818,卖出,200,4.010,802,,,换仓：让位给空间更大的002466（同日对冲 100 股）,
2020-11-16,002466,买入,57000,22.690,1293330,0.4850,50.682,首次建仓,天齐锂业
2020-11-17,600309,卖出,15400,90.390,1392006,,,涨幅≥110%·减一档,万华化学
2020-11-17,002466,买入,50200,23.840,1196768,0.4477,50.682,定投加仓,天齐锂业
2020-11-17,601818,买入,200,4.050,810,1.0239,3.917,定投加仓,
2020-11-18,600309,卖出,15500,90.390,1401045,,,涨幅≥110%·减一档,万华化学
2020-11-18,002466,买入,62200,22.550,1402610,0.4704,50.682,定投加仓,天齐锂业
2020-11-18,002128,买入,4000,11.380,45520,0.5621,19.960,定投加仓,电投能源
2020-11-18,601818,买入,100,4.240,424,1.0341,3.917,定投加仓,
2020-11-19,600309,卖出,15300,89.490,1369197,,,涨幅≥110%·减一档,万华化学
2020-11-19,002466,卖出,104700,21.160,2215452,,,跌破建仓日MA60止损（同日对冲 64700 股）,天齐锂业
2020-11-19,601088,买入,77800,17.620,1370836,0.6421,27.704,定投加仓,中国神华
2020-11-19,601225,买入,139300,9.840,1370712,0.7304,13.554,定投加仓,陕西煤业
2020-11-19,601288,买入,129200,3.230,417316,0.9643,3.329,首次建仓,农业银行
2020-11-20,002466,买入,21400,23.280,498192,0.4175,50.682,定投加仓,天齐锂业
2020-11-20,601225,买入,100,10.110,1011,0.7260,13.554,定投加仓,陕西煤业
2020-11-23,600309,卖出,16600,89.410,1484206,,,涨幅≥110%·减一档,万华化学
2020-11-23,002466,买入,59700,24.860,1484142,0.4593,50.682,定投加仓,天齐锂业
2020-11-23,002128,买入,52000,12.170,632840,0.5747,19.960,定投加仓,电投能源
2020-11-23,601088,买入,21000,18.380,385980,0.6400,27.704,定投加仓,中国神华
2020-11-23,601225,买入,100,10.710,1071,0.7459,13.554,定投加仓,陕西煤业
2020-11-23,601288,买入,100,3.240,324,0.9612,3.329,定投加仓,农业银行
2020-11-26,600309,卖出,17100,82.100,1403910,,,换仓·减一档：让位给000338,万华化学
2020-11-26,002466,买入,15400,26.600,409640,0.5316,50.682,定投加仓,天齐锂业
2020-11-26,601088,买入,100,18.960,1896,0.6649,27.704,定投加仓,中国神华
2020-11-27,600309,卖出,16900,83.880,1417572,,,换仓·减一档：让位给601988,万华化学
2020-11-27,002466,买入,54600,25.970,1417962,0.5248,50.682,定投加仓,天齐锂业
2020-11-27,601088,买入,5300,19.300,102290,0.6844,27.704,定投加仓,中国神华
2020-11-27,601988,买入,200,3.330,666,0.9298,3.495,首次建仓,
2020-11-30,600309,卖出,17600,81.200,1429120,,,换仓·减一档：让位给600897,万华化学
2020-11-30,002466,买入,51600,27.830,1436028,0.5124,50.682,定投加仓,天齐锂业
2020-11-30,601088,买入,10900,19.620,213858,0.6967,27.704,定投加仓,中国神华
2020-12-01,600309,卖出,17300,84.000,1453200,,,换仓·减一档：让位给600897,万华化学
2020-12-01,002466,买入,55000,26.440,1454200,0.5491,50.682,定投加仓,天齐锂业
2020-12-01,601088,买入,11800,19.740,232932,0.7082,27.704,定投加仓,中国神华
2020-12-01,601225,买入,100,10.630,1063,0.7702,13.554,定投加仓,陕西煤业
2020-12-01,601169,买入,100,5.010,501,0.8865,5.505,首次建仓,
2020-12-02,600309,卖出,17500,82.960,1451800,,,换仓·减一档：让位给600897,万华化学
2020-12-02,002466,买入,56700,25.520,1446984,0.5217,50.682,定投加仓,天齐锂业
2020-12-02,601988,买入,100,3.330,333,0.9747,3.447,定投加仓,
2020-12-03,600309,卖出,16400,83.150,1363660,,,换仓·减一档：让位给600897,万华化学
2020-12-03,002466,买入,8300,25.400,210820,0.5035,50.682,定投加仓,天齐锂业
2020-12-03,601988,买入,100,3.310,331,0.9660,3.447,定投加仓,
2020-12-04,600309,卖出,16500,84.360,1391940,,,换仓·减一档：让位给601328,万华化学
2020-12-04,002466,买入,51400,27.210,1398594,0.5012,50.682,定投加仓,天齐锂业
2020-12-04,601088,买入,20600,18.890,389134,0.6884,27.704,定投加仓,中国神华
2020-12-04,601225,买入,100,10.110,1011,0.7452,13.554,定投加仓,陕西煤业
2020-12-04,601328,买入,100,4.700,470,0.8320,5.685,首次建仓,
2020-12-07,600309,卖出,16600,83.240,1381784,,,换仓·减一档：让位给600000,万华化学
2020-12-07,002466,买入,42900,28.560,1225224,0.5369,50.682,定投加仓,天齐锂业
2020-12-08,600309,卖出,10200,82.990,846498,,,换仓：让位给空间更大的600000,万华化学
2020-12-08,002466,买入,34500,29.550,1019475,0.5635,50.682,定投加仓,天齐锂业
2020-12-08,601225,买入,100,9.910,991,0.7311,13.554,定投加仓,陕西煤业
2020-12-08,601988,买入,100,3.240,324,0.9428,3.447,定投加仓,
2020-12-09,002128,买入,56900,10.970,624193,0.5456,19.960,定投加仓,电投能源
2020-12-09,002466,买入,4900,31.300,153370,0.5831,50.682,定投加仓,天齐锂业
2020-12-09,601328,买入,100,4.620,462,0.8162,5.685,定投加仓,
2020-12-09,601988,买入,100,3.230,323,0.9399,3.447,定投加仓,
2020-12-10,601988,卖出,600,3.220,1932,,,跌破建仓日MA60止损,
2020-12-10,601328,卖出,200,4.580,916,,,跌破建仓日MA60止损,
2020-12-16,601288,卖出,129300,3.180,411174,,,跌破建仓日MA60止损,农业银行
2020-12-17,002128,买入,79100,10.780,852698,0.5205,19.960,定投加仓,电投能源
2020-12-17,601169,买入,100,4.850,485,0.8756,5.505,定投加仓,
2020-12-18,002128,买入,75000,11.550,866250,0.5401,19.960,定投加仓,电投能源
2020-12-18,601088,买入,20100,19.070,383307,0.6544,27.704,定投加仓,中国神华
2020-12-18,601169,买入,100,4.820,482,0.8811,5.505,定投加仓,
2020-12-21,002466,买入,4100,35.000,143500,0.6709,50.682,定投加仓,天齐锂业
2020-12-21,601088,买入,100,18.800,1880,0.6884,27.704,定投加仓,中国神华
2020-12-22,601169,卖出,300,4.760,1428,,,跌破建仓日MA60止损,
2020-12-25,002128,买入,71500,11.370,812955,0.5426,19.960,定投加仓,电投能源
2020-12-25,601818,买入,100,3.870,387,1.0098,3.862,定投加仓,
2020-12-28,601088,买入,46700,18.550,866285,0.6667,27.704,定投加仓,中国神华
2021-01-04,002128,买入,3600,11.230,40428,0.5481,19.960,定投加仓,电投能源
2021-01-06,002128,买入,44400,10.810,479964,0.5476,19.960,定投加仓,电投能源
2021-01-06,601169,买入,100,4.850,485,0.8604,5.625,首次建仓,
2021-01-07,002128,买入,174800,10.880,1901824,0.5416,19.960,定投加仓,电投能源
2021-01-08,002128,买入,172700,10.840,1872068,0.5451,19.960,定投加仓,电投能源
2021-01-11,601169,卖出,100,4.780,478,,,跌破建仓日MA60止损,
2021-01-12,002128,买入,10500,10.230,107415,0.5115,19.960,定投加仓,电投能源
2021-01-13,002466,卖出,35400,59.500,2106300,,,涨幅≥110%·减一档,天齐锂业
2021-01-13,002128,买入,208200,10.120,2106984,0.5125,19.960,定投加仓,电投能源
2021-01-13,601088,买入,33600,18.810,632016,0.6577,27.704,定投加仓,中国神华
2021-01-14,002466,卖出,35600,54.330,1934148,,,涨幅≥110%·减一档,天齐锂业
2021-01-15,002128,买入,114800,9.980,1145704,0.4915,19.960,定投加仓,电投能源
2021-01-15,601088,买入,34100,18.730,638693,0.6721,27.704,定投加仓,中国神华
2021-01-15,600000,买入,100,9.920,992,0.8919,11.067,首次建仓,
2021-01-18,002466,卖出,35200,60.890,2143328,,,涨幅≥110%·减一档,天齐锂业
2021-01-18,601088,买入,113400,18.920,2145528,0.6761,27.704,定投加仓,中国神华
2021-01-18,600000,买入,63800,10.080,643104,0.8964,11.067,定投加仓,
2021-01-19,002466,卖出,34700,61.060,2118782,,,涨幅≥110%·减一档,天齐锂业
2021-01-19,601088,买入,96300,18.740,1804662,0.6829,27.704,定投加仓,中国神华
2021-01-19,600000,买入,100,10.160,1016,0.9109,11.067,定投加仓,
2021-01-20,002466,卖出,34900,60.920,2126108,,,涨幅≥110%·减一档,天齐锂业
2021-01-20,601088,买入,113200,18.810,2129292,0.6764,27.704,定投加仓,中国神华
2021-01-20,601225,买入,9300,11.190,104067,0.8167,13.554,定投加仓,陕西煤业
2021-01-21,002466,卖出,34800,62.700,2181960,,,涨幅≥110%·减一档,天齐锂业
2021-01-21,601088,买入,115600,18.900,2184840,0.6790,27.704,定投加仓,中国神华
2021-01-21,601225,买入,65400,11.160,729864,0.8256,13.554,定投加仓,陕西煤业
2021-01-22,002466,卖出,33800,63.700,2153060,,,涨幅≥110%·减一档,天齐锂业
2021-01-22,601088,买入,92000,18.660,1716720,0.6822,27.704,定投加仓,中国神华
2021-01-22,601225,买入,100,10.920,1092,0.8234,13.554,定投加仓,陕西煤业
2021-01-25,002466,卖出,31300,68.880,2155944,,,涨幅≥110%·减一档,天齐锂业
2021-01-25,601088,买入,118400,18.250,2160800,0.6736,27.704,定投加仓,中国神华
2021-01-25,601225,买入,8900,10.860,96654,0.8056,13.554,定投加仓,陕西煤业
2021-01-26,002466,卖出,31600,67.600,2136160,,,涨幅≥110%·减一档,天齐锂业
2021-01-26,600000,卖出,64000,9.680,619520,,,跌破建仓日MA60止损,
2021-01-26,601088,买入,63600,18.040,1147344,0.6588,27.704,定投加仓,中国神华
2021-01-26,601225,买入,116500,10.940,1274510,0.8012,13.554,定投加仓,陕西煤业
2021-01-27,002466,卖出,31700,67.210,2130557,,,涨幅≥110%·减一档,天齐锂业
2021-01-27,601088,买入,11200,18.100,202720,0.6512,27.704,定投加仓,中国神华
2021-01-27,601225,买入,163300,11.250,1837125,0.8071,13.554,定投加仓,陕西煤业
2021-01-28,002466,卖出,30700,66.600,2044620,,,涨幅≥110%·减一档,天齐锂业
2021-01-28,601225,买入,84500,10.740,907530,0.8300,13.554,定投加仓,陕西煤业
2021-01-29,002466,卖出,31700,59.950,1900415,,,涨幅≥110%·减一档,天齐锂业
2021-02-01,002466,卖出,33600,55.100,1851360,,,涨幅≥110%·减一档,天齐锂业
2021-02-01,601225,买入,115500,10.080,1164240,0.7488,13.554,定投加仓,陕西煤业
2021-02-03,002466,卖出,32300,56.300,1818490,,,涨幅≥110%·减一档,天齐锂业
2021-02-03,601225,买入,134600,10.180,1370228,0.7562,13.554,定投加仓,陕西煤业
2021-02-04,002466,卖出,35200,50.670,1783584,,,涨幅≥110%·减一档,天齐锂业
2021-02-04,601225,买入,126000,10.400,1310400,0.7511,13.554,定投加仓,陕西煤业
2021-02-09,601225,买入,45900,10.340,474606,0.7503,13.554,定投加仓,陕西煤业
2021-02-10,601225,买入,19300,10.300,198790,0.7629,13.554,定投加仓,陕西煤业
2021-02-18,601225,买入,179600,11.330,2034868,0.7599,13.554,定投加仓,陕西煤业
2021-02-18,600000,买入,55100,10.830,596733,0.9730,10.986,首次建仓,
2021-02-19,002466,卖出,22700,52.700,1196290,,,涨幅≥110%清空,天齐锂业
2021-02-19,601225,买入,176000,12.460,2192960,0.8359,13.554,定投加仓,陕西煤业
2021-02-19,600000,买入,101500,10.970,1113455,0.9858,10.986,定投加仓,
2021-02-22,601225,买入,73500,12.140,892290,0.9193,13.554,定投加仓,陕西煤业
2021-03-08,601818,卖出,500,4.120,2060,,,换仓：让位给空间更大的600897,
2021-03-15,600897,买入,56200,18.490,1039138,0.7884,22.680,首次建仓,
2021-03-15,601988,买入,100,3.310,331,0.9601,3.427,首次建仓,
2021-03-23,600000,卖出,156600,10.780,1688148,,,换仓：让位给空间更大的600016,
2021-03-29,002128,买入,67500,10.290,694575,0.4960,19.960,定投加仓,电投能源
2021-04-16,002128,买入,45600,10.680,487008,0.5180,19.960,定投加仓,电投能源
2021-04-16,601328,买入,100,4.890,489,0.7955,6.109,首次建仓,
2021-04-16,601988,买入,100,3.320,332,0.8692,3.797,定投加仓,
2021-04-19,601328,买入,38300,4.900,187670,0.8004,6.109,定投加仓,
2021-04-19,601988,买入,100,3.320,332,0.8744,3.797,定投加仓,
2021-04-29,601088,买入,13100,19.630,257153,0.7055,27.638,定投加仓,中国神华
2021-04-29,601328,买入,100,4.900,490,0.7922,6.109,定投加仓,
2021-05-06,002128,买入,24800,10.880,269824,0.6909,14.966,定投加仓,电投能源
2021-05-06,601328,买入,100,4.840,484,0.7836,6.139,定投加仓,
2021-05-07,601088,买入,96200,20.020,1925924,0.7160,27.638,定投加仓,中国神华
2021-05-07,002128,买入,4500,11.720,52740,0.7270,14.966,定投加仓,电投能源
2021-05-10,601088,买入,108500,20.970,2275245,0.7244,27.638,定投加仓,中国神华
2021-05-10,002128,买入,49000,12.390,607110,0.7831,14.966,定投加仓,电投能源
2021-06-11,600897,卖出,56200,16.850,946970,,,跌破建仓日MA60止损,
2021-07-27,601328,卖出,38600,4.330,167138,,,跌破建仓日MA60止损,
2021-07-30,601988,卖出,300,2.990,897,,,跌破建仓日MA60止损,
2021-08-06,000338,买入,5800,19.670,114086,1.0337,19.029,首次建仓,潍柴动力
2021-08-09,000338,买入,3100,20.690,64139,1.0337,19.029,定投加仓,潍柴动力
2021-08-13,000338,买入,121700,19.880,2419396,1.0342,19.029,定投加仓,潍柴动力
2021-08-16,000338,买入,58100,20.860,1211966,1.0447,19.029,定投加仓,潍柴动力
2021-08-25,000338,买入,33000,19.260,635580,1.0300,19.029,定投加仓,潍柴动力
2021-08-26,000338,买入,95600,19.380,1852728,1.0122,19.029,定投加仓,潍柴动力
2021-08-30,002128,买入,26600,13.010,346066,0.7320,17.063,定投加仓,电投能源
2021-08-30,601225,买入,138300,12.460,1723218,0.8332,14.089,定投加仓,陕西煤业
2021-08-31,002128,买入,169700,13.820,2345254,0.7625,17.063,定投加仓,电投能源
2021-08-31,601225,买入,134500,13.710,1843995,0.8653,14.399,定投加仓,陕西煤业
2021-09-02,000338,卖出,162800,19.850,3231580,,,换仓·减一档：让位给600585,潍柴动力
2021-09-02,600585,买入,74500,43.340,3228830,0.5708,75.616,首次建仓,
2021-09-02,601088,买入,14100,20.110,283551,0.7430,26.285,定投加仓,中国神华
2021-09-06,600585,买入,40700,45.700,1859990,0.5778,75.616,定投加仓,
2021-09-07,600585,买入,50700,45.270,2295189,0.6044,75.616,定投加仓,
2021-09-08,600585,买入,67000,44.570,2986190,0.5987,75.616,定投加仓,
2021-09-09,600585,买入,89600,45.970,4118912,0.5894,75.616,定投加仓,
2021-09-09,601088,买入,21800,23.990,522982,0.8297,26.285,定投加仓,中国神华
2021-09-13,600585,买入,29800,49.380,1471524,0.6279,75.616,定投加仓,
2021-09-13,601088,买入,100,23.950,2395,0.8522,26.285,定投加仓,中国神华
2021-09-13,002128,买入,100,16.500,1650,0.8984,17.063,定投加仓,电投能源
2021-09-14,000338,卖出,154500,18.350,2835075,,,换仓：让位给空间更大的601328,潍柴动力
2021-09-14,600585,买入,200,48.500,9700,0.6530,75.616,定投加仓,
2021-09-14,601328,买入,600,4.540,2724,0.7405,6.226,首次建仓,
2021-09-16,600585,买入,3600,46.210,166356,0.6048,75.616,定投加仓,
2021-09-16,601328,买入,500,4.510,2255,0.7292,6.226,定投加仓,
2021-09-22,600585,买入,90800,46.630,4234004,0.6167,75.616,定投加仓,
2021-10-11,601225,卖出,240200,15.300,3675060,,,换仓·减一档：让位给601169,陕西煤业
2021-10-13,601225,卖出,226900,14.000,3176600,,,换仓·减一档：让位给601169,陕西煤业
2021-10-14,600585,卖出,446900,40.230,17978787,,,跌破建仓日MA60止损,
2021-10-14,601328,买入,687700,4.540,3122158,0.7376,6.182,定投加仓,
2021-10-14,601088,买入,70800,21.190,1500252,0.8187,26.285,定投加仓,中国神华
2021-10-14,601398,买入,662900,4.710,3122259,0.9099,5.188,首次建仓,工商银行
2021-10-14,601229,买入,69000,7.460,514740,0.9563,7.801,首次建仓,
2021-10-15,601328,买入,556900,4.550,2533895,0.7344,6.182,定投加仓,
2021-10-18,601328,买入,800000,4.520,3616000,0.7360,6.182,定投加仓,
2021-10-18,600897,买入,24700,16.660,411502,0.7789,21.146,首次建仓,
2021-10-18,601818,买入,300,3.440,1032,0.8400,4.095,首次建仓,
2021-10-20,601225,卖出,233500,13.790,3219965,,,换仓·减一档：让位给601169,陕西煤业
2021-10-21,601328,买入,396000,4.560,1805760,0.7311,6.182,定投加仓,
2021-10-25,600897,卖出,24700,15.940,393718,,,跌破建仓日MA60止损,
2021-10-28,601229,卖出,69000,7.320,505080,,,跌破建仓日MA60止损,
2021-11-02,601398,卖出,662900,4.650,3082485,,,跌破建仓日MA60止损,工商银行
2021-11-02,601818,卖出,300,3.380,1014,,,跌破建仓日MA60止损,
2021-12-09,601328,买入,221200,4.630,1024156,0.7373,6.253,定投加仓,
2021-12-13,601328,买入,452300,4.570,2067011,0.7373,6.253,定投加仓,
2021-12-15,601328,买入,363100,4.520,1641212,0.7261,6.253,定投加仓,
2021-12-16,601328,买入,699300,4.540,3174822,0.7229,6.253,定投加仓,
2021-12-24,601328,卖出,791700,4.550,3602235,,,换仓·减一档：让位给600585（同日对冲 400 股）,
2021-12-24,600585,买入,14800,41.780,618344,0.5286,78.980,首次建仓,
2021-12-24,601988,买入,100,3.050,305,0.7875,3.886,首次建仓,
2021-12-27,600585,买入,700,41.490,29043,0.5290,78.980,定投加仓,
2021-12-27,601088,买入,100,22.800,2280,0.8238,27.265,定投加仓,中国神华
2021-12-29,601988,卖出,100,3.050,305,,,跌破建仓日MA60止损,
2022-01-14,600585,卖出,15500,39.060,605430,,,跌破建仓日MA60止损,
2022-01-18,601328,买入,158300,4.800,759840,0.7435,6.321,定投加仓,
2022-01-19,601328,买入,149700,4.800,718560,0.7594,6.321,定投加仓,
2022-01-20,600585,买入,24000,42.670,1024080,0.5437,78.980,首次建仓,
2022-01-20,601328,买入,400,4.830,1932,0.7594,6.321,定投加仓,
2022-01-20,601169,买入,100,4.600,460,0.7656,5.982,首次建仓,
2022-01-28,600585,卖出,24000,39.210,941040,,,跌破建仓日MA60止损,
2022-02-08,002128,卖出,240500,16.160,3886480,,,换仓·减一档：让位给600585,电投能源
2022-02-08,600585,买入,92600,41.970,3886422,0.5339,78.980,首次建仓,
2022-02-08,601169,买入,552100,4.650,2567265,0.7512,6.083,定投加仓,
2022-02-10,600585,买入,59600,43.580,2597368,0.5327,78.980,定投加仓,
2022-02-10,601169,买入,500,4.660,2330,0.7611,6.083,定投加仓,
2022-02-11,600585,买入,15000,44.080,661200,0.5518,78.980,定投加仓,
2022-02-11,601169,买入,100,4.680,468,0.7660,6.083,定投加仓,
2022-02-21,600585,买入,2600,43.160,112216,0.5511,78.980,定投加仓,
2022-02-21,601169,买入,400,4.620,1848,0.7644,6.083,定投加仓,
2022-02-21,601988,买入,100,3.180,318,0.8010,3.995,首次建仓,
2022-02-22,600585,买入,7000,42.490,297430,0.5465,78.980,定投加仓,
2022-02-22,601169,买入,300,4.600,1380,0.7594,6.083,定投加仓,
2022-02-22,601988,买入,100,3.170,317,0.7960,3.995,定投加仓,
2022-03-03,600585,买入,21800,41.160,897288,0.5138,78.980,定投加仓,
2022-03-03,601169,买入,300,4.570,1371,0.7572,5.983,定投加仓,
2022-03-08,601169,卖出,553800,4.450,2464410,,,跌破建仓日MA60止损,
2022-03-08,600585,卖出,198600,39.000,7745400,,,跌破建仓日MA60止损,
2022-03-08,601328,买入,807700,4.750,3836575,0.7624,6.322,定投加仓,
2022-03-08,601988,买入,311600,3.100,965960,0.7967,3.929,定投加仓,
2022-03-09,601988,卖出,311800,3.080,960344,,,跌破建仓日MA60止损,
2022-03-09,601328,买入,576800,4.700,2710960,0.7514,6.322,定投加仓,
2022-03-10,601328,买入,17600,4.720,83072,0.7435,6.322,定投加仓,
2022-03-11,601328,买入,177400,4.810,853294,0.7466,6.322,定投加仓,
2022-03-22,601328,买入,203500,4.900,997150,0.7688,6.322,定投加仓,
2022-03-24,601328,买入,27900,4.860,135594,0.7735,6.322,定投加仓,
2022-03-25,601328,买入,107800,4.910,529298,0.7688,6.322,定投加仓,
2022-03-28,601328,买入,884800,4.970,4397456,0.7767,6.322,定投加仓,
2022-03-29,601328,买入,491000,5.010,2459910,0.6685,7.435,定投加仓,
2022-04-08,601328,买入,90400,5.170,467368,0.6919,7.415,定投加仓,
2022-04-11,601328,买入,47700,5.150,245655,0.6973,7.415,定投加仓,
2022-04-11,601988,买入,100,3.280,328,0.7128,4.616,首次建仓,
2022-04-13,601328,买入,440600,5.180,2282308,0.6973,7.415,定投加仓,
2022-04-14,601328,买入,743800,5.150,3830570,0.6986,7.415,定投加仓,
2022-04-21,601088,卖出,145800,29.220,4260276,,,换仓·减一档：让位给601288,中国神华
2022-04-22,601088,卖出,145800,29.690,4328802,,,换仓·减一档：让位给601288,中国神华
2022-04-22,601225,卖出,261400,16.570,4331398,,,换仓·减一档：让位给601398,陕西煤业
2022-04-22,601328,买入,232400,5.180,1203832,0.6865,7.415,定投加仓,
2022-04-25,601088,卖出,139000,28.700,3989300,,,换仓·减一档：让位给601288,中国神华
2022-04-25,601225,卖出,250900,15.900,3989310,,,换仓·减一档：让位给601169,陕西煤业
2022-04-25,601328,买入,675400,5.050,3410770,0.6986,7.415,定投加仓,
2022-04-27,601088,卖出,139800,28.970,4050006,,,换仓·减一档：让位给601288,中国神华
2022-04-27,002128,买入,292700,13.840,4050968,0.6215,20.465,定投加仓,电投能源
2022-04-27,601328,买入,161300,5.050,814565,0.6797,7.415,定投加仓,
2022-04-28,002128,买入,293400,14.650,4298310,0.6763,20.465,定投加仓,电投能源
2022-05-20,601328,买入,108500,4.930,534905,0.6679,7.337,定投加仓,
2022-05-20,601988,买入,100,3.190,319,0.6962,4.567,定投加仓,
2022-05-25,601328,买入,136000,4.920,669120,0.6706,7.337,定投加仓,
2022-05-26,601328,买入,335600,4.940,1657864,0.6706,7.337,定投加仓,
2022-05-27,601988,买入,385500,3.220,1241310,0.7028,4.567,定投加仓,
2022-06-08,601825,买入,329400,6.550,2157570,0.5530,11.808,首次建仓,
2022-06-09,601825,买入,6300,6.570,41391,0.5547,11.808,定投加仓,
2022-06-09,600016,买入,100,3.840,384,0.8483,4.491,首次建仓,
2022-06-10,601825,买入,167400,6.540,1094796,0.5564,11.808,定投加仓,
2022-06-14,601825,买入,84800,6.550,555440,0.5488,11.808,定投加仓,
2022-06-14,600016,买入,100,3.890,389,0.8550,4.491,定投加仓,
2022-06-15,601225,卖出,227700,21.370,4865949,,,涨幅≥110%·减一档,陕西煤业
2022-06-15,601825,买入,478200,6.650,3180030,0.5547,11.808,定投加仓,
2022-06-28,601088,卖出,140400,32.840,4610736,,,换仓·减一档：让位给601077,中国神华
2022-06-28,601825,买入,420600,6.600,2775960,0.5547,11.808,定投加仓,
2022-06-29,601088,卖出,139600,32.970,4602612,,,换仓·减一档：让位给601077,中国神华
2022-06-29,601825,买入,677900,6.620,4487698,0.5589,11.808,定投加仓,
2022-06-30,601088,卖出,138100,33.300,4598730,,,换仓·减一档：让位给601077,中国神华
2022-06-30,601825,买入,733800,6.270,4600926,0.5606,11.808,定投加仓,
2022-06-30,601077,买入,161900,3.700,599030,0.7276,5.072,首次建仓,
2022-07-01,601825,买入,119000,6.310,750890,0.5540,11.317,定投加仓,
2022-07-01,601077,买入,100,3.680,368,0.7421,4.986,定投加仓,
2022-07-04,601225,卖出,211400,22.020,4655028,,,涨幅≥110%·减一档,陕西煤业
2022-07-04,601825,买入,728800,6.310,4598728,0.5576,11.317,定投加仓,
2022-07-05,601225,卖出,211200,22.900,4836480,,,涨幅≥110%·减一档,陕西煤业
2022-07-05,601825,买入,770400,6.280,4838112,0.5576,11.317,定投加仓,
2022-07-05,601988,买入,734800,3.300,2424840,0.7176,4.585,定投加仓,
2022-07-06,601225,卖出,114500,21.490,2460605,,,涨幅≥110%清空,陕西煤业
2022-07-06,601077,卖出,162000,3.640,589680,,,跌破建仓日MA60止损,
2022-07-06,600016,卖出,200,3.670,734,,,换仓：让位给空间更大的601169,
2022-07-07,601088,卖出,138900,33.200,4611480,,,换仓·减一档：让位给601169,中国神华
2022-07-07,601825,买入,735700,6.270,4612839,0.5531,11.317,定投加仓,
2022-07-07,601169,买入,6500,4.510,29315,0.7144,6.327,首次建仓,
2022-07-11,601088,卖出,155100,29.000,4497900,,,涨幅≥110%·减一档,中国神华
2022-07-11,601825,买入,714100,6.300,4498830,0.5540,11.317,定投加仓,
2022-07-11,601169,买入,4700,4.540,21338,0.7128,6.327,定投加仓,
2022-07-12,601825,买入,606700,6.310,3828277,0.5567,11.317,定投加仓,
2022-07-14,601169,卖出,11200,4.460,49952,,,跌破建仓日MA60止损,
2022-07-19,601088,卖出,148900,30.090,4480401,,,涨幅≥110%·减一档,中国神华
2022-07-19,601825,买入,670900,6.280,4213252,0.5514,11.317,定投加仓,
2022-07-20,601825,买入,24600,6.300,154980,0.5549,11.317,定投加仓,
2022-07-20,601988,买入,100,3.080,308,0.6967,4.364,定投加仓,
2022-07-21,601088,卖出,155900,28.090,4379231,,,换仓·减一档：让位给601169,中国神华
2022-07-21,601825,买入,455000,6.290,2861950,0.5567,11.317,定投加仓,
2022-07-26,601825,买入,64400,6.300,405720,0.5558,11.317,定投加仓,
2022-07-26,601328,买入,100,4.670,467,0.6634,7.009,定投加仓,
2022-07-27,601088,卖出,152400,28.830,4393692,,,换仓·减一档：让位给601288,中国神华
2022-07-27,601825,买入,581900,6.290,3660151,0.5567,11.317,定投加仓,
2022-07-27,601328,买入,92100,4.650,428265,0.6662,7.009,定投加仓,
2022-07-28,601088,卖出,2500,28.740,71850,,,换仓：让位给空间更大的601288,中国神华
2022-07-28,601825,买入,63200,6.270,396264,0.5558,11.317,定投加仓,
2022-07-28,601328,买入,5000,4.640,23200,0.6634,7.009,定投加仓,
2022-08-03,601825,卖出,8433100,6.060,51104586,,,跌破建仓日MA60止损,
2022-08-03,601328,买入,859300,4.550,3909815,0.6428,7.109,定投加仓,
2022-08-03,601988,买入,1380700,3.010,4155907,0.6824,4.426,定投加仓,
2022-08-03,002833,买入,269500,15.420,4155690,0.9426,16.602,首次建仓,
2022-08-04,601328,买入,72100,4.570,329497,0.6400,7.109,定投加仓,
2022-08-04,601988,买入,1375100,3.030,4166553,0.6801,4.426,定投加仓,
2022-08-04,002833,买入,267100,15.600,4166760,0.9288,16.602,定投加仓,
2022-08-05,601328,买入,17500,4.600,80500,0.6428,7.109,定投加仓,
2022-08-05,601988,买入,1378800,3.040,4191552,0.6846,4.426,定投加仓,
2022-08-05,601288,买入,1465600,2.860,4191616,0.6906,4.141,首次建仓,农业银行
2022-08-05,002833,买入,266400,15.730,4190472,0.9396,16.602,定投加仓,
2022-08-08,601328,买入,58400,4.580,267472,0.6470,7.109,定投加仓,
2022-08-08,601988,买入,1399800,3.030,4241394,0.6869,4.426,定投加仓,
2022-08-08,601288,买入,1493400,2.840,4241256,0.6906,4.141,定投加仓,农业银行
2022-08-08,600016,买入,1168400,3.630,4241292,0.8627,4.266,首次建仓,
2022-08-08,002833,买入,124600,16.300,2030980,0.9474,16.602,定投加仓,
2022-08-09,600016,卖出,1168400,3.610,4217924,,,跌破建仓日MA60止损,
2022-08-09,601988,买入,1416900,3.020,4279038,0.6846,4.426,定投加仓,
2022-08-09,601288,买入,153100,2.840,434804,0.6858,4.141,定投加仓,农业银行
2022-08-10,601988,买入,34900,3.020,105398,0.6824,4.426,定投加仓,
2022-08-11,601988,买入,236000,3.050,719800,0.6824,4.426,定投加仓,
2022-08-12,601288,买入,159700,2.830,451951,0.6882,4.141,定投加仓,农业银行
2022-08-15,601328,买入,150400,4.580,688832,0.6470,7.109,定投加仓,
2022-08-15,601288,买入,100,2.830,283,0.6833,4.141,定投加仓,农业银行
2022-08-16,601328,买入,202400,4.580,926992,0.6442,7.109,定投加仓,
2022-08-17,601328,买入,139300,4.600,640780,0.6442,7.109,定投加仓,
2022-08-18,601328,买入,90400,4.570,413128,0.6470,7.109,定投加仓,
2022-08-18,601288,买入,100,2.820,282,0.6833,4.141,定投加仓,农业银行
2022-08-19,601328,买入,699400,4.570,3196258,0.6428,7.109,定投加仓,
2022-08-22,601328,买入,108600,4.580,497388,0.6428,7.109,定投加仓,
2022-08-22,601288,买入,100,2.820,282,0.6833,4.141,定投加仓,农业银行
2022-08-23,601288,买入,297800,2.820,839796,0.6809,4.141,定投加仓,农业银行
2022-08-30,002833,卖出,643500,15.370,9890595,,,跌破建仓日MA60止损（同日对冲 284100 股）,
2022-08-30,601288,买入,1603900,2.820,4522998,0.6809,4.141,定投加仓,农业银行
2022-08-31,002833,卖出,284100,14.760,4193316,,,跌破建仓日MA60止损,
2022-08-31,601288,买入,684900,2.850,1951965,0.6809,4.141,定投加仓,农业银行
2022-09-01,601288,买入,5300,2.830,14999,0.6679,4.267,定投加仓,农业银行
2022-09-05,601288,买入,273800,2.840,777592,0.6632,4.267,定投加仓,农业银行
2022-09-06,601288,买入,321800,2.840,913912,0.6656,4.267,定投加仓,农业银行
2022-09-07,601288,买入,250500,2.830,708915,0.6656,4.267,定投加仓,农业银行
2022-09-09,600938,买入,63200,16.270,1028264,0.5579,28.986,首次建仓,中国海油
2022-09-09,601288,买入,300,2.840,852,0.6632,4.267,定投加仓,农业银行
2022-09-26,600938,卖出,63200,15.520,980864,,,跌破建仓日MA60止损,中国海油
2022-10-27,601288,卖出,6710400,2.800,18789120,,,跌破建仓日MA60止损,农业银行
2022-10-27,601988,买入,1336500,3.030,4049595,0.6875,4.422,定投加仓,
2022-10-28,601988,买入,1312100,3.060,4015026,0.6852,4.422,定投加仓,
2022-10-31,601988,买入,851000,3.010,2561510,0.6920,4.422,定投加仓,
2022-11-01,601988,买入,265500,3.020,801810,0.6632,4.538,定投加仓,
2022-11-02,601988,买入,36800,3.000,110400,0.6654,4.538,定投加仓,
2022-11-04,601988,买入,469900,3.040,1428496,0.6632,4.538,定投加仓,
2022-11-07,600938,买入,4300,16.410,70563,0.5902,26.668,首次建仓,中国海油
2022-11-11,600938,买入,43700,16.300,712310,0.5947,26.668,定投加仓,中国海油
2022-11-15,600938,买入,3300,16.070,53031,0.6011,26.668,定投加仓,中国海油
2022-11-23,603156,买入,7800,19.600,152880,0.9316,21.200,首次建仓,养元饮品
2022-11-25,601825,买入,191800,5.770,1106686,0.4864,11.760,首次建仓,
2022-11-29,601825,买入,97500,5.840,569400,0.4889,11.760,定投加仓,
2022-11-29,601169,买入,100,4.310,431,0.6769,6.264,首次建仓,
2022-11-30,601825,买入,97500,5.910,576225,0.4966,11.760,定投加仓,
2022-12-05,601825,买入,59700,5.880,351036,0.5186,11.164,定投加仓,
2022-12-05,601988,买入,100,3.150,315,0.7204,4.303,定投加仓,
2022-12-19,600938,卖出,51300,15.310,785403,,,跌破建仓日MA60止损,中国海油
2023-01-04,603156,卖出,7800,21.530,167934,,,换仓：让位给空间更大的601288,养元饮品
2023-01-11,601825,买入,67300,5.920,398416,0.5239,11.281,定投加仓,
2023-01-13,601825,买入,54500,5.930,323185,0.5239,11.281,定投加仓,
2023-01-18,601825,买入,200,5.980,1196,0.5283,11.281,定投加仓,
2023-01-18,601288,买入,100,2.920,292,0.7150,4.070,首次建仓,农业银行
2023-01-19,601825,买入,61400,5.950,365330,0.5301,11.281,定投加仓,
2023-01-19,601288,买入,100,2.920,292,0.7174,4.070,定投加仓,农业银行
2023-01-20,601825,买入,103600,5.970,618492,0.5274,11.281,定投加仓,
2023-02-20,601825,买入,2100,5.860,12306,0.5182,11.134,定投加仓,
2023-02-20,601288,买入,100,2.940,294,0.7272,4.016,定投加仓,农业银行
2023-02-21,601825,买入,76300,5.880,448644,0.5263,11.134,定投加仓,
2023-02-21,601288,买入,100,2.940,294,0.7321,4.016,定投加仓,农业银行
2023-02-22,601825,买入,40800,5.870,239496,0.5281,11.134,定投加仓,
2023-02-22,601288,买入,100,2.930,293,0.7321,4.016,定投加仓,农业银行
2023-02-23,601825,买入,61000,5.860,357460,0.5272,11.134,定投加仓,
2023-02-23,601288,买入,100,2.930,293,0.7297,4.016,定投加仓,农业银行
2023-03-02,600938,买入,19000,16.670,316730,0.6052,26.668,首次建仓,中国海油
2023-03-02,002128,买入,100,13.700,1370,0.6216,21.717,定投加仓,电投能源
2023-03-03,600938,买入,55400,17.180,951772,0.6251,26.668,定投加仓,中国海油
2023-03-03,002128,买入,100,13.750,1375,0.6309,21.717,定投加仓,电投能源
2023-03-07,002128,买入,36500,13.630,497495,0.6258,21.717,定投加仓,电投能源
2023-03-08,002128,买入,3600,13.590,48924,0.6276,21.717,定投加仓,电投能源
2023-03-08,601169,买入,100,4.380,438,0.7419,5.917,定投加仓,
2023-03-17,002128,买入,19900,13.060,259894,0.5949,21.717,定投加仓,电投能源
2023-03-17,601169,买入,200,4.380,876,0.7419,5.917,定投加仓,
2023-03-17,601077,买入,100,3.670,367,0.7451,4.899,首次建仓,
2023-03-20,002128,买入,85300,13.300,1134490,0.6014,21.717,定投加仓,电投能源
2023-03-20,601169,买入,200,4.400,880,0.7402,5.917,定投加仓,
2023-03-31,601077,卖出,100,3.670,367,,,换仓：让位给空间更大的600176,
2023-04-12,600938,买入,9500,18.140,172330,0.5633,31.634,定投加仓,中国海油
2023-04-13,600938,买入,38700,18.830,728721,0.5734,31.634,定投加仓,中国海油
2023-04-13,601169,买入,100,4.560,456,0.7044,6.388,定投加仓,
2023-04-13,601288,买入,100,3.240,324,0.7054,4.579,定投加仓,农业银行
2023-04-17,600938,买入,141700,19.850,2812745,0.5990,31.634,定投加仓,中国海油
2023-04-17,601288,买入,400,3.300,1320,0.7054,4.579,定投加仓,农业银行
2023-04-18,600938,买入,20700,19.320,399924,0.6275,31.634,定投加仓,中国海油
2023-04-18,601288,买入,500,3.350,1675,0.7207,4.579,定投加仓,农业银行
2023-04-19,600938,买入,35100,19.080,669708,0.6107,31.634,定投加仓,中国海油
2023-04-19,601288,买入,100,3.370,337,0.7316,4.579,定投加仓,农业银行
2023-04-25,600938,买入,2000,19.110,38220,0.5975,31.634,定投加仓,中国海油
2023-04-25,601288,买入,200,3.420,684,0.7338,4.579,定投加仓,农业银行
2023-05-04,002128,买入,409100,13.820,5653762,0.4887,27.560,定投加仓,电投能源
2023-05-04,600938,买入,5900,18.920,111628,0.5761,33.553,定投加仓,中国海油
2023-05-04,601166,买入,100,16.760,1676,0.6927,24.860,首次建仓,
2023-05-05,002128,买入,140900,13.780,1941602,0.5014,27.560,定投加仓,电投能源
2023-05-05,601916,买入,300,3.220,966,0.7236,4.394,首次建仓,
2023-05-08,002128,买入,450700,14.010,6314307,0.5000,27.560,定投加仓,电投能源
2023-05-08,600938,买入,25600,19.920,509952,0.5514,33.553,定投加仓,中国海油
2023-05-08,600176,买入,100,15.290,1529,0.6096,24.770,首次建仓,中国巨石
2023-05-11,600176,卖出,100,14.810,1481,,,跌破建仓日MA60止损,中国巨石
2023-05-23,601166,卖出,100,16.950,1695,,,跌破建仓日MA60止损,
2023-06-27,601916,卖出,390,2.540,991,,,跌破建仓日MA60止损,
2023-07-17,601088,买入,60900,27.760,1690584,0.7365,39.183,首次建仓,中国神华
2023-07-17,601288,买入,200,3.620,724,0.7530,4.794,定投加仓,农业银行
2023-07-25,002128,买入,69600,13.560,943776,0.4989,27.060,定投加仓,电投能源
2023-07-26,002128,买入,5500,13.600,74800,0.5011,27.060,定投加仓,电投能源
2023-07-27,002128,买入,53500,13.590,727065,0.5026,27.060,定投加仓,电投能源
2023-07-28,002128,买入,149900,13.720,2056628,0.5022,27.060,定投加仓,电投能源
2023-07-28,601169,买入,100,4.660,466,0.7165,6.378,定投加仓,
2023-07-31,002128,买入,28400,13.750,390500,0.5070,27.060,定投加仓,电投能源
2023-07-31,601169,买入,100,4.670,467,0.7306,6.378,定投加仓,
2023-08-01,002128,买入,28000,13.860,388080,0.5081,27.060,定投加仓,电投能源
2023-08-01,601169,买入,100,4.660,466,0.7363,6.343,定投加仓,
2023-08-04,601088,卖出,60900,27.800,1693020,,,换仓：让位给空间更大的000933,中国神华
2023-08-08,601169,卖出,1000,4.570,4570,,,换仓：让位给空间更大的000792,
2023-08-09,601328,卖出,1027700,5.620,5775674,,,换仓·减一档：让位给000792,
2023-08-09,000792,买入,185700,19.610,3641577,0.4472,43.826,首次建仓,盐湖股份
2023-08-10,601328,卖出,1037700,5.620,5831874,,,换仓·减一档：让位给000933,
2023-08-10,000792,买入,296800,19.650,5832120,0.4474,43.826,定投加仓,盐湖股份
2023-08-10,002128,买入,54000,13.660,737640,0.4967,27.060,定投加仓,电投能源
2023-08-11,000792,卖出,186900,19.160,3581004,,,跌破建仓日MA60止损（同日对冲 295600 股）,盐湖股份
2023-08-11,002128,买入,99500,13.360,1329320,0.5048,27.060,定投加仓,电投能源
2023-08-11,601288,买入,100,3.460,346,0.7742,4.546,定投加仓,农业银行
2023-08-14,000792,卖出,295600,18.920,5592752,,,跌破建仓日MA60止损,盐湖股份
2023-08-14,002128,买入,78200,13.340,1043188,0.4937,27.060,定投加仓,电投能源
2023-08-14,600938,买入,179900,18.660,3356934,0.5676,32.877,定投加仓,中国海油
2023-08-14,601328,买入,100,5.470,547,0.7259,7.632,定投加仓,
2023-08-14,601288,买入,100,3.420,342,0.7611,4.546,定投加仓,农业银行
2023-08-15,002128,买入,142300,13.390,1905397,0.4930,27.060,定投加仓,电投能源
2023-08-15,600938,买入,4900,18.660,91434,0.5676,32.877,定投加仓,中国海油
2023-08-15,601328,买入,100,5.610,561,0.7167,7.632,定投加仓,
2023-08-24,601825,卖出,913700,5.850,5345145,,,换仓：让位给空间更大的601225,
2023-08-24,600938,买入,175600,18.720,3287232,0.5400,34.703,定投加仓,中国海油
2023-08-24,601328,买入,200,5.550,1110,0.7298,7.632,定投加仓,
2023-08-25,600938,买入,6800,18.740,127432,0.5394,34.703,定投加仓,中国海油
2023-08-25,601328,买入,200,5.580,1116,0.7272,7.632,定投加仓,
2023-08-28,002128,买入,110100,13.180,1451118,0.4651,27.951,定投加仓,电投能源
2023-08-28,600938,买入,300,18.970,5691,0.5400,34.703,定投加仓,中国海油
2023-08-28,601225,买入,100,16.980,1698,0.6539,25.082,首次建仓,陕西煤业
2023-08-30,601988,卖出,1496900,3.760,5628344,,,换仓·减一档：让位给000933,
2023-08-30,000933,买入,292900,15.840,4639536,0.5253,30.343,首次建仓,神火股份
2023-08-30,601328,买入,100,5.530,553,0.7272,7.632,定投加仓,
2023-08-30,601288,买入,100,3.480,348,0.7654,4.546,定投加仓,农业银行
2023-09-01,000933,买入,60500,17.080,1033340,0.5234,30.343,定投加仓,神火股份
2023-09-04,600938,买入,89500,19.460,1741670,0.5518,34.703,定投加仓,中国海油
2023-09-04,600919,买入,100,7.130,713,0.6938,10.276,首次建仓,江苏银行
2023-09-04,601288,买入,100,3.480,348,0.7393,4.653,定投加仓,农业银行
2023-09-05,600919,卖出,100,6.880,688,,,跌破建仓日MA60止损,江苏银行
2023-09-07,000933,买入,1300,16.830,21879,0.5652,30.343,定投加仓,神火股份
2023-09-07,601169,买入,100,4.590,459,0.7039,6.492,首次建仓,
2023-09-07,601288,买入,100,3.460,346,0.7436,4.653,定投加仓,农业银行
2023-09-14,000933,买入,122800,17.010,2088828,0.5537,30.343,定投加仓,神火股份
2023-09-20,000933,买入,100,17.020,1702,0.5711,30.343,定投加仓,神火股份
2023-09-20,600919,买入,100,7.190,719,0.6958,10.276,首次建仓,江苏银行
2023-10-13,002128,买入,70600,13.540,955924,0.4837,27.951,定投加仓,电投能源
2023-10-16,002128,买入,35900,13.610,488599,0.4844,27.951,定投加仓,电投能源
2023-10-16,601169,买入,100,4.650,465,0.7372,6.321,定投加仓,
2023-10-17,002128,买入,54200,13.790,747418,0.4869,27.951,定投加仓,电投能源
2023-10-18,000933,买入,22500,16.710,375975,0.5510,30.343,定投加仓,神火股份
2023-10-18,600919,买入,100,7.240,724,0.7176,10.005,定投加仓,江苏银行
2023-10-23,600919,卖出,200,6.990,1398,,,跌破建仓日MA60止损,江苏银行
2023-10-24,601169,卖出,200,4.490,898,,,跌破建仓日MA60止损,
2023-11-30,601328,买入,145200,5.840,847968,0.7552,7.574,定投加仓,
2023-12-04,601328,买入,44100,5.800,255780,0.7588,7.618,定投加仓,
2023-12-04,601288,买入,100,3.640,364,0.8043,4.538,定投加仓,农业银行
2023-12-27,600938,买入,2000,20.620,41240,0.5657,35.406,定投加仓,中国海油
2024-01-02,600938,买入,17000,20.920,355640,0.5923,35.406,定投加仓,中国海油
2024-01-03,002466,买入,25400,55.320,1405128,0.5025,110.279,首次建仓,天齐锂业
2024-01-03,600938,买入,100,21.090,2109,0.5909,35.406,定投加仓,中国海油
2024-01-03,601916,买入,400,2.550,1020,0.6570,3.851,首次建仓,
2024-01-04,002466,买入,31000,53.660,1663460,0.5016,110.279,定投加仓,天齐锂业
2024-01-04,600938,买入,200,21.330,4266,0.5957,35.406,定投加仓,中国海油
2024-01-04,601916,买入,100,2.560,256,0.6622,3.851,定投加仓,
2024-01-19,601988,卖出,1546600,3.970,6140002,,,换仓·减一档：让位给601166,
2024-01-19,000933,买入,14700,15.890,233583,0.5040,31.986,定投加仓,神火股份
2024-01-19,601916,买入,500,2.610,1305,0.6830,3.851,定投加仓,
2024-01-22,601988,卖出,1501200,4.000,6004800,,,换仓·减一档：让位给601166,
2024-01-22,000933,买入,276500,15.090,4172385,0.4968,31.986,定投加仓,神火股份
2024-01-22,601916,买入,100,2.590,259,0.6778,3.851,定投加仓,
2024-01-23,601988,卖出,1522000,3.980,6057560,,,换仓·减一档：让位给601166,
2024-01-23,000933,买入,391300,15.480,6057324,0.4718,31.986,定投加仓,神火股份
2024-01-23,002466,买入,12400,55.580,689192,0.4987,110.279,定投加仓,天齐锂业
2024-01-23,601916,买入,200,2.590,518,0.6726,3.851,定投加仓,
2024-01-24,601988,卖出,1524600,4.100,6250860,,,换仓·减一档：让位给601166,
2024-01-24,000933,买入,393300,15.890,6249537,0.4840,31.986,定投加仓,神火股份
2024-01-24,002466,买入,46300,55.300,2560390,0.5040,110.279,定投加仓,天齐锂业
2024-01-24,600938,买入,100,21.120,2112,0.5801,35.406,定投加仓,中国海油
2024-01-24,601916,买入,300,2.640,792,0.6726,3.851,定投加仓,
2024-01-25,002128,买入,163800,14.900,2440620,0.4866,29.162,定投加仓,电投能源
2024-01-25,000933,买入,142600,16.830,2399958,0.4968,31.986,定投加仓,神火股份
2024-01-25,601916,买入,300,2.670,801,0.6856,3.851,定投加仓,
2024-01-26,002466,买入,30900,54.800,1693320,0.5079,110.279,定投加仓,天齐锂业
2024-01-26,601916,买入,400,2.700,1080,0.6934,3.851,定投加仓,
2024-01-29,002466,卖出,146000,51.010,7447460,,,跌破建仓日MA60止损,天齐锂业
2024-01-29,000933,买入,397400,17.100,6795540,0.5365,31.986,定投加仓,神火股份
2024-01-29,000651,买入,38100,35.060,1335786,0.6097,55.204,首次建仓,格力电器
2024-01-29,601916,买入,300,2.730,819,0.7012,3.851,定投加仓,
2024-02-06,002128,买入,108800,15.040,1636352,0.4952,29.162,定投加仓,电投能源
2024-02-07,002128,买入,26300,15.870,417381,0.5157,29.162,定投加仓,电投能源
2024-02-07,000933,买入,157200,18.250,2868900,0.5440,31.986,定投加仓,神火股份
2024-02-07,601916,买入,300,2.690,807,0.6888,3.949,定投加仓,
2024-02-19,000933,买入,176700,18.040,3187668,0.5621,31.986,定投加仓,神火股份
2024-02-20,000933,买入,55800,18.230,1017234,0.5640,31.986,定投加仓,神火股份
2024-02-20,601916,买入,500,2.750,1375,0.6863,3.949,定投加仓,
2024-02-22,002128,买入,68500,16.450,1126825,0.5469,29.162,定投加仓,电投能源
2024-02-22,000933,买入,82300,18.610,1531603,0.5721,31.986,定投加仓,神火股份
2024-02-22,601916,买入,300,2.810,843,0.7142,3.949,定投加仓,
2024-02-23,000933,买入,41700,18.500,771450,0.5818,31.986,定投加仓,神火股份
2024-02-23,601916,买入,200,2.820,564,0.7116,3.949,定投加仓,
2024-03-04,000933,买入,151200,19.200,2903040,0.5853,31.986,定投加仓,神火股份
2024-03-04,601916,买入,500,2.770,1385,0.6925,4.029,定投加仓,
2024-03-05,000933,买入,64400,19.260,1240344,0.6003,31.986,定投加仓,神火股份
2024-03-05,601916,买入,500,2.790,1395,0.6875,4.029,定投加仓,
2024-03-07,600176,买入,194100,9.860,1913826,0.4940,20.040,首次建仓,中国巨石
2024-03-08,600176,买入,191400,9.770,1869978,0.4920,20.040,定投加仓,中国巨石
2024-03-13,601225,卖出,100,25.240,2524,,,换仓：让位给空间更大的000792,陕西煤业
2024-03-13,601988,卖出,1776900,4.360,7747284,,,换仓·减一档：让位给601166,
2024-03-14,601988,卖出,1793000,4.370,7835410,,,换仓·减一档：让位给000792,
2024-03-14,600176,买入,784300,9.990,7835157,0.5050,20.040,定投加仓,中国巨石
2024-03-14,000792,买入,38600,16.920,653112,0.5344,32.038,首次建仓,盐湖股份
2024-03-18,601988,卖出,1453500,4.350,6322725,,,换仓：让位给空间更大的000001,
2024-03-18,600176,买入,408000,10.260,4186080,0.5080,20.040,定投加仓,中国巨石
2024-03-19,601288,卖出,2700,4.090,11043,,,换仓：让位给空间更大的000001,农业银行
2024-03-21,000792,买入,7500,16.660,124950,0.5247,32.038,定投加仓,盐湖股份
2024-03-21,600176,买入,100,9.840,984,0.5623,17.818,定投加仓,中国巨石
2024-03-25,000792,买入,113800,16.050,1826490,0.5060,32.038,定投加仓,盐湖股份
2024-03-29,000933,买入,180500,19.900,3591950,0.3847,50.353,定投加仓,神火股份
2024-04-01,601916,卖出,4900,2.980,14602,,,移出股票库·逐步清仓,
2024-04-01,000933,买入,195000,20.270,3952650,0.3952,50.353,定投加仓,神火股份
2024-04-01,601288,买入,100,4.230,423,0.7859,5.382,首次建仓,农业银行
2024-04-02,000933,买入,14100,20.350,286935,0.4026,50.353,定投加仓,神火股份
2024-04-02,600176,买入,100,11.130,1113,0.6286,17.818,定投加仓,中国巨石
2024-04-02,002948,买入,100,3.320,332,0.8902,3.729,首次建仓,
2024-04-03,000933,买入,308800,22.390,6914032,0.4041,50.353,定投加仓,神火股份
2024-04-03,600176,买入,100,11.170,1117,0.6246,17.818,定投加仓,中国巨石
2024-04-10,000933,买入,90500,22.960,2077880,0.4359,50.353,定投加仓,神火股份
2024-04-10,600176,买入,100,10.750,1075,0.6129,17.818,定投加仓,中国巨石
2024-04-11,000933,买入,161100,24.090,3880899,0.4560,50.353,定投加仓,神火股份
2024-04-11,002807,买入,100,3.850,385,0.8738,4.429,首次建仓,
2024-04-12,000933,买入,60000,24.650,1479000,0.4784,50.353,定投加仓,神火股份
2024-04-12,600176,买入,100,10.490,1049,0.6016,17.818,定投加仓,中国巨石
2024-04-12,002948,买入,100,3.290,329,0.8902,3.729,定投加仓,
2024-04-15,000792,买入,504900,16.680,8421732,0.4837,34.050,定投加仓,盐湖股份
2024-04-17,000933,买入,33600,24.640,827904,0.4687,50.353,定投加仓,神火股份
2024-04-17,000792,买入,100,16.320,1632,0.4696,34.050,定投加仓,盐湖股份
2024-04-23,600938,卖出,331500,28.360,9401340,,,换仓·减一档：让位给000001,中国海油
2024-04-24,600938,卖出,322700,28.680,9255036,,,换仓·减一档：让位给000001,中国海油
2024-04-24,000933,买入,271700,21.600,5868720,0.4374,50.484,定投加仓,神火股份
2024-04-24,600919,买入,100,8.160,816,0.7518,10.947,首次建仓,江苏银行
2024-04-25,002948,卖出,200,3.360,672,,,换仓：让位给空间更大的000001,
2024-04-25,000933,买入,110000,22.290,2451900,0.4279,50.484,定投加仓,神火股份
2024-04-25,002807,买入,100,3.910,391,0.8693,4.429,定投加仓,
2024-04-26,600919,卖出,100,7.670,767,,,跌破建仓日MA60止损,江苏银行
2024-04-26,000933,买入,32900,22.140,728406,0.4415,50.484,定投加仓,神火股份
2024-04-26,000792,买入,100,16.450,1645,0.4784,34.050,定投加仓,盐湖股份
2024-04-26,002948,买入,100,3.290,329,0.9009,3.729,首次建仓,
2024-04-29,002948,卖出,100,3.370,337,,,换仓：让位给空间更大的000001,
2024-04-29,000933,买入,172900,21.630,3739827,0.4386,50.484,定投加仓,神火股份
2024-04-30,000933,买入,83600,21.710,1814956,0.4285,50.484,定投加仓,神火股份
2024-04-30,601229,买入,100,7.300,730,0.6715,10.722,首次建仓,
2024-05-06,000933,买入,112400,22.160,2490784,0.4300,50.484,定投加仓,神火股份
2024-05-06,000001,买入,100,10.890,1089,0.6457,16.710,首次建仓,
2024-05-07,000933,买入,149700,22.860,3422142,0.4390,50.484,定投加仓,神火股份
2024-05-07,601229,买入,100,7.240,724,0.6810,10.691,定投加仓,
2024-05-09,000933,买入,166900,23.780,3968882,0.4512,50.484,定投加仓,神火股份
2024-05-10,000933,买入,35300,23.780,839434,0.4710,50.484,定投加仓,神火股份
2024-05-10,000001,买入,100,10.940,1094,0.6439,16.710,定投加仓,
2024-05-17,000933,买入,60800,22.520,1369216,0.4416,49.684,定投加仓,神火股份
2024-05-17,601169,买入,100,5.800,580,0.7732,7.437,首次建仓,
2024-05-20,000933,买入,370300,24.440,9050132,0.4533,49.684,定投加仓,神火股份
2024-05-22,000933,买入,94900,24.070,2284243,0.4810,49.684,定投加仓,神火股份
2024-05-22,601229,买入,100,7.870,787,0.7231,10.691,定投加仓,
2024-05-27,000933,买入,21000,24.000,504000,0.4706,49.684,定投加仓,神火股份
2024-05-27,601229,买入,100,8.020,802,0.7362,10.691,定投加仓,
2024-05-29,002128,卖出,499400,23.370,11670978,,,涨幅≥110%·减一档,电投能源
2024-05-29,000933,买入,342700,24.070,8248789,0.4762,49.684,定投加仓,神火股份
2024-05-29,000792,买入,623000,17.370,10821510,0.4959,35.068,定投加仓,盐湖股份
2024-05-29,601818,买入,100,3.230,323,0.8108,4.021,首次建仓,
2024-05-30,002128,卖出,495600,22.600,11200560,,,涨幅≥110%·减一档,电投能源
2024-05-30,000792,买入,281300,17.520,4928376,0.4953,35.068,定投加仓,盐湖股份
2024-05-30,601398,买入,100,5.440,544,0.7682,7.121,首次建仓,工商银行
2024-05-31,002128,卖出,490500,22.750,11158875,,,涨幅≥110%·减一档,电投能源
2024-05-31,000792,买入,611100,17.290,10565919,0.4996,35.068,定投加仓,盐湖股份
2024-06-03,002128,卖出,486200,22.500,10939500,,,涨幅≥110%·减一档,电投能源
2024-06-03,000792,买入,462300,17.260,7979298,0.4930,35.068,定投加仓,盐湖股份
2024-06-03,601398,买入,100,5.440,544,0.7607,7.138,定投加仓,工商银行
2024-06-04,002128,卖出,491200,22.610,11106032,,,涨幅≥110%·减一档,电投能源
2024-06-04,000933,买入,7500,22.660,169950,0.4531,49.684,定投加仓,神火股份
2024-06-04,000792,买入,635400,17.480,11106792,0.4922,35.068,定投加仓,盐湖股份
2024-06-04,000001,买入,183400,11.020,2021068,0.6555,16.750,定投加仓,
2024-06-05,002128,卖出,490500,22.170,10874385,,,涨幅≥110%·减一档,电投能源
2024-06-05,000792,买入,450100,17.240,7759724,0.4985,35.068,定投加仓,盐湖股份
2024-06-06,601818,卖出,100,3.180,318,,,跌破建仓日MA60止损,
2024-06-06,000933,买入,107000,23.270,2489890,0.4486,49.684,定投加仓,神火股份
2024-06-06,000792,买入,111300,17.110,1904343,0.4916,35.068,定投加仓,盐湖股份
2024-06-06,000001,买入,100,10.900,1090,0.6490,16.750,定投加仓,
2024-06-07,002128,卖出,496900,22.560,11210064,,,涨幅≥110%·减一档,电投能源
2024-06-07,000792,买入,652600,17.180,11211668,0.4879,35.068,定投加仓,盐湖股份
2024-06-07,000001,买入,4100,10.990,45059,0.6508,16.750,定投加仓,
2024-06-07,601229,买入,100,7.750,775,0.7111,10.716,定投加仓,
2024-06-11,002128,卖出,491200,22.280,10943936,,,涨幅≥110%·减一档,电投能源
2024-06-11,002807,卖出,200,3.850,770,,,换仓：让位给空间更大的601939,
2024-06-11,000792,买入,424400,17.230,7312412,0.4899,35.068,定投加仓,盐湖股份
2024-06-11,601398,买入,100,5.440,544,0.7733,7.138,定投加仓,工商银行
2024-06-12,000792,买入,177000,17.430,3085110,0.4913,35.068,定投加仓,盐湖股份
2024-06-12,601169,买入,100,5.670,567,0.7579,7.455,定投加仓,
2024-06-13,002128,卖出,488400,22.300,10891320,,,涨幅≥110%·减一档,电投能源
2024-06-13,000792,买入,408300,17.310,7067673,0.4970,35.068,定投加仓,盐湖股份
2024-07-19,600938,卖出,175800,31.700,5572860,,,换仓：让位给空间更大的601166,中国海油
2024-07-24,000792,卖出,5501800,15.380,84617684,,,跌破建仓日MA60止损,盐湖股份
2024-07-24,601229,买入,1177600,7.490,8820224,0.7120,10.477,定投加仓,
2024-07-24,601166,买入,524000,16.830,8818920,0.7151,23.688,首次建仓,
2024-07-24,601838,买入,593100,14.870,8819397,0.7251,20.426,首次建仓,成都银行
2024-07-24,600919,买入,1127900,7.820,8820178,0.7296,10.705,首次建仓,江苏银行
2024-07-24,600036,买入,265800,33.180,8819244,0.7423,44.916,首次建仓,招商银行
2024-07-24,601169,买入,1609500,5.480,8820060,0.7574,7.288,定投加仓,
2024-07-24,601818,买入,2773600,3.180,8820048,0.8096,4.113,首次建仓,
2024-07-24,601939,买入,583800,7.590,4431042,0.8320,9.111,首次建仓,建设银行
2024-07-26,601166,卖出,524000,16.490,8640760,,,跌破建仓日MA60止损,
2024-07-26,600036,卖出,265800,32.370,8603946,,,跌破建仓日MA60止损,招商银行
2024-07-26,601229,买入,1189300,7.260,8634318,0.7044,10.477,定投加仓,
2024-07-26,601838,买入,416200,14.660,6101492,0.7221,20.426,定投加仓,成都银行
2024-08-01,601838,卖出,1009300,14.530,14665129,,,跌破建仓日MA60止损,成都银行
2024-08-01,601229,买入,1150400,7.380,8489952,0.6861,10.626,定投加仓,
2024-08-01,601166,买入,251000,16.640,4176640,0.6972,24.024,首次建仓,
2024-08-02,601166,卖出,251000,16.520,4146520,,,跌破建仓日MA60止损,
2024-08-02,601229,买入,342300,7.340,2512482,0.6945,10.626,定投加仓,
2024-08-02,601818,买入,100,3.160,316,0.7957,3.996,定投加仓,
2024-08-05,600919,卖出,1127900,7.550,8515645,,,跌破建仓日MA60止损,江苏银行
2024-08-05,601229,买入,868500,7.300,6340050,0.6908,10.626,定投加仓,
2024-08-07,601229,买入,575400,7.240,4165896,0.6766,10.626,定投加仓,
2024-08-16,601229,买入,361300,7.470,2698911,0.6917,10.626,定投加仓,
2024-08-19,601229,买入,512500,7.580,3884750,0.7030,10.626,定投加仓,
2024-08-20,601328,卖出,1089700,7.960,8674012,,,涨幅≥110%·减一档,
2024-08-20,601229,买入,520700,7.620,3967734,0.7133,10.626,定投加仓,
2024-08-21,601328,卖出,1080400,7.960,8599984,,,涨幅≥110%·减一档,
2024-08-21,601229,买入,1005800,7.550,7593790,0.7171,10.626,定投加仓,
2024-08-22,601328,卖出,1068500,7.990,8537315,,,涨幅≥110%·减一档,
2024-08-22,601229,买入,1006000,7.640,7685840,0.7105,10.626,定投加仓,
2024-08-23,601328,卖出,1075000,7.980,8578500,,,涨幅≥110%·减一档,
2024-08-23,601229,买入,1115500,7.690,8578195,0.7190,10.626,定投加仓,
2024-08-23,600919,买入,65000,8.120,527800,0.7479,10.857,首次建仓,江苏银行
2024-08-23,601818,买入,100,3.260,326,0.8133,3.996,定投加仓,
2024-08-26,601328,卖出,1078300,7.950,8572485,,,涨幅≥110%·减一档,
2024-08-26,601166,买入,483700,17.480,8455076,0.7209,24.024,首次建仓,
2024-08-27,601328,卖出,1055300,8.030,8474059,,,涨幅≥110%·减一档,
2024-08-27,601229,买入,929900,7.690,7150931,0.7237,10.626,定投加仓,
2024-08-28,601328,卖出,1047900,7.940,8320326,,,涨幅≥110%·减一档,
2024-08-28,601166,买入,368600,17.210,6343606,0.7214,24.024,定投加仓,
2024-08-28,601818,买入,100,3.220,322,0.8158,3.996,定投加仓,
2024-08-29,601328,卖出,1059600,7.560,8010576,,,涨幅≥110%·减一档,
2024-08-29,000001,买入,381900,10.130,3868647,0.6220,16.609,定投加仓,
2024-08-30,601166,卖出,852300,16.510,14071473,,,跌破建仓日MA60止损,
2024-08-30,601229,买入,1109400,7.080,7854552,0.6842,10.626,定投加仓,
2024-08-30,600036,买入,127900,32.150,4111985,0.7229,45.553,首次建仓,招商银行
2024-08-30,601169,买入,300,5.250,1575,0.7265,7.392,定投加仓,
2024-09-02,600036,卖出,127900,31.930,4083847,,,跌破建仓日MA60止损,招商银行
2024-09-02,601229,买入,484500,7.160,3469020,0.6698,10.570,定投加仓,
2024-09-03,601818,卖出,2773900,3.030,8404917,,,跌破建仓日MA60止损,
2024-09-03,000001,买入,670300,10.080,6756624,0.6119,16.522,定投加仓,
2024-09-06,000933,卖出,6028400,13.520,81503968,,,跌破建仓日MA60止损,神火股份
2024-09-06,600176,卖出,1578300,9.190,14504577,,,跌破建仓日MA60止损,中国巨石
2024-09-06,000001,买入,713700,10.080,7194096,0.6095,16.522,定投加仓,
2024-09-06,601169,买入,1378200,5.220,7194204,0.7085,7.353,定投加仓,
2024-09-06,600919,买入,915300,7.860,7194258,0.7250,10.800,定投加仓,江苏银行
2024-09-06,000651,买入,180000,39.960,7192800,0.7465,54.042,定投加仓,格力电器
2024-09-06,601939,买入,1002000,7.180,7194360,0.7833,9.191,定投加仓,建设银行
2024-09-06,601328,买入,1058000,6.800,7194400,0.7891,8.617,定投加仓,
2024-09-06,601398,买入,1275600,5.640,7194384,0.7996,7.041,定投加仓,工商银行
2024-09-06,601009,买入,708800,10.150,7194320,0.8263,12.333,首次建仓,
2024-09-06,601288,买入,1595200,4.510,7194352,0.8481,5.306,定投加仓,农业银行
2024-09-06,002158,买入,430800,16.700,7194360,0.9783,17.448,首次建仓,汉钟精机
2024-09-06,002841,买入,224900,31.980,7192302,0.9954,32.520,首次建仓,
2024-09-09,601169,卖出,2988200,5.040,15060528,,,跌破建仓日MA60止损,
2024-09-09,002158,卖出,430800,16.490,7103892,,,跌破建仓日MA60止损,汉钟精机
2024-09-09,000001,买入,710500,9.850,6998425,0.6101,16.522,定投加仓,
2024-09-09,600919,买入,919700,7.610,6998917,0.7278,10.800,定投加仓,江苏银行
2024-09-09,000651,买入,179900,38.900,6998110,0.7394,54.042,定投加仓,格力电器
2024-09-09,601939,买入,983000,7.120,6998960,0.7812,9.191,定投加仓,建设银行
2024-09-09,601328,买入,194400,6.730,1308312,0.7891,8.617,定投加仓,
2024-09-10,000001,买入,166500,9.900,1648350,0.5962,16.522,定投加仓,
2024-09-10,601288,买入,100,4.600,460,0.8519,5.306,定投加仓,农业银行
2024-09-11,600919,卖出,1900000,7.490,14231000,,,跌破建仓日MA60止损,江苏银行
2024-09-11,601009,卖出,708800,9.670,6854096,,,跌破建仓日MA60止损,
2024-09-11,000001,买入,702300,9.650,6777195,0.5992,16.522,定投加仓,
2024-09-11,000651,买入,173300,39.090,6774297,0.7217,54.042,定投加仓,格力电器
2024-09-11,601328,买入,444100,6.540,2904414,0.7822,8.617,定投加仓,
2024-09-12,000001,买入,41400,9.740,403236,0.5841,16.522,定投加仓,
2024-09-18,000651,买入,28800,40.520,1166976,0.7261,54.042,定投加仓,格力电器
2024-09-19,000651,买入,6200,40.650,252030,0.7498,54.042,定投加仓,格力电器
2024-09-19,601939,买入,400,7.180,2872,0.7866,9.191,定投加仓,建设银行
2024-09-20,000651,买入,25600,41.070,1051392,0.7522,54.042,定投加仓,格力电器
2024-09-20,601939,买入,300,7.230,2169,0.7812,9.191,定投加仓,建设银行
2024-09-23,000651,买入,47100,41.430,1951353,0.7600,54.042,定投加仓,格力电器
2024-09-24,002841,卖出,224900,30.160,6782984,,,换仓：让位给空间更大的300059,
2024-09-24,300059,买入,636000,11.960,7606560,0.6577,16.315,首次建仓,东方财富
2024-09-24,000651,买入,126900,41.480,5263812,0.7666,54.042,定投加仓,格力电器
2024-09-25,600919,买入,191100,7.990,1526889,0.7222,10.800,首次建仓,江苏银行
2024-09-25,601988,买入,100,4.900,490,0.9020,5.432,首次建仓,
2024-09-26,300059,买入,453900,14.100,6399990,0.7613,16.315,定投加仓,东方财富
2024-09-27,000651,买入,20100,44.400,892440,0.8212,54.042,定投加仓,格力电器
2024-09-30,000651,买入,192500,47.940,9228450,0.8216,54.042,定投加仓,格力电器
2024-09-30,601825,买入,472200,7.430,3508446,0.8383,8.470,首次建仓,
2024-10-08,000792,买入,490700,19.000,9323300,0.5090,36.466,首次建仓,盐湖股份
2024-10-28,601288,卖出,1595400,4.760,7594104,,,换仓：让位给空间更大的002466,农业银行
2024-10-28,601988,卖出,100,4.880,488,,,换仓：让位给空间更大的002236,
2024-10-28,601398,卖出,1275900,6.070,7744713,,,换仓：让位给空间更大的000661,工商银行
2024-10-28,002466,买入,176500,37.050,6539325,0.3905,94.459,首次建仓,天齐锂业
2024-10-28,002807,买入,100,4.140,414,0.9416,4.386,首次建仓,
2024-10-29,601939,卖出,1140100,8.010,9132201,,,换仓·减一档：让位给002236,建设银行
2024-10-29,000651,卖出,196000,46.590,9131640,,,换仓·减一档：让位给000661,格力电器
2024-10-29,002466,买入,254300,35.910,9131913,0.3922,94.459,定投加仓,天齐锂业
2024-10-29,000792,买入,440100,17.880,7868988,0.4826,37.481,定投加仓,盐湖股份
2024-10-30,002807,卖出,100,4.010,401,,,换仓：让位给空间更大的002236,
2024-10-30,601939,卖出,1124600,7.920,8906832,,,换仓·减一档：让位给000661,建设银行
2024-10-30,000651,卖出,194500,45.780,8904210,,,换仓·减一档：让位给002532,格力电器
2024-10-30,002466,买入,255400,34.870,8905798,0.3802,94.459,定投加仓,天齐锂业
2024-10-30,000792,买入,334100,17.600,5880160,0.4770,37.481,定投加仓,盐湖股份
2024-10-30,601997,买入,100,5.960,596,0.8992,6.695,首次建仓,
2024-10-31,601825,卖出,472200,7.750,3659550,,,换仓：让位给空间更大的002532,
2024-10-31,002466,买入,120900,35.950,4346355,0.3757,92.820,定投加仓,天齐锂业
2024-10-31,000001,买入,100,11.380,1138,0.6922,16.353,定投加仓,
2024-11-01,601997,卖出,100,5.970,597,,,换仓：让位给空间更大的601187,
2024-11-01,002466,买入,82800,36.090,2988252,0.3873,92.820,定投加仓,天齐锂业
2024-11-01,000792,买入,100,18.210,1821,0.4786,37.481,定投加仓,盐湖股份
2024-11-01,601187,买入,200,5.250,1050,0.7272,7.164,首次建仓,
2024-11-04,601939,卖出,304800,8.080,2462784,,,换仓：让位给空间更大的002532,建设银行
2024-11-04,002466,买入,172000,36.170,6221240,0.3888,92.820,定投加仓,天齐锂业
2024-11-04,000001,买入,100,11.460,1146,0.6982,16.370,定投加仓,
2024-11-04,601187,买入,100,5.290,529,0.7328,7.164,定投加仓,
2024-11-05,601328,卖出,1344900,7.270,9777423,,,换仓·减一档：让位给000933,
2024-11-05,000933,买入,510800,19.140,9776712,0.3676,51.279,首次建仓,神火股份
2024-11-05,002466,买入,109500,37.150,4067925,0.3897,92.820,定投加仓,天齐锂业
2024-11-05,600970,买入,100,10.650,1065,0.6673,15.841,首次建仓,中材国际
2024-11-06,300059,卖出,365700,26.440,9669108,,,涨幅≥110%·减一档,东方财富
2024-11-06,601328,卖出,1343100,7.200,9670320,,,换仓·减一档：让位给002236,
2024-11-06,000933,买入,490600,19.710,9669726,0.3732,51.279,定投加仓,神火股份
2024-11-06,002466,买入,219600,37.400,8213040,0.4002,92.820,定投加仓,天齐锂业
2024-11-06,000792,买入,100,19.490,1949,0.5059,37.481,定投加仓,盐湖股份
2024-11-06,601187,买入,100,5.320,532,0.7496,7.164,定投加仓,
2024-11-07,601328,卖出,1033900,7.290,7537131,,,换仓：让位给空间更大的002236,
2024-11-07,000933,买入,498900,20.120,10037868,0.3844,51.279,定投加仓,神火股份
2024-11-07,002466,买入,62900,37.690,2370701,0.4029,92.820,定投加仓,天齐锂业
2024-11-07,600970,买入,100,11.380,1138,0.6919,15.841,定投加仓,中材国际
2024-11-08,300059,卖出,349100,28.240,9858584,,,涨幅≥110%·减一档,东方财富
2024-11-08,000933,买入,380000,19.660,7470800,0.3924,51.279,定投加仓,神火股份
2024-11-08,601818,买入,100,3.490,349,0.8854,3.998,首次建仓,
2024-11-11,300059,卖出,343300,28.700,9852710,,,涨幅≥110%·减一档,东方财富
2024-11-11,000933,买入,509100,19.090,9718719,0.3834,51.279,定投加仓,神火股份
2024-11-12,300059,卖出,31800,28.350,901530,,,涨幅≥110%清空,东方财富
2024-11-12,600919,卖出,191100,8.840,1689324,,,换仓：让位给空间更大的000338,江苏银行
2024-11-12,000933,买入,118800,18.780,2231064,0.3723,51.279,定投加仓,神火股份
2024-11-12,601187,买入,100,5.330,533,0.7496,7.164,定投加仓,
2024-11-13,601818,卖出,100,3.470,347,,,换仓：让位给空间更大的000338,
2024-11-13,000933,买入,75700,18.610,1408777,0.3662,51.279,定投加仓,神火股份
2024-11-13,600970,买入,100,10.930,1093,0.6843,15.841,定投加仓,中材国际
2024-11-22,000933,卖出,2583900,15.890,41058171,,,跌破建仓日MA60止损,神火股份
2024-11-22,002466,买入,229500,39.810,9136395,0.4471,92.820,定投加仓,天齐锂业
2024-11-22,000792,买入,498600,18.330,9139338,0.5064,37.481,定投加仓,盐湖股份
2024-11-22,000338,买入,676500,13.510,9139515,0.6421,21.944,首次建仓,潍柴动力
2024-11-22,600970,买入,279800,10.410,2912718,0.6761,15.841,定投加仓,中材国际
2024-11-25,002466,买入,17900,40.350,722265,0.4289,92.820,定投加仓,天齐锂业
2024-11-25,000792,买入,100,18.170,1817,0.4891,37.481,定投加仓,盐湖股份
2024-11-25,601229,买入,100,8.140,814,0.7535,10.631,定投加仓,
2024-11-26,000338,卖出,676500,13.100,8862150,,,跌破建仓日MA60止损,潍柴动力
2024-11-26,002466,买入,174700,38.170,6668299,0.4347,92.820,定投加仓,天齐锂业
2024-11-26,000792,买入,100,17.820,1782,0.4848,37.481,定投加仓,盐湖股份
2024-11-26,601818,买入,100,3.590,359,0.8854,3.998,首次建仓,
2024-11-27,002466,买入,80800,38.680,3125344,0.4112,92.820,定投加仓,天齐锂业
2024-11-27,600970,买入,100,10.260,1026,0.6433,15.841,定投加仓,中材国际
2024-11-28,002466,买入,36000,37.840,1362240,0.4167,92.820,定投加仓,天齐锂业
2024-11-28,000792,买入,100,17.660,1766,0.4810,37.481,定投加仓,盐湖股份
2024-11-29,002466,买入,45100,38.180,1721918,0.4077,92.820,定投加仓,天齐锂业
2024-11-29,601169,买入,100,5.720,572,0.7694,7.395,首次建仓,
2024-12-03,002466,买入,37400,37.670,1408858,0.4114,92.820,定投加仓,天齐锂业
2024-12-03,600970,买入,100,10.670,1067,0.6641,15.841,定投加仓,中材国际
2024-12-06,002466,买入,39400,37.940,1494836,0.3999,92.820,定投加仓,天齐锂业
2024-12-10,002466,买入,24900,37.190,926031,0.4019,92.820,定投加仓,天齐锂业
2024-12-10,000792,买入,100,17.620,1762,0.4696,37.481,定投加仓,盐湖股份
2024-12-10,600970,买入,100,10.370,1037,0.6490,15.841,定投加仓,中材国际
2024-12-12,002466,买入,6400,37.600,240640,0.4003,92.820,定投加仓,天齐锂业
2024-12-12,000792,买入,100,17.470,1747,0.4672,37.481,定投加仓,盐湖股份
2024-12-12,600970,买入,100,10.380,1038,0.6578,15.841,定投加仓,中材国际
2024-12-16,600970,卖出,280500,9.820,2754510,,,跌破建仓日MA60止损,中材国际
2024-12-16,601187,卖出,500,5.670,2835,,,换仓：让位给空间更大的002236,
2024-12-30,600938,买入,68700,29.500,2026650,0.7646,37.770,首次建仓,中国海油
2024-12-30,601187,买入,100,5.780,578,0.7917,7.250,首次建仓,
2025-01-09,601818,卖出,100,3.680,368,,,换仓：让位给空间更大的000338,
2025-01-10,601187,卖出,100,5.300,530,,,跌破建仓日MA60止损,
2025-01-21,000651,卖出,199400,44.760,8925144,,,换仓·减一档：让位给000933,格力电器
2025-01-21,000933,买入,40100,18.600,745860,0.3603,50.980,首次建仓,神火股份
2025-01-21,000001,买入,100,11.330,1133,0.6140,18.599,定投加仓,
2025-01-23,000933,买入,2400,17.980,43152,0.3605,50.980,定投加仓,神火股份
2025-01-23,000338,买入,100,14.190,1419,0.6558,21.944,首次建仓,潍柴动力
2025-01-24,600938,卖出,68700,27.220,1870014,,,跌破建仓日MA60止损,中国海油
2025-01-24,000933,买入,107000,18.090,1935630,0.3527,50.980,定投加仓,神火股份
2025-01-27,000933,买入,77300,18.470,1427731,0.3548,50.980,定投加仓,神火股份
2025-01-27,601169,买入,100,5.990,599,0.7149,8.267,定投加仓,
2025-02-12,000933,买入,121000,17.930,2169530,0.3609,50.980,定投加仓,神火股份
2025-02-12,601169,买入,200,5.970,1194,0.7104,8.376,定投加仓,
2025-02-18,000933,卖出,347800,17.120,5954336,,,跌破建仓日MA60止损,神火股份
2025-02-18,000338,买入,323700,14.580,4719546,0.6708,21.944,定投加仓,潍柴动力
2025-02-18,601818,买入,100,3.840,384,0.8421,4.489,首次建仓,
2025-02-25,601818,卖出,100,3.740,374,,,换仓：让位给空间更大的000933,
2025-02-27,601229,卖出,975900,9.450,9222255,,,换仓·减一档：让位给000933,
2025-02-27,000933,买入,515500,17.890,9222295,0.3507,50.980,首次建仓,神火股份
2025-02-27,002236,买入,56200,17.160,964392,0.6322,27.825,首次建仓,
2025-03-03,000933,买入,25900,18.610,481999,0.3533,50.980,定投加仓,神火股份
2025-03-03,601169,买入,200,5.850,1170,0.7145,8.173,定投加仓,
2025-03-05,000933,买入,36800,18.940,696992,0.3639,50.980,定投加仓,神火股份
2025-03-05,601169,买入,100,5.980,598,0.7145,8.173,定投加仓,
2025-03-05,002948,买入,100,4.200,420,0.9960,4.147,首次建仓,
2025-03-07,000933,买入,25100,20.290,509279,0.3739,50.980,定投加仓,神火股份
2025-03-07,601818,买入,100,3.800,380,0.8677,4.380,首次建仓,
2025-03-11,002948,卖出,100,4.110,411,,,换仓：让位给空间更大的600970,
2025-03-11,601818,卖出,100,3.750,375,,,换仓：让位给空间更大的601187,
2025-03-14,000933,买入,9600,19.700,189120,0.3960,50.980,定投加仓,神火股份
2025-03-14,601818,买入,100,3.860,386,0.8677,4.380,首次建仓,
2025-03-18,601229,卖出,993300,9.310,9247623,,,换仓·减一档：让位给600970,
2025-03-18,000933,买入,386700,19.280,7455576,0.3872,50.980,定投加仓,神火股份
2025-03-18,601818,买入,100,3.860,386,0.8837,4.380,定投加仓,
2025-03-19,601229,卖出,985000,9.360,9219600,,,换仓·减一档：让位给600970,
2025-03-19,000933,买入,458000,19.200,8793600,0.3782,50.980,定投加仓,神火股份
2025-03-19,601187,买入,100,5.760,576,0.7268,7.884,首次建仓,
2025-03-24,601229,卖出,978400,9.310,9108904,,,换仓·减一档：让位给000661,
2025-03-24,002466,买入,241800,31.170,7536906,0.3390,92.820,定投加仓,天齐锂业
2025-03-25,002466,买入,29500,31.220,920990,0.3358,92.820,定投加仓,天齐锂业
2025-03-25,601187,买入,100,5.880,588,0.7369,7.884,定投加仓,
2025-03-27,601818,卖出,200,3.840,768,,,换仓：让位给空间更大的600426,
2025-03-28,000338,卖出,323800,16.300,5277940,,,换仓：让位给空间更大的600426,潍柴动力
2025-03-28,000933,买入,177700,18.710,3324767,0.4048,46.661,定投加仓,神火股份
2025-03-31,002236,卖出,56200,17.020,956524,,,换仓：让位给空间更大的000661,
2025-03-31,000933,买入,116100,18.760,2178036,0.4010,46.661,定投加仓,神火股份
2025-04-01,000933,买入,64900,18.800,1220120,0.4020,46.661,定投加仓,神火股份
2025-04-02,000933,买入,33500,18.580,622430,0.4029,46.661,定投加仓,神火股份
2025-04-02,601328,买入,100,7.580,758,0.7455,9.940,首次建仓,
2025-04-07,000792,卖出,1764200,15.100,26639420,,,跌破建仓日MA60止损,盐湖股份
2025-04-07,002466,卖出,2417300,27.230,65823079,,,跌破建仓日MA60止损,天齐锂业
2025-04-07,000933,卖出,1849800,16.520,30558696,,,跌破建仓日MA60止损,神火股份
2025-04-07,002128,买入,472300,17.350,8194405,0.6204,30.994,定投加仓,电投能源
2025-04-07,000661,买入,86400,94.800,8190720,0.6239,163.353,首次建仓,
2025-04-07,000001,买入,765800,10.700,8194060,0.7112,15.946,定投加仓,
2025-04-07,601838,买入,490600,16.700,8193020,0.7656,22.623,首次建仓,成都银行
2025-04-07,601328,买入,1124000,7.290,8193960,0.7716,9.940,定投加仓,
2025-04-07,601998,买入,1189300,6.890,8194277,0.7761,9.303,首次建仓,
2025-04-07,000651,买入,189200,43.300,8192360,0.7801,58.132,定投加仓,格力电器
2025-04-07,601169,买入,1388900,5.900,8194510,0.7884,7.953,定投加仓,
2025-04-07,601187,买入,1445200,5.670,8194284,0.7901,7.670,定投加仓,
2025-04-07,601997,买入,1465900,5.590,8194381,0.8188,7.316,首次建仓,
2025-04-07,601288,买入,1629100,5.030,8194373,0.8228,6.344,首次建仓,农业银行
2025-04-07,002839,买入,2064100,3.970,8194477,0.8293,5.245,首次建仓,
2025-04-07,601939,买入,922800,8.880,8194464,0.8439,10.569,首次建仓,建设银行
2025-04-07,601398,买入,301100,6.760,2035436,0.8530,8.078,首次建仓,工商银行
2025-04-08,000661,卖出,86400,96.700,8354880,,,跌破建仓日MA60止损,
2025-04-08,601997,卖出,1465900,5.710,8370289,,,跌破建仓日MA60止损,
2025-04-08,601288,卖出,1629100,5.110,8324701,,,跌破建仓日MA60止损,农业银行
2025-04-08,002839,卖出,2064100,4.060,8380246,,,跌破建仓日MA60止损,
2025-04-08,002128,买入,471300,17.880,8426844,0.5598,30.994,定投加仓,电投能源
2025-04-08,601328,买入,1148200,7.340,8427788,0.7334,9.940,定投加仓,
2025-04-08,601838,买入,500700,16.830,8426781,0.7382,22.623,定投加仓,成都银行
2025-04-08,601187,买入,1435800,5.870,8428146,0.7392,7.670,定投加仓,
2025-04-08,601998,买入,400200,6.990,2797398,0.7407,9.303,定投加仓,
2025-04-09,601838,卖出,991300,16.670,16524971,,,跌破建仓日MA60止损,成都银行
2025-04-09,002128,买入,473400,17.650,8355510,0.5769,30.994,定投加仓,电投能源
2025-04-09,601328,买入,981400,7.320,7183848,0.7384,9.940,定投加仓,
2025-04-10,601398,卖出,301100,6.750,2032425,,,跌破建仓日MA60止损,工商银行
2025-04-10,002128,买入,201700,18.180,3666906,0.5695,30.994,定投加仓,电投能源
2025-04-15,002128,买入,26700,18.050,481935,0.5856,30.994,定投加仓,电投能源
2025-04-16,601169,卖出,1389600,6.150,8546040,,,移出股票库·逐步清仓,
2025-04-16,601187,买入,1475800,5.900,8707220,0.7562,7.670,定投加仓,
2025-04-16,601838,买入,132000,17.590,2321880,0.7691,22.623,首次建仓,成都银行
2025-04-16,601328,买入,100,7.770,777,0.7747,9.940,定投加仓,
2025-04-17,601818,买入,202200,3.820,772404,0.7646,4.957,首次建仓,
2025-04-18,601187,买入,405000,6.000,2430000,0.7692,7.670,定投加仓,
2025-04-21,601818,卖出,202200,3.760,760272,,,跌破建仓日MA60止损,
2025-04-24,600919,买入,160100,9.960,1594596,0.7222,13.654,首次建仓,江苏银行
2025-04-28,600919,买入,52300,10.130,529799,0.7273,13.654,定投加仓,江苏银行
2025-05-13,601187,买入,363900,5.990,2179761,0.6769,8.553,定投加仓,
2025-05-14,601187,买入,245500,6.160,1512280,0.7003,8.553,定投加仓,
2025-05-19,601187,买入,65500,6.010,393655,0.7038,8.553,定投加仓,
2025-05-21,601187,买入,276600,6.090,1684494,0.6968,8.553,定投加仓,
2025-05-22,601187,买入,453700,6.260,2840162,0.7120,8.553,定投加仓,
2025-06-03,601939,卖出,922800,9.060,8360568,,,换仓：让位给空间更大的600938,建设银行
2025-06-03,002128,买入,461600,19.340,8927344,0.6717,29.461,定投加仓,电投能源
2025-06-10,601229,卖出,900900,10.630,9576567,,,换仓·减一档：让位给002466,
2025-06-10,002466,买入,270200,30.150,8146530,0.4962,61.207,首次建仓,天齐锂业
2025-06-10,000001,买入,100,11.810,1181,0.7071,16.561,定投加仓,
2025-06-10,601187,买入,100,6.450,645,0.7650,8.444,定投加仓,
2025-06-12,002466,买入,137700,30.620,4216374,0.5024,61.207,定投加仓,天齐锂业
2025-06-12,002128,买入,100,19.610,1961,0.6714,29.461,定投加仓,电投能源
2025-06-16,601229,卖出,907000,10.470,9496290,,,换仓·减一档：让位给002532,
2025-06-16,002466,买入,243600,30.030,7315308,0.4934,61.207,定投加仓,天齐锂业
2025-06-16,601818,买入,100,4.080,408,0.7809,5.148,首次建仓,
2025-06-17,601229,卖出,911500,10.420,9497830,,,换仓·减一档：让位给002532,
2025-06-17,002466,买入,313600,30.150,9455040,0.4906,61.207,定投加仓,天齐锂业
2025-06-17,002532,买入,200,8.290,1658,0.5222,15.797,首次建仓,天山铝业
2025-06-18,002466,买入,58400,29.900,1746160,0.4926,61.207,定投加仓,天齐锂业
2025-06-18,603993,买入,100,7.820,782,0.7500,10.427,首次建仓,洛阳钼业
2025-06-19,002466,买入,19200,29.780,571776,0.4885,61.207,定投加仓,天齐锂业
2025-06-20,002466,买入,77800,29.330,2281874,0.4865,61.207,定投加仓,天齐锂业
2025-06-20,002532,买入,200,8.190,1638,0.5172,15.797,定投加仓,天山铝业
2025-06-23,002466,买入,77100,30.240,2331504,0.4792,61.207,定投加仓,天齐锂业
2025-06-23,002532,买入,100,8.210,821,0.5184,15.797,定投加仓,天山铝业
2025-06-23,601658,买入,100,5.650,565,0.7915,7.012,首次建仓,
2025-06-24,000651,卖出,224200,44.900,10066580,,,换仓·减一档：让位给000792,格力电器
2025-06-24,002466,买入,322400,31.220,10065328,0.4941,61.207,定投加仓,天齐锂业
2025-06-24,002532,买入,64400,8.330,536452,0.5197,15.797,定投加仓,天山铝业
2025-06-25,000651,卖出,223600,45.370,10144732,,,换仓·减一档：让位给000792,格力电器
2025-06-25,002466,买入,321900,31.520,10146288,0.5101,61.207,定投加仓,天齐锂业
2025-06-25,002532,买入,120200,8.310,998862,0.5273,15.797,定投加仓,天山铝业
2025-06-26,002466,买入,113100,31.440,3555864,0.5150,61.207,定投加仓,天齐锂业
2025-06-26,002532,买入,300,8.320,2496,0.5260,15.797,定投加仓,天山铝业
2025-06-30,601998,卖出,1188400,8.500,10101400,,,换仓·减一档：让位给000792,
2025-06-30,002466,买入,214200,32.040,6862968,0.5272,61.207,定投加仓,天齐锂业
2025-06-30,002532,买入,100,8.310,831,0.5406,15.797,定投加仓,天山铝业
2025-06-30,601658,买入,100,5.470,547,0.7815,7.012,定投加仓,
2025-07-01,601229,卖出,955100,10.720,10238672,,,换仓·减一档：让位给000792,
2025-07-01,002466,买入,322200,31.780,10239516,0.5235,61.207,定投加仓,天齐锂业
2025-07-01,002532,买入,203800,8.640,1760832,0.5260,15.797,定投加仓,天山铝业
2025-07-02,000933,买入,211500,17.410,3682215,0.3620,47.491,首次建仓,神火股份
2025-07-02,601658,买入,100,5.520,552,0.7819,7.059,定投加仓,
2025-07-03,601998,卖出,401100,8.570,3437427,,,换仓：让位给空间更大的000792,
2025-07-03,000933,买入,252400,17.300,4366520,0.3666,47.491,定投加仓,神火股份
2025-07-03,601658,买入,100,5.510,551,0.7819,7.059,定投加仓,
2025-07-04,000933,买入,31600,17.120,540992,0.3643,47.491,定投加仓,神火股份
2025-07-04,002532,买入,100,8.780,878,0.5596,15.797,定投加仓,天山铝业
2025-07-07,000933,买入,38100,16.880,643128,0.3605,47.491,定投加仓,神火股份
2025-07-07,002532,买入,100,8.540,854,0.5558,15.797,定投加仓,天山铝业
2025-07-07,601658,买入,100,5.700,570,0.7947,7.059,定投加仓,
2025-07-08,000933,买入,84900,17.010,1444149,0.3554,47.491,定投加仓,神火股份
2025-07-08,002532,买入,100,8.560,856,0.5406,15.797,定投加仓,天山铝业
2025-07-09,000933,买入,63300,17.050,1079265,0.3582,47.491,定投加仓,神火股份
2025-07-09,601818,买入,100,4.430,443,0.8509,5.183,定投加仓,
2025-07-10,000933,买入,236200,17.350,4098070,0.3590,47.491,定投加仓,神火股份
2025-07-14,601838,卖出,132000,20.380,2690160,,,换仓：让位给空间更大的688516,成都银行
2025-07-14,601229,卖出,1005000,11.010,11065050,,,换仓·减一档：让位给000792,
2025-07-14,000933,买入,645900,17.130,11064267,0.3649,47.491,定投加仓,神火股份
2025-07-14,688516,买入,114300,33.630,3843909,0.5312,63.858,首次建仓,奥特维
2025-07-14,002532,买入,100,8.530,853,0.5520,15.797,定投加仓,天山铝业
2025-07-14,601328,买入,100,8.140,814,0.7896,10.195,定投加仓,
2025-07-16,600919,卖出,212400,11.700,2485080,,,换仓：让位给空间更大的000792,江苏银行
2025-07-17,601229,卖出,999800,10.850,10847830,,,换仓·减一档：让位给000792,
2025-07-17,000933,买入,612600,16.870,10334562,0.3542,47.491,定投加仓,神火股份
2025-07-18,601818,卖出,200,4.300,860,,,换仓：让位给空间更大的000792,
2025-07-18,601229,卖出,1019500,11.030,11245085,,,换仓·减一档：让位给600970,
2025-07-18,000933,买入,660700,17.020,11245114,0.3552,47.491,定投加仓,神火股份
2025-07-18,688516,买入,156500,33.360,5220840,0.5259,63.858,定投加仓,奥特维
2025-07-21,601328,卖出,1418200,8.000,11345600,,,换仓·减一档：让位给000792,
2025-07-21,000933,买入,627500,18.080,11345200,0.3584,47.491,定投加仓,神火股份
2025-07-21,688516,买入,37400,33.560,1255144,0.5224,63.858,定投加仓,奥特维
2025-07-22,601328,卖出,1493300,7.920,11826936,,,换仓·减一档：让位给000792（同日对冲 100 股）,
2025-07-22,000933,买入,610000,19.390,11827900,0.3807,47.491,定投加仓,神火股份
2025-07-22,688516,买入,187100,34.070,6374497,0.5255,63.858,定投加仓,奥特维
2025-07-23,601229,卖出,1095100,10.690,11706619,,,换仓·减一档：让位给000792,
2025-07-23,000933,买入,523800,19.110,10009818,0.4083,47.491,定投加仓,神火股份
2025-07-24,601229,卖出,623200,10.440,6506208,,,换仓：让位给空间更大的000792,
2025-07-24,000933,买入,615800,19.250,11854150,0.4024,47.491,定投加仓,神火股份
2025-07-25,601187,卖出,1710700,7.120,12180184,,,换仓·减一档：让位给000792,
2025-07-25,000933,买入,639000,19.060,12179340,0.4053,47.491,定投加仓,神火股份
2025-07-25,688516,买入,24800,34.500,855600,0.5421,63.858,定投加仓,奥特维
2025-07-25,002532,买入,100,9.450,945,0.6007,15.797,定投加仓,天山铝业
2025-07-25,601658,买入,100,5.600,560,0.7933,7.059,定投加仓,
2025-07-28,601187,卖出,1648000,7.190,11849120,,,换仓·减一档：让位给000792,
2025-07-28,000933,买入,395800,18.600,7361880,0.4013,47.491,定投加仓,神火股份
2025-07-29,601187,卖出,1683500,7.000,11784500,,,换仓·减一档：让位给000792,
2025-07-29,601658,卖出,600,5.610,3366,,,换仓：让位给空间更大的600970,
2025-07-29,000933,买入,583800,18.620,10870356,0.3917,47.491,定投加仓,神火股份
2025-07-30,601187,卖出,1125100,6.950,7819445,,,换仓：让位给空间更大的000792,
2025-07-30,000933,买入,406200,18.610,7559382,0.3921,47.491,定投加仓,神火股份
2025-08-04,000001,卖出,903200,12.300,11109360,,,换仓·减一档：让位给000792,
2025-08-04,000933,买入,125000,17.790,2223750,0.3769,47.491,定投加仓,神火股份
2025-08-04,002532,买入,100,9.160,916,0.5742,15.797,定投加仓,天山铝业
2025-08-05,000933,买入,37600,17.770,668152,0.3746,47.491,定投加仓,神火股份
2025-08-06,000001,卖出,917000,12.460,11425820,,,换仓·减一档：让位给000792,
2025-08-06,000933,买入,305100,18.310,5586381,0.3742,47.491,定投加仓,神火股份
2025-08-06,688516,买入,260800,35.600,9284480,0.5475,63.858,定投加仓,奥特维
2025-08-06,002532,买入,100,9.200,920,0.5805,15.797,定投加仓,天山铝业
2025-08-06,601328,买入,100,7.720,772,0.7744,10.034,定投加仓,
2025-08-07,000001,卖出,933200,12.470,11637004,,,换仓·减一档：让位给000792,
2025-08-07,688516,买入,329400,35.320,11634408,0.5575,63.858,定投加仓,奥特维
2025-08-07,002532,买入,294000,9.300,2734200,0.5824,15.797,定投加仓,天山铝业
2025-08-08,688516,买入,69300,35.090,2431737,0.5531,63.858,定投加仓,奥特维
2025-08-08,002532,买入,100,9.680,968,0.5887,15.797,定投加仓,天山铝业
2025-08-08,601658,买入,100,6.020,602,0.8636,6.948,首次建仓,
2025-08-11,000933,买入,386900,18.810,7277589,0.3885,47.491,定投加仓,神火股份
2025-08-11,688516,买入,31300,36.000,1126800,0.5495,63.858,定投加仓,奥特维
2025-08-11,002532,买入,200,9.610,1922,0.6128,15.797,定投加仓,天山铝业
2025-08-11,601818,买入,100,4.060,406,0.8272,5.017,首次建仓,
2025-08-12,601818,卖出,100,4.100,410,,,换仓：让位给空间更大的600970,
2025-08-12,688516,买入,80900,36.070,2918063,0.5637,63.858,定投加仓,奥特维
2025-08-12,002532,买入,200,9.820,1964,0.6083,15.797,定投加仓,天山铝业
2025-08-13,688516,买入,900,36.310,32679,0.5648,63.858,定投加仓,奥特维
2025-08-13,002532,买入,200,9.900,1980,0.6216,15.797,定投加仓,天山铝业
2025-08-13,601658,买入,100,6.030,603,0.8636,6.948,定投加仓,
2025-08-15,000933,买入,135600,19.600,2657760,0.3927,47.491,定投加仓,神火股份
2025-08-26,002532,买入,156900,10.260,1609794,0.6356,15.797,定投加仓,天山铝业
2025-08-28,601658,卖出,200,6.000,1200,,,换仓：让位给空间更大的000792,
2025-09-05,000933,买入,349200,19.500,6809400,0.3891,48.040,定投加仓,神火股份
2025-09-05,601658,买入,100,6.200,620,0.9534,6.702,首次建仓,
2025-09-08,000792,买入,39300,20.790,817047,0.6663,30.318,首次建仓,盐湖股份
2025-09-08,002532,买入,100,10.480,1048,0.7018,15.319,定投加仓,天山铝业
2025-09-08,601658,买入,100,6.230,623,0.9251,6.702,定投加仓,
2025-09-12,000933,买入,84200,20.050,1688210,0.3968,48.040,定投加仓,神火股份
2025-09-12,000792,买入,35600,20.260,721256,0.6649,30.318,定投加仓,盐湖股份
2025-09-12,002532,买入,100,11.480,1148,0.7161,15.319,定投加仓,天山铝业
2025-09-15,000792,买入,128200,20.440,2620408,0.6682,30.318,定投加仓,盐湖股份
2025-09-15,601658,买入,100,6.220,622,0.9310,6.702,定投加仓,
2025-09-16,601328,卖出,342500,7.010,2400925,,,跌破建仓日MA60止损,
2025-09-17,601658,卖出,300,6.210,1863,,,换仓：让位给空间更大的600938,
2025-09-17,000933,买入,35300,19.790,698587,0.4053,48.040,定投加仓,神火股份
2025-09-17,000792,买入,179700,20.100,3611970,0.6636,30.318,定投加仓,盐湖股份
2025-09-19,603993,卖出,100,12.510,1251,,,换仓：让位给空间更大的600938,洛阳钼业
2025-09-29,000933,买入,156800,19.780,3101504,0.4030,48.040,定投加仓,神火股份
2025-09-30,000792,买入,133900,20.850,2791815,0.6666,30.318,定投加仓,盐湖股份
2025-10-09,000933,买入,625600,21.210,13268976,0.4165,48.040,定投加仓,神火股份
2025-10-09,000792,买入,200500,22.410,4493205,0.6877,30.318,定投加仓,盐湖股份
2025-10-23,000792,买入,414500,22.880,9483760,0.7204,30.318,定投加仓,盐湖股份
2025-10-27,600970,买入,527100,9.790,5160309,0.6335,15.043,首次建仓,中材国际
2025-10-29,600970,买入,925900,9.650,8934935,0.6402,15.043,定投加仓,中材国际
2025-10-30,600970,买入,810300,9.600,7778880,0.6415,15.043,定投加仓,中材国际
2025-11-03,600970,买入,512200,9.480,4855656,0.6329,15.043,定投加仓,中材国际
2025-11-06,600970,买入,1169100,9.500,11106450,0.6196,15.043,定投加仓,中材国际
2025-11-07,600970,买入,577800,9.600,5546880,0.6315,15.043,定投加仓,中材国际
2025-11-10,600970,买入,353400,9.680,3420912,0.6382,15.043,定投加仓,中材国际
2025-11-13,600970,买入,322300,9.530,3071519,0.6355,15.043,定投加仓,中材国际
2025-11-19,600970,卖出,5198100,9.080,47198748,,,跌破建仓日MA60止损,中材国际
2025-11-19,000001,买入,1641400,11.800,19368520,0.7516,15.421,定投加仓,
2025-11-19,601328,买入,1944400,7.530,14641332,0.7590,9.789,首次建仓,
2025-11-25,002128,卖出,660200,26.380,17416076,,,换仓·减一档：让位给600970,电投能源
2025-11-26,002466,卖出,319200,54.160,17287872,,,换仓·减一档：让位给600970,天齐锂业
2025-11-26,600970,买入,719300,9.510,6840543,0.6289,15.043,首次建仓,中材国际
2025-11-28,600970,买入,487700,9.310,4540487,0.6189,15.043,定投加仓,中材国际
2025-12-01,600970,买入,449500,9.550,4292725,0.6189,15.043,定投加仓,中材国际
2025-12-05,600970,买入,1133600,9.810,11120616,0.6468,15.043,定投加仓,中材国际
2025-12-08,600970,买入,274500,9.570,2626965,0.6521,15.043,定投加仓,中材国际
2025-12-08,002839,买入,100,4.700,470,0.9619,4.907,首次建仓,
2025-12-17,002839,卖出,100,4.570,457,,,换仓：让位给空间更大的600309,
2025-12-22,600970,买入,193000,10.300,1987900,0.6834,15.043,定投加仓,中材国际
2025-12-23,000651,买入,88700,40.900,3627830,0.6803,60.091,定投加仓,格力电器
2025-12-23,600970,买入,200,10.260,2052,0.6847,15.043,定投加仓,中材国际
2025-12-24,000651,买入,171000,40.760,6969960,0.6806,60.091,定投加仓,格力电器
2025-12-26,000651,买入,131100,40.760,5343636,0.6808,60.091,定投加仓,格力电器
2025-12-26,600970,买入,100,10.230,1023,0.6847,15.043,定投加仓,中材国际
2025-12-26,601328,买入,100,7.220,722,0.7568,9.513,定投加仓,
2025-12-30,002128,卖出,714400,27.940,19960336,,,换仓·减一档：让位给601818,电投能源
2025-12-30,000651,买入,357200,40.530,14477316,0.6776,60.091,定投加仓,格力电器
2026-01-05,000651,买入,383400,40.760,15627384,0.6693,60.091,定投加仓,格力电器
2026-01-05,600970,买入,200,10.270,2054,0.6907,15.043,定投加仓,中材国际
2026-01-06,000933,买入,43600,29.790,1298844,0.5587,50.956,定投加仓,神火股份
2026-01-06,000651,买入,441700,40.820,18030194,0.6783,60.091,定投加仓,格力电器
2026-01-09,000651,买入,21200,40.480,858176,0.6730,60.091,定投加仓,格力电器
2026-01-09,600970,买入,200,10.380,2076,0.6807,15.043,定投加仓,中材国际
2026-01-12,000651,买入,136700,40.530,5540451,0.6736,60.091,定投加仓,格力电器
2026-01-13,000651,买入,152300,40.330,6142259,0.6745,60.091,定投加仓,格力电器
2026-01-13,002648,买入,100,18.200,1820,0.6835,26.656,首次建仓,卫星化学
2026-01-13,601229,买入,100,10.090,1009,0.8071,12.476,首次建仓,
2026-01-15,002128,卖出,787800,30.550,24067290,,,涨幅≥110%·减一档,电投能源
2026-01-15,601328,卖出,1944500,6.930,13475385,,,跌破建仓日MA60止损,
2026-01-15,601229,卖出,100,9.880,988,,,跌破建仓日MA60止损,
2026-01-15,000651,买入,599900,40.120,24067988,0.6690,60.091,定投加仓,格力电器
2026-01-15,600970,买入,1886700,10.660,20112222,0.7013,15.043,定投加仓,中材国际
2026-01-16,002128,卖出,792800,30.040,23815712,,,涨幅≥110%·减一档,电投能源
2026-01-16,000651,买入,503700,40.350,20324295,0.6677,60.091,定投加仓,格力电器
2026-01-19,000651,买入,156100,40.530,6326733,0.6715,60.091,定投加仓,格力电器
2026-01-19,600970,买入,200,10.610,2122,0.7013,15.043,定投加仓,中材国际
2026-01-20,002532,卖出,841800,19.040,16027872,,,涨幅≥110%清空,天山铝业
2026-01-20,000651,买入,423700,41.280,17490336,0.6745,60.091,定投加仓,格力电器
2026-01-22,000933,买入,139400,31.430,4381342,0.6113,50.956,定投加仓,神火股份
2026-01-22,000651,买入,111400,40.850,4550690,0.6785,60.091,定投加仓,格力电器
2026-01-22,600970,买入,300,10.920,3276,0.7173,15.043,定投加仓,中材国际
2026-01-23,688516,卖出,293700,90.010,26435937,,,涨幅≥110%·减一档,奥特维
2026-01-23,000933,买入,423800,31.930,13531934,0.6168,50.956,定投加仓,神火股份
2026-01-23,000651,买入,670500,39.430,26437815,0.6798,60.091,定投加仓,格力电器
2026-01-23,600970,买入,764100,10.770,8229357,0.7259,15.043,定投加仓,中材国际
2026-01-26,688516,卖出,297000,91.070,27047790,,,涨幅≥110%·减一档,奥特维
2026-01-26,000933,买入,75000,33.350,2501250,0.6266,50.956,定投加仓,神火股份
2026-01-26,000651,买入,692300,39.070,27048161,0.6673,59.091,定投加仓,格力电器
2026-01-26,600970,买入,506500,10.860,5500590,0.7160,15.043,定投加仓,中材国际
2026-01-27,688516,卖出,268900,100.000,26890000,,,涨幅≥110%·减一档,奥特维
2026-01-27,000651,买入,638200,38.910,24832362,0.6612,59.091,定投加仓,格力电器
2026-01-28,688516,卖出,289400,98.000,28361200,,,涨幅≥110%·减一档,奥特维
2026-01-28,000933,买入,211900,35.880,7602972,0.6427,50.956,定投加仓,神火股份
2026-01-28,600970,买入,2555600,11.100,28367160,0.7273,15.043,定投加仓,中材国际
2026-01-28,002648,买入,490700,24.210,11879847,0.8343,26.656,定投加仓,卫星化学
2026-01-29,002128,卖出,511400,30.390,15541446,,,涨幅≥110%清空,电投能源
2026-01-29,688516,卖出,143700,96.560,13875672,,,涨幅≥110%清空,奥特维
2026-01-29,600970,买入,2143700,11.270,24159499,0.7379,15.043,定投加仓,中材国际
2026-02-04,000792,卖出,774200,33.170,25680214,,,换仓·减一档：让位给002001,盐湖股份
2026-03-02,600970,买入,180300,11.150,2010345,0.7366,15.043,定投加仓,中材国际
2026-03-04,600970,买入,108700,10.830,1177221,0.7239,15.043,定投加仓,中材国际
2026-03-05,600970,买入,725900,10.880,7897792,0.7199,15.043,定投加仓,中材国际
2026-03-09,600970,买入,315600,10.920,3446352,0.7359,15.043,定投加仓,中材国际
2026-03-11,600970,买入,467400,11.380,5319012,0.7352,15.043,定投加仓,中材国际
2026-03-12,600970,买入,1271000,11.400,14489400,0.7565,15.043,定投加仓,中材国际
2026-03-18,000792,卖出,357500,35.600,12727000,,,换仓：让位给空间更大的601838,盐湖股份
2026-03-24,000933,卖出,782800,29.180,22842104,,,换仓·减一档：让位给601939,神火股份
2026-03-25,000933,卖出,793500,29.510,23416185,,,换仓·减一档：让位给601838,神火股份
2026-03-26,000933,卖出,795400,29.360,23352944,,,换仓·减一档：让位给601838,神火股份
2026-03-26,002648,卖出,490800,26.620,13065096,,,换仓：让位给空间更大的601229,卫星化学
2026-03-26,600970,买入,2258800,10.230,23107524,0.7034,14.628,定投加仓,中材国际
2026-03-27,000933,卖出,787800,30.520,24043656,,,换仓·减一档：让位给601838,神火股份
2026-03-27,600970,买入,2399800,10.020,24045996,0.6993,14.628,定投加仓,中材国际
2026-03-27,601838,买入,538000,17.050,9172900,0.7534,22.710,首次建仓,成都银行
2026-03-30,000933,卖出,775600,31.800,24664080,,,换仓·减一档：让位给600919,神火股份
2026-03-30,601838,买入,1444000,17.080,24663520,0.7508,22.710,定投加仓,成都银行
2026-03-30,600919,买入,750800,10.810,8116148,0.8162,13.244,首次建仓,江苏银行
2026-03-31,000933,卖出,785700,30.800,24199560,,,换仓·减一档：让位给600036,神火股份
2026-03-31,600036,买入,457700,39.320,17996764,0.7393,53.400,首次建仓,招商银行
2026-04-01,000933,卖出,785200,31.070,24396164,,,换仓·减一档：让位给601229,神火股份
2026-04-01,600036,买入,612700,39.820,24397714,0.7445,52.815,定投加仓,招商银行
2026-04-01,601838,买入,150200,17.140,2574428,0.7625,22.451,定投加仓,成都银行
2026-04-01,601229,买入,100,9.890,989,0.7878,12.579,首次建仓,
2026-04-02,000933,卖出,783000,31.560,24711480,,,换仓·减一档：让位给601009,神火股份
2026-04-02,600036,买入,621500,39.760,24710840,0.7540,52.815,定投加仓,招商银行
2026-04-02,601838,买入,239300,17.320,4144676,0.7634,22.451,定投加仓,成都银行
2026-04-03,000933,卖出,787200,30.760,24214272,,,换仓·减一档：让位给601009,神火股份
2026-04-03,600036,买入,444800,39.400,17525120,0.7528,52.815,定投加仓,招商银行
2026-04-07,600036,卖出,2136700,38.990,83309933,,,跌破建仓日MA60止损,招商银行
2026-04-07,601229,卖出,100,9.660,966,,,跌破建仓日MA60止损,
2026-04-07,601838,买入,1434900,17.140,24594186,0.7643,22.451,定投加仓,成都银行
2026-04-07,002966,买入,2963200,8.300,24594560,0.8233,10.069,首次建仓,
2026-04-07,600919,买入,2279400,10.790,24594726,0.8256,13.093,定投加仓,江苏银行
2026-04-07,601998,买入,1734600,8.300,14397180,0.8295,9.981,首次建仓,
2026-04-08,000933,卖出,759400,34.140,25925916,,,换仓·减一档：让位给601825,神火股份
2026-04-08,601838,买入,1499500,17.290,25926355,0.7634,22.451,定投加仓,成都银行
2026-04-08,600919,买入,1626200,10.880,17693056,0.8241,13.093,定投加仓,江苏银行
2026-04-16,000001,买入,164100,11.090,1819869,0.7179,15.614,定投加仓,
2026-04-16,601665,买入,100,6.130,613,0.9033,6.709,首次建仓,
2026-04-17,002466,卖出,389800,66.650,25980170,,,涨幅≥110%·减一档,天齐锂业
2026-04-17,000001,买入,2237300,11.010,24632673,0.7103,15.614,定投加仓,
2026-04-20,002466,卖出,388000,66.820,25926160,,,涨幅≥110%·减一档,天齐锂业
2026-04-20,000001,买入,2263800,11.060,25037628,0.7051,15.614,定投加仓,
2026-04-21,002466,卖出,371000,70.710,26233410,,,涨幅≥110%·减一档,天齐锂业
2026-04-21,000001,买入,2367800,11.080,26235224,0.7083,15.614,定投加仓,
2026-04-21,600036,买入,101300,39.870,4038831,0.7549,52.815,首次建仓,招商银行
2026-04-22,002466,卖出,366100,70.730,25894253,,,涨幅≥110%·减一档,天齐锂业
2026-04-22,000001,买入,1944300,10.980,21348414,0.7096,15.614,定投加仓,
2026-04-23,002466,卖出,380500,67.970,25862585,,,涨幅≥110%·减一档,天齐锂业
2026-04-23,000001,买入,2310700,11.000,25417700,0.7032,15.614,定投加仓,
2026-04-24,002466,卖出,276800,73.700,20400160,,,涨幅≥110%清空,天齐锂业
2026-04-24,000001,买入,2058800,11.000,22646800,0.7045,15.614,定投加仓,
2026-04-27,000933,卖出,816800,32.120,26235616,,,换仓·减一档：让位给601825,神火股份
2026-04-27,000001,买入,2305400,11.380,26235452,0.7045,15.614,定投加仓,
2026-04-27,600036,买入,62900,39.380,2477002,0.7456,52.815,定投加仓,招商银行
2026-04-27,601838,买入,100,18.440,1844,0.7613,24.128,定投加仓,成都银行
2026-04-28,000933,卖出,829100,32.230,26721893,,,换仓·减一档：让位给601009,神火股份
2026-04-28,000001,买入,2331900,11.460,26723574,0.7288,15.614,定投加仓,
2026-04-28,600036,买入,162700,39.600,6442920,0.7456,52.815,定投加仓,招商银行
2026-04-28,601838,买入,100,18.740,1874,0.7642,24.128,定投加仓,成都银行
2026-04-29,000933,卖出,816900,33.050,26998545,,,换仓·减一档：让位给600036,神火股份
2026-04-29,000001,买入,2343600,11.520,26998272,0.7340,15.614,定投加仓,
2026-04-29,600036,买入,93400,38.500,3595900,0.7498,52.815,定投加仓,招商银行
2026-04-29,601838,买入,500,19.000,9500,0.7767,24.128,定投加仓,成都银行
2026-04-29,601658,买入,100,5.150,515,0.9092,5.719,首次建仓,
2026-04-30,600036,卖出,420300,38.270,16084881,,,跌破建仓日MA60止损,招商银行
2026-04-30,601658,卖出,100,5.070,507,,,跌破建仓日MA60止损,
2026-04-30,000933,卖出,75700,32.130,2432241,,,换仓：让位给空间更大的002807,神火股份
2026-04-30,000001,买入,1240800,11.490,14256792,0.7378,15.614,定投加仓,
2026-05-12,600970,卖出,18842900,9.170,172789393,,,跌破建仓日MA60止损,中材国际
2026-05-12,000651,买入,649900,40.340,26216966,0.5718,70.764,定投加仓,格力电器
2026-05-12,000001,买入,2330700,11.250,26220375,0.7092,15.905,定投加仓,
2026-05-12,600919,买入,2320400,11.300,26220520,0.7546,15.053,定投加仓,江苏银行
2026-05-12,601838,买入,1383600,18.950,26219220,0.7747,24.578,定投加仓,成都银行
2026-05-12,601998,买入,3178200,8.250,26220150,0.8124,10.167,定投加仓,
2026-05-12,002966,买入,3103000,8.450,26220350,0.8775,9.607,定投加仓,
2026-05-12,601398,买入,1174600,7.480,8786008,0.9021,8.281,首次建仓,工商银行
2026-05-20,601398,卖出,1174600,7.130,8374898,,,跌破建仓日MA60止损,工商银行
2026-05-27,002966,卖出,6066200,8.130,49318206,,,跌破建仓日MA60止损,
2026-05-27,601998,卖出,4912800,7.480,36747744,,,跌破建仓日MA60止损,
2026-05-27,000651,买入,632400,38.610,24416964,0.5494,70.764,定投加仓,格力电器
2026-05-27,000001,买入,31600,10.760,340016,0.6784,15.905,定投加仓,
2026-05-27,600919,买入,2190200,11.150,24420730,0.7340,15.053,定投加仓,江苏银行
2026-05-27,601838,买入,1136300,18.380,20885194,0.7511,24.578,定投加仓,成都银行
2026-05-29,000651,买入,193800,39.170,7591146,0.5353,70.764,定投加仓,格力电器
2026-06-01,000651,买入,75900,39.090,2966931,0.5535,70.764,定投加仓,格力电器
2026-06-01,000001,买入,100,10.990,1099,0.6802,16.069,定投加仓,
2026-06-01,601665,买入,100,6.230,623,0.9049,6.719,定投加仓,
2026-06-02,000651,买入,157900,39.520,6240208,0.5524,70.764,定投加仓,格力电器
2026-06-02,601665,买入,100,6.210,621,0.9273,6.719,定投加仓,
2026-06-10,000651,买入,31800,38.200,1214760,0.5353,70.764,定投加仓,格力电器
2026-06-10,600919,买入,100,11.730,1173,0.7667,15.209,定投加仓,江苏银行
2026-06-11,000651,买入,31000,38.500,1193500,0.5398,70.764,定投加仓,格力电器
2026-06-11,600919,买入,200,11.780,2356,0.7713,15.209,定投加仓,江苏银行
2026-06-11,601665,买入,100,6.440,644,0.9645,6.719,定投加仓,
2026-06-12,000651,买入,456400,38.530,17585092,0.5441,70.764,定投加仓,格力电器
2026-06-12,600919,买入,100,11.890,1189,0.7745,15.209,定投加仓,江苏银行
2026-07-21,601658,买入,709600,5.050,3583480,0.9005,5.753,首次建仓,
2026-07-22,601658,买入,1278000,5.110,6530580,0.8779,5.753,定投加仓,
2026-07-23,600919,买入,122200,11.540,1410188,0.7662,14.878,定投加仓,江苏银行
2026-07-28,601166,买入,131000,18.600,2436600,0.6523,28.055,首次建仓,
2026-07-28,601658,买入,100,5.200,520,0.8848,5.753,定投加仓,
2026-07-29,601166,买入,354000,18.590,6580860,0.6630,28.055,定投加仓,
2026-07-29,601658,买入,100,5.120,512,0.9039,5.753,定投加仓,
2026-07-30,000651,买入,111100,42.470,4718417,0.5886,70.764,定投加仓,格力电器
2026-07-30,601166,买入,436400,19.100,8335240,0.6626,28.055,定投加仓,
2026-07-30,002839,买入,100,4.610,461,0.7777,5.773,首次建仓,
2026-08-05,601658,卖出,1987800,4.960,9859488,,,换仓：让位给空间更大的601229,
2026-08-06,601665,卖出,400,6.240,2496,,,换仓：让位给空间更大的601229,
2026-08-27,600036,买入,172700,39.580,6835466,0.7470,53.277,首次建仓,招商银行
