BASE|2009-11-01|0.314964|0.693960|0.604382|0.453864|1.620187|6.513478|6.000000|0.659951|0.999036|1.240627|1.427959|0.809630|0.345258|0.437173|0.826074|0.662208|0.072727|0.354410|0.200820|-0.043392|0.465111|0.761280|0.635717|0.042553|141.000000|0.461252|0.332922|81.000000|0.355592|0.750000|-0.277082|16.000000
BASE|2010-05-01|0.386654|0.663979|0.769709|0.582329|1.643964|6.919292|6.000000|0.661598|0.961168|1.241596|1.463840|0.774053|0.426251|0.431696|0.891936|0.818145|0.056604|0.436319|0.337015|-0.017465|0.451436|0.863560|0.854424|0.014815|135.000000|0.594415|0.421321|75.000000|0.387716|0.800000|-0.276843|15.000000
BASE|2010-11-01|0.324961|0.707306|0.633410|0.459434|1.612029|7.044267|6.000000|0.658376|0.925824|1.145085|1.401492|0.805978|0.369479|0.424419|0.905609|0.776198|0.084967|0.385978|0.209395|-0.061089|0.437072|0.917513|0.713867|0.069767|129.000000|0.462464|0.332224|69.000000|0.281902|0.800000|-0.316190|15.000000
BASE|2011-05-01|0.316556|0.702332|0.605391|0.450721|1.596396|6.706993|6.000000|0.662919|0.927899|1.126171|1.417640|0.806568|0.368996|0.441103|0.849744|0.731774|0.040816|0.391513|0.238177|-0.040188|0.452362|0.885366|0.739676|0.024390|123.000000|0.456260|0.336163|63.000000|0.360859|0.785714|-0.310331|14.000000
BASE|2011-11-01|0.360885|0.745172|0.689056|0.484297|1.640904|7.166607|7.000000|0.672308|1.011866|1.277698|1.430877|0.816775|0.388846|0.425505|0.968899|0.796228|0.042553|0.411019|0.249519|0.027506|0.433137|0.961479|0.782447|0.000000|117.000000|0.586368|0.339389|57.000000|0.386813|0.857143|-0.357911|14.000000
BASE|2012-05-01|0.364399|0.695070|0.701072|0.524262|1.655222|7.017899|6.000000|0.669655|0.896753|1.074116|1.457155|0.838320|0.406200|0.432282|0.863031|0.779368|0.029630|0.420243|0.341324|0.122458|0.463296|0.847484|0.766949|0.000000|111.000000|0.564410|0.392379|51.000000|0.368963|0.769231|-0.266259|13.000000
BASE|2012-11-01|0.462220|0.689124|0.869185|0.670735|1.694866|6.666922|6.000000|0.633093|0.877550|1.091374|1.480526|0.687909|0.524884|0.542830|1.076449|1.018112|0.015504|0.561728|0.398516|0.152549|0.542830|1.056312|1.024249|0.000000|105.000000|0.634630|0.473194|45.000000|0.377345|0.769231|-0.156592|13.000000
BASE|2013-05-01|0.472289|0.653723|0.894057|0.722460|1.685289|6.769186|7.000000|0.640924|0.794878|0.982195|1.441665|0.796976|0.508549|0.490601|1.120890|0.945324|0.016260|0.541909|0.437772|0.210076|0.510068|1.064405|0.997902|0.000000|99.000000|0.670713|0.475025|39.000000|0.422273|0.833333|-0.162553|12.000000
BASE|2013-11-01|0.454365|0.669472|0.874891|0.678692|1.670013|7.180484|7.000000|0.625618|0.842702|1.035315|1.437466|0.711538|0.489815|0.435420|1.127481|0.984218|0.008547|0.507200|0.369368|0.118071|0.449613|1.130357|0.971610|0.000000|93.000000|0.633773|0.428131|33.000000|0.384122|0.750000|-0.218313|12.000000
BASE|2014-05-01|0.461225|0.747492|0.883638|0.617029|1.670236|7.409002|6.000000|0.655705|1.063330|1.327542|1.475337|0.807205|0.480209|0.438099|1.093275|0.938046|0.027027|0.516876|0.422520|0.112204|0.439601|1.175786|0.978048|0.000000|87.000000|0.595752|0.423603|27.000000|0.436114|0.727273|-0.336172|11.000000
BASE|2014-11-01|0.480635|0.819996|0.913375|0.586143|1.627233|7.531097|7.000000|0.624030|0.738396|0.997798|1.446982|0.660589|0.589668|0.437579|1.264255|1.137839|0.028571|0.624475|0.527735|0.026504|0.559644|1.122903|1.188284|0.000000|81.000000|0.658605|0.508223|21.000000|0.470246|0.727273|-0.428941|11.000000
BASE|2015-05-01|0.482182|0.622013|0.997226|0.775196|1.591968|7.010411|7.000000|0.638292|0.740571|0.951859|1.458566|0.738903|0.608968|0.439527|1.291434|1.199386|0.000000|0.631227|0.564223|0.186105|0.577286|1.127102|1.188973|0.000000|75.000000|0.664195|0.561550|15.000000|0.474455|0.800000|-0.146421|10.000000
BASE|2015-11-01|0.618849|0.574713|1.266878|1.076796|1.648410|7.073630|7.000000|0.644984|0.745609|0.944390|1.474112|0.787614|0.649139|0.441470|1.312567|1.227607|0.000000|0.660862|0.578078|0.464053|0.574713|1.170488|1.240828|0.000000|69.000000|0.734709|0.739714|9.000000|0.585015|0.800000|-0.156067|10.000000
BASE|2016-05-01|0.652720|0.549885|1.382857|1.187012|1.670079|6.026931|6.000000|0.624818|0.740490|0.967177|1.463796|0.701475|0.634954|0.439713|1.334827|1.206256|0.000000|0.639115|0.583057|0.477797|0.549885|1.197286|1.241717|0.000000|63.000000|0.646660|0.649171|3.000000|0.494125|0.888889|-0.150877|9.000000
REBUILT_CHECK|2009-11-01|0.314964|0.693960|0.604382|0.453864|1.620187|6.513478|6.000000|0.659951|0.999036|1.240627|1.427959|0.809630|0.345258|0.437173|0.826074|0.662208|0.072727|0.354410|0.200820|-0.043392|0.465111|0.761280|0.635717|0.042553|141.000000|0.461252|0.332922|81.000000|0.355592|0.750000|-0.277082|16.000000
REBUILT_CHECK|2010-05-01|0.386654|0.663979|0.769709|0.582329|1.643964|6.919292|6.000000|0.661598|0.961168|1.241596|1.463840|0.774053|0.426251|0.431696|0.891936|0.818145|0.056604|0.436319|0.337015|-0.017465|0.451436|0.863560|0.854424|0.014815|135.000000|0.594415|0.421321|75.000000|0.387716|0.800000|-0.276843|15.000000
REBUILT_CHECK|2010-11-01|0.324961|0.707306|0.633410|0.459434|1.612029|7.044267|6.000000|0.658376|0.925824|1.145085|1.401492|0.805978|0.369479|0.424419|0.905609|0.776198|0.084967|0.385978|0.209395|-0.061089|0.437072|0.917513|0.713867|0.069767|129.000000|0.462464|0.332224|69.000000|0.281902|0.800000|-0.316190|15.000000
REBUILT_CHECK|2011-05-01|0.316556|0.702332|0.605391|0.450721|1.596396|6.706993|6.000000|0.662919|0.927899|1.126171|1.417640|0.806568|0.368996|0.441103|0.849744|0.731774|0.040816|0.391513|0.238177|-0.040188|0.452362|0.885366|0.739676|0.024390|123.000000|0.456260|0.336163|63.000000|0.360859|0.785714|-0.310331|14.000000
REBUILT_CHECK|2011-11-01|0.360885|0.745172|0.689056|0.484297|1.640904|7.166607|7.000000|0.672308|1.011866|1.277698|1.430877|0.816775|0.388846|0.425505|0.968899|0.796228|0.042553|0.411019|0.249519|0.027506|0.433137|0.961479|0.782447|0.000000|117.000000|0.586368|0.339389|57.000000|0.386813|0.857143|-0.357911|14.000000
REBUILT_CHECK|2012-05-01|0.364399|0.695070|0.701072|0.524262|1.655222|7.017899|6.000000|0.669655|0.896753|1.074116|1.457155|0.838320|0.406200|0.432282|0.863031|0.779368|0.029630|0.420243|0.341324|0.122458|0.463296|0.847484|0.766949|0.000000|111.000000|0.564410|0.392379|51.000000|0.368963|0.769231|-0.266259|13.000000
REBUILT_CHECK|2012-11-01|0.462220|0.689124|0.869185|0.670735|1.694866|6.666922|6.000000|0.633093|0.877550|1.091374|1.480526|0.687909|0.524884|0.542830|1.076449|1.018112|0.015504|0.561728|0.398516|0.152549|0.542830|1.056312|1.024249|0.000000|105.000000|0.634630|0.473194|45.000000|0.377345|0.769231|-0.156592|13.000000
REBUILT_CHECK|2013-05-01|0.472289|0.653723|0.894057|0.722460|1.685289|6.769186|7.000000|0.640924|0.794878|0.982195|1.441665|0.796976|0.508549|0.490601|1.120890|0.945324|0.016260|0.541909|0.437772|0.210076|0.510068|1.064405|0.997902|0.000000|99.000000|0.670713|0.475025|39.000000|0.422273|0.833333|-0.162553|12.000000
REBUILT_CHECK|2013-11-01|0.454365|0.669472|0.874891|0.678692|1.670013|7.180484|7.000000|0.625618|0.842702|1.035315|1.437466|0.711538|0.489815|0.435420|1.127481|0.984218|0.008547|0.507200|0.369368|0.118071|0.449613|1.130357|0.971610|0.000000|93.000000|0.633773|0.428131|33.000000|0.384122|0.750000|-0.218313|12.000000
REBUILT_CHECK|2014-05-01|0.461225|0.747492|0.883638|0.617029|1.670236|7.409002|6.000000|0.655705|1.063330|1.327542|1.475337|0.807205|0.480209|0.438099|1.093275|0.938046|0.027027|0.516876|0.422520|0.112204|0.439601|1.175786|0.978048|0.000000|87.000000|0.595752|0.423603|27.000000|0.436114|0.727273|-0.336172|11.000000
REBUILT_CHECK|2014-11-01|0.480635|0.819996|0.913375|0.586143|1.627233|7.531097|7.000000|0.624030|0.738396|0.997798|1.446982|0.660589|0.589668|0.437579|1.264255|1.137839|0.028571|0.624475|0.527735|0.026504|0.559644|1.122903|1.188284|0.000000|81.000000|0.658605|0.508223|21.000000|0.470246|0.727273|-0.428941|11.000000
REBUILT_CHECK|2015-05-01|0.482182|0.622013|0.997226|0.775196|1.591968|7.010411|7.000000|0.638292|0.740571|0.951859|1.458566|0.738903|0.608968|0.439527|1.291434|1.199386|0.000000|0.631227|0.564223|0.186105|0.577286|1.127102|1.188973|0.000000|75.000000|0.664195|0.561550|15.000000|0.474455|0.800000|-0.146421|10.000000
REBUILT_CHECK|2015-11-01|0.618849|0.574713|1.266878|1.076796|1.648410|7.073630|7.000000|0.644984|0.745609|0.944390|1.474112|0.787614|0.649139|0.441470|1.312567|1.227607|0.000000|0.660862|0.578078|0.464053|0.574713|1.170488|1.240828|0.000000|69.000000|0.734709|0.739714|9.000000|0.585015|0.800000|-0.156067|10.000000
REBUILT_CHECK|2016-05-01|0.652720|0.549885|1.382857|1.187012|1.670079|6.026931|6.000000|0.624818|0.740490|0.967177|1.463796|0.701475|0.634954|0.439713|1.334827|1.206256|0.000000|0.639115|0.583057|0.477797|0.549885|1.197286|1.241717|0.000000|63.000000|0.646660|0.649171|3.000000|0.494125|0.888889|-0.150877|9.000000
OFF_M10|2009-11-01|0.386755|0.668163|0.742916|0.578833|1.620899|7.140630|5.000000|0.692794|0.957484|1.154138|1.517444|0.878630|0.404451|0.544332|0.824981|0.792238|0.036364|0.441604|0.280341|-0.001613|0.552694|0.750579|0.808930|0.007092|141.000000|0.615093|0.440556|81.000000|0.378512|0.812500|-0.276083|16.000000
OFF_M10|2010-05-01|0.403490|0.670559|0.767727|0.601723|1.651530|7.089586|5.000000|0.698574|0.969317|1.153601|1.514077|0.866428|0.415596|0.542296|0.848190|0.815445|0.037736|0.485212|0.291764|-0.004658|0.552839|0.877673|0.859553|0.007407|135.000000|0.624339|0.435425|75.000000|0.422425|0.800000|-0.275895|15.000000
OFF_M10|2010-11-01|0.393680|0.692475|0.746525|0.568512|1.665568|7.657339|5.000000|0.695572|0.926636|1.068002|1.512084|0.892096|0.421168|0.508863|0.918706|0.846551|0.026144|0.471304|0.316660|-0.001270|0.547721|0.860482|0.823737|0.015504|129.000000|0.621956|0.424297|69.000000|0.396464|0.800000|-0.265190|15.000000
OFF_M10|2011-05-01|0.380991|0.709501|0.743291|0.536985|1.584113|7.656331|6.000000|0.668230|0.896404|1.154660|1.479747|0.887003|0.440308|0.480243|0.914047|0.911302|0.013605|0.530585|0.259579|-0.002339|0.495469|1.070873|0.958246|0.016260|123.000000|0.613636|0.407912|63.000000|0.395275|0.785714|-0.279842|14.000000
OFF_M10|2011-11-01|0.407947|0.713556|0.782815|0.571710|1.631845|7.760372|6.000000|0.668626|0.907709|1.170772|1.498612|0.899803|0.453392|0.480403|0.978356|0.918072|0.007092|0.547285|0.259523|0.076665|0.484076|1.137747|1.008446|0.000000|117.000000|0.627902|0.408838|57.000000|0.396308|0.785714|-0.286216|14.000000
OFF_M10|2012-05-01|0.463931|0.668075|0.889208|0.694429|1.660343|7.518027|6.000000|0.663329|0.839104|0.989200|1.503730|0.875936|0.485649|0.555209|0.987588|0.935651|0.000000|0.524960|0.430790|0.178371|0.555209|0.945517|0.943434|0.000000|111.000000|0.667402|0.475887|51.000000|0.407395|0.846154|-0.238423|13.000000
OFF_M10|2012-11-01|0.508706|0.655636|0.965784|0.775897|1.686225|5.636027|6.000000|0.664719|0.824093|1.013132|1.527784|0.857951|0.528418|0.574490|1.033997|1.030504|0.000000|0.554875|0.463194|0.188656|0.574490|0.980855|1.037165|0.000000|105.000000|0.666050|0.502967|45.000000|0.422160|0.846154|-0.111748|13.000000
OFF_M10|2013-05-01|0.476839|0.617373|0.922600|0.772368|1.669494|6.380131|6.000000|0.643008|0.779009|0.924189|1.484509|0.771984|0.492924|0.454613|1.087132|0.948876|0.000000|0.525631|0.456902|0.253706|0.482927|1.109104|0.972496|0.000000|99.000000|0.653969|0.489215|39.000000|0.364200|0.750000|-0.223260|12.000000
OFF_M10|2013-11-01|0.477166|0.641846|0.889377|0.743428|1.689480|7.515522|6.000000|0.657048|0.790928|0.932677|1.493726|0.818269|0.525240|0.476589|1.144802|1.044805|0.000000|0.568315|0.408571|0.132093|0.541023|1.058585|1.059331|0.000000|93.000000|0.659919|0.469661|33.000000|0.332051|0.833333|-0.235983|12.000000
OFF_M10|2014-05-01|0.479741|0.721851|0.890010|0.664598|1.678128|7.165298|6.000000|0.675306|0.982706|1.201137|1.515745|0.874583|0.528352|0.484602|1.135610|1.063163|0.000000|0.562525|0.459193|0.093178|0.554182|1.028654|1.035494|0.000000|87.000000|0.614575|0.464034|27.000000|0.422095|0.818182|-0.365068|11.000000
OFF_M10|2014-11-01|0.480786|0.798234|0.886878|0.602312|1.641906|7.560347|6.000000|0.644472|0.764426|1.021549|1.496094|0.822700|0.543239|0.478303|1.214328|1.110177|0.000000|0.585259|0.486042|0.036377|0.569476|1.065185|1.111101|0.000000|81.000000|0.668367|0.544903|21.000000|0.421982|0.727273|-0.507237|11.000000
OFF_M10|2015-05-01|0.480144|0.608950|0.969472|0.788479|1.610015|6.622033|6.000000|0.641118|0.759949|0.989868|1.496224|0.803611|0.592767|0.477653|1.207377|1.135326|0.000000|0.601419|0.489816|0.138662|0.571077|1.080211|1.155379|0.000000|75.000000|0.651131|0.558969|15.000000|0.513555|0.800000|-0.214601|10.000000
OFF_M10|2015-11-01|0.567275|0.564264|1.156680|1.005337|1.661937|6.721550|6.000000|0.644380|0.759921|0.970339|1.495480|0.821809|0.600327|0.478539|1.227416|1.144766|0.000000|0.618646|0.525691|0.431891|0.564264|1.104102|1.184209|0.000000|69.000000|0.655079|0.653206|9.000000|0.508787|0.800000|-0.212543|10.000000
OFF_M10|2016-05-01|0.668894|0.583152|1.364042|1.147032|1.672957|6.280798|6.000000|0.634524|0.760110|1.047682|1.505268|0.797529|0.603152|0.478517|1.316924|1.232853|0.000000|0.644567|0.570077|0.472406|0.583152|1.141420|1.232579|0.000000|63.000000|0.655756|0.667333|3.000000|0.616582|0.888889|-0.154444|9.000000
OFF_M11|2009-11-01|0.365027|0.669703|0.702443|0.545057|1.622370|6.575971|5.000000|0.688415|0.959657|1.154138|1.509695|0.838918|0.372399|0.461786|0.789199|0.735490|0.036364|0.405703|0.284072|0.000412|0.475534|0.824818|0.728127|0.000000|141.000000|0.594029|0.391710|81.000000|0.270140|0.812500|-0.276083|16.000000
OFF_M11|2010-05-01|0.433077|0.654713|0.834677|0.661475|1.653104|6.249809|5.000000|0.692939|0.925732|1.153601|1.508190|0.866940|0.440175|0.542296|0.868297|0.873184|0.037736|0.488719|0.354470|0.007975|0.561871|0.832014|0.862782|0.000000|135.000000|0.681683|0.458299|75.000000|0.416671|0.800000|-0.275895|15.000000
OFF_M11|2010-11-01|0.406748|0.686179|0.779265|0.592773|1.660556|6.081926|5.000000|0.693745|0.945808|1.050968|1.502567|0.861934|0.403244|0.507101|0.920156|0.848768|0.026144|0.465394|0.313562|0.004779|0.546502|0.851586|0.820516|0.000000|129.000000|0.618221|0.417602|69.000000|0.361609|0.800000|-0.268261|15.000000
OFF_M11|2011-05-01|0.366346|0.709426|0.708423|0.516398|1.584279|6.887518|6.000000|0.682092|0.926633|1.154307|1.499499|0.886168|0.387194|0.463407|0.838308|0.837635|0.020408|0.483113|0.251721|-0.007138|0.555081|0.870347|0.853183|0.016260|123.000000|0.571851|0.382794|63.000000|0.330468|0.785714|-0.279854|14.000000
OFF_M11|2011-11-01|0.394179|0.717959|0.757151|0.549027|1.632667|6.307306|6.000000|0.677149|0.953673|1.189928|1.491973|0.896707|0.419004|0.524514|0.890530|0.879408|0.021277|0.504982|0.262586|0.064103|0.544759|0.927375|0.916328|0.000000|117.000000|0.606043|0.386755|57.000000|0.303068|0.785714|-0.296873|14.000000
OFF_M11|2012-05-01|0.434040|0.704497|0.826313|0.616100|1.661313|5.934436|6.000000|0.662405|0.890487|1.109971|1.503808|0.855210|0.447633|0.541778|0.949891|0.910067|0.007407|0.522984|0.341234|0.111674|0.541778|0.966139|0.922121|0.000000|111.000000|0.637630|0.430630|51.000000|0.416722|0.846154|-0.254722|13.000000
OFF_M11|2012-11-01|0.528340|0.655636|0.998691|0.805843|1.687903|6.743946|6.000000|0.663056|0.844608|1.013132|1.517499|0.824002|0.529475|0.574901|1.052649|1.031439|0.000000|0.565969|0.464291|0.189606|0.574901|0.986294|1.035633|0.000000|105.000000|0.695112|0.512408|45.000000|0.416327|0.846154|-0.113104|13.000000
OFF_M11|2013-05-01|0.502429|0.617374|0.960970|0.813817|1.672199|6.803709|6.000000|0.659018|0.817181|0.989111|1.488743|0.792039|0.531913|0.502431|1.082538|1.014958|0.000000|0.558409|0.464784|0.221616|0.546489|1.060463|1.045524|0.000000|99.000000|0.691151|0.514397|39.000000|0.364965|0.833333|-0.228562|12.000000
OFF_M11|2013-11-01|0.442553|0.643534|0.828523|0.687691|1.690932|8.070194|6.000000|0.642006|0.796877|0.936508|1.494733|0.758333|0.446725|0.462490|1.035592|0.860700|0.000000|0.486693|0.400127|0.139271|0.462490|1.017300|0.883808|0.000000|93.000000|0.606174|0.422990|33.000000|0.302404|0.833333|-0.233594|12.000000
OFF_M11|2014-05-01|0.507034|0.719553|0.941070|0.704651|1.679638|6.464975|6.000000|0.671981|1.007947|1.189270|1.516314|0.876918|0.529024|0.481249|1.128004|1.030496|0.000000|0.575294|0.469472|0.103173|0.547385|1.056010|1.050145|0.000000|87.000000|0.649997|0.472635|27.000000|0.417262|0.818182|-0.359874|11.000000
OFF_M11|2014-11-01|0.480273|0.798271|0.885681|0.601641|1.643650|6.321866|7.000000|0.642164|0.766770|1.021521|1.492231|0.813183|0.544761|0.485298|1.217958|1.125139|0.000000|0.596462|0.486316|0.036939|0.569932|1.082803|1.121336|0.000000|81.000000|0.667370|0.532690|21.000000|0.417237|0.727273|-0.507238|11.000000
OFF_M11|2015-05-01|0.489228|0.608950|0.988339|0.803396|1.611765|6.482290|6.000000|0.640742|0.763604|0.990597|1.500249|0.816507|0.586667|0.476906|1.206910|1.103799|0.000000|0.589338|0.478367|0.143449|0.573948|1.050056|1.125077|0.000000|75.000000|0.661958|0.558020|15.000000|0.512358|0.800000|-0.218641|10.000000
OFF_M11|2015-11-01|0.554696|0.568993|1.124305|0.974873|1.662541|7.595384|6.000000|0.645041|0.762938|0.975530|1.493795|0.835486|0.609315|0.476055|1.252038|1.139094|0.000000|0.617124|0.523139|0.431313|0.568993|1.101785|1.168743|0.000000|69.000000|0.642112|0.650617|9.000000|0.509561|0.800000|-0.216146|10.000000
OFF_M11|2016-05-01|0.671009|0.580410|1.365212|1.156096|1.673584|6.393384|7.000000|0.634175|0.755977|1.031236|1.501365|0.799920|0.602524|0.478123|1.298020|1.218860|0.000000|0.640141|0.565390|0.468338|0.580410|1.131905|1.219650|0.000000|63.000000|0.657075|0.665144|3.000000|0.593877|0.888889|-0.154444|9.000000
OFF_M12|2009-11-01|0.395912|0.659648|0.770829|0.600187|1.620281|7.896761|6.000000|0.675267|0.932209|1.149570|1.492144|0.856540|0.428847|0.453702|0.935064|0.856139|0.036364|0.463706|0.291320|0.005012|0.481773|0.947212|0.842159|0.000000|141.000000|0.632148|0.449203|81.000000|0.316858|0.812500|-0.276083|16.000000
OFF_M12|2010-05-01|0.425982|0.654430|0.816260|0.650921|1.650774|7.945590|6.000000|0.688374|0.925058|1.150721|1.506496|0.855681|0.441374|0.536418|0.938845|0.890894|0.037736|0.500879|0.347227|0.005889|0.536418|0.867396|0.883085|0.000000|135.000000|0.641695|0.467029|75.000000|0.365442|0.800000|-0.275895|15.000000
OFF_M12|2010-11-01|0.374941|0.684757|0.719126|0.547554|1.662880|5.186343|6.000000|0.684050|0.956997|1.045200|1.484418|0.853354|0.394532|0.463089|0.880873|0.765707|0.026144|0.430042|0.316024|-0.002443|0.472713|0.919369|0.805789|0.015504|129.000000|0.586775|0.399930|69.000000|0.371531|0.800000|-0.260738|15.000000
OFF_M12|2011-05-01|0.409618|0.687693|0.798055|0.595641|1.592255|5.572247|6.000000|0.689456|0.850812|1.050246|1.498664|0.852491|0.444109|0.459093|0.945564|0.888455|0.013605|0.526831|0.335111|0.006026|0.536196|0.982534|0.922057|0.000000|123.000000|0.666788|0.448355|63.000000|0.324127|0.857143|-0.258169|14.000000
OFF_M12|2011-11-01|0.438234|0.687287|0.844699|0.637629|1.637956|6.296332|6.000000|0.676367|0.846439|1.049225|1.505914|0.865747|0.442609|0.535756|0.983959|0.909120|0.000000|0.503987|0.364712|0.110000|0.544381|0.925798|0.888423|0.000000|117.000000|0.666919|0.439201|57.000000|0.268289|0.857143|-0.256770|14.000000
OFF_M12|2012-05-01|0.470272|0.660908|0.905377|0.711555|1.663178|6.147595|6.000000|0.661804|0.821171|0.983819|1.487252|0.853771|0.499070|0.537714|1.030064|0.947289|0.000000|0.536375|0.426798|0.191461|0.537714|0.997511|0.962454|0.000000|111.000000|0.680092|0.482647|51.000000|0.423184|0.846154|-0.248658|13.000000
OFF_M12|2012-11-01|0.517308|0.672562|0.973950|0.769159|1.689102|6.826525|6.000000|0.664051|0.868289|1.028689|1.522045|0.849911|0.512369|0.578396|1.038336|0.999916|0.000000|0.547490|0.446674|0.175862|0.578396|0.959336|1.006973|0.000000|105.000000|0.689684|0.493556|45.000000|0.364750|0.846154|-0.119844|13.000000
OFF_M12|2013-05-01|0.472910|0.628018|0.899158|0.753020|1.674727|7.662428|6.000000|0.666636|0.831334|0.970641|1.495954|0.815180|0.490739|0.502610|1.098529|1.002752|0.000000|0.563754|0.405928|0.171755|0.540654|1.064901|1.040386|0.000000|99.000000|0.656389|0.483758|39.000000|0.367881|0.833333|-0.231588|12.000000
OFF_M12|2013-11-01|0.476959|0.644425|0.888450|0.740132|1.688899|8.038007|6.000000|0.662247|0.831546|0.946675|1.507478|0.790705|0.533813|0.458313|1.110148|1.035161|0.000000|0.587435|0.418276|0.139068|0.535591|1.104504|1.047104|0.000000|93.000000|0.653911|0.475645|33.000000|0.363404|0.833333|-0.235074|12.000000
OFF_M12|2014-05-01|0.504933|0.706160|0.940188|0.715041|1.679992|6.242692|6.000000|0.665108|0.962589|1.137033|1.509972|0.841895|0.523041|0.466518|1.127696|1.044331|0.000000|0.573240|0.473317|0.121028|0.531858|1.088447|1.029387|0.000000|87.000000|0.639558|0.476755|27.000000|0.364680|0.818182|-0.328764|11.000000
OFF_M12|2014-11-01|0.539482|0.753508|1.011478|0.715960|1.653104|6.325469|7.000000|0.625749|0.725265|1.011157|1.449978|0.680000|0.579822|0.455315|1.311173|1.192271|0.000000|0.607488|0.521840|0.200809|0.469127|1.315406|1.180037|0.000000|81.000000|0.700520|0.601421|21.000000|0.364558|0.818182|-0.462406|11.000000
OFF_M12|2015-05-01|0.471783|0.608950|0.957152|0.774748|1.610521|5.380824|6.000000|0.640516|0.759611|0.992354|1.481459|0.794399|0.562563|0.434712|1.177223|1.101367|0.000000|0.579809|0.459176|0.143089|0.574797|1.032914|1.079994|0.000000|75.000000|0.643332|0.548018|15.000000|0.526736|0.800000|-0.218641|10.000000
OFF_M12|2015-11-01|0.563438|0.568993|1.147123|0.990237|1.660973|6.884006|6.000000|0.641440|0.759923|0.975530|1.494221|0.799772|0.596526|0.447268|1.214986|1.124793|0.000000|0.602301|0.504243|0.421747|0.568993|1.095607|1.148026|0.000000|69.000000|0.650725|0.650680|9.000000|0.506179|0.800000|-0.216146|10.000000
OFF_M12|2016-05-01|0.670808|0.580410|1.368915|1.155749|1.672043|5.763170|7.000000|0.632191|0.757623|1.031236|1.493904|0.785971|0.594156|0.446610|1.296883|1.159799|0.000000|0.629944|0.551385|0.459150|0.580410|1.122320|1.183361|0.000000|63.000000|0.660006|0.664469|3.000000|0.651667|0.888889|-0.154444|9.000000
OFF_M13|2009-11-01|0.371979|0.672216|0.717504|0.553362|1.622834|6.338863|5.000000|0.686493|0.970325|1.149570|1.507596|0.834947|0.391539|0.454826|0.837124|0.764349|0.042424|0.428040|0.272702|-0.009865|0.457603|0.888091|0.768196|0.021277|141.000000|0.626514|0.407655|81.000000|0.286780|0.812500|-0.276083|16.000000
OFF_M13|2010-05-01|0.394585|0.673138|0.754656|0.586187|1.654567|7.887557|6.000000|0.692795|0.973516|1.150721|1.509608|0.844933|0.412514|0.454295|0.901611|0.784916|0.044025|0.443918|0.310302|-0.007965|0.457933|0.930911|0.798277|0.022222|135.000000|0.626041|0.412832|75.000000|0.381101|0.800000|-0.275895|15.000000
OFF_M13|2010-11-01|0.372888|0.718174|0.704645|0.519217|1.663360|6.134552|6.000000|0.675843|0.987764|1.191042|1.492121|0.860374|0.401366|0.478450|0.923004|0.852144|0.045752|0.471642|0.242699|-0.029156|0.478450|0.985772|0.835796|0.023256|129.000000|0.590769|0.385966|69.000000|0.371531|0.733333|-0.292918|15.000000
OFF_M13|2011-05-01|0.418373|0.681797|0.814830|0.613633|1.589164|6.501221|6.000000|0.676470|0.841477|1.030936|1.500676|0.847203|0.466606|0.448730|0.975762|0.905352|0.020408|0.514576|0.386828|-0.000625|0.541626|0.952792|0.910925|0.008130|123.000000|0.661965|0.464627|63.000000|0.273455|0.857143|-0.241402|14.000000
OFF_M13|2011-11-01|0.447330|0.679373|0.864847|0.658445|1.636469|5.275860|6.000000|0.675165|0.842775|1.023804|1.492727|0.849986|0.478462|0.527257|1.003365|0.913453|0.007092|0.514528|0.413863|0.098993|0.541472|0.954427|0.914451|0.000000|117.000000|0.695286|0.468789|57.000000|0.269400|0.857143|-0.239456|14.000000
OFF_M13|2012-05-01|0.451870|0.686550|0.865071|0.658174|1.652955|6.329885|6.000000|0.662246|0.863079|1.046770|1.515036|0.854922|0.456867|0.533122|1.015092|0.918340|0.014815|0.520577|0.354561|0.136516|0.533122|0.979511|0.933882|0.000000|111.000000|0.670361|0.441333|51.000000|0.381838|0.846154|-0.248575|13.000000
OFF_M13|2012-11-01|0.513264|0.644171|0.971475|0.796783|1.698577|7.999460|6.000000|0.660345|0.793310|0.949037|1.508706|0.853186|0.506807|0.539803|1.113264|1.008725|0.000000|0.561660|0.437947|0.158602|0.539803|1.040490|1.026308|0.000000|105.000000|0.675993|0.495582|45.000000|0.378476|0.923077|-0.179515|13.000000
OFF_M13|2013-05-01|0.473393|0.625297|0.902309|0.757070|1.674819|6.430169|6.000000|0.657682|0.796858|0.938672|1.485162|0.836162|0.512436|0.504813|1.084204|0.986208|0.000000|0.554669|0.402570|0.182187|0.531205|1.049627|1.011649|0.000000|99.000000|0.651154|0.478928|39.000000|0.367157|0.833333|-0.233916|12.000000
OFF_M13|2013-11-01|0.493619|0.644915|0.926079|0.765402|1.688662|6.398507|6.000000|0.664080|0.827736|0.939683|1.518237|0.800641|0.535402|0.454999|1.135058|1.054307|0.000000|0.589306|0.417639|0.138697|0.538794|1.109687|1.073896|0.000000|93.000000|0.678865|0.480185|33.000000|0.367312|0.833333|-0.232025|12.000000
OFF_M13|2014-05-01|0.517902|0.706303|0.966217|0.733258|1.679129|6.733201|6.000000|0.670907|0.966093|1.140905|1.509994|0.829219|0.528222|0.475959|1.138015|1.057288|0.000000|0.570692|0.475652|0.112939|0.533028|1.120181|1.070060|0.000000|87.000000|0.654904|0.477632|27.000000|0.381029|0.818182|-0.322221|11.000000
OFF_M13|2014-11-01|0.539324|0.764615|1.007589|0.705353|1.653690|8.453761|7.000000|0.626972|0.712264|1.011774|1.438676|0.697043|0.592092|0.458571|1.326788|1.174400|0.000000|0.621238|0.535695|0.203244|0.461131|1.347204|1.211719|0.000000|81.000000|0.705664|0.610092|21.000000|0.423039|0.818182|-0.474403|11.000000
OFF_M13|2015-05-01|0.480274|0.608950|0.969374|0.788692|1.612980|6.535894|7.000000|0.643637|0.756633|0.972345|1.489280|0.797347|0.572518|0.434712|1.214697|1.130001|0.000000|0.593148|0.482357|0.154997|0.567295|1.084040|1.118017|0.000000|75.000000|0.651086|0.559024|15.000000|0.531289|0.800000|-0.218641|10.000000
OFF_M13|2015-11-01|0.572242|0.566941|1.165961|1.009350|1.661975|6.767013|7.000000|0.644959|0.758092|0.971383|1.494133|0.810030|0.609313|0.435082|1.255830|1.128834|0.000000|0.615742|0.517674|0.426334|0.566941|1.106759|1.167157|0.000000|69.000000|0.661017|0.658326|9.000000|0.530181|0.800000|-0.216146|10.000000
OFF_M13|2016-05-01|0.657738|0.578626|1.344110|1.136724|1.673010|6.475301|7.000000|0.635577|0.755166|1.027576|1.500064|0.783579|0.591198|0.425051|1.305828|1.159864|0.000000|0.624433|0.551872|0.459552|0.578626|1.132824|1.187264|0.000000|63.000000|0.644185|0.650553|3.000000|0.621550|0.888889|-0.154444|9.000000
OFF_M14|2009-11-01|0.420267|0.668878|0.815194|0.628316|1.619998|5.918560|5.000000|0.688226|0.964629|1.149435|1.503981|0.859270|0.450437|0.528332|0.944601|0.914725|0.042424|0.486556|0.280670|-0.007725|0.528332|0.871750|0.872197|0.014184|141.000000|0.720075|0.460259|81.000000|0.325705|0.812500|-0.276083|16.000000
OFF_M14|2010-05-01|0.413383|0.648853|0.796059|0.637099|1.655249|4.631070|6.000000|0.683650|0.921120|1.149684|1.498554|0.866684|0.449212|0.532023|0.929579|0.886731|0.037736|0.478871|0.349681|0.005692|0.532023|0.870582|0.869166|0.000000|135.000000|0.642356|0.454101|75.000000|0.440949|0.800000|-0.275895|15.000000
OFF_M14|2010-11-01|0.362155|0.715434|0.686076|0.506202|1.662778|4.968028|6.000000|0.680474|0.982887|1.179273|1.494906|0.898856|0.393480|0.491351|0.870471|0.788083|0.039216|0.443464|0.245607|-0.030028|0.491351|0.902541|0.803003|0.023256|129.000000|0.575538|0.375531|69.000000|0.374633|0.733333|-0.289706|15.000000
OFF_M14|2011-05-01|0.362142|0.718748|0.694236|0.503851|1.586904|5.743994|6.000000|0.675455|0.949744|1.192771|1.497677|0.863067|0.414170|0.446109|0.940532|0.910327|0.027211|0.533134|0.235162|-0.030540|0.541813|0.983981|0.942291|0.016260|123.000000|0.592268|0.389580|63.000000|0.385017|0.785714|-0.296790|14.000000
OFF_M14|2011-11-01|0.433872|0.660724|0.834621|0.656661|1.642069|5.308081|6.000000|0.677083|0.829339|0.983651|1.503977|0.860400|0.472193|0.505183|0.978105|0.911212|0.000000|0.523581|0.407000|0.109120|0.532682|0.988253|0.922800|0.000000|117.000000|0.661793|0.462070|57.000000|0.321617|0.857143|-0.248312|14.000000
OFF_M14|2012-05-01|0.472563|0.681872|0.904747|0.693038|1.661798|5.429152|6.000000|0.659115|0.845222|1.032345|1.502385|0.828152|0.519428|0.534264|1.018365|0.958510|0.007407|0.546700|0.434117|0.193638|0.534264|1.027798|0.973233|0.000000|111.000000|0.697987|0.490677|51.000000|0.425456|0.846154|-0.239553|13.000000
OFF_M14|2012-11-01|0.516314|0.645951|0.977542|0.799308|1.700649|5.348436|6.000000|0.657836|0.785230|0.944847|1.515065|0.856462|0.530617|0.537889|1.132467|1.066780|0.000000|0.587948|0.441209|0.154984|0.537889|1.093066|1.062385|0.000000|105.000000|0.681206|0.511125|45.000000|0.441093|0.923077|-0.178903|13.000000
OFF_M14|2013-05-01|0.481824|0.632638|0.930074|0.761611|1.667786|6.418812|6.000000|0.654946|0.787449|0.926027|1.460092|0.816415|0.519989|0.494992|1.112839|1.008743|0.000000|0.551885|0.419802|0.187282|0.522264|1.059166|1.005643|0.000000|99.000000|0.664398|0.477314|39.000000|0.386278|0.833333|-0.115035|12.000000
OFF_M14|2013-11-01|0.459847|0.643351|0.859554|0.714768|1.679936|5.791212|6.000000|0.650365|0.776319|0.935005|1.486865|0.787821|0.522825|0.468214|1.137339|1.018556|0.000000|0.546696|0.430052|0.170615|0.522353|1.055371|0.990953|0.000000|93.000000|0.631613|0.468331|33.000000|0.340807|0.833333|-0.238725|12.000000
OFF_M14|2014-05-01|0.485764|0.707250|0.918352|0.686834|1.666055|6.536178|6.000000|0.663160|0.969570|1.144909|1.488511|0.823549|0.515729|0.439813|1.153571|1.017694|0.000000|0.541200|0.451170|0.122065|0.520901|1.062303|0.990553|0.000000|87.000000|0.614136|0.461398|27.000000|0.379656|0.818182|-0.325986|11.000000
OFF_M14|2014-11-01|0.511536|0.783763|0.952832|0.652667|1.652089|6.134610|6.000000|0.647884|0.773376|1.056097|1.495628|0.813217|0.591022|0.431513|1.216162|1.147105|0.000000|0.610360|0.509409|0.042030|0.584214|1.047430|1.108917|0.000000|81.000000|0.702724|0.560713|21.000000|0.424327|0.727273|-0.487361|11.000000
OFF_M14|2015-05-01|0.500221|0.608950|1.017136|0.821449|1.612305|5.307297|6.000000|0.639665|0.757804|0.985757|1.485704|0.811349|0.603476|0.435832|1.227226|1.141903|0.000000|0.600930|0.488822|0.144414|0.570992|1.074001|1.152708|0.000000|75.000000|0.679124|0.574423|15.000000|0.580290|0.800000|-0.218641|10.000000
OFF_M14|2015-11-01|0.591072|0.570661|1.205117|1.035768|1.661077|6.027484|7.000000|0.644696|0.764043|0.984940|1.497126|0.838526|0.629998|0.471594|1.260145|1.164380|0.000000|0.631995|0.546380|0.444947|0.570661|1.125429|1.225332|0.000000|69.000000|0.682027|0.673331|9.000000|0.548139|0.800000|-0.216146|10.000000
OFF_M14|2016-05-01|0.684604|0.581695|1.400552|1.176911|1.672347|5.996574|7.000000|0.632408|0.754805|1.035115|1.478647|0.789159|0.602339|0.449056|1.308056|1.218282|0.000000|0.650400|0.574963|0.469944|0.581695|1.139912|1.245034|0.000000|63.000000|0.671158|0.679248|3.000000|0.673408|0.888889|-0.154444|9.000000
OFF|2009-11-01|0.380978|0.660613|0.740667|0.576704|1.605413|5.594260|5.000000|0.672836|0.947206|1.149435|1.509112|0.844875|0.415142|0.529357|0.925629|0.847934|0.036364|0.457942|0.276050|-0.002624|0.529357|0.794781|0.852977|0.007092|141.000000|0.624892|0.432905|81.000000|0.374901|0.812500|-0.276083|16.000000
OFF|2010-05-01|0.429027|0.652302|0.825733|0.657713|1.654988|4.740150|6.000000|0.684557|0.928176|1.149684|1.505701|0.856448|0.453722|0.542296|0.956408|0.923258|0.037736|0.505555|0.348049|0.003485|0.549002|0.892009|0.878186|0.000000|135.000000|0.682350|0.470723|75.000000|0.465615|0.800000|-0.275895|15.000000
OFF|2010-11-01|0.385670|0.693265|0.730473|0.556310|1.660374|5.536069|6.000000|0.675788|0.968830|1.117317|1.525170|0.833853|0.417760|0.496254|0.945419|0.871427|0.039216|0.488064|0.309689|-0.020184|0.529977|0.920916|0.835547|0.023256|129.000000|0.609202|0.424238|69.000000|0.374633|0.800000|-0.268140|15.000000
OFF|2011-05-01|0.415445|0.659888|0.805752|0.629569|1.595332|5.623877|6.000000|0.663959|0.829350|0.980716|1.505922|0.819371|0.493375|0.447807|0.999182|0.917931|0.020408|0.546842|0.395516|0.002716|0.534673|1.027804|0.957294|0.000000|123.000000|0.653444|0.478011|63.000000|0.359597|0.857143|-0.235964|14.000000
OFF|2011-11-01|0.429375|0.656222|0.831694|0.654314|1.626346|5.844911|6.000000|0.666749|0.817169|1.011631|1.498075|0.811990|0.468950|0.504119|1.023270|0.925219|0.000000|0.529430|0.372809|0.108087|0.522407|1.018462|0.960141|0.000000|117.000000|0.653330|0.447147|57.000000|0.368372|0.857143|-0.204813|14.000000
OFF|2012-05-01|0.479715|0.663665|0.915281|0.722828|1.664978|4.641131|6.000000|0.657965|0.823303|0.998270|1.502102|0.794761|0.535756|0.532916|1.075020|1.001546|0.000000|0.557347|0.454401|0.198293|0.532916|1.050520|0.991877|0.000000|111.000000|0.709136|0.508640|51.000000|0.465732|0.846154|-0.236804|13.000000
OFF|2012-11-01|0.512466|0.639697|0.978090|0.801107|1.696810|5.539988|6.000000|0.653639|0.781485|0.934535|1.491897|0.840381|0.512711|0.541953|1.124561|1.049613|0.000000|0.566028|0.422426|0.153167|0.541953|1.044422|1.002335|0.000000|105.000000|0.671592|0.498834|45.000000|0.462519|0.923077|-0.183513|13.000000
OFF|2013-05-01|0.475842|0.619358|0.920578|0.768284|1.668952|4.984287|6.000000|0.646691|0.777475|0.890531|1.472728|0.803456|0.532820|0.490362|1.106405|1.012009|0.000000|0.547543|0.432410|0.196749|0.522015|1.062028|0.996151|0.000000|99.000000|0.646787|0.488797|39.000000|0.413082|0.833333|-0.111383|12.000000
OFF|2013-11-01|0.473603|0.641470|0.893256|0.738309|1.676788|4.429285|6.000000|0.643516|0.769364|0.933517|1.492360|0.774679|0.545946|0.444047|1.210227|1.059453|0.000000|0.568121|0.438719|0.178908|0.524699|1.083557|1.035376|0.000000|93.000000|0.654211|0.488716|33.000000|0.371805|0.833333|-0.241180|12.000000
OFF|2014-05-01|0.488253|0.709342|0.916460|0.688318|1.668218|5.698428|6.000000|0.653359|0.979232|1.156096|1.501379|0.800867|0.539474|0.441204|1.223418|1.061912|0.000000|0.548027|0.459760|0.117848|0.521401|1.077961|1.039209|0.000000|87.000000|0.616874|0.474784|27.000000|0.466119|0.818182|-0.320098|11.000000
OFF|2014-11-01|0.496321|0.784676|0.920307|0.632517|1.652984|5.613213|7.000000|0.638235|0.761699|1.055894|1.505387|0.775652|0.605411|0.437024|1.287484|1.234993|0.000000|0.647356|0.550842|0.045052|0.584371|1.142580|1.206305|0.000000|81.000000|0.683804|0.561885|21.000000|0.465289|0.727273|-0.489927|11.000000
OFF|2015-05-01|0.524523|0.609669|1.060950|0.860341|1.613277|6.218008|7.000000|0.640281|0.748377|0.924593|1.471032|0.800663|0.627778|0.430967|1.372884|1.235476|0.000000|0.650742|0.549612|0.210342|0.529846|1.273074|1.221124|0.000000|75.000000|0.707330|0.608292|15.000000|0.585783|0.800000|-0.202475|10.000000
OFF|2015-11-01|0.572592|0.572008|1.172179|1.001021|1.661287|6.973607|7.000000|0.641432|0.763818|0.987788|1.480291|0.806991|0.617402|0.435051|1.251372|1.174779|0.000000|0.626679|0.539747|0.430880|0.572008|1.114350|1.218773|0.000000|69.000000|0.661252|0.669753|9.000000|0.578309|0.800000|-0.215975|10.000000
OFF|2016-05-01|0.663972|0.581902|1.358234|1.141037|1.673651|5.348298|7.000000|0.629569|0.762998|1.035628|1.501392|0.756078|0.605615|0.433760|1.320223|1.236849|0.000000|0.644394|0.586057|0.473786|0.581902|1.167854|1.253349|0.000000|63.000000|0.649945|0.658078|3.000000|0.682173|0.888889|-0.154444|9.000000
OFF_M16|2009-11-01|0.398692|0.659442|0.767378|0.604590|1.632513|4.487037|5.000000|0.688616|0.926383|1.149556|1.506597|0.864483|0.445805|0.511904|0.929428|0.868093|0.036364|0.489431|0.303120|0.007980|0.511904|0.922784|0.861399|0.000000|141.000000|0.613351|0.467179|81.000000|0.383597|0.812500|-0.276083|16.000000
OFF_M16|2010-05-01|0.434506|0.658978|0.826837|0.659364|1.653552|6.334390|5.000000|0.696221|0.961923|1.149513|1.520925|0.856960|0.471858|0.544248|0.972079|0.903039|0.037736|0.505300|0.368008|0.009049|0.581497|0.841402|0.910956|0.000000|135.000000|0.683856|0.468046|75.000000|0.379879|0.800000|-0.275895|15.000000
OFF_M16|2010-11-01|0.392913|0.693730|0.747864|0.566377|1.658089|5.708529|6.000000|0.687632|0.969128|1.127322|1.512245|0.844254|0.402024|0.494285|0.938854|0.858396|0.045752|0.467028|0.301142|-0.023625|0.528005|0.884514|0.810519|0.023256|129.000000|0.593105|0.404568|69.000000|0.374633|0.800000|-0.270113|15.000000
OFF_M16|2011-05-01|0.386611|0.682011|0.752503|0.566869|1.584189|4.482867|6.000000|0.664537|0.859925|1.031954|1.503769|0.819649|0.430863|0.442020|0.987415|0.893599|0.027211|0.501330|0.315148|-0.007463|0.534815|0.937389|0.935145|0.016260|123.000000|0.609309|0.428575|63.000000|0.374151|0.857143|-0.247042|14.000000
OFF_M16|2011-11-01|0.443271|0.657922|0.846557|0.673744|1.643603|5.183280|6.000000|0.667680|0.839765|0.987628|1.509527|0.828314|0.495020|0.505766|0.979165|0.911568|0.007092|0.539486|0.417012|0.101517|0.535291|1.012438|0.942518|0.000000|117.000000|0.681958|0.477710|57.000000|0.358723|0.857143|-0.230455|14.000000
OFF_M16|2012-05-01|0.480127|0.659970|0.914524|0.727499|1.666024|5.541271|6.000000|0.659261|0.823063|0.990146|1.508770|0.803109|0.529323|0.535548|1.018035|0.972581|0.007407|0.540257|0.448687|0.197689|0.535548|1.017522|0.975388|0.000000|111.000000|0.707293|0.503934|51.000000|0.465168|0.846154|-0.235554|13.000000
OFF_M16|2012-11-01|0.504804|0.640384|0.957615|0.788282|1.695747|6.933735|6.000000|0.660127|0.802569|0.982593|1.490850|0.832936|0.499184|0.556305|1.106002|1.035043|0.000000|0.560108|0.416131|0.142693|0.556305|1.006838|0.991987|0.000000|105.000000|0.658485|0.494070|45.000000|0.462448|0.923077|-0.197531|13.000000
OFF_M16|2013-05-01|0.470945|0.625403|0.908995|0.753027|1.669259|5.076392|6.000000|0.644201|0.776980|0.906435|1.469506|0.798828|0.531528|0.493062|1.103175|1.025231|0.000000|0.547743|0.427047|0.188947|0.523207|1.053834|0.995789|0.000000|99.000000|0.637369|0.485457|39.000000|0.417950|0.833333|-0.114093|12.000000
OFF_M16|2013-11-01|0.461935|0.641526|0.864412|0.720057|1.678040|5.503443|6.000000|0.645308|0.769809|0.933820|1.501447|0.768910|0.543262|0.468171|1.151560|1.038527|0.000000|0.569323|0.439186|0.179408|0.525635|1.084832|1.036048|0.000000|93.000000|0.634789|0.481618|33.000000|0.371699|0.833333|-0.241489|12.000000
OFF_M16|2014-05-01|0.500934|0.710478|0.942284|0.705067|1.668935|6.834961|6.000000|0.653081|0.989499|1.162562|1.483446|0.794863|0.537451|0.441496|1.221646|1.067852|0.000000|0.548965|0.459338|0.113634|0.521634|1.062214|1.043551|0.000000|87.000000|0.635666|0.473262|27.000000|0.465976|0.818182|-0.327111|11.000000
OFF_M16|2014-11-01|0.511930|0.786070|0.954180|0.651253|1.653655|4.954598|7.000000|0.638631|0.759880|1.058792|1.486022|0.773565|0.603608|0.435143|1.282905|1.230636|0.000000|0.646781|0.549574|0.042842|0.585598|1.135709|1.202703|0.000000|81.000000|0.705549|0.571223|21.000000|0.465224|0.727273|-0.489881|11.000000
OFF_M16|2015-05-01|0.517487|0.609669|1.053696|0.848799|1.614201|4.649644|7.000000|0.641449|0.748377|0.924593|1.458578|0.781503|0.630546|0.430967|1.372884|1.245018|0.000000|0.650742|0.548998|0.210342|0.529846|1.273074|1.224545|0.000000|75.000000|0.701954|0.606343|15.000000|0.607616|0.800000|-0.202475|10.000000
OFF_M16|2015-11-01|0.596578|0.573481|1.226418|1.040275|1.662104|5.863417|7.000000|0.639585|0.764528|0.990854|1.485872|0.804331|0.619158|0.435051|1.250865|1.174890|0.000000|0.623121|0.541532|0.427893|0.573481|1.105403|1.209988|0.000000|69.000000|0.688668|0.676371|9.000000|0.595281|0.800000|-0.215975|10.000000
OFF_M16|2016-05-01|0.685146|0.553295|1.412941|1.238300|1.673801|5.000511|7.000000|0.633757|0.738450|0.979466|1.473731|0.781985|0.604499|0.434611|1.387471|1.224882|0.000000|0.649909|0.585389|0.473873|0.553295|1.223747|1.239376|0.000000|63.000000|0.675265|0.679509|3.000000|0.740209|0.888889|-0.150254|9.000000
OFF_M17|2009-11-01|0.411402|0.651951|0.804605|0.631032|1.622338|4.957594|5.000000|0.678687|0.914461|1.153317|1.482682|0.830727|0.477672|0.504846|0.977318|0.943462|0.036364|0.517164|0.327437|0.013071|0.504846|0.980477|0.924815|0.000000|141.000000|0.653058|0.481765|81.000000|0.414433|0.812500|-0.276083|16.000000
OFF_M17|2010-05-01|0.388343|0.679612|0.746502|0.571418|1.646370|6.035377|6.000000|0.678872|0.983883|1.153741|1.492687|0.793501|0.392816|0.527218|0.906428|0.820175|0.044025|0.459353|0.295140|-0.004988|0.527218|0.871276|0.851753|0.007407|135.000000|0.616626|0.433487|75.000000|0.395446|0.800000|-0.275895|15.000000
OFF_M17|2010-11-01|0.358841|0.709868|0.681694|0.505504|1.665810|4.855954|6.000000|0.671362|0.988933|1.156889|1.512753|0.850234|0.397349|0.468356|0.873833|0.863212|0.045752|0.465860|0.245178|-0.034777|0.468356|0.994671|0.835719|0.038760|129.000000|0.584338|0.384300|69.000000|0.374633|0.733333|-0.282497|15.000000
OFF_M17|2011-05-01|0.415517|0.667683|0.811890|0.622326|1.597339|4.773407|6.000000|0.676014|0.851668|0.997679|1.497697|0.840802|0.481093|0.462310|1.015759|0.940612|0.020408|0.531045|0.367257|0.002549|0.534567|0.993411|0.958798|0.000000|123.000000|0.678459|0.466933|63.000000|0.350736|0.857143|-0.254832|14.000000
OFF_M17|2011-11-01|0.450336|0.653564|0.868241|0.689047|1.645139|5.338128|6.000000|0.677338|0.835872|0.979368|1.496644|0.868280|0.490962|0.502726|0.973367|0.931827|0.007092|0.522658|0.406295|0.108060|0.550387|0.949619|0.915456|0.000000|117.000000|0.691111|0.469593|57.000000|0.332448|0.857143|-0.242896|14.000000
OFF_M17|2012-05-01|0.483354|0.659714|0.924218|0.732672|1.666241|5.334797|6.000000|0.660777|0.822882|0.989142|1.503695|0.803109|0.536746|0.535552|1.068743|1.005614|0.000000|0.555043|0.449386|0.198508|0.535552|1.041376|0.988066|0.000000|111.000000|0.711931|0.510434|51.000000|0.457978|0.846154|-0.235670|13.000000
OFF_M17|2012-11-01|0.521675|0.646206|0.990230|0.807288|1.700031|5.485074|7.000000|0.660526|0.816196|0.983773|1.495450|0.830852|0.517816|0.538916|1.158018|1.068994|0.000000|0.592292|0.423010|0.147594|0.538916|1.099045|1.037721|0.000000|105.000000|0.686180|0.506127|45.000000|0.457723|0.846154|-0.186546|13.000000
OFF_M17|2013-05-01|0.491988|0.627437|0.946816|0.784124|1.679549|5.203876|7.000000|0.652229|0.803463|0.929074|1.464837|0.791422|0.540224|0.506287|1.145397|1.098486|0.000000|0.572628|0.408075|0.173354|0.532382|1.079759|1.017471|0.000000|99.000000|0.668343|0.490540|39.000000|0.422721|0.833333|-0.231975|12.000000
OFF_M17|2013-11-01|0.459017|0.632258|0.870048|0.725995|1.675371|5.044885|6.000000|0.644392|0.754139|0.909100|1.466022|0.779487|0.498835|0.444427|1.194874|0.980565|0.000000|0.520159|0.433985|0.186071|0.464537|1.119736|0.972703|0.000000|93.000000|0.625994|0.465826|33.000000|0.372562|0.833333|-0.210436|12.000000
OFF_M17|2014-05-01|0.481010|0.710168|0.916003|0.677319|1.669609|5.054880|7.000000|0.650908|0.988463|1.161358|1.476608|0.769179|0.509155|0.452079|1.133654|1.031650|0.000000|0.531430|0.455538|0.113049|0.523646|1.034427|0.997278|0.000000|87.000000|0.606306|0.461190|27.000000|0.353454|0.818182|-0.325774|11.000000
OFF_M17|2014-11-01|0.532504|0.764949|1.000127|0.696130|1.657897|4.801891|7.000000|0.635418|0.744631|1.005233|1.453103|0.725913|0.604593|0.442072|1.384806|1.176215|0.000000|0.619760|0.543470|0.145110|0.511745|1.238808|1.171238|0.000000|81.000000|0.692642|0.590191|21.000000|0.395693|0.818182|-0.476015|11.000000
OFF_M17|2015-05-01|0.503171|0.609669|1.019555|0.825318|1.613108|4.921066|7.000000|0.646158|0.756424|0.924563|1.458293|0.811717|0.572558|0.434452|1.303563|1.180251|0.000000|0.612286|0.521610|0.210359|0.529829|1.225173|1.166935|0.000000|75.000000|0.683629|0.584998|15.000000|0.519808|0.800000|-0.202475|10.000000
OFF_M17|2015-11-01|0.600188|0.573481|1.229128|1.046571|1.662567|6.359857|7.000000|0.641274|0.764528|0.990854|1.480680|0.775836|0.625560|0.435892|1.250456|1.184764|0.000000|0.629320|0.543033|0.432892|0.573481|1.113634|1.212060|0.000000|69.000000|0.694098|0.689792|9.000000|0.584940|0.800000|-0.215975|10.000000
OFF_M17|2016-05-01|0.666884|0.581649|1.363926|1.146539|1.668803|4.745886|7.000000|0.634713|0.778381|1.028794|1.479240|0.784376|0.587805|0.442997|1.260712|1.198352|0.000000|0.649196|0.575152|0.455479|0.581649|1.138973|1.212908|0.000000|63.000000|0.656735|0.660522|3.000000|0.698230|0.888889|-0.207312|9.000000
OFF_M18|2009-11-01|0.388811|0.645929|0.758838|0.601941|1.617102|5.001387|6.000000|0.682546|0.920848|1.155748|1.474332|0.858526|0.401015|0.533819|0.926525|0.829630|0.036364|0.433926|0.270616|0.005393|0.533819|0.711519|0.790322|0.000000|141.000000|0.603281|0.422617|81.000000|0.342102|0.812500|-0.276083|16.000000
OFF_M18|2010-05-01|0.401733|0.651059|0.777430|0.617046|1.643169|4.796065|6.000000|0.684672|0.922464|1.155712|1.473627|0.814739|0.418212|0.539826|0.912687|0.834789|0.037736|0.478120|0.322028|0.007967|0.539826|0.804586|0.850350|0.000000|135.000000|0.632095|0.433062|75.000000|0.374570|0.800000|-0.275895|15.000000
OFF_M18|2010-11-01|0.334206|0.709779|0.634520|0.470859|1.654904|4.933967|6.000000|0.680924|0.988933|1.156723|1.498982|0.880135|0.390925|0.470432|0.858474|0.785279|0.045752|0.412039|0.248309|-0.034609|0.470432|0.875874|0.730773|0.038760|129.000000|0.493971|0.353089|69.000000|0.374633|0.733333|-0.282030|15.000000
OFF_M18|2011-05-01|0.403603|0.667784|0.786621|0.604391|1.595718|4.797714|6.000000|0.681542|0.851234|0.997612|1.491824|0.870582|0.448257|0.461219|0.943372|0.885145|0.020408|0.503516|0.370814|0.002201|0.532713|0.947008|0.886865|0.000000|123.000000|0.643932|0.449465|63.000000|0.293411|0.857143|-0.252077|14.000000
OFF_M18|2011-11-01|0.450813|0.653538|0.868690|0.689804|1.645322|5.037370|6.000000|0.669351|0.833687|0.979210|1.493687|0.855052|0.493073|0.501243|0.993647|0.925731|0.007092|0.533772|0.406281|0.108069|0.539354|0.989649|0.932613|0.000000|117.000000|0.692459|0.471332|57.000000|0.341358|0.857143|-0.240035|14.000000
OFF_M18|2012-05-01|0.480527|0.651155|0.916414|0.737961|1.668453|5.341297|6.000000|0.661336|0.811892|0.973887|1.493164|0.845423|0.521668|0.531713|1.058922|0.977114|0.000000|0.558674|0.430551|0.202895|0.531713|1.050705|0.989566|0.000000|111.000000|0.702738|0.507389|51.000000|0.455996|0.846154|-0.238979|13.000000
OFF_M18|2012-11-01|0.510288|0.638911|0.972657|0.798684|1.698006|4.859942|7.000000|0.656792|0.782806|0.917726|1.469691|0.822513|0.509927|0.540133|1.145271|1.067392|0.000000|0.581213|0.423965|0.155419|0.540133|1.076056|1.017964|0.000000|105.000000|0.662189|0.507162|45.000000|0.453401|0.923077|-0.186603|13.000000
OFF_M18|2013-05-01|0.466127|0.652534|0.901142|0.714335|1.675466|5.020397|7.000000|0.645979|0.838321|0.997737|1.439279|0.828448|0.506174|0.517477|1.090610|1.014851|0.000000|0.564842|0.343612|0.114137|0.524918|1.078050|1.047394|0.000000|99.000000|0.641774|0.453193|39.000000|0.419192|0.750000|-0.220973|12.000000
OFF_M18|2013-11-01|0.500679|0.635689|0.950634|0.787616|1.676595|5.137121|6.000000|0.647452|0.757610|0.917663|1.480885|0.760256|0.558326|0.445236|1.242024|1.099069|0.000000|0.583445|0.443792|0.183138|0.525683|1.111592|1.059510|0.000000|93.000000|0.683570|0.496730|33.000000|0.368826|0.833333|-0.218724|12.000000
OFF_M18|2014-05-01|0.480579|0.715705|0.907041|0.671477|1.667415|4.550664|7.000000|0.669666|1.008317|1.187310|1.474815|0.805871|0.500662|0.447049|1.118006|1.017027|0.000000|0.539663|0.451099|0.108792|0.522185|1.049187|0.979219|0.000000|87.000000|0.610908|0.456372|27.000000|0.369599|0.818182|-0.335860|11.000000
OFF_M18|2014-11-01|0.565711|0.764418|1.061522|0.740055|1.659739|6.343070|7.000000|0.629055|0.726993|1.005233|1.466405|0.717565|0.653762|0.439770|1.477117|1.299508|0.000000|0.682364|0.599593|0.164952|0.537353|1.309528|1.288694|0.000000|81.000000|0.738229|0.639885|21.000000|0.453535|0.818182|-0.475608|11.000000
OFF_M18|2015-05-01|0.505611|0.608578|1.021773|0.830808|1.613012|4.680899|7.000000|0.647873|0.745919|0.910889|1.441984|0.806190|0.596020|0.439723|1.338428|1.220913|0.000000|0.632699|0.539356|0.215805|0.521018|1.279700|1.196854|0.000000|75.000000|0.687399|0.592018|15.000000|0.508639|0.800000|-0.203009|10.000000
OFF_M18|2015-11-01|0.576344|0.585469|1.176908|0.984414|1.662610|4.365632|7.000000|0.645682|0.791730|1.059706|1.469620|0.823708|0.631566|0.437270|1.282188|1.227124|0.000000|0.643091|0.573194|0.460950|0.585469|1.143424|1.245251|0.000000|69.000000|0.668784|0.648248|9.000000|0.591409|0.800000|-0.212559|10.000000
OFF_M18|2016-05-01|0.659879|0.581521|1.348401|1.134747|1.669359|5.040837|7.000000|0.632242|0.777762|1.028595|1.484751|0.791949|0.588397|0.444724|1.257685|1.197988|0.000000|0.638481|0.570720|0.456878|0.581521|1.135791|1.219914|0.000000|63.000000|0.646562|0.653261|3.000000|0.626634|0.888889|-0.202848|9.000000
OFF_M19|2009-11-01|0.333723|0.664144|0.646622|0.502487|1.615340|5.412687|6.000000|0.681233|0.937940|1.155748|1.461207|0.850087|0.378869|0.464360|0.827737|0.731041|0.036364|0.395797|0.274053|-0.001883|0.464360|0.777032|0.738595|0.007092|141.000000|0.522159|0.377223|81.000000|0.286570|0.812500|-0.276083|16.000000
OFF_M19|2010-05-01|0.393567|0.663065|0.758756|0.593557|1.644561|4.910045|6.000000|0.667644|0.937401|1.155712|1.491164|0.842119|0.426794|0.528341|0.944352|0.877038|0.037736|0.473002|0.300471|-0.003092|0.528341|0.895258|0.851390|0.007407|135.000000|0.614876|0.436277|75.000000|0.455960|0.800000|-0.275895|15.000000
OFF_M19|2010-11-01|0.329809|0.715992|0.617194|0.460632|1.670597|5.289482|6.000000|0.688303|0.995230|1.181842|1.508466|0.852054|0.376238|0.457963|0.833471|0.803694|0.045752|0.403373|0.240111|-0.038410|0.499219|0.817470|0.716755|0.038760|129.000000|0.487203|0.349160|69.000000|0.374633|0.733333|-0.293139|15.000000
OFF_M19|2011-05-01|0.403843|0.680611|0.778910|0.593353|1.595058|6.109880|6.000000|0.679689|0.862166|1.027616|1.512767|0.828277|0.469716|0.458999|1.009886|0.913547|0.027211|0.557428|0.371759|-0.006083|0.527616|1.059728|0.998521|0.016260|123.000000|0.623207|0.477787|63.000000|0.386740|0.857143|-0.242742|14.000000
OFF_M19|2011-11-01|0.404522|0.653863|0.776681|0.618665|1.647717|4.777515|6.000000|0.671383|0.833504|0.981163|1.492161|0.846046|0.454764|0.464602|0.958647|0.876759|0.007092|0.483834|0.408346|0.107653|0.464602|1.029109|0.863379|0.000000|117.000000|0.614116|0.449792|57.000000|0.279271|0.857143|-0.236384|14.000000
OFF_M19|2012-05-01|0.470747|0.655134|0.887432|0.718551|1.669046|6.634691|7.000000|0.665162|0.829883|0.983994|1.506203|0.800518|0.542154|0.536541|1.063747|1.070233|0.000000|0.598297|0.445257|0.201241|0.536541|1.127480|1.064609|0.000000|111.000000|0.689268|0.519852|51.000000|0.461198|0.846154|-0.237533|13.000000
OFF_M19|2012-11-01|0.496164|0.640195|0.944944|0.775019|1.697561|4.960621|7.000000|0.665615|0.778518|0.977470|1.459955|0.802561|0.492449|0.549827|1.032238|0.978788|0.000000|0.546033|0.419150|0.145959|0.549827|0.993101|0.986138|0.000000|105.000000|0.641253|0.482978|45.000000|0.374969|0.923077|-0.199301|13.000000
OFF_M19|2013-05-01|0.480127|0.616503|0.932757|0.778791|1.679001|4.732689|7.000000|0.665705|0.801531|0.940550|1.457533|0.785560|0.504254|0.502142|1.089315|1.024104|0.000000|0.568291|0.426330|0.182840|0.534952|1.070573|1.020441|0.000000|99.000000|0.638778|0.491868|39.000000|0.376879|0.916667|-0.225039|12.000000
OFF_M19|2013-11-01|0.468069|0.633822|0.866631|0.738487|1.691477|6.437000|7.000000|0.648572|0.777445|0.943197|1.483000|0.750962|0.545335|0.480224|1.143927|1.103376|0.000000|0.591559|0.430576|0.148215|0.533906|1.112584|1.047013|0.000000|93.000000|0.631445|0.491280|33.000000|0.400552|0.833333|-0.243616|12.000000
OFF_M19|2014-05-01|0.477464|0.714559|0.896303|0.668195|1.670258|4.427466|7.000000|0.641607|1.011010|1.184149|1.474424|0.802535|0.537289|0.467920|1.178251|1.040919|0.000000|0.546163|0.458746|0.103763|0.523333|1.051627|1.030324|0.000000|87.000000|0.606100|0.471392|27.000000|0.460946|0.818182|-0.337621|11.000000
OFF_M19|2014-11-01|0.448749|0.763619|0.849801|0.587660|1.665907|5.010181|7.000000|0.624971|0.724033|1.005233|1.435000|0.675130|0.488974|0.460150|1.078295|0.906943|0.000000|0.478049|0.392601|0.201143|0.460150|1.038898|0.903012|0.000000|81.000000|0.585744|0.498268|21.000000|0.372938|0.818182|-0.474895|11.000000
OFF_M19|2015-05-01|0.512373|0.608758|1.035652|0.841668|1.616028|4.616492|7.000000|0.648285|0.746533|0.924976|1.464248|0.812085|0.630876|0.458773|1.410970|1.292575|0.000000|0.660001|0.574669|0.208709|0.530021|1.294406|1.251815|0.000000|75.000000|0.695030|0.603343|15.000000|0.534621|0.800000|-0.197323|10.000000
OFF_M19|2015-11-01|0.564598|0.585264|1.143222|0.964691|1.666337|5.349068|7.000000|0.633836|0.790958|1.058927|1.465143|0.744681|0.602928|0.493070|1.241421|1.213060|0.000000|0.639267|0.561495|0.485091|0.585264|1.143910|1.201596|0.000000|69.000000|0.650742|0.636420|9.000000|0.411056|0.800000|-0.197165|10.000000
OFF_M19|2016-05-01|0.632511|0.581521|1.263580|1.087684|1.672357|6.634735|7.000000|0.621164|0.777762|1.028595|1.476539|0.709845|0.588397|0.486436|1.242870|1.185791|0.000000|0.635711|0.568933|0.473799|0.581521|1.149225|1.198288|0.000000|63.000000|0.618076|0.629430|3.000000|0.506289|0.888889|-0.202848|9.000000
OFF_M20|2009-11-01|0.385611|0.658052|0.746206|0.585989|1.625016|5.027146|6.000000|0.668211|0.926094|1.155748|1.484082|0.789526|0.399216|0.533644|0.846852|0.813514|0.036364|0.446559|0.274293|0.002778|0.533644|0.717335|0.798443|0.000000|141.000000|0.622230|0.437379|81.000000|0.403796|0.812500|-0.276083|16.000000
OFF_M20|2010-05-01|0.386538|0.637005|0.761583|0.606806|1.648871|5.089951|7.000000|0.681298|0.915044|1.155712|1.464084|0.784545|0.403744|0.527622|0.889202|0.877469|0.037736|0.472496|0.303277|0.015914|0.527622|0.895520|0.875280|0.000000|135.000000|0.566107|0.439365|75.000000|0.353158|0.800000|-0.275895|15.000000
OFF_M20|2010-11-01|0.370634|0.720655|0.691730|0.514302|1.670061|4.480597|6.000000|0.688948|1.001305|1.201445|1.506090|0.856214|0.407423|0.504314|0.913387|0.909108|0.058824|0.496298|0.231204|-0.041317|0.532664|0.931727|0.824329|0.046512|129.000000|0.571136|0.388974|69.000000|0.374633|0.733333|-0.302852|15.000000
OFF_M20|2011-05-01|0.382149|0.684068|0.738307|0.558642|1.596046|4.441748|6.000000|0.684495|0.865353|1.038124|1.496480|0.842750|0.424461|0.458436|0.947435|0.872540|0.027211|0.504062|0.323295|-0.007912|0.533419|0.944965|0.879020|0.016260|123.000000|0.626142|0.427034|63.000000|0.277534|0.857143|-0.251041|14.000000
OFF_M20|2011-11-01|0.428628|0.657754|0.822884|0.651654|1.643191|4.661782|6.000000|0.677308|0.838983|0.993810|1.489426|0.801858|0.472282|0.505615|1.004348|0.906381|0.007092|0.519032|0.417364|0.103852|0.534181|0.973230|0.912599|0.000000|117.000000|0.657387|0.467925|57.000000|0.292198|0.857143|-0.226286|14.000000
OFF_M20|2012-05-01|0.458023|0.664113|0.873136|0.689677|1.667915|5.763191|7.000000|0.666255|0.825739|1.001693|1.492236|0.744675|0.523882|0.527899|1.073480|0.984679|0.007407|0.569608|0.436332|0.193903|0.527899|1.094032|1.018934|0.000000|111.000000|0.673136|0.511610|51.000000|0.463553|0.846154|-0.226300|13.000000
OFF_M20|2012-11-01|0.499714|0.645876|0.948455|0.773699|1.698581|5.602554|7.000000|0.670590|0.803608|0.971463|1.472868|0.784693|0.492677|0.544923|1.084471|0.987330|0.000000|0.552723|0.415924|0.143098|0.544923|1.014315|0.971092|0.000000|105.000000|0.646857|0.486123|45.000000|0.367844|0.923077|-0.207249|13.000000
OFF_M20|2013-05-01|0.470850|0.627771|0.915827|0.750034|1.682173|4.911598|7.000000|0.655950|0.792268|0.906473|1.444027|0.766122|0.496976|0.506140|1.051946|0.975605|0.000000|0.534112|0.414400|0.174470|0.531980|1.016033|0.966649|0.000000|99.000000|0.631013|0.470978|39.000000|0.377864|0.833333|-0.220654|12.000000
OFF_M20|2013-11-01|0.476817|0.617275|0.903324|0.772455|1.690966|6.125508|7.000000|0.643602|0.749042|0.935230|1.448364|0.723397|0.549964|0.451898|1.185278|1.128441|0.000000|0.583776|0.461517|0.172871|0.535062|1.094605|1.064225|0.000000|93.000000|0.627501|0.498870|33.000000|0.396532|0.833333|-0.229784|12.000000
OFF_M20|2014-05-01|0.509154|0.716687|0.956070|0.710427|1.680344|4.632336|7.000000|0.658123|1.016640|1.192001|1.466232|0.802535|0.536095|0.470517|1.201423|1.124060|0.000000|0.573487|0.476458|0.092137|0.519675|1.104252|1.068063|0.000000|87.000000|0.646318|0.479895|27.000000|0.454882|0.818182|-0.340436|11.000000
OFF_M20|2014-11-01|0.480194|0.755552|0.912907|0.635554|1.665698|4.732322|7.000000|0.623831|0.728356|1.001654|1.441833|0.645217|0.522347|0.455600|1.166370|1.027999|0.000000|0.522867|0.457274|0.208175|0.461224|1.135042|1.022760|0.000000|81.000000|0.621342|0.533188|21.000000|0.374867|0.818182|-0.459068|11.000000
OFF_M20|2015-05-01|0.507201|0.611079|1.017816|0.830009|1.615550|5.504650|7.000000|0.642636|0.779041|1.059229|1.455344|0.785556|0.619038|0.457801|1.273233|1.195763|0.000000|0.635748|0.528690|0.158873|0.585359|1.104311|1.191290|0.000000|75.000000|0.686497|0.596001|15.000000|0.578176|0.800000|-0.208941|10.000000
OFF_M20|2015-11-01|0.602960|0.517453|1.227607|1.165245|1.664551|5.684854|7.000000|0.645997|0.735168|0.904118|1.432698|0.786854|0.657897|0.456564|1.475512|1.325468|0.000000|0.685193|0.602289|0.521632|0.517453|1.370534|1.317237|0.000000|69.000000|0.692784|0.690546|9.000000|0.557403|0.800000|-0.192430|10.000000
OFF_M20|2016-05-01|0.644502|0.583515|1.291791|1.104517|1.671095|6.230176|7.000000|0.624261|0.783137|1.044458|1.492081|0.722599|0.594031|0.464295|1.260652|1.216670|0.000000|0.648978|0.574657|0.474213|0.583515|1.150373|1.206736|0.000000|63.000000|0.630052|0.641058|3.000000|0.603842|0.888889|-0.201795|9.000000
ON_BUY1|2009-11-01|0.307594|0.700385|0.602875|0.439178|1.572752|7.950904|4.000000|0.653480|0.976037|1.168517|1.524801|0.788285|0.346162|0.440047|0.828345|0.739519|0.096970|0.362935|0.194562|-0.063781|0.519050|0.778153|0.709799|0.049645|141.000000|0.556515|0.349765|81.000000|0.271900|0.750000|-0.271049|16.000000
ON_BUY1|2010-05-01|0.323035|0.700590|0.628689|0.461090|1.603299|7.941998|4.000000|0.658083|0.980342|1.168467|1.532383|0.785056|0.362922|0.440084|0.844515|0.757157|0.094340|0.383530|0.203237|-0.063895|0.519078|0.834079|0.749707|0.051852|135.000000|0.556091|0.363911|75.000000|0.325126|0.733333|-0.271049|15.000000
ON_BUY1|2010-11-01|0.308574|0.680584|0.620828|0.453395|1.562798|7.983065|4.000000|0.661926|0.903623|1.069548|1.518290|0.812271|0.363055|0.439516|0.826035|0.725284|0.078431|0.398664|0.248842|-0.046361|0.519044|0.848862|0.772196|0.054264|129.000000|0.540620|0.372189|69.000000|0.181734|0.733333|-0.311748|15.000000
ON_BUY1|2011-05-01|0.339278|0.680483|0.692413|0.498585|1.531820|7.715724|5.000000|0.657895|0.900649|1.069631|1.497272|0.794601|0.421696|0.437411|0.893381|0.850904|0.034014|0.441797|0.257749|-0.010718|0.516762|0.913254|0.887251|0.016260|123.000000|0.532229|0.398657|63.000000|0.295624|0.785714|-0.180632|14.000000
ON_BUY1|2011-11-01|0.363148|0.680550|0.734249|0.533610|1.577774|7.720225|5.000000|0.659124|0.902079|1.069493|1.497136|0.801013|0.433244|0.437395|0.921955|0.868504|0.021277|0.468249|0.306710|0.065494|0.523214|0.961477|0.895836|0.000000|117.000000|0.559230|0.407539|57.000000|0.295449|0.785714|-0.180473|14.000000
ON_BUY1|2012-05-01|0.374374|0.710317|0.729121|0.527051|1.607752|7.617966|5.000000|0.649492|0.917032|1.184408|1.507952|0.797468|0.448417|0.444510|0.930847|0.911567|0.029630|0.504772|0.286745|0.108195|0.455534|0.996653|0.946120|0.000000|111.000000|0.572393|0.412371|51.000000|0.323311|0.769231|-0.261025|13.000000
ON_BUY1|2012-11-01|0.420633|0.701440|0.823037|0.599672|1.632651|7.608251|5.000000|0.643386|0.894365|1.141695|1.502820|0.797499|0.461137|0.441198|1.041397|0.979068|0.023256|0.505819|0.304056|0.146311|0.441198|1.033735|0.979972|0.000000|105.000000|0.567474|0.415013|45.000000|0.323239|0.769231|-0.245105|13.000000
ON_BUY1|2013-05-01|0.386855|0.673965|0.768800|0.573999|1.602757|8.149352|5.000000|0.637631|0.825787|1.045655|1.478854|0.767047|0.496440|0.437293|1.111856|1.044927|0.032520|0.527008|0.364231|0.151628|0.437293|1.115372|1.053712|0.000000|99.000000|0.574559|0.442672|39.000000|0.398328|0.750000|-0.175758|12.000000
ON_BUY1|2013-11-01|0.419785|0.651807|0.796443|0.644033|1.622472|8.295916|5.000000|0.645683|0.822158|0.969575|1.515076|0.756410|0.481902|0.527605|1.037489|1.015096|0.000000|0.535023|0.396871|0.147048|0.556114|0.971664|1.025622|0.000000|93.000000|0.571618|0.443825|33.000000|0.290934|0.750000|-0.223738|12.000000
ON_BUY1|2014-05-01|0.419430|0.743099|0.803340|0.564434|1.625371|7.695301|5.000000|0.644862|1.046354|1.330860|1.515063|0.768846|0.517069|0.438584|1.178951|1.055247|0.018018|0.552196|0.397099|0.114765|0.438584|1.168213|1.070105|0.000000|87.000000|0.560561|0.413568|27.000000|0.323198|0.727273|-0.351780|11.000000
ON_BUY1|2014-11-01|0.406175|0.808384|0.776631|0.502453|1.577930|8.121051|4.000000|0.635231|0.733486|0.985001|1.495521|0.742286|0.508665|0.433838|1.183320|1.006642|0.028571|0.528807|0.469057|0.067971|0.443886|1.206193|1.029560|0.000000|81.000000|0.587467|0.450840|21.000000|0.334088|0.727273|-0.393796|11.000000
ON_BUY1|2015-05-01|0.415047|0.495771|0.889317|0.837174|1.531690|6.706098|5.000000|0.619682|0.703224|0.825675|1.506520|0.677249|0.520754|0.443971|1.180292|1.048155|0.000000|0.532596|0.467733|0.236897|0.443971|1.186857|1.028036|0.000000|75.000000|0.553800|0.470793|15.000000|0.417887|0.800000|-0.191977|10.000000
ON_BUY1|2015-11-01|0.460682|0.512931|0.983737|0.898137|1.586699|7.792525|5.000000|0.624914|0.708589|0.831207|1.503596|0.686853|0.557958|0.443913|1.236792|1.122285|0.000000|0.551105|0.495206|0.363136|0.443913|1.224749|1.083903|0.000000|69.000000|0.556153|0.576212|9.000000|0.398215|0.800000|-0.182124|10.000000
ON_BUY1|2016-05-01|0.531434|0.511323|1.155560|1.039331|1.626253|7.216062|5.000000|0.625199|0.708668|0.825362|1.512999|0.713432|0.523504|0.444097|1.155817|1.023412|0.000000|0.520575|0.461567|0.333120|0.444097|1.158059|1.009040|0.000000|63.000000|0.525293|0.525318|3.000000|0.473414|0.888889|-0.138022|9.000000
OFF_BUY1|2009-11-01|0.372741|0.680167|0.715716|0.548015|1.582097|7.744177|4.000000|0.677503|1.005354|1.172473|1.540526|0.859767|0.411066|0.570159|0.928362|0.860446|0.078788|0.471246|0.238439|-0.034784|0.575211|0.819256|0.914770|0.035461|141.000000|0.618915|0.439960|81.000000|0.359676|0.750000|-0.284491|16.000000
OFF_BUY1|2010-05-01|0.391801|0.680239|0.746095|0.575975|1.612794|7.751083|4.000000|0.683685|1.006819|1.172336|1.545582|0.858495|0.422072|0.561030|0.995203|0.899169|0.075472|0.501391|0.286499|-0.034796|0.575201|0.871679|0.928606|0.037037|135.000000|0.619089|0.442741|75.000000|0.379823|0.800000|-0.284552|15.000000
OFF_BUY1|2010-11-01|0.439941|0.630460|0.851081|0.697810|1.631182|7.757601|4.000000|0.673159|0.861103|1.037409|1.533917|0.824233|0.490309|0.453495|0.994313|0.954774|0.026144|0.543435|0.427489|0.035927|0.530611|1.020308|0.980042|0.000000|129.000000|0.611922|0.504024|69.000000|0.344958|0.800000|-0.222780|15.000000
OFF_BUY1|2011-05-01|0.428282|0.645033|0.838543|0.663969|1.561156|7.750538|4.000000|0.679165|0.863678|0.981241|1.531072|0.838853|0.485703|0.446196|0.997865|0.954562|0.020408|0.541662|0.404523|0.030026|0.550494|0.983956|0.957647|0.000000|123.000000|0.619679|0.483782|63.000000|0.354771|0.857143|-0.225219|14.000000
OFF_BUY1|2011-11-01|0.458324|0.645751|0.887943|0.709753|1.608351|7.750943|4.000000|0.680852|0.864421|0.981399|1.532537|0.845764|0.496233|0.500435|1.053782|0.984558|0.007092|0.544331|0.440957|0.128201|0.550513|0.991100|1.021938|0.000000|117.000000|0.687539|0.492865|57.000000|0.354854|0.857143|-0.225274|14.000000
OFF_BUY1|2012-05-01|0.489461|0.629517|0.941677|0.777517|1.629317|7.769880|4.000000|0.660128|0.784102|0.944103|1.521814|0.829016|0.545473|0.530661|1.110213|1.024712|0.000000|0.558622|0.492238|0.245313|0.530661|1.059945|1.052025|0.000000|111.000000|0.692420|0.519427|51.000000|0.344822|0.769231|-0.222628|13.000000
OFF_BUY1|2012-11-01|0.532987|0.609323|1.030713|0.874720|1.655067|7.726643|4.000000|0.638886|0.759384|0.931000|1.518027|0.796605|0.556777|0.465226|1.160574|1.018585|0.000000|0.559437|0.500786|0.286962|0.465226|1.189806|1.046599|0.000000|105.000000|0.675240|0.523274|45.000000|0.338791|0.923077|-0.229485|13.000000
OFF_BUY1|2013-05-01|0.504579|0.585125|0.997441|0.862344|1.629671|7.740128|4.000000|0.635733|0.749735|0.928378|1.500029|0.768590|0.564657|0.454542|1.211115|1.075129|0.000000|0.576115|0.513566|0.293259|0.465137|1.216132|1.088904|0.000000|99.000000|0.677597|0.533653|39.000000|0.361192|0.916667|-0.227772|12.000000
OFF_BUY1|2013-11-01|0.468154|0.642247|0.889107|0.728932|1.643969|7.715513|4.000000|0.647485|0.786788|0.943116|1.505218|0.733333|0.513254|0.430073|1.155233|1.007294|0.000000|0.559224|0.450894|0.209872|0.472337|1.183951|1.037212|0.000000|93.000000|0.630040|0.469647|33.000000|0.367574|0.833333|-0.195054|12.000000
OFF_BUY1|2014-05-01|0.489893|0.708774|0.921977|0.691183|1.630895|7.769106|4.000000|0.675244|0.983200|1.153911|1.527916|0.849566|0.567898|0.429836|1.219328|1.127665|0.000000|0.606382|0.520013|0.123394|0.547976|1.122994|1.108199|0.000000|87.000000|0.644870|0.475849|27.000000|0.380649|0.818182|-0.363553|11.000000
OFF_BUY1|2014-11-01|0.529891|0.707843|0.998031|0.748599|1.618753|7.819602|4.000000|0.658939|0.757003|0.978415|1.509165|0.815304|0.604010|0.435651|1.348643|1.163866|0.000000|0.646356|0.556285|0.206536|0.524422|1.266252|1.241060|0.000000|81.000000|0.700076|0.633795|21.000000|0.384553|0.727273|-0.302594|11.000000
OFF_BUY1|2015-05-01|0.556365|0.587457|1.167683|0.947074|1.567953|6.858339|4.000000|0.663090|0.776508|1.051312|1.556344|0.838746|0.627988|0.434349|1.382887|1.304464|0.000000|0.643721|0.534873|0.286566|0.587457|1.132292|1.229990|0.000000|75.000000|0.704213|0.615312|15.000000|0.490232|0.800000|-0.221600|10.000000
OFF_BUY1|2015-11-01|0.621430|0.584430|1.293937|1.063310|1.628567|6.858350|5.000000|0.663834|0.765952|1.034605|1.552810|0.852204|0.637966|0.434353|1.370637|1.310960|0.000000|0.666265|0.558438|0.479622|0.584430|1.172137|1.270267|0.000000|69.000000|0.709109|0.715067|9.000000|0.490236|0.900000|-0.200200|10.000000
OFF_BUY1|2016-05-01|0.667190|0.581778|1.397155|1.146811|1.642875|6.850155|4.000000|0.644207|0.756020|1.022289|1.555388|0.810682|0.606111|0.436219|1.334860|1.247084|0.000000|0.656349|0.544818|0.466085|0.581778|1.162428|1.245564|0.000000|63.000000|0.667996|0.674550|3.000000|0.631322|0.888889|-0.180388|9.000000
ON_BUY2|2009-11-01|0.331749|0.688109|0.635413|0.482118|1.616905|7.306888|6.000000|0.651890|0.974102|1.195448|1.413157|0.811368|0.370125|0.428314|0.882652|0.733914|0.072727|0.365718|0.226926|-0.034395|0.450324|0.840293|0.668575|0.035461|141.000000|0.490469|0.357375|81.000000|0.354988|0.750000|-0.299092|16.000000
ON_BUY2|2010-05-01|0.356730|0.688457|0.680318|0.518159|1.648494|7.180493|6.000000|0.657050|0.976609|1.193994|1.418542|0.817042|0.387549|0.428380|0.907011|0.764586|0.075472|0.399606|0.236972|-0.035137|0.466889|0.890572|0.749316|0.044444|135.000000|0.493442|0.366307|75.000000|0.358366|0.733333|-0.299214|15.000000
ON_BUY2|2010-11-01|0.356346|0.692220|0.687170|0.514787|1.604702|8.072099|5.000000|0.665928|0.904310|1.088817|1.490318|0.843209|0.398615|0.441656|0.950466|0.805967|0.078431|0.461046|0.232852|-0.054037|0.444020|1.043503|0.822651|0.069767|129.000000|0.551936|0.376096|69.000000|0.300230|0.733333|-0.305538|15.000000
ON_BUY2|2011-05-01|0.386206|0.698852|0.746830|0.552629|1.584686|8.366570|5.000000|0.668607|0.946449|1.116494|1.517271|0.827442|0.411044|0.438773|0.975109|0.845411|0.027211|0.464546|0.265003|-0.016117|0.442827|1.049047|0.890767|0.016260|123.000000|0.546007|0.383193|63.000000|0.313503|0.785714|-0.284564|14.000000
ON_BUY2|2011-11-01|0.418616|0.692780|0.801908|0.604255|1.632613|7.990399|5.000000|0.671487|0.937729|1.091034|1.517866|0.851675|0.418081|0.442818|1.006142|0.858896|0.014184|0.485332|0.287154|0.065936|0.442818|1.096010|0.899197|0.000000|117.000000|0.652094|0.390131|57.000000|0.305441|0.785714|-0.285099|14.000000
ON_BUY2|2012-05-01|0.377841|0.714042|0.725226|0.529157|1.644129|7.077987|5.000000|0.655346|0.938539|1.197788|1.523470|0.800345|0.443298|0.448488|1.108372|0.919385|0.037037|0.510841|0.273248|0.074632|0.448488|1.139953|0.958951|0.000000|111.000000|0.604388|0.391649|51.000000|0.470842|0.692308|-0.269492|13.000000
ON_BUY2|2012-11-01|0.426667|0.714290|0.825414|0.597330|1.663176|6.939822|5.000000|0.655113|0.940688|1.197233|1.508422|0.800774|0.476251|0.448193|1.138758|0.947206|0.031008|0.523757|0.284441|0.110913|0.448193|1.168597|0.976142|0.000000|105.000000|0.604638|0.401103|45.000000|0.471273|0.769231|-0.272262|13.000000
ON_BUY2|2013-05-01|0.496082|0.631606|0.964813|0.785428|1.660628|6.822108|6.000000|0.630396|0.772009|0.911287|1.453605|0.710583|0.563272|0.444194|1.340312|1.123612|0.016260|0.603983|0.502719|0.268261|0.444426|1.359020|1.152030|0.000000|99.000000|0.718647|0.539081|39.000000|0.434399|0.833333|-0.134420|12.000000
ON_BUY2|2013-11-01|0.549065|0.646746|1.059131|0.848965|1.660958|8.183461|6.000000|0.639804|0.771777|0.942050|1.442956|0.765385|0.560283|0.454843|1.303186|1.117069|0.000000|0.568598|0.507234|0.258758|0.457940|1.241642|1.100314|0.000000|93.000000|0.740471|0.531308|33.000000|0.370997|0.833333|-0.185750|12.000000
ON_BUY2|2014-05-01|0.450470|0.772632|0.843641|0.583033|1.670402|6.329918|6.000000|0.659247|1.194970|1.462625|1.496901|0.855237|0.466893|0.458013|1.048728|0.934817|0.036036|0.521620|0.418999|0.078507|0.465409|1.143867|0.976685|0.000000|87.000000|0.607708|0.403400|27.000000|0.375259|0.727273|-0.461562|11.000000
ON_BUY2|2014-11-01|0.527044|0.799292|0.987995|0.659389|1.621929|8.131402|6.000000|0.643500|0.746079|1.000200|1.478695|0.795130|0.631721|0.441717|1.282525|1.211143|0.000000|0.653914|0.557319|0.097082|0.580149|1.139353|1.198548|0.000000|81.000000|0.711547|0.558201|21.000000|0.468042|0.727273|-0.294260|11.000000
ON_BUY2|2015-05-01|0.538876|0.598157|1.098351|0.900894|1.585925|8.314941|6.000000|0.643248|0.748160|0.989897|1.471970|0.820801|0.612085|0.441987|1.309698|1.166663|0.000000|0.644999|0.550060|0.209851|0.577386|1.134767|1.176844|0.000000|75.000000|0.728754|0.589145|15.000000|0.564296|0.800000|-0.167531|10.000000
ON_BUY2|2015-11-01|0.558456|0.549975|1.136979|1.015421|1.644688|7.695701|6.000000|0.648519|0.735584|0.932583|1.480480|0.835486|0.625974|0.469559|1.288666|1.235212|0.000000|0.643548|0.584752|0.485227|0.549975|1.229112|1.216764|0.000000|69.000000|0.672492|0.686187|9.000000|0.451743|0.800000|-0.164649|10.000000
ON_BUY2|2016-05-01|0.611809|0.567527|1.284863|1.078026|1.667460|5.025291|5.000000|0.624148|0.740751|0.978180|1.489894|0.709047|0.604004|0.467271|1.244420|1.177560|0.000000|0.608274|0.561606|0.472639|0.567527|1.154832|1.174644|0.000000|63.000000|0.605616|0.607431|3.000000|0.470924|0.888889|-0.152733|9.000000
OFF_BUY2|2009-11-01|0.371386|0.665035|0.717756|0.558446|1.603056|6.306233|5.000000|0.670387|0.945740|1.130331|1.504772|0.853313|0.414949|0.523607|0.918792|0.864456|0.042424|0.451463|0.272131|-0.008257|0.523607|0.790845|0.842613|0.021277|141.000000|0.619929|0.429816|81.000000|0.375579|0.812500|-0.288816|16.000000
OFF_BUY2|2010-05-01|0.437995|0.659107|0.845030|0.664528|1.650472|5.613294|5.000000|0.689527|0.939878|1.130679|1.518610|0.843142|0.443744|0.544266|0.968981|0.917140|0.037736|0.499823|0.342623|-0.007300|0.544266|0.908087|0.891313|0.007407|135.000000|0.705018|0.463629|75.000000|0.345857|0.800000|-0.288649|15.000000
OFF_BUY2|2010-11-01|0.403753|0.718653|0.761268|0.561819|1.662405|7.112269|5.000000|0.674530|0.987759|1.193174|1.520171|0.855174|0.443617|0.482042|0.994081|0.980039|0.052288|0.528822|0.233977|-0.040197|0.482042|1.097046|0.913531|0.046512|129.000000|0.619122|0.409035|69.000000|0.391654|0.733333|-0.289774|15.000000
OFF_BUY2|2011-05-01|0.404408|0.684044|0.787115|0.591201|1.580660|7.022674|5.000000|0.683972|0.879039|1.046489|1.508222|0.869190|0.449016|0.438497|1.029277|0.914214|0.027211|0.535500|0.298224|0.000434|0.528989|1.012310|0.966547|0.000000|123.000000|0.646703|0.434243|63.000000|0.300864|0.857143|-0.267797|14.000000
OFF_BUY2|2011-11-01|0.436607|0.690764|0.838559|0.632063|1.628588|5.685840|6.000000|0.687335|0.889276|1.068972|1.508075|0.872784|0.456113|0.542813|1.036971|0.933055|0.014184|0.521608|0.334253|0.095588|0.543862|0.966295|0.934886|0.000000|117.000000|0.673170|0.427438|57.000000|0.282045|0.857143|-0.275106|14.000000
OFF_BUY2|2012-05-01|0.488461|0.640518|0.942151|0.762602|1.651385|5.747974|5.000000|0.669685|0.840990|0.981302|1.509925|0.845711|0.497569|0.541916|1.077111|1.007815|0.007407|0.555081|0.440689|0.200469|0.541916|1.024293|1.018056|0.000000|111.000000|0.718828|0.494088|51.000000|0.345671|0.846154|-0.241066|13.000000
OFF_BUY2|2012-11-01|0.492904|0.636664|0.935464|0.774198|1.693041|6.070299|6.000000|0.654593|0.784404|0.986291|1.513558|0.813580|0.507174|0.558297|1.107647|1.024966|0.000000|0.560719|0.422077|0.146800|0.558297|1.004338|0.998939|0.000000|105.000000|0.632121|0.496491|45.000000|0.465942|0.923077|-0.179507|13.000000
OFF_BUY2|2013-05-01|0.496464|0.624469|0.961682|0.795019|1.658987|7.115482|6.000000|0.653676|0.776022|0.903831|1.485019|0.799753|0.513572|0.496019|1.122850|1.036032|0.000000|0.561879|0.433382|0.194589|0.527745|1.074793|1.036210|0.000000|99.000000|0.678500|0.485412|39.000000|0.335090|0.833333|-0.113173|12.000000
OFF_BUY2|2013-11-01|0.487919|0.627633|0.920188|0.777395|1.672521|6.116498|6.000000|0.641300|0.754412|0.902893|1.493682|0.773718|0.560135|0.463268|1.225594|1.105292|0.000000|0.597588|0.468285|0.207068|0.523710|1.146085|1.084229|0.000000|93.000000|0.641610|0.513541|33.000000|0.376325|0.833333|-0.160459|12.000000
OFF_BUY2|2014-05-01|0.516326|0.715571|0.975761|0.721558|1.656954|5.662644|6.000000|0.670079|1.022766|1.205197|1.485961|0.867245|0.528016|0.438344|1.155320|1.049360|0.000000|0.572461|0.475831|0.102168|0.531751|1.089723|1.031299|0.000000|87.000000|0.642934|0.483563|27.000000|0.345503|0.818182|-0.312781|11.000000
OFF_BUY2|2014-11-01|0.479176|0.813991|0.875383|0.588676|1.641028|5.587974|6.000000|0.640952|0.789323|1.063682|1.511776|0.777934|0.577368|0.428612|1.283742|1.202642|0.000000|0.620736|0.518745|0.028816|0.565933|1.125479|1.185996|0.000000|81.000000|0.683328|0.562613|21.000000|0.466105|0.727273|-0.530138|11.000000
OFF_BUY2|2015-05-01|0.530924|0.586501|1.082422|0.905241|1.605815|4.629307|7.000000|0.644770|0.804728|1.046889|1.497136|0.802686|0.628035|0.432528|1.270785|1.222043|0.000000|0.632204|0.529252|0.216382|0.586501|1.122504|1.199304|0.000000|75.000000|0.695596|0.608204|15.000000|0.599785|0.800000|-0.174300|10.000000
OFF_BUY2|2015-11-01|0.624160|0.533632|1.282153|1.169644|1.661603|5.101547|7.000000|0.646306|0.786738|0.941075|1.521054|0.827888|0.648860|0.427604|1.434555|1.296331|0.000000|0.674900|0.603045|0.486871|0.533632|1.312013|1.338247|0.000000|69.000000|0.716540|0.708446|9.000000|0.606494|0.800000|-0.180607|10.000000
OFF_BUY2|2016-05-01|0.675495|0.565180|1.395379|1.195185|1.667253|5.298802|6.000000|0.627724|0.728642|0.982361|1.504093|0.784376|0.629175|0.427373|1.307313|1.225461|0.000000|0.643599|0.569345|0.453336|0.565180|1.160808|1.233908|0.000000|63.000000|0.662112|0.669673|3.000000|0.775742|0.888889|-0.135259|9.000000
ON_BUY3|2009-11-01|0.318652|0.688973|0.612172|0.462503|1.619576|6.522266|6.000000|0.662896|0.974978|1.186369|1.428929|0.846364|0.340884|0.440020|0.789969|0.683598|0.072727|0.354442|0.201149|-0.039688|0.454639|0.777018|0.622448|0.042553|141.000000|0.450676|0.329737|81.000000|0.355179|0.750000|-0.291255|16.000000
ON_BUY3|2010-05-01|0.333262|0.689205|0.653821|0.483545|1.649638|7.397341|6.000000|0.656637|0.976391|1.186953|1.432572|0.811668|0.359207|0.426171|0.850369|0.736789|0.069182|0.359008|0.217024|-0.038556|0.442381|0.813670|0.675627|0.044444|135.000000|0.416416|0.323441|75.000000|0.406716|0.800000|-0.291171|15.000000
ON_BUY3|2010-11-01|0.351983|0.727684|0.679913|0.483703|1.609274|7.363429|6.000000|0.664256|0.969350|1.230589|1.447392|0.820136|0.408906|0.443318|0.938812|0.796691|0.084967|0.459373|0.221414|-0.058213|0.443318|1.036874|0.825934|0.069767|129.000000|0.551309|0.373453|69.000000|0.297411|0.800000|-0.305538|15.000000
ON_BUY3|2011-05-01|0.367138|0.707781|0.708664|0.518717|1.591282|7.437506|6.000000|0.653449|0.935775|1.146277|1.478946|0.838018|0.405853|0.432641|0.938553|0.824155|0.034014|0.452495|0.246320|-0.037884|0.434780|1.041346|0.878259|0.024390|123.000000|0.531311|0.369040|63.000000|0.371688|0.785714|-0.319611|14.000000
ON_BUY3|2011-11-01|0.333431|0.738311|0.653421|0.451613|1.641056|6.515248|7.000000|0.684467|0.978807|1.245913|1.469895|0.781593|0.356549|0.419155|0.875986|0.703187|0.035461|0.358250|0.254196|0.031985|0.426905|0.846901|0.699893|0.000000|117.000000|0.542811|0.315805|57.000000|0.345601|0.785714|-0.357501|14.000000
ON_BUY3|2012-05-01|0.392919|0.721508|0.748964|0.544581|1.656574|7.149086|6.000000|0.654479|0.950129|1.202785|1.510868|0.799482|0.434979|0.438493|1.099361|0.912802|0.029630|0.496772|0.277602|0.072692|0.438493|1.132907|0.934649|0.000000|111.000000|0.630045|0.385079|51.000000|0.470876|0.769231|-0.330035|13.000000
ON_BUY3|2012-11-01|0.456887|0.717456|0.865877|0.636815|1.678918|7.552699|6.000000|0.658253|0.946842|1.185162|1.495459|0.829065|0.447369|0.434472|1.089724|0.911015|0.031008|0.495871|0.301957|0.126723|0.434472|1.141317|0.929489|0.000000|105.000000|0.643413|0.389990|45.000000|0.368391|0.692308|-0.316351|13.000000
ON_BUY3|2013-05-01|0.444327|0.707324|0.849827|0.628180|1.664260|7.824819|7.000000|0.652414|0.902977|1.114849|1.468307|0.804381|0.491463|0.430592|1.150028|0.953166|0.040650|0.507566|0.389128|0.164534|0.436643|1.162425|0.957414|0.000000|99.000000|0.660904|0.424417|39.000000|0.392054|0.833333|-0.313400|12.000000
ON_BUY3|2013-11-01|0.445916|0.675752|0.864458|0.659881|1.667909|6.940159|6.000000|0.635630|0.856250|1.057630|1.496132|0.720192|0.488671|0.432896|1.159886|0.987172|0.017094|0.510338|0.358078|0.107976|0.443492|1.152737|0.988834|0.000000|93.000000|0.626715|0.419497|33.000000|0.377956|0.750000|-0.235901|12.000000
ON_BUY3|2014-05-01|0.456723|0.770143|0.862395|0.593037|1.673898|7.343988|6.000000|0.660581|1.188608|1.421407|1.510823|0.831888|0.457277|0.434715|1.067693|0.932254|0.036036|0.482510|0.392534|0.081723|0.436744|1.104787|0.940709|0.000000|87.000000|0.610615|0.398376|27.000000|0.465632|0.818182|-0.482434|11.000000
ON_BUY3|2014-11-01|0.526744|0.820326|0.985923|0.642116|1.624133|7.455030|6.000000|0.625708|0.746560|0.986681|1.487522|0.696704|0.604620|0.441969|1.282446|1.163455|0.028571|0.632590|0.555661|0.033487|0.570542|1.119121|1.197303|0.000000|81.000000|0.700033|0.527201|21.000000|0.467857|0.727273|-0.344256|11.000000
ON_BUY3|2015-05-01|0.498685|0.625094|1.028844|0.797776|1.590689|6.438408|7.000000|0.638434|0.745138|1.006958|1.467084|0.734800|0.631340|0.441622|1.304547|1.230445|0.000000|0.646708|0.577470|0.190791|0.575459|1.149546|1.218535|0.000000|75.000000|0.684740|0.572510|15.000000|0.477938|0.800000|-0.152863|10.000000
ON_BUY3|2015-11-01|0.556394|0.469563|1.142531|1.184919|1.650437|6.462245|7.000000|0.651092|0.745098|0.895165|1.471332|0.871581|0.570690|0.442400|1.328293|1.106676|0.000000|0.574113|0.507153|0.392966|0.444598|1.291307|1.091387|0.000000|69.000000|0.668668|0.672660|9.000000|0.395067|0.800000|-0.180110|10.000000
ON_BUY3|2016-05-01|0.633285|0.569080|1.328225|1.112823|1.666088|6.234298|6.000000|0.624843|0.743323|0.983115|1.487181|0.681546|0.605537|0.444036|1.290230|1.193612|0.000000|0.629633|0.580713|0.478819|0.569080|1.152707|1.216033|0.000000|63.000000|0.623418|0.627211|3.000000|0.471344|0.888889|-0.150877|9.000000
OFF_BUY3|2009-11-01|0.381146|0.660813|0.741017|0.576784|1.605594|5.357896|5.000000|0.675627|0.946814|1.151629|1.517303|0.832465|0.412951|0.521034|0.924074|0.846890|0.036364|0.460021|0.276882|-0.003118|0.521034|0.801751|0.842903|0.007092|141.000000|0.616763|0.429466|81.000000|0.377071|0.812500|-0.273984|16.000000
OFF_BUY3|2010-05-01|0.432831|0.662847|0.829842|0.652989|1.654203|6.596495|5.000000|0.683579|0.951304|1.151783|1.522995|0.863869|0.463271|0.533332|0.978491|0.940968|0.044025|0.496060|0.338045|-0.005605|0.533332|0.921192|0.877007|0.007407|135.000000|0.700462|0.465819|75.000000|0.462507|0.800000|-0.273889|15.000000
OFF_BUY3|2010-11-01|0.402259|0.698258|0.761643|0.576088|1.657634|7.103402|5.000000|0.690888|0.968951|1.114438|1.512701|0.872855|0.417276|0.497685|1.002291|0.887962|0.045752|0.482754|0.304055|-0.021420|0.525403|0.918827|0.848203|0.023256|129.000000|0.608513|0.416256|69.000000|0.378567|0.800000|-0.272623|15.000000
OFF_BUY3|2011-05-01|0.414016|0.684775|0.800265|0.604602|1.595101|6.492688|6.000000|0.680778|0.866401|1.041603|1.521284|0.843585|0.478864|0.456568|1.020807|0.956007|0.027211|0.543554|0.352959|0.001435|0.528348|1.028781|0.977516|0.000000|123.000000|0.662457|0.462086|63.000000|0.352556|0.857143|-0.243956|14.000000
OFF_BUY3|2011-11-01|0.425704|0.683113|0.829733|0.623182|1.622679|4.821296|6.000000|0.679763|0.865096|1.041553|1.485015|0.841824|0.461847|0.517717|1.063994|0.917390|0.014184|0.524331|0.339755|0.099586|0.526217|0.997934|0.932871|0.000000|117.000000|0.653040|0.428595|57.000000|0.291115|0.857143|-0.255088|14.000000
OFF_BUY3|2012-05-01|0.456206|0.663947|0.864546|0.687112|1.665351|7.013850|6.000000|0.666224|0.821891|0.985568|1.504330|0.835348|0.518400|0.533556|1.060242|0.964310|0.007407|0.563099|0.420201|0.191271|0.533556|1.055371|0.993547|0.000000|111.000000|0.670429|0.497566|51.000000|0.464762|0.846154|-0.250490|13.000000
OFF_BUY3|2012-11-01|0.509070|0.648948|0.963324|0.784454|1.695366|7.245574|6.000000|0.659596|0.807530|0.980527|1.504197|0.838892|0.513174|0.546158|1.148254|1.079334|0.000000|0.574408|0.419736|0.146144|0.546158|1.051725|1.012112|0.000000|105.000000|0.662937|0.497041|45.000000|0.463990|0.846154|-0.186915|13.000000
OFF_BUY3|2013-05-01|0.475037|0.620395|0.913631|0.765701|1.669181|5.541921|6.000000|0.644999|0.782542|0.893348|1.485958|0.750386|0.542267|0.491358|1.132098|1.033881|0.000000|0.560460|0.436513|0.196394|0.520382|1.089998|1.016376|0.000000|99.000000|0.649811|0.494008|39.000000|0.397041|0.833333|-0.111808|12.000000
OFF_BUY3|2013-11-01|0.475627|0.633388|0.890479|0.750925|1.678475|5.964751|6.000000|0.643545|0.755132|0.913554|1.497419|0.776923|0.556151|0.467182|1.181641|1.074965|0.000000|0.584411|0.442745|0.183013|0.532616|1.099741|1.052594|0.000000|93.000000|0.637435|0.496721|33.000000|0.369022|0.833333|-0.206111|12.000000
OFF_BUY3|2014-05-01|0.515000|0.718308|0.971976|0.716962|1.662667|5.864920|6.000000|0.654933|1.009600|1.189176|1.492606|0.826217|0.516490|0.438948|1.180204|1.028106|0.000000|0.548141|0.460793|0.110789|0.522561|1.075594|1.007827|0.000000|87.000000|0.646560|0.474446|27.000000|0.379239|0.818182|-0.320293|11.000000
OFF_BUY3|2014-11-01|0.445880|0.844844|0.795261|0.527767|1.650415|6.627382|6.000000|0.637149|0.738749|0.932247|1.492077|0.764540|0.569348|0.434378|1.253661|1.146441|0.038095|0.607981|0.502961|-0.018079|0.546150|1.128901|1.140221|0.037037|81.000000|0.666311|0.548464|21.000000|0.464390|0.727273|-0.600098|11.000000
OFF_BUY3|2015-05-01|0.486405|0.600748|0.978179|0.809665|1.614266|5.186216|6.000000|0.636513|0.745383|0.938591|1.486475|0.774338|0.604536|0.438910|1.287409|1.192703|0.000000|0.627123|0.528438|0.159712|0.550250|1.167356|1.215862|0.000000|75.000000|0.657087|0.583236|15.000000|0.573643|0.800000|-0.218368|10.000000
OFF_BUY3|2015-11-01|0.567410|0.550250|1.157198|1.031187|1.667133|5.325581|6.000000|0.643515|0.761657|0.938895|1.503417|0.783435|0.624493|0.434729|1.286469|1.207679|0.000000|0.626101|0.553256|0.439281|0.550250|1.177960|1.220357|0.000000|69.000000|0.657598|0.654719|9.000000|0.611046|0.800000|-0.218087|10.000000
OFF_BUY3|2016-05-01|0.685706|0.581886|1.405694|1.178420|1.673905|5.045886|7.000000|0.629870|0.750271|1.036020|1.499065|0.767238|0.610096|0.428936|1.335348|1.259165|0.000000|0.657250|0.593272|0.480678|0.581886|1.190280|1.267491|0.000000|63.000000|0.672250|0.679979|3.000000|0.742318|0.888889|-0.154490|9.000000
ON_BUY4|2009-11-01|0.380782|0.679597|0.748794|0.560305|1.611465|7.061834|6.000000|0.670560|0.969847|1.175100|1.457156|0.854058|0.415838|0.442493|0.875727|0.793112|0.066667|0.428674|0.318656|-0.020248|0.442493|0.824773|0.803064|0.021277|141.000000|0.634484|0.416831|81.000000|0.262054|0.812500|-0.279584|16.000000
ON_BUY4|2010-05-01|0.429458|0.673492|0.834691|0.637659|1.641789|8.181424|6.000000|0.677293|0.969206|1.174304|1.446264|0.812948|0.456844|0.436156|1.021519|0.867001|0.069182|0.474362|0.353565|-0.033359|0.436156|1.052542|0.862673|0.029630|135.000000|0.681485|0.441199|75.000000|0.369103|0.800000|-0.279529|15.000000
ON_BUY4|2010-11-01|0.348301|0.688538|0.680106|0.505856|1.604924|5.895737|6.000000|0.653021|0.910449|1.073998|1.431264|0.828264|0.391126|0.442616|0.892221|0.802278|0.078431|0.449448|0.236093|-0.059725|0.443510|1.013388|0.808598|0.069767|129.000000|0.532684|0.370512|69.000000|0.332231|0.733333|-0.305538|15.000000
ON_BUY4|2011-05-01|0.369726|0.687074|0.720094|0.538117|1.583598|7.516280|6.000000|0.646647|0.907181|1.068069|1.453197|0.810186|0.391696|0.436901|0.902920|0.815350|0.034014|0.440798|0.253775|-0.035936|0.444793|0.991016|0.852385|0.024390|123.000000|0.504013|0.367305|63.000000|0.398678|0.785714|-0.292085|14.000000
ON_BUY4|2011-11-01|0.321348|0.756527|0.624778|0.424768|1.641916|6.744297|6.000000|0.666891|1.080363|1.334831|1.458371|0.786941|0.338998|0.432944|0.812475|0.696916|0.049645|0.348451|0.225232|0.027916|0.476598|0.752665|0.684036|0.000000|117.000000|0.521401|0.298031|57.000000|0.314383|0.785714|-0.355371|14.000000
ON_BUY4|2012-05-01|0.353360|0.732968|0.667072|0.482095|1.663302|6.601809|6.000000|0.656521|1.006102|1.254200|1.412708|0.794591|0.391018|0.444958|0.882998|0.765831|0.044444|0.418866|0.283479|0.081740|0.454536|0.941360|0.798627|0.000000|111.000000|0.553209|0.359201|51.000000|0.429703|0.769231|-0.266453|13.000000
ON_BUY4|2012-11-01|0.479050|0.705836|0.918538|0.678699|1.682285|7.048895|7.000000|0.664135|0.903715|1.113162|1.502519|0.807921|0.466803|0.435360|1.001386|0.858724|0.015504|0.474066|0.417216|0.249395|0.435360|0.982661|0.885589|0.000000|105.000000|0.647607|0.451190|45.000000|0.464953|0.769231|-0.182264|13.000000
ON_BUY4|2013-05-01|0.451658|0.703056|0.878574|0.642421|1.662120|7.286959|6.000000|0.651312|0.899945|1.144276|1.472757|0.795125|0.480475|0.435551|1.036922|0.887771|0.016260|0.477409|0.411789|0.259448|0.435908|1.011285|0.918572|0.000000|99.000000|0.658766|0.447519|39.000000|0.405863|0.833333|-0.274309|12.000000
ON_BUY4|2013-11-01|0.445152|0.668588|0.861051|0.665808|1.665808|8.487321|6.000000|0.631919|0.840439|1.032956|1.488075|0.732372|0.485707|0.438395|1.118557|0.960285|0.008547|0.496776|0.365696|0.114228|0.445263|1.115690|0.950717|0.000000|93.000000|0.615687|0.412387|33.000000|0.385298|0.750000|-0.222511|12.000000
ON_BUY4|2014-05-01|0.472208|0.773275|0.879266|0.610661|1.676656|6.483069|6.000000|0.655996|1.198488|1.457727|1.455399|0.819880|0.497107|0.459355|1.095165|1.008468|0.036036|0.555910|0.438895|0.076167|0.464481|1.209328|1.035981|0.000000|87.000000|0.635891|0.427016|27.000000|0.432144|0.727273|-0.463917|11.000000
ON_BUY4|2014-11-01|0.484135|0.828643|0.917882|0.584251|1.628513|6.728762|7.000000|0.634667|0.744581|1.027016|1.448063|0.718957|0.591180|0.441579|1.283233|1.171415|0.000000|0.638546|0.540086|0.060503|0.569924|1.136569|1.186368|0.000000|81.000000|0.678466|0.523156|21.000000|0.470852|0.727273|-0.425192|11.000000
ON_BUY4|2015-05-01|0.540433|0.626191|1.100824|0.863048|1.591318|8.455912|7.000000|0.642699|0.744623|0.985705|1.480006|0.810518|0.632068|0.440190|1.333723|1.230183|0.000000|0.656054|0.575620|0.187769|0.573130|1.184449|1.239201|0.000000|75.000000|0.733061|0.592898|15.000000|0.568404|0.800000|-0.158324|10.000000
ON_BUY4|2015-11-01|0.561759|0.574736|1.163797|0.977420|1.646320|6.644944|7.000000|0.643740|0.742937|0.943554|1.458507|0.753040|0.634443|0.441357|1.295647|1.220283|0.000000|0.644858|0.567979|0.469047|0.574736|1.157715|1.232396|0.000000|69.000000|0.673123|0.675442|9.000000|0.483178|0.800000|-0.166301|10.000000
ON_BUY4|2016-05-01|0.678765|0.549735|1.407117|1.234714|1.669904|7.850972|6.000000|0.630701|0.740479|0.966517|1.470536|0.758868|0.632091|0.440115|1.320415|1.222188|0.000000|0.642384|0.577829|0.468670|0.549735|1.190925|1.225064|0.000000|63.000000|0.665533|0.676670|3.000000|0.602443|0.888889|-0.150877|9.000000
OFF_BUY4|2009-11-01|0.408063|0.656935|0.793098|0.621163|1.621314|8.072038|6.000000|0.685378|0.932938|1.149435|1.499575|0.877141|0.443063|0.544332|0.949700|0.912650|0.036364|0.469106|0.283569|0.000514|0.548944|0.794360|0.850466|0.000000|141.000000|0.686995|0.454208|81.000000|0.335834|0.812500|-0.276083|16.000000
OFF_BUY4|2010-05-01|0.424958|0.664179|0.814185|0.639824|1.652680|5.475616|6.000000|0.678125|0.952493|1.149684|1.520799|0.832651|0.460611|0.534624|0.981634|0.921850|0.037736|0.509270|0.336505|-0.004344|0.534624|0.917868|0.912396|0.007407|135.000000|0.652596|0.475917|75.000000|0.465898|0.800000|-0.275895|15.000000
OFF_BUY4|2010-11-01|0.388224|0.715138|0.736082|0.542865|1.664072|5.631566|6.000000|0.666445|0.990912|1.178274|1.503152|0.841394|0.437264|0.467599|1.013620|0.962187|0.052288|0.510109|0.238313|-0.037578|0.467599|1.090912|0.875814|0.038760|129.000000|0.600711|0.401387|69.000000|0.376057|0.733333|-0.291866|15.000000
OFF_BUY4|2011-05-01|0.412192|0.662547|0.803053|0.622133|1.597286|5.146851|6.000000|0.671292|0.836220|0.983999|1.503622|0.840245|0.468446|0.458392|0.998518|0.916948|0.020408|0.524138|0.373560|0.008460|0.532709|0.983910|0.936461|0.000000|123.000000|0.666348|0.459692|63.000000|0.347020|0.857143|-0.249647|14.000000
OFF_BUY4|2011-11-01|0.451702|0.672551|0.871922|0.671625|1.640373|5.331002|6.000000|0.666547|0.848838|1.002633|1.511258|0.839572|0.498200|0.518964|1.022723|0.937642|0.007092|0.546387|0.412413|0.104719|0.534382|1.023462|0.954942|0.000000|117.000000|0.694760|0.481593|57.000000|0.355131|0.857143|-0.238440|14.000000
OFF_BUY4|2012-05-01|0.459094|0.659416|0.874090|0.696214|1.667319|5.324836|6.000000|0.663518|0.823014|0.983956|1.508415|0.814623|0.514713|0.533349|1.037851|0.991021|0.007407|0.548589|0.426150|0.198653|0.533349|1.028574|0.972540|0.000000|111.000000|0.673856|0.497195|51.000000|0.464761|0.846154|-0.245918|13.000000
OFF_BUY4|2012-11-01|0.481749|0.646032|0.913007|0.745705|1.697715|5.236679|7.000000|0.661495|0.821511|0.978071|1.494083|0.823407|0.488513|0.537939|1.081774|0.996021|0.000000|0.554886|0.411047|0.145574|0.537939|1.040943|1.006570|0.000000|105.000000|0.634844|0.480184|45.000000|0.365794|0.846154|-0.187123|13.000000
OFF_BUY4|2013-05-01|0.454975|0.631890|0.871832|0.720022|1.671179|6.572757|6.000000|0.632479|0.783901|0.920756|1.427684|0.714594|0.530753|0.508464|1.080292|1.014074|0.000000|0.559227|0.424968|0.187628|0.523356|1.068539|1.020939|0.000000|99.000000|0.620335|0.484813|39.000000|0.374879|0.833333|-0.114316|12.000000
OFF_BUY4|2013-11-01|0.478745|0.642486|0.899102|0.745144|1.677876|5.962466|6.000000|0.639622|0.756061|0.935629|1.489703|0.763462|0.551938|0.471484|1.228612|1.074768|0.000000|0.580596|0.464005|0.206206|0.522850|1.113029|1.066330|0.000000|93.000000|0.643110|0.503156|33.000000|0.374905|0.833333|-0.234876|12.000000
OFF_BUY4|2014-05-01|0.513346|0.717983|0.966804|0.714983|1.664798|5.353849|6.000000|0.650164|1.012437|1.192397|1.503912|0.800200|0.537953|0.440812|1.220370|1.032565|0.000000|0.546685|0.454611|0.108543|0.522414|1.049390|1.020067|0.000000|87.000000|0.642248|0.479097|27.000000|0.466435|0.818182|-0.314253|11.000000
OFF_BUY4|2014-11-01|0.480028|0.817425|0.874519|0.587244|1.643545|5.857070|7.000000|0.641858|0.750690|0.941530|1.453079|0.761043|0.573958|0.437892|1.279583|1.146081|0.000000|0.625405|0.529349|0.062369|0.535403|1.202271|1.168921|0.000000|81.000000|0.689664|0.557808|21.000000|0.379530|0.727273|-0.544656|11.000000
OFF_BUY4|2015-05-01|0.502569|0.607666|1.018741|0.827047|1.615894|5.969346|6.000000|0.642809|0.757029|0.924994|1.490831|0.789609|0.571393|0.437017|1.259125|1.161010|0.000000|0.601640|0.491992|0.153901|0.540172|1.152598|1.129221|0.000000|75.000000|0.678226|0.576466|15.000000|0.553979|0.800000|-0.220169|10.000000
OFF_BUY4|2015-11-01|0.569239|0.543579|1.158657|1.047204|1.666862|5.404780|7.000000|0.635031|0.748536|0.926791|1.493661|0.758739|0.625516|0.438575|1.313578|1.206938|0.000000|0.636997|0.565128|0.454033|0.543579|1.218194|1.232871|0.000000|69.000000|0.658547|0.657281|9.000000|0.593679|0.800000|-0.216445|10.000000
OFF_BUY4|2016-05-01|0.671445|0.581810|1.374720|1.154062|1.671494|5.953634|7.000000|0.634472|0.757411|1.035307|1.489407|0.798725|0.577730|0.434395|1.283076|1.164543|0.000000|0.631162|0.550930|0.450294|0.581810|1.102415|1.191464|0.000000|63.000000|0.657716|0.665359|3.000000|0.742052|0.888889|-0.154501|9.000000
ON_BUY5|2009-11-01|0.319222|0.693696|0.626403|0.460175|1.617872|7.119371|6.000000|0.654419|0.998210|1.240627|1.425904|0.795979|0.343013|0.437157|0.839632|0.704231|0.072727|0.350516|0.200768|-0.043450|0.438412|0.740513|0.612663|0.042553|141.000000|0.427288|0.323269|81.000000|0.343278|0.750000|-0.277082|16.000000
ON_BUY5|2010-05-01|0.365383|0.697923|0.707705|0.523529|1.651343|7.428203|6.000000|0.651551|1.013814|1.241596|1.415747|0.803992|0.397206|0.424784|0.973334|0.830988|0.069182|0.409022|0.222180|-0.044848|0.427192|0.962893|0.800613|0.044444|135.000000|0.518165|0.365067|75.000000|0.387716|0.733333|-0.276843|15.000000
ON_BUY5|2010-11-01|0.301673|0.734073|0.573328|0.410958|1.614211|7.079092|6.000000|0.677001|1.000167|1.259258|1.423859|0.824069|0.357978|0.445065|0.852875|0.725460|0.098039|0.390393|0.209918|-0.061316|0.459425|0.877891|0.705318|0.069767|129.000000|0.458650|0.334939|69.000000|0.323651|0.800000|-0.307748|15.000000
ON_BUY5|2011-05-01|0.316004|0.731918|0.603681|0.431748|1.594990|7.281650|6.000000|0.663060|1.002771|1.249614|1.411320|0.804620|0.371520|0.444063|0.869867|0.748358|0.061224|0.390954|0.232226|-0.043354|0.454534|0.875067|0.734458|0.024390|123.000000|0.454832|0.335386|63.000000|0.372757|0.857143|-0.328301|14.000000
ON_BUY5|2011-11-01|0.285352|0.757408|0.547782|0.376749|1.641480|5.808267|6.000000|0.680876|1.072791|1.339206|1.477888|0.801013|0.328377|0.471279|0.776989|0.647288|0.049645|0.338522|0.226173|0.024217|0.474065|0.717774|0.649257|0.000000|117.000000|0.463455|0.288826|57.000000|0.257026|0.785714|-0.365544|14.000000
ON_BUY5|2012-05-01|0.357664|0.733575|0.674763|0.487564|1.663334|7.222632|6.000000|0.655904|1.008535|1.257340|1.415217|0.795742|0.399496|0.445346|0.881513|0.764182|0.044444|0.420607|0.279365|0.077538|0.453194|0.942468|0.799527|0.000000|111.000000|0.563628|0.358446|51.000000|0.430786|0.769231|-0.275866|13.000000
ON_BUY5|2012-11-01|0.494126|0.702350|0.954810|0.703532|1.674509|5.942787|6.000000|0.655199|0.900164|1.100535|1.471823|0.755211|0.525333|0.424583|1.177520|0.959181|0.015504|0.505568|0.455222|0.254906|0.424583|1.143507|0.957768|0.000000|105.000000|0.688083|0.479216|45.000000|0.471132|0.769231|-0.190649|13.000000
ON_BUY5|2013-05-01|0.483945|0.650622|0.927131|0.743820|1.668846|6.900780|6.000000|0.652831|0.826709|0.992717|1.464294|0.746066|0.549888|0.500459|1.186438|1.085844|0.016260|0.589804|0.476216|0.209344|0.571975|1.059502|1.103191|0.000000|99.000000|0.693445|0.518756|39.000000|0.449682|0.833333|-0.187621|12.000000
ON_BUY5|2013-11-01|0.457478|0.668820|0.879701|0.684007|1.669535|8.058106|6.000000|0.633418|0.848067|1.033813|1.428679|0.741987|0.488903|0.438952|1.122492|0.984862|0.008547|0.507220|0.365044|0.113651|0.450434|1.128286|0.973238|0.000000|93.000000|0.636968|0.427891|33.000000|0.379717|0.750000|-0.219543|12.000000
ON_BUY5|2014-05-01|0.473154|0.764761|0.882531|0.618695|1.675870|7.466612|6.000000|0.661500|1.159021|1.427852|1.452978|0.841227|0.498678|0.454178|1.109724|0.985298|0.036036|0.550357|0.432188|0.079863|0.463892|1.186391|1.019064|0.000000|87.000000|0.624057|0.428193|27.000000|0.428852|0.727273|-0.428984|11.000000
ON_BUY5|2014-11-01|0.527795|0.827848|0.984361|0.637551|1.630794|8.487811|7.000000|0.636954|0.743145|1.003515|1.453526|0.777739|0.616443|0.438827|1.293017|1.206537|0.009524|0.645065|0.551541|0.053828|0.573829|1.142453|1.189928|0.000000|81.000000|0.731097|0.561368|21.000000|0.467183|0.727273|-0.447390|11.000000
ON_BUY5|2015-05-01|0.496406|0.625270|1.027826|0.793907|1.590867|6.793128|7.000000|0.635495|0.739310|0.952048|1.463417|0.722865|0.624321|0.441396|1.307663|1.216213|0.000000|0.640852|0.570001|0.187299|0.573819|1.139251|1.208249|0.000000|75.000000|0.683710|0.566491|15.000000|0.483380|0.800000|-0.150735|10.000000
ON_BUY5|2015-11-01|0.550041|0.574631|1.138045|0.957209|1.646229|6.267112|7.000000|0.638040|0.740852|0.944579|1.466769|0.756839|0.624475|0.468297|1.296342|1.211741|0.000000|0.629076|0.567904|0.466913|0.574631|1.161798|1.216283|0.000000|69.000000|0.661546|0.668218|9.000000|0.456179|0.800000|-0.175274|10.000000
ON_BUY5|2016-05-01|0.638126|0.546115|1.337865|1.168484|1.669847|6.582760|6.000000|0.623210|0.738039|0.937670|1.466331|0.673974|0.620104|0.461632|1.287016|1.213025|0.000000|0.614562|0.591049|0.476146|0.546115|1.211547|1.216817|0.000000|63.000000|0.629402|0.633312|3.000000|0.470743|0.888889|-0.150877|9.000000
OFF_BUY5|2009-11-01|0.382998|0.660613|0.745211|0.579762|1.605277|5.598785|5.000000|0.672251|0.947206|1.149435|1.508790|0.845867|0.415142|0.529357|0.932814|0.852272|0.036364|0.457942|0.276050|-0.002624|0.529357|0.794781|0.852977|0.007092|141.000000|0.624892|0.432905|81.000000|0.374901|0.812500|-0.276083|16.000000
OFF_BUY5|2010-05-01|0.431556|0.652302|0.831934|0.661589|1.653992|5.320227|6.000000|0.686074|0.928176|1.149684|1.508690|0.856192|0.459055|0.542296|0.986321|0.934177|0.037736|0.505552|0.348049|0.003485|0.549002|0.891514|0.878186|0.000000|135.000000|0.685409|0.470559|75.000000|0.463302|0.800000|-0.275895|15.000000
OFF_BUY5|2010-11-01|0.390675|0.693265|0.740602|0.563530|1.660111|5.521948|6.000000|0.675757|0.968830|1.117317|1.524807|0.834113|0.421492|0.496254|0.945419|0.873568|0.039216|0.488064|0.309689|-0.020184|0.529977|0.920916|0.835547|0.023256|129.000000|0.609202|0.424325|69.000000|0.374633|0.800000|-0.268140|15.000000
OFF_BUY5|2011-05-01|0.416186|0.653357|0.808249|0.636996|1.597623|5.089714|6.000000|0.671365|0.818147|0.976518|1.497696|0.844141|0.474824|0.453102|0.993375|0.930944|0.013605|0.529386|0.375353|0.009036|0.548903|0.964443|0.960820|0.000000|123.000000|0.668363|0.468877|63.000000|0.355166|0.857143|-0.242928|14.000000
OFF_BUY5|2011-11-01|0.426724|0.654337|0.830431|0.652147|1.637599|5.750277|6.000000|0.661590|0.824179|1.003780|1.485647|0.810301|0.455973|0.464913|0.997383|0.894101|0.000000|0.484130|0.408685|0.114192|0.464913|1.040834|0.913326|0.000000|117.000000|0.644185|0.448774|57.000000|0.280776|0.857143|-0.232861|14.000000
OFF_BUY5|2012-05-01|0.462288|0.683400|0.879533|0.676453|1.663136|5.508900|6.000000|0.658236|0.848396|1.037087|1.509165|0.804836|0.522605|0.533943|1.024196|0.937218|0.007407|0.554516|0.432772|0.190404|0.533943|1.042674|0.988639|0.000000|111.000000|0.684904|0.495820|51.000000|0.465892|0.846154|-0.240227|13.000000
OFF_BUY5|2012-11-01|0.494932|0.643232|0.939365|0.769445|1.691379|5.329333|7.000000|0.652790|0.822519|0.991284|1.503305|0.823705|0.536316|0.571650|1.173314|1.049449|0.000000|0.571112|0.430549|0.146798|0.571650|0.999060|1.029027|0.000000|105.000000|0.650692|0.501915|45.000000|0.462793|0.846154|-0.155818|13.000000
OFF_BUY5|2013-05-01|0.473217|0.620230|0.919668|0.762969|1.666601|4.879161|6.000000|0.652354|0.775112|0.893150|1.451639|0.798828|0.498239|0.490553|1.080616|0.962531|0.000000|0.529448|0.431269|0.194746|0.521759|1.022789|0.977172|0.000000|99.000000|0.647221|0.471985|39.000000|0.366036|0.833333|-0.111997|12.000000
OFF_BUY5|2013-11-01|0.475110|0.641470|0.896236|0.740658|1.673965|6.094856|6.000000|0.647711|0.767306|0.933517|1.484334|0.773397|0.511499|0.441981|1.121975|1.009451|0.000000|0.562318|0.436199|0.178908|0.524699|1.075594|1.018543|0.000000|93.000000|0.654195|0.473166|33.000000|0.325477|0.833333|-0.241180|12.000000
OFF_BUY5|2014-05-01|0.492510|0.709550|0.928556|0.694117|1.664220|8.122471|6.000000|0.660113|0.978908|1.155325|1.485754|0.822215|0.500417|0.440923|1.130749|0.996320|0.000000|0.528431|0.438056|0.119692|0.520806|1.036037|0.989083|0.000000|87.000000|0.622148|0.457364|27.000000|0.379610|0.818182|-0.298057|11.000000
OFF_BUY5|2014-11-01|0.503450|0.762807|0.935347|0.659997|1.660528|5.855342|7.000000|0.627532|0.721297|0.924138|1.425814|0.682783|0.555650|0.451826|1.241554|1.119668|0.000000|0.580788|0.503134|0.178586|0.501038|1.193884|1.128020|0.000000|81.000000|0.662316|0.574919|21.000000|0.379885|0.818182|-0.479727|11.000000
OFF_BUY5|2015-05-01|0.536350|0.609669|1.089983|0.879739|1.613015|5.324015|6.000000|0.641096|0.748377|0.924593|1.469635|0.808032|0.627505|0.430967|1.372742|1.245018|0.000000|0.664965|0.549449|0.210342|0.529846|1.273074|1.226205|0.000000|75.000000|0.724830|0.614628|15.000000|0.605951|0.800000|-0.202475|10.000000
OFF_BUY5|2015-11-01|0.583843|0.544237|1.193165|1.072773|1.666391|5.403295|7.000000|0.638315|0.757229|0.948491|1.492248|0.804711|0.620984|0.435186|1.285397|1.215851|0.000000|0.632467|0.557054|0.447307|0.544237|1.201851|1.232281|0.000000|69.000000|0.675065|0.664611|9.000000|0.615393|0.800000|-0.217229|10.000000
OFF_BUY5|2016-05-01|0.665768|0.581902|1.362922|1.144124|1.673984|5.166129|7.000000|0.628719|0.758982|1.035628|1.501259|0.752491|0.605615|0.433553|1.320315|1.236799|0.000000|0.645071|0.586090|0.473815|0.581902|1.167922|1.253315|0.000000|63.000000|0.651646|0.659267|3.000000|0.704220|0.888889|-0.154444|9.000000
ON_BUY6|2009-11-01|0.311943|0.694822|0.599315|0.448954|1.619828|6.523719|6.000000|0.660744|1.000964|1.240627|1.423590|0.815339|0.342450|0.437989|0.802347|0.658007|0.078788|0.349242|0.199815|-0.043423|0.464166|0.762315|0.623324|0.042553|141.000000|0.459086|0.329572|81.000000|0.348921|0.750000|-0.277082|16.000000
ON_BUY6|2010-05-01|0.324577|0.695628|0.618103|0.466596|1.650316|7.372068|6.000000|0.663038|1.007088|1.241596|1.419674|0.826766|0.344480|0.444008|0.836563|0.702936|0.075472|0.345970|0.210954|-0.045710|0.444941|0.772754|0.664199|0.044444|135.000000|0.445571|0.330284|75.000000|0.387716|0.733333|-0.276843|15.000000
ON_BUY6|2010-11-01|0.295211|0.729133|0.561959|0.404879|1.616559|6.542639|6.000000|0.667869|0.984833|1.237026|1.435421|0.799161|0.349156|0.453682|0.800660|0.709370|0.098039|0.368938|0.209842|-0.058713|0.485681|0.778502|0.678683|0.069767|129.000000|0.449834|0.324849|69.000000|0.292702|0.800000|-0.305538|15.000000
ON_BUY6|2011-05-01|0.312388|0.727910|0.594933|0.429158|1.596346|6.798599|6.000000|0.666067|0.987143|1.230587|1.424175|0.810743|0.367973|0.445940|0.864144|0.741715|0.061224|0.393143|0.233715|-0.042747|0.464339|0.881603|0.723628|0.024390|123.000000|0.458715|0.336498|63.000000|0.367877|0.857143|-0.315465|14.000000
ON_BUY6|2011-11-01|0.326673|0.754796|0.634810|0.432797|1.642971|7.105561|6.000000|0.691167|1.052054|1.324930|1.465183|0.789474|0.348741|0.440572|0.854647|0.698965|0.049645|0.353196|0.239529|0.026409|0.444649|0.799576|0.691406|0.000000|117.000000|0.533714|0.308762|57.000000|0.332815|0.785714|-0.354840|14.000000
ON_BUY6|2012-05-01|0.371266|0.728449|0.702275|0.509666|1.662285|7.336546|6.000000|0.646065|0.995039|1.233906|1.411493|0.753452|0.419445|0.435099|0.950848|0.823749|0.037037|0.439608|0.282167|0.083414|0.453603|0.978202|0.819439|0.000000|111.000000|0.580039|0.369333|51.000000|0.432184|0.769231|-0.259326|13.000000
ON_BUY6|2012-11-01|0.394357|0.726006|0.742358|0.543187|1.686317|6.929364|6.000000|0.659506|0.989603|1.223113|1.408606|0.796010|0.413411|0.451273|0.941511|0.796106|0.038760|0.428268|0.294789|0.118745|0.461180|0.948243|0.819180|0.000000|105.000000|0.548422|0.368508|45.000000|0.399271|0.769231|-0.273569|13.000000
ON_BUY6|2013-05-01|0.433680|0.677547|0.845611|0.640074|1.663743|8.173728|6.000000|0.640429|0.846904|1.037420|1.411703|0.780932|0.470572|0.425573|1.049100|0.922744|0.016260|0.496741|0.358100|0.150072|0.449252|1.109524|0.957240|0.000000|99.000000|0.616459|0.423520|39.000000|0.387692|0.750000|-0.185625|12.000000
ON_BUY6|2013-11-01|0.419336|0.669472|0.812663|0.626367|1.667128|7.172153|6.000000|0.633558|0.842699|1.035315|1.491349|0.716987|0.489815|0.434102|1.143314|0.960376|0.008547|0.516315|0.369368|0.118071|0.449609|1.148365|0.984926|0.000000|93.000000|0.583881|0.425534|33.000000|0.380438|0.750000|-0.218313|12.000000
ON_BUY6|2014-05-01|0.414155|0.763790|0.801756|0.542237|1.667870|6.799750|6.000000|0.663697|1.156032|1.386653|1.506027|0.761174|0.437589|0.426068|1.046995|0.897231|0.027027|0.458004|0.367630|0.086076|0.437420|1.070684|0.915968|0.000000|87.000000|0.550974|0.394462|27.000000|0.382837|0.818182|-0.443764|11.000000
ON_BUY6|2014-11-01|0.452755|0.796730|0.886436|0.568267|1.637318|6.771564|7.000000|0.628585|0.707855|0.943182|1.431380|0.733913|0.478339|0.432311|1.111605|0.981253|0.000000|0.482550|0.397901|0.189405|0.432311|1.078507|1.000751|0.000000|81.000000|0.599756|0.480668|21.000000|0.348989|0.727273|-0.408753|11.000000
ON_BUY6|2015-05-01|0.528703|0.623010|1.076934|0.848626|1.592344|7.005862|7.000000|0.649400|0.743891|0.950636|1.475001|0.808280|0.627059|0.439769|1.289680|1.198957|0.000000|0.646265|0.564206|0.187623|0.577237|1.154114|1.221581|0.000000|75.000000|0.721270|0.574605|15.000000|0.521760|0.800000|-0.148331|10.000000
ON_BUY6|2015-11-01|0.604577|0.574825|1.239455|1.051758|1.646416|7.221265|7.000000|0.648509|0.747318|0.945067|1.470469|0.813450|0.611109|0.441382|1.293890|1.185475|0.000000|0.634536|0.546086|0.453793|0.574825|1.140224|1.170670|0.000000|69.000000|0.720667|0.726912|9.000000|0.544812|0.800000|-0.161674|10.000000
ON_BUY6|2016-05-01|0.604519|0.549691|1.283266|1.099743|1.669311|5.810834|6.000000|0.626366|0.741503|0.969156|1.464275|0.700678|0.585338|0.439569|1.266450|1.170579|0.000000|0.591512|0.551434|0.458217|0.549691|1.158206|1.156037|0.000000|63.000000|0.597711|0.599688|3.000000|0.470444|0.888889|-0.150877|9.000000
OFF_BUY6|2009-11-01|0.382229|0.660613|0.743389|0.578597|1.605403|5.576420|5.000000|0.672474|0.947206|1.149435|1.509274|0.843634|0.415142|0.529357|0.930535|0.852272|0.036364|0.457942|0.276050|-0.002624|0.529357|0.794781|0.852977|0.007092|141.000000|0.624892|0.432905|81.000000|0.374901|0.812500|-0.276083|16.000000
OFF_BUY6|2010-05-01|0.423449|0.652302|0.813214|0.649161|1.654677|5.597523|6.000000|0.684659|0.928176|1.149684|1.511682|0.855425|0.453722|0.542296|0.974044|0.915576|0.037736|0.505555|0.348049|0.003485|0.549002|0.892009|0.878186|0.000000|135.000000|0.656014|0.470723|75.000000|0.465615|0.800000|-0.275895|15.000000
OFF_BUY6|2010-11-01|0.386940|0.693265|0.732866|0.558141|1.660148|5.481679|6.000000|0.676068|0.968830|1.117317|1.525334|0.841134|0.420556|0.496254|0.945419|0.873568|0.039216|0.488064|0.309689|-0.020184|0.529977|0.920916|0.835547|0.023256|129.000000|0.609202|0.424238|69.000000|0.374633|0.800000|-0.268140|15.000000
OFF_BUY6|2011-05-01|0.426140|0.659888|0.828872|0.645776|1.595016|5.399690|6.000000|0.663907|0.829350|0.980716|1.505083|0.819649|0.494670|0.447807|0.999182|0.921181|0.020408|0.545968|0.395516|0.002716|0.534673|1.026160|0.957296|0.000000|123.000000|0.690604|0.478012|63.000000|0.359602|0.857143|-0.235964|14.000000
OFF_BUY6|2011-11-01|0.423578|0.656222|0.818859|0.645480|1.625578|7.085390|6.000000|0.666517|0.817169|1.011631|1.493981|0.821278|0.460967|0.504119|1.023270|0.925645|0.000000|0.529430|0.372809|0.108087|0.522407|1.016839|0.959389|0.000000|117.000000|0.642856|0.444784|57.000000|0.368372|0.857143|-0.204813|14.000000
OFF_BUY6|2012-05-01|0.479700|0.663665|0.915326|0.722805|1.664980|4.630500|6.000000|0.657991|0.823303|0.998270|1.502102|0.794761|0.535756|0.532916|1.075020|1.001546|0.000000|0.557543|0.454401|0.198293|0.532916|1.050915|0.991877|0.000000|111.000000|0.709113|0.508640|51.000000|0.465732|0.846154|-0.236804|13.000000
OFF_BUY6|2012-11-01|0.506894|0.640206|0.963357|0.791768|1.695230|5.340374|6.000000|0.659816|0.783839|0.980130|1.498186|0.830852|0.511799|0.554588|1.114542|1.039115|0.000000|0.572286|0.414906|0.141580|0.554588|1.031912|1.013436|0.000000|105.000000|0.663380|0.498288|45.000000|0.462627|0.846154|-0.209833|13.000000
OFF_BUY6|2013-05-01|0.472088|0.619358|0.912966|0.762222|1.669158|4.859402|6.000000|0.647079|0.777475|0.890531|1.472946|0.803764|0.532441|0.490362|1.107905|1.012009|0.000000|0.547543|0.432410|0.196749|0.522015|1.062028|0.996151|0.000000|99.000000|0.641198|0.488797|39.000000|0.413082|0.833333|-0.111383|12.000000
OFF_BUY6|2013-11-01|0.475556|0.641470|0.894423|0.741353|1.676671|5.552261|6.000000|0.642423|0.767306|0.933517|1.500233|0.764103|0.546706|0.442934|1.210227|1.059453|0.000000|0.568121|0.438719|0.178908|0.524699|1.083557|1.035376|0.000000|93.000000|0.654248|0.488553|33.000000|0.371805|0.833333|-0.241180|12.000000
OFF_BUY6|2014-05-01|0.509324|0.707591|0.963356|0.719800|1.668097|4.587854|6.000000|0.649511|0.969421|1.143096|1.496020|0.787525|0.538754|0.440918|1.222310|1.044129|0.000000|0.542651|0.455826|0.123739|0.522825|1.064197|1.029628|0.000000|87.000000|0.639094|0.483364|27.000000|0.466447|0.818182|-0.294869|11.000000
OFF_BUY6|2014-11-01|0.515945|0.768698|0.965098|0.671193|1.655865|5.247726|7.000000|0.627033|0.756753|1.035559|1.485961|0.680348|0.618732|0.429848|1.269100|1.177151|0.000000|0.616292|0.520714|0.092508|0.571332|1.087289|1.162741|0.000000|81.000000|0.677578|0.589642|21.000000|0.465115|0.818182|-0.493068|11.000000
OFF_BUY6|2015-05-01|0.520532|0.609669|1.057967|0.853794|1.613753|4.971361|7.000000|0.642130|0.748377|0.924593|1.463930|0.808032|0.627300|0.430967|1.365049|1.232664|0.000000|0.649348|0.548778|0.210342|0.529846|1.273074|1.217503|0.000000|75.000000|0.705073|0.604426|15.000000|0.587711|0.800000|-0.202475|10.000000
OFF_BUY6|2015-11-01|0.588606|0.572008|1.209975|1.029018|1.661383|5.944363|7.000000|0.639878|0.763818|0.987788|1.486136|0.810030|0.617402|0.435051|1.251372|1.183540|0.000000|0.626679|0.539747|0.430880|0.572008|1.114350|1.218773|0.000000|69.000000|0.679395|0.669525|9.000000|0.585256|0.800000|-0.215975|10.000000
OFF_BUY6|2016-05-01|0.669227|0.581902|1.369533|1.150068|1.673376|5.373444|7.000000|0.629539|0.757778|1.035628|1.501053|0.752491|0.605615|0.433760|1.320223|1.236849|0.000000|0.644581|0.586057|0.473786|0.581902|1.167854|1.253349|0.000000|63.000000|0.655302|0.663425|3.000000|0.704727|0.888889|-0.154444|9.000000
OFF_FIXEDLINE|2009-11-01|0.407983|0.647560|0.800625|0.630030|1.599834|6.310113|6.000000|0.655310|0.919884|1.143036|1.463231|0.802681|0.478231|0.523307|0.919130|0.935340|0.036364|0.520047|0.341648|0.008259|0.523307|0.932061|0.974629|0.000000|141.000000|0.625162|0.488063|81.000000|0.368608|0.812500|-0.281791|16.000000
OFF_FIXEDLINE|2010-05-01|0.426103|0.648396|0.832832|0.657164|1.629980|6.591986|6.000000|0.661806|0.923626|1.144465|1.489070|0.831883|0.492541|0.523309|0.979361|0.965279|0.037736|0.524160|0.400410|0.005610|0.523309|0.957872|0.971643|0.000000|135.000000|0.616416|0.491088|75.000000|0.356751|0.800000|-0.282348|15.000000
OFF_FIXEDLINE|2010-11-01|0.359753|0.695000|0.701135|0.517631|1.598336|4.117990|6.000000|0.669703|0.855990|1.081560|1.484336|0.842947|0.405914|0.468790|0.947900|0.854736|0.071895|0.502732|0.292419|-0.035833|0.522181|0.962754|0.861411|0.062016|129.000000|0.634670|0.423734|69.000000|0.263973|0.800000|-0.305538|15.000000
OFF_FIXEDLINE|2011-05-01|0.383956|0.679545|0.763524|0.565019|1.572632|4.764436|6.000000|0.668417|0.856517|1.023997|1.486455|0.848594|0.427537|0.452274|0.898976|0.823678|0.027211|0.466461|0.382280|-0.004416|0.495755|0.841768|0.881134|0.016260|123.000000|0.609010|0.428040|63.000000|0.257357|0.857143|-0.234771|14.000000
OFF_FIXEDLINE|2011-11-01|0.378868|0.703053|0.732223|0.538890|1.621275|5.738466|6.000000|0.658405|0.882399|1.124879|1.457904|0.779623|0.423770|0.511279|0.932799|0.868178|0.014184|0.487505|0.321951|0.069934|0.520427|0.936741|0.925308|0.000000|117.000000|0.593316|0.400656|57.000000|0.353234|0.857143|-0.292987|14.000000
OFF_FIXEDLINE|2012-05-01|0.427784|0.682031|0.828911|0.627221|1.639864|7.100045|7.000000|0.659904|0.822901|1.032546|1.491071|0.833045|0.461264|0.492863|0.929464|0.839441|0.014815|0.483409|0.411526|0.180276|0.492863|0.867367|0.909552|0.000000|111.000000|0.634990|0.452572|51.000000|0.381545|0.769231|-0.158582|13.000000
OFF_FIXEDLINE|2012-11-01|0.494702|0.643110|0.931996|0.769235|1.698549|5.723655|6.000000|0.645049|0.818710|0.947386|1.527525|0.810899|0.535889|0.547041|1.138193|1.046495|0.000000|0.565894|0.448915|0.163882|0.547041|1.039511|1.031330|0.000000|105.000000|0.657373|0.509196|45.000000|0.465862|0.846154|-0.128994|13.000000
OFF_FIXEDLINE|2013-05-01|0.505145|0.614772|0.989050|0.821679|1.651684|5.522584|7.000000|0.645192|0.772348|0.882362|1.457340|0.798828|0.555643|0.489047|1.187368|1.089038|0.000000|0.575921|0.507502|0.298692|0.524546|1.083811|1.062763|0.000000|99.000000|0.691701|0.540243|39.000000|0.412207|0.833333|-0.026997|12.000000
OFF_FIXEDLINE|2013-11-01|0.487731|0.618637|0.932336|0.788395|1.667335|6.214110|7.000000|0.643891|0.750554|0.882797|1.457034|0.753846|0.503993|0.444747|1.126718|1.010765|0.000000|0.568745|0.453158|0.214989|0.520141|1.094801|1.052197|0.000000|93.000000|0.649999|0.492970|33.000000|0.318309|0.833333|-0.170107|12.000000
OFF_FIXEDLINE|2014-05-01|0.501469|0.709754|0.945133|0.706539|1.662814|6.649168|6.000000|0.653003|1.002873|1.180174|1.488902|0.815877|0.547106|0.445748|1.237114|1.076029|0.000000|0.563047|0.479699|0.121795|0.520585|1.108649|1.058308|0.000000|87.000000|0.639187|0.482058|27.000000|0.466659|0.818182|-0.324314|11.000000
OFF_FIXEDLINE|2014-11-01|0.536863|0.748198|1.012522|0.717541|1.645966|6.869251|7.000000|0.625827|0.705061|0.964863|1.462043|0.694261|0.634707|0.457112|1.308435|1.181679|0.000000|0.612430|0.550382|0.155105|0.546930|1.155662|1.174203|0.000000|81.000000|0.681815|0.601201|21.000000|0.465846|0.818182|-0.423775|11.000000
OFF_FIXEDLINE|2015-05-01|0.535655|0.566464|1.103097|0.945611|1.578706|6.317976|7.000000|0.636779|0.704604|0.776274|1.437455|0.812756|0.593937|0.442737|1.318656|1.168961|0.000000|0.609805|0.517808|0.288732|0.524872|1.206597|1.207055|0.000000|75.000000|0.709370|0.613172|15.000000|0.538787|0.900000|-0.062589|10.000000
OFF_FIXEDLINE|2015-11-01|0.609986|0.523154|1.254973|1.165979|1.638063|5.128513|7.000000|0.634003|0.689756|0.775468|1.445912|0.808511|0.639649|0.449719|1.292308|1.156462|0.000000|0.623190|0.538131|0.451083|0.523154|1.267561|1.221316|0.000000|69.000000|0.704973|0.693260|9.000000|0.517039|0.900000|-0.085085|10.000000
OFF_FIXEDLINE|2016-05-01|0.650825|0.539694|1.327806|1.205916|1.647643|6.276187|6.000000|0.627074|0.701533|0.904368|1.474597|0.746114|0.633004|0.481823|1.270340|1.147475|0.000000|0.616490|0.547182|0.465066|0.539694|1.195861|1.167887|0.000000|63.000000|0.637160|0.648610|3.000000|0.506683|1.000000|0.014326|9.000000
ON_OFFLINE|2009-11-01|0.303418|0.720216|0.595095|0.421287|1.623984|6.979612|6.000000|0.651759|1.016095|1.185041|1.435824|0.822040|0.330691|0.448942|0.806745|0.655553|0.096970|0.325995|0.188546|-0.060109|0.458969|0.683643|0.587530|0.049645|141.000000|0.384882|0.292739|81.000000|0.293818|0.750000|-0.291714|16.000000
ON_OFFLINE|2010-05-01|0.387883|0.681877|0.737730|0.568847|1.655314|7.646031|6.000000|0.685379|0.957204|1.147404|1.474071|0.853634|0.393016|0.516900|0.871985|0.758604|0.075472|0.445189|0.272308|-0.050060|0.516900|0.872039|0.810841|0.051852|135.000000|0.640224|0.405860|75.000000|0.371356|0.800000|-0.280859|15.000000
ON_OFFLINE|2010-11-01|0.351809|0.706970|0.679500|0.497629|1.658626|7.216820|6.000000|0.670419|1.007408|1.177944|1.501491|0.815653|0.392317|0.438231|0.912390|0.824143|0.058824|0.435492|0.231659|-0.058055|0.438231|0.993749|0.787065|0.046512|129.000000|0.532422|0.363849|69.000000|0.317352|0.733333|-0.256687|15.000000
ON_OFFLINE|2011-05-01|0.336220|0.723863|0.652371|0.464480|1.592820|6.443899|6.000000|0.655863|0.974919|1.213541|1.483581|0.756193|0.406644|0.440353|0.924154|0.812656|0.040816|0.453853|0.251377|-0.041983|0.440778|1.029848|0.854450|0.024390|123.000000|0.542945|0.373093|63.000000|0.298252|0.785714|-0.300155|14.000000
ON_OFFLINE|2011-11-01|0.321908|0.750246|0.629395|0.429069|1.643906|6.833521|6.000000|0.665988|1.050695|1.310353|1.439288|0.782719|0.346073|0.429797|0.826475|0.705822|0.049645|0.354610|0.230708|0.018998|0.467631|0.768559|0.694358|0.000000|117.000000|0.528552|0.300853|57.000000|0.309326|0.642857|-0.351394|14.000000
ON_OFFLINE|2012-05-01|0.373748|0.736924|0.703276|0.507173|1.668495|7.372976|6.000000|0.657138|1.023774|1.272954|1.420735|0.806674|0.416466|0.431579|0.961687|0.810525|0.037037|0.435124|0.281635|0.092028|0.453072|0.975799|0.806859|0.000000|111.000000|0.582429|0.363932|51.000000|0.432769|0.769231|-0.290755|13.000000
ON_OFFLINE|2012-11-01|0.449232|0.700612|0.853153|0.641200|1.684780|7.662792|7.000000|0.646695|0.901774|1.120111|1.443691|0.832341|0.479507|0.435801|1.108114|0.935052|0.023256|0.509244|0.317035|0.139063|0.435801|1.168526|0.959991|0.000000|105.000000|0.621825|0.409613|45.000000|0.412335|0.846154|-0.266100|13.000000
ON_OFFLINE|2013-05-01|0.459347|0.647356|0.868939|0.709574|1.686131|7.414623|7.000000|0.645792|0.797470|0.979662|1.468678|0.810244|0.481145|0.485858|1.077201|0.922669|0.016260|0.524981|0.423694|0.205936|0.508871|1.049105|0.962202|0.000000|99.000000|0.647282|0.456752|39.000000|0.401402|0.833333|-0.196367|12.000000
ON_OFFLINE|2013-11-01|0.476510|0.646560|0.907797|0.736992|1.677711|6.811146|7.000000|0.633130|0.805473|0.939203|1.477621|0.687500|0.547275|0.467249|1.139613|1.088497|0.000000|0.571590|0.462828|0.199983|0.573697|1.025699|1.083284|0.000000|93.000000|0.661097|0.502629|33.000000|0.306939|0.833333|-0.204259|12.000000
ON_OFFLINE|2014-05-01|0.492951|0.692940|0.981398|0.711391|1.656683|7.859034|7.000000|0.648553|0.877336|1.082743|1.411703|0.781855|0.494570|0.423979|1.182604|1.001239|0.000000|0.499766|0.419561|0.165910|0.424983|1.175966|0.981745|0.000000|87.000000|0.607472|0.443784|27.000000|0.437304|0.727273|-0.189489|11.000000
ON_OFFLINE|2014-11-01|0.465426|0.820154|0.884778|0.567486|1.632825|6.872029|7.000000|0.622896|0.751339|0.988684|1.446392|0.656732|0.579475|0.438878|1.268746|1.128052|0.038095|0.603640|0.524350|0.021778|0.545515|1.129914|1.159492|0.000000|81.000000|0.642121|0.497456|21.000000|0.470334|0.727273|-0.424718|11.000000
ON_OFFLINE|2015-05-01|0.448872|0.694011|0.916763|0.646779|1.600753|7.041507|7.000000|0.620454|0.743021|0.917428|1.447794|0.647343|0.575867|0.439011|1.244103|1.130787|0.000000|0.600842|0.538570|0.112701|0.561515|1.097345|1.167177|0.000000|75.000000|0.627095|0.525972|15.000000|0.471674|0.800000|-0.198569|10.000000
ON_OFFLINE|2015-11-01|0.554095|0.574797|1.151045|0.963983|1.651831|7.027392|7.000000|0.636840|0.743491|0.918260|1.476695|0.753799|0.630853|0.439018|1.299469|1.213473|0.000000|0.634080|0.564939|0.465690|0.574797|1.162180|1.230711|0.000000|69.000000|0.662420|0.664107|9.000000|0.484057|0.800000|-0.142339|10.000000
ON_OFFLINE|2016-05-01|0.631550|0.561220|1.327067|1.125316|1.673267|7.141231|7.000000|0.625653|0.745804|0.936452|1.460040|0.703468|0.614663|0.440410|1.262616|1.207515|0.000000|0.618987|0.560603|0.453108|0.561220|1.125068|1.179628|0.000000|63.000000|0.622924|0.626900|3.000000|0.470696|0.888889|-0.168004|9.000000
#EX5|2011-11-01|601088,002128,000933,000651,000338
EX5:BASE|2009-11-01|0.324548|0.747002|0.703692|0.434467|1.518298|6.377823|6.000000|0.622829|0.720456|0.951353|1.366326|0.664653|0.395623|0.544576|0.746949|0.797779|0.151515|0.388681|0.219117|-0.174675|0.544576|0.650737|0.779043|0.106383|141.000000|0.504277|0.349218|81.000000|0.247777|0.625000|-0.346536|16.000000
EX5:BASE|2010-05-01|0.348405|0.746047|0.749543|0.467001|1.552428|6.186945|6.000000|0.624717|0.721419|0.948088|1.377367|0.658790|0.408378|0.544113|0.819885|0.833727|0.119497|0.398709|0.317818|-0.159893|0.544113|0.690511|0.818304|0.081481|135.000000|0.493910|0.366905|75.000000|0.312532|0.666667|-0.346227|15.000000
EX5:BASE|2010-11-01|0.382177|0.607389|0.868689|0.629212|1.477373|5.868668|6.000000|0.613558|0.714445|0.966608|1.335703|0.606126|0.428115|0.459484|0.867119|0.878885|0.084967|0.414977|0.346672|-0.016833|0.545557|0.732668|0.871241|0.007752|129.000000|0.503956|0.392043|69.000000|0.321026|0.666667|-0.202368|15.000000
EX5:BASE|2011-05-01|0.402557|0.647831|0.880179|0.621392|1.527429|6.054928|7.000000|0.616400|0.712927|0.949980|1.359071|0.628790|0.425765|0.446711|0.882031|0.929607|0.040816|0.411690|0.352084|0.035113|0.545588|0.726416|0.866492|0.000000|123.000000|0.509980|0.405457|63.000000|0.364335|0.714286|-0.202480|14.000000
EX5:BASE|2011-11-01|0.431282|0.647953|0.931177|0.665606|1.575303|6.978992|7.000000|0.619761|0.712832|0.950122|1.352471|0.653050|0.450745|0.516050|1.037607|1.025840|0.000000|0.438256|0.370645|0.084642|0.545600|0.796197|0.971618|0.000000|117.000000|0.623396|0.431414|57.000000|0.401376|0.714286|-0.202459|14.000000
EX5:BASE|2012-05-01|0.450518|0.656458|0.997669|0.686286|1.600386|5.846693|7.000000|0.617827|0.706232|0.950754|1.347289|0.634843|0.432466|0.544560|0.940567|1.026008|0.000000|0.428444|0.370227|0.133451|0.544560|0.731777|0.901284|0.000000|111.000000|0.600891|0.410202|51.000000|0.444515|0.769231|-0.129949|13.000000
EX5:BASE|2012-11-01|0.499564|0.671043|1.065829|0.744459|1.641236|5.917698|7.000000|0.612950|0.714097|0.994978|1.331284|0.596486|0.452184|0.545674|1.016826|1.106710|0.007752|0.449818|0.382928|0.125621|0.545674|0.819801|1.001881|0.000000|105.000000|0.609587|0.437944|45.000000|0.462752|0.769231|-0.130043|13.000000
EX5:BASE|2013-05-01|0.438414|0.686305|0.929940|0.638804|1.625549|5.948761|7.000000|0.611569|0.729546|1.060315|1.310438|0.594878|0.408679|0.506177|0.900202|0.960975|0.000000|0.419094|0.319613|0.075892|0.531196|0.788963|0.944576|0.000000|99.000000|0.592817|0.381743|39.000000|0.457579|0.833333|-0.237957|12.000000
EX5:BASE|2013-11-01|0.482787|0.659942|1.025959|0.731559|1.627681|5.915589|7.000000|0.613910|0.711301|0.951783|1.360280|0.624679|0.445793|0.472097|0.974898|1.029062|0.000000|0.470786|0.360838|0.143689|0.546543|0.861389|1.063126|0.000000|93.000000|0.612427|0.436388|33.000000|0.396085|0.833333|-0.174884|12.000000
EX5:BASE|2014-05-01|0.515643|0.716158|1.104132|0.720013|1.610342|6.016768|8.000000|0.609873|0.748387|1.002131|1.321429|0.593062|0.432476|0.465276|1.119944|1.058032|0.000000|0.458432|0.349583|0.075129|0.545385|0.842000|1.058332|0.000000|87.000000|0.601346|0.428146|27.000000|0.444501|0.727273|-0.247844|11.000000
EX5:BASE|2014-11-01|0.496412|0.743455|1.042832|0.667710|1.602770|6.378887|7.000000|0.614217|0.706071|0.950148|1.316273|0.613217|0.462102|0.357899|1.310680|1.175918|0.000000|0.478840|0.374428|0.058450|0.545545|0.877728|1.082857|0.000000|81.000000|0.603864|0.474726|21.000000|0.481892|0.727273|-0.315999|11.000000
EX5:BASE|2015-05-01|0.460464|0.564354|1.147594|0.815912|1.508081|5.998019|7.000000|0.604105|0.692944|0.818276|1.338182|0.535472|0.446562|0.320577|1.508314|1.104519|0.000000|0.482739|0.349240|0.122725|0.474254|1.017891|1.126994|0.000000|75.000000|0.607898|0.449823|15.000000|0.484007|0.800000|-0.272405|10.000000
EX5:BASE|2015-11-01|0.479220|0.478839|1.204566|1.000796|1.567354|5.936524|7.000000|0.603741|0.693867|0.803670|1.331754|0.540437|0.399232|0.320714|1.450706|1.137012|0.000000|0.440863|0.362350|0.213095|0.474550|0.940336|1.063922|0.000000|69.000000|0.573013|0.569529|9.000000|0.427481|0.800000|-0.267057|10.000000
EX5:BASE|2016-05-01|0.624935|0.474701|1.577250|1.316482|1.591794|5.940075|7.000000|0.603761|0.694616|0.826776|1.354213|0.532483|0.468000|0.320116|1.548988|1.279256|0.000000|0.502381|0.429232|0.269597|0.474701|1.079670|1.188900|0.000000|63.000000|0.614575|0.616504|3.000000|0.544806|0.888889|-0.076812|9.000000
EX5:REBUILT_CHECK|2009-11-01|0.324548|0.747002|0.703692|0.434467|1.518298|6.377823|6.000000|0.622829|0.720456|0.951353|1.366326|0.664653|0.395623|0.544576|0.746949|0.797779|0.151515|0.388681|0.219117|-0.174675|0.544576|0.650737|0.779043|0.106383|141.000000|0.504277|0.349218|81.000000|0.247777|0.625000|-0.346536|16.000000
EX5:REBUILT_CHECK|2010-05-01|0.348405|0.746047|0.749543|0.467001|1.552428|6.186945|6.000000|0.624717|0.721419|0.948088|1.377367|0.658790|0.408378|0.544113|0.819885|0.833727|0.119497|0.398709|0.317818|-0.159893|0.544113|0.690511|0.818304|0.081481|135.000000|0.493910|0.366905|75.000000|0.312532|0.666667|-0.346227|15.000000
EX5:REBUILT_CHECK|2010-11-01|0.382177|0.607389|0.868689|0.629212|1.477373|5.868668|6.000000|0.613558|0.714445|0.966608|1.335703|0.606126|0.428115|0.459484|0.867119|0.878885|0.084967|0.414977|0.346672|-0.016833|0.545557|0.732668|0.871241|0.007752|129.000000|0.503956|0.392043|69.000000|0.321026|0.666667|-0.202368|15.000000
EX5:REBUILT_CHECK|2011-05-01|0.402557|0.647831|0.880179|0.621392|1.527429|6.054928|7.000000|0.616400|0.712927|0.949980|1.359071|0.628790|0.425765|0.446711|0.882031|0.929607|0.040816|0.411690|0.352084|0.035113|0.545588|0.726416|0.866492|0.000000|123.000000|0.509980|0.405457|63.000000|0.364335|0.714286|-0.202480|14.000000
EX5:REBUILT_CHECK|2011-11-01|0.431282|0.647953|0.931177|0.665606|1.575303|6.978992|7.000000|0.619761|0.712832|0.950122|1.352471|0.653050|0.450745|0.516050|1.037607|1.025840|0.000000|0.438256|0.370645|0.084642|0.545600|0.796197|0.971618|0.000000|117.000000|0.623396|0.431414|57.000000|0.401376|0.714286|-0.202459|14.000000
EX5:REBUILT_CHECK|2012-05-01|0.450518|0.656458|0.997669|0.686286|1.600386|5.846693|7.000000|0.617827|0.706232|0.950754|1.347289|0.634843|0.432466|0.544560|0.940567|1.026008|0.000000|0.428444|0.370227|0.133451|0.544560|0.731777|0.901284|0.000000|111.000000|0.600891|0.410202|51.000000|0.444515|0.769231|-0.129949|13.000000
EX5:REBUILT_CHECK|2012-11-01|0.499564|0.671043|1.065829|0.744459|1.641236|5.917698|7.000000|0.612950|0.714097|0.994978|1.331284|0.596486|0.452184|0.545674|1.016826|1.106710|0.007752|0.449818|0.382928|0.125621|0.545674|0.819801|1.001881|0.000000|105.000000|0.609587|0.437944|45.000000|0.462752|0.769231|-0.130043|13.000000
EX5:REBUILT_CHECK|2013-05-01|0.438414|0.686305|0.929940|0.638804|1.625549|5.948761|7.000000|0.611569|0.729546|1.060315|1.310438|0.594878|0.408679|0.506177|0.900202|0.960975|0.000000|0.419094|0.319613|0.075892|0.531196|0.788963|0.944576|0.000000|99.000000|0.592817|0.381743|39.000000|0.457579|0.833333|-0.237957|12.000000
EX5:REBUILT_CHECK|2013-11-01|0.482787|0.659942|1.025959|0.731559|1.627681|5.915589|7.000000|0.613910|0.711301|0.951783|1.360280|0.624679|0.445793|0.472097|0.974898|1.029062|0.000000|0.470786|0.360838|0.143689|0.546543|0.861389|1.063126|0.000000|93.000000|0.612427|0.436388|33.000000|0.396085|0.833333|-0.174884|12.000000
EX5:REBUILT_CHECK|2014-05-01|0.515643|0.716158|1.104132|0.720013|1.610342|6.016768|8.000000|0.609873|0.748387|1.002131|1.321429|0.593062|0.432476|0.465276|1.119944|1.058032|0.000000|0.458432|0.349583|0.075129|0.545385|0.842000|1.058332|0.000000|87.000000|0.601346|0.428146|27.000000|0.444501|0.727273|-0.247844|11.000000
EX5:REBUILT_CHECK|2014-11-01|0.496412|0.743455|1.042832|0.667710|1.602770|6.378887|7.000000|0.614217|0.706071|0.950148|1.316273|0.613217|0.462102|0.357899|1.310680|1.175918|0.000000|0.478840|0.374428|0.058450|0.545545|0.877728|1.082857|0.000000|81.000000|0.603864|0.474726|21.000000|0.481892|0.727273|-0.315999|11.000000
EX5:REBUILT_CHECK|2015-05-01|0.460464|0.564354|1.147594|0.815912|1.508081|5.998019|7.000000|0.604105|0.692944|0.818276|1.338182|0.535472|0.446562|0.320577|1.508314|1.104519|0.000000|0.482739|0.349240|0.122725|0.474254|1.017891|1.126994|0.000000|75.000000|0.607898|0.449823|15.000000|0.484007|0.800000|-0.272405|10.000000
EX5:REBUILT_CHECK|2015-11-01|0.479220|0.478839|1.204566|1.000796|1.567354|5.936524|7.000000|0.603741|0.693867|0.803670|1.331754|0.540437|0.399232|0.320714|1.450706|1.137012|0.000000|0.440863|0.362350|0.213095|0.474550|0.940336|1.063922|0.000000|69.000000|0.573013|0.569529|9.000000|0.427481|0.800000|-0.267057|10.000000
EX5:REBUILT_CHECK|2016-05-01|0.624935|0.474701|1.577250|1.316482|1.591794|5.940075|7.000000|0.603761|0.694616|0.826776|1.354213|0.532483|0.468000|0.320116|1.548988|1.279256|0.000000|0.502381|0.429232|0.269597|0.474701|1.079670|1.188900|0.000000|63.000000|0.614575|0.616504|3.000000|0.544806|0.888889|-0.076812|9.000000
EX5:OFF_M10|2009-11-01|0.361192|0.714219|0.809053|0.505716|1.498241|6.559409|6.000000|0.629219|0.785319|1.049001|1.361098|0.757284|0.432414|0.570311|0.836498|0.954904|0.151515|0.434402|0.255220|-0.115192|0.570311|0.745478|0.886619|0.099291|141.000000|0.612154|0.426105|81.000000|0.305339|0.687500|-0.339361|16.000000
EX5:OFF_M10|2010-05-01|0.332359|0.708836|0.745582|0.468879|1.533308|6.172951|7.000000|0.621693|0.745041|0.869427|1.376444|0.676163|0.377697|0.491334|0.726107|0.837741|0.119497|0.370527|0.257092|-0.115788|0.526652|0.664426|0.771022|0.081481|135.000000|0.510353|0.357497|75.000000|0.227306|0.666667|-0.340671|15.000000
EX5:OFF_M10|2010-11-01|0.351203|0.648464|0.804732|0.541592|1.531839|6.077652|7.000000|0.620078|0.724478|0.878723|1.373877|0.674753|0.388500|0.492005|0.793908|0.880904|0.084967|0.392844|0.296297|-0.064070|0.525371|0.725612|0.822335|0.046512|129.000000|0.506429|0.377165|69.000000|0.246000|0.733333|-0.336861|15.000000
EX5:OFF_M10|2011-05-01|0.383324|0.562663|0.866160|0.681267|1.526189|6.666424|7.000000|0.624516|0.757266|0.929619|1.394214|0.683219|0.390671|0.497456|0.769617|0.847974|0.047619|0.395844|0.280695|0.032255|0.526105|0.737251|0.812030|0.000000|123.000000|0.484099|0.388628|63.000000|0.414566|0.714286|-0.341502|14.000000
EX5:OFF_M10|2011-11-01|0.445940|0.571897|0.992235|0.779757|1.565979|7.205135|7.000000|0.628548|0.768365|1.086556|1.396227|0.794000|0.454713|0.502588|0.894360|1.041190|0.007092|0.474561|0.352261|0.096043|0.561602|0.829802|0.950880|0.000000|117.000000|0.659487|0.456728|57.000000|0.407538|0.785714|-0.316805|14.000000
EX5:OFF_M10|2012-05-01|0.443576|0.573095|0.991145|0.774000|1.623227|6.299009|7.000000|0.619323|0.734623|0.884805|1.385067|0.680523|0.405873|0.459091|0.948390|0.910547|0.000000|0.453066|0.324950|0.135752|0.527300|0.910726|0.937735|0.000000|111.000000|0.606299|0.421202|51.000000|0.441375|0.846154|-0.337918|13.000000
EX5:OFF_M10|2012-11-01|0.538826|0.562831|1.192023|0.957351|1.644856|6.766777|6.000000|0.623292|0.762862|1.037123|1.399994|0.756403|0.499625|0.513694|1.054302|1.206332|0.000000|0.537777|0.408173|0.147500|0.562831|0.955487|1.096830|0.000000|105.000000|0.665516|0.509169|45.000000|0.436111|0.846154|-0.318193|13.000000
EX5:OFF_M10|2013-05-01|0.539718|0.563243|1.176636|0.958233|1.623088|6.503915|7.000000|0.621157|0.746524|1.033626|1.396971|0.721691|0.507040|0.478402|1.128096|1.197487|0.000000|0.543693|0.390620|0.140759|0.563243|0.965291|1.115624|0.000000|99.000000|0.670787|0.511418|39.000000|0.464217|0.916667|-0.307064|12.000000
EX5:OFF_M10|2013-11-01|0.491024|0.566434|1.045657|0.866868|1.652826|6.680232|7.000000|0.618430|0.754622|1.024231|1.428502|0.657372|0.437353|0.505487|1.085932|1.036665|0.000000|0.473509|0.327071|0.096977|0.527782|0.913385|0.987136|0.000000|93.000000|0.604449|0.436035|33.000000|0.416779|0.916667|-0.339856|12.000000
EX5:OFF_M10|2014-05-01|0.569164|0.633774|1.205469|0.898056|1.628240|6.868420|7.000000|0.619426|0.777557|1.059258|1.346937|0.656771|0.462540|0.489833|1.149483|1.200432|0.000000|0.544592|0.392617|0.088054|0.567067|0.960366|1.124526|0.000000|87.000000|0.632493|0.486693|27.000000|0.462284|0.909091|-0.301491|11.000000
EX5:OFF_M10|2014-11-01|0.539046|0.650073|1.155681|0.829209|1.632528|6.652943|7.000000|0.614589|0.755656|0.927123|1.387477|0.641043|0.491533|0.494325|1.237319|1.214072|0.000000|0.517263|0.387748|0.086050|0.494325|1.043976|1.114545|0.000000|81.000000|0.620684|0.517375|21.000000|0.422019|0.818182|-0.345213|11.000000
EX5:OFF_M10|2015-05-01|0.529905|0.571957|1.237643|0.926477|1.541056|6.570138|7.000000|0.614996|0.791497|1.051842|1.402075|0.671126|0.533640|0.475398|1.308120|1.343902|0.000000|0.614431|0.493273|0.132248|0.571957|1.077488|1.272644|0.000000|75.000000|0.669434|0.534757|15.000000|0.620341|0.800000|-0.307742|10.000000
EX5:OFF_M10|2015-11-01|0.557472|0.497087|1.302559|1.121479|1.603349|6.519833|7.000000|0.615956|0.769826|0.914248|1.400059|0.658107|0.530902|0.489636|1.407611|1.310957|0.000000|0.557121|0.467479|0.295570|0.497087|1.120773|1.197705|0.000000|69.000000|0.638974|0.634484|9.000000|0.649987|0.800000|-0.345725|10.000000
EX5:OFF_M10|2016-05-01|0.720631|0.493602|1.706209|1.459944|1.618240|6.867210|7.000000|0.618952|0.746359|0.976918|1.427307|0.663611|0.631666|0.444924|1.860929|1.596339|0.000000|0.688340|0.626216|0.480184|0.444924|1.503104|1.541372|0.000000|63.000000|0.708111|0.713074|3.000000|0.768686|0.888889|-0.309683|9.000000
EX5:OFF_M11|2009-11-01|0.348729|0.721241|0.770267|0.483513|1.497353|6.241247|6.000000|0.627395|0.804334|1.049435|1.375185|0.713707|0.407240|0.570268|0.777597|0.882412|0.151515|0.414720|0.217671|-0.133360|0.570268|0.669891|0.837901|0.120567|141.000000|0.631169|0.407034|81.000000|0.295735|0.687500|-0.319096|16.000000
EX5:OFF_M11|2010-05-01|0.339672|0.723247|0.748126|0.469649|1.529739|6.256609|7.000000|0.618727|0.771146|1.030676|1.396555|0.658390|0.350294|0.560131|0.636797|0.780241|0.119497|0.371807|0.215739|-0.139262|0.560131|0.589283|0.783418|0.103704|135.000000|0.580420|0.383468|75.000000|0.410398|0.733333|-0.345190|15.000000
EX5:OFF_M11|2010-11-01|0.386038|0.648407|0.874210|0.595364|1.511807|6.803330|6.000000|0.631887|0.735782|1.036905|1.360996|0.772861|0.439205|0.516446|0.867786|1.034960|0.084967|0.448423|0.329592|-0.079733|0.563014|0.777236|0.939914|0.038760|129.000000|0.608386|0.434571|69.000000|0.353044|0.733333|-0.324847|15.000000
EX5:OFF_M11|2011-05-01|0.412574|0.560214|0.945490|0.736457|1.527565|6.032229|7.000000|0.618913|0.729512|0.875752|1.380300|0.661244|0.416850|0.471492|0.820694|0.939167|0.047619|0.465797|0.311023|0.031148|0.525700|0.890703|0.952440|0.000000|123.000000|0.604967|0.443406|63.000000|0.397376|0.785714|-0.336590|14.000000
EX5:OFF_M11|2011-11-01|0.417633|0.608543|0.942304|0.686283|1.568164|6.104415|6.000000|0.620374|0.737209|0.885664|1.377273|0.674571|0.455591|0.467997|0.912355|1.054622|0.007092|0.449681|0.358492|0.082923|0.493218|0.942546|0.941994|0.000000|117.000000|0.627563|0.442116|57.000000|0.407268|0.785714|-0.331978|14.000000
EX5:OFF_M11|2012-05-01|0.467176|0.611222|1.031825|0.764331|1.611478|6.602807|7.000000|0.622805|0.793035|1.077328|1.399736|0.725291|0.455641|0.548372|0.914289|1.040867|0.000000|0.476416|0.358000|0.129474|0.548372|0.868783|0.969119|0.000000|111.000000|0.646129|0.451810|51.000000|0.422161|0.846154|-0.325803|13.000000
EX5:OFF_M11|2012-11-01|0.518876|0.608390|1.139975|0.852867|1.642264|6.485209|7.000000|0.621325|0.795463|1.037853|1.400410|0.723049|0.475353|0.562863|1.005176|1.137249|0.000000|0.533095|0.374413|0.115435|0.562863|0.947112|1.070847|0.000000|105.000000|0.658492|0.483267|45.000000|0.436137|0.846154|-0.319681|13.000000
EX5:OFF_M11|2013-05-01|0.534871|0.519708|1.216987|1.029175|1.622143|6.284468|7.000000|0.615564|0.699011|0.847588|1.381531|0.630052|0.506518|0.439580|1.204550|1.230278|0.000000|0.515533|0.404873|0.221229|0.480718|1.074842|1.086613|0.000000|99.000000|0.652932|0.499934|39.000000|0.477771|0.916667|-0.320050|12.000000
EX5:OFF_M11|2013-11-01|0.531999|0.570112|1.120635|0.933148|1.655170|6.177475|7.000000|0.616829|0.773465|1.049079|1.429635|0.679167|0.478939|0.526764|1.207731|1.153567|0.000000|0.544123|0.361280|0.121605|0.570112|0.954414|1.104239|0.000000|93.000000|0.647219|0.499563|33.000000|0.430775|0.916667|-0.337662|12.000000
EX5:OFF_M11|2014-05-01|0.547703|0.643401|1.167552|0.851262|1.642348|5.820648|8.000000|0.609305|0.704283|0.875854|1.339225|0.607738|0.461978|0.444281|1.306229|1.232560|0.000000|0.554717|0.427458|0.111973|0.509206|1.119430|1.200025|0.000000|87.000000|0.625471|0.487465|27.000000|0.446698|0.727273|-0.319652|11.000000
EX5:OFF_M11|2014-11-01|0.534902|0.650073|1.150381|0.822833|1.642225|6.185373|7.000000|0.609580|0.739129|0.991329|1.389720|0.594783|0.459853|0.443800|1.247461|1.127331|0.000000|0.507041|0.379880|0.135767|0.493543|1.046214|1.134805|0.000000|81.000000|0.614956|0.515366|21.000000|0.431613|0.818182|-0.359696|11.000000
EX5:OFF_M11|2015-05-01|0.528935|0.492871|1.247246|1.073171|1.545702|6.585349|7.000000|0.616525|0.773551|0.974439|1.394156|0.662951|0.515207|0.485107|1.517263|1.343999|0.000000|0.594119|0.477198|0.149351|0.492871|1.210556|1.276269|0.000000|75.000000|0.658368|0.533847|15.000000|0.611684|0.800000|-0.318552|10.000000
EX5:OFF_M11|2015-11-01|0.595553|0.493898|1.409396|1.205822|1.594544|6.083303|7.000000|0.614437|0.740301|0.977878|1.408664|0.638176|0.583778|0.444788|1.768933|1.508229|0.000000|0.677276|0.596099|0.380187|0.444788|1.425924|1.495742|0.000000|69.000000|0.689126|0.684723|9.000000|0.609677|0.800000|-0.310311|10.000000
EX5:OFF_M11|2016-05-01|0.694953|0.493602|1.658560|1.407922|1.617752|6.004861|7.000000|0.617291|0.744840|0.976918|1.416655|0.665205|0.626854|0.444924|1.790200|1.573605|0.000000|0.686117|0.620268|0.474188|0.444924|1.499160|1.535908|0.000000|63.000000|0.682077|0.687730|3.000000|0.757091|0.888889|-0.309683|9.000000
EX5:OFF_M12|2009-11-01|0.352612|0.721241|0.778134|0.488896|1.497385|6.364457|6.000000|0.628103|0.804502|1.050377|1.373501|0.701799|0.407168|0.571961|0.779933|0.888087|0.151515|0.415141|0.217678|-0.133360|0.571961|0.670596|0.838932|0.120567|141.000000|0.634687|0.412424|81.000000|0.289500|0.687500|-0.318306|16.000000
EX5:OFF_M12|2010-05-01|0.346518|0.723247|0.776196|0.479114|1.516291|6.634219|6.000000|0.630435|0.772794|1.003927|1.371929|0.699425|0.389840|0.548566|0.759235|0.892758|0.119497|0.404364|0.253806|-0.120294|0.548566|0.704615|0.858258|0.088889|135.000000|0.578369|0.389636|75.000000|0.388144|0.666667|-0.315473|15.000000
EX5:OFF_M12|2010-11-01|0.347402|0.648407|0.786087|0.535777|1.517492|5.980678|7.000000|0.617180|0.715468|0.869990|1.341927|0.644628|0.367597|0.487420|0.753135|0.843186|0.084967|0.421856|0.255175|-0.096656|0.503742|0.837444|0.857695|0.077519|129.000000|0.542702|0.379834|69.000000|0.413662|0.666667|-0.313870|15.000000
EX5:OFF_M12|2011-05-01|0.370581|0.625622|0.832778|0.592340|1.529312|6.021821|7.000000|0.617191|0.726039|0.885858|1.387327|0.642694|0.354350|0.474343|0.691521|0.761561|0.047619|0.417572|0.243379|-0.012369|0.527926|0.799208|0.869905|0.016260|123.000000|0.516232|0.382197|63.000000|0.436140|0.714286|-0.337885|14.000000
EX5:OFF_M12|2011-11-01|0.406933|0.614910|0.897821|0.661776|1.586004|6.091144|7.000000|0.618910|0.729410|0.886366|1.400954|0.641143|0.383993|0.476952|0.756581|0.847143|0.007092|0.468592|0.278349|0.044825|0.521648|0.915957|0.967541|0.000000|117.000000|0.636806|0.409887|57.000000|0.425616|0.714286|-0.329620|14.000000
EX5:OFF_M12|2012-05-01|0.468633|0.611222|1.041553|0.766714|1.609016|6.133910|7.000000|0.624154|0.787534|1.002398|1.374822|0.703198|0.468613|0.548285|0.914456|1.082317|0.000000|0.484912|0.358192|0.129457|0.548285|0.884415|0.988415|0.000000|111.000000|0.648041|0.463378|51.000000|0.443964|0.846154|-0.325678|13.000000
EX5:OFF_M12|2012-11-01|0.500386|0.610101|1.106534|0.820169|1.647173|6.318304|7.000000|0.618039|0.742177|0.888547|1.368349|0.644133|0.434505|0.459056|1.008790|1.025916|0.000000|0.514455|0.326210|0.132338|0.497550|1.042915|1.084392|0.000000|105.000000|0.655034|0.453459|45.000000|0.425473|0.846154|-0.306815|13.000000
EX5:OFF_M12|2013-05-01|0.525199|0.519708|1.196237|1.010565|1.622628|5.898669|7.000000|0.615677|0.700318|0.847607|1.374797|0.636532|0.506465|0.439582|1.204466|1.224569|0.000000|0.511570|0.405761|0.221213|0.480733|1.073569|1.083925|0.000000|99.000000|0.638733|0.503338|39.000000|0.479145|0.916667|-0.320090|12.000000
EX5:OFF_M12|2013-11-01|0.509483|0.583197|1.085543|0.873603|1.651558|8.072875|7.000000|0.616877|0.715529|0.866987|1.395512|0.648718|0.484216|0.447733|1.142311|1.129090|0.000000|0.520652|0.331525|0.129432|0.526900|1.012133|1.084619|0.000000|93.000000|0.643874|0.452970|33.000000|0.427062|0.833333|-0.337078|12.000000
EX5:OFF_M12|2014-05-01|0.573978|0.641924|1.203753|0.894153|1.640275|6.672905|7.000000|0.609581|0.764783|1.036718|1.370934|0.598399|0.474785|0.505771|1.247446|1.265475|0.000000|0.558808|0.426772|0.059319|0.562656|0.993162|1.161344|0.000000|87.000000|0.658081|0.492834|27.000000|0.440677|0.818182|-0.315400|11.000000
EX5:OFF_M12|2014-11-01|0.522096|0.650073|1.120297|0.803135|1.641842|6.140974|7.000000|0.610696|0.739681|0.991329|1.372095|0.601739|0.441629|0.443800|1.245857|1.139730|0.000000|0.508766|0.383007|0.135767|0.493543|1.042435|1.103611|0.000000|81.000000|0.598451|0.502797|21.000000|0.424348|0.818182|-0.359696|11.000000
EX5:OFF_M12|2015-05-01|0.550855|0.498336|1.292269|1.105388|1.551600|7.416612|7.000000|0.615489|0.735200|0.986922|1.368823|0.649944|0.553520|0.449130|1.598550|1.366847|0.000000|0.622806|0.507176|0.202339|0.498336|1.275866|1.355034|0.000000|75.000000|0.686154|0.569264|15.000000|0.655465|0.800000|-0.307805|10.000000
EX5:OFF_M12|2015-11-01|0.624383|0.486491|1.472263|1.283443|1.587607|6.838323|7.000000|0.616417|0.740013|0.949615|1.408607|0.622844|0.568280|0.444775|1.876721|1.556086|0.000000|0.669109|0.593060|0.380370|0.444775|1.448699|1.495277|0.000000|69.000000|0.722160|0.719638|9.000000|0.648871|0.800000|-0.291046|10.000000
EX5:OFF_M12|2016-05-01|0.708164|0.486739|1.683928|1.454916|1.611011|6.568546|7.000000|0.618570|0.752788|0.950540|1.413636|0.646074|0.614469|0.445345|1.855076|1.560487|0.000000|0.670168|0.611673|0.465793|0.445345|1.469105|1.497199|0.000000|63.000000|0.695481|0.701254|3.000000|0.838442|0.888889|-0.291529|9.000000
EX5:OFF_M13|2009-11-01|0.344405|0.724791|0.774004|0.475178|1.495439|5.846888|6.000000|0.624627|0.773712|1.106629|1.369450|0.682290|0.392177|0.561241|0.751015|0.898210|0.151515|0.416489|0.207184|-0.115156|0.561241|0.712432|0.864593|0.106383|141.000000|0.635698|0.418603|81.000000|0.313996|0.687500|-0.314343|16.000000
EX5:OFF_M13|2010-05-01|0.365004|0.714273|0.804418|0.511014|1.517475|6.198417|6.000000|0.632428|0.779076|1.106404|1.380327|0.743335|0.441281|0.560661|0.812742|0.950033|0.119497|0.441941|0.285509|-0.129887|0.560661|0.725567|0.897014|0.088889|135.000000|0.622204|0.429047|75.000000|0.405992|0.733333|-0.343018|15.000000
EX5:OFF_M13|2010-11-01|0.373222|0.649882|0.834023|0.574292|1.532482|5.865086|7.000000|0.625700|0.741782|1.089381|1.392606|0.682751|0.390797|0.526784|0.765976|0.852597|0.084967|0.450555|0.280260|-0.061069|0.570573|0.789654|0.891636|0.038760|129.000000|0.588876|0.428867|69.000000|0.405989|0.733333|-0.335136|15.000000
EX5:OFF_M13|2011-05-01|0.371657|0.581374|0.837611|0.639274|1.533667|5.485888|7.000000|0.618627|0.734911|0.868221|1.399162|0.634989|0.390276|0.478810|0.750463|0.841651|0.047619|0.431052|0.286689|0.020294|0.522831|0.837644|0.882555|0.000000|123.000000|0.544492|0.411381|63.000000|0.405483|0.785714|-0.331739|14.000000
EX5:OFF_M13|2011-11-01|0.417197|0.593468|0.934478|0.702982|1.572309|7.125780|7.000000|0.623677|0.781251|1.035441|1.392693|0.676000|0.439358|0.510274|0.814931|0.945358|0.007092|0.493084|0.332722|0.077788|0.557889|0.883838|1.002689|0.000000|117.000000|0.625996|0.450851|57.000000|0.445952|0.785714|-0.325143|14.000000
EX5:OFF_M13|2012-05-01|0.466147|0.565706|1.043257|0.824009|1.603670|6.322725|6.000000|0.631350|0.766589|1.039046|1.387449|0.721512|0.470650|0.522321|1.029703|1.146572|0.000000|0.489257|0.394030|0.156352|0.565706|0.875459|1.021827|0.000000|111.000000|0.618914|0.473998|51.000000|0.446690|0.846154|-0.321804|13.000000
EX5:OFF_M13|2012-11-01|0.458501|0.603721|1.026660|0.759459|1.640900|5.586957|7.000000|0.621166|0.768394|0.953021|1.382023|0.637582|0.456521|0.501462|0.954393|1.044878|0.000000|0.452192|0.349077|0.103586|0.501462|0.901748|0.952857|0.000000|105.000000|0.577601|0.438221|45.000000|0.456608|0.846154|-0.328038|13.000000
EX5:OFF_M13|2013-05-01|0.504650|0.508662|1.142483|0.992112|1.626362|6.161665|7.000000|0.613294|0.697337|0.870612|1.377474|0.599198|0.483146|0.443804|1.086106|1.122828|0.000000|0.547904|0.373133|0.180141|0.508384|1.102180|1.125828|0.000000|99.000000|0.622278|0.499060|39.000000|0.473842|0.833333|-0.313599|12.000000
EX5:OFF_M13|2013-11-01|0.536294|0.585280|1.133066|0.916303|1.627348|6.526006|7.000000|0.626734|0.771773|1.089919|1.394775|0.705128|0.488417|0.488952|1.211685|1.250565|0.000000|0.583788|0.401898|0.138621|0.570496|1.023300|1.158552|0.000000|93.000000|0.656594|0.507428|33.000000|0.432901|0.916667|-0.323297|12.000000
EX5:OFF_M13|2014-05-01|0.562063|0.638750|1.208606|0.879942|1.645328|6.222917|7.000000|0.607260|0.700999|0.868130|1.365939|0.572048|0.496265|0.448485|1.481086|1.344682|0.000000|0.584061|0.467640|0.107274|0.517170|1.167227|1.257826|0.000000|87.000000|0.640928|0.501471|27.000000|0.430973|0.727273|-0.324762|11.000000
EX5:OFF_M13|2014-11-01|0.556459|0.649720|1.206922|0.856461|1.632101|5.739938|7.000000|0.609357|0.725009|0.953784|1.330856|0.585043|0.510888|0.438546|1.493094|1.338271|0.000000|0.569809|0.451831|0.143392|0.485682|1.168710|1.274406|0.000000|81.000000|0.639739|0.554900|21.000000|0.442460|0.818182|-0.340176|11.000000
EX5:OFF_M13|2015-05-01|0.533654|0.498336|1.268658|1.070872|1.552054|5.815567|7.000000|0.613830|0.728714|0.986922|1.358911|0.624303|0.559552|0.439186|1.632578|1.385847|0.000000|0.623773|0.511300|0.206169|0.498336|1.280199|1.363563|0.000000|75.000000|0.663674|0.552888|15.000000|0.669966|0.800000|-0.307805|10.000000
EX5:OFF_M13|2015-11-01|0.590405|0.486491|1.409145|1.213599|1.586296|6.593892|7.000000|0.615465|0.740545|0.949615|1.388740|0.616328|0.575500|0.444191|1.872136|1.570167|0.000000|0.676124|0.600399|0.381369|0.444191|1.452465|1.507843|0.000000|69.000000|0.682825|0.682657|9.000000|0.638642|0.800000|-0.291046|10.000000
EX5:OFF_M13|2016-05-01|0.696731|0.486739|1.677594|1.431427|1.610903|5.812725|7.000000|0.617900|0.744427|0.950540|1.396948|0.633320|0.623378|0.444271|1.893302|1.599561|0.000000|0.682875|0.625312|0.478872|0.444271|1.497587|1.521842|0.000000|63.000000|0.683772|0.688598|3.000000|0.889423|0.888889|-0.291529|9.000000
EX5:OFF_M14|2009-11-01|0.313004|0.724462|0.702683|0.432051|1.492633|5.271494|6.000000|0.619693|0.733580|0.854628|1.334329|0.630859|0.411183|0.486379|0.773646|0.892614|0.151515|0.396816|0.222270|-0.130506|0.486379|0.724760|0.826280|0.113475|141.000000|0.558339|0.382785|81.000000|0.322294|0.687500|-0.322324|16.000000
EX5:OFF_M14|2010-05-01|0.335518|0.714730|0.740364|0.469434|1.526330|4.995023|6.000000|0.628877|0.800392|1.050673|1.370692|0.683220|0.429698|0.564154|0.837174|0.956232|0.119497|0.436485|0.284207|-0.116040|0.570619|0.744810|0.889220|0.081481|135.000000|0.559774|0.426384|75.000000|0.405988|0.733333|-0.331269|15.000000
EX5:OFF_M14|2010-11-01|0.347535|0.648584|0.773836|0.535836|1.524226|6.438554|6.000000|0.628393|0.748304|1.065772|1.387261|0.679019|0.362289|0.557683|0.691015|0.787280|0.084967|0.431386|0.252481|-0.077167|0.557683|0.773532|0.851240|0.046512|129.000000|0.591168|0.401816|69.000000|0.392389|0.666667|-0.332563|15.000000
EX5:OFF_M14|2011-05-01|0.392523|0.609136|0.893480|0.644393|1.518280|6.158542|7.000000|0.621838|0.776855|1.023156|1.373882|0.656678|0.452342|0.500465|0.849430|1.009548|0.047619|0.465249|0.327492|0.018997|0.546509|0.851312|0.963282|0.000000|123.000000|0.603727|0.452699|63.000000|0.438609|0.785714|-0.326453|14.000000
EX5:OFF_M14|2011-11-01|0.367673|0.604899|0.831320|0.607825|1.575859|4.971738|7.000000|0.616197|0.736488|0.869322|1.366799|0.612286|0.426403|0.470943|0.873973|1.011297|0.007092|0.436746|0.343651|0.081381|0.504066|0.905184|0.908340|0.000000|117.000000|0.542787|0.422861|57.000000|0.401748|0.785714|-0.328434|14.000000
EX5:OFF_M14|2012-05-01|0.436504|0.608067|0.976817|0.717855|1.619913|6.165087|7.000000|0.619946|0.743594|0.875547|1.401526|0.646512|0.402442|0.458908|0.842710|0.960175|0.000000|0.527529|0.293248|0.115048|0.526904|1.033736|1.099522|0.000000|111.000000|0.614841|0.453721|51.000000|0.445504|0.769231|-0.334084|13.000000
EX5:OFF_M14|2012-11-01|0.484113|0.590335|1.085854|0.820064|1.638991|6.327548|7.000000|0.620494|0.755308|1.035087|1.379148|0.659917|0.453553|0.519846|0.933223|1.096374|0.000000|0.531120|0.352068|0.103146|0.560697|0.947250|1.065414|0.000000|105.000000|0.610076|0.481234|45.000000|0.472551|0.846154|-0.314175|13.000000
EX5:OFF_M14|2013-05-01|0.480384|0.565055|1.065895|0.850154|1.636557|5.696252|7.000000|0.608116|0.707486|0.869012|1.384579|0.570811|0.450003|0.449391|1.134545|1.113999|0.000000|0.553483|0.332345|0.133661|0.518772|1.082565|1.153388|0.000000|99.000000|0.617164|0.476543|39.000000|0.476491|0.833333|-0.325376|12.000000
EX5:OFF_M14|2013-11-01|0.497186|0.586515|1.060859|0.847696|1.638762|5.568439|7.000000|0.617394|0.774761|1.049955|1.399106|0.658333|0.472622|0.505409|1.139491|1.150622|0.000000|0.553121|0.347018|0.098144|0.570373|0.969752|1.128216|0.000000|93.000000|0.622498|0.478790|33.000000|0.447037|0.833333|-0.313804|12.000000
EX5:OFF_M14|2014-05-01|0.532594|0.626376|1.160617|0.850278|1.637378|6.232721|7.000000|0.605269|0.709972|0.848774|1.293586|0.551701|0.487142|0.443269|1.294237|1.200475|0.000000|0.526385|0.396271|0.153098|0.484585|1.101704|1.146987|0.000000|87.000000|0.585610|0.491472|27.000000|0.451984|0.909091|-0.326196|11.000000
EX5:OFF_M14|2014-11-01|0.526564|0.649720|1.146780|0.810448|1.632152|5.813904|7.000000|0.610234|0.722278|0.953784|1.322393|0.590609|0.513137|0.438546|1.407142|1.322216|0.000000|0.548288|0.434499|0.143191|0.485682|1.129172|1.223657|0.000000|81.000000|0.601845|0.537565|21.000000|0.454096|0.818182|-0.340176|11.000000
EX5:OFF_M14|2015-05-01|0.493439|0.498336|1.180496|0.990173|1.552144|5.285201|7.000000|0.612524|0.721293|0.986922|1.360065|0.621702|0.527745|0.439186|1.496427|1.303259|0.000000|0.588292|0.474961|0.204942|0.498336|1.209817|1.281493|0.000000|75.000000|0.614565|0.517589|15.000000|0.617029|0.800000|-0.307805|10.000000
EX5:OFF_M14|2015-11-01|0.567385|0.486491|1.364217|1.166282|1.585799|6.153295|7.000000|0.616795|0.732642|0.949615|1.388286|0.618628|0.576842|0.444191|1.845071|1.563565|0.000000|0.671715|0.600129|0.385414|0.444191|1.449045|1.510506|0.000000|69.000000|0.657232|0.658678|9.000000|0.638428|0.800000|-0.291046|10.000000
EX5:OFF_M14|2016-05-01|0.677970|0.486739|1.642308|1.392883|1.610174|5.636645|7.000000|0.615858|0.735284|0.950540|1.399905|0.611798|0.624773|0.444271|1.891769|1.576854|0.000000|0.680348|0.625148|0.480292|0.444271|1.500999|1.518039|0.000000|63.000000|0.665902|0.669908|3.000000|0.849783|0.888889|-0.291529|9.000000
EX5:OFF|2009-11-01|0.305274|0.727999|0.688704|0.419333|1.489869|5.595920|6.000000|0.626600|0.769555|0.942006|1.360840|0.643020|0.381807|0.496590|0.766658|0.846630|0.151515|0.378297|0.235945|-0.127952|0.496590|0.694357|0.801462|0.106383|141.000000|0.514660|0.370462|81.000000|0.354660|0.687500|-0.328643|16.000000
EX5:OFF|2010-05-01|0.307520|0.728415|0.690278|0.422177|1.524298|5.158929|7.000000|0.620065|0.759046|0.868063|1.368703|0.624673|0.387282|0.487061|0.760581|0.845542|0.119497|0.401313|0.240211|-0.130314|0.497397|0.749986|0.840886|0.103704|135.000000|0.558487|0.384788|75.000000|0.384922|0.733333|-0.309122|15.000000
EX5:OFF|2010-11-01|0.332508|0.662177|0.753955|0.502145|1.515921|5.817130|7.000000|0.626631|0.768761|1.029488|1.346957|0.666489|0.367690|0.498014|0.696149|0.785920|0.084967|0.417091|0.251617|-0.089851|0.498014|0.837509|0.851977|0.062016|129.000000|0.545927|0.385446|69.000000|0.443901|0.666667|-0.300541|15.000000
EX5:OFF|2011-05-01|0.365225|0.588106|0.826605|0.621019|1.534257|5.495097|7.000000|0.616715|0.737972|0.880913|1.392967|0.615582|0.389738|0.475975|0.763029|0.847112|0.047619|0.441522|0.281828|0.016686|0.520444|0.864702|0.915388|0.000000|123.000000|0.550900|0.418096|63.000000|0.443133|0.714286|-0.326280|14.000000
EX5:OFF|2011-11-01|0.380625|0.609857|0.862242|0.624122|1.567647|6.010187|7.000000|0.624048|0.775975|1.016453|1.362491|0.650286|0.448550|0.484110|0.833395|0.997015|0.007092|0.425964|0.317770|0.069893|0.500655|0.866765|0.888930|0.000000|117.000000|0.572055|0.422890|57.000000|0.453415|0.785714|-0.327389|14.000000
EX5:OFF|2012-05-01|0.453408|0.606709|1.008137|0.747323|1.611195|5.757781|7.000000|0.618646|0.787303|1.097609|1.407534|0.638372|0.431245|0.546826|0.829545|1.010727|0.000000|0.526636|0.319500|0.086677|0.546826|0.963077|1.067074|0.000000|111.000000|0.634727|0.465163|51.000000|0.472068|0.846154|-0.328962|13.000000
EX5:OFF|2012-11-01|0.461364|0.610374|1.032714|0.755870|1.644070|5.550461|7.000000|0.622131|0.778347|0.943641|1.381348|0.617332|0.480661|0.491497|0.925405|1.073694|0.000000|0.451528|0.361503|0.102949|0.513000|0.874043|0.946195|0.000000|105.000000|0.577925|0.447622|45.000000|0.479242|0.846154|-0.354734|13.000000
EX5:OFF|2013-05-01|0.504672|0.547117|1.139281|0.922421|1.613086|6.450391|7.000000|0.621512|0.732528|1.060877|1.373314|0.690836|0.497288|0.493820|1.099736|1.175273|0.000000|0.543575|0.379162|0.134171|0.547117|0.993525|1.112906|0.000000|99.000000|0.620866|0.504171|39.000000|0.473590|0.916667|-0.319383|12.000000
EX5:OFF|2013-11-01|0.486559|0.550756|1.066282|0.883439|1.639798|5.295351|7.000000|0.609258|0.700942|0.883111|1.360791|0.573077|0.470955|0.436680|1.214282|1.201044|0.000000|0.547834|0.378679|0.167501|0.501519|1.102754|1.148816|0.000000|93.000000|0.591968|0.495092|33.000000|0.433057|0.916667|-0.310939|12.000000
EX5:OFF|2014-05-01|0.512597|0.629397|1.117216|0.814426|1.645304|5.064425|7.000000|0.603712|0.703562|0.857917|1.337395|0.538359|0.463534|0.438815|1.257012|1.167013|0.000000|0.526317|0.392356|0.129901|0.499734|1.061828|1.123483|0.000000|87.000000|0.569633|0.476010|27.000000|0.465327|0.818182|-0.315181|11.000000
EX5:OFF|2014-11-01|0.532739|0.644734|1.175306|0.826293|1.609768|5.380881|7.000000|0.607103|0.754282|1.026482|1.241858|0.549565|0.537853|0.461896|1.370249|1.344160|0.000000|0.570095|0.445759|0.102875|0.498129|1.144471|1.271465|0.000000|81.000000|0.612103|0.546891|21.000000|0.460867|0.818182|-0.274898|11.000000
EX5:OFF|2015-05-01|0.494168|0.498336|1.182505|0.991636|1.548332|5.782422|7.000000|0.618346|0.732017|0.986922|1.374649|0.660349|0.526405|0.438686|1.552549|1.305223|0.000000|0.590343|0.474497|0.202212|0.498336|1.240860|1.318935|0.000000|75.000000|0.615158|0.524229|15.000000|0.669702|0.800000|-0.307805|10.000000
EX5:OFF|2015-11-01|0.549458|0.486491|1.321936|1.129432|1.586858|5.574146|7.000000|0.611077|0.745079|0.949615|1.367324|0.576466|0.597282|0.443645|1.819583|1.549984|0.000000|0.673966|0.589830|0.375381|0.443645|1.442400|1.510403|0.000000|69.000000|0.639210|0.634347|9.000000|0.619501|0.800000|-0.291046|10.000000
EX5:OFF|2016-05-01|0.674337|0.486739|1.630736|1.385419|1.610064|5.914491|7.000000|0.618185|0.750769|0.950540|1.401393|0.614986|0.626390|0.442574|1.939752|1.630732|0.000000|0.683115|0.624497|0.477550|0.442574|1.517199|1.539905|0.000000|63.000000|0.660658|0.667062|3.000000|0.886815|0.888889|-0.291529|9.000000
EX5:OFF_M16|2009-11-01|0.318559|0.735886|0.707238|0.432891|1.490150|5.726176|6.000000|0.629163|0.807862|1.036031|1.372965|0.710920|0.406090|0.561542|0.760457|0.881486|0.151515|0.412026|0.206888|-0.142132|0.561542|0.660213|0.847747|0.127660|141.000000|0.602782|0.397249|81.000000|0.307752|0.687500|-0.323691|16.000000
EX5:OFF_M16|2010-05-01|0.312092|0.736624|0.692957|0.423678|1.527872|5.258026|7.000000|0.626850|0.775455|0.894514|1.371831|0.670152|0.372768|0.499536|0.736588|0.816020|0.119497|0.390014|0.233519|-0.137328|0.499536|0.727132|0.817910|0.111111|135.000000|0.566080|0.380850|75.000000|0.425707|0.666667|-0.308302|15.000000
EX5:OFF_M16|2010-11-01|0.361329|0.650521|0.815783|0.555445|1.515748|5.756713|6.000000|0.626516|0.784230|1.039636|1.384253|0.715543|0.442270|0.561371|0.832735|0.974685|0.084967|0.453747|0.314095|-0.086134|0.561371|0.808284|0.910410|0.054264|129.000000|0.600420|0.432364|69.000000|0.446627|0.733333|-0.319153|15.000000
EX5:OFF_M16|2011-05-01|0.358883|0.615649|0.822416|0.582935|1.519813|5.759497|7.000000|0.619639|0.741270|0.890047|1.374659|0.638699|0.390857|0.487199|0.775740|0.863704|0.047619|0.425421|0.277031|-0.003607|0.503850|0.867827|0.875815|0.008130|123.000000|0.540257|0.409557|63.000000|0.445503|0.714286|-0.314134|14.000000
EX5:OFF_M16|2011-11-01|0.362917|0.616213|0.819146|0.588948|1.573746|5.010249|7.000000|0.616757|0.757773|0.892665|1.379068|0.624000|0.404216|0.475967|0.840529|0.940871|0.007092|0.462439|0.299990|0.048807|0.502145|0.949858|0.957888|0.000000|117.000000|0.556567|0.416996|57.000000|0.426310|0.714286|-0.312280|14.000000
EX5:OFF_M16|2012-05-01|0.411289|0.636771|0.935176|0.645897|1.601724|5.289226|7.000000|0.619974|0.730793|0.866265|1.394528|0.636628|0.456925|0.460984|1.002137|1.107814|0.000000|0.471953|0.366462|0.159420|0.486222|1.001534|0.974599|0.000000|111.000000|0.558664|0.452508|51.000000|0.455661|0.846154|-0.323165|13.000000
EX5:OFF_M16|2012-11-01|0.463138|0.621170|1.030593|0.745590|1.653284|5.779954|7.000000|0.616310|0.749975|0.897961|1.382155|0.618821|0.407563|0.472984|0.944927|0.979045|0.000000|0.552486|0.305311|0.109344|0.526621|1.077256|1.148971|0.000000|105.000000|0.598791|0.469886|45.000000|0.446956|0.846154|-0.334051|13.000000
EX5:OFF_M16|2013-05-01|0.474691|0.561933|1.077637|0.844746|1.622782|5.576764|7.000000|0.616929|0.745958|1.107661|1.375715|0.624499|0.482567|0.503218|1.075980|1.172601|0.000000|0.552506|0.379879|0.129792|0.561933|0.984044|1.129209|0.000000|99.000000|0.582157|0.501313|39.000000|0.471734|0.833333|-0.310963|12.000000
EX5:OFF_M16|2013-11-01|0.483758|0.574815|1.038803|0.841589|1.637119|5.666950|7.000000|0.620164|0.758862|1.071768|1.401840|0.669231|0.478038|0.500269|1.131381|1.196826|0.000000|0.551922|0.361206|0.115375|0.561395|0.983127|1.151530|0.000000|93.000000|0.596983|0.486878|33.000000|0.458355|0.916667|-0.313010|12.000000
EX5:OFF_M16|2014-05-01|0.532435|0.616484|1.163459|0.863664|1.640064|5.000024|7.000000|0.602448|0.705849|0.859453|1.302555|0.518679|0.497396|0.437422|1.361846|1.220727|0.000000|0.538966|0.400631|0.161725|0.487773|1.108327|1.151029|0.000000|87.000000|0.586423|0.497102|27.000000|0.466554|0.909091|-0.327693|11.000000
EX5:OFF_M16|2014-11-01|0.592230|0.642892|1.283505|0.921198|1.611194|5.435254|7.000000|0.606802|0.812152|1.120903|1.292231|0.561739|0.587537|0.469148|1.359839|1.519736|0.000000|0.668283|0.525921|0.131521|0.570878|1.174468|1.393291|0.000000|81.000000|0.689426|0.610715|21.000000|0.471726|0.818182|-0.256991|11.000000
EX5:OFF_M16|2015-05-01|0.482296|0.498336|1.158292|0.967813|1.548544|5.410499|7.000000|0.617233|0.734448|0.986922|1.371543|0.633965|0.522203|0.438686|1.621390|1.363431|0.000000|0.592705|0.491181|0.202212|0.498336|1.274717|1.336794|0.000000|75.000000|0.602572|0.516088|15.000000|0.627336|0.800000|-0.307805|10.000000
EX5:OFF_M16|2015-11-01|0.566099|0.486491|1.358669|1.163637|1.587290|5.869056|7.000000|0.615755|0.744715|0.949615|1.378004|0.604446|0.600596|0.443645|1.808282|1.545791|0.000000|0.673767|0.589979|0.375381|0.443645|1.446108|1.510561|0.000000|69.000000|0.655646|0.655418|9.000000|0.643370|0.800000|-0.291046|10.000000
EX5:OFF_M16|2016-05-01|0.663830|0.486739|1.609770|1.363832|1.610724|5.986589|7.000000|0.616600|0.750224|0.950540|1.388514|0.614189|0.619138|0.442574|1.872377|1.582138|0.000000|0.678574|0.617689|0.473596|0.442574|1.509790|1.522954|0.000000|63.000000|0.650456|0.658739|3.000000|0.851818|0.888889|-0.291529|9.000000
EX5:OFF_M17|2009-11-01|0.291258|0.734818|0.660659|0.396367|1.495874|4.730678|6.000000|0.625977|0.761954|0.866671|1.352920|0.658728|0.369093|0.498473|0.706832|0.786361|0.151515|0.370719|0.165359|-0.142540|0.498473|0.620925|0.798262|0.134752|141.000000|0.540400|0.362626|81.000000|0.357150|0.687500|-0.310132|16.000000
EX5:OFF_M17|2010-05-01|0.326118|0.736869|0.715814|0.442573|1.529366|5.432026|7.000000|0.626457|0.800266|1.106678|1.366097|0.668845|0.360204|0.562362|0.673931|0.766503|0.119497|0.384746|0.221789|-0.127250|0.562362|0.651857|0.819237|0.111111|135.000000|0.604825|0.398736|75.000000|0.435055|0.666667|-0.326523|15.000000
EX5:OFF_M17|2010-11-01|0.359726|0.666366|0.813657|0.539832|1.522841|4.895866|6.000000|0.625487|0.772453|1.098714|1.333762|0.655559|0.458835|0.566088|0.842001|0.984662|0.084967|0.461321|0.318176|-0.086818|0.566088|0.814929|0.917728|0.054264|129.000000|0.601011|0.446640|69.000000|0.435448|0.733333|-0.322112|15.000000
EX5:OFF_M17|2011-05-01|0.351813|0.591070|0.806015|0.595213|1.520732|5.530552|7.000000|0.620916|0.744938|0.891019|1.367978|0.624715|0.443705|0.472991|0.909617|1.022003|0.047619|0.448877|0.340838|0.011069|0.494332|0.871825|0.931783|0.000000|123.000000|0.526455|0.436655|63.000000|0.428312|0.785714|-0.333462|14.000000
EX5:OFF_M17|2011-11-01|0.377549|0.574828|0.831046|0.656803|1.568647|6.279585|7.000000|0.622862|0.779110|1.049647|1.378559|0.666857|0.396363|0.514793|0.751811|0.883097|0.007092|0.491282|0.302024|0.046896|0.570570|0.861037|0.993172|0.000000|117.000000|0.579641|0.439499|57.000000|0.451390|0.714286|-0.322865|14.000000
EX5:OFF_M17|2012-05-01|0.424143|0.618314|0.941435|0.685966|1.608716|5.509818|7.000000|0.629121|0.808309|1.096111|1.414060|0.704942|0.466043|0.566012|0.909457|1.057639|0.000000|0.479821|0.357410|0.112802|0.566012|0.847722|0.960366|0.000000|111.000000|0.578014|0.461103|51.000000|0.451011|0.846154|-0.327608|13.000000
EX5:OFF_M17|2012-11-01|0.459153|0.617668|1.025966|0.743365|1.654791|5.086554|7.000000|0.615156|0.754727|0.894135|1.405549|0.610780|0.411832|0.471919|0.930648|0.980210|0.000000|0.538366|0.308690|0.111247|0.526654|1.058084|1.124887|0.000000|105.000000|0.594806|0.464594|45.000000|0.438677|0.846154|-0.334294|13.000000
EX5:OFF_M17|2013-05-01|0.482756|0.511667|1.101542|0.943497|1.632602|4.996029|7.000000|0.613617|0.705813|0.864683|1.391831|0.613699|0.465958|0.440708|1.180034|1.131449|0.000000|0.568467|0.376937|0.170224|0.510781|1.128381|1.187988|0.000000|99.000000|0.594382|0.503668|39.000000|0.454600|0.916667|-0.317014|12.000000
EX5:OFF_M17|2013-11-01|0.489552|0.552443|1.061132|0.886160|1.640791|5.707706|7.000000|0.614918|0.747494|1.068313|1.362800|0.617308|0.472041|0.502178|1.259774|1.222255|0.000000|0.558313|0.382614|0.133924|0.552443|1.010625|1.165924|0.000000|93.000000|0.590819|0.499668|33.000000|0.447356|0.916667|-0.316765|12.000000
EX5:OFF_M17|2014-05-01|0.482594|0.613548|1.051586|0.786563|1.651884|4.597778|7.000000|0.602547|0.712598|0.868213|1.329319|0.523682|0.454860|0.439869|1.302653|1.114747|0.000000|0.527998|0.396575|0.115498|0.517151|1.025750|1.102256|0.000000|87.000000|0.541330|0.458232|27.000000|0.455790|0.818182|-0.325900|11.000000
EX5:OFF_M17|2014-11-01|0.441256|0.639281|1.008438|0.690239|1.614502|4.579219|7.000000|0.604020|0.703221|0.845974|1.319442|0.542957|0.387182|0.324609|1.173735|0.998024|0.000000|0.404088|0.314451|0.155322|0.440699|0.916925|0.936092|0.000000|81.000000|0.505676|0.439151|21.000000|0.322898|0.818182|-0.237116|11.000000
EX5:OFF_M17|2015-05-01|0.490669|0.498336|1.171566|0.984615|1.552105|5.595288|7.000000|0.613727|0.736319|0.986922|1.359169|0.615385|0.527745|0.438520|1.484694|1.291100|0.000000|0.579710|0.481426|0.201607|0.498336|1.199909|1.274491|0.000000|75.000000|0.610096|0.526543|15.000000|0.622152|0.800000|-0.307805|10.000000
EX5:OFF_M17|2015-11-01|0.553440|0.486491|1.337213|1.137616|1.588595|5.136293|7.000000|0.609966|0.744685|0.949615|1.374302|0.574166|0.590501|0.443645|1.811600|1.547754|0.000000|0.667979|0.589175|0.375381|0.443645|1.442435|1.511470|0.000000|69.000000|0.642537|0.630012|9.000000|0.636698|0.800000|-0.291046|10.000000
EX5:OFF_M17|2016-05-01|0.653514|0.486739|1.594766|1.342638|1.611922|5.059967|7.000000|0.612252|0.750224|0.950540|1.373065|0.584297|0.610076|0.442574|1.871313|1.598341|0.000000|0.671563|0.609831|0.473367|0.442574|1.500903|1.518544|0.000000|63.000000|0.641487|0.644812|3.000000|0.851026|0.888889|-0.291529|9.000000
EX5:OFF_M18|2009-11-01|0.315957|0.732025|0.711648|0.431620|1.493578|5.512548|6.000000|0.629379|0.782962|1.034405|1.364703|0.729161|0.401776|0.562104|0.733700|0.920432|0.151515|0.416333|0.213956|-0.140215|0.562104|0.659323|0.855966|0.120567|141.000000|0.592137|0.405221|81.000000|0.301019|0.687500|-0.327258|16.000000
EX5:OFF_M18|2010-05-01|0.306635|0.738605|0.680671|0.415155|1.524034|5.597041|7.000000|0.634394|0.796942|1.010973|1.354766|0.690277|0.362270|0.501848|0.683967|0.772990|0.119497|0.399707|0.221700|-0.131702|0.501848|0.676291|0.810913|0.111111|135.000000|0.560217|0.376775|75.000000|0.433874|0.666667|-0.298857|15.000000
EX5:OFF_M18|2010-11-01|0.348344|0.659564|0.780497|0.528142|1.520862|4.839884|7.000000|0.625458|0.801584|1.086150|1.369294|0.660091|0.378559|0.568671|0.723084|0.847754|0.084967|0.456198|0.263474|-0.092932|0.570543|0.799585|0.921512|0.062016|129.000000|0.595256|0.422050|69.000000|0.434100|0.666667|-0.321811|15.000000
EX5:OFF_M18|2011-05-01|0.378668|0.618171|0.859632|0.612561|1.516188|5.572969|6.000000|0.627217|0.801134|1.072170|1.405975|0.714897|0.448046|0.505671|0.828408|1.002021|0.047619|0.466522|0.328711|0.012592|0.562211|0.829799|0.961487|0.000000|123.000000|0.556280|0.459031|63.000000|0.452537|0.785714|-0.329071|14.000000
EX5:OFF_M18|2011-11-01|0.382272|0.617325|0.849580|0.619240|1.569891|5.641300|7.000000|0.623252|0.808362|1.049458|1.392805|0.653143|0.401785|0.522679|0.801973|0.934357|0.007092|0.513107|0.293881|0.044129|0.570550|0.899321|1.018798|0.000000|117.000000|0.591610|0.441021|57.000000|0.452076|0.714286|-0.322126|14.000000
EX5:OFF_M18|2012-05-01|0.408188|0.618037|0.919904|0.660459|1.611250|4.905581|7.000000|0.617366|0.752750|0.894616|1.387604|0.625872|0.419122|0.472629|0.846633|0.960873|0.000000|0.476357|0.307303|0.119144|0.508326|0.971809|0.983081|0.000000|111.000000|0.577041|0.431980|51.000000|0.470870|0.769231|-0.314095|13.000000
EX5:OFF_M18|2012-11-01|0.463600|0.608777|1.029128|0.761526|1.643547|4.932860|7.000000|0.620367|0.797183|1.036737|1.390445|0.676593|0.450171|0.559632|0.907894|1.094244|0.000000|0.527416|0.343921|0.093866|0.561333|0.939577|1.063327|0.000000|105.000000|0.590641|0.477950|45.000000|0.467556|0.846154|-0.318841|13.000000
EX5:OFF_M18|2013-05-01|0.458027|0.566034|1.019198|0.809186|1.632128|5.395604|7.000000|0.613083|0.707293|0.862352|1.364043|0.608454|0.452863|0.441048|1.085387|1.061028|0.000000|0.533108|0.338552|0.139211|0.506919|1.067255|1.118117|0.000000|99.000000|0.585854|0.467805|39.000000|0.458742|0.833333|-0.314494|12.000000
EX5:OFF_M18|2013-11-01|0.488896|0.561366|1.053846|0.870904|1.636452|6.135646|7.000000|0.618226|0.752257|1.036283|1.361882|0.633654|0.487091|0.505282|1.217279|1.198051|0.000000|0.547505|0.374686|0.130844|0.561366|0.975308|1.131587|0.000000|93.000000|0.589343|0.501036|33.000000|0.446390|0.916667|-0.318284|12.000000
EX5:OFF_M18|2014-05-01|0.526198|0.611457|1.143900|0.860564|1.642049|4.947947|8.000000|0.605890|0.775484|1.038877|1.311702|0.536358|0.497383|0.502094|1.175043|1.249292|0.000000|0.541482|0.424204|0.090548|0.565880|0.956885|1.135970|0.000000|87.000000|0.590605|0.490760|27.000000|0.479603|0.818182|-0.311475|11.000000
EX5:OFF_M18|2014-11-01|0.486404|0.640477|1.098201|0.759440|1.597424|5.238627|7.000000|0.606774|0.688297|0.853484|1.263804|0.564522|0.490099|0.341602|1.472114|1.243431|0.000000|0.499307|0.406611|0.197150|0.439554|1.135942|1.128403|0.000000|81.000000|0.553393|0.506760|21.000000|0.470717|0.818182|-0.241538|11.000000
EX5:OFF_M18|2015-05-01|0.471927|0.494189|1.147164|0.954952|1.535957|5.701312|7.000000|0.615245|0.757731|0.936782|1.270963|0.600149|0.531092|0.479923|1.442925|1.342733|0.000000|0.575432|0.465406|0.131699|0.488851|1.177112|1.251306|0.000000|75.000000|0.592202|0.508585|15.000000|0.671725|0.800000|-0.287171|10.000000
EX5:OFF_M18|2015-11-01|0.508166|0.489259|1.211691|1.038645|1.593344|4.817623|7.000000|0.606500|0.769050|0.980617|1.384762|0.554235|0.541477|0.468536|1.486979|1.348068|0.000000|0.596067|0.534812|0.362424|0.468536|1.279163|1.326788|0.000000|69.000000|0.590310|0.572089|9.000000|0.601826|0.800000|-0.295053|10.000000
EX5:OFF_M18|2016-05-01|0.602239|0.489323|1.446121|1.230760|1.616113|5.488932|7.000000|0.613343|0.772312|0.954206|1.402382|0.590674|0.568081|0.468698|1.577564|1.417353|0.000000|0.618134|0.548932|0.428783|0.468698|1.317824|1.377284|0.000000|63.000000|0.587824|0.595276|3.000000|0.705879|0.888889|-0.294720|9.000000
EX5:OFF_M19|2009-11-01|0.314861|0.732027|0.696589|0.430122|1.493098|6.021439|7.000000|0.635316|0.801190|1.031110|1.363715|0.752217|0.415708|0.561345|0.786348|0.939639|0.151515|0.432125|0.231121|-0.126901|0.561345|0.724181|0.863615|0.113475|141.000000|0.550236|0.415374|81.000000|0.305101|0.687500|-0.322499|16.000000
EX5:OFF_M19|2010-05-01|0.287569|0.738738|0.639696|0.389271|1.523935|5.871481|7.000000|0.638708|0.773516|0.880737|1.377164|0.705175|0.366282|0.505502|0.708242|0.812664|0.119497|0.383846|0.239269|-0.133964|0.507495|0.679939|0.789391|0.111111|135.000000|0.523146|0.351918|75.000000|0.298780|0.733333|-0.314219|15.000000
EX5:OFF_M19|2010-11-01|0.314432|0.659630|0.713154|0.476680|1.525626|5.323678|7.000000|0.623473|0.755794|0.894128|1.366190|0.655559|0.384862|0.490510|0.751904|0.851199|0.084967|0.424030|0.276139|-0.087453|0.508847|0.833315|0.859346|0.062016|129.000000|0.531818|0.382266|69.000000|0.377907|0.666667|-0.314433|15.000000
EX5:OFF_M19|2011-05-01|0.372968|0.601690|0.837182|0.619867|1.514815|6.159628|7.000000|0.626905|0.798716|1.051204|1.387294|0.672089|0.410942|0.506349|0.770888|0.915569|0.047619|0.490290|0.291215|0.008061|0.570405|0.859547|0.950406|0.000000|123.000000|0.561102|0.447883|63.000000|0.477985|0.785714|-0.313798|14.000000
EX5:OFF_M19|2011-11-01|0.396063|0.610703|0.883344|0.648535|1.562654|5.308172|7.000000|0.629079|0.801096|1.106991|1.374564|0.719714|0.469948|0.507345|0.869436|1.047440|0.007092|0.521643|0.348431|0.079432|0.561233|0.929459|1.033024|0.000000|117.000000|0.590136|0.475680|57.000000|0.484624|0.785714|-0.327094|14.000000
EX5:OFF_M19|2012-05-01|0.396730|0.605623|0.894998|0.655077|1.613814|4.429710|7.000000|0.617198|0.754779|0.895724|1.385244|0.621802|0.425366|0.461998|0.849963|0.969871|0.000000|0.467893|0.316329|0.129083|0.510653|0.948126|0.960711|0.000000|111.000000|0.555479|0.430920|51.000000|0.451533|0.846154|-0.315236|13.000000
EX5:OFF_M19|2012-11-01|0.461340|0.611724|1.020914|0.754163|1.638542|4.834279|7.000000|0.612133|0.770683|1.120641|1.365287|0.583979|0.430521|0.570446|0.941248|1.080119|0.000000|0.541421|0.318413|0.068377|0.570446|0.949118|1.080802|0.000000|105.000000|0.609173|0.471401|45.000000|0.510484|0.769231|-0.314022|13.000000
EX5:OFF_M19|2013-05-01|0.463026|0.571585|1.017156|0.810073|1.634374|5.491148|7.000000|0.616273|0.762472|1.051671|1.371308|0.621722|0.468165|0.507542|1.023511|1.121589|0.000000|0.540049|0.345692|0.100590|0.571585|0.944827|1.092111|0.000000|99.000000|0.584703|0.485758|39.000000|0.486975|0.833333|-0.314347|12.000000
EX5:OFF_M19|2013-11-01|0.486923|0.548152|1.057054|0.888299|1.645874|5.404457|7.000000|0.616218|0.740941|1.025020|1.338235|0.623718|0.492549|0.515941|1.276402|1.192610|0.000000|0.544261|0.376921|0.134299|0.548152|0.992901|1.147195|0.000000|93.000000|0.584237|0.504579|33.000000|0.478989|0.916667|-0.330639|12.000000
EX5:OFF_M19|2014-05-01|0.535652|0.611215|1.168691|0.876373|1.636563|4.896907|8.000000|0.606352|0.752830|1.063500|1.302631|0.544363|0.507072|0.497489|1.302913|1.340292|0.000000|0.573311|0.438870|0.086504|0.548246|1.045720|1.191867|0.000000|87.000000|0.602087|0.508005|27.000000|0.505890|0.818182|-0.307055|11.000000
EX5:OFF_M19|2014-11-01|0.472498|0.643699|1.087946|0.734036|1.593129|4.686333|8.000000|0.604499|0.702184|0.906587|1.269269|0.539130|0.451283|0.288602|1.556042|1.276018|0.000000|0.441793|0.340899|0.141516|0.491821|0.898279|1.014548|0.000000|81.000000|0.533849|0.470892|21.000000|0.429497|0.818182|-0.237973|11.000000
EX5:OFF_M19|2015-05-01|0.467784|0.500660|1.129716|0.934335|1.553236|4.295979|7.000000|0.612902|0.746290|0.985874|1.353562|0.606094|0.524332|0.438050|1.535169|1.288012|0.000000|0.577803|0.489774|0.203856|0.500660|1.216527|1.295570|0.000000|75.000000|0.583019|0.509928|15.000000|0.532835|0.800000|-0.307783|10.000000
EX5:OFF_M19|2015-11-01|0.543250|0.489480|1.320835|1.109851|1.586695|5.571202|7.000000|0.610865|0.718704|0.955273|1.364365|0.581449|0.588966|0.443856|1.844212|1.544025|0.000000|0.662036|0.586039|0.387907|0.443856|1.451149|1.502406|0.000000|69.000000|0.628401|0.617589|9.000000|0.625682|0.800000|-0.295515|10.000000
EX5:OFF_M19|2016-05-01|0.647633|0.489323|1.587364|1.323530|1.609475|5.888779|7.000000|0.613699|0.722261|0.954206|1.383511|0.603029|0.613800|0.443873|1.892453|1.580357|0.000000|0.678135|0.613365|0.483011|0.443873|1.513375|1.546943|0.000000|63.000000|0.635066|0.642404|3.000000|0.758846|0.888889|-0.294720|9.000000
EX5:OFF_M20|2009-11-01|0.288484|0.733624|0.644185|0.393231|1.501976|4.227538|7.000000|0.626755|0.773121|0.906242|1.364225|0.668356|0.371874|0.506266|0.724147|0.758441|0.151515|0.373505|0.165405|-0.132002|0.506266|0.632569|0.775003|0.134752|141.000000|0.556667|0.377923|81.000000|0.371403|0.625000|-0.312350|16.000000
EX5:OFF_M20|2010-05-01|0.288116|0.737192|0.642018|0.390830|1.524021|4.325380|7.000000|0.634638|0.777083|0.890714|1.385209|0.697595|0.419564|0.483044|0.870208|0.984772|0.119497|0.423255|0.306132|-0.131177|0.483044|0.801105|0.885131|0.088889|135.000000|0.433954|0.396442|75.000000|0.322127|0.733333|-0.321931|15.000000
EX5:OFF_M20|2010-11-01|0.346794|0.662539|0.774760|0.523432|1.507531|5.296694|7.000000|0.630638|0.779383|1.092312|1.341950|0.710744|0.440552|0.554068|0.847556|0.944271|0.084967|0.490796|0.316623|-0.086350|0.554068|0.885803|1.001213|0.054264|129.000000|0.515927|0.453316|69.000000|0.439817|0.733333|-0.281555|15.000000
EX5:OFF_M20|2011-05-01|0.379882|0.606861|0.868108|0.625979|1.513305|4.327006|7.000000|0.626064|0.793177|1.025546|1.394376|0.678938|0.471576|0.495023|0.895766|1.057926|0.047619|0.481308|0.344506|0.017191|0.549513|0.875881|0.994138|0.000000|123.000000|0.545276|0.473703|63.000000|0.489943|0.785714|-0.324065|14.000000
EX5:OFF_M20|2011-11-01|0.363244|0.610488|0.823626|0.595006|1.574971|4.145694|7.000000|0.617548|0.752470|0.906055|1.369042|0.626857|0.406890|0.484372|0.826409|0.961135|0.007092|0.473925|0.305570|0.045290|0.510599|0.962974|0.984891|0.000000|117.000000|0.561814|0.427342|57.000000|0.438718|0.714286|-0.314975|14.000000
EX5:OFF_M20|2012-05-01|0.429888|0.605936|0.949234|0.709462|1.605155|5.180072|7.000000|0.627832|0.801832|1.106271|1.398290|0.720349|0.448989|0.558957|0.864782|1.066115|0.000000|0.537129|0.331466|0.091736|0.558957|0.960949|1.054605|0.000000|111.000000|0.593166|0.476867|51.000000|0.569863|0.846154|-0.324914|13.000000
EX5:OFF_M20|2012-11-01|0.412087|0.602138|0.932242|0.684373|1.646206|4.144258|7.000000|0.619732|0.742662|0.879600|1.365046|0.626266|0.419019|0.460408|0.922050|1.012923|0.000000|0.476628|0.328626|0.130077|0.507694|0.957701|0.989402|0.000000|105.000000|0.526610|0.427275|45.000000|0.339467|0.846154|-0.314586|13.000000
EX5:OFF_M20|2013-05-01|0.484600|0.524812|1.101321|0.923378|1.633250|4.714546|8.000000|0.612959|0.704466|0.872186|1.318457|0.616785|0.526687|0.448509|1.218676|1.282983|0.000000|0.539581|0.424421|0.220245|0.490599|1.110377|1.147742|0.000000|99.000000|0.573336|0.520453|39.000000|0.455811|0.916667|-0.311833|12.000000
EX5:OFF_M20|2013-11-01|0.514050|0.548040|1.124177|0.937978|1.635963|4.323230|7.000000|0.619397|0.753960|1.098714|1.332095|0.655449|0.532822|0.489093|1.348556|1.344524|0.000000|0.587515|0.447250|0.188323|0.548040|1.085922|1.217973|0.000000|93.000000|0.603553|0.550011|33.000000|0.486506|0.916667|-0.324714|12.000000
EX5:OFF_M20|2014-05-01|0.521964|0.611215|1.141175|0.853979|1.636306|5.080085|8.000000|0.606194|0.754133|1.026794|1.301878|0.541027|0.496158|0.497489|1.255509|1.303524|0.000000|0.561007|0.429843|0.083696|0.554524|1.011692|1.167517|0.000000|87.000000|0.584932|0.502129|27.000000|0.532396|0.818182|-0.307055|11.000000
EX5:OFF_M20|2014-11-01|0.464608|0.643699|1.069966|0.721777|1.592645|5.036003|8.000000|0.605281|0.701317|0.906587|1.266209|0.536000|0.458721|0.288602|1.566491|1.278106|0.000000|0.444099|0.347120|0.141516|0.491821|0.902968|1.016680|0.000000|81.000000|0.522076|0.471478|21.000000|0.460178|0.818182|-0.237973|11.000000
EX5:OFF_M20|2015-05-01|0.474009|0.493433|1.151518|0.960635|1.534779|4.354589|7.000000|0.605998|0.749313|0.956289|1.366769|0.548123|0.537332|0.464699|1.637517|1.438391|0.000000|0.620053|0.530291|0.195954|0.489486|1.356901|1.408185|0.000000|75.000000|0.601191|0.516314|15.000000|0.515125|0.800000|-0.296010|10.000000
EX5:OFF_M20|2015-11-01|0.522481|0.489480|1.276141|1.067419|1.587285|4.552284|7.000000|0.610149|0.720254|0.955273|1.367486|0.578383|0.568881|0.443856|1.795206|1.544944|0.000000|0.650631|0.566748|0.390308|0.443856|1.434998|1.491551|0.000000|69.000000|0.607970|0.575058|9.000000|0.530292|0.800000|-0.295515|10.000000
EX5:OFF_M20|2016-05-01|0.626177|0.489323|1.546435|1.279682|1.610709|4.351141|7.000000|0.611480|0.727353|0.954206|1.366442|0.584297|0.590238|0.443873|2.005836|1.623157|0.000000|0.674588|0.588394|0.489856|0.443873|1.516824|1.552411|0.000000|63.000000|0.615453|0.616707|3.000000|0.511303|0.888889|-0.294720|9.000000
EX5:ON_BUY1|2009-11-01|0.344477|0.712717|0.757182|0.483330|1.477054|7.202999|5.000000|0.621099|0.700482|0.908419|1.403727|0.656728|0.432044|0.386253|1.109538|1.014142|0.163636|0.458042|0.300012|-0.199345|0.492174|0.899877|0.943909|0.127660|141.000000|0.678520|0.405971|81.000000|0.278505|0.562500|-0.328573|16.000000
EX5:ON_BUY1|2010-05-01|0.355028|0.715602|0.771342|0.496125|1.491164|7.437262|5.000000|0.622334|0.722403|0.908611|1.435118|0.703101|0.441462|0.386327|1.111428|1.033242|0.132075|0.464295|0.364300|-0.200788|0.464517|0.998196|0.954358|0.103704|135.000000|0.635484|0.411500|75.000000|0.364178|0.600000|-0.328637|15.000000
EX5:ON_BUY1|2010-11-01|0.397558|0.710955|0.910508|0.559190|1.434819|7.231787|5.000000|0.612580|0.685773|0.873858|1.390376|0.599245|0.441786|0.386314|1.227719|1.079065|0.091503|0.465015|0.387435|-0.084439|0.386314|1.036251|0.988636|0.038760|129.000000|0.676850|0.427333|69.000000|0.285350|0.600000|-0.121202|15.000000
EX5:ON_BUY1|2011-05-01|0.418215|0.710661|0.947401|0.588487|1.472105|7.185202|5.000000|0.615330|0.687271|0.873821|1.403041|0.623732|0.455497|0.386264|1.244530|1.099043|0.054422|0.477117|0.399750|-0.011580|0.386264|1.050081|1.028008|0.008130|123.000000|0.671665|0.442405|63.000000|0.384829|0.642857|-0.121248|14.000000
EX5:ON_BUY1|2011-11-01|0.437523|0.710765|0.978154|0.615567|1.522161|7.243051|5.000000|0.615366|0.687323|0.873740|1.403056|0.624436|0.465209|0.386277|1.295396|1.118404|0.014184|0.492610|0.405731|0.058145|0.386277|1.091080|1.047114|0.000000|117.000000|0.680329|0.447254|57.000000|0.385056|0.642857|-0.121160|14.000000
EX5:ON_BUY1|2012-05-01|0.472820|0.710493|1.049416|0.665481|1.552009|7.244161|5.000000|0.614294|0.687739|0.874553|1.404840|0.610326|0.473390|0.386257|1.388693|1.147007|0.014815|0.498027|0.433091|0.157029|0.386257|1.155706|1.096659|0.000000|111.000000|0.681014|0.455028|51.000000|0.482958|0.692308|-0.040011|13.000000
EX5:ON_BUY1|2012-11-01|0.475064|0.624770|1.053412|0.760381|1.587467|7.169014|5.000000|0.619132|0.699476|0.915148|1.429006|0.713007|0.389276|0.387193|1.058659|0.929117|0.000000|0.444376|0.377898|0.224678|0.387193|0.964087|0.983523|0.000000|105.000000|0.586478|0.417424|45.000000|0.360756|0.846154|-0.091615|13.000000
EX5:ON_BUY1|2013-05-01|0.480958|0.596894|1.092805|0.805768|1.548699|7.352316|5.000000|0.613981|0.678662|0.808868|1.415419|0.636223|0.455591|0.385276|1.183105|1.058748|0.000000|0.458240|0.405168|0.273907|0.385276|1.119581|1.068656|0.000000|99.000000|0.615249|0.466031|39.000000|0.446030|0.833333|-0.137169|12.000000
EX5:ON_BUY1|2013-11-01|0.505038|0.651442|1.067517|0.775261|1.546645|7.758369|5.000000|0.619140|0.725368|0.963766|1.412076|0.661538|0.505378|0.452822|1.069936|1.111997|0.000000|0.518886|0.421124|0.191354|0.552217|0.943318|1.186665|0.000000|93.000000|0.662468|0.483340|33.000000|0.433072|0.916667|-0.200027|12.000000
EX5:ON_BUY1|2014-05-01|0.562779|0.708621|1.152981|0.794189|1.586842|7.372859|5.000000|0.617955|0.701363|1.010273|1.419259|0.717478|0.478176|0.408023|1.268792|1.087093|0.000000|0.482057|0.411363|0.224858|0.408023|1.129599|1.119325|0.000000|87.000000|0.616234|0.501594|27.000000|0.454421|0.818182|-0.088482|11.000000
EX5:ON_BUY1|2014-11-01|0.496476|0.714305|1.039342|0.695048|1.568960|7.741364|5.000000|0.627309|0.715792|0.961292|1.416947|0.745391|0.452723|0.340592|1.046754|1.006651|0.000000|0.454522|0.362923|0.145043|0.540105|0.843162|1.050854|0.000000|81.000000|0.584541|0.488200|21.000000|0.386171|0.727273|-0.195604|11.000000
EX5:ON_BUY1|2015-05-01|0.494651|0.565126|1.218792|0.875292|1.447976|7.548059|5.000000|0.609065|0.703476|0.838517|1.437655|0.588302|0.514383|0.317858|1.373795|1.246366|0.000000|0.532669|0.439068|0.243396|0.408932|1.377951|1.292057|0.000000|75.000000|0.660798|0.506493|15.000000|0.476526|0.900000|-0.281360|10.000000
EX5:ON_BUY1|2015-11-01|0.551053|0.472296|1.354180|1.166753|1.501446|7.556666|5.000000|0.609026|0.703925|0.838487|1.439369|0.588731|0.529926|0.317856|1.423162|1.264433|0.000000|0.540999|0.466696|0.357016|0.408823|1.453090|1.356042|0.000000|69.000000|0.663658|0.666387|9.000000|0.476509|0.900000|-0.264823|10.000000
EX5:ON_BUY1|2016-05-01|0.665451|0.408773|1.661464|1.627925|1.536345|7.537055|5.000000|0.609341|0.705207|0.838505|1.445369|0.593065|0.529957|0.317861|1.400068|1.246287|0.000000|0.540666|0.466740|0.357193|0.408773|1.432862|1.342982|0.000000|63.000000|0.663969|0.675478|3.000000|0.478159|1.000000|0.005078|9.000000
EX5:OFF_BUY1|2009-11-01|0.363373|0.677770|0.799607|0.536130|1.439283|7.577273|4.000000|0.633227|0.772177|0.905830|1.420395|0.752470|0.447520|0.491333|0.936876|0.991762|0.151515|0.455315|0.271904|-0.067324|0.491333|0.863962|0.926358|0.078014|141.000000|0.629326|0.439822|81.000000|0.290356|0.687500|-0.255992|16.000000
EX5:OFF_BUY1|2010-05-01|0.417203|0.660325|0.927013|0.631814|1.476824|5.817774|5.000000|0.628938|0.774837|1.053635|1.422260|0.750131|0.475504|0.535198|1.056081|1.132948|0.119497|0.515047|0.373544|-0.065510|0.558464|0.933992|1.056668|0.037037|135.000000|0.668744|0.492268|75.000000|0.354420|0.733333|-0.254598|15.000000
EX5:OFF_BUY1|2010-11-01|0.412846|0.590756|0.928838|0.698844|1.465652|7.095051|5.000000|0.625251|0.727119|0.899256|1.404962|0.669421|0.475393|0.452709|1.169646|1.113421|0.078431|0.502719|0.370277|-0.036872|0.464969|1.050330|1.077540|0.046512|129.000000|0.658402|0.476998|69.000000|0.413650|0.666667|-0.236671|15.000000
EX5:OFF_BUY1|2011-05-01|0.478849|0.551219|1.086084|0.868711|1.469892|5.834432|5.000000|0.624512|0.750372|1.035374|1.448408|0.728025|0.510340|0.463708|1.127624|1.233898|0.020408|0.535289|0.437942|0.088173|0.546150|0.973034|1.112389|0.000000|123.000000|0.668686|0.522407|63.000000|0.406389|0.785714|-0.272341|14.000000
EX5:OFF_BUY1|2011-11-01|0.494797|0.570842|1.098928|0.866785|1.518310|5.831145|5.000000|0.627165|0.763200|1.053615|1.437545|0.768286|0.526902|0.485032|1.127189|1.247693|0.000000|0.540874|0.451996|0.152715|0.558478|0.968074|1.132540|0.000000|117.000000|0.706015|0.527549|57.000000|0.406382|0.785714|-0.252004|14.000000
EX5:OFF_BUY1|2012-05-01|0.527602|0.574234|1.156360|0.918793|1.554185|5.828118|5.000000|0.626318|0.764221|1.053529|1.441095|0.736628|0.520227|0.558476|1.193127|1.268941|0.000000|0.562737|0.445934|0.212749|0.558476|1.007630|1.177504|0.000000|111.000000|0.707243|0.527068|51.000000|0.458314|0.846154|-0.247120|13.000000
EX5:OFF_BUY1|2012-11-01|0.580063|0.664863|1.257435|0.872455|1.588463|5.769475|5.000000|0.631291|0.719003|0.896791|1.455400|0.753947|0.555721|0.459305|1.497900|1.375083|0.000000|0.584810|0.493257|0.292733|0.473115|1.236084|1.293835|0.000000|105.000000|0.743445|0.538872|45.000000|0.458992|0.923077|-0.241353|13.000000
EX5:OFF_BUY1|2013-05-01|0.535312|0.504149|1.196756|1.061813|1.550384|5.833546|5.000000|0.623654|0.742498|0.906337|1.433328|0.703795|0.520649|0.462434|1.276843|1.277163|0.000000|0.567957|0.425164|0.209794|0.491433|1.155715|1.188888|0.000000|99.000000|0.675250|0.517058|39.000000|0.427570|0.916667|-0.255447|12.000000
EX5:OFF_BUY1|2013-11-01|0.548994|0.550890|1.183134|0.996559|1.568105|5.821936|5.000000|0.620803|0.747703|0.904541|1.406725|0.677564|0.526772|0.461001|1.313663|1.279784|0.000000|0.582587|0.426015|0.206871|0.490989|1.187798|1.217114|0.000000|93.000000|0.676429|0.515564|33.000000|0.422650|0.916667|-0.250634|12.000000
EX5:OFF_BUY1|2014-05-01|0.643426|0.608561|1.361524|1.057291|1.581241|5.828789|5.000000|0.622072|0.770275|1.053495|1.403541|0.722482|0.569782|0.451411|1.411525|1.421238|0.000000|0.645883|0.496179|0.181353|0.558481|1.162124|1.345966|0.000000|87.000000|0.704170|0.578544|27.000000|0.458317|0.909091|-0.252826|11.000000
EX5:OFF_BUY1|2014-11-01|0.523866|0.697406|1.096320|0.751164|1.544591|7.622237|5.000000|0.620975|0.763526|0.906755|1.404380|0.671652|0.545323|0.468682|1.404850|1.393846|0.000000|0.601911|0.457832|0.106857|0.491449|1.224769|1.272756|0.000000|81.000000|0.660487|0.566419|21.000000|0.458313|0.818182|-0.347258|11.000000
EX5:OFF_BUY1|2015-05-01|0.580733|0.558533|1.367823|1.039747|1.464825|5.846391|5.000000|0.618615|0.820889|1.053635|1.449608|0.653208|0.579777|0.463838|1.441184|1.476668|0.000000|0.679793|0.551076|0.212301|0.558533|1.223931|1.425710|0.000000|75.000000|0.730863|0.586032|15.000000|0.575824|0.800000|-0.233502|10.000000
EX5:OFF_BUY1|2015-11-01|0.626959|0.558487|1.457653|1.122602|1.520910|5.851736|4.000000|0.618741|0.821839|1.053851|1.452850|0.653890|0.590444|0.463783|1.525906|1.487540|0.000000|0.688092|0.591419|0.397566|0.558487|1.249666|1.447846|0.000000|69.000000|0.731867|0.713313|9.000000|0.575836|0.800000|-0.233196|10.000000
EX5:OFF_BUY1|2016-05-01|0.732767|0.558484|1.693720|1.312063|1.563069|5.834063|4.000000|0.619754|0.827178|1.053407|1.460457|0.669589|0.648543|0.463930|1.593449|1.490479|0.000000|0.701485|0.620369|0.468401|0.558484|1.263597|1.459155|0.000000|63.000000|0.733763|0.732587|3.000000|0.693365|0.888889|-0.235278|9.000000
EX5:ON_BUY2|2009-11-01|0.318112|0.736722|0.699441|0.431793|1.515440|5.403107|6.000000|0.619910|0.727081|0.940410|1.342032|0.641742|0.398256|0.546179|0.782222|0.838124|0.151515|0.398298|0.233567|-0.161306|0.546179|0.667034|0.812906|0.106383|141.000000|0.507887|0.361126|81.000000|0.266605|0.625000|-0.346536|16.000000
EX5:ON_BUY2|2010-05-01|0.333268|0.733234|0.701714|0.454518|1.558087|5.440184|6.000000|0.618676|0.731907|0.911943|1.357073|0.648663|0.386547|0.534702|0.793713|0.827676|0.119497|0.388264|0.306283|-0.163892|0.534702|0.676922|0.776902|0.081481|135.000000|0.505413|0.359916|75.000000|0.238036|0.733333|-0.346227|15.000000
EX5:ON_BUY2|2010-11-01|0.392304|0.666904|0.874879|0.588246|1.477757|5.835878|6.000000|0.612703|0.708698|0.950782|1.329913|0.609108|0.433982|0.482595|0.890747|0.894231|0.078431|0.428001|0.336171|-0.043172|0.545724|0.726353|0.892225|0.015504|129.000000|0.552253|0.401590|69.000000|0.341757|0.733333|-0.178633|15.000000
EX5:ON_BUY2|2011-05-01|0.399467|0.666283|0.881606|0.599546|1.520488|5.580068|7.000000|0.616574|0.709612|0.950381|1.342697|0.642108|0.429865|0.481385|0.894092|0.940240|0.040816|0.414463|0.353632|0.025560|0.545702|0.731754|0.867697|0.000000|123.000000|0.515891|0.405160|63.000000|0.375986|0.785714|-0.178679|14.000000
EX5:ON_BUY2|2011-11-01|0.424540|0.625149|0.950161|0.679102|1.562472|5.627735|7.000000|0.617750|0.709905|0.903612|1.326552|0.627801|0.436376|0.498232|1.034504|1.034490|0.000000|0.443999|0.359147|0.085108|0.535399|0.824350|1.001642|0.000000|117.000000|0.617102|0.423493|57.000000|0.388381|0.785714|-0.178543|14.000000
EX5:ON_BUY2|2012-05-01|0.458084|0.666570|0.982972|0.687225|1.591692|6.391757|7.000000|0.621352|0.711009|0.950407|1.366909|0.693683|0.433563|0.545660|0.957164|1.017501|0.000000|0.433062|0.366679|0.136788|0.545660|0.744232|0.875331|0.000000|111.000000|0.627253|0.408817|51.000000|0.492009|0.846154|-0.145003|13.000000
EX5:ON_BUY2|2012-11-01|0.513672|0.658800|1.109145|0.779709|1.632699|5.425801|7.000000|0.617526|0.708638|0.909795|1.348587|0.643836|0.465547|0.539892|1.128689|1.173206|0.000000|0.478449|0.390986|0.140660|0.539892|0.886195|1.106224|0.000000|105.000000|0.630311|0.456559|45.000000|0.474556|0.846154|-0.136401|13.000000
EX5:ON_BUY2|2013-05-01|0.473230|0.631105|1.052060|0.749843|1.586743|6.188606|7.000000|0.618084|0.705369|0.859949|1.353010|0.689602|0.425742|0.500061|0.923703|0.988939|0.000000|0.440848|0.355060|0.138509|0.534460|0.811833|0.988221|0.000000|99.000000|0.621587|0.418777|39.000000|0.458456|0.833333|-0.236410|12.000000
EX5:ON_BUY2|2013-11-01|0.505927|0.628513|1.098570|0.804958|1.621824|5.764651|6.000000|0.617353|0.706047|0.948352|1.351621|0.607051|0.465800|0.435715|1.149471|1.160465|0.000000|0.532223|0.371994|0.125745|0.544464|0.977518|1.179938|0.000000|93.000000|0.633444|0.453463|33.000000|0.428369|0.833333|-0.195370|12.000000
EX5:ON_BUY2|2014-05-01|0.552816|0.711980|1.168391|0.776449|1.617664|5.691618|7.000000|0.616522|0.711252|0.947954|1.354944|0.632088|0.490184|0.454352|1.166015|1.221237|0.000000|0.549529|0.420195|0.097401|0.544931|1.011209|1.262603|0.000000|87.000000|0.618068|0.476689|27.000000|0.474749|0.727273|-0.174276|11.000000
EX5:ON_BUY2|2014-11-01|0.466697|0.805761|0.952989|0.579200|1.612578|6.286808|7.000000|0.617624|0.696417|0.990261|1.354213|0.642783|0.456123|0.376400|1.155334|1.113080|0.009524|0.493029|0.396059|-0.010660|0.544172|0.906133|1.130661|0.012346|81.000000|0.600207|0.469451|21.000000|0.492014|0.727273|-0.442781|11.000000
EX5:ON_BUY2|2015-05-01|0.423123|0.613263|1.039377|0.689954|1.506550|5.289005|7.000000|0.600879|0.682000|0.823954|1.386789|0.508302|0.413600|0.319310|1.174854|1.030845|0.000000|0.429907|0.333785|0.181835|0.409183|1.108056|1.026820|0.000000|75.000000|0.582731|0.403430|15.000000|0.454242|0.800000|-0.321603|10.000000
EX5:ON_BUY2|2015-11-01|0.493132|0.510393|1.221749|0.966180|1.564384|5.646393|7.000000|0.607532|0.695790|0.816047|1.370329|0.561135|0.476140|0.319271|1.429987|1.206463|0.000000|0.506163|0.440332|0.281580|0.474466|1.093488|1.218396|0.000000|69.000000|0.610330|0.594752|9.000000|0.510324|0.800000|-0.312249|10.000000
EX5:ON_BUY2|2016-05-01|0.564258|0.475218|1.474399|1.187367|1.586481|5.596873|7.000000|0.604706|0.696840|0.809295|1.338264|0.546433|0.376277|0.320314|1.394415|1.073639|0.000000|0.397945|0.332762|0.185860|0.475218|0.850129|0.978883|0.000000|63.000000|0.561708|0.555701|3.000000|0.449829|0.888889|-0.076945|9.000000
EX5:OFF_BUY2|2009-11-01|0.328362|0.720103|0.733223|0.455993|1.484752|5.615536|6.000000|0.628577|0.781387|1.106208|1.378186|0.704839|0.389820|0.547959|0.708828|0.865013|0.151515|0.392199|0.195325|-0.129846|0.547959|0.643652|0.824853|0.120567|141.000000|0.622595|0.402257|81.000000|0.327977|0.687500|-0.319221|16.000000
EX5:OFF_BUY2|2010-05-01|0.337135|0.716279|0.753108|0.470675|1.526927|5.024712|6.000000|0.623922|0.775418|0.876749|1.367399|0.640878|0.399995|0.488361|0.787489|0.862678|0.119497|0.409367|0.245019|-0.116896|0.496230|0.787716|0.881771|0.096296|135.000000|0.598411|0.403367|75.000000|0.392407|0.733333|-0.306713|15.000000
EX5:OFF_BUY2|2010-11-01|0.361793|0.630402|0.824454|0.573909|1.521318|6.040101|6.000000|0.624128|0.742026|0.871351|1.398716|0.638496|0.453120|0.476389|0.919506|1.047546|0.084967|0.451516|0.353661|-0.069845|0.497315|0.815605|0.939878|0.031008|129.000000|0.583542|0.428824|69.000000|0.389958|0.733333|-0.342523|15.000000
EX5:OFF_BUY2|2011-05-01|0.373172|0.599239|0.857729|0.622743|1.511276|5.278508|6.000000|0.618834|0.770736|0.895000|1.408605|0.630708|0.436080|0.483079|0.877556|0.968280|0.047619|0.407420|0.325837|0.033878|0.496066|0.768760|0.844811|0.000000|123.000000|0.510708|0.407702|63.000000|0.422314|0.785714|-0.333888|14.000000
EX5:OFF_BUY2|2011-11-01|0.355459|0.606613|0.799991|0.585974|1.583404|5.281846|7.000000|0.617134|0.749045|0.872897|1.402476|0.610571|0.393651|0.452731|0.768385|0.862967|0.007092|0.439200|0.292498|0.065936|0.526965|0.852209|0.908808|0.000000|117.000000|0.529961|0.396839|57.000000|0.414933|0.714286|-0.337819|14.000000
EX5:OFF_BUY2|2012-05-01|0.421862|0.598983|0.942550|0.704296|1.619009|5.796707|7.000000|0.618523|0.755109|0.867679|1.401559|0.621512|0.407320|0.453361|0.871181|0.941351|0.000000|0.494643|0.294872|0.117264|0.523310|0.962407|1.025738|0.000000|111.000000|0.590561|0.434026|51.000000|0.475761|0.769231|-0.333075|13.000000
EX5:OFF_BUY2|2012-11-01|0.480662|0.593620|1.072342|0.809714|1.640530|6.414474|6.000000|0.617364|0.739387|0.874730|1.389919|0.620608|0.439137|0.459359|0.993487|1.026401|0.000000|0.505919|0.351714|0.142987|0.499204|1.020674|1.063460|0.000000|105.000000|0.598094|0.457025|45.000000|0.481989|0.769231|-0.308441|13.000000
EX5:OFF_BUY2|2013-05-01|0.454039|0.582990|0.997295|0.778810|1.622582|4.889854|6.000000|0.617704|0.752869|0.950492|1.371009|0.627893|0.442860|0.488622|1.048960|1.088549|0.000000|0.524466|0.324314|0.100415|0.502633|1.053270|1.088471|0.000000|99.000000|0.585256|0.454504|39.000000|0.463847|0.833333|-0.305241|12.000000
EX5:OFF_BUY2|2013-11-01|0.484323|0.562696|1.057761|0.860719|1.651224|5.742551|7.000000|0.614368|0.709796|0.853557|1.402960|0.619231|0.460983|0.440085|1.106001|1.079834|0.000000|0.510527|0.356584|0.153217|0.526714|0.983164|1.051171|0.000000|93.000000|0.584176|0.458211|33.000000|0.446454|0.916667|-0.336097|12.000000
EX5:OFF_BUY2|2014-05-01|0.573110|0.625597|1.261922|0.916101|1.632518|6.288017|6.000000|0.606015|0.713592|0.856306|1.364214|0.558039|0.522723|0.438591|1.315122|1.238801|0.000000|0.540883|0.404660|0.164794|0.498914|1.117243|1.180624|0.000000|87.000000|0.618651|0.519284|27.000000|0.476952|0.909091|-0.335476|11.000000
EX5:OFF_BUY2|2014-11-01|0.415106|0.812337|0.858200|0.511002|1.624215|5.002445|7.000000|0.618700|0.725421|1.014417|1.407168|0.626435|0.513323|0.440075|1.464066|1.300422|0.066667|0.541188|0.453866|-0.053362|0.465334|1.091694|1.131568|0.049383|81.000000|0.594262|0.465028|21.000000|0.467985|0.727273|-0.525503|11.000000
EX5:OFF_BUY2|2015-05-01|0.535245|0.504032|1.297756|1.061928|1.525149|5.366213|6.000000|0.612257|0.725493|0.949648|1.387017|0.585656|0.574001|0.450165|1.790972|1.540788|0.000000|0.672976|0.553123|0.200980|0.486440|1.420090|1.468963|0.000000|75.000000|0.676284|0.566704|15.000000|0.675042|0.800000|-0.291240|10.000000
EX5:OFF_BUY2|2015-11-01|0.571954|0.486607|1.375380|1.175392|1.578951|5.179475|6.000000|0.614080|0.732941|0.949676|1.397173|0.592181|0.592319|0.452756|1.872368|1.578010|0.000000|0.682090|0.608801|0.389539|0.452756|1.441737|1.521340|0.000000|69.000000|0.666070|0.665513|9.000000|0.658435|0.800000|-0.291223|10.000000
EX5:OFF_BUY2|2016-05-01|0.630527|0.488806|1.514132|1.289933|1.614722|6.157047|7.000000|0.622763|0.757811|0.964523|1.392710|0.620167|0.578760|0.480797|1.539912|1.460150|0.000000|0.605105|0.524760|0.393846|0.488806|1.238937|1.336887|0.000000|63.000000|0.615865|0.625857|3.000000|0.828097|0.888889|-0.306113|9.000000
EX5:ON_BUY3|2009-11-01|0.331017|0.739129|0.723306|0.447847|1.514805|5.540677|6.000000|0.620080|0.714097|0.951322|1.368896|0.635700|0.412382|0.544557|0.804536|0.867666|0.151515|0.412014|0.235734|-0.162960|0.544557|0.681410|0.835933|0.099291|141.000000|0.559187|0.380485|81.000000|0.293877|0.625000|-0.346536|16.000000
EX5:ON_BUY3|2010-05-01|0.341718|0.739686|0.728845|0.461978|1.558400|5.454901|6.000000|0.620861|0.717311|0.951567|1.389140|0.647884|0.411251|0.544683|0.823903|0.867262|0.119497|0.410401|0.328563|-0.144889|0.544683|0.693783|0.821679|0.074074|135.000000|0.493857|0.372550|75.000000|0.250640|0.733333|-0.346227|15.000000
EX5:ON_BUY3|2010-11-01|0.407054|0.607329|0.928766|0.670237|1.478241|5.632145|6.000000|0.614297|0.709187|0.950016|1.350369|0.611548|0.439849|0.455691|0.930669|0.991710|0.078431|0.438465|0.350769|-0.012731|0.545578|0.759211|0.905630|0.007752|129.000000|0.549134|0.415093|69.000000|0.308304|0.666667|-0.200562|15.000000
EX5:ON_BUY3|2011-05-01|0.420029|0.603354|0.939887|0.696156|1.515968|5.616749|6.000000|0.618841|0.705140|0.951631|1.368597|0.631057|0.447716|0.406432|0.993624|1.031219|0.040816|0.442356|0.377509|0.052005|0.544695|0.799083|0.936194|0.000000|123.000000|0.558079|0.432654|63.000000|0.405379|0.714286|-0.200701|14.000000
EX5:ON_BUY3|2011-11-01|0.435647|0.642529|0.945919|0.678019|1.563510|6.316806|7.000000|0.621845|0.706413|0.950441|1.370264|0.680567|0.440447|0.512106|1.019169|1.020342|0.000000|0.441160|0.380199|0.092835|0.544715|0.771056|0.933406|0.000000|117.000000|0.633129|0.423908|57.000000|0.401905|0.714286|-0.200635|14.000000
EX5:ON_BUY3|2012-05-01|0.450606|0.663239|0.970676|0.679401|1.612693|5.503484|7.000000|0.617237|0.710193|0.950188|1.372687|0.635131|0.430262|0.544697|0.910525|0.979779|0.000000|0.430608|0.366631|0.132549|0.544697|0.722241|0.867586|0.000000|111.000000|0.612693|0.410177|51.000000|0.448911|0.769231|-0.123581|13.000000
EX5:ON_BUY3|2012-11-01|0.514675|0.645724|1.129173|0.797052|1.634276|5.516693|7.000000|0.625671|0.708407|0.948454|1.352107|0.636391|0.453910|0.544396|1.112546|1.119036|0.000000|0.482876|0.379550|0.115679|0.544396|0.886994|1.058748|0.000000|105.000000|0.623358|0.454403|45.000000|0.478457|0.846154|-0.117962|13.000000
EX5:ON_BUY3|2013-05-01|0.451959|0.684335|0.956476|0.660436|1.616550|6.429813|7.000000|0.614676|0.724381|1.001210|1.330944|0.611540|0.425726|0.513429|0.944577|1.013384|0.000000|0.441047|0.317801|0.080436|0.543010|0.825038|0.998133|0.000000|99.000000|0.616300|0.394749|39.000000|0.490459|0.833333|-0.230960|12.000000
EX5:ON_BUY3|2013-11-01|0.457092|0.650995|0.966172|0.702143|1.633820|5.596768|7.000000|0.612298|0.707352|0.948758|1.382519|0.595833|0.443663|0.468187|0.950676|0.975032|0.000000|0.451724|0.358017|0.147985|0.544483|0.853844|1.026402|0.000000|93.000000|0.568789|0.428685|33.000000|0.398800|0.833333|-0.143453|12.000000
EX5:ON_BUY3|2014-05-01|0.566345|0.659312|1.275577|0.858993|1.600778|5.621021|7.000000|0.614694|0.715001|0.950544|1.355216|0.591394|0.471753|0.448824|1.141121|1.177586|0.000000|0.529614|0.393684|0.091779|0.544733|0.972245|1.199248|0.000000|87.000000|0.627860|0.467156|27.000000|0.481772|0.818182|-0.253724|11.000000
EX5:ON_BUY3|2014-11-01|0.447360|0.840003|0.909255|0.532569|1.607062|5.568932|7.000000|0.608388|0.703121|0.946192|1.311936|0.566261|0.453872|0.357342|1.282283|1.150746|0.047619|0.487256|0.371462|-0.054863|0.544684|0.894566|1.120354|0.049383|81.000000|0.625275|0.461926|21.000000|0.448810|0.727273|-0.520226|11.000000
EX5:ON_BUY3|2015-05-01|0.436581|0.579009|1.110608|0.754015|1.510231|5.644526|7.000000|0.603869|0.690463|0.803660|1.350060|0.536981|0.413871|0.320418|1.522787|1.115910|0.000000|0.447423|0.312257|0.117116|0.474045|0.947134|1.079310|0.000000|75.000000|0.586626|0.422015|15.000000|0.448578|0.800000|-0.283424|10.000000
EX5:ON_BUY3|2015-11-01|0.492960|0.496591|1.218212|0.992688|1.566957|5.814595|7.000000|0.603747|0.701152|0.803356|1.334445|0.528555|0.426312|0.320717|1.477054|1.217678|0.000000|0.469133|0.396008|0.241743|0.474379|0.994222|1.112893|0.000000|69.000000|0.606393|0.599130|9.000000|0.456123|0.800000|-0.294563|10.000000
EX5:ON_BUY3|2016-05-01|0.583129|0.474399|1.507302|1.229195|1.590938|5.537559|7.000000|0.603805|0.698014|0.803969|1.358616|0.538860|0.411611|0.320116|1.495011|1.117325|0.000000|0.448668|0.370015|0.219179|0.474399|0.949004|1.084182|0.000000|63.000000|0.575524|0.575799|3.000000|0.448882|0.888889|-0.076812|9.000000
EX5:OFF_BUY3|2009-11-01|0.283838|0.730212|0.633191|0.388705|1.509672|4.554494|6.000000|0.624618|0.758302|0.881063|1.379848|0.639220|0.356141|0.526792|0.664532|0.769183|0.151515|0.364678|0.178817|-0.124100|0.526792|0.623633|0.742989|0.127660|141.000000|0.525171|0.358617|81.000000|0.329525|0.687500|-0.337832|16.000000
EX5:OFF_BUY3|2010-05-01|0.327422|0.726118|0.721767|0.450922|1.533722|6.144709|6.000000|0.628236|0.784746|1.024898|1.392625|0.671981|0.354997|0.554108|0.663564|0.781911|0.119497|0.377929|0.223751|-0.121947|0.554108|0.634006|0.788290|0.103704|135.000000|0.569744|0.389180|75.000000|0.446240|0.733333|-0.332734|15.000000
EX5:OFF_BUY3|2010-11-01|0.364828|0.658560|0.830563|0.553979|1.514756|4.871604|6.000000|0.623396|0.752938|1.104746|1.366861|0.672887|0.454055|0.558402|0.819320|0.987763|0.084967|0.486721|0.323611|-0.091618|0.558402|0.871631|0.960788|0.054264|129.000000|0.589646|0.453978|69.000000|0.445355|0.733333|-0.317368|15.000000
EX5:OFF_BUY3|2011-05-01|0.380179|0.584488|0.863890|0.650448|1.532792|5.137773|7.000000|0.618241|0.743469|0.872905|1.406753|0.616724|0.392104|0.472772|0.747675|0.837988|0.047619|0.440369|0.284482|0.022090|0.523855|0.852403|0.915858|0.000000|123.000000|0.538479|0.420955|63.000000|0.449910|0.785714|-0.334074|14.000000
EX5:OFF_BUY3|2011-11-01|0.399405|0.603520|0.899161|0.661792|1.566747|5.653882|7.000000|0.620586|0.749265|0.879453|1.381200|0.621714|0.449540|0.460686|0.940737|0.996394|0.007092|0.467240|0.336448|0.069849|0.486139|0.999105|0.980175|0.000000|117.000000|0.605369|0.440849|57.000000|0.451066|0.785714|-0.321415|14.000000
EX5:OFF_BUY3|2012-05-01|0.463952|0.589633|1.034448|0.786848|1.607012|5.835656|7.000000|0.626092|0.781100|1.075688|1.394252|0.689535|0.493992|0.558387|0.944762|1.097294|0.000000|0.518947|0.376498|0.129629|0.558387|0.929369|1.046390|0.000000|111.000000|0.629624|0.490255|51.000000|0.480148|0.846154|-0.322057|13.000000
EX5:OFF_BUY3|2012-11-01|0.458317|0.627724|1.017772|0.730125|1.639765|6.185787|7.000000|0.627979|0.800024|1.019750|1.363343|0.650983|0.416007|0.495026|0.905871|0.991401|0.000000|0.499362|0.297015|0.070021|0.505872|0.987131|1.045887|0.000000|105.000000|0.603479|0.438428|45.000000|0.489012|0.769231|-0.309650|13.000000
EX5:OFF_BUY3|2013-05-01|0.488187|0.555299|1.082851|0.879144|1.630148|5.776011|7.000000|0.613927|0.718064|0.870969|1.397106|0.613699|0.464210|0.443023|1.175441|1.124290|0.000000|0.576168|0.344933|0.140525|0.508885|1.149700|1.202843|0.000000|99.000000|0.626695|0.495349|39.000000|0.453141|0.833333|-0.315472|12.000000
EX5:OFF_BUY3|2013-11-01|0.493461|0.554880|1.079368|0.889311|1.639493|6.295599|7.000000|0.610081|0.702354|0.864234|1.374350|0.581090|0.492126|0.436087|1.244813|1.197042|0.000000|0.551080|0.372413|0.162987|0.502937|1.106489|1.160195|0.000000|93.000000|0.603268|0.492309|33.000000|0.431859|0.916667|-0.310790|12.000000
EX5:OFF_BUY3|2014-05-01|0.561935|0.623711|1.218177|0.900954|1.643178|5.337273|7.000000|0.604095|0.695471|0.869310|1.392976|0.536691|0.503734|0.440232|1.545022|1.329964|0.000000|0.570213|0.442087|0.095184|0.515894|1.139799|1.223801|0.000000|87.000000|0.631262|0.501420|27.000000|0.453036|0.818182|-0.321409|11.000000
EX5:OFF_BUY3|2014-11-01|0.449282|0.777071|0.936325|0.578174|1.601595|5.316323|7.000000|0.619246|0.788403|1.081114|1.339209|0.597565|0.515544|0.358358|1.272096|1.252009|0.038095|0.524004|0.439935|-0.040654|0.496353|1.055707|1.165259|0.037037|81.000000|0.603268|0.515816|21.000000|0.477951|0.818182|-0.519674|11.000000
EX5:OFF_BUY3|2015-05-01|0.529486|0.494960|1.290385|1.069755|1.530401|5.193259|6.000000|0.608582|0.731472|0.949200|1.390337|0.559272|0.580588|0.444587|1.845316|1.562245|0.000000|0.678443|0.560445|0.205596|0.486413|1.443552|1.495891|0.000000|75.000000|0.666861|0.567605|15.000000|0.665012|0.800000|-0.291172|10.000000
EX5:OFF_BUY3|2015-11-01|0.574102|0.486507|1.379455|1.180047|1.584392|5.917127|6.000000|0.616706|0.737348|0.949903|1.396053|0.592181|0.599979|0.444938|1.919087|1.593543|0.000000|0.687225|0.604536|0.385872|0.444938|1.496078|1.547615|0.000000|69.000000|0.664915|0.666831|9.000000|0.657789|0.800000|-0.291167|10.000000
EX5:OFF_BUY3|2016-05-01|0.675773|0.486739|1.636671|1.388368|1.609936|5.138586|6.000000|0.617454|0.735289|0.950540|1.421433|0.602232|0.632228|0.444866|1.915799|1.623489|0.000000|0.692738|0.627895|0.485153|0.444866|1.530841|1.547836|0.000000|63.000000|0.662844|0.667543|3.000000|0.877156|0.888889|-0.291529|9.000000
EX5:ON_BUY4|2009-11-01|0.327127|0.746738|0.710457|0.438075|1.522567|5.751903|6.000000|0.623966|0.739379|0.953792|1.363505|0.674220|0.400696|0.545548|0.840696|0.849321|0.151515|0.399155|0.247783|-0.148189|0.545548|0.706794|0.821557|0.106383|141.000000|0.512858|0.366133|81.000000|0.277584|0.625000|-0.346536|16.000000
EX5:ON_BUY4|2010-05-01|0.347547|0.741394|0.746535|0.468775|1.539321|6.498806|7.000000|0.629464|0.729251|0.949471|1.371454|0.719294|0.414093|0.544279|0.886737|0.893693|0.119497|0.424829|0.323355|-0.150008|0.544279|0.739724|0.866020|0.081481|135.000000|0.560428|0.390691|75.000000|0.312805|0.666667|-0.346227|15.000000
EX5:ON_BUY4|2010-11-01|0.371977|0.628313|0.844011|0.592025|1.477927|5.816438|6.000000|0.617565|0.699248|0.948203|1.346417|0.631065|0.408522|0.457831|0.852458|0.888629|0.078431|0.401984|0.332362|-0.026263|0.544198|0.713718|0.852049|0.015504|129.000000|0.512527|0.378995|69.000000|0.263469|0.666667|-0.200725|15.000000
EX5:ON_BUY4|2011-05-01|0.389019|0.645952|0.854037|0.602241|1.527088|5.800036|7.000000|0.616885|0.702410|0.950099|1.357821|0.632474|0.411698|0.451456|0.849879|0.884795|0.040816|0.411562|0.351842|0.037097|0.545610|0.702565|0.835163|0.000000|123.000000|0.497091|0.394593|63.000000|0.353714|0.714286|-0.200884|14.000000
EX5:ON_BUY4|2011-11-01|0.399807|0.641942|0.862695|0.622809|1.580092|5.891266|7.000000|0.618221|0.703418|0.949860|1.371449|0.644255|0.420344|0.513719|0.892660|0.908951|0.000000|0.417660|0.362427|0.088996|0.545529|0.709995|0.857474|0.000000|117.000000|0.575358|0.399263|57.000000|0.360859|0.714286|-0.200862|14.000000
EX5:ON_BUY4|2012-05-01|0.432787|0.655199|0.951939|0.660543|1.588929|6.354769|7.000000|0.623149|0.705490|0.950490|1.373616|0.670897|0.422684|0.544524|0.907969|0.960547|0.000000|0.424449|0.368454|0.133161|0.544524|0.711344|0.866963|0.000000|111.000000|0.577073|0.403188|51.000000|0.461057|0.769231|-0.130887|13.000000
EX5:ON_BUY4|2012-11-01|0.487038|0.671043|1.034033|0.725793|1.648399|5.844108|7.000000|0.619428|0.717912|0.994978|1.359664|0.634902|0.430641|0.545749|0.943893|1.011017|0.007752|0.433486|0.373091|0.124362|0.545749|0.757665|0.926238|0.000000|105.000000|0.594500|0.428765|45.000000|0.444533|0.769231|-0.137534|13.000000
EX5:ON_BUY4|2013-05-01|0.472742|0.613191|1.050708|0.770953|1.621337|5.908062|7.000000|0.613655|0.695225|0.951188|1.375972|0.607837|0.429460|0.511402|0.923522|0.994725|0.000000|0.443005|0.364365|0.131872|0.544608|0.773174|0.980222|0.000000|99.000000|0.603898|0.420521|39.000000|0.439413|0.833333|-0.189612|12.000000
EX5:ON_BUY4|2013-11-01|0.475538|0.659942|1.007456|0.720574|1.626821|5.813780|7.000000|0.614789|0.707002|0.951980|1.368962|0.626923|0.430060|0.472097|0.910755|0.966205|0.000000|0.440970|0.352650|0.143764|0.546588|0.806768|0.988281|0.000000|93.000000|0.603306|0.422115|33.000000|0.396086|0.833333|-0.174552|12.000000
EX5:ON_BUY4|2014-05-01|0.503874|0.717795|1.073874|0.701975|1.612040|5.800808|7.000000|0.610042|0.747032|0.982861|1.333642|0.590060|0.432170|0.463084|1.011898|1.010736|0.000000|0.454934|0.349651|0.077005|0.545434|0.839722|1.056543|0.000000|87.000000|0.583974|0.425570|27.000000|0.444494|0.727273|-0.239440|11.000000
EX5:ON_BUY4|2014-11-01|0.437739|0.811955|0.900372|0.539117|1.600947|6.244279|7.000000|0.615242|0.691011|0.826668|1.300285|0.613217|0.433634|0.355037|1.337448|1.157267|0.009524|0.447801|0.346685|-0.013449|0.532198|0.845827|1.058549|0.012346|81.000000|0.584265|0.447989|21.000000|0.412690|0.727273|-0.485301|11.000000
EX5:ON_BUY4|2015-05-01|0.426852|0.579641|1.070598|0.736407|1.493199|6.345136|7.000000|0.611056|0.694232|0.803462|1.354811|0.596226|0.368355|0.320573|1.236411|0.999843|0.000000|0.404100|0.292778|0.116425|0.473886|0.853346|0.961418|0.000000|75.000000|0.572687|0.408379|15.000000|0.382145|0.800000|-0.288084|10.000000
EX5:ON_BUY4|2015-11-01|0.489397|0.481029|1.204932|1.017396|1.551418|6.416180|7.000000|0.612949|0.692738|0.815936|1.354718|0.604063|0.429103|0.320569|1.397075|1.131029|0.000000|0.475647|0.404513|0.246709|0.474281|1.016871|1.110690|0.000000|69.000000|0.586321|0.585382|9.000000|0.460616|0.800000|-0.269363|10.000000
EX5:ON_BUY4|2016-05-01|0.629166|0.474545|1.587720|1.325829|1.590793|5.856591|7.000000|0.603578|0.705731|0.812847|1.336609|0.530092|0.463171|0.320116|1.525766|1.199053|0.000000|0.499873|0.433082|0.273618|0.474545|1.078861|1.196194|0.000000|63.000000|0.622312|0.621526|3.000000|0.490009|0.888889|-0.076812|9.000000
EX5:OFF_BUY4|2009-11-01|0.306063|0.717683|0.688746|0.426460|1.484277|5.765848|6.000000|0.627700|0.774258|1.015272|1.365019|0.660755|0.386088|0.497542|0.750741|0.830200|0.151515|0.373623|0.236561|-0.123664|0.497542|0.692430|0.804107|0.113475|141.000000|0.522687|0.371369|81.000000|0.375093|0.687500|-0.329973|16.000000
EX5:OFF_BUY4|2010-05-01|0.324857|0.721653|0.720501|0.450156|1.523695|5.456100|6.000000|0.630411|0.790882|1.034311|1.354731|0.671197|0.372289|0.502665|0.723203|0.799721|0.119497|0.400735|0.234240|-0.114799|0.502665|0.714368|0.835439|0.088889|135.000000|0.545364|0.379227|75.000000|0.444266|0.666667|-0.301189|15.000000
EX5:OFF_BUY4|2010-11-01|0.332602|0.661165|0.750926|0.503055|1.533771|5.096999|7.000000|0.619918|0.736578|0.878728|1.373774|0.647027|0.374670|0.494624|0.691701|0.782061|0.084967|0.426868|0.259173|-0.086523|0.526914|0.816878|0.860516|0.062016|129.000000|0.532380|0.386352|69.000000|0.428128|0.666667|-0.335650|15.000000
EX5:OFF_BUY4|2011-05-01|0.374458|0.610190|0.853182|0.613673|1.522297|6.369579|7.000000|0.618255|0.745914|0.878735|1.378741|0.641553|0.395180|0.484473|0.798121|0.906006|0.047619|0.453229|0.284519|0.002545|0.496563|0.913994|0.921679|0.000000|123.000000|0.574635|0.422242|63.000000|0.442303|0.714286|-0.302298|14.000000
EX5:OFF_BUY4|2011-11-01|0.387848|0.601226|0.874427|0.645094|1.573535|5.128049|7.000000|0.616376|0.751729|0.879210|1.384480|0.608000|0.420282|0.471685|0.860898|0.957256|0.007092|0.470621|0.308867|0.052912|0.498123|0.961202|0.973619|0.000000|117.000000|0.594968|0.430447|57.000000|0.436236|0.714286|-0.307471|14.000000
EX5:OFF_BUY4|2012-05-01|0.413786|0.618376|0.925297|0.669150|1.601739|5.200624|7.000000|0.622823|0.769352|1.034250|1.357271|0.634884|0.397328|0.502304|0.821988|0.912144|0.000000|0.477221|0.276881|0.066948|0.502304|0.950063|0.972243|0.000000|111.000000|0.598435|0.423827|51.000000|0.449341|0.769231|-0.289402|13.000000
EX5:OFF_BUY4|2012-11-01|0.469051|0.612352|1.042516|0.765983|1.643854|5.404825|7.000000|0.615791|0.750958|0.897679|1.366090|0.621203|0.434476|0.459446|0.969303|1.026605|0.000000|0.506234|0.323540|0.126766|0.498670|1.021573|1.061353|0.000000|105.000000|0.613126|0.453877|45.000000|0.464846|0.769231|-0.303676|13.000000
EX5:OFF_BUY4|2013-05-01|0.511933|0.560442|1.127188|0.913444|1.623775|5.750326|7.000000|0.621302|0.748111|1.105913|1.371651|0.705338|0.510645|0.480120|1.151285|1.211041|0.000000|0.570641|0.401630|0.142693|0.560442|1.018197|1.163738|0.000000|99.000000|0.630649|0.521632|39.000000|0.457417|0.916667|-0.308729|12.000000
EX5:OFF_BUY4|2013-11-01|0.500712|0.560609|1.087643|0.893157|1.634223|5.256526|7.000000|0.615590|0.759777|1.033779|1.373660|0.633013|0.488662|0.494692|1.214635|1.216415|0.000000|0.555113|0.378532|0.135108|0.560364|0.990628|1.159770|0.000000|93.000000|0.605371|0.513230|33.000000|0.457986|0.916667|-0.307416|12.000000
EX5:OFF_BUY4|2014-05-01|0.557883|0.612233|1.215280|0.911226|1.639423|5.249155|7.000000|0.606485|0.760251|1.101199|1.350106|0.560707|0.505086|0.499695|1.384777|1.389953|0.000000|0.592928|0.452395|0.097185|0.550487|1.077097|1.227247|0.000000|87.000000|0.619847|0.527035|27.000000|0.470398|0.818182|-0.313457|11.000000
EX5:OFF_BUY4|2014-11-01|0.411380|0.726104|0.897422|0.566557|1.613180|5.067715|7.000000|0.612921|0.734544|0.950428|1.371040|0.606957|0.417167|0.359763|1.101570|0.991842|0.000000|0.419772|0.339767|0.065876|0.440015|0.953996|0.972347|0.000000|81.000000|0.527586|0.445468|21.000000|0.397433|0.818182|-0.421879|11.000000
EX5:OFF_BUY4|2015-05-01|0.518430|0.498256|1.240647|1.040490|1.551893|5.497628|6.000000|0.611257|0.732505|0.986380|1.361129|0.595318|0.563383|0.445114|1.597267|1.382407|0.000000|0.622262|0.511212|0.198220|0.498256|1.269651|1.364581|0.000000|75.000000|0.644501|0.549286|15.000000|0.681282|0.800000|-0.307579|10.000000
EX5:OFF_BUY4|2015-11-01|0.511438|0.502859|1.221892|1.017061|1.594649|5.285497|7.000000|0.613579|0.772306|0.993509|1.375887|0.604063|0.551331|0.480710|1.450116|1.371006|0.000000|0.584011|0.502252|0.311525|0.502859|1.161382|1.305666|0.000000|69.000000|0.590266|0.585009|9.000000|0.629913|0.800000|-0.305724|10.000000
EX5:OFF_BUY4|2016-05-01|0.639255|0.486739|1.545443|1.313342|1.602373|5.830047|7.000000|0.617209|0.751418|0.950540|1.404429|0.609008|0.600140|0.443800|1.854493|1.512838|0.000000|0.670672|0.605715|0.472593|0.443800|1.487011|1.493554|0.000000|63.000000|0.627273|0.630485|3.000000|0.759933|0.888889|-0.291529|9.000000
EX5:ON_BUY5|2009-11-01|0.330807|0.747002|0.722101|0.442846|1.516000|5.860895|6.000000|0.620718|0.716812|0.951508|1.352140|0.657351|0.411298|0.544597|0.778590|0.844858|0.151515|0.395712|0.221525|-0.174675|0.544597|0.665035|0.795769|0.106383|141.000000|0.535355|0.365648|81.000000|0.262681|0.625000|-0.346536|16.000000
EX5:ON_BUY5|2010-05-01|0.329225|0.746047|0.707194|0.441292|1.553391|5.932743|6.000000|0.625677|0.721419|0.948088|1.369889|0.674630|0.399839|0.544113|0.787970|0.833727|0.119497|0.390336|0.317818|-0.159893|0.544113|0.688808|0.811426|0.081481|135.000000|0.493910|0.358134|75.000000|0.262680|0.666667|-0.346227|15.000000
EX5:ON_BUY5|2010-11-01|0.382049|0.607389|0.869891|0.629001|1.478106|5.822399|6.000000|0.614006|0.713325|0.966608|1.332950|0.611277|0.408690|0.459484|0.863256|0.881024|0.084967|0.415938|0.345552|-0.016833|0.545586|0.708311|0.850967|0.007752|129.000000|0.503824|0.383305|69.000000|0.283885|0.666667|-0.202368|15.000000
EX5:ON_BUY5|2011-05-01|0.396525|0.647831|0.868088|0.612080|1.527225|5.896381|7.000000|0.617148|0.712927|0.949980|1.356375|0.636158|0.425481|0.446711|0.880617|0.920569|0.040816|0.410884|0.352084|0.035113|0.545588|0.719985|0.859469|0.000000|123.000000|0.509980|0.403395|63.000000|0.352601|0.714286|-0.202480|14.000000
EX5:ON_BUY5|2011-11-01|0.420880|0.647953|0.908756|0.649553|1.575609|5.957142|7.000000|0.619557|0.712855|0.950122|1.337749|0.642270|0.451210|0.516050|1.036694|1.025840|0.000000|0.437984|0.370645|0.084642|0.545600|0.795676|0.970951|0.000000|117.000000|0.611434|0.427301|57.000000|0.401423|0.714286|-0.202459|14.000000
EX5:ON_BUY5|2012-05-01|0.437152|0.656458|0.967549|0.665926|1.600305|5.723379|7.000000|0.617156|0.706232|0.950754|1.349469|0.624171|0.426456|0.544560|0.940567|1.022986|0.000000|0.426436|0.369810|0.133451|0.544560|0.730805|0.901284|0.000000|111.000000|0.578904|0.410647|51.000000|0.452012|0.769231|-0.129949|13.000000
EX5:ON_BUY5|2012-11-01|0.508423|0.671043|1.076937|0.757661|1.643454|6.045670|7.000000|0.620657|0.715446|0.994978|1.343269|0.634902|0.452902|0.545771|1.036253|1.102337|0.007752|0.455187|0.384616|0.124440|0.545771|0.831392|1.006969|0.000000|105.000000|0.624231|0.441880|45.000000|0.463477|0.769231|-0.137301|13.000000
EX5:ON_BUY5|2013-05-01|0.442831|0.686305|0.939910|0.645239|1.625440|6.113095|7.000000|0.611569|0.729546|1.060315|1.309005|0.590250|0.412632|0.506177|0.900202|0.960975|0.000000|0.419094|0.319613|0.075892|0.531196|0.788963|0.960456|0.000000|99.000000|0.603435|0.381755|39.000000|0.457579|0.833333|-0.237957|12.000000
EX5:ON_BUY5|2013-11-01|0.481968|0.659942|1.023342|0.730318|1.627459|5.862939|7.000000|0.613969|0.711301|0.951783|1.356191|0.625000|0.445793|0.472097|0.974898|1.025139|0.000000|0.470786|0.360838|0.143689|0.546543|0.861389|1.063126|0.000000|93.000000|0.611398|0.436388|33.000000|0.396085|0.833333|-0.174884|12.000000
EX5:ON_BUY5|2014-05-01|0.523062|0.716180|1.117590|0.730349|1.610624|5.969233|7.000000|0.608867|0.757158|0.990029|1.326788|0.572048|0.447337|0.466929|1.126361|1.055299|0.000000|0.471363|0.363567|0.076268|0.545393|0.864264|1.084134|0.000000|87.000000|0.609238|0.438915|27.000000|0.445288|0.727273|-0.249366|11.000000
EX5:ON_BUY5|2014-11-01|0.437179|0.770355|0.921461|0.567503|1.620967|5.706400|7.000000|0.606326|0.702996|0.946463|1.286633|0.554435|0.366134|0.357627|1.268022|1.003233|0.000000|0.385903|0.291154|0.048851|0.542418|0.713449|0.927977|0.000000|81.000000|0.555961|0.428528|21.000000|0.463099|0.727273|-0.381378|11.000000
EX5:ON_BUY5|2015-05-01|0.438085|0.564133|1.126058|0.776563|1.509741|5.906231|7.000000|0.599230|0.685638|0.803541|1.345004|0.492453|0.393905|0.320598|1.514201|1.138322|0.000000|0.427942|0.293304|0.122904|0.474206|0.911218|1.038942|0.000000|75.000000|0.588762|0.418781|15.000000|0.408395|0.800000|-0.270526|10.000000
EX5:ON_BUY5|2015-11-01|0.501343|0.485476|1.241922|1.032684|1.569588|5.735668|7.000000|0.603283|0.692575|0.826370|1.364295|0.529322|0.468861|0.320357|1.514956|1.251454|0.000000|0.492583|0.434714|0.274281|0.474399|1.070435|1.178935|0.000000|69.000000|0.602841|0.601297|9.000000|0.507214|0.800000|-0.276925|10.000000
EX5:ON_BUY5|2016-05-01|0.620267|0.474701|1.574629|1.306648|1.591888|5.889903|7.000000|0.603410|0.694686|0.826776|1.350858|0.526903|0.468000|0.320116|1.548988|1.259190|0.000000|0.502381|0.429232|0.269597|0.474701|1.079670|1.188900|0.000000|63.000000|0.612211|0.612724|3.000000|0.544806|0.888889|-0.076812|9.000000
EX5:OFF_BUY5|2009-11-01|0.307657|0.727999|0.694653|0.422606|1.489821|5.568314|6.000000|0.626283|0.769555|0.942006|1.360323|0.640486|0.381807|0.496590|0.766658|0.846630|0.151515|0.378297|0.235945|-0.127952|0.496590|0.694357|0.801462|0.106383|141.000000|0.514660|0.370690|81.000000|0.354714|0.687500|-0.328643|16.000000
EX5:OFF_BUY5|2010-05-01|0.313877|0.728415|0.703521|0.430904|1.524337|5.220142|7.000000|0.619720|0.759046|0.868063|1.371738|0.629117|0.387282|0.487061|0.760581|0.845542|0.119497|0.401313|0.240211|-0.130314|0.497397|0.749986|0.840886|0.103704|135.000000|0.565705|0.384788|75.000000|0.384922|0.733333|-0.309122|15.000000
EX5:OFF_BUY5|2010-11-01|0.334162|0.662177|0.758063|0.504642|1.516221|5.490391|6.000000|0.626252|0.768761|1.029488|1.346754|0.657158|0.368349|0.498014|0.696149|0.785920|0.084967|0.417095|0.251617|-0.089851|0.498014|0.837517|0.851988|0.062016|129.000000|0.545927|0.391398|69.000000|0.443914|0.666667|-0.300541|15.000000
EX5:OFF_BUY5|2011-05-01|0.358277|0.588106|0.809939|0.609205|1.534267|5.288892|7.000000|0.616109|0.737972|0.880913|1.394423|0.613584|0.389738|0.475975|0.763029|0.847112|0.047619|0.441522|0.281828|0.016686|0.520444|0.864702|0.915388|0.000000|123.000000|0.550900|0.418096|63.000000|0.443133|0.714286|-0.326280|14.000000
EX5:OFF_BUY5|2011-11-01|0.380174|0.609857|0.861717|0.623383|1.567974|5.555449|7.000000|0.621374|0.775975|1.016453|1.366103|0.638571|0.448550|0.484110|0.833395|0.997015|0.007092|0.425971|0.317770|0.069893|0.500655|0.866778|0.888951|0.000000|117.000000|0.572044|0.422893|57.000000|0.453423|0.785714|-0.327389|14.000000
EX5:OFF_BUY5|2012-05-01|0.441972|0.606709|0.984334|0.728475|1.611505|5.299835|7.000000|0.618546|0.787303|1.097609|1.406674|0.635174|0.431245|0.546826|0.829545|1.010727|0.000000|0.526647|0.319500|0.086677|0.546826|0.963098|1.067103|0.000000|111.000000|0.615350|0.465169|51.000000|0.472049|0.846154|-0.328962|13.000000
EX5:OFF_BUY5|2012-11-01|0.467990|0.630133|1.031613|0.742685|1.639145|5.345210|6.000000|0.616562|0.774060|1.094419|1.395084|0.624181|0.435586|0.565837|0.867235|1.052812|0.000000|0.494149|0.321866|0.078550|0.565837|0.873305|1.011005|0.000000|105.000000|0.599755|0.454074|45.000000|0.443986|0.769231|-0.319023|13.000000
EX5:OFF_BUY5|2013-05-01|0.506572|0.547117|1.144911|0.925894|1.613778|5.629885|7.000000|0.620167|0.734211|1.060877|1.372570|0.675409|0.492916|0.493820|1.099736|1.175273|0.000000|0.543528|0.379162|0.134171|0.547117|0.993440|1.112836|0.000000|99.000000|0.624374|0.503478|39.000000|0.473632|0.916667|-0.319383|12.000000
EX5:OFF_BUY5|2013-11-01|0.484424|0.550756|1.061997|0.879563|1.640240|5.160293|7.000000|0.608437|0.700942|0.883111|1.360468|0.565064|0.476789|0.436680|1.214282|1.201044|0.000000|0.547834|0.378679|0.167501|0.501519|1.102754|1.148816|0.000000|93.000000|0.588761|0.496793|33.000000|0.433057|0.916667|-0.310939|12.000000
EX5:OFF_BUY5|2014-05-01|0.542540|0.597974|1.204104|0.907296|1.647163|5.275270|7.000000|0.604824|0.692293|0.870265|1.355163|0.545030|0.500176|0.441013|1.569181|1.354849|0.000000|0.578518|0.465412|0.121294|0.519189|1.148323|1.246692|0.000000|87.000000|0.606392|0.506198|27.000000|0.444090|0.818182|-0.326157|11.000000
EX5:OFF_BUY5|2014-11-01|0.471461|0.673586|1.045458|0.699927|1.602022|5.563167|7.000000|0.623664|0.751430|0.984131|1.273023|0.619826|0.494856|0.347683|1.328708|1.285251|0.000000|0.540253|0.458067|0.038140|0.503243|1.073542|1.206291|0.000000|81.000000|0.571282|0.508625|21.000000|0.462931|0.818182|-0.324624|11.000000
EX5:OFF_BUY5|2015-05-01|0.500305|0.498336|1.198777|1.003951|1.548182|5.489215|7.000000|0.617173|0.732744|0.986922|1.373827|0.645857|0.525908|0.438686|1.552549|1.305223|0.000000|0.590343|0.474507|0.202212|0.498336|1.240860|1.318935|0.000000|75.000000|0.623367|0.527190|15.000000|0.665062|0.800000|-0.307805|10.000000
EX5:OFF_BUY5|2015-11-01|0.511670|0.498057|1.225460|1.027331|1.595738|5.437698|7.000000|0.611410|0.760060|0.950896|1.362828|0.589881|0.541613|0.480803|1.394112|1.360177|0.000000|0.565773|0.484495|0.304208|0.498057|1.135961|1.270180|0.000000|69.000000|0.594704|0.591376|9.000000|0.659935|0.800000|-0.305818|10.000000
EX5:OFF_BUY5|2016-05-01|0.667185|0.486739|1.614946|1.370724|1.610244|5.761050|7.000000|0.617482|0.750769|0.950540|1.396516|0.604225|0.617352|0.442574|1.881850|1.601145|0.000000|0.678948|0.616528|0.472735|0.442574|1.508520|1.518456|0.000000|63.000000|0.653477|0.660158|3.000000|0.846893|0.888889|-0.291529|9.000000
EX5:ON_BUY6|2009-11-01|0.310668|0.747002|0.674957|0.415886|1.518485|5.871105|6.000000|0.622829|0.720456|0.951353|1.344988|0.662638|0.395623|0.544576|0.746949|0.797779|0.151515|0.388681|0.219117|-0.174675|0.544576|0.650737|0.779043|0.106383|141.000000|0.504277|0.349218|81.000000|0.247777|0.625000|-0.346536|16.000000
EX5:ON_BUY6|2010-05-01|0.338924|0.746047|0.728749|0.454293|1.552768|5.876619|6.000000|0.625681|0.721419|0.948088|1.365356|0.660088|0.406273|0.544113|0.819506|0.833727|0.119497|0.398709|0.317818|-0.159893|0.544113|0.690511|0.818304|0.081481|135.000000|0.493910|0.365460|75.000000|0.302704|0.666667|-0.346227|15.000000
EX5:ON_BUY6|2010-11-01|0.379544|0.607389|0.859298|0.624879|1.477586|5.803999|6.000000|0.615969|0.714445|0.966608|1.330742|0.620222|0.415559|0.459484|0.859896|0.877880|0.084967|0.414977|0.346529|-0.016833|0.545557|0.709493|0.848990|0.007752|129.000000|0.503956|0.385865|69.000000|0.283885|0.666667|-0.202368|15.000000
EX5:ON_BUY6|2011-05-01|0.392244|0.647831|0.857182|0.605473|1.527230|5.753923|7.000000|0.616686|0.712927|0.949980|1.338354|0.628507|0.425765|0.446711|0.882031|0.929607|0.040816|0.411690|0.352084|0.035113|0.545588|0.726416|0.866492|0.000000|123.000000|0.509980|0.402655|63.000000|0.364335|0.714286|-0.202480|14.000000
EX5:ON_BUY6|2011-11-01|0.427139|0.647953|0.922090|0.659212|1.575677|6.383584|7.000000|0.619756|0.712832|0.950122|1.354655|0.652482|0.450745|0.516050|1.037607|1.025840|0.000000|0.438256|0.370645|0.084642|0.545600|0.796197|0.971618|0.000000|117.000000|0.619020|0.431414|57.000000|0.401376|0.714286|-0.202459|14.000000
EX5:ON_BUY6|2012-05-01|0.450118|0.656458|0.997559|0.685677|1.599973|5.825359|7.000000|0.617789|0.706232|0.950754|1.356240|0.634554|0.428573|0.544560|0.940567|1.026008|0.000000|0.428444|0.370227|0.133451|0.544560|0.731777|0.901284|0.000000|111.000000|0.601838|0.410202|51.000000|0.444515|0.769231|-0.129949|13.000000
EX5:ON_BUY6|2012-11-01|0.510897|0.671043|1.092939|0.761347|1.640754|5.730178|7.000000|0.613250|0.714097|0.994978|1.338146|0.600357|0.461565|0.545674|1.016826|1.120580|0.007752|0.458844|0.382928|0.125621|0.545674|0.840875|1.001881|0.000000|105.000000|0.625221|0.437979|45.000000|0.462752|0.769231|-0.130043|13.000000
EX5:ON_BUY6|2013-05-01|0.431502|0.686305|0.918339|0.628732|1.625333|5.787740|7.000000|0.611557|0.729546|1.060315|1.310457|0.594878|0.406523|0.506177|0.900202|0.960975|0.000000|0.419094|0.319613|0.075892|0.531196|0.788963|0.944576|0.000000|99.000000|0.581901|0.381743|39.000000|0.457579|0.833333|-0.237957|12.000000
EX5:ON_BUY6|2013-11-01|0.483863|0.659942|1.028982|0.733189|1.627525|5.811413|7.500000|0.613710|0.711301|0.951783|1.359787|0.624359|0.445793|0.472097|0.974898|1.025139|0.000000|0.470786|0.360838|0.143689|0.546543|0.861389|1.063126|0.000000|93.000000|0.614614|0.436388|33.000000|0.396085|0.833333|-0.174884|12.000000
EX5:ON_BUY6|2014-05-01|0.522129|0.716061|1.120549|0.729169|1.610589|5.838636|7.000000|0.608825|0.745758|0.987618|1.315960|0.584723|0.448377|0.465498|1.132855|1.075926|0.000000|0.474216|0.364712|0.076870|0.545438|0.869421|1.100909|0.000000|87.000000|0.604203|0.439631|27.000000|0.444497|0.727273|-0.243739|11.000000
EX5:ON_BUY6|2014-11-01|0.491570|0.750027|1.056591|0.655403|1.615797|5.755688|8.000000|0.601767|0.695020|0.924360|1.258408|0.517913|0.468829|0.352320|1.311791|1.158024|0.000000|0.494268|0.384947|0.061611|0.542738|0.913821|1.157834|0.000000|81.000000|0.609057|0.474713|21.000000|0.444455|0.727273|-0.336055|11.000000
EX5:ON_BUY6|2015-05-01|0.428599|0.565665|1.076567|0.757689|1.507213|5.911658|7.000000|0.603909|0.713493|0.803123|1.315481|0.542264|0.384803|0.320661|1.294545|1.053706|0.000000|0.421629|0.296776|0.122015|0.474250|0.907608|0.998213|0.000000|75.000000|0.572149|0.411212|15.000000|0.387390|0.800000|-0.272062|10.000000
EX5:ON_BUY6|2015-11-01|0.494882|0.475543|1.227078|1.040668|1.568705|5.893914|7.000000|0.604121|0.693192|0.817341|1.340195|0.536604|0.448231|0.320640|1.424148|1.226258|0.000000|0.492172|0.418843|0.261778|0.474504|1.050823|1.157865|0.000000|69.000000|0.593798|0.586143|9.000000|0.476652|0.800000|-0.263443|10.000000
EX5:ON_BUY6|2016-05-01|0.625105|0.474701|1.579794|1.316839|1.591469|5.836863|7.000000|0.603760|0.694532|0.826776|1.355275|0.532483|0.468000|0.320116|1.548988|1.270254|0.000000|0.502381|0.429232|0.269597|0.474701|1.079670|1.188900|0.000000|63.000000|0.616236|0.617581|3.000000|0.544806|0.888889|-0.076812|9.000000
EX5:OFF_BUY6|2009-11-01|0.303445|0.727999|0.685376|0.416820|1.489882|5.302861|6.000000|0.626772|0.769555|0.942006|1.360323|0.642007|0.381807|0.496590|0.766658|0.846630|0.151515|0.378297|0.235945|-0.127952|0.496590|0.694357|0.801462|0.106383|141.000000|0.514660|0.372994|81.000000|0.354647|0.687500|-0.328643|16.000000
EX5:OFF_BUY6|2010-05-01|0.309026|0.728415|0.693369|0.424244|1.524385|5.260721|7.000000|0.620123|0.759046|0.868063|1.371738|0.629901|0.387282|0.487061|0.760581|0.845542|0.119497|0.401313|0.240211|-0.130314|0.497397|0.749986|0.840886|0.103704|135.000000|0.562914|0.384788|75.000000|0.384922|0.733333|-0.309122|15.000000
EX5:OFF_BUY6|2010-11-01|0.336432|0.662177|0.763678|0.508070|1.516039|5.623684|7.000000|0.626290|0.768761|1.029488|1.346922|0.659557|0.366469|0.498014|0.696149|0.785920|0.084967|0.416892|0.251617|-0.089851|0.498014|0.837109|0.851557|0.062016|129.000000|0.545927|0.388290|69.000000|0.443898|0.666667|-0.300541|15.000000
EX5:OFF_BUY6|2011-05-01|0.365149|0.588106|0.824999|0.620890|1.534226|5.561573|7.000000|0.618124|0.737972|0.880913|1.395557|0.624715|0.389738|0.475975|0.763029|0.847112|0.047619|0.441522|0.281828|0.016686|0.520444|0.864702|0.915388|0.000000|123.000000|0.550900|0.418096|63.000000|0.443133|0.714286|-0.326280|14.000000
EX5:OFF_BUY6|2011-11-01|0.384078|0.609857|0.870899|0.629784|1.567790|5.553401|7.000000|0.622349|0.775975|1.016453|1.365158|0.637429|0.449181|0.484110|0.833395|0.997015|0.007092|0.429319|0.317770|0.069893|0.500655|0.873664|0.894851|0.000000|117.000000|0.579804|0.424564|57.000000|0.462510|0.785714|-0.327389|14.000000
EX5:OFF_BUY6|2012-05-01|0.436339|0.606709|0.970410|0.719191|1.611481|5.648695|7.000000|0.619457|0.787303|1.097609|1.407559|0.645349|0.428039|0.546826|0.829545|1.010727|0.000000|0.526406|0.319500|0.086677|0.546826|0.962657|1.066600|0.000000|111.000000|0.606048|0.458784|51.000000|0.472530|0.846154|-0.328962|13.000000
EX5:OFF_BUY6|2012-11-01|0.445219|0.610374|0.997011|0.729420|1.644494|5.486485|7.000000|0.620683|0.778347|0.943641|1.381187|0.609589|0.474552|0.491497|0.925405|1.073694|0.000000|0.451528|0.361271|0.102949|0.513000|0.874043|0.945571|0.000000|105.000000|0.553365|0.448219|45.000000|0.479595|0.846154|-0.354734|13.000000
EX5:OFF_BUY6|2013-05-01|0.480879|0.547117|1.094146|0.878933|1.613577|5.647949|7.000000|0.618831|0.731425|1.060877|1.352565|0.651959|0.499173|0.493820|1.099736|1.175273|0.000000|0.543270|0.379162|0.134171|0.547117|0.992968|1.112413|0.000000|99.000000|0.587386|0.499196|39.000000|0.473820|0.916667|-0.319383|12.000000
EX5:OFF_BUY6|2013-11-01|0.482136|0.550756|1.057151|0.875408|1.640197|5.073577|7.000000|0.609914|0.700942|0.883111|1.361616|0.577564|0.473064|0.436680|1.214282|1.201044|0.000000|0.547834|0.378679|0.167501|0.501519|1.102754|1.148816|0.000000|93.000000|0.585921|0.495869|33.000000|0.433057|0.916667|-0.310939|12.000000
EX5:OFF_BUY6|2014-05-01|0.535566|0.607257|1.181015|0.881944|1.639213|5.422909|7.000000|0.603946|0.708740|0.852151|1.328592|0.533356|0.488495|0.438013|1.337178|1.239643|0.000000|0.535347|0.394927|0.156481|0.490605|1.119846|1.170917|0.000000|87.000000|0.586012|0.498257|27.000000|0.482377|0.909091|-0.327537|11.000000
EX5:OFF_BUY6|2014-11-01|0.561071|0.659037|1.245821|0.851350|1.610755|5.531262|7.000000|0.604466|0.714054|0.885895|1.303683|0.538435|0.560526|0.434689|1.714542|1.486835|0.000000|0.643513|0.506430|0.153058|0.469099|1.407232|1.440465|0.000000|81.000000|0.664878|0.583287|21.000000|0.444103|0.818182|-0.286476|11.000000
EX5:OFF_BUY6|2015-05-01|0.493325|0.498336|1.182507|0.989943|1.548269|5.571748|7.000000|0.617201|0.732704|0.986922|1.371641|0.637310|0.527010|0.438686|1.552549|1.305223|0.000000|0.592085|0.474497|0.202212|0.498336|1.240860|1.318935|0.000000|75.000000|0.614566|0.526611|15.000000|0.674535|0.800000|-0.307805|10.000000
EX5:OFF_BUY6|2015-11-01|0.549525|0.486491|1.322046|1.129569|1.586997|5.453467|7.000000|0.611077|0.745079|0.949615|1.382002|0.576466|0.597282|0.443645|1.819583|1.549984|0.000000|0.673966|0.589830|0.375381|0.443645|1.442400|1.510403|0.000000|69.000000|0.638346|0.634347|9.000000|0.619501|0.800000|-0.291046|10.000000
EX5:OFF_BUY6|2016-05-01|0.663899|0.486739|1.609819|1.363975|1.610458|5.400299|7.000000|0.613487|0.750769|0.950540|1.390217|0.589079|0.617676|0.442574|1.922328|1.587074|0.000000|0.679729|0.616723|0.472914|0.442574|1.506229|1.516480|0.000000|63.000000|0.652415|0.654860|3.000000|0.852128|0.888889|-0.291529|9.000000
EX5:OFF_FIXEDLINE|2009-11-01|0.287815|0.697310|0.652948|0.412751|1.460267|5.022574|6.000000|0.632215|0.768221|0.895458|1.311465|0.681553|0.356268|0.503145|0.724550|0.757768|0.151515|0.368590|0.173881|-0.102309|0.503145|0.639532|0.764106|0.106383|141.000000|0.536324|0.363686|81.000000|0.352642|0.625000|-0.254634|16.000000
EX5:OFF_FIXEDLINE|2010-05-01|0.377016|0.696122|0.863399|0.541595|1.482318|5.800173|7.000000|0.629261|0.770170|1.037584|1.377179|0.706021|0.480371|0.555791|1.025344|1.140562|0.119497|0.505386|0.364872|-0.093410|0.565394|0.893189|1.106939|0.051852|135.000000|0.581805|0.472174|75.000000|0.366248|0.800000|-0.254598|15.000000
EX5:OFF_FIXEDLINE|2010-11-01|0.399368|0.574710|0.949652|0.694904|1.444846|5.399326|7.000000|0.612113|0.723541|0.996321|1.367845|0.610169|0.461174|0.425161|1.129253|1.102838|0.078431|0.536603|0.332253|-0.003795|0.485027|1.106335|1.157628|0.007752|129.000000|0.620598|0.464810|69.000000|0.385059|0.666667|-0.141973|15.000000
EX5:OFF_FIXEDLINE|2011-05-01|0.431988|0.582173|1.015475|0.742028|1.468276|6.039819|7.000000|0.622356|0.752815|1.050647|1.388055|0.673242|0.498677|0.425516|1.238612|1.281727|0.040816|0.528765|0.410688|0.037539|0.570312|0.927151|1.156166|0.000000|123.000000|0.607116|0.499098|63.000000|0.428272|0.857143|-0.141911|14.000000
EX5:OFF_FIXEDLINE|2011-11-01|0.473690|0.578870|1.102089|0.818301|1.520139|5.740786|7.000000|0.614269|0.744411|1.120264|1.385546|0.634230|0.536688|0.514571|1.316576|1.399054|0.000000|0.572997|0.444426|0.107363|0.570126|1.005036|1.243907|0.000000|117.000000|0.703838|0.535814|57.000000|0.455534|0.857143|-0.141920|14.000000
EX5:OFF_FIXEDLINE|2012-05-01|0.481803|0.583019|1.126699|0.826393|1.566600|5.434907|6.000000|0.619627|0.735033|1.094522|1.401964|0.654540|0.482645|0.528074|1.342261|1.344333|0.000000|0.576014|0.384719|0.147120|0.566894|1.016087|1.259533|0.000000|111.000000|0.658240|0.495289|51.000000|0.465386|0.846154|-0.128003|13.000000
EX5:OFF_FIXEDLINE|2012-11-01|0.576589|0.654200|1.288182|0.881366|1.585262|5.751667|7.000000|0.624124|0.711886|1.107763|1.391040|0.730494|0.610866|0.571342|1.356185|1.449163|0.000000|0.617496|0.521131|0.254958|0.571342|1.080782|1.350374|0.000000|105.000000|0.755565|0.584544|45.000000|0.457675|0.923077|-0.004968|13.000000
EX5:OFF_FIXEDLINE|2013-05-01|0.516172|0.566513|1.205793|0.911140|1.593836|5.802817|6.000000|0.613881|0.708013|1.094501|1.338131|0.621413|0.507547|0.416645|1.419637|1.423801|0.000000|0.609106|0.416824|0.175524|0.566513|1.087449|1.350850|0.000000|99.000000|0.642820|0.539164|39.000000|0.481457|0.833333|-0.047717|12.000000
EX5:OFF_FIXEDLINE|2013-11-01|0.522299|0.566409|1.170711|0.922125|1.600345|6.202910|6.000000|0.618339|0.702978|1.114017|1.355490|0.627564|0.492018|0.337041|1.422936|1.414311|0.000000|0.614333|0.423333|0.162787|0.566409|1.084612|1.346747|0.000000|93.000000|0.650437|0.519420|33.000000|0.428338|0.916667|-0.004641|12.000000
EX5:OFF_FIXEDLINE|2014-05-01|0.609391|0.609982|1.368399|0.999031|1.581277|6.108950|7.000000|0.607083|0.709150|1.052643|1.299134|0.562041|0.604224|0.338895|1.560584|1.507324|0.000000|0.632426|0.509635|0.200657|0.570030|1.132710|1.437749|0.000000|87.000000|0.694826|0.585937|27.000000|0.459615|0.909091|-0.040871|11.000000
EX5:OFF_FIXEDLINE|2014-11-01|0.468221|0.636175|1.082823|0.735993|1.597301|5.167133|7.000000|0.603173|0.676853|0.853225|1.314059|0.534957|0.410677|0.318557|1.183542|1.031757|0.000000|0.421630|0.339285|0.170952|0.439041|0.960343|1.014565|0.000000|81.000000|0.536816|0.464696|21.000000|0.325407|0.909091|-0.238051|11.000000
EX5:OFF_FIXEDLINE|2015-05-01|0.459698|0.453812|1.173585|1.012971|1.496011|5.333045|6.000000|0.604399|0.666427|0.856575|1.391418|0.544151|0.451296|0.320847|1.215977|1.145126|0.000000|0.464247|0.393850|0.273579|0.439977|1.062866|1.080745|0.000000|75.000000|0.570401|0.479031|15.000000|0.451974|0.900000|-0.137510|10.000000
EX5:OFF_FIXEDLINE|2015-11-01|0.497354|0.440032|1.252491|1.130268|1.555374|5.322241|7.000000|0.608441|0.674291|0.856831|1.390857|0.587581|0.458567|0.333993|1.363278|1.145541|0.000000|0.479680|0.408186|0.280969|0.440032|1.115411|1.122853|0.000000|69.000000|0.573162|0.568120|9.000000|0.437911|0.900000|-0.124113|10.000000
EX5:OFF_FIXEDLINE|2016-05-01|0.693297|0.556166|1.739610|1.246565|1.558543|6.075615|7.000000|0.613064|0.715229|1.009100|1.372281|0.613392|0.643499|0.279777|2.112775|1.624440|0.000000|0.663223|0.603847|0.466722|0.556166|1.221976|1.516736|0.000000|63.000000|0.680508|0.688934|3.000000|0.868101|1.000000|0.033711|9.000000
EX5:ON_OFFLINE|2009-11-01|0.322731|0.772992|0.671317|0.417508|1.545375|6.052527|7.000000|0.619510|0.710640|0.940843|1.378445|0.664907|0.409033|0.489543|0.840068|0.839983|0.151515|0.416250|0.199251|-0.197947|0.489543|0.725569|0.789915|0.141844|141.000000|0.591187|0.375545|81.000000|0.326866|0.625000|-0.350492|16.000000
EX5:ON_OFFLINE|2010-05-01|0.335824|0.773170|0.686623|0.434346|1.576609|5.977743|7.000000|0.619807|0.722539|0.994846|1.390129|0.671766|0.413009|0.489493|0.890440|0.898495|0.125786|0.421557|0.280073|-0.205326|0.489493|0.815412|0.819993|0.111111|135.000000|0.584083|0.383411|75.000000|0.359733|0.666667|-0.350639|15.000000
EX5:ON_OFFLINE|2010-11-01|0.392017|0.652392|0.839008|0.600893|1.538393|6.358983|6.000000|0.622069|0.728085|0.963680|1.387891|0.657589|0.442988|0.546136|0.906490|0.929808|0.084967|0.455847|0.347129|-0.106885|0.546136|0.788025|0.884118|0.054264|129.000000|0.588874|0.426815|69.000000|0.369647|0.666667|-0.279983|15.000000
EX5:ON_OFFLINE|2011-05-01|0.406990|0.649488|0.871863|0.626632|1.538231|5.832600|6.000000|0.622694|0.735010|0.958232|1.395374|0.646959|0.441458|0.490309|0.889106|0.953702|0.047619|0.436214|0.346909|-0.006456|0.546177|0.782882|0.875624|0.008130|123.000000|0.557061|0.427185|63.000000|0.412775|0.714286|-0.280166|14.000000
EX5:ON_OFFLINE|2011-11-01|0.409515|0.670686|0.858265|0.610592|1.601030|5.850221|7.000000|0.613812|0.701666|1.020685|1.382019|0.620221|0.443195|0.473791|1.007257|1.008923|0.014184|0.429616|0.354660|0.034061|0.489642|0.900482|0.918020|0.000000|117.000000|0.628205|0.420606|57.000000|0.411001|0.714286|-0.279893|14.000000
EX5:ON_OFFLINE|2012-05-01|0.441747|0.647144|0.946186|0.682610|1.625202|6.273240|7.000000|0.615802|0.691861|0.927264|1.385985|0.653414|0.443312|0.465668|1.005042|1.024836|0.000000|0.432143|0.361798|0.135835|0.489240|0.904799|0.895637|0.000000|111.000000|0.617061|0.422284|51.000000|0.483126|0.769231|-0.278506|13.000000
EX5:ON_OFFLINE|2012-11-01|0.508745|0.604570|1.091339|0.841498|1.654657|6.071206|7.000000|0.617089|0.718253|0.967444|1.392677|0.631328|0.470402|0.459837|1.042302|1.057762|0.000000|0.496980|0.407788|0.192987|0.489533|1.058448|0.986711|0.000000|105.000000|0.629979|0.471973|45.000000|0.483057|0.769231|-0.278845|13.000000
EX5:ON_OFFLINE|2013-05-01|0.490837|0.670618|1.030796|0.731917|1.645681|6.105663|7.000000|0.605312|0.780905|1.021723|1.357706|0.541191|0.452907|0.534430|0.976618|1.158139|0.000000|0.534822|0.330163|0.084402|0.563365|0.953859|1.148910|0.000000|99.000000|0.659313|0.450697|39.000000|0.453798|0.833333|-0.312943|12.000000
EX5:ON_OFFLINE|2013-11-01|0.516146|0.634163|1.097708|0.813902|1.644782|6.182978|7.000000|0.609472|0.697277|0.857643|1.392668|0.586538|0.468257|0.419610|1.172759|1.138971|0.000000|0.536657|0.385171|0.174679|0.489386|1.139774|1.174249|0.000000|93.000000|0.642939|0.468883|33.000000|0.424416|0.833333|-0.278875|12.000000
EX5:ON_OFFLINE|2014-05-01|0.558285|0.723157|1.146007|0.772012|1.647069|6.362196|7.000000|0.613425|0.848749|1.019634|1.355661|0.627752|0.487229|0.491823|1.195476|1.199115|0.000000|0.571495|0.438776|0.043225|0.561964|1.026881|1.207290|0.000000|87.000000|0.650201|0.483596|27.000000|0.452203|0.727273|-0.315728|11.000000
EX5:ON_OFFLINE|2014-11-01|0.518016|0.761729|1.067140|0.680053|1.633934|6.111042|8.000000|0.611708|0.733405|0.946514|1.363401|0.609391|0.492707|0.425460|1.357422|1.216120|0.000000|0.567676|0.445146|0.057830|0.472787|1.224019|1.271818|0.000000|81.000000|0.647589|0.497117|21.000000|0.477840|0.727273|-0.324236|11.000000
EX5:ON_OFFLINE|2015-05-01|0.475625|0.659829|1.111108|0.720831|1.565810|6.080201|7.000000|0.602220|0.689926|0.861576|1.357054|0.529543|0.492088|0.457486|1.393837|1.280721|0.000000|0.569060|0.456844|0.106200|0.486154|1.173749|1.254243|0.000000|75.000000|0.639389|0.482522|15.000000|0.579296|0.800000|-0.314962|10.000000
EX5:ON_OFFLINE|2015-11-01|0.533387|0.486011|1.260101|1.097480|1.611456|6.052660|8.000000|0.605326|0.686245|0.861726|1.377449|0.547336|0.499012|0.457408|1.420305|1.260314|0.000000|0.577952|0.507423|0.328806|0.457408|1.263475|1.329761|0.000000|69.000000|0.630585|0.630005|9.000000|0.581409|0.800000|-0.315211|10.000000
EX5:ON_OFFLINE|2016-05-01|0.648121|0.490957|1.562770|1.320118|1.631373|5.924723|8.000000|0.602448|0.704217|0.871108|1.389390|0.526106|0.510798|0.421857|1.560450|1.303229|0.000000|0.590431|0.519243|0.376981|0.421857|1.326825|1.384899|0.000000|63.000000|0.636375|0.640178|3.000000|0.692205|0.888889|-0.316576|9.000000
