date,signal_day,observed_on,spread,percentile,cap,exposure,debt,cash,equity,constraint_equity,active_sells,unresolved
2011-05-04,2011-05-03,2011-04-29,0.03190846892655367,0.85,,0.0,0.0,3000000.0,3000000.0,3000000.0,0,False
2011-05-05,2011-05-04,2011-04-29,0.03190846892655367,0.85,,0.0,0.0,3000000.0,3000000.0,3000000.0,0,False
2011-05-06,2011-05-05,2011-04-29,0.03190846892655367,0.85,,0.0,0.0,3000000.0,3000000.0,3000000.0,0,False
2011-05-09,2011-05-06,2011-04-29,0.03190846892655367,0.85,,0.0,0.0,3000000.0,3000000.0,3000000.0,0,False
2011-05-10,2011-05-09,2011-04-29,0.03190846892655367,0.85,,0.04925893357389948,0.0,2852207.74464,2999983.74464,2999983.74464,0,False
2011-05-11,2011-05-10,2011-04-29,0.03190846892655367,0.85,,0.09887917178248949,0.0,2702756.3067900003,2999327.3067900003,2999327.3067900003,0,False
2011-05-12,2011-05-11,2011-04-29,0.03190846892655367,0.85,,0.14944224851835286,0.0,2553939.9387900005,3002664.9387900005,3002664.9387900005,0,False
2011-05-13,2011-05-12,2011-04-29,0.03190846892655367,0.85,,0.1982708381363131,0.0,2405763.6411900003,3000718.6411900003,3000718.6411900003,0,False
2011-05-16,2011-05-13,2011-04-29,0.03190846892655367,0.85,,0.2469538425864834,0.0,2256377.2104900004,2996333.2104900004,2996333.2104900004,0,False
2011-05-17,2011-05-16,2011-04-29,0.03190846892655367,0.85,,0.2952475143431203,0.0,2108030.8941900004,2991164.8941900004,2991164.8941900004,0,False
2011-05-18,2011-05-17,2011-04-29,0.03190846892655367,0.85,,0.34704041751832604,0.0,1960174.6317900005,3001984.6317900005,3001984.6317900005,0,False
2011-05-19,2011-05-18,2011-04-29,0.03190846892655367,0.85,,0.3936771886079617,0.0,1811958.3297900006,2988438.329790001,2988438.329790001,0,False
2011-05-20,2011-05-19,2011-04-29,0.03190846892655367,0.85,,0.45110599441571175,0.0,1661285.7576300006,3026605.757630001,3026605.757630001,0,False
2011-05-23,2011-05-20,2011-04-29,0.03190846892655367,0.85,,0.5382673926192644,0.0,1368812.5891200006,2964513.5891200006,2964513.5891200006,0,False
2011-05-24,2011-05-23,2011-04-29,0.03190846892655367,0.85,,0.5356516851541128,0.0,1368308.3381100006,2946728.338110001,2946728.338110001,0,False
2011-05-25,2011-05-24,2011-04-29,0.03190846892655367,0.85,,0.5800576346933651,0.0,1224610.5330900005,2916139.5330900005,2916139.5330900005,0,False
2011-05-26,2011-05-25,2011-04-29,0.03190846892655367,0.85,,0.0,0.0,2898800.6537700007,2898800.6537700007,2898800.6537700007,0,False
2011-05-27,2011-05-26,2011-04-29,0.03190846892655367,0.85,,0.0,0.0,2898800.6537700007,2898800.6537700007,2898800.6537700007,0,False
2011-05-30,2011-05-27,2011-04-29,0.03190846892655367,0.85,,0.0,0.0,2898800.6537700007,2898800.6537700007,2898800.6537700007,0,False
2011-05-31,2011-05-30,2011-04-29,0.03190846892655367,0.85,,0.0,0.0,2898800.6537700007,2898800.6537700007,2898800.6537700007,0,False
2011-06-01,2011-05-31,2011-05-31,0.0365953670411985,0.9166666666666666,,0.0,0.0,2898800.6537700007,2898800.6537700007,2898800.6537700007,0,False
2011-06-02,2011-06-01,2011-05-31,0.0365953670411985,0.9166666666666666,,0.0,0.0,2898800.6537700007,2898800.6537700007,2898800.6537700007,0,False
2011-06-03,2011-06-02,2011-05-31,0.0365953670411985,0.9166666666666666,,0.0,0.0,2898800.6537700007,2898800.6537700007,2898800.6537700007,0,False
2011-06-07,2011-06-03,2011-05-31,0.0365953670411985,0.9166666666666666,,0.0,0.0,2898800.6537700007,2898800.6537700007,2898800.6537700007,0,False
2011-06-08,2011-06-07,2011-05-31,0.0365953670411985,0.9166666666666666,,0.0,0.0,2898800.6537700007,2898800.6537700007,2898800.6537700007,0,False
2011-06-09,2011-06-08,2011-05-31,0.0365953670411985,0.9166666666666666,,0.0,0.0,2898800.6537700007,2898800.6537700007,2898800.6537700007,0,False
2011-06-10,2011-06-09,2011-05-31,0.0365953670411985,0.9166666666666666,,0.0,0.0,2898800.6537700007,2898800.6537700007,2898800.6537700007,0,False
2011-06-13,2011-06-10,2011-05-31,0.0365953670411985,0.9166666666666666,,0.0,0.0,2898800.6537700007,2898800.6537700007,2898800.6537700007,0,False
2011-06-14,2011-06-13,2011-05-31,0.0365953670411985,0.9166666666666666,,0.0,0.0,2898800.6537700007,2898800.6537700007,2898800.6537700007,0,False
2011-06-15,2011-06-14,2011-05-31,0.0365953670411985,0.9166666666666666,,0.0,0.0,2898800.6537700007,2898800.6537700007,2898800.6537700007,0,False
2011-06-16,2011-06-15,2011-05-31,0.0365953670411985,0.9166666666666666,,0.0,0.0,2898800.6537700007,2898800.6537700007,2898800.6537700007,0,False
2011-06-17,2011-06-16,2011-05-31,0.0365953670411985,0.9166666666666666,,0.0,0.0,2898800.6537700007,2898800.6537700007,2898800.6537700007,0,False
2011-06-20,2011-06-17,2011-05-31,0.0365953670411985,0.9166666666666666,,0.0,0.0,2898800.6537700007,2898800.6537700007,2898800.6537700007,0,False
2011-06-21,2011-06-20,2011-05-31,0.0365953670411985,0.9166666666666666,,0.0,0.0,2898800.6537700007,2898800.6537700007,2898800.6537700007,0,False
2011-06-22,2011-06-21,2011-05-31,0.0365953670411985,0.9166666666666666,,0.0,0.0,2898800.6537700007,2898800.6537700007,2898800.6537700007,0,False
2011-06-23,2011-06-22,2011-05-31,0.0365953670411985,0.9166666666666666,,0.0,0.0,2898800.6537700007,2898800.6537700007,2898800.6537700007,0,False
2011-06-24,2011-06-23,2011-05-31,0.0365953670411985,0.9166666666666666,,0.0,0.0,2898800.6537700007,2898800.6537700007,2898800.6537700007,0,False
2011-06-27,2011-06-24,2011-05-31,0.0365953670411985,0.9166666666666666,,0.0,0.0,2898800.6537700007,2898800.6537700007,2898800.6537700007,0,False
2011-06-28,2011-06-27,2011-05-31,0.0365953670411985,0.9166666666666666,,0.0,0.0,2898800.6537700007,2898800.6537700007,2898800.6537700007,0,False
2011-06-29,2011-06-28,2011-05-31,0.0365953670411985,0.9166666666666666,,0.049595264208812974,0.0,2755018.839510001,2898784.839510001,2898784.839510001,0,False
2011-06-30,2011-06-29,2011-05-31,0.0365953670411985,0.9166666666666666,,0.10071971454556582,0.0,2610330.9255900006,2902688.9255900006,2902688.9255900006,0,False
2011-07-01,2011-06-30,2011-06-30,0.03560316381236038,0.8666666666666667,,0.15290485459877776,0.0,2465084.9502900005,2910044.9502900005,2910044.9502900005,0,False
2011-07-04,2011-07-01,2011-06-30,0.03560316381236038,0.8666666666666667,,0.20350467979540635,0.0,2319888.9804900005,2912620.9804900005,2912620.9804900005,0,False
2011-07-05,2011-07-04,2011-06-30,0.03560316381236038,0.8666666666666667,,0.25494020294639524,0.0,2174234.9603100005,2918201.9603100005,2918201.9603100005,0,False
2011-07-06,2011-07-05,2011-06-30,0.03560316381236038,0.8666666666666667,,0.3014340191119514,0.0,2030565.1583700005,2906762.1583700003,2906762.1583700003,0,False
2011-07-07,2011-07-06,2011-06-30,0.03560316381236038,0.8666666666666667,,0.34900340612572817,0.0,1887515.4246300005,2899424.4246300003,2899424.4246300003,0,False
2011-07-08,2011-07-07,2011-06-30,0.03560316381236038,0.8666666666666667,,0.4028276990957767,0.0,1742419.4658300006,2917783.4658300006,2917783.4658300006,0,False
2011-07-11,2011-07-08,2011-06-30,0.03560316381236038,0.8666666666666667,,0.45178039440478257,0.0,1596827.4524700006,2912751.452470001,2912751.452470001,0,False
2011-07-12,2011-07-11,2011-06-30,0.03560316381236038,0.8666666666666667,,0.4988343157313839,0.0,1453095.6437100007,2899431.6437100004,2899431.6437100004,0,False
2011-07-13,2011-07-12,2011-06-30,0.03560316381236038,0.8666666666666667,,0.6054195438215927,0.0,1161319.5518700005,2943175.5518700005,2943175.5518700005,0,False
2011-07-14,2011-07-13,2011-06-30,0.03560316381236038,0.8666666666666667,,0.703230900127508,0.0,870467.5616700005,2933147.5616700007,2933147.5616700007,0,False
2011-07-15,2011-07-14,2011-06-30,0.03560316381236038,0.8666666666666667,,0.800483949251088,0.0,582009.8348100006,2917107.834810001,2917107.834810001,0,False
2011-07-18,2011-07-15,2011-06-30,0.03560316381236038,0.8666666666666667,,0.8989583675393151,0.0,294050.1627300006,2910188.162730001,2910188.162730001,0,False
2011-07-19,2011-07-18,2011-06-30,0.03560316381236038,0.8666666666666667,,1.0296400649241269,84083.42738999937,0.0,2836816.5726100006,2836816.5726100006,0,False
2011-07-20,2011-07-19,2011-06-30,0.03560316381236038,0.8666666666666667,,1.1497748239773986,423225.79085440666,0.0,2825747.2091455935,2825747.2091455935,0,False
2011-07-21,2011-07-20,2011-06-30,0.03560316381236038,0.8666666666666667,,1.2494753843577147,701326.9574494201,0.0,2811207.0425505796,2811207.0425505796,0,False
2011-07-22,2011-07-21,2011-06-30,0.03560316381236038,0.8666666666666667,,1.3569319803042252,1034160.3260695867,0.0,2897359.673930413,2897359.673930413,0,False
2011-07-25,2011-07-22,2011-06-30,0.03560316381236038,0.8666666666666667,,1.2142762345629714,1034457.8242455793,433419.31041000003,2804970.486164421,2804970.486164421,0,False
2011-07-26,2011-07-25,2011-06-30,0.03560316381236038,0.8666666666666667,,1.2197826981913131,1034557.0188314659,418589.16216,2802622.143328534,2802622.143328534,0,False
2011-07-27,2011-07-26,2011-06-30,0.03560316381236038,0.8666666666666667,,1.2320667109451524,1034656.222929162,364565.22018,2887492.997250838,2887492.997250838,0,False
2011-07-28,2011-07-27,2011-06-30,0.03560316381236038,0.8666666666666667,,1.2300521644967475,1034755.4365395799,364565.22018,2913209.78364042,2913209.78364042,0,False
2011-07-29,2011-07-28,2011-06-30,0.03560316381236038,0.8666666666666667,,1.2373103687016105,1034854.6596636316,364565.22018,2824526.5605163686,2824526.5605163686,0,False
2011-08-01,2011-07-29,2011-07-29,0.035395534142640364,0.85,,1.2382350693039952,1035152.3575794252,364565.22018,2814812.862600575,2814812.862600575,0,False
2011-08-02,2011-08-01,2011-07-29,0.035395534142640364,0.85,,1.2393221675861554,1035251.6187643986,364565.22018,2802441.6014156016,2802441.6014156016,0,False
2011-08-03,2011-08-02,2011-07-29,0.035395534142640364,0.85,,1.2428610387095802,1035350.8894675678,364565.22018,2762014.3307124325,2762014.3307124325,0,False
2011-08-04,2011-08-03,2011-07-29,0.035395534142640364,0.85,,1.242393180491545,1035450.1696898455,364565.22018,2767755.050490155,2767755.050490155,0,False
2011-08-05,2011-08-04,2011-07-29,0.035395534142640364,0.85,,0.6260843728511672,1035549.4594321445,2039342.98218,2684545.5227478556,2684545.5227478556,0,False
2011-08-08,2011-08-05,2011-07-29,0.035395534142640364,0.85,,0.0,1035847.3572218441,3639110.5283399997,2603263.1711181556,2603263.1711181556,0,False
2011-08-09,2011-08-08,2011-07-29,0.035395534142640364,0.85,,0.0,1035946.6850506188,3639110.5283399997,2603163.843289381,2603163.843289381,0,False
2011-08-10,2011-08-09,2011-07-29,0.035395534142640364,0.85,,0.0,1036046.0224039799,3639110.5283399997,2603064.50593602,2603064.50593602,0,False
2011-08-11,2011-08-10,2011-07-29,0.035395534142640364,0.85,,0.0,1036145.3692828405,3639110.5283399997,2602965.159057159,2602965.159057159,0,False
2011-08-12,2011-08-11,2011-07-29,0.035395534142640364,0.85,,0.0,1036244.7256881142,3639110.5283399997,2602865.8026518854,2602865.8026518854,0,False
2011-08-15,2011-08-12,2011-07-29,0.035395534142640364,0.85,,0.0,1036542.8234859149,3639110.5283399997,2602567.704854085,2602567.704854085,0,False
2011-08-16,2011-08-15,2011-07-29,0.035395534142640364,0.85,,0.0,1036642.2180032354,3639110.5283399997,2602468.3103367644,2602468.3103367644,0,False
2011-08-17,2011-08-16,2011-07-29,0.035395534142640364,0.85,,0.0,1036741.622051537,3639110.5283399997,2602368.9062884627,2602368.9062884627,0,False
2011-08-18,2011-08-17,2011-07-29,0.035395534142640364,0.85,,0.0,1036841.0356317337,3639110.5283399997,2602269.492708266,2602269.492708266,0,False
2011-08-19,2011-08-18,2011-07-29,0.035395534142640364,0.85,,0.0,1036940.4587447395,3639110.5283399997,2602170.06959526,2602170.06959526,0,False
2011-08-22,2011-08-19,2011-07-29,0.035395534142640364,0.85,,0.0,1037238.7566849263,3639110.5283399997,2601871.7716550734,2601871.7716550734,0,False
2011-08-23,2011-08-22,2011-07-29,0.035395534142640364,0.85,,0.0,1037338.2179355674,3639110.5283399997,2601772.3104044325,2601772.3104044325,0,False
2011-08-24,2011-08-23,2011-07-29,0.035395534142640364,0.85,,0.0,1037437.6887235886,3639110.5283399997,2601672.8396164114,2601672.8396164114,0,False
2011-08-25,2011-08-24,2011-07-29,0.035395534142640364,0.85,,0.0,1037537.1690499046,3639110.5283399997,2601573.359290095,2601573.359290095,0,False
2011-08-26,2011-08-25,2011-07-29,0.035395534142640364,0.85,,0.0,1037636.6589154298,3639110.5283399997,2601473.86942457,2601473.86942457,0,False
2011-08-29,2011-08-26,2011-07-29,0.035395534142640364,0.85,,0.0,1037935.1571323781,3639110.5283399997,2601175.371207622,2601175.371207622,0,False
2011-08-30,2011-08-29,2011-07-29,0.035395534142640364,0.85,,0.0,1038034.6851611442,3639110.5283399997,2601075.8431788553,2601075.8431788553,0,False
2011-08-31,2011-08-30,2011-07-29,0.035395534142640364,0.85,,0.0,1038134.2227336939,3639110.5283399997,2600976.3056063056,2600976.3056063056,0,False
2011-09-01,2011-08-31,2011-08-31,0.04235283569641367,0.9333333333333333,,0.0,1038233.7698509423,3639110.5283399997,2600876.7584890574,2600876.7584890574,0,False
2011-09-02,2011-09-01,2011-08-31,0.04235283569641367,0.9333333333333333,,0.0,1038333.3265138047,3639110.5283399997,2600777.201826195,2600777.201826195,0,False
2011-09-05,2011-09-02,2011-08-31,0.04235283569641367,0.9333333333333333,,0.0,1038632.0251419799,3639110.5283399997,2600478.5031980197,2600478.5031980197,0,False
2011-09-06,2011-09-05,2011-08-31,0.04235283569641367,0.9333333333333333,,0.0,1038731.6199937059,3639110.5283399997,2600378.908346294,2600378.908346294,0,False
2011-09-07,2011-09-06,2011-08-31,0.04235283569641367,0.9333333333333333,,0.0,1038831.2243956231,3639110.5283399997,2600279.3039443768,2600279.3039443768,0,False
2011-09-08,2011-09-07,2011-08-31,0.04235283569641367,0.9333333333333333,,0.0,1038930.8383486473,3639110.5283399997,2600179.689991352,2600179.689991352,0,False
2011-09-09,2011-09-08,2011-08-31,0.04235283569641367,0.9333333333333333,,0.0,1039030.4618536945,3639110.5283399997,2600080.066486305,2600080.066486305,0,False
2011-09-13,2011-09-09,2011-08-31,0.04235283569641367,0.9333333333333333,,0.0,1039428.9940856384,3639110.5283399997,2599681.5342543614,2599681.5342543614,0,False
2011-09-14,2011-09-13,2011-08-31,0.04235283569641367,0.9333333333333333,,0.0,1039528.6653590439,3639110.5283399997,2599581.8629809557,2599581.8629809557,0,False
2011-09-15,2011-09-14,2011-08-31,0.04235283569641367,0.9333333333333333,,0.0,1039628.3461899688,3639110.5283399997,2599482.182150031,2599482.182150031,0,False
2011-09-16,2011-09-15,2011-08-31,0.04235283569641367,0.9333333333333333,,0.0,1039728.0365793294,3639110.5283399997,2599382.49176067,2599382.49176067,0,False
2011-09-19,2011-09-16,2011-08-31,0.04235283569641367,0.9333333333333333,,0.0,1040027.1364254686,3639110.5283399997,2599083.391914531,2599083.391914531,0,False
2011-09-20,2011-09-19,2011-08-31,0.04235283569641367,0.9333333333333333,,0.0,1040126.8650549889,3639110.5283399997,2598983.663285011,2598983.663285011,0,False
2011-09-21,2011-09-20,2011-08-31,0.04235283569641367,0.9333333333333333,,0.0,1040226.6032475284,3639110.5283399997,2598883.9250924713,2598883.9250924713,0,False
2011-09-22,2011-09-21,2011-08-31,0.04235283569641367,0.9333333333333333,,0.0,1040326.3510040042,3639110.5283399997,2598784.1773359952,2598784.1773359952,0,False
2011-09-23,2011-09-22,2011-08-31,0.04235283569641367,0.9333333333333333,,0.0,1040426.1083253335,3639110.5283399997,2598684.4200146664,2598684.4200146664,0,False
2011-09-26,2011-09-23,2011-08-31,0.04235283569641367,0.9333333333333333,,0.0,1040725.4089866325,3639110.5283399997,2598385.119353367,2598385.119353367,0,False
2011-09-27,2011-09-26,2011-08-31,0.04235283569641367,0.9333333333333333,,0.0,1040825.2045737955,3639110.5283399997,2598285.323766204,2598285.323766204,0,False
2011-09-28,2011-09-27,2011-08-31,0.04235283569641367,0.9333333333333333,,0.0,1040925.0097303985,3639110.5283399997,2598185.518609601,2598185.518609601,0,False
2011-09-29,2011-09-28,2011-08-31,0.04235283569641367,0.9333333333333333,,0.0,1041024.824457359,3639110.5283399997,2598085.7038826407,2598085.7038826407,0,False
2011-09-30,2011-09-29,2011-08-31,0.04235283569641367,0.9333333333333333,,0.0,1041124.6487555946,3639110.5283399997,2597985.879584405,2597985.879584405,0,False
2011-10-10,2011-09-30,2011-09-30,0.05124225965858041,0.9666666666666667,,0.0,1042122.9874598808,3639110.5283399997,2596987.540880119,2596987.540880119,0,False
2011-10-11,2011-10-10,2011-09-30,0.05124225965858041,0.9666666666666667,,0.0,1042222.9170614181,3639110.5283399997,2596887.6112785814,2596887.6112785814,0,False
2011-10-12,2011-10-11,2011-09-30,0.05124225965858041,0.9666666666666667,,0.0,1042322.8562452459,3639110.5283399997,2596787.672094754,2596787.672094754,0,False
2011-10-13,2011-10-12,2011-09-30,0.05124225965858041,0.9666666666666667,,0.0,1042422.8050122831,3639110.5283399997,2596687.723327717,2596687.723327717,0,False
2011-10-14,2011-10-13,2011-09-30,0.05124225965858041,0.9666666666666667,,0.0,1042522.7633634487,3639110.5283399997,2596587.764976551,2596587.764976551,0,False
2011-10-17,2011-10-14,2011-09-30,0.05124225965858041,0.9666666666666667,,0.0,1042822.6671720875,3639110.5283399997,2596287.8611679124,2596287.8611679124,0,False
2011-10-18,2011-10-17,2011-09-30,0.05124225965858041,0.9666666666666667,,0.0,1042922.6638661999,3639110.5283399997,2596187.8644737997,2596187.8644737997,0,False
2011-10-19,2011-10-18,2011-09-30,0.05124225965858041,0.9666666666666667,,0.0,1043022.6701490363,3639110.5283399997,2596087.8581909635,2596087.8581909635,0,False
2011-10-20,2011-10-19,2011-09-30,0.05124225965858041,0.9666666666666667,,0.0,1043122.6860215163,3639110.5283399997,2595987.8423184836,2595987.8423184836,0,False
2011-10-21,2011-10-20,2011-09-30,0.05124225965858041,0.9666666666666667,,0.0,1043222.7114845595,3639110.5283399997,2595887.8168554404,2595887.8168554404,0,False
2011-10-24,2011-10-21,2011-09-30,0.05124225965858041,0.9666666666666667,,0.0,1043522.8166481372,3639110.5283399997,2595587.7116918624,2595587.7116918624,0,False
2011-10-25,2011-10-24,2011-09-30,0.05124225965858041,0.9666666666666667,,0.0,1043622.8804798706,3639110.5283399997,2595487.6478601294,2595487.6478601294,0,False
2011-10-26,2011-10-25,2011-09-30,0.05124225965858041,0.9666666666666667,,0.0,1043722.9539067659,3639110.5283399997,2595387.5744332336,2595387.5744332336,0,False
2011-10-27,2011-10-26,2011-09-30,0.05124225965858041,0.9666666666666667,,0.0,1043823.0369297432,3639110.5283399997,2595287.4914102564,2595287.4914102564,0,False
2011-10-28,2011-10-27,2011-09-30,0.05124225965858041,0.9666666666666667,,0.0,1043923.1295497228,3639110.5283399997,2595187.398790277,2595187.398790277,0,False
2011-10-31,2011-10-28,2011-09-30,0.05124225965858041,0.9666666666666667,,0.0,1044223.4362034289,3639110.5283399997,2594887.0921365707,2594887.0921365707,0,False
2011-11-01,2011-10-31,2011-10-31,0.05151955971479501,0.9666666666666667,,0.0,1044323.5672178593,3639110.5283399997,2594786.9611221403,2594786.9611221403,0,False
2011-11-02,2011-11-01,2011-10-31,0.05151955971479501,0.9666666666666667,,0.0,1044423.707833894,3639110.5283399997,2594686.8205061057,2594686.8205061057,0,False
2011-11-03,2011-11-02,2011-10-31,0.05151955971479501,0.9666666666666667,,0.0,1044523.8580524534,3639110.5283399997,2594586.6702875462,2594586.6702875462,0,False
2011-11-04,2011-11-03,2011-10-31,0.05151955971479501,0.9666666666666667,,0.0,1044624.0178744585,3639110.5283399997,2594486.5104655414,2594486.5104655414,0,False
2011-11-07,2011-11-04,2011-10-31,0.05151955971479501,0.9666666666666667,,0.04968522084938796,1044924.5261535731,3510204.35022,2594171.8240664266,2594171.8240664266,0,False
2011-11-08,2011-11-07,2011-10-31,0.05151955971479501,0.9666666666666667,,0.0993047516057059,1045024.724395807,3380734.11006,2593229.385664193,2593229.385664193,0,False
2011-11-09,2011-11-08,2011-10-31,0.05151955971479501,0.9666666666666667,,0.15013695078076164,1045124.9322460915,3251275.87122,2595889.9389739083,2595889.9389739083,0,False
2011-11-10,2011-11-09,2011-10-31,0.05151955971479501,0.9666666666666667,,0.24938476427944017,1045225.1497053481,2992811.44326,2594653.293554652,2594653.293554652,0,False
2011-11-11,2011-11-10,2011-10-31,0.05151955971479501,0.9666666666666667,,0.3481401773170914,1045325.3767744979,2736664.27017,2594635.893395502,2594635.893395502,0,False
2011-11-14,2011-11-11,2011-10-31,0.05151955971479501,0.9666666666666667,,0.45229956559659446,1045626.0868143919,2477606.77698,2614532.690165608,2614532.690165608,0,False
2011-11-15,2011-11-14,2011-10-31,0.05151955971479501,0.9666666666666667,,0.5526968998177094,1045726.3523295659,2217170.1321,2618903.779770434,2618903.779770434,0,False
2011-11-16,2011-11-15,2011-10-31,0.05151955971479501,0.9666666666666667,,0.6434032793971746,1045826.6274592413,1962716.14524,2571222.5177807584,2571222.5177807584,0,False
2011-11-17,2011-11-16,2011-10-31,0.05151955971479501,0.9666666666666667,,0.7422107200232658,1045926.9122043401,1709366.27982,2573572.3676156597,2573572.3676156597,0,False
2011-11-18,2011-11-17,2011-10-31,0.05151955971479501,0.9666666666666667,,0.3436941257311319,1046027.2065657844,2703792.1388700004,2525902.932304216,2525902.932304216,0,False
2011-11-21,2011-11-18,2011-10-31,0.05151955971479501,0.9666666666666667,,0.38929912210015527,1046328.1185019198,2580544.58313,2512222.4646280804,2512222.4646280804,0,False
2011-11-22,2011-11-21,2011-10-31,0.05151955971479501,0.9666666666666667,,0.0,1046428.4513352008,3551989.63995,2505561.1886147996,2505561.1886147996,0,False
2011-11-23,2011-11-22,2011-10-31,0.05151955971479501,0.9666666666666667,,0.0,1046528.7937894384,3551989.63995,2505460.846160562,2505460.846160562,0,False
2011-11-24,2011-11-23,2011-10-31,0.05151955971479501,0.9666666666666667,,0.0,1046629.1458655553,3551989.63995,2505360.494084445,2505360.494084445,0,False
2011-11-25,2011-11-24,2011-10-31,0.05151955971479501,0.9666666666666667,,0.0,1046729.5075644739,3551989.63995,2505260.1323855263,2505260.1323855263,0,False
2011-11-28,2011-11-25,2011-10-31,0.05151955971479501,0.9666666666666667,,0.0,1047030.6215324034,3551989.63995,2504959.018417597,2504959.018417597,0,False
2011-11-29,2011-11-28,2011-10-31,0.05151955971479501,0.9666666666666667,,0.0,1047131.0217289887,3551989.63995,2504858.6182210115,2504858.6182210115,0,False
2011-11-30,2011-11-29,2011-10-31,0.05151955971479501,0.9666666666666667,,0.0,1047231.4315529901,3551989.63995,2504758.2083970103,2504758.2083970103,0,False
2011-12-01,2011-11-30,2011-11-30,0.05789396240601503,1.0,,0.0,1047331.8510053308,3551989.63995,2504657.7889446695,2504657.7889446695,0,False
2011-12-02,2011-12-01,2011-11-30,0.05789396240601503,1.0,,0.0,1047432.2800869341,3551989.63995,2504557.359863066,2504557.359863066,0,False
2011-12-05,2011-12-02,2011-11-30,0.05789396240601503,1.0,,0.0,1047733.5962223016,3551989.63995,2504256.0437276987,2504256.0437276987,0,False
2011-12-06,2011-12-05,2011-11-30,0.05789396240601503,1.0,,0.0,1047834.0638274188,3551989.63995,2504155.5761225815,2504155.5761225815,0,False
2011-12-07,2011-12-06,2011-11-30,0.05789396240601503,1.0,,0.0,1047934.541066416,3551989.63995,2504055.098883584,2504055.098883584,0,False
2011-12-08,2011-12-07,2011-11-30,0.05789396240601503,1.0,,0.0,1048035.0279402168,3551989.63995,2503954.6120097833,2503954.6120097833,0,False
2011-12-09,2011-12-08,2011-11-30,0.05789396240601503,1.0,,0.0,1048135.5244497453,3551989.63995,2503854.115500255,2503854.115500255,0,False
2011-12-12,2011-12-09,2011-11-30,0.05789396240601503,1.0,,0.0,1048437.0428882856,3551989.63995,2503552.5970617146,2503552.5970617146,0,False
2011-12-13,2011-12-12,2011-11-30,0.05789396240601503,1.0,,0.0,1048537.5779471927,3551989.63995,2503452.0620028074,2503452.0620028074,0,False
2011-12-14,2011-12-13,2011-11-30,0.05789396240601503,1.0,,0.0,1048638.122646448,3551989.63995,2503351.5173035525,2503351.5173035525,0,False
2011-12-15,2011-12-14,2011-11-30,0.05789396240601503,1.0,,0.0,1048738.6769869756,3551989.63995,2503250.9629630246,2503250.9629630246,0,False
2011-12-16,2011-12-15,2011-11-30,0.05789396240601503,1.0,,0.0,1048839.2409697003,3551989.63995,2503150.3989803,2503150.3989803,0,False
2011-12-19,2011-12-16,2011-11-30,0.05789396240601503,1.0,,0.0,1049140.9618472394,3551989.63995,2502848.6781027606,2502848.6781027606,0,False
2011-12-20,2011-12-19,2011-11-30,0.05789396240601503,1.0,,0.0,1049241.5644052248,3551989.63995,2502748.0755447755,2502748.0755447755,0,False
2011-12-21,2011-12-20,2011-11-30,0.05789396240601503,1.0,,0.0,1049342.1766100307,3551989.63995,2502647.4633399695,2502647.4633399695,0,False
2011-12-22,2011-12-21,2011-11-30,0.05789396240601503,1.0,,0.0,1049442.7984625823,3551989.63995,2502546.841487418,2502546.841487418,0,False
2011-12-23,2011-12-22,2011-11-30,0.05789396240601503,1.0,,0.0,1049543.4299638048,3551989.63995,2502446.2099861954,2502446.2099861954,0,False
2011-12-26,2011-12-23,2011-11-30,0.05789396240601503,1.0,,0.0,1049845.35341626,3551989.63995,2502144.2865337403,2502144.2865337403,0,False
2011-12-27,2011-12-26,2011-11-30,0.05789396240601503,1.0,,0.0,1049946.0235186424,3551989.63995,2502043.616431358,2502043.616431358,0,False
2011-12-28,2011-12-27,2011-11-30,0.05789396240601503,1.0,,0.0,1050046.7032743222,3551989.63995,2501942.936675678,2501942.936675678,0,False
2011-12-29,2011-12-28,2011-11-30,0.05789396240601503,1.0,,0.0,1050147.3926842252,3551989.63995,2501842.2472657748,2501842.2472657748,0,False
2011-12-30,2011-12-29,2011-11-30,0.05789396240601503,1.0,,0.0,1050248.0917492772,3551989.63995,2501741.548200723,2501741.548200723,0,False
2012-01-04,2011-12-30,2011-12-30,0.06316288693957116,1.0,,0.0,1050751.6353549105,3551989.63995,2501238.0045950897,2501238.0045950897,0,False
2012-01-05,2012-01-04,2011-12-30,0.06316288693957116,1.0,,0.0,1050852.3923610405,3551989.63995,2501137.2475889595,2501137.2475889595,0,False
2012-01-06,2012-01-05,2011-12-30,0.06316288693957116,1.0,,0.0,1050953.1590288011,3551989.63995,2501036.480921199,2501036.480921199,0,False
2012-01-09,2012-01-06,2011-12-30,0.06316288693957116,1.0,,0.0,1051255.4880197546,3551989.63995,2500734.1519302456,2500734.1519302456,0,False
2012-01-10,2012-01-09,2011-12-30,0.06316288693957116,1.0,,0.0,1051356.2933405237,3551989.63995,2500633.3466094765,2500633.3466094765,0,False
2012-01-11,2012-01-10,2011-12-30,0.06316288693957116,1.0,,0.0,1051457.1083275564,3551989.63995,2500532.531622444,2500532.531622444,0,False
2012-01-12,2012-01-11,2011-12-30,0.06316288693957116,1.0,,0.0,1051557.9329817796,3551989.63995,2500431.706968221,2500431.706968221,0,False
2012-01-13,2012-01-12,2011-12-30,0.06316288693957116,1.0,,0.0,1051658.7673041204,3551989.63995,2500330.87264588,2500330.87264588,0,False
2012-01-16,2012-01-13,2011-12-30,0.06316288693957116,1.0,,0.0,1051961.2992782763,3551989.63995,2500028.3406717237,2500028.3406717237,0,False
2012-01-17,2012-01-16,2011-12-30,0.06316288693957116,1.0,,0.0,1052062.172279577,3551989.63995,2499927.467670423,2499927.467670423,0,False
2012-01-18,2012-01-17,2011-12-30,0.06316288693957116,1.0,,0.0,1052163.0549536312,3551989.63995,2499826.5849963687,2499826.5849963687,0,False
2012-01-19,2012-01-18,2011-12-30,0.06316288693957116,1.0,,0.0,1052263.9473013666,3551989.63995,2499725.6926486334,2499725.6926486334,0,False
2012-01-20,2012-01-19,2011-12-30,0.06316288693957116,1.0,,0.0,1052364.8493237107,3551989.63995,2499624.7906262893,2499624.7906262893,0,False
2012-01-30,2012-01-20,2011-12-30,0.06316288693957116,1.0,,0.0,1053373.9663025143,3551989.63995,2498615.6736474857,2498615.6736474857,0,False
2012-01-31,2012-01-30,2011-12-30,0.06316288693957116,1.0,,0.0,1053474.9747650365,3551989.63995,2498514.6651849635,2498514.6651849635,0,False
2012-02-01,2012-01-31,2012-01-31,0.05835744177449168,0.9833333333333333,,0.0,1053575.9929133016,3551989.63995,2498413.6470366986,2498413.6470366986,0,False
2012-02-02,2012-02-01,2012-01-31,0.05835744177449168,0.9833333333333333,,0.0,1053677.0207482385,3551989.63995,2498312.6192017617,2498312.6192017617,0,False
2012-02-03,2012-02-02,2012-01-31,0.05835744177449168,0.9833333333333333,,0.09894505819352747,1053778.058270776,3304779.44982,2498184.391549224,2498184.391549224,0,False
2012-02-06,2012-02-03,2012-01-31,0.05835744177449168,0.9833333333333333,,0.1976490161126077,1054081.199903977,3057553.25793,2497002.0580260227,2497002.0580260227,0,False
2012-02-07,2012-02-06,2012-01-31,0.05835744177449168,0.9833333333333333,,0.29449556580127234,1054182.2761834199,2810002.03029,2488743.7541065803,2488743.7541065803,0,False
2012-02-08,2012-02-07,2012-01-31,0.05835744177449168,0.9833333333333333,,0.39826318343058864,1054283.3621551087,2560935.6360000004,2503839.2738448917,2503839.2738448917,0,False
2012-02-09,2012-02-08,2012-01-31,0.05835744177449168,0.9833333333333333,,0.5462645210425301,1054384.457819973,2188537.6767300004,2499591.2189100273,2499591.2189100273,0,False
2012-02-10,2012-02-09,2012-01-31,0.05835744177449168,0.9833333333333333,,0.6943227605349276,1054485.5631789418,1817321.8474800005,2495561.2843010584,2495561.2843010584,0,False
2012-02-13,2012-02-10,2012-01-31,0.05835744177449168,0.9833333333333333,,0.8451947751066384,1054788.9083409521,1442245.5936300005,2502865.6852890486,2502865.6852890486,0,False
2012-02-14,2012-02-13,2012-01-31,0.05835744177449168,0.9833333333333333,,1.042225818935552,1054890.0524828478,949691.4186300003,2491334.366147152,2491334.366147152,0,False
2012-02-15,2012-02-14,2012-01-31,0.05835744177449168,0.9833333333333333,,1.3386833383199093,1054991.2063234968,205720.59084000048,2507565.3845165037,2507565.3845165037,0,False
2012-02-16,2012-02-15,2012-01-31,0.05835744177449168,0.9833333333333333,,1.5888630787700087,1467581.7746438286,0.0,2492229.2253561714,2492229.2253561714,0,False
2012-02-17,2012-02-16,2012-01-31,0.05835744177449168,0.9833333333333333,,1.6659526396754454,1658938.382863315,0.0,2491075.617136685,2491075.617136685,0,False
2012-02-20,2012-02-17,2012-01-31,0.05835744177449168,0.9833333333333333,,1.665872413928496,1664345.6609131799,0.0,2499496.3390868204,2499496.3390868204,0,False
2012-02-21,2012-02-20,2012-01-31,0.05835744177449168,0.9833333333333333,,1.6657990114145156,1686042.4709725825,0.0,2532359.5290274173,2532359.5290274173,0,False
2012-02-22,2012-02-21,2012-01-31,0.05835744177449168,0.9833333333333333,,1.665959238360206,1721009.4942780181,0.0,2584256.5057219816,2584256.5057219816,0,False
2012-02-23,2012-02-22,2012-01-31,0.05835744177449168,0.9833333333333333,,1.6657754052829992,1732505.6357956887,0.0,2602237.3642043113,2602237.3642043113,0,False
2012-02-24,2012-02-23,2012-01-31,0.05835744177449168,0.9833333333333333,,1.6659552701350953,1778288.2224830939,0.0,2670281.777516906,2670281.777516906,0,False
2012-02-27,2012-02-24,2012-01-31,0.05835744177449168,0.9833333333333333,,1.6658333538918981,1784422.8409784657,0.0,2679984.159021534,2679984.159021534,0,False
2012-02-28,2012-02-27,2012-01-31,0.05835744177449168,0.9833333333333333,,1.6724848586408652,1784593.9500180117,0.0,2653731.049981988,2653731.049981988,0,False
2012-02-29,2012-02-28,2012-01-31,0.05835744177449168,0.9833333333333333,,1.6847255144416575,1784765.0754652738,0.0,2606540.924534726,2606540.924534726,0,False
2012-03-01,2012-02-29,2012-02-29,0.052765726872246704,0.9333333333333333,,1.6794081610951486,1784936.2173218252,0.0,2627192.782678175,2627192.782678175,0,False
2012-03-02,2012-03-01,2012-02-29,0.052765726872246704,0.9333333333333333,,1.6657582560784783,1807291.5973292396,0.0,2714636.4026707606,2714636.4026707606,0,False
2012-03-05,2012-03-02,2012-02-29,0.052765726872246704,0.9333333333333333,,1.6702918002233311,1807811.503131211,0.0,2697051.496868789,2697051.496868789,0,False
2012-03-06,2012-03-05,2012-02-29,0.052765726872246704,0.9333333333333333,,1.6895104872395388,1807984.8549191826,0.0,2622128.1450808174,2622128.1450808174,0,False
2012-03-07,2012-03-06,2012-02-29,0.052765726872246704,0.9333333333333333,,1.6659433839090416,1727965.489262268,199.80761233971134,2594463.318350072,2594463.318350072,0,False
2012-03-08,2012-03-07,2012-02-29,0.052765726872246704,0.9333333333333333,,1.6658434359506027,1749482.5923808163,0.0,2627468.407619184,2627468.407619184,0,False
2012-03-09,2012-03-08,2012-02-29,0.052765726872246704,0.9333333333333333,,1.6657619952015659,1795863.8130155653,0.0,2697456.1869844347,2697456.1869844347,0,False
2012-03-12,2012-03-09,2012-02-29,0.052765726872246704,0.9333333333333333,,1.6790030765157242,1796380.4313727343,0.0,2645614.5686272657,2645614.5686272657,0,False
2012-03-13,2012-03-12,2012-02-29,0.052765726872246704,0.9333333333333333,,1.6657836055847106,1796552.687030537,0.0,2698403.312969463,2698403.312969463,0,False
2012-03-14,2012-03-13,2012-02-29,0.052765726872246704,0.9333333333333333,,1.7086123704322118,1796724.9592060058,0.0,2535554.0407939944,2535554.0407939944,0,False
2012-03-15,2012-03-14,2012-02-29,0.052765726872246704,0.9333333333333333,,1.7169628349603894,1796897.2479007242,0.0,2506262.7520992756,2506262.7520992756,0,False
2012-03-16,2012-03-15,2012-02-29,0.052765726872246704,0.9333333333333333,,1.708796243077679,1797069.5531162764,0.0,2535382.4468837236,2535382.4468837236,0,False
2012-03-19,2012-03-16,2012-02-29,0.052765726872246704,0.9333333333333333,,1.7133326592835656,1797586.5183301866,0.0,2519983.4816698134,2519983.4816698134,0,False
2012-03-20,2012-03-19,2012-02-29,0.052765726872246704,0.9333333333333333,,1.6659970942941702,1642012.4174996512,335.9112194877598,2464990.4937198367,2464990.4937198367,0,False
2012-03-21,2012-03-20,2012-02-29,0.052765726872246704,0.9333333333333333,,1.6657457417124155,1646778.008865677,0.0,2473583.991134323,2473583.991134323,0,False
2012-03-22,2012-03-21,2012-02-29,0.052765726872246704,0.9333333333333333,,1.667562945721136,1646935.9190857052,0.0,2467087.080914295,2467087.080914295,0,False
2012-03-23,2012-03-22,2012-02-29,0.052765726872246704,0.9333333333333333,,1.3944798433514247,1620470.677597759,660983.6694899498,2432283.9918921907,2432283.9918921907,0,False
2012-03-26,2012-03-23,2012-02-29,0.052765726872246704,0.9333333333333333,,1.5952828444689644,1616329.938176954,171659.6215814795,2426863.6834045257,2426863.6834045257,0,False
2012-03-27,2012-03-26,2012-02-29,0.052765726872246704,0.9333333333333333,,1.6657526001844623,1601740.451446431,610.6450989396617,2404992.193652509,2404992.193652509,0,False
2012-03-28,2012-03-27,2012-02-29,0.052765726872246704,0.9333333333333333,,0.9878876175451343,1502975.9210001784,1530296.1901925486,2255565.26919237,2255565.26919237,0,False
2012-03-29,2012-03-28,2012-02-29,0.052765726872246704,0.9333333333333333,,1.0978216601088404,1497640.958710287,1277671.3133639311,2248680.3546536444,2248680.3546536444,0,False
2012-03-30,2012-03-29,2012-02-29,0.052765726872246704,0.9333333333333333,,0.6126867516536142,1497784.5681172865,2378127.361163931,2272947.7930466444,2272947.7930466444,0,False
2012-04-05,2012-03-30,2012-03-30,0.058142644920782846,0.9666666666666667,,0.6190069041968941,1498646.3071838745,2378127.361163931,2308391.053980056,2308391.053980056,0,False
2012-04-06,2012-04-05,2012-03-30,0.058142644920782846,0.9666666666666667,,0.6188192021273157,1498790.0129941525,2378127.361163931,2306877.3481697785,2306877.3481697785,0,False
2012-04-09,2012-04-06,2012-03-30,0.058142644920782846,0.9666666666666667,,0.6201757415205164,1499221.1717650138,2378127.361163931,2313981.1893989174,2313981.1893989174,0,False
2012-04-10,2012-04-09,2012-03-30,0.058142644920782846,0.9666666666666667,,0.6236680208491675,1499364.9326992927,2378127.361163931,2335072.428464638,2335072.428464638,0,False
2012-04-11,2012-04-10,2012-03-30,0.058142644920782846,0.9666666666666667,,0.6262284581146145,1499508.7074188665,2378127.361163931,2350683.6537450645,2350683.6537450645,0,False
2012-04-12,2012-04-11,2012-03-30,0.058142644920782846,0.9666666666666667,,0.6274609944795438,1499652.4959250572,2378127.361163931,2358074.8652388738,2358074.8652388738,0,False
2012-04-13,2012-04-12,2012-03-30,0.058142644920782846,0.9666666666666667,,0.6289007605148826,1499796.298219187,2378127.361163931,2366836.062944744,2366836.062944744,0,False
2012-04-16,2012-04-13,2012-03-30,0.058142644920782846,0.9666666666666667,,0.6785844168186029,1500227.7464693596,2260162.386443931,2364336.6399745718,2364336.6399745718,0,False
2012-04-17,2012-04-16,2012-03-30,0.058142644920782846,0.9666666666666667,,0.6721133048906474,1500371.6039245005,2260162.386443931,2317235.782519431,2317235.782519431,0,False
2012-04-18,2012-04-17,2012-03-30,0.058142644920782846,0.9666666666666667,,0.7273824648252748,1500515.4751741919,2143747.5822239313,2359467.1070497395,2359467.1070497395,0,False
2012-04-19,2012-04-18,2012-03-30,0.058142644920782846,0.9666666666666667,,0.7751886750507415,1500659.3602197566,2027776.8268439313,2344710.4666241747,2344710.4666241747,0,False
2012-04-20,2012-04-19,2012-03-30,0.058142644920782846,0.9666666666666667,,0.8267194849941955,1500803.2590625174,1910177.8923839314,2362496.633321414,2362496.633321414,0,False
2012-04-23,2012-04-20,2012-03-30,0.058142644920782846,0.9666666666666667,,0.8266191900698592,1501234.9969863573,1910177.8923839314,2358639.8953975737,2358639.8953975737,0,False
2012-04-24,2012-04-23,2012-03-30,0.058142644920782846,0.9666666666666667,,0.8241376996438431,1501378.9510271642,1910177.8923839314,2324539.941356767,2324539.941356767,0,False
2012-04-25,2012-04-24,2012-03-30,0.058142644920782846,0.9666666666666667,,0.8771405770173597,1501522.9188717832,1792123.9078739313,2365312.989002148,2365312.989002148,0,False
2012-04-26,2012-04-25,2012-03-30,0.058142644920782846,0.9666666666666667,,0.927191472438286,1501666.900521538,1674069.9233639312,2367896.0228423933,2367896.0228423933,0,False
2012-04-27,2012-04-26,2012-03-30,0.058142644920782846,0.9666666666666667,,0.9781130480388108,1501810.8959777523,1554336.7541639314,2399870.858186179,2399870.858186179,0,False
2012-05-02,2012-04-27,2012-04-27,0.05365819501335708,0.9333333333333333,,1.0290248078720745,1502530.9422977415,1430854.1725739313,2469500.2302761897,2469500.2302761897,0,False
2012-05-03,2012-05-02,2012-04-27,0.05365819501335708,0.9333333333333333,,1.1287192052641388,1502675.020607277,1187181.3715139313,2451022.3509066543,2451022.3509066543,0,False
2012-05-04,2012-05-03,2012-04-27,0.05365819501335708,0.9333333333333333,,1.226937795683106,1502819.1127325408,943029.5177639313,2466709.4050313905,2466709.4050313905,0,False
2012-05-07,2012-05-04,2012-04-27,0.05365819501335708,0.9333333333333333,,1.1778096566906922,1503251.4305594913,1059237.1236839313,2497132.69312444,2497132.69312444,0,False
2012-05-08,2012-05-07,2012-04-27,0.05365819501335708,0.9333333333333333,,1.2046168708322658,1503395.5779569421,1000240.6347839313,2459010.05682699,2459010.05682699,0,False
2012-05-09,2012-05-08,2012-04-27,0.05365819501335708,0.9333333333333333,,1.2099139473551432,1503539.7391767462,1000240.6347839313,2397644.8956071856,2397644.8956071856,0,False
2012-05-10,2012-05-09,2012-04-27,0.05365819501335708,0.9333333333333333,,1.27785586729498,1503683.914220229,832878.9814539313,2414219.067233702,2414219.067233702,0,False
2012-05-11,2012-05-10,2012-04-27,0.05365819501335708,0.9333333333333333,,1.330866503288975,1503828.1030887158,713555.8573539313,2388492.7542652152,2388492.7542652152,0,False
2012-05-14,2012-05-11,2012-04-27,0.05365819501335708,0.9333333333333333,,1.3845869181311175,1504260.711173166,595682.8927539312,2362477.181580765,2362477.181580765,0,False
2012-05-15,2012-05-14,2012-04-27,0.05365819501335708,0.9333333333333333,,1.4315305354498422,1504404.95535095,477062.8459839312,2380693.8906329814,2380693.8906329814,0,False
2012-05-16,2012-05-15,2012-04-27,0.05365819501335708,0.9333333333333333,,1.4942677246188112,1504549.213360367,361597.1461539312,2312414.932793564,2312414.932793564,0,False
2012-05-17,2012-05-16,2012-04-27,0.05365819501335708,0.9333333333333333,,1.538354787635163,1504693.4852027441,227659.0809539312,2372105.5957511873,2372105.5957511873,0,False
2012-05-18,2012-05-17,2012-04-27,0.05365819501335708,0.9333333333333333,,1.604241460999201,1504837.7708794074,113598.5356739312,2302455.764794524,2302455.764794524,0,False
2012-05-21,2012-05-18,2012-04-27,0.05365819501335708,0.9333333333333333,,1.665428274914637,1563699.5311823045,0.0,2349914.4688176955,2349914.4688176955,0,False
2012-05-22,2012-05-21,2012-04-27,0.05365819501335708,0.9333333333333333,,1.6659559547942027,1601608.852512966,0.0,2404977.147487034,2404977.147487034,0,False
2012-05-23,2012-05-22,2012-04-27,0.05365819501335708,0.9333333333333333,,1.6740985845956338,1601762.4314440289,0.0,2376154.568555971,2376154.568555971,0,False
2012-05-24,2012-05-23,2012-04-27,0.05365819501335708,0.9333333333333333,,1.6762669131852286,1601916.0251018386,0.0,2368762.9748981614,2368762.9748981614,0,False
2012-05-25,2012-05-24,2012-04-27,0.05365819501335708,0.9333333333333333,,1.6660162872095752,1544549.4820971203,30.036289312905865,2319041.554192193,2319041.554192193,0,False
2012-05-28,2012-05-25,2012-04-27,0.05365819501335708,0.9333333333333333,,1.6658004613629678,1585483.1734015613,0.0,2381318.8265984384,2381318.8265984384,0,False
2012-05-29,2012-05-28,2012-04-27,0.05365819501335708,0.9333333333333333,,1.665983294034231,1633538.6850146272,0.0,2452822.314985373,2452822.314985373,0,False
2012-05-30,2012-05-29,2012-04-27,0.05365819501335708,0.9333333333333333,,1.6662113819825397,1633695.3257104505,0.0,2452217.6742895497,2452217.6742895497,0,False
2012-05-31,2012-05-30,2012-04-27,0.05365819501335708,0.9333333333333333,,1.6659505015975773,1668021.3230666146,0.0,2504722.6769333854,2504722.6769333854,0,False
2012-06-01,2012-05-31,2012-05-31,0.05880792250922509,0.9833333333333333,,1.6768159570290835,1668181.2703167717,0.0,2464748.7296832283,2464748.7296832283,0,False
2012-06-04,2012-06-01,2012-05-31,0.05880792250922509,0.9833333333333333,,1.6659417164655501,1564583.0787190758,285.6237696101683,2349000.5450505344,2349000.5450505344,0,False
2012-06-05,2012-06-04,2012-05-31,0.05880792250922509,0.9833333333333333,,1.6655288189106627,1533249.560013067,1140.818319203594,2302092.2583061364,2302092.2583061364,0,False
2012-06-06,2012-06-05,2012-05-31,0.05880792250922509,0.9833333333333333,,1.6767097461392413,1532255.7656242757,0.0,2264273.2343757246,2264273.2343757246,0,False
2012-06-07,2012-06-06,2012-05-31,0.05880792250922509,0.9833333333333333,,1.693666685668987,1527482.6942593355,0.0,2202041.3057406647,2202041.3057406647,0,False
2012-06-08,2012-06-07,2012-05-31,0.05880792250922509,0.9833333333333333,,1.6993887016477012,1527629.1652026207,0.0,2184234.8347973796,2184234.8347973796,0,False
2012-06-11,2012-06-08,2012-05-31,0.05880792250922509,0.9833333333333333,,1.6746063415151498,1528068.620167953,0.0,2265126.379832047,2265126.379832047,0,False
2012-06-12,2012-06-11,2012-05-31,0.05880792250922509,0.9833333333333333,,1.6782156773542987,1528215.1472959144,0.0,2253287.8527040854,2253287.8527040854,0,False
2012-06-13,2012-06-12,2012-05-31,0.05880792250922509,0.9833333333333333,,1.6656613829614304,1537126.776074422,0.0,2309172.223925578,2309172.223925578,0,False
2012-06-14,2012-06-13,2012-05-31,0.05880792250922509,0.9833333333333333,,1.1938258699024786,1491414.311586078,1057529.6157334023,2238528.3041473245,2238528.3041473245,0,False
2012-06-15,2012-06-14,2012-05-31,0.05880792250922509,0.9833333333333333,,1.2918067277262604,1491557.323917326,832596.8758534023,2258208.5519360765,2258208.5519360765,0,False
2012-06-18,2012-06-15,2012-05-31,0.05880792250922509,0.9833333333333333,,1.3916950859036181,1491986.4020516037,608704.2503734024,2255024.848321799,2255024.848321799,0,False
2012-06-19,2012-06-18,2012-05-31,0.05880792250922509,0.9833333333333333,,1.4947184771608044,1487197.168234286,382488.6108768468,2233004.442642561,2233004.442642561,0,False
2012-06-20,2012-06-19,2012-05-31,0.05880792250922509,0.9833333333333333,,1.593314824805324,1479956.4519068182,161531.79610174015,2222133.3441949217,2222133.3441949217,0,False
2012-06-21,2012-06-20,2012-05-31,0.05880792250922509,0.9833333333333333,,1.6507971188948878,1459930.2287546566,33333.77733720385,2192075.5485825473,2192075.5485825473,0,False
2012-06-25,2012-06-21,2012-05-31,0.05880792250922509,0.9833333333333333,,1.1372895638920937,1394999.3211791844,1107539.159543305,2093823.8383641203,2093823.8383641203,0,False
2012-06-26,2012-06-25,2012-05-31,0.05880792250922509,0.9833333333333333,,1.1883055407991192,1384155.1734897462,992799.8322956715,2078299.6588059254,2078299.6588059254,0,False
2012-06-27,2012-06-26,2012-05-31,0.05880792250922509,0.9833333333333333,,1.2421444935150179,1355636.9604439407,862756.7401314491,2035479.7796875082,2035479.7796875082,0,False
2012-06-28,2012-06-27,2012-05-31,0.05880792250922509,0.9833333333333333,,1.2896610499558676,1355766.9530291888,760874.5343214491,2053753.5812922604,2053753.5812922604,0,False
2012-06-29,2012-06-28,2012-05-31,0.05880792250922509,0.9833333333333333,,1.296549796960835,1355896.9580794792,739739.3230214491,2077754.36494197,2077754.36494197,0,False
2012-07-02,2012-06-29,2012-06-29,0.06478621568627452,1.0,,1.2962810801058462,1356287.0106290637,739739.3230214491,2080955.3123923854,2080955.3123923854,0,False
2012-07-03,2012-07-02,2012-06-29,0.06478621568627452,1.0,,1.2909372924715807,1356417.0655478912,739739.3230214491,2119624.257473558,2119624.257473558,0,False
2012-07-04,2012-07-03,2012-06-29,0.06478621568627452,1.0,,0.7168990687808744,1356547.1329377382,1935425.908411449,2044778.7754737106,2044778.7754737106,0,False
2012-07-05,2012-07-04,2012-06-29,0.06478621568627452,1.0,,0.7178898057066051,1356677.2127998008,1935425.908411449,2051498.695611648,2051498.695611648,0,False
2012-07-06,2012-07-05,2012-06-29,0.06478621568627452,1.0,,0.7055651836790131,1356807.3051352748,1969675.908411449,2081508.603276174,2081508.603276174,0,False
2012-07-09,2012-07-06,2012-06-29,0.06478621568627452,1.0,,0.7050178591473778,1357197.6195655193,1969675.908411449,2076323.2888459296,2076323.2888459296,0,False
2012-07-10,2012-07-09,2012-06-29,0.06478621568627452,1.0,,0.705741646050972,1357327.7618030119,1969675.908411449,2080988.146608437,2080988.146608437,0,False
2012-07-11,2012-07-10,2012-06-29,0.06478621568627452,1.0,,0.7067511384401721,1357457.916519897,1969675.908411449,2087707.9918915518,2087707.9918915518,0,False
2012-07-12,2012-07-11,2012-06-29,0.06478621568627452,1.0,,0.7553615334538027,1357588.0837173716,1868454.775311449,2088251.6915940775,2088251.6915940775,0,False
2012-07-13,2012-07-12,2012-06-29,0.06478621568627452,1.0,,0.8090614982173395,1357718.2633966322,1763743.258311449,2126469.9949148167,2126469.9949148167,0,False
2012-07-16,2012-07-13,2012-06-29,0.06478621568627452,1.0,,0.8561957255714007,1358108.8398833626,1659509.793891449,2095910.9540080864,2095910.9540080864,0,False
2012-07-17,2012-07-16,2012-06-29,0.06478621568627452,1.0,,0.907159555690541,1358239.069498146,1555338.336291449,2122989.266793303,2122989.266793303,0,False
2012-07-18,2012-07-17,2012-06-29,0.06478621568627452,1.0,,0.9561032299124147,1358369.3116007005,1450856.844591449,2106932.5329907485,2106932.5329907485,0,False
2012-07-19,2012-07-18,2012-06-29,0.06478621568627452,1.0,,1.0046286871311954,1358499.566192224,1348785.617991449,2098640.0517992256,2098640.0517992256,0,False
2012-07-20,2012-07-19,2012-06-29,0.06478621568627452,1.0,,1.0539251913404932,1358629.8332739135,1246234.338591449,2084285.5053175355,2084285.5053175355,0,False
2012-07-23,2012-07-20,2012-06-29,0.06478621568627452,1.0,,1.1038510204943637,1359020.6719930745,1143383.026191449,2076413.3541983743,2076413.3541983743,0,False
2012-07-24,2012-07-23,2012-06-29,0.06478621568627452,1.0,,1.1519007536552843,1359150.9890438134,1041581.829291449,2090635.8402476355,2090635.8402476355,0,False
2012-07-25,2012-07-24,2012-06-29,0.06478621568627452,1.0,,1.1993806461518493,1359281.318590708,937605.3931414491,2114929.074550741,2114929.074550741,0,False
2012-07-26,2012-07-25,2012-06-29,0.06478621568627452,1.0,,1.2505343294135307,1359411.6606349566,834876.0941614491,2093667.4335264924,2093667.4335264924,0,False
2012-07-27,2012-07-26,2012-06-29,0.06478621568627452,1.0,,1.2881231537020805,1359542.0151777572,764868.3941614492,2063956.378983692,2063956.378983692,0,False
2012-07-30,2012-07-27,2012-06-29,0.06478621568627452,1.0,,1.3015290111076903,1359933.116305411,725593.0014614492,2103744.885156038,2103744.885156038,0,False
2012-07-31,2012-07-30,2012-06-29,0.06478621568627452,1.0,,1.3106009050247547,1360063.5208508102,725593.0014614492,2042719.4806106389,2042719.4806106389,0,False
2012-08-01,2012-07-31,2012-07-31,0.06799317356205853,1.0,,1.3321374775833998,1360193.9379007549,671539.0561814492,2073403.1182806946,2073403.1182806946,0,False
2012-08-02,2012-08-01,2012-07-31,0.06799317356205853,1.0,,1.3406715532822633,1346549.2286908536,657763.9174158587,2021845.6887250051,2021845.6887250051,0,False
2012-08-03,2012-08-02,2012-07-31,0.06799317356205853,1.0,,1.3382792946013695,1346678.3498497691,657763.9174158587,2036525.5675660896,2036525.5675660896,0,False
2012-08-06,2012-08-03,2012-07-31,0.06799317356205853,1.0,,1.3324256047392786,1347065.7504709589,657763.9174158587,2073552.1669448998,2073552.1669448998,0,False
2012-08-07,2012-08-06,2012-07-31,0.06799317356205853,1.0,,1.3338037903924107,1347194.92115936,657763.9174158587,2065377.9962564986,2065377.9962564986,0,False
2012-08-08,2012-08-07,2012-07-31,0.06799317356205853,1.0,,1.3344708954758755,1347324.1042339918,657763.9174158587,2061644.813181867,2061644.813181867,0,False
2012-08-09,2012-08-08,2012-07-31,0.06799317356205853,1.0,,1.3304082276055798,1347453.2996960417,657763.9174158587,2087385.617719817,2087385.617719817,0,False
2012-08-10,2012-08-09,2012-07-31,0.06799317356205853,1.0,,1.3350980579039002,1347582.5075466975,657763.9174158587,2058557.4098691607,2058557.4098691607,0,False
2012-08-13,2012-08-10,2012-07-31,0.06799317356205853,1.0,,1.3422369340290423,1343155.332932443,652949.082080255,2016749.7491478124,2016749.7491478124,0,False
2012-08-14,2012-08-13,2012-07-31,0.06799317356205853,1.0,,1.341685584293762,1343284.1286492995,652949.082080255,2020380.9534309558,2020380.9534309558,0,False
2012-08-15,2012-08-14,2012-07-31,0.06799317356205853,1.0,,1.3472413879922305,1324291.8128123074,633827.9581761321,1988426.145363825,1988426.145363825,0,False
2012-08-16,2012-08-15,2012-07-31,0.06799317356205853,1.0,,1.3432305187631035,1324418.7996984674,633827.9581761321,2012032.1584776645,2012032.1584776645,0,False
2012-08-17,2012-08-16,2012-07-31,0.06799317356205853,1.0,,1.3439166782895688,1324545.798761452,633827.9581761321,2008387.1594146802,2008387.1594146802,0,False
2012-08-20,2012-08-17,2012-07-31,0.06799317356205853,1.0,,1.3481444842603578,1322071.3557107048,630972.4814024535,1985092.1256917487,1985092.1256917487,0,False
2012-08-21,2012-08-20,2012-07-31,0.06799317356205853,1.0,,1.3460931405510175,1322198.1296763208,630972.4814024535,1997224.3517261331,1997224.3517261331,0,False
2012-08-22,2012-08-21,2012-07-31,0.06799317356205853,1.0,,1.3602012299291923,1278287.4766923366,586935.0422964455,1919350.5656041089,1919350.5656041089,0,False
2012-08-23,2012-08-22,2012-07-31,0.06799317356205853,1.0,,1.3598044203542003,1278410.0522038003,586935.0422964455,1921807.9900926447,1921807.9900926447,0,False
2012-08-24,2012-08-23,2012-07-31,0.06799317356205853,1.0,,0.7369941821146399,1246557.1302830253,1738637.0491103907,1870984.9188273654,1870984.9188273654,0,False
2012-08-27,2012-08-24,2012-07-31,0.06799317356205853,1.0,,0.738666616077248,1246915.728909545,1738637.0491103907,1881586.3202008456,1881586.3202008456,0,False
2012-08-28,2012-08-27,2012-07-31,0.06799317356205853,1.0,,0.7414434634149312,1247035.2961712214,1738637.0491103907,1901331.7529391688,1901331.7529391688,0,False
2012-08-29,2012-08-28,2012-07-31,0.06799317356205853,1.0,,0.7393299720968147,1247154.8748982516,1738637.0491103907,1885457.174212139,1885457.174212139,0,False
2012-08-30,2012-08-29,2012-07-31,0.06799317356205853,1.0,,0.7380443998941764,1247274.465091735,1738637.0491103907,1875747.5840186558,1875747.5840186558,0,False
2012-08-31,2012-08-30,2012-07-31,0.06799317356205853,1.0,,0.7405550184717711,1247394.0667527711,1738637.0491103907,1893437.9823576196,1893437.9823576196,0,False
2012-09-03,2012-08-31,2012-08-31,0.07166862090813093,1.0,,0.7929731162603239,1247752.9061418371,1644490.6941503908,1916358.788008554,1916358.788008554,0,False
2012-09-04,2012-09-03,2012-08-31,0.07166862090813093,1.0,,0.8426074952984065,1247872.5536807822,1549032.1948703907,1913430.6411896087,1913430.6411896087,0,False
2012-09-05,2012-09-04,2012-08-31,0.07166862090813093,1.0,,0.8940527209858913,1247992.212692779,1452821.6128703908,1933314.4001776115,1933314.4001776115,0,False
2012-09-06,2012-09-05,2012-08-31,0.07166862090813093,1.0,,0.943571586956928,1248111.8831789277,1357211.0968703907,1933409.213691463,1933409.213691463,0,False
2012-09-07,2012-09-06,2012-08-31,0.07166862090813093,1.0,,0.9941357309850837,1248231.5651403284,1259800.3828703908,1972763.8177300626,1972763.8177300626,0,False
2012-09-10,2012-09-07,2012-08-31,0.07166862090813093,1.0,,1.0431941177122355,1248590.6454535879,1163069.7436703907,1979920.098216803,1979920.098216803,0,False
2012-09-11,2012-09-10,2012-08-31,0.07166862090813093,1.0,,1.0925757583659335,1248710.3733237,1067299.2100703907,1959596.8367466908,1959596.8367466908,0,False
2012-09-12,2012-09-11,2012-08-31,0.07166862090813093,1.0,,1.1427152443530006,1248830.1126745667,971208.6412703907,1945282.528595824,1945282.528595824,0,False
2012-09-13,2012-09-12,2012-08-31,0.07166862090813093,1.0,,1.1935278353160375,1248949.863507289,875518.1164703907,1929602.252963102,1929602.252963102,0,False
2012-09-14,2012-09-13,2012-08-31,0.07166862090813093,1.0,,1.2433682451046002,1249069.6258229678,779547.5608703907,1929265.935047423,1929265.935047423,0,False
2012-09-17,2012-09-14,2012-08-31,0.07166862090813093,1.0,,1.2989556081825027,1249428.9472221772,685697.2384703907,1885670.2912482133,1885670.2912482133,0,False
2012-09-18,2012-09-17,2012-08-31,0.07166862090813093,1.0,,1.34686920002652,1247239.8336733382,597649.8864763386,1872723.0528030007,1872723.0528030007,0,False
2012-09-19,2012-09-18,2012-08-31,0.07166862090813093,1.0,,1.3548669020526611,1247359.4320135533,579140.7014363386,1883012.2694227851,1883012.2694227851,0,False
2012-09-20,2012-09-19,2012-08-31,0.07166862090813093,1.0,,1.3603775054194447,1235130.739303081,566792.398917317,1854550.6596142359,1854550.6596142359,0,False
2012-09-21,2012-09-20,2012-08-31,0.07166862090813093,1.0,,1.3608882460565126,1233601.3121317574,565144.5345518136,1852254.2224200564,1852254.2224200564,0,False
2012-09-24,2012-09-21,2012-08-31,0.07166862090813093,1.0,,1.359597547509539,1233956.1837420966,565144.5345518136,1859889.350809717,1859889.350809717,0,False
2012-09-25,2012-09-24,2012-08-31,0.07166862090813093,1.0,,1.3616729119523774,1231796.3214786057,562866.3477227584,1849544.0262441528,1849544.0262441528,0,False
2012-09-26,2012-09-25,2012-08-31,0.07166862090813093,1.0,,0.7627555730664101,1222382.9992532532,1657663.8562119214,1834735.856958668,1834735.856958668,0,False
2012-09-27,2012-09-26,2012-08-31,0.07166862090813093,1.0,,0.8174212804633832,1222500.2140614009,1564964.6604219214,1875708.4463605206,1875708.4463605206,0,False
2012-09-28,2012-09-27,2012-08-31,0.07166862090813093,1.0,,0.8695237096322593,1222617.4401093246,1470672.2894019214,1901148.8492925968,1901148.8492925968,0,False
2012-10-08,2012-09-28,2012-09-28,0.06873078512396694,0.9833333333333333,,0.9183188672129879,1223789.8129971006,1377001.9868019214,1875735.1738048207,1875735.1738048207,0,False
2012-10-09,2012-10-08,2012-09-28,0.06873078512396694,0.9833333333333333,,1.0196536136801302,1223907.1627051963,1186156.9961619214,1920774.833456725,1920774.833456725,0,False
2012-10-10,2012-10-09,2012-09-28,0.06873078512396694,0.9833333333333333,,1.2178810530111062,1224024.5236660037,805607.1402819213,1920393.6166159175,1920393.6166159175,0,False
2012-10-11,2012-10-10,2012-09-28,0.06873078512396694,0.9833333333333333,,1.4681942040026388,1224141.8958806018,330862.92416192126,1907924.0282813194,1907924.0282813194,0,False
2012-10-12,2012-10-11,2012-09-28,0.06873078512396694,0.9833333333333333,,1.665806240100172,1269417.7129881484,0.0,1906587.2870118516,1906587.2870118516,0,False
2012-10-15,2012-10-12,2012-09-28,0.06873078512396694,0.9833333333333333,,1.6657930351992927,1269937.3782566793,0.0,1907405.6217433207,1907405.6217433207,0,False
2012-10-16,2012-10-15,2012-09-28,0.06873078512396694,0.9833333333333333,,1.6707887028364743,1270059.1530737723,0.0,1893381.8469262277,1893381.8469262277,0,False
2012-10-17,2012-10-16,2012-09-28,0.06873078512396694,0.9833333333333333,,1.6708724372629102,1270180.9395679026,0.0,1893327.0604320974,1893327.0604320974,0,False
2012-10-18,2012-10-17,2012-09-28,0.06873078512396694,0.9833333333333333,,1.6659562077815544,1305294.08760019,0.0,1960029.91239981,1960029.91239981,0,False
2012-10-19,2012-10-18,2012-09-28,0.06873078512396694,0.9833333333333333,,1.6658078411298987,1314643.344926672,0.0,1974508.655073328,1974508.655073328,0,False
2012-10-22,2012-10-19,2012-09-28,0.06873078512396694,0.9833333333333333,,1.6659868897010532,1325817.6378085003,0.0,1990756.3621914997,1990756.3621914997,0,False
2012-10-23,2012-10-22,2012-09-28,0.06873078512396694,0.9833333333333333,,1.691141146059923,1325944.7710066463,0.0,1918486.2289933537,1918486.2289933537,0,False
2012-10-24,2012-10-23,2012-09-28,0.06873078512396694,0.9833333333333333,,1.6659133729096727,1275715.729680499,211.45436485207847,1915420.724684353,1915420.724684353,0,False
2012-10-25,2012-10-24,2012-09-28,0.06873078512396694,0.9833333333333333,,1.6741323881867276,1275626.6042212327,0.0,1892249.3957787673,1892249.3957787673,0,False
2012-10-26,2012-10-25,2012-09-28,0.06873078512396694,0.9833333333333333,,1.692848876710131,1275748.9245805417,0.0,1841309.0754194583,1841309.0754194583,0,False
2012-10-29,2012-10-26,2012-09-28,0.06873078512396694,0.9833333333333333,,1.6916804607699933,1276115.920846517,0.0,1844950.079153483,1844950.079153483,0,False
2012-10-30,2012-10-29,2012-09-28,0.06873078512396694,0.9833333333333333,,1.680606802357745,1276238.288126598,0.0,1875147.711873402,1875147.711873402,0,False
2012-10-31,2012-10-30,2012-09-28,0.06873078512396694,0.9833333333333333,,1.6658314755117098,1338953.4836505281,0.0,2010949.5163494719,2010949.5163494719,0,False
2012-11-01,2012-10-31,2012-10-31,0.06996924524312895,0.9833333333333333,,1.6658236659115442,1383874.3242703301,0.0,2078439.6757296699,2078439.6757296699,0,False
2012-11-02,2012-11-01,2012-10-31,0.06996924524312895,0.9833333333333333,,1.6680112291664284,1384007.024548,0.0,2071831.975452,2071831.975452,0,False
2012-11-05,2012-11-02,2012-10-31,0.06996924524312895,0.9833333333333333,,1.6686691597179504,1384405.1635550617,0.0,2070388.8364449383,2070388.8364449383,0,False
2012-11-06,2012-11-05,2012-10-31,0.06996924524312895,0.9833333333333333,,1.6725105682029968,1384537.9147351286,0.0,2058760.0852648714,2058760.0852648714,0,False
2012-11-07,2012-11-06,2012-10-31,0.06996924524312895,0.9833333333333333,,1.6838297549541237,1384670.6786447607,0.0,2024876.3213552393,2024876.3213552393,0,False
2012-11-08,2012-11-07,2012-10-31,0.06996924524312895,0.9833333333333333,,1.6976250048631625,1384803.4552851787,0.0,1985025.5447148213,1985025.5447148213,0,False
2012-11-09,2012-11-08,2012-10-31,0.06996924524312895,0.9833333333333333,,1.7016492891087058,1384936.2446576033,0.0,1973829.7553423967,1973829.7553423967,0,False
2012-11-12,2012-11-09,2012-10-31,0.06996924524312895,0.9833333333333333,,1.6657938468253333,1295506.7624509435,480.18846638386754,1945086.4260154406,1945086.4260154406,0,False
2012-11-13,2012-11-12,2012-10-31,0.06996924524312895,0.9833333333333333,,1.6656127231903108,1264758.1087601664,860.4760697553065,1898848.367309589,1898848.367309589,0,False
2012-11-14,2012-11-13,2012-10-31,0.06996924524312895,0.9833333333333333,,1.6658129791481502,1284389.1144652239,0.0,1929053.8855347761,1929053.8855347761,0,False
2012-11-15,2012-11-14,2012-10-31,0.06996924524312895,0.9833333333333333,,1.5324843334737202,1273524.3508065494,255467.48316130834,1911900.132354759,1911900.132354759,0,False
2012-11-16,2012-11-15,2012-10-31,0.06996924524312895,0.9833333333333333,,1.6658540777711552,1267676.3970452084,296.0014866023339,1903390.6044413939,1903390.6044413939,0,False
2012-11-19,2012-11-16,2012-10-31,0.06996924524312895,0.9833333333333333,,1.6654187667278748,1294738.3394706326,0.0,1945749.6605293674,1945749.6605293674,0,False
2012-11-20,2012-11-19,2012-10-31,0.06996924524312895,0.9833333333333333,,1.6657571535877949,1311175.6554920888,0.0,1969450.3445079112,1969450.3445079112,0,False
2012-11-21,2012-11-20,2012-10-31,0.06996924524312895,0.9833333333333333,,1.6659764780606372,1339522.6667245333,0.0,2011366.3332754667,2011366.3332754667,0,False
2012-11-22,2012-11-21,2012-10-31,0.06996924524312895,0.9833333333333333,,1.6817171286790469,1339651.1141035343,0.0,1965112.8858964657,1965112.8858964657,0,False
2012-11-23,2012-11-22,2012-10-31,0.06996924524312895,0.9833333333333333,,1.6658986152329338,1332678.271849595,231.18330018790897,2000975.9114505928,2000975.9114505928,0,False
2012-11-26,2012-11-23,2012-10-31,0.06996924524312895,0.9833333333333333,,1.6868307891700796,1332419.6739108984,0.0,1939953.3260891016,1939953.3260891016,0,False
2012-11-27,2012-11-26,2012-10-31,0.06996924524312895,0.9833333333333333,,1.7004789624759267,1332547.4401809995,0.0,1902337.5598190005,1902337.5598190005,0,False
2012-11-28,2012-11-27,2012-10-31,0.06996924524312895,0.9833333333333333,,1.6994936865860755,1332675.2187026606,0.0,1905199.7812973394,1905199.7812973394,0,False
2012-11-29,2012-11-28,2012-10-31,0.06996924524312895,0.9833333333333333,,1.6899326975570226,1332803.0094770568,0.0,1931786.9905229432,1931786.9905229432,0,False
2012-11-30,2012-11-29,2012-10-31,0.06996924524312895,0.9833333333333333,,1.665956215385308,1370455.1876953628,0.0,2057875.8123046372,2057875.8123046372,0,False
2012-12-03,2012-11-30,2012-11-30,0.07371925408942202,1.0,,1.668254394653863,1370849.4282288095,0.0,2051388.5717711905,2051388.5717711905,0,False
2012-12-04,2012-12-03,2012-11-30,0.07371925408942202,1.0,,1.6657822187851483,1379611.9657538452,0.0,2072167.0342461548,2072167.0342461548,0,False
2012-12-05,2012-12-04,2012-11-30,0.07371925408942202,1.0,,1.665977886071598,1463999.5243722051,0.0,2198270.475627795,2198270.475627795,0,False
2012-12-06,2012-12-05,2012-11-30,0.07371925408942202,1.0,,1.6709746607908151,1464139.9078882409,0.0,2182109.092111759,2182109.092111759,0,False
2012-12-07,2012-12-06,2012-11-30,0.07371925408942202,1.0,,1.6805706925192356,1464280.3048657095,0.0,2151547.6951342905,2151547.6951342905,0,False
2012-12-10,2012-12-07,2012-11-30,0.07371925408942202,1.0,,1.680204121762468,1464701.5361862874,0.0,2153326.463813713,2153326.463813713,0,False
2012-12-11,2012-12-10,2012-11-30,0.07371925408942202,1.0,,1.688929879160985,1464841.9870185244,0.0,2126257.0129814753,2126257.0129814753,0,False
2012-12-12,2012-12-11,2012-11-30,0.07371925408942202,1.0,,1.671397556511665,1464982.4513186496,0.0,2181989.5486813504,2181989.5486813504,0,False
2012-12-13,2012-12-12,2012-11-30,0.07371925408942202,1.0,,1.6681117106332966,1465122.929087954,0.0,2192931.070912046,2192931.070912046,0,False
2012-12-14,2012-12-13,2012-11-30,0.07371925408942202,1.0,,1.6657547970842959,1562298.0929677298,0.0,2346656.90703227,2346656.90703227,0,False
2012-12-17,2012-12-14,2012-11-30,0.07371925408942202,1.0,,1.6659228851967987,1580393.6975962548,0.0,2373238.3024037452,2373238.3024037452,0,False
2012-12-18,2012-12-17,2012-11-30,0.07371925408942202,1.0,,1.669900038970252,1580545.2421973941,0.0,2359374.7578026056,2359374.7578026056,0,False
2012-12-19,2012-12-18,2012-11-30,0.07371925408942202,1.0,,1.6741107440031722,1580696.8013302076,0.0,2344862.198669792,2344862.198669792,0,False
2012-12-20,2012-12-19,2012-11-30,0.07371925408942202,1.0,,1.665875889529391,1580848.3749960887,0.0,2374088.6250039116,2374088.6250039116,0,False
2012-12-21,2012-12-20,2012-11-30,0.07371925408942202,1.0,,1.665798946919259,1614018.2932764308,0.0,2424182.706723569,2424182.706723569,0,False
2012-12-24,2012-12-21,2012-11-30,0.07371925408942202,1.0,,1.6679634412357067,1614482.5999087433,0.0,2417022.400091257,2417022.400091257,0,False
2012-12-25,2012-12-24,2012-11-30,0.07371925408942202,1.0,,1.6657654438173013,1663263.8995187345,0.0,2498273.100481265,2498273.100481265,0,False
2012-12-26,2012-12-25,2012-11-30,0.07371925408942202,1.0,,1.6659854252602198,1665816.4144575924,0.0,2501280.585542408,2501280.585542408,0,False
2012-12-27,2012-12-26,2012-11-30,0.07371925408942202,1.0,,1.6890500502431884,1665976.1502781569,0.0,2417786.8497218434,2417786.8497218434,0,False
2012-12-28,2012-12-27,2012-11-30,0.07371925408942202,1.0,,1.6830936758610229,1666135.9014158547,0.0,2439103.0985841453,2439103.0985841453,0,False
2012-12-31,2012-12-28,2012-11-30,0.07371925408942202,1.0,,1.675820259449641,1666615.2007847552,0.0,2466062.799215245,2466062.799215245,0,False
2013-01-04,2012-12-31,2012-12-31,0.05959088465204957,0.8833333333333333,,1.6715400943019603,1667254.4504508097,0.0,2482732.5495491903,2482732.5495491903,0,False
2013-01-07,2013-01-04,2012-12-31,0.05959088465204957,0.8833333333333333,,1.6657861737945736,1705314.4473440899,0.0,2561354.55265591,2561354.55265591,0,False
2013-01-08,2013-01-07,2012-12-31,0.05959088465204957,0.8833333333333333,,1.6840262859476258,1705477.9706472598,0.0,2493293.0293527404,2493293.0293527404,0,False
2013-01-09,2013-01-08,2012-12-31,0.05959088465204957,0.8833333333333333,,1.6888003475677262,1705641.5096307467,0.0,2476249.4903692533,2476249.4903692533,0,False
2013-01-10,2013-01-09,2012-12-31,0.05959088465204957,0.8833333333333333,,1.686398702545672,1705805.0642960537,0.0,2485151.9357039463,2485151.9357039463,0,False
2013-01-11,2013-01-10,2012-12-31,0.05959088465204957,0.8833333333333333,,1.711983656006888,1705968.6346446848,0.0,2396078.365355315,2396078.365355315,0,False
2013-01-14,2013-01-11,2012-12-31,0.05959088465204957,0.8833333333333333,,1.6729472580809899,1706459.392745062,0.0,2535799.607254938,2535799.607254938,0,False
2013-01-15,2013-01-14,2012-12-31,0.05959088465204957,0.8833333333333333,,1.6751213442751847,1706623.025837517,0.0,2527875.9741624827,2527875.9741624827,0,False
2013-01-16,2013-01-15,2012-12-31,0.05959088465204957,0.8833333333333333,,1.6886385242619815,1706786.6746208165,0.0,2478494.3253791835,2478494.3253791835,0,False
2013-01-17,2013-01-16,2012-12-31,0.05959088465204957,0.8833333333333333,,1.693010168541447,1706950.3390964651,0.0,2463095.660903535,2463095.660903535,0,False
2013-01-18,2013-01-17,2012-12-31,0.05959088465204957,0.8833333333333333,,1.6657725528096532,1733122.2792459677,0.0,2603174.720754032,2603174.720754032,0,False
2013-01-21,2013-01-18,2012-12-31,0.05959088465204957,0.8833333333333333,,1.665884251599506,1786450.1509187645,0.0,2682823.8490812355,2682823.8490812355,0,False
2013-01-22,2013-01-21,2012-12-31,0.05959088465204957,0.8833333333333333,,1.6797283414647237,1786621.4543578937,0.0,2628434.5456421063,2628434.5456421063,0,False
2013-01-23,2013-01-22,2012-12-31,0.05959088465204957,0.8833333333333333,,1.6794358472041224,1786792.77422338,0.0,2629818.22577662,2629818.22577662,0,False
2013-01-24,2013-01-23,2012-12-31,0.05959088465204957,0.8833333333333333,,1.6900989046185884,1786964.1105167987,0.0,2589431.8894832013,2589431.8894832013,0,False
2013-01-25,2013-01-24,2012-12-31,0.05959088465204957,0.8833333333333333,,1.6898571995272826,1787135.463239725,0.0,2590587.5367602753,2590587.5367602753,0,False
2013-01-28,2013-01-25,2012-12-31,0.05959088465204957,0.8833333333333333,,1.6659887533138469,1839813.1468817526,0.0,2762528.8531182474,2762528.8531182474,0,False
2013-01-29,2013-01-28,2012-12-31,0.05959088465204957,0.8833333333333333,,1.6659404882188338,1855309.7204204947,0.0,2785999.2795795053,2785999.2795795053,0,False
2013-01-30,2013-01-29,2012-12-31,0.05959088465204957,0.8833333333333333,,1.6659260665124067,1870312.7750320418,0.0,2808589.2249679584,2808589.2249679584,0,False
2013-01-31,2013-01-30,2012-12-31,0.05959088465204957,0.8833333333333333,,1.6765592672159693,1870492.1200926614,0.0,2764712.879907339,2764712.879907339,0,False
2013-02-01,2013-01-31,2013-01-31,0.0540360900900901,0.8,,1.6659605082047313,1915494.9304807524,0.0,2876289.069519248,2876289.069519248,0,False
2013-02-04,2013-02-01,2013-01-31,0.0540360900900901,0.8,,1.6659751634444875,1937123.173988973,0.0,2908701.826011027,2908701.826011027,0,False
2013-02-05,2013-02-04,2013-01-31,0.0540360900900901,0.8,,1.6658305607800565,1969306.2454462047,0.0,2957668.7545537953,2957668.7545537953,0,False
2013-02-06,2013-02-05,2013-01-31,0.0540360900900901,0.8,,1.6733982054789582,1969495.0830313845,0.0,2924710.9169686157,2924710.9169686157,0,False
2013-02-07,2013-02-06,2013-01-31,0.0540360900900901,0.8,,1.665827437747223,1970560.947444278,0.0,2959567.052555722,2959567.052555722,0,False
2013-02-08,2013-02-07,2013-01-31,0.0540360900900901,0.8,,1.6657904717623009,2047955.3074633481,0.0,3075975.692536652,3075975.692536652,0,False
2013-02-18,2013-02-08,2013-01-31,0.0540360900900901,0.8,,1.6825592147238477,2049919.1002239294,0.0,3003283.8997760704,3003283.8997760704,0,False
2013-02-19,2013-02-18,2013-01-31,0.0540360900900901,0.8,,1.7382655418883146,2050115.6678088824,0.0,2776935.3321911176,2776935.3321911176,0,False
2013-02-20,2013-02-19,2013-01-31,0.0540360900900901,0.8,,1.6817211780673573,1911866.757542782,0.0,2804470.242457218,2804470.242457218,0,False
2013-02-21,2013-02-20,2013-01-31,0.0540360900900901,0.8,,1.6658575934920268,1740930.6019035804,450.30018171896904,2613892.6982781384,2613892.6982781384,0,False
2013-02-22,2013-02-21,2013-01-31,0.0540360900900901,0.8,,1.6808483672608798,1740647.2402727287,0.0,2556585.7597272713,2556585.7597272713,0,False
2013-02-25,2013-02-22,2013-01-31,0.0540360900900901,0.8,,1.6705300539273338,1741147.9744103414,0.0,2596674.025589659,2596674.025589659,0,False
2013-02-26,2013-02-25,2013-01-31,0.0540360900900901,0.8,,1.6914967895734034,1740665.2678551478,0.0,2517242.732144852,2517242.732144852,0,False
2013-02-27,2013-02-26,2013-01-31,0.0540360900900901,0.8,,1.6768628267947512,1740832.1809630243,0.0,2571912.8190369755,2571912.8190369755,0,False
2013-02-28,2013-02-27,2013-01-31,0.0540360900900901,0.8,,1.6657422900976073,1828751.6778562672,0.0,2746936.3221437326,2746936.3221437326,0,False
2013-03-01,2013-02-28,2013-02-28,0.05570202841429881,0.8,,1.6658147040988875,1851567.2639561985,0.0,2780904.7360438015,2780904.7360438015,0,False
2013-03-04,2013-03-01,2013-02-28,0.05570202841429881,0.8,,1.7460662782550482,1852099.906593775,0.0,2482487.093406225,2482487.093406225,0,False
2013-03-05,2013-03-04,2013-02-28,0.05570202841429881,0.8,,1.7416908173585066,1852277.5052149552,0.0,2497371.494785045,2497371.494785045,0,False
2013-03-06,2013-03-05,2013-02-28,0.05570202841429881,0.8,,1.7486542937435217,1852455.1208661401,0.0,2474379.8791338596,2474379.8791338596,0,False
2013-03-07,2013-03-06,2013-02-28,0.05570202841429881,0.8,,1.7543614721459166,1852632.753548963,0.0,2455895.246451037,2455895.246451037,0,False
2013-03-08,2013-03-07,2013-02-28,0.05570202841429881,0.8,,1.7537183129195615,1852810.4032650567,0.0,2458226.5967349433,2458226.5967349433,0,False
2013-03-11,2013-03-08,2013-02-28,0.05570202841429881,0.8,,1.7628247315715473,1853343.4035180507,0.0,2429579.596481949,2429579.596481949,0,False
2013-03-12,2013-03-11,2013-02-28,0.05570202841429881,0.8,,1.7727880067586954,1853521.121378662,0.0,2398485.878621338,2398485.878621338,0,False
2013-03-13,2013-03-12,2013-02-28,0.05570202841429881,0.8,,1.8160300417420345,1853698.8562807122,0.0,2271606.1437192876,2271606.1437192876,0,False
2013-03-14,2013-03-13,2013-02-28,0.05570202841429881,0.8,,1.8118520308222996,1853876.608225835,0.0,2283515.391774165,2283515.391774165,0,False
2013-03-15,2013-03-14,2013-02-28,0.05570202841429881,0.8,,1.7908591811138401,1854054.3772156648,0.0,2344354.622784335,2344354.622784335,0,False
2013-03-18,2013-03-15,2013-02-28,0.05570202841429881,0.8,,1.806282455487313,1854587.7353241788,0.0,2300171.264675821,2300171.264675821,0,False
2013-03-19,2013-03-18,2013-02-28,0.05570202841429881,0.8,,1.7986832034697924,1854765.5725042785,0.0,2322279.4274957217,2322279.4274957217,0,False
2013-03-20,2013-03-19,2013-02-28,0.05570202841429881,0.8,,1.743132027461617,1854943.4267372584,0.0,2496115.573262742,2496115.573262742,0,False
2013-03-21,2013-03-20,2013-02-28,0.05570202841429881,0.8,,1.7359785502547511,1855121.2980247538,0.0,2520618.701975246,2520618.701975246,0,False
2013-03-22,2013-03-21,2013-02-28,0.05570202841429881,0.8,,1.742003977241348,1855299.1863684,0.0,2500389.8136316,2500389.8136316,0,False
2013-03-25,2013-03-22,2013-02-28,0.05570202841429881,0.8,,1.7054417698177367,1734730.8199326978,0.0,2459070.180067302,2459070.180067302,0,False
2013-03-26,2013-03-25,2013-02-28,0.05570202841429881,0.8,,1.665911877793195,1621507.4267867066,270.39760278222866,2434611.970816076,2434611.970816076,0,False
2013-03-27,2013-03-26,2013-02-28,0.05570202841429881,0.8,,1.6659406016897589,1635569.6578674517,0.0,2456029.3421325483,2456029.3421325483,0,False
2013-03-28,2013-03-27,2013-02-28,0.05570202841429881,0.8,,1.6860171028534874,1635726.4933140965,0.0,2384381.5066859033,2384381.5066859033,0,False
2013-03-29,2013-03-28,2013-02-28,0.05570202841429881,0.8,,1.69308701660854,1635883.3437997568,0.0,2360285.656200243,2360285.656200243,0,False
2013-04-01,2013-03-29,2013-03-29,0.06361790099009901,0.9,,1.6934499254080932,1636353.9403781102,0.0,2359729.05962189,2359729.05962189,0,False
2013-04-02,2013-04-01,2013-03-29,0.06361790099009901,0.9,,1.6914912061058849,1636510.8510299271,0.0,2366640.148970073,2366640.148970073,0,False
2013-04-03,2013-04-02,2013-03-29,0.06361790099009901,0.9,,1.6922521892289657,1636667.7767279712,0.0,2364265.223272029,2364265.223272029,0,False
2013-04-08,2013-04-03,2013-03-29,0.06361790099009901,0.9,,1.6800305499503658,1634758.8574565395,0.0,2403949.1425434602,2403949.1425434602,0,False
2013-04-09,2013-04-08,2013-03-29,0.06361790099009901,0.9,,1.6779026117676321,1634915.6151551998,0.0,2411726.3848448005,2411726.3848448005,0,False
2013-04-10,2013-04-09,2013-03-29,0.06361790099009901,0.9,,1.7037755821255434,1635072.3878854201,0.0,2323286.61211458,2323286.61211458,0,False
2013-04-11,2013-04-10,2013-03-29,0.06361790099009901,0.9,,1.6879588311168219,1635229.175648642,0.0,2376928.824351358,2376928.824351358,0,False
2013-04-12,2013-04-11,2013-03-29,0.06361790099009901,0.9,,1.6972931216295601,1635385.978446307,0.0,2345335.0215536933,2345335.0215536933,0,False
2013-04-15,2013-04-12,2013-03-29,0.06361790099009901,0.9,,1.6971640738829066,1630488.1737069557,0.0,2338743.8262930443,2338743.8262930443,0,False
2013-04-16,2013-04-15,2013-03-29,0.06361790099009901,0.9,,1.6842252279297405,1630644.5218879962,0.0,2383198.4781120038,2383198.4781120038,0,False
2013-04-17,2013-04-16,2013-03-29,0.06361790099009901,0.9,,1.671288520101112,1630800.885061328,0.0,2429359.1149386717,2429359.1149386717,0,False
2013-04-18,2013-04-17,2013-03-29,0.06361790099009901,0.9,,1.6866810479010774,1630957.2632283887,0.0,2375130.7367716115,2375130.7367716115,0,False
2013-04-19,2013-04-18,2013-03-29,0.06361790099009901,0.9,,1.6658604134706474,1652469.8699006161,0.0,2481706.130099384,2481706.130099384,0,False
2013-04-22,2013-04-19,2013-03-29,0.06361790099009901,0.9,,1.6749079467571137,1652945.237945382,0.0,2449141.762054618,2449141.762054618,0,False
2013-04-23,2013-04-22,2013-03-29,0.06361790099009901,0.9,,1.7239363339364944,1653103.739543541,0.0,2283493.2604564587,2283493.2604564587,0,False
2013-04-24,2013-04-23,2013-03-29,0.06361790099009901,0.9,,1.7049077485063602,1653262.2563404837,0.0,2345359.7436595163,2345359.7436595163,0,False
2013-04-25,2013-04-24,2013-03-29,0.06361790099009901,0.9,,1.717336887074634,1653420.788337667,0.0,2304943.211662333,2304943.211662333,0,False
2013-04-26,2013-04-25,2013-03-29,0.06361790099009901,0.9,,1.7413137250418373,1653579.3355365486,0.0,2230606.664463451,2230606.664463451,0,False
2013-05-02,2013-04-26,2013-04-26,0.06825110256410256,0.9333333333333333,,1.7512114699904464,1654530.7099487751,0.0,2202483.2900512246,2202483.2900512246,0,False
2013-05-03,2013-05-02,2013-04-26,0.06825110256410256,0.9333333333333333,,1.7253882329492771,1653429.3635784963,0.0,2279371.6364215035,2279371.6364215035,0,False
2013-05-06,2013-05-03,2013-04-26,0.06825110256410256,0.9333333333333333,,1.7102846941048058,1653905.0076419914,0.0,2328509.9923580084,2328509.9923580084,0,False
2013-05-07,2013-05-06,2013-04-26,0.06825110256410256,0.9333333333333333,,1.7125243621751327,1654063.6012728612,0.0,2321413.3987271385,2321413.3987271385,0,False
2013-05-08,2013-05-07,2013-04-26,0.06825110256410256,0.9333333333333333,,1.6884074103103837,1654222.2101113393,0.0,2402969.7898886604,2402969.7898886604,0,False
2013-05-09,2013-05-08,2013-04-26,0.06825110256410256,0.9333333333333333,,1.7031103635843226,1654380.8341588844,0.0,2352946.1658411156,2352946.1658411156,0,False
2013-05-10,2013-05-09,2013-04-26,0.06825110256410256,0.9333333333333333,,1.6997197401969244,1654539.4734169543,0.0,2364574.5265830457,2364574.5265830457,0,False
2013-05-13,2013-05-10,2013-04-26,0.06825110256410256,0.9333333333333333,,1.71893471434554,1655015.4368271152,0.0,2302038.5631728848,2302038.5631728848,0,False
2013-05-14,2013-05-13,2013-04-26,0.06825110256410256,0.9333333333333333,,1.7585670050361542,1655174.136937496,0.0,2181974.8630625037,2181974.8630625037,0,False
2013-05-15,2013-05-14,2013-04-26,0.06825110256410256,0.9333333333333333,,1.7593410995778136,1651908.7698436957,0.0,2175450.2301563043,2175450.2301563043,0,False
2013-05-16,2013-05-15,2013-04-26,0.06825110256410256,0.9333333333333333,,1.7415636208932257,1652067.1720545026,0.0,2227815.8279454974,2227815.8279454974,0,False
2013-05-17,2013-05-16,2013-04-26,0.06825110256410256,0.9333333333333333,,1.7234601605763133,1652225.5894545626,0.0,2283782.4105454376,2283782.4105454376,0,False
2013-05-20,2013-05-17,2013-04-26,0.06825110256410256,0.9333333333333333,,1.6735559273943428,1652700.8872268714,0.0,2453695.112773129,2453695.112773129,0,False
2013-05-21,2013-05-20,2013-04-26,0.06825110256410256,0.9333333333333333,,1.6663461411423726,1652859.3653941397,0.0,2480481.6346058603,2480481.6346058603,0,False
2013-05-22,2013-05-21,2013-04-26,0.06825110256410256,0.9333333333333333,,1.6659317505331952,1653892.8674579444,0.0,2483577.1325420556,2483577.1325420556,0,False
2013-05-23,2013-05-22,2013-04-26,0.06825110256410256,0.9333333333333333,,1.700763393937049,1654051.459924687,0.0,2360356.5400753133,2360356.5400753133,0,False
2013-05-24,2013-05-23,2013-04-26,0.06825110256410256,0.9333333333333333,,1.694402922729076,1654210.0675989264,0.0,2382204.9324010736,2382204.9324010736,0,False
2013-05-27,2013-05-24,2013-04-26,0.06825110256410256,0.9333333333333333,,1.6987177432851086,1654685.9362485097,0.0,2368175.0637514903,2368175.0637514903,0,False
2013-05-28,2013-05-27,2013-04-26,0.06825110256410256,0.9333333333333333,,1.6758930336953024,1654844.6047629444,0.0,2448382.3952370556,2448382.3952370556,0,False
2013-05-29,2013-05-28,2013-04-26,0.06825110256410256,0.9333333333333333,,1.6835657048561647,1655003.2884921683,0.0,2421132.7115078317,2421132.7115078317,0,False
2013-05-30,2013-05-29,2013-04-26,0.06825110256410256,0.9333333333333333,,1.6932113311702526,1655161.98743764,0.0,2387673.0125623597,2387673.0125623597,0,False
2013-05-31,2013-05-30,2013-04-26,0.06825110256410256,0.9333333333333333,,1.7043152727826207,1655320.7016008191,0.0,2350255.298399181,2350255.298399181,0,False
2013-06-03,2013-05-31,2013-05-31,0.06510348756218905,0.9,,1.7123912829801868,1655796.889747855,0.0,2324280.1102521447,2324280.1102521447,0,False
2013-06-04,2013-06-03,2013-05-31,0.06510348756218905,0.9,,1.7304398549903075,1642005.6647920774,0.0,2247968.3352079224,2247968.3352079224,0,False
2013-06-05,2013-06-04,2013-05-31,0.06510348756218905,0.9,,1.7332218295607418,1642163.117390071,0.0,2239653.882609929,2239653.882609929,0,False
2013-06-06,2013-06-05,2013-05-31,0.06510348756218905,0.9,,1.732232025592417,1642320.585086259,0.0,2242896.414913741,2242896.414913741,0,False
2013-06-07,2013-06-06,2013-05-31,0.06510348756218905,0.9,,1.7675099123332028,1642478.0678820892,0.0,2140008.932117911,2140008.932117911,0,False
2013-06-13,2013-06-07,2013-05-31,0.06510348756218905,0.9,,1.8333898425231479,1643423.0552636103,0.0,1971973.9447363897,1971973.9447363897,0,False
2013-06-14,2013-06-13,2013-05-31,0.06510348756218905,0.9,,1.8394267935291697,1636505.6437757588,0.0,1949551.3562242412,1949551.3562242412,0,False
2013-06-17,2013-06-14,2013-05-31,0.06510348756218905,0.9,,1.6660590224557565,1250497.3046983057,527.1117663922596,1876665.8070680867,1876665.8070680867,0,False
2013-06-18,2013-06-17,2013-05-31,0.06510348756218905,0.9,,1.6658607897667999,1314339.170252364,0.0,1973894.829747636,1973894.829747636,0,False
2013-06-19,2013-06-18,2013-05-31,0.06510348756218905,0.9,,1.6679068219808388,1314465.2027755387,0.0,1968036.7972244613,1968036.7972244613,0,False
2013-06-20,2013-06-19,2013-05-31,0.06510348756218905,0.9,,1.6797106998667508,1286620.586544024,0.0,1892894.413455976,1892894.413455976,0,False
2013-06-21,2013-06-20,2013-05-31,0.06510348756218905,0.9,,1.6807700711871834,1286743.961120816,0.0,1890130.038879184,1890130.038879184,0,False
2013-06-24,2013-06-21,2013-05-31,0.06510348756218905,0.9,,1.2137382132939614,1147792.3118518896,779579.6488493815,1722727.3369974915,1722727.3369974915,0,False
2013-06-25,2013-06-24,2013-05-31,0.06510348756218905,0.9,,1.314358113503369,1143444.9269641947,603734.3510952077,1716865.4241310132,1716865.4241310132,0,False
2013-06-26,2013-06-25,2013-05-31,0.06510348756218905,0.9,,1.4060330231393567,1143554.57236815,428086.0319052078,1762094.4595370577,1762094.4595370577,0,False
2013-06-27,2013-06-26,2013-05-31,0.06510348756218905,0.9,,1.5006053501401369,1143664.2282860484,250455.49469520774,1784257.2664091596,1784257.2664091596,0,False
2013-06-28,2013-06-27,2013-05-31,0.06510348756218905,0.9,,1.5939395874882127,1143773.8947188978,70743.72857520777,1806631.83385631,1806631.83385631,0,False
2013-07-01,2013-06-28,2013-06-28,0.0800823732718894,1.0,,1.6658354105991435,1210886.567910116,0.0,1818597.432089884,1818597.432089884,0,False
2013-07-02,2013-07-01,2013-06-28,0.0800823732718894,1.0,,1.6658654258495234,1218645.7567007374,0.0,1830168.2432992626,1830168.2432992626,0,False
2013-07-03,2013-07-02,2013-06-28,0.0800823732718894,1.0,,1.6692433188870524,1218762.6131431607,0.0,1821105.3868568393,1821105.3868568393,0,False
2013-07-04,2013-07-03,2013-06-28,0.0800823732718894,1.0,,1.665982534282723,1248991.7818609965,0.0,1875412.2181390035,1875412.2181390035,0,False
2013-07-05,2013-07-04,2013-06-28,0.0800823732718894,1.0,,1.6658609136227034,1256621.6232462435,0.0,1887213.3767537565,1887213.3767537565,0,False
2013-07-08,2013-07-05,2013-06-28,0.0800823732718894,1.0,,1.6821135693788165,1256983.1171378621,0.0,1842776.8828621379,1842776.8828621379,0,False
2013-07-09,2013-07-08,2013-06-28,0.0800823732718894,1.0,,1.6948413003618517,1257103.649765533,0.0,1809195.350234467,1809195.350234467,0,False
2013-07-10,2013-07-09,2013-06-28,0.0800823732718894,1.0,,1.6761146237796722,1257224.193951127,0.0,1859483.806048873,1859483.806048873,0,False
2013-07-11,2013-07-10,2013-06-28,0.0800823732718894,1.0,,1.665820517549899,1294690.3959957522,0.0,1944503.6040042478,1944503.6040042478,0,False
2013-07-12,2013-07-11,2013-06-28,0.0800823732718894,1.0,,1.6908336061347957,1294814.5443898889,0.0,1874278.4556101111,1874278.4556101111,0,False
2013-07-15,2013-07-12,2013-06-28,0.0800823732718894,1.0,,1.684589779888287,1295187.0252862202,0.0,1891916.9747137798,1891916.9747137798,0,False
2013-07-16,2013-07-15,2013-06-28,0.0800823732718894,1.0,,1.6660359453136784,1295311.2213023435,0.0,1944806.7786976565,1944806.7786976565,0,False
2013-07-17,2013-07-16,2013-06-28,0.0800823732718894,1.0,,1.6723319308956626,1295435.429227674,0.0,1926779.570772326,1926779.570772326,0,False
2013-07-18,2013-07-17,2013-06-28,0.0800823732718894,1.0,,1.6969003768605644,1295559.6490633532,0.0,1859031.3509366468,1859031.3509366468,0,False
2013-07-19,2013-07-18,2013-06-28,0.0800823732718894,1.0,,1.7479648438045983,1295683.8808105236,0.0,1732279.1191894764,1732279.1191894764,0,False
2013-07-22,2013-07-19,2013-06-28,0.0800823732718894,1.0,,1.7342621081369214,1296056.6117899348,0.0,1765114.3882100652,1765114.3882100652,0,False
2013-07-23,2013-07-22,2013-06-28,0.0800823732718894,1.0,,1.7054955193822818,1296180.8911910653,0.0,1837263.1088089347,1837263.1088089347,0,False
2013-07-24,2013-07-23,2013-06-28,0.0800823732718894,1.0,,1.6915225269188883,1296305.1825093988,0.0,1874566.8174906012,1874566.8174906012,0,False
2013-07-25,2013-07-24,2013-06-28,0.0800823732718894,1.0,,1.6965349334455817,1296429.4857460777,0.0,1861255.5142539223,1861255.5142539223,0,False
2013-07-26,2013-07-25,2013-06-28,0.0800823732718894,1.0,,1.687113882941316,1296553.800902245,0.0,1886956.199097755,1886956.199097755,0,False
2013-07-29,2013-07-26,2013-06-28,0.0800823732718894,1.0,,1.7155188805299626,1296926.7821326416,0.0,1812568.2178673584,1812568.2178673584,0,False
2013-07-30,2013-07-29,2013-06-28,0.0800823732718894,1.0,,1.7057096276235777,1297051.144974764,0.0,1837938.855025236,1837938.855025236,0,False
2013-07-31,2013-07-30,2013-06-28,0.0800823732718894,1.0,,1.6867081370780126,1297175.5197420903,0.0,1888976.4802579097,1888976.4802579097,0,False
2013-08-01,2013-07-31,2013-07-31,0.07694125114155252,0.9833333333333333,,1.6804600686749347,1297299.9064357642,0.0,1906504.0935642358,1906504.0935642358,0,False
2013-08-02,2013-08-01,2013-07-31,0.07694125114155252,0.9833333333333333,,1.6854470796973346,1297424.3050569291,0.0,1892814.6949430709,1892814.6949430709,0,False
2013-08-05,2013-08-02,2013-07-31,0.07694125114155252,0.9833333333333333,,1.6719675962573088,1297797.536706329,0.0,1931339.463293671,1931339.463293671,0,False
2013-08-06,2013-08-05,2013-07-31,0.07694125114155252,0.9833333333333333,,1.6658765681760814,1313137.1351454654,0.0,1972042.8648545346,1972042.8648545346,0,False
2013-08-07,2013-08-06,2013-07-31,0.07694125114155252,0.9833333333333333,,1.665852513862152,1306630.69309827,335.83471327013103,1961838.1416149999,1961838.1416149999,0,False
2013-08-08,2013-08-07,2013-07-31,0.07694125114155252,0.9833333333333333,,1.6658825762964988,1317929.2667791327,0.0,1979221.7332208673,1979221.7332208673,0,False
2013-08-09,2013-08-08,2013-07-31,0.07694125114155252,0.9833333333333333,,1.665843992360069,1323716.700118139,0.0,1988028.299881861,1988028.299881861,0,False
2013-08-12,2013-08-09,2013-07-31,0.07694125114155252,0.9833333333333333,,1.6658823886355771,1372918.9834432413,0.0,2061804.0165567587,2061804.0165567587,0,False
2013-08-13,2013-08-12,2013-07-31,0.07694125114155252,0.9833333333333333,,1.6765254695669178,1373050.633208777,0.0,2029562.366791223,2029562.366791223,0,False
2013-08-14,2013-08-13,2013-07-31,0.07694125114155252,0.9833333333333333,,1.6726255234688165,1373182.295598263,0.0,2041525.704401737,2041525.704401737,0,False
2013-08-15,2013-08-14,2013-07-31,0.07694125114155252,0.9833333333333333,,1.687013535236578,1373313.9706129094,0.0,1998962.0293870906,1998962.0293870906,0,False
2013-08-16,2013-08-15,2013-07-31,0.07694125114155252,0.9833333333333333,,1.665917426220956,1306838.0816028847,204.95707895766827,1962154.8754760732,1962154.8754760732,0,False
2013-08-19,2013-08-16,2013-07-31,0.07694125114155252,0.9833333333333333,,1.6658476218313103,1372456.262646032,0.0,2061216.737353968,2061216.737353968,0,False
2013-08-20,2013-08-19,2013-07-31,0.07694125114155252,0.9833333333333333,,1.665945046414104,1380657.94869108,0.0,2073231.05130892,2073231.05130892,0,False
2013-08-21,2013-08-20,2013-07-31,0.07694125114155252,0.9833333333333333,,1.6868900871199397,1380790.3405491738,0.0,2010205.6594508262,2010205.6594508262,0,False
2013-08-22,2013-08-21,2013-07-31,0.07694125114155252,0.9833333333333333,,1.666058854210369,1335172.993761817,379.4338194398515,2004017.4400576232,2004017.4400576232,0,False
2013-08-23,2013-08-22,2013-07-31,0.07694125114155252,0.9833333333333333,,1.689682214768847,1334921.59022945,0.0,1935560.40977055,1935560.40977055,0,False
2013-08-26,2013-08-23,2013-07-31,0.07694125114155252,0.9833333333333333,,1.6712964703094326,1335305.608769105,0.0,1989144.391230895,1989144.391230895,0,False
2013-08-27,2013-08-26,2013-07-31,0.07694125114155252,0.9833333333333333,,1.6721505499585538,1335433.6517726856,0.0,1986807.3482273144,1986807.3482273144,0,False
2013-08-28,2013-08-27,2013-07-31,0.07694125114155252,0.9833333333333333,,1.6781378748656308,1317727.8095343625,0.0,1943156.1904656375,1943156.1904656375,0,False
2013-08-29,2013-08-28,2013-07-31,0.07694125114155252,0.9833333333333333,,1.6893156201692578,1317854.1669955507,0.0,1911829.8330044493,1911829.8330044493,0,False
2013-08-30,2013-08-29,2013-07-31,0.07694125114155252,0.9833333333333333,,1.6659181864005286,1292794.8866422435,203.39662903554563,1941066.509986792,1941066.509986792,0,False
2013-09-02,2013-08-30,2013-08-30,0.07380125114155252,0.9666666666666667,,1.6658741538269328,1297293.988782105,0.0,1948257.011217895,1948257.011217895,0,False
2013-09-03,2013-09-02,2013-08-30,0.07380125114155252,0.9666666666666667,,1.66579385154783,1323407.8558258237,0.0,1987714.1441741763,1987714.1441741763,0,False
2013-09-04,2013-09-03,2013-08-30,0.07380125114155252,0.9666666666666667,,1.6659129393861898,1323534.757948985,0.0,1987549.242051015,1987549.242051015,0,False
2013-09-05,2013-09-04,2013-08-30,0.07380125114155252,0.9666666666666667,,1.6776844756859732,1323661.6722408433,0.0,1953212.3277591567,1953212.3277591567,0,False
2013-09-06,2013-09-05,2013-08-30,0.07380125114155252,0.9666666666666667,,1.6809297840313953,1320633.211322565,0.0,1939455.788677435,1939455.788677435,0,False
2013-09-09,2013-09-06,2013-08-30,0.07380125114155252,0.9666666666666667,,1.665916396705835,1327530.184626644,0.0,1993538.815373356,1993538.815373356,0,False
2013-09-10,2013-09-09,2013-08-30,0.07380125114155252,0.9666666666666667,,1.6657776621012663,1380815.3287616083,0.0,2073988.6712383917,2073988.6712383917,0,False
2013-09-11,2013-09-10,2013-08-30,0.07380125114155252,0.9666666666666667,,1.6658936217843676,1387695.8031409418,0.0,2083960.1968590582,2083960.1968590582,0,False
2013-09-12,2013-09-11,2013-08-30,0.07380125114155252,0.9666666666666667,,1.665960820039629,1401392.0053917908,0.0,2104315.9946082095,2104315.9946082095,0,False
2013-09-13,2013-09-12,2013-08-30,0.07380125114155252,0.9666666666666667,,1.672994557491516,1401526.3854471024,0.0,2082522.6145528976,2082522.6145528976,0,False
2013-09-16,2013-09-13,2013-08-30,0.07380125114155252,0.9666666666666667,,1.687343882342646,1401929.5642703131,0.0,2039633.4357296869,2039633.4357296869,0,False
2013-09-17,2013-09-16,2013-08-30,0.07380125114155252,0.9666666666666667,,1.7063860495408265,1402063.9958723665,0.0,1984841.0041276335,1984841.0041276335,0,False
2013-09-18,2013-09-17,2013-08-30,0.07380125114155252,0.9666666666666667,,1.7056245457607437,1402198.4403651215,0.0,1987173.5596348785,1987173.5596348785,0,False
2013-09-23,2013-09-18,2013-08-30,0.07380125114155252,0.9666666666666667,,1.6659384538460045,1390419.037625803,177.58646721868718,2087642.5488414157,2087642.5488414157,0,False
2013-09-24,2013-09-23,2013-08-30,0.07380125114155252,0.9666666666666667,,1.665994824593114,1445280.8180115072,0.0,2170108.1819884926,2170108.1819884926,0,False
2013-09-25,2013-09-24,2013-08-30,0.07380125114155252,0.9666666666666667,,1.6659652688517177,1537613.5468230974,0.0,2308849.4531769026,2308849.4531769026,0,False
2013-09-26,2013-09-25,2013-08-30,0.07380125114155252,0.9666666666666667,,1.7234850589427955,1537760.9892179982,0.0,2125491.0107820015,2125491.0107820015,0,False
2013-09-27,2013-09-26,2013-08-30,0.07380125114155252,0.9666666666666667,,1.7011599269684008,1537908.445751211,0.0,2193377.5542487893,2193377.5542487893,0,False
2013-09-30,2013-09-27,2013-08-30,0.07380125114155252,0.9666666666666667,,1.6659665291646022,1446189.790725279,123.5493654273094,2171379.7586401487,2171379.7586401487,0,False
2013-10-08,2013-09-30,2013-09-30,0.07091074501108648,0.9166666666666666,,1.6659496092481274,1448985.4879167094,0.0,2175818.5120832906,2175818.5120832906,0,False
2013-10-09,2013-10-08,2013-09-30,0.07091074501108648,0.9166666666666666,,1.6659735088879253,1456764.2633806192,0.0,2187420.736619381,2187420.736619381,0,False
2013-10-10,2013-10-09,2013-09-30,0.07091074501108648,0.9166666666666666,,1.6658789529391256,1494921.3332245052,0.0,2245034.666775495,2245034.666775495,0,False
2013-10-11,2013-10-10,2013-09-30,0.07091074501108648,0.9166666666666666,,1.6659861798254063,1513277.8639254991,0.0,2272236.136074501,2272236.136074501,0,False
2013-10-14,2013-10-11,2013-09-30,0.07091074501108648,0.9166666666666666,,1.6659762810472258,1548671.5399642996,0.0,2325415.4600357004,2325415.4600357004,0,False
2013-10-15,2013-10-14,2013-09-30,0.07091074501108648,0.9166666666666666,,1.6765456743716904,1548820.042714707,0.0,2289305.957285293,2289305.957285293,0,False
2013-10-16,2013-10-15,2013-09-30,0.07091074501108648,0.9166666666666666,,1.7087875490236355,1548413.8453051045,0.0,2184595.1546948953,2184595.1546948953,0,False
2013-10-17,2013-10-16,2013-09-30,0.07091074501108648,0.9166666666666666,,1.7094571155397233,1548562.3233450653,0.0,2182742.676654935,2182742.676654935,0,False
2013-10-18,2013-10-17,2013-09-30,0.07091074501108648,0.9166666666666666,,1.7046693009360665,1548570.8156226464,0.0,2197585.1843773536,2197585.1843773536,0,False
2013-10-21,2013-10-18,2013-09-30,0.07091074501108648,0.9166666666666666,,1.6766450706516098,1549016.2948983735,0.0,2289259.7051016265,2289259.7051016265,0,False
2013-10-22,2013-10-21,2013-09-30,0.07091074501108648,0.9166666666666666,,1.6974355256487854,1549164.8307074734,0.0,2221230.1692925263,2221230.1692925263,0,False
2013-10-23,2013-10-22,2013-09-30,0.07091074501108648,0.9166666666666666,,1.665917719404413,1459169.116414018,228.02537428494543,2190872.908960267,2190872.908960267,0,False
2013-10-24,2013-10-23,2013-09-30,0.07091074501108648,0.9166666666666666,,1.6659646487979456,1469429.4121959647,0.0,2206467.5878040353,2206467.5878040353,0,False
2013-10-25,2013-10-24,2013-09-30,0.07091074501108648,0.9166666666666666,,1.6659057990403217,1442768.2432868073,225.59758063197393,2166286.354293825,2166286.354293825,0,False
2013-10-28,2013-10-25,2013-09-30,0.07091074501108648,0.9166666666666666,,1.537923137031033,1443183.286206109,256631.33074063214,2205802.044534523,2205802.044534523,0,False
2013-10-29,2013-10-28,2013-09-30,0.07091074501108648,0.9166666666666666,,1.6659680824407257,1472811.03435388,0.0,2211533.96564612,2211533.96564612,0,False
2013-10-30,2013-10-29,2013-09-30,0.07091074501108648,0.9166666666666666,,1.6659518294601077,1588337.840439229,0.0,2385064.1595607707,2385064.1595607707,0,False
2013-10-31,2013-10-30,2013-09-30,0.07091074501108648,0.9166666666666666,,1.674684028836032,1588490.1468074904,0.0,2354420.8531925096,2354420.8531925096,0,False
2013-11-01,2013-10-31,2013-10-31,0.07393474074074072,0.9666666666666667,,1.6753193221660234,1588642.467780472,0.0,2352431.532219528,2352431.532219528,0,False
2013-11-04,2013-11-01,2013-10-31,0.07393474074074072,0.9666666666666667,,1.6663875719731083,1589099.4745177787,0.0,2384647.5254822215,2384647.5254822215,0,False
2013-11-05,2013-11-04,2013-10-31,0.07393474074074072,0.9666666666666667,,1.6845275005624327,1589251.8539194448,0.0,2321677.1460805554,2321677.1460805554,0,False
2013-11-06,2013-11-05,2013-10-31,0.07393474074074072,0.9666666666666667,,1.7075806380429746,1589404.2479328343,0.0,2246251.7520671654,2246251.7520671654,0,False
2013-11-07,2013-11-06,2013-10-31,0.07393474074074072,0.9666666666666667,,1.7198223803801724,1589556.6565593483,0.0,2208262.343440652,2208262.343440652,0,False
2013-11-08,2013-11-07,2013-10-31,0.07393474074074072,0.9666666666666667,,1.7269494900870943,1589709.0798003883,0.0,2186821.9201996117,2186821.9201996117,0,False
2013-11-11,2013-11-08,2013-10-31,0.07393474074074072,0.9666666666666667,,1.725412542540647,1590166.3933712898,0.0,2192085.6066287104,2192085.6066287104,0,False
2013-11-12,2013-11-11,2013-10-31,0.07393474074074072,0.9666666666666667,,1.7065335866364144,1590318.8750802432,0.0,2250875.124919757,2250875.124919757,0,False
2013-11-13,2013-11-12,2013-10-31,0.07393474074074072,0.9666666666666667,,1.7277510976884496,1590471.3714107303,0.0,2185460.6285892697,2185460.6285892697,0,False
2013-11-14,2013-11-13,2013-10-31,0.07393474074074072,0.9666666666666667,,1.7142774765894264,1590623.8823641532,0.0,2226899.117635847,2226899.117635847,0,False
2013-11-15,2013-11-14,2013-10-31,0.07393474074074072,0.9666666666666667,,1.6934640408843593,1590776.4079419142,0.0,2293956.592058086,2293956.592058086,0,False
2013-11-18,2013-11-15,2013-10-31,0.07393474074074072,0.9666666666666667,,1.6706698832597706,1591234.028552418,0.0,2372603.971447582,2372603.971447582,0,False
2013-11-19,2013-11-18,2013-10-31,0.07393474074074072,0.9666666666666667,,1.6833207370963448,1591386.6126373478,0.0,2328901.3873626525,2328901.3873626525,0,False
2013-11-20,2013-11-19,2013-10-31,0.07393474074074072,0.9666666666666667,,1.6701283225006727,1591539.211353628,0.0,2374976.788646372,2374976.788646372,0,False
2013-11-21,2013-11-20,2013-10-31,0.07393474074074072,0.9666666666666667,,1.665927806547393,1597562.883362662,0.0,2399003.116637338,2399003.116637338,0,False
2013-11-22,2013-11-21,2013-10-31,0.07393474074074072,0.9666666666666667,,1.6679769887326192,1597716.0743240805,0.0,2391872.9256759193,2391872.9256759193,0,False
2013-11-25,2013-11-22,2013-10-31,0.07393474074074072,0.9666666666666667,,1.66585014536296,1616704.8765169682,0.0,2428031.123483032,2428031.123483032,0,False
2013-11-26,2013-11-25,2013-10-31,0.07393474074074072,0.9666666666666667,,1.6659924789780016,1617153.7680419767,0.0,2428186.2319580233,2428186.2319580233,0,False
2013-11-27,2013-11-26,2013-10-31,0.07393474074074072,0.9666666666666667,,1.675689766710845,1617308.837581378,0.0,2393567.162418622,2393567.162418622,0,False
2013-11-28,2013-11-27,2013-10-31,0.07393474074074072,0.9666666666666667,,1.6657544559247395,1646471.2120104611,0.0,2473090.787989539,2473090.787989539,0,False
2013-11-29,2013-11-28,2013-10-31,0.07393474074074072,0.9666666666666667,,1.6659522937122266,1653506.161531613,0.0,2482919.838468387,2482919.838468387,0,False
2013-12-02,2013-11-29,2013-11-29,0.06887393925759278,0.8666666666666667,,1.6845491774688146,1653981.82768767,0.0,2416162.17231233,2416162.17231233,0,False
2013-12-03,2013-12-02,2013-11-29,0.06887393925759278,0.8666666666666667,,1.6658715059352465,1665676.5439948456,0.0,2501498.456005154,2501498.456005154,0,False
2013-12-04,2013-12-03,2013-11-29,0.06887393925759278,0.8666666666666667,,1.6658998589789096,1739716.3923231738,0.0,2612579.6076768264,2612579.6076768264,0,False
2013-12-05,2013-12-04,2013-11-29,0.06887393925759278,0.8666666666666667,,1.6662362736793686,1739883.2144429856,0.0,2611510.7855570144,2611510.7855570144,0,False
2013-12-06,2013-12-05,2013-11-29,0.06887393925759278,0.8666666666666667,,1.6659647428907727,1758955.241559439,0.0,2641213.7584405607,2641213.7584405607,0,False
2013-12-09,2013-12-06,2013-11-29,0.06887393925759278,0.8666666666666667,,1.665817620090289,1792185.5695223534,0.0,2691706.4304776466,2691706.4304776466,0,False
2013-12-10,2013-12-09,2013-11-29,0.06887393925759278,0.8666666666666667,,1.665914885481177,1808787.5871331294,0.0,2716244.412866871,2716244.412866871,0,False
2013-12-11,2013-12-10,2013-11-29,0.06887393925759278,0.8666666666666667,,1.69374266504833,1808961.0325181969,0.0,2607538.967481803,2607538.967481803,0,False
2013-12-12,2013-12-11,2013-11-29,0.06887393925759278,0.8666666666666667,,1.6959870579618919,1809134.4945350136,0.0,2599379.5054649864,2599379.5054649864,0,False
2013-12-13,2013-12-12,2013-11-29,0.06887393925759278,0.8666666666666667,,1.6679923159893155,1809307.9731851744,0.0,2708576.026814826,2708576.026814826,0,False
2013-12-16,2013-12-13,2013-11-29,0.06887393925759278,0.8666666666666667,,1.6914864148121713,1809828.4590404741,0.0,2617301.540959526,2617301.540959526,0,False
2013-12-17,2013-12-16,2013-11-29,0.06887393925759278,0.8666666666666667,,1.7164723975433984,1810002.0042351766,0.0,2526268.9957648236,2526268.9957648236,0,False
2013-12-18,2013-12-17,2013-11-29,0.06887393925759278,0.8666666666666667,,1.7202109232094493,1810175.5660711993,0.0,2513396.4339288007,2513396.4339288007,0,False
2013-12-19,2013-12-18,2013-11-29,0.06887393925759278,0.8666666666666667,,1.7264253244628973,1810349.1445501377,0.0,2492133.8554498623,2492133.8554498623,0,False
2013-12-20,2013-12-19,2013-11-29,0.06887393925759278,0.8666666666666667,,1.7801756985397459,1810522.7396735877,0.0,2320660.2603264125,2320660.2603264125,0,False
2013-12-23,2013-12-20,2013-11-29,0.06887393925759278,0.8666666666666667,,1.7430561234691924,1811043.574982261,0.0,2437290.4250177387,2437290.4250177387,0,False
2013-12-24,2013-12-23,2013-11-29,0.06887393925759278,0.8666666666666667,,1.7365573720031697,1811217.2366949306,0.0,2459030.7633050694,2459030.7633050694,0,False
2013-12-25,2013-12-24,2013-11-29,0.06887393925759278,0.8666666666666667,,1.7262391827837082,1811390.9150600932,0.0,2494207.084939907,2494207.084939907,0,False
2013-12-26,2013-12-25,2013-11-29,0.06887393925759278,0.8666666666666667,,1.7679364166323972,1811564.6100793455,0.0,2359003.3899206547,2359003.3899206547,0,False
2013-12-27,2013-12-26,2013-11-29,0.06887393925759278,0.8666666666666667,,1.7454919667490252,1811738.3217542847,0.0,2430258.6782457153,2430258.6782457153,0,False
2013-12-30,2013-12-27,2013-11-29,0.06887393925759278,0.8666666666666667,,1.7362917344283597,1812259.5067509536,0.0,2461333.4932490457,2461333.4932490457,0,False
2013-12-31,2013-12-30,2013-11-29,0.06887393925759278,0.8666666666666667,,1.7279466222110198,1812433.2850598202,0.0,2489788.71494018,2489788.71494018,0,False
2014-01-02,2013-12-31,2013-12-31,0.0704912807424594,0.8833333333333333,,1.7477243956097186,1812780.8750049002,0.0,2424397.1249951,2424397.1249951,0,False
2014-01-03,2014-01-02,2013-12-31,0.0704912807424594,0.8833333333333333,,1.7406529600510883,1707627.9918179829,0.0,2305571.008182017,2305571.008182017,0,False
2014-01-06,2014-01-03,2013-12-31,0.0704912807424594,0.8833333333333333,,1.6659120860873944,1457168.5546397225,375.8164720384884,2187665.2618323164,2187665.2618323164,0,False
2014-01-07,2014-01-06,2013-12-31,0.0704912807424594,0.8833333333333333,,1.6718781267511835,1456932.4666592248,0.0,2168447.5333407754,2168447.5333407754,0,False
2014-01-08,2014-01-07,2013-12-31,0.0704912807424594,0.8833333333333333,,1.6655941579870321,1460871.210452192,0.0,2194837.789547808,2194837.789547808,0,False
2014-01-09,2014-01-08,2013-12-31,0.0704912807424594,0.8833333333333333,,1.6940566689915721,1461011.2939929203,0.0,2105031.7060070797,2105031.7060070797,0,False
2014-01-10,2014-01-09,2013-12-31,0.0704912807424594,0.8833333333333333,,1.6949036474851171,1461151.390966317,0.0,2102667.6090336833,2102667.6090336833,0,False
2014-01-13,2014-01-10,2013-12-31,0.0704912807424594,0.8833333333333333,,1.7201303523060005,1461571.7221883757,0.0,2029593.2778116243,2029593.2778116243,0,False
2014-01-14,2014-01-13,2013-12-31,0.0704912807424594,0.8833333333333333,,1.6881036677905832,1461711.8729014623,0.0,2124261.127098538,2124261.127098538,0,False
2014-01-15,2014-01-14,2013-12-31,0.0704912807424594,0.8833333333333333,,1.6935229515524821,1461852.0370536584,0.0,2107863.9629463414,2107863.9629463414,0,False
2014-01-16,2014-01-15,2013-12-31,0.0704912807424594,0.8833333333333333,,1.704600441214279,1461992.2146462526,0.0,2074923.7853537474,2074923.7853537474,0,False
2014-01-17,2014-01-16,2013-12-31,0.0704912807424594,0.8833333333333333,,1.7351257161579878,1462132.4056805337,0.0,1988955.5943194663,1988955.5943194663,0,False
2014-01-20,2014-01-17,2013-12-31,0.0704912807424594,0.8833333333333333,,1.706246095317937,1462553.0191123048,0.0,2070882.9808876952,2070882.9808876952,0,False
2014-01-21,2014-01-20,2013-12-31,0.0704912807424594,0.8833333333333333,,1.702052866689419,1462693.2639223565,0.0,2083451.7360776435,2083451.7360776435,0,False
2014-01-22,2014-01-21,2013-12-31,0.0704912807424594,0.8833333333333333,,1.6659891766217083,1464801.541810541,0.0,2199437.458189459,2199437.458189459,0,False
2014-01-23,2014-01-22,2013-12-31,0.0704912807424594,0.8833333333333333,,1.6671026170681982,1464942.0022323583,0.0,2195976.9977676417,2195976.9977676417,0,False
2014-01-24,2014-01-23,2013-12-31,0.0704912807424594,0.8833333333333333,,1.6736777909383103,1465082.4761229833,0.0,2174752.5238770167,2174752.5238770167,0,False
2014-01-27,2014-01-24,2013-12-31,0.0704912807424594,0.8833333333333333,,1.6951156081382595,1465503.9382051555,0.0,2108288.0617948445,2108288.0617948445,0,False
2014-01-28,2014-01-27,2013-12-31,0.0704912807424594,0.8833333333333333,,1.6912574303857337,1465644.465980052,0.0,2120258.534019948,2120258.534019948,0,False
2014-01-29,2014-01-28,2013-12-31,0.0704912807424594,0.8833333333333333,,1.6995986083718166,1465785.0072302145,0.0,2095179.9927697855,2095179.9927697855,0,False
2014-01-30,2014-01-29,2013-12-31,0.0704912807424594,0.8833333333333333,,1.7136703314347872,1465925.5619569353,0.0,2054065.4380430647,2054065.4380430647,0,False
2014-02-07,2014-01-30,2014-01-30,0.07693221951219513,0.9666666666666667,,1.7029307343311157,1467050.107593505,0.0,2087047.892406495,2087047.892406495,0,False
2014-02-10,2014-02-07,2014-01-30,0.07693221951219513,0.9666666666666667,,1.6686835667739104,1467472.1357066482,0.0,2194568.864293352,2194568.864293352,0,False
2014-02-11,2014-02-10,2014-01-30,0.07693221951219513,0.9666666666666667,,1.6655595535878451,1475333.929372812,0.0,2216682.0706271883,2216682.0706271883,0,False
2014-02-12,2014-02-11,2014-01-30,0.07693221951219513,0.9666666666666667,,1.6659104421411735,1530378.438419601,0.0,2298174.561580399,2298174.561580399,0,False
2014-02-13,2014-02-12,2014-01-30,0.07693221951219513,0.9666666666666667,,1.6656078026981134,1544145.3231869836,0.0,2319902.6768130166,2319902.6768130166,0,False
2014-02-14,2014-02-13,2014-01-30,0.07693221951219513,0.9666666666666667,,1.6657250877884568,1549290.4418366042,0.0,2327222.558163396,2327222.558163396,0,False
2014-02-17,2014-02-14,2014-01-30,0.07693221951219513,0.9666666666666667,,1.665679198376863,1557008.2007480913,0.0,2338976.7992519084,2338976.7992519084,0,False
2014-02-18,2014-02-17,2014-01-30,0.07693221951219513,0.9666666666666667,,1.677122301648525,1557157.5029043274,0.0,2299669.4970956724,2299669.4970956724,0,False
2014-02-19,2014-02-18,2014-01-30,0.07693221951219513,0.9666666666666667,,1.6654089061051554,1564649.8927072086,0.0,2351411.1072927914,2351411.1072927914,0,False
2014-02-20,2014-02-19,2014-01-30,0.07693221951219513,0.9666666666666667,,1.6879217919038372,1564799.927628427,0.0,2274677.072371573,2274677.072371573,0,False
2014-02-21,2014-02-20,2014-01-30,0.07693221951219513,0.9666666666666667,,1.6985438848342065,1564949.9769365557,0.0,2240303.0230634445,2240303.0230634445,0,False
2014-02-24,2014-02-21,2014-01-30,0.07693221951219513,0.9666666666666667,,1.7603947289178017,1565400.1680258114,0.0,2058667.8319741886,2058667.8319741886,0,False
2014-02-25,2014-02-24,2014-01-30,0.07693221951219513,0.9666666666666667,,1.740894580900698,1493816.0594712386,0.0,2016232.9405287614,2016232.9405287614,0,False
2014-02-26,2014-02-25,2014-01-30,0.07693221951219513,0.9666666666666667,,1.7362046706995022,1493959.3021070783,0.0,2029271.6978929217,2029271.6978929217,0,False
2014-02-27,2014-02-26,2014-01-30,0.07693221951219513,0.9666666666666667,,1.785964606372954,1494102.5584785133,0.0,1900979.4415214867,1900979.4415214867,0,False
2014-02-28,2014-02-27,2014-01-30,0.07693221951219513,0.9666666666666667,,1.7501869887530386,1494245.8285868606,0.0,1991831.1714131394,1991831.1714131394,0,False
2014-03-03,2014-02-28,2014-02-28,0.0778241221001221,0.9833333333333333,,1.7366994143451677,1494675.6801265911,0.0,2028881.3198734089,2028881.3198734089,0,False
2014-03-04,2014-03-03,2014-02-28,0.0778241221001221,0.9833333333333333,,1.7481617812090666,1494819.0051918088,0.0,1997988.9948081912,1997988.9948081912,0,False
2014-03-05,2014-03-04,2014-02-28,0.0778241221001221,0.9833333333333333,,1.7715764808436463,1494962.3440005258,0.0,1937542.6559994742,1937542.6559994742,0,False
2014-03-06,2014-03-05,2014-02-28,0.0778241221001221,0.9833333333333333,,1.7038653262661765,1396809.6937140601,0.0,1984484.3062859399,1984484.3062859399,0,False
2014-03-07,2014-03-06,2014-02-28,0.0778241221001221,0.9833333333333333,,1.6693966525368502,1322421.1208496217,0.0,1975541.8791503783,1975541.8791503783,0,False
2014-03-10,2014-03-07,2014-02-28,0.0778241221001221,0.9833333333333333,,1.6950957258367991,1322801.5433638387,0.0,1903049.4566361613,1903049.4566361613,0,False
2014-03-11,2014-03-10,2014-02-28,0.0778241221001221,0.9833333333333333,,1.6785376904558973,1322928.3873474489,0.0,1949675.6126525511,1949675.6126525511,0,False
2014-03-12,2014-03-11,2014-02-28,0.0778241221001221,0.9833333333333333,,1.6653886998026834,1326406.2769541808,0.0,1993430.7230458192,1993430.7230458192,0,False
2014-03-13,2014-03-12,2014-02-28,0.0778241221001221,0.9833333333333333,,1.665750804870282,1326533.4665971764,0.0,1992537.5334028236,1992537.5334028236,0,False
2014-03-14,2014-03-13,2014-02-28,0.0778241221001221,0.9833333333333333,,1.6763409937907583,1326660.6684364392,0.0,1961526.3315635608,1961526.3315635608,0,False
2014-03-17,2014-03-14,2014-02-28,0.0778241221001221,0.9833333333333333,,1.6651834546686877,1337787.4179465375,0.0,2011155.5820534625,2011155.5820534625,0,False
2014-03-18,2014-03-17,2014-02-28,0.0778241221001221,0.9833333333333333,,1.6791983605039005,1337915.69893182,0.0,1969845.30106818,1969845.30106818,0,False
2014-03-19,2014-03-18,2014-02-28,0.0778241221001221,0.9833333333333333,,1.6652826301223447,1275453.2751827994,1494.2617447804305,1914913.986561981,1914913.986561981,0,False
2014-03-20,2014-03-19,2014-02-28,0.0778241221001221,0.9833333333333333,,1.6804853238132458,1269024.899816735,0.0,1864882.100183265,1864882.100183265,0,False
2014-03-21,2014-03-20,2014-02-28,0.0778241221001221,0.9833333333333333,,1.6656741573462694,1288875.7843258954,0.0,1936196.2156741046,1936196.2156741046,0,False
2014-03-24,2014-03-21,2014-02-28,0.0778241221001221,0.9833333333333333,,1.6655486586802326,1291029.5745917975,0.0,1939797.4254082025,1939797.4254082025,0,False
2014-03-25,2014-03-24,2014-02-28,0.0778241221001221,0.9833333333333333,,1.6659150342784077,1297871.4390282654,0.0,1949004.5609717346,1949004.5609717346,0,False
2014-03-26,2014-03-25,2014-02-28,0.0778241221001221,0.9833333333333333,,1.667019322098875,1296475.6707139257,0.0,1943685.3292860743,1943685.3292860743,0,False
2014-03-27,2014-03-26,2014-02-28,0.0778241221001221,0.9833333333333333,,1.6751018738161807,1296599.9902987888,0.0,1920599.0097012112,1920599.0097012112,0,False
2014-03-28,2014-03-27,2014-02-28,0.0778241221001221,0.9833333333333333,,1.6657354341948531,1311279.467304708,0.0,1969670.532695292,1969670.532695292,0,False
2014-03-31,2014-03-28,2014-02-28,0.0778241221001221,0.9833333333333333,,1.6654906890139407,1349434.0623557135,0.0,2027727.9376442865,2027727.9376442865,0,False
2014-04-01,2014-03-31,2014-03-31,0.07830056226880396,0.9833333333333333,,1.6659817848124805,1369374.6581025147,0.0,2056174.3418974853,2056174.3418974853,0,False
2014-04-02,2014-04-01,2014-03-31,0.07830056226880396,0.9833333333333333,,1.6659471882918058,1389069.163531237,0.0,2085854.836468763,2085854.836468763,0,False
2014-04-03,2014-04-02,2014-03-31,0.07830056226880396,0.9833333333333333,,1.6736680778695299,1389202.3619441784,0.0,2062146.6380558216,2062146.6380558216,0,False
2014-04-04,2014-04-03,2014-03-31,0.07830056226880396,0.9833333333333333,,1.665943695834231,1398167.6613495704,0.0,2099528.3386504296,2099528.3386504296,0,False
2014-04-08,2014-04-04,2014-03-31,0.07830056226880396,0.9833333333333333,,1.6659032131362155,1449560.4532461155,0.0,2176833.5467538843,2176833.5467538843,0,False
2014-04-09,2014-04-08,2014-03-31,0.07830056226880396,0.9833333333333333,,1.665989226313314,1466420.619303687,0.0,2201868.380696313,2201868.380696313,0,False
2014-04-10,2014-04-09,2014-03-31,0.07830056226880396,0.9833333333333333,,1.6659065739178123,1480333.3724995104,0.0,2223034.6275004894,2223034.6275004894,0,False
2014-04-11,2014-04-10,2014-03-31,0.07830056226880396,0.9833333333333333,,1.6659971307581798,1554168.9437849552,0.0,2333597.056215045,2333597.056215045,0,False
2014-04-14,2014-04-11,2014-03-31,0.07830056226880396,0.9833333333333333,,1.671364089240981,1554616.0334811124,0.0,2315607.9665188873,2315607.9665188873,0,False
2014-04-15,2014-04-14,2014-03-31,0.07830056226880396,0.9833333333333333,,1.7038025022176433,1554765.1062514463,0.0,2209092.8937485535,2209092.8937485535,0,False
2014-04-16,2014-04-15,2014-03-31,0.07830056226880396,0.9833333333333333,,1.6659967443234756,1490551.161251258,59.12773482871637,2237986.9664835706,2237986.9664835706,0,False
2014-04-17,2014-04-16,2014-03-31,0.07830056226880396,0.9833333333333333,,1.6794982142245702,1490634.963079837,0.0,2193729.036920163,2193729.036920163,0,False
2014-04-18,2014-04-17,2014-03-31,0.07830056226880396,0.9833333333333333,,1.6848524144341335,1490777.9006790363,0.0,2176787.099320964,2176787.099320964,0,False
2014-04-21,2014-04-18,2014-03-31,0.07830056226880396,0.9833333333333333,,1.7148963467946354,1491206.75459567,0.0,2085906.24540433,2085906.24540433,0,False
2014-04-22,2014-04-21,2014-03-31,0.07830056226880396,0.9833333333333333,,1.7004922104511386,1490303.2835441928,0.0,2127508.716455807,2127508.716455807,0,False
2014-04-23,2014-04-22,2014-03-31,0.07830056226880396,0.9833333333333333,,1.6682258338819,1490446.1893385053,0.0,2230452.8106614947,2230452.8106614947,0,False
2014-04-24,2014-04-23,2014-03-31,0.07830056226880396,0.9833333333333333,,1.6796248234033362,1490589.108836113,0.0,2193252.891163887,2193252.891163887,0,False
2014-04-25,2014-04-24,2014-03-31,0.07830056226880396,0.9833333333333333,,1.6915653624043627,1490732.04203833,0.0,2155590.95796167,2155590.95796167,0,False
2014-04-28,2014-04-25,2014-03-31,0.07830056226880396,0.9833333333333333,,1.6959991603942757,1491160.882762752,0.0,2142475.117237248,2142475.117237248,0,False
2014-04-29,2014-04-28,2014-03-31,0.07830056226880396,0.9833333333333333,,1.665968065374876,1506164.0192926058,0.0,2261615.980707394,2261615.980707394,0,False
2014-04-30,2014-04-29,2014-03-31,0.07830056226880396,0.9833333333333333,,1.6772091752288119,1504938.1477393874,0.0,2222264.852260613,2222264.852260613,0,False
2014-05-05,2014-04-30,2014-04-30,0.08262614070351756,1.0,,1.6802135454058578,1505659.6934266596,0.0,2213510.3065733407,2213510.3065733407,0,False
2014-05-06,2014-05-05,2014-04-30,0.08262614070351756,1.0,,1.6658560192171024,1465809.342212218,346.6201387916353,2200870.2779265735,2200870.2779265735,0,False
2014-05-07,2014-05-06,2014-04-30,0.08262614070351756,1.0,,1.684697299318288,1465603.2791336386,0.0,2140512.7208663616,2140512.7208663616,0,False
2014-05-08,2014-05-07,2014-04-30,0.08262614070351756,1.0,,1.6793423834211796,1465743.8164343773,0.0,2157592.1835656227,2157592.1835656227,0,False
2014-05-09,2014-05-08,2014-04-30,0.08262614070351756,1.0,,1.6724315378406698,1465884.3672112958,0.0,2179975.6327887042,2179975.6327887042,0,False
2014-05-12,2014-05-09,2014-04-30,0.08262614070351756,1.0,,1.6656707664598578,1479206.188874466,0.0,2222128.8111255337,2222128.8111255337,0,False
2014-05-13,2014-05-12,2014-04-30,0.08262614070351756,1.0,,1.6660083369485612,1468418.7576445027,39.627480692542804,2204745.86983619,2204745.86983619,0,False
2014-05-14,2014-05-13,2014-04-30,0.08262614070351756,1.0,,1.666018931703812,1454027.8916636677,18.347561727402052,2183135.4558980595,2183135.4558980595,0,False
2014-05-15,2014-05-14,2014-04-30,0.08262614070351756,1.0,,1.674726808715883,1454148.9714340176,0.0,2155167.0285659824,2155167.0285659824,0,False
2014-05-16,2014-05-15,2014-04-30,0.08262614070351756,1.0,,1.6727607211921798,1454288.4103764838,0.0,2161672.5896235164,2161672.5896235164,0,False
2014-05-19,2014-05-16,2014-04-30,0.08262614070351756,1.0,,1.6659396802084352,1427960.764967241,177.56593078606238,2144012.800963545,2144012.800963545,0,False
2014-05-20,2014-05-19,2014-04-30,0.08262614070351756,1.0,,1.6659163945402926,1433127.1978510409,0.0,2152112.802148959,2152112.802148959,0,False
2014-05-21,2014-05-20,2014-04-30,0.08262614070351756,1.0,,1.665914588485486,1444574.7058869991,0.0,2169309.294113001,2169309.294113001,0,False
2014-05-22,2014-05-21,2014-04-30,0.08262614070351756,1.0,,1.6659634905635294,1429199.2189850276,130.97189582004341,2145865.7529107924,2145865.7529107924,0,False
2014-05-23,2014-05-22,2014-04-30,0.08262614070351756,1.0,,1.665986028149697,1434926.5020396581,0.0,2154589.497960342,2154589.497960342,0,False
2014-05-26,2014-05-23,2014-04-30,0.08262614070351756,1.0,,1.666020463463551,1476467.2787655871,0.0,2216849.721234413,2216849.721234413,0,False
2014-05-27,2014-05-26,2014-04-30,0.08262614070351756,1.0,,1.6661644355768617,1476608.8578197153,0.0,2216583.1421802845,2216583.1421802845,0,False
2014-05-28,2014-05-27,2014-04-30,0.08262614070351756,1.0,,1.6659041230719784,1519946.8823099171,0.0,2282531.1176900826,2282531.1176900826,0,False
2014-05-29,2014-05-28,2014-04-30,0.08262614070351756,1.0,,1.66592405706806,1487848.2419930294,220.4047819319385,2233930.1627889024,2233930.1627889024,0,False
2014-05-30,2014-05-29,2014-04-30,0.08262614070351756,1.0,,1.6659999481710985,1491155.5413904667,0.0,2238972.4586095335,2238972.4586095335,0,False
2014-06-03,2014-05-30,2014-05-30,0.08397427930174564,1.0,,1.669138784303251,1491727.491461137,0.0,2229324.5085388627,2229324.5085388627,0,False
2014-06-04,2014-06-03,2014-05-30,0.08397427930174564,1.0,,1.6659703440745692,1456388.464473661,117.64954032899584,2186690.185066668,2186690.185066668,0,False
2014-06-05,2014-06-04,2014-05-30,0.08397427930174564,1.0,,1.6661979876203072,1484380.6312217063,0.0,2228137.368778294,2228137.368778294,0,False
2014-06-06,2014-06-05,2014-05-30,0.08397427930174564,1.0,,1.666267249801025,1455819.410585758,71.4295653045383,2184931.0189795466,2184931.0189795466,0,False
2014-06-09,2014-06-06,2014-05-30,0.08397427930174564,1.0,,1.670897983437803,1456166.7783851426,0.0,2170474.221614857,2170474.221614857,0,False
2014-06-10,2014-06-09,2014-05-30,0.08397427930174564,1.0,,1.665889037546089,1467815.5258559466,0.0,2204294.4741440536,2204294.4741440536,0,False
2014-06-11,2014-06-10,2014-05-30,0.08397427930174564,1.0,,1.665944098434031,1474401.3396399328,0.0,2214001.660360067,2214001.660360067,0,False
2014-06-12,2014-06-11,2014-05-30,0.08397427930174564,1.0,,1.673529141753464,1474542.7205903092,0.0,2189278.2794096908,2189278.2794096908,0,False
2014-06-13,2014-06-12,2014-05-30,0.08397427930174564,1.0,,1.6659891256483341,1486494.2330977628,0.0,2232009.766902237,2232009.766902237,0,False
2014-06-16,2014-06-13,2014-05-30,0.08397427930174564,1.0,,1.66597496411691,1515326.4805464621,0.0,2275350.5194535377,2275350.5194535377,0,False
2014-06-17,2014-06-16,2014-05-30,0.08397427930174564,1.0,,1.6659891885819056,1485399.2566402715,81.02140485296985,2230243.764764582,2230243.764764582,0,False
2014-06-18,2014-06-17,2014-05-30,0.08397427930174564,1.0,,1.6659697399029363,1474438.2301353365,130.33402476079794,2213776.1038894244,2213776.1038894244,0,False
2014-06-19,2014-06-18,2014-05-30,0.08397427930174564,1.0,,1.6710018931101336,1474445.280598397,0.0,2197378.719401603,2197378.719401603,0,False
2014-06-20,2014-06-19,2014-05-30,0.08397427930174564,1.0,,1.6708980151145587,1474534.3257622898,0.0,2197851.6742377104,2197851.6742377104,0,False
2014-06-23,2014-06-20,2014-05-30,0.08397427930174564,1.0,,1.675664872483022,1474958.506869701,0.0,2182973.4931302993,2182973.4931302993,0,False
2014-06-24,2014-06-23,2014-05-30,0.08397427930174564,1.0,,1.6659109303560202,1476564.9558470722,0.0,2217361.0441529276,2217361.0441529276,0,False
2014-06-25,2014-06-24,2014-05-30,0.08397427930174564,1.0,,1.6713207366289067,1476706.5442674959,0.0,2199703.455732504,2199703.455732504,0,False
2014-06-26,2014-06-25,2014-05-30,0.08397427930174564,1.0,,1.6659465105926194,1485576.4965148915,0.0,2230774.5034851087,2230774.5034851087,0,False
2014-06-27,2014-06-26,2014-05-30,0.08397427930174564,1.0,,1.6685650421836888,1484973.1288356534,0.0,2221134.8711643466,2221134.8711643466,0,False
2014-06-30,2014-06-27,2014-05-30,0.08397427930174564,1.0,,1.665931489287492,1493093.3897164143,0.0,2242112.6102835857,2242112.6102835857,0,False
2014-07-01,2014-06-30,2014-06-30,0.08208738650306749,0.9666666666666667,,1.6855915693795442,1493236.5630551542,0.0,2178026.436944846,2178026.436944846,0,False
2014-07-02,2014-07-01,2014-06-30,0.08208738650306749,0.9666666666666667,,1.6829175802589313,1493379.7501228445,0.0,2186764.2498771558,2186764.2498771558,0,False
2014-07-03,2014-07-02,2014-06-30,0.08208738650306749,0.9666666666666667,,1.6768929110206265,1493522.9509208014,0.0,2206439.0490791984,2206439.0490791984,0,False
2014-07-04,2014-07-03,2014-06-30,0.08208738650306749,0.9666666666666667,,1.6769716911193286,1493666.1654503418,0.0,2206393.834549658,2206393.834549658,0,False
2014-07-07,2014-07-04,2014-06-30,0.08208738650306749,0.9666666666666667,,1.6872277872990704,1494095.8502376631,0.0,2174091.149762337,2174091.149762337,0,False
2014-07-08,2014-07-07,2014-06-30,0.08208738650306749,0.9666666666666667,,1.6793052379131042,1494239.1197027543,0.0,2199657.8802972455,2199657.8802972455,0,False
2014-07-09,2014-07-08,2014-06-30,0.08208738650306749,0.9666666666666667,,1.6659476580917145,1430958.673664595,159.1547285815867,2148516.4810639867,2148516.4810639867,0,False
2014-07-10,2014-07-09,2014-06-30,0.08208738650306749,0.9666666666666667,,1.6659694930107107,1431712.0270212963,8.099079999999983,2149804.0720587038,2149804.0720587038,0,False
2014-07-11,2014-07-10,2014-06-30,0.08208738650306749,0.9666666666666667,,1.6659642048923136,1445984.4617959422,0.0,2171264.538204058,2171264.538204058,0,False
2014-07-14,2014-07-11,2014-06-30,0.08208738650306749,0.9666666666666667,,1.665968695056699,1488669.8755387876,0.0,2235345.124461212,2235345.124461212,0,False
2014-07-15,2014-07-14,2014-06-30,0.08208738650306749,0.9666666666666667,,1.6659412899366048,1497495.711434935,0.0,2248690.288565065,2248690.288565065,0,False
2014-07-16,2014-07-15,2014-06-30,0.08208738650306749,0.9666666666666667,,1.6672718016973844,1497639.3069141137,0.0,2244421.6930858865,2244421.6930858865,0,False
2014-07-17,2014-07-16,2014-06-30,0.08208738650306749,0.9666666666666667,,1.6786528913383139,1497782.9161627218,0.0,2206994.083837278,2206994.083837278,0,False
2014-07-18,2014-07-17,2014-06-30,0.08208738650306749,0.9666666666666667,,1.665976059195927,1500242.56219208,0.0,2252697.43780792,2252697.43780792,0,False
2014-07-21,2014-07-18,2014-06-30,0.08208738650306749,0.9666666666666667,,1.6659721664409501,1528181.4137895599,0.0,2294662.58621044,2294662.58621044,0,False
2014-07-22,2014-07-21,2014-06-30,0.08208738650306749,0.9666666666666667,,1.6659963880741637,1552691.195213348,0.0,2331380.8047866523,2331380.8047866523,0,False
2014-07-23,2014-07-22,2014-06-30,0.08208738650306749,0.9666666666666667,,1.6659529407487932,1553537.4105701493,0.0,2332803.5894298507,2332803.5894298507,0,False
2014-07-24,2014-07-23,2014-06-30,0.08208738650306749,0.9666666666666667,,1.6659282289072996,1611241.191380889,0.0,2419541.808619111,2419541.808619111,0,False
2014-07-25,2014-07-24,2014-06-30,0.08208738650306749,0.9666666666666667,,1.6660041185409227,1664321.3890108843,0.0,2498965.6109891157,2498965.6109891157,0,False
2014-07-28,2014-07-25,2014-06-30,0.08208738650306749,0.9666666666666667,,1.6659469381813559,1734963.752856764,0.0,2605258.247143236,2605258.247143236,0,False
2014-07-29,2014-07-28,2014-06-30,0.08208738650306749,0.9666666666666667,,1.678826809334817,1735130.1192440242,0.0,2556071.880755976,2556071.880755976,0,False
2014-07-30,2014-07-29,2014-06-30,0.08208738650306749,0.9666666666666667,,1.6839211992027316,1735296.5015842256,0.0,2537275.4984157747,2537275.4984157747,0,False
2014-07-31,2014-07-30,2014-06-30,0.08208738650306749,0.9666666666666667,,1.6660013971580945,1760025.1453988978,0.0,2642674.854601102,2642674.854601102,0,False
2014-08-01,2014-07-31,2014-07-31,0.07202389908256879,0.8166666666666667,,1.6659949756270707,1791953.2324233882,0.0,2690640.7675766116,2690640.7675766116,0,False
2014-08-04,2014-08-01,2014-07-31,0.07202389908256879,0.8166666666666667,,1.6659816773495457,1846840.6694290168,0.0,2773110.3305709832,2773110.3305709832,0,False
2014-08-05,2014-08-04,2014-07-31,0.07202389908256879,0.8166666666666667,,1.6689198968636847,1847017.763739784,0.0,2761194.2362602158,2761194.2362602158,0,False
2014-08-06,2014-08-05,2014-07-31,0.07202389908256879,0.8166666666666667,,1.6810401708371907,1847194.8750321975,0.0,2712314.1249678023,2712314.1249678023,0,False
2014-08-07,2014-08-06,2014-07-31,0.07202389908256879,0.8166666666666667,,1.7035294703627266,1847372.0033078855,0.0,2625862.9966921145,2625862.9966921145,0,False
2014-08-08,2014-08-07,2014-07-31,0.07202389908256879,0.8166666666666667,,1.6960371777462633,1847549.1485684766,0.0,2654382.8514315234,2654382.8514315234,0,False
2014-08-11,2014-08-08,2014-07-31,0.07202389908256879,0.8166666666666667,,1.6789574897404913,1847018.1799898457,0.0,2720373.8200101545,2720373.8200101545,0,False
2014-08-12,2014-08-11,2014-07-31,0.07202389908256879,0.8166666666666667,,1.6902180971942482,1847195.2913221736,0.0,2676248.7086778264,2676248.7086778264,0,False
2014-08-13,2014-08-12,2014-07-31,0.07202389908256879,0.8166666666666667,,1.6659814800217019,1809158.084521239,111.21355345923803,2716362.1290322207,2716362.1290322207,0,False
2014-08-14,2014-08-13,2014-07-31,0.07202389908256879,0.8166666666666667,,1.6659899726020557,1777649.6696479241,87.74866792999092,2669052.079020006,2669052.079020006,0,False
2014-08-15,2014-08-14,2014-07-31,0.07202389908256879,0.8166666666666667,,1.6659617334473056,1780682.2682773576,0.0,2673850.7317226427,2673850.7317226427,0,False
2014-08-18,2014-08-15,2014-07-31,0.07202389908256879,0.8166666666666667,,1.6660225791600483,1778924.9481190043,6.746448169682992,2670957.798329165,2670957.798329165,0,False
2014-08-19,2014-08-18,2014-07-31,0.07202389908256879,0.8166666666666667,,1.6660078199261752,1786294.1475151747,0.0,2682091.852484825,2682091.852484825,0,False
2014-08-20,2014-08-19,2014-07-31,0.07202389908256879,0.8166666666666667,,1.6660699703060924,1783221.1047150735,0.0,2677227.8952849265,2677227.8952849265,0,False
2014-08-21,2014-08-20,2014-07-31,0.07202389908256879,0.8166666666666667,,1.6702937413644576,1782901.351479635,0.0,2659880.648520365,2659880.648520365,0,False
2014-08-22,2014-08-21,2014-07-31,0.07202389908256879,0.8166666666666667,,1.6666913111625443,1782264.7292529277,0.0,2673298.270747072,2673298.270747072,0,False
2014-08-25,2014-08-22,2014-07-31,0.07202389908256879,0.8166666666666667,,1.684127878986488,1782777.4355449046,0.0,2605912.5644550957,2605912.5644550957,0,False
2014-08-26,2014-08-25,2014-07-31,0.07202389908256879,0.8166666666666667,,1.6659833912462423,1678196.5323873057,96.33528145846503,2519732.8028941527,2519732.8028941527,0,False
2014-08-27,2014-08-26,2014-07-31,0.07202389908256879,0.8166666666666667,,1.6659427026262668,1693936.2860610078,0.0,2543666.7139389925,2543666.7139389925,0,False
2014-08-28,2014-08-27,2014-07-31,0.07202389908256879,0.8166666666666667,,1.6683282626624407,1694098.7183076164,0.0,2534830.281692384,2534830.281692384,0,False
2014-08-29,2014-08-28,2014-07-31,0.07202389908256879,0.8166666666666667,,1.6658972639179352,1721656.4400299198,0.0,2585468.55997008,2585468.55997008,0,False
2014-09-01,2014-08-29,2014-08-29,0.0759821952662722,0.8666666666666667,,1.6659714528666114,1748908.9785806134,0.0,2626102.0214193864,2626102.0214193864,0,False
2014-09-02,2014-09-01,2014-08-29,0.0759821952662722,0.8666666666666667,,1.6658603436442272,1784772.0390812992,0.0,2680399.960918701,2680399.960918701,0,False
2014-09-03,2014-09-02,2014-08-29,0.0759821952662722,0.8666666666666667,,1.6659849878734438,1809962.4316955947,0.0,2717722.5683044055,2717722.5683044055,0,False
2014-09-04,2014-09-03,2014-08-29,0.0759821952662722,0.8666666666666667,,1.665919276394674,1842991.3182369901,0.0,2767589.68176301,2767589.68176301,0,False
2014-09-05,2014-09-04,2014-08-29,0.0759821952662722,0.8666666666666667,,1.665935208898922,1871334.3250418894,0.0,2810084.674958111,2810084.674958111,0,False
2014-09-09,2014-09-05,2014-08-29,0.0759821952662722,0.8666666666666667,,1.665994993515954,1877409.1506317686,0.0,2818953.8493682314,2818953.8493682314,0,False
2014-09-10,2014-09-09,2014-08-29,0.0759821952662722,0.8666666666666667,,1.680411458501819,1877589.1761667607,0.0,2759490.8238332393,2759490.8238332393,0,False
2014-09-11,2014-09-10,2014-08-29,0.0759821952662722,0.8666666666666667,,1.6914561064283853,1877769.2189644754,0.0,2715673.781035525,2715673.781035525,0,False
2014-09-12,2014-09-11,2014-08-29,0.0759821952662722,0.8666666666666667,,1.6899426838165905,1877949.279026568,0.0,2721891.720973432,2721891.720973432,0,False
2014-09-15,2014-09-12,2014-08-29,0.0759821952662722,0.8666666666666667,,1.665991454239186,1827483.6796667103,84.89966576476581,2743877.2199990544,2743877.2199990544,0,False
2014-09-16,2014-09-15,2014-08-29,0.0759821952662722,0.8666666666666667,,1.6659748082511379,1743184.3919041015,121.67679209193011,2617310.28488799,2617310.28488799,0,False
2014-09-17,2014-09-16,2014-08-29,0.0759821952662722,0.8666666666666667,,1.6659732707897923,1752222.5759697265,0.0,2631070.424030273,2631070.424030273,0,False
2014-09-18,2014-09-17,2014-08-29,0.0759821952662722,0.8666666666666667,,1.6660226375699938,1758838.3454326277,0.0,2640808.654567372,2640808.654567372,0,False
2014-09-19,2014-09-18,2014-08-29,0.0759821952662722,0.8666666666666667,,1.6660110417435983,1787653.7343143818,0.0,2684120.265685618,2684120.265685618,0,False
2014-09-22,2014-09-19,2014-08-29,0.0759821952662722,0.8666666666666667,,1.6659398537282888,1723331.616081853,216.39045376414288,2587493.7743719113,2587493.7743719113,0,False
2014-09-23,2014-09-22,2014-08-29,0.0759821952662722,0.8666666666666667,,1.6659529654383223,1743530.8156849733,5.136680000000013,2618091.320995027,2618091.320995027,0,False
2014-09-24,2014-09-23,2014-08-29,0.0759821952662722,0.8666666666666667,,1.6659503267047975,1808770.1617414088,5.137699999999995,2716065.9759585913,2716065.9759585913,0,False
2014-09-25,2014-09-24,2014-08-29,0.0759821952662722,0.8666666666666667,,1.666048297373192,1801642.2424748046,166.55280925645252,2704722.3103344524,2704722.3103344524,0,False
2014-09-26,2014-09-25,2014-08-29,0.0759821952662722,0.8666666666666667,,1.6659602962991793,1804475.6179305802,0.0,2709584.38206942,2709584.38206942,0,False
2014-09-29,2014-09-26,2014-08-29,0.0759821952662722,0.8666666666666667,,1.66598153078406,1831046.9740762862,0.0,2749396.025923714,2749396.025923714,0,False
2014-09-30,2014-09-29,2014-08-29,0.0759821952662722,0.8666666666666667,,1.6658870469257947,1857679.8184431153,0.0,2789782.1815568847,2789782.1815568847,0,False
2014-10-08,2014-09-30,2014-09-30,0.07459247597254004,0.85,,1.6678685034302456,1859104.88789288,0.0,2783639.11210712,2783639.11210712,0,False
2014-10-09,2014-10-08,2014-09-30,0.07459247597254004,0.85,,1.6662385557689734,1859283.1582245957,0.0,2790716.8417754043,2790716.8417754043,0,False
2014-10-10,2014-10-09,2014-09-30,0.07459247597254004,0.85,,1.6791537151754707,1859461.4456507268,0.0,2737909.5543492734,2737909.5543492734,0,False
2014-10-13,2014-10-10,2014-09-30,0.07459247597254004,0.85,,1.6696927472079859,1859996.3592172838,0.0,2777387.640782716,2777387.640782716,0,False
2014-10-14,2014-10-13,2014-09-30,0.07459247597254004,0.85,,1.6847912631370334,1860174.7150325512,0.0,2716411.2849674486,2716411.2849674486,0,False
2014-10-15,2014-10-14,2014-09-30,0.07459247597254004,0.85,,1.6831009938442463,1860353.087950431,0.0,2723393.912049569,2723393.912049569,0,False
2014-10-16,2014-10-15,2014-09-30,0.07459247597254004,0.85,,1.7040060930082512,1860531.4779725634,0.0,2642777.5220274366,2642777.5220274366,0,False
2014-10-17,2014-10-16,2014-09-30,0.07459247597254004,0.85,,1.7092782049165256,1860709.8851005882,0.0,2623385.114899412,2623385.114899412,0,False
2014-10-20,2014-10-17,2014-09-30,0.07459247597254004,0.85,,1.6930703465598091,1861245.157807261,0.0,2685506.8421927392,2685506.8421927392,0,False
2014-10-21,2014-10-20,2014-09-30,0.07459247597254004,0.85,,1.6992918798743264,1861423.6333703385,0.0,2661869.3666296615,2661869.3666296615,0,False
2014-10-22,2014-10-21,2014-09-30,0.07459247597254004,0.85,,1.7025102237068146,1861602.126047511,0.0,2649928.8739524893,2649928.8739524893,0,False
2014-10-23,2014-10-22,2014-09-30,0.07459247597254004,0.85,,1.7293965706574317,1861780.6358404194,0.0,2552494.3641595803,2552494.3641595803,0,False
2014-10-24,2014-10-23,2014-09-30,0.07459247597254004,0.85,,1.7428678266168673,1861339.1627507056,0.0,2505612.8372492944,2505612.8372492944,0,False
2014-10-27,2014-10-24,2014-09-30,0.07459247597254004,0.85,,1.7494780386681412,1861874.6164824557,0.0,2484228.3835175443,2484228.3835175443,0,False
2014-10-28,2014-10-27,2014-09-30,0.07459247597254004,0.85,,1.7283882829908197,1862053.1524045842,0.0,2556401.847595416,2556401.847595416,0,False
2014-10-29,2014-10-28,2014-09-30,0.07459247597254004,0.85,,1.7148722525767095,1862231.7054465956,0.0,2604985.2945534047,2604985.2945534047,0,False
2014-10-30,2014-10-29,2014-09-30,0.07459247597254004,0.85,,1.7053853009276563,1862410.2756101314,0.0,2640273.724389869,2640273.724389869,0,False
2014-10-31,2014-10-30,2014-09-30,0.07459247597254004,0.85,,1.6828915565886595,1862588.8628968338,0.0,2727503.1371031664,2727503.1371031664,0,False
2014-11-03,2014-10-31,2014-10-31,0.07620664277588168,0.8666666666666667,,1.6738109939603805,1863124.6761313658,0.0,2765055.323868634,2765055.323868634,0,False
2014-11-04,2014-11-03,2014-10-31,0.07620664277588168,0.8666666666666667,,1.6659680016412983,1883940.5381922277,0.0,2828875.4618077725,2828875.4618077725,0,False
2014-11-05,2014-11-04,2014-10-31,0.07620664277588168,0.8666666666666667,,1.6878800422992795,1884121.1900246572,0.0,2739025.809975343,2739025.809975343,0,False
2014-11-06,2014-11-05,2014-10-31,0.07620664277588168,0.8666666666666667,,1.6831638192083471,1884301.859179865,0.0,2758199.140820135,2758199.140820135,0,False
2014-11-07,2014-11-06,2014-10-31,0.07620664277588168,0.8666666666666667,,1.6936894209574302,1884482.5456595125,0.0,2716608.4543404877,2716608.4543404877,0,False
2014-11-10,2014-11-07,2014-10-31,0.07620664277588168,0.8666666666666667,,1.6660022518430053,1898209.7887767567,0.0,2850155.2112232433,2850155.2112232433,0,False
2014-11-11,2014-11-10,2014-10-31,0.07620664277588168,0.8666666666666667,,1.6720277423162373,1898391.8088934887,0.0,2824871.1911065113,2824871.1911065113,0,False
2014-11-12,2014-11-11,2014-10-31,0.07620664277588168,0.8666666666666667,,1.6659841748430466,1931178.1724042047,0.0,2899735.8275957955,2899735.8275957955,0,False
2014-11-13,2014-11-12,2014-10-31,0.07620664277588168,0.8666666666666667,,1.6702500040971013,1931363.3538727914,0.0,2881556.6461272086,2881556.6461272086,0,False
2014-11-14,2014-11-13,2014-10-31,0.07620664277588168,0.8666666666666667,,1.672518663989278,1931548.5530985051,0.0,2872111.4469014946,2872111.4469014946,0,False
2014-11-17,2014-11-14,2014-10-31,0.07620664277588168,0.8666666666666667,,1.6855240690166196,1932104.2040521363,0.0,2818433.7959478637,2818433.7959478637,0,False
2014-11-18,2014-11-17,2014-10-31,0.07620664277588168,0.8666666666666667,,1.7023303210521694,1932289.4743182783,0.0,2751254.525681722,2751254.525681722,0,False
2014-11-19,2014-11-18,2014-10-31,0.07620664277588168,0.8666666666666667,,1.7079807771435793,1932474.7623500621,0.0,2729558.237649938,2729558.237649938,0,False
2014-11-20,2014-11-19,2014-10-31,0.07620664277588168,0.8666666666666667,,1.714583927296881,1932660.0681491916,0.0,2704594.9318508087,2704594.9318508087,0,False
2014-11-21,2014-11-20,2014-10-31,0.07620664277588168,0.8666666666666667,,1.703464333998584,1932557.5411473701,0.0,2747200.45885263,2747200.45885263,0,False
2014-11-24,2014-11-21,2014-10-31,0.07620664277588168,0.8666666666666667,,1.6745494891389514,1933113.4823578373,0.0,2865784.5176421627,2865784.5176421627,0,False
2014-11-25,2014-11-24,2014-10-31,0.07620664277588168,0.8666666666666667,,1.6660028047809863,1985431.3705740909,0.0,2981115.6294259094,2981115.6294259094,0,False
2014-11-26,2014-11-25,2014-10-31,0.07620664277588168,0.8666666666666667,,1.666001316167313,1993886.8369541462,0.0,2993818.163045854,2993818.163045854,0,False
2014-11-27,2014-11-26,2014-10-31,0.07620664277588168,0.8666666666666667,,1.665998509575542,2023237.3230723473,0.0,3037900.6769276527,3037900.6769276527,0,False
2014-11-28,2014-11-27,2014-10-31,0.07620664277588168,0.8666666666666667,,1.6683877269235168,2023431.332130724,0.0,3027331.667869276,3027331.667869276,0,False
2014-12-01,2014-11-28,2014-11-28,0.0664803997965412,0.6166666666666667,,1.6659892064231832,2108766.94691668,0.0,3166368.05308332,3166368.05308332,0,False
2014-12-02,2014-12-01,2014-11-28,0.0664803997965412,0.6166666666666667,,1.6659701195325107,2168514.7526958366,0.0,3256174.2473041634,3256174.2473041634,0,False
2014-12-03,2014-12-02,2014-11-28,0.0664803997965412,0.6166666666666667,,1.6659418507168333,2274917.1781666433,0.0,3416089.8218333567,3416089.8218333567,0,False
2014-12-04,2014-12-03,2014-11-28,0.0664803997965412,0.6166666666666667,,1.6660200743056024,2543625.143229755,0.0,3819141.856770245,3819141.856770245,0,False
2014-12-05,2014-12-04,2014-11-28,0.0664803997965412,0.6166666666666667,,1.6814663507384238,2497734.595620065,0.0,3665235.404379935,3665235.404379935,0,False
2014-12-08,2014-12-05,2014-11-28,0.0664803997965412,0.6166666666666667,,1.665945579298393,2542534.5627205856,0.0,3817931.4372794144,3817931.4372794144,0,False
2014-12-09,2014-12-08,2014-11-28,0.0664803997965412,0.6166666666666667,,1.7255268542396214,2542778.367404682,0.0,3504733.632595318,3504733.632595318,0,False
2014-12-10,2014-12-09,2014-11-28,0.0664803997965412,0.6166666666666667,,1.6884491350839073,2543022.19546731,0.0,3693841.80453269,3693841.80453269,0,False
2014-12-11,2014-12-10,2014-11-28,0.0664803997965412,0.6166666666666667,,1.696324889758033,2543266.046910711,0.0,3652412.953089289,3652412.953089289,0,False
2014-12-12,2014-12-11,2014-11-28,0.0664803997965412,0.6166666666666667,,1.7025410610674565,2543509.921737127,0.0,3620443.078262873,3620443.078262873,0,False
2014-12-15,2014-12-12,2014-11-28,0.0664803997965412,0.6166666666666667,,1.710526735164079,2544241.616372147,0.0,3580782.383627853,3580782.383627853,0,False
2014-12-16,2014-12-15,2014-11-28,0.0664803997965412,0.6166666666666667,,1.6879294647423846,2544485.58474632,0.0,3698759.41525368,3698759.41525368,0,False
2014-12-17,2014-12-16,2014-11-28,0.0664803997965412,0.6166666666666667,,1.695373561088782,2544729.57651472,0.0,3659514.42348528,3659514.42348528,0,False
2014-12-18,2014-12-17,2014-11-28,0.0664803997965412,0.6166666666666667,,1.6901805959493346,2544973.591679591,0.0,3687402.408320409,3687402.408320409,0,False
2014-12-19,2014-12-18,2014-11-28,0.0664803997965412,0.6166666666666667,,1.665994323786714,2581730.995273177,0.0,3876506.004726823,3876506.004726823,0,False
2014-12-22,2014-12-19,2014-11-28,0.0664803997965412,0.6166666666666667,,1.6659213600524656,2756314.6611315436,0.0,4139099.3388684564,4139099.3388684564,0,False
2014-12-23,2014-12-22,2014-11-28,0.0664803997965412,0.6166666666666667,,1.7181233459973237,2756578.9652771316,0.0,3838587.0347228684,3838587.0347228684,0,False
2014-12-24,2014-12-23,2014-11-28,0.0664803997965412,0.6166666666666667,,1.7513194529558205,2756843.2947669527,0.0,3669335.7052330473,3669335.7052330473,0,False
2014-12-25,2014-12-24,2014-11-28,0.0664803997965412,0.6166666666666667,,1.7142831900300268,2757107.649603437,0.0,3859964.350396563,3859964.350396563,0,False
2014-12-26,2014-12-25,2014-11-28,0.0664803997965412,0.6166666666666667,,1.6790580000358286,2757372.0297890157,0.0,4060583.9702109843,4060583.9702109843,0,False
2014-12-29,2014-12-26,2014-11-28,0.0664803997965412,0.6166666666666667,,1.6659605827096222,2692543.263897384,257.5596270594343,4042710.295729676,4042710.295729676,0,False
2014-12-30,2014-12-29,2014-11-28,0.0664803997965412,0.6166666666666667,,1.6659928220696518,2682400.319028618,124.25840819356381,4027484.9393795757,4027484.9393795757,0,False
2014-12-31,2014-12-30,2014-11-28,0.0664803997965412,0.6166666666666667,,1.6658635995851458,2749918.4708293723,0.0,4129852.5291706277,4129852.5291706277,0,False
2015-01-05,2014-12-31,2014-12-31,0.04227393563579278,0.3333333333333333,,1.6659066967014575,3184026.5265107285,0.0,4781490.4734892715,4781490.4734892715,0,False
2015-01-06,2015-01-05,2014-12-31,0.04227393563579278,0.3333333333333333,,1.6721746043567332,3184331.8441228596,0.0,4737358.15587714,4737358.15587714,0,False
2015-01-07,2015-01-06,2014-12-31,0.04227393563579278,0.3333333333333333,,1.67551862725011,3184637.191012022,0.0,4714358.808987978,4714358.808987978,0,False
2015-01-08,2015-01-07,2014-12-31,0.04227393563579278,0.3333333333333333,,1.6988850693258943,3184942.5671810233,0.0,4557176.432818977,4557176.432818977,0,False
2015-01-09,2015-01-08,2014-12-31,0.04227393563579278,0.3333333333333333,,1.7282754072198412,3185247.972632671,0.0,4373686.027367329,4373686.027367329,0,False
2015-01-12,2015-01-09,2014-12-31,0.04227393563579278,0.3333333333333333,,1.7635965140577599,3186164.276843976,0.0,4172575.723156024,4172575.723156024,0,False
2015-01-13,2015-01-12,2014-12-31,0.04227393563579278,0.3333333333333333,,1.7628845634281678,3186469.799445865,0.0,4176870.200554135,4176870.200554135,0,False
2015-01-14,2015-01-13,2014-12-31,0.04227393563579278,0.3333333333333333,,1.7960469960693473,3185514.997004442,0.0,4001667.002995558,4001667.002995558,0,False
2015-01-15,2015-01-14,2014-12-31,0.04227393563579278,0.3333333333333333,,1.756652804225909,3185820.4573466205,0.0,4210412.54265338,4210412.54265338,0,False
2015-01-16,2015-01-15,2014-12-31,0.04227393563579278,0.3333333333333333,,1.7486850727081409,3186125.9469795167,0.0,4255629.053020483,4255629.053020483,0,False
2015-01-19,2015-01-16,2014-12-31,0.04227393563579278,0.3333333333333333,,1.8956435984960347,3187042.503758785,0.0,3558382.496241215,3558382.496241215,0,False
2015-01-20,2015-01-19,2014-12-31,0.04227393563579278,0.3333333333333333,,1.8703410602509103,3183968.839984214,0.0,3658300.160015786,3658300.160015786,0,False
2015-01-21,2015-01-20,2014-12-31,0.04227393563579278,0.3333333333333333,,1.805992757479813,3184274.15206476,0.0,3950747.84793524,3950747.84793524,0,False
2015-01-22,2015-01-21,2014-12-31,0.04227393563579278,0.3333333333333333,,1.7953629308660315,3184579.4934218074,0.0,4003932.5065781926,4003932.5065781926,0,False
2015-01-23,2015-01-22,2014-12-31,0.04227393563579278,0.3333333333333333,,1.807950816522531,3184884.864058163,0.0,3941929.135941837,3941929.135941837,0,False
2015-01-26,2015-01-23,2014-12-31,0.04227393563579278,0.3333333333333333,,1.7935629000017597,3185801.063813577,0.0,4014553.936186423,4014553.936186423,0,False
2015-01-27,2015-01-26,2014-12-31,0.04227393563579278,0.3333333333333333,,1.8120436866614231,3186106.5515868193,0.0,3923565.4484131807,3923565.4484131807,0,False
2015-01-28,2015-01-27,2014-12-31,0.04227393563579278,0.3333333333333333,,1.8389655482128884,3186412.06865341,0.0,3798024.93134659,3798024.93134659,0,False
2015-01-29,2015-01-28,2014-12-31,0.04227393563579278,0.3333333333333333,,1.8496142152383275,3186282.8394161575,0.0,3750270.1605838425,3750270.1605838425,0,False
2015-01-30,2015-01-29,2014-12-31,0.04227393563579278,0.3333333333333333,,1.8689764273973195,3186588.3733870606,0.0,3667059.6266129394,3667059.6266129394,0,False
2015-02-02,2015-01-30,2015-01-30,0.045237821829855536,0.35,,1.9082590377937192,3187505.0631931033,0.0,3509466.9368068967,3509466.9368068967,0,False
2015-02-03,2015-02-02,2015-01-30,0.045237821829855536,0.35,,1.8557358974189169,3187810.7143635466,0.0,3725227.2856364534,3725227.2856364534,0,False
2015-02-04,2015-02-03,2015-01-30,0.045237821829855536,0.35,,1.8456884014308155,3188116.394843006,0.0,3769847.605156994,3769847.605156994,0,False
2015-02-05,2015-02-04,2015-01-30,0.045237821829855536,0.35,,1.87626756049566,3188422.1046342924,0.0,3638639.8953657076,3638639.8953657076,0,False
2015-02-06,2015-02-05,2015-01-30,0.045237821829855536,0.35,,1.9326244016343903,3188727.8437402165,0.0,3419091.1562597835,3419091.1562597835,0,False
2015-02-09,2015-02-06,2015-01-30,0.045237821829855536,0.35,,1.9183608188473162,3189645.1490103337,0.0,3473193.8509896663,3473193.8509896663,0,False
2015-02-10,2015-02-09,2015-01-30,0.045237821829855536,0.35,,1.8917424804421592,3189951.0053944853,0.0,3577210.9946055147,3577210.9946055147,0,False
2015-02-11,2015-02-10,2015-01-30,0.045237821829855536,0.35,,1.891026906589922,3190256.8911073315,0.0,3580427.1088926685,3580427.1088926685,0,False
2015-02-12,2015-02-11,2015-01-30,0.045237821829855536,0.35,,1.8943460757840627,3190562.8061516844,0.0,3567481.1938483156,3567481.1938483156,0,False
2015-02-13,2015-02-12,2015-01-30,0.045237821829855536,0.35,,1.8673440440160165,3190868.7505303565,0.0,3678896.2494696435,3678896.2494696435,0,False
2015-02-16,2015-02-13,2015-01-30,0.045237821829855536,0.35,,1.8633884172176793,3191786.671677769,0.0,3696814.328322231,3696814.328322231,0,False
2015-02-17,2015-02-16,2015-01-30,0.045237821829855536,0.35,,1.8557358794363403,3192092.7334134094,0.0,3730231.2665865906,3730231.2665865906,0,False
2015-02-25,2015-02-17,2015-01-30,0.045237821829855536,0.35,,1.882218624344152,3194541.462085617,0.0,3621031.537914383,3621031.537914383,0,False
2015-02-26,2015-02-25,2015-01-30,0.045237821829855536,0.35,,1.8368660923001916,3194847.7879792415,0.0,3817633.2120207585,3817633.2120207585,0,False
2015-02-27,2015-02-26,2015-01-30,0.045237821829855536,0.35,,1.8335270560114834,3195154.143246582,0.0,3833293.856753418,3833293.856753418,0,False
2015-03-02,2015-02-27,2015-02-27,0.044319012490242005,0.3333333333333333,,1.8157144278060202,3196073.2971782004,0.0,3918127.7028217996,3918127.7028217996,0,False
2015-03-03,2015-03-02,2015-02-27,0.044319012490242005,0.3333333333333333,,1.8669923117864988,3196379.7699601217,0.0,3686745.2300398783,3686745.2300398783,0,False
2015-03-04,2015-03-03,2015-02-27,0.044319012490242005,0.3333333333333333,,1.8527933533219294,3196686.272129844,0.0,3748488.727870156,3748488.727870156,0,False
2015-03-05,2015-03-04,2015-02-27,0.044319012490242005,0.3333333333333333,,1.8849752693439248,3196992.8036901853,0.0,3612522.1963098147,3612522.1963098147,0,False
2015-03-06,2015-03-05,2015-02-27,0.044319012490242005,0.3333333333333333,,1.8637416959039357,3197299.364643964,0.0,3701684.635356036,3701684.635356036,0,False
2015-03-09,2015-03-06,2015-02-27,0.044319012490242005,0.3333333333333333,,1.8419093790478376,3198219.135694067,0.0,3798768.864305933,3798768.864305933,0,False
2015-03-10,2015-03-09,2015-02-27,0.044319012490242005,0.3333333333333333,,1.8528066822140339,3198525.8142413255,0.0,3750587.1857586745,3750587.1857586745,0,False
2015-03-11,2015-03-10,2015-02-27,0.044319012490242005,0.3333333333333333,,1.8678199613267756,3198832.522196116,0.0,3686055.477803884,3686055.477803884,0,False
2015-03-12,2015-03-11,2015-02-27,0.044319012490242005,0.3333333333333333,,1.8390756347813777,3199139.259561258,0.0,3812694.740438742,3812694.740438742,0,False
2015-03-13,2015-03-12,2015-02-27,0.044319012490242005,0.3333333333333333,,1.8193096704549667,3199446.026339572,0.0,3905050.973660428,3905050.973660428,0,False
2015-03-16,2015-03-13,2015-02-27,0.044319012490242005,0.3333333333333333,,1.8027942939957116,3200366.4149224916,0.0,3986533.5850775084,3986533.5850775084,0,False
2015-03-17,2015-03-16,2015-02-27,0.044319012490242005,0.3333333333333333,,1.7849549749830471,3200673.2993732374,0.0,4077524.7006267626,4077524.7006267626,0,False
2015-03-18,2015-03-17,2015-02-27,0.044319012490242005,0.3333333333333333,,1.7498817243881917,3200980.2132512596,0.0,4268646.786748741,4268646.786748741,0,False
2015-03-19,2015-03-18,2015-02-27,0.044319012490242005,0.3333333333333333,,1.6987075475445952,2988848.82303938,0.0,4277682.17696062,4277682.17696062,0,False
2015-03-20,2015-03-19,2015-02-27,0.044319012490242005,0.3333333333333333,,1.6658337171085196,2805998.9089624444,819.255521129242,4213033.346558685,4213033.346558685,0,False
2015-03-23,2015-03-20,2015-02-27,0.044319012490242005,0.3333333333333333,,1.6660073301676017,2888023.7418869073,0.0,4336324.258113093,4336324.258113093,0,False
2015-03-24,2015-03-23,2015-02-27,0.044319012490242005,0.3333333333333333,,1.6815432268011452,2888300.675670376,0.0,4237883.324329624,4237883.324329624,0,False
2015-03-25,2015-03-24,2015-02-27,0.044319012490242005,0.3333333333333333,,1.7011249691877504,2888577.636009139,0.0,4119918.363990861,4119918.363990861,0,False
2015-03-26,2015-03-25,2015-02-27,0.044319012490242005,0.3333333333333333,,1.665808728161235,2828464.289144776,909.5836990329844,4246797.294554257,4246797.294554257,0,False
2015-03-27,2015-03-26,2015-02-27,0.044319012490242005,0.3333333333333333,,1.665882812890053,2890787.839868812,0.0,4341286.160131188,4341286.160131188,0,False
2015-03-30,2015-03-27,2015-02-27,0.044319012490242005,0.3333333333333333,,1.6658119659130735,3036600.3553306917,0.0,4560747.644669308,4560747.644669308,0,False
2015-03-31,2015-03-30,2015-02-27,0.044319012490242005,0.3333333333333333,,1.6659293156772703,2962472.87089967,418.71359298774996,4448000.842693318,4448000.842693318,0,False
2015-04-01,2015-03-31,2015-03-31,0.03267329322268325,0.18333333333333332,,1.6659343640540434,3034340.750747727,0.0,4556516.249252273,4556516.249252273,0,False
2015-04-02,2015-04-01,2015-03-31,0.03267329322268325,0.18333333333333332,,1.6659013010778507,3125221.9820793057,0.0,4693221.017920694,4693221.017920694,0,False
2015-04-03,2015-04-02,2015-03-31,0.03267329322268325,0.18333333333333332,,1.6659471876219254,3134243.886819505,0.0,4706445.113180495,4706445.113180495,0,False
2015-04-07,2015-04-03,2015-03-31,0.03267329322268325,0.18333333333333332,,1.6658832054043653,3280541.3190569156,0.0,4926601.680943085,4926601.680943085,0,False
2015-04-08,2015-04-07,2015-03-31,0.03267329322268325,0.18333333333333332,,1.6659830760168266,3313215.5128821675,0.0,4974924.4871178325,4974924.4871178325,0,False
2015-04-09,2015-04-08,2015-03-31,0.03267329322268325,0.18333333333333332,,1.6658811518223804,3222158.4704927914,690.6168634984552,4837902.146370707,4837902.146370707,0,False
2015-04-10,2015-04-09,2015-03-31,0.03267329322268325,0.18333333333333332,,1.6659724889735785,3317659.498779203,0.0,4981676.501220797,4981676.501220797,0,False
2015-04-13,2015-04-10,2015-03-31,0.03267329322268325,0.18333333333333332,,1.6659169390597242,3377395.720137482,0.0,5071797.2798625175,5071797.2798625175,0,False
2015-04-14,2015-04-13,2015-03-31,0.03267329322268325,0.18333333333333332,,1.6659705136491356,3352624.9657192966,270.3378982399479,5033788.372178943,5033788.372178943,0,False
2015-04-15,2015-04-14,2015-03-31,0.03267329322268325,0.18333333333333332,,1.690590141314515,3321961.787256811,0.0,4810323.212743189,4810323.212743189,0,False
2015-04-16,2015-04-15,2015-03-31,0.03267329322268325,0.18333333333333332,,1.665856023222793,3456792.9257277804,0.0,5191502.074272219,5191502.074272219,0,False
2015-04-17,2015-04-16,2015-03-31,0.03267329322268325,0.18333333333333332,,1.6659191579996344,3610915.2017220287,0.0,5422452.798277971,5422452.798277971,0,False
2015-04-20,2015-04-17,2015-03-31,0.03267329322268325,0.18333333333333332,,1.6821705556929918,3611953.958149921,0.0,5294796.041850079,5294796.041850079,0,False
2015-04-21,2015-04-20,2015-03-31,0.03267329322268325,0.18333333333333332,,1.6656819947066184,3769655.9713993333,0.0,5662848.028600667,5662848.028600667,0,False
2015-04-22,2015-04-21,2015-03-31,0.03267329322268325,0.18333333333333332,,1.6659919509000183,3873267.1981696044,0.0,5815786.801830396,5815786.801830396,0,False
2015-04-23,2015-04-22,2015-03-31,0.03267329322268325,0.18333333333333332,,1.6658442063097563,3876205.6329729906,0.0,5821490.367027009,5821490.367027009,0,False
2015-04-24,2015-04-23,2015-03-31,0.03267329322268325,0.18333333333333332,,1.6938800784219294,3876577.3239240977,0.0,5586811.676075902,5586811.676075902,0,False
2015-04-27,2015-04-24,2015-03-31,0.03267329322268325,0.18333333333333332,,1.665816854921546,3997684.945852213,0.0,6004181.054147787,6004181.054147787,0,False
2015-04-28,2015-04-27,2015-03-31,0.03267329322268325,0.18333333333333332,,1.6973391481023314,3998068.285504555,0.0,5733319.714495445,5733319.714495445,0,False
2015-04-29,2015-04-28,2015-03-31,0.03267329322268325,0.18333333333333332,,1.7042616978814518,3998451.6619154937,0.0,5677508.338084506,5677508.338084506,0,False
2015-04-30,2015-04-29,2015-03-31,0.03267329322268325,0.18333333333333332,,1.7125439995339702,3954228.838428554,0.0,5549452.161571446,5549452.161571446,0,False
2015-05-04,2015-04-30,2015-04-30,0.02681063088057902,0.06666666666666667,1.0,0.9999095632641274,0.0,513.4422180762394,5677363.442218076,5677363.442218076,7,False
2015-05-05,2015-05-04,2015-04-30,0.02681063088057902,0.06666666666666667,1.0,0.9999044974267494,0.0,513.4422180762394,5376213.442218076,5376213.442218076,0,False
2015-05-06,2015-05-05,2015-04-30,0.02681063088057902,0.06666666666666667,1.0,0.9999015972979693,0.0,513.4422180762394,5217765.442218076,5217765.442218076,0,False
2015-05-07,2015-05-06,2015-04-30,0.02681063088057902,0.06666666666666667,1.0,0.9999007128836265,0.0,513.4422180762394,5171287.442218076,5171287.442218076,0,False
2015-05-08,2015-05-07,2015-04-30,0.02681063088057902,0.06666666666666667,1.0,0.9999022913080532,0.0,513.4422180762394,5254826.442218076,5254826.442218076,0,False
2015-05-11,2015-05-08,2015-04-30,0.02681063088057902,0.06666666666666667,1.0,0.9999050501661415,0.0,513.4422180762394,5407510.442218076,5407510.442218076,0,False
2015-05-12,2015-05-11,2015-04-30,0.02681063088057902,0.06666666666666667,1.0,0.9999044290400517,0.0,513.4422180762394,5372366.442218076,5372366.442218076,0,False
2015-05-13,2015-05-12,2015-04-30,0.02681063088057902,0.06666666666666667,1.0,0.9999034848477839,0.0,513.4422180762394,5319809.442218076,5319809.442218076,0,False
2015-05-14,2015-05-13,2015-04-30,0.02681063088057902,0.06666666666666667,1.0,0.999903292461969,0.0,513.4422180762394,5309226.442218076,5309226.442218076,0,False
2015-05-15,2015-05-14,2015-04-30,0.02681063088057902,0.06666666666666667,1.0,0.9999008291933364,0.0,513.4422180762394,5177352.442218076,5177352.442218076,0,False
2015-05-18,2015-05-15,2015-04-30,0.02681063088057902,0.06666666666666667,1.0,0.9998999015915371,0.0,513.4422180762394,5129374.4422180755,5129374.4422180755,0,False
2015-05-19,2015-05-18,2015-04-30,0.02681063088057902,0.06666666666666667,1.0,0.9999027417093234,0.0,513.4422180762394,5279161.442218076,5279161.442218076,0,False
2015-05-20,2015-05-19,2015-04-30,0.02681063088057902,0.06666666666666667,1.0,0.9999028827540579,0.0,513.4422180762394,5286828.442218076,5286828.442218076,0,False
2015-05-21,2015-05-20,2015-04-30,0.02681063088057902,0.06666666666666667,1.0,0.9999055643005149,0.0,513.4422180762394,5436950.442218076,5436950.442218076,0,False
2015-05-22,2015-05-21,2015-04-30,0.02681063088057902,0.06666666666666667,1.0,0.9999076440358157,0.0,513.4422180762394,5559383.442218076,5559383.442218076,0,False
2015-05-25,2015-05-22,2015-04-30,0.02681063088057902,0.06666666666666667,1.0,0.999909649375794,0.0,513.4422180762394,5682774.442218076,5682774.442218076,0,False
2015-05-26,2015-05-25,2015-04-30,0.02681063088057902,0.06666666666666667,1.0,0.9999111640859033,0.0,513.4422180762394,5779669.442218076,5779669.442218076,0,False
2015-05-27,2015-05-26,2015-04-30,0.02681063088057902,0.06666666666666667,1.0,0.9999123477022499,0.0,513.4422180762394,5857715.442218076,5857715.442218076,0,False
2015-05-28,2015-05-27,2015-04-30,0.02681063088057902,0.06666666666666667,1.0,0.9999060034793597,0.0,513.4422180762394,5462353.442218076,5462353.442218076,0,False
2015-05-29,2015-05-28,2015-04-30,0.02681063088057902,0.06666666666666667,1.0,0.9999065509472539,0.0,513.4422180762394,5494354.442218076,5494354.442218076,0,False
2015-06-01,2015-05-29,2015-05-29,0.025245510403916767,0.0,1.0,0.9999129409010576,0.0,513.4422180762394,5897628.442218076,5897628.442218076,0,False
2015-06-02,2015-06-01,2015-05-29,0.025245510403916767,0.0,1.0,0.9999133615748871,0.0,513.4422180762394,5926264.442218076,5926264.442218076,0,False
2015-06-03,2015-06-02,2015-05-29,0.025245510403916767,0.0,1.0,0.9999127593231031,0.0,513.4422180762394,5885353.442218076,5885353.442218076,0,False
2015-06-04,2015-06-03,2015-05-29,0.025245510403916767,0.0,1.0,0.9999136431329245,0.0,513.4422180762394,5945586.442218076,5945586.442218076,0,False
2015-06-05,2015-06-04,2015-05-29,0.025245510403916767,0.0,1.0,0.999914795254018,0.0,513.4422180762394,6025981.442218076,6025981.442218076,0,False
2015-06-08,2015-06-05,2015-05-29,0.025245510403916767,0.0,1.0,0.9999168787673751,0.0,513.4422180762394,6177028.442218076,6177028.442218076,0,False
2015-06-09,2015-06-08,2015-05-29,0.025245510403916767,0.0,1.0,0.9999202817913009,0.0,513.4422180762394,6440714.442218076,6440714.442218076,0,False
2015-06-10,2015-06-09,2015-05-29,0.025245510403916767,0.0,1.0,0.9998556953680746,0.0,922.1184480762167,6390082.118448077,6390082.118448077,0,False
2015-06-11,2015-06-10,2015-05-29,0.025245510403916767,0.0,1.0,0.9998536934670867,0.0,922.1184480762167,6302647.118448077,6302647.118448077,0,False
2015-06-12,2015-06-11,2015-05-29,0.025245510403916767,0.0,1.0,0.9996930183165663,0.0,1983.0931080762166,6459972.093108077,6459972.093108077,0,False
2015-06-15,2015-06-12,2015-05-29,0.025245510403916767,0.0,1.0,0.9998462677378263,0.0,981.3810080762196,6383702.3810080765,6383702.3810080765,0,False
2015-06-16,2015-06-15,2015-05-29,0.025245510403916767,0.0,1.0,0.9998406740480078,0.0,981.3810080762196,6159580.3810080765,6159580.3810080765,0,False
2015-06-17,2015-06-16,2015-05-29,0.025245510403916767,0.0,1.0,0.999843383894623,0.0,981.3810080762196,6266156.3810080765,6266156.3810080765,0,False
2015-06-18,2015-06-17,2015-05-29,0.025245510403916767,0.0,1.0,0.9999302426975806,0.0,412.09136807622053,5907501.491368076,5907501.491368076,0,False
2015-06-19,2015-06-18,2015-05-29,0.025245510403916767,0.0,1.0,0.999930905680633,0.0,380.8207080762222,5511606.620708076,5511606.620708076,0,False
2015-06-23,2015-06-19,2015-05-29,0.025245510403916767,0.0,1.0,0.9998750882605353,0.0,716.2207080762222,5733814.220708076,5733814.220708076,0,False
2015-06-24,2015-06-23,2015-05-29,0.025245510403916767,0.0,1.0,0.9998806690269361,0.0,716.2207080762222,6001968.220708076,6001968.220708076,0,False
2015-06-25,2015-06-24,2015-05-29,0.025245510403916767,0.0,1.0,0.9998759402974646,0.0,716.2207080762222,5773193.820708076,5773193.820708076,0,False
2015-06-26,2015-06-25,2015-05-29,0.025245510403916767,0.0,1.0,0.9998994047992938,0.0,535.793658076218,5326234.793658076,5326234.793658076,0,False
2015-06-29,2015-06-26,2015-05-29,0.025245510403916767,0.0,1.0,0.999899034123381,0.0,535.793658076218,5306680.593658077,5306680.593658077,0,False
2015-06-30,2015-06-29,2015-05-29,0.025245510403916767,0.0,1.0,0.9999052372851309,0.0,535.793658076218,5654055.593658077,5654055.593658077,0,False
2015-07-01,2015-06-30,2015-06-30,0.026097246430788333,0.05,1.0,0.9999001258677419,0.0,535.793658076218,5364688.993658076,5364688.993658076,0,False
2015-07-02,2015-07-01,2015-06-30,0.026097246430788333,0.05,1.0,0.9998937534332741,0.0,535.793658076218,5042926.793658076,5042926.793658076,0,False
2015-07-03,2015-07-02,2015-06-30,0.026097246430788333,0.05,1.0,0.9996555891336028,0.0,1632.4260280761919,4739763.426028077,4739763.426028077,0,False
2015-07-06,2015-07-03,2015-06-30,0.026097246430788333,0.05,1.0,0.9996720977204844,0.0,1632.4260280761919,4978391.826028076,4978391.826028076,0,False
2015-07-07,2015-07-06,2015-06-30,0.026097246430788333,0.05,1.0,0.9996828526048488,0.0,1632.4260280761919,5147215.626028076,5147215.626028076,0,False
2015-07-08,2015-07-07,2015-06-30,0.026097246430788333,0.05,1.0,0.9998931667298548,0.0,519.882388076192,4866296.682388077,4866296.682388077,0,False
2015-07-09,2015-07-08,2015-06-30,0.026097246430788333,0.05,1.0,0.9999028741954812,0.0,519.882388076192,5352670.082388076,5352670.082388076,0,False
2015-07-10,2015-07-09,2015-06-30,0.026097246430788333,0.05,1.0,0.9999097622908842,0.0,519.882388076192,5761254.282388076,5761254.282388076,0,False
2015-07-13,2015-07-10,2015-06-30,0.026097246430788333,0.05,1.0,0.9999096198570618,0.0,519.882388076192,5752174.882388076,5752174.882388076,0,False
2015-07-14,2015-07-13,2015-06-30,0.026097246430788333,0.05,1.0,0.9999030885580465,0.0,519.882388076192,5364509.882388076,5364509.882388076,0,False
2015-07-15,2015-07-14,2015-06-30,0.026097246430788333,0.05,1.0,0.9998994845329131,0.0,519.882388076192,5172163.082388076,5172163.082388076,0,False
2015-07-16,2015-07-15,2015-06-30,0.026097246430788333,0.05,1.0,0.999900625622972,0.0,519.882388076192,5231553.682388077,5231553.682388077,0,False
2015-07-17,2015-07-16,2015-06-30,0.026097246430788333,0.05,1.0,0.999903886116374,0.0,519.882388076192,5409024.882388076,5409024.882388076,0,False
2015-07-20,2015-07-17,2015-06-30,0.026097246430788333,0.05,1.0,0.9999009081270914,0.0,519.882388076192,5246468.482388076,5246468.482388076,0,False
2015-07-21,2015-07-20,2015-06-30,0.026097246430788333,0.05,1.0,0.9999003955001937,0.0,519.882388076192,5219466.882388076,5219466.882388076,0,False
2015-07-22,2015-07-21,2015-06-30,0.026097246430788333,0.05,1.0,0.9998998467501579,0.0,519.882388076192,5190868.882388076,5190868.882388076,0,False
2015-07-23,2015-07-22,2015-06-30,0.026097246430788333,0.05,1.0,0.9999017997565924,0.0,519.882388076192,5294104.882388076,5294104.882388076,0,False
2015-07-24,2015-07-23,2015-06-30,0.026097246430788333,0.05,1.0,0.9999004975673275,0.0,519.882388076192,5224820.882388076,5224820.882388076,0,False
2015-07-27,2015-07-24,2015-06-30,0.026097246430788333,0.05,1.0,0.9998894409018374,0.0,519.882388076192,4702303.082388076,4702303.082388076,0,False
2015-07-28,2015-07-27,2015-06-30,0.026097246430788333,0.05,1.0,0.999887620417363,0.0,519.882388076192,4626128.482388076,4626128.482388076,0,False
2015-07-29,2015-07-28,2015-06-30,0.026097246430788333,0.05,1.0,0.9998915484849691,0.0,519.882388076192,4793684.882388076,4793684.882388076,0,False
2015-07-30,2015-07-29,2015-06-30,0.026097246430788333,0.05,1.0,0.9998875331984501,0.0,519.882388076192,4622540.882388076,4622540.882388076,0,False
2015-07-31,2015-07-30,2015-06-30,0.026097246430788333,0.05,1.0,0.9998894640325013,0.0,519.882388076192,4703287.082388076,4703287.082388076,0,False
2015-08-03,2015-07-31,2015-07-31,0.0376069001447178,0.2833333333333333,,0.9998934841784325,0.0,519.882388076192,4880799.682388077,4880799.682388077,0,False
2015-08-04,2015-08-03,2015-07-31,0.0376069001447178,0.2833333333333333,,0.9998966081224425,0.0,519.882388076192,5028271.082388077,5028271.082388077,0,False
2015-08-05,2015-08-04,2015-07-31,0.0376069001447178,0.2833333333333333,,0.9998947254638225,0.0,519.882388076192,4938348.882388076,4938348.882388076,0,False
2015-08-06,2015-08-05,2015-07-31,0.0376069001447178,0.2833333333333333,,0.9998938478899312,0.0,519.882388076192,4897522.882388076,4897522.882388076,0,False
2015-08-07,2015-08-06,2015-07-31,0.0376069001447178,0.2833333333333333,,0.999894978064353,0.0,519.882388076192,4950226.682388077,4950226.682388077,0,False
2015-08-10,2015-08-07,2015-07-31,0.0376069001447178,0.2833333333333333,,0.9999004577223789,0.0,519.882388076192,5222729.482388076,5222729.482388076,0,False
2015-08-11,2015-08-10,2015-07-31,0.0376069001447178,0.2833333333333333,,0.9999007776289845,0.0,519.882388076192,5239568.282388076,5239568.282388076,0,False
2015-08-12,2015-08-11,2015-07-31,0.0376069001447178,0.2833333333333333,,0.9999023798309195,0.0,519.882388076192,5325563.282388076,5325563.282388076,0,False
2015-08-13,2015-08-12,2015-07-31,0.0376069001447178,0.2833333333333333,,0.9999020459394667,0.0,519.882388076192,5307410.282388076,5307410.282388076,0,False
2015-08-14,2015-08-13,2015-07-31,0.0376069001447178,0.2833333333333333,,0.9999018573804072,0.0,519.882388076192,5297213.282388076,5297213.282388076,0,False
2015-08-17,2015-08-14,2015-07-31,0.0376069001447178,0.2833333333333333,,0.9999008450523348,0.0,519.882388076192,5243131.082388076,5243131.082388076,0,False
2015-08-18,2015-08-17,2015-07-31,0.0376069001447178,0.2833333333333333,,0.9998926010459828,0.0,519.882388076192,4840665.282388076,4840665.282388076,0,False
2015-08-19,2015-08-18,2015-07-31,0.0376069001447178,0.2833333333333333,,0.9998935942336744,0.0,519.882388076192,4885847.882388076,4885847.882388076,0,False
2015-08-20,2015-08-19,2015-07-31,0.0376069001447178,0.2833333333333333,,0.9998890561340497,0.0,519.882388076192,4685994.882388076,4685994.882388076,0,False
2015-08-21,2015-08-20,2015-07-31,0.0376069001447178,0.2833333333333333,,0.9998858322937323,0.0,519.882388076192,4553672.882388077,4553672.882388077,0,False
2015-08-24,2015-08-21,2015-07-31,0.0376069001447178,0.2833333333333333,,0.9799753725987466,0.0,82069.66718807619,4098436.6671880763,4098436.6671880763,0,False
2015-08-25,2015-08-24,2015-07-31,0.0376069001447178,0.2833333333333333,,0.9782890099485372,0.0,82069.66718807619,3780097.867188076,3780097.867188076,0,False
2015-08-26,2015-08-25,2015-07-31,0.0376069001447178,0.2833333333333333,,0.9784853516440204,0.0,82069.66718807619,3814594.867188076,3814594.867188076,0,False
2015-08-27,2015-08-26,2015-07-31,0.0376069001447178,0.2833333333333333,,0.9794548342199176,0.0,82069.66718807619,3994597.467188076,3994597.467188076,0,False
2015-08-28,2015-08-27,2015-07-31,0.0376069001447178,0.2833333333333333,,0.9804268117488567,0.0,82069.66718807619,4192963.6671880763,4192963.6671880763,0,False
2015-08-31,2015-08-28,2015-07-31,0.0376069001447178,0.2833333333333333,,0.9805812332688751,0.0,82069.66718807619,4226306.867188076,4226306.867188076,0,False
2015-09-01,2015-08-31,2015-08-31,0.0522911993156544,0.38333333333333336,,0.9809212669050508,0.0,82069.66718807619,4301630.867188076,4301630.867188076,0,False
2015-09-02,2015-09-01,2015-08-31,0.0522911993156544,0.38333333333333336,,0.9813988970436424,0.0,82069.66718807619,4412086.067188076,4412086.067188076,0,False
2015-09-07,2015-09-02,2015-08-31,0.0522911993156544,0.38333333333333336,,0.9801685321929227,0.0,82069.66718807619,4138355.6671880763,4138355.6671880763,0,False
2015-09-08,2015-09-07,2015-08-31,0.0522911993156544,0.38333333333333336,,0.9804531137969333,0.0,82069.66718807619,4198605.667188076,4198605.667188076,0,False
2015-09-09,2015-09-08,2015-08-31,0.0522911993156544,0.38333333333333336,,0.9808514582042531,0.0,82069.66718807619,4285948.667188076,4285948.667188076,0,False
2015-09-10,2015-09-09,2015-08-31,0.0522911993156544,0.38333333333333336,,0.9809038151700876,0.0,82069.66718807619,4297699.667188076,4297699.667188076,0,False
2015-09-11,2015-09-10,2015-08-31,0.0522911993156544,0.38333333333333336,,0.9806495839023596,0.0,82069.66718807619,4241235.267188076,4241235.267188076,0,False
2015-09-14,2015-09-11,2015-08-31,0.0522911993156544,0.38333333333333336,,0.980751392089102,0.0,82069.66718807619,4263667.667188076,4263667.667188076,0,False
2015-09-15,2015-09-14,2015-08-31,0.0522911993156544,0.38333333333333336,,0.9800717338310164,0.0,82069.66718807619,4118254.2671880764,4118254.2671880764,0,False
2015-09-16,2015-09-15,2015-08-31,0.0522911993156544,0.38333333333333336,,0.9809672335202864,0.0,82069.66718807619,4312019.867188076,4312019.867188076,0,False
2015-09-17,2015-09-16,2015-08-31,0.0522911993156544,0.38333333333333336,,0.9802193056075377,0.0,82069.66718807619,4148978.067188076,4148978.067188076,0,False
2015-09-18,2015-09-17,2015-08-31,0.0522911993156544,0.38333333333333336,,0.9801455100645543,0.0,82069.66718807619,4133557.067188076,4133557.067188076,0,False
2015-09-21,2015-09-18,2015-08-31,0.0522911993156544,0.38333333333333336,,0.980231851706178,0.0,82069.66718807619,4151611.267188076,4151611.267188076,0,False
2015-09-22,2015-09-21,2015-08-31,0.0522911993156544,0.38333333333333336,,0.9804623749146774,0.0,82069.66718807619,4200595.867188076,4200595.867188076,0,False
2015-09-23,2015-09-22,2015-08-31,0.0522911993156544,0.38333333333333336,,0.9797402090707208,0.0,82069.66718807619,4050864.467188076,4050864.467188076,0,False
2015-09-24,2015-09-23,2015-08-31,0.0522911993156544,0.38333333333333336,,0.9799578148157359,0.0,82069.66718807619,4094846.2671880764,4094846.2671880764,0,False
2015-09-25,2015-09-24,2015-08-31,0.0522911993156544,0.38333333333333336,,0.979875543736246,0.0,82069.66718807619,4078106.067188076,4078106.067188076,0,False
2015-09-28,2015-09-25,2015-08-31,0.0522911993156544,0.38333333333333336,,0.9797694207871065,0.0,82069.66718807619,4056713.6671880763,4056713.6671880763,0,False
2015-09-29,2015-09-28,2015-08-31,0.0522911993156544,0.38333333333333336,,0.979174515281164,0.0,82069.66718807619,3940828.6671880763,3940828.6671880763,0,False
2015-09-30,2015-09-29,2015-08-31,0.0522911993156544,0.38333333333333336,,0.9793770652727058,0.0,82069.66718807619,3979533.867188076,3979533.867188076,0,False
2015-10-08,2015-09-30,2015-09-30,0.05676455971479501,0.45,,0.9802834510228889,0.0,82069.66718807619,4162476.2671880764,4162476.2671880764,0,False
2015-10-09,2015-10-08,2015-09-30,0.05676455971479501,0.45,,0.98055393253082,0.0,82069.66718807619,4220373.467188076,4220373.467188076,0,False
2015-10-12,2015-10-09,2015-09-30,0.05676455971479501,0.45,,0.9812306311475826,0.0,82069.66718807619,4372532.067188077,4372532.067188077,0,False
2015-10-13,2015-10-12,2015-09-30,0.05676455971479501,0.45,,0.9811372763410777,0.0,82069.66718807619,4350891.667188076,4350891.667188076,0,False
2015-10-14,2015-10-13,2015-09-30,0.05676455971479501,0.45,,0.9809160310071087,0.0,82069.66718807619,4300450.667188076,4300450.667188076,0,False
2015-10-15,2015-10-14,2015-09-30,0.05676455971479501,0.45,,0.9811808327035825,0.0,82069.66718807619,4360961.667188076,4360961.667188076,0,False
2015-10-16,2015-10-15,2015-09-30,0.05676455971479501,0.45,,0.9812734460103116,0.0,82069.66718807619,4382529.067188077,4382529.067188077,0,False
2015-10-19,2015-10-16,2015-09-30,0.05676455971479501,0.45,,0.9811324324896281,0.0,82069.66718807619,4349774.667188076,4349774.667188076,0,False
2015-10-20,2015-10-19,2015-09-30,0.05676455971479501,0.45,,0.9811408523429659,0.0,82069.66718807619,4351716.667188076,4351716.667188076,0,False
2015-10-21,2015-10-20,2015-09-30,0.05676455971479501,0.45,,0.9808543519745136,0.0,82069.66718807619,4286596.467188076,4286596.467188076,0,False
2015-10-22,2015-10-21,2015-09-30,0.05676455971479501,0.45,,0.980863223488913,0.0,82069.66718807619,4288583.667188076,4288583.667188076,0,False
2015-10-23,2015-10-22,2015-09-30,0.05676455971479501,0.45,,0.9811027253037945,0.0,82069.66718807619,4342936.667188076,4342936.667188076,0,False
2015-10-26,2015-10-23,2015-09-30,0.05676455971479501,0.45,,0.9812137272780943,0.0,82069.66718807619,4368597.667188076,4368597.667188076,0,False
2015-10-27,2015-10-26,2015-09-30,0.05676455971479501,0.45,,0.9810350548775097,0.0,82069.66718807619,4327440.267188076,4327440.267188076,0,False
2015-10-28,2015-10-27,2015-09-30,0.05676455971479501,0.45,,1.0304716553642725,130393.70121192382,0.0,4279180.098788076,4279180.098788076,0,False
2015-10-29,2015-10-28,2015-09-30,0.05676455971479501,0.45,,1.0793725454120473,343429.6347175195,0.0,4326806.365282481,4326806.365282481,0,False
2015-10-30,2015-10-29,2015-09-30,0.05676455971479501,0.45,,1.179639292877099,770906.579996328,0.0,4291414.020003672,4291414.020003672,0,False
2015-11-02,2015-10-30,2015-10-30,0.049785852090032154,0.31666666666666665,,1.2766163605848093,1173946.6527826283,0.0,4243952.347217372,4243952.347217372,0,False
2015-11-03,2015-11-02,2015-10-30,0.049785852090032154,0.31666666666666665,,1.3746178812788648,1596875.7277096075,0.0,4262678.872290392,4262678.872290392,0,False
2015-11-04,2015-11-03,2015-10-30,0.049785852090032154,0.31666666666666665,,1.4536516062571574,2035364.0643493878,0.0,4486623.735650612,4486623.735650612,0,False
2015-11-05,2015-11-04,2015-10-30,0.049785852090032154,0.31666666666666665,,1.5910571141835979,2709069.314205969,0.0,4583430.685794031,4583430.685794031,0,False
2015-11-06,2015-11-05,2015-10-30,0.049785852090032154,0.31666666666666665,,1.66598152742853,3101647.2382258247,0.0,4657257.161774175,4657257.161774175,0,False
2015-11-09,2015-11-06,2015-10-30,0.049785852090032154,0.31666666666666665,,1.6659478425022913,3191980.185770794,0.0,4793138.414229206,4793138.414229206,0,False
2015-11-10,2015-11-09,2015-10-30,0.049785852090032154,0.31666666666666665,,1.6683262316530725,3192286.26606258,0.0,4776538.93393742,4776538.93393742,0,False
2015-11-11,2015-11-10,2015-10-30,0.049785852090032154,0.31666666666666665,,1.677036256041113,3192592.375704531,0.0,4715541.224295469,4715541.224295469,0,False
2015-11-12,2015-11-11,2015-10-30,0.049785852090032154,0.31666666666666665,,1.686603278703055,3192898.514699462,0.0,4650281.485300538,4650281.485300538,0,False
2015-11-13,2015-11-12,2015-10-30,0.049785852090032154,0.31666666666666665,,1.7071586221358128,3193204.6830501864,0.0,4515542.316949814,4515542.316949814,0,False
2015-11-16,2015-11-13,2015-10-30,0.049785852090032154,0.31666666666666665,,1.6659740925976447,3020365.4936653273,213.32253714010585,4534939.428871813,4534939.428871813,0,False
2015-11-17,2015-11-16,2015-10-30,0.049785852090032154,0.31666666666666665,,1.6659745702867075,3021793.8086366206,0.0,4537401.191363379,4537401.191363379,0,False
2015-11-18,2015-11-17,2015-10-30,0.049785852090032154,0.31666666666666665,,1.6732925441789983,3022083.569686764,0.0,4488514.830313236,4488514.830313236,0,False
2015-11-19,2015-11-18,2015-10-30,0.049785852090032154,0.31666666666666665,,1.6660467521430167,3046325.362902214,0.0,4573741.037097787,4573741.037097787,0,False
2015-11-20,2015-11-19,2015-10-30,0.049785852090032154,0.31666666666666665,,1.6660520983545033,3013259.673188745,194.01213985390655,4523768.738951108,4523768.738951108,0,False
2015-11-23,2015-11-20,2015-10-30,0.049785852090032154,0.31666666666666665,,1.6660907647594767,2947088.9682100797,25.786260310492253,4424416.818050231,4424416.818050231,0,False
2015-11-24,2015-11-23,2015-10-30,0.049785852090032154,0.31666666666666665,,1.6660354346634443,2917443.250038306,275.20955052874365,4379899.159512223,4379899.159512223,0,False
2015-11-25,2015-11-24,2015-10-30,0.049785852090032154,0.31666666666666665,,1.6660936207289339,2946547.8360856874,0.0,4423624.163914313,4423624.163914313,0,False
2015-11-26,2015-11-25,2015-10-30,0.049785852090032154,0.31666666666666665,,1.6660424937809308,2976961.3081257427,0.0,4469626.691874257,4469626.691874257,0,False
2015-11-27,2015-11-26,2015-10-30,0.049785852090032154,0.31666666666666665,,1.6774036194353705,2787232.440718988,0.0,4114581.559281012,4114581.559281012,0,False
2015-11-30,2015-11-27,2015-10-30,0.049785852090032154,0.31666666666666665,,1.6674457616947722,2788034.2473115236,0.0,4177169.7526884764,4177169.7526884764,0,False
2015-12-01,2015-11-30,2015-11-30,0.05017617727639001,0.31666666666666665,,1.665977572263965,2821202.921971266,0.0,4236183.078028734,4236183.078028734,0,False
2015-12-02,2015-12-01,2015-11-30,0.05017617727639001,0.31666666666666665,,1.6660000906841983,2961459.5877788523,0.0,4446635.412221148,4446635.412221148,0,False
2015-12-03,2015-12-02,2015-11-30,0.05017617727639001,0.31666666666666665,,1.665972952994232,2976497.7107957625,0.0,4469397.289204238,4469397.289204238,0,False
2015-12-04,2015-12-03,2015-11-30,0.05017617727639001,0.31666666666666665,,1.6826454209492097,2976783.128384469,0.0,4360657.871615531,4360657.871615531,0,False
2015-12-07,2015-12-04,2015-11-30,0.05017617727639001,0.31666666666666665,,1.6660004736091727,2891854.941470826,97.69753380804127,4341974.756062983,4341974.756062983,0,False
2015-12-08,2015-12-07,2015-11-30,0.05017617727639001,0.31666666666666665,,1.665997145925319,2763827.0429662047,100.45216041544302,4149757.4091942105,4149757.4091942105,0,False
2015-12-09,2015-12-08,2015-11-30,0.05017617727639001,0.31666666666666665,,1.665987275089603,2872028.8995267586,0.0,4312438.100473242,4312438.100473242,0,False
2015-12-10,2015-12-09,2015-11-30,0.05017617727639001,0.31666666666666665,,1.6660192846968296,2857786.4864942254,21.563896005494485,4290814.0774017805,4290814.0774017805,0,False
2015-12-11,2015-12-10,2015-11-30,0.05017617727639001,0.31666666666666665,,1.666015335391722,2815459.7506920514,26.566423208748006,4227279.815731157,4227279.815731157,0,False
2015-12-14,2015-12-11,2015-11-30,0.05017617727639001,0.31666666666666665,,1.6659424006605545,2894459.2254564385,0.0,4346410.774543561,4346410.774543561,0,False
2015-12-15,2015-12-14,2015-11-30,0.05017617727639001,0.31666666666666665,,1.6686391105606926,2894736.7763410714,0.0,4329296.223658929,4329296.223658929,0,False
2015-12-16,2015-12-15,2015-11-30,0.05017617727639001,0.31666666666666665,,1.6659526158945255,2872377.8443424455,280.36447227271856,4312765.520129828,4312765.520129828,0,False
2015-12-17,2015-12-16,2015-11-30,0.05017617727639001,0.31666666666666665,,1.6659780058507927,2956201.0675020963,0.0,4438886.932497904,4438886.932497904,0,False
2015-12-18,2015-12-17,2015-11-30,0.05017617727639001,0.31666666666666665,,1.6660385802920141,2934311.0591343343,92.87148699833779,4405477.812352664,4405477.812352664,0,False
2015-12-21,2015-12-18,2015-11-30,0.05017617727639001,0.31666666666666665,,1.6659524668632617,3042664.1394273606,0.0,4568890.86057264,4568890.86057264,0,False
2015-12-22,2015-12-21,2015-11-30,0.05017617727639001,0.31666666666666665,,1.6660006472883722,3046354.9356321003,0.0,4574102.0643679,4574102.0643679,0,False
2015-12-23,2015-12-22,2015-11-30,0.05017617727639001,0.31666666666666665,,1.6731962155162317,3046647.0518588047,0.0,4525644.948141195,4525644.948141195,0,False
2015-12-24,2015-12-23,2015-11-30,0.05017617727639001,0.31666666666666665,,1.6659413017989213,3078450.511106654,0.0,4622705.488893346,4622705.488893346,0,False
2015-12-25,2015-12-24,2015-11-30,0.05017617727639001,0.31666666666666665,,1.665971557853657,3134471.8341912804,0.0,4706615.16580872,4706615.16580872,0,False
2015-12-28,2015-12-25,2015-11-30,0.05017617727639001,0.31666666666666665,,1.695130719113472,3135373.5315682394,0.0,4510480.468431761,4510480.468431761,0,False
2015-12-29,2015-12-28,2015-11-30,0.05017617727639001,0.31666666666666665,,1.6659788502244757,3015002.523572756,198.31974806497965,4526876.7961753085,4526876.7961753085,0,False
2015-12-30,2015-12-29,2015-11-30,0.05017617727639001,0.31666666666666665,,1.666014240529651,3010407.7031052914,46.269309572646875,4519965.5662042815,4519965.5662042815,0,False
2015-12-31,2015-12-30,2015-11-30,0.05017617727639001,0.31666666666666665,,1.6750757496944664,3010650.103027523,0.0,4459721.896972477,4459721.896972477,0,False
2016-01-04,2015-12-31,2015-12-31,0.04865195080707148,0.2833333333333333,,1.5413162434492031,2616580.884628584,490382.06510853005,3927831.180479946,3927831.180479946,0,False
2016-01-05,2016-01-04,2015-12-31,0.04865195080707148,0.2833333333333333,,1.665214872704764,2609295.6094587655,3111.1199023771333,3917808.5104436115,3917808.5104436115,0,False
2016-01-06,2016-01-05,2015-12-31,0.04865195080707148,0.2833333333333333,,1.6658473692062024,2839547.2332246928,0.0,4264561.766775307,4264561.766775307,0,False
2016-01-07,2016-01-06,2015-12-31,0.04865195080707148,0.2833333333333333,,1.705956816043569,2567010.033935824,0.0,3636213.966064176,3636213.966064176,0,False
2016-01-08,2016-01-07,2015-12-31,0.04865195080707148,0.2833333333333333,,1.6659562431124693,2627262.7855829136,0.0,3945098.2144170864,3945098.2144170864,0,False
2016-01-11,2016-01-08,2015-12-31,0.04865195080707148,0.2833333333333333,,1.1651769484235055,2324026.598043983,1747843.6408564495,3488277.0428124666,3488277.0428124666,0,False
2016-01-12,2016-01-11,2015-12-31,0.04865195080707148,0.2833333333333333,,1.1670454742711638,2298094.399170636,1721688.590117537,3450592.1909469003,3450592.1909469003,0,False
2016-01-13,2016-01-12,2015-12-31,0.04865195080707148,0.2833333333333333,,1.1691685925614315,2270120.1579365404,1693493.9836670822,3408588.8257305417,3408588.8257305417,0,False
2016-01-14,2016-01-13,2015-12-31,0.04865195080707148,0.2833333333333333,,1.216547983040474,2270337.840691411,1521292.0435370822,3459029.202845671,3459029.202845671,0,False
2016-01-15,2016-01-14,2015-12-31,0.04865195080707148,0.2833333333333333,,1.0379068026675318,2206574.8824785966,2081099.9879457084,3310089.105467112,3310089.105467112,0,False
2016-01-18,2016-01-15,2015-12-31,0.04865195080707148,0.2833333333333333,,1.0884318999009248,2174723.3246752564,1885963.7725054908,3265332.4478302347,3265332.4478302347,0,False
2016-01-19,2016-01-18,2015-12-31,0.04865195080707148,0.2833333333333333,,1.086165816484091,2174931.8597885813,1885963.7725054908,3353627.91271691,3353627.91271691,0,False
2016-01-20,2016-01-19,2015-12-31,0.04865195080707148,0.2833333333333333,,1.0880651451259262,2175140.414898424,1885963.7725054908,3283667.357607067,3283667.357607067,0,False
2016-01-21,2016-01-20,2015-12-31,0.04865195080707148,0.2833333333333333,,1.0895460726219153,2152306.0611441936,1862920.8436429824,3231690.782498789,3231690.782498789,0,False
2016-01-22,2016-01-21,2015-12-31,0.04865195080707148,0.2833333333333333,,1.136787600667748,2152512.446656906,1697702.6716429824,3324934.2249860764,3324934.2249860764,0,False
2016-01-25,2016-01-22,2015-12-31,0.04865195080707148,0.2833333333333333,,1.1356525008159633,2153131.6625662185,1697702.6716429824,3357321.009076764,3357321.009076764,0,False
2016-01-26,2016-01-25,2015-12-31,0.04865195080707148,0.2833333333333333,,1.145251689433108,2089154.4505682634,1633518.994965055,3136868.5443967916,3136868.5443967916,0,False
2016-01-27,2016-01-26,2015-12-31,0.04865195080707148,0.2833333333333333,,1.1446413456662918,2089354.780447085,1633518.994965055,3151490.21451797,3151490.21451797,0,False
2016-01-28,2016-01-27,2015-12-31,0.04865195080707148,0.2833333333333333,,0.7983605935302106,2059453.0623760032,2682844.0753454375,3091613.0129694347,3091613.0129694347,0,False
2016-01-29,2016-01-28,2015-12-31,0.04865195080707148,0.2833333333333333,,0.8009804100140901,2059650.544176505,2682844.0753454375,3131317.531168933,3131317.531168933,0,False
2016-02-01,2016-01-29,2016-01-29,0.06709198376313276,0.6166666666666667,,0.7967997073498259,2040608.701285758,2663209.7302433522,3063977.028957594,3063977.028957594,0,False
2016-02-02,2016-02-01,2016-01-29,0.06709198376313276,0.6166666666666667,,0.7986247185304646,2040804.3760927306,2663209.7302433522,3090773.3541506217,3090773.3541506217,0,False
2016-02-03,2016-02-02,2016-01-29,0.06709198376313276,0.6166666666666667,,0.7961724357624317,2033050.0219464875,2655259.682526799,3052627.6605803114,3052627.6605803114,0,False
2016-02-04,2016-02-03,2016-01-29,0.06709198376313276,0.6166666666666667,,0.7980414482391506,2033244.971948592,2655259.682526799,3079912.710578207,3079912.710578207,0,False
2016-02-05,2016-02-04,2016-01-29,0.06709198376313276,0.6166666666666667,,0.7976478057581795,2033439.9406445322,2655259.682526799,3072957.7418822665,3072957.7418822665,0,False
2016-02-15,2016-02-05,2016-01-29,0.06709198376313276,0.6166666666666667,,0.7976460992721377,2035389.8145602187,2655259.682526799,3063295.86796658,3063295.86796658,0,False
2016-02-16,2016-02-15,2016-01-29,0.06709198376313276,0.6166666666666667,,0.8014384190688695,2035584.9889259986,2655259.682526799,3120818.6936008004,3120818.6936008004,0,False
2016-02-17,2016-02-16,2016-01-29,0.06709198376313276,0.6166666666666667,,0.802653796820625,2035780.1820071284,2655259.682526799,3139049.5005196705,3139049.5005196705,0,False
2016-02-18,2016-02-17,2016-01-29,0.06709198376313276,0.6166666666666667,,0.8029013884094252,2035975.393805403,2655259.682526799,3142002.2887213957,3142002.2887213957,0,False
2016-02-19,2016-02-18,2016-01-29,0.06709198376313276,0.6166666666666667,,0.8021644231943313,2036170.6243226172,2655259.682526799,3129311.0582041815,3129311.0582041815,0,False
2016-02-22,2016-02-19,2016-01-29,0.06709198376313276,0.6166666666666667,,0.8066698245961627,2036756.3720364633,2655259.682526799,3199207.3104903353,3199207.3104903353,0,False
2016-02-23,2016-02-22,2016-01-29,0.06709198376313276,0.6166666666666667,,0.807920660390195,2036951.6774420012,2655259.682526799,3219024.0050847977,3219024.0050847977,0,False
2016-02-24,2016-02-23,2016-01-29,0.06709198376313276,0.6166666666666667,,0.8078400207856394,2037147.0015754546,2655259.682526799,3216656.6809513443,3216656.6809513443,0,False
2016-02-25,2016-02-24,2016-01-29,0.06709198376313276,0.6166666666666667,,0.797793669661027,2035212.9751667276,2653130.313254907,3055875.338088179,3055875.338088179,0,False
2016-02-26,2016-02-25,2016-01-29,0.06709198376313276,0.6166666666666667,,0.8015627235187018,2035408.1325753052,2653130.313254907,3112934.1806796016,3112934.1806796016,0,False
2016-02-29,2016-02-26,2016-01-29,0.06709198376313276,0.6166666666666667,,0.8055423834960206,2035993.6609422104,2653130.313254907,3173630.6523126964,3173630.6523126964,0,False
2016-03-01,2016-02-29,2016-02-29,0.06896388693957116,0.6833333333333333,,0.8078556995091883,2036188.893211068,2653130.313254907,3210823.420043839,3210823.420043839,0,False
2016-03-02,2016-03-01,2016-02-29,0.06896388693957116,0.6833333333333333,,0.8135512051804673,2036384.144200828,2653130.313254907,3307858.169054079,3307858.169054079,0,False
2016-03-03,2016-03-02,2016-02-29,0.06896388693957116,0.6833333333333333,,0.8119144797801107,2036579.4139132856,2653130.313254907,3278034.8993416214,3278034.8993416214,0,False
2016-03-04,2016-03-03,2016-02-29,0.06896388693957116,0.6833333333333333,,0.8150136400087881,2036774.7023502362,2653130.313254907,3331897.6109046703,3331897.6109046703,0,False
2016-03-07,2016-03-04,2016-02-29,0.06896388693957116,0.6833333333333333,,0.8157912341793627,2037360.6238399534,2653130.313254907,3342781.6894149533,3342781.6894149533,0,False
2016-03-08,2016-03-07,2016-02-29,0.06896388693957116,0.6833333333333333,,0.8651291466808856,2037555.987187445,2486824.021574907,3331098.034387462,3331098.034387462,0,False
2016-03-09,2016-03-08,2016-02-29,0.06896388693957116,0.6833333333333333,,0.9124028040088841,2037751.369268408,2323790.089814907,3265386.720546499,3265386.720546499,0,False
2016-03-10,2016-03-09,2016-02-29,0.06896388693957116,0.6833333333333333,,0.9592574624856437,2037946.7700846393,2166475.787144907,3154664.0170602677,3154664.0170602677,0,False
2016-03-11,2016-03-10,2016-02-29,0.06896388693957116,0.6833333333333333,,1.0100950037038285,2038142.189637935,2005622.0951849069,3221404.9055469725,3221404.9055469725,0,False
2016-03-14,2016-03-11,2016-02-29,0.06896388693957116,0.6833333333333333,,1.0598577806707556,2038728.5045144062,1841618.056724907,3292979.5522105005,3292979.5522105005,0,False
2016-03-15,2016-03-14,2016-02-29,0.06896388693957116,0.6833333333333333,,1.1607763089390695,2038923.9990285377,1517987.4612749068,3240132.4622463696,3240132.4622463696,0,False
2016-03-16,2016-03-15,2016-02-29,0.06896388693957116,0.6833333333333333,,1.2582065083876397,2039119.5122887185,1189405.3212149066,3290831.8089261884,3290831.8089261884,0,False
2016-03-17,2016-03-16,2016-02-29,0.06896388693957116,0.6833333333333333,,1.3518432060529533,2039315.0442967461,853960.4263349066,3368985.38203816,3368985.38203816,0,False
2016-03-18,2016-03-17,2016-02-29,0.06896388693957116,0.6833333333333333,,1.448643424738322,2039510.5950544185,514735.1156549066,3398635.5206004875,3398635.5206004875,0,False
2016-03-21,2016-03-18,2016-02-29,0.06896388693957116,0.6833333333333333,,1.641972167482978,2213258.8482368565,0.0,3447593.1517631435,3447593.1517631435,0,False
2016-03-22,2016-03-21,2016-02-29,0.06896388693957116,0.6833333333333333,,1.6659880543165646,2245117.394847372,0.0,3371107.605152628,3371107.605152628,0,False
2016-03-23,2016-03-22,2016-02-29,0.06896388693957116,0.6833333333333333,,1.6659894999980394,2277443.001077015,0.0,3419637.998922985,3419637.998922985,0,False
2016-03-24,2016-03-23,2016-02-29,0.06896388693957116,0.6833333333333333,,1.7150592121348136,2277661.3860223237,0.0,3185276.6139776763,3185276.6139776763,0,False
2016-03-25,2016-03-24,2016-02-29,0.06896388693957116,0.6833333333333333,,1.7099971648995977,2277879.791908655,0.0,3208294.208091345,3208294.208091345,0,False
2016-03-28,2016-03-25,2016-02-29,0.06896388693957116,0.6833333333333333,,1.7277642077392203,2278535.072396738,0.0,3130869.927603262,3130869.927603262,0,False
2016-03-29,2016-03-28,2016-02-29,0.06896388693957116,0.6833333333333333,,1.6916429285606673,2125442.1391112143,0.0,3073033.8608887857,3073033.8608887857,0,False
2016-03-30,2016-03-29,2016-02-29,0.06896388693957116,0.6833333333333333,,1.6659492632272141,2140021.5785514032,0.0,3213490.4214485968,3213490.4214485968,0,False
2016-03-31,2016-03-30,2016-02-29,0.06896388693957116,0.6833333333333333,,1.6660056932719305,2173347.0447800313,0.0,3263255.9552199687,3263255.9552199687,0,False
2016-04-01,2016-03-31,2016-03-31,0.05899358741258742,0.48333333333333334,,1.6659907470469972,2217462.8869413114,0.0,3329570.1130586886,3329570.1130586886,0,False
2016-04-05,2016-04-01,2016-03-31,0.05899358741258742,0.48333333333333334,,1.6659464249449503,2235727.594741371,0.0,3357218.405258629,3357218.405258629,0,False
2016-04-06,2016-04-05,2016-03-31,0.05899358741258742,0.48333333333333334,,1.67505657543426,2235941.979579223,0.0,3312229.020420777,3312229.020420777,0,False
2016-04-07,2016-04-06,2016-03-31,0.05899358741258742,0.48333333333333334,,1.6870594684126619,2236156.384974525,0.0,3254676.615025475,3254676.615025475,0,False
2016-04-08,2016-04-07,2016-03-31,0.05899358741258742,0.48333333333333334,,1.698313950911453,2236370.8109292486,0.0,3202529.1890707514,3202529.1890707514,0,False
2016-04-11,2016-04-08,2016-03-31,0.05899358741258742,0.48333333333333334,,1.6659624066618413,2248945.434477598,0.0,3376985.565522402,3376985.565522402,0,False
2016-04-12,2016-04-11,2016-03-31,0.05899358741258742,0.48333333333333334,,1.6659754973592764,2341491.1582295345,0.0,3515881.8417704655,3515881.8417704655,0,False
2016-04-13,2016-04-12,2016-03-31,0.05899358741258742,0.48333333333333334,,1.6659735158489455,2518099.084818954,0.0,3781079.915181046,3781079.915181046,0,False
2016-04-14,2016-04-13,2016-03-31,0.05899358741258742,0.48333333333333334,,1.6774308125557675,2518340.5463750325,0.0,3717487.4536249675,3717487.4536249675,0,False
2016-04-15,2016-04-14,2016-03-31,0.05899358741258742,0.48333333333333334,,1.6899483815798346,2518582.031084959,0.0,3650391.968915041,3650391.968915041,0,False
2016-04-18,2016-04-15,2016-03-31,0.05899358741258742,0.48333333333333334,,1.7019891106205416,2519306.554682942,0.0,3588811.445317058,3588811.445317058,0,False
2016-04-19,2016-04-18,2016-03-31,0.05899358741258742,0.48333333333333334,,1.7057761681087873,2519548.132023802,0.0,3569896.867976198,3569896.867976198,0,False
2016-04-20,2016-04-19,2016-03-31,0.05899358741258742,0.48333333333333334,,1.7397262768535695,2519789.7325296127,0.0,3406381.2674703873,3406381.2674703873,0,False
2016-04-21,2016-04-20,2016-03-31,0.05899358741258742,0.48333333333333334,,1.7327801350510745,2520031.356202595,0.0,3439000.643797405,3439000.643797405,0,False
2016-04-22,2016-04-21,2016-03-31,0.05899358741258742,0.48333333333333334,,1.7523160332331698,2520273.0030449703,0.0,3350018.9969550297,3350018.9969550297,0,False
2016-04-25,2016-04-22,2016-03-31,0.05899358741258742,0.48333333333333334,,1.6659113669619805,2289745.2872840967,415.2696571546694,3437889.982373058,3437889.982373058,0,False
2016-04-26,2016-04-25,2016-03-31,0.05899358741258742,0.48333333333333334,,1.6718537633923365,2289549.582243531,0.0,3407809.417756469,3407809.417756469,0,False
2016-04-27,2016-04-26,2016-03-31,0.05899358741258742,0.48333333333333334,,1.6981033509035257,2289769.128093883,0.0,3279985.871906117,3279985.871906117,0,False
2016-04-28,2016-04-27,2016-03-31,0.05899358741258742,0.48333333333333334,,1.6972939021248843,2289988.6949965768,0.0,3284108.3050034232,3284108.3050034232,0,False
2016-04-29,2016-04-28,2016-03-31,0.05899358741258742,0.48333333333333334,,1.6845657004601562,2288594.109153631,0.0,3343132.890846369,3343132.890846369,0,False
2016-05-03,2016-04-29,2016-04-29,0.05942622261484099,0.48333333333333334,,1.6660381470540373,2253088.039235908,33.3220936975581,3382771.282857789,3382771.282857789,0,False
2016-05-04,2016-05-03,2016-04-29,0.05942622261484099,0.48333333333333334,,1.6658703519652995,2200390.895390974,503.4033507545246,3303777.5079597807,3303777.5079597807,0,False
2016-05-05,2016-05-04,2016-04-29,0.05942622261484099,0.48333333333333334,,1.6660216717512695,2200132.6727073193,7.472159870580072,3303383.7994525507,3303383.7994525507,0,False
2016-05-06,2016-05-05,2016-04-29,0.05942622261484099,0.48333333333333334,,1.6659582734468206,2067104.045332383,196.012338784265,3103659.9670064007,3103659.9670064007,0,False
2016-05-09,2016-05-06,2016-04-29,0.05942622261484099,0.48333333333333334,,1.503884869259716,1887438.8855443723,459834.82426156825,2833194.938717196,2833194.938717196,0,False
2016-05-10,2016-05-09,2016-04-29,0.05942622261484099,0.48333333333333334,,1.554656862462648,1884895.8516502497,315240.806287051,2829956.9546368015,2829956.9546368015,0,False
2016-05-11,2016-05-10,2016-04-29,0.05942622261484099,0.48333333333333334,,1.5978514501872059,1885076.595088079,173043.14559705099,2863643.550508972,2863643.550508972,0,False
2016-05-12,2016-05-11,2016-04-29,0.05942622261484099,0.48333333333333334,,1.5960901032241082,1885257.355857471,173481.44670705099,2871673.0908495802,2871673.0908495802,0,False
2016-05-13,2016-05-12,2016-04-29,0.05942622261484099,0.48333333333333334,,1.5984833610991271,1885438.1339600876,173054.76786705098,2861204.6339069633,2861204.6339069633,0,False
2016-05-16,2016-05-13,2016-04-29,0.05942622261484099,0.48333333333333334,,1.5996955303573968,1885980.5202725965,155655.206737051,2885339.686464454,2885339.686464454,0,False
2016-05-17,2016-05-16,2016-04-29,0.05942622261484099,0.48333333333333334,,1.653470673610077,1886161.367719746,13792.603567051003,2865268.2358473046,2865268.2358473046,0,False
2016-05-18,2016-05-17,2016-04-29,0.05942622261484099,0.48333333333333334,,1.666518374821537,1872549.6289413804,0.0,2809449.3710586196,2809449.3710586196,0,False
2016-05-19,2016-05-18,2016-04-29,0.05942622261484099,0.48333333333333334,,1.6688653413286758,1872729.1884948406,0.0,2799859.8115051594,2799859.8115051594,0,False
2016-05-20,2016-05-19,2016-04-29,0.05942622261484099,0.48333333333333334,,1.665757360345743,1877246.80854634,0.0,2819716.19145366,2819716.19145366,0,False
2016-05-23,2016-05-20,2016-04-29,0.05942622261484099,0.48333333333333334,,1.6658464553395798,1887251.9330001683,0.0,2834365.0669998317,2834365.0669998317,0,False
2016-05-24,2016-05-23,2016-04-29,0.05942622261484099,0.48333333333333334,,1.6696396188798648,1887432.9023636067,0.0,2818580.0976363933,2818580.0976363933,0,False
2016-05-25,2016-05-24,2016-04-29,0.05942622261484099,0.48333333333333334,,1.6657776128632733,1888504.8979402718,0.0,2836540.1020597285,2836540.1020597285,0,False
2016-05-26,2016-05-25,2016-04-29,0.05942622261484099,0.48333333333333334,,1.665847968512825,1896261.0631510331,0.0,2847888.936848967,2847888.936848967,0,False
2016-05-27,2016-05-26,2016-04-29,0.05942622261484099,0.48333333333333334,,1.6707084248754662,1896442.896403664,0.0,2827522.103596336,2827522.103596336,0,False
2016-05-30,2016-05-27,2016-04-29,0.05942622261484099,0.48333333333333334,,1.6742106502574015,1896988.4484697527,0.0,2813643.5515302476,2813643.5515302476,0,False
2016-05-31,2016-05-30,2016-04-29,0.05942622261484099,0.48333333333333334,,1.6657468136289202,1973498.7466716606,0.0,2964338.253328339,2964338.253328339,0,False
2016-06-01,2016-05-31,2016-05-31,0.05817716901408451,0.4166666666666667,,1.6694245996778962,1973687.9862775058,0.0,2948335.0137224942,2948335.0137224942,0,False
2016-06-02,2016-06-01,2016-05-31,0.05817716901408451,0.4166666666666667,,1.6673879931985929,1973877.2440296146,0.0,2957615.7559703854,2957615.7559703854,0,False
2016-06-03,2016-06-02,2016-05-31,0.05817716901408451,0.4166666666666667,,1.6659750205208477,1984781.626979727,0.0,2980264.3730202727,2980264.3730202727,0,False
2016-06-06,2016-06-03,2016-05-31,0.05817716901408451,0.4166666666666667,,1.672705934922611,1985352.5915573514,0.0,2951293.4084426486,2951293.4084426486,0,False
2016-06-07,2016-06-06,2016-05-31,0.05817716901408451,0.4166666666666667,,1.6657590157195576,1977206.9686230528,718.8549897985631,2968774.086366746,2968774.086366746,0,False
2016-06-08,2016-06-07,2016-05-31,0.05817716901408451,0.4166666666666667,,1.6678635146592697,1976677.7088220264,0.0,2959703.0911779734,2959703.0911779734,0,False
2016-06-13,2016-06-08,2016-05-31,0.05817716901408451,0.4166666666666667,,1.7089889118650852,1977625.4310111876,0.0,2789360.168988812,2789360.168988812,0,False
2016-06-14,2016-06-13,2016-05-31,0.05817716901408451,0.4166666666666667,,1.7061697056454685,1977815.0663264901,0.0,2800764.5336735095,2800764.5336735095,0,False
2016-06-15,2016-06-14,2016-05-31,0.05817716901408451,0.4166666666666667,,1.6938323723878252,1978004.719826001,0.0,2850839.4801739994,2850839.4801739994,0,False
2016-06-16,2016-06-15,2016-05-31,0.05817716901408451,0.4166666666666667,,1.7065764248094624,1978194.3915114638,0.0,2799689.208488536,2799689.208488536,0,False
2016-06-17,2016-06-16,2016-05-31,0.05817716901408451,0.4166666666666667,,1.6810709216172586,1964864.0813846225,0.0,2884962.518615377,2884962.518615377,0,False
2016-06-20,2016-06-17,2016-05-31,0.05817716901408451,0.4166666666666667,,1.6863910862185523,1965429.3162573497,0.0,2863424.8837426505,2863424.8837426505,0,False
2016-06-21,2016-06-20,2016-05-31,0.05817716901408451,0.4166666666666667,,1.6879279018304818,1965617.7820821963,0.0,2857302.0179178035,2857302.0179178035,0,False
2016-06-22,2016-06-21,2016-05-31,0.05817716901408451,0.4166666666666667,,1.6659943917012374,1970236.3101791085,0.0,2958337.6898208912,2958337.6898208912,0,False
2016-06-23,2016-06-22,2016-05-31,0.05817716901408451,0.4166666666666667,,1.6659870141186386,1977767.3102685777,0.0,2969678.489731422,2969678.489731422,0,False
2016-06-24,2016-06-23,2016-05-31,0.05817716901408451,0.4166666666666667,,1.6846758561235053,1977956.9591887405,0.0,2888895.4408112597,2888895.4408112597,0,False
2016-06-27,2016-06-24,2016-05-31,0.05817716901408451,0.4166666666666667,,1.6659936053732658,2010789.2830357673,0.0,3019232.116964233,3019232.116964233,0,False
2016-06-28,2016-06-27,2016-05-31,0.05817716901408451,0.4166666666666667,,1.666014407221459,2006941.5172346514,267.9355081820686,3012958.2182735307,3012958.2182735307,0,False
2016-06-29,2016-06-28,2016-05-31,0.05817716901408451,0.4166666666666667,,1.665996874764711,2021262.1720833273,0.0,3034942.427916672,3034942.427916672,0,False
2016-06-30,2016-06-29,2016-05-31,0.05817716901408451,0.4166666666666667,,1.6691579677832638,2019099.5917436641,0.0,3017373.6082563363,3017373.6082563363,0,False
2016-07-01,2016-06-30,2016-06-30,0.05953974758135445,0.48333333333333334,,1.665956170384976,2031826.3293132833,0.0,3050991.070686717,3050991.070686717,0,False
2016-07-04,2016-07-01,2016-06-30,0.05953974758135445,0.48333333333333334,,1.6659291072147713,2132550.197838428,0.0,3202368.2021615724,3202368.2021615724,0,False
2016-07-05,2016-07-04,2016-06-30,0.05953974758135445,0.48333333333333334,,1.6674212079599433,2132754.6889532893,0.0,3195515.3110467107,3195515.3110467107,0,False
2016-07-06,2016-07-05,2016-06-30,0.05953974758135445,0.48333333333333334,,1.6659669957151197,2142542.295406888,0.0,3217189.9045931124,3217189.9045931124,0,False
2016-07-07,2016-07-06,2016-06-30,0.05953974758135445,0.48333333333333334,,1.6659989677173728,2150081.458238091,0.0,3228355.541761909,3228355.541761909,0,False
2016-07-08,2016-07-07,2016-06-30,0.05953974758135445,0.48333333333333334,,1.6745873250973589,2150264.3004327165,0.0,3187525.4995672833,3187525.4995672833,0,False
2016-07-11,2016-07-08,2016-06-30,0.05953974758135445,0.48333333333333334,,1.6659348752450618,2189452.255255033,0.0,3287787.344744967,3287787.344744967,0,False
2016-07-12,2016-07-11,2016-06-30,0.05953974758135445,0.48333333333333334,,1.6659882173571279,2354908.377811564,0.0,3535961.0221884362,3535961.0221884362,0,False
2016-07-13,2016-07-12,2016-06-30,0.05953974758135445,0.48333333333333334,,1.6680121977165874,2355134.190943683,0.0,3525585.609056317,3525585.609056317,0,False
2016-07-14,2016-07-13,2016-06-30,0.05953974758135445,0.48333333333333334,,1.67504803231295,2355360.025729116,0.0,3489173.974270884,3489173.974270884,0,False
2016-07-15,2016-07-14,2016-06-30,0.05953974758135445,0.48333333333333334,,1.6659835575938164,2358691.913129939,0.0,3541666.8868700606,3541666.8868700606,0,False
2016-07-18,2016-07-15,2016-06-30,0.05953974758135445,0.48333333333333334,,1.6775681439738006,2359370.4409405654,0.0,3482115.3590594344,3482115.3590594344,0,False
2016-07-19,2016-07-18,2016-06-30,0.05953974758135445,0.48333333333333334,,1.6813605242376022,2359596.6819417514,0.0,3463066.3180582486,3463066.3180582486,0,False
2016-07-20,2016-07-19,2016-06-30,0.05953974758135445,0.48333333333333334,,1.687292095019706,2359822.94463728,0.0,3433508.05536272,3433508.05536272,0,False
2016-07-21,2016-07-20,2016-06-30,0.05953974758135445,0.48333333333333334,,1.683529780965592,2360049.2290292317,0.0,3452737.9709707685,3452737.9709707685,0,False
2016-07-22,2016-07-21,2016-06-30,0.05953974758135445,0.48333333333333334,,1.6908530349222695,2360275.5351196867,0.0,3416465.4648803133,3416465.4648803133,0,False
2016-07-25,2016-07-22,2016-06-30,0.05953974758135445,0.48333333333333334,,1.6965802092787412,2360533.0702828034,0.0,3388745.5297171962,3388745.5297171962,0,False
2016-07-26,2016-07-25,2016-06-30,0.05953974758135445,0.48333333333333334,,1.6750585168923144,2360674.622768995,0.0,3496992.5772310053,3496992.5772310053,0,False
2016-07-27,2016-07-26,2016-06-30,0.05953974758135445,0.48333333333333334,,1.7000405337824964,2360900.9888287126,0.0,3372520.4111712878,3372520.4111712878,0,False
2016-07-28,2016-07-27,2016-06-30,0.05953974758135445,0.48333333333333334,,1.6659996534065349,2266222.724387887,297.0689331223307,3402292.544545235,3402292.544545235,0,False
2016-07-29,2016-07-28,2016-06-30,0.05953974758135445,0.48333333333333334,,1.6693416156499972,2264212.9644831307,0.0,3382746.4355168696,3382746.4355168696,0,False
2016-08-01,2016-07-29,2016-07-29,0.05770208547008547,0.35,,1.6659111749603364,2301003.674708119,0.0,3455421.325291881,3455421.325291881,0,False
2016-08-02,2016-08-01,2016-07-29,0.05770208547008547,0.35,,1.6659767857241223,2312288.429436105,0.0,3472025.570563895,3472025.570563895,0,False
2016-08-03,2016-08-02,2016-07-29,0.05770208547008547,0.35,,1.66601083746227,2294176.75628791,49.78960405096143,3444579.033316141,3444579.033316141,0,False
2016-08-04,2016-08-03,2016-07-29,0.05770208547008547,0.35,,1.665973898956883,2296120.4205158316,0.0,3447763.3794841683,3447763.3794841683,0,False
2016-08-05,2016-08-04,2016-07-29,0.05770208547008547,0.35,,1.6664350918201574,2296340.596446566,0.0,3445707.8035534346,3445707.8035534346,0,False
2016-08-08,2016-08-05,2016-07-29,0.05770208547008547,0.35,,1.6659727284199772,2405398.9561370504,0.0,3611858.0438629496,3611858.0438629496,0,False
2016-08-09,2016-08-08,2016-07-29,0.05770208547008547,0.35,,1.6680949375401488,2405629.6108314744,0.0,3600730.1891685254,3600730.1891685254,0,False
2016-08-10,2016-08-09,2016-07-29,0.05770208547008547,0.35,,1.67199773354902,2405860.2876434717,0.0,3580161.312356528,3580161.312356528,0,False
2016-08-11,2016-08-10,2016-07-29,0.05770208547008547,0.35,,1.6832515140015896,2406090.9865751634,0.0,3521530.413424837,3521530.413424837,0,False
2016-08-12,2016-08-11,2016-07-29,0.05770208547008547,0.35,,1.665976507326974,2409917.384448671,0.0,3618622.215551329,3618622.215551329,0,False
2016-08-15,2016-08-12,2016-07-29,0.05770208547008547,0.35,,1.6659834743895006,2475841.7899437863,0.0,3717572.410056214,3717572.410056214,0,False
2016-08-16,2016-08-15,2016-07-29,0.05770208547008547,0.35,,1.6737097372123073,2476079.199430493,0.0,3675290.800569507,3675290.800569507,0,False
2016-08-17,2016-08-16,2016-07-29,0.05770208547008547,0.35,,1.6740338141618185,2476316.6316824933,0.0,3673875.9683175064,3673875.9683175064,0,False
2016-08-18,2016-08-17,2016-07-29,0.05770208547008547,0.35,,1.684909543883441,2476554.0867019696,0.0,3615884.9132980304,3615884.9132980304,0,False
2016-08-19,2016-08-18,2016-07-29,0.05770208547008547,0.35,,1.691147130666219,2476791.5644911053,0.0,3583595.2355088945,3583595.2355088945,0,False
2016-08-22,2016-08-19,2016-07-29,0.05770208547008547,0.35,,1.6970893234295112,2477504.066174041,0.0,3554069.733825959,3554069.733825959,0,False
2016-08-23,2016-08-22,2016-07-29,0.05770208547008547,0.35,,1.694245700003855,2477741.6350570987,0.0,3568969.3649429013,3568969.3649429013,0,False
2016-08-24,2016-08-23,2016-07-29,0.05770208547008547,0.35,,1.6982347040032284,2477979.2267207345,0.0,3548920.173279266,3548920.173279266,0,False
2016-08-25,2016-08-24,2016-07-29,0.05770208547008547,0.35,,1.7040878096677992,2478216.8411671324,0.0,3519755.358832868,3519755.358832868,0,False
2016-08-26,2016-08-25,2016-07-29,0.05770208547008547,0.35,,1.7053627087113166,2478454.478398477,0.0,3513730.521601523,3513730.521601523,0,False
2016-08-29,2016-08-26,2016-07-29,0.05770208547008547,0.35,,1.7059286539485639,2479167.4584539067,0.0,3511923.5415460933,3511923.5415460933,0,False
2016-08-30,2016-08-29,2016-07-29,0.05770208547008547,0.35,,1.7021782937810828,2479405.186840334,0.0,3531019.4131596657,3531019.4131596657,0,False
2016-08-31,2016-08-30,2016-07-29,0.05770208547008547,0.35,,1.6960070541733006,2479642.9380226335,0.0,3562669.2619773666,3562669.2619773666,0,False
2016-09-01,2016-08-31,2016-08-31,0.05348114886731392,0.26666666666666666,,1.7070268766926673,2479880.7120029917,0.0,3507477.2879970083,3507477.2879970083,0,False
2016-09-02,2016-09-01,2016-08-31,0.05348114886731392,0.26666666666666666,,1.7042395080694321,2480118.5087835947,0.0,3521697.4912164053,3521697.4912164053,0,False
2016-09-05,2016-09-02,2016-08-31,0.05348114886731392,0.26666666666666666,,1.6927470930550168,2480831.9675326967,0.0,3581151.0324673033,3581151.0324673033,0,False
2016-09-06,2016-09-05,2016-08-31,0.05348114886731392,0.26666666666666666,,1.687567585687581,2481069.8555295835,0.0,3608474.1444704165,3608474.1444704165,0,False
2016-09-07,2016-09-06,2016-08-31,0.05348114886731392,0.26666666666666666,,1.6908753240477654,2481307.766337648,0.0,3591542.033662352,3591542.033662352,0,False
2016-09-08,2016-09-07,2016-08-31,0.05348114886731392,0.26666666666666666,,1.6851480771772143,2481545.699959078,0.0,3621911.5000409223,3621911.5000409223,0,False
2016-09-09,2016-09-08,2016-08-31,0.05348114886731392,0.26666666666666666,,1.694698533502509,2481783.6563960603,0.0,3572461.3436039397,3572461.3436039397,0,False
2016-09-12,2016-09-09,2016-08-31,0.05348114886731392,0.26666666666666666,,1.7184849587348845,2482497.594160229,0.0,3455183.8058397714,3455183.8058397714,0,False
2016-09-13,2016-09-12,2016-08-31,0.05348114886731392,0.26666666666666666,,1.7230695968013934,2482735.6418747376,0.0,3433605.3581252624,3433605.3581252624,0,False
2016-09-14,2016-09-13,2016-08-31,0.05348114886731392,0.26666666666666666,,1.7337908659495582,2482973.7124157394,0.0,3383762.0875842604,3383762.0875842604,0,False
2016-09-19,2016-09-14,2016-08-31,0.05348114886731392,0.26666666666666666,,1.7235781418168825,2484164.179264158,0.0,3433166.4207358416,3433166.4207358416,0,False
2016-09-20,2016-09-19,2016-08-31,0.05348114886731392,0.26666666666666666,,1.718905702166298,2484402.386788197,0.0,3455811.2132118028,3455811.2132118028,0,False
2016-09-21,2016-09-20,2016-08-31,0.05348114886731392,0.26666666666666666,,1.6732040003183177,2313774.2468851646,0.0,3436958.553114835,3436958.553114835,0,False
2016-09-22,2016-09-21,2016-08-31,0.05348114886731392,0.26666666666666666,,1.665944130664345,2337867.9161685645,0.0,3510606.683831435,3510606.683831435,0,False
2016-09-23,2016-09-22,2016-08-31,0.05348114886731392,0.26666666666666666,,1.666007375866622,2337769.6933409804,308.10654161157436,3509663.2132006316,3509663.2132006316,0,False
2016-09-26,2016-09-23,2016-08-31,0.05348114886731392,0.26666666666666666,,1.6660247872306946,2276694.8289377703,246.06143298078916,3417964.0324952104,3417964.0324952104,0,False
2016-09-27,2016-09-26,2016-08-31,0.05348114886731392,0.26666666666666666,,1.666066375540927,2288742.844770898,0.0,3436208.355229102,3436208.355229102,0,False
2016-09-28,2016-09-27,2016-08-31,0.05348114886731392,0.26666666666666666,,1.666059843124347,2268123.796966933,128.13130073720555,3405092.9343338045,3405092.9343338045,0,False
2016-09-29,2016-09-28,2016-08-31,0.05348114886731392,0.26666666666666666,,1.6659785414673893,2328240.2014643042,0.0,3495968.7985356958,3495968.7985356958,0,False
2016-09-30,2016-09-29,2016-08-31,0.05348114886731392,0.26666666666666666,,1.6659415437177918,2357608.9239640334,0.0,3540264.0760359666,3540264.0760359666,0,False
2016-10-10,2016-09-30,2016-09-30,0.05572955186721991,0.31666666666666665,,1.6659380626039528,2404176.5516000264,0.0,3610210.4483999736,3610210.4483999736,0,False
2016-10-11,2016-10-10,2016-09-30,0.05572955186721991,0.31666666666666665,,1.6659327000542012,2436751.381167577,0.0,3659155.618832423,3659155.618832423,0,False
2016-10-12,2016-10-11,2016-09-30,0.05572955186721991,0.31666666666666665,,1.6738309419794801,2436985.042258922,0.0,3616611.957741078,3616611.957741078,0,False
2016-10-13,2016-10-12,2016-09-30,0.05572955186721991,0.31666666666666665,,1.6659404150100767,2411008.094646421,394.6537902957389,3619863.5591438743,3619863.5591438743,0,False
2016-10-14,2016-10-13,2016-09-30,0.05572955186721991,0.31666666666666665,,1.665988286031502,2445205.976973146,-7.275957614183426e-12,3671545.023026854,3671545.023026854,0,False
2016-10-17,2016-10-14,2016-09-30,0.05572955186721991,0.31666666666666665,,1.672430554065578,2445909.3923911797,-7.275957614183426e-12,3637415.6076088203,3637415.6076088203,0,False
2016-10-18,2016-10-17,2016-09-30,0.05572955186721991,0.31666666666666665,,1.66586690064773,2484801.318117984,0.0,3731678.681882016,3731678.681882016,0,False
2016-10-19,2016-10-18,2016-09-30,0.05572955186721991,0.31666666666666665,,1.6658880035602743,2513803.87427753,0.0,3775115.12572247,3775115.12572247,0,False
2016-10-20,2016-10-19,2016-09-30,0.05572955186721991,0.31666666666666665,,1.6657739209463334,2503695.1826399066,853.2404558024991,3759297.057815896,3759297.057815896,0,False
2016-10-21,2016-10-20,2016-09-30,0.05572955186721991,0.31666666666666665,,1.6657687206786922,2521367.2053440833,3.637978807091713e-12,3787151.7946559167,3787151.7946559167,0,False
2016-10-24,2016-10-21,2016-09-30,0.05572955186721991,0.31666666666666665,,1.6658213700671118,2753118.459436579,0.0,4134920.540563421,4134920.540563421,0,False
2016-10-25,2016-10-24,2016-09-30,0.05572955186721991,0.31666666666666665,,1.6659700898283827,2860206.206417073,0.0,4294796.793582927,4294796.793582927,0,False
2016-10-26,2016-10-25,2016-09-30,0.05572955186721991,0.31666666666666665,,1.6872019336560615,2860480.4727656334,0.0,4162503.5272343666,4162503.5272343666,0,False
2016-10-27,2016-10-26,2016-09-30,0.05572955186721991,0.31666666666666665,,1.6951519386805876,2860754.7654137067,0.0,4115294.2345862933,4115294.2345862933,0,False
2016-10-28,2016-10-27,2016-09-30,0.05572955186721991,0.31666666666666665,,1.7052051159405073,2861029.084363815,0.0,4057016.915636185,4057016.915636185,0,False
2016-10-31,2016-10-28,2016-09-30,0.05572955186721991,0.31666666666666665,,1.7017988520099947,2861852.12012781,0.0,4077880.87987219,4077880.87987219,0,False
2016-11-01,2016-10-31,2016-10-31,0.055356456953642386,0.2833333333333333,,1.692996187359291,2862126.544303713,0.0,4130075.455696287,4130075.455696287,0,False
2016-11-02,2016-11-01,2016-10-31,0.055356456953642386,0.2833333333333333,,1.7030507911613608,2862400.9947942626,0.0,4071400.0052057374,4071400.0052057374,0,False
2016-11-03,2016-11-02,2016-10-31,0.055356456953642386,0.2833333333333333,,1.6886940099429142,2862675.4716019826,0.0,4156672.5283980174,4156672.5283980174,0,False
2016-11-04,2016-11-03,2016-10-31,0.055356456953642386,0.2833333333333333,,1.673758463065627,2862949.9747293964,0.0,4249223.025270604,4249223.025270604,0,False
2016-11-07,2016-11-04,2016-10-31,0.055356456953642386,0.2833333333333333,,1.6659772262926964,2961754.339778291,0.0,4447230.660221709,4447230.660221709,0,False
2016-11-08,2016-11-07,2016-10-31,0.055356456953642386,0.2833333333333333,,1.6866100679441696,2962038.343619092,0.0,4314003.656380909,4314003.656380909,0,False
2016-11-09,2016-11-08,2016-10-31,0.055356456953642386,0.2833333333333333,,1.6922239687324354,2962322.3746931376,0.0,4279427.625306862,4279427.625306862,0,False
2016-11-10,2016-11-09,2016-10-31,0.055356456953642386,0.2833333333333333,,1.6743167795345244,2962606.4330030396,0.0,4393493.56699696,4393493.56699696,0,False
2016-11-11,2016-11-10,2016-10-31,0.055356456953642386,0.2833333333333333,,1.6659616592474509,2967722.5667714095,0.0,4456296.4332285905,4456296.4332285905,0,False
2016-11-14,2016-11-11,2016-10-31,0.055356456953642386,0.2833333333333333,,1.6659112059793415,2997296.5822810284,0.0,4501045.417718971,4501045.417718971,0,False
2016-11-15,2016-11-14,2016-10-31,0.055356456953642386,0.2833333333333333,,1.6910037612444213,2997583.994282069,0.0,4338014.005717931,4338014.005717931,0,False
2016-11-16,2016-11-15,2016-10-31,0.055356456953642386,0.2833333333333333,,1.7005307805699441,2997871.4338431647,0.0,4279428.566156835,4279428.566156835,0,False
2016-11-17,2016-11-16,2016-10-31,0.055356456953642386,0.2833333333333333,,1.6945573340101312,2998158.9009669577,0.0,4316647.099033043,4316647.099033043,0,False
2016-11-18,2016-11-17,2016-10-31,0.055356456953642386,0.2833333333333333,,1.7190999016654702,2998446.3956560916,0.0,4169721.6043439084,4169721.6043439084,0,False
2016-11-21,2016-11-18,2016-10-31,0.055356456953642386,0.2833333333333333,,1.713115851589666,2999308.9624274448,0.0,4205921.037572555,4205921.037572555,0,False
2016-11-22,2016-11-21,2016-10-31,0.055356456953642386,0.2833333333333333,,1.6840487709123646,2999596.5673964447,0.0,4385062.432603555,4385062.432603555,0,False
2016-11-23,2016-11-22,2016-10-31,0.055356456953642386,0.2833333333333333,,1.7032369464349586,2999884.1999440035,0.0,4265822.8000559965,4265822.8000559965,0,False
2016-11-24,2016-11-23,2016-10-31,0.055356456953642386,0.2833333333333333,,1.7009616086589845,3000171.860072765,0.0,4280080.1399272345,4280080.1399272345,0,False
2016-11-25,2016-11-24,2016-10-31,0.055356456953642386,0.2833333333333333,,1.6981687816151063,3000459.547785375,0.0,4297613.452214625,4297613.452214625,0,False
2016-11-28,2016-11-25,2016-10-31,0.055356456953642386,0.2833333333333333,,1.6827512223924161,3001322.6936826827,0.0,4395924.306317317,4395924.306317317,0,False
2016-11-29,2016-11-28,2016-10-31,0.055356456953642386,0.2833333333333333,,1.6996101383859858,3001610.4917492,0.0,4290404.5082508,4290404.5082508,0,False
2016-11-30,2016-11-29,2016-10-31,0.055356456953642386,0.2833333333333333,,1.72668848776462,3001898.3174127922,0.0,4130928.6825872078,4130928.6825872078,0,False
2016-12-01,2016-11-30,2016-11-30,0.048929372549019606,0.15,,1.6870254053038014,3002186.1706761057,0.0,4369832.829323894,4369832.829323894,0,False
2016-12-02,2016-12-01,2016-11-30,0.048929372549019606,0.15,,1.6895860213642098,3002474.051541787,0.0,4354023.948458213,4354023.948458213,0,False
2016-12-05,2016-12-02,2016-11-30,0.048929372549019606,0.15,,1.697387013342071,3003337.7769538746,0.0,4306558.223046126,4306558.223046126,0,False
2016-12-06,2016-12-05,2016-11-30,0.048929372549019606,0.15,,1.6953833447641606,3003625.768247555,0.0,4319381.231752445,4319381.231752445,0,False
2016-12-07,2016-12-06,2016-11-30,0.048929372549019606,0.15,,1.6840395018126677,3003913.787156839,0.0,4391433.212843161,4391433.212843161,0,False
2016-12-08,2016-12-07,2016-11-30,0.048929372549019606,0.15,,1.693791472456437,3004201.8336843746,0.0,4330122.166315625,4330122.166315625,0,False
2016-12-09,2016-12-08,2016-11-30,0.048929372549019606,0.15,,1.6974412775560128,3004489.90783281,0.0,4307875.092167189,4307875.092167189,0,False
2016-12-12,2016-12-09,2016-11-30,0.048929372549019606,0.15,,1.7320241354800587,3005354.213148762,0.0,4105539.786851238,4105539.786851238,0,False
2016-12-13,2016-12-12,2016-11-30,0.048929372549019606,0.15,,1.7320950757772613,3005642.3977993377,0.0,4105535.6022006623,4105535.6022006623,0,False
2016-12-14,2016-12-13,2016-11-30,0.048929372549019606,0.15,,1.7470876498236683,3005930.6100840583,0.0,4023531.3899159417,4023531.3899159417,0,False
2016-12-15,2016-12-14,2016-11-30,0.048929372549019606,0.15,,1.7638263174755324,3006218.850005573,0.0,3935736.149994427,3935736.149994427,0,False
2016-12-16,2016-12-15,2016-11-30,0.048929372549019606,0.15,,1.7706969268004242,3006507.1175665325,0.0,3901023.8824334675,3901023.8824334675,0,False
2016-12-19,2016-12-16,2016-11-30,0.048929372549019606,0.15,,1.7697315629274664,3007372.0031756954,0.0,3907039.9968243046,3907039.9968243046,0,False
2016-12-20,2016-12-19,2016-11-30,0.048929372549019606,0.15,,1.7801803226092805,3007660.3813129864,0.0,3855083.6186870136,3855083.6186870136,0,False
2016-12-21,2016-12-20,2016-11-30,0.048929372549019606,0.15,,1.7629555965630899,3007948.7871029754,0.0,3942495.2128970246,3942495.2128970246,0,False
2016-12-22,2016-12-21,2016-11-30,0.048929372549019606,0.15,,1.7637017901101457,3008237.220548314,0.0,3939020.779451686,3939020.779451686,0,False
2016-12-23,2016-12-22,2016-11-30,0.048929372549019606,0.15,,1.788727319349051,3008525.681651654,0.0,3814405.318348346,3814405.318348346,0,False
2016-12-26,2016-12-23,2016-11-30,0.048929372549019606,0.15,,1.8002080606370165,3009391.1479436364,0.0,3760760.8520563636,3760760.8520563636,0,False
2016-12-27,2016-12-26,2016-11-30,0.048929372549019606,0.15,,1.7981695561542022,3009679.719697549,0.0,3770727.280302451,3770727.280302451,0,False
2016-12-28,2016-12-27,2016-11-30,0.048929372549019606,0.15,,1.8001281745514608,3009968.3191227256,0.0,3761857.6808772744,3761857.6808772744,0,False
2016-12-29,2016-12-28,2016-11-30,0.048929372549019606,0.15,,1.7857602387998428,3010256.9462218196,0.0,3831012.0537781804,3831012.0537781804,0,False
2016-12-30,2016-12-29,2016-11-30,0.048929372549019606,0.15,,1.7855103216087078,3010545.6009974848,0.0,3832598.3990025152,3832598.3990025152,0,False
2017-01-03,2016-12-30,2016-12-30,0.05111976848090982,0.2,,1.7770919288689715,3011700.3308170456,0.0,3875603.6691829544,3875603.6691829544,0,False
2017-01-04,2017-01-03,2016-12-30,0.05111976848090982,0.2,,1.761270218379824,3011989.1239994527,0.0,3956530.8760005473,3956530.8760005473,0,False
2017-01-05,2017-01-04,2016-12-30,0.05111976848090982,0.2,,1.757247589356926,3012277.944874357,0.0,3977930.055125643,3977930.055125643,0,False
2017-01-06,2017-01-05,2016-12-30,0.05111976848090982,0.2,,1.75778250875932,3012566.793444413,0.0,3975503.206555587,3975503.206555587,0,False
2017-01-09,2017-01-06,2016-12-30,0.05111976848090982,0.2,,1.7474262987849365,3013433.422248007,0.0,4031746.577751993,4031746.577751993,0,False
2017-01-10,2017-01-09,2016-12-30,0.05111976848090982,0.2,,1.7347817217131531,3013722.3816172634,0.0,4101520.6183827366,4101520.6183827366,0,False
2017-01-11,2017-01-10,2016-12-30,0.05111976848090982,0.2,,1.7421796610396454,3014011.3686949527,0.0,4061026.6313050473,4061026.6313050473,0,False
2017-01-12,2017-01-11,2016-12-30,0.05111976848090982,0.2,,1.756651524346934,3014300.3834837317,0.0,3983736.6165162683,3983736.6165162683,0,False
2017-01-13,2017-01-12,2016-12-30,0.05111976848090982,0.2,,1.7476306912213875,3014589.4259862574,0.0,4032190.5740137426,4032190.5740137426,0,False
2017-01-16,2017-01-13,2016-12-30,0.05111976848090982,0.2,,1.7418067646234119,3015456.636643048,0.0,4065016.363356952,4065016.363356952,0,False
2017-01-17,2017-01-16,2016-12-30,0.05111976848090982,0.2,,1.7460224160471562,3015745.7900191643,0.0,4042433.2099808357,4042433.2099808357,0,False
2017-01-18,2017-01-17,2016-12-30,0.05111976848090982,0.2,,1.7284272819150037,3016034.971122317,0.0,4140475.028877683,4140475.028877683,0,False
2017-01-19,2017-01-18,2016-12-30,0.05111976848090982,0.2,,1.7192719131128678,3016324.1799551644,0.0,4193579.8200448356,4193579.8200448356,0,False
2017-01-20,2017-01-19,2016-12-30,0.05111976848090982,0.2,,1.7114852990881544,3016613.4165203655,0.0,4239881.5834796345,4239881.5834796345,0,False
2017-01-23,2017-01-20,2016-12-30,0.05111976848090982,0.2,,1.7013065081156422,3017481.2094210084,0.0,4302656.790578991,4302656.790578991,0,False
2017-01-24,2017-01-23,2016-12-30,0.05111976848090982,0.2,,1.6839562547204947,3017770.5569342407,0.0,4412227.443065759,4412227.443065759,0,False
2017-01-25,2017-01-24,2016-12-30,0.05111976848090982,0.2,,1.6862424278723427,3018059.9321931247,0.0,4397950.067806875,4397950.067806875,0,False
2017-01-26,2017-01-25,2016-12-30,0.05111976848090982,0.2,,1.6847247534086016,3018349.3352003214,0.0,4408120.664799679,4408120.664799679,0,False
2017-02-03,2017-01-26,2017-01-26,0.044782261345852906,0.11666666666666667,,1.695521053793706,3020664.7812656807,0.0,4343024.218734319,4343024.218734319,0,False
2017-02-06,2017-02-03,2017-01-26,0.044782261345852906,0.11666666666666667,,1.7034252357897035,3021533.739627415,0.0,4295458.260372585,4295458.260372585,0,False
2017-02-07,2017-02-06,2017-01-26,0.044782261345852906,0.11666666666666667,,1.6918874115164895,3021823.475739434,0.0,4367507.524260566,4367507.524260566,0,False
2017-02-08,2017-02-07,2017-01-26,0.044782261345852906,0.11666666666666667,,1.6815099011301007,3022113.2396343676,0.0,4434437.760365632,4434437.760365632,0,False
2017-02-09,2017-02-08,2017-01-26,0.044782261345852906,0.11666666666666667,,1.6740734348613215,3022403.0313148806,0.0,4483788.968685119,4483788.968685119,0,False
2017-02-10,2017-02-09,2017-01-26,0.044782261345852906,0.11666666666666667,,1.6659085323595688,3049175.115503637,0.0,4578969.884496363,4578969.884496363,0,False
2017-02-13,2017-02-10,2017-01-26,0.044782261345852906,0.11666666666666667,,1.6659647807724594,3087389.6487883707,0.0,4635965.35121163,4635965.35121163,0,False
2017-02-14,2017-02-13,2017-01-26,0.044782261345852906,0.11666666666666667,,1.665919696621111,3088862.7115705833,0.0,4638491.288429417,4638491.288429417,0,False
2017-02-15,2017-02-14,2017-01-26,0.044782261345852906,0.11666666666666667,,1.6758508607797484,3089158.9038853915,0.0,4570770.096114608,4570770.096114608,0,False
2017-02-16,2017-02-15,2017-01-26,0.044782261345852906,0.11666666666666667,,1.6680177581000486,3089455.1246022023,0.0,4624809.875397798,4624809.875397798,0,False
2017-02-17,2017-02-16,2017-01-26,0.044782261345852906,0.11666666666666667,,1.6913959336642486,3089751.3737237393,0.0,4468859.62627626,4468859.62627626,0,False
2017-02-20,2017-02-17,2017-01-26,0.044782261345852906,0.11666666666666667,,1.6763621761769503,3090640.206310701,0.0,4569504.793689299,4569504.793689299,0,False
2017-02-21,2017-02-20,2017-01-26,0.044782261345852906,0.11666666666666667,,1.6731805899101502,3090936.56907021,0.0,4591541.430929789,4591541.430929789,0,False
2017-02-22,2017-02-21,2017-01-26,0.044782261345852906,0.11666666666666667,,1.6666578102851508,3091232.960248066,0.0,4636911.039751934,4636911.039751934,0,False
2017-02-23,2017-02-22,2017-01-26,0.044782261345852906,0.11666666666666667,,1.6811874292089644,3091529.379846994,0.0,4538441.620153006,4538441.620153006,0,False
2017-02-24,2017-02-23,2017-01-26,0.044782261345852906,0.11666666666666667,,1.6982163783619169,3091825.827869719,0.0,4428177.172130281,4428177.172130281,0,False
2017-02-27,2017-02-24,2017-01-26,0.044782261345852906,0.11666666666666667,,1.7024281853595904,3092715.257217462,0.0,4402891.742782538,4402891.742782538,0,False
2017-02-28,2017-02-27,2017-01-26,0.044782261345852906,0.11666666666666667,,1.6945568535656101,3093011.8189544557,0.0,4453216.181045544,4453216.181045544,0,False
2017-03-01,2017-02-28,2017-02-28,0.04418000231303006,0.1,,1.686241116114238,3093308.409128876,0.0,4507611.590871124,4507611.590871124,0,False
2017-03-02,2017-03-01,2017-02-28,0.04418000231303006,0.1,,1.6940395718118677,3093605.02774345,0.0,4457389.972256551,4457389.972256551,0,False
2017-03-03,2017-03-02,2017-02-28,0.04418000231303006,0.1,,1.700035352945365,3093901.674800905,0.0,4419636.3251990955,4419636.3251990955,0,False
2017-03-06,2017-03-03,2017-02-28,0.04418000231303006,0.1,,1.6892467140402352,3094791.7013100944,0.0,4490107.298689906,4490107.298689906,0,False
2017-03-07,2017-03-06,2017-02-28,0.04418000231303006,0.1,,1.6908635594649948,3095088.4621581654,0.0,4480028.537841834,4480028.537841834,0,False
2017-03-08,2017-03-07,2017-02-28,0.04418000231303006,0.1,,1.6948848534414216,3095385.2514627557,0.0,4454529.748537244,4454529.748537244,0,False
2017-03-09,2017-03-08,2017-02-28,0.04418000231303006,0.1,,1.7206000866650817,3095682.0692265946,0.0,4295977.930773405,4295977.930773405,0,False
2017-03-10,2017-03-09,2017-02-28,0.04418000231303006,0.1,,1.728009792904005,3095978.915452411,0.0,4252661.084547589,4252661.084547589,0,False
2017-03-13,2017-03-10,2017-02-28,0.04418000231303006,0.1,,1.7115129149273867,3096869.5395239796,0.0,4352513.46047602,4352513.46047602,0,False
2017-03-14,2017-03-13,2017-02-28,0.04418000231303006,0.1,,1.7011649419052872,3097166.4996168106,0.0,4417172.500383189,4417172.500383189,0,False
2017-03-15,2017-03-14,2017-02-28,0.04418000231303006,0.1,,1.6868211557757924,3097463.488185267,0.0,4509854.511814733,4509854.511814733,0,False
2017-03-16,2017-03-15,2017-02-28,0.04418000231303006,0.1,,1.682482066948753,3097760.5052320794,0.0,4538962.494767921,4538962.494767921,0,False
2017-03-17,2017-03-16,2017-02-28,0.04418000231303006,0.1,,1.6936902090339219,3098057.5507599786,0.0,4466053.449240021,4466053.449240021,0,False
2017-03-20,2017-03-17,2017-02-28,0.04418000231303006,0.1,,1.6658896977869981,3207198.6789751286,0.0,4816411.321024871,4816411.321024871,0,False
2017-03-21,2017-03-20,2017-02-28,0.04418000231303006,0.1,,1.6659751505597615,3393414.6662544827,0.0,5095407.333745517,5095407.333745517,0,False
2017-03-22,2017-03-21,2017-02-28,0.04418000231303006,0.1,,1.6794936972700325,3393740.062181384,0.0,4994512.937818617,4994512.937818617,0,False
2017-03-23,2017-03-22,2017-02-28,0.04418000231303006,0.1,,1.6853521094080037,3394065.4893106343,0.0,4952294.510689366,4952294.510689366,0,False
2017-03-24,2017-03-23,2017-02-28,0.04418000231303006,0.1,,1.6892176882275296,3394390.9476452256,0.0,4924991.052354774,4924991.052354774,0,False
2017-03-27,2017-03-24,2017-02-28,0.04418000231303006,0.1,,1.6957361435210452,3395367.4162740004,0.0,4880251.583726,4880251.583726,0,False
2017-03-28,2017-03-27,2017-02-28,0.04418000231303006,0.1,,1.6951629397710897,3395692.9994509034,0.0,4884744.000549097,4884744.000549097,0,False
2017-03-29,2017-03-28,2017-02-28,0.04418000231303006,0.1,,1.6947435539810523,3396018.613848111,0.0,4888161.386151889,4888161.386151889,0,False
2017-03-30,2017-03-29,2017-02-28,0.04418000231303006,0.1,,1.6952087737776234,3396344.259468617,0.0,4885358.740531383,4885358.740531383,0,False
2017-03-31,2017-03-30,2017-02-28,0.04418000231303006,0.1,,1.6917145623760028,3396669.9363154154,0.0,4910508.063684585,4910508.063684585,0,False
2017-04-05,2017-03-31,2017-03-31,0.044993011673151756,0.15,,1.680392815426594,3398298.4766958407,0.0,4994612.523304159,4994612.523304159,0,False
2017-04-06,2017-04-05,2017-03-31,0.044993011673151756,0.15,,1.6820523501331368,3398624.340933332,0.0,4982937.659066668,4982937.659066668,0,False
2017-04-07,2017-04-06,2017-03-31,0.044993011673151756,0.15,,1.682980692178996,3398950.236418079,0.0,4976641.76358192,4976641.76358192,0,False
2017-04-10,2017-04-07,2017-03-31,0.044993011673151756,0.15,,1.6693472678142054,3399928.016623076,0.0,5079467.983376924,5079467.983376924,0,False
2017-04-11,2017-04-10,2017-03-31,0.044993011673151756,0.15,,1.6743338103850796,3400254.0371178207,0.0,5042389.96288218,5042389.96288218,0,False
2017-04-12,2017-04-11,2017-03-31,0.044993011673151756,0.15,,1.6778299804313597,3400580.088874805,0.0,5016862.911125195,5016862.911125195,0,False
2017-04-13,2017-04-12,2017-03-31,0.044993011673151756,0.15,,1.6787180772823236,3400906.171897026,0.0,5010778.828102974,5010778.828102974,0,False
2017-04-14,2017-04-13,2017-03-31,0.044993011673151756,0.15,,1.679146821576663,3401232.2861874816,0.0,5008095.713812519,5008095.713812519,0,False
2017-04-17,2017-04-14,2017-03-31,0.044993011673151756,0.15,,1.674684083338966,3402210.722872549,0.0,5042672.27712745,5042672.27712745,0,False
2017-04-18,2017-04-17,2017-03-31,0.044993011673151756,0.15,,1.6846302305316396,3402536.962256934,0.0,4969890.0377430655,4969890.0377430655,0,False
2017-04-19,2017-04-18,2017-03-31,0.044993011673151756,0.15,,1.7010295631299148,3402863.2329245475,0.0,4854093.767075453,4854093.767075453,0,False
2017-04-20,2017-04-19,2017-03-31,0.044993011673151756,0.15,,1.6953021825060255,3403189.5348783894,0.0,4894547.46512161,4894547.46512161,0,False
2017-04-21,2017-04-20,2017-03-31,0.044993011673151756,0.15,,1.688826765026664,3403515.86812146,0.0,4941033.13187854,4941033.13187854,0,False
2017-04-24,2017-04-21,2017-03-31,0.044993011673151756,0.15,,1.6985829149060816,3404494.961727358,0.0,4873430.038272642,4873430.038272642,0,False
2017-04-25,2017-04-24,2017-03-31,0.044993011673151756,0.15,,1.7039914821728241,3404821.4201483456,0.0,4836452.579851654,4836452.579851654,0,False
2017-04-26,2017-04-25,2017-03-31,0.044993011673151756,0.15,,1.6997256797441778,3405147.909873565,0.0,4866404.090126434,4866404.090126434,0,False
2017-04-27,2017-04-26,2017-03-31,0.044993011673151756,0.15,,1.6968853936194923,3405474.4309060187,0.0,4886706.569093982,4886706.569093982,0,False
2017-04-28,2017-04-27,2017-03-31,0.044993011673151756,0.15,,1.6923074519994472,3405800.9832487083,0.0,4919492.016751291,4919492.016751291,0,False
2017-05-02,2017-04-28,2017-04-28,0.04413420646178093,0.1,,1.6880579639917068,3407107.31787242,0.0,4951773.68212758,4951773.68212758,0,False
2017-05-03,2017-05-02,2017-04-28,0.04413420646178093,0.1,,1.6834215755011317,3407434.026793312,0.0,4985844.973206688,4985844.973206688,0,False
2017-05-04,2017-05-03,2017-04-28,0.04413420646178093,0.1,,1.6953757741750197,3407760.767042456,0.0,4900603.232957544,4900603.232957544,0,False
2017-05-05,2017-05-04,2017-04-28,0.04413420646178093,0.1,,1.7134344793684961,3408087.5386228575,0.0,4777015.461377142,4777015.461377142,0,False
2017-05-08,2017-05-05,2017-04-28,0.04413420646178093,0.1,,1.7184656773615383,3409067.947366845,0.0,4744928.052633155,4744928.052633155,0,False
2017-05-09,2017-05-08,2017-04-28,0.04413420646178093,0.1,,1.717343852723164,3409394.8442933047,0.0,4752804.155706695,4752804.155706695,0,False
2017-05-10,2017-05-09,2017-04-28,0.04413420646178093,0.1,,1.721821494508274,3409721.772566045,0.0,4723774.227433955,4723774.227433955,0,False
2017-05-11,2017-05-10,2017-04-28,0.04413420646178093,0.1,,1.713174730799481,3410048.732188072,0.0,4781505.267811928,4781505.267811928,0,False
2017-05-12,2017-05-11,2017-04-28,0.04413420646178093,0.1,,1.7159173785802502,3410375.7231623917,0.0,4763644.276837608,4763644.276837608,0,False
2017-05-15,2017-05-12,2017-04-28,0.04413420646178093,0.1,,1.6941770201327049,3411356.790151247,0.0,4914246.209848753,4914246.209848753,0,False
2017-05-16,2017-05-15,2017-04-28,0.04413420646178093,0.1,,1.6883783902258163,3411683.906555782,0.0,4956117.093444218,4956117.093444218,0,False
2017-05-17,2017-05-16,2017-04-28,0.04413420646178093,0.1,,1.6924911215395202,3412011.0543276435,0.0,4927154.9456723565,4927154.9456723565,0,False
2017-05-18,2017-05-17,2017-04-28,0.04413420646178093,0.1,,1.6960203082276024,3412338.233469839,0.0,4902641.766530161,4902641.766530161,0,False
2017-05-19,2017-05-18,2017-04-28,0.04413420646178093,0.1,,1.6943911288867501,3412665.4439853774,0.0,4914615.556014623,4914615.556014623,0,False
2017-05-22,2017-05-19,2017-04-28,0.04413420646178093,0.1,,1.6904736719716051,3413647.1696610446,0.0,4943920.830338955,4943920.830338955,0,False
2017-05-23,2017-05-22,2017-04-28,0.04413420646178093,0.1,,1.6726091113048998,3413974.505691012,0.0,5075718.494308988,5075718.494308988,0,False
2017-05-24,2017-05-23,2017-04-28,0.04413420646178093,0.1,,1.670060066161115,3414301.873109366,0.0,5095516.126890634,5095516.126890634,0,False
2017-05-25,2017-05-24,2017-04-28,0.04413420646178093,0.1,,1.6656153395843336,3491894.770189116,0.0,5246115.229810884,5246115.229810884,0,False
2017-05-26,2017-05-25,2017-04-28,0.04413420646178093,0.1,,1.6655100837824295,3512676.8138336544,0.0,5278172.186166346,5278172.186166346,0,False
2017-05-31,2017-05-26,2017-04-28,0.04413420646178093,0.1,,1.6680204933392726,3514360.973949876,0.0,5260858.026050124,5260858.026050124,0,False
2017-06-01,2017-05-31,2017-05-31,0.04171901167315176,0.08333333333333333,,1.66565452722374,3538482.205257926,0.0,5315793.794742074,5315793.794742074,0,False
2017-06-02,2017-06-01,2017-05-31,0.04171901167315176,0.08333333333333333,,1.6656843085968316,3646033.303770759,0.0,5477120.696229241,5477120.696229241,0,False
2017-06-05,2017-06-02,2017-05-31,0.04171901167315176,0.08333333333333333,,1.666514422225414,3647082.1626663646,0.0,5471872.837333635,5471872.837333635,0,False
2017-06-06,2017-06-05,2017-05-31,0.04171901167315176,0.08333333333333333,,1.671050850190146,3647431.8828737433,0.0,5435403.117126256,5435403.117126256,0,False
2017-06-07,2017-06-06,2017-05-31,0.04171901167315176,0.08333333333333333,,1.6654892701864425,3658166.740415937,0.0,5496958.259584064,5496958.259584064,0,False
2017-06-08,2017-06-07,2017-05-31,0.04171901167315176,0.08333333333333333,,1.665767816560891,3676647.7047780314,0.0,5522417.295221969,5522417.295221969,0,False
2017-06-09,2017-06-08,2017-05-31,0.04171901167315176,0.08333333333333333,,1.659919544679106,3677000.260037394,0.0,5571891.739962606,5571891.739962606,0,False
2017-06-12,2017-06-09,2017-05-31,0.04171901167315176,0.08333333333333333,,1.6524065484059387,3678058.0272354865,0.0,5637677.972764513,5637677.972764513,0,False
2017-06-13,2017-06-12,2017-05-31,0.04171901167315176,0.08333333333333333,,1.6515290508831957,3678410.717731249,0.0,5645812.282268751,5645812.282268751,0,False
2017-06-14,2017-06-13,2017-05-31,0.04171901167315176,0.08333333333333333,,1.6657705122947066,3702121.6755766477,0.0,5560657.324423352,5560657.324423352,0,False
2017-06-15,2017-06-14,2017-05-31,0.04171901167315176,0.08333333333333333,,1.6656547773556238,3721587.1969855386,0.0,5590866.803014461,5590866.803014461,0,False
2017-06-16,2017-06-15,2017-05-31,0.04171901167315176,0.08333333333333333,,1.67209189538404,3721944.0615112768,0.0,5537849.938488724,5537849.938488724,0,False
2017-06-19,2017-06-16,2017-05-31,0.04171901167315176,0.08333333333333333,,1.6659193535475714,3756088.08842815,0.0,5640454.91157185,5640454.91157185,0,False
2017-06-20,2017-06-19,2017-05-31,0.04171901167315176,0.08333333333333333,,1.6659702158918788,3764783.3445585473,0.0,5653080.655441453,5653080.655441453,0,False
2017-06-21,2017-06-20,2017-05-31,0.04171901167315176,0.08333333333333333,,1.6659045490751367,3799947.0111906286,0.0,5706443.988809371,5706443.988809371,0,False
2017-06-22,2017-06-21,2017-05-31,0.04171901167315176,0.08333333333333333,,1.6658797964979084,3802416.410671154,0.0,5710364.589328846,5710364.589328846,0,False
2017-06-23,2017-06-22,2017-05-31,0.04171901167315176,0.08333333333333333,,1.665893024945789,3849602.4941034103,0.0,5781112.50589659,5781112.50589659,0,False
2017-06-26,2017-06-23,2017-05-31,0.04171901167315176,0.08333333333333333,,1.6658044183143803,3970183.0545989745,0.0,5962986.945401026,5962986.945401026,0,False
2017-06-27,2017-06-26,2017-05-31,0.04171901167315176,0.08333333333333333,,1.6659523695540737,4002939.0807836624,0.0,6010848.919216338,6010848.919216338,0,False
2017-06-28,2017-06-27,2017-05-31,0.04171901167315176,0.08333333333333333,,1.6660368205320517,4003322.924257162,0.0,6010663.075742838,6010663.075742838,0,False
2017-06-29,2017-06-28,2017-05-31,0.04171901167315176,0.08333333333333333,,1.6658762531516884,4062681.29101757,0.0,6101255.70898243,6101255.70898243,0,False
2017-06-30,2017-06-29,2017-05-31,0.04171901167315176,0.08333333333333333,,1.6669785808806081,4063070.8631961606,0.0,6091756.136803839,6091756.136803839,0,False
2017-07-03,2017-06-30,2017-06-30,0.03899959895444361,0.08333333333333333,,1.6682140378264305,4064239.691800642,0.0,6082242.308199358,6082242.308199358,0,False
2017-07-04,2017-07-03,2017-06-30,0.03899959895444361,0.08333333333333333,,1.6658184184076488,4064629.413414924,0.0,6104711.5865850765,6104711.5865850765,0,False
2017-07-05,2017-07-04,2017-06-30,0.03899959895444361,0.08333333333333333,,1.6657445451622972,4094744.6261997717,0.0,6150624.373800228,6150624.373800228,0,False
2017-07-06,2017-07-05,2017-06-30,0.03899959895444361,0.08333333333333333,,1.6657050613685405,4192499.98166475,0.0,6297834.01833525,6297834.01833525,0,False
2017-07-07,2017-07-06,2017-06-30,0.03899959895444361,0.08333333333333333,,1.6657873381004713,4230251.375650937,0.0,6353757.624349063,6353757.624349063,0,False
2017-07-10,2017-07-07,2017-06-30,0.03899959895444361,0.08333333333333333,,1.6439263510938082,4231468.297279549,83076.0,6442339.702720451,6442339.702720451,0,False
2017-07-11,2017-07-10,2017-06-30,0.03899959895444361,0.08333333333333333,,1.6596861862837364,4188505.931693986,39707.87718045153,6289047.9454864655,6289047.9454864655,0,False
2017-07-12,2017-07-11,2017-06-30,0.03899959895444361,0.08333333333333333,,1.6658011145255534,4170058.6390822935,1248.750963664992,6261344.111881372,6261344.111881372,0,False
2017-07-13,2017-07-12,2017-06-30,0.03899959895444361,0.08333333333333333,,1.6659199191364937,4245714.171315253,0.0,6375712.828684747,6375712.828684747,0,False
2017-07-14,2017-07-13,2017-06-30,0.03899959895444361,0.08333333333333333,,1.661505455077515,4246121.294591954,0.0,6418875.705408046,6418875.705408046,0,False
2017-07-17,2017-07-14,2017-06-30,0.03899959895444361,0.08333333333333333,,1.6624834898339338,4247342.781539713,0.0,6411243.218460287,6411243.218460287,0,False
2017-07-18,2017-07-17,2017-06-30,0.03899959895444361,0.08333333333333333,,1.6612894971791479,4247750.060984518,0.0,6423434.939015482,6423434.939015482,0,False
2017-07-19,2017-07-18,2017-06-30,0.03899959895444361,0.08333333333333333,,1.6359661155247933,4248157.379483517,0.0,6679848.620516483,6679848.620516483,0,False
2017-07-20,2017-07-19,2017-06-30,0.03899959895444361,0.08333333333333333,,1.6656554705567295,4420453.737680454,0.0,6640753.262319546,6640753.262319546,0,False
2017-07-21,2017-07-20,2017-06-30,0.03899959895444361,0.08333333333333333,,1.6592202936308627,4418764.401207214,45820.154101229564,6633509.752894016,6633509.752894016,0,False
2017-07-24,2017-07-21,2017-06-30,0.03899959895444361,0.08333333333333333,,1.6656656611216225,4382253.760592959,2203.3037838870414,6579955.543190927,6579955.543190927,0,False
2017-07-25,2017-07-24,2017-06-30,0.03899959895444361,0.08333333333333333,,1.6737476065773196,4380470.672923101,0.0,6501649.327076899,6501649.327076899,0,False
2017-07-26,2017-07-25,2017-06-30,0.03899959895444361,0.08333333333333333,,1.6818489675065367,4380890.718056121,0.0,6425016.281943879,6425016.281943879,0,False
2017-07-27,2017-07-26,2017-06-30,0.03899959895444361,0.08333333333333333,,1.6861300169790736,4381310.803467441,0.0,6385540.196532559,6385540.196532559,0,False
2017-07-28,2017-07-27,2017-06-30,0.03899959895444361,0.08333333333333333,,1.6772387858761468,4381730.929160925,0.0,6469994.070839075,6469994.070839075,0,False
2017-07-31,2017-07-28,2017-06-30,0.03899959895444361,0.08333333333333333,,1.6657299955162157,4391531.512449451,0.0,6596565.487550549,6596565.487550549,0,False
2017-08-01,2017-07-31,2017-07-31,0.03630894049346879,0.06666666666666667,,1.6665541106403552,4391952.618210918,0.0,6589041.381789082,6589041.381789082,0,False
2017-08-02,2017-08-01,2017-07-31,0.03630894049346879,0.06666666666666667,,1.6721428601321942,4392373.764352391,0.0,6534881.235647609,6534881.235647609,0,False
2017-08-03,2017-08-02,2017-07-31,0.03630894049346879,0.06666666666666667,,1.672953102618077,4392794.950877739,0.0,6527639.049122261,6527639.049122261,0,False
2017-08-04,2017-08-03,2017-07-31,0.03630894049346879,0.06666666666666667,,1.6762486622344497,4393216.177790837,0.0,6496450.822209163,6496450.822209163,0,False
2017-08-07,2017-08-04,2017-07-31,0.03630894049346879,0.06666666666666667,,1.6700959663691561,4394479.979704997,0.0,6557986.020295003,6557986.020295003,0,False
2017-08-08,2017-08-07,2017-07-31,0.03630894049346879,0.06666666666666667,,1.6678475368099557,4394901.3681962015,0.0,6580695.6318037985,6580695.6318037985,0,False
2017-08-09,2017-08-08,2017-07-31,0.03630894049346879,0.06666666666666667,,1.661195170024409,4395322.797094522,0.0,6647542.202905478,6647542.202905478,0,False
2017-08-10,2017-08-09,2017-07-31,0.03630894049346879,0.06666666666666667,,1.6647791512629189,4395744.2664038325,0.0,6612337.7335961675,6612337.7335961675,0,False
2017-08-11,2017-08-10,2017-07-31,0.03630894049346879,0.06666666666666667,,1.6857101000881785,4396165.776128008,0.0,6411114.223871992,6411114.223871992,0,False
2017-08-14,2017-08-11,2017-07-31,0.03630894049346879,0.06666666666666667,,1.671328415053203,4397430.426556757,0.0,6550341.573443243,6550341.573443243,0,False
2017-08-15,2017-08-14,2017-07-31,0.03630894049346879,0.06666666666666667,,1.6646207362355625,4402312.503907522,0.0,6623796.496092478,6623796.496092478,0,False
2017-08-16,2017-08-15,2017-07-31,0.03630894049346879,0.06666666666666667,,1.655057685141239,4402734.643462691,0.0,6721140.356537309,6721140.356537309,0,False
2017-08-17,2017-08-16,2017-07-31,0.03630894049346879,0.06666666666666667,,1.6361326234007392,4403156.823496996,0.0,6921759.176503004,6921759.176503004,0,False
2017-08-18,2017-08-17,2017-07-31,0.03630894049346879,0.06666666666666667,,1.6340925082992799,4403579.044014318,0.0,6944694.955985682,6944694.955985682,0,False
2017-08-21,2017-08-18,2017-07-31,0.03630894049346879,0.06666666666666667,,1.6239112288559872,4404845.82702698,0.0,7060052.17297302,7060052.17297302,0,False
2017-08-22,2017-08-21,2017-07-31,0.03630894049346879,0.06666666666666667,,1.6657704803761586,4748169.924543545,0.0,7131842.075456455,7131842.075456455,0,False
2017-08-23,2017-08-22,2017-07-31,0.03630894049346879,0.06666666666666667,,1.6822018172793425,4748625.228508912,0.0,6960733.771491088,6960733.771491088,0,False
2017-08-24,2017-08-23,2017-07-31,0.03630894049346879,0.06666666666666667,,1.6706379357569163,4749080.576133563,0.0,7081437.423866437,7081437.423866437,0,False
2017-08-25,2017-08-24,2017-07-31,0.03630894049346879,0.06666666666666667,,1.6657449451050605,4901130.6410016855,0.0,7361874.3589983145,7361874.3589983145,0,False
2017-08-28,2017-08-25,2017-07-31,0.03630894049346879,0.06666666666666667,,1.6658008234680965,4989850.158295672,0.0,7494508.841704328,7494508.841704328,0,False
2017-08-29,2017-08-28,2017-07-31,0.03630894049346879,0.06666666666666667,,1.6772454388065805,4990328.637077975,0.0,7368567.362922025,7368567.362922025,0,False
2017-08-30,2017-08-29,2017-07-31,0.03630894049346879,0.06666666666666667,,1.6657038435628861,5000428.2579018045,0.0,7511490.7420981955,7511490.7420981955,0,False
2017-08-31,2017-08-30,2017-07-31,0.03630894049346879,0.06666666666666667,,1.6659159533405876,5011712.8590224255,0.0,7526044.1409775745,7526044.1409775745,0,False
2017-09-01,2017-08-31,2017-08-31,0.03578110951008646,0.06666666666666667,,1.6740278447878099,5012193.434228085,0.0,7436181.565771915,7436181.565771915,0,False
2017-09-04,2017-09-01,2017-08-31,0.03578110951008646,0.06666666666666667,,1.6659589279110913,5047293.634572726,0.0,7578986.365427274,7578986.365427274,0,False
2017-09-05,2017-09-04,2017-08-31,0.03578110951008646,0.06666666666666667,,1.6807085674317974,5047777.621633575,0.0,7415475.378366425,7415475.378366425,0,False
2017-09-06,2017-09-05,2017-08-31,0.03578110951008646,0.06666666666666667,,1.6800769358554724,5048261.655104143,0.0,7423074.344895857,7423074.344895857,0,False
2017-09-07,2017-09-06,2017-08-31,0.03578110951008646,0.06666666666666667,,1.6997829232356163,5048745.7349888785,0.0,7214731.2650111215,7214731.2650111215,0,False
2017-09-08,2017-09-07,2017-08-31,0.03578110951008646,0.06666666666666667,,1.6941322531919076,5049229.861292234,0.0,7274161.138707766,7274161.138707766,0,False
2017-09-11,2017-09-08,2017-08-31,0.03578110951008646,0.06666666666666667,,1.6898704968824403,5050682.37947151,0.0,7321203.62052849,7321203.62052849,0,False
2017-09-12,2017-09-11,2017-08-31,0.03578110951008646,0.06666666666666667,,1.6685363474347368,5051166.6914805,0.0,7555560.3085195,7555560.3085195,0,False
2017-09-13,2017-09-12,2017-08-31,0.03578110951008646,0.06666666666666667,,1.6659719059578808,5168797.858420368,0.0,7761285.141579632,7761285.141579632,0,False
2017-09-14,2017-09-13,2017-08-31,0.03578110951008646,0.06666666666666667,,1.6659826766673154,5174187.545411175,0.0,7769252.454588825,7769252.454588825,0,False
2017-09-15,2017-09-14,2017-08-31,0.03578110951008646,0.06666666666666667,,1.7035708629036919,5174683.700381283,0.0,7354886.299618717,7354886.299618717,0,False
2017-09-18,2017-09-15,2017-08-31,0.03578110951008646,0.06666666666666667,,1.7151334700870897,5176172.308021119,0.0,7238050.691978881,7238050.691978881,0,False
2017-09-19,2017-09-18,2017-08-31,0.03578110951008646,0.06666666666666667,,1.7150150775251982,5176668.653310929,0.0,7239943.346689071,7239943.346689071,0,False
2017-09-20,2017-09-19,2017-08-31,0.03578110951008646,0.06666666666666667,,1.701276653771008,5177165.046195493,0.0,7382485.953804507,7382485.953804507,0,False
2017-09-21,2017-09-20,2017-08-31,0.03578110951008646,0.06666666666666667,,1.7103988622470032,5177661.486679375,0.0,7288386.513320625,7288386.513320625,0,False
2017-09-22,2017-09-21,2017-08-31,0.03578110951008646,0.06666666666666667,,1.7134018263750264,5178157.974767139,0.0,7258403.025232861,7258403.025232861,0,False
2017-09-25,2017-09-22,2017-08-31,0.03578110951008646,0.06666666666666667,,1.7137162571685742,5179647.581855771,0.0,7257292.418144229,7257292.418144229,0,False
2017-09-26,2017-09-25,2017-08-31,0.03578110951008646,0.06666666666666667,,1.7035115988687521,5180144.260391017,0.0,7363267.739608983,7363267.739608983,0,False
2017-09-27,2017-09-26,2017-08-31,0.03578110951008646,0.06666666666666667,,1.697256323208165,5180640.986552972,0.0,7430038.013447028,7430038.013447028,0,False
2017-09-28,2017-09-27,2017-08-31,0.03578110951008646,0.06666666666666667,,1.7000319799219894,5181137.760346203,0.0,7401287.239653797,7401287.239653797,0,False
2017-09-29,2017-09-28,2017-08-31,0.03578110951008646,0.06666666666666667,,1.7019751235339784,5181634.581775278,0.0,7381507.418224722,7381507.418224722,0,False
2017-10-09,2017-09-29,2017-09-29,0.03617057989877079,0.08333333333333333,,1.7054305665173668,5186603.272470131,0.0,7352393.727529869,7352393.727529869,0,False
2017-10-10,2017-10-09,2017-09-29,0.03617057989877079,0.08333333333333333,,1.713599867021057,5187100.617989409,0.0,7268920.382010591,7268920.382010591,0,False
2017-10-11,2017-10-10,2017-09-29,0.03617057989877079,0.08333333333333333,,1.7216863978536059,5187598.011199353,0.0,7188160.988800647,7188160.988800647,0,False
2017-10-12,2017-10-11,2017-09-29,0.03617057989877079,0.08333333333333333,,1.7272358945251536,5188095.452104537,0.0,7133992.547895463,7133992.547895463,0,False
2017-10-13,2017-10-12,2017-09-29,0.03617057989877079,0.08333333333333333,,1.7159517003442084,5188592.940709533,0.0,7247127.059290467,7247127.059290467,0,False
2017-10-16,2017-10-13,2017-09-29,0.03617057989877079,0.08333333333333333,,1.7194530286150673,5190085.549637683,0.0,7213932.450362317,7213932.450362317,0,False
2017-10-17,2017-10-16,2017-09-29,0.03617057989877079,0.08333333333333333,,1.728650094522768,5190583.229073949,0.0,7123560.770926051,7123560.770926051,0,False
2017-10-18,2017-10-17,2017-09-29,0.03617057989877079,0.08333333333333333,,1.7239046179611026,5191080.956232902,0.0,7170946.043767098,7170946.043767098,0,False
2017-10-19,2017-10-18,2017-09-29,0.03617057989877079,0.08333333333333333,,1.7344495458746634,5191578.731119116,0.0,7068666.268880884,7068666.268880884,0,False
2017-10-20,2017-10-19,2017-09-29,0.03617057989877079,0.08333333333333333,,1.7141257719264293,5141871.553737168,0.0,7200232.446262832,7200232.446262832,0,False
2017-10-23,2017-10-20,2017-09-29,0.03617057989877079,0.08333333333333333,,1.714661047371988,5143350.722266326,0.0,7196909.277733674,7196909.277733674,0,False
2017-10-24,2017-10-23,2017-09-29,0.03617057989877079,0.08333333333333333,,1.702722910467771,5143843.92028079,0.0,7319875.07971921,7319875.07971921,0,False
2017-10-25,2017-10-24,2017-09-29,0.03617057989877079,0.08333333333333333,,1.689771506689399,5144337.165588214,0.0,7458030.834411786,7458030.834411786,0,False
2017-10-26,2017-10-25,2017-09-29,0.03617057989877079,0.08333333333333333,,1.6813942872253265,5144830.458193134,0.0,7550445.541806866,7550445.541806866,0,False
2017-10-27,2017-10-26,2017-09-29,0.03617057989877079,0.08333333333333333,,1.6815197717047479,5145323.798100084,0.0,7549779.201899916,7549779.201899916,0,False
2017-10-30,2017-10-27,2017-09-29,0.03617057989877079,0.08333333333333333,,1.689480993000646,5146803.959740633,0.0,7464751.040259367,7464751.040259367,0,False
2017-10-31,2017-10-30,2017-09-29,0.03617057989877079,0.08333333333333333,,1.6697025735409337,5147297.488887457,0.0,7685945.511112543,7685945.511112543,0,False
2017-11-01,2017-10-31,2017-10-31,0.03333733526011561,0.06666666666666667,,1.6815033066300684,5147791.0653589945,0.0,7553581.9346410055,7553581.9346410055,0,False
2017-11-02,2017-11-01,2017-10-31,0.03333733526011561,0.06666666666666667,,1.6827904635995905,5148284.689159783,0.0,7540065.310840217,7540065.310840217,0,False
2017-11-03,2017-11-02,2017-10-31,0.03333733526011561,0.06666666666666667,,1.699339302027243,5148778.36029436,0.0,7362346.63970564,7362346.63970564,0,False
2017-11-06,2017-11-03,2017-10-31,0.03333733526011561,0.06666666666666667,,1.6790025133537299,5150259.515713074,0.0,7585037.484286926,7585037.484286926,0,False
2017-11-07,2017-11-06,2017-10-31,0.03333733526011561,0.06666666666666667,,1.6743594757888587,5150753.376214581,0.0,7637993.623785419,7637993.623785419,0,False
2017-11-08,2017-11-07,2017-10-31,0.03333733526011561,0.06666666666666667,,1.6768570267483112,5151247.284072574,0.0,7610539.715927426,7610539.715927426,0,False
2017-11-09,2017-11-08,2017-10-31,0.03333733526011561,0.06666666666666667,,1.6659976621991535,5299294.468361596,0.0,7956926.531638404,7956926.531638404,0,False
2017-11-10,2017-11-09,2017-10-31,0.03333733526011561,0.06666666666666667,,1.67269350993919,5299802.619885959,0.0,7878480.380114041,7878480.380114041,0,False
2017-11-13,2017-11-10,2017-10-31,0.03333733526011561,0.06666666666666667,,1.6659588554216673,5521851.4756396245,0.0,8291580.5243603755,8291580.5243603755,0,False
2017-11-14,2017-11-13,2017-10-31,0.03333733526011561,0.06666666666666667,,1.66597742576841,5728224.608556877,0.0,8601229.391443122,8601229.391443122,0,False
2017-11-15,2017-11-14,2017-10-31,0.03333733526011561,0.06666666666666667,,1.6749079391554647,5728773.890368656,0.0,8488230.109631345,8488230.109631345,0,False
2017-11-16,2017-11-15,2017-10-31,0.03333733526011561,0.06666666666666667,,1.666146093746906,5729323.224851294,0.0,8600700.775148705,8600700.775148705,0,False
2017-11-17,2017-11-16,2017-10-31,0.03333733526011561,0.06666666666666667,,1.6746066002565587,5729872.612009842,0.0,8493650.387990158,8493650.387990158,0,False
2017-11-20,2017-11-17,2017-10-31,0.03333733526011561,0.06666666666666667,,1.6659879317870223,5740106.017328365,0.0,8618933.982671635,8618933.982671635,0,False
2017-11-21,2017-11-20,2017-10-31,0.03333733526011561,0.06666666666666667,,1.6708225719033327,5740656.438453314,0.0,8557637.561546687,8557637.561546687,0,False
2017-11-22,2017-11-21,2017-10-31,0.03333733526011561,0.06666666666666667,,1.6659151730557649,5923742.98911837,0.0,8895642.010881629,8895642.010881629,0,False
2017-11-23,2017-11-22,2017-10-31,0.03333733526011561,0.06666666666666667,,1.6933270346514295,5924311.019268012,0.0,8544756.980731988,8544756.980731988,0,False
2017-11-24,2017-11-23,2017-10-31,0.03333733526011561,0.06666666666666667,,1.6991678584057988,5924879.103886298,0.0,8474186.896113701,8474186.896113701,0,False
2017-11-27,2017-11-24,2017-10-31,0.03333733526011561,0.06666666666666667,,1.732496064168593,5926583.521162759,0.0,8090942.478837241,8090942.478837241,0,False
2017-11-28,2017-11-27,2017-10-31,0.03333733526011561,0.06666666666666667,,1.6919234280537914,5927151.823692185,0.0,8566196.176307816,8566196.176307816,0,False
2017-11-29,2017-11-28,2017-10-31,0.03333733526011561,0.06666666666666667,,1.6659304851838928,5931860.2220663745,0.0,8907626.777933626,8907626.777933626,0,False
2017-11-30,2017-11-29,2017-10-31,0.03333733526011561,0.06666666666666667,,1.6816764501872743,5932429.03058082,0.0,8702704.969419181,8702704.969419181,0,False
2017-12-01,2017-11-30,2017-11-30,0.033510296162201296,0.08333333333333333,,1.702184847708578,5932997.893638547,0.0,8449339.106361452,8449339.106361452,0,False
2017-12-04,2017-12-01,2017-11-30,0.033510296162201296,0.08333333333333333,,1.7150005913866269,5934704.646457264,0.0,8300279.353542736,8300279.353542736,0,False
2017-12-05,2017-12-04,2017-11-30,0.033510296162201296,0.08333333333333333,,1.712629045792677,5935273.727724733,0.0,8328700.272275267,8328700.272275267,0,False
2017-12-06,2017-12-05,2017-11-30,0.033510296162201296,0.08333333333333333,,1.7335865563578698,5935842.863561638,0.0,8091537.136438362,8091537.136438362,0,False
2017-12-07,2017-12-06,2017-11-30,0.033510296162201296,0.08333333333333333,,1.768941790830678,5936412.053973212,0.0,7720235.946026788,7720235.946026788,0,False
2017-12-08,2017-12-07,2017-11-30,0.033510296162201296,0.08333333333333333,,1.7586452250785893,5936981.298964689,0.0,7825767.701035311,7825767.701035311,0,False
2017-12-11,2017-12-08,2017-11-30,0.033510296162201296,0.08333333333333333,,1.7361345107008237,5938689.197694528,0.0,8067396.802305472,8067396.802305472,0,False
2017-12-12,2017-12-11,2017-11-30,0.033510296162201296,0.08333333333333333,,1.7662291736157885,5939258.661042252,0.0,7751282.338957748,7751282.338957748,0,False
2017-12-13,2017-12-12,2017-11-30,0.033510296162201296,0.08333333333333333,,1.7587991713287883,5939828.17899605,0.0,7827931.82100395,7827931.82100395,0,False
2017-12-14,2017-12-13,2017-11-30,0.033510296162201296,0.08333333333333333,,1.7623525655121397,5940397.751561159,0.0,7792192.248438841,7792192.248438841,0,False
2017-12-15,2017-12-14,2017-11-30,0.033510296162201296,0.08333333333333333,,1.793965306888635,5940967.378742816,0.0,7482653.621257184,7482653.621257184,0,False
2017-12-18,2017-12-15,2017-11-30,0.033510296162201296,0.08333333333333333,,1.7561013361768802,5942676.424153139,0.0,7859629.575846861,7859629.575846861,0,False
2017-12-19,2017-12-18,2017-11-30,0.033510296162201296,0.08333333333333333,,1.7431313491597777,5943246.269837647,0.0,7997571.730162353,7997571.730162353,0,False
2017-12-20,2017-12-19,2017-11-30,0.033510296162201296,0.08333333333333333,,1.7471891290816968,5943816.1701648915,0.0,7954901.8298351085,7954901.8298351085,0,False
2017-12-21,2017-12-20,2017-11-30,0.033510296162201296,0.08333333333333333,,1.7278136810554963,5944386.125140113,0.0,8167455.874859887,8167455.874859887,0,False
2017-12-22,2017-12-21,2017-11-30,0.033510296162201296,0.08333333333333333,,1.720870054961037,5944956.134768551,0.0,8246917.865231449,8246917.865231449,0,False
2017-12-25,2017-12-22,2017-11-30,0.033510296162201296,0.08333333333333333,,1.7275298269073505,5946666.327629238,0.0,8173776.672370762,8173776.672370762,0,False
2017-12-26,2017-12-25,2017-11-30,0.033510296162201296,0.08333333333333333,,1.7168432472495474,5947236.55590723,0.0,8296425.44409277,8296425.44409277,0,False
2017-12-27,2017-12-26,2017-11-30,0.033510296162201296,0.08333333333333333,,1.7217292362706875,5947806.838864646,0.0,8241050.161135354,8241050.161135354,0,False
2017-12-28,2017-12-27,2017-11-30,0.033510296162201296,0.08333333333333333,,1.7031218735771159,5948377.176506729,0.0,8459951.823493272,8459951.823493272,0,False
2017-12-29,2017-12-28,2017-11-30,0.033510296162201296,0.08333333333333333,,1.708160206746457,5948947.568838723,0.0,8400567.431161277,8400567.431161277,0,False
2018-01-02,2017-12-29,2017-12-29,0.03236737722419928,0.05,,1.6613082790023814,5951229.356947319,0.0,8999175.643052682,8999175.643052682,0,False
2018-01-03,2018-01-02,2017-12-29,0.03236737722419928,0.05,,1.6725410564508152,5951800.022776067,0.0,8849719.977223933,8849719.977223933,0,False
2018-01-04,2018-01-03,2017-12-29,0.03236737722419928,0.05,,1.6667578367101634,5952370.743326196,0.0,8927335.256673804,8927335.256673804,0,False
2018-01-05,2018-01-04,2017-12-29,0.03236737722419928,0.05,,1.6595055599447976,5952941.518602953,0.0,9026370.481397048,9026370.481397048,0,False
2018-01-08,2018-01-05,2017-12-29,0.03236737722419928,0.05,,1.6078010891727625,5954654.008628853,0.0,9797043.991371147,9797043.991371147,0,False
2018-01-09,2018-01-08,2017-12-29,0.03236737722419928,0.05,,1.617374085803324,5955225.002848858,0.0,9646055.997151142,9646055.997151142,0,False
2018-01-10,2018-01-09,2017-12-29,0.03236737722419928,0.05,,1.615891207690495,5955796.051821734,0.0,9670207.948178265,9670207.948178265,0,False
2018-01-11,2018-01-10,2017-12-29,0.03236737722419928,0.05,,1.665966950967328,6121571.32601273,0.0,9192004.67398727,9192004.67398727,0,False
2018-01-12,2018-01-11,2017-12-29,0.03236737722419928,0.05,,1.6669307896306456,6122158.326002895,0.0,9179600.673997104,9179600.673997104,0,False
2018-01-15,2018-01-12,2017-12-29,0.03236737722419928,0.05,,1.6931002503645372,6123919.494836402,0.0,8835546.505163599,8835546.505163599,0,False
2018-01-16,2018-01-15,2017-12-29,0.03236737722419928,0.05,,1.670656751484861,6124506.719993441,0.0,9132103.280006558,9132103.280006558,0,False
2018-01-17,2018-01-16,2017-12-29,0.03236737722419928,0.05,,1.666009775043558,6115938.6050278125,127.05404807056766,9182765.44902026,9182765.44902026,0,False
2018-01-18,2018-01-17,2017-12-29,0.03236737722419928,0.05,,1.6611685025317366,6120523.663495978,0.0,9257131.336504022,9257131.336504022,0,False
2018-01-19,2018-01-18,2017-12-29,0.03236737722419928,0.05,,1.6659646518469302,6253667.884185354,0.0,9390390.115814645,9390390.115814645,0,False
2018-01-22,2018-01-19,2017-12-29,0.03236737722419928,0.05,,1.6659302648206267,6404723.3009356,0.0,9617708.6990644,9617708.6990644,0,False
2018-01-23,2018-01-22,2017-12-29,0.03236737722419928,0.05,,1.665975957609522,6527444.882825005,0.0,9801322.117174994,9801322.117174994,0,False
2018-01-24,2018-01-23,2017-12-29,0.03236737722419928,0.05,,1.6812404774189849,6528070.802197331,0.0,9582623.19780267,9582623.19780267,0,False
2018-01-25,2018-01-24,2017-12-29,0.03236737722419928,0.05,,1.6668147606851953,6528696.781589322,0.0,9790870.218410678,9790870.218410678,0,False
2018-01-26,2018-01-25,2017-12-29,0.03236737722419928,0.05,,1.6659677138073912,6620662.451086734,0.0,9941416.548913267,9941416.548913267,0,False
2018-01-29,2018-01-26,2017-12-29,0.03236737722419928,0.05,,1.665956199890122,6809017.532516499,0.0,10224422.467483502,10224422.467483502,0,False
2018-01-30,2018-01-29,2017-12-29,0.03236737722419928,0.05,,1.682347601710889,6809670.452005918,0.0,9979767.54799408,9979767.54799408,0,False
2018-01-31,2018-01-30,2017-12-29,0.03236737722419928,0.05,,1.6796169347229049,6810323.434104056,0.0,10020826.565895945,10020826.565895945,0,False
2018-02-01,2018-01-31,2018-01-31,0.02669278472679395,0.03333333333333333,1.0,0.9999765020309266,0.0,234.6884730838865,9987606.688473083,9987606.688473083,6,False
2018-02-02,2018-02-01,2018-01-31,0.02669278472679395,0.03333333333333333,1.0,0.9999777657867338,0.0,234.6884730838865,10555285.688473083,10555285.688473083,0,False
2018-02-05,2018-02-02,2018-01-31,0.02669278472679395,0.03333333333333333,1.0,0.9999778028678742,0.0,234.6884730838865,10572918.688473083,10572918.688473083,0,False
2018-02-06,2018-02-05,2018-01-31,0.02669278472679395,0.03333333333333333,1.0,0.9999769265115822,0.0,234.6884730838865,10171347.688473083,10171347.688473083,0,False
2018-02-07,2018-02-06,2018-01-31,0.02669278472679395,0.03333333333333333,1.0,0.9999761899225875,0.0,234.6884730838865,9856686.688473085,9856686.688473085,0,False
2018-02-08,2018-02-07,2018-01-31,0.02669278472679395,0.03333333333333333,1.0,0.9999754483556672,0.0,234.6884730838865,9558971.688473085,9558971.688473085,0,False
2018-02-09,2018-02-08,2018-01-31,0.02669278472679395,0.03333333333333333,1.0,0.9999737918263953,0.0,234.6884730838865,8954781.688473083,8954781.688473083,0,False
2018-02-12,2018-02-09,2018-01-31,0.02669278472679395,0.03333333333333333,1.0,0.9999740546730175,0.0,234.6884730838865,9045500.688473083,9045500.688473083,0,False
2018-02-13,2018-02-12,2018-01-31,0.02669278472679395,0.03333333333333333,1.0,0.9999744874901545,0.0,234.6884730838865,9198956.688473083,9198956.688473083,0,False
2018-02-14,2018-02-13,2018-01-31,0.02669278472679395,0.03333333333333333,1.0,0.9999749037746275,0.0,234.6884730838865,9351544.688473083,9351544.688473083,0,False
2018-02-22,2018-02-14,2018-01-31,0.02669278472679395,0.03333333333333333,1.0,0.9999756352604597,0.0,234.6884730838865,9632299.688473085,9632299.688473085,0,False
2018-02-23,2018-02-22,2018-01-31,0.02669278472679395,0.03333333333333333,1.0,0.9999757581170771,0.0,234.6884730838865,9681115.688473083,9681115.688473083,0,False
2018-02-26,2018-02-23,2018-01-31,0.02669278472679395,0.03333333333333333,1.0,0.9999761849139396,0.0,234.6884730838865,9854613.688473083,9854613.688473083,0,False
2018-02-27,2018-02-26,2018-01-31,0.02669278472679395,0.03333333333333333,1.0,0.9999751290232443,0.0,234.6884730838865,9436238.688473083,9436238.688473083,0,False
2018-02-28,2018-02-27,2018-01-31,0.02669278472679395,0.03333333333333333,1.0,0.9999750511088444,0.0,234.6884730838865,9406769.688473085,9406769.688473085,0,False
2018-03-01,2018-02-28,2018-02-28,0.032619529745042494,0.08333333333333333,,1.0499029979991301,469016.9235269161,0.0,9398572.076473083,9398572.076473083,0,False
2018-03-02,2018-03-01,2018-02-28,0.032619529745042494,0.08333333333333333,,1.1010315177073549,928095.3858824598,0.0,9186196.61411754,9186196.61411754,0,False
2018-03-05,2018-03-02,2018-02-28,0.032619529745042494,0.08333333333333333,,1.1521976129756943,1381872.2528263438,0.0,9079460.747173656,9079460.747173656,0,False
2018-03-06,2018-03-05,2018-02-28,0.032619529745042494,0.08333333333333333,,1.1987050926089298,1845753.7679045598,0.0,9288910.23209544,9288910.23209544,0,False
2018-03-07,2018-03-06,2018-02-28,0.032619529745042494,0.08333333333333333,,1.2520597069093944,2302759.003571893,0.0,9135767.996428106,9135767.996428106,0,False
2018-03-08,2018-03-07,2018-02-28,0.032619529745042494,0.08333333333333333,,1.252124992222486,2302979.8160790848,0.0,9134278.183920916,9134278.183920916,0,False
2018-03-09,2018-03-08,2018-02-28,0.032619529745042494,0.08333333333333333,,1.2525980137292745,2303200.6497600786,0.0,9118047.350239921,9118047.350239921,0,False
2018-03-12,2018-03-09,2018-02-28,0.032619529745042494,0.08333333333333333,,1.2465585455238501,2303863.2143305577,0.0,9344081.785669442,9344081.785669442,0,False
2018-03-13,2018-03-12,2018-02-28,0.032619529745042494,0.08333333333333333,,1.2481095705794059,2304084.132720973,0.0,9286558.867279027,9286558.867279027,0,False
2018-03-14,2018-03-13,2018-02-28,0.032619529745042494,0.08333333333333333,,1.2457901833544882,2304305.0722953435,0.0,9375089.927704656,9375089.927704656,0,False
2018-03-15,2018-03-14,2018-02-28,0.032619529745042494,0.08333333333333333,,1.2449288546473936,2304526.0330557004,0.0,9408960.9669443,9408960.9669443,0,False
2018-03-16,2018-03-15,2018-02-28,0.032619529745042494,0.08333333333333333,,1.2477725190783393,2304747.0150040756,0.0,9301866.984995924,9301866.984995924,0,False
2018-03-19,2018-03-16,2018-02-28,0.032619529745042494,0.08333333333333333,,1.2553759291073419,2305410.0244193505,0.0,9027514.97558065,9027514.97558065,0,False
2018-03-20,2018-03-19,2018-02-28,0.032619529745042494,0.08333333333333333,,1.25594940165971,2305631.091134021,0.0,9008151.908865979,9008151.908865979,0,False
2018-03-21,2018-03-20,2018-02-28,0.032619529745042494,0.08333333333333333,,1.2587806124067251,2305852.1790468697,0.0,8910451.82095313,8910451.82095313,0,False
2018-03-22,2018-03-21,2018-02-28,0.032619529745042494,0.08333333333333333,,1.260546029170833,2306073.288159929,0.0,8850924.71184007,8850924.71184007,0,False
2018-03-23,2018-03-22,2018-02-28,0.032619529745042494,0.08333333333333333,,1.3138378425906263,2742008.341735232,0.0,8737022.658264767,8737022.658264767,0,False
2018-03-26,2018-03-23,2018-02-28,0.032619529745042494,0.08333333333333333,,1.322777699195594,2743695.9843154573,0.0,8500265.015684543,8500265.015684543,0,False
2018-03-27,2018-03-26,2018-02-28,0.032619529745042494,0.08333333333333333,,1.2639223508136133,2743959.0784509396,435154.39379999996,8748045.315349057,8748045.315349057,0,False
2018-03-28,2018-03-27,2018-02-28,0.032619529745042494,0.08333333333333333,,1.2206114446231005,2744222.1978146266,860065.0400999999,8540613.842285374,8540613.842285374,0,False
2018-03-29,2018-03-28,2018-02-28,0.032619529745042494,0.08333333333333333,,1.163183424867484,2744485.3424089374,1301412.65373,8843255.311321061,8843255.311321061,0,False
2018-03-30,2018-03-29,2018-02-28,0.032619529745042494,0.08333333333333333,,1.1131233758572352,2744748.5122362915,1743163.02153,8853921.509293709,8853921.509293709,0,False
2018-04-02,2018-03-30,2018-03-30,0.037387315632011975,0.2,,1.1063798861488434,2745538.097424743,1795231.24053,8933144.143105255,8933144.143105255,0,False
2018-04-03,2018-04-02,2018-03-30,0.037387315632011975,0.2,,1.104673447460449,2745801.3682012088,1795231.24053,9081291.87232879,9081291.87232879,0,False
2018-04-04,2018-04-03,2018-03-30,0.037387315632011975,0.2,,1.1057192299807423,2746064.664222817,1795231.24053,8993949.576307181,8993949.576307181,0,False
2018-04-09,2018-04-04,2018-03-30,0.037387315632011975,0.2,,1.104967849642672,2747381.270568677,1795231.24053,9070872.969961323,9070872.969961323,0,False
2018-04-10,2018-04-09,2018-03-30,0.037387315632011975,0.2,,1.1030705504629361,2747644.718087773,1795231.24053,9240403.522442225,9240403.522442225,0,False
2018-04-11,2018-04-10,2018-03-30,0.037387315632011975,0.2,,1.1038061895988884,2747908.1908689593,1795231.24053,9177458.04966104,9177458.04966104,0,False
2018-04-12,2018-04-11,2018-03-30,0.037387315632011975,0.2,,1.1056675959746658,2748171.688914659,1795231.24053,9018284.55161534,9018284.55161534,0,False
2018-04-13,2018-04-12,2018-03-30,0.037387315632011975,0.2,,1.1038282950269669,2748435.2122272947,1795231.24053,9180580.028302707,9180580.028302707,0,False
2018-04-16,2018-04-13,2018-03-30,0.037387315632011975,0.2,,1.1077116900971915,2749225.857973278,1795231.24053,8856927.382556722,8856927.382556722,0,False
2018-04-17,2018-04-16,2018-03-30,0.037387315632011975,0.2,,1.1087358320617526,2749489.482370618,1795231.24053,8775931.75815938,8775931.75815938,0,False
2018-04-18,2018-04-17,2018-03-30,0.037387315632011975,0.2,,1.1079146095406662,2749753.1320470097,1795231.24053,8845159.10848299,8845159.10848299,0,False
2018-04-19,2018-04-18,2018-03-30,0.037387315632011975,0.2,,1.107159686518198,2750016.8070048774,1795231.24053,8909932.433525123,8909932.433525123,0,False
2018-04-20,2018-04-19,2018-03-30,0.037387315632011975,0.2,,1.109484715394905,2750280.507246645,1795231.24053,8723128.733283354,8723128.733283354,0,False
2018-04-23,2018-04-20,2018-03-30,0.037387315632011975,0.2,,1.109303221112849,2751071.6838309215,1795231.24053,8744851.556699079,8744851.556699079,0,False
2018-04-24,2018-04-23,2018-03-30,0.037387315632011975,0.2,,1.1055564054681988,2751335.4852252617,1795231.24053,9057756.755304737,9057756.755304737,0,False
2018-04-25,2018-04-24,2018-03-30,0.037387315632011975,0.2,,1.1066092802213225,2751599.311915626,1795231.24053,8970776.928614374,8970776.928614374,0,False
2018-04-26,2018-04-25,2018-03-30,0.037387315632011975,0.2,,1.1078112438792835,2751863.1639044397,1795231.24053,8873211.076625561,8873211.076625561,0,False
2018-04-27,2018-04-26,2018-03-30,0.037387315632011975,0.2,,1.1068221914922807,2752127.0411941293,1795231.24053,8957837.19933587,8957837.19933587,0,False
2018-05-02,2018-04-27,2018-04-27,0.04212893563579278,0.26666666666666666,,1.1077530153576025,2753446.5541590853,1795231.24053,8892700.686370913,8892700.686370913,0,False
2018-05-03,2018-05-02,2018-04-27,0.04212893563579278,0.26666666666666666,,1.1576536937682946,2753710.583280717,1352970.59721,8884917.013929281,8884917.013929281,0,False
2018-05-04,2018-05-03,2018-04-27,0.04212893563579278,0.26666666666666666,,1.2140192924143365,2753974.6377202095,845616.79443,8916756.15670979,8916756.15670979,0,False
2018-05-07,2018-05-04,2018-04-27,0.04212893563579278,0.26666666666666666,,1.2734162099715671,2754766.8769995538,265686.00906000007,9103633.132060446,9103633.132060446,0,False
2018-05-08,2018-05-07,2018-04-27,0.04212893563579278,0.26666666666666666,,1.3184015858387366,2949135.5950674852,0.0,9262314.404932514,9262314.404932514,0,False
2018-05-09,2018-05-08,2018-04-27,0.04212893563579278,0.26666666666666666,,1.3694869775113019,3410269.07689167,0.0,9229740.92310833,9229740.92310833,0,False
2018-05-10,2018-05-09,2018-04-27,0.04212893563579278,0.26666666666666666,,1.373914446354448,3464677.0372449337,0.0,9265961.962755065,9265961.962755065,0,False
2018-05-11,2018-05-10,2018-04-27,0.04212893563579278,0.26666666666666666,,1.382530531264841,3465009.266549875,0.0,9058124.733450126,9058124.733450126,0,False
2018-05-14,2018-05-11,2018-04-27,0.04212893563579278,0.26666666666666666,,1.395218117742641,3645443.7860175124,0.0,9223878.213982487,9223878.213982487,0,False
2018-05-15,2018-05-14,2018-04-27,0.04212893563579278,0.26666666666666666,,1.394879050011954,3645793.349120281,0.0,9232683.650879718,9232683.650879718,0,False
2018-05-16,2018-05-15,2018-04-27,0.04212893563579278,0.26666666666666666,,1.394349379242754,3646142.9457427994,0.0,9245971.054257201,9245971.054257201,0,False
2018-05-17,2018-05-16,2018-04-27,0.04212893563579278,0.26666666666666666,,1.3919712016012862,3646492.5758882817,0.0,9302960.424111718,9302960.424111718,0,False
2018-05-18,2018-05-17,2018-04-27,0.04212893563579278,0.26666666666666666,,1.3905225432277448,3686084.6319299424,0.0,9438852.368070059,9438852.368070059,0,False
2018-05-21,2018-05-18,2018-04-27,0.04212893563579278,0.26666666666666666,,1.3915909722142863,3687145.0124404975,0.0,9415806.987559503,9415806.987559503,0,False
2018-05-22,2018-05-21,2018-04-27,0.04212893563579278,0.26666666666666666,,1.3922836008248383,3687498.5742910057,0.0,9400083.425708994,9400083.425708994,0,False
2018-05-23,2018-05-22,2018-04-27,0.04212893563579278,0.26666666666666666,,1.4078757052287392,3687852.170044705,0.0,9041607.829955295,9041607.829955295,0,False
2018-05-24,2018-05-23,2018-04-27,0.04212893563579278,0.26666666666666666,,1.411352301845369,3688205.799704846,0.0,8966051.200295154,8966051.200295154,0,False
2018-05-25,2018-05-24,2018-04-27,0.04212893563579278,0.26666666666666666,,1.406881884796515,3688559.4632746805,0.0,9065430.53672532,9065430.53672532,0,False
2018-05-28,2018-05-25,2018-04-27,0.04212893563579278,0.26666666666666666,,1.4060286828574804,3727113.93060302,0.0,9179435.06939698,9179435.06939698,0,False
2018-05-29,2018-05-28,2018-04-27,0.04212893563579278,0.26666666666666666,,1.4124489451984041,3727471.325089516,0.0,9037412.674910484,9037412.674910484,0,False
2018-05-30,2018-05-29,2018-04-27,0.04212893563579278,0.26666666666666666,,1.4270137376606065,3727828.7538467166,0.0,8729997.246153284,8729997.246153284,0,False
2018-05-31,2018-05-30,2018-04-27,0.04212893563579278,0.26666666666666666,,1.4307777481290627,3964468.2050379077,0.0,9203047.794962093,9203047.794962093,0,False
2018-06-01,2018-05-31,2018-05-31,0.04355227490039841,0.3,,1.4313924372568185,3964848.3595233224,0.0,9190815.640476678,9190815.640476678,0,False
2018-06-04,2018-06-01,2018-05-31,0.04355227490039841,0.3,,1.416532293227384,3965988.9323390755,0.0,9521444.067660924,9521444.067660924,0,False
2018-06-05,2018-06-04,2018-05-31,0.04355227490039841,0.3,,1.41230518975598,3966369.232647656,0.0,9619983.767352344,9619983.767352344,0,False
2018-06-06,2018-06-05,2018-05-31,0.04355227490039841,0.3,,1.409294765761257,3966749.569423389,0.0,9691669.430576611,9691669.430576611,0,False
2018-06-07,2018-06-06,2018-05-31,0.04355227490039841,0.3,,1.4044376705686539,3967129.942669772,0.0,9809002.057330228,9809002.057330228,0,False
2018-06-08,2018-06-07,2018-05-31,0.04355227490039841,0.3,,1.4136276795833902,3967510.352390302,0.0,9591984.647609698,9591984.647609698,0,False
2018-06-11,2018-06-08,2018-05-31,0.04355227490039841,0.3,,1.4055159886006416,3968651.690984825,0.0,9786671.309015175,9786671.309015175,0,False
2018-06-12,2018-06-11,2018-05-31,0.04355227490039841,0.3,,1.4310008123740385,4559344.1737964265,0.0,10578504.826203573,10578504.826203573,0,False
2018-06-13,2018-06-12,2018-05-31,0.04355227490039841,0.3,,1.4315495568376384,4559781.371182955,0.0,10566066.628817044,10566066.628817044,0,False
2018-06-14,2018-06-13,2018-05-31,0.04355227490039841,0.3,,1.4437164334051145,4560218.61049252,0.0,10277326.389507478,10277326.389507478,0,False
2018-06-15,2018-06-14,2018-05-31,0.04355227490039841,0.3,,1.4360662032395837,4560655.8917291425,23520.0,10404695.108270857,10404695.108270857,0,False
2018-06-19,2018-06-15,2018-05-31,0.04355227490039841,0.3,,1.4703636245355671,4562405.184399943,23520.0,9649736.815600056,9649736.815600056,0,False
2018-06-20,2018-06-19,2018-05-31,0.04355227490039841,0.3,,1.4974697672560682,4806135.343308035,0.0,9661160.656691965,9661160.656691965,0,False
2018-06-21,2018-06-20,2018-05-31,0.04355227490039841,0.3,,1.487557595444719,4806596.205601229,0.0,9858519.79439877,9858519.79439877,0,False
2018-06-22,2018-06-21,2018-05-31,0.04355227490039841,0.3,,1.4754640110940833,4807057.1120866975,0.0,10110243.887913302,10110243.887913302,0,False
2018-06-25,2018-06-22,2018-05-31,0.04355227490039841,0.3,,1.498076133860419,4808439.9641326405,0.0,9654026.03586736,9654026.03586736,0,False
2018-06-26,2018-06-25,2018-05-31,0.04355227490039841,0.3,,1.5219762120015268,4808901.047416872,0.0,9212873.952583127,9212873.952583127,0,False
2018-06-27,2018-06-26,2018-05-31,0.04355227490039841,0.3,,1.6285271170683304,5713790.651104569,0.0,9090762.34889543,9090762.34889543,0,False
2018-06-28,2018-06-27,2018-05-31,0.04355227490039841,0.3,,1.6659705956570352,5888102.660788237,0.0,8841385.339211762,8841385.339211762,0,False
2018-06-29,2018-06-28,2018-05-31,0.04355227490039841,0.3,,1.6659387491775852,6217581.449952148,0.0,9336566.550047852,9336566.550047852,0,False
2018-07-02,2018-06-29,2018-06-29,0.0499180050804403,0.4666666666666667,,1.7063490422043757,6219370.069273367,0.0,8804952.930726632,8804952.930726632,0,False
2018-07-03,2018-07-02,2018-06-29,0.0499180050804403,0.4666666666666667,,1.721498373360175,6219966.447225215,0.0,8620901.552774785,8620901.552774785,0,False
2018-07-04,2018-07-03,2018-06-29,0.0499180050804403,0.4666666666666667,,1.7547151224653892,6220562.88236399,0.0,8242266.11763601,8242266.11763601,0,False
2018-07-05,2018-07-04,2018-06-29,0.0499180050804403,0.4666666666666667,,1.7712274777133117,6221159.374695175,0.0,8066568.625304825,8066568.625304825,0,False
2018-07-06,2018-07-05,2018-06-29,0.0499180050804403,0.4666666666666667,,1.7513031028385813,6221755.924224256,0.0,8281286.075775744,8281286.075775744,0,False
2018-07-09,2018-07-06,2018-06-29,0.0499180050804403,0.4666666666666667,,1.7149453397584786,6223545.744421635,0.0,8704925.255578365,8704925.255578365,0,False
2018-07-10,2018-07-09,2018-06-29,0.0499180050804403,0.4666666666666667,,1.6888918033524747,6201988.522780689,0.0,9002848.47721931,9002848.47721931,0,False
2018-07-11,2018-07-10,2018-06-29,0.0499180050804403,0.4666666666666667,,1.6978696048672783,6202583.234008901,0.0,8887882.7659911,8887882.7659911,0,False
2018-07-12,2018-07-11,2018-06-29,0.0499180050804403,0.4666666666666667,,1.6856344964302978,6203178.002264217,0.0,9047353.997735783,9047353.997735783,0,False
2018-07-13,2018-07-12,2018-06-29,0.0499180050804403,0.4666666666666667,,1.6819590607252382,6203772.827552105,0.0,9096987.172447894,9096987.172447894,0,False
2018-07-16,2018-07-13,2018-06-29,0.0499180050804403,0.4666666666666667,,1.6850654473576379,6205557.474529894,0.0,9058342.525470106,9058342.525470106,0,False
2018-07-17,2018-07-16,2018-06-29,0.0499180050804403,0.4666666666666667,,1.681353003273339,6206152.527986356,0.0,9108571.472013645,9108571.472013645,0,False
2018-07-18,2018-07-17,2018-06-29,0.0499180050804403,0.4666666666666667,,1.6977628843235144,6206747.638502738,0.0,8895210.36149726,8895210.36149726,0,False
2018-07-19,2018-07-18,2018-06-29,0.0499180050804403,0.4666666666666667,,1.6924615075133005,6207342.806084513,0.0,8964170.193915486,8964170.193915486,0,False
2018-07-20,2018-07-19,2018-06-29,0.0499180050804403,0.4666666666666667,,1.673794478851203,6207938.030737151,0.0,9213399.96926285,9213399.96926285,0,False
2018-07-23,2018-07-20,2018-06-29,0.0499180050804403,0.4666666666666667,,1.6541776520821452,6209723.875924076,0.0,9492412.124075923,9492412.124075923,0,False
2018-07-24,2018-07-23,2018-06-29,0.0499180050804403,0.4666666666666667,,1.609360684925053,6210319.328898479,0.0,10191532.671101522,10191532.671101522,0,False
2018-07-25,2018-07-24,2018-06-29,0.0499180050804403,0.4666666666666667,,1.6091752747040882,6210914.838971114,0.0,10195612.161028886,10195612.161028886,0,False
2018-07-26,2018-07-25,2018-06-29,0.0499180050804403,0.4666666666666667,,1.6234456576789194,6211510.406147454,0.0,9963194.593852546,9963194.593852546,0,False
2018-07-27,2018-07-26,2018-06-29,0.0499180050804403,0.4666666666666667,,1.629534052386186,6212106.030432975,0.0,9867783.969567025,9867783.969567025,0,False
2018-07-30,2018-07-27,2018-06-29,0.0499180050804403,0.4666666666666667,,1.6091753463162006,6213893.074633511,0.0,10200499.92536649,10200499.92536649,0,False
2018-07-31,2018-07-30,2018-06-29,0.0499180050804403,0.4666666666666667,,1.5971023174210837,6214488.927394092,175900.0,10113156.072605908,10113156.072605908,0,False
2018-08-01,2018-07-31,2018-07-31,0.049010296730930436,0.45,,1.6120178568873185,6215084.83729124,175900.0,9867661.16270876,9867661.16270876,0,False
2018-08-02,2018-08-01,2018-07-31,0.049010296730930436,0.45,,1.6345249893390887,6215680.804330432,175900.0,9518586.19566957,9518586.19566957,0,False
2018-08-03,2018-08-02,2018-07-31,0.049010296730930436,0.45,,1.6666431274869158,6040376.828517148,0.0,9060885.171482852,9060885.171482852,0,False
2018-08-06,2018-08-03,2018-07-31,0.049010296730930436,0.45,,1.6692058184661163,6042114.471166448,0.0,9028783.528833553,9028783.528833553,0,False
2018-08-07,2018-08-06,2018-07-31,0.049010296730930436,0.45,,1.6656295712946227,6426676.085406149,0.0,9655033.914593851,9655033.914593851,0,False
2018-08-08,2018-08-07,2018-07-31,0.049010296730930436,0.45,,1.6721192157732125,6427292.342017078,0.0,9562726.657982923,9562726.657982923,0,False
2018-08-09,2018-08-08,2018-07-31,0.049010296730930436,0.45,,1.6659789432096836,6472815.1067311065,0.0,9719248.893268894,9719248.893268894,0,False
2018-08-10,2018-08-09,2018-07-31,0.049010296730930436,0.45,,1.6663458148487285,6473435.787631752,0.0,9714829.212368248,9714829.212368248,0,False
2018-08-13,2018-08-10,2018-07-31,0.049010296730930436,0.45,,1.672497061905865,6475298.008885728,0.0,9628737.991114272,9628737.991114272,0,False
2018-08-14,2018-08-13,2018-07-31,0.049010296730930436,0.45,,1.6739500052360627,6475918.927872881,0.0,9608901.072127119,9608901.072127119,0,False
2018-08-15,2018-08-14,2018-07-31,0.049010296730930436,0.45,,1.7136900861435627,6476539.906400211,0.0,9074723.093599789,9074723.093599789,0,False
2018-08-16,2018-08-15,2018-07-31,0.049010296730930436,0.45,,1.719581245060992,6477160.944473428,0.0,9001292.055526573,9001292.055526573,0,False
2018-08-17,2018-08-16,2018-07-31,0.049010296730930436,0.45,,1.7527371682682313,6477782.04209824,0.0,8605635.957901761,8605635.957901761,0,False
2018-08-20,2018-08-17,2018-07-31,0.049010296730930436,0.45,,1.7283576467188693,6479645.513644597,0.0,8896241.486355403,8896241.486355403,0,False
2018-08-21,2018-08-20,2018-07-31,0.049010296730930436,0.45,,1.7086567988309058,6480266.849515768,0.0,9144436.150484232,9144436.150484232,0,False
2018-08-22,2018-08-21,2018-07-31,0.049010296730930436,0.45,,1.7050797313762536,6480888.244967091,0.0,9191709.755032908,9191709.755032908,0,False
2018-08-23,2018-08-22,2018-07-31,0.049010296730930436,0.45,,1.7146446293086397,6481509.70000428,0.0,9069556.29999572,9069556.29999572,0,False
2018-08-24,2018-08-23,2018-07-31,0.049010296730930436,0.45,,1.7141484649438552,6482131.214633048,0.0,9076727.785366952,9076727.785366952,0,False
2018-08-27,2018-08-24,2018-07-31,0.049010296730930436,0.45,,1.6816080804228721,6483995.937311229,0.0,9512792.062688772,9512792.062688772,0,False
2018-08-28,2018-08-27,2018-07-31,0.049010296730930436,0.45,,1.6862244021457602,6484617.690346314,0.0,9449704.309653686,9449704.309653686,0,False
2018-08-29,2018-08-28,2018-07-31,0.049010296730930436,0.45,,1.6886060929533393,6485239.503001552,0.0,9417923.496998448,9417923.496998448,0,False
2018-08-30,2018-08-29,2018-07-31,0.049010296730930436,0.45,,1.6935527979197893,6485861.375282662,0.0,9351647.624717338,9351647.624717338,0,False
2018-08-31,2018-08-30,2018-07-31,0.049010296730930436,0.45,,1.6934480056698322,6486483.307195361,0.0,9353957.692804638,9353957.692804638,0,False
2018-09-03,2018-08-31,2018-08-31,0.05442032551848513,0.5666666666666667,,1.6947910692962178,6488349.281845376,0.0,9338561.718154624,9338561.718154624,0,False
2018-09-04,2018-09-03,2018-08-31,0.05442032551848513,0.5666666666666667,,1.690654565920749,6488971.452324457,0.0,9395393.547675543,9395393.547675543,0,False
2018-09-05,2018-09-04,2018-08-31,0.05442032551848513,0.5666666666666667,,1.729849187371685,6489593.68246372,0.0,8891691.31753628,8891691.31753628,0,False
2018-09-06,2018-09-05,2018-08-31,0.05442032551848513,0.5666666666666667,,1.7480611512755595,6490215.972268888,0.0,8676050.027731113,8676050.027731113,0,False
2018-09-07,2018-09-06,2018-08-31,0.05442032551848513,0.5666666666666667,,1.7341313585997156,6490838.321745681,0.0,8841521.67825432,8841521.67825432,0,False
2018-09-10,2018-09-07,2018-08-31,0.05442032551848513,0.5666666666666667,,1.7749667105901312,6492705.549208101,0.0,8378044.450791899,8378044.450791899,0,False
2018-09-11,2018-09-10,2018-08-31,0.05442032551848513,0.5666666666666667,,1.8067765616819003,6493328.13741145,0.0,8048483.86258855,8048483.86258855,0,False
2018-09-12,2018-09-11,2018-08-31,0.05442032551848513,0.5666666666666667,,1.8011036678873447,6493950.785315038,0.0,8106255.214684962,8106255.214684962,0,False
2018-09-13,2018-09-12,2018-08-31,0.05442032551848513,0.5666666666666667,,1.7823588816953015,6494573.492924589,0.0,8301271.507075411,8301271.507075411,0,False
2018-09-14,2018-09-13,2018-08-31,0.05442032551848513,0.5666666666666667,,1.769450055967594,6495196.260245828,0.0,8441348.739754172,8441348.739754172,0,False
2018-09-17,2018-09-14,2018-08-31,0.05442032551848513,0.5666666666666667,,1.787037968093807,6497064.741361789,0.0,8255084.258638211,8255084.258638211,0,False
2018-09-18,2018-09-17,2018-08-31,0.05442032551848513,0.5666666666666667,,1.7371953305857797,6497687.747569866,0.0,8814065.252430134,8814065.252430134,0,False
2018-09-19,2018-09-18,2018-08-31,0.05442032551848513,0.5666666666666667,,1.7217053420560287,6498310.8135182625,0.0,9004105.186481737,9004105.186481737,0,False
2018-09-20,2018-09-19,2018-08-31,0.05442032551848513,0.5666666666666667,,1.713320100997661,6498933.93921271,0.0,9110824.06078729,9110824.06078729,0,False
2018-09-21,2018-09-20,2018-08-31,0.05442032551848513,0.5666666666666667,,1.676599956549243,6499557.124658936,0.0,9606203.875341065,9606203.875341065,0,False
2018-09-25,2018-09-21,2018-08-31,0.05442032551848513,0.5666666666666667,,1.686143498897935,6502050.105473873,0.0,9476224.894526128,9476224.894526128,0,False
2018-09-26,2018-09-25,2018-08-31,0.05442032551848513,0.5666666666666667,,1.6755451498943086,6502673.589730563,0.0,9625816.410269437,9625816.410269437,0,False
2018-09-27,2018-09-26,2018-08-31,0.05442032551848513,0.5666666666666667,,1.6711769481905672,6503297.1337734135,0.0,9689392.866226587,9689392.866226587,0,False
2018-09-28,2018-09-27,2018-08-31,0.05442032551848513,0.5666666666666667,,1.6743112237980022,6503920.737608159,0.0,9645280.262391841,9645280.262391841,0,False
2018-10-08,2018-09-28,2018-09-28,0.05020278583765112,0.5166666666666667,,1.721913359396065,6510157.373931893,0.0,9017920.626068108,9017920.626068108,0,False
2018-10-09,2018-10-08,2018-09-28,0.05020278583765112,0.5166666666666667,,1.7148774467307324,6510781.6355978865,0.0,9107549.364402113,9107549.364402113,0,False
2018-10-10,2018-10-09,2018-09-28,0.05020278583765112,0.5166666666666667,,1.7042883007308454,6511405.957124588,0.0,9245370.042875413,9245370.042875413,0,False
2018-10-11,2018-10-10,2018-09-28,0.05020278583765112,0.5166666666666667,,1.767132327255044,6512030.338517737,0.0,8488796.661482263,8488796.661482263,0,False
2018-10-12,2018-10-11,2018-09-28,0.05020278583765112,0.5166666666666667,,1.7301586678667829,6512654.779783074,0.0,8919506.220216926,8919506.220216926,0,False
2018-10-15,2018-10-12,2018-09-28,0.05020278583765112,0.5166666666666667,,1.7678367901267238,6514528.283212874,0.0,8484261.716787126,8484261.716787126,0,False
2018-10-16,2018-10-15,2018-09-28,0.05020278583765112,0.5166666666666667,,1.7879446852409373,6515152.964007155,0.0,8268541.035992845,8268541.035992845,0,False
2018-10-17,2018-10-16,2018-09-28,0.05020278583765112,0.5166666666666667,,1.7779491260460045,6515777.704702334,0.0,8375583.295297666,8375583.295297666,0,False
2018-10-18,2018-10-17,2018-09-28,0.05020278583765112,0.5166666666666667,,1.8125759066067009,6516402.505304154,0.0,8019438.494695846,8019438.494695846,0,False
2018-10-19,2018-10-18,2018-09-28,0.05020278583765112,0.5166666666666667,,1.7866296524905263,6517027.365818361,0.0,8284746.634181639,8284746.634181639,0,False
2018-10-22,2018-10-19,2018-09-28,0.05020278583765112,0.5166666666666667,,1.686830496122622,6077156.756265378,0.0,8848117.243734622,8848117.243734622,0,False
2018-10-23,2018-10-22,2018-09-28,0.05020278583765112,0.5166666666666667,,1.7249781459647289,5951091.497324198,0.0,8208649.502675802,8208649.502675802,0,False
2018-10-24,2018-10-23,2018-09-28,0.05020278583765112,0.5166666666666667,,1.7330881864979844,5935392.45426353,0.0,8096423.54573647,8096423.54573647,0,False
2018-10-25,2018-10-24,2018-09-28,0.05020278583765112,0.5166666666666667,,1.7629899758482215,5935961.601485171,0.0,7779868.398514829,7779868.398514829,0,False
2018-10-26,2018-10-25,2018-09-28,0.05020278583765112,0.5166666666666667,,1.7489980278663437,5936530.803282574,0.0,7925963.196717426,7925963.196717426,0,False
2018-10-29,2018-10-26,2018-09-28,0.05020278583765112,0.5166666666666667,,1.7843075880051154,5938238.572417765,0.0,7571313.427582235,7571313.427582235,0,False
2018-10-30,2018-10-29,2018-09-28,0.05020278583765112,0.5166666666666667,,1.7855138035740084,5938807.992554846,0.0,7560412.007445154,7560412.007445154,0,False
2018-10-31,2018-10-30,2018-09-28,0.05020278583765112,0.5166666666666667,,1.7556112327124815,5939377.4672938585,0.0,7860361.5327061415,7860361.5327061415,0,False
2018-11-01,2018-10-31,2018-10-31,0.05925362264150944,0.7,,1.7364127223705113,5939946.996640038,0.0,8066057.003359962,8066057.003359962,0,False
2018-11-02,2018-11-01,2018-10-31,0.05925362264150944,0.7,,1.7033501284760537,5940516.58059862,0.0,8446030.419401381,8446030.419401381,0,False
2018-11-05,2018-11-02,2018-10-31,0.05925362264150944,0.7,,1.7154353649324994,5942225.496327285,0.0,8305747.503672715,8305747.503672715,0,False
2018-11-06,2018-11-05,2018-10-31,0.05925362264150944,0.7,,1.719978947963683,5942795.298772138,0.0,8254123.701227862,8254123.701227862,0,False
2018-11-07,2018-11-06,2018-10-31,0.05925362264150944,0.7,,1.7226834444030408,5943365.155855581,0.0,8224022.844144419,8224022.844144419,0,False
2018-11-08,2018-11-07,2018-10-31,0.05925362264150944,0.7,,1.7209238692087372,5943935.067582855,0.0,8244885.932417145,8244885.932417145,0,False
2018-11-09,2018-11-08,2018-10-31,0.05925362264150944,0.7,,1.750316062649518,5944505.033959199,0.0,7922667.966040801,7922667.966040801,0,False
2018-11-12,2018-11-09,2018-10-31,0.05925362264150944,0.7,,1.734485290732975,5946215.0970511595,0.0,8095757.9029488405,8095757.9029488405,0,False
2018-11-13,2018-11-12,2018-10-31,0.05925362264150944,0.7,,1.7312421972481062,5946785.282060466,0.0,8132442.717939534,8132442.717939534,0,False
2018-11-14,2018-11-13,2018-10-31,0.05925362264150944,0.7,,1.7346725683671937,5947355.521745047,0.0,8095246.478254953,8095246.478254953,0,False
2018-11-15,2018-11-14,2018-10-31,0.05925362264150944,0.7,,1.7234999544541896,5947925.816110145,0.0,8221045.183889855,8221045.183889855,0,False
2018-11-16,2018-11-15,2018-10-31,0.05925362264150944,0.7,,1.7375617863497794,5948496.165161005,0.0,8065081.834838995,8065081.834838995,0,False
2018-11-19,2018-11-16,2018-10-31,0.05925362264150944,0.7,,1.7371020504871189,5950207.3763866,0.0,8072433.6236134,8072433.6236134,0,False
2018-11-20,2018-11-19,2018-10-31,0.05925362264150944,0.7,,1.7586744874161577,5950777.944217212,0.0,7843651.055782788,7843651.055782788,0,False
2018-11-21,2018-11-20,2018-10-31,0.05925362264150944,0.7,,1.7652929707503309,5951348.566759808,0.0,7776562.433240192,7776562.433240192,0,False
2018-11-22,2018-11-21,2018-10-31,0.05925362264150944,0.7,,1.7649732404430227,5951919.244019634,0.0,7780558.755980366,7780558.755980366,0,False
2018-11-23,2018-11-22,2018-10-31,0.05925362264150944,0.7,,1.7933994858738513,5952489.976001937,0.0,7502513.023998063,7502513.023998063,0,False
2018-11-26,2018-11-23,2018-10-31,0.05925362264150944,0.7,,1.785842669498662,5954202.33613202,0.0,7576837.66386798,7576837.66386798,0,False
2018-11-27,2018-11-26,2018-10-31,0.05925362264150944,0.7,,1.7932210013384544,5954773.287040964,0.0,7507079.712959036,7507079.712959036,0,False
2018-11-28,2018-11-27,2018-10-31,0.05925362264150944,0.7,,1.7831439460128486,5955344.2926986255,0.0,7604405.7073013745,7604405.7073013745,0,False
2018-11-29,2018-11-28,2018-10-31,0.05925362264150944,0.7,,1.7920920053705107,5955915.353110254,0.0,7519221.646889746,7519221.646889746,0,False
2018-11-30,2018-11-29,2018-10-31,0.05925362264150944,0.7,,1.7808995256071225,5956486.4682811,0.0,7627724.5317189,7627724.5317189,0,False
2018-12-03,2018-11-30,2018-11-30,0.06223544061302683,0.75,,1.7478345734109395,5958199.978087043,0.0,7967270.021912957,7967270.021912957,0,False
2018-12-04,2018-12-03,2018-11-30,0.06223544061302683,0.75,,1.7479598260186708,5958771.312331517,0.0,7966699.687668483,7966699.687668483,0,False
2018-12-05,2018-12-04,2018-11-30,0.06223544061302683,0.75,,1.7644508665630758,5959342.701361467,0.0,7795586.298638533,7795586.298638533,0,False
2018-12-06,2018-12-05,2018-11-30,0.06223544061302683,0.75,,1.7850646751326027,5959914.145182146,0.0,7591621.854817854,7591621.854817854,0,False
2018-12-07,2018-12-06,2018-11-30,0.06223544061302683,0.75,,1.7813674974803961,5960485.643798807,0.0,7628274.356201193,7628274.356201193,0,False
2018-12-10,2018-12-07,2018-11-30,0.06223544061302683,0.75,,1.8007469107776888,5962200.304052502,0.0,7445798.695947498,7445798.695947498,0,False
2018-12-11,2018-12-10,2018-11-30,0.06223544061302683,0.75,,1.7984461693562996,5962772.021889877,0.0,7467969.978110123,7467969.978110123,0,False
2018-12-12,2018-12-11,2018-11-30,0.06223544061302683,0.75,,1.791334652630929,5963343.79454951,0.0,7535805.20545049,7535805.20545049,0,False
2018-12-13,2018-12-12,2018-11-30,0.06223544061302683,0.75,,1.7569298438860708,5963915.622036658,0.0,7879086.377963342,7879086.377963342,0,False
2018-12-14,2018-12-13,2018-11-30,0.06223544061302683,0.75,,1.7718188425926968,5964487.50435658,0.0,7727833.49564342,7727833.49564342,0,False
2018-12-17,2018-12-14,2018-11-30,0.06223544061302683,0.75,,1.7574324240667716,5966203.315830436,0.0,7876878.684169564,7876878.684169564,0,False
2018-12-18,2018-12-17,2018-11-30,0.06223544061302683,0.75,,1.7766157053515075,5966775.417518255,0.0,7683047.582481745,7683047.582481745,0,False
2018-12-19,2018-12-18,2018-11-30,0.06223544061302683,0.75,,1.7857552119762568,5967347.57406514,0.0,7594410.42593486,7594410.42593486,0,False
2018-12-20,2018-12-19,2018-11-30,0.06223544061302683,0.75,,1.7979482525055661,5967919.785476352,0.0,7479081.214523648,7479081.214523648,0,False
2018-12-21,2018-12-20,2018-11-30,0.06223544061302683,0.75,,1.8098834672250728,5968492.051757151,0.0,7369568.948242849,7369568.948242849,0,False
2018-12-24,2018-12-21,2018-11-30,0.06223544061302683,0.75,,1.809751209945923,5970209.015224095,0.0,7372892.984775905,7372892.984775905,0,False
2018-12-25,2018-12-24,2018-11-30,0.06223544061302683,0.75,,1.832894424065028,5970781.501020076,0.0,7168713.498979924,7168713.498979924,0,False
2018-12-26,2018-12-25,2018-11-30,0.06223544061302683,0.75,,1.8396191941418996,5971354.041711954,0.0,7111978.958288046,7111978.958288046,0,False
2018-12-27,2018-12-26,2018-11-30,0.06223544061302683,0.75,,1.8387822076372369,5971926.637304995,0.0,7119758.362695005,7119758.362695005,0,False
2018-12-28,2018-12-27,2018-11-30,0.06223544061302683,0.75,,1.8335364470312454,5972499.287804463,0.0,7165252.712195537,7165252.712195537,0,False
2019-01-02,2018-12-28,2018-12-28,0.06679302775024776,0.7833333333333333,,1.8567217544147907,5975362.814860259,0.0,6974683.185139741,6974683.185139741,0,False
2019-01-03,2019-01-02,2018-12-28,0.06679302775024776,0.7833333333333333,,1.877246756477945,5975935.794856205,0.0,6812149.205143795,6812149.205143795,0,False
2019-01-04,2019-01-03,2018-12-28,0.06679302775024776,0.7833333333333333,,1.855193503863941,5976508.829795438,0.0,6988487.170204562,6988487.170204562,0,False
2019-01-07,2019-01-04,2018-12-28,0.06679302775024776,0.7833333333333333,,1.835879445364454,5978228.099458803,0.0,7152021.900541197,7152021.900541197,0,False
2019-01-08,2019-01-07,2018-12-28,0.06679302775024776,0.7833333333333333,,1.83715542689556,5978801.354208067,0.0,7141805.645791933,7141805.645791933,0,False
2019-01-09,2019-01-08,2018-12-28,0.06679302775024776,0.7833333333333333,,1.8193372852775713,5979374.663926964,0.0,7297818.336073036,7297818.336073036,0,False
2019-01-10,2019-01-09,2018-12-28,0.06679302775024776,0.7833333333333333,,1.8131232228096605,5979948.028620765,0.0,7354294.971379235,7354294.971379235,0,False
2019-01-11,2019-01-10,2018-12-28,0.06679302775024776,0.7833333333333333,,1.7989676056880086,5980521.448294742,0.0,7485311.551705258,7485311.551705258,0,False
2019-01-14,2019-01-11,2018-12-28,0.06679302775024776,0.7833333333333333,,1.7895352886271074,5982241.872273019,0.0,7576915.127726981,7576915.127726981,0,False
2019-01-15,2019-01-14,2018-12-28,0.06679302775024776,0.7833333333333333,,1.7656354994293,5982815.511904607,0.0,7814182.488095393,7814182.488095393,0,False
2019-01-16,2019-01-15,2018-12-28,0.06679302775024776,0.7833333333333333,,1.7643111708254793,5983389.206542734,0.0,7828472.793457266,7828472.793457266,0,False
2019-01-17,2019-01-16,2018-12-28,0.06679302775024776,0.7833333333333333,,1.7532516495664734,5983962.956192677,0.0,7944175.043807323,7944175.043807323,0,False
2019-01-18,2019-01-17,2018-12-28,0.06679302775024776,0.7833333333333333,,1.7435032639721881,5984536.760859709,0.0,8049106.239140291,8049106.239140291,0,False
2019-01-21,2019-01-18,2018-12-28,0.06679302775024776,0.7833333333333333,,1.7347297738260512,5986258.3399279015,0.0,8147564.6600720985,8147564.6600720985,0,False
2019-01-22,2019-01-21,2018-12-28,0.06679302775024776,0.7833333333333333,,1.7575685761065343,5986832.364700223,0.0,7902693.635299777,7902693.635299777,0,False
2019-01-23,2019-01-22,2018-12-28,0.06679302775024776,0.7833333333333333,,1.7418075327018439,5987406.444516016,0.0,8071374.555483984,8071374.555483984,0,False
2019-01-24,2019-01-23,2018-12-28,0.06679302775024776,0.7833333333333333,,1.7434970509779222,5987980.579380559,0.0,8053805.420619441,8053805.420619441,0,False
2019-01-25,2019-01-24,2018-12-28,0.06679302775024776,0.7833333333333333,,1.7159916174231975,5988554.76929913,0.0,8364001.23070087,8364001.23070087,0,False
2019-01-28,2019-01-25,2018-12-28,0.06679302775024776,0.7833333333333333,,1.710026767864082,5990277.504232764,0.0,8436692.495767236,8436692.495767236,0,False
2019-01-29,2019-01-28,2018-12-28,0.06679302775024776,0.7833333333333333,,1.6904299678340695,5990851.914404403,0.0,8676987.085595597,8676987.085595597,0,False
2019-01-30,2019-01-29,2018-12-28,0.06679302775024776,0.7833333333333333,,1.699698587587893,5991426.379656469,0.0,8562867.62034353,8562867.62034353,0,False
2019-01-31,2019-01-30,2018-12-28,0.06679302775024776,0.7833333333333333,,1.6823337121268342,5992000.899994245,0.0,8781628.100005755,8781628.100005755,0,False
2019-02-01,2019-01-31,2019-01-31,0.0620728696461825,0.75,,1.6703012692442443,5992575.475423011,0.0,8940122.524576988,8940122.524576988,0,False
2019-02-11,2019-02-01,2019-01-31,0.0620728696461825,0.75,,1.665774606463486,6111230.1992334165,0.0,9179127.800766584,9179127.800766584,0,False
2019-02-12,2019-02-11,2019-01-31,0.0620728696461825,0.75,,1.665789658396639,6299452.845368686,0.0,9461626.154631313,9461626.154631313,0,False
2019-02-13,2019-02-12,2019-01-31,0.0620728696461825,0.75,,1.6658891188856333,6486109.366010845,0.0,9740524.633989155,9740524.633989155,0,False
2019-02-14,2019-02-13,2019-01-31,0.0620728696461825,0.75,,1.6659484059321439,6512156.575903476,0.0,9778770.424096525,9778770.424096525,0,False
2019-02-15,2019-02-14,2019-01-31,0.0620728696461825,0.75,,1.7076060208820942,6512781.029273768,0.0,9203964.97072623,9203964.97072623,0,False
2019-02-18,2019-02-15,2019-01-31,0.0620728696461825,0.75,,1.6659866566990762,6714299.392801915,0.0,10081732.607198086,10081732.607198086,0,False
2019-02-19,2019-02-18,2019-01-31,0.0620728696461825,0.75,,1.669290632013644,6714943.229729992,0.0,10032925.770270009,10032925.770270009,0,False
2019-02-20,2019-02-19,2019-01-31,0.0620728696461825,0.75,,1.6729888227287821,6715587.128395857,0.0,9978749.871604143,9978749.871604143,0,False
2019-02-21,2019-02-20,2019-01-31,0.0620728696461825,0.75,,1.676146399065559,6716231.08880543,0.0,9933101.91119457,9933101.91119457,0,False
2019-02-22,2019-02-21,2019-01-31,0.0620728696461825,0.75,,1.6778106567476248,6716875.11096463,0.0,9909662.88903537,9909662.88903537,0,False
2019-02-25,2019-02-22,2019-01-31,0.0620728696461825,0.75,,1.6659654693187043,7057965.98590888,0.0,10598096.01409112,10598096.01409112,0,False
2019-02-26,2019-02-25,2019-01-31,0.0620728696461825,0.75,,1.685364928885194,7058642.777167803,0.0,10299101.222832197,10299101.222832197,0,False
2019-02-27,2019-02-26,2019-01-31,0.0620728696461825,0.75,,1.6940385463344987,7059319.633324517,0.0,10171365.366675483,10171365.366675483,0,False
2019-02-28,2019-02-27,2019-01-31,0.0620728696461825,0.75,,1.686020378963732,7059996.554385247,0.0,10291234.445614753,10291234.445614753,0,False
2019-03-01,2019-02-28,2019-02-28,0.05118773963515755,0.55,,1.66600061407057,7270416.609556215,0.0,10916531.390443785,10916531.390443785,0,False
2019-03-04,2019-03-01,2019-02-28,0.05118773963515755,0.55,,1.6659773701496075,7633669.822685813,0.0,11462356.177314188,11462356.177314188,0,False
2019-03-05,2019-03-04,2019-02-28,0.05118773963515755,0.55,,1.6659897794214409,7749694.499222235,0.0,11636356.500777766,11636356.500777766,0,False
2019-03-06,2019-03-05,2019-02-28,0.05118773963515755,0.55,,1.668160045139298,7750437.620612571,0.0,11599672.379387429,11599672.379387429,0,False
2019-03-07,2019-03-06,2019-02-28,0.05118773963515755,0.55,,1.6889462554104548,7751180.813261122,0.0,11250777.186738878,11250777.186738878,0,False
2019-03-08,2019-03-07,2019-02-28,0.05118773963515755,0.55,,1.7288833217157258,7751924.077174723,0.0,10635342.922825277,10635342.922825277,0,False
2019-03-11,2019-03-08,2019-02-28,0.05118773963515755,0.55,,1.715782037897169,7754154.082731171,0.0,10833121.91726883,10833121.91726883,0,False
2019-03-12,2019-03-11,2019-02-28,0.05118773963515755,0.55,,1.7019331770022719,7754897.631752802,0.0,11047914.368247198,11047914.368247198,0,False
2019-03-13,2019-03-12,2019-02-28,0.05118773963515755,0.55,,1.7196136095161598,7755641.252073655,0.0,10777507.747926345,10777507.747926345,0,False
2019-03-14,2019-03-13,2019-02-28,0.05118773963515755,0.55,,1.7140570007116798,7756384.943700566,0.0,10862417.056299433,10862417.056299433,0,False
2019-03-15,2019-03-14,2019-02-28,0.05118773963515755,0.55,,1.6770776659906583,7757128.706640373,0.0,11456778.293359626,11456778.293359626,0,False
2019-03-18,2019-03-15,2019-02-28,0.05118773963515755,0.55,,1.6659813286488554,8031634.156258996,0.0,12059848.843741003,12059848.843741003,0,False
2019-03-19,2019-03-18,2019-02-28,0.05118773963515755,0.55,,1.6799082276553854,8032404.312958911,0.0,11813953.687041089,11813953.687041089,0,False
2019-03-20,2019-03-19,2019-02-28,0.05118773963515755,0.55,,1.6659903985877855,8176060.259209468,0.0,12276543.740790531,12276543.740790531,0,False
2019-03-21,2019-03-20,2019-02-28,0.05118773963515755,0.55,,1.6659897160125048,8308373.731637748,0.0,12475228.268362252,12475228.268362252,0,False
2019-03-22,2019-03-21,2019-02-28,0.05118773963515755,0.55,,1.6777786733945155,8309170.425009275,0.0,12259415.574990725,12259415.574990725,0,False
2019-03-25,2019-03-22,2019-02-28,0.05118773963515755,0.55,,1.716386557868693,8311560.73430962,0.0,11602061.265690379,11602061.265690379,0,False
2019-03-26,2019-03-25,2019-02-28,0.05118773963515755,0.55,,1.71747023057523,8312357.733284143,0.0,11585648.266715858,11585648.266715858,0,False
2019-03-27,2019-03-26,2019-02-28,0.05118773963515755,0.55,,1.6707929669758843,8313154.808683225,0.0,12393026.191316776,12393026.191316776,0,False
2019-03-28,2019-03-27,2019-02-28,0.05118773963515755,0.55,,1.68701988761257,8313951.960514194,0.0,12101472.039485805,12101472.039485805,0,False
2019-03-29,2019-03-28,2019-02-28,0.05118773963515755,0.55,,1.665935681828182,8473280.62532438,0.0,12723872.37467562,12723872.37467562,0,False
2019-04-01,2019-03-29,2019-03-29,0.049317,0.4666666666666667,,1.6659936973826681,8964861.944308378,0.0,13460881.055691622,13460881.055691622,0,False
2019-04-02,2019-04-01,2019-03-29,0.049317,0.4666666666666667,,1.665999101840125,9206932.053794406,0.0,13824240.946205594,13824240.946205594,0,False
2019-04-03,2019-04-02,2019-03-29,0.049317,0.4666666666666667,,1.6659610203602504,9416437.856292715,0.0,14139623.143707285,14139623.143707285,0,False
2019-04-04,2019-04-03,2019-03-29,0.049317,0.4666666666666667,,1.6659811337620305,9860177.409418525,0.0,14805490.590581475,14805490.590581475,0,False
2019-04-08,2019-04-04,2019-03-29,0.049317,0.4666666666666667,,1.6659850049927387,10879433.085094191,0.0,16335852.914905809,16335852.914905809,0,False
2019-04-09,2019-04-08,2019-03-29,0.049317,0.4666666666666667,,1.6972993165565264,10880476.31840372,0.0,15603738.68159628,15603738.68159628,0,False
2019-04-10,2019-04-09,2019-03-29,0.049317,0.4666666666666667,,1.6888939909065726,10881519.65174932,0.0,15795637.34825068,15795637.34825068,0,False
2019-04-11,2019-04-10,2019-03-29,0.049317,0.4666666666666667,,1.7397779793948107,10882563.085140584,0.0,14710579.914859416,14710579.914859416,0,False
2019-04-12,2019-04-11,2019-03-29,0.049317,0.4666666666666667,,1.7390494855600438,10883606.618587105,0.0,14726492.381412895,14726492.381412895,0,False
2019-04-15,2019-04-12,2019-03-29,0.049317,0.4666666666666667,,1.7559140160283893,10886737.519121218,0.0,14402084.480878782,14402084.480878782,0,False
2019-04-16,2019-04-15,2019-03-29,0.049317,0.4666666666666667,,1.7171126664410594,10887781.452855928,0.0,15182804.547144072,15182804.547144072,0,False
2019-04-17,2019-04-16,2019-03-29,0.049317,0.4666666666666667,,1.703662894340072,10888825.486693872,0.0,15474491.513306128,15474491.513306128,0,False
2019-04-18,2019-04-17,2019-03-29,0.049317,0.4666666666666667,,1.7229889576136779,10889869.620644651,0.0,15062290.379355349,15062290.379355349,0,False
2019-04-19,2019-04-18,2019-03-29,0.049317,0.4666666666666667,,1.7000589088399745,10890913.854717864,0.0,15557139.145282136,15557139.145282136,0,False
2019-04-22,2019-04-19,2019-03-29,0.049317,0.4666666666666667,,1.7407142042359762,10894046.857333604,0.0,14707490.142666396,14707490.142666396,0,False
2019-04-23,2019-04-22,2019-03-29,0.049317,0.4666666666666667,,1.7625629252323038,10895091.491963759,0.0,14287465.508036241,14287465.508036241,0,False
2019-04-24,2019-04-23,2019-03-29,0.049317,0.4666666666666667,,1.7515006995005875,10896136.226764359,0.0,14499169.773235641,14499169.773235641,0,False
2019-04-25,2019-04-24,2019-03-29,0.049317,0.4666666666666667,,1.7220384199102126,9604156.288285006,0.0,13301447.711714994,13301447.711714994,0,False
2019-04-26,2019-04-25,2019-03-29,0.049317,0.4666666666666667,,1.730833515287904,9605077.234778402,0.0,13142633.765221598,13142633.765221598,0,False
2019-04-29,2019-04-26,2019-03-29,0.049317,0.4666666666666667,,1.7177591396013878,9607840.339188406,0.0,13385883.660811594,13385883.660811594,0,False
2019-04-30,2019-04-29,2019-03-29,0.049317,0.4666666666666667,,1.7145025748812037,9608761.638946958,0.0,13448183.361053042,13448183.361053042,0,False
2019-05-06,2019-04-30,2019-04-30,0.047630592502037494,0.4166666666666667,,1.8043426451106321,9614289.967561146,0.0,11952978.032438854,11952978.032438854,0,False
2019-05-07,2019-05-06,2019-04-30,0.047630592502037494,0.4166666666666667,,1.7651194537528014,9615211.885777215,0.0,12566942.114222785,12566942.114222785,0,False
2019-05-08,2019-05-07,2019-04-30,0.047630592502037494,0.4166666666666667,,1.7877536331215704,9616133.892396398,0.0,12207032.107603602,12207032.107603602,0,False
2019-05-09,2019-05-08,2019-04-30,0.047630592502037494,0.4166666666666667,,1.8211339149525303,9616449.299547175,0.0,11711182.700452825,11711182.700452825,0,False
2019-05-10,2019-05-09,2019-04-30,0.047630592502037494,0.4166666666666667,,1.756197659775648,9617371.424822474,0.0,12718065.575177526,12718065.575177526,0,False
2019-05-13,2019-05-10,2019-04-30,0.047630592502037494,0.4166666666666667,,1.7806334057268067,9620138.065917285,0.0,12323502.934082715,12323502.934082715,0,False
2019-05-14,2019-05-13,2019-04-30,0.047630592502037494,0.4166666666666667,,1.7931262642326367,9621060.544909908,0.0,12130553.455090092,12130553.455090092,0,False
2019-05-15,2019-05-14,2019-04-30,0.047630592502037494,0.4166666666666667,,1.7542529640776998,9613383.11235942,0.0,12745568.88764058,12745568.88764058,0,False
2019-05-16,2019-05-15,2019-04-30,0.047630592502037494,0.4166666666666667,,1.744305892251583,9614304.943616768,0.0,12917142.056383232,12917142.056383232,0,False
2019-05-17,2019-05-16,2019-04-30,0.047630592502037494,0.4166666666666667,,1.7511833721789085,9018919.228468895,0.0,12006281.771531105,12006281.771531105,0,False
2019-05-20,2019-05-17,2019-04-30,0.047630592502037494,0.4166666666666667,,1.7731949560378073,9021513.712082565,0.0,11667838.287917435,11667838.287917435,0,False
2019-05-21,2019-05-20,2019-04-30,0.047630592502037494,0.4166666666666667,,1.7358674346880179,9022378.788739888,0.0,12260875.211260112,12260875.211260112,0,False
2019-05-22,2019-05-21,2019-04-30,0.047630592502037494,0.4166666666666667,,1.7416172646630907,9023243.948349766,0.0,12166982.051650234,12166982.051650234,0,False
2019-05-23,2019-05-22,2019-04-30,0.047630592502037494,0.4166666666666667,,1.7629710341342293,9024109.190920155,0.0,11827590.809079845,11827590.809079845,0,False
2019-05-24,2019-05-23,2019-04-30,0.047630592502037494,0.4166666666666667,,1.7420613724451572,9024974.51645901,0.0,12162032.48354099,12162032.48354099,0,False
2019-05-27,2019-05-24,2019-04-30,0.047630592502037494,0.4166666666666667,,1.7135851384638294,8963570.742004842,0.0,12561319.257995158,12561319.257995158,0,False
2019-05-28,2019-05-27,2019-04-30,0.047630592502037494,0.4166666666666667,,1.7078334583761166,8964430.262486951,0.0,12664603.737513049,12664603.737513049,0,False
2019-05-29,2019-05-28,2019-04-30,0.047630592502037494,0.4166666666666667,,1.7175863950332053,8965289.865388833,0.0,12493673.134611167,12493673.134611167,0,False
2019-05-30,2019-05-29,2019-04-30,0.047630592502037494,0.4166666666666667,,1.71487828052683,8966149.550718391,0.0,12542204.449281609,12542204.449281609,0,False
2019-05-31,2019-05-30,2019-04-30,0.047630592502037494,0.4166666666666667,,1.7317768261405058,8967009.31848353,0.0,12253748.68151647,12253748.68151647,0,False
2019-06-03,2019-05-31,2019-05-31,0.05435701393728222,0.6333333333333333,,1.745658379324058,8969588.869109394,0.0,12029086.130890606,12029086.130890606,0,False
2019-06-04,2019-06-03,2019-05-31,0.05435701393728222,0.6333333333333333,,1.766555526616481,8970448.966672186,0.0,11702282.033327814,11702282.033327814,0,False
2019-06-05,2019-06-04,2019-05-31,0.05435701393728222,0.6333333333333333,,1.774925888369907,8971309.146710087,0.0,11576989.853289913,11576989.853289913,0,False
2019-06-06,2019-06-05,2019-05-31,0.05435701393728222,0.6333333333333333,,1.7710146036060563,8972169.409231003,0.0,11636834.590768997,11636834.590768997,0,False
2019-06-10,2019-06-06,2019-05-31,0.05435701393728222,0.6333333333333333,,1.7457000652053314,8975610.78927838,0.0,12036489.21072162,12036489.21072162,0,False
2019-06-11,2019-06-10,2019-05-31,0.05435701393728222,0.6333333333333333,,1.687083079431488,8976471.464285571,0.0,13064608.535714429,13064608.535714429,0,False
2019-06-12,2019-06-11,2019-05-31,0.05435701393728222,0.6333333333333333,,1.6900086249716528,8977332.221823242,0.0,13010463.778176758,13010463.778176758,0,False
2019-06-13,2019-06-12,2019-05-31,0.05435701393728222,0.6333333333333333,,1.6913596764627965,8978193.061899306,0.0,12986283.938100694,12986283.938100694,0,False
2019-06-14,2019-06-13,2019-05-31,0.05435701393728222,0.6333333333333333,,1.704096664749156,8979053.98452168,0.0,12752587.01547832,12752587.01547832,0,False
2019-06-17,2019-06-14,2019-05-31,0.05435701393728222,0.6333333333333333,,1.6999749598104072,8981637.000051474,0.0,12831368.999948526,12831368.999948526,0,False
2019-06-18,2019-06-17,2019-05-31,0.05435701393728222,0.6333333333333333,,1.707052908641697,8982498.252914492,0.0,12704138.747085508,12704138.747085508,0,False
2019-06-19,2019-06-18,2019-05-31,0.05435701393728222,0.6333333333333333,,1.672164807251626,8684736.588363402,0.0,12920546.411636598,12920546.411636598,0,False
2019-06-20,2019-06-19,2019-05-31,0.05435701393728222,0.6333333333333333,,1.6373235025367552,8685569.37132393,0.0,13628195.62867607,13628195.62867607,0,False
2019-06-21,2019-06-20,2019-05-31,0.05435701393728222,0.6333333333333333,,1.6417936988479476,8686402.234140359,0.0,13534570.765859641,13534570.765859641,0,False
2019-06-24,2019-06-21,2019-05-31,0.05435701393728222,0.6333333333333333,,1.638423456122395,8688901.062180318,0.0,13609933.937819682,13609933.937819682,0,False
2019-06-25,2019-06-24,2019-05-31,0.05435701393728222,0.6333333333333333,,1.6657019649228044,8862398.23542395,0.0,13312861.76457605,13312861.76457605,0,False
2019-06-26,2019-06-25,2019-05-31,0.05435701393728222,0.6333333333333333,,1.6659804322631875,8887547.297372825,0.0,13345057.702627175,13345057.702627175,0,False
2019-06-27,2019-06-26,2019-05-31,0.05435701393728222,0.6333333333333333,,1.6658747005730508,9012193.143735588,0.0,13534367.856264412,13534367.856264412,0,False
2019-06-28,2019-06-27,2019-05-31,0.05435701393728222,0.6333333333333333,,1.666473192082769,9013057.32663978,0.0,13523510.67336022,13523510.67336022,0,False
2019-07-01,2019-06-28,2019-06-28,0.049579060556464806,0.5,,1.665934817818894,9464671.510872923,0.0,14212609.489127077,14212609.489127077,0,False
2019-07-02,2019-07-01,2019-06-28,0.049579060556464806,0.5,,1.6694911928632774,9465579.08211369,0.0,14138466.91788631,14138466.91788631,0,False
2019-07-03,2019-07-02,2019-06-28,0.049579060556464806,0.5,,1.6851335798878337,9466486.740381839,0.0,13816994.259618161,13816994.259618161,0,False
2019-07-04,2019-07-03,2019-06-28,0.049579060556464806,0.5,,1.6753267436272317,9467394.485685712,0.0,14018983.514314288,14018983.514314288,0,False
2019-07-05,2019-07-04,2019-06-28,0.049579060556464806,0.5,,1.669582136319067,9468302.318033654,0.0,14140613.681966346,14140613.681966346,0,False
2019-07-08,2019-07-05,2019-06-28,0.049579060556464806,0.5,,1.7209797785331038,9471026.076234732,0.0,13136326.923765268,13136326.923765268,0,False
2019-07-09,2019-07-08,2019-06-28,0.049579060556464806,0.5,,1.717632170290762,9471934.256817384,0.0,13198870.743182616,13198870.743182616,0,False
2019-07-10,2019-07-09,2019-06-28,0.049579060556464806,0.5,,1.734645374739874,9472842.524485845,0.0,12894442.475514155,12894442.475514155,0,False
2019-07-11,2019-07-10,2019-06-28,0.049579060556464806,0.5,,1.732797300317505,9473750.879248466,0.0,12928201.120751534,12928201.120751534,0,False
2019-07-12,2019-07-11,2019-06-28,0.049579060556464806,0.5,,1.7246632970062827,9474659.3211136,0.0,13074567.6788864,13074567.6788864,0,False
2019-07-15,2019-07-12,2019-06-28,0.049579060556464806,0.5,,1.7135132692817152,9477384.90804159,0.0,13282703.09195841,13282703.09195841,0,False
2019-07-16,2019-07-15,2019-06-28,0.049579060556464806,0.5,,1.7180889305512406,9478293.698375238,0.0,13199331.301624762,13199331.301624762,0,False
2019-07-17,2019-07-16,2019-06-28,0.049579060556464806,0.5,,1.716210296440425,9479202.575853165,0.0,13235222.424146835,13235222.424146835,0,False
2019-07-18,2019-07-17,2019-06-28,0.049579060556464806,0.5,,1.6983374489186684,8985373.514883727,0.0,12866807.485116273,12866807.485116273,0,False
2019-07-19,2019-07-18,2019-06-28,0.049579060556464806,0.5,,1.6755338661077301,8986235.126042688,0.0,13302419.873957312,13302419.873957312,0,False
2019-07-22,2019-07-19,2019-06-28,0.049579060556464806,0.5,,1.679408085206701,8988820.207380317,0.0,13230369.792619683,13230369.792619683,0,False
2019-07-23,2019-07-22,2019-06-28,0.049579060556464806,0.5,,1.6841395215276376,8989682.149044039,0.0,13140129.850955961,13140129.850955961,0,False
2019-07-24,2019-07-23,2019-06-28,0.049579060556464806,0.5,,1.6748784384330757,8990544.173359701,0.0,13321723.826640299,13321723.826640299,0,False
2019-07-25,2019-07-24,2019-06-28,0.049579060556464806,0.5,,1.6696484424962346,8991406.280335229,0.0,13427054.719664771,13427054.719664771,0,False
2019-07-26,2019-07-25,2019-06-28,0.049579060556464806,0.5,,1.6659687503612721,9028814.835338548,0.0,13557415.164661452,13557415.164661452,0,False
2019-07-29,2019-07-26,2019-06-28,0.049579060556464806,0.5,,1.6668251347770922,9031412.165633645,0.0,13543898.834366355,13543898.834366355,0,False
2019-07-30,2019-07-29,2019-06-28,0.049579060556464806,0.5,,1.6659760776253076,9039482.263397748,0.0,13573283.736602252,13573283.736602252,0,False
2019-07-31,2019-07-30,2019-06-28,0.049579060556464806,0.5,,1.6705932436229776,8843341.06306684,0.0,13187339.93693316,13187339.93693316,0,False
2019-08-01,2019-07-31,2019-07-31,0.05082032289950576,0.5833333333333334,,1.6876482305311795,8844189.054675627,0.0,12861501.945324373,12861501.945324373,0,False
2019-08-02,2019-08-01,2019-07-31,0.05082032289950576,0.5833333333333334,,1.7063252632697434,8845037.127598679,0.0,12522611.872401321,12522611.872401321,0,False
2019-08-05,2019-08-02,2019-07-31,0.05082032289950576,0.5833333333333334,,1.7354426737406086,8847581.590334015,0.0,12030280.409665985,12030280.409665985,0,False
2019-08-06,2019-08-05,2019-07-31,0.05082032289950576,0.5833333333333334,,1.748545130942239,8848429.988568705,0.0,11820837.011431295,11820837.011431295,0,False
2019-08-07,2019-08-06,2019-07-31,0.05082032289950576,0.5833333333333334,,1.7528089993093319,8849278.468156649,0.0,11755011.531843351,11755011.531843351,0,False
2019-08-08,2019-08-07,2019-07-31,0.05082032289950576,0.5833333333333334,,1.7353587440177136,8850127.02910565,0.0,12035114.97089435,12035114.97089435,0,False
2019-08-09,2019-08-08,2019-07-31,0.05082032289950576,0.5833333333333334,,1.7487546389459185,8850975.67142351,0.0,11820929.32857649,11820929.32857649,0,False
2019-08-12,2019-08-09,2019-07-31,0.05082032289950576,0.5833333333333334,,1.727961747289585,8853521.84250707,0.0,12162070.15749293,12162070.15749293,0,False
2019-08-13,2019-08-12,2019-07-31,0.05082032289950576,0.5833333333333334,,1.753705670884324,8854370.810354982,0.0,11747783.189645018,11747783.189645018,0,False
2019-08-14,2019-08-13,2019-07-31,0.05082032289950576,0.5833333333333334,,1.7509184852793866,8855219.85961077,0.0,11792518.14038923,11792518.14038923,0,False
2019-08-15,2019-08-14,2019-07-31,0.05082032289950576,0.5833333333333334,,1.7540883799814757,8856068.99028224,0.0,11744073.00971776,11744073.00971776,0,False
2019-08-16,2019-08-15,2019-07-31,0.05082032289950576,0.5833333333333334,,1.7486541390455281,8856918.202377198,0.0,11830453.797622802,11830453.797622802,0,False
2019-08-19,2019-08-16,2019-07-31,0.05082032289950576,0.5833333333333334,,1.721200950315531,8859466.082955964,0.0,12284323.917044036,12284323.917044036,0,False
2019-08-20,2019-08-19,2019-07-31,0.05082032289950576,0.5833333333333334,,1.7184173640952596,8860315.620799536,0.0,12333103.379200464,12333103.379200464,0,False
2019-08-21,2019-08-20,2019-07-31,0.05082032289950576,0.5833333333333334,,1.7237427553673748,8861165.24010564,0.0,12243528.75989436,12243528.75989436,0,False
2019-08-22,2019-08-21,2019-07-31,0.05082032289950576,0.5833333333333334,,1.7341844814338823,8862014.940882089,0.0,12070556.059117911,12070556.059117911,0,False
2019-08-23,2019-08-22,2019-07-31,0.05082032289950576,0.5833333333333334,,1.7125576334601236,8862864.723136693,0.0,12438102.276863307,12438102.276863307,0,False
2019-08-26,2019-08-23,2019-07-31,0.05082032289950576,0.5833333333333334,,1.7227886893443856,8865414.314358417,0.0,12265568.685641583,12265568.685641583,0,False
2019-08-27,2019-08-26,2019-07-31,0.05082032289950576,0.5833333333333334,,1.709512612551054,8866264.42258034,0.0,12496274.57741966,12496274.57741966,0,False
2019-08-28,2019-08-27,2019-07-31,0.05082032289950576,0.5833333333333334,,1.7118547729297067,8867114.612319492,0.0,12456353.387680508,12456353.387680508,0,False
2019-08-29,2019-08-28,2019-07-31,0.05082032289950576,0.5833333333333334,,1.7128812559712627,8867964.883583687,0.0,12439610.116416313,12439610.116416313,0,False
2019-08-30,2019-08-29,2019-07-31,0.05082032289950576,0.5833333333333334,,1.698542199081083,8868815.236380743,0.0,12696176.763619257,12696176.763619257,0,False
2019-09-02,2019-08-30,2019-08-30,0.05489708547008547,0.7,,1.6739328453739624,8871366.539393948,0.0,13163576.460606052,13163576.460606052,0,False
2019-09-03,2019-09-02,2019-08-30,0.05489708547008547,0.7,,1.6746832283738866,8872217.218377179,0.0,13150196.781622821,13150196.781622821,0,False
2019-09-04,2019-09-03,2019-08-30,0.05489708547008547,0.7,,1.6659709427907086,8946936.010282366,0.0,13434423.989717634,13434423.989717634,0,False
2019-09-05,2019-09-04,2019-08-30,0.05489708547008547,0.7,,1.6659474465628599,9151628.170823215,0.0,13742267.829176785,13742267.829176785,0,False
2019-09-06,2019-09-05,2019-08-30,0.05489708547008547,0.7,,1.6659409448533218,9353337.813309457,0.0,14045296.186690543,14045296.186690543,0,False
2019-09-09,2019-09-06,2019-08-30,0.05489708547008547,0.7,,1.6663692490770303,9356028.499529725,0.0,14040306.500470275,14040306.500470275,0,False
2019-09-10,2019-09-09,2019-08-30,0.05489708547008547,0.7,,1.6709336643092334,9356925.652947487,0.0,13946126.347052513,13946126.347052513,0,False
2019-09-11,2019-09-10,2019-08-30,0.05489708547008547,0.7,,1.6707151271860265,9357822.89239366,0.0,13952008.10760634,13952008.10760634,0,False
2019-09-12,2019-09-11,2019-08-30,0.05489708547008547,0.7,,1.6704121057982981,9358720.217876492,0.0,13959652.782123508,13959652.782123508,0,False
2019-09-16,2019-09-12,2019-08-30,0.05489708547008547,0.7,,1.6763195974636984,9362309.863987459,0.0,13843026.136012541,13843026.136012541,0,False
2019-09-17,2019-09-16,2019-08-30,0.05489708547008547,0.7,,1.6999155719707353,9363207.61972784,0.0,13377624.38027216,13377624.38027216,0,False
2019-09-18,2019-09-17,2019-08-30,0.05489708547008547,0.7,,1.699546979303263,9364105.46155439,0.0,13385956.53844561,13385956.53844561,0,False
2019-09-19,2019-09-18,2019-08-30,0.05489708547008547,0.7,,1.7043120095557418,9365003.38947536,0.0,13296668.61052464,13296668.61052464,0,False
2019-09-20,2019-09-19,2019-08-30,0.05489708547008547,0.7,,1.70139465519913,9365901.40349901,0.0,13353254.59650099,13353254.59650099,0,False
2019-09-23,2019-09-20,2019-08-30,0.05489708547008547,0.7,,1.7183614954493676,9368595.703902755,0.0,13041617.296097245,13041617.296097245,0,False
2019-09-24,2019-09-23,2019-08-30,0.05489708547008547,0.7,,1.7165043183455375,9369494.06239491,0.0,13076674.93760509,13076674.93760509,0,False
2019-09-25,2019-09-24,2019-08-30,0.05489708547008547,0.7,,1.7195142884668384,9370392.50703103,0.0,13023219.49296897,13023219.49296897,0,False
2019-09-26,2019-09-25,2019-08-30,0.05489708547008547,0.7,,1.7070255945177546,9131326.030739374,0.0,12915127.969260626,12915127.969260626,0,False
2019-09-27,2019-09-26,2019-08-30,0.05489708547008547,0.7,,1.7125610965558613,9125186.219585063,0.0,12806180.780414937,12806180.780414937,0,False
2019-09-30,2019-09-27,2019-08-30,0.05489708547008547,0.7,,1.6720280016699862,8499826.57763508,0.0,12648024.42236492,12648024.42236492,0,False
2019-10-08,2019-09-30,2019-09-30,0.05391323208191126,0.6666666666666666,,1.6660212589394259,8520945.667893952,0.0,12793804.332106048,12793804.332106048,0,False
2019-10-09,2019-10-08,2019-09-30,0.05391323208191126,0.6666666666666666,,1.6689203185708388,8521762.744875805,0.0,12739578.255124195,12739578.255124195,0,False
2019-10-10,2019-10-09,2019-09-30,0.05391323208191126,0.6666666666666666,,1.6659540680548148,8627618.453177506,0.0,12955275.546822494,12955275.546822494,0,False
2019-10-11,2019-10-10,2019-09-30,0.05391323208191126,0.6666666666666666,,1.6659805755062322,9016633.455006577,0.0,13538883.544993423,13538883.544993423,0,False
2019-10-14,2019-10-11,2019-09-30,0.05391323208191126,0.6666666666666666,,1.6659773881916553,9197131.848418977,0.0,13809976.151581023,13809976.151581023,0,False
2019-10-15,2019-10-14,2019-09-30,0.05391323208191126,0.6666666666666666,,1.682875109678064,9198013.765171565,0.0,13469540.234828435,13469540.234828435,0,False
2019-10-16,2019-10-15,2019-09-30,0.05391323208191126,0.6666666666666666,,1.6809815015428713,9198895.766491514,0.0,13508290.233508486,13508290.233508486,0,False
2019-10-17,2019-10-16,2019-09-30,0.05391323208191126,0.6666666666666666,,1.6832639767643223,9199777.852386931,0.0,13464456.147613069,13464456.147613069,0,False
2019-10-18,2019-10-17,2019-09-30,0.05391323208191126,0.6666666666666666,,1.6945884299191176,9200660.022865927,0.0,13246203.977134073,13246203.977134073,0,False
2019-10-21,2019-10-18,2019-09-30,0.05391323208191126,0.6666666666666666,,1.6967098600600685,9203306.788077984,0.0,13209669.211922016,13209669.211922016,0,False
2019-10-22,2019-10-21,2019-09-30,0.05391323208191126,0.6666666666666666,,1.696935817417314,9204189.296948073,0.0,13206652.703051927,13206652.703051927,0,False
2019-10-23,2019-10-22,2019-09-30,0.05391323208191126,0.6666666666666666,,1.697761693007348,9205071.8904423,0.0,13192286.1095577,13192286.1095577,0,False
2019-10-24,2019-10-23,2019-09-30,0.05391323208191126,0.6666666666666666,,1.6982974055764612,9205954.568568781,0.0,13183429.431431219,13183429.431431219,0,False
2019-10-25,2019-10-24,2019-09-30,0.05391323208191126,0.6666666666666666,,1.6659771432598733,9036088.64533047,322.585894839792,13567681.940564368,13567681.940564368,0,False
2019-10-28,2019-10-25,2019-09-30,0.05391323208191126,0.6666666666666666,,1.6664146861544291,9038365.482196616,0.0,13562674.517803384,13562674.517803384,0,False
2019-10-29,2019-10-28,2019-09-30,0.05391323208191126,0.6666666666666666,,1.6786266473210738,9039232.1747771,0.0,13319889.8252229,13319889.8252229,0,False
2019-10-30,2019-10-29,2019-09-30,0.05391323208191126,0.6666666666666666,,1.6696121067874383,9040098.950465092,0.0,13500501.049534908,13500501.049534908,0,False
2019-10-31,2019-10-30,2019-09-30,0.05391323208191126,0.6666666666666666,,1.6866736484928713,9040965.809268562,0.0,13166321.190731438,13166321.190731438,0,False
2019-11-01,2019-10-31,2019-10-31,0.052809802913453295,0.65,,1.6659837022718174,9503313.427445479,0.0,14269588.572554521,14269588.572554521,0,False
2019-11-04,2019-11-01,2019-10-31,0.052809802913453295,0.65,,1.6659887343724935,9845290.488945566,0.0,14782968.511054434,14782968.511054434,0,False
2019-11-05,2019-11-04,2019-10-31,0.052809802913453295,0.65,,1.6659643918820017,9934772.13242656,0.0,14917872.86757344,14917872.86757344,0,False
2019-11-06,2019-11-05,2019-10-31,0.052809802913453295,0.65,,1.6732185307803744,9935724.781809121,0.0,14758543.218190879,14758543.218190879,0,False
2019-11-07,2019-11-06,2019-10-31,0.052809802913453295,0.65,,1.6757395106447992,9936677.522541624,0.0,14704893.477458376,14704893.477458376,0,False
2019-11-08,2019-11-07,2019-10-31,0.052809802913453295,0.65,,1.676825137221368,9937630.354632827,0.0,14682714.645367173,14682714.645367173,0,False
2019-11-11,2019-11-08,2019-10-31,0.052809802913453295,0.65,,1.6969391093887696,9940489.125008816,0.0,14263066.874991184,14263066.874991184,0,False
2019-11-12,2019-11-11,2019-10-31,0.052809802913453295,0.65,,1.693165490736927,9941442.322596146,0.0,14342090.677403854,14342090.677403854,0,False
2019-11-13,2019-11-12,2019-10-31,0.052809802913453295,0.65,,1.6991732503109689,9942395.611585984,0.0,14220217.388414016,14220217.388414016,0,False
2019-11-14,2019-11-13,2019-10-31,0.052809802913453295,0.65,,1.6972411931879456,9943348.991987094,0.0,14260989.008012906,14260989.008012906,0,False
2019-11-15,2019-11-14,2019-10-31,0.052809802913453295,0.65,,1.7133836566285316,9944302.463808244,0.0,13939627.536191756,13939627.536191756,0,False
2019-11-18,2019-11-15,2019-10-31,0.052809802913453295,0.65,,1.6784396851127132,9947163.153558107,0.0,14661823.846441893,14661823.846441893,0,False
2019-11-19,2019-11-18,2019-10-31,0.052809802913453295,0.65,,1.6659870611334007,10017460.618080776,0.0,15041524.381919224,15041524.381919224,0,False
2019-11-20,2019-11-19,2019-10-31,0.052809802913453295,0.65,,1.6773648121139368,10018421.19649621,0.0,14790288.80350379,14790288.80350379,0,False
2019-11-21,2019-11-20,2019-10-31,0.052809802913453295,0.65,,1.6750400452302283,10019381.8670219,0.0,14842648.1329781,14842648.1329781,0,False
2019-11-22,2019-11-21,2019-10-31,0.052809802913453295,0.65,,1.6659692035470488,10036078.786926681,0.0,15069884.213073319,15069884.213073319,0,False
2019-11-25,2019-11-22,2019-10-31,0.052809802913453295,0.65,,1.6659768996027164,10648545.838764565,0.0,15989362.161235435,15989362.161235435,0,False
2019-11-26,2019-11-25,2019-10-31,0.052809802913453295,0.65,,1.6678544855164315,10649566.932201158,0.0,15945939.067798842,15945939.067798842,0,False
2019-11-27,2019-11-26,2019-10-31,0.052809802913453295,0.65,,1.6690925348611099,10650588.123550821,0.0,15917959.876449179,15917959.876449179,0,False
2019-11-28,2019-11-27,2019-10-31,0.052809802913453295,0.65,,1.678038531259015,10651609.412822943,0.0,15709445.587177057,15709445.587177057,0,False
2019-11-29,2019-11-28,2019-10-31,0.052809802913453295,0.65,,1.6852751290726862,10652630.800026912,0.0,15545042.199973088,15545042.199973088,0,False
2019-12-02,2019-11-29,2019-11-29,0.055610034904013964,0.7666666666666667,,1.6766377981412977,10655695.255462537,0.0,15748004.744537463,15748004.744537463,0,False
2019-12-03,2019-12-02,2019-11-29,0.055610034904013964,0.7666666666666667,,1.6695678730035783,10656717.034459636,0.0,15915812.965540364,15915812.965540364,0,False
2019-12-04,2019-12-03,2019-11-29,0.055610034904013964,0.7666666666666667,,1.675494377066217,10657738.911435543,0.0,15777687.088564457,15777687.088564457,0,False
2019-12-05,2019-12-04,2019-11-29,0.055610034904013964,0.7666666666666667,,1.665979105256643,10877795.813259654,0.0,16333539.186740346,16333539.186740346,0,False
2019-12-06,2019-12-05,2019-11-29,0.055610034904013964,0.7666666666666667,,1.6660176508232378,10899103.874210514,0.0,16364587.125789486,16364587.125789486,0,False
2019-12-09,2019-12-06,2019-11-29,0.055610034904013964,0.7666666666666667,,1.666012311737945,10893514.092915734,192.88449647477637,16356035.791580738,16356035.791580738,0,False
2019-12-10,2019-12-09,2019-11-29,0.055610034904013964,0.7666666666666667,,1.6660158841634232,10929572.247972418,0.0,16410377.752027582,16410377.752027582,0,False
2019-12-11,2019-12-10,2019-11-29,0.055610034904013964,0.7666666666666667,,1.666010918412345,10907960.261428177,212.06285129580647,16377731.801423118,16377731.801423118,0,False
2019-12-12,2019-12-11,2019-11-29,0.055610034904013964,0.7666666666666667,,1.6677647302858007,10908794.167369075,0.0,16336283.832630925,16336283.832630925,0,False
2019-12-13,2019-12-12,2019-11-29,0.055610034904013964,0.7666666666666667,,1.6660045507448933,11059025.727044849,0.0,16605030.272955151,16605030.272955151,0,False
2019-12-16,2019-12-13,2019-11-29,0.055610034904013964,0.7666666666666667,,1.6660022295904195,11217793.541450163,0.0,16843477.458549835,16843477.458549835,0,False
2019-12-17,2019-12-16,2019-11-29,0.055610034904013964,0.7666666666666667,,1.666016235879515,11504488.836652905,0.0,17273586.163347095,17273586.163347095,0,False
2019-12-18,2019-12-17,2019-11-29,0.055610034904013964,0.7666666666666667,,1.6660229762685592,11405554.357460996,9.41916567250155,17124852.06170468,17124852.06170468,0,False
2019-12-19,2019-12-18,2019-11-29,0.055610034904013964,0.7666666666666667,,1.6660155105448613,11442148.681399874,0.0,17180003.318600126,17180003.318600126,0,False
2019-12-20,2019-12-19,2019-11-29,0.055610034904013964,0.7666666666666667,,1.6659915059526056,11423809.506089702,555.4220805157674,17152251.915990815,17152251.915990815,0,False
2019-12-23,2019-12-20,2019-11-29,0.055610034904013964,0.7666666666666667,,1.6660207402510856,11514933.088433953,0.0,17289150.91156605,17289150.91156605,0,False
2019-12-24,2019-12-23,2019-11-29,0.055610034904013964,0.7666666666666667,,1.666010715224149,11645697.317969969,0.0,17485750.68203003,17485750.68203003,0,False
2019-12-25,2019-12-24,2019-11-29,0.055610034904013964,0.7666666666666667,,1.6659769915472546,11684946.35388169,0.0,17545570.64611831,17545570.64611831,0,False
2019-12-26,2019-12-25,2019-11-29,0.055610034904013964,0.7666666666666667,,1.6659823300339331,12574709.240992885,0.0,18881445.759007115,18881445.759007115,0,False
2019-12-27,2019-12-26,2019-11-29,0.055610034904013964,0.7666666666666667,,1.665976243165413,13089822.558639692,0.0,19655089.34136031,19655089.34136031,0,False
2019-12-30,2019-12-27,2019-11-29,0.055610034904013964,0.7666666666666667,,1.6659896258087044,13421614.202933274,0.0,20152887.797066726,20152887.797066726,0,False
2019-12-31,2019-12-30,2019-11-29,0.055610034904013964,0.7666666666666667,,1.6660017815633548,14114681.230824925,0.0,21193158.369175076,21193158.369175076,0,False
2020-01-02,2019-12-31,2019-12-31,0.04993581300813008,0.55,,1.6659871240579505,14366244.52718248,0.0,21571354.772817515,21571354.772817515,0,False
2020-01-03,2020-01-02,2019-12-31,0.04993581300813008,0.55,,1.6694174876840175,14367622.112274127,0.0,21462872.387725875,21462872.387725875,0,False
2020-01-06,2020-01-03,2019-12-31,0.04993581300813008,0.55,,1.6659852765332912,14597023.040570673,0.0,21917936.55942933,21917936.55942933,0,False
2020-01-07,2020-01-06,2019-12-31,0.04993581300813008,0.55,,1.6659914427766063,14663919.95900881,0.0,22018180.740991194,22018180.740991194,0,False
2020-01-08,2020-01-07,2019-12-31,0.04993581300813008,0.55,,1.6870446632063292,14665326.088319946,0.0,21345520.71168005,21345520.71168005,0,False
2020-01-09,2020-01-08,2019-12-31,0.04993581300813008,0.55,,1.68535499183203,14666732.352465402,0.0,21400197.7475346,21400197.7475346,0,False
2020-01-10,2020-01-09,2019-12-31,0.04993581300813008,0.55,,1.6831994233034582,14668138.751458105,0.0,21469776.248541895,21469776.248541895,0,False
2020-01-13,2020-01-10,2019-12-31,0.04993581300813008,0.55,,1.6841653084160693,14672358.353016743,0.0,21445633.34698326,21445633.34698326,0,False
2020-01-14,2020-01-13,2019-12-31,0.04993581300813008,0.55,,1.6659887813167606,15071457.032768952,0.0,22630196.56723105,22630196.56723105,0,False
2020-01-15,2020-01-14,2019-12-31,0.04993581300813008,0.55,,1.6961527889221373,15072902.240977574,0.0,21651715.659022424,21651715.659022424,0,False
2020-01-16,2020-01-15,2019-12-31,0.04993581300813008,0.55,,1.706321622958652,15074347.587767804,0.0,21342044.6122322,21342044.6122322,0,False
2020-01-17,2020-01-16,2019-12-31,0.04993581300813008,0.55,,1.712718338569091,15072654.677102933,0.0,21148122.422897063,21148122.422897063,0,False
2020-01-20,2020-01-17,2019-12-31,0.04993581300813008,0.55,,1.703428122650788,15076990.64625662,0.0,21433590.953743383,21433590.953743383,0,False
2020-01-21,2020-01-20,2019-12-31,0.04993581300813008,0.55,,1.7309859217498706,14868367.605255714,0.0,20340155.894744284,20340155.894744284,0,False
2020-01-22,2020-01-21,2019-12-31,0.04993581300813008,0.55,,1.7203040218981107,14869793.33913567,0.0,20643773.860864334,20643773.860864334,0,False
2020-01-23,2020-01-22,2019-12-31,0.04993581300813008,0.55,,1.7762544217705794,14871219.209729834,0.0,19157661.190270163,19157661.190270163,0,False
2020-02-03,2020-01-23,2020-01-23,0.053680040133779264,0.6833333333333333,,1.925746233741624,14886905.290266125,0.0,16080978.509733872,16080978.509733872,0,False
2020-02-04,2020-02-03,2020-01-23,0.053680040133779264,0.6833333333333333,,1.865434540689344,14888332.801732315,0.0,17203303.198267683,17203303.198267683,0,False
2020-02-05,2020-02-04,2020-01-23,0.053680040133779264,0.6833333333333333,,1.8730613822690123,14889760.450083166,0.0,17054654.749916833,17054654.749916833,0,False
2020-02-06,2020-02-05,2020-01-23,0.053680040133779264,0.6833333333333333,,1.859520132109893,14891188.235331804,0.0,17325002.264668196,17325002.264668196,0,False
2020-02-07,2020-02-06,2020-01-23,0.053680040133779264,0.6833333333333333,,1.8738293247316178,14892616.157491356,0.0,17042934.742508642,17042934.742508642,0,False
2020-02-10,2020-02-07,2020-01-23,0.053680040133779264,0.6833333333333333,,1.8143936628080735,14896900.334742142,0.0,18292014.065257855,18292014.065257855,0,False
2020-02-11,2020-02-10,2020-01-23,0.053680040133779264,0.6833333333333333,,1.822620820619648,14898328.804637253,0.0,18110809.29536275,18110809.29536275,0,False
2020-02-12,2020-02-11,2020-01-23,0.053680040133779264,0.6833333333333333,,1.768320655252647,14899757.41150893,0.0,19392628.988491066,19392628.988491066,0,False
2020-02-13,2020-02-12,2020-01-23,0.053680040133779264,0.6833333333333333,,1.719356722827701,14901186.155370308,0.0,20714599.144629687,20714599.144629687,0,False
2020-02-14,2020-02-13,2020-01-23,0.053680040133779264,0.6833333333333333,,1.6841587760668992,14902615.036234522,0.0,21782392.56376548,21782392.56376548,0,False
2020-02-17,2020-02-14,2020-01-23,0.053680040133779264,0.6833333333333333,,1.6659283602707167,15038210.275265083,0.0,22582324.42473492,22582324.42473492,0,False
2020-02-18,2020-02-17,2020-01-23,0.053680040133779264,0.6833333333333333,,1.6930171243772123,15039652.295428464,0.0,21701703.704571538,21701703.704571538,0,False
2020-02-19,2020-02-18,2020-01-23,0.053680040133779264,0.6833333333333333,,1.7127551315280738,15041094.453867752,0.0,21102751.546132248,21102751.546132248,0,False
2020-02-20,2020-02-19,2020-01-23,0.053680040133779264,0.6833333333333333,,1.6836110439401257,15042536.750596205,0.0,22004525.649403796,22004525.649403796,0,False
2020-02-21,2020-02-20,2020-01-23,0.053680040133779264,0.6833333333333333,,1.6823190177740255,15043979.185627084,0.0,22048307.01437292,22048307.01437292,0,False
2020-02-24,2020-02-21,2020-01-23,0.053680040133779264,0.6833333333333333,,1.7062429339446223,15048306.905666785,0.0,21307550.394333214,21307550.394333214,0,False
2020-02-25,2020-02-24,2020-01-23,0.053680040133779264,0.6833333333333333,,1.6721284669539744,15049749.894000206,0.0,22391180.605999794,22391180.605999794,0,False
2020-02-26,2020-02-25,2020-01-23,0.053680040133779264,0.6833333333333333,,1.6933165307174882,15051193.020702371,0.0,21708977.579297632,21708977.579297632,0,False
2020-02-27,2020-02-26,2020-01-23,0.053680040133779264,0.6833333333333333,,1.6937736943430077,15052636.285786549,0.0,21696752.714213453,21696752.714213453,0,False
2020-02-28,2020-02-27,2020-01-23,0.053680040133779264,0.6833333333333333,,1.7609742478108996,15051765.872466007,0.0,19779599.527533993,19779599.527533993,0,False
2020-03-02,2020-02-28,2020-02-28,0.05905442350907519,0.8666666666666667,,1.6953446278539896,15056095.83251151,0.0,21652710.367488492,21652710.367488492,0,False
2020-03-03,2020-03-02,2020-02-28,0.05905442350907519,0.8666666666666667,,1.6659792595950347,14485417.703892935,929.6188646074734,21749157.914971676,21749157.914971676,0,False
2020-03-04,2020-03-03,2020-02-28,0.05905442350907519,0.8666666666666667,,1.665952850145182,14828435.155164866,205.97748000000138,22266184.722315133,22266184.722315133,0,False
2020-03-05,2020-03-04,2020-02-28,0.05905442350907519,0.8666666666666667,,1.6658820824138991,15043433.314485772,129.69576000000234,22591542.881274223,22591542.881274223,0,False
2020-03-06,2020-03-05,2020-02-28,0.05905442350907519,0.8666666666666667,,1.6660112756985888,14960444.020740801,278.06619227153715,22462331.345451467,22462331.345451467,0,False
2020-03-09,2020-03-06,2020-02-28,0.05905442350907519,0.8666666666666667,,1.6890101318540858,13974636.81049436,0.0,20282193.489505637,20282193.489505637,0,False
2020-03-10,2020-03-09,2020-02-28,0.05905442350907519,0.8666666666666667,,1.6669197145207189,13975976.84416112,0.0,20956010.955838878,20956010.955838878,0,False
2020-03-11,2020-03-10,2020-02-28,0.05905442350907519,0.8666666666666667,,1.608534114069295,13587568.159788046,1173430.9687237882,20400067.808935743,20400067.808935743,0,False
2020-03-12,2020-03-11,2020-02-28,0.05905442350907519,0.8666666666666667,,1.6657394310756444,13000127.520299686,5128.667290654383,19519647.246990964,19519647.246990964,0,False
2020-03-13,2020-03-12,2020-02-28,0.05905442350907519,0.8666666666666667,,1.6958020733843466,12996245.440579472,0.0,18678078.059420526,18678078.059420526,0,False
2020-03-16,2020-03-13,2020-02-28,0.05905442350907519,0.8666666666666667,,1.7647082294074603,12999984.086528132,0.0,16999927.01347187,16999927.01347187,0,False
2020-03-17,2020-03-16,2020-02-28,0.05905442350907519,0.8666666666666667,,1.7954126889708524,13001230.660344647,0.0,16345264.339655353,16345264.339655353,0,False
2020-03-18,2020-03-17,2020-02-28,0.05905442350907519,0.8666666666666667,,1.822766014612235,13002477.353695638,0.0,15803371.946304359,15803371.946304359,0,False
2020-03-19,2020-03-18,2020-02-28,0.05905442350907519,0.8666666666666667,,1.8590280910849795,13003724.166592568,0.0,15137717.033407435,15137717.033407435,0,False
2020-03-20,2020-03-19,2020-02-28,0.05905442350907519,0.8666666666666667,,1.836447750379207,13004971.099046899,0.0,15547858.3009531,15547858.3009531,0,False
2020-03-23,2020-03-20,2020-02-28,0.05905442350907519,0.8666666666666667,,1.3500582544976147,9349189.28209242,4437039.9864959335,14032376.704403514,14032376.704403514,0,False
2020-03-24,2020-03-23,2020-02-28,0.05905442350907519,0.8666666666666667,,1.386669555824911,9350085.779694812,3710115.0335459337,14586022.253851121,14586022.253851121,0,False
2020-03-25,2020-03-24,2020-02-28,0.05905442350907519,0.8666666666666667,,1.4131496998318778,9350982.363262728,3206283.6181859337,14872814.254923206,14872814.254923206,0,False
2020-03-26,2020-03-25,2020-02-28,0.05905442350907519,0.8666666666666667,,1.4181794976360296,9351879.03280441,3206283.6181859337,14696070.585381523,14696070.585381523,0,False
2020-03-27,2020-03-26,2020-02-28,0.05905442350907519,0.8666666666666667,,1.4194021093420148,9352775.788328104,3038805.197585934,15054694.40925783,15054694.40925783,0,False
2020-03-30,2020-03-27,2020-02-28,0.05905442350907519,0.8666666666666667,,1.4239169899671762,9355466.312869951,3038805.197585934,14900702.884715982,14900702.884715982,0,False
2020-03-31,2020-03-30,2020-02-28,0.05905442350907519,0.8666666666666667,,1.4290212421070283,9356363.412379405,3038805.197585934,14725513.785206528,14725513.785206528,0,False
2020-04-01,2020-03-31,2020-03-31,0.06626689861751152,0.95,,1.4315787082627918,9357260.5979121,3038805.197585934,14640331.599673834,14640331.599673834,0,False
2020-04-02,2020-04-01,2020-03-31,0.06626689861751152,0.95,,1.4293583269272039,9358157.869476283,3038805.197585934,14718132.32810965,14718132.32810965,0,False
2020-04-03,2020-04-02,2020-03-31,0.06626689861751152,0.95,,1.4305545413152965,9359055.227080205,3038805.197585934,14679324.970505727,14679324.970505727,0,False
2020-04-07,2020-04-03,2020-03-31,0.06626689861751152,0.95,,1.4207925347250825,9362645.001687853,2900069.9383859336,15358102.936698081,15358102.936698081,0,False
2020-04-08,2020-04-07,2020-03-31,0.06626689861751152,0.95,,1.4224447289061422,9363542.789564727,2900069.9383859336,15300162.148821207,15300162.148821207,0,False
2020-04-09,2020-04-08,2020-03-31,0.06626689861751152,0.95,,1.4219217426495139,9364440.663530849,2900069.9383859336,15321255.274855085,15321255.274855085,0,False
2020-04-10,2020-04-09,2020-03-31,0.06626689861751152,0.95,,1.4249613542087725,9365338.623594476,2900069.9383859336,15213780.314791458,15213780.314791458,0,False
2020-04-13,2020-04-10,2020-03-31,0.06626689861751152,0.95,,1.4189729203091668,9368032.762102634,2900069.9383859336,15437663.1762833,15437663.1762833,0,False
2020-04-14,2020-04-13,2020-03-31,0.06626689861751152,0.95,,1.4139218410814798,9368931.066614069,2900069.9383859336,15628218.871771865,15628218.871771865,0,False
2020-04-15,2020-04-14,2020-03-31,0.06626689861751152,0.95,,1.425500721119725,9369829.457264293,2900069.9383859336,15205049.48112164,15205049.48112164,0,False
2020-04-16,2020-04-15,2020-03-31,0.06626689861751152,0.95,,1.4292324395495197,9370727.934061565,2900069.9383859336,15074951.00432437,15074951.00432437,0,False
2020-04-17,2020-04-16,2020-03-31,0.06626689861751152,0.95,,1.4224402132800247,9371626.497014146,2900069.9383859336,15319461.441371787,15319461.441371787,0,False
2020-04-20,2020-04-17,2020-03-31,0.06626689861751152,0.95,,1.4153497042647147,9374322.444362603,2900069.9383859336,15587473.49402333,15587473.49402333,0,False
2020-04-21,2020-04-20,2020-03-31,0.06626689861751152,0.95,,1.4236612985296357,9375221.351994254,2900069.9383859336,15283792.58639168,15283792.58639168,0,False
2020-04-22,2020-04-21,2020-03-31,0.06626689861751152,0.95,,1.4202359947134853,9376120.345822528,2900069.9383859336,15410508.592563406,15410508.592563406,0,False
2020-04-23,2020-04-22,2020-03-31,0.06626689861751152,0.95,,1.4285449898898774,9377019.425855689,2900069.9383859336,15113814.512530245,15113814.512530245,0,False
2020-04-24,2020-04-23,2020-03-31,0.06626689861751152,0.95,,1.4290403177612807,9377918.592102004,2900069.9383859336,15098461.34628393,15098461.34628393,0,False
2020-04-27,2020-04-24,2020-03-31,0.06626689861751152,0.95,,1.4269041124873736,9380616.349505212,2900069.9383859336,15180332.588880721,15180332.588880721,0,False
2020-04-28,2020-04-27,2020-03-31,0.06626689861751152,0.95,,1.4112450356451824,9381515.860662013,2900069.9383859336,15760545.07772392,15760545.07772392,0,False
2020-04-29,2020-04-28,2020-03-31,0.06626689861751152,0.95,,1.4020757045868204,9382415.45807331,2900069.9383859336,16122201.480312623,16122201.480312623,0,False
2020-04-30,2020-04-29,2020-03-31,0.06626689861751152,0.95,,1.3948181024134036,9383315.141747372,2900069.9383859336,16420840.796638561,16420840.796638561,0,False
2020-05-06,2020-04-30,2020-04-30,0.05958176720475786,0.9,,1.3929237001587842,9388713.761417966,2900069.9383859336,16513750.176967967,16513750.176967967,0,False
2020-05-07,2020-05-06,2020-04-30,0.05958176720475786,0.9,,1.388833813632112,9389614.049038924,2839163.2393859336,16846402.19034701,16846402.19034701,0,False
2020-05-08,2020-05-07,2020-04-30,0.05958176720475786,0.9,,1.388113386946407,9390514.422988832,2839163.2393859336,16879992.8163971,16879992.8163971,0,False
2020-05-11,2020-05-08,2020-04-30,0.05958176720475786,0.9,,1.3835621801706774,9393215.80385024,2839163.2393859336,17087327.4355357,17087327.4355357,0,False
2020-05-12,2020-05-11,2020-04-30,0.05958176720475786,0.9,,1.4395676998302973,9394116.523173897,1999425.8784359335,16822643.355262034,16822643.355262034,0,False
2020-05-13,2020-05-12,2020-04-30,0.05958176720475786,0.9,,1.485783934572986,9395017.3288679,1153310.8160159336,16965786.48714803,16965786.48714803,0,False
2020-05-14,2020-05-13,2020-04-30,0.05958176720475786,0.9,,1.6511700591887555,10704346.166404597,0.0,16438633.833595403,16438633.833595403,0,False
2020-05-15,2020-05-14,2020-04-30,0.05958176720475786,0.9,,1.6658792277198324,10849933.612717541,0.0,16294146.387282459,16294146.387282459,0,False
2020-05-18,2020-05-15,2020-04-30,0.05958176720475786,0.9,,1.6659568596499166,10990969.995496541,0.0,16504027.004503459,16504027.004503459,0,False
2020-05-19,2020-05-18,2020-04-30,0.05958176720475786,0.9,,1.6659737816346605,11129622.385266246,0.0,16711802.614733754,16711802.614733754,0,False
2020-05-20,2020-05-19,2020-04-30,0.05958176720475786,0.9,,1.6695100745566367,11130689.609330587,0.0,16625126.390669413,16625126.390669413,0,False
2020-05-21,2020-05-20,2020-04-30,0.05958176720475786,0.9,,1.667970246760272,11131756.935731482,0.0,16665049.064268518,16665049.064268518,0,False
2020-05-22,2020-05-21,2020-04-30,0.05958176720475786,0.9,,1.6660086045525657,10733629.383257156,309.7361984116526,16115887.352941254,16115887.352941254,0,False
2020-05-25,2020-05-22,2020-04-30,0.05958176720475786,0.9,,1.6659975345284412,10902874.845616668,0.0,16370743.55438333,16370743.55438333,0,False
2020-05-26,2020-05-25,2020-04-30,0.05958176720475786,0.9,,1.6659480517816339,11027792.681306249,0.0,16559538.918693753,16559538.918693753,0,False
2020-05-27,2020-05-26,2020-04-30,0.05958176720475786,0.9,,1.6660005257232466,11119367.692758428,0.0,16695734.107241573,16695734.107241573,0,False
2020-05-28,2020-05-27,2020-04-30,0.05958176720475786,0.9,,1.666181899812691,11120433.93349609,0.0,16692789.06650391,16692789.06650391,0,False
2020-05-29,2020-05-28,2020-04-30,0.05958176720475786,0.9,,1.6660156760801932,11015869.852266975,134.42675096036027,16539753.974483982,16539753.974483982,0,False
2020-06-01,2020-05-29,2020-05-29,0.05915389655172415,0.8333333333333334,,1.665998765250091,11303413.536657624,0.0,16972123.863342375,16972123.863342375,0,False
2020-06-02,2020-06-01,2020-05-29,0.05915389655172415,0.8333333333333334,,1.6675726595964186,11304497.425626893,0.0,16933733.37437311,16933733.37437311,0,False
2020-06-03,2020-06-02,2020-05-29,0.05915389655172415,0.8333333333333334,,1.6757098530889343,11305581.41853072,0.0,16731414.181469282,16731414.181469282,0,False
2020-06-04,2020-06-03,2020-05-29,0.05915389655172415,0.8333333333333334,,1.666516333871349,11133862.38235754,178.46416513510542,16704292.681807598,16704292.681807598,0,False
2020-06-05,2020-06-04,2020-05-29,0.05915389655172415,0.8333333333333334,,1.6665355924962206,11000469.752878016,95.92645287321648,16503805.573574858,16503805.573574858,0,False
2020-06-08,2020-06-05,2020-05-29,0.05915389655172415,0.8333333333333334,,1.666538936680651,11062951.432721177,0.0,16597607.167278824,16597607.167278824,0,False
2020-06-09,2020-06-08,2020-05-29,0.05915389655172415,0.8333333333333334,,1.6660228132290718,11151505.25166048,0.0,16743428.348339522,16743428.348339522,0,False
2020-06-10,2020-06-09,2020-05-29,0.05915389655172415,0.8333333333333334,,1.6704378953471373,11152574.574081872,0.0,16634761.625918128,16634761.625918128,0,False
2020-06-11,2020-06-10,2020-05-29,0.05915389655172415,0.8333333333333334,,1.683171367306875,11068581.88783103,0.0,16201764.91216897,16201764.91216897,0,False
2020-06-12,2020-06-11,2020-05-29,0.05915389655172415,0.8333333333333334,,1.6660181092785262,10686242.754507808,68.0463208217003,16044871.091813015,16044871.091813015,0,False
2020-06-15,2020-06-12,2020-05-29,0.05915389655172415,0.8333333333333334,,1.668961903664064,10479541.413345214,149.06645021792065,15665155.653105002,15665155.653105002,0,False
2020-06-16,2020-06-15,2020-05-29,0.05915389655172415,0.8333333333333334,,1.666020288133596,10673812.902557783,0.0,16026257.897442218,16026257.897442218,0,False
2020-06-17,2020-06-16,2020-05-29,0.05915389655172415,0.8333333333333334,,1.6659936329827927,10701663.687033506,0.0,16068717.712966492,16068717.712966492,0,False
2020-06-18,2020-06-17,2020-05-29,0.05915389655172415,0.8333333333333334,,1.6660028570946301,11145216.0124924,0.0,16734486.787507601,16734486.787507601,0,False
2020-06-19,2020-06-18,2020-05-29,0.05915389655172415,0.8333333333333334,,1.6659966470612786,11175260.021436064,0.0,16779754.178563938,16779754.178563938,0,False
2020-06-22,2020-06-19,2020-05-29,0.05915389655172415,0.8333333333333334,,1.6831233113673134,11168855.438990815,0.0,16349691.561009185,16349691.561009185,0,False
2020-06-23,2020-06-22,2020-05-29,0.05915389655172415,0.8333333333333334,,1.686928381567779,11169926.4251288,0.0,16260685.5748712,16260685.5748712,0,False
2020-06-24,2020-06-23,2020-05-29,0.05915389655172415,0.8333333333333334,,1.6659982305001606,10985760.23369992,58.98283583286667,16495090.749135913,16495090.749135913,0,False
2020-06-29,2020-06-24,2020-05-29,0.05915389655172415,0.8333333333333334,,1.697070511591225,10990968.396181613,0.0,15767369.603818387,15767369.603818387,0,False
2020-06-30,2020-06-29,2020-05-29,0.05915389655172415,0.8333333333333334,,1.6916226590268755,10992022.32465796,0.0,15893091.67534204,15893091.67534204,0,False
2020-07-01,2020-06-30,2020-06-30,0.05254544426494346,0.5666666666666667,,1.6659953231281053,11060762.64893594,0.0,16607868.35106406,16607868.35106406,0,False
2020-07-02,2020-07-01,2020-06-30,0.05254544426494346,0.5666666666666667,,1.6660016535440803,11860603.000851864,1.1641532182693481e-10,17808668.999148138,17808668.999148138,0,False
2020-07-03,2020-07-02,2020-06-30,0.05254544426494346,0.5666666666666667,,1.6660021952758999,12662321.269827837,0.0,19012431.730172165,19012431.730172165,0,False
2020-07-06,2020-07-03,2020-06-30,0.05254544426494346,0.5666666666666667,,1.6659965899862936,14014949.114718612,0.0,21043574.885281388,21043574.885281388,0,False
2020-07-07,2020-07-06,2020-06-30,0.05254544426494346,0.5666666666666667,,1.6659963857086704,14926039.96156879,0.0,22411593.038431212,22411593.038431212,0,False
2020-07-08,2020-07-07,2020-06-30,0.05254544426494346,0.5666666666666667,,1.6659991186304348,15493296.402454691,0.0,23263238.59754531,23263238.59754531,0,False
2020-07-09,2020-07-08,2020-06-30,0.05254544426494346,0.5666666666666667,,1.6659973757591202,16696203.137853831,0.0,25069472.86214617,25069472.86214617,0,False
2020-07-10,2020-07-09,2020-06-30,0.05254544426494346,0.5666666666666667,,1.6766647469348874,16697804.143634174,0.0,24676627.856365826,24676627.856365826,0,False
2020-07-13,2020-07-10,2020-06-30,0.05254544426494346,0.5666666666666667,,1.66599276307663,17392108.382308505,0.0,26114560.617691495,26114560.617691495,0,False
2020-07-14,2020-07-13,2020-06-30,0.05254544426494346,0.5666666666666667,,1.6719454417952326,17393681.618728727,0.0,25885556.381271273,25885556.381271273,0,False
2020-07-15,2020-07-14,2020-06-30,0.05254544426494346,0.5666666666666667,,1.7181472423467758,17345268.506007235,0.0,24152802.493992765,24152802.493992765,0,False
2020-07-16,2020-07-15,2020-06-30,0.05254544426494346,0.5666666666666667,,1.7620483723668916,17346931.75093247,0.0,22763557.24906753,22763557.24906753,0,False
2020-07-17,2020-07-16,2020-06-30,0.05254544426494346,0.5666666666666667,,1.7189144410952377,17348595.15534694,0.0,24131654.84465306,24131654.84465306,0,False
2020-07-20,2020-07-17,2020-06-30,0.05254544426494346,0.5666666666666667,,1.6660009561927756,17797137.574883956,0.0,26722390.425116044,26722390.425116044,0,False
2020-07-21,2020-07-20,2020-06-30,0.05254544426494346,0.5666666666666667,,1.7189874810240275,17798844.149719905,0.0,24755429.850280095,24755429.850280095,0,False
2020-07-22,2020-07-21,2020-06-30,0.05254544426494346,0.5666666666666667,,1.709064411247446,17800550.888200015,0.0,25104279.111799985,25104279.111799985,0,False
2020-07-23,2020-07-22,2020-06-30,0.05254544426494346,0.5666666666666667,,1.7198495538177727,17802197.79033998,0.0,24730442.20966002,24730442.20966002,0,False
2020-07-24,2020-07-23,2020-06-30,0.05254544426494346,0.5666666666666667,,1.7714912314643925,17802498.48021207,0.0,23075438.51978793,23075438.51978793,0,False
2020-07-27,2020-07-24,2020-06-30,0.05254544426494346,0.5666666666666667,,1.7635243142604569,17807619.74689816,0.0,23322924.25310184,23322924.25310184,0,False
2020-07-28,2020-07-27,2020-06-30,0.05254544426494346,0.5666666666666667,,1.7305278595601046,17809327.32687389,0.0,24378710.67312611,24378710.67312611,0,False
2020-07-29,2020-07-28,2020-06-30,0.05254544426494346,0.5666666666666667,,1.7143028781409524,17811035.07059017,0.0,24934849.92940983,24934849.92940983,0,False
2020-07-30,2020-07-29,2020-06-30,0.05254544426494346,0.5666666666666667,,1.7223987212719465,17812742.97806269,0.0,24657772.02193731,24657772.02193731,0,False
2020-07-31,2020-07-30,2020-06-30,0.05254544426494346,0.5666666666666667,,1.728071997982928,17814451.04930716,0.0,24467979.95069284,24467979.95069284,0,False
2020-08-03,2020-07-31,2020-07-31,0.04348888953913679,0.21666666666666667,,1.7052409229313938,17819575.754403535,0.0,25267359.245596465,25267359.245596465,0,False
2020-08-04,2020-08-03,2020-07-31,0.04348888953913679,0.21666666666666667,,1.7022663289986755,17821284.48084574,0.0,25376817.51915426,25376817.51915426,0,False
2020-08-05,2020-08-04,2020-07-31,0.04348888953913679,0.21666666666666667,,1.7273326865327439,17822993.371138424,0.0,24504595.628861576,24504595.628861576,0,False
2020-08-06,2020-08-05,2020-07-31,0.04348888953913679,0.21666666666666667,,1.7384204928193072,17824702.4252973,0.0,24138959.5747027,24138959.5747027,0,False
2020-08-07,2020-08-06,2020-07-31,0.04348888953913679,0.21666666666666667,,1.7736081576942755,17826411.643338084,0.0,23043205.356661916,23043205.356661916,0,False
2020-08-10,2020-08-07,2020-07-31,0.04348888953913679,0.21666666666666667,,1.7697599319100557,17831539.789153293,0.0,23165066.210846707,23165066.210846707,0,False
2020-08-11,2020-08-10,2020-07-31,0.04348888953913679,0.21666666666666667,,1.778196379600245,17833249.662831705,0.0,22916130.337168295,22916130.337168295,0,False
2020-08-12,2020-08-11,2020-07-31,0.04348888953913679,0.21666666666666667,,1.7576308370485891,17834959.700470608,0.0,23540435.299529392,23540435.299529392,0,False
2020-08-13,2020-08-12,2020-07-31,0.04348888953913679,0.21666666666666667,,1.711615162233532,16670066.964235721,0.0,23425677.035764277,23425677.035764277,0,False
2020-08-14,2020-08-13,2020-07-31,0.04348888953913679,0.21666666666666667,,1.7224067233886533,16658837.012207635,0.0,23060190.987792365,23060190.987792365,0,False
2020-08-17,2020-08-14,2020-07-31,0.04348888953913679,0.21666666666666667,,1.6931625660740188,16663629.280389229,0.0,24040001.719610773,24040001.719610773,0,False
2020-08-18,2020-08-17,2020-07-31,0.04348888953913679,0.21666666666666667,,1.6946795349507169,16665227.162648993,0.0,23989805.83735101,23989805.83735101,0,False
2020-08-19,2020-08-18,2020-07-31,0.04348888953913679,0.21666666666666667,,1.7050027436815378,16666825.198130343,0.0,23640794.801869657,23640794.801869657,0,False
2020-08-20,2020-08-19,2020-07-31,0.04348888953913679,0.21666666666666667,,1.7338231792915846,16668423.386847973,0.0,22714495.613152027,22714495.613152027,0,False
2020-08-21,2020-08-20,2020-07-31,0.04348888953913679,0.21666666666666667,,1.735454218028478,16670021.728816574,0.0,22666294.271183424,22666294.271183424,0,False
2020-08-24,2020-08-21,2020-07-31,0.04348888953913679,0.21666666666666667,,1.7175614972272089,16672405.447699385,0.0,23234810.552300617,23234810.552300617,0,False
2020-08-25,2020-08-24,2020-07-31,0.04348888953913679,0.21666666666666667,,1.7365402450112393,16674004.171509437,0.0,22638279.828490563,22638279.828490563,0,False
2020-08-26,2020-08-25,2020-07-31,0.04348888953913679,0.21666666666666667,,1.770847722291003,16675603.048621774,0.0,21632810.951378226,21632810.951378226,0,False
2020-08-27,2020-08-26,2020-07-31,0.04348888953913679,0.21666666666666667,,1.7825673924873924,16677202.079051094,0.0,21310882.920948908,21310882.920948908,0,False
2020-08-28,2020-08-27,2020-07-31,0.04348888953913679,0.21666666666666667,,1.7462109939240449,16678801.262812098,0.0,22351320.7371879,22351320.7371879,0,False
2020-08-31,2020-08-28,2020-07-31,0.04348888953913679,0.21666666666666667,,1.7604173262900245,16683599.274134276,0.0,21940056.72586572,21940056.72586572,0,False
2020-09-01,2020-08-31,2020-08-31,0.03902715224913496,0.16666666666666666,,1.752861986366109,16685199.071324946,0.0,22162360.928675056,22162360.928675056,0,False
2020-09-02,2020-09-01,2020-08-31,0.03902715224913496,0.16666666666666666,,1.7768938564517782,16686799.021920826,0.0,21478865.978079174,21478865.978079174,0,False
2020-09-03,2020-09-02,2020-08-31,0.03902715224913496,0.16666666666666666,,1.7876391202576587,16688399.125936627,0.0,21187874.874063373,21187874.874063373,0,False
2020-09-04,2020-09-03,2020-08-31,0.03902715224913496,0.16666666666666666,,1.7914361245033574,16689999.383387059,0.0,21088245.61661294,21088245.61661294,0,False
2020-09-07,2020-09-04,2020-08-31,0.03902715224913496,0.16666666666666666,,1.8328324952703658,16694800.61608639,0.0,20045808.38391361,20045808.38391361,0,False
2020-09-08,2020-09-07,2020-08-31,0.03902715224913496,0.16666666666666666,,1.8169294216357226,16696401.487378344,0.0,20437997.512621656,20437997.512621656,0,False
2020-09-09,2020-09-08,2020-08-31,0.03902715224913496,0.16666666666666666,,1.8628353034910357,16698002.512178503,0.0,19352479.487821497,19352479.487821497,0,False
2020-09-10,2020-09-09,2020-08-31,0.03902715224913496,0.16666666666666666,,1.6661448999707267,12831058.970125942,308.08208435220877,19261201.111958414,19261201.111958414,0,False
2020-09-11,2020-09-10,2020-08-31,0.03902715224913496,0.16666666666666666,,1.6704391869063404,12831981.263559273,0.0,19139664.736440726,19139664.736440726,0,False
2020-09-14,2020-09-11,2020-08-31,0.03902715224913496,0.16666666666666666,,1.6659713704977985,12851737.81602961,0.0,19297733.18397039,19297733.18397039,0,False
2020-09-15,2020-09-14,2020-08-31,0.03902715224913496,0.16666666666666666,,1.6659968268191065,13087144.802840326,0.0,19650461.197159674,19650461.197159674,0,False
2020-09-16,2020-09-15,2020-08-31,0.03902715224913496,0.16666666666666666,,1.6659792856039437,13164020.965613749,0.0,19766412.03438625,19766412.03438625,0,False
2020-09-17,2020-09-16,2020-08-31,0.03902715224913496,0.16666666666666666,,1.6684891145410532,13165283.268994013,0.0,19694087.73100599,19694087.73100599,0,False
2020-09-18,2020-09-17,2020-08-31,0.03902715224913496,0.16666666666666666,,1.6659840342794456,13856345.563057067,0.0,20805822.436942935,20805822.436942935,0,False
2020-09-21,2020-09-18,2020-08-31,0.03902715224913496,0.16666666666666666,,1.6772762295902157,13860331.635068357,0.0,20464813.364931643,20464813.364931643,0,False
2020-09-22,2020-09-21,2020-08-31,0.03902715224913496,0.16666666666666666,,1.711728678234062,13859627.455504872,0.0,19473189.544495128,19473189.544495128,0,False
2020-09-23,2020-09-22,2020-08-31,0.03902715224913496,0.16666666666666666,,1.7251107506708467,13860956.460877318,0.0,19115640.539122682,19115640.539122682,0,False
2020-09-24,2020-09-23,2020-08-31,0.03902715224913496,0.16666666666666666,,1.7538560372921443,13861874.805848636,0.0,18387960.194151364,18387960.194151364,0,False
2020-09-25,2020-09-24,2020-08-31,0.03902715224913496,0.16666666666666666,,1.7537780944784216,13863204.026720429,0.0,18391624.973279573,18391624.973279573,0,False
2020-09-28,2020-09-25,2020-08-31,0.03902715224913496,0.16666666666666666,,1.7133794225618513,13867192.071714416,0.0,19438732.928285584,19438732.928285584,0,False
2020-09-29,2020-09-28,2020-08-31,0.03902715224913496,0.16666666666666666,,1.7206214726370652,13868521.802461019,0.0,19245224.19753898,19245224.19753898,0,False
2020-09-30,2020-09-29,2020-08-31,0.03902715224913496,0.16666666666666666,,1.7522349756399513,13869851.66071605,0.0,18438190.33928395,18438190.33928395,0,False
2020-10-09,2020-09-30,2020-09-30,0.04061605335255949,0.18333333333333332,,1.6989901776091942,13881821.532697216,0.0,19859823.467302784,19859823.467302784,0,False
2020-10-12,2020-10-09,2020-09-30,0.04061605335255949,0.18333333333333332,,1.6756056539705153,13885814.933412101,0.0,20553136.0665879,20553136.0665879,0,False
2020-10-13,2020-10-12,2020-09-30,0.04061605335255949,0.18333333333333332,,1.665996181254815,13889259.470942566,0.0,20854863.529057436,20854863.529057436,0,False
2020-10-14,2020-10-13,2020-09-30,0.04061605335255949,0.18333333333333332,,1.678861918789849,13890591.31774115,0.0,20461585.68225885,20461585.68225885,0,False
2020-10-15,2020-10-14,2020-09-30,0.04061605335255949,0.18333333333333332,,1.6754751613529715,13891923.292251071,0.0,20566149.707748927,20566149.707748927,0,False
2020-10-16,2020-10-15,2020-09-30,0.04061605335255949,0.18333333333333332,,1.6659864038149916,14105266.619114574,0.0,21179511.380885426,21179511.380885426,0,False
2020-10-19,2020-10-16,2020-09-30,0.04061605335255949,0.18333333333333332,,1.6846042457366335,14109324.298552949,0.0,20609460.70144705,20609460.70144705,0,False
2020-10-20,2020-10-19,2020-09-30,0.04061605335255949,0.18333333333333332,,1.6880963063160856,14110677.24745829,0.0,20506834.75254171,20506834.75254171,0,False
2020-10-21,2020-10-20,2020-09-30,0.04061605335255949,0.18333333333333332,,1.701254521088051,14112030.326098457,0.0,20123977.673901543,20123977.673901543,0,False
2020-10-22,2020-10-21,2020-09-30,0.04061605335255949,0.18333333333333332,,1.705378896890033,14113383.534485891,0.0,20008230.46551411,20008230.46551411,0,False
2020-10-23,2020-10-22,2020-09-30,0.04061605335255949,0.18333333333333332,,1.7217767760630587,14114736.872633034,0.0,19555543.127366967,19555543.127366967,0,False
2020-10-26,2020-10-23,2020-09-30,0.04061605335255949,0.18333333333333332,,1.748245363254886,14118388.487530915,0.0,18868661.512469083,18868661.512469083,0,False
2020-10-27,2020-10-26,2020-09-30,0.04061605335255949,0.18333333333333332,,1.7430123222670217,14119742.305605061,0.0,19003375.69439494,19003375.69439494,0,False
2020-10-28,2020-10-27,2020-09-30,0.04061605335255949,0.18333333333333332,,1.7308282554336472,14121096.253497379,0.0,19322044.746502623,19322044.746502623,0,False
2020-10-29,2020-10-28,2020-09-30,0.04061605335255949,0.18333333333333332,,1.749363938057505,14122450.331220318,0.0,18845916.668779682,18845916.668779682,0,False
2020-10-30,2020-10-29,2020-09-30,0.04061605335255949,0.18333333333333332,,1.7698183937986114,14123804.538786326,0.0,18346930.461213674,18346930.461213674,0,False
2020-11-02,2020-10-30,2020-10-30,0.04002908045977011,0.18333333333333332,,1.750548903230592,14127867.551050909,0.0,18823380.44894909,18823380.44894909,0,False
2020-11-03,2020-11-02,2020-10-30,0.04002908045977011,0.18333333333333332,,1.7274677370058862,14129222.278076353,0.0,19422472.72192365,19422472.72192365,0,False
2020-11-04,2020-11-03,2020-10-30,0.04002908045977011,0.18333333333333332,,1.7023628314748047,14130577.135007126,0.0,20118628.864992872,20118628.864992872,0,False
2020-11-05,2020-11-04,2020-10-30,0.04002908045977011,0.18333333333333332,,1.6979852521957557,14131932.12185569,0.0,20246748.87814431,20246748.87814431,0,False
2020-11-06,2020-11-05,2020-10-30,0.04002908045977011,0.18333333333333332,,1.685257242226625,14133287.238634497,0.0,20624790.761365503,20624790.761365503,0,False
2020-11-09,2020-11-06,2020-10-30,0.04002908045977011,0.18333333333333332,,1.6659966421691401,14240501.224519037,0.0,21382241.775480963,21382241.775480963,0,False
2020-11-10,2020-11-09,2020-10-30,0.04002908045977011,0.18333333333333332,,1.6685880382295117,14241866.752033716,0.0,21301408.247966282,21301408.247966282,0,False
2020-11-11,2020-11-10,2020-10-30,0.04002908045977011,0.18333333333333332,,1.6660210176306207,14535843.26393939,0.0,21824901.736060612,21824901.736060612,0,False
2020-11-12,2020-11-11,2020-10-30,0.04002908045977011,0.18333333333333332,,1.673782487787377,14537237.111923603,0.0,21575563.888076395,21575563.888076395,0,False
2020-11-13,2020-11-12,2020-10-30,0.04002908045977011,0.18333333333333332,,1.666012542982137,14141585.529686062,216.89000158851883,21232886.360315524,21232886.360315524,0,False
2020-11-16,2020-11-13,2020-10-30,0.04002908045977011,0.18333333333333332,,1.665992607130315,15114171.653488629,0.0,22694203.34651137,22694203.34651137,0,False
2020-11-17,2020-11-16,2020-10-30,0.04002908045977011,0.18333333333333332,,1.6660037723171268,15210120.135509785,0.0,22837888.864490215,22837888.864490215,0,False
2020-11-18,2020-11-17,2020-10-30,0.04002908045977011,0.18333333333333332,,1.6660160070696026,15243460.405920314,0.0,22887528.59407969,22887528.59407969,0,False
2020-11-19,2020-11-18,2020-10-30,0.04002908045977011,0.18333333333333332,,1.6660580758506576,14887001.358336354,116.82791328051826,22350730.469576932,22350730.469576932,0,False
2020-11-20,2020-11-19,2020-10-30,0.04002908045977011,0.18333333333333332,,1.6660207234497304,15138408.76739127,0.0,22729636.232608728,22729636.232608728,0,False
2020-11-23,2020-11-20,2020-10-30,0.04002908045977011,0.18333333333333332,,1.6659986597671868,16225306.260955177,0.0,24362370.739044823,24362370.739044823,0,False
2020-11-24,2020-11-23,2020-10-30,0.04002908045977011,0.18333333333333332,,1.6660005005460785,16372161.060520474,0.0,24582805.939479526,24582805.939479526,0,False
2020-11-25,2020-11-24,2020-10-30,0.04002908045977011,0.18333333333333332,,1.691175401175313,16373730.993772853,0.0,23689690.006227147,23689690.006227147,0,False
2020-11-26,2020-11-25,2020-10-30,0.04002908045977011,0.18333333333333332,,1.6928913921839195,16375301.077566776,0.0,23633286.922433224,23633286.922433224,0,False
2020-11-27,2020-11-26,2020-10-30,0.04002908045977011,0.18333333333333332,,1.692811734327617,16376871.311916681,0.0,23638270.68808332,23638270.68808332,0,False
2020-11-30,2020-11-27,2020-10-30,0.04002908045977011,0.18333333333333332,,1.6750617657569093,16381582.466677643,0.0,24266790.533322357,24266790.533322357,0,False
2020-12-01,2020-11-30,2020-11-30,0.03548096532970768,0.08333333333333333,,1.6705786666286118,16383153.303352531,0.0,24431366.69664747,24431366.69664747,0,False
2020-12-02,2020-12-01,2020-11-30,0.03548096532970768,0.08333333333333333,,1.6673157808729726,16384724.290655592,0.0,24553179.70934441,24553179.70934441,0,False
2020-12-03,2020-12-02,2020-11-30,0.03548096532970768,0.08333333333333333,,1.708377855754501,16386295.428601272,0.0,23132139.571398728,23132139.571398728,0,False
2020-12-04,2020-12-03,2020-11-30,0.03548096532970768,0.08333333333333333,,1.7015443012614546,16387866.717204016,0.0,23359703.282795984,23359703.282795984,0,False
2020-12-07,2020-12-04,2020-11-30,0.03548096532970768,0.08333333333333333,,1.7235132482209568,16392581.035026774,0.0,22656918.964973226,22656918.964973226,0,False
2020-12-08,2020-12-07,2020-11-30,0.03548096532970768,0.08333333333333333,,1.7105048381787027,15983853.361858899,0.0,22496473.638141103,22496473.638141103,0,False
2020-12-09,2020-12-08,2020-11-30,0.03548096532970768,0.08333333333333333,,1.698623659503478,15985386.060126474,0.0,22881254.939873524,22881254.939873524,0,False
2020-12-10,2020-12-09,2020-11-30,0.03548096532970768,0.08333333333333333,,1.7102799916948246,15986918.905365117,0.0,22507911.094634883,22507911.094634883,0,False
2020-12-11,2020-12-10,2020-11-30,0.03548096532970768,0.08333333333333333,,1.7166823647192775,15988451.89758892,0.0,22308979.10241108,22308979.10241108,0,False
2020-12-14,2020-12-11,2020-11-30,0.03548096532970768,0.08333333333333333,,1.7643803241900415,15993051.31525809,0.0,20922897.68474191,20922897.68474191,0,False
2020-12-15,2020-12-14,2020-11-30,0.03548096532970768,0.08333333333333333,,1.7524775273846707,15994584.895521196,0.0,21255897.104478806,21255897.104478806,0,False
2020-12-16,2020-12-15,2020-11-30,0.03548096532970768,0.08333333333333333,,1.7431395220916703,15996118.622839944,0.0,21525054.377160057,21525054.377160057,0,False
2020-12-17,2020-12-16,2020-11-30,0.03548096532970768,0.08333333333333333,,1.7048272438642653,15997652.497228436,0.0,22697267.502771564,22697267.502771564,0,False
2020-12-18,2020-12-17,2020-11-30,0.03548096532970768,0.08333333333333333,,1.665980942133346,16101253.646310773,0.0,24176748.353689227,24176748.353689227,0,False
2020-12-21,2020-12-18,2020-11-30,0.03548096532970768,0.08333333333333333,,1.6691268459113735,16105885.513798067,0.0,24070003.486201935,24070003.486201935,0,False
2020-12-22,2020-12-21,2020-11-30,0.03548096532970768,0.08333333333333333,,1.7206735418368095,16107429.913778843,0.0,22350522.08622116,22350522.08622116,0,False
2020-12-23,2020-12-22,2020-11-30,0.03548096532970768,0.08333333333333333,,1.7016329831305939,16108974.461852767,0.0,22959260.538147233,22959260.538147233,0,False
2020-12-24,2020-12-23,2020-11-30,0.03548096532970768,0.08333333333333333,,1.711378001653734,16110519.15803404,0.0,22646917.84196596,22646917.84196596,0,False
2020-12-25,2020-12-24,2020-11-30,0.03548096532970768,0.08333333333333333,,1.673535148550899,16112064.002336865,0.0,23921637.997663133,23921637.997663133,0,False
2020-12-28,2020-12-25,2020-11-30,0.03548096532970768,0.08333333333333333,,1.6660387166813955,16116698.979652606,0.0,24197841.020347394,24197841.020347394,0,False
2020-12-29,2020-12-28,2020-11-30,0.03548096532970768,0.08333333333333333,,1.7019400962550006,16118244.416541066,0.0,22962421.583458934,22962421.583458934,0,False
2020-12-30,2020-12-29,2020-11-30,0.03548096532970768,0.08333333333333333,,1.6844951963791102,16119790.001622105,0.0,23549894.998377897,23549894.998377897,0,False
2020-12-31,2020-12-30,2020-11-30,0.03548096532970768,0.08333333333333333,,1.689757991675924,16121335.734909931,0.0,23372452.26509007,23372452.26509007,0,False
2021-01-04,2020-12-31,2020-12-31,0.03242796040868455,0.03333333333333333,,1.6659918769917927,16213880.75966524,0.0,24345463.24033476,24345463.24033476,0,False
2021-01-05,2021-01-04,2020-12-31,0.03242796040868455,0.03333333333333333,,1.684660424237272,16215435.515354523,0.0,23683909.48464548,23683909.48464548,0,False
2021-01-06,2021-01-05,2020-12-31,0.03242796040868455,0.03333333333333333,,1.6659916082329147,16531639.978729969,0.0,24822595.02127003,24822595.02127003,0,False
2021-01-07,2021-01-06,2020-12-31,0.03242796040868455,0.03333333333333333,,1.6659943107121662,17087567.126441356,0.0,25657226.873558644,25657226.873558644,0,False
2021-01-08,2021-01-07,2020-12-31,0.03242796040868455,0.03333333333333333,,1.6659805250172106,17844560.7401954,0.0,26794418.2598046,26794418.2598046,0,False
2021-01-11,2021-01-08,2020-12-31,0.03242796040868455,0.03333333333333333,,1.6660130209502984,16851124.60274887,202.2116651944234,25301190.608916327,25301190.608916327,0,False
2021-01-12,2021-01-11,2020-12-31,0.03242796040868455,0.03333333333333333,,1.666012059308095,17442821.919966955,0.0,26189949.080033045,26189949.080033045,0,False
2021-01-13,2021-01-12,2020-12-31,0.03242796040868455,0.03333333333333333,,1.664337335600151,17604635.07624914,0.0,26499541.92375086,26499541.92375086,0,False
2021-01-14,2021-01-13,2020-12-31,0.03242796040868455,0.03333333333333333,,1.6659718523508003,16869476.176167037,1265.8278756531654,25328713.651708614,25328713.651708614,0,False
2021-01-15,2021-01-14,2020-12-31,0.03242796040868455,0.03333333333333333,,1.6660218580664568,17327413.885754578,0.0,26016284.114245422,26016284.114245422,0,False
2021-01-18,2021-01-15,2020-12-31,0.03242796040868455,0.03333333333333333,,1.6660016741190544,17530651.14678966,0.0,26322232.85321034,26322232.85321034,0,False
2021-01-19,2021-01-18,2020-12-31,0.03242796040868455,0.03333333333333333,,1.6659872997851048,17282201.720023755,765.2907112523151,25948597.5706875,25948597.5706875,0,False
2021-01-20,2021-01-19,2020-12-31,0.03242796040868455,0.03333333333333333,,1.667274417743934,17283093.62673771,0.0,25901028.37326229,25901028.37326229,0,False
2021-01-21,2021-01-20,2020-12-31,0.03242796040868455,0.03333333333333333,,1.6659802105969272,17367920.05728822,0.0,26078732.94271178,26078732.94271178,0,False
2021-01-22,2021-01-21,2020-12-31,0.03242796040868455,0.03333333333333333,,1.6864195470959489,17369585.474280015,0.0,25304619.525719985,25304619.525719985,0,False
2021-01-25,2021-01-22,2020-12-31,0.03242796040868455,0.03333333333333333,,1.704902083943229,17374582.204347957,0.0,24648220.795652043,24648220.795652043,0,False
2021-01-26,2021-01-25,2020-12-31,0.03242796040868455,0.03333333333333333,,1.7016051243083141,17095699.49937577,0.0,24366554.50062423,24366554.50062423,0,False
2021-01-27,2021-01-26,2020-12-31,0.03242796040868455,0.03333333333333333,,1.704764209011277,17097338.8130264,0.0,24259658.1869736,24259658.1869736,0,False
2021-01-28,2021-01-27,2020-12-31,0.03242796040868455,0.03333333333333333,,1.7348903951860304,17098978.283871483,0.0,23267385.716128517,23267385.716128517,0,False
2021-01-29,2021-01-28,2020-12-31,0.03242796040868455,0.03333333333333333,,1.7687316199638283,17100617.911926102,0.0,22245238.088073898,22245238.088073898,0,False
2021-02-01,2021-01-29,2021-01-29,0.03090992476489029,0.016666666666666666,,1.7732084863395465,17105537.26776378,0.0,22122800.73223622,22122800.73223622,0,False
2021-02-02,2021-02-01,2021-01-29,0.03090992476489029,0.016666666666666666,,1.7851781432946339,17107177.524762057,0.0,21787638.475237943,21787638.475237943,0,False
2021-02-03,2021-02-02,2021-01-29,0.03090992476489029,0.016666666666666666,,1.7959728106735529,17108817.939045254,0.0,21494224.060954746,21494224.060954746,0,False
2021-02-04,2021-02-03,2021-01-29,0.03090992476489029,0.016666666666666666,,1.8125397557077305,17110458.51062845,0.0,21057995.48937155,21057995.48937155,0,False
2021-02-05,2021-02-04,2021-01-29,0.03090992476489029,0.016666666666666666,,1.8309590586327578,17112099.23952673,0.0,20593191.76047327,20593191.76047327,0,False
2021-02-08,2021-02-05,2021-01-29,0.03090992476489029,0.016666666666666666,,1.8038095658144346,17117021.89821207,0.0,21294872.10178793,21294872.10178793,0,False
2021-02-09,2021-02-08,2021-01-29,0.03090992476489029,0.016666666666666666,,1.7817589102461524,17118663.256476283,0.0,21897624.743523717,21897624.743523717,0,False
2021-02-10,2021-02-09,2021-01-29,0.03090992476489029,0.016666666666666666,,1.7696808244692568,17120304.772131015,0.0,22243382.227868985,22243382.227868985,0,False
2021-02-18,2021-02-10,2021-01-29,0.03090992476489029,0.016666666666666666,,1.7138735701713628,17133438.156613745,0.0,24000661.843386255,24000661.843386255,0,False
2021-02-19,2021-02-18,2021-01-29,0.03090992476489029,0.016666666666666666,,1.6675237556487337,17135081.08903972,0.0,25669619.91096028,25669619.91096028,0,False
2021-02-22,2021-02-19,2021-01-29,0.03090992476489029,0.016666666666666666,,1.665996419792437,17730079.259382047,0.0,26621883.740617953,26621883.740617953,0,False
2021-02-23,2021-02-22,2021-01-29,0.03090992476489029,0.016666666666666666,,1.7008570620425012,17731779.40396856,0.0,25300136.59603144,25300136.59603144,0,False
2021-02-24,2021-02-23,2021-01-29,0.03090992476489029,0.016666666666666666,,1.710731076003063,17733479.711582642,0.0,24951040.288417358,24951040.288417358,0,False
2021-02-25,2021-02-24,2021-01-29,0.03090992476489029,0.016666666666666666,,1.6840792333864631,17735180.182239916,0.0,25925622.817760084,25925622.817760084,0,False
2021-02-26,2021-02-25,2021-01-29,0.03090992476489029,0.016666666666666666,,1.7236862247587763,17736880.815956023,0.0,24509076.184043977,24509076.184043977,0,False
2021-03-01,2021-02-26,2021-02-26,0.030213972274732208,0.016666666666666666,,1.7175924267915887,17741983.206327736,0.0,24724317.793672264,24724317.793672264,0,False
2021-03-02,2021-03-01,2021-02-26,0.030213972274732208,0.016666666666666666,,1.7107746051540063,17743684.492388617,0.0,24963869.507611383,24963869.507611383,0,False
2021-03-03,2021-03-02,2021-02-26,0.030213972274732208,0.016666666666666666,,1.675828867403584,17745385.941586517,0.0,26257218.058413483,26257218.058413483,0,False
2021-03-04,2021-03-03,2021-02-26,0.030213972274732208,0.016666666666666666,,1.6876113724720283,17747087.55393708,0.0,25809764.44606292,25809764.44606292,0,False
2021-03-05,2021-03-04,2021-02-26,0.030213972274732208,0.016666666666666666,,1.7163378491576047,17748789.329455953,0.0,24777120.670544047,24777120.670544047,0,False
2021-03-08,2021-03-05,2021-02-26,0.030213972274732208,0.016666666666666666,,1.7217228036613192,17753895.145564426,0.0,24599326.854435574,24599326.854435574,0,False
2021-03-09,2021-03-08,2021-02-26,0.030213972274732208,0.016666666666666666,,1.7237999751348245,17755597.573866054,0.0,24531083.426133946,24531083.426133946,0,False
2021-03-10,2021-03-09,2021-02-26,0.030213972274732208,0.016666666666666666,,1.7301947246019045,17757300.165414233,0.0,24318581.834585767,24318581.834585767,0,False
2021-03-11,2021-03-10,2021-02-26,0.030213972274732208,0.016666666666666666,,1.675979371205609,17759002.920224614,0.0,26271516.079775386,26271516.079775386,0,False
2021-03-12,2021-03-11,2021-02-26,0.030213972274732208,0.016666666666666666,,1.6659971917082594,17779122.022372857,0.0,26695490.977627143,26695490.977627143,0,False
2021-03-15,2021-03-12,2021-02-26,0.030213972274732208,0.016666666666666666,,1.66600039222832,18345370.248594496,0.0,27545584.751405504,27545584.751405504,0,False
2021-03-16,2021-03-15,2021-02-26,0.030213972274732208,0.016666666666666666,,1.677180326981402,18347129.393686827,0.0,27093417.606313173,27093417.606313173,0,False
2021-03-17,2021-03-16,2021-02-26,0.030213972274732208,0.016666666666666666,,1.6738519121031818,18348888.707464304,0.0,27229853.292535696,27229853.292535696,0,False
2021-03-18,2021-03-17,2021-02-26,0.030213972274732208,0.016666666666666666,,1.6848062760825409,18350648.1899431,0.0,26796845.8100569,26796845.8100569,0,False
2021-03-19,2021-03-18,2021-02-26,0.030213972274732208,0.016666666666666666,,1.6883839295364569,17807421.4857294,0.0,25868444.5142706,25868444.5142706,0,False
2021-03-22,2021-03-19,2021-02-26,0.030213972274732208,0.016666666666666666,,1.6802421057580212,17812544.168622553,0.0,26185594.831377447,26185594.831377447,0,False
2021-03-23,2021-03-22,2021-02-26,0.030213972274732208,0.016666666666666666,,1.7123728248412344,17814252.220803104,0.0,25006922.779196896,25006922.779196896,0,False
2021-03-24,2021-03-23,2021-02-26,0.030213972274732208,0.016666666666666666,,1.7469672527351816,17815960.43676948,0.0,23851059.56323052,23851059.56323052,0,False
2021-03-25,2021-03-24,2021-02-26,0.030213972274732208,0.016666666666666666,,1.7337082961529282,17817668.81653739,0.0,24284404.18346261,24284404.18346261,0,False
2021-03-26,2021-03-25,2021-02-26,0.030213972274732208,0.016666666666666666,,1.7270773266383088,17819377.36012254,0.0,24508228.63987746,24508228.63987746,0,False
2021-03-29,2021-03-26,2021-02-26,0.030213972274732208,0.016666666666666666,,1.667575263133274,17824179.65016682,0.0,26699880.34983318,26699880.34983318,0,False
2021-03-30,2021-03-29,2021-02-26,0.030213972274732208,0.016666666666666666,,1.669060427251835,17825888.81807848,0.0,26643167.18192152,26643167.18192152,0,False
2021-03-31,2021-03-30,2021-02-26,0.030213972274732208,0.016666666666666666,,1.6799715285751657,17827598.149882954,0.0,26218153.850117046,26218153.850117046,0,False
2021-04-01,2021-03-31,2021-03-31,0.03655926967830253,0.2,,1.6791495911136889,17829307.645595957,0.0,26252401.354404043,26252401.354404043,0,False
2021-04-02,2021-04-01,2021-03-31,0.03655926967830253,0.2,,1.6904273248019464,17831017.305233207,0.0,25826059.694766793,25826059.694766793,0,False
2021-04-06,2021-04-02,2021-03-31,0.03655926967830253,0.2,,1.6931538026158557,17837856.599542063,0.0,25734341.400457937,25734341.400457937,0,False
2021-04-07,2021-04-06,2021-03-31,0.03655926967830253,0.2,,1.6844050997308826,17839567.07894202,0.0,26065800.92105798,26065800.92105798,0,False
2021-04-08,2021-04-07,2021-03-31,0.03655926967830253,0.2,,1.6802915623609114,17841277.722360548,0.0,26225928.277639452,26225928.277639452,0,False
2021-04-09,2021-04-08,2021-03-31,0.03655926967830253,0.2,,1.680277702403563,17842988.529813375,0.0,26228977.470186625,26228977.470186625,0,False
2021-04-12,2021-04-09,2021-03-31,0.03655926967830253,0.2,,1.68432244941832,17848121.444321953,0.0,26081449.555678047,26081449.555678047,0,False
2021-04-13,2021-04-12,2021-03-31,0.03655926967830253,0.2,,1.7050593654948303,17849832.908022095,0.0,25316780.091977905,25316780.091977905,0,False
2021-04-14,2021-04-13,2021-03-31,0.03655926967830253,0.2,,1.6938531565944737,17851544.53583519,0.0,25728130.46416481,25728130.46416481,0,False
2021-04-15,2021-04-14,2021-03-31,0.03655926967830253,0.2,,1.6801878542180568,17853256.327776983,0.0,26247537.672223017,26247537.672223017,0,False
2021-04-16,2021-04-15,2021-03-31,0.03655926967830253,0.2,,1.6659882458836772,17959026.63068321,0.0,26965981.36931679,26965981.36931679,0,False
2021-04-19,2021-04-16,2021-03-31,0.03655926967830253,0.2,,1.6659954695805843,18077845.376865327,0.0,27144096.623134673,27144096.623134673,0,False
2021-04-20,2021-04-19,2021-03-31,0.03655926967830253,0.2,,1.6722409973473655,18079578.868887767,0.0,26894490.131112233,26894490.131112233,0,False
2021-04-21,2021-04-20,2021-03-31,0.03655926967830253,0.2,,1.6835149520491406,18081312.52713547,0.0,26453426.47286453,26453426.47286453,0,False
2021-04-22,2021-04-21,2021-03-31,0.03655926967830253,0.2,,1.6714850195778383,18083046.351624373,0.0,26929932.648375627,26929932.648375627,0,False
2021-04-23,2021-04-22,2021-03-31,0.03655926967830253,0.2,,1.6829612811276518,18084780.34237042,0.0,26479949.65762958,26479949.65762958,0,False
2021-04-26,2021-04-23,2021-03-31,0.03655926967830253,0.2,,1.6837709617523773,18089982.813427813,0.0,26456202.186572187,26456202.186572187,0,False
2021-04-27,2021-04-26,2021-03-31,0.03655926967830253,0.2,,1.6891938828693598,18091717.46931403,0.0,26250548.53068597,26250548.53068597,0,False
2021-04-28,2021-04-27,2021-03-31,0.03655926967830253,0.2,,1.6776629295737702,18093452.291537117,0.0,26699781.708462883,26699781.708462883,0,False
2021-04-29,2021-04-28,2021-03-31,0.03655926967830253,0.2,,1.6730641680584224,18095187.28011302,0.0,26884787.71988698,26884787.71988698,0,False
2021-04-30,2021-04-29,2021-03-31,0.03655926967830253,0.2,,1.704608625813926,18096922.43505769,0.0,25683651.56494231,25683651.56494231,0,False
2021-05-06,2021-04-30,2021-04-30,0.04232449704142012,0.3333333333333333,,1.66599764944175,18119702.486614026,0.0,27206856.513385974,27206856.513385974,0,False
2021-05-07,2021-05-06,2021-04-30,0.04232449704142012,0.3333333333333333,,1.6659900259543183,19272398.43540192,0.0,28937968.56459808,28937968.56459808,0,False
2021-05-10,2021-05-07,2021-04-30,0.04232449704142012,0.3333333333333333,,1.6659980435565878,20603891.338400323,0.0,30936864.661599677,30936864.661599677,0,False
2021-05-11,2021-05-10,2021-04-30,0.04232449704142012,0.3333333333333333,,1.6905425751031227,20605867.054008115,0.0,29840110.945991885,29840110.945991885,0,False
2021-05-12,2021-05-11,2021-04-30,0.04232449704142012,0.3333333333333333,,1.683607224951706,20607842.95906809,0.0,30145736.04093191,30145736.04093191,0,False
2021-05-13,2021-05-12,2021-04-30,0.04232449704142012,0.3333333333333333,,1.7353411293144771,20609819.05359841,0.0,28027561.94640159,28027561.94640159,0,False
2021-05-14,2021-05-13,2021-04-30,0.04232449704142012,0.3333333333333333,,1.7489450583642632,20611795.33761725,0.0,27521104.66238275,27521104.66238275,0,False
2021-05-17,2021-05-14,2021-04-30,0.04232449704142012,0.3333333333333333,,1.7449749948051687,20617724.758193824,0.0,27675727.241806176,27675727.241806176,0,False
2021-05-18,2021-05-17,2021-04-30,0.04232449704142012,0.3333333333333333,,1.7347329897698989,20619701.800293926,0.0,28064211.199706074,28064211.199706074,0,False
2021-05-19,2021-05-18,2021-04-30,0.04232449704142012,0.3333333333333333,,1.7475465127066765,20621679.031973407,0.0,27585813.968026593,27585813.968026593,0,False
2021-05-20,2021-05-19,2021-04-30,0.04232449704142012,0.3333333333333333,,1.7916997898486047,20623656.453250445,0.0,26049844.546749555,26049844.546749555,0,False
2021-05-21,2021-05-20,2021-04-30,0.04232449704142012,0.3333333333333333,,1.7867013949381159,20625634.06414322,0.0,26217868.93585678,26217868.93585678,0,False
2021-05-24,2021-05-21,2021-04-30,0.04232449704142012,0.3333333333333333,,1.7990243827927317,20631567.465723317,0.0,25820948.534276683,25820948.534276683,0,False
2021-05-25,2021-05-24,2021-04-30,0.04232449704142012,0.3333333333333333,,1.7824557123411418,20633545.83520633,0.0,26370241.16479367,26370241.16479367,0,False
2021-05-26,2021-05-25,2021-04-30,0.04232449704142012,0.3333333333333333,,1.7804852668936924,20635524.394396007,0.0,26439351.605603993,26439351.605603993,0,False
2021-05-27,2021-05-26,2021-04-30,0.04232449704142012,0.3333333333333333,,1.770650527666448,20637503.14331054,0.0,26779327.85668946,26779327.85668946,0,False
2021-05-28,2021-05-27,2021-04-30,0.04232449704142012,0.3333333333333333,,1.7780343240769225,20639482.081968118,0.0,26527726.918031882,26527726.918031882,0,False
2021-05-31,2021-05-28,2021-04-30,0.04232449704142012,0.3333333333333333,,1.772714637786697,20645419.467224576,0.0,26718038.532775424,26718038.532775424,0,False
2021-06-01,2021-05-31,2021-05-31,0.040522320794889995,0.2833333333333333,,1.7596219913545028,20647399.164981708,0.0,27181149.835018292,27181149.835018292,0,False
2021-06-02,2021-06-01,2021-05-31,0.040522320794889995,0.2833333333333333,,1.7661225731632932,20649379.05257287,0.0,26953100.94742713,26953100.94742713,0,False
2021-06-03,2021-06-02,2021-05-31,0.040522320794889995,0.2833333333333333,,1.7531975683329244,20651359.130016267,0.0,27418249.869983733,27418249.869983733,0,False
2021-06-04,2021-06-03,2021-05-31,0.040522320794889995,0.2833333333333333,,1.7650034760836917,20653339.397330105,0.0,26997706.602669895,26997706.602669895,0,False
2021-06-07,2021-06-04,2021-05-31,0.040522320794889995,0.2833333333333333,,1.7582895604823168,20659280.768937558,0.0,27244580.231062442,27244580.231062442,0,False
2021-06-08,2021-06-07,2021-05-31,0.040522320794889995,0.2833333333333333,,1.758865257962303,20661261.795860607,0.0,27226522.204139393,27226522.204139393,0,False
2021-06-09,2021-06-08,2021-05-31,0.040522320794889995,0.2833333333333333,,1.7312834970499662,20663243.012745142,0.0,28256131.987254858,28256131.987254858,0,False
2021-06-10,2021-06-09,2021-05-31,0.040522320794889995,0.2833333333333333,,1.738401997163616,20665224.41960938,0.0,27986414.58039062,27986414.58039062,0,False
2021-06-11,2021-06-10,2021-05-31,0.040522320794889995,0.2833333333333333,,1.7332678573176532,20650369.609971534,0.0,28162109.390028466,28162109.390028466,0,False
2021-06-15,2021-06-11,2021-05-31,0.040522320794889995,0.2833333333333333,,1.7468389764893042,20658290.29968495,0.0,27660969.70031505,27660969.70031505,0,False
2021-06-16,2021-06-15,2021-05-31,0.040522320794889995,0.2833333333333333,,1.7502617495008337,20660271.231631495,0.0,27537417.768368505,27537417.768368505,0,False
2021-06-17,2021-06-16,2021-05-31,0.040522320794889995,0.2833333333333333,,1.7418520761790894,20293584.353530418,0.0,27355297.646469582,27355297.646469582,0,False
2021-06-18,2021-06-17,2021-05-31,0.040522320794889995,0.2833333333333333,,1.7789403731841338,20295530.313673906,0.0,26055306.686326094,26055306.686326094,0,False
2021-06-21,2021-06-18,2021-05-31,0.040522320794889995,0.2833333333333333,,1.8101071797127826,20301368.753901128,0.0,25060102.246098872,25060102.246098872,0,False
2021-06-22,2021-06-21,2021-05-31,0.040522320794889995,0.2833333333333333,,1.8023103329013697,20303315.460493967,0.0,25306062.539506033,25306062.539506033,0,False
2021-06-23,2021-06-22,2021-05-31,0.040522320794889995,0.2833333333333333,,1.7726838915206136,20305262.353757303,0.0,26278873.646242697,26278873.646242697,0,False
2021-06-24,2021-06-23,2021-05-31,0.040522320794889995,0.2833333333333333,,1.7604538201437527,20307209.433709033,0.0,26704066.566290967,26704066.566290967,0,False
2021-06-25,2021-06-24,2021-05-31,0.040522320794889995,0.2833333333333333,,1.736473757878539,20309156.70036706,0.0,27576212.29963294,27576212.29963294,0,False
2021-06-28,2021-06-25,2021-05-31,0.040522320794889995,0.2833333333333333,,1.7939015194160297,20314999.060513742,0.0,25588814.939486258,25588814.939486258,0,False
2021-06-29,2021-06-28,2021-05-31,0.040522320794889995,0.2833333333333333,,1.8212749256192708,20316947.074122284,0.0,24738301.925877716,24738301.925877716,0,False
2021-06-30,2021-06-29,2021-05-31,0.040522320794889995,0.2833333333333333,,1.8137397288978008,20318895.274526652,0.0,24969771.725473348,24969771.725473348,0,False
2021-07-01,2021-06-30,2021-06-30,0.03905440223463687,0.26666666666666666,,1.8235674880547645,20320843.66174476,0.0,24674169.33825524,24674169.33825524,0,False
2021-07-02,2021-07-01,2021-06-30,0.03905440223463687,0.26666666666666666,,1.8433158304875858,20322792.235794514,0.0,24098672.764205486,24098672.764205486,0,False
2021-07-05,2021-07-02,2021-06-30,0.03905440223463687,0.26666666666666666,,1.8129460931465424,20328638.518492483,0.0,25006133.481507517,25006133.481507517,0,False
2021-07-06,2021-07-05,2021-06-30,0.03905440223463687,0.26666666666666666,,1.8144227295681121,20330587.839994255,0.0,24963188.160005745,24963188.160005745,0,False
2021-07-07,2021-07-06,2021-06-30,0.03905440223463687,0.26666666666666666,,1.8241205935390084,20332537.348417267,0.0,24671798.651582733,24671798.651582733,0,False
2021-07-08,2021-07-07,2021-06-30,0.03905440223463687,0.26666666666666666,,1.8580739103777508,20334487.043779444,0.0,23697826.956220556,23697826.956220556,0,False
2021-07-09,2021-07-08,2021-06-30,0.03905440223463687,0.26666666666666666,,1.8232360784398287,20092676.92609871,0.0,24406944.07390129,24406944.07390129,0,False
2021-07-12,2021-07-09,2021-06-30,0.03905440223463687,0.26666666666666666,,1.7761346294003875,18538418.011241835,0.0,23885569.988758165,23885569.988758165,0,False
2021-07-13,2021-07-12,2021-06-30,0.03905440223463687,0.26666666666666666,,1.73032226758778,17901782.06776346,0.0,24512167.93223654,24512167.93223654,0,False
2021-07-14,2021-07-13,2021-06-30,0.03905440223463687,0.26666666666666666,,1.7244824399538436,17903498.677002832,0.0,24712122.322997168,24712122.322997168,0,False
2021-07-15,2021-07-14,2021-06-30,0.03905440223463687,0.26666666666666666,,1.7160540205631003,17905215.450848572,0.0,25005397.549151428,25005397.549151428,0,False
2021-07-16,2021-07-15,2021-06-30,0.03905440223463687,0.26666666666666666,,1.7088249795137778,17838982.389316462,0.0,25166977.610683538,25166977.610683538,0,False
2021-07-19,2021-07-16,2021-06-30,0.03905440223463687,0.26666666666666666,,1.7045752184914587,17844114.151373662,0.0,25326059.848626338,25326059.848626338,0,False
2021-07-20,2021-07-19,2021-06-30,0.03905440223463687,0.26666666666666666,,1.7118016477897036,17845825.230812836,0.0,25071345.769187164,25071345.769187164,0,False
2021-07-21,2021-07-20,2021-06-30,0.03905440223463687,0.26666666666666666,,1.7232831494968641,17847536.47432812,0.0,24675725.52567188,24675725.52567188,0,False
2021-07-22,2021-07-21,2021-06-30,0.03905440223463687,0.26666666666666666,,1.7127524167431882,17849247.881935246,0.0,25042704.118064754,25042704.118064754,0,False
2021-07-23,2021-07-22,2021-06-30,0.03905440223463687,0.26666666666666666,,1.7105702963830427,17850959.453649953,0.0,25122017.546350047,25122017.546350047,0,False
2021-07-26,2021-07-23,2021-06-30,0.03905440223463687,0.26666666666666666,,1.734580158034353,17856094.661164016,0.0,24307891.338835984,24307891.338835984,0,False
2021-07-27,2021-07-26,2021-06-30,0.03905440223463687,0.26666666666666666,,1.7555952198917646,17854375.016059194,0.0,23629549.983940806,23629549.983940806,0,False
2021-07-28,2021-07-27,2021-06-30,0.03905440223463687,0.26666666666666666,,1.779366849638835,17856087.079416897,0.0,22911016.920583103,22911016.920583103,0,False
2021-07-29,2021-07-28,2021-06-30,0.03905440223463687,0.26666666666666666,,1.7768678685705095,17857799.30694506,0.0,22986919.69305494,22986919.69305494,0,False
2021-07-30,2021-07-29,2021-06-30,0.03905440223463687,0.26666666666666666,,1.7487518842160672,17859511.698659424,0.0,23852376.301340576,23852376.301340576,0,False
2021-08-02,2021-07-30,2021-07-30,0.04785651219512195,0.5,,1.7438015277497305,17864649.36640835,0.0,24018032.63359165,24018032.63359165,0,False
2021-08-03,2021-08-02,2021-07-30,0.04785651219512195,0.5,,1.7572991127174415,17866362.414977733,0.0,23592213.585022267,23592213.585022267,0,False
2021-08-04,2021-08-03,2021-07-30,0.04785651219512195,0.5,,1.7370197178961346,17868075.627812047,0.0,24243687.372187953,24243687.372187953,0,False
2021-08-05,2021-08-04,2021-07-30,0.04785651219512195,0.5,,1.7373093111200966,17869789.004927043,0.0,24236488.995072957,24236488.995072957,0,False
2021-08-06,2021-08-05,2021-07-30,0.04785651219512195,0.5,,1.719743838635412,17871502.546338473,0.0,24830365.453661527,24830365.453661527,0,False
2021-08-09,2021-08-06,2021-07-30,0.04785651219512195,0.5,,1.7060236637351558,17876643.663509335,0.0,25320176.336490665,25320176.336490665,0,False
2021-08-10,2021-08-09,2021-07-30,0.04785651219512195,0.5,,1.699716998192253,17878357.862216797,0.0,25550841.137783203,25550841.137783203,0,False
2021-08-11,2021-08-10,2021-07-30,0.04785651219512195,0.5,,1.6766800928998964,17880072.225299474,0.0,26423227.774700526,26423227.774700526,0,False
2021-08-12,2021-08-11,2021-07-30,0.04785651219512195,0.5,,1.651604824384862,17881786.752773132,0.0,27442686.247226868,27442686.247226868,0,False
2021-08-13,2021-08-12,2021-07-30,0.04785651219512195,0.5,,1.665991233966439,18060452.907173533,0.0,27118154.092826467,27118154.092826467,0,False
2021-08-16,2021-08-13,2021-07-30,0.04785651219512195,0.5,,1.6659437395714487,18720724.43036765,0.0,28111570.56963235,28111570.56963235,0,False
2021-08-17,2021-08-16,2021-07-30,0.04785651219512195,0.5,,1.6865942890721741,18722519.568326727,0.0,27268679.431673273,27268679.431673273,0,False
2021-08-18,2021-08-17,2021-07-30,0.04785651219512195,0.5,,1.6858232740727932,18724314.87842232,0.0,27301953.12157768,27301953.12157768,0,False
2021-08-19,2021-08-18,2021-07-30,0.04785651219512195,0.5,,1.7128042858202202,18726110.360670935,0.0,26271040.639329065,26271040.639329065,0,False
2021-08-20,2021-08-19,2021-07-30,0.04785651219512195,0.5,,1.7190077070249359,18727906.015089083,0.0,26046877.984910917,26046877.984910917,0,False
2021-08-23,2021-08-20,2021-07-30,0.04785651219512195,0.5,,1.6956878996581748,18733293.494901642,0.0,26927726.505098358,26927726.505098358,0,False
2021-08-24,2021-08-23,2021-07-30,0.04785651219512195,0.5,,1.6907915048679332,18735089.838113483,0.0,27121193.161886517,27121193.161886517,0,False
2021-08-25,2021-08-24,2021-07-30,0.04785651219512195,0.5,,1.6659865367925355,18989220.107237414,0.0,28512918.892762586,28512918.892762586,0,False
2021-08-26,2021-08-25,2021-07-30,0.04785651219512195,0.5,,1.6659571805301354,19719809.147037286,0.0,29611226.852962714,29611226.852962714,0,False
2021-08-27,2021-08-26,2021-07-30,0.04785651219512195,0.5,,1.6765545705940592,19700497.087640427,0.0,29118858.912359573,29118858.912359573,0,False
2021-08-30,2021-08-27,2021-07-30,0.04785651219512195,0.5,,1.665996829372213,20290602.635065913,0.0,30466515.364934087,30466515.364934087,0,False
2021-08-31,2021-08-30,2021-07-30,0.04785651219512195,0.5,,1.665968342868653,22358230.509341195,0.0,33572512.490658805,33572512.490658805,0,False
2021-09-01,2021-08-31,2021-08-31,0.05213017727639001,0.6833333333333333,,1.696176590078744,22360374.44925305,0.0,32118825.55074695,32118825.55074695,0,False
2021-09-02,2021-09-01,2021-08-31,0.05213017727639001,0.6833333333333333,,1.6659967784874004,22795749.833138183,0.0,34228018.16686182,34228018.16686182,0,False
2021-09-03,2021-09-02,2021-08-31,0.05213017727639001,0.6833333333333333,,1.6748187079734893,22797935.726957798,0.0,33783793.2730422,33783793.2730422,0,False
2021-09-06,2021-09-03,2021-08-31,0.05213017727639001,0.6833333333333333,,1.6660000487219149,23715515.089395415,0.0,35608878.91060458,35608878.91060458,0,False
2021-09-07,2021-09-06,2021-08-31,0.05213017727639001,0.6833333333333333,,1.665986807435084,24811807.21951344,0.0,37255703.78048656,37255703.78048656,0,False
2021-09-08,2021-09-07,2021-08-31,0.05213017727639001,0.6833333333333333,,1.6659941768865982,26352020.57705435,0.0,39567944.42294565,39567944.42294565,0,False
2021-09-09,2021-09-08,2021-08-31,0.05213017727639001,0.6833333333333333,,1.6659802284061325,28710117.567347083,0.0,43109564.43265292,43109564.43265292,0,False
2021-09-10,2021-09-09,2021-08-31,0.05213017727639001,0.6833333333333333,,1.7156546657293557,28712870.592319295,0.0,40121125.407680705,40121125.407680705,0,False
2021-09-13,2021-09-10,2021-08-31,0.05213017727639001,0.6833333333333333,,1.6660001553741297,29624000.358412016,0.0,44480470.64158799,44480470.64158799,0,False
2021-09-14,2021-09-13,2021-08-31,0.05213017727639001,0.6833333333333333,,1.666081808366761,28219358.383356903,87.27332627179567,42366073.88996938,42366073.88996938,0,False
2021-09-15,2021-09-14,2021-08-31,0.05213017727639001,0.6833333333333333,,1.6728301520409237,28221977.07590301,0.0,41945172.92409699,41945172.92409699,0,False
2021-09-16,2021-09-15,2021-08-31,0.05213017727639001,0.6833333333333333,,1.6724024406926192,28224683.29288289,0.0,41975878.70711711,41975878.70711711,0,False
2021-09-17,2021-09-16,2021-08-31,0.05213017727639001,0.6833333333333333,,1.693573814378485,28227389.76936303,0.0,40698465.23063697,40698465.23063697,0,False
2021-09-22,2021-09-17,2021-08-31,0.05213017727639001,0.6833333333333333,,1.6660019545984384,30365051.85478944,0.0,45593037.145210564,45593037.145210564,0,False
2021-09-23,2021-09-22,2021-08-31,0.05213017727639001,0.6833333333333333,,1.6660173650257526,30113234.906987675,283.21253708986933,45213463.30554942,45213463.30554942,0,False
2021-09-24,2021-09-23,2021-08-31,0.05213017727639001,0.6833333333333333,,1.7270684259904077,28180514.53358112,0.0,38759095.46641888,38759095.46641888,0,False
2021-09-27,2021-09-24,2021-08-31,0.05213017727639001,0.6833333333333333,,1.770626003224781,28188621.256940093,0.0,36578860.7430599,36578860.7430599,0,False
2021-09-28,2021-09-27,2021-08-31,0.05213017727639001,0.6833333333333333,,1.723399527429915,28191324.275416784,0.0,38970614.724583216,38970614.724583216,0,False
2021-09-29,2021-09-28,2021-08-31,0.05213017727639001,0.6833333333333333,,1.7795268371417932,28194027.55308703,0.0,36168129.446912974,36168129.446912974,0,False
2021-09-30,2021-09-29,2021-08-31,0.05213017727639001,0.6833333333333333,,1.7536008364597746,28196731.08997568,0.0,37416002.910024315,37416002.910024315,0,False
2021-10-08,2021-09-30,2021-09-30,0.05052614115781127,0.6333333333333333,,1.7881725089922134,28218361.459031004,0.0,35802265.540969,35802265.540969,0,False
2021-10-11,2021-10-08,2021-09-30,0.05052614115781127,0.6333333333333333,,1.6920351664747664,26326769.161761682,0.0,38042530.838238314,38042530.838238314,0,False
2021-10-12,2021-10-11,2021-09-30,0.05052614115781127,0.6333333333333333,,1.7115146809696085,26329293.646475825,0.0,37004568.35352418,37004568.35352418,0,False
2021-10-13,2021-10-12,2021-09-30,0.05052614115781127,0.6333333333333333,,1.7294195916343145,24652705.151263844,0.0,33797700.84873615,33797700.84873615,0,False
2021-10-14,2021-10-13,2021-09-30,0.05052614115781127,0.6333333333333333,,1.7453711445330056,24655069.10929205,0.0,33077573.89070795,33077573.89070795,0,False
2021-10-15,2021-10-14,2021-09-30,0.05052614115781127,0.6333333333333333,,1.7116063563166937,24657433.29400116,0.0,34650383.70599884,34650383.70599884,0,False
2021-10-18,2021-10-15,2021-09-30,0.05052614115781127,0.6333333333333333,,1.6661073937105069,25012124.48515642,0.0,37549687.51484358,37549687.51484358,0,False
2021-10-19,2021-10-18,2021-09-30,0.05052614115781127,0.6333333333333333,,1.6660105911531302,24763197.4092372,333.4905949403051,37180886.08135774,37180886.08135774,0,False
2021-10-20,2021-10-19,2021-09-30,0.05052614115781127,0.6333333333333333,,1.718972319645157,24765238.471818484,0.0,34445329.528181516,34445329.528181516,0,False
2021-10-21,2021-10-20,2021-09-30,0.05052614115781127,0.6333333333333333,,1.685030669953146,24767613.22071304,0.0,36155480.77928696,36155480.77928696,0,False
2021-10-22,2021-10-21,2021-09-30,0.05052614115781127,0.6333333333333333,,1.7249833246550703,24769988.197323248,0.0,34166286.80267675,34166286.80267675,0,False
2021-10-25,2021-10-22,2021-09-30,0.05052614115781127,0.6333333333333333,,1.7227507959077861,24777113.810366314,0.0,34281683.18963368,34281683.18963368,0,False
2021-10-26,2021-10-25,2021-09-30,0.05052614115781127,0.6333333333333333,,1.705052476135572,24779489.697991967,0.0,35145596.30200803,35145596.30200803,0,False
2021-10-27,2021-10-26,2021-09-30,0.05052614115781127,0.6333333333333333,,1.7464217951222762,24781865.81344246,0.0,33200887.18655754,33200887.18655754,0,False
2021-10-28,2021-10-27,2021-09-30,0.05052614115781127,0.6333333333333333,,1.8083506358634585,24784242.15673964,0.0,30660261.84326036,30660261.84326036,0,False
2021-10-29,2021-10-28,2021-09-30,0.05052614115781127,0.6333333333333333,,1.821076381700652,24786618.727905355,0.0,30187957.272094645,30187957.272094645,0,False
2021-11-01,2021-10-29,2021-10-29,0.049194598263614844,0.55,,1.8164692956227153,24793749.125073656,0.0,30367031.874926344,30367031.874926344,0,False
2021-11-02,2021-11-01,2021-10-29,0.049194598263614844,0.55,,1.8555233327763048,24795793.780246474,0.0,28983188.219753526,28983188.219753526,0,False
2021-11-03,2021-11-02,2021-10-29,0.049194598263614844,0.55,,1.822060636828767,24798171.459102113,0.0,30165866.540897887,30165866.540897887,0,False
2021-11-04,2021-11-03,2021-10-29,0.049194598263614844,0.55,,1.8244829598334595,24800549.365954354,0.0,30080123.634045646,30080123.634045646,0,False
2021-11-05,2021-11-04,2021-10-29,0.049194598263614844,0.55,,1.870160533617096,24802927.500825062,0.0,28503852.499174938,28503852.499174938,0,False
2021-11-08,2021-11-05,2021-10-29,0.049194598263614844,0.55,,1.8616501770146938,24810062.589558177,0.0,28793660.410441823,28793660.410441823,0,False
2021-11-09,2021-11-08,2021-10-29,0.049194598263614844,0.55,,1.8763919810720735,24812441.636655804,0.0,28312036.363344196,28312036.363344196,0,False
2021-11-10,2021-11-09,2021-10-29,0.049194598263614844,0.55,,1.9141247319154577,24814820.91188124,0.0,27145990.08811876,27145990.08811876,0,False
2021-11-11,2021-11-10,2021-10-29,0.049194598263614844,0.55,,1.8713063748541918,24817200.41525635,0.0,28482748.58474365,28482748.58474365,0,False
2021-11-12,2021-11-11,2021-10-29,0.049194598263614844,0.55,,1.8946565635141677,24819580.14680302,0.0,27742019.85319698,27742019.85319698,0,False
2021-11-15,2021-11-12,2021-10-29,0.049194598263614844,0.55,,1.8949292173302952,24826720.026023336,0.0,27741545.973976664,27741545.973976664,0,False
2021-11-16,2021-11-15,2021-10-29,0.049194598263614844,0.55,,1.928734923849471,24829100.670409393,0.0,26734324.329590607,26734324.329590607,0,False
2021-11-17,2021-11-16,2021-10-29,0.049194598263614844,0.55,,1.9258933553053865,24831481.54307642,0.0,26818943.45692358,26818943.45692358,0,False
2021-11-18,2021-11-17,2021-10-29,0.049194598263614844,0.55,,1.9160879352631077,24833862.644046303,0.0,27108601.355953697,27108601.355953697,0,False
2021-11-19,2021-11-18,2021-10-29,0.049194598263614844,0.55,,1.8959117394003462,24836243.973340936,0.0,27721753.026659064,27721753.026659064,0,False
2021-11-22,2021-11-19,2021-10-29,0.049194598263614844,0.55,,1.8945098459299963,24843388.646264773,0.0,27773186.353735227,27773186.353735227,0,False
2021-11-23,2021-11-22,2021-10-29,0.049194598263614844,0.55,,1.8811409725152237,24845770.889011674,0.0,28197271.110988326,28197271.110988326,0,False
2021-11-24,2021-11-23,2021-10-29,0.049194598263614844,0.55,,1.8479128129898332,24848153.360192813,0.0,29305080.639807187,29305080.639807187,0,False
2021-11-25,2021-11-24,2021-10-29,0.049194598263614844,0.55,,1.858224570635461,24850536.059830092,0.0,28955749.940169908,28955749.940169908,0,False
2021-11-26,2021-11-25,2021-10-29,0.049194598263614844,0.55,,1.8953423412982222,24852918.98794542,0.0,27758007.01205458,27758007.01205458,0,False
2021-11-29,2021-11-26,2021-10-29,0.049194598263614844,0.55,,1.9112191948905688,24860068.457791265,0.0,27282204.542208735,27282204.542208735,0,False
2021-11-30,2021-11-29,2021-10-29,0.049194598263614844,0.55,,1.9076167441848677,24862452.29997215,0.0,27393117.70002785,27393117.70002785,0,False
2021-12-01,2021-11-30,2021-11-30,0.053382653061224486,0.7666666666666667,,1.8721961574885189,24864836.37074064,0.0,28508307.62925936,28508307.62925936,0,False
2021-12-02,2021-12-01,2021-11-30,0.053382653061224486,0.7666666666666667,,1.8332300049021524,24867220.670118656,0.0,29844365.329881344,29844365.329881344,0,False
2021-12-03,2021-12-02,2021-11-30,0.053382653061224486,0.7666666666666667,,1.7673705456716235,24869605.19812812,0.0,32408860.80187188,32408860.80187188,0,False
2021-12-06,2021-12-03,2021-11-30,0.053382653061224486,0.7666666666666667,,1.762220971789338,24876759.468116622,0.0,32637201.531883378,32637201.531883378,0,False
2021-12-07,2021-12-06,2021-11-30,0.053382653061224486,0.7666666666666667,,1.7392456370340976,24879144.910805345,0.0,33654774.089194655,33654774.089194655,0,False
2021-12-08,2021-12-07,2021-11-30,0.053382653061224486,0.7666666666666667,,1.739025581439582,24881530.582235146,0.0,33668023.41776486,33668023.41776486,0,False
2021-12-09,2021-12-08,2021-11-30,0.053382653061224486,0.7666666666666667,,1.699178485565774,24883916.482427962,0.0,35590220.51757204,35590220.51757204,0,False
2021-12-10,2021-12-09,2021-11-30,0.053382653061224486,0.7666666666666667,,1.7138345640375259,24886302.61140573,0.0,34862843.38859427,34862843.38859427,0,False
2021-12-13,2021-12-10,2021-11-30,0.053382653061224486,0.7666666666666667,,1.6679519436146184,24893461.684759695,0.0,37268342.31524031,37268342.31524031,0,False
2021-12-14,2021-12-13,2021-11-30,0.053382653061224486,0.7666666666666667,,1.685478541695204,24895848.729030836,0.0,36318932.27096917,36318932.27096917,0,False
2021-12-15,2021-12-14,2021-11-30,0.053382653061224486,0.7666666666666667,,1.6659981380985647,25258067.57931663,0.0,37925132.42068337,37925132.42068337,0,False
2021-12-16,2021-12-15,2021-11-30,0.053382653061224486,0.7666666666666667,,1.6660198022327908,26589732.20839684,0.0,39923335.79160316,39923335.79160316,0,False
2021-12-17,2021-12-16,2021-11-30,0.053382653061224486,0.7666666666666667,,1.666022515637514,25985260.12277544,11.67472984851338,39015570.55195442,39015570.55195442,0,False
2021-12-20,2021-12-17,2021-11-30,0.053382653061224486,0.7666666666666667,,1.6660132952408293,25319491.39053209,356.11601036111824,38015960.72547827,38015960.72547827,0,False
2021-12-21,2021-12-20,2021-11-30,0.053382653061224486,0.7666666666666667,,1.6659945912993397,26214371.36905644,0.0,39361237.63094356,39361237.63094356,0,False
2021-12-22,2021-12-21,2021-11-30,0.053382653061224486,0.7666666666666667,,1.6660165015786166,26151524.91345057,288.21061052102596,39265148.297159955,39265148.297159955,0,False
2021-12-23,2021-12-22,2021-11-30,0.053382653061224486,0.7666666666666667,,1.6660182533038028,26942368.2803312,0.0,40452897.7196688,40452897.7196688,0,False
2021-12-24,2021-12-23,2021-11-30,0.053382653061224486,0.7666666666666667,,1.66602155234406,26429218.462464858,64.16898704841043,39682130.7065222,39682130.7065222,0,False
2021-12-27,2021-12-24,2021-11-30,0.053382653061224486,0.7666666666666667,,1.6659936115403646,26480467.656336874,0.0,39760843.343663126,39760843.343663126,0,False
2021-12-28,2021-12-27,2021-11-30,0.053382653061224486,0.7666666666666667,,1.685820593503048,26483006.879262824,0.0,38615065.12073718,38615065.12073718,0,False
2021-12-29,2021-12-28,2021-11-30,0.053382653061224486,0.7666666666666667,,1.6942729360098514,26485246.501225904,0.0,38148176.4987741,38148176.4987741,0,False
2021-12-30,2021-12-29,2021-11-30,0.053382653061224486,0.7666666666666667,,1.7048131776581585,26487786.182397254,0.0,37581286.817602746,37581286.817602746,0,False
2021-12-31,2021-12-30,2021-11-30,0.053382653061224486,0.7666666666666667,,1.6982216674382151,26490326.107099675,0.0,37939707.892900325,37939707.892900325,0,False
2022-01-04,2021-12-31,2021-12-31,0.04704031563201197,0.48333333333333334,,1.684733532042956,26500486.780127056,0.0,38701897.219872944,38701897.219872944,0,False
2022-01-05,2022-01-04,2021-12-31,0.04704031563201197,0.48333333333333334,,1.6875112484625363,26503027.922695015,0.0,38549228.07730499,38549228.07730499,0,False
2022-01-06,2022-01-05,2021-12-31,0.04704031563201197,0.48333333333333334,,1.6790270116728354,26505569.30893418,0.0,39034631.69106582,39034631.69106582,0,False
2022-01-07,2022-01-06,2021-12-31,0.04704031563201197,0.48333333333333334,,1.665999872399772,26676960.33187791,0.0,40055503.66812209,40055503.66812209,0,False
2022-01-10,2022-01-07,2021-12-31,0.04704031563201197,0.48333333333333334,,1.6659998575536519,26993647.33163598,0.0,40531010.66836402,40531010.66836402,0,False
2022-01-11,2022-01-10,2021-12-31,0.04704031563201197,0.48333333333333334,,1.6701869862749368,26996235.763571892,0.0,40281647.23642811,40281647.23642811,0,False
2022-01-12,2022-01-11,2021-12-31,0.04704031563201197,0.48333333333333334,,1.6828286275843047,26998824.443713605,0.0,39539678.556286395,39539678.556286395,0,False
2022-01-13,2022-01-12,2021-12-31,0.04704031563201197,0.48333333333333334,,1.6863301385098797,27001413.37208492,0.0,39341727.627915084,39341727.627915084,0,False
2022-01-14,2022-01-13,2021-12-31,0.04704031563201197,0.48333333333333334,,1.7162093439503128,27004002.54870964,0.0,37704063.45129036,37704063.45129036,0,False
2022-01-17,2022-01-14,2021-12-31,0.04704031563201197,0.48333333333333334,,1.718401691512492,27011770.823415432,0.0,37599815.17658457,37599815.17658457,0,False
2022-01-18,2022-01-17,2021-12-31,0.04704031563201197,0.48333333333333334,,1.6803954478996332,27014360.99322042,0.0,39703912.00677958,39703912.00677958,0,False
2022-01-19,2022-01-18,2021-12-31,0.04704031563201197,0.48333333333333334,,1.665999864175466,27637280.44755785,0.0,41497426.55244215,41497426.55244215,0,False
2022-01-20,2022-01-19,2021-12-31,0.04704031563201197,0.48333333333333334,,1.665993560990886,27905484.708337758,0.0,41900532.291662246,41900532.291662246,0,False
2022-01-21,2022-01-20,2021-12-31,0.04704031563201197,0.48333333333333334,,1.6825091523724682,27908160.576734446,0.0,40890529.423265554,40890529.423265554,0,False
2022-01-24,2022-01-21,2021-12-31,0.04704031563201197,0.48333333333333334,,1.6773735312423994,27916188.951694876,0.0,41212400.048305124,41212400.048305124,0,False
2022-01-25,2022-01-24,2021-12-31,0.04704031563201197,0.48333333333333334,,1.7110128998414054,27918865.84652586,0.0,39266328.15347414,39266328.15347414,0,False
2022-01-26,2022-01-25,2021-12-31,0.04704031563201197,0.48333333333333334,,1.7112604080191693,27921542.99804539,0.0,39256428.001954615,39256428.001954615,0,False
2022-01-27,2022-01-26,2021-12-31,0.04704031563201197,0.48333333333333334,,1.7204773663811888,27924220.406278078,0.0,38757942.593721926,38757942.593721926,0,False
2022-01-28,2022-01-27,2021-12-31,0.04704031563201197,0.48333333333333334,,1.7475912833786413,27926898.071248543,0.0,37355836.928751454,37355836.928751454,0,False
2022-02-07,2022-01-28,2022-01-28,0.05336485209003215,0.75,,1.6905509920838773,27953677.288577136,0.0,40480250.71142286,40480250.71142286,0,False
2022-02-08,2022-02-07,2022-01-28,0.05336485209003215,0.75,,1.6659936605100831,28343459.261120148,0.0,42558151.73887985,42558151.73887985,0,False
2022-02-09,2022-02-08,2022-01-28,0.05336485209003215,0.75,,1.669959226767346,28346177.127076693,0.0,42310301.87292331,42310301.87292331,0,False
2022-02-10,2022-02-09,2022-01-28,0.05336485209003215,0.75,,1.6660006872731992,29749370.148610525,0.0,44668677.851389475,44668677.851389475,0,False
2022-02-11,2022-02-10,2022-01-28,0.05336485209003215,0.75,,1.6660232952080545,30258034.63514984,0.0,45430895.36485016,45430895.36485016,0,False
2022-02-14,2022-02-11,2022-01-28,0.05336485209003215,0.75,,1.6660192589902578,29129242.265149012,126.13548125249139,43736146.87033224,43736146.87033224,0,False
2022-02-15,2022-02-14,2022-01-28,0.05336485209003215,0.75,,1.6845617724366426,29131909.344679486,0.0,42555559.65532051,42555559.65532051,0,False
2022-02-16,2022-02-15,2022-01-28,0.05336485209003215,0.75,,1.6790737719176354,29134702.815438565,0.0,42903590.18456143,42903590.18456143,0,False
2022-02-17,2022-02-16,2022-01-28,0.05336485209003215,0.75,,1.6728477823111623,29137496.554064702,0.0,43304737.445935294,43304737.445935294,0,False
2022-02-18,2022-02-17,2022-01-28,0.05336485209003215,0.75,,1.6659994703673344,29716671.955563582,0.0,44619663.04443642,44619663.04443642,0,False
2022-02-21,2022-02-18,2022-01-28,0.05336485209003215,0.75,,1.665995664331211,29840271.241402034,0.0,44805503.75859797,44805503.75859797,0,False
2022-02-22,2022-02-21,2022-01-28,0.05336485209003215,0.75,,1.67064840475723,29843132.637274496,0.0,44498924.362725504,44498924.362725504,0,False
2022-02-23,2022-02-22,2022-01-28,0.05336485209003215,0.75,,1.6957521676868452,29845994.307527386,0.0,42897450.692472614,42897450.692472614,0,False
2022-02-24,2022-02-23,2022-01-28,0.05336485209003215,0.75,,1.7150669279779662,29848856.25218701,0.0,41742744.74781299,41742744.74781299,0,False
2022-02-25,2022-02-24,2022-01-28,0.05336485209003215,0.75,,1.7373906194343804,29851718.471279684,0.0,40482910.52872032,40482910.52872032,0,False
2022-02-28,2022-02-25,2022-01-28,0.05336485209003215,0.75,,1.7220291800105985,29860305.951935805,0.0,41356093.048064195,41356093.048064195,0,False
2022-03-01,2022-02-28,2022-02-28,0.05180449482895784,0.6833333333333333,,1.7007101541412177,29863169.268944897,0.0,42618433.7310551,42618433.7310551,0,False
2022-03-02,2022-03-01,2022-02-28,0.05180449482895784,0.6833333333333333,,1.6975847646126647,29866032.86051863,0.0,42813482.139481366,42813482.139481366,0,False
2022-03-03,2022-03-02,2022-02-28,0.05180449482895784,0.6833333333333333,,1.666022683674873,29289690.5060289,13.568525564740412,43976996.06249665,43976996.06249665,0,False
2022-03-04,2022-03-03,2022-02-28,0.05180449482895784,0.6833333333333333,,1.666020321142702,28813396.735716764,125.99729394447468,43261849.26157719,43261849.26157719,0,False
2022-03-07,2022-03-04,2022-02-28,0.05180449482895784,0.6833333333333333,,1.6660191777034863,28614260.081159096,288.3995139475446,42962684.318354845,42962684.318354845,0,False
2022-03-08,2022-03-07,2022-02-28,0.05180449482895784,0.6833333333333333,,1.700488302140872,28616715.514803614,0.0,40852524.48519638,40852524.48519638,0,False
2022-03-09,2022-03-08,2022-02-28,0.05180449482895784,0.6833333333333333,,1.6978523977400644,28619459.58341462,0.0,41010763.41658538,41010763.41658538,0,False
2022-03-10,2022-03-09,2022-02-28,0.05180449482895784,0.6833333333333333,,1.6991380246923642,28622203.915155496,0.0,40939275.0848445,40939275.0848445,0,False
2022-03-11,2022-03-10,2022-02-28,0.05180449482895784,0.6833333333333333,,1.6928412480012838,28624948.51005147,0.0,41315306.489948526,41315306.489948526,0,False
2022-03-14,2022-03-11,2022-02-28,0.05180449482895784,0.6833333333333333,,1.7160137731588028,28633183.08428039,0.0,39989709.91571961,39989709.91571961,0,False
2022-03-15,2022-03-14,2022-02-28,0.05180449482895784,0.6833333333333333,,1.7985303727992967,28634722.350093402,0.0,35859277.6499066,35859277.6499066,0,False
2022-03-16,2022-03-15,2022-02-28,0.05180449482895784,0.6833333333333333,,1.762449885421067,28637468.145387247,0.0,37559803.85461275,37559803.85461275,0,False
2022-03-17,2022-03-16,2022-02-28,0.05180449482895784,0.6833333333333333,,1.7545522849283888,28640214.20397653,0.0,37956566.79602347,37956566.79602347,0,False
2022-03-18,2022-03-17,2022-02-28,0.05180449482895784,0.6833333333333333,,1.7258347030043482,28642960.525886502,0.0,39462098.474113494,39462098.474113494,0,False
2022-03-21,2022-03-18,2022-02-28,0.05180449482895784,0.6833333333333333,,1.7184113049580816,28651200.281654224,0.0,39881332.718345776,39881332.718345776,0,False
2022-03-22,2022-03-21,2022-02-28,0.05180449482895784,0.6833333333333333,,1.7019130709976589,28653947.657023698,0.0,40822644.3429763,40822644.3429763,0,False
2022-03-23,2022-03-22,2022-02-28,0.05180449482895784,0.6833333333333333,,1.708621225491761,28656695.295840126,0.0,40440074.70415987,40440074.70415987,0,False
2022-03-24,2022-03-23,2022-02-28,0.05180449482895784,0.6833333333333333,,1.703426478466185,28659443.198128767,0.0,40742627.80187123,40742627.80187123,0,False
2022-03-25,2022-03-24,2022-02-28,0.05180449482895784,0.6833333333333333,,1.7016103668845781,28662191.36391489,0.0,40852006.63608511,40852006.63608511,0,False
2022-03-28,2022-03-25,2022-02-28,0.05180449482895784,0.6833333333333333,,1.665996060731252,28882181.941261496,0.0,43366896.0587385,43366896.0587385,0,False
2022-03-29,2022-03-28,2022-02-28,0.05180449482895784,0.6833333333333333,,1.6659958451860424,29447135.298977233,0.0,44215193.70102277,44215193.70102277,0,False
2022-03-30,2022-03-29,2022-02-28,0.05180449482895784,0.6833333333333333,,1.666549297880543,29449958.996882614,0.0,44182717.00311738,44182717.00311738,0,False
2022-03-31,2022-03-30,2022-02-28,0.05180449482895784,0.6833333333333333,,1.6659966718752919,30403858.572363548,0.0,45651667.42763645,45651667.42763645,0,False
2022-04-01,2022-03-31,2022-03-31,0.057446232081911255,0.8666666666666667,,1.6659991323945293,30436987.31293679,0.0,45701241.68706321,45701241.68706321,0,False
2022-04-06,2022-04-01,2022-03-31,0.057446232081911255,0.8666666666666667,,1.66599794306229,31052218.418415733,0.0,46625096.58158427,46625096.58158427,0,False
2022-04-07,2022-04-06,2022-03-31,0.057446232081911255,0.8666666666666667,,1.6668095264189782,31055196.028401062,0.0,46572813.97159894,46572813.97159894,0,False
2022-04-08,2022-04-07,2022-03-31,0.057446232081911255,0.8666666666666667,,1.6659984970869246,31755500.587960638,0.0,47681039.41203936,47681039.41203936,0,False
2022-04-11,2022-04-08,2022-03-31,0.057446232081911255,0.8666666666666667,,1.6659987576262076,31854073.535695393,0.0,47829028.46430461,47829028.46430461,0,False
2022-04-12,2022-04-11,2022-03-31,0.057446232081911255,0.8666666666666667,,1.6688941926038208,31857128.035897445,0.0,47626557.96410255,47626557.96410255,0,False
2022-04-13,2022-04-12,2022-03-31,0.057446232081911255,0.8666666666666667,,1.6659971278331929,31955299.25940678,0.0,47981136.740593225,47981136.740593225,0,False
2022-04-14,2022-04-13,2022-03-31,0.057446232081911255,0.8666666666666667,,1.665998865439499,32345686.06698508,0.0,48567178.93301492,48567178.93301492,0,False
2022-04-15,2022-04-14,2022-03-31,0.057446232081911255,0.8666666666666667,,1.68438695551359,32348787.708114788,0.0,47266809.29188521,47266809.29188521,0,False
2022-04-18,2022-04-15,2022-03-31,0.057446232081911255,0.8666666666666667,,1.707485811227324,32358093.523756847,0.0,45736738.47624315,45736738.47624315,0,False
2022-04-19,2022-04-18,2022-03-31,0.057446232081911255,0.8666666666666667,,1.698237694717291,32361196.354642686,0.0,46346962.64535731,46346962.64535731,0,False
2022-04-20,2022-04-19,2022-03-31,0.057446232081911255,0.8666666666666667,,1.728568181274895,32364299.483060256,0.0,44421785.516939744,44421785.516939744,0,False
2022-04-21,2022-04-20,2022-03-31,0.057446232081911255,0.8666666666666667,,1.6916770906243235,30188920.594358083,0.0,43645974.40564191,43645974.40564191,0,False
2022-04-22,2022-04-21,2022-03-31,0.057446232081911255,0.8666666666666667,,1.6660209426732409,29988614.418708052,121.17610777006485,45026351.75739971,45026351.75739971,0,False
2022-04-25,2022-04-22,2022-03-31,0.057446232081911255,0.8666666666666667,,1.6660203134781346,28471608.488547947,46.97799557178331,42748788.48944762,42748788.48944762,0,False
2022-04-26,2022-04-25,2022-03-31,0.057446232081911255,0.8666666666666667,,1.6659936587862139,28543851.315511003,0.0,42859043.684489,42859043.684489,0,False
2022-04-27,2022-04-26,2022-03-31,0.057446232081911255,0.8666666666666667,,1.666022073316037,29605343.510714,0.0,44450994.489286005,44450994.489286005,0,False
2022-04-28,2022-04-27,2022-03-31,0.057446232081911255,0.8666666666666667,,1.6660012859608793,30865951.68552982,0.0,46345183.31447018,46345183.31447018,0,False
2022-04-29,2022-04-28,2022-03-31,0.057446232081911255,0.8666666666666667,,1.6696653864370539,30868911.434321582,0.0,46096023.56567842,46096023.56567842,0,False
2022-05-05,2022-04-29,2022-04-29,0.06082006601248884,0.9333333333333333,,1.6660189852574072,30481696.704459075,197.25378774525598,45766712.54932867,45766712.54932867,0,False
2022-05-06,2022-05-05,2022-04-29,0.06082006601248884,0.9333333333333333,,1.6660220015163172,29318453.296838697,0.6880936506204307,44020246.39125495,44020246.39125495,0,False
2022-05-09,2022-05-06,2022-04-29,0.06082006601248884,0.9333333333333333,,1.666023053152206,28970073.80422224,16.189101254643333,43497079.38487901,43497079.38487901,0,False
2022-05-10,2022-05-09,2022-04-29,0.06082006601248884,0.9333333333333333,,1.6660210325230675,28762696.134109214,111.431685631047,43185700.29757641,43185700.29757641,0,False
2022-05-11,2022-05-10,2022-04-29,0.06082006601248884,0.9333333333333333,,1.6660204960114713,28833654.61609617,0.0,43292443.38390383,43292443.38390383,0,False
2022-05-12,2022-05-11,2022-04-29,0.06082006601248884,0.9333333333333333,,1.6660170640767094,28342122.51560022,257.33120346511714,42554262.81560324,42554262.81560324,0,False
2022-05-13,2022-05-12,2022-04-29,0.06082006601248884,0.9333333333333333,,1.6660206056940454,29532003.415712222,0.0,44340975.58428778,44340975.58428778,0,False
2022-05-16,2022-05-13,2022-04-29,0.06082006601248884,0.9333333333333333,,1.6660177917129795,29625215.19043414,0.0,44481116.80956586,44481116.80956586,0,False
2022-05-17,2022-05-16,2022-04-29,0.06082006601248884,0.9333333333333333,,1.6660202275651412,29661675.829973496,0.0,44535698.1700265,44535698.1700265,0,False
2022-05-18,2022-05-17,2022-04-29,0.06082006601248884,0.9333333333333333,,1.6660186261122867,29268085.2172278,205.5222292386461,43944536.30500144,43944536.30500144,0,False
2022-05-19,2022-05-18,2022-04-29,0.06082006601248884,0.9333333333333333,,1.666023564629144,29195520.439003803,10.878085781354457,43835550.43908199,43835550.43908199,0,False
2022-05-20,2022-05-19,2022-04-29,0.06082006601248884,0.9333333333333333,,1.666003777365453,29899353.879831076,0.0,44893670.120168924,44893670.120168924,0,False
2022-05-23,2022-05-20,2022-04-29,0.06082006601248884,0.9333333333333333,,1.6659990299548277,29998525.025423903,0.0,45042895.9745761,45042895.9745761,0,False
2022-05-24,2022-05-23,2022-04-29,0.06082006601248884,0.9333333333333333,,1.668263757143932,30001401.59631675,0.0,44894551.403683245,44894551.403683245,0,False
2022-05-25,2022-05-24,2022-04-29,0.06082006601248884,0.9333333333333333,,1.6659973973680309,30150192.611605164,0.0,45270736.38839483,45270736.38839483,0,False
2022-05-26,2022-05-25,2022-04-29,0.06082006601248884,0.9333333333333333,,1.665998075077959,30369649.65135518,0.0,45600206.34864482,45600206.34864482,0,False
2022-05-27,2022-05-26,2022-04-29,0.06082006601248884,0.9333333333333333,,1.6659962385261398,30972835.832420927,0.0,46506022.16757907,46506022.16757907,0,False
2022-05-30,2022-05-27,2022-04-29,0.06082006601248884,0.9333333333333333,,1.6784125206883105,30981745.826290525,0.0,45668004.173709475,45668004.173709475,0,False
2022-05-31,2022-05-30,2022-04-29,0.06082006601248884,0.9333333333333333,,1.6793770604662879,30984716.67863003,0.0,45607540.32136997,45607540.32136997,0,False
2022-06-01,2022-05-31,2022-05-31,0.060913222614840994,0.9333333333333333,,1.679707414258948,30987687.81584579,0.0,45589745.18415421,45589745.18415421,0,False
2022-06-02,2022-06-01,2022-05-31,0.060913222614840994,0.9333333333333333,,1.6849464743281488,30990659.23796512,0.0,45245373.76203488,45245373.76203488,0,False
2022-06-06,2022-06-02,2022-05-31,0.060913222614840994,0.9333333333333333,,1.6815610881621261,31002252.21865598,0.0,45487121.78134402,45487121.78134402,0,False
2022-06-07,2022-06-06,2022-05-31,0.060913222614840994,0.9333333333333333,,1.66601835139596,30260230.121116992,200.74326511309482,45434227.62214813,45434227.62214813,0,False
2022-06-08,2022-06-07,2022-05-31,0.060913222614840994,0.9333333333333333,,1.665999248454131,30876078.482553907,0.0,46360530.51744609,46360530.51744609,0,False
2022-06-09,2022-06-08,2022-05-31,0.060913222614840994,0.9333333333333333,,1.6660161904000712,30971716.5614284,0.0,46502948.4385716,46502948.4385716,0,False
2022-06-10,2022-06-09,2022-05-31,0.060913222614840994,0.9333333333333333,,1.6659927979246887,31313495.71697758,0.0,47017769.28302242,47017769.28302242,0,False
2022-06-13,2022-06-10,2022-05-31,0.060913222614840994,0.9333333333333333,,1.6856145317236557,31322503.708896164,0.0,45685297.29110384,45685297.29110384,0,False
2022-06-14,2022-06-13,2022-05-31,0.060913222614840994,0.9333333333333333,,1.6708593730076884,31325507.23664907,0.0,46694595.763350934,46694595.763350934,0,False
2022-06-15,2022-06-14,2022-05-31,0.060913222614840994,0.9333333333333333,,1.6731731218548207,31328511.05241149,0.0,46538564.94758851,46538564.94758851,0,False
2022-06-16,2022-06-15,2022-05-31,0.060913222614840994,0.9333333333333333,,1.6885905203797327,31331515.156211037,0.0,45500938.84378897,45500938.84378897,0,False
2022-06-17,2022-06-16,2022-05-31,0.060913222614840994,0.9333333333333333,,1.6862693827903397,31334519.548075333,0.0,45659212.45192467,45659212.45192467,0,False
2022-06-20,2022-06-17,2022-05-31,0.060913222614840994,0.9333333333333333,,1.7012929385876767,31343533.587945327,0.0,44693924.41205467,44693924.41205467,0,False
2022-06-21,2022-06-20,2022-05-31,0.060913222614840994,0.9333333333333333,,1.6923522722966706,31346539.13226198,0.0,45275418.86773802,45275418.86773802,0,False
2022-06-22,2022-06-21,2022-05-31,0.060913222614840994,0.9333333333333333,,1.6660179246746754,29749402.175455518,155.12174400630073,44667336.94628849,44667336.94628849,0,False
2022-06-23,2022-06-22,2022-05-31,0.060913222614840994,0.9333333333333333,,1.6660224066916802,30079417.260671895,0.0,45162770.7393281,45162770.7393281,0,False
2022-06-24,2022-06-23,2022-05-31,0.060913222614840994,0.9333333333333333,,1.6660235779989365,29975297.83795595,12.8790815288678,45006342.04112558,45006342.04112558,0,False
2022-06-27,2022-06-24,2022-05-31,0.060913222614840994,0.9333333333333333,,1.6660231917034496,30249047.820579313,0.0,45417409.17942069,45417409.17942069,0,False
2022-06-28,2022-06-27,2022-05-31,0.060913222614840994,0.9333333333333333,,1.6659927639548784,30407065.475205943,0.0,45656750.52479406,45656750.52479406,0,False
2022-06-29,2022-06-28,2022-05-31,0.060913222614840994,0.9333333333333333,,1.666022938929101,30568803.494620416,0.0,45897523.50537959,45897523.50537959,0,False
2022-06-30,2022-06-29,2022-05-31,0.060913222614840994,0.9333333333333333,,1.6660230996072227,30488908.07266648,82.18031644471921,45777430.10764997,45777430.10764997,0,False
2022-07-01,2022-06-30,2022-06-30,0.053029768480909824,0.6833333333333333,,1.6659978716648742,30583627.55440481,0.0,45921509.44559519,45921509.44559519,0,False
2022-07-04,2022-07-01,2022-06-30,0.053029768480909824,0.6833333333333333,,1.6659954690180159,30616150.821399227,0.0,45970509.17860077,45970509.17860077,0,False
2022-07-05,2022-07-04,2022-06-30,0.053029768480909824,0.6833333333333333,,1.6659944644915738,30683777.731923472,0.0,46072121.268076524,46072121.268076524,0,False
2022-07-06,2022-07-05,2022-06-30,0.053029768480909824,0.6833333333333333,,1.6660688049552603,30440319.202021353,127.82630139666662,45701271.62428004,45701271.62428004,0,False
2022-07-07,2022-07-06,2022-06-30,0.053029768480909824,0.6833333333333333,,1.666021184891109,30452505.171287958,0.0,45723027.828712046,45723027.828712046,0,False
2022-07-08,2022-07-07,2022-06-30,0.053029768480909824,0.6833333333333333,,1.6659971117265981,30567670.62015356,0.0,45897602.37984644,45897602.37984644,0,False
2022-07-11,2022-07-08,2022-06-30,0.053029768480909824,0.6833333333333333,,1.6660334661907203,30761301.87002703,0.0,46185820.129972965,46185820.129972965,0,False
2022-07-12,2022-07-11,2022-06-30,0.053029768480909824,0.6833333333333333,,1.6659986420763833,30875220.914544977,0.0,46359285.08545502,46359285.08545502,0,False
2022-07-13,2022-07-12,2022-06-30,0.053029768480909824,0.6833333333333333,,1.6779523974857686,30878181.55216692,0.0,45546238.447833076,45546238.447833076,0,False
2022-07-14,2022-07-13,2022-06-30,0.053029768480909824,0.6833333333333333,,1.6977198060091123,30881142.473685622,0.0,44260091.52631438,44260091.52631438,0,False
2022-07-15,2022-07-14,2022-06-30,0.053029768480909824,0.6833333333333333,,1.665998885414265,29341161.948100556,193.64301225158852,44055581.6949117,44055581.6949117,0,False
2022-07-18,2022-07-15,2022-06-30,0.053029768480909824,0.6833333333333333,,1.6659976586762464,29870929.231899947,0.0,44851402.76810005,44851402.76810005,0,False
2022-07-19,2022-07-18,2022-06-30,0.053029768480909824,0.6833333333333333,,1.665994549482745,30196930.077739716,0.0,45341106.922260284,45341106.922260284,0,False
2022-07-20,2022-07-19,2022-06-30,0.053029768480909824,0.6833333333333333,,1.6659949318062905,30536630.112554565,0.0,45851144.887445435,45851144.887445435,0,False
2022-07-21,2022-07-20,2022-06-30,0.053029768480909824,0.6833333333333333,,1.670707966917591,30539558.28256536,0.0,45533316.717434645,45533316.717434645,0,False
2022-07-22,2022-07-21,2022-06-30,0.053029768480909824,0.6833333333333333,,1.6661290353030256,30542486.73335958,0.0,45850706.266640425,45850706.266640425,0,False
2022-07-25,2022-07-22,2022-06-30,0.053029768480909824,0.6833333333333333,,1.6659949968416368,30696587.911063284,0.0,46091319.08893672,46091319.08893672,0,False
2022-07-26,2022-07-25,2022-06-30,0.053029768480909824,0.6833333333333333,,1.6659992350519093,30885243.798363116,0.0,46374293.20163688,46374293.20163688,0,False
2022-07-27,2022-07-26,2022-06-30,0.053029768480909824,0.6833333333333333,,1.6705513360062088,30888205.397083506,0.0,46063893.602916494,46063893.602916494,0,False
2022-07-28,2022-07-27,2022-06-30,0.053029768480909824,0.6833333333333333,,1.6746052511380836,30891167.279792815,0.0,45791471.720207185,45791471.720207185,0,False
2022-07-29,2022-07-28,2022-06-30,0.053029768480909824,0.6833333333333333,,1.6784168037397174,30894129.446518276,0.0,45538567.55348173,45538567.55348173,0,False
2022-08-01,2022-07-29,2022-07-29,0.05985258741258742,0.9,,1.686830134520923,30903016.79882481,0.0,44993682.20117519,44993682.20117519,0,False
2022-08-02,2022-08-01,2022-07-29,0.05985258741258742,0.9,,1.697787179940367,30905980.10180552,0.0,44291412.89819448,44291412.89819448,0,False
2022-08-03,2022-08-02,2022-07-29,0.05985258741258742,0.9,,1.3418602290104462,29252063.52916691,14264842.924138343,43840199.39497143,43840199.39497143,0,False
2022-08-04,2022-08-03,2022-07-29,0.05985258741258742,0.9,,1.4952093688864472,29254868.521560118,7386268.3641583435,44160311.84259823,44160311.84259823,0,False
2022-08-05,2022-08-04,2022-07-29,0.05985258741258742,0.9,,1.6660052329217154,29618749.532886855,0.0,44472247.467113145,44472247.467113145,0,False
2022-08-08,2022-08-05,2022-07-29,0.05985258741258742,0.9,,1.6665273045202198,29627269.995081246,0.0,44450197.004918754,44450197.004918754,0,False
2022-08-09,2022-08-08,2022-07-29,0.05985258741258742,0.9,,1.6682872012828398,29630110.966176666,0.0,44337391.03382333,44337391.03382333,0,False
2022-08-10,2022-08-09,2022-07-29,0.05985258741258742,0.9,,1.6660000752084596,29636279.242913973,0.0,44498912.75708602,44498912.75708602,0,False
2022-08-11,2022-08-10,2022-07-29,0.05985258741258742,0.9,,1.665996242397861,30037189.860659868,0.0,45101140.13934013,45101140.13934013,0,False
2022-08-12,2022-08-11,2022-07-29,0.05985258741258742,0.9,,1.669842245882621,30040070.139139656,0.0,44846484.86086035,44846484.86086035,0,False
2022-08-15,2022-08-12,2022-07-29,0.05985258741258742,0.9,,1.6737155582464385,30048711.803152286,0.0,44601481.196847714,44601481.196847714,0,False
2022-08-16,2022-08-15,2022-07-29,0.05985258741258742,0.9,,1.6749411330337063,30051593.186475877,0.0,44524761.81352413,44524761.81352413,0,False
2022-08-17,2022-08-16,2022-07-29,0.05985258741258742,0.9,,1.6713538447696632,30054474.846096497,0.0,44766966.1539035,44766966.1539035,0,False
2022-08-18,2022-08-17,2022-07-29,0.05985258741258742,0.9,,1.6759501259368272,30057356.782040644,0.0,44466826.21795936,44466826.21795936,0,False
2022-08-19,2022-08-18,2022-07-29,0.05985258741258742,0.9,,1.6759293508453008,30060238.994334813,0.0,44472457.00566518,44472457.00566518,0,False
2022-08-22,2022-08-19,2022-07-29,0.05985258741258742,0.9,,1.676925216016641,30068886.46034688,0.0,44419805.53965312,44419805.53965312,0,False
2022-08-23,2022-08-22,2022-07-29,0.05985258741258742,0.9,,1.6783895566320297,30071769.77822664,0.0,44328173.221773356,44328173.221773356,0,False
2022-08-24,2022-08-23,2022-07-29,0.05985258741258742,0.9,,1.6834701500034235,30074653.372588936,0.0,44002877.62741107,44002877.62741107,0,False
2022-08-25,2022-08-24,2022-07-29,0.05985258741258742,0.9,,1.6779035389710573,30077537.24346028,0.0,44368461.75653972,44368461.75653972,0,False
2022-08-26,2022-08-25,2022-07-29,0.05985258741258742,0.9,,1.6803827229635624,30080421.390867185,0.0,44211030.60913281,44211030.60913281,0,False
2022-08-29,2022-08-26,2022-07-29,0.05985258741258742,0.9,,1.6660168622359708,29405640.48259242,263.8305782733951,44151099.34798585,44151099.34798585,0,False
2022-08-30,2022-08-29,2022-07-29,0.05985258741258742,0.9,,1.6660261728356032,29361107.254937615,422.73450308234897,44083379.47956546,44083379.47956546,0,False
2022-08-31,2022-08-30,2022-07-29,0.05985258741258742,0.9,,1.6660100190653584,29480006.244885415,0.0,44263607.755114585,44263607.755114585,0,False
2022-09-01,2022-08-31,2022-08-31,0.06451910163339383,0.9666666666666667,,1.665997223262431,29484253.108949307,0.0,44270834.8910507,44270834.8910507,0,False
2022-09-02,2022-09-01,2022-08-31,0.06451910163339383,0.9666666666666667,,1.6664396602109066,29487080.366096742,0.0,44245686.63390326,44245686.63390326,0,False
2022-09-05,2022-09-02,2022-08-31,0.06451910163339383,0.9666666666666667,,1.6659983496261876,29684443.72545959,0.0,44571347.27454041,44571347.27454041,0,False
2022-09-06,2022-09-05,2022-08-31,0.06451910163339383,0.9666666666666667,,1.6659998006871344,29790109.487847514,0.0,44729907.512152486,44729907.512152486,0,False
2022-09-07,2022-09-06,2022-08-31,0.06451910163339383,0.9666666666666667,,1.6691312859624239,29792966.073688816,0.0,44524843.92631118,44524843.92631118,0,False
2022-09-08,2022-09-07,2022-08-31,0.06451910163339383,0.9666666666666667,,1.6669303922981173,29795822.933449306,0.0,44676061.066550694,44676061.066550694,0,False
2022-09-09,2022-09-08,2022-08-31,0.06451910163339383,0.9666666666666667,,1.665996606380707,30082098.210775252,0.0,45168545.789224744,45168545.789224744,0,False
2022-09-13,2022-09-09,2022-08-31,0.06451910163339383,0.9666666666666667,,1.6663346301007884,30093636.549815003,0.0,45162948.450185,45162948.450185,0,False
2022-09-14,2022-09-13,2022-08-31,0.06451910163339383,0.9666666666666667,,1.6695189184827495,30096522.24099101,0.0,44952459.75900899,44952459.75900899,0,False
2022-09-15,2022-09-14,2022-08-31,0.06451910163339383,0.9666666666666667,,1.6659947180350232,30156296.465897135,0.0,45280083.534102865,45280083.534102865,0,False
2022-09-16,2022-09-15,2022-08-31,0.06451910163339383,0.9666666666666667,,1.6785135626023622,30159188.16555825,0.0,44448909.83444175,44448909.83444175,0,False
2022-09-19,2022-09-16,2022-08-31,0.06451910163339383,0.9666666666666667,,1.6700171411933629,30167864.096400395,0.0,45025510.903599605,45025510.903599605,0,False
2022-09-20,2022-09-19,2022-08-31,0.06451910163339383,0.9666666666666667,,1.6730305648046186,30170756.905286353,0.0,44828212.09471364,44828212.09471364,0,False
2022-09-21,2022-09-20,2022-08-31,0.06451910163339383,0.9666666666666667,,1.6728500128006532,30173649.99156494,0.0,44844541.008435056,44844541.008435056,0,False
2022-09-22,2022-09-21,2022-08-31,0.06451910163339383,0.9666666666666667,,1.6711944696163008,30176543.355262764,0.0,44959463.644737236,44959463.644737236,0,False
2022-09-23,2022-09-22,2022-08-31,0.06451910163339383,0.9666666666666667,,1.6659980741151936,30190870.11058642,0.0,45331767.88941358,45331767.88941358,0,False
2022-09-26,2022-09-23,2022-08-31,0.06451910163339383,0.9666666666666667,,1.6719408782749305,29867629.753492754,0.0,44449788.24650724,44449788.24650724,0,False
2022-09-27,2022-09-26,2022-08-31,0.06451910163339383,0.9666666666666667,,1.6749448810395082,29870493.772784185,0.0,44256197.22721581,44256197.22721581,0,False
2022-09-28,2022-09-27,2022-08-31,0.06451910163339383,0.9666666666666667,,1.6691828303571452,29873358.066707604,0.0,44641548.9332924,44641548.9332924,0,False
2022-09-29,2022-09-28,2022-08-31,0.06451910163339383,0.9666666666666667,,1.6781670555714356,29876222.63528934,0.0,44054370.36471066,44054370.36471066,0,False
2022-09-30,2022-09-29,2022-08-31,0.06451910163339383,0.9666666666666667,,1.6677121507408708,29879087.47855574,0.0,44748455.52144426,44748455.52144426,0,False
2022-10-10,2022-09-30,2022-09-30,0.06790998376313276,1.0,,1.671132238555348,29907738.658329695,0.0,44563108.341670305,44563108.341670305,0,False
2022-10-11,2022-10-10,2022-09-30,0.06790998376313276,1.0,,1.6662677878541206,29623367.963228792,106.01223829884611,44461495.0490095,44461495.0490095,0,False
2022-10-12,2022-10-11,2022-09-30,0.06790998376313276,1.0,,1.6659979325259533,29686121.149238475,0.0,44573893.850761525,44573893.850761525,0,False
2022-10-13,2022-10-12,2022-09-30,0.06790998376313276,1.0,,1.6680796018407005,29616928.46759525,0.0,44331436.53240475,44331436.53240475,0,False
2022-10-14,2022-10-13,2022-09-30,0.06790998376313276,1.0,,1.6662591719575506,29619768.447037347,0.0,44456826.55296265,44456826.55296265,0,False
2022-10-17,2022-10-14,2022-09-30,0.06790998376313276,1.0,,1.668705882305273,29628289.20234403,0.0,44306906.79765597,44306906.79765597,0,False
2022-10-18,2022-10-17,2022-09-30,0.06790998376313276,1.0,,1.670065359360329,29631130.27117165,0.0,44221253.72882835,44221253.72882835,0,False
2022-10-19,2022-10-18,2022-09-30,0.06790998376313276,1.0,,1.6724967326959819,29633971.61243053,0.0,44065599.38756947,44065599.38756947,0,False
2022-10-20,2022-10-19,2022-09-30,0.06790998376313276,1.0,,1.6717056210116077,29636813.22614679,0.0,44121728.77385321,44121728.77385321,0,False
2022-10-21,2022-10-20,2022-09-30,0.06790998376313276,1.0,,1.6692603861328643,29639655.11234656,0.0,44287179.88765344,44287179.88765344,0,False
2022-10-24,2022-10-21,2022-09-30,0.06790998376313276,1.0,,1.6757924987438741,29648181.58847477,0.0,43871723.411525235,43871723.411525235,0,False
2022-10-25,2022-10-24,2022-09-30,0.06790998376313276,1.0,,1.6779534805018588,29651024.56479147,0.0,43736075.43520853,43736075.43520853,0,False
2022-10-26,2022-10-25,2022-09-30,0.06790998376313276,1.0,,1.6858106540809221,29653867.813722342,0.0,43239147.18627766,43239147.18627766,0,False
2022-10-27,2022-10-26,2022-09-30,0.06790998376313276,1.0,,1.6010161325712886,28570716.460694518,2790612.9674609974,42894195.50676647,42894195.50676647,0,False
2022-10-28,2022-10-27,2022-09-30,0.06790998376313276,1.0,,1.652854944294174,28573456.118437324,414455.6189009973,43132093.50046368,43132093.50046368,0,False
2022-10-31,2022-10-28,2022-09-30,0.06790998376313276,1.0,,1.5285062838608445,28149630.684250284,5820910.11136482,42248732.42711453,42248732.42711453,0,False
2022-11-01,2022-10-31,2022-10-31,0.07762527263267431,1.0,,1.524576152155706,28152329.96390494,5820910.11136482,42570406.14745989,42570406.14745989,0,False
2022-11-02,2022-11-01,2022-10-31,0.07762527263267431,1.0,,1.5260621013464677,28155029.502394628,5820910.11136482,42455290.60897018,42455290.60897018,0,False
2022-11-03,2022-11-02,2022-10-31,0.07762527263267431,1.0,,1.5269445805998378,28157729.299744174,5820910.11136482,42389313.81162064,42389313.81162064,0,False
2022-11-04,2022-11-03,2022-10-31,0.07762527263267431,1.0,,1.5218605084248378,28160429.355978396,5674061.95984482,43088846.60386643,43088846.60386643,0,False
2022-11-07,2022-11-04,2022-10-31,0.07762527263267431,1.0,,1.5735715681580729,28168530.30140957,3525756.6722548204,42963729.37084524,42963729.37084524,0,False
2022-11-08,2022-11-07,2022-10-31,0.07762527263267431,1.0,,1.6219483041091558,28171231.39335628,1372394.8285048204,43088527.43514854,43088527.43514854,0,False
2022-11-09,2022-11-08,2022-10-31,0.07762527263267431,1.0,,1.6659765682439684,28660590.389086984,0.0,43035433.610913016,43035433.610913016,0,False
2022-11-10,2022-11-09,2022-10-31,0.07762527263267431,1.0,,1.6664544098073084,28663338.66487772,0.0,43008701.33512228,43008701.33512228,0,False
2022-11-11,2022-11-10,2022-10-31,0.07762527263267431,1.0,,1.665969950001148,29088303.642901752,0.0,43678102.35709825,43678102.35709825,0,False
2022-11-14,2022-11-11,2022-10-31,0.07762527263267431,1.0,,1.6659825693727939,29194465.267202996,0.0,43836680.732797004,43836680.732797004,0,False
2022-11-15,2022-11-14,2022-10-31,0.07762527263267431,1.0,,1.6659707948807385,29263158.984045193,0.0,43940604.01595481,43940604.01595481,0,False
2022-11-16,2022-11-15,2022-10-31,0.07762527263267431,1.0,,1.6688063590154494,29265965.04038613,0.0,43758502.959613875,43758502.959613875,0,False
2022-11-17,2022-11-16,2022-10-31,0.07762527263267431,1.0,,1.6695208379026902,29268771.36580096,0.0,43715997.63419904,43715997.63419904,0,False
2022-11-18,2022-11-17,2022-10-31,0.07762527263267431,1.0,,1.6760646036595228,29271577.960315492,0.0,43297013.039684504,43297013.039684504,0,False
2022-11-21,2022-11-18,2022-10-31,0.07762527263267431,1.0,,1.6767796595414637,29279998.551235583,0.0,43263709.44876441,43263709.44876441,0,False
2022-11-22,2022-11-21,2022-10-31,0.07762527263267431,1.0,,1.6659838592154588,29343292.87512954,0.0,44060066.124870464,44060066.124870464,0,False
2022-11-23,2022-11-22,2022-10-31,0.07762527263267431,1.0,,1.6659962550819807,29761743.367812224,0.0,44687553.632187776,44687553.632187776,0,False
2022-11-24,2022-11-23,2022-10-31,0.07762527263267431,1.0,,1.6701195318984439,29764597.233614616,0.0,44416847.766385384,44416847.766385384,0,False
2022-11-25,2022-11-24,2022-10-31,0.07762527263267431,1.0,,1.6659918244085767,30275844.290145375,0.0,45459783.709854625,45459783.709854625,0,False
2022-11-28,2022-11-25,2022-10-31,0.07762527263267431,1.0,,1.6717898460331995,30284553.779598705,0.0,45080398.220401295,45080398.220401295,0,False
2022-11-29,2022-11-28,2022-10-31,0.07762527263267431,1.0,,1.6660005304318088,30610889.324036337,0.0,45962259.67596366,45962259.67596366,0,False
2022-11-30,2022-11-29,2022-10-31,0.07762527263267431,1.0,,1.667699440039863,30613824.61479344,0.0,45849708.385206565,45849708.385206565,0,False
2022-12-01,2022-11-30,2022-11-30,0.0657573793755913,0.9333333333333333,,1.6746062321478297,30616760.187016774,0.0,45384638.81298323,45384638.81298323,0,False
2022-12-02,2022-12-01,2022-11-30,0.0657573793755913,0.9333333333333333,,1.675100614983353,30619696.040733337,0.0,45355751.95926666,45355751.95926666,0,False
2022-12-05,2022-12-02,2022-11-30,0.0657573793755913,0.9333333333333333,,1.6660003731644872,30940498.729993686,0.0,46457179.270006314,46457179.270006314,0,False
2022-12-06,2022-12-05,2022-11-30,0.0657573793755913,0.9333333333333333,,1.6670245154589158,30943465.627132177,0.0,46390297.37286782,46390297.37286782,0,False
2022-12-07,2022-12-06,2022-11-30,0.0657573793755913,0.9333333333333333,,1.6726493353705258,30946432.808767654,0.0,46006784.191232346,46006784.191232346,0,False
2022-12-08,2022-12-07,2022-11-30,0.0657573793755913,0.9333333333333333,,1.6659943633829557,30997762.7584974,0.0,46543581.2415026,46543581.2415026,0,False
2022-12-09,2022-12-08,2022-11-30,0.0657573793755913,0.9333333333333333,,1.6691871523535204,31000735.146707118,0.0,46325956.85329288,46325956.85329288,0,False
2022-12-12,2022-12-09,2022-11-30,0.0657573793755913,0.9333333333333333,,1.6803055885176288,31009653.166406855,0.0,45581946.833593145,45581946.833593145,0,False
2022-12-13,2022-12-12,2022-11-30,0.0657573793755913,0.9333333333333333,,1.6721150218803185,31012626.694792673,0.0,46141844.30520733,46141844.30520733,0,False
2022-12-14,2022-12-13,2022-11-30,0.0657573793755913,0.9333333333333333,,1.6723034040534286,31015600.50831135,0.0,46133338.491688654,46133338.491688654,0,False
2022-12-15,2022-12-14,2022-11-30,0.0657573793755913,0.9333333333333333,,1.6803034893874975,31018574.60699023,0.0,45595201.39300977,45595201.39300977,0,False
2022-12-16,2022-12-15,2022-11-30,0.0657573793755913,0.9333333333333333,,1.6681943108690338,31021548.99085665,0.0,46425940.00914335,46425940.00914335,0,False
2022-12-19,2022-12-16,2022-11-30,0.0657573793755913,0.9333333333333333,,1.666063646990561,30141193.303265005,105.01541440823348,45252564.71214941,45252564.71214941,0,False
2022-12-20,2022-12-19,2022-11-30,0.0657573793755913,0.9333333333333333,,1.6746874393227373,30143978.539263237,0.0,44678434.46073677,44678434.46073677,0,False
2022-12-21,2022-12-20,2022-11-30,0.0657573793755913,0.9333333333333333,,1.6754045784810365,30146869.057753302,0.0,44635274.9422467,44635274.9422467,0,False
2022-12-22,2022-12-21,2022-11-30,0.0657573793755913,0.9333333333333333,,1.6705306983660129,30149759.853416376,0.0,44964026.146583624,44964026.146583624,0,False
2022-12-23,2022-12-22,2022-11-30,0.0657573793755913,0.9333333333333333,,1.6753027996800904,30152650.92627903,0.0,44650564.07372097,44650564.07372097,0,False
2022-12-26,2022-12-23,2022-11-30,0.0657573793755913,0.9333333333333333,,1.6818815033468446,30161324.976545494,0.0,44232502.0234545,44232502.0234545,0,False
2022-12-27,2022-12-26,2022-11-30,0.0657573793755913,0.9333333333333333,,1.668266706774219,30164217.15839256,0.0,45137991.84160744,45137991.84160744,0,False
2022-12-28,2022-12-27,2022-11-30,0.0657573793755913,0.9333333333333333,,1.6660044742682758,30256484.018812135,0.0,45429850.981187865,45429850.981187865,0,False
2022-12-29,2022-12-28,2022-11-30,0.0657573793755913,0.9333333333333333,,1.6706488014800296,30259385.32549887,0.0,45119569.67450113,45119569.67450113,0,False
2022-12-30,2022-12-29,2022-11-30,0.0657573793755913,0.9333333333333333,,1.665994223778263,30279344.080913097,0.0,45464874.9190869,45464874.9190869,0,False
2023-01-03,2022-12-30,2022-12-30,0.06607570632672333,0.9333333333333333,,1.6671214017832032,30290958.075903036,0.0,45405465.924096964,45405465.924096964,0,False
2023-01-04,2023-01-03,2022-12-30,0.06607570632672333,0.9333333333333333,,1.665999786061143,30832857.418711275,0.0,46295596.581288725,46295596.581288725,0,False
2023-01-05,2023-01-04,2022-12-30,0.06607570632672333,0.9333333333333333,,1.6659940460743436,30849825.134090193,0.0,46321472.86590981,46321472.86590981,0,False
2023-01-06,2023-01-05,2022-12-30,0.06607570632672333,0.9333333333333333,,1.666206609423104,30852783.33650031,0.0,46311133.66349969,46311133.66349969,0,False
2023-01-09,2023-01-06,2022-12-30,0.06607570632672333,0.9333333333333333,,1.6691160720514835,30861658.7947204,0.0,46123027.2052796,46123027.2052796,0,False
2023-01-10,2023-01-09,2022-12-30,0.06607570632672333,0.9333333333333333,,1.6745740049253115,30864618.1318651,0.0,45754235.8681349,45754235.8681349,0,False
2023-01-11,2023-01-10,2022-12-30,0.06607570632672333,0.9333333333333333,,1.6695591110970267,30867577.752781853,0.0,46101348.24721815,46101348.24721815,0,False
2023-01-12,2023-01-11,2022-12-30,0.06607570632672333,0.9333333333333333,,1.6705135729142588,30870537.65749787,0.0,46040138.34250213,46040138.34250213,0,False
2023-01-13,2023-01-12,2022-12-30,0.06607570632672333,0.9333333333333333,,1.6659992226136762,31146900.91707037,0.0,46767173.082929626,46767173.082929626,0,False
2023-01-16,2023-01-13,2022-12-30,0.06607570632672333,0.9333333333333333,,1.671176330825869,31155860.984457474,0.0,46419785.01554252,46419785.01554252,0,False
2023-01-17,2023-01-16,2022-12-30,0.06607570632672333,0.9333333333333333,,1.668948723898122,31158848.53277105,0.0,46578829.46722895,46578829.46722895,0,False
2023-01-18,2023-01-17,2022-12-30,0.06607570632672333,0.9333333333333333,,1.6686788066061977,31161836.367561866,0.0,46602099.63243814,46602099.63243814,0,False
2023-01-19,2023-01-18,2022-12-30,0.06607570632672333,0.9333333333333333,,1.6660000107452115,31168101.521527387,0.0,46798950.47847261,46798950.47847261,0,False
2023-01-20,2023-01-19,2022-12-30,0.06607570632672333,0.9333333333333333,,1.6661419866671838,31171090.243591096,0.0,46793462.7564089,46793462.7564089,0,False
2023-01-30,2023-01-20,2022-12-30,0.06607570632672333,0.9333333333333333,,1.6659951897036374,31236745.687726047,0.0,46902359.31227395,46902359.31227395,0,False
2023-01-31,2023-01-30,2022-12-30,0.06607570632672333,0.9333333333333333,,1.6710951217512873,31239740.992107064,0.0,46550392.00789294,46550392.00789294,0,False
2023-02-01,2023-01-31,2023-01-31,0.05983294671403197,0.8,,1.668731253626913,31242736.583709046,0.0,46719420.416290954,46719420.416290954,0,False
2023-02-02,2023-02-01,2023-01-31,0.05983294671403197,0.8,,1.6716673221583078,31245732.46255954,0.0,46519655.537440464,46519655.537440464,0,False
2023-02-03,2023-02-02,2023-01-31,0.05983294671403197,0.8,,1.6728233269708732,31248728.628686085,0.0,46444181.371313915,46444181.371313915,0,False
2023-02-06,2023-02-03,2023-01-31,0.05983294671403197,0.8,,1.6748371093191032,31257717.98897653,0.0,46318908.01102347,46318908.01102347,0,False
2023-02-07,2023-02-06,2023-01-31,0.05983294671403197,0.8,,1.6739514459830047,31260715.30440013,0.0,46384224.69559987,46384224.69559987,0,False
2023-02-08,2023-02-07,2023-01-31,0.05983294671403197,0.8,,1.6720195815482126,31263418.06023754,0.0,46521587.93976246,46521587.93976246,0,False
2023-02-09,2023-02-08,2023-01-31,0.05983294671403197,0.8,,1.6662504090159538,31117047.18978595,126.66366263055772,46704542.47387668,46704542.47387668,0,False
2023-02-10,2023-02-09,2023-01-31,0.05983294671403197,0.8,,1.6659975349726444,31305416.756686177,0.0,47005304.24331382,47005304.24331382,0,False
2023-02-13,2023-02-10,2023-01-31,0.05983294671403197,0.8,,1.6689862614738875,31314422.42452029,0.0,46808767.57547971,46808767.57547971,0,False
2023-02-14,2023-02-13,2023-01-31,0.05983294671403197,0.8,,1.6662496446086514,31117600.465881225,192.35705570438148,46705327.891174465,46705327.891174465,0,False
2023-02-15,2023-02-14,2023-01-31,0.05983294671403197,0.8,,1.6662490810864898,31024529.75577739,226.43531514192,46565622.67953776,46565622.67953776,0,False
2023-02-16,2023-02-15,2023-01-31,0.05983294671403197,0.8,,1.6662517128482857,30862521.06860335,64.89174301846725,46322516.82313967,46322516.82313967,0,False
2023-02-17,2023-02-16,2023-01-31,0.05983294671403197,0.8,,1.6659972674513184,30870262.83017883,0.0,46351936.16982117,46351936.16982117,0,False
2023-02-20,2023-02-17,2023-01-31,0.05983294671403197,0.8,,1.6659979118799495,31563666.60602642,0.0,47393041.39397358,47393041.39397358,0,False
2023-02-21,2023-02-20,2023-01-31,0.05983294671403197,0.8,,1.6668001835737156,31566693.25898864,0.0,47340558.74101136,47340558.74101136,0,False
2023-02-22,2023-02-21,2023-01-31,0.05983294671403197,0.8,,1.6701884672359986,31569720.20217786,0.0,47105734.79782214,47105734.79782214,0,False
2023-02-23,2023-02-22,2023-01-31,0.05983294671403197,0.8,,1.6706399221047905,31572747.435621906,0.0,47078538.5643781,47078538.5643781,0,False
2023-02-24,2023-02-23,2023-01-31,0.05983294671403197,0.8,,1.6725024660909031,31575774.959348608,0.0,46952653.040651396,46952653.040651396,0,False
2023-02-27,2023-02-24,2023-01-31,0.05983294671403197,0.8,,1.6770687414725904,31584858.4014602,0.0,46649411.5985398,46649411.5985398,0,False
2023-02-28,2023-02-27,2023-01-31,0.05983294671403197,0.8,,1.6662479484146961,31551070.62238275,186.33282035455323,47356069.71043761,47356069.71043761,0,False
2023-03-01,2023-02-28,2023-02-28,0.06050851477170993,0.8166666666666667,,1.6659985471812002,31678123.396690566,0.0,47564853.60330944,47564853.60330944,0,False
2023-03-02,2023-03-01,2023-02-28,0.06050851477170993,0.8166666666666667,,1.6659972436238693,31937235.090471484,0.0,47954004.909528516,47954004.909528516,0,False
2023-03-03,2023-03-02,2023-02-28,0.06050851477170993,0.8166666666666667,,1.6659989156215043,32392988.274779197,0.0,48638199.7252208,48638199.7252208,0,False
2023-03-06,2023-03-03,2023-02-28,0.06050851477170993,0.8166666666666667,,1.669164565707024,32402306.805652764,0.0,48422030.19434723,48422030.19434723,0,False
2023-03-07,2023-03-06,2023-02-28,0.06050851477170993,0.8166666666666667,,1.6659982024992426,32665429.372988373,0.0,49047323.62701163,49047323.62701163,0,False
2023-03-08,2023-03-07,2023-02-28,0.06050851477170993,0.8166666666666667,,1.6659977123565968,32673086.7195851,0.0,49058857.2804149,49058857.2804149,0,False
2023-03-09,2023-03-08,2023-02-28,0.06050851477170993,0.8166666666666667,,1.6669469527049214,32676219.755297936,0.0,48993731.24470206,48993731.24470206,0,False
2023-03-10,2023-03-09,2023-02-28,0.06050851477170993,0.8166666666666667,,1.682747837698529,32679353.091438856,0.0,47864454.90856114,47864454.90856114,0,False
2023-03-13,2023-03-10,2023-02-28,0.06050851477170993,0.8166666666666667,,1.674127001171714,32688754.001232285,0.0,48490497.99876772,48490497.99876772,0,False
2023-03-14,2023-03-13,2023-02-28,0.06050851477170993,0.8166666666666667,,1.6769936555419063,32691888.5392872,0.0,48289800.460712805,48289800.460712805,0,False
2023-03-15,2023-03-14,2023-02-28,0.06050851477170993,0.8166666666666667,,1.667189417990749,32695023.377914254,0.0,49004109.62208575,49004109.62208575,0,False
2023-03-16,2023-03-15,2023-02-28,0.06050851477170993,0.8166666666666667,,1.6660227423060558,32934246.299692273,0.0,49449131.70030773,49449131.70030773,0,False
2023-03-17,2023-03-16,2023-02-28,0.06050851477170993,0.8166666666666667,,1.665998355786667,33074203.37249457,0.0,49661088.62750543,49661088.62750543,0,False
2023-03-20,2023-03-17,2023-02-28,0.06050851477170993,0.8166666666666667,,1.6659955365859629,33316099.428515155,0.0,50024508.57148485,50024508.57148485,0,False
2023-03-21,2023-03-20,2023-02-28,0.06050851477170993,0.8166666666666667,,1.6799773669393172,33319294.122980904,0.0,49000592.87701909,49000592.87701909,0,False
2023-03-22,2023-03-21,2023-02-28,0.06050851477170993,0.8166666666666667,,1.671090644379334,33322489.123787217,0.0,49654229.87621278,49654229.87621278,0,False
2023-03-23,2023-03-22,2023-02-28,0.06050851477170993,0.8166666666666667,,1.6666325682847316,33325684.43096347,0.0,49991083.56903653,49991083.56903653,0,False
2023-03-24,2023-03-23,2023-02-28,0.06050851477170993,0.8166666666666667,,1.6792443401391692,33328880.04453904,0.0,49067585.95546096,49067585.95546096,0,False
2023-03-27,2023-03-24,2023-02-28,0.06050851477170993,0.8166666666666667,,1.6853439565282557,33338467.804551855,0.0,48644870.195448145,48644870.195448145,0,False
2023-03-28,2023-03-27,2023-02-28,0.06050851477170993,0.8166666666666667,,1.6795063117865414,33341664.64393037,0.0,49067483.356069624,49067483.356069624,0,False
2023-03-29,2023-03-28,2023-02-28,0.06050851477170993,0.8166666666666667,,1.6799789536405179,33344861.789855134,0.0,49038079.21014486,49038079.21014486,0,False
2023-03-30,2023-03-29,2023-02-28,0.06050851477170993,0.8166666666666667,,1.6767490777132628,33348059.24235553,0.0,49276844.757644475,49276844.757644475,0,False
2023-03-31,2023-03-30,2023-02-28,0.06050851477170993,0.8166666666666667,,1.678209161795813,33351257.001460962,0.0,49175473.99853904,49175473.99853904,0,False
2023-04-03,2023-03-31,2023-03-31,0.06020314463176575,0.8,,1.6662373767647436,32789682.695678744,240.61739818327237,49215854.92171943,49215854.92171943,0,False
2023-04-04,2023-04-03,2023-03-31,0.06020314463176575,0.8,,1.6662365203387335,33378052.755139463,0.0,50099404.24486054,50099404.24486054,0,False
2023-04-06,2023-04-04,2023-03-31,0.06020314463176575,0.8,,1.6660039824493469,33359973.28299645,71.85234558978004,50089642.56934914,50089642.56934914,0,False
2023-04-07,2023-04-06,2023-03-31,0.06020314463176575,0.8,,1.6693679094712193,33363100.332198545,0.0,49842694.667801455,49842694.667801455,0,False
2023-04-10,2023-04-07,2023-03-31,0.06020314463176575,0.8,,1.670346435710892,33372697.9364037,0.0,49784255.0635963,49784255.0635963,0,False
2023-04-11,2023-04-10,2023-03-31,0.06020314463176575,0.8,,1.6664127962840578,33375898.05812363,0.0,50082918.94187637,50082918.94187637,0,False
2023-04-12,2023-04-11,2023-03-31,0.06020314463176575,0.8,,1.6659973874237561,33796133.197144546,0.0,50745143.802855454,50745143.802855454,0,False
2023-04-13,2023-04-12,2023-03-31,0.06020314463176575,0.8,,1.6659971658310986,34314024.47403564,0.0,51522778.52596436,51522778.52596436,0,False
2023-04-14,2023-04-13,2023-03-31,0.06020314463176575,0.8,,1.66764549169472,34317314.85994411,0.0,51400504.14005589,51400504.14005589,0,False
2023-04-17,2023-04-14,2023-03-31,0.06020314463176575,0.8,,1.6659972370209513,35595402.287928894,0.0,53446771.712071106,53446771.712071106,0,False
2023-04-18,2023-04-17,2023-03-31,0.06020314463176575,0.8,,1.6659986535795805,35707575.45231254,0.0,53615086.54768746,53615086.54768746,0,False
2023-04-19,2023-04-18,2023-03-31,0.06020314463176575,0.8,,1.6659945564265333,35789236.071477,0.0,53738030.928523,53738030.928523,0,False
2023-04-20,2023-04-19,2023-03-31,0.06020314463176575,0.8,,1.6660235867632736,35858271.8006118,0.0,53839342.1993882,53839342.1993882,0,False
2023-04-21,2023-04-20,2023-03-31,0.06020314463176575,0.8,,1.6660207476118054,35433600.08748933,90.52535828803866,53201810.43786896,53201810.43786896,0,False
2023-04-24,2023-04-21,2023-03-31,0.06020314463176575,0.8,,1.6666649108211802,35443702.78955347,0.0,53165694.21044653,53165694.21044653,0,False
2023-04-25,2023-04-24,2023-03-31,0.06020314463176575,0.8,,1.6660000343384227,36265446.47407987,0.0,54452619.52592013,54452619.52592013,0,False
2023-04-26,2023-04-25,2023-03-31,0.06020314463176575,0.8,,1.679143668817101,36268923.98264588,0.0,53403905.01735412,53403905.01735412,0,False
2023-04-27,2023-04-26,2023-03-31,0.06020314463176575,0.8,,1.677448504265769,36272401.82467161,0.0,53542670.17532839,53542670.17532839,0,False
2023-04-28,2023-04-27,2023-03-31,0.06020314463176575,0.8,,1.6671659331602422,36275880.00018904,0.0,54373099.99981096,54373099.99981096,0,False
2023-05-04,2023-04-28,2023-04-28,0.05939595815170009,0.7333333333333333,,1.6659986446279629,38456631.519215725,0.0,57742807.480784275,57742807.480784275,0,False
2023-05-05,2023-05-04,2023-04-28,0.05939595815170009,0.7333333333333333,,1.6659995265205776,39121831.8998162,0.0,58741531.1001838,58741531.1001838,0,False
2023-05-08,2023-05-05,2023-04-28,0.05939595815170009,0.7333333333333333,,1.6660019246289604,42653478.325981215,0.0,64044076.674018785,64044076.674018785,0,False
2023-05-09,2023-05-08,2023-04-28,0.05939595815170009,0.7333333333333333,,1.6751692078363345,42657568.38554672,0.0,63180559.61445328,63180559.61445328,0,False
2023-05-10,2023-05-09,2023-04-28,0.05939595815170009,0.7333333333333333,,1.7206837262403898,42661658.83730972,0.0,59196090.16269028,59196090.16269028,0,False
2023-05-11,2023-05-10,2023-04-28,0.05939595815170009,0.7333333333333333,,1.7236875288443612,42665749.681307815,0.0,58956038.318692185,58956038.318692185,0,False
2023-05-12,2023-05-11,2023-04-28,0.05939595815170009,0.7333333333333333,,1.7322067578599374,42669840.91757862,0.0,58275672.08242138,58275672.08242138,0,False
2023-05-15,2023-05-12,2023-04-28,0.05939595815170009,0.7333333333333333,,1.7201329605556894,42682115.80332203,0.0,59269771.19667797,59269771.19667797,0,False
2023-05-16,2023-05-15,2023-04-28,0.05939595815170009,0.7333333333333333,,1.7211211378256603,42686208.60894701,0.0,59194227.39105299,59194227.39105299,0,False
2023-05-17,2023-05-16,2023-04-28,0.05939595815170009,0.7333333333333333,,1.73042408280129,42690301.8070328,0.0,58445912.1929672,58445912.1929672,0,False
2023-05-18,2023-05-17,2023-04-28,0.05939595815170009,0.7333333333333333,,1.7170231150685584,42694395.397617035,0.0,59543959.602382965,59543959.602382965,0,False
2023-05-19,2023-05-18,2023-04-28,0.05939595815170009,0.7333333333333333,,1.7332798756600776,42698426.38073736,0.0,58229371.61926264,58229371.61926264,0,False
2023-05-22,2023-05-19,2023-04-28,0.05939595815170009,0.7333333333333333,,1.7339001983642792,42710709.4896962,0.0,58196890.5103038,58196890.5103038,0,False
2023-05-23,2023-05-22,2023-04-28,0.05939595815170009,0.7333333333333333,,1.7568929950128283,42714805.03718151,0.0,56434403.96281849,56434403.96281849,0,False
2023-05-24,2023-05-23,2023-04-28,0.05939595815170009,0.7333333333333333,,1.785923471780073,42718900.97739056,0.0,54355039.02260944,54355039.02260944,0,False
2023-05-25,2023-05-24,2023-04-28,0.05939595815170009,0.7333333333333333,,1.7841673325362857,42722997.31036099,0.0,54481990.689639024,54481990.689639024,0,False
2023-05-26,2023-05-25,2023-04-28,0.05939595815170009,0.7333333333333333,,1.7719396178951754,42727094.03613048,0.0,55350305.96386952,55350305.96386952,0,False
2023-05-29,2023-05-26,2023-04-28,0.05939595815170009,0.7333333333333333,,1.7473514183587855,42739385.391949095,0.0,57187802.608050905,57187802.608050905,0,False
2023-05-30,2023-05-29,2023-04-28,0.05939595815170009,0.7333333333333333,,1.7605219611695655,42743483.68917846,0.0,56202826.31082154,56202826.31082154,0,False
2023-05-31,2023-05-30,2023-04-28,0.05939595815170009,0.7333333333333333,,1.770984359185692,42531232.37939523,0.0,55164844.62060477,55164844.62060477,0,False
2023-06-01,2023-05-31,2023-05-31,0.06464130832570907,0.9,,1.7761322703097175,42535310.71674668,0.0,54804203.28325332,54804203.28325332,0,False
2023-06-02,2023-06-01,2023-05-31,0.06464130832570907,0.9,,1.7709139838002907,42539389.44517157,0.0,55180461.55482843,55180461.55482843,0,False
2023-06-05,2023-06-02,2023-05-31,0.06464130832570907,0.9,,1.7562624697295004,42551626.80377909,0.0,56265686.19622091,56265686.19622091,0,False
2023-06-06,2023-06-05,2023-05-31,0.06464130832570907,0.9,,1.7584432673750388,42555707.09676027,0.0,56109281.90323973,56109281.90323973,0,False
2023-06-07,2023-06-06,2023-05-31,0.06464130832570907,0.9,,1.7476235056967437,42559787.781002425,0.0,56926765.218997575,56926765.218997575,0,False
2023-06-08,2023-06-07,2023-05-31,0.06464130832570907,0.9,,1.7255629066711073,42563868.85654307,0.0,58663237.14345693,58663237.14345693,0,False
2023-06-09,2023-06-08,2023-05-31,0.06464130832570907,0.9,,1.7265147586348513,42567950.32341973,0.0,58591996.67658027,58591996.67658027,0,False
2023-06-12,2023-06-09,2023-05-31,0.06464130832570907,0.9,,1.7491925731512934,42580195.8981703,0.0,56834781.1018297,56834781.1018297,0,False
2023-06-13,2023-06-12,2023-05-31,0.06464130832570907,0.9,,1.7501193434567368,42584278.930653684,0.0,56770005.069346316,56770005.069346316,0,False
2023-06-14,2023-06-13,2023-05-31,0.06464130832570907,0.9,,1.7684482370706347,42588362.354660735,0.0,55421250.645339265,55421250.645339265,0,False
2023-06-15,2023-06-14,2023-05-31,0.06464130832570907,0.9,,1.7627101379443737,42592446.17022899,0.0,55843555.82977101,55843555.82977101,0,False
2023-06-16,2023-06-15,2023-05-31,0.06464130832570907,0.9,,1.766977998071747,42596530.377395995,0.0,55538138.622604005,55538138.622604005,0,False
2023-06-19,2023-06-16,2023-05-31,0.06464130832570907,0.9,,1.7855822410047535,42608784.17380593,0.0,54238476.82619407,54238476.82619407,0,False
2023-06-20,2023-06-19,2023-05-31,0.06464130832570907,0.9,,1.7936464639055738,42612869.947630815,0.0,53692509.052369185,53692509.052369185,0,False
2023-06-21,2023-06-20,2023-05-31,0.06464130832570907,0.9,,1.7923479859196936,42616956.11324223,0.0,53785655.88675777,53785655.88675777,0,False
2023-06-26,2023-06-21,2023-05-31,0.06464130832570907,0.9,,1.810860645305345,42637388.90041982,0.0,52582881.09958018,52582881.09958018,0,False
2023-06-27,2023-06-26,2023-05-31,0.06464130832570907,0.9,,1.7891126691266641,42640680.439802565,0.0,54036238.560197435,54036238.560197435,0,False
2023-06-28,2023-06-27,2023-05-31,0.06464130832570907,0.9,,1.7699312778279563,41748968.6721735,0.0,54224279.3278265,54224279.3278265,0,False
2023-06-29,2023-06-28,2023-05-31,0.06464130832570907,0.9,,1.7765822093594386,41752971.997936584,0.0,53765038.002063416,53765038.002063416,0,False
2023-06-30,2023-06-29,2023-05-31,0.06464130832570907,0.9,,1.7647114929566905,41756975.70758022,0.0,54604875.29241978,54604875.29241978,0,False
2023-07-03,2023-06-30,2023-06-30,0.06480670282588878,0.9,,1.744667479899209,41768987.98826323,0.0,56090791.01173677,56090791.01173677,0,False
2023-07-04,2023-07-03,2023-06-30,0.06480670282588878,0.9,,1.7521050439089978,41772993.23368676,0.0,55541434.76631324,55541434.76631324,0,False
2023-07-05,2023-07-04,2023-06-30,0.06480670282588878,0.9,,1.7529253333520982,41776998.86317492,0.0,55486244.13682508,55486244.13682508,0,False
2023-07-06,2023-07-05,2023-06-30,0.06480670282588878,0.9,,1.7426287892777683,40791980.87676454,0.0,54929167.12323546,54929167.12323546,0,False
2023-07-07,2023-07-06,2023-06-30,0.06480670282588878,0.9,,1.738261287289967,40795892.436574645,0.0,55259422.563425355,55259422.563425355,0,False
2023-07-10,2023-07-07,2023-06-30,0.06480670282588878,0.9,,1.7353291183422155,40807628.24124818,0.0,55495732.75875182,55495732.75875182,0,False
2023-07-11,2023-07-10,2023-06-30,0.06480670282588878,0.9,,1.728640074418257,40811541.30149049,0.0,56010563.69850951,56010563.69850951,0,False
2023-07-12,2023-07-11,2023-06-30,0.06480670282588878,0.9,,1.6838180390920297,38636836.33695776,0.0,56501633.66304224,56501633.66304224,0,False
2023-07-13,2023-07-12,2023-06-30,0.06480670282588878,0.9,,1.6683898463191191,38640541.23907226,0.0,57811382.76092774,57811382.76092774,0,False
2023-07-14,2023-07-13,2023-06-30,0.06480670282588878,0.9,,1.6659950280261584,38885997.09081136,0.0,58387818.90918864,58387818.90918864,0,False
2023-07-17,2023-07-14,2023-06-30,0.06480670282588878,0.9,,1.6659979568380048,38629967.048624955,161.3099088436502,58002889.26128388,58002889.26128388,0,False
2023-07-18,2023-07-17,2023-06-30,0.06480670282588878,0.9,,1.6729361253210109,38633132.24213173,0.0,57409805.75786827,57409805.75786827,0,False
2023-07-19,2023-07-18,2023-06-30,0.06480670282588878,0.9,,1.6659918911403633,38683388.25451906,0.0,58083872.74548094,58083872.74548094,0,False
2023-07-20,2023-07-19,2023-06-30,0.06480670282588878,0.9,,1.6672589838020173,38687097.62051607,0.0,57979133.37948393,57979133.37948393,0,False
2023-07-21,2023-07-20,2023-06-30,0.06480670282588878,0.9,,1.6694239107431452,38690807.34220571,0.0,57797169.65779429,57797169.65779429,0,False
2023-07-24,2023-07-21,2023-06-30,0.06480670282588878,0.9,,1.6741108459282734,38701937.57445484,0.0,57411830.42554516,57411830.42554516,0,False
2023-07-25,2023-07-24,2023-06-30,0.06480670282588878,0.9,,1.6659994798795061,39137956.16250376,0.0,58765745.83749624,58765745.83749624,0,False
2023-07-26,2023-07-25,2023-06-30,0.06480670282588878,0.9,,1.6669530065116753,39141709.11720427,0.0,58687356.88279573,58687356.88279573,0,False
2023-07-27,2023-07-26,2023-06-30,0.06480670282588878,0.9,,1.665996102014122,39455810.520067155,0.0,59243305.479932845,59243305.479932845,0,False
2023-07-28,2023-07-27,2023-06-30,0.06480670282588878,0.9,,1.6659960352088707,40526226.22345264,0.0,60850551.77654736,60850551.77654736,0,False
2023-07-31,2023-07-28,2023-06-30,0.06480670282588878,0.9,,1.6659943663710808,40735906.23291419,0.0,61165541.76708581,61165541.76708581,0,False
2023-08-01,2023-07-31,2023-07-31,0.06143116901408452,0.8166666666666667,,1.6660000550739082,40825304.72508364,0.0,61299251.27491636,61299251.27491636,0,False
2023-08-02,2023-08-01,2023-07-31,0.06143116901408452,0.8166666666666667,,1.6869728448613344,40829219.48033125,0.0,59433527.51966875,59433527.51966875,0,False
2023-08-03,2023-08-02,2023-07-31,0.06143116901408452,0.8166666666666667,,1.6660078892098313,39963632.623096414,78.04021006682888,60004626.417113654,60004626.417113654,0,False
2023-08-04,2023-08-03,2023-07-31,0.06143116901408452,0.8166666666666667,,1.6659953670406131,40161948.111441985,0.0,60303644.888558015,60303644.888558015,0,False
2023-08-07,2023-08-04,2023-07-31,0.06143116901408452,0.8166666666666667,,1.6748526518519404,40173501.54856993,0.0,59529293.45143007,59529293.45143007,0,False
2023-08-08,2023-08-07,2023-07-31,0.06143116901408452,0.8166666666666667,,1.6660215898402737,39347073.67177271,79.84755962900817,59077655.17578692,59077655.17578692,0,False
2023-08-09,2023-08-08,2023-07-31,0.06143116901408452,0.8166666666666667,,1.6660466594830232,39273759.70636919,73.4773316944902,58965367.77096251,58965367.77096251,0,False
2023-08-10,2023-08-09,2023-07-31,0.06143116901408452,0.8166666666666667,,1.6660205947310405,39727830.85864564,0.0,59649553.14135436,59649553.14135436,0,False
2023-08-11,2023-08-10,2023-07-31,0.06143116901408452,0.8166666666666667,,1.66603210522617,38587704.08513566,2.722102477062947,57936698.63696682,57936698.63696682,0,False
2023-08-14,2023-08-11,2023-07-31,0.06143116901408452,0.8166666666666667,,1.6660131931478452,38013539.11899614,192.89831490907818,57075965.779318765,57075965.779318765,0,False
2023-08-15,2023-08-14,2023-07-31,0.06143116901408452,0.8166666666666667,,1.6660005268856772,38910202.59699936,0.0,58423681.40300064,58423681.40300064,0,False
2023-08-16,2023-08-15,2023-07-31,0.06143116901408452,0.8166666666666667,,1.6709480732701316,38913933.712316886,0.0,57998428.287683114,57998428.287683114,0,False
2023-08-17,2023-08-16,2023-07-31,0.06143116901408452,0.8166666666666667,,1.6786759046400996,38917665.185412586,0.0,57343519.814587414,57343519.814587414,0,False
2023-08-18,2023-08-17,2023-07-31,0.06143116901408452,0.8166666666666667,,1.6765870555908822,38921397.01632077,0.0,57526073.98367923,57526073.98367923,0,False
2023-08-21,2023-08-18,2023-07-31,0.06143116901408452,0.8166666666666667,,1.6893853554383484,38932593.582585745,0.0,56474355.417414255,56474355.417414255,0,False
2023-08-22,2023-08-21,2023-07-31,0.06143116901408452,0.8166666666666667,,1.6757910432651157,38936326.84498408,0.0,57615926.15501592,57615926.15501592,0,False
2023-08-23,2023-08-22,2023-07-31,0.06143116901408452,0.8166666666666667,,1.6735844659907164,38940060.465366475,0.0,57810211.534633525,57810211.534633525,0,False
2023-08-24,2023-08-23,2023-07-31,0.06143116901408452,0.8166666666666667,,1.6662148984864666,38266770.628451005,166.44982373993844,57438829.82137273,57438829.82137273,0,False
2023-08-25,2023-08-24,2023-07-31,0.06143116901408452,0.8166666666666667,,1.6660221665487187,38414500.502608895,0.0,57677510.497391105,57677510.497391105,0,False
2023-08-28,2023-08-25,2023-07-31,0.06143116901408452,0.8166666666666667,,1.6660246722437322,39192517.73177882,0.0,58845444.26822118,58845444.26822118,0,False
2023-08-29,2023-08-28,2023-07-31,0.06143116901408452,0.8166666666666667,,1.6726572346848116,39196275.91841064,0.0,58270801.08158936,58270801.08158936,0,False
2023-08-30,2023-08-29,2023-07-31,0.06143116901408452,0.8166666666666667,,1.6660230707011598,38636732.9480326,14.366806089048964,58011081.41877349,58011081.41877349,0,False
2023-08-31,2023-08-30,2023-07-31,0.06143116901408452,0.8166666666666667,,1.6660885307237863,38640423.47342701,0.0,58010942.52657299,58010942.52657299,0,False
2023-09-01,2023-08-31,2023-08-31,0.06541681073703366,0.9,,1.6659960256675341,39455173.788223505,0.0,59242356.211776495,59242356.211776495,0,False
2023-09-04,2023-09-01,2023-08-31,0.06541681073703366,0.9,,1.66599975934447,40421239.806720525,0.0,60692574.193279475,60692574.193279475,0,False
2023-09-05,2023-09-04,2023-08-31,0.06541681073703366,0.9,,1.6660592641439695,40198513.37053264,96.76794557466496,60352612.39741293,60352612.39741293,0,False
2023-09-06,2023-09-05,2023-08-31,0.06541681073703366,0.9,,1.6659956643555358,40391890.677084096,0.0,60648879.322915904,60648879.322915904,0,False
2023-09-07,2023-09-06,2023-08-31,0.06541681073703366,0.9,,1.665998913206834,40544603.15026053,0.0,60877881.84973947,60877881.84973947,0,False
2023-09-08,2023-09-07,2023-08-31,0.06541681073703366,0.9,,1.6661041905702336,39762155.3833801,148.6410613264045,59693374.257681236,59693374.257681236,0,False
2023-09-11,2023-09-08,2023-08-31,0.06541681073703366,0.9,,1.6659994330749186,40233124.59181975,0.0,60410148.40818025,60410148.40818025,0,False
2023-09-12,2023-09-11,2023-08-31,0.06541681073703366,0.9,,1.6705686601966923,40236982.56267102,0.0,60004269.43732898,60004269.43732898,0,False
2023-09-13,2023-09-12,2023-08-31,0.06541681073703366,0.9,,1.6659973645200676,40527887.40416471,0.0,60852924.59583529,60852924.59583529,0,False
2023-09-14,2023-09-13,2023-08-31,0.06541681073703366,0.9,,1.6660000677529028,41867261.45570319,0.0,62863749.54429681,62863749.54429681,0,False
2023-09-15,2023-09-14,2023-08-31,0.06541681073703366,0.9,,1.6693015950505659,41871276.1246099,0.0,62559653.8753901,62559653.8753901,0,False
2023-09-18,2023-09-15,2023-08-31,0.06541681073703366,0.9,,1.6721105035129624,41883321.28623479,0.0,62316123.71376521,62316123.71376521,0,False
2023-09-19,2023-09-18,2023-08-31,0.06541681073703366,0.9,,1.6674878530781851,41887337.49512525,0.0,62753707.50487475,62753707.50487475,0,False
2023-09-20,2023-09-19,2023-08-31,0.06541681073703366,0.9,,1.6659994221447683,41973171.015561625,0.0,63022833.984438375,63022833.984438375,0,False
2023-09-21,2023-09-20,2023-08-31,0.06541681073703366,0.9,,1.66698109771294,41977195.840179555,0.0,62936110.159820445,62936110.159820445,0,False
2023-09-22,2023-09-21,2023-08-31,0.06541681073703366,0.9,,1.671309254267815,41981221.05073957,0.0,62536335.94926043,62536335.94926043,0,False
2023-09-25,2023-09-22,2023-08-31,0.06541681073703366,0.9,,1.6702769672652609,41993297.84035691,0.0,62650665.15964309,62650665.15964309,0,False
2023-09-26,2023-09-25,2023-08-31,0.06541681073703366,0.9,,1.671138657724354,41997324.59494434,0.0,62576226.40505566,62576226.40505566,0,False
2023-09-27,2023-09-26,2023-08-31,0.06541681073703366,0.9,,1.6711999687779522,42001351.73565893,0.0,62576510.26434107,62576510.26434107,0,False
2023-09-28,2023-09-27,2023-08-31,0.06541681073703366,0.9,,1.6673071163897004,42005379.26253769,0.0,62947596.73746231,62947596.73746231,0,False
2023-10-09,2023-09-28,2023-09-28,0.06524532014719413,0.8833333333333333,,1.6682049932044707,42049686.30641735,0.0,62929320.69358265,62929320.69358265,0,False
2023-10-10,2023-10-09,2023-09-28,0.06524532014719413,0.8833333333333333,,1.6800600195947712,42053718.46811797,0.0,61838245.53188203,61838245.53188203,0,False
2023-10-11,2023-10-10,2023-09-28,0.06524532014719413,0.8833333333333333,,1.6906110970296044,42057751.016464226,0.0,60899326.983535774,60899326.983535774,0,False
2023-10-12,2023-10-11,2023-09-28,0.06524532014719413,0.8833333333333333,,1.6757741486143236,42061783.9514932,0.0,62242369.0485068,62242369.0485068,0,False
2023-10-13,2023-10-12,2023-09-28,0.06524532014719413,0.8833333333333333,,1.6695393155457692,42065817.273241974,0.0,62828001.726758026,62828001.726758026,0,False
2023-10-16,2023-10-13,2023-09-28,0.06524532014719413,0.8833333333333333,,1.6663369444385072,42077918.39875893,0.0,63148109.60124107,63148109.60124107,0,False
2023-10-17,2023-10-16,2023-09-28,0.06524532014719413,0.8833333333333333,,1.6659973013358684,42610891.37209648,0.0,63980576.62790352,63980576.62790352,0,False
2023-10-18,2023-10-17,2023-09-28,0.06524532014719413,0.8833333333333333,,1.6659986936077011,42314073.89768434,102.74470286793076,63534615.84701853,63534615.84701853,0,False
2023-10-19,2023-10-18,2023-09-28,0.06524532014719413,0.8833333333333333,,1.6814675985375511,42318028.66691687,0.0,62098372.33308313,62098372.33308313,0,False
2023-10-20,2023-10-19,2023-09-28,0.06524532014719413,0.8833333333333333,,1.6849533771359781,42322086.56007671,0.0,61788273.43992329,61788273.43992329,0,False
2023-10-23,2023-10-20,2023-09-28,0.06524532014719413,0.8833333333333333,,1.696183830158957,42331471.832855366,0.0,60805020.167144634,60805020.167144634,0,False
2023-10-24,2023-10-23,2023-09-28,0.06524532014719413,0.8833333333333333,,1.696035191360687,42335531.01508591,0.0,60823836.98491409,60823836.98491409,0,False
2023-10-25,2023-10-24,2023-09-28,0.06524532014719413,0.8833333333333333,,1.6959344673036283,42339590.58655311,0.0,60838473.41344689,60838473.41344689,0,False
2023-10-26,2023-10-25,2023-09-28,0.06524532014719413,0.8833333333333333,,1.6831180939357544,42343650.54729429,0.0,61985842.45270571,61985842.45270571,0,False
2023-10-27,2023-10-26,2023-09-28,0.06524532014719413,0.8833333333333333,,1.6858892344964866,42347710.89734677,0.0,61741326.10265323,61741326.10265323,0,False
2023-10-30,2023-10-27,2023-09-28,0.06524532014719413,0.8833333333333333,,1.7072097527687689,42359893.115550116,0.0,59897212.884449884,59897212.884449884,0,False
2023-10-31,2023-10-30,2023-09-28,0.06524532014719413,0.8833333333333333,,1.7030295561040973,42363955.02310914,0.0,60259137.97689086,60259137.97689086,0,False
2023-11-01,2023-10-31,2023-10-31,0.06704696240601503,0.9666666666666667,,1.701737265172249,42368017.32016615,0.0,60375897.67983385,60375897.67983385,0,False
2023-11-02,2023-11-01,2023-10-31,0.06704696240601503,0.9666666666666667,,1.7006894649522744,42372080.006758496,0.0,60471980.993241504,60471980.993241504,0,False
2023-11-03,2023-11-02,2023-10-31,0.06704696240601503,0.9666666666666667,,1.7087704687255296,42376143.082923524,0.0,59788245.917076476,59788245.917076476,0,False
2023-11-06,2023-11-03,2023-10-31,0.06704696240601503,0.9666666666666667,,1.7249542131843743,42388333.48024875,0.0,58470359.51975125,58470359.51975125,0,False
2023-11-07,2023-11-06,2023-10-31,0.06704696240601503,0.9666666666666667,,1.718243374656613,42392398.114966035,0.0,59022330.885033965,59022330.885033965,0,False
2023-11-08,2023-11-07,2023-10-31,0.06704696240601503,0.9666666666666667,,1.7261140484765094,42396463.13944281,0.0,58388159.86055719,58388159.86055719,0,False
2023-11-09,2023-11-08,2023-10-31,0.06704696240601503,0.9666666666666667,,1.7157699964279483,42400528.55371645,0.0,59237644.44628355,59237644.44628355,0,False
2023-11-10,2023-11-09,2023-10-31,0.06704696240601503,0.9666666666666667,,1.71338652477597,42404594.35782434,0.0,59441260.64217566,59441260.64217566,0,False
2023-11-13,2023-11-10,2023-10-31,0.06704696240601503,0.9666666666666667,,1.715087557926355,42416792.93976289,0.0,59316922.06023711,59316922.06023711,0,False
2023-11-14,2023-11-13,2023-10-31,0.06704696240601503,0.9666666666666667,,1.7206812695641236,42420860.30346944,0.0,58862165.69653056,58862165.69653056,0,False
2023-11-15,2023-11-14,2023-10-31,0.06704696240601503,0.9666666666666667,,1.7090516559296969,42424928.05719717,0.0,59833338.94280283,59833338.94280283,0,False
2023-11-16,2023-11-15,2023-10-31,0.06704696240601503,0.9666666666666667,,1.7034954910124118,42428996.20098347,0.0,60311681.79901653,60311681.79901653,0,False
2023-11-17,2023-11-16,2023-10-31,0.06704696240601503,0.9666666666666667,,1.711480089213596,42433064.734865755,0.0,59640551.265134245,59640551.265134245,0,False
2023-11-20,2023-11-17,2023-10-31,0.06704696240601503,0.9666666666666667,,1.7085239917435595,42445271.50691277,0.0,59906611.49308723,59906611.49308723,0,False
2023-11-21,2023-11-20,2023-10-31,0.06704696240601503,0.9666666666666667,,1.705892328848444,42449341.601440825,0.0,60135717.398559175,60135717.398559175,0,False
2023-11-22,2023-11-21,2023-10-31,0.06704696240601503,0.9666666666666667,,1.7065226377319809,42453412.08625192,0.0,60087829.91374808,60087829.91374808,0,False
2023-11-23,2023-11-22,2023-10-31,0.06704696240601503,0.9666666666666667,,1.7023688775541217,42457482.96138348,0.0,60448981.03861652,60448981.03861652,0,False
2023-11-24,2023-11-23,2023-10-31,0.06704696240601503,0.9666666666666667,,1.7005894600325655,42461554.22687292,0.0,60608325.77312708,60608325.77312708,0,False
2023-11-27,2023-11-24,2023-10-31,0.06704696240601503,0.9666666666666667,,1.690953154978417,42473769.19452722,0.0,61471271.80547278,61471271.80547278,0,False
2023-11-28,2023-11-27,2023-10-31,0.06704696240601503,0.9666666666666667,,1.6943355577574482,42477842.02171026,0.0,61177684.97828974,61177684.97828974,0,False
2023-11-29,2023-11-28,2023-10-31,0.06704696240601503,0.9666666666666667,,1.6901161067133044,42481915.23943837,0.0,61557634.76056163,61557634.76056163,0,False
2023-11-30,2023-11-29,2023-10-31,0.06704696240601503,0.9666666666666667,,1.6735843404392983,42485988.847749,0.0,63074490.152251,63074490.152251,0,False
2023-12-01,2023-11-30,2023-11-30,0.06873984732824426,0.9833333333333333,,1.6761496917621597,42490062.846679606,0.0,62841207.153320394,62841207.153320394,0,False
2023-12-04,2023-12-01,2023-11-30,0.06873984732824426,0.9833333333333333,,1.6735807841866306,42502286.01544372,0.0,63099017.98455628,63099017.98455628,0,False
2023-12-05,2023-12-04,2023-11-30,0.06873984732824426,0.9833333333333333,,1.6851778080194073,42506361.57711644,0.0,62036979.42288356,62036979.42288356,0,False
2023-12-06,2023-12-05,2023-11-30,0.06873984732824426,0.9833333333333333,,1.6915576805521686,42510437.52959643,0.0,61470559.47040357,61470559.47040357,0,False
2023-12-07,2023-12-06,2023-11-30,0.06873984732824426,0.9833333333333333,,1.693577902288139,42514513.87292119,0.0,61297388.12707881,61297388.12707881,0,False
2023-12-08,2023-12-07,2023-11-30,0.06873984732824426,0.9833333333333333,,1.6832594791165276,42518590.60712818,0.0,62229053.39287182,62229053.39287182,0,False
2023-12-11,2023-12-08,2023-11-30,0.06873984732824426,0.9833333333333333,,1.6843841106256374,42530821.98250832,0.0,62144666.01749168,62144666.01749168,0,False
2023-12-12,2023-12-11,2023-11-30,0.06873984732824426,0.9833333333333333,,1.676601242908301,42534900.28050664,0.0,62865536.71949336,62865536.71949336,0,False
2023-12-13,2023-12-12,2023-11-30,0.06873984732824426,0.9833333333333333,,1.686893994238246,42538978.96957464,0.0,61929467.03042536,61929467.03042536,0,False
2023-12-14,2023-12-13,2023-11-30,0.06873984732824426,0.9833333333333333,,1.6859253050705092,42543058.0497498,0.0,62022872.9502502,62022872.9502502,0,False
2023-12-15,2023-12-14,2023-11-30,0.06873984732824426,0.9833333333333333,,1.6970882668843297,42547137.52106964,0.0,61035509.47893036,61035509.47893036,0,False
2023-12-18,2023-12-15,2023-11-30,0.06873984732824426,0.9833333333333333,,1.692848245809911,42559377.1085757,0.0,61426693.8914243,61426693.8914243,0,False
2023-12-19,2023-12-18,2023-11-30,0.06873984732824426,0.9833333333333333,,1.6930720465093319,42563458.1447368,0.0,61412746.8552632,61412746.8552632,0,False
2023-12-20,2023-12-19,2023-11-30,0.06873984732824426,0.9833333333333333,,1.6857955883454125,42567539.57223013,0.0,62070302.42776987,62070302.42776987,0,False
2023-12-21,2023-12-20,2023-11-30,0.06873984732824426,0.9833333333333333,,1.6917632956713495,42571621.391093224,0.0,61540734.608906776,61540734.608906776,0,False
2023-12-22,2023-12-21,2023-11-30,0.06873984732824426,0.9833333333333333,,1.6827180940270061,42575703.60136361,0.0,62362055.39863639,62362055.39863639,0,False
2023-12-25,2023-12-22,2023-11-30,0.06873984732824426,0.9833333333333333,,1.6796079729712718,42587951.406509206,0.0,62665467.593490794,62665467.593490794,0,False
2023-12-26,2023-12-25,2023-11-30,0.06873984732824426,0.9833333333333333,,1.6796150302346062,42592035.18267147,0.0,62670825.81732853,62670825.81732853,0,False
2023-12-27,2023-12-26,2023-11-30,0.06873984732824426,0.9833333333333333,,1.6699680370214143,42596119.350428715,0.0,63579330.649571285,63579330.649571285,0,False
2023-12-28,2023-12-27,2023-11-30,0.06873984732824426,0.9833333333333333,,1.67601465384644,42600203.909818485,0.0,63016687.090181515,63016687.090181515,0,False
2023-12-29,2023-12-28,2023-11-30,0.06873984732824426,0.9833333333333333,,1.6741430375034767,42604288.86087833,0.0,63197699.13912167,63197699.13912167,0,False
2024-01-02,2023-12-29,2023-12-29,0.07078611368015414,0.9833333333333333,,1.6659972162718122,42943255.65079825,0.0,64479632.34920175,64479632.34920175,0,False
2024-01-03,2024-01-02,2023-12-29,0.07078611368015414,0.9833333333333333,,1.6660003663253924,43621177.50498053,0.0,65497227.49501947,65497227.49501947,0,False
2024-01-04,2024-01-03,2023-12-29,0.07078611368015414,0.9833333333333333,,1.6659993817773637,44279769.25733799,0.0,66486201.74266201,66486201.74266201,0,False
2024-01-05,2024-01-04,2023-12-29,0.07078611368015414,0.9833333333333333,,1.666496848358346,44284015.262609236,0.0,66442947.737390764,66442947.737390764,0,False
2024-01-08,2024-01-05,2023-12-29,0.07078611368015414,0.9833333333333333,,1.668610965282021,44296754.49987656,0.0,66251911.50012344,66251911.50012344,0,False
2024-01-09,2024-01-08,2023-12-29,0.07078611368015414,0.9833333333333333,,1.6674532325606433,44301002.1338697,0.0,66373192.8661303,66373192.8661303,0,False
2024-01-10,2024-01-09,2023-12-29,0.07078611368015414,0.9833333333333333,,1.6755522769681725,44305250.175170206,0.0,65583747.824829794,65583747.824829794,0,False
2024-01-11,2024-01-10,2023-12-29,0.07078611368015414,0.9833333333333333,,1.6851928620321002,44309498.62381714,0.0,64667192.37618286,64667192.37618286,0,False
2024-01-12,2024-01-11,2023-12-29,0.07078611368015414,0.9833333333333333,,1.669969142589524,44313097.81389956,0.0,66141998.18610044,66141998.18610044,0,False
2024-01-15,2024-01-12,2023-12-29,0.07078611368015414,0.9833333333333333,,1.6659978986227855,44440805.00900027,0.0,66728145.99099973,66728145.99099973,0,False
2024-01-16,2024-01-15,2023-12-29,0.07078611368015414,0.9833333333333333,,1.6659981949061475,44760824.158535935,0.0,67208626.84146407,67208626.84146407,0,False
2024-01-17,2024-01-16,2023-12-29,0.07078611368015414,0.9833333333333333,,1.6800183421602937,44765116.29235936,0.0,65829277.70764064,65829277.70764064,0,False
2024-01-18,2024-01-17,2023-12-29,0.07078611368015414,0.9833333333333333,,1.6660184401081282,43193041.16405367,246.53469641131585,64852250.370642744,64852250.370642744,0,False
2024-01-19,2024-01-18,2023-12-29,0.07078611368015414,0.9833333333333333,,1.666021910784172,42644794.89906853,94.73397347768469,64028974.83490495,64028974.83490495,0,False
2024-01-22,2024-01-19,2023-12-29,0.07078611368015414,0.9833333333333333,,1.6660212496746731,41308660.092684254,101.66645481809974,62022883.57377057,62022883.57377057,0,False
2024-01-23,2024-01-22,2023-12-29,0.07078611368015414,0.9833333333333333,,1.6660218412326295,41897124.16098188,0.0,62906531.83901812,62906531.83901812,0,False
2024-01-24,2024-01-23,2023-12-29,0.07078611368015414,0.9833333333333333,,1.666022955879723,43225048.21011567,0.0,64900237.78988433,64900237.78988433,0,False
2024-01-25,2024-01-24,2023-12-29,0.07078611368015414,0.9833333333333333,,1.6659999374071137,46150844.37010226,0.0,69295568.62989774,69295568.62989774,0,False
2024-01-26,2024-01-25,2023-12-29,0.07078611368015414,0.9833333333333333,,1.666000655904357,47104322.17781501,0.0,70727140.82218498,70727140.82218498,0,False
2024-01-29,2024-01-26,2023-12-29,0.07078611368015414,0.9833333333333333,,1.665997938588816,47735250.64034973,0.0,71674772.35965027,71674772.35965027,0,False
2024-01-30,2024-01-29,2023-12-29,0.07078611368015414,0.9833333333333333,,1.6813188906787564,47739827.99315086,0.0,70069726.00684914,70069726.00684914,0,False
2024-01-31,2024-01-30,2023-12-29,0.07078611368015414,0.9833333333333333,,1.6837810841810752,47744405.78487623,0.0,69824110.21512377,69824110.21512377,0,False
2024-02-01,2024-01-31,2024-01-31,0.0740951968503937,0.9833333333333333,,1.7027238542680114,47748984.01556793,0.0,67948431.98443207,67948431.98443207,0,False
2024-02-02,2024-02-01,2024-01-31,0.0740951968503937,0.9833333333333333,,1.7063238299308177,47753562.68526805,0.0,67608596.31473196,67608596.31473196,0,False
2024-02-05,2024-02-02,2024-01-31,0.0740951968503937,0.9833333333333333,,1.666039104839691,45767251.5943277,169.85658772707018,68715307.26226002,68715307.26226002,0,False
2024-02-06,2024-02-05,2024-01-31,0.0740951968503937,0.9833333333333333,,1.6662055079518703,47600681.602103814,0.0,71450447.39789619,71450447.39789619,0,False
2024-02-07,2024-02-06,2024-01-31,0.0740951968503937,0.9833333333333333,,1.6662117165627113,49751277.97470456,0.0,74677879.02529544,74677879.02529544,0,False
2024-02-08,2024-02-07,2024-01-31,0.0740951968503937,0.9833333333333333,,1.6661290830281998,48736066.05229994,218.71640464896336,73162767.6641047,73162767.6641047,0,False
2024-02-19,2024-02-08,2024-01-31,0.0740951968503937,0.9833333333333333,,1.6659992938139974,51495902.73518032,0.0,77321257.26481968,77321257.26481968,0,False
2024-02-20,2024-02-19,2024-01-31,0.0740951968503937,0.9833333333333333,,1.6659968990549896,51800400.590876296,0.0,77778741.4091237,77778741.4091237,0,False
2024-02-21,2024-02-20,2024-01-31,0.0740951968503937,0.9833333333333333,,1.6663791361240665,51805367.75257679,0.0,77741581.2474232,77741581.2474232,0,False
2024-02-22,2024-02-21,2024-01-31,0.0740951968503937,0.9833333333333333,,1.666000529089005,53685185.46037046,0.0,80608322.53962955,80608322.53962955,0,False
2024-02-23,2024-02-22,2024-01-31,0.0740951968503937,0.9833333333333333,,1.6659980489256947,53712103.572466664,0.0,80649040.42753333,80649040.42753333,0,False
2024-02-26,2024-02-23,2024-01-31,0.0740951968503937,0.9833333333333333,,1.6794428775078811,53727554.999521755,0.0,79075897.00047824,79075897.00047824,0,False
2024-02-27,2024-02-26,2024-01-31,0.0740951968503937,0.9833333333333333,,1.6659989368001247,53773632.366050474,0.0,80741318.63394952,80741318.63394952,0,False
2024-02-28,2024-02-27,2024-01-31,0.0740951968503937,0.9833333333333333,,1.6786819453195647,53778788.741756804,0.0,79240046.2582432,79240046.2582432,0,False
2024-02-29,2024-02-28,2024-01-31,0.0740951968503937,0.9833333333333333,,1.6693858318033252,53783945.61191013,0.0,80348198.38808987,80348198.38808987,0,False
2024-03-01,2024-02-29,2024-02-29,0.06828402841429881,0.9333333333333333,,1.6659973360900115,54090055.93770784,0.0,81216625.06229216,81216625.06229216,0,False
2024-03-04,2024-03-01,2024-02-29,0.06828402841429881,0.9333333333333333,,1.6660015294137682,56874507.57940581,0.0,85396962.42059419,85396962.42059419,0,False
2024-03-05,2024-03-04,2024-02-29,0.06828402841429881,0.9333333333333333,,1.665997799183335,57192849.62900068,0.0,85875433.37099932,85875433.37099932,0,False
2024-03-06,2024-03-05,2024-02-29,0.06828402841429881,0.9333333333333333,,1.666412922843687,57198333.87485551,0.0,85830169.12514448,85830169.12514448,0,False
2024-03-07,2024-03-06,2024-02-29,0.06828402841429881,0.9333333333333333,,1.6659985546132965,58997549.93533694,0.0,88585102.06466305,88585102.06466305,0,False
2024-03-08,2024-03-07,2024-02-29,0.06828402841429881,0.9333333333333333,,1.6660014367270422,61394754.2193358,0.0,92184116.7806642,92184116.7806642,0,False
2024-03-11,2024-03-08,2024-02-29,0.06828402841429881,0.9333333333333333,,1.6950134798807523,61412415.72397424,0.0,88361474.27602576,88361474.27602576,0,False
2024-03-12,2024-03-11,2024-02-29,0.06828402841429881,0.9333333333333333,,1.738630216818041,61418304.585756,0.0,83151627.414244,83151627.414244,0,False
2024-03-13,2024-03-12,2024-02-29,0.06828402841429881,0.9333333333333333,,1.6778647349827132,57207048.04142313,0.0,84393013.95857687,84393013.95857687,0,False
2024-03-14,2024-03-13,2024-02-29,0.06828402841429881,0.9333333333333333,,1.666022847606749,57199434.209919475,95.67033990938216,85881946.46042043,85881946.46042043,0,False
2024-03-15,2024-03-14,2024-02-29,0.06828402841429881,0.9333333333333333,,1.6660031477629378,56961265.43838952,142.23063695104645,85526807.79224744,85526807.79224744,0,False
2024-03-18,2024-03-15,2024-02-29,0.06828402841429881,0.9333333333333333,,1.6750974543608506,56977509.32520744,0.0,84398939.67479256,84398939.67479256,0,False
2024-03-19,2024-03-18,2024-02-29,0.06828402841429881,0.9333333333333333,,1.6778384209714796,56982972.92199205,0.0,84065717.07800795,84065717.07800795,0,False
2024-03-20,2024-03-19,2024-02-29,0.06828402841429881,0.9333333333333333,,1.6768574301116468,56988437.0426832,0.0,84195628.9573168,84195628.9573168,0,False
2024-03-21,2024-03-20,2024-02-29,0.06828402841429881,0.9333333333333333,,1.6711267079557854,56993901.687331125,0.0,84922714.31266887,84922714.31266887,0,False
2024-03-22,2024-03-21,2024-02-29,0.06828402841429881,0.9333333333333333,,1.6856672228160112,56999366.85598607,0.0,83129782.14401393,83129782.14401393,0,False
2024-03-25,2024-03-22,2024-02-29,0.06828402841429881,0.9333333333333333,,1.6659989683986818,57397653.937402725,0.0,86182797.06259727,86182797.06259727,0,False
2024-03-26,2024-03-25,2024-02-29,0.06828402841429881,0.9333333333333333,,1.6743712005062779,57403157.822026856,0.0,85121010.17797315,85121010.17797315,0,False
2024-03-27,2024-03-26,2024-02-29,0.06828402841429881,0.9333333333333333,,1.6901490687742178,57408662.23442075,0.0,83182988.76557925,83182988.76557925,0,False
2024-03-28,2024-03-27,2024-02-29,0.06828402841429881,0.9333333333333333,,1.6783711876377858,57414167.17463501,0.0,84635326.82536499,84635326.82536499,0,False
2024-03-29,2024-03-28,2024-02-29,0.06828402841429881,0.9333333333333333,,1.6660012412069605,59463323.25093024,0.0,89284102.74906975,89284102.74906975,0,False
2024-04-01,2024-03-29,2024-03-29,0.06630506601248884,0.8833333333333333,,1.6660013161831755,61116830.936350785,0.0,91766832.0636492,91766832.0636492,0,False
2024-04-02,2024-04-01,2024-03-29,0.06630506601248884,0.8833333333333333,,1.6659993467153498,61529300.01642578,0.0,92386426.98357421,92386426.98357421,0,False
2024-04-03,2024-04-02,2024-03-29,0.06630506601248884,0.8833333333333333,,1.6660002996411882,65808733.01807036,0.0,98811866.98192963,98811866.98192963,0,False
2024-04-08,2024-04-03,2024-03-29,0.06630506601248884,0.8833333333333333,,1.6703538062081298,65840285.1503393,0.0,98217216.8496607,98217216.8496607,0,False
2024-04-09,2024-04-08,2024-03-29,0.06630506601248884,0.8833333333333333,,1.6796497694982704,65846598.60234001,0.0,96883132.39765999,96883132.39765999,0,False
2024-04-10,2024-04-09,2024-03-29,0.06630506601248884,0.8833333333333333,,1.6659998830154592,66702048.872520246,0.0,100153244.12747976,100153244.12747976,0,False
2024-04-11,2024-04-10,2024-03-29,0.06630506601248884,0.8833333333333333,,1.6660009745344828,69135372.81225842,0.0,103806714.18774158,103806714.18774158,0,False
2024-04-12,2024-04-11,2024-03-29,0.06630506601248884,0.8833333333333333,,1.6659976527208296,70019037.50840919,0.0,105134060.49159081,105134060.49159081,0,False
2024-04-15,2024-04-12,2024-03-29,0.06630506601248884,0.8833333333333333,,1.6660007109574255,74625822.33208407,0.0,112050664.66791593,112050664.66791593,0,False
2024-04-16,2024-04-15,2024-03-29,0.06630506601248884,0.8833333333333333,,1.6872172905485536,74632978.23285565,0.0,108601717.76714435,108601717.76714435,0,False
2024-04-17,2024-04-16,2024-03-29,0.06630506601248884,0.8833333333333333,,1.665999021162548,74737888.40673947,0.0,112219216.59326053,112219216.59326053,0,False
2024-04-18,2024-04-17,2024-03-29,0.06630506601248884,0.8833333333333333,,1.6905897142183965,74745055.053573,0.0,108233663.946427,108233663.946427,0,False
2024-04-19,2024-04-18,2024-03-29,0.06630506601248884,0.8833333333333333,,1.6908158222541574,74752222.38761923,0.0,108208613.61238077,108208613.61238077,0,False
2024-04-22,2024-04-19,2024-03-29,0.06630506601248884,0.8833333333333333,,1.7151879211533199,74773726.45159374,0.0,104551159.54840626,104551159.54840626,0,False
2024-04-23,2024-04-22,2024-03-29,0.06630506601248884,0.8833333333333333,,1.6990105320482956,69792581.26455212,0.0,99844820.73544788,99844820.73544788,0,False
2024-04-24,2024-04-23,2024-03-29,0.06630506601248884,0.8833333333333333,,1.666019077298311,65475968.68723493,166.68248346918278,98309198.99524853,98309198.99524853,0,False
2024-04-25,2024-04-24,2024-03-29,0.06630506601248884,0.8833333333333333,,1.6660009751120355,67098433.24419681,0.0,100748250.7558032,100748250.7558032,0,False
2024-04-26,2024-04-25,2024-03-29,0.06630506601248884,0.8833333333333333,,1.666000703456157,68027683.6875853,0.0,102143561.3124147,102143561.3124147,0,False
2024-04-29,2024-04-26,2024-03-29,0.06630506601248884,0.8833333333333333,,1.6660012077834945,69756960.30566145,0.0,104739990.69433855,104739990.69433855,0,False
2024-04-30,2024-04-29,2024-03-29,0.06630506601248884,0.8833333333333333,,1.665999460183482,70850352.74504241,0.0,106381997.25495759,106381997.25495759,0,False
2024-05-06,2024-04-30,2024-04-30,0.06295652278589853,0.7333333333333333,,1.6660007226808815,72236937.92958024,0.0,108463753.07041976,108463753.07041976,0,False
2024-05-07,2024-05-06,2024-04-30,0.06295652278589853,0.7333333333333333,,1.6659994596966385,74065569.2863447,0.0,111209653.7136553,111209653.7136553,0,False
2024-05-08,2024-05-07,2024-04-30,0.06295652278589853,0.7333333333333333,,1.6767608706756663,74072671.46422148,0.0,109451764.53577852,109451764.53577852,0,False
2024-05-09,2024-05-08,2024-04-30,0.06295652278589853,0.7333333333333333,,1.666001298834911,76132527.131789,0.0,114312880.868211,114312880.868211,0,False
2024-05-10,2024-05-09,2024-04-30,0.06295652278589853,0.7333333333333333,,1.6660001097730253,76547307.219003,0.0,114935877.780997,114935877.780997,0,False
2024-05-13,2024-05-10,2024-04-30,0.06295652278589853,0.7333333333333333,,1.6689171156395939,76569327.6772441,0.0,114467586.3227559,114467586.3227559,0,False
2024-05-14,2024-05-13,2024-04-30,0.06295652278589853,0.7333333333333333,,1.6709648713263643,76576669.94154191,0.0,114129179.05845809,114129179.05845809,0,False
2024-05-15,2024-05-14,2024-04-30,0.06295652278589853,0.7333333333333333,,1.694936406281343,76584012.90989247,0.0,110202908.09010753,110202908.09010753,0,False
2024-05-16,2024-05-15,2024-04-30,0.06295652278589853,0.7333333333333333,,1.6767249258214956,74182716.58236328,0.0,109620192.41763672,109620192.41763672,0,False
2024-05-17,2024-05-16,2024-04-30,0.06295652278589853,0.7333333333333333,,1.6659997147415186,74681224.0004924,0.0,112134017.9995076,112134017.9995076,0,False
2024-05-20,2024-05-17,2024-04-30,0.06295652278589853,0.7333333333333333,,1.6660034513880309,80402709.53417337,0.0,120724163.46582663,120724163.46582663,0,False
2024-05-21,2024-05-20,2024-04-30,0.06295652278589853,0.7333333333333333,,1.6735894562216316,80410419.38303281,0.0,119376006.61696719,119376006.61696719,0,False
2024-05-22,2024-05-21,2024-04-30,0.06295652278589853,0.7333333333333333,,1.665998092802943,81205343.55516283,0.0,121930294.44483717,121930294.44483717,0,False
2024-05-23,2024-05-22,2024-04-30,0.06295652278589853,0.7333333333333333,,1.6902821021212397,81213130.3689284,0.0,117652087.6310716,117652087.6310716,0,False
2024-05-24,2024-05-23,2024-04-30,0.06295652278589853,0.7333333333333333,,1.6849216422150939,81220917.92937474,0.0,118584248.07062526,118584248.07062526,0,False
2024-05-27,2024-05-24,2024-04-30,0.06295652278589853,0.7333333333333333,,1.6660233124353243,81668676.62200087,0.0,122621348.37799913,122621348.37799913,0,False
2024-05-28,2024-05-27,2024-04-30,0.06295652278589853,0.7333333333333333,,1.6660176366914257,80268981.42593357,105.53310895073577,120520646.10717538,120520646.10717538,0,False
2024-05-29,2024-05-28,2024-04-30,0.06295652278589853,0.7333333333333333,,1.6660023012855854,83821661.8145308,0.0,125857916.1854692,125857916.1854692,0,False
2024-05-30,2024-05-29,2024-04-30,0.06295652278589853,0.7333333333333333,,1.694101224339351,83829699.50812946,0.0,120774458.49187054,120774458.49187054,0,False
2024-05-31,2024-05-30,2024-04-30,0.06295652278589853,0.7333333333333333,,1.6978448122579357,83837386.15453586,0.0,120137578.84546414,120137578.84546414,0,False
2024-06-03,2024-05-31,2024-05-31,0.06350442350907519,0.7333333333333333,,1.7137885871233516,83861503.75877209,0.0,117487874.24122791,117487874.24122791,0,False
2024-06-04,2024-06-03,2024-05-31,0.06350442350907519,0.7333333333333333,,1.7077642819245349,83869189.45694116,0.0,118498759.54305884,118498759.54305884,0,False
2024-06-05,2024-06-04,2024-05-31,0.06350442350907519,0.7333333333333333,,1.7302363449871279,83877231.70798497,0.0,114863129.29201503,114863129.29201503,0,False
2024-06-06,2024-06-05,2024-05-31,0.06350442350907519,0.7333333333333333,,1.6991310469895415,83884961.89238355,0.0,119984604.10761645,119984604.10761645,0,False
2024-06-07,2024-06-06,2024-05-31,0.06350442350907519,0.7333333333333333,,1.7043825310842349,83892618.85577267,0.0,119100936.14422733,119100936.14422733,0,False
2024-06-11,2024-06-07,2024-05-31,0.06350442350907519,0.7333333333333333,,1.7192764219898387,83924796.84656666,0.0,116679477.15343334,116679477.15343334,0,False
2024-06-12,2024-06-11,2024-05-31,0.06350442350907519,0.7333333333333333,,1.6978426503694082,83932844.42982592,0.0,120274741.57017408,120274741.57017408,0,False
2024-06-13,2024-06-12,2024-05-31,0.06350442350907519,0.7333333333333333,,1.712770608744907,83940892.78477125,0.0,117767051.21522875,117767051.21522875,0,False
2024-06-14,2024-06-13,2024-05-31,0.06350442350907519,0.7333333333333333,,1.7163703362277265,83922054.11147664,0.0,117148979.88852336,117148979.88852336,0,False
2024-06-17,2024-06-14,2024-05-31,0.06350442350907519,0.7333333333333333,,1.7497289834782181,83946196.07224844,0.0,111968721.92775156,111968721.92775156,0,False
2024-06-18,2024-06-17,2024-05-31,0.06350442350907519,0.7333333333333333,,1.7442462478747058,83954245.70748825,0.0,112804392.29251175,112804392.29251175,0,False
2024-06-19,2024-06-18,2024-05-31,0.06350442350907519,0.7333333333333333,,1.747843401886875,83962296.1146109,0.0,112272563.8853891,112272563.8853891,0,False
2024-06-20,2024-06-19,2024-05-31,0.06350442350907519,0.7333333333333333,,1.742267917722115,83970347.29369038,0.0,113126736.70630962,113126736.70630962,0,False
2024-06-21,2024-06-20,2024-05-31,0.06350442350907519,0.7333333333333333,,1.7362098673379014,83978399.24480073,0.0,114068559.75519927,114068559.75519927,0,False
2024-06-24,2024-06-21,2024-05-31,0.06350442350907519,0.7333333333333333,,1.7550573977819803,84002557.4144465,0.0,111253207.5855535,111253207.5855535,0,False
2024-06-25,2024-06-24,2024-05-31,0.06350442350907519,0.7333333333333333,,1.758495062863406,84010612.45419857,0.0,110759603.54580143,110759603.54580143,0,False
2024-06-26,2024-06-25,2024-05-31,0.06350442350907519,0.7333333333333333,,1.7660571009740016,84018668.26635171,0.0,109676769.73364829,109676769.73364829,0,False
2024-06-27,2024-06-26,2024-05-31,0.06350442350907519,0.7333333333333333,,1.7901583784517046,84026632.85098,0.0,106341507.14902,106341507.14902,0,False
2024-06-28,2024-06-27,2024-05-31,0.06350442350907519,0.7333333333333333,,1.7768503632424566,84034690.19933558,0.0,108173586.80066442,108173586.80066442,0,False
2024-07-01,2024-06-28,2024-06-28,0.06505001393728221,0.7833333333333333,,1.7289145080053827,84058864.56226963,0.0,115320608.43773037,115320608.43773037,0,False
2024-07-02,2024-07-01,2024-06-28,0.06505001393728221,0.7833333333333333,,1.7343047450855593,84066925.00133725,0.0,114485062.99866275,114485062.99866275,0,False
2024-07-03,2024-07-02,2024-06-28,0.06505001393728221,0.7833333333333333,,1.7550666925339484,84074986.21332367,0.0,111347761.78667633,111347761.78667633,0,False
2024-07-04,2024-07-03,2024-06-28,0.06505001393728221,0.7833333333333333,,1.761650266259408,84083048.19830303,0.0,110395875.80169697,110395875.80169697,0,False
2024-07-05,2024-07-04,2024-06-28,0.06505001393728221,0.7833333333333333,,1.7509897382932087,84091110.95634945,0.0,111973715.04365055,111973715.04365055,0,False
2024-07-08,2024-07-05,2024-06-28,0.06505001393728221,0.7833333333333333,,1.7465329604628976,84115301.54991223,0.0,112674598.45008777,112674598.45008777,0,False
2024-07-09,2024-07-08,2024-06-28,0.06505001393728221,0.7833333333333333,,1.730463225469925,83922855.40074578,0.0,114889911.59925422,114889911.59925422,0,False
2024-07-10,2024-07-09,2024-06-28,0.06505001393728221,0.7833333333333333,,1.6660831274370211,70766829.80063923,66.42490022524896,106243140.624261,106243140.624261,0,False
2024-07-11,2024-07-10,2024-06-28,0.06505001393728221,0.7833333333333333,,1.6660010336648727,72761199.80480084,0.0,109250881.19519916,109250881.19519916,0,False
2024-07-12,2024-07-11,2024-06-28,0.06505001393728221,0.7833333333333333,,1.680398281006482,72325711.58615199,0.0,106299080.41384801,106299080.41384801,0,False
2024-07-15,2024-07-12,2024-06-28,0.06505001393728221,0.7833333333333333,,1.6659989310595373,72665763.65073265,0.0,109107928.34926735,109107928.34926735,0,False
2024-07-16,2024-07-15,2024-06-28,0.06505001393728221,0.7833333333333333,,1.6885906544605993,72672670.32067177,0.0,105538275.67932823,105538275.67932823,0,False
2024-07-17,2024-07-16,2024-06-28,0.06505001393728221,0.7833333333333333,,1.7409343875706291,72679638.9328943,0.0,98091869.0671057,98091869.0671057,0,False
2024-07-18,2024-07-17,2024-06-28,0.06505001393728221,0.7833333333333333,,1.6892515097751033,67775585.76553993,0.0,98332154.23446007,98332154.23446007,0,False
2024-07-19,2024-07-18,2024-06-28,0.06505001393728221,0.7833333333333333,,1.6660196715153126,64122197.752988234,145.21581626404077,96276514.46282803,96276514.46282803,0,False
2024-07-22,2024-07-19,2024-06-28,0.06505001393728221,0.7833333333333333,,1.6861889479430667,64140498.64885433,0.0,93473523.35114567,93473523.35114567,0,False
2024-07-23,2024-07-22,2024-06-28,0.06505001393728221,0.7833333333333333,,1.721496605254625,64146649.107628874,0.0,88907762.89237112,88907762.89237112,0,False
2024-07-24,2024-07-23,2024-06-28,0.06505001393728221,0.7833333333333333,,1.7381578305335867,64152800.156173445,0.0,86909326.84382656,86909326.84382656,0,False
2024-07-25,2024-07-24,2024-06-28,0.06505001393728221,0.7833333333333333,,1.7695084448988276,64158951.794544585,0.0,83376540.20545542,83376540.20545542,0,False
2024-07-26,2024-07-25,2024-06-28,0.06505001393728221,0.7833333333333333,,1.7574684156318408,64165104.02279886,0.0,84709939.97720113,84709939.97720113,0,False
2024-07-29,2024-07-26,2024-06-28,0.06505001393728221,0.7833333333333333,,1.7648544056583253,64183562.47738076,0.0,83916052.52261925,83916052.52261925,0,False
2024-07-30,2024-07-29,2024-06-28,0.06505001393728221,0.7833333333333333,,1.8049629819273383,64189717.06556352,0.0,79742445.93443647,79742445.93443647,0,False
2024-07-31,2024-07-30,2024-06-28,0.06505001393728221,0.7833333333333333,,1.7540788826134899,64195872.24391227,0.0,85131507.75608772,85131507.75608772,0,False
2024-08-01,2024-07-31,2024-07-31,0.066845222614841,0.8833333333333333,,1.7756929014050078,64202028.012483604,0.0,82767326.9875164,82767326.9875164,0,False
2024-08-02,2024-08-01,2024-07-31,0.066845222614841,0.8833333333333333,,1.7974241449476274,64208184.37133411,0.0,80519488.6286659,80519488.6286659,0,False
2024-08-05,2024-08-02,2024-07-31,0.066845222614841,0.8833333333333333,,1.8301938818959282,64226655.21889299,0.0,77363440.78110701,77363440.78110701,0,False
2024-08-06,2024-08-05,2024-07-31,0.066845222614841,0.8833333333333333,,1.8299027716316696,64232813.939256445,0.0,77397999.06074356,77397999.06074356,0,False
2024-08-07,2024-08-06,2024-07-31,0.066845222614841,0.8833333333333333,,1.7782027245026208,64238973.25018213,0.0,82547864.74981788,82547864.74981788,0,False
2024-08-08,2024-08-07,2024-07-31,0.066845222614841,0.8833333333333333,,1.7861807572353412,64245133.15172667,0.0,81718017.84827334,81718017.84827334,0,False
2024-08-09,2024-08-08,2024-07-31,0.066845222614841,0.8833333333333333,,1.780117481824458,64251293.6439467,0.0,82361048.3560533,82361048.3560533,0,False
2024-08-12,2024-08-09,2024-07-31,0.066845222614841,0.8833333333333333,,1.7711088333990215,64269776.89280318,0.0,83347219.10719682,83347219.10719682,0,False
2024-08-13,2024-08-12,2024-07-31,0.066845222614841,0.8833333333333333,,1.7776724454788542,64275939.748121664,0.0,82651687.25187834,82651687.25187834,0,False
2024-08-14,2024-08-13,2024-07-31,0.066845222614841,0.8833333333333333,,1.7962756940448912,64282103.19439888,0.0,80728450.80560112,80728450.80560112,0,False
2024-08-15,2024-08-14,2024-07-31,0.066845222614841,0.8833333333333333,,1.7827595421349391,64288267.231691495,0.0,82130288.7683085,82130288.7683085,0,False
2024-08-16,2024-08-15,2024-07-31,0.066845222614841,0.8833333333333333,,1.7697451154674582,64294431.86005618,0.0,83526911.13994382,83526911.13994382,0,False
2024-08-19,2024-08-16,2024-07-31,0.066845222614841,0.8833333333333333,,1.7462986231483346,64312927.51853646,0.0,86175862.48146354,86175862.48146354,0,False
2024-08-20,2024-08-19,2024-07-31,0.066845222614841,0.8833333333333333,,1.796506148428777,64319094.51158619,0.0,80751535.48841381,80751535.48841381,0,False
2024-08-21,2024-08-20,2024-07-31,0.066845222614841,0.8833333333333333,,1.8062801752762272,64325262.09599141,0.0,79780284.9040086,79780284.9040086,0,False
2024-08-22,2024-08-21,2024-07-31,0.066845222614841,0.8833333333333333,,1.8191435811208487,64331430.27180883,0.0,78534986.72819117,78534986.72819117,0,False
2024-08-23,2024-08-22,2024-07-31,0.066845222614841,0.8833333333333333,,1.8153910289467141,64337599.03909517,0.0,78903981.96090484,78903981.96090484,0,False
2024-08-26,2024-08-23,2024-07-31,0.066845222614841,0.8833333333333333,,1.808497485992809,64356107.11553107,0.0,79599637.88446893,79599637.88446893,0,False
2024-08-27,2024-08-26,2024-07-31,0.066845222614841,0.8833333333333333,,1.8292447208014957,64362278.2490901,0.0,77615541.7509099,77615541.7509099,0,False
2024-08-28,2024-08-27,2024-07-31,0.066845222614841,0.8833333333333333,,1.8399946186968015,64368449.97440165,0.0,76629598.02559835,76629598.02559835,0,False
2024-08-29,2024-08-28,2024-07-31,0.066845222614841,0.8833333333333333,,1.8568698965620438,64374622.29152249,0.0,75127650.70847751,75127650.70847751,0,False
2024-08-30,2024-08-29,2024-07-31,0.066845222614841,0.8833333333333333,,1.8563260219832947,64380795.20050935,0.0,75182574.79949066,75182574.79949066,0,False
2024-09-02,2024-08-30,2024-08-30,0.07037703130755064,0.95,,1.8721518210956127,64399315.703238264,0.0,73839570.29676174,73839570.29676174,0,False
2024-09-03,2024-09-02,2024-08-30,0.07037703130755064,0.95,,1.8831136500265995,64405033.21621652,0.0,72929495.78378348,72929495.78378348,0,False
2024-09-04,2024-09-03,2024-08-30,0.07037703130755064,0.95,,1.9303583726299647,64411209.041319445,0.0,69232685.95868056,69232685.95868056,0,False
2024-09-05,2024-09-04,2024-08-30,0.07037703130755064,0.95,,1.9546403806808412,64417385.45862478,0.0,67478169.54137522,67478169.54137522,0,False
2024-09-06,2024-09-05,2024-08-30,0.07037703130755064,0.95,,1.9940204219563702,64423562.46818931,0.0,64811105.53181069,64811105.53181069,0,False
2024-09-09,2024-09-06,2024-08-30,0.07037703130755064,0.95,,2.029166754594135,64442095.27383084,0.0,62615795.72616916,62615795.72616916,0,False
2024-09-10,2024-09-09,2024-08-30,0.07037703130755064,0.95,,2.0251217592848474,64448274.6528297,0.0,62868897.3471703,62868897.3471703,0,False
2024-09-11,2024-09-10,2024-08-30,0.07037703130755064,0.95,,2.0823134103557703,64454454.62437175,0.0,59552486.37562825,59552486.37562825,0,False
2024-09-12,2024-09-11,2024-08-30,0.07037703130755064,0.95,,2.0495649198411456,64460635.188513815,0.0,61416529.811486185,61416529.811486185,0,False
2024-09-13,2024-09-12,2024-08-30,0.07037703130755064,0.95,,2.0454618803834275,64466816.345312715,0.0,61663478.654687285,61663478.654687285,0,False
2024-09-18,2024-09-13,2024-08-30,0.07037703130755064,0.95,,1.9926861107398386,64497725.09287553,0.0,64972929.90712447,64972929.90712447,0,False
2024-09-19,2024-09-18,2024-08-30,0.07037703130755064,0.95,,1.935893167014196,64503909.8062406,0.0,68922300.1937594,68922300.1937594,0,False
2024-09-20,2024-09-19,2024-08-30,0.07037703130755064,0.95,,1.9236966577311363,64510095.11266038,0.0,69839047.88733962,69839047.88733962,0,False
2024-09-23,2024-09-20,2024-08-30,0.07037703130755064,0.95,,1.929341638157841,64528652.811254434,0.0,69434802.18874556,69434802.18874556,0,False
2024-09-24,2024-09-23,2024-08-30,0.07037703130755064,0.95,,1.817410799645644,64533652.230291136,0.0,78948861.76970887,78948861.76970887,0,False
2024-09-25,2024-09-24,2024-08-30,0.07037703130755064,0.95,,1.8133991020968252,64539840.38872418,0.0,79345846.61127582,79345846.61127582,0,False
2024-09-26,2024-09-25,2024-08-30,0.07037703130755064,0.95,,1.7479502641882396,64546029.140542276,0.0,86297220.85945773,86297220.85945773,0,False
2024-09-27,2024-09-26,2024-08-30,0.07037703130755064,0.95,,1.711344110856981,64552218.48580233,0.0,90746823.51419768,90746823.51419768,0,False
2024-09-30,2024-09-27,2024-08-30,0.07037703130755064,0.95,,1.6660014694266263,68269849.15401907,0.0,102507054.84598093,102507054.84598093,0,False
2024-10-08,2024-09-30,2024-09-30,0.057533383399209485,0.4666666666666667,,1.6734486376107938,68322220.54515092,0.0,101451271.45484908,101451271.45484908,0,False
2024-10-09,2024-10-08,2024-09-30,0.057533383399209485,0.4666666666666667,,1.776250986891264,68328771.99095662,0.0,88024071.00904338,88024071.00904338,0,False
2024-10-10,2024-10-09,2024-09-30,0.057533383399209485,0.4666666666666667,,1.7193248790803486,68326172.86498314,0.0,94986528.13501686,94986528.13501686,0,False
2024-10-11,2024-10-10,2024-09-30,0.057533383399209485,0.4666666666666667,,1.7340795758666463,68332724.68977842,0.0,93086263.31022158,93086263.31022158,0,False
2024-10-14,2024-10-11,2024-09-30,0.057533383399209485,0.4666666666666667,,1.6971896797598942,68352382.04893576,0.0,98039864.95106424,98039864.95106424,0,False
2024-10-15,2024-10-14,2024-09-30,0.057533383399209485,0.4666666666666667,,1.7369119228984258,68358936.38694045,0.0,92764052.61305955,92764052.61305955,0,False
2024-10-16,2024-10-15,2024-09-30,0.057533383399209485,0.4666666666666667,,1.7221986890072611,68365491.35344331,0.0,94662995.64655669,94662995.64655669,0,False
2024-10-17,2024-10-16,2024-09-30,0.057533383399209485,0.4666666666666667,,1.7369230248209462,68372046.9485046,0.0,92780446.0514954,92780446.0514954,0,False
2024-10-18,2024-10-17,2024-09-30,0.057533383399209485,0.4666666666666667,,1.7235429693930697,68083500.78618458,0.0,94097384.21381542,94097384.21381542,0,False
2024-10-21,2024-10-18,2024-09-30,0.057533383399209485,0.4666666666666667,,1.7229535564337408,68103086.45079431,0.0,94201191.54920569,94201191.54920569,0,False
2024-10-22,2024-10-21,2024-09-30,0.057533383399209485,0.4666666666666667,,1.7272493304398753,68109616.88374165,0.0,93653736.11625835,93653736.11625835,0,False
2024-10-23,2024-10-22,2024-09-30,0.057533383399209485,0.4666666666666667,,1.7204989655407374,67959587.94289488,0.0,94322950.05710512,94322950.05710512,0,False
2024-10-24,2024-10-23,2024-09-30,0.057533383399209485,0.4666666666666667,,1.7005848579553597,67966104.61571132,0.0,97013379.38428868,97013379.38428868,0,False
2024-10-25,2024-10-24,2024-09-30,0.057533383399209485,0.4666666666666667,,1.7043251694908594,67972621.9134142,0.0,96507444.0865858,96507444.0865858,0,False
2024-10-28,2024-10-25,2024-09-30,0.057533383399209485,0.4666666666666667,,1.666020943686737,65571232.67621299,127.11426110568937,98452017.4380481,98452017.4380481,0,False
2024-10-29,2024-10-28,2024-09-30,0.057533383399209485,0.4666666666666667,,1.6661599350338132,63110275.07520943,298.0084091474239,94736974.9331997,94736974.9331997,0,False
2024-10-30,2024-10-29,2024-09-30,0.057533383399209485,0.4666666666666667,,1.6660237610343402,63620252.82913298,0.0,95522497.17086703,95522497.17086703,0,False
2024-10-31,2024-10-30,2024-09-30,0.057533383399209485,0.4666666666666667,,1.6660182822055427,63080930.3247195,84.73674742903017,94713384.41202791,94713384.41202791,0,False
2024-11-01,2024-10-31,2024-10-31,0.06436090987124463,0.6833333333333333,,1.6660018804290433,66096206.26286458,0.0,99243272.73713541,99243272.73713541,0,False
2024-11-04,2024-11-01,2024-10-31,0.06436090987124463,0.6833333333333333,,1.6660010065618582,68559094.7988687,0.0,102941428.2011313,102941428.2011313,0,False
2024-11-05,2024-11-04,2024-10-31,0.06436090987124463,0.6833333333333333,,1.6660247569833126,69928225.01959392,0.0,104993431.98040608,104993431.98040608,0,False
2024-11-06,2024-11-05,2024-10-31,0.06436090987124463,0.6833333333333333,,1.6660233193345737,70718464.36538869,0.0,106180162.63461131,106180162.63461131,0,False
2024-11-07,2024-11-06,2024-10-31,0.06436090987124463,0.6833333333333333,,1.6660011160687322,73091174.56088907,0.0,109746324.43911093,109746324.43911093,0,False
2024-11-08,2024-11-07,2024-10-31,0.06436090987124463,0.6833333333333333,,1.6842448082400703,73098183.30365518,0.0,106830453.69634482,106830453.69634482,0,False
2024-11-11,2024-11-08,2024-10-31,0.06436090987124463,0.6833333333333333,,1.6928443748253585,73119211.54816718,0.0,105534827.45183282,105534827.45183282,0,False
2024-11-12,2024-11-11,2024-10-31,0.06436090987124463,0.6833333333333333,,1.6993244422945548,73123591.43193153,0.0,104563185.56806847,104563185.56806847,0,False
2024-11-13,2024-11-12,2024-10-31,0.06436090987124463,0.6833333333333333,,1.6928292118399362,73129891.65138473,0.0,105552552.34861527,105552552.34861527,0,False
2024-11-14,2024-11-13,2024-10-31,0.06436090987124463,0.6833333333333333,,1.7295179193067114,73136904.10674855,0.0,100253745.89325145,100253745.89325145,0,False
2024-11-15,2024-11-14,2024-10-31,0.06436090987124463,0.6833333333333333,,1.7449259769636114,73143917.23453961,0.0,98189510.76546039,98189510.76546039,0,False
2024-11-18,2024-11-15,2024-10-31,0.06436090987124463,0.6833333333333333,,1.7702632581031117,73164958.63538791,0.0,94986951.36461209,94986951.36461209,0,False
2024-11-19,2024-11-18,2024-10-31,0.06436090987124463,0.6833333333333333,,1.755700435211884,73171974.45333925,0.0,96826693.54666075,96826693.54666075,0,False
2024-11-20,2024-11-19,2024-10-31,0.06436090987124463,0.6833333333333333,,1.745885291231765,73178990.94404025,0.0,98110248.05595975,98110248.05595975,0,False
2024-11-21,2024-11-20,2024-10-31,0.06436090987124463,0.6833333333333333,,1.7400717023177446,73185948.10755543,0.0,98890347.89244457,98890347.89244457,0,False
2024-11-22,2024-11-21,2024-10-31,0.06436090987124463,0.6833333333333333,,1.7978777669929824,73192965.93819588,0.0,91734560.06180412,91734560.06180412,0,False
2024-11-25,2024-11-22,2024-10-31,0.06436090987124463,0.6833333333333333,,1.7958102766237225,73214021.44894522,0.0,91999341.55105478,91999341.55105478,0,False
2024-11-26,2024-11-25,2024-10-31,0.06436090987124463,0.6833333333333333,,1.8108576519170188,73221041.97154991,0.0,90300735.02845009,90300735.02845009,0,False
2024-11-27,2024-11-26,2024-10-31,0.06436090987124463,0.6833333333333333,,1.7877319101014653,73228063.1673554,0.0,92960640.8326446,92960640.8326446,0,False
2024-11-28,2024-11-27,2024-10-31,0.06436090987124463,0.6833333333333333,,1.822441022078208,73015285.03642625,0.0,88778748.96357375,88778748.96357375,0,False
2024-11-29,2024-11-28,2024-10-31,0.06436090987124463,0.6833333333333333,,1.80809273785385,73022286.50211467,0.0,90363745.49788533,90363745.49788533,0,False
2024-12-02,2024-11-29,2024-11-29,0.0649003829787234,0.7333333333333333,,1.8053061199853384,73043292.9133002,0.0,90702518.0866998,90702518.0866998,0,False
2024-12-03,2024-12-02,2024-11-29,0.0649003829787234,0.7333333333333333,,1.7947611939572914,73050297.06467545,0.0,91914775.93532455,91914775.93532455,0,False
2024-12-04,2024-12-03,2024-11-29,0.0649003829787234,0.7333333333333333,,1.7799217393405509,73057301.88768165,0.0,93672606.11231835,93672606.11231835,0,False
2024-12-05,2024-12-04,2024-11-29,0.0649003829787234,0.7333333333333333,,1.782763837453973,73064307.38238321,0.0,93341444.61761679,93341444.61761679,0,False
2024-12-06,2024-12-05,2024-11-29,0.0649003829787234,0.7333333333333333,,1.7726484325152572,73071313.54884453,0.0,94572525.45115547,94572525.45115547,0,False
2024-12-09,2024-12-06,2024-11-29,0.0649003829787234,0.7333333333333333,,1.777579569368225,73092334.06370105,0.0,93999812.93629895,93999812.93629895,0,False
2024-12-10,2024-12-09,2024-11-29,0.0649003829787234,0.7333333333333333,,1.7631707022749115,72079822.91765237,0.0,94447838.08234763,94447838.08234763,0,False
2024-12-11,2024-12-10,2024-11-29,0.0649003829787234,0.7333333333333333,,1.7316500220515718,72086734.68149379,0.0,98526252.31850621,98526252.31850621,0,False
2024-12-12,2024-12-11,2024-11-29,0.0649003829787234,0.7333333333333333,,1.725400722902907,72093572.10810709,0.0,99384477.89189291,99384477.89189291,0,False
2024-12-13,2024-12-12,2024-11-29,0.0649003829787234,0.7333333333333333,,1.759115111628834,72100485.19036403,0.0,94979646.80963597,94979646.80963597,0,False
2024-12-16,2024-12-13,2024-11-29,0.0649003829787234,0.7333333333333333,,1.7608602868370091,72120249.92664975,0.0,94787770.07335025,94787770.07335025,0,False
2024-12-17,2024-12-16,2024-11-29,0.0649003829787234,0.7333333333333333,,1.7720997345081722,72127165.56705368,0.0,93416902.43294632,93416902.43294632,0,False
2024-12-18,2024-12-17,2024-11-29,0.0649003829787234,0.7333333333333333,,1.7787623116113476,72134081.8706012,0.0,92626570.1293988,92626570.1293988,0,False
2024-12-19,2024-12-18,2024-11-29,0.0649003829787234,0.7333333333333333,,1.7968450883984197,72140998.83735593,0.0,90533279.16264407,90533279.16264407,0,False
2024-12-20,2024-12-19,2024-11-29,0.0649003829787234,0.7333333333333333,,1.8178612085122208,72147916.46738143,0.0,88215354.53261857,88215354.53261857,0,False
2024-12-23,2024-12-20,2024-11-29,0.0649003829787234,0.7333333333333333,,1.8215270180633947,72168671.34746109,0.0,87846984.65253891,87846984.65253891,0,False
2024-12-24,2024-12-23,2024-11-29,0.0649003829787234,0.7333333333333333,,1.8195666436055178,72175591.63101496,0.0,88065555.36898504,88065555.36898504,0,False
2024-12-25,2024-12-24,2024-11-29,0.0649003829787234,0.7333333333333333,,1.814716388218146,72182512.57815766,0.0,88598331.42184234,88598331.42184234,0,False
2024-12-26,2024-12-25,2024-11-29,0.0649003829787234,0.7333333333333333,,1.8134612237513859,72189434.18895283,0.0,88743546.81104717,88743546.81104717,0,False
2024-12-27,2024-12-26,2024-11-29,0.0649003829787234,0.7333333333333333,,1.82257811547756,72196356.4634641,0.0,87768389.5365359,87768389.5365359,0,False
2024-12-30,2024-12-27,2024-11-29,0.0649003829787234,0.7333333333333333,,1.7831559621564947,72217125.27833715,0.0,92212954.72166285,92212954.72166285,0,False
2024-12-31,2024-12-30,2024-11-29,0.0649003829787234,0.7333333333333333,,1.8067891146737622,72224050.20815836,0.0,89520357.79184164,89520357.79184164,0,False
2025-01-02,2024-12-31,2024-12-31,0.06528245447087777,0.7666666666666667,,1.8267357078536597,72237901.39586951,0.0,87377260.60413049,87377260.60413049,0,False
2025-01-03,2025-01-02,2024-12-31,0.06528245447087777,0.7666666666666667,,1.7991107696359816,72244828.31792116,0.0,90406525.68207884,90406525.68207884,0,False
2025-01-06,2025-01-03,2024-12-31,0.06528245447087777,0.7666666666666667,,1.7967963900043529,72265611.07675235,0.0,90695203.92324765,90695203.92324765,0,False
2025-01-07,2025-01-06,2024-12-31,0.06528245447087777,0.7666666666666667,,1.7978363155012633,72272540.6558967,0.0,90585674.3441033,90585674.3441033,0,False
2025-01-08,2025-01-07,2024-12-31,0.06528245447087777,0.7666666666666667,,1.8204647055882166,72279470.89952123,0.0,88095771.10047877,88095771.10047877,0,False
2025-01-09,2025-01-08,2024-12-31,0.06528245447087777,0.7666666666666667,,1.8301200607901036,72286401.80768968,0.0,87079454.19231032,87079454.19231032,0,False
2025-01-10,2025-01-09,2024-12-31,0.06528245447087777,0.7666666666666667,,1.8315186653567657,72293333.38046576,0.0,86941323.61953424,86941323.61953424,0,False
2025-01-13,2025-01-10,2024-12-31,0.06528245447087777,0.7666666666666667,,1.7978489755707203,72314130.09280808,0.0,90636363.90719192,90636363.90719192,0,False
2025-01-14,2025-01-13,2024-12-31,0.06528245447087777,0.7666666666666667,,1.7814747289252837,72321064.32446082,0.0,92544341.67553918,92544341.67553918,0,False
2025-01-15,2025-01-14,2024-12-31,0.06528245447087777,0.7666666666666667,,1.7860381525497804,72327999.22103988,0.0,92015888.77896012,92015888.77896012,0,False
2025-01-16,2025-01-15,2024-12-31,0.06528245447087777,0.7666666666666667,,1.7383738662563808,72334934.78260902,0.0,97965188.21739098,97965188.21739098,0,False
2025-01-17,2025-01-16,2024-12-31,0.06528245447087777,0.7666666666666667,,1.7402027785563086,72341871.009232,0.0,97732503.990768,97732503.990768,0,False
2025-01-20,2025-01-17,2024-12-31,0.06528245447087777,0.7666666666666667,,1.7666792025304159,72355577.68445383,0.0,94375297.31554617,94375297.31554617,0,False
2025-01-21,2025-01-20,2024-12-31,0.06528245447087777,0.7666666666666667,,1.7776204050882065,72362515.89053316,0.0,93056349.10946684,93056349.10946684,0,False
2025-01-22,2025-01-21,2024-12-31,0.06528245447087777,0.7666666666666667,,1.7911006655863582,72369454.76191993,0.0,91479451.23808007,91479451.23808007,0,False
2025-01-23,2025-01-22,2024-12-31,0.06528245447087777,0.7666666666666667,,1.805113758676249,72376394.29867792,0.0,89895860.70132208,89895860.70132208,0,False
2025-01-24,2025-01-23,2024-12-31,0.06528245447087777,0.7666666666666667,,1.79439530545156,72383334.50087094,0.0,91117525.49912906,91117525.49912906,0,False
2025-01-27,2025-01-24,2024-12-31,0.06528245447087777,0.7666666666666667,,1.7670406917750199,72404157.10394654,0.0,94394153.89605346,94394153.89605346,0,False
2025-02-05,2025-01-27,2025-01-27,0.06887987563884157,0.9333333333333333,,1.8086894294333393,72466642.883365,0.0,89609979.116635,89609979.116635,0,False
2025-02-06,2025-02-05,2025-01-27,0.06887987563884157,0.9333333333333333,,1.8217619577049653,72473591.7395319,0.0,88192926.2604681,88192926.2604681,0,False
2025-02-07,2025-02-06,2025-01-27,0.06887987563884157,0.9333333333333333,,1.8044106218832876,72480541.26202747,0.0,90103908.73797253,90103908.73797253,0,False
2025-02-10,2025-02-07,2025-01-27,0.06887987563884157,0.9333333333333333,,1.806477983924451,72501391.82869188,0.0,89898786.17130812,89898786.17130812,0,False
2025-02-11,2025-02-10,2025-01-27,0.06887987563884157,0.9333333333333333,,1.7946042740934869,72508344.01694943,0.0,91250885.98305057,91250885.98305057,0,False
2025-02-12,2025-02-11,2025-01-27,0.06887987563884157,0.9333333333333333,,1.7963992595884004,72515296.87185517,0.0,91053948.12814483,91053948.12814483,0,False
2025-02-13,2025-02-12,2025-01-27,0.06887987563884157,0.9333333333333333,,1.8189093849409221,72522250.39347301,0.0,88559554.60652699,88559554.60652699,0,False
2025-02-14,2025-02-13,2025-01-27,0.06887987563884157,0.9333333333333333,,1.8184414778149252,72529204.5818669,0.0,88618681.4181331,88618681.4181331,0,False
2025-02-17,2025-02-14,2025-01-27,0.06887987563884157,0.9333333333333333,,1.845689067346261,72550069.14756854,0.0,85788112.85243146,85788112.85243146,0,False
2025-02-18,2025-02-17,2025-01-27,0.06887987563884157,0.9333333333333333,,1.8599289672229922,72557026.0035142,0.0,84375603.9964858,84375603.9964858,0,False
2025-02-19,2025-02-18,2025-01-27,0.06887987563884157,0.9333333333333333,,1.8684977804178269,72563983.52655563,0.0,83551144.47344437,83551144.47344437,0,False
2025-02-20,2025-02-19,2025-01-27,0.06887987563884157,0.9333333333333333,,1.8588833287935989,72570941.7167568,0.0,84494528.2832432,84494528.2832432,0,False
2025-02-21,2025-02-20,2025-01-27,0.06887987563884157,0.9333333333333333,,1.8502969460628989,72577900.5741817,0.0,85355946.4258183,85355946.4258183,0,False
2025-02-24,2025-02-21,2025-01-27,0.06887987563884157,0.9333333333333333,,1.8482365225350263,72598779.14831948,0.0,85587895.85168052,85587895.85168052,0,False
2025-02-25,2025-02-24,2025-01-27,0.06887987563884157,0.9333333333333333,,1.8692038163778477,72605740.67508712,0.0,83531318.32491288,83531318.32491288,0,False
2025-02-26,2025-02-25,2025-01-27,0.06887987563884157,0.9333333333333333,,1.8524069487712014,72612702.86939843,0.0,85185489.13060157,85185489.13060157,0,False
2025-02-27,2025-02-26,2025-01-27,0.06887987563884157,0.9333333333333333,,1.8503813366929065,72619665.73131742,0.0,85396589.26868258,85396589.26868258,0,False
2025-02-28,2025-02-27,2025-01-27,0.06887987563884157,0.9333333333333333,,1.845365238261015,72626629.2609081,0.0,85911539.7390919,85911539.7390919,0,False
2025-03-03,2025-02-28,2025-02-28,0.06745036886632826,0.8666666666666667,,1.7961129005260519,72647521.85288726,0.0,91252788.14711274,91252788.14711274,0,False
2025-03-04,2025-03-03,2025-02-28,0.06745036886632826,0.8666666666666667,,1.8133485719642108,72654488.05361287,0.0,89327614.94638713,89327614.94638713,0,False
2025-03-05,2025-03-04,2025-02-28,0.06745036886632826,0.8666666666666667,,1.7897416983461818,72661454.92233035,0.0,92006608.07766965,92006608.07766965,0,False
2025-03-06,2025-03-05,2025-02-28,0.06745036886632826,0.8666666666666667,,1.7860817183809587,72668422.45910372,0.0,92443852.54089628,92443852.54089628,0,False
2025-03-07,2025-03-06,2025-02-28,0.06745036886632826,0.8666666666666667,,1.7415245390690128,72675390.66399705,0.0,98008072.33600295,98008072.33600295,0,False
2025-03-10,2025-03-07,2025-02-28,0.06745036886632826,0.8666666666666667,,1.7275741735775076,72696297.28322916,0.0,99915994.71677084,99915994.71677084,0,False
2025-03-11,2025-03-10,2025-02-28,0.06745036886632826,0.8666666666666667,,1.7349504981084507,72358365.89401084,0.0,98453387.10598916,98453387.10598916,0,False
2025-03-12,2025-03-11,2025-02-28,0.06745036886632826,0.8666666666666667,,1.7455313344001768,72365304.36745274,0.0,97065409.63254726,97065409.63254726,0,False
2025-03-13,2025-03-12,2025-02-28,0.06745036886632826,0.8666666666666667,,1.738154556182774,72372243.5062277,0.0,98044837.4937723,98044837.4937723,0,False
2025-03-14,2025-03-13,2025-02-28,0.06745036886632826,0.8666666666666667,,1.7522435834176413,72379183.31039953,0.0,96217747.68960047,96217747.68960047,0,False
2025-03-17,2025-03-14,2025-02-28,0.06745036886632826,0.8666666666666667,,1.7508102477020582,72400004.71929705,0.0,96429164.28070295,96429164.28070295,0,False
2025-03-18,2025-03-17,2025-02-28,0.06745036886632826,0.8666666666666667,,1.7190555273124395,67714993.274283,0.0,94172133.725717,94172133.725717,0,False
2025-03-19,2025-03-18,2025-02-28,0.06745036886632826,0.8666666666666667,,1.6943370488259923,65117586.21313615,0.0,93783827.78686385,93783827.78686385,0,False
2025-03-20,2025-03-19,2025-02-28,0.06745036886632826,0.8666666666666667,,1.6891673624810428,65123830.36523878,0.0,94496393.63476121,94496393.63476121,0,False
2025-03-21,2025-03-20,2025-02-28,0.06745036886632826,0.8666666666666667,,1.702956027573911,65130075.11609572,0.0,92651705.88390428,92651705.88390428,0,False
2025-03-24,2025-03-21,2025-02-28,0.06745036886632826,0.8666666666666667,,1.6767248369957195,65146093.557401724,0.0,96266739.44259828,96266739.44259828,0,False
2025-03-25,2025-03-24,2025-02-28,0.06745036886632826,0.8666666666666667,,1.6793630390036003,65152340.44308531,0.0,95902097.55691469,95902097.55691469,0,False
2025-03-26,2025-03-25,2025-02-28,0.06745036886632826,0.8666666666666667,,1.7023656132308482,65158587.92778534,0.0,92770185.07221466,92770185.07221466,0,False
2025-03-27,2025-03-26,2025-02-28,0.06745036886632826,0.8666666666666667,,1.7022914461513992,65164836.01155923,0.0,92788878.98844077,92788878.98844077,0,False
2025-03-28,2025-03-27,2025-02-28,0.06745036886632826,0.8666666666666667,,1.7144192159089493,65169460.52576445,0.0,91220195.47423555,91220195.47423555,0,False
2025-03-31,2025-03-28,2025-02-28,0.06745036886632826,0.8666666666666667,,1.713144297058798,65188207.90481981,0.0,91409562.09518018,91409562.09518018,0,False
2025-04-01,2025-03-31,2025-03-31,0.06676064346349747,0.8166666666666667,,1.7063229501100465,65194458.828865476,0.0,92301204.17113453,92301204.17113453,0,False
2025-04-02,2025-04-01,2025-03-31,0.06676064346349747,0.8166666666666667,,1.7115232361989907,65009577.014814824,0.0,91366765.98518518,91366765.98518518,0,False
2025-04-03,2025-04-02,2025-03-31,0.06676064346349747,0.8166666666666667,,1.7242186222081115,65015810.80987104,0.0,89773735.19012895,89773735.19012895,0,False
2025-04-07,2025-04-03,2025-03-31,0.06676064346349747,0.8166666666666667,,1.6661304543143247,49619410.00016037,48.338939785121966,74488955.33877942,74488955.33877942,0,False
2025-04-08,2025-04-07,2025-03-31,0.06676064346349747,0.8166666666666667,,1.666018166357996,50187957.66280703,0.0,75355238.33719297,75355238.33719297,0,False
2025-04-09,2025-04-08,2025-03-31,0.06676064346349747,0.8166666666666667,,1.6729730961411893,50192770.20669251,0.0,74583620.79330748,74583620.79330748,0,False
2025-04-10,2025-04-09,2025-03-31,0.06676064346349747,0.8166666666666667,,1.6659952201100456,52111853.758654796,0.0,78246588.2413452,78246588.2413452,0,False
2025-04-11,2025-04-10,2025-03-31,0.06676064346349747,0.8166666666666667,,1.6788282029507593,52116850.785727546,0.0,76774728.21427247,76774728.21427247,0,False
2025-04-14,2025-04-11,2025-03-31,0.06676064346349747,0.8166666666666667,,1.665999977734125,53262187.628646724,0.0,79973257.37135327,79973257.37135327,0,False
2025-04-15,2025-04-14,2025-03-31,0.06676064346349747,0.8166666666666667,,1.6760424989969809,53267294.961707,0.0,78792820.038293,78792820.038293,0,False
2025-04-16,2025-04-15,2025-03-31,0.06676064346349747,0.8166666666666667,,1.6881379619410315,53272402.78451155,0.0,77415294.21548845,77415294.21548845,0,False
2025-04-17,2025-04-16,2025-03-31,0.06676064346349747,0.8166666666666667,,1.687959737547024,53277511.09710733,0.0,77442774.90289268,77442774.90289268,0,False
2025-04-18,2025-04-17,2025-03-31,0.06676064346349747,0.8166666666666667,,1.6721565732184194,53100375.19954129,0.0,79000008.8004587,79000008.8004587,0,False
2025-04-21,2025-04-18,2025-03-31,0.06676064346349747,0.8166666666666667,,1.6773869776204344,53115650.64994116,0.0,78412565.35005884,78412565.35005884,0,False
2025-04-22,2025-04-21,2025-03-31,0.06676064346349747,0.8166666666666667,,1.6920967203101713,53120743.93151034,0.0,76753353.06848967,76753353.06848967,0,False
2025-04-23,2025-04-22,2025-03-31,0.06676064346349747,0.8166666666666667,,1.6692879601633752,53125837.70147637,0.0,79376652.29852363,79376652.29852363,0,False
2025-04-24,2025-04-23,2025-03-31,0.06676064346349747,0.8166666666666667,,1.6659985445722794,53182174.5518061,0.0,79853289.44819391,79853289.44819391,0,False
2025-04-25,2025-04-24,2025-03-31,0.06676064346349747,0.8166666666666667,,1.6659962371059558,54063196.55323956,0.0,81176429.44676045,81176429.44676045,0,False
2025-04-28,2025-04-25,2025-03-31,0.06676064346349747,0.8166666666666667,,1.6693334549006311,54078748.97964529,0.0,80794929.02035472,80794929.02035472,0,False
2025-04-29,2025-04-28,2025-03-31,0.06676064346349747,0.8166666666666667,,1.6836142252782977,54083934.61310909,0.0,79114700.38689092,79114700.38689092,0,False
2025-04-30,2025-04-29,2025-03-31,0.06676064346349747,0.8166666666666667,,1.6887170202949346,54089100.74382541,0.0,78536030.2561746,78536030.2561746,0,False
2025-05-06,2025-04-30,2025-04-30,0.07078920191470844,0.9666666666666667,,1.6912946956231005,54120220.500417754,0.0,78288204.49958225,78288204.49958225,0,False
2025-05-07,2025-05-06,2025-04-30,0.07078920191470844,0.9666666666666667,,1.6865981221330681,54125410.11060273,0.0,78831281.8893973,78831281.8893973,0,False
2025-05-08,2025-05-07,2025-04-30,0.07078920191470844,0.9666666666666667,,1.6937497032397948,54130600.218421556,0.0,78026123.78157845,78026123.78157845,0,False
2025-05-09,2025-05-08,2025-04-30,0.07078920191470844,0.9666666666666667,,1.6964105823647866,54135790.823921956,0.0,77735451.17607805,77735451.17607805,0,False
2025-05-12,2025-05-09,2025-04-30,0.07078920191470844,0.9666666666666667,,1.6822657656025872,54151364.13361103,0.0,79369897.86638898,79369897.86638898,0,False
2025-05-13,2025-05-12,2025-04-30,0.07078920191470844,0.9666666666666667,,1.6718085270215863,54156556.730171785,0.0,80613083.26982822,80613083.26982822,0,False
2025-05-14,2025-05-13,2025-04-30,0.07078920191470844,0.9666666666666667,,1.6659982714183195,54488881.80521276,0.0,81815350.19478723,81815350.19478723,0,False
2025-05-15,2025-05-14,2025-04-30,0.07078920191470844,0.9666666666666667,,1.6801057780905158,54494106.76648175,0.0,80125928.23351824,80125928.23351824,0,False
2025-05-16,2025-05-15,2025-04-30,0.07078920191470844,0.9666666666666667,,1.6660000795756191,53330499.29763623,35.778981804849536,80075761.48134556,80075761.48134556,0,False
2025-05-19,2025-05-16,2025-04-30,0.07078920191470844,0.9666666666666667,,1.666000013754077,54546535.194767304,0.0,81901702.8052327,81901702.8052327,0,False
2025-05-20,2025-05-19,2025-04-30,0.07078920191470844,0.9666666666666667,,1.6672543224496532,54551765.68444351,0.0,81755582.3155565,81755582.3155565,0,False
2025-05-21,2025-05-20,2025-04-30,0.07078920191470844,0.9666666666666667,,1.665998315247544,56393333.65052353,0.0,84674889.34947647,84674889.34947647,0,False
2025-05-22,2025-05-21,2025-04-30,0.07078920191470844,0.9666666666666667,,1.6659966439586422,56561519.13406262,0.0,84927633.86593738,84927633.86593738,0,False
2025-05-23,2025-05-22,2025-04-30,0.07078920191470844,0.9666666666666667,,1.683281743594827,56566942.84137684,0.0,82787142.15862316,82787142.15862316,0,False
2025-05-26,2025-05-23,2025-04-30,0.07078920191470844,0.9666666666666667,,1.6745028107479685,56583215.523564085,0.0,83888776.47643591,83888776.47643591,0,False
2025-05-27,2025-05-26,2025-04-30,0.07078920191470844,0.9666666666666667,,1.6887593051930447,56588641.31135402,0.0,82160256.68864599,82160256.68864599,0,False
2025-05-28,2025-05-27,2025-04-30,0.07078920191470844,0.9666666666666667,,1.6778317745256275,56594067.61942497,0.0,83492792.38057503,83492792.38057503,0,False
2025-05-29,2025-05-28,2025-04-30,0.07078920191470844,0.9666666666666667,,1.665999448364167,56967586.893596835,0.0,85536988.10640317,85536988.10640317,0,False
2025-05-30,2025-05-29,2025-04-30,0.07078920191470844,0.9666666666666667,,1.667120193933376,56973049.5389154,0.0,85401476.4610846,85401476.4610846,0,False
2025-06-03,2025-05-30,2025-05-30,0.06853949190110827,0.8833333333333333,,1.681130443069462,56994902.215450875,0.0,83676926.78454912,83676926.78454912,0,False
2025-06-04,2025-06-03,2025-05-30,0.06853949190110827,0.8833333333333333,,1.6747204545127274,57000367.480046876,0.0,84479975.51995313,84479975.51995313,0,False
2025-06-05,2025-06-04,2025-05-30,0.06853949190110827,0.8833333333333333,,1.6749521164566263,57005833.26870935,0.0,84459077.73129065,84459077.73129065,0,False
2025-06-06,2025-06-05,2025-05-30,0.06853949190110827,0.8833333333333333,,1.6685684564803631,57011299.581488535,0.0,85273690.41851147,85273690.41851147,0,False
2025-06-09,2025-06-06,2025-05-30,0.06853949190110827,0.8833333333333333,,1.66599803451077,57395990.59982704,0.0,86180420.40017295,86180420.40017295,0,False
2025-06-10,2025-06-09,2025-05-30,0.06853949190110827,0.8833333333333333,,1.66599884104053,58267649.51600306,0.0,87489115.48399694,87489115.48399694,0,False
2025-06-11,2025-06-10,2025-05-30,0.06853949190110827,0.8833333333333333,,1.6659998010185029,58574409.66366076,0.0,87949590.33633924,87949590.33633924,0,False
2025-06-12,2025-06-11,2025-05-30,0.06853949190110827,0.8833333333333333,,1.66695785437087,58445977.78787508,0.0,87630691.21212491,87630691.21212491,0,False
2025-06-13,2025-06-12,2025-05-30,0.06853949190110827,0.8833333333333333,,1.6809327238583058,58451582.19670405,0.0,85840465.80329594,85840465.80329594,0,False
2025-06-16,2025-06-13,2025-05-30,0.06853949190110827,0.8833333333333333,,1.6858742636754802,58467860.31183817,0.0,85245741.68816182,85245741.68816182,0,False
2025-06-17,2025-06-16,2025-05-30,0.06853949190110827,0.8833333333333333,,1.6880671783743206,58473466.81899136,0.0,84982206.18100864,84982206.18100864,0,False
2025-06-18,2025-06-17,2025-05-30,0.06853949190110827,0.8833333333333333,,1.6909675554001151,58479073.86375483,0.0,84633603.13624516,84633603.13624516,0,False
2025-06-19,2025-06-18,2025-05-30,0.06853949190110827,0.8833333333333333,,1.6982044421266018,58484681.44618012,0.0,83764407.55381988,83764407.55381988,0,False
2025-06-20,2025-06-19,2025-05-30,0.06853949190110827,0.8833333333333333,,1.6982709274157446,58490289.566318795,0.0,83764463.4336812,83764463.4336812,0,False
2025-06-23,2025-06-20,2025-05-30,0.06853949190110827,0.8833333333333333,,1.6907174851305569,58497189.902029656,0.0,84690472.09797034,84690472.09797034,0,False
2025-06-24,2025-06-23,2025-05-30,0.06853949190110827,0.8833333333333333,,1.6801846336476414,58502799.2216093,0.0,86010174.7783907,86010174.7783907,0,False
2025-06-25,2025-06-24,2025-05-30,0.06853949190110827,0.8833333333333333,,1.6660226135280967,57154689.37934012,19.796001213555314,85814908.41666111,85814908.41666111,0,False
2025-06-26,2025-06-25,2025-05-30,0.06853949190110827,0.8833333333333333,,1.6660160063727782,57400973.480471715,0.0,86185576.51952828,86185576.51952828,0,False
2025-06-27,2025-06-26,2025-05-30,0.06853949190110827,0.8833333333333333,,1.6659968750047989,58771249.9262482,0.0,88245534.0737518,88245534.0737518,0,False
2025-06-30,2025-06-27,2025-05-30,0.06853949190110827,0.8833333333333333,,1.674850849589471,58788156.72417219,0.0,87112814.27582781,87112814.27582781,0,False
2025-07-01,2025-06-30,2025-06-30,0.06456827714748785,0.6,,1.6659976012284532,59143804.65395999,0.0,88804831.34604001,88804831.34604001,0,False
2025-07-02,2025-07-01,2025-06-30,0.06456827714748785,0.6,,1.6660011253309948,61278286.81086393,0.0,92009284.18913607,92009284.18913607,0,False
2025-07-03,2025-07-02,2025-06-30,0.06456827714748785,0.6,,1.674089351619097,61284162.81096908,0.0,90914005.18903092,90914005.18903092,0,False
2025-07-04,2025-07-03,2025-06-30,0.06456827714748785,0.6,,1.6786636956449161,61290039.37452629,0.0,90309883.62547371,90309883.62547371,0,False
2025-07-07,2025-07-04,2025-06-30,0.06456827714748785,0.6,,1.686955361442721,61307670.75571623,0.0,89245494.24428377,89245494.24428377,0,False
2025-07-08,2025-07-07,2025-06-30,0.06456827714748785,0.6,,1.681045502424333,61313549.57345992,0.0,90028565.42654008,90028565.42654008,0,False
2025-07-09,2025-07-08,2025-06-30,0.06456827714748785,0.6,,1.6816166145197227,61319428.95492587,0.0,89961758.04507414,89961758.04507414,0,False
2025-07-10,2025-07-09,2025-06-30,0.06456827714748785,0.6,,1.665998483838625,60807885.658808045,288.67917991687705,91302906.02037188,91302906.02037188,0,False
2025-07-11,2025-07-10,2025-06-30,0.06456827714748785,0.6,,1.6659961075803247,61399537.0755735,0.0,92192035.9244265,92192035.9244265,0,False
2025-07-14,2025-07-11,2025-06-30,0.06456827714748785,0.6,,1.6661034548193316,61043904.35323601,81.45998392386957,91643156.1067479,91643156.1067479,0,False
2025-07-15,2025-07-14,2025-06-30,0.06456827714748785,0.6,,1.6660082159572294,60557225.211394176,154.3522771200369,90925411.14088295,90925411.14088295,0,False
2025-07-16,2025-07-15,2025-06-30,0.06456827714748785,0.6,,1.6660183388510754,59530320.944924824,147.1186557187376,89382184.17373088,89382184.17373088,0,False
2025-07-17,2025-07-16,2025-06-30,0.06456827714748785,0.6,,1.6660664192450219,59982837.50879903,0.0,90055339.49120097,90055339.49120097,0,False
2025-07-18,2025-07-17,2025-06-30,0.06456827714748785,0.6,,1.6660108691340918,61102191.90884823,0.21929999999997563,91743535.31045178,91743535.31045178,0,False
2025-07-21,2025-07-18,2025-06-30,0.06456827714748785,0.6,,1.6659997927342194,64364321.919076115,0.0,96643156.08092389,96643156.08092389,0,False
2025-07-22,2025-07-21,2025-06-30,0.06456827714748785,0.6,,1.666001629803871,70121091.09160604,0.0,105286665.90839396,105286665.90839396,0,False
2025-07-23,2025-07-22,2025-06-30,0.06456827714748785,0.6,,1.6736130262569064,70124431.7607477,0.0,104101953.2392523,104101953.2392523,0,False
2025-07-24,2025-07-23,2025-06-30,0.06456827714748785,0.6,,1.6660935057093886,70692665.7729175,0.0,106130243.2270825,106130243.2270825,0,False
2025-07-25,2025-07-24,2025-06-30,0.06456827714748785,0.6,,1.6660866262523475,70092077.41255431,422.46945407454814,105229038.05689974,105229038.05689974,0,False
2025-07-28,2025-07-25,2025-06-30,0.06456827714748785,0.6,,1.6901259438366807,70111818.4174244,0.0,101592787.5825756,101592787.5825756,0,False
2025-07-29,2025-07-28,2025-06-30,0.06456827714748785,0.6,,1.685380844053606,70118541.46850552,0.0,102305954.53149448,102305954.53149448,0,False
2025-07-30,2025-07-29,2025-06-30,0.06456827714748785,0.6,,1.6871103281225703,70125265.16426277,0.0,102058231.83573723,102058231.83573723,0,False
2025-07-31,2025-07-30,2025-06-30,0.06456827714748785,0.6,,1.7334378921537277,70131989.50475797,0.0,95620897.49524203,95620897.49524203,0,False
2025-08-01,2025-07-31,2025-07-31,0.06334185209003215,0.5333333333333333,,1.7173290476509449,70138714.49005295,0.0,97777602.50994705,97777602.50994705,0,False
2025-08-04,2025-08-01,2025-07-31,0.06334185209003215,0.5333333333333333,,1.719185317191711,70158891.3805227,0.0,97553286.6194773,97553286.6194773,0,False
2025-08-05,2025-08-04,2025-07-31,0.06334185209003215,0.5333333333333333,,1.7168589684686557,70165618.94544959,0.0,97879251.05455041,97879251.05455041,0,False
2025-08-06,2025-08-05,2025-07-31,0.06334185209003215,0.5333333333333333,,1.694704704278564,70172347.15548545,0.0,101010323.84451455,101010323.84451455,0,False
2025-08-07,2025-08-06,2025-07-31,0.06334185209003215,0.5333333333333333,,1.6896226444680753,70179076.01069213,0.0,101764459.98930787,101764459.98930787,0,False
2025-08-08,2025-08-07,2025-07-31,0.06334185209003215,0.5333333333333333,,1.6851515225806748,70185805.51113151,0.0,102438370.48886849,102438370.48886849,0,False
2025-08-11,2025-08-08,2025-07-31,0.06334185209003215,0.5333333333333333,,1.6688928917237584,70205995.94833334,0.0,104958502.05166666,104958502.05166666,0,False
2025-08-12,2025-08-11,2025-07-31,0.06334185209003215,0.5333333333333333,,1.6659992583303174,70857612.68282661,0.0,106392930.31717339,106392930.31717339,0,False
2025-08-13,2025-08-12,2025-07-31,0.06334185209003215,0.5333333333333333,,1.665999321562842,71607059.74648634,0.0,107518217.25351366,107518217.25351366,0,False
2025-08-14,2025-08-13,2025-07-31,0.06334185209003215,0.5333333333333333,,1.6911598676030006,71613926.17687298,0.0,103614126.82312702,103614126.82312702,0,False
2025-08-15,2025-08-14,2025-07-31,0.06334185209003215,0.5333333333333333,,1.6659998579116804,73770806.55660446,0.0,110767000.44339554,110767000.44339554,0,False
2025-08-18,2025-08-15,2025-07-31,0.06334185209003215,0.5333333333333333,,1.6805494805639625,73792028.29547691,0.0,108430070.70452309,108430070.70452309,0,False
2025-08-19,2025-08-18,2025-07-31,0.06334185209003215,0.5333333333333333,,1.692101697830942,73799104.24339566,0.0,106630433.75660434,106630433.75660434,0,False
2025-08-20,2025-08-19,2025-07-31,0.06334185209003215,0.5333333333333333,,1.6936700333055434,73806180.86982995,0.0,106399552.13017005,106399552.13017005,0,False
2025-08-21,2025-08-20,2025-07-31,0.06334185209003215,0.5333333333333333,,1.703770576399324,73813258.17484486,0.0,104882557.82515514,104882557.82515514,0,False
2025-08-22,2025-08-21,2025-07-31,0.06334185209003215,0.5333333333333333,,1.698800345218948,73820336.15850547,0.0,105638665.84149453,105638665.84149453,0,False
2025-08-25,2025-08-22,2025-07-31,0.06334185209003215,0.5333333333333333,,1.6702190081247308,73841572.14561956,0.0,110175287.85438044,110175287.85438044,0,False
2025-08-26,2025-08-25,2025-07-31,0.06334185209003215,0.5333333333333333,,1.6659993725192124,74570417.16591845,0.0,111967698.83408155,111967698.83408155,0,False
2025-08-27,2025-08-26,2025-07-31,0.06334185209003215,0.5333333333333333,,1.6928527871085493,74576957.06802587,0.0,107637521.93197413,107637521.93197413,0,False
2025-08-28,2025-08-27,2025-07-31,0.06334185209003215,0.5333333333333333,,1.6755208197744293,74584108.2830872,0.0,110409784.7169128,110409784.7169128,0,False
2025-08-29,2025-08-28,2025-07-31,0.06334185209003215,0.5333333333333333,,1.6692660888454258,74591260.18388146,0.0,111452322.81611854,111452322.81611854,0,False
2025-09-01,2025-08-29,2025-08-29,0.05720678987150416,0.3333333333333333,,1.6659980148224651,75759914.12136039,0.0,113753963.87863961,113753963.87863961,0,False
2025-09-02,2025-09-01,2025-08-29,0.05720678987150416,0.3333333333333333,,1.6659987593543828,76226839.6302497,0.0,114454927.3697503,114454927.3697503,0,False
2025-09-03,2025-09-02,2025-08-29,0.05720678987150416,0.3333333333333333,,1.6794828393741628,76234149.05322793,0.0,112194369.94677207,112194369.94677207,0,False
2025-09-04,2025-09-03,2025-08-29,0.05720678987150416,0.3333333333333333,,1.6735418981355008,74034423.29073974,0.0,109918066.70926026,109918066.70926026,0,False
2025-09-05,2025-09-04,2025-08-29,0.05720678987150416,0.3333333333333333,,1.6659987347615555,78319930.83964421,0.0,117597717.16035579,117597717.16035579,0,False
2025-09-08,2025-09-05,2025-08-29,0.05720678987150416,0.3333333333333333,,1.665997707454172,79419210.18091768,0.0,119248473.81908232,119248473.81908232,0,False
2025-09-09,2025-09-08,2025-08-29,0.05720678987150416,0.3333333333333333,,1.676892324013674,79426825.72161996,0.0,117340414.27838004,117340414.27838004,0,False
2025-09-10,2025-09-09,2025-08-29,0.05720678987150416,0.3333333333333333,,1.6954174125148005,79434441.99257956,0.0,114225558.00742044,114225558.00742044,0,False
2025-09-11,2025-09-10,2025-08-29,0.05720678987150416,0.3333333333333333,,1.6659998942064473,79565656.42800651,0.0,119467971.57199349,119467971.57199349,0,False
2025-09-12,2025-09-11,2025-08-29,0.05720678987150416,0.3333333333333333,,1.665997862199638,82079800.58243962,0.0,123243339.41756038,123243339.41756038,0,False
2025-09-15,2025-09-12,2025-08-29,0.05720678987150416,0.3333333333333333,,1.6659966911533777,83632023.00367744,0.0,125574231.99632256,125574231.99632256,0,False
2025-09-16,2025-09-15,2025-08-29,0.05720678987150416,0.3333333333333333,,1.6826316158641912,83640042.5127326,0.0,122525884.4872674,122525884.4872674,0,False
2025-09-17,2025-09-16,2025-08-29,0.05720678987150416,0.3333333333333333,,1.6659997776669917,85341868.91118178,0.0,128140987.08881822,128140987.08881822,0,False
2025-09-18,2025-09-17,2025-08-29,0.05720678987150416,0.3333333333333333,,1.7069639805953962,85350052.37806368,0.0,120727582.62193632,120727582.62193632,0,False
2025-09-19,2025-09-18,2025-08-29,0.05720678987150416,0.3333333333333333,,1.689684013352942,85358236.62966157,0.0,123764267.37033843,123764267.37033843,0,False
2025-09-22,2025-09-19,2025-08-29,0.05720678987150416,0.3333333333333333,,1.7010989613722072,85382791.73882902,0.0,121784222.26117098,121784222.26117098,0,False
2025-09-23,2025-09-22,2025-08-29,0.05720678987150416,0.3333333333333333,,1.7094788311020432,85390979.12981766,0.0,120357331.87018234,120357331.87018234,0,False
2025-09-24,2025-09-23,2025-08-29,0.05720678987150416,0.3333333333333333,,1.6815643957567319,85399167.3058986,0.0,125298750.6941014,125298750.6941014,0,False
2025-09-25,2025-09-24,2025-08-29,0.05720678987150416,0.3333333333333333,,1.6889018394690885,85407356.26714712,0.0,123976089.73285288,123976089.73285288,0,False
2025-09-26,2025-09-25,2025-08-29,0.05720678987150416,0.3333333333333333,,1.6766253601367247,84966896.0136385,0.0,125574506.9863615,125574506.9863615,0,False
2025-09-29,2025-09-26,2025-08-29,0.05720678987150416,0.3333333333333333,,1.6659984897034992,85756908.74882844,0.0,128764419.25117156,128764419.25117156,0,False
2025-09-30,2025-09-29,2025-08-29,0.05720678987150416,0.3333333333333333,,1.6659995553656823,86349557.38016093,0.0,129654076.61983907,129654076.61983907,0,False
2025-10-09,2025-09-30,2025-09-30,0.05647007507507508,0.31666666666666665,,1.6660015890951032,93680442.11866066,0.0,140660988.88133934,140660988.88133934,0,False
2025-10-10,2025-10-09,2025-09-30,0.05647007507507508,0.31666666666666665,,1.6733230155890166,93689425.17475423,0.0,139144842.82524577,139144842.82524577,0,False
2025-10-13,2025-10-10,2025-09-30,0.05647007507507508,0.31666666666666665,,1.6912086104267876,93716376.92720176,0.0,135583347.07279825,135583347.07279825,0,False
2025-10-14,2025-10-13,2025-09-30,0.05647007507507508,0.31666666666666665,,1.7050825844032413,93725363.42909889,0.0,132928206.57090111,132928206.57090111,0,False
2025-10-15,2025-10-14,2025-09-30,0.05647007507507508,0.31666666666666665,,1.6659982890254303,93802955.95359538,0.0,140845641.0464046,140845641.0464046,0,False
2025-10-16,2025-10-15,2025-09-30,0.05647007507507508,0.31666666666666665,,1.6756681126004749,93811950.75759093,0.0,138843241.24240905,138843241.24240905,0,False
2025-10-17,2025-10-16,2025-09-30,0.05647007507507508,0.31666666666666665,,1.6855226994184225,93716099.13610193,0.0,136707506.86389807,136707506.86389807,0,False
2025-10-20,2025-10-17,2025-09-30,0.05647007507507508,0.31666666666666665,,1.6729526288251253,93743058.56188081,0.0,139301125.43811917,139301125.43811917,0,False
2025-10-21,2025-10-20,2025-09-30,0.05647007507507508,0.31666666666666665,,1.6659949440648723,94729199.66889085,0.0,142237115.33110917,142237115.33110917,0,False
2025-10-22,2025-10-21,2025-09-30,0.05647007507507508,0.31666666666666665,,1.6696998063625557,94738283.29077691,0.0,141463805.7092231,141463805.7092231,0,False
2025-10-23,2025-10-22,2025-09-30,0.05647007507507508,0.31666666666666665,,1.6659984523188887,98924217.1865952,0.0,148535205.8134048,148535205.8134048,0,False
2025-10-24,2025-10-23,2025-09-30,0.05647007507507508,0.31666666666666665,,1.6764195456728324,98933703.07043502,0.0,146260857.92956498,146260857.92956498,0,False
2025-10-27,2025-10-24,2025-09-30,0.05647007507507508,0.31666666666666665,,1.6659971251558023,99560398.24936035,0.0,149490732.75063965,149490732.75063965,0,False
2025-10-28,2025-10-27,2025-09-30,0.05647007507507508,0.31666666666666665,,1.6989398124712158,99569945.13686372,0.0,142458539.8631363,142458539.8631363,0,False
2025-10-29,2025-10-28,2025-09-30,0.05647007507507508,0.31666666666666665,,1.6659993692300539,103102725.39322205,0.0,154809043.60677797,154809043.60677797,0,False
2025-10-30,2025-10-29,2025-09-30,0.05647007507507508,0.31666666666666665,,1.6659987065774131,103835404.47861099,0.0,155909318.521389,155909318.521389,0,False
2025-10-31,2025-10-30,2025-09-30,0.05647007507507508,0.31666666666666665,,1.6743027433867825,103845361.29821853,0.0,154004061.70178145,154004061.70178145,0,False
2025-11-03,2025-10-31,2025-10-31,0.057861011372251706,0.36666666666666664,,1.6660012932580766,108317818.18023172,0.0,162639050.81976828,162639050.81976828,0,False
2025-11-04,2025-11-03,2025-10-31,0.057861011372251706,0.36666666666666664,,1.6660205497314509,105881809.65565942,364.4016882209107,158976243.74602878,158976243.74602878,0,False
2025-11-05,2025-11-04,2025-10-31,0.057861011372251706,0.36666666666666664,,1.6755559477702686,105891598.30421215,0.0,156747340.69578785,156747340.69578785,0,False
2025-11-06,2025-11-05,2025-10-31,0.057861011372251706,0.36666666666666664,,1.666001815546061,113440831.50059064,0.0,170331114.49940938,170331114.49940938,0,False
2025-11-07,2025-11-06,2025-10-31,0.057861011372251706,0.36666666666666664,,1.6660244634984553,115504501.60694274,0.0,173423812.39305726,173423812.39305726,0,False
2025-11-10,2025-11-07,2025-10-31,0.057861011372251706,0.36666666666666664,,1.6660221479287192,117270578.19494282,0.0,176076093.80505717,176076093.80505717,0,False
2025-11-11,2025-11-10,2025-10-31,0.057861011372251706,0.36666666666666664,,1.6660220919890742,114110363.8656264,90.06490707397461,171331064.19928068,171331064.19928068,0,False
2025-11-12,2025-11-11,2025-10-31,0.057861011372251706,0.36666666666666664,,1.6660237772229618,114210234.11477506,0.0,171480715.88522494,171480715.88522494,0,False
2025-11-13,2025-11-12,2025-10-31,0.057861011372251706,0.36666666666666664,,1.6660234606096658,116113978.39331004,0.0,174339171.60668996,174339171.60668996,0,False
2025-11-14,2025-11-13,2025-10-31,0.057861011372251706,0.36666666666666664,,1.666021300325853,112097450.59946279,154.32941654417664,168308875.72995377,168308875.72995377,0,False
2025-11-17,2025-11-14,2025-10-31,0.057861011372251706,0.36666666666666664,,1.6660221715536705,109831097.97307955,131.78978701859774,164905870.8167075,164905870.8167075,0,False
2025-11-18,2025-11-17,2025-10-31,0.057861011372251706,0.36666666666666664,,1.666020241560313,104493964.8150128,197.27438955707476,156892780.45937675,156892780.45937675,0,False
2025-11-19,2025-11-18,2025-10-31,0.057861011372251706,0.36666666666666664,,1.666235502859345,105876163.23859207,0.0,158917023.7614079,158917023.7614079,0,False
2025-11-20,2025-11-19,2025-10-31,0.057861011372251706,0.36666666666666664,,1.6660090550049158,104329106.0288344,176.12628863365842,156647915.09745425,156647915.09745425,0,False
2025-11-21,2025-11-20,2025-10-31,0.057861011372251706,0.36666666666666664,,1.6994848885937839,104338934.06339784,0.0,149165386.93660218,149165386.93660218,0,False
2025-11-24,2025-11-21,2025-10-31,0.057861011372251706,0.36666666666666664,,1.6660202862865094,96778872.00345087,146.525953970636,145308975.52250308,145308975.52250308,0,False
2025-11-25,2025-11-24,2025-10-31,0.057861011372251706,0.36666666666666664,,1.665999622920799,99330192.48559545,5.233069999999998,149144509.74747455,149144509.74747455,0,False
2025-11-26,2025-11-25,2025-10-31,0.057861011372251706,0.36666666666666664,,1.675033902103498,99339263.29704352,0.0,147161887.7029565,147161887.7029565,0,False
2025-11-27,2025-11-26,2025-10-31,0.057861011372251706,0.36666666666666664,,1.6681553562413791,99348788.97982542,0.0,148691151.02017456,148691151.02017456,0,False
2025-11-28,2025-11-27,2025-10-31,0.057861011372251706,0.36666666666666664,,1.6659987416235145,100947707.38989897,0.0,151573420.61010104,151573420.61010104,0,False
2025-12-01,2025-11-28,2025-11-28,0.05827511656441718,0.36666666666666664,,1.6659995945216313,103503228.8514199,0.0,155410348.1485801,155410348.1485801,0,False
2025-12-02,2025-12-01,2025-11-28,0.05827511656441718,0.36666666666666664,,1.6741198371954427,103513153.81857003,0.0,153553045.18142998,153553045.18142998,0,False
2025-12-03,2025-12-02,2025-11-28,0.05827511656441718,0.36666666666666664,,1.6659999878862501,103843242.95150936,0.0,155920788.04849064,155920788.04849064,0,False
2025-12-04,2025-12-03,2025-11-28,0.05827511656441718,0.36666666666666664,,1.667900922274715,103852617.82263128,0.0,155491053.1773687,155491053.1773687,0,False
2025-12-05,2025-12-04,2025-11-28,0.05827511656441718,0.36666666666666664,,1.6660035787423833,108256662.36053345,0.0,162546667.63946655,162546667.63946655,0,False
2025-12-08,2025-12-05,2025-11-28,0.05827511656441718,0.36666666666666664,,1.6660222195924146,108868746.77056181,0.0,163461133.2294382,163461133.2294382,0,False
2025-12-09,2025-12-08,2025-11-28,0.05827511656441718,0.36666666666666664,,1.6660511238056703,104557086.75853948,121.65352926518426,156980389.8949898,156980389.8949898,0,False
2025-12-10,2025-12-09,2025-11-28,0.05827511656441718,0.36666666666666664,,1.6660412601745311,105782673.03770816,0.0,158823002.96229184,158823002.96229184,0,False
2025-12-11,2025-12-10,2025-11-28,0.05827511656441718,0.36666666666666664,,1.6690423518073572,105792816.58169807,0.0,158125739.41830194,158125739.41830194,0,False
2025-12-12,2025-12-11,2025-11-28,0.05827511656441718,0.36666666666666664,,1.6660065327194316,105503350.30849451,120.07486791870895,158411704.7663734,158411704.7663734,0,False
2025-12-15,2025-12-12,2025-11-28,0.05827511656441718,0.36666666666666664,,1.666201024717043,104644784.12468669,262.56775422301143,157076494.44306752,157076494.44306752,0,False
2025-12-16,2025-12-15,2025-11-28,0.05827511656441718,0.36666666666666664,,1.6660212692816363,100603541.76180092,111.46030403207988,151051377.6985031,151051377.6985031,0,False
2025-12-17,2025-12-16,2025-11-28,0.05827511656441718,0.36666666666666664,,1.6659987614181446,105318574.76426034,0.0,158136292.23573965,158136292.23573965,0,False
2025-12-18,2025-12-17,2025-11-28,0.05827511656441718,0.36666666666666664,,1.6660003027546464,108802000.75864609,0.0,163366293.24135393,163366293.24135393,0,False
2025-12-19,2025-12-18,2025-11-28,0.05827511656441718,0.36666666666666664,,1.6659985771085224,111744612.33137198,0.0,167785061.66862804,167785061.66862804,0,False
2025-12-22,2025-12-19,2025-11-28,0.05827511656441718,0.36666666666666664,,1.6660002833924374,112478974.20610866,0.0,168887276.79389134,168887276.79389134,0,False
2025-12-23,2025-12-22,2025-11-28,0.05827511656441718,0.36666666666666664,,1.6659995595604131,112623154.53296952,0.0,169103947.46703047,169103947.46703047,0,False
2025-12-24,2025-12-23,2025-11-28,0.05827511656441718,0.36666666666666664,,1.6660025118970487,118950812.72103117,0.0,178604150.2789688,178604150.2789688,0,False
2025-12-25,2025-12-24,2025-11-28,0.05827511656441718,0.36666666666666664,,1.679890202599694,118795368.71334688,0.0,174727284.2866531,174727284.2866531,0,False
2025-12-26,2025-12-25,2025-11-28,0.05827511656441718,0.36666666666666664,,1.6717999179043412,118806760.05007282,0.0,176848428.94992718,176848428.94992718,0,False
2025-12-29,2025-12-26,2025-11-28,0.05827511656441718,0.36666666666666664,,1.6827743742564951,118840937.3372105,0.0,174055942.6627895,174055942.6627895,0,False
2025-12-30,2025-12-29,2025-11-28,0.05827511656441718,0.36666666666666664,,1.6730228928120758,118850942.75549051,0.0,176592719.2445095,176592719.2445095,0,False
2025-12-31,2025-12-30,2025-11-28,0.05827511656441718,0.36666666666666664,,1.6703357495075928,118862339.42123419,0.0,177317619.5787658,177317619.5787658,0,False
2026-01-05,2025-12-31,2025-12-31,0.056489518740629685,0.2833333333333333,,1.6660011343451058,123461949.77467738,0.0,185377987.2253226,185377987.2253226,0,False
2026-01-06,2026-01-05,2025-12-31,0.056489518740629685,0.2833333333333333,,1.666021263318042,131883541.49383907,0.0,198017013.5061609,198017013.5061609,0,False
2026-01-07,2026-01-06,2025-12-31,0.056489518740629685,0.2833333333333333,,1.6660131886157756,130839027.42868614,501.82471450883895,196450352.3960284,196450352.3960284,0,False
2026-01-08,2026-01-07,2025-12-31,0.056489518740629685,0.2833333333333333,,1.6660004332475808,132502655.39485124,0.0,198952806.60514876,198952806.60514876,0,False
2026-01-09,2026-01-08,2025-12-31,0.056489518740629685,0.2833333333333333,,1.6659975053804694,134011283.6623102,0.0,201218897.33768982,201218897.33768982,0,False
2026-01-12,2026-01-09,2025-12-31,0.056489518740629685,0.2833333333333333,,1.665997434566189,136649080.73910072,0.0,205179590.26089928,205179590.26089928,0,False
2026-01-13,2026-01-12,2025-12-31,0.056489518740629685,0.2833333333333333,,1.665997907694188,138034685.03410995,0.0,207259937.96589005,207259937.96589005,0,False
2026-01-14,2026-01-13,2025-12-31,0.056489518740629685,0.2833333333333333,,1.6777534600437303,138047921.23678446,0.0,203684568.76321554,203684568.76321554,0,False
2026-01-15,2026-01-14,2025-12-31,0.056489518740629685,0.2833333333333333,,1.6660695508592809,142914158.47538388,0.0,214563416.52461612,214563416.52461612,0,False
2026-01-16,2026-01-15,2025-12-31,0.056489518740629685,0.2833333333333333,,1.6659997341953519,144080049.29937193,0.0,216336496.70062807,216336496.70062807,0,False
2026-01-19,2026-01-16,2025-12-31,0.056489518740629685,0.2833333333333333,,1.6660004474180516,148362797.47652683,0.0,222766813.52347317,222766813.52347317,0,False
2026-01-20,2026-01-19,2025-12-31,0.056489518740629685,0.2833333333333333,,1.6659959045622605,149263261.52154785,0.0,224120389.47845215,224120389.47845215,0,False
2026-01-21,2026-01-20,2025-12-31,0.056489518740629685,0.2833333333333333,,1.673588630571519,149277574.43703622,0.0,221615341.56296378,221615341.56296378,0,False
2026-01-22,2026-01-21,2025-12-31,0.056489518740629685,0.2833333333333333,,1.6660014927134181,156840158.83364594,0.0,235495206.16635406,235495206.16635406,0,False
2026-01-23,2026-01-22,2025-12-31,0.056489518740629685,0.2833333333333333,,1.6660171486714206,168287334.97475135,0.0,252677180.02524865,252677180.02524865,0,False
2026-01-26,2026-01-23,2025-12-31,0.056489518740629685,0.2833333333333333,,1.6660575546449143,174960089.42256108,0.0,262680136.57743892,262680136.57743892,0,False
2026-01-27,2026-01-26,2025-12-31,0.056489518740629685,0.2833333333333333,,1.66603451211002,178894520.10983723,0.0,268596471.89016277,268596471.89016277,0,False
2026-01-28,2026-01-27,2025-12-31,0.056489518740629685,0.2833333333333333,,1.6660385121527264,192143472.14198887,0.0,288487029.8580111,288487029.8580111,0,False
2026-01-29,2026-01-28,2025-12-31,0.056489518740629685,0.2833333333333333,,1.6660353902644938,190948204.0842419,1576.5986762456596,286691413.51443434,286691413.51443434,0,False
2026-01-30,2026-01-29,2025-12-31,0.056489518740629685,0.2833333333333333,,1.6660370739139165,182904397.45684016,624.8260130157391,274615002.3691729,274615002.3691729,0,False
2026-02-02,2026-01-30,2026-01-30,0.05668231563201197,0.2833333333333333,,1.6930181523510144,170658077.39231214,0.0,246253401.60768786,246253401.60768786,0,False
2026-02-03,2026-02-02,2026-01-30,0.05668231563201197,0.2833333333333333,,1.6660297992299047,174381836.12245676,0.0,261822873.87754324,261822873.87754324,0,False
2026-02-04,2026-02-03,2026-01-30,0.05668231563201197,0.2833333333333333,,1.6660237921774097,179747352.12679633,0.0,269881277.87320364,269881277.87320364,0,False
2026-02-05,2026-02-04,2026-01-30,0.05668231563201197,0.2833333333333333,,1.6660249702997931,173978439.9579425,572.4335419405252,261218235.47559947,261218235.47559947,0,False
2026-02-06,2026-02-05,2026-01-30,0.05668231563201197,0.2833333333333333,,1.6680727247122673,173994550.38850608,0.0,260442529.61149392,260442529.61149392,0,False
2026-02-09,2026-02-06,2026-01-30,0.05668231563201197,0.2833333333333333,,1.6659984932423693,175574771.9153302,0.0,263626380.0846698,263626380.0846698,0,False
2026-02-10,2026-02-09,2026-01-30,0.05668231563201197,0.2833333333333333,,1.679330912153699,175591607.85236317,0.0,258477282.14763683,258477282.14763683,0,False
2026-02-11,2026-02-10,2026-01-30,0.05668231563201197,0.2833333333333333,,1.6676788828197011,175608445.40380105,0.0,263013328.59619895,263013328.59619895,0,False
2026-02-12,2026-02-11,2026-01-30,0.05668231563201197,0.2833333333333333,,1.6731645635118244,175625284.56979868,0.0,260895023.43020132,260895023.43020132,0,False
2026-02-13,2026-02-12,2026-01-30,0.05668231563201197,0.2833333333333333,,1.7075783980287984,175642125.35051087,0.0,248229914.64948913,248229914.64948913,0,False
2026-02-24,2026-02-13,2026-01-30,0.05668231563201197,0.2833333333333333,,1.6724998617782154,175827391.701908,0.0,261453424.298092,261453424.298092,0,False
2026-02-25,2026-02-24,2026-01-30,0.05668231563201197,0.2833333333333333,,1.6659995969531542,179157640.29539612,0.0,269005628.7046039,269005628.7046039,0,False
2026-02-26,2026-02-25,2026-01-30,0.05668231563201197,0.2833333333333333,,1.6659999938699868,180308392.47443047,0.0,270733324.52556956,270733324.52556956,0,False
2026-02-27,2026-02-26,2026-01-30,0.05668231563201197,0.2833333333333333,,1.6660006481162646,183877157.93963417,0.0,276091560.0603658,276091560.0603658,0,False
2026-03-02,2026-02-27,2026-02-27,0.057141754688672164,0.2833333333333333,,1.6660007570327757,192744204.50021654,0.0,289405383.49978346,289405383.49978346,0,False
2026-03-03,2026-03-02,2026-02-27,0.057141754688672164,0.2833333333333333,,1.6816187681901154,192762686.82119602,0.0,282801319.178804,282801319.178804,0,False
2026-03-04,2026-03-03,2026-02-27,0.057141754688672164,0.2833333333333333,,1.6660059865545118,192234673.62297443,322.2853015749715,288637572.6623272,288637572.6623272,0,False
2026-03-05,2026-03-04,2026-02-27,0.057141754688672164,0.2833333333333333,,1.6659992257224074,196723868.5646471,0.0,295381527.4353529,295381527.4353529,0,False
2026-03-06,2026-03-05,2026-02-27,0.057141754688672164,0.2833333333333333,,1.6659989684940657,198614343.3517992,0.0,298220196.6482008,298220196.6482008,0,False
2026-03-09,2026-03-06,2026-02-27,0.057141754688672164,0.2833333333333333,,1.6660000030633402,201508332.93088818,0.0,302565063.0691118,302565063.0691118,0,False
2026-03-10,2026-03-09,2026-02-27,0.057141754688672164,0.2833333333333333,,1.6913203025830064,201526939.01596457,0.0,291510227.98403543,291510227.98403543,0,False
2026-03-11,2026-03-10,2026-02-27,0.057141754688672164,0.2833333333333333,,1.6659996487050295,204862354.24682608,0.0,307601294.75317395,307601294.75317395,0,False
2026-03-12,2026-03-11,2026-02-27,0.057141754688672164,0.2833333333333333,,1.6660017114502168,213431081.7707448,0.0,320466266.2292552,320466266.2292552,0,False
2026-03-13,2026-03-12,2026-02-27,0.057141754688672164,0.2833333333333333,,1.6878702930988754,213451547.7648872,0.0,310307844.2351128,310307844.2351128,0,False
2026-03-16,2026-03-13,2026-02-27,0.057141754688672164,0.2833333333333333,,1.7318321934256629,213512951.63479218,0.0,291751242.3652078,291751242.3652078,0,False
2026-03-17,2026-03-16,2026-02-27,0.057141754688672164,0.2833333333333333,,1.782743937135579,213533425.47946948,0.0,272801123.5205305,272801123.5205305,0,False
2026-03-18,2026-03-17,2026-02-27,0.057141754688672164,0.2833333333333333,,1.8025477459101942,213553901.28739217,0.0,266094948.71260783,266094948.71260783,0,False
2026-03-19,2026-03-18,2026-02-27,0.057141754688672164,0.2833333333333333,,1.8316553210792197,213574379.05874848,0.0,256806363.94125152,256806363.94125152,0,False
2026-03-20,2026-03-19,2026-02-27,0.057141754688672164,0.2833333333333333,,1.854619780899988,213594858.7937267,0.0,249929692.2062733,249929692.2062733,0,False
2026-03-23,2026-03-20,2026-02-27,0.057141754688672164,0.2833333333333333,,1.907578823732102,213656303.89009205,0.0,235413496.10990795,235413496.10990795,0,False
2026-03-24,2026-03-23,2026-02-27,0.057141754688672164,0.2833333333333333,,1.840509956073208,201688210.97865602,0.0,239959336.02134398,239959336.02134398,0,False
2026-03-25,2026-03-24,2026-02-27,0.057141754688672164,0.2833333333333333,,1.7767185121426639,189513897.44900233,0.0,243993022.55099767,243993022.55099767,0,False
2026-03-26,2026-03-25,2026-02-27,0.057141754688672164,0.2833333333333333,,1.6752467747783186,165106175.03326115,0.0,244512348.96673885,244512348.96673885,0,False
2026-03-27,2026-03-26,2026-02-27,0.057141754688672164,0.2833333333333333,,1.6660335384090157,165238345.93691692,0.0,248093131.06308308,248093131.06308308,0,False
2026-03-30,2026-03-27,2026-02-27,0.057141754688672164,0.2833333333333333,,1.6660258226906501,173295655.89965108,0.0,260193599.10034892,260193599.10034892,0,False
2026-03-31,2026-03-30,2026-02-27,0.057141754688672164,0.2833333333333333,,1.6660228306567149,169421534.01398575,11.424753059695377,254377950.41076732,254377950.41076732,0,False
2026-04-01,2026-03-31,2026-03-31,0.057016969924812026,0.26666666666666666,,1.6660243383304982,171128703.45715457,0.0,256940615.54284543,256940615.54284543,0,False
2026-04-02,2026-04-01,2026-03-31,0.057016969924812026,0.26666666666666666,,1.6660225400146904,173852433.84113595,0.0,261030856.15886405,261030856.15886405,0,False
2026-04-03,2026-04-02,2026-03-31,0.057016969924812026,0.26666666666666666,,1.6660219704054804,170728470.88143954,282.2130163703114,256340175.33157685,256340175.33157685,0,False
2026-04-07,2026-04-03,2026-03-31,0.057016969924812026,0.26666666666666666,,1.6661034659877636,177053756.203004,0.0,265805186.796996,265805186.796996,0,False
2026-04-08,2026-04-07,2026-03-31,0.057016969924812026,0.26666666666666666,,1.6660261933644602,186164003.84043813,0.0,279514538.1595619,279514538.1595619,0,False
2026-04-09,2026-04-08,2026-03-31,0.057016969924812026,0.26666666666666666,,1.6678777356332,186181855.18327215,0.0,278766374.8167279,278766374.8167279,0,False
2026-04-10,2026-04-09,2026-03-31,0.057016969924812026,0.26666666666666666,,1.6772012298567165,186199708.23787877,0.0,274954769.7621212,274954769.7621212,0,False
2026-04-13,2026-04-10,2026-03-31,0.057016969924812026,0.26666666666666666,,1.6968622176302774,186253272.53750885,0.0,267274172.46249115,267274172.46249115,0,False
2026-04-14,2026-04-13,2026-03-31,0.057016969924812026,0.26666666666666666,,1.6837394143046158,186271132.4403549,0.0,272430005.55964506,272430005.55964506,0,False
2026-04-15,2026-04-14,2026-03-31,0.057016969924812026,0.26666666666666666,,1.688078164203696,186288994.0557944,0.0,270738127.94420564,270738127.94420564,0,False
2026-04-16,2026-04-15,2026-03-31,0.057016969924812026,0.26666666666666666,,1.682827436492574,186306857.3839915,0.0,272846179.6160085,272846179.6160085,0,False
2026-04-17,2026-04-16,2026-03-31,0.057016969924812026,0.26666666666666666,,1.6935691315300494,186324722.42511052,0.0,268646215.5748895,268646215.5748895,0,False
2026-04-20,2026-04-17,2026-03-31,0.057016969924812026,0.26666666666666666,,1.6660199741639727,176920465.31197453,369.704878564924,265637822.39290404,265637822.39290404,0,False
2026-04-21,2026-04-20,2026-03-31,0.057016969924812026,0.26666666666666666,,1.6660241372190263,177712788.12845173,0.0,266826347.87154827,266826347.87154827,0,False
2026-04-22,2026-04-21,2026-03-31,0.057016969924812026,0.26666666666666666,,1.6793431247372335,177729829.08073804,0.0,261620118.91926196,261620118.91926196,0,False
2026-04-23,2026-04-22,2026-03-31,0.057016969924812026,0.26666666666666666,,1.6767639780608314,177746871.66708824,0.0,262642335.33291176,262642335.33291176,0,False
2026-04-24,2026-04-23,2026-03-31,0.057016969924812026,0.26666666666666666,,1.6660226968201208,176442697.42481908,240.3598800394684,264919585.93506095,264919585.93506095,0,False
2026-04-27,2026-04-24,2026-03-31,0.057016969924812026,0.26666666666666666,,1.666022460316565,174404327.3915426,249.7892132639945,261859153.39767063,261859153.39767063,0,False
2026-04-28,2026-04-27,2026-03-31,0.057016969924812026,0.26666666666666666,,1.6660238764604263,176371747.69743595,0.0,264812950.30256405,264812950.30256405,0,False
2026-04-29,2026-04-28,2026-03-31,0.057016969924812026,0.26666666666666666,,1.6660290301401721,172100973.3821684,445.7601142301578,258397937.37794578,258397937.37794578,0,False
2026-04-30,2026-04-29,2026-03-31,0.057016969924812026,0.26666666666666666,,1.6660031667293067,169989430.10689124,408.16916301841485,255237558.06227174,255237558.06227174,0,False
2026-05-06,2026-04-30,2026-04-30,0.054729166064981946,0.2,,1.6683461502603179,170086376.30662793,0.0,254488450.69337207,254488450.69337207,0,False
2026-05-07,2026-05-06,2026-04-30,0.054729166064981946,0.2,,1.6710952755754458,170102685.9591505,0.0,253470248.0408495,253470248.0408495,0,False
2026-05-08,2026-05-07,2026-04-30,0.054729166064981946,0.2,,1.6660220929605116,164458334.2590422,46.33092987257987,246926175.07188767,246926175.07188767,0,False
2026-05-11,2026-05-08,2026-04-30,0.054729166064981946,0.2,,1.6660403479831194,164685377.72924548,0.0,247260362.27075452,247260362.27075452,0,False
2026-05-12,2026-05-11,2026-04-30,0.054729166064981946,0.2,,1.5404565457279684,163339114.39778864,30848393.45900379,245145927.06121516,245145927.06121516,0,False
2026-05-13,2026-05-12,2026-04-30,0.054729166064981946,0.2,,1.6660087604920653,162598632.05748898,89.09017885324567,244138745.03268987,244138745.03268987,0,False
2026-05-14,2026-05-13,2026-04-30,0.054729166064981946,0.2,,1.674985471675139,162614134.61695948,0.0,240915014.38304052,240915014.38304052,0,False
2026-05-15,2026-05-14,2026-04-30,0.054729166064981946,0.2,,1.6660205343030912,159900841.92839837,627.569882752432,240083009.64148438,240083009.64148438,0,False
2026-05-18,2026-05-15,2026-04-30,0.054729166064981946,0.2,,1.6662314206468156,156011699.97825313,529.2200619494542,234169638.24180883,234169638.24180883,0,False
2026-05-19,2026-05-18,2026-04-30,0.054729166064981946,0.2,,1.6659999381374115,157770918.6897765,0.0,236893293.3102235,236893293.3102235,0,False
2026-05-20,2026-05-19,2026-04-30,0.054729166064981946,0.2,,1.6662034732498185,156256119.86226732,212.98836028948426,234546821.12609297,234546821.12609297,0,False
2026-05-21,2026-05-20,2026-04-30,0.054729166064981946,0.2,,1.6659995345007768,156686738.07567546,0.0,235265536.92432454,235265536.92432454,0,False
2026-05-22,2026-05-21,2026-04-30,0.054729166064981946,0.2,,1.6766836866343753,156701762.83138135,0.0,231573135.16861865,231573135.16861865,0,False
2026-05-25,2026-05-22,2026-04-30,0.054729166064981946,0.2,,1.6838685402548905,156746841.42068902,0.0,229206100.57931098,229206100.57931098,0,False
2026-05-26,2026-05-25,2026-04-30,0.054729166064981946,0.2,,1.6834279894727655,156761871.93972936,0.0,229375844.06027064,229375844.06027064,0,False
2026-05-27,2026-05-26,2026-04-30,0.054729166064981946,0.2,,1.6661448644004637,151289811.48056516,422.7655828371644,227111844.28501764,227111844.28501764,0,False
2026-05-28,2026-05-27,2026-04-30,0.054729166064981946,0.2,,1.6661419222287652,150211976.35651872,198.75428963452578,225495157.3977709,225495157.3977709,0,False
2026-05-29,2026-05-28,2026-04-30,0.054729166064981946,0.2,,1.6660000250992022,153235297.45672286,0.0,230083020.54327714,230083020.54327714,0,False
2026-06-01,2026-05-29,2026-05-29,0.05537376811594203,0.2,,1.6660009079622864,156596000.56908247,0.0,235128809.43091753,235128809.43091753,0,False
2026-06-02,2026-06-01,2026-05-29,0.05537376811594203,0.2,,1.6660004657621803,158455295.40964156,0.0,237920697.59035844,237920697.59035844,0,False
2026-06-03,2026-06-02,2026-05-29,0.05537376811594203,0.2,,1.6660676682316817,157163717.12647736,204.74977035364554,235957275.62329298,235957275.62329298,0,False
2026-06-04,2026-06-03,2026-05-29,0.05537376811594203,0.2,,1.6829351711636853,156775502.8701301,0.0,229561325.1298699,229561325.1298699,0,False
2026-06-05,2026-06-04,2026-05-29,0.05537376811594203,0.2,,1.666247453769601,155532055.49840596,4.5588273649364055,233444871.06042144,233444871.06042144,0,False
2026-06-08,2026-06-05,2026-05-29,0.05537376811594203,0.2,,1.666030381366956,156527452.26149568,0.0,235015483.73850432,235015483.73850432,0,False
2026-06-09,2026-06-08,2026-05-29,0.05537376811594203,0.2,,1.6660005985491353,160325381.81865937,0.0,240728585.18134063,240728585.18134063,0,False
2026-06-10,2026-06-09,2026-05-29,0.05537376811594203,0.2,,1.6660006994747327,164405647.57435912,0.0,246855067.42564088,246855067.42564088,0,False
2026-06-11,2026-06-10,2026-05-29,0.05537376811594203,0.2,,1.6698355519127872,164421412.49946898,0.0,245465341.50053102,245465341.50053102,0,False
2026-06-12,2026-06-11,2026-05-29,0.05537376811594203,0.2,,1.665999438632424,167148306.009324,0.0,250973643.990676,250973643.990676,0,False
2026-06-15,2026-06-12,2026-05-29,0.05537376811594203,0.2,,1.677444881119662,167196389.76858696,0.0,246804418.23141304,246804418.23141304,0,False
2026-06-16,2026-06-15,2026-05-29,0.05537376811594203,0.2,,1.703217475125652,167212422.2991127,0.0,237781949.7008873,237781949.7008873,0,False
2026-06-17,2026-06-16,2026-05-29,0.05537376811594203,0.2,,1.7130934392687889,167228456.3670044,0.0,234511281.6329956,234511281.6329956,0,False
2026-06-18,2026-06-17,2026-05-29,0.05537376811594203,0.2,,1.7030393387492224,156146152.09194946,0.0,222101585.90805054,222101585.90805054,0,False
2026-06-22,2026-06-18,2026-05-29,0.05537376811594203,0.2,,1.7070321709043699,156206043.76672447,0.0,220932017.23327553,220932017.23327553,0,False
2026-06-23,2026-06-22,2026-05-29,0.05537376811594203,0.2,,1.6797077521178883,156221022.42845553,0.0,229835575.57154447,229835575.57154447,0,False
2026-06-24,2026-06-23,2026-05-29,0.05537376811594203,0.2,,1.7061035477190276,156236002.52649662,0.0,221265001.47350338,221265001.47350338,0,False
2026-06-25,2026-06-24,2026-05-29,0.05537376811594203,0.2,,1.7134456564651595,156250984.06098548,0.0,219008949.93901452,219008949.93901452,0,False
2026-06-26,2026-06-25,2026-05-29,0.05537376811594203,0.2,,1.6660601188882567,144104509.88664818,15.558328359387815,216353584.6716802,216353584.6716802,0,False
2026-06-29,2026-06-26,2026-05-29,0.05537376811594203,0.2,,1.6659987532881062,144922307.44037202,0.0,217601469.55962798,217601469.55962798,0,False
2026-06-30,2026-06-29,2026-05-29,0.05537376811594203,0.2,,1.6954880023619532,144936204.0999896,0.0,208394973.9000104,208394973.9000104,0,False
2026-07-01,2026-06-30,2026-06-30,0.055291641249092235,0.18333333333333332,,1.6763173806645957,144950102.09216356,0.0,214322603.90783644,214322603.90783644,0,False
2026-07-02,2026-07-01,2026-06-30,0.055291641249092235,0.18333333333333332,,1.6660120145703794,147504151.8628317,0.0,221473710.1371683,221473710.1371683,0,False
2026-07-03,2026-07-02,2026-06-30,0.055291641249092235,0.18333333333333332,,1.6739925619989091,147518296.09657198,0.0,218872290.90342802,218872290.90342802,0,False
2026-07-06,2026-07-03,2026-06-30,0.055291641249092235,0.18333333333333332,,1.665998731059832,150956683.38015196,0.0,226662118.61984804,226662118.61984804,0,False
2026-07-07,2026-07-06,2026-06-30,0.055291641249092235,0.18333333333333332,,1.667526388828522,150971158.67855826,0.0,226165079.32144174,226165079.32144174,0,False
2026-07-08,2026-07-07,2026-06-30,0.055291641249092235,0.18333333333333332,,1.6659984086433144,152488244.63384688,0.0,228961875.36615312,228961875.36615312,0,False
2026-07-09,2026-07-08,2026-06-30,0.055291641249092235,0.18333333333333332,,1.6686342900284257,151378937.39429122,0.0,226400200.60570878,226400200.60570878,0,False
2026-07-10,2026-07-09,2026-06-30,0.055291641249092235,0.18333333333333332,,1.6660001565169662,150759885.80152956,129.72223106818774,226365946.92070147,226365946.92070147,0,False
2026-07-13,2026-07-10,2026-06-30,0.055291641249092235,0.18333333333333332,,1.6660008520784286,152586828.70761538,0.0,229109059.29238462,229109059.29238462,0,False
2026-07-14,2026-07-13,2026-06-30,0.055291641249092235,0.18333333333333332,,1.6250742741292354,152601460.32132706,8734308.8196,230160090.49827293,230160090.49827293,0,False
2026-07-15,2026-07-14,2026-06-30,0.055291641249092235,0.18333333333333332,,1.609862247249676,152616093.3380702,8734308.8196,235925055.48152977,235925055.48152977,0,False
2026-07-16,2026-07-15,2026-06-30,0.055291641249092235,0.18333333333333332,,1.622604721940533,152630727.75797933,8734308.8196,231120025.06162065,231120025.06162065,0,False
2026-07-17,2026-07-16,2026-06-30,0.055291641249092235,0.18333333333333332,,1.619553258981377,152645363.581189,8734308.8196,232281975.23841098,232281975.23841098,0,False
2026-07-20,2026-07-17,2026-06-30,0.055291641249092235,0.18333333333333332,,1.6008428117074744,152689275.26112333,8734308.8196,239588397.55847666,239588397.55847666,0,False
2026-07-21,2026-07-20,2026-06-30,0.055291641249092235,0.18333333333333332,,1.6660023356475095,154675775.42777714,0.0,232245094.57222286,232245094.57222286,0,False
2026-07-22,2026-07-21,2026-06-30,0.055291641249092235,0.18333333333333332,,1.6659999511992594,158415696.0661383,0.0,237861422.9338617,237861422.9338617,0,False
2026-07-23,2026-07-22,2026-06-30,0.055291641249092235,0.18333333333333332,,1.6659991359711361,161125773.01723644,0.0,241930903.98276356,241930903.98276356,0,False
2026-07-24,2026-07-23,2026-06-30,0.055291641249092235,0.18333333333333332,,1.6714950368215173,161141223.43382713,0.0,239973811.56617287,239973811.56617287,0,False
2026-07-27,2026-07-24,2026-06-30,0.055291641249092235,0.18333333333333332,,1.6790223912979034,161187579.1282396,0.0,237381831.8717604,237381831.8717604,0,False
2026-07-28,2026-07-27,2026-06-30,0.055291641249092235,0.18333333333333332,,1.6680017601198678,161203035.47144368,0.0,241321273.52855632,241321273.52855632,0,False
2026-07-29,2026-07-28,2026-06-30,0.055291641249092235,0.18333333333333332,,1.6659993140074607,161909117.92460287,0.0,243107034.07539713,243107034.07539713,0,False
2026-07-30,2026-07-29,2026-06-30,0.055291641249092235,0.18333333333333332,,1.6660004089655251,166152303.30480865,0.0,249477779.69519135,249477779.69519135,0,False
2026-07-31,2026-07-30,2026-06-30,0.055291641249092235,0.18333333333333332,,1.6706618098938957,166168235.7174543,0.0,247767553.2825457,247767553.2825457,0,False
2026-08-03,2026-07-31,2026-07-31,0.055958415204678355,0.2,,1.680206408505364,166216037.5386881,0.0,244361175.4613119,244361175.4613119,0,False
2026-08-04,2026-08-03,2026-07-31,0.055958415204678355,0.2,,1.705246556692122,166231976.06283563,0.0,235707603.93716437,235707603.93716437,0,False
2026-08-05,2026-08-04,2026-07-31,0.055958415204678355,0.2,,1.6661124761976778,156870652.24318704,97.4888922334938,235501601.24570516,235501601.24570516,0,False
2026-08-06,2026-08-05,2026-07-31,0.055958415204678355,0.2,,1.6661739501817683,159191830.59278578,0.0,238964358.40721422,238964358.40721422,0,False
2026-08-07,2026-08-06,2026-07-31,0.055958415204678355,0.2,,1.6660040674425993,157693743.36314684,54.265764234238304,236775864.9026174,236775864.9026174,0,False
2026-08-10,2026-08-07,2026-07-31,0.055958415204678355,0.2,,1.6659925955911448,160069700.39396283,0.0,240347567.60603717,240347567.60603717,0,False
2026-08-11,2026-08-10,2026-07-31,0.055958415204678355,0.2,,1.6701752882928476,160085049.54331568,0.0,238870415.45668432,238870415.45668432,0,False
2026-08-12,2026-08-11,2026-07-31,0.055958415204678355,0.2,,1.6731179950664143,160100400.16450477,0.0,237848937.83549523,237848937.83549523,0,False
2026-08-13,2026-08-12,2026-07-31,0.055958415204678355,0.2,,1.674829907781303,160115752.25767124,0.0,237268310.74232876,237268310.74232876,0,False
2026-08-14,2026-08-13,2026-07-31,0.055958415204678355,0.2,,1.6774552680725543,160131105.8229562,0.0,236371482.1770438,236371482.1770438,0,False
2026-08-17,2026-08-14,2026-07-31,0.055958415204678355,0.2,,1.6774274918463332,160177170.9355902,0.0,236449174.0644098,236449174.0644098,0,False
2026-08-18,2026-08-17,2026-07-31,0.055958415204678355,0.2,,1.6704872464723945,160192530.39033747,0.0,238919578.60966253,238919578.60966253,0,False
2026-08-19,2026-08-18,2026-07-31,0.055958415204678355,0.2,,1.6659992262579293,161779505.04826915,0.0,242912451.95173085,242912451.95173085,0,False
2026-08-20,2026-08-19,2026-07-31,0.055958415204678355,0.2,,1.6659973493262112,163305780.08519295,0.0,245204849.91480705,245204849.91480705,0,False
2026-08-21,2026-08-20,2026-07-31,0.055958415204678355,0.2,,1.6723958660643334,163321439.5435573,0.0,242894770.4564427,242894770.4564427,0,False
2026-08-24,2026-08-21,2026-07-31,0.055958415204678355,0.2,,1.6670228485718324,163368422.42342597,0.0,244921778.57657403,244921778.57657403,0,False
2026-08-25,2026-08-24,2026-07-31,0.055958415204678355,0.2,,1.6698737686240548,163384087.88858986,0.0,243902800.11141014,243902800.11141014,0,False
2026-08-26,2026-08-25,2026-07-31,0.055958415204678355,0.2,,1.6665749591402303,163399754.85592166,0.0,245133353.14407834,245133353.14407834,0,False
2026-08-27,2026-08-26,2026-07-31,0.055958415204678355,0.2,,1.6659926308389363,163123062.76717347,1909.0684681010898,244929367.30129462,244929367.30129462,0,False
2026-08-28,2026-08-27,2026-07-31,0.055958415204678355,0.2,,1.6659960062356227,163476132.959231,0.0,245461131.040769,245461131.040769,0,False
