date,signal_day,observed_on,spread,percentile,cap,exposure,debt,cash,equity,constraint_equity,active_sells,unresolved
2015-05-05,2015-05-04,2015-04-30,0.02681063088057902,0.06666666666666667,1.0,0.049706938450950935,0.0,2850863.5968,2999983.5968,2999983.5968,0,False
2015-05-06,2015-05-05,2015-04-30,0.02681063088057902,0.06666666666666667,1.0,0.0983504898330631,0.0,2702322.25905,2997087.25905,2997087.25905,0,False
2015-05-07,2015-05-06,2015-04-30,0.02681063088057902,0.06666666666666667,1.0,0.14773262995287226,0.0,2553975.94275,2996683.94275,2996683.94275,0,False
2015-05-08,2015-05-07,2015-04-30,0.02681063088057902,0.06666666666666667,1.0,0.19914372578413833,0.0,2403939.44055,3001711.44055,3001711.44055,0,False
2015-05-11,2015-05-08,2015-04-30,0.02681063088057902,0.06666666666666667,1.0,0.2558124429883704,0.0,2254254.97707,3029148.97707,3029148.97707,0,False
2015-05-12,2015-05-11,2015-04-30,0.02681063088057902,0.06666666666666667,1.0,0.3048468202887002,0.0,2104818.54087,3027848.54087,3027848.54087,0,False
2015-05-13,2015-05-12,2015-04-30,0.02681063088057902,0.06666666666666667,1.0,0.34890646266188113,0.0,1956689.2484400002,3005235.24844,3005235.24844,0,False
2015-05-14,2015-05-13,2015-04-30,0.02681063088057902,0.06666666666666667,1.0,0.39564630187723066,0.0,1808128.9086000002,2991838.9086,2991838.9086,0,False
2015-05-15,2015-05-14,2015-04-30,0.02681063088057902,0.06666666666666667,1.0,0.4449504387974937,0.0,1659760.58988,2990292.58988,2990292.58988,0,False
2015-05-18,2015-05-15,2015-04-30,0.02681063088057902,0.06666666666666667,1.0,0.493377808638219,0.0,1512032.34156,2984536.34156,2984536.34156,0,False
2015-05-19,2015-05-18,2015-04-30,0.02681063088057902,0.06666666666666667,1.0,0.548418258356797,0.0,1361295.76236,3014505.76236,3014505.76236,0,False
2015-05-20,2015-05-19,2015-04-30,0.02681063088057902,0.06666666666666667,1.0,0.5971543004102378,0.0,1211263.2606000002,3006767.2606,3006767.2606,0,False
2015-05-21,2015-05-20,2015-04-30,0.02681063088057902,0.06666666666666667,1.0,0.6072629192502458,0.0,1189892.0469400003,3029742.04694,3029742.04694,0,False
2015-05-22,2015-05-21,2015-04-30,0.02681063088057902,0.06666666666666667,1.0,0.6161602214493317,0.0,1182566.9737400003,3080886.9737400003,3080886.9737400003,0,False
2015-05-25,2015-05-22,2015-04-30,0.02681063088057902,0.06666666666666667,1.0,0.6217009525321142,0.0,1182566.9737400003,3126010.9737400003,3126010.9737400003,0,False
2015-05-26,2015-05-25,2015-04-30,0.02681063088057902,0.06666666666666667,1.0,0.6272668899908715,0.0,1182566.9737400003,3172690.9737400003,3172690.9737400003,0,False
2015-05-27,2015-05-26,2015-04-30,0.02681063088057902,0.06666666666666667,1.0,0.6341743238187184,0.0,1182566.9737400003,3232596.9737400003,3232596.9737400003,0,False
2015-05-28,2015-05-27,2015-04-30,0.02681063088057902,0.06666666666666667,1.0,0.622640123846973,0.0,1182566.9737400003,3133790.9737400003,3133790.9737400003,0,False
2015-05-29,2015-05-28,2015-04-30,0.02681063088057902,0.06666666666666667,1.0,0.6271754668143885,0.0,1182566.9737400003,3171912.9737400003,3171912.9737400003,0,False
2015-06-01,2015-05-29,2015-05-29,0.025245510403916767,0.0,1.0,0.6355776319558799,0.0,1182566.9737400003,3245044.9737400003,3245044.9737400003,0,False
2015-06-02,2015-06-01,2015-05-29,0.025245510403916767,0.0,1.0,0.6324937936485742,0.0,1182566.9737400003,3217814.9737400003,3217814.9737400003,0,False
2015-06-03,2015-06-02,2015-05-29,0.025245510403916767,0.0,1.0,0.6290859836693528,0.0,1182566.9737400003,3188250.9737400003,3188250.9737400003,0,False
2015-06-04,2015-06-03,2015-05-29,0.025245510403916767,0.0,1.0,0.6740079993500872,0.0,1025896.7419100003,3146999.7419100003,3146999.7419100003,0,False
2015-06-05,2015-06-04,2015-05-29,0.025245510403916767,0.0,1.0,0.7364600920475172,0.0,862628.7844100003,3273237.78441,3273237.78441,0,False
2015-06-08,2015-06-05,2015-05-29,0.025245510403916767,0.0,1.0,0.7873034703187289,0.0,700910.9974100003,3295356.9974100003,3295356.9974100003,0,False
2015-06-09,2015-06-08,2015-05-29,0.025245510403916767,0.0,1.0,0.8378556266863157,0.0,537285.0005300003,3313621.0005300003,3313621.0005300003,0,False
2015-06-10,2015-06-09,2015-05-29,0.025245510403916767,0.0,1.0,0.8870067346172579,0.0,373416.9770300003,3304771.97703,3304771.97703,0,False
2015-06-11,2015-06-10,2015-05-29,0.025245510403916767,0.0,1.0,0.9363124611010193,0.0,210099.01403000034,3298903.01403,3298903.01403,0,False
2015-06-12,2015-06-11,2015-05-29,0.025245510403916767,0.0,1.0,0.9870862070402,0.0,43284.666470000346,3351816.6664700005,3351816.6664700005,0,False
2015-06-15,2015-06-12,2015-05-29,0.025245510403916767,0.0,1.0,0.9990504266338334,0.0,3235.266030000348,3407073.2660300005,3407073.2660300005,0,False
2015-06-16,2015-06-15,2015-05-29,0.025245510403916767,0.0,1.0,0.999002958284934,0.0,3235.266030000348,3244865.2660300005,3244865.2660300005,0,False
2015-06-17,2015-06-16,2015-05-29,0.025245510403916767,0.0,1.0,0.9990089275681002,0.0,3235.266030000348,3264409.2660300005,3264409.2660300005,0,False
2015-06-18,2015-06-17,2015-05-29,0.025245510403916767,0.0,1.0,0.9989665335286587,0.0,3235.266030000348,3130499.2660300005,3130499.2660300005,0,False
2015-06-19,2015-06-18,2015-05-29,0.025245510403916767,0.0,1.0,0.9989508223394523,0.0,3095.688590000347,2950585.6885900004,2950585.6885900004,0,False
2015-06-23,2015-06-19,2015-05-29,0.025245510403916767,0.0,1.0,0.9997253159434356,0.0,825.2336500003476,3004301.2336500003,3004301.2336500003,0,False
2015-06-24,2015-06-23,2015-05-29,0.025245510403916767,0.0,1.0,0.9997279512196579,0.0,825.2336500003476,3033403.2336500003,3033403.2336500003,0,False
2015-06-25,2015-06-24,2015-05-29,0.025245510403916767,0.0,1.0,0.9997148694822978,0.0,825.2336500003476,2894231.2336500003,2894231.2336500003,0,False
2015-06-26,2015-06-25,2015-05-29,0.025245510403916767,0.0,1.0,0.0,0.0,2625158.21203,2625158.21203,2625158.21203,0,False
2015-06-29,2015-06-26,2015-05-29,0.025245510403916767,0.0,1.0,0.0,0.0,2625158.21203,2625158.21203,2625158.21203,0,False
2015-06-30,2015-06-29,2015-05-29,0.025245510403916767,0.0,1.0,0.0,0.0,2625158.21203,2625158.21203,2625158.21203,0,False
2015-07-01,2015-06-30,2015-06-30,0.026097246430788333,0.05,1.0,0.0,0.0,2625158.21203,2625158.21203,2625158.21203,0,False
2015-07-02,2015-07-01,2015-06-30,0.026097246430788333,0.05,1.0,0.0,0.0,2625158.21203,2625158.21203,2625158.21203,0,False
2015-07-03,2015-07-02,2015-06-30,0.026097246430788333,0.05,1.0,0.0,0.0,2625158.21203,2625158.21203,2625158.21203,0,False
2015-07-06,2015-07-03,2015-06-30,0.026097246430788333,0.05,1.0,0.0,0.0,2625158.21203,2625158.21203,2625158.21203,0,False
2015-07-07,2015-07-06,2015-06-30,0.026097246430788333,0.05,1.0,0.0,0.0,2625158.21203,2625158.21203,2625158.21203,0,False
2015-07-08,2015-07-07,2015-06-30,0.026097246430788333,0.05,1.0,0.0,0.0,2625158.21203,2625158.21203,2625158.21203,0,False
2015-07-09,2015-07-08,2015-06-30,0.026097246430788333,0.05,1.0,0.0,0.0,2625158.21203,2625158.21203,2625158.21203,0,False
2015-07-10,2015-07-09,2015-06-30,0.026097246430788333,0.05,1.0,0.0,0.0,2625158.21203,2625158.21203,2625158.21203,0,False
2015-07-13,2015-07-10,2015-06-30,0.026097246430788333,0.05,1.0,0.0,0.0,2625158.21203,2625158.21203,2625158.21203,0,False
2015-07-14,2015-07-13,2015-06-30,0.026097246430788333,0.05,1.0,0.0,0.0,2625158.21203,2625158.21203,2625158.21203,0,False
2015-07-15,2015-07-14,2015-06-30,0.026097246430788333,0.05,1.0,0.0,0.0,2625158.21203,2625158.21203,2625158.21203,0,False
2015-07-16,2015-07-15,2015-06-30,0.026097246430788333,0.05,1.0,0.0,0.0,2625158.21203,2625158.21203,2625158.21203,0,False
2015-07-17,2015-07-16,2015-06-30,0.026097246430788333,0.05,1.0,0.0,0.0,2625158.21203,2625158.21203,2625158.21203,0,False
2015-07-20,2015-07-17,2015-06-30,0.026097246430788333,0.05,1.0,0.0,0.0,2625158.21203,2625158.21203,2625158.21203,0,False
2015-07-21,2015-07-20,2015-06-30,0.026097246430788333,0.05,1.0,0.0,0.0,2625158.21203,2625158.21203,2625158.21203,0,False
2015-07-22,2015-07-21,2015-06-30,0.026097246430788333,0.05,1.0,0.0,0.0,2625158.21203,2625158.21203,2625158.21203,0,False
2015-07-23,2015-07-22,2015-06-30,0.026097246430788333,0.05,1.0,0.0,0.0,2625158.21203,2625158.21203,2625158.21203,0,False
2015-07-24,2015-07-23,2015-06-30,0.026097246430788333,0.05,1.0,0.0,0.0,2625158.21203,2625158.21203,2625158.21203,0,False
2015-07-27,2015-07-24,2015-06-30,0.026097246430788333,0.05,1.0,0.0,0.0,2625158.21203,2625158.21203,2625158.21203,0,False
2015-07-28,2015-07-27,2015-06-30,0.026097246430788333,0.05,1.0,0.0,0.0,2625158.21203,2625158.21203,2625158.21203,0,False
2015-07-29,2015-07-28,2015-06-30,0.026097246430788333,0.05,1.0,0.0,0.0,2625158.21203,2625158.21203,2625158.21203,0,False
2015-07-30,2015-07-29,2015-06-30,0.026097246430788333,0.05,1.0,0.0,0.0,2625158.21203,2625158.21203,2625158.21203,0,False
2015-07-31,2015-07-30,2015-06-30,0.026097246430788333,0.05,1.0,0.0,0.0,2625158.21203,2625158.21203,2625158.21203,0,False
2015-08-03,2015-07-31,2015-07-31,0.0376069001447178,0.2833333333333333,,0.0,0.0,2625158.21203,2625158.21203,2625158.21203,0,False
2015-08-04,2015-08-03,2015-07-31,0.0376069001447178,0.2833333333333333,,0.0,0.0,2625158.21203,2625158.21203,2625158.21203,0,False
2015-08-05,2015-08-04,2015-07-31,0.0376069001447178,0.2833333333333333,,0.0,0.0,2625158.21203,2625158.21203,2625158.21203,0,False
2015-08-06,2015-08-05,2015-07-31,0.0376069001447178,0.2833333333333333,,0.0,0.0,2625158.21203,2625158.21203,2625158.21203,0,False
2015-08-07,2015-08-06,2015-07-31,0.0376069001447178,0.2833333333333333,,0.0,0.0,2625158.21203,2625158.21203,2625158.21203,0,False
2015-08-10,2015-08-07,2015-07-31,0.0376069001447178,0.2833333333333333,,0.0,0.0,2625158.21203,2625158.21203,2625158.21203,0,False
2015-08-11,2015-08-10,2015-07-31,0.0376069001447178,0.2833333333333333,,0.0,0.0,2625158.21203,2625158.21203,2625158.21203,0,False
2015-08-12,2015-08-11,2015-07-31,0.0376069001447178,0.2833333333333333,,0.0,0.0,2625158.21203,2625158.21203,2625158.21203,0,False
2015-08-13,2015-08-12,2015-07-31,0.0376069001447178,0.2833333333333333,,0.0,0.0,2625158.21203,2625158.21203,2625158.21203,0,False
2015-08-14,2015-08-13,2015-07-31,0.0376069001447178,0.2833333333333333,,0.0,0.0,2625158.21203,2625158.21203,2625158.21203,0,False
2015-08-17,2015-08-14,2015-07-31,0.0376069001447178,0.2833333333333333,,0.0,0.0,2625158.21203,2625158.21203,2625158.21203,0,False
2015-08-18,2015-08-17,2015-07-31,0.0376069001447178,0.2833333333333333,,0.0,0.0,2625158.21203,2625158.21203,2625158.21203,0,False
2015-08-19,2015-08-18,2015-07-31,0.0376069001447178,0.2833333333333333,,0.0,0.0,2625158.21203,2625158.21203,2625158.21203,0,False
2015-08-20,2015-08-19,2015-07-31,0.0376069001447178,0.2833333333333333,,0.0,0.0,2625158.21203,2625158.21203,2625158.21203,0,False
2015-08-21,2015-08-20,2015-07-31,0.0376069001447178,0.2833333333333333,,0.0,0.0,2625158.21203,2625158.21203,2625158.21203,0,False
2015-08-24,2015-08-21,2015-07-31,0.0376069001447178,0.2833333333333333,,0.0,0.0,2625158.21203,2625158.21203,2625158.21203,0,False
2015-08-25,2015-08-24,2015-07-31,0.0376069001447178,0.2833333333333333,,0.0,0.0,2625158.21203,2625158.21203,2625158.21203,0,False
2015-08-26,2015-08-25,2015-07-31,0.0376069001447178,0.2833333333333333,,0.0,0.0,2625158.21203,2625158.21203,2625158.21203,0,False
2015-08-27,2015-08-26,2015-07-31,0.0376069001447178,0.2833333333333333,,0.0,0.0,2625158.21203,2625158.21203,2625158.21203,0,False
2015-08-28,2015-08-27,2015-07-31,0.0376069001447178,0.2833333333333333,,0.0,0.0,2625158.21203,2625158.21203,2625158.21203,0,False
2015-08-31,2015-08-28,2015-07-31,0.0376069001447178,0.2833333333333333,,0.0,0.0,2625158.21203,2625158.21203,2625158.21203,0,False
2015-09-01,2015-08-31,2015-08-31,0.0522911993156544,0.38333333333333336,,0.0,0.0,2625158.21203,2625158.21203,2625158.21203,0,False
2015-09-02,2015-09-01,2015-08-31,0.0522911993156544,0.38333333333333336,,0.0,0.0,2625158.21203,2625158.21203,2625158.21203,0,False
2015-09-07,2015-09-02,2015-08-31,0.0522911993156544,0.38333333333333336,,0.0,0.0,2625158.21203,2625158.21203,2625158.21203,0,False
2015-09-08,2015-09-07,2015-08-31,0.0522911993156544,0.38333333333333336,,0.0,0.0,2625158.21203,2625158.21203,2625158.21203,0,False
2015-09-09,2015-09-08,2015-08-31,0.0522911993156544,0.38333333333333336,,0.0,0.0,2625158.21203,2625158.21203,2625158.21203,0,False
2015-09-10,2015-09-09,2015-08-31,0.0522911993156544,0.38333333333333336,,0.0,0.0,2625158.21203,2625158.21203,2625158.21203,0,False
2015-09-11,2015-09-10,2015-08-31,0.0522911993156544,0.38333333333333336,,0.0,0.0,2625158.21203,2625158.21203,2625158.21203,0,False
2015-09-14,2015-09-11,2015-08-31,0.0522911993156544,0.38333333333333336,,0.0,0.0,2625158.21203,2625158.21203,2625158.21203,0,False
2015-09-15,2015-09-14,2015-08-31,0.0522911993156544,0.38333333333333336,,0.0,0.0,2625158.21203,2625158.21203,2625158.21203,0,False
2015-09-16,2015-09-15,2015-08-31,0.0522911993156544,0.38333333333333336,,0.0,0.0,2625158.21203,2625158.21203,2625158.21203,0,False
2015-09-17,2015-09-16,2015-08-31,0.0522911993156544,0.38333333333333336,,0.0,0.0,2625158.21203,2625158.21203,2625158.21203,0,False
2015-09-18,2015-09-17,2015-08-31,0.0522911993156544,0.38333333333333336,,0.0,0.0,2625158.21203,2625158.21203,2625158.21203,0,False
2015-09-21,2015-09-18,2015-08-31,0.0522911993156544,0.38333333333333336,,0.0,0.0,2625158.21203,2625158.21203,2625158.21203,0,False
2015-09-22,2015-09-21,2015-08-31,0.0522911993156544,0.38333333333333336,,0.0,0.0,2625158.21203,2625158.21203,2625158.21203,0,False
2015-09-23,2015-09-22,2015-08-31,0.0522911993156544,0.38333333333333336,,0.0,0.0,2625158.21203,2625158.21203,2625158.21203,0,False
2015-09-24,2015-09-23,2015-08-31,0.0522911993156544,0.38333333333333336,,0.0,0.0,2625158.21203,2625158.21203,2625158.21203,0,False
2015-09-25,2015-09-24,2015-08-31,0.0522911993156544,0.38333333333333336,,0.0,0.0,2625158.21203,2625158.21203,2625158.21203,0,False
2015-09-28,2015-09-25,2015-08-31,0.0522911993156544,0.38333333333333336,,0.0,0.0,2625158.21203,2625158.21203,2625158.21203,0,False
2015-09-29,2015-09-28,2015-08-31,0.0522911993156544,0.38333333333333336,,0.0,0.0,2625158.21203,2625158.21203,2625158.21203,0,False
2015-09-30,2015-09-29,2015-08-31,0.0522911993156544,0.38333333333333336,,0.0,0.0,2625158.21203,2625158.21203,2625158.21203,0,False
2015-10-08,2015-09-30,2015-09-30,0.05676455971479501,0.45,,0.0,0.0,2625158.21203,2625158.21203,2625158.21203,0,False
2015-10-09,2015-10-08,2015-09-30,0.05676455971479501,0.45,,0.0,0.0,2625158.21203,2625158.21203,2625158.21203,0,False
2015-10-12,2015-10-09,2015-09-30,0.05676455971479501,0.45,,0.0,0.0,2625158.21203,2625158.21203,2625158.21203,0,False
2015-10-13,2015-10-12,2015-09-30,0.05676455971479501,0.45,,0.0,0.0,2625158.21203,2625158.21203,2625158.21203,0,False
2015-10-14,2015-10-13,2015-09-30,0.05676455971479501,0.45,,0.0,0.0,2625158.21203,2625158.21203,2625158.21203,0,False
2015-10-15,2015-10-14,2015-09-30,0.05676455971479501,0.45,,0.0,0.0,2625158.21203,2625158.21203,2625158.21203,0,False
2015-10-16,2015-10-15,2015-09-30,0.05676455971479501,0.45,,0.0,0.0,2625158.21203,2625158.21203,2625158.21203,0,False
2015-10-19,2015-10-16,2015-09-30,0.05676455971479501,0.45,,0.0,0.0,2625158.21203,2625158.21203,2625158.21203,0,False
2015-10-20,2015-10-19,2015-09-30,0.05676455971479501,0.45,,0.0,0.0,2625158.21203,2625158.21203,2625158.21203,0,False
2015-10-21,2015-10-20,2015-09-30,0.05676455971479501,0.45,,0.0,0.0,2625158.21203,2625158.21203,2625158.21203,0,False
2015-10-22,2015-10-21,2015-09-30,0.05676455971479501,0.45,,0.0,0.0,2625158.21203,2625158.21203,2625158.21203,0,False
2015-10-23,2015-10-22,2015-09-30,0.05676455971479501,0.45,,0.0,0.0,2625158.21203,2625158.21203,2625158.21203,0,False
2015-10-26,2015-10-23,2015-09-30,0.05676455971479501,0.45,,0.0,0.0,2625158.21203,2625158.21203,2625158.21203,0,False
2015-10-27,2015-10-26,2015-09-30,0.05676455971479501,0.45,,0.0,0.0,2625158.21203,2625158.21203,2625158.21203,0,False
2015-10-28,2015-10-27,2015-09-30,0.05676455971479501,0.45,,0.04855504716178295,0.0,2497680.19099,2625144.19099,2625144.19099,0,False
2015-10-29,2015-10-28,2015-09-30,0.05676455971479501,0.45,,0.0973541409612133,0.0,2369866.13299,2625466.13299,2625466.13299,0,False
2015-10-30,2015-10-29,2015-09-30,0.05676455971479501,0.45,,0.19616407616336864,0.0,2111250.68842,2626469.68842,2626469.68842,0,False
2015-11-02,2015-10-30,2015-10-30,0.049785852090032154,0.31666666666666665,,0.29338194686424274,0.0,1853346.32206,2622840.32206,2622840.32206,0,False
2015-11-03,2015-11-02,2015-10-30,0.049785852090032154,0.31666666666666665,,0.3897785833629145,0.0,1597512.1834,2617922.1834,2617922.1834,0,False
2015-11-04,2015-11-03,2015-10-30,0.049785852090032154,0.31666666666666665,,0.4950832457991021,0.0,1336730.5005700001,2647427.50057,2647427.50057,0,False
2015-11-05,2015-11-04,2015-10-30,0.049785852090032154,0.31666666666666665,,0.6451838500856825,0.0,941902.0742200003,2654620.0742200003,2654620.0742200003,0,False
2015-11-06,2015-11-05,2015-10-30,0.049785852090032154,0.31666666666666665,,0.8458752180006526,0.0,411644.75233000034,2670853.7523300005,2670853.7523300005,0,False
2015-11-09,2015-11-06,2015-10-30,0.049785852090032154,0.31666666666666665,,0.9485619933069223,0.0,140228.89987000037,2726172.8998700003,2726172.8998700003,0,False
2015-11-10,2015-11-09,2015-10-30,0.049785852090032154,0.31666666666666665,,1.0479992354028027,130576.88548999961,0.0,2720395.11451,2720395.11451,0,False
2015-11-11,2015-11-10,2015-10-30,0.049785852090032154,0.31666666666666665,,1.1969829663428744,533003.667261211,0.0,2705836.332738789,2705836.332738789,0,False
2015-11-12,2015-11-11,2015-10-30,0.049785852090032154,0.31666666666666665,,1.4964709997361256,1337285.2328219074,0.0,2693581.7671780926,2693581.7671780926,0,False
2015-11-13,2015-11-12,2015-10-30,0.049785852090032154,0.31666666666666665,,1.665902011057907,1789600.200722452,0.0,2687482.7992775477,2687482.7992775477,0,False
2015-11-16,2015-11-13,2015-10-30,0.049785852090032154,0.31666666666666665,,1.6659376887871307,1797742.0461185502,0.0,2699564.95388145,2699564.95388145,0,False
2015-11-17,2015-11-16,2015-10-30,0.049785852090032154,0.31666666666666665,,1.669588984639575,1797914.4323421507,0.0,2685101.5676578493,2685101.5676578493,0,False
2015-11-18,2015-11-17,2015-10-30,0.049785852090032154,0.31666666666666665,,1.6792122436233727,1798086.835095937,0.0,2647312.164904063,2647312.164904063,0,False
2015-11-19,2015-11-18,2015-10-30,0.049785852090032154,0.31666666666666665,,1.6659194986188375,1809013.361821494,0.0,2716564.638178506,2716564.638178506,0,False
2015-11-20,2015-11-19,2015-10-30,0.049785852090032154,0.31666666666666665,,1.6808810392610714,1809186.8288561893,0.0,2657126.1711438107,2657126.1711438107,0,False
2015-11-23,2015-11-20,2015-10-30,0.049785852090032154,0.31666666666666665,,1.7071343720751706,1809707.2798617505,0.0,2559212.7201382495,2559212.7201382495,0,False
2015-11-24,2015-11-23,2015-10-30,0.049785852090032154,0.31666666666666665,,1.7042945663169715,1809880.8134365317,0.0,2569778.1865634685,2569778.1865634685,0,False
2015-11-25,2015-11-24,2015-10-30,0.049785852090032154,0.31666666666666665,,1.6659566035506506,1726884.4778080885,174.7199765698229,2592826.242168482,2592826.242168482,0,False
2015-11-26,2015-11-25,2015-10-30,0.049785852090032154,0.31666666666666665,,1.6659924939140653,1746327.7334737745,0.0,2622143.2665262255,2622143.2665262255,0,False
2015-11-27,2015-11-26,2015-10-30,0.049785852090032154,0.31666666666666665,,1.665894328241868,1602405.8637545009,527.028536694681,2405605.1647821935,2405605.1647821935,0,False
2015-11-30,2015-11-27,2015-10-30,0.049785852090032154,0.31666666666666665,,1.6659187771275548,1656483.3678482014,0.0,2487515.6321517983,2487515.6321517983,0,False
2015-12-01,2015-11-30,2015-11-30,0.05017617727639001,0.31666666666666665,,1.6690182323024116,1656642.208719091,0.0,2476228.791280909,2476228.791280909,0,False
2015-12-02,2015-12-01,2015-11-30,0.05017617727639001,0.31666666666666665,,1.6658637163204986,1732196.3096412972,0.0,2601427.690358703,2601427.690358703,0,False
2015-12-03,2015-12-02,2015-11-30,0.05017617727639001,0.31666666666666665,,1.6659887110120988,1760544.6923772902,0.0,2643505.30762271,2643505.30762271,0,False
2015-12-04,2015-12-03,2015-11-30,0.05017617727639001,0.31666666666666665,,1.6905039164655895,1760713.5117313538,0.0,2549896.4882686464,2549896.4882686464,0,False
2015-12-07,2015-12-04,2015-11-30,0.05017617727639001,0.31666666666666665,,1.6659186245926618,1696904.7177735611,257.8478055449805,2547829.1300319834,2547829.1300319834,0,False
2015-12-08,2015-12-07,2015-11-30,0.05017617727639001,0.31666666666666665,,1.6928939559526748,1696809.5868587615,0.0,2448873.4131412385,2448873.4131412385,0,False
2015-12-09,2015-12-08,2015-11-30,0.05017617727639001,0.31666666666666665,,1.6659632734855592,1749307.8242773646,0.0,2626733.1757226354,2626733.1757226354,0,False
2015-12-10,2015-12-09,2015-11-30,0.05017617727639001,0.31666666666666665,,1.6756536004883653,1749475.5661235282,0.0,2589308.4338764716,2589308.4338764716,0,False
2015-12-11,2015-12-10,2015-11-30,0.05017617727639001,0.31666666666666665,,1.6659716558405222,1692254.5021796857,131.64610515935055,2540833.143925473,2540833.143925473,0,False
2015-12-14,2015-12-11,2015-11-30,0.05017617727639001,0.31666666666666665,,1.665877316967202,1728451.0273235093,0.0,2595749.9726764904,2595749.9726764904,0,False
2015-12-15,2015-12-14,2015-11-30,0.05017617727639001,0.31666666666666665,,1.6659580249312933,1742780.9106928415,0.0,2616953.0893071583,2616953.0893071583,0,False
2015-12-16,2015-12-15,2015-11-30,0.05017617727639001,0.31666666666666665,,1.6659659057494267,1724104.8182373946,152.03317681547924,2588650.2149394206,2588650.2149394206,0,False
2015-12-17,2015-12-16,2015-11-30,0.05017617727639001,0.31666666666666665,,1.6659488968585106,1767550.5443501363,0.0,2654183.455649864,2654183.455649864,0,False
2015-12-18,2015-12-17,2015-11-30,0.05017617727639001,0.31666666666666665,,1.6659424901118751,1772848.8734582248,0.0,2662165.126541775,2662165.126541775,0,False
2015-12-21,2015-12-18,2015-11-30,0.05017617727639001,0.31666666666666665,,1.6659931029626578,1824295.3802893565,0.0,2739210.619710644,2739210.619710644,0,False
2015-12-22,2015-12-21,2015-11-30,0.05017617727639001,0.31666666666666665,,1.6711997222533723,1824470.3127230827,0.0,2718222.6872769175,2718222.6872769175,0,False
2015-12-23,2015-12-22,2015-11-30,0.05017617727639001,0.31666666666666665,,1.6718523264821294,1824645.261931152,0.0,2715842.738068848,2715842.738068848,0,False
2015-12-24,2015-12-23,2015-11-30,0.05017617727639001,0.31666666666666665,,1.665995538431061,1909818.4777551729,0.0,2867614.522244827,2867614.522244827,0,False
2015-12-25,2015-12-24,2015-11-30,0.05017617727639001,0.31666666666666665,,1.6658936812907719,1967886.9777238618,0.0,2955257.022276138,2955257.022276138,0,False
2015-12-28,2015-12-25,2015-11-30,0.05017617727639001,0.31666666666666665,,1.6673646846280075,1888449.9139169056,0.0,2829712.0860830946,2829712.0860830946,0,False
2015-12-29,2015-12-28,2015-11-30,0.05017617727639001,0.31666666666666665,,1.6659870758194817,1863721.0812286192,104.89121339273697,2798276.8099847734,2798276.8099847734,0,False
2015-12-30,2015-12-29,2015-11-30,0.05017617727639001,0.31666666666666665,,1.6660082917508714,1849528.6846049186,42.45773930041469,2776971.7731343824,2776971.7731343824,0,False
2015-12-31,2015-12-30,2015-11-30,0.05017617727639001,0.31666666666666665,,1.671729876243677,1849663.5789312653,0.0,2753582.4210687345,2753582.4210687345,0,False
2016-01-04,2015-12-31,2015-12-31,0.04865195080707148,0.2833333333333333,,1.325818216640845,1637108.5600698607,836445.0089657175,2457393.4488958567,2457393.4488958567,0,False
2016-01-05,2016-01-04,2015-12-31,0.04865195080707148,0.2833333333333333,,1.4262317968605482,1603655.7162782429,577346.3811214903,2407866.6648432473,2407866.6648432473,0,False
2016-01-06,2016-01-05,2015-12-31,0.04865195080707148,0.2833333333333333,,1.5102874597280658,1603809.4914839135,351189.5066014903,2454734.0151175763,2454734.0151175763,0,False
2016-01-07,2016-01-06,2015-12-31,0.04865195080707148,0.2833333333333333,,1.6639470048705134,1445604.4319607816,4469.939727120305,2170556.5077663385,2170556.5077663385,0,False
2016-01-08,2016-01-07,2015-12-31,0.04865195080707148,0.2833333333333333,,1.6657310047556948,1472555.4245567261,0.0,2211937.575443274,2211937.575443274,0,False
2016-01-11,2016-01-08,2015-12-31,0.04865195080707148,0.2833333333333333,,1.1864183432880933,1344079.217763469,968013.0509122815,2017323.8331488124,2017323.8331488124,0,False
2016-01-12,2016-01-11,2015-12-31,0.04865195080707148,0.2833333333333333,,0.7294175659700388,1343444.5099276132,1889087.1490378731,2016548.6391102602,2016548.6391102602,0,False
2016-01-13,2016-01-12,2015-12-31,0.04865195080707148,0.2833333333333333,,0.7773842400062717,1337109.4292322926,1784046.402636395,2007660.9734041023,2007660.9734041023,0,False
2016-01-14,2016-01-13,2015-12-31,0.04865195080707148,0.2833333333333333,,0.8797404457824461,1337237.6452049587,1582351.218606395,2038204.573401436,2038204.573401436,0,False
2016-01-15,2016-01-14,2015-12-31,0.04865195080707148,0.2833333333333333,,0.9250642990027863,1319362.8798593024,1467811.6071333904,1981014.727274088,1981014.727274088,0,False
2016-01-18,2016-01-15,2015-12-31,0.04865195080707148,0.2833333333333333,,1.0241413021959185,1307453.3608955329,1260061.04702336,1963121.6861278268,1963121.6861278268,0,False
2016-01-19,2016-01-18,2015-12-31,0.04865195080707148,0.2833333333333333,,1.0646369505094264,1307578.7331356187,1176473.85344336,2028327.1203077412,2028327.1203077412,0,False
2016-01-20,2016-01-19,2015-12-31,0.04865195080707148,0.2833333333333333,,1.0664263728220238,1307704.1173977002,1176473.85344336,1975574.7360456598,1975574.7360456598,0,False
2016-01-21,2016-01-20,2015-12-31,0.04865195080707148,0.2833333333333333,,0.45440386262539717,1277842.4382804465,2324275.888160877,1917963.4498804305,1917963.4498804305,0,False
2016-01-22,2016-01-21,2015-12-31,0.04865195080707148,0.2833333333333333,,0.5056908554365044,1277964.9711169938,2229065.416160877,1924100.445043883,1924100.445043883,0,False
2016-01-25,2016-01-22,2015-12-31,0.04865195080707148,0.2833333333333333,,0.5043549748533185,1277503.0923158557,2228235.903600924,1918172.8112850685,1918172.8112850685,0,False
2016-01-26,2016-01-25,2015-12-31,0.04865195080707148,0.2833333333333333,,0.49374772143646856,1250575.0471183711,2201185.3581069163,1877740.3109885452,1877740.3109885452,0,False
2016-01-27,2016-01-26,2015-12-31,0.04865195080707148,0.2833333333333333,,0.48866899679346953,1237997.6916270058,2188488.084460348,1858855.392833342,1858855.392833342,0,False
2016-01-28,2016-01-27,2015-12-31,0.04865195080707148,0.2833333333333333,,0.0,1212923.6493634668,3033599.1207393925,1820675.4713759257,1820675.4713759257,0,False
2016-01-29,2016-01-28,2015-12-31,0.04865195080707148,0.2833333333333333,,0.0,1212492.402976732,3033051.5666054585,1820559.1636287265,1820559.1636287265,0,False
2016-02-01,2016-01-29,2016-01-29,0.06709198376313276,0.6166666666666667,,0.0,1212260.1027199095,3032470.467164218,1820210.3644443084,1820210.3644443084,0,False
2016-02-02,2016-02-01,2016-01-29,0.06709198376313276,0.6166666666666667,,0.0,1212182.6841363632,3032276.804461233,1820094.1203248696,1820094.1203248696,0,False
2016-02-03,2016-02-02,2016-01-29,0.06709198376313276,0.6166666666666667,,0.0,1212105.270497001,3032083.1541261314,1819977.8836291304,1819977.8836291304,0,False
2016-02-04,2016-02-03,2016-01-29,0.06709198376313276,0.6166666666666667,,0.0,1212027.861801507,3031889.516158124,1819861.654356617,1819861.654356617,0,False
2016-02-05,2016-02-04,2016-01-29,0.06709198376313276,0.6166666666666667,,0.0,1211950.4580495656,3031695.8905564207,1819745.432506855,1819745.432506855,0,False
2016-02-15,2016-02-05,2016-01-29,0.06709198376313276,0.6166666666666667,,0.0,1211176.4699625208,3029759.758194534,1818583.2882320134,1818583.2882320134,0,False
2016-02-16,2016-02-15,2016-01-29,0.06709198376313276,0.6166666666666667,,0.0,1211099.1205830283,3029566.268605593,1818467.1480225648,1818467.1480225648,0,False
2016-02-17,2016-02-16,2016-01-29,0.06709198376313276,0.6166666666666667,,0.0,1211021.7761433,3029372.79137348,1818351.01523018,1818351.01523018,0,False
2016-02-18,2016-02-17,2016-01-29,0.06709198376313276,0.6166666666666667,,0.0,1210944.4366430207,3029179.3264974062,1818234.8898543855,1818234.8898543855,0,False
2016-02-19,2016-02-18,2016-01-29,0.06709198376313276,0.6166666666666667,,0.0,1210867.102081875,3028985.8739765827,1818118.7718947076,1818118.7718947076,0,False
2016-02-22,2016-02-19,2016-01-29,0.06709198376313276,0.6166666666666667,,0.0,1210635.113214893,3028405.553477495,1817770.440262602,1817770.440262602,0,False
2016-02-23,2016-02-22,2016-01-29,0.06709198376313276,0.6166666666666667,,0.0,1210557.7984080736,3028212.150372148,1817654.3519640744,1817654.3519640744,0,False
2016-02-24,2016-02-23,2016-01-29,0.06709198376313276,0.6166666666666667,,0.0,1210480.488538811,3028018.7596181063,1817538.2710792953,1817538.2710792953,0,False
2016-02-25,2016-02-24,2016-01-29,0.06709198376313276,0.6166666666666667,,0.0,1210403.1836067892,3027825.3812145805,1817422.1976077913,1817422.1976077913,0,False
2016-02-26,2016-02-25,2016-01-29,0.06709198376313276,0.6166666666666667,,0.0,1210325.8836116935,3027632.0151607827,1817306.1315490892,1817306.1315490892,0,False
2016-02-29,2016-02-26,2016-01-29,0.06709198376313276,0.6166666666666667,,0.0,1210093.9984362386,3027051.9540462065,1816957.955609968,1816957.955609968,0,False
2016-03-01,2016-02-29,2016-02-29,0.06896388693957116,0.6833333333333333,,0.0,1210016.71818664,3026858.6373857986,1816841.9191991587,1816841.9191991587,0,False
2016-03-02,2016-03-01,2016-02-29,0.06896388693957116,0.6833333333333333,,0.0,1209939.4428723906,3026665.333071175,1816725.8901987844,1816725.8901987844,0,False
2016-03-03,2016-03-02,2016-02-29,0.06896388693957116,0.6833333333333333,,0.0,1209862.1724931758,3026472.041101548,1816609.868608372,1816609.868608372,0,False
2016-03-04,2016-03-03,2016-02-29,0.06896388693957116,0.6833333333333333,,0.0,1209784.9070486804,3026278.7614761284,1816493.854427448,1816493.854427448,0,False
2016-03-07,2016-03-04,2016-02-29,0.06896388693957116,0.6833333333333333,,0.0,1209553.1255184067,3025698.9596301285,1816145.8341117217,1816145.8341117217,0,False
2016-03-08,2016-03-07,2016-02-29,0.06896388693957116,0.6833333333333333,,0.0493981348799601,1209475.8798105826,2935787.861496022,1816019.9816854394,1816019.9816854394,0,False
2016-03-09,2016-03-08,2016-02-29,0.06896388693957116,0.6833333333333333,,0.09457794543451363,1203930.8670278222,2840657.030974102,1807694.16394628,1807694.16394628,0,False
2016-03-10,2016-03-09,2016-02-29,0.06896388693957116,0.6833333333333333,,0.14292452206064293,1201900.0425347693,2748616.873815444,1804644.8312806746,1804644.8312806746,0,False
2016-03-11,2016-03-10,2016-02-29,0.06896388693957116,0.6833333333333333,,0.19953643533479573,1202015.2932237794,2657878.8937354437,1818775.6005116643,1818775.6005116643,0,False
2016-03-14,2016-03-11,2016-02-29,0.06896388693957116,0.6833333333333333,,0.25764566842303943,1202361.0784451177,2566644.8590954435,1837779.7806503258,1837779.7806503258,0,False
2016-03-15,2016-03-14,2016-02-29,0.06896388693957116,0.6833333333333333,,0.29881987433648255,1202476.3733430507,2476328.9254354434,1816726.5520923927,1816726.5520923927,0,False
2016-03-16,2016-03-15,2016-02-29,0.06896388693957116,0.6833333333333333,,0.3503244173974972,1202591.6792966588,2386191.0113554434,1821831.3320587846,1821831.3320587846,0,False
2016-03-17,2016-03-16,2016-02-29,0.06896388693957116,0.6833333333333333,,0.4117811728645242,1202706.9963070024,2293612.8288754434,1854591.832568441,1854591.832568441,0,False
2016-03-18,2016-03-17,2016-02-29,0.06896388693957116,0.6833333333333333,,0.461971645289902,1202822.3243751414,2200950.6371554434,1855159.312780302,1855159.312780302,0,False
2016-03-21,2016-03-18,2016-02-29,0.06896388693957116,0.6833333333333333,,0.6130360359024866,1203168.3417561261,1923909.1659454433,1862552.8241893172,1862552.8241893172,0,False
2016-03-22,2016-03-21,2016-02-29,0.06896388693957116,0.6833333333333333,,0.7596169283454218,1203283.7140628698,1647857.8036354433,1849440.0895725738,1849440.0895725738,0,False
2016-03-23,2016-03-22,2016-02-29,0.06896388693957116,0.6833333333333333,,0.9035211261523876,1203399.0974327114,1383076.6809154432,1862351.5834827318,1862351.5834827318,0,False
2016-03-24,2016-03-23,2016-02-29,0.06896388693957116,0.6833333333333333,,1.0469084689088124,1179970.9739064553,1096863.2724451865,1771699.2985387312,1771699.2985387312,0,False
2016-03-25,2016-03-24,2016-02-29,0.06896388693957116,0.6833333333333333,,1.256540731470857,1180084.1218080628,724499.2932451867,1775877.1714371238,1775877.1714371238,0,False
2016-03-28,2016-03-25,2016-02-29,0.06896388693957116,0.6833333333333333,,1.4125421573147934,1154610.6969918148,439418.87588471995,1733621.1788929054,1733621.1788929054,0,False
2016-03-29,2016-03-28,2016-02-29,0.06896388693957116,0.6833333333333333,,1.6642044488422907,1146700.4602239165,3122.8179425894923,1721725.357718673,1721725.357718673,0,False
2016-03-30,2016-03-29,2016-02-29,0.06896388693957116,0.6833333333333333,,1.665943302961125,1203095.1014197045,0.0,1806602.8985802955,1806602.8985802955,0,False
2016-03-31,2016-03-30,2016-02-29,0.06896388693957116,0.6833333333333333,,1.6658956083252672,1240947.8439734024,0.0,1863577.1560265976,1863577.1560265976,0,False
2016-04-01,2016-03-31,2016-03-31,0.05899358741258742,0.48333333333333334,,1.6658961773631122,1252936.9576221397,0.0,1881580.0423778603,1881580.0423778603,0,False
2016-04-05,2016-04-01,2016-03-31,0.05899358741258742,0.48333333333333334,,1.6658640386568557,1257982.5817812278,0.0,1889248.4182187722,1889248.4182187722,0,False
2016-04-06,2016-04-05,2016-03-31,0.05899358741258742,0.48333333333333334,,1.675833550359757,1258103.210247974,0.0,1861557.789752026,1861557.789752026,0,False
2016-04-07,2016-04-06,2016-03-31,0.05899358741258742,0.48333333333333334,,1.6917171142159504,1258223.8502818332,0.0,1818986.1497181668,1818986.1497181668,0,False
2016-04-08,2016-04-07,2016-03-31,0.05899358741258742,0.48333333333333334,,1.666001869291404,1192166.3057453127,35.49062139779198,1789981.184876085,1789981.184876085,0,False
2016-04-11,2016-04-08,2016-03-31,0.05899358741258742,0.48333333333333334,,1.6658672592251158,1252787.5789548827,0.0,1881437.4210451173,1881437.4210451173,0,False
2016-04-12,2016-04-11,2016-03-31,0.05899358741258742,0.48333333333333334,,1.6659644739212005,1261390.793950673,0.0,1894081.206049327,1894081.206049327,0,False
2016-04-13,2016-04-12,2016-03-31,0.05899358741258742,0.48333333333333334,,1.665999164749104,1346898.0377022848,0.0,2022371.9622977152,2022371.9622977152,0,False
2016-04-14,2016-04-13,2016-03-31,0.05899358741258742,0.48333333333333334,,1.6739807296060956,1347027.1923086399,0.0,1998613.8076913601,1998613.8076913601,0,False
2016-04-15,2016-04-14,2016-03-31,0.05899358741258742,0.48333333333333334,,1.6835592934748331,1347156.3592996832,0.0,1970796.6407003168,1970796.6407003168,0,False
2016-04-18,2016-04-15,2016-03-31,0.05899358741258742,0.48333333333333334,,1.7006003523789073,1347543.8974304406,0.0,1923413.1025695594,1923413.1025695594,0,False
2016-04-19,2016-04-18,2016-03-31,0.05899358741258742,0.48333333333333334,,1.665908903619239,1285936.7000969455,214.54335839505075,1930777.8432614494,1930777.8432614494,0,False
2016-04-20,2016-04-19,2016-03-31,0.05899358741258742,0.48333333333333334,,1.691303417901584,1285845.4657371899,0.0,1860030.5342628101,1860030.5342628101,0,False
2016-04-21,2016-04-20,2016-03-31,0.05899358741258742,0.48333333333333334,,1.6949329737341388,1285968.765987329,0.0,1850493.234012671,1850493.234012671,0,False
2016-04-22,2016-04-21,2016-03-31,0.05899358741258742,0.48333333333333334,,1.7200097044674345,1286092.0780607797,0.0,1786214.9219392203,1786214.9219392203,0,False
2016-04-25,2016-04-22,2016-03-31,0.05899358741258742,0.48333333333333334,,1.6660337597769959,1208259.164863524,35.64254905556294,1814057.4776855316,1814057.4776855316,0,False
2016-04-26,2016-04-25,2016-03-31,0.05899358741258742,0.48333333333333334,,1.6660252487798188,1208339.3827823321,0.0,1814254.6172176679,1814254.6172176679,0,False
2016-04-27,2016-04-26,2016-03-31,0.05899358741258742,0.48333333333333334,,1.682225147764347,1208455.250942325,0.0,1771343.749057675,1771343.749057675,0,False
2016-04-28,2016-04-27,2016-03-31,0.05899358741258742,0.48333333333333334,,1.684344701028645,1208571.1302129633,0.0,1766026.8697870367,1766026.8697870367,0,False
2016-04-29,2016-04-28,2016-03-31,0.05899358741258742,0.48333333333333334,,1.6659648041518915,1182930.5382835218,186.8367882092109,1775985.2985046874,1775985.2985046874,0,False
2016-05-03,2016-04-29,2016-04-29,0.05942622261484099,0.48333333333333334,,1.6660239871426368,1205579.20615712,0.0,1810113.79384288,1810113.79384288,0,False
2016-05-04,2016-05-03,2016-04-29,0.05942622261484099,0.48333333333333334,,1.6659625922004646,1169473.4827780006,111.65219535883614,1755897.169417358,1755897.169417358,0,False
2016-05-05,2016-05-04,2016-04-29,0.05942622261484099,0.48333333333333334,,1.6660237194649015,1172795.104075511,0.0,1760890.895924489,1760890.895924489,0,False
2016-05-06,2016-05-05,2016-04-29,0.05942622261484099,0.48333333333333334,,1.6659646947133122,1111878.6324559124,96.16892590097632,1669431.5364699885,1669431.5364699885,0,False
2016-05-09,2016-05-06,2016-04-29,0.05942622261484099,0.48333333333333334,,0.6225648048991466,1022415.0155280051,1601365.1928209856,1533906.1772929807,1533906.1772929807,0,False
2016-05-10,2016-05-09,2016-04-29,0.05942622261484099,0.48333333333333334,,0.5131710752957696,1018625.7795729828,1763112.8336199538,1529258.0540469713,1529258.0540469713,0,False
2016-05-11,2016-05-10,2016-04-29,0.05942622261484099,0.48333333333333334,,0.5145434543244647,1018723.4560175994,1764185.8776999537,1535590.421682354,1535590.421682354,0,False
2016-05-12,2016-05-11,2016-04-29,0.05942622261484099,0.48333333333333334,,0.5127445562199625,1018821.1418284505,1764579.3365799538,1530528.1947515034,1530528.1947515034,0,False
2016-05-13,2016-05-12,2016-04-29,0.05942622261484099,0.48333333333333334,,0.5106314125935895,1015972.0107159644,1762469.0790994843,1525429.06838352,1525429.06838352,0,False
2016-05-16,2016-05-13,2016-04-29,0.05942622261484099,0.48333333333333334,,0.512000099891632,1016264.2766368552,1763299.5248494842,1530810.248212629,1530810.248212629,0,False
2016-05-17,2016-05-16,2016-04-29,0.05942622261484099,0.48333333333333334,,0.5128799930008984,1016361.7266359847,1764574.5724294842,1535992.8457934996,1535992.8457934996,0,False
2016-05-18,2016-05-17,2016-04-29,0.05942622261484099,0.48333333333333334,,0.5111618577311051,1016459.1859796348,1764340.7636194844,1529916.5776398496,1529916.5776398496,0,False
2016-05-19,2016-05-18,2016-04-29,0.05942622261484099,0.48333333333333334,,0.5940354852136321,1016556.6546687013,1639038.0302994845,1533339.3756307834,1533339.3756307834,0,False
2016-05-20,2016-05-19,2016-04-29,0.05942622261484099,0.48333333333333334,,0.6953701417577337,1016654.1327040805,1485430.1352894844,1538838.002585404,1538838.002585404,0,False
2016-05-23,2016-05-20,2016-04-29,0.05942622261484099,0.48333333333333334,,0.7952753914495339,1016946.5948518447,1332068.2673394843,1539246.6724876396,1539246.6724876396,0,False
2016-05-24,2016-05-23,2016-04-29,0.05942622261484099,0.48333333333333334,,0.8930829002127697,1017044.1102787483,1180789.6285194843,1531518.5182407359,1531518.5182407359,0,False
2016-05-25,2016-05-24,2016-04-29,0.05942622261484099,0.48333333333333334,,0.9508632554262152,1017141.6350564463,1092540.1265594845,1534462.4915030384,1534462.4915030384,0,False
2016-05-26,2016-05-25,2016-04-29,0.05942622261484099,0.48333333333333334,,1.0500995989300366,1017239.1691858353,940369.3896194844,1534339.2204336491,1534339.2204336491,0,False
2016-05-27,2016-05-26,2016-04-29,0.05942622261484099,0.48333333333333334,,1.1492474164867377,1017336.712667812,788392.6740194844,1533989.9613516727,1533989.9613516727,0,False
2016-05-30,2016-05-27,2016-04-29,0.05942622261484099,0.48333333333333334,,1.2497716169133968,1017629.3711741959,635783.8888994844,1528778.5177252889,1528778.5177252889,0,False
2016-05-31,2016-05-30,2016-04-29,0.05942622261484099,0.48333333333333334,,1.358711715027762,1017726.9520728017,442665.04743948445,1603131.0953666829,1603131.0953666829,0,False
2016-06-01,2016-05-31,2016-05-31,0.05817716901408451,0.4166666666666667,,1.4591641620046596,1017824.5423284798,284462.64708948444,1597167.1047610044,1597167.1047610044,0,False
2016-06-02,2016-06-01,2016-05-31,0.05817716901408451,0.4166666666666667,,1.5516400429694786,1017922.1419421277,123084.89748948443,1622139.7555473568,1622139.7555473568,0,False
2016-06-03,2016-06-02,2016-05-31,0.05817716901408451,0.4166666666666667,,1.6436226048389604,1057871.7745151583,0.0,1643621.2254848417,1643621.2254848417,0,False
2016-06-06,2016-06-03,2016-05-31,0.05817716901408451,0.4166666666666667,,1.6654989024744709,1077393.2859127584,0.0,1618925.7140872416,1618925.7140872416,0,False
2016-06-07,2016-06-06,2016-05-31,0.05817716901408451,0.4166666666666667,,1.6655613579589514,1084301.889197709,0.0,1629153.9108022908,1629153.9108022908,0,False
2016-06-08,2016-06-07,2016-05-31,0.05817716901408451,0.4166666666666667,,1.671198847129353,1084405.8633514678,0.0,1615625.3366485324,1615625.3366485324,0,False
2016-06-13,2016-06-08,2016-05-31,0.05817716901408451,0.4166666666666667,,1.7085138845661345,1084925.7839708829,0.0,1531269.616029117,1531269.616029117,0,False
2016-06-14,2016-06-13,2016-05-31,0.05817716901408451,0.4166666666666667,,1.6977690079433116,1085029.8179501677,0.0,1554998.5820498322,1554998.5820498322,0,False
2016-06-15,2016-06-14,2016-05-31,0.05817716901408451,0.4166666666666667,,1.6719673727358977,1085133.8619053136,0.0,1614860.9380946863,1614860.9380946863,0,False
2016-06-16,2016-06-15,2016-05-31,0.05817716901408451,0.4166666666666667,,1.6881475462681952,1085237.9158372772,0.0,1577042.4841627232,1577042.4841627232,0,False
2016-06-17,2016-06-16,2016-05-31,0.05817716901408451,0.4166666666666667,,1.6726021054704518,1085341.979747015,0.0,1613646.4202529849,1613646.4202529849,0,False
2016-06-20,2016-06-17,2016-05-31,0.05817716901408451,0.4166666666666667,,1.6796848377949656,1085654.2014124217,0.0,1597290.5985875782,1597290.5985875782,0,False
2016-06-21,2016-06-20,2016-05-31,0.05817716901408451,0.4166666666666667,,1.6777759112334585,1085758.3052399543,0.0,1601942.894760046,1601942.894760046,0,False
2016-06-22,2016-06-21,2016-05-31,0.05817716901408451,0.4166666666666667,,1.6668255327500119,1085862.4190500458,0.0,1628405.5809499542,1628405.5809499542,0,False
2016-06-23,2016-06-22,2016-05-31,0.05817716901408451,0.4166666666666667,,1.6752613449259146,1085966.5428436534,0.0,1608216.6571563468,1608216.6571563468,0,False
2016-06-24,2016-06-23,2016-05-31,0.05817716901408451,0.4166666666666667,,1.6951003925087211,1086070.6766217342,0.0,1562465.923378266,1562465.923378266,0,False
2016-06-27,2016-06-24,2016-05-31,0.05817716901408451,0.4166666666666667,,1.6659993459609523,1065911.3497304288,41.10070815959256,1600407.350977731,1600407.350977731,0,False
2016-06-28,2016-06-27,2016-05-31,0.05817716901408451,0.4166666666666667,,1.6660746519847944,1052987.1190400394,44.5593915099671,1580817.6403514706,1580817.6403514706,0,False
2016-06-29,2016-06-28,2016-05-31,0.05817716901408451,0.4166666666666667,,1.6659874685663876,1056693.5674161084,0.0,1586656.8325838915,1586656.8325838915,0,False
2016-06-30,2016-06-29,2016-05-31,0.05817716901408451,0.4166666666666667,,1.6659930420301858,1060767.7661565458,0.0,1592761.0338434544,1592761.0338434544,0,False
2016-07-01,2016-06-30,2016-06-30,0.05953974758135445,0.48333333333333334,,1.6659214384953822,1072358.5984535746,0.0,1610338.0015464255,1610338.0015464255,0,False
2016-07-04,2016-07-01,2016-06-30,0.05953974758135445,0.48333333333333334,,1.6659989155879118,1115607.5144736776,0.0,1675089.0855263225,1675089.0855263225,0,False
2016-07-05,2016-07-04,2016-06-30,0.05953974758135445,0.48333333333333334,,1.6659948360883967,1128741.6207067093,0.0,1694820.3792932907,1694820.3792932907,0,False
2016-07-06,2016-07-05,2016-06-30,0.05953974758135445,0.48333333333333334,,1.6675042980938344,1128849.8562045854,0.0,1691149.9437954144,1691149.9437954144,0,False
2016-07-07,2016-07-06,2016-06-30,0.05953974758135445,0.48333333333333334,,1.6659552485220448,1138114.5137612077,0.0,1708995.4862387923,1708995.4862387923,0,False
2016-07-08,2016-07-07,2016-06-30,0.05953974758135445,0.48333333333333334,,1.6743656704535819,1138176.9880296506,0.0,1687774.2119703495,1687774.2119703495,0,False
2016-07-11,2016-07-08,2016-06-30,0.05953974758135445,0.48333333333333334,,1.66830190029032,1138504.408807029,0.0,1703577.9911929714,1703577.9911929714,0,False
2016-07-12,2016-07-11,2016-06-30,0.05953974758135445,0.48333333333333334,,1.665974709621688,1228701.4571926682,0.0,1844967.1428073319,1844967.1428073319,0,False
2016-07-13,2016-07-12,2016-06-30,0.05953974758135445,0.48333333333333334,,1.6658774135020138,1245324.4428803443,0.0,1870200.7571196558,1870200.7571196558,0,False
2016-07-14,2016-07-13,2016-06-30,0.05953974758135445,0.48333333333333334,,1.6720529172196277,1245443.8575529493,0.0,1853193.1424470507,1853193.1424470507,0,False
2016-07-15,2016-07-14,2016-06-30,0.05953974758135445,0.48333333333333334,,1.669072091557356,1245563.2836762764,0.0,1861627.9163237237,1861627.9163237237,0,False
2016-07-18,2016-07-15,2016-06-30,0.05953974758135445,0.48333333333333334,,1.6659438716114279,1259400.7310417176,0.0,1891151.4689582826,1891151.4689582826,0,False
2016-07-19,2016-07-18,2016-06-30,0.05953974758135445,0.48333333333333334,,1.6838882810125946,1259521.4954953792,0.0,1841706.5045046208,1841706.5045046208,0,False
2016-07-20,2016-07-19,2016-06-30,0.05953974758135445,0.48333333333333334,,1.6857047985295976,1259642.2715291937,0.0,1837003.7284708063,1837003.7284708063,0,False
2016-07-21,2016-07-20,2016-06-30,0.05953974758135445,0.48333333333333334,,1.6658908854523011,1260984.0713042717,0.0,1893679.7286957281,1893679.7286957281,0,False
2016-07-22,2016-07-21,2016-06-30,0.05953974758135445,0.48333333333333334,,1.672662866731577,1261104.9875850817,0.0,1874795.0124149183,1874795.0124149183,0,False
2016-07-25,2016-07-22,2016-06-30,0.05953974758135445,0.48333333333333334,,1.6769704135290986,1261467.7712116472,0.0,1863401.6287883527,1863401.6287883527,0,False
2016-07-26,2016-07-25,2016-06-30,0.05953974758135445,0.48333333333333334,,1.6658851341077483,1294537.5004246403,0.0,1944085.2995753596,1944085.2995753596,0,False
2016-07-27,2016-07-26,2016-06-30,0.05953974758135445,0.48333333333333334,,1.6829850381841769,1294661.6341575577,0.0,1895592.9658424424,1895592.9658424424,0,False
2016-07-28,2016-07-27,2016-06-30,0.05953974758135445,0.48333333333333334,,1.6658916553390006,1309415.9260437097,0.0,1966409.87395629,1966409.87395629,0,False
2016-07-29,2016-07-28,2016-06-30,0.05953974758135445,0.48333333333333334,,1.6659855003905366,1320634.5973549744,0.0,1982978.0026450257,1982978.0026450257,0,False
2016-08-01,2016-07-29,2016-07-29,0.05770208547008547,0.35,,1.688159033328936,1321014.5059377751,0.0,1919635.4940622249,1919635.4940622249,0,False
2016-08-02,2016-08-01,2016-07-29,0.05770208547008547,0.35,,1.6768024017064118,1321141.1785616323,0.0,1952033.8214383677,1952033.8214383677,0,False
2016-08-03,2016-08-02,2016-07-29,0.05770208547008547,0.35,,1.6660029599030668,1293633.8290207686,44.5066485892595,1942317.6776278208,1942317.6776278208,0,False
2016-08-04,2016-08-03,2016-07-29,0.05770208547008547,0.35,,1.673365105901275,1293713.3694516746,0.0,1921265.8305483256,1921265.8305483256,0,False
2016-08-05,2016-08-04,2016-07-29,0.05770208547008547,0.35,,1.6673134198010862,1293837.4241583343,0.0,1938875.1758416658,1938875.1758416658,0,False
2016-08-08,2016-08-05,2016-07-29,0.05770208547008547,0.35,,1.6659649724514294,1311010.7918252838,0.0,1968588.2081747162,1968588.2081747162,0,False
2016-08-09,2016-08-08,2016-07-29,0.05770208547008547,0.35,,1.665942946707405,1351677.9105488835,0.0,2029720.2894511167,2029720.2894511167,0,False
2016-08-10,2016-08-09,2016-07-29,0.05770208547008547,0.35,,1.677882882684603,1351807.5234992101,0.0,1994160.8765007898,1994160.8765007898,0,False
2016-08-11,2016-08-10,2016-07-29,0.05770208547008547,0.35,,1.6833541115386206,1351937.1488781758,0.0,1978384.4511218243,1978384.4511218243,0,False
2016-08-12,2016-08-11,2016-07-29,0.05770208547008547,0.35,,1.6660916906791594,1363854.9852969723,0.0,2047548.4147030276,2047548.4147030276,0,False
2016-08-15,2016-08-12,2016-07-29,0.05770208547008547,0.35,,1.665917826472359,1398299.6675620577,0.0,2099808.132437942,2099808.132437942,0,False
2016-08-16,2016-08-15,2016-07-29,0.05770208547008547,0.35,,1.685797448619749,1398433.751091824,0.0,2039135.248908176,2039135.248908176,0,False
2016-08-17,2016-08-16,2016-07-29,0.05770208547008547,0.35,,1.6862821193948514,1398567.847478915,0.0,2037890.552521085,2037890.552521085,0,False
2016-08-18,2016-08-17,2016-07-29,0.05770208547008547,0.35,,1.6951854123293781,1398701.9567245636,0.0,2011984.0432754364,2011984.0432754364,0,False
2016-08-19,2016-08-18,2016-07-29,0.05770208547008547,0.35,,1.6660719158259245,1321453.970699218,39.84322921505645,1983891.0725299967,1983891.0725299967,0,False
2016-08-22,2016-08-19,2016-07-29,0.05770208547008547,0.35,,1.66606789306827,1320761.8682058793,51.35395293550374,1982846.6857470563,1982846.6857470563,0,False
2016-08-23,2016-08-22,2016-07-29,0.05770208547008547,0.35,,1.6660739508223465,1330113.427231265,0.0,1996945.572768735,1996945.572768735,0,False
2016-08-24,2016-08-23,2016-07-29,0.05770208547008547,0.35,,1.6660861030314293,1327827.9280119536,16.08406752939834,1993453.756055576,1993453.756055576,0,False
2016-08-25,2016-08-24,2016-07-29,0.05770208547008547,0.35,,1.6659287853208429,1301271.1796398575,317.77126973347913,1953592.3916298763,1953592.3916298763,0,False
2016-08-26,2016-08-25,2016-07-29,0.05770208547008547,0.35,,1.6659521232497911,1312389.5110783088,0.0,1970696.4889216912,1970696.4889216912,0,False
2016-08-29,2016-08-26,2016-07-29,0.05770208547008547,0.35,,1.6660039794071089,1317417.8857369754,0.0,1978093.1142630246,1978093.1142630246,0,False
2016-08-30,2016-08-29,2016-07-29,0.05770208547008547,0.35,,1.6659579527263717,1336956.085009443,0.0,2007568.3149905568,2007568.3149905568,0,False
2016-08-31,2016-08-30,2016-07-29,0.05770208547008547,0.35,,1.6659761904731578,1353332.4486078687,0.0,2032103.3513921315,2032103.3513921315,0,False
2016-09-01,2016-08-31,2016-08-31,0.05348114886731392,0.26666666666666666,,1.6759612646533948,1353462.2202125299,0.0,2002277.7797874701,2002277.7797874701,0,False
2016-09-02,2016-09-01,2016-08-31,0.05348114886731392,0.26666666666666666,,1.6754164654388524,1353592.0042610434,0.0,2004084.9957389566,2004084.9957389566,0,False
2016-09-05,2016-09-02,2016-08-31,0.05348114886731392,0.26666666666666666,,1.6691312133710423,1353981.3937417213,0.0,2023491.6062582787,2023491.6062582787,0,False
2016-09-06,2016-09-05,2016-08-31,0.05348114886731392,0.26666666666666666,,1.6658715312897177,1364550.331913998,0.0,2049269.668086002,2049269.668086002,0,False
2016-09-07,2016-09-06,2016-08-31,0.05348114886731392,0.26666666666666666,,1.6659181078012277,1387878.411126099,0.0,2084157.7888739011,2084157.7888739011,0,False
2016-09-08,2016-09-07,2016-08-31,0.05348114886731392,0.26666666666666666,,1.668742558193989,1388011.495357303,0.0,2075554.3046426969,2075554.3046426969,0,False
2016-09-09,2016-09-08,2016-08-31,0.05348114886731392,0.26666666666666666,,1.6891991729466662,1388144.5923500084,0.0,2014141.4076499916,2014141.4076499916,0,False
2016-09-12,2016-09-09,2016-08-31,0.05348114886731392,0.26666666666666666,,1.7149093643933457,1388543.921616301,0.0,1942265.6783836992,1942265.6783836992,0,False
2016-09-13,2016-09-12,2016-08-31,0.05348114886731392,0.26666666666666666,,1.7210831743432093,1388677.069663579,0.0,1925820.930336421,1925820.930336421,0,False
2016-09-14,2016-09-13,2016-08-31,0.05348114886731392,0.26666666666666666,,1.7311109154462498,1388810.2304784784,0.0,1899588.9695215218,1899588.9695215218,0,False
2016-09-19,2016-09-14,2016-08-31,0.05348114886731392,0.26666666666666666,,1.718430707960727,1389476.098397201,0.0,1934043.301602799,1934043.301602799,0,False
2016-09-20,2016-09-19,2016-08-31,0.05348114886731392,0.26666666666666666,,1.7141598040105865,1389609.3358312938,0.0,1945796.064168706,1945796.064168706,0,False
2016-09-21,2016-09-20,2016-08-31,0.05348114886731392,0.26666666666666666,,1.7346525003940845,1389742.586041579,0.0,1891700.6139584212,1891700.6139584212,0,False
2016-09-22,2016-09-21,2016-08-31,0.05348114886731392,0.26666666666666666,,1.71853551053796,1389875.8490292816,0.0,1934317.5509707183,1934317.5509707183,0,False
2016-09-23,2016-09-22,2016-08-31,0.05348114886731392,0.26666666666666666,,1.723741788508971,1390009.1247956268,0.0,1920587.0752043733,1920587.0752043733,0,False
2016-09-26,2016-09-23,2016-08-31,0.05348114886731392,0.26666666666666666,,1.7470010996966312,1390408.9904342666,0.0,1861321.2095657336,1861321.2095657336,0,False
2016-09-27,2016-09-26,2016-08-31,0.05348114886731392,0.26666666666666666,,1.7340675527685439,1390542.3173237604,0.0,1894297.4826762395,1894297.4826762395,0,False
2016-09-28,2016-09-27,2016-08-31,0.05348114886731392,0.26666666666666666,,1.7320043883768432,1390675.6569980243,0.0,1899818.7430019756,1899818.7430019756,0,False
2016-09-29,2016-09-28,2016-08-31,0.05348114886731392,0.26666666666666666,,1.7197721793327019,1390809.0094582844,0.0,1932290.5905417157,1932290.5905417157,0,False
2016-09-30,2016-09-29,2016-08-31,0.05348114886731392,0.26666666666666666,,1.7143365200792713,1390942.3747057666,0.0,1947180.8252942336,1947180.8252942336,0,False
2016-10-10,2016-09-30,2016-09-30,0.05572955186721991,0.31666666666666665,,1.7006711236920722,1392276.1550650734,0.0,1987060.8449349266,1987060.8449349266,0,False
2016-10-11,2016-10-10,2016-09-30,0.05572955186721991,0.31666666666666665,,1.6989513812688024,1392409.660997751,0.0,1992140.9390022492,1992140.9390022492,0,False
2016-10-12,2016-10-11,2016-09-30,0.05572955186721991,0.31666666666666665,,1.7182979744852827,1392543.1797323672,0.0,1938670.6202676327,1938670.6202676327,0,False
2016-10-13,2016-10-12,2016-09-30,0.05572955186721991,0.31666666666666665,,1.7210895045612051,1392676.7112701498,0.0,1931350.68872985,1931350.68872985,0,False
2016-10-14,2016-10-13,2016-09-30,0.05572955186721991,0.31666666666666665,,1.727475784276061,1392810.2556123263,0.0,1914579.5443876735,1914579.5443876735,0,False
2016-10-17,2016-10-14,2016-09-30,0.05572955186721991,0.31666666666666665,,1.7390438470182168,1393210.9270557216,0.0,1885153.272944278,1885153.272944278,0,False
2016-10-18,2016-10-17,2016-09-30,0.05572955186721991,0.31666666666666665,,1.7177947065934736,1393344.5226240694,0.0,1941146.2773759305,1941146.2773759305,0,False
2016-10-19,2016-10-18,2016-09-30,0.05572955186721991,0.31666666666666665,,1.7235774695348796,1393478.1310029512,0.0,1925817.468997049,1925817.468997049,0,False
2016-10-20,2016-10-19,2016-09-30,0.05572955186721991,0.31666666666666665,,1.7175376011001786,1393611.7521935953,0.0,1942214.2478064047,1942214.2478064047,0,False
2016-10-21,2016-10-20,2016-09-30,0.05572955186721991,0.31666666666666665,,1.7051057854253493,1393745.3861972303,0.0,1976647.2138027698,1976647.2138027698,0,False
2016-10-24,2016-10-21,2016-09-30,0.05572955186721991,0.31666666666666665,,1.6778013482915963,1394146.326650794,0.0,2056865.673349206,2056865.673349206,0,False
2016-10-25,2016-10-24,2016-09-30,0.05572955186721991,0.31666666666666665,,1.666583553215831,1394280.0119149934,0.0,2091680.7880850064,2091680.7880850064,0,False
2016-10-26,2016-10-25,2016-09-30,0.05572955186721991,0.31666666666666665,,1.6831135094451226,1394413.7099983278,0.0,2041262.090001672,2041262.090001672,0,False
2016-10-27,2016-10-26,2016-09-30,0.05572955186721991,0.31666666666666665,,1.681248704299515,1394547.4209020264,0.0,2047045.9790979736,2047045.9790979736,0,False
2016-10-28,2016-10-27,2016-09-30,0.05572955186721991,0.31666666666666665,,1.6816003564120166,1394681.1446273183,0.0,2046186.055372682,2046186.055372682,0,False
2016-10-31,2016-10-28,2016-09-30,0.05572955186721991,0.31666666666666665,,1.686242386425687,1395082.3542716631,0.0,2032929.4457283367,2032929.4457283367,0,False
2016-11-01,2016-10-31,2016-10-31,0.055356456953642386,0.2833333333333333,,1.6769361044246784,1395216.1292919358,0.0,2061075.0707080644,2061075.0707080644,0,False
2016-11-02,2016-11-01,2016-10-31,0.055356456953642386,0.2833333333333333,,1.6882172422489596,1395349.9171399502,0.0,2027484.68286005,2027484.68286005,0,False
2016-11-03,2016-11-02,2016-10-31,0.055356456953642386,0.2833333333333333,,1.681919591564082,1395483.7178169363,0.0,2046405.0821830635,2046405.0821830635,0,False
2016-11-04,2016-11-03,2016-10-31,0.055356456953642386,0.2833333333333333,,1.6803663931874544,1395617.5313241242,0.0,2051273.4686758758,2051273.4686758758,0,False
2016-11-07,2016-11-04,2016-10-31,0.055356456953642386,0.2833333333333333,,1.6692942423167298,1396019.0103399847,0.0,2085807.5896600154,2085807.5896600154,0,False
2016-11-08,2016-11-07,2016-10-31,0.055356456953642386,0.2833333333333333,,1.6737031625274172,1396152.8751765927,0.0,2072356.1248234073,2072356.1248234073,0,False
2016-11-09,2016-11-08,2016-10-31,0.055356456953642386,0.2833333333333333,,1.690181563671393,1396286.7528495549,0.0,2023071.647150445,2023071.647150445,0,False
2016-11-10,2016-11-09,2016-10-31,0.055356456953642386,0.2833333333333333,,1.6728664837250835,1396420.643360102,0.0,2075330.956639898,2075330.956639898,0,False
2016-11-11,2016-11-10,2016-10-31,0.055356456953642386,0.2833333333333333,,1.6659633353317462,1416476.7458294653,0.0,2126959.0541705345,2126959.0541705345,0,False
2016-11-14,2016-11-11,2016-10-31,0.055356456953642386,0.2833333333333333,,1.6659426348300488,1421245.2689512793,0.0,2134185.731048721,2134185.731048721,0,False
2016-11-15,2016-11-14,2016-10-31,0.055356456953642386,0.2833333333333333,,1.6674004322268194,1421381.5527441925,0.0,2129728.2472558073,2129728.2472558073,0,False
2016-11-16,2016-11-15,2016-10-31,0.055356456953642386,0.2833333333333333,,1.677642873217388,1421517.8496054146,0.0,2097738.9503945853,2097738.9503945853,0,False
2016-11-17,2016-11-16,2016-10-31,0.055356456953642386,0.2833333333333333,,1.6798969232224858,1421654.1595361987,0.0,2090984.8404638013,2090984.8404638013,0,False
2016-11-18,2016-11-17,2016-10-31,0.055356456953642386,0.2833333333333333,,1.6906113916467531,1421790.4825377981,0.0,2058741.717462202,2058741.717462202,0,False
2016-11-21,2016-11-18,2016-10-31,0.055356456953642386,0.2833333333333333,,1.6829997986571696,1422199.490758802,0.0,2082283.9092411979,2082283.9092411979,0,False
2016-11-22,2016-11-21,2016-10-31,0.055356456953642386,0.2833333333333333,,1.6731595495592344,1422335.8660524364,0.0,2112925.3339475635,2112925.3339475635,0,False
2016-11-23,2016-11-22,2016-10-31,0.055356456953642386,0.2833333333333333,,1.6659344223450954,1440445.4340031538,0.0,2163043.965996846,2163043.965996846,0,False
2016-11-24,2016-11-23,2016-10-31,0.055356456953642386,0.2833333333333333,,1.6659318915442984,1461498.7679577845,0.0,2194667.0320422156,2194667.0320422156,0,False
2016-11-25,2016-11-24,2016-10-31,0.055356456953642386,0.2833333333333333,,1.6659212136677977,1485941.15464526,0.0,2231406.84535474,2231406.84535474,0,False
2016-11-28,2016-11-25,2016-10-31,0.055356456953642386,0.2833333333333333,,1.6658884472608713,1486983.6232691992,0.0,2233082.1767308004,2233082.1767308004,0,False
2016-11-29,2016-11-28,2016-10-31,0.055356456953642386,0.2833333333333333,,1.6698434239588607,1487126.2107399236,0.0,2220110.1892600763,2220110.1892600763,0,False
2016-11-30,2016-11-29,2016-10-31,0.055356456953642386,0.2833333333333333,,1.6928254979087418,1487268.8118834193,0.0,2146671.5881165806,2146671.5881165806,0,False
2016-12-01,2016-11-30,2016-11-30,0.048929372549019606,0.15,,1.6689887744258023,1487411.4267009972,0.0,2223372.773299003,2223372.773299003,0,False
2016-12-02,2016-12-01,2016-11-30,0.048929372549019606,0.15,,1.6788530974530016,1487554.0551939686,0.0,2191275.3448060313,2191275.3448060313,0,False
2016-12-05,2016-12-02,2016-11-30,0.048929372549019606,0.15,,1.6913443516683981,1487981.9817029969,0.0,2152302.2182970033,2152302.2182970033,0,False
2016-12-06,2016-12-05,2016-11-30,0.048929372549019606,0.15,,1.7024622592716514,1488124.6649067218,0.0,2118440.735093278,2118440.735093278,0,False
2016-12-07,2016-12-06,2016-11-30,0.048929372549019606,0.15,,1.6943317507451745,1488267.3617923977,0.0,2143452.8382076025,2143452.8382076025,0,False
2016-12-08,2016-12-07,2016-11-30,0.048929372549019606,0.15,,1.6896819126855116,1488410.0723613368,0.0,2158110.927638663,2158110.927638663,0,False
2016-12-09,2016-12-08,2016-11-30,0.048929372549019606,0.15,,1.6912630212778037,1488552.7966148509,0.0,2153381.203385149,2153381.203385149,0,False
2016-12-12,2016-12-09,2016-11-30,0.048929372549019606,0.15,,1.7094291037516693,1488981.0104330552,0.0,2098843.9895669445,2098843.9895669445,0,False
2016-12-13,2016-12-12,2016-11-30,0.048929372549019606,0.15,,1.7063930045726,1489123.7894340556,0.0,2108067.010565944,2108067.010565944,0,False
2016-12-14,2016-12-13,2016-11-30,0.048929372549019606,0.15,,1.7079732274634631,1489266.582126193,0.0,2103563.4178738073,2103563.4178738073,0,False
2016-12-15,2016-12-14,2016-11-30,0.048929372549019606,0.15,,1.7528714631267044,1489409.3885107804,0.0,1978305.0114892195,1978305.0114892195,0,False
2016-12-16,2016-12-15,2016-11-30,0.048929372549019606,0.15,,1.748409335468624,1489552.2085891308,0.0,1990290.7914108692,1990290.7914108692,0,False
2016-12-19,2016-12-16,2016-11-30,0.048929372549019606,0.15,,1.7639436870233158,1489980.7099094098,0.0,1950380.2900905902,1950380.2900905902,0,False
2016-12-20,2016-12-19,2016-11-30,0.048929372549019606,0.15,,1.7253935357529981,1395161.6689720037,0.0,1923316.9310279964,1923316.9310279964,0,False
2016-12-21,2016-12-20,2016-11-30,0.048929372549019606,0.15,,1.7033297338650049,1395295.4515977956,0.0,1983842.5484022044,1983842.5484022044,0,False
2016-12-22,2016-12-21,2016-11-30,0.048929372549019606,0.15,,1.6973772488195678,1395429.2470520583,0.0,2000967.5529479415,2000967.5529479415,0,False
2016-12-23,2016-12-22,2016-11-30,0.048929372549019606,0.15,,1.7082527813348807,1395563.0553360223,0.0,1970430.7446639775,1970430.7446639775,0,False
2016-12-26,2016-12-23,2016-11-30,0.048929372549019606,0.15,,1.70788296485777,1395964.518680708,0.0,1972027.2813192918,1972027.2813192918,0,False
2016-12-27,2016-12-26,2016-11-30,0.048929372549019606,0.15,,1.712020373994285,1396098.3782920884,0.0,1960756.2217079117,1960756.2217079117,0,False
2016-12-28,2016-12-27,2016-11-30,0.048929372549019606,0.15,,1.719085096476931,1396232.2507393218,0.0,1941678.7492606782,1941678.7492606782,0,False
2016-12-29,2016-12-28,2016-11-30,0.048929372549019606,0.15,,1.720750090670267,1396366.1360236392,0.0,1937379.063976361,1937379.063976361,0,False
2016-12-30,2016-12-29,2016-11-30,0.048929372549019606,0.15,,1.7084801998630572,1396500.0341462716,0.0,1971120.7658537282,1971120.7658537282,0,False
2017-01-03,2016-12-30,2016-12-30,0.05111976848090982,0.2,,1.669582076546194,1397035.6779949854,0.0,2086429.3220050146,2086429.3220050146,0,False
2017-01-04,2017-01-03,2016-12-30,0.05111976848090982,0.2,,1.6659452406144122,1417560.8441302725,0.0,2128644.7558697276,2128644.7558697276,0,False
2017-01-05,2017-01-04,2016-12-30,0.05111976848090982,0.2,,1.6658727313503623,1419921.7968221754,0.0,2132422.2031778246,2132422.2031778246,0,False
2017-01-06,2017-01-05,2016-12-30,0.05111976848090982,0.2,,1.6709018956781636,1420057.953706802,0.0,2116640.2462931983,2116640.2462931983,0,False
2017-01-09,2017-01-06,2016-12-30,0.05111976848090982,0.2,,1.6669704795807543,1420466.4635291013,0.0,2129729.136470899,2129729.136470899,0,False
2017-01-10,2017-01-09,2016-12-30,0.05111976848090982,0.2,,1.6647597346598058,1420602.6726420424,0.0,2137016.7273579575,2137016.7273579575,0,False
2017-01-11,2017-01-10,2016-12-30,0.05111976848090982,0.2,,1.6676413663135001,1420738.8948161313,0.0,2127997.1051838687,2127997.1051838687,0,False
2017-01-12,2017-01-11,2016-12-30,0.05111976848090982,0.2,,1.6732249642592243,1420875.1300526205,0.0,2110550.2699473794,2110550.2699473794,0,False
2017-01-13,2017-01-12,2016-12-30,0.05111976848090982,0.2,,1.663107054953882,1421011.3783527627,0.0,2142959.2216472374,2142959.2216472374,0,False
2017-01-16,2017-01-13,2016-12-30,0.05111976848090982,0.2,,1.6451005089128399,1421420.1624479052,0.0,2203408.837552095,2203408.837552095,0,False
2017-01-17,2017-01-16,2016-12-30,0.05111976848090982,0.2,,1.6528206997824686,1421556.4630114275,0.0,2177560.336988572,2177560.336988572,0,False
2017-01-18,2017-01-17,2016-12-30,0.05111976848090982,0.2,,1.6265696325759913,1421692.776644867,0.0,2269010.023355133,2269010.023355133,0,False
2017-01-19,2017-01-18,2016-12-30,0.05111976848090982,0.2,,1.62413361112812,1421829.1033494766,0.0,2278084.4966505235,2278084.4966505235,0,False
2017-01-20,2017-01-19,2016-12-30,0.05111976848090982,0.2,,1.6189101353818034,1421965.4431265101,0.0,2297531.35687349,2297531.35687349,0,False
2017-01-23,2017-01-20,2016-12-30,0.05111976848090982,0.2,,1.6160010717470434,1422374.5016786424,0.0,2309045.4983213576,2309045.4983213576,0,False
2017-01-24,2017-01-23,2016-12-30,0.05111976848090982,0.2,,1.5924624813995119,1422510.8937541458,0.0,2401014.306245854,2401014.306245854,0,False
2017-01-25,2017-01-24,2016-12-30,0.05111976848090982,0.2,,1.6459627962302201,1541676.3906683414,0.0,2386633.4093316584,2386633.4093316584,0,False
2017-01-26,2017-01-25,2016-12-30,0.05111976848090982,0.2,,1.66583695776159,1577095.5752610085,0.0,2368591.2247389914,2368591.2247389914,0,False
2017-02-03,2017-01-26,2017-01-26,0.044782261345852906,0.11666666666666667,,1.6656952734882016,1590484.5237436746,0.0,2389208.0762563255,2389208.0762563255,0,False
2017-02-06,2017-02-03,2017-01-26,0.044782261345852906,0.11666666666666667,,1.6837662155099886,1590942.0603874912,0.0,2326733.9396125088,2326733.9396125088,0,False
2017-02-07,2017-02-06,2017-01-26,0.044782261345852906,0.11666666666666667,,1.6835093932217835,1591094.6164754736,0.0,2327831.3835245264,2327831.3835245264,0,False
2017-02-08,2017-02-07,2017-01-26,0.044782261345852906,0.11666666666666667,,1.6818198748283422,1591247.187192122,0.0,2333823.412807878,2333823.412807878,0,False
2017-02-09,2017-02-08,2017-01-26,0.044782261345852906,0.11666666666666667,,1.6653235424541535,1599752.8560188392,0.0,2404473.543981161,2404473.543981161,0,False
2017-02-10,2017-02-09,2017-01-26,0.044782261345852906,0.11666666666666667,,1.6466842379146485,1610451.3623776354,0.0,2490321.0376223642,2490321.0376223642,0,False
2017-02-13,2017-02-10,2017-01-26,0.044782261345852906,0.11666666666666667,,1.6433841155152227,1610914.6429065387,0.0,2503814.757093461,2503814.757093461,0,False
2017-02-14,2017-02-13,2017-01-26,0.044782261345852906,0.11666666666666667,,1.6505898645528843,1621544.2188736668,0.0,2492421.581126333,2492421.581126333,0,False
2017-02-15,2017-02-14,2017-01-26,0.044782261345852906,0.11666666666666667,,1.654154452510383,1621699.7094152027,0.0,2479077.6905847974,2479077.6905847974,0,False
2017-02-16,2017-02-15,2017-01-26,0.044782261345852906,0.11666666666666667,,1.651367059295125,1669125.6875167903,0.0,2562496.3124832097,2562496.3124832097,0,False
2017-02-17,2017-02-16,2017-01-26,0.044782261345852906,0.11666666666666667,,1.6623220255149793,1669285.7406649084,0.0,2520353.6593350917,2520353.6593350917,0,False
2017-02-20,2017-02-17,2017-01-26,0.044782261345852906,0.11666666666666667,,1.6658005908034064,1736013.232551949,0.0,2607407.1674480513,2607407.1674480513,0,False
2017-02-21,2017-02-20,2017-01-26,0.044782261345852906,0.11666666666666667,,1.667042530544391,1736179.6995742486,0.0,2602802.100425751,2602802.100425751,0,False
2017-02-22,2017-02-21,2017-01-26,0.044782261345852906,0.11666666666666667,,1.6659457859011353,1794213.5472691394,0.0,2694233.6527308607,2694233.6527308607,0,False
2017-02-23,2017-02-22,2017-01-26,0.044782261345852906,0.11666666666666667,,1.6844558432490078,1794385.5951435352,0.0,2621623.604856465,2621623.604856465,0,False
2017-02-24,2017-02-23,2017-01-26,0.044782261345852906,0.11666666666666667,,1.7026824107376477,1794557.6595156721,0.0,2553867.3404843276,2553867.3404843276,0,False
2017-02-27,2017-02-24,2017-01-26,0.044782261345852906,0.11666666666666667,,1.7178393914520522,1795073.9021300534,0.0,2500662.297869947,2500662.297869947,0,False
2017-02-28,2017-02-27,2017-01-26,0.044782261345852906,0.11666666666666667,,1.702129525230885,1795246.0325042303,0.0,2556858.7674957695,2556858.7674957695,0,False
2017-03-01,2017-02-28,2017-02-28,0.04418000231303006,0.1,,1.6953703016787274,1795418.1793840595,0.0,2581959.8206159407,2581959.8206159407,0,False
2017-03-02,2017-03-01,2017-02-28,0.04418000231303006,0.1,,1.6970846760106193,1795590.3427711236,0.0,2575856.8572288766,2575856.8572288766,0,False
2017-03-03,2017-03-02,2017-02-28,0.04418000231303006,0.1,,1.7055247728552736,1795762.522667006,0.0,2545286.277332994,2545286.277332994,0,False
2017-03-06,2017-03-03,2017-02-28,0.04418000231303006,0.1,,1.6991274447883469,1796279.1118858552,0.0,2569315.688114145,2569315.688114145,0,False
2017-03-07,2017-03-06,2017-02-28,0.04418000231303006,0.1,,1.6902772852381327,1796451.357828091,0.0,2602506.8421719093,2602506.8421719093,0,False
2017-03-08,2017-03-07,2017-02-28,0.04418000231303006,0.1,,1.6924950246454795,1796623.6202870607,0.0,2594420.979712939,2594420.979712939,0,False
2017-03-09,2017-03-08,2017-02-28,0.04418000231303006,0.1,,1.715921426303646,1796795.8992643484,0.0,2509766.900735651,2509766.900735651,0,False
2017-03-10,2017-03-09,2017-02-28,0.04418000231303006,0.1,,1.7163605334604137,1796968.1947615382,0.0,2508469.0052384622,2508469.0052384622,0,False
2017-03-13,2017-03-10,2017-02-28,0.04418000231303006,0.1,,1.7018913002707765,1797485.1308175654,0.0,2560916.6691824347,2560916.6691824347,0,False
2017-03-14,2017-03-13,2017-02-28,0.04418000231303006,0.1,,1.6793990017756264,1797657.492405452,0.0,2645952.507594548,2645952.507594548,0,False
2017-03-15,2017-03-14,2017-02-28,0.04418000231303006,0.1,,1.6658593819025114,1800814.900321162,0.0,2704497.299678838,2704497.299678838,0,False
2017-03-16,2017-03-15,2017-02-28,0.04418000231303006,0.1,,1.665869737267072,1815022.721502015,0.0,2725792.4784979853,2725792.4784979853,0,False
2017-03-17,2017-03-16,2017-02-28,0.04418000231303006,0.1,,1.6798885376432575,1815196.7647766795,0.0,2669844.6352233207,2669844.6352233207,0,False
2017-03-20,2017-03-17,2017-02-28,0.04418000231303006,0.1,,1.6838978762913008,1815718.9446679165,0.0,2654956.2553320834,2654956.2553320834,0,False
2017-03-21,2017-03-20,2017-02-28,0.04418000231303006,0.1,,1.6856895388857065,1815893.0547037066,0.0,2648272.945296293,2648272.945296293,0,False
2017-03-22,2017-03-21,2017-02-28,0.04418000231303006,0.1,,1.6990557047714392,1816067.1814349797,0.0,2597886.2185650207,2597886.2185650207,0,False
2017-03-23,2017-03-22,2017-02-28,0.04418000231303006,0.1,,1.6845530667439916,1816241.3248633365,0.0,2653178.275136663,2653178.275136663,0,False
2017-03-24,2017-03-23,2017-02-28,0.04418000231303006,0.1,,1.674040755247727,1816415.4849903781,0.0,2694815.515009622,2694815.515009622,0,False
2017-03-27,2017-03-24,2017-02-28,0.04418000231303006,0.1,,1.6792128167013056,1816938.0154723616,0.0,2675064.3845276386,2675064.3845276386,0,False
2017-03-28,2017-03-27,2017-02-28,0.04418000231303006,0.1,,1.6795521557607842,1817112.2424053522,0.0,2673984.957594648,2673984.957594648,0,False
2017-03-29,2017-03-28,2017-02-28,0.04418000231303006,0.1,,1.6872837478304579,1817286.4860450348,0.0,2644157.5139549654,2644157.5139549654,0,False
2017-03-30,2017-03-29,2017-02-28,0.04418000231303006,0.1,,1.6962474112135244,1817460.7463930117,0.0,2610366.253606988,2610366.253606988,0,False
2017-03-31,2017-03-30,2017-02-28,0.04418000231303006,0.1,,1.6839376558179555,1817635.023450885,0.0,2657603.3765491145,2657603.3765491145,0,False
2017-04-05,2017-03-31,2017-03-31,0.044993011673151756,0.15,,1.6659893238801542,1821607.5231577451,0.0,2735190.2768422547,2735190.2768422547,0,False
2017-04-06,2017-04-05,2017-03-31,0.044993011673151756,0.15,,1.6659458809802858,1843559.4154717466,0.0,2768332.184528253,2768332.184528253,0,False
2017-04-07,2017-04-06,2017-03-31,0.044993011673151756,0.15,,1.6708508150812194,1843736.1951417234,0.0,2748355.004858277,2748355.004858277,0,False
2017-04-10,2017-04-07,2017-03-31,0.044993011673151756,0.15,,1.6659448807255088,1861572.7579660793,0.0,2795385.642033921,2795385.642033921,0,False
2017-04-11,2017-04-10,2017-03-31,0.044993011673151756,0.15,,1.6663419604828018,1861751.2649428705,0.0,2793987.7350571295,2793987.7350571295,0,False
2017-04-12,2017-04-11,2017-03-31,0.044993011673151756,0.15,,1.6746439675461882,1861929.7890367692,0.0,2759870.2109632306,2759870.2109632306,0,False
2017-04-13,2017-04-12,2017-03-31,0.044993011673151756,0.15,,1.6702169604057235,1862108.3302494166,0.0,2778366.469750583,2778366.469750583,0,False
2017-04-14,2017-04-13,2017-03-31,0.044993011673151756,0.15,,1.6742677549708893,1862286.8885824543,0.0,2761939.7114175456,2761939.7114175456,0,False
2017-04-17,2017-04-14,2017-03-31,0.044993011673151756,0.15,,1.69419103367255,1862822.614947663,0.0,2683443.7850523377,2683443.7850523377,0,False
2017-04-18,2017-04-17,2017-03-31,0.044993011673151756,0.15,,1.6908309517539106,1863001.241773754,0.0,2696754.1582262465,2696754.1582262465,0,False
2017-04-19,2017-04-18,2017-03-31,0.044993011673151756,0.15,,1.6930375700713,1863179.8857284444,0.0,2688425.514271556,2688425.514271556,0,False
2017-04-20,2017-04-19,2017-03-31,0.044993011673151756,0.15,,1.6769421379994063,1863358.5468133774,0.0,2752611.2531866226,2752611.2531866226,0,False
2017-04-21,2017-04-20,2017-03-31,0.044993011673151756,0.15,,1.6680432498191813,1863537.2250301952,0.0,2789545.774969805,2789545.774969805,0,False
2017-04-24,2017-04-21,2017-03-31,0.044993011673151756,0.15,,1.6723813170227322,1864073.3110812313,0.0,2772345.4889187682,2772345.4889187682,0,False
2017-04-25,2017-04-24,2017-03-31,0.044993011673151756,0.15,,1.684310621434329,1864252.0578370884,0.0,2724277.542162911,2724277.542162911,0,False
2017-04-26,2017-04-25,2017-03-31,0.044993011673151756,0.15,,1.6917445404756473,1864430.8217330454,0.0,2695259.1782669546,2695259.1782669546,0,False
2017-04-27,2017-04-26,2017-03-31,0.044993011673151756,0.15,,1.704874825341104,1864609.6027707458,0.0,2645305.997229255,2645305.997229255,0,False
2017-04-28,2017-04-27,2017-03-31,0.044993011673151756,0.15,,1.7231427844536926,1864788.4009518335,0.0,2578727.7990481667,2578727.7990481667,0,False
2017-05-02,2017-04-28,2017-04-28,0.04413420646178093,0.1,,1.7263385072083401,1865503.6622563081,0.0,2568366.7377436925,2568366.7377436925,0,False
2017-05-03,2017-05-02,2017-04-28,0.04413420646178093,0.1,,1.7291357461747132,1865682.5461691273,0.0,2558758.853830873,2558758.853830873,0,False
2017-05-04,2017-05-03,2017-04-28,0.04413420646178093,0.1,,1.7495516547482401,1865861.4472351985,0.0,2489303.352764801,2489303.352764801,0,False
2017-05-05,2017-05-04,2017-04-28,0.04413420646178093,0.1,,1.7781654086078036,1866040.3654561662,0.0,2397999.634543834,2397999.634543834,0,False
2017-05-08,2017-05-05,2017-04-28,0.04413420646178093,0.1,,1.7778458122408576,1866577.1715886947,0.0,2399675.0284113055,2399675.0284113055,0,False
2017-05-09,2017-05-08,2017-04-28,0.04413420646178093,0.1,,1.7771227009936978,1866756.1584407648,0.0,2402138.2415592354,2402138.2415592354,0,False
2017-05-10,2017-05-09,2017-04-28,0.04413420646178093,0.1,,1.7837459188931928,1866935.1624559576,0.0,2382066.8375440426,2382066.8375440426,0,False
2017-05-11,2017-05-10,2017-04-28,0.04413420646178093,0.1,,1.7717140614268025,1867114.1836359191,0.0,2419437.8163640806,2419437.8163640806,0,False
2017-05-12,2017-05-11,2017-04-28,0.04413420646178093,0.1,,1.7610931733827597,1867293.2219822952,0.0,2453435.778017705,2453435.778017705,0,False
2017-05-15,2017-05-12,2017-04-28,0.04413420646178093,0.1,,1.7347365007029993,1867830.3885256052,0.0,2542177.2114743944,2542177.2114743944,0,False
2017-05-16,2017-05-15,2017-04-28,0.04413420646178093,0.1,,1.7299219602120304,1868009.4955491624,0.0,2559190.704450838,2559190.704450838,0,False
2017-05-17,2017-05-16,2017-04-28,0.04413420646178093,0.1,,1.7342259674715694,1868188.6197473658,0.0,2544432.7802526345,2544432.7802526345,0,False
2017-05-18,2017-05-17,2017-04-28,0.04413420646178093,0.1,,1.669694380754149,1721844.7959818621,0.0,2571090.404018138,2571090.404018138,0,False
2017-05-19,2017-05-18,2017-04-28,0.04413420646178093,0.1,,1.6751361555360276,1722009.9043869562,0.0,2550611.295613043,2550611.295613043,0,False
2017-05-22,2017-05-19,2017-04-28,0.04413420646178093,0.1,,1.6729636842118496,1722505.2770991772,0.0,2559581.3229008224,2559581.3229008224,0,False
2017-05-23,2017-05-22,2017-04-28,0.04413420646178093,0.1,,1.6526839347334834,1722670.4488380773,0.0,2639363.951161923,2639363.951161923,0,False
2017-05-24,2017-05-23,2017-04-28,0.04413420646178093,0.1,,1.6590525235072375,1722835.636415363,0.0,2614109.763584637,2614109.763584637,0,False
2017-05-25,2017-05-24,2017-04-28,0.04413420646178093,0.1,,1.6385317768780996,1723000.8398325536,0.0,2698379.1601674464,2698379.1601674464,0,False
2017-05-26,2017-05-25,2017-04-28,0.04413420646178093,0.1,,1.644757391859626,1723166.0590911678,0.0,2672580.540908832,2672580.540908832,0,False
2017-05-31,2017-05-26,2017-04-28,0.04413420646178093,0.1,,1.6400369473544076,1723992.2345989512,0.0,2693582.365401048,2693582.365401048,0,False
2017-06-01,2017-05-31,2017-05-31,0.04171901167315176,0.08333333333333333,,1.6388890143251345,1724157.5489228168,0.0,2698680.8510771836,2698680.8510771836,0,False
2017-06-02,2017-06-01,2017-05-31,0.04171901167315176,0.08333333333333333,,1.6427765557317688,1724322.8790987409,0.0,2682616.3209012593,2682616.3209012593,0,False
2017-06-05,2017-06-02,2017-05-31,0.04171901167315176,0.08333333333333333,,1.6509000962619773,1724818.9171872488,0.0,2649898.082812751,2649898.082812751,0,False
2017-06-06,2017-06-05,2017-05-31,0.04171901167315176,0.08333333333333333,,1.6467765088469983,1724984.3107820477,0.0,2667048.489217952,2667048.489217952,0,False
2017-06-07,2017-06-06,2017-05-31,0.04171901167315176,0.08333333333333333,,1.6196034690814411,1725149.7202365063,0.0,2784280.2797634937,2784280.2797634937,0,False
2017-06-08,2017-06-07,2017-05-31,0.04171901167315176,0.08333333333333333,,1.6157862146700197,1725315.1455521453,0.0,2801808.6544478545,2801808.6544478545,0,False
2017-06-09,2017-06-08,2017-05-31,0.04171901167315176,0.08333333333333333,,1.6079139051270754,1725480.586730486,0.0,2838363.413269514,2838363.413269514,0,False
2017-06-12,2017-06-09,2017-05-31,0.04171901167315176,0.08333333333333333,,1.5991780849136668,1725976.9578581755,0.0,2880574.2421418247,2880574.2421418247,0,False
2017-06-13,2017-06-12,2017-05-31,0.04171901167315176,0.08333333333333333,,1.5963217446999003,1726142.46249797,0.0,2894649.53750203,2894649.53750203,0,False
2017-06-14,2017-06-13,2017-05-31,0.04171901167315176,0.08333333333333333,,1.621143229452643,1726307.9830080727,0.0,2779243.0169919273,2779243.0169919273,0,False
2017-06-15,2017-06-14,2017-05-31,0.04171901167315176,0.08333333333333333,,1.6277018932605187,1726473.519390005,0.0,2750467.280609996,2750467.280609996,0,False
2017-06-16,2017-06-15,2017-05-31,0.04171901167315176,0.08333333333333333,,1.6310706155377737,1726639.071645289,0.0,2736047.3283547116,2736047.3283547116,0,False
2017-06-19,2017-06-16,2017-05-31,0.04171901167315176,0.08333333333333333,,1.6294303161736072,1750329.0079157623,0.0,2780814.5920842374,2780814.5920842374,0,False
2017-06-20,2017-06-19,2017-05-31,0.04171901167315176,0.08333333333333333,,1.6320699078230794,1750496.8476836446,0.0,2769467.152316355,2769467.152316355,0,False
2017-06-21,2017-06-20,2017-05-31,0.04171901167315176,0.08333333333333333,,1.6110967111533263,1750664.7035457513,8534.687399999999,2850825.3838542495,2850825.3838542495,0,False
2017-06-22,2017-06-21,2017-05-31,0.04171901167315176,0.08333333333333333,,1.6181428069948591,1757003.0351036254,0.0,2842390.1648963746,2842390.1648963746,0,False
2017-06-23,2017-06-22,2017-05-31,0.04171901167315176,0.08333333333333333,,1.6134511697316996,1786926.8123467176,0.0,2912907.9876532825,2912907.9876532825,0,False
2017-06-26,2017-06-23,2017-05-31,0.04171901167315176,0.08333333333333333,,1.5566338216225402,1787440.8597858858,104896.67422,3022712.814434114,3022712.814434114,0,False
2017-06-27,2017-06-26,2017-05-31,0.04171901167315176,0.08333333333333333,,1.5056756373766778,1787612.2582244955,254871.13396,3031075.6757355044,3031075.6757355044,0,False
2017-06-28,2017-06-27,2017-05-31,0.04171901167315176,0.08333333333333333,,1.4498785918186277,1787783.6730985718,401886.37682,3080602.9037214285,3080602.9037214285,0,False
2017-06-29,2017-06-28,2017-05-31,0.04171901167315176,0.08333333333333333,,1.4040897908658714,1787955.104409691,503263.65002,3179222.745610309,3179222.745610309,0,False
2017-06-30,2017-06-29,2017-05-31,0.04171901167315176,0.08333333333333333,,1.3547429480328343,1788126.5521594288,664051.3628199999,3168703.4106605714,3168703.4106605714,0,False
2017-07-03,2017-06-30,2017-06-30,0.03899959895444361,0.08333333333333333,,1.303878999537546,1788640.944729228,822378.7241799999,3179759.779450772,3179759.779450772,0,False
2017-07-04,2017-07-03,2017-06-30,0.03899959895444361,0.08333333333333333,,1.2563600544555926,1788812.458244476,979810.6320999999,3155724.973855524,3155724.973855524,0,False
2017-07-05,2017-07-04,2017-06-30,0.03899959895444361,0.08333333333333333,,1.2390405777137157,1788983.9882062254,1027240.8278059999,3186668.839599774,3186668.839599774,0,False
2017-07-06,2017-07-05,2017-06-30,0.03899959895444361,0.08333333333333333,,1.2372512334399475,1789155.5346160533,1027240.8278059999,3211425.693189947,3211425.693189947,0,False
2017-07-07,2017-07-06,2017-06-30,0.03899959895444361,0.08333333333333333,,1.231054938572731,1789327.097475537,1027240.8278059999,3298290.330330463,3298290.330330463,0,False
2017-07-10,2017-07-07,2017-06-30,0.03899959895444361,0.08333333333333333,,1.2315879781892598,1789841.8354076876,1027240.8278059999,3292921.3923983127,3292921.3923983127,0,False
2017-07-11,2017-07-10,2017-06-30,0.03899959895444361,0.08333333333333333,,1.2310863288611036,1790013.4640768364,1033707.507806,3272828.6437291633,3272828.6437291633,0,False
2017-07-12,2017-07-11,2017-06-30,0.03899959895444361,0.08333333333333333,,1.2320287995746726,1790185.1092035286,1033707.507806,3260274.598602472,3260274.598602472,0,False
2017-07-13,2017-07-12,2017-06-30,0.03899959895444361,0.08333333333333333,,1.2298108370932368,1790356.7707893427,1033860.507806,3291821.537016657,3291821.537016657,0,False
2017-07-14,2017-07-13,2017-06-30,0.03899959895444361,0.08333333333333333,,1.2263344886591594,1790528.4488358567,1033860.507806,3343140.2589701437,3343140.2589701437,0,False
2017-07-17,2017-07-14,2017-06-30,0.03899959895444361,0.08333333333333333,,1.2268754529303307,1791043.532362234,1033860.507806,3337439.1754437666,3337439.1754437666,0,False
2017-07-18,2017-07-17,2017-06-30,0.03899959895444361,0.08333333333333333,,1.2187914619188398,1791215.2762625976,1055471.707806,3362761.7915434022,3362761.7915434022,0,False
2017-07-19,2017-07-18,2017-06-30,0.03899959895444361,0.08333333333333333,,1.2097670433944798,1791387.0366315544,1055471.707806,3508250.471174445,3508250.471174445,0,False
2017-07-20,2017-07-19,2017-06-30,0.03899959895444361,0.08333333333333333,,1.2583820456845067,1791558.8134706835,890302.644696,3488075.8312253165,3488075.8312253165,0,False
2017-07-21,2017-07-20,2017-06-30,0.03899959895444361,0.08333333333333333,,1.3076475628825601,1791730.6067815642,718083.702696,3489859.935914436,3489859.935914436,0,False
2017-07-24,2017-07-21,2017-06-30,0.03899959895444361,0.08333333333333333,,1.3622984566233018,1792246.0361342,548995.104996,3431565.6288618,3431565.6288618,0,False
2017-07-25,2017-07-24,2017-06-30,0.03899959895444361,0.08333333333333333,,1.3669831447632281,1792417.8953431444,548995.104996,3388228.6096528554,3388228.6096528554,0,False
2017-07-26,2017-07-25,2017-06-30,0.03899959895444361,0.08333333333333333,,1.418699093948895,1792589.771031739,382176.75699599995,3368559.985964261,3368559.985964261,0,False
2017-07-27,2017-07-26,2017-06-30,0.03899959895444361,0.08333333333333333,,1.4719587520599864,1792761.663201564,215238.39579599994,3342502.4125944357,3342502.4125944357,0,False
2017-07-28,2017-07-27,2017-06-30,0.03899959895444361,0.08333333333333333,,1.5177439797477967,1792933.5718541997,46656.85386599993,3372857.6020118003,3372857.6020118003,0,False
2017-07-31,2017-07-28,2017-06-30,0.03899959895444361,0.08333333333333333,,1.5597294990271695,1917511.270399281,0.0,3425782.0496007195,3425782.0496007195,0,False
2017-08-01,2017-07-31,2017-07-31,0.03630894049346879,0.06666666666666667,,1.6108607142739186,2084196.296343018,0.0,3411901.023656982,3411901.023656982,0,False
2017-08-02,2017-08-01,2017-07-31,0.03630894049346879,0.06666666666666667,,1.6653121959016015,2237147.9516323935,0.0,3362553.648367606,3362553.648367606,0,False
2017-08-03,2017-08-02,2017-07-31,0.03630894049346879,0.06666666666666667,,1.6843837488818798,2237362.4726688513,0.0,3269163.647331149,3269163.647331149,0,False
2017-08-04,2017-08-03,2017-07-31,0.03630894049346879,0.06666666666666667,,1.6780138175020114,2237577.0142758195,0.0,3300193.8257241803,3300193.8257241803,0,False
2017-08-07,2017-08-04,2017-07-31,0.03630894049346879,0.06666666666666667,,1.6655239420365264,2267425.9928141725,0.0,3406978.8471858273,3406978.8471858273,0,False
2017-08-08,2017-08-07,2017-07-31,0.03630894049346879,0.06666666666666667,,1.6407741781263339,2267643.4172244426,0.0,3538911.982775558,3538911.982775558,0,False
2017-08-09,2017-08-08,2017-07-31,0.03630894049346879,0.06666666666666667,,1.6371045066874315,2267860.8624836286,0.0,3559637.1375163714,3559637.1375163714,0,False
2017-08-10,2017-08-09,2017-07-31,0.03630894049346879,0.06666666666666667,,1.6367355486111157,2268078.3285937295,0.0,3562041.31140627,3562041.31140627,0,False
2017-08-11,2017-08-10,2017-07-31,0.03630894049346879,0.06666666666666667,,1.6538634414596518,2268295.8155567455,0.0,3469066.584443254,3469066.584443254,0,False
2017-08-14,2017-08-11,2017-07-31,0.03630894049346879,0.06666666666666667,,1.6475485745321405,2268948.3390105357,0.0,3503904.460989464,3503904.460989464,0,False
2017-08-15,2017-08-14,2017-07-31,0.03630894049346879,0.06666666666666667,,1.6564429393178581,2269165.909399208,277.77077999999165,3456337.181380792,3456337.181380792,0,False
2017-08-16,2017-08-15,2017-07-31,0.03630894049346879,0.06666666666666667,,1.6644086851523379,2269383.5006507942,277.77077999999165,3415225.8701292053,3415225.8701292053,0,False
2017-08-17,2017-08-16,2017-07-31,0.03630894049346879,0.06666666666666667,,1.6594728929200129,2269601.112767295,277.77077999999165,3441116.938012705,3441116.938012705,0,False
2017-08-18,2017-08-17,2017-07-31,0.03630894049346879,0.06666666666666667,,1.6616666807412483,2269818.745750711,277.77077999999165,3430036.6650292887,3430036.6650292887,0,False
2017-08-21,2017-08-18,2017-07-31,0.03630894049346879,0.06666666666666667,,1.655658748461729,2270471.7073077075,277.77077999999165,3462462.663472293,3462462.663472293,0,False
2017-08-22,2017-08-21,2017-07-31,0.03630894049346879,0.06666666666666667,,1.6527052782382188,2360899.605572792,0.0,3617098.994427208,3617098.994427208,0,False
2017-08-23,2017-08-22,2017-07-31,0.03630894049346879,0.06666666666666667,,1.6585108905063242,2361125.993206203,0.0,3585553.4467937965,3585553.4467937965,0,False
2017-08-24,2017-08-23,2017-07-31,0.03630894049346879,0.06666666666666667,,1.6516135841096737,2406577.8547480176,0.0,3693259.1852519824,3693259.1852519824,0,False
2017-08-25,2017-08-24,2017-07-31,0.03630894049346879,0.06666666666666667,,1.6450546953255245,2466965.238987514,0.0,3824428.0010124855,3824428.0010124855,0,False
2017-08-28,2017-08-25,2017-07-31,0.03630894049346879,0.06666666666666667,,1.6372329414086866,2538007.6496692775,0.0,3982856.950330722,3982856.950330722,0,False
2017-08-29,2017-08-28,2017-07-31,0.03630894049346879,0.06666666666666667,,1.6488940174892903,2538251.020265821,0.0,3911657.2997341794,3911657.2997341794,0,False
2017-08-30,2017-08-29,2017-07-31,0.03630894049346879,0.06666666666666667,,1.638060935190415,2629856.462919271,0.0,4121638.417080729,4121638.417080729,0,False
2017-08-31,2017-08-30,2017-07-31,0.03630894049346879,0.06666666666666667,,1.6389544416058666,2630108.6409362634,0.0,4116269.4390637367,4116269.4390637367,0,False
2017-09-01,2017-08-31,2017-08-31,0.03578110951008646,0.06666666666666667,,1.6504028632056995,2714934.145174709,0.0,4174234.6148252906,4174234.6148252906,0,False
2017-09-04,2017-09-01,2017-08-31,0.03578110951008646,0.06666666666666667,,1.6732509657100156,2715715.1536274306,0.0,4033733.7663725694,4033733.7663725694,0,False
2017-09-05,2017-09-04,2017-08-31,0.03578110951008646,0.06666666666666667,,1.6656119914400471,2718304.5879095593,0.0,4083917.69209044,4083917.69209044,0,False
2017-09-06,2017-09-05,2017-08-31,0.03578110951008646,0.06666666666666667,,1.6615378855447203,2718565.247253605,0.0,4109462.6727463948,4109462.6727463948,0,False
2017-09-07,2017-09-06,2017-08-31,0.03578110951008646,0.06666666666666667,,1.6732411948099781,2718825.931592383,0.0,4038412.908407617,4038412.908407617,0,False
2017-09-08,2017-09-07,2017-08-31,0.03578110951008646,0.06666666666666667,,1.6727394276943814,2719086.640928289,0.0,4041812.519071711,4041812.519071711,0,False
2017-09-11,2017-09-08,2017-08-31,0.03578110951008646,0.06666666666666667,,1.6700583683892547,2719868.8439345835,0.0,4059152.1160654165,4059152.1160654165,0,False
2017-09-12,2017-09-11,2017-08-31,0.03578110951008646,0.06666666666666667,,1.6664998623116347,2720129.6532757827,0.0,4081215.6267242166,4081215.6267242166,0,False
2017-09-13,2017-09-12,2017-08-31,0.03578110951008646,0.06666666666666667,,1.6487871983654403,2720390.4876260967,0.0,4193039.7123739035,4193039.7123739035,0,False
2017-09-14,2017-09-13,2017-08-31,0.03578110951008646,0.06666666666666667,,1.637797995723474,2720651.346987924,0.0,4265694.413012076,4265694.413012076,0,False
2017-09-15,2017-09-14,2017-08-31,0.03578110951008646,0.06666666666666667,,1.6568054734172593,2720912.2313636625,0.0,4142645.488636337,4142645.488636337,0,False
2017-09-18,2017-09-15,2017-08-31,0.03578110951008646,0.06666666666666667,,1.6676535110722555,2721694.9595398083,0.0,4076508.1204601917,4076508.1204601917,0,False
2017-09-19,2017-09-18,2017-08-31,0.03578110951008646,0.06666666666666667,,1.6685900789987849,2721955.9439879833,0.0,4071188.0560120167,4071188.0560120167,0,False
2017-09-20,2017-09-19,2017-08-31,0.03578110951008646,0.06666666666666667,,1.6676942654442721,2722216.9534620643,0.0,4077041.086537936,4077041.086537936,0,False
2017-09-21,2017-09-20,2017-08-31,0.03578110951008646,0.06666666666666667,,1.6632506646426826,2722477.987964451,0.0,4104749.732035549,4104749.732035549,0,False
2017-09-22,2017-09-21,2017-08-31,0.03578110951008646,0.06666666666666667,,1.6662335902520462,2722739.0474975435,0.0,4086763.392502456,4086763.392502456,0,False
2017-09-25,2017-09-22,2017-08-31,0.03578110951008646,0.06666666666666667,,1.6602614329702974,2723522.301196139,0.0,4124915.0188038615,4124915.0188038615,0,False
2017-09-26,2017-09-25,2017-08-31,0.03578110951008646,0.06666666666666667,,1.6700444333940987,2723783.4608688564,0.0,4065078.859131144,4065078.859131144,0,False
2017-09-27,2017-09-26,2017-08-31,0.03578110951008646,0.06666666666666667,,1.6639709714728825,2724044.645584282,0.0,4102656.234415718,4102656.234415718,0,False
2017-09-28,2017-09-27,2017-08-31,0.03578110951008646,0.06666666666666667,,1.6720472893068719,2724305.8553448175,0.0,4053741.3046551826,4053741.3046551826,0,False
2017-09-29,2017-09-28,2017-08-31,0.03578110951008646,0.06666666666666667,,1.6702851983953946,2724567.0901528643,0.0,4064787.7898471355,4064787.7898471355,0,False
2017-10-09,2017-09-29,2017-09-29,0.03617057989877079,0.08333333333333333,,1.6650317995788724,2727179.688732463,0.0,4100825.9912675368,4100825.9912675368,0,False
2017-10-10,2017-10-09,2017-09-29,0.03617057989877079,0.08333333333333333,,1.657608221363201,2727441.1991135743,0.0,4147516.8808864257,4147516.8808864257,0,False
2017-10-11,2017-10-10,2017-09-29,0.03617057989877079,0.08333333333333333,,1.6625353758424435,2727702.7345710234,0.0,4117067.3054289767,4117067.3054289767,0,False
2017-10-12,2017-10-11,2017-09-29,0.03617057989877079,0.08333333333333333,,1.662733350693369,2727964.295107215,0.0,4116232.104892785,4116232.104892785,0,False
2017-10-13,2017-10-12,2017-09-29,0.03617057989877079,0.08333333333333333,,1.6762809431327628,2728225.8807245544,0.0,4034160.519275446,4034160.519275446,0,False
2017-10-16,2017-10-13,2017-09-29,0.03617057989877079,0.08333333333333333,,1.6697899424322047,2729010.7128272285,0.0,4074427.727172771,4074427.727172771,0,False
2017-10-17,2017-10-16,2017-09-29,0.03617057989877079,0.08333333333333333,,1.6660142439657828,2729272.3987859925,0.0,4097918.961214007,4097918.961214007,0,False
2017-10-18,2017-10-17,2017-09-29,0.03617057989877079,0.08333333333333333,,1.664295438561156,2729534.109837931,0.0,4108915.930162069,4108915.930162069,0,False
2017-10-19,2017-10-18,2017-09-29,0.03617057989877079,0.08333333333333333,,1.6656062174138186,2771590.26387545,0.0,4164008.97612455,4164008.97612455,0,False
2017-10-20,2017-10-19,2017-09-29,0.03617057989877079,0.08333333333333333,,1.6656545557699156,2857951.5022648624,0.0,4293445.417735137,4293445.417735137,0,False
2017-10-23,2017-10-20,2017-09-29,0.03617057989877079,0.08333333333333333,,1.6461691362215487,2858773.6526970207,0.0,4424187.867302978,4424187.867302978,0,False
2017-10-24,2017-10-23,2017-09-29,0.03617057989877079,0.08333333333333333,,1.6426242475359645,2859047.781677416,0.0,4449019.458322585,4449019.458322585,0,False
2017-10-25,2017-10-24,2017-09-29,0.03617057989877079,0.08333333333333333,,1.624790295461527,2859321.936944152,0.0,4576450.623055847,4576450.623055847,0,False
2017-10-26,2017-10-25,2017-09-29,0.03617057989877079,0.08333333333333333,,1.635127447514317,2859596.11849975,0.0,4502397.321500249,4502397.321500249,0,False
2017-10-27,2017-10-26,2017-09-29,0.03617057989877079,0.08333333333333333,,1.6271751860964119,2859870.3263467294,0.0,4559922.63365327,4559922.63365327,0,False
2017-10-30,2017-10-27,2017-09-29,0.03617057989877079,0.08333333333333333,,1.6290220329593725,2860693.028769377,0.0,4547842.331230622,4547842.331230622,0,False
2017-10-31,2017-10-30,2017-09-29,0.03617057989877079,0.08333333333333333,,1.665407338286261,3108081.431439533,0.0,4670945.528560467,4670945.528560467,0,False
2017-11-01,2017-10-31,2017-10-31,0.03333733526011561,0.06666666666666667,,1.6870389830471413,3108379.4666452873,0.0,4524313.093354712,4524313.093354712,0,False
2017-11-02,2017-11-01,2017-10-31,0.03333733526011561,0.06666666666666667,,1.69345890217972,3108677.53042976,0.0,4482857.62957024,4482857.62957024,0,False
2017-11-03,2017-11-02,2017-10-31,0.03333733526011561,0.06666666666666667,,1.6844475992142305,3108975.6227956917,0.0,4542313.5772043085,4542313.5772043085,0,False
2017-11-06,2017-11-03,2017-10-31,0.03333733526011561,0.06666666666666667,,1.6746440498510995,3109869.985646085,0.0,4609645.614353915,4609645.614353915,0,False
2017-11-07,2017-11-06,2017-10-31,0.03333733526011561,0.06666666666666667,,1.6654757876896784,3089941.077650213,2541.5025631759054,4639386.7849129625,4639386.7849129625,0,False
2017-11-08,2017-11-07,2017-10-31,0.03333733526011561,0.06666666666666667,,1.6697140728642264,3087695.8708068123,0.0,4610468.849193187,4610468.849193187,0,False
2017-11-09,2017-11-08,2017-10-31,0.03333733526011561,0.06666666666666667,,1.6658914900824275,3037159.885758969,523.656356188767,4560256.85059722,4560256.85059722,0,False
2017-11-10,2017-11-09,2017-10-31,0.03333733526011561,0.06666666666666667,,1.6687773993664456,3036927.4639123734,0.0,4541013.896087626,4541013.896087626,0,False
2017-11-13,2017-11-10,2017-10-31,0.03333733526011561,0.06666666666666667,,1.6566751370824777,3122546.4215400745,0.0,4755085.498459926,4755085.498459926,0,False
2017-11-14,2017-11-13,2017-10-31,0.03333733526011561,0.06666666666666667,,1.633410294936157,3122845.8437996744,0.0,4930210.116200326,4930210.116200326,0,False
2017-11-15,2017-11-14,2017-10-31,0.03333733526011561,0.06666666666666667,,1.6492560816023158,3123145.2947709975,0.0,4810344.305229003,4810344.305229003,0,False
2017-11-16,2017-11-15,2017-10-31,0.03333733526011561,0.06666666666666667,,1.6144547902912842,3161908.1590367975,0.0,5145876.000963203,5145876.000963203,0,False
2017-11-17,2017-11-16,2017-10-31,0.03333733526011561,0.06666666666666667,,1.5996257737901698,3162211.3557095816,0.0,5273641.484290418,5273641.484290418,0,False
2017-11-20,2017-11-17,2017-10-31,0.03333733526011561,0.06666666666666667,,1.5807054911837708,3189118.2928688955,0.0,5491799.787131105,5491799.787131105,0,False
2017-11-21,2017-11-20,2017-10-31,0.03333733526011561,0.06666666666666667,,1.5829038480727666,3189424.0987325953,0.0,5471612.701267405,5471612.701267405,0,False
2017-11-22,2017-11-21,2017-10-31,0.03333733526011561,0.06666666666666667,,1.5836314653360013,3189729.933920145,0.0,5465315.226079855,5465315.226079855,0,False
2017-11-23,2017-11-22,2017-10-31,0.03333733526011561,0.06666666666666667,,1.5996750612542363,3190035.7984343567,0.0,5319607.241565643,5319607.241565643,0,False
2017-11-24,2017-11-23,2017-10-31,0.03333733526011561,0.06666666666666667,,1.6113586573402432,3190341.692278042,0.0,5218445.267721958,5218445.267721958,0,False
2017-11-27,2017-11-24,2017-10-31,0.03333733526011561,0.06666666666666667,,1.6448250456620621,3191259.4618059574,0.0,4949031.498194043,4949031.498194043,0,False
2017-11-28,2017-11-27,2017-10-31,0.03333733526011561,0.06666666666666667,,1.5971676191435351,3242571.082987226,0.0,5429917.797012772,5429917.797012772,0,False
2017-11-29,2017-11-28,2017-10-31,0.03333733526011561,0.06666666666666667,,1.5728513172415195,3242882.014460937,0.0,5660948.865539062,5660948.865539062,0,False
2017-11-30,2017-11-29,2017-10-31,0.03333733526011561,0.06666666666666667,,1.6048944544698327,3243192.975749995,0.0,5361584.904250003,5361584.904250003,0,False
2017-12-01,2017-11-30,2017-11-30,0.033510296162201296,0.08333333333333333,,1.616188261437563,3243503.9668572587,0.0,5263819.793142742,5263819.793142742,0,False
2017-12-04,2017-12-01,2017-11-30,0.033510296162201296,0.08333333333333333,,1.5957381053738835,3244437.029642245,0.0,5446079.410357755,5446079.410357755,0,False
2017-12-05,2017-12-04,2017-11-30,0.033510296162201296,0.08333333333333333,,1.594215368911127,3244748.1400423474,0.0,5460559.099957652,5460559.099957652,0,False
2017-12-06,2017-12-05,2017-11-30,0.033510296162201296,0.08333333333333333,,1.5948112729356503,3245059.280274954,0.0,5455611.599725045,5455611.599725045,0,False
2017-12-07,2017-12-06,2017-11-30,0.033510296162201296,0.08333333333333333,,1.618436495060487,3245370.4503429257,0.0,5247702.029657075,5247702.029657075,0,False
2017-12-08,2017-12-07,2017-11-30,0.033510296162201296,0.08333333333333333,,1.6000694759287657,3245681.650249123,0.0,5408843.109750876,5408843.109750876,0,False
2017-12-11,2017-12-08,2017-11-30,0.033510296162201296,0.08333333333333333,,1.58917398679876,3246615.3394909757,0.0,5510452.620509025,5510452.620509025,0,False
2017-12-12,2017-12-11,2017-11-30,0.033510296162201296,0.08333333333333333,,1.6046533410623527,3246926.658770105,0.0,5369897.821229896,5369897.821229896,0,False
2017-12-13,2017-12-12,2017-11-30,0.033510296162201296,0.08333333333333333,,1.6071966540153064,3247238.0079017677,0.0,5347918.152098233,5347918.152098233,0,False
2017-12-14,2017-12-13,2017-11-30,0.033510296162201296,0.08333333333333333,,1.6060721196870285,3247549.3868888267,0.0,5358354.693111174,5358354.693111174,0,False
2017-12-15,2017-12-14,2017-11-30,0.033510296162201296,0.08333333333333333,,1.6250450315496137,3247860.7957341447,0.0,5196202.884265855,5196202.884265855,0,False
2017-12-18,2017-12-15,2017-11-30,0.033510296162201296,0.08333333333333333,,1.6256650506651686,3248795.1118534654,0.0,5192546.888146535,5192546.888146535,0,False
2017-12-19,2017-12-18,2017-11-30,0.033510296162201296,0.08333333333333333,,1.6139262674009778,3249106.6401518625,0.0,5292340.159848139,5292340.159848139,0,False
2017-12-20,2017-12-19,2017-11-30,0.033510296162201296,0.08333333333333333,,1.6036457871148149,3249418.198322836,0.0,5382988.281677164,5382988.281677164,0,False
2017-12-21,2017-12-20,2017-11-30,0.033510296162201296,0.08333333333333333,,1.5920697929526464,3249729.78636925,0.0,5488761.333630751,5488761.333630751,0,False
2017-12-22,2017-12-21,2017-11-30,0.033510296162201296,0.08333333333333333,,1.596063941516142,3250041.4042939707,0.0,5452504.635706028,5452504.635706028,0,False
2017-12-25,2017-12-22,2017-11-30,0.033510296162201296,0.08333333333333333,,1.6022491664190268,3250976.347711644,0.0,5398058.692288355,5398058.692288355,0,False
2017-12-26,2017-12-25,2017-11-30,0.033510296162201296,0.08333333333333333,,1.5904608534374278,3251288.085169644,0.0,5506356.714830357,5506356.714830357,0,False
2017-12-27,2017-12-26,2017-11-30,0.033510296162201296,0.08333333333333333,,1.6125107238714211,3251599.852520277,0.0,5308641.507479723,5308641.507479723,0,False
2017-12-28,2017-12-27,2017-11-30,0.033510296162201296,0.08333333333333333,,1.602446059632691,3251911.649766409,0.0,5397846.990233592,5397846.990233592,0,False
2017-12-29,2017-12-28,2017-11-30,0.033510296162201296,0.08333333333333333,,1.6052219267841288,3252223.476910907,0.0,5373604.843089093,5373604.843089093,0,False
2018-01-02,2017-12-29,2017-12-29,0.03236737722419928,0.05,,1.5681890913858447,3253470.9050938315,0.0,5726035.494906168,5726035.494906168,0,False
2018-01-03,2018-01-02,2017-12-29,0.03236737722419928,0.05,,1.5725493936623463,3253782.881755964,0.0,5682973.238244037,5682973.238244037,0,False
2018-01-04,2018-01-03,2017-12-29,0.03236737722419928,0.05,,1.5664484212530214,3254094.8883336666,0.0,5744732.911666334,5744732.911666334,0,False
2018-01-05,2018-01-04,2017-12-29,0.03236737722419928,0.05,,1.5542214492512965,3254406.924829808,0.0,5872033.515170191,5872033.515170191,0,False
2018-01-08,2018-01-05,2017-12-29,0.03236737722419928,0.05,,1.5114475065972077,3255343.1240821565,0.0,6364960.395917843,6364960.395917843,0,False
2018-01-09,2018-01-08,2017-12-29,0.03236737722419928,0.05,,1.5146002523964495,3255655.280272137,0.0,6326571.479727862,6326571.479727862,0,False
2018-01-10,2018-01-09,2017-12-29,0.03236737722419928,0.05,,1.4629773406736195,3255967.4663949027,314257.18611,6353896.879715096,6353896.879715096,0,False
2018-01-11,2018-01-10,2017-12-29,0.03236737722419928,0.05,,1.4881375460338415,3256279.682453324,314257.18611,6027035.863656676,6027035.863656676,0,False
2018-01-12,2018-01-11,2017-12-29,0.03236737722419928,0.05,,1.4828418186164962,3256591.9284502715,314257.18611,6093786.057659728,6093786.057659728,0,False
2018-01-15,2018-01-12,2017-12-29,0.03236737722419928,0.05,,1.4936265319942439,3257528.756265305,314257.18611,5962547.349844694,5962547.349844694,0,False
2018-01-16,2018-01-15,2017-12-29,0.03236737722419928,0.05,,1.467714735904964,3257841.122036454,314257.18611,6293545.424073547,6293545.424073547,0,False
2018-01-17,2018-01-16,2017-12-29,0.03236737722419928,0.05,,1.419976378899492,3258153.5177604845,626696.48181,6265726.284049516,6265726.284049516,0,False
2018-01-18,2018-01-17,2017-12-29,0.03236737722419928,0.05,,1.3659272882455065,3258465.9434402697,940325.05161,6334976.82816973,6334976.82816973,0,False
2018-01-19,2018-01-18,2017-12-29,0.03236737722419928,0.05,,1.31257495530239,3258778.3990786816,1257866.23326,6401383.514181318,6401383.514181318,0,False
2018-01-22,2018-01-19,2017-12-29,0.03236737722419928,0.05,,1.2578282463432449,3259715.8558784164,1578042.80634,6522454.670461584,6522454.670461584,0,False
2018-01-23,2018-01-22,2017-12-29,0.03236737722419928,0.05,,1.2060307613641434,3260028.431371446,1901389.4444999998,6594350.173128554,6594350.173128554,0,False
2018-01-24,2018-01-23,2017-12-29,0.03236737722419928,0.05,,1.1419021415834056,3260341.0368374675,2338917.3895499995,6493373.79271253,6493373.79271253,0,False
2018-01-25,2018-01-24,2017-12-29,0.03236737722419928,0.05,,1.0887710917937852,3260653.672279356,2669735.4673499996,6656651.315070644,6656651.315070644,0,False
2018-01-26,2018-01-25,2017-12-29,0.03236737722419928,0.05,,1.0322121762807805,3260966.3376999856,3039844.1348699997,6864553.357170014,6864553.357170014,0,False
2018-01-29,2018-01-26,2017-12-29,0.03236737722419928,0.05,,0.9823651638218988,3261904.423906721,3383344.4717699997,6886372.32786328,6886372.32786328,0,False
2018-01-30,2018-01-29,2017-12-29,0.03236737722419928,0.05,,0.9706207797501462,3262217.209262438,3460660.2803399996,6754538.391077561,6754538.391077561,0,False
2018-01-31,2018-01-30,2017-12-29,0.03236737722419928,0.05,,0.9711090308404101,3262530.0246112715,3460660.2803399996,6857861.175728727,6857861.175728727,0,False
2018-02-01,2018-01-31,2018-01-31,0.02669278472679395,0.03333333333333333,1.0,0.9713104020988413,0.0,197817.4103839025,6895091.770383903,6895091.770383903,0,False
2018-02-02,2018-02-01,2018-01-31,0.02669278472679395,0.03333333333333333,1.0,0.9724263860596715,0.0,197817.4103839025,7174156.090383902,7174156.090383902,0,False
2018-02-05,2018-02-02,2018-01-31,0.02669278472679395,0.03333333333333333,1.0,0.9724300586925466,0.0,197817.4103839025,7175111.770383902,7175111.770383902,0,False
2018-02-06,2018-02-05,2018-01-31,0.02669278472679395,0.03333333333333333,1.0,0.9712720046755194,0.0,197817.4103839025,6885875.890383902,6885875.890383902,0,False
2018-02-07,2018-02-06,2018-01-31,0.02669278472679395,0.03333333333333333,1.0,0.9705902364850519,0.0,197817.4103839025,6726249.610383903,6726249.610383903,0,False
2018-02-08,2018-02-07,2018-01-31,0.02669278472679395,0.03333333333333333,1.0,0.9694369480298735,0.0,197817.4103839025,6472436.4103839025,6472436.4103839025,0,False
2018-02-09,2018-02-08,2018-01-31,0.02669278472679395,0.03333333333333333,1.0,0.9677629401843585,0.0,197817.4103839025,6136335.370383902,6136335.370383902,0,False
2018-02-12,2018-02-09,2018-01-31,0.02669278472679395,0.03333333333333333,1.0,0.9682657978166658,0.0,197817.4103839025,6233571.250383902,6233571.250383902,0,False
2018-02-13,2018-02-12,2018-01-31,0.02669278472679395,0.03333333333333333,1.0,0.9687921190338619,0.0,197817.4103839025,6338700.490383903,6338700.490383903,0,False
2018-02-14,2018-02-13,2018-01-31,0.02669278472679395,0.03333333333333333,1.0,0.9694108397301316,0.0,197817.4103839025,6466912.090383902,6466912.090383902,0,False
2018-02-22,2018-02-14,2018-01-31,0.02669278472679395,0.03333333333333333,1.0,0.9699210280756249,0.0,197817.4103839025,6576601.4503839025,6576601.4503839025,0,False
2018-02-23,2018-02-22,2018-01-31,0.02669278472679395,0.03333333333333333,1.0,0.970138186968014,0.0,197817.4103839025,6624427.330383902,6624427.330383902,0,False
2018-02-26,2018-02-23,2018-01-31,0.02669278472679395,0.03333333333333333,1.0,0.9709266501198299,0.0,197817.4103839025,6804080.4103839025,6804080.4103839025,0,False
2018-02-27,2018-02-26,2018-01-31,0.02669278472679395,0.03333333333333333,1.0,0.9694436505229888,0.0,197817.4103839025,6473856.130383902,6473856.130383902,0,False
2018-02-28,2018-02-27,2018-01-31,0.02669278472679395,0.03333333333333333,1.0,0.9691135034646696,0.0,197817.4103839025,6404656.810383903,6404656.810383903,0,False
2018-03-01,2018-02-28,2018-02-28,0.032619529745042494,0.08333333333333333,,0.9694764198279742,0.0,197817.4103839025,6480806.290383903,6480806.290383903,0,False
2018-03-02,2018-03-01,2018-02-28,0.032619529745042494,0.08333333333333333,,0.9688841879004901,0.0,197817.4103839025,6357456.130383903,6357456.130383903,0,False
2018-03-05,2018-03-02,2018-02-28,0.032619529745042494,0.08333333333333333,,0.9684073432619185,0.0,197817.4103839025,6261499.690383902,6261499.690383902,0,False
2018-03-06,2018-03-05,2018-02-28,0.032619529745042494,0.08333333333333333,,0.9686511121060768,0.0,197817.4103839025,6310189.090383902,6310189.090383902,0,False
2018-03-07,2018-03-06,2018-02-28,0.032619529745042494,0.08333333333333333,,0.968534103768096,0.0,197817.4103839025,6286724.170383902,6286724.170383902,0,False
2018-03-08,2018-03-07,2018-02-28,0.032619529745042494,0.08333333333333333,,0.9687130180154165,0.0,197817.4103839025,6322674.730383903,6322674.730383903,0,False
2018-03-09,2018-03-08,2018-02-28,0.032619529745042494,0.08333333333333333,,0.9684275564843138,0.0,197817.4103839025,6265508.4103839025,6265508.4103839025,0,False
2018-03-12,2018-03-09,2018-02-28,0.032619529745042494,0.08333333333333333,,0.9688576351712318,0.0,197817.4103839025,6352035.610383903,6352035.610383903,0,False
2018-03-13,2018-03-12,2018-02-28,0.032619529745042494,0.08333333333333333,,0.968979885188101,0.0,197817.4103839025,6377068.930383902,6377068.930383902,0,False
2018-03-14,2018-03-13,2018-02-28,0.032619529745042494,0.08333333333333333,,0.9697820365016327,0.0,197817.4103839025,6546351.490383903,6546351.490383903,0,False
2018-03-15,2018-03-14,2018-02-28,0.032619529745042494,0.08333333333333333,,0.969572000313553,0.0,197817.4103839025,6501163.810383902,6501163.810383902,0,False
2018-03-16,2018-03-15,2018-02-28,0.032619529745042494,0.08333333333333333,,0.9696469255571515,0.0,197817.4103839025,6517211.650383903,6517211.650383903,0,False
2018-03-19,2018-03-16,2018-02-28,0.032619529745042494,0.08333333333333333,,0.9688075946229474,0.0,197817.4103839025,6341845.330383902,6341845.330383902,0,False
2018-03-20,2018-03-19,2018-02-28,0.032619529745042494,0.08333333333333333,,0.968969055763522,0.0,197817.4103839025,6374843.4103839025,6374843.4103839025,0,False
2018-03-21,2018-03-20,2018-02-28,0.032619529745042494,0.08333333333333333,,0.9685861653767192,0.0,197817.4103839025,6297143.050383902,6297143.050383902,0,False
2018-03-22,2018-03-21,2018-02-28,0.032619529745042494,0.08333333333333333,,0.9684880774004304,0.0,197817.4103839025,6277541.770383902,6277541.770383902,0,False
2018-03-23,2018-03-22,2018-02-28,0.032619529745042494,0.08333333333333333,,0.9677256476726388,0.0,197817.4103839025,6129244.930383902,6129244.930383902,0,False
2018-03-26,2018-03-23,2018-02-28,0.032619529745042494,0.08333333333333333,,0.967383553615908,0.0,197817.4103839025,6064959.010383902,6064959.010383902,0,False
2018-03-27,2018-03-26,2018-02-28,0.032619529745042494,0.08333333333333333,,0.9676650572918971,0.0,197817.4103839025,6117759.730383903,6117759.730383903,0,False
2018-03-28,2018-03-27,2018-02-28,0.032619529745042494,0.08333333333333333,,0.9669474439632394,0.0,197817.4103839025,5984935.330383902,5984935.330383902,0,False
2018-03-29,2018-03-28,2018-02-28,0.032619529745042494,0.08333333333333333,,0.9679863229198357,0.0,197817.4103839025,6179153.050383903,6179153.050383903,0,False
2018-03-30,2018-03-29,2018-02-28,0.032619529745042494,0.08333333333333333,,0.9680363488555271,0.0,197817.4103839025,6188823.970383902,6188823.970383902,0,False
2018-04-02,2018-03-30,2018-03-30,0.037387315632011975,0.2,,0.9681920245678983,0.0,197817.4103839025,6219113.530383902,6219113.530383902,0,False
2018-04-03,2018-04-02,2018-03-30,0.037387315632011975,0.2,,0.968641250944702,0.0,197817.4103839025,6308204.770383902,6308204.770383902,0,False
2018-04-04,2018-04-03,2018-03-30,0.037387315632011975,0.2,,0.9680945542099589,0.0,197817.4103839025,6200114.290383901,6200114.290383901,0,False
2018-04-09,2018-04-04,2018-03-30,0.037387315632011975,0.2,,0.9688704983659179,0.0,197817.4103839025,6354660.370383902,6354660.370383902,0,False
2018-04-10,2018-04-09,2018-03-30,0.037387315632011975,0.2,,0.9697014711797384,0.0,197817.4103839025,6528944.4103839025,6528944.4103839025,0,False
2018-04-11,2018-04-10,2018-03-30,0.037387315632011975,0.2,,0.9696267582304441,0.0,197817.4103839025,6512884.330383902,6512884.330383902,0,False
2018-04-12,2018-04-11,2018-03-30,0.037387315632011975,0.2,,0.969077734843046,0.0,197817.4103839025,6397248.370383903,6397248.370383903,0,False
2018-04-13,2018-04-12,2018-03-30,0.037387315632011975,0.2,,0.9687931694525361,0.0,197817.4103839025,6338913.850383903,6338913.850383903,0,False
2018-04-16,2018-04-13,2018-03-30,0.037387315632011975,0.2,,0.9676486269293763,0.0,197817.4103839025,6114652.690383902,6114652.690383902,0,False
2018-04-17,2018-04-16,2018-03-30,0.037387315632011975,0.2,,0.9676217288273958,0.0,197817.4103839025,6109572.970383902,6109572.970383902,0,False
2018-04-18,2018-04-17,2018-03-30,0.037387315632011975,0.2,,0.9678752364818693,0.0,197817.4103839025,6157785.730383903,6157785.730383903,0,False
2018-04-19,2018-04-18,2018-03-30,0.037387315632011975,0.2,,0.9683654556168356,0.0,197817.4103839025,6253208.770383902,6253208.770383902,0,False
2018-04-20,2018-04-19,2018-03-30,0.037387315632011975,0.2,,0.9680583231246476,0.0,197817.4103839025,6193081.570383903,6193081.570383903,0,False
2018-04-23,2018-04-20,2018-03-30,0.037387315632011975,0.2,,0.9682765753624837,0.0,197817.4103839025,6235689.010383902,6235689.010383902,0,False
2018-04-24,2018-04-23,2018-03-30,0.037387315632011975,0.2,,0.9692391636756353,0.0,197817.4103839025,6430820.290383902,6430820.290383902,0,False
2018-04-25,2018-04-24,2018-03-30,0.037387315632011975,0.2,,0.9690790155224215,0.0,197817.4103839025,6397513.330383902,6397513.330383902,0,False
2018-04-26,2018-04-25,2018-03-30,0.037387315632011975,0.2,,0.9689315838477435,0.0,197817.4103839025,6367154.650383903,6367154.650383903,0,False
2018-04-27,2018-04-26,2018-03-30,0.037387315632011975,0.2,,0.9692961744095308,0.0,197817.4103839025,6442761.010383902,6442761.010383902,0,False
2018-05-02,2018-04-27,2018-04-27,0.04212893563579278,0.26666666666666666,,0.9697965771048374,0.0,197817.4103839025,6549503.050383902,6549503.050383902,0,False
2018-05-03,2018-05-02,2018-04-27,0.04212893563579278,0.26666666666666666,,0.9695190765239424,0.0,197817.4103839025,6489875.890383903,6489875.890383903,0,False
2018-05-04,2018-05-03,2018-04-27,0.04212893563579278,0.26666666666666666,,0.9697146523065173,0.0,197817.4103839025,6531786.010383902,6531786.010383902,0,False
2018-05-07,2018-05-04,2018-04-27,0.04212893563579278,0.26666666666666666,,0.9701178055947547,0.0,197817.4103839025,6619909.090383902,6619909.090383902,0,False
2018-05-08,2018-05-07,2018-04-27,0.04212893563579278,0.26666666666666666,,0.9706714904469027,0.0,197817.4103839025,6744884.530383903,6744884.530383903,0,False
2018-05-09,2018-05-08,2018-04-27,0.04212893563579278,0.26666666666666666,,0.970519051973387,0.0,197817.4103839025,6710008.4503839025,6710008.4503839025,0,False
2018-05-10,2018-05-09,2018-04-27,0.04212893563579278,0.26666666666666666,,0.9705968785636875,0.0,197817.4103839025,6727769.050383902,6727769.050383902,0,False
2018-05-11,2018-05-10,2018-04-27,0.04212893563579278,0.26666666666666666,,0.9699942114140825,0.0,197817.4103839025,6592641.610383903,6592641.610383903,0,False
2018-05-14,2018-05-11,2018-04-27,0.04212893563579278,0.26666666666666666,,0.9703533033776303,0.0,197817.4103839025,6672494.170383902,6672494.170383902,0,False
2018-05-15,2018-05-14,2018-04-27,0.04212893563579278,0.26666666666666666,,0.9703667466052652,0.0,197817.4103839025,6675521.170383902,6675521.170383902,0,False
2018-05-16,2018-05-15,2018-04-27,0.04212893563579278,0.26666666666666666,,0.970406997925481,0.0,197817.4103839025,6684600.970383903,6684600.970383903,0,False
2018-05-17,2018-05-16,2018-04-27,0.04212893563579278,0.26666666666666666,,0.9702643200631261,0.0,197817.4103839025,6652526.890383903,6652526.890383903,0,False
2018-05-18,2018-05-17,2018-04-27,0.04212893563579278,0.26666666666666666,,0.9706238671093691,0.0,197817.4103839025,6733950.010383902,6733950.010383902,0,False
2018-05-21,2018-05-18,2018-04-27,0.04212893563579278,0.26666666666666666,,0.9707142821071125,0.0,197817.4103839025,6754740.010383902,6754740.010383902,0,False
2018-05-22,2018-05-21,2018-04-27,0.04212893563579278,0.26666666666666666,,0.9703712189369661,0.0,197817.4103839025,6676528.810383902,6676528.810383902,0,False
2018-05-23,2018-05-22,2018-04-27,0.04212893563579278,0.26666666666666666,,0.969196655884632,0.0,197817.4103839025,6421945.930383903,6421945.930383903,0,False
2018-05-24,2018-05-23,2018-04-27,0.04212893563579278,0.26666666666666666,,0.9692079821874793,0.0,197817.4103839025,6424308.130383901,6424308.130383901,0,False
2018-05-25,2018-05-24,2018-04-27,0.04212893563579278,0.26666666666666666,,0.9692479344229185,0.0,197977.8803839025,6437872.600383902,6437872.600383902,0,False
2018-05-28,2018-05-25,2018-04-27,0.04212893563579278,0.26666666666666666,,0.9692178798069684,0.0,197977.8803839025,6431586.880383902,6431586.880383902,0,False
2018-05-29,2018-05-28,2018-04-27,0.04212893563579278,0.26666666666666666,,0.9688771169317575,0.0,197977.8803839025,6361167.760383903,6361167.760383903,0,False
2018-05-30,2018-05-29,2018-04-27,0.04212893563579278,0.26666666666666666,,0.9682155460421352,0.0,197977.8803839025,6228764.560383903,6228764.560383903,0,False
2018-05-31,2018-05-30,2018-04-27,0.04212893563579278,0.26666666666666666,,0.9708601016709077,0.0,187700.7776639025,6441366.9376639025,6441366.9376639025,0,False
2018-06-01,2018-05-31,2018-05-31,0.04355227490039841,0.3,,0.9709685004939181,0.0,187700.7776639025,6465417.937663902,6465417.937663902,0,False
2018-06-04,2018-06-01,2018-05-31,0.04355227490039841,0.3,,0.9715355622595612,0.0,187700.7776639025,6594220.457663902,6594220.457663902,0,False
2018-06-05,2018-06-04,2018-05-31,0.04355227490039841,0.3,,0.9719609429699558,0.0,187700.7776639025,6694261.417663903,6694261.417663903,0,False
2018-06-06,2018-06-05,2018-05-31,0.04355227490039841,0.3,,0.9723824666096474,0.0,187700.7776639025,6796435.257663902,6796435.257663902,0,False
2018-06-07,2018-06-06,2018-05-31,0.04355227490039841,0.3,,0.9725819540872316,0.0,187700.7776639025,6845884.577663902,6845884.577663902,0,False
2018-06-08,2018-06-07,2018-05-31,0.04355227490039841,0.3,,0.9722250831507888,0.0,187700.7776639025,6757924.017663902,6757924.017663902,0,False
2018-06-11,2018-06-08,2018-05-31,0.04355227490039841,0.3,,0.97259256381837,0.0,187700.7776639025,6848534.697663902,6848534.697663902,0,False
2018-06-12,2018-06-11,2018-05-31,0.04355227490039841,0.3,,0.9733691933002908,0.0,187700.7776639025,7048257.297663903,7048257.297663903,0,False
2018-06-13,2018-06-12,2018-05-31,0.04355227490039841,0.3,,0.9732581823850833,0.0,187700.7776639025,7018998.497663902,7018998.497663902,0,False
2018-06-14,2018-06-13,2018-05-31,0.04355227490039841,0.3,,0.9730005695278303,0.0,187700.7776639025,6952027.297663903,6952027.297663903,0,False
2018-06-15,2018-06-14,2018-05-31,0.04355227490039841,0.3,,0.9732642934703246,0.0,187700.7776639025,7020602.857663902,7020602.857663902,0,False
2018-06-19,2018-06-15,2018-05-31,0.04355227490039841,0.3,,0.9725131152639277,0.0,187700.7776639025,6828739.577663902,6828739.577663902,0,False
2018-06-20,2018-06-19,2018-05-31,0.04355227490039841,0.3,,0.9516334881539134,0.0,329540.7776639025,6813407.977663903,6813407.977663903,0,False
2018-06-21,2018-06-20,2018-05-31,0.04355227490039841,0.3,,0.9631578023888931,0.0,255402.6233639025,6932339.543363903,6932339.543363903,0,False
2018-06-22,2018-06-21,2018-05-31,0.04355227490039841,0.3,,0.9634905082770515,0.0,255402.6233639025,6995512.983363902,6995512.983363902,0,False
2018-06-25,2018-06-22,2018-05-31,0.04355227490039841,0.3,,0.9623856459553785,0.0,255402.6233639025,6790030.823363902,6790030.823363902,0,False
2018-06-26,2018-06-25,2018-05-31,0.04355227490039841,0.3,,0.9612444176133365,0.0,255402.6233639025,6590086.063363902,6590086.063363902,0,False
2018-06-27,2018-06-26,2018-05-31,0.04355227490039841,0.3,,0.9604350773178778,0.0,255402.6233639025,6455279.223363902,6455279.223363902,0,False
2018-06-28,2018-06-27,2018-05-31,0.04355227490039841,0.3,,0.9600286808907735,0.0,255402.6233639025,6389647.103363901,6389647.103363901,0,False
2018-06-29,2018-06-28,2018-05-31,0.04355227490039841,0.3,,1.0189995260693825,125231.24175609747,0.0,6591282.398243902,6591282.398243902,0,False
2018-07-02,2018-06-29,2018-06-29,0.0499180050804403,0.4666666666666667,,1.0197905739264839,125267.26718180813,0.0,6329642.972818191,6329642.972818191,0,False
2018-07-03,2018-07-02,2018-06-29,0.0499180050804403,0.4666666666666667,,1.0199151246923597,125279.2791115379,0.0,6290660.040888462,6290660.040888462,0,False
2018-07-04,2018-07-03,2018-06-29,0.0499180050804403,0.4666666666666667,,1.0201652407405826,125291.29219309654,0.0,6213230.667806904,6213230.667806904,0,False
2018-07-05,2018-07-04,2018-06-29,0.0499180050804403,0.4666666666666667,,1.0200964593939632,125303.3064265945,0.0,6235093.653573405,6235093.653573405,0,False
2018-07-06,2018-07-05,2018-06-29,0.0499180050804403,0.4666666666666667,,1.0200501617468587,125315.32181214225,0.0,6250090.318187857,6250090.318187857,0,False
2018-07-09,2018-07-06,2018-06-29,0.0499180050804403,0.4666666666666667,,1.0298739062418814,194343.9597752663,0.0,6505475.320224733,6505475.320224733,0,False
2018-07-10,2018-07-09,2018-06-29,0.0499180050804403,0.4666666666666667,,1.0246644845141466,194362.59549743653,30973.8,6624456.124502563,6624456.124502563,0,False
2018-07-11,2018-07-10,2018-06-29,0.0499180050804403,0.4666666666666667,,1.024970015161881,194381.23300659383,30973.8,6544146.326993407,6544146.326993407,0,False
2018-07-12,2018-07-11,2018-06-29,0.0499180050804403,0.4666666666666667,,1.0244849542736343,194399.87230290953,30973.8,6674550.84769709,6674550.84769709,0,False
2018-07-13,2018-07-12,2018-06-29,0.0499180050804403,0.4666666666666667,,1.0231098643083822,194418.51338655502,37619.88,6784922.286613445,6784922.286613445,0,False
2018-07-16,2018-07-13,2018-06-29,0.0499180050804403,0.4666666666666667,,1.0235417495339783,194474.44199999498,37619.88,6662825.1980000045,6662825.1980000045,0,False
2018-07-17,2018-07-16,2018-06-29,0.0499180050804403,0.4666666666666667,,1.0233001161908346,194493.09023415935,37619.88,6732722.229765841,6732722.229765841,0,False
2018-07-18,2018-07-17,2018-06-29,0.0499180050804403,0.4666666666666667,,1.0234911206911281,194511.74025651056,37619.88,6678772.899743489,6678772.899743489,0,False
2018-07-19,2018-07-18,2018-06-29,0.0499180050804403,0.4666666666666667,,1.0233179248805468,194530.3920672201,37619.88,6729179.92793278,6729179.92793278,0,False
2018-07-20,2018-07-19,2018-06-29,0.0499180050804403,0.4666666666666667,,1.0227418528397596,194549.04566645942,37619.88,6900456.474333541,6900456.474333541,0,False
2018-07-23,2018-07-20,2018-06-29,0.0499180050804403,0.4666666666666667,,1.0220105795514791,194605.0118302813,37619.88,7132257.9881697185,7132257.9881697185,0,False
2018-07-24,2018-07-23,2018-06-29,0.0499180050804403,0.4666666666666667,,1.021117403853606,194623.67258484036,37619.88,7434805.607415159,7434805.607415159,0,False
2018-07-25,2018-07-24,2018-06-29,0.0499180050804403,0.4666666666666667,,1.0211976109547554,194642.33512878686,37619.88,7407554.344871213,7407554.344871213,0,False
2018-07-26,2018-07-25,2018-06-29,0.0499180050804403,0.4666666666666667,,1.0215629583435695,194660.99946229236,37619.88,7282911.600537707,7282911.600537707,0,False
2018-07-27,2018-07-26,2018-06-29,0.0499180050804403,0.4666666666666667,,1.0215812573532053,194679.66558552848,37619.88,7277601.254414472,7277601.254414472,0,False
2018-07-30,2018-07-27,2018-06-29,0.0499180050804403,0.4666666666666667,,1.0210025777960823,194735.6693249435,37619.88,7480785.970675056,7480785.970675056,0,False
2018-07-31,2018-07-30,2018-06-29,0.0499180050804403,0.4666666666666667,,1.021349396100982,194754.34260830344,37619.88,7360136.177391696,7360136.177391696,0,False
2018-08-01,2018-07-31,2018-07-31,0.049010296730930436,0.45,,1.0217203862712183,194773.0176822522,37619.88,7235282.822317747,7235282.822317747,0,False
2018-08-02,2018-08-01,2018-07-31,0.049010296730930436,0.45,,1.0216713584373076,194791.69454696146,37619.88,7252513.265453039,7252513.265453039,0,False
2018-08-03,2018-08-02,2018-07-31,0.049010296730930436,0.45,,1.0224196287143428,194810.37320260296,37619.88,7011288.866797397,7011288.866797397,0,False
2018-08-06,2018-08-03,2018-07-31,0.049010296730930436,0.45,,1.0724172237216711,505454.8332428393,0.0,6979759.886757161,6979759.886757161,0,False
2018-08-07,2018-08-06,2018-07-31,0.049010296730930436,0.45,,1.1187087525586916,865182.8619145202,0.0,7288281.97808548,7288281.97808548,0,False
2018-08-08,2018-08-07,2018-07-31,0.049010296730930436,0.45,,1.1639152981183858,1192269.9006347037,-5.820766091346741e-11,7273695.099365296,7273695.099365296,0,False
2018-08-09,2018-08-08,2018-07-31,0.049010296730930436,0.45,,1.2119184202161593,1556621.2895554495,0.0,7345379.830444552,7345379.830444552,0,False
2018-08-10,2018-08-09,2018-07-31,0.049010296730930436,0.45,,1.2112796111942907,1556770.5546106123,0.0,7368295.245389389,7368295.245389389,0,False
2018-08-13,2018-08-10,2018-07-31,0.049010296730930436,0.45,,1.2120925274472092,1557218.3927153633,0.0,7342165.287284637,7342165.287284637,0,False
2018-08-14,2018-08-13,2018-07-31,0.049010296730930436,0.45,,1.2113112818238405,1557367.7150269935,0.0,7370016.884973006,7370016.884973006,0,False
2018-08-15,2018-08-14,2018-07-31,0.049010296730930436,0.45,,1.219166488171,1557517.0516572015,0.0,7106547.468342798,7106547.468342798,0,False
2018-08-16,2018-08-15,2018-07-31,0.049010296730930436,0.45,,1.2200418332860283,1557666.4026073604,0.0,7078955.757392639,7078955.757392639,0,False
2018-08-17,2018-08-16,2018-07-31,0.049010296730930436,0.45,,1.2301594854185136,1557815.7678788432,0.0,6768418.712121157,6768418.712121157,0,False
2018-08-20,2018-08-17,2018-07-31,0.049010296730930436,0.45,,1.2742567194794694,1905052.0491613839,0.0,6946236.550838616,6946236.550838616,0,False
2018-08-21,2018-08-20,2018-07-31,0.049010296730930436,0.45,,1.319187782289375,2256987.413925276,0.0,7071033.226074724,7071033.226074724,0,False
2018-08-22,2018-08-21,2018-07-31,0.049010296730930436,0.45,,1.3657376493669346,2611511.806965926,0.0,7140396.433034074,7140396.433034074,0,False
2018-08-23,2018-08-22,2018-07-31,0.049010296730930436,0.45,,1.4191093984164034,2962054.7538463203,0.0,7067497.80615368,7067497.80615368,0,False
2018-08-24,2018-08-23,2018-07-31,0.049010296730930436,0.45,,1.4487756922775425,3171713.8152139494,0.0,7067481.304786052,7067481.304786052,0,False
2018-08-27,2018-08-24,2018-07-31,0.049010296730930436,0.45,,1.4603218437058396,3405771.869237504,0.0,7398675.330762495,7398675.330762495,0,False
2018-08-28,2018-08-27,2018-07-31,0.049010296730930436,0.45,,1.4630233542363607,3406098.4501016773,0.0,7356213.069898322,7356213.069898322,0,False
2018-08-29,2018-08-28,2018-07-31,0.049010296730930436,0.45,,1.4659185130526005,3406425.062281824,0.0,7311203.497718176,7311203.497718176,0,False
2018-08-30,2018-08-29,2018-07-31,0.049010296730930436,0.45,,1.467475112831756,3406751.705780947,0.0,7287557.3742190525,7287557.3742190525,0,False
2018-08-31,2018-08-30,2018-07-31,0.049010296730930436,0.45,,1.4739575552975612,3407078.380602049,0.0,7188572.779397951,7188572.779397951,0,False
2018-09-03,2018-08-31,2018-08-31,0.05442032551848513,0.5666666666666667,,1.4841473183086709,3408058.4990403047,0.0,7039300.580959695,7039300.580959695,0,False
2018-09-04,2018-09-03,2018-08-31,0.05442032551848513,0.5666666666666667,,1.4838987255808065,3408385.2991703497,0.0,7043592.22082965,7043592.22082965,0,False
2018-09-05,2018-09-04,2018-08-31,0.05442032551848513,0.5666666666666667,,1.504832353544237,3408712.1306373933,0.0,6752166.549362606,6752166.549362606,0,False
2018-09-06,2018-09-05,2018-08-31,0.05442032551848513,0.5666666666666667,,1.518112562727519,3409038.993444441,0.0,6579726.56655556,6579726.56655556,0,False
2018-09-07,2018-09-06,2018-08-31,0.05442032551848513,0.5666666666666667,,1.5079323261485056,3409365.8875944973,0.0,6712244.352405503,6712244.352405503,0,False
2018-09-10,2018-09-07,2018-08-31,0.05442032551848513,0.5666666666666667,,1.5414050867119606,3410346.6640827092,0.0,6299066.53591729,6299066.53591729,0,False
2018-09-11,2018-09-10,2018-08-31,0.05442032551848513,0.5666666666666667,,1.5813336297129361,3410673.6836258406,0.0,5866981.556374158,5866981.556374158,0,False
2018-09-12,2018-09-11,2018-08-31,0.05442032551848513,0.5666666666666667,,1.5812603224331565,3411000.73452701,0.0,5868284.14547299,5868284.14547299,0,False
2018-09-13,2018-09-12,2018-08-31,0.05442032551848513,0.5666666666666667,,1.570612441178934,3411327.8167892247,0.0,5978362.143210776,5978362.143210776,0,False
2018-09-14,2018-09-13,2018-08-31,0.05442032551848513,0.5666666666666667,,1.6150939052399473,3712932.067255492,0.0,6036366.21274451,6036366.21274451,0,False
2018-09-17,2018-09-14,2018-08-31,0.05442032551848513,0.5666666666666667,,1.665921737582889,3839846.0125208665,0.0,5766212.147479134,5766212.147479134,0,False
2018-09-18,2018-09-17,2018-08-31,0.05442032551848513,0.5666666666666667,,1.6658276528074512,4152028.512733026,0.0,6235890.767266974,6235890.767266974,0,False
2018-09-19,2018-09-18,2018-08-31,0.05442032551848513,0.5666666666666667,,1.6659496157674931,4182081.948953425,0.0,6279877.411046574,6279877.411046574,0,False
2018-09-20,2018-09-19,2018-08-31,0.05442032551848513,0.5666666666666667,,1.6659608349265194,4267020.268590174,0.0,6407314.131409827,6407314.131409827,0,False
2018-09-21,2018-09-20,2018-08-31,0.05442032551848513,0.5666666666666667,,1.6659578728128441,4492886.232437299,0.0,6746502.167562702,6746502.167562702,0,False
2018-09-25,2018-09-21,2018-08-31,0.05442032551848513,0.5666666666666667,,1.6765914549870076,4494609.531266179,0.0,6643018.468733821,6643018.468733821,0,False
2018-09-26,2018-09-25,2018-08-31,0.05442032551848513,0.5666666666666667,,1.6659952821558808,4573925.197581232,0.0,6867804.202418769,6867804.202418769,0,False
2018-09-27,2018-09-26,2018-08-31,0.05442032551848513,0.5666666666666667,,1.6659398339901061,4598705.036508122,0.0,6905586.363491878,6905586.363491878,0,False
2018-09-28,2018-09-27,2018-08-31,0.05442032551848513,0.5666666666666667,,1.6853072895218109,4599146.008223952,0.0,6711071.191776047,6711071.191776047,0,False
2018-10-08,2018-09-28,2018-09-28,0.05020278583765112,0.5166666666666667,,1.7444485353036114,4603556.148231838,0.0,6183847.411768163,6183847.411768163,0,False
2018-10-09,2018-10-08,2018-09-28,0.05020278583765112,0.5166666666666667,,1.7611363957866042,4603997.585122764,0.0,6048846.974877236,6048846.974877236,0,False
2018-10-10,2018-10-09,2018-09-28,0.05020278583765112,0.5166666666666667,,1.7497386427469637,4604439.064343255,0.0,6141392.215656744,6141392.215656744,0,False
2018-10-11,2018-10-10,2018-09-28,0.05020278583765112,0.5166666666666667,,1.8261973936780738,4604880.58589737,0.0,5573584.014102631,5573584.014102631,0,False
2018-10-12,2018-10-11,2018-09-28,0.05020278583765112,0.5166666666666667,,1.7744230968118258,4605322.1497891685,0.0,5946777.8902108325,5946777.8902108325,0,False
2018-10-15,2018-10-12,2018-09-28,0.05020278583765112,0.5166666666666667,,1.802669492548881,4606646.968489793,0.0,5739157.911510206,5739157.911510206,0,False
2018-10-16,2018-10-15,2018-09-28,0.05020278583765112,0.5166666666666667,,1.6459133638642776,3624212.012307345,109737.40913660126,5441092.876829256,5441092.876829256,0,False
2018-10-17,2018-10-16,2018-09-28,0.05020278583765112,0.5166666666666667,,1.633521468313084,3624559.539486607,109737.40913660126,5548071.0696499925,5548071.0696499925,0,False
2018-10-18,2018-10-17,2018-09-28,0.05020278583765112,0.5166666666666667,,1.6591289144053651,3551813.557171374,36643.86631758185,5333053.389146207,5333053.389146207,0,False
2018-10-19,2018-10-18,2018-09-28,0.05020278583765112,0.5166666666666667,,1.6809820259387802,3515510.2757154386,0.0,5162412.724284561,5162412.724284561,0,False
2018-10-22,2018-10-19,2018-09-28,0.05020278583765112,0.5166666666666667,,1.6530660441758178,3516593.2642706446,0.0,5384743.695729356,5384743.695729356,0,False
2018-10-23,2018-10-22,2018-09-28,0.05020278583765112,0.5166666666666667,,1.7361089940567547,3516930.471843931,0.0,4777730.608156069,4777730.608156069,0,False
2018-10-24,2018-10-23,2018-09-28,0.05020278583765112,0.5166666666666667,,1.7363758447743864,3517267.71175219,0.0,4776457.208247811,4776457.208247811,0,False
2018-10-25,2018-10-24,2018-09-28,0.05020278583765112,0.5166666666666667,,1.7720847854226789,3517604.983998522,0.0,4555982.776001478,4555982.776001478,0,False
2018-10-26,2018-10-25,2018-09-28,0.05020278583765112,0.5166666666666667,,1.765799498465199,3517942.288586029,0.0,4593816.391413971,4593816.391413971,0,False
2018-10-29,2018-10-26,2018-09-28,0.05020278583765112,0.5166666666666667,,1.7625169549638664,3279651.363271375,0.0,4301086.476728625,4301086.476728625,0,False
2018-10-30,2018-10-29,2018-09-28,0.05020278583765112,0.5166666666666667,,1.7509684659265674,3279965.850388401,0.0,4367647.909611599,4367647.909611599,0,False
2018-10-31,2018-10-30,2018-09-28,0.05020278583765112,0.5166666666666667,,1.7084821864162627,3280280.367661726,0.0,4630011.072338274,4630011.072338274,0,False
2018-11-01,2018-10-31,2018-10-31,0.05925362264150944,0.7,,1.6870370684704399,3280594.9150942415,0.0,4774989.684905758,4774989.684905758,0,False
2018-11-02,2018-11-01,2018-10-31,0.05925362264150944,0.7,,1.6346436728841178,3280909.49268884,0.0,5169687.547311159,5169687.547311159,0,False
2018-11-05,2018-11-02,2018-10-31,0.05925362264150944,0.7,,1.6510731517768038,3282431.410117558,0.0,5041570.829882442,5041570.829882442,0,False
2018-11-06,2018-11-05,2018-10-31,0.05925362264150944,0.7,,1.665960380489766,3320127.537574419,0.0,4985473.062425581,4985473.062425581,0,False
2018-11-07,2018-11-06,2018-10-31,0.05925362264150944,0.7,,1.669313173992904,3320445.905968433,0.0,4960974.974031568,4960974.974031568,0,False
2018-11-08,2018-11-07,2018-10-31,0.05925362264150944,0.7,,1.613340815812507,3300952.100382645,261104.33181172243,4956213.071429078,4956213.071429078,0,False
2018-11-09,2018-11-08,2018-10-31,0.05925362264150944,0.7,,1.6419689101132529,3153968.0360225607,113803.73779817676,4735687.741775616,4735687.741775616,0,False
2018-11-12,2018-11-09,2018-10-31,0.05925362264150944,0.7,,1.6253574708080147,3154875.341895937,113803.73779817676,4862933.1959022395,4862933.1959022395,0,False
2018-11-13,2018-11-12,2018-10-31,0.05925362264150944,0.7,,1.6545907610958173,3177690.416020819,0.0,4854468.783979181,4854468.783979181,0,False
2018-11-14,2018-11-13,2018-10-31,0.05925362264150944,0.7,,1.665960888435929,3235001.3960607112,0.0,4857644.723939288,4857644.723939288,0,False
2018-11-15,2018-11-14,2018-10-31,0.05925362264150944,0.7,,1.6658827126785782,3291100.737804032,0.0,4942463.102195968,4942463.102195968,0,False
2018-11-16,2018-11-15,2018-10-31,0.05925362264150944,0.7,,1.6858320578382238,3291416.322806287,0.0,4799157.877193714,4799157.877193714,0,False
2018-11-19,2018-11-16,2018-10-31,0.05925362264150944,0.7,,1.6825613441281448,3292363.1685977792,0.0,4823541.79140222,4823541.79140222,0,False
2018-11-20,2018-11-19,2018-10-31,0.05925362264150944,0.7,,1.7008063679414884,3292678.874655042,0.0,4698414.605344958,4698414.605344958,0,False
2018-11-21,2018-11-20,2018-10-31,0.05925362264150944,0.7,,1.7094624797492148,3292994.610985488,0.0,4641534.549014511,4641534.549014511,0,False
2018-11-22,2018-11-21,2018-10-31,0.05925362264150944,0.7,,1.7074585990849147,3293310.377592021,0.0,4655128.062407978,4655128.062407978,0,False
2018-11-23,2018-11-22,2018-10-31,0.05925362264150944,0.7,,1.7470185711777926,3293626.1744775437,0.0,4409028.505522456,4409028.505522456,0,False
2018-11-26,2018-11-23,2018-10-31,0.05925362264150944,0.7,,1.7439092318232672,3294573.6559797907,0.0,4428730.704020209,4428730.704020209,0,False
2018-11-27,2018-11-26,2018-10-31,0.05925362264150944,0.7,,1.7539555422523292,3294889.574001597,0.0,4370137.745998403,4370137.745998403,0,False
2018-11-28,2018-11-27,2018-10-31,0.05925362264150944,0.7,,1.7485939225296503,3295205.522316912,0.0,4401859.837683087,4401859.837683087,0,False
2018-11-29,2018-11-28,2018-10-31,0.05925362264150944,0.7,,1.6659838927244177,2927298.9568615253,220.5684528839338,4395118.891591359,4395118.891591359,0,False
2018-11-30,2018-11-29,2018-10-31,0.05925362264150944,0.7,,1.6262088307148415,2927579.656761498,119252.91440288392,4484648.897641386,4484648.897641386,0,False
2018-12-03,2018-11-30,2018-11-30,0.06223544061302683,0.75,,1.5922829969059353,2928421.8372107036,119252.91440288392,4742950.47719218,4742950.47719218,0,False
2018-12-04,2018-12-03,2018-11-30,0.06223544061302683,0.75,,1.6235100647141898,3053868.6135012507,0.0,4897865.786498749,4897865.786498749,0,False
2018-12-05,2018-12-04,2018-11-30,0.06223544061302683,0.75,,1.636132035884395,3054753.456087614,0.0,4802074.5439123865,4802074.5439123865,0,False
2018-12-06,2018-12-05,2018-11-30,0.06223544061302683,0.75,,1.6133771014293201,3055046.3776518963,233396.54121,4600187.763558104,4600187.763558104,0,False
2018-12-07,2018-12-06,2018-11-30,0.06223544061302683,0.75,,1.6149722626070846,3055339.3273045477,233396.54121,4588731.813905452,4588731.813905452,0,False
2018-12-10,2018-12-07,2018-11-30,0.06223544061302683,0.75,,1.6234765094785708,3015348.9930890906,192527.27376340056,4527551.04067431,4527551.04067431,0,False
2018-12-11,2018-12-10,2018-11-30,0.06223544061302683,0.75,,1.6243907842640894,3011242.128695039,188131.2663152172,4521384.577620178,4521384.577620178,0,False
2018-12-12,2018-12-11,2018-11-30,0.06223544061302683,0.75,,1.6219761804317183,3011530.8779402566,188131.2663152172,4539401.508374961,4539401.508374961,0,False
2018-12-13,2018-12-12,2018-11-30,0.06223544061302683,0.75,,1.5920974230259242,3011819.6548737576,188131.2663152172,4768959.091441459,4768959.091441459,0,False
2018-12-14,2018-12-13,2018-11-30,0.06223544061302683,0.75,,1.6128601629674963,3012108.459498198,188131.2663152172,4607865.486817019,4607865.486817019,0,False
2018-12-17,2018-12-14,2018-11-30,0.06223544061302683,0.75,,1.6064690995215576,3012974.9564523,188131.2663152172,4657852.629862918,4657852.629862918,0,False
2018-12-18,2018-12-17,2018-11-30,0.06223544061302683,0.75,,1.6184317767257708,3013263.871859083,188131.2663152172,4568220.314456134,4568220.314456134,0,False
2018-12-19,2018-12-18,2018-11-30,0.06223544061302683,0.75,,1.6408302372547472,2936395.07315586,110973.52450099407,4409001.611345135,4409001.611345135,0,False
2018-12-20,2018-12-19,2018-11-30,0.06223544061302683,0.75,,1.6526046101603384,2883703.622597078,58000.50181190955,4329885.319214832,4329885.319214832,0,False
2018-12-21,2018-12-20,2018-11-30,0.06223544061302683,0.75,,1.6801593640086492,2825979.6403106228,0.0,4154878.6796893775,4154878.6796893775,0,False
2018-12-24,2018-12-21,2018-11-30,0.06223544061302683,0.75,,1.6716518953621893,2826792.5933578354,0.0,4208716.766642164,4208716.766642164,0,False
2018-12-25,2018-12-24,2018-11-30,0.06223544061302683,0.75,,1.691853309124373,2827063.655661308,0.0,4086218.3043386918,4086218.3043386918,0,False
2018-12-26,2018-12-25,2018-11-30,0.06223544061302683,0.75,,1.698863404635895,2827334.7439570567,0.0,4045618.5360429436,4045618.5360429436,0,False
2018-12-27,2018-12-26,2018-11-30,0.06223544061302683,0.75,,1.6978022864247402,2827605.858247573,0.0,4052159.061752427,4052159.061752427,0,False
2018-12-28,2018-12-27,2018-11-30,0.06223544061302683,0.75,,1.7035165169440478,2827876.99853535,0.0,4019631.2814646503,4019631.2814646503,0,False
2019-01-02,2018-12-28,2018-12-28,0.06679302775024776,0.7833333333333333,,1.665853493973578,2660398.49179798,669.7419149760826,3994465.4101169966,3994465.4101169966,0,False
2019-01-03,2019-01-02,2018-12-28,0.06679302775024776,0.7833333333333333,,1.6925382044858477,2659983.856587697,0.0,3840920.023412303,3840920.023412303,0,False
2019-01-04,2019-01-03,2018-12-28,0.06679302775024776,0.7833333333333333,,1.6726535732743602,2660238.923532849,0.0,3954842.476467151,3954842.476467151,0,False
2019-01-07,2019-01-04,2018-12-28,0.06679302775024776,0.7833333333333333,,1.6659789768108701,2702999.6176437284,0.0,4058686.1023562714,4058686.1023562714,0,False
2019-01-08,2019-01-07,2018-12-28,0.06679302775024776,0.7833333333333333,,1.6659596160501784,2707013.846887886,0.0,4064831.8331121136,4064831.8331121136,0,False
2019-01-09,2019-01-08,2018-12-28,0.06679302775024776,0.7833333333333333,,1.665768737761736,2841532.1903981357,0.0,4268046.889601864,4268046.889601864,0,False
2019-01-10,2019-01-09,2018-12-28,0.06679302775024776,0.7833333333333333,,1.6671369570267334,2841804.666087626,0.0,4259702.053912373,4259702.053912373,0,False
2019-01-11,2019-01-10,2018-12-28,0.06679302775024776,0.7833333333333333,,1.6658682342416251,2887296.6200449225,0.0,4336138.099955077,4336138.099955077,0,False
2019-01-14,2019-01-11,2018-12-28,0.06679302775024776,0.7833333333333333,,1.6659668595668542,2896623.2971332916,0.0,4349500.662866708,4349500.662866708,0,False
2019-01-15,2019-01-14,2018-12-28,0.06679302775024776,0.7833333333333333,,1.6658873218077144,3010094.505441647,0.0,4520426.214558354,4520426.214558354,0,False
2019-01-16,2019-01-15,2018-12-28,0.06679302775024776,0.7833333333333333,,1.6658105981262321,3021614.9042007993,0.0,4538249.9357992,4538249.9357992,0,False
2019-01-17,2019-01-16,2018-12-28,0.06679302775024776,0.7833333333333333,,1.6688349791967225,3021904.648095723,0.0,4518161.791904276,4518161.791904276,0,False
2019-01-18,2019-01-17,2018-12-28,0.06679302775024776,0.7833333333333333,,1.6659702789671311,3080760.8613743074,0.0,4625973.498625692,4625973.498625692,0,False
2019-01-21,2019-01-18,2018-12-28,0.06679302775024776,0.7833333333333333,,1.6658474402584098,3168205.6280394974,0.0,4758155.451960502,4758155.451960502,0,False
2019-01-22,2019-01-21,2018-12-28,0.06679302775024776,0.7833333333333333,,1.6937584435649224,3168509.4285791726,0.0,4567165.211420827,4567165.211420827,0,False
2019-01-23,2019-01-22,2018-12-28,0.06679302775024776,0.7833333333333333,,1.6861023744750245,3168813.258250406,0.0,4618572.061749594,4618572.061749594,0,False
2019-01-24,2019-01-23,2018-12-28,0.06679302775024776,0.7833333333333333,,1.7012556626108832,3169117.1170559917,0.0,4519203.602944008,4519203.602944008,0,False
2019-01-25,2019-01-24,2018-12-28,0.06679302775024776,0.7833333333333333,,1.67708879341417,3169421.004998723,0.0,4680953.275001277,4680953.275001277,0,False
2019-01-28,2019-01-25,2018-12-28,0.06679302775024776,0.7833333333333333,,1.6687434562277381,3170332.7562467363,0.0,4740730.883753263,4740730.883753263,0,False
2019-01-29,2019-01-28,2018-12-28,0.06679302775024776,0.7833333333333333,,1.6016641248245955,3170636.7607576093,271615.9438499999,4818337.5030923905,4818337.5030923905,0,False
2019-01-30,2019-01-29,2018-12-28,0.06679302775024776,0.7833333333333333,,1.6603573246081014,3161364.4240006474,26801.700111047598,4746767.556110401,4746767.556110401,0,False
2019-01-31,2019-01-30,2018-12-28,0.06679302775024776,0.7833333333333333,,1.665929904761903,3230242.3586834082,0.0,4850724.281316592,4850724.281316592,0,False
2019-02-01,2019-01-31,2019-01-31,0.0620728696461825,0.75,,1.6659766265598266,3343220.500110679,0.0,5020026.779889321,5020026.779889321,0,False
2019-02-11,2019-02-01,2019-01-31,0.0620728696461825,0.75,,1.6655739088953994,3461879.0263874973,0.0,5201344.253612503,5201344.253612503,0,False
2019-02-12,2019-02-11,2019-01-31,0.0620728696461825,0.75,,1.6659142034508934,3555777.278550028,0.0,5339692.801449972,5339692.801449972,0,False
2019-02-13,2019-02-12,2019-01-31,0.0620728696461825,0.75,,1.6658151803897339,3736010.0294145467,0.0,5611181.810585453,5611181.810585453,0,False
2019-02-14,2019-02-13,2019-01-31,0.0620728696461825,0.75,,1.6658084046836588,3765606.569281614,0.0,5655690.950718386,5655690.950718386,0,False
2019-02-15,2019-02-14,2019-01-31,0.0620728696461825,0.75,,1.7006406733497281,3765967.654843052,0.0,5375034.305156947,5375034.305156947,0,False
2019-02-18,2019-02-15,2019-01-31,0.0620728696461825,0.75,,1.6658255252715162,3810559.4503812944,0.0,5723060.029618707,5723060.029618707,0,False
2019-02-19,2019-02-18,2019-01-31,0.0620728696461825,0.75,,1.6661519693417712,3810924.8464929746,0.0,5720803.993507026,5720803.993507026,0,False
2019-02-20,2019-02-19,2019-01-31,0.0620728696461825,0.75,,1.6779551028970041,3811290.2776426384,0.0,5621744.362357362,5621744.362357362,0,False
2019-02-21,2019-02-20,2019-01-31,0.0620728696461825,0.75,,1.6784446562335216,3811655.7438336452,0.0,5618226.496166355,5618226.496166355,0,False
2019-02-22,2019-02-21,2019-01-31,0.0620728696461825,0.75,,1.677394400915004,3812021.2450693552,0.0,5627476.754930645,5627476.754930645,0,False
2019-02-25,2019-02-22,2019-01-31,0.0620728696461825,0.75,,1.665877729904009,4034731.2287106765,0.0,6059267.411289324,6059267.411289324,0,False
2019-02-26,2019-02-25,2019-01-31,0.0620728696461825,0.75,,1.6718156643672974,4035118.120746306,0.0,6006287.639253694,6006287.639253694,0,False
2019-02-27,2019-02-26,2019-01-31,0.0620728696461825,0.75,,1.6759411657928966,4035505.0498811724,0.0,5970201.630118827,5970201.630118827,0,False
2019-02-28,2019-02-27,2019-01-31,0.0620728696461825,0.75,,1.6661907380425893,4035892.0161188324,0.0,6058162.903881168,6058162.903881168,0,False
2019-03-01,2019-02-28,2019-02-28,0.05118773963515755,0.55,,1.6659486514226673,4239790.403252844,0.0,6366542.516747156,6366542.516747156,0,False
2019-03-04,2019-03-01,2019-02-28,0.05118773963515755,0.55,,1.665983659544045,4250850.167335286,0.0,6382814.512664714,6382814.512664714,0,False
2019-03-05,2019-03-04,2019-02-28,0.05118773963515755,0.55,,1.675346545623724,4251257.783104756,0.0,6294927.856895245,6294927.856895245,0,False
2019-03-06,2019-03-05,2019-02-28,0.05118773963515755,0.55,,1.665843129026979,4258960.51086067,0.0,6396342.209139328,6396342.209139328,0,False
2019-03-07,2019-03-06,2019-02-28,0.05118773963515755,0.55,,1.6987949699170477,4259368.904334314,0.0,6095305.615665685,6095305.615665685,0,False
2019-03-08,2019-03-07,2019-02-28,0.05118773963515755,0.55,,1.750461935173716,4259777.336968976,0.0,5676207.063031022,5676207.063031022,0,False
2019-03-11,2019-03-08,2019-02-28,0.05118773963515755,0.55,,1.7302327421099615,4261002.752367282,0.0,5835129.687632717,5835129.687632717,0,False
2019-03-12,2019-03-11,2019-02-28,0.05118773963515755,0.55,,1.723237081022669,4261411.341672304,0.0,5892136.138327696,5892136.138327696,0,False
2019-03-13,2019-03-12,2019-02-28,0.05118773963515755,0.55,,1.7379785894004975,4261819.970157122,0.0,5774991.349842878,5774991.349842878,0,False
2019-03-14,2019-03-13,2019-02-28,0.05118773963515755,0.55,,1.7268385878167465,4262228.637825494,0.0,5864064.882174506,5864064.882174506,0,False
2019-03-15,2019-03-14,2019-02-28,0.05118773963515755,0.55,,1.6865659547632783,4262637.344681175,0.0,6208634.895318825,6208634.895318825,0,False
2019-03-18,2019-03-15,2019-02-28,0.05118773963515755,0.55,,1.6790960333476133,4263863.582821426,0.0,6278734.337178574,6278734.337178574,0,False
2019-03-19,2019-03-18,2019-02-28,0.05118773963515755,0.55,,1.678601247694731,4264272.446452656,0.0,6283914.833547345,6283914.833547345,0,False
2019-03-20,2019-03-19,2019-02-28,0.05118773963515755,0.55,,1.6774932848542368,4264681.349289987,0.0,6294795.010710012,6294795.010710012,0,False
2019-03-21,2019-03-20,2019-02-28,0.05118773963515755,0.55,,1.665865237563189,4271940.359787179,0.0,6415623.040212821,6415623.040212821,0,False
2019-03-22,2019-03-21,2019-02-28,0.05118773963515755,0.55,,1.6682626276748034,4272349.997903871,0.0,6393220.002096129,6393220.002096129,0,False
2019-03-25,2019-03-22,2019-02-28,0.05118773963515755,0.55,,1.7035272429267865,4273579.030095049,0.0,6074503.969904951,6074503.969904951,0,False
2019-03-26,2019-03-25,2019-02-28,0.05118773963515755,0.55,,1.6968067995107903,4273988.82534451,0.0,6133678.41465549,6133678.41465549,0,False
2019-03-27,2019-03-26,2019-02-28,0.05118773963515755,0.55,,1.6658488294174647,4434590.279029407,0.0,6660055.680970594,6660055.680970594,0,False
2019-03-28,2019-03-27,2019-02-28,0.05118773963515755,0.55,,1.6801847584287342,4435015.513713697,0.0,6520310.046286302,6520310.046286302,0,False
2019-03-29,2019-03-28,2019-02-28,0.05118773963515755,0.55,,1.6658853607910262,4553637.789413916,0.0,6838471.090586083,6838471.090586083,0,False
2019-04-01,2019-03-29,2019-03-29,0.049317,0.4666666666666667,,1.6659126902026147,4815467.39402087,0.0,7231379.52597913,7231379.52597913,0,False
2019-04-02,2019-04-01,2019-03-29,0.049317,0.4666666666666667,,1.6659852636527466,4941329.814188243,0.0,7419578.305811758,7419578.305811758,0,False
2019-04-03,2019-04-02,2019-03-29,0.049317,0.4666666666666667,,1.665989410661298,5001410.196334809,0.0,7509744.3236651905,7509744.3236651905,0,False
2019-04-04,2019-04-03,2019-03-29,0.049317,0.4666666666666667,,1.6660061856930979,5151458.031193911,0.0,7734850.128806089,7734850.128806089,0,False
2019-04-08,2019-04-04,2019-03-29,0.049317,0.4666666666666667,,1.6659601152132786,5530649.103934506,229.60840000002645,8304430.504465494,8304430.504465494,0,False
2019-04-09,2019-04-08,2019-03-29,0.049317,0.4666666666666667,,1.665998999229909,5415154.097494532,197.67456458062543,8130577.417070049,8130577.417070049,0,False
2019-04-10,2019-04-09,2019-03-29,0.049317,0.4666666666666667,,1.6659901418443313,5437895.684371767,0.0,8165129.395628233,8165129.395628233,0,False
2019-04-11,2019-04-10,2019-03-29,0.049317,0.4666666666666667,,1.665966093889124,5107347.908681821,425.4177881287533,7668442.189106308,7668442.189106308,0,False
2019-04-12,2019-04-11,2019-03-29,0.049317,0.4666666666666667,,1.665942392342541,4993456.587235346,607.9797317805679,7497418.192496434,7497418.192496434,0,False
2019-04-15,2019-04-12,2019-03-29,0.049317,0.4666666666666667,,1.6659389196607262,4982807.244083323,638.536656990374,7481419.932573669,7481419.932573669,0,False
2019-04-16,2019-04-15,2019-03-29,0.049317,0.4666666666666667,,1.6659746696147788,5211797.693500698,0.0,7825819.706499303,7825819.706499303,0,False
2019-04-17,2019-04-16,2019-03-29,0.049317,0.4666666666666667,,1.665975892251839,5254558.220673363,0.0,7890012.659326636,7890012.659326636,0,False
2019-04-18,2019-04-17,2019-03-29,0.049317,0.4666666666666667,,1.6659578641864903,5148173.604787914,509.5172273638051,7729714.392439449,7729714.392439449,0,False
2019-04-19,2019-04-18,2019-03-29,0.049317,0.4666666666666667,,1.6660203861984975,5215508.994863201,0.0,7830854.885136798,7830854.885136798,0,False
2019-04-22,2019-04-19,2019-03-29,0.049317,0.4666666666666667,,1.6659553827538818,5048675.825933956,510.61633812258424,7580335.470404167,7580335.470404167,0,False
2019-04-23,2019-04-22,2019-03-29,0.049317,0.4666666666666667,,1.6660145425340973,5092818.15867558,27.256020000000717,7646666.217344419,7646666.217344419,0,False
2019-04-24,2019-04-23,2019-03-29,0.049317,0.4666666666666667,,1.6660122670325626,5064526.793555552,89.33771379774089,7604120.384158244,7604120.384158244,0,False
2019-04-25,2019-04-24,2019-03-29,0.049317,0.4666666666666667,,1.2078035913767362,4813736.394785398,3312326.788188097,7225137.9134027,7225137.9134027,0,False
2019-04-26,2019-04-25,2019-03-29,0.049317,0.4666666666666667,,1.3675787968458266,4591917.247732876,2057587.4920244315,6894657.084291555,6894657.084291555,0,False
2019-04-29,2019-04-26,2019-03-29,0.049317,0.4666666666666667,,1.562790355337864,4593238.210228799,665228.3493644316,6979525.899135632,6979525.899135632,0,False
2019-04-30,2019-04-29,2019-03-29,0.049317,0.4666666666666667,,1.6659218316356263,4688833.941363978,0.0,7041117.61863602,7041117.61863602,0,False
2019-05-06,2019-04-30,2019-04-30,0.047630592502037494,0.4166666666666667,,1.735040623733185,4691531.626645311,0.0,6382683.453354689,6382683.453354689,0,False
2019-05-07,2019-05-06,2019-04-30,0.047630592502037494,0.4166666666666667,,1.7134021728213933,4691981.499541016,0.0,6576909.460458985,6576909.460458985,0,False
2019-05-08,2019-05-07,2019-04-30,0.047630592502037494,0.4166666666666667,,1.7277593503159159,4692431.415575219,0.0,6447778.94442478,6447778.94442478,0,False
2019-05-09,2019-05-08,2019-04-30,0.047630592502037494,0.4166666666666667,,1.6660408492678895,4076632.1572951316,223.62126307660947,6120358.143967945,6120358.143967945,0,False
2019-05-10,2019-05-09,2019-04-30,0.047630592502037494,0.4166666666666667,,1.6658036323471168,4310765.179364947,0.0,6474529.380635052,6474529.380635052,0,False
2019-05-13,2019-05-10,2019-04-30,0.047630592502037494,0.4166666666666667,,1.7013067629187855,4312005.262498736,0.0,6148529.417501263,6148529.417501263,0,False
2019-05-14,2019-05-13,2019-04-30,0.047630592502037494,0.4166666666666667,,1.69833973900722,4312418.7424554145,0.0,6175244.657544586,6175244.657544586,0,False
2019-05-15,2019-05-14,2019-04-30,0.047630592502037494,0.4166666666666667,,1.6659412361772854,4268259.02706747,380.6666066148464,6408791.2395391455,6408791.2395391455,0,False
2019-05-16,2019-05-15,2019-04-30,0.047630592502037494,0.4166666666666667,,1.6658671741475544,4343784.67421304,0.0,6523500.24578696,6523500.24578696,0,False
2019-05-17,2019-05-16,2019-04-30,0.047630592502037494,0.4166666666666667,,1.6660073899871377,4128434.4453139617,89.73136339444318,6198647.006049432,6198647.006049432,0,False
2019-05-20,2019-05-17,2019-04-30,0.047630592502037494,0.4166666666666667,,1.6948701885218231,4126015.1430173013,0.0,5937821.496982697,5937821.496982697,0,False
2019-05-21,2019-05-20,2019-04-30,0.047630592502037494,0.4166666666666667,,1.665801693697416,4169811.222254988,0.0,6262842.617745012,6262842.617745012,0,False
2019-05-22,2019-05-21,2019-04-30,0.047630592502037494,0.4166666666666667,,1.6698058151279205,4170211.0671667107,0.0,6226000.09283329,6226000.09283329,0,False
2019-05-23,2019-05-22,2019-04-30,0.047630592502037494,0.4166666666666667,,1.5454271781893427,4047756.3315804624,733210.8287007355,6076971.657120274,6076971.657120274,0,False
2019-05-24,2019-05-23,2019-04-30,0.047630592502037494,0.4166666666666667,,1.592315189846549,4048144.472598559,431722.66865073546,6105569.916052177,6105569.916052177,0,False
2019-05-27,2019-05-24,2019-04-30,0.047630592502037494,0.4166666666666667,,1.6055240200742678,4049309.0073098545,324163.0607907354,6151937.533480881,6151937.533480881,0,False
2019-05-28,2019-05-27,2019-04-30,0.047630592502037494,0.4166666666666667,,1.646894654768434,4049697.297214665,14000.946710735385,6238568.0894960705,6238568.0894960705,0,False
2019-05-29,2019-05-28,2019-04-30,0.047630592502037494,0.4166666666666667,,1.665789043836963,4159447.2460320187,0.0,6247395.153967982,6247395.153967982,0,False
2019-05-30,2019-05-29,2019-04-30,0.047630592502037494,0.4166666666666667,,1.6831209622477619,4159846.0971378027,0.0,6089472.182862198,6089472.182862198,0,False
2019-05-31,2019-05-30,2019-04-30,0.047630592502037494,0.4166666666666667,,1.6867953411384125,4160244.9864895833,0.0,6057474.093510417,6057474.093510417,0,False
2019-06-03,2019-05-31,2019-05-31,0.05435701393728222,0.6333333333333333,,1.6935321052110113,4161441.769293916,0.0,6000359.2307060845,6000359.2307060845,0,False
2019-06-04,2019-06-03,2019-05-31,0.05435701393728222,0.6333333333333333,,1.7065161341370745,4161840.811655355,0.0,5890652.188344644,5890652.188344644,0,False
2019-06-05,2019-06-04,2019-05-31,0.05435701393728222,0.6333333333333333,,1.710599844492446,4162239.8922811304,0.0,5857361.10771887,5857361.10771887,0,False
2019-06-06,2019-06-05,2019-05-31,0.05435701393728222,0.6333333333333333,,1.7043531886524284,4162639.0111749107,0.0,5909874.588825089,5909874.588825089,0,False
2019-06-10,2019-06-06,2019-05-31,0.05435701393728222,0.6333333333333333,,1.6876118626579277,4164235.6398367314,0.0,6056084.64016327,6056084.64016327,0,False
2019-06-11,2019-06-10,2019-05-31,0.05435701393728222,0.6333333333333333,,1.6444869578242771,4164634.950103565,0.0,6461938.289896435,6461938.289896435,0,False
2019-06-12,2019-06-11,2019-05-31,0.05435701393728222,0.6333333333333333,,1.6521291534310745,4165034.2986604245,0.0,6386824.261339576,6386824.261339576,0,False
2019-06-13,2019-06-12,2019-05-31,0.05435701393728222,0.6333333333333333,,1.6558269949504518,4165433.685510981,0.0,6351421.514489018,6351421.514489018,0,False
2019-06-14,2019-06-13,2019-05-31,0.05435701393728222,0.6333333333333333,,1.666305025938136,4165833.1106589064,0.0,6252141.209341094,6252141.209341094,0,False
2019-06-17,2019-06-14,2019-05-31,0.05435701393728222,0.6333333333333333,,1.6637199055627823,4167031.5010058084,0.0,6278298.218994191,6278298.218994191,0,False
2019-06-18,2019-06-17,2019-05-31,0.05435701393728222,0.6333333333333333,,1.6630941103976813,4167431.0793689187,0.0,6284825.96063108,6284825.96063108,0,False
2019-06-19,2019-06-18,2019-05-31,0.05435701393728222,0.6333333333333333,,1.6210486795032233,4167830.6960477624,159198.0,6454619.143952237,6454619.143952237,0,False
2019-06-20,2019-06-19,2019-05-31,0.05435701393728222,0.6333333333333333,,1.5927179029048126,4168230.3510460136,159198.0,6763811.8089539865,6763811.8089539865,0,False
2019-06-21,2019-06-20,2019-05-31,0.05435701393728222,0.6333333333333333,,1.5921279842424645,4168630.044367347,159198.0,6771225.395632653,6771225.395632653,0,False
2019-06-24,2019-06-21,2019-05-31,0.05435701393728222,0.6333333333333333,,1.5779014710182204,4169829.239311617,159198.0,6939991.400688384,6939991.400688384,0,False
2019-06-25,2019-06-24,2019-05-31,0.05435701393728222,0.6333333333333333,,1.6264653211084517,4300142.884751003,0.0,6864135.555248996,6864135.555248996,0,False
2019-06-26,2019-06-25,2019-05-31,0.05435701393728222,0.6333333333333333,,1.633290738799628,4328903.510649404,0.0,6835570.529350596,6835570.529350596,0,False
2019-06-27,2019-06-26,2019-05-31,0.05435701393728222,0.6333333333333333,,1.6277264337689237,4370584.023586041,0.0,6962561.6964139575,6962561.6964139575,0,False
2019-06-28,2019-06-27,2019-05-31,0.05435701393728222,0.6333333333333333,,1.627004882342408,4371003.120684193,0.0,6971242.559315806,6971242.559315806,0,False
2019-07-01,2019-06-28,2019-06-28,0.049579060556464806,0.5,,1.6124926015301386,4414225.952140829,0.0,7206986.567859171,7206986.567859171,0,False
2019-07-02,2019-07-01,2019-06-28,0.049579060556464806,0.5,,1.6069286636592626,4418913.276671445,0.0,7280778.683328556,7280778.683328556,0,False
2019-07-03,2019-07-02,2019-06-28,0.049579060556464806,0.5,,1.6153175201801722,4419337.008081537,0.0,7182205.711918462,7182205.711918462,0,False
2019-07-04,2019-07-03,2019-06-28,0.049579060556464806,0.5,,1.6582918178809485,4783016.733883408,0.0,7265800.066116593,7265800.066116593,0,False
2019-07-05,2019-07-04,2019-06-28,0.049579060556464806,0.5,,1.665951972085141,4905929.987993644,0.0,7366792.492006357,7366792.492006357,0,False
2019-07-08,2019-07-05,2019-06-28,0.049579060556464806,0.5,,1.7031544695875191,4907341.282921697,0.0,6979037.317078303,6979037.317078303,0,False
2019-07-09,2019-07-08,2019-06-28,0.049579060556464806,0.5,,1.6663224273120374,4703431.453810575,469.96054654356703,7058086.746735969,7058086.746735969,0,False
2019-07-10,2019-07-09,2019-06-28,0.049579060556464806,0.5,,1.6890282976560587,4703412.507239055,0.0,6826152.8927609455,6826152.8927609455,0,False
2019-07-11,2019-07-10,2019-06-28,0.049579060556464806,0.5,,1.681358504968249,4701982.519397283,0.0,6900893.560602717,6900893.560602717,0,False
2019-07-12,2019-07-11,2019-06-28,0.049579060556464806,0.5,,1.6734342669501865,4702433.394433389,0.0,6982765.245566611,6982765.245566611,0,False
2019-07-15,2019-07-12,2019-06-28,0.049579060556464806,0.5,,1.674501094283175,4703786.149245487,0.0,6973726.490754514,6973726.490754514,0,False
2019-07-16,2019-07-15,2019-06-28,0.049579060556464806,0.5,,1.6860104582816073,4704237.197232401,0.0,6857384.0827676,6857384.0827676,0,False
2019-07-17,2019-07-16,2019-06-28,0.049579060556464806,0.5,,1.6834113235408485,4704688.288470492,0.0,6884123.991529509,6884123.991529509,0,False
2019-07-18,2019-07-17,2019-06-28,0.049579060556464806,0.5,,1.7077572308889486,4705139.422963907,0.0,6647956.697036094,6647956.697036094,0,False
2019-07-19,2019-07-18,2019-06-28,0.049579060556464806,0.5,,1.705990989634395,4705590.600716794,0.0,6665227.559283206,6665227.559283206,0,False
2019-07-22,2019-07-19,2019-06-28,0.049579060556464806,0.5,,1.7132589020928737,4706944.263766315,0.0,6599208.576233685,6599208.576233685,0,False
2019-07-23,2019-07-22,2019-06-28,0.049579060556464806,0.5,,1.707381933737755,4707395.614586128,0.0,6654673.225413872,6654673.225413872,0,False
2019-07-24,2019-07-23,2019-06-28,0.049579060556464806,0.5,,1.6867233512079864,4707847.008686157,0.0,6855521.951313844,6855521.951313844,0,False
2019-07-25,2019-07-24,2019-06-28,0.049579060556464806,0.5,,1.6827625651534033,4708298.446070552,0.0,6895952.833929449,6895952.833929449,0,False
2019-07-26,2019-07-25,2019-06-28,0.049579060556464806,0.5,,1.6701959261171877,4708749.926743463,0.0,7025930.393256538,7025930.393256538,0,False
2019-07-29,2019-07-26,2019-06-28,0.049579060556464806,0.5,,1.6659879663228963,4731085.708400197,0.0,7103860.651599802,7103860.651599802,0,False
2019-07-30,2019-07-29,2019-06-28,0.049579060556464806,0.5,,1.6718094183601295,4731539.374153058,0.0,7042978.625846942,7042978.625846942,0,False
2019-07-31,2019-07-30,2019-06-28,0.049579060556464806,0.5,,1.6872134980824744,4722009.627408113,0.0,6871241.0925918855,6871241.0925918855,0,False
2019-08-01,2019-07-31,2019-07-31,0.05082032289950576,0.5833333333333334,,1.699162924077701,4722462.422851837,0.0,6754452.017148164,6754452.017148164,0,False
2019-08-02,2019-08-01,2019-07-31,0.05082032289950576,0.5833333333333334,,1.7118176910120895,4722915.261714303,0.0,6635006.858285698,6635006.858285698,0,False
2019-08-05,2019-08-02,2019-07-31,0.05082032289950576,0.5833333333333334,,1.7204319669461248,4603252.776520412,0.0,6389573.1834795885,6389573.1834795885,0,False
2019-08-06,2019-08-05,2019-07-31,0.05082032289950576,0.5833333333333334,,1.7183639647896385,4603694.184320901,0.0,6408581.735679099,6408581.735679099,0,False
2019-08-07,2019-08-06,2019-07-31,0.05082032289950576,0.5833333333333334,,1.721424038577847,4604135.634448164,0.0,6382010.285551836,6382010.285551836,0,False
2019-08-08,2019-08-07,2019-07-31,0.05082032289950576,0.5833333333333334,,1.6897860871235082,4604577.126906262,0.0,6675369.673093739,6675369.673093739,0,False
2019-08-09,2019-08-08,2019-07-31,0.05082032289950576,0.5833333333333334,,1.7022288229944678,4605018.661699253,0.0,6557718.098300747,6557718.098300747,0,False
2019-08-12,2019-08-09,2019-07-31,0.05082032289950576,0.5833333333333334,,1.6791422954298665,4606343.3930950845,0.0,6782589.4869049145,6782589.4869049145,0,False
2019-08-13,2019-08-12,2019-07-31,0.05082032289950576,0.5833333333333334,,1.6976733341888492,4606785.097256066,0.0,6603068.902743934,6603068.902743934,0,False
2019-08-14,2019-08-13,2019-07-31,0.05082032289950576,0.5833333333333334,,1.689945702101033,4607226.843772242,0.0,6677665.836227758,6677665.836227758,0,False
2019-08-15,2019-08-14,2019-07-31,0.05082032289950576,0.5833333333333334,,1.689225554582605,4607668.632647672,0.0,6685284.087352327,6685284.087352327,0,False
2019-08-16,2019-08-15,2019-07-31,0.05082032289950576,0.5833333333333334,,1.686890172313264,4608110.463886418,0.0,6708656.856113582,6708656.856113582,0,False
2019-08-19,2019-08-16,2019-07-31,0.05082032289950576,0.5833333333333334,,1.6686779140635797,4609436.084704797,0.0,6893357.755295203,6893357.755295203,0,False
2019-08-20,2019-08-19,2019-07-31,0.05082032289950576,0.5833333333333334,,1.6690134648042174,4609878.085425248,0.0,6890560.994574752,6890560.994574752,0,False
2019-08-21,2019-08-20,2019-07-31,0.05082032289950576,0.5833333333333334,,1.6747863738513007,4610320.12852933,0.0,6832266.1914706705,6832266.1914706705,0,False
2019-08-22,2019-08-21,2019-07-31,0.05082032289950576,0.5833333333333334,,1.6772463331421057,4610762.214021106,0.0,6808102.145978893,6808102.145978893,0,False
2019-08-23,2019-08-22,2019-07-31,0.05082032289950576,0.5833333333333334,,1.6711958813762644,4611204.341904642,0.0,6870132.058095356,6870132.058095356,0,False
2019-08-26,2019-08-23,2019-07-31,0.05082032289950576,0.5833333333333334,,1.6833530788755504,4612530.852742724,0.0,6749850.107257277,6749850.107257277,0,False
2019-08-27,2019-08-26,2019-07-31,0.05082032289950576,0.5833333333333334,,1.6659157915964846,4769775.954131754,0.0,7162731.405868245,7162731.405868245,0,False
2019-08-28,2019-08-27,2019-07-31,0.05082032289950576,0.5833333333333334,,1.6699939894712599,4770233.329908177,0.0,7119815.110091822,7119815.110091822,0,False
2019-08-29,2019-08-28,2019-07-31,0.05082032289950576,0.5833333333333334,,1.6659476727589884,4842940.696162552,0.0,7272254.103837449,7272254.103837449,0,False
2019-08-30,2019-08-29,2019-07-31,0.05082032289950576,0.5833333333333334,,1.6717738587339348,4843405.087736156,0.0,7209874.312263843,7209874.312263843,0,False
2019-09-02,2019-08-30,2019-08-30,0.05489708547008547,0.7,,1.6659142199852075,4916332.263909066,0.0,7382831.176090933,7382831.176090933,0,False
2019-09-03,2019-09-02,2019-08-30,0.05489708547008547,0.7,,1.6659551039630422,4950037.025310263,0.0,7432989.094689738,7432989.094689738,0,False
2019-09-04,2019-09-03,2019-08-30,0.05489708547008547,0.7,,1.6659611681310007,5055818.989624882,0.0,7591762.450375117,7591762.450375117,0,False
2019-09-05,2019-09-04,2019-08-30,0.05489708547008547,0.7,,1.6659361327192117,5235209.471645531,0.0,7861428.768354469,7861428.768354469,0,False
2019-09-06,2019-09-05,2019-08-30,0.05489708547008547,0.7,,1.6659834062160488,5353888.476073223,0.0,8039071.883926776,8039071.883926776,0,False
2019-09-09,2019-09-06,2019-08-30,0.05489708547008547,0.7,,1.6670450304468585,5355428.635771819,0.0,8028586.364228181,8028586.364228181,0,False
2019-09-10,2019-09-09,2019-08-30,0.05489708547008547,0.7,,1.6700177142212995,5355942.1700245645,0.0,7993732.189975435,7993732.189975435,0,False
2019-09-11,2019-09-10,2019-08-30,0.05489708547008547,0.7,,1.6853123544896702,5356455.75352032,0.0,7816079.366479681,7816079.366479681,0,False
2019-09-12,2019-09-11,2019-08-30,0.05489708547008547,0.7,,1.6744589719061405,5356969.386263808,0.0,7942617.133736191,7942617.133736191,0,False
2019-09-16,2019-09-12,2019-08-30,0.05489708547008547,0.7,,1.6816051704779713,5359024.114247581,0.0,7862358.365752419,7862358.365752419,0,False
2019-09-17,2019-09-16,2019-08-30,0.05489708547008547,0.7,,1.7034028624764328,5359537.993272235,0.0,7619442.966727766,7619442.966727766,0,False
2019-09-18,2019-09-17,2019-08-30,0.05489708547008547,0.7,,1.7060209992272544,5360051.921572959,0.0,7591915.718427042,7591915.718427042,0,False
2019-09-19,2019-09-18,2019-08-30,0.05489708547008547,0.7,,1.7101027421262314,5360565.89915448,0.0,7549000.420845521,7549000.420845521,0,False
2019-09-20,2019-09-19,2019-08-30,0.05489708547008547,0.7,,1.7146039824712092,5361079.926021522,0.0,7502169.113978477,7502169.113978477,0,False
2019-09-23,2019-09-20,2019-08-30,0.05489708547008547,0.7,,1.7280886782121652,5362622.1544933915,0.0,7365342.045506608,7365342.045506608,0,False
2019-09-24,2019-09-23,2019-08-30,0.05489708547008547,0.7,,1.7339659321221843,5363136.378535603,0.0,7307064.461464397,7307064.461464397,0,False
2019-09-25,2019-09-24,2019-08-30,0.05489708547008547,0.7,,1.7251774781303018,5363650.65188697,0.0,7396328.228113029,7396328.228113029,0,False
2019-09-26,2019-09-25,2019-08-30,0.05489708547008547,0.7,,1.6840386588950014,5001427.173152219,0.0,7311614.786847782,7311614.786847782,0,False
2019-09-27,2019-09-26,2019-08-30,0.05489708547008547,0.7,,1.6661343792860195,4811971.690148551,54.13084931785511,7223643.920700766,7223643.920700766,0,False
2019-09-30,2019-09-27,2019-08-30,0.05489708547008547,0.7,,1.6685695505565394,4813301.825127906,0.0,7199403.294872095,7199403.294872095,0,False
2019-10-08,2019-09-30,2019-09-30,0.05391323208191126,0.6666666666666666,,1.6659763224068747,4879053.8695285525,0.0,7326167.170471447,7326167.170471447,0,False
2019-10-09,2019-10-08,2019-09-30,0.05391323208191126,0.6666666666666666,,1.6796540362740136,4879521.724009193,0.0,7179419.915990808,7179419.915990808,0,False
2019-10-10,2019-10-09,2019-09-30,0.05391323208191126,0.6666666666666666,,1.675666072215568,4879989.623352591,0.0,7222487.296647409,7222487.296647409,0,False
2019-10-11,2019-10-10,2019-09-30,0.05391323208191126,0.6666666666666666,,1.665966113856109,4957387.891233049,0.0,7443904.108766951,7443904.108766951,0,False
2019-10-14,2019-10-11,2019-09-30,0.05391323208191126,0.6666666666666666,,1.66596267182201,5007241.473289569,0.0,7518802.006710432,7518802.006710432,0,False
2019-10-15,2019-10-14,2019-09-30,0.05391323208191126,0.6666666666666666,,1.6841627452360783,5007721.619732213,0.0,7319488.900267786,7319488.900267786,0,False
2019-10-16,2019-10-15,2019-09-30,0.05391323208191126,0.6666666666666666,,1.6827713142004028,5008201.812216297,0.0,7335108.707783703,7335108.707783703,0,False
2019-10-17,2019-10-16,2019-09-30,0.05391323208191126,0.6666666666666666,,1.6887072255272277,5008682.050746235,0.0,7272585.309253764,7272585.309253764,0,False
2019-10-18,2019-10-17,2019-09-30,0.05391323208191126,0.6666666666666666,,1.6660391445077034,4803020.534752588,152.4539361444139,7211089.799183556,7211089.799183556,0,False
2019-10-21,2019-10-18,2019-09-30,0.05391323208191126,0.6666666666666666,,1.6659255371126294,4829090.0199552085,0.0,7251696.70004479,7251696.70004479,0,False
2019-10-22,2019-10-21,2019-09-30,0.05391323208191126,0.6666666666666666,,1.6667945584182118,4829553.0833817795,0.0,7242940.156618221,7242940.156618221,0,False
2019-10-23,2019-10-22,2019-09-30,0.05391323208191126,0.6666666666666666,,1.6684439482671736,4830016.191211693,0.0,7225760.968788307,7225760.968788307,0,False
2019-10-24,2019-10-23,2019-09-30,0.05391323208191126,0.6666666666666666,,1.6769022211245979,4830479.343449206,0.0,7136155.256550794,7136155.256550794,0,False
2019-10-25,2019-10-24,2019-09-30,0.05391323208191126,0.6666666666666666,,1.6659423649440142,4885485.539168578,0.0,7336198.740831424,7336198.740831424,0,False
2019-10-28,2019-10-25,2019-09-30,0.05391323208191126,0.6666666666666666,,1.6663894779160668,4886890.952816832,0.0,7333385.527183169,7333385.527183169,0,False
2019-10-29,2019-10-28,2019-09-30,0.05391323208191126,0.6666666666666666,,1.6668221712909232,4887359.558798609,0.0,7329329.721201392,7329329.721201392,0,False
2019-10-30,2019-10-29,2019-09-30,0.05391323208191126,0.6666666666666666,,1.6660094578514322,4892249.438019605,0.0,7345615.561980395,7345615.561980395,0,False
2019-10-31,2019-10-30,2019-09-30,0.05391323208191126,0.6666666666666666,,1.6659446438795242,4951189.926928731,0.0,7434837.073071269,7434837.073071269,0,False
2019-11-01,2019-10-31,2019-10-31,0.052809802913453295,0.65,,1.665997597017983,5091331.20223556,5.28866000000005,7644661.086424441,7644661.086424441,0,False
2019-11-04,2019-11-01,2019-10-31,0.052809802913453295,0.65,,1.6659936852103179,5288063.87146949,0.0,7940111.12853051,7940111.12853051,0,False
2019-11-05,2019-11-04,2019-10-31,0.052809802913453295,0.65,,1.6663859583846872,5288570.946087303,0.0,7936198.053912697,7936198.053912697,0,False
2019-11-06,2019-11-05,2019-10-31,0.052809802913453295,0.65,,1.666941154133748,5289078.069328709,0.0,7930351.930671291,7930351.930671291,0,False
2019-11-07,2019-11-06,2019-10-31,0.052809802913453295,0.65,,1.6715588169351288,5289585.24119837,0.0,7876577.75880163,7876577.75880163,0,False
2019-11-08,2019-11-07,2019-10-31,0.052809802913453295,0.65,,1.6726573367213327,5290092.461700951,0.0,7864468.538299049,7864468.538299049,0,False
2019-11-11,2019-11-08,2019-10-31,0.052809802913453295,0.65,,1.694670699350454,5291614.26912144,0.0,7617442.73087856,7617442.73087856,0,False
2019-11-12,2019-11-11,2019-10-31,0.052809802913453295,0.65,,1.6855925955199142,5292121.684188342,0.0,7719047.315811658,7719047.315811658,0,False
2019-11-13,2019-11-12,2019-10-31,0.052809802913453295,0.65,,1.6832114956218478,5292079.430961483,0.0,7745887.569038517,7745887.569038517,0,False
2019-11-14,2019-11-13,2019-10-31,0.052809802913453295,0.65,,1.6780165240492102,5292586.890632945,0.0,7805985.109367055,7805985.109367055,0,False
2019-11-15,2019-11-14,2019-10-31,0.052809802913453295,0.65,,1.7006244855590968,5293094.398964924,0.0,7554823.601035076,7554823.601035076,0,False
2019-11-18,2019-11-15,2019-10-31,0.052809802913453295,0.65,,1.6825847994335215,5294617.069956407,0.0,7756716.930043593,7756716.930043593,0,False
2019-11-19,2019-11-18,2019-10-31,0.052809802913453295,0.65,,1.665975068532789,5334165.163263115,0.0,8009556.836736885,8009556.836736885,0,False
2019-11-20,2019-11-19,2019-10-31,0.052809802913453295,0.65,,1.6731288977712881,5334676.6585527435,0.0,7925193.3414472565,7925193.3414472565,0,False
2019-11-21,2019-11-20,2019-10-31,0.052809802913453295,0.65,,1.668603062249654,5335188.202889865,0.0,7979604.797110135,7979604.797110135,0,False
2019-11-22,2019-11-21,2019-10-31,0.052809802913453295,0.65,,1.66597044302787,5404736.244919184,0.0,8115579.755080816,8115579.755080816,0,False
2019-11-25,2019-11-22,2019-10-31,0.052809802913453295,0.65,,1.6659433686621592,5673640.229158132,0.0,8519703.770841867,8519703.770841867,0,False
2019-11-26,2019-11-25,2019-10-31,0.052809802913453295,0.65,,1.66592841074238,5741581.689751339,0.0,8621920.310248662,8621920.310248662,0,False
2019-11-27,2019-11-26,2019-10-31,0.052809802913453295,0.65,,1.6708992110748484,5742132.252379123,0.0,8558859.747620877,8558859.747620877,0,False
2019-11-28,2019-11-27,2019-10-31,0.052809802913453295,0.65,,1.6711157894792807,5742682.867800584,0.0,8556918.132199416,8556918.132199416,0,False
2019-11-29,2019-11-28,2019-10-31,0.052809802913453295,0.65,,1.6913959449495697,5743233.536020784,0.0,8306721.463979216,8306721.463979216,0,False
2019-12-02,2019-11-29,2019-11-29,0.055610034904013964,0.7666666666666667,,1.6813153162949441,5744885.69909279,0.0,8432051.30090721,8432051.30090721,0,False
2019-12-03,2019-12-02,2019-11-29,0.055610034904013964,0.7666666666666667,,1.6818367026221246,5745436.578543387,0.0,8426411.421456613,8426411.421456613,0,False
2019-12-04,2019-12-03,2019-11-29,0.055610034904013964,0.7666666666666667,,1.682423792414038,5745987.510818042,0.0,8419969.489181958,8419969.489181958,0,False
2019-12-05,2019-12-04,2019-11-29,0.055610034904013964,0.7666666666666667,,1.6678666250516978,5746538.495921819,0.0,8604320.504078181,8604320.504078181,0,False
2019-12-06,2019-12-05,2019-11-29,0.055610034904013964,0.7666666666666667,,1.665953420491325,5750666.569529784,0.0,8635238.430470217,8635238.430470217,0,False
2019-12-09,2019-12-06,2019-11-29,0.055610034904013964,0.7666666666666667,,1.6659745194150972,5771730.064911704,0.0,8666592.935088295,8666592.935088295,0,False
2019-12-10,2019-12-09,2019-11-29,0.055610034904013964,0.7666666666666667,,1.6659398175170461,5857975.739209572,0.0,8796554.260790428,8796554.260790428,0,False
2019-12-11,2019-12-10,2019-11-29,0.055610034904013964,0.7666666666666667,,1.6659600113545563,5907733.954720591,0.0,8871004.04527941,8871004.04527941,0,False
2019-12-12,2019-12-11,2019-11-29,0.055610034904013964,0.7666666666666667,,1.66757541223952,5908300.449757345,0.0,8850386.550242655,8850386.550242655,0,False
2019-12-13,2019-12-12,2019-11-29,0.055610034904013964,0.7666666666666667,,1.665936447044934,5953856.448905541,0.0,8940577.55109446,8940577.55109446,0,False
2019-12-16,2019-12-13,2019-11-29,0.055610034904013964,0.7666666666666667,,1.6659376843125706,6038468.320030568,0.0,9067617.679969432,9067617.679969432,0,False
2019-12-17,2019-12-16,2019-11-29,0.055610034904013964,0.7666666666666667,,1.6659643473455064,6073924.699959339,0.0,9120495.300040662,9120495.300040662,0,False
2019-12-18,2019-12-17,2019-11-29,0.055610034904013964,0.7666666666666667,,1.6767469726694662,6074507.131094951,0.0,8976038.868905049,8976038.868905049,0,False
2019-12-19,2019-12-18,2019-11-29,0.055610034904013964,0.7666666666666667,,1.6781054046157138,6075089.618080124,0.0,8958916.381919876,8958916.381919876,0,False
2019-12-20,2019-12-19,2019-11-29,0.055610034904013964,0.7666666666666667,,1.6732170662922385,6075672.160920214,0.0,9024833.839079786,9024833.839079786,0,False
2019-12-23,2019-12-20,2019-11-29,0.055610034904013964,0.7666666666666667,,1.666125596939849,6083370.0191513,0.0,9132466.9808487,9132466.9808487,0,False
2019-12-24,2019-12-23,2019-11-29,0.055610034904013964,0.7666666666666667,,1.6659816485431633,6133589.852262452,0.0,9209848.147737548,9209848.147737548,0,False
2019-12-25,2019-12-24,2019-11-29,0.055610034904013964,0.7666666666666667,,1.6659772300031817,6230609.548174039,0.0,9355589.451825961,9355589.451825961,0,False
2019-12-26,2019-12-25,2019-11-29,0.055610034904013964,0.7666666666666667,,1.669074838040282,6442277.241555371,0.0,9628634.75844463,9628634.75844463,0,False
2019-12-27,2019-12-26,2019-11-29,0.055610034904013964,0.7666666666666667,,1.6659844937439734,6641776.626967575,0.0,9972869.773032425,9972869.773032425,0,False
2019-12-30,2019-12-27,2019-11-29,0.055610034904013964,0.7666666666666667,,1.6659970649227622,6808302.108958347,0.0,10222720.891041653,10222720.891041653,0,False
2019-12-31,2019-12-30,2019-11-29,0.055610034904013964,0.7666666666666667,,1.6659519316260438,7100517.847905507,0.0,10662207.752094494,10662207.752094494,0,False
2020-01-02,2019-12-31,2019-12-31,0.04993581300813008,0.55,,1.6659829433889033,7208687.093514421,0.0,10824131.70648558,10824131.70648558,0,False
2020-01-03,2020-01-02,2019-12-31,0.04993581300813008,0.55,,1.6659787536746975,7222668.470282292,0.0,10845193.529717708,10845193.529717708,0,False
2020-01-06,2020-01-03,2019-12-31,0.04993581300813008,0.55,,1.6720137562285877,7224746.224225798,0.0,10750890.375774205,10750890.375774205,0,False
2020-01-07,2020-01-06,2019-12-31,0.04993581300813008,0.55,,1.676141006688554,7225439.008110313,0.0,10686290.191889687,10686290.191889687,0,False
2020-01-08,2020-01-07,2019-12-31,0.04993581300813008,0.55,,1.6891170040082322,7226131.858426159,0.0,10486073.941573841,10486073.941573841,0,False
2020-01-09,2020-01-08,2019-12-31,0.04993581300813008,0.55,,1.682099866546977,7226824.7751797065,0.0,10594965.824820295,10594965.824820295,0,False
2020-01-10,2020-01-09,2019-12-31,0.04993581300813008,0.55,,1.682681882769794,7227517.758377327,0.0,10586948.241622673,10586948.241622673,0,False
2020-01-13,2020-01-10,2019-12-31,0.04993581300813008,0.55,,1.6874741784475014,7229596.907321517,0.0,10516172.292678483,10516172.292678483,0,False
2020-01-14,2020-01-13,2019-12-31,0.04993581300813008,0.55,,1.6659599366659752,7327684.8685800275,0.0,11003191.731419973,11003191.731419973,0,False
2020-01-15,2020-01-14,2019-12-31,0.04993581300813008,0.55,,1.6922134459353826,7328387.523293453,0.0,10586889.876706544,10586889.876706544,0,False
2020-01-16,2020-01-15,2019-12-31,0.04993581300813008,0.55,,1.6968149869195002,7329090.245384728,0.0,10517985.954615273,10517985.954615273,0,False
2020-01-17,2020-01-16,2019-12-31,0.04993581300813008,0.55,,1.6960362021103539,7320996.525920312,0.0,10518126.074079689,10518126.074079689,0,False
2020-01-20,2020-01-17,2019-12-31,0.04993581300813008,0.55,,1.6797098221676507,7323102.566016809,0.0,10773866.033983193,10773866.033983193,0,False
2020-01-21,2020-01-20,2019-12-31,0.04993581300813008,0.55,,1.6659644474304418,6877037.557633315,624.4147219567792,10325495.857088644,10325495.857088644,0,False
2020-01-22,2020-01-21,2019-12-31,0.04993581300813008,0.55,,1.6660004779954625,6955856.186968939,0.0,10444221.01303106,10444221.01303106,0,False
2020-01-23,2020-01-22,2019-12-31,0.04993581300813008,0.55,,1.7157836439157663,6954705.117117278,0.0,9716211.282882722,9716211.282882722,0,False
2020-02-03,2020-01-23,2020-01-23,0.053680040133779264,0.6833333333333333,,1.829329574791931,6962040.90196684,0.0,8394781.89803316,8394781.89803316,0,False
2020-02-04,2020-02-03,2020-01-23,0.053680040133779264,0.6833333333333333,,1.7816921768699912,6962708.494930042,0.0,8907225.505069958,8907225.505069958,0,False
2020-02-05,2020-02-04,2020-01-23,0.053680040133779264,0.6833333333333333,,1.7909573922546116,6963376.151909008,0.0,8803731.04809099,8803731.04809099,0,False
2020-02-06,2020-02-05,2020-01-23,0.053680040133779264,0.6833333333333333,,1.7823924355884673,6964043.872909876,0.0,8900960.127090124,8900960.127090124,0,False
2020-02-07,2020-02-06,2020-01-23,0.053680040133779264,0.6833333333333333,,1.7967384950833014,6964711.657938785,0.0,8741527.742061216,8741527.742061216,0,False
2020-02-10,2020-02-07,2020-01-23,0.053680040133779264,0.6833333333333333,,1.7432868128231136,6966715.205128055,0.0,9372849.194871945,9372849.194871945,0,False
2020-02-11,2020-02-10,2020-01-23,0.053680040133779264,0.6833333333333333,,1.7482585962488935,6967383.246312109,0.0,9311464.35368789,9311464.35368789,0,False
2020-02-12,2020-02-11,2020-01-23,0.053680040133779264,0.6833333333333333,,1.714035742407086,6968051.351554906,0.0,9758687.048445093,9758687.048445093,0,False
2020-02-13,2020-02-12,2020-01-23,0.053680040133779264,0.6833333333333333,,1.6829777077268835,6968719.52086259,0.0,10203436.27913741,10203436.27913741,0,False
2020-02-14,2020-02-13,2020-01-23,0.053680040133779264,0.6833333333333333,,1.6658830671408362,7038517.357661302,0.0,10570200.242338698,10570200.242338698,0,False
2020-02-17,2020-02-14,2020-01-23,0.053680040133779264,0.6833333333333333,,1.6658707841830631,7309923.765347205,0.0,10977991.434652794,10977991.434652794,0,False
2020-02-18,2020-02-17,2020-01-23,0.053680040133779264,0.6833333333333333,,1.6942370635493804,7310624.716941142,0.0,10530444.283058858,10530444.283058858,0,False
2020-02-19,2020-02-18,2020-01-23,0.053680040133779264,0.6833333333333333,,1.7009775522213681,7311325.735749616,0.0,10430185.264250383,10430185.264250383,0,False
2020-02-20,2020-02-19,2020-01-23,0.053680040133779264,0.6833333333333333,,1.678507699480424,7312026.821779071,0.0,10776630.578220926,10776630.578220926,0,False
2020-02-21,2020-02-20,2020-01-23,0.053680040133779264,0.6833333333333333,,1.6786523838135585,7312727.975035954,0.0,10775366.224964045,10775366.224964045,0,False
2020-02-24,2020-02-21,2020-01-23,0.053680040133779264,0.6833333333333333,,1.6943611472103162,7314831.6365082245,0.0,10534621.163491776,10534621.163491776,0,False
2020-02-25,2020-02-24,2020-01-23,0.053680040133779264,0.6833333333333333,,1.6725357427582608,7315533.058719944,0.0,10877537.941280056,10877537.941280056,0,False
2020-02-26,2020-02-25,2020-01-23,0.053680040133779264,0.6833333333333333,,1.6934047167511628,7316234.5481913285,0.0,10551175.051808674,10551175.051808674,0,False
2020-02-27,2020-02-26,2020-01-23,0.053680040133779264,0.6833333333333333,,1.67714818050642,7316936.104928826,0.0,10805516.895071175,10805516.895071175,0,False
2020-02-28,2020-02-27,2020-01-23,0.053680040133779264,0.6833333333333333,,1.7397536545236774,7317637.728938888,0.0,9891992.67106111,9891992.67106111,0,False
2020-03-02,2020-02-28,2020-02-28,0.05905442350907519,0.8666666666666667,,1.6664353973862844,7319742.802806117,0.0,10983424.397193883,10983424.397193883,0,False
2020-03-03,2020-03-02,2020-02-28,0.05905442350907519,0.8666666666666667,,1.6721420722523421,7320444.695951591,0.0,10891216.304048408,10891216.304048408,0,False
2020-03-04,2020-03-03,2020-02-28,0.05905442350907519,0.8666666666666667,,1.6659058831458082,7376144.705521887,0.0,11076857.694478111,11076857.694478111,0,False
2020-03-05,2020-03-04,2020-02-28,0.05905442350907519,0.8666666666666667,,1.6659469421312691,7508191.297268991,0.0,11274458.70273101,11274458.70273101,0,False
2020-03-06,2020-03-05,2020-02-28,0.05905442350907519,0.8666666666666667,,1.6762511534362303,7508911.260818045,0.0,11103731.539181955,11103731.539181955,0,False
2020-03-09,2020-03-06,2020-02-28,0.05905442350907519,0.8666666666666667,,1.7453169590977282,7511071.358578006,0.0,10077687.441421995,10077687.441421995,0,False
2020-03-10,2020-03-09,2020-02-28,0.05905442350907519,0.8666666666666667,,1.7165134371245951,7511791.598297321,0.0,10483811.20170268,10483811.20170268,0,False
2020-03-11,2020-03-10,2020-02-28,0.05905442350907519,0.8666666666666667,,1.7414452734984889,7512511.907080719,0.0,10132254.09291928,10132254.09291928,0,False
2020-03-12,2020-03-11,2020-02-28,0.05905442350907519,0.8666666666666667,,1.7837629157540262,7513232.2849348225,0.0,9586103.315065179,9586103.315065179,0,False
2020-03-13,2020-03-12,2020-02-28,0.05905442350907519,0.8666666666666667,,1.825647642530579,7513952.7318662545,0.0,9100677.268133745,9100677.268133745,0,False
2020-03-16,2020-03-13,2020-02-28,0.05905442350907519,0.8666666666666667,,1.924470455831177,7516114.2799124075,0.0,8130183.320087592,8130183.320087592,0,False
2020-03-17,2020-03-16,2020-02-28,0.05905442350907519,0.8666666666666667,,1.9728501934822626,7516835.003199522,0.0,7726610.996800478,7726610.996800478,0,False
2020-03-18,2020-03-17,2020-02-28,0.05905442350907519,0.8666666666666667,,1.9911624421419352,7517555.795597089,0.0,7584585.004402911,7584585.004402911,0,False
2020-03-19,2020-03-18,2020-02-28,0.05905442350907519,0.8666666666666667,,2.059157968230838,7518276.657111736,0.0,7098352.542888263,7098352.542888263,0,False
2020-03-20,2020-03-19,2020-02-28,0.05905442350907519,0.8666666666666667,,2.0202482192194773,7518997.587750089,0.0,7369772.812249911,7369772.812249911,0,False
2020-03-23,2020-03-20,2020-02-28,0.05905442350907519,0.8666666666666667,,1.6661565439789336,4368141.761020602,295.020584447484,6556787.259563846,6556787.259563846,0,False
2020-03-24,2020-03-23,2020-02-28,0.05905442350907519,0.8666666666666667,,1.6194474486693409,4368560.623929192,295.020584447484,7051874.396655255,7051874.396655255,0,False
2020-03-25,2020-03-24,2020-02-28,0.05905442350907519,0.8666666666666667,,1.588912812595809,4368979.52700272,295.020584447484,7418219.493581727,7418219.493581727,0,False
2020-03-26,2020-03-25,2020-02-28,0.05905442350907519,0.8666666666666667,,1.5999603312514106,4369398.470245035,295.020584447484,7282320.550339412,7282320.550339412,0,False
2020-03-27,2020-03-26,2020-02-28,0.05905442350907519,0.8666666666666667,,1.5842527989168804,4369817.453659991,295.020584447484,7478821.5669244565,7478821.5669244565,0,False
2020-03-30,2020-03-27,2020-02-28,0.05905442350907519,0.8666666666666667,,1.5980030542179338,4371074.524434332,295.020584447484,7308958.4961501155,7308958.4961501155,0,False
2020-03-31,2020-03-30,2020-02-28,0.05905442350907519,0.8666666666666667,,1.5871093037905628,4371493.668566812,295.020584447484,7445289.3520176355,7445289.3520176355,0,False
2020-04-01,2020-03-31,2020-03-31,0.06626689861751152,0.95,,1.5910500456023955,4371912.852891195,295.020584447484,7396358.167693253,7396358.167693253,0,False
2020-04-02,2020-04-01,2020-03-31,0.06626689861751152,0.95,,1.5867303560959984,4372332.077411335,295.020584447484,7451526.943173112,7451526.943173112,0,False
2020-04-03,2020-04-02,2020-03-31,0.06626689861751152,0.95,,1.5823322059207896,4372751.342131087,295.020584447484,7508525.678453361,7508525.678453361,0,False
2020-04-07,2020-04-03,2020-03-31,0.06626689861751152,0.95,,1.5533690453442204,4374428.5618239585,295.020584447484,7904550.458760489,7904550.458760489,0,False
2020-04-08,2020-04-07,2020-03-31,0.06626689861751152,0.95,,1.5587020913045027,4374848.027576462,295.020584447484,7829848.993007985,7829848.993007985,0,False
2020-04-09,2020-04-08,2020-03-31,0.06626689861751152,0.95,,1.5574526078141964,4375267.53355171,295.020584447484,7848151.487032738,7848151.487032738,0,False
2020-04-10,2020-04-09,2020-03-31,0.06626689861751152,0.95,,1.5621206626069075,4375687.079753557,295.020584447484,7783723.94083089,7783723.94083089,0,False
2020-04-13,2020-04-10,2020-03-31,0.06626689861751152,0.95,,1.5578868406579651,4376945.839050473,295.020584447484,7845051.181533975,7845051.181533975,0,False
2020-04-14,2020-04-13,2020-03-31,0.06626689861751152,0.95,,1.5412393488214935,4377365.546185724,295.020584447484,8087125.474398723,8087125.474398723,0,False
2020-04-15,2020-04-14,2020-03-31,0.06626689861751152,0.95,,1.5610799041243235,4377785.293566866,295.020584447484,7801901.727017581,7801901.727017581,0,False
2020-04-16,2020-04-15,2020-03-31,0.06626689861751152,0.95,,1.5721566114581633,4378205.081197755,295.020584447484,7651593.939386692,7651593.939386692,0,False
2020-04-17,2020-04-16,2020-03-31,0.06626689861751152,0.95,,1.5519784917259882,4378624.909082253,295.020584447484,7932066.111502194,7932066.111502194,0,False
2020-04-20,2020-04-17,2020-03-31,0.06626689861751152,0.95,,1.5428754692525697,4379884.513508154,295.020584447484,8067392.507076293,8067392.507076293,0,False
2020-04-21,2020-04-20,2020-03-31,0.06626689861751152,0.95,,1.5577388642648644,4380304.502434107,295.020584447484,7853154.518150341,7853154.518150341,0,False
2020-04-22,2020-04-21,2020-03-31,0.06626689861751152,0.95,,1.5527847958144385,4380724.53163297,295.020584447484,7924294.488951477,7924294.488951477,0,False
2020-04-23,2020-04-22,2020-03-31,0.06626689861751152,0.95,,1.5657228773256102,4381144.601108606,295.020584447484,7743808.419475841,7743808.419475841,0,False
2020-04-24,2020-04-23,2020-03-31,0.06626689861751152,0.95,,1.5580013848506122,4381564.710864876,295.020584447484,7851718.309719571,7851718.309719571,0,False
2020-04-27,2020-04-24,2020-03-31,0.06626689861751152,0.95,,1.564582253195407,4382825.16098718,295.020584447484,7762429.859597268,7762429.859597268,0,False
2020-04-28,2020-04-27,2020-03-31,0.06626689861751152,0.95,,1.558088689715142,4383245.431893027,295.020584447484,7853501.58869142,7853501.58869142,0,False
2020-04-29,2020-04-28,2020-03-31,0.06626689861751152,0.95,,1.5442527179595134,4383665.743098825,295.020584447484,8053925.277485622,8053925.277485622,0,False
2020-04-30,2020-04-29,2020-03-31,0.06626689861751152,0.95,,1.5319535107511921,4384086.094608437,295.020584447484,8240928.92597601,8240928.92597601,0,False
2020-05-06,2020-04-30,2020-04-30,0.05958176720475786,0.9,,1.529958664744873,4386608.445512185,295.020584447484,8276708.575072262,8276708.575072262,0,False
2020-05-07,2020-05-06,2020-04-30,0.05958176720475786,0.9,,1.5191311592773427,4387029.07919874,295.020584447484,8450145.941385707,8450145.941385707,0,False
2020-05-08,2020-05-07,2020-04-30,0.05958176720475786,0.9,,1.5135186416779818,4387449.753220034,295.020584447484,8543321.267364413,8543321.267364413,0,False
2020-05-11,2020-05-08,2020-04-30,0.05958176720475786,0.9,,1.5073473183564203,4388711.896299727,295.020584447484,8649729.12428472,8649729.12428472,0,False
2020-05-12,2020-05-11,2020-04-30,0.05958176720475786,0.9,,1.5621696247458141,4815544.643702596,0.0,8565999.356297404,8565999.356297404,0,False
2020-05-13,2020-05-12,2020-04-30,0.05958176720475786,0.9,,1.609566267154179,5244742.564047473,0.0,8604056.435952527,8604056.435952527,0,False
2020-05-14,2020-05-13,2020-04-30,0.05958176720475786,0.9,,1.6659931205381902,5544741.425497312,0.0,8325523.574502688,8325523.574502688,0,False
2020-05-15,2020-05-14,2020-04-30,0.05958176720475786,0.9,,1.6660055755874668,5488631.798721178,106.21396991504616,8240960.415248738,8240960.415248738,0,False
2020-05-18,2020-05-15,2020-04-30,0.05958176720475786,0.9,,1.6659271146024064,5579808.372567608,0.0,8379007.627432392,8379007.627432392,0,False
2020-05-19,2020-05-18,2020-04-30,0.05958176720475786,0.9,,1.6659471394796002,5805612.371605526,0.0,8717827.628394473,8717827.628394473,0,False
2020-05-20,2020-05-19,2020-04-30,0.05958176720475786,0.9,,1.6659817603798486,5699653.924608302,159.59524659487943,8558033.670638293,8558033.670638293,0,False
2020-05-21,2020-05-20,2020-04-30,0.05958176720475786,0.9,,1.6770439078280788,5700040.8715188615,0.0,8419012.128481138,8419012.128481138,0,False
2020-05-22,2020-05-21,2020-04-30,0.05958176720475786,0.9,,1.6660193153491822,5333721.971780178,43.67946966446209,8008293.7076894855,8008293.7076894855,0,False
2020-05-25,2020-05-22,2020-04-30,0.05958176720475786,0.9,,1.666003422218373,5377440.261735958,0.0,8074193.138264042,8074193.138264042,0,False
2020-05-26,2020-05-25,2020-04-30,0.05958176720475786,0.9,,1.6659740969710035,5548819.993112562,0.0,8331885.606887437,8331885.606887437,0,False
2020-05-27,2020-05-26,2020-04-30,0.05958176720475786,0.9,,1.6783785491084833,5549352.071742039,0.0,8180317.728257962,8180317.728257962,0,False
2020-05-28,2020-05-27,2020-04-30,0.05958176720475786,0.9,,1.6777824082481145,5549884.201392754,0.0,8188297.798607246,8188297.798607246,0,False
2020-05-29,2020-05-28,2020-04-30,0.05958176720475786,0.9,,1.6686994049479023,5550416.3820696,0.0,8300316.017930401,8300316.017930401,0,False
2020-06-01,2020-05-29,2020-05-29,0.05915389655172415,0.8333333333333334,,1.6659748874086626,5735689.80247321,0.0,8612471.59752679,8612471.59752679,0,False
2020-06-02,2020-06-01,2020-05-29,0.05915389655172415,0.8333333333333334,,1.6713017396485352,5736239.800125502,0.0,8544949.999874499,8544949.999874499,0,False
2020-06-03,2020-06-02,2020-05-29,0.05915389655172415,0.8333333333333334,,1.6659939689712946,5743718.919757295,0.0,8624280.680242704,8624280.680242704,0,False
2020-06-04,2020-06-03,2020-05-29,0.05915389655172415,0.8333333333333334,,1.6664940681181857,5688249.331841588,290.48074997839285,8534147.748908391,8534147.748908391,0,False
2020-06-05,2020-06-04,2020-05-29,0.05915389655172415,0.8333333333333334,,1.6664674608932109,5602242.88282799,142.75665298005333,8405661.873824991,8405661.873824991,0,False
2020-06-08,2020-06-05,2020-05-29,0.05915389655172415,0.8333333333333334,,1.6659655300580778,5646842.161541988,0.0,8479180.838458013,8479180.838458013,0,False
2020-06-09,2020-06-08,2020-05-29,0.05915389655172415,0.8333333333333334,,1.666017767287106,5679366.364867479,0.0,8527349.635132521,8527349.635132521,0,False
2020-06-10,2020-06-09,2020-05-29,0.05915389655172415,0.8333333333333334,,1.6660079010620699,5733249.456992192,0.0,8608380.543007808,8608380.543007808,0,False
2020-06-11,2020-06-10,2020-05-29,0.05915389655172415,0.8333333333333334,,1.6660659122675765,5644407.795054591,129.49007583821367,8474053.695021246,8474053.695021246,0,False
2020-06-12,2020-06-11,2020-05-29,0.05915389655172415,0.8333333333333334,,1.6766435827052455,5644819.5495618405,0.0,8342382.4504381595,8342382.4504381595,0,False
2020-06-15,2020-06-12,2020-05-29,0.05915389655172415,0.8333333333333334,,1.6660063485265175,5397500.828427155,187.55805612466065,8103996.729628969,8103996.729628969,0,False
2020-06-16,2020-06-15,2020-05-29,0.05915389655172415,0.8333333333333334,,1.6659862809203736,5514348.654493619,0.0,8279973.345506381,8279973.345506381,0,False
2020-06-17,2020-06-16,2020-05-29,0.05915389655172415,0.8333333333333334,,1.671303578089281,5514877.427652269,0.0,8215176.572347731,8215176.572347731,0,False
2020-06-18,2020-06-17,2020-05-29,0.05915389655172415,0.8333333333333334,,1.6659539703044421,5552134.501295194,0.0,8337114.498704806,8337114.498704806,0,False
2020-06-19,2020-06-18,2020-05-29,0.05915389655172415,0.8333333333333334,,1.6659432218825971,5595325.324284222,0.0,8402105.675715778,8402105.675715778,0,False
2020-06-22,2020-06-19,2020-05-29,0.05915389655172415,0.8333333333333334,,1.6740935729009283,5596934.938418605,0.0,8302905.061581395,8302905.061581395,0,False
2020-06-23,2020-06-22,2020-05-29,0.05915389655172415,0.8333333333333334,,1.6789277435439494,5597471.630809961,0.0,8244576.369190039,8244576.369190039,0,False
2020-06-24,2020-06-23,2020-05-29,0.05915389655172415,0.8333333333333334,,1.6659924453442583,5686681.033244969,0.0,8538656.96675503,8538656.96675503,0,False
2020-06-29,2020-06-24,2020-05-29,0.05915389655172415,0.8333333333333334,,1.6897611439164293,5689407.52415132,0.0,8248373.47584868,8248373.47584868,0,False
2020-06-30,2020-06-29,2020-05-29,0.05915389655172415,0.8333333333333334,,1.6817834284396664,5689953.083776923,0.0,8345689.916223077,8345689.916223077,0,False
2020-07-01,2020-06-30,2020-06-30,0.05254544426494346,0.5666666666666667,,1.6659661956005531,5873616.836496463,0.0,8819692.163503537,8819692.163503537,0,False
2020-07-02,2020-07-01,2020-06-30,0.05254544426494346,0.5666666666666667,,1.6659924405643234,6126681.74446873,0.0,9199326.25553127,9199326.25553127,0,False
2020-07-03,2020-07-02,2020-06-30,0.05254544426494346,0.5666666666666667,,1.6659654625619154,6162601.587719021,0.0,9253635.412280979,9253635.412280979,0,False
2020-07-06,2020-07-03,2020-06-30,0.05254544426494346,0.5666666666666667,,1.6659978571395309,6533200.73067549,0.0,9809642.269324511,9809642.269324511,0,False
2020-07-07,2020-07-06,2020-06-30,0.05254544426494346,0.5666666666666667,,1.665977241786665,6543455.2981584305,0.0,9825343.70184157,9825343.70184157,0,False
2020-07-08,2020-07-07,2020-06-30,0.05254544426494346,0.5666666666666667,,1.6659703190016535,6562749.939396062,0.0,9854418.060603939,9854418.060603939,0,False
2020-07-09,2020-07-08,2020-06-30,0.05254544426494346,0.5666666666666667,,1.6659920346230013,6702754.573784771,0.0,10064316.426215228,10064316.426215228,0,False
2020-07-10,2020-07-09,2020-06-30,0.05254544426494346,0.5666666666666667,,1.6770997113172723,6703397.3036754085,0.0,9900162.69632459,9900162.69632459,0,False
2020-07-13,2020-07-10,2020-06-30,0.05254544426494346,0.5666666666666667,,1.6659994501348137,6932369.37723222,0.0,10408971.62276778,10408971.62276778,0,False
2020-07-14,2020-07-13,2020-06-30,0.05254544426494346,0.5666666666666667,,1.675379721133764,6933034.124980722,0.0,10265386.875019278,10265386.875019278,0,False
2020-07-15,2020-07-14,2020-06-30,0.05254544426494346,0.5666666666666667,,1.6704844364326887,6933538.736472158,0.0,10341088.263527842,10341088.263527842,0,False
2020-07-16,2020-07-15,2020-06-30,0.05254544426494346,0.5666666666666667,,1.7050490361243325,6933881.763120998,0.0,9834609.236879002,9834609.236879002,0,False
2020-07-17,2020-07-16,2020-06-30,0.05254544426494346,0.5666666666666667,,1.6659889063257591,7065652.872862804,3.9939099999999783,10609259.121047195,10609259.121047195,0,False
2020-07-20,2020-07-17,2020-06-30,0.05254544426494346,0.5666666666666667,,1.6659988627173117,7799304.93375582,0.0,11710688.066244181,11710688.066244181,0,False
2020-07-21,2020-07-20,2020-06-30,0.05254544426494346,0.5666666666666667,,1.694404250756152,7800052.812311111,0.0,11232726.187688889,11232726.187688889,0,False
2020-07-22,2020-07-21,2020-06-30,0.05254544426494346,0.5666666666666667,,1.6740787501150602,7800800.762580785,0.0,11572536.237419214,11572536.237419214,0,False
2020-07-23,2020-07-22,2020-06-30,0.05254544426494346,0.5666666666666667,,1.683560387365469,7777248.7845717175,0.0,11377559.215428282,11377559.215428282,0,False
2020-07-24,2020-07-23,2020-06-30,0.05254544426494346,0.5666666666666667,,1.7454942479397109,7777994.5481538,0.0,10433339.451846201,10433339.451846201,0,False
2020-07-27,2020-07-24,2020-06-30,0.05254544426494346,0.5666666666666667,,1.723915788599174,7780232.053434776,0.0,10747426.946565224,10747426.946565224,0,False
2020-07-28,2020-07-27,2020-06-30,0.05254544426494346,0.5666666666666667,,1.697311741877719,7780978.103083735,0.0,11158535.896916265,11158535.896916265,0,False
2020-07-29,2020-07-28,2020-06-30,0.05254544426494346,0.5666666666666667,,1.6904703447145484,7781724.224271703,0.0,11270178.775728296,11270178.775728296,0,False
2020-07-30,2020-07-29,2020-06-30,0.05254544426494346,0.5666666666666667,,1.6810744942104618,7782470.417005537,0.0,11426753.582994463,11426753.582994463,0,False
2020-07-31,2020-07-30,2020-06-30,0.05254544426494346,0.5666666666666667,,1.678167201525407,7783216.681292099,0.0,11476840.318707902,11476840.318707902,0,False
2020-08-03,2020-07-31,2020-07-31,0.04348888953913679,0.21666666666666667,,1.6670553223627915,7785455.688830553,0.0,11671379.311169447,11671379.311169447,0,False
2020-08-04,2020-08-03,2020-07-31,0.04348888953913679,0.21666666666666667,,1.6686272466875354,7786202.239376057,0.0,11645056.760623943,11645056.760623943,0,False
2020-08-05,2020-08-04,2020-07-31,0.04348888953913679,0.21666666666666667,,1.6659766256655717,7855865.362648599,0.0,11796007.637351401,11796007.637351401,0,False
2020-08-06,2020-08-05,2020-07-31,0.04348888953913679,0.21666666666666667,,1.6659882077539683,7964967.532526661,0.0,11959622.46747334,11959622.46747334,0,False
2020-08-07,2020-08-06,2020-07-31,0.04348888953913679,0.21666666666666667,,1.6870643655309405,7965731.296536629,0.0,11593864.703463372,11593864.703463372,0,False
2020-08-10,2020-08-07,2020-07-31,0.04348888953913679,0.21666666666666667,,1.69645056611407,7968022.808279469,0.0,11440902.19172053,11440902.19172053,0,False
2020-08-11,2020-08-10,2020-07-31,0.04348888953913679,0.21666666666666667,,1.6962449012347955,7968786.865261084,0.0,11445379.134738915,11445379.134738915,0,False
2020-08-12,2020-08-11,2020-07-31,0.04348888953913679,0.21666666666666667,,1.702794483497799,7969550.995508438,0.0,11339803.004491562,11339803.004491562,0,False
2020-08-13,2020-08-12,2020-07-31,0.04348888953913679,0.21666666666666667,,1.665998498294272,7584581.027446982,264.04380842716785,11387889.016361445,11387889.016361445,0,False
2020-08-14,2020-08-13,2020-07-31,0.04348888953913679,0.21666666666666667,,1.6659899017929645,7645215.855860228,0.0,11479477.144139772,11479477.144139772,0,False
2020-08-17,2020-08-14,2020-07-31,0.04348888953913679,0.21666666666666667,,1.6659921954045975,7730987.439091091,7.083400000000015,11608214.64430891,11608214.64430891,0,False
2020-08-18,2020-08-17,2020-07-31,0.04348888953913679,0.21666666666666667,,1.6659968117660862,7796235.560723744,0.0,11706115.439276256,11706115.439276256,0,False
2020-08-19,2020-08-18,2020-07-31,0.04348888953913679,0.21666666666666667,,1.6705958642080636,7796983.144955594,0.0,11626947.855044406,11626947.855044406,0,False
2020-08-20,2020-08-19,2020-07-31,0.04348888953913679,0.21666666666666667,,1.6861302802308948,7797730.800873604,0.0,11364796.199126396,11364796.199126396,0,False
2020-08-21,2020-08-20,2020-07-31,0.04348888953913679,0.21666666666666667,,1.6847252421438068,7798478.528484646,0.0,11389208.471515354,11389208.471515354,0,False
2020-08-24,2020-08-21,2020-07-31,0.04348888953913679,0.21666666666666667,,1.665991911635779,7870948.491357498,0.0,11818384.508642502,11818384.508642502,0,False
2020-08-25,2020-08-24,2020-07-31,0.04348888953913679,0.21666666666666667,,1.6659873729969965,7646090.096264582,403.5637716113124,11480227.46750703,11480227.46750703,0,False
2020-08-26,2020-08-25,2020-07-31,0.04348888953913679,0.21666666666666667,,1.6885521851218648,7646419.719214531,0.0,11105069.28078547,11105069.28078547,0,False
2020-08-27,2020-08-26,2020-07-31,0.04348888953913679,0.21666666666666667,,1.6761925240174316,7646832.01482377,0.0,11308660.98517623,11308660.98517623,0,False
2020-08-28,2020-08-27,2020-07-31,0.04348888953913679,0.21666666666666667,,1.6659779365011953,7979709.804568205,0.0,11981943.195431795,11981943.195431795,0,False
2020-08-31,2020-08-28,2020-07-31,0.04348888953913679,0.21666666666666667,,1.6846004266266936,7982005.337525683,0.0,11659363.662474316,11659363.662474316,0,False
2020-09-01,2020-08-31,2020-08-31,0.03902715224913496,0.16666666666666666,,1.675313593036428,7982770.735297775,0.0,11820835.264702225,11820835.264702225,0,False
2020-09-02,2020-09-01,2020-08-31,0.03902715224913496,0.16666666666666666,,1.6858712916703056,7983536.206464173,0.0,11639991.793535827,11639991.793535827,0,False
2020-09-03,2020-09-02,2020-08-31,0.03902715224913496,0.16666666666666666,,1.682532694004818,7984301.751031917,0.0,11698050.248968083,11698050.248968083,0,False
2020-09-04,2020-09-03,2020-08-31,0.03902715224913496,0.16666666666666666,,1.674019086309278,7984520.650528043,0.0,11846134.349471956,11846134.349471956,0,False
2020-09-07,2020-09-04,2020-08-31,0.03902715224913496,0.16666666666666666,,1.720940413734533,7986817.567427509,0.0,11078332.432572491,11078332.432572491,0,False
2020-09-08,2020-09-07,2020-08-31,0.03902715224913496,0.16666666666666666,,1.7091743990692656,7987583.426646304,0.0,11263214.573353697,11263214.573353697,0,False
2020-09-09,2020-09-08,2020-08-31,0.03902715224913496,0.16666666666666666,,1.7544921752626603,7988349.359303654,0.0,10587716.640696347,10587716.640696347,0,False
2020-09-10,2020-09-09,2020-08-31,0.03902715224913496,0.16666666666666666,,1.6661053586003316,7138687.922639204,229.14851260398177,10716711.225873398,10716711.225873398,0,False
2020-09-11,2020-09-10,2020-08-31,0.03902715224913496,0.16666666666666666,,1.6659859055076744,7167021.584525209,0.0,10761521.415474791,10761521.415474791,0,False
2020-09-14,2020-09-11,2020-08-31,0.03902715224913496,0.16666666666666666,,1.6659986034294978,7402457.956400483,0.0,11114825.043599516,11114825.043599516,0,False
2020-09-15,2020-09-14,2020-08-31,0.03902715224913496,0.16666666666666666,,1.665984366445684,7512313.785876028,0.0,11280015.214123972,11280015.214123972,0,False
2020-09-16,2020-09-15,2020-08-31,0.03902715224913496,0.16666666666666666,,1.6659353658281493,7567094.090672208,0.0,11363105.909327792,11363105.909327792,0,False
2020-09-17,2020-09-16,2020-08-31,0.03902715224913496,0.16666666666666666,,1.6659368851168939,7605093.0751143275,0.0,11420140.924885672,11420140.924885672,0,False
2020-09-18,2020-09-17,2020-08-31,0.03902715224913496,0.16666666666666666,,1.6659531311039883,7732956.313814681,0.0,11611862.686185319,11611862.686185319,0,False
2020-09-21,2020-09-18,2020-08-31,0.03902715224913496,0.16666666666666666,,1.6669852575508983,7735180.862891258,0.0,11597229.137108743,11597229.137108743,0,False
2020-09-22,2020-09-21,2020-08-31,0.03902715224913496,0.16666666666666666,,1.6713011513753957,7345742.231063042,0.0,10942543.768936958,10942543.768936958,0,False
2020-09-23,2020-09-22,2020-08-31,0.03902715224913496,0.16666666666666666,,1.6784032430693605,7346446.617304376,0.0,10829026.382695623,10829026.382695623,0,False
2020-09-24,2020-09-23,2020-08-31,0.03902715224913496,0.16666666666666666,,1.7004210276884404,7347151.071089597,0.0,10489620.928910403,10489620.928910403,0,False
2020-09-25,2020-09-24,2020-08-31,0.03902715224913496,0.16666666666666666,,1.7019063424090204,7347855.5924251815,0.0,10468427.407574818,10468427.407574818,0,False
2020-09-28,2020-09-25,2020-08-31,0.03902715224913496,0.16666666666666666,,1.6948472288029641,7349969.359102455,0.0,10577820.640897546,10577820.640897546,0,False
2020-09-29,2020-09-28,2020-08-31,0.03902715224913496,0.16666666666666666,,1.699302774042241,7350674.150684834,0.0,10511432.849315166,10511432.849315166,0,False
2020-09-30,2020-09-29,2020-08-31,0.03902715224913496,0.16666666666666666,,1.7155592001897488,7351379.009849968,0.0,10273613.99015003,10273613.99015003,0,False
2020-10-09,2020-09-30,2020-09-30,0.04061605335255949,0.18333333333333332,,1.6832687577896923,7357723.350639291,0.0,10768417.649360709,10768417.649360709,0,False
2020-10-12,2020-10-09,2020-09-30,0.04061605335255949,0.18333333333333332,,1.6659747882055702,7656542.5896867355,0.0,11496745.410313264,11496745.410313264,0,False
2020-10-13,2020-10-12,2020-09-30,0.04061605335255949,0.18333333333333332,,1.666001020748987,7810010.492222185,0.0,11726724.507777814,11726724.507777814,0,False
2020-10-14,2020-10-13,2020-09-30,0.04061605335255949,0.18333333333333332,,1.6706123051139945,7810759.397337878,0.0,11647205.602662122,11647205.602662122,0,False
2020-10-15,2020-10-14,2020-09-30,0.04061605335255949,0.18333333333333332,,1.6712478541396223,7811508.37426639,0.0,11637293.62573361,11637293.62573361,0,False
2020-10-16,2020-10-15,2020-09-30,0.04061605335255949,0.18333333333333332,,1.6739449260663286,7812257.423014607,0.0,11591833.576985393,11591833.576985393,0,False
2020-10-19,2020-10-16,2020-09-30,0.04061605335255949,0.18333333333333332,,1.6863962515895905,7814504.784739036,0.0,11384830.215260964,11384830.215260964,0,False
2020-10-20,2020-10-19,2020-09-30,0.04061605335255949,0.18333333333333332,,1.6749383466125745,7815254.120814285,0.0,11579211.879185714,11579211.879185714,0,False
2020-10-21,2020-10-20,2020-09-30,0.04061605335255949,0.18333333333333332,,1.6822063367175353,7816003.528743679,0.0,11456949.471256321,11456949.471256321,0,False
2020-10-22,2020-10-21,2020-09-30,0.04061605335255949,0.18333333333333332,,1.6930518505032464,7816753.008534106,0.0,11278741.991465893,11278741.991465893,0,False
2020-10-23,2020-10-22,2020-09-30,0.04061605335255949,0.18333333333333332,,1.692680638790591,7817502.560192459,0.0,11285868.439807542,11285868.439807542,0,False
2020-10-26,2020-10-23,2020-09-30,0.04061605335255949,0.18333333333333332,,1.7106253714254935,7817273.697631966,0.0,11000555.302368034,11000555.302368034,0,False
2020-10-27,2020-10-26,2020-09-30,0.04061605335255949,0.18333333333333332,,1.7008031700906678,7818023.299219411,0.0,11155804.70078059,11155804.70078059,0,False
2020-10-28,2020-10-27,2020-09-30,0.04061605335255949,0.18333333333333332,,1.6867917351343344,7818772.972686459,0.0,11384489.027313542,11384489.027313542,0,False
2020-10-29,2020-10-28,2020-09-30,0.04061605335255949,0.18333333333333332,,1.6659876898307335,7335914.263785358,367.03379535318135,11014538.770009995,11014538.770009995,0,False
2020-10-30,2020-10-29,2020-09-30,0.04061605335255949,0.18333333333333332,,1.678766523891779,7336250.673823519,0.0,10808209.326176481,10808209.326176481,0,False
2020-11-02,2020-10-30,2020-10-30,0.04002908045977011,0.18333333333333332,,1.6661009749673599,7338361.10209955,0.0,11016889.897900451,11016889.897900451,0,False
2020-11-03,2020-11-02,2020-10-30,0.04002908045977011,0.18333333333333332,,1.665992695193182,7447359.6513413945,0.0,11182344.348658606,11182344.348658606,0,False
2020-11-04,2020-11-03,2020-10-30,0.04002908045977011,0.18333333333333332,,1.6659756006459716,7962973.41444892,0.0,11956854.58555108,11956854.58555108,0,False
2020-11-05,2020-11-04,2020-10-30,0.04002908045977011,0.18333333333333332,,1.6660001703152054,8088240.640092085,0.0,12144502.359907914,12144502.359907914,0,False
2020-11-06,2020-11-05,2020-10-30,0.04002908045977011,0.18333333333333332,,1.6659929798631967,8250231.874840998,0.0,12387866.125159003,12387866.125159003,0,False
2020-11-09,2020-11-06,2020-10-30,0.04002908045977011,0.18333333333333332,,1.6659737769197465,8494116.751215952,0.0,12754431.248784048,12754431.248784048,0,False
2020-11-10,2020-11-09,2020-10-30,0.04002908045977011,0.18333333333333332,,1.6659785161546015,8519211.49831196,0.0,12792021.50168804,12792021.50168804,0,False
2020-11-11,2020-11-10,2020-10-30,0.04002908045977011,0.18333333333333332,,1.6659957276140052,8549311.93869358,0.0,12836887.06130642,12836887.06130642,0,False
2020-11-12,2020-11-11,2020-10-30,0.04002908045977011,0.18333333333333332,,1.6659509998035582,8685011.570878796,0.0,13041517.429121204,13041517.429121204,0,False
2020-11-13,2020-11-12,2020-10-30,0.04002908045977011,0.18333333333333332,,1.666009760883492,8473354.576781798,166.99511428747763,12722317.418332491,12722317.418332491,0,False
2020-11-16,2020-11-13,2020-10-30,0.04002908045977011,0.18333333333333332,,1.665988692821631,8891325.804015215,0.2045100000000275,13350565.400494784,13350565.400494784,0,False
2020-11-17,2020-11-16,2020-10-30,0.04002908045977011,0.18333333333333332,,1.665998649379999,8777160.591867905,324.6549473722564,13178459.063079465,13178459.063079465,0,False
2020-11-18,2020-11-17,2020-10-30,0.04002908045977011,0.18333333333333332,,1.6660279730725513,8732987.21608381,259.0136570702691,13111653.797573261,13111653.797573261,0,False
2020-11-19,2020-11-18,2020-10-30,0.04002908045977011,0.18333333333333332,,1.6644750496460223,8544259.446301581,20262.503861792153,12828167.057560211,12828167.057560211,0,False
2020-11-20,2020-11-19,2020-10-30,0.04002908045977011,0.18333333333333332,,1.6660076953460612,8716211.924939435,0.0,13087254.075060565,13087254.075060565,0,False
2020-11-23,2020-11-20,2020-10-30,0.04002908045977011,0.18333333333333332,,1.6660232144323868,9041143.552029897,0.0,13574817.447970103,13574817.447970103,0,False
2020-11-24,2020-11-23,2020-10-30,0.04002908045977011,0.18333333333333332,,1.6660149833104465,9047275.644760638,0.0,13584192.355239362,13584192.355239362,0,False
2020-11-25,2020-11-24,2020-10-30,0.04002908045977011,0.18333333333333332,,1.6908667777681599,9048143.191740273,0.0,13096798.808259727,13096798.808259727,0,False
2020-11-26,2020-11-25,2020-10-30,0.04002908045977011,0.18333333333333332,,1.6950774226632264,9049010.821909344,0.0,13018709.178090656,13018709.178090656,0,False
2020-11-27,2020-11-26,2020-10-30,0.04002908045977011,0.18333333333333332,,1.6660153889367835,8722166.079506299,94.7205704704636,13095900.641064173,13095900.641064173,0,False
2020-11-30,2020-11-27,2020-10-30,0.04002908045977011,0.18333333333333332,,1.6659776898174252,8847538.949805275,0.0,13285038.050194725,13285038.050194725,0,False
2020-12-01,2020-11-30,2020-11-30,0.03548096532970768,0.08333333333333333,,1.6659898398776662,8935476.675451146,0.0,13416836.324548854,13416836.324548854,0,False
2020-12-02,2020-12-01,2020-11-30,0.03548096532970768,0.08333333333333333,,1.6660027937130333,8815526.647680208,271.6862385381285,13236063.03855833,13236063.03855833,0,False
2020-12-03,2020-12-02,2020-11-30,0.03548096532970768,0.08333333333333333,,1.666020552341128,8500039.261580788,20.84193605357774,12762396.580355264,12762396.580355264,0,False
2020-12-04,2020-12-03,2020-11-30,0.03548096532970768,0.08333333333333333,,1.666003261965372,8727746.584002694,0.0,13104660.415997306,13104660.415997306,0,False
2020-12-07,2020-12-04,2020-11-30,0.03548096532970768,0.08333333333333333,,1.6660234980432884,8662686.43845525,7.287872501106449,13006566.84941725,13006566.84941725,0,False
2020-12-08,2020-12-07,2020-11-30,0.03548096532970768,0.08333333333333333,,1.6659981338041598,8724949.10671534,0.0,13100560.89328466,13100560.89328466,0,False
2020-12-09,2020-12-08,2020-11-30,0.03548096532970768,0.08333333333333333,,1.6659947967284283,8980329.07002078,0.0,13484082.92997922,13484082.92997922,0,False
2020-12-10,2020-12-09,2020-11-30,0.03548096532970768,0.08333333333333333,,1.666042954917556,8489294.076487744,215.8029618941655,12745541.72647415,12745541.72647415,0,False
2020-12-11,2020-12-10,2020-11-30,0.03548096532970768,0.08333333333333333,,1.6749611239192843,8489892.315423597,0.0,12578342.684576403,12578342.684576403,0,False
2020-12-14,2020-12-11,2020-11-30,0.03548096532970768,0.08333333333333333,,1.6660160526367493,8130582.203600165,14.529637200012303,12207765.326037034,12207765.326037034,0,False
2020-12-15,2020-12-14,2020-11-30,0.03548096532970768,0.08333333333333333,,1.6659988848776635,8378810.455491804,0.0,12580817.544508196,12580817.544508196,0,False
2020-12-16,2020-12-15,2020-11-30,0.03548096532970768,0.08333333333333333,,1.6660196866612613,8620136.973499728,0.0,12942766.026500272,12942766.026500272,0,False
2020-12-17,2020-12-16,2020-11-30,0.03548096532970768,0.08333333333333333,,1.6659959357482956,9214406.04977664,0.0,13835528.95022336,13835528.95022336,0,False
2020-12-18,2020-12-17,2020-11-30,0.03548096532970768,0.08333333333333333,,1.6659897120456648,9404450.428359495,0.0,14121014.571640505,14121014.571640505,0,False
2020-12-21,2020-12-18,2020-11-30,0.03548096532970768,0.08333333333333333,,1.6659871223154976,9498251.83766875,0.0,14261915.16233125,14261915.16233125,0,False
2020-12-22,2020-12-21,2020-11-30,0.03548096532970768,0.08333333333333333,,1.6822238707334232,9499162.628940856,0.0,13923820.371059144,13923820.371059144,0,False
2020-12-23,2020-12-22,2020-11-30,0.03548096532970768,0.08333333333333333,,1.6659733722162875,9640840.990269111,0.0,14476316.009730889,14476316.009730889,0,False
2020-12-24,2020-12-23,2020-11-30,0.03548096532970768,0.08333333333333333,,1.6898538978152937,9641765.454473658,0.0,13976532.545526342,13976532.545526342,0,False
2020-12-25,2020-12-24,2020-11-30,0.03548096532970768,0.08333333333333333,,1.6659748511926147,9846012.370325455,0.0,14784360.629674545,14784360.629674545,0,False
2020-12-28,2020-12-25,2020-11-30,0.03548096532970768,0.08333333333333333,,1.6659726009134068,10176102.779262945,0.0,15280062.220737055,15280062.220737055,0,False
2020-12-29,2020-12-28,2020-11-30,0.03548096532970768,0.08333333333333333,,1.697673056474093,10177078.569940409,0.0,14587174.430059591,14587174.430059591,0,False
2020-12-30,2020-12-29,2020-11-30,0.03548096532970768,0.08333333333333333,,1.6828278746521996,10178054.454186842,0.0,14905739.545813158,14905739.545813158,0,False
2020-12-31,2020-12-30,2020-11-30,0.03548096532970768,0.08333333333333333,,1.6807462174594203,10179030.432011215,0.0,14952753.567988785,14952753.567988785,0,False
2021-01-04,2020-12-31,2020-12-31,0.03242796040868455,0.03333333333333333,,1.6659802318331147,10625359.37901637,0.0,15954466.62098363,15954466.62098363,0,False
2021-01-05,2021-01-04,2020-12-31,0.03242796040868455,0.03333333333333333,,1.6742086446658684,10626378.24909381,0.0,15761260.75090619,15761260.75090619,0,False
2021-01-06,2021-01-05,2020-12-31,0.03242796040868455,0.03333333333333333,,1.6660004292474344,11390386.13642112,0.0,17102670.86357888,17102670.86357888,0,False
2021-01-07,2021-01-06,2020-12-31,0.03242796040868455,0.03333333333333333,,1.6660011024412318,12374337.467838721,0.0,18580055.53216128,18580055.53216128,0,False
2021-01-08,2021-01-07,2020-12-31,0.03242796040868455,0.03333333333333333,,1.6119373148370877,12375524.048143856,0.0,20223515.951856144,20223515.951856144,0,False
2021-01-11,2021-01-08,2020-12-31,0.03242796040868455,0.03333333333333333,,1.6360618902840252,12379084.13040428,0.0,19462074.86959572,19462074.86959572,0,False
2021-01-12,2021-01-11,2020-12-31,0.03242796040868455,0.03333333333333333,,1.5866898283947297,12380271.16586884,0.0,21101901.83413116,21101901.83413116,0,False
2021-01-13,2021-01-12,2020-12-31,0.03242796040868455,0.03333333333333333,,1.5263243785490246,12381458.315158717,1070346.69,21490761.37484128,21490761.37484128,0,False
2021-01-14,2021-01-13,2020-12-31,0.03242796040868455,0.03333333333333333,,1.510402846679429,12382645.578284828,2074838.57595,20195433.997665174,20195433.997665174,0,False
2021-01-15,2021-01-14,2020-12-31,0.03242796040868455,0.03333333333333333,,1.5212035636768761,12383832.955258088,981534.32571,21876862.370451912,21876862.370451912,0,False
2021-01-18,2021-01-15,2020-12-31,0.03242796040868455,0.03333333333333333,,1.5100484357708754,12387395.427752066,977146.64472,22370912.216967937,22370912.216967937,0,False
2021-01-19,2021-01-18,2020-12-31,0.03242796040868455,0.03333333333333333,,1.5077979431309587,12388583.260190343,976145.7007200003,22474367.440529652,22474367.440529652,0,False
2021-01-20,2021-01-19,2020-12-31,0.03242796040868455,0.03333333333333333,,1.5610942610947196,12533239.243410362,0.0,22337136.756589636,22337136.756589636,0,False
2021-01-21,2021-01-20,2020-12-31,0.03242796040868455,0.03333333333333333,,1.6068071941320028,13663584.24168206,0.0,22517175.75831794,22517175.75831794,0,False
2021-01-22,2021-01-21,2020-12-31,0.03242796040868455,0.03333333333333333,,1.6659888648731915,14766209.525550168,0.0,22171856.474449832,22171856.474449832,0,False
2021-01-25,2021-01-22,2020-12-31,0.03242796040868455,0.03333333333333333,,1.6660132586291148,15208903.767449297,0.0,22835737.232550703,22835737.232550703,0,False
2021-01-26,2021-01-25,2020-12-31,0.03242796040868455,0.03333333333333333,,1.2993460934690406,15064510.306449126,8295028.071447333,22614232.7649982,22614232.7649982,0,False
2021-01-27,2021-01-26,2020-12-31,0.03242796040868455,0.03333333333333333,,1.2469045888540242,15065954.848533306,9400895.743747335,22944324.895214025,22944324.895214025,0,False
2021-01-28,2021-01-27,2020-12-31,0.03242796040868455,0.03333333333333333,,1.2060994929159907,14741085.634931667,10179467.457943782,22133087.823012114,22133087.823012114,0,False
2021-01-29,2021-01-28,2020-12-31,0.03242796040868455,0.03333333333333333,,1.1687455959138833,13895176.443972232,10374638.428924832,20862991.9849526,20862991.9849526,0,False
2021-02-01,2021-01-29,2021-01-29,0.03090992476489029,0.016666666666666666,,1.171800634828659,13671914.228447672,10145248.918541595,20527661.690093923,20527661.690093923,0,False
2021-02-02,2021-02-01,2021-01-29,0.03090992476489029,0.016666666666666666,,1.2202037452678531,13673225.233921632,9109849.037081596,20723426.803159967,20723426.803159967,0,False
2021-02-03,2021-02-02,2021-01-29,0.03090992476489029,0.016666666666666666,,1.2220554081560402,13674536.365108447,9105718.908761594,20575123.543653145,20575123.543653145,0,False
2021-02-04,2021-02-03,2021-01-29,0.03090992476489029,0.016666666666666666,,1.2304089299953542,13675847.62202017,8913074.178941594,20670958.556921422,20670958.556921422,0,False
2021-02-05,2021-02-04,2021-01-29,0.03090992476489029,0.016666666666666666,,1.283788946569093,13570756.442065645,7788159.592338383,20376399.15027274,20376399.15027274,0,False
2021-02-08,2021-02-05,2021-01-29,0.03090992476489029,0.016666666666666666,,1.3300925164150184,13574660.358302403,6703451.762458383,20816008.40415598,20816008.40415598,0,False
2021-02-09,2021-02-08,2021-01-29,0.03090992476489029,0.016666666666666666,,1.3771654685321386,13575962.038062789,5653492.279618383,21005289.241555594,21005289.241555594,0,False
2021-02-10,2021-02-09,2021-01-29,0.03090992476489029,0.016666666666666666,,1.4261003725650991,13577263.84264178,4600411.453468383,21067459.610826604,21067459.610826604,0,False
2021-02-18,2021-02-10,2021-01-29,0.03090992476489029,0.016666666666666666,,1.4714427185275876,13587679.277918328,2975342.715568383,22510341.43765005,22510341.43765005,0,False
2021-02-19,2021-02-18,2021-01-29,0.03090992476489029,0.016666666666666666,,1.484033769508929,13588982.206068264,1753150.2891883831,24452492.083120123,24452492.083120123,0,False
2021-02-22,2021-02-19,2021-01-29,0.03090992476489029,0.016666666666666666,,1.548807042714551,13592891.365333024,566351.7557083832,23736101.390375357,23736101.390375357,0,False
2021-02-23,2021-02-22,2021-01-29,0.03090992476489029,0.016666666666666666,,1.6114026112097526,14187898.629643783,0.0,23205492.370356217,23205492.370356217,0,False
2021-02-24,2021-02-23,2021-01-29,0.03090992476489029,0.016666666666666666,,1.6443884836244889,14612245.636474023,0.0,22676143.36352598,22676143.36352598,0,False
2021-02-25,2021-02-24,2021-01-29,0.03090992476489029,0.016666666666666666,,1.6538441330728169,14917160.193513136,0.0,22814550.806486864,22814550.806486864,0,False
2021-02-26,2021-02-25,2021-01-29,0.03090992476489029,0.016666666666666666,,1.6949090185184525,14918590.606134431,0.0,21468408.39386557,21468408.39386557,0,False
2021-03-01,2021-02-26,2021-02-26,0.030213972274732208,0.016666666666666666,,1.6919410572796476,14922882.255486881,0.0,21566695.744513117,21566695.744513117,0,False
2021-03-02,2021-03-01,2021-02-26,0.030213972274732208,0.016666666666666666,,1.6810510053984737,14924313.21679905,0.0,21913649.78320095,21913649.78320095,0,False
2021-03-03,2021-03-02,2021-02-26,0.030213972274732208,0.016666666666666666,,1.6659942216496255,15642280.125596689,0.0,23487110.874403313,23487110.874403313,0,False
2021-03-04,2021-03-03,2021-02-26,0.030213972274732208,0.016666666666666666,,1.6785825769673386,15643780.070266267,0.0,23053612.92973373,23053612.92973373,0,False
2021-03-05,2021-03-04,2021-02-26,0.030213972274732208,0.016666666666666666,,1.7067047973698388,15645280.158766156,0.0,22138352.841233842,22138352.841233842,0,False
2021-03-08,2021-03-05,2021-02-26,0.030213972274732208,0.016666666666666666,,1.7181997134518483,15649780.855798129,0.0,21790291.14420187,21790291.14420187,0,False
2021-03-09,2021-03-08,2021-02-26,0.030213972274732208,0.016666666666666666,,1.723792003187289,15651281.519715808,0.0,21624004.48028419,21624004.48028419,0,False
2021-03-10,2021-03-09,2021-02-26,0.030213972274732208,0.016666666666666666,,1.7177190368854052,15652782.327532768,0.0,21809066.67246723,21809066.67246723,0,False
2021-03-11,2021-03-10,2021-02-26,0.030213972274732208,0.016666666666666666,,1.6905428909008196,15654283.279262805,0.0,22669530.720737197,22669530.720737197,0,False
2021-03-12,2021-03-11,2021-02-26,0.030213972274732208,0.016666666666666666,,1.67120292041454,15655784.374919722,0.0,23324964.62508028,23324964.62508028,0,False
2021-03-15,2021-03-12,2021-02-26,0.030213972274732208,0.016666666666666666,,1.6659898958962818,16029928.749712506,0.0,24069327.250287496,24069327.250287496,0,False
2021-03-16,2021-03-15,2021-02-26,0.030213972274732208,0.016666666666666666,,1.669399416361363,15764862.593427958,0.0,23550756.406572044,23550756.406572044,0,False
2021-03-17,2021-03-16,2021-02-26,0.030213972274732208,0.016666666666666666,,1.6685119558939503,15766374.292580752,0.0,23584281.707419246,23584281.707419246,0,False
2021-03-18,2021-03-17,2021-02-26,0.030213972274732208,0.016666666666666666,,1.6779487340721093,15767886.136690998,0.0,23258227.863309003,23258227.863309003,0,False
2021-03-19,2021-03-18,2021-02-26,0.030213972274732208,0.016666666666666666,,1.694026421003257,15410517.176772598,0.0,22204510.8232274,22204510.8232274,0,False
2021-03-22,2021-03-19,2021-02-26,0.030213972274732208,0.016666666666666666,,1.6660170454773817,14866539.686060762,114.35429265443236,22321388.66823189,22321388.66823189,0,False
2021-03-23,2021-03-22,2021-02-26,0.030213972274732208,0.016666666666666666,,1.6660123421244324,14554119.385014819,234.07318667780328,21852275.688171864,21852275.688171864,0,False
2021-03-24,2021-03-23,2021-02-26,0.030213972274732208,0.016666666666666666,,1.6660217900947765,14041659.010396805,14.915849688826995,21082859.90545288,21082859.90545288,0,False
2021-03-25,2021-03-24,2021-02-26,0.030213972274732208,0.016666666666666666,,1.6660212477853795,14197843.607210167,0.0,21317403.392789833,21317403.392789833,0,False
2021-03-26,2021-03-25,2021-02-26,0.030213972274732208,0.016666666666666666,,1.6659963771574535,14229365.345768392,0.0,21365529.654231608,21365529.654231608,0,False
2021-03-29,2021-03-26,2021-02-26,0.030213972274732208,0.016666666666666666,,1.665998416323345,14719061.101780461,0.0,22100744.89821954,22100744.89821954,0,False
2021-03-30,2021-03-29,2021-02-26,0.030213972274732208,0.016666666666666666,,1.6660132573993223,14827528.64524844,0.0,22263113.35475156,22263113.35475156,0,False
2021-03-31,2021-03-30,2021-02-26,0.030213972274732208,0.016666666666666666,,1.666001351791041,14708842.12559955,22.720635812792352,22085269.59503627,22085269.59503627,0,False
2021-04-01,2021-03-31,2021-03-31,0.03655926967830253,0.2,,1.6660142860934188,14772629.864849892,0.0,22180650.13515011,22180650.13515011,0,False
2021-04-02,2021-04-01,2021-03-31,0.03655926967830253,0.2,,1.6746746328931055,14774046.418398576,0.0,21898031.581601426,21898031.581601426,0,False
2021-04-06,2021-04-02,2021-03-31,0.03655926967830253,0.2,,1.6668481641759147,14779713.17592892,0.0,22163535.82407108,22163535.82407108,0,False
2021-04-07,2021-04-06,2021-03-31,0.03655926967830253,0.2,,1.6688734187848302,14781130.408699214,0.0,22098546.591300786,22098546.591300786,0,False
2021-04-08,2021-04-07,2021-03-31,0.03655926967830253,0.2,,1.666015649308131,14640869.956272552,172.55464400991332,21982512.59837146,21982512.59837146,0,False
2021-04-09,2021-04-08,2021-03-31,0.03655926967830253,0.2,,1.665995621860405,14705938.341965444,0.0,22081133.658034556,22081133.658034556,0,False
2021-04-12,2021-04-09,2021-03-31,0.03655926967830253,0.2,,1.6824077617846582,14710168.817378886,0.0,21556274.182621114,21556274.182621114,0,False
2021-04-13,2021-04-12,2021-03-31,0.03655926967830253,0.2,,1.6660080447781385,14214679.503912969,303.1456409096718,21342649.64172794,21342649.64172794,0,False
2021-04-14,2021-04-13,2021-03-31,0.03655926967830253,0.2,,1.6660226275145245,14334091.021451337,0.0,21521927.97854866,21521927.97854866,0,False
2021-04-15,2021-04-14,2021-03-31,0.03655926967830253,0.2,,1.6659848424842232,14339358.562210107,0.0,21531058.437789895,21531058.437789895,0,False
2021-04-16,2021-04-15,2021-03-31,0.03655926967830253,0.2,,1.6659876376083753,14620472.337075524,0.0,21953068.662924476,21953068.662924476,0,False
2021-04-19,2021-04-16,2021-03-31,0.03655926967830253,0.2,,1.6660129414555251,14758195.25329797,0.0,22159021.74670203,22159021.74670203,0,False
2021-04-20,2021-04-19,2021-03-31,0.03655926967830253,0.2,,1.6660187465984653,14736775.524477923,113.64539210335352,22126497.120914184,22126497.120914184,0,False
2021-04-21,2021-04-20,2021-03-31,0.03655926967830253,0.2,,1.6660203094771395,14729024.235631652,80.29374458105303,22114857.058112927,22114857.058112927,0,False
2021-04-22,2021-04-21,2021-03-31,0.03655926967830253,0.2,,1.666019560513425,14746966.287964052,0.0,22141941.712035947,22141941.712035947,0,False
2021-04-23,2021-04-22,2021-03-31,0.03655926967830253,0.2,,1.66600647837433,14643545.54250588,156.4218040787382,21986856.879298195,21986856.879298195,0,False
2021-04-26,2021-04-23,2021-03-31,0.03655926967830253,0.2,,1.6689977212298666,14647601.647501701,0.0,21894845.3524983,21894845.3524983,0,False
2021-04-27,2021-04-26,2021-03-31,0.03655926967830253,0.2,,1.6768422762073927,14649006.212043243,0.0,21643160.78795676,21643160.78795676,0,False
2021-04-28,2021-04-27,2021-03-31,0.03655926967830253,0.2,,1.66598885004202,14682844.235549055,0.0,22046681.764450945,22046681.764450945,0,False
2021-04-29,2021-04-28,2021-03-31,0.03655926967830253,0.2,,1.666000496186065,15036933.93689685,0.0,22577962.06310315,22577962.06310315,0,False
2021-04-30,2021-04-29,2021-03-31,0.03655926967830253,0.2,,1.706131655841965,15038375.83467162,0.0,21296844.16532838,21296844.16532838,0,False
2021-05-06,2021-04-30,2021-04-30,0.04232449704142012,0.3333333333333333,,1.6792214632264224,15047028.050905267,0.0,22153345.949094735,22153345.949094735,0,False
2021-05-07,2021-05-06,2021-04-30,0.04232449704142012,0.3333333333333333,,1.6659957134945143,15166310.877578778,0.0,22772385.12242122,22772385.12242122,0,False
2021-05-10,2021-05-07,2021-04-30,0.04232449704142012,0.3333333333333333,,1.6659981806212483,15723357.544307122,0.0,23608709.45569288,23608709.45569288,0,False
2021-05-11,2021-05-10,2021-04-30,0.04232449704142012,0.3333333333333333,,1.6789497583865067,15724865.2635237,0.0,23160572.736476302,23160572.736476302,0,False
2021-05-12,2021-05-11,2021-04-30,0.04232449704142012,0.3333333333333333,,1.6721772500753362,15726373.127316093,0.0,23396169.872683905,23396169.872683905,0,False
2021-05-13,2021-05-12,2021-04-30,0.04232449704142012,0.3333333333333333,,1.695685106608813,15727881.135698164,0.0,22607758.864301838,22607758.864301838,0,False
2021-05-14,2021-05-13,2021-04-30,0.04232449704142012,0.3333333333333333,,1.6956101927562968,15729389.28868378,0.0,22612361.71131622,22612361.71131622,0,False
2021-05-17,2021-05-14,2021-04-30,0.04232449704142012,0.3333333333333333,,1.692908322024478,15733914.181492852,0.0,22707064.81850715,22707064.81850715,0,False
2021-05-18,2021-05-17,2021-04-30,0.04232449704142012,0.3333333333333333,,1.6930499616657975,15735422.912989708,0.0,22704601.087010294,22704601.087010294,0,False
2021-05-19,2021-05-18,2021-04-30,0.04232449704142012,0.3333333333333333,,1.7067759361955293,15736931.789159447,0.0,22265800.210840553,22265800.210840553,0,False
2021-05-20,2021-05-19,2021-04-30,0.04232449704142012,0.3333333333333333,,1.724778876668383,15738440.810015941,0.0,21714817.18998406,21714817.18998406,0,False
2021-05-21,2021-05-20,2021-04-30,0.04232449704142012,0.3333333333333333,,1.6660235555325087,14479037.818268338,201.06133527169004,21739226.243066937,21739226.243066937,0,False
2021-05-24,2021-05-21,2021-04-30,0.04232449704142012,0.3333333333333333,,1.6677434071521744,14483001.959593117,0.0,21689472.040406883,21689472.040406883,0,False
2021-05-25,2021-05-24,2021-04-30,0.04232449704142012,0.3333333333333333,,1.6659874833831034,14690561.41688294,0.0,22058314.58311706,22058314.58311706,0,False
2021-05-26,2021-05-25,2021-04-30,0.04232449704142012,0.3333333333333333,,1.665993407067271,14746316.07825442,0.0,22141834.92174558,22141834.92174558,0,False
2021-05-27,2021-05-26,2021-04-30,0.04232449704142012,0.3333333333333333,,1.6659960946366656,14862636.746903295,0.0,22316402.253096707,22316402.253096707,0,False
2021-05-28,2021-05-27,2021-04-30,0.04232449704142012,0.3333333333333333,,1.6660001123960673,14868010.970688889,0.0,22324337.029311113,22324337.029311113,0,False
2021-05-31,2021-05-28,2021-04-30,0.04232449704142012,0.3333333333333333,,1.6667013690840013,14872288.069735251,0.0,22307270.93026475,22307270.93026475,0,False
2021-06-01,2021-05-31,2021-05-31,0.040522320794889995,0.2833333333333333,,1.6659914556041167,14894173.384090157,0.0,22363910.615909845,22363910.615909845,0,False
2021-06-02,2021-06-01,2021-05-31,0.040522320794889995,0.2833333333333333,,1.6664870343370497,14895601.592496851,0.0,22349424.40750315,22349424.40750315,0,False
2021-06-03,2021-06-02,2021-05-31,0.040522320794889995,0.2833333333333333,,1.6659995573177424,14995180.699205037,0.0,22515301.300794963,22515301.300794963,0,False
2021-06-04,2021-06-03,2021-05-31,0.040522320794889995,0.2833333333333333,,1.6690664227331733,14953199.793244686,0.0,22349350.206755314,22349350.206755314,0,False
2021-06-07,2021-06-04,2021-05-31,0.040522320794889995,0.2833333333333333,,1.665987224628499,15063843.09496466,0.0,22618816.90503534,22618816.90503534,0,False
2021-06-08,2021-06-07,2021-05-31,0.040522320794889995,0.2833333333333333,,1.6684700721330237,15065287.573069658,0.0,22536966.426930342,22536966.426930342,0,False
2021-06-09,2021-06-08,2021-05-31,0.040522320794889995,0.2833333333333333,,1.6659965023076897,15247511.041326255,0.0,22894280.958673745,22894280.958673745,0,False
2021-06-10,2021-06-09,2021-05-31,0.040522320794889995,0.2833333333333333,,1.671966372967772,15248973.131426107,0.0,22693059.868573893,22693059.868573893,0,False
2021-06-11,2021-06-10,2021-05-31,0.040522320794889995,0.2833333333333333,,1.6726369661471228,15250435.36172638,0.0,22672609.63827362,22672609.63827362,0,False
2021-06-15,2021-06-11,2021-05-31,0.040522320794889995,0.2833333333333333,,1.6834594361903072,15256284.843782933,0.0,22322151.15621707,22322151.15621707,0,False
2021-06-16,2021-06-15,2021-05-31,0.040522320794889995,0.2833333333333333,,1.6935024913782928,15257747.77520631,0.0,22000999.224793687,22000999.224793687,0,False
2021-06-17,2021-06-16,2021-05-31,0.040522320794889995,0.2833333333333333,,1.6861706975366852,14948630.846910782,0.0,21785586.153089218,21785586.153089218,0,False
2021-06-18,2021-06-17,2021-05-31,0.040522320794889995,0.2833333333333333,,1.7026070543923133,14950064.277265966,0.0,21277987.722734034,21277987.722734034,0,False
2021-06-21,2021-06-18,2021-05-31,0.040522320794889995,0.2833333333333333,,1.7177563699840124,14954364.980688194,0.0,20834876.019311808,20834876.019311808,0,False
2021-06-22,2021-06-21,2021-05-31,0.040522320794889995,0.2833333333333333,,1.7082410242144783,14955798.960891822,0.0,21116821.03910818,21116821.03910818,0,False
2021-06-23,2021-06-22,2021-05-31,0.040522320794889995,0.2833333333333333,,1.6927389305592013,14957233.078600401,0.0,21591442.9213996,21591442.9213996,0,False
2021-06-24,2021-06-23,2021-05-31,0.040522320794889995,0.2833333333333333,,1.6899099506208204,14958667.333827116,0.0,21682057.666172884,21682057.666172884,0,False
2021-06-25,2021-06-24,2021-05-31,0.040522320794889995,0.2833333333333333,,1.6676564313326703,14960101.726585153,0.0,22406886.273414847,22406886.273414847,0,False
2021-06-28,2021-06-25,2021-05-31,0.040522320794889995,0.2833333333333333,,1.693471306672096,14964405.317492802,0.0,21578982.6825072,21578982.6825072,0,False
2021-06-29,2021-06-28,2021-05-31,0.040522320794889995,0.2833333333333333,,1.7046777211128739,14965840.260468451,0.0,21237850.739531547,21237850.739531547,0,False
2021-06-30,2021-06-29,2021-05-31,0.040522320794889995,0.2833333333333333,,1.7015984863487292,14967275.341041373,0.0,21333106.65895863,21333106.65895863,0,False
2021-07-01,2021-06-30,2021-06-30,0.03905440223463687,0.26666666666666666,,1.702374627274652,14968710.55922476,0.0,21311576.440775238,21311576.440775238,0,False
2021-07-02,2021-07-01,2021-06-30,0.03905440223463687,0.26666666666666666,,1.7206568944457294,14970145.91503181,0.0,20772917.08496819,20772917.08496819,0,False
2021-07-05,2021-07-02,2021-06-30,0.03905440223463687,0.26666666666666666,,1.7206733775541287,14974452.39536353,0.0,20778417.604636468,20778417.604636468,0,False
2021-07-06,2021-07-05,2021-06-30,0.03905440223463687,0.26666666666666666,,1.7102824160107426,14975888.301757606,0.0,21084413.698242396,21084413.698242396,0,False
2021-07-07,2021-07-06,2021-06-30,0.03905440223463687,0.26666666666666666,,1.7232790752650355,14977324.345841335,0.0,20707531.654158667,20707531.654158667,0,False
2021-07-08,2021-07-07,2021-06-30,0.03905440223463687,0.26666666666666666,,1.754929544628435,14978760.527627923,0.0,19841269.472372077,19841269.472372077,0,False
2021-07-09,2021-07-08,2021-06-30,0.03905440223463687,0.26666666666666666,,1.6951153682623732,13934756.847130572,0.0,20046682.152869426,20046682.152869426,0,False
2021-07-12,2021-07-09,2021-06-30,0.03905440223463687,0.26666666666666666,,1.7035243335766972,13938765.475812623,0.0,19812769.52418738,19812769.52418738,0,False
2021-07-13,2021-07-12,2021-06-30,0.03905440223463687,0.26666666666666666,,1.6659935523425689,13442286.278138272,147.79485591399134,20183586.516717643,20183586.516717643,0,False
2021-07-14,2021-07-13,2021-06-30,0.03905440223463687,0.26666666666666666,,1.6659815154484277,13470368.738997797,0.0,20226340.261002205,20226340.261002205,0,False
2021-07-15,2021-07-14,2021-06-30,0.03905440223463687,0.26666666666666666,,1.6659784509040567,13872594.516091947,0.0,20830395.483908053,20830395.483908053,0,False
2021-07-16,2021-07-15,2021-06-30,0.03905440223463687,0.26666666666666666,,1.6659979535537128,13820490.498589149,53.76675798863289,20751470.268168837,20751470.268168837,0,False
2021-07-19,2021-07-16,2021-06-30,0.03905440223463687,0.26666666666666666,,1.6705433959203773,13824412.48937185,0.0,20616730.51062815,20616730.51062815,0,False
2021-07-20,2021-07-19,2021-06-30,0.03905440223463687,0.26666666666666666,,1.668719951983074,13825738.11796672,0.0,20674929.88203328,20674929.88203328,0,False
2021-07-21,2021-07-20,2021-06-30,0.03905440223463687,0.26666666666666666,,1.6728781424948764,13827063.873676663,0.0,20549135.126323335,20549135.126323335,0,False
2021-07-22,2021-07-21,2021-06-30,0.03905440223463687,0.26666666666666666,,1.6647570068478785,13828389.756513866,0.0,20802172.243486136,20802172.243486136,0,False
2021-07-23,2021-07-22,2021-06-30,0.03905440223463687,0.26666666666666666,,1.6659804604623765,13829715.766490517,0.0,20765948.23350948,20765948.23350948,0,False
2021-07-26,2021-07-23,2021-06-30,0.03905440223463687,0.26666666666666666,,1.6902110454292523,13833694.177875398,0.0,20042701.8221246,20042701.8221246,0,False
2021-07-27,2021-07-26,2021-06-30,0.03905440223463687,0.26666666666666666,,1.717783301601384,13835020.696495194,0.0,19274648.303504806,19274648.303504806,0,False
2021-07-28,2021-07-27,2021-06-30,0.03905440223463687,0.26666666666666666,,1.7191980025399984,13836347.342315406,0.0,19238578.657684594,19238578.657684594,0,False
2021-07-29,2021-07-28,2021-06-30,0.03905440223463687,0.26666666666666666,,1.7204306295314908,13837674.115348231,0.0,19207503.88465177,19207503.88465177,0,False
2021-07-30,2021-07-29,2021-06-30,0.03905440223463687,0.26666666666666666,,1.669505235533278,13184450.065555867,0.0,19692825.934444133,19692825.934444133,0,False
2021-08-02,2021-07-30,2021-07-30,0.04785651219512195,0.5,,1.6637893305274611,13188242.852561027,0.0,19868115.147438973,19868115.147438973,0,False
2021-08-03,2021-08-02,2021-07-30,0.04785651219512195,0.5,,1.675539136553624,13189507.478587985,0.0,19524416.521412015,19524416.521412015,0,False
2021-08-04,2021-08-03,2021-07-30,0.04785651219512195,0.5,,1.6634989778364027,13190772.225880452,0.0,19880621.77411955,19880621.77411955,0,False
2021-08-05,2021-08-04,2021-07-30,0.04785651219512195,0.5,,1.6670305774132075,13192037.094450057,0.0,19777259.905549943,19777259.905549943,0,False
2021-08-06,2021-08-05,2021-07-30,0.04785651219512195,0.5,,1.659859204582034,13193302.084308429,0.0,19994116.91569157,19994116.91569157,0,False
2021-08-09,2021-08-06,2021-07-30,0.04785651219512195,0.5,,1.6518402157252425,13197097.417784737,0.0,20245908.582215264,20245908.582215264,0,False
2021-08-10,2021-08-09,2021-07-30,0.04785651219512195,0.5,,1.6467345859915359,13198362.892879594,0.0,20407696.107120406,20407696.107120406,0,False
2021-08-11,2021-08-10,2021-07-30,0.04785651219512195,0.5,,1.6350567027798704,13199628.489321377,0.0,20784960.510678623,20784960.510678623,0,False
2021-08-12,2021-08-11,2021-07-30,0.04785651219512195,0.5,,1.6315054087127592,13200894.207121722,0.0,20903849.792878278,20903849.792878278,0,False
2021-08-13,2021-08-12,2021-07-30,0.04785651219512195,0.5,,1.6364124893907992,13202160.046292268,0.0,20744658.953707732,20744658.953707732,0,False
2021-08-16,2021-08-13,2021-07-30,0.04785651219512195,0.5,,1.6282920679029846,13205957.927949421,0.0,21018820.07205058,21018820.07205058,0,False
2021-08-17,2021-08-16,2021-07-30,0.04785651219512195,0.5,,1.6426319686851265,13207224.252682239,0.0,20551769.74731776,20551769.74731776,0,False
2021-08-18,2021-08-17,2021-07-30,0.04785651219512195,0.5,,1.6351519866186064,13208490.698843455,0.0,20795795.301156543,20795795.301156543,0,False
2021-08-19,2021-08-18,2021-07-30,0.04785651219512195,0.5,,1.6532866281942262,13209757.266444715,0.0,20220461.733555287,20220461.733555287,0,False
2021-08-20,2021-08-19,2021-07-30,0.04785651219512195,0.5,,1.659987533952961,13211023.955497662,0.0,20017081.04450234,20017081.04450234,0,False
2021-08-23,2021-08-20,2021-07-30,0.04785651219512195,0.5,,1.6482432956305713,13214824.387046503,0.0,20385593.6129535,20385593.6129535,0,False
2021-08-24,2021-08-23,2021-07-30,0.04785651219512195,0.5,,1.6424758835282982,13216091.561987726,0.0,20570564.438012272,20570564.438012272,0,False
2021-08-25,2021-08-24,2021-07-30,0.04785651219512195,0.5,,1.6292607978526592,13217358.858438876,0.0,21004580.141561124,21004580.141561124,0,False
2021-08-26,2021-08-25,2021-07-30,0.04785651219512195,0.5,,1.6180787194872335,13218626.276411602,0.0,21386638.7235884,21386638.7235884,0,False
2021-08-27,2021-08-26,2021-07-30,0.04785651219512195,0.5,,1.6240263058490463,13219893.815917559,0.0,21184834.18408244,21184834.18408244,0,False
2021-08-30,2021-08-27,2021-07-30,0.04785651219512195,0.5,,1.6046146671609942,13223696.799070083,0.0,21871280.200929917,21871280.200929917,0,False
2021-08-31,2021-08-30,2021-07-30,0.04785651219512195,0.5,,1.5509868201623151,13224964.824790541,0.0,24002325.17520946,24002325.17520946,0,False
2021-09-01,2021-08-31,2021-08-31,0.05213017727639001,0.6833333333333333,,1.5885065177880502,14452111.803942509,0.0,24557267.19605749,24557267.19605749,0,False
2021-09-02,2021-09-01,2021-08-31,0.05213017727639001,0.6833333333333333,,1.625459269440779,15706161.400742615,0.0,25111405.599257387,25111405.599257387,0,False
2021-09-03,2021-09-02,2021-08-31,0.05213017727639001,0.6833333333333333,,1.6659279740781208,16747603.851433918,0.0,25149272.148566082,25149272.148566082,0,False
2021-09-06,2021-09-03,2021-08-31,0.05213017727639001,0.6833333333333333,,1.6659818798003518,17867624.31408159,0.0,26828994.68591841,26828994.68591841,0,False
2021-09-07,2021-09-06,2021-08-31,0.05213017727639001,0.6833333333333333,,1.6658806569174331,18073075.056569926,0.0,27141612.943430074,27141612.943430074,0,False
2021-09-08,2021-09-07,2021-08-31,0.05213017727639001,0.6833333333333333,,1.6685080385147757,18074808.09116439,0.0,27037532.90883561,27037532.90883561,0,False
2021-09-09,2021-09-08,2021-08-31,0.05213017727639001,0.6833333333333333,,1.6659561326485983,18752374.625430256,0.0,28158573.374569744,28158573.374569744,0,False
2021-09-10,2021-09-09,2021-08-31,0.05213017727639001,0.6833333333333333,,1.680264726282916,18754172.798339546,0.0,27568933.201660454,27568933.201660454,0,False
2021-09-13,2021-09-10,2021-08-31,0.05213017727639001,0.6833333333333333,,1.6658653922473872,19860862.963490028,0.0,29827144.036509972,29827144.036509972,0,False
2021-09-14,2021-09-13,2021-08-31,0.05213017727639001,0.6833333333333333,,1.6919541139912047,19862767.429801594,0.0,28705324.570198406,28705324.570198406,0,False
2021-09-15,2021-09-14,2021-08-31,0.05213017727639001,0.6833333333333333,,1.711610254777892,19864672.07873322,0.0,27915100.92126678,27915100.92126678,0,False
2021-09-16,2021-09-15,2021-08-31,0.05213017727639001,0.6833333333333333,,1.6999354605215025,19866576.910302415,0.0,28383441.089697585,28383441.089697585,0,False
2021-09-17,2021-09-16,2021-08-31,0.05213017727639001,0.6833333333333333,,1.7348694870475612,19868481.92452669,0.0,27036749.07547331,27036749.07547331,0,False
2021-09-22,2021-09-17,2021-08-31,0.05213017727639001,0.6833333333333333,,1.7089821072682414,19878007.909011055,0.0,28037390.090988945,28037390.090988945,0,False
2021-09-23,2021-09-22,2021-08-31,0.05213017727639001,0.6833333333333333,,1.6847539639646427,19879914.019358493,0.0,29032199.980641507,29032199.980641507,0,False
2021-09-24,2021-09-23,2021-08-31,0.05213017727639001,0.6833333333333333,,1.7752474668919431,19881820.31248364,0.0,25645772.68751636,25645772.68751636,0,False
2021-09-27,2021-09-24,2021-08-31,0.05213017727639001,0.6833333333333333,,1.7889974963308877,19887539.740244765,0.0,25206087.259755235,25206087.259755235,0,False
2021-09-28,2021-09-27,2021-08-31,0.05213017727639001,0.6833333333333333,,1.764053299319193,19889446.764603417,0.0,26031491.235396583,26031491.235396583,0,False
2021-09-29,2021-09-28,2021-08-31,0.05213017727639001,0.6833333333333333,,1.8163017264747245,19891353.97182742,0.0,24367649.02817258,24367649.02817258,0,False
2021-09-30,2021-09-29,2021-08-31,0.05213017727639001,0.6833333333333333,,1.7931880444579889,19893261.361934308,0.0,25080132.638065692,25080132.638065692,0,False
2021-10-08,2021-09-30,2021-09-30,0.05052614115781127,0.6333333333333333,,1.8000111673450014,19908521.94599278,0.0,24885305.05400722,24885305.05400722,0,False
2021-10-11,2021-10-08,2021-09-30,0.05052614115781127,0.6333333333333333,,1.7088041028320062,18603838.893145736,0.0,26246799.106854264,26246799.106854264,0,False
2021-10-12,2021-10-11,2021-09-30,0.05052614115781127,0.6333333333333333,,1.7248213814153461,18605622.822902612,0.0,25669252.177097388,25669252.177097388,0,False
2021-10-13,2021-10-12,2021-09-30,0.05052614115781127,0.6333333333333333,,1.7125629483376619,17388750.757721245,0.0,24403108.242278755,24403108.242278755,0,False
2021-10-14,2021-10-13,2021-09-30,0.05052614115781127,0.6333333333333333,,1.7225153122231118,17390418.172177464,0.0,24069272.827822536,24069272.827822536,0,False
2021-10-15,2021-10-14,2021-09-30,0.05052614115781127,0.6333333333333333,,1.7037773407120276,17392085.74652274,0.0,24712483.25347726,24712483.25347726,0,False
2021-10-18,2021-10-15,2021-09-30,0.05052614115781127,0.6333333333333333,,1.6660550041404703,16906883.559785023,31.266073284572485,25383567.706288263,25383567.706288263,0,False
2021-10-19,2021-10-18,2021-09-30,0.05052614115781127,0.6333333333333333,,1.6662002609884352,16707966.307851605,66.611277283687,25079395.303425677,25079395.303425677,0,False
2021-10-20,2021-10-19,2021-09-30,0.05052614115781127,0.6333333333333333,,1.6662112185450921,15990963.809000306,94.20043043698496,24002702.391430132,24002702.391430132,0,False
2021-10-21,2021-10-20,2021-09-30,0.05052614115781127,0.6333333333333333,,1.6659933808957275,16695949.141701143,0.0,25069241.858298857,25069241.858298857,0,False
2021-10-22,2021-10-21,2021-09-30,0.05052614115781127,0.6333333333333333,,1.6841838039507901,16697550.12312569,0.0,24405064.876874313,24405064.876874313,0,False
2021-10-25,2021-10-22,2021-09-30,0.05052614115781127,0.6333333333333333,,1.6920761730639873,16702353.527955629,0.0,24133692.47204437,24133692.47204437,0,False
2021-10-26,2021-10-25,2021-09-30,0.05052614115781127,0.6333333333333333,,1.7010588144376932,16703955.123499405,0.0,23826752.876500595,23826752.876500595,0,False
2021-10-27,2021-10-26,2021-09-30,0.05052614115781127,0.6333333333333333,,1.7270237167648808,16705556.872620836,0.0,22978008.127379164,22978008.127379164,0,False
2021-10-28,2021-10-27,2021-09-30,0.05052614115781127,0.6333333333333333,,1.759230426803778,16707158.775334649,0.0,22005386.22466535,22005386.22466535,0,False
2021-10-29,2021-10-28,2021-09-30,0.05052614115781127,0.6333333333333333,,1.7581527064576525,16708760.831655571,0.0,22038780.16834443,22038780.16834443,0,False
2021-11-01,2021-10-29,2021-10-29,0.049194598263614844,0.55,,1.7510691039231734,16713567.461483855,0.0,22253035.538516145,22253035.538516145,0,False
2021-11-02,2021-11-01,2021-10-29,0.049194598263614844,0.55,,1.7827113647576902,16714499.477096327,0.0,21354614.522903673,21354614.522903673,0,False
2021-11-03,2021-11-02,2021-10-29,0.049194598263614844,0.55,,1.757552006134272,16716102.237320159,0.0,22065946.76267984,22065946.76267984,0,False
2021-11-04,2021-11-03,2021-10-29,0.049194598263614844,0.55,,1.7597719892213992,16717705.151233327,0.0,22003581.848766673,22003581.848766673,0,False
2021-11-05,2021-11-04,2021-10-29,0.049194598263614844,0.55,,1.7747080528810097,16719308.218850568,0.0,21581430.781149432,21581430.781149432,0,False
2021-11-08,2021-11-05,2021-10-29,0.049194598263614844,0.55,,1.7713921695988513,16724117.88285873,0.0,21680435.11714127,21680435.11714127,0,False
2021-11-09,2021-11-08,2021-10-29,0.049194598263614844,0.55,,1.7763146305352187,16725721.565395443,0.0,21545029.434604555,21545029.434604555,0,False
2021-11-10,2021-11-09,2021-10-29,0.049194598263614844,0.55,,1.800263939063047,16727325.401709933,0.0,20902260.598290067,20902260.598290067,0,False
2021-11-11,2021-11-10,2021-10-29,0.049194598263614844,0.55,,1.7571718076395189,16728929.391816946,0.0,22093967.608183056,22093967.608183056,0,False
2021-11-12,2021-11-11,2021-10-29,0.049194598263614844,0.55,,1.7765457595387477,16730533.53573123,0.0,21544813.46426877,21544813.46426877,0,False
2021-11-15,2021-11-12,2021-10-29,0.049194598263614844,0.55,,1.7729029828712015,16735346.42894014,0.0,21652583.57105986,21652583.57105986,0,False
2021-11-16,2021-11-15,2021-10-29,0.049194598263614844,0.55,,1.7939157773059617,16736951.18818675,0.0,21081519.81181325,21081519.81181325,0,False
2021-11-17,2021-11-16,2021-10-29,0.049194598263614844,0.55,,1.7871081527249322,16738556.101314384,0.0,21265890.898685616,21265890.898685616,0,False
2021-11-18,2021-11-17,2021-10-29,0.049194598263614844,0.55,,1.7867811004208674,16740161.168337798,0.0,21276770.8316622,21276770.8316622,0,False
2021-11-19,2021-11-18,2021-10-29,0.049194598263614844,0.55,,1.7663681146686696,16741766.389271747,0.0,21845593.610728253,21845593.610728253,0,False
2021-11-22,2021-11-19,2021-10-29,0.049194598263614844,0.55,,1.7754635190741832,16746582.513849484,0.0,21595577.486150518,21595577.486150518,0,False
2021-11-23,2021-11-22,2021-10-29,0.049194598263614844,0.55,,1.7693610608377388,16748188.350528894,0.0,21768957.649471104,21768957.649471104,0,False
2021-11-24,2021-11-23,2021-10-29,0.049194598263614844,0.55,,1.7600111875246862,16749794.341192644,0.0,22038878.658807356,22038878.658807356,0,False
2021-11-25,2021-11-24,2021-10-29,0.049194598263614844,0.55,,1.7695519969328253,16751400.485855497,0.0,21767730.514144503,21767730.514144503,0,False
2021-11-26,2021-11-25,2021-10-29,0.049194598263614844,0.55,,1.7866039801049047,16753006.784532223,0.0,21297892.215467777,21297892.215467777,0,False
2021-11-29,2021-11-26,2021-10-29,0.049194598263614844,0.55,,1.7989756840839353,16757826.14264832,0.0,20974137.85735168,20974137.85735168,0,False
2021-11-30,2021-11-29,2021-10-29,0.049194598263614844,0.55,,1.8045471076456807,16759433.057483917,0.0,20830890.94251608,20830890.94251608,0,False
2021-12-01,2021-11-30,2021-11-30,0.053382653061224486,0.7666666666666667,,1.778286640725774,16761040.126407238,0.0,21535818.873592764,21535818.873592764,0,False
2021-12-02,2021-12-01,2021-11-30,0.053382653061224486,0.7666666666666667,,1.7464360684645615,16762647.349433057,0.0,22456909.650566943,22456909.650566943,0,False
2021-12-03,2021-12-02,2021-11-30,0.053382653061224486,0.7666666666666667,,1.7287085613536148,16764254.726576153,0.0,23005431.273423847,23005431.273423847,0,False
2021-12-06,2021-12-03,2021-11-30,0.053382653061224486,0.7666666666666667,,1.727104069767974,16769077.320401607,0.0,23062829.67959839,23062829.67959839,0,False
2021-12-07,2021-12-06,2021-11-30,0.053382653061224486,0.7666666666666667,,1.711036236243729,16770685.314117262,0.0,23586259.68588274,23586259.68588274,0,False
2021-12-08,2021-12-07,2021-11-30,0.053382653061224486,0.7666666666666667,,1.7267942037496467,16772293.462024095,0.0,23077087.537975907,23077087.537975907,0,False
2021-12-09,2021-12-08,2021-11-30,0.053382653061224486,0.7666666666666667,,1.7192841932998326,16773901.764136892,0.0,23320270.23586311,23320270.23586311,0,False
2021-12-10,2021-12-09,2021-11-30,0.053382653061224486,0.7666666666666667,,1.735401105045384,16775510.22047044,0.0,22811374.77952956,22811374.77952956,0,False
2021-12-13,2021-12-10,2021-11-30,0.053382653061224486,0.7666666666666667,,1.7176429011857872,16780336.052177697,0.0,23382570.947822303,23382570.947822303,0,False
2021-12-14,2021-12-13,2021-11-30,0.053382653061224486,0.7666666666666667,,1.7415782720729818,16781945.12549777,0.0,22630038.87450223,22630038.87450223,0,False
2021-12-15,2021-12-14,2021-11-30,0.053382653061224486,0.7666666666666667,,1.7362164599225485,16783554.353112545,0.0,22797037.646887455,22797037.646887455,0,False
2021-12-16,2021-12-15,2021-11-30,0.053382653061224486,0.7666666666666667,,1.7059286259907862,16785163.735036816,0.0,23777423.264963184,23777423.264963184,0,False
2021-12-17,2021-12-16,2021-11-30,0.053382653061224486,0.7666666666666667,,1.7254724999166116,16786773.27128538,0.0,23139089.72871462,23139089.72871462,0,False
2021-12-20,2021-12-17,2021-11-30,0.053382653061224486,0.7666666666666667,,1.7274271879829517,16791602.343048353,0.0,23083550.656951647,23083550.656951647,0,False
2021-12-21,2021-12-20,2021-11-30,0.053382653061224486,0.7666666666666667,,1.712822291438234,16793212.496697687,0.0,23558764.503302313,23558764.503302313,0,False
2021-12-22,2021-12-21,2021-11-30,0.053382653061224486,0.7666666666666667,,1.7163581487707975,16794822.804745317,0.0,23444729.195254683,23444729.195254683,0,False
2021-12-23,2021-12-22,2021-11-30,0.053382653061224486,0.7666666666666667,,1.704447059835167,16796433.267206047,0.0,23843428.732793953,23843428.732793953,0,False
2021-12-24,2021-12-23,2021-11-30,0.053382653061224486,0.7666666666666667,,1.717667945029682,16798043.88409468,0.0,23406429.11590532,23406429.11590532,0,False
2021-12-27,2021-12-24,2021-11-30,0.053382653061224486,0.7666666666666667,,1.722584394213458,16802876.198088735,0.0,23253859.801911265,23253859.801911265,0,False
2021-12-28,2021-12-27,2021-11-30,0.053382653061224486,0.7666666666666667,,1.7329382114036598,16804487.43279266,0.0,22927563.56720734,22927563.56720734,0,False
2021-12-29,2021-12-28,2021-11-30,0.053382653061224486,0.7666666666666667,,1.7356217322313576,16806098.821998544,0.0,22846115.178001456,22846115.178001456,0,False
2021-12-30,2021-12-29,2021-11-30,0.053382653061224486,0.7666666666666667,,1.741160322016035,16807710.3657212,0.0,22677563.6342788,22677563.6342788,0,False
2021-12-31,2021-12-30,2021-11-30,0.053382653061224486,0.7666666666666667,,1.740551686616223,16809322.063975446,0.0,22698377.936024554,22698377.936024554,0,False
2022-01-04,2021-12-31,2021-12-31,0.04704031563201197,0.48333333333333334,,1.7218695431401574,16815769.475178067,0.0,23294748.524821933,23294748.524821933,0,False
2022-01-05,2022-01-04,2021-12-31,0.04704031563201197,0.48333333333333334,,1.716639770353441,16817381.94622363,0.0,23466995.05377637,23466995.05377637,0,False
2022-01-06,2022-01-05,2021-12-31,0.04704031563201197,0.48333333333333334,,1.7067617387797693,16818994.571889706,0.0,23797262.428110294,23797262.428110294,0,False
2022-01-07,2022-01-06,2021-12-31,0.04704031563201197,0.48333333333333334,,1.6914995207461114,16820607.35219112,0.0,24324828.64780888,24324828.64780888,0,False
2022-01-10,2022-01-07,2021-12-31,0.04704031563201197,0.48333333333333334,,1.6827637846969155,16825446.15704586,0.0,24643143.84295414,24643143.84295414,0,False
2022-01-11,2022-01-10,2021-12-31,0.04704031563201197,0.48333333333333334,,1.6876683381056568,16827059.555992424,0.0,24469731.444007576,24469731.444007576,0,False
2022-01-12,2022-01-11,2021-12-31,0.04704031563201197,0.48333333333333334,,1.7069061050989571,16828673.109648477,0.0,23806093.890351523,23806093.890351523,0,False
2022-01-13,2022-01-12,2021-12-31,0.04704031563201197,0.48333333333333334,,1.7069172836605473,16830286.818028856,0.0,23808000.181971144,23808000.181971144,0,False
2022-01-14,2022-01-13,2021-12-31,0.04704031563201197,0.48333333333333334,,1.7463941302334836,16831900.681148395,0.0,22550955.318851605,22550955.318851605,0,False
2022-01-17,2022-01-14,2021-12-31,0.04704031563201197,0.48333333333333334,,1.7471287017807868,16836742.734768998,0.0,22535264.265231002,22535264.265231002,0,False
2022-01-18,2022-01-17,2021-12-31,0.04704031563201197,0.48333333333333334,,1.7115057035580417,16838357.216949046,0.0,23665807.783050954,23665807.783050954,0,False
2022-01-19,2022-01-18,2021-12-31,0.04704031563201197,0.48333333333333334,,1.6786112011021792,16839971.85394245,0.0,24815346.14605755,24815346.14605755,0,False
2022-01-20,2022-01-19,2021-12-31,0.04704031563201197,0.48333333333333334,,1.6774431282257467,16841586.64576406,0.0,24860517.35423594,24860517.35423594,0,False
2022-01-21,2022-01-20,2021-12-31,0.04704031563201197,0.48333333333333334,,1.6887196894369032,16843201.59242872,0.0,24455815.40757128,24455815.40757128,0,False
2022-01-24,2022-01-21,2021-12-31,0.04704031563201197,0.48333333333333334,,1.6818287133819316,16848046.896996405,0.0,24710087.103003595,24710087.103003595,0,False
2022-01-25,2022-01-24,2021-12-31,0.04704031563201197,0.48333333333333334,,1.7078590984766864,16849662.463137213,0.0,23803695.536862787,23803695.536862787,0,False
2022-01-26,2022-01-25,2021-12-31,0.04704031563201197,0.48333333333333334,,1.7039327688620327,16851278.18419532,0.0,23938760.81580468,23938760.81580468,0,False
2022-01-27,2022-01-26,2021-12-31,0.04704031563201197,0.48333333333333334,,1.7154364547769638,16852894.060185585,0.0,23556101.939814415,23556101.939814415,0,False
2022-01-28,2022-01-27,2021-12-31,0.04704031563201197,0.48333333333333334,,1.7362974323645564,16854510.091122862,0.0,22890898.908877138,22890898.908877138,0,False
2022-02-07,2022-01-28,2022-01-28,0.05336485209003215,0.75,,1.6810400321000591,16870671.95011435,0.0,24771924.04988565,24771924.04988565,0,False
2022-02-08,2022-02-07,2022-01-28,0.05336485209003215,0.75,,1.6659928252619556,17004829.263530802,0.0,25533051.736469198,25533051.736469198,0,False
2022-02-09,2022-02-08,2022-01-28,0.05336485209003215,0.75,,1.6676721564927202,17006459.86359717,0.0,25471273.13640283,25471273.13640283,0,False
2022-02-10,2022-02-09,2022-01-28,0.05336485209003215,0.75,,1.6659995437098072,17610262.81923245,0.0,26441854.18076755,26441854.18076755,0,False
2022-02-11,2022-02-10,2022-01-28,0.05336485209003215,0.75,,1.6659989413824303,17879532.87284128,0.0,26846188.12715872,26846188.12715872,0,False
2022-02-14,2022-02-11,2022-01-28,0.05336485209003215,0.75,,1.693000000235573,17884676.30010607,0.0,25807613.69989393,25807613.69989393,0,False
2022-02-15,2022-02-14,2022-01-28,0.05336485209003215,0.75,,1.7050170629142705,17886391.269066356,0.0,25370153.730933644,25370153.730933644,0,False
2022-02-16,2022-02-15,2022-01-28,0.05336485209003215,0.75,,1.6934542266176213,17888106.40247572,0.0,25795655.59752428,25795655.59752428,0,False
2022-02-17,2022-02-16,2022-01-28,0.05336485209003215,0.75,,1.6934846522076659,17889821.700349927,0.0,25796997.299650073,25796997.299650073,0,False
2022-02-18,2022-02-17,2022-01-28,0.05336485209003215,0.75,,1.665996300289512,17895895.206234753,0.0,26870862.793765247,26870862.793765247,0,False
2022-02-21,2022-02-18,2022-01-28,0.05336485209003215,0.75,,1.6663390839638086,17901043.34047216,0.0,26864765.65952784,26864765.65952784,0,False
2022-02-22,2022-02-21,2022-01-28,0.05336485209003215,0.75,,1.6719389023759421,17902759.878874674,0.0,26643434.121125326,26643434.121125326,0,False
2022-02-23,2022-02-22,2022-01-28,0.05336485209003215,0.75,,1.6834418587579552,17904476.58187676,0.0,26197512.41812324,26197512.41812324,0,False
2022-02-24,2022-02-23,2022-01-28,0.05336485209003215,0.75,,1.7036130277797679,17906193.449494198,0.0,25448922.550505802,25448922.550505802,0,False
2022-02-25,2022-02-24,2022-01-28,0.05336485209003215,0.75,,1.7243673709099983,17907910.48174278,0.0,24722138.51825722,24722138.51825722,0,False
2022-02-28,2022-02-25,2022-01-28,0.05336485209003215,0.75,,1.722855858884614,17913062.07242931,0.0,24780959.92757069,24780959.92757069,0,False
2022-03-01,2022-02-28,2022-02-28,0.05180449482895784,0.6833333333333333,,1.6997194915501217,17914779.76331297,0.0,25602802.23668703,25602802.23668703,0,False
2022-03-02,2022-03-01,2022-02-28,0.05180449482895784,0.6833333333333333,,1.697736661842721,17916497.61890671,0.0,25678022.38109329,25678022.38109329,0,False
2022-03-03,2022-03-02,2022-02-28,0.05180449482895784,0.6833333333333333,,1.6864045266600731,17918215.639226332,0.0,26104454.360773668,26104454.360773668,0,False
2022-03-04,2022-03-03,2022-02-28,0.05180449482895784,0.6833333333333333,,1.6945756503915759,17919933.824287627,0.0,25799830.175712373,25799830.175712373,0,False
2022-03-07,2022-03-04,2022-02-28,0.05180449482895784,0.6833333333333333,,1.6987945312364043,17925088.87374393,0.0,25651444.12625607,25651444.12625607,0,False
2022-03-08,2022-03-07,2022-02-28,0.05180449482895784,0.6833333333333333,,1.733852903828204,17926807.717882507,0.0,24428339.282117493,24428339.282117493,0,False
2022-03-09,2022-03-08,2022-02-28,0.05180449482895784,0.6833333333333333,,1.7400441581291584,17927916.041001756,0.0,24225467.958998244,24225467.958998244,0,False
2022-03-10,2022-03-09,2022-02-28,0.05180449482895784,0.6833333333333333,,1.7439557972751474,17929635.156238563,0.0,24100403.843761437,24100403.843761437,0,False
2022-03-11,2022-03-10,2022-02-28,0.05180449482895784,0.6833333333333333,,1.7365433472586385,17931354.436322037,0.0,24345280.563677963,24345280.563677963,0,False
2022-03-14,2022-03-11,2022-02-28,0.05180449482895784,0.6833333333333333,,1.7604523747087226,17936512.771159884,0.0,23586635.228840116,23586635.228840116,0,False
2022-03-15,2022-03-14,2022-02-28,0.05180449482895784,0.6833333333333333,,1.8459989017921856,17938232.710740678,0.0,21203612.289259322,21203612.289259322,0,False
2022-03-16,2022-03-15,2022-02-28,0.05180449482895784,0.6833333333333333,,1.797681465025168,17939952.81524719,0.0,22490121.18475281,22490121.18475281,0,False
2022-03-17,2022-03-16,2022-02-28,0.05180449482895784,0.6833333333333333,,1.7816979637316956,17941673.084695227,0.0,22952180.915304773,22952180.915304773,0,False
2022-03-18,2022-03-17,2022-02-28,0.05180449482895784,0.6833333333333333,,1.7445984560190548,17943393.51910061,0.0,24098080.48089939,24098080.48089939,0,False
2022-03-21,2022-03-18,2022-02-28,0.05180449482895784,0.6833333333333333,,1.7428526568264786,17948555.31723624,0.0,24161662.68276376,24161662.68276376,0,False
2022-03-22,2022-03-21,2022-02-28,0.05180449482895784,0.6833333333333333,,1.7263604657577478,17950276.41158173,0.0,24712628.58841827,24712628.58841827,0,False
2022-03-23,2022-03-22,2022-02-28,0.05180449482895784,0.6833333333333333,,1.7336867946352268,17951997.67096366,0.0,24468203.32903634,24468203.32903634,0,False
2022-03-24,2022-03-23,2022-02-28,0.05180449482895784,0.6833333333333333,,1.7335712512296109,17953719.095397864,0.0,24474403.904602136,24474403.904602136,0,False
2022-03-25,2022-03-24,2022-02-28,0.05180449482895784,0.6833333333333333,,1.7295489432046736,17955440.68490016,0.0,24611701.31509984,24611701.31509984,0,False
2022-03-28,2022-03-25,2022-02-28,0.05180449482895784,0.6833333333333333,,1.703672805712167,17960605.94865883,0.0,25524087.05134117,25524087.05134117,0,False
2022-03-29,2022-03-28,2022-02-28,0.05180449482895784,0.6833333333333333,,1.6808854599166152,17962328.19854432,0.0,26380836.80145568,26380836.80145568,0,False
2022-03-30,2022-03-29,2022-02-28,0.05180449482895784,0.6833333333333333,,1.6843416467860621,17964050.613577057,0.0,26250120.386422943,26250120.386422943,0,False
2022-03-31,2022-03-30,2022-02-28,0.05180449482895784,0.6833333333333333,,1.665997427859542,18116534.77572288,0.0,27202109.22427712,27202109.22427712,0,False
2022-04-01,2022-03-31,2022-03-31,0.057446232081911255,0.8666666666666667,,1.6659994138611744,18212490.340567674,0.0,27346105.659432326,27346105.659432326,0,False
2022-04-06,2022-04-01,2022-03-31,0.057446232081911255,0.8666666666666667,,1.6659974721024728,18352889.804764383,0.0,27556996.195235617,27556996.195235617,0,False
2022-04-07,2022-04-06,2022-03-31,0.057446232081911255,0.8666666666666667,,1.6660602439759882,18354649.670910046,0.0,27557041.329089954,27557041.329089954,0,False
2022-04-08,2022-04-07,2022-03-31,0.057446232081911255,0.8666666666666667,,1.6659994683628006,18922069.921589997,0.0,28411539.078410003,28411539.078410003,0,False
2022-04-11,2022-04-08,2022-03-31,0.057446232081911255,0.8666666666666667,,1.6695460609581405,18927513.25677292,0.0,28269172.74322708,28269172.74322708,0,False
2022-04-12,2022-04-11,2022-03-31,0.057446232081911255,0.8666666666666667,,1.6659971965637308,18930884.23930754,0.0,28424870.76069246,28424870.76069246,0,False
2022-04-13,2022-04-12,2022-03-31,0.057446232081911255,0.8666666666666667,,1.6659931264296433,19006575.623807065,0.0,28538696.376192935,28538696.376192935,0,False
2022-04-14,2022-04-13,2022-03-31,0.057446232081911255,0.8666666666666667,,1.665995653642115,19509860.295674555,0.0,29294275.704325445,29294275.704325445,0,False
2022-04-15,2022-04-14,2022-03-31,0.057446232081911255,0.8666666666666667,,1.685520105691587,19511731.104196057,0.0,28462667.895803943,28462667.895803943,0,False
2022-04-18,2022-04-15,2022-03-31,0.057446232081911255,0.8666666666666667,,1.7054340020012326,19517344.06793836,0.0,27667143.93206164,27667143.93206164,0,False
2022-04-19,2022-04-18,2022-03-31,0.057446232081911255,0.8666666666666667,,1.6978141170405894,19519215.594081864,0.0,27971941.405918136,27971941.405918136,0,False
2022-04-20,2022-04-19,2022-03-31,0.057446232081911255,0.8666666666666667,,1.7299204269689776,19521087.299686775,0.0,26744130.700313225,26744130.700313225,0,False
2022-04-21,2022-04-20,2022-03-31,0.057446232081911255,0.8666666666666667,,1.7397866774634738,19522959.184770305,0.0,26389984.815229695,26389984.815229695,0,False
2022-04-22,2022-04-21,2022-03-31,0.057446232081911255,0.8666666666666667,,1.6721762959400068,18175200.026899666,0.0,27039334.973100334,27039334.973100334,0,False
2022-04-25,2022-04-22,2022-03-31,0.057446232081911255,0.8666666666666667,,1.6660117999833135,17038935.668939944,227.41729075886542,25583192.748350818,25583192.748350818,0,False
2022-04-26,2022-04-25,2022-03-31,0.057446232081911255,0.8666666666666667,,1.6733414727172078,17040342.12219278,0.0,25307132.87780722,25307132.87780722,0,False
2022-04-27,2022-04-26,2022-03-31,0.057446232081911255,0.8666666666666667,,1.6660237403574987,17623214.37090176,0.0,26460339.62909824,26460339.62909824,0,False
2022-04-28,2022-04-27,2022-03-31,0.057446232081911255,0.8666666666666667,,1.665994525899674,18483010.649490204,0.0,27752496.350509796,27752496.350509796,0,False
2022-04-29,2022-04-28,2022-03-31,0.057446232081911255,0.8666666666666667,,1.6689673353105616,18484782.992977142,0.0,27631817.007022858,27631817.007022858,0,False
2022-05-05,2022-04-29,2022-04-29,0.06082006601248884,0.9333333333333333,,1.6660197166656299,18114808.342980243,86.37582700443454,27198477.032846756,27198477.032846756,0,False
2022-05-06,2022-05-05,2022-04-29,0.06082006601248884,0.9333333333333333,,1.6660195171166245,17504395.41362259,71.24385290406644,26281998.830230314,26281998.830230314,0,False
2022-05-09,2022-05-06,2022-04-29,0.06082006601248884,0.9333333333333333,,1.6660229066593462,17336629.562601127,15.028592040296644,26030057.465990916,26030057.465990916,0,False
2022-05-10,2022-05-09,2022-04-29,0.06082006601248884,0.9333333333333333,,1.666016955052746,17119743.818938706,163.2956362203695,25704421.476697516,25704421.476697516,0,False
2022-05-11,2022-05-10,2022-04-29,0.06082006601248884,0.9333333333333333,,1.6660222369178865,17278883.179662794,0.0,25943402.820337206,25943402.820337206,0,False
2022-05-12,2022-05-11,2022-04-29,0.06082006601248884,0.9333333333333333,,1.6660133531880768,17042840.06079138,253.42684957874008,25588956.366058193,25588956.366058193,0,False
2022-05-13,2022-05-12,2022-04-29,0.06082006601248884,0.9333333333333333,,1.6660216088717714,17548607.85313914,0.0,26348406.14686086,26348406.14686086,0,False
2022-05-16,2022-05-13,2022-04-29,0.06082006601248884,0.9333333333333333,,1.666019939118316,17720572.440295525,0.0,26606669.559704475,26606669.559704475,0,False
2022-05-17,2022-05-16,2022-04-29,0.06082006601248884,0.9333333333333333,,1.6660231315672465,17672616.577602677,18.11131342384033,26534511.533710748,26534511.533710748,0,False
2022-05-18,2022-05-17,2022-04-29,0.06082006601248884,0.9333333333333333,,1.6660163485612354,17401239.27489677,178.62176117126364,26127077.346864402,26127077.346864402,0,False
2022-05-19,2022-05-18,2022-04-29,0.06082006601248884,0.9333333333333333,,1.6660165552091744,17452012.05498086,0.0,26203570.94501914,26203570.94501914,0,False
2022-05-20,2022-05-19,2022-04-29,0.06082006601248884,0.9333333333333333,,1.6659959553099566,17824581.92960887,0.0,26763799.07039113,26763799.07039113,0,False
2022-05-23,2022-05-20,2022-04-29,0.06082006601248884,0.9333333333333333,,1.6659946230427252,18010103.390208077,0.0,27042415.609791923,27042415.609791923,0,False
2022-05-24,2022-05-23,2022-04-29,0.06082006601248884,0.9333333333333333,,1.6686869023756934,18011830.386423577,0.0,26936119.613576423,26936119.613576423,0,False
2022-05-25,2022-05-24,2022-04-29,0.06082006601248884,0.9333333333333333,,1.6659976465432664,18096714.694521453,0.0,27172340.305478547,27172340.305478547,0,False
2022-05-26,2022-05-25,2022-04-29,0.06082006601248884,0.9333333333333333,,1.6659914471650086,18470450.172680516,0.0,27733764.827319484,27733764.827319484,0,False
2022-05-27,2022-05-26,2022-04-29,0.06082006601248884,0.9333333333333333,,1.6660221151799335,18637791.82203817,0.0,27983743.17796183,27983743.17796183,0,False
2022-05-30,2022-05-27,2022-04-29,0.06082006601248884,0.9333333333333333,,1.6660185540416237,18283943.50185925,122.05806953564752,27452420.556210283,27452420.556210283,0,False
2022-05-31,2022-05-30,2022-04-29,0.06082006601248884,0.9333333333333333,,1.6676194441716559,18285574.69864606,0.0,27389218.30135394,27389218.30135394,0,False
2022-06-01,2022-05-31,2022-05-31,0.060913222614840994,0.9333333333333333,,1.6659897217104676,18388462.233448535,0.0,27610729.766551465,27610729.766551465,0,False
2022-06-02,2022-06-01,2022-05-31,0.060913222614840994,0.9333333333333333,,1.6660146000865539,18195541.903907765,242.85015876161197,27319669.946251,27319669.946251,0,False
2022-06-06,2022-06-02,2022-05-31,0.060913222614840994,0.9333333333333333,,1.6659924228104173,18256042.262722142,0.0,27411786.737277858,27411786.737277858,0,False
2022-06-07,2022-06-06,2022-05-31,0.060913222614840994,0.9333333333333333,,1.6659959839528125,18293836.056217197,0.0,27468387.943782803,27468387.943782803,0,False
2022-06-08,2022-06-07,2022-05-31,0.060913222614840994,0.9333333333333333,,1.6660153933830144,18551397.14046464,0.0,27854306.85953536,27854306.85953536,0,False
2022-06-09,2022-06-08,2022-05-31,0.060913222614840994,0.9333333333333333,,1.6660205966609838,18822551.565830305,0.0,28261215.434169695,28261215.434169695,0,False
2022-06-10,2022-06-09,2022-05-31,0.060913222614840994,0.9333333333333333,,1.6660160715418326,19116492.47865525,0.0,28702749.52134475,28702749.52134475,0,False
2022-06-13,2022-06-10,2022-05-31,0.060913222614840994,0.9333333333333333,,1.6660135162059089,18765858.8607525,268.3574576370884,28175990.496705137,28175990.496705137,0,False
2022-06-14,2022-06-13,2022-05-31,0.060913222614840994,0.9333333333333333,,1.6660241383036523,19085375.54714302,0.0,28655681.45285698,28655681.45285698,0,False
2022-06-15,2022-06-14,2022-05-31,0.060913222614840994,0.9333333333333333,,1.6660008361663672,19279201.03787754,0.0,28947712.96212246,28947712.96212246,0,False
2022-06-16,2022-06-15,2022-05-31,0.060913222614840994,0.9333333333333333,,1.6732301242604355,19281049.728388023,0.0,28639612.271611977,28639612.271611977,0,False
2022-06-17,2022-06-16,2022-05-31,0.060913222614840994,0.9333333333333333,,1.6714391452799964,19282898.5961702,0.0,28718758.4038298,28718758.4038298,0,False
2022-06-20,2022-06-17,2022-05-31,0.060913222614840994,0.9333333333333333,,1.6759950360582134,19288445.731382795,0.0,28533413.268617205,28533413.268617205,0,False
2022-06-21,2022-06-20,2022-05-31,0.060913222614840994,0.9333333333333333,,1.6677934460417554,19290295.308370735,0.0,28886619.691629265,28886619.691629265,0,False
2022-06-22,2022-06-21,2022-05-31,0.060913222614840994,0.9333333333333333,,1.6760283355472432,19292145.062715374,0.0,28537479.937284626,28537479.937284626,0,False
2022-06-23,2022-06-22,2022-05-31,0.060913222614840994,0.9333333333333333,,1.6708573060930867,19293994.994433716,0.0,28760207.005566284,28760207.005566284,0,False
2022-06-24,2022-06-23,2022-05-31,0.060913222614840994,0.9333333333333333,,1.6713492765962308,19295696.00354277,0.0,28741664.99645723,28741664.99645723,0,False
2022-06-27,2022-06-24,2022-05-31,0.060913222614840994,0.9333333333333333,,1.6697924415985146,19301246.820201322,0.0,28816758.179798678,28816758.179798678,0,False
2022-06-28,2022-06-27,2022-05-31,0.060913222614840994,0.9333333333333333,,1.6677992075657686,19303097.62469093,0.0,28905541.37530907,28905541.37530907,0,False
2022-06-29,2022-06-28,2022-05-31,0.060913222614840994,0.9333333333333333,,1.6659891376083686,19349308.05019494,0.0,29053488.94980506,29053488.94980506,0,False
2022-06-30,2022-06-29,2022-05-31,0.060913222614840994,0.9333333333333333,,1.6659885569956974,19306639.7254451,357.12173945317045,28988910.396294355,28988910.396294355,0,False
2022-07-01,2022-06-30,2022-06-30,0.053029768480909824,0.6833333333333333,,1.665992773119352,19360512.686353154,0.0,29070154.313646846,29070154.313646846,0,False
2022-07-04,2022-07-01,2022-06-30,0.053029768480909824,0.6833333333333333,,1.665988637328236,19402685.514886763,0.0,29133658.485113237,29133658.485113237,0,False
2022-07-05,2022-07-04,2022-06-30,0.053029768480909824,0.6833333333333333,,1.6659909758079163,19434695.347814493,0.0,29181619.652185507,29181619.652185507,0,False
2022-07-06,2022-07-05,2022-06-30,0.053029768480909824,0.6833333333333333,,1.6702196451332398,19434912.791258253,0.0,28997826.208741747,28997826.208741747,0,False
2022-07-07,2022-07-06,2022-06-30,0.053029768480909824,0.6833333333333333,,1.6710173346646664,19436776.41303276,0.0,28966131.58696724,28966131.58696724,0,False
2022-07-08,2022-07-07,2022-06-30,0.053029768480909824,0.6833333333333333,,1.6683005002446085,19436100.347270723,0.0,29082875.652729277,29082875.652729277,0,False
2022-07-11,2022-07-08,2022-06-30,0.053029768480909824,0.6833333333333333,,1.666002162364957,19474766.219899938,0.0,29241295.780100062,29241295.780100062,0,False
2022-07-12,2022-07-11,2022-06-30,0.053029768480909824,0.6833333333333333,,1.666003018121893,19554979.291226093,0.0,29361697.708773907,29361697.708773907,0,False
2022-07-13,2022-07-12,2022-06-30,0.053029768480909824,0.6833333333333333,,1.678215032255245,19556854.42622662,0.0,28835772.57377338,28835772.57377338,0,False
2022-07-14,2022-07-13,2022-06-30,0.053029768480909824,0.6833333333333333,,1.6980423622269243,19558729.741034616,0.0,28019402.258965384,28019402.258965384,0,False
2022-07-15,2022-07-14,2022-06-30,0.053029768480909824,0.6833333333333333,,1.6659999007007762,18571364.022245567,39.23409824914114,27884876.21185268,27884876.21185268,0,False
2022-07-18,2022-07-15,2022-06-30,0.053029768480909824,0.6833333333333333,,1.6659911250967152,18887453.418051798,0.0,28359917.581948202,28359917.581948202,0,False
2022-07-19,2022-07-18,2022-06-30,0.053029768480909824,0.6833333333333333,,1.6659943576908094,19077994.270762023,0.0,28645879.729237977,28645879.729237977,0,False
2022-07-20,2022-07-19,2022-06-30,0.053029768480909824,0.6833333333333333,,1.666013510585309,19305781.350722916,0.0,28987071.649277084,28987071.649277084,0,False
2022-07-21,2022-07-20,2022-06-30,0.053029768480909824,0.6833333333333333,,1.670908945170473,19307632.59003052,0.0,28778320.40996948,28778320.40996948,0,False
2022-07-22,2022-07-21,2022-06-30,0.053029768480909824,0.6833333333333333,,1.6659964868920898,19316865.08056422,0.0,29004454.91943578,29004454.91943578,0,False
2022-07-25,2022-07-22,2022-06-30,0.053029768480909824,0.6833333333333333,,1.6660000162539352,19419298.64221726,0.0,29158105.35778274,29158105.35778274,0,False
2022-07-26,2022-07-25,2022-06-30,0.053029768480909824,0.6833333333333333,,1.6659951114244684,19551585.111844596,0.0,29356949.888155404,29356949.888155404,0,False
2022-07-27,2022-07-26,2022-06-30,0.053029768480909824,0.6833333333333333,,1.670923303278718,19553459.921375867,0.0,29144106.078624133,29144106.078624133,0,False
2022-07-28,2022-07-27,2022-06-30,0.053029768480909824,0.6833333333333333,,1.675377972941376,19555334.910683397,0.0,28954653.089316603,28954653.089316603,0,False
2022-07-29,2022-07-28,2022-06-30,0.053029768480909824,0.6833333333333333,,1.6792301936987415,19557210.079784423,0.0,28793198.920215577,28793198.920215577,0,False
2022-08-01,2022-07-29,2022-07-29,0.05985258741258742,0.9,,1.6876100342034963,19562836.126519702,0.0,28450480.873480298,28450480.873480298,0,False
2022-08-02,2022-08-01,2022-07-29,0.05985258741258742,0.9,,1.697908879594338,19564712.014915396,0.0,28033332.985084604,28033332.985084604,0,False
2022-08-03,2022-08-02,2022-07-29,0.05985258741258742,0.9,,1.4461477975114485,18521773.630594928,6135296.52864413,27763169.8980492,27763169.8980492,0,False
2022-08-04,2022-08-03,2022-07-29,0.05985258741258742,0.9,,1.554495162203121,18523549.691080052,3004500.178924129,27987709.487844076,27987709.487844076,0,False
2022-08-05,2022-08-04,2022-07-29,0.05985258741258742,0.9,,1.6659556832934612,18774805.45692822,0.0,28192274.54307178,28192274.54307178,0,False
2022-08-08,2022-08-05,2022-07-29,0.05985258741258742,0.9,,1.6668358965106065,18780206.428361036,0.0,28163160.571638964,28163160.571638964,0,False
2022-08-09,2022-08-08,2022-07-29,0.05985258741258742,0.9,,1.668760567350566,18782007.270073343,0.0,28084800.729926657,28084800.729926657,0,False
2022-08-10,2022-08-09,2022-07-29,0.05985258741258742,0.9,,1.6665465780280677,18783808.284469105,0.0,28180788.715530895,28180788.715530895,0,False
2022-08-11,2022-08-10,2022-07-29,0.05985258741258742,0.9,,1.6659927469282587,19023230.60701488,0.0,28563720.39298512,28563720.39298512,0,False
2022-08-12,2022-08-11,2022-07-29,0.05985258741258742,0.9,,1.669754696457647,19025054.752415553,0.0,28406004.247584447,28406004.247584447,0,False
2022-08-15,2022-08-12,2022-07-29,0.05985258741258742,0.9,,1.673601401572344,19030527.713371728,0.0,28251912.286628272,28251912.286628272,0,False
2022-08-16,2022-08-15,2022-07-29,0.05985258741258742,0.9,,1.6747507244462592,19032352.55849493,0.0,28206494.44150507,28206494.44150507,0,False
2022-08-17,2022-08-16,2022-07-29,0.05985258741258742,0.9,,1.6711542905584083,19034177.57860328,0.0,28360360.42139672,28360360.42139672,0,False
2022-08-18,2022-08-17,2022-07-29,0.05985258741258742,0.9,,1.67599198670295,19036002.773713555,0.0,28160101.226286445,28160101.226286445,0,False
2022-08-19,2022-08-18,2022-07-29,0.05985258741258742,0.9,,1.6757471883737969,19037828.14384254,0.0,28173003.85615746,28173003.85615746,0,False
2022-08-22,2022-08-19,2022-07-29,0.05985258741258742,0.9,,1.6768578159611633,19043304.779335976,0.0,28134867.220664024,28134867.220664024,0,False
2022-08-23,2022-08-22,2022-07-29,0.05985258741258742,0.9,,1.6785440965534408,19045130.849657282,0.0,28067639.150342718,28067639.150342718,0,False
2022-08-24,2022-08-23,2022-07-29,0.05985258741258742,0.9,,1.6832081766231974,19046957.09508122,0.0,27878701.90491878,27878701.90491878,0,False
2022-08-25,2022-08-24,2022-07-29,0.05985258741258742,0.9,,1.6775132568098903,19048783.515624586,0.0,28115735.484375414,28115735.484375414,0,False
2022-08-26,2022-08-25,2022-07-29,0.05985258741258742,0.9,,1.6800459313297018,19050610.111304168,0.0,28013710.888695832,28013710.888695832,0,False
2022-08-29,2022-08-26,2022-07-29,0.05985258741258742,0.9,,1.6811825263961768,19056090.42380194,0.0,27975013.57619806,27975013.57619806,0,False
2022-08-30,2022-08-29,2022-07-29,0.05985258741258742,0.9,,1.665980720035129,18547000.62038413,1413.1677001826465,27847033.547316056,27847033.547316056,0,False
2022-08-31,2022-08-30,2022-07-29,0.05985258741258742,0.9,,1.6660115803960718,18619108.592495494,0.0,27956133.407504506,27956133.407504506,0,False
2022-09-01,2022-08-31,2022-08-31,0.06451910163339383,0.9666666666666667,,1.6659992320661254,18625144.028920118,0.0,27965713.971079882,27965713.971079882,0,False
2022-09-02,2022-09-01,2022-08-31,0.06451910163339383,0.9666666666666667,,1.666572646518608,18626930.00163522,0.0,27944335.99836478,27944335.99836478,0,False
2022-09-05,2022-09-02,2022-08-31,0.06451910163339383,0.9666666666666667,,1.665997025371039,18744196.742113497,0.0,28144565.257886503,28144565.257886503,0,False
2022-09-06,2022-09-05,2022-08-31,0.06451910163339383,0.9666666666666667,,1.6659980939133257,18818422.097042195,0.0,28255969.902957805,28255969.902957805,0,False
2022-09-07,2022-09-06,2022-08-31,0.06451910163339383,0.9666666666666667,,1.6691538245538078,18820226.60327068,0.0,28125411.39672932,28125411.39672932,0,False
2022-09-08,2022-09-07,2022-08-31,0.06451910163339383,0.9666666666666667,,1.667025144098074,18822031.282534007,0.0,28217873.717465993,28217873.717465993,0,False
2022-09-09,2022-09-08,2022-08-31,0.06451910163339383,0.9666666666666667,,1.66599497243898,19002623.656778768,0.0,28532683.343221232,28532683.343221232,0,False
2022-09-13,2022-09-09,2022-08-31,0.06451910163339383,0.9666666666666667,,1.666446569676427,19009912.33434575,0.0,28524285.66565425,28524285.66565425,0,False
2022-09-14,2022-09-13,2022-08-31,0.06451910163339383,0.9666666666666667,,1.6696117268055235,19011735.202651784,0.0,28392177.797348216,28392177.797348216,0,False
2022-09-15,2022-09-14,2022-08-31,0.06451910163339383,0.9666666666666667,,1.6659935660258196,19052621.63628341,0.0,28607816.36371659,28607816.36371659,0,False
2022-09-16,2022-09-15,2022-08-31,0.06451910163339383,0.9666666666666667,,1.6786815355426665,19054448.600001957,0.0,28075684.399998043,28075684.399998043,0,False
2022-09-19,2022-09-16,2022-08-31,0.06451910163339383,0.9666666666666667,,1.6698359710449806,19059930.016722504,0.0,28454622.983277496,28454622.983277496,0,False
2022-09-20,2022-09-19,2022-08-31,0.06451910163339383,0.9666666666666667,,1.6728018752141522,19061757.681244656,0.0,28331903.318755344,28331903.318755344,0,False
2022-09-21,2022-09-20,2022-08-31,0.06451910163339383,0.9666666666666667,,1.6728512823627122,19063585.52102231,0.0,28332539.47897769,28332539.47897769,0,False
2022-09-22,2022-09-21,2022-08-31,0.06451910163339383,0.9666666666666667,,1.6711898173677593,19065413.53607227,0.0,28405397.46392773,28405397.46392773,0,False
2022-09-23,2022-09-22,2022-08-31,0.06451910163339383,0.9666666666666667,,1.6659951511914164,19079439.848291345,0.0,28648016.151708655,28648016.151708655,0,False
2022-09-26,2022-09-23,2022-08-31,0.06451910163339383,0.9666666666666667,,1.6718731168404708,18869332.048355103,0.0,28084665.951644897,28084665.951644897,0,False
2022-09-27,2022-09-26,2022-08-31,0.06451910163339383,0.9666666666666667,,1.6749472255349218,18871141.43635974,0.0,27959432.56364026,27959432.56364026,0,False
2022-09-28,2022-09-27,2022-08-31,0.06451910163339383,0.9666666666666667,,1.6689765492304511,18872950.99786734,0.0,28211678.00213266,28211678.00213266,0,False
2022-09-29,2022-09-28,2022-08-31,0.06451910163339383,0.9666666666666667,,1.6778954350472024,18874760.732894532,0.0,27843174.267105468,27843174.267105468,0,False
2022-09-30,2022-09-29,2022-08-31,0.06451910163339383,0.9666666666666667,,1.6671182455485718,18876570.64145796,0.0,28295689.35854204,28295689.35854204,0,False
2022-10-10,2022-09-30,2022-09-30,0.06790998376313276,1.0,,1.6709157590357082,18894671.462621003,0.0,28162509.537378997,28162509.537378997,0,False
2022-10-11,2022-10-10,2022-09-30,0.06790998376313276,1.0,,1.6660207081511558,18717325.751231965,81.81175947578652,28103096.060527507,28103096.060527507,0,False
2022-10-12,2022-10-11,2022-09-30,0.06790998376313276,1.0,,1.6659951602229282,18764053.201620825,0.0,28174458.798379175,28174458.798379175,0,False
2022-10-13,2022-10-12,2022-09-30,0.06790998376313276,1.0,,1.6681626309770465,18719611.054393582,0.0,28016548.945606418,28016548.945606418,0,False
2022-10-14,2022-10-13,2022-09-30,0.06790998376313276,1.0,,1.6662449381061477,18721406.08559058,0.0,28099884.91440942,28099884.91440942,0,False
2022-10-17,2022-10-14,2022-09-30,0.06790998376313276,1.0,,1.6687411368393488,18726791.695560407,0.0,28003050.304439593,28003050.304439593,0,False
2022-10-18,2022-10-17,2022-09-30,0.06790998376313276,1.0,,1.6700328857328102,18728587.415312037,0.0,27951743.584687963,27951743.584687963,0,False
2022-10-19,2022-10-18,2022-09-30,0.06790998376313276,1.0,,1.6723607666049098,18730383.307255972,0.0,27857638.692744028,27857638.692744028,0,False
2022-10-20,2022-10-19,2022-09-30,0.06790998376313276,1.0,,1.6715961858652015,18732179.371408723,0.0,27892027.628591277,27892027.628591277,0,False
2022-10-21,2022-10-20,2022-09-30,0.06790998376313276,1.0,,1.6689227639003208,18733975.607786804,0.0,28006186.392213196,28006186.392213196,0,False
2022-10-24,2022-10-21,2022-09-30,0.06790998376313276,1.0,,1.6752329532245618,18739364.83364658,0.0,27752444.16635342,27752444.16635342,0,False
2022-10-25,2022-10-24,2022-09-30,0.06790998376313276,1.0,,1.677539902992084,18741161.75904159,0.0,27660602.24095841,27660602.24095841,0,False
2022-10-26,2022-10-25,2022-09-30,0.06790998376313276,1.0,,1.6853960176863414,18742958.85674451,0.0,27346174.14325549,27346174.14325549,0,False
2022-10-27,2022-10-26,2022-09-30,0.06790998376313276,1.0,,1.5873002179379814,18066099.73156994,2136414.7110580704,27123580.979488127,27123580.979488127,0,False
2022-10-28,2022-10-27,2022-09-30,0.06790998376313276,1.0,,1.633760802731436,18067832.097297624,772538.7011980703,27289938.603900447,27289938.603900447,0,False
2022-10-31,2022-10-28,2022-09-30,0.06790998376313276,1.0,,1.5087154139424073,17801309.5435715,4209870.716237106,26717175.172665607,26717175.172665607,0,False
2022-11-01,2022-10-31,2022-10-31,0.07762527263267431,1.0,,1.5050064952933448,17803016.518459238,4209870.716237106,26916774.197777867,26916774.197777867,0,False
2022-11-02,2022-11-01,2022-10-31,0.07762527263267431,1.0,,1.506535964845078,17804723.657029502,4209870.716237106,26838870.059207603,26838870.059207603,0,False
2022-11-03,2022-11-02,2022-10-31,0.07762527263267431,1.0,,1.5072792416600054,17806430.959297985,4209870.716237106,26802910.75693912,26802910.75693912,0,False
2022-11-04,2022-11-03,2022-10-31,0.07762527263267431,1.0,,1.499136423024741,17808138.425280385,4209870.716237106,27243589.29095672,27243589.29095672,0,False
2022-11-07,2022-11-04,2022-10-31,0.07762527263267431,1.0,,1.5507468173504615,17813261.314416423,2852614.434467106,27164291.120050684,27164291.120050684,0,False
2022-11-08,2022-11-07,2022-10-31,0.07762527263267431,1.0,,1.5992738587262063,17814969.43536438,1490714.6419671061,27240058.206602722,27240058.206602722,0,False
2022-11-09,2022-11-08,2022-10-31,0.07762527263267431,1.0,,1.6499217526546133,17816677.720104758,130197.00148710632,27213246.28138235,27213246.28138235,0,False
2022-11-10,2022-11-09,2022-10-31,0.07762527263267431,1.0,,1.6659923412269984,18110111.573526155,0.0,27192672.426473845,27192672.426473845,0,False
2022-11-11,2022-11-10,2022-10-31,0.07762527263267431,1.0,,1.665970663115719,18395499.35776745,0.0,27622086.64223255,27622086.64223255,0,False
2022-11-14,2022-11-11,2022-10-31,0.07762527263267431,1.0,,1.6659643359316223,18444077.646557085,0.0,27695293.353442915,27695293.353442915,0,False
2022-11-15,2022-11-14,2022-10-31,0.07762527263267431,1.0,,1.665998426033152,18487633.674562372,0.0,27759275.325437628,27759275.325437628,0,False
2022-11-16,2022-11-15,2022-10-31,0.07762527263267431,1.0,,1.6685424579948132,18489406.461353082,0.0,27656293.538646918,27656293.538646918,0,False
2022-11-17,2022-11-16,2022-10-31,0.07762527263267431,1.0,,1.6697751705008708,18491179.418137047,0.0,27608039.581862953,27608039.581862953,0,False
2022-11-18,2022-11-17,2022-10-31,0.07762527263267431,1.0,,1.6764343546107523,18492952.544930566,0.0,27338872.455069434,27338872.455069434,0,False
2022-11-21,2022-11-18,2022-10-31,0.07762527263267431,1.0,,1.6771892940297428,18498272.435388695,0.0,27316250.564611305,27316250.564611305,0,False
2022-11-22,2022-11-21,2022-10-31,0.07762527263267431,1.0,,1.6659899817512818,18531803.559854556,0.0,27825949.440145444,27825949.440145444,0,False
2022-11-23,2022-11-22,2022-10-31,0.07762527263267431,1.0,,1.6659872818984875,18800603.513893723,0.0,28229673.486106277,28229673.486106277,0,False
2022-11-24,2022-11-23,2022-10-31,0.07762527263267431,1.0,,1.6701384371660608,18802406.311490946,0.0,28057495.688509054,28057495.688509054,0,False
2022-11-25,2022-11-24,2022-10-31,0.07762527263267431,1.0,,1.6659973908906742,19120440.063519172,0.0,28709481.936480828,28709481.936480828,0,False
2022-11-28,2022-11-25,2022-10-31,0.07762527263267431,1.0,,1.6718983789691295,19125940.46408539,0.0,28465525.53591461,28465525.53591461,0,False
2022-11-29,2022-11-28,2022-10-31,0.07762527263267431,1.0,,1.6660005776262399,19328247.51110647,0.0,29021367.48889353,29021367.48889353,0,False
2022-11-30,2022-11-29,2022-10-31,0.07762527263267431,1.0,,1.6673133844764088,19330100.904703423,0.0,28967051.095296577,28967051.095296577,0,False
2022-12-01,2022-11-30,2022-11-30,0.0657573793755913,0.9333333333333333,,1.6744300542345776,19331954.476023052,0.0,28664135.523976948,28664135.523976948,0,False
2022-12-02,2022-12-01,2022-11-30,0.0657573793755913,0.9333333333333333,,1.6747317126822143,19333808.225082397,0.0,28654067.774917603,28654067.774917603,0,False
2022-12-05,2022-12-02,2022-11-30,0.0657573793755913,0.9333333333333333,,1.665996334688807,19554013.613730706,0.0,29360542.386269294,29360542.386269294,0,False
2022-12-06,2022-12-05,2022-11-30,0.0657573793755913,0.9333333333333333,,1.6675682243555678,19555888.656132024,0.0,29294217.343867976,29294217.343867976,0,False
2022-12-07,2022-12-06,2022-11-30,0.0657573793755913,0.9333333333333333,,1.6735137997573213,19557763.878331926,0.0,29038401.121668074,29038401.121668074,0,False
2022-12-08,2022-12-07,2022-11-30,0.0657573793755913,0.9333333333333333,,1.6660887026203433,19559639.280347656,0.0,29364916.719652344,29364916.719652344,0,False
2022-12-09,2022-12-08,2022-11-30,0.0657573793755913,0.9333333333333333,,1.669184538627361,19561514.862196457,0.0,29231869.137803543,29231869.137803543,0,False
2022-12-12,2022-12-09,2022-11-30,0.0657573793755913,0.9333333333333333,,1.6804182546720627,19567142.147293802,0.0,28757520.852706198,28757520.852706198,0,False
2022-12-13,2022-12-12,2022-11-30,0.0657573793755913,0.9333333333333333,,1.6722214598191398,19569018.4485956,0.0,29110969.5514044,29110969.5514044,0,False
2022-12-14,2022-12-13,2022-11-30,0.0657573793755913,0.9333333333333333,,1.6724212187406788,19570894.929816697,0.0,29105112.070183303,29105112.070183303,0,False
2022-12-15,2022-12-14,2022-11-30,0.0657573793755913,0.9333333333333333,,1.680339401065548,19572771.59097435,0.0,28769128.40902565,28769128.40902565,0,False
2022-12-16,2022-12-15,2022-11-30,0.0657573793755913,0.9333333333333333,,1.6684183487117237,19574648.432085812,0.0,29285025.567914188,29285025.567914188,0,False
2022-12-19,2022-12-16,2022-11-30,0.0657573793755913,0.9333333333333333,,1.6660752512873793,19011125.514107957,15.61547455796972,28541985.101366602,28541985.101366602,0,False
2022-12-20,2022-12-19,2022-11-30,0.0657573793755913,0.9333333333333333,,1.675054279323267,19012932.88327174,0.0,28165043.11672826,28165043.11672826,0,False
2022-12-21,2022-12-20,2022-11-30,0.0657573793755913,0.9333333333333333,,1.6756868879410318,19014756.04121945,0.0,28141371.95878055,28141371.95878055,0,False
2022-12-22,2022-12-21,2022-11-30,0.0657573793755913,0.9333333333333333,,1.6706452141317836,19016579.373990525,0.0,28355647.626009475,28355647.626009475,0,False
2022-12-23,2022-12-22,2022-11-30,0.0657573793755913,0.9333333333333333,,1.6748266088134656,19018402.88160173,0.0,28182651.11839827,28182651.11839827,0,False
2022-12-26,2022-12-23,2022-11-30,0.0657573793755913,0.9333333333333333,,1.6818111855264668,19023873.929006025,0.0,27901968.070993975,27901968.070993975,0,False
2022-12-27,2022-12-26,2022-11-30,0.0657573793755913,0.9333333333333333,,1.6677719472780876,19025698.136095107,0.0,28491310.863904893,28491310.863904893,0,False
2022-12-28,2022-12-27,2022-11-30,0.0657573793755913,0.9333333333333333,,1.666019724495494,19105756.906488158,0.0,28686473.093511842,28686473.093511842,0,False
2022-12-29,2022-12-28,2022-11-30,0.0657573793755913,0.9333333333333333,,1.670798252423414,19107588.9653696,0.0,28484852.0346304,28484852.0346304,0,False
2022-12-30,2022-12-29,2022-11-30,0.0657573793755913,0.9333333333333333,,1.6659955452433115,19117070.27636792,0.0,28704501.72363208,28704501.72363208,0,False
2023-01-03,2022-12-30,2022-12-30,0.06607570632672333,0.9333333333333333,,1.6672813669204234,19124402.851268444,0.0,28660178.148731556,28660178.148731556,0,False
2023-01-04,2023-01-03,2022-12-30,0.06607570632672333,0.9333333333333333,,1.6659965778475363,19462732.206977196,0.0,29223471.793022804,29223471.793022804,0,False
2023-01-05,2023-01-04,2022-12-30,0.06607570632672333,0.9333333333333333,,1.6664103964475836,19464598.496366907,0.0,29208125.503633093,29208125.503633093,0,False
2023-01-06,2023-01-05,2022-12-30,0.06607570632672333,0.9333333333333333,,1.6664174972420782,19466464.964715872,0.0,29210615.035284128,29210615.035284128,0,False
2023-01-09,2023-01-06,2022-12-30,0.06607570632672333,0.9333333333333333,,1.6699397284764965,19472064.906692024,0.0,29065398.093307976,29065398.093307976,0,False
2023-01-10,2023-01-09,2022-12-30,0.06607570632672333,0.9333333333333333,,1.6750224581601412,19473932.090998147,0.0,28849309.909001853,28849309.909001853,0,False
2023-01-11,2023-01-10,2022-12-30,0.06607570632672333,0.9333333333333333,,1.6698196165990078,19475799.45434934,0.0,29076185.54565066,29076185.54565066,0,False
2023-01-12,2023-01-11,2022-12-30,0.06607570632672333,0.9333333333333333,,1.6707768145219537,19477666.99676277,0.0,29037478.00323723,29037478.00323723,0,False
2023-01-13,2023-01-12,2022-12-30,0.06607570632672333,0.9333333333333333,,1.6659995683157058,19635809.876685612,0.0,29483217.123314388,29483217.123314388,0,False
2023-01-16,2023-01-13,2022-12-30,0.06607570632672333,0.9333333333333333,,1.6717075724625645,19641458.53432137,0.0,29241085.46567863,29241085.46567863,0,False
2023-01-17,2023-01-16,2022-12-30,0.06607570632672333,0.9333333333333333,,1.6690802116348045,19643341.96185206,0.0,29358725.03814794,29358725.03814794,0,False
2023-01-18,2023-01-17,2022-12-30,0.06607570632672333,0.9333333333333333,,1.6688147459341762,19645225.569985386,0.0,29373194.430014614,29373194.430014614,0,False
2023-01-19,2023-01-18,2022-12-30,0.06607570632672333,0.9333333333333333,,1.6665451531986542,19647109.358738672,0.0,29476036.641261328,29476036.641261328,0,False
2023-01-20,2023-01-19,2022-12-30,0.06607570632672333,0.9333333333333333,,1.666768091198843,19648993.328129236,0.0,29469006.671870764,29469006.671870764,0,False
2023-01-30,2023-01-20,2022-12-30,0.06607570632672333,0.9333333333333333,,1.6662673381329025,19667834.828580867,0.0,29519434.171419133,29519434.171419133,0,False
2023-01-31,2023-01-30,2022-12-30,0.06607570632672333,0.9333333333333333,,1.6715185099929695,19669720.785345253,0.0,29291405.214654747,29291405.214654747,0,False
2023-02-01,2023-01-31,2023-01-31,0.05983294671403197,0.8,,1.6699573360700397,19671606.922954805,0.0,29362477.077045195,29362477.077045195,0,False
2023-02-02,2023-02-01,2023-01-31,0.05983294671403197,0.8,,1.6727677175567786,19673493.24142687,0.0,29242623.75857313,29242623.75857313,0,False
2023-02-03,2023-02-02,2023-01-31,0.05983294671403197,0.8,,1.6743848936983887,19675379.74077879,0.0,29175297.25922121,29175297.25922121,0,False
2023-02-06,2023-02-03,2023-01-31,0.05983294671403197,0.8,,1.6766675332123568,19681039.781526137,0.0,29085243.218473863,29085243.218473863,0,False
2023-02-07,2023-02-06,2023-01-31,0.05983294671403197,0.8,,1.6764490786083854,19682927.004518885,0.0,29097425.995481115,29097425.995481115,0,False
2023-02-08,2023-02-07,2023-01-31,0.05983294671403197,0.8,,1.6747903488445408,19684814.408478223,0.0,29171748.591521777,29171748.591521777,0,False
2023-02-09,2023-02-08,2023-01-31,0.05983294671403197,0.8,,1.671356376582406,19686701.993421502,0.0,29323773.006578498,29323773.006578498,0,False
2023-02-10,2023-02-09,2023-01-31,0.05983294671403197,0.8,,1.6668231933353341,19688589.759366076,0.0,29525952.240633924,29525952.240633924,0,False
2023-02-13,2023-02-10,2023-01-31,0.05983294671403197,0.8,,1.6720527333691029,19694253.600255758,0.0,29304625.399744242,29304625.399744242,0,False
2023-02-14,2023-02-13,2023-01-31,0.05983294671403197,0.8,,1.666243842276425,19466773.67984221,283.7971751981342,29218266.117332987,29218266.117332987,0,False
2023-02-15,2023-02-14,2023-01-31,0.05983294671403197,0.8,,1.666245961570408,19409478.719309587,232.77170437112653,29132253.05239479,29132253.05239479,0,False
2023-02-16,2023-02-15,2023-01-31,0.05983294671403197,0.8,,1.6662439262429891,19348785.759089597,270.68954348940605,29041187.93045389,29041187.93045389,0,False
2023-02-17,2023-02-16,2023-01-31,0.05983294671403197,0.8,,1.6659998921577235,19352403.452794105,0.0,29057667.547205895,29057667.547205895,0,False
2023-02-20,2023-02-17,2023-01-31,0.05983294671403197,0.8,,1.6659926295900818,19725732.001914497,0.0,29618543.998085503,29618543.998085503,0,False
2023-02-21,2023-02-20,2023-01-31,0.05983294671403197,0.8,,1.6670916724111653,19727623.510462627,0.0,29572582.489537373,29572582.489537373,0,False
2023-02-22,2023-02-21,2023-01-31,0.05983294671403197,0.8,,1.6702821116064788,19729515.200388286,0.0,29434643.799611714,29434643.799611714,0,False
2023-02-23,2023-02-22,2023-01-31,0.05983294671403197,0.8,,1.67034727049263,19731407.071708873,0.0,29434604.928291127,29434604.928291127,0,False
2023-02-24,2023-02-23,2023-01-31,0.05983294671403197,0.8,,1.6719128123537945,19733299.124441776,0.0,29368838.875558224,29368838.875558224,0,False
2023-02-27,2023-02-24,2023-01-31,0.05983294671403197,0.8,,1.6760064640370707,19738975.82692963,0.0,29199389.17307037,29199389.17307037,0,False
2023-02-28,2023-02-27,2023-01-31,0.05983294671403197,0.8,,1.6660734018601857,19740868.60543358,0.0,29637677.39456642,29637677.39456642,0,False
2023-03-01,2023-02-28,2023-02-28,0.06050851477170993,0.8166666666666667,,1.6659963030331344,19817697.80751684,0.0,29756468.19248316,29756468.19248316,0,False
2023-03-02,2023-03-01,2023-02-28,0.06050851477170993,0.8166666666666667,,1.6659914923470642,19968568.46049386,0.0,29983218.53950614,29983218.53950614,0,False
2023-03-03,2023-03-02,2023-02-28,0.06050851477170993,0.8166666666666667,,1.6659964661958921,20301271.547799796,0.0,30482551.452200204,30482551.452200204,0,False
2023-03-06,2023-03-03,2023-02-28,0.06050851477170993,0.8166666666666667,,1.6676541221128756,20307111.639614917,0.0,30415616.360385083,30415616.360385083,0,False
2023-03-07,2023-03-06,2023-02-28,0.06050851477170993,0.8166666666666667,,1.6659992347195292,20558869.342375427,0.0,30869208.657624573,30869208.657624573,0,False
2023-03-08,2023-03-07,2023-02-28,0.06050851477170993,0.8166666666666667,,1.6659958190256865,20571717.84952552,0.0,30888659.15047448,30888659.15047448,0,False
2023-03-09,2023-03-08,2023-02-28,0.06050851477170993,0.8166666666666667,,1.6663219428108014,20573690.48000424,0.0,30876501.51999576,30876501.51999576,0,False
2023-03-10,2023-03-09,2023-02-28,0.06050851477170993,0.8166666666666667,,1.6816837500845594,20575663.299639307,0.0,30183590.700360693,30183590.700360693,0,False
2023-03-13,2023-03-10,2023-02-28,0.06050851477170993,0.8166666666666667,,1.6728794980022417,20581582.32606797,0.0,30587322.67393203,30587322.67393203,0,False
2023-03-14,2023-03-13,2023-02-28,0.06050851477170993,0.8166666666666667,,1.6722626850703948,20514238.2120554,0.0,30515211.7879446,30515211.7879446,0,False
2023-03-15,2023-03-14,2023-02-28,0.06050851477170993,0.8166666666666667,,1.6659927602603828,20652473.274468064,0.0,31010056.725531936,31010056.725531936,0,False
2023-03-16,2023-03-15,2023-02-28,0.06050851477170993,0.8166666666666667,,1.6659953280967674,20947818.87079767,0.0,31453402.12920233,31453402.12920233,0,False
2023-03-17,2023-03-16,2023-02-28,0.06050851477170993,0.8166666666666667,,1.6659986690013395,21037559.177927885,0.0,31587989.822072115,31587989.822072115,0,False
2023-03-20,2023-03-17,2023-02-28,0.06050851477170993,0.8166666666666667,,1.6659996024590318,21225988.049233317,0.0,31870871.950766683,31870871.950766683,0,False
2023-03-21,2023-03-20,2023-02-28,0.06050851477170993,0.8166666666666667,,1.6824298869228373,21228023.417950366,0.0,31106526.582049634,31106526.582049634,0,False
2023-03-22,2023-03-21,2023-02-28,0.06050851477170993,0.8166666666666667,,1.6748516107653724,21230058.981839757,0.0,31458855.018160243,31458855.018160243,0,False
2023-03-23,2023-03-22,2023-02-28,0.06050851477170993,0.8166666666666667,,1.669242863047204,21232094.74092021,0.0,31725545.25907979,31725545.25907979,0,False
2023-03-24,2023-03-23,2023-02-28,0.06050851477170993,0.8166666666666667,,1.6826402502892397,21234130.695210434,0.0,31105887.304789566,31105887.304789566,0,False
2023-03-27,2023-03-24,2023-02-28,0.06050851477170993,0.8166666666666667,,1.6917358121084023,21240239.14376659,0.0,30705709.85623341,30705709.85623341,0,False
2023-03-28,2023-03-27,2023-02-28,0.06050851477170993,0.8166666666666667,,1.6868090022588411,21242275.87902695,0.0,30928942.12097305,30928942.12097305,0,False
2023-03-29,2023-03-28,2023-02-28,0.06050851477170993,0.8166666666666667,,1.6875109340649441,21244312.809590694,0.0,30900327.190409306,30900327.190409306,0,False
2023-03-30,2023-03-29,2023-02-28,0.06050851477170993,0.8166666666666667,,1.6834977953288495,21246349.935476545,0.0,31084738.064523455,31084738.064523455,0,False
2023-03-31,2023-03-30,2023-02-28,0.06050851477170993,0.8166666666666667,,1.6874865260029168,21248025.443873234,0.0,30906824.556126766,30906824.556126766,0,False
2023-04-03,2023-03-31,2023-03-31,0.06020314463176575,0.8,,1.687789565767994,21254137.889548868,0.0,30902094.110451132,30902094.110451132,0,False
2023-04-04,2023-04-03,2023-03-31,0.06020314463176575,0.8,,1.6730758411756865,21256175.957565673,0.0,31580655.042434327,31580655.042434327,0,False
2023-04-06,2023-04-04,2023-03-31,0.06020314463176575,0.8,,1.670629393953678,21260252.484461643,0.0,31701939.515538357,31701939.515538357,0,False
2023-04-07,2023-04-06,2023-03-31,0.06020314463176575,0.8,,1.6733430620480478,21262291.13880947,0.0,31577203.86119053,31577203.86119053,0,False
2023-04-10,2023-04-07,2023-03-31,0.06020314463176575,0.8,,1.674303580510836,21268407.688315153,0.0,31541294.311684847,31541294.311684847,0,False
2023-04-11,2023-04-10,2023-03-31,0.06020314463176575,0.8,,1.6689283498788199,21270447.124668825,0.0,31797795.875331175,31797795.875331175,0,False
2023-04-12,2023-04-11,2023-03-31,0.06020314463176575,0.8,,1.6659943507134596,21497447.49954489,0.0,32278723.50045511,32278723.50045511,0,False
2023-04-13,2023-04-12,2023-03-31,0.06020314463176575,0.8,,1.6659958751121449,21881511.75478019,0.0,32855326.24521981,32855326.24521981,0,False
2023-04-14,2023-04-13,2023-03-31,0.06020314463176575,0.8,,1.669482740713695,21883609.981934756,0.0,32687340.018065244,32687340.018065244,0,False
2023-04-17,2023-04-14,2023-03-31,0.06020314463176575,0.8,,1.6659957441901299,22623884.852388054,0.0,33970014.147611946,33970014.147611946,0,False
2023-04-18,2023-04-17,2023-03-31,0.06020314463176575,0.8,,1.6659967554165358,22770485.00685404,0.0,34190083.99314596,34190083.99314596,0,False
2023-04-19,2023-04-18,2023-03-31,0.06020314463176575,0.8,,1.6659983589131706,22912867.80815908,0.0,34403790.19184092,34403790.19184092,0,False
2023-04-20,2023-04-19,2023-03-31,0.06020314463176575,0.8,,1.6666790863100476,22915064.93246945,0.0,34371957.06753055,34371957.06753055,0,False
2023-04-21,2023-04-20,2023-03-31,0.06020314463176575,0.8,,1.6740175446589287,22917262.267462973,0.0,34000987.73253703,34000987.73253703,0,False
2023-04-24,2023-04-21,2023-03-31,0.06020314463176575,0.8,,1.6706880166432225,22923854.90455361,0.0,34179610.09544639,34179610.09544639,0,False
2023-04-25,2023-04-24,2023-03-31,0.06020314463176575,0.8,,1.6659998929902997,23336746.084251173,0.0,35040164.91574883,35040164.91574883,0,False
2023-04-26,2023-04-25,2023-03-31,0.06020314463176575,0.8,,1.6760073405895852,23338983.854423635,0.0,34524749.145576365,34524749.145576365,0,False
2023-04-27,2023-04-26,2023-03-31,0.06020314463176575,0.8,,1.672979301057509,23341221.8391768,0.0,34683417.160823196,34683417.160823196,0,False
2023-04-28,2023-04-27,2023-03-31,0.06020314463176575,0.8,,1.6684434221397224,23343460.03853124,0.0,34922117.961468756,34922117.961468756,0,False
2023-05-04,2023-04-28,2023-04-28,0.05939595815170009,0.7333333333333333,,1.6659997917014533,25139673.574609026,0.0,37747269.42539097,37747269.42539097,0,False
2023-05-05,2023-05-04,2023-04-28,0.05939595815170009,0.7333333333333333,,1.6659936369908868,25818701.51861947,0.0,38767189.48138053,38767189.48138053,0,False
2023-05-08,2023-05-05,2023-04-28,0.05939595815170009,0.7333333333333333,,1.6659967321324638,28462514.71792661,0.0,42736718.28207339,42736718.28207339,0,False
2023-05-09,2023-05-08,2023-04-28,0.05939595815170009,0.7333333333333333,,1.6719187531321846,28465244.000159837,0.0,42364115.99984016,42364115.99984016,0,False
2023-05-10,2023-05-09,2023-04-28,0.05939595815170009,0.7333333333333333,,1.7233369355639632,28467973.544105057,0.0,39356449.45589495,39356449.45589495,0,False
2023-05-11,2023-05-10,2023-04-28,0.05939595815170009,0.7333333333333333,,1.7209537511228816,27986711.76485737,0.0,38819011.23514263,38819011.23514263,0,False
2023-05-12,2023-05-11,2023-04-28,0.05939595815170009,0.7333333333333333,,1.7282060380423148,27989395.42214989,0.0,38436093.57785011,38436093.57785011,0,False
2023-05-15,2023-05-12,2023-04-28,0.05939595815170009,0.7333333333333333,,1.7175836081677514,27997447.166038454,0.0,39016285.83396155,39016285.83396155,0,False
2023-05-16,2023-05-15,2023-04-28,0.05939595815170009,0.7333333333333333,,1.717961466395429,28000131.852753006,0.0,38999491.147246994,38999491.147246994,0,False
2023-05-17,2023-05-16,2023-04-28,0.05939595815170009,0.7333333333333333,,1.7277799841207502,28002816.79690327,0.0,38477036.20309673,38477036.20309673,0,False
2023-05-18,2023-05-17,2023-04-28,0.05939595815170009,0.7333333333333333,,1.7122845478952589,28005501.998513933,0.0,39317857.00148606,39317857.00148606,0,False
2023-05-19,2023-05-18,2023-04-28,0.05939595815170009,0.7333333333333333,,1.7288242436215537,28008040.45760968,0.0,38429073.54239032,38429073.54239032,0,False
2023-05-22,2023-05-19,2023-04-28,0.05939595815170009,0.7333333333333333,,1.7292895159997668,28016097.565138582,0.0,38415604.43486142,38415604.43486142,0,False
2023-05-23,2023-05-22,2023-04-28,0.05939595815170009,0.7333333333333333,,1.7564627269670485,28018784.040247567,0.0,37039212.95975243,37039212.95975243,0,False
2023-05-24,2023-05-23,2023-04-28,0.05939595815170009,0.7333333333333333,,1.790623153943535,28021470.772963755,0.0,35442259.227036245,35442259.227036245,0,False
2023-05-25,2023-05-24,2023-04-28,0.05939595815170009,0.7333333333333333,,1.7887973387025011,28024157.763311848,0.0,35527703.23668815,35527703.23668815,0,False
2023-05-26,2023-05-25,2023-04-28,0.05939595815170009,0.7333333333333333,,1.7761822698877765,28026845.01131655,0.0,36108586.98868345,36108586.98868345,0,False
2023-05-29,2023-05-26,2023-04-28,0.05939595815170009,0.7333333333333333,,1.75010752445302,28034907.528374597,0.0,37374518.4716254,37374518.4716254,0,False
2023-05-30,2023-05-29,2023-04-28,0.05939595815170009,0.7333333333333333,,1.7640838579233473,28037595.807178687,0.0,36694396.19282131,36694396.19282131,0,False
2023-05-31,2023-05-30,2023-04-28,0.05939595815170009,0.7333333333333333,,1.7767262978315856,28040284.343762938,0.0,36100598.656237066,36100598.656237066,0,False
2023-06-01,2023-05-31,2023-05-31,0.06464130832570907,0.9,,1.780654678967702,28042973.138152067,0.0,35922378.86184794,35922378.86184794,0,False
2023-06-02,2023-06-01,2023-05-31,0.06464130832570907,0.9,,1.7789440262197558,28045662.190370794,0.0,36004720.8096292,36004720.8096292,0,False
2023-06-05,2023-06-02,2023-05-31,0.06464130832570907,0.9,,1.7619111539191779,28053730.12058994,0.0,36820211.87941006,36820211.87941006,0,False
2023-06-06,2023-06-05,2023-05-31,0.06464130832570907,0.9,,1.7609457435251883,28056420.204300135,0.0,36870460.795699865,36870460.795699865,0,False
2023-06-07,2023-06-06,2023-05-31,0.06464130832570907,0.9,,1.7486445516932818,28059110.545963563,0.0,37479883.45403644,37479883.45403644,0,False
2023-06-08,2023-06-07,2023-05-31,0.06464130832570907,0.9,,1.7238618364656746,28061801.145604957,0.0,38766791.85439505,38766791.85439505,0,False
2023-06-09,2023-06-08,2023-05-31,0.06464130832570907,0.9,,1.726448709789484,28064492.003249057,0.0,38632447.99675094,38632447.99675094,0,False
2023-06-12,2023-06-09,2023-05-31,0.06464130832570907,0.9,,1.7511601209379763,28072565.35026369,0.0,37372278.649736315,37372278.649736315,0,False
2023-06-13,2023-06-12,2023-05-31,0.06464130832570907,0.9,,1.749949545357068,28075257.240091797,0.0,37436194.7599082,37436194.7599082,0,False
2023-06-14,2023-06-13,2023-05-31,0.06464130832570907,0.9,,1.7695313096085363,28077949.388046328,0.0,36487078.611953676,36487078.611953676,0,False
2023-06-15,2023-06-14,2023-05-31,0.06464130832570907,0.9,,1.7635327897613562,28080641.794152033,0.0,36777257.20584796,36777257.20584796,0,False
2023-06-16,2023-06-15,2023-05-31,0.06464130832570907,0.9,,1.7698202590314422,28083334.458433665,0.0,36480378.541566335,36480378.541566335,0,False
2023-06-19,2023-06-16,2023-05-31,0.06464130832570907,0.9,,1.7902788774482967,28091413.22588061,0.0,35546202.77411939,35546202.77411939,0,False
2023-06-20,2023-06-19,2023-05-31,0.06464130832570907,0.9,,1.7985788472117323,28094106.923039258,0.0,35180129.07696074,35180129.07696074,0,False
2023-06-21,2023-06-20,2023-05-31,0.06464130832570907,0.9,,1.7960567748242333,28096800.87849763,0.0,35294971.12150237,35294971.12150237,0,False
2023-06-26,2023-06-21,2023-05-31,0.06464130832570907,0.9,,1.8179257058992497,28110271.947411977,0.0,34367757.05258802,34367757.05258802,0,False
2023-06-27,2023-06-26,2023-05-31,0.06464130832570907,0.9,,1.794524089655017,28111101.17243189,0.0,35381055.827568114,35381055.827568114,0,False
2023-06-28,2023-06-27,2023-05-31,0.06464130832570907,0.9,,1.7786913173738845,27601549.15747582,0.0,35446072.84252418,35446072.84252418,0,False
2023-06-29,2023-06-28,2023-05-31,0.06464130832570907,0.9,,1.7849029182364307,27604195.881367635,0.0,35168930.11863236,35168930.11863236,0,False
2023-06-30,2023-06-29,2023-05-31,0.06464130832570907,0.9,,1.7712548667906522,27606842.85905489,0.0,35794708.14094511,35794708.14094511,0,False
2023-07-03,2023-06-30,2023-06-30,0.06480670282588878,0.9,,1.7497558548575078,27614784.55357599,0.0,36831702.44642401,36831702.44642401,0,False
2023-07-04,2023-07-03,2023-06-30,0.06480670282588878,0.9,,1.760395749875361,27617432.546615373,0.0,36319814.45338462,36319814.45338462,0,False
2023-07-05,2023-07-04,2023-06-30,0.06480670282588878,0.9,,1.7617204815099479,27620080.793571897,0.0,36260126.2064281,36260126.2064281,0,False
2023-07-06,2023-07-05,2023-06-30,0.06480670282588878,0.9,,1.7559118136984577,27100844.29446991,0.0,35851859.70553009,35851859.70553009,0,False
2023-07-07,2023-07-06,2023-06-30,0.06480670282588878,0.9,,1.7530388972354047,27103443.00556664,0.0,35992088.99443336,35992088.99443336,0,False
2023-07-10,2023-07-07,2023-06-30,0.06480670282588878,0.9,,1.7504789115713384,27111239.88643126,0.0,36125252.11356874,36125252.11356874,0,False
2023-07-11,2023-07-10,2023-06-30,0.06480670282588878,0.9,,1.7420998642142518,27113839.594365574,0.0,36536645.405634426,36536645.405634426,0,False
2023-07-12,2023-07-11,2023-06-30,0.06480670282588878,0.9,,1.698968984845287,25735444.351586953,0.0,36819150.64841305,36819150.64841305,0,False
2023-07-13,2023-07-12,2023-06-30,0.06480670282588878,0.9,,1.6824491247878846,25737912.133922037,0.0,37714037.86607796,37714037.86607796,0,False
2023-07-14,2023-07-13,2023-06-30,0.06480670282588878,0.9,,1.6689098824137005,25451835.842893783,0.0,38049723.15710622,38049723.15710622,0,False
2023-07-17,2023-07-14,2023-06-30,0.06480670282588878,0.9,,1.6659933034741499,25220906.11180947,309.1248397845775,37869145.01303031,37869145.01303031,0,False
2023-07-18,2023-07-17,2023-06-30,0.06480670282588878,0.9,,1.6709539582980768,25085562.510021504,0.0,37387904.48997849,37387904.48997849,0,False
2023-07-19,2023-07-18,2023-06-30,0.06480670282588878,0.9,,1.6659724193686156,25151268.937259726,0.0,37766232.062740274,37766232.062740274,0,False
2023-07-20,2023-07-19,2023-06-30,0.06480670282588878,0.9,,1.665995991811365,25168757.853494257,0.0,37791155.14650574,37791155.14650574,0,False
2023-07-21,2023-07-20,2023-06-30,0.06480670282588878,0.9,,1.66705858382014,25171171.296028152,0.0,37734573.70397185,37734573.70397185,0,False
2023-07-24,2023-07-21,2023-06-30,0.06480670282588878,0.9,,1.6722896875349764,25178412.317907833,0.0,37451730.68209217,37451730.68209217,0,False
2023-07-25,2023-07-24,2023-06-30,0.06480670282588878,0.9,,1.6659942397053666,25629506.96527229,0.0,38483076.03472771,38483076.03472771,0,False
2023-07-26,2023-07-25,2023-06-30,0.06480670282588878,0.9,,1.6679207826625069,25631964.589227863,0.0,38375755.41077214,38375755.41077214,0,False
2023-07-27,2023-07-26,2023-06-30,0.06480670282588878,0.9,,1.6659999273293693,25857461.89829601,0.0,38825022.10170399,38825022.10170399,0,False
2023-07-28,2023-07-27,2023-06-30,0.06480670282588878,0.9,,1.665999178940591,26627896.753003787,0.0,39981876.24699621,39981876.24699621,0,False
2023-07-31,2023-07-28,2023-06-30,0.06480670282588878,0.9,,1.666000275241343,26749555.240651637,0.0,40164480.75934836,40164480.75934836,0,False
2023-08-01,2023-07-31,2023-07-31,0.06143116901408452,0.8166666666666667,,1.665997060015308,26817334.392116632,0.0,40266445.607883364,40266445.607883364,0,False
2023-08-02,2023-08-01,2023-07-31,0.06143116901408452,0.8166666666666667,,1.6896750438902683,26819905.917332314,0.0,38887743.082667686,38887743.082667686,0,False
2023-08-03,2023-08-02,2023-07-31,0.06143116901408452,0.8166666666666667,,1.681570666333989,26822477.689132605,0.0,39353920.3108674,39353920.3108674,0,False
2023-08-04,2023-08-03,2023-07-31,0.06143116901408452,0.8166666666666667,,1.678109978118307,26825049.707541153,0.0,39558553.29245885,39558553.29245885,0,False
2023-08-07,2023-08-04,2023-07-31,0.06143116901408452,0.8166666666666667,,1.6870966277312847,26832766.5026625,0.0,39052391.497337505,39052391.497337505,0,False
2023-08-08,2023-08-07,2023-07-31,0.06143116901408452,0.8166666666666667,,1.6660171176787886,25790795.04989205,188.79010244773235,38723638.7402104,38723638.7402104,0,False
2023-08-09,2023-08-08,2023-07-31,0.06143116901408452,0.8166666666666667,,1.6660231871188989,25804987.078085892,0.0,38744877.92191411,38744877.92191411,0,False
2023-08-10,2023-08-09,2023-07-31,0.06143116901408452,0.8166666666666667,,1.666023060853891,25984720.3297416,0.0,39014745.6702584,39014745.6702584,0,False
2023-08-11,2023-08-10,2023-07-31,0.06143116901408452,0.8166666666666667,,1.6660312055360584,25278235.78384172,89.32880904950434,37953396.54496733,37953396.54496733,0,False
2023-08-14,2023-08-11,2023-07-31,0.06143116901408452,0.8166666666666667,,1.666016439194538,24814832.143993817,254.32952825894654,37258206.18553444,37258206.18553444,0,False
2023-08-15,2023-08-14,2023-07-31,0.06143116901408452,0.8166666666666667,,1.666000964177918,25543824.174137723,0.0,38354034.82586227,38354034.82586227,0,False
2023-08-16,2023-08-15,2023-07-31,0.06143116901408452,0.8166666666666667,,1.671185114356319,25546273.58193524,0.0,38061442.41806476,38061442.41806476,0,False
2023-08-17,2023-08-16,2023-07-31,0.06143116901408452,0.8166666666666667,,1.6792448009499519,25548723.224607483,0.0,37613424.77539252,37613424.77539252,0,False
2023-08-18,2023-08-17,2023-07-31,0.06143116901408452,0.8166666666666667,,1.6748054905339052,25551173.102176964,0.0,37864500.897823036,37864500.897823036,0,False
2023-08-21,2023-08-18,2023-07-31,0.06143116901408452,0.8166666666666667,,1.6882299854464713,25558523.439644713,0.0,37136602.56035529,37136602.56035529,0,False
2023-08-22,2023-08-21,2023-07-31,0.06143116901408452,0.8166666666666667,,1.6713387302287606,25560974.256960843,0.0,38074630.74303916,38074630.74303916,0,False
2023-08-23,2023-08-22,2023-07-31,0.06143116901408452,0.8166666666666667,,1.6659978766788197,25470740.89001496,147.71524810993287,38244255.82523315,38244255.82523315,0,False
2023-08-24,2023-08-23,2023-07-31,0.06143116901408452,0.8166666666666667,,1.6662122126330334,25299685.273330905,231.62685268255882,37975067.35352178,37975067.35352178,0,False
2023-08-25,2023-08-24,2023-07-31,0.06143116901408452,0.8166666666666667,,1.6660226687874835,25451355.379266214,0.0,38213947.62073378,38213947.62073378,0,False
2023-08-28,2023-08-25,2023-07-31,0.06143116901408452,0.8166666666666667,,1.6659971715578563,25956209.678176552,0.0,38973453.32182345,38973453.32182345,0,False
2023-08-29,2023-08-28,2023-07-31,0.06143116901408452,0.8166666666666667,,1.6774211636774425,25958698.629789528,0.0,38319881.37021047,38319881.37021047,0,False
2023-08-30,2023-08-29,2023-07-31,0.06143116901408452,0.8166666666666667,,1.6825609962277948,25961187.820069097,0.0,38034971.1799309,38034971.1799309,0,False
2023-08-31,2023-08-30,2023-07-31,0.06143116901408452,0.8166666666666667,,1.682452517823323,25963677.249038145,0.0,38044664.750961855,38044664.750961855,0,False
2023-09-01,2023-08-31,2023-08-31,0.06541681073703366,0.9,,1.6816251939178797,25966166.91671956,0.0,38094494.083280444,38094494.083280444,0,False
2023-09-04,2023-09-01,2023-08-31,0.06541681073703366,0.9,,1.6685902068872758,25973636.635969575,0.0,38848365.36403042,38848365.36403042,0,False
2023-09-05,2023-09-04,2023-08-31,0.06541681073703366,0.9,,1.6660161128785331,25678193.929731976,285.38967128144577,38554485.4599393,38554485.4599393,0,False
2023-09-06,2023-09-05,2023-08-31,0.06541681073703366,0.9,,1.665997883340835,25820449.3361593,0.0,38769566.663840696,38769566.663840696,0,False
2023-09-07,2023-09-06,2023-08-31,0.06541681073703366,0.9,,1.665997517371056,25920486.907917287,0.0,38919795.09208271,38919795.09208271,0,False
2023-09-08,2023-09-07,2023-08-31,0.06541681073703366,0.9,,1.6660200998940695,25508644.19891661,121.07614746747936,38299929.87723085,38299929.87723085,0,False
2023-09-11,2023-09-08,2023-08-31,0.06541681073703366,0.9,,1.66599904729812,25669928.17139486,0.0,38543490.828605145,38543490.828605145,0,False
2023-09-12,2023-09-11,2023-08-31,0.06541681073703366,0.9,,1.6699972229455604,25672389.6713565,0.0,38317158.3286435,38317158.3286435,0,False
2023-09-13,2023-09-12,2023-08-31,0.06541681073703366,0.9,,1.665992506508668,25835331.89603238,0.0,38792226.10396762,38792226.10396762,0,False
2023-09-14,2023-09-13,2023-08-31,0.06541681073703366,0.9,,1.665994524397645,26659237.603805155,0.0,40029214.396194845,40029214.396194845,0,False
2023-09-15,2023-09-14,2023-08-31,0.06541681073703366,0.9,,1.6669028755191577,26661793.969054833,0.0,39978526.03094517,39978526.03094517,0,False
2023-09-18,2023-09-15,2023-08-31,0.06541681073703366,0.9,,1.66675632766171,26669463.800196614,0.0,39998816.19980338,39998816.19980338,0,False
2023-09-19,2023-09-18,2023-08-31,0.06541681073703366,0.9,,1.665999572746702,26966988.02046047,0.0,40490998.97953953,40490998.97953953,0,False
2023-09-20,2023-09-19,2023-08-31,0.06541681073703366,0.9,,1.665999075207737,27333898.84797408,0.0,41041947.15202592,41041947.15202592,0,False
2023-09-21,2023-09-20,2023-08-31,0.06541681073703366,0.9,,1.6661535569930297,27336519.906767722,0.0,41036364.093232274,41036364.093232274,0,False
2023-09-22,2023-09-21,2023-08-31,0.06541681073703366,0.9,,1.6659973179844123,27454464.82895577,0.0,41223086.17104423,41223086.17104423,0,False
2023-09-25,2023-09-22,2023-08-31,0.06541681073703366,0.9,,1.6667481897594176,27462362.688701086,0.0,41188507.311298914,41188507.311298914,0,False
2023-09-26,2023-09-25,2023-08-31,0.06541681073703366,0.9,,1.6687526063774254,27464996.065945208,0.0,41068992.93405479,41068992.93405479,0,False
2023-09-27,2023-09-26,2023-08-31,0.06541681073703366,0.9,,1.6690759252382692,27467629.695704956,0.0,41053083.30429505,41053083.30429505,0,False
2023-09-28,2023-09-27,2023-08-31,0.06541681073703366,0.9,,1.6659963340988928,27698160.49977454,0.0,41589058.500225455,41589058.500225455,0,False
2023-10-09,2023-09-28,2023-09-28,0.06524532014719413,0.8833333333333333,,1.6708316506969934,27727376.36769896,0.0,41332838.63230104,41332838.63230104,0,False
2023-10-10,2023-10-09,2023-09-28,0.06524532014719413,0.8833333333333333,,1.6875127285220746,27730035.15721367,0.0,40333849.84278633,40333849.84278633,0,False
2023-10-11,2023-10-10,2023-09-28,0.06524532014719413,0.8833333333333333,,1.686459405938529,27732694.201680798,0.0,40399612.798319206,40399612.798319206,0,False
2023-10-12,2023-10-11,2023-09-28,0.06524532014719413,0.8833333333333333,,1.66817883721082,27735353.501124796,0.0,41508877.4988752,41508877.4988752,0,False
2023-10-13,2023-10-12,2023-09-28,0.06524532014719413,0.8833333333333333,,1.665999715078994,28195312.23396011,0.0,42335321.76603989,42335321.76603989,0,False
2023-10-16,2023-10-13,2023-09-28,0.06524532014719413,0.8833333333333333,,1.6659976613453003,28375467.0332418,0.0,42605955.9667582,42605955.9667582,0,False
2023-10-17,2023-10-16,2023-09-28,0.06524532014719413,0.8833333333333333,,1.6659983022940308,28613964.627686772,0.0,42964020.37231323,42964020.37231323,0,False
2023-10-18,2023-10-17,2023-09-28,0.06524532014719413,0.8833333333333333,,1.6659991768729578,28506237.34620562,79.32193153178173,42802091.97572592,42802091.97572592,0,False
2023-10-19,2023-10-18,2023-09-28,0.06524532014719413,0.8833333333333333,,1.6660127769094675,27730465.44360733,143.58195922389882,41636321.1383519,41636321.1383519,0,False
2023-10-20,2023-10-19,2023-09-28,0.06524532014719413,0.8833333333333333,,1.670778250694732,27732684.101395573,0.0,41344041.89860442,41344041.89860442,0,False
2023-10-23,2023-10-20,2023-09-28,0.06524532014719413,0.8833333333333333,,1.6660034240600594,27634248.09211655,207.38487454631831,41492340.292758,41492340.292758,0,False
2023-10-24,2023-10-23,2023-09-28,0.06524532014719413,0.8833333333333333,,1.678969898780469,27636690.5666481,0.0,40703852.433351904,40703852.433351904,0,False
2023-10-25,2023-10-24,2023-09-28,0.06524532014719413,0.8833333333333333,,1.6877634708708824,27639340.66026408,0.0,40187276.339735925,40187276.339735925,0,False
2023-10-26,2023-10-25,2023-09-28,0.06524532014719413,0.8833333333333333,,1.6697824251563198,27641991.007998623,0.0,41270104.99200138,41270104.99200138,0,False
2023-10-27,2023-10-26,2023-09-28,0.06524532014719413,0.8833333333333333,,1.6735607996490844,27644641.609876104,0.0,41042533.3901239,41042533.3901239,0,False
2023-10-30,2023-10-27,2023-09-28,0.06524532014719413,0.8833333333333333,,1.699286832344017,27652594.178010453,0.0,39543993.82198955,39543993.82198955,0,False
2023-10-31,2023-10-30,2023-09-28,0.06524532014719413,0.8833333333333333,,1.6934619432970845,27655245.796630263,0.0,39879976.20336974,39879976.20336974,0,False
2023-11-01,2023-10-31,2023-10-31,0.06704696240601503,0.9666666666666667,,1.687761601275979,27657897.669514872,0.0,40214367.33048513,40214367.33048513,0,False
2023-11-02,2023-11-01,2023-10-31,0.06704696240601503,0.9666666666666667,,1.6821756268916432,27660549.79668866,0.0,40547549.20331134,40547549.20331134,0,False
2023-11-03,2023-11-02,2023-10-31,0.06704696240601503,0.9666666666666667,,1.6931284197906318,27663202.178176016,0.0,39910644.821823984,39910644.821823984,0,False
2023-11-06,2023-11-03,2023-10-31,0.06704696240601503,0.9666666666666667,,1.7159007793023011,27671160.08565193,0.0,38652227.914348066,38652227.914348066,0,False
2023-11-07,2023-11-06,2023-10-31,0.06704696240601503,0.9666666666666667,,1.7027078028431324,27673813.484564252,0.0,39381679.51543575,39381679.51543575,0,False
2023-11-08,2023-11-07,2023-10-31,0.06704696240601503,0.9666666666666667,,1.706550073628032,27676467.137912087,0.0,39171274.86208791,39171274.86208791,0,False
2023-11-09,2023-11-08,2023-10-31,0.06704696240601503,0.9666666666666667,,1.698797486795735,27679121.045719832,0.0,39609645.95428017,39609645.95428017,0,False
2023-11-10,2023-11-09,2023-10-31,0.06704696240601503,0.9666666666666667,,1.697511865460572,27681775.208011888,0.0,39686457.79198811,39686457.79198811,0,False
2023-11-13,2023-11-10,2023-10-31,0.06704696240601503,0.9666666666666667,,1.6960436065124673,27689738.458414193,0.0,39781614.5415858,39781614.5415858,0,False
2023-11-14,2023-11-13,2023-10-31,0.06704696240601503,0.9666666666666667,,1.7001468407923364,27692393.638814315,0.0,39552265.361185685,39552265.361185685,0,False
2023-11-15,2023-11-14,2023-10-31,0.06704696240601503,0.9666666666666667,,1.6947957675387613,27695049.073820777,0.0,39860704.92617922,39860704.92617922,0,False
2023-11-16,2023-11-15,2023-10-31,0.06704696240601503,0.9666666666666667,,1.6898687491970594,27697704.76345799,0.0,40149238.23654201,40149238.23654201,0,False
2023-11-17,2023-11-16,2023-10-31,0.06704696240601503,0.9666666666666667,,1.6987768663855898,27700360.707750376,0.0,39641210.29224962,39641210.29224962,0,False
2023-11-20,2023-11-17,2023-10-31,0.06704696240601503,0.9666666666666667,,1.6962231553303941,27708329.304666303,0.0,39798057.6953337,39798057.6953337,0,False
2023-11-21,2023-11-20,2023-10-31,0.06704696240601503,0.9666666666666667,,1.696581741793562,27710986.26775031,0.0,39781384.73224969,39781384.73224969,0,False
2023-11-22,2023-11-21,2023-10-31,0.06704696240601503,0.9666666666666667,,1.6940931528528849,27713643.485611603,0.0,39927844.5143884,39927844.5143884,0,False
2023-11-23,2023-11-22,2023-10-31,0.06704696240601503,0.9666666666666667,,1.6918990285086426,27716300.958274607,0.0,40058303.0417254,40058303.0417254,0,False
2023-11-24,2023-11-23,2023-10-31,0.06704696240601503,0.9666666666666667,,1.6869507432828326,27718958.685763758,0.0,40350722.31423624,40350722.31423624,0,False
2023-11-27,2023-11-24,2023-10-31,0.06704696240601503,0.9666666666666667,,1.6938513930698846,27726932.63278295,0.0,39960909.36721705,39960909.36721705,0,False
2023-11-28,2023-11-27,2023-10-31,0.06704696240601503,0.9666666666666667,,1.6979190592441311,27729591.379747737,0.0,39731815.62025227,39731815.62025227,0,False
2023-11-29,2023-11-28,2023-10-31,0.06704696240601503,0.9666666666666667,,1.696155351575762,27732250.381660864,0.0,39836295.618339136,39836295.618339136,0,False
2023-11-30,2023-11-29,2023-10-31,0.06704696240601503,0.9666666666666667,,1.678188716790946,27734909.638546776,0.0,40895563.36145322,40895563.36145322,0,False
2023-12-01,2023-11-30,2023-11-30,0.06873984732824426,0.9833333333333333,,1.6777790448124557,27737569.150429923,0.0,40924205.84957008,40924205.84957008,0,False
2023-12-04,2023-12-01,2023-11-30,0.06873984732824426,0.9833333333333333,,1.6787773969119375,27745548.45114443,0.0,40875769.54885557,40875769.54885557,0,False
2023-12-05,2023-12-04,2023-11-30,0.06873984732824426,0.9833333333333333,,1.6888505671395115,27748208.98318769,0.0,40281899.01681231,40281899.01681231,0,False
2023-12-06,2023-12-05,2023-11-30,0.06873984732824426,0.9833333333333333,,1.7004318136482852,27750869.77035046,0.0,39619659.229649544,39619659.229649544,0,False
2023-12-07,2023-12-06,2023-11-30,0.06873984732824426,0.9833333333333333,,1.6988282677600666,27753530.812657207,0.0,39714379.18734279,39714379.18734279,0,False
2023-12-08,2023-12-07,2023-11-30,0.06873984732824426,0.9833333333333333,,1.686707916830964,27756192.110132392,0.0,40419210.889867604,40419210.889867604,0,False
2023-12-11,2023-12-08,2023-11-30,0.06873984732824426,0.9833333333333333,,1.6956944596430035,27764176.768136676,0.0,39908578.23186332,39908578.23186332,0,False
2023-12-12,2023-12-11,2023-11-30,0.06873984732824426,0.9833333333333333,,1.6815028292183714,27766839.08645691,0.0,40743541.91354309,40743541.91354309,0,False
2023-12-13,2023-12-12,2023-11-30,0.06873984732824426,0.9833333333333333,,1.692258645055919,27769501.66006794,0.0,40114344.33993206,40114344.33993206,0,False
2023-12-14,2023-12-13,2023-11-30,0.06873984732824426,0.9833333333333333,,1.6895593147269319,27772164.488994244,0.0,40275236.51100576,40275236.51100576,0,False
2023-12-15,2023-12-14,2023-11-30,0.06873984732824426,0.9833333333333333,,1.7043254236660212,27774827.57326031,0.0,39434651.42673969,39434651.42673969,0,False
2023-12-18,2023-12-15,2023-11-30,0.06873984732824426,0.9833333333333333,,1.6918895854695446,27782817.59215125,0.0,40154987.407848746,40154987.407848746,0,False
2023-12-19,2023-12-18,2023-11-30,0.06873984732824426,0.9833333333333333,,1.690074883177552,27785481.69794776,0.0,40264444.302052245,40264444.302052245,0,False
2023-12-20,2023-12-19,2023-11-30,0.06873984732824426,0.9833333333333333,,1.6869212129607383,27788146.059206467,0.0,40453177.94079353,40453177.94079353,0,False
2023-12-21,2023-12-20,2023-11-30,0.06873984732824426,0.9833333333333333,,1.6933868678068955,27790810.675951872,0.0,40079805.32404813,40079805.32404813,0,False
2023-12-22,2023-12-21,2023-11-30,0.06873984732824426,0.9833333333333333,,1.6870999465934362,27793475.54820847,0.0,40450411.451791525,40450411.451791525,0,False
2023-12-25,2023-12-22,2023-11-30,0.06873984732824426,0.9833333333333333,,1.6842655092453305,27801470.931585353,0.0,40629654.06841464,40629654.06841464,0,False
2023-12-26,2023-12-25,2023-11-30,0.06873984732824426,0.9833333333333333,,1.6821424552322954,27804136.826058246,0.0,40760015.173941754,40760015.173941754,0,False
2023-12-27,2023-12-26,2023-11-30,0.06873984732824426,0.9833333333333333,,1.6659929729432097,27828243.190464854,0.0,41784589.809535146,41784589.809535146,0,False
2023-12-28,2023-12-27,2023-11-30,0.06873984732824426,0.9833333333333333,,1.67141790660397,27830911.65214065,0.0,41450952.34785935,41450952.34785935,0,False
2023-12-29,2023-12-28,2023-11-30,0.06873984732824426,0.9833333333333333,,1.6659976858813925,27891278.67536633,0.0,41878942.32463367,41878942.32463367,0,False
2024-01-02,2023-12-29,2023-12-29,0.07078611368015414,0.9833333333333333,,1.6659915728463264,28012683.87651373,0.0,42061619.123486266,42061619.123486266,0,False
2024-01-03,2024-01-02,2023-12-29,0.07078611368015414,0.9833333333333333,,1.6659985893911993,28466576.345002715,0.0,42742697.65499729,42742697.65499729,0,False
2024-01-04,2024-01-03,2023-12-29,0.07078611368015414,0.9833333333333333,,1.6659997681003818,29002736.473777026,0.0,43547667.526222974,43547667.526222974,0,False
2024-01-05,2024-01-04,2023-12-29,0.07078611368015414,0.9833333333333333,,1.6669670037235738,29005517.558096427,0.0,43488684.441903576,43488684.441903576,0,False
2024-01-08,2024-01-05,2023-12-29,0.07078611368015414,0.9833333333333333,,1.669060467127688,29013861.611092594,0.0,43365081.3889074,43365081.3889074,0,False
2024-01-09,2024-01-08,2023-12-29,0.07078611368015414,0.9833333333333333,,1.6691808577072478,29016643.762205984,0.0,43361437.23779401,43361437.23779401,0,False
2024-01-10,2024-01-09,2023-12-29,0.07078611368015414,0.9833333333333333,,1.6804676688026137,29019426.180100992,0.0,42646296.81989901,42646296.81989901,0,False
2024-01-11,2024-01-10,2023-12-29,0.07078611368015414,0.9833333333333333,,1.689078700466134,29022208.864803195,0.0,42117408.135196805,42117408.135196805,0,False
2024-01-12,2024-01-11,2023-12-29,0.07078611368015414,0.9833333333333333,,1.6795550380394033,29024991.816338178,0.0,42711760.18366182,42711760.18366182,0,False
2024-01-15,2024-01-12,2023-12-29,0.07078611368015414,0.9833333333333333,,1.6697051848059703,29033341.47151822,0.0,43352421.52848178,43352421.52848178,0,False
2024-01-16,2024-01-15,2023-12-29,0.07078611368015414,0.9833333333333333,,1.6659973780439827,29175778.823693432,0.0,43807648.17630657,43807648.17630657,0,False
2024-01-17,2024-01-16,2023-12-29,0.07078611368015414,0.9833333333333333,,1.6783636596452605,29178576.501114883,0.0,43013177.49888512,43013177.49888512,0,False
2024-01-18,2024-01-17,2023-12-29,0.07078611368015414,0.9833333333333333,,1.666022411537238,28521995.15642669,28.234949920615065,42824335.078523226,42824335.078523226,0,False
2024-01-19,2024-01-18,2023-12-29,0.07078611368015414,0.9833333333333333,,1.6660229917377838,28253942.503729083,28.02497539313481,42421830.52124631,42421830.52124631,0,False
2024-01-22,2024-01-19,2023-12-29,0.07078611368015414,0.9833333333333333,,1.6660178923810454,27939861.287398577,237.83720121188333,41950259.54980263,41950259.54980263,0,False
2024-01-23,2024-01-22,2023-12-29,0.07078611368015414,0.9833333333333333,,1.6660179895299196,28046543.815918345,0.0,42110790.18408166,42110790.18408166,0,False
2024-01-24,2024-01-23,2023-12-29,0.07078611368015414,0.9833333333333333,,1.6660220459538357,28901702.998470828,0.0,43394514.00152917,43394514.00152917,0,False
2024-01-25,2024-01-24,2023-12-29,0.07078611368015414,0.9833333333333333,,1.6659985529133614,30224643.218288764,0.0,45382445.781711236,45382445.781711236,0,False
2024-01-26,2024-01-25,2023-12-29,0.07078611368015414,0.9833333333333333,,1.66599618858661,30816619.997788057,0.0,46271466.00221194,46271466.00221194,0,False
2024-01-29,2024-01-26,2023-12-29,0.07078611368015414,0.9833333333333333,,1.6661149054298818,30579239.448797967,120.36237205650463,45906672.913574085,45906672.913574085,0,False
2024-01-30,2024-01-29,2023-12-29,0.07078611368015414,0.9833333333333333,,1.6718024747691589,30582051.342263468,0.0,45522385.65773653,45522385.65773653,0,False
2024-01-31,2024-01-30,2023-12-29,0.07078611368015414,0.9833333333333333,,1.669460206828363,30584983.867734645,0.0,45686037.13226536,45686037.13226536,0,False
2024-02-01,2024-01-31,2024-01-31,0.0740951968503937,0.9833333333333333,,1.6876755195615305,30587916.674406894,0.0,44480159.32559311,44480159.32559311,0,False
2024-02-02,2024-02-01,2024-01-31,0.0740951968503937,0.9833333333333333,,1.6811099133788125,30590849.76230718,0.0,44913235.23769282,44913235.23769282,0,False
2024-02-05,2024-02-02,2024-01-31,0.0740951968503937,0.9833333333333333,,1.6659986452633606,30800067.83208305,0.0,46246442.16791695,46246442.16791695,0,False
2024-02-06,2024-02-05,2024-01-31,0.0740951968503937,0.9833333333333333,,1.6659977934449184,30844695.67988503,0.0,46313510.32011497,46313510.32011497,0,False
2024-02-07,2024-02-06,2024-01-31,0.0740951968503937,0.9833333333333333,,1.6754825705596987,30847653.390429676,0.0,45667578.609570324,45667578.609570324,0,False
2024-02-08,2024-02-07,2024-01-31,0.0740951968503937,0.9833333333333333,,1.6828712448269352,30850611.384590402,0.0,45177786.6154096,45177786.6154096,0,False
2024-02-19,2024-02-08,2024-01-31,0.0740951968503937,0.9833333333333333,,1.6659985586861543,32567694.692054424,0.0,48900548.30794558,48900548.30794558,0,False
2024-02-20,2024-02-19,2024-01-31,0.0740951968503937,0.9833333333333333,,1.6659997089092915,32810088.828082427,0.0,49264419.17191757,49264419.17191757,0,False
2024-02-21,2024-02-20,2024-01-31,0.0740951968503937,0.9833333333333333,,1.6659972368494982,33405654.102973748,0.0,50158847.897026256,50158847.897026256,0,False
2024-02-22,2024-02-21,2024-01-31,0.0740951968503937,0.9833333333333333,,1.6660008831792987,34118181.373284034,0.0,51228432.626715966,51228432.626715966,0,False
2024-02-23,2024-02-22,2024-01-31,0.0740951968503937,0.9833333333333333,,1.6659967338539372,34154625.31133709,0.0,51283472.68866291,51283472.68866291,0,False
2024-02-26,2024-02-23,2024-01-31,0.0740951968503937,0.9833333333333333,,1.6847429491044814,34164450.614508845,0.0,49893833.385491155,49893833.385491155,0,False
2024-02-27,2024-02-26,2024-01-31,0.0740951968503937,0.9833333333333333,,1.6718636314294286,34167726.65771846,0.0,50855151.34228154,50855151.34228154,0,False
2024-02-28,2024-02-27,2024-01-31,0.0740951968503937,0.9833333333333333,,1.684344774540785,34171003.015069194,0.0,49932437.984930806,49932437.984930806,0,False
2024-02-29,2024-02-28,2024-01-31,0.0740951968503937,0.9833333333333333,,1.6780557730951664,34174279.686591186,0.0,50400396.313408814,50400396.313408814,0,False
2024-03-01,2024-02-29,2024-02-29,0.06828402841429881,0.9333333333333333,,1.6792164916044527,34177556.672314554,0.0,50319091.327685446,50319091.327685446,0,False
2024-03-04,2024-03-01,2024-02-29,0.06828402841429881,0.9333333333333333,,1.6659996845090144,34840578.41515919,0.0,52313205.58484081,52313205.58484081,0,False
2024-03-05,2024-03-04,2024-02-29,0.06828402841429881,0.9333333333333333,,1.6659996465544078,35543840.21903147,0.0,53369157.78096853,53369157.78096853,0,False
2024-03-06,2024-03-05,2024-02-29,0.06828402841429881,0.9333333333333333,,1.6704677280697195,35547248.532477126,0.0,53018582.467522874,53018582.467522874,0,False
2024-03-07,2024-03-06,2024-02-29,0.06828402841429881,0.9333333333333333,,1.6659980221451607,36415474.292167366,0.0,54678051.707832634,54678051.707832634,0,False
2024-03-08,2024-03-07,2024-02-29,0.06828402841429881,0.9333333333333333,,1.6660001235776483,38635610.9345225,0.0,58011417.0654775,58011417.0654775,0,False
2024-03-11,2024-03-08,2024-02-29,0.06828402841429881,0.9333333333333333,,1.6912000363364612,38646725.28835298,0.0,55912504.71164702,55912504.71164702,0,False
2024-03-12,2024-03-11,2024-02-29,0.06828402841429881,0.9333333333333333,,1.727775801302484,38650431.1387231,0.0,53107606.8612769,53107606.8612769,0,False
2024-03-13,2024-03-12,2024-02-29,0.06828402841429881,0.9333333333333333,,1.7194282456179844,38427115.91204873,0.0,53413410.08795127,53413410.08795127,0,False
2024-03-14,2024-03-13,2024-02-29,0.06828402841429881,0.9333333333333333,,1.6983591901348478,37986642.8056755,0.0,54394133.1943245,54394133.1943245,0,False
2024-03-15,2024-03-14,2024-02-29,0.06828402841429881,0.9333333333333333,,1.6660749538920085,36070443.209930256,141.20696516902638,54153517.99703492,54153517.99703492,0,False
2024-03-18,2024-03-15,2024-02-29,0.06828402841429881,0.9333333333333333,,1.6660236893115283,36130786.46556369,0.0,54248500.53443631,54248500.53443631,0,False
2024-03-19,2024-03-18,2024-02-29,0.06828402841429881,0.9333333333333333,,1.6660205074201795,36065495.02902359,265.27058744523674,54150329.24156386,54150329.24156386,0,False
2024-03-20,2024-03-19,2024-02-29,0.06828402841429881,0.9333333333333333,,1.6660145665459978,36578028.49809591,0.0,54920763.50190409,54920763.50190409,0,False
2024-03-21,2024-03-20,2024-02-29,0.06828402841429881,0.9333333333333333,,1.666018910100591,36400162.74713308,266.63025243118165,54652946.88311935,54652946.88311935,0,False
2024-03-22,2024-03-21,2024-02-29,0.06828402841429881,0.9333333333333333,,1.6660187585201465,35416943.24206534,205.04647989477962,53176787.804414555,53176787.804414555,0,False
2024-03-25,2024-03-22,2024-02-29,0.06828402841429881,0.9333333333333333,,1.6659977749745567,36889257.47001262,0.0,55389460.52998738,55389460.52998738,0,False
2024-03-26,2024-03-25,2024-02-29,0.06828402841429881,0.9333333333333333,,1.6659989651833444,37581180.44962139,0.0,56428286.55037861,56428286.55037861,0,False
2024-03-27,2024-03-26,2024-02-29,0.06828402841429881,0.9333333333333333,,1.673358164896938,37584784.12445902,0.0,55816927.87554098,55816927.87554098,0,False
2024-03-28,2024-03-27,2024-02-29,0.06828402841429881,0.9333333333333333,,1.6775826427682765,37588388.144854516,0.0,55474248.855145484,55474248.855145484,0,False
2024-03-29,2024-03-28,2024-02-29,0.06828402841429881,0.9333333333333333,,1.6659990578829922,38264735.66687101,0.0,57454639.33312899,57454639.33312899,0,False
2024-04-01,2024-03-29,2024-03-29,0.06630506601248884,0.8833333333333333,,1.6660213459309932,38869417.209916,0.0,58360617.790084,58360617.790084,0,False
2024-04-02,2024-04-01,2024-03-29,0.06630506601248884,0.8833333333333333,,1.6660002999620402,39417334.18805599,0.0,59185159.81194401,59185159.81194401,0,False
2024-04-03,2024-04-02,2024-03-29,0.06630506601248884,0.8833333333333333,,1.6659947270188533,39504803.137230195,0.0,59316990.862769805,59316990.862769805,0,False
2024-04-08,2024-04-03,2024-03-29,0.06630506601248884,0.8833333333333333,,1.6760119255294885,39523743.79626859,0.0,58466045.20373141,58466045.20373141,0,False
2024-04-09,2024-04-08,2024-03-29,0.06630506601248884,0.8833333333333333,,1.683738091342776,39527533.744303845,0.0,57810928.255696155,57810928.255696155,0,False
2024-04-10,2024-04-09,2024-03-29,0.06630506601248884,0.8833333333333333,,1.6835252991917453,39531324.05575878,0.0,57834470.94424122,57834470.94424122,0,False
2024-04-11,2024-04-10,2024-03-29,0.06630506601248884,0.8833333333333333,,1.6838445855464468,39535114.73066824,0.0,57813011.26933176,57813011.26933176,0,False
2024-04-12,2024-04-11,2024-03-29,0.06630506601248884,0.8833333333333333,,1.6956338130182431,39538905.76906707,0.0,56838677.23093293,56838677.23093293,0,False
2024-04-15,2024-04-12,2024-03-29,0.06630506601248884,0.8833333333333333,,1.66599921316951,40064121.43643625,0.0,60156409.56356375,60156409.56356375,0,False
2024-04-16,2024-04-15,2024-03-29,0.06630506601248884,0.8833333333333333,,1.671176851539329,40067963.2015055,0.0,59698070.7984945,59698070.7984945,0,False
2024-04-17,2024-04-16,2024-03-29,0.06630506601248884,0.8833333333333333,,1.6659995669353571,40333577.07754317,0.0,60560965.92245683,60560965.92245683,0,False
2024-04-18,2024-04-17,2024-03-29,0.06630506601248884,0.8833333333333333,,1.6659992568202864,40784362.75346458,0.0,61237850.24653542,61237850.24653542,0,False
2024-04-19,2024-04-18,2024-03-29,0.06630506601248884,0.8833333333333333,,1.665998421083084,42075836.11682971,0.0,63177080.88317029,63177080.88317029,0,False
2024-04-22,2024-04-19,2024-03-29,0.06630506601248884,0.8833333333333333,,1.6769448546302879,42087940.124479756,0.0,62173365.875520244,62173365.875520244,0,False
2024-04-23,2024-04-22,2024-03-29,0.06630506601248884,0.8833333333333333,,1.694340226916714,42091975.9543547,0.0,60621543.0456453,60621543.0456453,0,False
2024-04-24,2024-04-23,2024-03-29,0.06630506601248884,0.8833333333333333,,1.6939035652687866,42096012.17122704,0.0,60665507.82877296,60665507.82877296,0,False
2024-04-25,2024-04-24,2024-03-29,0.06630506601248884,0.8833333333333333,,1.689763323144609,42100048.77513387,0.0,61035499.22486613,61035499.22486613,0,False
2024-04-26,2024-04-25,2024-03-29,0.06630506601248884,0.8833333333333333,,1.6835152842685244,42104085.766112305,0.0,61599333.233887695,61599333.233887695,0,False
2024-04-29,2024-04-26,2024-03-29,0.06630506601248884,0.8833333333333333,,1.6881050651482479,42115729.14211379,0.0,61205375.85788621,61205375.85788621,0,False
2024-04-30,2024-04-29,2024-03-29,0.06630506601248884,0.8833333333333333,,1.6773680482825504,42119767.63668906,0.0,62181509.36331094,62181509.36331094,0,False
2024-05-06,2024-04-30,2024-04-30,0.06295652278589853,0.7333333333333333,,1.6766390358277465,42144000.92765811,0.0,62284318.07234189,62284318.07234189,0,False
2024-05-07,2024-05-06,2024-04-30,0.06295652278589853,0.7333333333333333,,1.6676038087745786,42148042.133226514,0.0,63133315.866773486,63133315.866773486,0,False
2024-05-08,2024-05-07,2024-04-30,0.06295652278589853,0.7333333333333333,,1.6751792206529033,42152083.72630778,0.0,62430955.27369222,62430955.27369222,0,False
2024-05-09,2024-05-08,2024-04-30,0.06295652278589853,0.7333333333333333,,1.674120403650709,42156125.70693907,0.0,62535009.29306093,62535009.29306093,0,False
2024-05-10,2024-05-09,2024-04-30,0.06295652278589853,0.7333333333333333,,1.6659996129759027,42624250.97256755,0.0,64000414.02743245,64000414.02743245,0,False
2024-05-13,2024-05-10,2024-04-30,0.06295652278589853,0.7333333333333333,,1.6664081243731779,42636512.74339528,0.0,63979581.25660472,63979581.25660472,0,False
2024-05-14,2024-05-13,2024-04-30,0.06295652278589853,0.7333333333333333,,1.6781999963159413,42640601.176124096,0.0,62873195.823875904,62873195.823875904,0,False
2024-05-15,2024-05-14,2024-04-30,0.06295652278589853,0.7333333333333333,,1.68994743728024,42644690.00089441,0.0,61808606.99910559,61808606.99910559,0,False
2024-05-16,2024-05-15,2024-04-30,0.06295652278589853,0.7333333333333333,,1.6807054878125927,42648779.217743814,0.0,62653790.782256186,62653790.782256186,0,False
2024-05-17,2024-05-16,2024-04-30,0.06295652278589853,0.7333333333333333,,1.6788790579127315,42652868.8267099,0.0,62828376.1732901,62828376.1732901,0,False
2024-05-20,2024-05-17,2024-04-30,0.06295652278589853,0.7333333333333333,,1.6676700131947457,42665138.830071,0.0,63901535.169929,63901535.169929,0,False
2024-05-21,2024-05-20,2024-04-30,0.06295652278589853,0.7333333333333333,,1.6721531126100575,42669230.00776704,0.0,63481413.99223296,63481413.99223296,0,False
2024-05-22,2024-05-21,2024-04-30,0.06295652278589853,0.7333333333333333,,1.668848338999034,42673321.57776778,0.0,63801192.42223222,63801192.42223222,0,False
2024-05-23,2024-05-22,2024-04-30,0.06295652278589853,0.7333333333333333,,1.671983138043687,42677413.54011086,0.0,63509649.45988914,63509649.45988914,0,False
2024-05-24,2024-05-23,2024-04-30,0.06295652278589853,0.7333333333333333,,1.6788289580354898,42681505.89483388,0.0,62875199.10516612,62875199.10516612,0,False
2024-05-27,2024-05-24,2024-04-30,0.06295652278589853,0.7333333333333333,,1.6660212113341317,42291965.60925372,148.7492080383056,63499204.13995431,63499204.13995431,0,False
2024-05-28,2024-05-27,2024-04-30,0.06295652278589853,0.7333333333333333,,1.6660226551418515,42458092.25348821,0.0,63748720.74651179,63748720.74651179,0,False
2024-05-29,2024-05-28,2024-04-30,0.06295652278589853,0.7333333333333333,,1.6661024924818573,43254418.27450293,0.0,64936580.72549707,64936580.72549707,0,False
2024-05-30,2024-05-29,2024-04-30,0.06295652278589853,0.7333333333333333,,1.6660985766597225,42185427.70567426,151.8309471993707,63331881.125272945,63331881.125272945,0,False
2024-05-31,2024-05-30,2024-04-30,0.06295652278589853,0.7333333333333333,,1.6661023262969255,42026540.022884324,92.80606808543735,63093079.78318377,63093079.78318377,0,False
2024-06-03,2024-05-31,2024-05-31,0.06350442350907519,0.7333333333333333,,1.6660994372521665,42156266.62635817,0.0,63288248.37364183,63288248.37364183,0,False
2024-06-04,2024-06-03,2024-05-31,0.06350442350907519,0.7333333333333333,,1.6659952473570265,42453364.12986946,0.0,63744244.87013054,63744244.87013054,0,False
2024-06-05,2024-06-04,2024-05-31,0.06350442350907519,0.7333333333333333,,1.683492859525965,42457435.000402465,0.0,62118329.999597535,62118329.999597535,0,False
2024-06-06,2024-06-05,2024-05-31,0.06350442350907519,0.7333333333333333,,1.6759550566584307,42460875.58565291,0.0,62816122.41434709,62816122.41434709,0,False
2024-06-07,2024-06-06,2024-05-31,0.06350442350907519,0.7333333333333333,,1.6659950784506425,42607884.17263249,0.0,63976274.82736751,63976274.82736751,0,False
2024-06-11,2024-06-07,2024-05-31,0.06350442350907519,0.7333333333333333,,1.6763347483511981,42624226.9227261,0.0,63022382.0772739,63022382.0772739,0,False
2024-06-12,2024-06-11,2024-05-31,0.06350442350907519,0.7333333333333333,,1.6659990382674803,43232030.52161253,0.0,64913052.47838747,64913052.47838747,0,False
2024-06-13,2024-06-12,2024-05-31,0.06350442350907519,0.7333333333333333,,1.676146663716844,43236176.05878584,0.0,63944966.94121416,63944966.94121416,0,False
2024-06-14,2024-06-13,2024-05-31,0.06350442350907519,0.7333333333333333,,1.681894651431474,42744954.94347641,0.0,62685570.05652359,62685570.05652359,0,False
2024-06-17,2024-06-14,2024-05-31,0.06350442350907519,0.7333333333333333,,1.6893964627864044,42757251.43736426,0.0,62021280.56263574,62021280.56263574,0,False
2024-06-18,2024-06-17,2024-05-31,0.06350442350907519,0.7333333333333333,,1.6836636298034386,42761351.44777606,0.0,62547354.55222394,62547354.55222394,0,False
2024-06-19,2024-06-18,2024-05-31,0.06350442350907519,0.7333333333333333,,1.666784265476639,42765451.85133954,0.0,64136864.14866046,64136864.14866046,0,False
2024-06-20,2024-06-19,2024-05-31,0.06350442350907519,0.7333333333333333,,1.665997062064088,42805129.00375242,0.0,64272248.99624758,64272248.99624758,0,False
2024-06-21,2024-06-20,2024-05-31,0.06350442350907519,0.7333333333333333,,1.665998361819042,43602639.81330374,0.0,65469590.18669626,65469590.18669626,0,False
2024-06-24,2024-06-21,2024-05-31,0.06350442350907519,0.7333333333333333,,1.6664919781549525,43615183.03845551,0.0,65439921.96154449,65439921.96154449,0,False
2024-06-25,2024-06-24,2024-05-31,0.06350442350907519,0.7333333333333333,,1.669172159068243,43619365.31628112,0.0,65184070.68371888,65184070.68371888,0,False
2024-06-26,2024-06-25,2024-05-31,0.06350442350907519,0.7333333333333333,,1.665998627821055,43752225.04672707,0.0,65694166.95327293,65694166.95327293,0,False
2024-06-27,2024-06-26,2024-05-31,0.06350442350907519,0.7333333333333333,,1.666000106533625,44240227.54302717,0.0,66426757.45697283,66426757.45697283,0,False
2024-06-28,2024-06-27,2024-05-31,0.06350442350907519,0.7333333333333333,,1.666000081739489,45338301.93064719,0.0,68075520.0693528,68075520.0693528,0,False
2024-07-01,2024-06-28,2024-06-28,0.06505001393728221,0.7833333333333333,,1.6659999035363546,46352299.54881012,0.0,69598057.45118988,69598057.45118988,0,False
2024-07-02,2024-07-01,2024-06-28,0.06505001393728221,0.7833333333333333,,1.66600000325387,47230155.278962746,0.0,70916148.72103725,70916148.72103725,0,False
2024-07-03,2024-07-02,2024-06-28,0.06505001393728221,0.7833333333333333,,1.6749218198770306,47234684.1979621,0.0,69985415.8020379,69985415.8020379,0,False
2024-07-04,2024-07-03,2024-06-28,0.06505001393728221,0.7833333333333333,,1.6745999444103936,47239213.55124135,0.0,70025522.44875865,70025522.44875865,0,False
2024-07-05,2024-07-04,2024-06-28,0.06505001393728221,0.7833333333333333,,1.6902947683476466,47243743.33884215,0.0,68439955.66115785,68439955.66115785,0,False
2024-07-08,2024-07-05,2024-06-28,0.06505001393728221,0.7833333333333333,,1.6885344490842344,47257334.00473415,0.0,68634668.99526584,68634668.99526584,0,False
2024-07-09,2024-07-08,2024-06-28,0.06505001393728221,0.7833333333333333,,1.6869516264636646,46792201.52991269,0.0,68115715.47008732,68115715.47008732,0,False
2024-07-10,2024-07-09,2024-06-28,0.06505001393728221,0.7833333333333333,,1.6661695911563286,44820191.30807086,124.53137379372492,67280265.22330293,67280265.22330293,0,False
2024-07-11,2024-07-10,2024-06-28,0.06505001393728221,0.7833333333333333,,1.6660187530408113,44549701.30222827,325.9063874143176,66889070.60415915,66889070.60415915,0,False
2024-07-12,2024-07-11,2024-06-28,0.06505001393728221,0.7833333333333333,,1.6660014270507992,45365546.60708682,0.0,68116290.39291318,68116290.39291318,0,False
2024-07-15,2024-07-12,2024-06-28,0.06505001393728221,0.7833333333333333,,1.6659988327584367,46397206.9708394,0.0,69665598.02916059,69665598.02916059,0,False
2024-07-16,2024-07-15,2024-06-28,0.06505001393728221,0.7833333333333333,,1.6659984334667057,46293852.91483659,116.76007340800572,69510277.84523681,69510277.84523681,0,False
2024-07-17,2024-07-16,2024-06-28,0.06505001393728221,0.7833333333333333,,1.6824650555303193,46298175.29134406,0.0,67839627.70865594,67839627.70865594,0,False
2024-07-18,2024-07-17,2024-06-28,0.06505001393728221,0.7833333333333333,,1.6660218971389724,45618845.59496201,91.44678261177614,68494375.85182062,68494375.85182062,0,False
2024-07-19,2024-07-18,2024-06-28,0.06505001393728221,0.7833333333333333,,1.6660210544948773,44533595.45435138,114.35935041029006,66864974.90499903,66864974.90499903,0,False
2024-07-22,2024-07-19,2024-06-28,0.06505001393728221,0.7833333333333333,,1.6873587812346196,44546292.12930975,0.0,64807918.87069025,64807918.87069025,0,False
2024-07-23,2024-07-22,2024-06-28,0.06505001393728221,0.7833333333333333,,1.6863606938646574,44550563.691568725,0.0,64908384.308431275,64908384.308431275,0,False
2024-07-24,2024-07-23,2024-06-28,0.06505001393728221,0.7833333333333333,,1.6856941569243489,44554801.06342956,0.0,64977658.93657044,64977658.93657044,0,False
2024-07-25,2024-07-24,2024-06-28,0.06505001393728221,0.7833333333333333,,1.6660192773489488,41823075.431885265,97.69255154592531,62795446.26066629,62795446.26066629,0,False
2024-07-26,2024-07-25,2024-06-28,0.06505001393728221,0.7833333333333333,,1.6752264187166888,41826988.171224445,0.0,61945129.828775555,61945129.828775555,0,False
2024-07-29,2024-07-26,2024-06-28,0.06505001393728221,0.7833333333333333,,1.6659988369803442,42255268.34244918,0.0,63446459.65755082,63446459.65755082,0,False
2024-07-30,2024-07-29,2024-06-28,0.06505001393728221,0.7833333333333333,,1.6896408624802615,42259320.21749572,0.0,61277285.78250428,61277285.78250428,0,False
2024-07-31,2024-07-30,2024-06-28,0.06505001393728221,0.7833333333333333,,1.6809163843836517,42263372.481078215,0.0,62068373.518921785,62068373.518921785,0,False
2024-08-01,2024-07-31,2024-07-31,0.066845222614841,0.8833333333333333,,1.6704994523059093,42267425.133233935,0.0,63038716.866766065,63038716.866766065,0,False
2024-08-02,2024-08-01,2024-07-31,0.066845222614841,0.8833333333333333,,1.6860939701197872,42271478.17400014,0.0,61611790.82599986,61611790.82599986,0,False
2024-08-05,2024-08-02,2024-07-31,0.066845222614841,0.8833333333333333,,1.7132563614434884,42283638.46224197,0.0,59282525.53775803,59282525.53775803,0,False
2024-08-06,2024-08-05,2024-07-31,0.066845222614841,0.8833333333333333,,1.6660200327773347,39105559.92356451,144.61744355567498,58715073.69387905,58715073.69387905,0,False
2024-08-07,2024-08-06,2024-07-31,0.066845222614841,0.8833333333333333,,1.6659974337292724,39795728.5631128,0.0,59753576.4368872,59753576.4368872,0,False
2024-08-08,2024-08-07,2024-07-31,0.066845222614841,0.8833333333333333,,1.6659978618806102,39855072.57219913,0.0,59842643.42780087,59842643.42780087,0,False
2024-08-09,2024-08-08,2024-07-31,0.066845222614841,0.8833333333333333,,1.6659990613836053,40420472.02639687,0.0,60691484.97360313,60691484.97360313,0,False
2024-08-12,2024-08-09,2024-07-31,0.066845222614841,0.8833333333333333,,1.6690483040029196,40432099.83341816,0.0,60432258.16658184,60432258.16658184,0,False
2024-08-13,2024-08-12,2024-07-31,0.066845222614841,0.8833333333333333,,1.66599927892264,40821800.25704712,0.0,61294060.74295288,61294060.74295288,0,False
2024-08-14,2024-08-13,2024-07-31,0.066845222614841,0.8833333333333333,,1.6670482970182126,40825714.67624985,0.0,61203536.32375015,61203536.32375015,0,False
2024-08-15,2024-08-14,2024-07-31,0.066845222614841,0.8833333333333333,,1.6659963080001416,41389761.07850784,0.0,62147132.92149216,62147132.92149216,0,False
2024-08-16,2024-08-15,2024-07-31,0.066845222614841,0.8833333333333333,,1.666000132915674,42280096.41654715,0.0,63483615.58345285,63483615.58345285,0,False
2024-08-19,2024-08-16,2024-07-31,0.066845222614841,0.8833333333333333,,1.6660215525908242,43088941.41342944,0.0,64696016.58657056,64696016.58657056,0,False
2024-08-20,2024-08-19,2024-07-31,0.066845222614841,0.8833333333333333,,1.6660232763614116,42684512.607000254,17.794720899380764,64088593.18772065,64088593.18772065,0,False
2024-08-21,2024-08-20,2024-07-31,0.066845222614841,0.8833333333333333,,1.6660214450210418,42174111.77340861,125.51092378646928,63322264.73751518,63322264.73751518,0,False
2024-08-22,2024-08-21,2024-07-31,0.066845222614841,0.8833333333333333,,1.6660015218392297,42443525.0426746,0.0,63728870.9573254,63728870.9573254,0,False
2024-08-23,2024-08-22,2024-07-31,0.066845222614841,0.8833333333333333,,1.6659972889108645,42972441.663373485,0.0,64523448.336626515,64523448.336626515,0,False
2024-08-26,2024-08-23,2024-07-31,0.066845222614841,0.8833333333333333,,1.6659997881195088,43411157.33806652,0.0,65181938.66193348,65181938.66193348,0,False
2024-08-27,2024-08-26,2024-07-31,0.066845222614841,0.8833333333333333,,1.6659960211196267,43941704.91460387,0.0,65978930.08539613,65978930.08539613,0,False
2024-08-28,2024-08-27,2024-07-31,0.066845222614841,0.8833333333333333,,1.6700802536353863,43945918.502746366,0.0,65583067.497253634,65583067.497253634,0,False
2024-08-29,2024-08-28,2024-07-31,0.066845222614841,0.8833333333333333,,1.7067173830083289,43950132.494931564,0.0,62189120.505068436,62189120.505068436,0,False
2024-08-30,2024-08-29,2024-07-31,0.066845222614841,0.8833333333333333,,1.7173503610022038,43953900.121718206,0.0,61272569.878281794,61272569.878281794,0,False
2024-09-02,2024-08-30,2024-08-30,0.07037703130755064,0.95,,1.7187687153311386,43966544.39435596,0.0,61169251.60564404,61169251.60564404,0,False
2024-09-03,2024-09-02,2024-08-30,0.07037703130755064,0.95,,1.7391606600805962,43970760.364366375,0.0,59487419.635633625,59487419.635633625,0,False
2024-09-04,2024-09-03,2024-08-30,0.07037703130755064,0.95,,1.766336718031629,43974976.73864789,0.0,57383361.26135211,57383361.26135211,0,False
2024-09-05,2024-09-04,2024-08-30,0.07037703130755064,0.95,,1.765777475810303,43979193.51723927,0.0,57430774.48276073,57430774.48276073,0,False
2024-09-06,2024-09-05,2024-08-30,0.07037703130755064,0.95,,1.6792714490953025,38992903.415679276,0.0,57404007.584320724,57404007.584320724,0,False
2024-09-09,2024-09-06,2024-08-30,0.07037703130755064,0.95,,1.7085392547512106,39004120.55227831,0.0,55048637.44772169,55048637.44772169,0,False
2024-09-10,2024-09-09,2024-08-30,0.07037703130755064,0.95,,1.695517066337641,39007860.67342716,0.0,56084692.32657284,56084692.32657284,0,False
2024-09-11,2024-09-10,2024-08-30,0.07037703130755064,0.95,,1.7306910411866125,39011601.15321776,0.0,53390008.84678224,53390008.84678224,0,False
2024-09-12,2024-09-11,2024-08-30,0.07037703130755064,0.95,,1.721891161483401,39015341.99168451,0.0,54046017.00831549,54046017.00831549,0,False
2024-09-13,2024-09-12,2024-08-30,0.07037703130755064,0.95,,1.7157885235866739,39019083.188861795,0.0,54512026.811138205,54512026.811138205,0,False
2024-09-18,2024-09-13,2024-08-30,0.07037703130755064,0.95,,1.7102423995092682,39037790.96847289,0.0,54964039.03152711,54964039.03152711,0,False
2024-09-19,2024-09-18,2024-08-30,0.07037703130755064,0.95,,1.7051591461721405,39041534.31829178,0.0,55365564.68170822,55365564.68170822,0,False
2024-09-20,2024-09-19,2024-08-30,0.07037703130755064,0.95,,1.697005527876299,39045278.02706203,0.0,56018605.97293797,56018605.97293797,0,False
2024-09-23,2024-09-20,2024-08-30,0.07037703130755064,0.95,,1.677970253896803,39056510.23033009,0.0,57607999.76966991,57607999.76966991,0,False
2024-09-24,2024-09-23,2024-08-30,0.07037703130755064,0.95,,1.6661939344087924,40598406.78422669,0.0,60940823.21577331,60940823.21577331,0,False
2024-09-25,2024-09-24,2024-08-30,0.07037703130755064,0.95,,1.6659975212202451,41704241.98244751,0.0,62619215.01755249,62619215.01755249,0,False
2024-09-26,2024-09-25,2024-08-30,0.07037703130755064,0.95,,1.665994153729885,42996427.632749945,0.0,64559767.367250055,64559767.367250055,0,False
2024-09-27,2024-09-26,2024-08-30,0.07037703130755064,0.95,,1.6659948528618032,43151087.135065414,0.0,64791922.864934586,64791922.864934586,0,False
2024-09-30,2024-09-27,2024-08-30,0.07037703130755064,0.95,,1.666004503190366,48250704.94190153,0.0,72448016.05809847,72448016.05809847,0,False
2024-10-08,2024-09-30,2024-09-30,0.057533383399209485,0.4666666666666667,,1.6660022364761875,52201016.519929014,0.0,78379641.48007098,78379641.48007098,0,False
2024-10-09,2024-10-08,2024-09-30,0.057533383399209485,0.4666666666666667,,1.7550632056014666,52206022.09685558,0.0,69141260.90314442,69141260.90314442,0,False
2024-10-10,2024-10-09,2024-09-30,0.057533383399209485,0.4666666666666667,,1.6731723827803344,48511920.022488974,0.0,72064631.97751102,72064631.97751102,0,False
2024-10-11,2024-10-10,2024-09-30,0.057533383399209485,0.4666666666666667,,1.6861988288423795,48516571.85043634,0.0,70703373.14956367,70703373.14956367,0,False
2024-10-14,2024-10-11,2024-09-30,0.057533383399209485,0.4666666666666667,,1.6660006170180675,49085995.434485495,0.0,73702627.5655145,73702627.5655145,0,False
2024-10-15,2024-10-14,2024-09-30,0.057533383399209485,0.4666666666666667,,1.6908873547082885,49090702.310760036,0.0,71054567.68923996,71054567.68923996,0,False
2024-10-16,2024-10-15,2024-09-30,0.057533383399209485,0.4666666666666667,,1.6707215744888164,49095409.63837887,0.0,73197898.36162113,73197898.36162113,0,False
2024-10-17,2024-10-16,2024-09-30,0.057533383399209485,0.4666666666666667,,1.6829391011092814,49100117.417385295,0.0,71895308.5826147,71895308.5826147,0,False
2024-10-18,2024-10-17,2024-09-30,0.057533383399209485,0.4666666666666667,,1.6659989931061678,48951055.251478165,122.45958558414759,73500010.20810741,73500010.20810741,0,False
2024-10-21,2024-10-18,2024-09-30,0.057533383399209485,0.4666666666666667,,1.6788962656004374,48965014.60230739,0.0,72124442.39769262,72124442.39769262,0,False
2024-10-22,2024-10-21,2024-09-30,0.057533383399209485,0.4666666666666667,,1.671264650908847,48326134.69816021,0.0,71992670.3018398,71992670.3018398,0,False
2024-10-23,2024-10-22,2024-09-30,0.057533383399209485,0.4666666666666667,,1.6690765478093554,48330768.71107647,0.0,72235036.28892353,72235036.28892353,0,False
2024-10-24,2024-10-23,2024-09-30,0.057533383399209485,0.4666666666666667,,1.6717974404730698,48335403.16835013,0.0,71949370.83164987,71949370.83164987,0,False
2024-10-25,2024-10-24,2024-09-30,0.057533383399209485,0.4666666666666667,,1.6772613114941748,48340038.070023805,0.0,71375755.9299762,71375755.9299762,0,False
2024-10-28,2024-10-25,2024-09-30,0.057533383399209485,0.4666666666666667,,1.683388897803551,48056478.36038272,0.0,70320835.63961728,70320835.63961728,0,False
2024-10-29,2024-10-28,2024-09-30,0.057533383399209485,0.4666666666666667,,1.6661868083473264,46618882.10844927,73.59143733436872,69978582.48298806,69978582.48298806,0,False
2024-10-30,2024-10-29,2024-09-30,0.057533383399209485,0.4666666666666667,,1.6662048800285416,45219898.289363354,145.80612759207986,67876645.51676424,67876645.51676424,0,False
2024-10-31,2024-10-30,2024-09-30,0.057533383399209485,0.4666666666666667,,1.6660181056782724,45516626.650576256,0.0,68341425.34942374,68341425.34942374,0,False
2024-11-01,2024-10-31,2024-10-31,0.06436090987124463,0.6833333333333333,,1.6660020140492338,46591554.10744124,0.0,69957076.89255875,69957076.89255875,0,False
2024-11-04,2024-11-01,2024-10-31,0.06436090987124463,0.6833333333333333,,1.6659997565552656,47561635.21168297,0.0,71413892.78831702,71413892.78831702,0,False
2024-11-05,2024-11-04,2024-10-31,0.06436090987124463,0.6833333333333333,,1.666024743308755,48947216.0198393,0.0,73491587.9801607,73491587.9801607,0,False
2024-11-06,2024-11-05,2024-10-31,0.06436090987124463,0.6833333333333333,,1.666044681557118,48342666.55005984,194.88916109978118,72581424.33910125,72581424.33910125,0,False
2024-11-07,2024-11-06,2024-10-31,0.06436090987124463,0.6833333333333333,,1.6660239188740642,49707938.34933109,0.0,74633863.65066892,74633863.65066892,0,False
2024-11-08,2024-11-07,2024-10-31,0.06436090987124463,0.6833333333333333,,1.6660140912958847,49046916.74459776,62.26177043359735,73642367.51717268,73642367.51717268,0,False
2024-11-11,2024-11-08,2024-10-31,0.06436090987124463,0.6833333333333333,,1.6660001024161188,49316984.74421605,0.0,74049515.25578395,74049515.25578395,0,False
2024-11-12,2024-11-11,2024-10-31,0.06436090987124463,0.6833333333333333,,1.6661549647886493,49264826.01307982,158.58120939972258,73953764.56812957,73953764.56812957,0,False
2024-11-13,2024-11-12,2024-10-31,0.06436090987124463,0.6833333333333333,,1.665999898701546,50179600.717702635,0.0,75344757.28229737,75344757.28229737,0,False
2024-11-14,2024-11-13,2024-10-31,0.06436090987124463,0.6833333333333333,,1.6952097359510105,50184412.46023721,0.0,72186003.5397628,72186003.5397628,0,False
2024-11-15,2024-11-14,2024-10-31,0.06436090987124463,0.6833333333333333,,1.7204353388917506,50189224.664171755,0.0,69665134.33582824,69665134.33582824,0,False
2024-11-18,2024-11-15,2024-10-31,0.06436090987124463,0.6833333333333333,,1.66613668807472,47224172.258798026,0.0,70892615.74120197,70892615.74120197,0,False
2024-11-19,2024-11-18,2024-10-31,0.06436090987124463,0.6833333333333333,,1.6660006554487108,49631503.825423114,0.0,74521704.17457688,74521704.17457688,0,False
2024-11-20,2024-11-19,2024-10-31,0.06436090987124463,0.6833333333333333,,1.6659977039094693,49853857.71433145,0.0,74855900.28566855,74855900.28566855,0,False
2024-11-21,2024-11-20,2024-10-31,0.06436090987124463,0.6833333333333333,,1.6672587452042549,49858618.22123556,0.0,74721565.77876444,74721565.77876444,0,False
2024-11-22,2024-11-21,2024-10-31,0.06436090987124463,0.6833333333333333,,1.6940307129655459,49863399.18462664,0.0,71846098.81537336,71846098.81537336,0,False
2024-11-25,2024-11-22,2024-10-31,0.06436090987124463,0.6833333333333333,,1.683971589075035,49877743.450145505,0.0,72923706.54985449,72923706.54985449,0,False
2024-11-26,2024-11-25,2024-10-31,0.06436090987124463,0.6833333333333333,,1.7031301594684274,49882526.247462645,0.0,70943516.75253735,70943516.75253735,0,False
2024-11-27,2024-11-26,2024-10-31,0.06436090987124463,0.6833333333333333,,1.6896646710829835,49887309.503404185,0.0,72335602.49659581,72335602.49659581,0,False
2024-11-28,2024-11-27,2024-10-31,0.06436090987124463,0.6833333333333333,,1.6847227325308485,48869645.2180141,0.0,71371436.78198591,71371436.78198591,0,False
2024-11-29,2024-11-28,2024-10-31,0.06436090987124463,0.6833333333333333,,1.6761859208950216,48874331.348377466,0.0,72279427.65162253,72279427.65162253,0,False
2024-12-02,2024-11-29,2024-11-29,0.0649003829787234,0.7333333333333333,,1.6787515418114058,48888391.087532476,0.0,72026931.91246752,72026931.91246752,0,False
2024-12-03,2024-12-02,2024-11-29,0.0649003829787234,0.7333333333333333,,1.665997874944119,48946628.82463498,0.0,73493671.17536503,73493671.17536503,0,False
2024-12-04,2024-12-03,2024-11-29,0.0649003829787234,0.7333333333333333,,1.6659988184586096,49137389.69740803,0.0,73779995.30259198,73779995.30259198,0,False
2024-12-05,2024-12-04,2024-11-29,0.0649003829787234,0.7333333333333333,,1.6700596062776283,49142101.50189956,0.0,73339895.49810043,73339895.49810043,0,False
2024-12-06,2024-12-05,2024-11-29,0.0649003829787234,0.7333333333333333,,1.6659968625259043,49599403.43215796,0.0,74473929.56784204,74473929.56784204,0,False
2024-12-09,2024-12-06,2024-11-29,0.0649003829787234,0.7333333333333333,,1.6659989040399321,49769196.601673245,0.0,74728646.39832675,74728646.39832675,0,False
2024-12-10,2024-12-09,2024-11-29,0.0649003829787234,0.7333333333333333,,1.6659987075368814,49900238.525598474,0.0,74925428.47440153,74925428.47440153,0,False
2024-12-11,2024-12-10,2024-11-29,0.0649003829787234,0.7333333333333333,,1.6690163327861471,49905023.47997764,0.0,74594626.52002236,74594626.52002236,0,False
2024-12-12,2024-12-11,2024-11-29,0.0649003829787234,0.7333333333333333,,1.6659951437461664,50099521.59065805,0.0,75225055.40934196,75225055.40934196,0,False
2024-12-13,2024-12-12,2024-11-29,0.0649003829787234,0.7333333333333333,,1.6947994949761,50104325.654372215,0.0,72113359.34562778,72113359.34562778,0,False
2024-12-16,2024-12-13,2024-11-29,0.0649003829787234,0.7333333333333333,,1.6906569961400533,50112855.23242566,0.0,72558238.76757434,72558238.76757434,0,False
2024-12-17,2024-12-16,2024-11-29,0.0649003829787234,0.7333333333333333,,1.6956467536147544,50117660.57470822,0.0,72044698.42529178,72044698.42529178,0,False
2024-12-18,2024-12-17,2024-11-29,0.0649003829787234,0.7333333333333333,,1.684143833755973,50122466.37777703,0.0,73263053.62222296,73263053.62222296,0,False
2024-12-19,2024-12-18,2024-11-29,0.0649003829787234,0.7333333333333333,,1.6902153625509155,50127272.64167627,0.0,72625553.35832372,72625553.35832372,0,False
2024-12-20,2024-12-19,2024-11-29,0.0649003829787234,0.7333333333333333,,1.6939398245101958,50132079.36645013,0.0,72242689.63354987,72242689.63354987,0,False
2024-12-23,2024-12-20,2024-11-29,0.0649003829787234,0.7333333333333333,,1.6808444558105422,50146500.92352815,0.0,73653388.07647185,73653388.07647185,0,False
2024-12-24,2024-12-23,2024-11-29,0.0649003829787234,0.7333333333333333,,1.6674563849681907,50151309.49210986,0.0,75137957.50789014,75137957.50789014,0,False
2024-12-25,2024-12-24,2024-11-29,0.0649003829787234,0.7333333333333333,,1.6674900506552486,50156118.52178718,0.0,75141372.47821282,75141372.47821282,0,False
2024-12-26,2024-12-25,2024-11-29,0.0649003829787234,0.7333333333333333,,1.666066456918921,50160928.01260434,0.0,75309193.98739566,75309193.98739566,0,False
2024-12-27,2024-12-26,2024-11-29,0.0649003829787234,0.7333333333333333,,1.6659983069067557,50220415.70962555,0.0,75406221.29037446,75406221.29037446,0,False
2024-12-30,2024-12-27,2024-11-29,0.0649003829787234,0.7333333333333333,,1.665996080670023,51423843.45202832,0.0,77213432.54797168,77213432.54797168,0,False
2024-12-31,2024-12-30,2024-11-29,0.0649003829787234,0.7333333333333333,,1.6831671812596876,51428774.50551002,0.0,75279925.49448998,75279925.49448998,0,False
2025-01-02,2024-12-31,2024-12-31,0.06528245447087777,0.7666666666666667,,1.7052053588220557,51438637.55815491,0.0,72941359.44184509,72941359.44184509,0,False
2025-01-03,2025-01-02,2024-12-31,0.06528245447087777,0.7666666666666667,,1.7172058835568886,51443570.03024953,0.0,71727757.96975046,71727757.96975046,0,False
2025-01-06,2025-01-03,2024-12-31,0.06528245447087777,0.7666666666666667,,1.7134599592909725,51458368.86546371,0.0,72125097.1345363,72125097.1345363,0,False
2025-01-07,2025-01-06,2024-12-31,0.06528245447087777,0.7666666666666667,,1.7045891502385846,51462562.6100615,0.0,73039107.3899385,73039107.3899385,0,False
2025-01-08,2025-01-07,2024-12-31,0.06528245447087777,0.7666666666666667,,1.7048377383350661,51467497.376339175,0.0,73020348.62366083,73020348.62366083,0,False
2025-01-09,2025-01-08,2024-12-31,0.06528245447087777,0.7666666666666667,,1.7152262321111875,51472432.61581362,0.0,71966645.38418639,71966645.38418639,0,False
2025-01-10,2025-01-09,2024-12-31,0.06528245447087777,0.7666666666666667,,1.7313779401416396,51477368.32853021,0.0,70384086.6714698,70384086.6714698,0,False
2025-01-13,2025-01-10,2024-12-31,0.06528245447087777,0.7666666666666667,,1.7186286806078654,51492176.88654252,0.0,71653384.11345747,71653384.11345747,0,False
2025-01-14,2025-01-13,2024-12-31,0.06528245447087777,0.7666666666666667,,1.7011452322488012,51497114.492545344,0.0,73447143.50745466,73447143.50745466,0,False
2025-01-15,2025-01-14,2024-12-31,0.06528245447087777,0.7666666666666667,,1.7002906684983665,51502052.57201723,0.0,73543822.42798278,73543822.42798278,0,False
2025-01-16,2025-01-15,2024-12-31,0.06528245447087777,0.7666666666666667,,1.6866101194118515,51506991.12500359,0.0,75016358.87499641,75016358.87499641,0,False
2025-01-17,2025-01-16,2024-12-31,0.06528245447087777,0.7666666666666667,,1.684664688501277,51511930.15154982,0.0,75236726.84845018,75236726.84845018,0,False
2025-01-20,2025-01-17,2024-12-31,0.06528245447087777,0.7666666666666667,,1.6962068802463888,51396596.652004376,0.0,73823741.34799562,73823741.34799562,0,False
2025-01-21,2025-01-20,2024-12-31,0.06528245447087777,0.7666666666666667,,1.7139271464105965,51401525.09277923,0.0,71998277.90722078,71998277.90722078,0,False
2025-01-22,2025-01-21,2024-12-31,0.06528245447087777,0.7666666666666667,,1.7286738451678492,51406454.006144285,0.0,70547960.99385571,70547960.99385571,0,False
2025-01-23,2025-01-22,2024-12-31,0.06528245447087777,0.7666666666666667,,1.7148898903480099,51411383.392144874,0.0,71915107.60785513,71915107.60785513,0,False
2025-01-24,2025-01-23,2024-12-31,0.06528245447087777,0.7666666666666667,,1.7204744115092852,51416313.250826314,0.0,71364523.74917369,71364523.74917369,0,False
2025-01-27,2025-01-24,2024-12-31,0.06528245447087777,0.7666666666666667,,1.7147929559064152,51431104.245049156,0.0,71952449.75495085,71952449.75495085,0,False
2025-02-05,2025-01-27,2025-01-27,0.06887987563884157,0.9333333333333333,,1.7292455950282712,51475489.99254831,0.0,70587317.00745168,70587317.00745168,0,False
2025-02-06,2025-02-05,2025-01-27,0.06887987563884157,0.9333333333333333,,1.719293193779608,51480425.99843801,0.0,71570851.001562,71570851.001562,0,False
2025-02-07,2025-02-06,2025-01-27,0.06887987563884157,0.9333333333333333,,1.7152510512703267,51485362.47764334,0.0,71982225.52235666,71982225.52235666,0,False
2025-02-10,2025-02-07,2025-01-27,0.06887987563884157,0.9333333333333333,,1.7121312923159289,51500173.33534239,0.0,72318368.66465761,72318368.66465761,0,False
2025-02-11,2025-02-10,2025-01-27,0.06887987563884157,0.9333333333333333,,1.7140443803403524,51505111.708127975,0.0,72131527.29187202,72131527.29187202,0,False
2025-02-12,2025-02-11,2025-01-27,0.06887987563884157,0.9333333333333333,,1.692483084573485,51510050.55445615,0.0,74384561.44554386,74384561.44554386,0,False
2025-02-13,2025-02-12,2025-01-27,0.06887987563884157,0.9333333333333333,,1.7041818937925306,51514989.87437233,0.0,73155800.12562767,73155800.12562767,0,False
2025-02-14,2025-02-13,2025-01-27,0.06887987563884157,0.9333333333333333,,1.697968001783046,51519929.66792193,0.0,73814171.33207807,73814171.33207807,0,False
2025-02-17,2025-02-14,2025-01-27,0.06887987563884157,0.9333333333333333,,1.7090776272329615,51534750.46960723,0.0,72678573.53039277,72678573.53039277,0,False
2025-02-18,2025-02-17,2025-01-27,0.06887987563884157,0.9333333333333333,,1.701494553943647,51539692.15800842,0.0,73471264.84199157,73471264.84199157,0,False
2025-02-19,2025-02-18,2025-01-27,0.06887987563884157,0.9333333333333333,,1.7022515403311846,51544634.32027014,0.0,73399104.67972985,73399104.67972985,0,False
2025-02-20,2025-02-19,2025-01-27,0.06887987563884157,0.9333333333333333,,1.7064928946537192,51549576.95643784,0.0,72965457.04356216,72965457.04356216,0,False
2025-02-21,2025-02-20,2025-01-27,0.06887987563884157,0.9333333333333333,,1.7113870260027413,51554520.06655695,0.0,72470424.93344304,72470424.93344304,0,False
2025-02-24,2025-02-21,2025-01-27,0.06887987563884157,0.9333333333333333,,1.7252691829266835,51569350.81890487,0.0,71103739.18109512,71103739.18109512,0,False
2025-02-25,2025-02-24,2025-01-27,0.06887987563884157,0.9333333333333333,,1.7277848072567097,51574295.82514778,0.0,70864760.17485222,70864760.17485222,0,False
2025-02-26,2025-02-25,2025-01-27,0.06887987563884157,0.9333333333333333,,1.723459242011943,51579241.305569366,0.0,71295296.69443063,71295296.69443063,0,False
2025-02-27,2025-02-26,2025-01-27,0.06887987563884157,0.9333333333333333,,1.7040289740965129,51584187.2602151,0.0,73269977.7397849,73269977.7397849,0,False
2025-02-28,2025-02-27,2025-01-27,0.06887987563884157,0.9333333333333333,,1.7179679624195439,51589133.68913047,0.0,71854367.31086953,71854367.31086953,0,False
2025-03-03,2025-02-28,2025-02-28,0.06745036886632826,0.8666666666666667,,1.7069076943188493,51603974.39882186,0.0,72999593.60117814,72999593.60117814,0,False
2025-03-04,2025-03-03,2025-02-28,0.06745036886632826,0.8666666666666667,,1.7213966481325882,51608922.725134075,0.0,71540286.27486593,71540286.27486593,0,False
2025-03-05,2025-03-04,2025-02-28,0.06745036886632826,0.8666666666666667,,1.7164024562659177,51613871.52594333,0.0,72045916.47405666,72045916.47405666,0,False
2025-03-06,2025-03-05,2025-02-28,0.06745036886632826,0.8666666666666667,,1.7160261104847325,51618820.80129513,0.0,72090696.19870487,72090696.19870487,0,False
2025-03-07,2025-03-06,2025-02-28,0.06745036886632826,0.8666666666666667,,1.7161122907170945,51623770.55123498,0.0,72088932.44876501,72088932.44876501,0,False
2025-03-10,2025-03-07,2025-02-28,0.06745036886632826,0.8666666666666667,,1.720444565047577,51638621.2249552,0.0,71676050.7750448,71676050.7750448,0,False
2025-03-11,2025-03-10,2025-02-28,0.06745036886632826,0.8666666666666667,,1.6660324696558668,48049544.44220517,260.7975993532391,72142554.35539418,72142554.35539418,0,False
2025-03-12,2025-03-11,2025-02-28,0.06745036886632826,0.8666666666666667,,1.6660685372517907,47706876.6119776,91.02239883132279,71624439.41042122,71624439.41042122,0,False
2025-03-13,2025-03-12,2025-02-28,0.06745036886632826,0.8666666666666667,,1.6659945283906334,48074007.10835265,0.0,72183786.89164734,72183786.89164734,0,False
2025-03-14,2025-03-13,2025-02-28,0.06745036886632826,0.8666666666666667,,1.6659964444748059,48581352.239450715,0.0,72945362.76054928,72945362.76054928,0,False
2025-03-17,2025-03-14,2025-02-28,0.06745036886632826,0.8666666666666667,,1.6659972674281172,48603106.77463426,0.0,72977937.22536574,72977937.22536574,0,False
2025-03-18,2025-03-17,2025-02-28,0.06745036886632826,0.8666666666666667,,1.6661223611180698,48322651.41321984,112.35973308095708,72543036.94651324,72543036.94651324,0,False
2025-03-19,2025-03-18,2025-02-28,0.06745036886632826,0.8666666666666667,,1.6661235011146374,48365489.299929395,0.0,72607390.7000706,72607390.7000706,0,False
2025-03-20,2025-03-19,2025-02-28,0.06745036886632826,0.8666666666666667,,1.6663421956189415,48370127.08657459,0.0,72590520.91342542,72590520.91342542,0,False
2025-03-21,2025-03-20,2025-02-28,0.06745036886632826,0.8666666666666667,,1.679952239278376,48374765.31793906,0.0,71144357.68206094,71144357.68206094,0,False
2025-03-24,2025-03-21,2025-02-28,0.06745036886632826,0.8666666666666667,,1.6661223966262209,47659591.137352094,79.49235390109266,71547679.3550018,71547679.3550018,0,False
2025-03-25,2025-03-24,2025-02-28,0.06745036886632826,0.8666666666666667,,1.6661185571344024,48128417.18456849,0.0,72252028.8154315,72252028.8154315,0,False
2025-03-26,2025-03-25,2025-02-28,0.06745036886632826,0.8666666666666667,,1.6718162597981296,48133032.23827112,0.0,71646125.76172888,71646125.76172888,0,False
2025-03-27,2025-03-26,2025-02-28,0.06745036886632826,0.8666666666666667,,1.671511124045262,48137268.93035314,0.0,71684991.06964687,71684991.06964687,0,False
2025-03-28,2025-03-27,2025-02-28,0.06745036886632826,0.8666666666666667,,1.683600922683001,48141884.83285331,0.0,70423961.16714668,70423961.16714668,0,False
2025-03-31,2025-03-28,2025-02-28,0.06745036886632826,0.8666666666666667,,1.6772325777414785,48155733.86821619,0.0,71106641.13178381,71106641.13178381,0,False
2025-04-01,2025-03-31,2025-03-31,0.06676064346349747,0.8166666666666667,,1.6678815833369236,48160351.541326836,0.0,72109117.45867316,72109117.45867316,0,False
2025-04-02,2025-04-01,2025-03-31,0.06676064346349747,0.8166666666666667,,1.6660225626375929,47804789.58628612,77.27340806040365,71776415.68712193,71776415.68712193,0,False
2025-04-03,2025-04-02,2025-03-31,0.06676064346349747,0.8166666666666667,,1.666022604433333,47350274.771690995,79.73865369960276,71093975.96696271,71093975.96696271,0,False
2025-04-07,2025-04-03,2025-03-31,0.06676064346349747,0.8166666666666667,,1.6663962346732442,41280646.177011654,92.67843686119153,61945958.50142521,61945958.50142521,0,False
2025-04-08,2025-04-07,2025-03-31,0.06676064346349747,0.8166666666666667,,1.6660923092139701,42921822.846471354,0.0,64438250.153528646,64438250.153528646,0,False
2025-04-09,2025-04-08,2025-03-31,0.06676064346349747,0.8166666666666667,,1.666069366053083,42413068.05128966,58.08246645331383,63676566.03117679,63676566.03117679,0,False
2025-04-10,2025-04-09,2025-03-31,0.06676064346349747,0.8166666666666667,,1.6660425418102425,42879443.516068675,0.0,64379436.483931325,64379436.483931325,0,False
2025-04-11,2025-04-10,2025-03-31,0.06676064346349747,0.8166666666666667,,1.6713827195160076,42883555.24352912,0.0,63873486.75647088,63873486.75647088,0,False
2025-04-14,2025-04-11,2025-03-31,0.06676064346349747,0.8166666666666667,,1.6659973523747096,43177910.62741616,0.0,64831955.37258384,64831955.37258384,0,False
2025-04-15,2025-04-14,2025-03-31,0.06676064346349747,0.8166666666666667,,1.665998401263358,43858230.288010575,0.0,65853356.711989425,65853356.711989425,0,False
2025-04-16,2025-04-15,2025-03-31,0.06676064346349747,0.8166666666666667,,1.6660217969125548,44628796.33599682,0.0,67008011.66400318,67008011.66400318,0,False
2025-04-17,2025-04-16,2025-03-31,0.06676064346349747,0.8166666666666667,,1.6659978846415822,44794072.402158074,0.0,67258580.59784192,67258580.59784192,0,False
2025-04-18,2025-04-17,2025-03-31,0.06676064346349747,0.8166666666666667,,1.6659993057666214,45678977.78062924,0.0,68587125.21937075,68587125.21937075,0,False
2025-04-21,2025-04-18,2025-03-31,0.06676064346349747,0.8166666666666667,,1.680640357110894,45690995.88376395,0.0,67129425.11623606,67129425.11623606,0,False
2025-04-22,2025-04-21,2025-03-31,0.06676064346349747,0.8166666666666667,,1.6775271369041957,45695377.212136365,0.0,67444349.78786364,67444349.78786364,0,False
2025-04-23,2025-04-22,2025-03-31,0.06676064346349747,0.8166666666666667,,1.6806924852827625,45699758.96063616,0.0,67137158.03936383,67137158.03936383,0,False
2025-04-24,2025-04-23,2025-03-31,0.06676064346349747,0.8166666666666667,,1.6698664408212593,45704141.12930362,0.0,68228736.87069638,68228736.87069638,0,False
2025-04-25,2025-04-24,2025-03-31,0.06676064346349747,0.8166666666666667,,1.6718585552689376,45708523.71817903,0.0,68032956.28182097,68032956.28182097,0,False
2025-04-28,2025-04-25,2025-03-31,0.06676064346349747,0.8166666666666667,,1.6660002964852756,46045595.299070016,0.0,69137499.70092998,69137499.70092998,0,False
2025-04-29,2025-04-28,2025-03-31,0.06676064346349747,0.8166666666666667,,1.6809052630959973,46050010.63012609,0.0,67630569.36987391,67630569.36987391,0,False
2025-04-30,2025-04-29,2025-03-31,0.06676064346349747,0.8166666666666667,,1.693595369380482,46054426.38457008,0.0,66399558.61542992,66399558.61542992,0,False
2025-05-06,2025-04-30,2025-04-30,0.07078920191470844,0.9666666666666667,,1.6994309248976731,46080923.45180503,0.0,65883451.54819497,65883451.54819497,0,False
2025-05-07,2025-05-06,2025-04-30,0.07078920191470844,0.9666666666666667,,1.6660154392252415,44590512.0724522,401.30002000764944,66950566.22756781,66950566.22756781,0,False
2025-05-08,2025-05-07,2025-04-30,0.07078920191470844,0.9666666666666667,,1.6659953566711072,44945371.17901969,0.0,67486012.82098031,67486012.82098031,0,False
2025-05-09,2025-05-08,2025-04-30,0.07078920191470844,0.9666666666666667,,1.6659993772089998,45836952.55512275,0.0,68824317.44487725,68824317.44487725,0,False
2025-05-12,2025-05-09,2025-04-30,0.07078920191470844,0.9666666666666667,,1.6659972993815977,46092187.15019559,0.0,69207768.8498044,69207768.8498044,0,False
2025-05-13,2025-05-12,2025-04-30,0.07078920191470844,0.9666666666666667,,1.6660005495824715,47428330.42243342,0.0,71213650.57756658,71213650.57756658,0,False
2025-05-14,2025-05-13,2025-04-30,0.07078920191470844,0.9666666666666667,,1.6659988060715722,48624969.46012872,0.0,73010595.53987128,73010595.53987128,0,False
2025-05-15,2025-05-14,2025-04-30,0.07078920191470844,0.9666666666666667,,1.673936517429905,48629632.128433116,0.0,72157585.87156689,72157585.87156689,0,False
2025-05-16,2025-05-15,2025-04-30,0.07078920191470844,0.9666666666666667,,1.6846144832032564,48634295.24384269,0.0,71038951.75615731,71038951.75615731,0,False
2025-05-19,2025-05-16,2025-04-30,0.07078920191470844,0.9666666666666667,,1.6844343341275512,48648285.931515574,0.0,71078091.06848443,71078091.06848443,0,False
2025-05-20,2025-05-19,2025-04-30,0.07078920191470844,0.9666666666666667,,1.6866429211689644,48652950.835645996,0.0,70856262.164354,70856262.164354,0,False
2025-05-21,2025-05-20,2025-04-30,0.07078920191470844,0.9666666666666667,,1.6726223289557052,48657616.18709599,0.0,72340173.812904,72340173.812904,0,False
2025-05-22,2025-05-21,2025-04-30,0.07078920191470844,0.9666666666666667,,1.6659989597314586,49129739.35951846,0.0,73768492.64048153,73768492.64048153,0,False
2025-05-23,2025-05-22,2025-04-30,0.07078920191470844,0.9666666666666667,,1.677438382123063,49134450.43041595,0.0,72529770.56958404,72529770.56958404,0,False
2025-05-26,2025-05-23,2025-04-30,0.07078920191470844,0.9666666666666667,,1.6857453108385347,49148584.99834799,0.0,71671777.001652,71671777.001652,0,False
2025-05-27,2025-05-26,2025-04-30,0.07078920191470844,0.9666666666666667,,1.6810982906626275,49153297.876361534,0.0,72167701.12363847,72167701.12363847,0,False
2025-05-28,2025-05-27,2025-04-30,0.07078920191470844,0.9666666666666667,,1.6820615406872925,49158011.20629489,0.0,72072691.7937051,72072691.7937051,0,False
2025-05-29,2025-05-28,2025-04-30,0.07078920191470844,0.9666666666666667,,1.6828205941405492,49162724.98819138,0.0,71999476.01180862,71999476.01180862,0,False
2025-05-30,2025-05-29,2025-04-30,0.07078920191470844,0.9666666666666667,,1.6769796638107715,49167439.22209436,0.0,72627645.77790564,72627645.77790564,0,False
2025-06-03,2025-05-30,2025-05-30,0.06853949190110827,0.8833333333333333,,1.6659985609024015,50357379.57453557,0.0,75611844.42546442,75611844.42546442,0,False
2025-06-04,2025-06-03,2025-05-30,0.06853949190110827,0.8833333333333333,,1.6676802686188523,50362208.364357784,0.0,75428630.63564222,75428630.63564222,0,False
2025-06-05,2025-06-04,2025-05-30,0.06853949190110827,0.8833333333333333,,1.6751982954826072,50367037.61721464,0.0,74595919.38278535,74595919.38278535,0,False
2025-06-06,2025-06-05,2025-05-30,0.06853949190110827,0.8833333333333333,,1.6742528146003375,50371867.33315054,0.0,74707685.66684946,74707685.66684946,0,False
2025-06-09,2025-06-06,2025-05-30,0.06853949190110827,0.8833333333333333,,1.668939789654225,50386357.870328575,0.0,75322710.12967142,75322710.12967142,0,False
2025-06-10,2025-06-09,2025-05-30,0.06853949190110827,0.8833333333333333,,1.666106424801254,50176819.99369828,382.7193667916208,75327958.72566852,75327958.72566852,0,False
2025-06-11,2025-06-10,2025-05-30,0.06853949190110827,0.8833333333333333,,1.6659962614898154,50447278.85518129,0.0,75747090.14481871,75747090.14481871,0,False
2025-06-12,2025-06-11,2025-05-30,0.06853949190110827,0.8833333333333333,,1.6660004166139388,50866537.437792465,0.0,76376134.56220753,76376134.56220753,0,False
2025-06-13,2025-06-12,2025-05-30,0.06853949190110827,0.8833333333333333,,1.6686642230329214,50871415.05097143,0.0,76079163.94902857,76079163.94902857,0,False
2025-06-16,2025-06-13,2025-05-30,0.06853949190110827,0.8833333333333333,,1.666180196008085,51019033.15201733,0.0,76584433.84798267,76584433.84798267,0,False
2025-06-17,2025-06-16,2025-05-30,0.06853949190110827,0.8833333333333333,,1.6696844727863698,51023925.388073005,0.0,76190993.611927,76190993.611927,0,False
2025-06-18,2025-06-17,2025-05-30,0.06853949190110827,0.8833333333333333,,1.6659974550128225,51494000.08950721,0.0,77318613.9104928,77318613.9104928,0,False
2025-06-19,2025-06-18,2025-05-30,0.06853949190110827,0.8833333333333333,,1.6659999719649616,51570974.73777771,0.0,77433899.26222229,77433899.26222229,0,False
2025-06-20,2025-06-19,2025-05-30,0.06853949190110827,0.8833333333333333,,1.6660008325780786,52230794.969108865,0.0,78424519.03089114,78424519.03089114,0,False
2025-06-23,2025-06-20,2025-05-30,0.06853949190110827,0.8833333333333333,,1.6659997370909627,53389446.00844176,0.0,80164364.99155824,80164364.99155824,0,False
2025-06-24,2025-06-23,2025-05-30,0.06853949190110827,0.8833333333333333,,1.66823147917002,53394565.54436038,0.0,79904295.45563963,79904295.45563963,0,False
2025-06-25,2025-06-24,2025-05-30,0.06853949190110827,0.8833333333333333,,1.6659992581064191,53737822.6785434,0.0,80687511.32145661,80687511.32145661,0,False
2025-06-26,2025-06-25,2025-05-30,0.06853949190110827,0.8833333333333333,,1.6659994633746642,54580443.33980408,0.0,81952683.66019592,81952683.66019592,0,False
2025-06-27,2025-06-26,2025-05-30,0.06853949190110827,0.8833333333333333,,1.6856244928737187,54585498.58094626,0.0,79614277.41905373,79614277.41905373,0,False
2025-06-30,2025-06-27,2025-05-30,0.06853949190110827,0.8833333333333333,,1.666019985643078,52627702.111758925,173.75378869282315,79017941.64202976,79017941.64202976,0,False
2025-07-01,2025-06-30,2025-06-30,0.06456827714748785,0.6,,1.665999491808075,53553236.151333556,0.0,80410325.84866644,80410325.84866644,0,False
2025-07-02,2025-07-01,2025-06-30,0.06456827714748785,0.6,,1.6659970915737112,54312189.21445628,0.0,81550189.78554371,81550189.78554371,0,False
2025-07-03,2025-07-02,2025-06-30,0.06456827714748785,0.6,,1.6660241469531334,54767584.32001013,0.0,82230628.67998987,82230628.67998987,0,False
2025-07-04,2025-07-03,2025-06-30,0.06456827714748785,0.6,,1.6659995410963917,55485937.35035781,0.0,83312275.6496422,83312275.6496422,0,False
2025-07-07,2025-07-04,2025-06-30,0.06456827714748785,0.6,,1.665999035203452,55856713.026062705,0.0,83869059.9739373,83869059.9739373,0,False
2025-07-08,2025-07-07,2025-06-30,0.06456827714748785,0.6,,1.6660002022356701,56417431.146189585,0.0,84710831.85381041,84710831.85381041,0,False
2025-07-09,2025-07-08,2025-06-30,0.06456827714748785,0.6,,1.6660242652865216,57032070.06332745,0.0,85630618.93667255,85630618.93667255,0,False
2025-07-10,2025-07-09,2025-06-30,0.06456827714748785,0.6,,1.666000257999885,57734294.58074365,0.0,86688096.41925636,86688096.41925636,0,False
2025-07-11,2025-07-10,2025-06-30,0.06456827714748785,0.6,,1.6755430545989192,57136464.913977414,0.0,84578569.08602259,84578569.08602259,0,False
2025-07-14,2025-07-11,2025-06-30,0.06456827714748785,0.6,,1.666011566875276,57543376.440351434,0.0,86399965.55964857,86399965.55964857,0,False
2025-07-15,2025-07-14,2025-06-30,0.06456827714748785,0.6,,1.675818253420832,57548894.29836626,0.0,85154394.70163374,85154394.70163374,0,False
2025-07-16,2025-07-15,2025-06-30,0.06456827714748785,0.6,,1.6833046630868302,57182094.29179076,0.0,83684624.70820925,83684624.70820925,0,False
2025-07-17,2025-07-16,2025-06-30,0.06456827714748785,0.6,,1.6662817317573138,56324275.006796286,96.50846439126093,84535078.50166811,84535078.50166811,0,False
2025-07-18,2025-07-17,2025-06-30,0.06456827714748785,0.6,,1.6661765125688517,58149292.82329927,0.0,87288116.17670074,87288116.17670074,0,False
2025-07-21,2025-07-18,2025-06-30,0.06456827714748785,0.6,,1.6661008657308358,57409481.91643028,387.855593626213,86186787.93916334,86186787.93916334,0,False
2025-07-22,2025-07-21,2025-06-30,0.06456827714748785,0.6,,1.6660588210925449,57774456.20346055,0.0,86740771.79653946,86740771.79653946,0,False
2025-07-23,2025-07-22,2025-06-30,0.06456827714748785,0.6,,1.6663492736263632,57267734.12760732,214.20054849044323,85942196.07294115,85942196.07294115,0,False
2025-07-24,2025-07-23,2025-06-30,0.06456827714748785,0.6,,1.6661763865458752,59308275.238449015,0.0,89027885.761551,89027885.761551,0,False
2025-07-25,2025-07-24,2025-06-30,0.06456827714748785,0.6,,1.6660993650118072,60030727.51815489,0.0,90122781.48184511,90122781.48184511,0,False
2025-07-28,2025-07-25,2025-06-30,0.06456827714748785,0.6,,1.6662741008410378,59032052.43538736,82.86445683849126,88600126.42906947,88600126.42906947,0,False
2025-07-29,2025-07-28,2025-06-30,0.06456827714748785,0.6,,1.6662756000471861,58987440.060986936,348.14095864165574,88532571.0799717,88532571.0799717,0,False
2025-07-30,2025-07-29,2025-06-30,0.06456827714748785,0.6,,1.6661589442393396,58273910.2575685,1.2261713476156046,87477484.96860284,87477484.96860284,0,False
2025-07-31,2025-07-30,2025-06-30,0.06456827714748785,0.6,,1.682925815172561,56953828.58744993,0.0,83396801.41255006,83396801.41255006,0,False
2025-08-01,2025-07-31,2025-07-31,0.06334185209003215,0.5333333333333333,,1.6660875723950757,57186739.625758864,0.0,85854686.37424114,85854686.37424114,0,False
2025-08-04,2025-08-01,2025-07-31,0.06334185209003215,0.5333333333333333,,1.6660241056663256,57388623.45888121,0.0,86165985.5411188,86165985.5411188,0,False
2025-08-05,2025-08-04,2025-07-31,0.06334185209003215,0.5333333333333333,,1.6660892663610507,57377145.76793902,88.59178997979461,86140191.82385093,86140191.82385093,0,False
2025-08-06,2025-08-05,2025-07-31,0.06334185209003215,0.5333333333333333,,1.666018542027415,58073642.37239638,0.0,87195233.62760362,87195233.62760362,0,False
2025-08-07,2025-08-06,2025-07-31,0.06334185209003215,0.5333333333333333,,1.6661074049059534,58996018.67278934,0.0,88568327.32721066,88568327.32721066,0,False
2025-08-08,2025-08-07,2025-07-31,0.06334185209003215,0.5333333333333333,,1.6660224371151537,60378076.930594824,0.0,90654719.06940517,90654719.06940517,0,False
2025-08-11,2025-08-08,2025-07-31,0.06334185209003215,0.5333333333333333,,1.6660019436878746,63699783.126114175,0.0,95645040.87388583,95645040.87388583,0,False
2025-08-12,2025-08-11,2025-07-31,0.06334185209003215,0.5333333333333333,,1.6659979540985754,64938008.78196613,0.0,97504817.21803388,97504817.21803388,0,False
2025-08-13,2025-08-12,2025-07-31,0.06334185209003215,0.5333333333333333,,1.6707292907267741,64944235.71431509,0.0,96826300.28568491,96826300.28568491,0,False
2025-08-14,2025-08-13,2025-07-31,0.06334185209003215,0.5333333333333333,,1.6834734418676733,64950463.24376714,0.0,95029973.75623286,95029973.75623286,0,False
2025-08-15,2025-08-14,2025-07-31,0.06334185209003215,0.5333333333333333,,1.6659995697434768,67701083.22027956,0.0,101653343.77972044,101653343.77972044,0,False
2025-08-18,2025-08-15,2025-07-31,0.06334185209003215,0.5333333333333333,,1.6659993539141098,69511773.88633662,0.0,104372134.11366338,104372134.11366338,0,False
2025-08-19,2025-08-18,2025-07-31,0.06334185209003215,0.5333333333333333,,1.6939474562348598,69518439.39890108,0.0,100178246.60109892,100178246.60109892,0,False
2025-08-20,2025-08-19,2025-07-31,0.06334185209003215,0.5333333333333333,,1.6938332042354691,69525105.55062425,0.0,100204350.44937575,100204350.44937575,0,False
2025-08-21,2025-08-20,2025-07-31,0.06334185209003215,0.5333333333333333,,1.7067582908519012,69531772.34156746,0.0,98381261.65843254,98381261.65843254,0,False
2025-08-22,2025-08-21,2025-07-31,0.06334185209003215,0.5333333333333333,,1.6855338100198634,69538439.771792,0.0,101436922.228208,101436922.228208,0,False
2025-08-25,2025-08-22,2025-07-31,0.06334185209003215,0.5333333333333333,,1.6797536567600535,69558443.98049347,0.0,102328900.01950653,102328900.01950653,0,False
2025-08-26,2025-08-25,2025-07-31,0.06334185209003215,0.5333333333333333,,1.6659971972802863,70214315.37257242,0.0,105427343.62742758,105427343.62742758,0,False
2025-08-27,2025-08-26,2025-07-31,0.06334185209003215,0.5333333333333333,,1.6981090031338384,70221048.25212869,0.0,100587512.74787131,100587512.74787131,0,False
2025-08-28,2025-08-27,2025-07-31,0.06334185209003215,0.5333333333333333,,1.6852176092468356,70225388.00130355,0.0,102486256.99869645,102486256.99869645,0,False
2025-08-29,2025-08-28,2025-07-31,0.06334185209003215,0.5333333333333333,,1.6800781610521196,70232121.94261874,0.0,103270662.05738126,103270662.05738126,0,False
2025-09-01,2025-08-29,2025-08-29,0.05720678987150416,0.3333333333333333,,1.6659958204950924,70364760.07014552,0.0,105653455.92985448,105653455.92985448,0,False
2025-09-02,2025-09-01,2025-08-29,0.05720678987150416,0.3333333333333333,,1.6668375904943393,70371507.37590566,0.0,105530204.62409434,105530204.62409434,0,False
2025-09-03,2025-09-02,2025-08-29,0.05720678987150416,0.3333333333333333,,1.6729418396014555,70378255.32866773,0.0,104582968.67133227,104582968.67133227,0,False
2025-09-04,2025-09-03,2025-08-29,0.05720678987150416,0.3333333333333333,,1.6660292930031975,67345894.07362315,323.3072093825738,101115028.23358622,101115028.23358622,0,False
2025-09-05,2025-09-04,2025-08-29,0.05720678987150416,0.3333333333333333,,1.666001224767365,74220670.99689288,0.0,111442244.00310712,111442244.00310712,0,False
2025-09-08,2025-09-05,2025-08-29,0.05720678987150416,0.3333333333333333,,1.665998018449735,76641741.56728351,0.0,115078032.43271649,115078032.43271649,0,False
2025-09-09,2025-09-08,2025-08-29,0.05720678987150416,0.3333333333333333,,1.6878534067914388,76649090.775379,0.0,111432305.224621,111432305.224621,0,False
2025-09-10,2025-09-09,2025-08-29,0.05720678987150416,0.3333333333333333,,1.7062820780761112,76656440.68819308,0.0,108535163.31180692,108535163.31180692,0,False
2025-09-11,2025-09-10,2025-08-29,0.05720678987150416,0.3333333333333333,,1.666622350643214,76663791.30579332,0.0,115003331.69420668,115003331.69420668,0,False
2025-09-12,2025-09-11,2025-08-29,0.05720678987150416,0.3333333333333333,,1.6659962296186352,77203166.0290473,0.0,115921325.9709527,115921325.9709527,0,False
2025-09-15,2025-09-12,2025-08-29,0.05720678987150416,0.3333333333333333,,1.6660000754718418,78590987.15487085,0.0,118004471.84512915,118004471.84512915,0,False
2025-09-16,2025-09-15,2025-08-29,0.05720678987150416,0.3333333333333333,,1.6796058746678764,78598523.2769268,0.0,115653095.7230732,115653095.7230732,0,False
2025-09-17,2025-09-16,2025-08-29,0.05720678987150416,0.3333333333333333,,1.6660010271711365,83224182.99662459,0.0,124961043.00337541,124961043.00337541,0,False
2025-09-18,2025-09-17,2025-08-29,0.05720678987150416,0.3333333333333333,,1.6941507900834503,83232163.39773385,0.0,119905018.60226615,119905018.60226615,0,False
2025-09-19,2025-09-18,2025-08-29,0.05720678987150416,0.3333333333333333,,1.6871879612715022,83240144.56408706,0.0,121131552.43591294,121131552.43591294,0,False
2025-09-22,2025-09-19,2025-08-29,0.05720678987150416,0.3333333333333333,,1.7105583219999343,83253950.39477864,0.0,117166948.60522136,117166948.60522136,0,False
2025-09-23,2025-09-22,2025-08-29,0.05720678987150416,0.3333333333333333,,1.7386803230810899,83261933.65029594,0.0,112717140.34970406,112717140.34970406,0,False
2025-09-24,2025-09-23,2025-08-29,0.05720678987150416,0.3333333333333333,,1.688061941973723,83269917.6713309,0.0,121020961.3286691,121020961.3286691,0,False
2025-09-25,2025-09-24,2025-08-29,0.05720678987150416,0.3333333333333333,,1.6847189096139863,83277902.45795691,0.0,121623488.54204309,121623488.54204309,0,False
2025-09-26,2025-09-25,2025-08-29,0.05720678987150416,0.3333333333333333,,1.665996335137809,82891677.34117524,491.39267784875483,124461925.0515026,124461925.0515026,0,False
2025-09-29,2025-09-26,2025-08-29,0.05720678987150416,0.3333333333333333,,1.6660009616221338,85565320.41874336,0.0,128476271.58125664,128476271.58125664,0,False
2025-09-30,2025-09-29,2025-08-29,0.05720678987150416,0.3333333333333333,,1.6674594135642962,85571806.19223213,0.0,128205257.80776787,128205257.80776787,0,False
2025-10-09,2025-09-30,2025-09-30,0.05647007507507508,0.31666666666666665,,1.665995881738581,90626429.53610256,0.0,136076561.46389744,136076561.46389744,0,False
2025-10-10,2025-10-09,2025-09-30,0.05647007507507508,0.31666666666666665,,1.71041199450518,90635119.74167451,0.0,127581066.25832549,127581066.25832549,0,False
2025-10-13,2025-10-10,2025-09-30,0.05647007507507508,0.31666666666666665,,1.720666111494,90661192.85831253,0.0,125801937.14168747,125801937.14168747,0,False
2025-10-14,2025-10-13,2025-09-30,0.05647007507507508,0.31666666666666665,,1.757530967121465,90669886.39735374,0.0,119691326.60264626,119691326.60264626,0,False
2025-10-15,2025-10-14,2025-09-30,0.05647007507507508,0.31666666666666665,,1.742511481711902,90678580.77002198,0.0,122124146.22997802,122124146.22997802,0,False
2025-10-16,2025-10-15,2025-09-30,0.05647007507507508,0.31666666666666665,,1.7578237875866207,90687275.97639719,0.0,119668025.02360281,119668025.02360281,0,False
2025-10-17,2025-10-16,2025-09-30,0.05647007507507508,0.31666666666666665,,1.786760637967192,89871848.3525593,0.0,114230229.6474407,114230229.6474407,0,False
2025-10-20,2025-10-17,2025-09-30,0.05647007507507508,0.31666666666666665,,1.7864720980407114,89897701.89797579,0.0,114305011.10202421,114305011.10202421,0,False
2025-10-21,2025-10-20,2025-09-30,0.05647007507507508,0.31666666666666665,,1.7715092985010215,89906322.22555505,0.0,116533037.77444495,116533037.77444495,0,False
2025-10-22,2025-10-21,2025-09-30,0.05647007507507508,0.31666666666666665,,1.768629952489137,89914943.37974106,0.0,116980795.62025894,116980795.62025894,0,False
2025-10-23,2025-10-22,2025-09-30,0.05647007507507508,0.31666666666666665,,1.7281065406870266,89923565.3606131,0.0,123503306.6393869,123503306.6393869,0,False
2025-10-24,2025-10-23,2025-09-30,0.05647007507507508,0.31666666666666665,,1.7200167000851023,89932188.16825041,0.0,124902919.83174959,124902919.83174959,0,False
2025-10-27,2025-10-24,2025-09-30,0.05647007507507508,0.31666666666666665,,1.715537020752137,89958059.07169607,0.0,125721040.92830393,125721040.92830393,0,False
2025-10-28,2025-10-27,2025-09-30,0.05647007507507508,0.31666666666666665,,1.7340141626644052,89966685.18694952,0.0,122568050.81305048,122568050.81305048,0,False
2025-10-29,2025-10-28,2025-09-30,0.05647007507507508,0.31666666666666665,,1.6942239174820022,89975312.12936471,0.0,129605606.87063529,129605606.87063529,0,False
2025-10-30,2025-10-29,2025-09-30,0.05647007507507508,0.31666666666666665,,1.672254156279848,89421879.89902095,0.0,133017965.10097905,133017965.10097905,0,False
2025-10-31,2025-10-30,2025-09-30,0.05647007507507508,0.31666666666666665,,1.675567919329467,89430454.59983319,0.0,132378184.40016681,132378184.40016681,0,False
2025-11-03,2025-10-31,2025-10-31,0.057861011372251706,0.36666666666666664,,1.6660000597199998,90429651.16734466,0.0,135780244.83265534,135780244.83265534,0,False
2025-11-04,2025-11-03,2025-10-31,0.057861011372251706,0.36666666666666664,,1.6758805818548765,90438322.50375797,0.0,133808138.49624203,133808138.49624203,0,False
2025-11-05,2025-11-04,2025-10-31,0.057861011372251706,0.36666666666666664,,1.67238098569545,90446994.67166929,0.0,134517478.3283307,134517478.3283307,0,False
2025-11-06,2025-11-05,2025-10-31,0.057861011372251706,0.36666666666666664,,1.6659998371920683,93032973.08132836,0.0,139689182.91867164,139689182.91867164,0,False
2025-11-07,2025-11-06,2025-10-31,0.057861011372251706,0.36666666666666664,,1.6659982504198696,95581373.36334987,0.0,143515952.63665015,143515952.63665015,0,False
2025-11-10,2025-11-07,2025-10-31,0.057861011372251706,0.36666666666666664,,1.6660004598176796,96744061.17508535,0.0,145261252.82491463,145261252.82491463,0,False
2025-11-11,2025-11-10,2025-10-31,0.057861011372251706,0.36666666666666664,,1.6764951956396132,96753338.00286926,0.0,143021470.99713075,143021470.99713075,0,False
2025-11-12,2025-11-11,2025-10-31,0.057861011372251706,0.36666666666666664,,1.6867571792898766,96762615.720212,0.0,140897858.27978802,140897858.27978802,0,False
2025-11-13,2025-11-12,2025-10-31,0.057861011372251706,0.36666666666666664,,1.6660006480431258,98204036.78759886,0.0,147453365.21240115,147453365.21240115,0,False
2025-11-14,2025-11-13,2025-10-31,0.057861011372251706,0.36666666666666664,,1.6856255824985071,98213453.61304425,0.0,143246483.38695574,143246483.38695574,0,False
2025-11-17,2025-11-14,2025-10-31,0.057861011372251706,0.36666666666666664,,1.6828351016950875,98241706.79833019,0.0,143873252.2016698,143873252.2016698,0,False
2025-11-18,2025-11-17,2025-10-31,0.057861011372251706,0.36666666666666664,,1.666024036095635,91221565.63084507,165.63154668966308,136964126.0007016,136964126.0007016,0,False
2025-11-19,2025-11-18,2025-10-31,0.057861011372251706,0.36666666666666664,,1.665999890814822,94319025.44968504,0.0,141620181.55031496,141620181.55031496,0,False
2025-11-20,2025-11-19,2025-10-31,0.057861011372251706,0.36666666666666664,,1.6849568152253787,94328069.73979665,0.0,137713893.26020336,137713893.26020336,0,False
2025-11-21,2025-11-20,2025-10-31,0.057861011372251706,0.36666666666666664,,1.7502436821312648,94337114.89716896,0.0,125741965.10283104,125741965.10283104,0,False
2025-11-24,2025-11-21,2025-10-31,0.057861011372251706,0.36666666666666664,,1.7878093890818638,94364252.97131747,0.0,119780564.02868253,119780564.02868253,0,False
2025-11-25,2025-11-24,2025-10-31,0.057861011372251706,0.36666666666666664,,1.7070134071664922,88145326.98167472,0.0,124672780.01832528,124672780.01832528,0,False
2025-11-26,2025-11-25,2025-10-31,0.057861011372251706,0.36666666666666664,,1.6660170532076908,82867803.06398015,472.0794470558176,124422236.01546691,124422236.01546691,0,False
2025-11-27,2025-11-26,2025-10-31,0.057861011372251706,0.36666666666666664,,1.6659981544278564,83646230.00770415,0.0,125595287.99229585,125595287.99229585,0,False
2025-11-28,2025-11-27,2025-10-31,0.057861011372251706,0.36666666666666664,,1.6659997272268423,84890754.87955475,0.0,127463648.12044525,127463648.12044525,0,False
2025-12-01,2025-11-28,2025-11-28,0.05827511656441718,0.36666666666666664,,1.6660230108039746,86589904.03442079,0.0,130010378.96557921,130010378.96557921,0,False
2025-12-02,2025-12-01,2025-11-28,0.05827511656441718,0.36666666666666664,,1.683445425276556,86598207.17590354,0.0,126708298.82409646,126708298.82409646,0,False
2025-12-03,2025-12-02,2025-11-28,0.05827511656441718,0.36666666666666664,,1.684781452548158,86606511.11357795,0.0,126473213.88642205,126473213.88642205,0,False
2025-12-04,2025-12-03,2025-11-28,0.05827511656441718,0.36666666666666664,,1.6875592018829617,86613645.44728035,0.0,125972636.55271965,125972636.55271965,0,False
2025-12-05,2025-12-04,2025-11-28,0.05827511656441718,0.36666666666666664,,1.6714067502864964,86621950.86533694,0.0,129015609.13466306,129015609.13466306,0,False
2025-12-08,2025-12-05,2025-11-28,0.05827511656441718,0.36666666666666664,,1.6659989535468072,87558750.73289655,0.0,131469802.26710345,131469802.26710345,0,False
2025-12-09,2025-12-08,2025-11-28,0.05827511656441718,0.36666666666666664,,1.66740671098578,84576598.12562738,0.0,126724224.87437262,126724224.87437262,0,False
2025-12-10,2025-12-09,2025-11-28,0.05827511656441718,0.36666666666666664,,1.6660064565868562,86708851.07520916,0.0,130192207.92479084,130192207.92479084,0,False
2025-12-11,2025-12-10,2025-11-28,0.05827511656441718,0.36666666666666664,,1.665998701451481,87256525.89753252,0.0,131016060.10246748,131016060.10246748,0,False
2025-12-12,2025-12-11,2025-11-28,0.05827511656441718,0.36666666666666664,,1.6659997002216707,87293213.2447597,0.0,131070949.7552403,131070949.7552403,0,False
2025-12-15,2025-12-12,2025-11-28,0.05827511656441718,0.36666666666666664,,1.6774861883501913,87318324.99103558,0.0,128885764.00896442,128885764.00896442,0,False
2025-12-16,2025-12-15,2025-11-28,0.05827511656441718,0.36666666666666664,,1.6961096550389079,87326697.98110321,0.0,125449629.01889679,125449629.01889679,0,False
2025-12-17,2025-12-16,2025-11-28,0.05827511656441718,0.36666666666666664,,1.6659979595903527,88274995.15426031,0.0,132545443.84573969,132545443.84573969,0,False
2025-12-18,2025-12-17,2025-11-28,0.05827511656441718,0.36666666666666664,,1.6660000768529262,90923979.30501305,0.0,136522475.69498694,136522475.69498694,0,False
2025-12-19,2025-12-18,2025-11-28,0.05827511656441718,0.36666666666666664,,1.6659993540714502,91830342.34999461,0.0,137883530.6500054,137883530.6500054,0,False
2025-12-22,2025-12-19,2025-11-28,0.05827511656441718,0.36666666666666664,,1.6659995578259195,92500259.00403392,0.0,138889369.99596608,138889369.99596608,0,False
2025-12-23,2025-12-22,2025-11-28,0.05827511656441718,0.36666666666666664,,1.6659986732700274,93991861.97458363,0.0,141129203.02541637,141129203.02541637,0,False
2025-12-24,2025-12-23,2025-11-28,0.05827511656441718,0.36666666666666664,,1.6660030777405574,102454272.66433516,0.0,153834533.33566484,153834533.33566484,0,False
2025-12-25,2025-12-24,2025-11-28,0.05827511656441718,0.36666666666666664,,1.6796167606564159,102437916.79664545,0.0,150728944.20335454,150728944.20335454,0,False
2025-12-26,2025-12-25,2025-11-28,0.05827511656441718,0.36666666666666664,,1.6698756150501097,102447739.61058486,0.0,152935466.38941514,152935466.38941514,0,False
2025-12-29,2025-12-26,2025-11-28,0.05827511656441718,0.36666666666666664,,1.676534816065651,102477210.87814407,0.0,151473669.1218559,151473669.1218559,0,False
2025-12-30,2025-12-29,2025-11-28,0.05827511656441718,0.36666666666666664,,1.66600132439249,102383572.30163394,152.76445484109945,153728552.4628209,153728552.4628209,0,False
2025-12-31,2025-12-30,2025-11-28,0.05827511656441718,0.36666666666666664,,1.6726310004973284,102392544.49598254,0.0,152226918.50401747,152226918.50401747,0,False
2026-01-05,2025-12-31,2025-12-31,0.056489518740629685,0.2833333333333333,,1.6660018638918186,107611096.38984677,0.0,161577770.61015323,161577770.61015323,0,False
2026-01-06,2026-01-05,2025-12-31,0.056489518740629685,0.2833333333333333,,1.6660014921075,117526152.66338333,0.0,176465299.33661667,176465299.33661667,0,False
2026-01-07,2026-01-06,2025-12-31,0.056489518740629685,0.2833333333333333,,1.6790545821611726,117537422.29446064,0.0,173089800.70553935,173089800.70553935,0,False
2026-01-08,2026-01-07,2025-12-31,0.056489518740629685,0.2833333333333333,,1.6659983933390619,119584628.9345075,0.0,179556933.0654925,179556933.0654925,0,False
2026-01-09,2026-01-08,2025-12-31,0.056489518740629685,0.2833333333333333,,1.67197721254608,119596095.9537204,0.0,177976416.0462796,177976416.0462796,0,False
2026-01-12,2026-01-09,2025-12-31,0.056489518740629685,0.2833333333333333,,1.6659971858759635,124865396.08529066,0.0,187486371.91470933,187486371.91470933,0,False
2026-01-13,2026-01-12,2025-12-31,0.056489518740629685,0.2833333333333333,,1.6659994490375916,125085292.34843582,0.0,187815909.65156418,187815909.65156418,0,False
2026-01-14,2026-01-13,2025-12-31,0.056489518740629685,0.2833333333333333,,1.6940432636869702,125097286.82852402,0.0,180244220.17147598,180244220.17147598,0,False
2026-01-15,2026-01-14,2025-12-31,0.056489518740629685,0.2833333333333333,,1.6660136666449006,127392901.38345785,0.0,191276707.61654216,191276707.61654216,0,False
2026-01-16,2026-01-15,2025-12-31,0.056489518740629685,0.2833333333333333,,1.6659998846859183,129176656.98907475,0.0,193958978.01092523,193958978.01092523,0,False
2026-01-19,2026-01-16,2025-12-31,0.056489518740629685,0.2833333333333333,,1.6659967515254066,133461467.58737968,0.0,200393571.4126203,200393571.4126203,0,False
2026-01-20,2026-01-19,2025-12-31,0.056489518740629685,0.2833333333333333,,1.6659983826101765,134115419.78159381,0.0,201374993.2184062,201374993.2184062,0,False
2026-01-21,2026-01-20,2025-12-31,0.056489518740629685,0.2833333333333333,,1.666052873739817,135429011.0249926,0.0,203330720.9750074,203330720.9750074,0,False
2026-01-22,2026-01-21,2025-12-31,0.056489518740629685,0.2833333333333333,,1.6660028126304005,147489734.47383553,0.0,221455122.52616447,221455122.52616447,0,False
2026-01-23,2026-01-22,2025-12-31,0.056489518740629685,0.2833333333333333,,1.6660473824035449,164956080.48153645,0.0,247664182.51846355,247664182.51846355,0,False
2026-01-26,2026-01-23,2025-12-31,0.056489518740629685,0.2833333333333333,,1.6660963574115653,168404275.32673907,0.0,252822693.67326093,252822693.67326093,0,False
2026-01-27,2026-01-26,2025-12-31,0.056489518740629685,0.2833333333333333,,1.66609223909402,175455244.07812738,0.0,263409830.92187262,263409830.92187262,0,False
2026-01-28,2026-01-27,2025-12-31,0.056489518740629685,0.2833333333333333,,1.6660348042252417,181031833.83864695,0.0,271805366.16135305,271805366.16135305,0,False
2026-01-29,2026-01-28,2025-12-31,0.056489518740629685,0.2833333333333333,,1.666089776356986,180841917.6889768,2133.2549564026,271494610.5659796,271494610.5659796,0,False
2026-01-30,2026-01-29,2025-12-31,0.056489518740629685,0.2833333333333333,,1.6660606822369413,177730974.8230758,285.23951961798775,266838584.4164438,266838584.4164438,0,False
2026-02-02,2026-01-30,2026-01-30,0.05668231563201197,0.2833333333333333,,1.6838338193407667,165686704.0097039,0.0,242290888.9902961,242290888.9902961,0,False
2026-02-03,2026-02-02,2026-01-30,0.05668231563201197,0.2833333333333333,,1.6660362616209703,176300038.93407184,0.0,264700361.06592816,264700361.06592816,0,False
2026-02-04,2026-02-03,2026-01-30,0.05668231563201197,0.2833333333333333,,1.666037057025411,178997734.48913732,0.0,268750413.5108627,268750413.5108627,0,False
2026-02-05,2026-02-04,2026-01-30,0.05668231563201197,0.2833333333333333,,1.6660362914689189,171980484.25946483,242.67708661872894,258214520.41762176,258214520.41762176,0,False
2026-02-06,2026-02-05,2026-01-30,0.05668231563201197,0.2833333333333333,,1.6660355478228337,175589442.26739076,0.0,263633739.73260924,263633739.73260924,0,False
2026-02-09,2026-02-06,2026-01-30,0.05668231563201197,0.2833333333333333,,1.6660366045150745,175981348.33045796,0.0,264221736.66954204,264221736.66954204,0,False
2026-02-10,2026-02-09,2026-01-30,0.05668231563201197,0.2833333333333333,,1.6660371239000373,173225699.3986559,404.4265954269197,260083543.02793956,260083543.02793956,0,False
2026-02-11,2026-02-10,2026-01-30,0.05668231563201197,0.2833333333333333,,1.666004263018412,177665560.17123443,0.0,266763397.82876557,266763397.82876557,0,False
2026-02-12,2026-02-11,2026-01-30,0.05668231563201197,0.2833333333333333,,1.665998749125014,178733432.17401248,0.0,268369020.82598752,268369020.82598752,0,False
2026-02-13,2026-02-12,2026-01-30,0.05668231563201197,0.2833333333333333,,1.689756939937693,178750570.99627575,0.0,259150087.00372425,259150087.00372425,0,False
2026-02-24,2026-02-13,2026-01-30,0.05668231563201197,0.2833333333333333,,1.6660160428875685,183437672.24802744,0.0,275425305.75197256,275425305.75197256,0,False
2026-02-25,2026-02-24,2026-01-30,0.05668231563201197,0.2833333333333333,,1.6659996045745138,186584446.33420464,0.0,280156992.6657953,280156992.6657953,0,False
2026-02-26,2026-02-25,2026-01-30,0.05668231563201197,0.2833333333333333,,1.6660005720556046,189193615.00256217,0.0,284074252.99743783,284074252.99743783,0,False
2026-02-27,2026-02-26,2026-01-30,0.05668231563201197,0.2833333333333333,,1.665999077498452,192253897.45471555,0.0,288669915.54528445,288669915.54528445,0,False
2026-03-02,2026-02-27,2026-02-27,0.057141754688672164,0.2833333333333333,,1.6660011327721782,197418397.26189172,0.0,296423515.7381083,296423515.7381083,0,False
2026-03-03,2026-03-02,2026-02-27,0.057141754688672164,0.2833333333333333,,1.6660215067769881,189793811.67577145,146.1607354413718,284966271.484964,284966271.484964,0,False
2026-03-04,2026-03-03,2026-02-27,0.057141754688672164,0.2833333333333333,,1.6660280901344175,187423283.8241911,1331.2339560450055,281402474.40976495,281402474.40976495,0,False
2026-03-05,2026-03-04,2026-02-27,0.057141754688672164,0.2833333333333333,,1.666035005295702,189920445.5352342,0.0,285150846.4647658,285150846.4647658,0,False
2026-03-06,2026-03-05,2026-02-27,0.057141754688672164,0.2833333333333333,,1.666052944108001,198401521.0826461,0.0,297876501.91735387,297876501.91735387,0,False
2026-03-09,2026-03-06,2026-02-27,0.057141754688672164,0.2833333333333333,,1.669321845296898,198457870.86512056,0.0,296505892.13487947,296505892.13487947,0,False
2026-03-10,2026-03-09,2026-02-27,0.057141754688672164,0.2833333333333333,,1.6764510957861338,198476901.07191584,0.0,293409090.92808414,293409090.92808414,0,False
2026-03-11,2026-03-10,2026-02-27,0.057141754688672164,0.2833333333333333,,1.6660012022461161,204729344.59753546,0.0,307400863.4024645,307400863.4024645,0,False
2026-03-12,2026-03-11,2026-02-27,0.057141754688672164,0.2833333333333333,,1.6667128976359056,204748976.17852426,0.0,307102167.82147574,307102167.82147574,0,False
2026-03-13,2026-03-12,2026-02-27,0.057141754688672164,0.2833333333333333,,1.6756946069436471,204768609.64199343,0.0,303049051.3580066,303049051.3580066,0,False
2026-03-16,2026-03-13,2026-02-27,0.057141754688672164,0.2833333333333333,,1.715288234558962,204827515.6803836,0.0,286356612.31961644,286356612.31961644,0,False
2026-03-17,2026-03-16,2026-02-27,0.057141754688672164,0.2833333333333333,,1.7382696263519177,204847156.6750379,0.0,277469300.32496214,277469300.32496214,0,False
2026-03-18,2026-03-17,2026-02-27,0.057141754688672164,0.2833333333333333,,1.7514372308579773,204866799.55307522,0.0,272633283.4469248,272633283.4469248,0,False
2026-03-19,2026-03-18,2026-02-27,0.057141754688672164,0.2833333333333333,,1.7774526536695456,204886444.3146762,0.0,263535590.6853238,263535590.6853238,0,False
2026-03-20,2026-03-19,2026-02-27,0.057141754688672164,0.2833333333333333,,1.7838027082278638,204906090.96002144,0.0,261425597.03997856,261425597.03997856,0,False
2026-03-23,2026-03-20,2026-02-27,0.057141754688672164,0.2833333333333333,,1.8257646223809016,204958121.07907185,0.0,248204046.92092815,248204046.92092815,0,False
2026-03-24,2026-03-23,2026-02-27,0.057141754688672164,0.2833333333333333,,1.77841985541407,204977774.5975315,0.0,263325470.4024685,263325470.4024685,0,False
2026-03-25,2026-03-24,2026-02-27,0.057141754688672164,0.2833333333333333,,1.7570263920194624,204994102.7009151,0.0,270788581.2990849,270788581.2990849,0,False
2026-03-26,2026-03-25,2026-02-27,0.057141754688672164,0.2833333333333333,,1.6959286773855353,191280897.82850724,0.0,274857042.17149276,274857042.17149276,0,False
2026-03-27,2026-03-26,2026-02-27,0.057141754688672164,0.2833333333333333,,1.679671960224364,191299239.8324086,0.0,281458190.1675914,281458190.1675914,0,False
2026-03-30,2026-03-27,2026-02-27,0.057141754688672164,0.2833333333333333,,1.6659994950731942,191869521.68326956,0.0,288092593.31673044,288092593.31673044,0,False
2026-03-31,2026-03-30,2026-02-27,0.057141754688672164,0.2833333333333333,,1.68149814178501,191887920.13055426,0.0,281567781.86944574,281567781.86944574,0,False
2026-04-01,2026-03-31,2026-03-31,0.057016969924812026,0.26666666666666666,,1.676308460992586,191906320.34207362,0.0,283755610.6579264,283755610.6579264,0,False
2026-04-02,2026-04-01,2026-03-31,0.057016969924812026,0.26666666666666666,,1.6666597538312187,191924722.31799683,0.0,287890068.68200314,287890068.68200314,0,False
2026-04-03,2026-04-02,2026-03-31,0.057016969924812026,0.26666666666666666,,1.6768899199091403,191943126.05849308,0.0,283566234.9415069,283566234.9415069,0,False
2026-04-07,2026-04-03,2026-03-31,0.057016969924812026,0.26666666666666666,,1.666025023010435,197626298.957787,0.0,296725036.04221296,296725036.04221296,0,False
2026-04-08,2026-04-07,2026-03-31,0.057016969924812026,0.26666666666666666,,1.666000763926149,206035280.22669035,0.0,309361927.77330965,309361927.77330965,0,False
2026-04-09,2026-04-08,2026-03-31,0.057016969924812026,0.26666666666666666,,1.6696694806659553,206055037.03438333,0.0,307696621.9656167,307696621.9656167,0,False
2026-04-10,2026-04-09,2026-03-31,0.057016969924812026,0.26666666666666666,,1.6668399116617225,206074795.7365647,0.0,309031886.2634353,309031886.2634353,0,False
2026-04-13,2026-04-10,2026-03-31,0.057016969924812026,0.26666666666666666,,1.6688143507493773,206134077.52711904,0.0,308208215.47288096,308208215.47288096,0,False
2026-04-14,2026-04-13,2026-03-31,0.057016969924812026,0.26666666666666666,,1.6660001009099694,209797247.53885573,0.0,315010834.46114427,315010834.46114427,0,False
2026-04-15,2026-04-14,2026-03-31,0.057016969924812026,0.26666666666666666,,1.6812451489725715,209817365.08314028,0.0,307990985.91685975,307990985.91685975,0,False
2026-04-16,2026-04-15,2026-03-31,0.057016969924812026,0.26666666666666666,,1.6659986701897558,210081491.39430442,0.0,315438304.6056956,315438304.6056956,0,False
2026-04-17,2026-04-16,2026-03-31,0.057016969924812026,0.26666666666666666,,1.6698757247223288,210101636.19484907,0.0,313642707.8051509,313642707.8051509,0,False
2026-04-20,2026-04-17,2026-03-31,0.057016969924812026,0.26666666666666666,,1.666021693742978,207504207.81921926,515.3002765923738,311556957.4810573,311556957.4810573,0,False
2026-04-21,2026-04-20,2026-03-31,0.057016969924812026,0.26666666666666666,,1.6660250195250785,213133447.40361616,0.0,320008169.5963838,320008169.5963838,0,False
2026-04-22,2026-04-21,2026-03-31,0.057016969924812026,0.26666666666666666,,1.6759883001485347,213153884.85747677,0.0,315321855.1425232,315321855.1425232,0,False
2026-04-23,2026-04-22,2026-03-31,0.057016969924812026,0.26666666666666666,,1.6849958076767413,213174324.27109325,0.0,311205297.72890675,311205297.72890675,0,False
2026-04-24,2026-04-23,2026-03-31,0.057016969924812026,0.26666666666666666,,1.6660242307822501,215997521.43217352,0.0,324308803.5678265,324308803.5678265,0,False
2026-04-27,2026-04-24,2026-03-31,0.057016969924812026,0.26666666666666666,,1.6660038650242832,214835885.92616218,295.10821996592585,322574090.1820578,322574090.1820578,0,False
2026-04-28,2026-04-27,2026-03-31,0.057016969924812026,0.26666666666666666,,1.6659992036789277,215075947.6052024,0.0,322937244.39479756,322937244.39479756,0,False
2026-04-29,2026-04-28,2026-03-31,0.057016969924812026,0.26666666666666666,,1.6660077404080222,214518175.54074708,59.46222143590296,322095529.92147434,322095529.92147434,0,False
2026-04-30,2026-04-29,2026-03-31,0.057016969924812026,0.26666666666666666,,1.6659999140010413,217558551.73060638,0.0,326664534.2693936,326664534.2693936,0,False
2026-05-06,2026-04-30,2026-04-30,0.054729166064981946,0.2,,1.6660002283281625,219396551.0749148,0.0,329424137.9250852,329424137.9250852,0,False
2026-05-07,2026-05-06,2026-04-30,0.054729166064981946,0.2,,1.6799981481254835,219417589.10036036,0.0,322673803.8996396,322673803.8996396,0,False
2026-05-08,2026-05-07,2026-04-30,0.054729166064981946,0.2,,1.6660202653037735,206818053.49266157,226.06001075729728,310527829.5673492,310527829.5673492,0,False
2026-05-11,2026-05-08,2026-04-30,0.054729166064981946,0.2,,1.666022689724563,208649193.5314102,0.0,313276404.4685898,313276404.4685898,0,False
2026-05-12,2026-05-11,2026-04-30,0.054729166064981946,0.2,,1.582742119374008,204004445.35377613,25565159.669221945,306206261.3154458,306206261.3154458,0,False
2026-05-13,2026-05-12,2026-04-30,0.054729166064981946,0.2,,1.6660054477823445,202719140.6008987,144.2370921075344,304380387.6361934,304380387.6361934,0,False
2026-05-14,2026-05-13,2026-04-30,0.054729166064981946,0.2,,1.6877093581768172,202738435.18550807,0.0,294802495.8144919,294802495.8144919,0,False
2026-05-15,2026-05-14,2026-04-30,0.054729166064981946,0.2,,1.6660449248164912,193370975.55498818,186.60254300106317,290326946.04755485,290326946.04755485,0,False
2026-05-18,2026-05-15,2026-04-30,0.054729166064981946,0.2,,1.6662179667009016,189923093.97988918,1213.3821835331619,285074690.4022944,285074690.4022944,0,False
2026-05-19,2026-05-18,2026-04-30,0.054729166064981946,0.2,,1.6660234709080817,189383834.32477552,440.9326375346833,284349428.607862,284349428.607862,0,False
2026-05-20,2026-05-19,2026-04-30,0.054729166064981946,0.2,,1.6662099495684355,189473587.56380036,0.0,284405220.43619967,284405220.43619967,0,False
2026-05-21,2026-05-20,2026-04-30,0.054729166064981946,0.2,,1.6685279427411712,189491756.2639777,0.0,283446276.7360223,283446276.7360223,0,False
2026-05-22,2026-05-21,2026-04-30,0.054729166064981946,0.2,,1.6660482216879549,187114972.58756483,7.571745647749253,280933059.9841808,280933059.9841808,0,False
2026-05-25,2026-05-22,2026-04-30,0.054729166064981946,0.2,,1.669688096937148,187168792.61067316,0.0,279486515.3893268,279486515.3893268,0,False
2026-05-26,2026-05-25,2026-04-30,0.054729166064981946,0.2,,1.6701735714480304,187186740.30311528,0.0,279310835.69688475,279310835.69688475,0,False
2026-05-27,2026-05-26,2026-04-30,0.054729166064981946,0.2,,1.666057523179529,183325232.78076506,222.40937604708597,275239005.62861097,275239005.62861097,0,False
2026-05-28,2026-05-27,2026-04-30,0.054729166064981946,0.2,,1.6660220173882934,182713418.68280256,489.67025308310986,274334667.98745054,274334667.98745054,0,False
2026-05-29,2026-05-28,2026-04-30,0.054729166064981946,0.2,,1.6660224479161905,184298454.97414467,0.0,276715080.0258553,276715080.0258553,0,False
2026-06-01,2026-05-29,2026-05-29,0.05537376811594203,0.2,,1.6660246563366528,187607383.01715437,0.0,281682338.98284566,281682338.98284566,0,False
2026-06-02,2026-06-01,2026-05-29,0.05537376811594203,0.2,,1.6660242945792498,189921664.5604508,0.0,285157262.4395492,285157262.4395492,0,False
2026-06-03,2026-06-02,2026-05-29,0.05537376811594203,0.2,,1.6660219219788859,187220998.7748743,374.89519882085733,281102795.1203245,281102795.1203245,0,False
2026-06-04,2026-06-03,2026-05-29,0.05537376811594203,0.2,,1.666020914574092,182290009.13292667,473.11567852273583,273699416.98275185,273699416.98275185,0,False
2026-06-05,2026-06-04,2026-05-29,0.05537376811594203,0.2,,1.6659988018585288,185558857.54437762,0.0,278617404.4556224,278617404.4556224,0,False
2026-06-08,2026-06-05,2026-05-29,0.05537376811594203,0.2,,1.666013465652649,185612237.48969862,0.0,278691418.51030135,278691418.51030135,0,False
2026-06-09,2026-06-08,2026-05-29,0.05537376811594203,0.2,,1.6659993982544097,190536911.6203905,0.0,286091717.37960947,286091717.37960947,0,False
2026-06-10,2026-06-09,2026-05-29,0.05537376811594203,0.2,,1.6660006357842985,195503548.5435686,0.0,293548591.4564314,293548591.4564314,0,False
2026-06-11,2026-06-10,2026-05-29,0.05537376811594203,0.2,,1.6660042764630214,195083043.37218454,575.2839221633039,292914737.9117377,292914737.9117377,0,False
2026-06-12,2026-06-11,2026-05-29,0.05537376811594203,0.2,,1.666000385762328,199709905.58610243,0.0,299864549.4138976,299864549.4138976,0,False
2026-06-15,2026-06-12,2026-05-29,0.05537376811594203,0.2,,1.6717311612885275,199767356.38086006,0.0,297391825.6191399,297391825.6191399,0,False
2026-06-16,2026-06-15,2026-05-29,0.05537376811594203,0.2,,1.6984035544514449,199786512.1547596,0.0,286061705.8452404,286061705.8452404,0,False
2026-06-17,2026-06-16,2026-05-29,0.05537376811594203,0.2,,1.7073140427138547,199805669.76551417,0.0,282485088.23448586,282485088.23448586,0,False
2026-06-18,2026-06-17,2026-05-29,0.05537376811594203,0.2,,1.678321048523326,181850572.2023799,0.0,268089236.7976201,268089236.7976201,0,False
2026-06-22,2026-06-18,2026-05-29,0.05537376811594203,0.2,,1.6819661782474122,181920323.1067863,0.0,266758570.8932137,266758570.8932137,0,False
2026-06-23,2026-06-22,2026-05-29,0.05537376811594203,0.2,,1.6660876429154092,181937767.5213308,0.0,273143886.47866917,273143886.47866917,0,False
2026-06-24,2026-06-23,2026-05-29,0.05537376811594203,0.2,,1.6921832689224152,181955213.60862738,0.0,262871441.39137262,262871441.39137262,0,False
2026-06-25,2026-06-24,2026-05-29,0.05537376811594203,0.2,,1.657829592596993,173196841.54235494,2147630.4472385086,260020547.90488356,260020547.90488356,0,False
2026-06-26,2026-06-25,2026-05-29,0.05537376811594203,0.2,,1.6611910604034663,171849179.45838848,1253339.7722897679,258012925.31390128,258012925.31390128,0,False
2026-06-29,2026-06-26,2026-05-29,0.05537376811594203,0.2,,1.6660001026896814,172932968.36993235,0.0,259659071.63006765,259659071.63006765,0,False
2026-06-30,2026-06-29,2026-05-29,0.05537376811594203,0.2,,1.69555320629766,172949550.9833377,0.0,248650354.0166623,248650354.0166623,0,False
2026-07-01,2026-06-30,2026-06-30,0.055291641249092235,0.18333333333333332,,1.6838945788226394,172966135.18685666,0.0,252913446.81314334,252913446.81314334,0,False
2026-07-02,2026-07-01,2026-06-30,0.055291641249092235,0.18333333333333332,,1.6132652313792062,172982720.9806417,12747429.03978,261282205.05913833,261282205.05913833,0,False
2026-07-03,2026-07-02,2026-06-30,0.055291641249092235,0.18333333333333332,,1.6660019460803526,172782368.45950654,412.977661235258,259431607.5181547,259431607.5181547,0,False
2026-07-06,2026-07-03,2026-06-30,0.055291641249092235,0.18333333333333332,,1.6659985031657243,178441844.0511694,0.0,267931298.9488306,267931298.9488306,0,False
2026-07-07,2026-07-06,2026-06-30,0.055291641249092235,0.18333333333333332,,1.6659978585783177,180271538.2751677,0.0,270678855.7248323,270678855.7248323,0,False
2026-07-08,2026-07-07,2026-06-30,0.055291641249092235,0.18333333333333332,,1.665997578263837,182874077.93364713,0.0,274586701.06635284,274586701.06635284,0,False
2026-07-09,2026-07-08,2026-06-30,0.055291641249092235,0.18333333333333332,,1.6773326514494238,182891613.80413392,0.0,270017418.1958661,270017418.1958661,0,False
2026-07-10,2026-07-09,2026-06-30,0.055291641249092235,0.18333333333333332,,1.6659977416723826,180615559.69984904,708.5232464885389,271194389.8233975,271194389.8233975,0,False
2026-07-13,2026-07-10,2026-06-30,0.055291641249092235,0.18333333333333332,,1.6660029314460012,183055638.99445814,0.0,274857107.00554186,274857107.00554186,0,False
2026-07-14,2026-07-13,2026-06-30,0.055291641249092235,0.18333333333333332,,1.6185051104779333,182604304.05891016,13027274.100000488,274172399.04109037,274172399.04109037,0,False
2026-07-15,2026-07-14,2026-06-30,0.055291641249092235,0.18333333333333332,,1.6043842623980034,182621814.06066924,13027274.100000488,280607141.03933126,280607141.03933126,0,False
2026-07-16,2026-07-15,2026-06-30,0.055291641249092235,0.18333333333333332,,1.6166399266712514,182639325.7414696,13027274.100000488,275058497.3585309,275058497.3585309,0,False
2026-07-17,2026-07-16,2026-06-30,0.055291641249092235,0.18333333333333332,,1.6076586021940849,182656839.1014722,13027274.100000488,279152741.9985283,279152741.9985283,0,False
2026-07-20,2026-07-17,2026-06-30,0.055291641249092235,0.18333333333333332,,1.5906533074842188,182709384.2195699,13027274.100000488,287278692.8804306,287278692.8804306,0,False
2026-07-21,2026-07-20,2026-06-30,0.055291641249092235,0.18333333333333332,,1.6583192885710605,183649264.48850825,0.0,278966859.5114918,278966859.5114918,0,False
2026-07-22,2026-07-21,2026-06-30,0.055291641249092235,0.18333333333333332,,1.6660007459480866,189891028.27354234,0.0,285121344.72645766,285121344.72645766,0,False
2026-07-23,2026-07-22,2026-06-30,0.055291641249092235,0.18333333333333332,,1.666000228118774,192228921.1394709,0.0,288631914.86052907,288631914.86052907,0,False
2026-07-24,2026-07-23,2026-06-30,0.055291641249092235,0.18333333333333332,,1.6691325241450252,192247354.04971716,0.0,287308338.9502828,287308338.9502828,0,False
2026-07-27,2026-07-24,2026-06-30,0.055291641249092235,0.18333333333333332,,1.6758907911501397,192302658.0830739,0.0,284517351.9169261,284517351.9169261,0,False
2026-07-28,2026-07-27,2026-06-30,0.055291641249092235,0.18333333333333332,,1.6660000110218784,193383799.895786,0.0,290366061.104214,290366061.104214,0,False
2026-07-29,2026-07-28,2026-06-30,0.055291641249092235,0.18333333333333332,,1.665999203269204,194152545.9666808,0.0,291520688.03331923,291520688.03331923,0,False
2026-07-30,2026-07-29,2026-06-30,0.055291641249092235,0.18333333333333332,,1.6660013498555808,200268553.97330225,0.0,300702925.02669775,300702925.02669775,0,False
2026-07-31,2026-07-30,2026-06-30,0.055291641249092235,0.18333333333333332,,1.6746405737149346,200287757.8072449,0.0,296880688.1927551,296880688.1927551,0,False
2026-08-03,2026-07-31,2026-07-31,0.055958415204678355,0.2,,1.6874913751691565,200345374.83346343,0.0,291415110.16653657,291415110.16653657,0,False
2026-08-04,2026-08-03,2026-07-31,0.055958415204678355,0.2,,1.715580825325552,200364586.03378993,0.0,280002731.96621007,280002731.96621007,0,False
2026-08-05,2026-08-04,2026-07-31,0.055958415204678355,0.2,,1.6661114097354819,186030485.24719334,172.69946702197194,279278075.4522737,279278075.4522737,0,False
2026-08-06,2026-08-05,2026-07-31,0.055958415204678355,0.2,,1.6660907842842907,188902497.09439752,0.0,283598724.90560246,283598724.90560246,0,False
2026-08-07,2026-08-06,2026-07-31,0.055958415204678355,0.2,,1.666103805126323,186846036.24237162,127.36193656461842,280505692.11956495,280505692.11956495,0,False
2026-08-10,2026-08-07,2026-07-31,0.055958415204678355,0.2,,1.6659967403115956,189317546.04834902,0.0,284261970.951651,284261970.951651,0,False
2026-08-11,2026-08-10,2026-07-31,0.055958415204678355,0.2,,1.6705278565247303,189335699.78564134,0.0,282368134.2143587,282368134.2143587,0,False
2026-08-12,2026-08-11,2026-07-31,0.055958415204678355,0.2,,1.6741140102250096,189353855.263703,0.0,280892923.736297,280892923.736297,0,False
2026-08-13,2026-08-12,2026-07-31,0.055958415204678355,0.2,,1.67536283384946,189372012.48270088,0.0,280400405.5172991,280400405.5172991,0,False
2026-08-14,2026-08-13,2026-07-31,0.055958415204678355,0.2,,1.6660808609947675,186386029.10309392,926.8320619687438,279823536.7289681,279823536.7289681,0,False
2026-08-17,2026-08-14,2026-07-31,0.055958415204678355,0.2,,1.6689080032511137,186438720.16981503,0.0,278721018.83018494,278721018.83018494,0,False
2026-08-18,2026-08-17,2026-07-31,0.055958415204678355,0.2,,1.6660786463193344,186576956.08960074,0.0,280112501.91039926,280112501.91039926,0,False
2026-08-19,2026-08-18,2026-07-31,0.055958415204678355,0.2,,1.6659982027261686,188550949.78467566,0.0,283110298.21532434,283110298.21532434,0,False
2026-08-20,2026-08-19,2026-07-31,0.055958415204678355,0.2,,1.6660050362926353,190434797.64539722,0.0,285935972.3546028,285935972.3546028,0,False
2026-08-21,2026-08-20,2026-07-31,0.055958415204678355,0.2,,1.6725667896872176,190453058.5164043,0.0,283173450.4835957,283173450.4835957,0,False
2026-08-24,2026-08-21,2026-07-31,0.055958415204678355,0.2,,1.6659978483250943,190590973.52553287,0.0,286173557.47446716,286173557.47446716,0,False
2026-08-25,2026-08-24,2026-07-31,0.055958415204678355,0.2,,1.6699457206221304,190609249.3723093,0.0,284514466.6276907,284514466.6276907,0,False
2026-08-26,2026-08-25,2026-07-31,0.055958415204678355,0.2,,1.6660411269420894,190263591.30693826,1451.9818540886045,285661247.6749158,285661247.6749158,0,False
2026-08-27,2026-08-26,2026-07-31,0.055958415204678355,0.2,,1.6683991556751643,190280383.7790451,0.0,284680766.2209549,284680766.2209549,0,False
2026-08-28,2026-08-27,2026-07-31,0.055958415204678355,0.2,,1.668670604811486,190298629.8432431,0.0,284592486.1567569,284592486.1567569,0,False
