date,signal_day,observed_on,spread,percentile,cap,exposure,debt,cash,equity,constraint_equity,active_sells,unresolved
2012-05-03,2012-05-02,2012-04-27,0.05365819501335708,0.9333333333333333,,0.14889577198799248,0.0,2553270.8652000003,2999950.8652000003,2999950.8652000003,0,False
2012-05-04,2012-05-03,2012-04-27,0.05365819501335708,0.9333333333333333,,0.2983968952637225,0.0,2105496.6154500004,3000979.6154500004,3000979.6154500004,0,False
2012-05-07,2012-05-04,2012-04-27,0.05365819501335708,0.9333333333333333,,0.301024800226873,0.0,2100122.04288,3004573.04288,3004573.04288,0,False
2012-05-08,2012-05-07,2012-04-27,0.05365819501335708,0.9333333333333333,,0.39772732905189634,0.0,1802340.29049,2992565.29049,2992565.29049,0,False
2012-05-09,2012-05-08,2012-04-27,0.05365819501335708,0.9333333333333333,,0.4920568626964359,0.0,1507427.85369,2967709.8536900003,2967709.8536900003,0,False
2012-05-10,2012-05-09,2012-04-27,0.05365819501335708,0.9333333333333333,,0.6423121715832882,0.0,1064554.14294,2976210.1429399997,2976210.1429399997,0,False
2012-05-11,2012-05-10,2012-04-27,0.05365819501335708,0.9333333333333333,,0.7895935645526333,0.0,622770.5520899999,2959845.55209,2959845.55209,0,False
2012-05-14,2012-05-11,2012-04-27,0.05365819501335708,0.9333333333333333,,0.8871860118133614,0.0,331570.5236099999,2939090.52361,2939090.52361,0,False
2012-05-15,2012-05-14,2012-04-27,0.05365819501335708,0.9333333333333333,,0.9872986457516588,0.0,37554.185369999905,2956707.18537,2956707.18537,0,False
2012-05-16,2012-05-15,2012-04-27,0.05365819501335708,0.9333333333333333,,1.1364639207126124,395422.4368200001,0.0,2897633.56318,2897633.56318,0,False
2012-05-17,2012-05-16,2012-04-27,0.05365819501335708,0.9333333333333333,,1.2826583867264085,835466.7494199692,0.0,2955747.250580031,2955747.250580031,0,False
2012-05-18,2012-05-17,2012-04-27,0.05365819501335708,0.9333333333333333,,1.4292633833123674,1239477.2901299135,0.0,2887451.7098700865,2887451.7098700865,0,False
2012-05-21,2012-05-18,2012-04-27,0.05365819501335708,0.9333333333333333,,1.585952233116115,1722251.5661300882,0.0,2939235.433869912,2939235.433869912,0,False
2012-05-22,2012-05-21,2012-04-27,0.05365819501335708,0.9333333333333333,,1.6659644965499352,2000525.2289005388,0.0,3003951.7710994612,3003951.7710994612,0,False
2012-05-23,2012-05-22,2012-04-27,0.05365819501335708,0.9333333333333333,,1.674346211517893,2000717.0600868717,0.0,2966898.9399131285,2966898.9399131285,0,False
2012-05-24,2012-05-23,2012-04-27,0.05365819501335708,0.9333333333333333,,1.6764388582854808,2000908.909667976,0.0,2958004.090332024,2958004.090332024,0,False
2012-05-25,2012-05-24,2012-04-27,0.05365819501335708,0.9333333333333333,,1.6659066642347617,1928445.1060880201,332.64442240474455,2895469.5383343846,2895469.5383343846,0,False
2012-05-28,2012-05-25,2012-04-27,0.05365819501335708,0.9333333333333333,,1.665871973412495,1978668.7198068188,0.0,2971545.2801931812,2971545.2801931812,0,False
2012-05-29,2012-05-28,2012-04-27,0.05365819501335708,0.9333333333333333,,1.665935412712671,2039218.0586535125,0.0,3062185.9413464875,3062185.9413464875,0,False
2012-05-30,2012-05-29,2012-04-27,0.05365819501335708,0.9333333333333333,,1.6659965599176216,2039413.6001111916,0.0,3062198.3998888084,3062198.3998888084,0,False
2012-05-31,2012-05-30,2012-04-27,0.05365819501335708,0.9333333333333333,,1.665810456232308,2086587.6299994215,0.0,3133906.3700005785,3133906.3700005785,0,False
2012-06-01,2012-05-31,2012-05-31,0.05880792250922509,0.9833333333333333,,1.6760411251818896,2086787.713744764,0.0,3086776.286255236,3086776.286255236,0,False
2012-06-04,2012-06-01,2012-05-31,0.05880792250922509,0.9833333333333333,,1.6660354812763964,1962816.53698894,46.17840981107429,2946945.641420871,2946945.641420871,0,False
2012-06-05,2012-06-04,2012-05-31,0.05880792250922509,0.9833333333333333,,1.6660042727333308,1920976.7178069104,60.21985341265486,2884240.502046502,2884240.502046502,0,False
2012-06-06,2012-06-05,2012-05-31,0.05880792250922509,0.9833333333333333,,1.2230162996435023,1887624.6850005265,1255756.6298201159,2833281.944819589,2833281.944819589,0,False
2012-06-07,2012-06-06,2012-05-31,0.05880792250922509,0.9833333333333333,,1.3243593840845242,1848000.1098487305,947985.672511539,2774744.562662808,2774744.562662808,0,False
2012-06-08,2012-06-07,2012-05-31,0.05880792250922509,0.9833333333333333,,1.4269496894840548,1832918.1518770999,657910.2825899229,2752099.130712823,2752099.130712823,0,False
2012-06-11,2012-06-08,2012-05-31,0.05880792250922509,0.9833333333333333,,1.5035712971879227,1833445.4297016126,406299.6084599229,2834049.178758311,2834049.178758311,0,False
2012-06-12,2012-06-11,2012-05-31,0.05880792250922509,0.9833333333333333,,1.5505459111703013,1833621.2395373373,265242.0938399229,2848770.8543025856,2848770.8543025856,0,False
2012-06-13,2012-06-12,2012-05-31,0.05880792250922509,0.9833333333333333,,1.5912488492544037,1833797.0662315395,102705.01467992293,2927856.9484483832,2927856.9484483832,0,False
2012-06-14,2012-06-13,2012-05-31,0.05880792250922509,0.9833333333333333,,1.6513294267329939,1873711.5621859126,0.0,2876749.4378140876,2876749.4378140876,0,False
2012-06-15,2012-06-14,2012-05-31,0.05880792250922509,0.9833333333333333,,1.6658292972640525,1937698.251157629,0.0,2910202.7488423707,2910202.7488423707,0,False
2012-06-18,2012-06-15,2012-05-31,0.05880792250922509,0.9833333333333333,,1.668143922094076,1938255.6712024827,0.0,2900955.3287975173,2900955.3287975173,0,False
2012-06-19,2012-06-18,2012-05-31,0.05880792250922509,0.9833333333333333,,1.6761692097837078,1938441.5313353378,0.0,2866799.468664662,2866799.468664662,0,False
2012-06-20,2012-06-19,2012-05-31,0.05880792250922509,0.9833333333333333,,1.679558803966697,1938627.4092903973,0.0,2852773.5907096025,2852773.5907096025,0,False
2012-06-21,2012-06-20,2012-05-31,0.05880792250922509,0.9833333333333333,,1.6906333120888626,1938813.3050693704,0.0,2807297.69493063,2807297.69493063,0,False
2012-06-25,2012-06-21,2012-05-31,0.05880792250922509,0.9833333333333333,,1.155286905139064,1784774.7989811567,1368789.6246834034,2678816.8257022467,2678816.8257022467,0,False
2012-06-26,2012-06-25,2012-05-31,0.05880792250922509,0.9833333333333333,,1.2065514944785904,1770099.25082026,1221128.3257335634,2657792.074913303,2657792.074913303,0,False
2012-06-27,2012-06-26,2012-05-31,0.05880792250922509,0.9833333333333333,,1.2600800979257203,1734745.0780195575,1057312.3068082617,2604708.2287887046,2604708.2287887046,0,False
2012-06-28,2012-06-27,2012-05-31,0.05880792250922509,0.9833333333333333,,1.268124003764391,1734911.4234379977,1030280.0365382617,2628005.613100264,2628005.613100264,0,False
2012-06-29,2012-06-28,2012-05-31,0.05880792250922509,0.9833333333333333,,1.269057861933668,1735077.7848073684,1019709.9308882616,2658788.1460808935,2658788.1460808935,0,False
2012-07-02,2012-06-29,2012-06-29,0.06478621568627452,1.0,,1.2688056137079915,1735576.916772861,1019709.9308882616,2663140.0141154006,2663140.0141154006,0,False
2012-07-03,2012-07-02,2012-06-29,0.06478621568627452,1.0,,1.2642489461694704,1735743.341956661,1019709.9308882616,2709692.5889316006,2709692.5889316006,0,False
2012-07-04,2012-07-03,2012-06-29,0.06478621568627452,1.0,,0.6884493215126058,1735909.7830990404,2550363.6587582612,2614193.875659221,2614193.875659221,0,False
2012-07-05,2012-07-04,2012-06-29,0.06478621568627452,1.0,,0.6894921446762767,1736076.2402015293,2550363.6587582612,2622437.418556732,2622437.418556732,0,False
2012-07-06,2012-07-05,2012-06-29,0.06478621568627452,1.0,,0.678043465590578,1736242.7132656584,2592413.6587582612,2659274.945492603,2659274.945492603,0,False
2012-07-09,2012-07-06,2012-06-29,0.06478621568627452,1.0,,0.6774566720862231,1736742.1803475567,2592413.6587582612,2652888.4784107045,2652888.4784107045,0,False
2012-07-10,2012-07-09,2012-06-29,0.06478621568627452,1.0,,0.6782133212077199,1736908.7172689599,2592413.6587582612,2658608.9414893016,2658608.9414893016,0,False
2012-07-11,2012-07-10,2012-06-29,0.06478621568627452,1.0,,0.679270441717971,1737075.2701596569,2592413.6587582612,2666852.388598604,2666852.388598604,0,False
2012-07-12,2012-07-11,2012-06-29,0.06478621568627452,1.0,,0.7291344260788114,1737241.8390211791,2459779.070558261,2667512.231537082,2667512.231537082,0,False
2012-07-13,2012-07-12,2012-06-29,0.06478621568627452,1.0,,0.7827401341819821,1737408.423855058,2327144.482358261,2714427.058503203,2714427.058503203,0,False
2012-07-16,2012-07-13,2012-06-29,0.06478621568627452,1.0,,0.8288378476767269,1737908.2262783586,2196012.059378261,2676431.833099902,2676431.833099902,0,False
2012-07-17,2012-07-16,2012-06-29,0.06478621568627452,1.0,,0.8806040785324272,1738074.8750123852,2061597.2753782612,2709660.4003658756,2709660.4003658756,0,False
2012-07-18,2012-07-17,2012-06-29,0.06478621568627452,1.0,,0.9286576308088931,1738241.5397264275,1930152.8180782613,2690004.278351833,2690004.278351833,0,False
2012-07-19,2012-07-18,2012-06-29,0.06478621568627452,1.0,,0.9779660980427012,1738408.2204220176,1797460.2234982613,2680052.003076244,2680052.003076244,0,False
2012-07-20,2012-07-19,2012-06-29,0.06478621568627452,1.0,,1.0266708006355802,1738574.9171006882,1667561.9362582613,2662574.0191575726,2662574.0191575726,0,False
2012-07-23,2012-07-20,2012-06-29,0.06478621568627452,1.0,,1.0760617362175522,1739075.0550905392,1537283.6072182613,2652995.5521277227,2652995.5521277227,0,False
2012-07-24,2012-07-23,2012-06-29,0.06478621568627452,1.0,,1.1255333729377668,1739241.81571226,1403888.9354182612,2671424.119706001,2671424.119706001,0,False
2012-07-25,2012-07-24,2012-06-29,0.06478621568627452,1.0,,1.173251254590661,1739408.5923247256,1271229.344468261,2702313.7521435358,2702313.7521435358,0,False
2012-07-26,2012-07-25,2012-06-29,0.06478621568627452,1.0,,1.224035904171274,1739575.384929469,1140160.9285282611,2675528.5435987925,2675528.5435987925,0,False
2012-07-27,2012-07-26,2012-06-29,0.06478621568627452,1.0,,1.2617535078032085,1739742.193528024,1049150.9185282611,2638326.7250002366,2638326.7250002366,0,False
2012-07-30,2012-07-27,2012-06-29,0.06478621568627452,1.0,,1.274323931627598,1740242.6673097238,1002735.4544282611,2688453.7871185374,2688453.7871185374,0,False
2012-07-31,2012-07-30,2012-06-29,0.06478621568627452,1.0,,1.2827789400052072,1737367.5030796446,999693.4176136455,2608659.9145340007,2608659.9145340007,0,False
2012-08-01,2012-07-31,2012-07-31,0.06799317356205853,1.0,,1.304188171985835,1737534.0999635016,932125.9860136455,2647729.8860501437,2647729.8860501437,0,False
2012-08-02,2012-08-01,2012-07-31,0.06799317356205853,1.0,,1.3117524793309299,1720957.5019453682,915382.7751366117,2584020.2731912434,2584020.2731912434,0,False
2012-08-03,2012-08-02,2012-07-31,0.06799317356205853,1.0,,1.3094956252515775,1721122.5252674725,915382.7751366117,2603396.249869139,2603396.249869139,0,False
2012-08-06,2012-08-03,2012-07-31,0.06799317356205853,1.0,,1.304217171673045,1721617.642706248,915382.7751366117,2650195.1324303644,2650195.1324303644,0,False
2012-08-07,2012-08-06,2012-07-31,0.06799317356205853,1.0,,1.3054474651158627,1721782.729329521,915382.7751366117,2640061.0458070915,2640061.0458070915,0,False
2012-08-08,2012-08-07,2012-07-31,0.06799317356205853,1.0,,1.3059226527501708,1721947.8317830183,915382.7751366117,2636499.9433535933,2636499.9433535933,0,False
2012-08-09,2012-08-08,2012-07-31,0.06799317356205853,1.0,,1.3023929370935083,1722112.9500682577,915382.7751366117,2667820.8250683537,2667820.8250683537,0,False
2012-08-10,2012-08-09,2012-07-31,0.06799317356205853,1.0,,1.3066270053756999,1722278.0841867574,915382.7751366117,2631520.690949854,2631520.690949854,0,False
2012-08-13,2012-08-10,2012-07-31,0.06799317356205853,1.0,,1.312988103078581,1718027.746565953,910636.9876559726,2579621.24109002,2579621.24109002,0,False
2012-08-14,2012-08-13,2012-07-31,0.06799317356205853,1.0,,1.3124904597131994,1718192.48895261,910636.9876559726,2584256.4987033634,2584256.4987033634,0,False
2012-08-15,2012-08-14,2012-07-31,0.06799317356205853,1.0,,1.3175588028766438,1693990.8071859812,886270.5477054717,2543529.74051949,2543529.74051949,0,False
2012-08-16,2012-08-15,2012-07-31,0.06799317356205853,1.0,,1.3140383904699837,1694153.244660643,886270.5477054717,2572560.3030448286,2572560.3030448286,0,False
2012-08-17,2012-08-16,2012-07-31,0.06799317356205853,1.0,,1.3146789508730174,1694315.6977115008,886270.5477054717,2567839.8499939707,2567839.8499939707,0,False
2012-08-20,2012-08-17,2012-07-31,0.06799317356205853,1.0,,1.3184153728326187,1691132.8037761464,882600.2478844742,2539238.4441083283,2539238.4441083283,0,False
2012-08-21,2012-08-20,2012-07-31,0.06799317356205853,1.0,,1.316511187736987,1691294.9671956867,882600.2478844742,2555027.280688788,2555027.280688788,0,False
2012-08-22,2012-08-21,2012-07-31,0.06799317356205853,1.0,,0.6533083743768132,1636842.9197450746,2487104.7746744053,2452501.8549293308,2452501.8549293308,0,False
2012-08-23,2012-08-22,2012-07-31,0.06799317356205853,1.0,,0.652329439332278,1628466.5016611281,2478571.3990502097,2445144.8973890813,2445144.8973890813,0,False
2012-08-24,2012-08-23,2012-07-31,0.06799317356205853,1.0,,0.0,1573057.8628826253,3934084.2859496297,2361026.4230670044,2361026.4230670044,0,False
2012-08-27,2012-08-24,2012-07-31,0.06799317356205853,1.0,,0.0,1572142.217115087,3932716.1166872894,2360573.8995722025,2360573.8995722025,0,False
2012-08-28,2012-08-27,2012-07-31,0.06799317356205853,1.0,,0.0,1572041.8153751392,3932464.9615840567,2360423.1462089177,2360423.1462089177,0,False
2012-08-29,2012-08-28,2012-07-31,0.06799317356205853,1.0,,0.0,1571941.4200471488,3932213.8225203454,2360272.4024731964,2360272.4024731964,0,False
2012-08-30,2012-08-29,2012-07-31,0.06799317356205853,1.0,,0.0,1571841.0311307074,3931962.699495132,2360121.6683644247,2360121.6683644247,0,False
2012-08-31,2012-08-30,2012-07-31,0.06799317356205853,1.0,,0.0,1571740.6486254039,3931711.5925073912,2359970.9438819876,2359970.9438819876,0,False
2012-09-03,2012-08-31,2012-08-31,0.07166862090813093,1.0,,0.04962733895659949,1571439.520341682,3813849.4390935167,2359505.918751835,2359505.918751835,0,False
2012-09-04,2012-09-03,2012-08-31,0.07166862090813093,1.0,,0.09958938865867001,1571590.2063230847,3697436.6350935167,2360974.4287704322,2360974.4287704322,0,False
2012-09-05,2012-09-04,2012-08-31,0.07166862090813093,1.0,,0.15230594587684537,1571740.906753828,3579578.6721435166,2368587.7653896883,2368587.7653896883,0,False
2012-09-06,2012-09-05,2012-08-31,0.07166862090813093,1.0,,0.2010038002908104,1571891.6216352975,3462455.7900435166,2366174.168408219,2366174.168408219,0,False
2012-09-07,2012-09-06,2012-08-31,0.07166862090813093,1.0,,0.25324366992466585,1572042.350968879,3345562.9332435164,2374965.582274637,2374965.582274637,0,False
2012-09-10,2012-09-07,2012-08-31,0.07166862090813093,1.0,,0.3019565464512764,1572494.5823301165,3227067.9002235164,2370301.3178934,2370301.3178934,0,False
2012-09-11,2012-09-10,2012-08-31,0.07166862090813093,1.0,,0.3495210523178283,1572645.369481847,3109748.9965635166,2363033.62708167,2363033.62708167,0,False
2012-09-12,2012-09-11,2012-08-31,0.07166862090813093,1.0,,0.40005751048583993,1572796.1710926192,2992038.0497835167,2365629.8786908975,2365629.8786908975,0,False
2012-09-13,2012-09-12,2012-08-31,0.07166862090813093,1.0,,0.4487166026691979,1572785.0157047182,2874655.1854444146,2361526.169739696,2361526.169739696,0,False
2012-09-14,2012-09-13,2012-08-31,0.07166862090813093,1.0,,0.49918640650370616,1572935.830706224,2757091.2548344145,2364463.4241281906,2364463.4241281906,0,False
2012-09-17,2012-09-14,2012-08-31,0.07166862090813093,1.0,,0.5428691984310993,1557064.6672018645,2625800.9580003996,2337922.290798535,2337922.290798535,0,False
2012-09-18,2012-09-17,2012-08-31,0.07166862090813093,1.0,,0.5897092977046533,1546507.9328296531,2499232.1725573605,2322071.2397277076,2322071.2397277076,0,False
2012-09-19,2012-09-18,2012-08-31,0.07166862090813093,1.0,,0.5983047421129383,1544826.257001354,2476579.993277831,2319553.736276477,2319553.736276477,0,False
2012-09-20,2012-09-19,2012-08-31,0.07166862090813093,1.0,,0.5966735896113468,1538330.531099721,2469936.133351554,2309805.6022518333,2309805.6022518333,0,False
2012-09-21,2012-09-20,2012-08-31,0.07166862090813093,1.0,,0.6028443415490855,1538478.042246539,2458391.017951554,2316252.9757050155,2316252.9757050155,0,False
2012-09-24,2012-09-21,2012-08-31,0.07166862090813093,1.0,,0.6045093663983859,1538920.6181217057,2458391.017951554,2324885.3998298487,2324885.3998298487,0,False
2012-09-25,2012-09-24,2012-08-31,0.07166862090813093,1.0,,0.6023746638301016,1539068.1858522105,2458391.017951554,2312032.8320993437,2312032.8320993437,0,False
2012-09-26,2012-09-25,2012-08-31,0.07166862090813093,1.0,,0.0,1526418.8866455269,3817501.7624140354,2291082.8757685088,2291082.8757685088,0,False
2012-09-27,2012-09-26,2012-08-31,0.07166862090813093,1.0,,0.049373963001251735,1525763.713551559,3703575.7780657317,2290924.0645141727,2290924.0645141727,0,False
2012-09-28,2012-09-27,2012-08-31,0.07166862090813093,1.0,,0.09966985443391342,1525910.0196610778,3590105.2976857317,2292709.278024654,2292709.278024654,0,False
2012-10-08,2012-09-28,2012-09-28,0.06873078512396694,0.9833333333333333,,0.14749977037201667,1522446.0810395349,3471212.6228454732,2285942.5418059384,2285942.5418059384,0,False
2012-10-09,2012-10-08,2012-09-28,0.06873078512396694,0.9833333333333333,,0.25083728083865325,1522592.0690199086,3242450.4617754733,2295707.392755565,2295707.392755565,0,False
2012-10-10,2012-10-09,2012-09-28,0.06873078512396694,0.9833333333333333,,0.44803795236253335,1522738.0709991297,2788708.555655474,2293582.484656344,2293582.484656344,0,False
2012-10-11,2012-10-10,2012-09-28,0.06873078512396694,0.9833333333333333,,0.6960486771912671,1522884.0869785405,2220235.0304454737,2294284.9434669334,2294284.9434669334,0,False
2012-10-12,2012-10-11,2012-09-28,0.06873078512396694,0.9833333333333333,,0.9930627906667688,1521999.0863816694,1537852.0593976595,2285208.97301599,2285208.97301599,0,False
2012-10-15,2012-10-12,2012-09-28,0.06873078512396694,0.9833333333333333,,1.1424869519363727,1513919.3236831408,1190053.196885514,2272952.8732023733,2272952.8732023733,0,False
2012-10-16,2012-10-15,2012-09-28,0.06873078512396694,0.9833333333333333,,1.3912502320009352,1499564.736102274,618650.1863385406,2251537.4502362665,2251537.4502362665,0,False
2012-10-17,2012-10-16,2012-09-28,0.06873078512396694,0.9833333333333333,,1.6344321037721778,1499708.5299810783,53216.99552854062,2279978.465547462,2279978.465547462,0,False
2012-10-18,2012-10-17,2012-09-28,0.06873078512396694,0.9833333333333333,,1.665795692901111,1580816.414299796,0.0,2374326.5857002037,2374326.5857002037,0,False
2012-10-19,2012-10-18,2012-09-28,0.06873078512396694,0.9833333333333333,,1.6659955507142243,1587357.0632754138,0.0,2383434.9367245864,2383434.9367245864,0,False
2012-10-22,2012-10-19,2012-09-28,0.06873078512396694,0.9833333333333333,,1.6659670005882963,1601249.8344988218,0.0,2404398.1655011782,2404398.1655011782,0,False
2012-10-23,2012-10-22,2012-09-28,0.06873078512396694,0.9833333333333333,,1.6935485672848998,1601403.3790034996,0.0,2308999.6209965004,2308999.6209965004,0,False
2012-10-24,2012-10-23,2012-09-28,0.06873078512396694,0.9833333333333333,,1.6659864007604999,1538896.271137739,88.15228611579886,2310569.881148377,2310569.881148377,0,False
2012-10-25,2012-10-24,2012-09-28,0.06873078512396694,0.9833333333333333,,1.678353193798535,1538955.6842474858,0.0,2268664.315752514,2268664.315752514,0,False
2012-10-26,2012-10-25,2012-09-28,0.06873078512396694,0.9833333333333333,,1.697459827803908,1539103.2553404958,0.0,2206726.744659504,2206726.744659504,0,False
2012-10-29,2012-10-26,2012-09-28,0.06873078512396694,0.9833333333333333,,1.6897743587724448,1539546.0110714843,0.0,2231955.9889285155,2231955.9889285155,0,False
2012-10-30,2012-10-29,2012-09-28,0.06873078512396694,0.9833333333333333,,1.6884243389888351,1539693.638771176,0.0,2236547.3612288237,2236547.3612288237,0,False
2012-10-31,2012-10-30,2012-09-28,0.06873078512396694,0.9833333333333333,,1.6672945086355373,1539841.2806269487,0.0,2307588.719373051,2307588.719373051,0,False
2012-11-01,2012-10-31,2012-10-31,0.06996924524312895,0.9833333333333333,,1.6659741832976973,1601975.7544401595,0.0,2405462.2455598405,2405462.2455598405,0,False
2012-11-02,2012-11-01,2012-10-31,0.06996924524312895,0.9833333333333333,,1.6671259335365072,1602129.368553599,0.0,2401539.6314464007,2401539.6314464007,0,False
2012-11-05,2012-11-02,2012-10-31,0.06996924524312895,0.9833333333333333,,1.6720806512173672,1602590.255084279,0.0,2384520.744915721,2384520.744915721,0,False
2012-11-06,2012-11-05,2012-10-31,0.06996924524312895,0.9833333333333333,,1.6752847897117058,1602743.9281224378,0.0,2373434.0718775624,2373434.0718775624,0,False
2012-11-07,2012-11-06,2012-10-31,0.06996924524312895,0.9833333333333333,,1.6874327916794871,1602897.6158963672,0.0,2331715.3841036325,2331715.3841036325,0,False
2012-11-08,2012-11-07,2012-10-31,0.06996924524312895,0.9833333333333333,,1.7067636132254904,1603051.3184074806,0.0,2268157.6815925194,2268157.6815925194,0,False
2012-11-09,2012-11-08,2012-10-31,0.06996924524312895,0.9833333333333333,,1.70967449051499,1603205.035657191,0.0,2259070.9643428093,2259070.9643428093,0,False
2012-11-12,2012-11-09,2012-10-31,0.06996924524312895,0.9833333333333333,,1.6659343639438333,1470614.4257368494,435.64559049686795,2207693.219853648,2207693.219853648,0,False
2012-11-13,2012-11-12,2012-10-31,0.06996924524312895,0.9833333333333333,,1.6408817333532493,1425904.8025533133,54110.087395314535,2140480.2848420013,2140480.2848420013,0,False
2012-11-14,2012-11-13,2012-10-31,0.06996924524312895,0.9833333333333333,,1.6657572506102036,1445673.5368455038,0.0,2171472.463154496,2171472.463154496,0,False
2012-11-15,2012-11-14,2012-10-31,0.06996924524312895,0.9833333333333333,,1.3433232372692423,1418670.4673920074,687549.5343769431,2129541.0669849357,2129541.0669849357,0,False
2012-11-16,2012-11-15,2012-10-31,0.06996924524312895,0.9833333333333333,,1.498792416651686,1416089.8460404745,355546.90547127667,2126221.0594308022,2126221.0594308022,0,False
2012-11-19,2012-11-16,2012-10-31,0.06996924524312895,0.9833333333333333,,1.597051743479496,1416497.214352349,116215.97775127663,2177836.7633989276,2177836.7633989276,0,False
2012-11-20,2012-11-19,2012-10-31,0.06996924524312895,0.9833333333333333,,1.6653613091667043,1464955.1623010787,0.0,2201743.8376989216,2201743.8376989216,0,False
2012-11-21,2012-11-20,2012-10-31,0.06996924524312895,0.9833333333333333,,1.6659721798586529,1507360.059993628,0.0,2263397.940006372,2263397.940006372,0,False
2012-11-22,2012-11-21,2012-10-31,0.06996924524312895,0.9833333333333333,,1.6806564670254571,1507504.6013692438,0.0,2214780.398630756,2214780.398630756,0,False
2012-11-23,2012-11-22,2012-10-31,0.06996924524312895,0.9833333333333333,,1.6658796503213233,1501113.279701076,325.1664160844648,2253842.8867150084,2253842.8867150084,0,False
2012-11-26,2012-11-23,2012-10-31,0.06996924524312895,0.9833333333333333,,1.6873025150510055,1501219.940392851,0.0,2184220.059607149,2184220.059607149,0,False
2012-11-27,2012-11-26,2012-10-31,0.06996924524312895,0.9833333333333333,,1.7041318101545808,1500665.2520298748,0.0,2131227.747970125,2131227.747970125,0,False
2012-11-28,2012-11-27,2012-10-31,0.06996924524312895,0.9833333333333333,,1.7031198209961982,1500809.1514376036,0.0,2134499.848562396,2134499.848562396,0,False
2012-11-29,2012-11-28,2012-10-31,0.06996924524312895,0.9833333333333333,,1.6916917480843376,1500953.064643906,0.0,2169973.935356094,2169973.935356094,0,False
2012-11-30,2012-11-29,2012-10-31,0.06996924524312895,0.9833333333333333,,1.6654520416992018,1538621.3668401048,0.0,2312144.6331598954,2312144.6331598954,0,False
2012-12-03,2012-11-30,2012-11-30,0.07371925408942202,1.0,,1.6658867301122298,1540488.9981456343,0.0,2313440.0018543657,2313440.0018543657,0,False
2012-12-04,2012-12-03,2012-11-30,0.07371925408942202,1.0,,1.665989084787298,1572245.032248744,0.0,2360766.967751256,2360766.967751256,0,False
2012-12-05,2012-12-04,2012-11-30,0.07371925408942202,1.0,,1.665975626734821,1667486.2542710144,0.0,2503824.7457289854,2503824.7457289854,0,False
2012-12-06,2012-12-05,2012-11-30,0.07371925408942202,1.0,,1.6717927583769734,1667646.1502132048,0.0,2482381.849786795,2482381.849786795,0,False
2012-12-07,2012-12-06,2012-11-30,0.07371925408942202,1.0,,1.6698629845127746,1667806.0614878829,0.0,2489771.938512117,2489771.938512117,0,False
2012-12-10,2012-12-07,2012-11-30,0.07371925408942202,1.0,,1.6710277615648754,1668285.8413137903,0.0,2486165.1586862095,2486165.1586862095,0,False
2012-12-11,2012-12-10,2012-11-30,0.07371925408942202,1.0,,1.6819892116831392,1668445.8139287108,0.0,2446440.1860712892,2446440.1860712892,0,False
2012-12-12,2012-12-11,2012-11-30,0.07371925408942202,1.0,,1.665746922507602,1677746.893243471,0.0,2520097.106756529,2520097.106756529,0,False
2012-12-13,2012-12-12,2012-11-30,0.07371925408942202,1.0,,1.6661154920194015,1677907.773082549,0.0,2518944.2269174512,2518944.2269174512,0,False
2012-12-14,2012-12-13,2012-11-30,0.07371925408942202,1.0,,1.6659961594294637,1801901.1362884608,0.0,2705572.863711539,2705572.863711539,0,False
2012-12-17,2012-12-14,2012-11-30,0.07371925408942202,1.0,,1.6659394741914786,1820136.668479859,0.0,2733186.331520141,2733186.331520141,0,False
2012-12-18,2012-12-17,2012-11-30,0.07371925408942202,1.0,,1.6698201720943837,1820311.2021330008,0.0,2717611.797866999,2717611.797866999,0,False
2012-12-19,2012-12-18,2012-11-30,0.07371925408942202,1.0,,1.6742956270439984,1820485.7525222464,0.0,2699833.2474777536,2699833.2474777536,0,False
2012-12-20,2012-12-19,2012-11-30,0.07371925408942202,1.0,,1.6727643816611095,1820660.3196492007,0.0,2706237.680350799,2706237.680350799,0,False
2012-12-21,2012-12-20,2012-11-30,0.07371925408942202,1.0,,1.665890559116,1822479.9199154684,0.0,2736906.0800845316,2736906.0800845316,0,False
2012-12-24,2012-12-21,2012-11-30,0.07371925408942202,1.0,,1.6674383225426725,1823004.1949609236,0.0,2731344.805039076,2731344.805039076,0,False
2012-12-25,2012-12-24,2012-11-30,0.07371925408942202,1.0,,1.6659452328422095,1879945.247182358,0.0,2822972.752817642,2822972.752817642,0,False
2012-12-26,2012-12-25,2012-11-30,0.07371925408942202,1.0,,1.6659542085005858,1885087.5654246905,0.0,2830656.4345753095,2830656.4345753095,0,False
2012-12-27,2012-12-26,2012-11-30,0.07371925408942202,1.0,,1.691814506233915,1885268.3272460327,0.0,2725106.6727539673,2725106.6727539673,0,False
2012-12-28,2012-12-27,2012-11-30,0.07371925408942202,1.0,,1.684477668011797,1885449.1064007,0.0,2754580.8935992997,2754580.8935992997,0,False
2012-12-31,2012-12-28,2012-11-30,0.07371925408942202,1.0,,1.678231352039564,1885991.4958696647,0.0,2780749.5041303355,2780749.5041303355,0,False
2013-01-04,2012-12-31,2012-12-31,0.05959088465204957,0.8833333333333333,,1.6712133030415401,1886714.8898680804,0.0,2810902.1101319194,2810902.1101319194,0,False
2013-01-07,2013-01-04,2012-12-31,0.05959088465204957,0.8833333333333333,,1.6659755375973655,1925878.0295665355,0.0,2891814.9704334643,2891814.9704334643,0,False
2013-01-08,2013-01-07,2012-12-31,0.05959088465204957,0.8833333333333333,,1.6857328751262488,1926062.7028022474,0.0,2808765.2971977526,2808765.2971977526,0,False
2013-01-09,2013-01-08,2012-12-31,0.05959088465204957,0.8833333333333333,,1.691311789602603,1926247.3937463516,0.0,2786365.606253648,2786365.606253648,0,False
2013-01-10,2013-01-09,2012-12-31,0.05959088465204957,0.8833333333333333,,1.6876843490238929,1926432.1024005464,0.0,2801331.8975994536,2801331.8975994536,0,False
2013-01-11,2013-01-10,2012-12-31,0.05959088465204957,0.8833333333333333,,1.719526887186006,1926616.8287665301,0.0,2677616.1712334696,2677616.1712334696,0,False
2013-01-14,2013-01-11,2012-12-31,0.05959088465204957,0.8833333333333333,,1.6808261827160766,1927171.0610049425,0.0,2830635.9389950577,2830635.9389950577,0,False
2013-01-15,2013-01-14,2012-12-31,0.05959088465204957,0.8833333333333333,,1.6850888837760232,1927355.8582299703,0.0,2813293.1417700294,2813293.1417700294,0,False
2013-01-16,2013-01-15,2012-12-31,0.05959088465204957,0.8833333333333333,,1.696678367057606,1927540.67317528,0.0,2766758.32682472,2766758.32682472,0,False
2013-01-17,2013-01-16,2012-12-31,0.05959088465204957,0.8833333333333333,,1.7008984484914882,1927725.5058425707,0.0,2750363.4941574293,2750363.4941574293,0,False
2013-01-18,2013-01-17,2012-12-31,0.05959088465204957,0.8833333333333333,,1.6678152816703031,1927910.3562335419,0.0,2886891.643766458,2886891.643766458,0,False
2013-01-21,2013-01-18,2012-12-31,0.05959088465204957,0.8833333333333333,,1.6659906546023877,1986356.2525825952,0.0,2982558.747417405,2982558.747417405,0,False
2013-01-22,2013-01-21,2012-12-31,0.05959088465204957,0.8833333333333333,,1.6765009998732567,1986546.7250999662,0.0,2936502.274900034,2936502.274900034,0,False
2013-01-23,2013-01-22,2012-12-31,0.05959088465204957,0.8833333333333333,,1.678801066689708,1986737.215881825,0.0,2926832.784118175,2926832.784118175,0,False
2013-01-24,2013-01-23,2012-12-31,0.05959088465204957,0.8833333333333333,,1.6881768279374205,1986927.7249299232,0.0,2887234.275070077,2887234.275070077,0,False
2013-01-25,2013-01-24,2012-12-31,0.05959088465204957,0.8833333333333333,,1.6874690970983928,1987118.2522460124,0.0,2890483.7477539876,2890483.7477539876,0,False
2013-01-28,2013-01-25,2012-12-31,0.05959088465204957,0.8833333333333333,,1.6659965315798282,2068740.6424235078,0.0,3106233.3575764922,3106233.3575764922,0,False
2013-01-29,2013-01-28,2012-12-31,0.05959088465204957,0.8833333333333333,,1.6659046404118347,2088224.2076138773,0.0,3135920.792386123,3135920.792386123,0,False
2013-01-30,2013-01-29,2012-12-31,0.05959088465204957,0.8833333333333333,,1.6659927549965514,2108189.6458913195,0.0,3165484.3541086805,3165484.3541086805,0,False
2013-01-31,2013-01-30,2012-12-31,0.05959088465204957,0.8833333333333333,,1.6780949028393235,2108391.8010628433,0.0,3109287.1989371567,3109287.1989371567,0,False
2013-02-01,2013-01-31,2013-01-31,0.0540360900900901,0.8,,1.6658930750460403,2165261.1235791096,0.0,3251664.8764208904,3251664.8764208904,0,False
2013-02-04,2013-02-01,2013-01-31,0.0540360900900901,0.8,,1.6658671055749978,2202765.3756760294,0.0,3308115.6243239706,3308115.6243239706,0,False
2013-02-05,2013-02-04,2013-01-31,0.0540360900900901,0.8,,1.6657984559757795,2243830.008183149,0.0,3370133.991816851,3370133.991816851,0,False
2013-02-06,2013-02-05,2013-01-31,0.0540360900900901,0.8,,1.6721735311584085,2244045.169964756,0.0,3338490.830035244,3338490.830035244,0,False
2013-02-07,2013-02-06,2013-01-31,0.0540360900900901,0.8,,1.6666591178054047,2244260.3523783144,0.0,3366428.6476216856,3366428.6476216856,0,False
2013-02-08,2013-02-07,2013-01-31,0.0540360900900901,0.8,,1.6659679331368717,2329264.881225803,0.0,3497563.118774197,3497563.118774197,0,False
2013-02-18,2013-02-08,2013-01-31,0.0540360900900901,0.8,,1.6820137278371392,2331498.4228927316,0.0,3418550.5771072684,3418550.5771072684,0,False
2013-02-19,2013-02-18,2013-01-31,0.0540360900900901,0.8,,1.7453815628094405,2331721.9912346527,0.0,3128226.0087653473,3128226.0087653473,0,False
2013-02-20,2013-02-19,2013-01-31,0.0540360900900901,0.8,,1.7385341689584224,2331945.581014634,0.0,3157532.418985366,3157532.418985366,0,False
2013-02-21,2013-02-20,2013-01-31,0.0540360900900901,0.8,,1.7994566509374135,2332169.1922347313,0.0,2917192.8077652687,2917192.8077652687,0,False
2013-02-22,2013-02-21,2013-01-31,0.0540360900900901,0.8,,1.818152591913028,2332392.8248970006,0.0,2850804.1751029994,2850804.1751029994,0,False
2013-02-25,2013-02-22,2013-01-31,0.0540360900900901,0.8,,1.8048052482934858,2333063.7872164915,0.0,2898917.2127835085,2898917.2127835085,0,False
2013-02-26,2013-02-25,2013-01-31,0.0540360900900901,0.8,,1.8339612472288944,2331983.173761841,0.0,2796272.826238159,2796272.826238159,0,False
2013-02-27,2013-02-26,2013-01-31,0.0540360900900901,0.8,,1.8149955029952805,2332206.788586722,0.0,2861619.211413278,2861619.211413278,0,False
2013-02-28,2013-02-27,2013-01-31,0.0540360900900901,0.8,,1.7541919915449404,2332430.424854121,0.0,3092621.575145879,3092621.575145879,0,False
2013-03-01,2013-02-28,2013-02-28,0.05570202841429881,0.8,,1.742233676265406,2332654.0825660937,0.0,3142748.9174339063,3142748.9174339063,0,False
2013-03-04,2013-03-01,2013-02-28,0.05570202841429881,0.8,,1.8486899050604582,2333325.1200419003,0.0,2749325.8799580997,2749325.8799580997,0,False
2013-03-05,2013-03-04,2013-02-28,0.05570202841429881,0.8,,1.8434533872808538,2333548.863546562,0.0,2766660.136453438,2766660.136453438,0,False
2013-03-06,2013-03-05,2013-02-28,0.05570202841429881,0.8,,1.8475996185168013,2333772.6285060802,0.0,2753390.3714939198,2753390.3714939198,0,False
2013-03-07,2013-03-06,2013-02-28,0.05570202841429881,0.8,,1.853707715218609,2333996.414922512,0.0,2733952.585077488,2733952.585077488,0,False
2013-03-08,2013-03-07,2013-02-28,0.05570202841429881,0.8,,1.8547756218015836,2334220.222797916,0.0,2730798.777202084,2730798.777202084,0,False
2013-03-11,2013-03-08,2013-02-28,0.05570202841429881,0.8,,1.8681430095981737,2334891.710807214,0.0,2689524.289192786,2689524.289192786,0,False
2013-03-12,2013-03-11,2013-02-28,0.05570202841429881,0.8,,1.8769127801167158,2335115.6045329077,0.0,2662882.3954670923,2662882.3954670923,0,False
2013-03-13,2013-03-12,2013-02-28,0.05570202841429881,0.8,,1.9321564741896329,2335339.519727863,0.0,2505308.480272137,2505308.480272137,0,False
2013-03-14,2013-03-13,2013-02-28,0.05570202841429881,0.8,,1.933993922572598,2335563.4563941383,0.0,2500619.5436058617,2500619.5436058617,0,False
2013-03-15,2013-03-14,2013-02-28,0.05570202841429881,0.8,,1.918343291560429,2335787.4145337925,0.0,2543479.5854662075,2543479.5854662075,0,False
2013-03-18,2013-03-15,2013-02-28,0.05570202841429881,0.8,,1.9434069942770185,2336459.3533790694,0.0,2476618.6466209306,2476618.6466209306,0,False
2013-03-19,2013-03-18,2013-02-28,0.05570202841429881,0.8,,1.9237894188926827,2336683.3974266537,0.0,2529454.6025733463,2529454.6025733463,0,False
2013-03-20,2013-03-19,2013-02-28,0.05570202841429881,0.8,,1.8537666433394213,2336907.4629579135,0.0,2737173.5370420865,2737173.5370420865,0,False
2013-03-21,2013-03-20,2013-02-28,0.05570202841429881,0.8,,1.8474809141065323,2337131.5499749095,0.0,2757739.4500250905,2757739.4500250905,0,False
2013-03-22,2013-03-21,2013-02-28,0.05570202841429881,0.8,,1.852390201654686,2337355.6584797017,0.0,2742119.3415202983,2742119.3415202983,0,False
2013-03-25,2013-03-22,2013-02-28,0.05570202841429881,0.8,,1.8657327222746551,2338028.0484636477,0.0,2700634.9515363523,2700634.9515363523,0,False
2013-03-26,2013-03-25,2013-02-28,0.05570202841429881,0.8,,1.8731918906716314,2338252.242934048,0.0,2677821.757065952,2677821.757065952,0,False
2013-03-27,2013-03-26,2013-02-28,0.05570202841429881,0.8,,1.8691193497368024,2338476.4589025485,0.0,2690627.5410974515,2690627.5410974515,0,False
2013-03-28,2013-03-27,2013-02-28,0.05570202841429881,0.8,,1.9084148560004455,2338700.6963712103,0.0,2574485.3036287897,2574485.3036287897,0,False
2013-03-29,2013-03-28,2013-02-28,0.05570202841429881,0.8,,1.9160367642278364,2338924.9553420953,0.0,2553309.0446579047,2553309.0446579047,0,False
2013-04-01,2013-03-29,2013-03-29,0.06361790099009901,0.9,,1.914970399455608,2339597.7967676045,0.0,2557020.2032323955,2557020.2032323955,0,False
2013-04-02,2013-04-01,2013-03-29,0.06361790099009901,0.9,,1.8992976371842007,2339822.141761815,0.0,2601832.858238185,2601832.858238185,0,False
2013-04-03,2013-04-02,2013-03-29,0.06361790099009901,0.9,,1.8993425190140198,2340046.5082685594,0.0,2601952.4917314406,2601952.4917314406,0,False
2013-04-08,2013-04-03,2013-03-29,0.06361790099009901,0.9,,1.8800595897482195,2341168.4483752633,0.0,2660238.5516247367,2660238.5516247367,0,False
2013-04-09,2013-04-08,2013-03-29,0.06361790099009901,0.9,,1.870790529203084,2341392.943979902,0.0,2688813.056020098,2688813.056020098,0,False
2013-04-10,2013-04-09,2013-03-29,0.06361790099009901,0.9,,1.901667848247466,2341617.4611115167,0.0,2596984.5388884833,2596984.5388884833,0,False
2013-04-11,2013-04-10,2013-03-29,0.06361790099009901,0.9,,1.8693687220620736,2341841.999772171,0.0,2693727.000227829,2693727.000227829,0,False
2013-04-12,2013-04-11,2013-03-29,0.06361790099009901,0.9,,1.8832516058174407,2342066.55996393,0.0,2651641.44003607,2651641.44003607,0,False
2013-04-15,2013-04-12,2013-03-29,0.06361790099009901,0.9,,1.888221992950168,2342740.305138714,0.0,2637561.694861286,2637561.694861286,0,False
2013-04-16,2013-04-15,2013-03-29,0.06361790099009901,0.9,,1.8678641034664079,2342964.951469344,0.0,2699691.048530656,2699691.048530656,0,False
2013-04-17,2013-04-16,2013-03-29,0.06361790099009901,0.9,,1.8492025447508278,2343189.619341403,0.0,2759282.380658597,2759282.380658597,0,False
2013-04-18,2013-04-17,2013-03-29,0.06361790099009901,0.9,,1.8735827587141367,2343414.308756956,0.0,2682532.691243044,2682532.691243044,0,False
2013-04-19,2013-04-18,2013-03-29,0.06361790099009901,0.9,,1.8329245792680489,2343639.0197180696,0.0,2813746.9802819304,2813746.9802819304,0,False
2013-04-22,2013-04-19,2013-03-29,0.06361790099009901,0.9,,1.8404518042839548,2344313.21724429,0.0,2789348.78275571,2789348.78275571,0,False
2013-04-23,2013-04-22,2013-03-29,0.06361790099009901,0.9,,1.9159228237051307,2344538.014402108,0.0,2559754.985597892,2559754.985597892,0,False
2013-04-24,2013-04-23,2013-03-29,0.06361790099009901,0.9,,1.8908611888084261,2344762.8331158175,0.0,2632018.1668841825,2632018.1668841825,0,False
2013-04-25,2013-04-24,2013-03-29,0.06361790099009901,0.9,,1.917659612455339,2344987.673387486,0.0,2555400.326612514,2555400.326612514,0,False
2013-04-26,2013-04-25,2013-03-29,0.06361790099009901,0.9,,1.95103334649809,2345212.535219181,0.0,2465962.464780819,2465962.464780819,0,False
2013-05-02,2013-04-26,2013-04-26,0.06825110256410256,0.9333333333333333,,1.9675146582988012,2346561.83558191,0.0,2425350.16441809,2425350.16441809,0,False
2013-05-03,2013-05-02,2013-04-26,0.06825110256410256,0.9333333333333333,,1.9326517005983421,2346786.848360664,0.0,2516252.151639336,2516252.151639336,0,False
2013-05-06,2013-05-03,2013-04-26,0.06825110256410256,0.9333333333333333,,1.909519249671528,2347461.951426631,0.0,2580992.048573369,2580992.048573369,0,False
2013-05-07,2013-05-06,2013-04-26,0.06825110256410256,0.9333333333333333,,1.9049495528359695,2347687.0505178636,0.0,2594273.9494821364,2594273.9494821364,0,False
2013-05-08,2013-05-07,2013-04-26,0.06825110256410256,0.9333333333333333,,1.8791005588153076,2347912.1711939406,0.0,2670811.8288060594,2670811.8288060594,0,False
2013-05-09,2013-05-08,2013-04-26,0.06825110256410256,0.9333333333333333,,1.911361897419435,2348137.3134569316,0.0,2576514.6865430684,2576514.6865430684,0,False
2013-05-10,2013-05-09,2013-04-26,0.06825110256410256,0.9333333333333333,,1.9061531369831117,2348362.477308907,0.0,2591573.522691093,2591573.522691093,0,False
2013-05-13,2013-05-10,2013-04-26,0.06825110256410256,0.9333333333333333,,1.9308403798867242,2349038.033637996,0.0,2523566.966362004,2523566.966362004,0,False
2013-05-14,2013-05-13,2013-04-26,0.06825110256410256,0.9333333333333333,,1.9877454115321607,2349263.2838603994,0.0,2378409.7161396006,2378409.7161396006,0,False
2013-05-15,2013-05-14,2013-04-26,0.06825110256410256,0.9333333333333333,,1.9934588278292056,2346064.4732601396,0.0,2361511.5267398604,2361511.5267398604,0,False
2013-05-16,2013-05-15,2013-04-26,0.06825110256410256,0.9333333333333333,,1.9645598315633375,2346289.4383466165,0.0,2432497.5616533835,2432497.5616533835,0,False
2013-05-17,2013-05-16,2013-04-26,0.06825110256410256,0.9333333333333333,,1.9330401574734006,2346514.425005088,0.0,2514912.574994912,2514912.574994912,0,False
2013-05-20,2013-05-17,2013-04-26,0.06825110256410256,0.9333333333333333,,1.8734246388843485,2347189.449702692,0.0,2687340.550297308,2687340.550297308,0,False
2013-05-21,2013-05-20,2013-04-26,0.06825110256410256,0.9333333333333333,,1.8652048536063581,2347414.5226636226,0.0,2713131.4773363774,2713131.4773363774,0,False
2013-05-22,2013-05-21,2013-04-26,0.06825110256410256,0.9333333333333333,,1.8578207744516524,2347639.6172068915,0.0,2736748.3827931085,2736748.3827931085,0,False
2013-05-23,2013-05-22,2013-04-26,0.06825110256410256,0.9333333333333333,,1.9106871859095131,2347864.733334569,0.0,2578124.266665431,2578124.266665431,0,False
2013-05-24,2013-05-23,2013-04-26,0.06825110256410256,0.9333333333333333,,1.9070725599717229,2348089.8710487243,0.0,2588646.1289512757,2588646.1289512757,0,False
2013-05-27,2013-05-24,2013-04-26,0.06825110256410256,0.9333333333333333,,1.9183568762521601,2348765.348956834,0.0,2557573.651043166,2557573.651043166,0,False
2013-05-28,2013-05-27,2013-04-26,0.06825110256410256,0.9333333333333333,,1.879021642851808,2348990.5730313915,0.0,2672278.4269686085,2672278.4269686085,0,False
2013-05-29,2013-05-28,2013-04-26,0.06825110256410256,0.9333333333333333,,1.8912622047398413,2349215.818702778,0.0,2635830.181297222,2635830.181297222,0,False
2013-05-30,2013-05-29,2013-04-26,0.06825110256410256,0.9333333333333333,,1.9092313828877063,2349441.0859730644,0.0,2583985.9140269356,2583985.9140269356,0,False
2013-05-31,2013-05-30,2013-04-26,0.06825110256410256,0.9333333333333333,,1.927676280563771,2349666.374844322,0.0,2532851.625155678,2532851.625155678,0,False
2013-06-03,2013-05-31,2013-05-31,0.06510348756218905,0.9,,1.9365075087346584,2350342.3062672224,0.0,2509688.6937327776,2509688.6937327776,0,False
2013-06-04,2013-06-03,2013-05-31,0.06510348756218905,0.9,,1.971652353822507,2349867.6815568646,0.0,2418424.3184431354,2418424.3184431354,0,False
2013-06-05,2013-06-04,2013-05-31,0.06510348756218905,0.9,,1.9789301019214507,2350093.0113345482,0.0,2400674.9886654518,2400674.9886654518,0,False
2013-06-06,2013-06-05,2013-05-31,0.06510348756218905,0.9,,1.98060366888085,2350318.362719197,0.0,2396807.637280803,2396807.637280803,0,False
2013-06-07,2013-06-06,2013-05-31,0.06510348756218905,0.9,,2.0389459219454023,2350543.735712882,0.0,2262431.264287118,2262431.264287118,0,False
2013-06-13,2013-06-07,2013-05-31,0.06510348756218905,0.9,,2.158174761622805,2351896.1033416484,0.0,2030691.8966583516,2030691.8966583516,0,False
2013-06-14,2013-06-13,2013-05-31,0.06510348756218905,0.9,,2.163382151411087,2331171.6276255306,0.0,2003788.3723744694,2003788.3723744694,0,False
2013-06-17,2013-06-14,2013-05-31,0.06510348756218905,0.9,,1.6477439971494845,1277287.94106463,36846.296742933046,1915018.355678303,1915018.355678303,0,False
2013-06-18,2013-06-17,2013-05-31,0.06510348756218905,0.9,,1.6658327384584388,1338098.8516272786,0.0,2009662.1483727214,2009662.1483727214,0,False
2013-06-19,2013-06-18,2013-05-31,0.06510348756218905,0.9,,1.6680787814789273,1338227.1624760649,0.0,2003097.8375239351,2003097.8375239351,0,False
2013-06-20,2013-06-19,2013-05-31,0.06510348756218905,0.9,,1.6947030378669858,1338355.485628631,0.0,1926514.514371369,1926514.514371369,0,False
2013-06-21,2013-06-20,2013-05-31,0.06510348756218905,0.9,,1.6969643001995347,1338483.821086157,0.0,1920448.178913843,1920448.178913843,0,False
2013-06-24,2013-06-21,2013-05-31,0.06510348756218905,0.9,,1.1184942094900796,1161115.8123248152,954627.5919876607,1742601.7796628454,1742601.7796628454,0,False
2013-06-25,2013-06-24,2013-05-31,0.06510348756218905,0.9,,1.2182285444070744,1155788.0149004268,777074.5242408577,1735398.509340431,1735398.509340431,0,False
2013-06-26,2013-06-25,2013-05-31,0.06510348756218905,0.9,,1.3122275121402036,1155898.843888157,600002.0484108577,1780422.2045227005,1780422.2045227005,0,False
2013-06-27,2013-06-26,2013-05-31,0.06510348756218905,0.9,,1.4077595331100292,1156009.6835033244,420965.35654085764,1802641.6730375334,1802641.6730375334,0,False
2013-06-28,2013-06-27,2013-05-31,0.06510348756218905,0.9,,1.502226226676671,1156120.533746948,240534.51133085764,1823054.9775839099,1823054.9775839099,0,False
2013-07-01,2013-06-28,2013-06-28,0.0800823732718894,1.0,,1.5979322592180678,1156453.116366245,59075.553040857645,1835287.4366746123,1835287.4366746123,0,False
2013-07-02,2013-07-01,2013-06-28,0.0800823732718894,1.0,,1.6656860738444248,1229661.9834699705,0.0,1847210.0165300295,1847210.0165300295,0,False
2013-07-03,2013-07-02,2013-06-28,0.0800823732718894,1.0,,1.6707192415722079,1229779.896262906,0.0,1833524.103737094,1833524.103737094,0,False
2013-07-04,2013-07-03,2013-06-28,0.0800823732718894,1.0,,1.665821975091666,1253754.0588725477,0.0,1883016.9411274523,1883016.9411274523,0,False
2013-07-05,2013-07-04,2013-06-28,0.0800823732718894,1.0,,1.6658335799463975,1262569.3687644943,0.0,1896223.6312355057,1896223.6312355057,0,False
2013-07-08,2013-07-05,2013-06-28,0.0800823732718894,1.0,,1.6818140156523025,1262932.5736513992,0.0,1852312.4263486008,1852312.4263486008,0,False
2013-07-09,2013-07-08,2013-06-28,0.0800823732718894,1.0,,1.694698815558838,1263053.6767749,0.0,1818131.3232251,1818131.3232251,0,False
2013-07-10,2013-07-09,2013-06-28,0.0800823732718894,1.0,,1.6771340713428253,1263174.791511029,0.0,1865472.208488971,1865472.208488971,0,False
2013-07-11,2013-07-10,2013-06-28,0.0800823732718894,1.0,,1.665975160848757,1298365.5164008997,0.0,1949570.4835991003,1949570.4835991003,0,False
2013-07-12,2013-07-11,2013-06-28,0.0800823732718894,1.0,,1.6905785582802504,1298490.0172038423,0.0,1880292.9827961577,1880292.9827961577,0,False
2013-07-15,2013-07-12,2013-06-28,0.0800823732718894,1.0,,1.6842669729362156,1298863.5554279694,0.0,1898182.4445720306,1898182.4445720306,0,False
2013-07-16,2013-07-15,2013-06-28,0.0800823732718894,1.0,,1.6660944935963922,1298988.103988079,0.0,1950155.896011921,1950155.896011921,0,False
2013-07-17,2013-07-16,2013-06-28,0.0800823732718894,1.0,,1.6727405402590942,1299112.664491201,0.0,1931075.335508799,1931075.335508799,0,False
2013-07-18,2013-07-17,2013-06-28,0.0800823732718894,1.0,,1.6966371826891484,1299237.236938481,0.0,1865012.763061519,1865012.763061519,0,False
2013-07-19,2013-07-18,2013-06-28,0.0800823732718894,1.0,,1.7448119505066095,1299361.8213310642,0.0,1744550.1786689358,1744550.1786689358,0,False
2013-07-22,2013-07-19,2013-06-28,0.0800823732718894,1.0,,1.7313297524924716,1299735.6103481594,0.0,1777222.3896518406,1777222.3896518406,0,False
2013-07-23,2013-07-22,2013-06-28,0.0800823732718894,1.0,,1.704164613071998,1299860.2425299736,0.0,1845960.7574700264,1845960.7574700264,0,False
2013-07-24,2013-07-23,2013-06-28,0.0800823732718894,1.0,,1.6906326845144835,1299984.886662819,0.0,1882310.113337181,1882310.113337181,0,False
2013-07-25,2013-07-24,2013-06-28,0.0800823732718894,1.0,,1.6956841905376403,1300109.5427478414,0.0,1868821.4572521586,1868821.4572521586,0,False
2013-07-26,2013-07-25,2013-06-28,0.0800823732718894,1.0,,1.6875537944082497,1300234.210786187,0.0,1891101.789213813,1891101.789213813,0,False
2013-07-29,2013-07-26,2013-06-28,0.0800823732718894,1.0,,1.715593144639047,1300608.2507646324,0.0,1817524.7492353676,1817524.7492353676,0,False
2013-07-30,2013-07-29,2013-06-28,0.0800823732718894,1.0,,1.7056874259155361,1300732.9666242946,0.0,1843214.0333757054,1843214.0333757054,0,False
2013-07-31,2013-07-30,2013-06-28,0.0800823732718894,1.0,,1.6877825566881337,1300857.6944430121,0.0,1891379.3055569879,1891379.3055569879,0,False
2013-08-01,2013-07-31,2013-07-31,0.07694125114155252,0.9833333333333333,,1.681492456936492,1300982.4342219313,0.0,1909019.5657780687,1909019.5657780687,0,False
2013-08-02,2013-08-01,2013-07-31,0.07694125114155252,0.9833333333333333,,1.6864712030984648,1301107.1859621992,0.0,1895355.8140378008,1895355.8140378008,0,False
2013-08-05,2013-08-02,2013-07-31,0.07694125114155252,0.9833333333333333,,1.6732820453748702,1301481.4770704897,0.0,1933040.5229295103,1933040.5229295103,0,False
2013-08-06,2013-08-05,2013-07-31,0.07694125114155252,0.9833333333333333,,1.6659458920028145,1312921.3897641813,0.0,1971513.6102358187,1971513.6102358187,0,False
2013-08-07,2013-08-06,2013-07-31,0.07694125114155252,0.9833333333333333,,1.665845302645302,1305754.7473003555,349.72912455281767,1960522.981824197,1960522.981824197,0,False
2013-08-08,2013-08-07,2013-07-31,0.07694125114155252,0.9833333333333333,,1.6659620705203173,1316715.3392851327,0.0,1977162.6607148673,1977162.6607148673,0,False
2013-08-09,2013-08-08,2013-07-31,0.07694125114155252,0.9833333333333333,,1.6658929872923272,1321088.6420801326,0.0,1983935.3579198674,1983935.3579198674,0,False
2013-08-12,2013-08-09,2013-07-31,0.07694125114155252,0.9833333333333333,,1.665971488945746,1370290.1693885392,0.0,2057580.8306114608,2057580.8306114608,0,False
2013-08-13,2013-08-12,2013-07-31,0.07694125114155252,0.9833333333333333,,1.6761538938452776,1370421.5670760148,0.0,2026789.4329239852,2026789.4329239852,0,False
2013-08-14,2013-08-13,2013-07-31,0.07694125114155252,0.9833333333333333,,1.6723637355307084,1370552.9773632686,0.0,2038410.0226367314,2038410.0226367314,0,False
2013-08-15,2013-08-14,2013-07-31,0.07694125114155252,0.9833333333333333,,1.6862464671818584,1370684.400251509,0.0,1997364.599748491,1997364.599748491,0,False
2013-08-16,2013-08-15,2013-07-31,0.07694125114155252,0.9833333333333333,,1.6988833803709824,1370815.835741944,0.0,1961437.164258056,1961437.164258056,0,False
2013-08-19,2013-08-16,2013-07-31,0.07694125114155252,0.9833333333333333,,1.6665028452096713,1371210.1800234588,0.0,2057320.8199765412,2057320.8199765412,0,False
2013-08-20,2013-08-19,2013-07-31,0.07694125114155252,0.9833333333333333,,1.6659246556909284,1382126.7736311322,0.0,2075500.2263688678,2075500.2263688678,0,False
2013-08-21,2013-08-20,2013-07-31,0.07694125114155252,0.9833333333333333,,1.6856296372341668,1382259.306335453,0.0,2016043.693664547,2016043.693664547,0,False
2013-08-22,2013-08-21,2013-07-31,0.07694125114155252,0.9833333333333333,,1.6659684689878689,1338514.910735573,157.9863571837335,2009640.0756216107,2009640.0756216107,0,False
2013-08-23,2013-08-22,2013-07-31,0.07694125114155252,0.9833333333333333,,1.6894867529622721,1338485.2751232544,0.0,1941277.7248767456,1941277.7248767456,0,False
2013-08-26,2013-08-23,2013-07-31,0.07694125114155252,0.9833333333333333,,1.6714115663958808,1338870.3188325365,0.0,1994112.6811674635,1994112.6811674635,0,False
2013-08-27,2013-08-26,2013-07-31,0.07694125114155252,0.9833333333333333,,1.6719016365739232,1338998.70365763,0.0,1992849.29634237,1992849.29634237,0,False
2013-08-28,2013-08-27,2013-07-31,0.07694125114155252,0.9833333333333333,,1.6659716724605635,1298711.2548714643,98.77787786727822,1949951.523006403,1949951.523006403,0,False
2013-08-29,2013-08-28,2013-07-31,0.07694125114155252,0.9833333333333333,,1.6659030308217948,1276704.676707604,203.38669806029077,1916947.7099904562,1916947.7099904562,0,False
2013-08-30,2013-08-29,2013-07-31,0.07694125114155252,0.9833333333333333,,1.6658754033915673,1292295.8148156665,0.0,1940747.1851843335,1940747.1851843335,0,False
2013-09-02,2013-08-30,2013-08-30,0.07380125114155252,0.9666666666666667,,1.6659205309596536,1299118.635605956,0.0,1950861.364394044,1950861.364394044,0,False
2013-09-03,2013-09-02,2013-08-30,0.07380125114155252,0.9666666666666667,,1.6658169137336178,1329559.4849158085,0.0,1996884.5150841915,1996884.5150841915,0,False
2013-09-04,2013-09-03,2013-08-30,0.07380125114155252,0.9666666666666667,,1.6665832630852913,1329686.9769212115,0.0,1994780.0230787885,1994780.0230787885,0,False
2013-09-05,2013-09-04,2013-08-30,0.07380125114155252,0.9666666666666667,,1.6774635122942183,1329814.481151875,0.0,1962931.518848125,1962931.518848125,0,False
2013-09-06,2013-09-05,2013-08-30,0.07380125114155252,0.9666666666666667,,1.679247073356711,1329941.9976089718,0.0,1957965.0023910282,1957965.0023910282,0,False
2013-09-09,2013-09-06,2013-08-30,0.07380125114155252,0.9666666666666667,,1.6658860308701122,1337433.6547030786,0.0,2008502.3452969214,2008502.3452969214,0,False
2013-09-10,2013-09-09,2013-08-30,0.07380125114155252,0.9666666666666667,,1.6659450470320887,1391323.8149258583,0.0,2089247.1850741417,2089247.1850741417,0,False
2013-09-11,2013-09-10,2013-08-30,0.07380125114155252,0.9666666666666667,,1.6658862801537542,1396979.2847082485,0.0,2097924.7152917515,2097924.7152917515,0,False
2013-09-12,2013-09-11,2013-08-30,0.07380125114155252,0.9666666666666667,,1.6659685514054534,1404354.3139859603,0.0,2108739.6860140394,2108739.6860140394,0,False
2013-09-13,2013-09-12,2013-08-30,0.07380125114155252,0.9666666666666667,,1.6711061624227614,1404488.9780982602,0.0,2092797.0219017398,2092797.0219017398,0,False
2013-09-16,2013-09-13,2013-08-30,0.07380125114155252,0.9666666666666667,,1.6845799966838428,1404893.0091741516,0.0,2052196.9908258484,2052196.9908258484,0,False
2013-09-17,2013-09-16,2013-08-30,0.07380125114155252,0.9666666666666667,,1.7027361818260751,1405027.7249421545,0.0,1999367.2750578455,1999367.2750578455,0,False
2013-09-18,2013-09-17,2013-08-30,0.07380125114155252,0.9666666666666667,,1.7033251526870496,1405162.453628108,0.0,1997884.546371892,1997884.546371892,0,False
2013-09-23,2013-09-18,2013-08-30,0.07380125114155252,0.9666666666666667,,1.665962584277604,1400511.978338556,128.30345473595662,2102796.3251161803,2102796.3251161803,0,False
2013-09-24,2013-09-23,2013-08-30,0.07380125114155252,0.9666666666666667,,1.6659509756449546,1452960.7103729756,0.0,2181783.2896270244,2181783.2896270244,0,False
2013-09-25,2013-09-24,2013-08-30,0.07380125114155252,0.9666666666666667,,1.6658950495420606,1536193.1461626005,0.0,2306959.8538373997,2306959.8538373997,0,False
2013-09-26,2013-09-25,2013-08-30,0.07380125114155252,0.9666666666666667,,1.7208995630783293,1536340.4523546982,0.0,2131143.5476453016,2131143.5476453016,0,False
2013-09-27,2013-09-26,2013-08-30,0.07380125114155252,0.9666666666666667,,1.7012739021553618,1536487.7726720474,0.0,2190995.2273279526,2190995.2273279526,0,False
2013-09-30,2013-09-27,2013-08-30,0.07380125114155252,0.9666666666666667,,1.6659158561518779,1445881.4871813946,229.45825748272364,2170922.971076088,2170922.971076088,0,False
2013-10-08,2013-09-30,2013-09-30,0.07091074501108648,0.9166666666666666,,1.6659797786255508,1450053.0537439415,0.0,2177322.9462560583,2177322.9462560583,0,False
2013-10-09,2013-10-08,2013-09-30,0.07091074501108648,0.9166666666666666,,1.6659339420295167,1453938.9418371774,0.0,2183308.0581628224,2183308.0581628224,0,False
2013-10-10,2013-10-09,2013-09-30,0.07091074501108648,0.9166666666666666,,1.6659180981231432,1489300.7128098195,0.0,2236462.2871901803,2236462.2871901803,0,False
2013-10-11,2013-10-10,2013-09-30,0.07091074501108648,0.9166666666666666,,1.6659320839531837,1506238.6903172124,0.0,2261850.3096827874,2261850.3096827874,0,False
2013-10-14,2013-10-11,2013-09-30,0.07091074501108648,0.9166666666666666,,1.6659482732744826,1540772.3327582625,0.0,2313651.6672417372,2313651.6672417372,0,False
2013-10-15,2013-10-14,2013-09-30,0.07091074501108648,0.9166666666666666,,1.6660115515950065,1518877.550018404,26.350967959078844,2280517.800949555,2280517.800949555,0,False
2013-10-16,2013-10-15,2013-09-30,0.07091074501108648,0.9166666666666666,,1.6852643444391133,1492322.4608229124,0.0,2177732.5391770876,2177732.5391770876,0,False
2013-10-17,2013-10-16,2013-09-30,0.07091074501108648,0.9166666666666666,,1.6848219096159043,1492465.560236964,0.0,2179348.439763036,2179348.439763036,0,False
2013-10-18,2013-10-17,2013-09-30,0.07091074501108648,0.9166666666666666,,1.6811474295406155,1492508.673372877,0.0,2191168.326627123,2191168.326627123,0,False
2013-10-21,2013-10-18,2013-09-30,0.07091074501108648,0.9166666666666666,,1.6658872147607386,1518548.2812330255,0.0,2280488.7187669743,2280488.7187669743,0,False
2013-10-22,2013-10-21,2013-09-30,0.07091074501108648,0.9166666666666666,,1.6849172922340183,1518693.895451774,0.0,2217339.104548226,2217339.104548226,0,False
2013-10-23,2013-10-22,2013-09-30,0.07091074501108648,0.9166666666666666,,1.6659980698371613,1453899.6292600695,52.141546540027775,2182960.5122864703,2182960.5122864703,0,False
2013-10-24,2013-10-23,2013-09-30,0.07091074501108648,0.9166666666666666,,1.6659791174494625,1458588.5019564722,0.0,2190141.498043528,2190141.498043528,0,False
2013-10-25,2013-10-24,2013-09-30,0.07091074501108648,0.9166666666666666,,1.6659777743864363,1430212.1118395084,68.52243216369425,2147434.4105926547,2147434.4105926547,0,False
2013-10-28,2013-10-25,2013-09-30,0.07091074501108648,0.9166666666666666,,1.3701198492370945,1430623.5427209965,622519.4450721636,2183357.902351167,2183357.902351167,0,False
2013-10-29,2013-10-28,2013-09-30,0.07091074501108648,0.9166666666666666,,1.5677722795170344,1430760.7258004355,187394.58660216362,2189902.860801728,2189902.860801728,0,False
2013-10-30,2013-10-29,2013-09-30,0.07091074501108648,0.9166666666666666,,1.665898904498616,1568572.0890622528,0.0,2355570.910937747,2355570.910937747,0,False
2013-10-31,2013-10-30,2013-09-30,0.07091074501108648,0.9166666666666666,,1.674255785921576,1568722.5000844917,0.0,2326598.4999155086,2326598.4999155086,0,False
2013-11-01,2013-10-31,2013-10-31,0.07393474074074072,0.9666666666666667,,1.6752135553095293,1568872.9255297054,0.0,2323521.0744702946,2323521.0744702946,0,False
2013-11-04,2013-11-01,2013-10-31,0.07393474074074072,0.9666666666666667,,1.6658575666412332,1569324.2451384193,0.0,2356846.7548615807,2356846.7548615807,0,False
2013-11-05,2013-11-04,2013-10-31,0.07393474074074072,0.9666666666666667,,1.682644686615797,1569474.7282852135,0.0,2299109.2717147865,2299109.2717147865,0,False
2013-11-06,2013-11-05,2013-10-31,0.07393474074074072,0.9666666666666667,,1.7053852548201451,1569625.2258618984,0.0,2225202.7741381014,2225202.7741381014,0,False
2013-11-07,2013-11-06,2013-10-31,0.07393474074074072,0.9666666666666667,,1.7184606950566286,1569775.7378698578,0.0,2184915.262130142,2184915.262130142,0,False
2013-11-08,2013-11-07,2013-10-31,0.07393474074074072,0.9666666666666667,,1.7258526885367902,1569926.2643104754,0.0,2162871.7356895246,2162871.7356895246,0,False
2013-11-11,2013-11-08,2013-10-31,0.07393474074074072,0.9666666666666667,,1.7239960337676494,1570377.8869344553,0.0,2169042.1130655445,2169042.1130655445,0,False
2013-11-12,2013-11-11,2013-10-31,0.07393474074074072,0.9666666666666667,,1.7045437654905085,1570528.4711153943,0.0,2229142.5288846055,2229142.5288846055,0,False
2013-11-13,2013-11-12,2013-10-31,0.07393474074074072,0.9666666666666667,,1.725126505396519,1570679.0697359121,0.0,2166075.930264088,2166075.930264088,0,False
2013-11-14,2013-11-13,2013-10-31,0.07393474074074072,0.9666666666666667,,1.7110798620061094,1570829.6827973938,0.0,2209076.3172026062,2209076.3172026062,0,False
2013-11-15,2013-11-14,2013-10-31,0.07393474074074072,0.9666666666666667,,1.6905903695923095,1570980.3103012235,0.0,2274836.689698776,2274836.689698776,0,False
2013-11-18,2013-11-15,2013-10-31,0.07393474074074072,0.9666666666666667,,1.6675390828893661,1571432.236143913,0.0,2354067.763856087,2354067.763856087,0,False
2013-11-19,2013-11-18,2013-10-31,0.07393474074074072,0.9666666666666667,,1.679542574149262,1571582.9214268308,0.0,2312707.078573169,2312707.078573169,0,False
2013-11-20,2013-11-19,2013-10-31,0.07393474074074072,0.9666666666666667,,1.6656661557205088,1572576.6295390225,0.0,2362410.370460978,2362410.370460978,0,False
2013-11-21,2013-11-20,2013-10-31,0.07393474074074072,0.9666666666666667,,1.6659691465535076,1587816.5753982933,0.0,2384219.4246017067,2384219.4246017067,0,False
2013-11-22,2013-11-21,2013-10-31,0.07393474074074072,0.9666666666666667,,1.6687510320094774,1587968.8317822355,0.0,2374529.1682177642,2374529.1682177642,0,False
2013-11-25,2013-11-22,2013-10-31,0.07393474074074072,0.9666666666666667,,1.6657206366422042,1604428.804713844,0.0,2410063.1952861557,2410063.1952861557,0,False
2013-11-26,2013-11-25,2013-10-31,0.07393474074074072,0.9666666666666667,,1.6659726151542182,1607108.6792112824,0.0,2413175.320788718,2413175.320788718,0,False
2013-11-27,2013-11-26,2013-10-31,0.07393474074074072,0.9666666666666667,,1.675794060955618,1607262.7855229876,0.0,2378332.2144770124,2378332.2144770124,0,False
2013-11-28,2013-11-27,2013-10-31,0.07393474074074072,0.9666666666666667,,1.665738636441572,1633012.1625120104,0.0,2452932.8374879896,2452932.8374879896,0,False
2013-11-29,2013-11-28,2013-10-31,0.07393474074074072,0.9666666666666667,,1.6658044263994323,1642622.8472093747,0.0,2467125.1527906256,2467125.1527906256,0,False
2013-12-02,2013-11-29,2013-11-29,0.06887393925759278,0.8666666666666667,,1.6840636780153762,1643095.3825489827,0.0,2401962.6174510173,2401962.6174510173,0,False
2013-12-03,2013-12-02,2013-11-29,0.06887393925759278,0.8666666666666667,,1.6657335454892477,1653015.03721046,0.0,2482997.96278954,2482997.96278954,0,False
2013-12-04,2013-12-03,2013-11-29,0.06887393925759278,0.8666666666666667,,1.6657027566488345,1726141.5711016995,0.0,2592961.4288983005,2592961.4288983005,0,False
2013-12-05,2013-12-04,2013-11-29,0.06887393925759278,0.8666666666666667,,1.6658299580969622,1727224.1006463259,0.0,2594091.899353674,2594091.899353674,0,False
2013-12-06,2013-12-05,2013-11-29,0.06887393925759278,0.8666666666666667,,1.6656947644762004,1745110.901985155,0.0,2621488.098014845,2621488.098014845,0,False
2013-12-09,2013-12-06,2013-11-29,0.06887393925759278,0.8666666666666667,,1.6657981550336072,1777433.2383398355,0.0,2669627.761660164,2669627.761660164,0,False
2013-12-10,2013-12-09,2013-11-29,0.06887393925759278,0.8666666666666667,,1.665984638679655,1798209.883103512,0.0,2700077.116896488,2700077.116896488,0,False
2013-12-11,2013-12-10,2013-11-29,0.06887393925759278,0.8666666666666667,,1.6931321025964632,1798382.314188193,0.0,2594573.685811807,2594573.685811807,0,False
2013-12-12,2013-12-11,2013-11-29,0.06887393925759278,0.8666666666666667,,1.6951432648244815,1798554.7618073619,0.0,2587315.2381926384,2587315.2381926384,0,False
2013-12-13,2013-12-12,2013-11-29,0.06887393925759278,0.8666666666666667,,1.6686167078571863,1798727.2259626037,0.0,2690221.7740373965,2690221.7740373965,0,False
2013-12-16,2013-12-13,2013-11-29,0.06887393925759278,0.8666666666666667,,1.691866477670712,1799244.6680413054,0.0,2600566.3319586944,2600566.3319586944,0,False
2013-12-17,2013-12-16,2013-11-29,0.06887393925759278,0.8666666666666667,,1.7170873243215157,1799417.1983519394,0.0,2509341.801648061,2509341.801648061,0,False
2013-12-18,2013-12-17,2013-11-29,0.06887393925759278,0.8666666666666667,,1.7205223383328523,1799589.7452065758,0.0,2497618.254793424,2497618.254793424,0,False
2013-12-19,2013-12-18,2013-11-29,0.06887393925759278,0.8666666666666667,,1.7269089260586965,1799762.308606801,0.0,2475911.691393199,2475911.691393199,0,False
2013-12-20,2013-12-19,2013-11-29,0.06887393925759278,0.8666666666666667,,1.779888039393986,1799934.8885542017,0.0,2307940.1114457985,2307940.1114457985,0,False
2013-12-23,2013-12-20,2013-11-29,0.06887393925759278,0.8666666666666667,,1.7435516975772027,1800452.6780426898,0.0,2421422.32195731,2421422.32195731,0,False
2013-12-24,2013-12-23,2013-11-29,0.06887393925759278,0.8666666666666667,,1.7380850164923574,1800625.3241898995,0.0,2439590.6758101005,2439590.6758101005,0,False
2013-12-25,2013-12-24,2013-11-29,0.06887393925759278,0.8666666666666667,,1.7275354697597909,1800797.9868922192,0.0,2475203.013107781,2475203.013107781,0,False
2013-12-26,2013-12-25,2013-11-29,0.06887393925759278,0.8666666666666667,,1.7689379854528036,1800970.6661512363,0.0,2342153.3338487637,2342153.3338487637,0,False
2013-12-27,2013-12-26,2013-11-29,0.06887393925759278,0.8666666666666667,,1.7454305694829717,1801143.3619685385,0.0,2416245.6380314613,2416245.6380314613,0,False
2013-12-30,2013-12-27,2013-11-29,0.06887393925759278,0.8666666666666667,,1.7344156511445552,1801661.4991000637,0.0,2453190.500899936,2453190.500899936,0,False
2013-12-31,2013-12-30,2013-11-29,0.06887393925759278,0.8666666666666667,,1.7266777134013178,1801834.2611616212,0.0,2479550.738838379,2479550.738838379,0,False
2014-01-02,2013-12-31,2013-12-31,0.0704912807424594,0.8833333333333333,,1.7456491995910952,1802179.8184171864,0.0,2416927.1815828136,2416927.1815828136,0,False
2014-01-03,2014-01-02,2013-12-31,0.0704912807424594,0.8833333333333333,,1.782219809782312,1800785.4324105962,0.0,2302147.567589404,2302147.567589404,0,False
2014-01-06,2014-01-03,2013-12-31,0.0704912807424594,0.8833333333333333,,1.6657899550202442,1451962.9392603277,626.4104842434463,2179871.4712239155,2179871.4712239155,0,False
2014-01-07,2014-01-06,2013-12-31,0.0704912807424594,0.8833333333333333,,1.6711377239148486,1451475.758099027,0.0,2162709.241900973,2162709.241900973,0,False
2014-01-08,2014-01-07,2013-12-31,0.0704912807424594,0.8833333333333333,,1.6654717330107043,1455413.978645968,0.0,2187041.0213540317,2187041.0213540317,0,False
2014-01-09,2014-01-08,2013-12-31,0.0704912807424594,0.8833333333333333,,1.693459715360622,1455553.5388904957,0.0,2098973.461109504,2098973.461109504,0,False
2014-01-10,2014-01-09,2013-12-31,0.0704912807424594,0.8833333333333333,,1.6944789645209415,1455693.1125175126,0.0,2096093.8874824874,2096093.8874824874,0,False
2014-01-13,2014-01-10,2013-12-31,0.0704912807424594,0.8833333333333333,,1.7193620413425865,1456111.8735498807,0.0,2024171.1264501193,2024171.1264501193,0,False
2014-01-14,2014-01-13,2013-12-31,0.0704912807424594,0.8833333333333333,,1.6883291409110843,1456251.5007158376,0.0,2115632.499284162,2115632.499284162,0,False
2014-01-15,2014-01-14,2013-12-31,0.0704912807424594,0.8833333333333333,,1.693078377805354,1456391.1412707008,0.0,2101336.858729299,2101336.858729299,0,False
2014-01-16,2014-01-15,2013-12-31,0.0704912807424594,0.8833333333333333,,1.70274344074329,1456530.7952157543,0.0,2072635.2047842457,2072635.2047842457,0,False
2014-01-17,2014-01-16,2013-12-31,0.0704912807424594,0.8833333333333333,,1.732672823843035,1456670.4625522818,0.0,1988159.5374477182,1988159.5374477182,0,False
2014-01-20,2014-01-17,2013-12-31,0.0704912807424594,0.8833333333333333,,1.7054505942991152,1457089.5047401392,0.0,2065473.4952598608,2065473.4952598608,0,False
2014-01-21,2014-01-20,2013-12-31,0.0704912807424594,0.8833333333333333,,1.7011337544269713,1457229.2256515527,0.0,2078389.7743484473,2078389.7743484473,0,False
2014-01-22,2014-01-21,2013-12-31,0.0704912807424594,0.8833333333333333,,1.6656920973388243,1461299.9992208618,0.0,2195159.000779138,2195159.000779138,0,False
2014-01-23,2014-01-22,2013-12-31,0.0704912807424594,0.8833333333333333,,1.6668949244970797,1461440.1238783214,0.0,2191409.8761216784,2191409.8761216784,0,False
2014-01-24,2014-01-23,2013-12-31,0.0704912807424594,0.8833333333333333,,1.6729864071485276,1461580.261972392,0.0,2171782.738027608,2171782.738027608,0,False
2014-01-27,2014-01-24,2013-12-31,0.0704912807424594,0.8833333333333333,,1.6940036209059626,1462000.716568302,0.0,2106618.283431698,2106618.283431698,0,False
2014-01-28,2014-01-27,2013-12-31,0.0704912807424594,0.8833333333333333,,1.6894708539300074,1462140.9084178358,0.0,2120671.091582164,2120671.091582164,0,False
2014-01-29,2014-01-28,2013-12-31,0.0704912807424594,0.8833333333333333,,1.6968569754266123,1462281.113710424,0.0,2098394.886289576,2098394.886289576,0,False
2014-01-30,2014-01-29,2013-12-31,0.0704912807424594,0.8833333333333333,,1.7112675535200377,1462421.3324473551,0.0,2056077.6675526449,2056077.6675526449,0,False
2014-02-07,2014-01-30,2014-01-30,0.07693221951219513,0.9666666666666667,,1.7010297542224238,1463543.1899078628,0.0,2087704.8100921372,2087704.8100921372,0,False
2014-02-10,2014-02-07,2014-01-30,0.07693221951219513,0.9666666666666667,,1.6670121858933493,1463964.209181672,0.0,2194808.790818328,2194808.790818328,0,False
2014-02-11,2014-02-10,2014-01-30,0.07693221951219513,0.9666666666666667,,1.665288533102232,1473754.6857613195,0.0,2215211.3142386805,2215211.3142386805,0,False
2014-02-12,2014-02-11,2014-01-30,0.07693221951219513,0.9666666666666667,,1.665221876511091,1526905.8351437896,0.0,2295333.1648562104,2295333.1648562104,0,False
2014-02-13,2014-02-12,2014-01-30,0.07693221951219513,0.9666666666666667,,1.6657753110059534,1540672.386921817,0.0,2314102.613078183,2314102.613078183,0,False
2014-02-14,2014-02-13,2014-01-30,0.07693221951219513,0.9666666666666667,,1.665770234498084,1545817.1725501518,0.0,2321847.827449848,2321847.827449848,0,False
2014-02-17,2014-02-14,2014-01-30,0.07693221951219513,0.9666666666666667,,1.6659273343683967,1553533.9323019814,0.0,2332888.0676980186,2332888.0676980186,0,False
2014-02-18,2014-02-17,2014-01-30,0.07693221951219513,0.9666666666666667,,1.6776722198990033,1553682.9013091885,0.0,2292676.0986908115,2292676.0986908115,0,False
2014-02-19,2014-02-18,2014-01-30,0.07693221951219513,0.9666666666666667,,1.6654132819954777,1559286.9391010948,0.0,2343336.060898905,2343336.060898905,0,False
2014-02-20,2014-02-19,2014-01-30,0.07693221951219513,0.9666666666666667,,1.6880252614546605,1559436.459766488,0.0,2266539.540233512,2266539.540233512,0,False
2014-02-21,2014-02-20,2014-01-30,0.07693221951219513,0.9666666666666667,,1.6982978014870609,1559585.9947694794,0.0,2233411.005230521,2233411.005230521,0,False
2014-02-24,2014-02-21,2014-01-30,0.07693221951219513,0.9666666666666667,,1.759839643943644,1560034.642795372,0.0,2053110.357204628,2053110.357204628,0,False
2014-02-25,2014-02-24,2014-01-30,0.07693221951219513,0.9666666666666667,,1.7422624652559395,1490157.97724838,0.0,2007589.02275162,2007589.02275162,0,False
2014-02-26,2014-02-25,2014-01-30,0.07693221951219513,0.9666666666666667,,1.7385203200486161,1490300.869109212,0.0,2017955.130890788,2017955.130890788,0,False
2014-02-27,2014-02-26,2014-01-30,0.07693221951219513,0.9666666666666667,,1.7867981816035585,1490443.7746720032,0.0,1894315.2253279968,1894315.2253279968,0,False
2014-02-28,2014-02-27,2014-01-30,0.07693221951219513,0.9666666666666667,,1.7513839502850324,1490586.6939380676,0.0,1983788.3060619324,1983788.3060619324,0,False
2014-03-03,2014-02-28,2014-02-28,0.0778241221001221,0.9833333333333333,,1.7378665819313113,1491015.4928500224,0.0,2020711.5071499776,2020711.5071499776,0,False
2014-03-04,2014-03-03,2014-02-28,0.0778241221001221,0.9833333333333333,,1.749042983101508,1491158.4669383778,0.0,1990751.5330616222,1990751.5330616222,0,False
2014-03-05,2014-03-04,2014-02-28,0.0778241221001221,0.9833333333333333,,1.7714968176709958,1491301.4547365773,0.0,1932997.5452634227,1932997.5452634227,0,False
2014-03-06,2014-03-05,2014-02-28,0.0778241221001221,0.9833333333333333,,1.7543289159694726,1491444.4562459358,0.0,1977180.5437540642,1977180.5437540642,0,False
2014-03-07,2014-03-06,2014-02-28,0.0778241221001221,0.9833333333333333,,1.7584895119872042,1491587.4714677676,0.0,1966523.5285322324,1966523.5285322324,0,False
2014-03-10,2014-03-07,2014-02-28,0.0778241221001221,0.9833333333333333,,1.7908513533299515,1492016.5582746281,0.0,1886595.4417253719,1886595.4417253719,0,False
2014-03-11,2014-03-10,2014-02-28,0.0778241221001221,0.9833333333333333,,1.7730306097083879,1492159.6283555585,0.0,1930272.3716444415,1930272.3716444415,0,False
2014-03-12,2014-03-11,2014-02-28,0.0778241221001221,0.9833333333333333,,1.7567863659602256,1492302.7121555377,0.0,1971894.2878444623,1971894.2878444623,0,False
2014-03-13,2014-03-12,2014-02-28,0.0778241221001221,0.9833333333333333,,1.7557942108005857,1492445.8096758814,0.0,1974672.1903241186,1974672.1903241186,0,False
2014-03-14,2014-03-13,2014-02-28,0.0778241221001221,0.9833333333333333,,1.7678269861853584,1492588.9209179052,0.0,1943913.0790820948,1943913.0790820948,0,False
2014-03-17,2014-03-14,2014-02-28,0.0778241221001221,0.9833333333333333,,1.7480464940927678,1493018.2958129637,0.0,1995889.7041870363,1995889.7041870363,0,False
2014-03-18,2014-03-17,2014-02-28,0.0778241221001221,0.9833333333333333,,1.764241770572718,1493161.4619509184,0.0,1953781.5380490816,1953781.5380490816,0,False
2014-03-19,2014-03-18,2014-02-28,0.0778241221001221,0.9833333333333333,,1.6656626014492522,1264256.0505497896,784.3199426566189,1898066.2693928673,1898066.2693928673,0,False
2014-03-20,2014-03-19,2014-02-28,0.0778241221001221,0.9833333333333333,,1.6834088716767617,1263592.9606393774,0.0,1848956.0393606226,1848956.0393606226,0,False
2014-03-21,2014-03-20,2014-02-28,0.0778241221001221,0.9833333333333333,,1.6655940597699297,1278030.2701476577,0.0,1920134.7298523423,1920134.7298523423,0,False
2014-03-24,2014-03-21,2014-02-28,0.0778241221001221,0.9833333333333333,,1.6654002809154795,1280180.940471125,0.0,1923926.059528875,1923926.059528875,0,False
2014-03-25,2014-03-24,2014-02-28,0.0778241221001221,0.9833333333333333,,1.6659912296546768,1288751.7818776087,0.0,1935088.2181223913,1935088.2181223913,0,False
2014-03-26,2014-03-25,2014-02-28,0.0778241221001221,0.9833333333333333,,1.66656720026284,1287355.139075597,0.0,1931320.860924403,1931320.860924403,0,False
2014-03-27,2014-03-26,2014-02-28,0.0778241221001221,0.9833333333333333,,1.6750609679848476,1287478.584088933,0.0,1907203.415911067,1907203.415911067,0,False
2014-03-28,2014-03-27,2014-02-28,0.0778241221001221,0.9833333333333333,,1.6658134396120146,1302157.1864394622,0.0,1955738.8135605378,1955738.8135605378,0,False
2014-03-31,2014-03-28,2014-02-28,0.0778241221001221,0.9833333333333333,,1.6657167202372658,1336970.1239326845,0.0,2008316.8760673155,2008316.8760673155,0,False
2014-04-01,2014-03-31,2014-03-31,0.07830056226880396,0.9833333333333333,,1.665993895496304,1356008.5154973082,0.0,2036067.4845026918,2036067.4845026918,0,False
2014-04-02,2014-04-01,2014-03-31,0.07830056226880396,0.9833333333333333,,1.6656926252496789,1374017.722401123,0.0,2064042.277598877,2064042.277598877,0,False
2014-04-03,2014-04-02,2014-03-31,0.07830056226880396,0.9833333333333333,,1.6717663516506798,1374149.4775251888,0.0,2045576.5224748112,2045576.5224748112,0,False
2014-04-04,2014-04-03,2014-03-31,0.07830056226880396,0.9833333333333333,,1.6656958844929255,1385907.3614433077,0.0,2081892.6385566923,2081892.6385566923,0,False
2014-04-08,2014-04-04,2014-03-31,0.07830056226880396,0.9833333333333333,,1.6659106114774789,1436762.4454790668,0.0,2157590.554520933,2157590.554520933,0,False
2014-04-09,2014-04-08,2014-03-31,0.07830056226880396,0.9833333333333333,,1.665935794648229,1451222.3602904142,0.0,2179222.639709586,2179222.639709586,0,False
2014-04-10,2014-04-09,2014-03-31,0.07830056226880396,0.9833333333333333,,1.6659355508848237,1465763.662468935,0.0,2201059.337531065,2201059.337531065,0,False
2014-04-11,2014-04-10,2014-03-31,0.07830056226880396,0.9833333333333333,,1.6659766104441465,1538021.8208988975,0.0,2309423.1791011025,2309423.1791011025,0,False
2014-04-14,2014-04-11,2014-03-31,0.07830056226880396,0.9833333333333333,,1.6693279910257564,1538464.2655323069,0.0,2298520.734467693,2298520.734467693,0,False
2014-04-15,2014-04-14,2014-03-31,0.07830056226880396,0.9833333333333333,,1.7008314359556884,1538611.7895029744,0.0,2195409.2104970254,2195409.2104970254,0,False
2014-04-16,2014-04-15,2014-03-31,0.07830056226880396,0.9833333333333333,,1.691464517994245,1538759.3276197761,0.0,2225362.672380224,2225362.672380224,0,False
2014-04-17,2014-04-16,2014-03-31,0.07830056226880396,0.9833333333333333,,1.7054267495097821,1538906.8798840684,0.0,2181526.1201159316,2181526.1201159316,0,False
2014-04-18,2014-04-17,2014-03-31,0.07830056226880396,0.9833333333333333,,1.709826697339043,1539054.4462972078,0.0,2168211.553702792,2168211.553702792,0,False
2014-04-21,2014-04-18,2014-03-31,0.07830056226880396,0.9833333333333333,,1.7412630370484006,1539497.1879872386,0.0,2076856.8120127614,2076856.8120127614,0,False
2014-04-22,2014-04-21,2014-03-31,0.07830056226880396,0.9833333333333333,,1.72696983040906,1538861.2133952647,0.0,2116815.786604735,2116815.786604735,0,False
2014-04-23,2014-04-22,2014-03-31,0.07830056226880396,0.9833333333333333,,1.6922773141969187,1539008.775429426,0.0,2223110.2245705742,2223110.2245705742,0,False
2014-04-24,2014-04-23,2014-03-31,0.07830056226880396,0.9833333333333333,,1.7029367338074175,1539156.3516133712,0.0,2189608.648386629,2189608.648386629,0,False
2014-04-25,2014-04-24,2014-03-31,0.07830056226880396,0.9833333333333333,,1.719333157090252,1539303.9419484574,0.0,2139904.0580515424,2139904.0580515424,0,False
2014-04-28,2014-04-25,2014-03-31,0.07830056226880396,0.9833333333333333,,1.7238001523886777,1539746.7554112098,0.0,2127309.2445887905,2127309.2445887905,0,False
2014-04-29,2014-04-28,2014-03-31,0.07830056226880396,0.9833333333333333,,1.686835442916821,1539894.4023603587,0.0,2242013.5976396413,2242013.5976396413,0,False
2014-04-30,2014-04-29,2014-03-31,0.07830056226880396,0.9833333333333333,,1.6659520338957192,1472241.5757306886,157.79112325425592,2210495.2153925654,2210495.2153925654,0,False
2014-05-05,2014-04-30,2014-04-30,0.08262614070351756,1.0,,1.6681814077320214,1472789.6538560723,0.0,2204176.3461439274,2204176.3461439274,0,False
2014-05-06,2014-05-05,2014-04-30,0.08262614070351756,1.0,,1.6719372499752752,1472930.8802612366,0.0,2192066.119738763,2192066.119738763,0,False
2014-05-07,2014-05-06,2014-04-30,0.08262614070351756,1.0,,1.6737276035276363,1433017.561008659,0.0,2126998.438991341,2126998.438991341,0,False
2014-05-08,2014-05-07,2014-04-30,0.08262614070351756,1.0,,1.6682309675220817,1433154.9736514953,0.0,2144700.0263485047,2144700.0263485047,0,False
2014-05-09,2014-05-08,2014-04-30,0.08262614070351756,1.0,,1.6657327749019255,1442949.4958908865,0.0,2167460.5041091135,2167460.5041091135,0,False
2014-05-12,2014-05-09,2014-04-30,0.08262614070351756,1.0,,1.6659199740340738,1472285.8800613482,0.0,2210905.119938652,2210905.119938652,0,False
2014-05-13,2014-05-12,2014-04-30,0.08262614070351756,1.0,,1.6659871960323478,1464214.2812658157,82.94556637939218,2198437.6643005637,2198437.6643005637,0,False
2014-05-14,2014-05-13,2014-04-30,0.08262614070351756,1.0,,1.6660017026095792,1449603.1192874734,10.719628874538842,2176559.600341401,2176559.600341401,0,False
2014-05-15,2014-05-14,2014-04-30,0.08262614070351756,1.0,,1.67483963748056,1449731.4026974346,0.0,2148260.5973025654,2148260.5973025654,0,False
2014-05-16,2014-05-15,2014-04-30,0.08262614070351756,1.0,,1.672169380941405,1449870.4180374194,0.0,2157001.581962581,2157001.581962581,0,False
2014-05-19,2014-05-16,2014-04-30,0.08262614070351756,1.0,,1.6659172106688658,1422200.7063039737,224.92321588603954,2135364.2169119124,2135364.2169119124,0,False
2014-05-20,2014-05-19,2014-04-30,0.08262614070351756,1.0,,1.6659990505940319,1431093.2592582812,0.0,2148791.7407417186,2148791.7407417186,0,False
2014-05-21,2014-05-20,2014-04-30,0.08262614070351756,1.0,,1.6659425970498645,1437968.710629032,0.0,2159298.289370968,2159298.289370968,0,False
2014-05-22,2014-05-21,2014-04-30,0.08262614070351756,1.0,,1.673261611811057,1438106.5980396403,0.0,2136029.40196036,2136029.40196036,0,False
2014-05-23,2014-05-22,2014-04-30,0.08262614070351756,1.0,,1.6660188867262733,1429159.0778842291,12.683391900013135,2145804.605507671,2145804.605507671,0,False
2014-05-26,2014-05-23,2014-04-30,0.08262614070351756,1.0,,1.6659356981746751,1472303.949806241,0.0,2210880.0501937587,2210880.0501937587,0,False
2014-05-27,2014-05-26,2014-04-30,0.08262614070351756,1.0,,1.6660011373277361,1476102.1661070443,0.0,2216365.8338929554,2216365.8338929554,0,False
2014-05-28,2014-05-27,2014-04-30,0.08262614070351756,1.0,,1.6659209079741788,1524270.1903103697,0.0,2288965.8096896303,2288965.8096896303,0,False
2014-05-29,2014-05-28,2014-04-30,0.08262614070351756,1.0,,1.6766953231636565,1524416.353205331,0.0,2252736.6467946693,2252736.6467946693,0,False
2014-05-30,2014-05-29,2014-04-30,0.08262614070351756,1.0,,1.6763141395686227,1524562.5301159122,0.0,2254222.469884088,2254222.469884088,0,False
2014-06-03,2014-05-30,2014-05-30,0.08397427930174564,1.0,,1.6794422846048662,1525147.2938260937,0.0,2244704.706173906,2244704.706173906,0,False
2014-06-04,2014-06-03,2014-05-30,0.08397427930174564,1.0,,1.6662015282520057,1465241.5978093036,57.78800243204023,2199310.190193129,2199310.190193129,0,False
2014-06-05,2014-06-04,2014-05-30,0.08397427930174564,1.0,,1.666178114750066,1497552.1448458396,5.494100000000003,2247967.34925416,2247967.34925416,0,False
2014-06-06,2014-06-05,2014-05-30,0.08397427930174564,1.0,,1.6661737180874852,1470561.1324101298,22.425143688316666,2207440.2927335585,2207440.2927335585,0,False
2014-06-09,2014-06-06,2014-05-30,0.08397427930174564,1.0,,1.6718477365759499,1470961.7454004225,0.0,2189427.2545995777,2189427.2545995777,0,False
2014-06-10,2014-06-09,2014-05-30,0.08397427930174564,1.0,,1.665943912064503,1481452.8999266936,0.0,2224591.1000733064,2224591.1000733064,0,False
2014-06-11,2014-06-10,2014-05-30,0.08397427930174564,1.0,,1.6658900727441959,1487368.014734084,0.0,2233653.985265916,2233653.985265916,0,False
2014-06-12,2014-06-11,2014-05-30,0.08397427930174564,1.0,,1.6734274824401763,1487510.639064264,0.0,2208865.360935736,2208865.360935736,0,False
2014-06-13,2014-06-12,2014-05-30,0.08397427930174564,1.0,,1.6659239872316158,1501861.4190007497,0.0,2255304.5809992505,2255304.5809992505,0,False
2014-06-16,2014-06-13,2014-05-30,0.08397427930174564,1.0,,1.665950166811824,1528138.7197267637,0.0,2294674.2802732363,2294674.2802732363,0,False
2014-06-17,2014-06-16,2014-05-30,0.08397427930174564,1.0,,1.6674921711180117,1503223.0443766005,0.0,2252045.9556233995,2252045.9556233995,0,False
2014-06-18,2014-06-17,2014-05-30,0.08397427930174564,1.0,,1.6659556581022326,1485287.226098509,102.22210642038868,2230155.9960079114,2230155.9960079114,0,False
2014-06-19,2014-06-18,2014-05-30,0.08397427930174564,1.0,,1.6659875011349559,1471750.4904228023,80.56451821101086,2209756.0740954084,2209756.0740954084,0,False
2014-06-20,2014-06-19,2014-05-30,0.08397427930174564,1.0,,1.6675843429984245,1471680.202663947,0.0,2204485.797336053,2204485.797336053,0,False
2014-06-23,2014-06-20,2014-05-30,0.08397427930174564,1.0,,1.673185530248783,1472103.5627222476,0.0,2186772.4372777524,2186772.4372777524,0,False
2014-06-24,2014-06-23,2014-05-30,0.08397427930174564,1.0,,1.6659973285322667,1482193.822677851,0.0,2225525.1773221493,2225525.1773221493,0,False
2014-06-25,2014-06-24,2014-05-30,0.08397427930174564,1.0,,1.6716866975298692,1482090.0788626284,0.0,2206519.9211373716,2206519.9211373716,0,False
2014-06-26,2014-06-25,2014-05-30,0.08397427930174564,1.0,,1.6658943201038638,1491201.0461393688,0.0,2239395.953860631,2239395.953860631,0,False
2014-06-27,2014-06-26,2014-05-30,0.08397427930174564,1.0,,1.6679802853146015,1491304.8380205054,0.0,2232558.1619794946,2232558.1619794946,0,False
2014-06-30,2014-06-27,2014-05-30,0.08397427930174564,1.0,,1.6659237992345395,1500123.9272718537,0.0,2252696.0727281463,2252696.0727281463,0,False
2014-07-01,2014-06-30,2014-06-30,0.08208738650306749,0.9666666666666667,,1.689280104602608,1499287.774771729,0.0,2175150.225228271,2175150.225228271,0,False
2014-07-02,2014-07-01,2014-06-30,0.08208738650306749,0.9666666666666667,,1.6885582168562803,1499431.5420925976,0.0,2177639.4579074024,2177639.4579074024,0,False
2014-07-03,2014-07-02,2014-06-30,0.08208738650306749,0.9666666666666667,,1.6823631298293518,1499575.3231993737,0.0,2197620.6768006263,2197620.6768006263,0,False
2014-07-04,2014-07-03,2014-06-30,0.08208738650306749,0.9666666666666667,,1.682906117771483,1499719.118093379,0.0,2196083.881906621,2196083.881906621,0,False
2014-07-07,2014-07-04,2014-06-30,0.08208738650306749,0.9666666666666667,,1.6956499001020722,1500150.5441410497,0.0,2156473.4558589505,2156473.4558589505,0,False
2014-07-08,2014-07-07,2014-06-30,0.08208738650306749,0.9666666666666667,,1.685957174774033,1500294.3941932276,0.0,2187154.6058067726,2187154.6058067726,0,False
2014-07-09,2014-07-08,2014-06-30,0.08208738650306749,0.9666666666666667,,1.7033974324425607,1499117.9342992462,0.0,2131253.0657007536,2131253.0657007536,0,False
2014-07-10,2014-07-09,2014-06-30,0.08208738650306749,0.9666666666666667,,1.7032857489520077,1499051.685334042,0.0,2131497.3146659583,2131497.3146659583,0,False
2014-07-11,2014-07-10,2014-06-30,0.08208738650306749,0.9666666666666667,,1.69646199342658,1499195.4300161973,0.0,2152587.5699838027,2152587.5699838027,0,False
2014-07-14,2014-07-11,2014-06-30,0.08208738650306749,0.9666666666666667,,1.6659825415578753,1481996.7161943605,48.90744048744324,2225205.191246127,2225205.191246127,0,False
2014-07-15,2014-07-14,2014-06-30,0.08208738650306749,0.9666666666666667,,1.665978765025281,1494405.0410280286,0.0,2243922.9589719716,2243922.9589719716,0,False
2014-07-16,2014-07-15,2014-06-30,0.08208738650306749,0.9666666666666667,,1.6673813899951384,1494548.3401415518,0.0,2239421.6598584484,2239421.6598584484,0,False
2014-07-17,2014-07-16,2014-06-30,0.08208738650306749,0.9666666666666667,,1.6773325523711256,1494691.6529960858,0.0,2206732.3470039144,2206732.3470039144,0,False
2014-07-18,2014-07-17,2014-06-30,0.08208738650306749,0.9666666666666667,,1.6659905086486115,1511675.1478929482,0.0,2269814.8521070518,2269814.8521070518,0,False
2014-07-21,2014-07-18,2014-06-30,0.08208738650306749,0.9666666666666667,,1.6659903014574866,1536631.2585064517,0.0,2307287.7414935483,2307287.7414935483,0,False
2014-07-22,2014-07-21,2014-06-30,0.08208738650306749,0.9666666666666667,,1.6659010299609596,1558815.8270293223,0.0,2340912.1729706777,2340912.1729706777,0,False
2014-07-23,2014-07-22,2014-06-30,0.08208738650306749,0.9666666666666667,,1.6660944866862384,1558965.3025195855,0.0,2340456.6974804145,2340456.6974804145,0,False
2014-07-24,2014-07-23,2014-06-30,0.08208738650306749,0.9666666666666667,,1.665918301323316,1613073.1278131148,0.0,2422328.872186885,2422328.872186885,0,False
2014-07-25,2014-07-24,2014-06-30,0.08208738650306749,0.9666666666666667,,1.6659532048256946,1657047.2440982475,0.0,2488233.7559017525,2488233.7559017525,0,False
2014-07-28,2014-07-25,2014-06-30,0.08208738650306749,0.9666666666666667,,1.6659999322493335,1727898.5175418924,0.0,2594442.4824581076,2594442.4824581076,0,False
2014-07-29,2014-07-28,2014-06-30,0.08208738650306749,0.9666666666666667,,1.6800926225054749,1728064.2064408348,0.0,2540924.793559165,2540924.793559165,0,False
2014-07-30,2014-07-29,2014-06-30,0.08208738650306749,0.9666666666666667,,1.6851105983014638,1728229.9112277539,0.0,2522556.088772246,2522556.088772246,0,False
2014-07-31,2014-07-30,2014-06-30,0.08208738650306749,0.9666666666666667,,1.6659462156922824,1743952.787424173,0.0,2618759.212575827,2618759.212575827,0,False
2014-08-01,2014-07-31,2014-07-31,0.07202389908256879,0.8166666666666667,,1.665980597266575,1767279.247263652,0.0,2653649.7527363477,2653649.7527363477,0,False
2014-08-04,2014-08-01,2014-07-31,0.07202389908256879,0.8166666666666667,,1.6659890907771033,1821171.48639355,0.0,2734536.51360645,2734536.51360645,0,False
2014-08-05,2014-08-04,2014-07-31,0.07202389908256879,0.8166666666666667,,1.6691281932625288,1821346.119275807,0.0,2721968.880724193,2721968.880724193,0,False
2014-08-06,2014-08-05,2014-07-31,0.07202389908256879,0.8166666666666667,,1.6825809892615955,1821520.7689036827,0.0,2668578.231096317,2668578.231096317,0,False
2014-08-07,2014-08-06,2014-07-31,0.07202389908256879,0.8166666666666667,,1.7035035623225818,1821695.435278783,0.0,2589461.564721217,2589461.564721217,0,False
2014-08-08,2014-08-07,2014-07-31,0.07202389908256879,0.8166666666666667,,1.6957248066394208,1821870.118402714,0.0,2618664.881597286,2618664.881597286,0,False
2014-08-11,2014-08-08,2014-07-31,0.07202389908256879,0.8166666666666667,,1.6807947515127863,1822043.399585816,0.0,2676347.600414184,2676347.600414184,0,False
2014-08-12,2014-08-11,2014-07-31,0.07202389908256879,0.8166666666666667,,1.693175434756626,1822218.1160761872,0.0,2628797.883923813,2628797.883923813,0,False
2014-08-13,2014-08-12,2014-07-31,0.07202389908256879,0.8166666666666667,,1.6659290322305174,1775275.7143527505,249.40810255602992,2665488.693749806,2665488.693749806,0,False
2014-08-14,2014-08-13,2014-07-31,0.07202389908256879,0.8166666666666667,,1.6660206438927279,1747189.369580106,9.001402097180573,2623312.631821991,2623312.631821991,0,False
2014-08-15,2014-08-14,2014-07-31,0.07202389908256879,0.8166666666666667,,1.6659804865101022,1752886.7681446811,0.0,2632039.231855319,2632039.231855319,0,False
2014-08-18,2014-08-15,2014-07-31,0.07202389908256879,0.8166666666666667,,1.6659972243977677,1754094.8989523666,0.0,2633787.101047633,2633787.101047633,0,False
2014-08-19,2014-08-18,2014-07-31,0.07202389908256879,0.8166666666666667,,1.6659933300227363,1760461.276613088,0.0,2643361.7233869117,2643361.7233869117,0,False
2014-08-20,2014-08-19,2014-07-31,0.07202389908256879,0.8166666666666667,,1.6660061883901018,1765548.2635683797,0.0,2650948.73643162,2650948.73643162,0,False
2014-08-21,2014-08-20,2014-07-31,0.07202389908256879,0.8166666666666667,,1.6704507449188741,1765474.6891969412,0.0,2633265.3108030586,2633265.3108030586,0,False
2014-08-22,2014-08-21,2014-07-31,0.07202389908256879,0.8166666666666667,,1.6659855012769842,1765643.9812904259,30.295810000000074,2651129.314519574,2651129.314519574,0,False
2014-08-25,2014-08-22,2014-07-31,0.07202389908256879,0.8166666666666667,,1.6809307928105741,1766121.610461345,0.0,2593687.389538655,2593687.389538655,0,False
2014-08-26,2014-08-25,2014-07-31,0.07202389908256879,0.8166666666666667,,1.7077002167335766,1766290.9645883755,0.0,2495818.0354116242,2495818.0354116242,0,False
2014-08-27,2014-08-26,2014-07-31,0.07202389908256879,0.8166666666666667,,1.7014317225123212,1765515.334954843,0.0,2517016.665045157,2517016.665045157,0,False
2014-08-28,2014-08-27,2014-07-31,0.07202389908256879,0.8166666666666667,,1.7047517664269496,1765684.630945866,0.0,2505399.369054134,2505399.369054134,0,False
2014-08-29,2014-08-28,2014-07-31,0.07202389908256879,0.8166666666666667,,1.6906991595611223,1765853.9431707512,0.0,2556618.0568292486,2556618.0568292486,0,False
2014-09-01,2014-08-29,2014-08-29,0.0759821952662722,0.8666666666666667,,1.6783675353894099,1766361.9285516634,0.0,2603842.0714483364,2603842.0714483364,0,False
2014-09-02,2014-09-01,2014-08-29,0.0759821952662722,0.8666666666666667,,1.665937403390529,1770406.3444228943,0.0,2658517.6555771055,2658517.6555771055,0,False
2014-09-03,2014-09-02,2014-08-29,0.0759821952662722,0.8666666666666667,,1.6659658267912916,1794451.3481148253,0.0,2694509.6518851747,2694509.6518851747,0,False
2014-09-04,2014-09-03,2014-08-29,0.0759821952662722,0.8666666666666667,,1.6659082163077934,1825726.7297720418,0.0,2741709.2702279584,2741709.2702279584,0,False
2014-09-05,2014-09-04,2014-08-29,0.0759821952662722,0.8666666666666667,,1.6659238120531332,1849598.0363684583,0.0,2777491.9636315415,2777491.9636315415,0,False
2014-09-09,2014-09-05,2014-08-29,0.0759821952662722,0.8666666666666667,,1.6659732013039807,1856474.532801723,0.0,2787611.467198277,2787611.467198277,0,False
2014-09-10,2014-09-09,2014-08-29,0.0759821952662722,0.8666666666666667,,1.6790400101366365,1856652.5509076081,0.0,2734231.449092392,2734231.449092392,0,False
2014-09-11,2014-09-10,2014-08-29,0.0759821952662722,0.8666666666666667,,1.6911638334547767,1856830.5860837225,0.0,2686527.4139162777,2686527.4139162777,0,False
2014-09-12,2014-09-11,2014-08-29,0.0759821952662722,0.8666666666666667,,1.690563857001735,1857008.6383317031,0.0,2689119.361668297,2689119.361668297,0,False
2014-09-15,2014-09-12,2014-08-29,0.0759821952662722,0.8666666666666667,,1.687969110269062,1857542.8462961547,0.0,2700038.153703845,2700038.153703845,0,False
2014-09-16,2014-09-15,2014-08-29,0.0759821952662722,0.8666666666666667,,1.720633159671015,1857720.9668430598,0.0,2577901.0331569402,2577901.0331569402,0,False
2014-09-17,2014-09-16,2014-08-29,0.0759821952662722,0.8666666666666667,,1.6660022193519752,1729361.5044229685,53.466812951104316,2596549.9623899832,2596549.9623899832,0,False
2014-09-18,2014-09-17,2014-08-29,0.0759821952662722,0.8666666666666667,,1.666020113806797,1728621.0707142819,13.119958908745616,2595429.0492446274,2595429.0492446274,0,False
2014-09-19,2014-09-18,2014-08-29,0.0759821952662722,0.8666666666666667,,1.6660232451955992,1755048.3059902363,0.0,2635115.6940097637,2635115.6940097637,0,False
2014-09-22,2014-09-19,2014-08-29,0.0759821952662722,0.8666666666666667,,1.691379116437445,1755553.1829001787,0.0,2539204.8170998213,2539204.8170998213,0,False
2014-09-23,2014-09-22,2014-08-29,0.0759821952662722,0.8666666666666667,,1.6824332640828015,1755480.6490763472,0.0,2572384.3509236528,2572384.3509236528,0,False
2014-09-24,2014-09-23,2014-08-29,0.0759821952662722,0.8666666666666667,,1.6659157836995064,1768584.2524872175,0.0,2655867.7475127825,2655867.7475127825,0,False
2014-09-25,2014-09-24,2014-08-29,0.0759821952662722,0.8666666666666667,,1.666002962612134,1761420.9207231693,188.01281516524614,2644482.092091996,2644482.092091996,0,False
2014-09-26,2014-09-25,2014-08-29,0.0759821952662722,0.8666666666666667,,1.6660012148088348,1761761.8148339638,0.0,2645283.1851660362,2645283.1851660362,0,False
2014-09-29,2014-09-26,2014-08-29,0.0759821952662722,0.8666666666666667,,1.6659796037571066,1774259.742887272,0.0,2664135.257112728,2664135.257112728,0,False
2014-09-30,2014-09-29,2014-08-29,0.0759821952662722,0.8666666666666667,,1.6659868573129022,1789211.5722431652,0.18002999999998792,2686556.6077868342,2686556.6077868342,0,False
2014-10-08,2014-09-30,2014-09-30,0.07459247597254004,0.85,,1.665971260103336,1791908.134726804,0.0,2690668.8652731963,2690668.8652731963,0,False
2014-10-09,2014-10-08,2014-09-30,0.07459247597254004,0.85,,1.6659293990110708,1797529.1454042436,0.0,2699278.854595756,2699278.854595756,0,False
2014-10-10,2014-10-09,2014-09-30,0.07459247597254004,0.85,,1.6777609134371978,1797701.511212707,0.0,2652412.488787293,2652412.488787293,0,False
2014-10-13,2014-10-10,2014-09-30,0.07459247597254004,0.85,,1.6661585471632168,1775277.8396236273,75.87211084528826,2664834.0324872183,2664834.0324872183,0,False
2014-10-14,2014-10-13,2014-09-30,0.07459247597254004,0.85,,1.6661603060445822,1740423.7010434966,70.62554910688777,2612513.92450561,2612513.92450561,0,False
2014-10-15,2014-10-14,2014-09-30,0.07459247597254004,0.85,,1.6661095298845787,1748922.7162583254,0.0,2625578.2837416744,2625578.2837416744,0,False
2014-10-16,2014-10-15,2014-09-30,0.07459247597254004,0.85,,1.6660814469535388,1701289.3934965692,272.10262024652206,2553767.7091236766,2553767.7091236766,0,False
2014-10-17,2014-10-16,2014-09-30,0.07459247597254004,0.85,,1.6710944129093661,1701180.428215425,0.0,2534934.571784575,2534934.571784575,0,False
2014-10-20,2014-10-17,2014-09-30,0.07459247597254004,0.85,,1.6658699371273094,1712024.9123865555,0.0,2571110.087613445,2571110.087613445,0,False
2014-10-21,2014-10-20,2014-09-30,0.07459247597254004,0.85,,1.6719848334833647,1712189.079158976,0.0,2547957.9208410243,2547957.9208410243,0,False
2014-10-22,2014-10-21,2014-09-30,0.07459247597254004,0.85,,1.6730914652572761,1712353.2616734158,0.0,2544012.738326584,2544012.738326584,0,False
2014-10-23,2014-10-22,2014-09-30,0.07459247597254004,0.85,,1.6934525312362065,1712517.4599313845,0.0,2469552.540068615,2469552.540068615,0,False
2014-10-24,2014-10-23,2014-09-30,0.07459247597254004,0.85,,1.7084623532964118,1710939.2441143917,0.0,2415003.7558856085,2415003.7558856085,0,False
2014-10-27,2014-10-24,2014-09-30,0.07459247597254004,0.85,,1.7178363730451838,1711431.4321161234,0.0,2384152.5678838766,2384152.5678838766,0,False
2014-10-28,2014-10-27,2014-09-30,0.07459247597254004,0.85,,1.6998872315681104,1711595.541979477,0.0,2445530.458020523,2445530.458020523,0,False
2014-10-29,2014-10-28,2014-09-30,0.07459247597254004,0.85,,1.6855349184124668,1711759.667579393,0.0,2496969.332420607,2496969.332420607,0,False
2014-10-30,2014-10-29,2014-09-30,0.07459247597254004,0.85,,1.680078291531511,1711923.80891738,0.0,2517245.19108262,2517245.19108262,0,False
2014-10-31,2014-10-30,2014-09-30,0.07459247597254004,0.85,,1.6659618573647093,1745357.2986349473,0.0,2620806.7013650527,2620806.7013650527,0,False
2014-11-03,2014-10-31,2014-10-31,0.07620664277588168,0.8666666666666667,,1.6658421668811416,1755014.479220856,0.0,2635781.520779144,2635781.520779144,0,False
2014-11-04,2014-11-03,2014-10-31,0.07620664277588168,0.8666666666666667,,1.665993548859788,1793236.1487605073,0.0,2692572.8512394927,2692572.8512394927,0,False
2014-11-05,2014-11-04,2014-10-31,0.07620664277588168,0.8666666666666667,,1.6852910977661728,1793408.1029117585,0.0,2617001.8970882418,2617001.8970882418,0,False
2014-11-06,2014-11-05,2014-10-31,0.07620664277588168,0.8666666666666667,,1.6850688490898316,1793580.0735517638,0.0,2618101.926448236,2618101.926448236,0,False
2014-11-07,2014-11-06,2014-10-31,0.07620664277588168,0.8666666666666667,,1.691299484510521,1793752.0606821044,0.0,2594753.9393178956,2594753.9393178956,0,False
2014-11-10,2014-11-07,2014-10-31,0.07620664277588168,0.8666666666666667,,1.6659279589363447,1808048.2092988759,0.0,2715080.790701124,2715080.790701124,0,False
2014-11-11,2014-11-10,2014-10-31,0.07620664277588168,0.8666666666666667,,1.6747477106702984,1808221.583784699,0.0,2679848.416215301,2679848.416215301,0,False
2014-11-12,2014-11-11,2014-10-31,0.07620664277588168,0.8666666666666667,,1.6660013446040416,1834150.2322954729,0.0,2753973.767704527,2753973.767704527,0,False
2014-11-13,2014-11-12,2014-10-31,0.07620664277588168,0.8666666666666667,,1.6696214512294645,1834326.109715008,0.0,2739347.890284992,2739347.890284992,0,False
2014-11-14,2014-11-13,2014-10-31,0.07620664277588168,0.8666666666666667,,1.6709273916854381,1834502.0039995012,0.0,2734277.9960004985,2734277.9960004985,0,False
2014-11-17,2014-11-14,2014-10-31,0.07620664277588168,0.8666666666666667,,1.6850926456520787,1835029.7374527066,0.0,2678513.2625472937,2678513.2625472937,0,False
2014-11-18,2014-11-17,2014-10-31,0.07620664277588168,0.8666666666666667,,1.6988487571216457,1835205.6992083527,0.0,2626041.3007916473,2626041.3007916473,0,False
2014-11-19,2014-11-18,2014-10-31,0.07620664277588168,0.8666666666666667,,1.7021505257115994,1835381.677837044,0.0,2613943.322162956,2613943.322162956,0,False
2014-11-20,2014-11-19,2014-10-31,0.07620664277588168,0.8666666666666667,,1.7101233774630717,1835557.6733403984,0.0,2584843.3266596016,2584843.3266596016,0,False
2014-11-21,2014-11-20,2014-10-31,0.07620664277588168,0.8666666666666667,,1.699303591324529,1835733.6857200337,0.0,2625088.314279966,2625088.314279966,0,False
2014-11-24,2014-11-21,2014-10-31,0.07620664277588168,0.8666666666666667,,1.6694840864683818,1836261.773492638,0.0,2742801.226507362,2742801.226507362,0,False
2014-11-25,2014-11-24,2014-10-31,0.07620664277588168,0.8666666666666667,,1.665964696310987,1908524.5741487262,0.0,2865804.425851274,2865804.425851274,0,False
2014-11-26,2014-11-25,2014-10-31,0.07620664277588168,0.8666666666666667,,1.6659731610715227,1916972.6659044665,0.0,2878453.3340955335,2878453.3340955335,0,False
2014-11-27,2014-11-26,2014-10-31,0.07620664277588168,0.8666666666666667,,1.6659786954626123,1938170.695241197,0.0,2910259.304758803,2910259.304758803,0,False
2014-11-28,2014-11-27,2014-10-31,0.07620664277588168,0.8666666666666667,,1.6682104540469576,1938356.5472256723,0.0,2900817.4527743277,2900817.4527743277,0,False
2014-12-01,2014-11-28,2014-11-28,0.0664803997965412,0.6166666666666667,,1.6659898148153718,2042734.3696533672,0.0,3067215.6303466326,3067215.6303466326,0,False
2014-12-02,2014-12-01,2014-11-28,0.0664803997965412,0.6166666666666667,,1.6659850179767726,2106643.8852715534,0.0,3163200.1147284466,3163200.1147284466,0,False
2014-12-03,2014-12-02,2014-11-28,0.0664803997965412,0.6166666666666667,,1.665988128124408,2240140.186889456,0.0,3363633.813110544,3363633.813110544,0,False
2014-12-04,2014-12-03,2014-11-28,0.0664803997965412,0.6166666666666667,,1.6659992184770966,2490941.3835425824,0.0,3740156.6164574176,3740156.6164574176,0,False
2014-12-05,2014-12-04,2014-11-28,0.0664803997965412,0.6166666666666667,,1.6878721016873461,2491180.240935525,0.0,3621574.759064475,3621574.759064475,0,False
2014-12-08,2014-12-05,2014-11-28,0.0664803997965412,0.6166666666666667,,1.665991759949796,2527439.2370967525,0.0,3795000.7629032475,3795000.7629032475,0,False
2014-12-09,2014-12-08,2014-11-28,0.0664803997965412,0.6166666666666667,,1.740159380972247,2527681.5942838714,0.0,3415050.4057161286,3415050.4057161286,0,False
2014-12-10,2014-12-09,2014-11-28,0.0664803997965412,0.6166666666666667,,1.697212928028998,2527923.9747107206,0.0,3625756.0252892794,3625756.0252892794,0,False
2014-12-11,2014-12-10,2014-11-28,0.0664803997965412,0.6166666666666667,,1.7015698655198097,2528166.3783795284,0.0,3603584.6216204716,3603584.6216204716,0,False
2014-12-12,2014-12-11,2014-11-28,0.0664803997965412,0.6166666666666667,,1.7079335286889537,2528408.805292524,0.0,3571534.194707476,3571534.194707476,0,False
2014-12-15,2014-12-12,2014-11-28,0.0664803997965412,0.6166666666666667,,1.7151877350571836,2529136.1557707586,0.0,3536324.8442292414,3536324.8442292414,0,False
2014-12-16,2014-12-15,2014-11-28,0.0664803997965412,0.6166666666666667,,1.6952834045314715,2529378.6756761065,0.0,3637910.3243238935,3637910.3243238935,0,False
2014-12-17,2014-12-16,2014-11-28,0.0664803997965412,0.6166666666666667,,1.7009187489259086,2529621.2188367876,0.0,3609007.7811632124,3609007.7811632124,0,False
2014-12-18,2014-12-17,2014-11-28,0.0664803997965412,0.6166666666666667,,1.6894900080400836,2529863.785255032,0.0,3669181.214744968,3669181.214744968,0,False
2014-12-19,2014-12-18,2014-11-28,0.0664803997965412,0.6166666666666667,,1.6659437807327226,2546676.5404830705,0.0,3824161.4595169295,3824161.4595169295,0,False
2014-12-22,2014-12-19,2014-11-28,0.0664803997965412,0.6166666666666667,,1.6660012451795967,2685804.3202132094,0.0,4032731.6797867906,4032731.6797867906,0,False
2014-12-23,2014-12-22,2014-11-28,0.0664803997965412,0.6166666666666667,,1.7011012118142828,2686061.86309323,0.0,3831204.13690677,3831204.13690677,0,False
2014-12-24,2014-12-23,2014-11-28,0.0664803997965412,0.6166666666666667,,1.727953965014256,2686319.430669143,0.0,3690232.569330857,3690232.569330857,0,False
2014-12-25,2014-12-24,2014-11-28,0.0664803997965412,0.6166666666666667,,1.6973850921808522,2686577.0229433165,0.0,3852357.9770566835,3852357.9770566835,0,False
2014-12-26,2014-12-25,2014-11-28,0.0664803997965412,0.6166666666666667,,1.6659504144756954,2689720.6686781193,0.0,4038920.3313218807,4038920.3313218807,0,False
2014-12-29,2014-12-26,2014-11-28,0.0664803997965412,0.6166666666666667,,1.6764779105765906,2690494.423938972,0.0,3977209.576061028,3977209.576061028,0,False
2014-12-30,2014-12-29,2014-11-28,0.0664803997965412,0.6166666666666667,,1.684161564828642,2690752.416554966,0.0,3932919.583445034,3932919.583445034,0,False
2014-12-31,2014-12-30,2014-11-28,0.0664803997965412,0.6166666666666667,,1.6657822056997993,2696011.483819978,0.0,4049389.516180022,4049389.516180022,0,False
2015-01-05,2014-12-31,2014-12-31,0.04227393563579278,0.3333333333333333,,1.6658091354658386,3131634.760045645,0.0,4703502.239954355,4703502.239954355,0,False
2015-01-06,2015-01-05,2014-12-31,0.04227393563579278,0.3333333333333333,,1.6705667733827827,3131935.0537897586,0.0,4670578.946210241,4670578.946210241,0,False
2015-01-07,2015-01-06,2014-12-31,0.04227393563579278,0.3333333333333333,,1.6740662678669447,3132235.376329163,0.0,4646776.623670837,4646776.623670837,0,False
2015-01-08,2015-01-07,2014-12-31,0.04227393563579278,0.3333333333333333,,1.6931297709863806,3132535.7276666192,0.0,4519407.272333381,4519407.272333381,0,False
2015-01-09,2015-01-08,2014-12-31,0.04227393563579278,0.3333333333333333,,1.720006349033363,3132836.107804889,0.0,4351122.892195111,4351122.892195111,0,False
2015-01-12,2015-01-09,2014-12-31,0.04227393563579278,0.3333333333333333,,1.7416535295298805,3133737.334630422,0.0,4225338.665369578,4225338.665369578,0,False
2015-01-13,2015-01-12,2014-12-31,0.04227393563579278,0.3333333333333333,,1.7319378195604558,3134037.829991277,0.0,4281836.170008723,4281836.170008723,0,False
2015-01-14,2015-01-13,2014-12-31,0.04227393563579278,0.3333333333333333,,1.721075462205186,2933565.8398667555,0.0,4068320.1601332445,4068320.1601332445,0,False
2015-01-15,2015-01-14,2014-12-31,0.04227393563579278,0.3333333333333333,,1.6658088677323284,2830817.588293324,905.5490026090993,4250336.960709285,4250336.960709285,0,False
2015-01-16,2015-01-15,2014-12-31,0.04227393563579278,0.3333333333333333,,1.6660207946973946,2848871.188652606,0.0,4277450.811347393,4277450.811347393,0,False
2015-01-19,2015-01-16,2014-12-31,0.04227393563579278,0.3333333333333333,,1.7341877716931742,2669665.609289753,0.0,3636216.390710247,3636216.390710247,0,False
2015-01-20,2015-01-19,2014-12-31,0.04227393563579278,0.3333333333333333,,1.7109412955552592,2669569.7866921504,0.0,3754979.2133078496,3754979.2133078496,0,False
2015-01-21,2015-01-20,2014-12-31,0.04227393563579278,0.3333333333333333,,1.66596922951841,2674075.3426560797,0.0,4015313.6573439203,4015313.6573439203,0,False
2015-01-22,2015-01-21,2014-12-31,0.04227393563579278,0.3333333333333333,,1.665886987808224,2702706.860329622,0.0,4058807.139670378,4058807.139670378,0,False
2015-01-23,2015-01-22,2014-12-31,0.04227393563579278,0.3333333333333333,,1.665886748273766,2662576.7420152277,547.8792940674917,3997720.13727884,3997720.13727884,0,False
2015-01-26,2015-01-23,2014-12-31,0.04227393563579278,0.3333333333333333,,1.6659176267525897,2708298.9847051646,0.0,4067018.0152948354,4067018.0152948354,0,False
2015-01-27,2015-01-26,2014-12-31,0.04227393563579278,0.3333333333333333,,1.680744328884114,2708558.6846078075,0.0,3978819.3153921925,3978819.3153921925,0,False
2015-01-28,2015-01-27,2014-12-31,0.04227393563579278,0.3333333333333333,,1.701003804412853,2706948.3661731808,0.0,3861531.6338268192,3861531.6338268192,0,False
2015-01-29,2015-01-28,2014-12-31,0.04227393563579278,0.3333333333333333,,1.7110993617291084,2707207.9365644576,0.0,3807074.0634355424,3807074.0634355424,0,False
2015-01-30,2015-01-29,2014-12-31,0.04227393563579278,0.3333333333333333,,1.7250505780552852,2707467.531846046,0.0,3734177.468153954,3734177.468153954,0,False
2015-02-02,2015-01-30,2015-01-30,0.045237821829855536,0.35,,1.754685615822007,2708246.3923689057,0.0,3588575.6076310943,3588575.6076310943,0,False
2015-02-03,2015-02-02,2015-01-30,0.045237821829855536,0.35,,1.713878050216976,2708506.087228448,0.0,3794073.912771552,3794073.912771552,0,False
2015-02-04,2015-02-03,2015-01-30,0.045237821829855536,0.35,,1.706941089290731,2708765.806990237,0.0,3831671.193009763,3831671.193009763,0,False
2015-02-05,2015-02-04,2015-01-30,0.045237821829855536,0.35,,1.7295831004792572,2709025.5516566606,0.0,3713114.4483433394,3713114.4483433394,0,False
2015-02-06,2015-02-05,2015-01-30,0.045237821829855536,0.35,,1.7715106970864147,2709285.321230107,0.0,3511662.678769893,3511662.678769893,0,False
2015-02-09,2015-02-06,2015-01-30,0.045237821829855536,0.35,,1.7594482446647008,2710064.70467868,0.0,3568465.29532132,3568465.29532132,0,False
2015-02-10,2015-02-09,2015-01-30,0.045237821829855536,0.35,,1.7413274404438033,2710324.5738969366,0.0,3656042.4261030634,3656042.4261030634,0,False
2015-02-11,2015-02-10,2015-01-30,0.045237821829855536,0.35,,1.740405369039531,2710584.4680341594,0.0,3660946.5319658406,3660946.5319658406,0,False
2015-02-12,2015-02-11,2015-01-30,0.045237821829855536,0.35,,1.7447367297879117,2710844.387092738,0.0,3640003.612907262,3640003.612907262,0,False
2015-02-13,2015-02-12,2015-01-30,0.045237821829855536,0.35,,1.723892434090626,2711104.331075062,0.0,3745175.668924938,3745175.668924938,0,False
2015-02-16,2015-02-13,2015-01-30,0.045237821829855536,0.35,,1.7203647477735327,2711884.23780044,0.0,3764598.76219956,3764598.76219956,0,False
2015-02-17,2015-02-16,2015-01-30,0.045237821829855536,0.35,,1.7176111182251714,2712144.2814944754,0.0,3779406.7185055246,3779406.7185055246,0,False
2015-02-25,2015-02-17,2015-01-30,0.045237821829855536,0.35,,1.7411097281133925,2714224.8305323343,0.0,3662379.1694676657,3662379.1694676657,0,False
2015-02-26,2015-02-25,2015-01-30,0.045237821829855536,0.35,,1.7059966657958623,2714485.098666769,0.0,3844897.901333231,3844897.901333231,0,False
2015-02-27,2015-02-26,2015-01-30,0.045237821829855536,0.35,,1.7018849423244107,2714745.391758422,0.0,3867792.608241578,3867792.608241578,0,False
2015-03-02,2015-02-27,2015-02-27,0.044319012490242005,0.3333333333333333,,1.6887063869997874,2715526.3459122153,0.0,3942937.6540877847,3942937.6540877847,0,False
2015-03-03,2015-03-02,2015-02-27,0.044319012490242005,0.3333333333333333,,1.727994931709794,2715786.7388494946,0.0,3730502.2611505054,3730502.2611505054,0,False
2015-03-04,2015-03-03,2015-02-27,0.044319012490242005,0.3333333333333333,,1.7184570871882205,2716047.1567559596,0.0,3780388.8432440404,3780388.8432440404,0,False
2015-03-05,2015-03-04,2015-02-27,0.044319012490242005,0.3333333333333333,,1.7435805820212988,2716307.5996340048,0.0,3653010.4003659952,3653010.4003659952,0,False
2015-03-06,2015-03-05,2015-02-27,0.044319012490242005,0.3333333333333333,,1.7253727549290996,2716568.0674860245,0.0,3745064.9325139755,3745064.9325139755,0,False
2015-03-09,2015-03-06,2015-02-27,0.044319012490242005,0.3333333333333333,,1.70805070953504,2717349.5459711915,0.0,3837789.4540288085,3837789.4540288085,0,False
2015-03-10,2015-03-09,2015-02-27,0.044319012490242005,0.3333333333333333,,1.7173628817643238,2717610.1137358737,0.0,3788333.8862641263,3788333.8862641263,0,False
2015-03-11,2015-03-10,2015-02-27,0.044319012490242005,0.3333333333333333,,1.7283479655817882,2717870.706486506,0.0,3731555.293513494,3731555.293513494,0,False
2015-03-12,2015-03-11,2015-02-27,0.044319012490242005,0.3333333333333333,,1.7063305392190267,2718131.324225484,0.0,3848242.675774516,3848242.675774516,0,False
2015-03-13,2015-03-12,2015-02-27,0.044319012490242005,0.3333333333333333,,1.6914740528846908,2718391.966955204,0.0,3931300.033044796,3931300.033044796,0,False
2015-03-16,2015-03-13,2015-02-27,0.044319012490242005,0.3333333333333333,,1.6777608825818486,2719173.97012378,0.0,4011996.02987622,4011996.02987622,0,False
2015-03-17,2015-03-16,2015-02-27,0.044319012490242005,0.3333333333333333,,1.6657828908296501,2731564.834033244,0.0,4102786.165966756,4102786.165966756,0,False
2015-03-18,2015-03-17,2015-02-27,0.044319012490242005,0.3333333333333333,,1.6659844640164998,2846572.06458774,0.0,4274231.93541226,4274231.93541226,0,False
2015-03-19,2015-03-18,2015-02-27,0.044319012490242005,0.3333333333333333,,1.6659223332408202,2848767.8770628376,0.0,4277928.122937162,4277928.122937162,0,False
2015-03-20,2015-03-19,2015-02-27,0.044319012490242005,0.3333333333333333,,1.6761323221198683,2849041.046585296,0.0,4213732.953414705,4213732.953414705,0,False
2015-03-23,2015-03-20,2015-02-27,0.044319012490242005,0.3333333333333333,,1.6657829683123526,2887538.0104556833,0.0,4337055.989544317,4337055.989544317,0,False
2015-03-24,2015-03-23,2015-02-27,0.044319012490242005,0.3333333333333333,,1.6789174681956194,2887814.8976621656,0.0,4253558.102337834,4253558.102337834,0,False
2015-03-25,2015-03-24,2015-02-27,0.044319012490242005,0.3333333333333333,,1.6983406182986118,2888091.811419476,0.0,4135649.188580524,4135649.188580524,0,False
2015-03-26,2015-03-25,2015-02-27,0.044319012490242005,0.3333333333333333,,1.6659602936856492,2840937.7173477137,267.94798755377997,4265524.23063984,4265524.23063984,0,False
2015-03-27,2015-03-26,2015-02-27,0.044319012490242005,0.3333333333333333,,1.6659458742597941,2897473.936075385,0.0,4350915.063924614,4350915.063924614,0,False
2015-03-30,2015-03-27,2015-02-27,0.044319012490242005,0.3333333333333333,,1.6658098374060328,3042245.3645548043,0.0,4569240.635445196,4569240.635445196,0,False
2015-03-31,2015-03-30,2015-02-27,0.044319012490242005,0.3333333333333333,,1.6659118923933225,2968827.476249109,494.1411760599294,4457546.664926951,4457546.664926951,0,False
2015-04-01,2015-03-31,2015-03-31,0.03267329322268325,0.18333333333333332,,1.6660036177238322,3038945.9216798125,0.0,4562957.0783201875,4562957.0783201875,0,False
2015-04-02,2015-04-01,2015-03-31,0.03267329322268325,0.18333333333333332,,1.6658550844020836,3124379.096823124,0.0,4692280.903176876,4692280.903176876,0,False
2015-04-03,2015-04-02,2015-03-31,0.03267329322268325,0.18333333333333332,,1.66598850916127,3136438.95106871,0.0,4709449.048931289,4709449.048931289,0,False
2015-04-07,2015-04-03,2015-03-31,0.03267329322268325,0.18333333333333332,,1.6660113220240396,3279017.2991985716,0.0,4923365.700801428,4923365.700801428,0,False
2015-04-08,2015-04-07,2015-03-31,0.03267329322268325,0.18333333333333332,,1.6658534373664835,3327003.9705849327,0.0,4996601.029415067,4996601.029415067,0,False
2015-04-09,2015-04-08,2015-03-31,0.03267329322268325,0.18333333333333332,,1.6659830933739177,3228121.981090286,199.4888573516215,4846853.507767065,4846853.507767065,0,False
2015-04-10,2015-04-09,2015-03-31,0.03267329322268325,0.18333333333333332,,1.6660257455112837,3322270.9734763266,0.0,4988202.026523674,4988202.026523674,0,False
2015-04-13,2015-04-10,2015-03-31,0.03267329322268325,0.18333333333333332,,1.6659802169057492,3385853.2475732174,0.0,5084014.752426783,5084014.752426783,0,False
2015-04-14,2015-04-13,2015-03-31,0.03267329322268325,0.18333333333333332,,1.6659252203106518,3365475.8763239062,503.42833133246745,5053078.552007426,5053078.552007426,0,False
2015-04-15,2015-04-14,2015-03-31,0.03267329322268325,0.18333333333333332,,1.694989923063309,3357790.996487427,0.0,4831424.0035125725,4831424.0035125725,0,False
2015-04-16,2015-04-15,2015-03-31,0.03267329322268325,0.18333333333333332,,1.6658554799852385,3475233.7520759944,0.0,5219201.247924006,5219201.247924006,0,False
2015-04-17,2015-04-16,2015-03-31,0.03267329322268325,0.18333333333333332,,1.6657946195482891,3631494.915708659,0.0,5454377.084291341,5454377.084291341,0,False
2015-04-20,2015-04-17,2015-03-31,0.03267329322268325,0.18333333333333332,,1.681577586794578,3632539.5923282467,0.0,5329605.407671753,5329605.407671753,0,False
2015-04-21,2015-04-20,2015-03-31,0.03267329322268325,0.18333333333333332,,1.6656766627309065,3792767.60478258,0.0,5697612.3952174205,5697612.3952174205,0,False
2015-04-22,2015-04-21,2015-03-31,0.03267329322268325,0.18333333333333332,,1.6658771302339448,3892586.715196874,0.0,5845803.284803126,5845803.284803126,0,False
2015-04-23,2015-04-22,2015-03-31,0.03267329322268325,0.18333333333333332,,1.666416501684275,3892959.9769366872,0.0,5841632.023063313,5841632.023063313,0,False
2015-04-24,2015-04-23,2015-03-31,0.03267329322268325,0.18333333333333332,,1.6955039006625368,3893333.2744687223,0.0,5597859.725531278,5597859.725531278,0,False
2015-04-27,2015-04-24,2015-03-31,0.03267329322268325,0.18333333333333332,,1.6659204469132822,3999614.8575117886,0.0,6006145.142488211,6006145.142488211,0,False
2015-04-28,2015-04-27,2015-03-31,0.03267329322268325,0.18333333333333332,,1.6977179120136932,3999998.382224153,0.0,5732973.617775847,5732973.617775847,0,False
2015-04-29,2015-04-28,2015-03-31,0.03267329322268325,0.18333333333333332,,1.705295896982639,4000381.9437128594,0.0,5671920.056287141,5671920.056287141,0,False
2015-04-30,2015-04-29,2015-03-31,0.03267329322268325,0.18333333333333332,,1.7055968258422256,3908439.8950014343,0.0,5539197.104998566,5539197.104998566,0,False
2015-05-04,2015-04-30,2015-04-30,0.02681063088057902,0.06666666666666667,1.0,0.9996137322072177,0.0,2192.1110976065665,5675107.111097607,5675107.111097607,8,False
2015-05-05,2015-05-04,2015-04-30,0.02681063088057902,0.06666666666666667,1.0,0.9999958913497563,0.0,22.08944760656641,5376327.089447606,5376327.089447606,0,False
2015-05-06,2015-05-05,2015-04-30,0.02681063088057902,0.06666666666666667,1.0,0.9999957686439614,0.0,22.08944760656641,5220418.089447606,5220418.089447606,0,False
2015-05-07,2015-05-06,2015-04-30,0.02681063088057902,0.06666666666666667,1.0,0.9999957298880282,0.0,22.08944760656641,5173037.089447606,5173037.089447606,0,False
2015-05-08,2015-05-07,2015-04-30,0.02681063088057902,0.06666666666666667,1.0,0.9999957978130141,0.0,22.08944760656641,5256655.089447606,5256655.089447606,0,False
2015-05-11,2015-05-08,2015-04-30,0.02681063088057902,0.06666666666666667,1.0,0.9999959167613578,0.0,22.08944760656641,5409786.089447606,5409786.089447606,0,False
2015-05-12,2015-05-11,2015-04-30,0.02681063088057902,0.06666666666666667,1.0,0.999995889065788,0.0,22.08944760656641,5373340.089447606,5373340.089447606,0,False
2015-05-13,2015-05-12,2015-04-30,0.02681063088057902,0.06666666666666667,1.0,0.9999958491200562,0.0,22.08944760656641,5321630.089447607,5321630.089447607,0,False
2015-05-14,2015-05-13,2015-04-30,0.02681063088057902,0.06666666666666667,1.0,0.9999958360349703,0.0,22.08944760656641,5304907.089447606,5304907.089447606,0,False
2015-05-15,2015-05-14,2015-04-30,0.02681063088057902,0.06666666666666667,1.0,0.9999957293010486,0.0,22.08944760656641,5172326.089447606,5172326.089447606,0,False
2015-05-18,2015-05-15,2015-04-30,0.02681063088057902,0.06666666666666667,1.0,0.9999956886492075,0.0,22.08944760656641,5123556.089447606,5123556.089447606,0,False
2015-05-19,2015-05-18,2015-04-30,0.02681063088057902,0.06666666666666667,1.0,0.9999958107291198,0.0,22.08944760656641,5272862.089447606,5272862.089447606,0,False
2015-05-20,2015-05-19,2015-04-30,0.02681063088057902,0.06666666666666667,1.0,0.999995818099387,0.0,22.08944760656641,5282155.089447606,5282155.089447606,0,False
2015-05-21,2015-05-20,2015-04-30,0.02681063088057902,0.06666666666666667,1.0,0.9999959334364311,0.0,22.08944760656641,5431969.089447606,5431969.089447606,0,False
2015-05-22,2015-05-21,2015-04-30,0.02681063088057902,0.06666666666666667,1.0,0.9999960224929688,0.0,22.08944760656641,5553591.089447606,5553591.089447606,0,False
2015-05-25,2015-05-22,2015-04-30,0.02681063088057902,0.06666666666666667,1.0,0.999996108268725,0.0,22.08944760656641,5675995.089447606,5675995.089447606,0,False
2015-05-26,2015-05-25,2015-04-30,0.02681063088057902,0.06666666666666667,1.0,0.9999961735344237,0.0,22.08944760656641,5772807.089447606,5772807.089447606,0,False
2015-05-27,2015-05-26,2015-04-30,0.02681063088057902,0.06666666666666667,1.0,0.9999962219859804,0.0,22.08944760656641,5846841.089447606,5846841.089447606,0,False
2015-05-28,2015-05-27,2015-04-30,0.02681063088057902,0.06666666666666667,1.0,0.9999959531700544,0.0,22.08944760656641,5458457.089447606,5458457.089447606,0,False
2015-05-29,2015-05-28,2015-04-30,0.02681063088057902,0.06666666666666667,1.0,0.9999959789466931,0.0,22.08944760656641,5493448.089447606,5493448.089447606,0,False
2015-06-01,2015-05-29,2015-05-29,0.025245510403916767,0.0,1.0,0.9999962504441322,0.0,22.08944760656641,5891217.089447606,5891217.089447606,0,False
2015-06-02,2015-06-01,2015-05-29,0.025245510403916767,0.0,1.0,0.9999962618542256,0.0,22.08944760656641,5909199.089447606,5909199.089447606,0,False
2015-06-03,2015-06-02,2015-05-29,0.025245510403916767,0.0,1.0,0.9999962380930674,0.0,22.08944760656641,5871875.089447606,5871875.089447606,0,False
2015-06-04,2015-06-03,2015-05-29,0.025245510403916767,0.0,1.0,0.9999962664993047,0.0,22.08944760656641,5916551.089447606,5916551.089447606,0,False
2015-06-05,2015-06-04,2015-05-29,0.025245510403916767,0.0,1.0,0.9999963170001329,0.0,22.08944760656641,5997678.089447606,5997678.089447606,0,False
2015-06-08,2015-06-05,2015-05-29,0.025245510403916767,0.0,1.0,0.9999964051119831,0.0,22.08944760656641,6144683.089447606,6144683.089447606,0,False
2015-06-09,2015-06-08,2015-05-29,0.025245510403916767,0.0,1.0,0.9999965498306114,0.0,22.08944760656641,6402424.089447606,6402424.089447606,0,False
2015-06-10,2015-06-09,2015-05-29,0.025245510403916767,0.0,1.0,0.9998875295585133,0.0,715.2311676065437,6359281.231167607,6359281.231167607,0,False
2015-06-11,2015-06-10,2015-05-29,0.025245510403916767,0.0,1.0,0.9998860387009769,0.0,715.2311676065437,6276088.231167607,6276088.231167607,0,False
2015-06-12,2015-06-11,2015-05-29,0.025245510403916767,0.0,1.0,0.9998514432849835,0.0,956.2058276065436,6436638.205827607,6436638.205827607,0,False
2015-06-15,2015-06-12,2015-05-29,0.025245510403916767,0.0,1.0,0.9999490371521745,0.0,324.4937276065466,6367260.493727607,6367260.493727607,0,False
2015-06-16,2015-06-15,2015-05-29,0.025245510403916767,0.0,1.0,0.9999471575328005,0.0,324.4937276065466,6140775.493727607,6140775.493727607,0,False
2015-06-17,2015-06-16,2015-05-29,0.025245510403916767,0.0,1.0,0.9999480328320448,0.0,324.4937276065466,6244206.493727607,6244206.493727607,0,False
2015-06-18,2015-06-17,2015-05-29,0.025245510403916767,0.0,1.0,0.9999396274082838,0.0,355.20408760654755,5883532.204087607,5883532.204087607,0,False
2015-06-19,2015-06-18,2015-05-29,0.025245510403916767,0.0,1.0,0.9999486935340929,0.0,281.9126076065477,5494679.9126076065,5494679.9126076065,0,False
2015-06-23,2015-06-19,2015-05-29,0.025245510403916767,0.0,1.0,0.9998905003072585,0.0,625.9126076065477,5716112.9126076065,5716112.9126076065,0,False
2015-06-24,2015-06-23,2015-05-29,0.025245510403916767,0.0,1.0,0.9998952808368199,0.0,625.9126076065477,5977058.9126076065,5977058.9126076065,0,False
2015-06-25,2015-06-24,2015-05-29,0.025245510403916767,0.0,1.0,0.999891115162987,0.0,625.9126076065477,5748390.9126076065,5748390.9126076065,0,False
2015-06-26,2015-06-25,2015-05-29,0.025245510403916767,0.0,1.0,0.9997638820222444,0.0,1252.8459676065395,5306016.845967607,5306016.845967607,0,False
2015-06-29,2015-06-26,2015-05-29,0.025245510403916767,0.0,1.0,0.9997630438808338,0.0,1252.8459676065395,5287248.845967607,5287248.845967607,0,False
2015-06-30,2015-06-29,2015-05-29,0.025245510403916767,0.0,1.0,0.9997774914427786,0.0,1252.8459676065395,5630551.845967607,5630551.845967607,0,False
2015-07-01,2015-06-30,2015-06-30,0.026097246430788333,0.05,1.0,0.9997657252193688,0.0,1252.8459676065395,5347762.845967607,5347762.845967607,0,False
2015-07-02,2015-07-01,2015-06-30,0.026097246430788333,0.05,1.0,0.9997510593684215,0.0,1252.8459676065395,5032709.845967607,5032709.845967607,0,False
2015-07-03,2015-07-02,2015-06-30,0.026097246430788333,0.05,1.0,0.9999766798616435,0.0,110.45894760651572,4736633.458947606,4736633.458947606,0,False
2015-07-06,2015-07-03,2015-06-30,0.026097246430788333,0.05,1.0,0.9999778490872957,0.0,110.45894760651572,4986654.458947606,4986654.458947606,0,False
2015-07-07,2015-07-06,2015-06-30,0.026097246430788333,0.05,1.0,0.9999786179013996,0.0,110.45894760651572,5165954.458947606,5165954.458947606,0,False
2015-07-08,2015-07-07,2015-06-30,0.026097246430788333,0.05,1.0,0.9998384660728721,0.0,787.5375876065082,4875369.537587606,4875369.537587606,0,False
2015-07-09,2015-07-08,2015-06-30,0.026097246430788333,0.05,1.0,0.9998531424328119,0.0,787.5375876065082,5362594.537587606,5362594.537587606,0,False
2015-07-10,2015-07-09,2015-06-30,0.026097246430788333,0.05,1.0,0.9998635403123006,0.0,787.5375876065082,5771210.537587606,5771210.537587606,0,False
2015-07-13,2015-07-10,2015-06-30,0.026097246430788333,0.05,1.0,0.9998630857193815,0.0,787.5375876065082,5752048.537587606,5752048.537587606,0,False
2015-07-14,2015-07-13,2015-06-30,0.026097246430788333,0.05,1.0,0.9998532650449782,0.0,787.5375876065082,5367075.537587606,5367075.537587606,0,False
2015-07-15,2015-07-14,2015-06-30,0.026097246430788333,0.05,1.0,0.9998479806409173,0.0,787.5375876065082,5180508.537587606,5180508.537587606,0,False
2015-07-16,2015-07-15,2015-06-30,0.026097246430788333,0.05,1.0,0.9998496846664668,0.0,787.5375876065082,5239236.537587606,5239236.537587606,0,False
2015-07-17,2015-07-16,2015-06-30,0.026097246430788333,0.05,1.0,0.9998545361486023,0.0,787.5375876065082,5413974.537587606,5413974.537587606,0,False
2015-07-20,2015-07-17,2015-06-30,0.026097246430788333,0.05,1.0,0.9998499293687996,0.0,787.5375876065082,5247779.537587607,5247779.537587607,0,False
2015-07-21,2015-07-20,2015-06-30,0.026097246430788333,0.05,1.0,0.9998490966047141,0.0,787.5375876065082,5218819.537587607,5218819.537587607,0,False
2015-07-22,2015-07-21,2015-06-30,0.026097246430788333,0.05,1.0,0.9998480181045908,0.0,787.5375876065082,5181785.537587606,5181785.537587606,0,False
2015-07-23,2015-07-22,2015-06-30,0.026097246430788333,0.05,1.0,0.9998510688478208,0.0,787.5375876065082,5287930.537587606,5287930.537587606,0,False
2015-07-24,2015-07-23,2015-06-30,0.026097246430788333,0.05,1.0,0.9998490801501512,0.0,787.5375876065082,5218250.537587606,5218250.537587606,0,False
2015-07-27,2015-07-24,2015-06-30,0.026097246430788333,0.05,1.0,0.9998323094945659,0.0,787.5375876065082,4696375.537587606,4696375.537587606,0,False
2015-07-28,2015-07-27,2015-06-30,0.026097246430788333,0.05,1.0,0.9998296619949697,0.0,787.5375876065082,4623381.537587606,4623381.537587606,0,False
2015-07-29,2015-07-28,2015-06-30,0.026097246430788333,0.05,1.0,0.9998355492582842,0.0,787.5375876065082,4788896.537587606,4788896.537587606,0,False
2015-07-30,2015-07-29,2015-06-30,0.026097246430788333,0.05,1.0,0.9998294699754922,0.0,787.5375876065082,4618175.537587606,4618175.537587606,0,False
2015-07-31,2015-07-30,2015-06-30,0.026097246430788333,0.05,1.0,0.9998323933982312,0.0,787.5375876065082,4698726.537587606,4698726.537587606,0,False
2015-08-03,2015-07-31,2015-07-31,0.0376069001447178,0.2833333333333333,,0.999838453912273,0.0,787.5375876065082,4875002.537587606,4875002.537587606,0,False
2015-08-04,2015-08-03,2015-07-31,0.0376069001447178,0.2833333333333333,,0.9998431780621234,0.0,787.5375876065082,5021858.537587607,5021858.537587607,0,False
2015-08-05,2015-08-04,2015-07-31,0.0376069001447178,0.2833333333333333,,0.9998404715291507,0.0,787.5375876065082,4936658.537587606,4936658.537587606,0,False
2015-08-06,2015-08-05,2015-07-31,0.0376069001447178,0.2833333333333333,,0.9998390868699296,0.0,787.5375876065082,4894178.537587606,4894178.537587606,0,False
2015-08-07,2015-08-06,2015-07-31,0.0376069001447178,0.2833333333333333,,0.9998407461537744,0.0,787.5375876065082,4945171.537587607,4945171.537587607,0,False
2015-08-10,2015-08-07,2015-07-31,0.0376069001447178,0.2833333333333333,,0.9998490001686458,0.0,787.5375876065082,5215486.537587606,5215486.537587606,0,False
2015-08-11,2015-08-10,2015-07-31,0.0376069001447178,0.2833333333333333,,0.9998494977464535,0.0,787.5375876065082,5232729.537587606,5232729.537587606,0,False
2015-08-12,2015-08-11,2015-07-31,0.0376069001447178,0.2833333333333333,,0.9998518249484142,0.0,787.5375876065082,5314913.537587606,5314913.537587606,0,False
2015-08-13,2015-08-12,2015-07-31,0.0376069001447178,0.2833333333333333,,0.9998512993537226,0.0,787.5375876065082,5296127.537587607,5296127.537587607,0,False
2015-08-14,2015-08-13,2015-07-31,0.0376069001447178,0.2833333333333333,,0.9998509660333254,0.0,787.5375876065082,5284282.537587606,5284282.537587606,0,False
2015-08-17,2015-08-14,2015-07-31,0.0376069001447178,0.2833333333333333,,0.9998492029955495,0.0,787.5375876065082,5222501.537587606,5222501.537587606,0,False
2015-08-18,2015-08-17,2015-07-31,0.0376069001447178,0.2833333333333333,,0.9998368959093529,0.0,787.5375876065082,4828435.537587606,4828435.537587606,0,False
2015-08-19,2015-08-18,2015-07-31,0.0376069001447178,0.2833333333333333,,0.9998384404572699,0.0,787.5375876065082,4874596.537587607,4874596.537587607,0,False
2015-08-20,2015-08-19,2015-07-31,0.0376069001447178,0.2833333333333333,,0.9998317086967875,0.0,787.5375876065082,4679609.537587606,4679609.537587606,0,False
2015-08-21,2015-08-20,2015-07-31,0.0376069001447178,0.2833333333333333,,0.9998269915304361,0.0,787.5375876065082,4552017.537587606,4552017.537587606,0,False
2015-08-24,2015-08-21,2015-07-31,0.0376069001447178,0.2833333333333333,,0.9807424420831458,0.0,78939.4146876065,4099139.4146876065,4099139.4146876065,0,False
2015-08-25,2015-08-24,2015-07-31,0.0376069001447178,0.2833333333333333,,0.979142851395422,0.0,78939.4146876065,3784765.4146876065,3784765.4146876065,0,False
2015-08-26,2015-08-25,2015-07-31,0.0376069001447178,0.2833333333333333,,0.9793765295262682,0.0,78939.4146876065,3827649.4146876065,3827649.4146876065,0,False
2015-08-27,2015-08-26,2015-07-31,0.0376069001447178,0.2833333333333333,,0.9803045589475082,0.0,78939.4146876065,4008004.4146876065,4008004.4146876065,0,False
2015-08-28,2015-08-27,2015-07-31,0.0376069001447178,0.2833333333333333,,0.9812202577940131,0.0,78939.4146876065,4203434.4146876065,4203434.4146876065,0,False
2015-08-31,2015-08-28,2015-07-31,0.0376069001447178,0.2833333333333333,,0.9813888872456552,0.0,78939.4146876065,4241520.4146876065,4241520.4146876065,0,False
2015-09-01,2015-08-31,2015-08-31,0.0522911993156544,0.38333333333333336,,0.9817302666509192,0.0,78939.4146876065,4320775.4146876065,4320775.4146876065,0,False
2015-09-02,2015-09-01,2015-08-31,0.0522911993156544,0.38333333333333336,,0.9821761701923707,0.0,78939.4146876065,4428869.4146876065,4428869.4146876065,0,False
2015-09-07,2015-09-02,2015-08-31,0.0522911993156544,0.38333333333333336,,0.9809937802422523,0.0,78939.4146876065,4153346.4146876065,4153346.4146876065,0,False
2015-09-08,2015-09-07,2015-08-31,0.0522911993156544,0.38333333333333336,,0.9812581967715107,0.0,78939.4146876065,4211943.4146876065,4211943.4146876065,0,False
2015-09-09,2015-09-08,2015-08-31,0.0522911993156544,0.38333333333333336,,0.981633430137125,0.0,78939.4146876065,4297994.4146876065,4297994.4146876065,0,False
2015-09-10,2015-09-09,2015-08-31,0.0522911993156544,0.38333333333333336,,0.9816935289371175,0.0,78939.4146876065,4312104.4146876065,4312104.4146876065,0,False
2015-09-11,2015-09-10,2015-08-31,0.0522911993156544,0.38333333333333336,,0.981447878465471,0.0,78939.4146876065,4255007.4146876065,4255007.4146876065,0,False
2015-09-14,2015-09-11,2015-08-31,0.0522911993156544,0.38333333333333336,,0.9815842199209635,0.0,78939.4146876065,4286509.4146876065,4286509.4146876065,0,False
2015-09-15,2015-09-14,2015-08-31,0.0522911993156544,0.38333333333333336,,0.9809470946546948,0.0,78939.4146876065,4143169.4146876065,4143169.4146876065,0,False
2015-09-16,2015-09-15,2015-08-31,0.0522911993156544,0.38333333333333336,,0.9817855073632,0.0,78939.4146876065,4333879.4146876065,4333879.4146876065,0,False
2015-09-17,2015-09-16,2015-08-31,0.0522911993156544,0.38333333333333336,,0.981068124843682,0.0,78939.4146876065,4169656.4146876065,4169656.4146876065,0,False
2015-09-18,2015-09-17,2015-08-31,0.0522911993156544,0.38333333333333336,,0.9809963653994911,0.0,78939.4146876065,4153911.4146876065,4153911.4146876065,0,False
2015-09-21,2015-09-18,2015-08-31,0.0522911993156544,0.38333333333333336,,0.9810650504990508,0.0,78939.4146876065,4168979.4146876065,4168979.4146876065,0,False
2015-09-22,2015-09-21,2015-08-31,0.0522911993156544,0.38333333333333336,,0.9812759031057576,0.0,78939.4146876065,4215926.4146876065,4215926.4146876065,0,False
2015-09-23,2015-09-22,2015-08-31,0.0522911993156544,0.38333333333333336,,0.9805919126036209,0.0,78939.4146876065,4067346.4146876065,4067346.4146876065,0,False
2015-09-24,2015-09-23,2015-08-31,0.0522911993156544,0.38333333333333336,,0.9807954717640402,0.0,78939.4146876065,4110458.4146876065,4110458.4146876065,0,False
2015-09-25,2015-09-24,2015-08-31,0.0522911993156544,0.38333333333333336,,0.9807267993024951,0.0,78939.4146876065,4095812.4146876065,4095812.4146876065,0,False
2015-09-28,2015-09-25,2015-08-31,0.0522911993156544,0.38333333333333336,,0.9806257705564099,0.0,78939.4146876065,4074454.4146876065,4074454.4146876065,0,False
2015-09-29,2015-09-28,2015-08-31,0.0522911993156544,0.38333333333333336,,0.9800609727562392,0.0,78939.4146876065,3959040.4146876065,3959040.4146876065,0,False
2015-09-30,2015-09-29,2015-08-31,0.0522911993156544,0.38333333333333336,,0.9802555575121038,0.0,78939.4146876065,3998057.4146876065,3998057.4146876065,0,False
2015-10-08,2015-09-30,2015-09-30,0.05676455971479501,0.45,,0.9811256713932567,0.0,78939.4146876065,4182369.4146876065,4182369.4146876065,0,False
2015-10-09,2015-10-08,2015-09-30,0.05676455971479501,0.45,,0.9813703916891265,0.0,78939.4146876065,4237309.4146876065,4237309.4146876065,0,False
2015-10-12,2015-10-09,2015-09-30,0.05676455971479501,0.45,,0.9820090185253416,0.0,78939.4146876065,4387721.4146876065,4387721.4146876065,0,False
2015-10-13,2015-10-12,2015-09-30,0.05676455971479501,0.45,,0.9819224649774151,0.0,78939.4146876065,4366713.4146876065,4366713.4146876065,0,False
2015-10-14,2015-10-13,2015-09-30,0.05676455971479501,0.45,,0.9817079645329909,0.0,78939.4146876065,4315507.4146876065,4315507.4146876065,0,False
2015-10-15,2015-10-14,2015-09-30,0.05676455971479501,0.45,,0.9819555067080395,0.0,78939.4146876065,4374709.4146876065,4374709.4146876065,0,False
2015-10-16,2015-10-15,2015-09-30,0.05676455971479501,0.45,,0.9820321513470155,0.0,78939.4146876065,4393370.4146876065,4393370.4146876065,0,False
2015-10-19,2015-10-16,2015-09-30,0.05676455971479501,0.45,,0.9818931155523557,0.0,78939.4146876065,4359635.4146876065,4359635.4146876065,0,False
2015-10-20,2015-10-19,2015-09-30,0.05676455971479501,0.45,,0.9819066244657766,0.0,78939.4146876065,4362890.4146876065,4362890.4146876065,0,False
2015-10-21,2015-10-20,2015-09-30,0.05676455971479501,0.45,,0.9816601718431324,0.0,78939.4146876065,4304261.4146876065,4304261.4146876065,0,False
2015-10-22,2015-10-21,2015-09-30,0.05676455971479501,0.45,,0.9816577343108909,0.0,78939.4146876065,4303689.4146876065,4303689.4146876065,0,False
2015-10-23,2015-10-22,2015-09-30,0.05676455971479501,0.45,,0.9818852956613964,0.0,78939.4146876065,4357753.4146876065,4357753.4146876065,0,False
2015-10-26,2015-10-23,2015-09-30,0.05676455971479501,0.45,,0.9819904290710376,0.0,78939.4146876065,4383192.4146876065,4383192.4146876065,0,False
2015-10-27,2015-10-26,2015-09-30,0.05676455971479501,0.45,,0.9818206087426997,0.0,78939.4146876065,4342247.4146876065,4342247.4146876065,0,False
2015-10-28,2015-10-27,2015-09-30,0.05676455971479501,0.45,,1.031106177737135,133523.9537123935,0.0,4292522.0462876065,4292522.0462876065,0,False
2015-10-29,2015-10-28,2015-09-30,0.05676455971479501,0.45,,1.079834535635728,346560.18737918785,0.0,4340980.812620812,4340980.812620812,0,False
2015-10-30,2015-10-29,2015-09-30,0.05676455971479501,0.45,,1.1799886964736637,775380.5805779777,0.0,4307940.419422022,4307940.419422022,0,False
2015-11-02,2015-10-30,2015-10-30,0.049785852090032154,0.31666666666666665,,1.2818271306341003,1201010.4248655413,0.0,4261514.575134459,4261514.575134459,0,False
2015-11-03,2015-11-02,2015-10-30,0.049785852090032154,0.31666666666666665,,1.3793620022638005,1623942.0949487474,0.0,4280718.905051253,4280718.905051253,0,False
2015-11-04,2015-11-03,2015-10-30,0.049785852090032154,0.31666666666666665,,1.458037281758171,2063820.1795636055,0.0,4505790.820436395,4505790.820436395,0,False
2015-11-05,2015-11-04,2015-10-30,0.049785852090032154,0.31666666666666665,,1.5954211435360168,2739847.413178769,0.0,4601528.586821231,4601528.586821231,0,False
2015-11-06,2015-11-05,2015-10-30,0.049785852090032154,0.31666666666666665,,1.6659580577049604,3111966.0379231833,0.0,4672915.962076817,4672915.962076817,0,False
2015-11-09,2015-11-06,2015-10-30,0.049785852090032154,0.31666666666666665,,1.6659165081783476,3202301.9538899832,0.0,4808864.046110017,4808864.046110017,0,False
2015-11-10,2015-11-09,2015-10-30,0.049785852090032154,0.31666666666666665,,1.6686902510784367,3202609.0239403564,0.0,4789375.976059644,4789375.976059644,0,False
2015-11-11,2015-11-10,2015-10-30,0.049785852090032154,0.31666666666666665,,1.6773487851802642,3202916.1234358028,0.0,4728606.876564197,4728606.876564197,0,False
2015-11-12,2015-11-11,2015-10-30,0.049785852090032154,0.31666666666666665,,1.6867287142764975,3203223.252379146,0.0,4664466.7476208545,4664466.7476208545,0,False
2015-11-13,2015-11-12,2015-10-30,0.049785852090032154,0.31666666666666665,,1.7028417012101207,3182945.91677321,0.0,4528681.083226791,4528681.083226791,0,False
2015-11-16,2015-11-13,2015-10-30,0.049785852090032154,0.31666666666666665,,1.6659521058485467,3028061.867872988,315.1154337200569,4546493.247560732,4546493.247560732,0,False
2015-11-17,2015-11-16,2015-10-30,0.049785852090032154,0.31666666666666665,,1.6659815436946412,3028746.121576187,0.0,4547792.878423813,4547792.878423813,0,False
2015-11-18,2015-11-17,2015-10-30,0.049785852090032154,0.31666666666666665,,1.6729575064246625,3029036.5492864754,0.0,4501081.450713525,4501081.450713525,0,False
2015-11-19,2015-11-18,2015-10-30,0.049785852090032154,0.31666666666666665,,1.6660822444212973,3054138.174865996,0.0,4585226.825134004,4585226.825134004,0,False
2015-11-20,2015-11-19,2015-10-30,0.049785852090032154,0.31666666666666665,,1.666072019688776,3020134.151071148,218.19947043881461,4533918.048399291,4533918.048399291,0,False
2015-11-23,2015-11-20,2015-10-30,0.049785852090032154,0.31666666666666665,,1.6660655482027245,2952492.047627943,238.6776868282659,4432376.630058885,4432376.630058885,0,False
2015-11-24,2015-11-23,2015-10-30,0.049785852090032154,0.31666666666666665,,1.6660497873010887,2920549.536579135,210.78527650566605,4384565.248697371,4384565.248697371,0,False
2015-11-25,2015-11-24,2015-10-30,0.049785852090032154,0.31666666666666665,,1.6660281314124807,2949343.841013632,0.0,4428257.158986368,4428257.158986368,0,False
2015-11-26,2015-11-25,2015-10-30,0.049785852090032154,0.31666666666666665,,1.6660544073459516,2975764.3471794627,0.0,4467749.652820537,4467749.652820537,0,False
2015-11-27,2015-11-26,2015-10-30,0.049785852090032154,0.31666666666666665,,1.6828945539649804,2786657.0452256305,0.0,4080654.9547743695,4080654.9547743695,0,False
2015-11-30,2015-11-27,2015-10-30,0.049785852090032154,0.31666666666666665,,1.6752390744003436,2787458.6862934353,0.0,4128106.3137065647,4128106.3137065647,0,False
2015-12-01,2015-11-30,2015-11-30,0.05017617727639001,0.31666666666666665,,1.665962205541305,2793455.034092395,0.0,4194614.965907605,4194614.965907605,0,False
2015-12-02,2015-12-01,2015-11-30,0.05017617727639001,0.31666666666666665,,1.6659400108896594,2933513.0178336096,0.0,4405070.982166391,4405070.982166391,0,False
2015-12-03,2015-12-02,2015-11-30,0.05017617727639001,0.31666666666666665,,1.6659747331825427,2950840.4839624427,0.0,4430859.516037557,4430859.516037557,0,False
2015-12-04,2015-12-03,2015-11-30,0.05017617727639001,0.31666666666666665,,1.6826420592344662,2951123.441269124,0.0,4323090.558730876,4323090.558730876,0,False
2015-12-07,2015-12-04,2015-11-30,0.05017617727639001,0.31666666666666665,,1.6818874652706208,2951972.394587845,0.0,4329119.605412155,4329119.605412155,0,False
2015-12-08,2015-12-07,2015-11-30,0.05017617727639001,0.31666666666666665,,1.7144981894444677,2952255.4604339013,0.0,4131928.5395660987,4131928.5395660987,0,False
2015-12-09,2015-12-08,2015-11-30,0.05017617727639001,0.31666666666666665,,1.6894598990626273,2952538.553423258,0.0,4282393.446576742,4282393.446576742,0,False
2015-12-10,2015-12-09,2015-11-30,0.05017617727639001,0.31666666666666665,,1.6925727802378094,2952821.673558518,0.0,4263554.326441482,4263554.326441482,0,False
2015-12-11,2015-12-10,2015-11-30,0.05017617727639001,0.31666666666666665,,1.7024844170755895,2953104.820842284,0.0,4203801.179157716,4203801.179157716,0,False
2015-12-14,2015-12-11,2015-11-30,0.05017617727639001,0.31666666666666665,,1.6835715332268404,2953954.3441469097,0.0,4321353.655853091,4321353.655853091,0,False
2015-12-15,2015-12-14,2015-11-30,0.05017617727639001,0.31666666666666665,,1.686769047328577,2954237.600042924,0.0,4301646.399957076,4301646.399957076,0,False
2015-12-16,2015-12-15,2015-11-30,0.05017617727639001,0.31666666666666665,,1.6891513718760076,2954520.883100462,0.0,4287187.116899538,4287187.116899538,0,False
2015-12-17,2015-12-16,2015-11-30,0.05017617727639001,0.31666666666666665,,1.670215450065213,2954804.193322129,0.0,4408737.80667787,4408737.80667787,0,False
2015-12-18,2015-12-17,2015-11-30,0.05017617727639001,0.31666666666666665,,1.6659706395881193,2916377.0165467877,197.69155625766587,4378840.67500947,4378840.67500947,0,False
2015-12-21,2015-12-18,2015-11-30,0.05017617727639001,0.31666666666666665,,1.665948526991386,3034771.2341624135,0.0,4557065.7658375865,4557065.7658375865,0,False
2015-12-22,2015-12-21,2015-11-30,0.05017617727639001,0.31666666666666665,,1.6659553363555568,3039128.2801332236,0.0,4563561.719866777,4563561.719866777,0,False
2015-12-23,2015-12-22,2015-11-30,0.05017617727639001,0.31666666666666665,,1.6730150686234382,3039419.7033929625,0.0,4516124.296607038,4516124.296607038,0,False
2015-12-24,2015-12-23,2015-11-30,0.05017617727639001,0.31666666666666665,,1.6659895073981996,3052984.2872273973,0.0,4584132.712772602,4584132.712772602,0,False
2015-12-25,2015-12-24,2015-11-30,0.05017617727639001,0.31666666666666665,,1.6659387577173719,3099711.5033853506,0.0,4654649.49661465,4654649.49661465,0,False
2015-12-28,2015-12-25,2015-11-30,0.05017617727639001,0.31666666666666665,,1.6957162185451489,3100603.2012150916,0.0,4456706.798784908,4456706.798784908,0,False
2015-12-29,2015-12-28,2015-11-30,0.05017617727639001,0.31666666666666665,,1.6659659651006253,2983986.680126036,253.89551575940823,4480308.215389723,4480308.215389723,0,False
2015-12-30,2015-12-29,2015-11-30,0.05017617727639001,0.31666666666666665,,1.666795421841216,2984018.92031933,0.0,4475164.07968067,4475164.07968067,0,False
2015-12-31,2015-12-30,2015-11-30,0.05017617727639001,0.31666666666666665,,1.675377733607963,2984305.0591199086,0.0,4418719.940880092,4418719.940880092,0,False
2016-01-04,2015-12-31,2015-12-31,0.04865195080707148,0.2833333333333333,,1.6657269239148567,2611102.467766655,1460.3364425633335,3919988.8686759085,3919988.8686759085,0,False
2016-01-05,2016-01-04,2015-12-31,0.04865195080707148,0.2833333333333333,,1.6658326839264148,2612112.533162782,0.0,3923076.466837218,3923076.466837218,0,False
2016-01-06,2016-01-05,2015-12-31,0.04865195080707148,0.2833333333333333,,1.6657566576418197,2845475.546947058,0.0,4274047.453052942,4274047.453052942,0,False
2016-01-07,2016-01-06,2015-12-31,0.04865195080707148,0.2833333333333333,,1.7493995216570806,2749974.858286628,0.0,3669571.141713372,3669571.141713372,0,False
2016-01-08,2016-01-07,2015-12-31,0.04865195080707148,0.2833333333333333,,1.6865354229474299,2750238.554505916,0.0,4005967.445494084,4005967.445494084,0,False
2016-01-11,2016-01-08,2015-12-31,0.04865195080707148,0.2833333333333333,,1.406282219899103,2376773.0351316174,927231.733970022,3567818.6988384044,3567818.6988384044,0,False
2016-01-12,2016-01-11,2015-12-31,0.04865195080707148,0.2833333333333333,,1.2442521247560279,2344537.6415374763,1484778.3049327862,3519966.66339531,3519966.66339531,0,False
2016-01-13,2016-01-12,2015-12-31,0.04865195080707148,0.2833333333333333,,1.2477827912722994,2311498.084581758,1451513.929299112,3470717.8447173545,3470717.8447173545,0,False
2016-01-14,2016-01-13,2015-12-31,0.04865195080707148,0.2833333333333333,,1.2933681008538942,2311719.7350830194,1276465.6761091119,3528856.9410260925,3528856.9410260925,0,False
2016-01-15,2016-01-14,2015-12-31,0.04865195080707148,0.2833333333333333,,1.1113755209786023,2244532.0673342687,1869541.4491049421,3366903.3817706737,3366903.3817706737,0,False
2016-01-18,2016-01-15,2015-12-31,0.04865195080707148,0.2833333333333333,,1.162815295899089,2213356.2245127796,1672265.721016412,3323339.496503632,3323339.496503632,0,False
2016-01-19,2016-01-18,2015-12-31,0.04865195080707148,0.2833333333333333,,1.1582661572862427,2213568.464150747,1672265.721016412,3420205.256865665,3420205.256865665,0,False
2016-01-20,2016-01-19,2015-12-31,0.04865195080707148,0.2833333333333333,,1.1619099654930127,2213780.7241404597,1672265.721016412,3344543.996875952,3344543.996875952,0,False
2016-01-21,2016-01-20,2015-12-31,0.04865195080707148,0.2833333333333333,,1.1647974633307414,2189295.6572106727,1647568.3737432144,3287230.716532542,3287230.716532542,0,False
2016-01-22,2016-01-21,2015-12-31,0.04865195080707148,0.2833333333333333,,1.2095869380204325,2189505.5896709533,1479549.8937432144,3387404.304072261,3387404.304072261,0,False
2016-01-25,2016-01-22,2015-12-31,0.04865195080707148,0.2833333333333333,,1.207589973383981,2190135.4474433246,1479549.8937432144,3423024.4462998896,3423024.4462998896,0,False
2016-01-26,2016-01-25,2015-12-31,0.04865195080707148,0.2833333333333333,,1.2233378442900817,2119613.2205856447,1408817.6538974235,3182602.4333117786,3182602.4333117786,0,False
2016-01-27,2016-01-26,2015-12-31,0.04865195080707148,0.2833333333333333,,1.2223636188220461,2119816.4711684408,1408817.6538974235,3197460.1827289825,3197460.1827289825,0,False
2016-01-28,2016-01-27,2015-12-31,0.04865195080707148,0.2833333333333333,,0.8182930794586311,2079923.9358291656,2647254.4675555704,3122228.531726405,3122228.531726405,0,False
2016-01-29,2016-01-28,2015-12-31,0.04865195080707148,0.2833333333333333,,0.8208935531245699,2080123.3805901355,2647254.4675555704,3166447.086965435,3166447.086965435,0,False
2016-02-01,2016-01-29,2016-01-29,0.06709198376313276,0.6166666666666667,,0.8169603636030596,2061361.0390751315,2627893.7343831365,3095136.6953080045,3095136.6953080045,0,False
2016-02-02,2016-02-01,2016-01-29,0.06709198376313276,0.6166666666666667,,0.8187084552526879,2061558.7038323032,2627893.7343831365,3123891.030550833,3123891.030550833,0,False
2016-02-03,2016-02-02,2016-01-29,0.06709198376313276,0.6166666666666667,,0.816411109829376,2053759.7489951113,2619897.0958346184,3083723.346839507,3083723.346839507,0,False
2016-02-04,2016-02-03,2016-01-29,0.06709198376313276,0.6166666666666667,,0.8182354336078912,2053956.6848614533,2619897.0958346184,3113590.410973165,3113590.410973165,0,False
2016-02-05,2016-02-04,2016-01-29,0.06709198376313276,0.6166666666666667,,0.8177939612536514,2054153.6396120563,2619897.0958346184,3104965.456222562,3104965.456222562,0,False
2016-02-15,2016-02-05,2016-01-29,0.06709198376313276,0.6166666666666667,,0.8178274473295866,2056123.3759788077,2619897.0958346184,3094723.7198558105,3094723.7198558105,0,False
2016-02-16,2016-02-15,2016-01-29,0.06709198376313276,0.6166666666666667,,0.8214432720260494,2056320.5384943124,2619897.0958346184,3156288.557340306,3156288.557340306,0,False
2016-02-17,2016-02-16,2016-01-29,0.06709198376313276,0.6166666666666667,,0.8225479170627574,2056517.719915812,2619897.0958346184,3174825.3759188065,3174825.3759188065,0,False
2016-02-18,2016-02-17,2016-01-29,0.06709198376313276,0.6166666666666667,,0.8228695091621244,2056714.920245119,2619897.0958346184,3179476.1755894995,3179476.1755894995,0,False
2016-02-19,2016-02-18,2016-01-29,0.06709198376313276,0.6166666666666667,,0.82236899075945,2056912.1394840465,2619897.0958346184,3169406.956350572,3169406.956350572,0,False
2016-02-22,2016-02-19,2016-01-29,0.06709198376313276,0.6166666666666667,,0.8266030089074087,2057503.8539351309,2619897.0958346184,3243385.2418994876,3243385.2418994876,0,False
2016-02-23,2016-02-22,2016-01-29,0.06709198376313276,0.6166666666666667,,0.8278396085260523,2057701.1488252343,2619897.0958346184,3265535.947009384,3265535.947009384,0,False
2016-02-24,2016-02-23,2016-01-29,0.06709198376313276,0.6166666666666667,,0.827751214439096,2057898.4626340258,2619897.0958346184,3262714.6332005924,3262714.6332005924,0,False
2016-02-25,2016-02-24,2016-01-29,0.06709198376313276,0.6166666666666667,,0.8184366108554786,2058095.7953633196,2619897.0958346184,3094243.300471299,3094243.300471299,0,False
2016-02-26,2016-02-25,2016-01-29,0.06709198376313276,0.6166666666666667,,0.822112626390996,2058293.1470149297,2619897.0958346184,3157075.9488196885,3157075.9488196885,0,False
2016-02-29,2016-02-26,2016-01-29,0.06709198376313276,0.6166666666666667,,0.825613815351849,2058885.2587421532,2619897.0958346184,3217065.8370924653,3217065.8370924653,0,False
2016-03-01,2016-02-29,2016-02-29,0.06896388693957116,0.6833333333333333,,0.8279820369570168,2059082.686095731,2619897.0958346184,3260208.409738887,3260208.409738887,0,False
2016-03-02,2016-03-01,2016-02-29,0.06896388693957116,0.6833333333333333,,0.8332974119221614,2059280.1323806993,2619897.0958346184,3362976.963453919,3362976.963453919,0,False
2016-03-03,2016-03-02,2016-02-29,0.06896388693957116,0.6833333333333333,,0.8318306702600641,2059477.5975988728,2619897.0958346184,3332471.4982357454,3332471.4982357454,0,False
2016-03-04,2016-03-03,2016-02-29,0.06896388693957116,0.6833333333333333,,0.83453268936362,2059675.0817520672,2619897.0958346184,3385696.014082551,3385696.014082551,0,False
2016-03-07,2016-03-04,2016-02-29,0.06896388693957116,0.6833333333333333,,0.8353843741295144,2060267.5910221604,2619897.0958346184,3399613.504812458,3399613.504812458,0,False
2016-03-08,2016-03-07,2016-02-29,0.06896388693957116,0.6833333333333333,,0.8845050470224163,2060465.1509281488,2451402.5634746184,3384887.412546469,3384887.412546469,0,False
2016-03-09,2016-03-08,2016-02-29,0.06896388693957116,0.6833333333333333,,0.931816939109802,2060662.7297782379,2286380.4130346184,3310465.6832563803,3310465.6832563803,0,False
2016-03-10,2016-03-09,2016-02-29,0.06896388693957116,0.6833333333333333,,0.9792819897060817,2060860.327574244,2127111.8954246184,3197776.5678503746,3197776.5678503746,0,False
2016-03-11,2016-03-10,2016-02-29,0.06896388693957116,0.6833333333333333,,1.0296544154254748,2061057.944317984,1964195.9766446184,3266359.0323266345,3266359.0323266345,0,False
2016-03-14,2016-03-11,2016-02-29,0.06896388693957116,0.6833333333333333,,1.0788851235439432,2061650.8513978561,1798019.6992646183,3341962.8478667624,3341962.8478667624,0,False
2016-03-15,2016-03-14,2016-02-29,0.06896388693957116,0.6833333333333333,,1.1802626565007477,2061848.5439452506,1469969.6177246184,3283425.0737793674,3283425.0737793674,0,False
2016-03-16,2016-03-15,2016-02-29,0.06896388693957116,0.6833333333333333,,1.2773083428268315,2062046.2554494645,1138029.1082846182,3332092.852835154,3332092.852835154,0,False
2016-03-17,2016-03-16,2016-02-29,0.06896388693957116,0.6833333333333333,,1.3702622266142153,2062243.9859123158,798003.7096046183,3414445.7236923026,3414445.7236923026,0,False
2016-03-18,2016-03-17,2016-02-29,0.06896388693957116,0.6833333333333333,,1.4664081962825062,2062441.7353356224,454117.8863246183,3448318.1509889956,3448318.1509889956,0,False
2016-03-21,2016-03-18,2016-02-29,0.06896388693957116,0.6833333333333333,,1.659368809209307,2308454.0947677447,0.0,3501005.9052322553,3501005.9052322553,0,False
2016-03-22,2016-03-21,2016-02-29,0.06896388693957116,0.6833333333333333,,1.6749134487926423,2308675.453379572,0.0,3420698.546620428,3420698.546620428,0,False
2016-03-23,2016-03-22,2016-02-29,0.06896388693957116,0.6833333333333333,,1.6659437649115938,2313041.8745675674,0.0,3473329.1254324326,3473329.1254324326,0,False
2016-03-24,2016-03-23,2016-02-29,0.06896388693957116,0.6833333333333333,,1.7154479063627892,2313263.673103485,0.0,3233308.326896515,3233308.326896515,0,False
2016-03-25,2016-03-24,2016-02-29,0.06896388693957116,0.6833333333333333,,1.7101987257695856,2313485.492907755,0.0,3257518.507092245,3257518.507092245,0,False
2016-03-28,2016-03-25,2016-02-29,0.06896388693957116,0.6833333333333333,,1.728009592450022,2314151.0161317424,0.0,3178736.9838682576,3178736.9838682576,0,False
2016-03-29,2016-03-28,2016-02-29,0.06896388693957116,0.6833333333333333,,1.6928035890936213,2158857.8431237005,0.0,3116118.1568762995,3116118.1568762995,0,False
2016-03-30,2016-03-29,2016-02-29,0.06896388693957116,0.6833333333333333,,1.6659896674348689,2169339.4426494795,0.16320000000001755,3257316.720550521,3257316.720550521,0,False
2016-03-31,2016-03-30,2016-02-29,0.06896388693957116,0.6833333333333333,,1.6659594346256155,2202368.2844201443,0.0,3307060.7155798557,3307060.7155798557,0,False
2016-04-01,2016-03-31,2016-03-31,0.05899358741258742,0.48333333333333334,,1.6659388143805878,2248112.92570002,0.0,3375855.07429998,3375855.07429998,0,False
2016-04-05,2016-04-01,2016-03-31,0.05899358741258742,0.48333333333333334,,1.6659608070773533,2267793.40366933,0.0,3405295.59633067,3405295.59633067,0,False
2016-04-06,2016-04-05,2016-03-31,0.05899358741258742,0.48333333333333334,,1.6751587332986395,2268010.8633107776,0.0,3359226.1366892224,3359226.1366892224,0,False
2016-04-07,2016-04-06,2016-03-31,0.05899358741258742,0.48333333333333334,,1.6870963049671133,2268228.3438045196,0.0,3301179.6561954804,3301179.6561954804,0,False
2016-04-08,2016-04-07,2016-03-31,0.05899358741258742,0.48333333333333334,,1.6989388067822155,2268445.8451525555,0.0,3245557.1548474445,3245557.1548474445,0,False
2016-04-11,2016-04-08,2016-03-31,0.05899358741258742,0.48333333333333334,,1.6659850888178394,2279444.6767455447,5.161670000000015,3422658.4849244547,3422658.4849244547,0,False
2016-04-12,2016-04-11,2016-03-31,0.05899358741258742,0.48333333333333334,,1.6659226240744418,2373018.360462356,0.0,3563504.639537644,3563504.639537644,0,False
2016-04-13,2016-04-12,2016-03-31,0.05899358741258742,0.48333333333333334,,1.6659626226296125,2551870.5242681536,0.0,3831852.4757318464,3831852.4757318464,0,False
2016-04-14,2016-04-13,2016-03-31,0.05899358741258742,0.48333333333333334,,1.6776001867263872,2552115.2241814397,0.0,3766402.7758185603,3766402.7758185603,0,False
2016-04-15,2016-04-14,2016-03-31,0.05899358741258742,0.48333333333333334,,1.6902258416790668,2552359.947559101,0.0,3697862.052440899,3697862.052440899,0,False
2016-04-18,2016-04-15,2016-03-31,0.05899358741258742,0.48333333333333334,,1.7024367906495648,2553094.1880919607,0.0,3634624.8119080393,3634624.8119080393,0,False
2016-04-19,2016-04-18,2016-03-31,0.05899358741258742,0.48333333333333334,,1.7062627504898225,2553339.0053428737,0.0,3615281.9946571263,3615281.9946571263,0,False
2016-04-20,2016-04-19,2016-03-31,0.05899358741258742,0.48333333333333334,,1.7409578345454466,2553583.8460694137,0.0,3446328.1539305863,3446328.1539305863,0,False
2016-04-21,2016-04-20,2016-03-31,0.05899358741258742,0.48333333333333334,,1.7330157955994208,2553828.710273831,0.0,3484002.289726169,3484002.289726169,0,False
2016-04-22,2016-04-21,2016-03-31,0.05899358741258742,0.48333333333333334,,1.7519650324616804,2554073.597958378,0.0,3396532.402041622,3396532.402041622,0,False
2016-04-25,2016-04-22,2016-03-31,0.05899358741258742,0.48333333333333334,,1.6660295823485551,2324597.5212481995,8.059729039101512,3490219.53848084,3490219.53848084,0,False
2016-04-26,2016-04-25,2016-03-31,0.05899358741258742,0.48333333333333334,,1.6721670114249145,2324812.368130787,0.0,3458682.631869213,3458682.631869213,0,False
2016-04-27,2016-04-26,2016-03-31,0.05899358741258742,0.48333333333333334,,1.6989865606585628,2325035.2953441693,0.0,3326294.7046558307,3326294.7046558307,0,False
2016-04-28,2016-04-27,2016-03-31,0.05899358741258742,0.48333333333333334,,1.6984293287007495,2325258.2439341336,0.0,3329267.7560658664,3329267.7560658664,0,False
2016-04-29,2016-04-28,2016-03-31,0.05899358741258742,0.48333333333333334,,1.6861637912508942,2324406.76470273,0.0,3387539.23529727,3387539.23529727,0,False
2016-05-03,2016-04-29,2016-04-29,0.05942622261484099,0.48333333333333334,,1.665975040069735,2284564.2702237605,168.10118141843122,3430152.830957658,3430152.830957658,0,False
2016-05-04,2016-05-03,2016-04-29,0.05942622261484099,0.48333333333333334,,1.66594309662839,2233508.7642585156,267.06052943969553,3353502.296270924,3353502.296270924,0,False
2016-05-05,2016-05-04,2016-04-29,0.05942622261484099,0.48333333333333334,,1.6658814412199068,2233495.6847156277,477.62597326672403,3353476.941257639,3353476.941257639,0,False
2016-05-06,2016-05-05,2016-04-29,0.05942622261484099,0.48333333333333334,,1.6660095471242502,2092906.8451120788,40.20354063555584,3142397.3584285574,3142397.3584285574,0,False
2016-05-09,2016-05-06,2016-04-29,0.05942622261484099,0.48333333333333334,,1.5288127408522043,1908477.8046978614,393473.7508839887,2864915.9461861276,2864915.9461861276,0,False
2016-05-10,2016-05-09,2016-04-29,0.05942622261484099,0.48333333333333334,,1.6284707022001312,1908404.9790157762,107623.602360905,2865338.623345129,2865338.623345129,0,False
2016-05-11,2016-05-10,2016-04-29,0.05942622261484099,0.48333333333333334,,1.6655193293659325,1929087.782942585,0.0,2898620.2170574153,2898620.2170574153,0,False
2016-05-12,2016-05-11,2016-04-29,0.05942622261484099,0.48333333333333334,,1.6639789506308171,1929272.7639628672,508.0244400000083,2904858.2604771326,2904858.2604771326,0,False
2016-05-13,2016-05-12,2016-04-29,0.05942622261484099,0.48333333333333334,,1.6654788731742471,1927471.4403048172,1577.1232737617684,2893997.682968945,2893997.682968945,0,False
2016-05-16,2016-05-13,2016-04-29,0.05942622261484099,0.48333333333333334,,1.6651829357149588,1942876.1779866226,0.0,2920814.822013377,2920814.822013377,0,False
2016-05-17,2016-05-16,2016-04-29,0.05942622261484099,0.48333333333333334,,1.6695446634757651,1943062.481181772,0.0,2902065.518818228,2902065.518818228,0,False
2016-05-18,2016-05-17,2016-04-29,0.05942622261484099,0.48333333333333334,,1.6838824868592457,1943248.8022416113,0.0,2841495.1977583887,2841495.1977583887,0,False
2016-05-19,2016-05-18,2016-04-29,0.05942622261484099,0.48333333333333334,,1.6865142136603721,1943435.1411678537,0.0,2830873.858832146,2830873.858832146,0,False
2016-05-20,2016-05-19,2016-04-29,0.05942622261484099,0.48333333333333334,,1.6815997275080474,1943621.4979622122,0.0,2851558.502037788,2851558.502037788,0,False
2016-05-23,2016-05-20,2016-04-29,0.05942622261484099,0.48333333333333334,,1.6780999496363327,1944180.6219547766,0.0,2867100.3780452237,2867100.3780452237,0,False
2016-05-24,2016-05-23,2016-04-29,0.05942622261484099,0.48333333333333334,,1.6825228796884477,1944367.0502335941,0.0,2848793.949766406,2848793.949766406,0,False
2016-05-25,2016-05-24,2016-04-29,0.05942622261484099,0.48333333333333334,,1.677786247519081,1944553.496389096,0.0,2868977.5036109043,2868977.5036109043,0,False
2016-05-26,2016-05-25,2016-04-29,0.05942622261484099,0.48333333333333334,,1.6748897158084068,1944739.9604229962,0.0,2881567.0395770036,2881567.0395770036,0,False
2016-05-27,2016-05-26,2016-04-29,0.05942622261484099,0.48333333333333334,,1.679927111548231,1944926.4423370094,0.0,2860492.557662991,2860492.557662991,0,False
2016-05-30,2016-05-27,2016-04-29,0.05942622261484099,0.48333333333333334,,1.6845322739982433,1945485.941724531,0.0,2842066.058275469,2842066.058275469,0,False
2016-05-31,2016-05-30,2016-04-29,0.05942622261484099,0.48333333333333334,,1.6657232030387354,1994071.5997709977,0.0,2995346.4002290023,2995346.4002290023,0,False
2016-06-01,2016-05-31,2016-05-31,0.05817716901408451,0.4166666666666667,,1.6685962054947658,1994262.8121161812,0.0,2982761.1878838185,2982761.1878838185,0,False
2016-06-02,2016-06-01,2016-05-31,0.05817716901408451,0.4166666666666667,,1.6670968265416,1994454.042796795,0.0,2989751.9572032047,2989751.9572032047,0,False
2016-06-03,2016-06-02,2016-05-31,0.05817716901408451,0.4166666666666667,,1.6658578735546168,2001162.3569345975,0.0,3005389.6430654023,3005389.6430654023,0,False
2016-06-06,2016-06-03,2016-05-31,0.05817716901408451,0.4166666666666667,,1.6725289579721963,2001738.0337770034,0.0,2976433.966222997,2976433.966222997,0,False
2016-06-07,2016-06-06,2016-05-31,0.05817716901408451,0.4166666666666667,,1.6658447272765637,1992783.1012810436,468.0066213492846,2992161.705340306,2992161.705340306,0,False
2016-06-08,2016-06-07,2016-05-31,0.05817716901408451,0.4166666666666667,,1.6664577844772523,1992506.183450228,0.0,2989696.016549772,2989696.016549772,0,False
2016-06-13,2016-06-08,2016-05-31,0.05817716901408451,0.4166666666666667,,1.708587046875191,1993461.4946340742,0.0,2813290.905365926,2813290.905365926,0,False
2016-06-14,2016-06-13,2016-05-31,0.05817716901408451,0.4166666666666667,,1.7063416447393323,1993652.6484760253,0.0,2822504.7515239753,2822504.7515239753,0,False
2016-06-15,2016-06-14,2016-05-31,0.05817716901408451,0.4166666666666667,,1.6922698699241934,1993843.820647797,0.0,2880153.9793522027,2880153.9793522027,0,False
2016-06-16,2016-06-15,2016-05-31,0.05817716901408451,0.4166666666666667,,1.7056803934853937,1994035.0111511468,0.0,2825691.3888488533,2825691.3888488533,0,False
2016-06-17,2016-06-16,2016-05-31,0.05817716901408451,0.4166666666666667,,1.675981442882243,1976886.2199878325,0.0,2924468.180012168,2924468.180012168,0,False
2016-06-20,2016-06-17,2016-05-31,0.05817716901408451,0.4166666666666667,,1.68183776978471,1977454.9132839933,0.0,2900183.8867160063,2900183.8867160063,0,False
2016-06-21,2016-06-20,2016-05-31,0.05817716901408451,0.4166666666666667,,1.684222807319016,1977644.5322482807,0.0,2890351.6677517192,2890351.6677517192,0,False
2016-06-22,2016-06-21,2016-05-31,0.05817716901408451,0.4166666666666667,,1.665996236748263,1999707.3880752085,0.0,3002580.6119247917,3002580.6119247917,0,False
2016-06-23,2016-06-22,2016-05-31,0.05817716901408451,0.4166666666666667,,1.66598159409701,2006918.2109784486,0.0,3013473.989021552,3013473.989021552,0,False
2016-06-24,2016-06-23,2016-05-31,0.05817716901408451,0.4166666666666667,,1.6852576310547451,2007110.6551904602,0.0,2928986.9448095392,2928986.9448095392,0,False
2016-06-27,2016-06-24,2016-05-31,0.05817716901408451,0.4166666666666667,,1.6659619560043797,2041947.3856771588,0.0,3066162.214322841,3066162.214322841,0,False
2016-06-28,2016-06-27,2016-05-31,0.05817716901408451,0.4166666666666667,,1.666030819232256,2039012.287425149,222.84440735448152,3061103.7569822054,3061103.7569822054,0,False
2016-06-29,2016-06-28,2016-05-31,0.05817716901408451,0.4166666666666667,,1.6659266331787936,2051782.0926639861,0.0,3081093.307336014,3081093.307336014,0,False
2016-06-30,2016-06-29,2016-05-31,0.05817716901408451,0.4166666666666667,,1.6697478259353988,2048526.43889205,0.0,3058653.36110795,3058653.36110795,0,False
2016-07-01,2016-06-30,2016-06-30,0.05953974758135445,0.48333333333333334,,1.665975166603701,2057601.9616741354,0.0,3089607.6383258644,3089607.6383258644,0,False
2016-07-04,2016-07-01,2016-06-30,0.05953974758135445,0.48333333333333334,,1.66597618667861,2164818.75758722,0.0,3250594.8424127796,3250594.8424127796,0,False
2016-07-05,2016-07-04,2016-06-30,0.05953974758135445,0.48333333333333334,,1.6680805439325033,2165026.3429475366,0.0,3240666.6570524634,3240666.6570524634,0,False
2016-07-06,2016-07-05,2016-06-30,0.05953974758135445,0.48333333333333334,,1.665950255460041,2171019.006013299,0.0,3260031.793986701,3260031.793986701,0,False
2016-07-07,2016-07-06,2016-06-30,0.05953974758135445,0.48333333333333334,,1.6659768128212151,2181442.608137985,0.0,3275553.391862015,3275553.391862015,0,False
2016-07-08,2016-07-07,2016-06-30,0.05953974758135445,0.48333333333333334,,1.6751036672867656,2181651.7875661626,0.0,3231580.4124338375,3231580.4124338375,0,False
2016-07-11,2016-07-08,2016-06-30,0.05953974758135445,0.48333333333333334,,1.6659666759213145,2220226.7654456,0.0,3333840.6345544006,3333840.6345544006,0,False
2016-07-12,2016-07-11,2016-06-30,0.05953974758135445,0.48333333333333334,,1.6659958460567348,2390566.30923256,0.0,3589461.2907674396,3589461.2907674396,0,False
2016-07-13,2016-07-12,2016-06-30,0.05953974758135445,0.48333333333333334,,1.668086162211229,2390795.541618377,0.0,3578573.658381623,3578573.658381623,0,False
2016-07-14,2016-07-13,2016-06-30,0.05953974758135445,0.48333333333333334,,1.6755110305974965,2391024.7959853816,0.0,3539579.2040146184,3539579.2040146184,0,False
2016-07-15,2016-07-14,2016-06-30,0.05953974758135445,0.48333333333333334,,1.6667592354788425,2391254.0723356814,0.0,3586383.127664319,3586383.127664319,0,False
2016-07-18,2016-07-15,2016-06-30,0.05953974758135445,0.48333333333333334,,1.6786409060905227,2391941.9673427916,0.0,3524606.2326572086,3524606.2326572086,0,False
2016-07-19,2016-07-18,2016-06-30,0.05953974758135445,0.48333333333333334,,1.6809626953360817,2392171.33164103,0.0,3512925.66835897,3512925.66835897,0,False
2016-07-20,2016-07-19,2016-06-30,0.05953974758135445,0.48333333333333334,,1.6874957143638478,2392400.7179331053,0.0,3479877.2820668947,3479877.2820668947,0,False
2016-07-21,2016-07-20,2016-06-30,0.05953974758135445,0.48333333333333334,,1.6844599438977736,2392630.1262211264,0.0,3495646.6737788734,3495646.6737788734,0,False
2016-07-22,2016-07-21,2016-06-30,0.05953974758135445,0.48333333333333334,,1.6920112248350943,2392859.5565072023,0.0,3457833.4434927977,3457833.4434927977,0,False
2016-07-25,2016-07-22,2016-06-30,0.05953974758135445,0.48333333333333334,,1.6981643538732865,2393547.913365924,0.0,3428344.4866340766,3428344.4866340766,0,False
2016-07-26,2016-07-25,2016-06-30,0.05953974758135445,0.48333333333333334,,1.676978162820248,2393777.4316589865,0.0,3535974.3683410133,3535974.3683410133,0,False
2016-07-27,2016-07-26,2016-06-30,0.05953974758135445,0.48333333333333334,,1.7029978726444799,2394006.9719606526,0.0,3405425.628039347,3405425.628039347,0,False
2016-07-28,2016-07-27,2016-06-30,0.05953974758135445,0.48333333333333334,,1.6660486718908747,2292103.1129741604,4.4303611278272115,3441338.117386968,3441338.117386968,0,False
2016-07-29,2016-07-28,2016-06-30,0.05953974758135445,0.48333333333333334,,1.6713731528796445,2291234.2999324957,0.0,3412758.300067504,3412758.300067504,0,False
2016-08-01,2016-07-29,2016-07-29,0.05770208547008547,0.35,,1.6660020574195498,2332128.049478367,0.0,3501682.950521633,3501682.950521633,0,False
2016-08-02,2016-08-01,2016-07-29,0.05770208547008547,0.35,,1.665992908315186,2345631.81094544,0.0,3522007.18905456,3522007.18905456,0,False
2016-08-03,2016-08-02,2016-07-29,0.05770208547008547,0.35,,1.6659445590028206,2320059.7947938624,272.2522901123157,3483454.4574962505,3483454.4574962505,0,False
2016-08-04,2016-08-03,2016-07-29,0.05770208547008547,0.35,,1.6659105824721658,2324875.062590922,0.0,3491272.137409078,3491272.137409078,0,False
2016-08-05,2016-08-04,2016-07-29,0.05770208547008547,0.35,,1.6679272751851726,2325097.9958161023,0.0,3481064.6041838974,3481064.6041838974,0,False
2016-08-08,2016-08-05,2016-07-29,0.05770208547008547,0.35,,1.6659802292931374,2441424.5488231177,0.0,3665911.4511768823,3665911.4511768823,0,False
2016-08-09,2016-08-08,2016-07-29,0.05770208547008547,0.35,,1.6672005099036267,2441658.6580264294,0.0,3659557.541973571,3659557.541973571,0,False
2016-08-10,2016-08-09,2016-07-29,0.05770208547008547,0.35,,1.6721406557477225,2441892.789678569,0.0,3633008.6103214314,3633008.6103214314,0,False
2016-08-11,2016-08-10,2016-07-29,0.05770208547008547,0.35,,1.6869360898432249,2442126.943781689,0.0,3555100.656218311,3555100.656218311,0,False
2016-08-12,2016-08-11,2016-07-29,0.05770208547008547,0.35,,1.668471876160955,2442361.1203379417,0.0,3653648.2796620587,3653648.2796620587,0,False
2016-08-15,2016-08-12,2016-07-29,0.05770208547008547,0.35,,1.665949396641943,2497325.6524825594,0.0,3750023.1475174404,3750023.1475174404,0,False
2016-08-16,2016-08-15,2016-07-29,0.05770208547008547,0.35,,1.669797726052503,2497565.122065674,0.0,3728834.877934326,3728834.877934326,0,False
2016-08-17,2016-08-16,2016-07-29,0.05770208547008547,0.35,,1.6704810550150573,2497804.6146116257,0.0,3725391.7853883747,3725391.7853883747,0,False
2016-08-18,2016-08-17,2016-07-29,0.05770208547008547,0.35,,1.6809350339310256,2498044.130122616,0.0,3668549.869877384,3668549.869877384,0,False
2016-08-19,2016-08-18,2016-07-29,0.05770208547008547,0.35,,1.6890396109948602,2498283.668600847,0.0,3625747.531399153,3625747.531399153,0,False
2016-08-22,2016-08-19,2016-07-29,0.05770208547008547,0.35,,1.6953581506370312,2499002.3529438693,0.0,3593834.847056131,3593834.847056131,0,False
2016-08-23,2016-08-22,2016-07-29,0.05770208547008547,0.35,,1.6933973741486974,2499241.9833064806,0.0,3604343.0166935194,3604343.0166935194,0,False
2016-08-24,2016-08-23,2016-07-29,0.05770208547008547,0.35,,1.698277930410661,2499481.6366473455,0.0,3579493.963352654,3579493.963352654,0,False
2016-08-25,2016-08-24,2016-07-29,0.05770208547008547,0.35,,1.7048229850097842,2499721.312968668,0.0,3546594.4870313318,3546594.4870313318,0,False
2016-08-26,2016-08-25,2016-07-29,0.05770208547008547,0.35,,1.7067702923831582,2499961.0122726513,0.0,3537161.9877273487,3537161.9877273487,0,False
2016-08-29,2016-08-26,2016-07-29,0.05770208547008547,0.35,,1.7062821692955383,2500680.1791391955,0.0,3540624.8208608045,3540624.8208608045,0,False
2016-08-30,2016-08-29,2016-07-29,0.05770208547008547,0.35,,1.7017401157428995,2500919.9703892497,0.0,3563883.4296107506,3563883.4296107506,0,False
2016-08-31,2016-08-30,2016-07-29,0.05770208547008547,0.35,,1.694674752437708,2501159.7846329855,0.0,3600476.0153670143,3600476.0153670143,0,False
2016-09-01,2016-08-31,2016-08-31,0.05348114886731392,0.26666666666666666,,1.706958473753939,2501399.6218726076,0.0,3538255.3781273924,3538255.3781273924,0,False
2016-09-02,2016-09-01,2016-08-31,0.05348114886731392,0.26666666666666666,,1.7044447859723846,2501639.4821103215,0.0,3551221.5178896785,3551221.5178896785,0,False
2016-09-05,2016-09-02,2016-08-31,0.05348114886731392,0.26666666666666666,,1.691130964583724,2502359.1318243532,0.0,3620672.8681756468,3620672.8681756468,0,False
2016-09-06,2016-09-05,2016-08-31,0.05348114886731392,0.26666666666666666,,1.6854775834285294,2502599.084069871,0.0,3650883.915930129,3650883.915930129,0,False
2016-09-07,2016-09-06,2016-08-31,0.05348114886731392,0.26666666666666666,,1.6912256642354828,2502839.0593245076,0.0,3620871.1406754926,3620871.1406754926,0,False
2016-09-08,2016-09-07,2016-08-31,0.05348114886731392,0.26666666666666666,,1.6836630818587741,2503079.05759047,0.0,3661275.7424095296,3661275.7424095296,0,False
2016-09-09,2016-09-08,2016-08-31,0.05348114886731392,0.26666666666666666,,1.6944466699773604,2503319.078869965,0.0,3604767.921130035,3604767.921130035,0,False
2016-09-12,2016-09-09,2016-08-31,0.05348114886731392,0.26666666666666666,,1.7218451422662535,2504039.2117556673,0.0,3468942.3882443323,3468942.3882443323,0,False
2016-09-13,2016-09-12,2016-08-31,0.05348114886731392,0.26666666666666666,,1.725539128088832,2504279.32510474,0.0,3451611.67489526,3451611.67489526,0,False
2016-09-14,2016-09-13,2016-08-31,0.05348114886731392,0.26666666666666666,,1.7359128388393432,2504519.46147838,0.0,3403282.73852162,3403282.73852162,0,False
2016-09-19,2016-09-14,2016-08-31,0.05348114886731392,0.26666666666666666,,1.7249577825169506,2505720.2584804585,0.0,3456367.141519542,3456367.141519542,0,False
2016-09-20,2016-09-19,2016-08-31,0.05348114886731392,0.26666666666666666,,1.7182376557254344,2505960.5330257923,0.0,3489040.866974208,3489040.866974208,0,False
2016-09-21,2016-09-20,2016-08-31,0.05348114886731392,0.26666666666666666,,1.673826260155118,2334311.3084244845,0.0,3464262.8915755157,3464262.8915755157,0,False
2016-09-22,2016-09-21,2016-08-31,0.05348114886731392,0.26666666666666666,,1.666006200265429,2356573.576955155,0.0,3538365.8230448454,3538365.8230448454,0,False
2016-09-23,2016-09-22,2016-08-31,0.05348114886731392,0.26666666666666666,,1.6659891384093088,2355222.1870572404,59.28853333645259,3536338.3014760963,3536338.3014760963,0,False
2016-09-26,2016-09-23,2016-08-31,0.05348114886731392,0.26666666666666666,,1.6660773447555044,2293794.424022694,66.39017076321153,3443636.1661480693,3443636.1661480693,0,False
2016-09-27,2016-09-26,2016-08-31,0.05348114886731392,0.26666666666666666,,1.6660468296563458,2303920.674147461,0.0,3459097.1258525387,3459097.1258525387,0,False
2016-09-28,2016-09-27,2016-08-31,0.05348114886731392,0.26666666666666666,,1.6660502824547623,2285899.680100218,161.49718694071368,3431780.2170867226,3431780.2170867226,0,False
2016-09-29,2016-09-28,2016-08-31,0.05348114886731392,0.26666666666666666,,1.6660108187843519,2355665.7681901245,0.0,3536978.2318098755,3536978.2318098755,0,False
2016-09-30,2016-09-29,2016-08-31,0.05348114886731392,0.26666666666666666,,1.6659510920148135,2379842.893408718,0.0,3573600.106591282,3573600.106591282,0,False
2016-10-10,2016-09-30,2016-09-30,0.05572955186721991,0.31666666666666665,,1.6659944427327502,2427318.386369384,0.0,3644652.613630616,3644652.613630616,0,False
2016-10-11,2016-10-10,2016-09-30,0.05572955186721991,0.31666666666666665,,1.6659255868062361,2466722.534536981,0.0,3704201.465463019,3704201.465463019,0,False
2016-10-12,2016-10-11,2016-09-30,0.05572955186721991,0.31666666666666665,,1.672266468375339,2466959.0695745395,0.0,3669614.9304254605,3669614.9304254605,0,False
2016-10-13,2016-10-12,2016-09-30,0.05572955186721991,0.31666666666666665,,1.6711940914392573,2467195.6272935397,0.0,3675830.3727064603,3675830.3727064603,0,False
2016-10-14,2016-10-13,2016-09-30,0.05572955186721991,0.31666666666666665,,1.665916571176312,2486368.396956157,0.0,3733753.603043843,3733753.603043843,0,False
2016-10-17,2016-10-14,2016-09-30,0.05572955186721991,0.31666666666666665,,1.6717293847693309,2487083.653618295,0.0,3702508.346381705,3702508.346381705,0,False
2016-10-18,2016-10-17,2016-09-30,0.05572955186721991,0.31666666666666665,,1.665925754545186,2529259.5603619297,0.0,3798110.4396380703,3798110.4396380703,0,False
2016-10-19,2016-10-18,2016-09-30,0.05572955186721991,0.31666666666666665,,1.6659165832174858,2563884.435870595,0.0,3850158.564129405,3850158.564129405,0,False
2016-10-20,2016-10-19,2016-09-30,0.05572955186721991,0.31666666666666665,,1.666518518305572,2553270.2878028015,0.0,3830756.7121971985,3830756.7121971985,0,False
2016-10-21,2016-10-20,2016-09-30,0.05572955186721991,0.31666666666666665,,1.6658514361759833,2565402.240759988,0.0,3852814.759240012,3852814.759240012,0,False
2016-10-24,2016-10-21,2016-09-30,0.05572955186721991,0.31666666666666665,,1.6659763947379476,2812746.7847154117,0.0,4223493.215284588,4223493.215284588,0,False
2016-10-25,2016-10-24,2016-09-30,0.05572955186721991,0.31666666666666665,,1.665997055073431,2926764.0110105216,0.0,4394559.988989478,4394559.988989478,0,False
2016-10-26,2016-10-25,2016-09-30,0.05572955186721991,0.31666666666666665,,1.6896789648180641,2927044.659614317,0.0,4244068.340385683,4244068.340385683,0,False
2016-10-27,2016-10-26,2016-09-30,0.05572955186721991,0.31666666666666665,,1.6985180201480357,2927325.3351296224,0.0,4190765.6648703776,4190765.6648703776,0,False
2016-10-28,2016-10-27,2016-09-30,0.05572955186721991,0.31666666666666665,,1.707209644883978,2927606.0375590185,0.0,4139657.9624409815,4139657.9624409815,0,False
2016-10-31,2016-10-28,2016-09-30,0.05572955186721991,0.31666666666666665,,1.7040717351830612,2928448.2255972205,0.0,4159303.7744027795,4159303.7744027795,0,False
2016-11-01,2016-10-31,2016-10-31,0.055356456953642386,0.2833333333333333,,1.6975039387022521,2928729.035701045,0.0,4198870.964298955,4198870.964298955,0,False
2016-11-02,2016-11-01,2016-10-31,0.055356456953642386,0.2833333333333333,,1.7085210639923036,2929009.8727318654,0.0,4133977.1272681346,4133977.1272681346,0,False
2016-11-03,2016-11-02,2016-10-31,0.055356456953642386,0.2833333333333333,,1.6951757484969088,2929290.736692264,0.0,4213741.263307735,4213741.263307735,0,False
2016-11-04,2016-11-03,2016-10-31,0.055356456953642386,0.2833333333333333,,1.6806500006390293,2929571.627584824,0.0,4304079.3724151775,4304079.3724151775,0,False
2016-11-07,2016-11-04,2016-10-31,0.055356456953642386,0.2833333333333333,,1.6659249935825124,3005162.602466732,0.0,4512764.397533268,4512764.397533268,0,False
2016-11-08,2016-11-07,2016-10-31,0.055356456953642386,0.2833333333333333,,1.6891134810929957,3005450.768743681,0.0,4361329.231256319,4361329.231256319,0,False
2016-11-09,2016-11-08,2016-10-31,0.055356456953642386,0.2833333333333333,,1.6934556045479816,3005738.9626530125,0.0,4334436.037346987,4334436.037346987,0,False
2016-11-10,2016-11-09,2016-10-31,0.055356456953642386,0.2833333333333333,,1.678129640043457,3006027.1841973765,0.0,4432820.8158026235,4432820.8158026235,0,False
2016-11-11,2016-11-10,2016-10-31,0.055356456953642386,0.2833333333333333,,1.6677451912883394,3006315.433379423,0.0,4502189.566620577,4502189.566620577,0,False
2016-11-14,2016-11-11,2016-10-31,0.055356456953642386,0.2833333333333333,,1.6659390281692108,3035513.5470765596,0.0,4558245.45292344,4558245.45292344,0,False
2016-11-15,2016-11-14,2016-10-31,0.055356456953642386,0.2833333333333333,,1.6908343098640672,3035804.62371806,0.0,4394403.376281939,4394403.376281939,0,False
2016-11-16,2016-11-15,2016-10-31,0.055356456953642386,0.2833333333333333,,1.7002419028993854,3036095.728271019,0.0,4335781.271728981,4335781.271728981,0,False
2016-11-17,2016-11-16,2016-10-31,0.055356456953642386,0.2833333333333333,,1.6944898617674953,3036386.8607381135,0.0,4372111.1392618865,4372111.1392618865,0,False
2016-11-18,2016-11-17,2016-10-31,0.055356456953642386,0.2833333333333333,,1.719412098709317,3036678.0211220197,0.0,4221054.97887798,4221054.97887798,0,False
2016-11-21,2016-11-18,2016-10-31,0.055356456953642386,0.2833333333333333,,1.714480406928315,3037551.5860322057,0.0,4251413.413967794,4251413.413967794,0,False
2016-11-22,2016-11-21,2016-10-31,0.055356456953642386,0.2833333333333333,,1.6848986815844058,3037842.858102099,0.0,4435463.141897901,4435463.141897901,0,False
2016-11-23,2016-11-22,2016-10-31,0.055356456953642386,0.2833333333333333,,1.7056776597788421,3038134.158102191,0.0,4305271.841897809,4305271.841897809,0,False
2016-11-24,2016-11-23,2016-10-31,0.055356456953642386,0.2833333333333333,,1.703164334754141,3038425.48603516,0.0,4321074.51396484,4321074.51396484,0,False
2016-11-25,2016-11-24,2016-10-31,0.055356456953642386,0.2833333333333333,,1.7013856210200793,3038716.8419036837,0.0,4332448.158096316,4332448.158096316,0,False
2016-11-28,2016-11-25,2016-10-31,0.055356456953642386,0.2833333333333333,,1.6853377927053592,3039590.9933239575,0.0,4435172.006676042,4435172.006676042,0,False
2016-11-29,2016-11-28,2016-10-31,0.055356456953642386,0.2833333333333333,,1.7055628081148115,3039882.4609534545,0.0,4308450.5390465455,4308450.5390465455,0,False
2016-11-30,2016-11-29,2016-10-31,0.055356456953642386,0.2833333333333333,,1.734529418178057,3040173.9565319023,0.0,4138941.0434680977,4138941.0434680977,0,False
2016-12-01,2016-11-30,2016-11-30,0.048929372549019606,0.15,,1.6980838502576652,3040465.480061981,0.0,4355444.519938019,4355444.519938019,0,False
2016-12-02,2016-12-01,2016-11-30,0.048929372549019606,0.15,,1.7019771096296519,3040757.0315463706,0.0,4331703.968453629,4331703.968453629,0,False
2016-12-05,2016-12-02,2016-11-30,0.048929372549019606,0.15,,1.7086926501114401,3041631.769870514,0.0,4291891.230129486,4291891.230129486,0,False
2016-12-06,2016-12-05,2016-11-30,0.048929372549019606,0.15,,1.7070768356310044,3041923.4331909125,0.0,4302111.566809088,4302111.566809088,0,False
2016-12-07,2016-12-06,2016-11-30,0.048929372549019606,0.15,,1.693744791771725,3042215.1244790265,0.0,4385207.8755209735,4385207.8755209735,0,False
2016-12-08,2016-12-07,2016-11-30,0.048929372549019606,0.15,,1.7040730701769766,3042506.8437375384,0.0,4321294.156262461,4321294.156262461,0,False
2016-12-09,2016-12-08,2016-11-30,0.048929372549019606,0.15,,1.7074812443630751,3042798.59096913,0.0,4300889.40903087,4300889.40903087,0,False
2016-12-12,2016-12-09,2016-11-30,0.048929372549019606,0.15,,1.7438660776719983,3043673.9165911893,0.0,4091696.0834088107,4091696.0834088107,0,False
2016-12-13,2016-12-12,2016-11-30,0.048929372549019606,0.15,,1.7452732173578984,3043965.775733876,0.0,4084362.224266123,4084362.224266123,0,False
2016-12-14,2016-12-13,2016-11-30,0.048929372549019606,0.15,,1.7595359754322912,3044257.662863056,0.0,4008049.337136943,4008049.337136943,0,False
2016-12-15,2016-12-14,2016-11-30,0.048929372549019606,0.15,,1.7713908329087675,3044549.577981413,0.0,3946831.422018587,3946831.422018587,0,False
2016-12-16,2016-12-15,2016-11-30,0.048929372549019606,0.15,,1.779166769565244,3044841.52109163,0.0,3907817.47890837,3907817.47890837,0,False
2016-12-19,2016-12-16,2016-11-30,0.048929372549019606,0.15,,1.7762628557495783,3045717.434405917,0.0,3923564.565594083,3923564.565594083,0,False
2016-12-20,2016-12-19,2016-11-30,0.048929372549019606,0.15,,1.7870527591759577,3046009.4895023666,0.0,3870146.5104976334,3870146.5104976334,0,False
2016-12-21,2016-12-20,2016-11-30,0.048929372549019606,0.15,,1.7704715607025807,3046301.5726040998,0.0,3953814.4273959002,3953814.4273959002,0,False
2016-12-22,2016-12-21,2016-11-30,0.048929372549019606,0.15,,1.7725983969174084,3046593.6837138017,0.0,3943308.3162861983,3943308.3162861983,0,False
2016-12-23,2016-12-22,2016-11-30,0.048929372549019606,0.15,,1.7995866454768823,3046885.822834158,0.0,3810576.177165842,3810576.177165842,0,False
2016-12-26,2016-12-23,2016-11-30,0.048929372549019606,0.15,,1.8107032300033061,3047762.324235247,0.0,3759405.675764753,3759405.675764753,0,False
2016-12-27,2016-12-26,2016-11-30,0.048929372549019606,0.15,,1.8091450430043945,3048054.575417023,0.0,3767006.424582977,3767006.424582977,0,False
2016-12-28,2016-12-27,2016-11-30,0.048929372549019606,0.15,,1.8106901961969135,3048346.854622885,0.0,3760187.145377115,3760187.145377115,0,False
2016-12-29,2016-12-28,2016-11-30,0.048929372549019606,0.15,,1.7952062069846706,3048639.16185552,0.0,3833771.83814448,3833771.83814448,0,False
2016-12-30,2016-12-29,2016-11-30,0.048929372549019606,0.15,,1.7949304497992542,3048931.497117616,0.0,3835469.502882384,3835469.502882384,0,False
2017-01-03,2016-12-30,2016-12-30,0.05111976848090982,0.2,,1.786302828769041,3050100.9502945924,0.0,3879041.0497054076,3879041.0497054076,0,False
2017-01-04,2017-01-03,2016-12-30,0.05111976848090982,0.2,,1.7712230256102897,3050393.4257281823,0.0,3955267.5742718177,3955267.5742718177,0,False
2017-01-05,2017-01-04,2016-12-30,0.05111976848090982,0.2,,1.767133886543003,3050685.929207362,0.0,3976732.070792638,3976732.070792638,0,False
2017-01-06,2017-01-05,2016-12-30,0.05111976848090982,0.2,,1.768149789656965,3050978.46073482,0.0,3971853.53926518,3971853.53926518,0,False
2017-01-09,2017-01-06,2016-12-30,0.05111976848090982,0.2,,1.7582046213449063,3051856.1394701,0.0,4025108.8605299,4025108.8605299,0,False
2017-01-10,2017-01-09,2016-12-30,0.05111976848090982,0.2,,1.7456100125683243,3052148.7832095013,0.0,4093492.2167904987,4093492.2167904987,0,False
2017-01-11,2017-01-10,2016-12-30,0.05111976848090982,0.2,,1.7540920738978723,3052441.455010631,0.0,4047836.544989369,4047836.544989369,0,False
2017-01-12,2017-01-11,2016-12-30,0.05111976848090982,0.2,,1.7683963694409057,3052734.15487618,0.0,3972863.84512382,3972863.84512382,0,False
2017-01-13,2017-01-12,2016-12-30,0.05111976848090982,0.2,,1.7611189056767882,3053026.8828088394,0.0,4011235.1171911606,4011235.1171911606,0,False
2017-01-16,2017-01-13,2016-12-30,0.05111976848090982,0.2,,1.7550210244735869,3053905.1508162227,0.0,4044794.8491837773,4044794.8491837773,0,False
2017-01-17,2017-01-16,2016-12-30,0.05111976848090982,0.2,,1.758734378012288,3054197.991036164,0.0,4025385.008963836,4025385.008963836,0,False
2017-01-18,2017-01-17,2016-12-30,0.05111976848090982,0.2,,1.7416424461660602,3054490.859336674,0.0,4118549.140663326,4118549.140663326,0,False
2017-01-19,2017-01-18,2016-12-30,0.05111976848090982,0.2,,1.7338956925666678,3054783.7557204464,0.0,4162422.2442795536,4162422.2442795536,0,False
2017-01-20,2017-01-19,2016-12-30,0.05111976848090982,0.2,,1.726081489255018,3055076.680190173,0.0,4207622.319809827,4207622.319809827,0,False
2017-01-23,2017-01-20,2016-12-30,0.05111976848090982,0.2,,1.7165398885331178,3055955.537865296,0.0,4264878.462134704,4264878.462134704,0,False
2017-01-24,2017-01-23,2016-12-30,0.05111976848090982,0.2,,1.699930579904831,3056248.5746976943,0.0,4366502.425302306,4366502.425302306,0,False
2017-01-25,2017-01-24,2016-12-30,0.05111976848090982,0.2,,1.703117896597539,3056541.6396295144,0.0,4347125.360370485,4347125.360370485,0,False
2017-01-26,2017-01-25,2016-12-30,0.05111976848090982,0.2,,1.7001964975167303,3056834.7326634517,0.0,4365681.267336548,4365681.267336548,0,False
2017-02-03,2017-01-26,2017-01-26,0.044782261345852906,0.11666666666666667,,1.7138350782778098,3059179.70177344,0.0,4285555.298226561,4285555.298226561,0,False
2017-02-06,2017-02-03,2017-01-26,0.044782261345852906,0.11666666666666667,,1.7204576446920452,3060059.7397698406,0.0,4247383.260230159,4247383.260230159,0,False
2017-02-07,2017-02-06,2017-01-26,0.044782261345852906,0.11666666666666667,,1.7103010286612181,3060353.170155846,0.0,4308529.829844154,4308529.829844154,0,False
2017-02-08,2017-02-07,2017-01-26,0.044782261345852906,0.11666666666666667,,1.6986309654736151,3060646.6286790115,0.0,4380920.371320989,4380920.371320989,0,False
2017-02-09,2017-02-08,2017-01-26,0.044782261345852906,0.11666666666666667,,1.6925714872238633,3060940.1153420354,0.0,4419673.884657964,4419673.884657964,0,False
2017-02-10,2017-02-09,2017-01-26,0.044782261345852906,0.11666666666666667,,1.677639722271009,3061233.6301476164,0.0,4517494.369852384,4517494.369852384,0,False
2017-02-13,2017-02-10,2017-01-26,0.044782261345852906,0.11666666666666667,,1.6677659966616438,3062114.2590001244,0.0,4585609.740999876,4585609.740999876,0,False
2017-02-14,2017-02-13,2017-01-26,0.044782261345852906,0.11666666666666667,,1.6672175548960546,3062407.886394823,0.0,4589819.113605177,4589819.113605177,0,False
2017-02-15,2017-02-14,2017-01-26,0.044782261345852906,0.11666666666666667,,1.6771098477011745,3062701.541945573,0.0,4523197.458054427,4523197.458054427,0,False
2017-02-16,2017-02-15,2017-01-26,0.044782261345852906,0.11666666666666667,,1.6675522429160734,3062995.2256550747,0.0,4588397.774344925,4588397.774344925,0,False
2017-02-17,2017-02-16,2017-01-26,0.044782261345852906,0.11666666666666667,,1.6910310673775382,3063288.937526028,0.0,4432925.062473971,4432925.062473971,0,False
2017-02-20,2017-02-17,2017-01-26,0.044782261345852906,0.11666666666666667,,1.6745902243939992,3064170.1576313437,0.0,4542268.842368657,4542268.842368657,0,False
2017-02-21,2017-02-20,2017-01-26,0.044782261345852906,0.11666666666666667,,1.6709905070972644,3064463.982167007,0.0,4567075.017832993,4567075.017832993,0,False
2017-02-22,2017-02-21,2017-01-26,0.044782261345852906,0.11666666666666667,,1.667229605805528,3064757.8348776256,0.0,4593258.165122375,4593258.165122375,0,False
2017-02-23,2017-02-22,2017-01-26,0.044782261345852906,0.11666666666666667,,1.6814687465830966,3065051.7157659014,0.0,4497714.284234099,4497714.284234099,0,False
2017-02-24,2017-02-23,2017-01-26,0.044782261345852906,0.11666666666666667,,1.6966282363959588,3065345.6248345366,0.0,4400260.375165463,4400260.375165463,0,False
2017-02-27,2017-02-24,2017-01-26,0.044782261345852906,0.11666666666666667,,1.7018032997845463,3066227.436589626,0.0,4369069.563410373,4369069.563410373,0,False
2017-02-28,2017-02-27,2017-01-26,0.044782261345852906,0.11666666666666667,,1.6934487202721553,3066521.458398614,0.0,4422131.541601386,4422131.541601386,0,False
2017-03-01,2017-02-28,2017-02-28,0.04418000231303006,0.1,,1.6854157164885644,3066815.5084014744,0.0,4474387.491598526,4474387.491598526,0,False
2017-03-02,2017-03-01,2017-02-28,0.04418000231303006,0.1,,1.6942227199907902,3067109.5866009104,0.0,4418048.413399089,4418048.413399089,0,False
2017-03-03,2017-03-02,2017-02-28,0.04418000231303006,0.1,,1.7010393942326854,3067403.6929996256,0.0,4375508.307000374,4375508.307000374,0,False
2017-03-06,2017-03-03,2017-02-28,0.04418000231303006,0.1,,1.6882674938177673,3068286.0968017215,0.0,4457984.9031982785,4457984.9031982785,0,False
2017-03-07,2017-03-06,2017-02-28,0.04418000231303006,0.1,,1.690823318739346,3068580.316016483,0.0,4441917.683983517,4441917.683983517,0,False
2017-03-08,2017-03-07,2017-02-28,0.04418000231303006,0.1,,1.6951762351800594,3068874.5634440463,0.0,4414527.436555954,4414527.436555954,0,False
2017-03-09,2017-03-08,2017-02-28,0.04418000231303006,0.1,,1.7206842679726715,3069168.839087116,0.0,4258687.160912884,4258687.160912884,0,False
2017-03-10,2017-03-09,2017-02-28,0.04418000231303006,0.1,,1.7273969840991252,3069463.1429483984,0.0,4219790.857051602,4219790.857051602,0,False
2017-03-13,2017-03-10,2017-02-28,0.04418000231303006,0.1,,1.7102490421528331,3070346.139195,0.0,4322914.860805,4322914.860805,0,False
2017-03-14,2017-03-13,2017-02-28,0.04418000231303006,0.1,,1.7017401685651214,3070640.5559480735,0.0,4375751.444051927,4375751.444051927,0,False
2017-03-15,2017-03-14,2017-02-28,0.04418000231303006,0.1,,1.689334837640581,3070935.0009328905,0.0,4454924.999067109,4454924.999067109,0,False
2017-03-16,2017-03-15,2017-02-28,0.04418000231303006,0.1,,1.6842496227196193,3071229.474152158,0.0,4488463.525847842,4488463.525847842,0,False
2017-03-17,2017-03-16,2017-02-28,0.04418000231303006,0.1,,1.6951651507709045,3071523.9756085835,0.0,4418409.024391416,4418409.024391416,0,False
2017-03-20,2017-03-17,2017-02-28,0.04418000231303006,0.1,,1.665902695675027,3170490.352617457,0.0,4761191.6473825425,4761191.6473825425,0,False
2017-03-21,2017-03-20,2017-02-28,0.04418000231303006,0.1,,1.6659027059176146,3354926.624560311,0.0,5038163.375439689,5038163.375439689,0,False
2017-03-22,2017-03-21,2017-02-28,0.04418000231303006,0.1,,1.6790626500392594,3355248.329853077,0.0,4940999.6701469235,4940999.6701469235,0,False
2017-03-23,2017-03-22,2017-02-28,0.04418000231303006,0.1,,1.6850842604809169,3355570.0659942958,0.0,4898039.934005704,4898039.934005704,0,False
2017-03-24,2017-03-23,2017-02-28,0.04418000231303006,0.1,,1.6878177556398093,3355891.8329869253,0.0,4879042.167013075,4879042.167013075,0,False
2017-03-27,2017-03-24,2017-02-28,0.04418000231303006,0.1,,1.693241584938299,3356857.2265279214,0.0,4842261.773472078,4842261.773472078,0,False
2017-03-28,2017-03-27,2017-02-28,0.04418000231303006,0.1,,1.6930236653800983,3357179.1169469035,0.0,4844248.883053096,4844248.883053096,0,False
2017-03-29,2017-03-28,2017-02-28,0.04418000231303006,0.1,,1.69179684043779,3357501.0382320904,0.0,4853304.96176791,4853304.96176791,0,False
2017-03-30,2017-03-29,2017-02-28,0.04418000231303006,0.1,,1.6918862649905333,3357822.9903864413,0.0,4853143.009613559,4853143.009613559,0,False
2017-03-31,2017-03-30,2017-02-28,0.04418000231303006,0.1,,1.6873817178555846,3358144.9734129165,0.0,4885415.026587084,4885415.026587084,0,False
2017-04-05,2017-03-31,2017-03-31,0.044993011673151756,0.15,,1.6784112534094395,3359755.042920717,0.0,4952386.957079283,4952386.957079283,0,False
2017-04-06,2017-04-05,2017-03-31,0.044993011673151756,0.15,,1.6804038984873542,3360077.2112125037,0.0,4938356.788787496,4938356.788787496,0,False
2017-04-07,2017-04-06,2017-03-31,0.044993011673151756,0.15,,1.6804042760009277,3360399.4103971403,0.0,4938827.58960286,4938827.58960286,0,False
2017-04-10,2017-04-07,2017-03-31,0.044993011673151756,0.15,,1.6692711509240001,3361366.1006384874,0.0,5022427.899361513,5022427.899361513,0,False
2017-04-11,2017-04-10,2017-03-31,0.044993011673151756,0.15,,1.6746906580186907,3361688.423415261,0.0,4982562.57658474,4982562.57658474,0,False
2017-04-12,2017-04-11,2017-03-31,0.044993011673151756,0.15,,1.6770442111667112,3362010.777099698,0.0,4965718.222900302,4965718.222900302,0,False
2017-04-13,2017-04-12,2017-03-31,0.044993011673151756,0.15,,1.6781306729013292,3362333.1616947623,0.0,4958237.838305238,4958237.838305238,0,False
2017-04-14,2017-04-13,2017-03-31,0.044993011673151756,0.15,,1.679247182445151,3362655.577203418,0.0,4950562.422796582,4950562.422796582,0,False
2017-04-17,2017-04-14,2017-03-31,0.044993011673151756,0.15,,1.6751933489784576,3363622.916479052,0.0,4981718.083520948,4981718.083520948,0,False
2017-04-18,2017-04-17,2017-03-31,0.044993011673151756,0.15,,1.6834029479163273,3363945.455662824,0.0,4922345.544337176,4922345.544337176,0,False
2017-04-19,2017-04-18,2017-03-31,0.044993011673151756,0.15,,1.6999208061961522,3364268.025775011,0.0,4806640.974224988,4806640.974224988,0,False
2017-04-20,2017-04-19,2017-03-31,0.044993011673151756,0.15,,1.6952025119148078,3364590.6268185787,0.0,4839727.373181421,4839727.373181421,0,False
2017-04-21,2017-04-20,2017-03-31,0.044993011673151756,0.15,,1.6889198844563684,3364913.2587964926,0.0,4884331.741203507,4884331.741203507,0,False
2017-04-24,2017-04-21,2017-03-31,0.044993011673151756,0.15,,1.6971539169825656,3365881.2475421736,0.0,4828031.752457826,4828031.752457826,0,False
2017-04-25,2017-04-24,2017-03-31,0.044993011673151756,0.15,,1.7011960866999385,3366204.003278239,0.0,4800659.996721761,4800659.996721761,0,False
2017-04-26,2017-04-25,2017-03-31,0.044993011673151756,0.15,,1.6977679568186792,3366526.789963485,0.0,4824708.210036514,4824708.210036514,0,False
2017-04-27,2017-04-26,2017-03-31,0.044993011673151756,0.15,,1.6938157856951275,3366849.607600879,0.0,4852656.392399121,4852656.392399121,0,False
2017-04-28,2017-04-27,2017-03-31,0.044993011673151756,0.15,,1.689732095916924,3367172.4561933884,0.0,4881855.543806612,4881855.543806612,0,False
2017-05-02,2017-04-28,2017-04-28,0.04413420646178093,0.1,,1.6850056598436616,3368463.974395764,0.0,4917425.025604236,4917425.025604236,0,False
2017-05-03,2017-05-02,2017-04-28,0.04413420646178093,0.1,,1.6801145593462434,3368786.977790569,0.0,4953264.022209431,4953264.022209431,0,False
2017-05-04,2017-05-03,2017-04-28,0.04413420646178093,0.1,,1.6910572483077724,3369110.012158302,0.0,4875297.987841697,4875297.987841697,0,False
2017-05-05,2017-05-04,2017-04-28,0.04413420646178093,0.1,,1.7078777851092566,3369433.0775019336,0.0,4759907.922498066,4759907.922498066,0,False
2017-05-08,2017-05-05,2017-04-28,0.04413420646178093,0.1,,1.712622273620123,3370402.366469434,0.0,4729577.6335305665,4729577.6335305665,0,False
2017-05-09,2017-05-08,2017-04-28,0.04413420646178093,0.1,,1.7107962621336112,3370725.5557374517,0.0,4742182.444262548,4742182.444262548,0,False
2017-05-10,2017-05-09,2017-04-28,0.04413420646178093,0.1,,1.7152275966901283,3371048.7759962208,0.0,4713253.224003779,4713253.224003779,0,False
2017-05-11,2017-05-10,2017-04-28,0.04413420646178093,0.1,,1.7074201562751805,3371372.0272487137,0.0,4765727.972751286,4765727.972751286,0,False
2017-05-12,2017-05-11,2017-04-28,0.04413420646178093,0.1,,1.7095578687234285,3371695.3094979017,0.0,4751825.690502098,4751825.690502098,0,False
2017-05-15,2017-05-12,2017-04-28,0.04413420646178093,0.1,,1.6896713708176976,3372665.2492444697,0.0,4890249.75075553,4890249.75075553,0,False
2017-05-16,2017-05-15,2017-04-28,0.04413420646178093,0.1,,1.6848731091180038,3372988.6555012465,0.0,4924983.344498754,4924983.344498754,0,False
2017-05-17,2017-05-16,2017-04-28,0.04413420646178093,0.1,,1.6888482976369668,3373312.0927695823,0.0,4897031.907230418,4897031.907230418,0,False
2017-05-18,2017-05-17,2017-04-28,0.04413420646178093,0.1,,1.6928449467433095,3373635.5610524504,0.0,4869250.438947549,4869250.438947549,0,False
2017-05-19,2017-05-18,2017-04-28,0.04413420646178093,0.1,,1.6909372269680205,3373959.0603528256,0.0,4883162.939647174,4883162.939647174,0,False
2017-05-22,2017-05-19,2017-04-28,0.04413420646178093,0.1,,1.6871775108682547,3374929.651315393,0.0,4911292.348684607,4911292.348684607,0,False
2017-05-23,2017-05-22,2017-04-28,0.04413420646178093,0.1,,1.6693228941161202,3375253.274706615,0.0,5042787.725293385,5042787.725293385,0,False
2017-05-24,2017-05-23,2017-04-28,0.04413420646178093,0.1,,1.6664444015600717,3375576.929130217,0.0,5065054.070869783,5065054.070869783,0,False
2017-05-25,2017-05-24,2017-04-28,0.04413420646178093,0.1,,1.6657644730172392,3473322.329799175,0.0,5217043.670200825,5217043.670200825,0,False
2017-05-26,2017-05-25,2017-04-28,0.04413420646178093,0.1,,1.6655950492193314,3490695.558454772,0.0,5244473.441545228,5244473.441545228,0,False
2017-05-31,2017-05-26,2017-04-28,0.04413420646178093,0.1,,1.6682833573220035,3492369.179612935,0.0,5225880.820387065,5225880.820387065,0,False
2017-06-01,2017-05-31,2017-05-31,0.04171901167315176,0.08333333333333333,,1.665957717808964,3516488.3021187885,0.0,5280347.6978812115,5280347.6978812115,0,False
2017-06-02,2017-06-01,2017-05-31,0.04171901167315176,0.08333333333333333,,1.6654235528963777,3617336.554627211,0.0,5436141.445372789,5436141.445372789,0,False
2017-06-05,2017-06-02,2017-05-31,0.04171901167315176,0.08333333333333333,,1.6667547344391975,3618377.1582936104,0.0,5426848.84170639,5426848.84170639,0,False
2017-06-06,2017-06-05,2017-05-31,0.04171901167315176,0.08333333333333333,,1.6707181346524735,3618724.1259663235,0.0,5395297.874033676,5395297.874033676,0,False
2017-06-07,2017-06-06,2017-05-31,0.04171901167315176,0.08333333333333333,,1.6658802814389515,3629456.2307099095,0.0,5450613.769290091,5450613.769290091,0,False
2017-06-08,2017-06-07,2017-05-31,0.04171901167315176,0.08333333333333333,,1.6659153540674512,3644309.4057594296,0.0,5472631.59424057,5472631.59424057,0,False
2017-06-09,2017-06-08,2017-05-31,0.04171901167315176,0.08333333333333333,,1.6601302104635194,3644658.8600860094,0.0,5521121.139913991,5521121.139913991,0,False
2017-06-12,2017-06-09,2017-05-31,0.04171901167315176,0.08333333333333333,,1.6525524678799897,3645707.3235937054,0.0,5586841.676406294,5586841.676406294,0,False
2017-06-13,2017-06-12,2017-05-31,0.04171901167315176,0.08333333333333333,,1.6514016985887505,3646056.9119672007,0.0,5597248.088032799,5597248.088032799,0,False
2017-06-14,2017-06-13,2017-05-31,0.04171901167315176,0.08333333333333333,,1.6657398744007494,3680379.873542869,0.0,5528255.126457131,5528255.126457131,0,False
2017-06-15,2017-06-14,2017-05-31,0.04171901167315176,0.08333333333333333,,1.665720042301089,3707327.406941428,0.0,5568898.593058572,5568898.593058572,0,False
2017-06-16,2017-06-15,2017-05-31,0.04171901167315176,0.08333333333333333,,1.6719038159623008,3707682.9040900385,0.0,5518175.0959099615,5518175.0959099615,0,False
2017-06-19,2017-06-16,2017-05-31,0.04171901167315176,0.08333333333333333,,1.6659698692849192,3743003.8402921744,0.0,5620380.159707826,5620380.159707826,0,False
2017-06-20,2017-06-19,2017-05-31,0.04171901167315176,0.08333333333333333,,1.6659366134543843,3749317.817968641,0.0,5630142.1820313595,5630142.1820313595,0,False
2017-06-21,2017-06-20,2017-05-31,0.04171901167315176,0.08333333333333333,,1.6659421939963857,3780948.8433550214,0.0,5677593.156644979,5677593.156644979,0,False
2017-06-22,2017-06-21,2017-05-31,0.04171901167315176,0.08333333333333333,,1.666100912152921,3781311.4000934255,0.0,5676784.599906575,5676784.599906575,0,False
2017-06-23,2017-06-22,2017-05-31,0.04171901167315176,0.08333333333333333,,1.6658507372075972,3821103.3858375438,0.0,5738678.614162456,5738678.614162456,0,False
2017-06-26,2017-06-23,2017-05-31,0.04171901167315176,0.08333333333333333,,1.6658691178484297,3929949.327459497,0.0,5901984.672540503,5901984.672540503,0,False
2017-06-27,2017-06-26,2017-05-31,0.04171901167315176,0.08333333333333333,,1.6659254673056607,3967017.5387755544,0.0,5957149.461224446,5957149.461224446,0,False
2017-06-28,2017-06-27,2017-05-31,0.04171901167315176,0.08333333333333333,,1.6661462554360882,3967397.9377176287,0.0,5955746.062282371,5955746.062282371,0,False
2017-06-29,2017-06-28,2017-05-31,0.04171901167315176,0.08333333333333333,,1.665632848776106,4013143.826736314,0.0,6029065.173263686,6029065.173263686,0,False
2017-06-30,2017-06-29,2017-05-31,0.04171901167315176,0.08333333333333333,,1.6661995552387696,4009914.6487470972,0.0,6019089.351252902,6019089.351252902,0,False
2017-07-03,2017-06-30,2017-06-30,0.03899959895444361,0.08333333333333333,,1.6656969292575055,4011068.1858378327,0.0,6025366.814162167,6025366.814162167,0,False
2017-07-04,2017-07-03,2017-06-30,0.03899959895444361,0.08333333333333333,,1.665986750104366,4022017.9144145567,0.0,6039186.085585443,6039186.085585443,0,False
2017-07-05,2017-07-04,2017-06-30,0.03899959895444361,0.08333333333333333,,1.6658661794818144,4055587.0865452536,0.0,6090693.913454747,6090693.913454747,0,False
2017-07-06,2017-07-05,2017-06-30,0.03899959895444361,0.08333333333333333,,1.66596678436226,4153338.6871776623,0.0,6236555.312822338,6236555.312822338,0,False
2017-07-07,2017-07-06,2017-06-30,0.03899959895444361,0.08333333333333333,,1.6658989168577965,4191086.3259712276,0.0,6293877.674028773,6293877.674028773,0,False
2017-07-10,2017-07-07,2017-06-30,0.03899959895444361,0.08333333333333333,,1.6439469250970025,4192291.9809417124,82340.0,6382439.019058287,6382439.019058287,0,False
2017-07-11,2017-07-10,2017-06-30,0.03899959895444361,0.08333333333333333,,1.6593884529323084,4151567.622292612,41213.64074998768,6233585.0184573755,6233585.0184573755,0,False
2017-07-12,2017-07-11,2017-06-30,0.03899959895444361,0.08333333333333333,,1.665941774613889,4141183.9526726785,365.57499462858686,6217988.62232195,6217988.62232195,0,False
2017-07-13,2017-07-12,2017-06-30,0.03899959895444361,0.08333333333333333,,1.665991514021977,4205254.539729128,0.0,6314276.460270872,6314276.460270872,0,False
2017-07-14,2017-07-13,2017-06-30,0.03899959895444361,0.08333333333333333,,1.661747315610168,4205657.783315129,0.0,6355383.216684871,6355383.216684871,0,False
2017-07-17,2017-07-14,2017-06-30,0.03899959895444361,0.08333333333333333,,1.6632415268066176,4206867.630074712,0.0,6342889.369925288,6342889.369925288,0,False
2017-07-18,2017-07-17,2017-06-30,0.03899959895444361,0.08333333333333333,,1.6618479907038584,4207271.02834061,0.0,6356853.97165939,6356853.97165939,0,False
2017-07-19,2017-07-18,2017-06-30,0.03899959895444361,0.08333333333333333,,1.637087757251735,4207674.465288533,0.0,6604544.534711467,6604544.534711467,0,False
2017-07-20,2017-07-19,2017-06-30,0.03899959895444361,0.08333333333333333,,1.6657358623943261,4371325.3165421905,0.0,6566155.6834578095,6566155.6834578095,0,False
2017-07-21,2017-07-20,2017-06-30,0.03899959895444361,0.08333333333333333,,1.6601422477705878,4370251.71717433,39192.94691110088,6560796.2297367705,6560796.2297367705,0,False
2017-07-24,2017-07-21,2017-06-30,0.03899959895444361,0.08333333333333333,,1.665832078436211,4336332.682668849,1096.6875561591755,6511005.00488731,6511005.00488731,0,False
2017-07-25,2017-07-24,2017-06-30,0.03899959895444361,0.08333333333333333,,1.6729241553120233,4335651.807835686,0.0,6443002.192164314,6443002.192164314,0,False
2017-07-26,2017-07-25,2017-06-30,0.03899959895444361,0.08333333333333333,,1.6805765053748478,4336067.555269314,0.0,6371168.444730686,6371168.444730686,0,False
2017-07-27,2017-07-26,2017-06-30,0.03899959895444361,0.08333333333333333,,1.6864788681541787,4336483.342569134,0.0,6316994.657430866,6316994.657430866,0,False
2017-07-28,2017-07-27,2017-06-30,0.03899959895444361,0.08333333333333333,,1.6776293958863309,4336899.16973897,0.0,6400104.83026103,6400104.83026103,0,False
2017-07-31,2017-07-28,2017-06-30,0.03899959895444361,0.08333333333333333,,1.6656353531496555,4338146.770869991,0.0,6517302.229130009,6517302.229130009,0,False
2017-08-01,2017-07-31,2017-07-31,0.03630894049346879,0.06666666666666667,,1.6682021817312433,4338562.757546649,0.0,6492889.242453351,6492889.242453351,0,False
2017-08-02,2017-08-01,2017-07-31,0.03630894049346879,0.06666666666666667,,1.6723046075435832,4338978.784112441,0.0,6453888.215887559,6453888.215887559,0,False
2017-08-03,2017-08-02,2017-07-31,0.03630894049346879,0.06666666666666667,,1.6725810519066624,4339394.850571192,0.0,6451854.149428808,6451854.149428808,0,False
2017-08-04,2017-08-03,2017-07-31,0.03630894049346879,0.06666666666666667,,1.674658074589186,4339810.956926726,0.0,6432608.043073274,6432608.043073274,0,False
2017-08-07,2017-08-04,2017-07-31,0.03630894049346879,0.06666666666666667,,1.6687755675388425,4341059.395695156,0.0,6491055.604304844,6491055.604304844,0,False
2017-08-08,2017-08-07,2017-07-31,0.03630894049346879,0.06666666666666667,,1.6672375863236524,4341475.661664607,0.0,6506641.338335393,6506641.338335393,0,False
2017-08-09,2017-08-08,2017-07-31,0.03630894049346879,0.06666666666666667,,1.6602505222107635,4341891.967549972,0.0,6576128.032450028,6576128.032450028,0,False
2017-08-10,2017-08-09,2017-07-31,0.03630894049346879,0.06666666666666667,,1.665024773819423,4342308.31335508,0.0,6529543.68664492,6529543.68664492,0,False
2017-08-11,2017-08-10,2017-07-31,0.03630894049346879,0.06666666666666667,,1.6854765860583747,4342724.699083758,0.0,6335336.300916242,6335336.300916242,0,False
2017-08-14,2017-08-11,2017-07-31,0.03630894049346879,0.06666666666666667,,1.669234952333692,4343973.976051987,0.0,6490955.023948013,6490955.023948013,0,False
2017-08-15,2017-08-14,2017-07-31,0.03630894049346879,0.06666666666666667,,1.6655269387788159,4404022.814921745,0.0,6617347.185078255,6617347.185078255,0,False
2017-08-16,2017-08-15,2017-07-31,0.03630894049346879,0.06666666666666667,,1.6513903938880268,4404445.11847934,0.0,6761605.88152066,6761605.88152066,0,False
2017-08-17,2017-08-16,2017-07-31,0.03630894049346879,0.06666666666666667,,1.6292788681373733,4404867.462531798,0.0,6999865.537468202,6999865.537468202,0,False
2017-08-18,2017-08-17,2017-07-31,0.03630894049346879,0.06666666666666667,,1.6273825798134152,4405289.847083,0.0,7021696.152917,7021696.152917,0,False
2017-08-21,2017-08-18,2017-07-31,0.03630894049346879,0.06666666666666667,,1.6166403838339432,4406557.122244489,0.0,7146072.877755511,7146072.877755511,0,False
2017-08-22,2017-08-21,2017-07-31,0.03630894049346879,0.06666666666666667,,1.6616172050788376,4766550.217227856,0.0,7204392.782772144,7204392.782772144,0,False
2017-08-23,2017-08-22,2017-07-31,0.03630894049346879,0.06666666666666667,,1.6799035095584067,4767007.283687042,0.0,7011299.716312958,7011299.716312958,0,False
2017-08-24,2017-08-23,2017-07-31,0.03630894049346879,0.06666666666666667,,1.66632368245679,4767464.393974519,0.0,7154877.606025481,7154877.606025481,0,False
2017-08-25,2017-08-24,2017-07-31,0.03630894049346879,0.06666666666666667,,1.6657745496359058,4984485.36749449,0.0,7486746.63250551,7486746.63250551,0,False
2017-08-28,2017-08-25,2017-07-31,0.03630894049346879,0.06666666666666667,,1.6659034588231767,5087780.464045413,0.0,7640417.535954587,7640417.535954587,0,False
2017-08-29,2017-08-28,2017-07-31,0.03630894049346879,0.06666666666666667,,1.6791075811956957,5088268.333404979,0.0,7492580.666595021,7492580.666595021,0,False
2017-08-30,2017-08-29,2017-07-31,0.03630894049346879,0.06666666666666667,,1.6659545679443892,5093569.297626538,0.0,7648523.702373462,7648523.702373462,0,False
2017-08-31,2017-08-30,2017-07-31,0.03630894049346879,0.06666666666666667,,1.6671562500091341,5094057.722079735,0.0,7635479.277920265,7635479.277920265,0,False
2017-09-01,2017-08-31,2017-08-31,0.03578110951008646,0.06666666666666667,,1.6747143828457667,5094546.193368154,0.0,7550670.806631846,7550670.806631846,0,False
2017-09-04,2017-09-01,2017-08-31,0.03578110951008646,0.06666666666666667,,1.665957994274972,5106699.854532547,0.0,7668201.145467453,7668201.145467453,0,False
2017-09-05,2017-09-04,2017-08-31,0.03578110951008646,0.06666666666666667,,1.6799922488786452,5107189.538080242,0.0,7510658.461919758,7510658.461919758,0,False
2017-09-06,2017-09-05,2017-08-31,0.03578110951008646,0.06666666666666667,,1.6815344416168094,5107679.268583894,0.0,7494381.731416106,7494381.731416106,0,False
2017-09-07,2017-09-06,2017-08-31,0.03578110951008646,0.06666666666666667,,1.7015159519353074,5108169.046048004,0.0,7281614.953951996,7281614.953951996,0,False
2017-09-08,2017-09-07,2017-08-31,0.03578110951008646,0.06666666666666667,,1.6968940893340825,5108658.870477078,0.0,7330610.129522922,7330610.129522922,0,False
2017-09-11,2017-09-08,2017-08-31,0.03578110951008646,0.06666666666666667,,1.6919967407998062,5110128.4846726945,0.0,7384613.5153273055,7384613.5153273055,0,False
2017-09-12,2017-09-11,2017-08-31,0.03578110951008646,0.06666666666666667,,1.6727594926388483,5110618.496993142,0.0,7596501.503006858,7596501.503006858,0,False
2017-09-13,2017-09-12,2017-08-31,0.03578110951008646,0.06666666666666667,,1.665904064802904,5200254.3612610735,0.0,7809314.6387389265,7809314.6387389265,0,False
2017-09-14,2017-09-13,2017-08-31,0.03578110951008646,0.06666666666666667,,1.6676968712956748,5200753.015788865,0.0,7789092.984211135,7789092.984211135,0,False
2017-09-15,2017-09-14,2017-08-31,0.03578110951008646,0.06666666666666667,,1.7066963913539577,5201251.718132845,0.0,7359952.281867155,7359952.281867155,0,False
2017-09-18,2017-09-15,2017-08-31,0.03578110951008646,0.06666666666666667,,1.7180224989581279,5202747.968627103,0.0,7245940.031372897,7245940.031372897,0,False
2017-09-19,2017-09-18,2017-08-31,0.03578110951008646,0.06666666666666667,,1.7172053671772258,5203246.86226793,0.0,7254891.13773207,7254891.13773207,0,False
2017-09-20,2017-09-19,2017-08-31,0.03578110951008646,0.06666666666666667,,1.701047374226417,5203745.803747874,0.0,7422816.196252126,7422816.196252126,0,False
2017-09-21,2017-09-20,2017-08-31,0.03578110951008646,0.06666666666666667,,1.7117251543211702,5204244.7930715205,0.0,7312155.2069284795,7312155.2069284795,0,False
2017-09-22,2017-09-21,2017-08-31,0.03578110951008646,0.06666666666666667,,1.7141942859179622,5204743.830243459,0.0,7287574.169756541,7287574.169756541,0,False
2017-09-25,2017-09-22,2017-08-31,0.03578110951008646,0.06666666666666667,,1.7175242489547156,5206241.0853179125,0.0,7255839.9146820875,7255839.9146820875,0,False
2017-09-26,2017-09-25,2017-08-31,0.03578110951008646,0.06666666666666667,,1.7067128080825507,5206740.313915134,0.0,7367547.686084866,7367547.686084866,0,False
2017-09-27,2017-09-26,2017-08-31,0.03578110951008646,0.06666666666666667,,1.699093047199918,5207239.590383592,0.0,7448564.409616408,7448564.409616408,0,False
2017-09-28,2017-09-27,2017-08-31,0.03578110951008646,0.06666666666666667,,1.7030512380731058,5207738.914727875,0.0,7407339.085272125,7407339.085272125,0,False
2017-09-29,2017-09-28,2017-08-31,0.03578110951008646,0.06666666666666667,,1.7048127506264479,5208238.286952575,0.0,7389534.713047425,7389534.713047425,0,False
2017-10-09,2017-09-29,2017-09-29,0.03617057989877079,0.08333333333333333,,1.7073226993987347,5213232.488049652,0.0,7370373.511950348,7370373.511950348,0,False
2017-10-10,2017-10-09,2017-09-29,0.03617057989877079,0.08333333333333333,,1.7172378769256456,5213732.387055356,0.0,7269181.612944644,7269181.612944644,0,False
2017-10-11,2017-10-10,2017-09-29,0.03617057989877079,0.08333333333333333,,1.7238028878286424,5214232.333996581,0.0,7203939.666003419,7203939.666003419,0,False
2017-10-12,2017-10-11,2017-09-29,0.03617057989877079,0.08333333333333333,,1.731414125253116,5214732.328877923,0.0,7129657.671122077,7129657.671122077,0,False
2017-10-13,2017-10-12,2017-09-29,0.03617057989877079,0.08333333333333333,,1.7206506376019544,5215232.37170398,0.0,7236838.62829602,7236838.62829602,0,False
2017-10-16,2017-10-13,2017-09-29,0.03617057989877079,0.08333333333333333,,1.7241355195740564,5216732.644030086,0.0,7204083.355969914,7204083.355969914,0,False
2017-10-17,2017-10-16,2017-09-29,0.03617057989877079,0.08333333333333333,,1.7334799744681058,5217232.878667184,0.0,7112986.121332816,7112986.121332816,0,False
2017-10-18,2017-10-17,2017-09-29,0.03617057989877079,0.08333333333333333,,1.7303153000130433,5217733.1612719875,0.0,7144493.8387280125,7144493.8387280125,0,False
2017-10-19,2017-10-18,2017-09-29,0.03617057989877079,0.08333333333333333,,1.7435863362346382,5218233.491849096,0.0,7017656.508150904,7017656.508150904,0,False
2017-10-20,2017-10-19,2017-09-29,0.03617057989877079,0.08333333333333333,,1.7252549512190754,5176043.870403108,0.0,7136861.129596892,7136861.129596892,0,False
2017-10-23,2017-10-20,2017-09-29,0.03617057989877079,0.08333333333333333,,1.7270686287094787,5177532.869324731,0.0,7121106.130675269,7121106.130675269,0,False
2017-10-24,2017-10-23,2017-09-29,0.03617057989877079,0.08333333333333333,,1.7143665622612778,5178029.345079323,0.0,7248420.654920677,7248420.654920677,0,False
2017-10-25,2017-10-24,2017-09-29,0.03617057989877079,0.08333333333333333,,1.7010434274121757,5178525.86844118,0.0,7386883.13155882,7386883.13155882,0,False
2017-10-26,2017-10-25,2017-09-29,0.03617057989877079,0.08333333333333333,,1.6905085612332134,5179022.439414866,0.0,7500301.560585134,7500301.560585134,0,False
2017-10-27,2017-10-26,2017-09-29,0.03617057989877079,0.08333333333333333,,1.6889430204479519,5179519.058004947,0.0,7518065.941995053,7518065.941995053,0,False
2017-10-30,2017-10-27,2017-09-29,0.03617057989877079,0.08333333333333333,,1.6988929959365566,5181009.056638072,0.0,7413164.943361928,7413164.943361928,0,False
2017-10-31,2017-10-30,2017-09-29,0.03617057989877079,0.08333333333333333,,1.680342448197155,5181505.865725695,0.0,7616026.134274305,7616026.134274305,0,False
2017-11-01,2017-10-31,2017-10-31,0.03333733526011561,0.06666666666666667,,1.6933672046584622,5182002.722452546,0.0,7473677.277547454,7473677.277547454,0,False
2017-11-02,2017-11-01,2017-10-31,0.03333733526011561,0.06666666666666667,,1.6939644392695352,5182499.6268231915,0.0,7467961.3731768085,7467961.3731768085,0,False
2017-11-03,2017-11-02,2017-10-31,0.03333733526011561,0.06666666666666667,,1.712507712597583,5182996.578842202,0.0,7274302.421157798,7274302.421157798,0,False
2017-11-06,2017-11-03,2017-10-31,0.03333733526011561,0.06666666666666667,,1.6924388861316912,5184487.577858034,0.0,7487285.422141966,7487285.422141966,0,False
2017-11-07,2017-11-06,2017-10-31,0.03333733526011561,0.06666666666666667,,1.6858246472511182,5184984.7205024855,0.0,7560219.2794975145,7560219.2794975145,0,False
2017-11-08,2017-11-07,2017-10-31,0.03333733526011561,0.06666666666666667,,1.6882757446871572,5185481.91081815,0.0,7534018.08918185,7534018.08918185,0,False
2017-11-09,2017-11-08,2017-10-31,0.03333733526011561,0.06666666666666667,,1.6659791455063984,5247968.966939598,0.0,7880080.033060402,7880080.033060402,0,False
2017-11-10,2017-11-09,2017-10-31,0.03333733526011561,0.06666666666666667,,1.6724001293428894,5248472.196840538,0.0,7805578.803159462,7805578.803159462,0,False
2017-11-13,2017-11-10,2017-10-31,0.03333733526011561,0.06666666666666667,,1.6659498294348791,5466005.791308122,0.0,8207834.208691878,8207834.208691878,0,False
2017-11-14,2017-11-13,2017-10-31,0.03333733526011561,0.06666666666666667,,1.6659925009790215,5673264.667169753,0.0,8518511.332830247,8518511.332830247,0,False
2017-11-15,2017-11-14,2017-10-31,0.03333733526011561,0.06666666666666667,,1.6733556450864104,5673808.678850167,0.0,8426169.321149834,8426169.321149834,0,False
2017-11-16,2017-11-15,2017-10-31,0.03333733526011561,0.06666666666666667,,1.6682515638579085,5674352.742696085,0.0,8491342.257303916,8491342.257303916,0,False
2017-11-17,2017-11-16,2017-10-31,0.03333733526011561,0.06666666666666667,,1.6796031240388785,5674896.858712508,0.0,8350310.141287492,8350310.141287492,0,False
2017-11-20,2017-11-17,2017-10-31,0.03333733526011561,0.06666666666666667,,1.6695959274229355,5676529.363288302,0.0,8477544.636711698,8477544.636711698,0,False
2017-11-21,2017-11-20,2017-10-31,0.03333733526011561,0.06666666666666667,,1.6752881032175366,5677073.688021768,0.0,8406891.311978232,8406891.311978232,0,False
2017-11-22,2017-11-21,2017-10-31,0.03333733526011561,0.06666666666666667,,1.6659244913500275,5828254.633150756,0.0,8752125.366849244,8752125.366849244,0,False
2017-11-23,2017-11-22,2017-10-31,0.03333733526011561,0.06666666666666667,,1.6918334644160986,5828813.506882702,0.0,8425168.493117299,8425168.493117299,0,False
2017-11-24,2017-11-23,2017-10-31,0.03333733526011561,0.06666666666666667,,1.6952896080832713,5829372.43420528,0.0,8384092.56579472,8384092.56579472,0,False
2017-11-27,2017-11-24,2017-10-31,0.03333733526011561,0.06666666666666667,,1.7271344476557642,5831049.376960325,0.0,8019217.623039675,8019217.623039675,0,False
2017-11-28,2017-11-27,2017-10-31,0.03333733526011561,0.06666666666666667,,1.6885092792999548,5831608.518681403,0.0,8469905.481318597,8469905.481318597,0,False
2017-11-29,2017-11-28,2017-10-31,0.03333733526011561,0.06666666666666667,,1.6659647586207662,5837961.771908811,0.0,8766172.228091188,8766172.228091188,0,False
2017-11-30,2017-11-29,2017-10-31,0.03333733526011561,0.06666666666666667,,1.6808939519062176,5838521.576462282,0.0,8574788.423537718,8574788.423537718,0,False
2017-12-01,2017-11-30,2017-11-30,0.033510296162201296,0.08333333333333333,,1.7025591782729552,5839081.4346956415,0.0,8311159.5653043585,8311159.5653043585,0,False
2017-12-04,2017-12-01,2017-11-30,0.033510296162201296,0.08333333333333333,,1.714772056873304,5840761.170450828,0.0,8171501.829549172,8171501.829549172,0,False
2017-12-05,2017-12-04,2017-11-30,0.033510296162201296,0.08333333333333333,,1.7139599812366377,5841321.243439775,0.0,8181580.756560225,8181580.756560225,0,False
2017-12-06,2017-12-05,2017-11-30,0.033510296162201296,0.08333333333333333,,1.734465543160378,5841881.370134352,0.0,7953921.629865648,7953921.629865648,0,False
2017-12-07,2017-12-06,2017-11-30,0.033510296162201296,0.08333333333333333,,1.7722314287479102,5842441.550539707,0.0,7565661.449460293,7565661.449460293,0,False
2017-12-08,2017-12-07,2017-11-30,0.033510296162201296,0.08333333333333333,,1.7604037362604081,5843001.784660991,0.0,7684078.215339009,7684078.215339009,0,False
2017-12-11,2017-12-08,2017-11-30,0.033510296162201296,0.08333333333333333,,1.7373356060716654,5844682.648188085,0.0,7926760.351811915,7926760.351811915,0,False
2017-12-12,2017-12-11,2017-11-30,0.033510296162201296,0.08333333333333333,,1.7674101204919552,5845243.097209144,0.0,7616843.902790856,7616843.902790856,0,False
2017-12-13,2017-12-12,2017-11-30,0.033510296162201296,0.08333333333333333,,1.758164425106282,5845803.59997189,0.0,7710469.40002811,7710469.40002811,0,False
2017-12-14,2017-12-13,2017-11-30,0.033510296162201296,0.08333333333333333,,1.7621757387107129,5846364.1564814765,0.0,7670624.8435185235,7670624.8435185235,0,False
2017-12-15,2017-12-14,2017-11-30,0.033510296162201296,0.08333333333333333,,1.793469094022331,5846924.7667430565,0.0,7368812.2332569435,7368812.2332569435,0,False
2017-12-18,2017-12-15,2017-11-30,0.033510296162201296,0.08333333333333333,,1.7538844063636498,5848606.758799243,0.0,7757962.241200757,7757962.241200757,0,False
2017-12-19,2017-12-18,2017-11-30,0.033510296162201296,0.08333333333333333,,1.7421083337392014,5849167.584104881,0.0,7881824.415895119,7881824.415895119,0,False
2017-12-20,2017-12-19,2017-11-30,0.033510296162201296,0.08333333333333333,,1.7467804049892637,5849728.463188288,0.0,7833264.536811712,7833264.536811712,0,False
2017-12-21,2017-12-20,2017-11-30,0.033510296162201296,0.08333333333333333,,1.729405529634909,5850289.396054621,0.0,8020626.603945379,8020626.603945379,0,False
2017-12-22,2017-12-21,2017-11-30,0.033510296162201296,0.08333333333333333,,1.7223663031612264,5850850.3827090375,0.0,8099561.6172909625,8099561.6172909625,0,False
2017-12-25,2017-12-22,2017-11-30,0.033510296162201296,0.08333333333333333,,1.7300497818139966,5852533.5040520085,0.0,8016622.4959479915,8016622.4959479915,0,False
2017-12-26,2017-12-25,2017-11-30,0.033510296162201296,0.08333333333333333,,1.7210058508370196,5853094.705894863,0.0,8117957.294105137,8117957.294105137,0,False
2017-12-27,2017-12-26,2017-11-30,0.033510296162201296,0.08333333333333333,,1.724324674628989,5853655.961551593,0.0,8081536.038448407,8081536.038448407,0,False
2017-12-28,2017-12-27,2017-11-30,0.033510296162201296,0.08333333333333333,,1.7034109914363411,5854217.271027358,0.0,8322612.728972642,8322612.728972642,0,False
2017-12-29,2017-12-28,2017-11-30,0.033510296162201296,0.08333333333333333,,1.7088629474650932,5854778.634327319,0.0,8259394.365672681,8259394.365672681,0,False
2018-01-02,2017-12-29,2017-12-29,0.03236737722419928,0.05,,1.6631312461867915,5857024.302844596,0.0,8832375.697155405,8832375.697155405,0,False
2018-01-03,2018-01-02,2017-12-29,0.03236737722419928,0.05,,1.6732167880005553,5857585.935311992,0.0,8700891.064688008,8700891.064688008,0,False
2018-01-04,2018-01-03,2017-12-29,0.03236737722419928,0.05,,1.6662282919222013,5858147.621634556,0.0,8793003.378365444,8793003.378365444,0,False
2018-01-05,2018-01-04,2017-12-29,0.03236737722419928,0.05,,1.6587769484976467,5858709.361817452,0.0,8893312.638182547,8893312.638182547,0,False
2018-01-08,2018-01-05,2017-12-29,0.03236737722419928,0.05,,1.608349837417758,5860394.7439626325,0.0,9633264.256037368,9633264.256037368,0,False
2018-01-09,2018-01-08,2017-12-29,0.03236737722419928,0.05,,1.616640572199391,5860956.699623013,0.0,9504656.300376987,9504656.300376987,0,False
2018-01-10,2018-01-09,2017-12-29,0.03236737722419928,0.05,,1.6156053687605514,5861518.709169552,0.0,9521552.290830448,9521552.290830448,0,False
2018-01-11,2018-01-10,2017-12-29,0.03236737722419928,0.05,,1.6659411124182937,6052633.731127417,0.0,9088842.268872583,9088842.268872583,0,False
2018-01-12,2018-01-11,2017-12-29,0.03236737722419928,0.05,,1.666054537409594,6053214.120663278,0.0,9088165.879336722,9088165.879336722,0,False
2018-01-15,2018-01-12,2017-12-29,0.03236737722419928,0.05,,1.6929889687935393,6054955.456232236,0.0,8737448.543767765,8737448.543767765,0,False
2018-01-16,2018-01-15,2017-12-29,0.03236737722419928,0.05,,1.6730629717135501,6055536.068399272,0.0,8996982.931600727,8996982.931600727,0,False
2018-01-17,2018-01-16,2017-12-29,0.03236737722419928,0.05,,1.6659854989606395,6019703.779663197,342.928761749994,9038276.149098553,9038276.149098553,0,False
2018-01-18,2018-01-17,2017-12-29,0.03236737722419928,0.05,,1.6605604851214923,6022854.25767073,0.0,9117793.74232927,9117793.74232927,0,False
2018-01-19,2018-01-18,2017-12-29,0.03236737722419928,0.05,,1.6659689775900566,6155376.465790644,0.0,9242737.534209356,9242737.534209356,0,False
2018-01-22,2018-01-19,2017-12-29,0.03236737722419928,0.05,,1.6659154921012216,6340077.3106273785,0.0,9520843.689372621,9520843.689372621,0,False
2018-01-23,2018-01-22,2017-12-29,0.03236737722419928,0.05,,1.6659119308646855,6462792.693586206,0.0,9705176.306413794,9705176.306413794,0,False
2018-01-24,2018-01-23,2017-12-29,0.03236737722419928,0.05,,1.6809482871562365,6463412.413433536,0.0,9491781.586566463,9491781.586566463,0,False
2018-01-25,2018-01-24,2017-12-29,0.03236737722419928,0.05,,1.6668830092716753,6464032.192706057,0.0,9692902.807293944,9692902.807293944,0,False
2018-01-26,2018-01-25,2017-12-29,0.03236737722419928,0.05,,1.6659630560906447,6552292.380209466,0.0,9838822.619790534,9838822.619790534,0,False
2018-01-29,2018-01-26,2017-12-29,0.03236737722419928,0.05,,1.6659740575387376,6736102.29578665,0.0,10114661.704213351,10114661.704213351,0,False
2018-01-30,2018-01-29,2017-12-29,0.03236737722419928,0.05,,1.6819882746442127,6736748.2234040545,0.0,9878099.776595946,9878099.776595946,0,False
2018-01-31,2018-01-30,2017-12-29,0.03236737722419928,0.05,,1.6782700763695186,6737394.212959724,0.0,9933202.787040276,9933202.787040276,0,False
2018-02-01,2018-01-31,2018-01-31,0.02669278472679395,0.03333333333333333,1.0,0.9999728869719843,0.0,267.686510403797,9872984.686510405,9872984.686510405,7,False
2018-02-02,2018-02-01,2018-01-31,0.02669278472679395,0.03333333333333333,1.0,0.9999743768269814,0.0,267.686510403797,10447047.686510403,10447047.686510403,0,False
2018-02-05,2018-02-02,2018-01-31,0.02669278472679395,0.03333333333333333,1.0,0.9999744269129913,0.0,267.686510403797,10467508.686510403,10467508.686510403,0,False
2018-02-06,2018-02-05,2018-01-31,0.02669278472679395,0.03333333333333333,1.0,0.9999733984827981,0.0,267.686510403797,10062828.686510403,10062828.686510403,0,False
2018-02-07,2018-02-06,2018-01-31,0.02669278472679395,0.03333333333333333,1.0,0.9999725253315429,0.0,267.686510403797,9743029.686510405,9743029.686510405,0,False
2018-02-08,2018-02-07,2018-01-31,0.02669278472679395,0.03333333333333333,1.0,0.9999716374162434,0.0,267.686510403797,9438015.686510405,9438015.686510405,0,False
2018-02-09,2018-02-08,2018-01-31,0.02669278472679395,0.03333333333333333,1.0,0.9999696745898203,0.0,267.686510403797,8827135.686510403,8827135.686510403,0,False
2018-02-12,2018-02-09,2018-01-31,0.02669278472679395,0.03333333333333333,1.0,0.9999699847887074,0.0,267.686510403797,8918361.686510403,8918361.686510403,0,False
2018-02-13,2018-02-12,2018-01-31,0.02669278472679395,0.03333333333333333,1.0,0.9999704912707135,0.0,267.686510403797,9071434.686510403,9071434.686510403,0,False
2018-02-14,2018-02-13,2018-01-31,0.02669278472679395,0.03333333333333333,1.0,0.9999709995173028,0.0,267.686510403797,9230415.686510403,9230415.686510403,0,False
2018-02-22,2018-02-14,2018-01-31,0.02669278472679395,0.03333333333333333,1.0,0.9999718443145443,0.0,267.686510403797,9507369.686510403,9507369.686510403,0,False
2018-02-23,2018-02-22,2018-01-31,0.02669278472679395,0.03333333333333333,1.0,0.9999719950148005,0.0,267.686510403797,9558530.686510403,9558530.686510403,0,False
2018-02-26,2018-02-23,2018-01-31,0.02669278472679395,0.03333333333333333,1.0,0.9999724493306105,0.0,267.686510403797,9716152.686510403,9716152.686510403,0,False
2018-02-27,2018-02-26,2018-01-31,0.02669278472679395,0.03333333333333333,1.0,0.9999712042511603,0.0,267.686510403797,9296042.686510403,9296042.686510403,0,False
2018-02-28,2018-02-27,2018-01-31,0.02669278472679395,0.03333333333333333,1.0,0.9999711249818962,0.0,267.686510403797,9270522.686510405,9270522.686510405,0,False
2018-03-01,2018-02-28,2018-02-28,0.032619529745042494,0.08333333333333333,,1.0499508240300246,462183.1774895962,0.0,9252763.822510405,9252763.822510405,0,False
2018-03-02,2018-03-01,2018-02-28,0.032619529745042494,0.08333333333333333,,1.1010772827646638,914596.2515144239,0.0,9048484.748485576,9048484.748485576,0,False
2018-03-05,2018-03-02,2018-02-28,0.032619529745042494,0.08333333333333333,,1.1522932573648361,1361808.5135456813,0.0,8942014.48645432,8942014.48645432,0,False
2018-03-06,2018-03-05,2018-02-28,0.032619529745042494,0.08333333333333333,,1.1986459747895917,1819828.4602136924,0.0,9161164.539786307,9161164.539786307,0,False
2018-03-07,2018-03-06,2018-02-28,0.032619529745042494,0.08333333333333333,,1.2521023642287386,2269396.3921526168,0.0,9001884.607847383,9001884.607847383,0,False
2018-03-08,2018-03-07,2018-02-28,0.032619529745042494,0.08333333333333333,,1.2519632616043732,2269614.005505289,0.0,9007717.99449471,9007717.99449471,0,False
2018-03-09,2018-03-08,2018-02-28,0.032619529745042494,0.08333333333333333,,1.2524504299898462,2269831.639724995,0.0,8991197.360275004,8991197.360275004,0,False
2018-03-12,2018-03-09,2018-02-28,0.032619529745042494,0.08333333333333333,,1.2466955294123614,2270484.604991217,0.0,9203590.395008784,9203590.395008784,0,False
2018-03-13,2018-03-12,2018-02-28,0.032619529745042494,0.08333333333333333,,1.2483549825144906,2270702.3226930657,0.0,9142970.677306935,9142970.677306935,0,False
2018-03-14,2018-03-13,2018-02-28,0.032619529745042494,0.08333333333333333,,1.246387178949633,2270920.0612719543,0.0,9216875.938728046,9216875.938728046,0,False
2018-03-15,2018-03-14,2018-02-28,0.032619529745042494,0.08333333333333333,,1.245348468403955,2271137.8207298843,0.0,9256784.179270115,9256784.179270115,0,False
2018-03-16,2018-03-15,2018-02-28,0.032619529745042494,0.08333333333333333,,1.2484793009474022,2271355.6010688585,0.0,9141025.398931142,9141025.398931142,0,False
2018-03-19,2018-03-16,2018-02-28,0.032619529745042494,0.08333333333333333,,1.2560393846004239,2272009.0047349194,0.0,8873669.995265082,8873669.995265082,0,False
2018-03-20,2018-03-19,2018-02-28,0.032619529745042494,0.08333333333333333,,1.2566504557283553,2272226.868612086,0.0,8853391.131387914,8853391.131387914,0,False
2018-03-21,2018-03-20,2018-02-28,0.032619529745042494,0.08333333333333333,,1.2593355290474344,2272444.753380309,0.0,8762566.24661969,8762566.24661969,0,False
2018-03-22,2018-03-21,2018-02-28,0.032619529745042494,0.08333333333333333,,1.2613064075275437,2272662.659041592,0.0,8697309.340958409,8697309.340958409,0,False
2018-03-23,2018-03-22,2018-02-28,0.032619529745042494,0.08333333333333333,,1.3146645217536646,2702279.8143179384,0.0,8587812.185682062,8587812.185682062,0,False
2018-03-26,2018-03-23,2018-02-28,0.032619529745042494,0.08333333333333333,,1.3234428676610177,2703057.182483701,2208.044519999996,8350312.862036299,8350312.862036299,0,False
2018-03-27,2018-03-26,2018-02-28,0.032619529745042494,0.08333333333333333,,1.265112347651766,2703316.379747775,428871.62087999994,8579173.241132224,8579173.241132224,0,False
2018-03-28,2018-03-27,2018-02-28,0.032619529745042494,0.08333333333333333,,1.2219255521296575,2703575.601866381,845491.3277399999,8372556.725873617,8372556.725873617,0,False
2018-03-29,2018-03-28,2018-02-28,0.032619529745042494,0.08333333333333333,,1.1645046935535717,2703834.8488419023,1278392.0970899998,8665058.248248098,8665058.248248098,0,False
2018-03-30,2018-03-29,2018-02-28,0.032619529745042494,0.08333333333333333,,1.1143925118303148,2704094.120676723,1711807.55229,8674401.431613278,8674401.431613278,0,False
2018-04-02,2018-03-30,2018-03-30,0.037387315632011975,0.2,,1.103550859219889,2704872.0107662324,1801364.88897,8725249.878203766,8725249.878203766,0,False
2018-04-03,2018-04-02,2018-03-30,0.037387315632011975,0.2,,1.1021260178025116,2705131.382054936,1801364.88897,8849522.506915063,8849522.506915063,0,False
2018-04-04,2018-04-03,2018-03-30,0.037387315632011975,0.2,,1.1030127375290832,2705390.7782148593,1801364.88897,8775865.11075514,8775865.11075514,0,False
2018-04-09,2018-04-04,2018-03-30,0.037387315632011975,0.2,,1.102465793596822,2706687.8833824964,1801364.88897,8835368.005587503,8835368.005587503,0,False
2018-04-10,2018-04-09,2018-03-30,0.037387315632011975,0.2,,1.1004728610511987,2706947.4287959714,1801364.88897,9013205.460174028,9013205.460174028,0,False
2018-04-11,2018-04-10,2018-03-30,0.037387315632011975,0.2,,1.1011615076214372,2707206.9990973626,1801364.88897,8954414.889872637,8954414.889872637,0,False
2018-04-12,2018-04-11,2018-03-30,0.037387315632011975,0.2,,1.1030123144978328,2707466.594289057,1801364.88897,8796052.294680942,8796052.294680942,0,False
2018-04-13,2018-04-12,2018-03-30,0.037387315632011975,0.2,,1.1012328233439785,2707726.214373441,1801364.88897,8953235.67459656,8953235.67459656,0,False
2018-04-16,2018-04-13,2018-03-30,0.037387315632011975,0.2,,1.1049979741739355,2708505.1493118224,1801364.88897,8639597.739658179,8639597.739658179,0,False
2018-04-17,2018-04-16,2018-03-30,0.037387315632011975,0.2,,1.1060481798015915,2708764.8689836743,1801364.88897,8556488.019986324,8556488.019986324,0,False
2018-04-18,2018-04-17,2018-03-30,0.037387315632011975,0.2,,1.1052219869361029,2709024.6135601522,1801364.88897,8626141.275409847,8626141.275409847,0,False
2018-04-19,2018-04-18,2018-03-30,0.037387315632011975,0.2,,1.1042361688359954,2709284.3830436445,1801364.88897,8710215.505926354,8710215.505926354,0,False
2018-04-20,2018-04-19,2018-03-30,0.037387315632011975,0.2,,1.1064980685425625,2709544.177436539,1801364.88897,8527659.71153346,8527659.71153346,0,False
2018-04-23,2018-04-20,2018-03-30,0.037387315632011975,0.2,,1.1061853893541709,2710323.635350596,1801364.88897,8560111.253619403,8560111.253619403,0,False
2018-04-24,2018-04-23,2018-03-30,0.037387315632011975,0.2,,1.1026514284782138,2710583.5293978215,1801364.88897,8857340.359572178,8857340.359572178,0,False
2018-04-25,2018-04-24,2018-03-30,0.037387315632011975,0.2,,1.1036804184745916,2710843.448366394,1801364.88897,8771941.440603605,8771941.440603605,0,False
2018-04-26,2018-04-25,2018-03-30,0.037387315632011975,0.2,,1.1050975957021831,2711103.392258703,1801364.88897,8656130.496711299,8656130.496711299,0,False
2018-04-27,2018-04-26,2018-03-30,0.037387315632011975,0.2,,1.1042277980471833,2711363.3610771387,1801364.88897,8730861.52789286,8730861.52789286,0,False
2018-05-02,2018-04-27,2018-04-27,0.04212893563579278,0.26666666666666666,,1.1051492269039491,2712663.329811902,1801364.88897,8666715.559158098,8666715.559158098,0,False
2018-05-03,2018-05-02,2018-04-27,0.04212893563579278,0.26666666666666666,,1.1549864256073703,2712923.4482133905,1369389.37689,8668720.928676609,8668720.928676609,0,False
2018-05-04,2018-05-03,2018-04-27,0.04212893563579278,0.26666666666666666,,1.234495142527656,2713183.59155774,673992.89169,8696089.300132262,8696089.300132262,0,False
2018-05-07,2018-05-04,2018-04-27,0.04212893563579278,0.26666666666666666,,1.293945596395214,2713964.0964265442,100506.81516000006,8890955.718733454,8890955.718733454,0,False
2018-05-08,2018-05-07,2018-04-27,0.04212893563579278,0.26666666666666666,,1.338557709161343,3062646.901199078,0.0,9046159.098800922,9046159.098800922,0,False
2018-05-09,2018-05-08,2018-04-27,0.04212893563579278,0.26666666666666666,,1.3896632260604525,3512990.079669056,0.0,9015451.920330944,9015451.920330944,0,False
2018-05-10,2018-05-09,2018-04-27,0.04212893563579278,0.26666666666666666,,1.4232066906309233,3834207.2346814903,0.0,9059892.76531851,9059892.76531851,0,False
2018-05-11,2018-05-10,2018-04-27,0.04212893563579278,0.26666666666666666,,1.4329419737429943,3834574.8983889255,0.0,8857018.101611074,8857018.101611074,0,False
2018-05-14,2018-05-11,2018-04-27,0.04212893563579278,0.26666666666666666,,1.445293418552296,4018634.118237503,0.0,9024687.881762497,9024687.881762497,0,False
2018-05-15,2018-05-14,2018-04-27,0.04212893563579278,0.26666666666666666,,1.4450375920849177,4019019.466714594,0.0,9030741.533285405,9030741.533285405,0,False
2018-05-16,2018-05-15,2018-04-27,0.04212893563579278,0.26666666666666666,,1.4447875776532535,4019404.852142909,0.0,9036684.14785709,9036684.14785709,0,False
2018-05-17,2018-05-16,2018-04-27,0.04212893563579278,0.26666666666666666,,1.4420248074478343,4019790.274525991,0.0,9094037.72547401,9094037.72547401,0,False
2018-05-18,2018-05-17,2018-04-27,0.04212893563579278,0.26666666666666666,,1.4396835168722417,4062985.161907384,0.0,9240703.838092616,9240703.838092616,0,False
2018-05-21,2018-05-18,2018-04-27,0.04212893563579278,0.26666666666666666,,1.441096903799169,4064153.9658580697,0.0,9213744.03414193,9213744.03414193,0,False
2018-05-22,2018-05-21,2018-04-27,0.04212893563579278,0.26666666666666666,,1.4423381516103901,4064543.679252056,0.0,9188770.320747944,9188770.320747944,0,False
2018-05-23,2018-05-22,2018-04-27,0.04212893563579278,0.26666666666666666,,1.4612929860168749,4064933.4300158196,0.0,8812042.56998418,8812042.56998418,0,False
2018-05-24,2018-05-23,2018-04-27,0.04212893563579278,0.26666666666666666,,1.4653516656628667,4065323.2181529445,0.0,8736023.781847056,8736023.781847056,0,False
2018-05-25,2018-05-24,2018-04-27,0.04212893563579278,0.26666666666666666,,1.4604154274399987,4065713.0436670138,89.14999999999999,8830338.106332988,8830338.106332988,0,False
2018-05-28,2018-05-25,2018-04-27,0.04212893563579278,0.26666666666666666,,1.4557127131393715,4077022.5845908085,0.0,8946475.415409192,8946475.415409192,0,False
2018-05-29,2018-05-28,2018-04-27,0.04212893563579278,0.26666666666666666,,1.4628340410791945,4077413.5319619337,0.0,8809666.468038067,8809666.468038067,0,False
2018-05-30,2018-05-29,2018-04-27,0.04212893563579278,0.26666666666666666,,1.480025516838897,4077804.516821163,0.0,8494974.483178837,8494974.483178837,0,False
2018-05-31,2018-05-30,2018-04-27,0.04212893563579278,0.26666666666666666,,1.4804155596874602,4311053.150692091,0.0,8973591.84930791,8973591.84930791,0,False
2018-06-01,2018-05-31,2018-05-31,0.04355227490039841,0.3,,1.480920831749609,4311466.539350376,0.0,8965023.460649624,8965023.460649624,0,False
2018-06-04,2018-06-01,2018-05-31,0.04355227490039841,0.3,,1.4645501654686999,4312706.824245258,0.0,9283619.17575474,9283619.17575474,0,False
2018-06-05,2018-06-04,2018-05-31,0.04355227490039841,0.3,,1.46070085270683,4313120.37147498,0.0,9362084.628525019,9362084.628525019,0,False
2018-06-06,2018-06-05,2018-05-31,0.04355227490039841,0.3,,1.4575465619634875,4313533.958359917,0.0,9427530.041640084,9427530.041640084,0,False
2018-06-07,2018-06-06,2018-05-31,0.04355227490039841,0.3,,1.4525585022972383,4313947.584903869,0.0,9532353.41509613,9532353.41509613,0,False
2018-06-08,2018-06-07,2018-05-31,0.04355227490039841,0.3,,1.463029123142249,4314361.25111064,0.0,9317688.74888936,9317688.74888936,0,False
2018-06-11,2018-06-08,2018-05-31,0.04355227490039841,0.3,,1.4541248070297583,4315602.368730823,0.0,9503119.631269177,9503119.631269177,0,False
2018-06-12,2018-06-11,2018-05-31,0.04355227490039841,0.3,,1.4719174007845683,4859459.965855496,0.0,10297268.034144504,10297268.034144504,0,False
2018-06-13,2018-06-12,2018-05-31,0.04355227490039841,0.3,,1.4726504260924709,4859925.94146866,0.0,10282284.05853134,10282284.05853134,0,False
2018-06-14,2018-06-13,2018-05-31,0.04355227490039841,0.3,,1.485518087756446,4860391.961764417,0.0,10010733.038235582,10010733.038235582,0,False
2018-06-15,2018-06-14,2018-05-31,0.04355227490039841,0.3,,1.4764149730851206,4860858.026747052,30570.0,10138824.973252948,10138824.973252948,0,False
2018-06-19,2018-06-15,2018-05-31,0.04355227490039841,0.3,,1.5149762230814523,4862722.465442242,30570.0,9383253.534557758,9383253.534557758,0,False
2018-06-20,2018-06-19,2018-05-31,0.04355227490039841,0.3,,1.5419588104770685,5095494.368537833,0.0,9401995.631462168,9401995.631462168,0,False
2018-06-21,2018-06-20,2018-05-31,0.04355227490039841,0.3,,1.5314270339875555,5095982.977586871,0.0,9589243.022413129,9589243.022413129,0,False
2018-06-22,2018-06-21,2018-05-31,0.04355227490039841,0.3,,1.5179757278908235,5096471.633488831,0.0,9839209.36651117,9839209.36651117,0,False
2018-06-25,2018-06-22,2018-05-31,0.04355227490039841,0.3,,1.542485972041216,5097937.7417669585,0.0,9397363.25823304,9397363.25823304,0,False
2018-06-26,2018-06-25,2018-05-31,0.04355227490039841,0.3,,1.5694197094177125,5098426.5851120595,0.0,8953723.41488794,8953723.41488794,0,False
2018-06-27,2018-06-26,2018-05-31,0.04355227490039841,0.3,,1.6655557328726383,5876887.042792549,0.0,8830044.95720745,8830044.95720745,0,False
2018-06-28,2018-06-27,2018-05-31,0.04355227490039841,0.3,,1.6845018266368204,5877450.579906242,0.0,8586464.420093756,8586464.420093756,0,False
2018-06-29,2018-06-28,2018-05-31,0.04355227490039841,0.3,,1.665982358569579,6039299.91053774,0.0,9068258.08946226,9068258.08946226,0,False
2018-07-02,2018-06-29,2018-06-29,0.0499180050804403,0.4666666666666667,,1.7066920332623505,6041037.243388717,0.0,8548330.756611284,8548330.756611284,0,False
2018-07-03,2018-07-02,2018-06-29,0.0499180050804403,0.4666666666666667,,1.7222829818278909,6041616.520932604,0.0,8364611.479067396,8364611.479067396,0,False
2018-07-04,2018-07-03,2018-06-29,0.0499180050804403,0.4666666666666667,,1.7558019232289794,6042195.854023652,0.0,7994417.145976348,7994417.145976348,0,False
2018-07-05,2018-07-04,2018-06-29,0.0499180050804403,0.4666666666666667,,1.7721164289603502,6042775.242667189,0.0,7826248.757332811,7826248.757332811,0,False
2018-07-06,2018-07-05,2018-06-29,0.0499180050804403,0.4666666666666667,,1.7515052790738381,6043354.686868541,0.0,8041666.313131459,8041666.313131459,0,False
2018-07-09,2018-07-06,2018-06-29,0.0499180050804403,0.4666666666666667,,1.7152965333825425,6045093.186162024,0.0,8451170.813837975,8451170.813837975,0,False
2018-07-10,2018-07-09,2018-06-29,0.0499180050804403,0.4666666666666667,,1.6882502562511745,6016705.452631929,0.0,8742031.547368072,8742031.547368072,0,False
2018-07-11,2018-07-10,2018-06-29,0.0499180050804403,0.4666666666666667,,1.69697167739331,6017282.396990401,0.0,8633467.6030096,8633467.6030096,0,False
2018-07-12,2018-07-11,2018-06-29,0.0499180050804403,0.4666666666666667,,1.6849183414847622,6017859.396672304,0.0,8786243.603327695,8786243.603327695,0,False
2018-07-13,2018-07-12,2018-06-29,0.0499180050804403,0.4666666666666667,,1.6828859129011324,6018436.451682944,0.0,8813238.548317056,8813238.548317056,0,False
2018-07-16,2018-07-13,2018-06-29,0.0499180050804403,0.4666666666666667,,1.6862982358859964,6020167.7827169895,0.0,8771941.21728301,8771941.21728301,0,False
2018-07-17,2018-07-16,2018-06-29,0.0499180050804403,0.4666666666666667,,1.683267610001774,6020745.059079716,0.0,8811693.940920284,8811693.940920284,0,False
2018-07-18,2018-07-17,2018-06-29,0.0499180050804403,0.4666666666666667,,1.7006292484762935,6021322.39079771,0.0,8594163.60920229,8594163.60920229,0,False
2018-07-19,2018-07-18,2018-06-29,0.0499180050804403,0.4666666666666667,,1.6944982211244175,6021899.777876279,0.0,8670864.22212372,8670864.22212372,0,False
2018-07-20,2018-07-19,2018-06-29,0.0499180050804403,0.4666666666666667,,1.6754751918975785,6022477.220320733,0.0,8915911.779679267,8915911.779679267,0,False
2018-07-23,2018-07-20,2018-06-29,0.0499180050804403,0.4666666666666667,,1.6564945723232327,6024209.713767675,0.0,9176328.286232326,9176328.286232326,0,False
2018-07-24,2018-07-23,2018-06-29,0.0499180050804403,0.4666666666666667,,1.6108033384616691,6024787.377712831,0.0,9863710.62228717,9863710.62228717,0,False
2018-07-25,2018-07-24,2018-06-29,0.0499180050804403,0.4666666666666667,,1.6106638406872673,6025365.09705042,0.0,9866909.902949579,9866909.902949579,0,False
2018-07-26,2018-07-25,2018-06-29,0.0499180050804403,0.4666666666666667,,1.6253800643426424,6025942.871785753,0.0,9635649.128214248,9635649.128214248,0,False
2018-07-27,2018-07-26,2018-06-29,0.0499180050804403,0.4666666666666667,,1.6308954753092058,6026520.701924143,0.0,9552328.298075857,9552328.298075857,0,False
2018-07-30,2018-07-27,2018-06-29,0.0499180050804403,0.4666666666666667,,1.610621197517735,6028254.3585644225,0.0,9872330.641435578,9872330.641435578,0,False
2018-07-31,2018-07-30,2018-06-29,0.0499180050804403,0.4666666666666667,,1.5983400402873953,6028832.41035223,171250.0,9789721.58964777,9789721.58964777,0,False
2018-08-01,2018-07-31,2018-07-31,0.049010296730930436,0.45,,1.6141200796572577,6029410.517569661,171250.0,9539112.482430339,9539112.482430339,0,False
2018-08-02,2018-08-01,2018-07-31,0.049010296730930436,0.45,,1.6369422879459807,6029988.680222031,171250.0,9198225.31977797,9198225.31977797,0,False
2018-08-03,2018-08-02,2018-07-31,0.049010296730930436,0.45,,1.6690746452668261,5859316.898314655,0.0,8757344.101685345,8757344.101685345,0,False
2018-08-06,2018-08-03,2018-07-31,0.049010296730930436,0.45,,1.6713092965734662,5861002.455230609,0.0,8730703.544769391,8730703.544769391,0,False
2018-08-07,2018-08-06,2018-07-31,0.049010296730930436,0.45,,1.665573344833818,6216383.494964671,0.0,9339892.50503533,9339892.50503533,0,False
2018-08-08,2018-08-07,2018-07-31,0.049010296730930436,0.45,,1.6724054368995105,6216979.586532681,0.0,9245879.413467318,9245879.413467318,0,False
2018-08-09,2018-08-08,2018-07-31,0.049010296730930436,0.45,,1.6659649476829963,6257493.134380157,0.0,9396129.865619842,9396129.865619842,0,False
2018-08-10,2018-08-09,2018-07-31,0.049010296730930436,0.45,,1.6662799021528936,6258093.167968385,0.0,9392588.832031615,9392588.832031615,0,False
2018-08-13,2018-08-10,2018-07-31,0.049010296730930436,0.45,,1.6725167020808593,6259893.441345472,0.0,9308160.558654528,9308160.558654528,0,False
2018-08-14,2018-08-13,2018-07-31,0.049010296730930436,0.45,,1.6740065330777276,6260493.705100122,0.0,9288476.294899877,9288476.294899877,0,False
2018-08-15,2018-08-14,2018-07-31,0.049010296730930436,0.45,,1.714388947080491,6261094.02641431,0.0,8764264.973585691,8764264.973585691,0,False
2018-08-16,2018-08-15,2018-07-31,0.049010296730930436,0.45,,1.7204259691452992,6261694.405293555,0.0,8691655.594706446,8691655.594706446,0,False
2018-08-17,2018-08-16,2018-07-31,0.049010296730930436,0.45,,1.7531203925178194,6262294.841743378,0.0,8315131.158256622,8315131.158256622,0,False
2018-08-20,2018-08-17,2018-07-31,0.049010296730930436,0.45,,1.7284017003327883,6264096.3238211395,0.0,8599782.676178861,8599782.676178861,0,False
2018-08-21,2018-08-20,2018-07-31,0.049010296730930436,0.45,,1.7084196878875346,6264696.990591917,0.0,8843200.009408083,8843200.009408083,0,False
2018-08-22,2018-08-21,2018-07-31,0.049010296730930436,0.45,,1.7050661536702763,6265297.714960878,0.0,8886113.285039123,8886113.285039123,0,False
2018-08-23,2018-08-22,2018-07-31,0.049010296730930436,0.45,,1.7144581657206852,6265898.496933545,0.0,8770140.503066454,8770140.503066454,0,False
2018-08-24,2018-08-23,2018-07-31,0.049010296730930436,0.45,,1.713771964360119,6266499.3365154425,0.0,8779413.663484558,8779413.663484558,0,False
2018-08-27,2018-08-24,2018-07-31,0.049010296730930436,0.45,,1.681550089371466,6268302.028105399,0.0,9197125.971894601,9197125.971894601,0,False
2018-08-28,2018-08-27,2018-07-31,0.049010296730930436,0.45,,1.6863832731363957,6268903.098162889,0.0,9133239.90183711,9133239.90183711,0,False
2018-08-29,2018-08-28,2018-07-31,0.049010296730930436,0.45,,1.6884994677005973,6269504.225857233,0.0,9106040.774142768,9106040.774142768,0,False
2018-08-30,2018-08-29,2018-07-31,0.049010296730930436,0.45,,1.6938166483186985,6270105.4111939585,0.0,9037121.58880604,9037121.58880604,0,False
2018-08-31,2018-08-30,2018-07-31,0.049010296730930436,0.45,,1.6936371233368026,6270706.654178593,0.0,9040327.345821407,9040327.345821407,0,False
2018-09-03,2018-08-31,2018-08-31,0.05442032551848513,0.5666666666666667,,1.694659997320842,6272510.556092809,0.0,9029612.44390719,9029612.44390719,0,False
2018-09-04,2018-09-03,2018-08-31,0.05442032551848513,0.5666666666666667,,1.6900819569297298,6273112.029707776,0.0,9090386.970292224,9090386.970292224,0,False
2018-09-05,2018-09-04,2018-08-31,0.05442032551848513,0.5666666666666667,,1.7293253142814144,6273713.560998296,0.0,8602078.439001704,8602078.439001704,0,False
2018-09-06,2018-09-05,2018-08-31,0.05442032551848513,0.5666666666666667,,1.7472264170485026,6274315.149969899,0.0,8396805.850030102,8396805.850030102,0,False
2018-09-07,2018-09-06,2018-08-31,0.05442032551848513,0.5666666666666667,,1.7324888934718752,6274916.796628116,0.0,8566569.203371884,8566569.203371884,0,False
2018-09-10,2018-09-07,2018-08-31,0.05442032551848513,0.5666666666666667,,1.7727405435282797,6276721.9096792005,0.0,8122677.0903207995,8122677.0903207995,0,False
2018-09-11,2018-09-10,2018-08-31,0.05442032551848513,0.5666666666666667,,1.8031423439994319,6277323.787122594,0.0,7815954.212877406,7815954.212877406,0,False
2018-09-12,2018-09-11,2018-08-31,0.05442032551848513,0.5666666666666667,,1.7977082326221232,6277925.722280264,0.0,7869952.277719736,7869952.277719736,0,False
2018-09-13,2018-09-12,2018-08-31,0.05442032551848513,0.5666666666666667,,1.7789226082072624,6278527.715157743,0.0,8060528.284842257,8060528.284842257,0,False
2018-09-14,2018-09-13,2018-08-31,0.05442032551848513,0.5666666666666667,,1.7656657150298898,6279129.765760566,0.0,8200876.234239434,8200876.234239434,0,False
2018-09-17,2018-09-14,2018-08-31,0.05442032551848513,0.5666666666666667,,1.78219327951469,6280936.0907616755,0.0,8029902.9092383245,8029902.9092383245,0,False
2018-09-18,2018-09-17,2018-08-31,0.05442032551848513,0.5666666666666667,,1.7331283074896957,6281538.372304625,0.0,8568129.627695374,8568129.627695374,0,False
2018-09-19,2018-09-18,2018-08-31,0.05442032551848513,0.5666666666666667,,1.7173505196012773,6282140.711600599,0.0,8757421.288399402,8757421.288399402,0,False
2018-09-20,2018-09-19,2018-08-31,0.05442032551848513,0.5666666666666667,,1.7093747182349999,6282743.108655136,0.0,8856733.891344864,8856733.891344864,0,False
2018-09-21,2018-09-20,2018-08-31,0.05442032551848513,0.5666666666666667,,1.6725119010196394,6283345.563473774,0.0,9343099.436526226,9343099.436526226,0,False
2018-09-25,2018-09-21,2018-08-31,0.05442032551848513,0.5666666666666667,,1.6820648325828942,6285755.613826888,0.0,9215774.386173112,9215774.386173112,0,False
2018-09-26,2018-09-25,2018-08-31,0.05442032551848513,0.5666666666666667,,1.6721678709069252,6286358.357515885,0.0,9352363.642484115,9352363.642484115,0,False
2018-09-27,2018-09-26,2018-08-31,0.05442032551848513,0.5666666666666667,,1.6676988891159343,6286961.159002222,0.0,9415862.840997778,9415862.840997778,0,False
2018-09-28,2018-09-27,2018-08-31,0.05442032551848513,0.5666666666666667,,1.6698810005724993,6287564.018291442,0.0,9386090.981708558,9386090.981708558,0,False
2018-10-08,2018-09-28,2018-09-28,0.05020278583765112,0.5166666666666667,,1.7171042027474455,6293593.189267886,0.0,8776399.810732115,8776399.810732115,0,False
2018-10-09,2018-10-08,2018-09-28,0.05020278583765112,0.5166666666666667,,1.709145067553552,6294196.684505213,0.0,8875753.315494787,8875753.315494787,0,False
2018-10-10,2018-10-09,2018-09-28,0.05020278583765112,0.5166666666666667,,1.698745493241959,6294800.237611947,0.0,9008716.762388054,9008716.762388054,0,False
2018-10-11,2018-10-10,2018-09-28,0.05020278583765112,0.5166666666666667,,1.7604876827561158,6295403.8485936355,0.0,8278114.1514063645,8278114.1514063645,0,False
2018-10-12,2018-10-11,2018-09-28,0.05020278583765112,0.5166666666666667,,1.7234782404451938,6296007.517455829,0.0,8702414.48254417,8702414.48254417,0,False
2018-10-15,2018-10-12,2018-09-28,0.05020278583765112,0.5166666666666667,,1.7610321996278329,6297818.697700577,0.0,8275364.302299423,8275364.302299423,0,False
2018-10-16,2018-10-15,2018-09-28,0.05020278583765112,0.5166666666666667,,1.7800410905530792,6298422.5981236445,0.0,8074475.4018763555,8074475.4018763555,0,False
2018-10-17,2018-10-16,2018-09-28,0.05020278583765112,0.5166666666666667,,1.7701706429937825,6299026.556454971,0.0,8178741.443545029,8178741.443545029,0,False
2018-10-18,2018-10-17,2018-09-28,0.05020278583765112,0.5166666666666667,,1.8042458283421579,6299630.572700111,0.0,7832966.427299889,7832966.427299889,0,False
2018-10-19,2018-10-18,2018-09-28,0.05020278583765112,0.5166666666666667,,1.776261090601252,6300234.646864616,0.0,8116128.353135384,8116128.353135384,0,False
2018-10-22,2018-10-19,2018-09-28,0.05020278583765112,0.5166666666666667,,1.6770665210640363,5868946.395782893,0.0,8668197.604217108,8668197.604217108,0,False
2018-10-23,2018-10-22,2018-09-28,0.05020278583765112,0.5166666666666667,,1.7129869570967424,5746209.17146468,0.0,8059346.82853532,8059346.82853532,0,False
2018-10-24,2018-10-23,2018-09-28,0.05020278583765112,0.5166666666666667,,1.7021731081235605,5582316.5496635875,0.0,7950057.4503364125,7950057.4503364125,0,False
2018-10-25,2018-10-24,2018-09-28,0.05020278583765112,0.5166666666666667,,1.7303325271054915,5582851.840291637,0.0,7644260.159708363,7644260.159708363,0,False
2018-10-26,2018-10-25,2018-09-28,0.05020278583765112,0.5166666666666667,,1.7172871178329554,5583387.182248925,0.0,7784033.817751075,7784033.817751075,0,False
2018-10-29,2018-10-26,2018-09-28,0.05020278583765112,0.5166666666666667,,1.750255823934083,5584993.3621232705,0.0,7444118.6378767295,7444118.6378767295,0,False
2018-10-30,2018-10-29,2018-09-28,0.05020278583765112,0.5166666666666667,,1.7516956758311968,5585528.909431967,0.0,7430572.090568033,7430572.090568033,0,False
2018-10-31,2018-10-30,2018-09-28,0.05020278583765112,0.5166666666666667,,1.723274736017685,5586064.508094516,0.0,7723295.491905484,7723295.491905484,0,False
2018-11-01,2018-10-31,2018-10-31,0.05925362264150944,0.7,,1.7051962010366417,5586600.15811584,0.0,7922050.84188416,7922050.84188416,0,False
2018-11-02,2018-11-01,2018-10-31,0.05925362264150944,0.7,,1.6747279132154786,5587135.8595008645,0.0,8280576.1404991355,8280576.1404991355,0,False
2018-11-05,2018-11-02,2018-10-31,0.05925362264150944,0.7,,1.6858112638385496,5588743.117761817,0.0,8149097.882238183,8149097.882238183,0,False
2018-11-06,2018-11-05,2018-10-31,0.05925362264150944,0.7,,1.6900827553777018,5589279.024636122,0.0,8099432.975363878,8099432.975363878,0,False
2018-11-07,2018-11-06,2018-10-31,0.05925362264150944,0.7,,1.692663468543903,5589814.982898759,0.0,8070030.017101241,8070030.017101241,0,False
2018-11-08,2018-11-07,2018-10-31,0.05925362264150944,0.7,,1.690713816857678,5590350.992554653,0.0,8093585.007445347,8093585.007445347,0,False
2018-11-09,2018-11-08,2018-10-31,0.05925362264150944,0.7,,1.7183153811396856,5590887.053608734,0.0,7783331.946391266,7783331.946391266,0,False
2018-11-12,2018-11-09,2018-10-31,0.05925362264150944,0.7,,1.7036316057705299,5592495.39098032,0.0,7948044.60901968,7948044.60901968,0,False
2018-11-13,2018-11-12,2018-10-31,0.05925362264150944,0.7,,1.7003392464505784,5591212.588411647,0.0,7983577.411588353,7983577.411588353,0,False
2018-11-14,2018-11-13,2018-10-31,0.05925362264150944,0.7,,1.703809191607972,5591748.732084508,0.0,7944978.267915492,7944978.267915492,0,False
2018-11-15,2018-11-14,2018-10-31,0.05925362264150944,0.7,,1.693452708508281,5592284.927168407,0.0,8064407.072831593,8064407.072831593,0,False
2018-11-16,2018-11-15,2018-10-31,0.05925362264150944,0.7,,1.706815878680557,5592821.173668272,0.0,7912698.826331728,7912698.826331728,0,False
2018-11-19,2018-11-16,2018-10-31,0.05925362264150944,0.7,,1.7067564225168297,5594430.06743056,0.0,7915640.93256944,7915640.93256944,0,False
2018-11-20,2018-11-19,2018-10-31,0.05925362264150944,0.7,,1.7269547985245473,5594966.519628806,0.0,7696443.480371194,7696443.480371194,0,False
2018-11-21,2018-11-20,2018-10-31,0.05925362264150944,0.7,,1.7329647889332476,5595503.023267674,0.0,7634067.976732326,7634067.976732326,0,False
2018-11-22,2018-11-21,2018-10-31,0.05925362264150944,0.7,,1.7327946714010896,5596039.578352097,0.0,7636572.421647903,7636572.421647903,0,False
2018-11-23,2018-11-22,2018-10-31,0.05925362264150944,0.7,,1.7587677835068127,5596576.184887008,0.0,7375874.815112992,7375874.815112992,0,False
2018-11-26,2018-11-23,2018-10-31,0.05925362264150944,0.7,,1.7513247769368359,5598186.158858003,0.0,7451086.841141997,7451086.841141997,0,False
2018-11-27,2018-11-26,2018-10-31,0.05925362264150944,0.7,,1.7583606935179787,5598722.9712294005,0.0,7382665.0287705995,7382665.0287705995,0,False
2018-11-28,2018-11-27,2018-10-31,0.05925362264150944,0.7,,1.7487947773728292,5599259.835075957,0.0,7477696.164924043,7477696.164924043,0,False
2018-11-29,2018-11-28,2018-10-31,0.05925362264150944,0.7,,1.7573424053679023,5599796.750402608,0.0,7394009.249597392,7394009.249597392,0,False
2018-11-30,2018-11-29,2018-10-31,0.05925362264150944,0.7,,1.7471383976695778,5600333.71721429,0.0,7495711.28278571,7495711.28278571,0,False
2018-12-03,2018-11-30,2018-11-30,0.06223544061302683,0.75,,1.716558485837514,5601944.772119242,0.0,7817847.227880758,7817847.227880758,0,False
2018-12-04,2018-12-03,2018-11-30,0.06223544061302683,0.75,,1.7178987577336513,5602481.94490561,0.0,7804000.05509439,7804000.05509439,0,False
2018-12-05,2018-12-04,2018-11-30,0.06223544061302683,0.75,,1.7336243501865387,5603019.169201696,0.0,7637449.830798304,7637449.830798304,0,False
2018-12-06,2018-12-05,2018-11-30,0.06223544061302683,0.75,,1.752599760923055,5603556.445012442,0.0,7445599.554987558,7445599.554987558,0,False
2018-12-07,2018-12-06,2018-11-30,0.06223544061302683,0.75,,1.7491747186614857,5604093.772342785,0.0,7480356.227657215,7480356.227657215,0,False
2018-12-10,2018-12-07,2018-11-30,0.06223544061302683,0.75,,1.7676242534041413,5605705.908907432,0.0,7302669.091092568,7302669.091092568,0,False
2018-12-11,2018-12-10,2018-11-30,0.06223544061302683,0.75,,1.7653368251476713,5606243.442350752,0.0,7325197.557649248,7325197.557649248,0,False
2018-12-12,2018-12-11,2018-11-30,0.06223544061302683,0.75,,1.7585345638581271,5606781.027338374,0.0,7391595.972661626,7391595.972661626,0,False
2018-12-13,2018-12-12,2018-11-30,0.06223544061302683,0.75,,1.725917487776345,5607318.663875243,0.0,7724457.336124757,7724457.336124757,0,False
2018-12-14,2018-12-13,2018-11-30,0.06223544061302683,0.75,,1.7395472468122704,5607856.351966299,0.0,7582823.648033701,7582823.648033701,0,False
2018-12-17,2018-12-14,2018-11-30,0.06223544061302683,0.75,,1.7260686624838542,5609469.570916865,0.0,7725811.429083135,7725811.429083135,0,False
2018-12-18,2018-12-17,2018-11-30,0.06223544061302683,0.75,,1.7444110942314925,5610007.465259282,0.0,7536168.534740718,7536168.534740718,0,False
2018-12-19,2018-12-18,2018-11-30,0.06223544061302683,0.75,,1.7524569784101158,5610545.411180608,0.0,7456300.588819392,7456300.588819392,0,False
2018-12-20,2018-12-19,2018-11-30,0.06223544061302683,0.75,,1.7638671221667401,5611083.408685789,0.0,7345627.591314211,7345627.591314211,0,False
2018-12-21,2018-12-20,2018-11-30,0.06223544061302683,0.75,,1.7746042188100597,5611621.457779773,0.0,7244501.542220227,7244501.542220227,0,False
2018-12-24,2018-12-21,2018-11-30,0.06223544061302683,0.75,,1.7747509388310716,5613235.7598429695,0.0,7245213.2401570305,7245213.2401570305,0,False
2018-12-25,2018-12-24,2018-11-30,0.06223544061302683,0.75,,1.796206030153237,5613774.01532679,0.0,7050654.98467321,7050654.98467321,0,False
2018-12-26,2018-12-25,2018-11-30,0.06223544061302683,0.75,,1.8022197675548572,5614312.32242415,0.0,6998471.67757585,6998471.67757585,0,False
2018-12-27,2018-12-26,2018-11-30,0.06223544061302683,0.75,,1.8014105237499645,5614850.681139999,0.0,7006210.318860001,7006210.318860001,0,False
2018-12-28,2018-12-27,2018-11-30,0.06223544061302683,0.75,,1.7962225741342668,5615389.091479287,0.0,7052536.908520713,7052536.908520713,0,False
2019-01-02,2018-12-28,2018-12-28,0.06679302775024776,0.7833333333333333,,1.8182370306570288,5618081.401317667,0.0,6866080.598682333,6866080.598682333,0,False
2019-01-03,2019-01-02,2018-12-28,0.06679302775024776,0.7833333333333333,,1.836997121349703,5618620.12145204,0.0,6712830.87854796,6712830.87854796,0,False
2019-01-04,2019-01-03,2018-12-28,0.06679302775024776,0.7833333333333333,,1.816742116067243,5619158.893244508,0.0,6879967.106755492,6879967.106755492,0,False
2019-01-07,2019-01-04,2018-12-28,0.06679302775024776,0.7833333333333333,,1.7988675914848127,5620775.363611057,0.0,7035928.636388943,7035928.636388943,0,False
2019-01-08,2019-01-07,2018-12-28,0.06679302775024776,0.7833333333333333,,1.8000601492784594,5621314.342070581,0.0,7026114.657929419,7026114.657929419,0,False
2019-01-09,2019-01-08,2018-12-28,0.06679302775024776,0.7833333333333333,,1.7840027021085854,5621853.372212972,0.0,7170706.627787028,7170706.627787028,0,False
2019-01-10,2019-01-09,2018-12-28,0.06679302775024776,0.7833333333333333,,1.7778297226974096,5622392.4540431835,0.0,7228307.5459568165,7228307.5459568165,0,False
2019-01-11,2019-01-10,2018-12-28,0.06679302775024776,0.7833333333333333,,1.7646876801071076,5622931.587566174,0.0,7353239.412433826,7353239.412433826,0,False
2019-01-14,2019-01-11,2018-12-28,0.06679302775024776,0.7833333333333333,,1.755953561176373,5624549.14322835,0.0,7440336.85677165,7440336.85677165,0,False
2019-01-15,2019-01-14,2018-12-28,0.06679302775024776,0.7833333333333333,,1.7334222255119356,5625088.483557153,0.0,7669645.516442847,7669645.516442847,0,False
2019-01-16,2019-01-15,2018-12-28,0.06679302775024776,0.7833333333333333,,1.732235608101773,5625627.875603521,0.0,7682811.124396479,7682811.124396479,0,False
2019-01-17,2019-01-16,2018-12-28,0.06679302775024776,0.7833333333333333,,1.7216611243713802,5626167.319372415,0.0,7796134.680627585,7796134.680627585,0,False
2019-01-18,2019-01-17,2018-12-28,0.06679302775024776,0.7833333333333333,,1.7125066031495504,5626706.814868793,0.0,7897059.185131207,7897059.185131207,0,False
2019-01-21,2019-01-18,2018-12-28,0.06679302775024776,0.7833333333333333,,1.704602381919606,5628325.456555262,0.0,7987945.543444738,7987945.543444738,0,False
2019-01-22,2019-01-21,2018-12-28,0.06679302775024776,0.7833333333333333,,1.7260094532368067,5628865.158996302,0.0,7753156.841003698,7753156.841003698,0,False
2019-01-23,2019-01-22,2018-12-28,0.06679302775024776,0.7833333333333333,,1.7110037442746946,5629404.91318963,0.0,7917546.08681037,7917546.08681037,0,False
2019-01-24,2019-01-23,2018-12-28,0.06679302775024776,0.7833333333333333,,1.7120739743563904,5629944.71914021,0.0,7906404.28085979,7906404.28085979,0,False
2019-01-25,2019-01-24,2018-12-28,0.06679302775024776,0.7833333333333333,,1.686151233066156,5630484.576853004,0.0,8205894.423146996,8205894.423146996,0,False
2019-01-28,2019-01-25,2018-12-28,0.06679302775024776,0.7833333333333333,,1.680294757477015,5632104.305292921,0.0,8278917.694707079,8278917.694707079,0,False
2019-01-29,2019-01-28,2018-12-28,0.06679302775024776,0.7833333333333333,,1.6659210073860045,5668674.730339319,0.0,8512533.269660681,8512533.269660681,0,False
2019-01-30,2019-01-29,2018-12-28,0.06679302775024776,0.7833333333333333,,1.6748373924324778,5669218.301888804,0.0,8400865.698111195,8400865.698111195,0,False
2019-01-31,2019-01-30,2018-12-28,0.06679302775024776,0.7833333333333333,,1.665994510022307,5738439.479261588,0.0,8616346.520738412,8616346.520738412,0,False
2019-02-01,2019-01-31,2019-01-31,0.0620728696461825,0.75,,1.6657429379833288,5835432.348101517,0.0,8765293.651898483,8765293.651898483,0,False
2019-02-11,2019-02-01,2019-01-31,0.0620728696461825,0.75,,1.6657986470933697,5992748.655601341,0.0,9000842.344398659,9000842.344398659,0,False
2019-02-12,2019-02-11,2019-01-31,0.0620728696461825,0.75,,1.6658778960958065,6177351.543612701,0.0,9277003.4563873,9277003.4563873,0,False
2019-02-13,2019-02-12,2019-01-31,0.0620728696461825,0.75,,1.6659489467007462,6360299.949350855,0.0,9550732.050649144,9550732.050649144,0,False
2019-02-14,2019-02-13,2019-01-31,0.0620728696461825,0.75,,1.6659694665228624,6387606.10803682,0.0,9591439.89196318,9591439.89196318,0,False
2019-02-15,2019-02-14,2019-01-31,0.0620728696461825,0.75,,1.707776696328152,6388218.618211563,0.0,9025754.381788436,9025754.381788436,0,False
2019-02-18,2019-02-15,2019-01-31,0.0620728696461825,0.75,,1.6659711525752061,6583416.32327735,0.0,9885437.67672265,9885437.67672265,0,False
2019-02-19,2019-02-18,2019-01-31,0.0620728696461825,0.75,,1.6691345074330906,6584047.609774102,0.0,9839647.390225898,9839647.390225898,0,False
2019-02-20,2019-02-19,2019-01-31,0.0620728696461825,0.75,,1.6728561133303614,6584678.956805177,0.0,9786162.043194823,9786162.043194823,0,False
2019-02-21,2019-02-20,2019-01-31,0.0620728696461825,0.75,,1.6759635527257526,6585310.364376377,0.0,9742108.635623623,9742108.635623623,0,False
2019-02-22,2019-02-21,2019-01-31,0.0620728696461825,0.75,,1.6776178178011063,6585941.832493509,0.0,9719257.16750649,9719257.16750649,0,False
2019-02-25,2019-02-22,2019-01-31,0.0620728696461825,0.75,,1.665934722334587,6922074.672100117,0.0,10394524.327899883,10394524.327899883,0,False
2019-02-26,2019-02-25,2019-01-31,0.0620728696461825,0.75,,1.6854627042207029,6922738.4326851135,0.0,10099365.567314886,10099365.567314886,0,False
2019-02-27,2019-02-26,2019-01-31,0.0620728696461825,0.75,,1.6941722334677443,6923402.256918385,0.0,9973608.743081614,9973608.743081614,0,False
2019-02-28,2019-02-27,2019-01-31,0.0620728696461825,0.75,,1.6860756554817387,6924066.144806035,0.0,10092277.855193965,10092277.855193965,0,False
2019-03-01,2019-02-28,2019-02-28,0.05118773963515755,0.55,,1.6659736969707974,7129336.600594167,0.0,10705132.399405833,10705132.399405833,0,False
2019-03-04,2019-03-01,2019-02-28,0.05118773963515755,0.55,,1.665979657469457,7483888.276463653,0.0,11237412.723536346,11237412.723536346,0,False
2019-03-05,2019-03-04,2019-02-28,0.05118773963515755,0.55,,1.6659331954764103,7595498.106386053,0.0,11405795.893613946,11405795.893613946,0,False
2019-03-06,2019-03-05,2019-02-28,0.05118773963515755,0.55,,1.6681224373472616,7596226.441820912,0.0,11369512.558179088,11369512.558179088,0,False
2019-03-07,2019-03-06,2019-02-28,0.05118773963515755,0.55,,1.6892822586111573,7596954.847096155,0.0,11021544.152903844,11021544.152903844,0,False
2019-03-08,2019-03-07,2019-02-28,0.05118773963515755,0.55,,1.7291427558561536,7597683.32221848,0.0,10420021.67778152,10420021.67778152,0,False
2019-03-11,2019-03-08,2019-02-28,0.05118773963515755,0.55,,1.7158812349945154,7599868.957146789,0.0,10616103.04285321,10616103.04285321,0,False
2019-03-12,2019-03-11,2019-02-28,0.05118773963515755,0.55,,1.702437081066858,7600597.711704324,0.0,10820325.288295675,10820325.288295675,0,False
2019-03-13,2019-03-12,2019-02-28,0.05118773963515755,0.55,,1.7200162659440328,7601326.536142433,0.0,10557159.463857567,10557159.463857567,0,False
2019-03-14,2019-03-13,2019-02-28,0.05118773963515755,0.55,,1.7143806953974015,7602055.430467817,0.0,10641462.569532182,10641462.569532182,0,False
2019-03-15,2019-03-14,2019-02-28,0.05118773963515755,0.55,,1.6770966064172126,7602784.394687177,0.0,11228507.605312824,11228507.605312824,0,False
2019-03-18,2019-03-15,2019-02-28,0.05118773963515755,0.55,,1.6659543584101315,7869836.629007292,0.0,11817381.370992709,11817381.370992709,0,False
2019-03-19,2019-03-18,2019-02-28,0.05118773963515755,0.55,,1.6798036659495614,7870591.2708758265,0.0,11577741.729124174,11577741.729124174,0,False
2019-03-20,2019-03-19,2019-02-28,0.05118773963515755,0.55,,1.6659464042036123,8007861.00010728,0.0,12024782.99989272,12024782.99989272,0,False
2019-03-21,2019-03-20,2019-02-28,0.05118773963515755,0.55,,1.6659974309667684,8136529.944759482,0.0,12217059.05524052,12217059.05524052,0,False
2019-03-22,2019-03-21,2019-02-28,0.05118773963515755,0.55,,1.6776753074144592,8137310.159959664,0.0,12007682.840040337,12007682.840040337,0,False
2019-03-25,2019-03-22,2019-02-28,0.05118773963515755,0.55,,1.716263976897795,8139651.0300056795,0.0,11364037.969994321,11364037.969994321,0,False
2019-03-26,2019-03-25,2019-02-28,0.05118773963515755,0.55,,1.7171918174861605,8140431.544488009,0.0,11350424.455511991,11350424.455511991,0,False
2019-03-27,2019-03-26,2019-02-28,0.05118773963515755,0.55,,1.670433620610156,8141212.133814193,0.0,12143203.866185807,12143203.866185807,0,False
2019-03-28,2019-03-27,2019-02-28,0.05118773963515755,0.55,,1.6866406576714659,8141992.797991408,0.0,11857720.202008592,11857720.202008592,0,False
2019-03-29,2019-03-28,2019-02-28,0.05118773963515755,0.55,,1.6659807826301927,8304038.2741968315,0.0,12468885.725803168,12468885.725803168,0,False
2019-04-01,2019-03-29,2019-03-29,0.049317,0.4666666666666667,,1.665966688803419,8780225.219185024,0.0,13184180.780814976,13184180.780814976,0,False
2019-04-02,2019-04-01,2019-03-29,0.049317,0.4666666666666667,,1.665981785235442,9016480.986219604,0.0,13538630.013780396,13538630.013780396,0,False
2019-04-03,2019-04-02,2019-03-29,0.049317,0.4666666666666667,,1.6659598683469181,9218517.706786774,0.0,13842452.293213226,13842452.293213226,0,False
2019-04-04,2019-04-03,2019-03-29,0.049317,0.4666666666666667,,1.6659878491071343,9651005.04574811,0.0,14491262.95425189,14491262.95425189,0,False
2019-04-08,2019-04-04,2019-03-29,0.049317,0.4666666666666667,,1.665996275825779,10644907.711228125,0.0,15983434.288771875,15983434.288771875,0,False
2019-04-09,2019-04-08,2019-03-29,0.049317,0.4666666666666667,,1.6963855134633299,10645928.455803175,0.0,15287406.544196825,15287406.544196825,0,False
2019-04-10,2019-04-09,2019-03-29,0.049317,0.4666666666666667,,1.6874105143951699,10646949.29825784,0.0,15488487.70174216,15488487.70174216,0,False
2019-04-11,2019-04-10,2019-03-29,0.049317,0.4666666666666667,,1.7381431042680338,10647970.23860151,0.0,14425346.76139849,14425346.76139849,0,False
2019-04-12,2019-04-11,2019-03-29,0.049317,0.4666666666666667,,1.7376085768136764,10648991.276843566,0.0,14437184.723156434,14437184.723156434,0,False
2019-04-15,2019-04-12,2019-03-29,0.049317,0.4666666666666667,,1.7539062468749747,10652054.68529307,0.0,14129150.31470693,14129150.31470693,0,False
2019-04-16,2019-04-15,2019-03-29,0.049317,0.4666666666666667,,1.7152889243403013,10653076.115194399,0.0,14893388.884805601,14893388.884805601,0,False
2019-04-17,2019-04-16,2019-03-29,0.049317,0.4666666666666667,,1.7020480580541606,10654097.643041061,0.0,15175738.356958939,15175738.356958939,0,False
2019-04-18,2019-04-17,2019-03-29,0.049317,0.4666666666666667,,1.7208828637440012,10655119.26884245,0.0,14780652.73115755,14780652.73115755,0,False
2019-04-19,2019-04-18,2019-03-29,0.049317,0.4666666666666667,,1.6975100208433298,10656140.992607955,0.0,15277402.007392045,15277402.007392045,0,False
2019-04-22,2019-04-19,2019-03-29,0.049317,0.4666666666666667,,1.7381696086653373,10659206.457825007,0.0,14440050.542174993,14440050.542174993,0,False
2019-04-23,2019-04-22,2019-03-29,0.049317,0.4666666666666667,,1.7594364368249527,10660228.573512744,0.0,14037025.426487256,14037025.426487256,0,False
2019-04-24,2019-04-23,2019-03-29,0.049317,0.4666666666666667,,1.7488901694447219,10661250.787211575,0.0,14236067.212788425,14236067.212788425,0,False
2019-04-25,2019-04-24,2019-03-29,0.049317,0.4666666666666667,,1.719518861876035,9399164.065730898,0.0,13063123.934269102,13063123.934269102,0,False
2019-04-26,2019-04-25,2019-03-29,0.049317,0.4666666666666667,,1.7287044859931584,9400065.355435831,0.0,12899694.644564169,12899694.644564169,0,False
2019-04-29,2019-04-26,2019-03-29,0.049317,0.4666666666666667,,1.7153725190213176,9402769.48382575,0.0,13143878.51617425,13143878.51617425,0,False
2019-04-30,2019-04-29,2019-03-29,0.049317,0.4666666666666667,,1.7125873595461452,9403671.119255707,0.0,13196516.880744293,13196516.880744293,0,False
2019-05-06,2019-04-30,2019-04-30,0.047630592502037494,0.4166666666666667,,1.8020767898511478,9409081.450584594,0.0,11730898.549415406,11730898.549415406,0,False
2019-05-07,2019-05-06,2019-04-30,0.047630592502037494,0.4166666666666667,,1.7629067638525124,9409983.691271637,0.0,12334382.308728363,12334382.308728363,0,False
2019-05-08,2019-05-07,2019-04-30,0.047630592502037494,0.4166666666666667,,1.78552168862309,9410886.018474909,0.0,11980427.981525091,11980427.981525091,0,False
2019-05-09,2019-05-08,2019-04-30,0.047630592502037494,0.4166666666666667,,1.818771146175846,9411181.744322708,0.0,11494276.255677292,11494276.255677292,0,False
2019-05-10,2019-05-09,2019-04-30,0.047630592502037494,0.4166666666666667,,1.75381747440293,9412084.18640778,0.0,12485892.81359222,12485892.81359222,0,False
2019-05-13,2019-05-10,2019-04-30,0.047630592502037494,0.4166666666666667,,1.7783873866379278,9414791.772269623,0.0,12095252.227730377,12095252.227730377,0,False
2019-05-14,2019-05-13,2019-04-30,0.047630592502037494,0.4166666666666667,,1.7907887763630546,9415694.56052176,0.0,11906712.43947824,11906712.43947824,0,False
2019-05-15,2019-05-14,2019-04-30,0.047630592502037494,0.4166666666666667,,1.7518596013741161,9408047.43534263,0.0,12513037.56465737,12513037.56465737,0,False
2019-05-16,2019-05-15,2019-04-30,0.047630592502037494,0.4166666666666667,,1.7420772251010987,9408949.576877527,0.0,12679205.423122473,12679205.423122473,0,False
2019-05-17,2019-05-16,2019-04-30,0.047630592502037494,0.4166666666666667,,1.7484506329400233,8824167.484519146,0.0,11789912.515480854,11789912.515480854,0,False
2019-05-20,2019-05-17,2019-04-30,0.047630592502037494,0.4166666666666667,,1.7705482659550102,8826705.943658529,0.0,11455098.056341471,11455098.056341471,0,False
2019-05-21,2019-05-20,2019-04-30,0.047630592502037494,0.4166666666666667,,1.7332640559312322,8827552.34011888,0.0,12038708.65988112,12038708.65988112,0,False
2019-05-22,2019-05-21,2019-04-30,0.047630592502037494,0.4166666666666667,,1.7389384728470374,8828398.817740535,0.0,11947407.182259465,11947407.182259465,0,False
2019-05-23,2019-05-22,2019-04-30,0.047630592502037494,0.4166666666666667,,1.7604945948057553,8829245.376531277,0.0,11609872.623468723,11609872.623468723,0,False
2019-05-24,2019-05-23,2019-04-30,0.047630592502037494,0.4166666666666667,,1.7396774008712979,8830092.01649889,0.0,11937760.98350111,11937760.98350111,0,False
2019-05-27,2019-05-24,2019-04-30,0.047630592502037494,0.4166666666666667,,1.7112181911487736,8767032.179955691,0.0,12326782.820044309,12326782.820044309,0,False
2019-05-28,2019-05-27,2019-04-30,0.047630592502037494,0.4166666666666667,,1.7053105516241207,8767872.854274318,0.0,12431223.145725682,12431223.145725682,0,False
2019-05-29,2019-05-28,2019-04-30,0.047630592502037494,0.4166666666666667,,1.7150210313713847,8768713.60920555,0.0,12263574.39079445,12263574.39079445,0,False
2019-05-30,2019-05-29,2019-04-30,0.047630592502037494,0.4166666666666667,,1.7126240206876011,8769554.444757117,0.0,12306004.555242883,12306004.555242883,0,False
2019-05-31,2019-05-30,2019-04-30,0.047630592502037494,0.4166666666666667,,1.7294126434034656,8770395.360936752,0.0,12023914.639063248,12023914.639063248,0,False
2019-06-03,2019-05-31,2019-05-31,0.05435701393728222,0.6333333333333333,,1.7429858086493284,8772918.351383049,0.0,11807652.648616951,11807652.648616951,0,False
2019-06-04,2019-06-03,2019-05-31,0.05435701393728222,0.6333333333333333,,1.763759719255862,8773759.590129072,0.0,11487591.409870928,11487591.409870928,0,False
2019-06-05,2019-06-04,2019-05-31,0.05435701393728222,0.6333333333333333,,1.771923342168853,8774600.909541825,0.0,11367192.090458175,11367192.090458175,0,False
2019-06-06,2019-06-05,2019-05-31,0.05435701393728222,0.6333333333333333,,1.7679571529882423,8775442.309629042,0.0,11426994.690370958,11426994.690370958,0,False
2019-06-10,2019-06-06,2019-05-31,0.05435701393728222,0.6333333333333333,,1.7428198498222125,8778808.232706707,0.0,11818219.767293293,11818219.767293293,0,False
2019-06-11,2019-06-10,2019-05-31,0.05435701393728222,0.6333333333333333,,1.684737921794349,8779650.03623587,0.0,12821912.96376413,12821912.96376413,0,False
2019-06-12,2019-06-11,2019-05-31,0.05435701393728222,0.6333333333333333,,1.6878233237375826,8780491.920485921,0.0,12765621.079514079,12765621.079514079,0,False
2019-06-13,2019-06-12,2019-05-31,0.05435701393728222,0.6333333333333333,,1.6894256524976894,8781333.885464597,0.0,12737173.114535403,12737173.114535403,0,False
2019-06-14,2019-06-13,2019-05-31,0.05435701393728222,0.6333333333333333,,1.7021221286569739,8782175.931179643,0.0,12508046.068820357,12508046.068820357,0,False
2019-06-17,2019-06-14,2019-05-31,0.05435701393728222,0.6333333333333333,,1.6981413257051905,8784702.310557105,0.0,12582985.689442895,12582985.689442895,0,False
2019-06-18,2019-06-17,2019-05-31,0.05435701393728222,0.6333333333333333,,1.7050109856257225,8785544.679271815,0.0,12461571.320728185,12461571.320728185,0,False
2019-06-19,2019-06-18,2019-05-31,0.05435701393728222,0.6333333333333333,,1.6702111573223506,8495707.128761608,0.0,12676164.871238392,12676164.871238392,0,False
2019-06-20,2019-06-19,2019-05-31,0.05435701393728222,0.6333333333333333,,1.6354161465500376,8496521.785609571,0.0,13371586.214390429,13371586.214390429,0,False
2019-06-21,2019-06-20,2019-05-31,0.05435701393728222,0.6333333333333333,,1.6399603231082462,8497336.520575315,0.0,13277911.479424685,13277911.479424685,0,False
2019-06-24,2019-06-21,2019-05-31,0.05435701393728222,0.6333333333333333,,1.6363923957606308,8499780.959848357,0.0,13356195.040151643,13356195.040151643,0,False
2019-06-25,2019-06-24,2019-05-31,0.05435701393728222,0.6333333333333333,,1.665904095474479,8701368.089837657,0.0,13066998.910162343,13066998.910162343,0,False
2019-06-26,2019-06-25,2019-05-31,0.05435701393728222,0.6333333333333333,,1.6659139920977908,8722452.670049697,0.0,13098467.329950303,13098467.329950303,0,False
2019-06-27,2019-06-26,2019-05-31,0.05435701393728222,0.6333333333333333,,1.6659066912830114,8847082.685420798,0.0,13285769.314579202,13285769.314579202,0,False
2019-06-28,2019-06-27,2019-05-31,0.05435701393728222,0.6333333333333333,,1.6664534315188164,8847931.035815291,0.0,13276142.964184709,13276142.964184709,0,False
2019-07-01,2019-06-28,2019-06-28,0.049579060556464806,0.5,,1.6659570109608404,9295301.256404772,0.0,13957809.743595228,13957809.743595228,0,False
2019-07-02,2019-07-01,2019-06-28,0.049579060556464806,0.5,,1.6694784499115756,9296192.586662237,0.0,13885723.413337763,13885723.413337763,0,False
2019-07-03,2019-07-02,2019-06-28,0.049579060556464806,0.5,,1.6851922142487699,9297084.002389725,0.0,13568577.997610275,13568577.997610275,0,False
2019-07-04,2019-07-03,2019-06-28,0.049579060556464806,0.5,,1.6754962722848616,9297975.503595434,0.0,13764658.496404566,13764658.496404566,0,False
2019-07-05,2019-07-04,2019-06-28,0.049579060556464806,0.5,,1.6695838505173313,9298867.09028756,0.0,13887531.90971244,13887531.90971244,0,False
2019-07-08,2019-07-05,2019-06-28,0.049579060556464806,0.5,,1.7208083946976327,9301542.10684778,0.0,12904319.89315222,12904319.89315222,0,False
2019-07-09,2019-07-08,2019-06-28,0.049579060556464806,0.5,,1.7175531807710676,9302434.035542957,0.0,12964103.964457043,12964103.964457043,0,False
2019-07-10,2019-07-09,2019-06-28,0.049579060556464806,0.5,,1.734372039293958,9303326.049765544,0.0,12668409.950234456,12668409.950234456,0,False
2019-07-11,2019-07-10,2019-06-28,0.049579060556464806,0.5,,1.7325589674135982,9304218.14952374,0.0,12700981.85047626,12700981.85047626,0,False
2019-07-12,2019-07-11,2019-06-28,0.049579060556464806,0.5,,1.7243885433353727,9305110.33482575,0.0,12845468.66517425,12845468.66517425,0,False
2019-07-15,2019-07-12,2019-06-28,0.049579060556464806,0.5,,1.71349671457061,9307787.147387823,0.0,13045311.852612173,13045311.852612173,0,False
2019-07-16,2019-07-15,2019-06-28,0.049579060556464806,0.5,,1.7182987717601508,9308679.674922504,0.0,12959342.325077496,12959342.325077496,0,False
2019-07-17,2019-07-16,2019-06-28,0.049579060556464806,0.5,,1.7164342081880393,9309572.288042016,0.0,12994315.711957984,12994315.711957984,0,False
2019-07-18,2019-07-17,2019-06-28,0.049579060556464806,0.5,,1.6870445156803335,8679809.921154568,0.0,12633548.078845432,12633548.078845432,0,False
2019-07-19,2019-07-18,2019-06-28,0.049579060556464806,0.5,,1.6659922562560343,8695456.379734954,0.0,13056392.620265046,13056392.620265046,0,False
2019-07-22,2019-07-19,2019-06-28,0.049579060556464806,0.5,,1.669780750596707,8697957.812392138,0.0,12986276.187607862,12986276.187607862,0,False
2019-07-23,2019-07-22,2019-06-28,0.049579060556464806,0.5,,1.673052059376792,8682485.186341273,0.0,12900168.813658727,12900168.813658727,0,False
2019-07-24,2019-07-23,2019-06-28,0.049579060556464806,0.5,,1.6659979239997729,8710722.027353937,0.0,13079202.972646063,13079202.972646063,0,False
2019-07-25,2019-07-24,2019-06-28,0.049579060556464806,0.5,,1.6659440497199756,8778328.373158889,0.0,13181780.626841111,13181780.626841111,0,False
2019-07-26,2019-07-25,2019-06-28,0.049579060556464806,0.5,,1.6659999256580216,8865999.680874124,0.0,13312313.319125876,13312313.319125876,0,False
2019-07-29,2019-07-26,2019-06-28,0.049579060556464806,0.5,,1.6666010948083458,8868550.173933005,0.0,13304133.826066995,13304133.826066995,0,False
2019-07-30,2019-07-29,2019-06-28,0.049579060556464806,0.5,,1.665981778424717,8877536.664113794,0.0,13329999.335886206,13329999.335886206,0,False
2019-07-31,2019-07-30,2019-06-28,0.049579060556464806,0.5,,1.6706424770213018,8686587.934752818,0.0,12952636.065247182,12952636.065247182,0,False
2019-08-01,2019-07-31,2019-07-31,0.05082032289950576,0.5833333333333334,,1.6875383302225055,8687420.895239713,0.0,12635544.104760287,12635544.104760287,0,False
2019-08-02,2019-08-01,2019-07-31,0.05082032289950576,0.5833333333333334,,1.7060799599288292,8688253.93559953,0.0,12304915.06440047,12304915.06440047,0,False
2019-08-05,2019-08-02,2019-07-31,0.05082032289950576,0.5833333333333334,,1.7354448089966867,8690753.29632073,0.0,11817002.70367927,11817002.70367927,0,False
2019-08-06,2019-08-05,2019-07-31,0.05082032289950576,0.5833333333333334,,1.7482350298957021,8691586.656225858,0.0,11616118.343774142,11616118.343774142,0,False
2019-08-07,2019-08-06,2019-07-31,0.05082032289950576,0.5833333333333334,,1.7524870970813562,8692420.096042208,0.0,11551586.903957792,11551586.903957792,0,False
2019-08-08,2019-08-07,2019-07-31,0.05082032289950576,0.5833333333333334,,1.73452345819054,8693253.615777446,0.0,11835229.384222554,11835229.384222554,0,False
2019-08-09,2019-08-08,2019-07-31,0.05082032289950576,0.5833333333333334,,1.7480138021175573,8694087.215439232,0.0,11622896.784560768,11622896.784560768,0,False
2019-08-12,2019-08-09,2019-07-31,0.05082032289950576,0.5833333333333334,,1.7272532717379805,8696588.254227236,0.0,11958128.745772764,11958128.745772764,0,False
2019-08-13,2019-08-12,2019-07-31,0.05082032289950576,0.5833333333333334,,1.7531206015482703,8697422.173648873,0.0,11548511.826351127,11548511.826351127,0,False
2019-08-14,2019-08-13,2019-07-31,0.05082032289950576,0.5833333333333334,,1.750231264423452,8698256.173035387,0.0,11594099.826964613,11594099.826964613,0,False
2019-08-15,2019-08-14,2019-07-31,0.05082032289950576,0.5833333333333334,,1.753328322385,8699090.252394445,0.0,11547541.747605555,11547541.747605555,0,False
2019-08-16,2019-08-15,2019-07-31,0.05082032289950576,0.5833333333333334,,1.7480315396663082,8699924.411733717,0.0,11630424.588266283,11630424.588266283,0,False
2019-08-19,2019-08-16,2019-07-31,0.05082032289950576,0.5833333333333334,,1.7206327960920618,8702427.129715174,0.0,12076090.870284826,12076090.870284826,0,False
2019-08-20,2019-08-19,2019-07-31,0.05082032289950576,0.5833333333333334,,1.7177886512299667,8703261.609028982,0.0,12125103.390971018,12125103.390971018,0,False
2019-08-21,2019-08-20,2019-07-31,0.05082032289950576,0.5833333333333334,,1.7231527958354984,8704096.168361355,0.0,12036316.831638645,12036316.831638645,0,False
2019-08-22,2019-08-21,2019-07-31,0.05082032289950576,0.5833333333333334,,1.7335707014558326,8704930.807719965,0.0,11866519.192280035,11866519.192280035,0,False
2019-08-23,2019-08-22,2019-07-31,0.05082032289950576,0.5833333333333334,,1.712381983715417,8705765.527112486,0.0,12220642.472887514,12220642.472887514,0,False
2019-08-26,2019-08-23,2019-07-31,0.05082032289950576,0.5833333333333334,,1.7227551914887482,8708269.925414806,0.0,12048713.074585194,12048713.074585194,0,False
2019-08-27,2019-08-26,2019-07-31,0.05082032289950576,0.5833333333333334,,1.7090576022513497,8709104.964996696,0.0,12282648.035003304,12282648.035003304,0,False
2019-08-28,2019-08-27,2019-07-31,0.05082032289950576,0.5833333333333334,,1.7115714190503124,8709940.084650874,0.0,12240429.915349126,12240429.915349126,0,False
2019-08-29,2019-08-28,2019-07-31,0.05082032289950576,0.5833333333333334,,1.7120586813997516,8710775.284385018,0.0,12233226.715614982,12233226.715614982,0,False
2019-08-30,2019-08-29,2019-07-31,0.05082032289950576,0.5833333333333334,,1.6980230976507729,8711610.564206809,0.0,12480404.435793191,12480404.435793191,0,False
2019-09-02,2019-08-30,2019-08-30,0.05489708547008547,0.7,,1.673640283994572,8714116.643958155,0.0,12935860.356041845,12935860.356041845,0,False
2019-09-03,2019-09-02,2019-08-30,0.05489708547008547,0.7,,1.6743680257936047,8714952.244184287,0.0,12923139.755815713,12923139.755815713,0,False
2019-09-04,2019-09-03,2019-08-30,0.05489708547008547,0.7,,1.6659871220744158,8794214.457266469,0.0,13204781.542733531,13204781.542733531,0,False
2019-09-05,2019-09-04,2019-08-30,0.05489708547008547,0.7,,1.6659843154315648,8998891.973274836,0.0,13512168.026725164,13512168.026725164,0,False
2019-09-06,2019-09-05,2019-08-30,0.05489708547008547,0.7,,1.6659890800770654,9194914.979064327,0.0,13806405.020935673,13806405.020935673,0,False
2019-09-09,2019-09-06,2019-08-30,0.05489708547008547,0.7,,1.6663319261516774,9197560.09159255,0.0,13803270.90840745,13803270.90840745,0,False
2019-09-10,2019-09-09,2019-08-30,0.05489708547008547,0.7,,1.6708460708750588,9198442.049409552,0.0,13711702.950590448,13711702.950590448,0,False
2019-09-11,2019-09-10,2019-08-30,0.05489708547008547,0.7,,1.6708637249062452,9199324.091797851,0.0,13712656.908202149,13712656.908202149,0,False
2019-09-12,2019-09-11,2019-08-30,0.05489708547008547,0.7,,1.6704547749729488,9200206.218765557,0.0,13722336.781234443,13722336.781234443,0,False
2019-09-16,2019-09-12,2019-08-30,0.05489708547008547,0.7,,1.6762602107969184,9203735.064986452,0.0,13609753.935013548,13609753.935013548,0,False
2019-09-17,2019-09-16,2019-08-30,0.05489708547008547,0.7,,1.6997860295655367,9204617.61492419,0.0,13153474.38507581,13153474.38507581,0,False
2019-09-18,2019-09-17,2019-08-30,0.05489708547008547,0.7,,1.6994732636416918,9205500.249490006,0.0,13160617.750509994,13160617.750509994,0,False
2019-09-19,2019-09-18,2019-08-30,0.05489708547008547,0.7,,1.70427048512187,9206382.968692012,0.0,13072226.031307988,13072226.031307988,0,False
2019-09-20,2019-09-19,2019-08-30,0.05489708547008547,0.7,,1.7015506368986582,9207265.772538325,0.0,13124164.227461675,13124164.227461675,0,False
2019-09-23,2019-09-20,2019-08-30,0.05489708547008547,0.7,,1.7184199632367831,9209914.438034534,0.0,12819680.561965466,12819680.561965466,0,False
2019-09-24,2019-09-23,2019-08-30,0.05489708547008547,0.7,,1.7166944524381529,9210797.580514895,0.0,12851777.419485105,12851777.419485105,0,False
2019-09-25,2019-09-24,2019-08-30,0.05489708547008547,0.7,,1.7196217924596142,9211680.80768015,0.0,12800725.19231985,12800725.19231985,0,False
2019-09-26,2019-09-25,2019-08-30,0.05489708547008547,0.7,,1.7068398687982813,8971193.96706842,0.0,12691975.03293158,12691975.03293158,0,False
2019-09-27,2019-09-26,2019-08-30,0.05489708547008547,0.7,,1.711735301730243,8958018.383024715,0.0,12586165.616975285,12586165.616975285,0,False
2019-09-30,2019-09-27,2019-08-30,0.05489708547008547,0.7,,1.6708535134315223,8340873.608217092,0.0,12433226.391782908,12433226.391782908,0,False
2019-10-08,2019-09-30,2019-09-30,0.05391323208191126,0.6666666666666666,,1.666020408459456,8376633.551081479,0.0,12577142.448918521,12577142.448918521,0,False
2019-10-09,2019-10-08,2019-09-30,0.05391323208191126,0.6666666666666666,,1.6691940852722749,8377436.7899151435,0.0,12518695.210084856,12518695.210084856,0,False
2019-10-10,2019-10-09,2019-09-30,0.05391323208191126,0.6666666666666666,,1.6659618398846994,8478731.07462171,0.0,12731556.92537829,12731556.92537829,0,False
2019-10-11,2019-10-10,2019-09-30,0.05391323208191126,0.6666666666666666,,1.6659892322181238,8859617.676348867,0.0,13302944.323651133,13302944.323651133,0,False
2019-10-14,2019-10-11,2019-09-30,0.05391323208191126,0.6666666666666666,,1.6659981144154008,9036455.333638636,0.0,13568289.666361364,13568289.666361364,0,False
2019-10-15,2019-10-14,2019-09-30,0.05391323208191126,0.6666666666666666,,1.6830825689344808,9037321.84305419,0.0,13230204.15694581,13230204.15694581,0,False
2019-10-16,2019-10-15,2019-09-30,0.05391323208191126,0.6666666666666666,,1.681182227608935,9038188.435559688,0.0,13268385.564440312,13268385.564440312,0,False
2019-10-17,2019-10-16,2019-09-30,0.05391323208191126,0.6666666666666666,,1.6835846743015694,9039055.111163098,0.0,13223021.888836902,13223021.888836902,0,False
2019-10-18,2019-10-17,2019-09-30,0.05391323208191126,0.6666666666666666,,1.6948458120307262,9039921.869872387,0.0,13009968.130127613,13009968.130127613,0,False
2019-10-21,2019-10-18,2019-09-30,0.05391323208191126,0.6666666666666666,,1.6968339866124527,9042522.395341802,0.0,12976580.604658198,12976580.604658198,0,False
2019-10-22,2019-10-21,2019-09-30,0.05391323208191126,0.6666666666666666,,1.6970755557617017,9043389.486530397,0.0,12973327.513469603,12973327.513469603,0,False
2019-10-23,2019-10-22,2019-09-30,0.05391323208191126,0.6666666666666666,,1.6978654844694931,9044256.660864722,0.0,12959885.339135278,12959885.339135278,0,False
2019-10-24,2019-10-23,2019-09-30,0.05391323208191126,0.6666666666666666,,1.698595981202218,9045123.91835275,0.0,12947575.08164725,12947575.08164725,0,False
2019-10-25,2019-10-24,2019-09-30,0.05391323208191126,0.6666666666666666,,1.6660009020834459,8877940.333504366,3.205671911175159,13330217.872167544,13330217.872167544,0,False
2019-10-28,2019-10-25,2019-09-30,0.05391323208191126,0.6666666666666666,,1.6664425122015003,8880491.055873599,0.0,13325216.944126401,13325216.944126401,0,False
2019-10-29,2019-10-28,2019-09-30,0.05391323208191126,0.6666666666666666,,1.6785562890479462,8881342.609810464,0.0,13088586.390189536,13088586.390189536,0,False
2019-10-30,2019-10-29,2019-09-30,0.05391323208191126,0.6666666666666666,,1.669519593625534,8882194.245403185,0.0,13266518.754596815,13266518.754596815,0,False
2019-10-31,2019-10-30,2019-09-30,0.05391323208191126,0.6666666666666666,,1.686233153907972,8883045.962659594,0.0,12944647.037340406,12944647.037340406,0,False
2019-11-01,2019-10-31,2019-10-31,0.052809802913453295,0.65,,1.6659936563367352,9336751.32797752,0.0,14019279.67202248,14019279.67202248,0,False
2019-11-04,2019-11-01,2019-10-31,0.052809802913453295,0.65,,1.6659849042019512,9672411.865923103,0.0,14523470.134076897,14523470.134076897,0,False
2019-11-05,2019-11-04,2019-10-31,0.052809802913453295,0.65,,1.665988221141118,9760241.91570189,0.0,14655277.08429811,14655277.08429811,0,False
2019-11-06,2019-11-05,2019-10-31,0.052809802913453295,0.65,,1.6731850877979475,9761177.829310246,0.0,14499991.170689754,14499991.170689754,0,False
2019-11-07,2019-11-06,2019-10-31,0.052809802913453295,0.65,,1.675759178043906,9762113.832663741,0.0,14446143.167336259,14446143.167336259,0,False
2019-11-08,2019-11-07,2019-10-31,0.052809802913453295,0.65,,1.676860862197522,9763049.925770983,0.0,14424013.074229017,14424013.074229017,0,False
2019-11-11,2019-11-08,2019-10-31,0.052809802913453295,0.65,,1.6968891438550897,9765858.474379767,0.0,14013503.525620233,14013503.525620233,0,False
2019-11-12,2019-11-11,2019-10-31,0.052809802913453295,0.65,,1.6931466164451234,9766794.926562242,0.0,14090518.073437758,14090518.073437758,0,False
2019-11-13,2019-11-12,2019-10-31,0.052809802913453295,0.65,,1.6989045697775773,9767181.751591502,0.0,13974986.248408498,13974986.248408498,0,False
2019-11-14,2019-11-13,2019-10-31,0.052809802913453295,0.65,,1.696897727012483,9768118.330663573,0.0,14016573.669336427,14016573.669336427,0,False
2019-11-15,2019-11-14,2019-10-31,0.052809802913453295,0.65,,1.7131852752212262,9769054.999544596,0.0,13697780.000455404,13697780.000455404,0,False
2019-11-18,2019-11-15,2019-10-31,0.052809802913453295,0.65,,1.6785799971337299,9771865.275640355,0.0,14400461.724359645,14400461.724359645,0,False
2019-11-19,2019-11-18,2019-10-31,0.052809802913453295,0.65,,1.665995662406894,9838808.319557471,0.0,14773081.680442529,14773081.680442529,0,False
2019-11-20,2019-11-19,2019-10-31,0.052809802913453295,0.65,,1.6773135804986514,9839751.76693058,0.0,14527616.23306942,14527616.23306942,0,False
2019-11-21,2019-11-20,2019-10-31,0.052809802913453295,0.65,,1.6749390821692098,9840695.304771245,0.0,14580123.695228755,14580123.695228755,0,False
2019-11-22,2019-11-21,2019-10-31,0.052809802913453295,0.65,,1.665973463898646,9859368.11027814,0.0,14804445.88972186,14804445.88972186,0,False
2019-11-25,2019-11-22,2019-10-31,0.052809802913453295,0.65,,1.6659935126125407,10462319.116097812,0.0,15709340.883902188,15709340.883902188,0,False
2019-11-26,2019-11-25,2019-10-31,0.052809802913453295,0.65,,1.667742240382041,10463322.352177437,0.0,15669702.647822563,15669702.647822563,0,False
2019-11-27,2019-11-26,2019-10-31,0.052809802913453295,0.65,,1.6690470125393952,10464325.684457783,0.0,15640643.315542217,15640643.315542217,0,False
2019-11-28,2019-11-27,2019-10-31,0.052809802913453295,0.65,,1.6777085009685093,10465329.112948073,0.0,15442227.887051927,15442227.887051927,0,False
2019-11-29,2019-11-28,2019-10-31,0.052809802913453295,0.65,,1.6851392471774083,10466332.637657534,0.0,15276212.362342466,15276212.362342466,0,False
2019-12-02,2019-11-29,2019-11-29,0.055610034904013964,0.7666666666666667,,1.676355490627011,10469343.500471108,0.0,15479054.499528892,15479054.499528892,0,False
2019-12-03,2019-12-02,2019-11-29,0.055610034904013964,0.7666666666666667,,1.6694640651157613,10470347.410121838,0.0,15639894.589878162,15639894.589878162,0,False
2019-12-04,2019-12-03,2019-11-29,0.055610034904013964,0.7666666666666667,,1.6753693814290636,10471351.416037876,0.0,15504628.583962124,15504628.583962124,0,False
2019-12-05,2019-12-04,2019-11-29,0.055610034904013964,0.7666666666666667,,1.6659850016154272,10690571.436898455,0.0,16052270.563101545,16052270.563101545,0,False
2019-12-06,2019-12-05,2019-11-29,0.055610034904013964,0.7666666666666667,,1.6659802851995926,10712237.766546924,0.0,16084917.233453076,16084917.233453076,0,False
2019-12-09,2019-12-06,2019-11-29,0.055610034904013964,0.7666666666666667,,1.6659652134230312,10737500.590952095,0.0,16123215.409047905,16123215.409047905,0,False
2019-12-10,2019-12-09,2019-11-29,0.055610034904013964,0.7666666666666667,,1.6659899118498966,10772615.555046432,0.0,16175343.444953568,16175343.444953568,0,False
2019-12-11,2019-12-10,2019-11-29,0.055610034904013964,0.7666666666666667,,1.6681483897221183,10773648.545579107,0.0,16124634.454420893,16124634.454420893,0,False
2019-12-12,2019-12-11,2019-11-29,0.055610034904013964,0.7666666666666667,,1.6659997739606656,10777445.662755668,0.0,16182356.337244332,16182356.337244332,0,False
2019-12-13,2019-12-12,2019-11-29,0.055610034904013964,0.7666666666666667,,1.6660240853290371,10959456.976709358,0.0,16455046.023290642,16455046.023290642,0,False
2019-12-16,2019-12-13,2019-11-29,0.055610034904013964,0.7666666666666667,,1.6660000261960133,11185716.516189508,0.0,16795369.48381049,16795369.48381049,0,False
2019-12-17,2019-12-16,2019-11-29,0.055610034904013964,0.7666666666666667,,1.6660187147830317,11369450.978223115,0.0,17070768.021776885,17070768.021776885,0,False
2019-12-18,2019-12-17,2019-11-29,0.055610034904013964,0.7666666666666667,,1.666013149336128,11255427.173099838,177.2196600439977,16899441.046560206,16899441.046560206,0,False
2019-12-19,2019-12-18,2019-11-29,0.055610034904013964,0.7666666666666667,,1.6660109698086172,11291123.63070694,1.7885200000000623,16953357.15781306,16953357.15781306,0,False
2019-12-20,2019-12-19,2019-11-29,0.055610034904013964,0.7666666666666667,,1.6660003581540026,11269223.7939204,397.8179183236789,16920150.023997925,16920150.023997925,0,False
2019-12-23,2019-12-20,2019-11-29,0.055610034904013964,0.7666666666666667,,1.666024037272738,11382844.592324436,0.0,17090741.407675564,17090741.407675564,0,False
2019-12-24,2019-12-23,2019-11-29,0.055610034904013964,0.7666666666666667,,1.6660155510446457,11572468.256820275,0.0,17375672.743179724,17375672.743179724,0,False
2019-12-25,2019-12-24,2019-11-29,0.055610034904013964,0.7666666666666667,,1.6660121906310588,11628208.323977228,0.0,17459452.67602277,17459452.67602277,0,False
2019-12-26,2019-12-25,2019-11-29,0.055610034904013964,0.7666666666666667,,1.666016486421535,12258434.624561446,0.0,18405602.375438556,18405602.375438556,0,False
2019-12-27,2019-12-26,2019-11-29,0.055610034904013964,0.7666666666666667,,1.6660161585613211,12639921.198105307,0.0,18978400.201894693,18978400.201894693,0,False
2019-12-30,2019-12-27,2019-11-29,0.055610034904013964,0.7666666666666667,,1.6660087228638802,13032974.907419829,0.0,19568775.09258017,19568775.09258017,0,False
2019-12-31,2019-12-30,2019-11-29,0.055610034904013964,0.7666666666666667,,1.6659878351610795,13582787.79971972,0.0,20394948.80028028,20394948.80028028,0,False
2020-01-02,2019-12-31,2019-12-31,0.04993581300813008,0.55,,1.6659935556573557,13800432.369687885,0.0,20721570.430312112,20721570.430312112,0,False
2020-01-03,2020-01-02,2019-12-31,0.04993581300813008,0.55,,1.6703904953881301,13801755.698819226,0.0,20587636.301180772,20587636.301180772,0,False
2020-01-06,2020-01-03,2019-12-31,0.04993581300813008,0.55,,1.665998637588737,13908206.274936968,0.0,20883235.325063035,20883235.325063035,0,False
2020-01-07,2020-01-06,2019-12-31,0.04993581300813008,0.55,,1.6659766362835984,14024602.594052374,0.0,21058700.60594763,21058700.60594763,0,False
2020-01-08,2020-01-07,2019-12-31,0.04993581300813008,0.55,,1.6888139143730299,14025947.418958653,0.0,20362462.381041344,20362462.381041344,0,False
2020-01-09,2020-01-08,2019-12-31,0.04993581300813008,0.55,,1.6852213776386376,14027292.372820744,0.0,20471183.22717926,20471183.22717926,0,False
2020-01-10,2020-01-09,2019-12-31,0.04993581300813008,0.55,,1.6851445298564633,14028637.455651015,0.0,20475442.544348985,20475442.544348985,0,False
2020-01-13,2020-01-10,2019-12-31,0.04993581300813008,0.55,,1.6857289897767282,14032673.091083463,0.0,20463876.10891654,20463876.10891654,0,False
2020-01-14,2020-01-13,2019-12-31,0.04993581300813008,0.55,,1.6659999837217774,14238579.131803019,0.0,21379248.46819698,21379248.46819698,0,False
2020-01-15,2020-01-14,2019-12-31,0.04993581300813008,0.55,,1.69302885337539,14239944.475007439,0.0,20547404.92499256,20547404.92499256,0,False
2020-01-16,2020-01-15,2019-12-31,0.04993581300813008,0.55,,1.7028504515134655,14241309.949135179,0.0,20262219.250864826,20262219.250864826,0,False
2020-01-17,2020-01-16,2019-12-31,0.04993581300813008,0.55,,1.7080684013620004,14242675.554198794,0.0,20114830.045801207,20114830.045801207,0,False
2020-01-20,2020-01-17,2019-12-31,0.04993581300813008,0.55,,1.6993689514849055,14246772.762234934,0.0,20370896.837765068,20370896.837765068,0,False
2020-01-21,2020-01-20,2019-12-31,0.04993581300813008,0.55,,1.7151161635516916,13825748.653759943,0.0,19333570.34624006,19333570.34624006,0,False
2020-01-22,2020-01-21,2019-12-31,0.04993581300813008,0.55,,1.7069706748224682,13827074.410480168,0.0,19558200.789519835,19558200.789519835,0,False
2020-01-23,2020-01-22,2019-12-31,0.04993581300813008,0.55,,1.759371370621441,13828400.294327747,0.0,18210326.10567225,18210326.10567225,0,False
2020-02-03,2020-01-23,2020-01-23,0.053680040133779264,0.6833333333333333,,1.9025038315459235,13839579.156326149,0.0,15334648.643673848,15334648.643673848,0,False
2020-02-04,2020-02-03,2020-01-23,0.053680040133779264,0.6833333333333333,,1.8470058981721222,13840906.239258947,0.0,16340979.760741053,16340979.760741053,0,False
2020-02-05,2020-02-04,2020-01-23,0.053680040133779264,0.6833333333333333,,1.8487977016731676,13842233.449446274,0.0,16308047.750553725,16308047.750553725,0,False
2020-02-06,2020-02-05,2020-01-23,0.053680040133779264,0.6833333333333333,,1.8351591572810249,13843560.78690033,0.0,16575955.21309967,16575955.21309967,0,False
2020-02-07,2020-02-06,2020-01-23,0.053680040133779264,0.6833333333333333,,1.8466288231239476,13844888.25163332,0.0,16352961.148366679,16352961.148366679,0,False
2020-02-10,2020-02-07,2020-01-23,0.053680040133779264,0.6833333333333333,,1.7905237377616223,13848871.027705709,0.0,17518602.37229429,17518602.37229429,0,False
2020-02-11,2020-02-10,2020-01-23,0.053680040133779264,0.6833333333333333,,1.796268396277761,13850199.001639873,0.0,17393882.59836013,17393882.59836013,0,False
2020-02-12,2020-02-11,2020-01-23,0.053680040133779264,0.6833333333333333,,1.7522348894806659,13851527.102914002,0.0,18413832.297085997,18413832.297085997,0,False
2020-02-13,2020-02-12,2020-01-23,0.053680040133779264,0.6833333333333333,,1.7129392755249135,13852855.331540309,0.0,19430624.468459688,19430624.468459688,0,False
2020-02-14,2020-02-13,2020-01-23,0.053680040133779264,0.6833333333333333,,1.6843860943242848,13854183.687531004,0.0,20243227.912469,20243227.912469,0,False
2020-02-17,2020-02-14,2020-01-23,0.053680040133779264,0.6833333333333333,,1.6659693086986285,13962928.659912897,0.0,20966324.540087104,20966324.540087104,0,False
2020-02-18,2020-02-17,2020-01-23,0.053680040133779264,0.6833333333333333,,1.6909438057500763,13964267.570880286,0.0,20210424.429119714,20210424.429119714,0,False
2020-02-19,2020-02-18,2020-01-23,0.053680040133779264,0.6833333333333333,,1.7072657389456458,13965606.610236399,0.0,19745911.3897636,19745911.3897636,0,False
2020-02-20,2020-02-19,2020-01-23,0.053680040133779264,0.6833333333333333,,1.6809602749727013,13966945.777993545,0.0,20510661.622006454,20510661.622006454,0,False
2020-02-21,2020-02-20,2020-01-23,0.053680040133779264,0.6833333333333333,,1.6799169722177238,13968285.074164037,0.0,20544104.125835966,20544104.125835966,0,False
2020-02-24,2020-02-21,2020-01-23,0.053680040133779264,0.6833333333333333,,1.7014183348482084,13972303.347952494,0.0,19920071.452047504,19920071.452047504,0,False
2020-02-25,2020-02-24,2020-01-23,0.053680040133779264,0.6833333333333333,,1.6751400303633266,13973643.157862572,0.0,20697399.842137426,20697399.842137426,0,False
2020-02-26,2020-02-25,2020-01-23,0.053680040133779264,0.6833333333333333,,1.6909092861041999,13974983.096247572,0.0,20226943.50375243,20226943.50375243,0,False
2020-02-27,2020-02-26,2020-01-23,0.053680040133779264,0.6833333333333333,,1.6882262882269523,13976323.163119815,0.0,20307743.836880185,20307743.836880185,0,False
2020-02-28,2020-02-27,2020-01-23,0.053680040133779264,0.6833333333333333,,1.7496495460764752,13977663.358491622,0.0,18645597.041508377,18645597.041508377,0,False
2020-03-02,2020-02-28,2020-02-28,0.05905442350907519,0.8666666666666667,,1.6840134216404405,13981684.330142695,0.0,20440657.869857308,20440657.869857308,0,False
2020-03-03,2020-03-02,2020-02-28,0.05905442350907519,0.8666666666666667,,1.683327206057704,13983025.03959901,0.0,20463146.96040099,20463146.96040099,0,False
2020-03-04,2020-03-03,2020-02-28,0.05905442350907519,0.8666666666666667,,1.6681858544283188,13984365.877616506,0.0,20928856.522383492,20928856.522383492,0,False
2020-03-05,2020-03-04,2020-02-28,0.05905442350907519,0.8666666666666667,,1.6659984049781051,14180383.25625751,0.0,21291917.74374249,21291917.74374249,0,False
2020-03-06,2020-03-05,2020-02-28,0.05905442350907519,0.8666666666666667,,1.673850856867712,14181743.019035507,0.0,21045818.78096449,21045818.78096449,0,False
2020-03-09,2020-03-06,2020-02-28,0.05905442350907519,0.8666666666666667,,1.7410012806197845,14185822.698534133,0.0,19144127.101465866,19144127.101465866,0,False
2020-03-10,2020-03-09,2020-02-28,0.05905442350907519,0.8666666666666667,,1.713326284131465,14187182.982902486,0.0,19888770.81709751,19888770.81709751,0,False
2020-03-11,2020-03-10,2020-02-28,0.05905442350907519,0.8666666666666667,,1.734608118303067,14188543.397709066,0.0,19314438.602290936,19314438.602290936,0,False
2020-03-12,2020-03-11,2020-02-28,0.05905442350907519,0.8666666666666667,,1.7675468510303827,14189903.942966381,0.0,18487345.657033622,18487345.657033622,0,False
2020-03-13,2020-03-12,2020-02-28,0.05905442350907519,0.8666666666666667,,1.8013009570227243,14191264.618686939,0.0,17710280.381313063,17710280.381313063,0,False
2020-03-16,2020-03-13,2020-02-28,0.05905442350907519,0.8666666666666667,,1.8803636164537607,14195347.037275877,0.0,16124413.562724125,16124413.562724125,0,False
2020-03-17,2020-03-16,2020-02-28,0.05905442350907519,0.8666666666666667,,1.9121628005494398,14196708.234936986,0.0,15563787.765063014,15563787.765063014,0,False
2020-03-18,2020-03-17,2020-02-28,0.05905442350907519,0.8666666666666667,,1.9397025596167359,14198069.563123899,0.0,15109110.236876102,15109110.236876102,0,False
2020-03-19,2020-03-18,2020-02-28,0.05905442350907519,0.8666666666666667,,1.977716792956799,14199431.02184913,0.0,14523051.17815087,14523051.17815087,0,False
2020-03-20,2020-03-19,2020-02-28,0.05905442350907519,0.8666666666666667,,1.94282533775857,14200792.611125197,0.0,15061954.788874801,15061954.788874801,0,False
2020-03-23,2020-03-20,2020-02-28,0.05905442350907519,0.8666666666666667,,1.5288591728039547,9115827.866751451,1879354.7747279834,13683175.90797653,13683175.90797653,0,False
2020-03-24,2020-03-23,2020-02-28,0.05905442350907519,0.8666666666666667,,1.5226450543227288,9116701.987231825,1638868.3241279833,14307671.336896159,14307671.336896159,0,False
2020-03-25,2020-03-24,2020-02-28,0.05905442350907519,0.8666666666666667,,1.5117648097032328,9117576.19153197,1638868.3241279833,14613564.132596014,14613564.132596014,0,False
2020-03-26,2020-03-25,2020-02-28,0.05905442350907519,0.8666666666666667,,1.5181969864142448,9118450.479659924,1638868.3241279833,14433858.844468059,14433858.844468059,0,False
2020-03-27,2020-03-26,2020-02-28,0.05905442350907519,0.8666666666666667,,1.505232879493778,9119324.851623727,1638868.3241279833,14805957.472504256,14805957.472504256,0,False
2020-03-30,2020-03-27,2020-02-28,0.05905442350907519,0.8666666666666667,,1.511083198048574,9121948.219046798,1638868.3241279833,14641608.105081186,14641608.105081186,0,False
2020-03-31,2020-03-30,2020-02-28,0.05905442350907519,0.8666666666666667,,1.517572745827593,9122822.926410267,1638868.3241279833,14459715.397717716,14459715.397717716,0,False
2020-04-01,2020-03-31,2020-03-31,0.06626689861751152,0.95,,1.5208123799380333,9123697.717649786,1638868.3241279833,14371450.606478198,14371450.606478198,0,False
2020-04-02,2020-04-01,2020-03-31,0.06626689861751152,0.95,,1.5178483063604595,9124572.592773397,1638868.3241279833,14455399.731354587,14455399.731354587,0,False
2020-04-03,2020-04-02,2020-03-31,0.06626689861751152,0.95,,1.519421059340836,9125447.551789142,1638868.3241279833,14413314.772338841,14413314.772338841,0,False
2020-04-07,2020-04-03,2020-03-31,0.06626689861751152,0.95,,1.4963302077744707,9128947.723452842,1633083.2663279832,15102575.542875143,15102575.542875143,0,False
2020-04-08,2020-04-07,2020-03-31,0.06626689861751152,0.95,,1.4983321714120494,9129823.102001667,1633083.2663279832,15043660.164326318,15043660.164326318,0,False
2020-04-09,2020-04-08,2020-03-31,0.06626689861751152,0.95,,1.4978121135354026,9130698.5644909,1633083.2663279832,15061134.701837085,15061134.701837085,0,False
2020-04-10,2020-04-09,2020-03-31,0.06626689861751152,0.95,,1.5016916611790416,9131574.11092859,1633083.2663279832,14946413.155399395,14946413.155399395,0,False
2020-04-13,2020-04-10,2020-03-31,0.06626689861751152,0.95,,1.4945793349325667,9134201.002111185,1633083.2663279832,15166662.2642168,15166662.2642168,0,False
2020-04-14,2020-04-13,2020-03-31,0.06626689861751152,0.95,,1.4882878778867756,9135076.884399058,1633083.2663279832,15363874.381928926,15363874.381928926,0,False
2020-04-15,2020-04-14,2020-03-31,0.06626689861751152,0.95,,1.5022548896288042,9135952.850675644,1633083.2663279832,14938370.41565234,14938370.41565234,0,False
2020-04-16,2020-04-15,2020-03-31,0.06626689861751152,0.95,,1.5067332471824724,9136828.900948998,1633083.2663279832,14808078.365378987,14808078.365378987,0,False
2020-04-17,2020-04-16,2020-03-31,0.06626689861751152,0.95,,1.4985281652845959,9137705.03522717,1633083.2663279832,15053556.231100814,15053556.231100814,0,False
2020-04-20,2020-04-17,2020-03-31,0.06626689861751152,0.95,,1.4899795850664876,9140333.690100318,1633083.2663279832,15321557.576227667,15321557.576227667,0,False
2020-04-21,2020-04-20,2020-03-31,0.06626689861751152,0.95,,1.5004836332110252,9141210.160454163,1633083.2663279832,15001743.105873821,15001743.105873821,0,False
2020-04-22,2020-04-21,2020-03-31,0.06626689861751152,0.95,,1.49619827139399,9142086.714853112,1633083.2663279832,15133070.551474873,15133070.551474873,0,False
2020-04-23,2020-04-22,2020-03-31,0.06626689861751152,0.95,,1.5061065411707046,9142963.35330522,1633083.2663279832,14838535.913022764,14838535.913022764,0,False
2020-04-24,2020-04-23,2020-03-31,0.06626689861751152,0.95,,1.506789294594225,9143840.075818552,1633083.2663279832,14820275.190509433,14820275.190509433,0,False
2020-04-27,2020-04-24,2020-03-31,0.06626689861751152,0.95,,1.5040988608675827,9146470.49556639,1633083.2663279832,14904590.770761594,14904590.770761594,0,False
2020-04-28,2020-04-27,2020-03-31,0.06626689861751152,0.95,,1.4839286739384907,9147347.554381033,1633083.2663279832,15527627.711946951,15527627.711946951,0,False
2020-04-29,2020-04-28,2020-03-31,0.06626689861751152,0.95,,1.4727461855454036,9148224.697297206,1633083.2663279832,15896778.569030778,15896778.569030778,0,False
2020-04-30,2020-04-29,2020-03-31,0.06626689861751152,0.95,,1.4634325717132532,9149101.924322974,1633083.2663279832,16218149.34200501,16218149.34200501,0,False
2020-05-06,2020-04-30,2020-04-30,0.05958176720475786,0.9,,1.460747163193148,9154365.791183542,1633083.2663279832,16324099.475144442,16324099.475144442,0,False
2020-05-07,2020-05-06,2020-04-30,0.05958176720475786,0.9,,1.4583835389668032,9155243.607081328,1517360.5382279833,16662646.931146655,16662646.931146655,0,False
2020-05-08,2020-05-07,2020-04-30,0.05958176720475786,0.9,,1.4574649643999584,9156121.50715324,1517360.5382279833,16698024.031074744,16698024.031074744,0,False
2020-05-11,2020-05-08,2020-04-30,0.05958176720475786,0.9,,1.4520032324333638,9158755.45991557,1517360.5382279833,16905620.078312412,16905620.078312412,0,False
2020-05-12,2020-05-11,2020-04-30,0.05958176720475786,0.9,,1.5094580325785303,9159633.696740495,688564.3806779833,16627609.683937488,16627609.683937488,0,False
2020-05-13,2020-05-12,2020-04-30,0.05958176720475786,0.9,,1.554702848904559,9309544.762651926,0.0,16782940.237348072,16782940.237348072,0,False
2020-05-14,2020-05-13,2020-04-30,0.05958176720475786,0.9,,1.6659183536366493,10816234.078135058,0.0,16242582.921864942,16242582.921864942,0,False
2020-05-15,2020-05-14,2020-04-30,0.05958176720475786,0.9,,1.6659634521922377,10722265.500656951,974.4959511125926,16098917.995294161,16098917.995294161,0,False
2020-05-18,2020-05-15,2020-04-30,0.05958176720475786,0.9,,1.6659977453332893,10849878.295831643,0.0,16291163.704168357,16291163.704168357,0,False
2020-05-19,2020-05-18,2020-04-30,0.05958176720475786,0.9,,1.665967721015967,11001735.283120284,0.0,16519922.716879716,16519922.716879716,0,False
2020-05-20,2020-05-19,2020-04-30,0.05958176720475786,0.9,,1.6700552964520858,11002790.244037844,0.0,16420719.755962156,16420719.755962156,0,False
2020-05-21,2020-05-20,2020-04-30,0.05958176720475786,0.9,,1.668164178006671,11003845.306116039,0.0,16468774.693883961,16468774.693883961,0,False
2020-05-22,2020-05-21,2020-04-30,0.05958176720475786,0.9,,1.6660001055570226,10616952.773403198,107.44644862704445,15941206.67304543,15941206.67304543,0,False
2020-05-25,2020-05-22,2020-04-30,0.05958176720475786,0.9,,1.6659920577246945,10781262.90675829,0.0,16188275.493241709,16188275.493241709,0,False
2020-05-26,2020-05-25,2020-04-30,0.05958176720475786,0.9,,1.6659895460375864,10896848.055829074,0.0,16361890.544170927,16361890.544170927,0,False
2020-05-27,2020-05-26,2020-04-30,0.05958176720475786,0.9,,1.665991607668597,10986144.488337304,0.0,16495920.311662696,16495920.311662696,0,False
2020-05-28,2020-05-27,2020-04-30,0.05958176720475786,0.9,,1.6659942769881377,10994380.025967145,0.0,16508219.974032855,16508219.974032855,0,False
2020-05-29,2020-05-28,2020-04-30,0.05958176720475786,0.9,,1.666004827638449,10863262.608863674,304.255787600689,16310630.046923924,16310630.046923924,0,False
2020-06-01,2020-05-29,2020-05-29,0.05915389655172415,0.8333333333333334,,1.6659824070762894,11151335.736583827,0.0,16744189.663416171,16744189.663416171,0,False
2020-06-02,2020-06-01,2020-05-29,0.05915389655172415,0.8333333333333334,,1.6671817038950905,11152405.04275035,0.0,16715693.757249651,16715693.757249651,0,False
2020-06-03,2020-06-02,2020-05-29,0.05915389655172415,0.8333333333333334,,1.6759959607450488,11153474.451453079,0.0,16499321.148546923,16499321.148546923,0,False
2020-06-04,2020-06-03,2020-05-29,0.05915389655172415,0.8333333333333334,,1.6665261440698929,10971027.748440571,26.107242056884957,16459971.958801486,16459971.958801486,0,False
2020-06-05,2020-06-04,2020-05-29,0.05915389655172415,0.8333333333333334,,1.67346854060569,10972053.657557953,0.0,16291857.742442045,16291857.742442045,0,False
2020-06-08,2020-06-05,2020-05-29,0.05915389655172415,0.8333333333333334,,1.6699823250714825,10975210.001760812,0.0,16381342.598239189,16381342.598239189,0,False
2020-06-09,2020-06-08,2020-05-29,0.05915389655172415,0.8333333333333334,,1.665992912484055,10998815.644588241,0.0,16514913.95541176,16514913.95541176,0,False
2020-06-10,2020-06-09,2020-05-29,0.05915389655172415,0.8333333333333334,,1.6660071948248338,10939161.804390052,271.05456958990544,16424583.450179534,16424583.450179534,0,False
2020-06-11,2020-06-10,2020-05-29,0.05915389655172415,0.8333333333333334,,1.68395936692243,10939939.71054143,0.0,15995014.08945857,15995014.08945857,0,False
2020-06-12,2020-06-11,2020-05-29,0.05915389655172415,0.8333333333333334,,1.690016508981827,10940988.74585614,0.0,15856126.054143861,15856126.054143861,0,False
2020-06-15,2020-06-12,2020-05-29,0.05915389655172415,0.8333333333333334,,1.6675880430125931,10394449.04371735,334.1371197991248,15569654.093402449,15569654.093402449,0,False
2020-06-16,2020-06-15,2020-05-29,0.05915389655172415,0.8333333333333334,,1.665992426824384,10642565.704308044,0.0,15980010.095691957,15980010.095691957,0,False
2020-06-17,2020-06-16,2020-05-29,0.05915389655172415,0.8333333333333334,,1.6659773571278713,10698299.094827088,0.0,16064058.30517291,16064058.30517291,0,False
2020-06-18,2020-06-17,2020-05-29,0.05915389655172415,0.8333333333333334,,1.6659868173697363,11174213.83730385,0.0,16778430.96269615,16778430.96269615,0,False
2020-06-19,2020-06-18,2020-05-29,0.05915389655172415,0.8333333333333334,,1.665995008040163,11194714.53140085,0.0,16809006.66859915,16809006.66859915,0,False
2020-06-22,2020-06-19,2020-05-29,0.05915389655172415,0.8333333333333334,,1.6846894394346368,11197934.928731801,0.0,16354765.071268199,16354765.071268199,0,False
2020-06-23,2020-06-22,2020-05-29,0.05915389655172415,0.8333333333333334,,1.6876286447163593,11199008.703314008,0.0,16286419.69668599,16286419.69668599,0,False
2020-06-24,2020-06-23,2020-05-29,0.05915389655172415,0.8333333333333334,,1.6659913854327124,10965615.420746641,171.2607857395776,16464843.840039099,16464843.840039099,0,False
2020-06-29,2020-06-24,2020-05-29,0.05915389655172415,0.8333333333333334,,1.6953643637435751,10970701.646806465,0.0,15776910.953193536,15776910.953193536,0,False
2020-06-30,2020-06-29,2020-05-29,0.05915389655172415,0.8333333333333334,,1.689850232610201,10971753.631895885,0.0,15904544.368104115,15904544.368104115,0,False
2020-07-01,2020-06-30,2020-06-30,0.05254544426494346,0.5666666666666667,,1.6659855564275101,11068177.157220587,0.0,16619245.042779412,16619245.042779412,0,False
2020-07-02,2020-07-01,2020-06-30,0.05254544426494346,0.5666666666666667,,1.6660004581244354,11866929.13790676,0.0,17818199.66209324,17818199.66209324,0,False
2020-07-03,2020-07-02,2020-06-30,0.05254544426494346,0.5666666666666667,,1.6660071022242082,12729743.559028612,0.0,19113525.240971386,19113525.240971386,0,False
2020-07-06,2020-07-03,2020-06-30,0.05254544426494346,0.5666666666666667,,1.666000504400896,14115276.377142442,0.0,21194092.622857556,21194092.622857556,0,False
2020-07-07,2020-07-06,2020-06-30,0.05254544426494346,0.5666666666666667,,1.6660024134269231,15138818.325155046,0.0,22730876.074844953,22730876.074844953,0,False
2020-07-08,2020-07-07,2020-06-30,0.05254544426494346,0.5666666666666667,,1.66599005496681,15733877.113235677,0.0,23624792.886764325,23624792.886764325,0,False
2020-07-09,2020-07-08,2020-06-30,0.05254544426494346,0.5666666666666667,,1.6660012921906404,17022949.28325804,0.0,25559934.316741962,25559934.316741962,0,False
2020-07-10,2020-07-09,2020-06-30,0.05254544426494346,0.5666666666666667,,1.6660172310695047,16728851.855306877,152.46125633382036,25117517.40594946,25117517.40594946,0,False
2020-07-13,2020-07-10,2020-06-30,0.05254544426494346,0.5666666666666667,,1.6660009952202555,17716831.88082837,0.0,26601809.919171628,26601809.919171628,0,False
2020-07-14,2020-07-13,2020-06-30,0.05254544426494346,0.5666666666666667,,1.672031288675589,17718530.75511831,0.0,26365633.644881688,26365633.644881688,0,False
2020-07-15,2020-07-14,2020-06-30,0.05254544426494346,0.5666666666666667,,1.6757921848392672,16496127.142514007,0.0,24410059.057485998,24410059.057485998,0,False
2020-07-16,2020-07-15,2020-06-30,0.05254544426494346,0.5666666666666667,,1.7181160276374965,16497708.962924933,0.0,22973598.037075065,22973598.037075065,0,False
2020-07-17,2020-07-16,2020-06-30,0.05254544426494346,0.5666666666666667,,1.680156678013686,16499290.93501727,0.0,24258073.864982728,24258073.864982728,0,False
2020-07-20,2020-07-17,2020-06-30,0.05254544426494346,0.5666666666666667,,1.6659931448442578,17762532.483252138,0.0,26670743.716747865,26670743.716747865,0,False
2020-07-21,2020-07-20,2020-06-30,0.05254544426494346,0.5666666666666667,,1.6730833732301835,16540691.557301627,0.0,24574506.24269837,24574506.24269837,0,False
2020-07-22,2020-07-21,2020-06-30,0.05254544426494346,0.5666666666666667,,1.6660239230191773,16574041.4137026,0.0,24885054.1862974,24885054.1862974,0,False
2020-07-23,2020-07-22,2020-06-30,0.05254544426494346,0.5666666666666667,,1.6660103123703884,16282707.323440224,311.84051521343645,24447662.71707499,24447662.71707499,0,False
2020-07-24,2020-07-23,2020-06-30,0.05254544426494346,0.5666666666666667,,1.6660113784998585,15188297.273611095,212.20188931658834,22804542.928278226,22804542.928278226,0,False
2020-07-27,2020-07-24,2020-06-30,0.05254544426494346,0.5666666666666667,,1.6660165128291957,15273001.815363776,0.0,22931866.584636223,22931866.584636223,0,False
2020-07-28,2020-07-27,2020-06-30,0.05254544426494346,0.5666666666666667,,1.6660437538115214,16073564.705274425,0.0,24132896.09472557,24132896.09472557,0,False
2020-07-29,2020-07-28,2020-06-30,0.05254544426494346,0.5666666666666667,,1.665998713821913,16447664.845279587,0.0,24696241.15472041,24696241.15472041,0,False
2020-07-30,2020-07-29,2020-06-30,0.05254544426494346,0.5666666666666667,,1.683985940100469,16449242.018620916,0.0,24049093.78137908,24049093.78137908,0,False
2020-07-31,2020-07-30,2020-06-30,0.05254544426494346,0.5666666666666667,,1.6895948961296585,16450819.343198044,0.0,23855773.056801952,23855773.056801952,0,False
2020-08-03,2020-07-31,2020-07-31,0.04348888953913679,0.21666666666666667,,1.666404131997228,16455551.770680334,0.0,24693051.829319667,24693051.829319667,0,False
2020-08-04,2020-08-03,2020-07-31,0.04348888953913679,0.21666666666666667,,1.6671954200593622,16457129.70030218,0.0,24666131.099697817,24666131.099697817,0,False
2020-08-05,2020-08-04,2020-07-31,0.04348888953913679,0.21666666666666667,,1.6916851616585067,16458707.781232346,0.0,23795085.818767656,23795085.818767656,0,False
2020-08-06,2020-08-05,2020-07-31,0.04348888953913679,0.21666666666666667,,1.7030174600776635,16460286.01348534,0.0,23413765.58651466,23413765.58651466,0,False
2020-08-07,2020-08-06,2020-07-31,0.04348888953913679,0.21666666666666667,,1.7445406989957988,16461864.397075675,0.0,22110093.40292432,22110093.40292432,0,False
2020-08-10,2020-08-07,2020-07-31,0.04348888953913679,0.21666666666666667,,1.7395686047413963,16466600.001902232,0.0,22265141.99809777,22265141.99809777,0,False
2020-08-11,2020-08-10,2020-07-31,0.04348888953913679,0.21666666666666667,,1.7374968893296276,16468178.99094351,0.0,22329828.40905649,22329828.40905649,0,False
2020-08-12,2020-08-11,2020-07-31,0.04348888953913679,0.21666666666666667,,1.6920435007671604,16469758.131394697,0.0,23798732.468605302,23798732.468605302,0,False
2020-08-13,2020-08-12,2020-07-31,0.04348888953913679,0.21666666666666667,,1.7027966869237987,16471337.423270311,0.0,23436845.57672969,23436845.57672969,0,False
2020-08-14,2020-08-13,2020-07-31,0.04348888953913679,0.21666666666666667,,1.723804712660219,16461371.76014487,0.0,22742835.83985513,22742835.83985513,0,False
2020-08-17,2020-08-14,2020-07-31,0.04348888953913679,0.21666666666666667,,1.666172843617061,15660726.648112865,97.62923424429687,23508356.981121376,23508356.981121376,0,False
2020-08-18,2020-08-17,2020-07-31,0.04348888953913679,0.21666666666666667,,1.6700959798200337,15662130.732392823,0.0,23372966.267607175,23372966.267607175,0,False
2020-08-19,2020-08-18,2020-07-31,0.04348888953913679,0.21666666666666667,,1.6743044413833004,15663632.580545245,0.0,23229318.419454753,23229318.419454753,0,False
2020-08-20,2020-08-19,2020-07-31,0.04348888953913679,0.21666666666666667,,1.7042832812035238,15665134.572710503,0.0,22242661.427289497,22242661.427289497,0,False
2020-08-21,2020-08-20,2020-07-31,0.04348888953913679,0.21666666666666667,,1.7082117995580595,15666636.708902407,0.0,22121400.291097593,22121400.291097593,0,False
2020-08-24,2020-08-21,2020-07-31,0.04348888953913679,0.21666666666666667,,1.7001214483274096,15671143.54959949,0.0,22383464.45040051,22383464.45040051,0,False
2020-08-25,2020-08-24,2020-07-31,0.04348888953913679,0.21666666666666667,,1.7238002774003685,15672646.261994656,0.0,21653274.738005344,21653274.738005344,0,False
2020-08-26,2020-08-25,2020-07-31,0.04348888953913679,0.21666666666666667,,1.7727416384591654,15674149.118485533,0.0,20283815.881514467,20283815.881514467,0,False
2020-08-27,2020-08-26,2020-07-31,0.04348888953913679,0.21666666666666667,,1.783228994394929,15674679.350925935,0.0,20012894.649074063,20012894.649074063,0,False
2020-08-28,2020-08-27,2020-07-31,0.04348888953913679,0.21666666666666667,,1.746236678068471,15676182.402370544,0.0,21006984.597629458,21006984.597629458,0,False
2020-08-31,2020-08-28,2020-07-31,0.04348888953913679,0.21666666666666667,,1.7545087114414761,15680691.989089034,0.0,20782652.010910966,20782652.010910966,0,False
2020-09-01,2020-08-31,2020-08-31,0.03902715224913496,0.16666666666666666,,1.7408025951210324,15682195.617087988,0.0,21169196.38291201,21169196.38291201,0,False
2020-09-02,2020-09-01,2020-08-31,0.03902715224913496,0.16666666666666666,,1.7680840983107158,15683699.389270449,0.0,20419247.610729553,20419247.610729553,0,False
2020-09-03,2020-09-02,2020-08-31,0.03902715224913496,0.16666666666666666,,1.786760936280209,15685203.305650242,0.0,19936428.69434976,19936428.69434976,0,False
2020-09-04,2020-09-03,2020-08-31,0.03902715224913496,0.16666666666666666,,1.791515177404813,15686707.366241194,0.0,19818580.633758806,19818580.633758806,0,False
2020-09-07,2020-09-04,2020-08-31,0.03902715224913496,0.16666666666666666,,1.8354408052914504,15691219.980689017,0.0,18781965.01931098,18781965.01931098,0,False
2020-09-08,2020-09-07,2020-08-31,0.03902715224913496,0.16666666666666666,,1.8202728460067774,15692724.618221411,0.0,19131103.38177859,19131103.38177859,0,False
2020-09-09,2020-09-08,2020-08-31,0.03902715224913496,0.16666666666666666,,1.8683771990422995,15694229.400034118,0.0,18073055.59996588,18073055.59996588,0,False
2020-09-10,2020-09-09,2020-08-31,0.03902715224913496,0.16666666666666666,,1.456551583886569,11861866.042790115,3733684.1235591434,17803425.080769032,17803425.080769032,0,False
2020-09-11,2020-09-10,2020-08-31,0.03902715224913496,0.16666666666666666,,1.6617906727849487,11722921.10527859,74348.67157803662,17601596.566299446,17601596.566299446,0,False
2020-09-14,2020-09-11,2020-08-31,0.03902715224913496,0.16666666666666666,,1.6659908181876562,11694726.379942032,168.17304420538187,17559638.793102175,17559638.793102175,0,False
2020-09-15,2020-09-14,2020-08-31,0.03902715224913496,0.16666666666666666,,1.6659862172137143,11951912.716416452,0.0,17946186.283583548,17946186.283583548,0,False
2020-09-16,2020-09-15,2020-08-31,0.03902715224913496,0.16666666666666666,,1.665971003627396,12061945.766488574,0.0,18111818.233511426,18111818.233511426,0,False
2020-09-17,2020-09-16,2020-08-31,0.03902715224913496,0.16666666666666666,,1.6659705480225089,12079257.552925086,0.0,18137825.447074912,18137825.447074912,0,False
2020-09-18,2020-09-17,2020-08-31,0.03902715224913496,0.16666666666666666,,1.6659702392543494,12825199.755115915,0.0,19257917.244884085,19257917.244884085,0,False
2020-09-21,2020-09-18,2020-08-31,0.03902715224913496,0.16666666666666666,,1.6793750992285916,12828889.196141358,0.0,18883366.80385864,18883366.80385864,0,False
2020-09-22,2020-09-21,2020-08-31,0.03902715224913496,0.16666666666666666,,1.7143128580552565,12827002.663978523,0.0,17957121.336021475,17957121.336021475,0,False
2020-09-23,2020-09-22,2020-08-31,0.03902715224913496,0.16666666666666666,,1.7274948072398613,12828232.650535343,0.0,17633435.349464655,17633435.349464655,0,False
2020-09-24,2020-09-23,2020-08-31,0.03902715224913496,0.16666666666666666,,1.7557726732551269,12829462.75503608,0.0,16975293.24496392,16975293.24496392,0,False
2020-09-25,2020-09-24,2020-08-31,0.03902715224913496,0.16666666666666666,,1.7483837976511847,12830692.977492042,0.0,17144536.022507958,17144536.022507958,0,False
2020-09-28,2020-09-25,2020-08-31,0.03902715224913496,0.16666666666666666,,1.6971982636890028,12834383.99875954,0.0,18408514.001240455,18408514.001240455,0,False
2020-09-29,2020-09-28,2020-08-31,0.03902715224913496,0.16666666666666666,,1.7027288541687646,12835614.693115585,0.0,18265387.306884415,18265387.306884415,0,False
2020-09-30,2020-09-29,2020-08-31,0.03902715224913496,0.16666666666666666,,1.734490230467804,12836845.505483417,0.0,17477217.49451658,17477217.49451658,0,False
2020-10-09,2020-09-30,2020-09-30,0.04061605335255949,0.18333333333333332,,1.6760413480665457,12847923.879001848,0.0,19004642.12099815,19004642.12099815,0,False
2020-10-12,2020-10-09,2020-09-30,0.04061605335255949,0.18333333333333332,,1.6659886589858854,13013245.543534027,0.0,19539740.456465974,19539740.456465974,0,False
2020-10-13,2020-10-12,2020-09-30,0.04061605335255949,0.18333333333333332,,1.6659904826032137,13284093.948657107,0.0,19946372.051342893,19946372.051342893,0,False
2020-10-14,2020-10-13,2020-09-30,0.04061605335255949,0.18333333333333332,,1.6773658243397398,13285367.76588506,0.0,19613283.234114937,19613283.234114937,0,False
2020-10-15,2020-10-14,2020-09-30,0.04061605335255949,0.18333333333333332,,1.6727360283623869,13286641.70525987,0.0,19750156.29474013,19750156.29474013,0,False
2020-10-16,2020-10-15,2020-09-30,0.04061605335255949,0.18333333333333332,,1.6659983951573896,13734743.826933252,0.0,20622788.17306675,20622788.17306675,0,False
2020-10-19,2020-10-16,2020-09-30,0.04061605335255949,0.18333333333333332,,1.6821329026102831,13738694.917623192,0.0,20140789.082376808,20140789.082376808,0,False
2020-10-20,2020-10-19,2020-09-30,0.04061605335255949,0.18333333333333332,,1.6885108071884116,13740012.326724881,0.0,19956131.67327512,19956131.67327512,0,False
2020-10-21,2020-10-20,2020-09-30,0.04061605335255949,0.18333333333333332,,1.7013253442453662,13741329.86215347,0.0,19593374.13784653,19593374.13784653,0,False
2020-10-22,2020-10-21,2020-09-30,0.04061605335255949,0.18333333333333332,,1.7001235368240664,13742647.523921074,0.0,19628889.476078928,19628889.476078928,0,False
2020-10-23,2020-10-22,2020-09-30,0.04061605335255949,0.18333333333333332,,1.71948845083335,13743965.312039806,0.0,19102412.687960193,19102412.687960193,0,False
2020-10-26,2020-10-23,2020-09-30,0.04061605335255949,0.18333333333333332,,1.741374625825326,13747919.055485735,0.0,18543821.944514267,18543821.944514267,0,False
2020-10-27,2020-10-26,2020-09-30,0.04061605335255949,0.18333333333333332,,1.7410304930628393,13749237.349093795,0.0,18554212.650906205,18554212.650906205,0,False
2020-10-28,2020-10-27,2020-09-30,0.04061605335255949,0.18333333333333332,,1.7255817493426147,13750555.76911357,0.0,18951077.23088643,18951077.23088643,0,False
2020-10-29,2020-10-28,2020-09-30,0.04061605335255949,0.18333333333333332,,1.746775945254595,13751874.315557184,0.0,18414993.68444282,18414993.68444282,0,False
2020-10-30,2020-10-29,2020-09-30,0.04061605335255949,0.18333333333333332,,1.7602355762840325,13753192.988436759,0.0,18090699.01156324,18090699.01156324,0,False
2020-11-02,2020-10-30,2020-10-30,0.04002908045977011,0.18333333333333332,,1.7395604107733311,13757149.386419734,0.0,18601792.613580264,18601792.613580264,0,False
2020-11-03,2020-11-02,2020-10-30,0.04002908045977011,0.18333333333333332,,1.7165996899579454,13758468.565128021,0.0,19199657.43487198,19199657.43487198,0,False
2020-11-04,2020-11-03,2020-10-30,0.04002908045977011,0.18333333333333332,,1.7075679715952643,13759787.870332897,0.0,19446595.129667103,19446595.129667103,0,False
2020-11-05,2020-11-04,2020-10-30,0.04002908045977011,0.18333333333333332,,1.7017941184401018,13761107.30204649,0.0,19608467.697953507,19608467.697953507,0,False
2020-11-06,2020-11-05,2020-10-30,0.04002908045977011,0.18333333333333332,,1.684083059120474,13762426.860280933,0.0,20118064.13971907,20118064.13971907,0,False
2020-11-09,2020-11-06,2020-10-30,0.04002908045977011,0.18333333333333332,,1.665999165265615,13920128.683743207,0.0,20901120.31625679,20901120.31625679,0,False
2020-11-10,2020-11-09,2020-10-30,0.04002908045977011,0.18333333333333332,,1.6660080870894316,13988642.430313293,0.0,21003712.569686707,21003712.569686707,0,False
2020-11-11,2020-11-10,2020-10-30,0.04002908045977011,0.18333333333333332,,1.6660076261725616,14183609.659384692,0.0,21296467.34061531,21296467.34061531,0,False
2020-11-12,2020-11-11,2020-10-30,0.04002908045977011,0.18333333333333332,,1.6659991377556183,13939526.698791824,498.9258880133275,20929498.227096193,20929498.227096193,0,False
2020-11-13,2020-11-12,2020-10-30,0.04002908045977011,0.18333333333333332,,1.666023064322512,13787503.735061541,14.546834010765053,20701218.811772466,20701218.811772466,0,False
2020-11-16,2020-11-13,2020-10-30,0.04002908045977011,0.18333333333333332,,1.6660233464204681,14630155.530325288,0.0,21966430.469674714,21966430.469674714,0,False
2020-11-17,2020-11-16,2020-10-30,0.04002908045977011,0.18333333333333332,,1.6660217044815884,14652930.635871483,0.0,22000680.364128515,22000680.364128515,0,False
2020-11-18,2020-11-17,2020-10-30,0.04002908045977011,0.18333333333333332,,1.66598748255532,14725043.506701909,0.0,22110090.49329809,22110090.49329809,0,False
2020-11-19,2020-11-18,2020-10-30,0.04002908045977011,0.18333333333333332,,1.6660169438559684,14448841.030881345,147.7541061900556,21694182.72322484,21694182.72322484,0,False
2020-11-20,2020-11-19,2020-10-30,0.04002908045977011,0.18333333333333332,,1.6659995606419717,14792107.190689486,0.0,22210385.809310514,22210385.809310514,0,False
2020-11-23,2020-11-20,2020-10-30,0.04002908045977011,0.18333333333333332,,1.6659968685895248,15965563.987081876,0.0,23972431.012918122,23972431.012918122,0,False
2020-11-24,2020-11-23,2020-10-30,0.04002908045977011,0.18333333333333332,,1.6659925540745573,16024864.252653787,0.0,24061626.747346215,24061626.747346215,0,False
2020-11-25,2020-11-24,2020-10-30,0.04002908045977011,0.18333333333333332,,1.6844199200982921,16026400.883472534,0.0,23416035.116527468,23416035.116527468,0,False
2020-11-26,2020-11-25,2020-10-30,0.04002908045977011,0.18333333333333332,,1.6773544427089542,16027937.661639443,0.0,23662556.338360555,23662556.338360555,0,False
2020-11-27,2020-11-26,2020-10-30,0.04002908045977011,0.18333333333333332,,1.6744598141825617,16029474.587168641,0.0,23766389.41283136,23766389.41283136,0,False
2020-11-30,2020-11-27,2020-10-30,0.04002908045977011,0.18333333333333332,,1.6659911138497525,16161301.601355497,0.0,24266542.398644503,24266542.398644503,0,False
2020-12-01,2020-11-30,2020-11-30,0.03548096532970768,0.08333333333333333,,1.6659995469716269,16422998.827547682,0.0,24659174.172452316,24659174.172452316,0,False
2020-12-02,2020-12-01,2020-11-30,0.03548096532970768,0.08333333333333333,,1.6659929966234592,16598128.724614432,0.0,24922377.275385566,24922377.275385566,0,False
2020-12-03,2020-12-02,2020-11-30,0.03548096532970768,0.08333333333333333,,1.7141057953842844,16599720.325998984,0.0,23245463.674001016,23245463.674001016,0,False
2020-12-04,2020-12-03,2020-11-30,0.03548096532970768,0.08333333333333333,,1.7133857649224635,16601312.080002848,0.0,23271156.919997152,23271156.919997152,0,False
2020-12-07,2020-12-04,2020-11-30,0.03548096532970768,0.08333333333333333,,1.734102717475755,16606087.799916273,0.0,22620932.200083725,22620932.200083725,0,False
2020-12-08,2020-12-07,2020-11-30,0.03548096532970768,0.08333333333333333,,1.7367157214667481,16603586.525699826,0.0,22537304.474300176,22537304.474300176,0,False
2020-12-09,2020-12-08,2020-11-30,0.03548096532970768,0.08333333333333333,,1.72031569480277,16605178.650435166,0.0,23052640.349564835,23052640.349564835,0,False
2020-12-10,2020-12-09,2020-11-30,0.03548096532970768,0.08333333333333333,,1.7315390713881393,16606770.927840002,0.0,22701140.072159998,22701140.072159998,0,False
2020-12-11,2020-12-10,2020-11-30,0.03548096532970768,0.08333333333333333,,1.7353759177780816,16608363.357928973,0.0,22584861.642071027,22584861.642071027,0,False
2020-12-14,2020-12-11,2020-11-30,0.03548096532970768,0.08333333333333333,,1.7986959626984498,16613141.106292212,0.0,20800331.89370779,20800331.89370779,0,False
2020-12-15,2020-12-14,2020-11-30,0.03548096532970768,0.08333333333333333,,1.7921773990745435,16614734.147220213,0.0,20973501.852779787,20973501.852779787,0,False
2020-12-16,2020-12-15,2020-11-30,0.03548096532970768,0.08333333333333333,,1.779194197580031,16615060.989625562,0.0,21323389.010374438,21323389.010374438,0,False
2020-12-17,2020-12-16,2020-11-30,0.03548096532970768,0.08333333333333333,,1.7344250052274335,16616654.214651965,0.0,22625392.785348035,22625392.785348035,0,False
2020-12-18,2020-12-17,2020-11-30,0.03548096532970768,0.08333333333333333,,1.6792196306690808,16618247.59245337,0.0,24466677.407546632,24466677.407546632,0,False
2020-12-21,2020-12-18,2020-11-30,0.03548096532970768,0.08333333333333333,,1.6837315444186407,16623028.18422654,0.0,24312214.815773457,24312214.815773457,0,False
2020-12-22,2020-12-21,2020-11-30,0.03548096532970768,0.08333333333333333,,1.7446840468852305,16624622.173230508,0.0,22324396.826769494,22324396.826769494,0,False
2020-12-23,2020-12-22,2020-11-30,0.03548096532970768,0.08333333333333333,,1.7216764475052126,16626216.315082736,0.0,23038324.684917264,23038324.684917264,0,False
2020-12-24,2020-12-23,2020-11-30,0.03548096532970768,0.08333333333333333,,1.7311930809948837,16627810.609797882,0.0,22740656.39020212,22740656.39020212,0,False
2020-12-25,2020-12-24,2020-11-30,0.03548096532970768,0.08333333333333333,,1.6859051350087413,16629405.057390602,0.0,24244467.9426094,24244467.9426094,0,False
2020-12-28,2020-12-25,2020-11-30,0.03548096532970768,0.08333333333333333,,1.6736983152812355,16634188.858845469,0.0,24690857.14115453,24690857.14115453,0,False
2020-12-29,2020-12-28,2020-11-30,0.03548096532970768,0.08333333333333333,,1.7225271553320582,16635783.91805111,0.0,23024441.08194889,23024441.08194889,0,False
2020-12-30,2020-12-29,2020-11-30,0.03548096532970768,0.08333333333333333,,1.7030193021766489,16637379.130207635,0.0,23665607.869792365,23665607.869792365,0,False
2020-12-31,2020-12-30,2020-11-30,0.03548096532970768,0.08333333333333333,,1.710109715171193,16638974.49532971,0.0,23431554.504670292,23431554.504670292,0,False
2021-01-04,2020-12-31,2020-12-31,0.03242796040868455,0.03333333333333333,,1.6861993675937943,16645356.567738878,0.0,24257318.432261124,24257318.432261124,0,False
2021-01-05,2021-01-04,2020-12-31,0.03242796040868455,0.03333333333333333,,1.707708152176094,16646952.697820716,0.0,23522341.302179284,23522341.302179284,0,False
2021-01-06,2021-01-05,2020-12-31,0.03242796040868455,0.03333333333333333,,1.693692517419784,16648548.980956122,0.0,23999897.019043878,23999897.019043878,0,False
2021-01-07,2021-01-06,2020-12-31,0.03242796040868455,0.03333333333333333,,1.665983517776215,16663905.554659775,0.0,25021498.445340224,25021498.445340224,0,False
2021-01-08,2021-01-07,2020-12-31,0.03242796040868455,0.03333333333333333,,1.6659496203836472,17272908.27059159,0.0,25937259.72940841,25937259.72940841,0,False
2021-01-11,2021-01-08,2020-12-31,0.03242796040868455,0.03333333333333333,,1.6659995809846906,16135263.7918535,506.0338843414065,24226378.242030837,24226378.242030837,0,False
2021-01-12,2021-01-11,2020-12-31,0.03242796040868455,0.03333333333333333,,1.6658518428283153,16658564.299485091,317.4318000000203,25017948.13231491,25017948.13231491,0,False
2021-01-13,2021-01-12,2020-12-31,0.03242796040868455,0.03333333333333333,,1.6322864551382195,16660161.696061755,518190.71643000003,25529522.02036824,25529522.02036824,0,False
2021-01-14,2021-01-13,2020-12-31,0.03242796040868455,0.03333333333333333,,1.6087179622422507,16326576.727430638,1404687.5187972067,24513633.791366566,24513633.791366566,0,False
2021-01-15,2021-01-14,2020-12-31,0.03242796040868455,0.03333333333333333,,1.6094289792385787,16328142.289582584,891883.3424772068,25329053.05289462,25329053.05289462,0,False
2021-01-18,2021-01-15,2020-12-31,0.03242796040868455,0.03333333333333333,,1.5999690154143724,16332839.426405614,889529.1444072071,25740179.71800159,25740179.71800159,0,False
2021-01-19,2021-01-18,2020-12-31,0.03242796040868455,0.03333333333333333,,1.623720138959548,16334405.589090338,493030.92978720716,25398209.340696864,25398209.340696864,0,False
2021-01-20,2021-01-19,2020-12-31,0.03242796040868455,0.03333333333333333,,1.6659835386128197,16953111.07744784,0.0,25455750.92255216,25455750.92255216,0,False
2021-01-21,2021-01-20,2020-12-31,0.03242796040868455,0.03333333333333333,,1.6659668657796707,17157871.060556088,0.0,25763850.939443912,25763850.939443912,0,False
2021-01-22,2021-01-21,2020-12-31,0.03242796040868455,0.03333333333333333,,1.685787703168099,17159516.335863262,0.0,25021615.664136738,25021615.664136738,0,False
2021-01-25,2021-01-22,2020-12-31,0.03242796040868455,0.03333333333333333,,1.7103491331856202,17164452.63508317,0.0,24163403.36491683,24163403.36491683,0,False
2021-01-26,2021-01-25,2020-12-31,0.03242796040868455,0.03333333333333333,,1.6110169386047875,16013827.115360845,1323508.026060612,24042408.910699766,24042408.910699766,0,False
2021-01-27,2021-01-26,2020-12-31,0.03242796040868455,0.03333333333333333,,1.6609045183464506,16015362.687823962,121875.8610606119,24048083.17323665,24048083.17323665,0,False
2021-01-28,2021-01-27,2020-12-31,0.03242796040868455,0.03333333333333333,,1.6908193746582254,15895022.546473142,0.0,23008941.45352686,23008941.45352686,0,False
2021-01-29,2021-01-28,2020-12-31,0.03242796040868455,0.03333333333333333,,1.727880249307826,15896546.726717325,0.0,21839508.273282677,21839508.273282677,0,False
2021-02-01,2021-01-29,2021-01-29,0.03090992476489029,0.016666666666666666,,1.7340676858794055,15901119.705912681,0.0,21661653.29408732,21661653.29408732,0,False
2021-02-02,2021-02-01,2021-01-29,0.03090992476489029,0.016666666666666666,,1.7418220523099863,15902644.470815988,0.0,21437276.529184014,21437276.529184014,0,False
2021-02-03,2021-02-02,2021-01-29,0.03090992476489029,0.016666666666666666,,1.7511403202340172,15904169.381929629,0.0,21173366.61807037,21173366.61807037,0,False
2021-02-04,2021-02-03,2021-01-29,0.03090992476489029,0.016666666666666666,,1.7601903606143787,15905694.439267622,0.0,20923304.56073238,20923304.56073238,0,False
2021-02-05,2021-02-04,2021-01-29,0.03090992476489029,0.016666666666666666,,1.790625202125163,15907219.64284399,0.0,20119798.35715601,20119798.35715601,0,False
2021-02-08,2021-02-05,2021-01-29,0.03090992476489029,0.016666666666666666,,1.7684343034751007,15911795.692330288,0.0,20706774.307669714,20706774.307669714,0,False
2021-02-09,2021-02-08,2021-01-29,0.03090992476489029,0.016666666666666666,,1.74389741532276,15913321.48095832,0.0,21391822.51904168,21391822.51904168,0,False
2021-02-10,2021-02-09,2021-01-29,0.03090992476489029,0.016666666666666666,,1.7365320924526122,15914847.415894851,0.0,21607812.58410515,21607812.58410515,0,False
2021-02-18,2021-02-10,2021-01-29,0.03090992476489029,0.016666666666666666,,1.6709902255024234,15927056.065967318,0.0,23736643.934032682,23736643.934032682,0,False
2021-02-19,2021-02-18,2021-01-29,0.03090992476489029,0.016666666666666666,,1.665990778585731,16889354.991178848,0.0,25359743.008821152,25359743.008821152,0,False
2021-02-22,2021-02-19,2021-01-29,0.03090992476489029,0.016666666666666666,,1.6659618078914291,17519492.345851652,0.0,26307052.654148348,26307052.654148348,0,False
2021-02-23,2021-02-22,2021-01-29,0.03090992476489029,0.016666666666666666,,1.6966588380309526,17521172.297172487,0.0,25150290.702827513,25150290.702827513,0,False
2021-02-24,2021-02-23,2021-01-29,0.03090992476489029,0.016666666666666666,,1.7133512733857652,17522852.409584545,0.0,24564128.590415455,24564128.590415455,0,False
2021-02-25,2021-02-24,2021-01-29,0.03090992476489029,0.016666666666666666,,1.6937824179026013,17524532.68310327,0.0,25259407.31689673,25259407.31689673,0,False
2021-02-26,2021-02-25,2021-01-29,0.03090992476489029,0.016666666666666666,,1.7389066466827592,17526213.117744118,0.0,23719116.882255882,23719116.882255882,0,False
2021-03-01,2021-02-26,2021-02-26,0.030213972274732208,0.016666666666666666,,1.7310494351989278,17531254.90507936,0.0,23980943.09492064,23980943.09492064,0,False
2021-03-02,2021-03-01,2021-02-26,0.030213972274732208,0.016666666666666666,,1.7210500700843028,17532935.984316833,0.0,24315837.015683167,24315837.015683167,0,False
2021-03-03,2021-03-02,2021-02-26,0.030213972274732208,0.016666666666666666,,1.6798695962489487,17534617.224753685,0.0,25791147.775246315,25791147.775246315,0,False
2021-03-04,2021-03-03,2021-02-26,0.030213972274732208,0.016666666666666666,,1.6898329948355248,17536298.626405373,0.0,25421078.373594627,25421078.373594627,0,False
2021-03-05,2021-03-04,2021-02-26,0.030213972274732208,0.016666666666666666,,1.7138556087390873,17537980.189287357,0.0,24567965.810712643,24567965.810712643,0,False
2021-03-08,2021-03-05,2021-02-26,0.030213972274732208,0.016666666666666666,,1.7205448261470127,17543025.361670576,0.0,24346889.638329424,24346889.638329424,0,False
2021-03-09,2021-03-08,2021-02-26,0.030213972274732208,0.016666666666666666,,1.7205471296383656,17544707.56958197,0.0,24349146.43041803,24349146.43041803,0,False
2021-03-10,2021-03-09,2021-02-26,0.030213972274732208,0.016666666666666666,,1.7290631839410144,17546389.938800972,0.0,24067036.061199028,24067036.061199028,0,False
2021-03-11,2021-03-10,2021-02-26,0.030213972274732208,0.016666666666666666,,1.6802798357809294,17548072.469343048,0.0,25795373.530656952,25795373.530656952,0,False
2021-03-12,2021-03-11,2021-02-26,0.030213972274732208,0.016666666666666666,,1.669769578847839,17549755.16122367,0.0,26202675.83877633,26202675.83877633,0,False
2021-03-15,2021-03-12,2021-02-26,0.030213972274732208,0.016666666666666666,,1.6659951974798333,18230718.06332758,0.0,27373647.93667242,27373647.93667242,0,False
2021-03-16,2021-03-15,2021-02-26,0.030213972274732208,0.016666666666666666,,1.682151022495506,18232466.21437475,0.0,26727902.78562525,26727902.78562525,0,False
2021-03-17,2021-03-16,2021-02-26,0.030213972274732208,0.016666666666666666,,1.6727068725099792,18234214.533052843,0.0,27105735.466947157,27105735.466947157,0,False
2021-03-18,2021-03-17,2021-02-26,0.030213972274732208,0.016666666666666666,,1.6865887378843387,18235963.019377932,0.0,26560241.980622068,26560241.980622068,0,False
2021-03-19,2021-03-18,2021-02-26,0.030213972274732208,0.016666666666666666,,1.683372854345474,17581472.223766092,0.0,25727495.776233908,25727495.776233908,0,False
2021-03-22,2021-03-19,2021-02-26,0.030213972274732208,0.016666666666666666,,1.6775445718865574,17586529.90755649,0.0,25956270.09244351,25956270.09244351,0,False
2021-03-23,2021-03-22,2021-02-26,0.030213972274732208,0.016666666666666666,,1.7138495826117124,17588216.287136666,0.0,24638546.712863334,24638546.712863334,0,False
2021-03-24,2021-03-23,2021-02-26,0.030213972274732208,0.016666666666666666,,1.7502458230803357,17589902.828424472,0.0,23445519.171575528,23445519.171575528,0,False
2021-03-25,2021-03-24,2021-02-26,0.030213972274732208,0.016666666666666666,,1.7344926937429697,17591589.53143542,0.0,23950666.46856458,23950666.46856458,0,False
2021-03-26,2021-03-25,2021-02-26,0.030213972274732208,0.016666666666666666,,1.7299096265265663,17593276.396185007,0.0,24103362.603814993,24103362.603814993,0,False
2021-03-29,2021-03-26,2021-02-26,0.030213972274732208,0.016666666666666666,,1.6659850803312297,17752704.45419624,0.0,26656309.54580376,26656309.54580376,0,False
2021-03-30,2021-03-29,2021-02-26,0.030213972274732208,0.016666666666666666,,1.6679477526474331,17754406.768321987,0.0,26580532.231678013,26580532.231678013,0,False
2021-03-31,2021-03-30,2021-02-26,0.030213972274732208,0.016666666666666666,,1.6788969870204005,17756109.245683335,0.0,26154349.754316665,26154349.754316665,0,False
2021-04-01,2021-03-31,2021-03-31,0.03655926967830253,0.2,,1.6660225165742109,17424376.257726908,17.939320974378916,26161815.681594066,26161815.681594066,0,False
2021-04-02,2021-04-01,2021-03-31,0.03655926967830253,0.2,,1.666001457562469,17107865.576762013,140.79961602264672,25687218.22285401,25687218.22285401,0,False
2021-04-06,2021-04-02,2021-03-31,0.03655926967830253,0.2,,1.6659887914142972,17125979.81506913,0.0,25715117.18493087,25715117.18493087,0,False
2021-04-07,2021-04-06,2021-03-31,0.03655926967830253,0.2,,1.6659969047372356,17267985.436941672,0.0,25928026.563058328,25928026.563058328,0,False
2021-04-08,2021-04-07,2021-03-31,0.03655926967830253,0.2,,1.6659990213256406,17412626.997861654,0.0,26145124.002138346,26145124.002138346,0,False
2021-04-09,2021-04-08,2021-03-31,0.03655926967830253,0.2,,1.6659910151932562,17516926.989910353,0.0,26302047.010089647,26302047.010089647,0,False
2021-04-12,2021-04-09,2021-03-31,0.03655926967830253,0.2,,1.6718856781758882,17521966.105893753,0.0,26078790.894106247,26078790.894106247,0,False
2021-04-13,2021-04-12,2021-03-31,0.03655926967830253,0.2,,1.693682696889643,17523646.294424456,0.0,25261760.705575544,25261760.705575544,0,False
2021-04-14,2021-04-13,2021-03-31,0.03655926967830253,0.2,,1.6818904741796818,17525326.644069128,0.0,25701087.355930872,25701087.355930872,0,False
2021-04-15,2021-04-14,2021-03-31,0.03655926967830253,0.2,,1.6659980506563727,17548731.371983215,0.0,26349523.628016785,26349523.628016785,0,False
2021-04-16,2021-04-15,2021-03-31,0.03655926967830253,0.2,,1.6660002475028428,18036362.575496282,0.0,27081615.424503718,27081615.424503718,0,False
2021-04-19,2021-04-16,2021-03-31,0.03655926967830253,0.2,,1.6659965208935419,18138428.739774987,0.0,27235020.260225013,27235020.260225013,0,False
2021-04-20,2021-04-19,2021-03-31,0.03655926967830253,0.2,,1.670291357461955,18140168.041160993,0.0,27063108.958839007,27063108.958839007,0,False
2021-04-21,2021-04-20,2021-03-31,0.03655926967830253,0.2,,1.6805494861417571,18141907.509329323,0.0,26657734.490670677,26657734.490670677,0,False
2021-04-22,2021-04-21,2021-03-31,0.03655926967830253,0.2,,1.6672686534739338,18143647.14429597,0.0,27190917.85570403,27190917.85570403,0,False
2021-04-23,2021-04-22,2021-03-31,0.03655926967830253,0.2,,1.6800691301824142,18145386.946076933,0.0,26681680.053923067,26681680.053923067,0,False
2021-04-26,2021-04-23,2021-03-31,0.03655926967830253,0.2,,1.6793479821552888,18150606.851910736,0.0,26717687.148089264,26717687.148089264,0,False
2021-04-27,2021-04-26,2021-03-31,0.03655926967830253,0.2,,1.6829638853766067,18152347.32106092,0.0,26578780.67893908,26578780.67893908,0,False
2021-04-28,2021-04-27,2021-03-31,0.03655926967830253,0.2,,1.6707456775311016,18154087.957105402,0.0,27065531.042894598,27065531.042894598,0,False
2021-04-29,2021-04-28,2021-03-31,0.03655926967830253,0.2,,1.6659972607525517,18215183.35350019,0.0,27350237.64649981,27350237.64649981,0,False
2021-04-30,2021-04-29,2021-03-31,0.03655926967830253,0.2,,1.7029390592443594,18216930.01491765,0.0,25915375.98508235,25915375.98508235,0,False
2021-05-06,2021-04-30,2021-04-30,0.04232449704142012,0.3333333333333333,,1.6659919601808035,18425937.77495089,0.0,27666907.22504911,27666907.22504911,0,False
2021-05-07,2021-05-06,2021-04-30,0.04232449704142012,0.3333333333333333,,1.6660007595701167,19580377.425756432,0.0,29399932.574243568,29399932.574243568,0,False
2021-05-10,2021-05-07,2021-04-30,0.04232449704142012,0.3333333333333333,,1.666003454897197,21161970.44049069,0.0,31774565.55950931,31774565.55950931,0,False
2021-05-11,2021-05-10,2021-04-30,0.04232449704142012,0.3333333333333333,,1.6907790731843946,21163999.670532927,0.0,30637870.329467073,30637870.329467073,0,False
2021-05-12,2021-05-11,2021-04-30,0.04232449704142012,0.3333333333333333,,1.6812148884024565,21166029.095158868,0.0,31071001.904841132,31071001.904841132,0,False
2021-05-13,2021-05-12,2021-04-30,0.04232449704142012,0.3333333333333333,,1.737514163390908,21168058.71438717,0.0,28701901.28561283,28701901.28561283,0,False
2021-05-14,2021-05-13,2021-04-30,0.04232449704142012,0.3333333333333333,,1.7565662104827109,21170088.528236497,0.0,27981805.471763503,27981805.471763503,0,False
2021-05-17,2021-05-14,2021-04-30,0.04232449704142012,0.3333333333333333,,1.7539879458794372,21176178.553703524,0.0,28085566.446296476,28085566.446296476,0,False
2021-05-18,2021-05-17,2021-04-30,0.04232449704142012,0.3333333333333333,,1.7406888623198034,21178209.146167576,0.0,28592584.853832424,28592584.853832424,0,False
2021-05-19,2021-05-18,2021-04-30,0.04232449704142012,0.3333333333333333,,1.7548827811131325,21180239.933345977,0.0,28057654.066654023,28057654.066654023,0,False
2021-05-20,2021-05-19,2021-04-30,0.04232449704142012,0.3333333333333333,,1.8050676443541473,21182270.915257394,0.0,26311169.084742606,26311169.084742606,0,False
2021-05-21,2021-05-20,2021-04-30,0.04232449704142012,0.3333333333333333,,1.7975113275083214,21184302.091920502,0.0,26563010.908079498,26563010.908079498,0,False
2021-05-24,2021-05-21,2021-04-30,0.04232449704142012,0.3333333333333333,,1.809920069120679,21190396.206220917,0.0,26163564.793779083,26163564.793779083,0,False
2021-05-25,2021-05-24,2021-04-30,0.04232449704142012,0.3333333333333333,,1.7941015950126638,21192428.162021514,0.0,26687300.837978486,26687300.837978486,0,False
2021-05-26,2021-05-25,2021-04-30,0.04232449704142012,0.3333333333333333,,1.7913961920948285,21194460.312667187,0.0,26781099.687332813,26781099.687332813,0,False
2021-05-27,2021-05-26,2021-04-30,0.04232449704142012,0.3333333333333333,,1.7783985534998972,21196492.65817662,0.0,27230899.34182338,27230899.34182338,0,False
2021-05-28,2021-05-27,2021-04-30,0.04232449704142012,0.3333333333333333,,1.7830219774856657,21198525.1985685,0.0,27072707.8014315,27072707.8014315,0,False
2021-05-31,2021-05-28,2021-04-30,0.04232449704142012,0.3333333333333333,,1.7773388745084573,21204623.40444754,0.0,27278480.59555246,27278480.59555246,0,False
2021-06-01,2021-05-31,2021-05-31,0.040522320794889995,0.2833333333333333,,1.7616726697082545,21206656.724500023,0.0,27842218.275499977,27842218.275499977,0,False
2021-06-02,2021-06-01,2021-05-31,0.040522320794889995,0.2833333333333333,,1.7657421142988652,21208690.2395284,0.0,27696909.7604716,27696909.7604716,0,False
2021-06-03,2021-06-02,2021-05-31,0.040522320794889995,0.2833333333333333,,1.7514649403488283,21210723.949551366,0.0,28225833.050448634,28225833.050448634,0,False
2021-06-04,2021-06-03,2021-05-31,0.040522320794889995,0.2833333333333333,,1.764140133955512,21212639.654587626,0.0,27760143.345412374,27760143.345412374,0,False
2021-06-07,2021-06-04,2021-05-31,0.040522320794889995,0.2833333333333333,,1.7567798804753594,21218741.920789633,0.0,28038195.079210367,28038195.079210367,0,False
2021-06-08,2021-06-07,2021-05-31,0.040522320794889995,0.2833333333333333,,1.7604946132798083,21220776.59467245,0.0,27903914.40532755,27903914.40532755,0,False
2021-06-09,2021-06-08,2021-05-31,0.040522320794889995,0.2833333333333333,,1.7288926071857378,21222811.463660978,0.0,29116513.536339022,29116513.536339022,0,False
2021-06-10,2021-06-09,2021-05-31,0.040522320794889995,0.2833333333333333,,1.735422747637193,21224846.52777393,0.0,28860742.47222607,28860742.47222607,0,False
2021-06-11,2021-06-10,2021-05-31,0.040522320794889995,0.2833333333333333,,1.7289038598294773,21226881.78703002,0.0,29121648.21296998,29121648.21296998,0,False
2021-06-15,2021-06-11,2021-05-31,0.040522320794889995,0.2833333333333333,,1.7397544663137443,21235023.604701757,0.0,28705502.395298243,28705502.395298243,0,False
2021-06-16,2021-06-15,2021-05-31,0.040522320794889995,0.2833333333333333,,1.7448189415216253,21237059.839841936,0.0,28513050.160158064,28513050.160158064,0,False
2021-06-17,2021-06-16,2021-05-31,0.040522320794889995,0.2833333333333333,,1.74541935313371,21239096.270237535,0.0,28492815.729762465,28492815.729762465,0,False
2021-06-18,2021-06-17,2021-05-31,0.040522320794889995,0.2833333333333333,,1.7801954356848613,21241132.895907283,0.0,27225400.104092717,27225400.104092717,0,False
2021-06-21,2021-06-18,2021-05-31,0.040522320794889995,0.2833333333333333,,1.8027275440067896,21247243.358795147,0.0,26468810.641204853,26468810.641204853,0,False
2021-06-22,2021-06-21,2021-05-31,0.040522320794889995,0.2833333333333333,,1.7961045893989724,21249280.765692566,0.0,26691569.234307434,26691569.234307434,0,False
2021-06-23,2021-06-22,2021-05-31,0.040522320794889995,0.2833333333333333,,1.7659617294407306,21251318.36795777,0.0,27744621.63204223,27744621.63204223,0,False
2021-06-24,2021-06-23,2021-05-31,0.040522320794889995,0.2833333333333333,,1.7511858570475185,21253356.165609494,0.0,28293072.834390506,28293072.834390506,0,False
2021-06-25,2021-06-24,2021-05-31,0.040522320794889995,0.2833333333333333,,1.725883262782516,21255394.15866647,0.0,29282110.84133353,29282110.84133353,0,False
2021-06-28,2021-06-25,2021-05-31,0.040522320794889995,0.2833333333333333,,1.7886198913189955,21261508.724109374,0.0,26960401.275890626,26960401.275890626,0,False
2021-06-29,2021-06-28,2021-05-31,0.040522320794889995,0.2833333333333333,,1.8115193895507404,21263547.498918533,0.0,26202143.501081467,26202143.501081467,0,False
2021-06-30,2021-06-29,2021-05-31,0.040522320794889995,0.2833333333333333,,1.802969756194353,21265586.469226647,0.0,26483670.530773353,26483670.530773353,0,False
2021-07-01,2021-06-30,2021-06-30,0.03905440223463687,0.26666666666666666,,1.816749659168898,21267625.635052465,0.0,26039344.364947535,26039344.364947535,0,False
2021-07-02,2021-07-01,2021-06-30,0.03905440223463687,0.26666666666666666,,1.8317258063569004,21269664.99641473,0.0,25572929.00358527,25572929.00358527,0,False
2021-07-05,2021-07-02,2021-06-30,0.03905440223463687,0.26666666666666666,,1.8002345588559687,21275783.667167123,0.0,26586934.332832877,26586934.332832877,0,False
2021-07-06,2021-07-05,2021-06-30,0.03905440223463687,0.26666666666666666,,1.8022939983936486,21277823.810806442,0.0,26521230.189193558,26521230.189193558,0,False
2021-07-07,2021-07-06,2021-06-30,0.03905440223463687,0.26666666666666666,,1.8138061982448646,21279864.150075972,0.0,26148564.849924028,26148564.849924028,0,False
2021-07-08,2021-07-07,2021-06-30,0.03905440223463687,0.26666666666666666,,1.847432629084077,21281904.684994474,0.0,25113388.315005526,25113388.315005526,0,False
2021-07-09,2021-07-08,2021-06-30,0.03905440223463687,0.26666666666666666,,1.7976990825522499,20726585.415580705,0.0,25982962.584419295,25982962.584419295,0,False
2021-07-12,2021-07-09,2021-06-30,0.03905440223463687,0.26666666666666666,,1.749867456098501,19014857.85796053,0.0,25357625.14203947,25357625.14203947,0,False
2021-07-13,2021-07-12,2021-06-30,0.03905440223463687,0.26666666666666666,,1.69786108316389,18231476.200494856,0.0,26124792.799505144,26124792.799505144,0,False
2021-07-14,2021-07-13,2021-06-30,0.03905440223463687,0.26666666666666666,,1.6861951774691342,18231424.17142011,0.0,26568860.82857989,26568860.82857989,0,False
2021-07-15,2021-07-14,2021-06-30,0.03905440223463687,0.26666666666666666,,1.679086662419536,18233172.390176274,0.0,26849551.609823726,26849551.609823726,0,False
2021-07-16,2021-07-15,2021-06-30,0.03905440223463687,0.26666666666666666,,1.6681709785324148,18114440.77656985,0.0,27110487.22343015,27110487.22343015,0,False
2021-07-19,2021-07-16,2021-06-30,0.03905440223463687,0.26666666666666666,,1.6659914326515337,18231512.083360918,0.0,27374994.916639082,27374994.916639082,0,False
2021-07-20,2021-07-19,2021-06-30,0.03905440223463687,0.26666666666666666,,1.673618381436977,18233260.310546994,0.0,27067640.689453006,27067640.689453006,0,False
2021-07-21,2021-07-20,2021-06-30,0.03905440223463687,0.26666666666666666,,1.6870710212922757,18235008.705371294,0.0,26540209.294628706,26540209.294628706,0,False
2021-07-22,2021-07-21,2021-06-30,0.03905440223463687,0.26666666666666666,,1.6796309994673408,18236757.267849892,0.0,26833321.732150108,26833321.732150108,0,False
2021-07-23,2021-07-22,2021-06-30,0.03905440223463687,0.26666666666666666,,1.6746829062278457,18238505.997998863,0.0,27032708.002001137,27032708.002001137,0,False
2021-07-26,2021-07-23,2021-06-30,0.03905440223463687,0.26666666666666666,,1.6923992318645331,18243752.691505138,0.0,26348603.308494862,26348603.308494862,0,False
2021-07-27,2021-07-26,2021-06-30,0.03905440223463687,0.26666666666666666,,1.7081435021331521,18245502.09244816,0.0,25765260.90755184,25765260.90755184,0,False
2021-07-28,2021-07-27,2021-06-30,0.03905440223463687,0.26666666666666666,,1.7301020489805823,18247251.661141958,0.0,24992741.338858042,24992741.338858042,0,False
2021-07-29,2021-07-28,2021-06-30,0.03905440223463687,0.26666666666666666,,1.725915729589936,18249001.397602614,0.0,25139283.602397386,25139283.602397386,0,False
2021-07-30,2021-07-29,2021-06-30,0.03905440223463687,0.26666666666666666,,1.6976566701270766,18250751.30184622,0.0,26160075.69815378,26160075.69815378,0,False
2021-08-02,2021-07-30,2021-07-30,0.04785651219512195,0.5,,1.7124528911065404,18256001.51797415,0.0,25624152.48202585,25624152.48202585,0,False
2021-08-03,2021-08-02,2021-07-30,0.04785651219512195,0.5,,1.7295570085394314,18257752.093462173,0.0,25025805.906537827,25025805.906537827,0,False
2021-08-04,2021-08-03,2021-07-30,0.04785651219512195,0.5,,1.7090056585361975,18259502.836813603,0.0,25753677.163186397,25753677.163186397,0,False
2021-08-05,2021-08-04,2021-07-30,0.04785651219512195,0.5,,1.7143180971085237,18261253.748044528,0.0,25564596.251955472,25564596.251955472,0,False
2021-08-06,2021-08-05,2021-07-30,0.04785651219512195,0.5,,1.6912094480926951,18263004.827171054,0.0,26421810.172828946,26421810.172828946,0,False
2021-08-09,2021-08-06,2021-07-30,0.04785651219512195,0.5,,1.6887082981564312,18268258.56828572,0.0,26525393.43171428,26525393.43171428,0,False
2021-08-10,2021-08-09,2021-07-30,0.04785651219512195,0.5,,1.682290826421443,18270010.319107335,0.0,26777452.680892665,26777452.680892665,0,False
2021-08-11,2021-08-10,2021-07-30,0.04785651219512195,0.5,,1.6548360657120291,18271762.23790506,0.0,27902803.76209494,27902803.76209494,0,False
2021-08-12,2021-08-11,2021-07-30,0.04785651219512195,0.5,,1.629804529287856,18273514.324694995,0.0,29014580.675305005,29014580.675305005,0,False
2021-08-13,2021-08-12,2021-07-30,0.04785651219512195,0.5,,1.6659512786371333,19034766.115253255,0.0,28582820.884746745,28582820.884746745,0,False
2021-08-16,2021-08-13,2021-07-30,0.04785651219512195,0.5,,1.665975182561065,19734956.28006915,0.0,29633170.71993085,29633170.71993085,0,False
2021-08-17,2021-08-16,2021-07-30,0.04785651219512195,0.5,,1.6923074273665293,19736848.673137102,0.0,28508792.326862898,28508792.326862898,0,False
2021-08-18,2021-08-17,2021-07-30,0.04785651219512195,0.5,,1.6941137622164428,19738741.247667402,0.0,28437328.752332598,28437328.752332598,0,False
2021-08-19,2021-08-18,2021-07-30,0.04785651219512195,0.5,,1.7180961215476598,19740634.003677454,0.0,27490238.996322546,27490238.996322546,0,False
2021-08-20,2021-08-19,2021-07-30,0.04785651219512195,0.5,,1.7316172507702707,19742526.941184655,0.0,26984775.058815345,26984775.058815345,0,False
2021-08-23,2021-08-20,2021-07-30,0.04785651219512195,0.5,,1.7015655465250292,19748206.298249926,0.0,28148768.701750074,28148768.701750074,0,False
2021-08-24,2021-08-23,2021-07-30,0.04785651219512195,0.5,,1.6907206654613578,19750099.961867567,0.0,28593469.038132433,28593469.038132433,0,False
2021-08-25,2021-08-24,2021-07-30,0.04785651219512195,0.5,,1.6659449583680812,20117974.060469393,0.0,30209664.939530607,30209664.939530607,0,False
2021-08-26,2021-08-25,2021-07-30,0.04785651219512195,0.5,,1.6659479970938094,21108391.903069712,0.0,31696757.096930288,31696757.096930288,0,False
2021-08-27,2021-08-26,2021-07-30,0.04785651219512195,0.5,,1.6752478001488107,21077446.495443977,0.0,31214387.504556023,31214387.504556023,0,False
2021-08-30,2021-08-27,2021-07-30,0.04785651219512195,0.5,,1.665967539949949,22147710.919703215,0.0,33256442.080296785,33256442.080296785,0,False
2021-08-31,2021-08-30,2021-07-30,0.04785651219512195,0.5,,1.6659816878198723,24371984.082355104,0.0,36595576.917644896,36595576.917644896,0,False
2021-09-01,2021-08-31,2021-08-31,0.05213017727639001,0.6833333333333333,,1.7073893147420394,24374321.121924646,0.0,34456727.878075354,34456727.878075354,0,False
2021-09-02,2021-09-01,2021-08-31,0.05213017727639001,0.6833333333333333,,1.6660945652116108,24529279.23959387,0.0,36825520.76040613,36825520.76040613,0,False
2021-09-03,2021-09-02,2021-08-31,0.05213017727639001,0.6833333333333333,,1.67543367727711,24531631.36226068,0.0,36319822.637739316,36319822.637739316,0,False
2021-09-06,2021-09-03,2021-08-31,0.05213017727639001,0.6833333333333333,,1.6659659931024011,25498493.97389914,0.0,38287982.02610086,38287982.02610086,0,False
2021-09-07,2021-09-06,2021-08-31,0.05213017727639001,0.6833333333333333,,1.6659943806493285,26798694.48324513,0.0,40238619.516754866,40238619.516754866,0,False
2021-09-08,2021-09-07,2021-08-31,0.05213017727639001,0.6833333333333333,,1.6659980705748867,28537413.95791229,0.0,42849094.04208771,42849094.04208771,0,False
2021-09-09,2021-09-08,2021-08-31,0.05213017727639001,0.6833333333333333,,1.6659719987899042,31108411.899954416,0.0,46711291.100045584,46711291.100045584,0,False
2021-09-10,2021-09-09,2021-08-31,0.05213017727639001,0.6833333333333333,,1.7236613516452879,31111394.898355782,0.0,42991649.10164422,42991649.10164422,0,False
2021-09-13,2021-09-10,2021-08-31,0.05213017727639001,0.6833333333333333,,1.6659998107231548,31920388.746842705,0.0,47928525.253157295,47928525.253157295,0,False
2021-09-14,2021-09-13,2021-08-31,0.05213017727639001,0.6833333333333333,,1.7003463823718405,31923449.60603761,0.0,45582372.39396239,45582372.39396239,0,False
2021-09-15,2021-09-14,2021-08-31,0.05213017727639001,0.6833333333333333,,1.700548448948857,31926510.758739557,0.0,45573594.24126044,45573594.24126044,0,False
2021-09-16,2021-09-15,2021-08-31,0.05213017727639001,0.6833333333333333,,1.699739145858577,31929572.204976697,0.0,45630678.79502331,45630678.79502331,0,False
2021-09-17,2021-09-16,2021-08-31,0.05213017727639001,0.6833333333333333,,1.7300051586387597,31932633.944777172,0.0,43743025.055222824,43743025.055222824,0,False
2021-09-22,2021-09-17,2021-08-31,0.05213017727639001,0.6833333333333333,,1.6660003395894278,32842685.121416997,0.0,49313315.878583,49313315.878583,0,False
2021-09-23,2021-09-22,2021-08-31,0.05213017727639001,0.6833333333333333,,1.666021795501081,32578888.22028647,89.94289618769653,48915513.72260971,48915513.72260971,0,False
2021-09-24,2021-09-23,2021-08-31,0.05213017727639001,0.6833333333333333,,1.7229235666038571,30475414.03471031,0.0,42155789.96528969,42155789.96528969,0,False
2021-09-27,2021-09-24,2021-08-31,0.05213017727639001,0.6833333333333333,,1.7584006073206273,30484180.934638105,0.0,40195354.065361895,40195354.065361895,0,False
2021-09-28,2021-09-27,2021-08-31,0.05213017727639001,0.6833333333333333,,1.7103853270629814,30487104.075275674,0.0,42916291.924724326,42916291.924724326,0,False
2021-09-29,2021-09-28,2021-08-31,0.05213017727639001,0.6833333333333333,,1.7457920227252641,29646464.1179744,0.0,39751650.8820256,39751650.8820256,0,False
2021-09-30,2021-09-29,2021-08-31,0.05213017727639001,0.6833333333333333,,1.71782893625357,29649306.92960215,0.0,41304140.070397854,41304140.070397854,0,False
2021-10-08,2021-09-30,2021-09-30,0.05052614115781127,0.6333333333333333,,1.75408383786407,29672051.60341116,0.0,39348478.39658884,39348478.39658884,0,False
2021-10-11,2021-10-08,2021-09-30,0.05052614115781127,0.6333333333333333,,1.706332353133185,29680587.399077896,0.0,42020710.60092211,42020710.60092211,0,False
2021-10-12,2021-10-11,2021-09-30,0.05052614115781127,0.6333333333333333,,1.7295482132948214,29683433.482801095,0.0,40687418.517198905,40687418.517198905,0,False
2021-10-13,2021-10-12,2021-09-30,0.05052614115781127,0.6333333333333333,,1.803337901949634,29686279.83943643,0.0,36953665.16056357,36953665.16056357,0,False
2021-10-14,2021-10-13,2021-09-30,0.05052614115781127,0.6333333333333333,,1.6661199117309626,24190086.053639296,307.91645922418684,36314449.862819925,36314449.862819925,0,False
2021-10-15,2021-10-14,2021-09-30,0.05052614115781127,0.6333333333333333,,1.6659986696630997,25575449.88647289,0.0,38401653.11352711,38401653.11352711,0,False
2021-10-18,2021-10-15,2021-09-30,0.05052614115781127,0.6333333333333333,,1.6660020444458734,27778723.696973108,0.0,41709667.30302689,41709667.30302689,0,False
2021-10-19,2021-10-18,2021-09-30,0.05052614115781127,0.6333333333333333,,1.6706911845723031,27781387.410204325,0.0,41422025.58979568,41422025.58979568,0,False
2021-10-20,2021-10-19,2021-09-30,0.05052614115781127,0.6333333333333333,,1.743087251674717,27784051.378860097,0.0,37390025.6211399,37390025.6211399,0,False
2021-10-21,2021-10-20,2021-09-30,0.05052614115781127,0.6333333333333333,,1.6805292084838142,27786715.60296492,0.0,40831040.39703508,40831040.39703508,0,False
2021-10-22,2021-10-21,2021-09-30,0.05052614115781127,0.6333333333333333,,1.747010383627661,27789380.082543284,0.0,37200794.91745672,37200794.91745672,0,False
2021-10-25,2021-10-22,2021-09-30,0.05052614115781127,0.6333333333333333,,1.7241401663512315,27797374.28777251,0.0,38386731.71222749,38386731.71222749,0,False
2021-10-26,2021-10-25,2021-09-30,0.05052614115781127,0.6333333333333333,,1.7065807543796716,27800039.789416544,0.0,39344462.210583456,39344462.210583456,0,False
2021-10-27,2021-10-26,2021-09-30,0.05052614115781127,0.6333333333333333,,1.74810147917318,27802705.546656623,0.0,37164350.45334338,37164350.45334338,0,False
2021-10-28,2021-10-27,2021-09-30,0.05052614115781127,0.6333333333333333,,1.8348435786368489,27805371.55951726,0.0,33306085.44048274,33306085.44048274,0,False
2021-10-29,2021-10-28,2021-09-30,0.05052614115781127,0.6333333333333333,,1.8489496500704723,27808037.828022968,0.0,32755815.171977032,32755815.171977032,0,False
2021-11-01,2021-10-29,2021-10-29,0.049194598263614844,0.55,,1.8380059443092285,27816037.400548838,0.0,33193126.599451162,33193126.599451162,0,False
2021-11-02,2021-11-01,2021-10-29,0.049194598263614844,0.55,,1.8846020513871133,27818371.864186425,0.0,31447329.135813575,31447329.135813575,0,False
2021-11-03,2021-11-02,2021-10-29,0.049194598263614844,0.55,,1.846745279364958,27821039.37929669,0.0,32856444.62070331,32856444.62070331,0,False
2021-11-04,2021-11-03,2021-10-29,0.049194598263614844,0.55,,1.8538389439916492,27823707.150196075,0.0,32586598.849803925,32586598.849803925,0,False
2021-11-05,2021-11-04,2021-10-29,0.049194598263614844,0.55,,1.9110326490131535,27826375.176909108,0.0,30543773.823090892,30543773.823090892,0,False
2021-11-08,2021-11-05,2021-10-29,0.049194598263614844,0.55,,1.8984417972706364,27834380.02456274,0.0,30980726.97543726,30980726.97543726,0,False
2021-11-09,2021-11-08,2021-10-29,0.049194598263614844,0.55,,1.9211908548586718,27837049.07470208,0.0,30218546.92529792,30218546.92529792,0,False
2021-11-10,2021-11-09,2021-10-29,0.049194598263614844,0.55,,1.9468821224376314,27839718.380777735,0.0,29401461.619222265,29401461.619222265,0,False
2021-11-11,2021-11-10,2021-10-29,0.049194598263614844,0.55,,1.9273852320899274,27842387.94281425,0.0,30022462.05718575,30022462.05718575,0,False
2021-11-12,2021-11-11,2021-10-29,0.049194598263614844,0.55,,1.9489488239681219,27845057.76083616,0.0,29343055.23916384,29343055.23916384,0,False
2021-11-15,2021-11-12,2021-10-29,0.049194598263614844,0.55,,1.9501858275765998,27853067.982931744,0.0,29313285.017068256,29313285.017068256,0,False
2021-11-16,2021-11-15,2021-10-29,0.049194598263614844,0.55,,1.9738083322892008,27855738.825067095,0.0,28604950.174932905,28604950.174932905,0,False
2021-11-17,2021-11-16,2021-10-29,0.049194598263614844,0.55,,1.9592449096084459,27858409.923310596,0.0,29042020.076689404,29042020.076689404,0,False
2021-11-18,2021-11-17,2021-10-29,0.049194598263614844,0.55,,1.9460580584903544,27861081.277686805,0.0,29449652.722313195,29449652.722313195,0,False
2021-11-19,2021-11-18,2021-10-29,0.049194598263614844,0.55,,1.9215482367745749,27863752.88822028,0.0,30235805.11177972,30235805.11177972,0,False
2021-11-22,2021-11-19,2021-10-29,0.049194598263614844,0.55,,1.9213787201515196,27871768.488366205,0.0,30250067.511633795,30250067.511633795,0,False
2021-11-23,2021-11-22,2021-10-29,0.049194598263614844,0.55,,1.9058182395236505,27874441.123700704,0.0,30772664.876299296,30772664.876299296,0,False
2021-11-24,2021-11-23,2021-10-29,0.049194598263614844,0.55,,1.862087927429621,27877114.015315305,0.0,32336740.984684695,32336740.984684695,0,False
2021-11-25,2021-11-24,2021-10-29,0.049194598263614844,0.55,,1.8746998939501698,27879787.163234584,0.0,31873545.836765416,31873545.836765416,0,False
2021-11-26,2021-11-25,2021-10-29,0.049194598263614844,0.55,,1.9100974290792319,27882460.567483112,0.0,30636786.432516888,30636786.432516888,0,False
2021-11-29,2021-11-26,2021-10-29,0.049194598263614844,0.55,,1.9231451749407584,27890481.549290195,0.0,30212454.450709805,30212454.450709805,0,False
2021-11-30,2021-11-29,2021-10-29,0.049194598263614844,0.55,,1.9261575355377052,27893155.979027797,0.0,30117075.020972203,30117075.020972203,0,False
2021-12-01,2021-11-30,2021-11-30,0.053382653061224486,0.7666666666666667,,1.88135736083537,27895830.665217567,0.0,31650987.334782433,31650987.334782433,0,False
2021-12-02,2021-12-01,2021-11-30,0.053382653061224486,0.7666666666666667,,1.862653698018043,27898505.607884094,0.0,32340330.392115906,32340330.392115906,0,False
2021-12-03,2021-12-02,2021-11-30,0.053382653061224486,0.7666666666666667,,1.7776700913269947,27901180.80705197,0.0,35877914.19294803,35877914.19294803,0,False
2021-12-06,2021-12-03,2021-11-30,0.053382653061224486,0.7666666666666667,,1.7803005752303778,27909207.174133454,0.0,35767251.82586655,35767251.82586655,0,False
2021-12-07,2021-12-06,2021-11-30,0.053382653061224486,0.7666666666666667,,1.7618708709155013,27911883.39947892,0.0,36635976.60052108,36635976.60052108,0,False
2021-12-08,2021-12-07,2021-11-30,0.053382653061224486,0.7666666666666667,,1.7627924703126194,27914559.881448735,0.0,36595222.11855127,36595222.11855127,0,False
2021-12-09,2021-12-08,2021-11-30,0.053382653061224486,0.7666666666666667,,1.7313109189901745,27917236.620067503,0.0,38174237.37993249,38174237.37993249,0,False
2021-12-10,2021-12-09,2021-11-30,0.053382653061224486,0.7666666666666667,,1.7434234599346585,27919913.61535984,0.0,37555868.38464016,37555868.38464016,0,False
2021-12-13,2021-12-10,2021-11-30,0.053382653061224486,0.7666666666666667,,1.7015791120502681,27927945.371331383,0.0,39807264.62866862,39807264.62866862,0,False
2021-12-14,2021-12-13,2021-11-30,0.053382653061224486,0.7666666666666667,,1.7144172989026467,27930623.393490277,0.0,39095670.60650972,39095670.60650972,0,False
2021-12-15,2021-12-14,2021-11-30,0.053382653061224486,0.7666666666666667,,1.6799537766341046,27933301.67244582,0.0,41081177.32755418,41081177.32755418,0,False
2021-12-16,2021-12-15,2021-11-30,0.053382653061224486,0.7666666666666667,,1.665997096235117,29200509.291122627,0.0,43844799.70887737,43844799.70887737,0,False
2021-12-17,2021-12-16,2021-11-30,0.053382653061224486,0.7666666666666667,,1.690407489170846,29203309.33995876,0.0,42298656.66004124,42298656.66004124,0,False
2021-12-20,2021-12-17,2021-11-30,0.053382653061224486,0.7666666666666667,,1.7202215978588864,29211710.291960668,0.0,40559336.70803933,40559336.70803933,0,False
2021-12-21,2021-12-20,2021-11-30,0.053382653061224486,0.7666666666666667,,1.6984509360350137,29214511.414865375,0.0,41827578.585134625,41827578.585134625,0,False
2021-12-22,2021-12-21,2021-11-30,0.053382653061224486,0.7666666666666667,,1.702750761510777,29217312.80637091,0.0,41575640.193629086,41575640.193629086,0,False
2021-12-23,2021-12-22,2021-11-30,0.053382653061224486,0.7666666666666667,,1.678152875315432,29220114.466503028,0.0,43087798.533496976,43087798.533496976,0,False
2021-12-24,2021-12-23,2021-11-30,0.053382653061224486,0.7666666666666667,,1.6662327340229712,27460327.254738536,236.48649104801916,41216964.2317525,41216964.2317525,0,False
2021-12-27,2021-12-24,2021-11-30,0.053382653061224486,0.7666666666666667,,1.666070090391762,27467990.314444058,0.0,41238888.68555594,41238888.68555594,0,False
2021-12-28,2021-12-27,2021-11-30,0.053382653061224486,0.7666666666666667,,1.6930438594616923,27470624.231323525,0.0,39637641.768676475,39637641.768676475,0,False
2021-12-29,2021-12-28,2021-11-30,0.053382653061224486,0.7666666666666667,,1.7033824608145107,27473258.400770366,0.0,39058776.599229634,39058776.599229634,0,False
2021-12-30,2021-12-29,2021-11-30,0.053382653061224486,0.7666666666666667,,1.7248801300749237,27475892.822808795,0.0,37904050.177191205,37904050.177191205,0,False
2021-12-31,2021-12-30,2021-11-30,0.053382653061224486,0.7666666666666667,,1.7167486729858263,27478527.497463036,0.0,38337744.50253697,38337744.50253697,0,False
2022-01-04,2021-12-31,2021-12-31,0.04704031563201197,0.48333333333333334,,1.7200427774778562,27489067.206640147,0.0,38176991.79335985,38176991.79335985,0,False
2022-01-05,2022-01-04,2021-12-31,0.04704031563201197,0.48333333333333334,,1.7414078873898085,27491703.14459147,0.0,37080402.855408534,37080402.855408534,0,False
2022-01-06,2022-01-05,2021-12-31,0.04704031563201197,0.48333333333333334,,1.739692431843911,27494339.335303966,0.0,37169961.66469604,37169961.66469604,0,False
2022-01-07,2022-01-06,2021-12-31,0.04704031563201197,0.48333333333333334,,1.7214134799896472,27496975.778801873,0.0,38115417.22119813,38115417.22119813,0,False
2022-01-10,2022-01-07,2021-12-31,0.04704031563201197,0.48333333333333334,,1.700219531384379,27504885.86772454,0.0,39280375.13227546,39280375.13227546,0,False
2022-01-11,2022-01-10,2021-12-31,0.04704031563201197,0.48333333333333334,,1.7030481799097041,27507523.322533775,0.0,39126085.67746623,39126085.67746623,0,False
2022-01-12,2022-01-11,2021-12-31,0.04704031563201197,0.48333333333333334,,1.6909047939558477,27510161.030249633,0.0,39817585.96975037,39817585.96975037,0,False
2022-01-13,2022-01-12,2021-12-31,0.04704031563201197,0.48333333333333334,,1.6783980433923575,27512798.99089637,0.0,40555540.009103626,40555540.009103626,0,False
2022-01-14,2022-01-13,2021-12-31,0.04704031563201197,0.48333333333333334,,1.698530126716843,27253894.84271824,0.0,39016062.15728176,39016062.15728176,0,False
2022-01-17,2022-01-14,2021-12-31,0.04704031563201197,0.48333333333333334,,1.6959983562414,27261735.004248336,0.0,39169251.995751664,39169251.995751664,0,False
2022-01-18,2022-01-17,2021-12-31,0.04704031563201197,0.48333333333333334,,1.6659987382539008,27681995.079221345,0.0,41564635.920778655,41564635.920778655,0,False
2022-01-19,2022-01-18,2021-12-31,0.04704031563201197,0.48333333333333334,,1.665994612532284,28090774.185905654,0.0,42178680.81409435,42178680.81409435,0,False
2022-01-20,2022-01-19,2021-12-31,0.04704031563201197,0.48333333333333334,,1.666001003788606,28658227.793116495,0.0,43030307.206883505,43030307.206883505,0,False
2022-01-21,2022-01-20,2021-12-31,0.04704031563201197,0.48333333333333334,,1.6700519049686444,28660975.84235693,0.0,42774262.157643065,42774262.157643065,0,False
2022-01-24,2022-01-21,2021-12-31,0.04704031563201197,0.48333333333333334,,1.6719849529686384,28669220.780612953,0.0,42663486.21938705,42663486.21938705,0,False
2022-01-25,2022-01-24,2021-12-31,0.04704031563201197,0.48333333333333334,,1.7145518900136691,28671969.883975476,0.0,40125805.116024524,40125805.116024524,0,False
2022-01-26,2022-01-25,2021-12-31,0.04704031563201197,0.48333333333333334,,1.7177681387997445,28674719.250950653,0.0,39949835.74904935,39949835.74904935,0,False
2022-01-27,2022-01-26,2021-12-31,0.04704031563201197,0.48333333333333334,,1.7187051658421464,28677468.881563757,0.0,39901576.11843625,39901576.11843625,0,False
2022-01-28,2022-01-27,2021-12-31,0.04704031563201197,0.48333333333333334,,1.733143523739525,28162962.49476007,0.0,38413982.505239934,38413982.505239934,0,False
2022-02-07,2022-01-28,2022-01-28,0.05336485209003215,0.75,,1.6930171845684912,28189968.0752345,0.0,40677155.9247655,40677155.9247655,0,False
2022-02-08,2022-02-07,2022-01-28,0.05336485209003215,0.75,,1.6660063851254259,29696631.980228152,0.0,44589110.019771844,44589110.019771844,0,False
2022-02-09,2022-02-08,2022-01-28,0.05336485209003215,0.75,,1.667477797594176,29699479.60247283,0.0,44495082.39752717,44495082.39752717,0,False
2022-02-10,2022-02-09,2022-01-28,0.05336485209003215,0.75,,1.6660020716625605,31170509.60673718,0.0,46802421.39326282,46802421.39326282,0,False
2022-02-11,2022-02-10,2022-01-28,0.05336485209003215,0.75,,1.6659999433081585,31552628.25939317,0.0,47376322.74060683,47376322.74060683,0,False
2022-02-14,2022-02-11,2022-01-28,0.05336485209003215,0.75,,1.682431475605204,31561705.04286505,0.0,46248899.95713495,46248899.95713495,0,False
2022-02-15,2022-02-14,2022-01-28,0.05336485209003215,0.75,,1.7138226587613739,31564731.50773217,0.0,44219290.49226783,44219290.49226783,0,False
2022-02-16,2022-02-15,2022-01-28,0.05336485209003215,0.75,,1.7157232355178975,31567758.262808256,0.0,44106096.737191744,44106096.737191744,0,False
2022-02-17,2022-02-16,2022-01-28,0.05336485209003215,0.75,,1.6998125786673433,31570785.308121126,0.0,45113200.69187887,45113200.69187887,0,False
2022-02-18,2022-02-17,2022-01-28,0.05336485209003215,0.75,,1.6719693066559966,31573812.643698618,0.0,46986986.35630138,46986986.35630138,0,False
2022-02-21,2022-02-18,2022-01-28,0.05336485209003215,0.75,,1.6659938200388185,31703756.81458845,0.0,47603680.18541155,47603680.18541155,0,False
2022-02-22,2022-02-21,2022-01-28,0.05336485209003215,0.75,,1.6659950207802772,31883330.08684834,0.0,47873225.91315166,47873225.91315166,0,False
2022-02-23,2022-02-22,2022-01-28,0.05336485209003215,0.75,,1.6914459693749726,31886387.39247311,0.0,46115515.60752689,46115515.60752689,0,False
2022-02-24,2022-02-23,2022-01-28,0.05336485209003215,0.75,,1.7018350231836945,31889444.99126417,0.0,45437238.008735836,45437238.008735836,0,False
2022-02-25,2022-02-24,2022-01-28,0.05336485209003215,0.75,,1.7403804420351159,31892502.883249633,0.0,43075831.11675037,43075831.11675037,0,False
2022-02-28,2022-02-25,2022-01-28,0.05336485209003215,0.75,,1.7052929106139323,31901677.43887358,0.0,45231813.56112642,45231813.56112642,0,False
2022-03-01,2022-02-28,2022-02-28,0.05180449482895784,0.6833333333333333,,1.682084114941053,31904736.503833473,0.0,46775369.49616653,46775369.49616653,0,False
2022-03-02,2022-03-01,2022-02-28,0.05180449482895784,0.6833333333333333,,1.6726807716631509,31907795.862128362,0.0,47433786.13787164,47433786.13787164,0,False
2022-03-03,2022-03-02,2022-02-28,0.05180449482895784,0.6833333333333333,,1.6659943328846418,32421295.656026375,0.0,48681038.34397362,48681038.34397362,0,False
2022-03-04,2022-03-03,2022-02-28,0.05180449482895784,0.6833333333333333,,1.6680703216636035,32424404.54739065,0.0,48534418.452609345,48534418.452609345,0,False
2022-03-07,2022-03-04,2022-02-28,0.05180449482895784,0.6833333333333333,,1.6811781920855104,32433732.11582209,0.0,47614166.88417791,47614166.88417791,0,False
2022-03-08,2022-03-07,2022-02-28,0.05180449482895784,0.6833333333333333,,1.6660391081839379,29387398.38498408,193.99446047120728,44122340.60947639,44122340.60947639,0,False
2022-03-09,2022-03-08,2022-02-28,0.05180449482895784,0.6833333333333333,,1.665992908994556,30389812.325031757,0.0,45630834.67496824,45630834.67496824,0,False
2022-03-10,2022-03-09,2022-02-28,0.05180449482895784,0.6833333333333333,,1.665992774724492,30418425.67356457,0.0,45673807.32643543,45673807.32643543,0,False
2022-03-11,2022-03-10,2022-02-28,0.05180449482895784,0.6833333333333333,,1.665999969808964,30871073.97392313,0.0,46352966.02607687,46352966.02607687,0,False
2022-03-14,2022-03-11,2022-02-28,0.05180449482895784,0.6833333333333333,,1.7029749469787199,30879954.693833437,0.0,43927532.30616656,43927532.30616656,0,False
2022-03-15,2022-03-14,2022-02-28,0.05180449482895784,0.6833333333333333,,1.7988338647594664,30882915.78537942,0.0,38659998.214620575,38659998.214620575,0,False
2022-03-16,2022-03-15,2022-02-28,0.05180449482895784,0.6833333333333333,,1.7617607245305775,30885877.16086569,0.0,40545378.839134306,40545378.839134306,0,False
2022-03-17,2022-03-16,2022-02-28,0.05180449482895784,0.6833333333333333,,1.7571669919029433,30888838.820319474,0.0,40795279.179680526,40795279.179680526,0,False
2022-03-18,2022-03-17,2022-02-28,0.05180449482895784,0.6833333333333333,,1.7121214305245849,30891800.763768,0.0,43379962.236232,43379962.236232,0,False
2022-03-21,2022-03-18,2022-02-28,0.05180449482895784,0.6833333333333333,,1.679173655040539,30900687.446179494,0.0,45497476.553820506,45497476.553820506,0,False
2022-03-22,2022-03-21,2022-02-28,0.05180449482895784,0.6833333333333333,,1.6659923565117172,31408896.09669762,0.0,47161045.90330238,47161045.90330238,0,False
2022-03-23,2022-03-22,2022-02-28,0.05180449482895784,0.6833333333333333,,1.6732850615295853,31411907.9086521,0.0,46654693.0913479,46654693.0913479,0,False
2022-03-24,2022-03-23,2022-02-28,0.05180449482895784,0.6833333333333333,,1.6659951049604513,31504839.89951046,0.0,47304912.10048954,47304912.10048954,0,False
2022-03-25,2022-03-24,2022-02-28,0.05180449482895784,0.6833333333333333,,1.6659933015195878,31770083.752895623,0.0,47703308.24710438,47703308.24710438,0,False
2022-03-28,2022-03-25,2022-02-28,0.05180449482895784,0.6833333333333333,,1.666003298170081,34248093.63794742,0.0,51423309.36205258,51423309.36205258,0,False
2022-03-29,2022-03-28,2022-02-28,0.05180449482895784,0.6833333333333333,,1.6659958882034998,35690407.97764093,0.0,53589532.02235907,53589532.02235907,0,False
2022-03-30,2022-03-29,2022-02-28,0.05180449482895784,0.6833333333333333,,1.6903779415343183,35693830.34552919,0.0,51701869.65447081,51701869.65447081,0,False
2022-03-31,2022-03-30,2022-02-28,0.05180449482895784,0.6833333333333333,,1.670252909627772,35697253.04158972,0.0,53259377.95841028,53259377.95841028,0,False
2022-04-01,2022-03-31,2022-03-31,0.057446232081911255,0.8666666666666667,,1.675384615463634,35700676.06585398,0.0,52859770.93414602,52859770.93414602,0,False
2022-04-06,2022-04-01,2022-03-31,0.057446232081911255,0.8666666666666667,,1.6895980964291226,35717792.82835131,0.0,51795086.17164869,51795086.17164869,0,False
2022-04-07,2022-04-06,2022-03-31,0.057446232081911255,0.8666666666666667,,1.6783156837678723,35721217.82218417,0.0,52661642.17781583,52661642.17781583,0,False
2022-04-08,2022-04-07,2022-03-31,0.057446232081911255,0.8666666666666667,,1.6659965936247993,36087100.01031109,0.0,54185111.98968891,54185111.98968891,0,False
2022-04-11,2022-04-08,2022-03-31,0.057446232081911255,0.8666666666666667,,1.6659992575693547,36204097.957412,0.0,54360568.042588,54360568.042588,0,False
2022-04-12,2022-04-11,2022-03-31,0.057446232081911255,0.8666666666666667,,1.6665523204868646,36207569.58324353,0.0,54320671.41675647,54320671.41675647,0,False
2022-04-13,2022-04-12,2022-03-31,0.057446232081911255,0.8666666666666667,,1.6659995345778251,37528772.445180684,0.0,56349547.554819316,56349547.554819316,0,False
2022-04-14,2022-04-13,2022-03-31,0.057446232081911255,0.8666666666666667,,1.6660012386373304,39774412.69204324,0.0,59721229.30795676,59721229.30795676,0,False
2022-04-15,2022-04-14,2022-03-31,0.057446232081911255,0.8666666666666667,,1.6669081795799652,37006478.475221924,0.0,55489615.524778076,55489615.524778076,0,False
2022-04-18,2022-04-15,2022-03-31,0.057446232081911255,0.8666666666666667,,1.7150856466447626,37017124.17450932,0.0,51766000.82549068,51766000.82549068,0,False
2022-04-19,2022-04-18,2022-03-31,0.057446232081911255,0.8666666666666667,,1.6953890477107416,37020673.76175892,0.0,53237355.23824108,53237355.23824108,0,False
2022-04-20,2022-04-19,2022-03-31,0.057446232081911255,0.8666666666666667,,1.7472104994001874,37024223.689379916,0.0,49549924.310620084,49549924.310620084,0,False
2022-04-21,2022-04-20,2022-03-31,0.057446232081911255,0.8666666666666667,,1.7018593295807711,34568950.75504493,0.0,49253389.24495507,49253389.24495507,0,False
2022-04-22,2022-04-21,2022-03-31,0.057446232081911255,0.8666666666666667,,1.6660426866658191,33306699.56976446,173.43845521073,50006593.868690744,50006593.868690744,0,False
2022-04-25,2022-04-22,2022-03-31,0.057446232081911255,0.8666666666666667,,1.6721222934717601,31012903.32273754,0.0,46141756.677262455,46141756.677262455,0,False
2022-04-26,2022-04-25,2022-03-31,0.057446232081911255,0.8666666666666667,,1.699739930994202,31015877.16278219,0.0,44324863.83721781,44324863.83721781,0,False
2022-04-27,2022-04-26,2022-03-31,0.057446232081911255,0.8666666666666667,,1.6659999622822104,31160342.81949958,0.0,46787304.18050042,46787304.18050042,0,False
2022-04-28,2022-04-27,2022-03-31,0.057446232081911255,0.8666666666666667,,1.6660036770512212,33837341.87529816,0.0,50806539.12470184,50806539.12470184,0,False
2022-04-29,2022-04-28,2022-03-31,0.057446232081911255,0.8666666666666667,,1.6730060909248352,33840586.55191634,0.0,50282734.44808366,50282734.44808366,0,False
2022-05-05,2022-04-29,2022-04-29,0.06082006601248884,0.9333333333333333,,1.6833233442770177,33860056.47842566,0.0,49552026.52157434,49552026.52157434,0,False
2022-05-06,2022-05-05,2022-04-29,0.06082006601248884,0.9333333333333333,,1.7009595412480174,33863303.33315647,0.0,48309925.66684353,48309925.66684353,0,False
2022-05-09,2022-05-06,2022-04-29,0.06082006601248884,0.9333333333333333,,1.717151424661384,33873044.83137559,0.0,47232765.16862441,47232765.16862441,0,False
2022-05-10,2022-05-09,2022-04-29,0.06082006601248884,0.9333333333333333,,1.7400844566549274,33876292.931564905,0.0,45773550.068435095,45773550.068435095,0,False
2022-05-11,2022-05-10,2022-04-29,0.06082006601248884,0.9333333333333333,,1.7141457834163418,33879541.343215875,0.0,47440651.656784125,47440651.656784125,0,False
2022-05-12,2022-05-11,2022-04-29,0.06082006601248884,0.9333333333333333,,1.7334896982739745,33882790.06635837,0.0,46193954.93364163,46193954.93364163,0,False
2022-05-13,2022-05-12,2022-04-29,0.06082006601248884,0.9333333333333333,,1.6941189976836526,33886039.10102227,0.0,48818774.89897773,48818774.89897773,0,False
2022-05-16,2022-05-13,2022-04-29,0.06082006601248884,0.9333333333333333,,1.6818249882681706,33895787.13966777,0.0,49713324.86033223,49713324.86033223,0,False
2022-05-17,2022-05-16,2022-04-29,0.06082006601248884,0.9333333333333333,,1.676712621720791,33899037.42062637,0.0,50093697.57937363,50093697.57937363,0,False
2022-05-18,2022-05-17,2022-04-29,0.06082006601248884,0.9333333333333333,,1.6912348250537195,33902288.013255745,0.0,49045977.986744255,49045977.986744255,0,False
2022-05-19,2022-05-18,2022-04-29,0.06082006601248884,0.9333333333333333,,1.694087121879928,33905538.91758578,0.0,48849111.08241422,48849111.08241422,0,False
2022-05-20,2022-05-19,2022-04-29,0.06082006601248884,0.9333333333333333,,1.6659985154732777,34359441.69986638,0.0,51590868.30013362,51590868.30013362,0,False
2022-05-23,2022-05-20,2022-04-29,0.06082006601248884,0.9333333333333333,,1.6659996196646119,34429600.55230113,0.0,51696126.44769887,51696126.44769887,0,False
2022-05-24,2022-05-23,2022-04-29,0.06082006601248884,0.9333333333333333,,1.6770782290377435,34432902.02084724,0.0,50855130.97915276,50855130.97915276,0,False
2022-05-25,2022-05-24,2022-04-29,0.06082006601248884,0.9333333333333333,,1.6659991256055768,34918416.84357253,0.0,52430124.15642747,52430124.15642747,0,False
2022-05-26,2022-05-25,2022-04-29,0.06082006601248884,0.9333333333333333,,1.6659976265105856,35928647.929833695,0.0,53947111.070166305,53947111.070166305,0,False
2022-05-27,2022-05-26,2022-04-29,0.06082006601248884,0.9333333333333333,,1.6660195279171341,36679790.81982888,0.0,55073146.18017112,55073146.18017112,0,False
2022-05-30,2022-05-27,2022-04-29,0.06082006601248884,0.9333333333333333,,1.6660191027909725,35833471.6320432,199.03684751619585,53802169.40480432,53802169.40480432,0,False
2022-05-31,2022-05-30,2022-04-29,0.06082006601248884,0.9333333333333333,,1.6660197059482793,35688629.19210997,216.278693406377,53584620.086583436,53584620.086583436,0,False
2022-06-01,2022-05-31,2022-05-31,0.060913222614840994,0.9333333333333333,,1.666019119629419,35944108.082416356,0.0,53968582.917583644,53968582.917583644,0,False
2022-06-02,2022-06-01,2022-05-31,0.060913222614840994,0.9333333333333333,,1.6660180255054393,35106467.206043854,251.76825192640536,52710608.56220807,52710608.56220807,0,False
2022-06-06,2022-06-02,2022-05-31,0.060913222614840994,0.9333333333333333,,1.6660029489804418,36266100.204022735,0.0,54453362.795977265,54453362.795977265,0,False
2022-06-07,2022-06-06,2022-05-31,0.060913222614840994,0.9333333333333333,,1.6660174795703864,35973527.94566673,328.43578155199066,54012395.49011482,54012395.49011482,0,False
2022-06-08,2022-06-07,2022-05-31,0.060913222614840994,0.9333333333333333,,1.6660255872139373,37587910.771603525,0.0,56436136.228396475,56436136.228396475,0,False
2022-06-09,2022-06-08,2022-05-31,0.060913222614840994,0.9333333333333333,,1.6660193198272886,37937498.0693045,0.0,56961557.9306955,56961557.9306955,0,False
2022-06-10,2022-06-09,2022-05-31,0.060913222614840994,0.9333333333333333,,1.6660156480693364,38642621.709625125,0.0,58020591.290374875,58020591.290374875,0,False
2022-06-13,2022-06-10,2022-05-31,0.060913222614840994,0.9333333333333333,,1.676147633596124,38653738.08025392,0.0,57167600.91974608,57167600.91974608,0,False
2022-06-14,2022-06-13,2022-05-31,0.060913222614840994,0.9333333333333333,,1.665997385335256,39186742.81948353,0.0,58839184.18051647,58839184.18051647,0,False
2022-06-15,2022-06-14,2022-05-31,0.060913222614840994,0.9333333333333333,,1.6729764472720847,39190500.45235664,0.0,58234579.54764336,58234579.54764336,0,False
2022-06-16,2022-06-15,2022-05-31,0.060913222614840994,0.9333333333333333,,1.6979044496252498,39194258.445550695,0.0,56159920.554449305,56159920.554449305,0,False
2022-06-17,2022-06-16,2022-05-31,0.060913222614840994,0.9333333333333333,,1.698075056070234,39198016.799100265,0.0,56151579.200899735,56151579.200899735,0,False
2022-06-20,2022-06-17,2022-05-31,0.060913222614840994,0.9333333333333333,,1.7336624706985588,39209292.94091918,0.0,53443231.05908082,53443231.05908082,0,False
2022-06-21,2022-06-20,2022-05-31,0.060913222614840994,0.9333333333333333,,1.724199252742914,39213052.736132696,0.0,54146773.263867304,54146773.263867304,0,False
2022-06-22,2022-06-21,2022-05-31,0.060913222614840994,0.9333333333333333,,1.7408199444893941,39216812.891874515,0.0,52937037.108125485,52937037.108125485,0,False
2022-06-23,2022-06-22,2022-05-31,0.060913222614840994,0.9333333333333333,,1.7123154096021622,38409973.408179216,0.0,53922704.591820784,53922704.591820784,0,False
2022-06-24,2022-06-23,2022-05-31,0.060913222614840994,0.9333333333333333,,1.7176727876131272,38413592.65631425,0.0,53525218.34368575,53525218.34368575,0,False
2022-06-27,2022-06-24,2022-05-31,0.060913222614840994,0.9333333333333333,,1.6992390541744695,38424643.14187291,0.0,54952083.85812709,54952083.85812709,0,False
2022-06-28,2022-06-27,2022-05-31,0.060913222614840994,0.9333333333333333,,1.6820718579655989,38428327.69669474,0.0,56340585.30330526,56340585.30330526,0,False
2022-06-29,2022-06-28,2022-05-31,0.060913222614840994,0.9333333333333333,,1.6828741247076207,38432012.60483004,0.0,56279790.39516996,56279790.39516996,0,False
2022-06-30,2022-06-29,2022-05-31,0.060913222614840994,0.9333333333333333,,1.6760279077222728,37908807.8663127,0.0,56075803.1336873,56075803.1336873,0,False
2022-07-01,2022-06-30,2022-06-30,0.053029768480909824,0.6833333333333333,,1.6659996794694483,37945260.28559796,0.0,56974892.71440204,56974892.71440204,0,False
2022-07-04,2022-07-01,2022-06-30,0.053029768480909824,0.6833333333333333,,1.6659948677182466,37989624.37983614,0.0,57041917.62016386,57041917.62016386,0,False
2022-07-05,2022-07-04,2022-06-30,0.053029768480909824,0.6833333333333333,,1.6660204809599062,39302124.5998301,0.0,59010384.4001699,59010384.4001699,0,False
2022-07-06,2022-07-05,2022-06-30,0.053029768480909824,0.6833333333333333,,1.6660210646231188,37479238.38039145,32.87623191108514,56273303.49584046,56273303.49584046,0,False
2022-07-07,2022-07-06,2022-06-30,0.053029768480909824,0.6833333333333333,,1.6659983964171357,37509594.67158026,0.0,56320848.32841974,56320848.32841974,0,False
2022-07-08,2022-07-07,2022-06-30,0.053029768480909824,0.6833333333333333,,1.6660224379522972,37158022.4609692,109.27554097876305,55790782.814571775,55790782.814571775,0,False
2022-07-11,2022-07-08,2022-06-30,0.053029768480909824,0.6833333333333333,,1.666039289147765,36773315.55461249,59.555681658908725,55211842.00106917,55211842.00106917,0,False
2022-07-12,2022-07-11,2022-06-30,0.053029768480909824,0.6833333333333333,,1.6662347022362372,36971725.25753168,0.0,55493544.74246832,55493544.74246832,0,False
2022-07-13,2022-07-12,2022-06-30,0.053029768480909824,0.6833333333333333,,1.6661038450139016,36618872.14468732,147.04768683012162,54974498.90299951,54974498.90299951,0,False
2022-07-14,2022-07-13,2022-06-30,0.053029768480909824,0.6833333333333333,,1.6837165073513534,36622236.495699294,0.0,53563481.504300706,53563481.504300706,0,False
2022-07-15,2022-07-14,2022-06-30,0.053029768480909824,0.6833333333333333,,1.6665602390439709,35171999.7170071,0.0,52766423.2829929,52766423.2829929,0,False
2022-07-18,2022-07-15,2022-06-30,0.053029768480909824,0.6833333333333333,,1.6659959998529679,36156912.90520843,0.0,54289985.09479157,54289985.09479157,0,False
2022-07-19,2022-07-18,2022-06-30,0.053029768480909824,0.6833333333333333,,1.6659987790278512,36404070.80948591,0.0,54660867.19051409,54660867.19051409,0,False
2022-07-20,2022-07-19,2022-06-30,0.053029768480909824,0.6833333333333333,,1.6659983812300916,36595005.195976414,0.0,54947588.804023586,54947588.804023586,0,False
2022-07-21,2022-07-20,2022-06-30,0.053029768480909824,0.6833333333333333,,1.6800701897009873,36598514.3060637,0.0,53815789.6939363,53815789.6939363,0,False
2022-07-22,2022-07-21,2022-06-30,0.053029768480909824,0.6833333333333333,,1.6808358301525725,36602023.75264099,0.0,53760425.24735901,53760425.24735901,0,False
2022-07-25,2022-07-22,2022-06-30,0.053029768480909824,0.6833333333333333,,1.681593443759554,36612553.1019397,0.0,53716116.8980603,53716116.8980603,0,False
2022-07-26,2022-07-25,2022-06-30,0.053029768480909824,0.6833333333333333,,1.6753035600695523,36616063.894702904,0.0,54221636.105297096,54221636.105297096,0,False
2022-07-27,2022-07-26,2022-06-30,0.053029768480909824,0.6833333333333333,,1.6793537048897367,36619575.02411746,0.0,53903547.97588254,53903547.97588254,0,False
2022-07-28,2022-07-27,2022-06-30,0.053029768480909824,0.6833333333333333,,1.6765953528743782,36623086.49021567,0.0,54128492.50978433,54128492.50978433,0,False
2022-07-29,2022-07-28,2022-06-30,0.053029768480909824,0.6833333333333333,,1.6821507316335425,36626598.2930298,0.0,53692822.7069702,53692822.7069702,0,False
2022-08-01,2022-07-29,2022-07-29,0.05985258741258742,0.9,,1.6885537481860553,36637134.71171684,0.0,53208823.28828316,53208823.28828316,0,False
2022-08-02,2022-08-01,2022-07-29,0.05985258741258742,0.9,,1.7101626031059547,36640647.8616207,0.0,51594730.1383793,51594730.1383793,0,False
2022-08-03,2022-08-02,2022-07-29,0.05985258741258742,0.9,,1.53602317643073,33989079.9979643,6670542.320992344,50965217.323028035,50965217.323028035,0,False
2022-08-04,2022-08-03,2022-07-29,0.05985258741258742,0.9,,1.6660097204447317,34130789.81066107,0.0,51246684.18933893,51246684.18933893,0,False
2022-08-05,2022-08-04,2022-07-29,0.05985258741258742,0.9,,1.6659969250506907,34409632.93552236,0.0,51666354.06447764,51666354.06447764,0,False
2022-08-08,2022-08-05,2022-07-29,0.05985258741258742,0.9,,1.665999654183458,34612678.81006177,0.0,51971016.18993823,51971016.18993823,0,False
2022-08-09,2022-08-08,2022-07-29,0.05985258741258742,0.9,,1.6659971098974067,34846449.180917256,0.0,52322222.819082744,52322222.819082744,0,False
2022-08-10,2022-08-09,2022-07-29,0.05985258741258742,0.9,,1.6677762428411793,34849790.621249676,0.0,52187826.378750324,52187826.378750324,0,False
2022-08-11,2022-08-10,2022-07-29,0.05985258741258742,0.9,,1.6659962070957313,35291770.62689418,0.0,52990948.37310582,52990948.37310582,0,False
2022-08-12,2022-08-11,2022-07-29,0.05985258741258742,0.9,,1.6659978458097289,35765552.50734306,0.0,53702204.49265694,53702204.49265694,0,False
2022-08-15,2022-08-12,2022-07-29,0.05985258741258742,0.9,,1.6659999708050806,36017979.83139736,0.0,54081053.16860264,54081053.16860264,0,False
2022-08-16,2022-08-15,2022-07-29,0.05985258741258742,0.9,,1.6659990197318535,36498264.0558653,0.0,54802278.9441347,54802278.9441347,0,False
2022-08-17,2022-08-16,2022-07-29,0.05985258741258742,0.9,,1.665998320343367,36893094.902234904,0.0,55395177.097765096,55395177.097765096,0,False
2022-08-18,2022-08-17,2022-07-29,0.05985258741258742,0.9,,1.665996632729301,36954677.98055663,0.0,55487785.01944337,55487785.01944337,0,False
2022-08-19,2022-08-18,2022-07-29,0.05985258741258742,0.9,,1.6659996607160223,38662850.03947504,0.0,58052356.96052496,58052356.96052496,0,False
2022-08-22,2022-08-19,2022-07-29,0.05985258741258742,0.9,,1.6660001411068233,39109578.14059242,0.0,58723077.85940758,58723077.85940758,0,False
2022-08-23,2022-08-22,2022-07-29,0.05985258741258742,0.9,,1.6659963269715283,39487301.506632745,0.0,59290569.493367255,59290569.493367255,0,False
2022-08-24,2022-08-23,2022-07-29,0.05985258741258742,0.9,,1.6839239460285953,39491087.960201874,0.0,57741929.039798126,57741929.039798126,0,False
2022-08-25,2022-08-24,2022-07-29,0.05985258741258742,0.9,,1.6667539011232513,39494874.776855595,0.0,59234561.223144405,59234561.223144405,0,False
2022-08-26,2022-08-25,2022-07-29,0.05985258741258742,0.9,,1.675712718059619,39498661.95662872,0.0,58454815.04337128,58454815.04337128,0,False
2022-08-29,2022-08-26,2022-07-29,0.05985258741258742,0.9,,1.6753971649199777,39510024.58541076,0.0,58498949.414589226,58498949.414589226,0,False
2022-08-30,2022-08-29,2022-07-29,0.05985258741258742,0.9,,1.6660163698067774,37038442.3368751,127.21256985014043,55611718.875694744,55611718.875694744,0,False
2022-08-31,2022-08-30,2022-07-29,0.05985258741258742,0.9,,1.6873405959137078,37041866.75576222,0.0,53891574.24423778,53891574.24423778,0,False
2022-09-01,2022-08-31,2022-08-31,0.06451910163339383,0.9666666666666667,,1.6861498521092695,37045418.715588115,0.0,53990274.284411885,53990274.284411885,0,False
2022-09-02,2022-09-01,2022-08-31,0.06451910163339383,0.9666666666666667,,1.6962596517970234,37048971.0160129,0.0,53211428.9839871,53211428.9839871,0,False
2022-09-05,2022-09-02,2022-08-31,0.06451910163339383,0.9666666666666667,,1.6772727662785296,37059628.93918189,0.0,54718912.06081811,54718912.06081811,0,False
2022-09-06,2022-09-05,2022-08-31,0.06451910163339383,0.9666666666666667,,1.6662459875152833,37063182.60223085,0.0,55629877.39776915,55629877.39776915,0,False
2022-09-07,2022-09-06,2022-08-31,0.06451910163339383,0.9666666666666667,,1.6659961923084547,37365900.51045202,0.0,56105276.48954798,56105276.48954798,0,False
2022-09-08,2022-09-07,2022-08-31,0.06451910163339383,0.9666666666666667,,1.6730054541890014,37369483.54200781,0.0,55526271.45799219,55526271.45799219,0,False
2022-09-09,2022-09-08,2022-08-31,0.06451910163339383,0.9666666666666667,,1.6660223485991388,38155338.038971975,0.0,57288374.961028025,57288374.961028025,0,False
2022-09-13,2022-09-09,2022-08-31,0.06451910163339383,0.9666666666666667,,1.6758706779282766,38169972.963151306,0.0,56475261.036848694,56475261.036848694,0,False
2022-09-14,2022-09-13,2022-08-31,0.06451910163339383,0.9666666666666667,,1.686565034937943,38173633.097545035,0.0,55600898.902454965,55600898.902454965,0,False
2022-09-15,2022-09-14,2022-08-31,0.06451910163339383,0.9666666666666667,,1.6879980643853587,38177293.58291055,0.0,55490408.41708945,55490408.41708945,0,False
2022-09-16,2022-09-15,2022-08-31,0.06451910163339383,0.9666666666666667,,1.7142360964315748,38180954.41928152,0.0,53457049.58071848,53457049.58071848,0,False
2022-09-19,2022-09-16,2022-08-31,0.06451910163339383,0.9666666666666667,,1.7059697418950979,38191937.98151173,0.0,54098548.01848827,54098548.01848827,0,False
2022-09-20,2022-09-19,2022-08-31,0.06451910163339383,0.9666666666666667,,1.7077882628660057,38195600.22214009,0.0,53964726.77785991,53964726.77785991,0,False
2022-09-21,2022-09-20,2022-08-31,0.06451910163339383,0.9666666666666667,,1.7065762446641495,38199262.81394221,0.0,54062478.18605779,54062478.18605779,0,False
2022-09-22,2022-09-21,2022-08-31,0.06451910163339383,0.9666666666666667,,1.6988692336172733,38202925.756951764,0.0,54663911.243048236,54663911.243048236,0,False
2022-09-23,2022-09-22,2022-08-31,0.06451910163339383,0.9666666666666667,,1.6660208849126452,36163718.71389918,23.162926748921336,54298140.44902757,54298140.44902757,0,False
2022-09-26,2022-09-23,2022-08-31,0.06451910163339383,0.9666666666666667,,1.6660247908809738,34808617.3308615,65.60009123552737,52263147.26922973,52263147.26922973,0,False
2022-09-27,2022-09-26,2022-08-31,0.06451910163339383,0.9666666666666667,,1.6660210070467005,34651352.93210157,136.45426053799508,52027212.52215897,52027212.52215897,0,False
2022-09-28,2022-09-27,2022-08-31,0.06451910163339383,0.9666666666666667,,1.6703773434343168,34654539.210313976,0.0,51694078.789686024,51694078.789686024,0,False
2022-09-29,2022-09-28,2022-08-31,0.06451910163339383,0.9666666666666667,,1.672111345101853,34657862.248320445,0.0,51565655.751679555,51565655.751679555,0,False
2022-09-30,2022-09-29,2022-08-31,0.06451910163339383,0.9666666666666667,,1.6659962223805,34914389.45433439,0.0,52424305.54566561,52424305.54566561,0,False
2022-10-10,2022-09-30,2022-09-30,0.06790998376313276,1.0,,1.665995969689351,35024403.42372595,0.0,52589512.57627405,52589512.57627405,0,False
2022-10-11,2022-10-10,2022-09-30,0.06790998376313276,1.0,,1.6693674533949465,35027761.92816384,0.0,52329646.07183616,52329646.07183616,0,False
2022-10-12,2022-10-11,2022-09-30,0.06790998376313276,1.0,,1.6659991819682416,35074780.1911401,0.0,52664899.8088599,52664899.8088599,0,False
2022-10-13,2022-10-12,2022-09-30,0.06790998376313276,1.0,,1.6753577109013238,35076561.582226925,0.0,51937752.417773075,51937752.417773075,0,False
2022-10-14,2022-10-13,2022-09-30,0.06790998376313276,1.0,,1.6683813150792042,35079925.08813207,0.0,52484897.91186793,52484897.91186793,0,False
2022-10-17,2022-10-14,2022-09-30,0.06790998376313276,1.0,,1.6761328748467519,35090016.573431395,0.0,51898107.426568605,51898107.426568605,0,False
2022-10-18,2022-10-17,2022-09-30,0.06790998376313276,1.0,,1.6727277568472405,35093381.369541176,0.0,52165799.630458824,52165799.630458824,0,False
2022-10-19,2022-10-18,2022-09-30,0.06790998376313276,1.0,,1.6808390829624453,35096746.48830264,0.0,51549253.51169736,51549253.51169736,0,False
2022-10-20,2022-10-19,2022-09-30,0.06790998376313276,1.0,,1.6882138591947058,35100111.929746725,0.0,51001751.070253275,51001751.070253275,0,False
2022-10-21,2022-10-20,2022-09-30,0.06790998376313276,1.0,,1.6895890633684534,35103477.69390437,0.0,50904922.30609563,50904922.30609563,0,False
2022-10-24,2022-10-21,2022-09-30,0.06790998376313276,1.0,,1.7016528430774127,35113575.95461083,0.0,50044087.04538917,50044087.04538917,0,False
2022-10-25,2022-10-24,2022-09-30,0.06790998376313276,1.0,,1.7039570181747143,35116943.009839356,0.0,49885066.990160644,49885066.990160644,0,False
2022-10-26,2022-10-25,2022-09-30,0.06790998376313276,1.0,,1.703842206165504,35120310.38793619,0.0,49897988.61206381,49897988.61206381,0,False
2022-10-27,2022-10-26,2022-09-30,0.06790998376313276,1.0,,1.6660666807899678,33462891.78693229,0.0,50239552.21306771,50239552.21306771,0,False
2022-10-28,2022-10-27,2022-09-30,0.06790998376313276,1.0,,1.6731514696581935,33466100.55737761,0.0,49715557.44262239,49715557.44262239,0,False
2022-10-31,2022-10-28,2022-09-30,0.06790998376313276,1.0,,1.681149322975733,33437848.67278453,0.0,49090335.32721547,49090335.32721547,0,False
2022-11-01,2022-10-31,2022-10-31,0.07762527263267431,1.0,,1.670915256023302,33441055.041835345,0.0,49843932.958164655,49843932.958164655,0,False
2022-11-02,2022-11-01,2022-10-31,0.07762527263267431,1.0,,1.6691271468263438,33444261.718346205,0.0,49981923.28165379,49981923.28165379,0,False
2022-11-03,2022-11-02,2022-10-31,0.07762527263267431,1.0,,1.6703897695148355,33447468.702346593,0.0,49892570.29765341,49892570.29765341,0,False
2022-11-04,2022-11-03,2022-10-31,0.07762527263267431,1.0,,1.6659984155395435,34124414.096906,0.0,51237980.903094,51237980.903094,0,False
2022-11-07,2022-11-04,2022-10-31,0.07762527263267431,1.0,,1.6659807021492896,34196595.56856045,0.0,51347727.43143955,51347727.43143955,0,False
2022-11-08,2022-11-07,2022-10-31,0.07762527263267431,1.0,,1.6688062905885437,34199874.69416291,0.0,51135695.30583709,51135695.30583709,0,False
2022-11-09,2022-11-08,2022-10-31,0.07762527263267431,1.0,,1.6724758547780703,34203154.13420208,0.0,50861534.86579792,50861534.86579792,0,False
2022-11-10,2022-11-09,2022-10-31,0.07762527263267431,1.0,,1.6733317478324021,34206433.8887081,0.0,50801754.1112919,50801754.1112919,0,False
2022-11-11,2022-11-10,2022-10-31,0.07762527263267431,1.0,,1.6659978382422347,34643341.651511125,0.0,52017198.348488875,52017198.348488875,0,False
2022-11-14,2022-11-11,2022-10-31,0.07762527263267431,1.0,,1.6659742513908604,34690181.91300499,0.0,52089374.08699501,52089374.08699501,0,False
2022-11-15,2022-11-14,2022-10-31,0.07762527263267431,1.0,,1.6659923596848711,34794760.505314864,0.0,52244984.494685136,52244984.494685136,0,False
2022-11-16,2022-11-15,2022-10-31,0.07762527263267431,1.0,,1.673658025128213,34798096.98919894,0.0,51655433.01080106,51655433.01080106,0,False
2022-11-17,2022-11-16,2022-10-31,0.07762527263267431,1.0,,1.6786875147868305,34801433.793019824,0.0,51277551.206980176,51277551.206980176,0,False
2022-11-18,2022-11-17,2022-10-31,0.07762527263267431,1.0,,1.682770281216251,34804770.916808195,0.0,50975814.083191805,50975814.083191805,0,False
2022-11-21,2022-11-18,2022-10-31,0.07762527263267431,1.0,,1.6848384309862037,34814783.24816783,0.0,50836491.75183217,50836491.75183217,0,False
2022-11-22,2022-11-21,2022-10-31,0.07762527263267431,1.0,,1.6728313235440146,34818121.652040936,0.0,51748663.347959064,51748663.347959064,0,False
2022-11-23,2022-11-22,2022-10-31,0.07762527263267431,1.0,,1.665989802792475,34895948.56883497,0.0,52397121.43116503,52397121.43116503,0,False
2022-11-24,2022-11-23,2022-10-31,0.07762527263267431,1.0,,1.667225986546924,34899294.75568403,0.0,52305059.24431597,52305059.24431597,0,False
2022-11-25,2022-11-24,2022-10-31,0.07762527263267431,1.0,,1.6659965634871736,35595694.490870334,0.0,53447264.509129666,53447264.509129666,0,False
2022-11-28,2022-11-25,2022-10-31,0.07762527263267431,1.0,,1.6737534456514567,35605934.34818962,0.0,52847127.65181038,52847127.65181038,0,False
2022-11-29,2022-11-28,2022-10-31,0.07762527263267431,1.0,,1.6659965876070628,35998335.39970685,0.0,54051831.60029315,54051831.60029315,0,False
2022-11-30,2022-11-29,2022-10-31,0.07762527263267431,1.0,,1.66600003714349,36337946.22485216,0.0,54561477.77514784,54561477.77514784,0,False
2022-12-01,2022-11-30,2022-11-30,0.0657573793755913,0.9333333333333333,,1.6724527985291813,36341430.685449064,0.0,54043095.314550936,54043095.314550936,0,False
2022-12-02,2022-12-01,2022-11-30,0.0657573793755913,0.9333333333333333,,1.6790084351410255,36344915.48017233,0.0,53526456.51982767,53526456.51982767,0,False
2022-12-05,2022-12-02,2022-11-30,0.0657573793755913,0.9333333333333333,,1.6660001804084226,36659400.306377314,0.0,55044129.693622686,55044129.693622686,0,False
2022-12-06,2022-12-05,2022-11-30,0.0657573793755913,0.9333333333333333,,1.6659984980683549,36693279.8948782,0.0,55095139.1051218,55095139.1051218,0,False
2022-12-07,2022-12-06,2022-11-30,0.0657573793755913,0.9333333333333333,,1.671124677517739,36696798.428566754,0.0,54679554.571433246,54679554.571433246,0,False
2022-12-08,2022-12-07,2022-11-30,0.0657573793755913,0.9333333333333333,,1.6668497277399632,36700317.29964895,0.0,55035363.70035105,55035363.70035105,0,False
2022-12-09,2022-12-08,2022-11-30,0.0657573793755913,0.9333333333333333,,1.669221113491712,36703836.508157134,0.0,54845604.491842866,54845604.491842866,0,False
2022-12-12,2022-12-09,2022-11-30,0.0657573793755913,0.9333333333333333,,1.6839328304855454,36714395.14605674,0.0,53681287.85394326,53681287.85394326,0,False
2022-12-13,2022-12-12,2022-11-30,0.0657573793755913,0.9333333333333333,,1.6742811910583075,36717915.70449541,0.0,54454901.29550459,54454901.29550459,0,False
2022-12-14,2022-12-13,2022-11-30,0.0657573793755913,0.9333333333333333,,1.676242022753364,36721436.60052186,0.0,54302210.39947814,54302210.39947814,0,False
2022-12-15,2022-12-14,2022-11-30,0.0657573793755913,0.9333333333333333,,1.6867108245195406,36724957.83416849,0.0,53479509.16583151,53479509.16583151,0,False
2022-12-16,2022-12-15,2022-11-30,0.0657573793755913,0.9333333333333333,,1.677257503612426,36728479.40546765,0.0,54231188.59453235,54231188.59453235,0,False
2022-12-19,2022-12-16,2022-11-30,0.0657573793755913,0.9333333333333333,,1.684775724140399,36142319.35731991,0.0,52779790.64268009,52779790.64268009,0,False
2022-12-20,2022-12-19,2022-11-30,0.0657573793755913,0.9333333333333333,,1.6911054584916776,36145785.05917609,0.0,52301402.94082391,52301402.94082391,0,False
2022-12-21,2022-12-20,2022-11-30,0.0657573793755913,0.9333333333333333,,1.6921345513311385,36149251.09335984,0.0,52228646.90664016,52228646.90664016,0,False
2022-12-22,2022-12-21,2022-11-30,0.0657573793755913,0.9333333333333333,,1.700727604533136,36152717.45990304,0.0,51593111.54009696,51593111.54009696,0,False
2022-12-23,2022-12-22,2022-11-30,0.0657573793755913,0.9333333333333333,,1.7043075321603214,36156184.15883755,0.0,51335790.84116245,51335790.84116245,0,False
2022-12-26,2022-12-23,2022-11-30,0.0657573793755913,0.9333333333333333,,1.7076217555844777,36166585.25291064,0.0,51110052.74708936,51110052.74708936,0,False
2022-12-27,2022-12-26,2022-11-30,0.0657573793755913,0.9333333333333333,,1.6915141224465913,36170053.28163352,0.0,52305588.71836648,52305588.71836648,0,False
2022-12-28,2022-12-27,2022-11-30,0.0657573793755913,0.9333333333333333,,1.68540634544443,36173521.6429071,0.0,52776753.3570929,52776753.3570929,0,False
2022-12-29,2022-12-28,2022-11-30,0.0657573793755913,0.9333333333333333,,1.6937382720891963,36176990.33676327,0.0,52147894.66323673,52147894.66323673,0,False
2022-12-30,2022-12-29,2022-11-30,0.0657573793755913,0.9333333333333333,,1.6905265750596876,36180459.36323392,0.0,52395462.63676608,52395462.63676608,0,False
2023-01-03,2022-12-30,2022-12-30,0.06607570632672333,0.9333333333333333,,1.690749899455281,36194336.799702,0.0,52398613.200298,52398613.200298,0,False
2023-01-04,2023-01-03,2022-12-30,0.06607570632672333,0.9333333333333333,,1.6840636168357905,36116043.39607211,0.0,52796322.60392789,52796322.60392789,0,False
2023-01-05,2023-01-04,2022-12-30,0.06607570632672333,0.9333333333333333,,1.6791628247046857,36119506.57831557,0.0,53182396.42168443,53182396.42168443,0,False
2023-01-06,2023-01-05,2022-12-30,0.06607570632672333,0.9333333333333333,,1.6789929752288937,36122970.092645,0.0,53200800.907355,53200800.907355,0,False
2023-01-09,2023-01-06,2022-12-30,0.06607570632672333,0.9333333333333333,,1.6781595104705933,36133361.631986715,0.0,53281508.368013285,53281508.368013285,0,False
2023-01-10,2023-01-09,2022-12-30,0.06607570632672333,0.9333333333333333,,1.6794092748510272,36136826.47488293,0.0,53188597.52511707,53188597.52511707,0,False
2023-01-11,2023-01-10,2022-12-30,0.06607570632672333,0.9333333333333333,,1.6672930890003201,36140291.650024354,0.0,54159547.349975646,54159547.349975646,0,False
2023-01-12,2023-01-11,2022-12-30,0.06607570632672333,0.9333333333333333,,1.6702942232518676,36143757.15744285,0.0,53922226.84255715,53922226.84255715,0,False
2023-01-13,2023-01-12,2022-12-30,0.06607570632672333,0.9333333333333333,,1.6659972891159494,36198819.67218028,0.0,54352803.32781972,54352803.32781972,0,False
2023-01-16,2023-01-13,2022-12-30,0.06607570632672333,0.9333333333333333,,1.671756822149772,36209233.03126406,0.0,53902292.96873594,53902292.96873594,0,False
2023-01-17,2023-01-16,2022-12-30,0.06607570632672333,0.9333333333333333,,1.669593884011819,36212705.14949993,0.0,54081594.85050007,54081594.85050007,0,False
2023-01-18,2023-01-17,2022-12-30,0.06607570632672333,0.9333333333333333,,1.665998246230488,36224448.68328865,0.0,54391207.31671135,54391207.31671135,0,False
2023-01-19,2023-01-18,2022-12-30,0.06607570632672333,0.9333333333333333,,1.6659961953924385,36474874.42230965,0.0,54767391.57769035,54767391.57769035,0,False
2023-01-20,2023-01-19,2022-12-30,0.06607570632672333,0.9333333333333333,,1.6659952325856862,36892735.587987676,0.0,55394894.412012324,55394894.412012324,0,False
2023-01-30,2023-01-20,2022-12-30,0.06607570632672333,0.9333333333333333,,1.6690599990466617,36928112.18375698,0.0,55194021.81624302,55194021.81624302,0,False
2023-01-31,2023-01-30,2022-12-30,0.06607570632672333,0.9333333333333333,,1.6737948537105647,36931653.23561022,0.0,54811420.76438978,54811420.76438978,0,False
2023-02-01,2023-01-31,2023-01-31,0.05983294671403197,0.8,,1.6701265536829168,36935194.62701637,0.0,55116745.37298363,55116745.37298363,0,False
2023-02-02,2023-02-01,2023-01-31,0.05983294671403197,0.8,,1.6721288055115773,36938736.358008005,0.0,54957823.641991995,54957823.641991995,0,False
2023-02-03,2023-02-02,2023-01-31,0.05983294671403197,0.8,,1.6757318419198228,36942278.42861768,0.0,54670027.57138232,54670027.57138232,0,False
2023-02-06,2023-02-03,2023-01-31,0.05983294671403197,0.8,,1.6772592329974747,36952905.65939851,0.0,54562424.34060149,54562424.34060149,0,False
2023-02-07,2023-02-06,2023-01-31,0.05983294671403197,0.8,,1.676684249185156,36956449.08870832,0.0,54614022.91129168,54614022.91129168,0,False
2023-02-08,2023-02-07,2023-01-31,0.05983294671403197,0.8,,1.6742414023290124,36959992.857799016,0.0,54817151.142200984,54817151.142200984,0,False
2023-02-09,2023-02-08,2023-01-31,0.05983294671403197,0.8,,1.6704353087459083,36963536.96670319,0.0,55133637.03329681,55133637.03329681,0,False
2023-02-10,2023-02-09,2023-01-31,0.05983294671403197,0.8,,1.6680306571847807,36967081.41545343,0.0,55337402.58454657,55337402.58454657,0,False
2023-02-13,2023-02-10,2023-01-31,0.05983294671403197,0.8,,1.6741601572025708,36977715.78134006,0.0,54850046.21865994,54850046.21865994,0,False
2023-02-14,2023-02-13,2023-01-31,0.05983294671403197,0.8,,1.676000146534972,36981261.58970266,0.0,54705996.41029734,54705996.41029734,0,False
2023-02-15,2023-02-14,2023-01-31,0.05983294671403197,0.8,,1.678929465575466,36984807.73807427,0.0,54475184.26192573,54475184.26192573,0,False
2023-02-16,2023-02-15,2023-01-31,0.05983294671403197,0.8,,1.6870886852338929,36988354.22648751,0.0,53833449.77351249,53833449.77351249,0,False
2023-02-17,2023-02-16,2023-01-31,0.05983294671403197,0.8,,1.6866092571427649,36991901.05497498,0.0,53876204.94502502,53876204.94502502,0,False
2023-02-20,2023-02-17,2023-01-31,0.05983294671403197,0.8,,1.6660072855870625,37002542.56075792,0.0,55558765.43924208,55558765.43924208,0,False
2023-02-21,2023-02-20,2023-01-31,0.05983294671403197,0.8,,1.6660001344233069,37302382.288710594,0.0,56009571.711289406,56009571.711289406,0,False
2023-02-22,2023-02-21,2023-01-31,0.05983294671403197,0.8,,1.6659991465728068,37489421.378248,0.0,56290494.621752,56290494.621752,0,False
2023-02-23,2023-02-22,2023-01-31,0.05983294671403197,0.8,,1.6659984839856303,37737117.07256057,0.0,56662466.92743943,56662466.92743943,0,False
2023-02-24,2023-02-23,2023-01-31,0.05983294671403197,0.8,,1.672238373338542,37740735.70022506,0.0,56141894.29977494,56141894.29977494,0,False
2023-02-27,2023-02-24,2023-01-31,0.05983294671403197,0.8,,1.678731987399343,37751592.62419362,0.0,55620765.37580638,55620765.37580638,0,False
2023-02-28,2023-02-27,2023-01-31,0.05983294671403197,0.8,,1.6779269066179836,37755212.63992471,0.0,55692158.36007529,55692158.36007529,0,False
2023-03-01,2023-02-28,2023-02-28,0.06050851477170993,0.8166666666666667,,1.671248285288895,37758833.002780594,0.0,56251663.997219406,56251663.997219406,0,False
2023-03-02,2023-03-01,2023-02-28,0.06050851477170993,0.8166666666666667,,1.6659960997624075,37956841.99361456,0.0,56992589.00638544,56992589.00638544,0,False
2023-03-03,2023-03-02,2023-02-28,0.06050851477170993,0.8166666666666667,,1.6659972042473012,38491907.09061203,0.0,57795898.90938797,57795898.90938797,0,False
2023-03-06,2023-03-03,2023-02-28,0.06050851477170993,0.8166666666666667,,1.6704043927652772,38502980.104980566,0.0,57432469.895019434,57432469.895019434,0,False
2023-03-07,2023-03-06,2023-02-28,0.06050851477170993,0.8166666666666667,,1.6659993752136895,38707872.21934597,0.0,58119982.78065403,58119982.78065403,0,False
2023-03-08,2023-03-07,2023-02-28,0.06050851477170993,0.8166666666666667,,1.6660780990226347,38711583.93312043,0.0,58118686.06687957,58118686.06687957,0,False
2023-03-09,2023-03-08,2023-02-28,0.06050851477170993,0.8166666666666667,,1.6673653595241085,38715296.00281265,0.0,58012144.99718735,58012144.99718735,0,False
2023-03-10,2023-03-09,2023-02-28,0.06050851477170993,0.8166666666666667,,1.6857371907321004,38719008.42845675,0.0,56463334.57154325,56463334.57154325,0,False
2023-03-13,2023-03-10,2023-02-28,0.06050851477170993,0.8166666666666667,,1.6733952141849457,38730146.77334713,0.0,57514734.22665287,57514734.22665287,0,False
2023-03-14,2023-03-13,2023-02-28,0.06050851477170993,0.8166666666666667,,1.6810382004715103,38733860.623037726,0.0,56874725.376962274,56874725.376962274,0,False
2023-03-15,2023-03-14,2023-02-28,0.06050851477170993,0.8166666666666667,,1.6729885696257647,38737574.828850895,0.0,57560524.171149105,57560524.171149105,0,False
2023-03-16,2023-03-15,2023-02-28,0.06050851477170993,0.8166666666666667,,1.6727052248047847,38741289.39082079,0.0,57590290.60917921,57590290.60917921,0,False
2023-03-17,2023-03-16,2023-02-28,0.06050851477170993,0.8166666666666667,,1.6678696164098492,38745004.30898155,0.0,58012826.69101845,58012826.69101845,0,False
2023-03-20,2023-03-17,2023-02-28,0.06050851477170993,0.8166666666666667,,1.6660005800549633,39298775.68869893,0.0,59007119.31130107,59007119.31130107,0,False
2023-03-21,2023-03-20,2023-02-28,0.06050851477170993,0.8166666666666667,,1.6790293043721367,39302544.06444991,0.0,57880482.93555009,57880482.93555009,0,False
2023-03-22,2023-03-21,2023-02-28,0.06050851477170993,0.8166666666666667,,1.6718307052773023,39306312.801551975,0.0,58506276.198448025,58506276.198448025,0,False
2023-03-23,2023-03-22,2023-02-28,0.06050851477170993,0.8166666666666667,,1.6659971546981158,39343637.235539794,0.0,59074782.764460206,59074782.764460206,0,False
2023-03-24,2023-03-23,2023-02-28,0.06050851477170993,0.8166666666666667,,1.6787059465677123,39347409.91308293,0.0,57974164.08691707,57974164.08691707,0,False
2023-03-27,2023-03-24,2023-02-28,0.06050851477170993,0.8166666666666667,,1.6861641625505024,39358729.03100313,0.0,57360513.96899687,57360513.96899687,0,False
2023-03-28,2023-03-27,2023-02-28,0.06050851477170993,0.8166666666666667,,1.6824044611635716,39362503.15570474,0.0,57682071.84429526,57682071.84429526,0,False
2023-03-29,2023-03-28,2023-02-28,0.06050851477170993,0.8166666666666667,,1.6850743986365917,39366277.64230871,0.0,57462777.35769129,57462777.35769129,0,False
2023-03-30,2023-03-29,2023-02-28,0.06050851477170993,0.8166666666666667,,1.676376121155462,39370052.490849756,0.0,58207336.509150244,58207336.509150244,0,False
2023-03-31,2023-03-30,2023-02-28,0.06050851477170993,0.8166666666666667,,1.678114863744835,39373827.70136258,0.0,58063655.29863742,58063655.29863742,0,False
2023-04-03,2023-03-31,2023-03-31,0.06020314463176575,0.8,,1.6818819447730549,39384793.60558051,0.0,57758962.39441949,57758962.39441949,0,False
2023-04-04,2023-04-03,2023-03-31,0.06020314463176575,0.8,,1.67485768808921,39388570.22962488,0.0,58365742.77037512,58365742.77037512,0,False
2023-04-06,2023-04-04,2023-03-31,0.06020314463176575,0.8,,1.6754717702340445,39396124.20199769,0.0,58323864.79800231,58323864.79800231,0,False
2023-04-07,2023-04-06,2023-03-31,0.06020314463176575,0.8,,1.677462706931157,39399901.912537605,0.0,58158038.087462395,58158038.087462395,0,False
2023-04-10,2023-04-07,2023-03-31,0.06020314463176575,0.8,,1.6778448954397829,39411236.13089601,0.0,58141967.86910399,58141967.86910399,0,False
2023-04-11,2023-04-10,2023-03-31,0.06020314463176575,0.8,,1.6714184555594465,39415015.290525,0.0,58704098.709475,58704098.709475,0,False
2023-04-12,2023-04-11,2023-03-31,0.06020314463176575,0.8,,1.665997534734499,39672025.55911916,0.0,59567826.44088084,59567826.44088084,0,False
2023-04-13,2023-04-12,2023-03-31,0.06020314463176575,0.8,,1.665996507165521,40148514.71558359,0.0,60283371.28441641,60283371.28441641,0,False
2023-04-14,2023-04-13,2023-03-31,0.06020314463176575,0.8,,1.667378322459857,40152364.57315906,0.0,60164322.42684094,60164322.42684094,0,False
2023-04-17,2023-04-14,2023-03-31,0.06020314463176575,0.8,,1.66600047898518,41854435.08016873,0.0,62844451.91983127,62844451.91983127,0,False
2023-04-18,2023-04-17,2023-03-31,0.06020314463176575,0.8,,1.6659981175773046,42081208.964459024,0.0,63185177.035540976,63185177.035540976,0,False
2023-04-19,2023-04-18,2023-03-31,0.06020314463176575,0.8,,1.6659997295790494,42572948.67934027,0.0,63923372.32065973,63923372.32065973,0,False
2023-04-20,2023-04-19,2023-03-31,0.06020314463176575,0.8,,1.6679534535470328,42577031.01688487,0.0,63742511.98311513,63742511.98311513,0,False
2023-04-21,2023-04-20,2023-03-31,0.06020314463176575,0.8,,1.6786574487923944,42581113.74588649,0.0,62743161.25411351,62743161.25411351,0,False
2023-04-24,2023-04-21,2023-03-31,0.06020314463176575,0.8,,1.6775085969135397,42593363.10737503,0.0,62867634.89262497,62867634.89262497,0,False
2023-04-25,2023-04-24,2023-03-31,0.06020314463176575,0.8,,1.666276464970436,42597447.40246752,0.0,63933591.59753248,63933591.59753248,0,False
2023-04-26,2023-04-25,2023-03-31,0.06020314463176575,0.8,,1.6787017747914654,42601532.08920474,0.0,62769147.91079526,62769147.91079526,0,False
2023-04-27,2023-04-26,2023-03-31,0.06020314463176575,0.8,,1.683572215654123,42605617.16762426,0.0,62327894.83237574,62327894.83237574,0,False
2023-04-28,2023-04-27,2023-03-31,0.06020314463176575,0.8,,1.667809799041112,42609702.63776362,0.0,63805147.36223638,63805147.36223638,0,False
2023-05-04,2023-04-28,2023-04-28,0.05939595815170009,0.7333333333333333,,1.666002140561279,45653796.83036425,0.0,68549024.16963574,68549024.16963574,0,False
2023-05-05,2023-05-04,2023-04-28,0.05939595815170009,0.7333333333333333,,1.6659997851998043,46492283.30082414,0.0,69808255.69917586,69808255.69917586,0,False
2023-05-08,2023-05-05,2023-04-28,0.05939595815170009,0.7333333333333333,,1.6659995066782909,50271247.89369054,0.0,75482410.10630946,75482410.10630946,0,False
2023-05-09,2023-05-08,2023-04-28,0.05939595815170009,0.7333333333333333,,1.6733113377139428,50276068.42431048,0.0,74669867.57568952,74669867.57568952,0,False
2023-05-10,2023-05-09,2023-04-28,0.05939595815170009,0.7333333333333333,,1.7111954010554766,50280889.41717309,0.0,70699120.58282691,70699120.58282691,0,False
2023-05-11,2023-05-10,2023-04-28,0.05939595815170009,0.7333333333333333,,1.7168957556748778,50285710.87232268,0.0,70143686.12767732,70143686.12767732,0,False
2023-05-12,2023-05-11,2023-04-28,0.05939595815170009,0.7333333333333333,,1.72641711785633,50290532.78980359,0.0,69230930.2101964,69230930.2101964,0,False
2023-05-15,2023-05-12,2023-04-28,0.05939595815170009,0.7333333333333333,,1.7121654965743691,50304999.92937326,0.0,70636671.07062674,70636671.07062674,0,False
2023-05-16,2023-05-15,2023-04-28,0.05939595815170009,0.7333333333333333,,1.7119607286179077,50309823.69648977,0.0,70663762.30351022,70663762.30351022,0,False
2023-05-17,2023-05-16,2023-04-28,0.05939595815170009,0.7333333333333333,,1.7211803290228835,50314647.9261593,0.0,69767083.07384071,69767083.07384071,0,False
2023-05-18,2023-05-17,2023-04-28,0.05939595815170009,0.7333333333333333,,1.710479436569862,50319472.61842619,0.0,70824671.38157381,70824671.38157381,0,False
2023-05-19,2023-05-18,2023-04-28,0.05939595815170009,0.7333333333333333,,1.7276788745220983,50324171.77333481,0.0,69157115.2266652,69157115.2266652,0,False
2023-05-22,2023-05-19,2023-04-28,0.05939595815170009,0.7333333333333333,,1.7267786861619572,50338648.589872345,0.0,69262692.41012765,69262692.41012765,0,False
2023-05-23,2023-05-22,2023-04-28,0.05939595815170009,0.7333333333333333,,1.7424583265317626,50343475.583572745,0.0,67806466.41642725,67806466.41642725,0,False
2023-05-24,2023-05-23,2023-04-28,0.05939595815170009,0.7333333333333333,,1.7678616405312797,50348303.040135555,0.0,65569498.959864445,65569498.959864445,0,False
2023-05-25,2023-05-24,2023-04-28,0.05939595815170009,0.7333333333333333,,1.7618805220905227,50353130.95960516,0.0,66090587.04039484,66090587.04039484,0,False
2023-05-26,2023-05-25,2023-04-28,0.05939595815170009,0.7333333333333333,,1.7501555317251645,50357959.34202594,0.0,67130024.65797406,67130024.65797406,0,False
2023-05-29,2023-05-26,2023-04-28,0.05939595815170009,0.7333333333333333,,1.7252587658678167,50372445.87827502,0.0,69454446.12172498,69454446.12172498,0,False
2023-05-30,2023-05-29,2023-04-28,0.05939595815170009,0.7333333333333333,,1.74076398300153,50377276.1128113,0.0,68007188.8871887,68007188.8871887,0,False
2023-05-31,2023-05-30,2023-04-28,0.05939595815170009,0.7333333333333333,,1.7342575082241238,49059356.810520746,0.0,66814920.189479254,66814920.189479254,0,False
2023-06-01,2023-05-31,2023-05-31,0.06464130832570907,0.9,,1.741722967370954,49064061.13240669,0.0,66148768.86759331,66148768.86759331,0,False
2023-06-02,2023-06-01,2023-05-31,0.06464130832570907,0.9,,1.7327632644584752,49068765.90539199,0.0,66964009.09460801,66964009.09460801,0,False
2023-06-05,2023-06-02,2023-05-31,0.06464130832570907,0.9,,1.7143006496302475,49082881.57777573,0.0,68714597.42222427,68714597.42222427,0,False
2023-06-06,2023-06-05,2023-05-31,0.06464130832570907,0.9,,1.7235235163835745,49087588.155461274,0.0,67845186.84453872,67845186.84453872,0,False
2023-06-07,2023-06-06,2023-05-31,0.06464130832570907,0.9,,1.715155767400874,49092295.18446248,0.0,68645597.81553751,68645597.81553751,0,False
2023-06-08,2023-06-07,2023-05-31,0.06464130832570907,0.9,,1.6957810438598908,49097002.66482263,0.0,70563869.33517736,70563869.33517736,0,False
2023-06-09,2023-06-08,2023-05-31,0.06464130832570907,0.9,,1.6956128280189258,49101710.59658501,0.0,70587701.403415,70587701.403415,0,False
2023-06-12,2023-06-09,2023-05-31,0.06464130832570907,0.9,,1.715181918270662,49115835.74620869,0.0,68676003.2537913,68676003.2537913,0,False
2023-06-13,2023-06-12,2023-05-31,0.06464130832570907,0.9,,1.7149107361169522,49120545.483882986,0.0,68708641.516117,68708641.516117,0,False
2023-06-14,2023-06-13,2023-05-31,0.06464130832570907,0.9,,1.735373118264273,49125255.67317596,0.0,66803170.32682404,66803170.32682404,0,False
2023-06-15,2023-06-14,2023-05-31,0.06464130832570907,0.9,,1.7298188288274445,49129966.314130925,0.0,67318030.68586907,67318030.68586907,0,False
2023-06-16,2023-06-15,2023-05-31,0.06464130832570907,0.9,,1.7378480828023892,49134677.40679118,0.0,66591861.59320882,66591861.59320882,0,False
2023-06-19,2023-06-16,2023-05-31,0.06464130832570907,0.9,,1.7521134527000517,49148812.04001779,0.0,65347603.95998221,65347603.95998221,0,False
2023-06-20,2023-06-19,2023-05-31,0.06464130832570907,0.9,,1.7586914357740762,49153524.93980245,0.0,64787241.06019755,64787241.06019755,0,False
2023-06-21,2023-06-20,2023-05-31,0.06464130832570907,0.9,,1.758122351614301,49158238.29150901,0.0,64842090.70849099,64842090.70849099,0,False
2023-06-26,2023-06-21,2023-05-31,0.06464130832570907,0.9,,1.7801256471902756,49181807.309867956,0.0,63043443.690132044,63043443.690132044,0,False
2023-06-27,2023-06-26,2023-05-31,0.06464130832570907,0.9,,1.7571856152896552,49184924.41886035,0.0,64957552.58113965,64957552.58113965,0,False
2023-06-28,2023-06-27,2023-05-31,0.06464130832570907,0.9,,1.7468321987729396,49003490.18147586,0.0,65615127.81852414,65615127.81852414,0,False
2023-06-29,2023-06-28,2023-05-31,0.06464130832570907,0.9,,1.7527746979037704,49008189.146287784,0.0,65103395.853712216,65103395.853712216,0,False
2023-06-30,2023-06-29,2023-05-31,0.06464130832570907,0.9,,1.742599074752644,49012888.561685376,0.0,66001817.438314624,66001817.438314624,0,False
2023-07-03,2023-06-30,2023-06-30,0.06480670282588878,0.9,,1.7260507242191783,49026988.15976477,0.0,67525568.84023523,67525568.84023523,0,False
2023-07-04,2023-07-03,2023-06-30,0.06480670282588878,0.9,,1.7356382666429704,49031689.37780748,0.0,66651901.62219252,66651901.62219252,0,False
2023-07-05,2023-07-04,2023-06-30,0.06480670282588878,0.9,,1.73499607077827,49036391.04665193,0.0,66716534.95334807,66716534.95334807,0,False
2023-07-06,2023-07-05,2023-06-30,0.06480670282588878,0.9,,1.7261393833790166,47992425.166341335,0.0,66092579.833658665,66092579.833658665,0,False
2023-07-07,2023-07-06,2023-06-30,0.06480670282588878,0.9,,1.7216719713755082,47997027.17971345,0.0,66508093.82028655,66508093.82028655,0,False
2023-07-10,2023-07-07,2023-06-30,0.06480670282588878,0.9,,1.7154941038366183,48010834.54369666,0.0,67101649.45630334,67101649.45630334,0,False
2023-07-11,2023-07-10,2023-06-30,0.06480670282588878,0.9,,1.7109821379128345,48015438.32235153,0.0,67533958.67764847,67533958.67764847,0,False
2023-07-12,2023-07-11,2023-06-30,0.06480670282588878,0.9,,1.6745998155493758,45684018.14246463,0.0,67720175.85753536,67720175.85753536,0,False
2023-07-13,2023-07-12,2023-06-30,0.06480670282588878,0.9,,1.6660003424809333,46047505.26245857,0.0,69140362.73754144,69140362.73754144,0,False
2023-07-14,2023-07-13,2023-06-30,0.06480670282588878,0.9,,1.6660000738070817,46519588.603461824,0.0,69849224.39653817,69849224.39653817,0,False
2023-07-17,2023-07-14,2023-06-30,0.06480670282588878,0.9,,1.66599836345546,46196718.53792172,185.18247341816044,69364334.6445517,69364334.6445517,0,False
2023-07-18,2023-07-17,2023-06-30,0.06480670282588878,0.9,,1.6716419333538133,46200718.75777386,0.0,68787722.24222614,68787722.24222614,0,False
2023-07-19,2023-07-18,2023-06-30,0.06480670282588878,0.9,,1.6659862482761163,46240748.31962214,0.0,69431986.68037787,69431986.68037787,0,False
2023-07-20,2023-07-19,2023-06-30,0.06480670282588878,0.9,,1.6665530589143456,46245182.36398155,0.0,69379596.63601846,69379596.63601846,0,False
2023-07-21,2023-07-20,2023-06-30,0.06480670282588878,0.9,,1.6701212569029398,46249616.8335233,0.0,69016788.1664767,69016788.1664767,0,False
2023-07-24,2023-07-21,2023-06-30,0.06480670282588878,0.9,,1.6750620324349166,46262921.51781788,0.0,68531363.48218212,68531363.48218212,0,False
2023-07-25,2023-07-24,2023-06-30,0.06480670282588878,0.9,,1.665997944175172,46550792.862814374,0.0,69896301.13718563,69896301.13718563,0,False
2023-07-26,2023-07-25,2023-06-30,0.06480670282588878,0.9,,1.665999094492785,46593252.01727246,0.0,69959932.98272754,69959932.98272754,0,False
2023-07-27,2023-07-26,2023-06-30,0.06480670282588878,0.9,,1.665999921154877,46967870.529206306,0.0,70522336.4707937,70522336.4707937,0,False
2023-07-28,2023-07-27,2023-06-30,0.06480670282588878,0.9,,1.6660010481555652,48203559.67646322,0.0,72377603.32353678,72377603.32353678,0,False
2023-07-31,2023-07-28,2023-06-30,0.06480670282588878,0.9,,1.6659967981767139,48442951.25890439,0.0,72737513.7410956,72737513.7410956,0,False
2023-08-01,2023-07-31,2023-07-31,0.06143116901408452,0.8166666666666667,,1.6659975294095828,48641657.81780867,0.0,73035793.18219133,73035793.18219133,0,False
2023-08-02,2023-08-01,2023-07-31,0.06143116901408452,0.8166666666666667,,1.6878257993337535,48646322.08636654,0.0,70724770.91363347,70724770.91363347,0,False
2023-08-03,2023-08-02,2023-07-31,0.06143116901408452,0.8166666666666667,,1.6816335698459655,48650986.80218304,0.0,71374106.19781697,71374106.19781697,0,False
2023-08-04,2023-08-03,2023-07-31,0.06143116901408452,0.8166666666666667,,1.6794502985131956,48655651.96530106,0.0,71610318.03469893,71610318.03469893,0,False
2023-08-07,2023-08-04,2023-07-31,0.06143116901408452,0.8166666666666667,,1.6879034319764044,48669648.79668834,0.0,70750699.20331165,70750699.20331165,0,False
2023-08-08,2023-08-07,2023-07-31,0.06143116901408452,0.8166666666666667,,1.666021775039012,46664483.638957754,13.237505070064628,70064481.59854732,70064481.59854732,0,False
2023-08-09,2023-08-08,2023-07-31,0.06143116901408452,0.8166666666666667,,1.6660237217880987,46474911.848074645,6.531038640393717,69779654.682964,69779654.682964,0,False
2023-08-10,2023-08-09,2023-07-31,0.06143116901408452,0.8166666666666667,,1.6660003255554034,46977104.51466239,0.0,70536158.48533762,70536158.48533762,0,False
2023-08-11,2023-08-10,2023-07-31,0.06143116901408452,0.8166666666666667,,1.6660223209256624,45567718.5557657,19.338565739557623,68417675.78280003,68417675.78280003,0,False
2023-08-14,2023-08-11,2023-07-31,0.06143116901408452,0.8166666666666667,,1.6660321724379004,44929289.9098418,0.5888855162270374,67458136.67904371,67458136.67904371,0,False
2023-08-15,2023-08-14,2023-07-31,0.06143116901408452,0.8166666666666667,,1.6659986395199184,46018721.86822983,0.0,69097321.13177016,69097321.13177016,0,False
2023-08-16,2023-08-15,2023-07-31,0.06143116901408452,0.8166666666666667,,1.67190163914088,46023134.622381575,0.0,68496833.37761843,68496833.37761843,0,False
2023-08-17,2023-08-16,2023-07-31,0.06143116901408452,0.8166666666666667,,1.6801700947842102,46027547.79967413,0.0,67670643.20032588,67670643.20032588,0,False
2023-08-18,2023-08-17,2023-07-31,0.06143116901408452,0.8166666666666667,,1.6799397470581952,46031961.40014807,0.0,67700059.59985194,67700059.59985194,0,False
2023-08-21,2023-08-18,2023-07-31,0.06143116901408452,0.8166666666666667,,1.6943284122275837,46045203.47123578,0.0,66316173.52876422,66316173.52876422,0,False
2023-08-22,2023-08-21,2023-07-31,0.06143116901408452,0.8166666666666667,,1.6797163135051658,46049618.76471932,0.0,67748291.23528068,67748291.23528068,0,False
2023-08-23,2023-08-22,2023-07-31,0.06143116901408452,0.8166666666666667,,1.6768232270684325,46051260.89938717,0.0,68040308.10061282,68040308.10061282,0,False
2023-08-24,2023-08-23,2023-07-31,0.06143116901408452,0.8166666666666667,,1.6833485736510578,46055676.77371999,0.0,67397048.22628,67397048.22628,0,False
2023-08-25,2023-08-24,2023-07-31,0.06143116901408452,0.8166666666666667,,1.6813544120856698,46060093.07149281,0.0,67600784.92850718,67600784.92850718,0,False
2023-08-28,2023-08-25,2023-07-31,0.06143116901408452,0.8166666666666667,,1.6672586651483339,46073343.2352531,0.0,69048699.7647469,69048699.7647469,0,False
2023-08-29,2023-08-28,2023-07-31,0.06143116901408452,0.8166666666666667,,1.672203247779218,46077761.22707018,0.0,68547364.77292982,68547364.77292982,0,False
2023-08-30,2023-08-29,2023-07-31,0.06143116901408452,0.8166666666666667,,1.6760529628536132,46082179.642530315,0.0,68163564.35746968,68163564.35746968,0,False
2023-08-31,2023-08-30,2023-07-31,0.06143116901408452,0.8166666666666667,,1.6765789316939665,46086598.48167412,0.0,68117105.51832588,68117105.51832588,0,False
2023-09-01,2023-08-31,2023-08-31,0.06541681073703366,0.9,,1.6659978237682158,46278574.237052225,0.0,69487575.76294777,69487575.76294777,0,False
2023-09-04,2023-09-01,2023-08-31,0.06541681073703366,0.9,,1.6659988679051358,47375165.280648775,0.0,71134002.71935123,71134002.71935123,0,False
2023-09-05,2023-09-04,2023-08-31,0.06541681073703366,0.9,,1.6700093408967058,47377650.157356784,0.0,70711924.84264322,70711924.84264322,0,False
2023-09-06,2023-09-05,2023-08-31,0.06541681073703366,0.9,,1.6683918130976745,47382193.21970064,0.0,70889846.78029937,70889846.78029937,0,False
2023-09-07,2023-09-06,2023-08-31,0.06541681073703366,0.9,,1.6664278367800498,47386736.71768061,0.0,71105578.2823194,71105578.2823194,0,False
2023-09-08,2023-09-07,2023-08-31,0.06541681073703366,0.9,,1.6791848914398766,47391280.65133847,0.0,69776700.34866153,69776700.34866153,0,False
2023-09-11,2023-09-08,2023-08-31,0.06541681073703366,0.9,,1.6722028451083264,47404913.75947105,0.0,70521739.24052894,70521739.24052894,0,False
2023-09-12,2023-09-11,2023-08-31,0.06541681073703366,0.9,,1.6775925539898253,47409459.436132915,0.0,69967503.56386709,69967503.56386709,0,False
2023-09-13,2023-09-12,2023-08-31,0.06541681073703366,0.9,,1.6683587487717635,47414005.54868159,0.0,70940951.45131841,70940951.45131841,0,False
2023-09-14,2023-09-13,2023-08-31,0.06541681073703366,0.9,,1.6659984259936573,48603909.47212885,0.0,72979015.52787115,72979015.52787115,0,False
2023-09-15,2023-09-14,2023-08-31,0.06541681073703366,0.9,,1.672312796973216,48608570.12098234,0.0,72300527.87901765,72300527.87901765,0,False
2023-09-18,2023-09-15,2023-08-31,0.06541681073703366,0.9,,1.6754440753766833,48622553.40827742,0.0,71986053.59172258,71986053.59172258,0,False
2023-09-19,2023-09-18,2023-08-31,0.06541681073703366,0.9,,1.6707237511359043,48627215.844905615,0.0,72499618.15509439,72499618.15509439,0,False
2023-09-20,2023-09-19,2023-08-31,0.06541681073703366,0.9,,1.667261492250704,48631878.72861677,0.0,72882789.27138323,72882789.27138323,0,False
2023-09-21,2023-09-20,2023-08-31,0.06541681073703366,0.9,,1.6697957251748383,48636542.059453756,0.0,72613992.94054624,72613992.94054624,0,False
2023-09-22,2023-09-21,2023-08-31,0.06541681073703366,0.9,,1.6733263003304524,48641205.83745946,0.0,72240169.16254054,72240169.16254054,0,False
2023-09-25,2023-09-22,2023-08-31,0.06541681073703366,0.9,,1.670611233794334,48655198.51311133,0.0,72553509.48688868,72553509.48688868,0,False
2023-09-26,2023-09-25,2023-08-31,0.06541681073703366,0.9,,1.6723447133121117,48659864.08009204,0.0,72373386.91990796,72373386.91990796,0,False
2023-09-27,2023-09-26,2023-08-31,0.06541681073703366,0.9,,1.6763147971259467,48664530.09445589,0.0,71955441.9055441,71955441.9055441,0,False
2023-09-28,2023-09-27,2023-08-31,0.06541681073703366,0.9,,1.673204194455187,48669196.55624577,0.0,72294850.44375423,72294850.44375423,0,False
2023-10-09,2023-09-28,2023-09-28,0.06524532014719413,0.8833333333333333,,1.6727020246718074,48720532.558092766,0.0,72425131.44190723,72425131.44190723,0,False
2023-10-10,2023-10-09,2023-09-28,0.06524532014719413,0.8833333333333333,,1.6803141651131266,48725204.389981896,0.0,71621622.6100181,71621622.6100181,0,False
2023-10-11,2023-10-10,2023-09-28,0.06524532014719413,0.8833333333333333,,1.6906080586505312,48729876.66985491,0.0,70560828.33014509,70560828.33014509,0,False
2023-10-12,2023-10-11,2023-09-28,0.06524532014719413,0.8833333333333333,,1.6706487483221206,48734549.39775476,0.0,72667770.60224524,72667770.60224524,0,False
2023-10-13,2023-10-12,2023-09-28,0.06524532014719413,0.8833333333333333,,1.665997772628814,48935574.1700244,0.0,73477083.8299756,73477083.8299756,0,False
2023-10-16,2023-10-13,2023-09-28,0.06524532014719413,0.8833333333333333,,1.665998402873954,49178153.54034742,0.0,73841248.45965257,73841248.45965257,0,False
2023-10-17,2023-10-16,2023-09-28,0.06524532014719413,0.8833333333333333,,1.6660000314267698,49655734.14353061,0.0,74558155.8564694,74558155.8564694,0,False
2023-10-18,2023-10-17,2023-09-28,0.06524532014719413,0.8833333333333333,,1.6659992153830645,49565506.93641881,65.04163471581705,74422673.1052159,74422673.1052159,0,False
2023-10-19,2023-10-18,2023-09-28,0.06524532014719413,0.8833333333333333,,1.680981496802491,49568784.473773606,0.0,72790207.5262264,72790207.5262264,0,False
2023-10-20,2023-10-19,2023-09-28,0.06524532014719413,0.8833333333333333,,1.6856046003817646,49573537.64488753,0.0,72306308.35511246,72306308.35511246,0,False
2023-10-23,2023-10-20,2023-09-28,0.06524532014719413,0.8833333333333333,,1.7008735894974167,49587798.52557989,0.0,70751415.4744201,70751415.4744201,0,False
2023-10-24,2023-10-23,2023-09-28,0.06524532014719413,0.8833333333333333,,1.7022850447680946,49591968.82085905,0.0,70615157.17914096,70615157.17914096,0,False
2023-10-25,2023-10-24,2023-09-28,0.06524532014719413,0.8833333333333333,,1.6987778015057249,49596724.21512955,0.0,70976387.78487045,70976387.78487045,0,False
2023-10-26,2023-10-25,2023-09-28,0.06524532014719413,0.8833333333333333,,1.6865129437086215,49601480.06539675,0.0,72251339.93460324,72251339.93460324,0,False
2023-10-27,2023-10-26,2023-09-28,0.06524532014719413,0.8833333333333333,,1.6871303156819157,49606236.37170439,0.0,72193345.6282956,72193345.6282956,0,False
2023-10-30,2023-10-27,2023-09-28,0.06524532014719413,0.8833333333333333,,1.708013001870612,49620506.65887982,0.0,70084174.34112018,70084174.34112018,0,False
2023-10-31,2023-10-30,2023-09-28,0.06524532014719413,0.8833333333333333,,1.7000441712101668,49625264.78965533,0.0,70888762.21034467,70888762.21034467,0,False
2023-11-01,2023-10-31,2023-10-31,0.06704696240601503,0.9666666666666667,,1.697766702489441,49630023.376689956,0.0,71126958.62331004,71126958.62331004,0,False
2023-11-02,2023-11-01,2023-10-31,0.06704696240601503,0.9666666666666667,,1.6957339667661955,49634782.42002745,0.0,71341611.57997255,71341611.57997255,0,False
2023-11-03,2023-11-02,2023-10-31,0.06704696240601503,0.9666666666666667,,1.7041293890713076,49639541.91971156,0.0,70497756.08028844,70497756.08028844,0,False
2023-11-06,2023-11-03,2023-10-31,0.06704696240601503,0.9666666666666667,,1.716692126682042,49653821.78793504,0.0,69281941.21206495,69281941.21206495,0,False
2023-11-07,2023-11-06,2023-10-31,0.06704696240601503,0.9666666666666667,,1.7093346112055938,49658583.11331197,0.0,70007274.88668802,70007274.88668802,0,False
2023-11-08,2023-11-07,2023-10-31,0.06704696240601503,0.9666666666666667,,1.7169109567517014,49663344.895254344,0.0,69274077.10474566,69274077.10474566,0,False
2023-11-09,2023-11-08,2023-10-31,0.06704696240601503,0.9666666666666667,,1.7025922288275335,49668107.133805946,0.0,70692650.86619405,70692650.86619405,0,False
2023-11-10,2023-11-09,2023-10-31,0.06704696240601503,0.9666666666666667,,1.7006851055944348,49672869.82901055,0.0,70891859.17098945,70891859.17098945,0,False
2023-11-13,2023-11-10,2023-10-31,0.06704696240601503,0.9666666666666667,,1.7052336735742912,49687159.28471479,0.0,70454887.71528521,70454887.71528521,0,False
2023-11-14,2023-11-13,2023-10-31,0.06704696240601503,0.9666666666666667,,1.7069142509689001,49691923.80683798,0.0,70294132.19316202,70294132.19316202,0,False
2023-11-15,2023-11-14,2023-10-31,0.06704696240601503,0.9666666666666667,,1.6975113737572272,49696688.78583316,0.0,71248571.21416685,71248571.21416685,0,False
2023-11-16,2023-11-15,2023-10-31,0.06704696240601503,0.9666666666666667,,1.6918065095688468,49701454.22174413,0.0,71842998.77825588,71842998.77825588,0,False
2023-11-17,2023-11-16,2023-10-31,0.06704696240601503,0.9666666666666667,,1.6985143180140165,49706220.1146147,0.0,71159915.8853853,71159915.8853853,0,False
2023-11-20,2023-11-17,2023-10-31,0.06704696240601503,0.9666666666666667,,1.6935264857626544,49720519.16423672,0.0,71692314.83576328,71692314.83576328,0,False
2023-11-21,2023-11-20,2023-10-31,0.06704696240601503,0.9666666666666667,,1.6904686412547378,49725286.88525247,0.0,72016720.11474752,72016720.11474752,0,False
2023-11-22,2023-11-21,2023-10-31,0.06704696240601503,0.9666666666666667,,1.691556081886547,49730055.06344695,0.0,71910371.93655306,71910371.93655306,0,False
2023-11-23,2023-11-22,2023-10-31,0.06704696240601503,0.9666666666666667,,1.6895741056969018,49734823.69886399,0.0,72123972.30113602,72123972.30113602,0,False
2023-11-24,2023-11-23,2023-10-31,0.06704696240601503,0.9666666666666667,,1.68829459859048,49739592.79154744,0.0,72264976.20845255,72264976.20845255,0,False
2023-11-27,2023-11-24,2023-10-31,0.06704696240601503,0.9666666666666667,,1.674558939678208,49753901.44152857,0.0,73757678.55847143,73757678.55847143,0,False
2023-11-28,2023-11-27,2023-10-31,0.06704696240601503,0.9666666666666667,,1.6778480329613996,49758672.36358461,0.0,73406825.63641539,73406825.63641539,0,False
2023-11-29,2023-11-28,2023-10-31,0.06704696240601503,0.9666666666666667,,1.6742966248344509,49763443.74312632,0.0,73800523.25687368,73800523.25687368,0,False
2023-11-30,2023-11-29,2023-10-31,0.06704696240601503,0.9666666666666667,,1.6659991740512694,50074636.24561758,0.0,75187234.75438242,75187234.75438242,0,False
2023-12-01,2023-11-30,2023-11-30,0.06873984732824426,0.9833333333333333,,1.665999103365291,50082124.9498358,0.0,75198487.0501642,75198487.0501642,0,False
2023-12-04,2023-12-01,2023-11-30,0.06873984732824426,0.9833333333333333,,1.665999296940035,50337163.554465204,0.0,75581406.4455348,75581406.4455348,0,False
2023-12-05,2023-12-04,2023-11-30,0.06873984732824426,0.9833333333333333,,1.6762363810237675,50341990.405764945,0.0,74444368.59423506,74444368.59423506,0,False
2023-12-06,2023-12-05,2023-11-30,0.06873984732824426,0.9833333333333333,,1.6835146325833026,50346352.95961344,0.0,73658047.04038656,73658047.04038656,0,False
2023-12-07,2023-12-06,2023-11-30,0.06873984732824426,0.9833333333333333,,1.6835065772374576,50351180.69208902,0.0,73665978.30791098,73665978.30791098,0,False
2023-12-08,2023-12-07,2023-11-30,0.06873984732824426,0.9833333333333333,,1.6813278705365646,50356008.88749785,0.0,73908629.11250216,73908629.11250216,0,False
2023-12-11,2023-12-08,2023-11-30,0.06873984732824426,0.9833333333333333,,1.6802307161277974,50370494.862657264,0.0,74049133.13734274,74049133.13734274,0,False
2023-12-12,2023-12-11,2023-11-30,0.06873984732824426,0.9833333333333333,,1.671552804702957,50375324.91010985,0.0,75013200.08989015,75013200.08989015,0,False
2023-12-13,2023-12-12,2023-11-30,0.06873984732824426,0.9833333333333333,,1.6782529682707115,50380155.420717664,0.0,74279299.57928234,74279299.57928234,0,False
2023-12-14,2023-12-13,2023-11-30,0.06873984732824426,0.9833333333333333,,1.6790339053493613,50384986.39452513,0.0,74200987.60547486,74200987.60547486,0,False
2023-12-15,2023-12-14,2023-11-30,0.06873984732824426,0.9833333333333333,,1.691676649825771,50389817.83157666,0.0,72851697.16842334,72851697.16842334,0,False
2023-12-18,2023-12-15,2023-11-30,0.06873984732824426,0.9833333333333333,,1.6855937350820183,50404313.5325967,0.0,73519215.4674033,73519215.4674033,0,False
2023-12-19,2023-12-18,2023-11-30,0.06873984732824426,0.9833333333333333,,1.6884153898178385,50409146.82293544,0.0,73224898.17706457,73224898.17706457,0,False
2023-12-20,2023-12-19,2023-11-30,0.06873984732824426,0.9833333333333333,,1.6811018177694783,50413980.57674038,0.0,74018273.42325962,74018273.42325962,0,False
2023-12-21,2023-12-20,2023-11-30,0.06873984732824426,0.9833333333333333,,1.6857647432253473,50418814.79405595,0.0,73522028.20594405,73522028.20594405,0,False
2023-12-22,2023-12-21,2023-11-30,0.06873984732824426,0.9833333333333333,,1.6776343901458883,50423649.47492661,0.0,74411290.52507338,74411290.52507338,0,False
2023-12-25,2023-12-22,2023-11-30,0.06873984732824426,0.9833333333333333,,1.673593684144343,50438154.908337206,0.0,74879198.0916628,74879198.0916628,0,False
2023-12-26,2023-12-25,2023-11-30,0.06873984732824426,0.9833333333333333,,1.673909450896298,50442991.44373938,0.0,74851289.55626062,74851289.55626062,0,False
2023-12-27,2023-12-26,2023-11-30,0.06873984732824426,0.9833333333333333,,1.669344683475955,50447828.44291891,0.0,75368983.55708109,75368983.55708109,0,False
2023-12-28,2023-12-27,2023-11-30,0.06873984732824426,0.9833333333333333,,1.678653495656602,50452665.90592029,0.0,74342306.0940797,74342306.0940797,0,False
2023-12-29,2023-12-28,2023-11-30,0.06873984732824426,0.9833333333333333,,1.6799825459693738,50457503.83278798,0.0,74204116.16721201,74204116.16721201,0,False
2024-01-02,2023-12-29,2023-12-29,0.07078611368015414,0.9833333333333333,,1.6659993238601116,50610388.910571925,0.0,75991652.08942807,75991652.08942807,0,False
2024-01-03,2024-01-02,2023-12-29,0.07078611368015414,0.9833333333333333,,1.6660004831885113,51426141.83677335,0.0,77216373.16322665,77216373.16322665,0,False
2024-01-04,2024-01-03,2023-12-29,0.07078611368015414,0.9833333333333333,,1.666000512968263,52361546.246108115,0.0,78620879.75389189,78620879.75389189,0,False
2024-01-05,2024-01-04,2023-12-29,0.07078611368015414,0.9833333333333333,,1.6679152159243922,52366567.2162961,0.0,78403015.7837039,78403015.7837039,0,False
2024-01-08,2024-01-05,2023-12-29,0.07078611368015414,0.9833333333333333,,1.671465249773284,52381631.57124873,0.0,78010934.42875126,78010934.42875126,0,False
2024-01-09,2024-01-08,2023-12-29,0.07078611368015414,0.9833333333333333,,1.6700440815939335,52386654.4674268,0.0,78183892.5325732,78183892.5325732,0,False
2024-01-10,2024-01-09,2023-12-29,0.07078611368015414,0.9833333333333333,,1.6788235164120011,52391677.84525244,0.0,77180116.15474756,77180116.15474756,0,False
2024-01-11,2024-01-10,2023-12-29,0.07078611368015414,0.9833333333333333,,1.692060623208336,52396701.70477185,0.0,75711144.29522815,75711144.29522815,0,False
2024-01-12,2024-01-11,2023-12-29,0.07078611368015414,0.9833333333333333,,1.6759739897020705,52401726.04603121,0.0,77520328.9539688,77520328.9539688,0,False
2024-01-15,2024-01-12,2023-12-29,0.07078611368015414,0.9833333333333333,,1.6731311516467138,52416800.515167736,0.0,77870115.48483226,77870115.48483226,0,False
2024-01-16,2024-01-15,2023-12-29,0.07078611368015414,0.9833333333333333,,1.6709905604003379,52421826.783710286,0.0,78126027.21628971,78126027.21628971,0,False
2024-01-17,2024-01-16,2023-12-29,0.07078611368015414,0.9833333333333333,,1.6820087015713259,52426853.534223795,0.0,76871238.4657762,76871238.4657762,0,False
2024-01-18,2024-01-17,2023-12-29,0.07078611368015414,0.9833333333333333,,1.691946361911511,52431880.76675447,0.0,75774487.23324552,75774487.23324552,0,False
2024-01-19,2024-01-18,2023-12-29,0.07078611368015414,0.9833333333333333,,1.666019431340105,49750560.651421875,145.8176733304781,74698143.16625145,74698143.16625145,0,False
2024-01-22,2024-01-19,2023-12-29,0.07078611368015414,0.9833333333333333,,1.6660196926804096,48467969.75451428,216.40714683150873,72772252.65263255,72772252.65263255,0,False
2024-01-23,2024-01-22,2023-12-29,0.07078611368015414,0.9833333333333333,,1.6660219247468562,48944875.77445555,0.0,73488385.22554445,73488385.22554445,0,False
2024-01-24,2024-01-23,2023-12-29,0.07078611368015414,0.9833333333333333,,1.666000546472427,50482803.67621789,0.0,75799943.32378212,75799943.32378212,0,False
2024-01-25,2024-01-24,2023-12-29,0.07078611368015414,0.9833333333333333,,1.666000017105676,53199325.27393876,0.0,79878864.72606124,79878864.72606124,0,False
2024-01-26,2024-01-25,2023-12-29,0.07078611368015414,0.9833333333333333,,1.6660009296724534,54177299.302662015,0.0,81347182.69733799,81347182.69733799,0,False
2024-01-29,2024-01-26,2023-12-29,0.07078611368015414,0.9833333333333333,,1.6660212025606895,54843472.38023634,0.0,82344934.61976366,82344934.61976366,0,False
2024-01-30,2024-01-29,2023-12-29,0.07078611368015414,0.9833333333333333,,1.6813870237143895,54848731.3433413,0.0,80495708.65665871,80495708.65665871,0,False
2024-01-31,2024-01-30,2023-12-29,0.07078611368015414,0.9833333333333333,,1.681725596014126,54853990.81073038,0.0,80463446.18926962,80463446.18926962,0,False
2024-02-01,2024-01-31,2024-01-31,0.0740951968503937,0.9833333333333333,,1.695659890747601,54859250.78245196,0.0,78859298.21754804,78859298.21754804,0,False
2024-02-02,2024-02-01,2024-01-31,0.0740951968503937,0.9833333333333333,,1.6962356196346506,54864511.258554384,0.0,78801643.74144562,78801643.74144562,0,False
2024-02-05,2024-02-02,2024-01-31,0.0740951968503937,0.9833333333333333,,1.6831074402855872,54880294.20014931,0.0,80339183.79985069,80339183.79985069,0,False
2024-02-06,2024-02-05,2024-01-31,0.0740951968503937,0.9833333333333333,,1.666000547696997,55604408.62259371,0.0,83490034.3774063,83490034.3774063,0,False
2024-02-07,2024-02-06,2024-01-31,0.0740951968503937,0.9833333333333333,,1.6660010534894323,57346038.41580766,0.0,86105026.58419234,86105026.58419234,0,False
2024-02-08,2024-02-07,2024-01-31,0.0740951968503937,0.9833333333333333,,1.6802588860662373,57351537.350998215,0.0,84308398.64900178,84308398.64900178,0,False
2024-02-19,2024-02-08,2024-01-31,0.0740951968503937,0.9833333333333333,,1.6659990819327326,59287140.62292105,0.0,89019853.37707895,89019853.37707895,0,False
2024-02-20,2024-02-19,2024-01-31,0.0740951968503937,0.9833333333333333,,1.6659989737995824,59895861.87984996,0.0,89933865.12015003,89933865.12015003,0,False
2024-02-21,2024-02-20,2024-01-31,0.0740951968503937,0.9833333333333333,,1.6659973202997254,59962852.970020354,0.0,90034676.02997965,90034676.02997965,0,False
2024-02-22,2024-02-21,2024-01-31,0.0740951968503937,0.9833333333333333,,1.665999563731312,61539662.63020392,0.0,92401956.36979608,92401956.36979608,0,False
2024-02-23,2024-02-22,2024-01-31,0.0740951968503937,0.9833333333333333,,1.665998608280295,62108312.5605638,0.0,93255919.4394362,93255919.4394362,0,False
2024-02-26,2024-02-23,2024-01-31,0.0740951968503937,0.9833333333333333,,1.6873740808913915,62126179.33540999,0.0,90381905.66459,90381905.66459,0,False
2024-02-27,2024-02-26,2024-01-31,0.0740951968503937,0.9833333333333333,,1.6795018998642632,62132136.64027777,0.0,91437767.35972223,91437767.35972223,0,False
2024-02-28,2024-02-27,2024-01-31,0.0740951968503937,0.9833333333333333,,1.687332966235636,62138094.51639397,0.0,90404647.48360604,90404647.48360604,0,False
2024-02-29,2024-02-28,2024-01-31,0.0740951968503937,0.9833333333333333,,1.6790015925039021,62144052.96381335,0.0,91522691.03618665,91522691.03618665,0,False
2024-03-01,2024-02-29,2024-02-29,0.06828402841429881,0.9333333333333333,,1.67068996362481,62150011.982590705,0.0,92665785.0174093,92665785.0174093,0,False
2024-03-04,2024-03-01,2024-02-29,0.06828402841429881,0.9333333333333333,,1.6659994828000146,63488996.058761045,0.0,95328896.94123895,95328896.94123895,0,False
2024-03-05,2024-03-04,2024-02-29,0.06828402841429881,0.9333333333333333,,1.6660001883122422,64275762.853564486,0.0,96510127.14643551,96510127.14643551,0,False
2024-03-06,2024-03-05,2024-02-29,0.06828402841429881,0.9333333333333333,,1.6696344690023939,64281926.28287921,0.0,95995545.7171208,95995545.7171208,0,False
2024-03-07,2024-03-06,2024-02-29,0.06828402841429881,0.9333333333333333,,1.6660004842820932,65440147.9872677,0.0,98258409.0127323,98258409.0127323,0,False
2024-03-08,2024-03-07,2024-02-29,0.06828402841429881,0.9333333333333333,,1.665998608907992,66441118.47441141,0.0,99761647.52558859,99761647.52558859,0,False
2024-03-11,2024-03-08,2024-02-29,0.06828402841429881,0.9333333333333333,,1.685968972062253,66460231.672876656,0.0,96885186.32712334,96885186.32712334,0,False
2024-03-12,2024-03-11,2024-02-29,0.06828402841429881,0.9333333333333333,,1.721945501970122,66466604.571804196,0.0,92065958.4281958,92065958.4281958,0,False
2024-03-13,2024-03-12,2024-02-29,0.06828402841429881,0.9333333333333333,,1.6660175314094212,61842656.717500135,261.6025085082929,92854004.88500838,92854004.88500838,0,False
2024-03-14,2024-03-13,2024-02-29,0.06828402841429881,0.9333333333333333,,1.6660217565655862,62470750.873699054,0.0,93796862.12630095,93796862.12630095,0,False
2024-03-15,2024-03-14,2024-02-29,0.06828402841429881,0.9333333333333333,,1.6660115055708018,62518872.99662324,0.0,93870560.00337675,93870560.00337675,0,False
2024-03-18,2024-03-15,2024-02-29,0.06828402841429881,0.9333333333333333,,1.6660147935039322,61519888.6113211,239.84487485688493,92369793.23355377,92369793.23355377,0,False
2024-03-19,2024-03-18,2024-02-29,0.06828402841429881,0.9333333333333333,,1.6721240272655924,61525547.93384732,0.0,91538980.06615268,91538980.06615268,0,False
2024-03-20,2024-03-19,2024-02-29,0.06828402841429881,0.9333333333333333,,1.6689328902122098,61531447.64392317,0.0,91984485.35607684,91984485.35607684,0,False
2024-03-21,2024-03-20,2024-02-29,0.06828402841429881,0.9333333333333333,,1.6659986678120544,61743325.544824645,0.0,92707881.45517536,92707881.45517536,0,False
2024-03-22,2024-03-21,2024-02-29,0.06828402841429881,0.9333333333333333,,1.6722937256575658,61749246.137685105,0.0,91848612.8623149,91848612.8623149,0,False
2024-03-25,2024-03-22,2024-02-29,0.06828402841429881,0.9333333333333333,,1.66600058110059,62960752.72790074,0.0,94535582.27209926,94535582.27209926,0,False
2024-03-26,2024-03-25,2024-02-29,0.06828402841429881,0.9333333333333333,,1.6697366366080888,62966790.060354106,0.0,94017239.93964589,94017239.93964589,0,False
2024-03-27,2024-03-26,2024-02-29,0.06828402841429881,0.9333333333333333,,1.6779099495968013,62972827.971729755,0.0,92892615.02827024,92892615.02827024,0,False
2024-03-28,2024-03-27,2024-02-29,0.06828402841429881,0.9333333333333333,,1.6762766917278253,62978866.462083206,0.0,93125886.5379168,93125886.5379168,0,False
2024-03-29,2024-03-28,2024-02-29,0.06828402841429881,0.9333333333333333,,1.665999322344186,65075274.382809974,0.0,97710721.61719003,97710721.61719003,0,False
2024-04-01,2024-03-29,2024-03-29,0.06630506601248884,0.8833333333333333,,1.6660012966518845,67467844.06396146,0.0,101302871.93603854,101302871.93603854,0,False
2024-04-02,2024-04-01,2024-03-29,0.06630506601248884,0.8833333333333333,,1.6659970257449177,67504843.88850527,0.0,101359077.11149473,101359077.11149473,0,False
2024-04-03,2024-04-02,2024-03-29,0.06630506601248884,0.8833333333333333,,1.665999832371176,71340428.11162746,0.0,107117786.88837254,107117786.88837254,0,False
2024-04-08,2024-04-03,2024-03-29,0.06630506601248884,0.8833333333333333,,1.6677143283395368,71374632.4264755,0.0,106893965.5735245,106893965.5735245,0,False
2024-04-09,2024-04-08,2024-03-29,0.06630506601248884,0.8833333333333333,,1.6738082852795533,71381476.5693109,0.0,105937368.4306891,105937368.4306891,0,False
2024-04-10,2024-04-09,2024-03-29,0.06630506601248884,0.8833333333333333,,1.6660008039823522,72550764.16913398,0.0,108934949.83086602,108934949.83086602,0,False
2024-04-11,2024-04-10,2024-03-29,0.06630506601248884,0.8833333333333333,,1.6660011123226834,74651202.12533553,0.0,112088704.87466447,112088704.87466447,0,False
2024-04-12,2024-04-11,2024-03-29,0.06630506601248884,0.8833333333333333,,1.665998434669993,75364223.0165859,0.0,113159759.9834141,113159759.9834141,0,False
2024-04-15,2024-04-12,2024-03-29,0.06630506601248884,0.8833333333333333,,1.6660011456250465,80469345.19791588,0.0,120824634.80208412,120824634.80208412,0,False
2024-04-16,2024-04-15,2024-03-29,0.06630506601248884,0.8833333333333333,,1.6805163715871025,80477061.43649651,0.0,118258817.56350349,118258817.56350349,0,False
2024-04-17,2024-04-16,2024-03-29,0.06630506601248884,0.8833333333333333,,1.6660003262812275,81223076.47066043,0.0,121956511.52933957,121956511.52933957,0,False
2024-04-18,2024-04-17,2024-03-29,0.06630506601248884,0.8833333333333333,,1.681429315061473,81230864.98484255,0.0,119206590.01515745,119206590.01515745,0,False
2024-04-19,2024-04-18,2024-03-29,0.06630506601248884,0.8833333333333333,,1.6822467487650365,81238654.2458685,0.0,119075179.7541315,119075179.7541315,0,False
2024-04-22,2024-04-19,2024-03-29,0.06630506601248884,0.8833333333333333,,1.7004567255289713,81262024.26969266,0.0,116012911.73030734,116012911.73030734,0,False
2024-04-23,2024-04-22,2024-03-29,0.06630506601248884,0.8833333333333333,,1.7248813778456686,81269816.51859523,0.0,112114642.48140477,112114642.48140477,0,False
2024-04-24,2024-04-23,2024-03-29,0.06630506601248884,0.8833333333333333,,1.735724589670556,81277609.51469976,0.0,110472873.48530024,110472873.48530024,0,False
2024-04-25,2024-04-24,2024-03-29,0.06630506601248884,0.8833333333333333,,1.7211904053835665,81285072.42943788,0.0,112709586.57056212,112709586.57056212,0,False
2024-04-26,2024-04-25,2024-03-29,0.06630506601248884,0.8833333333333333,,1.7176850193066402,81292866.88843796,0.0,113270954.11156204,113270954.11156204,0,False
2024-04-29,2024-04-26,2024-03-29,0.06630506601248884,0.8833333333333333,,1.6969158677211067,81316252.50767983,0.0,116680156.49232017,116680156.49232017,0,False
2024-04-30,2024-04-29,2024-03-29,0.06630506601248884,0.8833333333333333,,1.685503317518812,81324049.95655043,0.0,118634072.04344957,118634072.04344957,0,False
2024-05-06,2024-04-30,2024-04-30,0.06295652278589853,0.7333333333333333,,1.6758856049528068,81370839.13597749,0.0,120391436.86402251,120391436.86402251,0,False
2024-05-07,2024-05-06,2024-04-30,0.06295652278589853,0.7333333333333333,,1.6660002971576973,81866258.6142223,0.0,122922255.3857777,122922255.3857777,0,False
2024-05-08,2024-05-07,2024-04-30,0.06295652278589853,0.7333333333333333,,1.6732798613871338,81874108.8034045,0.0,121604868.1965955,121604868.1965955,0,False
2024-05-09,2024-05-08,2024-04-30,0.06295652278589853,0.7333333333333333,,1.6659999755439743,83828458.72854455,0.0,125868561.27145545,125868561.27145545,0,False
2024-05-10,2024-05-09,2024-04-30,0.06295652278589853,0.7333333333333333,,1.6659997457449107,84436545.9994721,0.0,126781649.0005279,126781649.0005279,0,False
2024-05-13,2024-05-10,2024-04-30,0.06295652278589853,0.7333333333333333,,1.665999105565581,84615292.95315962,0.0,127050160.04684038,127050160.04684038,0,False
2024-05-14,2024-05-13,2024-04-30,0.06295652278589853,0.7333333333333333,,1.6697458639147416,84623406.7483743,0.0,126351518.2516257,126351518.2516257,0,False
2024-05-15,2024-05-14,2024-04-30,0.06295652278589853,0.7333333333333333,,1.6893637736665001,84631521.32162414,0.0,122767578.67837586,122767578.67837586,0,False
2024-05-16,2024-05-15,2024-04-30,0.06295652278589853,0.7333333333333333,,1.6754035897940036,82697156.67298375,0.0,122441097.32701625,122441097.32701625,0,False
2024-05-17,2024-05-16,2024-04-30,0.06295652278589853,0.7333333333333333,,1.665997984542454,83174335.07084225,0.0,124886766.92915775,124886766.92915775,0,False
2024-05-20,2024-05-17,2024-04-30,0.06295652278589853,0.7333333333333333,,1.6660023802774941,87969474.71003579,0.0,132085826.28996421,132085826.28996421,0,False
2024-05-21,2024-05-20,2024-04-30,0.06295652278589853,0.7333333333333333,,1.6692514950323076,87977910.13911757,0.0,131457173.86088243,131457173.86088243,0,False
2024-05-22,2024-05-21,2024-04-30,0.06295652278589853,0.7333333333333333,,1.6660008860343651,89668971.20997612,0.0,134637915.79002386,134637915.79002386,0,False
2024-05-23,2024-05-22,2024-04-30,0.06295652278589853,0.7333333333333333,,1.6856223184958983,89677569.6044757,0.0,130797331.3955243,130797331.3955243,0,False
2024-05-24,2024-05-23,2024-04-30,0.06295652278589853,0.7333333333333333,,1.6815741229209973,89686168.82347888,0.0,131586816.17652112,131586816.17652112,0,False
2024-05-27,2024-05-24,2024-04-30,0.06295652278589853,0.7333333333333333,,1.665999617120791,90149533.0093463,0.0,135359736.9906537,135359736.9906537,0,False
2024-05-28,2024-05-27,2024-04-30,0.06295652278589853,0.7333333333333333,,1.6777653574458193,90158177.48511432,0.0,133022699.51488568,133022699.51488568,0,False
2024-05-29,2024-05-28,2024-04-30,0.06295652278589853,0.7333333333333333,,1.6660262859672017,92191070.46831466,0.0,138419567.53168535,138419567.53168535,0,False
2024-05-30,2024-05-29,2024-04-30,0.06295652278589853,0.7333333333333333,,1.6660210467414727,88457856.45850623,114.15602761646733,132815235.69752139,132815235.69752139,0,False
2024-05-31,2024-05-30,2024-04-30,0.06295652278589853,0.7333333333333333,,1.6660232817898069,88253888.72725049,82.34120352352102,132508590.61395302,132508590.61395302,0,False
2024-06-03,2024-05-31,2024-05-31,0.06350442350907519,0.7333333333333333,,1.666020622356611,86512816.25697848,305.2739951927215,129894643.01701671,129894643.01701671,0,False
2024-06-04,2024-06-03,2024-05-31,0.06350442350907519,0.7333333333333333,,1.6660240158674626,87553249.98810738,0.0,131456596.01189262,131456596.01189262,0,False
2024-06-05,2024-06-04,2024-05-31,0.06350442350907519,0.7333333333333333,,1.6660218991012474,85637347.92551714,128.12568761012045,128580186.20017046,128580186.20017046,0,False
2024-06-06,2024-06-05,2024-05-31,0.06350442350907519,0.7333333333333333,,1.666001421867207,88533555.81455554,0.0,132932983.18544446,132932983.18544446,0,False
2024-06-07,2024-06-06,2024-05-31,0.06350442350907519,0.7333333333333333,,1.6660235999863742,88578268.54170626,0.0,132995690.45829374,132995690.45829374,0,False
2024-06-11,2024-06-07,2024-05-31,0.06350442350907519,0.7333333333333333,,1.6660224769307173,86333382.3525145,30.318598268752112,129625282.96608377,129625282.96608377,0,False
2024-06-12,2024-06-11,2024-05-31,0.06350442350907519,0.7333333333333333,,1.6660004838574203,88316437.63082948,0.0,132607167.36917052,132607167.36917052,0,False
2024-06-13,2024-06-12,2024-05-31,0.06350442350907519,0.7333333333333333,,1.6660219215179097,86077927.02200134,103.00828301065985,129241727.98628168,129241727.98628168,0,False
2024-06-14,2024-06-13,2024-05-31,0.06350442350907519,0.7333333333333333,,1.6747444631129835,86083564.36151497,0.0,127579504.63848503,127579504.63848503,0,False
2024-06-17,2024-06-14,2024-05-31,0.06350442350907519,0.7333333333333333,,1.6956134810383208,86108328.12660527,0.0,123787606.87339473,123787606.87339473,0,False
2024-06-18,2024-06-17,2024-05-31,0.06350442350907519,0.7333333333333333,,1.6885398499465152,86116585.08957632,0.0,125071315.91042368,125071315.91042368,0,False
2024-06-19,2024-06-18,2024-05-31,0.06350442350907519,0.7333333333333333,,1.6661371559506337,83057936.35968892,328.9271079818718,124685444.56741907,124685444.56741907,0,False
2024-06-20,2024-06-19,2024-05-31,0.06350442350907519,0.7333333333333333,,1.6659983764645205,83221079.92441186,0.0,124956881.07558814,124956881.07558814,0,False
2024-06-21,2024-06-20,2024-05-31,0.06350442350907519,0.7333333333333333,,1.6668602293537613,83229060.02796626,0.0,124807352.97203374,124807352.97203374,0,False
2024-06-24,2024-06-21,2024-05-31,0.06350442350907519,0.7333333333333333,,1.675546548841406,83252372.76067567,0.0,123237063.23932433,123237063.23932433,0,False
2024-06-25,2024-06-24,2024-05-31,0.06350442350907519,0.7333333333333333,,1.6741330136630241,83260355.86491299,0.0,123507311.13508701,123507311.13508701,0,False
2024-06-26,2024-06-25,2024-05-31,0.06350442350907519,0.7333333333333333,,1.6794089586722445,83268339.73465346,0.0,122559967.26534654,122559967.26534654,0,False
2024-06-27,2024-06-26,2024-05-31,0.06350442350907519,0.7333333333333333,,1.6894406395425168,82890802.45918049,0.0,120229063.54081951,120229063.54081951,0,False
2024-06-28,2024-06-27,2024-05-31,0.06350442350907519,0.7333333333333333,,1.6661036511286749,81118231.97373286,262.32561985255956,121779800.35188699,121779800.35188699,0,False
2024-07-01,2024-06-28,2024-06-28,0.06505001393728221,0.7833333333333333,,1.6660004618925746,84794963.81393367,0.0,127319677.18606633,127319677.18606633,0,False
2024-07-02,2024-07-01,2024-06-28,0.06505001393728221,0.7833333333333333,,1.6660156948340448,84635496.55798456,2.4141935294593395,127077326.85620895,127077326.85620895,0,False
2024-07-03,2024-07-02,2024-06-28,0.06505001393728221,0.7833333333333333,,1.6774237660660165,84643609.87633769,0.0,124949277.12366231,124949277.12366231,0,False
2024-07-04,2024-07-03,2024-06-28,0.06505001393728221,0.7833333333333333,,1.6796163057716729,84651726.38687378,0.0,124558115.61312622,124558115.61312622,0,False
2024-07-05,2024-07-04,2024-06-28,0.06505001393728221,0.7833333333333333,,1.6768320439153717,84659843.6757054,0.0,125082499.3242946,125082499.3242946,0,False
2024-07-08,2024-07-05,2024-06-28,0.06505001393728221,0.7833333333333333,,1.669702525696824,84684197.87731074,0.0,126450468.12268926,126450468.12268926,0,False
2024-07-09,2024-07-08,2024-06-28,0.06505001393728221,0.7833333333333333,,1.665999755626541,85518931.63191691,0.0,128406851.36808309,128406851.36808309,0,False
2024-07-10,2024-07-09,2024-06-28,0.06505001393728221,0.7833333333333333,,1.67498499127982,82599745.57741587,0.0,122372714.42258413,122372714.42258413,0,False
2024-07-11,2024-07-10,2024-06-28,0.06505001393728221,0.7833333333333333,,1.6659985629835903,83067541.53676438,0.0,124726307.46323562,124726307.46323562,0,False
2024-07-12,2024-07-11,2024-06-28,0.06505001393728221,0.7833333333333333,,1.6688201506629101,82865220.9174597,0.0,123897614.0825403,123897614.0825403,0,False
2024-07-15,2024-07-12,2024-06-28,0.06505001393728221,0.7833333333333333,,1.6659992211938865,84350146.40974362,0.0,126652019.59025638,126652019.59025638,0,False
2024-07-16,2024-07-15,2024-06-28,0.06505001393728221,0.7833333333333333,,1.6862709695384033,84358112.2199473,0.0,122922454.7800527,122922454.7800527,0,False
2024-07-17,2024-07-16,2024-06-28,0.06505001393728221,0.7833333333333333,,1.7148075297847802,84366201.35399579,0.0,118026458.64600421,118026458.64600421,0,False
2024-07-18,2024-07-17,2024-06-28,0.06505001393728221,0.7833333333333333,,1.7165169107790208,84374291.26371466,0.0,117756175.73628534,117756175.73628534,0,False
2024-07-19,2024-07-18,2024-06-28,0.06505001393728221,0.7833333333333333,,1.7259496409088337,84382381.9491783,0.0,116237239.0508217,116237239.0508217,0,False
2024-07-22,2024-07-19,2024-06-28,0.06505001393728221,0.7833333333333333,,1.745570242819892,84406656.33302669,0.0,113210870.66697331,113210870.66697331,0,False
2024-07-23,2024-07-22,2024-06-28,0.06505001393728221,0.7833333333333333,,1.767373313832507,84414750.12199013,0.0,110004802.87800987,110004802.87800987,0,False
2024-07-24,2024-07-23,2024-06-28,0.06505001393728221,0.7833333333333333,,1.7792874483788685,84422827.38707033,0.0,108333359.61292967,108333359.61292967,0,False
2024-07-25,2024-07-24,2024-06-28,0.06505001393728221,0.7833333333333333,,1.805363320640691,84430922.72668278,0.0,104835818.27331722,104835818.27331722,0,False
2024-07-26,2024-07-25,2024-06-28,0.06505001393728221,0.7833333333333333,,1.801432187697673,84439018.84256068,0.0,105360154.15743932,105360154.15743932,0,False
2024-07-29,2024-07-26,2024-06-28,0.06505001393728221,0.7833333333333333,,1.806261525065301,84463309.51921402,0.0,104759196.48078598,104759196.48078598,0,False
2024-07-30,2024-07-29,2024-06-28,0.06505001393728221,0.7833333333333333,,1.8372483832644018,84471408.74067476,0.0,100891695.25932524,100891695.25932524,0,False
2024-07-31,2024-07-30,2024-06-28,0.06505001393728221,0.7833333333333333,,1.8074439397897095,84479508.73877318,0.0,104625850.26122682,104625850.26122682,0,False
2024-08-01,2024-07-31,2024-07-31,0.066845222614841,0.8833333333333333,,1.8119164953230391,84487609.51358375,0.0,104059481.48641625,104059481.48641625,0,False
2024-08-02,2024-08-01,2024-07-31,0.066845222614841,0.8833333333333333,,1.8287459210679327,84495711.06518094,0.0,101956110.93481906,101956110.93481906,0,False
2024-08-05,2024-08-02,2024-07-31,0.066845222614841,0.8833333333333333,,1.8524711976212516,84520018.05055586,0.0,99147065.94944414,99147065.94944414,0,False
2024-08-06,2024-08-05,2024-07-31,0.066845222614841,0.8833333333333333,,1.8555125559257748,84528122.70982097,0.0,98804070.29017903,98804070.29017903,0,False
2024-08-07,2024-08-06,2024-07-31,0.066845222614841,0.8833333333333333,,1.8164326765657852,84536228.1462452,0.0,103543415.8537548,103543415.8537548,0,False
2024-08-08,2024-08-07,2024-07-31,0.066845222614841,0.8833333333333333,,1.8238400203847134,84544334.35990305,0.0,102622271.64009695,102622271.64009695,0,False
2024-08-09,2024-08-08,2024-07-31,0.066845222614841,0.8833333333333333,,1.8196584545348622,84552441.35086907,0.0,103155699.64913093,103155699.64913093,0,False
2024-08-12,2024-08-09,2024-07-31,0.066845222614841,0.8833333333333333,,1.8144566479492696,84576764.65591522,0.0,103844403.34408478,103844403.34408478,0,False
2024-08-13,2024-08-12,2024-07-31,0.066845222614841,0.8833333333333333,,1.8156105630402342,84584874.75663565,0.0,103707429.24336435,103707429.24336435,0,False
2024-08-14,2024-08-13,2024-07-31,0.066845222614841,0.8833333333333333,,1.827845113237113,84592985.63503698,0.0,102184556.36496302,102184556.36496302,0,False
2024-08-15,2024-08-14,2024-07-31,0.066845222614841,0.8833333333333333,,1.8137252384087397,84601097.29119375,0.0,103967645.70880625,103967645.70880625,0,False
2024-08-16,2024-08-15,2024-07-31,0.066845222614841,0.8833333333333333,,1.7954041839477124,84609209.72518058,0.0,106372598.27481942,106372598.27481942,0,False
2024-08-19,2024-08-16,2024-07-31,0.066845222614841,0.8833333333333333,,1.768628437294877,84633549.36085495,0.0,110109833.63914505,110109833.63914505,0,False
2024-08-20,2024-08-19,2024-07-31,0.066845222614841,0.8833333333333333,,1.802650279670175,84641664.90668407,0.0,105452732.09331593,105452732.09331593,0,False
2024-08-21,2024-08-20,2024-07-31,0.066845222614841,0.8833333333333333,,1.810317851397849,84649781.23071621,0.0,104464909.76928379,104464909.76928379,0,False
2024-08-22,2024-08-21,2024-07-31,0.066845222614841,0.8833333333333333,,1.8174959306722431,84657898.333026,0.0,103557577.666974,103557577.666974,0,False
2024-08-23,2024-08-22,2024-07-31,0.066845222614841,0.8833333333333333,,1.814104045408166,84666016.21368808,0.0,103999011.78631192,103999011.78631192,0,False
2024-08-26,2024-08-23,2024-07-31,0.066845222614841,0.8833333333333333,,1.8115147111420178,84690372.19095503,0.0,104360858.80904497,104360858.80904497,0,False
2024-08-27,2024-08-26,2024-07-31,0.066845222614841,0.8833333333333333,,1.8188118291264779,84698493.18554868,0.0,103440729.81445132,103440729.81445132,0,False
2024-08-28,2024-08-27,2024-07-31,0.066845222614841,0.8833333333333333,,1.8333993331907654,84681862.95886783,0.0,101610188.04113217,101610188.04113217,0,False
2024-08-29,2024-08-28,2024-07-31,0.066845222614841,0.8833333333333333,,1.8658879677402327,84689983.13750772,0.0,97807090.86249228,97807090.86249228,0,False
2024-08-30,2024-08-29,2024-07-31,0.066845222614841,0.8833333333333333,,1.8900995747275104,84698104.09479488,0.0,95155762.90520512,95155762.90520512,0,False
2024-09-02,2024-08-30,2024-08-30,0.07037703130755064,0.95,,1.901392441304021,84722469.30282216,0.0,93990658.69717784,93990658.69717784,0,False
2024-09-03,2024-09-02,2024-08-30,0.07037703130755064,0.95,,1.9224844635331715,84730593.37522106,0.0,91850428.62477894,91850428.62477894,0,False
2024-09-04,2024-09-03,2024-08-30,0.07037703130755064,0.95,,1.9603369236125299,84738718.2266406,0.0,88238529.7733594,88238529.7733594,0,False
2024-09-05,2024-09-04,2024-08-30,0.07037703130755064,0.95,,1.9756084848404616,84746843.85715549,0.0,86865628.14284451,86865628.14284451,0,False
2024-09-06,2024-09-05,2024-08-30,0.07037703130755064,0.95,,1.9316370993320426,78857014.77703041,0.0,84643489.22296959,84643489.22296959,0,False
2024-09-09,2024-09-06,2024-08-30,0.07037703130755064,0.95,,1.9609050297591128,78879699.6716923,0.0,82088965.3283077,82088965.3283077,0,False
2024-09-10,2024-09-09,2024-08-30,0.07037703130755064,0.95,,1.9535877027380848,78887263.47851013,0.0,82726804.52148987,82726804.52148987,0,False
2024-09-11,2024-09-10,2024-08-30,0.07037703130755064,0.95,,1.8385819388057925,65666234.7926745,0.0,78306283.2073255,78306283.2073255,0,False
2024-09-12,2024-09-11,2024-08-30,0.07037703130755064,0.95,,1.821367087989146,65672531.55491489,0.0,79955153.44508511,79955153.44508511,0,False
2024-09-13,2024-09-12,2024-08-30,0.07037703130755064,0.95,,1.8218819414362417,65678828.920954406,0.0,79912729.0790456,79912729.0790456,0,False
2024-09-18,2024-09-13,2024-08-30,0.07037703130755064,0.95,,1.7914737883393508,65710318.770437054,0.0,83022735.22956294,83022735.22956294,0,False
2024-09-19,2024-09-18,2024-08-30,0.07037703130755064,0.95,,1.7601461431541634,65716619.75990819,0.0,86452612.2400918,86452612.2400918,0,False
2024-09-20,2024-09-19,2024-08-30,0.07037703130755064,0.95,,1.7507690399198157,65722921.3535838,0.0,87540798.6464162,87540798.6464162,0,False
2024-09-23,2024-09-20,2024-08-30,0.07037703130755064,0.95,,1.7480319609905663,65741827.94739784,0.0,87886389.05260216,87886389.05260216,0,False
2024-09-24,2024-09-23,2024-08-30,0.07037703130755064,0.95,,1.6706630951320063,65748131.95829691,0.0,98034516.04170309,98034516.04170309,0,False
2024-09-25,2024-09-24,2024-08-30,0.07037703130755064,0.95,,1.6659963776951412,66173957.71594017,0.0,99360837.28405982,99360837.28405982,0,False
2024-09-26,2024-09-25,2024-08-30,0.07037703130755064,0.95,,1.6660026839540123,71370892.94403033,0.0,107163071.05596967,107163071.05596967,0,False
2024-09-27,2024-09-26,2024-08-30,0.07037703130755064,0.95,,1.665997711555653,73606671.88418524,0.0,110520908.11581476,110520908.11581476,0,False
2024-09-30,2024-09-27,2024-08-30,0.07037703130755064,0.95,,1.6660017905159312,82114846.76355411,0.0,123295234.23644589,123295234.23644589,0,False
2024-10-08,2024-09-30,2024-09-30,0.057533383399209485,0.4666666666666667,,1.6659982088148917,82921587.70139,0.0,124507223.29861,124507223.29861,0,False
2024-10-09,2024-10-08,2024-09-30,0.057533383399209485,0.4666666666666667,,1.7537718332408425,82929539.08651204,0.0,110019418.91348796,110019418.91348796,0,False
2024-10-10,2024-10-09,2024-09-30,0.057533383399209485,0.4666666666666667,,1.7092795723939536,82936457.76398568,0.0,116930560.23601432,116930560.23601432,0,False
2024-10-11,2024-10-10,2024-09-30,0.057533383399209485,0.4666666666666667,,1.7193884530143808,82944410.57500415,0.0,115298501.42499585,115298501.42499585,0,False
2024-10-14,2024-10-11,2024-09-30,0.057533383399209485,0.4666666666666667,,1.6826204134364349,82968271.2958545,0.0,121543788.7041455,121543788.7041455,0,False
2024-10-15,2024-10-14,2024-09-30,0.057533383399209485,0.4666666666666667,,1.7178113084343554,82976227.1574856,0.0,115596154.8425144,115596154.8425144,0,False
2024-10-16,2024-10-15,2024-09-30,0.057533383399209485,0.4666666666666667,,1.6977400871284063,82984183.78200756,0.0,118932802.21799244,118932802.21799244,0,False
2024-10-17,2024-10-16,2024-09-30,0.057533383399209485,0.4666666666666667,,1.7120176730441714,82992141.16949351,0.0,116559102.83050649,116559102.83050649,0,False
2024-10-18,2024-10-17,2024-09-30,0.057533383399209485,0.4666666666666667,,1.6991419549818307,82763313.82001661,0.0,118378411.17998339,118378411.17998339,0,False
2024-10-21,2024-10-18,2024-09-30,0.057533383399209485,0.4666666666666667,,1.7041630886277923,82787122.44454017,0.0,117568108.55545983,117568108.55545983,0,False
2024-10-22,2024-10-21,2024-09-30,0.057533383399209485,0.4666666666666667,,1.7042514358440188,82795060.93573348,0.0,117564632.06426652,117564632.06426652,0,False
2024-10-23,2024-10-22,2024-09-30,0.057533383399209485,0.4666666666666667,,1.703200719315575,82738000.18815197,0.0,117659151.81184803,117659151.81184803,0,False
2024-10-24,2024-10-23,2024-09-30,0.057533383399209485,0.4666666666666667,,1.7033073546214468,82745933.96899194,0.0,117652593.03100806,117652593.03100806,0,False
2024-10-25,2024-10-24,2024-09-30,0.057533383399209485,0.4666666666666667,,1.7091290806923105,82753868.5106054,0.0,116697891.4893946,116697891.4893946,0,False
2024-10-28,2024-10-25,2024-09-30,0.057533383399209485,0.4666666666666667,,1.7055063999931026,82773835.64666516,0.0,117325421.35333484,117325421.35333484,0,False
2024-10-29,2024-10-28,2024-09-30,0.057533383399209485,0.4666666666666667,,1.700185001959703,80046427.15390196,0.0,114321824.84609804,114321824.84609804,0,False
2024-10-30,2024-10-29,2024-09-30,0.057533383399209485,0.4666666666666667,,1.7024221108843909,80050957.45437753,0.0,113964176.54562247,113964176.54562247,0,False
2024-10-31,2024-10-30,2024-09-30,0.057533383399209485,0.4666666666666667,,1.666020536881926,75719800.02199207,76.23120659213254,113689773.20921452,113689773.20921452,0,False
2024-11-01,2024-10-31,2024-10-31,0.06436090987124463,0.6833333333333333,,1.6660127977198484,78059910.84421732,0.0,117204821.15578268,117204821.15578268,0,False
2024-11-04,2024-11-01,2024-10-31,0.06436090987124463,0.6833333333333333,,1.6660013564943925,80909831.28274813,0.0,121485985.71725187,121485985.71725187,0,False
2024-11-05,2024-11-04,2024-10-31,0.06436090987124463,0.6833333333333333,,1.6660009207491628,82876334.21898043,0.18002999999998792,124438767.96104956,124438767.96104956,0,False
2024-11-06,2024-11-05,2024-10-31,0.06436090987124463,0.6833333333333333,,1.6660238896728436,83449379.20260745,0.0,125294873.79739255,125294873.79739255,0,False
2024-11-07,2024-11-06,2024-10-31,0.06436090987124463,0.6833333333333333,,1.6660004025303807,86728853.68120347,0.0,130223425.31879653,130223425.31879653,0,False
2024-11-08,2024-11-07,2024-10-31,0.06436090987124463,0.6833333333333333,,1.6660202702202143,84094695.69434778,279.6738928318748,126264048.97954504,126264048.97954504,0,False
2024-11-11,2024-11-08,2024-10-31,0.06436090987124463,0.6833333333333333,,1.6818984545870728,84118607.64524375,0.0,123359434.35475625,123359434.35475625,0,False
2024-11-12,2024-11-11,2024-10-31,0.06436090987124463,0.6833333333333333,,1.690589726725057,84126673.81310014,0.0,121818600.18689986,121818600.18689986,0,False
2024-11-13,2024-11-12,2024-10-31,0.06436090987124463,0.6833333333333333,,1.6887620673437231,84134740.75442469,0.0,122153563.24557531,122153563.24557531,0,False
2024-11-14,2024-11-13,2024-10-31,0.06436090987124463,0.6833333333333333,,1.7124726658169012,84142808.46929155,0.0,118099700.53070845,118099700.53070845,0,False
2024-11-15,2024-11-14,2024-10-31,0.06436090987124463,0.6833333333333333,,1.7213254472609778,84150876.9577749,0.0,116661456.0422251,116661456.0422251,0,False
2024-11-18,2024-11-15,2024-10-31,0.06436090987124463,0.6833333333333333,,1.737354686902899,84175084.74429701,0.0,114158201.25570299,114158201.25570299,0,False
2024-11-19,2024-11-18,2024-10-31,0.06436090987124463,0.6833333333333333,,1.732582178752947,84183156.32776564,0.0,114912918.67223436,114912918.67223436,0,False
2024-11-20,2024-11-19,2024-10-31,0.06436090987124463,0.6833333333333333,,1.727288654385545,84191228.68522173,0.0,115760404.31477827,115760404.31477827,0,False
2024-11-21,2024-11-20,2024-10-31,0.06436090987124463,0.6833333333333333,,1.7298154335888523,84199281.8167395,0.0,115370651.1832605,115370651.1832605,0,False
2024-11-22,2024-11-21,2024-10-31,0.06436090987124463,0.6833333333333333,,1.7779746950726818,84207355.72047535,0.0,108239196.27952465,108239196.27952465,0,False
2024-11-25,2024-11-22,2024-10-31,0.06436090987124463,0.6833333333333333,,1.738290457717171,80567850.99296273,0.0,109127580.00703727,109127580.00703727,0,False
2024-11-26,2024-11-25,2024-10-31,0.06436090987124463,0.6833333333333333,,1.7391448237559348,80575576.67730452,0.0,109011893.32269548,109011893.32269548,0,False
2024-11-27,2024-11-26,2024-10-31,0.06436090987124463,0.6833333333333333,,1.7199189547804914,80583303.10246536,0.0,111933853.89753464,111933853.89753464,0,False
2024-11-28,2024-11-27,2024-10-31,0.06436090987124463,0.6833333333333333,,1.7374453548342688,80310834.26851629,0.0,108904115.73148371,108904115.73148371,0,False
2024-11-29,2024-11-28,2024-10-31,0.06436090987124463,0.6833333333333333,,1.7290671362489354,80318535.30741875,0.0,110166171.69258125,110166171.69258125,0,False
2024-12-02,2024-11-29,2024-11-29,0.0649003829787234,0.7333333333333333,,1.7325800117408605,80341640.63949348,0.0,109669441.36050652,109669441.36050652,0,False
2024-12-03,2024-12-02,2024-11-29,0.0649003829787234,0.7333333333333333,,1.7219403215726243,80349344.6324315,0.0,111296380.3675685,111296380.3675685,0,False
2024-12-04,2024-12-03,2024-11-29,0.0649003829787234,0.7333333333333333,,1.705970064234199,80357049.36410859,0.0,113825009.63589141,113825009.63589141,0,False
2024-12-05,2024-12-04,2024-11-29,0.0649003829787234,0.7333333333333333,,1.7056224298328722,80364754.83459556,0.0,113892007.16540444,113892007.16540444,0,False
2024-12-06,2024-12-05,2024-11-29,0.0649003829787234,0.7333333333333333,,1.6970094162213318,80372461.04396327,0.0,115310437.95603673,115310437.95603673,0,False
2024-12-09,2024-12-06,2024-11-29,0.0649003829787234,0.7333333333333333,,1.6939835125992484,80395581.88892113,0.0,115846530.11107887,115846530.11107887,0,False
2024-12-10,2024-12-09,2024-11-29,0.0649003829787234,0.7333333333333333,,1.6746376908164313,79200111.05430773,0.0,117396510.94569227,117396510.94569227,0,False
2024-12-11,2024-12-10,2024-11-29,0.0649003829787234,0.7333333333333333,,1.6659994675923404,80002427.6825547,0.0,120123861.3174453,120123861.3174453,0,False
2024-12-12,2024-12-11,2024-11-29,0.0649003829787234,0.7333333333333333,,1.6660002152672986,81224043.35868289,0.0,121957983.64131711,121957983.64131711,0,False
2024-12-13,2024-12-12,2024-11-29,0.0649003829787234,0.7333333333333333,,1.6978065122783346,81231831.9655803,0.0,116410252.0344197,116410252.0344197,0,False
2024-12-16,2024-12-13,2024-11-29,0.0649003829787234,0.7333333333333333,,1.6912766736818734,81254223.52765067,0.0,117542261.47234933,117542261.47234933,0,False
2024-12-17,2024-12-16,2024-11-29,0.0649003829787234,0.7333333333333333,,1.7001780166521552,81262015.02853689,0.0,116059077.97146311,116059077.97146311,0,False
2024-12-18,2024-12-17,2024-11-29,0.0649003829787234,0.7333333333333333,,1.6983632333502703,81269807.27655332,0.0,116371829.72344668,116371829.72344668,0,False
2024-12-19,2024-12-18,2024-11-29,0.0649003829787234,0.7333333333333333,,1.712364252634189,81277600.27177162,0.0,114095562.72822838,114095562.72822838,0,False
2024-12-20,2024-12-19,2024-11-29,0.0649003829787234,0.7333333333333333,,1.7281919224619693,81285394.01426344,0.0,111626332.98573656,111626332.98573656,0,False
2024-12-23,2024-12-20,2024-11-29,0.0649003829787234,0.7333333333333333,,1.719812278988712,81308777.4837744,0.0,112958308.5162256,112958308.5162256,0,False
2024-12-24,2024-12-23,2024-11-29,0.0649003829787234,0.7333333333333333,,1.7143682315222897,81316574.21586187,0.0,113830053.78413813,113830053.78413813,0,False
2024-12-25,2024-12-24,2024-11-29,0.0649003829787234,0.7333333333333333,,1.706500736881916,81324371.6955812,0.0,115108686.3044188,115108686.3044188,0,False
2024-12-26,2024-12-25,2024-11-29,0.0649003829787234,0.7333333333333333,,1.7042431894303216,81332169.92300406,0.0,115488756.07699594,115488756.07699594,0,False
2024-12-27,2024-12-26,2024-11-29,0.0649003829787234,0.7333333333333333,,1.7126733453342424,81339968.89820215,0.0,114133592.10179785,114133592.10179785,0,False
2024-12-30,2024-12-27,2024-11-29,0.0649003829787234,0.7333333333333333,,1.6800669820956715,81363368.06733724,0.0,119640226.93266276,119640226.93266276,0,False
2024-12-31,2024-12-30,2024-11-29,0.0649003829787234,0.7333333333333333,,1.6945280186459626,81371170.03413822,0.0,117160384.96586178,117160384.96586178,0,False
2025-01-02,2024-12-31,2024-12-31,0.06528245447087777,0.7666666666666667,,1.7131474728660143,81386775.46400778,0.0,114123345.53599222,114123345.53599222,0,False
2025-01-03,2025-01-02,2024-12-31,0.06528245447087777,0.7666666666666667,,1.7005979446315782,81394579.67535365,0.0,116178730.32464635,116178730.32464635,0,False
2025-01-06,2025-01-03,2024-12-31,0.06528245447087777,0.7666666666666667,,1.7008981000436856,81417994.55443834,0.0,116162384.44556166,116162384.44556166,0,False
2025-01-07,2025-01-06,2024-12-31,0.06528245447087777,0.7666666666666667,,1.6953108305732159,81425801.75939561,0.0,117107052.24060439,117107052.24060439,0,False
2025-01-08,2025-01-07,2024-12-31,0.06528245447087777,0.7666666666666667,,1.707241069442862,81433609.71298899,0.0,115142648.28701101,115142648.28701101,0,False
2025-01-09,2025-01-08,2024-12-31,0.06528245447087777,0.7666666666666667,,1.714457665870424,81441418.41529024,0.0,113990544.58470976,113990544.58470976,0,False
2025-01-10,2025-01-09,2024-12-31,0.06528245447087777,0.7666666666666667,,1.7112033195955585,81174719.56637116,0.0,114137149.43362884,114137149.43362884,0,False
2025-01-13,2025-01-10,2024-12-31,0.06528245447087777,0.7666666666666667,,1.6966631191999906,81198071.19802724,0.0,116552848.80197276,116552848.80197276,0,False
2025-01-14,2025-01-13,2024-12-31,0.06528245447087777,0.7666666666666667,,1.682092769121273,81205857.31444348,0.0,119053977.68555652,119053977.68555652,0,False
2025-01-15,2025-01-14,2024-12-31,0.06528245447087777,0.7666666666666667,,1.6878898183920739,81213644.17747363,0.0,118061994.82252637,118061994.82252637,0,False
2025-01-16,2025-01-15,2024-12-31,0.06528245447087777,0.7666666666666667,,1.6660010109420462,83048000.63321929,0.0,124696508.36678071,124696508.36678071,0,False
2025-01-17,2025-01-16,2024-12-31,0.06528245447087777,0.7666666666666667,,1.6742982128046675,83055964.14012933,0.0,123173934.85987067,123173934.85987067,0,False
2025-01-20,2025-01-17,2024-12-31,0.06528245447087777,0.7666666666666667,,1.6869769067504095,82711072.95173128,0.0,120398622.04826872,120398622.04826872,0,False
2025-01-21,2025-01-20,2024-12-31,0.06528245447087777,0.7666666666666667,,1.6887404497761418,82719004.15050748,0.0,120101852.84949252,120101852.84949252,0,False
2025-01-22,2025-01-21,2024-12-31,0.06528245447087777,0.7666666666666667,,1.7038887551481088,82726925.70980957,0.0,117528409.29019043,117528409.29019043,0,False
2025-01-23,2025-01-22,2024-12-31,0.06528245447087777,0.7666666666666667,,1.7031499943768553,82734858.42871325,0.0,117663171.57128675,117663171.57128675,0,False
2025-01-24,2025-01-23,2024-12-31,0.06528245447087777,0.7666666666666667,,1.6927188432417914,81957680.3082886,0.0,118313051.6917114,118313051.6917114,0,False
2025-01-27,2025-01-24,2024-12-31,0.06528245447087777,0.7666666666666667,,1.6749506709723976,81981257.1752266,0.0,121462590.8247734,121462590.8247734,0,False
2025-02-05,2025-01-27,2025-01-27,0.06887987563884157,0.9333333333333333,,1.7030453939500896,82052008.12319975,0.0,116709402.87680025,116709402.87680025,0,False
2025-02-06,2025-02-05,2025-01-27,0.06887987563884157,0.9333333333333333,,1.7084607348281577,82059876.12397869,0.0,115828403.87602131,115828403.87602131,0,False
2025-02-07,2025-02-06,2025-01-27,0.06887987563884157,0.9333333333333333,,1.701290658892036,82067744.87922345,0.0,117023867.12077655,117023867.12077655,0,False
2025-02-10,2025-02-07,2025-01-27,0.06887987563884157,0.9333333333333333,,1.701675725079877,82091353.40857227,0.0,116993292.59142773,116993292.59142773,0,False
2025-02-11,2025-02-10,2025-01-27,0.06887987563884157,0.9333333333333333,,1.6882295978033208,82099225.1821868,0.0,119290459.8178132,119290459.8178132,0,False
2025-02-12,2025-02-11,2025-01-27,0.06887987563884157,0.9333333333333333,,1.690354643040487,82107097.71062893,0.0,118934664.28937107,118934664.28937107,0,False
2025-02-13,2025-02-12,2025-01-27,0.06887987563884157,0.9333333333333333,,1.6991610957029042,82114970.99397103,0.0,117447855.00602897,117447855.00602897,0,False
2025-02-14,2025-02-13,2025-01-27,0.06887987563884157,0.9333333333333333,,1.6963595475109299,82122845.03228553,0.0,117931670.96771447,117931670.96771447,0,False
2025-02-17,2025-02-14,2025-01-27,0.06887987563884157,0.9333333333333333,,1.7132734847268136,82146469.4123633,0.0,115168264.5876367,115168264.5876367,0,False
2025-02-18,2025-02-17,2025-01-27,0.06887987563884157,0.9333333333333333,,1.7163411360585323,82154346.47107407,0.0,114686065.52892593,114686065.52892593,0,False
2025-02-19,2025-02-18,2025-01-27,0.06887987563884157,0.9333333333333333,,1.7195810723132219,82162224.28511925,0.0,114180635.71488075,114180635.71488075,0,False
2025-02-20,2025-02-19,2025-01-27,0.06887987563884157,0.9333333333333333,,1.7121714573824076,82170102.85457125,0.0,115379663.14542875,115379663.14542875,0,False
2025-02-21,2025-02-20,2025-01-27,0.06887987563884157,0.9333333333333333,,1.712844507893172,82177982.17950252,0.0,115281777.82049748,115281777.82049748,0,False
2025-02-24,2025-02-21,2025-01-27,0.06887987563884157,0.9333333333333333,,1.7134645197521254,82201622.42095141,0.0,115214730.57904859,115214730.57904859,0,False
2025-02-25,2025-02-24,2025-01-27,0.06887987563884157,0.9333333333333333,,1.727970408569643,82209504.76830685,0.0,112929734.23169315,112929734.23169315,0,False
2025-02-26,2025-02-25,2025-01-27,0.06887987563884157,0.9333333333333333,,1.7182178610682082,82217387.87150382,0.0,114474162.12849618,114474162.12849618,0,False
2025-02-27,2025-02-26,2025-01-27,0.06887987563884157,0.9333333333333333,,1.7106424216454668,82225271.73061478,0.0,115705549.26938522,115705549.26938522,0,False
2025-02-28,2025-02-27,2025-01-27,0.06887987563884157,0.9333333333333333,,1.7117172594587027,82233156.34571224,0.0,115541888.65428776,115541888.65428776,0,False
2025-03-03,2025-02-28,2025-02-28,0.06745036886632826,0.8666666666666667,,1.6876138556611426,82256812.45918156,0.0,119626461.54081844,119626461.54081844,0,False
2025-03-04,2025-03-03,2025-02-28,0.06745036886632826,0.8666666666666667,,1.696258673769158,82264700.09873244,0.0,118152495.90126756,118152495.90126756,0,False
2025-03-05,2025-03-04,2025-02-28,0.06745036886632826,0.8666666666666667,,1.6768242738403538,82272588.49463232,0.0,121556793.50536768,121556793.50536768,0,False
2025-03-06,2025-03-05,2025-02-28,0.06745036886632826,0.8666666666666667,,1.6773203909349792,82280477.64695372,0.0,121479404.35304628,121479404.35304628,0,False
2025-03-07,2025-03-06,2025-02-28,0.06745036886632826,0.8666666666666667,,1.6660007717378211,84437125.77593917,0.0,126782324.22406083,126782324.22406083,0,False
2025-03-10,2025-03-07,2025-02-28,0.06745036886632826,0.8666666666666667,,1.6659984705954851,85207713.87532169,0.0,127939804.12467831,127939804.12467831,0,False
2025-03-11,2025-03-10,2025-02-28,0.06745036886632826,0.8666666666666667,,1.6698545322349685,85215515.70927206,0.0,127214957.29072794,127214957.29072794,0,False
2025-03-12,2025-03-11,2025-02-28,0.06745036886632826,0.8666666666666667,,1.677907289878524,85223687.06009349,0.0,125715843.93990651,125715843.93990651,0,False
2025-03-13,2025-03-12,2025-02-28,0.06745036886632826,0.8666666666666667,,1.6661317624817946,84043742.66648357,100.52200444196649,126166693.85552086,126166693.85552086,0,False
2025-03-14,2025-03-13,2025-02-28,0.06745036886632826,0.8666666666666667,,1.6732210495708075,84051701.13350193,0.0,124850078.86649807,124850078.86649807,0,False
2025-03-17,2025-03-14,2025-02-28,0.06745036886632826,0.8666666666666667,,1.6686483401486212,84073586.56299238,0.0,125736626.43700762,125736626.43700762,0,False
2025-03-18,2025-03-17,2025-02-28,0.06745036886632826,0.8666666666666667,,1.681360679247505,84081648.4137587,0.0,123402554.5862413,123402554.5862413,0,False
2025-03-19,2025-03-18,2025-02-28,0.06745036886632826,0.8666666666666667,,1.67927753688923,84089711.0375792,0.0,123792862.9624208,123792862.9624208,0,False
2025-03-20,2025-03-19,2025-02-28,0.06745036886632826,0.8666666666666667,,1.6774159669145172,84097774.43452801,0.0,124144954.56547199,124144954.56547199,0,False
2025-03-21,2025-03-20,2025-02-28,0.06745036886632826,0.8666666666666667,,1.6928961158409843,84105838.60467927,0.0,121383042.39532073,121383042.39532073,0,False
2025-03-24,2025-03-21,2025-02-28,0.06745036886632826,0.8666666666666667,,1.668366452711717,84130033.43496281,0.0,125874111.56503719,125874111.56503719,0,False
2025-03-25,2025-03-24,2025-02-28,0.06745036886632826,0.8666666666666667,,1.6693245605919362,84138100.69844288,0.0,125705981.30155712,125705981.30155712,0,False
2025-03-26,2025-03-25,2025-02-28,0.06745036886632826,0.8666666666666667,,1.6878944106802292,84146168.73549615,0.0,122324251.26450385,122324251.26450385,0,False
2025-03-27,2025-03-26,2025-02-28,0.06745036886632826,0.8666666666666667,,1.6862342880527008,84154237.54619682,0.0,122631933.45380318,122631933.45380318,0,False
2025-03-28,2025-03-27,2025-02-28,0.06745036886632826,0.8666666666666667,,1.6961450413962007,84162307.13061905,0.0,120897660.86938095,120897660.86938095,0,False
2025-03-31,2025-03-28,2025-02-28,0.06745036886632826,0.8666666666666667,,1.690486239432075,84186518.20527306,0.0,121923527.79472694,121923527.79472694,0,False
2025-04-01,2025-03-31,2025-03-31,0.06676064346349747,0.8166666666666667,,1.687872537086045,84194590.88510096,0.0,122398535.11489904,122398535.11489904,0,False
2025-04-02,2025-04-01,2025-03-31,0.06676064346349747,0.8166666666666667,,1.6863116807521228,84202664.33902144,0.0,122688665.66097856,122688665.66097856,0,False
2025-04-03,2025-04-02,2025-03-31,0.06676064346349747,0.8166666666666667,,1.6911539051933473,84209795.05109875,0.0,121839425.94890125,121839425.94890125,0,False
2025-04-07,2025-04-03,2025-03-31,0.06676064346349747,0.8166666666666667,,1.6661124587654226,70117994.68478861,205.23279300611466,105264191.54800439,105264191.54800439,0,False
2025-04-08,2025-04-07,2025-03-31,0.06676064346349747,0.8166666666666667,,1.6660235301695445,70570619.86866155,0.0,105958148.13133845,105958148.13133845,0,False
2025-04-09,2025-04-08,2025-03-31,0.06676064346349747,0.8166666666666667,,1.6660077616837061,69944387.65500802,497.2305356375873,105019632.57552764,105019632.57552764,0,False
2025-04-10,2025-04-09,2025-03-31,0.06676064346349747,0.8166666666666667,,1.6659969042029645,72452656.6167889,0.0,108788278.3832111,108788278.3832111,0,False
2025-04-11,2025-04-10,2025-03-31,0.06676064346349747,0.8166666666666667,,1.6748550226886316,72459604.13180694,0.0,107370622.86819306,107370622.86819306,0,False
2025-04-14,2025-04-11,2025-03-31,0.06676064346349747,0.8166666666666667,,1.665996528380344,74251849.43197128,0.0,111489844.56802872,111489844.56802872,0,False
2025-04-15,2025-04-14,2025-03-31,0.06676064346349747,0.8166666666666667,,1.6697396151235002,74258969.47232777,0.0,110877373.52767223,110877373.52767223,0,False
2025-04-16,2025-04-15,2025-03-31,0.06676064346349747,0.8166666666666667,,1.6660433826560312,73363857.24184506,436.17602720700324,110148111.93418215,110148111.93418215,0,False
2025-04-17,2025-04-16,2025-03-31,0.06676064346349747,0.8166666666666667,,1.6660478335472935,73335182.10514529,10.063756987452507,110104962.95861168,110104962.95861168,0,False
2025-04-18,2025-04-17,2025-03-31,0.06676064346349747,0.8166666666666667,,1.6660648496562394,74829273.60255812,0.0,112345327.39744188,112345327.39744188,0,False
2025-04-21,2025-04-18,2025-03-31,0.06676064346349747,0.8166666666666667,,1.6661323043222984,73834690.17992088,303.5490102476906,110840423.36908937,110840423.36908937,0,False
2025-04-22,2025-04-21,2025-03-31,0.06676064346349747,0.8166666666666667,,1.6660230231004411,72552401.85998313,12.166818127724014,108933756.30683501,108933756.30683501,0,False
2025-04-23,2025-04-22,2025-03-31,0.06676064346349747,0.8166666666666667,,1.6660226897518295,74081208.9557254,0.0,111229257.0442746,111229257.0442746,0,False
2025-04-24,2025-04-23,2025-03-31,0.06676064346349747,0.8166666666666667,,1.6659995874580669,74799153.75567651,0.0,112311111.24432349,112311111.24432349,0,False
2025-04-25,2025-04-24,2025-03-31,0.06676064346349747,0.8166666666666667,,1.6659977816119862,75523351.14132951,0.0,113398802.85867049,113398802.85867049,0,False
2025-04-28,2025-04-25,2025-03-31,0.06676064346349747,0.8166666666666667,,1.665998271141537,75901692.26022331,0.0,113966800.73977669,113966800.73977669,0,False
2025-04-29,2025-04-28,2025-03-31,0.06676064346349747,0.8166666666666667,,1.6747588950510925,75908970.50468662,0.0,112497917.49531338,112497917.49531338,0,False
2025-04-30,2025-04-29,2025-03-31,0.06676064346349747,0.8166666666666667,,1.6825768334661542,75916209.44706379,0.0,111220020.55293621,111220020.55293621,0,False
2025-05-06,2025-04-30,2025-04-30,0.07078920191470844,0.9666666666666667,,1.6864654288135492,75959887.26619771,0.0,110653623.73380229,110653623.73380229,0,False
2025-05-07,2025-05-06,2025-04-30,0.07078920191470844,0.9666666666666667,,1.6792803615678469,75967171.09100406,0.0,111834781.90899594,111834781.90899594,0,False
2025-05-08,2025-05-07,2025-04-30,0.07078920191470844,0.9666666666666667,,1.6791095445765267,75974455.61425936,0.0,111873638.38574064,111873638.38574064,0,False
2025-05-09,2025-05-08,2025-04-30,0.07078920191470844,0.9666666666666667,,1.6742349691549154,75981740.83603059,0.0,112693266.16396941,112693266.16396941,0,False
2025-05-12,2025-05-09,2025-04-30,0.07078920191470844,0.9666666666666667,,1.6659988741837226,76475535.504443,0.0,114828325.495557,114828325.495557,0,False
2025-05-13,2025-05-12,2025-04-30,0.07078920191470844,0.9666666666666667,,1.666000838554436,78286457.10782082,0.0,117547084.89217918,117547084.89217918,0,False
2025-05-14,2025-05-13,2025-04-30,0.07078920191470844,0.9666666666666667,,1.6659991454494114,79799017.5660454,0.0,119818498.4339546,119818498.4339546,0,False
2025-05-15,2025-05-14,2025-04-30,0.07078920191470844,0.9666666666666667,,1.6790066741732483,79806669.52663393,0.0,117534440.47336607,117534440.47336607,0,False
2025-05-16,2025-05-15,2025-04-30,0.07078920191470844,0.9666666666666667,,1.6659976730410906,77875515.71683258,278.24970047232637,116930194.53286791,116930194.53286791,0,False
2025-05-19,2025-05-16,2025-04-30,0.07078920191470844,0.9666666666666667,,1.6659985378330653,78550397.80820929,0.0,117943799.19179071,117943799.19179071,0,False
2025-05-20,2025-05-19,2025-04-30,0.07078920191470844,0.9666666666666667,,1.665999517218928,78623497.2497361,0.0,118053384.7502639,118053384.7502639,0,False
2025-05-21,2025-05-20,2025-04-30,0.07078920191470844,0.9666666666666667,,1.6660003515159563,80947318.2521684,0.0,121542455.7478316,121542455.7478316,0,False
2025-05-22,2025-05-21,2025-04-30,0.07078920191470844,0.9666666666666667,,1.665999988811703,81470744.99961163,0.0,122328448.00038837,122328448.00038837,0,False
2025-05-23,2025-05-22,2025-04-30,0.07078920191470844,0.9666666666666667,,1.6803624866637947,81478557.26283078,0.0,119757568.73716922,119757568.73716922,0,False
2025-05-26,2025-05-23,2025-04-30,0.07078920191470844,0.9666666666666667,,1.6800063839250412,81501996.2998516,0.0,119854751.7001484,119854751.7001484,0,False
2025-05-27,2025-05-26,2025-04-30,0.07078920191470844,0.9666666666666667,,1.6895422062453864,81509811.55977076,0.0,118208589.44022924,118208589.44022924,0,False
2025-05-28,2025-05-27,2025-04-30,0.07078920191470844,0.9666666666666667,,1.682047394145461,81517627.56909841,0.0,119519007.43090159,119519007.43090159,0,False
2025-05-29,2025-05-28,2025-04-30,0.07078920191470844,0.9666666666666667,,1.6713050308451278,81525444.32790641,0.0,121443219.67209359,121443219.67209359,0,False
2025-05-30,2025-05-29,2025-04-30,0.07078920191470844,0.9666666666666667,,1.6726519353849245,81533261.83626662,0.0,121211666.16373338,121211666.16373338,0,False
2025-06-03,2025-05-30,2025-05-30,0.06853949190110827,0.8833333333333333,,1.6694520549022316,81564534.86820382,0.0,121837754.13179618,121837754.13179618,0,False
2025-06-04,2025-06-03,2025-05-30,0.06853949190110827,0.8833333333333333,,1.6659976113986537,81678532.684172,0.0,122640879.315828,122640879.315828,0,False
2025-06-05,2025-06-04,2025-05-30,0.06853949190110827,0.8833333333333333,,1.6697261737378966,81686364.87223761,0.0,121969796.12776239,121969796.12776239,0,False
2025-06-06,2025-06-05,2025-05-30,0.06853949190110827,0.8833333333333333,,1.666643782804193,81694197.81133495,0.0,122545503.18866505,122545503.18866505,0,False
2025-06-09,2025-06-06,2025-05-30,0.06853949190110827,0.8833333333333333,,1.6659983324926255,82629779.04918823,0.0,124069047.95081177,124069047.95081177,0,False
2025-06-10,2025-06-09,2025-05-30,0.06853949190110827,0.8833333333333333,,1.6662548656551635,83492224.9096487,0.0,125315745.0903513,125315745.0903513,0,False
2025-06-11,2025-06-10,2025-05-30,0.06853949190110827,0.8833333333333333,,1.6659994294801697,84124524.67815715,0.0,126313208.32184285,126313208.32184285,0,False
2025-06-12,2025-06-11,2025-05-30,0.06853949190110827,0.8833333333333333,,1.6660001050506204,84237548.45804027,0.0,126482785.54195973,126482785.54195973,0,False
2025-06-13,2025-06-12,2025-05-30,0.06853949190110827,0.8833333333333333,,1.679808851972459,84245626.03118008,0.0,123925461.96881992,123925461.96881992,0,False
2025-06-16,2025-06-13,2025-05-30,0.06853949190110827,0.8833333333333333,,1.6661868173364183,82830195.50852624,9.482761294536317,124334771.97423506,124334771.97423506,0,False
2025-06-17,2025-06-16,2025-05-30,0.06853949190110827,0.8833333333333333,,1.670280933844875,82838128.64725207,0.0,123587177.35274793,123587177.35274793,0,False
2025-06-18,2025-06-17,2025-05-30,0.06853949190110827,0.8833333333333333,,1.669486503903467,82846072.02945112,0.0,123745693.97054888,123745693.97054888,0,False
2025-06-19,2025-06-18,2025-05-30,0.06853949190110827,0.8833333333333333,,1.6759072974447389,82854016.17334436,0.0,122581922.82665564,122581922.82665564,0,False
2025-06-20,2025-06-19,2025-05-30,0.06853949190110827,0.8833333333333333,,1.6659973396341992,81929100.1693828,367.57344798651457,123016606.4040652,123016606.4040652,0,False
2025-06-23,2025-06-20,2025-05-30,0.06853949190110827,0.8833333333333333,,1.6659988698683705,83376031.73195902,0.0,125189449.26804098,125189449.26804098,0,False
2025-06-24,2025-06-23,2025-05-30,0.06853949190110827,0.8833333333333333,,1.665997743538378,84707281.98555593,0.0,127188542.01444407,127188542.01444407,0,False
2025-06-25,2025-06-24,2025-05-30,0.06853949190110827,0.8833333333333333,,1.6660001630508998,84912946.11913674,0.0,127496884.88086326,127496884.88086326,0,False
2025-06-26,2025-06-25,2025-05-30,0.06853949190110827,0.8833333333333333,,1.6659974738644932,85599766.12555583,0.0,128528664.87444417,128528664.87444417,0,False
2025-06-27,2025-06-26,2025-05-30,0.06853949190110827,0.8833333333333333,,1.665999092415324,86187031.8759576,0.0,129410134.1240424,129410134.1240424,0,False
2025-06-30,2025-06-27,2025-05-30,0.06853949190110827,0.8833333333333333,,1.6751297399015272,86211825.40567534,0.0,127696678.59432466,127696678.59432466,0,False
2025-07-01,2025-06-30,2025-06-30,0.06456827714748785,0.6,,1.6659988580062448,87156091.840773,0.0,130865227.159227,130865227.159227,0,False
2025-07-02,2025-07-01,2025-06-30,0.06456827714748785,0.6,,1.665999902621977,89406814.76202719,0.0,134244486.2379728,134244486.2379728,0,False
2025-07-03,2025-07-02,2025-06-30,0.06456827714748785,0.6,,1.669138721440892,89415388.01823725,0.0,133627579.98176275,133627579.98176275,0,False
2025-07-04,2025-07-03,2025-06-30,0.06456827714748785,0.6,,1.6676649901168157,89423962.09654036,0.0,133935376.90345964,133935376.90345964,0,False
2025-07-07,2025-07-04,2025-06-30,0.06456827714748785,0.6,,1.6696136708048357,89449686.79796539,0.0,133584021.20203461,133584021.20203461,0,False
2025-07-08,2025-07-07,2025-06-30,0.06456827714748785,0.6,,1.6659999245966388,89775991.98062259,0.0,134798802.0193774,134798802.0193774,0,False
2025-07-09,2025-07-08,2025-06-30,0.06456827714748785,0.6,,1.666015288441466,90124241.05530787,0.0,135318576.94469213,135318576.94469213,0,False
2025-07-10,2025-07-09,2025-06-30,0.06456827714748785,0.6,,1.6660229171879664,91242460.14679001,0.0,136995976.85320997,136995976.85320997,0,False
2025-07-11,2025-07-10,2025-06-30,0.06456827714748785,0.6,,1.667483337301392,91192337.0857904,0.0,136621143.9142096,136621143.9142096,0,False
2025-07-14,2025-07-11,2025-06-30,0.06456827714748785,0.6,,1.667369033195635,91218570.49782877,0.0,136683852.50217122,136683852.50217122,0,False
2025-07-15,2025-07-14,2025-06-30,0.06456827714748785,0.6,,1.6748373465885484,91227317.48404089,0.0,135184156.5159591,135184156.5159591,0,False
2025-07-16,2025-07-15,2025-06-30,0.06456827714748785,0.6,,1.666073036159429,88421455.1622026,51.54336748525009,132750312.38116488,132750312.38116488,0,False
2025-07-17,2025-07-16,2025-06-30,0.06456827714748785,0.6,,1.6660846427079037,89177675.9924582,0.0,133883399.0075418,133883399.0075418,0,False
2025-07-18,2025-07-17,2025-06-30,0.06456827714748785,0.6,,1.666036413552731,91083450.84500748,0.0,136754461.15499252,136754461.15499252,0,False
2025-07-21,2025-07-18,2025-06-30,0.06456827714748785,0.6,,1.665999051221764,94331851.12209673,0.0,141639617.87790322,141639617.87790322,0,False
2025-07-22,2025-07-21,2025-06-30,0.06456827714748785,0.6,,1.6660237724494116,100678478.71935734,0.0,151163491.28064266,151163491.28064266,0,False
2025-07-23,2025-07-22,2025-06-30,0.06456827714748785,0.6,,1.6661538948188235,99268042.04384242,28.165975967322993,149016638.12213355,149016638.12213355,0,False
2025-07-24,2025-07-23,2025-06-30,0.06456827714748785,0.6,,1.6661743379790983,101276103.81747313,0.0,152026426.1825269,152026426.1825269,0,False
2025-07-25,2025-07-24,2025-06-30,0.06456827714748785,0.6,,1.6660950745131324,100722570.45635746,529.255418964,151212709.79906148,151212709.79906148,0,False
2025-07-28,2025-07-25,2025-06-30,0.06456827714748785,0.6,,1.6660934189871093,97729828.2194845,465.2297243020239,146720205.01023978,146720205.01023978,0,False
2025-07-29,2025-07-28,2025-06-30,0.06456827714748785,0.6,,1.6660937279626882,98129175.47436109,0.0,147320371.5256389,147320371.5256389,0,False
2025-07-30,2025-07-29,2025-06-30,0.06456827714748785,0.6,,1.6661763226103816,97142233.77919796,316.99909356903527,145820128.2198956,145820128.2198956,0,False
2025-07-31,2025-07-30,2025-06-30,0.06456827714748785,0.6,,1.7101366718280124,97151231.78882295,0.0,136806386.21117705,136806386.21117705,0,False
2025-08-01,2025-07-31,2025-07-31,0.06334185209003215,0.5333333333333333,,1.6868650907152054,97160547.66036434,0.0,141455067.33963567,141455067.33963567,0,False
2025-08-04,2025-08-01,2025-07-31,0.06334185209003215,0.5333333333333333,,1.6874255213182987,97188497.95489678,0.0,141380404.04510322,141380404.04510322,0,False
2025-08-05,2025-08-04,2025-07-31,0.06334185209003215,0.5333333333333333,,1.6879515419482827,97197817.39990616,0.0,141285848.60009384,141285848.60009384,0,False
2025-08-06,2025-08-05,2025-07-31,0.06334185209003215,0.5333333333333333,,1.6666678615806154,97207137.73856094,0.0,145810445.26143906,145810445.26143906,0,False
2025-08-07,2025-08-06,2025-07-31,0.06334185209003215,0.5333333333333333,,1.6659977571497682,97859353.68158683,0.0,146936461.31841317,146936461.31841317,0,False
2025-08-08,2025-08-07,2025-07-31,0.06334185209003215,0.5333333333333333,,1.6659994781081864,98430239.21362753,0.0,147793267.78637248,147793267.78637248,0,False
2025-08-11,2025-08-08,2025-07-31,0.06334185209003215,0.5333333333333333,,1.6660009067029535,102299464.92672448,0.0,153602591.0732755,153602591.0732755,0,False
2025-08-12,2025-08-11,2025-07-31,0.06334185209003215,0.5333333333333333,,1.6660431675260705,103570204.05411719,0.0,155500737.9458828,155500737.9458828,0,False
2025-08-13,2025-08-12,2025-07-31,0.06334185209003215,0.5333333333333333,,1.665999360263779,104466804.90561703,0.0,156857215.09438297,156857215.09438297,0,False
2025-08-14,2025-08-13,2025-07-31,0.06334185209003215,0.5333333333333333,,1.685243170445632,104476822.27047099,0.0,152466783.72952902,152466783.72952902,0,False
2025-08-15,2025-08-14,2025-07-31,0.06334185209003215,0.5333333333333333,,1.6660019280988878,110039096.1842942,0.0,165223389.8157058,165223389.8157058,0,False
2025-08-18,2025-08-15,2025-07-31,0.06334185209003215,0.5333333333333333,,1.6689148996692336,110070751.26675817,0.0,164551202.73324183,164551202.73324183,0,False
2025-08-19,2025-08-18,2025-07-31,0.06334185209003215,0.5333333333333333,,1.6868458475757657,110081305.99633169,0.0,160270760.0036683,160270760.0036683,0,False
2025-08-20,2025-08-19,2025-07-31,0.06334185209003215,0.5333333333333333,,1.6870746601120272,110091861.73800257,0.0,160232749.26199743,160232749.26199743,0,False
2025-08-21,2025-08-20,2025-07-31,0.06334185209003215,0.5333333333333333,,1.7019863196593015,110102418.49186786,0.0,156844108.50813216,156844108.50813216,0,False
2025-08-22,2025-08-21,2025-07-31,0.06334185209003215,0.5333333333333333,,1.6871048925925747,110112976.2580246,0.0,160256428.7419754,160256428.7419754,0,False
2025-08-25,2025-08-22,2025-07-31,0.06334185209003215,0.5333333333333333,,1.6679728944618397,110144652.59366047,0.0,164893895.40633953,164893895.40633953,0,False
2025-08-26,2025-08-25,2025-07-31,0.06334185209003215,0.5333333333333333,,1.6660007610003662,112219581.4650626,0.0,168497677.53493738,168497677.53493738,0,False
2025-08-27,2025-08-26,2025-07-31,0.06334185209003215,0.5333333333333333,,1.6953731267285534,112230342.24684693,0.0,161395857.7531531,161395857.7531531,0,False
2025-08-28,2025-08-27,2025-07-31,0.06334185209003215,0.5333333333333333,,1.6807819328418718,112241104.06048703,0.0,164870861.93951297,164870861.93951297,0,False
2025-08-29,2025-08-28,2025-07-31,0.06334185209003215,0.5333333333333333,,1.6758192698391239,112251866.90608187,0.0,166097464.09391814,166097464.09391814,0,False
2025-09-01,2025-08-29,2025-08-29,0.05720678987150416,0.3333333333333333,,1.6659998982126667,113291197.23965745,0.0,170106928.76034254,170106928.76034254,0,False
2025-09-02,2025-09-01,2025-08-29,0.05720678987150416,0.3333333333333333,,1.666862165939525,113302060.77911878,0.0,169903267.22088122,169903267.22088122,0,False
2025-09-03,2025-09-02,2025-08-29,0.05720678987150416,0.3333333333333333,,1.6785238158360276,113312925.36028938,0.0,166999186.6397106,166999186.6397106,0,False
2025-09-04,2025-09-03,2025-08-29,0.05720678987150416,0.3333333333333333,,1.683023559776736,110398431.54171914,0.0,161631952.45828086,161631952.45828086,0,False
2025-09-05,2025-09-04,2025-08-29,0.05720678987150416,0.3333333333333333,,1.6660018677763597,117145939.3944989,0.0,175894310.60550112,175894310.60550112,0,False
2025-09-08,2025-09-05,2025-08-29,0.05720678987150416,0.3333333333333333,,1.6659998149189772,118755483.96393101,0.0,178311587.03606898,178311587.03606898,0,False
2025-09-09,2025-09-08,2025-08-29,0.05720678987150416,0.3333333333333333,,1.6840327113308944,118766871.47609194,0.0,173627473.52390808,173627473.52390808,0,False
2025-09-10,2025-09-09,2025-08-29,0.05720678987150416,0.3333333333333333,,1.6996630225340053,118778260.08020608,0.0,169764952.9197939,169764952.9197939,0,False
2025-09-11,2025-09-10,2025-08-29,0.05720678987150416,0.3333333333333333,,1.6659993779267466,119650452.34400815,0.0,179655501.65599185,179655501.65599185,0,False
2025-09-12,2025-09-11,2025-08-29,0.05720678987150416,0.3333333333333333,,1.6660004762802587,122975284.98915483,0.0,184647443.01084518,184647443.01084518,0,False
2025-09-15,2025-09-12,2025-08-29,0.05720678987150416,0.3333333333333333,,1.6659986184117788,124179226.76412103,0.0,186455682.23587897,186455682.23587897,0,False
2025-09-16,2025-09-15,2025-08-29,0.05720678987150416,0.3333333333333333,,1.6822536793095164,124191134.36120799,0.0,182030728.638792,182030728.638792,0,False
2025-09-17,2025-09-16,2025-08-29,0.05720678987150416,0.3333333333333333,,1.6659999047525325,130017058.50882934,0.0,195220836.49117064,195220836.49117064,0,False
2025-09-18,2025-09-17,2025-08-29,0.05720678987150416,0.3333333333333333,,1.7016774037862503,130029525.89800142,0.0,185312403.10199857,185312403.10199857,0,False
2025-09-19,2025-09-18,2025-08-29,0.05720678987150416,0.3333333333333333,,1.6888462366713635,130041994.48267657,0.0,188782325.51732343,188782325.51732343,0,False
2025-09-22,2025-09-19,2025-08-29,0.05720678987150416,0.3333333333333333,,1.706866066958694,130075602.86818515,0.0,184017325.13181484,184017325.13181484,0,False
2025-09-23,2025-09-22,2025-08-29,0.05720678987150416,0.3333333333333333,,1.724825857178133,130088075.8711999,0.0,179474938.1288001,179474938.1288001,0,False
2025-09-24,2025-09-23,2025-08-29,0.05720678987150416,0.3333333333333333,,1.682302066099424,130100550.07025605,0.0,190678815.92974395,190678815.92974395,0,False
2025-09-25,2025-09-24,2025-08-29,0.05720678987150416,0.3333333333333333,,1.6890598137365123,130113025.46546827,0.0,188826895.5345317,188826895.5345317,0,False
2025-09-26,2025-09-25,2025-08-29,0.05720678987150416,0.3333333333333333,,1.6689153173693707,129013152.05695127,0.0,192869184.94304872,192869184.94304872,0,False
2025-09-29,2025-09-26,2025-08-29,0.05720678987150416,0.3333333333333333,,1.6659999389189566,131911296.7298808,0.0,198065028.2701192,198065028.2701192,0,False
2025-09-30,2025-09-29,2025-08-29,0.05720678987150416,0.3333333333333333,,1.6659972679148052,132281033.61617434,0.0,198620985.38382566,198620985.38382566,0,False
2025-10-09,2025-09-30,2025-09-30,0.05647007507507508,0.31666666666666665,,1.6660032521805552,142168698.74805406,0.0,213465472.25194594,213465472.25194594,0,False
2025-10-10,2025-10-09,2025-09-30,0.05647007507507508,0.31666666666666665,,1.6820464496936203,142182331.3630025,0.0,208464293.6369975,208464293.6369975,0,False
2025-10-13,2025-10-10,2025-09-30,0.05647007507507508,0.31666666666666665,,1.7013267285217428,142223233.12955898,0.0,202791690.87044102,202791690.87044102,0,False
2025-10-14,2025-10-13,2025-09-30,0.05647007507507508,0.31666666666666665,,1.7239287328137525,142236870.97383168,0.0,196479107.02616832,196479107.02616832,0,False
2025-10-15,2025-10-14,2025-09-30,0.05647007507507508,0.31666666666666665,,1.6855673816780348,142250486.52584288,0.0,207493078.47415712,207493078.47415712,0,False
2025-10-16,2025-10-15,2025-09-30,0.05647007507507508,0.31666666666666665,,1.6963537368682622,142264126.98345494,0.0,204298648.01654506,204298648.01654506,0,False
2025-10-17,2025-10-16,2025-09-30,0.05647007507507508,0.31666666666666665,,1.7156333416938738,142070938.4890561,0.0,198524761.5109439,198524761.5109439,0,False
2025-10-20,2025-10-17,2025-09-30,0.05647007507507508,0.31666666666666665,,1.704790867712088,142111808.2110872,0.0,201636846.7889128,201636846.7889128,0,False
2025-10-21,2025-10-20,2025-09-30,0.05647007507507508,0.31666666666666665,,1.6888431339777106,142125435.37077868,0.0,206324819.62922132,206324819.62922132,0,False
2025-10-22,2025-10-21,2025-09-30,0.05647007507507508,0.31666666666666665,,1.6936499531173035,142139063.8371841,0.0,204914688.1628159,204914688.1628159,0,False
2025-10-23,2025-10-22,2025-09-30,0.05647007507507508,0.31666666666666665,,1.665999565555401,143081738.56480873,0.0,214837585.43519127,214837585.43519127,0,False
2025-10-24,2025-10-23,2025-09-30,0.05647007507507508,0.31666666666666665,,1.670448967921014,143095458.7315204,0.0,213432290.2684796,213432290.2684796,0,False
2025-10-27,2025-10-24,2025-09-30,0.05647007507507508,0.31666666666666665,,1.6659992508932415,144713597.56551278,0.0,217287928.43448722,217287928.43448722,0,False
2025-10-28,2025-10-27,2025-09-30,0.05647007507507508,0.31666666666666665,,1.6968958574637247,144727474.21185467,0.0,207674464.78814533,207674464.78814533,0,False
2025-10-29,2025-10-28,2025-09-30,0.05647007507507508,0.31666666666666665,,1.6660000221573714,149769185.1300839,0.0,224878648.8699161,224878648.8699161,0,False
2025-10-30,2025-10-29,2025-09-30,0.05647007507507508,0.31666666666666665,,1.6660003233478358,150939086.707075,0.0,226635155.292925,226635155.292925,0,False
2025-10-31,2025-10-30,2025-09-30,0.05647007507507508,0.31666666666666665,,1.6717071497626816,150953560.3181291,0.0,224731209.6818709,224731209.6818709,0,False
2025-11-03,2025-10-31,2025-10-31,0.057861011372251706,0.36666666666666664,,1.6660017576294293,157561426.25247294,0.0,236578093.74752706,236578093.74752706,0,False
2025-11-04,2025-11-03,2025-10-31,0.057861011372251706,0.36666666666666664,,1.6794284960676393,157576534.88238755,0.0,231925119.11761245,231925119.11761245,0,False
2025-11-05,2025-11-04,2025-10-31,0.057861011372251706,0.36666666666666664,,1.6874268615893122,157591644.9610749,0.0,229248599.0389251,229248599.0389251,0,False
2025-11-06,2025-11-05,2025-10-31,0.057861011372251706,0.36666666666666664,,1.6660016943892728,164851303.3011739,0.0,247523849.6988261,247523849.6988261,0,False
2025-11-07,2025-11-06,2025-10-31,0.057861011372251706,0.36666666666666664,,1.6660001254821486,168493429.81159458,0.0,252993090.18840542,252993090.18840542,0,False
2025-11-10,2025-11-07,2025-10-31,0.057861011372251706,0.36666666666666664,,1.6660001600102126,170092305.0033701,0.0,255393789.9966299,255393789.9966299,0,False
2025-11-11,2025-11-10,2025-10-31,0.057861011372251706,0.36666666666666664,,1.6819144887159811,170108615.22439784,0.0,249457399.77560216,249457399.77560216,0,False
2025-11-12,2025-11-11,2025-10-31,0.057861011372251706,0.36666666666666664,,1.6846950234479672,170124927.00941935,0.0,248468180.99058065,248468180.99058065,0,False
2025-11-13,2025-11-12,2025-10-31,0.057861011372251706,0.36666666666666664,,1.6705119842621807,170141240.35858464,0.0,253748246.64141536,253748246.64141536,0,False
2025-11-14,2025-11-13,2025-10-31,0.057861011372251706,0.36666666666666664,,1.694675884671082,170157555.27204368,0.0,244945245.72795632,244945245.72795632,0,False
2025-11-17,2025-11-14,2025-10-31,0.057861011372251706,0.36666666666666664,,1.7088414656692814,170206504.70575207,0.0,240119283.29424793,240119283.29424793,0,False
2025-11-18,2025-11-17,2025-10-31,0.057861011372251706,0.36666666666666664,,1.751760240148819,170222825.8774362,0.0,226432334.1225638,226432334.1225638,0,False
2025-11-19,2025-11-18,2025-10-31,0.057861011372251706,0.36666666666666664,,1.6660464799203987,154207275.28696668,232.0818825084716,231525948.7949158,231525948.7949158,0,False
2025-11-20,2025-11-19,2025-10-31,0.057861011372251706,0.36666666666666664,,1.6821893200945521,154182269.16408432,0.0,226010968.83591568,226010968.83591568,0,False
2025-11-21,2025-11-20,2025-10-31,0.057861011372251706,0.36666666666666664,,1.726230192198115,154197053.76523703,0.0,212325314.23476297,212325314.23476297,0,False
2025-11-24,2025-11-21,2025-10-31,0.057861011372251706,0.36666666666666664,,1.7433395665814624,154241411.82179964,0.0,207497917.17820036,207497917.17820036,0,False
2025-11-25,2025-11-24,2025-10-31,0.057861011372251706,0.36666666666666664,,1.7234449048768419,154255750.3272361,0.0,213223908.6727639,213223908.6727639,0,False
2025-11-26,2025-11-25,2025-10-31,0.057861011372251706,0.36666666666666664,,1.7321478637532897,154269842.33407775,0.0,210708587.66592225,210708587.66592225,0,False
2025-11-27,2025-11-26,2025-10-31,0.057861011372251706,0.36666666666666664,,1.6803679597277927,143729203.07640773,0.0,211252162.92359227,211252162.92359227,0,False
2025-11-28,2025-11-27,2025-10-31,0.057861011372251706,0.36666666666666664,,1.6659976454393335,143984499.89243752,0.0,216193707.10756248,216193707.10756248,0,False
2025-12-01,2025-11-28,2025-11-28,0.05827511656441718,0.36666666666666664,,1.6660004525370835,147657999.57583672,0.0,221708557.42416328,221708557.42416328,0,False
2025-12-02,2025-12-01,2025-11-28,0.05827511656441718,0.36666666666666664,,1.6660226024244282,144772739.30164313,83.45529573224485,217368983.1536526,217368983.1536526,0,False
2025-12-03,2025-12-02,2025-11-28,0.05827511656441718,0.36666666666666664,,1.6660010691161464,148618119.55536467,0.0,223149971.44463533,223149971.44463533,0,False
2025-12-04,2025-12-03,2025-11-28,0.05827511656441718,0.36666666666666664,,1.6688793004822773,148632370.60792476,0.0,222211048.39207524,222211048.39207524,0,False
2025-12-05,2025-12-04,2025-11-28,0.05827511656441718,0.36666666666666664,,1.6660014007904742,157881365.79798415,0.0,237058609.20201585,237058609.20201585,0,False
2025-12-08,2025-12-05,2025-11-28,0.05827511656441718,0.36666666666666664,,1.6659995510484797,158036610.7330315,0.0,237292368.2669685,237292368.2669685,0,False
2025-12-09,2025-12-08,2025-11-28,0.05827511656441718,0.36666666666666664,,1.6947753552930827,157127545.04682127,0.0,226155898.95317873,226155898.95317873,0,False
2025-12-10,2025-12-09,2025-11-28,0.05827511656441718,0.36666666666666664,,1.666234254747933,153622652.55756876,0.0,230583539.44243124,230583539.44243124,0,False
2025-12-11,2025-12-10,2025-11-28,0.05827511656441718,0.36666666666666664,,1.667203660234424,153637383.4968551,0.0,230270594.5031449,230270594.5031449,0,False
2025-12-12,2025-12-11,2025-11-28,0.05827511656441718,0.36666666666666664,,1.6659986785700518,154458183.45883727,0.0,231919654.54116273,231919654.54116273,0,False
2025-12-15,2025-12-12,2025-11-28,0.05827511656441718,0.36666666666666664,,1.677217999048742,154502616.63490078,0.0,228143104.36509922,228143104.36509922,0,False
2025-12-16,2025-12-15,2025-11-28,0.05827511656441718,0.36666666666666664,,1.7117198955284574,154517431.95430413,0.0,217104275.04569587,217104275.04569587,0,False
2025-12-17,2025-12-16,2025-11-28,0.05827511656441718,0.36666666666666664,,1.6833767907413606,154531796.92742452,0.0,226129712.07257548,226129712.07257548,0,False
2025-12-18,2025-12-17,2025-11-28,0.05827511656441718,0.36666666666666664,,1.665997033908715,154803431.2916181,0.0,232438619.7083819,232438619.7083819,0,False
2025-12-19,2025-12-18,2025-11-28,0.05827511656441718,0.36666666666666664,,1.666000095004136,158972880.4125425,0.0,238697984.5874575,238697984.5874575,0,False
2025-12-22,2025-12-19,2025-11-28,0.05827511656441718,0.36666666666666664,,1.6660003559322827,160330655.5749847,0.0,240736591.4250153,240736591.4250153,0,False
2025-12-23,2025-12-22,2025-11-28,0.05827511656441718,0.36666666666666664,,1.6660002133644742,161309230.61713707,0.0,242205974.38286293,242205974.38286293,0,False
2025-12-24,2025-12-23,2025-11-28,0.05827511656441718,0.36666666666666664,,1.666001690608282,171495648.27141243,0.0,257500319.72858757,257500319.72858757,0,False
2025-12-25,2025-12-24,2025-11-28,0.05827511656441718,0.36666666666666664,,1.6802348972240784,171512093.05960283,0.0,252136568.94039717,252136568.94039717,0,False
2025-12-26,2025-12-25,2025-11-28,0.05827511656441718,0.36666666666666664,,1.6684110931816356,171528539.42469072,0.0,256621323.57530928,256621323.57530928,0,False
2025-12-29,2025-12-26,2025-11-28,0.05827511656441718,0.36666666666666664,,1.6895973353557063,171577883.25110057,0.0,248808796.74889943,248808796.74889943,0,False
2025-12-30,2025-12-29,2025-11-28,0.05827511656441718,0.36666666666666664,,1.6782257688278506,171592596.81478697,0.0,253002178.18521303,253002178.18521303,0,False
2025-12-31,2025-12-30,2025-11-28,0.05827511656441718,0.36666666666666664,,1.678399615546289,171609050.89941305,0.0,252961598.10058695,252961598.10058695,0,False
2026-01-05,2025-12-31,2025-12-31,0.056489518740629685,0.2833333333333333,,1.666001908352086,179967350.41644812,0.0,270220472.5835519,270220472.5835519,0,False
2026-01-06,2026-01-05,2025-12-31,0.056489518740629685,0.2833333333333333,,1.6660037920242412,195057238.33069876,0.0,292877068.6693013,292877068.6693013,0,False
2026-01-07,2026-01-06,2025-12-31,0.056489518740629685,0.2833333333333333,,1.6709508007536031,194655623.00080281,0.0,290119070.9991972,290119070.9991972,0,False
2026-01-08,2026-01-07,2025-12-31,0.056489518740629685,0.2833333333333333,,1.666000237751548,198296794.54190782,0.0,297742828.4580922,297742828.4580922,0,False
2026-01-09,2026-01-08,2025-12-31,0.056489518740629685,0.2833333333333333,,1.6659978920668521,199266721.8919083,0.0,299200229.1080917,299200229.1080917,0,False
2026-01-12,2026-01-09,2025-12-31,0.056489518740629685,0.2833333333333333,,1.6659997348298594,204896818.25066623,0.0,307653002.74933374,307653002.74933374,0,False
2026-01-13,2026-01-12,2025-12-31,0.056489518740629685,0.2833333333333333,,1.6659983194605348,206175554.37527245,0.0,309573685.62472755,309573685.62472755,0,False
2026-01-14,2026-01-13,2025-12-31,0.056489518740629685,0.2833333333333333,,1.6821168322003466,206195324.6339112,0.0,302287401.3660888,302287401.3660888,0,False
2026-01-15,2026-01-14,2025-12-31,0.056489518740629685,0.2833333333333333,,1.6660011180972438,213982827.14468813,0.0,321294996.8553119,321294996.8553119,0,False
2026-01-16,2026-01-15,2025-12-31,0.056489518740629685,0.2833333333333333,,1.6660004209674697,217577024.10727116,0.0,326692021.8927288,326692021.8927288,0,False
2026-01-19,2026-01-16,2025-12-31,0.056489518740629685,0.2833333333333333,,1.6659996425124546,223279696.09875175,0.0,335254978.9012482,335254978.9012482,0,False
2026-01-20,2026-01-19,2025-12-31,0.056489518740629685,0.2833333333333333,,1.6717035736476626,223204163.71400946,0.0,332295632.28599054,332295632.28599054,0,False
2026-01-21,2026-01-20,2025-12-31,0.056489518740629685,0.2833333333333333,,1.677222670935292,223218987.21103576,0.0,329609442.7889643,329609442.7889643,0,False
2026-01-22,2026-01-21,2025-12-31,0.056489518740629685,0.2833333333333333,,1.6659995869800275,235513746.58225325,0.0,353624463.4177468,353624463.4177468,0,False
2026-01-23,2026-01-22,2025-12-31,0.056489518740629685,0.2833333333333333,,1.6660457445061858,259914584.1396695,0.0,390235334.86033046,390235334.86033046,0,False
2026-01-26,2026-01-23,2025-12-31,0.056489518740629685,0.2833333333333333,,1.6660737704978321,269469379.7802016,0.0,404563866.2197984,404563866.2197984,0,False
2026-01-27,2026-01-26,2025-12-31,0.056489518740629685,0.2833333333333333,,1.666037634024939,276361112.49194956,0.0,414933178.50805044,414933178.50805044,0,False
2026-01-28,2026-01-27,2025-12-31,0.056489518740629685,0.2833333333333333,,1.6660403749738169,296636608.2363995,0.0,445373312.7636005,445373312.7636005,0,False
2026-01-29,2026-01-28,2025-12-31,0.056489518740629685,0.2833333333333333,,1.6660379921336246,292472479.52678263,1101.302333921194,439121163.7755513,439121163.7755513,0,False
2026-01-30,2026-01-29,2025-12-31,0.056489518740629685,0.2833333333333333,,1.666037965331857,276860145.0305507,316.434106011875,415681752.4035553,415681752.4035553,0,False
2026-02-02,2026-01-30,2026-01-30,0.05668231563201197,0.2833333333333333,,1.6859889426829475,258148504.70964006,0.0,376315839.29036,376315839.29036,0,False
2026-02-03,2026-02-02,2026-01-30,0.05668231563201197,0.2833333333333333,,1.6660383092686009,270313367.3166651,0.0,405852581.6833349,405852581.6833349,0,False
2026-02-04,2026-02-03,2026-01-30,0.05668231563201197,0.2833333333333333,,1.6660361224929803,280321600.1608848,0.0,420880475.8391152,420880475.8391152,0,False
2026-02-05,2026-02-04,2026-01-30,0.05668231563201197,0.2833333333333333,,1.6660363999025916,268914280.3266597,309.4577248226851,403752664.13106513,403752664.13106513,0,False
2026-02-06,2026-02-05,2026-01-30,0.05668231563201197,0.2833333333333333,,1.6660348642077656,268142696.77892113,1242.600573020915,402593720.82165194,402593720.82165194,0,False
2026-02-09,2026-02-06,2026-01-30,0.05668231563201197,0.2833333333333333,,1.6660031407263793,271579916.13564736,0.0,407775728.86435264,407775728.86435264,0,False
2026-02-10,2026-02-09,2026-01-30,0.05668231563201197,0.2833333333333333,,1.677148729157626,271605958.0454138,0.0,401102366.9545862,401102366.9545862,0,False
2026-02-11,2026-02-10,2026-01-30,0.05668231563201197,0.2833333333333333,,1.6659998194816534,271799408.86502963,0.0,408107331.13497037,408107331.13497037,0,False
2026-02-12,2026-02-11,2026-01-30,0.05668231563201197,0.2833333333333333,,1.6731042411366277,271825471.8220441,0.0,403838596.1779559,403838596.1779559,0,False
2026-02-13,2026-02-12,2026-01-30,0.05668231563201197,0.2833333333333333,,1.7059437622039413,271851537.27824616,0.0,385089509.72175384,385089509.72175384,0,False
2026-02-24,2026-02-13,2026-01-30,0.05668231563201197,0.2833333333333333,,1.6731334119006707,272138284.7901698,0.0,404285807.2098302,404285807.2098302,0,False
2026-02-25,2026-02-24,2026-01-30,0.05668231563201197,0.2833333333333333,,1.6659995313018159,277156750.34244597,0.0,416151569.65755403,416151569.65755403,0,False
2026-02-26,2026-02-25,2026-01-30,0.05668231563201197,0.2833333333333333,,1.6659996487206548,279582665.9153863,0.0,419794014.0846137,419794014.0846137,0,False
2026-02-27,2026-02-26,2026-01-30,0.05668231563201197,0.2833333333333333,,1.665999846820225,286490805.0751479,0.0,430166472.9248521,430166472.9248521,0,False
2026-03-02,2026-02-27,2026-02-27,0.057141754688672164,0.2833333333333333,,1.66600156043703,299898980.91070175,0.0,450297715.08929825,450297715.08929825,0,False
2026-03-03,2026-03-02,2026-02-27,0.057141754688672164,0.2833333333333333,,1.6660223782636208,292835301.33874655,185.24325909003926,439677592.9045125,439677592.9045125,0,False
2026-03-04,2026-03-03,2026-02-27,0.057141754688672164,0.2833333333333333,,1.666035619879737,300676134.76636606,0.0,451441523.23363394,451441523.23363394,0,False
2026-03-05,2026-03-04,2026-02-27,0.057141754688672164,0.2833333333333333,,1.666102635516103,307849650.56034434,0.0,462165489.43965566,462165489.43965566,0,False
2026-03-06,2026-03-05,2026-02-27,0.057141754688672164,0.2833333333333333,,1.6660410414042763,306924054.4543598,37.06218968944131,460818475.60782987,460818475.60782987,0,False
2026-03-09,2026-03-06,2026-02-27,0.057141754688672164,0.2833333333333333,,1.6660000694592718,311199692.5463745,5.372299999999996,467266748.8259255,467266748.8259255,0,False
2026-03-10,2026-03-09,2026-02-27,0.057141754688672164,0.2833333333333333,,1.6844224874210156,311228811.6087031,0.0,454732007.3912969,454732007.3912969,0,False
2026-03-11,2026-03-10,2026-02-27,0.057141754688672164,0.2833333333333333,,1.6659999389087279,317699795.8090205,0.0,477026764.1909795,477026764.1909795,0,False
2026-03-12,2026-03-11,2026-02-27,0.057141754688672164,0.2833333333333333,,1.6659998448000781,330702826.9984022,0.0,496550907.0015978,496550907.0015978,0,False
2026-03-13,2026-03-12,2026-02-27,0.057141754688672164,0.2833333333333333,,1.6830331039655364,330734538.2283883,0.0,484214507.7716117,484214507.7716117,0,False
2026-03-16,2026-03-13,2026-02-27,0.057141754688672164,0.2833333333333333,,1.717960009881907,330829681.0407554,0.0,460791236.9592446,460791236.9592446,0,False
2026-03-17,2026-03-16,2026-02-27,0.057141754688672164,0.2833333333333333,,1.7658146459038777,330861404.4348278,0.0,432038491.5651722,432038491.5651722,0,False
2026-03-18,2026-03-17,2026-02-27,0.057141754688672164,0.2833333333333333,,1.7863498420338608,330893130.8708695,0.0,420796334.1291305,420796334.1291305,0,False
2026-03-19,2026-03-18,2026-02-27,0.057141754688672164,0.2833333333333333,,1.818037946991945,330924860.3491722,0.0,404534852.6508278,404534852.6508278,0,False
2026-03-20,2026-03-19,2026-02-27,0.057141754688672164,0.2833333333333333,,1.8347761433179952,330956592.8700276,0.0,396461489.1299724,396461489.1299724,0,False
2026-03-23,2026-03-20,2026-02-27,0.057141754688672164,0.2833333333333333,,1.868438367868874,322576803.44787717,0.0,371444670.55212283,371444670.55212283,0,False
2026-03-24,2026-03-23,2026-02-27,0.057141754688672164,0.2833333333333333,,1.7962758136076378,303558986.2994856,0.0,381223416.7005144,381223416.7005144,0,False
2026-03-25,2026-03-24,2026-02-27,0.057141754688672164,0.2833333333333333,,1.732411107675695,284200054.6185721,0.0,388033512.3814279,388033512.3814279,0,False
2026-03-26,2026-03-25,2026-02-27,0.057141754688672164,0.2833333333333333,,1.6660586710168155,258412112.76404974,203.02474573347956,387971692.26069593,387971692.26069593,0,False
2026-03-27,2026-03-26,2026-02-27,0.057141754688672164,0.2833333333333333,,1.666023915460292,261874521.2572537,0.0,393190867.7427463,393190867.7427463,0,False
2026-03-30,2026-03-27,2026-02-27,0.057141754688672164,0.2833333333333333,,1.6660256480032118,273055545.6535628,0.0,409977523.3464372,409977523.3464372,0,False
2026-03-31,2026-03-30,2026-02-27,0.057141754688672164,0.2833333333333333,,1.6660221615150743,268110369.87667465,365.2221045475453,402554179.3454299,402554179.3454299,0,False
2026-04-01,2026-03-31,2026-03-31,0.057016969924812026,0.26666666666666666,,1.6660272025087162,269783884.31503993,0.0,405064362.68496007,405064362.68496007,0,False
2026-04-02,2026-04-01,2026-03-31,0.057016969924812026,0.26666666666666666,,1.6660244059632203,274502854.43250704,0.0,412151344.56749296,412151344.56749296,0,False
2026-04-03,2026-04-02,2026-03-31,0.057016969924812026,0.26666666666666666,,1.666022863456481,269653689.3043974,101.79605943641059,404871367.49166197,404871367.49166197,0,False
2026-04-07,2026-04-03,2026-03-31,0.057016969924812026,0.26666666666666666,,1.6660973109149004,276584812.0181539,0.0,415231839.9818461,415231839.9818461,0,False
2026-04-08,2026-04-07,2026-03-31,0.057016969924812026,0.26666666666666666,,1.6660265372027077,292154066.24655336,0.0,438652290.75344664,438652290.75344664,0,False
2026-04-09,2026-04-08,2026-03-31,0.057016969924812026,0.26666666666666666,,1.6724883014348912,292182081.02002907,0.0,434479053.97997093,434479053.97997093,0,False
2026-04-10,2026-04-09,2026-03-31,0.057016969924812026,0.26666666666666666,,1.6818611428416985,292210098.4798529,0.0,428547808.5201471,428547808.5201471,0,False
2026-04-13,2026-04-10,2026-03-31,0.057016969924812026,0.26666666666666666,,1.7055341205245453,292294158.91914165,0.0,414287772.08085835,414287772.08085835,0,False
2026-04-14,2026-04-13,2026-03-31,0.057016969924812026,0.26666666666666666,,1.6879121003191926,292322187.1261613,0.0,424941190.8738387,424941190.8738387,0,False
2026-04-15,2026-04-14,2026-03-31,0.057016969924812026,0.26666666666666666,,1.6869303021394648,292350218.0208172,0.0,425589345.9791828,425589345.9791828,0,False
2026-04-16,2026-04-15,2026-03-31,0.057016969924812026,0.26666666666666666,,1.6805661634246478,292378251.60336715,0.0,429610326.39663285,429610326.39663285,0,False
2026-04-17,2026-04-16,2026-03-31,0.057016969924812026,0.26666666666666666,,1.6859237135843412,292406287.87406886,0.0,426295639.12593114,426295639.12593114,0,False
2026-04-20,2026-04-17,2026-03-31,0.057016969924812026,0.26666666666666666,,1.6660220549683133,283017232.299566,124.53850347393632,424936540.23893744,424936540.23893744,0,False
2026-04-21,2026-04-20,2026-03-31,0.057016969924812026,0.26666666666666666,,1.6660139160516514,286303967.3712562,0.0,429876854.6287438,429876854.6287438,0,False
2026-04-22,2026-04-21,2026-03-31,0.057016969924812026,0.26666666666666666,,1.6786664480635687,286331421.17634654,0.0,421903015.82365346,421903015.82365346,0,False
2026-04-23,2026-04-22,2026-03-31,0.057016969924812026,0.26666666666666666,,1.6769790793062027,286358877.6139936,0.0,422995165.3860064,422995165.3860064,0,False
2026-04-24,2026-04-23,2026-03-31,0.057016969924812026,0.26666666666666666,,1.6685239847923445,286386336.68444973,0.0,428386031.31555027,428386031.31555027,0,False
2026-04-27,2026-04-24,2026-03-31,0.057016969924812026,0.26666666666666666,,1.6660228977889278,281712679.4625281,106.03926528990269,422977309.57673717,422977309.57673717,0,False
2026-04-28,2026-04-27,2026-03-31,0.057016969924812026,0.26666666666666666,,1.6660242868058295,284142835.88518876,0.0,426625337.11481124,426625337.11481124,0,False
2026-04-29,2026-04-28,2026-03-31,0.057016969924812026,0.26666666666666666,,1.666029141709771,278574031.4766438,128.50799098354628,418260832.03134716,418260832.03134716,0,False
2026-04-30,2026-04-29,2026-03-31,0.057016969924812026,0.26666666666666666,,1.6660026310587803,277176551.6296889,205.85684530594955,416179055.22715646,416179055.22715646,0,False
2026-05-06,2026-04-30,2026-04-30,0.054729166064981946,0.2,,1.6672366937140592,277335369.4445372,0.0,415647658.5554628,415647658.5554628,0,False
2026-05-07,2026-05-06,2026-04-30,0.054729166064981946,0.2,,1.6676393699644603,277361963.2470867,0.0,415436799.7529133,415436799.7529133,0,False
2026-05-08,2026-05-07,2026-04-30,0.054729166064981946,0.2,,1.6857353249603841,277388559.59972686,0.0,404512571.40027314,404512571.40027314,0,False
2026-05-11,2026-05-08,2026-04-30,0.054729166064981946,0.2,,1.6823837824557957,277468356.3086528,0.0,406616281.6913472,406616281.6913472,0,False
2026-05-12,2026-05-11,2026-04-30,0.054729166064981946,0.2,,1.5939300041720599,267205028.9229974,29015194.308200058,401040245.38520277,401040245.38520277,0,False
2026-05-13,2026-05-12,2026-04-30,0.054729166064981946,0.2,,1.6660050915759166,265936705.7614426,34.02154156250174,399301259.260099,399301259.260099,0,False
2026-05-14,2026-05-13,2026-04-30,0.054729166064981946,0.2,,1.6753737043335493,265962172.51990557,0.0,393800011.48009443,393800011.48009443,0,False
2026-05-15,2026-05-14,2026-04-30,0.054729166064981946,0.2,,1.6660221947677532,260146753.011876,270.4087879762292,390597317.396912,390597317.396912,0,False
2026-05-18,2026-05-15,2026-04-30,0.054729166064981946,0.2,,1.6661475230731704,253675851.32538962,449.05814380943775,380809645.73275423,380809645.73275423,0,False
2026-05-19,2026-05-18,2026-04-30,0.054729166064981946,0.2,,1.6660241396542628,256971247.1717398,0.0,385828728.8282602,385828728.8282602,0,False
2026-05-20,2026-05-19,2026-04-30,0.054729166064981946,0.2,,1.6661806844902494,255155251.83734307,551.8233173601329,383011254.9859742,383011254.9859742,0,False
2026-05-21,2026-05-20,2026-04-30,0.054729166064981946,0.2,,1.666144705231352,255179166.9559827,0.0,383068671.0440173,383068671.0440173,0,False
2026-05-22,2026-05-21,2026-04-30,0.054729166064981946,0.2,,1.6772020673332029,255203636.19117028,0.0,376850054.8088297,376850054.8088297,0,False
2026-05-25,2026-05-22,2026-04-30,0.054729166064981946,0.2,,1.684202455979953,255277050.935828,0.0,373101629.064172,373101629.064172,0,False
2026-05-26,2026-05-25,2026-04-30,0.054729166064981946,0.2,,1.684660208456275,255301529.5571506,0.0,372887932.4428494,372887932.4428494,0,False
2026-05-27,2026-05-26,2026-04-30,0.054729166064981946,0.2,,1.666127198741926,246299054.04985833,212.98744007200003,369747461.9375818,369747461.9375818,0,False
2026-05-28,2026-05-27,2026-04-30,0.054729166064981946,0.2,,1.666159225694522,244136366.7325667,217.48025684431195,366483176.7476902,366483176.7476902,0,False
2026-05-29,2026-05-28,2026-04-30,0.054729166064981946,0.2,,1.6660004817757625,249243489.69830588,0.0,374239203.30169415,374239203.30169415,0,False
2026-06-01,2026-05-29,2026-05-29,0.05537376811594203,0.2,,1.6660013385408419,256797592.79122388,0.0,385581196.2087761,385581196.2087761,0,False
2026-06-02,2026-06-01,2026-05-29,0.05537376811594203,0.2,,1.665999771524487,260310550.8924299,0.0,390856817.1075701,390856817.1075701,0,False
2026-06-03,2026-06-02,2026-05-29,0.05537376811594203,0.2,,1.6660782249549015,256790064.10336414,462.58864223180035,385524690.4852781,385524690.4852781,0,False
2026-06-04,2026-06-03,2026-05-29,0.05537376811594203,0.2,,1.6823659083322484,256060745.21949893,0.0,375254305.78050107,375254305.78050107,0,False
2026-06-05,2026-06-04,2026-05-29,0.05537376811594203,0.2,,1.6662822632333871,254052220.14693406,390.2115655948229,381297603.0646316,381297603.0646316,0,False
2026-06-08,2026-06-05,2026-05-29,0.05537376811594203,0.2,,1.6660353234966379,255656224.1705232,0.0,383847845.82947683,383847845.82947683,0,False
2026-06-09,2026-06-08,2026-05-29,0.05537376811594203,0.2,,1.6660007208863126,262317175.0785831,0.0,393869205.9214169,393869205.9214169,0,False
2026-06-10,2026-06-09,2026-05-29,0.05537376811594203,0.2,,1.666000775558133,269974706.2494829,0.0,405366954.7505171,405366954.7505171,0,False
2026-06-11,2026-06-10,2026-05-29,0.05537376811594203,0.2,,1.6666874863451455,270000594.2350137,0.0,404988243.7649863,404988243.7649863,0,False
2026-06-12,2026-06-11,2026-05-29,0.05537376811594203,0.2,,1.6659995154816774,275170664.50049406,0.0,413169466.49950594,413169466.49950594,0,False
2026-06-15,2026-06-12,2026-05-29,0.05537376811594203,0.2,,1.6697620459458935,273324315.5098024,0.0,408091675.4901976,408091675.4901976,0,False
2026-06-16,2026-06-15,2026-05-29,0.05537376811594203,0.2,,1.695043423033074,273350524.6907417,0.0,393285535.3092583,393285535.3092583,0,False
2026-06-17,2026-06-16,2026-05-29,0.05537376811594203,0.2,,1.70426697379911,273376736.38489014,0.0,388172023.61510986,388172023.61510986,0,False
2026-06-18,2026-06-17,2026-05-29,0.05537376811594203,0.2,,1.6920705033411856,255180485.0811687,0.0,368720359.9188313,368720359.9188313,0,False
2026-06-22,2026-06-18,2026-05-29,0.05537376811594203,0.2,,1.6999495417724273,255278362.52750123,0.0,364709664.4724988,364709664.4724988,0,False
2026-06-23,2026-06-22,2026-05-29,0.05537376811594203,0.2,,1.6832420744184773,255302841.2745929,0.0,373663816.7254071,373663816.7254071,0,False
2026-06-24,2026-06-23,2026-05-29,0.05537376811594203,0.2,,1.6665211178890287,237978811.4199617,0.0,357046168.5800383,357046168.5800383,0,False
2026-06-25,2026-06-24,2026-05-29,0.05537376811594203,0.2,,1.6738376988435402,238001631.30598825,0.0,353203199.69401175,353203199.69401175,0,False
2026-06-26,2026-06-25,2026-05-29,0.05537376811594203,0.2,,1.6796073733622678,238024453.38022307,0.0,350238185.61977696,350238185.61977696,0,False
2026-06-29,2026-06-26,2026-05-29,0.05537376811594203,0.2,,1.674286940430874,238092926.16818175,0.0,353103273.8318182,353103273.8318182,0,False
2026-06-30,2026-06-29,2026-05-29,0.05537376811594203,0.2,,1.7065529029589854,238115756.99671844,0.0,337010514.0032816,337010514.0032816,0,False
2026-07-01,2026-06-30,2026-06-30,0.055291641249092235,0.18333333333333332,,1.6890092046970049,238138590.01451263,0.0,345624685.98548734,345624685.98548734,0,False
2026-07-02,2026-07-01,2026-06-30,0.055291641249092235,0.18333333333333332,,1.6659998431314866,239357221.6483743,0.0,359395312.3516257,359395312.3516257,0,False
2026-07-03,2026-07-02,2026-06-30,0.055291641249092235,0.18333333333333332,,1.642154182713835,238279476.86465776,8535261.631533615,357771110.76687586,357771110.76687586,0,False
2026-07-06,2026-07-03,2026-06-30,0.055291641249092235,0.18333333333333332,,1.6376331810329783,238348023.01553664,2491984.944213615,369892980.92867696,369892980.92867696,0,False
2026-07-07,2026-07-06,2026-06-30,0.055291641249092235,0.18333333333333332,,1.6364301709633553,238370878.30541483,2491984.944213615,370628081.63879883,370628081.63879883,0,False
2026-07-08,2026-07-07,2026-06-30,0.055291641249092235,0.18333333333333332,,1.6277966970823503,238393735.78689617,2491984.944213615,375761376.15731746,375761376.15731746,0,False
2026-07-09,2026-07-08,2026-06-30,0.055291641249092235,0.18333333333333332,,1.6660024528549369,247674905.7555472,0.0,371882873.24445283,371882873.24445283,0,False
2026-07-10,2026-07-09,2026-06-30,0.055291641249092235,0.18333333333333332,,1.6659967162380402,247370013.67266655,1535.4664722485468,371425972.7938057,371425972.7938057,0,False
2026-07-13,2026-07-10,2026-06-30,0.055291641249092235,0.18333333333333332,,1.6660025666157172,250692065.23990422,0.0,376413061.7600958,376413061.7600958,0,False
2026-07-14,2026-07-13,2026-06-30,0.055291641249092235,0.18333333333333332,,1.597597453951149,250716104.2050642,25380228.6108,377069671.40573585,377069671.40573585,0,False
2026-07-15,2026-07-14,2026-06-30,0.055291641249092235,0.18333333333333332,,1.5802963295165153,250740145.47533044,25380228.6108,388353166.13546956,388353166.13546956,0,False
2026-07-16,2026-07-15,2026-06-30,0.055291641249092235,0.18333333333333332,,1.5887091023668487,250764189.05092397,25380228.6108,382844361.5598761,382844361.5598761,0,False
2026-07-17,2026-07-16,2026-06-30,0.055291641249092235,0.18333333333333332,,1.5879537023568229,250788234.93206584,25380228.6108,383377135.6787342,383377135.6787342,0,False
2026-07-20,2026-07-17,2026-06-30,0.055291641249092235,0.18333333333333332,,1.575305144762868,250860379.49279973,25380228.6108,391931400.11800027,391931400.11800027,0,False
2026-07-21,2026-07-20,2026-06-30,0.055291641249092235,0.18333333333333332,,1.6418465852905455,250884434.5976826,6327007.987050001,381021621.38936746,381021621.38936746,0,False
2026-07-22,2026-07-21,2026-06-30,0.055291641249092235,0.18333333333333332,,1.6660019081502417,259220689.15761936,0.0,389219138.84238064,389219138.84238064,0,False
2026-07-23,2026-07-22,2026-06-30,0.055291641249092235,0.18333333333333332,,1.666000329581506,262946192.9107817,0.0,394813908.08921826,394813908.08921826,0,False
2026-07-24,2026-07-23,2026-06-30,0.055291641249092235,0.18333333333333332,,1.6682468438796256,262971406.92928,0.0,393524353.07071996,393524353.07071996,0,False
2026-07-27,2026-07-24,2026-06-30,0.055291641249092235,0.18333333333333332,,1.677665498901056,263047056.23812267,0.0,388166516.7618773,388166516.7618773,0,False
2026-07-28,2026-07-27,2026-06-30,0.055291641249092235,0.18333333333333332,,1.6665161021371389,263072279.9284469,0.0,394697561.0715531,394697561.0715531,0,False
2026-07-29,2026-07-28,2026-06-30,0.055291641249092235,0.18333333333333332,,1.665999582435718,264492093.09267116,0.0,397135523.90732884,397135523.90732884,0,False
2026-07-30,2026-07-29,2026-06-30,0.055291641249092235,0.18333333333333332,,1.6660010069878657,272053892.12195325,0.0,408488709.87804675,408488709.87804675,0,False
2026-07-31,2026-07-30,2026-06-30,0.055291641249092235,0.18333333333333332,,1.6727372416548996,272079979.4814718,0.0,404437219.5185282,404437219.5185282,0,False
2026-08-03,2026-07-31,2026-07-31,0.055958415204678355,0.2,,1.6794939716430797,272158249.0646103,0.0,400530777.9353897,400530777.9353897,0,False
2026-08-04,2026-08-03,2026-07-31,0.055958415204678355,0.2,,1.7053050832268384,272184346.430959,0.0,385910087.569041,385910087.569041,0,False
2026-08-05,2026-08-04,2026-07-31,0.055958415204678355,0.2,,1.7073230092850329,272209699.68331486,0.0,384844966.31668514,384844966.31668514,0,False
2026-08-06,2026-08-05,2026-07-31,0.055958415204678355,0.2,,1.6660898600274623,259904610.56913257,93.79285809524163,390194375.22372556,390194375.22372556,0,False
2026-08-07,2026-08-06,2026-07-31,0.055958415204678355,0.2,,1.674063637615787,259929439.13619205,0.0,385615577.8638079,385615577.8638079,0,False
2026-08-10,2026-08-07,2026-07-31,0.055958415204678355,0.2,,1.6668318166807687,260004213.35840932,0.0,389909729.6415907,389909729.6415907,0,False
2026-08-11,2026-08-10,2026-07-31,0.055958415204678355,0.2,,1.6695385865951302,260029145.2692793,0.0,388370663.7307207,388370663.7307207,0,False
2026-08-12,2026-08-11,2026-07-31,0.055958415204678355,0.2,,1.6728189336411248,260054079.57088047,0.0,386514211.4291195,386514211.4291195,0,False
2026-08-13,2026-08-12,2026-07-31,0.055958415204678355,0.2,,1.6725187529132366,260079016.26344207,0.0,386723812.73655796,386723812.73655796,0,False
2026-08-14,2026-08-13,2026-07-31,0.055958415204678355,0.2,,1.6739500730899124,260103955.34719336,0.0,385939501.65280664,385939501.65280664,0,False
2026-08-17,2026-08-14,2026-07-31,0.055958415204678355,0.2,,1.6757164835724734,260178779.77270418,0.0,385041339.2272958,385041339.2272958,0,False
2026-08-18,2026-08-17,2026-07-31,0.055958415204678355,0.2,,1.6724335173181137,260203728.42281938,0.0,386958296.5771806,386958296.5771806,0,False
2026-08-19,2026-08-18,2026-07-31,0.055958415204678355,0.2,,1.665997715075387,261369236.91279086,0.0,392447648.0872091,392447648.0872091,0,False
2026-08-20,2026-08-19,2026-07-31,0.055958415204678355,0.2,,1.666027151016833,263527716.07175043,0.0,395671130.9282496,395671130.9282496,0,False
2026-08-21,2026-08-20,2026-07-31,0.055958415204678355,0.2,,1.6719527671681644,263552985.85274363,0.0,392219511.1472564,392219511.1472564,0,False
2026-08-24,2026-08-21,2026-07-31,0.055958415204678355,0.2,,1.6659996087648332,263875711.3893822,0.0,396210009.61061776,396210009.61061776,0,False
2026-08-25,2026-08-24,2026-07-31,0.055958415204678355,0.2,,1.669067324322275,263901014.5397894,0.0,394431180.46021056,394431180.46021056,0,False
2026-08-26,2026-08-25,2026-07-31,0.055958415204678355,0.2,,1.6659997419522545,264311214.2185961,0.0,396863838.7814039,396863838.7814039,0,False
2026-08-27,2026-08-26,2026-07-31,0.055958415204678355,0.2,,1.6662862544341088,263032359.12954858,0.0,394773803.87045145,394773803.87045145,0,False
2026-08-28,2026-08-27,2026-07-31,0.055958415204678355,0.2,,1.6677405722767231,263057581.410561,0.0,393951771.58943903,393951771.58943903,0,False
