date,signal_day,observed_on,spread,percentile,cap,exposure,debt,cash,equity,constraint_equity,active_sells,unresolved
2009-11-03,2009-11-02,2009-10-30,0.008547893684688772,0.3888888888888889,1.0,0.0,0.0,3000000.0,3000000.0,3000000.0,0,False
2009-11-04,2009-11-03,2009-10-30,0.008547893684688772,0.3888888888888889,1.0,0.0,0.0,3000000.0,3000000.0,3000000.0,0,False
2009-11-05,2009-11-04,2009-10-30,0.008547893684688772,0.3888888888888889,1.0,0.0,0.0,3000000.0,3000000.0,3000000.0,0,False
2009-11-06,2009-11-05,2009-10-30,0.008547893684688772,0.3888888888888889,1.0,0.04970027171138545,0.0,2850883.599,2999983.599,2999983.599,0,False
2009-11-09,2009-11-06,2009-10-30,0.008547893684688772,0.3888888888888889,1.0,0.1013845924618556,0.0,2700723.08316,3005427.08316,3005427.08316,0,False
2009-11-10,2009-11-09,2009-10-30,0.008547893684688772,0.3888888888888889,1.0,0.15097338251180872,0.0,2550970.6122,3004582.6122,3004582.6122,0,False
2009-11-11,2009-11-10,2009-10-30,0.008547893684688772,0.3888888888888889,1.0,0.19966668412197833,0.0,2401192.13838,3000240.13838,3000240.13838,0,False
2009-11-12,2009-11-11,2009-10-30,0.008547893684688772,0.3888888888888889,1.0,0.2506060641566785,0.0,2251745.70108,3004755.70108,3004755.70108,0,False
2009-11-13,2009-11-12,2009-10-30,0.008547893684688772,0.3888888888888889,1.0,0.3032130949109892,0.0,2101542.18051,3016047.18051,3016047.18051,0,False
2009-11-16,2009-11-13,2009-10-30,0.008547893684688772,0.3888888888888889,1.0,0.3551523264500184,0.0,1951225.6475099998,3025870.6475099996,3025870.6475099996,0,False
2009-11-17,2009-11-16,2009-10-30,0.008547893684688772,0.3888888888888889,1.0,0.4063860646847818,0.0,1800009.0155099998,3032289.01551,3032289.01551,0,False
2009-11-18,2009-11-17,2009-10-30,0.008547893684688772,0.3888888888888889,1.0,0.45678883398054776,0.0,1648492.3505099998,3034717.35051,3034717.35051,0,False
2009-11-19,2009-11-18,2009-10-30,0.008547893684688772,0.3888888888888889,1.0,0.5065321528042661,0.0,1497075.6965099997,3033785.6965099997,3033785.6965099997,0,False
2009-11-20,2009-11-19,2009-10-30,0.008547893684688772,0.3888888888888889,1.0,0.5560768800109379,0.0,1345859.0645099997,3031739.06451,3031739.06451,0,False
2009-11-23,2009-11-20,2009-10-30,0.008547893684688772,0.3888888888888889,1.0,0.6050999497971402,0.0,1203832.4432999997,3048448.4432999995,3048448.4432999995,0,False
2009-11-24,2009-11-23,2009-10-30,0.008547893684688772,0.3888888888888889,1.0,0.5921712176030756,0.0,1203832.4432999997,2951808.4432999995,2951808.4432999995,0,False
2009-11-25,2009-11-24,2009-10-30,0.008547893684688772,0.3888888888888889,1.0,0.6170826910750133,0.0,1150186.5428999998,3003746.5429,3003746.5429,0,False
2009-11-26,2009-11-25,2009-10-30,0.008547893684688772,0.3888888888888889,1.0,0.6124278196406395,0.0,1150186.5428999998,2967670.5429,2967670.5429,0,False
2009-11-27,2009-11-26,2009-10-30,0.008547893684688772,0.3888888888888889,1.0,0.6036215786173131,0.0,1150186.5428999998,2901738.5429,2901738.5429,0,False
2009-11-30,2009-11-27,2009-10-30,0.008547893684688772,0.3888888888888889,1.0,0.6184936804282494,0.0,1128386.3249499998,2957713.32495,2957713.32495,0,False
2009-12-01,2009-11-30,2009-11-30,0.007515877208099951,0.38181818181818183,1.0,0.626599825007524,0.0,1128386.3249499998,3021922.32495,3021922.32495,0,False
2009-12-02,2009-12-01,2009-11-30,0.007515877208099951,0.38181818181818183,1.0,0.6290724118355485,0.0,1128386.3249499998,3042066.32495,3042066.32495,0,False
2009-12-03,2009-12-02,2009-11-30,0.007515877208099951,0.38181818181818183,1.0,0.629379184638438,0.0,1128386.3249499998,3044584.32495,3044584.32495,0,False
2009-12-04,2009-12-03,2009-11-30,0.007515877208099951,0.38181818181818183,1.0,0.6295323808329756,0.0,1128386.3249499998,3045843.32495,3045843.32495,0,False
2009-12-07,2009-12-04,2009-11-30,0.007515877208099951,0.38181818181818183,1.0,0.6302964660133858,0.0,1128386.3249499998,3052138.32495,3052138.32495,0,False
2009-12-08,2009-12-07,2009-11-30,0.007515877208099951,0.38181818181818183,1.0,0.6295323808329756,0.0,1128386.3249499998,3045843.32495,3045843.32495,0,False
2009-12-09,2009-12-08,2009-11-30,0.007515877208099951,0.38181818181818183,1.0,0.6228285124313269,0.0,1128386.3249499998,2991706.32495,2991706.32495,0,False
2009-12-10,2009-12-09,2009-11-30,0.007515877208099951,0.38181818181818183,1.0,0.6237784644556285,0.0,1128386.3249499998,2999260.32495,2999260.32495,0,False
2009-12-11,2009-12-10,2009-11-30,0.007515877208099951,0.38181818181818183,1.0,0.626599825007524,0.0,1128386.3249499998,3021922.32495,3021922.32495,0,False
2009-12-14,2009-12-11,2009-11-30,0.007515877208099951,0.38181818181818183,1.0,0.6333215462952362,0.0,1128386.3249499998,3077318.32495,3077318.32495,0,False
2009-12-15,2009-12-14,2009-11-30,0.007515877208099951,0.38181818181818183,1.0,0.6349643334275825,0.0,1128386.3249499998,3091167.32495,3091167.32495,0,False
2009-12-16,2009-12-15,2009-11-30,0.007515877208099951,0.38181818181818183,1.0,0.6351129480931953,0.0,1128386.3249499998,3092426.32495,3092426.32495,0,False
2009-12-17,2009-12-16,2009-11-30,0.007515877208099951,0.38181818181818183,1.0,0.6290724118355485,0.0,1128386.3249499998,3042066.32495,3042066.32495,0,False
2009-12-18,2009-12-17,2009-11-30,0.007515877208099951,0.38181818181818183,1.0,0.6212345535151474,0.0,1128386.3249499998,2979116.32495,2979116.32495,0,False
2009-12-21,2009-12-18,2009-11-30,0.007515877208099951,0.38181818181818183,1.0,0.6196270650087629,0.0,1128386.3249499998,2966526.32495,2966526.32495,0,False
2009-12-22,2009-12-21,2009-11-30,0.007515877208099951,0.38181818181818183,1.0,0.6128911834377598,0.0,1128386.3249499998,2914907.32495,2914907.32495,0,False
2009-12-23,2009-12-22,2009-11-30,0.007515877208099951,0.38181818181818183,1.0,0.6152179020951999,0.0,1128386.3249499998,2932533.32495,2932533.32495,0,False
2009-12-24,2009-12-23,2009-11-30,0.007515877208099951,0.38181818181818183,1.0,0.6204325112041578,0.0,1128386.3249499998,2972821.32495,2972821.32495,0,False
2009-12-25,2009-12-24,2009-11-30,0.007515877208099951,0.38181818181818183,1.0,0.6207537353847995,0.0,1128386.3249499998,2975339.32495,2975339.32495,0,False
2009-12-28,2009-12-25,2009-11-30,0.007515877208099951,0.38181818181818183,1.0,0.6267553270332993,0.0,1128386.3249499998,3023181.32495,3023181.32495,0,False
2009-12-29,2009-12-28,2009-11-30,0.007515877208099951,0.38181818181818183,1.0,0.6281490387525144,0.0,1128386.3249499998,3034512.32495,3034512.32495,0,False
2009-12-30,2009-12-29,2009-11-30,0.007515877208099951,0.38181818181818183,1.0,0.629379184638438,0.0,1128386.3249499998,3044584.32495,3044584.32495,0,False
2009-12-31,2009-12-30,2009-11-30,0.007515877208099951,0.38181818181818183,1.0,0.6279946961012233,0.0,1128386.3249499998,3033253.32495,3033253.32495,0,False
2010-01-04,2009-12-31,2009-12-31,0.005262035014589418,0.375,1.0,0.629379184638438,0.0,1128386.3249499998,3044584.32495,3044584.32495,0,False
2010-01-05,2010-01-04,2009-12-31,0.005262035014589418,0.375,1.0,0.6304489049853748,0.0,1128386.3249499998,3053397.32495,3053397.32495,0,False
2010-01-06,2010-01-05,2009-12-31,0.005262035014589418,0.375,1.0,0.6352614417989533,0.0,1128386.3249499998,3093685.32495,3093685.32495,0,False
2010-01-07,2010-01-06,2009-12-31,0.005262035014589418,0.375,1.0,0.6279946961012233,0.0,1128386.3249499998,3033253.32495,3033253.32495,0,False
2010-01-08,2010-01-07,2009-12-31,0.005262035014589418,0.375,1.0,0.6304489049853748,0.0,1128386.3249499998,3053397.32495,3053397.32495,0,False
2010-01-11,2010-01-08,2009-12-31,0.005262035014589418,0.375,1.0,0.6281490387525144,0.0,1128386.3249499998,3034512.32495,3034512.32495,0,False
2010-01-12,2010-01-11,2009-12-31,0.005262035014589418,0.375,1.0,0.6425351018436464,0.0,1128386.3249499998,3156635.32495,3156635.32495,0,False
2010-01-13,2010-01-12,2009-12-31,0.005262035014589418,0.375,1.0,0.6431044820992439,0.0,1128386.3249499998,3161671.3249499993,3161671.3249499993,0,False
2010-01-14,2010-01-13,2009-12-31,0.005262035014589418,0.375,1.0,0.6484244772632067,0.0,1128386.3249499998,3209513.3249500003,3209513.3249500003,0,False
2010-01-15,2010-01-14,2009-12-31,0.005262035014589418,0.375,1.0,0.6474564281591633,0.0,1128386.3249499998,3200700.32495,3200700.32495,0,False
2010-01-18,2010-01-15,2009-12-31,0.005262035014589418,0.375,1.0,0.6535881988965019,0.0,1128386.3249499998,3257355.32495,3257355.32495,0,False
2010-01-19,2010-01-18,2009-12-31,0.005262035014589418,0.375,1.0,0.6547890458815254,0.0,1128386.3249499998,3268686.32495,3268686.32495,0,False
2010-01-20,2010-01-19,2009-12-31,0.005262035014589418,0.375,1.0,0.6491126923842563,0.0,1128386.3249499998,3215808.3249499993,3215808.3249499993,0,False
2010-01-21,2010-01-20,2009-12-31,0.005262035014589418,0.375,1.0,0.6493872245949048,0.0,1128386.3249499998,3218326.3249500003,3218326.3249500003,0,False
2010-01-22,2010-01-21,2009-12-31,0.005262035014589418,0.375,1.0,0.6395157977932825,0.0,1128386.3249499998,3130196.32495,3130196.32495,0,False
2010-01-25,2010-01-22,2009-12-31,0.005262035014589418,0.375,1.0,0.6360021010881094,0.0,1128386.3249499998,3099980.32495,3099980.32495,0,False
2010-01-26,2010-01-25,2009-12-31,0.005262035014589418,0.375,1.0,0.6258203672535336,0.0,1128386.3249499998,3015627.32495,3015627.32495,0,False
2010-01-27,2010-01-26,2009-12-31,0.005262035014589418,0.375,1.0,0.6228285124313269,0.0,1128386.3249499998,2991706.32495,2991706.32495,0,False
2010-01-28,2010-01-27,2009-12-31,0.005262035014589418,0.375,1.0,0.6259765190295326,0.0,1128386.3249499998,3016886.32495,3016886.32495,0,False
2010-01-29,2010-01-28,2009-12-31,0.005262035014589418,0.375,1.0,0.6295323808329756,0.0,1128386.3249499998,3045843.32495,3045843.32495,0,False
2010-02-01,2010-01-29,2010-01-29,0.010496296296296295,0.43859649122807015,1.0,0.628765130763775,0.0,1128386.3249499998,3039548.32495,3039548.32495,0,False
2010-02-02,2010-02-01,2010-01-29,0.010496296296296295,0.43859649122807015,1.0,0.632720497141042,0.0,1128386.3249499998,3072282.32495,3072282.32495,0,False
2010-02-03,2010-02-02,2010-01-29,0.010496296296296295,0.43859649122807015,1.0,0.6395157977932825,0.0,1128386.3249499998,3130196.32495,3130196.32495,0,False
2010-02-04,2010-02-03,2010-01-29,0.010496296296296295,0.43859649122807015,1.0,0.6373277351252744,0.0,1128386.3249499998,3111311.32495,3111311.32495,0,False
2010-02-05,2010-02-04,2010-01-29,0.010496296296296295,0.43859649122807015,1.0,0.6253511286392586,0.0,1128386.3249499998,3011850.32495,3011850.32495,0,False
2010-02-08,2010-02-05,2010-01-29,0.010496296296296295,0.43859649122807015,1.0,0.6226697205011407,0.0,1128386.3249499998,2990447.32495,2990447.32495,0,False
2010-02-09,2010-02-08,2010-01-29,0.010496296296296295,0.43859649122807015,1.0,0.6240940526583371,0.0,1128386.3249499998,3001778.32495,3001778.32495,0,False
2010-02-10,2010-02-09,2010-01-29,0.010496296296296295,0.43859649122807015,1.0,0.6267553270332993,0.0,1128386.3249499998,3023181.32495,3023181.32495,0,False
2010-02-11,2010-02-10,2010-01-29,0.010496296296296295,0.43859649122807015,1.0,0.6255076722220411,0.0,1128386.3249499998,3013109.32495,3013109.32495,0,False
2010-02-12,2010-02-11,2010-01-29,0.010496296296296295,0.43859649122807015,1.0,0.6279946961012233,0.0,1128386.3249499998,3033253.32495,3033253.32495,0,False
2010-02-22,2010-02-12,2010-01-29,0.010496296296296295,0.43859649122807015,1.0,0.6255076722220411,0.0,1128386.3249499998,3013109.32495,3013109.32495,0,False
2010-02-23,2010-02-22,2010-01-29,0.010496296296296295,0.43859649122807015,1.0,0.6264441933565444,0.0,1128386.3249499998,3020663.32495,3020663.32495,0,False
2010-02-24,2010-02-23,2010-01-29,0.010496296296296295,0.43859649122807015,1.0,0.6310574058473395,0.0,1128386.3249499998,3058433.32495,3058433.32495,0,False
2010-02-25,2010-02-24,2010-01-29,0.010496296296296295,0.43859649122807015,1.0,0.6368869312591887,0.0,1128386.3249499998,3107534.32495,3107534.32495,0,False
2010-02-26,2010-02-25,2010-01-29,0.010496296296296295,0.43859649122807015,1.0,0.6351129480931953,0.0,1128386.3249499998,3092426.32495,3092426.32495,0,False
2010-03-01,2010-02-26,2010-02-26,0.012202882352941168,0.4482758620689655,1.0,0.6360021010881094,0.0,1128386.3249499998,3099980.32495,3099980.32495,0,False
2010-03-02,2010-03-01,2010-02-26,0.012202882352941168,0.4482758620689655,1.0,0.6395157977932825,0.0,1128386.3249499998,3130196.32495,3130196.32495,0,False
2010-03-03,2010-03-02,2010-02-26,0.012202882352941168,0.4482758620689655,1.0,0.6408160081918246,0.0,1128386.3249499998,3141527.32495,3141527.32495,0,False
2010-03-04,2010-03-03,2010-02-26,0.012202882352941168,0.4482758620689655,1.0,0.6376210102754688,0.0,1128386.3249499998,3113829.32495,3113829.32495,0,False
2010-03-05,2010-03-04,2010-02-26,0.012202882352941168,0.4482758620689655,1.0,0.6387893830263476,0.0,1128386.3249499998,3123901.32495,3123901.32495,0,False
2010-03-08,2010-03-05,2010-02-26,0.012202882352941168,0.4482758620689655,1.0,0.6398055462755897,0.0,1128386.3249499998,3132714.32495,3132714.32495,0,False
2010-03-09,2010-03-08,2010-02-26,0.012202882352941168,0.4482758620689655,1.0,0.6393707486716655,0.0,1128386.3249499998,3128937.32495,3128937.32495,0,False
2010-03-10,2010-03-09,2010-02-26,0.012202882352941168,0.4482758620689655,1.0,0.6419639019411512,0.0,1128386.3249499998,3151599.32495,3151599.32495,0,False
2010-03-11,2010-03-10,2010-02-26,0.012202882352941168,0.4482758620689655,1.0,0.6459243905996451,0.0,1128386.3249499998,3186851.3249500003,3186851.3249500003,0,False
2010-03-12,2010-03-11,2010-02-26,0.012202882352941168,0.4482758620689655,1.0,0.6382061399306848,0.0,1128386.3249499998,3118865.32495,3118865.32495,0,False
2010-03-15,2010-03-12,2010-02-26,0.012202882352941168,0.4482758620689655,1.0,0.6357061986320642,0.0,1128386.3249499998,3097462.32495,3097462.32495,0,False
2010-03-16,2010-03-15,2010-02-26,0.012202882352941168,0.4482758620689655,1.0,0.6368869312591887,0.0,1128386.3249499998,3107534.32495,3107534.32495,0,False
2010-03-17,2010-03-16,2010-02-26,0.012202882352941168,0.4482758620689655,1.0,0.6428200188834269,0.0,1128386.3249499998,3159153.3249499993,3159153.3249499993,0,False
2010-03-18,2010-03-17,2010-02-26,0.012202882352941168,0.4482758620689655,1.0,0.6416776168942172,0.0,1128386.3249499998,3149081.32495,3149081.32495,0,False
2010-03-19,2010-03-18,2010-02-26,0.012202882352941168,0.4482758620689655,1.0,0.6457844539264105,0.0,1128386.3249499998,3185592.32495,3185592.32495,0,False
2010-03-22,2010-03-19,2010-02-26,0.012202882352941168,0.4482758620689655,1.0,0.6450831081148581,0.0,1128386.3249499998,3179297.32495,3179297.32495,0,False
2010-03-23,2010-03-22,2010-02-26,0.012202882352941168,0.4482758620689655,1.0,0.6413908736548533,0.0,1128386.3249499998,3146563.3249500003,3146563.3249500003,0,False
2010-03-24,2010-03-23,2010-02-26,0.012202882352941168,0.4482758620689655,1.0,0.6413908736548533,0.0,1128386.3249499998,3146563.3249500003,3146563.3249500003,0,False
2010-03-25,2010-03-24,2010-02-26,0.012202882352941168,0.4482758620689655,1.0,0.633771043754282,0.0,1128386.3249499998,3081095.32495,3081095.32495,0,False
2010-03-26,2010-03-25,2010-02-26,0.012202882352941168,0.4482758620689655,1.0,0.6380600347389606,0.0,1128386.3249499998,3117606.32495,3117606.32495,0,False
2010-03-29,2010-03-26,2010-02-26,0.012202882352941168,0.4482758620689655,1.0,0.6405278837558173,0.0,1128386.3249499998,3139009.32495,3139009.32495,0,False
2010-03-30,2010-03-29,2010-02-26,0.012202882352941168,0.4482758620689655,1.0,0.6400948293463403,0.0,1128386.3249499998,3135232.32495,3135232.32495,0,False
2010-03-31,2010-03-30,2010-02-26,0.012202882352941168,0.4482758620689655,1.0,0.6419639019411512,0.0,1128386.3249499998,3151599.32495,3151599.32495,0,False
2010-04-01,2010-03-31,2010-03-31,0.011954684752104781,0.4406779661016949,1.0,0.6440965451018922,0.0,1128386.3249499998,3170484.3249499993,3170484.3249499993,0,False
2010-04-02,2010-04-01,2010-03-31,0.011954684752104781,0.4406779661016949,1.0,0.643672051389272,0.0,1128386.3249499998,3166707.3249500003,3166707.3249500003,0,False
2010-04-06,2010-04-02,2010-03-31,0.011954684752104781,0.4406779661016949,1.0,0.6405278837558173,0.0,1128386.3249499998,3139009.32495,3139009.32495,0,False
2010-04-07,2010-04-06,2010-03-31,0.011954684752104781,0.4406779661016949,1.0,0.6422497298930098,0.0,1128386.3249499998,3154117.32495,3154117.32495,0,False
2010-04-08,2010-04-07,2010-03-31,0.011954684752104781,0.4406779661016949,1.0,0.6395157977932825,0.0,1128386.3249499998,3130196.32495,3130196.32495,0,False
2010-04-09,2010-04-08,2010-03-31,0.011954684752104781,0.4406779661016949,1.0,0.6411036711221889,0.0,1128386.3249499998,3144045.3249500003,3144045.3249500003,0,False
2010-04-12,2010-04-09,2010-03-31,0.011954684752104781,0.4406779661016949,1.0,0.638352127212725,0.0,1128386.3249499998,3120124.32495,3120124.32495,0,False
2010-04-13,2010-04-12,2010-03-31,0.011954684752104781,0.4406779661016949,1.0,0.6340700969800432,0.0,1128386.3249499998,3083613.32495,3083613.32495,0,False
2010-04-14,2010-04-13,2010-03-31,0.011954684752104781,0.4406779661016949,1.0,0.6354098146924729,0.0,1128386.3249499998,3094944.32495,3094944.32495,0,False
2010-04-15,2010-04-14,2010-03-31,0.011954684752104781,0.4406779661016949,1.0,0.6361498721263015,0.0,1128386.3249499998,3101239.32495,3101239.32495,0,False
2010-04-16,2010-04-15,2010-03-31,0.011954684752104781,0.4406779661016949,1.0,0.6380600347389606,0.0,1128386.3249499998,3117606.32495,3117606.32495,0,False
2010-04-19,2010-04-16,2010-03-31,0.011954684752104781,0.4406779661016949,1.0,0.6304489049853748,0.0,1128386.3249499998,3053397.32495,3053397.32495,0,False
2010-04-20,2010-04-19,2010-03-31,0.011954684752104781,0.4406779661016949,1.0,0.6312092180809588,0.0,1128386.3249499998,3059692.32495,3059692.32495,0,False
2010-04-21,2010-04-20,2010-03-31,0.011954684752104781,0.4406779661016949,1.0,0.6333215462952362,0.0,1128386.3249499998,3077318.32495,3077318.32495,0,False
2010-04-22,2010-04-21,2010-03-31,0.011954684752104781,0.4406779661016949,1.0,0.628303253385337,0.0,1128386.3249499998,3035771.32495,3035771.32495,0,False
2010-04-23,2010-04-22,2010-03-31,0.011954684752104781,0.4406779661016949,1.0,0.6233040873399505,0.0,1128386.3249499998,2995483.32495,2995483.32495,0,False
2010-04-26,2010-04-23,2010-03-31,0.011954684752104781,0.4406779661016949,1.0,0.6181686146349424,0.0,1128386.3249499998,2955195.32495,2955195.32495,0,False
2010-04-27,2010-04-26,2010-03-31,0.011954684752104781,0.4406779661016949,1.0,0.6074658250724636,0.0,1128386.3249499998,2874619.32495,2874619.32495,0,False
2010-04-28,2010-04-27,2010-03-31,0.011954684752104781,0.4406779661016949,1.0,0.6107053211448888,0.0,1128386.3249499998,2898540.32495,2898540.32495,0,False
2010-04-29,2010-04-28,2010-03-31,0.011954684752104781,0.4406779661016949,1.0,0.6060856404354584,0.0,1128386.3249499998,2864547.32495,2864547.32495,0,False
2010-04-30,2010-04-29,2010-03-31,0.011954684752104781,0.4406779661016949,1.0,0.6122212294148819,0.0,1128386.3249499998,2909871.32495,2909871.32495,0,False
2010-05-04,2010-04-30,2010-04-30,0.024778057176196036,0.65,1.0,0.6137253776253537,0.0,1128386.3249499998,2921202.32495,2921202.32495,0,False
2010-05-05,2010-05-04,2010-04-30,0.024778057176196036,0.65,1.0,0.6163708042883453,0.0,1128386.3249499998,2941346.32495,2941346.32495,0,False
2010-05-06,2010-05-05,2010-04-30,0.024778057176196036,0.65,1.0,0.0,0.0,2814417.2183499997,2814417.2183499997,2814417.2183499997,0,False
2010-05-07,2010-05-06,2010-04-30,0.024778057176196036,0.65,1.0,0.0,0.0,2814417.2183499997,2814417.2183499997,2814417.2183499997,0,False
2010-05-10,2010-05-07,2010-04-30,0.024778057176196036,0.65,1.0,0.0,0.0,2814417.2183499997,2814417.2183499997,2814417.2183499997,0,False
2010-05-11,2010-05-10,2010-04-30,0.024778057176196036,0.65,1.0,0.0,0.0,2814417.2183499997,2814417.2183499997,2814417.2183499997,0,False
2010-05-12,2010-05-11,2010-04-30,0.024778057176196036,0.65,1.0,0.0,0.0,2814417.2183499997,2814417.2183499997,2814417.2183499997,0,False
2010-05-13,2010-05-12,2010-04-30,0.024778057176196036,0.65,1.0,0.0,0.0,2814417.2183499997,2814417.2183499997,2814417.2183499997,0,False
2010-05-14,2010-05-13,2010-04-30,0.024778057176196036,0.65,1.0,0.0,0.0,2814417.2183499997,2814417.2183499997,2814417.2183499997,0,False
2010-05-17,2010-05-14,2010-04-30,0.024778057176196036,0.65,1.0,0.0,0.0,2814417.2183499997,2814417.2183499997,2814417.2183499997,0,False
2010-05-18,2010-05-17,2010-04-30,0.024778057176196036,0.65,1.0,0.0,0.0,2814417.2183499997,2814417.2183499997,2814417.2183499997,0,False
2010-05-19,2010-05-18,2010-04-30,0.024778057176196036,0.65,1.0,0.0,0.0,2814417.2183499997,2814417.2183499997,2814417.2183499997,0,False
2010-05-20,2010-05-19,2010-04-30,0.024778057176196036,0.65,1.0,0.0,0.0,2814417.2183499997,2814417.2183499997,2814417.2183499997,0,False
2010-05-21,2010-05-20,2010-04-30,0.024778057176196036,0.65,1.0,0.0,0.0,2814417.2183499997,2814417.2183499997,2814417.2183499997,0,False
2010-05-24,2010-05-21,2010-04-30,0.024778057176196036,0.65,1.0,0.0,0.0,2814417.2183499997,2814417.2183499997,2814417.2183499997,0,False
2010-05-25,2010-05-24,2010-04-30,0.024778057176196036,0.65,1.0,0.0,0.0,2814417.2183499997,2814417.2183499997,2814417.2183499997,0,False
2010-05-26,2010-05-25,2010-04-30,0.024778057176196036,0.65,1.0,0.0,0.0,2814417.2183499997,2814417.2183499997,2814417.2183499997,0,False
2010-05-27,2010-05-26,2010-04-30,0.024778057176196036,0.65,1.0,0.0,0.0,2814417.2183499997,2814417.2183499997,2814417.2183499997,0,False
2010-05-28,2010-05-27,2010-04-30,0.024778057176196036,0.65,1.0,0.0,0.0,2814417.2183499997,2814417.2183499997,2814417.2183499997,0,False
2010-05-31,2010-05-28,2010-04-30,0.024778057176196036,0.65,1.0,0.0,0.0,2814417.2183499997,2814417.2183499997,2814417.2183499997,0,False
2010-06-01,2010-05-31,2010-05-31,0.03183735218508997,0.7166666666666667,,0.0,0.0,2814417.2183499997,2814417.2183499997,2814417.2183499997,0,False
2010-06-02,2010-06-01,2010-05-31,0.03183735218508997,0.7166666666666667,,0.0,0.0,2814417.2183499997,2814417.2183499997,2814417.2183499997,0,False
2010-06-03,2010-06-02,2010-05-31,0.03183735218508997,0.7166666666666667,,0.0,0.0,2814417.2183499997,2814417.2183499997,2814417.2183499997,0,False
2010-06-04,2010-06-03,2010-05-31,0.03183735218508997,0.7166666666666667,,0.0,0.0,2814417.2183499997,2814417.2183499997,2814417.2183499997,0,False
2010-06-07,2010-06-04,2010-05-31,0.03183735218508997,0.7166666666666667,,0.0,0.0,2814417.2183499997,2814417.2183499997,2814417.2183499997,0,False
2010-06-08,2010-06-07,2010-05-31,0.03183735218508997,0.7166666666666667,,0.0,0.0,2814417.2183499997,2814417.2183499997,2814417.2183499997,0,False
2010-06-09,2010-06-08,2010-05-31,0.03183735218508997,0.7166666666666667,,0.0,0.0,2814417.2183499997,2814417.2183499997,2814417.2183499997,0,False
2010-06-10,2010-06-09,2010-05-31,0.03183735218508997,0.7166666666666667,,0.0,0.0,2814417.2183499997,2814417.2183499997,2814417.2183499997,0,False
2010-06-11,2010-06-10,2010-05-31,0.03183735218508997,0.7166666666666667,,0.0,0.0,2814417.2183499997,2814417.2183499997,2814417.2183499997,0,False
2010-06-17,2010-06-11,2010-05-31,0.03183735218508997,0.7166666666666667,,0.0,0.0,2814417.2183499997,2814417.2183499997,2814417.2183499997,0,False
2010-06-18,2010-06-17,2010-05-31,0.03183735218508997,0.7166666666666667,,0.0,0.0,2814417.2183499997,2814417.2183499997,2814417.2183499997,0,False
2010-06-21,2010-06-18,2010-05-31,0.03183735218508997,0.7166666666666667,,0.0,0.0,2814417.2183499997,2814417.2183499997,2814417.2183499997,0,False
2010-06-22,2010-06-21,2010-05-31,0.03183735218508997,0.7166666666666667,,0.0,0.0,2814417.2183499997,2814417.2183499997,2814417.2183499997,0,False
2010-06-23,2010-06-22,2010-05-31,0.03183735218508997,0.7166666666666667,,0.0,0.0,2814417.2183499997,2814417.2183499997,2814417.2183499997,0,False
2010-06-24,2010-06-23,2010-05-31,0.03183735218508997,0.7166666666666667,,0.0,0.0,2814417.2183499997,2814417.2183499997,2814417.2183499997,0,False
2010-06-25,2010-06-24,2010-05-31,0.03183735218508997,0.7166666666666667,,0.0,0.0,2814417.2183499997,2814417.2183499997,2814417.2183499997,0,False
2010-06-28,2010-06-25,2010-05-31,0.03183735218508997,0.7166666666666667,,0.0,0.0,2814417.2183499997,2814417.2183499997,2814417.2183499997,0,False
2010-06-29,2010-06-28,2010-05-31,0.03183735218508997,0.7166666666666667,,0.0,0.0,2814417.2183499997,2814417.2183499997,2814417.2183499997,0,False
2010-06-30,2010-06-29,2010-05-31,0.03183735218508997,0.7166666666666667,,0.0,0.0,2814417.2183499997,2814417.2183499997,2814417.2183499997,0,False
2010-07-01,2010-06-30,2010-06-30,0.03612798759476224,0.75,,0.0,0.0,2814417.2183499997,2814417.2183499997,2814417.2183499997,0,False
2010-07-02,2010-07-01,2010-06-30,0.03612798759476224,0.75,,0.0,0.0,2814417.2183499997,2814417.2183499997,2814417.2183499997,0,False
2010-07-05,2010-07-02,2010-06-30,0.03612798759476224,0.75,,0.0,0.0,2814417.2183499997,2814417.2183499997,2814417.2183499997,0,False
2010-07-06,2010-07-05,2010-06-30,0.03612798759476224,0.75,,0.0,0.0,2814417.2183499997,2814417.2183499997,2814417.2183499997,0,False
2010-07-07,2010-07-06,2010-06-30,0.03612798759476224,0.75,,0.0,0.0,2814417.2183499997,2814417.2183499997,2814417.2183499997,0,False
2010-07-08,2010-07-07,2010-06-30,0.03612798759476224,0.75,,0.0,0.0,2814417.2183499997,2814417.2183499997,2814417.2183499997,0,False
2010-07-09,2010-07-08,2010-06-30,0.03612798759476224,0.75,,0.0,0.0,2814417.2183499997,2814417.2183499997,2814417.2183499997,0,False
2010-07-12,2010-07-09,2010-06-30,0.03612798759476224,0.75,,0.0,0.0,2814417.2183499997,2814417.2183499997,2814417.2183499997,0,False
2010-07-13,2010-07-12,2010-06-30,0.03612798759476224,0.75,,0.0,0.0,2814417.2183499997,2814417.2183499997,2814417.2183499997,0,False
2010-07-14,2010-07-13,2010-06-30,0.03612798759476224,0.75,,0.0,0.0,2814417.2183499997,2814417.2183499997,2814417.2183499997,0,False
2010-07-15,2010-07-14,2010-06-30,0.03612798759476224,0.75,,0.0,0.0,2814417.2183499997,2814417.2183499997,2814417.2183499997,0,False
2010-07-16,2010-07-15,2010-06-30,0.03612798759476224,0.75,,0.0,0.0,2814417.2183499997,2814417.2183499997,2814417.2183499997,0,False
2010-07-19,2010-07-16,2010-06-30,0.03612798759476224,0.75,,0.0,0.0,2814417.2183499997,2814417.2183499997,2814417.2183499997,0,False
2010-07-20,2010-07-19,2010-06-30,0.03612798759476224,0.75,,0.0,0.0,2814417.2183499997,2814417.2183499997,2814417.2183499997,0,False
2010-07-21,2010-07-20,2010-06-30,0.03612798759476224,0.75,,0.0,0.0,2814417.2183499997,2814417.2183499997,2814417.2183499997,0,False
2010-07-22,2010-07-21,2010-06-30,0.03612798759476224,0.75,,0.0,0.0,2814417.2183499997,2814417.2183499997,2814417.2183499997,0,False
2010-07-23,2010-07-22,2010-06-30,0.03612798759476224,0.75,,0.0,0.0,2814417.2183499997,2814417.2183499997,2814417.2183499997,0,False
2010-07-26,2010-07-23,2010-06-30,0.03612798759476224,0.75,,0.0,0.0,2814417.2183499997,2814417.2183499997,2814417.2183499997,0,False
2010-07-27,2010-07-26,2010-06-30,0.03612798759476224,0.75,,0.0,0.0,2814417.2183499997,2814417.2183499997,2814417.2183499997,0,False
2010-07-28,2010-07-27,2010-06-30,0.03612798759476224,0.75,,0.04995058000451408,0.0,2673820.75444,2814401.75444,2814401.75444,0,False
2010-07-29,2010-07-28,2010-06-30,0.03612798759476224,0.75,,0.09936279313462446,0.0,2534022.3783099996,2813588.3783099996,2813588.3783099996,0,False
2010-07-30,2010-07-29,2010-06-30,0.03612798759476224,0.75,,0.1489172697813288,0.0,2394357.0168099995,2813307.0168099995,2813307.0168099995,0,False
2010-08-02,2010-07-30,2010-07-30,0.02993666205160478,0.7166666666666667,1.0,0.2016460183977412,0.0,2253647.5404699994,2822867.5404699994,2822867.5404699994,0,False
2010-08-03,2010-08-02,2010-07-30,0.02993666205160478,0.7166666666666667,1.0,0.24923996705644066,0.0,2112918.0619299994,2814372.0619299994,2814372.0619299994,0,False
2010-08-04,2010-08-03,2010-07-30,0.02993666205160478,0.7166666666666667,1.0,0.29971154064102823,0.0,1972718.6416899995,2817008.6416899995,2817008.6416899995,0,False
2010-08-05,2010-08-04,2010-07-30,0.02993666205160478,0.7166666666666667,1.0,0.4052803508451241,0.0,1690441.5946299995,2842417.5946299993,2842417.5946299993,0,False
2010-08-06,2010-08-05,2010-07-30,0.02993666205160478,0.7166666666666667,1.0,0.5072602891184185,0.0,1406175.3287799996,2853789.3287799996,2853789.3287799996,0,False
2010-08-09,2010-08-06,2010-07-30,0.02993666205160478,0.7166666666666667,1.0,0.6104712591543512,0.0,1120385.8953999996,2876259.8954,2876259.8954,0,False
2010-08-10,2010-08-09,2010-07-30,0.02993666205160478,0.7166666666666667,1.0,0.7002098445205476,0.0,840881.1532599996,2804899.1532599996,2804899.1532599996,0,False
2010-08-11,2010-08-10,2010-07-30,0.02993666205160478,0.7166666666666667,1.0,0.8049731682492828,0.0,557132.9443899996,2856698.94439,2856698.94439,0,False
2010-08-12,2010-08-11,2010-07-30,0.02993666205160478,0.7166666666666667,1.0,0.8767016719073459,0.0,344435.55024999956,2793513.5502499994,2793513.5502499994,0,False
2010-08-13,2010-08-12,2010-07-30,0.02993666205160478,0.7166666666666667,1.0,0.9551473493028898,0.0,126700.60203999955,2824818.60204,2824818.60204,0,False
2010-08-16,2010-08-13,2010-07-30,0.02993666205160478,0.7166666666666667,1.0,0.9996427523998185,0.0,1043.78130999954,2921730.7813099995,2921730.7813099995,0,False
2010-08-17,2010-08-16,2010-07-30,0.02993666205160478,0.7166666666666667,1.0,0.999645719198955,0.0,1043.78130999954,2946197.7813099995,2946197.7813099995,0,False
2010-08-18,2010-08-17,2010-07-30,0.02993666205160478,0.7166666666666667,1.0,0.9996500032235485,0.0,1043.78130999954,2982259.7813099995,2982259.7813099995,0,False
2010-08-19,2010-08-18,2010-07-30,0.02993666205160478,0.7166666666666667,1.0,0.9996522973713177,0.0,1043.78130999954,3001936.7813099995,3001936.7813099995,0,False
2010-08-20,2010-08-19,2010-07-30,0.02993666205160478,0.7166666666666667,1.0,0.9996477935627799,0.0,1043.78130999954,2963549.7813099995,2963549.7813099995,0,False
2010-08-23,2010-08-20,2010-07-30,0.02993666205160478,0.7166666666666667,1.0,0.9996500181275814,0.0,1043.78130999954,2982386.7813099995,2982386.7813099995,0,False
2010-08-24,2010-08-23,2010-07-30,0.02993666205160478,0.7166666666666667,1.0,0.9996535068908895,0.0,1043.78130999954,3012415.7813099995,3012415.7813099995,0,False
2010-08-25,2010-08-24,2010-07-30,0.02993666205160478,0.7166666666666667,1.0,0.9996390997078568,0.0,1043.78130999954,2892159.7813099995,2892159.7813099995,0,False
2010-08-26,2010-08-25,2010-07-30,0.02993666205160478,0.7166666666666667,1.0,0.999639846747966,0.0,1043.78130999954,2898158.7813099995,2898158.7813099995,0,False
2010-08-27,2010-08-26,2010-07-30,0.02993666205160478,0.7166666666666667,1.0,0.999644821547489,0.0,1043.78130999954,2938751.7813099995,2938751.7813099995,0,False
2010-08-30,2010-08-27,2010-07-30,0.02993666205160478,0.7166666666666667,1.0,0.9996506224886897,0.0,1043.78130999954,2987545.7813099995,2987545.7813099995,0,False
2010-08-31,2010-08-30,2010-07-30,0.02993666205160478,0.7166666666666667,1.0,0.9996487925938919,0.0,1043.78130999954,2971979.7813099995,2971979.7813099995,0,False
2010-09-01,2010-08-31,2010-08-31,0.035726210884353744,0.7666666666666667,,1.0083049658545167,24537.47445000046,0.0,2954554.5255499994,2954554.5255499994,0,False
2010-09-02,2010-09-01,2010-08-31,0.035726210884353744,0.7666666666666667,,1.0316050039000408,97397.84085850936,0.0,3081722.1591414907,3081722.1591414907,0,False
2010-09-03,2010-09-02,2010-08-31,0.035726210884353744,0.7666666666666667,,1.0312157296468945,97407.1803774958,0.0,3120451.819622504,3120451.819622504,0,False
2010-09-06,2010-09-03,2010-08-31,0.035726210884353744,0.7666666666666667,,1.080574633572149,252432.24942116602,0.0,3132899.7505788337,3132899.7505788337,0,False
2010-09-07,2010-09-06,2010-08-31,0.035726210884353744,0.7666666666666667,,1.12969012615412,409357.7124933023,0.0,3156429.2875066977,3156429.2875066977,0,False
2010-09-08,2010-09-07,2010-08-31,0.035726210884353744,0.7666666666666667,,1.1797257156299703,566934.2931725825,0.0,3154441.7068274175,3154441.7068274175,0,False
2010-09-09,2010-09-08,2010-08-31,0.035726210884353744,0.7666666666666667,,1.1822422984775964,566988.6567349415,0.0,3111180.3432650585,3111180.3432650585,0,False
2010-09-10,2010-09-09,2010-08-31,0.035726210884353744,0.7666666666666667,,1.2325748659283065,721680.0337102449,0.0,3103000.966289755,3103000.966289755,0,False
2010-09-13,2010-09-10,2010-08-31,0.035726210884353744,0.7666666666666667,,1.2793472697456665,878243.837585285,0.0,3143914.162414715,3143914.162414715,0,False
2010-09-14,2010-09-13,2010-08-31,0.035726210884353744,0.7666666666666667,,1.2711366095423118,878328.0527477931,0.0,3239429.947252207,3239429.947252207,0,False
2010-09-15,2010-09-14,2010-08-31,0.035726210884353744,0.7666666666666667,,1.2844497346403012,878412.2759857279,0.0,3088110.724014272,3088110.724014272,0,False
2010-09-16,2010-09-15,2010-08-31,0.035726210884353744,0.7666666666666667,,1.3462318122182273,1026776.8163398635,0.0,2965576.1836601365,2965576.1836601365,0,False
2010-09-17,2010-09-16,2010-08-31,0.035726210884353744,0.7666666666666667,,1.3927993867567092,1175046.5714407454,0.0,2991467.428559255,2991467.428559255,0,False
2010-09-20,2010-09-17,2010-08-31,0.035726210884353744,0.7666666666666667,,1.451549993241823,1321005.6150866393,0.0,2925491.3849133607,2925491.3849133607,0,False
2010-09-21,2010-09-20,2010-08-31,0.035726210884353744,0.7666666666666667,,1.4961877022681525,1467864.4256179489,0.0,2958284.574382051,2958284.574382051,0,False
2010-09-27,2010-09-21,2010-08-31,0.035726210884353744,0.7666666666666667,,1.525087320999443,1621584.7648459757,0.0,3088219.2351540243,3088219.2351540243,0,False
2010-09-28,2010-09-27,2010-08-31,0.035726210884353744,0.7666666666666667,,1.601224518837866,1768351.3847254813,0.0,2941249.6152745187,2941249.6152745187,0,False
2010-09-29,2010-09-28,2010-08-31,0.035726210884353744,0.7666666666666667,,1.6512076522904156,1870274.1442864824,0.0,2872008.8557135174,2872008.8557135174,0,False
2010-09-30,2010-09-29,2010-08-31,0.035726210884353744,0.7666666666666667,,1.6633059853928163,1982599.820382784,0.0,2988967.179617216,2988967.179617216,0,False
2010-10-08,2010-09-30,2010-09-30,0.03484421088435375,0.7666666666666667,,1.6423088598054765,2001695.8945751323,0.0,3116407.105424868,3116407.105424868,0,False
2010-10-11,2010-10-08,2010-09-30,0.03484421088435375,0.7666666666666667,,1.6209863985252808,2016524.867380969,0.0,3247293.132619031,3247293.132619031,0,False
2010-10-12,2010-10-11,2010-09-30,0.03484421088435375,0.7666666666666667,,1.6124653965637676,2106498.107479211,0.0,3439374.892520789,3439374.892520789,0,False
2010-10-13,2010-10-12,2010-09-30,0.03484421088435375,0.7666666666666667,,1.6040715575784654,2106700.100448421,0.0,3487500.899551579,3487500.899551579,0,False
2010-10-14,2010-10-13,2010-09-30,0.03484421088435375,0.7666666666666667,,1.635411777544553,2106902.11278682,0.0,3315805.88721318,3315805.88721318,0,False
2010-10-15,2010-10-14,2010-09-30,0.03484421088435375,0.7666666666666667,,1.6211890255909434,2107104.1444962653,0.0,3392049.8555037347,3392049.8555037347,0,False
2010-10-18,2010-10-15,2010-09-30,0.03484421088435375,0.7666666666666667,,1.609231083822344,2107710.297743312,0.0,3459623.702256688,3459623.702256688,0,False
2010-10-19,2010-10-18,2010-09-30,0.03484421088435375,0.7666666666666667,,1.5828079579596703,2107912.406949945,0.0,3616821.593050055,3616821.593050055,0,False
2010-10-20,2010-10-19,2010-09-30,0.03484421088435375,0.7666666666666667,,1.5739940520606885,2108114.5355369127,0.0,3672711.4644630873,3672711.4644630873,0,False
2010-10-21,2010-10-20,2010-09-30,0.03484421088435375,0.7666666666666667,,1.5690627241869544,2108316.683506074,0.0,3704893.316493926,3704893.316493926,0,False
2010-10-22,2010-10-21,2010-09-30,0.03484421088435375,0.7666666666666667,,1.5667934737819837,2108518.8508592867,0.0,3720083.1491407133,3720083.1491407133,0,False
2010-10-25,2010-10-22,2010-09-30,0.03484421088435375,0.7666666666666667,,1.548949688527234,2109125.411076657,0.0,3842110.588923343,3842110.588923343,0,False
2010-10-26,2010-10-25,2010-09-30,0.03484421088435375,0.7666666666666667,,1.554569403930605,2109327.655979089,0.0,3803541.344020911,3803541.344020911,0,False
2010-10-27,2010-10-26,2010-09-30,0.03484421088435375,0.7666666666666667,,1.5524708614649647,2109529.9202748677,0.0,3818355.0797251323,3818355.0797251323,0,False
2010-10-28,2010-10-27,2010-09-30,0.03484421088435375,0.7666666666666667,,1.565488929700884,2109732.203965853,0.0,3730810.796034147,3730810.796034147,0,False
2010-10-29,2010-10-28,2010-09-30,0.03484421088435375,0.7666666666666667,,1.5620497581362358,2109934.5070539047,0.0,3753999.4929460953,3753999.4929460953,0,False
2010-11-01,2010-10-29,2010-10-29,0.025600972534332085,0.6833333333333333,1.0,0.9994387866228658,0.0,2208.961085162591,3936044.961085163,3936044.961085163,3,False
2010-11-02,2010-11-01,2010-10-29,0.025600972534332085,0.6833333333333333,1.0,0.9994365319173455,0.0,2208.961085162591,3920294.9610851626,3920294.9610851626,0,False
2010-11-03,2010-11-02,2010-10-29,0.025600972534332085,0.6833333333333333,1.0,0.9994154766442135,0.0,2208.961085162591,3779080.961085162,3779080.961085162,0,False
2010-11-04,2010-11-03,2010-10-29,0.025600972534332085,0.6833333333333333,1.0,0.999421646786308,0.0,2208.961085162591,3819397.9610851626,3819397.9610851626,0,False
2010-11-05,2010-11-04,2010-10-29,0.025600972534332085,0.6833333333333333,1.0,0.9994198231945743,0.0,2208.961085162591,3807392.961085162,3807392.961085162,0,False
2010-11-08,2010-11-05,2010-10-29,0.025600972534332085,0.6833333333333333,1.0,0.9994494101165285,0.0,2208.961085162591,4011989.9610851626,4011989.9610851626,0,False
2010-11-09,2010-11-08,2010-10-29,0.025600972534332085,0.6833333333333333,1.0,0.9994455300610732,0.0,2208.961085162591,3983914.9610851626,3983914.9610851626,0,False
2010-11-10,2010-11-09,2010-10-29,0.025600972534332085,0.6833333333333333,1.0,0.9994450249449828,0.0,2208.961085162591,3980288.9610851626,3980288.9610851626,0,False
2010-11-11,2010-11-10,2010-10-29,0.025600972534332085,0.6833333333333333,1.0,0.999441153458595,0.0,2208.961085162591,3952714.9610851626,3952714.9610851626,0,False
2010-11-12,2010-11-11,2010-10-29,0.025600972534332085,0.6833333333333333,1.0,0.9994003113037746,0.0,2208.961085162591,3683512.961085163,3683512.961085163,0,False
2010-11-15,2010-11-12,2010-10-29,0.025600972534332085,0.6833333333333333,1.0,0.9997399210543655,0.0,979.9488451625912,3767889.9488451625,3767889.9488451625,0,False
2010-11-16,2010-11-15,2010-10-29,0.025600972534332085,0.6833333333333333,1.0,0.9997227654124039,0.0,979.9488451625912,3534727.9488451625,3534727.9488451625,0,False
2010-11-17,2010-11-16,2010-10-29,0.025600972534332085,0.6833333333333333,1.0,0.9997089945682935,0.0,979.9488451625912,3367458.9488451625,3367458.9488451625,0,False
2010-11-18,2010-11-17,2010-10-29,0.025600972534332085,0.6833333333333333,1.0,0.9997148420914602,0.0,979.9488451625912,3436512.9488451625,3436512.9488451625,0,False
2010-11-19,2010-11-18,2010-10-29,0.025600972534332085,0.6833333333333333,1.0,0.9997183479556971,0.0,979.9488451625912,3479288.9488451625,3479288.9488451625,0,False
2010-11-22,2010-11-19,2010-10-29,0.025600972534332085,0.6833333333333333,1.0,0.9997177933224691,0.0,979.9488451625912,3472450.9488451625,3472450.9488451625,0,False
2010-11-23,2010-11-22,2010-10-29,0.025600972534332085,0.6833333333333333,1.0,0.9997093754270537,0.0,979.9488451625912,3371871.9488451625,3371871.9488451625,0,False
2010-11-24,2010-11-23,2010-10-29,0.025600972534332085,0.6833333333333333,1.0,0.99971866807659,0.0,979.9488451625912,3483247.9488451625,3483247.9488451625,0,False
2010-11-25,2010-11-24,2010-10-29,0.025600972534332085,0.6833333333333333,1.0,0.9997252241266876,0.0,979.9488451625912,3566356.9488451625,3566356.9488451625,0,False
2010-11-26,2010-11-25,2010-10-29,0.025600972534332085,0.6833333333333333,1.0,0.9997213833358595,0.0,979.9488451625912,3517193.9488451625,3517193.9488451625,0,False
2010-11-29,2010-11-26,2010-10-29,0.025600972534332085,0.6833333333333333,1.0,0.9997178913814792,0.0,979.9488451625912,3473657.9488451625,3473657.9488451625,0,False
2010-11-30,2010-11-29,2010-10-29,0.025600972534332085,0.6833333333333333,1.0,0.999715175938978,0.0,979.9488451625912,3440540.9488451625,3440540.9488451625,0,False
2010-12-01,2010-11-30,2010-11-30,0.027766383265856946,0.7333333333333333,1.0,0.9997125267547804,0.0,979.9488451625912,3408834.9488451625,3408834.9488451625,0,False
2010-12-02,2010-12-01,2010-11-30,0.027766383265856946,0.7333333333333333,1.0,0.9997152198080974,0.0,979.9488451625912,3441070.9488451625,3441070.9488451625,0,False
2010-12-03,2010-12-02,2010-11-30,0.027766383265856946,0.7333333333333333,1.0,0.9997149435384961,0.0,979.9488451625912,3437735.9488451625,3437735.9488451625,0,False
2010-12-06,2010-12-03,2010-11-30,0.027766383265856946,0.7333333333333333,1.0,0.999712161640868,0.0,979.9488451625912,3404510.9488451625,3404510.9488451625,0,False
2010-12-07,2010-12-06,2010-11-30,0.027766383265856946,0.7333333333333333,1.0,0.9997142224725649,0.0,979.9488451625912,3429061.948845162,3429061.948845162,0,False
2010-12-08,2010-12-07,2010-11-30,0.027766383265856946,0.7333333333333333,1.0,0.9997127828950781,0.0,979.9488451625912,3411874.9488451625,3411874.9488451625,0,False
2010-12-09,2010-12-08,2010-11-30,0.027766383265856946,0.7333333333333333,1.0,0.9997039786260492,0.0,979.9488451625912,3310398.9488451625,3310398.9488451625,0,False
2010-12-10,2010-12-09,2010-11-30,0.027766383265856946,0.7333333333333333,1.0,0.9997097238233466,0.0,979.9488451625912,3375918.9488451625,3375918.9488451625,0,False
2010-12-13,2010-12-10,2010-11-30,0.027766383265856946,0.7333333333333333,1.0,0.9997173916018764,0.0,979.9488451625912,3467514.9488451625,3467514.9488451625,0,False
2010-12-14,2010-12-13,2010-11-30,0.027766383265856946,0.7333333333333333,1.0,0.999721240516158,0.0,979.9488451625912,3515391.9488451625,3515391.9488451625,0,False
2010-12-15,2010-12-14,2010-11-30,0.027766383265856946,0.7333333333333333,1.0,0.9997195953665848,0.0,979.9488451625912,3494766.9488451625,3494766.9488451625,0,False
2010-12-16,2010-12-15,2010-11-30,0.027766383265856946,0.7333333333333333,1.0,0.9997167315299599,0.0,979.9488451625912,3459434.9488451625,3459434.9488451625,0,False
2010-12-17,2010-12-16,2010-11-30,0.027766383265856946,0.7333333333333333,1.0,0.9997167491336835,0.0,979.9488451625912,3459649.9488451625,3459649.9488451625,0,False
2010-12-20,2010-12-17,2010-11-30,0.027766383265856946,0.7333333333333333,1.0,0.9997111057738404,0.0,979.9488451625912,3392067.9488451625,3392067.9488451625,0,False
2010-12-21,2010-12-20,2010-11-30,0.027766383265856946,0.7333333333333333,1.0,0.9997162970491109,0.0,979.9488451625912,3454136.9488451625,3454136.9488451625,0,False
2010-12-22,2010-12-21,2010-11-30,0.027766383265856946,0.7333333333333333,1.0,0.9997168237819035,0.0,979.9488451625912,3460561.9488451625,3460561.9488451625,0,False
2010-12-23,2010-12-22,2010-11-30,0.027766383265856946,0.7333333333333333,1.0,0.9997161189524577,0.0,979.9488451625912,3451969.9488451625,3451969.9488451625,0,False
2010-12-24,2010-12-23,2010-11-30,0.027766383265856946,0.7333333333333333,1.0,0.99971716811059,0.0,979.9488451625912,3464774.948845162,3464774.948845162,0,False
2010-12-27,2010-12-24,2010-11-30,0.027766383265856946,0.7333333333333333,1.0,0.9997087012331309,0.0,979.9488451625912,3364067.9488451625,3364067.9488451625,0,False
2010-12-28,2010-12-27,2010-11-30,0.027766383265856946,0.7333333333333333,1.0,0.9996973018735376,0.0,979.9488451625912,3237379.9488451625,3237379.9488451625,0,False
2010-12-29,2010-12-28,2010-11-30,0.027766383265856946,0.7333333333333333,1.0,0.9996987070906299,0.0,979.9488451625912,3252478.9488451625,3252478.9488451625,0,False
2010-12-30,2010-12-29,2010-11-30,0.027766383265856946,0.7333333333333333,1.0,0.9996995617172196,0.0,979.9488451625912,3261730.9488451625,3261730.9488451625,0,False
2010-12-31,2010-12-30,2010-11-30,0.027766383265856946,0.7333333333333333,1.0,0.999705961768173,0.0,979.9488451625912,3332725.9488451625,3332725.9488451625,0,False
2011-01-04,2010-12-31,2010-12-31,0.027912140760507007,0.75,1.0,0.9997089599974189,0.0,979.9488451625912,3367058.9488451625,3367058.9488451625,0,False
2011-01-05,2011-01-04,2010-12-31,0.027912140760507007,0.75,1.0,0.9997104680823231,0.0,979.9488451625912,3384596.9488451625,3384596.9488451625,0,False
2011-01-06,2011-01-05,2010-12-31,0.027912140760507007,0.75,1.0,0.9997147573448711,0.0,979.9488451625912,3435491.9488451625,3435491.9488451625,0,False
2011-01-07,2011-01-06,2010-12-31,0.027912140760507007,0.75,1.0,0.9997159048916786,0.0,979.9488451625912,3449368.9488451625,3449368.9488451625,0,False
2011-01-10,2011-01-07,2010-12-31,0.027912140760507007,0.75,1.0,0.9997130311843492,0.0,979.9488451625912,3414826.9488451625,3414826.9488451625,0,False
2011-01-11,2011-01-10,2010-12-31,0.027912140760507007,0.75,1.0,0.9997160305197089,0.0,979.9488451625912,3450894.948845163,3450894.948845163,0,False
2011-01-12,2011-01-11,2010-12-31,0.027912140760507007,0.75,1.0,0.9997163664355786,0.0,979.9488451625912,3454981.9488451625,3454981.9488451625,0,False
2011-01-13,2011-01-12,2010-12-31,0.027912140760507007,0.75,1.0,0.9997146550174537,0.0,979.9488451625912,3434259.948845162,3434259.948845162,0,False
2011-01-14,2011-01-13,2010-12-31,0.027912140760507007,0.75,1.0,0.9997119696776724,0.0,979.9488451625912,3402241.9488451625,3402241.9488451625,0,False
2011-01-17,2011-01-14,2010-12-31,0.027912140760507007,0.75,1.0,0.9997006723127067,0.0,979.9488451625912,3273832.9488451625,3273832.9488451625,0,False
2011-01-18,2011-01-17,2010-12-31,0.027912140760507007,0.75,1.0,0.9997024144676675,0.0,979.9488451625912,3292998.948845162,3292998.948845162,0,False
2011-01-19,2011-01-18,2010-12-31,0.027912140760507007,0.75,1.0,0.9997098234449999,0.0,979.9488451625912,3377077.9488451625,3377077.9488451625,0,False
2011-01-20,2011-01-19,2010-12-31,0.027912140760507007,0.75,1.0,0.9997056036580888,0.0,979.9488451625912,3328671.9488451625,3328671.9488451625,0,False
2011-01-21,2011-01-20,2010-12-31,0.027912140760507007,0.75,1.0,0.9997124514267344,0.0,979.9488451625912,3407941.948845163,3407941.948845163,0,False
2011-01-24,2011-01-21,2010-12-31,0.027912140760507007,0.75,1.0,0.9997138153616154,0.0,979.9488451625912,3424183.9488451625,3424183.9488451625,0,False
2011-01-25,2011-01-24,2010-12-31,0.027912140760507007,0.75,1.0,0.9997105409474578,0.0,979.9488451625912,3385448.9488451625,3385448.9488451625,0,False
2011-01-26,2011-01-25,2010-12-31,0.027912140760507007,0.75,1.0,0.9997149701532746,0.0,979.9488451625912,3438056.948845163,3438056.948845163,0,False
2011-01-27,2011-01-26,2010-12-31,0.027912140760507007,0.75,1.0,0.9997227760786995,0.0,979.9488451625912,3534863.9488451625,3534863.9488451625,0,False
2011-01-28,2011-01-27,2010-12-31,0.027912140760507007,0.75,1.0,0.9997244336720091,0.0,979.9488451625912,3556126.9488451625,3556126.9488451625,0,False
2011-01-31,2011-01-28,2010-12-31,0.027912140760507007,0.75,1.0,0.9997263141560323,0.0,979.9488451625912,3580560.9488451625,3580560.9488451625,0,False
2011-02-01,2011-01-31,2011-01-31,0.026346599467731213,0.7166666666666667,1.0,0.9997230585933102,0.0,979.9488451625912,3538469.9488451625,3538469.9488451625,0,False
2011-02-09,2011-02-01,2011-01-31,0.026346599467731213,0.7166666666666667,1.0,0.999727124575769,0.0,979.9488451625912,3591194.9488451625,3591194.9488451625,0,False
2011-02-10,2011-02-09,2011-01-31,0.026346599467731213,0.7166666666666667,1.0,0.9997432005903815,0.0,979.9488451625912,3816008.948845163,3816008.948845163,0,False
2011-02-11,2011-02-10,2011-01-31,0.026346599467731213,0.7166666666666667,1.0,0.9997418594260689,0.0,979.9488451625912,3796182.9488451625,3796182.9488451625,0,False
2011-02-14,2011-02-11,2011-01-31,0.026346599467731213,0.7166666666666667,1.0,0.9997477696764552,0.0,979.9488451625912,3885134.9488451625,3885134.9488451625,0,False
2011-02-15,2011-02-14,2011-01-31,0.026346599467731213,0.7166666666666667,1.0,0.9997450451337361,0.0,979.9488451625912,3843616.9488451625,3843616.9488451625,0,False
2011-02-16,2011-02-15,2011-01-31,0.026346599467731213,0.7166666666666667,1.0,0.9997537397431623,0.0,979.9488451625912,3979321.9488451625,3979321.9488451625,0,False
2011-02-17,2011-02-16,2011-01-31,0.026346599467731213,0.7166666666666667,1.0,0.9997574723794713,0.0,979.9488451625912,4040565.9488451625,4040565.9488451625,0,False
2011-02-18,2011-02-17,2011-01-31,0.026346599467731213,0.7166666666666667,1.0,0.9997507267818079,0.0,979.9488451625912,3931223.9488451625,3931223.9488451625,0,False
2011-02-21,2011-02-18,2011-01-31,0.026346599467731213,0.7166666666666667,1.0,0.9997591650806821,0.0,979.9488451625912,4068964.9488451625,4068964.9488451625,0,False
2011-02-22,2011-02-21,2011-01-31,0.026346599467731213,0.7166666666666667,1.0,0.999757135422015,0.0,979.9488451625912,4034959.9488451625,4034959.9488451625,0,False
2011-02-23,2011-02-22,2011-01-31,0.026346599467731213,0.7166666666666667,1.0,0.999762431745305,0.0,979.9488451625912,4124914.9488451625,4124914.9488451625,0,False
2011-02-24,2011-02-23,2011-01-31,0.026346599467731213,0.7166666666666667,1.0,0.9997602971547195,0.0,979.9488451625912,4088181.948845162,4088181.948845162,0,False
2011-02-25,2011-02-24,2011-01-31,0.026346599467731213,0.7166666666666667,1.0,0.9997613957476632,0.0,979.9488451625912,4107004.9488451625,4107004.9488451625,0,False
2011-02-28,2011-02-25,2011-01-31,0.026346599467731213,0.7166666666666667,1.0,0.9997730204890334,0.0,979.9488451625912,4317344.948845163,4317344.948845163,0,False
2011-03-01,2011-02-28,2011-02-28,0.02541091909385114,0.6833333333333333,1.0,0.9997718163442895,0.0,979.9488451625912,4294561.948845162,4294561.948845162,0,False
2011-03-02,2011-03-01,2011-02-28,0.02541091909385114,0.6833333333333333,1.0,0.9997686884453151,0.0,979.9488451625912,4236488.948845163,4236488.948845163,0,False
2011-03-03,2011-03-02,2011-02-28,0.02541091909385114,0.6833333333333333,1.0,0.9997662451726822,0.0,979.9488451625912,4192207.9488451625,4192207.9488451625,0,False
2011-03-04,2011-03-03,2011-02-28,0.02541091909385114,0.6833333333333333,1.0,0.9997709320893017,0.0,979.9488451625912,4277983.948845163,4277983.948845163,0,False
2011-03-07,2011-03-04,2011-02-28,0.02541091909385114,0.6833333333333333,1.0,0.999773212641425,0.0,979.9488451625912,4321002.948845163,4321002.948845163,0,False
2011-03-08,2011-03-07,2011-02-28,0.02541091909385114,0.6833333333333333,1.0,0.9997725455967059,0.0,979.9488451625912,4308330.948845163,4308330.948845163,0,False
2011-03-09,2011-03-08,2011-02-28,0.02541091909385114,0.6833333333333333,1.0,0.9997719289840954,0.0,979.9488451625912,4296682.948845163,4296682.948845163,0,False
2011-03-10,2011-03-09,2011-02-28,0.02541091909385114,0.6833333333333333,1.0,0.9997645065849776,0.0,979.9488451625912,4161257.9488451625,4161257.9488451625,0,False
2011-03-11,2011-03-10,2011-02-28,0.02541091909385114,0.6833333333333333,1.0,0.999762648272085,0.0,979.9488451625912,4128677.9488451625,4128677.9488451625,0,False
2011-03-14,2011-03-11,2011-02-28,0.02541091909385114,0.6833333333333333,1.0,0.999771216919423,0.0,979.9488451625912,4283309.948845163,4283309.948845163,0,False
2011-03-15,2011-03-14,2011-02-28,0.02541091909385114,0.6833333333333333,1.0,0.9997670343380588,0.0,979.9488451625912,4206408.948845163,4206408.948845163,0,False
2011-03-16,2011-03-15,2011-02-28,0.02541091909385114,0.6833333333333333,1.0,0.9997725302853898,0.0,979.9488451625912,4308040.948845163,4308040.948845163,0,False
2011-03-17,2011-03-16,2011-02-28,0.02541091909385114,0.6833333333333333,1.0,0.9997679504749607,0.0,979.9488451625912,4223015.948845162,4223015.948845162,0,False
2011-03-18,2011-03-17,2011-02-28,0.02541091909385114,0.6833333333333333,1.0,0.9997683757120722,0.0,979.9488451625912,4230768.948845163,4230768.948845163,0,False
2011-03-21,2011-03-18,2011-02-28,0.02541091909385114,0.6833333333333333,1.0,0.999764198151933,0.0,979.9488451625912,4155814.9488451625,4155814.9488451625,0,False
2011-03-22,2011-03-21,2011-02-28,0.02541091909385114,0.6833333333333333,1.0,0.9997675461730637,0.0,979.9488451625912,4215670.948845163,4215670.948845163,0,False
2011-03-23,2011-03-22,2011-02-28,0.02541091909385114,0.6833333333333333,1.0,0.9997717139107236,0.0,979.9488451625912,4292634.948845163,4292634.948845163,0,False
2011-03-24,2011-03-23,2011-02-28,0.02541091909385114,0.6833333333333333,1.0,0.9997739779564592,0.0,979.9488451625912,4335633.948845163,4335633.948845163,0,False
2011-03-25,2011-03-24,2011-02-28,0.02541091909385114,0.6833333333333333,1.0,0.9997762091885056,0.0,979.9488451625912,4378860.948845163,4378860.948845163,0,False
2011-03-28,2011-03-25,2011-02-28,0.02541091909385114,0.6833333333333333,1.0,0.99977645265303,0.0,979.9488451625912,4383629.948845163,4383629.948845163,0,False
2011-03-29,2011-03-28,2011-02-28,0.02541091909385114,0.6833333333333333,1.0,0.9997731935878098,0.0,979.9488451625912,4320639.948845163,4320639.948845163,0,False
2011-03-30,2011-03-29,2011-02-28,0.02541091909385114,0.6833333333333333,1.0,0.9997703006015126,0.0,979.9488451625912,4266222.948845163,4266222.948845163,0,False
2011-03-31,2011-03-30,2011-02-28,0.02541091909385114,0.6833333333333333,1.0,0.9997770704232871,0.0,918.1649251625786,4118632.1649251627,4118632.1649251627,0,False
2011-04-01,2011-03-31,2011-03-31,0.027457896138482027,0.7666666666666667,1.0,0.9997802377580143,0.0,918.1649251625786,4177992.1649251627,4177992.1649251627,0,False
2011-04-06,2011-04-01,2011-03-31,0.027457896138482027,0.7666666666666667,1.0,0.999778385485791,0.0,918.1649251625786,4143072.1649251627,4143072.1649251627,0,False
2011-04-07,2011-04-06,2011-03-31,0.027457896138482027,0.7666666666666667,1.0,0.9997833472340366,0.0,918.1649251625786,4237956.164925163,4237956.164925163,0,False
2011-04-08,2011-04-07,2011-03-31,0.027457896138482027,0.7666666666666667,1.0,0.9997870442010255,0.0,918.1649251625786,4311528.164925163,4311528.164925163,0,False
2011-04-11,2011-04-08,2011-03-31,0.027457896138482027,0.7666666666666667,1.0,0.9997817297098182,0.0,918.1649251625786,4206550.164925163,4206550.164925163,0,False
2011-04-12,2011-04-11,2011-03-31,0.027457896138482027,0.7666666666666667,1.0,0.9997813598998191,0.0,918.1649251625786,4199435.164925163,4199435.164925163,0,False
2011-04-13,2011-04-12,2011-03-31,0.027457896138482027,0.7666666666666667,1.0,0.9997850334052157,0.0,918.1649251625786,4271198.164925163,4271198.164925163,0,False
2011-04-14,2011-04-13,2011-03-31,0.027457896138482027,0.7666666666666667,1.0,0.9997846096540792,0.0,918.1649251625786,4262795.164925163,4262795.164925163,0,False
2011-04-15,2011-04-14,2011-03-31,0.027457896138482027,0.7666666666666667,1.0,0.9997835858639842,0.0,918.1649251625786,4242629.164925163,4242629.164925163,0,False
2011-04-18,2011-04-15,2011-03-31,0.027457896138482027,0.7666666666666667,1.0,0.9997904224533202,0.0,918.1649251625786,4381027.164925163,4381027.164925163,0,False
2011-04-19,2011-04-18,2011-03-31,0.027457896138482027,0.7666666666666667,1.0,0.9997878170409702,0.0,918.1649251625786,4327232.164925163,4327232.164925163,0,False
2011-04-20,2011-04-19,2011-03-31,0.027457896138482027,0.7666666666666667,1.0,0.9997842325110315,0.0,918.1649251625786,4255344.164925163,4255344.164925163,0,False
2011-04-21,2011-04-20,2011-03-31,0.027457896138482027,0.7666666666666667,1.0,0.9997839225118836,0.0,918.1649251625786,4249239.164925163,4249239.164925163,0,False
2011-04-22,2011-04-21,2011-03-31,0.027457896138482027,0.7666666666666667,1.0,0.9997805161846306,0.0,918.1649251625786,4183292.1649251627,4183292.1649251627,0,False
2011-04-25,2011-04-22,2011-03-31,0.027457896138482027,0.7666666666666667,1.0,0.9997755285772824,0.0,918.1649251625786,4090342.1649251627,4090342.1649251627,0,False
2011-04-26,2011-04-25,2011-03-31,0.027457896138482027,0.7666666666666667,1.0,0.9997711857781301,0.0,918.1649251625786,4012709.1649251627,4012709.1649251627,0,False
2011-04-27,2011-04-26,2011-03-31,0.027457896138482027,0.7666666666666667,1.0,0.9997665214545145,0.0,918.1649251625786,3932545.1649251627,3932545.1649251627,0,False
2011-04-28,2011-04-27,2011-03-31,0.027457896138482027,0.7666666666666667,1.0,0.9997591454805812,0.0,918.1649251625786,3812114.1649251627,3812114.1649251627,0,False
2011-04-29,2011-04-28,2011-03-31,0.027457896138482027,0.7666666666666667,1.0,0.9997635788643032,0.0,918.1649251625786,3883599.1649251627,3883599.1649251627,0,False
2011-05-03,2011-04-29,2011-04-29,0.03190846892655367,0.85,,0.9997675022791528,0.0,918.1649251625786,3949135.1649251627,3949135.1649251627,0,False
2011-05-04,2011-05-03,2011-04-29,0.03190846892655367,0.85,,0.999756676445996,0.0,918.1649251625786,3773432.1649251627,3773432.1649251627,0,False
2011-05-05,2011-05-04,2011-04-29,0.03190846892655367,0.85,,0.9997568188063812,0.0,918.1649251625786,3775641.1649251627,3775641.1649251627,0,False
2011-05-06,2011-05-05,2011-04-29,0.03190846892655367,0.85,,0.9997583537515004,0.0,918.1649251625786,3799624.1649251627,3799624.1649251627,0,False
2011-05-09,2011-05-06,2011-04-29,0.03190846892655367,0.85,,0.9997585261681599,0.0,918.1649251625786,3802337.1649251627,3802337.1649251627,0,False
2011-05-10,2011-05-09,2011-04-29,0.03190846892655367,0.85,,0.9997618864527111,0.0,918.1649251625786,3855996.1649251627,3855996.1649251627,0,False
2011-05-11,2011-05-10,2011-04-29,0.03190846892655367,0.85,,0.999762102325323,0.0,918.1649251625786,3859495.1649251627,3859495.1649251627,0,False
2011-05-12,2011-05-11,2011-04-29,0.03190846892655367,0.85,,0.9918606814142241,0.0,30958.16492516258,3803532.7649251623,3803532.7649251623,0,False
2011-05-13,2011-05-12,2011-04-29,0.03190846892655367,0.85,,0.9917271774571543,0.0,30958.16492516258,3742152.6649251627,3742152.6649251627,0,False
2011-05-16,2011-05-13,2011-04-29,0.03190846892655367,0.85,,0.9916445563870333,0.0,30958.16492516258,3705149.1649251627,3705149.1649251627,0,False
2011-05-17,2011-05-16,2011-04-29,0.03190846892655367,0.85,,0.9916891010122217,0.0,30958.16492516258,3725007.9649251625,3725007.9649251625,0,False
2011-05-18,2011-05-17,2011-04-29,0.03190846892655367,0.85,,0.991772720035716,0.0,30958.16492516258,3762867.5649251626,3762867.5649251626,0,False
2011-05-19,2011-05-18,2011-04-29,0.03190846892655367,0.85,,0.9917997906140011,0.0,30958.16492516258,3775289.564925163,3775289.564925163,0,False
2011-05-20,2011-05-19,2011-04-29,0.03190846892655367,0.85,,0.9917914731331466,0.0,30958.16492516258,3771464.1649251627,3771464.1649251627,0,False
2011-05-23,2011-05-20,2011-04-29,0.03190846892655367,0.85,,0.9914129937352882,0.0,30958.16492516258,3605233.7649251623,3605233.7649251623,0,False
2011-05-24,2011-05-23,2011-04-29,0.03190846892655367,0.85,,0.9914099763426116,0.0,30958.16492516258,3603967.364925163,3603967.364925163,0,False
2011-05-25,2011-05-24,2011-04-29,0.03190846892655367,0.85,,0.991364785536776,0.0,30958.16492516258,3585106.6649251627,3585106.6649251627,0,False
2011-05-26,2011-05-25,2011-04-29,0.03190846892655367,0.85,,0.9912903348128864,0.0,30958.16492516258,3554460.9649251625,3554460.9649251625,0,False
2011-05-27,2011-05-26,2011-04-29,0.03190846892655367,0.85,,0.9912864048880788,0.0,30958.16492516258,3552857.864925163,3552857.864925163,0,False
2011-05-30,2011-05-27,2011-04-29,0.03190846892655367,0.85,,0.9910996460469791,0.0,30958.16492516258,3478307.1649251627,3478307.1649251627,0,False
2011-05-31,2011-05-30,2011-04-29,0.03190846892655367,0.85,,0.9913638641354686,0.0,30958.16492516258,3584724.1649251627,3584724.1649251627,0,False
2011-06-01,2011-05-31,2011-05-31,0.0365953670411985,0.9166666666666666,,0.9914709094837897,0.0,30958.16492516258,3629714.6649251627,3629714.6649251627,0,False
2011-06-02,2011-06-01,2011-05-31,0.0365953670411985,0.9166666666666666,,0.9913660409758075,0.0,30958.16492516258,3585627.9649251625,3585627.9649251625,0,False
2011-06-03,2011-06-02,2011-05-31,0.0365953670411985,0.9166666666666666,,0.991471923770269,0.0,30958.16492516258,3630146.364925163,3630146.364925163,0,False
2011-06-07,2011-06-03,2011-05-31,0.0365953670411985,0.9166666666666666,,0.9915371774278239,0.0,30958.16492516258,3658137.0649251626,3658137.0649251626,0,False
2011-06-08,2011-06-07,2011-05-31,0.0365953670411985,0.9166666666666666,,0.9915062574626575,0.0,30958.16492516258,3644820.264925163,3644820.264925163,0,False
2011-06-09,2011-06-08,2011-05-31,0.0365953670411985,0.9166666666666666,,0.9912566549154056,0.0,30958.16492516258,3540768.9649251625,3540768.9649251625,0,False
2011-06-10,2011-06-09,2011-05-31,0.0365953670411985,0.9166666666666666,,0.9912835133422964,0.0,30958.16492516258,3551679.264925163,3551679.264925163,0,False
2011-06-13,2011-06-10,2011-05-31,0.0365953670411985,0.9166666666666666,,0.9912377404641246,0.0,30958.16492516258,3533125.764925163,3533125.764925163,0,False
2011-06-14,2011-06-13,2011-05-31,0.0365953670411985,0.9166666666666666,,0.991489740908648,0.0,30958.16492516258,3637746.4649251625,3637746.4649251625,0,False
2011-06-15,2011-06-14,2011-05-31,0.0365953670411985,0.9166666666666666,,0.9914718927602203,0.0,30958.16492516258,3630133.1649251627,3630133.1649251627,0,False
2011-06-16,2011-06-15,2011-05-31,0.0365953670411985,0.9166666666666666,,0.9913050292180305,0.0,30958.16492516258,3560467.9649251625,3560467.9649251625,0,False
2011-06-17,2011-06-16,2011-05-31,0.0365953670411985,0.9166666666666666,,0.9912566156528012,0.0,30958.16492516258,3540753.064925163,3540753.064925163,0,False
2011-06-20,2011-06-17,2011-05-31,0.0365953670411985,0.9166666666666666,,0.9911209421615574,0.0,30958.16492516258,3486649.764925163,3486649.764925163,0,False
2011-06-21,2011-06-20,2011-05-31,0.0365953670411985,0.9166666666666666,,0.991292654918975,0.0,30958.16492516258,3555408.0649251626,3555408.0649251626,0,False
2011-06-22,2011-06-21,2011-05-31,0.0365953670411985,0.9166666666666666,,0.9912681786630236,0.0,30958.16492516258,3545441.864925163,3545441.864925163,0,False
2011-06-23,2011-06-22,2011-05-31,0.0365953670411985,0.9166666666666666,,0.9914845137492015,0.0,30958.16492516258,3635513.4649251625,3635513.4649251625,0,False
2011-06-24,2011-06-23,2011-05-31,0.0365953670411985,0.9166666666666666,,0.9918787964423734,0.0,30958.16492516258,3812016.864925163,3812016.864925163,0,False
2011-06-27,2011-06-24,2011-05-31,0.0365953670411985,0.9166666666666666,,0.9918600196920656,0.0,30958.16492516258,3803223.5649251626,3803223.5649251626,0,False
2011-06-28,2011-06-27,2011-05-31,0.0365953670411985,0.9166666666666666,,0.9917980940902738,0.0,30958.16492516258,3774508.6649251627,3774508.6649251627,0,False
2011-06-29,2011-06-28,2011-05-31,0.0365953670411985,0.9166666666666666,,0.991681258186206,0.0,30958.16492516258,3721496.064925163,3721496.064925163,0,False
2011-06-30,2011-06-29,2011-05-31,0.0365953670411985,0.9166666666666666,,0.9918758758625039,0.0,30958.16492516258,3810646.4649251625,3810646.4649251625,0,False
2011-07-01,2011-06-30,2011-06-30,0.03560316381236038,0.8666666666666667,,0.991859575558808,0.0,30958.16492516258,3803016.064925163,3803016.064925163,0,False
2011-07-04,2011-07-01,2011-06-30,0.03560316381236038,0.8666666666666667,,0.9920919148671418,0.0,30958.16492516258,3914748.564925163,3914748.564925163,0,False
2011-07-05,2011-07-04,2011-06-30,0.03560316381236038,0.8666666666666667,,0.9920950619009354,0.0,30958.16492516258,3916307.0649251626,3916307.0649251626,0,False
2011-07-06,2011-07-05,2011-06-30,0.03560316381236038,0.8666666666666667,,0.992055529289565,0.0,30958.16492516258,3896819.0649251626,3896819.0649251626,0,False
2011-07-07,2011-07-06,2011-06-30,0.03560316381236038,0.8666666666666667,,0.9919334731593094,0.0,30958.16492516258,3837855.564925163,3837855.564925163,0,False
2011-07-08,2011-07-07,2011-06-30,0.03560316381236038,0.8666666666666667,,0.9919205265684675,0.0,30958.16492516258,3831705.764925163,3831705.764925163,0,False
2011-07-11,2011-07-08,2011-06-30,0.03560316381236038,0.8666666666666667,,0.9919230889502563,0.0,30958.16492516258,3832921.364925163,3832921.364925163,0,False
2011-07-12,2011-07-11,2011-06-30,0.03560316381236038,0.8666666666666667,,0.9917325771321651,0.0,30958.16492516258,3744596.764925163,3744596.764925163,0,False
2011-07-13,2011-07-12,2011-06-30,0.03560316381236038,0.8666666666666667,,0.9919687594225494,0.0,30958.16492516258,3854717.6649251627,3854717.6649251627,0,False
2011-07-14,2011-07-13,2011-06-30,0.03560316381236038,0.8666666666666667,,0.9920444765802848,0.0,30958.16492516258,3891405.1649251627,3891405.1649251627,0,False
2011-07-15,2011-07-14,2011-06-30,0.03560316381236038,0.8666666666666667,,0.9920667286084262,0.0,30958.16492516258,3902320.1649251627,3902320.1649251627,0,False
2011-07-18,2011-07-15,2011-06-30,0.03560316381236038,0.8666666666666667,,0.992098850564153,0.0,30958.16492516258,3918184.9649251625,3918184.9649251625,0,False
2011-07-19,2011-07-18,2011-06-30,0.03560316381236038,0.8666666666666667,,1.04193580859574,161386.99071483745,0.0,3848429.209285163,3848429.209285163,0,False
2011-07-20,2011-07-19,2011-06-30,0.03560316381236038,0.8666666666666667,,1.0914871347004735,355903.8589797005,0.0,3890206.6410202994,3890206.6410202994,0,False
2011-07-21,2011-07-20,2011-06-30,0.03560316381236038,0.8666666666666667,,1.1434385085454866,545294.8137069999,0.0,3801592.8862930005,3801592.8862930005,0,False
2011-07-22,2011-07-21,2011-06-30,0.03560316381236038,0.8666666666666667,,1.1953267155186371,731847.61505078,0.0,3746787.08494922,3746787.08494922,0,False
2011-07-25,2011-07-22,2011-06-30,0.03560316381236038,0.8666666666666667,,1.2550338189349326,909645.6790364794,0.0,3566764.92096352,3566764.92096352,0,False
2011-07-26,2011-07-25,2011-06-30,0.03560316381236038,0.8666666666666667,,1.2879601248076948,1038131.0275744692,0.0,3605120.7724255305,3605120.7724255305,0,False
2011-07-27,2011-07-26,2011-06-30,0.03560316381236038,0.8666666666666667,,1.285368768925555,1038230.5743853325,0.0,3638206.7256146674,3638206.7256146674,0,False
2011-07-28,2011-07-27,2011-06-30,0.03560316381236038,0.8666666666666667,,1.2883123406886663,1038330.1307417804,0.0,3601407.169258219,3601407.169258219,0,False
2011-07-29,2011-07-28,2011-06-30,0.03560316381236038,0.8666666666666667,,1.2961291980181329,1062984.9421447283,0.0,3589598.5578552717,3589598.5578552717,0,False
2011-08-01,2011-07-29,2011-07-29,0.035395534142640364,0.85,,1.2948757377241888,1063290.7323335644,0.0,3605894.267666436,3605894.267666436,0,False
2011-08-02,2011-08-01,2011-07-29,0.035395534142640364,0.85,,1.3014821060952821,1063392.6917188568,0.0,3527216.608281143,3527216.608281143,0,False
2011-08-03,2011-08-02,2011-07-29,0.035395534142640364,0.85,,1.3033184543542746,1063494.6608810765,0.0,3506198.3391189235,3506198.3391189235,0,False
2011-08-04,2011-08-03,2011-07-29,0.035395534142640364,0.85,,1.3019476599068052,1063596.639821161,0.0,3522453.6601788388,3522453.6601788388,0,False
2011-08-05,2011-08-04,2011-07-29,0.035395534142640364,0.85,,1.3074706198728585,1063698.628540048,0.0,3459513.0714599523,3459513.0714599523,0,False
2011-08-08,2011-08-05,2011-07-29,0.035395534142640364,0.85,,1.1218943330630453,1064004.6240359293,664652.31462,3276217.190584071,3276217.190584071,0,False
2011-08-09,2011-08-08,2011-07-29,0.035395534142640364,0.85,,1.1216693930801211,1064106.6518765902,664652.31462,3283112.7627434097,3283112.7627434097,0,False
2011-08-10,2011-08-09,2011-07-29,0.035395534142640364,0.85,,1.1200587029362539,1064208.6895007428,664652.31462,3328008.4251192575,3328008.4251192575,0,False
2011-08-11,2011-08-10,2011-07-29,0.035395534142640364,0.85,,1.1192176340854976,1064310.736909325,664652.31462,3352343.1777106747,3352343.1777106747,0,False
2011-08-12,2011-08-11,2011-07-29,0.035395534142640364,0.85,,1.1193897478786927,1064412.7941032753,664652.31462,3348365.2205167245,3348365.2205167245,0,False
2011-08-15,2011-08-12,2011-07-29,0.035395534142640364,0.85,,1.117866842599773,1064718.9950440447,664652.31462,3394225.8195759556,3394225.8195759556,0,False
2011-08-16,2011-08-15,2011-07-29,0.035395534142640364,0.85,,1.1185130580106883,1064821.0913860353,664652.31462,3376579.6232339647,3376579.6232339647,0,False
2011-08-17,2011-08-16,2011-07-29,0.035395534142640364,0.85,,1.1205914105361123,1064923.197518086,664652.31462,3319232.1171019142,3319232.1171019142,0,False
2011-08-18,2011-08-17,2011-07-29,0.035395534142640364,0.85,,1.122587734195525,1065025.3134411357,664652.31462,3266011.901178864,3266011.901178864,0,False
2011-08-19,2011-08-18,2011-07-29,0.035395534142640364,0.85,,1.1225118688004807,1065127.4391561232,664652.31462,3268867.9754638765,3268867.9754638765,0,False
2011-08-22,2011-08-19,2011-07-29,0.035395534142640364,0.85,,1.1252575696030942,1065433.845679716,664652.31462,3199659.1689402834,3199659.1689402834,0,False
2011-08-23,2011-08-22,2011-07-29,0.035395534142640364,0.85,,1.123751619948879,1065536.0105690276,664652.31462,3239421.8040509718,3239421.8040509718,0,False
2011-08-24,2011-08-23,2011-07-29,0.035395534142640364,0.85,,1.123815892987406,1065638.1852549727,664652.31462,3238565.4293650277,3238565.4293650277,0,False
2011-08-25,2011-08-24,2011-07-29,0.035395534142640364,0.85,,1.1183307456179081,1065740.3697384903,664652.31462,3389550.6448815092,3389550.6448815092,0,False
2011-08-26,2011-08-25,2011-07-29,0.035395534142640364,0.85,,1.1184864760745759,1065842.56402052,664652.31462,3385958.1505994797,3385958.1505994797,0,False
2011-08-29,2011-08-26,2011-07-29,0.035395534142640364,0.85,,1.1201037683857065,1066149.1762649643,664652.31462,3342916.438355036,3342916.438355036,0,False
2011-08-30,2011-08-29,2011-07-29,0.035395534142640364,0.85,,1.121641418504166,1066251.4097476199,664652.31462,3301499.6048723795,3301499.6048723795,0,False
2011-08-31,2011-08-30,2011-07-29,0.035395534142640364,0.85,,1.1206485225495049,1066353.653033486,664652.31462,3329517.261586514,3329517.261586514,0,False
2011-09-01,2011-08-31,2011-08-31,0.04235283569641367,0.9333333333333333,,1.121486082143419,1066455.906123503,664652.31462,3307404.3084964966,3307404.3084964966,0,False
2011-09-02,2011-09-01,2011-08-31,0.04235283569641367,0.9333333333333333,,1.1234577676041841,1066558.1690186108,664652.31462,3255411.6456013895,3255411.6456013895,0,False
2011-09-05,2011-09-02,2011-08-31,0.04235283569641367,0.9333333333333333,,1.126290898822914,1066864.9871220272,664652.31462,3184811.2274979725,3184811.2274979725,0,False
2011-09-06,2011-09-05,2011-08-31,0.04235283569641367,0.9333333333333333,,0.49804461745414547,1066967.28924408,2611794.1296599996,3077617.8404159197,3077617.8404159197,0,False
2011-09-07,2011-09-06,2011-08-31,0.04235283569641367,0.9333333333333333,,0.5058985240331912,1067069.6011759252,2611794.1296599996,3126330.5284840744,3126330.5284840744,0,False
2011-09-08,2011-09-07,2011-08-31,0.04235283569641367,0.9333333333333333,,0.5012423222970851,1067171.9229185036,2611794.1296599996,3096939.206741496,3096939.206741496,0,False
2011-09-09,2011-09-08,2011-08-31,0.04235283569641367,0.9333333333333333,,0.5007867436348784,1067274.254472756,2611794.1296599996,3093907.975187244,3093907.975187244,0,False
2011-09-13,2011-09-09,2011-08-31,0.04235283569641367,0.9333333333333333,,0.49831974978228327,1067683.619940225,2611794.1296599996,3077877.809719775,3077877.809719775,0,False
2011-09-14,2011-09-13,2011-08-31,0.04235283569641367,0.9333333333333333,,0.5030653002755469,1067786.000561315,2611794.1296599996,3107064.429098685,3107064.429098685,0,False
2011-09-15,2011-09-14,2011-08-31,0.04235283569641367,0.9333333333333333,,0.5052583546959756,1067888.390999725,2611794.1296599996,3120630.238660274,3120630.238660274,0,False
2011-09-16,2011-09-15,2011-08-31,0.04235283569641367,0.9333333333333333,,0.5060476336862335,1067990.7912563963,2611794.1296599996,3125409.338403603,3125409.338403603,0,False
2011-09-19,2011-09-16,2011-08-31,0.04235283569641367,0.9333333333333333,,0.5026793346197125,1068298.021484018,2611794.1296599996,3103623.508175981,3103623.508175981,0,False
2011-09-20,2011-09-19,2011-08-31,0.04235283569641367,0.9333333333333333,,0.5047213768212335,1068400.4610203248,2611794.1296599996,3116212.968639675,3116212.968639675,0,False
2011-09-21,2011-09-20,2011-08-31,0.04235283569641367,0.9333333333333333,,0.5167002543179562,1068502.9103796007,2611794.1296599996,3193238.2192803985,3193238.2192803985,0,False
2011-09-22,2011-09-21,2011-08-31,0.04235283569641367,0.9333333333333333,,0.509518537178368,1068605.3695627877,2611794.1296599996,3146273.360097212,3146273.360097212,0,False
2011-09-23,2011-09-22,2011-08-31,0.04235283569641367,0.9333333333333333,,0.5067801801017329,1068707.838570828,2611794.1296599996,3128597.4910891713,3128597.4910891713,0,False
2011-09-26,2011-09-23,2011-08-31,0.04235283569641367,0.9333333333333333,,0.5034205077654376,1069015.2750723348,2611794.1296599996,3106811.454587665,3106811.454587665,0,False
2011-09-27,2011-09-26,2011-08-31,0.04235283569641367,0.9333333333333333,,0.5115721458074999,1069117.7833863827,2611794.1296599996,3158452.8462736164,3158452.8462736164,0,False
2011-09-28,2011-09-27,2011-08-31,0.04235283569641367,0.9333333333333333,,0.5076315644359177,1069220.3015299952,2611794.1296599996,3132966.528130004,3132966.528130004,0,False
2011-09-29,2011-09-28,2011-08-31,0.04235283569641367,0.9333333333333333,,0.5000134034304533,1069322.8295041146,2611794.1296599996,3085025.300155885,3085025.300155885,0,False
2011-09-30,2011-09-29,2011-08-31,0.04235283569641367,0.9333333333333333,,0.501764491315533,1069425.3673096835,2611794.1296599996,3095662.0623503164,3095662.0623503164,0,False
2011-10-10,2011-09-30,2011-09-30,0.05124225965858041,0.9666666666666667,,0.48351851323971434,1070450.8436892955,2611794.1296599996,2984314.685970704,2984314.685970704,0,False
2011-10-11,2011-10-10,2011-09-30,0.05124225965858041,0.9666666666666667,,0.4678670466693722,1070553.4896606081,2611794.1296599996,2896345.0399993914,2896345.0399993914,0,False
2011-10-12,2011-10-11,2011-09-30,0.05124225965858041,0.9666666666666667,,0.47929283269367956,1070656.1454746851,2611794.1296599996,2959701.884185314,2959701.884185314,0,False
2011-10-13,2011-10-12,2011-09-30,0.05124225965858041,0.9666666666666667,,0.4823829465119476,1070758.8111324704,2611794.1296599996,2977172.6185275298,2977172.6185275298,0,False
2011-10-14,2011-10-13,2011-09-30,0.05124225965858041,0.9666666666666667,,0.48256926948863754,1070861.4866349078,2611794.1296599996,2978046.243025092,2978046.243025092,0,False
2011-10-17,2011-10-14,2011-09-30,0.05124225965858041,0.9666666666666667,,0.4856546498610503,1071169.5426790083,2611794.1296599996,2995311.586980991,2995311.586980991,0,False
2011-10-18,2011-10-17,2011-09-30,0.05124225965858041,0.9666666666666667,,0.47506277374846045,1071272.2575666625,2611794.1296599996,2934678.272093337,2934678.272093337,0,False
2011-10-19,2011-10-18,2011-09-30,0.05124225965858041,0.9666666666666667,,0.4761251266785989,1071374.9823036895,2611794.1296599996,2940433.34735631,2940433.34735631,0,False
2011-10-20,2011-10-19,2011-09-30,0.05124225965858041,0.9666666666666667,,0.4699822607841916,1071477.7168910336,2611794.1296599996,2906160.112768966,2906160.112768966,0,False
2011-10-21,2011-10-20,2011-09-30,0.05124225965858041,0.9666666666666667,,0.46442105975186726,1071580.4613296397,2611794.1296599996,2875792.0683303596,2875792.0683303596,0,False
2011-10-24,2011-10-21,2011-09-30,0.05124225965858041,0.9666666666666667,,0.46933554814523376,1071888.724202077,2611794.1296599996,2901843.9054579227,2901843.9054579227,0,False
2011-10-25,2011-10-24,2011-09-30,0.05124225965858041,0.9666666666666667,,0.47916541376238225,1071991.5080523428,2611794.1296599996,2956413.9216076573,2956413.9216076573,0,False
2011-10-26,2011-10-25,2011-09-30,0.05124225965858041,0.9666666666666667,,0.48242962714071713,1072094.3017585943,2611794.1296599996,2974860.8279014053,2974860.8279014053,0,False
2011-10-27,2011-10-26,2011-09-30,0.05124225965858041,0.9666666666666667,,0.4788545176863099,1072197.1053217766,2611794.1296599996,2954255.7243382228,2954255.7243382228,0,False
2011-10-28,2011-10-27,2011-09-30,0.05124225965858041,0.9666666666666667,,0.48817443940860833,1072299.9187428348,2611794.1296599996,3007849.4109171648,3007849.4109171648,0,False
2011-10-31,2011-10-28,2011-09-30,0.05124225965858041,0.9666666666666667,,0.48772562978695344,1072608.3885824732,2611794.1296599996,3004612.0410775268,3004612.0410775268,0,False
2011-11-01,2011-10-31,2011-10-31,0.05151955971479501,0.9666666666666667,,0.4859047469629383,1072711.2414416524,2611794.1296599996,2993769.888218347,2993769.888218347,0,False
2011-11-02,2011-11-01,2011-10-31,0.05151955971479501,0.9666666666666667,,0.4907378059117576,1072814.1041634346,2611794.1296599996,3021979.725496565,3021979.725496565,0,False
2011-11-03,2011-11-02,2011-10-31,0.05151955971479501,0.9666666666666667,,0.4919035930345065,1072916.9767487652,2611794.1296599996,3028710.9529112345,3028710.9529112345,0,False
2011-11-04,2011-11-03,2011-10-31,0.05151955971479501,0.9666666666666667,,0.49224766048748086,1073019.8591985905,2611794.1296599996,3030560.670461409,3030560.670461409,0,False
2011-11-07,2011-11-04,2011-10-31,0.05151955971479501,0.9666666666666667,,0.5398435661303966,1073328.5361443874,2461870.6398899998,3017543.6037456123,3017543.6037456123,0,False
2011-11-08,2011-11-07,2011-10-31,0.05151955971479501,0.9666666666666667,,0.5896893746793016,1073431.4580588122,2311518.1029299996,3017437.4448711877,3017437.4448711877,0,False
2011-11-09,2011-11-08,2011-10-31,0.05151955971479501,0.9666666666666667,,0.6389421780983866,1073534.3898424616,2160952.54254,3011756.2526975386,3011756.2526975386,0,False
2011-11-10,2011-11-09,2011-10-31,0.05151955971479501,0.9666666666666667,,0.6838529894168112,1073637.331496282,2013621.3378899998,2973249.706393718,2973249.706393718,0,False
2011-11-11,2011-11-10,2011-10-31,0.05151955971479501,0.9666666666666667,,0.7315037859939573,1073740.28302122,1866395.1447899998,2952201.2617687797,2952201.2617687797,0,False
2011-11-14,2011-11-11,2011-10-31,0.05151955971479501,0.9666666666666667,,0.7900701213043766,1074049.1672122262,1714117.3960799999,3048962.0288677737,3048962.0288677737,0,False
2011-11-15,2011-11-14,2011-10-31,0.05151955971479501,0.9666666666666667,,0.8381928635097267,1074152.1582282602,1563156.7922399999,3022145.0340117393,3022145.0340117393,0,False
2011-11-16,2011-11-15,2011-10-31,0.05151955971479501,0.9666666666666667,,0.8839853400576058,1074255.159120145,1416860.70144,2953122.8423198545,2953122.8423198545,0,False
2011-11-17,2011-11-16,2011-10-31,0.05151955971479501,0.9666666666666667,,0.93353549418442,1074358.1698888277,1270140.564,2945668.3941111723,2945668.3941111723,0,False
2011-11-18,2011-11-17,2011-10-31,0.05151955971479501,0.9666666666666667,,0.4786677268341855,1074461.1905352555,2564171.7231900003,2857506.8326547444,2857506.8326547444,0,False
2011-11-21,2011-11-18,2011-10-31,0.05151955971479501,0.9666666666666667,,0.4776485891347045,1074770.282110615,2564171.7231900003,2851339.9410793856,2851339.9410793856,0,False
2011-11-22,2011-11-21,2011-10-31,0.05151955971479501,0.9666666666666667,,0.47496919510347063,1074873.342274653,2564171.7231900003,2836592.3809153475,2836592.3809153475,0,False
2011-11-23,2011-11-22,2011-10-31,0.05151955971479501,0.9666666666666667,,0.47042959237067067,1074976.4123211724,2564171.7231900003,2812081.8108688276,2812081.8108688276,0,False
2011-11-24,2011-11-23,2011-10-31,0.05151955971479501,0.9666666666666667,,0.47081429650877876,1075079.492251121,2564171.7231900003,2813931.3309388794,2813931.3309388794,0,False
2011-11-25,2011-11-24,2011-10-31,0.05151955971479501,0.9666666666666667,,0.46564022935605026,1075182.5820654465,2564171.7231900003,2786491.841124554,2786491.841124554,0,False
2011-11-28,2011-11-25,2011-10-31,0.05151955971479501,0.9666666666666667,,0.4681148179879713,1075491.8811643969,2564171.7231900003,2798874.4420256037,2798874.4420256037,0,False
2011-11-29,2011-11-28,2011-10-31,0.05151955971479501,0.9666666666666667,,0.4747283959923016,1075595.0105228648,2564171.7231900003,2833918.1126671354,2833918.1126671354,0,False
2011-11-30,2011-11-29,2011-10-31,0.05151955971479501,0.9666666666666667,,0.4647886193431055,1075698.1497704491,2564171.7231900003,2781094.7734195516,2781094.7734195516,0,False
2011-12-01,2011-11-30,2011-11-30,0.05789396240601503,1.0,,0.4683520434678072,1075801.2989080984,2564171.7231900003,2799541.324281902,2799541.324281902,0,False
2011-12-02,2011-12-01,2011-11-30,0.05789396240601503,1.0,,0.4623693693091877,1075904.4579367607,2564171.7231900003,2768196.565253239,2768196.565253239,0,False
2011-12-05,2011-12-02,2011-11-30,0.05789396240601503,1.0,,0.46166153228533763,1076213.964698633,2564171.7231900003,2763981.8584913677,2763981.8584913677,0,False
2011-12-06,2011-12-05,2011-11-30,0.05789396240601503,1.0,,0.4595789150497738,1076317.1632979875,2564171.7231900003,2753139.3598920126,2753139.3598920126,0,False
2011-12-07,2011-12-06,2011-11-30,0.05789396240601503,1.0,,0.4595961441908379,1076420.3717930983,2564171.7231900003,2753036.151396902,2753036.151396902,0,False
2011-12-08,2011-12-07,2011-11-30,0.05789396240601503,1.0,,0.45922981885514785,1076523.590184914,2564171.7231900003,2750980.3330050865,2750980.3330050865,0,False
2011-12-09,2011-12-08,2011-11-30,0.05789396240601503,1.0,,0.44567243210740515,1076626.8184743838,2564171.7231900003,2683512.4047156163,2683512.4047156163,0,False
2011-12-12,2011-12-09,2011-11-30,0.05789396240601503,1.0,,0.4443085322312547,1076936.5330386024,2564171.7231900003,2676368.5901513975,2676368.5901513975,0,False
2011-12-13,2011-12-12,2011-11-30,0.05789396240601503,1.0,,0.0,1077039.8009253321,3725260.0270200004,2648220.2260946683,2648220.2260946683,0,False
2011-12-14,2011-12-13,2011-11-30,0.05789396240601503,1.0,,0.0,1077143.078714462,3725260.0270200004,2648116.9483055384,2648116.9483055384,0,False
2011-12-15,2011-12-14,2011-11-30,0.05789396240601503,1.0,,0.0,1077246.3664069416,3725260.0270200004,2648013.660613059,2648013.660613059,0,False
2011-12-16,2011-12-15,2011-11-30,0.05789396240601503,1.0,,0.0,1077349.6640037203,3725260.0270200004,2647910.3630162803,2647910.3630162803,0,False
2011-12-19,2011-12-16,2011-11-30,0.05789396240601503,1.0,,0.0,1077659.5865098035,3725260.0270200004,2647600.4405101966,2647600.4405101966,0,False
2011-12-20,2011-12-19,2011-11-30,0.05789396240601503,1.0,,0.0,1077762.9237304279,3725260.0270200004,2647497.1032895725,2647497.1032895725,0,False
2011-12-21,2011-12-20,2011-11-30,0.05789396240601503,1.0,,0.0,1077866.2708601006,3725260.0270200004,2647393.7561598998,2647393.7561598998,0,False
2011-12-22,2011-12-21,2011-11-30,0.05789396240601503,1.0,,0.0,1077969.6278997723,3725260.0270200004,2647290.3991202284,2647290.3991202284,0,False
2011-12-23,2011-12-22,2011-11-30,0.05789396240601503,1.0,,0.0,1078072.9948503927,3725260.0270200004,2647187.0321696075,2647187.0321696075,0,False
2011-12-26,2011-12-23,2011-11-30,0.05789396240601503,1.0,,0.0,1078383.1254379523,3725260.0270200004,2646876.9015820483,2646876.9015820483,0,False
2011-12-27,2011-12-26,2011-11-30,0.05789396240601503,1.0,,0.0,1078486.5320390218,3725260.0270200004,2646773.494980979,2646773.494980979,0,False
2011-12-28,2011-12-27,2011-11-30,0.05789396240601503,1.0,,0.0,1078589.9485557927,3725260.0270200004,2646670.0784642077,2646670.0784642077,0,False
2011-12-29,2011-12-28,2011-11-30,0.05789396240601503,1.0,,0.0,1078693.3749892158,3725260.0270200004,2646566.6520307846,2646566.6520307846,0,False
2011-12-30,2011-12-29,2011-11-30,0.05789396240601503,1.0,,0.0,1078796.8113402422,3725260.0270200004,2646463.215679758,2646463.215679758,0,False
2012-01-04,2011-12-30,2011-12-30,0.06316288693957116,1.0,,0.0,1079314.042688145,3725260.0270200004,2645945.9843318556,2645945.9843318556,0,False
2012-01-05,2012-01-04,2011-12-30,0.06316288693957116,1.0,,0.0,1079417.5385552521,3725260.0270200004,2645842.4884647485,2645842.4884647485,0,False
2012-01-06,2012-01-05,2011-12-30,0.06316288693957116,1.0,,0.0,1079521.0443466203,3725260.0270200004,2645738.98267338,2645738.98267338,0,False
2012-01-09,2012-01-06,2011-12-30,0.06316288693957116,1.0,,0.0,1079831.591496364,3725260.0270200004,2645428.4355236366,2645428.4355236366,0,False
2012-01-10,2012-01-09,2011-12-30,0.06316288693957116,1.0,,0.0,1079935.136991439,3725260.0270200004,2645324.8900285615,2645324.8900285615,0,False
2012-01-11,2012-01-10,2011-12-30,0.06316288693957116,1.0,,0.0,1080038.692415534,3725260.0270200004,2645221.3346044663,2645221.3346044663,0,False
2012-01-12,2012-01-11,2011-12-30,0.06316288693957116,1.0,,0.0,1080142.2577696012,3725260.0270200004,2645117.7692503994,2645117.7692503994,0,False
2012-01-13,2012-01-12,2011-12-30,0.06316288693957116,1.0,,0.0,1080245.8330545928,3725260.0270200004,2645014.1939654076,2645014.1939654076,0,False
2012-01-16,2012-01-13,2011-12-30,0.06316288693957116,1.0,,0.0,1080556.5887051977,3725260.0270200004,2644703.438314803,2644703.438314803,0,False
2012-01-17,2012-01-16,2011-12-30,0.06316288693957116,1.0,,0.0,1080660.203720553,3725260.0270200004,2644599.823299447,2644599.823299447,0,False
2012-01-18,2012-01-17,2011-12-30,0.06316288693957116,1.0,,0.0,1080763.8286715948,3725260.0270200004,2644496.198348406,2644496.198348406,0,False
2012-01-19,2012-01-18,2011-12-30,0.06316288693957116,1.0,,0.0,1080867.4635592757,3725260.0270200004,2644392.5634607244,2644392.5634607244,0,False
2012-01-20,2012-01-19,2011-12-30,0.06316288693957116,1.0,,0.0,1080971.1083845485,3725260.0270200004,2644288.918635452,2644288.918635452,0,False
2012-01-30,2012-01-20,2011-12-30,0.06316288693957116,1.0,,0.0,1082007.6560227254,3725260.0270200004,2643252.370997275,2643252.370997275,0,False
2012-01-31,2012-01-30,2011-12-30,0.06316288693957116,1.0,,0.0,1082111.4101815221,3725260.0270200004,2643148.6168384785,2643148.6168384785,0,False
2012-02-01,2012-01-31,2012-01-31,0.05835744177449168,0.9833333333333333,,0.0,1082215.1742893478,3725260.0270200004,2643044.8527306523,2643044.8527306523,0,False
2012-02-02,2012-02-01,2012-01-31,0.05835744177449168,0.9833333333333333,,0.0,1082318.9483471564,3725260.0270200004,2642941.078672844,2642941.078672844,0,False
2012-02-03,2012-02-02,2012-01-31,0.05835744177449168,0.9833333333333333,,0.04993675744070834,1082422.732355902,3593271.5098800003,2642822.7775240983,2642822.7775240983,0,False
2012-02-06,2012-02-03,2012-01-31,0.05835744177449168,0.9833333333333333,,0.09956273006702465,1082734.1142378126,3461320.9969200003,2641590.8826821875,2641590.8826821875,0,False
2012-02-07,2012-02-06,2012-01-31,0.05835744177449168,0.9833333333333333,,0.14798781766321753,1082837.938056986,3329790.53016,2637230.592103014,2637230.592103014,0,False
2012-02-08,2012-02-07,2012-01-31,0.05835744177449168,0.9833333333333333,,0.1995741855195021,1082941.7718318682,3198144.05064,2642596.278808132,2642596.278808132,0,False
2012-02-09,2012-02-08,2012-01-31,0.05835744177449168,0.9833333333333333,,0.24880059408488062,1083045.6155634138,3066243.54318,2640041.927616586,2640041.927616586,0,False
2012-02-10,2012-02-09,2012-01-31,0.05835744177449168,0.9833333333333333,,0.29772735199967726,1083149.4692525775,2934955.10304,2636875.6337874224,2636875.6337874224,0,False
2012-02-13,2012-02-10,2012-01-31,0.05835744177449168,0.9833333333333333,,0.3530504739380566,1083461.060195787,2802790.56654,2657594.506344213,2657594.506344213,0,False
2012-02-14,2012-02-13,2012-01-31,0.05835744177449168,0.9833333333333333,,0.4013449462848436,1083564.9537221072,2670651.03279,2651086.079067893,2651086.079067893,0,False
2012-02-15,2012-02-14,2012-01-31,0.05835744177449168,0.9833333333333333,,0.5019731960747844,1083668.8572108203,2406336.9614399998,2655817.104229179,2655817.104229179,0,False
2012-02-16,2012-02-15,2012-01-31,0.05835744177449168,0.9833333333333333,,0.548877233468974,1083772.7706628817,2275103.5273499996,2640812.7566871177,2640812.7566871177,0,False
2012-02-17,2012-02-16,2012-01-31,0.05835744177449168,0.9833333333333333,,0.5985023737087742,1083876.6940792466,2143804.0859999997,2639934.391920753,2639934.391920753,0,False
2012-02-20,2012-02-17,2012-01-31,0.05835744177449168,0.9833333333333333,,0.6472375708991629,1084188.4942241188,2012993.6984399997,2632948.2042158814,2632948.2042158814,0,False
2012-02-21,2012-02-20,2012-01-31,0.05835744177449168,0.9833333333333333,,0.6974582788012564,1084292.4575043868,1881803.2690799998,2636035.811575613,2636035.811575613,0,False
2012-02-22,2012-02-21,2012-01-31,0.05835744177449168,0.9833333333333333,,0.7507927875130045,1084396.4307537365,1748636.6223599997,2665413.1916062627,2665413.1916062627,0,False
2012-02-23,2012-02-22,2012-01-31,0.05835744177449168,0.9833333333333333,,0.7542024001289445,1084500.4139731238,1741583.5518799997,2673269.137906876,2673269.137906876,0,False
2012-02-24,2012-02-23,2012-01-31,0.05835744177449168,0.9833333333333333,,0.8611026203511373,1084604.4071635047,1460472.7027199997,2706086.295556495,2706086.295556495,0,False
2012-02-27,2012-02-24,2012-01-31,0.05835744177449168,0.9833333333333333,,0.9111786977277255,1084916.416650497,1325265.8315999997,2705988.414949503,2705988.414949503,0,False
2012-02-28,2012-02-27,2012-01-31,0.05835744177449168,0.9833333333333333,,1.011012768418455,1085020.4497315455,1055213.1290699996,2706614.6793384543,2706614.6793384543,0,False
2012-02-29,2012-02-28,2012-01-31,0.05835744177449168,0.9833333333333333,,1.1104782129406878,1085124.492788369,790750.0413299996,2664547.5485416306,2664547.5485416306,0,False
2012-03-01,2012-02-29,2012-02-29,0.052765726872246704,0.9333333333333333,,1.2596196007684994,1085228.5458219242,391892.1717899996,2670585.6259680754,2670585.6259680754,0,False
2012-03-02,2012-03-01,2012-02-29,0.052765726872246704,0.9333333333333333,,1.360224601272002,1085332.6088331675,98292.9451499996,2740067.3363168323,2740067.3363168323,0,False
2012-03-05,2012-03-02,2012-02-29,0.052765726872246704,0.9333333333333333,,1.4572872384009523,1262301.123742832,0.0,2760411.876257168,2760411.876257168,0,False
2012-03-06,2012-03-05,2012-02-29,0.052765726872246704,0.9333333333333333,,1.5658182950249262,1533146.9427663416,0.0,2709610.0572336586,2709610.0572336586,0,False
2012-03-07,2012-03-06,2012-02-29,0.052765726872246704,0.9333333333333333,,1.6657432010973807,1790681.2663467438,0.0,2689747.733653256,2689747.733653256,0,False
2012-03-08,2012-03-07,2012-02-29,0.052765726872246704,0.9333333333333333,,1.6658522501245903,1849943.57930927,0.0,2778309.42069073,2778309.42069073,0,False
2012-03-09,2012-03-08,2012-02-29,0.052765726872246704,0.9333333333333333,,1.6657952984691002,1881063.2804793408,0.0,2825287.719520659,2825287.719520659,0,False
2012-03-12,2012-03-09,2012-02-29,0.052765726872246704,0.9333333333333333,,1.6796828175585952,1881604.4082723553,0.0,2768356.5917276447,2768356.5917276447,0,False
2012-03-13,2012-03-12,2012-02-29,0.052765726872246704,0.9333333333333333,,1.6736586950842698,1881784.8360923266,0.0,2793380.163907673,2793380.163907673,0,False
2012-03-14,2012-03-13,2012-02-29,0.052765726872246704,0.9333333333333333,,1.7245069489478093,1881965.2812135958,0.0,2597580.7187864045,2597580.7187864045,0,False
2012-03-15,2012-03-14,2012-02-29,0.052765726872246704,0.9333333333333333,,1.6655621982115636,1699054.7487372109,1279.1748793892548,2550889.426142178,2550889.426142178,0,False
2012-03-16,2012-03-15,2012-02-29,0.052765726872246704,0.9333333333333333,,1.6658785877931042,1741791.9353959197,0.0,2615780.0646040803,2615780.0646040803,0,False
2012-03-19,2012-03-16,2012-02-29,0.052765726872246704,0.9333333333333333,,1.6659699941248745,1765552.2313693897,0.0,2651098.7686306103,2651098.7686306103,0,False
2012-03-20,2012-03-19,2012-02-29,0.052765726872246704,0.9333333333333333,,1.6925724995936766,1765721.530898425,0.0,2549511.469101575,2549511.469101575,0,False
2012-03-21,2012-03-20,2012-02-29,0.052765726872246704,0.9333333333333333,,1.6971519382937126,1765890.8466616618,0.0,2533007.1533383382,2533007.1533383382,0,False
2012-03-22,2012-03-21,2012-02-29,0.052765726872246704,0.9333333333333333,,1.6975680760491612,1766060.1786606568,0.0,2531738.821339343,2531738.821339343,0,False
2012-03-23,2012-03-22,2012-02-29,0.052765726872246704,0.9333333333333333,,1.7089747898956678,1766229.5268969666,0.0,2491244.4731030334,2491244.4731030334,0,False
2012-03-26,2012-03-23,2012-02-29,0.052765726872246704,0.9333333333333333,,1.102848756806833,1626923.7008652068,1375785.9366626944,2441816.2357974877,2441816.2357974877,0,False
2012-03-27,2012-03-26,2012-02-29,0.052765726872246704,0.9333333333333333,,1.1530320614020255,1616073.7947905317,1244737.8210157447,2426524.026225213,2426524.026225213,0,False
2012-03-28,2012-03-27,2012-02-29,0.052765726872246704,0.9333333333333333,,0.5590341657850748,1573382.416123097,2614718.3568679877,2361488.940744891,2361488.940744891,0,False
2012-03-29,2012-03-28,2012-02-29,0.052765726872246704,0.9333333333333333,,0.5913234413071227,1559731.419593303,2516823.2388117164,2341929.8192184134,2341929.8192184134,0,False
2012-03-30,2012-03-29,2012-02-29,0.052765726872246704,0.9333333333333333,,0.0,1555281.9984504476,3889699.4816220505,2334417.4831716027,2334417.4831716027,0,False
2012-04-05,2012-03-30,2012-03-30,0.058142644920782846,0.9666666666666667,,0.0,1554126.093818854,3887648.7572105266,2333522.6633916725,2333522.6633916725,0,False
2012-04-06,2012-04-05,2012-03-30,0.058142644920782846,0.9666666666666667,,0.0,1554026.842642835,3887400.4802446896,2333373.6376018543,2333373.6376018543,0,False
2012-04-09,2012-04-06,2012-03-30,0.058142644920782846,0.9666666666666667,,0.0,1553729.108130216,3886655.6969143236,2332926.588784108,2332926.588784108,0,False
2012-04-10,2012-04-09,2012-03-30,0.058142644920782846,0.9666666666666667,,0.0,1553629.8823068994,3886407.4833683097,2332777.6010614103,2332777.6010614103,0,False
2012-04-11,2012-04-10,2012-03-30,0.058142644920782846,0.9666666666666667,,0.0,1553530.6628204428,3886159.2856739606,2332628.6228535175,2332628.6228535175,0,False
2012-04-12,2012-04-11,2012-03-30,0.058142644920782846,0.9666666666666667,,0.0,1553431.449670442,3885911.103830265,2332479.654159823,2332479.654159823,0,False
2012-04-13,2012-04-12,2012-03-30,0.058142644920782846,0.9666666666666667,,0.0,1553332.2428564918,3885662.9378362093,2332330.6949797175,2332330.6949797175,0,False
2012-04-16,2012-04-13,2012-03-30,0.058142644920782846,0.9666666666666667,,0.0,1553034.6414215795,3884918.4873999273,2331883.8459783476,2331883.8459783476,0,False
2012-04-17,2012-04-16,2012-03-30,0.058142644920782846,0.9666666666666667,,0.0,1552935.4599490005,3884670.384797349,2331734.924848349,2331734.924848349,0,False
2012-04-18,2012-04-17,2012-03-30,0.058142644920782846,0.9666666666666667,,0.0,1552836.2848104485,3884422.2980393497,2331586.013228901,2331586.013228901,0,False
2012-04-19,2012-04-18,2012-03-30,0.058142644920782846,0.9666666666666667,,0.0,1552737.1160055196,3884174.2271249183,2331437.111119399,2331437.111119399,0,False
2012-04-20,2012-04-19,2012-03-30,0.058142644920782846,0.9666666666666667,,0.0,1552637.9535338096,3883926.1720530433,2331288.2185192336,2331288.2185192336,0,False
2012-04-23,2012-04-20,2012-03-30,0.058142644920782846,0.9666666666666667,,0.0,1552340.4851171232,3883182.0543620526,2330841.5692449296,2330841.5692449296,0,False
2012-04-24,2012-04-23,2012-03-30,0.058142644920782846,0.9666666666666667,,0.0,1552241.347975457,3882934.0626533204,2330692.7146778633,2330692.7146778633,0,False
2012-04-25,2012-04-24,2012-03-30,0.058142644920782846,0.9666666666666667,,0.0,1552142.2171649877,3882686.086782086,2330543.8696170985,2330543.8696170985,0,False
2012-04-26,2012-04-25,2012-03-30,0.058142644920782846,0.9666666666666667,,0.0,1552043.0926853106,3882438.1267473386,2330395.034062028,2330395.034062028,0,False
2012-04-27,2012-04-26,2012-03-30,0.058142644920782846,0.9666666666666667,,0.0,1551943.9745360217,3882190.182548066,2330246.2080120444,2330246.2080120444,0,False
2012-05-02,2012-04-27,2012-04-27,0.05365819501335708,0.9333333333333333,,0.0,1551448.4154394954,3880950.5407240223,2329502.125284527,2329502.125284527,0,False
2012-05-03,2012-05-02,2012-04-27,0.05365819501335708,0.9333333333333333,,0.04964580887428114,1551349.335268087,3765047.970906476,2329340.635638389,2329340.635638389,0,False
2012-05-04,2012-05-03,2012-04-27,0.05365819501335708,0.9333333333333333,,0.09869688686768215,1550750.9474913175,3649383.184054407,2328442.2365630893,2328442.2365630893,0,False
2012-05-07,2012-05-04,2012-04-27,0.05365819501335708,0.9333333333333333,,0.0,1548571.2986640094,3873614.9612301495,2325043.6625661403,2325043.6625661403,0,False
2012-05-08,2012-05-07,2012-04-27,0.05365819501335708,0.9333333333333333,,0.0,1548380.1828389894,3873275.352266901,2324895.1694279118,2324895.1694279118,0,False
2012-05-09,2012-05-08,2012-04-27,0.05365819501335708,0.9333333333333333,,0.0,1548281.298614162,3873027.9932300206,2324746.6946158586,2324746.6946158586,0,False
2012-05-10,2012-05-09,2012-04-27,0.05365819501335708,0.9333333333333333,,0.049626911138106786,1548182.4207043794,3757405.960170234,2324585.539465855,2324585.539465855,0,False
2012-05-11,2012-05-10,2012-04-27,0.05365819501335708,0.9333333333333333,,0.09835515276146935,1546828.3456891181,3640945.785356412,2322552.439667294,2322552.439667294,0,False
2012-05-14,2012-05-11,2012-04-27,0.05365819501335708,0.9333333333333333,,0.14588622455262634,1542863.8994589273,3521503.708908968,2316599.8094500406,2316599.8094500406,0,False
2012-05-15,2012-05-14,2012-04-27,0.05365819501335708,0.9333333333333333,,0.19660774163324607,1543011.8453123001,3405741.976518968,2318581.131206668,2318581.131206668,0,False
2012-05-16,2012-05-15,2012-04-27,0.05365819501335708,0.9333333333333333,,0.24185549699055234,1536003.2399970267,3284510.8643437335,2306298.624346707,2306298.624346707,0,False
2012-05-17,2012-05-16,2012-04-27,0.05365819501335708,0.9333333333333333,,0.29686736639422445,1536150.5279789444,3168668.1230437336,2321777.595064789,2321777.595064789,0,False
2012-05-18,2012-05-17,2012-04-27,0.05365819501335708,0.9333333333333333,,0.3436206530650821,1536297.830084367,3053199.4228837336,2311013.5927993665,2311013.5927993665,0,False
2012-05-21,2012-05-18,2012-04-27,0.05365819501335708,0.9333333333333333,,0.4471198135827946,1536739.778775213,2821366.924113733,2323518.1453385204,2323518.1453385204,0,False
2012-05-22,2012-05-21,2012-04-27,0.05365819501335708,0.9333333333333333,,0.5498759355235255,1536887.1373841367,2588487.310173733,2336245.1727895965,2336245.1727895965,0,False
2012-05-23,2012-05-22,2012-04-27,0.05365819501335708,0.9333333333333333,,0.6448757337608935,1537034.5101233379,2358555.0204037335,2313332.510280396,2313332.510280396,0,False
2012-05-24,2012-05-23,2012-04-27,0.05365819501335708,0.9333333333333333,,0.745427902339,1537181.8969941717,2127595.6176637337,2319239.720669562,2319239.720669562,0,False
2012-05-25,2012-05-24,2012-04-27,0.05365819501335708,0.9333333333333333,,0.6449075414892226,1528283.7328973834,2343045.386503124,2294505.6536057405,2294505.6536057405,0,False
2012-05-28,2012-05-25,2012-04-27,0.05365819501335708,0.9333333333333333,,0.7080135697371959,1528723.3761630114,2204527.4507031245,2314505.074540113,2314505.074540113,0,False
2012-05-29,2012-05-28,2012-04-27,0.05365819501335708,0.9333333333333333,,0.764630495132429,1528869.966075794,2083012.5273331245,2354351.5612573307,2354351.5612573307,0,False
2012-05-30,2012-05-29,2012-04-27,0.05365819501335708,0.9333333333333333,,0.8636369970183773,1529016.5700451438,1849522.8462931244,2350390.2762479805,2350390.2762479805,0,False
2012-05-31,2012-05-30,2012-04-27,0.05365819501335708,0.9333333333333333,,0.9651192215637546,1529163.1880724085,1612594.7870731244,2391907.5990007157,2391907.5990007157,0,False
2012-06-01,2012-05-31,2012-05-31,0.05880792250922509,0.9833333333333333,,1.1144859364549555,1529309.820158936,1255887.5535931245,2388260.733434188,2388260.733434188,0,False
2012-06-04,2012-06-01,2012-05-31,0.05880792250922509,0.9833333333333333,,0.8743983432173069,1529749.7586003516,1821461.8829231244,2322518.124322773,2322518.124322773,0,False
2012-06-05,2012-06-04,2012-05-31,0.05880792250922509,0.9833333333333333,,0.8729590284099392,1529896.4469333682,1823880.2875031242,2314086.840569756,2314086.840569756,0,False
2012-06-06,2012-06-05,2012-05-31,0.05880792250922509,0.9833333333333333,,0.920870167586142,1519646.9240217095,1700200.6023824445,2281739.678360735,2281739.678360735,0,False
2012-06-07,2012-06-06,2012-05-31,0.05880792250922509,0.9833333333333333,,0.9617101258094055,1511333.7925559236,1598223.3800886017,2269257.587532678,2269257.587532678,0,False
2012-06-08,2012-06-07,2012-05-31,0.05880792250922509,0.9833333333333333,,1.0111396171338582,1511478.7149743878,1486169.0554686016,2272040.3404942136,2272040.3404942136,0,False
2012-06-11,2012-06-08,2012-05-31,0.05880792250922509,0.9833333333333333,,1.0607883366275586,1511913.5239197914,1370704.3557486017,2322964.8318288103,2322964.8318288103,0,False
2012-06-12,2012-06-11,2012-05-31,0.05880792250922509,0.9833333333333333,,1.1108916391940216,1512058.5019289344,1255293.6619686016,2315457.1600396675,2315457.1600396675,0,False
2012-06-13,2012-06-12,2012-05-31,0.05880792250922509,0.9833333333333333,,1.157984150865141,1512203.4938400781,1137020.6533686016,2374813.1595285237,2374813.1595285237,0,False
2012-06-14,2012-06-13,2012-05-31,0.05880792250922509,0.9833333333333333,,1.2089515581614112,1512348.499654556,1020475.8348486016,2354003.3351940457,2354003.3351940457,0,False
2012-06-15,2012-06-14,2012-05-31,0.05880792250922509,0.9833333333333333,,1.225443202066439,1512493.519373701,978670.4168486017,2367882.897474901,2367882.897474901,0,False
2012-06-18,2012-06-15,2012-05-31,0.05880792250922509,0.9833333333333333,,1.226955889701559,1512928.6202491373,978670.4168486017,2354017.7965994645,2354017.7965994645,0,False
2012-06-19,2012-06-18,2012-05-31,0.05880792250922509,0.9833333333333333,,1.2284376324810904,1513073.6955962845,978670.4168486017,2339383.7212523175,2339383.7212523175,0,False
2012-06-20,2012-06-19,2012-05-31,0.05880792250922509,0.9833333333333333,,1.2289300459419594,1513218.7848547662,978670.4168486017,2334985.631993836,2334985.631993836,0,False
2012-06-21,2012-06-20,2012-05-31,0.05880792250922509,0.9833333333333333,,1.2345403430845754,1513363.8880259166,978670.4168486017,2279750.528822685,2279750.528822685,0,False
2012-06-25,2012-06-21,2012-05-31,0.05880792250922509,0.9833333333333333,,0.6265396607626773,1466448.7902810604,2288452.4061031328,2201046.615822072,2201046.615822072,0,False
2012-06-26,2012-06-25,2012-05-31,0.05880792250922509,0.9833333333333333,,0.623885082587038,1455301.9062983182,2277164.90374324,2185137.997444922,2185137.997444922,0,False
2012-06-27,2012-06-26,2012-05-31,0.05880792250922509,0.9833333333333333,,0.6232452173713735,1452583.5943327406,2274307.0422797985,2181056.447947058,2181056.447947058,0,False
2012-06-28,2012-06-27,2012-05-31,0.05880792250922509,0.9833333333333333,,0.624416465400511,1452722.8831705535,2274307.0422797985,2187487.159109245,2187487.159109245,0,False
2012-06-29,2012-06-28,2012-05-31,0.05880792250922509,0.9833333333333333,,0.6282526521386074,1452862.18536483,2274307.0422797985,2209685.856914968,2209685.856914968,0,False
2012-07-02,2012-06-29,2012-06-29,0.06478621568627452,1.0,,0.6299123162261767,1453280.132020894,2274307.0422797985,2218465.9102589046,2218465.9102589046,0,False
2012-07-03,2012-07-02,2012-06-29,0.06478621568627452,1.0,,0.6267460439826993,1453419.4876499919,2274307.0422797985,2199273.5546298064,2199273.5546298064,0,False
2012-07-04,2012-07-03,2012-06-29,0.06478621568627452,1.0,,0.0,1421304.7296348016,3551768.776042642,2130464.04640784,2130464.04640784,0,False
2012-07-05,2012-07-04,2012-06-29,0.06478621568627452,1.0,,0.0,1418798.286104203,3549126.043017421,2130327.7569132177,2130327.7569132177,0,False
2012-07-06,2012-07-05,2012-06-29,0.06478621568627452,1.0,,0.0,1418707.677369822,3548899.3851323174,2130191.7077624956,2130191.7077624956,0,False
2012-07-09,2012-07-06,2012-06-29,0.06478621568627452,1.0,,0.0,1418435.8685263195,3548219.454902174,2129783.5863758544,2129783.5863758544,0,False
2012-07-10,2012-07-09,2012-06-29,0.06478621568627452,1.0,,0.0,1418345.2829370168,3547992.8549145195,2129647.5719775027,2129647.5719775027,0,False
2012-07-11,2012-07-10,2012-06-29,0.06478621568627452,1.0,,0.0,1418254.7031327835,3547766.2693982236,2129511.56626544,2129511.56626544,0,False
2012-07-12,2012-07-11,2012-06-29,0.06478621568627452,1.0,,0.04916961000158884,1418164.129113249,3442828.181352361,2129364.052239112,2129364.052239112,0,False
2012-07-13,2012-07-12,2012-06-29,0.06478621568627452,1.0,,0.09834603263114451,1418065.8905560444,3337882.4374540085,2129216.546897964,2129216.546897964,0,False
2012-07-16,2012-07-13,2012-06-29,0.06478621568627452,1.0,,0.14423625805772342,1412671.654349862,3227846.800064789,2121117.1457149275,2121117.1457149275,0,False
2012-07-17,2012-07-16,2012-06-29,0.06478621568627452,1.0,,0.19328662564591625,1412452.5895769282,3123320.81602637,2120788.226449442,2120788.226449442,0,False
2012-07-18,2012-07-17,2012-06-29,0.06478621568627452,1.0,,0.24299891865508974,1412588.0302362028,3018839.32432637,2121861.294090167,2121861.294090167,0,False
2012-07-19,2012-07-18,2012-06-29,0.06478621568627452,1.0,,0.29435012976841624,1412723.4838829378,2913365.72350637,2126610.239623432,2126610.239623432,0,False
2012-07-20,2012-07-19,2012-06-29,0.06478621568627452,1.0,,0.3451054492696048,1412858.9505183788,2807396.06812637,2129407.117607991,2129407.117607991,0,False
2012-07-23,2012-07-20,2012-06-29,0.06478621568627452,1.0,,0.39569826475562514,1413265.3893945552,2701116.37864637,2131138.989251815,2131138.989251815,0,False
2012-07-24,2012-07-23,2012-06-29,0.06478621568627452,1.0,,0.45034225684079754,1413400.9079935383,2595804.79564637,2151163.8876528316,2151163.8876528316,0,False
2012-07-25,2012-07-24,2012-06-29,0.06478621568627452,1.0,,0.5051349875038009,1413536.4395874555,2488242.9651463698,2171716.525558914,2171716.525558914,0,False
2012-07-26,2012-07-25,2012-06-29,0.06478621568627452,1.0,,0.5513833272683973,1413671.9841775529,2381971.27654637,2158411.292368817,2158411.292368817,0,False
2012-07-27,2012-07-26,2012-06-29,0.06478621568627452,1.0,,0.5925415764012443,1413807.5417650768,2287460.8815463698,2144153.3397812927,2144153.3397812927,0,False
2012-07-30,2012-07-27,2012-06-29,0.06478621568627452,1.0,,0.6105936336008315,1414214.2535236666,2258895.5959463697,2169151.3424227033,2169151.3424227033,0,False
2012-07-31,2012-07-30,2012-06-29,0.06478621568627452,1.0,,0.591779261531149,1377851.2580692747,2222396.9909060234,2068845.7328367487,2068845.7328367487,0,False
2012-08-01,2012-07-31,2012-07-31,0.06799317356205853,1.0,,0.6135533988676855,1377983.3807926513,2188611.6531060236,2097646.272313372,2097646.272313372,0,False
2012-08-02,2012-08-01,2012-07-31,0.06799317356205853,1.0,,0.6120417073688139,1378115.51618533,2188611.6531060236,2089132.1369206936,2089132.1369206936,0,False
2012-08-03,2012-08-02,2012-07-31,0.06799317356205853,1.0,,0.6172462263154287,1378247.6642485259,2188611.6531060236,2117193.9888574975,2117193.9888574975,0,False
2012-08-06,2012-08-03,2012-07-31,0.06799317356205853,1.0,,0.62239127561084,1378644.1464533096,2188611.6531060236,2144991.5066527138,2144991.5066527138,0,False
2012-08-07,2012-08-06,2012-07-31,0.06799317356205853,1.0,,0.6220939919652576,1378776.345207079,2188611.6531060236,2142954.3078989442,2142954.3078989442,0,False
2012-08-08,2012-08-07,2012-07-31,0.06799317356205853,1.0,,0.625857695983563,1378908.5566374415,2188611.6531060236,2164158.096468582,2164158.096468582,0,False
2012-08-09,2012-08-08,2012-07-31,0.06799317356205853,1.0,,0.6249053448565389,1379040.7807456122,2188611.6531060236,2158310.872360411,2158310.872360411,0,False
2012-08-10,2012-08-09,2012-07-31,0.06799317356205853,1.0,,0.6216709557578822,1379173.017532807,2188611.6531060236,2139509.6355732167,2139509.6355732167,0,False
2012-08-13,2012-08-10,2012-07-31,0.06799317356205853,1.0,,0.6197544793685583,1379569.765935111,2188611.6531060236,2127682.8871709127,2127682.8871709127,0,False
2012-08-14,2012-08-13,2012-07-31,0.06799317356205853,1.0,,0.620472669060089,1379702.0534469131,2188611.6531060236,2131360.5996591104,2131360.5996591104,0,False
2012-08-15,2012-08-14,2012-07-31,0.06799317356205853,1.0,,0.6149353021877217,1379834.353643819,2188611.6531060236,2100367.299462205,2100367.299462205,0,False
2012-08-16,2012-08-15,2012-07-31,0.06799317356205853,1.0,,0.6151834692551224,1379966.6665270452,2188611.6531060236,2101377.9865789786,2101377.9865789786,0,False
2012-08-17,2012-08-16,2012-07-31,0.06799317356205853,1.0,,0.6143130794440887,1380098.992097808,2188611.6531060236,2096292.6610082155,2096292.6610082155,0,False
2012-08-20,2012-08-17,2012-07-31,0.06799317356205853,1.0,,0.6144995233891805,1380496.0068763567,2188611.6531060236,2096276.646229667,2096276.646229667,0,False
2012-08-21,2012-08-20,2012-07-31,0.06799317356205853,1.0,,0.6179410818911901,1380628.383205783,2188611.6531060236,2114813.2699002405,2114813.2699002405,0,False
2012-08-22,2012-08-21,2012-07-31,0.06799317356205853,1.0,,0.6115408435102904,1380760.7722288303,2188611.6531060236,2079628.8808771933,2079628.8808771933,0,False
2012-08-23,2012-08-22,2012-07-31,0.06799317356205853,1.0,,0.6105093582537202,1380893.1739467152,2188611.6531060236,2073781.4791593084,2073781.4791593084,0,False
2012-08-24,2012-08-23,2012-07-31,0.06799317356205853,1.0,,0.0,1337152.2191204154,3344156.1923657833,2007003.9732453679,2007003.9732453679,0,False
2012-08-27,2012-08-24,2012-07-31,0.06799317356205853,1.0,,0.0,1336408.4624699545,3343027.7754879044,2006619.31301795,2006619.31301795,0,False
2012-08-28,2012-08-27,2012-07-31,0.06799317356205853,1.0,,0.0,1336323.115398009,3342814.279659284,2006491.1642612747,2006491.1642612747,0,False
2012-08-29,2012-08-28,2012-07-31,0.06799317356205853,1.0,,0.0,1336237.7737765845,3342600.79746515,2006363.0236885652,2006363.0236885652,0,False
2012-08-30,2012-08-29,2012-07-31,0.06799317356205853,1.0,,0.0,1336152.4376053333,3342387.3289046325,2006234.8912992992,2006234.8912992992,0,False
2012-08-31,2012-08-30,2012-07-31,0.06799317356205853,1.0,,0.0,1336067.106883907,3342173.87397686,2006106.7670929532,2006106.7670929532,0,False
2012-09-03,2012-08-31,2012-08-31,0.07166862090813093,1.0,,0.04922342874272619,1335811.1310680592,3242794.6900091693,2005711.55894111,2005711.55894111,0,False
2012-09-04,2012-09-03,2012-08-31,0.07166862090813093,1.0,,0.0997574199771709,1335939.222546381,3142679.6785691692,2006948.4560227883,2006948.4560227883,0,False
2012-09-05,2012-09-04,2012-08-31,0.07166862090813093,1.0,,0.15169872882863855,1336067.326307447,3044063.8320191693,2013431.5057117224,2013431.5057117224,0,False
2012-09-06,2012-09-05,2012-08-31,0.07166862090813093,1.0,,0.20081164397717063,1336195.4423524353,2943672.790219169,2011387.3478667338,2011387.3478667338,0,False
2012-09-07,2012-09-06,2012-08-31,0.07166862090813093,1.0,,0.25328735663120494,1336323.570682524,2843826.808369169,2018853.237686645,2018853.237686645,0,False
2012-09-10,2012-09-07,2012-08-31,0.07166862090813093,1.0,,0.3012167559246194,1336707.9925316244,2744677.9031891692,2014887.9106575449,2014887.9106575449,0,False
2012-09-11,2012-09-10,2012-08-31,0.07166862090813093,1.0,,0.34800583563666826,1336836.1700103602,2646513.1062491694,2008724.9362388093,2008724.9362388093,0,False
2012-09-12,2012-09-11,2012-08-31,0.07166862090813093,1.0,,0.3977608452374414,1336964.3597800871,2548020.2732291697,2010921.9134490825,2010921.9134490825,0,False
2012-09-13,2012-09-12,2012-08-31,0.07166862090813093,1.0,,0.44564332719437905,1336970.8317838658,2449815.755251052,2007452.923467186,2007452.923467186,0,False
2012-09-14,2012-09-13,2012-08-31,0.07166862090813093,1.0,,0.4953327022466282,1337099.0344663656,2351445.9357610517,2009931.9012946861,2009931.9012946861,0,False
2012-09-17,2012-09-14,2012-08-31,0.07166862090813093,1.0,,0.5394212117407817,1323709.8027403974,2239129.22058736,1987541.4178469628,1987541.4178469628,0,False
2012-09-18,2012-09-17,2012-08-31,0.07166862090813093,1.0,,0.585660938570246,1314791.550188812,2132759.3324188,1974150.782229988,1974150.782229988,0,False
2012-09-19,2012-09-18,2012-08-31,0.07166862090813093,1.0,,0.5981825413205408,1313371.1184143915,2105764.5703123063,1972023.4518979148,1972023.4518979148,0,False
2012-09-20,2012-09-19,2012-08-31,0.07166862090813093,1.0,,0.5965512155881851,1307849.1831262845,2100116.695327913,1963737.5122016284,1963737.5122016284,0,False
2012-09-21,2012-09-20,2012-08-31,0.07166862090813093,1.0,,0.6024282718282891,1307974.5933219267,2090879.6030079129,1969217.009685986,1969217.009685986,0,False
2012-09-24,2012-09-21,2012-08-31,0.07166862090813093,1.0,,0.6040937750853467,1308350.859985759,2090879.6030079129,1976550.7430221536,1976550.7430221536,0,False
2012-09-25,2012-09-24,2012-08-31,0.07166862090813093,1.0,,0.6019582661293674,1308476.3182874015,2090879.6030079129,1965631.2847205112,1965631.2847205112,0,False
2012-09-26,2012-09-25,2012-08-31,0.07166862090813093,1.0,,0.0,1297730.1803828215,3245562.572511443,1947832.3921286215,1947832.3921286215,0,False
2012-09-27,2012-09-26,2012-08-31,0.07166862090813093,1.0,,0.04920220125915415,1297173.496197375,3149039.9070356856,1947697.4108383106,1947697.4108383106,0,False
2012-09-28,2012-09-27,2012-08-31,0.07166862090813093,1.0,,0.09919816326983948,1297297.8826970104,3053149.3602356855,1949209.477538675,1949209.477538675,0,False
2012-10-08,2012-09-28,2012-09-28,0.06873078512396694,0.9833333333333333,,0.14698546752388425,1294363.336516219,2952178.183763815,1943477.8472475961,1943477.8472475961,0,False
2012-10-09,2012-10-08,2012-09-28,0.06873078512396694,0.9833333333333333,,0.2500037908054988,1294487.4535484877,2758292.858723815,1951750.4051753273,1951750.4051753273,0,False
2012-10-10,2012-10-09,2012-09-28,0.06873078512396694,0.9833333333333333,,0.3977668376460708,1294611.5824823896,2468943.033743815,1949961.4512614254,1949961.4512614254,0,False
2012-10-11,2012-10-10,2012-09-28,0.06873078512396694,0.9833333333333333,,0.5975019657347066,1294735.723319066,2080246.2818038152,1951588.5584847492,1951588.5584847492,0,False
2012-10-12,2012-10-11,2012-09-28,0.06873078512396694,0.9833333333333333,,0.7938322065218846,1293659.3162256086,1694117.3845097658,1942389.068284157,1942389.068284157,0,False
2012-10-15,2012-10-12,2012-09-28,0.06873078512396694,0.9833333333333333,,0.8429726374286735,1287194.796529348,1590662.166943084,1932576.370413736,1932576.370413736,0,False
2012-10-16,2012-10-15,2012-09-28,0.06873078512396694,0.9833333333333333,,0.9909442798588283,1276865.8165566248,1294227.3027223377,1917184.4861657128,1917184.4861657128,0,False
2012-10-17,2012-10-16,2012-09-28,0.06873078512396694,0.9833333333333333,,1.1405010237009443,1276988.2557445138,1004794.4686123377,1937308.2128678237,1937308.2128678237,0,False
2012-10-18,2012-10-17,2012-09-28,0.06873078512396694,0.9833333333333333,,1.2850638294642895,1277110.706673147,706825.6956523377,2000551.9889791908,2000551.9889791908,0,False
2012-10-19,2012-10-18,2012-09-28,0.06873078512396694,0.9833333333333333,,1.5326898434316174,1277233.1693436499,208353.86978233772,2006569.700438688,2006569.700438688,0,False
2012-10-22,2012-10-19,2012-09-28,0.06873078512396694,0.9833333333333333,,1.6659084355334304,1344323.9779718083,0.0,2018782.0220281917,2018782.0220281917,0,False
2012-10-23,2012-10-22,2012-09-28,0.06873078512396694,0.9833333333333333,,1.6941325317940048,1344452.885750518,0.0,1936882.114249482,1936882.114249482,0,False
2012-10-24,2012-10-23,2012-09-28,0.06873078512396694,0.9833333333333333,,1.6659784865430132,1285329.5132770953,88.76526684782988,1929853.2519897525,1929853.2519897525,0,False
2012-10-25,2012-10-24,2012-09-28,0.06873078512396694,0.9833333333333333,,1.665819308874292,1262308.4288088616,385.623683368467,1895293.1948745071,1895293.1948745071,0,False
2012-10-26,2012-10-25,2012-09-28,0.06873078512396694,0.9833333333333333,,1.6841354089514609,1262043.8483994885,0.0,1844728.1516005115,1844728.1516005115,0,False
2012-10-29,2012-10-26,2012-09-28,0.06873078512396694,0.9833333333333333,,1.6675547801570092,1262406.902109302,0.0,1891091.097890698,1891091.097890698,0,False
2012-10-30,2012-10-29,2012-09-28,0.06873078512396694,0.9833333333333333,,1.6759170716504572,1262527.9548259426,0.0,1867874.0451740574,1867874.0451740574,0,False
2012-10-31,2012-10-30,2012-09-28,0.06873078512396694,0.9833333333333333,,1.6659947301998812,1264002.032630378,0.0,1897915.967369622,1897915.967369622,0,False
2012-11-01,2012-10-31,2012-10-31,0.06996924524312895,0.9833333333333333,,1.6659067231270197,1328072.2294747399,0.0,1994381.7705252601,1994381.7705252601,0,False
2012-11-02,2012-11-01,2012-10-31,0.06996924524312895,0.9833333333333333,,1.6691470245393254,1328199.5788666073,0.0,1984914.4211333927,1984914.4211333927,0,False
2012-11-05,2012-11-02,2012-10-31,0.06996924524312895,0.9833333333333333,,1.6798654143560596,1328581.6636769662,0.0,1954183.3363230338,1954183.3363230338,0,False
2012-11-06,2012-11-05,2012-10-31,0.06996924524312895,0.9833333333333333,,1.6794922810328292,1328709.0619186887,0.0,1955443.9380813113,1955443.9380813113,0,False
2012-11-07,2012-11-06,2012-10-31,0.06996924524312895,0.9833333333333333,,1.6935282061525612,1328836.472376681,0.0,1916052.527623319,1916052.527623319,0,False
2012-11-08,2012-11-07,2012-10-31,0.06996924524312895,0.9833333333333333,,1.7100432558664718,1328963.8950521143,0.0,1871666.1049478857,1871666.1049478857,0,False
2012-11-09,2012-11-08,2012-10-31,0.06996924524312895,0.9833333333333333,,1.7144236254568272,1329091.3299461603,0.0,1860368.6700538397,1860368.6700538397,0,False
2012-11-12,2012-11-09,2012-10-31,0.06996924524312895,0.9833333333333333,,1.3239018466092431,1195071.284922424,614023.1561847724,1793901.8712623485,1793901.8712623485,0,False
2012-11-13,2012-11-12,2012-10-31,0.06996924524312895,0.9833333333333333,,0.7986353786842764,1159335.0214068843,1509732.0138025961,1740111.992395712,1740111.992395712,0,False
2012-11-14,2012-11-13,2012-10-31,0.06996924524312895,0.9833333333333333,,0.7502849079575408,1159446.1905185261,1596067.317122596,1748477.1266040702,1748477.1266040702,0,False
2012-11-15,2012-11-14,2012-10-31,0.06996924524312895,0.9833333333333333,,0.7478526313195973,1152959.184590363,1589469.1314227392,1731169.9468323765,1731169.9468323765,0,False
2012-11-16,2012-11-15,2012-10-31,0.06996924524312895,0.9833333333333333,,0.7986552664930228,1153069.742320392,1502939.6142227394,1737665.8719023473,1737665.8719023473,0,False
2012-11-19,2012-11-16,2012-10-31,0.06996924524312895,0.9833333333333333,,0.8020867609782121,1153401.447314758,1502939.6142227394,1766118.1669079813,1766118.1669079813,0,False
2012-11-20,2012-11-19,2012-10-31,0.06996924524312895,0.9833333333333333,,0.8022715735927013,1153512.0474535418,1502939.6142227394,1767209.5667691976,1767209.5667691976,0,False
2012-11-21,2012-11-20,2012-10-31,0.06996924524312895,0.9833333333333333,,0.8544242866100358,1153622.658197818,1413691.7980427393,1786487.1398449212,1786487.1398449212,0,False
2012-11-22,2012-11-21,2012-10-31,0.06996924524312895,0.9833333333333333,,0.9030509233187342,1153733.2795486043,1325287.0745927393,1769524.795044135,1769524.795044135,0,False
2012-11-23,2012-11-22,2012-10-31,0.06996924524312895,0.9833333333333333,,1.0030387249167787,1153843.911506917,1148460.6258227394,1771560.7143158226,1771560.7143158226,0,False
2012-11-26,2012-11-23,2012-10-31,0.06996924524312895,0.9833333333333333,,1.1029773347384504,1154175.8392074876,973607.3940827394,1753477.5548752518,1753477.5548752518,0,False
2012-11-27,2012-11-26,2012-10-31,0.06996924524312895,0.9833333333333333,,1.2031699088228482,1154286.5136030281,801642.1406027393,1735711.6269997114,1735711.6269997114,0,False
2012-11-28,2012-11-27,2012-10-31,0.06996924524312895,0.9833333333333333,,1.3025254219480247,1154397.198611182,627524.5618427391,1741581.3632315572,1741581.3632315572,0,False
2012-11-29,2012-11-28,2012-10-31,0.06996924524312895,0.9833333333333333,,1.4039935015681324,1153138.1526281086,453655.8474378812,1731419.6948097723,1731419.6948097723,0,False
2012-11-30,2012-11-29,2012-10-31,0.06996924524312895,0.9833333333333333,,1.5372950200075568,1153248.7275194565,184364.22861788122,1803263.501098425,1803263.501098425,0,False
2012-12-03,2012-11-30,2012-11-30,0.07371925408942202,1.0,,1.6659436117202584,1196377.4127448343,0.0,1796514.5872551657,1796514.5872551657,0,False
2012-12-04,2012-12-03,2012-11-30,0.07371925408942202,1.0,,1.6658314126859695,1197935.1482466045,0.0,1799156.8517533955,1799156.8517533955,0,False
2012-12-05,2012-12-04,2012-11-30,0.07371925408942202,1.0,,1.6659754174079655,1264258.257800272,0.0,1898355.742199728,1898355.742199728,0,False
2012-12-06,2012-12-05,2012-11-30,0.07371925408942202,1.0,,1.6656376675745286,1267324.5174441708,0.0,1903925.4825558292,1903925.4825558292,0,False
2012-12-07,2012-12-06,2012-11-30,0.07371925408942202,1.0,,1.665890148558242,1298657.3537729667,0.0,1950257.6462270333,1950257.6462270333,0,False
2012-12-10,2012-12-07,2012-11-30,0.07371925408942202,1.0,,1.6657202015626376,1304995.999735011,0.0,1960277.000264989,1960277.000264989,0,False
2012-12-11,2012-12-10,2012-11-30,0.07371925408942202,1.0,,1.6667776466032103,1305121.1363377254,0.0,1957355.8636622746,1957355.8636622746,0,False
2012-12-12,2012-12-11,2012-11-30,0.07371925408942202,1.0,,1.6656331282414056,1314071.37313984,0.0,1974167.62686016,1974167.62686016,0,False
2012-12-13,2012-12-12,2012-11-30,0.07371925408942202,1.0,,1.6675977935300568,1314197.3799838398,0.0,1968546.6200161602,1968546.6200161602,0,False
2012-12-14,2012-12-13,2012-11-30,0.07371925408942202,1.0,,1.6658706727376134,1395438.3205706875,0.0,2095659.6794293125,2095659.6794293125,0,False
2012-12-17,2012-12-14,2012-11-30,0.07371925408942202,1.0,,1.666430292314915,1395839.7480327694,0.0,2094502.2519672306,2094502.2519672306,0,False
2012-12-18,2012-12-17,2012-11-30,0.07371925408942202,1.0,,1.6659453717098773,1397496.610859841,0.0,2098515.389140159,2098515.389140159,0,False
2012-12-19,2012-12-18,2012-11-30,0.07371925408942202,1.0,,1.667905834698247,1397630.6173841702,0.0,2092556.3826158298,2092556.3826158298,0,False
2012-12-20,2012-12-19,2012-11-30,0.07371925408942202,1.0,,1.6688744810541813,1397764.63675844,0.0,2089726.36324156,2089726.36324156,0,False
2012-12-21,2012-12-20,2012-11-30,0.07371925408942202,1.0,,1.6748144828264193,1397898.6689838825,0.0,2071530.3310161175,2071530.3310161175,0,False
2012-12-24,2012-12-21,2012-11-30,0.07371925408942202,1.0,,1.6659110099686103,1404010.8612674258,0.0,2108406.138732574,2108406.138732574,0,False
2012-12-25,2012-12-24,2012-11-30,0.07371925408942202,1.0,,1.6656761765871972,1456533.2544659036,0.0,2188050.7455340964,2188050.7455340964,0,False
2012-12-26,2012-12-25,2012-11-30,0.07371925408942202,1.0,,1.665843544569698,1471873.0739382496,0.0,2210538.9260617504,2210538.9260617504,0,False
2012-12-27,2012-12-26,2012-11-30,0.07371925408942202,1.0,,1.6815502882665871,1472014.2124521888,0.0,2159802.787547811,2159802.787547811,0,False
2012-12-28,2012-12-27,2012-11-30,0.07371925408942202,1.0,,1.680839273551841,1472155.3644999582,0.0,2162265.635500042,2162265.635500042,0,False
2012-12-31,2012-12-28,2012-11-30,0.07371925408942202,1.0,,1.6699828558568037,1472578.86124865,0.0,2197935.1387513503,2197935.1387513503,0,False
2013-01-04,2012-12-31,2012-12-31,0.05959088465204957,0.8833333333333333,,1.6658685798907338,1486198.8164673478,0.0,2231970.1835326524,2231970.1835326524,0,False
2013-01-07,2013-01-04,2012-12-31,0.05959088465204957,0.8833333333333333,,1.6657285859194197,1513933.626133181,0.0,2274100.373866819,2274100.373866819,0,False
2013-01-08,2013-01-07,2012-12-31,0.05959088465204957,0.8833333333333333,,1.6815001496998965,1514078.7978507553,0.0,2221685.202149245,2221685.202149245,0,False
2013-01-09,2013-01-08,2012-12-31,0.05959088465204957,0.8833333333333333,,1.6905927145886261,1514223.9834889052,0.0,2192644.0165110948,2192644.0165110948,0,False
2013-01-10,2013-01-09,2012-12-31,0.05959088465204957,0.8833333333333333,,1.6907150712866905,1514369.1830489659,0.0,2192465.816951034,2192465.816951034,0,False
2013-01-11,2013-01-10,2012-12-31,0.05959088465204957,0.8833333333333333,,1.7158331495754042,1514514.396532272,0.0,2115736.603467728,2115736.603467728,0,False
2013-01-14,2013-01-11,2012-12-31,0.05959088465204957,0.8833333333333333,,1.6658949009986919,1471356.4515485493,285.0259726174104,2209164.574424068,2209164.574424068,0,False
2013-01-15,2013-01-14,2012-12-31,0.05959088465204957,0.8833333333333333,,1.6659819093464339,1471965.522030738,0.0,2210218.477969262,2210218.477969262,0,False
2013-01-16,2013-01-15,2012-12-31,0.05959088465204957,0.8833333333333333,,1.6825191498499952,1472106.6694095628,0.0,2156872.330590437,2156872.330590437,0,False
2013-01-17,2013-01-16,2012-12-31,0.05959088465204957,0.8833333333333333,,1.6657792633197241,1430417.597004837,573.4827117689201,2147624.8857069323,2147624.8857069323,0,False
2013-01-18,2013-01-17,2012-12-31,0.05959088465204957,0.8833333333333333,,1.665944546477097,1463373.1105742878,0.0,2197439.889425712,2197439.889425712,0,False
2013-01-21,2013-01-18,2012-12-31,0.05959088465204957,0.8833333333333333,,1.6658914646499816,1489178.2179111654,0.0,2236367.782088835,2236367.782088835,0,False
2013-01-22,2013-01-21,2012-12-31,0.05959088465204957,0.8833333333333333,,1.665872008886185,1521774.340302472,0.0,2285385.659697528,2285385.659697528,0,False
2013-01-23,2013-01-22,2012-12-31,0.05959088465204957,0.8833333333333333,,1.66596748584432,1550428.5487993504,0.0,2328084.4512006496,2328084.4512006496,0,False
2013-01-24,2013-01-23,2012-12-31,0.05959088465204957,0.8833333333333333,,1.672322785537035,1550577.2200300572,0.0,2306298.7799699428,2306298.7799699428,0,False
2013-01-25,2013-01-24,2012-12-31,0.05959088465204957,0.8833333333333333,,1.665913347295279,1582279.2209969095,0.0,2376103.77900309,2376103.77900309,0,False
2013-01-28,2013-01-25,2012-12-31,0.05959088465204957,0.8833333333333333,,1.665906696981779,1660520.9527911688,0.0,2493624.047208831,2493624.047208831,0,False
2013-01-29,2013-01-28,2012-12-31,0.05959088465204957,0.8833333333333333,,1.6679616737466012,1660680.1808277378,0.0,2486190.819172262,2486190.819172262,0,False
2013-01-30,2013-01-29,2012-12-31,0.05959088465204957,0.8833333333333333,,1.6657882676430638,1687101.6867027488,0.0,2533991.3132972512,2533991.3132972512,0,False
2013-01-31,2013-01-30,2012-12-31,0.05959088465204957,0.8833333333333333,,1.6658409071768427,1710648.6973768163,0.0,2569155.3026231835,2569155.3026231835,0,False
2013-02-01,2013-01-31,2013-01-31,0.0540360900900901,0.8,,1.6659474509295586,1746182.0858234141,0.0,2622101.914176586,2622101.914176586,0,False
2013-02-04,2013-02-01,2013-01-31,0.0540360900900901,0.8,,1.665799365186156,1746684.4121768703,0.0,2623439.5878231297,2623439.5878231297,0,False
2013-02-05,2013-02-04,2013-01-31,0.0540360900900901,0.8,,1.665905705254218,1776712.2010129695,0.0,2668113.7989870305,2668113.7989870305,0,False
2013-02-06,2013-02-05,2013-01-31,0.0540360900900901,0.8,,1.671825464380622,1776882.5706760804,0.0,2644857.4293239196,2644857.4293239196,0,False
2013-02-07,2013-02-06,2013-01-31,0.0540360900900901,0.8,,1.6766655309382128,1777052.9566760082,0.0,2626191.043323992,2626191.043323992,0,False
2013-02-08,2013-02-07,2013-01-31,0.0540360900900901,0.8,,1.6662206754324385,1777223.3590143195,0.0,2667619.6409856807,2667619.6409856807,0,False
2013-02-18,2013-02-08,2013-01-31,0.0540360900900901,0.8,,1.6691195440475786,1778927.545796936,0.0,2658609.454203064,2658609.454203064,0,False
2013-02-19,2013-02-18,2013-01-31,0.0540360900900901,0.8,,1.708775550679409,1779098.1278903685,0.0,2510100.8721096315,2510100.8721096315,0,False
2013-02-20,2013-02-19,2013-01-31,0.0540360900900901,0.8,,1.7056193297199362,1779268.7263409882,0.0,2521570.273659012,2521570.273659012,0,False
2013-02-21,2013-02-20,2013-01-31,0.0540360900900901,0.8,,1.7106046844384384,1662760.5586503635,0.0,2339923.4413496368,2339923.4413496368,0,False
2013-02-22,2013-02-21,2013-01-31,0.0540360900900901,0.8,,1.6721355167676155,1547952.1746236586,0.0,2303035.825376341,2303035.825376341,0,False
2013-02-25,2013-02-22,2013-01-31,0.0540360900900901,0.8,,1.665912357421288,1546473.661027845,258.94171367808303,2321949.280685833,2321949.280685833,0,False
2013-02-26,2013-02-25,2013-01-31,0.0540360900900901,0.8,,1.6658020295984197,1486749.0884681658,494.7539591059103,2232276.6654909393,2232276.6654909393,0,False
2013-02-27,2013-02-26,2013-01-31,0.0540360900900901,0.8,,1.665711079917088,1501079.9759701458,0.0,2254852.024029854,2254852.024029854,0,False
2013-02-28,2013-02-27,2013-01-31,0.0540360900900901,0.8,,1.6659544296315556,1589264.9704259238,0.0,2386447.029574076,2386447.029574076,0,False
2013-03-01,2013-02-28,2013-02-28,0.05570202841429881,0.8,,1.6658344399524219,1597084.6819570605,0.0,2398621.3180429395,2398621.3180429395,0,False
2013-03-04,2013-03-01,2013-02-28,0.05570202841429881,0.8,,1.68814546306657,1490005.7557165276,0.0,2165248.244283472,2165248.244283472,0,False
2013-03-05,2013-03-04,2013-02-28,0.05570202841429881,0.8,,1.6656519041469482,1490970.6411507744,0.0,2239865.3588492256,2239865.3588492256,0,False
2013-03-06,2013-03-05,2013-02-28,0.05570202841429881,0.8,,1.665666963239676,1505343.958178282,0.0,2261407.041821718,2261407.041821718,0,False
2013-03-07,2013-03-06,2013-02-28,0.05570202841429881,0.8,,1.665958673635887,1493584.716051442,202.10172237575875,2242455.385670934,2242455.385670934,0,False
2013-03-08,2013-03-07,2013-02-28,0.05570202841429881,0.8,,1.6673809066292675,1493525.8347812905,0.0,2237891.1652187095,2237891.1652187095,0,False
2013-03-11,2013-03-08,2013-02-28,0.05570202841429881,0.8,,1.6659934860897232,1470666.208853123,42.90500360782539,2208164.6961504845,2208164.6961504845,0,False
2013-03-12,2013-03-11,2013-02-28,0.05570202841429881,0.8,,1.6657802318689652,1472678.3457266653,0.0,2211958.654273335,2211958.654273335,0,False
2013-03-13,2013-03-12,2013-02-28,0.05570202841429881,0.8,,1.687939156747718,1472819.5614584472,0.0,2140915.438541553,2140915.438541553,0,False
2013-03-14,2013-03-13,2013-02-28,0.05570202841429881,0.8,,1.6851422707573853,1472960.7907314638,0.0,2149861.2092685364,2149861.2092685364,0,False
2013-03-15,2013-03-14,2013-02-28,0.05570202841429881,0.8,,1.6762892592388796,1473102.0335470133,0.0,2178212.966452987,2178212.966452987,0,False
2013-03-18,2013-03-15,2013-02-28,0.05570202841429881,0.8,,1.6894571124175297,1473525.802625157,0.0,2137226.197374843,2137226.197374843,0,False
2013-03-19,2013-03-18,2013-02-28,0.05570202841429881,0.8,,1.668803857902959,1473667.0996199292,0.0,2203436.900380071,2203436.900380071,0,False
2013-03-20,2013-03-19,2013-02-28,0.05570202841429881,0.8,,1.6658323230106449,1522251.8945437283,0.0,2286239.1054562717,2286239.1054562717,0,False
2013-03-21,2013-03-20,2013-02-28,0.05570202841429881,0.8,,1.6682426574878175,1522397.8639034792,0.0,2278211.136096521,2278211.136096521,0,False
2013-03-22,2013-03-21,2013-02-28,0.05570202841429881,0.8,,1.6660019934630441,1529851.920240292,0.0,2297068.0797597077,2297068.0797597077,0,False
2013-03-25,2013-03-22,2013-02-28,0.05570202841429881,0.8,,1.6688368499915895,1530292.0146283065,0.0,2287989.9853716935,2287989.9853716935,0,False
2013-03-26,2013-03-25,2013-02-28,0.05570202841429881,0.8,,1.673919094679773,1530438.7549584764,0.0,2270953.2450415236,2270953.2450415236,0,False
2013-03-27,2013-03-26,2013-02-28,0.05570202841429881,0.8,,1.6750891959690215,1530585.5093596368,0.0,2267234.490640363,2267234.490640363,0,False
2013-03-28,2013-03-27,2013-02-28,0.05570202841429881,0.8,,1.6986325093580623,1530732.277833137,0.0,2191040.7221668633,2191040.7221668633,0,False
2013-03-29,2013-03-28,2013-02-28,0.05570202841429881,0.8,,1.6932930498298275,1530879.0603803264,0.0,2208126.9396196734,2208126.9396196734,0,False
2013-04-01,2013-03-29,2013-03-29,0.06361790099009901,0.9,,1.6901984169797462,1531319.4502470111,0.0,2218665.549752989,2218665.549752989,0,False
2013-04-02,2013-04-01,2013-03-29,0.06361790099009901,0.9,,1.6741624329004137,1531466.2890984046,0.0,2271657.7109015957,2271657.7109015957,0,False
2013-04-03,2013-04-02,2013-03-29,0.06361790099009901,0.9,,1.6771791101203024,1531613.1420302358,0.0,2261754.857969764,2261754.857969764,0,False
2013-04-08,2013-04-03,2013-03-29,0.06361790099009901,0.9,,1.6731821938352944,1532347.4770983325,0.0,2276274.5229016673,2276274.5229016673,0,False
2013-04-09,2013-04-08,2013-03-29,0.06361790099009901,0.9,,1.6655816283705704,1534328.4328176433,0.0,2305244.5671823565,2305244.5671823565,0,False
2013-04-10,2013-04-09,2013-03-29,0.06361790099009901,0.9,,1.6741434741527597,1534475.560201612,0.0,2276185.4397983877,2276185.4397983877,0,False
2013-04-11,2013-04-10,2013-03-29,0.06361790099009901,0.9,,1.6680852287675756,1534622.7016936862,0.0,2297046.298306314,2297046.298306314,0,False
2013-04-12,2013-04-11,2013-03-29,0.06361790099009901,0.9,,1.6732535797592656,1533456.5299852183,0.0,2277680.4700147817,2277680.4700147817,0,False
2013-04-15,2013-04-12,2013-03-29,0.06361790099009901,0.9,,1.6834307442535141,1533897.661315762,0.0,2244408.338684238,2244408.338684238,0,False
2013-04-16,2013-04-15,2013-03-29,0.06361790099009901,0.9,,1.669314722061048,1534044.7473928744,0.0,2291963.252607126,2291963.252607126,0,False
2013-04-17,2013-04-16,2013-03-29,0.06361790099009901,0.9,,1.6652292430030435,1546974.7832741314,0.0,2325476.2167258686,2325476.2167258686,0,False
2013-04-18,2013-04-17,2013-03-29,0.06361790099009901,0.9,,1.669819027287717,1547123.1233218426,0.0,2309762.8766781576,2309762.8766781576,0,False
2013-04-19,2013-04-18,2013-03-29,0.06361790099009901,0.9,,1.665620223333165,1593860.943433942,0.0,2394550.0565660577,2394550.0565660577,0,False
2013-04-22,2013-04-19,2013-03-29,0.06361790099009901,0.9,,1.66674880962007,1594319.4513765736,0.0,2391184.5486234264,2391184.5486234264,0,False
2013-04-23,2013-04-22,2013-03-29,0.06361790099009901,0.9,,1.6652242597250184,1486166.7913382389,1871.4314942729834,2231270.6401560344,2231270.6401560344,0,False
2013-04-24,2013-04-23,2013-03-29,0.06361790099009901,0.9,,1.6651481152249288,1501921.0437683407,0.0,2258024.9562316593,2258024.9562316593,0,False
2013-04-25,2013-04-24,2013-03-29,0.06361790099009901,0.9,,1.6943971732299146,1502065.0635944556,0.0,2163120.936405544,2163120.936405544,0,False
2013-04-26,2013-04-25,2013-03-29,0.06361790099009901,0.9,,1.6927072804295007,1502209.0972306908,0.0,2168605.9027693095,2168605.9027693095,0,False
2013-05-02,2013-04-26,2013-04-26,0.06825110256410256,0.9333333333333333,,1.6986643515724293,1503073.3819167686,0.0,2151352.618083231,2151352.618083231,0,False
2013-05-03,2013-05-02,2013-04-26,0.06825110256410256,0.9333333333333333,,1.6696713120193505,1496077.512241062,0.0,2234047.487758938,2234047.487758938,0,False
2013-05-06,2013-05-03,2013-04-26,0.06825110256410256,0.9333333333333333,,1.6654596897774963,1509743.0230034874,0.0,2268721.9769965126,2268721.9769965126,0,False
2013-05-07,2013-05-06,2013-04-26,0.06825110256410256,0.9333333333333333,,1.665606404535568,1541700.1109524055,0.0,2316233.8890475947,2316233.8890475947,0,False
2013-05-08,2013-05-07,2013-04-26,0.06825110256410256,0.9333333333333333,,1.6656654302598757,1558710.11377962,0.0,2341581.8862203797,2341581.8862203797,0,False
2013-05-09,2013-05-08,2013-04-26,0.06825110256410256,0.9333333333333333,,1.6653737716428916,1578928.7797729962,0.0,2372995.220227004,2372995.220227004,0,False
2013-05-10,2013-05-09,2013-04-26,0.06825110256410256,0.9333333333333333,,1.6659299102743168,1579080.1839025635,0.0,2371240.8160974365,2371240.8160974365,0,False
2013-05-13,2013-05-10,2013-04-26,0.06825110256410256,0.9333333333333333,,1.6722774683018677,1579534.439845878,0.0,2349527.5601541223,2349527.5601541223,0,False
2013-05-14,2013-05-13,2013-04-26,0.06825110256410256,0.9333333333333333,,1.6932350649013546,1579685.9020524386,0.0,2278716.097947561,2278716.097947561,0,False
2013-05-15,2013-05-14,2013-04-26,0.06825110256410256,0.9333333333333333,,1.6660774814781492,1552823.5029306738,37.94169679020325,2331238.6387661165,2331238.6387661165,0,False
2013-05-16,2013-05-15,2013-04-26,0.06825110256410256,0.9333333333333333,,1.6658797210551999,1570749.6401677262,0.0,2358908.959832274,2358908.959832274,0,False
2013-05-17,2013-05-16,2013-04-26,0.06825110256410256,0.9333333333333333,,1.665926009820011,1610684.6576862354,0.0,2418714.1423137644,2418714.1423137644,0,False
2013-05-20,2013-05-17,2013-04-26,0.06825110256410256,0.9333333333333333,,1.665888059993814,1616754.0613374875,0.0,2427966.738662512,2427966.738662512,0,False
2013-05-21,2013-05-20,2013-04-26,0.06825110256410256,0.9333333333333333,,1.665822494418416,1624558.1688888485,0.0,2439926.8311111517,2439926.8311111517,0,False
2013-05-22,2013-05-21,2013-04-26,0.06825110256410256,0.9333333333333333,,1.6674567105937697,1624713.9484392898,0.0,2434186.2515607104,2434186.2515607104,0,False
2013-05-23,2013-05-22,2013-04-26,0.06825110256410256,0.9333333333333333,,1.6923698235718192,1624869.7429274963,0.0,2346823.457072504,2346823.457072504,0,False
2013-05-24,2013-05-23,2013-04-26,0.06825110256410256,0.9333333333333333,,1.6943282346401036,1625025.5523549004,0.0,2340428.4476451,2340428.4476451,0,False
2013-05-27,2013-05-24,2013-04-26,0.06825110256410256,0.9333333333333333,,1.6859509565639184,1625493.0254590025,0.0,2369692.774540997,2369692.774540997,0,False
2013-05-28,2013-05-27,2013-04-26,0.06825110256410256,0.9333333333333333,,1.6746485606468156,1625648.8946532246,0.0,2409623.305346776,2409623.305346776,0,False
2013-05-29,2013-05-28,2013-04-26,0.06825110256410256,0.9333333333333333,,1.6684585224792463,1625804.7787938078,0.0,2432170.0212061917,2432170.0212061917,0,False
2013-05-30,2013-05-29,2013-04-26,0.06825110256410256,0.9333333333333333,,1.6751183044529379,1625960.6778821854,0.0,2408408.522117815,2408408.522117815,0,False
2013-05-31,2013-05-30,2013-04-26,0.06825110256410256,0.9333333333333333,,1.6846779580693234,1626116.5919197905,0.0,2375009.4080802095,2375009.4080802095,0,False
2013-06-03,2013-05-31,2013-05-31,0.06510348756218905,0.9,,1.6925131163065759,1626584.3788845893,0.0,2348813.821115411,2348813.821115411,0,False
2013-06-04,2013-06-03,2013-05-31,0.06510348756218905,0.9,,1.6759452147485978,1543090.3527291398,0.0,2282863.04727086,2282863.04727086,0,False
2013-06-05,2013-06-04,2013-05-31,0.06510348756218905,0.9,,1.665954472109548,1528015.9742820582,158.1004548484343,2294237.72617279,2294237.72617279,0,False
2013-06-06,2013-06-05,2013-05-31,0.06510348756218905,0.9,,1.6755897280687106,1528004.3959069354,0.0,2261734.2040930646,2261734.2040930646,0,False
2013-06-07,2013-06-06,2013-05-31,0.06510348756218905,0.9,,1.6947172239626382,1528150.916876406,0.0,2199673.2831235942,2199673.2831235942,0,False
2013-06-13,2013-06-07,2013-05-31,0.06510348756218905,0.9,,1.7528353970976893,1529030.126992965,0.0,2031028.4730070352,2031028.4730070352,0,False
2013-06-14,2013-06-13,2013-05-31,0.06510348756218905,0.9,,1.744295684110248,1511126.7463202109,0.0,2030277.4536797893,2030277.4536797893,0,False
2013-06-17,2013-06-14,2013-05-31,0.06510348756218905,0.9,,1.3920925235173152,1340668.8864264376,552346.0868320799,2010553.0004056422,2010553.0004056422,0,False
2013-06-18,2013-06-17,2013-05-31,0.06510348756218905,0.9,,1.5371571308960172,1340797.443716917,249116.73527207994,2032330.2915551628,2032330.2915551628,0,False
2013-06-19,2013-06-18,2013-05-31,0.06510348756218905,0.9,,1.317620786450344,1330559.5232102235,696365.8637074959,1996700.7404972722,1996700.7404972722,0,False
2013-06-20,2013-06-19,2013-05-31,0.06510348756218905,0.9,,1.4261029223148138,1292822.784830126,465691.3306379125,1941154.145807786,1941154.145807786,0,False
2013-06-21,2013-06-20,2013-05-31,0.06510348756218905,0.9,,1.5112896998202754,1283323.1099487683,298123.8328884204,1926890.5229396522,1926890.5229396522,0,False
2013-06-24,2013-06-21,2013-05-31,0.06510348756218905,0.9,,1.6053216637792156,1204908.2508337572,109786.6744521912,1809156.423618434,1809156.423618434,0,False
2013-06-25,2013-06-24,2013-05-31,0.06510348756218905,0.9,,1.6302924813567552,1205023.7899810974,45066.55602219121,1840347.5660410938,1840347.5660410938,0,False
2013-06-26,2013-06-25,2013-05-31,0.06510348756218905,0.9,,1.6307906667223842,1205139.340207534,37873.484142191206,1850480.5439346572,1850480.5439346572,0,False
2013-06-27,2013-06-26,2013-05-31,0.06510348756218905,0.9,,1.6276301602085022,1205254.9015141292,37873.484142191206,1859982.982628062,1859982.982628062,0,False
2013-06-28,2013-06-27,2013-05-31,0.06510348756218905,0.9,,1.6116477006473326,1205370.4739019456,37873.484142191206,1908773.6102402457,1908773.6102402457,0,False
2013-07-01,2013-06-28,2013-06-28,0.0800823732718894,1.0,,1.6525931408317462,1295707.932450055,0.0,1985475.867549945,1985475.867549945,0,False
2013-07-02,2013-07-01,2013-06-28,0.0800823732718894,1.0,,1.6659492419365345,1366994.0053561802,0.0,2052699.9946438198,2052699.9946438198,0,False
2013-07-03,2013-07-02,2013-06-28,0.0800823732718894,1.0,,1.6783555160447585,1367125.086973132,0.0,2015351.913026868,2015351.913026868,0,False
2013-07-04,2013-07-03,2013-06-28,0.0800823732718894,1.0,,1.6867319063075479,1367256.1811595543,0.0,1990960.6188404455,1990960.6188404455,0,False
2013-07-05,2013-07-04,2013-06-28,0.0800823732718894,1.0,,1.6718785547323038,1367387.2879166517,0.0,2035170.3120833484,2035170.3120833484,0,False
2013-07-08,2013-07-05,2013-06-28,0.0800823732718894,1.0,,1.7036823191146797,1367780.6459035866,0.0,1943747.3540964134,1943747.3540964134,0,False
2013-07-09,2013-07-08,2013-06-28,0.0800823732718894,1.0,,1.716185016059116,1367911.802951824,0.0,1909997.7970481757,1909997.7970481757,0,False
2013-07-10,2013-07-09,2013-06-28,0.0800823732718894,1.0,,1.7038439752822105,1368042.9725767644,0.0,1943673.6274232357,1943673.6274232357,0,False
2013-07-11,2013-07-10,2013-06-28,0.0800823732718894,1.0,,1.6659010395711809,1370462.1775596142,0.0,2058056.8224403858,2058056.8224403858,0,False
2013-07-12,2013-07-11,2013-06-28,0.0800823732718894,1.0,,1.6846093767682129,1370593.591741024,0.0,2002008.2082589758,2002008.2082589758,0,False
2013-07-15,2013-07-12,2013-06-28,0.0800823732718894,1.0,,1.6675388993154365,1370987.8720893331,0.0,2053794.727910667,2053794.727910667,0,False
2013-07-16,2013-07-15,2013-06-28,0.0800823732718894,1.0,,1.665824647855729,1380604.4314798075,0.0,2073525.5685201925,2073525.5685201925,0,False
2013-07-17,2013-07-16,2013-06-28,0.0800823732718894,1.0,,1.6801282010606728,1380736.8182061138,0.0,2030112.5817938861,2030112.5817938861,0,False
2013-07-18,2013-07-17,2013-06-28,0.0800823732718894,1.0,,1.6952890535846847,1380869.2176270375,0.0,1986036.1823729628,1986036.1823729628,0,False
2013-07-19,2013-07-18,2013-06-28,0.0800823732718894,1.0,,1.7178226635495737,1381001.6297437963,0.0,1923875.770256204,1923875.770256204,0,False
2013-07-22,2013-07-19,2013-06-28,0.0800823732718894,1.0,,1.7115163221958443,1381398.9041852294,0.0,1941485.8958147704,1941485.8958147704,0,False
2013-07-23,2013-07-22,2013-06-28,0.0800823732718894,1.0,,1.6953709049984687,1381531.36709385,0.0,1986754.63290615,1986754.63290615,0,False
2013-07-24,2013-07-23,2013-06-28,0.0800823732718894,1.0,,1.6918515177063902,1381663.8427043932,0.0,1997052.5572956067,1997052.5572956067,0,False
2013-07-25,2013-07-24,2013-06-28,0.0800823732718894,1.0,,1.7115827851561767,1381796.3310180772,0.0,1941863.0689819227,1941863.0689819227,0,False
2013-07-26,2013-07-25,2013-06-28,0.0800823732718894,1.0,,1.723695132088233,1381928.8320361201,0.0,1909545.5679638803,1909545.5679638803,0,False
2013-07-29,2013-07-26,2013-06-28,0.0800823732718894,1.0,,1.7586910832579146,1382326.3732069798,0.0,1821988.42679302,1821988.42679302,0,False
2013-07-30,2013-07-29,2013-06-28,0.0800823732718894,1.0,,1.7469842654039502,1382458.925050986,0.0,1850720.2749490142,1850720.2749490142,0,False
2013-07-31,2013-07-30,2013-06-28,0.0800823732718894,1.0,,1.7487326307947726,1382591.4896054429,0.0,1846575.7103945573,1846575.7103945573,0,False
2013-08-01,2013-07-31,2013-07-31,0.07694125114155252,0.9833333333333333,,1.7328549882342086,1382724.0668715695,0.0,1886763.5331284301,1886763.5331284301,0,False
2013-08-02,2013-08-01,2013-07-31,0.07694125114155252,0.9833333333333333,,1.7286892163987517,1382856.6568505845,0.0,1897731.7431494154,1897731.7431494154,0,False
2013-08-05,2013-08-02,2013-07-31,0.07694125114155252,0.9833333333333333,,1.7217861519343247,1383254.4649299525,0.0,1916432.5350700475,1916432.5350700475,0,False
2013-08-06,2013-08-05,2013-07-31,0.07694125114155252,0.9833333333333333,,1.7094358721287775,1383387.1057690554,0.0,1949981.8942309446,1949981.8942309446,0,False
2013-08-07,2013-08-06,2013-07-31,0.07694125114155252,0.9833333333333333,,1.6763971464068428,1288661.658087143,0.0,1905184.9419128571,1905184.9419128571,0,False
2013-08-08,2013-08-07,2013-07-31,0.07694125114155252,0.9833333333333333,,1.6659270933927008,1254030.4286968394,173.22293371549313,1882874.5942368757,1882874.5942368757,0,False
2013-08-09,2013-08-08,2013-07-31,0.07694125114155252,0.9833333333333333,,1.665808063622621,1262466.5400962865,0.0,1896141.8599037135,1896141.8599037135,0,False
2013-08-12,2013-08-09,2013-07-31,0.07694125114155252,0.9833333333333333,,1.6658096234287827,1316235.5894023415,0.0,1976894.8105976584,1976894.8105976584,0,False
2013-08-13,2013-08-12,2013-07-31,0.07694125114155252,0.9833333333333333,,1.6697598453084381,1316361.803773928,0.0,1965423.596226072,1965423.596226072,0,False
2013-08-14,2013-08-13,2013-07-31,0.07694125114155252,0.9833333333333333,,1.6658659910268159,1317195.0372682624,0.0,1978168.3627317376,1978168.3627317376,0,False
2013-08-15,2013-08-14,2013-07-31,0.07694125114155252,0.9833333333333333,,1.6837155454608481,1317321.343641699,0.0,1926709.656358301,1926709.656358301,0,False
2013-08-16,2013-08-15,2013-07-31,0.07694125114155252,0.9833333333333333,,1.6659665135473447,1263805.421423614,248.3136169082802,1897328.292193294,1897328.292193294,0,False
2013-08-19,2013-08-16,2013-07-31,0.07694125114155252,0.9833333333333333,,1.6659663701726604,1277411.8030804028,0.0,1918132.5969195971,1918132.5969195971,0,False
2013-08-20,2013-08-19,2013-07-31,0.07694125114155252,0.9833333333333333,,1.6659701742832653,1289227.411453164,0.0,1935863.588546836,1935863.588546836,0,False
2013-08-21,2013-08-20,2013-07-31,0.07694125114155252,0.9833333333333333,,1.6676124921247637,1289351.0359994676,0.0,1931286.5640005325,1931286.5640005325,0,False
2013-08-22,2013-08-21,2013-07-31,0.07694125114155252,0.9833333333333333,,1.6717047738066522,1288698.0712201798,0.0,1918548.3287798206,1918548.3287798206,0,False
2013-08-23,2013-08-22,2013-07-31,0.07694125114155252,0.9833333333333333,,1.6769580321842978,1288821.645007831,0.0,1903842.7549921689,1903842.7549921689,0,False
2013-08-26,2013-08-23,2013-07-31,0.07694125114155252,0.9833333333333333,,1.6659200206764018,1300607.5160194086,0.0,1953098.6839805916,1953098.6839805916,0,False
2013-08-27,2013-08-26,2013-07-31,0.07694125114155252,0.9833333333333333,,1.6661577490046198,1306174.5611786158,0.0,1960758.6388213844,1960758.6388213844,0,False
2013-08-28,2013-08-27,2013-07-31,0.07694125114155252,0.9833333333333333,,1.6662089829722573,1271261.5920111486,49.18361707728445,1908128.5916059287,1908128.5916059287,0,False
2013-08-29,2013-08-28,2013-07-31,0.07694125114155252,0.9833333333333333,,1.673232773043746,1271334.3101905654,0.0,1888402.2898094347,1888402.2898094347,0,False
2013-08-30,2013-08-29,2013-07-31,0.07694125114155252,0.9833333333333333,,1.667769779938242,1271456.2189600358,0.0,1904033.7810399642,1904033.7810399642,0,False
2013-09-02,2013-08-30,2013-08-30,0.07380125114155252,0.9666666666666667,,1.6659390654822563,1303141.8768180928,0.0,1956848.5231819076,1956848.5231819076,0,False
2013-09-03,2013-09-02,2013-08-30,0.07380125114155252,0.9666666666666667,,1.6658539346497023,1342479.4729781987,0.0,2016177.127021801,2016177.127021801,0,False
2013-09-04,2013-09-03,2013-08-30,0.07380125114155252,0.9666666666666667,,1.6660209892795832,1328414.7862115467,418.84560498030623,1993925.0593934336,1993925.0593934336,0,False
2013-09-05,2013-09-04,2013-08-30,0.07380125114155252,0.9666666666666667,,1.66610986756002,1320084.2457843374,3.9962979973934125,1981775.5505136598,1981775.5505136598,0,False
2013-09-06,2013-09-05,2013-08-30,0.07380125114155252,0.9666666666666667,,1.6658158590484025,1335411.3330071687,0.0,2005676.6669928313,2005676.6669928313,0,False
2013-09-09,2013-09-06,2013-08-30,0.07380125114155252,0.9666666666666667,,1.6656532658472176,1385828.9955117323,0.0,2081908.204488268,2081908.204488268,0,False
2013-09-10,2013-09-09,2013-08-30,0.07380125114155252,0.9666666666666667,,1.665807367022155,1418029.2038436306,0.0,2129788.9961563693,2129788.9961563693,0,False
2013-09-11,2013-09-10,2013-08-30,0.07380125114155252,0.9666666666666667,,1.6659295862992232,1445116.448656739,0.0,2170073.9513432616,2170073.9513432616,0,False
2013-09-12,2013-09-11,2013-08-30,0.07380125114155252,0.9666666666666667,,1.6780958131962633,1445255.021466884,0.0,2131343.3785331156,2131343.3785331156,0,False
2013-09-13,2013-09-12,2013-08-30,0.07380125114155252,0.9666666666666667,,1.6901514055752833,1445393.607564833,0.0,2094313.7924351674,2094313.7924351674,0,False
2013-09-16,2013-09-13,2013-08-30,0.07380125114155252,0.9666666666666667,,1.689605384817874,1445809.4057259134,0.0,2096574.9942740866,2096574.9942740866,0,False
2013-09-17,2013-09-16,2013-08-30,0.07380125114155252,0.9666666666666667,,1.6659350247106626,1355270.0100406583,180.08695666152272,2034868.076916003,2034868.076916003,0,False
2013-09-18,2013-09-17,2013-08-30,0.07380125114155252,0.9666666666666667,,1.6659795690949495,1356560.8937922197,0.0,2036940.7062077804,2036940.7062077804,0,False
2013-09-23,2013-09-18,2013-08-30,0.07380125114155252,0.9666666666666667,,1.6659222243677596,1416825.8282302022,0.0,2127614.5717697977,2127614.5717697977,0,False
2013-09-24,2013-09-23,2013-08-30,0.07380125114155252,0.9666666666666667,,1.665941958642558,1523319.1133311284,0.0,2287465.2866688715,2287465.2866688715,0,False
2013-09-25,2013-09-24,2013-08-30,0.07380125114155252,0.9666666666666667,,1.6659038426529051,1488036.7503720664,269.0948551392489,2234207.9444830734,2234207.9444830734,0,False
2013-09-26,2013-09-25,2013-08-30,0.07380125114155252,0.9666666666666667,,1.6952426493902062,1456259.496692442,0.0,2094606.1033075575,2094606.1033075575,0,False
2013-09-27,2013-09-26,2013-08-30,0.07380125114155252,0.9666666666666667,,1.6658868903409603,1460898.1829540427,0.0,2193913.417045957,2193913.417045957,0,False
2013-09-30,2013-09-27,2013-08-30,0.07380125114155252,0.9666666666666667,,1.6659762226553396,1461879.4468954403,0.0,2195092.55310456,2195092.55310456,0,False
2013-10-08,2013-09-30,2013-09-30,0.07091074501108648,0.9166666666666666,,1.6659422937522643,1472736.985922922,0.0,2211508.4140770785,2211508.4140770785,0,False
2013-10-09,2013-10-08,2013-09-30,0.07091074501108648,0.9166666666666666,,1.666070523900239,1480345.7614610698,0.0,2222506.0385389305,2222506.0385389305,0,False
2013-10-10,2013-10-09,2013-09-30,0.07091074501108648,0.9166666666666666,,1.678370967320538,1480487.7124244976,0.0,2182416.087575502,2182416.087575502,0,False
2013-10-11,2013-10-10,2013-09-30,0.07091074501108648,0.9166666666666666,,1.6659714755783213,1494093.8115396616,0.0,2243480.1884603384,2243480.1884603384,0,False
2013-10-14,2013-10-11,2013-09-30,0.07091074501108648,0.9166666666666666,,1.6697668451909922,1494523.6193484606,0.0,2231408.7806515396,2231408.7806515396,0,False
2013-10-15,2013-10-14,2013-09-30,0.07091074501108648,0.9166666666666666,,1.6757653006635598,1494666.9298325076,0.0,2211813.6701674927,2211813.6701674927,0,False
2013-10-16,2013-10-15,2013-09-30,0.07091074501108648,0.9166666666666666,,1.706516159272625,1494810.254058656,0.0,2115748.145941344,2115748.145941344,0,False
2013-10-17,2013-10-16,2013-09-30,0.07091074501108648,0.9166666666666666,,1.7151500102789654,1494953.5920282232,0.0,2090405.607971777,2090405.607971777,0,False
2013-10-18,2013-10-17,2013-09-30,0.07091074501108648,0.9166666666666666,,1.7062827521572326,1495096.9437425274,0.0,2116853.2562574726,2116853.2562574726,0,False
2013-10-21,2013-10-18,2013-09-30,0.07091074501108648,0.9166666666666666,,1.6881929974541632,1495527.040123604,0.0,2173121.5598763963,2173121.5598763963,0,False
2013-10-22,2013-10-21,2013-09-30,0.07091074501108648,0.9166666666666666,,1.6660221226980845,1428565.4400138294,155.0078944143097,2144689.1678805845,2144689.1678805845,0,False
2013-10-23,2013-10-22,2013-09-30,0.07091074501108648,0.9166666666666666,,1.6659770213153684,1429865.4309265397,0.0,2147019.1690734597,2147019.1690734597,0,False
2013-10-24,2013-10-23,2013-09-30,0.07091074501108648,0.9166666666666666,,1.6778277533333368,1430002.5413103271,0.0,2109684.2586896727,2109684.2586896727,0,False
2013-10-25,2013-10-24,2013-09-30,0.07091074501108648,0.9166666666666666,,1.6659991125075162,1348914.2256154374,95.24662375169146,2025256.4210083142,2025256.4210083142,0,False
2013-10-28,2013-10-25,2013-09-30,0.07091074501108648,0.9166666666666666,,1.6726818687823974,1349207.0228100135,0.0,2005713.3771899864,2005713.3771899864,0,False
2013-10-29,2013-10-28,2013-09-30,0.07091074501108648,0.9166666666666666,,1.4550726910885634,1280440.5451819508,405782.67399605137,1922017.9288141003,1922017.9288141003,0,False
2013-10-30,2013-10-29,2013-09-30,0.07091074501108648,0.9166666666666666,,1.6392448808723832,1280563.3271520368,9766.116966051399,1987966.1898140146,1987966.1898140146,0,False
2013-10-31,2013-10-30,2013-09-30,0.07091074501108648,0.9166666666666666,,1.6395478354422173,1280686.1208957364,27727.424616051372,1959132.1037203153,1959132.1037203153,0,False
2013-11-01,2013-10-31,2013-10-31,0.07393474074074072,0.9666666666666667,,1.6659807766336956,1318600.708118127,0.0,1979938.0918818729,1979938.0918818729,0,False
2013-11-04,2013-11-01,2013-10-31,0.07393474074074072,0.9666666666666667,,1.6656860547535743,1334762.1893795033,0.0,2005092.6106204966,2005092.6106204966,0,False
2013-11-05,2013-11-04,2013-10-31,0.07393474074074072,0.9666666666666667,,1.6657280753095884,1347327.3045943752,0.0,2023840.2954056244,2023840.2954056244,0,False
2013-11-06,2013-11-05,2013-10-31,0.07393474074074072,0.9666666666666667,,1.6842595174745243,1347456.500363309,0.0,1969218.499636691,1969218.499636691,0,False
2013-11-07,2013-11-06,2013-10-31,0.07393474074074072,0.9666666666666667,,1.702716785555295,1347585.708520878,0.0,1917679.6914791218,1917679.6914791218,0,False
2013-11-08,2013-11-07,2013-10-31,0.07393474074074072,0.9666666666666667,,1.706062355659358,1347714.9290682706,0.0,1908776.0709317294,1908776.0709317294,0,False
2013-11-11,2013-11-08,2013-10-31,0.07393474074074072,0.9666666666666667,,1.7018055579456535,1348102.627883482,0.0,1920906.1721165178,1920906.1721165178,0,False
2013-11-12,2013-11-11,2013-10-31,0.07393474074074072,0.9666666666666667,,1.6954746350464196,1348231.8979984846,0.0,1938578.1020015154,1938578.1020015154,0,False
2013-11-13,2013-11-12,2013-10-31,0.07393474074074072,0.9666666666666667,,1.7109837319303463,1348361.1805092515,0.0,1896472.6194907483,1896472.6194907483,0,False
2013-11-14,2013-11-13,2013-10-31,0.07393474074074072,0.9666666666666667,,1.7017410942472022,1348490.4754169716,0.0,1921635.3245830282,1921635.3245830282,0,False
2013-11-15,2013-11-14,2013-10-31,0.07393474074074072,0.9666666666666667,,1.6906377355477853,1348619.7827228336,0.0,1952716.6172771663,1952716.6172771663,0,False
2013-11-18,2013-11-15,2013-10-31,0.07393474074074072,0.9666666666666667,,1.6656241835902024,1354556.7972784115,0.0,2035017.4027215887,2035017.4027215887,0,False
2013-11-19,2013-11-18,2013-10-31,0.07393474074074072,0.9666666666666667,,1.6745422680228947,1354686.6862863696,0.0,2008305.1137136302,2008305.1137136302,0,False
2013-11-20,2013-11-19,2013-10-31,0.07393474074074072,0.9666666666666667,,1.66968819127252,1354816.5877494381,0.0,2023055.8122505622,2023055.8122505622,0,False
2013-11-21,2013-11-20,2013-10-31,0.07393474074074072,0.9666666666666667,,1.6660258324903388,1354946.5016688113,0.0,2034375.298331189,2034375.298331189,0,False
2013-11-22,2013-11-21,2013-10-31,0.07393474074074072,0.9666666666666667,,1.6787542797084314,1355076.4280456838,0.0,1996416.7719543164,1996416.7719543164,0,False
2013-11-25,2013-11-22,2013-10-31,0.07393474074074072,0.9666666666666667,,1.671687213461733,1355466.2445523818,0.0,2018002.155447618,2018002.155447618,0,False
2013-11-26,2013-11-25,2013-10-31,0.07393474074074072,0.9666666666666667,,1.6652564937569667,1354650.9125687697,1560.7946911568433,2033937.482122387,2033937.482122387,0,False
2013-11-27,2013-11-26,2013-10-31,0.07393474074074072,0.9666666666666667,,1.6657504933685212,1374456.3242203249,0.0,2064521.6757796751,2064521.6757796751,0,False
2013-11-28,2013-11-27,2013-10-31,0.07393474074074072,0.9666666666666667,,1.6659793898393265,1416445.9943820995,0.0,2126861.6056179004,2126861.6056179004,0,False
2013-11-29,2013-11-28,2013-10-31,0.07393474074074072,0.9666666666666667,,1.6658182294090946,1430874.9608506018,0.0,2149047.4391493984,2149047.4391493984,0,False
2013-12-02,2013-11-29,2013-11-29,0.06887393925759278,0.8666666666666667,,1.6728290848520833,1431286.582414682,0.0,2127266.217585318,2127266.217585318,0,False
2013-12-03,2013-12-02,2013-11-29,0.06887393925759278,0.8666666666666667,,1.6656778960462089,1472408.0073532697,0.0,2211892.59264673,2211892.59264673,0,False
2013-12-04,2013-12-03,2013-11-29,0.06887393925759278,0.8666666666666667,,1.6659139254391968,1539426.470312194,0.0,2311749.929687806,2311749.929687806,0,False
2013-12-05,2013-12-04,2013-11-29,0.06887393925759278,0.8666666666666667,,1.6659940983101733,1543033.1210390732,0.0,2316887.0789609263,2316887.0789609263,0,False
2013-12-06,2013-12-05,2013-11-29,0.06887393925759278,0.8666666666666667,,1.673952390890848,1543181.0831191728,0.0,2289747.9168808274,2289747.9168808274,0,False
2013-12-09,2013-12-06,2013-11-29,0.06887393925759278,0.8666666666666667,,1.6808230309762293,1543625.0119239057,0.0,2267292.588076094,2267292.588076094,0,False
2013-12-10,2013-12-09,2013-11-29,0.06887393925759278,0.8666666666666667,,1.6706676241264389,1543773.0307606654,0.0,2301845.1692393348,2301845.1692393348,0,False
2013-12-11,2013-12-10,2013-11-29,0.06887393925759278,0.8666666666666667,,1.7053100908916412,1543921.0637910124,0.0,2188996.136208988,2188996.136208988,0,False
2013-12-12,2013-12-11,2013-11-29,0.06887393925759278,0.8666666666666667,,1.6992517203559772,1544069.1110163075,0.0,2208173.4889836926,2208173.4889836926,0,False
2013-12-13,2013-12-12,2013-11-29,0.06887393925759278,0.8666666666666667,,1.6936786342879357,1544217.1724379119,0.0,2226127.627562088,2226127.627562088,0,False
2013-12-16,2013-12-13,2013-11-29,0.06887393925759278,0.8666666666666667,,1.7059666440451637,1543885.7976057366,0.0,2186910.4023942635,2186910.4023942635,0,False
2013-12-17,2013-12-16,2013-11-29,0.06887393925759278,0.8666666666666667,,1.7140918736036925,1544033.8414493427,0.0,2162234.1585506573,2162234.1585506573,0,False
2013-12-18,2013-12-17,2013-11-29,0.06887393925759278,0.8666666666666667,,1.7251509496354802,1544181.8994889336,0.0,2129462.7005110662,2129462.7005110662,0,False
2013-12-19,2013-12-18,2013-11-29,0.06887393925759278,0.8666666666666667,,1.737245771806302,1544329.9717258709,0.0,2094728.828274129,2094728.828274129,0,False
2013-12-20,2013-12-19,2013-11-29,0.06887393925759278,0.8666666666666667,,1.7678765909228402,1544478.0581615157,0.0,2011362.3418384842,2011362.3418384842,0,False
2013-12-23,2013-12-20,2013-11-29,0.06887393925759278,0.8666666666666667,,1.759382472426639,1544922.3600686581,0.0,2034445.6399313419,2034445.6399313419,0,False
2013-12-24,2013-12-23,2013-11-29,0.06887393925759278,0.8666666666666667,,1.7581553581385276,1545070.5033086648,0.0,2037933.8966913356,2037933.8966913356,0,False
2013-12-25,2013-12-24,2013-11-29,0.06887393925759278,0.8666666666666667,,1.7438869838628914,1545218.6607541875,0.0,2077222.3392458125,2077222.3392458125,0,False
2013-12-26,2013-12-25,2013-11-29,0.06887393925759278,0.8666666666666667,,1.7744419540969731,1545366.8324065886,0.0,1995458.5675934113,1995458.5675934113,0,False
2013-12-27,2013-12-26,2013-11-29,0.06887393925759278,0.8666666666666667,,1.7535238204978054,1545515.0182672304,0.0,2051049.9817327696,2051049.9817327696,0,False
2013-12-30,2013-12-27,2013-11-29,0.06887393925759278,0.8666666666666667,,1.753755214091976,1545959.6184779648,0.0,2051010.1815220355,2051010.1815220355,0,False
2013-12-31,2013-12-30,2013-11-29,0.06887393925759278,0.8666666666666667,,1.7472306341329418,1546107.8611811064,0.0,2069117.3388188933,2069117.3388188933,0,False
2014-01-02,2013-12-31,2013-12-31,0.0704912807424594,0.8833333333333333,,1.7613562363175912,1546404.3750174972,0.0,2031118.0249825027,2031118.0249825027,0,False
2014-01-03,2014-01-02,2013-12-31,0.0704912807424594,0.8833333333333333,,1.6659138150928876,1313193.7181945615,362.654096035194,1971472.9359014737,1971472.9359014737,0,False
2014-01-06,2014-01-03,2013-12-31,0.0704912807424594,0.8833333333333333,,1.6964356727028693,1313208.8321544454,0.0,1885613.9678455545,1885613.9678455545,0,False
2014-01-07,2014-01-06,2013-12-31,0.0704912807424594,0.8833333333333333,,1.7015090113857998,1313334.7562890355,0.0,1872156.6437109644,1872156.6437109644,0,False
2014-01-08,2014-01-07,2013-12-31,0.0704912807424594,0.8833333333333333,,1.7000103377846538,1313460.6924985426,0.0,1876344.7075014573,1876344.7075014573,0,False
2014-01-09,2014-01-08,2013-12-31,0.0704912807424594,0.8833333333333333,,1.723779568482188,1313586.6407841246,0.0,1814898.7592158753,1814898.7592158753,0,False
2014-01-10,2014-01-09,2013-12-31,0.0704912807424594,0.8833333333333333,,1.7281200295114127,1313712.6011469394,0.0,1804252.7988530605,1804252.7988530605,0,False
2014-01-13,2014-01-10,2013-12-31,0.0704912807424594,0.8833333333333333,,1.7219928948520387,1314090.518470557,0.0,1820087.881529443,1820087.881529443,0,False
2014-01-14,2014-01-13,2013-12-31,0.0704912807424594,0.8833333333333333,,1.6949560301317717,1314216.5271504102,0.0,1891078.67284959,1891078.67284959,0,False
2014-01-15,2014-01-14,2013-12-31,0.0704912807424594,0.8833333333333333,,1.6981078831805492,1314342.5479132878,0.0,1882721.252086712,1882721.252086712,0,False
2014-01-16,2014-01-15,2013-12-31,0.0704912807424594,0.8833333333333333,,1.6894048798846186,1314468.580760348,0.0,1906671.419239652,1906671.419239652,0,False
2014-01-17,2014-01-16,2013-12-31,0.0704912807424594,0.8833333333333333,,1.7097630031576714,1314594.6256927496,0.0,1852159.9743072505,1852159.9743072505,0,False
2014-01-20,2014-01-17,2013-12-31,0.0704912807424594,0.8833333333333333,,1.7350129953881948,1314972.7967494559,0.0,1789047.003250544,1789047.003250544,0,False
2014-01-21,2014-01-20,2013-12-31,0.0704912807424594,0.8833333333333333,,1.728266322514155,1315098.8900313359,0.0,1805793.909968664,1805793.909968664,0,False
2014-01-22,2014-01-21,2013-12-31,0.0704912807424594,0.8833333333333333,,1.6858060514834028,1315224.9954043527,0.0,1917779.8045956471,1917779.8045956471,0,False
2014-01-23,2014-01-22,2013-12-31,0.0704912807424594,0.8833333333333333,,1.6774902886387593,1315351.1128696655,0.0,1941505.4871303346,1941505.4871303346,0,False
2014-01-24,2014-01-23,2013-12-31,0.0704912807424594,0.8833333333333333,,1.6820331333148855,1315477.2424284338,0.0,1928758.557571566,1928758.557571566,0,False
2014-01-27,2014-01-24,2013-12-31,0.0704912807424594,0.8833333333333333,,1.6869182812124974,1315855.6673885845,0.0,1915592.7326114154,1915592.7326114154,0,False
2014-01-28,2014-01-27,2013-12-31,0.0704912807424594,0.8833333333333333,,1.6823657949274073,1315981.845329293,0.0,1928557.754670707,1928557.754670707,0,False
2014-01-29,2014-01-28,2013-12-31,0.0704912807424594,0.8833333333333333,,1.6756311829247665,1316108.035369256,0.0,1947968.1646307441,1947968.1646307441,0,False
2014-01-30,2014-01-29,2013-12-31,0.0704912807424594,0.8833333333333333,,1.690285252824936,1316234.2375096339,0.0,1906797.562490366,1906797.562490366,0,False
2014-02-07,2014-01-30,2014-01-30,0.07693221951219513,0.9666666666666667,,1.686555785650023,1317243.9514452578,0.0,1918626.2485547424,1918626.2485547424,0,False
2014-02-10,2014-02-07,2014-01-30,0.07693221951219513,0.9666666666666667,,1.665912439194551,1371948.8598367693,0.0,2060254.1401632307,2060254.1401632307,0,False
2014-02-11,2014-02-10,2014-01-30,0.07693221951219513,0.9666666666666667,,1.668405536868076,1372080.4165767536,0.0,2052766.3834232462,2052766.3834232462,0,False
2014-02-12,2014-02-11,2014-01-30,0.07693221951219513,0.9666666666666667,,1.6711564481713876,1372211.9859317678,0.0,2044548.6140682322,2044548.6140682322,0,False
2014-02-13,2014-02-12,2014-01-30,0.07693221951219513,0.9666666666666667,,1.6740323163110846,1372343.5679030216,0.0,2036020.4320969784,2036020.4320969784,0,False
2014-02-14,2014-02-13,2014-01-30,0.07693221951219513,0.9666666666666667,,1.6651536610541178,1372475.1624917246,0.0,2063395.6375082752,2063395.6375082752,0,False
2014-02-17,2014-02-14,2014-01-30,0.07693221951219513,0.9666666666666667,,1.665807999716554,1392688.1821938113,0.0,2091726.4178061883,2091726.4178061883,0,False
2014-02-18,2014-02-17,2014-01-30,0.07693221951219513,0.9666666666666667,,1.6869893298932785,1392821.7276359394,0.0,2027428.4723640608,2027428.4723640608,0,False
2014-02-19,2014-02-18,2014-01-30,0.07693221951219513,0.9666666666666667,,1.6869996873562632,1392955.2858837948,0.0,2027592.3141162049,2027592.3141162049,0,False
2014-02-20,2014-02-19,2014-01-30,0.07693221951219513,0.9666666666666667,,1.701126097136834,1393088.8569386057,0.0,1986930.5430613947,1986930.5430613947,0,False
2014-02-21,2014-02-20,2014-01-30,0.07693221951219513,0.9666666666666667,,1.7013626863642026,1393222.4408015998,0.0,1986450.7591984004,1986450.7591984004,0,False
2014-02-24,2014-02-21,2014-01-30,0.07693221951219513,0.9666666666666667,,1.7389423510467692,1393623.2308188167,0.0,1885970.1691811832,1885970.1691811832,0,False
2014-02-25,2014-02-24,2014-01-30,0.07693221951219513,0.9666666666666667,,1.7539106690600395,1393756.8659231418,0.0,1848702.934076858,1848702.934076858,0,False
2014-02-26,2014-02-25,2014-01-30,0.07693221951219513,0.9666666666666667,,1.7586482897221503,1393890.513841792,0.0,1837334.2861582078,1837334.2861582078,0,False
2014-02-27,2014-02-26,2014-01-30,0.07693221951219513,0.9666666666666667,,1.7559797861644448,1394024.1745759961,0.0,1843996.6254240037,1843996.6254240037,0,False
2014-02-28,2014-02-27,2014-01-30,0.07693221951219513,0.9666666666666667,,1.7456409727129696,1394157.8481269828,0.0,1869744.1518730172,1869744.1518730172,0,False
2014-03-03,2014-02-28,2014-02-28,0.0778241221001221,0.9833333333333333,,1.7266806274247064,1394558.9072339782,0.0,1919080.8927660217,1919080.8927660217,0,False
2014-03-04,2014-03-03,2014-02-28,0.0778241221001221,0.9833333333333333,,1.7581461629825483,1394692.6320606992,0.0,1839609.1679393006,1839609.1679393006,0,False
2014-03-05,2014-03-04,2014-02-28,0.0778241221001221,0.9833333333333333,,1.7717153125472969,1394826.3697103488,0.0,1807436.430289651,1807436.430289651,0,False
2014-03-06,2014-03-05,2014-02-28,0.0778241221001221,0.9833333333333333,,1.721386317632206,1305101.3131663788,0.0,1809157.2868336213,1809157.2868336213,0,False
2014-03-07,2014-03-06,2014-02-28,0.0778241221001221,0.9833333333333333,,1.667074324807256,1215413.7334609746,0.0,1822006.4665390255,1822006.4665390255,0,False
2014-03-10,2014-03-07,2014-02-28,0.0778241221001221,0.9833333333333333,,1.6659044291626006,1155670.7903632622,300.3776184608032,1735039.3872551986,1735039.3872551986,0,False
2014-03-11,2014-03-10,2014-02-28,0.0778241221001221,0.9833333333333333,,1.6655809200770464,1158256.2581918226,0.0,1740218.5418081773,1740218.5418081773,0,False
2014-03-12,2014-03-11,2014-02-28,0.0778241221001221,0.9833333333333333,,1.665738567812355,1164376.8529804163,0.0,1749000.1470195837,1749000.1470195837,0,False
2014-03-13,2014-03-12,2014-02-28,0.0778241221001221,0.9833333333333333,,1.6659517841391756,1187520.7357753597,0.0,1783193.2642246403,1783193.2642246403,0,False
2014-03-14,2014-03-13,2014-02-28,0.0778241221001221,0.9833333333333333,,1.674162817478176,1187634.6076267355,0.0,1761643.5923732647,1761643.5923732647,0,False
2014-03-17,2014-03-14,2014-02-28,0.0778241221001221,0.9833333333333333,,1.6651912644783855,1213018.5062585184,0.0,1823563.4937414816,1823563.4937414816,0,False
2014-03-18,2014-03-17,2014-02-28,0.0778241221001221,0.9833333333333333,,1.671366431696757,1213134.8231015843,0.0,1806963.7768984158,1806963.7768984158,0,False
2014-03-19,2014-03-18,2014-02-28,0.0778241221001221,0.9833333333333333,,1.6023413933816237,1170856.270968519,112121.88162019885,1757698.2106516801,1757698.2106516801,0,False
2014-03-20,2014-03-19,2014-02-28,0.0778241221001221,0.9833333333333333,,1.6651489541243643,1127348.680683947,1485.4927366298361,1692648.212052683,1692648.212052683,0,False
2014-03-21,2014-03-20,2014-02-28,0.0778241221001221,0.9833333333333333,,1.6653792188878824,1160199.632055602,0.0,1743666.7679443979,1743666.7679443979,0,False
2014-03-24,2014-03-21,2014-02-28,0.0778241221001221,0.9833333333333333,,1.6652909544693357,1182198.6047141384,0.0,1776964.7952858615,1776964.7952858615,0,False
2014-03-25,2014-03-24,2014-02-28,0.0778241221001221,0.9833333333333333,,1.6731384454037321,1182311.9662241796,0.0,1756417.2337758206,1756417.2337758206,0,False
2014-03-26,2014-03-25,2014-02-28,0.0778241221001221,0.9833333333333333,,1.6730170653101075,1182425.3386045024,0.0,1756902.461395498,1756902.461395498,0,False
2014-03-27,2014-03-26,2014-02-28,0.0778241221001221,0.9833333333333333,,1.6655240740368513,1166619.8644438046,873.418507655228,1751621.7540638507,1751621.7540638507,0,False
2014-03-28,2014-03-27,2014-02-28,0.0778241221001221,0.9833333333333333,,1.6765268509314444,1164143.1913043838,0.0,1720764.208695616,1720764.208695616,0,False
2014-03-31,2014-03-28,2014-02-28,0.0778241221001221,0.9833333333333333,,1.665398939350525,1167817.1151514715,0.0,1755063.0848485287,1755063.0848485287,0,False
2014-04-01,2014-03-31,2014-03-31,0.07830056226880396,0.9833333333333333,,1.6659777707180272,1190366.3218845683,0.0,1787396.4781154315,1787396.4781154315,0,False
2014-04-02,2014-04-01,2014-03-31,0.07830056226880396,0.9833333333333333,,1.6658537848119992,1220921.7709103655,0.0,1833618.4290896347,1833618.4290896347,0,False
2014-04-03,2014-04-02,2014-03-31,0.07830056226880396,0.9833333333333333,,1.665608526403376,1224481.8799807269,0.0,1839642.7200192732,1839642.7200192732,0,False
2014-04-04,2014-04-03,2014-03-31,0.07830056226880396,0.9833333333333333,,1.6657314890266552,1224599.29605141,0.0,1839479.30394859,1839479.30394859,0,False
2014-04-08,2014-04-04,2014-03-31,0.07830056226880396,0.9833333333333333,,1.6659887712279897,1237461.1291904435,0.0,1858081.0708095562,1858081.0708095562,0,False
2014-04-09,2014-04-08,2014-03-31,0.07830056226880396,0.9833333333333333,,1.6701519449465687,1237579.7898466673,0.0,1846715.2101533327,1846715.2101533327,0,False
2014-04-10,2014-04-09,2014-03-31,0.07830056226880396,0.9833333333333333,,1.6659783361035077,1240419.4889913101,0.0,1862552.3110086897,1862552.3110086897,0,False
2014-04-11,2014-04-10,2014-03-31,0.07830056226880396,0.9833333333333333,,1.6659193811274629,1284760.875445871,0.0,1929303.924554129,1929303.924554129,0,False
2014-04-14,2014-04-11,2014-03-31,0.07830056226880396,0.9833333333333333,,1.6659730942911695,1290836.5211508623,0.0,1938271.2788491375,1938271.2788491375,0,False
2014-04-15,2014-04-14,2014-03-31,0.07830056226880396,0.9833333333333333,,1.6854794162637639,1290960.2999953562,0.0,1883295.5000046436,1883295.5000046436,0,False
2014-04-16,2014-04-15,2014-03-31,0.07830056226880396,0.9833333333333333,,1.680565042196745,1291084.0907090544,0.0,1897076.7092909454,1897076.7092909454,0,False
2014-04-17,2014-04-16,2014-03-31,0.07830056226880396,0.9833333333333333,,1.6833903388343456,1291207.893293095,0.0,1889414.9067069048,1889414.9067069048,0,False
2014-04-18,2014-04-17,2014-03-31,0.07830056226880396,0.9833333333333333,,1.6830306738676382,1291331.7077486163,0.0,1890591.0922513835,1890591.0922513835,0,False
2014-04-21,2014-04-18,2014-03-31,0.07830056226880396,0.9833333333333333,,1.7100427944784489,1291703.1867330372,0.0,1819190.6132669626,1819190.6132669626,0,False
2014-04-22,2014-04-21,2014-03-31,0.07830056226880396,0.9833333333333333,,1.7065899001009472,1291827.04868245,0.0,1828255.7513175502,1828255.7513175502,0,False
2014-04-23,2014-04-22,2014-03-31,0.07830056226880396,0.9833333333333333,,1.6754239885270692,1291950.922509036,0.0,1912799.8774909638,1912799.8774909638,0,False
2014-04-24,2014-04-23,2014-03-31,0.07830056226880396,0.9833333333333333,,1.6757823028327161,1292074.808213934,0.0,1911968.9917860657,1911968.9917860657,0,False
2014-04-25,2014-04-24,2014-03-31,0.07830056226880396,0.9833333333333333,,1.6953828405100626,1292198.7057982835,0.0,1858255.0942017164,1858255.0942017164,0,False
2014-04-28,2014-04-25,2014-03-31,0.07830056226880396,0.9833333333333333,,1.6945370068056493,1292570.4341931022,0.0,1861053.365806898,1861053.365806898,0,False
2014-04-29,2014-04-28,2014-03-31,0.07830056226880396,0.9833333333333333,,1.677093525680473,1292694.3793032302,0.0,1909181.4206967696,1909181.4206967696,0,False
2014-04-30,2014-04-29,2014-03-31,0.07830056226880396,0.9833333333333333,,1.6767772878887617,1290484.5296985058,0.0,1906808.270301494,1906808.270301494,0,False
2014-05-05,2014-04-30,2014-04-30,0.08262614070351756,1.0,,1.6808106243467662,1291103.2551579503,0.0,1896420.5448420495,1896420.5448420495,0,False
2014-05-06,2014-05-05,2014-04-30,0.08262614070351756,1.0,,1.6824332824684038,1291227.0595796779,0.0,1892092.740420322,1892092.740420322,0,False
2014-05-07,2014-05-06,2014-04-30,0.08262614070351756,1.0,,1.6971197660806407,1291350.8758730623,0.0,1852408.924126938,1852408.924126938,0,False
2014-05-08,2014-05-07,2014-04-30,0.08262614070351756,1.0,,1.6862183700727502,1291474.704039242,0.0,1882017.095960758,1882017.095960758,0,False
2014-05-09,2014-05-08,2014-04-30,0.08262614070351756,1.0,,1.6848816110985385,1291598.5440793552,0.0,1885871.2559206446,1885871.2559206446,0,False
2014-05-12,2014-05-09,2014-04-30,0.08262614070351756,1.0,,1.6673834660329658,1291970.0998249124,0.0,1935873.7001750874,1935873.7001750874,0,False
2014-05-13,2014-05-12,2014-04-30,0.08262614070351756,1.0,,1.6659386141088355,1296848.0348087312,0.0,1947398.7651912686,1947398.7651912686,0,False
2014-05-14,2014-05-13,2014-04-30,0.08262614070351756,1.0,,1.6659309169301653,1275763.898993573,143.19607383279907,1915545.0970802598,1915545.0970802598,0,False
2014-05-15,2014-05-14,2014-04-30,0.08262614070351756,1.0,,1.6797938026014658,1275743.0364443013,0.0,1876661.7635556986,1876661.7635556986,0,False
2014-05-16,2014-05-15,2014-04-30,0.08262614070351756,1.0,,1.6788123117971736,1275865.367968344,0.0,1879555.432031656,1879555.432031656,0,False
2014-05-19,2014-05-16,2014-04-30,0.08262614070351756,1.0,,1.6659656896899178,1247835.8499106665,110.32263893435731,1873558.2727282678,1873558.2727282678,0,False
2014-05-20,2014-05-19,2014-04-30,0.08262614070351756,1.0,,1.6660042885995185,1254284.247004189,0.0,1883297.5529958108,1883297.5529958108,0,False
2014-05-21,2014-05-20,2014-04-30,0.08262614070351756,1.0,,1.6659463160784516,1256027.5370160935,0.0,1886079.2629839063,1886079.2629839063,0,False
2014-05-22,2014-05-21,2014-04-30,0.08262614070351756,1.0,,1.687349940564305,1256147.9780127937,0.0,1827523.2219872065,1827523.2219872065,0,False
2014-05-23,2014-05-22,2014-04-30,0.08262614070351756,1.0,,1.6883423620206457,1256268.4305586305,0.0,1825063.3694413693,1825063.3694413693,0,False
2014-05-26,2014-05-23,2014-04-30,0.08262614070351756,1.0,,1.6659980688972766,1255055.0067839823,17.04895710884341,1884446.8421731265,1884446.8421731265,0,False
2014-05-27,2014-05-26,2014-04-30,0.08262614070351756,1.0,,1.6659963679309389,1279421.54799725,0.0,1921063.85200275,1921063.85200275,0,False
2014-05-28,2014-05-27,2014-04-30,0.08262614070351756,1.0,,1.6659843783602442,1296715.4038652773,0.0,1947065.796134723,1947065.796134723,0,False
2014-05-29,2014-05-28,2014-04-30,0.08262614070351756,1.0,,1.6659476816419543,1270205.4920721252,146.13765387455237,1907145.8455817492,1907145.8455817492,0,False
2014-05-30,2014-05-29,2014-04-30,0.08262614070351756,1.0,,1.6698317194266976,1270181.1549448879,0.0,1896269.0450551123,1896269.0450551123,0,False
2014-06-03,2014-05-30,2014-05-30,0.08397427930174564,1.0,,1.677458527380971,1270668.3477166474,0.0,1875640.0522833525,1875640.0522833525,0,False
2014-06-04,2014-06-03,2014-05-30,0.08397427930174564,1.0,,1.665932697763328,1229474.8993106168,165.20190391442884,1845996.902593298,1845996.902593298,0,False
2014-06-05,2014-06-04,2014-05-30,0.08397427930174564,1.0,,1.6659835277658719,1242513.528000061,0.0,1865682.0719999392,1865682.0719999392,0,False
2014-06-06,2014-06-05,2014-05-30,0.08397427930174564,1.0,,1.6660262400273307,1217433.8320935,0.455920617144443,1827906.023827117,1827906.023827117,0,False
2014-06-09,2014-06-06,2014-05-30,0.08397427930174564,1.0,,1.6661725800675473,1217783.596864307,0.0,1828030.2031356927,1828030.2031356927,0,False
2014-06-10,2014-06-09,2014-05-30,0.08397427930174564,1.0,,1.6658718143687345,1239083.5823138694,0.0,1860844.0176861307,1860844.0176861307,0,False
2014-06-11,2014-06-10,2014-05-30,0.08397427930174564,1.0,,1.6659105002028916,1244214.4485677897,0.0,1868440.9514322102,1868440.9514322102,0,False
2014-06-12,2014-06-11,2014-05-30,0.08397427930174564,1.0,,1.6684933889689044,1244333.7568025838,0.0,1861400.2431974162,1861400.2431974162,0,False
2014-06-13,2014-06-12,2014-05-30,0.08397427930174564,1.0,,1.6659808475162405,1268295.3147478935,0.0,1904402.0852521064,1904402.0852521064,0,False
2014-06-16,2014-06-13,2014-05-30,0.08397427930174564,1.0,,1.6659296760569264,1291345.3935747386,0.0,1939161.8064252615,1939161.8064252615,0,False
2014-06-17,2014-06-16,2014-05-30,0.08397427930174564,1.0,,1.6823794160574315,1291469.2212152183,0.0,1892596.9787847819,1892596.9787847819,0,False
2014-06-18,2014-06-17,2014-05-30,0.08397427930174564,1.0,,1.6742624705131997,1262512.9514295815,0.0,1872435.4485704184,1872435.4485704184,0,False
2014-06-19,2014-06-18,2014-05-30,0.08397427930174564,1.0,,1.6812069474749998,1256040.014315335,0.0,1843844.985684665,1843844.985684665,0,False
2014-06-20,2014-06-19,2014-05-30,0.08397427930174564,1.0,,1.67293241873867,1256003.4365084886,0.0,1866462.9634915113,1866462.9634915113,0,False
2014-06-23,2014-06-20,2014-05-30,0.08397427930174564,1.0,,1.6755018018852648,1256364.7525655665,0.0,1859898.4474344337,1859898.4474344337,0,False
2014-06-24,2014-06-23,2014-05-30,0.08397427930174564,1.0,,1.665986976730199,1260424.2651880041,0.0,1892565.934811996,1892565.934811996,0,False
2014-06-25,2014-06-24,2014-05-30,0.08397427930174564,1.0,,1.6725845655982714,1260545.1277887756,0.0,1874180.8722112244,1874180.8722112244,0,False
2014-06-26,2014-06-25,2014-05-30,0.08397427930174564,1.0,,1.665929392545088,1264405.0393191115,0.0,1898707.3606808884,1898707.3606808884,0,False
2014-06-27,2014-06-26,2014-05-30,0.08397427930174564,1.0,,1.6658776107015218,1284343.0824879503,0.0,1928797.5175120498,1928797.5175120498,0,False
2014-06-30,2014-06-27,2014-05-30,0.08397427930174564,1.0,,1.665887702300647,1297698.6808059262,0.0,1948825.1191940736,1948825.1191940736,0,False
2014-07-01,2014-06-30,2014-06-30,0.08208738650306749,0.9666666666666667,,1.6718255203880545,1294393.1176657295,0.0,1926680.4823342706,1926680.4823342706,0,False
2014-07-02,2014-07-01,2014-06-30,0.08208738650306749,0.9666666666666667,,1.6659747076366547,1302075.3129837245,0.0,1955142.2870162756,1955142.2870162756,0,False
2014-07-03,2014-07-02,2014-06-30,0.08208738650306749,0.9666666666666667,,1.6660056543312896,1332932.4766405863,0.0,2001383.1233594138,2001383.1233594138,0,False
2014-07-04,2014-07-03,2014-06-30,0.08208738650306749,0.9666666666666667,,1.6680207314567361,1333060.2920835519,0.0,1995537.3079164482,1995537.3079164482,0,False
2014-07-07,2014-07-04,2014-06-30,0.08208738650306749,0.9666666666666667,,1.681795421383183,1333443.7751812746,0.0,1955782.8248187255,1955782.8248187255,0,False
2014-07-08,2014-07-07,2014-06-30,0.08208738650306749,0.9666666666666667,,1.6672104457825334,1333571.6396528673,0.0,1998727.1603471325,1998727.1603471325,0,False
2014-07-09,2014-07-08,2014-06-30,0.08208738650306749,0.9666666666666667,,1.6776867542856093,1333699.5163854368,0.0,1968017.6836145634,1968017.6836145634,0,False
2014-07-10,2014-07-09,2014-06-30,0.08208738650306749,0.9666666666666667,,1.6807319430697432,1333647.4053801587,0.0,1959137.3946198411,1959137.3946198411,0,False
2014-07-11,2014-07-10,2014-06-30,0.08208738650306749,0.9666666666666667,,1.6767789344157928,1333775.2893779348,0.0,1970769.510622065,1970769.510622065,0,False
2014-07-14,2014-07-11,2014-06-30,0.08208738650306749,0.9666666666666667,,1.6659221622835172,1372384.3603598108,0.0,2060878.0396401891,2060878.0396401891,0,False
2014-07-15,2014-07-14,2014-06-30,0.08208738650306749,0.9666666666666667,,1.6659824510060934,1394842.1819701192,0.0,2094412.8180298808,2094412.8180298808,0,False
2014-07-16,2014-07-15,2014-06-30,0.08208738650306749,0.9666666666666667,,1.6697941020835148,1394975.9339601712,0.0,2082693.6660398294,2082693.6660398294,0,False
2014-07-17,2014-07-16,2014-06-30,0.08208738650306749,0.9666666666666667,,1.6893175551175934,1395092.4987757565,0.0,2023874.9012242435,2023874.9012242435,0,False
2014-07-18,2014-07-17,2014-06-30,0.08208738650306749,0.9666666666666667,,1.6715477096860454,1395226.2747687898,0.0,2077627.9252312104,2077627.9252312104,0,False
2014-07-21,2014-07-18,2014-06-30,0.08208738650306749,0.9666666666666667,,1.6659526179372044,1421013.8949913944,0.0,2133806.305008606,2133806.305008606,0,False
2014-07-22,2014-07-21,2014-06-30,0.08208738650306749,0.9666666666666667,,1.666007733081647,1465515.5504477632,0.0,2200448.249552237,2200448.249552237,0,False
2014-07-23,2014-07-22,2014-06-30,0.08208738650306749,0.9666666666666667,,1.674193461100161,1465656.0793361622,0.0,2173939.920663838,2173939.920663838,0,False
2014-07-24,2014-07-23,2014-06-30,0.08208738650306749,0.9666666666666667,,1.6659526935464863,1495190.251559934,4.052090000000005,2245183.800530066,2245183.800530066,0,False
2014-07-25,2014-07-24,2014-06-30,0.08208738650306749,0.9666666666666667,,1.6659941668544134,1537001.9904476178,0.0,2307831.009552382,2307831.009552382,0,False
2014-07-28,2014-07-25,2014-06-30,0.08208738650306749,0.9666666666666667,,1.6659510907257022,1587072.637835144,0.0,2383166.962164856,2383166.962164856,0,False
2014-07-29,2014-07-28,2014-06-30,0.08208738650306749,0.9666666666666667,,1.67458213211488,1587224.8228826078,0.0,2352900.777117392,2352900.777117392,0,False
2014-07-30,2014-07-29,2014-06-30,0.08208738650306749,0.9666666666666667,,1.6832025117937577,1587377.0225231582,0.0,2323435.577476842,2323435.577476842,0,False
2014-07-31,2014-07-30,2014-06-30,0.08208738650306749,0.9666666666666667,,1.6659732084459777,1626496.6262781946,0.0,2442285.3737218054,2442285.3737218054,0,False
2014-08-01,2014-07-31,2014-07-31,0.07202389908256879,0.8166666666666667,,1.6659757981141539,1644324.7683281114,0.0,2469045.831671889,2469045.831671889,0,False
2014-08-04,2014-08-01,2014-07-31,0.07202389908256879,0.8166666666666667,,1.665980636878874,1683995.1851814662,0.0,2528594.814818534,2528594.814818534,0,False
2014-08-05,2014-08-04,2014-07-31,0.07202389908256879,0.8166666666666667,,1.6659957862064116,1696315.7856618261,0.0,2547036.8143381737,2547036.8143381737,0,False
2014-08-06,2014-08-05,2014-07-31,0.07202389908256879,0.8166666666666667,,1.6743972335391932,1696478.4460796292,0.0,2515547.7539203707,2515547.7539203707,0,False
2014-08-07,2014-08-06,2014-07-31,0.07202389908256879,0.8166666666666667,,1.6937859563250173,1696641.1220950068,0.0,2445482.0779049937,2445482.0779049937,0,False
2014-08-08,2014-08-07,2014-07-31,0.07202389908256879,0.8166666666666667,,1.6661193568949624,1651037.4340695036,3.3666500494227876,2478585.932580546,2478585.932580546,0,False
2014-08-11,2014-08-08,2014-07-31,0.07202389908256879,0.8166666666666667,,1.6660942237548653,1686622.7075336385,0.0,2532108.2924663615,2532108.2924663615,0,False
2014-08-12,2014-08-11,2014-07-31,0.07202389908256879,0.8166666666666667,,1.6773385539937373,1686784.4384781965,0.0,2490312.161521803,2490312.161521803,0,False
2014-08-13,2014-08-12,2014-07-31,0.07202389908256879,0.8166666666666667,,1.6695937785256159,1686946.1849312012,0.0,2519357.615068799,2519357.615068799,0,False
2014-08-14,2014-08-13,2014-07-31,0.07202389908256879,0.8166666666666667,,1.6777261700994397,1686411.3049141397,0.0,2488337.2950858604,2488337.2950858604,0,False
2014-08-15,2014-08-14,2014-07-31,0.07202389908256879,0.8166666666666667,,1.675831108491957,1686573.0155872137,0.0,2495553.9844127866,2495553.9844127866,0,False
2014-08-18,2014-08-15,2014-07-31,0.07202389908256879,0.8166666666666667,,1.6715552732153234,1687058.1941259443,0.0,2512165.8058740557,2512165.8058740557,0,False
2014-08-19,2014-08-18,2014-07-31,0.07202389908256879,0.8166666666666667,,1.6659137441706935,1700220.0967794906,0.0,2553213.703220509,2553213.703220509,0,False
2014-08-20,2014-08-19,2014-07-31,0.07202389908256879,0.8166666666666667,,1.6659479732733193,1725445.2960232913,0.0,2590961.103976709,2590961.103976709,0,False
2014-08-21,2014-08-20,2014-07-31,0.07202389908256879,0.8166666666666667,,1.6694913281340231,1725367.8761618142,0.0,2577132.523838186,2577132.523838186,0,False
2014-08-22,2014-08-21,2014-07-31,0.07202389908256879,0.8166666666666667,,1.666742759742043,1725271.1795865146,0.0,2587611.420413485,2587611.420413485,0,False
2014-08-25,2014-08-22,2014-07-31,0.07202389908256879,0.8166666666666667,,1.6728235131586635,1725767.490473793,0.0,2564963.1095262077,2564963.1095262077,0,False
2014-08-26,2014-08-25,2014-07-31,0.07202389908256879,0.8166666666666667,,1.6966058557623693,1724600.6184276738,0.0,2475719.381572326,2475719.381572326,0,False
2014-08-27,2014-08-26,2014-07-31,0.07202389908256879,0.8166666666666667,,1.6897221002324554,1724765.991089715,0.0,2500668.0089102853,2500668.0089102853,0,False
2014-08-28,2014-08-27,2014-07-31,0.07202389908256879,0.8166666666666667,,1.6932247685980502,1724931.3796094086,0.0,2488271.420390591,2488271.420390591,0,False
2014-08-29,2014-08-28,2014-07-31,0.07202389908256879,0.8166666666666667,,1.6752224912084304,1725096.783988275,0.0,2554856.8160117245,2554856.8160117245,0,False
2014-09-01,2014-08-29,2014-08-29,0.0759821952662722,0.8666666666666667,,1.6659256372383244,1744881.2375369568,0.0,2620234.362463043,2620234.362463043,0,False
2014-09-02,2014-09-01,2014-08-29,0.0759821952662722,0.8666666666666667,,1.6658964493598147,1770028.8046658987,0.0,2658114.195334101,2658114.195334101,0,False
2014-09-03,2014-09-02,2014-08-29,0.0759821952662722,0.8666666666666667,,1.6659614207350746,1785404.6854653873,0.0,2680943.1145346137,2680943.1145346137,0,False
2014-09-04,2014-09-03,2014-08-29,0.0759821952662722,0.8666666666666667,,1.665992469560264,1808005.1127944046,0.0,2714753.0872055953,2714753.0872055953,0,False
2014-09-05,2014-09-04,2014-08-29,0.0759821952662722,0.8666666666666667,,1.6659786343166265,1836062.7618876863,0.0,2756939.438112314,2756939.438112314,0,False
2014-09-09,2014-09-05,2014-08-29,0.0759821952662722,0.8666666666666667,,1.6682425445934033,1836767.0051388214,0.0,2748653.1948611788,2748653.1948611788,0,False
2014-09-10,2014-09-09,2014-08-29,0.0759821952662722,0.8666666666666667,,1.6797118229594301,1836943.13348178,0.0,2702532.2665182203,2702532.2665182203,0,False
2014-09-11,2014-09-10,2014-08-29,0.0759821952662722,0.8666666666666667,,1.6983382733404264,1837119.2787137579,0.0,2630701.1212862423,2630701.1212862423,0,False
2014-09-12,2014-09-11,2014-08-29,0.0759821952662722,0.8666666666666667,,1.6949438499323668,1837295.4408363742,0.0,2643804.1591636264,2643804.1591636264,0,False
2014-09-15,2014-09-12,2014-08-29,0.0759821952662722,0.8666666666666667,,1.7006240735318188,1837823.9778809983,0.0,2623124.2221190017,2623124.2221190017,0,False
2014-09-16,2014-09-15,2014-08-29,0.0759821952662722,0.8666666666666667,,1.737414511547706,1838000.2075775075,0.0,2492492.5924224923,2492492.5924224923,0,False
2014-09-17,2014-09-16,2014-08-29,0.0759821952662722,0.8666666666666667,,1.727788581483458,1838176.4541727547,0.0,2525701.145827245,2525701.145827245,0,False
2014-09-18,2014-09-17,2014-08-29,0.0759821952662722,0.8666666666666667,,1.7351187041523006,1838352.7176683603,0.0,2500756.28233164,2500756.28233164,0,False
2014-09-19,2014-09-18,2014-08-29,0.0759821952662722,0.8666666666666667,,1.721157827665722,1838528.998065945,0.0,2549412.801934055,2549412.801934055,0,False
2014-09-22,2014-09-19,2014-08-29,0.0759821952662722,0.8666666666666667,,1.7508469349886746,1839057.8899694982,0.0,2449311.3100305023,2449311.3100305023,0,False
2014-09-23,2014-09-22,2014-08-29,0.0759821952662722,0.8666666666666667,,1.7401652519744553,1839234.2379863446,0.0,2484896.762013655,2484896.762013655,0,False
2014-09-24,2014-09-23,2014-08-29,0.0759821952662722,0.8666666666666667,,1.7233280244936644,1839145.740613275,0.0,2542616.459386725,2542616.459386725,0,False
2014-09-25,2014-09-24,2014-08-29,0.0759821952662722,0.8666666666666667,,1.668365855658552,1711680.0062541557,0.0,2560992.593745844,2560992.593745844,0,False
2014-09-26,2014-09-25,2014-08-29,0.0759821952662722,0.8666666666666667,,1.6676272612140117,1711844.1399533856,0.0,2564071.6600466142,2564071.6600466142,0,False
2014-09-29,2014-09-26,2014-08-29,0.0759821952662722,0.8666666666666667,,1.6680220767666039,1712336.5882676188,0.0,2563293.411732381,2563293.411732381,0,False
2014-09-30,2014-09-29,2014-08-29,0.0759821952662722,0.8666666666666667,,1.6673437762152192,1712152.9649567676,0.0,2565623.635043232,2565623.635043232,0,False
2014-10-08,2014-09-30,2014-09-30,0.07459247597254004,0.85,,1.6659597227234932,1717629.4389482413,0.0,2579179.1610517586,2579179.1610517586,0,False
2014-10-09,2014-10-08,2014-09-30,0.07459247597254004,0.85,,1.6705241539475717,1717794.143141017,0.0,2561867.6568589825,2561867.6568589825,0,False
2014-10-10,2014-10-09,2014-09-30,0.07459247597254004,0.85,,1.6790947292595608,1717958.8631273457,0.0,2529777.936872654,2529777.936872654,0,False
2014-10-13,2014-10-10,2014-09-30,0.07459247597254004,0.85,,1.684653042046088,1718453.070471533,0.0,2509961.929528467,2509961.929528467,0,False
2014-10-14,2014-10-13,2014-09-30,0.07459247597254004,0.85,,1.690819293948737,1718617.8536426742,0.0,2487796.546357326,2487796.546357326,0,False
2014-10-15,2014-10-14,2014-09-30,0.07459247597254004,0.85,,1.683949697516306,1718782.6526149414,0.0,2513024.9473850583,2513024.9473850583,0,False
2014-10-16,2014-10-15,2014-09-30,0.07459247597254004,0.85,,1.6929801483505271,1718947.4673898497,0.0,2480514.7326101502,2480514.7326101502,0,False
2014-10-17,2014-10-16,2014-09-30,0.07459247597254004,0.85,,1.665835064959431,1719112.2979689145,0.0,2581889.1020310856,2581889.1020310856,0,False
2014-10-20,2014-10-17,2014-09-30,0.07459247597254004,0.85,,1.6659415533537387,1756998.2109831246,0.0,2638366.9890168756,2638366.9890168756,0,False
2014-10-21,2014-10-20,2014-09-30,0.07459247597254004,0.85,,1.6739075453964138,1757166.69026363,0.0,2607429.9097363697,2607429.9097363697,0,False
2014-10-22,2014-10-21,2014-09-30,0.07459247597254004,0.85,,1.6781158965746785,1757335.1856996827,0.0,2591496.8143003173,2591496.8143003173,0,False
2014-10-23,2014-10-22,2014-09-30,0.07459247597254004,0.85,,1.7001768806013624,1757503.697292832,0.0,2510085.3027071683,2510085.3027071683,0,False
2014-10-24,2014-10-23,2014-09-30,0.07459247597254004,0.85,,1.7215268232725192,1757672.2250446272,0.0,2436045.5749553726,2436045.5749553726,0,False
2014-10-27,2014-10-24,2014-09-30,0.07459247597254004,0.85,,1.7195426666649734,1758177.8567805989,0.0,2443465.7432194008,2443465.7432194008,0,False
2014-10-28,2014-10-27,2014-09-30,0.07459247597254004,0.85,,1.712101775091393,1758346.4491778244,0.0,2469234.7508221758,2469234.7508221758,0,False
2014-10-29,2014-10-28,2014-09-30,0.07459247597254004,0.85,,1.6992525907383484,1758515.0577414443,0.0,2514849.542258555,2514849.542258555,0,False
2014-10-30,2014-10-29,2014-09-30,0.07459247597254004,0.85,,1.6930285575285848,1758683.6824730085,0.0,2537678.5175269917,2537678.5175269917,0,False
2014-10-31,2014-10-30,2014-09-30,0.07459247597254004,0.85,,1.6820559813387506,1758852.3233740677,0.0,2578750.6766259326,2578750.6766259326,0,False
2014-11-03,2014-10-31,2014-10-31,0.07620664277588168,0.8666666666666667,,1.666766752640242,1759358.2945903807,0.0,2638641.3054096187,2638641.3054096187,0,False
2014-11-04,2014-11-03,2014-10-31,0.07620664277588168,0.8666666666666667,,1.6796056919541977,1759527.000180273,0.0,2589040.9998197267,2589040.9998197267,0,False
2014-11-05,2014-11-04,2014-10-31,0.07620664277588168,0.8666666666666667,,1.6948501074331517,1759695.7219474136,0.0,2532482.4780525863,2532482.4780525863,0,False
2014-11-06,2014-11-05,2014-10-31,0.07620664277588168,0.8666666666666667,,1.679800220924606,1759864.4598933537,0.0,2588796.5401066463,2588796.5401066463,0,False
2014-11-07,2014-11-06,2014-10-31,0.07620664277588168,0.8666666666666667,,1.6863742402223811,1760033.214019645,0.0,2564247.1859803554,2564247.1859803554,0,False
2014-11-10,2014-11-07,2014-10-31,0.07620664277588168,0.8666666666666667,,1.6659647206229802,1825085.624234226,0.0,2740513.9757657736,2740513.9757657736,0,False
2014-11-11,2014-11-10,2014-10-31,0.07620664277588168,0.8666666666666667,,1.6690552207893574,1825260.6324447691,0.0,2728116.567555231,2728116.567555231,0,False
2014-11-12,2014-11-11,2014-10-31,0.07620664277588168,0.8666666666666667,,1.665998171181628,1848390.8868869215,0.0,2775369.3131130785,2775369.3131130785,0,False
2014-11-13,2014-11-12,2014-10-31,0.07620664277588168,0.8666666666666667,,1.6810700958240499,1848568.1298486777,0.0,2714211.2701513227,2714211.2701513227,0,False
2014-11-14,2014-11-13,2014-10-31,0.07620664277588168,0.8666666666666667,,1.673154814941194,1848745.3898063344,0.0,2746389.6101936656,2746389.6101936656,0,False
2014-11-17,2014-11-14,2014-10-31,0.07620664277588168,0.8666666666666667,,1.6694249189824706,1849277.2206718952,0.0,2762486.3793281047,2762486.3793281047,0,False
2014-11-18,2014-11-17,2014-10-31,0.07620664277588168,0.8666666666666667,,1.688677166360371,1849454.5486245623,0.0,2685517.451375438,2685517.451375438,0,False
2014-11-19,2014-11-18,2014-10-31,0.07620664277588168,0.8666666666666667,,1.6950271466324907,1849631.8935812798,0.0,2661236.9064187203,2661236.9064187203,0,False
2014-11-20,2014-11-19,2014-10-31,0.07620664277588168,0.8666666666666667,,1.6978614845494784,1849809.255543678,0.0,2650682.5444563227,2650682.5444563227,0,False
2014-11-21,2014-11-20,2014-10-31,0.07620664277588168,0.8666666666666667,,1.6848330459758267,1849734.7655833876,0.0,2701001.0344166122,2701001.0344166122,0,False
2014-11-24,2014-11-21,2014-10-31,0.07620664277588168,0.8666666666666667,,1.6756344884043026,1850266.8810638979,0.0,2738561.9189361017,2738561.9189361017,0,False
2014-11-25,2014-11-24,2014-10-31,0.07620664277588168,0.8666666666666667,,1.6659151734815927,1863931.4387355067,0.0,2799052.3612644933,2799052.3612644933,0,False
2014-11-26,2014-11-25,2014-10-31,0.07620664277588168,0.8666666666666667,,1.6659480026607714,1871631.2469971664,0.0,2810476.5530028334,2810476.5530028334,0,False
2014-11-27,2014-11-26,2014-10-31,0.07620664277588168,0.8666666666666667,,1.6718894112219813,1871810.7184866045,0.0,2785891.0815133955,2785891.0815133955,0,False
2014-11-28,2014-11-27,2014-10-31,0.07620664277588168,0.8666666666666667,,1.6783723023997235,1871990.2071856374,0.0,2759532.192814363,2759532.192814363,0,False
2014-12-01,2014-11-28,2014-11-28,0.0664803997965412,0.6166666666666667,,1.6659099405446232,1934615.4860664718,0.0,2905220.9139335286,2905220.9139335286,0,False
2014-12-02,2014-12-01,2014-11-28,0.0664803997965412,0.6166666666666667,,1.6659957719692478,2006952.890630478,0.0,3013461.909369522,3013461.909369522,0,False
2014-12-03,2014-12-02,2014-11-28,0.0664803997965412,0.6166666666666667,,1.6659527547256232,2084320.7849879358,0.0,3129832.815012064,3129832.815012064,0,False
2014-12-04,2014-12-03,2014-11-28,0.0664803997965412,0.6166666666666667,,1.6659696730795512,2185837.7215745784,0.0,3282188.0784254214,3282188.0784254214,0,False
2014-12-05,2014-12-04,2014-11-28,0.0664803997965412,0.6166666666666667,,1.6892927867034024,2186047.3224519896,0.0,3171435.0775480107,3171435.0775480107,0,False
2014-12-08,2014-12-05,2014-11-28,0.0664803997965412,0.6166666666666667,,1.665934202074858,2209622.414690366,0.0,3318079.1853096336,3318079.1853096336,0,False
2014-12-09,2014-12-08,2014-11-28,0.0664803997965412,0.6166666666666667,,1.6659699556913243,2219619.3940917747,0.0,3332912.205908225,3332912.205908225,0,False
2014-12-10,2014-12-09,2014-11-28,0.0664803997965412,0.6166666666666667,,1.666000395777851,2414101.1110476465,0.0,3624774.288952354,3624774.288952354,0,False
2014-12-11,2014-12-10,2014-11-28,0.0664803997965412,0.6166666666666667,,1.6863109716595188,2414332.600195281,0.0,3517840.599804719,3517840.599804719,0,False
2014-12-12,2014-12-11,2014-11-28,0.0664803997965412,0.6166666666666667,,1.6920284026270134,2414564.111540505,0.0,3489111.288459495,3489111.288459495,0,False
2014-12-15,2014-12-12,2014-11-28,0.0664803997965412,0.6166666666666667,,1.6695206871032855,2415258.712175332,0.0,3607444.487824668,3607444.487824668,0,False
2014-12-16,2014-12-15,2014-11-28,0.0664803997965412,0.6166666666666667,,1.6818836303349312,2415490.3123258147,0.0,3542379.0876741856,3542379.0876741856,0,False
2014-12-17,2014-12-16,2014-11-28,0.0664803997965412,0.6166666666666667,,1.7098279257538491,2415721.934684531,0.0,3403250.065315469,3403250.065315469,0,False
2014-12-18,2014-12-17,2014-11-28,0.0664803997965412,0.6166666666666667,,1.690826806025386,2415953.57925361,0.0,3497191.42074639,3497191.42074639,0,False
2014-12-19,2014-12-18,2014-11-28,0.0664803997965412,0.6166666666666667,,1.6849850813322242,2416185.2460351824,0.0,3527354.5539648174,3527354.5539648174,0,False
2014-12-22,2014-12-19,2014-11-28,0.0664803997965412,0.6166666666666667,,1.6709084285570874,2416880.313023768,0.0,3602399.686976232,3602399.686976232,0,False
2014-12-23,2014-12-22,2014-11-28,0.0664803997965412,0.6166666666666667,,1.6659987362975235,2421326.1107102223,0.0,3635631.6892897775,3635631.6892897775,0,False
2014-12-24,2014-12-23,2014-11-28,0.0664803997965412,0.6166666666666667,,1.6842450313174988,2421558.2926660436,0.0,3539022.1073339568,3539022.1073339568,0,False
2014-12-25,2014-12-24,2014-11-28,0.0664803997965412,0.6166666666666667,,1.6659188291228062,2423892.517855888,0.0,3639921.882144112,3639921.882144112,0,False
2014-12-26,2014-12-25,2014-11-28,0.0664803997965412,0.6166666666666667,,1.6659881560484475,2508727.660695546,0.0,3766925.339304454,3766925.339304454,0,False
2014-12-29,2014-12-26,2014-11-28,0.0664803997965412,0.6166666666666667,,1.6682831435878833,2509449.34947465,0.0,3755069.0505253505,3755069.0505253505,0,False
2014-12-30,2014-12-29,2014-11-28,0.0664803997965412,0.6166666666666667,,1.6736743817042363,2509689.981604052,0.0,3725375.4183959486,3725375.4183959486,0,False
2014-12-31,2014-12-30,2014-11-28,0.0664803997965412,0.6166666666666667,,1.665996351494165,2560557.142967767,0.0,3844701.4570322325,3844701.4570322325,0,False
2015-01-05,2014-12-31,2014-12-31,0.04227393563579278,0.3333333333333333,,1.6659610822351212,2851244.986991382,0.0,4281398.813008618,4281398.813008618,0,False
2015-01-06,2015-01-05,2014-12-31,0.04227393563579278,0.3333333333333333,,1.6659866678019817,2872388.1465049293,0.0,4312981.45349507,4312981.45349507,0,False
2015-01-07,2015-01-06,2014-12-31,0.04227393563579278,0.3333333333333333,,1.6755039979658295,2872663.580984731,0.0,4252622.619015269,4252622.619015269,0,False
2015-01-08,2015-01-07,2014-12-31,0.04227393563579278,0.3333333333333333,,1.6784340282441883,2872939.0418760586,0.0,4234662.358123941,4234662.358123941,0,False
2015-01-09,2015-01-08,2014-12-31,0.04227393563579278,0.3333333333333333,,1.696104735539028,2873214.529181444,0.0,4127560.670818556,4127560.670818556,0,False
2015-01-12,2015-01-09,2014-12-31,0.04227393563579278,0.3333333333333333,,1.6853509775602546,2874041.070347373,0.0,4193531.729652627,4193531.729652627,0,False
2015-01-13,2015-01-12,2014-12-31,0.04227393563579278,0.3333333333333333,,1.6659115242306775,2884071.7607767214,0.0,4331013.439223278,4331013.439223278,0,False
2015-01-14,2015-01-13,2014-12-31,0.04227393563579278,0.3333333333333333,,1.6974532955462103,2883720.6384330974,0.0,4134643.3615669026,4134643.3615669026,0,False
2015-01-15,2015-01-14,2014-12-31,0.04227393563579278,0.3333333333333333,,1.6867792042282408,2883997.1595902075,0.0,4199307.640409792,4199307.640409792,0,False
2015-01-16,2015-01-15,2014-12-31,0.04227393563579278,0.3333333333333333,,1.6913536506383107,2884273.707263045,0.0,4171922.292736955,4171922.292736955,0,False
2015-01-19,2015-01-16,2014-12-31,0.04227393563579278,0.3333333333333333,,1.7875154408451535,2885103.4298363673,0.0,3663551.5701636327,3663551.5701636327,0,False
2015-01-20,2015-01-19,2014-12-31,0.04227393563579278,0.3333333333333333,,1.7426766787236911,2885380.0835899133,0.0,3885109.316410087,3885109.316410087,0,False
2015-01-21,2015-01-20,2014-12-31,0.04227393563579278,0.3333333333333333,,1.6981196425826817,2885656.763871901,0.0,4133470.236128099,4133470.236128099,0,False
2015-01-22,2015-01-21,2014-12-31,0.04227393563579278,0.3333333333333333,,1.6972326185323183,2885933.4706848753,0.0,4139125.729315124,4139125.729315124,0,False
2015-01-23,2015-01-22,2014-12-31,0.04227393563579278,0.3333333333333333,,1.7134030631749715,2886210.2040313794,0.0,4045693.5959686204,4045693.5959686204,0,False
2015-01-26,2015-01-23,2014-12-31,0.04227393563579278,0.3333333333333333,,1.694530544552129,2887040.4836791144,0.0,4156822.916320886,4156822.916320886,0,False
2015-01-27,2015-01-26,2014-12-31,0.04227393563579278,0.3333333333333333,,1.6855971111585952,2886960.5077975495,0.0,4210870.29220245,4210870.29220245,0,False
2015-01-28,2015-01-27,2014-12-31,0.04227393563579278,0.3333333333333333,,1.7078829056122022,2884898.5355770644,0.0,4075389.4644229356,4075389.4644229356,0,False
2015-01-29,2015-01-28,2014-12-31,0.04227393563579278,0.3333333333333333,,1.7271230231176768,2885175.1696832157,0.0,3967932.630316784,3967932.630316784,0,False
2015-01-30,2015-01-29,2014-12-31,0.04227393563579278,0.3333333333333333,,1.742989339667109,2885451.830315925,0.0,3883570.9696840746,3883570.9696840746,0,False
2015-02-02,2015-01-30,2015-01-30,0.045237821829855536,0.35,,1.7671802379614696,2886281.8918013587,0.0,3762195.3081986415,3762195.3081986415,0,False
2015-02-03,2015-02-02,2015-01-30,0.045237821829855536,0.35,,1.7449500183107052,2886558.6585581065,0.0,3874835.3414418935,3874835.3414418935,0,False
2015-02-04,2015-02-03,2015-01-30,0.045237821829855536,0.35,,1.7355006497062189,2886835.4518541326,0.0,3924993.7481458676,3924993.7481458676,0,False
2015-02-05,2015-02-04,2015-01-30,0.045237821829855536,0.35,,1.7449856507725408,2887112.2716919817,0.0,3875393.1283080187,3875393.1283080187,0,False
2015-02-06,2015-02-05,2015-01-30,0.045237821829855536,0.35,,1.77290423541386,2887389.1180741987,0.0,3735765.681925801,3735765.681925801,0,False
2015-02-09,2015-02-06,2015-01-30,0.045237821829855536,0.35,,1.7455284446744355,2888219.73686159,0.0,3874057.06313841,3874057.06313841,0,False
2015-02-10,2015-02-09,2015-01-30,0.045237821829855536,0.35,,1.7171996090009514,2888496.689439097,0.0,4027465.510560903,4027465.510560903,0,False
2015-02-11,2015-02-10,2015-01-30,0.045237821829855536,0.35,,1.7124392806774633,2888773.668573701,0.0,4054764.7314262995,4054764.7314262995,0,False
2015-02-12,2015-02-11,2015-01-30,0.045237821829855536,0.35,,1.7091181486270564,2889050.6742679477,0.0,4074145.7257320527,4074145.7257320527,0,False
2015-02-13,2015-02-12,2015-01-30,0.045237821829855536,0.35,,1.712344975891373,2889327.706524384,0.0,4056079.293475616,4056079.293475616,0,False
2015-02-16,2015-02-13,2015-01-30,0.045237821829855536,0.35,,1.7051635878594669,2890158.882987905,0.0,4098565.117012095,4098565.117012095,0,False
2015-02-17,2015-02-16,2015-01-30,0.045237821829855536,0.35,,1.6711181407555016,2890436.021510931,0.0,4306895.978489069,4306895.978489069,0,False
2015-02-25,2015-02-17,2015-01-30,0.045237821829855536,0.35,,1.6903846560853242,2892653.342294556,0.0,4189915.4577054437,4189915.4577054437,0,False
2015-02-26,2015-02-25,2015-01-30,0.045237821829855536,0.35,,1.665868339574026,2909319.8838523105,0.0,4369211.916147689,4369211.916147689,0,False
2015-02-27,2015-02-26,2015-01-30,0.045237821829855536,0.35,,1.665962016731226,2895928.1998187657,268.3667471818917,4348085.5669284165,4348085.5669284165,0,False
2015-03-02,2015-02-27,2015-02-27,0.044319012490242005,0.3333333333333333,,1.6657282489656635,2900623.949567148,0.0,4357069.050432852,4357069.050432852,0,False
2015-03-03,2015-03-02,2015-02-27,0.044319012490242005,0.3333333333333333,,1.701623350428396,2900902.0915897093,0.0,4134557.5084102903,4134557.5084102903,0,False
2015-03-04,2015-03-03,2015-02-27,0.044319012490242005,0.3333333333333333,,1.6862356082562604,2901180.2602834236,0.0,4227673.739716576,4227673.739716576,0,False
2015-03-05,2015-03-04,2015-02-27,0.044319012490242005,0.3333333333333333,,1.7053615574627412,2901458.455650848,0.0,4113434.344349152,4113434.344349152,0,False
2015-03-06,2015-03-05,2015-02-27,0.044319012490242005,0.3333333333333333,,1.717957979237492,2901736.6776945405,0.0,4041652.5223054597,4041652.5223054597,0,False
2015-03-09,2015-03-06,2015-02-27,0.044319012490242005,0.3333333333333333,,1.6987292084815189,2902571.4238620964,0.0,4154071.976137904,4154071.976137904,0,False
2015-03-10,2015-03-09,2015-02-27,0.044319012490242005,0.3333333333333333,,1.70757246524335,2902849.7526287683,0.0,4102547.647371232,4102547.647371232,0,False
2015-03-11,2015-03-10,2015-02-27,0.044319012490242005,0.3333333333333333,,1.6972232917735344,2903128.1080845,0.0,4163842.6919155,4163842.6919155,0,False
2015-03-12,2015-03-11,2015-02-27,0.044319012490242005,0.3333333333333333,,1.6867989776059644,2903406.49023185,0.0,4227447.30976815,4227447.30976815,0,False
2015-03-13,2015-03-12,2015-02-27,0.044319012490242005,0.3333333333333333,,1.6848381438973237,2903684.899073379,0.0,4239957.900926621,4239957.900926621,0,False
2015-03-16,2015-03-13,2015-02-27,0.044319012490242005,0.3333333333333333,,1.6683012747656534,2904520.205688181,0.0,4346123.994311819,4346123.994311819,0,False
2015-03-17,2015-03-16,2015-02-27,0.044319012490242005,0.3333333333333333,,1.6658784191915772,2935328.026514343,0.0,4408204.173485657,4408204.173485657,0,False
2015-03-18,2015-03-17,2015-02-27,0.044319012490242005,0.3333333333333333,,1.6656909873688461,3052702.5782851046,0.0,4585765.221714895,4585765.221714895,0,False
2015-03-19,2015-03-18,2015-02-27,0.044319012490242005,0.3333333333333333,,1.6659608885107482,3053120.601459872,0.0,4584534.398540128,4584534.398540128,0,False
2015-03-20,2015-03-19,2015-02-27,0.044319012490242005,0.3333333333333333,,1.666007681746756,3021428.9023449305,70.84183587753796,4536521.339490946,4536521.339490946,0,False
2015-03-23,2015-03-20,2015-02-27,0.044319012490242005,0.3333333333333333,,1.6656635060015652,3095658.16980644,0.0,4650485.03019356,4650485.03019356,0,False
2015-03-24,2015-03-23,2015-02-27,0.044319012490242005,0.3333333333333333,,1.6656974196648697,3134012.7902705306,0.0,4707863.809729469,4707863.809729469,0,False
2015-03-25,2015-03-24,2015-02-27,0.044319012490242005,0.3333333333333333,,1.66571161410896,3094791.2361780703,1448.3252431303554,4646671.08906506,4646671.08906506,0,False
2015-03-26,2015-03-25,2015-02-27,0.044319012490242005,0.3333333333333333,,1.6659888153504452,3208268.991458409,0.0,4817301.608541591,4817301.608541591,0,False
2015-03-27,2015-03-26,2015-02-27,0.044319012490242005,0.3333333333333333,,1.6659227471216356,3197319.8571621496,488.13526168298586,4800604.478099533,4800604.478099533,0,False
2015-03-30,2015-03-27,2015-02-27,0.044319012490242005,0.3333333333333333,,1.6659009496971309,3399845.7581756776,0.0,5105632.841824322,5105632.841824322,0,False
2015-03-31,2015-03-30,2015-02-27,0.044319012490242005,0.3333333333333333,,1.6786067515956367,3400171.770782626,0.0,5010518.629217375,5010518.629217375,0,False
2015-04-01,2015-03-31,2015-03-31,0.03267329322268325,0.18333333333333332,,1.6659670660798278,3418746.997041057,0.0,5133507.602958943,5133507.602958943,0,False
2015-04-02,2015-04-01,2015-03-31,0.03267329322268325,0.18333333333333332,,1.6659370204691664,3443160.0628455677,0.0,5170398.937154433,5170398.937154433,0,False
2015-04-03,2015-04-02,2015-03-31,0.03267329322268325,0.18333333333333332,,1.6662796322335904,3443490.228878991,0.0,5168235.771121008,5168235.771121008,0,False
2015-04-07,2015-04-03,2015-03-31,0.03267329322268325,0.18333333333333332,,1.6658921388000987,3525120.748011712,0.0,5293831.451988287,5293831.451988287,0,False
2015-04-08,2015-04-07,2015-03-31,0.03267329322268325,0.18333333333333332,,1.6659647599870073,3612906.703478919,0.0,5425071.89652108,5425071.89652108,0,False
2015-04-09,2015-04-08,2015-03-31,0.03267329322268325,0.18333333333333332,,1.6984790826605982,3613253.1465874715,0.0,5173029.8534125285,5173029.8534125285,0,False
2015-04-10,2015-04-09,2015-03-31,0.03267329322268325,0.18333333333333332,,1.6823360591065581,3613599.6229165965,0.0,5295923.577083403,5295923.577083403,0,False
2015-04-13,2015-04-10,2015-03-31,0.03267329322268325,0.18333333333333332,,1.670473018567919,3614639.1515752436,0.0,5391177.648424758,5391177.648424758,0,False
2015-04-14,2015-04-13,2015-03-31,0.03267329322268325,0.18333333333333332,,1.6659853368252524,3650947.120368956,0.0,5482023.279631045,5482023.279631045,0,False
2015-04-15,2015-04-14,2015-03-31,0.03267329322268325,0.18333333333333332,,1.6964613713578098,3651297.2111887177,0.0,5242641.388811282,5242641.388811282,0,False
2015-04-16,2015-04-15,2015-03-31,0.03267329322268325,0.18333333333333332,,1.6658344149060709,3843268.4115788317,0.0,5772108.388421169,5772108.388421169,0,False
2015-04-17,2015-04-16,2015-03-31,0.03267329322268325,0.18333333333333332,,1.6658397811624557,3936816.4348162436,0.0,5912558.1651837565,5912558.1651837565,0,False
2015-04-20,2015-04-17,2015-03-31,0.03267329322268325,0.18333333333333332,,1.694937318504649,3937948.9436536566,0.0,5666624.656346343,5666624.656346343,0,False
2015-04-21,2015-04-20,2015-03-31,0.03267329322268325,0.18333333333333332,,1.6659125059475943,4111945.3982461984,0.0,6174903.401753802,6174903.401753802,0,False
2015-04-22,2015-04-21,2015-03-31,0.03267329322268325,0.18333333333333332,,1.6656614721146137,4162115.192080277,0.0,6252600.407919723,6252600.407919723,0,False
2015-04-23,2015-04-22,2015-03-31,0.03267329322268325,0.18333333333333332,,1.6772576268180968,4162514.299016504,0.0,6146131.300983496,6146131.300983496,0,False
2015-04-24,2015-04-23,2015-03-31,0.03267329322268325,0.18333333333333332,,1.70421645728792,4162913.444223259,0.0,5911411.755776741,5911411.755776741,0,False
2015-04-27,2015-04-24,2015-03-31,0.03267329322268325,0.18333333333333332,,1.689054025027414,4164110.9946661177,0.0,6043228.605333883,6043228.605333883,0,False
2015-04-28,2015-04-27,2015-03-31,0.03267329322268325,0.18333333333333332,,1.7382423366085504,4164510.2929806747,0.0,5641115.507019326,5641115.507019326,0,False
2015-04-29,2015-04-28,2015-03-31,0.03267329322268325,0.18333333333333332,,1.7382203620913308,4164909.6295841113,0.0,5641824.370415889,5641824.370415889,0,False
2015-04-30,2015-04-29,2015-03-31,0.03267329322268325,0.18333333333333332,,1.6660572638225621,3760587.2454162543,428.4786061554041,5645398.633189902,5645398.633189902,0,False
2015-05-04,2015-04-30,2015-04-30,0.02681063088057902,0.06666666666666667,1.0,0.999929717878171,0.0,406.5998842620461,5785253.399884262,5785253.399884262,9,False
2015-05-05,2015-05-04,2015-04-30,0.02681063088057902,0.06666666666666667,1.0,0.9999260849913276,0.0,406.5998842620461,5500910.999884262,5500910.999884262,0,False
2015-05-06,2015-05-05,2015-04-30,0.02681063088057902,0.06666666666666667,1.0,0.999768058702863,0.0,1251.8351542620367,5397206.835154261,5397206.835154261,0,False
2015-05-07,2015-05-06,2015-04-30,0.02681063088057902,0.06666666666666667,1.0,0.9997663067068265,0.0,1251.8351542620367,5356744.035154263,5356744.035154263,0,False
2015-05-08,2015-05-07,2015-04-30,0.02681063088057902,0.06666666666666667,1.0,0.9997705958066578,0.0,1251.8351542620367,5456897.435154262,5456897.435154262,0,False
2015-05-11,2015-05-08,2015-04-30,0.02681063088057902,0.06666666666666667,1.0,0.999776415464628,0.0,1251.8351542620367,5598934.435154262,5598934.435154262,0,False
2015-05-12,2015-05-11,2015-04-30,0.02681063088057902,0.06666666666666667,1.0,0.9997752433927648,0.0,1251.8351542620367,5569736.835154261,5569736.835154261,0,False
2015-05-13,2015-05-12,2015-04-30,0.02681063088057902,0.06666666666666667,1.0,0.999774602432155,0.0,1251.8351542620367,5553898.235154262,5553898.235154262,0,False
2015-05-14,2015-05-13,2015-04-30,0.02681063088057902,0.06666666666666667,1.0,0.9997713781045718,0.0,1251.8351542620367,5475569.835154261,5475569.835154261,0,False
2015-05-15,2015-05-14,2015-04-30,0.02681063088057902,0.06666666666666667,1.0,0.9997686647548325,0.0,1251.8351542620367,5411346.435154262,5411346.435154262,0,False
2015-05-18,2015-05-15,2015-04-30,0.02681063088057902,0.06666666666666667,1.0,0.9997686874870667,0.0,1251.8351542620367,5411878.235154262,5411878.235154262,0,False
2015-05-19,2015-05-18,2015-04-30,0.02681063088057902,0.06666666666666667,1.0,0.9997752992922282,0.0,1251.8351542620367,5571122.435154262,5571122.435154262,0,False
2015-05-20,2015-05-19,2015-04-30,0.02681063088057902,0.06666666666666667,1.0,0.9997428338142946,0.0,1449.4592042620443,5636274.459204262,5636274.459204262,0,False
2015-05-21,2015-05-20,2015-04-30,0.02681063088057902,0.06666666666666667,1.0,0.9996378863338249,0.0,2122.9677622620366,5862710.967762262,5862710.967762262,0,False
2015-05-22,2015-05-21,2015-04-30,0.02681063088057902,0.06666666666666667,1.0,0.9998687620388647,0.0,784.8480022620643,5980342.8480022615,5980342.8480022615,0,False
2015-05-25,2015-05-22,2015-04-30,0.02681063088057902,0.06666666666666667,1.0,0.9998616342202425,0.0,840.6689222620626,6075699.668922262,6075699.668922262,0,False
2015-05-26,2015-05-25,2015-04-30,0.02681063088057902,0.06666666666666667,1.0,0.9996680972709241,0.0,2068.930242262082,6233543.930242262,6233543.930242262,0,False
2015-05-27,2015-05-26,2015-04-30,0.02681063088057902,0.06666666666666667,1.0,0.9997322356309857,0.0,1684.7519222620758,6291919.751922262,6291919.751922262,0,False
2015-05-28,2015-05-27,2015-04-30,0.02681063088057902,0.06666666666666667,1.0,0.9998318058718432,0.0,1001.7268422620759,5955777.726842262,5955777.726842262,0,False
2015-05-29,2015-05-28,2015-04-30,0.02681063088057902,0.06666666666666667,1.0,0.9998335091402574,0.0,1001.7268422620759,6016707.726842262,6016707.726842262,0,False
2015-06-01,2015-05-29,2015-05-29,0.025245510403916767,0.0,1.0,0.9998410739845756,0.0,1001.7268422620759,6303101.726842262,6303101.726842262,0,False
2015-06-02,2015-06-01,2015-05-29,0.025245510403916767,0.0,1.0,0.9998401187966801,0.0,1001.7268422620759,6265444.726842262,6265444.726842262,0,False
2015-06-03,2015-06-02,2015-05-29,0.025245510403916767,0.0,1.0,0.9998400705021658,0.0,1001.7268422620759,6263552.726842262,6263552.726842262,0,False
2015-06-04,2015-06-03,2015-05-29,0.025245510403916767,0.0,1.0,0.9998377089521608,0.0,1001.7268422620759,6172409.726842262,6172409.726842262,0,False
2015-06-05,2015-06-04,2015-05-29,0.025245510403916767,0.0,1.0,0.9998431075300698,0.0,1001.7268422620759,6384798.726842262,6384798.726842262,0,False
2015-06-08,2015-06-05,2015-05-29,0.025245510403916767,0.0,1.0,0.999846202982315,0.0,1001.7268422620759,6513304.726842262,6513304.726842262,0,False
2015-06-09,2015-06-08,2015-05-29,0.025245510403916767,0.0,1.0,0.9998461294643196,0.0,1001.7268422620759,6510192.726842262,6510192.726842262,0,False
2015-06-10,2015-06-09,2015-05-29,0.025245510403916767,0.0,1.0,0.9998483929304488,0.0,1001.7268422620759,6607388.726842262,6607388.726842262,0,False
2015-06-11,2015-06-10,2015-05-29,0.025245510403916767,0.0,1.0,0.999848173096556,0.0,1001.7268422620759,6597821.726842262,6597821.726842262,0,False
2015-06-12,2015-06-11,2015-05-29,0.025245510403916767,0.0,1.0,0.9998518818086818,0.0,1001.7268422620759,6763023.726842262,6763023.726842262,0,False
2015-06-15,2015-06-12,2015-05-29,0.025245510403916767,0.0,1.0,0.9998550683438011,0.0,1001.7268422620759,6911718.726842262,6911718.726842262,0,False
2015-06-16,2015-06-15,2015-05-29,0.025245510403916767,0.0,1.0,0.9998466949571481,0.0,1001.7268422620759,6534206.726842262,6534206.726842262,0,False
2015-06-17,2015-06-16,2015-05-29,0.025245510403916767,0.0,1.0,0.9998474374560714,0.0,1001.7268422620759,6566007.726842262,6566007.726842262,0,False
2015-06-18,2015-06-17,2015-05-29,0.025245510403916767,0.0,1.0,0.9997205499433451,0.0,1735.3240222620952,6209782.324022262,6209782.324022262,0,False
2015-06-19,2015-06-18,2015-05-29,0.025245510403916767,0.0,1.0,0.9999981206354622,0.0,10.957862262090202,5830620.957862262,5830620.957862262,0,False
2015-06-23,2015-06-19,2015-05-29,0.025245510403916767,0.0,1.0,0.9998328427578943,0.0,1017.1578622620901,6085036.157862262,6085036.157862262,0,False
2015-06-24,2015-06-23,2015-05-29,0.025245510403916767,0.0,1.0,0.9998397463695323,0.0,1017.1578622620901,6347175.157862262,6347175.157862262,0,False
2015-06-25,2015-06-24,2015-05-29,0.025245510403916767,0.0,1.0,0.999835100071392,0.0,1017.1578622620901,6168334.157862262,6168334.157862262,0,False
2015-06-26,2015-06-25,2015-05-29,0.025245510403916767,0.0,1.0,0.9928569174384858,0.0,41067.34128226212,5749246.341282262,5749246.341282262,0,False
2015-06-29,2015-06-26,2015-05-29,0.025245510403916767,0.0,1.0,0.999731478367847,0.0,1561.9462822621208,5816835.946282262,5816835.946282262,0,False
2015-06-30,2015-06-29,2015-05-29,0.025245510403916767,0.0,1.0,0.9997426589294597,0.0,1561.9462822621208,6069556.946282262,6069556.946282262,0,False
2015-07-01,2015-06-30,2015-06-30,0.026097246430788333,0.05,1.0,0.9997293630409828,0.0,1561.9462822621208,5771370.946282262,5771370.946282262,0,False
2015-07-02,2015-07-01,2015-06-30,0.026097246430788333,0.05,1.0,0.9998885606140822,0.0,607.2242122621392,5448919.224212262,5448919.224212262,0,False
2015-07-03,2015-07-02,2015-06-30,0.026097246430788333,0.05,1.0,0.9998833060534116,0.0,607.2242122621392,5203562.224212262,5203562.224212262,0,False
2015-07-06,2015-07-03,2015-06-30,0.026097246430788333,0.05,1.0,0.9998882036771285,0.0,607.2242122621392,5431522.224212263,5431522.224212263,0,False
2015-07-07,2015-07-06,2015-06-30,0.026097246430788333,0.05,1.0,0.9998855164062872,0.0,607.2242122621392,5304028.224212262,5304028.224212262,0,False
2015-07-08,2015-07-07,2015-06-30,0.026097246430788333,0.05,1.0,0.999875639124442,0.0,607.2242122621392,4882759.224212262,4882759.224212262,0,False
2015-07-09,2015-07-08,2015-06-30,0.026097246430788333,0.05,1.0,0.9998869506588856,0.0,607.2242122621392,5371320.224212262,5371320.224212262,0,False
2015-07-10,2015-07-09,2015-06-30,0.026097246430788333,0.05,1.0,0.9998967612181224,0.0,607.2242122621392,5881745.224212262,5881745.224212262,0,False
2015-07-13,2015-07-10,2015-06-30,0.026097246430788333,0.05,1.0,0.9998986820532644,0.0,607.2242122621392,5993254.224212262,5993254.224212262,0,False
2015-07-14,2015-07-13,2015-06-30,0.026097246430788333,0.05,1.0,0.9998924463031135,0.0,607.2242122621392,5645777.224212262,5645777.224212262,0,False
2015-07-15,2015-07-14,2015-06-30,0.026097246430788333,0.05,1.0,0.9998874806685455,0.0,607.2242122621392,5396621.224212262,5396621.224212262,0,False
2015-07-16,2015-07-15,2015-06-30,0.026097246430788333,0.05,1.0,0.9998887414603831,0.0,607.2242122621392,5457776.224212262,5457776.224212262,0,False
2015-07-17,2015-07-16,2015-06-30,0.026097246430788333,0.05,1.0,0.9998927501516813,0.0,607.2242122621392,5661772.224212262,5661772.224212262,0,False
2015-07-20,2015-07-17,2015-06-30,0.026097246430788333,0.05,1.0,0.9998893320112543,0.0,607.2242122621392,5486900.224212262,5486900.224212262,0,False
2015-07-21,2015-07-20,2015-06-30,0.026097246430788333,0.05,1.0,0.9998890358182602,0.0,607.2242122621392,5472254.224212262,5472254.224212262,0,False
2015-07-22,2015-07-21,2015-06-30,0.026097246430788333,0.05,1.0,0.9998874522428719,0.0,607.2242122621392,5395258.224212262,5395258.224212262,0,False
2015-07-23,2015-07-22,2015-06-30,0.026097246430788333,0.05,1.0,0.9998912153463608,0.0,607.2242122621392,5581892.224212262,5581892.224212262,0,False
2015-07-24,2015-07-23,2015-06-30,0.026097246430788333,0.05,1.0,0.9998888489908687,0.0,607.2242122621392,5463056.224212263,5463056.224212263,0,False
2015-07-27,2015-07-24,2015-06-30,0.026097246430788333,0.05,1.0,0.9998764954279358,0.0,607.2242122621392,4916613.224212262,4916613.224212262,0,False
2015-07-28,2015-07-27,2015-06-30,0.026097246430788333,0.05,1.0,0.9998770246611854,0.0,607.2242122621392,4937772.224212262,4937772.224212262,0,False
2015-07-29,2015-07-28,2015-06-30,0.026097246430788333,0.05,1.0,0.9998820449800571,0.0,607.2242122621392,5147930.224212262,5147930.224212262,0,False
2015-07-30,2015-07-29,2015-06-30,0.026097246430788333,0.05,1.0,0.9998783662901773,0.0,607.2242122621392,4992236.224212262,4992236.224212262,0,False
2015-07-31,2015-07-30,2015-06-30,0.026097246430788333,0.05,1.0,0.9998820006265445,0.0,607.2242122621392,5145995.224212262,5145995.224212262,0,False
2015-08-03,2015-07-31,2015-07-31,0.0376069001447178,0.2833333333333333,,0.9998867576249306,0.0,607.2242122621392,5362164.224212262,5362164.224212262,0,False
2015-08-04,2015-08-03,2015-07-31,0.0376069001447178,0.2833333333333333,,0.9998906503491964,0.0,607.2242122621392,5553051.224212263,5553051.224212263,0,False
2015-08-05,2015-08-04,2015-07-31,0.0376069001447178,0.2833333333333333,,0.999890268713904,0.0,607.2242122621392,5533738.224212262,5533738.224212262,0,False
2015-08-06,2015-08-05,2015-07-31,0.0376069001447178,0.2833333333333333,,0.9998893594349657,0.0,607.2242122621392,5488260.224212262,5488260.224212262,0,False
2015-08-07,2015-08-06,2015-07-31,0.0376069001447178,0.2833333333333333,,0.9998898883590821,0.0,607.2242122621392,5514623.224212262,5514623.224212262,0,False
2015-08-10,2015-08-07,2015-07-31,0.0376069001447178,0.2833333333333333,,0.9998929644393693,0.0,607.2242122621392,5673107.224212262,5673107.224212262,0,False
2015-08-11,2015-08-10,2015-07-31,0.0376069001447178,0.2833333333333333,,0.999891777196803,0.0,607.2242122621392,5610871.224212262,5610871.224212262,0,False
2015-08-12,2015-08-11,2015-07-31,0.0376069001447178,0.2833333333333333,,0.9998895324550081,0.0,607.2242122621392,5496856.224212262,5496856.224212262,0,False
2015-08-13,2015-08-12,2015-07-31,0.0376069001447178,0.2833333333333333,,0.9998901659604307,0.0,607.2242122621392,5528561.224212262,5528561.224212262,0,False
2015-08-14,2015-08-13,2015-07-31,0.0376069001447178,0.2833333333333333,,0.9998918733394317,0.0,607.2242122621392,5615860.224212262,5615860.224212262,0,False
2015-08-17,2015-08-14,2015-07-31,0.0376069001447178,0.2833333333333333,,0.9998909444997843,0.0,607.2242122621392,5568029.224212262,5568029.224212262,0,False
2015-08-18,2015-08-17,2015-07-31,0.0376069001447178,0.2833333333333333,,0.9998848382496185,0.0,607.2242122621392,5272794.224212262,5272794.224212262,0,False
2015-08-19,2015-08-18,2015-07-31,0.0376069001447178,0.2833333333333333,,0.9998871144812945,0.0,607.2242122621392,5379115.224212262,5379115.224212262,0,False
2015-08-20,2015-08-19,2015-07-31,0.0376069001447178,0.2833333333333333,,0.9998830311850411,0.0,607.2242122621392,5191334.224212262,5191334.224212262,0,False
2015-08-21,2015-08-20,2015-07-31,0.0376069001447178,0.2833333333333333,,0.9917878298392303,0.0,40927.22421226214,4983728.224212262,4983728.224212262,0,False
2015-08-24,2015-08-21,2015-07-31,0.0376069001447178,0.2833333333333333,,0.9909039499999298,0.0,40927.22421226214,4499450.224212262,4499450.224212262,0,False
2015-08-25,2015-08-24,2015-07-31,0.0376069001447178,0.2833333333333333,,0.9902926717301516,0.0,40927.22421226214,4216116.224212262,4216116.224212262,0,False
2015-08-26,2015-08-25,2015-07-31,0.0376069001447178,0.2833333333333333,,0.9905782982971413,0.0,40927.22421226214,4343931.224212262,4343931.224212262,0,False
2015-08-27,2015-08-26,2015-07-31,0.0376069001447178,0.2833333333333333,,0.9911250038550459,0.0,40927.22421226214,4611520.224212262,4611520.224212262,0,False
2015-08-28,2015-08-27,2015-07-31,0.0376069001447178,0.2833333333333333,,0.991452691562432,0.0,40927.22421226214,4788317.224212262,4788317.224212262,0,False
2015-08-31,2015-08-28,2015-07-31,0.0376069001447178,0.2833333333333333,,0.9915257970728076,0.0,40927.22421226214,4829625.224212262,4829625.224212262,0,False
2015-09-01,2015-08-31,2015-08-31,0.0522911993156544,0.38333333333333336,,0.9915374843108491,0.0,40927.22421226214,4836295.224212262,4836295.224212262,0,False
2015-09-02,2015-09-01,2015-08-31,0.0522911993156544,0.38333333333333336,,0.9916157533064688,0.0,40927.22421226214,4881443.224212262,4881443.224212262,0,False
2015-09-07,2015-09-02,2015-08-31,0.0522911993156544,0.38333333333333336,,0.9912243340998929,0.0,40927.22421226214,4663717.224212262,4663717.224212262,0,False
2015-09-08,2015-09-07,2015-08-31,0.0522911993156544,0.38333333333333336,,0.9914258031727264,0.0,40927.22421226214,4773301.224212262,4773301.224212262,0,False
2015-09-09,2015-09-08,2015-08-31,0.0522911993156544,0.38333333333333336,,0.9916604676603801,0.0,40927.22421226214,4907616.224212262,4907616.224212262,0,False
2015-09-10,2015-09-09,2015-08-31,0.0522911993156544,0.38333333333333336,,0.9916388458786215,0.0,40927.22421226214,4894925.224212262,4894925.224212262,0,False
2015-09-11,2015-09-10,2015-08-31,0.0522911993156544,0.38333333333333336,,0.9915721243204003,0.0,40927.22421226214,4856173.224212262,4856173.224212262,0,False
2015-09-14,2015-09-11,2015-08-31,0.0522911993156544,0.38333333333333336,,0.9915476837951825,0.0,40927.22421226214,4842131.224212262,4842131.224212262,0,False
2015-09-15,2015-09-14,2015-08-31,0.0522911993156544,0.38333333333333336,,0.9913177613226585,0.0,40927.22421226214,4713902.224212262,4713902.224212262,0,False
2015-09-16,2015-09-15,2015-08-31,0.0522911993156544,0.38333333333333336,,0.9917291707960622,0.0,40927.22421226214,4948382.224212262,4948382.224212262,0,False
2015-09-17,2015-09-16,2015-08-31,0.0522911993156544,0.38333333333333336,,0.9913918705638542,0.0,40927.22421226214,4754485.224212262,4754485.224212262,0,False
2015-09-18,2015-09-17,2015-08-31,0.0522911993156544,0.38333333333333336,,0.9914220203301282,0.0,40927.22421226214,4771196.224212262,4771196.224212262,0,False
2015-09-21,2015-09-18,2015-08-31,0.0522911993156544,0.38333333333333336,,0.9913782774135003,0.0,40927.22421226214,4746989.224212262,4746989.224212262,0,False
2015-09-22,2015-09-21,2015-08-31,0.0522911993156544,0.38333333333333336,,0.991409633138063,0.0,40927.22421226214,4764316.224212262,4764316.224212262,0,False
2015-09-23,2015-09-22,2015-08-31,0.0522911993156544,0.38333333333333336,,0.9911500384948656,0.0,40927.22421226214,4624565.224212262,4624565.224212262,0,False
2015-09-24,2015-09-23,2015-08-31,0.0522911993156544,0.38333333333333336,,0.9912679054748126,0.0,40927.22421226214,4686988.224212262,4686988.224212262,0,False
2015-09-25,2015-09-24,2015-08-31,0.0522911993156544,0.38333333333333336,,0.9912638290818532,0.0,40927.22421226214,4684801.224212262,4684801.224212262,0,False
2015-09-28,2015-09-25,2015-08-31,0.0522911993156544,0.38333333333333336,,0.9911991338656789,0.0,40927.22421226214,4650363.224212262,4650363.224212262,0,False
2015-09-29,2015-09-28,2015-08-31,0.0522911993156544,0.38333333333333336,,0.9909366746166808,0.0,40927.22421226214,4515696.224212262,4515696.224212262,0,False
2015-09-30,2015-09-29,2015-08-31,0.0522911993156544,0.38333333333333336,,0.9910043734514664,0.0,40927.22421226214,4549680.224212262,4549680.224212262,0,False
2015-10-08,2015-09-30,2015-09-30,0.05676455971479501,0.45,,0.9914440200043512,0.0,40927.22421226214,4783464.224212262,4783464.224212262,0,False
2015-10-09,2015-10-08,2015-09-30,0.05676455971479501,0.45,,0.9915335401897671,0.0,40927.22421226214,4834042.224212262,4834042.224212262,0,False
2015-10-12,2015-10-09,2015-09-30,0.05676455971479501,0.45,,0.9917830566955522,0.0,40927.22421226214,4980833.224212262,4980833.224212262,0,False
2015-10-13,2015-10-12,2015-09-30,0.05676455971479501,0.45,,0.9917765814240057,0.0,40927.22421226214,4976911.224212262,4976911.224212262,0,False
2015-10-14,2015-10-13,2015-09-30,0.05676455971479501,0.45,,0.9916294936828368,0.0,40927.22421226214,4889456.224212262,4889456.224212262,0,False
2015-10-15,2015-10-14,2015-09-30,0.05676455971479501,0.45,,0.9917551347836534,0.0,40927.22421226214,4963965.224212262,4963965.224212262,0,False
2015-10-16,2015-10-15,2015-09-30,0.05676455971479501,0.45,,0.9917690581725981,0.0,40927.22421226214,4972362.224212262,4972362.224212262,0,False
2015-10-19,2015-10-16,2015-09-30,0.05676455971479501,0.45,,0.9916936887335223,0.0,40927.22421226214,4927244.224212262,4927244.224212262,0,False
2015-10-20,2015-10-19,2015-09-30,0.05676455971479501,0.45,,0.9917279103526866,0.0,40927.22421226214,4947628.224212262,4947628.224212262,0,False
2015-10-21,2015-10-20,2015-09-30,0.05676455971479501,0.45,,0.9916051665614687,0.0,40927.22421226214,4875287.224212262,4875287.224212262,0,False
2015-10-22,2015-10-21,2015-09-30,0.05676455971479501,0.45,,0.9916217262106792,0.0,40927.22421226214,4884923.224212262,4884923.224212262,0,False
2015-10-23,2015-10-22,2015-09-30,0.05676455971479501,0.45,,0.9918189961732811,0.0,40927.22421226214,5002714.224212262,5002714.224212262,0,False
2015-10-26,2015-10-23,2015-09-30,0.05676455971479501,0.45,,0.9918006806369991,0.0,40927.22421226214,4991539.224212262,4991539.224212262,0,False
2015-10-27,2015-10-26,2015-09-30,0.05676455971479501,0.45,,0.9917511981300413,0.0,40927.22421226214,4961596.224212262,4961596.224212262,0,False
2015-10-28,2015-10-27,2015-09-30,0.05676455971479501,0.45,,1.03919080312449,192782.48102773787,0.0,4919074.518972262,4919074.518972262,0,False
2015-10-29,2015-10-28,2015-09-30,0.05676455971479501,0.45,,1.0852785110293661,427126.7400190693,0.0,5008609.259980931,5008609.259980931,0,False
2015-10-30,2015-10-29,2015-09-30,0.05676455971479501,0.45,,1.1818228243108533,913608.1999477013,0.0,5024716.800052298,5024716.800052298,0,False
2015-11-02,2015-10-30,2015-10-30,0.049785852090032154,0.31666666666666665,,1.2796378382671056,1396450.0966049465,0.0,4993780.903395053,4993780.903395053,0,False
2015-11-03,2015-11-02,2015-10-30,0.049785852090032154,0.31666666666666665,,1.3769101881019787,1875217.6466885938,0.0,4975237.353311406,4975237.353311406,0,False
2015-11-04,2015-11-03,2015-10-30,0.049785852090032154,0.31666666666666665,,1.4569367398855237,2394186.522599372,0.0,5239645.477400628,5239645.477400628,0,False
2015-11-05,2015-11-04,2015-10-30,0.049785852090032154,0.31666666666666665,,1.5997694646985572,3184072.954828936,0.0,5308828.045171063,5308828.045171063,0,False
2015-11-06,2015-11-05,2015-10-30,0.049785852090032154,0.31666666666666665,,1.6659236849421475,3582632.079993098,0.0,5379943.920006902,5379943.920006902,0,False
2015-11-09,2015-11-06,2015-10-30,0.049785852090032154,0.31666666666666665,,1.6659429329890474,3668826.8746804935,0.0,5509221.125319507,5509221.125319507,0,False
2015-11-10,2015-11-09,2015-10-30,0.049785852090032154,0.31666666666666665,,1.6721363949031025,3669178.6799972435,0.0,5458979.320002757,5458979.320002757,0,False
2015-11-11,2015-11-10,2015-10-30,0.049785852090032154,0.31666666666666665,,1.681271796784622,3669530.51904875,0.0,5386294.48095125,5386294.48095125,0,False
2015-11-12,2015-11-11,2015-10-30,0.049785852090032154,0.31666666666666665,,1.688463840161108,3669882.391838248,0.0,5330537.608161752,5330537.608161752,0,False
2015-11-13,2015-11-12,2015-10-30,0.049785852090032154,0.31666666666666665,,1.6957088933526714,3593031.4208689723,0.0,5164561.579131028,5164561.579131028,0,False
2015-11-16,2015-11-13,2015-10-30,0.049785852090032154,0.31666666666666665,,1.6659910109199039,3457054.1302567134,167.56160913487838,5190590.431352423,5190590.431352423,0,False
2015-11-17,2015-11-16,2015-10-30,0.049785852090032154,0.31666666666666665,,1.6667008857190866,3457218.066988836,0.0,5185560.933011164,5185560.933011164,0,False
2015-11-18,2015-11-17,2015-10-30,0.049785852090032154,0.31666666666666665,,1.6718355586822424,3457549.581050054,0.0,5146422.418949946,5146422.418949946,0,False
2015-11-19,2015-11-18,2015-10-30,0.049785852090032154,0.31666666666666665,,1.6660110197103153,3488233.628900292,0.0,5237501.371099709,5237501.371099709,0,False
2015-11-20,2015-11-19,2015-10-30,0.049785852090032154,0.31666666666666665,,1.6660426060298597,3461185.2720403797,217.76161246355196,5196315.489572084,5196315.489572084,0,False
2015-11-23,2015-11-20,2015-10-30,0.049785852090032154,0.31666666666666665,,1.6660911705424444,3357560.282887683,18.81228248710704,5040663.529394805,5040663.529394805,0,False
2015-11-24,2015-11-23,2015-10-30,0.049785852090032154,0.31666666666666665,,1.6660580491533807,3333440.2706585997,204.93786091580012,5004421.667202316,5004421.667202316,0,False
2015-11-25,2015-11-24,2015-10-30,0.049785852090032154,0.31666666666666665,,1.666041089293277,3354845.382082287,0.0,5036994.617917713,5036994.617917713,0,False
2015-11-26,2015-11-25,2015-10-30,0.049785852090032154,0.31666666666666665,,1.665993643517864,3361832.0104861073,0.0,5047843.989513893,5047843.989513893,0,False
2015-11-27,2015-11-26,2015-10-30,0.049785852090032154,0.31666666666666665,,1.6661125342136203,3076402.9322925145,238.35089334695925,4618085.418600832,4618085.418600832,0,False
2015-11-30,2015-11-27,2015-10-30,0.049785852090032154,0.31666666666666665,,1.6660003979121742,3169754.5809235256,0.0,4759388.419076474,4759388.419076474,0,False
2015-12-01,2015-11-30,2015-11-30,0.05017617727639001,0.31666666666666665,,1.6659688108897521,3235516.1393029294,0.0,4858359.86069707,4858359.86069707,0,False
2015-12-02,2015-12-01,2015-11-30,0.05017617727639001,0.31666666666666665,,1.6659786547758415,3412056.635335191,0.0,5123372.364664809,5123372.364664809,0,False
2015-12-03,2015-12-02,2015-11-30,0.05017617727639001,0.31666666666666665,,1.66595806622989,3423565.9305681684,0.0,5140813.069431832,5140813.069431832,0,False
2015-12-04,2015-12-03,2015-11-30,0.05017617727639001,0.31666666666666665,,1.684827085188278,3423894.2177121956,0.0,4999647.782287804,4999647.782287804,0,False
2015-12-07,2015-12-04,2015-11-30,0.05017617727639001,0.31666666666666665,,1.6852650403537164,3424879.173583044,0.0,4997889.826416956,4997889.826416956,0,False
2015-12-08,2015-12-07,2015-11-30,0.05017617727639001,0.31666666666666665,,1.7185238050163754,3425207.586654484,0.0,4767006.413345516,4767006.413345516,0,False
2015-12-09,2015-12-08,2015-11-30,0.05017617727639001,0.31666666666666665,,1.680408986440293,3425536.0312175876,0.0,5034524.968782412,5034524.968782412,0,False
2015-12-10,2015-12-09,2015-11-30,0.05017617727639001,0.31666666666666665,,1.6794945701692574,3425864.5072753755,0.0,5041783.492724624,5041783.492724624,0,False
2015-12-11,2015-12-10,2015-11-30,0.05017617727639001,0.31666666666666665,,1.6660886548160598,3294185.8401226425,210.88800177471217,4945250.047879133,4945250.047879133,0,False
2015-12-14,2015-12-11,2015-11-30,0.05017617727639001,0.31666666666666665,,1.6661080130681065,3371862.445372821,0.0,5062035.554627179,5062035.554627179,0,False
2015-12-15,2015-12-14,2015-11-30,0.05017617727639001,0.31666666666666665,,1.66598341833863,3394344.9961384046,0.0,5096741.003861595,5096741.003861595,0,False
2015-12-16,2015-12-15,2015-11-30,0.05017617727639001,0.31666666666666665,,1.6659841531242454,3347177.817470837,145.8796158162894,5025693.06214498,5025693.06214498,0,False
2015-12-17,2015-12-16,2015-11-30,0.05017617727639001,0.31666666666666665,,1.6659405451444074,3441334.203671491,0.0,5167629.796328509,5167629.796328509,0,False
2015-12-18,2015-12-17,2015-11-30,0.05017617727639001,0.31666666666666665,,1.6659434877076051,3455461.3324425276,0.0,5188820.667557472,5188820.667557472,0,False
2015-12-21,2015-12-18,2015-11-30,0.05017617727639001,0.31666666666666665,,1.6659898698724804,3604713.675884189,0.0,5412565.324115811,5412565.324115811,0,False
2015-12-22,2015-12-21,2015-11-30,0.05017617727639001,0.31666666666666665,,1.6659828367179434,3623053.5131999585,0.0,5440160.486800041,5440160.486800041,0,False
2015-12-23,2015-12-22,2015-11-30,0.05017617727639001,0.31666666666666665,,1.6720365930588388,3623400.9292902653,0.0,5391672.070709735,5391672.070709735,0,False
2015-12-24,2015-12-23,2015-11-30,0.05017617727639001,0.31666666666666665,,1.6659493406386496,3768800.266504444,0.0,5659289.733495556,5659289.733495556,0,False
2015-12-25,2015-12-24,2015-11-30,0.05017617727639001,0.31666666666666665,,1.665987352377918,3876456.7833408215,0.0,5820616.216659179,5820616.216659179,0,False
2015-12-28,2015-12-25,2015-11-30,0.05017617727639001,0.31666666666666665,,1.6972385463766695,3876624.4144728784,0.0,5559968.585527122,5559968.585527122,0,False
2015-12-29,2015-12-28,2015-11-30,0.05017617727639001,0.31666666666666665,,1.6659629153030864,3668957.273042978,320.55580186231236,5508770.282758885,5508770.282758885,0,False
2015-12-30,2015-12-29,2015-11-30,0.05017617727639001,0.31666666666666665,,1.6659640149760226,3648981.67564883,227.53312701174582,5478905.857478182,5478905.857478182,0,False
2015-12-31,2015-12-30,2015-11-30,0.05017617727639001,0.31666666666666665,,1.6721688893665085,3649104.0448742774,0.0,5428849.955125723,5428849.955125723,0,False
2016-01-04,2015-12-31,2015-12-31,0.04865195080707148,0.2833333333333333,,1.7435743971007847,3551660.0326602566,0.0,4776468.967339743,4776468.967339743,0,False
2016-01-05,2016-01-04,2015-12-31,0.04865195080707148,0.2833333333333333,,1.7587229748081123,3552000.602800375,0.0,4681551.397199625,4681551.397199625,0,False
2016-01-06,2016-01-05,2015-12-31,0.04865195080707148,0.2833333333333333,,1.732555402676985,3552341.2055979036,0.0,4849245.794402096,4849245.794402096,0,False
2016-01-07,2016-01-06,2015-12-31,0.04865195080707148,0.2833333333333333,,1.8432096452631341,3552681.841055975,0.0,4213284.158944026,4213284.158944026,0,False
2016-01-08,2016-01-07,2015-12-31,0.04865195080707148,0.2833333333333333,,1.8202295812678475,3553022.5091777197,0.0,4331741.49082228,4331741.49082228,0,False
2016-01-11,2016-01-08,2015-12-31,0.04865195080707148,0.2833333333333333,,1.382076837062212,2604930.720712113,1111093.8957487396,3909781.175036627,3909781.175036627,0,False
2016-01-12,2016-01-11,2015-12-31,0.04865195080707148,0.2833333333333333,,1.0943438305698117,2592760.9018480927,2225568.34995739,3892067.448109297,3892067.448109297,0,False
2016-01-13,2016-01-12,2015-12-31,0.04865195080707148,0.2833333333333333,,1.1949909379057069,2559302.0209158002,1809999.8480267015,3842753.827110901,3842753.827110901,0,False
2016-01-14,2016-01-13,2015-12-31,0.04865195080707148,0.2833333333333333,,1.3408673930522383,2559547.4334383537,1226172.6340967016,3911711.200658348,3911711.200658348,0,False
2016-01-15,2016-01-14,2015-12-31,0.04865195080707148,0.2833333333333333,,0.9279182801001691,2494975.0372256557,2764478.6875287425,3738862.6503030867,3738862.6503030867,0,False
2016-01-18,2016-01-15,2015-12-31,0.04865195080707148,0.2833333333333333,,0.7613709021894837,2482137.989226916,3371338.652495047,3726287.663268131,3726287.663268131,0,False
2016-01-19,2016-01-18,2015-12-31,0.04865195080707148,0.2833333333333333,,0.8164399372301175,2482376.0024587596,3181487.771195047,3808626.768736287,3808626.768736287,0,False
2016-01-20,2016-01-19,2015-12-31,0.04865195080707148,0.2833333333333333,,0.8630676509944734,2482614.03851379,2995491.313835047,3745479.2753212573,3745479.2753212573,0,False
2016-01-21,2016-01-20,2015-12-31,0.04865195080707148,0.2833333333333333,,0.90966054243428,2439097.9381496073,2769947.159890459,3662289.2217408516,3662289.2217408516,0,False
2016-01-22,2016-01-21,2015-12-31,0.04865195080707148,0.2833333333333333,,0.960059328181949,2439331.8242532653,2586526.985890459,3685345.161637194,3685345.161637194,0,False
2016-01-25,2016-01-22,2015-12-31,0.04865195080707148,0.2833333333333333,,0.9603765241141078,2440033.5498465435,2586526.985890459,3697137.436043916,3697137.436043916,0,False
2016-01-26,2016-01-25,2015-12-31,0.04865195080707148,0.2833333333333333,,0.9584099963450515,2342120.508509229,2488379.968733296,3516697.460224067,3516697.460224067,0,False
2016-01-27,2016-01-26,2015-12-31,0.04865195080707148,0.2833333333333333,,0.9578675942824773,2308418.5196351097,2454453.3929611,3466093.87332599,3466093.87332599,0,False
2016-01-28,2016-01-27,2015-12-31,0.04865195080707148,0.2833333333333333,,0.5250158316523226,2236530.9090715684,3831181.097387046,3357270.188315478,3357270.188315478,0,False
2016-01-29,2016-01-28,2015-12-31,0.04865195080707148,0.2833333333333333,,0.536930083614006,2236745.3709395616,3831181.097387046,3443185.726447484,3443185.726447484,0,False
2016-02-01,2016-01-29,2016-01-29,0.06709198376313276,0.6166666666666667,,0.5364446925163001,2237388.818238051,3831181.097387046,3438192.2791489945,3438192.2791489945,0,False
2016-02-02,2016-02-01,2016-01-29,0.06709198376313276,0.6166666666666667,,0.5393921553747668,2237603.362371307,3831181.097387046,3459727.7350157388,3459727.7350157388,0,False
2016-02-03,2016-02-02,2016-01-29,0.06709198376313276,0.6166666666666667,,0.5408113331490519,2237817.927077288,3831181.097387046,3469953.170309758,3469953.170309758,0,False
2016-02-04,2016-02-03,2016-01-29,0.06709198376313276,0.6166666666666667,,0.5418786010755967,2238032.5123579665,3831181.097387046,3477568.585029079,3477568.585029079,0,False
2016-02-05,2016-02-04,2016-01-29,0.06709198376313276,0.6166666666666667,,0.5362264948125877,2238247.118215316,3831181.097387046,3434723.9791717306,3434723.9791717306,0,False
2016-02-15,2016-02-05,2016-01-29,0.06709198376313276,0.6166666666666667,,0.5328916751353704,2240393.3825752484,3831181.097387046,3405607.7148117973,3405607.7148117973,0,False
2016-02-16,2016-02-15,2016-01-29,0.06709198376313276,0.6166666666666667,,0.5400925392069439,2240608.214817413,3831181.097387046,3458462.8825696325,3458462.8825696325,0,False
2016-02-17,2016-02-16,2016-01-29,0.06709198376313276,0.6166666666666667,,0.5411649662565949,2240823.06765993,3831181.097387046,3466078.0297271158,3466078.0297271158,0,False
2016-02-18,2016-02-17,2016-01-29,0.06709198376313276,0.6166666666666667,,0.5399281587581841,2241037.941104774,3831181.097387046,3456293.1562822717,3456293.1562822717,0,False
2016-02-19,2016-02-18,2016-01-29,0.06709198376313276,0.6166666666666667,,0.539498041337492,2241252.835153921,3831181.097387046,3452598.2622331246,3452598.2622331246,0,False
2016-02-22,2016-02-19,2016-01-29,0.06709198376313276,0.6166666666666667,,0.5431680202447775,2241897.5791201983,3831181.097387046,3478923.5182668474,3478923.5182668474,0,False
2016-02-23,2016-02-22,2016-01-29,0.06709198376313276,0.6166666666666667,,0.54906590634238,2242112.555600388,3831181.097387046,3523948.5417866576,3523948.5417866576,0,False
2016-02-24,2016-02-23,2016-01-29,0.06709198376313276,0.6166666666666667,,0.5507631370099799,2242327.5526947607,3831181.097387046,3536783.544692285,3536783.544692285,0,False
2016-02-25,2016-02-24,2016-01-29,0.06709198376313276,0.6166666666666667,,0.5325111776680521,2242542.5704052933,3831181.097387046,3398238.5269817524,3398238.5269817524,0,False
2016-02-26,2016-02-25,2016-01-29,0.06709198376313276,0.6166666666666667,,0.5349263440009019,2242757.6087339623,3831181.097387046,3415423.4886530833,3415423.4886530833,0,False
2016-02-29,2016-02-26,2016-01-29,0.06709198376313276,0.6166666666666667,,0.5206154604602229,2205870.7956632855,3793649.107470021,3312118.311806735,3312118.311806735,0,False
2016-03-01,2016-02-29,2016-02-29,0.06896388693957116,0.6833333333333333,,0.5243967763248379,2206082.317520404,3793649.107470021,3338006.789949617,3338006.789949617,0,False
2016-03-02,2016-03-01,2016-02-29,0.06896388693957116,0.6833333333333333,,0.5348566619608114,2206293.85966044,3793649.107470021,3412615.2478095805,3412615.2478095805,0,False
2016-03-03,2016-03-02,2016-02-29,0.06896388693957116,0.6833333333333333,,0.5386537028968602,2206505.422085339,3793649.107470021,3440243.6853846814,3440243.6853846814,0,False
2016-03-04,2016-03-03,2016-02-29,0.06896388693957116,0.6833333333333333,,0.5444474011147208,2206717.004797046,3793649.107470021,3483532.1026729746,3483532.1026729746,0,False
2016-03-07,2016-03-04,2016-02-29,0.06896388693957116,0.6833333333333333,,0.5525932567391221,2207351.813798426,3793649.107470021,3545537.2936715945,3545537.2936715945,0,False
2016-03-08,2016-03-07,2016-02-29,0.06896388693957116,0.6833333333333333,,0.5978568464141281,2207563.477670982,3618589.853070021,3508766.3753990396,3508766.3753990396,0,False
2016-03-09,2016-03-08,2016-02-29,0.06896388693957116,0.6833333333333333,,0.6425482202390562,2207775.1618400738,3445614.827910021,3462955.666069947,3462955.666069947,0,False
2016-03-10,2016-03-09,2016-02-29,0.06896388693957116,0.6833333333333333,,0.695071394957024,2207986.8663076474,3271689.698250021,3488366.8319423734,3488366.8319423734,0,False
2016-03-11,2016-03-10,2016-02-29,0.06896388693957116,0.6833333333333333,,0.7485317917166696,2208198.5910756495,3095369.305140021,3527963.714064372,3527963.714064372,0,False
2016-03-14,2016-03-11,2016-02-29,0.06896388693957116,0.6833333333333333,,0.802931262302095,2208833.8262867806,2916159.594240021,3589233.7679532403,3589233.7679532403,0,False
2016-03-15,2016-03-14,2016-02-29,0.06896388693957116,0.6833333333333333,,0.8510020931734189,2209045.6322701233,2738642.069460021,3554388.437189898,3554388.437189898,0,False
2016-03-16,2016-03-15,2016-02-29,0.06896388693957116,0.6833333333333333,,0.9009798158466498,2209257.4585636286,2561510.587140021,3557387.1285763923,3557387.1285763923,0,False
2016-03-17,2016-03-16,2016-02-29,0.06896388693957116,0.6833333333333333,,0.9534168859051321,2209469.3051692443,2379660.585840021,3653497.280670776,3653497.280670776,0,False
2016-03-18,2016-03-17,2016-02-29,0.06896388693957116,0.6833333333333333,,1.0038511069075977,2209681.1720889183,2195439.323730021,3698118.1516411025,3698118.1516411025,0,False
2016-03-21,2016-03-18,2016-02-29,0.06896388693957116,0.6833333333333333,,1.1535819905632845,2210316.8337959577,1640392.2752700208,3710881.441474063,3710881.441474063,0,False
2016-03-22,2016-03-21,2016-02-29,0.06896388693957116,0.6833333333333333,,1.3030776287734958,2210528.7819855,1085730.2691600206,3711255.487174521,3711255.487174521,0,False
2016-03-23,2016-03-22,2016-02-29,0.06896388693957116,0.6833333333333333,,1.4506873156117939,2210740.750498841,526973.8127100207,3735998.0622111796,3735998.0622111796,0,False
2016-03-24,2016-03-23,2016-02-29,0.06896388693957116,0.6833333333333333,,1.6161211181169255,2223755.295497909,0.0,3609282.704502091,3609282.704502091,0,False
2016-03-25,2016-03-24,2016-02-29,0.06896388693957116,0.6833333333333333,,1.6659526178722621,2422401.5891870665,0.0,3637498.4108129335,3637498.4108129335,0,False
2016-03-28,2016-03-25,2016-02-29,0.06896388693957116,0.6833333333333333,,1.6707326251311918,2423098.4444387504,0.0,3612614.5555612496,3612614.5555612496,0,False
2016-03-29,2016-03-28,2016-02-29,0.06896388693957116,0.6833333333333333,,1.666014614510561,2354137.641634642,31.294280260843266,3534616.6526456187,3534616.6526456187,0,False
2016-03-30,2016-03-29,2016-02-29,0.06896388693957116,0.6833333333333333,,1.665972614628736,2460506.6505602915,0.0,3694606.3494397085,3694606.3494397085,0,False
2016-03-31,2016-03-30,2016-02-29,0.06896388693957116,0.6833333333333333,,1.6659302082839944,2519317.917794181,0.0,3783156.082205819,3783156.082205819,0,False
2016-04-01,2016-03-31,2016-03-31,0.05899358741258742,0.48333333333333334,,1.6659218448892559,2532559.6261746543,0.0,3803088.3738253457,3803088.3738253457,0,False
2016-04-05,2016-04-01,2016-03-31,0.05899358741258742,0.48333333333333334,,1.6659869500173918,2542086.1044079815,0.0,3817020.8955920185,3817020.8955920185,0,False
2016-04-06,2016-04-05,2016-03-31,0.05899358741258742,0.48333333333333334,,1.6659705520648507,2549692.9396692263,0.0,3828537.0603307737,3828537.0603307737,0,False
2016-04-07,2016-04-06,2016-03-31,0.05899358741258742,0.48333333333333334,,1.6931715846459707,2549937.43077303,0.0,3678652.56922697,3678652.56922697,0,False
2016-04-08,2016-04-07,2016-03-31,0.05899358741258742,0.48333333333333334,,1.665936879578235,2397811.82441609,301.45500490337145,3600206.6305888137,3600206.6305888137,0,False
2016-04-11,2016-04-08,2016-03-31,0.05899358741258742,0.48333333333333334,,1.6659606733164725,2500279.446734923,0.1933700000000158,3754394.7466350766,3754394.7466350766,0,False
2016-04-12,2016-04-11,2016-03-31,0.05899358741258742,0.48333333333333334,,1.6659589427227102,2509694.9471085826,0.0,3768543.0528914174,3768543.0528914174,0,False
2016-04-13,2016-04-12,2016-03-31,0.05899358741258742,0.48333333333333334,,1.6659932206883261,2671724.626558442,0.0,4011639.373441558,4011639.373441558,0,False
2016-04-14,2016-04-13,2016-03-31,0.05899358741258742,0.48333333333333334,,1.6659553396067799,2654522.9403256527,301.5728448007055,3985584.632519148,3985584.632519148,0,False
2016-04-15,2016-04-14,2016-03-31,0.05899358741258742,0.48333333333333334,,1.6773303297840807,2654475.9107764997,0.0,3919027.0892235003,3919027.0892235003,0,False
2016-04-18,2016-04-15,2016-03-31,0.05899358741258742,0.48333333333333334,,1.6659814944369222,2537832.6089284937,153.09167409942893,3810435.482745606,3810435.482745606,0,False
2016-04-19,2016-04-18,2016-03-31,0.05899358741258742,0.48333333333333334,,1.6659639435592144,2545137.0275362087,0.0,3821733.9724637913,3821733.9724637913,0,False
2016-04-20,2016-04-19,2016-03-31,0.05899358741258742,0.48333333333333334,,1.6924837286330883,2545381.081771726,0.0,3675726.918228274,3675726.918228274,0,False
2016-04-21,2016-04-20,2016-03-31,0.05899358741258742,0.48333333333333334,,1.6922243468127518,2545625.1594097037,0.0,3677456.8405902963,3677456.8405902963,0,False
2016-04-22,2016-04-21,2016-03-31,0.05899358741258742,0.48333333333333334,,1.7176454405514299,2545869.260452387,0.0,3547530.739547613,3547530.739547613,0,False
2016-04-25,2016-04-22,2016-03-31,0.05899358741258742,0.48333333333333334,,1.6444029047673414,2393697.483888345,78053.21667706067,3593472.7327887155,3593472.7327887155,0,False
2016-04-26,2016-04-25,2016-03-31,0.05899358741258742,0.48333333333333334,,1.6659896823195428,2394408.4377067257,0.0,3595263.5622932743,3595263.5622932743,0,False
2016-04-27,2016-04-26,2016-03-31,0.05899358741258742,0.48333333333333334,,1.682647128360346,2394638.0385158206,0.0,3507870.9614841794,3507870.9614841794,0,False
2016-04-28,2016-04-27,2016-03-31,0.05899358741258742,0.48333333333333334,,1.684580543144644,2394867.6613414316,0.0,3498299.3386585684,3498299.3386585684,0,False
2016-04-29,2016-04-28,2016-03-31,0.05899358741258742,0.48333333333333334,,1.6660055331051733,2343659.124080344,248.08517467434285,3518605.96109433,3518605.96109433,0,False
2016-05-03,2016-04-29,2016-04-29,0.05942622261484099,0.48333333333333334,,1.6659805873564064,2383713.8086518925,0.0,3579254.1913481075,3579254.1913481075,0,False
2016-05-04,2016-05-03,2016-04-29,0.05942622261484099,0.48333333333333334,,1.6660137936733013,2314856.570290224,33.26067161168112,3475638.6903813877,3475638.6903813877,0,False
2016-05-05,2016-05-04,2016-04-29,0.05942622261484099,0.48333333333333334,,1.6659528069438823,2317860.0394764487,0.0,3480516.9605235513,3480516.9605235513,0,False
2016-05-06,2016-05-05,2016-04-29,0.05942622261484099,0.48333333333333334,,1.6660129304844051,2202387.874181233,31.330223053577356,3306777.456041821,3306777.456041821,0,False
2016-05-09,2016-05-06,2016-04-29,0.05942622261484099,0.48333333333333334,,1.0453214302257745,2033714.1783429172,1895396.5119597004,3051926.333616783,3051926.333616783,0,False
2016-05-10,2016-05-09,2016-04-29,0.05942622261484099,0.48333333333333334,,0.8707235239809027,2023581.939072347,2416306.9378407956,3037868.998768448,3037868.998768448,0,False
2016-05-11,2016-05-10,2016-04-29,0.05942622261484099,0.48333333333333334,,0.871477612979546,2023775.9811760937,2415840.3865707954,3050553.4053947018,3050553.4053947018,0,False
2016-05-12,2016-05-11,2016-04-29,0.05942622261484099,0.48333333333333334,,0.8708596747387718,2023970.0418866174,2416627.3043307955,3040547.2624441786,3040547.2624441786,0,False
2016-05-13,2016-05-12,2016-04-29,0.05942622261484099,0.48333333333333334,,0.8704989744366561,2018294.4739613123,2410729.6075964053,3030363.1336350935,3030363.1336350935,0,False
2016-05-16,2016-05-13,2016-04-29,0.05942622261484099,0.48333333333333334,,0.8711605402459022,2018875.079220945,2410685.3115464053,3041073.2323254608,3041073.2323254608,0,False
2016-05-17,2016-05-16,2016-04-29,0.05942622261484099,0.48333333333333334,,0.8733645382990305,2019068.6699819663,2411659.905886405,3100168.235904439,3100168.235904439,0,False
2016-05-18,2016-05-17,2016-04-29,0.05942622261484099,0.48333333333333334,,0.8717860617646391,2019262.279306485,2411192.2882664055,3056844.00895992,3056844.00895992,0,False
2016-05-19,2016-05-18,2016-04-29,0.05942622261484099,0.48333333333333334,,0.9588207429306109,2019455.9071962817,2145109.664536406,3051384.757340124,3051384.757340124,0,False
2016-05-20,2016-05-19,2016-04-29,0.05942622261484099,0.48333333333333334,,1.0586074457504708,2019649.5536531361,1839601.0622864058,3072109.50863327,3072109.50863327,0,False
2016-05-23,2016-05-20,2016-04-29,0.05942622261484099,0.48333333333333334,,1.1584854411768006,2020230.5487302144,1531967.2262864057,3080808.6775561916,3080808.6775561916,0,False
2016-05-24,2016-05-23,2016-04-29,0.05942622261484099,0.48333333333333334,,1.2561695453448676,2020424.2694677638,1243128.4575164057,3034302.188048642,3034302.188048642,0,False
2016-05-25,2016-05-24,2016-04-29,0.05942622261484099,0.48333333333333334,,1.3081184860937118,2019244.3668575974,1085067.0983327287,3031876.7314751316,3031876.7314751316,0,False
2016-05-26,2016-05-25,2016-04-29,0.05942622261484099,0.48333333333333334,,1.408380358490253,2014785.2681317762,779365.2616747431,3025169.993542967,3025169.993542967,0,False
2016-05-27,2016-05-26,2016-04-29,0.05942622261484099,0.48333333333333334,,1.5058643203479327,2014978.4667191315,476307.92903474317,3041666.462315612,3041666.462315612,0,False
2016-05-30,2016-05-27,2016-04-29,0.05942622261484099,0.48333333333333334,,1.6049371399401093,2015558.1180588726,170087.5922147432,3050681.4741558703,3050681.4741558703,0,False
2016-05-31,2016-05-30,2016-04-29,0.05942622261484099,0.48333333333333334,,1.6659312247661633,2152687.5674403817,0.0,3232597.4325596183,3232597.4325596183,0,False
2016-06-01,2016-05-31,2016-05-31,0.05817716901408451,0.4166666666666667,,1.667368264240156,2152893.9895358896,0.0,3225946.0104641104,3225946.0104641104,0,False
2016-06-02,2016-06-01,2016-05-31,0.05817716901408451,0.4166666666666667,,1.6657424652750776,2183676.737135297,0.0,3280062.262864703,3280062.262864703,0,False
2016-06-03,2016-06-02,2016-05-31,0.05817716901408451,0.4166666666666667,,1.6658828643098103,2232045.6122850226,0.0,3352009.3877149774,3352009.3877149774,0,False
2016-06-06,2016-06-03,2016-05-31,0.05817716901408451,0.4166666666666667,,1.6670652825182386,2232687.7075981456,0.0,3347030.2924018544,3347030.2924018544,0,False
2016-06-07,2016-06-06,2016-05-31,0.05817716901408451,0.4166666666666667,,1.6659104892350323,2261389.64173997,0.0,3395936.35826003,3395936.35826003,0,False
2016-06-08,2016-06-07,2016-05-31,0.05817716901408451,0.4166666666666667,,1.6784690866269467,2261606.487322055,0.0,3333396.512677945,3333396.512677945,0,False
2016-06-13,2016-06-08,2016-05-31,0.05817716901408451,0.4166666666666667,,1.718359658581644,2262690.819199538,0.0,3149802.180800462,3149802.180800462,0,False
2016-06-14,2016-06-13,2016-05-31,0.05817716901408451,0.4166666666666667,,1.6971327797453895,2262907.7895520637,0.0,3246021.2104479363,3246021.2104479363,0,False
2016-06-15,2016-06-14,2016-05-31,0.05817716901408451,0.4166666666666667,,1.6731719415167066,2263124.780709966,0.0,3361882.219290034,3361882.219290034,0,False
2016-06-16,2016-06-15,2016-05-31,0.05817716901408451,0.4166666666666667,,1.6853209487283622,2263341.7926752395,0.0,3302601.2073247605,3302601.2073247605,0,False
2016-06-17,2016-06-16,2016-05-31,0.05817716901408451,0.4166666666666667,,1.6659427168843914,2278263.9724498796,0.0,3421111.0275501204,3421111.0275501204,0,False
2016-06-20,2016-06-17,2016-05-31,0.05817716901408451,0.4166666666666667,,1.6698884391902362,2278919.3634556527,0.0,3401938.6365443473,3401938.6365443473,0,False
2016-06-21,2016-06-20,2016-05-31,0.05817716901408451,0.4166666666666667,,1.6722779304410476,2279137.8899699566,0.0,3390172.1100300434,3390172.1100300434,0,False
2016-06-22,2016-06-21,2016-05-31,0.05817716901408451,0.4166666666666667,,1.6659618224382964,2293774.5815688577,0.0,3444303.4184311423,3444303.4184311423,0,False
2016-06-23,2016-06-22,2016-05-31,0.05817716901408451,0.4166666666666667,,1.672528946283623,2293994.5325561315,0.0,3410997.4674438685,3410997.4674438685,0,False
2016-06-24,2016-06-23,2016-05-31,0.05817716901408451,0.4166666666666667,,1.687421882458109,2294214.504634596,0.0,3337418.495365404,3337418.495365404,0,False
2016-06-27,2016-06-24,2016-05-31,0.05817716901408451,0.4166666666666667,,1.6660156368460184,2311750.959029628,0.0,3471016.040970372,3471016.040970372,0,False
2016-06-28,2016-06-27,2016-05-31,0.05817716901408451,0.4166666666666667,,1.666088363206237,2296118.4939031038,55.370570646523674,3447084.876667543,3447084.876667543,0,False
2016-06-29,2016-06-28,2016-05-31,0.05817716901408451,0.4166666666666667,,1.6669740192701492,2296283.2990784477,0.0,3442837.7009215523,3442837.7009215523,0,False
2016-06-30,2016-06-29,2016-05-31,0.05817716901408451,0.4166666666666667,,1.6659827395682953,2292684.9596419693,62.79663429491302,3442464.8369923257,3442464.8369923257,0,False
2016-07-01,2016-06-30,2016-06-30,0.05953974758135445,0.48333333333333334,,1.6659893678972884,2315293.2339706537,3.637978807091713e-12,3476471.7660293463,3476471.7660293463,0,False
2016-07-04,2016-07-01,2016-06-30,0.05953974758135445,0.48333333333333334,,1.6660006646798817,2390598.4380897414,0.0,3589483.5619102586,3589483.5619102586,0,False
2016-07-05,2016-07-04,2016-06-30,0.05953974758135445,0.48333333333333334,,1.6659993069677599,2420439.969576407,0.0,3634298.030423593,3634298.030423593,0,False
2016-07-06,2016-07-05,2016-06-30,0.05953974758135445,0.48333333333333334,,1.6659625417950845,2502757.094919791,0.0,3758104.905080209,3758104.905080209,0,False
2016-07-07,2016-07-06,2016-06-30,0.05953974758135445,0.48333333333333334,,1.6686522496190275,2502980.405326153,0.0,3743321.594673847,3743321.594673847,0,False
2016-07-08,2016-07-07,2016-06-30,0.05953974758135445,0.48333333333333334,,1.6692637863950424,2503197.0871458417,0.0,3740224.9128541583,3740224.9128541583,0,False
2016-07-11,2016-07-08,2016-06-30,0.05953974758135445,0.48333333333333334,,1.6659888909999845,2518541.331078035,0.0,3781656.668921965,3781656.668921965,0,False
2016-07-12,2016-07-11,2016-06-30,0.05953974758135445,0.48333333333333334,,1.6659848595873812,2682320.772191289,0.0,4027600.227808711,4027600.227808711,0,False
2016-07-13,2016-07-12,2016-06-30,0.05953974758135445,0.48333333333333334,,1.6659993037832983,2694974.104892458,0.0,4046511.895107542,4046511.895107542,0,False
2016-07-14,2016-07-13,2016-06-30,0.05953974758135445,0.48333333333333334,,1.6730890248344257,2695232.5270668995,0.0,4004273.4729331005,4004273.4729331005,0,False
2016-07-15,2016-07-14,2016-06-30,0.05953974758135445,0.48333333333333334,,1.6705550006459466,2695490.97402155,0.0,4019791.02597845,4019791.02597845,0,False
2016-07-18,2016-07-15,2016-06-30,0.05953974758135445,0.48333333333333334,,1.6659287116914083,2699045.4169232547,0.0,4053054.5830767453,4053054.5830767453,0,False
2016-07-19,2016-07-18,2016-06-30,0.05953974758135445,0.48333333333333334,,1.6885037400507517,2699304.22949748,0.0,3920536.77050252,3920536.77050252,0,False
2016-07-20,2016-07-19,2016-06-30,0.05953974758135445,0.48333333333333334,,1.6660074347731726,2593982.709451693,56.43183234326716,3894740.72238065,3894740.72238065,0,False
2016-07-21,2016-07-20,2016-06-30,0.05953974758135445,0.48333333333333334,,1.6659922318303273,2668945.5325773796,0.0,4007472.4674226204,4007472.4674226204,0,False
2016-07-22,2016-07-21,2016-06-30,0.05953974758135445,0.48333333333333334,,1.6660223584729228,2619886.5183983576,5.597747032159418,3933623.079348674,3933623.079348674,0,False
2016-07-25,2016-07-22,2016-06-30,0.05953974758135445,0.48333333333333334,,1.6660009322801796,2622533.90940607,0.0,3937733.09059393,3937733.09059393,0,False
2016-07-26,2016-07-25,2016-06-30,0.05953974758135445,0.48333333333333334,,1.6660248869088519,2731308.4711803966,0.0,4100910.5288196034,4100910.5288196034,0,False
2016-07-27,2016-07-26,2016-06-30,0.05953974758135445,0.48333333333333334,,1.6818560670275593,2731570.377472154,0.0,4006080.622527846,4006080.622527846,0,False
2016-07-28,2016-07-27,2016-06-30,0.05953974758135445,0.48333333333333334,,1.6663492080761415,2731832.3088782127,0.0,4099700.6911217873,4099700.6911217873,0,False
2016-07-29,2016-07-28,2016-06-30,0.05953974758135445,0.48333333333333334,,1.6659948515075058,2735267.297080982,0.0,4107039.702919018,4107039.702919018,0,False
2016-08-01,2016-07-29,2016-07-29,0.05770208547008547,0.35,,1.6810582829014384,2736054.154796581,0.0,4017356.845203419,4017356.845203419,0,False
2016-08-02,2016-08-01,2016-07-29,0.05770208547008547,0.35,,1.666014296364603,2690064.2322415095,37.58343761930314,4038992.3511961093,4038992.3511961093,0,False
2016-08-03,2016-08-02,2016-07-29,0.05770208547008547,0.35,,1.6660016986289028,2685260.3182876958,172.47057906989357,4031653.1522913743,4031653.1522913743,0,False
2016-08-04,2016-08-03,2016-07-29,0.05770208547008547,0.35,,1.665994292237702,2659347.098609564,48.763045485706016,3992974.664435922,3992974.664435922,0,False
2016-08-05,2016-08-04,2016-07-29,0.05770208547008547,0.35,,1.6659514875624986,2687319.6190602463,0.0,4035308.3809397537,4035308.3809397537,0,False
2016-08-08,2016-08-05,2016-07-29,0.05770208547008547,0.35,,1.6660017676749266,2771163.6549281953,0.0,4160895.3450718047,4160895.3450718047,0,False
2016-08-09,2016-08-08,2016-07-29,0.05770208547008547,0.35,,1.6660009847993282,2833929.257179901,0.0,4255142.742820099,4255142.742820099,0,False
2016-08-10,2016-08-09,2016-07-29,0.05770208547008547,0.35,,1.6760288688229934,2834201.0038210005,0.0,4192425.9961789995,4192425.9961789995,0,False
2016-08-11,2016-08-10,2016-07-29,0.05770208547008547,0.35,,1.6827912360820314,2834472.776519997,0.0,4151302.223480003,4151302.223480003,0,False
2016-08-12,2016-08-11,2016-07-29,0.05770208547008547,0.35,,1.666074066074247,2857496.6253193896,0.0,4290058.37468061,4290058.37468061,0,False
2016-08-15,2016-08-12,2016-07-29,0.05770208547008547,0.35,,1.665937905169619,2929847.453056536,0.0,4399580.546943463,4399580.546943463,0,False
2016-08-16,2016-08-15,2016-07-29,0.05770208547008547,0.35,,1.6853717381137823,2930128.3973328564,0.0,4275239.602667144,4275239.602667144,0,False
2016-08-17,2016-08-16,2016-07-29,0.05770208547008547,0.35,,1.6845790160890908,2930409.368549039,0.0,4280600.63145096,4280600.63145096,0,False
2016-08-18,2016-08-17,2016-07-29,0.05770208547008547,0.35,,1.6939176987753957,2930690.3667076672,0.0,4223397.633292332,4223397.633292332,0,False
2016-08-19,2016-08-18,2016-07-29,0.05770208547008547,0.35,,1.6660804358178385,2774166.795053658,41.73316233379546,4164849.938108675,4164849.938108675,0,False
2016-08-22,2016-08-19,2016-07-29,0.05770208547008547,0.35,,1.6660665382634499,2765516.308824274,110.89310081127024,4151845.584276537,4151845.584276537,0,False
2016-08-23,2016-08-22,2016-07-29,0.05770208547008547,0.35,,1.6660866303483997,2795490.9915188295,0.0,4196888.008481171,4196888.008481171,0,False
2016-08-24,2016-08-23,2016-07-29,0.05770208547008547,0.35,,1.666039680268236,2798171.1398888384,0.0,4201207.860111162,4201207.860111162,0,False
2016-08-25,2016-08-24,2016-07-29,0.05770208547008547,0.35,,1.6660874193845596,2746841.437192196,18.263352820576984,4123817.8261606246,4123817.8261606246,0,False
2016-08-26,2016-08-25,2016-07-29,0.05770208547008547,0.35,,1.6660292750025687,2772920.5848836266,0.0,4163361.4151163734,4163361.4151163734,0,False
2016-08-29,2016-08-26,2016-07-29,0.05770208547008547,0.35,,1.666021138441047,2769937.107271612,137.45241466294073,4158726.3451430504,4158726.3451430504,0,False
2016-08-30,2016-08-29,2016-07-29,0.05770208547008547,0.35,,1.6659304868709808,2802987.5943844956,0.0,4209129.405615505,4209129.405615505,0,False
2016-08-31,2016-08-30,2016-07-29,0.05770208547008547,0.35,,1.665949913193454,2845893.800286834,0.0,4273435.199713166,4273435.199713166,0,False
2016-09-01,2016-08-31,2016-08-31,0.05348114886731392,0.26666666666666666,,1.6769999020465194,2846166.694212889,0.0,4204087.305787111,4204087.305787111,0,False
2016-09-02,2016-09-01,2016-08-31,0.05348114886731392,0.26666666666666666,,1.6771775601732866,2846439.6143068545,0.0,4203387.385693146,4203387.385693146,0,False
2016-09-05,2016-09-02,2016-08-31,0.05348114886731392,0.26666666666666666,,1.6659406866969375,2852636.506830011,0.0,4283619.493169989,4283619.493169989,0,False
2016-09-06,2016-09-05,2016-08-31,0.05348114886731392,0.26666666666666666,,1.6659787617338024,2892688.4449469675,0.0,4343514.555053033,4343514.555053033,0,False
2016-09-07,2016-09-06,2016-08-31,0.05348114886731392,0.26666666666666666,,1.6659802908931187,2923261.1288307295,0.0,4389410.871169271,4389410.871169271,0,False
2016-09-08,2016-09-07,2016-08-31,0.05348114886731392,0.26666666666666666,,1.6659818899498415,2939380.5998817133,0.0,4413604.400118287,4413604.400118287,0,False
2016-09-09,2016-09-08,2016-08-31,0.05348114886731392,0.26666666666666666,,1.688918015450257,2939662.4582954007,0.0,4267071.541704599,4267071.541704599,0,False
2016-09-12,2016-09-09,2016-08-31,0.05348114886731392,0.26666666666666666,,1.7234653308511543,2940508.11461902,0.0,4064476.88538098,4064476.88538098,0,False
2016-09-13,2016-09-12,2016-08-31,0.05348114886731392,0.26666666666666666,,1.7309180101667148,2940790.081150559,0.0,4023419.918849441,4023419.918849441,0,False
2016-09-14,2016-09-13,2016-08-31,0.05348114886731392,0.26666666666666666,,1.7429786651457169,2941072.074719984,0.0,3958487.925280016,3958487.925280016,0,False
2016-09-19,2016-09-14,2016-08-31,0.05348114886731392,0.26666666666666666,,1.731453486437673,2942482.1777695073,0.0,4022787.8222304927,4022787.8222304927,0,False
2016-09-20,2016-09-19,2016-08-31,0.05348114886731392,0.26666666666666666,,1.7258309124442164,2942764.333594773,0.0,4054338.666405227,4054338.666405227,0,False
2016-09-21,2016-09-20,2016-08-31,0.05348114886731392,0.26666666666666666,,1.7409770920556884,2943046.5164760766,0.0,3971845.4835239234,3971845.4835239234,0,False
2016-09-22,2016-09-21,2016-08-31,0.05348114886731392,0.26666666666666666,,1.7250000869675393,2943328.7264160127,0.0,4059763.2735839873,4059763.2735839873,0,False
2016-09-23,2016-09-22,2016-08-31,0.05348114886731392,0.26666666666666666,,1.7306326806466379,2943610.9634171757,0.0,4028852.0365828243,4028852.0365828243,0,False
2016-09-26,2016-09-23,2016-08-31,0.05348114886731392,0.26666666666666666,,1.7487645836046422,2944457.755612131,0.0,3932421.244387869,3932421.244387869,0,False
2016-09-27,2016-09-26,2016-08-31,0.05348114886731392,0.26666666666666666,,1.7401424002634198,2944740.100876368,0.0,3978612.899123632,3978612.899123632,0,False
2016-09-28,2016-09-27,2016-08-31,0.05348114886731392,0.26666666666666666,,1.741831497054853,2945022.4732148084,0.0,3969934.5267851916,3969934.5267851916,0,False
2016-09-29,2016-09-28,2016-08-31,0.05348114886731392,0.26666666666666666,,1.725671522915124,2945304.872630048,0.0,4058730.127369952,4058730.127369952,0,False
2016-09-30,2016-09-29,2016-08-31,0.05348114886731392,0.26666666666666666,,1.7206106414986284,2945587.2991246837,0.0,4087626.7008753163,4087626.7008753163,0,False
2016-10-10,2016-09-30,2016-09-30,0.05572955186721991,0.31666666666666665,,1.708165175908477,2948411.8348909677,0.0,4163452.1651090323,4163452.1651090323,0,False
2016-10-11,2016-10-10,2016-09-30,0.05572955186721991,0.31666666666666665,,1.7063343001322975,2948694.5593134915,0.0,4174644.4406865085,4174644.4406865085,0,False
2016-10-12,2016-10-11,2016-09-30,0.05572955186721991,0.31666666666666665,,1.7249173458100002,2948977.3108465765,0.0,4068018.6891534235,4068018.6891534235,0,False
2016-10-13,2016-10-12,2016-09-30,0.05572955186721991,0.31666666666666665,,1.7295782263944095,2949260.089492822,0.0,4042417.910507178,4042417.910507178,0,False
2016-10-14,2016-10-13,2016-09-30,0.05572955186721991,0.31666666666666665,,1.734807448935372,2949542.895254828,0.0,4014035.104745172,4014035.104745172,0,False
2016-10-17,2016-10-14,2016-09-30,0.05572955186721991,0.31666666666666665,,1.7456910937685977,2950391.3938959287,0.0,3956586.6061040713,3956586.6061040713,0,False
2016-10-18,2016-10-17,2016-09-30,0.05572955186721991,0.31666666666666665,,1.7274148120270096,2950674.308139179,0.0,4056384.691860821,4056384.691860821,0,False
2016-10-19,2016-10-18,2016-09-30,0.05572955186721991,0.31666666666666665,,1.7316199062140856,2950957.249511192,0.0,4033456.750488808,4033456.750488808,0,False
2016-10-20,2016-10-19,2016-09-30,0.05572955186721991,0.31666666666666665,,1.7252803323327646,2951240.21801457,0.0,4069102.78198543,4069102.78198543,0,False
2016-10-21,2016-10-20,2016-09-30,0.05572955186721991,0.31666666666666665,,1.7150687193230836,2951523.2136519137,0.0,4127607.7863480863,4127607.7863480863,0,False
2016-10-24,2016-10-21,2016-09-30,0.05572955186721991,0.31666666666666665,,1.6735014650876923,2952372.2819736493,0.0,4383616.718026351,4383616.718026351,0,False
2016-10-25,2016-10-24,2016-09-30,0.05572955186721991,0.31666666666666665,,1.6489741006003438,2952655.3861650713,0.0,4549727.613834929,4549727.613834929,0,False
2016-10-26,2016-10-25,2016-09-30,0.05572955186721991,0.31666666666666665,,1.6702079399697334,2952938.5175034706,0.0,4406003.48249653,4406003.48249653,0,False
2016-10-27,2016-10-26,2016-09-30,0.05572955186721991,0.31666666666666665,,1.672119260523764,2953221.6759914504,0.0,4393895.32400855,4393895.32400855,0,False
2016-10-28,2016-10-27,2016-09-30,0.05572955186721991,0.31666666666666665,,1.6740936139252587,2953504.861631614,0.0,4381446.138368386,4381446.138368386,0,False
2016-10-31,2016-10-28,2016-09-30,0.05572955186721991,0.31666666666666665,,1.673867293502663,2954354.500016467,0.0,4384178.499983532,4384178.499983532,0,False
2016-11-01,2016-10-31,2016-10-31,0.055356456953642386,0.2833333333333333,,1.6677095943047608,2954637.794283592,0.0,4425034.205716408,4425034.205716408,0,False
2016-11-02,2016-11-01,2016-10-31,0.055356456953642386,0.2833333333333333,,1.6772522202856053,2954921.115715921,0.0,4363102.884284079,4363102.884284079,0,False
2016-11-03,2016-11-02,2016-10-31,0.055356456953642386,0.2833333333333333,,1.671540533610061,2955204.464316058,0.0,4400634.535683942,4400634.535683942,0,False
2016-11-04,2016-11-03,2016-10-31,0.055356456953642386,0.2833333333333333,,1.6675943831326236,2955487.8400866087,0.0,4427071.159913391,4427071.159913391,0,False
2016-11-07,2016-11-04,2016-10-31,0.055356456953642386,0.2833333333333333,,1.6659114977108258,3009463.8921173187,0.0,4519315.107882681,4519315.107882681,0,False
2016-11-08,2016-11-07,2016-10-31,0.055356456953642386,0.2833333333333333,,1.6764232719816548,3009752.4708467,0.0,4449510.5291533,4449510.5291533,0,False
2016-11-09,2016-11-08,2016-10-31,0.055356456953642386,0.2833333333333333,,1.6924620510076067,3010041.077248014,0.0,4346867.9227519855,4346867.9227519855,0,False
2016-11-10,2016-11-09,2016-10-31,0.055356456953642386,0.2833333333333333,,1.675119807513905,3010329.7113239146,0.0,4458956.288676085,4458956.288676085,0,False
2016-11-11,2016-11-10,2016-10-31,0.055356456953642386,0.2833333333333333,,1.6659232124516994,3055843.8252770556,0.0,4588883.174722944,4588883.174722944,0,False
2016-11-14,2016-11-11,2016-10-31,0.055356456953642386,0.2833333333333333,,1.6659832960341194,3092493.2611877522,0.0,4643499.738812247,4643499.738812247,0,False
2016-11-15,2016-11-14,2016-10-31,0.055356456953642386,0.2833333333333333,,1.6712204104147304,3092789.8016374554,0.0,4607711.198362544,4607711.198362544,0,False
2016-11-16,2016-11-15,2016-10-31,0.055356456953642386,0.2833333333333333,,1.6857471729201372,3093086.370522544,0.0,4510534.629477456,4510534.629477456,0,False
2016-11-17,2016-11-16,2016-10-31,0.055356456953642386,0.2833333333333333,,1.6862463236747203,3093382.9678457445,0.0,4507686.032154256,4507686.032154256,0,False
2016-11-18,2016-11-17,2016-10-31,0.055356456953642386,0.2833333333333333,,1.6988251359200117,3093679.5936097843,0.0,4426972.406390216,4426972.406390216,0,False
2016-11-21,2016-11-18,2016-10-31,0.055356456953642386,0.2833333333333333,,1.691254304070587,3094569.5562326037,0.0,4476745.443767397,4476745.443767397,0,False
2016-11-22,2016-11-21,2016-10-31,0.055356456953642386,0.2833333333333333,,1.6812200544140543,3094866.295779092,0.0,4543122.704220908,4543122.704220908,0,False
2016-11-23,2016-11-22,2016-10-31,0.055356456953642386,0.2833333333333333,,1.6727495175125313,3095163.063780057,0.0,4600765.936219944,4600765.936219944,0,False
2016-11-24,2016-11-23,2016-10-31,0.055356456953642386,0.2833333333333333,,1.6670191467505262,3095459.8602382275,0.0,4640736.139761772,4640736.139761772,0,False
2016-11-25,2016-11-24,2016-10-31,0.055356456953642386,0.2833333333333333,,1.6659756481228913,3145735.1848363327,0.0,4723498.815163667,4723498.815163667,0,False
2016-11-28,2016-11-25,2016-10-31,0.055356456953642386,0.2833333333333333,,1.6669426738788649,3146640.122355258,0.0,4718006.877644742,4718006.877644742,0,False
2016-11-29,2016-11-28,2016-10-31,0.055356456953642386,0.2833333333333333,,1.6830700030353232,3146941.8549697306,0.0,4607056.145030269,4607056.145030269,0,False
2016-11-30,2016-11-29,2016-10-31,0.055356456953642386,0.2833333333333333,,1.7092131642830746,3147243.6165174674,0.0,4437655.383482533,4437655.383482533,0,False
2016-12-01,2016-11-30,2016-11-30,0.048929372549019606,0.15,,1.6834255342217594,3147545.407001243,0.0,4605542.592998757,4605542.592998757,0,False
2016-12-02,2016-12-01,2016-11-30,0.048929372549019606,0.15,,1.694544687928524,3147847.226423832,0.0,4532245.773576168,4532245.773576168,0,False
2016-12-05,2016-12-02,2016-11-30,0.048929372549019606,0.15,,1.7038195010882515,3148752.771516365,0.0,4473807.228483635,4473807.228483635,0,False
2016-12-06,2016-12-05,2016-11-30,0.048929372549019606,0.15,,1.7175191484238777,3149054.7067136336,0.0,4388809.293286366,4388809.293286366,0,False
2016-12-07,2016-12-06,2016-11-30,0.048929372549019606,0.15,,1.7077186393941461,3149356.6708635925,0.0,4450012.329136407,4450012.329136407,0,False
2016-12-08,2016-12-07,2016-11-30,0.048929372549019606,0.15,,1.7032806189998222,3149658.663969018,0.0,4478523.336030982,4478523.336030982,0,False
2016-12-09,2016-12-08,2016-11-30,0.048929372549019606,0.15,,1.7079754465979864,3149960.6860326864,0.0,4449251.313967314,4449251.313967314,0,False
2016-12-12,2016-12-09,2016-11-30,0.048929372549019606,0.15,,1.731096882318401,3150866.8391067507,0.0,4309780.160893249,4309780.160893249,0,False
2016-12-13,2016-12-12,2016-11-30,0.048929372549019606,0.15,,1.7276380395290547,3151168.9770228295,0.0,4330682.022977171,4330682.022977171,0,False
2016-12-14,2016-12-13,2016-11-30,0.048929372549019606,0.15,,1.7295658352426952,3151471.143911037,0.0,4319652.856088962,4319652.856088962,0,False
2016-12-15,2016-12-14,2016-11-30,0.048929372549019606,0.15,,1.7742049404870666,3151773.339774152,0.0,4070980.660225848,4070980.660225848,0,False
2016-12-16,2016-12-15,2016-11-30,0.048929372549019606,0.15,,1.7718551945473702,3152075.564614952,0.0,4083765.435385048,4083765.435385048,0,False
2016-12-19,2016-12-16,2016-11-30,0.048929372549019606,0.15,,1.7880758154251555,3152982.3260787455,0.0,4000861.6739212545,4000861.6739212545,0,False
2016-12-20,2016-12-19,2016-11-30,0.048929372549019606,0.15,,1.8011802431822186,3153284.6668497394,0.0,3935799.3331502606,3935799.3331502606,0,False
2016-12-21,2016-12-20,2016-11-30,0.048929372549019606,0.15,,1.780010676506784,3153587.036612314,0.0,4043004.963387686,4043004.963387686,0,False
2016-12-22,2016-12-21,2016-11-30,0.048929372549019606,0.15,,1.7761774051371804,3153889.4353692494,0.0,4063361.5646307506,4063361.5646307506,0,False
2016-12-23,2016-12-22,2016-11-30,0.048929372549019606,0.15,,1.793001833442498,3154191.863123326,0.0,3977534.136876674,3977534.136876674,0,False
2016-12-26,2016-12-23,2016-11-30,0.048929372549019606,0.15,,1.7927220156954018,3155099.2333853203,0.0,3980082.7666146797,3980082.7666146797,0,False
2016-12-27,2016-12-26,2016-11-30,0.048929372549019606,0.15,,1.7983485521200593,3155401.777147426,0.0,3952411.222852574,3952411.222852574,0,False
2016-12-28,2016-12-27,2016-11-30,0.048929372549019606,0.15,,1.8067393666388905,3155704.349920577,0.0,3911677.650079423,3911677.650079423,0,False
2016-12-29,2016-12-28,2016-11-30,0.048929372549019606,0.15,,1.8050430153310006,3156006.9517075554,0.0,3920296.0482924446,3920296.0482924446,0,False
2016-12-30,2016-12-29,2016-11-30,0.048929372549019606,0.15,,1.7933189911432215,3156309.5825111438,0.0,3978613.4174888562,3978613.4174888562,0,False
2017-01-03,2016-12-30,2016-12-30,0.05111976848090982,0.2,,1.7537053392731585,3157520.221803066,0.0,4189329.778196934,4189329.778196934,0,False
2017-01-04,2017-01-03,2016-12-30,0.05111976848090982,0.2,,1.7426868983011126,3157822.997714746,0.0,4251890.002285254,4251890.002285254,0,False
2017-01-05,2017-01-04,2016-12-30,0.05111976848090982,0.2,,1.7390410532477252,3158125.8026597323,0.0,4273275.197340268,4273275.197340268,0,False
2017-01-06,2017-01-05,2016-12-30,0.05111976848090982,0.2,,1.7466355993677631,3158428.6366408095,0.0,4230214.3633591905,4230214.3633591905,0,False
2017-01-09,2017-01-06,2016-12-30,0.05111976848090982,0.2,,1.7410115082459408,3159337.2257006653,0.0,4263546.774299335,4263546.774299335,0,False
2017-01-10,2017-01-09,2016-12-30,0.05111976848090982,0.2,,1.7366834107261022,3159640.1758455955,0.0,4289006.824154405,4289006.824154405,0,False
2017-01-11,2017-01-10,2016-12-30,0.05111976848090982,0.2,,1.7391279045523913,3159943.15504054,0.0,4275231.84495946,4275231.84495946,0,False
2017-01-12,2017-01-11,2016-12-30,0.05111976848090982,0.2,,1.7449020694930193,3160246.1632882836,0.0,4242498.836711716,4242498.836711716,0,False
2017-01-13,2017-01-12,2016-12-30,0.05111976848090982,0.2,,1.731781088085285,3160549.2005916126,0.0,4318981.799408387,4318981.799408387,0,False
2017-01-16,2017-01-13,2016-12-30,0.05111976848090982,0.2,,1.710518390486676,3161458.399676714,0.0,4449509.600323286,4449509.600323286,0,False
2017-01-17,2017-01-16,2016-12-30,0.05111976848090982,0.2,,1.717446576074246,3161761.5532218884,0.0,4406964.446778111,4406964.446778111,0,False
2017-01-18,2017-01-17,2016-12-30,0.05111976848090982,0.2,,1.6889587900890597,3162064.735836581,0.0,4589628.26416342,4589628.26416342,0,False
2017-01-19,2017-01-18,2016-12-30,0.05111976848090982,0.2,,1.684009157914241,3162367.947523579,0.0,4623283.052476421,4623283.052476421,0,False
2017-01-20,2017-01-19,2016-12-30,0.05111976848090982,0.2,,1.680227751866962,3162671.1882856702,0.0,4649429.81171433,4649429.81171433,0,False
2017-01-23,2017-01-20,2016-12-30,0.05111976848090982,0.2,,1.6755908137213207,3163580.997805588,0.0,4682688.002194412,4682688.002194412,0,False
2017-01-24,2017-01-23,2016-12-30,0.05111976848090982,0.2,,1.6469592998854454,3163884.3548875693,0.0,4890391.645112431,4890391.645112431,0,False
2017-01-25,2017-01-24,2016-12-30,0.05111976848090982,0.2,,1.6659547499092904,3228490.813618586,0.0,4847913.1863814145,4847913.1863814145,0,False
2017-01-26,2017-01-25,2016-12-30,0.05111976848090982,0.2,,1.6696869760363389,3228800.3949294807,0.0,4821357.605070519,4821357.605070519,0,False
2017-02-03,2017-01-26,2017-01-26,0.044782261345852906,0.11666666666666667,,1.6681372567995183,3231277.282903673,0.0,4836247.717096327,4836247.717096327,0,False
2017-02-06,2017-02-03,2017-01-26,0.044782261345852906,0.11666666666666667,,1.6859655814009482,3232206.8284234125,0.0,4711908.1715765875,4711908.1715765875,0,False
2017-02-07,2017-02-06,2017-01-26,0.044782261345852906,0.11666666666666667,,1.681953011945028,3232516.7660644944,0.0,4740087.233935505,4740087.233935505,0,False
2017-02-08,2017-02-07,2017-01-26,0.044782261345852906,0.11666666666666667,,1.6778131757634716,3232826.7334256237,0.0,4769495.266574376,4769495.266574376,0,False
2017-02-09,2017-02-08,2017-01-26,0.044782261345852906,0.11666666666666667,,1.6552049924670271,3233136.730509651,0.0,4934542.269490349,4934542.269490349,0,False
2017-02-10,2017-02-09,2017-01-26,0.044782261345852906,0.11666666666666667,,1.6347591493941098,3233446.7573194257,0.0,5093974.242680574,5093974.242680574,0,False
2017-02-13,2017-02-10,2017-01-26,0.044782261345852906,0.11666666666666667,,1.6318470211256026,3234376.926934545,0.0,5118924.073065455,5118924.073065455,0,False
2017-02-14,2017-02-13,2017-01-26,0.044782261345852906,0.11666666666666667,,1.6326254124957118,3234687.072667265,0.0,5113115.927332735,5113115.927332735,0,False
2017-02-15,2017-02-14,2017-01-26,0.044782261345852906,0.11666666666666667,,1.6372609863133407,3234997.2481399863,0.0,5076408.751860013,5076408.751860013,0,False
2017-02-16,2017-02-15,2017-01-26,0.044782261345852906,0.11666666666666667,,1.617611248380582,3235307.4533555615,0.0,5238420.546644438,5238420.546644438,0,False
2017-02-17,2017-02-16,2017-01-26,0.044782261345852906,0.11666666666666667,,1.6290596725177566,3235617.688316842,0.0,5143578.311683157,5143578.311683157,0,False
2017-02-20,2017-02-17,2017-01-26,0.044782261345852906,0.11666666666666667,,1.6658910998434742,3543239.102606358,0.0,5321048.897393642,5321048.897393642,0,False
2017-02-21,2017-02-20,2017-01-26,0.044782261345852906,0.11666666666666667,,1.6674595465268494,3543578.8652600325,0.0,5309054.134739967,5309054.134739967,0,False
2017-02-22,2017-02-21,2017-01-26,0.044782261345852906,0.11666666666666667,,1.6659496736200805,3640383.554103688,0.0,5466454.445896313,5466454.445896313,0,False
2017-02-23,2017-02-22,2017-01-26,0.044782261345852906,0.11666666666666667,,1.6861883889458484,3640732.631978739,0.0,5305733.368021261,5305733.368021261,0,False
2017-02-24,2017-02-23,2017-01-26,0.044782261345852906,0.11666666666666667,,1.707092764537829,3641081.743327011,0.0,5149369.25667299,5149369.25667299,0,False
2017-02-27,2017-02-24,2017-01-26,0.044782261345852906,0.11666666666666667,,1.7197528394395494,3642129.1778011187,0.0,5060249.822198881,5060249.822198881,0,False
2017-02-28,2017-02-27,2017-01-26,0.044782261345852906,0.11666666666666667,,1.7043418886889603,3642478.4230647436,0.0,5171463.576935256,5171463.576935256,0,False
2017-03-01,2017-02-28,2017-02-28,0.04418000231303006,0.1,,1.69161907007081,3642827.70181764,0.0,5267101.29818236,5267101.29818236,0,False
2017-03-02,2017-03-01,2017-02-28,0.04418000231303006,0.1,,1.6955893461138447,3643177.01406302,0.0,5237539.985936981,5237539.985936981,0,False
2017-03-03,2017-03-02,2017-02-28,0.04418000231303006,0.1,,1.704499426850034,3643526.3598040943,0.0,5171794.640195906,5171794.640195906,0,False
2017-03-06,2017-03-03,2017-02-28,0.04418000231303006,0.1,,1.6977456920270417,3644574.497524038,0.0,5223356.502475962,5223356.502475962,0,False
2017-03-07,2017-03-06,2017-02-28,0.04418000231303006,0.1,,1.6925155389915771,3644923.977270376,0.0,5263310.022729624,5263310.022729624,0,False
2017-03-08,2017-03-07,2017-02-28,0.04418000231303006,0.1,,1.6941008206158703,3645273.4905284704,0.0,5251792.50947153,5251792.50947153,0,False
2017-03-09,2017-03-08,2017-02-28,0.04418000231303006,0.1,,1.7168492856409077,3645623.037301535,0.0,5085619.962698465,5085619.962698465,0,False
2017-03-10,2017-03-09,2017-02-28,0.04418000231303006,0.1,,1.718684002489755,3645972.6175927827,0.0,5073123.382407217,5073123.382407217,0,False
2017-03-13,2017-03-10,2017-02-28,0.04418000231303006,0.1,,1.7004244351883786,3647021.4590307204,0.0,5206873.54096928,5206873.54096928,0,False
2017-03-14,2017-03-13,2017-02-28,0.04418000231303006,0.1,,1.6757359511625185,3647371.1734172027,0.0,5397627.826582797,5397627.826582797,0,False
2017-03-15,2017-03-14,2017-02-28,0.04418000231303006,0.1,,1.6658932090015903,3667394.1180179412,0.0,5507480.881982058,5507480.881982058,0,False
2017-03-16,2017-03-15,2017-02-28,0.04418000231303006,0.1,,1.6658929343883486,3717771.2881470663,0.0,5583136.711852934,5583136.711852934,0,False
2017-03-17,2017-03-16,2017-02-28,0.04418000231303006,0.1,,1.683250632659532,3718127.786763738,0.0,5441821.213236262,5441821.213236262,0,False
2017-03-20,2017-03-17,2017-02-28,0.04418000231303006,0.1,,1.6849301909215466,3719197.3851681496,0.0,5430038.61483185,5430038.61483185,0,False
2017-03-21,2017-03-20,2017-02-28,0.04418000231303006,0.1,,1.6895919267086925,3719554.020533851,0.0,5393847.97946615,5393847.97946615,0,False
2017-03-22,2017-03-21,2017-02-28,0.04418000231303006,0.1,,1.7011609342187612,3719910.690097464,0.0,5305359.309902536,5305359.309902536,0,False
2017-03-23,2017-03-22,2017-02-28,0.04418000231303006,0.1,,1.6859952824714126,3720267.3938622675,0.0,5423167.606137732,5423167.606137732,0,False
2017-03-24,2017-03-23,2017-02-28,0.04418000231303006,0.1,,1.680606058784416,3720624.131831542,0.0,5466633.868168458,5466633.868168458,0,False
2017-03-27,2017-03-24,2017-02-28,0.04418000231303006,0.1,,1.6811763305628218,3721694.448362617,0.0,5463628.551637383,5463628.551637383,0,False
2017-03-28,2017-03-27,2017-02-28,0.04418000231303006,0.1,,1.6824548716415029,3722051.3231727337,0.0,5453915.676827267,5453915.676827267,0,False
2017-03-29,2017-03-28,2017-02-28,0.04418000231303006,0.1,,1.6872594909756657,3722408.232203723,0.0,5416306.767796277,5416306.767796277,0,False
2017-03-30,2017-03-29,2017-02-28,0.04418000231303006,0.1,,1.6983141857850959,3722765.1754588657,0.0,5331074.824541135,5331074.824541135,0,False
2017-03-31,2017-03-30,2017-02-28,0.04418000231303006,0.1,,1.6861063073960372,3723122.152941444,0.0,5426450.847058556,5426450.847058556,0,False
2017-04-05,2017-03-31,2017-03-31,0.044993011673151756,0.15,,1.6689832356718952,3724907.2115079225,0.0,5568012.788492078,5568012.788492078,0,False
2017-04-06,2017-04-05,2017-03-31,0.044993011673151756,0.15,,1.6659737806653296,3760776.7494112174,0.0,5647034.250588782,5647034.250588782,0,False
2017-04-07,2017-04-06,2017-03-31,0.044993011673151756,0.15,,1.6740551874327114,3761137.371839243,0.0,5579865.628160757,5579865.628160757,0,False
2017-04-10,2017-04-07,2017-03-31,0.044993011673151756,0.15,,1.6659880178435735,3775113.471704019,0.0,5668440.528295981,5668440.528295981,0,False
2017-04-11,2017-04-10,2017-03-31,0.044993011673151756,0.15,,1.6677967574827053,3775475.468886237,0.0,5653629.531113762,5653629.531113762,0,False
2017-04-12,2017-04-11,2017-03-31,0.044993011673151756,0.15,,1.6719782703387402,3775837.500780514,0.0,5618987.4992194865,5618987.4992194865,0,False
2017-04-13,2017-04-12,2017-03-31,0.044993011673151756,0.15,,1.6703919646280432,3776199.567390178,0.0,5632823.432609823,5632823.432609823,0,False
2017-04-14,2017-04-13,2017-03-31,0.044993011673151756,0.15,,1.6769220121933346,3776561.668718558,0.0,5579020.331281442,5579020.331281442,0,False
2017-04-17,2017-04-14,2017-03-31,0.044993011673151756,0.15,,1.693317549040091,3777648.076869833,0.0,5448654.923130168,5448654.923130168,0,False
2017-04-18,2017-04-17,2017-03-31,0.044993011673151756,0.15,,1.6981036391761293,3778010.317096382,0.0,5411818.682903618,5411818.682903618,0,False
2017-04-19,2017-04-18,2017-03-31,0.044993011673151756,0.15,,1.707934872523786,3778372.5920582954,0.0,5337175.407941705,5337175.407941705,0,False
2017-04-20,2017-04-19,2017-03-31,0.044993011673151756,0.15,,1.6954481360511484,3778734.9017589036,0.0,5433525.098241096,5433525.098241096,0,False
2017-04-21,2017-04-20,2017-03-31,0.044993011673151756,0.15,,1.6829114470347761,3779097.246201538,0.0,5533802.753798462,5533802.753798462,0,False
2017-04-24,2017-04-21,2017-03-31,0.044993011673151756,0.15,,1.6882002091212698,3780184.383765514,0.0,5492855.616234486,5492855.616234486,0,False
2017-04-25,2017-04-24,2017-03-31,0.044993011673151756,0.15,,1.6982572089654928,3780546.8671995737,0.0,5414261.132800426,5414261.132800426,0,False
2017-04-26,2017-04-25,2017-03-31,0.044993011673151756,0.15,,1.702374952737123,3780909.385392319,0.0,5383035.614607681,5383035.614607681,0,False
2017-04-27,2017-04-26,2017-03-31,0.044993011673151756,0.15,,1.7103793586136036,3781271.9383470826,0.0,5322891.061652917,5322891.061652917,0,False
2017-04-28,2017-04-27,2017-03-31,0.044993011673151756,0.15,,1.7281597248222738,3781634.5260671983,0.0,5193413.473932802,5193413.473932802,0,False
2017-05-02,2017-04-28,2017-04-28,0.04413420646178093,0.1,,1.7374314003119298,3783085.0160224023,0.0,5130083.983977597,5130083.983977597,0,False
2017-05-03,2017-05-02,2017-04-28,0.04413420646178093,0.1,,1.740589405146216,3783447.777599281,0.0,5108698.222400719,5108698.222400719,0,False
2017-05-04,2017-05-03,2017-04-28,0.04413420646178093,0.1,,1.7646871139465954,3783810.573961517,0.0,4948181.426038483,4948181.426038483,0,False
2017-05-05,2017-05-04,2017-04-28,0.04413420646178093,0.1,,1.798294826133423,3784173.405112445,0.0,4740320.594887555,4740320.594887555,0,False
2017-05-08,2017-05-05,2017-04-28,0.04413420646178093,0.1,,1.8027413905959206,3785262.0029413127,0.0,4715418.997058688,4715418.997058688,0,False
2017-05-09,2017-05-08,2017-04-28,0.04413420646178093,0.1,,1.7965014744901058,3785624.973270362,0.0,4752816.026729638,4752816.026729638,0,False
2017-05-10,2017-05-09,2017-04-28,0.04413420646178093,0.1,,1.802433326623632,3785987.978404785,0.0,4718134.021595215,4718134.021595215,0,False
2017-05-11,2017-05-10,2017-04-28,0.04413420646178093,0.1,,1.7924323309388313,3786351.01834792,0.0,4778137.98165208,4778137.98165208,0,False
2017-05-12,2017-05-11,2017-04-28,0.04413420646178093,0.1,,1.7810801720247182,3786714.093103104,0.0,4848047.906896897,4848047.906896897,0,False
2017-05-15,2017-05-12,2017-04-28,0.04413420646178093,0.1,,1.7567496639148241,3787803.4218148184,0.0,5005358.578185182,5005358.578185182,0,False
2017-05-16,2017-05-15,2017-04-28,0.04413420646178093,0.1,,1.7517714100230202,3788166.6358415675,0.0,5038987.364158433,5038987.364158433,0,False
2017-05-17,2017-05-16,2017-04-28,0.04413420646178093,0.1,,1.7551634751368073,3788529.884697059,0.0,5016834.115302941,5016834.115302941,0,False
2017-05-18,2017-05-17,2017-04-28,0.04413420646178093,0.1,,1.6956441292644913,3513924.0145913,0.0,5051324.185408699,5051324.185408699,0,False
2017-05-19,2017-05-18,2017-04-28,0.04413420646178093,0.1,,1.6993179196678654,3514260.9662091373,0.0,5025269.433790863,5025269.433790863,0,False
2017-05-22,2017-05-19,2017-04-28,0.04413420646178093,0.1,,1.6978658789163732,3515271.917993937,0.0,5037174.082006063,5037174.082006063,0,False
2017-05-23,2017-05-22,2017-04-28,0.04413420646178093,0.1,,1.6798523833177323,3515608.9988627858,0.0,5171135.8011372145,5171135.8011372145,0,False
2017-05-24,2017-05-23,2017-04-28,0.04413420646178093,0.1,,1.6871407898080464,3515946.1120544574,0.0,5116776.887945542,5116776.887945542,0,False
2017-05-25,2017-05-24,2017-04-28,0.04413420646178093,0.1,,1.6561720616513973,3516283.2575720516,0.0,5358782.3424279485,5358782.3424279485,0,False
2017-05-26,2017-05-25,2017-04-28,0.04413420646178093,0.1,,1.6627855555908384,3516620.435418668,0.0,5305819.364581333,5305819.364581333,0,False
2017-05-31,2017-05-26,2017-04-28,0.04413420646178093,0.1,,1.6578823052550524,3518306.486312362,0.0,5347926.913687639,5347926.913687639,0,False
2017-06-01,2017-05-31,2017-05-31,0.04171901167315176,0.08333333333333333,,1.654643967362729,3518643.858167214,0.0,5374896.941832786,5374896.941832786,0,False
2017-06-02,2017-06-01,2017-05-31,0.04171901167315176,0.08333333333333333,,1.6566923734139,3518981.2623727913,0.0,5358644.9376272075,5358644.9376272075,0,False
2017-06-05,2017-06-02,2017-05-31,0.04171901167315176,0.08333333333333333,,1.666362301359657,3519993.572051008,0.0,5282402.027948991,5282402.027948991,0,False
2017-06-06,2017-06-05,2017-05-31,0.04171901167315176,0.08333333333333333,,1.6643979816234207,3520331.1056812047,0.0,5298527.694318796,5298527.694318796,0,False
2017-06-07,2017-06-06,2017-05-31,0.04171901167315176,0.08333333333333333,,1.639147570584113,3520668.6716776397,0.0,5508381.52832236,5508381.52832236,0,False
2017-06-08,2017-06-07,2017-05-31,0.04171901167315176,0.08333333333333333,,1.637781845221082,3521006.270043417,0.0,5520706.329956583,5520706.329956583,0,False
2017-06-09,2017-06-08,2017-05-31,0.04171901167315176,0.08333333333333333,,1.6259252806493931,3521343.9007816403,0.0,5625821.49921836,5625821.49921836,0,False
2017-06-12,2017-06-09,2017-05-31,0.04171901167315176,0.08333333333333333,,1.6164088749115255,3522356.8901229613,0.0,5714318.9098770395,5714318.9098770395,0,False
2017-06-13,2017-06-12,2017-05-31,0.04171901167315176,0.08333333333333333,,1.611836631399364,3522694.650372699,0.0,5757573.949627301,5757573.949627301,0,False
2017-06-14,2017-06-13,2017-05-31,0.04171901167315176,0.08333333333333333,,1.6345966494226567,3523032.443010406,0.0,5551608.956989594,5551608.956989594,0,False
2017-06-15,2017-06-14,2017-05-31,0.04171901167315176,0.08333333333333333,,1.6402647825566015,3523370.268039188,0.0,5502989.331960812,5502989.331960812,0,False
2017-06-16,2017-06-15,2017-05-31,0.04171901167315176,0.08333333333333333,,1.6483210602351004,3523708.1254621507,0.0,5435128.27453785,5435128.27453785,0,False
2017-06-19,2017-06-16,2017-05-31,0.04171901167315176,0.08333333333333333,,1.6319901076850074,3526834.8160029,0.0,5580522.1839971,5580522.1839971,0,False
2017-06-20,2017-06-19,2017-05-31,0.04171901167315176,0.08333333333333333,,1.6346403673270007,3527173.0056427903,0.0,5557750.79435721,5557750.79435721,0,False
2017-06-21,2017-06-20,2017-05-31,0.04171901167315176,0.08333333333333333,,1.613572274340568,3527511.2277118247,48634.687399999995,5669872.4596881755,5669872.4596881755,0,False
2017-06-22,2017-06-21,2017-05-31,0.04171901167315176,0.08333333333333333,,1.5707912557997068,3527849.482213112,298513.62324,5657647.741026888,5657647.741026888,0,False
2017-06-23,2017-06-22,2017-05-31,0.04171901167315176,0.08333333333333333,,1.5667056974786413,3528187.7691497626,275133.38949,5740288.820340238,5740288.820340238,0,False
2017-06-26,2017-06-23,2017-05-31,0.04171901167315176,0.08333333333333333,,1.5119301893108852,3529202.7272751345,477180.77919000003,5961793.251914864,5961793.251914864,0,False
2017-06-27,2017-06-26,2017-05-31,0.04171901167315176,0.08333333333333333,,1.4558677752377354,3529541.14397501,777129.6986700001,6037740.754694989,6037740.754694989,0,False
2017-06-28,2017-06-27,2017-05-31,0.04171901167315176,0.08333333333333333,,1.4060814476700574,3529879.5931258025,1053148.80097,6099098.607844197,6099098.607844197,0,False
2017-06-29,2017-06-28,2017-05-31,0.04171901167315176,0.08333333333333333,,1.3877660943154209,3530218.0747306226,1080761.2455220001,6316841.170791377,6316841.170791377,0,False
2017-06-30,2017-06-29,2017-05-31,0.04171901167315176,0.08333333333333333,,1.3880222697481075,3530556.588792583,1092214.8455220002,6284025.256729418,6284025.256729418,0,False
2017-07-03,2017-06-30,2017-06-30,0.03899959895444361,0.08333333333333333,,1.3804848948268662,3531572.228359222,1092214.8455220002,6411180.617162779,6411180.617162779,0,False
2017-07-04,2017-07-03,2017-06-30,0.03899959895444361,0.08333333333333333,,1.3839573397034455,3531910.8722715303,1092214.8455220002,6354080.973250471,6354080.973250471,0,False
2017-07-05,2017-07-04,2017-06-30,0.03899959895444361,0.08333333333333333,,1.3775841073764132,3532249.548656543,1092214.8455220002,6462228.296865457,6462228.296865457,0,False
2017-07-06,2017-07-05,2017-06-30,0.03899959895444361,0.08333333333333333,,1.369305815002426,3532588.2575173727,1092214.8455220002,6608001.588004628,6608001.588004628,0,False
2017-07-07,2017-07-06,2017-06-30,0.03899959895444361,0.08333333333333333,,1.3777413899577462,3532926.9988571345,940488.1574220002,6862999.158564866,6862999.158564866,0,False
2017-07-10,2017-07-07,2017-06-30,0.03899959895444361,0.08333333333333333,,1.378290053421607,3533943.320322559,940488.1574220002,6855731.837099441,6855731.837099441,0,False
2017-07-11,2017-07-10,2017-06-30,0.03899959895444361,0.08333333333333333,,1.387184762160005,3534282.1915998505,943862.0774220002,6690397.88582215,6690397.88582215,0,False
2017-07-12,2017-07-11,2017-06-30,0.03899959895444361,0.08333333333333333,,1.3863382826142165,3534621.0953716477,943862.0774220002,6705933.982050353,6705933.982050353,0,False
2017-07-13,2017-07-12,2017-06-30,0.03899959895444361,0.08333333333333333,,1.3835000020221728,3534960.031641067,943981.0774220002,6756138.045780933,6756138.045780933,0,False
2017-07-14,2017-07-13,2017-06-30,0.03899959895444361,0.08333333333333333,,1.3763207395848072,3535299.0004112246,943981.0774220002,6885929.077010776,6885929.077010776,0,False
2017-07-17,2017-07-14,2017-06-30,0.03899959895444361,0.08333333333333333,,1.3799884668171447,3536316.0042332606,943981.0774220002,6822141.07318874,6822141.07318874,0,False
2017-07-18,2017-07-17,2017-06-30,0.03899959895444361,0.08333333333333333,,1.3678812818205655,3536655.103028187,989221.0774220002,6924608.974393813,6924608.974393813,0,False
2017-07-19,2017-07-18,2017-06-30,0.03899959895444361,0.08333333333333333,,1.345091164198272,3536994.2343394365,989221.0774220002,7382898.843082564,7382898.843082564,0,False
2017-07-20,2017-07-19,2017-06-30,0.03899959895444361,0.08333333333333333,,1.3941613844422898,3537333.3981701266,663813.0761420003,7290212.677971873,7290212.677971873,0,False
2017-07-21,2017-07-20,2017-06-30,0.03899959895444361,0.08333333333333333,,1.4431296131623188,3537672.594523376,299282.9822420003,7307996.3877186235,7307996.3877186235,0,False
2017-07-24,2017-07-21,2017-06-30,0.03899959895444361,0.08333333333333333,,1.5043174869915354,3595076.4182181563,0.0,7128597.581781844,7128597.581781844,0,False
2017-07-25,2017-07-24,2017-06-30,0.03899959895444361,0.08333333333333333,,1.5112548533753412,3595421.151573328,0.0,7032541.848426672,7032541.848426672,0,False
2017-07-26,2017-07-25,2017-06-30,0.03899959895444361,0.08333333333333333,,1.5652035512915004,3943304.1429851227,0.0,6976785.857014878,6976785.857014878,0,False
2017-07-27,2017-07-26,2017-06-30,0.03899959895444361,0.08333333333333333,,1.6256676296531656,4285905.90849993,0.0,6850132.09150007,6850132.09150007,0,False
2017-07-28,2017-07-27,2017-06-30,0.03899959895444361,0.08333333333333333,,1.66597254812428,4626337.283908827,0.0,6946738.716091173,6946738.716091173,0,False
2017-07-31,2017-07-28,2017-06-30,0.03899959895444361,0.08333333333333333,,1.6657377952119254,4741480.666058993,0.0,7122144.333941007,7122144.333941007,0,False
2017-08-01,2017-07-31,2017-07-31,0.03630894049346879,0.06666666666666667,,1.674178779531598,4741935.328588615,0.0,7033646.671411385,7033646.671411385,0,False
2017-08-02,2017-08-01,2017-07-31,0.03630894049346879,0.06666666666666667,,1.6841420715027915,4742390.034716014,0.0,6931878.965283986,6931878.965283986,0,False
2017-08-03,2017-08-02,2017-07-31,0.03630894049346879,0.06666666666666667,,1.6993205816366792,4742844.784445371,0.0,6782075.215554629,6782075.215554629,0,False
2017-08-04,2017-08-03,2017-07-31,0.03630894049346879,0.06666666666666667,,1.6918218321402285,4743299.577780865,0.0,6856244.422219135,6856244.422219135,0,False
2017-08-07,2017-08-04,2017-07-31,0.03630894049346879,0.06666666666666667,,1.6721832780677004,4744664.088618309,0.0,7058586.911381691,7058586.911381691,0,False
2017-08-08,2017-08-07,2017-07-31,0.03630894049346879,0.06666666666666667,,1.6603160689698468,4745119.056407629,0.0,7186132.943592371,7186132.943592371,0,False
2017-08-09,2017-08-08,2017-07-31,0.03630894049346879,0.06666666666666667,,1.6512876316017482,4745574.067823997,0.0,7286448.932176003,7286448.932176003,0,False
2017-08-10,2017-08-09,2017-07-31,0.03630894049346879,0.06666666666666667,,1.652581552330893,4746029.122871596,0.0,7272698.877128404,7272698.877128404,0,False
2017-08-11,2017-08-10,2017-07-31,0.03630894049346879,0.06666666666666667,,1.685349665698283,4746484.221554612,0.0,6925638.778445388,6925638.778445388,0,False
2017-08-14,2017-08-11,2017-07-31,0.03630894049346879,0.06666666666666667,,1.6795206350379297,4747849.648522456,0.0,6987057.351477544,6987057.351477544,0,False
2017-08-15,2017-08-14,2017-07-31,0.03630894049346879,0.06666666666666667,,1.6659481824747615,4603598.512096901,513.0431604772748,6912077.531063574,6912077.531063574,0,False
2017-08-16,2017-08-15,2017-07-31,0.03630894049346879,0.06666666666666667,,1.6707422647554877,4603526.909889638,0.0,6863332.090110362,6863332.090110362,0,False
2017-08-17,2017-08-16,2017-07-31,0.03630894049346879,0.06666666666666667,,1.6651621781316623,4603968.343976888,0.0,6921572.656023112,6921572.656023112,0,False
2017-08-18,2017-08-17,2017-07-31,0.03630894049346879,0.06666666666666667,,1.6660616663779864,4604409.820393434,0.0,6912888.179606566,6912888.179606566,0,False
2017-08-21,2017-08-18,2017-07-31,0.03630894049346879,0.06666666666666667,,1.6572939967744797,4605734.376643136,0.0,7007114.623356864,7007114.623356864,0,False
2017-08-22,2017-08-21,2017-07-31,0.03630894049346879,0.06666666666666667,,1.644288509693819,4656182.52251528,0.0,7226859.47748472,7226859.47748472,0,False
2017-08-23,2017-08-22,2017-07-31,0.03630894049346879,0.06666666666666667,,1.6531158308478835,4656629.005770864,0.0,7129866.994229136,7129866.994229136,0,False
2017-08-24,2017-08-23,2017-07-31,0.03630894049346879,0.06666666666666667,,1.643613715536271,4699920.9602399105,0.0,7302394.0397600895,7302394.0397600895,0,False
2017-08-25,2017-08-24,2017-07-31,0.03630894049346879,0.06666666666666667,,1.637502082150466,4851966.311172263,0.0,7610902.688827737,7610902.688827737,0,False
2017-08-28,2017-08-25,2017-07-31,0.03630894049346879,0.06666666666666667,,1.6300783639145608,4950372.752302874,0.0,7856757.247697126,7856757.247697126,0,False
2017-08-29,2017-08-28,2017-07-31,0.03630894049346879,0.06666666666666667,,1.6400983502119046,4950847.445580492,0.0,7734510.554419508,7734510.554419508,0,False
2017-08-30,2017-08-29,2017-07-31,0.03630894049346879,0.06666666666666667,,1.6309979815044995,5105195.108536643,0.0,8090667.891463357,8090667.891463357,0,False
2017-08-31,2017-08-30,2017-07-31,0.03630894049346879,0.06666666666666667,,1.6312978418129607,5105684.6477936255,0.0,8087600.3522063745,8087600.3522063745,0,False
2017-09-01,2017-08-31,2017-08-31,0.03578110951008646,0.06666666666666667,,1.6431338826593014,5317607.489092729,0.0,8268274.510907271,8268274.510907271,0,False
2017-09-04,2017-09-01,2017-08-31,0.03578110951008646,0.06666666666666667,,1.6652860184103202,5319137.211795071,0.0,7995263.788204929,7995263.788204929,0,False
2017-09-05,2017-09-04,2017-08-31,0.03578110951008646,0.06666666666666667,,1.6576247713348098,5338244.451968257,0.0,8117462.548031743,8117462.548031743,0,False
2017-09-06,2017-09-05,2017-08-31,0.03578110951008646,0.06666666666666667,,1.6553636218933576,5338756.3384225555,0.0,8146250.6615774445,8146250.6615774445,0,False
2017-09-07,2017-09-06,2017-08-31,0.03578110951008646,0.06666666666666667,,1.6676436511294976,5339268.273961856,0.0,7997182.726038144,7997182.726038144,0,False
2017-09-08,2017-09-07,2017-08-31,0.03578110951008646,0.06666666666666667,,1.666868537701599,5339780.258590866,0.0,8007245.741409134,8007245.741409134,0,False
2017-09-11,2017-09-08,2017-08-31,0.03578110951008646,0.06666666666666667,,1.660886522515387,5341316.359761146,0.0,8082047.640238854,8082047.640238854,0,False
2017-09-12,2017-09-11,2017-08-31,0.03578110951008646,0.06666666666666667,,1.6537048451695053,5341828.540781945,0.0,8171621.459218055,8171621.459218055,0,False
2017-09-13,2017-09-12,2017-08-31,0.03578110951008646,0.06666666666666667,,1.6375445175520305,5342340.770915993,0.0,8379557.229084007,8379557.229084007,0,False
2017-09-14,2017-09-13,2017-08-31,0.03578110951008646,0.06666666666666667,,1.6301950747165135,5342853.050167998,0.0,8478093.949832002,8478093.949832002,0,False
2017-09-15,2017-09-14,2017-08-31,0.03578110951008646,0.06666666666666667,,1.6547410122500468,5343365.378542672,0.0,8161036.621457328,8161036.621457328,0,False
2017-09-18,2017-09-15,2017-08-31,0.03578110951008646,0.06666666666666667,,1.6634967435469656,5344902.511048828,0.0,8055657.488951172,8055657.488951172,0,False
2017-09-19,2017-09-18,2017-08-31,0.03578110951008646,0.06666666666666667,,1.660767122546138,5345415.035947148,0.0,8089710.964052852,8089710.964052852,0,False
2017-09-20,2017-09-19,2017-08-31,0.03578110951008646,0.06666666666666667,,1.6532578783611058,5345927.609991691,0.0,8183487.390008309,8183487.390008309,0,False
2017-09-21,2017-09-20,2017-08-31,0.03578110951008646,0.06666666666666667,,1.6542738991005086,5346440.23318717,0.0,8171562.76681283,8171562.76681283,0,False
2017-09-22,2017-09-21,2017-08-31,0.03578110951008646,0.06666666666666667,,1.655895127930894,5346952.905538297,0.0,8152146.094461703,8152146.094461703,0,False
2017-09-25,2017-09-22,2017-08-31,0.03578110951008646,0.06666666666666667,,1.65456130502004,5348491.070072767,0.0,8171107.929927233,8171107.929927233,0,False
2017-09-26,2017-09-25,2017-08-31,0.03578110951008646,0.06666666666666667,,1.66018005152597,5349003.939079487,0.0,8102341.060920513,8102341.060920513,0,False
2017-09-27,2017-09-26,2017-08-31,0.03578110951008646,0.06666666666666667,,1.6518882355737734,5349516.857265426,0.0,8206187.142734574,8206187.142734574,0,False
2017-09-28,2017-09-27,2017-08-31,0.03578110951008646,0.06666666666666667,,1.659138692735105,5350029.824635301,0.0,8116698.175364699,8116698.175364699,0,False
2017-09-29,2017-09-28,2017-08-31,0.03578110951008646,0.06666666666666667,,1.6600244192131106,5350542.841193828,0.0,8106583.158806172,8106583.158806172,0,False
2017-10-09,2017-09-29,2017-09-29,0.03617057989877079,0.08333333333333333,,1.6597839910782668,5355673.498712781,0.0,8117313.501287219,8117313.501287219,0,False
2017-10-10,2017-10-09,2017-09-29,0.03617057989877079,0.08333333333333333,,1.6598803083111375,5356187.056445534,0.0,8116906.943554466,8116906.943554466,0,False
2017-10-11,2017-10-10,2017-09-29,0.03617057989877079,0.08333333333333333,,1.665797254372001,5356700.663423549,0.0,8045543.336576451,8045543.336576451,0,False
2017-10-12,2017-10-11,2017-09-29,0.03617057989877079,0.08333333333333333,,1.670939181318943,5357214.319651549,0.0,7984649.680348451,7984649.680348451,0,False
2017-10-13,2017-10-12,2017-09-29,0.03617057989877079,0.08333333333333333,,1.6814559581660633,5357728.025134255,0.0,7862177.974865745,7862177.974865745,0,False
2017-10-16,2017-10-13,2017-09-29,0.03617057989877079,0.08333333333333333,,1.674256205287655,5359269.289360664,0.0,7948416.710639336,7948416.710639336,0,False
2017-10-17,2017-10-16,2017-09-29,0.03617057989877079,0.08333333333333333,,1.6769870938820597,5359783.1918952605,0.0,7917112.8081047395,7917112.8081047395,0,False
2017-10-18,2017-10-17,2017-09-29,0.03617057989877079,0.08333333333333333,,1.6734562080473991,5360297.143708182,0.0,7959384.856291818,7959384.856291818,0,False
2017-10-19,2017-10-18,2017-09-29,0.03617057989877079,0.08333333333333333,,1.6700206677377787,5360811.144804154,0.0,8000963.855195846,8000963.855195846,0,False
2017-10-20,2017-10-19,2017-09-29,0.03617057989877079,0.08333333333333333,,1.665949835132274,5525689.273247902,0.0,8297455.726752098,8297455.726752098,0,False
2017-10-23,2017-10-20,2017-09-29,0.03617057989877079,0.08333333333333333,,1.6515806796061574,5527278.855093631,0.0,8482877.144906368,8482877.144906368,0,False
2017-10-24,2017-10-23,2017-09-29,0.03617057989877079,0.08333333333333333,,1.6475302954913258,5527808.86813453,0.0,8536757.13186547,8536757.13186547,0,False
2017-10-25,2017-10-24,2017-09-29,0.03617057989877079,0.08333333333333333,,1.6329035267051368,5528338.931998598,0.0,8734884.0680014,8734884.0680014,0,False
2017-10-26,2017-10-25,2017-09-29,0.03617057989877079,0.08333333333333333,,1.639396558711974,5528869.046690708,0.0,8647010.953309292,8647010.953309292,0,False
2017-10-27,2017-10-26,2017-09-29,0.03617057989877079,0.08333333333333333,,1.6355442231188997,5529399.212215733,0.0,8700258.787784267,8700258.787784267,0,False
2017-10-30,2017-10-27,2017-09-29,0.03617057989877079,0.08333333333333333,,1.6432690937745769,5530989.861304179,0.0,8598252.138695821,8598252.138695821,0,False
2017-10-31,2017-10-30,2017-09-29,0.03617057989877079,0.08333333333333333,,1.6658490864233853,5843026.492114989,0.0,8775301.50788501,8775301.50788501,0,False
2017-11-01,2017-10-31,2017-10-31,0.03333733526011561,0.06666666666666667,,1.6851766522064862,5843586.782326561,0.0,8528584.21767344,8528584.21767344,0,False
2017-11-02,2017-11-01,2017-10-31,0.03333733526011561,0.06666666666666667,,1.6909975728805087,5844147.126264593,0.0,8457550.873735407,8457550.873735407,0,False
2017-11-03,2017-11-02,2017-10-31,0.03333733526011561,0.06666666666666667,,1.6877071104053383,5844707.523934235,0.0,8498832.476065766,8498832.476065766,0,False
2017-11-06,2017-11-03,2017-10-31,0.03333733526011561,0.06666666666666667,,1.6827160195289639,5846388.878153449,0.0,8563427.121846551,8563427.121846551,0,False
2017-11-07,2017-11-06,2017-10-31,0.03333733526011561,0.06666666666666667,,1.6738168255228372,5846949.490785601,0.0,8677357.5092144,8677357.5092144,0,False
2017-11-08,2017-11-07,2017-10-31,0.03333733526011561,0.06666666666666667,,1.6730890506437166,5847510.157175128,0.0,8687572.842824873,8687572.842824873,0,False
2017-11-09,2017-11-08,2017-10-31,0.03333733526011561,0.06666666666666667,,1.6763428468945454,5848070.877327186,0.0,8646607.122672815,8646607.122672815,0,False
2017-11-10,2017-11-09,2017-10-31,0.03333733526011561,0.06666666666666667,,1.6847537116700755,5848631.65124693,0.0,8541219.34875307,8541219.34875307,0,False
2017-11-13,2017-11-10,2017-10-31,0.03333733526011561,0.06666666666666667,,1.6613936268374456,5924466.290164686,0.0,8957549.709835313,8957549.709835313,0,False
2017-11-14,2017-11-13,2017-10-31,0.03333733526011561,0.06666666666666667,,1.637280650412075,5925034.389671962,0.0,9297370.610328037,9297370.610328037,0,False
2017-11-15,2017-11-14,2017-10-31,0.03333733526011561,0.06666666666666667,,1.6529472692261589,5925602.543654533,0.0,9075162.456345467,9075162.456345467,0,False
2017-11-16,2017-11-15,2017-10-31,0.03333733526011561,0.06666666666666667,,1.621750419191732,5926170.752117624,0.0,9531430.247882377,9531430.247882377,0,False
2017-11-17,2017-11-16,2017-10-31,0.03333733526011561,0.06666666666666667,,1.6097848933831314,5926739.015066457,0.0,9719392.984933544,9719392.984933544,0,False
2017-11-20,2017-11-17,2017-10-31,0.03333733526011561,0.06666666666666667,,1.5866842686725307,5928443.967385859,0.0,10104999.032614142,10104999.032614142,0,False
2017-11-21,2017-11-20,2017-10-31,0.03333733526011561,0.06666666666666667,,1.5894548466600718,5929012.448314238,0.0,10058467.551685762,10058467.551685762,0,False
2017-11-22,2017-11-21,2017-10-31,0.03333733526011561,0.06666666666666667,,1.5854932343344905,5929580.983754488,0.0,10127497.016245512,10127497.016245512,0,False
2017-11-23,2017-11-22,2017-10-31,0.03333733526011561,0.06666666666666667,,1.6000519206810835,5930149.573711834,0.0,9882727.426288165,9882727.426288165,0,False
2017-11-24,2017-11-23,2017-10-31,0.03333733526011561,0.06666666666666667,,1.6062687289785875,5930718.2181915045,0.0,9782325.781808496,9782325.781808496,0,False
2017-11-27,2017-11-24,2017-10-31,0.03333733526011561,0.06666666666666667,,1.6363645498443817,5932424.315213176,0.0,9322367.684786823,9322367.684786823,0,False
2017-11-28,2017-11-27,2017-10-31,0.03333733526011561,0.06666666666666667,,1.6005329393608676,6131014.957818745,0.0,10209290.042181255,10209290.042181255,0,False
2017-11-29,2017-11-28,2017-10-31,0.03333733526011561,0.06666666666666667,,1.5763704381215076,6131602.863362645,0.0,10638302.136637356,10638302.136637356,0,False
2017-11-30,2017-11-29,2017-10-31,0.03333733526011561,0.06666666666666667,,1.6021958173504218,6132190.825281049,0.0,10183051.17471895,10183051.17471895,0,False
2017-12-01,2017-11-30,2017-11-30,0.033510296162201296,0.08333333333333333,,1.6145495621540784,6132778.843579364,0.0,9979307.156420637,9979307.156420637,0,False
2017-12-04,2017-12-01,2017-11-30,0.033510296162201296,0.08333333333333333,,1.5979924389090987,6134543.0676302565,0.0,10258562.932369743,10258562.932369743,0,False
2017-12-05,2017-12-04,2017-11-30,0.033510296162201296,0.08333333333333333,,1.5993863332085292,6135131.311486057,0.0,10235687.688513942,10235687.688513942,0,False
2017-12-06,2017-12-05,2017-11-30,0.033510296162201296,0.08333333333333333,,1.6028849578509505,6135719.6117488025,0.0,10177264.388251197,10177264.388251197,0,False
2017-12-07,2017-12-06,2017-11-30,0.033510296162201296,0.08333333333333333,,1.6307121188816724,6136307.968423902,0.0,9729174.031576097,9729174.031576097,0,False
2017-12-08,2017-12-07,2017-11-30,0.033510296162201296,0.08333333333333333,,1.6131047596019907,6136896.381516765,0.0,10009539.618483234,10009539.618483234,0,False
2017-12-11,2017-12-08,2017-11-30,0.033510296162201296,0.08333333333333333,,1.602880182229242,6138661.790064872,0.0,10182225.209935129,10182225.209935129,0,False
2017-12-12,2017-12-11,2017-11-30,0.033510296162201296,0.08333333333333333,,1.6200806096922709,6139250.428866659,0.0,9900729.571133342,9900729.571133342,0,False
2017-12-13,2017-12-12,2017-11-30,0.033510296162201296,0.08333333333333333,,1.6215111661607096,6139839.124113263,0.0,9878887.875886738,9878887.875886738,0,False
2017-12-14,2017-12-13,2017-11-30,0.033510296162201296,0.08333333333333333,,1.6195627744254084,6140427.875810095,0.0,9910905.124189906,9910905.124189906,0,False
2017-12-15,2017-12-14,2017-11-30,0.033510296162201296,0.08333333333333333,,1.641034186662451,6141016.6839625705,0.0,9579858.31603743,9579858.31603743,0,False
2017-12-18,2017-12-15,2017-11-30,0.033510296162201296,0.08333333333333333,,1.6344710200915555,6142783.277803162,0.0,9681739.722196838,9681739.722196838,0,False
2017-12-19,2017-12-18,2017-11-30,0.033510296162201296,0.08333333333333333,,1.623200343580366,6143372.311816102,0.0,9857780.688183898,9857780.688183898,0,False
2017-12-20,2017-12-19,2017-11-30,0.033510296162201296,0.08333333333333333,,1.6189378069717686,6143961.402311755,0.0,9926621.597688245,9926621.597688245,0,False
2017-12-21,2017-12-20,2017-11-30,0.033510296162201296,0.08333333333333333,,1.6074541788850902,6144550.549295539,0.0,10115249.450704461,10115249.450704461,0,False
2017-12-22,2017-12-21,2017-11-30,0.033510296162201296,0.08333333333333333,,1.611955191904185,6145139.752772869,0.0,10041813.247227132,10041813.247227132,0,False
2017-12-25,2017-12-22,2017-11-30,0.033510296162201296,0.08333333333333333,,1.6177958901035194,6146907.532701748,0.0,9949738.46729825,9949738.46729825,0,False
2017-12-26,2017-12-25,2017-11-30,0.033510296162201296,0.08333333333333333,,1.6056168107383755,6147496.962191186,0.0,10150803.037808813,10150803.037808813,0,False
2017-12-27,2017-12-26,2017-11-30,0.033510296162201296,0.08333333333333333,,1.624070439780784,6148086.448201259,0.0,9851590.551798742,9851590.551798742,0,False
2017-12-28,2017-12-27,2017-11-30,0.033510296162201296,0.08333333333333333,,1.6125478796859887,6148675.990737388,0.0,10037870.009262612,10037870.009262612,0,False
2017-12-29,2017-12-28,2017-11-30,0.033510296162201296,0.08333333333333333,,1.6164656635154846,6149265.589804993,0.0,9975033.410195008,9975033.410195008,0,False
2018-01-02,2017-12-29,2017-12-29,0.03236737722419928,0.05,,1.573137525522898,6151624.212223001,0.0,10733242.787777,10733242.787777,0,False
2018-01-03,2018-01-02,2017-12-29,0.03236737722419928,0.05,,1.5768073165175103,6152214.093996775,0.0,10665977.906003226,10665977.906003226,0,False
2018-01-04,2018-01-03,2017-12-29,0.03236737722419928,0.05,,1.5677917246951907,6152804.032334556,0.0,10836374.967665445,10836374.967665445,0,False
2018-01-05,2018-01-04,2017-12-29,0.03236737722419928,0.05,,1.5574569237349267,6153394.027241766,0.0,11038330.972758234,11038330.972758234,0,False
2018-01-08,2018-01-05,2017-12-29,0.03236737722419928,0.05,,1.5150729739988826,6155164.1816879595,0.0,11950081.818312041,11950081.818312041,0,False
2018-01-09,2018-01-08,2017-12-29,0.03236737722419928,0.05,,1.5194608203848121,6155754.402910861,0.0,11850276.597089138,11850276.597089138,0,False
2018-01-10,2018-01-09,2017-12-29,0.03236737722419928,0.05,,1.5174914698130042,6156344.680730319,0.0,11896514.319269681,11896514.319269681,0,False
2018-01-11,2018-01-10,2017-12-29,0.03236737722419928,0.05,,1.5478441055598764,6156935.015151759,0.0,11238479.984848242,11238479.984848242,0,False
2018-01-12,2018-01-11,2017-12-29,0.03236737722419928,0.05,,1.541114287956383,6157525.406180609,0.0,11379343.593819391,11379343.593819391,0,False
2018-01-15,2018-01-12,2017-12-29,0.03236737722419928,0.05,,1.556166410048427,6159296.749105674,0.0,11074557.250894327,11074557.250894327,0,False
2018-01-16,2018-01-15,2017-12-29,0.03236737722419928,0.05,,1.5284308320592184,6159887.366602164,0.0,11656941.633397836,11656941.633397836,0,False
2018-01-17,2018-01-16,2017-12-29,0.03236737722419928,0.05,,1.479789303360696,6160478.040733208,575868.5058,11639712.465066794,11639712.465066794,0,False
2018-01-18,2018-01-17,2017-12-29,0.03236737722419928,0.05,,1.4230583780891821,6161068.771504237,1160906.41485,11819083.643345758,11819083.643345758,0,False
2018-01-19,2018-01-18,2017-12-29,0.03236737722419928,0.05,,1.3676735218439853,6161659.558920683,1754049.3768000002,11987836.817879317,11987836.817879317,0,False
2018-01-22,2018-01-19,2017-12-29,0.03236737722419928,0.05,,1.3110029002258339,6163432.091122565,2363616.3140100003,12217943.222887438,12217943.222887438,0,False
2018-01-23,2018-01-22,2017-12-29,0.03236737722419928,0.05,,1.257223386815261,6164023.1051587,2979218.5674300003,12381473.462271301,12381473.462271301,0,False
2018-01-24,2018-01-23,2017-12-29,0.03236737722419928,0.05,,1.1791982228395528,6164614.175867413,3981572.7581700003,12182271.582302589,12182271.582302589,0,False
2018-01-25,2018-01-24,2017-12-29,0.03236737722419928,0.05,,1.1239583901619634,6165205.303254141,4606451.349570001,12574816.046315858,12574816.046315858,0,False
2018-01-26,2018-01-25,2017-12-29,0.03236737722419928,0.05,,1.0728394151148157,6165796.487324316,5221980.4938900005,12957490.006565686,12957490.006565686,0,False
2018-01-29,2018-01-26,2017-12-29,0.03236737722419928,0.05,,1.0722931051885618,6167570.209601492,5221980.4938900005,13079943.28428851,13079943.28428851,0,False
2018-01-30,2018-01-29,2017-12-29,0.03236737722419928,0.05,,1.0739624153621725,6168161.620443508,5221980.4938900005,12792728.873446494,12792728.873446494,0,False
2018-01-31,2018-01-30,2017-12-29,0.03236737722419928,0.05,,1.0727717345230914,6168753.087996153,5221980.4938900005,13010169.40589385,13010169.40589385,0,False
2018-02-01,2018-01-31,2018-01-31,0.02669278472679395,0.03333333333333333,1.0,0.9999076182368428,0.0,1203.78636513534,13030562.786365137,13030562.786365137,5,False
2018-02-02,2018-02-01,2018-01-31,0.02669278472679395,0.03333333333333333,1.0,0.999911833554401,0.0,1203.78636513534,13653565.786365133,13653565.786365133,0,False
2018-02-05,2018-02-02,2018-01-31,0.02669278472679395,0.03333333333333333,1.0,0.9999118314104943,0.0,1203.78636513534,13653233.786365135,13653233.786365135,0,False
2018-02-06,2018-02-05,2018-01-31,0.02669278472679395,0.03333333333333333,1.0,0.9999074926225033,0.0,1203.78636513534,13012868.786365135,13012868.786365135,0,False
2018-02-07,2018-02-06,2018-01-31,0.02669278472679395,0.03333333333333333,1.0,0.9999052122374303,0.0,1203.78636513534,12699807.786365135,12699807.786365135,0,False
2018-02-08,2018-02-07,2018-01-31,0.02669278472679395,0.03333333333333333,1.0,0.9999010070873672,0.0,1203.78636513534,12160328.786365133,12160328.786365133,0,False
2018-02-09,2018-02-08,2018-01-31,0.02669278472679395,0.03333333333333333,1.0,0.9998945799405675,0.0,1203.78636513534,11418949.786365135,11418949.786365135,0,False
2018-02-12,2018-02-09,2018-01-31,0.02669278472679395,0.03333333333333333,1.0,0.9998962960625579,0.0,1203.78636513534,11607913.786365137,11607913.786365137,0,False
2018-02-13,2018-02-12,2018-01-31,0.02669278472679395,0.03333333333333333,1.0,0.9998981844101902,0.0,1203.78636513534,11823202.786365135,11823202.786365135,0,False
2018-02-14,2018-02-13,2018-01-31,0.02669278472679395,0.03333333333333333,1.0,0.9999005226884972,0.0,1203.78636513534,12101114.786365135,12101114.786365135,0,False
2018-02-22,2018-02-14,2018-01-31,0.02669278472679395,0.03333333333333333,1.0,0.9999023887310994,0.0,1203.78636513534,12332452.786365135,12332452.786365135,0,False
2018-02-23,2018-02-22,2018-01-31,0.02669278472679395,0.03333333333333333,1.0,0.999903248658277,0.0,1203.78636513534,12442063.786365135,12442063.786365135,0,False
2018-02-26,2018-02-23,2018-01-31,0.02669278472679395,0.03333333333333333,1.0,0.9999056174346047,0.0,1203.78636513534,12754329.786365135,12754329.786365135,0,False
2018-02-27,2018-02-26,2018-01-31,0.02669278472679395,0.03333333333333333,1.0,0.9999004136144178,0.0,1203.78636513534,12087860.786365135,12087860.786365135,0,False
2018-02-28,2018-02-27,2018-01-31,0.02669278472679395,0.03333333333333333,1.0,0.9998994305634776,0.0,1203.78636513534,11969703.786365137,11969703.786365137,0,False
2018-03-01,2018-02-28,2018-02-28,0.032619529745042494,0.08333333333333333,,0.9999004035129371,0.0,1203.78636513534,12086634.786365137,12086634.786365137,0,False
2018-03-02,2018-03-01,2018-02-28,0.032619529745042494,0.08333333333333333,,0.9998983482899173,0.0,1203.78636513534,11842263.786365137,11842263.786365137,0,False
2018-03-05,2018-03-02,2018-02-28,0.032619529745042494,0.08333333333333333,,0.999896551904218,0.0,1203.78636513534,11636621.786365137,11636621.786365137,0,False
2018-03-06,2018-03-05,2018-02-28,0.032619529745042494,0.08333333333333333,,0.9998977882871617,0.0,1203.78636513534,11777381.786365135,11777381.786365135,0,False
2018-03-07,2018-03-06,2018-02-28,0.032619529745042494,0.08333333333333333,,0.9998970782840485,0.0,1203.78636513534,11696135.786365135,11696135.786365135,0,False
2018-03-08,2018-03-07,2018-02-28,0.032619529745042494,0.08333333333333333,,0.9998977382215848,0.0,1203.78636513534,11771615.786365137,11771615.786365137,0,False
2018-03-09,2018-03-08,2018-02-28,0.032619529745042494,0.08333333333333333,,0.9998966950461974,0.0,1203.78636513534,11652745.786365135,11652745.786365135,0,False
2018-03-12,2018-03-09,2018-02-28,0.032619529745042494,0.08333333333333333,,0.99989801867937,0.0,1203.78636513534,11803988.786365135,11803988.786365135,0,False
2018-03-13,2018-03-12,2018-02-28,0.032619529745042494,0.08333333333333333,,0.9998983192941315,0.0,1203.78636513534,11838886.786365133,11838886.786365133,0,False
2018-03-14,2018-03-13,2018-02-28,0.032619529745042494,0.08333333333333333,,0.9999009076799225,0.0,1203.78636513534,12148129.786365137,12148129.786365137,0,False
2018-03-15,2018-03-14,2018-02-28,0.032619529745042494,0.08333333333333333,,0.9999001245523084,0.0,1203.78636513534,12052875.786365133,12052875.786365133,0,False
2018-03-16,2018-03-15,2018-02-28,0.032619529745042494,0.08333333333333333,,0.9999001241628441,0.0,1203.78636513534,12052828.786365137,12052828.786365137,0,False
2018-03-19,2018-03-16,2018-02-28,0.032619529745042494,0.08333333333333333,,0.9998969865277305,0.0,1203.78636513534,11685717.786365133,11685717.786365133,0,False
2018-03-20,2018-03-19,2018-02-28,0.032619529745042494,0.08333333333333333,,0.99989754707781,0.0,1203.78636513534,11749653.786365135,11749653.786365135,0,False
2018-03-21,2018-03-20,2018-02-28,0.032619529745042494,0.08333333333333333,,0.9998963778236332,0.0,1203.78636513534,11617072.786365133,11617072.786365133,0,False
2018-03-22,2018-03-21,2018-02-28,0.032619529745042494,0.08333333333333333,,0.9998960569057022,0.0,1203.78636513534,11581205.786365133,11581205.786365133,0,False
2018-03-23,2018-03-22,2018-02-28,0.032619529745042494,0.08333333333333333,,1.0099459795515096,112460.71535486466,0.0,11307153.284645135,11307153.284645135,0,False
2018-03-26,2018-03-23,2018-02-28,0.032619529745042494,0.08333333333333333,,1.017690539291928,197282.392867501,0.0,11151858.607132498,11151858.607132498,0,False
2018-03-27,2018-03-26,2018-02-28,0.032619529745042494,0.08333333333333333,,1.0175279295253248,197301.31035722804,0.0,11256395.689642772,11256395.689642772,0,False
2018-03-28,2018-03-27,2018-02-28,0.032619529745042494,0.08333333333333333,,1.017963417177061,197320.22966096093,0.0,10984559.770339038,10984559.770339038,0,False
2018-03-29,2018-03-28,2018-02-28,0.032619529745042494,0.08333333333333333,,1.0173558848870679,197339.15077887362,0.0,11370157.849221127,11370157.849221127,0,False
2018-03-30,2018-03-29,2018-02-28,0.032619529745042494,0.08333333333333333,,1.017309346900555,197358.07371114008,0.0,11401820.92628886,11401820.92628886,0,False
2018-04-02,2018-03-30,2018-03-30,0.037387315632011975,0.2,,1.0171897892439405,197414.84795152274,0.0,11484425.152048478,11484425.152048478,0,False
2018-04-03,2018-04-02,2018-03-30,0.037387315632011975,0.2,,1.017027399882585,197433.7781424222,0.0,11595063.221857578,11595063.221857578,0,False
2018-04-04,2018-04-03,2018-03-30,0.037387315632011975,0.2,,1.017295145130997,197452.71014854545,0.0,11416655.289851455,11416655.289851455,0,False
2018-04-09,2018-04-04,2018-03-30,0.037387315632011975,0.2,,1.0168797637073446,197547.37925615092,0.0,11703207.620743848,11703207.620743848,0,False
2018-04-10,2018-04-09,2018-03-30,0.037387315632011975,0.2,,1.0164017158852732,197566.32215553164,0.0,12045466.677844469,12045466.677844469,0,False
2018-04-11,2018-04-10,2018-03-30,0.037387315632011975,0.2,,1.0164472568292966,197585.26687135478,0.0,12013265.733128645,12013265.733128645,0,False
2018-04-12,2018-04-11,2018-03-30,0.037387315632011975,0.2,,1.0168025438805754,197604.2134037945,0.0,11760374.786596205,11760374.786596205,0,False
2018-04-13,2018-04-12,2018-03-30,0.037387315632011975,0.2,,1.0169475736032643,197623.16175302502,0.0,11660852.838246975,11660852.838246975,0,False
2018-04-16,2018-04-13,2018-03-30,0.037387315632011975,0.2,,1.0176069693656142,197680.0122516115,0.0,11227372.987748388,11227372.987748388,0,False
2018-04-17,2018-04-16,2018-03-30,0.037387315632011975,0.2,,1.017643171227321,197698.96786922467,0.0,11205410.032130776,11205410.032130776,0,False
2018-04-18,2018-04-17,2018-03-30,0.037387315632011975,0.2,,1.0174746979236442,197717.9253044998,0.0,11314526.0746955,11314526.0746955,0,False
2018-04-19,2018-04-18,2018-03-30,0.037387315632011975,0.2,,1.0171375893979975,197736.8845576112,0.0,11538197.11544239,11538197.11544239,0,False
2018-04-20,2018-04-19,2018-03-30,0.037387315632011975,0.2,,1.0173048149329766,197755.84562873316,0.0,11427793.154371267,11427793.154371267,0,False
2018-04-23,2018-04-20,2018-03-30,0.037387315632011975,0.2,,1.01717837769889,197812.73429665377,0.0,11515216.265703347,11515216.265703347,0,False
2018-04-24,2018-04-23,2018-03-30,0.037387315632011975,0.2,,1.0166441777168438,197831.70264103837,0.0,11885940.297358962,11885940.297358962,0,False
2018-04-25,2018-04-24,2018-03-30,0.037387315632011975,0.2,,1.016735474936419,197850.67280430533,0.0,11822232.327195695,11822232.327195695,0,False
2018-04-26,2018-04-25,2018-03-30,0.037387315632011975,0.2,,1.0168128326334973,197869.64478662904,0.0,11768965.35521337,11768965.35521337,0,False
2018-04-27,2018-04-26,2018-03-30,0.037387315632011975,0.2,,1.0166006429957992,197888.61858818392,0.0,11920539.381411817,11920539.381411817,0,False
2018-05-02,2018-04-27,2018-04-27,0.04212893563579278,0.26666666666666666,,1.0163826498934736,197983.49669298646,0.0,12084949.503307013,12084949.503307013,0,False
2018-05-03,2018-05-02,2018-04-27,0.04212893563579278,0.26666666666666666,,1.0165107826029518,198002.48141184743,0.0,11992313.518588152,11992313.518588152,0,False
2018-05-04,2018-05-03,2018-04-27,0.04212893563579278,0.26666666666666666,,1.0164055940677326,198021.46795116088,0.0,12070362.532048838,12070362.532048838,0,False
2018-05-07,2018-05-04,2018-04-27,0.04212893563579278,0.26666666666666666,,1.0169710490260608,208652.53872098244,0.0,12294616.461279018,12294616.461279018,0,False
2018-05-08,2018-05-07,2018-04-27,0.04212893563579278,0.26666666666666666,,1.019550622974634,244877.908498668,0.0,12525325.091501333,12525325.091501333,0,False
2018-05-09,2018-05-08,2018-04-27,0.04212893563579278,0.26666666666666666,,1.0196773398778638,244901.3899419487,0.0,12445858.61005805,12445858.61005805,0,False
2018-05-10,2018-05-09,2018-04-27,0.04212893563579278,0.26666666666666666,,1.0195650897078563,244924.87363687463,0.0,12518464.126363125,12518464.126363125,0,False
2018-05-11,2018-05-10,2018-04-27,0.04212893563579278,0.26666666666666666,,1.0199167893633156,244948.35958366172,0.0,12298586.640416339,12298586.640416339,0,False
2018-05-14,2018-05-11,2018-04-27,0.04212893563579278,0.26666666666666666,,1.0261699091722671,325941.7247202543,0.0,12454828.275279745,12454828.275279745,0,False
2018-05-15,2018-05-14,2018-04-27,0.04212893563579278,0.26666666666666666,,1.0261742054520377,325972.9794061864,0.0,12453978.020593815,12453978.020593815,0,False
2018-05-16,2018-05-15,2018-04-27,0.04212893563579278,0.26666666666666666,,1.026190054841624,326004.23708914313,0.0,12447634.762910858,12447634.762910858,0,False
2018-05-17,2018-05-16,2018-04-27,0.04212893563579278,0.26666666666666666,,1.0262760497124839,326035.49776941194,0.0,12408086.502230588,12408086.502230588,0,False
2018-05-18,2018-05-17,2018-04-27,0.04212893563579278,0.26666666666666666,,1.0258666472317859,326066.76144728024,0.0,12605683.23855272,12605683.23855272,0,False
2018-05-21,2018-05-18,2018-04-27,0.04212893563579278,0.26666666666666666,,1.0258372229297414,326160.5614745459,0.0,12623669.438525453,12623669.438525453,0,False
2018-05-22,2018-05-21,2018-04-27,0.04212893563579278,0.26666666666666666,,1.0262099196243613,326191.8371448243,0.0,12445358.162855176,12445358.162855176,0,False
2018-05-23,2018-05-22,2018-04-27,0.04212893563579278,0.26666666666666666,,1.0274529282543554,326223.1158141396,0.0,11882998.88418586,11882998.88418586,0,False
2018-05-24,2018-05-23,2018-04-27,0.04212893563579278,0.26666666666666666,,1.0274286843569167,326254.3974827793,0.0,11894642.60251722,11894642.60251722,0,False
2018-05-25,2018-05-24,2018-04-27,0.04212893563579278,0.26666666666666666,,1.0273576338447767,326285.68215103104,106.97999999999999,11922767.29784897,11922767.29784897,0,False
2018-05-28,2018-05-25,2018-04-27,0.04212893563579278,0.26666666666666666,,1.027430438125876,326379.54515548545,106.97999999999999,11894544.434844514,11894544.434844514,0,False
2018-05-29,2018-05-28,2018-04-27,0.04212893563579278,0.26666666666666666,,1.0276856768489904,326410.841824199,106.97999999999999,11786017.138175802,11786017.138175802,0,False
2018-05-30,2018-05-29,2018-04-27,0.04212893563579278,0.26666666666666666,,1.0283787427838502,326442.14149396296,106.97999999999999,11499281.838506037,11499281.838506037,0,False
2018-05-31,2018-05-30,2018-04-27,0.04212893563579278,0.26666666666666666,,1.0371179841353413,442795.2699250651,0.0,11929399.730074935,11929399.730074935,0,False
2018-06-01,2018-05-31,2018-05-31,0.04355227490039841,0.3,,1.0368098762923967,442837.7297454689,0.0,12030405.270254532,12030405.270254532,0,False
2018-06-04,2018-06-01,2018-05-31,0.04355227490039841,0.3,,1.036241495837965,442965.12142114906,0.0,12222594.878578851,12222594.878578851,0,False
2018-06-05,2018-06-04,2018-05-31,0.04355227490039841,0.3,,1.0359180261763101,443007.5975286826,0.0,12333851.402471317,12333851.402471317,0,False
2018-06-06,2018-06-05,2018-05-31,0.04355227490039841,0.3,,1.035343585414098,443050.07770926756,0.0,12535515.922290733,12535515.922290733,0,False
2018-06-07,2018-06-06,2018-05-31,0.04355227490039841,0.3,,1.0350897715826264,443092.56196329446,0.0,12627399.438036706,12627399.438036706,0,False
2018-06-08,2018-06-07,2018-05-31,0.04355227490039841,0.3,,1.035591052845687,443135.05029115395,0.0,12450742.949708845,12450742.949708845,0,False
2018-06-11,2018-06-08,2018-05-31,0.04355227490039841,0.3,,1.0352116069162483,443262.5274974021,0.0,12588534.472502599,12588534.472502599,0,False
2018-06-12,2018-06-11,2018-05-31,0.04355227490039841,0.3,,1.034076234983756,443305.0321233265,0.0,13009213.967876673,13009213.967876673,0,False
2018-06-13,2018-06-12,2018-05-31,0.04355227490039841,0.3,,1.034193326462313,443347.54082503694,0.0,12965908.459174963,12965908.459174963,0,False
2018-06-14,2018-06-13,2018-05-31,0.04355227490039841,0.3,,1.0344259793745603,443390.0536029243,0.0,12879518.946397075,12879518.946397075,0,False
2018-06-15,2018-06-14,2018-05-31,0.04355227490039841,0.3,,1.0340707165037801,443432.57045737933,0.0,13015064.42954262,13015064.42954262,0,False
2018-06-19,2018-06-15,2018-05-31,0.04355227490039841,0.3,,1.0350471139958384,443602.6541830342,0.0,12657323.345816966,12657323.345816966,0,False
2018-06-20,2018-06-19,2018-05-31,0.04355227490039841,0.3,,1.0143478507202237,443645.1914238463,262680.0,12612703.808576154,12612703.808576154,0,False
2018-06-21,2018-06-20,2018-05-31,0.04355227490039841,0.3,,1.0240231426037312,443687.73274357186,135586.02120000002,12825204.288456425,12825204.288456425,0,False
2018-06-22,2018-06-21,2018-05-31,0.04355227490039841,0.3,,1.023830269875628,443730.27814260207,135586.02120000002,12930791.743057396,12930791.743057396,0,False
2018-06-25,2018-06-22,2018-05-31,0.04355227490039841,0.3,,1.0245734784121974,443857.92657878005,135586.02120000002,12544903.094621219,12544903.094621219,0,False
2018-06-26,2018-06-25,2018-05-31,0.04355227490039841,0.3,,1.0254488925946945,443900.48829776706,135586.02120000002,12115044.53290223,12115044.53290223,0,False
2018-06-27,2018-06-26,2018-05-31,0.04355227490039841,0.3,,1.0259527897877712,443943.0540980148,135586.02120000002,11881459.967101984,11881459.967101984,0,False
2018-06-28,2018-06-27,2018-05-31,0.04355227490039841,0.3,,1.0262340653667361,443985.6239799146,135586.02120000002,11755692.397220083,11755692.397220083,0,False
2018-06-29,2018-06-28,2018-05-31,0.04355227490039841,0.3,,1.0807305717128237,979561.9918038578,0.0,12133718.008196142,12133718.008196142,0,False
2018-07-02,2018-06-29,2018-06-29,0.0499180050804403,0.4666666666666667,,1.0844185880206567,979843.7836097192,0.0,11606967.21639028,11606967.21639028,0,False
2018-07-03,2018-07-02,2018-06-29,0.0499180050804403,0.4666666666666667,,1.0851354055393967,979937.7412328051,0.0,11510343.258767195,11510343.258767195,0,False
2018-07-04,2018-07-03,2018-06-29,0.0499180050804403,0.4666666666666667,,1.086155283257686,980031.707865526,0.0,11375178.292134475,11375178.292134475,0,False
2018-07-05,2018-07-04,2018-06-29,0.0499180050804403,0.4666666666666667,,1.0858525631270188,980125.683508746,0.0,11416382.316491254,11416382.316491254,0,False
2018-07-06,2018-07-05,2018-06-29,0.0499180050804403,0.4666666666666667,,1.085652186541586,980219.668163329,0.0,11444187.33183667,11444187.33183667,0,False
2018-07-09,2018-07-06,2018-06-29,0.0499180050804403,0.4666666666666667,,1.0892575254951147,1062635.6829137595,0.0,11905278.31708624,11905278.31708624,0,False
2018-07-10,2018-07-09,2018-06-29,0.0499180050804403,0.4666666666666667,,1.0764430579595405,1062737.5794860937,135055.8,12135592.220513906,12135592.220513906,0,False
2018-07-11,2018-07-10,2018-06-29,0.0499180050804403,0.4666666666666667,,1.077555086059307,1062839.4858293321,135055.8,11962899.314170668,11962899.314170668,0,False
2018-07-12,2018-07-11,2018-06-29,0.0499180050804403,0.4666666666666667,,1.0760070078985278,1062941.4019444117,135055.8,12207895.398055587,12207895.398055587,0,False
2018-07-13,2018-07-12,2018-06-29,0.0499180050804403,0.4666666666666667,,1.0749357391567194,1063043.3278322695,138258.44,12341039.112167727,12341039.112167727,0,False
2018-07-16,2018-07-13,2018-06-29,0.0499180050804403,0.4666666666666667,,1.0762865808015987,1063349.1348169884,138258.44,12126519.305183008,12126519.305183008,0,False
2018-07-17,2018-07-16,2018-06-29,0.0499180050804403,0.4666666666666667,,1.0757826562017279,1063451.0998025187,138258.44,12208501.340197481,12208501.340197481,0,False
2018-07-18,2018-07-17,2018-06-29,0.0499180050804403,0.4666666666666667,,1.0765850061342614,1063553.0745655135,138258.44,12081929.365434486,12081929.365434486,0,False
2018-07-19,2018-07-18,2018-06-29,0.0499180050804403,0.4666666666666667,,1.0758783762234438,1063655.0591069101,138258.44,12195788.38089309,12195788.38089309,0,False
2018-07-20,2018-07-19,2018-06-29,0.0499180050804403,0.4666666666666667,,1.0739152656504372,1063757.0534276464,138258.44,12521075.386572355,12521075.386572355,0,False
2018-07-23,2018-07-20,2018-06-29,0.0499180050804403,0.4666666666666667,,1.0714404460640214,1064063.0657306872,138258.44,12959110.37426931,12959110.37426931,0,False
2018-07-24,2018-07-23,2018-06-29,0.0499180050804403,0.4666666666666667,,1.0683529425571405,1064165.0991753463,138258.44,13545966.340824652,13545966.340824652,0,False
2018-07-25,2018-07-24,2018-06-29,0.0499180050804403,0.4666666666666667,,1.06856788590222,1064267.1424040343,138258.44,13504991.297595965,13504991.297595965,0,False
2018-07-26,2018-07-25,2018-06-29,0.0499180050804403,0.4666666666666667,,1.0699035437629167,1064369.1954176894,138258.44,13248409.24458231,13248409.24458231,0,False
2018-07-27,2018-07-26,2018-06-29,0.0499180050804403,0.4666666666666667,,1.0698110872317348,1064471.25821725,138258.44,13267417.181782749,13267417.181782749,0,False
2018-07-30,2018-07-27,2018-06-29,0.0499180050804403,0.4666666666666667,,1.0679815691498276,1064777.4759764632,138258.44,13628973.964023536,13628973.964023536,0,False
2018-07-31,2018-07-30,2018-06-29,0.0499180050804403,0.4666666666666667,,1.0691521478553592,1064879.5779262143,138258.44,13399744.862073785,13399744.862073785,0,False
2018-08-01,2018-07-31,2018-07-31,0.049010296730930436,0.45,,1.0706855831585351,1064981.6896665634,138258.44,13110498.750333436,13110498.750333436,0,False
2018-08-02,2018-08-01,2018-07-31,0.049010296730930436,0.45,,1.0705436444021972,1065083.8111984492,138258.44,13138325.62880155,13138325.62880155,0,False
2018-08-03,2018-08-02,2018-07-31,0.049010296730930436,0.45,,1.072850597062571,1065185.9425228108,138258.44,12723677.497477187,12723677.497477187,0,False
2018-08-06,2018-08-03,2018-07-31,0.049010296730930436,0.45,,1.1230290812407113,1557773.2775761392,0.0,12661829.72242386,12661829.72242386,0,False
2018-08-07,2018-08-06,2018-07-31,0.049010296730930436,0.45,,1.167324674205345,2218955.3586959066,0.0,13261375.641304094,13261375.641304094,0,False
2018-08-08,2018-08-07,2018-07-31,0.049010296730930436,0.45,,1.2127235061507293,2816036.7959571513,0.0,13238014.204042848,13238014.204042848,0,False
2018-08-09,2018-08-08,2018-07-31,0.049010296730930436,0.45,,1.26062821085598,3484906.3647427913,0.0,13371178.635257209,13371178.635257209,0,False
2018-08-10,2018-08-09,2018-07-31,0.049010296730930436,0.45,,1.260003836947622,3485240.5338462596,0.0,13404573.46615374,13404573.46615374,0,False
2018-08-13,2018-08-10,2018-07-31,0.049010296730930436,0.45,,1.260632883525199,3486243.137287503,0.0,13376067.862712497,13376067.862712497,0,False
2018-08-14,2018-08-13,2018-07-31,0.049010296730930436,0.45,,1.25945194812162,3486577.4345746404,0.0,13438239.565425359,13438239.565425359,0,False
2018-08-15,2018-08-14,2018-07-31,0.049010296730930436,0.45,,1.2697850779174968,3486911.7639176818,0.0,12924776.23608232,12924776.23608232,0,False
2018-08-16,2018-08-15,2018-07-31,0.049010296730930436,0.45,,1.271137211581223,3487246.125319701,0.0,12861554.8746803,12861554.8746803,0,False
2018-08-17,2018-08-16,2018-07-31,0.049010296730930436,0.45,,1.2831594050048984,3487580.518783773,0.0,12316668.481216228,12316668.481216228,0,False
2018-08-20,2018-08-17,2018-07-31,0.049010296730930436,0.45,,1.3254596949779058,4120403.287871368,0.0,12660256.712128632,12660256.712128632,0,False
2018-08-21,2018-08-20,2018-07-31,0.049010296730930436,0.45,,1.3694423360247423,4761662.882375959,0.0,12888785.11762404,12888785.11762404,0,False
2018-08-22,2018-08-21,2018-07-31,0.049010296730930436,0.45,,1.415656490357113,5412493.013406598,0.0,13021552.986593403,13021552.986593403,0,False
2018-08-23,2018-08-22,2018-07-31,0.049010296730930436,0.45,,1.469617476008694,6056014.742105966,0.0,12895633.257894034,12895633.257894034,0,False
2018-08-24,2018-08-23,2018-07-31,0.049010296730930436,0.45,,1.5193721640856537,6698996.11214836,0.0,12898257.88785164,12898257.88785164,0,False
2018-08-27,2018-08-24,2018-07-31,0.049010296730930436,0.45,,1.546267357979998,7375557.422218978,0.0,13501735.577781022,13501735.577781022,0,False
2018-08-28,2018-08-27,2018-07-31,0.049010296730930436,0.45,,1.5490426512440882,7376264.667451246,0.0,13434775.332548754,13434775.332548754,0,False
2018-08-29,2018-08-28,2018-07-31,0.049010296730930436,0.45,,1.5528119078792126,7376971.980501549,0.0,13344452.01949845,13344452.01949845,0,False
2018-08-30,2018-08-29,2018-07-31,0.049010296730930436,0.45,,1.5554702768414728,7377679.361376392,0.0,13281861.638623608,13281861.638623608,0,False
2018-08-31,2018-08-30,2018-07-31,0.049010296730930436,0.45,,1.5632223840169532,7378386.810082277,0.0,13100308.189917723,13100308.189917723,0,False
2018-09-03,2018-08-31,2018-08-31,0.05442032551848513,0.5666666666666667,,1.576030824334366,7380509.359712575,0.0,12812698.640287425,12812698.640287425,0,False
2018-09-04,2018-09-03,2018-08-31,0.05442032551848513,0.5666666666666667,,1.5747519260862082,7381217.079788163,0.0,12842439.920211837,12842439.920211837,0,False
2018-09-05,2018-09-04,2018-08-31,0.05442032551848513,0.5666666666666667,,1.6006056226667393,7381924.867727321,0.0,12290802.13227268,12290802.13227268,0,False
2018-09-06,2018-09-05,2018-08-31,0.05442032551848513,0.5666666666666667,,1.6165935609387267,7382632.723536555,0.0,11973256.276463445,11973256.276463445,0,False
2018-09-07,2018-09-06,2018-08-31,0.05442032551848513,0.5666666666666667,,1.597852029280326,7383340.647222374,0.0,12349779.352777626,12349779.352777626,0,False
2018-09-10,2018-09-07,2018-08-31,0.05442032551848513,0.5666666666666667,,1.6374651233922044,7385464.621929109,0.0,11585676.37807089,11585676.37807089,0,False
2018-09-11,2018-09-10,2018-08-31,0.05442032551848513,0.5666666666666667,,1.6851313273939446,7386172.817166829,0.0,10780667.182833172,10780667.182833172,0,False
2018-09-12,2018-09-11,2018-08-31,0.05442032551848513,0.5666666666666667,,1.6847565506503666,7386881.08031368,0.0,10787601.919686321,10787601.919686321,0,False
2018-09-13,2018-09-12,2018-08-31,0.05442032551848513,0.5666666666666667,,1.670950314531254,7387589.4113761755,0.0,11010635.588623825,11010635.588623825,0,False
2018-09-14,2018-09-13,2018-08-31,0.05442032551848513,0.5666666666666667,,1.665999187213829,7423079.053340828,0.0,11145777.946659172,11145777.946659172,0,False
2018-09-17,2018-09-14,2018-08-31,0.05442032551848513,0.5666666666666667,,1.6981201958525898,7425214.459643844,0.0,10636011.540356155,10636011.540356155,0,False
2018-09-18,2018-09-17,2018-08-31,0.05442032551848513,0.5666666666666667,,1.665954426602153,7678829.282759837,0.0,11530562.717240162,11530562.717240162,0,False
2018-09-19,2018-09-18,2018-08-31,0.05442032551848513,0.5666666666666667,,1.665994238890249,7750733.436455444,0.0,11637838.563544556,11637838.563544556,0,False
2018-09-20,2018-09-19,2018-08-31,0.05442032551848513,0.5666666666666667,,1.6659864648804317,7895894.5416899,0.0,11855938.458310101,11855938.458310101,0,False
2018-09-21,2018-09-20,2018-08-31,0.05442032551848513,0.5666666666666667,,1.665983086093964,8339080.344062391,0.0,12521459.655937608,12521459.655937608,0,False
2018-09-25,2018-09-21,2018-08-31,0.05442032551848513,0.5666666666666667,,1.6767832036699006,8342278.895427236,0.0,12326368.104572764,12326368.104572764,0,False
2018-09-26,2018-09-25,2018-08-31,0.05442032551848513,0.5666666666666667,,1.6659656952552275,8450136.615038853,0.0,12688546.384961147,12688546.384961147,0,False
2018-09-27,2018-09-26,2018-08-31,0.05442032551848513,0.5666666666666667,,1.6659833822426016,8507737.148351528,0.0,12774698.851648472,12774698.851648472,0,False
2018-09-28,2018-09-27,2018-08-31,0.05442032551848513,0.5666666666666667,,1.686951596104782,8508552.958763013,0.0,12385957.041236987,12385957.041236987,0,False
2018-10-08,2018-09-28,2018-09-28,0.05020278583765112,0.5166666666666667,,1.7455745696731304,8516711.845161827,0.0,11423018.154838173,11423018.154838173,0,False
2018-10-09,2018-10-08,2018-09-28,0.05020278583765112,0.5166666666666667,,1.7583464486615483,8517528.516160678,0.0,11231711.483839322,11231711.483839322,0,False
2018-10-10,2018-10-09,2018-09-28,0.05020278583765112,0.5166666666666667,,1.7458939592905565,8518345.265470447,0.0,11420316.734529553,11420316.734529553,0,False
2018-10-11,2018-10-10,2018-09-28,0.05020278583765112,0.5166666666666667,,1.8209430218692324,8519162.093098642,0.0,10377287.906901358,10377287.906901358,0,False
2018-10-12,2018-10-11,2018-09-28,0.05020278583765112,0.5166666666666667,,1.768726729905539,8519978.999052774,0.0,11083235.000947226,11083235.000947226,0,False
2018-10-15,2018-10-12,2018-09-28,0.05020278583765112,0.5166666666666667,,1.7984116806106203,8522429.951915516,0.0,10674230.048084484,10674230.048084484,0,False
2018-10-16,2018-10-15,2018-09-28,0.05020278583765112,0.5166666666666667,,1.7318584992653114,7438923.012685972,0.0,10164427.987314027,10164427.987314027,0,False
2018-10-17,2018-10-16,2018-09-28,0.05020278583765112,0.5166666666666667,,1.7159138656999913,7439636.3340707505,0.0,10391803.66592925,10391803.66592925,0,False
2018-10-18,2018-10-17,2018-09-28,0.05020278583765112,0.5166666666666667,,1.7468328864882343,7440349.72385621,0.0,9962536.27614379,9962536.27614379,0,False
2018-10-19,2018-10-18,2018-09-28,0.05020278583765112,0.5166666666666667,,1.7678454252739142,7441063.182048908,0.0,9690834.81795109,9690834.81795109,0,False
2018-10-22,2018-10-19,2018-09-28,0.05020278583765112,0.5166666666666667,,1.6839882380237279,6936622.964768402,0.0,10141436.035231598,10141436.035231598,0,False
2018-10-23,2018-10-22,2018-09-28,0.05020278583765112,0.5166666666666667,,1.7688456570681275,6937288.120395161,0.0,9022991.879604839,9022991.879604839,0,False
2018-10-24,2018-10-23,2018-09-28,0.05020278583765112,0.5166666666666667,,1.7177811540218246,6486589.839593966,0.0,9037002.160406034,9037002.160406034,0,False
2018-10-25,2018-10-24,2018-09-28,0.05020278583765112,0.5166666666666667,,1.749535148833701,6487211.841359406,0.0,8654980.158640593,8654980.158640593,0,False
2018-10-26,2018-10-25,2018-09-28,0.05020278583765112,0.5166666666666667,,1.742740842353718,6487833.902768851,0.0,8734990.09723115,8734990.09723115,0,False
2018-10-29,2018-10-26,2018-09-28,0.05020278583765112,0.5166666666666667,,1.79135045449307,6489700.26594636,0.0,8200791.73405364,8200791.73405364,0,False
2018-10-30,2018-10-29,2018-09-28,0.05020278583765112,0.5166666666666667,,1.77940754129869,6490322.565971862,0.0,8327251.434028138,8327251.434028138,0,False
2018-10-31,2018-10-30,2018-09-28,0.05020278583765112,0.5166666666666667,,1.7368446537442417,6490944.925669968,0.0,8809109.07433003,8809109.07433003,0,False
2018-11-01,2018-10-31,2018-10-31,0.05925362264150944,0.7,,1.7172509110733312,6491567.345046402,0.0,9050622.654953599,9050622.654953599,0,False
2018-11-02,2018-11-01,2018-10-31,0.05925362264150944,0.7,,1.6642142721353446,6492189.824106886,0.0,9774240.175893113,9774240.175893113,0,False
2018-11-05,2018-11-02,2018-10-31,0.05925362264150944,0.7,,1.6660050791954752,6352129.884721802,169.78127414535265,9537404.896552343,9537404.896552343,0,False
2018-11-06,2018-11-05,2018-10-31,0.05925362264150944,0.7,,1.673003907493789,6352569.211792766,0.0,9439126.788207233,9439126.788207233,0,False
2018-11-07,2018-11-06,2018-10-31,0.05925362264150944,0.7,,1.6777857467577797,6353178.36226513,0.0,9373431.637734871,9373431.637734871,0,False
2018-11-08,2018-11-07,2018-10-31,0.05925362264150944,0.7,,1.6435919349712547,6239766.273614645,210068.8867854625,9368820.613170817,9368820.613170817,0,False
2018-11-09,2018-11-08,2018-10-31,0.05925362264150944,0.7,,1.6726389391602403,6030295.720581447,0.0,8965130.279418554,8965130.279418554,0,False
2018-11-12,2018-11-09,2018-10-31,0.05925362264150944,0.7,,1.656661566535082,6032030.463185998,0.0,9185904.536814002,9185904.536814002,0,False
2018-11-13,2018-11-12,2018-10-31,0.05925362264150944,0.7,,1.6579555873990257,6033480.620366029,0.0,9170042.37963397,9170042.37963397,0,False
2018-11-14,2018-11-13,2018-10-31,0.05925362264150944,0.7,,1.6659680289143999,6116268.215302229,0.0,9184026.784697771,9184026.784697771,0,False
2018-11-15,2018-11-14,2018-10-31,0.05925362264150944,0.7,,1.6659876039359354,6216784.697864929,0.0,9334685.30213507,9334685.30213507,0,False
2018-11-16,2018-11-15,2018-10-31,0.05925362264150944,0.7,,1.6861726316345167,6217380.827904451,0.0,9060957.172095548,9060957.172095548,0,False
2018-11-19,2018-11-16,2018-10-31,0.05925362264150944,0.7,,1.6830718410274645,6219169.389512478,0.0,9104707.61048752,9104707.61048752,0,False
2018-11-20,2018-11-19,2018-10-31,0.05925362264150944,0.7,,1.701223034496724,6219765.748221062,0.0,8869882.251778938,8869882.251778938,0,False
2018-11-21,2018-11-20,2018-10-31,0.05925362264150944,0.7,,1.709123064274302,6220362.164114727,0.0,8771907.835885273,8771907.835885273,0,False
2018-11-22,2018-11-21,2018-10-31,0.05925362264150944,0.7,,1.708292805972879,6220958.637198957,0.0,8783032.362801043,8783032.362801043,0,False
2018-11-23,2018-11-22,2018-10-31,0.05925362264150944,0.7,,1.7470235841456594,6221555.167479236,0.0,8328458.832520764,8328458.832520764,0,False
2018-11-26,2018-11-23,2018-10-31,0.05925362264150944,0.7,,1.7458545676966242,6223344.929924675,0.0,8343912.070075325,8343912.070075325,0,False
2018-11-27,2018-11-26,2018-10-31,0.05925362264150944,0.7,,1.7556138551131342,6223941.689027545,0.0,8236934.310972455,8236934.310972455,0,False
2018-11-28,2018-11-27,2018-10-31,0.05925362264150944,0.7,,1.7493952184277088,6224538.50535389,0.0,8306082.49464611,8306082.49464611,0,False
2018-11-29,2018-11-28,2018-10-31,0.05925362264150944,0.7,,1.6659372523650133,5519238.983646474,807.252387274988,8286714.2687408,8286714.2687408,0,False
2018-11-30,2018-11-29,2018-10-31,0.05925362264150944,0.7,,1.6147980172153324,5519768.225740796,321904.263657275,8454588.03791648,8454588.03791648,0,False
2018-12-03,2018-11-30,2018-11-30,0.06223544061302683,0.75,,1.5825543925382288,5521356.104271488,321904.263657275,8925264.159385787,8925264.159385787,0,False
2018-12-04,2018-12-03,2018-11-30,0.06223544061302683,0.75,,1.6151945149326021,5659464.823350102,0.0,9199472.176649896,9199472.176649896,0,False
2018-12-05,2018-12-04,2018-11-30,0.06223544061302683,0.75,,1.6273825505694315,5660599.517627819,0.0,9022564.48237218,9022564.48237218,0,False
2018-12-06,2018-12-05,2018-11-30,0.06223544061302683,0.75,,1.60362242988457,5661142.314841839,438260.49792,8652564.18307816,8652564.18307816,0,False
2018-12-07,2018-12-06,2018-11-30,0.06223544061302683,0.75,,1.6045320204511497,5661685.164104906,438260.49792,8640443.333815094,8640443.333815094,0,False
2018-12-10,2018-12-07,2018-11-30,0.06223544061302683,0.75,,1.6127960107980264,5663313.868056224,438260.49792,8526578.629863776,8526578.629863776,0,False
2018-12-11,2018-12-10,2018-11-30,0.06223544061302683,0.75,,1.6138287628718728,5663856.925550421,438260.49792,8513117.57236958,8513117.57236958,0,False
2018-12-12,2018-12-11,2018-11-30,0.06223544061302683,0.75,,1.6113780738304182,5664400.035118625,438260.49792,8548130.462801374,8548130.462801374,0,False
2018-12-13,2018-12-12,2018-11-30,0.06223544061302683,0.75,,1.582814797741249,5664943.196765828,438260.49792,8967999.30115417,8967999.30115417,0,False
2018-12-14,2018-12-13,2018-11-30,0.06223544061302683,0.75,,1.602946137201136,5665486.410497025,438260.49792,8669474.087422974,8669474.087422974,0,False
2018-12-17,2018-12-14,2018-11-30,0.06223544061302683,0.75,,1.5967803259286373,5667116.207957579,438260.49792,8761776.28996242,8761776.28996242,0,False
2018-12-18,2018-12-17,2018-11-30,0.06223544061302683,0.75,,1.6085452610758604,5667659.630059712,438260.49792,8593278.867860287,8593278.867860287,0,False
2018-12-19,2018-12-18,2018-11-30,0.06223544061302683,0.75,,1.6297673168887299,5530839.220170358,300896.61381954513,8304563.393649187,8304563.393649187,0,False
2018-12-20,2018-12-19,2018-11-30,0.06223544061302683,0.75,,1.6412823869702369,5432076.512109476,201603.55131289363,8156271.0392034175,8156271.0392034175,0,False
2018-12-21,2018-12-20,2018-11-30,0.06223544061302683,0.75,,1.6672909360469723,5230993.844845689,0.0,7839150.155154311,7839150.155154311,0,False
2018-12-24,2018-12-21,2018-11-30,0.06223544061302683,0.75,,1.6592378970013872,5232498.651294206,0.0,7937193.348705794,7937193.348705794,0,False
2018-12-25,2018-12-24,2018-11-30,0.06223544061302683,0.75,,1.6787274254998388,5233000.397740221,0.0,7710017.602259779,7710017.602259779,0,False
2018-12-26,2018-12-25,2018-11-30,0.06223544061302683,0.75,,1.6854408068209583,5233502.192298908,0.0,7635235.807701092,7635235.807701092,0,False
2018-12-27,2018-12-26,2018-11-30,0.06223544061302683,0.75,,1.6843935967420414,5234004.034974881,0.0,7647651.965025119,7647651.965025119,0,False
2018-12-28,2018-12-27,2018-11-30,0.06223544061302683,0.75,,1.689901819689066,5234505.925772755,0.0,7587320.074227245,7587320.074227245,0,False
2019-01-02,2018-12-28,2018-12-28,0.06679302775024776,0.7833333333333333,,1.665907965289257,5017124.772817129,831.5571224281593,7533012.784305299,7533012.784305299,0,False
2019-01-03,2019-01-02,2018-12-28,0.06679302775024776,0.7833333333333333,,1.6911330578411194,5016774.309850999,0.0,7258767.690149001,7258767.690149001,0,False
2019-01-04,2019-01-03,2018-12-28,0.06679302775024776,0.7833333333333333,,1.6712969056422295,5017255.370401259,0.0,7473973.629598741,7473973.629598741,0,False
2019-01-07,2019-01-04,2018-12-28,0.06679302775024776,0.7833333333333333,,1.6659046136653801,5102687.9282393195,0.0,7662791.0717606805,7662791.0717606805,0,False
2019-01-08,2019-01-07,2018-12-28,0.06679302775024776,0.7833333333333333,,1.6659425831727692,5109432.289581753,0.0,7672481.710418247,7672481.710418247,0,False
2019-01-09,2019-01-08,2018-12-28,0.06679302775024776,0.7833333333333333,,1.6659253576042012,5353577.034223768,0.0,8039304.965776232,8039304.965776232,0,False
2019-01-10,2019-01-09,2018-12-28,0.06679302775024776,0.7833333333333333,,1.6673932976382677,5354090.390925679,0.0,8022391.609074321,8022391.609074321,0,False
2019-01-11,2019-01-10,2018-12-28,0.06679302775024776,0.7833333333333333,,1.6658535601589946,5434042.534153577,0.0,8161017.465846423,8161017.465846423,0,False
2019-01-14,2019-01-11,2018-12-28,0.06679302775024776,0.7833333333333333,,1.6658926508646832,5446527.861038881,0.0,8179288.138961119,8179288.138961119,0,False
2019-01-15,2019-01-14,2018-12-28,0.06679302775024776,0.7833333333333333,,1.6659742787480332,5656397.156473775,0.0,8493416.843526226,8493416.843526226,0,False
2019-01-16,2019-01-15,2018-12-28,0.06679302775024776,0.7833333333333333,,1.6659973911438228,5681216.891621657,0.0,8530389.108378343,8530389.108378343,0,False
2019-01-17,2019-01-16,2018-12-28,0.06679302775024776,0.7833333333333333,,1.6689931433325784,5681761.665844141,0.0,8493004.33415586,8493004.33415586,0,False
2019-01-18,2019-01-17,2018-12-28,0.06679302775024776,0.7833333333333333,,1.665976567309206,5795778.972905249,0.0,8702677.027094752,8702677.027094752,0,False
2019-01-21,2019-01-18,2018-12-28,0.06679302775024776,0.7833333333333333,,1.6658864536258566,5954714.549397865,0.0,8942537.450602135,8942537.450602135,0,False
2019-01-22,2019-01-21,2018-12-28,0.06679302775024776,0.7833333333333333,,1.6933862661138337,5955285.54942315,0.0,8588698.45057685,8588698.45057685,0,False
2019-01-23,2019-01-22,2018-12-28,0.06679302775024776,0.7833333333333333,,1.6859162013511475,5955856.604201862,0.0,8683067.39579814,8683067.39579814,0,False
2019-01-24,2019-01-23,2018-12-28,0.06679302775024776,0.7833333333333333,,1.6999942548837865,5956427.713739251,0.0,8509252.28626075,8509252.28626075,0,False
2019-01-25,2019-01-24,2018-12-28,0.06679302775024776,0.7833333333333333,,1.6758623595432791,5956998.878040568,0.0,8813923.121959433,8813923.121959433,0,False
2019-01-28,2019-01-25,2018-12-28,0.06679302775024776,0.7833333333333333,,1.667636168666724,5958712.535252059,0.0,8925089.464747941,8925089.464747941,0,False
2019-01-29,2019-01-28,2018-12-28,0.06679302775024776,0.7833333333333333,,1.6079040423295596,5959283.91864585,448678.44179999985,9064926.52315415,9064926.52315415,0,False
2019-01-30,2019-01-29,2018-12-28,0.06679302775024776,0.7833333333333333,,1.665805441571353,5948828.606590135,1769.7498203044524,8932127.143230168,8932127.143230168,0,False
2019-01-31,2019-01-30,2018-12-28,0.06679302775024776,0.7833333333333333,,1.6659207167221541,6075573.364689641,0.0,9123568.63531036,9123568.63531036,0,False
2019-02-01,2019-01-31,2019-01-31,0.0620728696461825,0.75,,1.6658781789916355,6278557.215606391,0.0,9428987.784393609,9428987.784393609,0,False
2019-02-11,2019-02-01,2019-01-31,0.0620728696461825,0.75,,1.6659446826196354,6498646.294872726,0.0,9758537.705127273,9758537.705127273,0,False
2019-02-12,2019-02-11,2019-01-31,0.0620728696461825,0.75,,1.6658115092644454,6669166.139316618,0.0,10016597.860683382,10016597.860683382,0,False
2019-02-13,2019-02-12,2019-01-31,0.0620728696461825,0.75,,1.6658960575743422,7004946.509838471,0.0,10519579.490161529,10519579.490161529,0,False
2019-02-14,2019-02-13,2019-01-31,0.0620728696461825,0.75,,1.665888636978444,7060277.228868045,0.0,10602789.771131955,10602789.771131955,0,False
2019-02-15,2019-02-14,2019-01-31,0.0620728696461825,0.75,,1.700619330364918,7060954.2417530045,0.0,10078160.758246996,10078160.758246996,0,False
2019-02-18,2019-02-15,2019-01-31,0.0620728696461825,0.75,,1.6659674964495765,7143067.283195016,0.0,10725849.716804985,10725849.716804985,0,False
2019-02-19,2019-02-18,2019-01-31,0.0620728696461825,0.75,,1.666164389342059,7143752.234852308,0.0,10723707.765147692,10723707.765147692,0,False
2019-02-20,2019-02-19,2019-01-31,0.0620728696461825,0.75,,1.678393955378008,7144437.252189897,0.0,10531398.747810103,10531398.747810103,0,False
2019-02-21,2019-02-20,2019-01-31,0.0620728696461825,0.75,,1.679127538331524,7145122.335214079,0.0,10521031.664785922,10521031.664785922,0,False
2019-02-22,2019-02-21,2019-01-31,0.0620728696461825,0.75,,1.6776840687595258,7145807.483931155,0.0,10544452.516068846,10544452.516068846,0,False
2019-02-25,2019-02-22,2019-01-31,0.0620728696461825,0.75,,1.6659103738478667,7571475.719439956,0.0,11370112.280560043,11370112.280560043,0,False
2019-02-26,2019-02-25,2019-01-31,0.0620728696461825,0.75,,1.6723996341656981,7572201.751358259,0.0,11261460.24864174,11261460.24864174,0,False
2019-02-27,2019-02-26,2019-01-31,0.0620728696461825,0.75,,1.6754095643598548,7572927.85289606,0.0,11212349.14710394,11212349.14710394,0,False
2019-02-28,2019-02-27,2019-01-31,0.0620728696461825,0.75,,1.665990792305133,7576475.052220036,0.0,11376245.947779965,11376245.947779965,0,False
2019-03-01,2019-02-28,2019-02-28,0.05118773963515755,0.55,,1.665951147310194,7964300.139686413,0.0,11959285.860313587,11959285.860313587,0,False
2019-03-04,2019-03-01,2019-02-28,0.05118773963515755,0.55,,1.6659419466754233,7984861.422376596,0.0,11990326.577623405,11990326.577623405,0,False
2019-03-05,2019-03-04,2019-02-28,0.05118773963515755,0.55,,1.6752260588805405,7985627.094019838,0.0,11826597.905980162,11826597.905980162,0,False
2019-03-06,2019-03-05,2019-02-28,0.05118773963515755,0.55,,1.665899137662513,8011184.086943647,0.0,12030626.913056353,12030626.913056353,0,False
2019-03-07,2019-03-06,2019-02-28,0.05118773963515755,0.55,,1.6977166173803842,8011952.282678012,0.0,11483103.717321988,11483103.717321988,0,False
2019-03-08,2019-03-07,2019-02-28,0.05118773963515755,0.55,,1.7495237057514468,8012720.552074981,0.0,10690416.44792502,10690416.44792502,0,False
2019-03-11,2019-03-08,2019-02-28,0.05118773963515755,0.55,,1.7294632201372286,8015025.581274893,0.0,10987566.418725107,10987566.418725107,0,False
2019-03-12,2019-03-11,2019-02-28,0.05118773963515755,0.55,,1.7226446597951004,8015794.145371728,0.0,11092303.854628272,11092303.854628272,0,False
2019-03-13,2019-03-12,2019-02-28,0.05118773963515755,0.55,,1.737555396564128,8016562.78316649,0.0,10869099.21683351,10869099.21683351,0,False
2019-03-14,2019-03-13,2019-02-28,0.05118773963515755,0.55,,1.727103104642521,8017331.494666245,0.0,11026402.505333755,11026402.505333755,0,False
2019-03-15,2019-03-14,2019-02-28,0.05118773963515755,0.55,,1.6870845214923262,8018100.279878062,0.0,11669743.720121939,11669743.720121939,0,False
2019-03-18,2019-03-15,2019-02-28,0.05118773963515755,0.55,,1.6786280866200074,8020406.856670904,0.0,11818560.143329095,11818560.143329095,0,False
2019-03-19,2019-03-18,2019-02-28,0.05118773963515755,0.55,,1.6781878479033894,8021175.936780448,0.0,11827366.063219551,11827366.063219551,0,False
2019-03-20,2019-03-19,2019-02-28,0.05118773963515755,0.55,,1.6769729928796226,8021945.0906374,0.0,11849726.9093626,11849726.9093626,0,False
2019-03-21,2019-03-20,2019-02-28,0.05118773963515755,0.55,,1.665982959278349,8040516.49621883,0.0,12073156.50378117,12073156.50378117,0,False
2019-03-22,2019-03-21,2019-02-28,0.05118773963515755,0.55,,1.6683960035951286,8041287.504649974,0.0,12030723.495350026,12030723.495350026,0,False
2019-03-25,2019-03-22,2019-02-28,0.05118773963515755,0.55,,1.7039009967983463,8043600.751740353,0.0,11427176.248259647,11427176.248259647,0,False
2019-03-26,2019-03-25,2019-02-28,0.05118773963515755,0.55,,1.6975134237314577,8044372.055922027,0.0,11532927.944077972,11532927.944077972,0,False
2019-03-27,2019-03-26,2019-02-28,0.05118773963515755,0.55,,1.6659585732794853,8334565.266964375,0.0,12515140.733035624,12515140.733035624,0,False
2019-03-28,2019-03-27,2019-02-28,0.05118773963515755,0.55,,1.6802598530193469,8335364.471852988,0.0,12253206.528147012,12253206.528147012,0,False
2019-03-29,2019-03-28,2019-02-28,0.05118773963515755,0.55,,1.6659024632182873,8561812.572017686,0.0,12857457.427982314,12857457.427982314,0,False
2019-04-01,2019-03-29,2019-03-29,0.049317,0.4666666666666667,,1.6659322841757034,9056058.649385938,0.0,13599068.350614062,13599068.350614062,0,False
2019-04-02,2019-04-01,2019-03-29,0.049317,0.4666666666666667,,1.6659823367173259,9294940.991711495,0.0,13956738.008288505,13956738.008288505,0,False
2019-04-03,2019-04-02,2019-03-29,0.049317,0.4666666666666667,,1.665981157204264,9385316.08917303,0.0,14092464.91082697,14092464.91082697,0,False
2019-04-04,2019-04-03,2019-03-29,0.049317,0.4666666666666667,,1.665998807596427,9670253.241529798,0.0,14519925.758470202,14519925.758470202,0,False
2019-04-08,2019-04-04,2019-03-29,0.049317,0.4666666666666667,,1.6659722111914745,10339306.692119425,0.0,15525132.307880575,15525132.307880575,0,False
2019-04-09,2019-04-08,2019-03-29,0.049317,0.4666666666666667,,1.6659942359505218,10129615.48976355,438.13204638753973,15209106.642282836,15209106.642282836,0,False
2019-04-10,2019-04-09,2019-03-29,0.049317,0.4666666666666667,,1.6659985553708017,10156689.454349333,0.0,15250317.545650667,15250317.545650667,0,False
2019-04-11,2019-04-10,2019-03-29,0.049317,0.4666666666666667,,1.6660087901838538,9572788.040605588,177.87483049469165,14373098.834224908,14373098.834224908,0,False
2019-04-12,2019-04-11,2019-03-29,0.049317,0.4666666666666667,,1.6660193362667046,9342215.030500019,54.23870569043004,14026861.208205672,14026861.208205672,0,False
2019-04-15,2019-04-12,2019-03-29,0.049317,0.4666666666666667,,1.6659929981033184,9318516.636645574,433.5210256229798,13991262.884380046,13991262.884380046,0,False
2019-04-16,2019-04-15,2019-03-29,0.049317,0.4666666666666667,,1.6659699740999054,9746061.399399767,0.0,14634385.600600233,14634385.600600233,0,False
2019-04-17,2019-04-16,2019-03-29,0.049317,0.4666666666666667,,1.6660042867453568,9849686.748882586,0.0,14789224.251117414,14789224.251117414,0,False
2019-04-18,2019-04-17,2019-03-29,0.049317,0.4666666666666667,,1.665978851761409,9639125.066564426,642.9712216721706,14472654.904657245,14472654.904657245,0,False
2019-04-19,2019-04-18,2019-03-29,0.049317,0.4666666666666667,,1.6659781592413245,9769059.87851667,0.0,14668739.12148333,14668739.12148333,0,False
2019-04-22,2019-04-19,2019-03-29,0.049317,0.4666666666666667,,1.6659891806967198,9472412.668093365,474.7377373948059,14222360.06964403,14222360.06964403,0,False
2019-04-23,2019-04-22,2019-03-29,0.049317,0.4666666666666667,,1.6660289442466552,9552609.628299484,0.0,14342634.371700516,14342634.371700516,0,False
2019-04-24,2019-04-23,2019-03-29,0.049317,0.4666666666666667,,1.6659993813249607,9509697.695112994,342.72491052134137,14278324.029797526,14278324.029797526,0,False
2019-04-25,2019-04-24,2019-03-29,0.049317,0.4666666666666667,,1.1948660756312217,9035945.10389098,6393109.6935884245,13562316.589697445,13562316.589697445,0,False
2019-04-26,2019-04-25,2019-03-29,0.049317,0.4666666666666667,,1.3047811799557252,8595201.614052549,4661827.894960579,12905566.28090803,12905566.28090803,0,False
2019-04-29,2019-04-26,2019-03-29,0.049317,0.4666666666666667,,1.4517366285517777,8597674.206297688,2709153.124360579,13035296.918062888,13035296.918062888,0,False
2019-04-30,2019-04-29,2019-03-29,0.049317,0.4666666666666667,,1.5964996486776435,8598498.64081062,732361.7012205789,13187161.06040996,13187161.06040996,0,False
2019-05-06,2019-04-30,2019-04-30,0.047630592502037494,0.4166666666666667,,1.666000817207571,7975229.440014118,1.0895342949788756,11974802.649520176,11974802.649520176,0,False
2019-05-07,2019-05-06,2019-04-30,0.047630592502037494,0.4166666666666667,,1.6659991762845314,8202210.854388318,0.0,12315647.145611681,12315647.145611681,0,False
2019-05-08,2019-05-07,2019-04-30,0.047630592502037494,0.4166666666666667,,1.6773787406126957,8202997.367757916,0.0,12109912.632242084,12109912.632242084,0,False
2019-05-09,2019-05-08,2019-04-30,0.047630592502037494,0.4166666666666667,,1.5694424059811214,7671067.948939961,1113206.1988333557,11516286.249893397,11516286.249893397,0,False
2019-05-10,2019-05-09,2019-04-30,0.047630592502037494,0.4166666666666667,,1.6406954087760437,7769827.552634723,0.0,12127178.447365277,12127178.447365277,0,False
2019-05-13,2019-05-10,2019-04-30,0.047630592502037494,0.4166666666666667,,1.674558074441764,7772062.708506028,0.0,11521710.29149397,11521710.29149397,0,False
2019-05-14,2019-05-13,2019-04-30,0.047630592502037494,0.4166666666666667,,1.6702581905494662,7772807.974793145,0.0,11596737.025206855,11596737.025206855,0,False
2019-05-15,2019-05-14,2019-04-30,0.047630592502037494,0.4166666666666667,,1.6659083275877853,7955620.064744153,0.0,11947019.935255848,11947019.935255848,0,False
2019-05-16,2019-05-15,2019-04-30,0.047630592502037494,0.4166666666666667,,1.6658896908046847,8084085.978211594,0.0,12140278.021788407,12140278.021788407,0,False
2019-05-17,2019-05-16,2019-04-30,0.047630592502037494,0.4166666666666667,,1.666037811813692,7711812.358417512,89.87804924015654,11578505.519631729,11578505.519631729,0,False
2019-05-20,2019-05-17,2019-04-30,0.047630592502037494,0.4166666666666667,,1.665908710207227,7351825.51733987,1351.829762738489,11038260.312422864,11038260.312422864,0,False
2019-05-21,2019-05-20,2019-04-30,0.047630592502037494,0.4166666666666667,,1.6477593502296677,7505775.660947288,0.0,11587290.33905271,11587290.33905271,0,False
2019-05-22,2019-05-21,2019-04-30,0.047630592502037494,0.4166666666666667,,1.6519591789842123,7506495.392859982,0.0,11513750.607140018,11513750.607140018,0,False
2019-05-23,2019-05-22,2019-04-30,0.047630592502037494,0.4166666666666667,,1.3527890418234574,7488985.388937149,3522732.8895090846,11242561.500571936,11242561.500571936,0,False
2019-05-24,2019-05-23,2019-04-30,0.047630592502037494,0.4166666666666667,,1.352259636545546,7489703.510823759,3522732.8895090846,11261496.378685325,11261496.378685325,0,False
2019-05-27,2019-05-24,2019-04-30,0.047630592502037494,0.4166666666666667,,1.3177189064971915,7491858.0830665985,3888732.8895090846,11340606.806442484,11340606.806442484,0,False
2019-05-28,2019-05-27,2019-04-30,0.047630592502037494,0.4166666666666667,,1.3656472747967685,7492576.48041703,3320102.347029085,11411199.866612053,11411199.866612053,0,False
2019-05-29,2019-05-28,2019-04-30,0.047630592502037494,0.4166666666666667,,1.4165700930311549,7493294.946654879,2751042.7573590847,11384043.810704205,11384043.810704205,0,False
2019-05-30,2019-05-29,2019-04-30,0.047630592502037494,0.4166666666666667,,1.4752633976745941,7422707.379531177,2125827.7318235124,11145145.352292335,11145145.352292335,0,False
2019-05-31,2019-05-30,2019-04-30,0.047630592502037494,0.4166666666666667,,1.4795371840396143,7357502.190163636,2059910.7759949202,11047300.585831285,11047300.585831285,0,False
2019-06-03,2019-05-31,2019-05-31,0.05435701393728222,0.6333333333333333,,1.4855932071916282,7268646.773374162,1968938.817479509,10913884.044105347,10913884.044105347,0,False
2019-06-04,2019-06-03,2019-05-31,0.05435701393728222,0.6333333333333333,,1.3378191315796302,7235625.831685701,3565792.626394835,10863307.794709133,10863307.794709133,0,False
2019-06-05,2019-06-04,2019-05-31,0.05435701393728222,0.6333333333333333,,1.3376489817089354,7236319.658820246,3565792.626394835,10870836.967574589,10870836.967574589,0,False
2019-06-06,2019-06-05,2019-05-31,0.05435701393728222,0.6333333333333333,,1.335880316810668,7237013.552486161,3565792.626394835,10930146.073908674,10930146.073908674,0,False
2019-06-10,2019-06-06,2019-05-31,0.05435701393728222,0.6333333333333333,,1.3296381370376504,7239789.393300813,3565792.626394835,11145545.233094022,11145545.233094022,0,False
2019-06-11,2019-06-10,2019-05-31,0.05435701393728222,0.6333333333333333,,1.3160919824301704,7240483.619680992,3565792.626394835,11625385.006713841,11625385.006713841,0,False
2019-06-12,2019-06-11,2019-05-31,0.05435701393728222,0.6333333333333333,,1.3227643451400968,7241177.912630824,3565792.626394835,11387209.71376401,11387209.71376401,0,False
2019-06-13,2019-06-12,2019-05-31,0.05435701393728222,0.6333333333333333,,1.323491023685173,7241872.272156693,3565792.626394835,11363776.354238141,11363776.354238141,0,False
2019-06-14,2019-06-13,2019-05-31,0.05435701393728222,0.6333333333333333,,1.330234023002668,7242566.698264982,3565792.626394835,11133843.928129852,11133843.928129852,0,False
2019-06-17,2019-06-14,2019-05-31,0.05435701393728222,0.6333333333333333,,1.3293747797947173,7244650.176356263,3565792.626394835,11169214.45003857,11169214.45003857,0,False
2019-06-18,2019-06-17,2019-05-31,0.05435701393728222,0.6333333333333333,,1.3277282013432845,7245344.868838928,3565792.626394835,11227450.757555906,11227450.757555906,0,False
2019-06-19,2019-06-18,2019-05-31,0.05435701393728222,0.6333333333333333,,1.3201140609914166,7246039.6279359395,3565792.626394835,11496673.998458896,11496673.998458896,0,False
2019-06-20,2019-06-19,2019-05-31,0.05435701393728222,0.6333333333333333,,1.3083685540855596,7246734.453653687,3565792.626394835,11936826.172741149,11936826.172741149,0,False
2019-06-21,2019-06-20,2019-05-31,0.05435701393728222,0.6333333333333333,,1.306357863772804,7247429.345998557,3565792.626394835,12017438.280396277,12017438.280396277,0,False
2019-06-24,2019-06-21,2019-05-31,0.05435701393728222,0.6333333333333333,,1.3002368476826651,7249514.222933708,3565792.626394835,12269385.403461127,12269385.403461127,0,False
2019-06-25,2019-06-24,2019-05-31,0.05435701393728222,0.6333333333333333,,1.3526423178289126,7250209.381831797,2959460.937244835,12167423.55541304,12167423.55541304,0,False
2019-06-26,2019-06-25,2019-05-31,0.05435701393728222,0.6333333333333333,,1.4057270970688607,7250904.607388958,2360143.019524835,12054313.412135877,12054313.412135877,0,False
2019-06-27,2019-06-26,2019-05-31,0.05435701393728222,0.6333333333333333,,1.4518030033277747,7251599.899611585,1753554.302104835,12169121.40249325,12169121.40249325,0,False
2019-06-28,2019-06-27,2019-05-31,0.05435701393728222,0.6333333333333333,,1.5025924812083857,7252295.258506068,1147587.653104835,12146436.394598767,12146436.394598767,0,False
2019-07-01,2019-06-28,2019-06-28,0.049579060556464806,0.5,,1.5348660674347796,7254381.535224268,518118.4191048349,12594298.883880569,12594298.883880569,0,False
2019-07-02,2019-07-01,2019-06-28,0.049579060556464806,0.5,,1.5805131761831182,7371619.546756099,0.0,12698453.4532439,12698453.4532439,0,False
2019-07-03,2019-07-02,2019-06-28,0.049579060556464806,0.5,,1.63624532833949,8000877.54740387,0.0,12575145.45259613,12575145.45259613,0,False
2019-07-04,2019-07-03,2019-06-28,0.049579060556464806,0.5,,1.6659795821538637,8452821.185059922,0.0,12692312.814940078,12692312.814940078,0,False
2019-07-05,2019-07-04,2019-06-28,0.049579060556464806,0.5,,1.6659834939418812,8543187.78600712,0.0,12827927.21399288,12827927.21399288,0,False
2019-07-08,2019-07-05,2019-06-28,0.049579060556464806,0.5,,1.7014236557606097,8545645.415370217,0.0,12183286.584629783,12183286.584629783,0,False
2019-07-09,2019-07-08,2019-06-28,0.049579060556464806,0.5,,1.6879280066398128,8541709.000661004,0.0,12416573.999338996,12416573.999338996,0,False
2019-07-10,2019-07-09,2019-06-28,0.049579060556464806,0.5,,1.7133641724111766,8542528.06864737,0.0,11974988.93135263,11974988.93135263,0,False
2019-07-11,2019-07-10,2019-06-28,0.049579060556464806,0.5,,1.705442783548336,8543347.2151745,0.0,12110616.7848255,12110616.7848255,0,False
2019-07-12,2019-07-11,2019-06-28,0.049579060556464806,0.5,,1.6660198131301507,8175631.224793549,27.02404362140078,12275316.79925007,12275316.79925007,0,False
2019-07-15,2019-07-12,2019-06-28,0.049579060556464806,0.5,,1.6669253611918202,8177956.094663909,0.0,12262175.905336091,12262175.905336091,0,False
2019-07-16,2019-07-15,2019-06-28,0.049579060556464806,0.5,,1.6785801944169023,8178740.28223463,0.0,12052724.71776537,12052724.71776537,0,False
2019-07-17,2019-07-16,2019-06-28,0.049579060556464806,0.5,,1.6753186990138675,8179524.545001419,0.0,12112095.45499858,12112095.45499858,0,False
2019-07-18,2019-07-17,2019-06-28,0.049579060556464806,0.5,,1.7011381752255004,8180308.882971488,0.0,11667185.117028512,11667185.117028512,0,False
2019-07-19,2019-07-18,2019-06-28,0.049579060556464806,0.5,,1.7002464575330731,8181093.296152047,0.0,11683162.703847952,11683162.703847952,0,False
2019-07-22,2019-07-19,2019-06-28,0.049579060556464806,0.5,,1.7102149328146075,8183446.76134683,0.0,11522493.23865317,11522493.23865317,0,False
2019-07-23,2019-07-22,2019-06-28,0.049579060556464806,0.5,,1.7028232366803522,8184231.475419836,0.0,11644793.524580164,11644793.524580164,0,False
2019-07-24,2019-07-23,2019-06-28,0.049579060556464806,0.5,,1.6805990128150068,8185016.264739397,0.0,12026194.735260602,12026194.735260602,0,False
2019-07-25,2019-07-24,2019-06-28,0.049579060556464806,0.5,,1.6785782914881648,8185801.1293127285,0.0,12063163.870687272,12063163.870687272,0,False
2019-07-26,2019-07-25,2019-06-28,0.049579060556464806,0.5,,1.6674386950003535,8186586.069147047,0.0,12265674.930852953,12265674.930852953,0,False
2019-07-29,2019-07-26,2019-06-28,0.049579060556464806,0.5,,1.6659919635681142,8278682.619624609,0.0,12430604.38037539,12430604.38037539,0,False
2019-07-30,2019-07-29,2019-06-28,0.049579060556464806,0.5,,1.6719797636073122,8279476.465903203,0.0,12321020.534096796,12321020.534096796,0,False
2019-07-31,2019-07-30,2019-06-28,0.049579060556464806,0.5,,1.685047208700771,8263531.988304042,0.0,12062719.011695959,12062719.011695959,0,False
2019-08-01,2019-07-31,2019-07-31,0.05082032289950576,0.5833333333333334,,1.6997503003020562,8264324.3817823725,0.0,11810390.618217628,11810390.618217628,0,False
2019-08-02,2019-08-01,2019-07-31,0.05082032289950576,0.5833333333333334,,1.7103617710588184,8265116.851243639,0.0,11635081.14875636,11635081.14875636,0,False
2019-08-05,2019-08-02,2019-07-31,0.05082032289950576,0.5833333333333334,,1.366581641057503,7497659.177259661,3371851.3094615554,11254813.132201895,11254813.132201895,0,False
2019-08-06,2019-08-05,2019-07-31,0.05082032289950576,0.5833333333333334,,1.4204299007978154,7418686.672935718,2735472.6226578746,11139107.949722156,11139107.949722156,0,False
2019-08-07,2019-08-06,2019-07-31,0.05082032289950576,0.5833333333333334,,1.471173106441341,7405825.806826336,2166476.28570465,11119797.478878314,11119797.478878314,0,False
2019-08-08,2019-08-07,2019-07-31,0.05082032289950576,0.5833333333333334,,1.5254151148038981,7406535.954506443,1305441.58230465,11611950.627798207,11611950.627798207,0,False
2019-08-09,2019-08-08,2019-07-31,0.05082032289950576,0.5833333333333334,,1.5845787953291326,7407246.170282902,735412.88604465,11413060.71576175,11413060.71576175,0,False
2019-08-12,2019-08-09,2019-07-31,0.05082032289950576,0.5833333333333334,,1.6144368983296855,7409377.021920929,105499.16461465004,11887108.142693719,11887108.142693719,0,False
2019-08-13,2019-08-12,2019-07-31,0.05082032289950576,0.5833333333333334,,1.665934745877269,7741040.34995386,0.0,11624322.65004614,11624322.65004614,0,False
2019-08-14,2019-08-13,2019-07-31,0.05082032289950576,0.5833333333333334,,1.6659438628544343,7823600.640484267,0.0,11748138.359515734,11748138.359515734,0,False
2019-08-15,2019-08-14,2019-07-31,0.05082032289950576,0.5833333333333334,,1.67017654877895,7824350.848764861,0.0,11675059.151235139,11675059.151235139,0,False
2019-08-16,2019-08-15,2019-07-31,0.05082032289950576,0.5833333333333334,,1.6676144720133075,7825101.128983236,0.0,11720987.871016763,11720987.871016763,0,False
2019-08-19,2019-08-16,2019-07-31,0.05082032289950576,0.5833333333333334,,1.665969592610992,7986231.660292395,0.0,11991886.339707606,11991886.339707606,0,False
2019-08-20,2019-08-19,2019-07-31,0.05082032289950576,0.5833333333333334,,1.668043663892381,7986997.463328314,0.0,11955801.536671687,11955801.536671687,0,False
2019-08-21,2019-08-20,2019-07-31,0.05082032289950576,0.5833333333333334,,1.6814736793783343,7987763.3397974,0.0,11721308.6602026,11721308.6602026,0,False
2019-08-22,2019-08-21,2019-07-31,0.05082032289950576,0.5833333333333334,,1.673301138565979,7988529.289706696,0.0,11864719.710293304,11864719.710293304,0,False
2019-08-23,2019-08-22,2019-07-31,0.05082032289950576,0.5833333333333334,,1.6765620137200872,7989295.313063243,0.0,11808666.686936757,11808666.686936757,0,False
2019-08-26,2019-08-23,2019-07-31,0.05082032289950576,0.5833333333333334,,1.6875955757323897,7991593.603495768,0.0,11622520.39650423,11622520.39650423,0,False
2019-08-27,2019-08-26,2019-07-31,0.05082032289950576,0.5833333333333334,,1.6659322677044845,8350581.320710624,0.0,12539685.679289376,12539685.679289376,0,False
2019-08-28,2019-08-27,2019-07-31,0.05082032289950576,0.5833333333333334,,1.6659413187680618,8360287.150385212,0.0,12554089.849614788,12554089.849614788,0,False
2019-08-29,2019-08-28,2019-07-31,0.05082032289950576,0.5833333333333334,,1.6659549120649397,8587530.727625797,0.0,12895063.272374203,12895063.272374203,0,False
2019-08-30,2019-08-29,2019-07-31,0.05082032289950576,0.5833333333333334,,1.6749169250957374,8588354.189476391,0.0,12725053.810523609,12725053.810523609,0,False
2019-09-02,2019-08-30,2019-08-30,0.05489708547008547,0.7,,1.6680779737995994,8590824.81191446,0.0,12859015.18808554,12859015.18808554,0,False
2019-09-03,2019-09-02,2019-08-30,0.05489708547008547,0.7,,1.670213225349456,8591648.58963615,0.0,12819276.41036385,12819276.41036385,0,False
2019-09-04,2019-09-03,2019-08-30,0.05489708547008547,0.7,,1.6659499805159121,8626776.789340226,0.0,12954091.210659774,12954091.210659774,0,False
2019-09-05,2019-09-04,2019-08-30,0.05489708547008547,0.7,,1.6659908324157864,8996680.608471807,0.0,13508715.391528193,13508715.391528193,0,False
2019-09-06,2019-09-05,2019-08-30,0.05489708547008547,0.7,,1.6659763484834007,9232065.09843262,0.0,13862451.90156738,13862451.90156738,0,False
2019-09-09,2019-09-06,2019-08-30,0.05489708547008547,0.7,,1.6659718802164019,9295777.613481484,0.0,13958213.386518516,13958213.386518516,0,False
2019-09-10,2019-09-09,2019-08-30,0.05489708547008547,0.7,,1.671016772935752,9296668.989417024,0.0,13854600.010582976,13854600.010582976,0,False
2019-09-11,2019-09-10,2019-08-30,0.05489708547008547,0.7,,1.6886246514147047,9297560.450826967,0.0,13501637.549173033,13501637.549173033,0,False
2019-09-12,2019-09-11,2019-08-30,0.05489708547008547,0.7,,1.6746128000127882,9298451.997719511,0.0,13783391.002280489,13783391.002280489,0,False
2019-09-16,2019-09-12,2019-08-30,0.05489708547008547,0.7,,1.6847876800533843,9302018.527252883,0.0,13583799.472747117,13583799.472747117,0,False
2019-09-17,2019-09-16,2019-08-30,0.05489708547008547,0.7,,1.7074643071611686,9302910.501632208,0.0,13149653.498367792,13149653.498367792,0,False
2019-09-18,2019-09-17,2019-08-30,0.05489708547008547,0.7,,1.7122801771397702,9303802.561543323,0.0,13061998.438456677,13061998.438456677,0,False
2019-09-19,2019-09-18,2019-08-30,0.05489708547008547,0.7,,1.6669887342958922,8658890.26149443,0.0,12982063.73850557,12982063.73850557,0,False
2019-09-20,2019-09-19,2019-08-30,0.05489708547008547,0.7,,1.666126399984546,8538425.983017325,153.00021727328829,12817797.017199948,12817797.017199948,0,False
2019-09-23,2019-09-20,2019-08-30,0.05489708547008547,0.7,,1.677064726886149,8540729.242329413,0.0,12614346.757670587,12614346.757670587,0,False
2019-09-24,2019-09-23,2019-08-30,0.05489708547008547,0.7,,1.6821202270484963,8541548.216366349,0.0,12522056.783633651,12522056.783633651,0,False
2019-09-25,2019-09-24,2019-08-30,0.05489708547008547,0.7,,1.673556972968528,8542367.268935042,0.0,12682471.731064958,12682471.731064958,0,False
2019-09-26,2019-09-25,2019-08-30,0.05489708547008547,0.7,,1.6661200251121775,8245523.289571348,257.1030783257447,12378048.813506976,12378048.813506976,0,False
2019-09-27,2019-09-26,2019-08-30,0.05489708547008547,0.7,,1.6739133858184445,8246056.853109831,0.0,12236078.146890169,12236078.146890169,0,False
2019-09-30,2019-09-27,2019-08-30,0.05489708547008547,0.7,,1.677152656390447,8248429.006451136,0.0,12181047.993548863,12181047.993548863,0,False
2019-10-08,2019-09-30,2019-09-30,0.05391323208191126,0.6666666666666666,,1.6748046403080734,8254756.568428688,0.0,12232809.431571312,12232809.431571312,0,False
2019-10-09,2019-10-08,2019-09-30,0.05391323208191126,0.6666666666666666,,1.6826816935404048,8255548.1204284,0.0,12092821.8795716,12092821.8795716,0,False
2019-10-10,2019-10-09,2019-09-30,0.05391323208191126,0.6666666666666666,,1.6778810403607762,8256339.748330359,0.0,12179629.251669642,12179629.251669642,0,False
2019-10-11,2019-10-10,2019-09-30,0.05391323208191126,0.6666666666666666,,1.6701409574528243,8257131.452141843,0.0,12321484.547858156,12321484.547858156,0,False
2019-10-14,2019-10-11,2019-09-30,0.05391323208191126,0.6666666666666666,,1.6659542555130158,8348535.442966705,0.0,12536199.557033295,12536199.557033295,0,False
2019-10-15,2019-10-14,2019-09-30,0.05391323208191126,0.6666666666666666,,1.6812348824339358,8349335.987461236,0.0,12256178.012538765,12256178.012538765,0,False
2019-10-16,2019-10-15,2019-09-30,0.05391323208191126,0.6666666666666666,,1.6791539216619862,8350136.608720308,0.0,12294910.391279692,12294910.391279692,0,False
2019-10-17,2019-10-16,2019-09-30,0.05391323208191126,0.6666666666666666,,1.687104554425817,8350937.306751281,0.0,12153808.693248719,12153808.693248719,0,False
2019-10-18,2019-10-17,2019-09-30,0.05391323208191126,0.6666666666666666,,1.471303913760367,7987718.89768003,2336690.7707385123,11990199.873058483,11990199.873058483,0,False
2019-10-21,2019-10-18,2019-09-30,0.05391323208191126,0.6666666666666666,,1.6659862036984887,8060842.761604686,0.0,12103618.238395315,12103618.238395315,0,False
2019-10-22,2019-10-21,2019-09-30,0.05391323208191126,0.6666666666666666,,1.6659724872489918,8094105.043919772,0.0,12153812.956080228,12153812.956080228,0,False
2019-10-23,2019-10-22,2019-09-30,0.05391323208191126,0.6666666666666666,,1.672096878297538,8094881.190978778,0.0,12044217.809021223,12044217.809021223,0,False
2019-10-24,2019-10-23,2019-09-30,0.05391323208191126,0.6666666666666666,,1.685720237462437,8095657.4124628445,0.0,11806064.587537155,11806064.587537155,0,False
2019-10-25,2019-10-24,2019-09-30,0.05391323208191126,0.6666666666666666,,1.6659553507111042,8112020.864199108,0.0,12181028.13580089,12181028.13580089,0,False
2019-10-28,2019-10-25,2019-09-30,0.05391323208191126,0.6666666666666666,,1.6659994256267279,8132111.636662234,0.0,12210388.363337766,12210388.363337766,0,False
2019-10-29,2019-10-28,2019-09-30,0.05391323208191126,0.6666666666666666,,1.665966725768431,8233483.492099036,0.0,12363205.507900964,12363205.507900964,0,False
2019-10-30,2019-10-29,2019-09-30,0.05391323208191126,0.6666666666666666,,1.6659928502035553,8191692.771192999,267.7624382812344,12299568.991245285,12299568.991245285,0,False
2019-10-31,2019-10-30,2019-09-30,0.05391323208191126,0.6666666666666666,,1.6659938145042954,8301802.423790996,0.0,12465284.576209005,12465284.576209005,0,False
2019-11-01,2019-10-31,2019-10-31,0.052809802913453295,0.65,,1.6659624473774737,8470411.798437113,0.0,12719053.201562887,12719053.201562887,0,False
2019-11-04,2019-11-01,2019-10-31,0.052809802913453295,0.65,,1.6659890931986185,8798259.221042143,0.0,13210815.778957857,13210815.778957857,0,False
2019-11-05,2019-11-04,2019-10-31,0.052809802913453295,0.65,,1.6681132400414045,8799102.889734572,0.0,13170077.110265428,13170077.110265428,0,False
2019-11-06,2019-11-05,2019-10-31,0.052809802913453295,0.65,,1.6666032176906649,8799946.639326738,0.0,13201176.360673262,13201176.360673262,0,False
2019-11-07,2019-11-06,2019-10-31,0.052809802913453295,0.65,,1.6700205376812138,8800790.4698264,0.0,13135105.5301736,13135105.5301736,0,False
2019-11-08,2019-11-07,2019-10-31,0.052809802913453295,0.65,,1.6721095369809407,8801634.381241316,0.0,13095535.618758684,13095535.618758684,0,False
2019-11-11,2019-11-08,2019-10-31,0.052809802913453295,0.65,,1.693605416790572,8804166.358255098,0.0,12693335.641744902,12693335.641744902,0,False
2019-11-12,2019-11-11,2019-10-31,0.052809802913453295,0.65,,1.6790143789927727,8805010.59338534,0.0,12967340.40661466,12967340.40661466,0,False
2019-11-13,2019-11-12,2019-10-31,0.052809802913453295,0.65,,1.674333089465322,8805854.909469638,0.0,13058613.090530362,13058613.090530362,0,False
2019-11-14,2019-11-13,2019-10-31,0.052809802913453295,0.65,,1.6714014405022402,8806699.306515751,0.0,13116890.693484249,13116890.693484249,0,False
2019-11-15,2019-11-14,2019-10-31,0.052809802913453295,0.65,,1.6965506409338726,8807543.784531444,0.0,12644513.215468556,12644513.215468556,0,False
2019-11-18,2019-11-15,2019-10-31,0.052809802913453295,0.65,,1.6798405726401817,8810077.461510556,0.0,12959034.538489444,12959034.538489444,0,False
2019-11-19,2019-11-18,2019-10-31,0.052809802913453295,0.65,,1.6660933601033372,8810922.26345892,0.0,13227758.73654108,13227758.73654108,0,False
2019-11-20,2019-11-19,2019-10-31,0.052809802913453295,0.65,,1.6752817621125762,8811767.14641569,0.0,13049022.85358431,13049022.85358431,0,False
2019-11-21,2019-11-20,2019-10-31,0.052809802913453295,0.65,,1.6738882751263064,8812612.110388635,0.0,13077259.889611365,13077259.889611365,0,False
2019-11-22,2019-11-21,2019-10-31,0.052809802913453295,0.65,,1.6700435927298602,8813457.155385522,0.0,13153557.844614478,13153557.844614478,0,False
2019-11-25,2019-11-22,2019-10-31,0.052809802913453295,0.65,,1.6659702503991423,9093053.944531318,0.0,13653844.055468682,13653844.055468682,0,False
2019-11-26,2019-11-25,2019-10-31,0.052809802913453295,0.65,,1.66599315052033,9377984.849390931,0.0,14081203.150609069,14081203.150609069,0,False
2019-11-27,2019-11-26,2019-10-31,0.052809802913453295,0.65,,1.6733292202052432,9378884.108212106,0.0,13929120.891787894,13929120.891787894,0,False
2019-11-28,2019-11-27,2019-10-31,0.052809802913453295,0.65,,1.6805224938343197,9379783.453263579,0.0,13783208.546736421,13783208.546736421,0,False
2019-11-29,2019-11-28,2019-10-31,0.052809802913453295,0.65,,1.6976163784845433,9380682.884553619,0.0,13446764.115446381,13446764.115446381,0,False
2019-12-02,2019-11-29,2019-11-29,0.055610034904013964,0.7666666666666667,,1.694796247860778,9383381.437164243,0.0,13505227.562835757,13505227.562835757,0,False
2019-12-03,2019-12-02,2019-11-29,0.055610034904013964,0.7666666666666667,,1.6874675047075298,9384281.213466438,0.0,13650508.786533562,13650508.786533562,0,False
2019-12-04,2019-12-03,2019-11-29,0.055610034904013964,0.7666666666666667,,1.68515914279988,9385181.076048551,0.0,13697811.923951449,13697811.923951449,0,False
2019-12-05,2019-12-04,2019-11-29,0.055610034904013964,0.7666666666666667,,1.6760093123522268,9386081.024918858,0.0,13884543.975081142,13884543.975081142,0,False
2019-12-06,2019-12-05,2019-11-29,0.055610034904013964,0.7666666666666667,,1.6753171342742437,9386981.060085632,0.0,13900107.939914368,13900107.939914368,0,False
2019-12-09,2019-12-06,2019-11-29,0.055610034904013964,0.7666666666666667,,1.680798441484205,9389681.424500177,0.0,13792160.575499823,13792160.575499823,0,False
2019-12-10,2019-12-09,2019-11-29,0.055610034904013964,0.7666666666666667,,1.6713746014582422,9390581.804910745,0.0,13987097.195089255,13987097.195089255,0,False
2019-12-11,2019-12-10,2019-11-29,0.055610034904013964,0.7666666666666667,,1.6665661500261022,9391482.271659162,0.0,14089347.728340838,14089347.728340838,0,False
2019-12-12,2019-12-11,2019-11-29,0.055610034904013964,0.7666666666666667,,1.665999473056945,9483390.563433707,0.0,14239336.436566293,14239336.436566293,0,False
2019-12-13,2019-12-12,2019-11-29,0.055610034904013964,0.7666666666666667,,1.665961718689847,9532905.41560212,0.0,14314494.58439788,14314494.58439788,0,False
2019-12-16,2019-12-13,2019-11-29,0.055610034904013964,0.7666666666666667,,1.6659874007225415,9647434.927955922,0.0,14485912.072044078,14485912.072044078,0,False
2019-12-17,2019-12-16,2019-11-29,0.055610034904013964,0.7666666666666667,,1.6659658304151594,9735549.614255862,0.0,14618692.385744138,14618692.385744138,0,False
2019-12-18,2019-12-17,2019-11-29,0.055610034904013964,0.7666666666666667,,1.6773320250600707,9736483.160109283,0.0,14374756.839890717,14374756.839890717,0,False
2019-12-19,2019-12-18,2019-11-29,0.055610034904013964,0.7666666666666667,,1.6799313587390996,9737416.7954808,0.0,14321176.2045192,14321176.2045192,0,False
2019-12-20,2019-12-19,2019-11-29,0.055610034904013964,0.7666666666666667,,1.675007321093713,9738350.520378998,0.0,14427029.479621002,14427029.479621002,0,False
2019-12-23,2019-12-20,2019-11-29,0.055610034904013964,0.7666666666666667,,1.6661007016682052,9565863.918189533,586.7088801523205,14360106.79069062,14360106.79069062,0,False
2019-12-24,2019-12-23,2019-11-29,0.055610034904013964,0.7666666666666667,,1.6659861063990893,9620206.361441672,0.0,14445055.638558328,14445055.638558328,0,False
2019-12-25,2019-12-24,2019-11-29,0.055610034904013964,0.7666666666666667,,1.6659965249995115,9738274.66876318,0.0,14622110.33123682,14622110.33123682,0,False
2019-12-26,2019-12-25,2019-11-29,0.055610034904013964,0.7666666666666667,,1.6799730677436726,10091254.730546486,0.0,14840668.269453514,14840668.269453514,0,False
2019-12-27,2019-12-26,2019-11-29,0.055610034904013964,0.7666666666666667,,1.6659936241503932,10318945.143339688,0.0,15494059.956660314,15494059.956660314,0,False
2019-12-30,2019-12-27,2019-11-29,0.055610034904013964,0.7666666666666667,,1.6659961777134284,10543066.686201058,0.0,15830521.313798942,15830521.313798942,0,False
2019-12-31,2019-12-30,2019-11-29,0.055610034904013964,0.7666666666666667,,1.6659698276688764,10861906.532088364,0.0,16309907.867911635,16309907.867911635,0,False
2020-01-02,2019-12-31,2019-12-31,0.04993581300813008,0.55,,1.6659687070124343,10982433.483910682,0.0,16490915.216089318,16490915.216089318,0,False
2020-01-03,2020-01-02,2019-12-31,0.04993581300813008,0.55,,1.6659889579432248,11105109.880520783,0.0,16674615.619479217,16674615.619479217,0,False
2020-01-06,2020-01-03,2019-12-31,0.04993581300813008,0.55,,1.668278313608612,11108304.501171345,0.0,16622272.898828654,16622272.898828654,0,False
2020-01-07,2020-01-06,2019-12-31,0.04993581300813008,0.55,,1.672255433382838,11109369.681055019,0.0,16525518.618944982,16525518.618944982,0,False
2020-01-08,2020-01-07,2019-12-31,0.04993581300813008,0.55,,1.6819122699584441,11110434.963079229,0.0,16293056.23692077,16293056.23692077,0,False
2020-01-09,2020-01-08,2019-12-31,0.04993581300813008,0.55,,1.6761415101245736,11111500.347253771,0.0,16433690.552746227,16433690.552746227,0,False
2020-01-10,2020-01-09,2019-12-31,0.04993581300813008,0.55,,1.6782752349071057,11112565.83358844,0.0,16383564.16641156,16383564.16641156,0,False
2020-01-13,2020-01-10,2019-12-31,0.04993581300813008,0.55,,1.679355251602647,11115762.599102212,0.0,16362223.700897789,16362223.700897789,0,False
2020-01-14,2020-01-13,2019-12-31,0.04993581300813008,0.55,,1.665985271136448,11469942.152645962,0.0,17222516.247354038,17222516.247354038,0,False
2020-01-15,2020-01-14,2019-12-31,0.04993581300813008,0.55,,1.6940373238202273,11471042.010112654,0.0,16527990.089887347,16527990.089887347,0,False
2020-01-16,2020-01-15,2019-12-31,0.04993581300813008,0.55,,1.6902917428782207,11472141.973045131,0.0,16619265.82695487,16619265.82695487,0,False
2020-01-17,2020-01-16,2019-12-31,0.04993581300813008,0.55,,1.6659975023475055,11098475.653791966,416.591978461096,16663814.838186493,16663814.838186493,0,False
2020-01-20,2020-01-17,2019-12-31,0.04993581300813008,0.55,,1.6660099656060963,11465457.038257882,0.0,17215143.361742117,17215143.361742117,0,False
2020-01-21,2020-01-20,2019-12-31,0.04993581300813008,0.55,,1.6659971514530232,11200480.996880356,371.56060524416387,16817053.06372489,16817053.06372489,0,False
2020-01-22,2020-01-21,2019-12-31,0.04993581300813008,0.55,,1.6659675343852647,11365258.37552084,0.0,17065784.42447916,17065784.42447916,0,False
2020-01-23,2020-01-22,2019-12-31,0.04993581300813008,0.55,,1.7146212197175998,11364530.125057124,0.0,15902872.474942878,15902872.474942878,0,False
2020-02-03,2020-01-23,2020-01-23,0.053680040133779264,0.6833333333333333,,1.8393353491770577,11376517.369161636,0.0,13554197.830838364,13554197.830838364,0,False
2020-02-04,2020-02-03,2020-01-23,0.053680040133779264,0.6833333333333333,,1.8095732797985145,11377608.268087445,0.0,14053833.731912555,14053833.731912555,0,False
2020-02-05,2020-02-04,2020-01-23,0.053680040133779264,0.6833333333333333,,1.8140367750255328,11378699.271620002,0.0,13978114.52838,13978114.52838,0,False
2020-02-06,2020-02-05,2020-01-23,0.053680040133779264,0.6833333333333333,,1.812612657972768,11379790.379769335,0.0,14003954.120230665,14003954.120230665,0,False
2020-02-07,2020-02-06,2020-01-23,0.053680040133779264,0.6833333333333333,,1.8345831802734234,11380881.592545478,0.0,13636605.507454524,13636605.507454524,0,False
2020-02-10,2020-02-07,2020-01-23,0.053680040133779264,0.6833333333333333,,1.7900115357293513,11384155.544784429,0.0,14410113.055215573,14410113.055215573,0,False
2020-02-11,2020-02-10,2020-01-23,0.053680040133779264,0.6833333333333333,,1.7975535914156182,11385247.176138038,0.0,14275212.72386196,14275212.72386196,0,False
2020-02-12,2020-02-11,2020-01-23,0.053680040133779264,0.6833333333333333,,1.754658025213628,11386338.912168626,0.0,15088077.687831376,15088077.687831376,0,False
2020-02-13,2020-02-12,2020-01-23,0.053680040133779264,0.6833333333333333,,1.722019263880868,11387430.75288623,0.0,15771643.94711377,15771643.94711377,0,False
2020-02-14,2020-02-13,2020-01-23,0.053680040133779264,0.6833333333333333,,1.6920977349761896,11388522.69830089,0.0,16455078.701699108,16455078.701699108,0,False
2020-02-17,2020-02-14,2020-01-23,0.053680040133779264,0.6833333333333333,,1.6659747378172132,11453108.447246157,0.0,17197511.85275384,17197511.85275384,0,False
2020-02-18,2020-02-17,2020-01-23,0.053680040133779264,0.6833333333333333,,1.6897697308467128,11454206.69052192,0.0,16605841.30947808,16605841.30947808,0,False
2020-02-19,2020-02-18,2020-01-23,0.053680040133779264,0.6833333333333333,,1.6974861737254152,11455305.039108682,0.0,16423701.960891318,16423701.960891318,0,False
2020-02-20,2020-02-19,2020-01-23,0.053680040133779264,0.6833333333333333,,1.6701104597088225,11456403.493016543,0.0,17096291.10698346,17096291.10698346,0,False
2020-02-21,2020-02-20,2020-01-23,0.053680040133779264,0.6833333333333333,,1.6676006307265552,11457502.052255599,0.0,17162209.747744404,17162209.747744404,0,False
2020-02-24,2020-02-21,2020-01-23,0.053680040133779264,0.6833333333333333,,1.686062584745247,11460798.045996659,0.0,16705178.65400334,16705178.65400334,0,False
2020-02-25,2020-02-24,2020-01-23,0.053680040133779264,0.6833333333333333,,1.6659257543130115,11778576.857581206,0.0,17687522.642418794,17687522.642418794,0,False
2020-02-26,2020-02-25,2020-01-23,0.053680040133779264,0.6833333333333333,,1.7058475926036614,11779706.31015659,0.0,16688739.08984341,16688739.08984341,0,False
2020-02-27,2020-02-26,2020-01-23,0.053680040133779264,0.6833333333333333,,1.7003392885721558,11780835.871035645,0.0,16821612.128964357,16821612.128964357,0,False
2020-02-28,2020-02-27,2020-01-23,0.053680040133779264,0.6833333333333333,,1.7797187745358005,11781965.540228758,0.0,15110532.059771243,15110532.059771243,0,False
2020-03-02,2020-02-28,2020-02-28,0.05905442350907519,0.8666666666666667,,1.7198074556351495,11785354.872781426,0.0,16372926.927218571,16372926.927218571,0,False
2020-03-03,2020-03-02,2020-02-28,0.05905442350907519,0.8666666666666667,,1.7174977608844892,11786484.975303473,0.0,16427208.024696527,16427208.024696527,0,False
2020-03-04,2020-03-03,2020-02-28,0.05905442350907519,0.8666666666666667,,1.7054218445416198,11787615.186191516,0.0,16710022.913808485,16710022.913808485,0,False
2020-03-05,2020-03-04,2020-02-28,0.05905442350907519,0.8666666666666667,,1.6891433643932456,11788745.505455945,0.0,17106375.994544055,17106375.994544055,0,False
2020-03-06,2020-03-05,2020-02-28,0.05905442350907519,0.8666666666666667,,1.6925696769454583,11789875.933107153,0.0,17023378.766892847,17023378.766892847,0,False
2020-03-09,2020-03-06,2020-02-28,0.05905442350907519,0.8666666666666667,,1.7729940131874171,11793267.541252293,0.0,15256609.158747707,15256609.158747707,0,False
2020-03-10,2020-03-09,2020-02-28,0.05905442350907519,0.8666666666666667,,1.7502346108325038,11794398.402523372,0.0,15720946.797476627,15720946.797476627,0,False
2020-03-11,2020-03-10,2020-02-28,0.05905442350907519,0.8666666666666667,,1.7740463930801176,11795529.372233203,0.0,15238788.627766797,15238788.627766797,0,False
2020-03-12,2020-03-11,2020-02-28,0.05905442350907519,0.8666666666666667,,1.8230962049979365,11796660.450392185,0.0,14332055.449607814,14332055.449607814,0,False
2020-03-13,2020-03-12,2020-02-28,0.05905442350907519,0.8666666666666667,,1.8689692196262948,11797791.637010716,0.0,13576765.862989284,13576765.862989284,0,False
2020-03-16,2020-03-13,2020-02-28,0.05905442350907519,0.8666666666666667,,1.9836342327293306,11801185.522276158,0.0,11997534.377723841,11997534.377723841,0,False
2020-03-17,2020-03-16,2020-02-28,0.05905442350907519,0.8666666666666667,,2.0420467440681125,11802317.14280569,0.0,11326091.85719431,11326091.85719431,0,False
2020-03-18,2020-03-17,2020-02-28,0.05905442350907519,0.8666666666666667,,2.082217238554251,11803448.87184678,0.0,10906727.82815322,10906727.82815322,0,False
2020-03-19,2020-03-18,2020-02-28,0.05905442350907519,0.8666666666666667,,2.1566396122557068,11804580.709409835,0.0,10205928.090590166,10205928.090590166,0,False
2020-03-20,2020-03-19,2020-02-28,0.05905442350907519,0.8666666666666667,,2.1479268719166202,11805712.655505259,0.0,10284376.944494743,10284376.944494743,0,False
2020-03-23,2020-03-20,2020-02-28,0.05905442350907519,0.8666666666666667,,1.6685445754059522,5861881.842189855,0.0,8768124.157810144,8768124.157810144,0,False
2020-03-24,2020-03-23,2020-02-28,0.05905442350907519,0.8666666666666667,,1.665577601182854,6272364.026698695,0.0,9423940.973301306,9423940.973301306,0,False
2020-03-25,2020-03-24,2020-02-28,0.05905442350907519,0.8666666666666667,,1.6659271376626787,6732504.029942899,0.0,10109970.9700571,10109970.9700571,0,False
2020-03-26,2020-03-25,2020-02-28,0.05905442350907519,0.8666666666666667,,1.674476383449876,6733149.612521113,0.0,9982780.387478888,9982780.387478888,0,False
2020-03-27,2020-03-26,2020-02-28,0.05905442350907519,0.8666666666666667,,1.66559608680389,6778456.703564505,0.0,10184039.296435494,10184039.296435494,0,False
2020-03-30,2020-03-27,2020-02-28,0.05905442350907519,0.8666666666666667,,1.690891221006236,6780406.670561421,0.0,9814000.329438578,9814000.329438578,0,False
2020-03-31,2020-03-30,2020-02-28,0.05905442350907519,0.8666666666666667,,1.6659997371252,6858205.331943529,0.0,10297609.668056471,10297609.668056471,0,False
2020-04-01,2020-03-31,2020-03-31,0.06626689861751152,0.95,,1.6728833619948318,6858862.968071249,0.0,10193242.031928752,10193242.031928752,0,False
2020-04-02,2020-04-01,2020-03-31,0.06626689861751152,0.95,,1.6681594266729558,6859520.667259969,0.0,10266293.332740031,10266293.332740031,0,False
2020-04-03,2020-04-02,2020-03-31,0.06626689861751152,0.95,,1.6658677314787829,6903879.866475733,0.0,10368245.133524267,10368245.133524267,0,False
2020-04-07,2020-04-03,2020-03-31,0.06626689861751152,0.95,,1.6660005706013625,7103069.547186162,0.0,10665260.452813838,10665260.452813838,0,False
2020-04-08,2020-04-07,2020-03-31,0.06626689861751152,0.95,,1.6764285447056138,7103750.663444112,0.0,10501849.336555887,10501849.336555887,0,False
2020-04-09,2020-04-08,2020-03-31,0.06626689861751152,0.95,,1.6766951679373323,7104431.84501458,0.0,10498718.15498542,10498718.15498542,0,False
2020-04-10,2020-04-09,2020-03-31,0.06626689861751152,0.95,,1.686840126081448,7105113.091903827,0.0,10344638.908096172,10344638.908096172,0,False
2020-04-13,2020-04-10,2020-03-31,0.06626689861751152,0.95,,1.6944310875057071,7107157.028546704,0.0,10234502.971453296,10234502.971453296,0,False
2020-04-14,2020-04-13,2020-03-31,0.06626689861751152,0.95,,1.665562510826767,7107838.536754921,0.0,10679445.463245079,10679445.463245079,0,False
2020-04-15,2020-04-14,2020-03-31,0.06626689861751152,0.95,,1.6834635824320334,7108520.11031324,0.0,10400729.88968676,10400729.88968676,0,False
2020-04-16,2020-04-15,2020-03-31,0.06626689861751152,0.95,,1.6974366153484979,7109201.749227928,0.0,10193330.250772072,10193330.250772072,0,False
2020-04-17,2020-04-16,2020-03-31,0.06626689861751152,0.95,,1.6738395349630362,7109883.453505252,0.0,10551300.546494748,10551300.546494748,0,False
2020-04-20,2020-04-17,2020-03-31,0.06626689861751152,0.95,,1.6702578665116135,7111928.762443931,0.0,10610735.23755607,10610735.23755607,0,False
2020-04-21,2020-04-20,2020-03-31,0.06626689861751152,0.95,,1.6971279010848694,7112610.728215672,0.0,10202734.271784328,10202734.271784328,0,False
2020-04-22,2020-04-21,2020-03-31,0.06626689861751152,0.95,,1.686835735513164,7113292.759381391,0.0,10356614.240618609,10356614.240618609,0,False
2020-04-23,2020-04-22,2020-03-31,0.06626689861751152,0.95,,1.6974161644742083,7113974.855947359,0.0,10200473.14405264,10200473.14405264,0,False
2020-04-24,2020-04-23,2020-03-31,0.06626689861751152,0.95,,1.6728613590976869,7114657.017919848,0.0,10573733.982080152,10573733.982080152,0,False
2020-04-27,2020-04-24,2020-03-31,0.06626689861751152,0.95,,1.692555471933058,7116703.700075688,0.0,10276005.299924312,10276005.299924312,0,False
2020-04-28,2020-04-27,2020-03-31,0.06626689861751152,0.95,,1.6833344574337554,7117386.123718161,0.0,10415669.876281839,10415669.876281839,0,False
2020-04-29,2020-04-28,2020-03-31,0.06626689861751152,0.95,,1.6729140198697001,7118068.612798518,0.0,10577976.387201482,10577976.387201482,0,False
2020-04-30,2020-04-29,2020-03-31,0.06626689861751152,0.95,,1.6655197086030447,7292654.294563033,0.0,10957833.705436967,10957833.705436967,0,False
2020-05-06,2020-04-30,2020-04-30,0.05958176720475786,0.9,,1.6656565129737007,7356446.623166754,0.0,11051415.376833245,11051415.376833245,0,False
2020-05-07,2020-05-06,2020-04-30,0.05958176720475786,0.9,,1.6655689235070545,7491146.773656647,0.0,11255253.226343352,11255253.226343352,0,False
2020-05-08,2020-05-07,2020-04-30,0.05958176720475786,0.9,,1.6655391087122613,7607492.820449326,0.0,11430572.179550674,11430572.179550674,0,False
2020-05-11,2020-05-08,2020-04-30,0.05958176720475786,0.9,,1.665692115382016,7653051.710938086,0.0,11496383.289061915,11496383.289061915,0,False
2020-05-12,2020-05-11,2020-04-30,0.05958176720475786,0.9,,1.6714541155854075,7653785.5652117375,0.0,11398821.434788262,11398821.434788262,0,False
2020-05-13,2020-05-12,2020-04-30,0.05958176720475786,0.9,,1.6663793626457855,7654519.4898549775,0.0,11486729.510145023,11486729.510145023,0,False
2020-05-14,2020-05-13,2020-04-30,0.05958176720475786,0.9,,1.6836470280297242,7655253.484874553,0.0,11197669.515125446,11197669.515125446,0,False
2020-05-15,2020-05-14,2020-04-30,0.05958176720475786,0.9,,1.665823195568595,7431839.021515377,1976.3535381642305,11158912.332022786,11158912.332022786,0,False
2020-05-18,2020-05-15,2020-04-30,0.05958176720475786,0.9,,1.6658272141221824,7521095.393621073,0.0,11295866.606378928,11295866.606378928,0,False
2020-05-19,2020-05-18,2020-04-30,0.05958176720475786,0.9,,1.6659866149273135,7963245.146349229,0.0,11957064.853650771,11957064.853650771,0,False
2020-05-20,2020-05-19,2020-04-30,0.05958176720475786,0.9,,1.6659928962728365,7732374.055697546,99.59909866788075,11610145.543401122,11610145.543401122,0,False
2020-05-21,2020-05-20,2020-04-30,0.05958176720475786,0.9,,1.683028930806086,7733015.917124768,0.0,11321652.082875233,11321652.082875233,0,False
2020-05-22,2020-05-21,2020-04-30,0.05958176720475786,0.9,,1.6659589461881268,7137686.209493458,716.5220844455299,10716831.312590986,10716831.312590986,0,False
2020-05-25,2020-05-22,2020-04-30,0.05958176720475786,0.9,,1.6659346130096118,7201171.504910785,0.0,10813631.495089214,10813631.495089214,0,False
2020-05-26,2020-05-25,2020-04-30,0.05958176720475786,0.9,,1.6659558125062413,7460280.451105776,0.0,11202365.548894223,11202365.548894223,0,False
2020-05-27,2020-05-26,2020-04-30,0.05958176720475786,0.9,,1.682784173992637,7460995.820464102,0.0,10927312.1795359,10927312.1795359,0,False
2020-05-28,2020-05-27,2020-04-30,0.05958176720475786,0.9,,1.6829794905935385,7461711.258419489,0.0,10925234.741580512,10925234.741580512,0,False
2020-05-29,2020-05-28,2020-04-30,0.05958176720475786,0.9,,1.6659753101018626,7473387.874488515,0.0,11221719.125511486,11221719.125511486,0,False
2020-06-01,2020-05-29,2020-05-29,0.05915389655172415,0.8333333333333334,,1.665975388583714,7761101.616472135,0.0,11653736.383527864,11653736.383527864,0,False
2020-06-02,2020-06-01,2020-05-29,0.05915389655172415,0.8333333333333334,,1.6697595745701483,7761845.831695633,0.0,11589003.168304367,11589003.168304367,0,False
2020-06-03,2020-06-02,2020-05-29,0.05915389655172415,0.8333333333333334,,1.6659935037476827,7846655.325292234,0.0,11781879.674707767,11781879.674707767,0,False
2020-06-04,2020-06-03,2020-05-29,0.05915389655172415,0.8333333333333334,,1.6728252866498343,7847407.744296029,0.0,11663366.25570397,11663366.25570397,0,False
2020-06-05,2020-06-04,2020-05-29,0.05915389655172415,0.8333333333333334,,1.6852106055636382,7848160.235449592,0.0,11453646.764550408,11453646.764550408,0,False
2020-06-08,2020-06-05,2020-05-29,0.05915389655172415,0.8333333333333334,,1.678584442291159,7850417.925380337,0.0,11568815.074619662,11568815.074619662,0,False
2020-06-09,2020-06-08,2020-05-29,0.05915389655172415,0.8333333333333334,,1.6746778812870982,7851170.705181401,0.0,11636917.294818599,11636917.294818599,0,False
2020-06-10,2020-06-09,2020-05-29,0.05915389655172415,0.8333333333333334,,1.6711754557958494,7851923.55716683,0.0,11698764.44283317,11698764.44283317,0,False
2020-06-11,2020-06-10,2020-05-29,0.05915389655172415,0.8333333333333334,,1.6700542980020594,7770221.809393544,0.0,11596406.190606456,11596406.190606456,0,False
2020-06-12,2020-06-11,2020-05-29,0.05915389655172415,0.8333333333333334,,1.6795784051627491,7770966.899156088,0.0,11434982.100843912,11434982.100843912,0,False
2020-06-15,2020-06-12,2020-05-29,0.05915389655172415,0.8333333333333334,,1.7018632745556999,7772467.760184612,0.0,11074048.239815388,11074048.239815388,0,False
2020-06-16,2020-06-15,2020-05-29,0.05915389655172415,0.8333333333333334,,1.6856030696886273,7762773.394812301,0.0,11322547.6051877,11322547.6051877,0,False
2020-06-17,2020-06-16,2020-05-29,0.05915389655172415,0.8333333333333334,,1.665988502648299,7467906.104951356,375.7354280453874,11212701.630476687,11212701.630476687,0,False
2020-06-18,2020-06-17,2020-05-29,0.05915389655172415,0.8333333333333334,,1.6659883743759107,7578005.196188717,0.0,11378584.803811282,11378584.803811282,0,False
2020-06-19,2020-06-18,2020-05-29,0.05915389655172415,0.8333333333333334,,1.6659364092879727,7643973.029961228,0.0,11478532.970038772,11478532.970038772,0,False
2020-06-22,2020-06-19,2020-05-29,0.05915389655172415,0.8333333333333334,,1.6723104510010272,7646171.981106834,0.0,11372978.018893167,11372978.018893167,0,False
2020-06-23,2020-06-22,2020-05-29,0.05915389655172415,0.8333333333333334,,1.6745555410952961,7646905.1756803645,0.0,11336212.824319635,11336212.824319635,0,False
2020-06-24,2020-06-23,2020-05-29,0.05915389655172415,0.8333333333333334,,1.6659943209672998,7840460.460520225,0.0,11772563.539479775,11772563.539479775,0,False
2020-06-29,2020-06-24,2020-05-29,0.05915389655172415,0.8333333333333334,,1.6843922534309865,7844219.585398557,0.0,11461584.414601443,11461584.414601443,0,False
2020-06-30,2020-06-29,2020-05-29,0.05915389655172415,0.8333333333333334,,1.675039738097829,7844971.770838252,0.0,11621496.229161747,11621496.229161747,0,False
2020-07-01,2020-06-30,2020-06-30,0.05254544426494346,0.5666666666666667,,1.6659745654920035,8142314.554335319,0.0,12226164.445664681,12226164.445664681,0,False
2020-07-02,2020-07-01,2020-06-30,0.05254544426494346,0.5666666666666667,,1.6659942590130197,8479617.23542409,0.0,12732267.76457591,12732267.76457591,0,False
2020-07-03,2020-07-02,2020-06-30,0.05254544426494346,0.5666666666666667,,1.6660004811714344,8566015.76276557,0.0,12861876.23723443,12861876.23723443,0,False
2020-07-06,2020-07-03,2020-06-30,0.05254544426494346,0.5666666666666667,,1.6659965261743532,9054053.366280885,0.0,13594745.633719115,13594745.633719115,0,False
2020-07-07,2020-07-06,2020-06-30,0.05254544426494346,0.5666666666666667,,1.6659936741543895,9055878.572649023,0.0,13597544.427350977,13597544.427350977,0,False
2020-07-08,2020-07-07,2020-06-30,0.05254544426494346,0.5666666666666667,,1.6660000108421948,9070924.08623695,0.0,13620005.91376305,13620005.91376305,0,False
2020-07-09,2020-07-08,2020-06-30,0.05254544426494346,0.5666666666666667,,1.6659928701439952,9279901.617675357,0.0,13933935.382324643,13933935.382324643,0,False
2020-07-10,2020-07-09,2020-06-30,0.05254544426494346,0.5666666666666667,,1.6699895933297608,9280683.471255133,0.0,13851981.528744867,13851981.528744867,0,False
2020-07-13,2020-07-10,2020-06-30,0.05254544426494346,0.5666666666666667,,1.6659883856415474,9651227.579551248,0.0,14491585.420448752,14491585.420448752,0,False
2020-07-14,2020-07-13,2020-06-30,0.05254544426494346,0.5666666666666667,,1.672860823709648,9652121.53973011,0.0,14344900.46026989,14344900.46026989,0,False
2020-07-15,2020-07-14,2020-06-30,0.05254544426494346,0.5666666666666667,,1.6659961548859015,9697855.43436118,0.0,14561428.56563882,14561428.56563882,0,False
2020-07-16,2020-07-15,2020-06-30,0.05254544426494346,0.5666666666666667,,1.7040457445433208,9698785.365704201,0.0,13775788.634295799,13775788.634295799,0,False
2020-07-17,2020-07-16,2020-06-30,0.05254544426494346,0.5666666666666667,,1.6659994533699671,9904267.80846872,0.0,14871285.19153128,14871285.19153128,0,False
2020-07-20,2020-07-17,2020-06-30,0.05254544426494346,0.5666666666666667,,1.6659987096806488,10855379.221229924,0.0,16299399.778770076,16299399.778770076,0,False
2020-07-21,2020-07-20,2020-06-30,0.05254544426494346,0.5666666666666667,,1.689510512853466,10856420.148004562,0.0,15745111.851995438,15745111.851995438,0,False
2020-07-22,2020-07-21,2020-06-30,0.05254544426494346,0.5666666666666667,,1.6659891421147477,10870861.308544097,0.0,16322880.691455903,16322880.691455903,0,False
2020-07-23,2020-07-22,2020-06-30,0.05254544426494346,0.5666666666666667,,1.679737359052481,10871903.71990245,0.0,15994271.28009755,15994271.28009755,0,False
2020-07-24,2020-07-23,2020-06-30,0.05254544426494346,0.5666666666666667,,1.7444336229075887,10872480.774488056,0.0,14605037.225511944,14605037.225511944,0,False
2020-07-27,2020-07-24,2020-06-30,0.05254544426494346,0.5666666666666667,,1.7214500271893078,10875608.474436881,0.0,15074652.525563119,15074652.525563119,0,False
2020-07-28,2020-07-27,2020-06-30,0.05254544426494346,0.5666666666666667,,1.691972774510847,10876651.341002923,0.0,15718322.658997077,15718322.658997077,0,False
2020-07-29,2020-07-28,2020-06-30,0.05254544426494346,0.5666666666666667,,1.6875756197375908,10877694.307569869,0.0,15820360.692430131,15820360.692430131,0,False
2020-07-30,2020-07-29,2020-06-30,0.05254544426494346,0.5666666666666667,,1.6776446392703401,10878737.374147307,0.0,16053749.625852693,16053749.625852693,0,False
2020-07-31,2020-07-30,2020-06-30,0.05254544426494346,0.5666666666666667,,1.674815992992694,10879780.540744828,0.0,16122588.459255172,16122588.459255172,0,False
2020-08-03,2020-07-31,2020-07-31,0.04348888953913679,0.21666666666666667,,1.6659967579141481,10951148.715236412,0.0,16443246.284763588,16443246.284763588,0,False
2020-08-04,2020-08-03,2020-07-31,0.04348888953913679,0.21666666666666667,,1.6685477497324324,10952198.82538719,0.0,16382074.17461281,16382074.17461281,0,False
2020-08-05,2020-08-04,2020-07-31,0.04348888953913679,0.21666666666666667,,1.6659998335870658,11174685.200353459,0.0,16778810.79964654,16778810.79964654,0,False
2020-08-06,2020-08-05,2020-07-31,0.04348888953913679,0.21666666666666667,,1.6659901688296401,11441261.734169655,0.0,17179325.265830345,17179325.265830345,0,False
2020-08-07,2020-08-06,2020-07-31,0.04348888953913679,0.21666666666666667,,1.6911651561648664,11442358.841459233,0.0,16555173.158540767,16555173.158540767,0,False
2020-08-10,2020-08-07,2020-07-31,0.04348888953913679,0.21666666666666667,,1.7069937264615287,11445650.478934174,0.0,16189182.521065826,16189182.521065826,0,False
2020-08-11,2020-08-10,2020-07-31,0.04348888953913679,0.21666666666666667,,1.7028695979657142,11446748.007062292,0.0,16285734.992937708,16285734.992937708,0,False
2020-08-12,2020-08-11,2020-07-31,0.04348888953913679,0.21666666666666667,,1.7071212909866411,11447845.640432833,0.0,16189366.359567167,16189366.359567167,0,False
2020-08-13,2020-08-12,2020-07-31,0.04348888953913679,0.21666666666666667,,1.666002866971817,10865837.699548779,302.65432289160094,16314546.954774113,16314546.954774113,0,False
2020-08-14,2020-08-13,2020-07-31,0.04348888953913679,0.21666666666666667,,1.665988453016723,10980997.25823831,0.0,16488269.74176169,16488269.74176169,0,False
2020-08-17,2020-08-14,2020-07-31,0.04348888953913679,0.21666666666666667,,1.6659952111415124,11046311.873447806,0.0,16586173.126552194,16586173.126552194,0,False
2020-08-18,2020-08-17,2020-07-31,0.04348888953913679,0.21666666666666667,,1.6659921478305677,11153468.640192932,0.0,16747147.359807068,16747147.359807068,0,False
2020-08-19,2020-08-18,2020-07-31,0.04348888953913679,0.21666666666666667,,1.6708143766312826,11154538.150884457,0.0,16628352.849115543,16628352.849115543,0,False
2020-08-20,2020-08-19,2020-07-31,0.04348888953913679,0.21666666666666667,,1.6847533771523138,11155607.764131801,0.0,16291424.235868199,16291424.235868199,0,False
2020-08-21,2020-08-20,2020-07-31,0.04348888953913679,0.21666666666666667,,1.683206899838584,11156677.479944801,0.0,16329866.520055199,16329866.520055199,0,False
2020-08-24,2020-08-21,2020-07-31,0.04348888953913679,0.21666666666666667,,1.6659967311524633,11233849.027600266,0.0,16867723.972399734,16867723.972399734,0,False
2020-08-25,2020-08-24,2020-07-31,0.04348888953913679,0.21666666666666667,,1.6660139409356691,10878504.442163887,144.0323637139869,16333532.590199826,16333532.590199826,0,False
2020-08-26,2020-08-25,2020-07-31,0.04348888953913679,0.21666666666666667,,1.6660174105270518,10513239.200994873,84.34685312266026,15785105.145858249,15785105.145858249,0,False
2020-08-27,2020-08-26,2020-07-31,0.04348888953913679,0.21666666666666667,,1.6660048563139904,10788603.206099244,0.0,16198985.793900756,16198985.793900756,0,False
2020-08-28,2020-08-27,2020-07-31,0.04348888953913679,0.21666666666666667,,1.665990781371275,11454490.799044348,0.0,17199173.20095565,17199173.20095565,0,False
2020-08-31,2020-08-28,2020-07-31,0.04348888953913679,0.21666666666666667,,1.6659991720866865,11155107.108928034,392.9652235490503,16748840.856295517,16748840.856295517,0,False
2020-09-01,2020-08-31,2020-08-31,0.03902715224913496,0.16666666666666666,,1.6660139807291374,11356093.49644945,0.0,17050833.50355055,17050833.50355055,0,False
2020-09-02,2020-09-01,2020-08-31,0.03902715224913496,0.16666666666666666,,1.6773736179287153,11357182.436921712,0.0,16766496.563078288,16766496.563078288,0,False
2020-09-03,2020-09-02,2020-08-31,0.03902715224913496,0.16666666666666666,,1.6716310952796585,11358271.481812924,0.0,16911473.518187076,16911473.518187076,0,False
2020-09-04,2020-09-03,2020-08-31,0.03902715224913496,0.16666666666666666,,1.6659957023501502,11437686.190253098,0.0,17173813.809746902,17173813.809746902,0,False
2020-09-07,2020-09-04,2020-08-31,0.03902715224913496,0.16666666666666666,,1.7142877014422375,11440976.483540704,0.0,16017322.516459296,16017322.516459296,0,False
2020-09-08,2020-09-07,2020-08-31,0.03902715224913496,0.16666666666666666,,1.6984961160255667,11442073.563477483,0.0,16381012.436522517,16381012.436522517,0,False
2020-09-09,2020-09-08,2020-08-31,0.03902715224913496,0.16666666666666666,,1.74513867012774,11443170.748613706,0.0,15357102.251386294,15357102.251386294,0,False
2020-09-10,2020-09-09,2020-08-31,0.03902715224913496,0.16666666666666666,,1.6558578106891328,10439365.492052998,160922.1418935348,15671755.649840537,15671755.649840537,0,False
2020-09-11,2020-09-10,2020-08-31,0.03902715224913496,0.16666666666666666,,1.665975772916077,10481482.606966646,0.0,15738534.393033354,15738534.393033354,0,False
2020-09-14,2020-09-11,2020-08-31,0.03902715224913496,0.16666666666666666,,1.6659757989144037,10780980.43749057,0.0,16188246.56250943,16188246.56250943,0,False
2020-09-15,2020-09-14,2020-08-31,0.03902715224913496,0.16666666666666666,,1.6659966551618752,10952925.02825526,0.0,16445915.97174474,16445915.97174474,0,False
2020-09-16,2020-09-15,2020-08-31,0.03902715224913496,0.16666666666666666,,1.6659944246877962,11030345.708557421,0.0,16562219.291442579,16562219.291442579,0,False
2020-09-17,2020-09-16,2020-08-31,0.03902715224913496,0.16666666666666666,,1.6659874498799239,11075316.008730434,0.0,16629916.991269566,16629916.991269566,0,False
2020-09-18,2020-09-17,2020-08-31,0.03902715224913496,0.16666666666666666,,1.6659614503140594,11338818.89065401,0.0,17026239.109345987,17026239.109345987,0,False
2020-09-21,2020-09-18,2020-08-31,0.03902715224913496,0.16666666666666666,,1.667164256236432,11342080.742663652,0.0,17000432.25733635,17000432.25733635,0,False
2020-09-22,2020-09-21,2020-08-31,0.03902715224913496,0.16666666666666666,,1.7118863025392745,11343168.339447195,0.0,15933960.660552805,15933960.660552805,0,False
2020-09-23,2020-09-22,2020-08-31,0.03902715224913496,0.16666666666666666,,1.7184315436532807,11344256.040520841,0.0,15790308.959479159,15790308.959479159,0,False
2020-09-24,2020-09-23,2020-08-31,0.03902715224913496,0.16666666666666666,,1.7417969990712068,11345343.84589459,0.0,15294405.15410541,15294405.15410541,0,False
2020-09-25,2020-09-24,2020-08-31,0.03902715224913496,0.16666666666666666,,1.7418107964253935,11346431.755578443,0.0,15295587.244421557,15295587.244421557,0,False
2020-09-28,2020-09-25,2020-08-31,0.03902715224913496,0.16666666666666666,,1.7313465165391335,11349695.797590323,0.0,15518903.202409677,15518903.202409677,0,False
2020-09-29,2020-09-28,2020-08-31,0.03902715224913496,0.16666666666666666,,1.7368604601110191,11350784.124584612,0.0,15404251.875415388,15404251.875415388,0,False
2020-09-30,2020-09-29,2020-08-31,0.03902715224913496,0.16666666666666666,,1.7570514022989252,11351872.555939024,0.0,14994850.444060976,14994850.444060976,0,False
2020-10-09,2020-09-30,2020-09-30,0.04061605335255949,0.18333333333333332,,1.7135078746744636,11361669.377459902,0.0,15923677.622540098,15923677.622540098,0,False
2020-10-12,2020-10-09,2020-09-30,0.04061605335255949,0.18333333333333332,,1.667135630938133,11364937.802897254,0.0,17035423.197102748,17035423.197102748,0,False
2020-10-13,2020-10-12,2020-09-30,0.04061605335255949,0.18333333333333332,,1.6659808907613092,11662380.186653696,0.0,17511583.813346304,17511583.813346304,0,False
2020-10-14,2020-10-13,2020-09-30,0.04061605335255949,0.18333333333333332,,1.668636938988575,11663498.497082554,0.0,17443694.502917446,17443694.502917446,0,False
2020-10-15,2020-10-14,2020-09-30,0.04061605335255949,0.18333333333333332,,1.670496614187518,11664616.914746657,0.0,17396981.085253343,17396981.085253343,0,False
2020-10-16,2020-10-15,2020-09-30,0.04061605335255949,0.18333333333333332,,1.6677445152088106,11665735.439656291,0.0,17470357.56034371,17470357.56034371,0,False
2020-10-19,2020-10-16,2020-09-30,0.04061605335255949,0.18333333333333332,,1.6797827115214123,11669091.33615263,0.0,17165913.663847372,17165913.663847372,0,False
2020-10-20,2020-10-19,2020-09-30,0.04061605335255949,0.18333333333333332,,1.6707544100711127,11670210.29011637,0.0,17398633.70988363,17398633.70988363,0,False
2020-10-21,2020-10-20,2020-09-30,0.04061605335255949,0.18333333333333332,,1.6788176651563982,11671329.351377066,0.0,17193614.648622934,17193614.648622934,0,False
2020-10-22,2020-10-21,2020-09-30,0.04061605335255949,0.18333333333333332,,1.6891171485537644,11672448.519945007,0.0,16938264.480054993,16938264.480054993,0,False
2020-10-23,2020-10-22,2020-09-30,0.04061605335255949,0.18333333333333332,,1.689578138762369,11673567.79583048,0.0,16928564.20416952,16928564.20416952,0,False
2020-10-26,2020-10-23,2020-09-30,0.04061605335255949,0.18333333333333332,,1.708537141357856,11676925.945470378,0.0,16480330.054529622,16480330.054529622,0,False
2020-10-27,2020-10-26,2020-09-30,0.04061605335255949,0.18333333333333332,,1.7005110991411974,11678045.650698025,0.0,16670750.349301975,16670750.349301975,0,False
2020-10-28,2020-10-27,2020-09-30,0.04061605335255949,0.18333333333333332,,1.6773647548506314,11679165.463294666,0.0,17242062.536705334,17242062.536705334,0,False
2020-10-29,2020-10-28,2020-09-30,0.04061605335255949,0.18333333333333332,,1.6660024244365224,11027135.570741782,308.581091183034,16556737.010349398,16556737.010349398,0,False
2020-10-30,2020-10-29,2020-09-30,0.04061605335255949,0.18333333333333332,,1.6660134208199622,10880705.47878269,129.47505051235203,16336871.996267824,16336871.996267824,0,False
2020-11-02,2020-10-30,2020-10-30,0.04002908045977011,0.18333333333333332,,1.666011655399823,11226496.957381826,0.0,16856307.042618174,16856307.042618174,0,False
2020-11-03,2020-11-02,2020-10-30,0.04002908045977011,0.18333333333333332,,1.665984259828875,11394061.782488698,0.0,17108605.217511304,17108605.217511304,0,False
2020-11-04,2020-11-03,2020-10-30,0.04002908045977011,0.18333333333333332,,1.665996637584842,11971913.759565514,0.0,17975937.240434486,17975937.240434486,0,False
2020-11-05,2020-11-04,2020-10-30,0.04002908045977011,0.18333333333333332,,1.6660006167765873,12104551.131995883,0.0,18174984.868004117,18174984.868004117,0,False
2020-11-06,2020-11-05,2020-10-30,0.04002908045977011,0.18333333333333332,,1.6660004211475745,12426377.029928403,0.0,18658211.9700716,18658211.9700716,0,False
2020-11-09,2020-11-06,2020-10-30,0.04002908045977011,0.18333333333333332,,1.6659805907542855,12900291.472808793,0.0,19370371.527191207,19370371.527191207,0,False
2020-11-10,2020-11-09,2020-10-30,0.04002908045977011,0.18333333333333332,,1.6659943731691549,13004972.81393961,0.0,19527151.18606039,19527151.18606039,0,False
2020-11-11,2020-11-10,2020-10-30,0.04002908045977011,0.18333333333333332,,1.6660116752688574,13097517.121927248,0.0,19665596.878072754,19665596.878072754,0,False
2020-11-12,2020-11-11,2020-10-30,0.04002908045977011,0.18333333333333332,,1.6659882551924745,13326570.10314661,0.0,20010217.896853387,20010217.896853387,0,False
2020-11-13,2020-11-12,2020-10-30,0.04002908045977011,0.18333333333333332,,1.6660164754830364,12949530.844375305,119.07598483026959,19443080.231609523,19443080.231609523,0,False
2020-11-16,2020-11-13,2020-10-30,0.04002908045977011,0.18333333333333332,,1.6660043213108953,13659554.493893651,0.0,20509708.506106347,20509708.506106347,0,False
2020-11-17,2020-11-16,2020-10-30,0.04002908045977011,0.18333333333333332,,1.6660031937175204,13359007.410751069,390.5300634825835,20057887.119312413,20057887.119312413,0,False
2020-11-18,2020-11-17,2020-10-30,0.04002908045977011,0.18333333333333332,,1.666028400368759,13299727.038988793,156.16142058730475,19968474.122431792,19968474.122431792,0,False
2020-11-19,2020-11-18,2020-10-30,0.04002908045977011,0.18333333333333332,,1.6022211089660392,13028049.446889497,1248603.011219881,19560002.564330384,19560002.564330384,0,False
2020-11-20,2020-11-19,2020-10-30,0.04002908045977011,0.18333333333333332,,1.6431736402572859,13029298.711904952,153703.1123998809,20018848.400494933,20018848.400494933,0,False
2020-11-23,2020-11-20,2020-10-30,0.04002908045977011,0.18333333333333332,,1.666024815641556,13923861.308409045,0.0,20905919.691590957,20905919.691590957,0,False
2020-11-24,2020-11-23,2020-10-30,0.04002908045977011,0.18333333333333332,,1.6660138635572488,13884710.408854099,209.06559205731287,20847165.65673796,20847165.65673796,0,False
2020-11-25,2020-11-24,2020-10-30,0.04002908045977011,0.18333333333333332,,1.6906373976576656,13885832.753849192,0.0,20105822.246150807,20105822.246150807,0,False
2020-11-26,2020-11-25,2020-10-30,0.04002908045977011,0.18333333333333332,,1.6903676219917798,13887164.272058465,0.0,20115607.727941535,20115607.727941535,0,False
2020-11-27,2020-11-26,2020-10-30,0.04002908045977011,0.18333333333333332,,1.6660195349462161,13497240.63664692,61.28232935467304,20265440.64568243,20265440.64568243,0,False
2020-11-30,2020-11-27,2020-10-30,0.04002908045977011,0.18333333333333332,,1.6660165605581787,13550224.485881943,0.0,20345176.514118057,20345176.514118057,0,False
2020-12-01,2020-11-30,2020-11-30,0.03548096532970768,0.08333333333333333,,1.6659874935370427,13651703.60686648,0.0,20498438.39313352,20498438.39313352,0,False
2020-12-02,2020-12-01,2020-11-30,0.03548096532970768,0.08333333333333333,,1.6660173835858205,13471376.02289247,122.88815683691973,20226578.86526437,20226578.86526437,0,False
2020-12-03,2020-12-02,2020-11-30,0.03548096532970768,0.08333333333333333,,1.6660090561387397,12926400.053594582,249.942615931942,19408369.889021352,19408369.889021352,0,False
2020-12-04,2020-12-03,2020-11-30,0.03548096532970768,0.08333333333333333,,1.6660164036680634,13294500.374092009,0.0,19961220.62590799,19961220.62590799,0,False
2020-12-07,2020-12-04,2020-11-30,0.03548096532970768,0.08333333333333333,,1.6660188595629513,13242550.980276203,123.97430109949505,19882960.994024895,19882960.994024895,0,False
2020-12-08,2020-12-07,2020-11-30,0.03548096532970768,0.08333333333333333,,1.6660187171904564,13394120.758890746,0.0,20110727.241109252,20110727.241109252,0,False
2020-12-09,2020-12-08,2020-11-30,0.03548096532970768,0.08333333333333333,,1.6660050881982102,13885576.42864475,0.0,20849054.57135525,20849054.57135525,0,False
2020-12-10,2020-12-09,2020-11-30,0.03548096532970768,0.08333333333333333,,1.708586411662252,13880223.338254895,0.0,19588610.661745105,19588610.661745105,0,False
2020-12-11,2020-12-10,2020-11-30,0.03548096532970768,0.08333333333333333,,1.7177670547916364,13881554.318575002,0.0,19339915.681424998,19339915.681424998,0,False
2020-12-14,2020-12-11,2020-11-30,0.03548096532970768,0.08333333333333333,,1.7432564448737955,13885547.642420072,0.0,18682041.357579928,18682041.357579928,0,False
2020-12-15,2020-12-14,2020-11-30,0.03548096532970768,0.08333333333333333,,1.7230742691087662,13886879.133289894,0.0,19205328.866710104,19205328.866710104,0,False
2020-12-16,2020-12-15,2020-11-30,0.03548096532970768,0.08333333333333333,,1.6253952127720561,13201396.221276611,806011.2059296889,19820082.984653078,19820082.984653078,0,False
2020-12-17,2020-12-16,2020-11-30,0.03548096532970768,0.08333333333333333,,1.6659869617360348,14147471.471735813,0.0,21242865.528264187,21242865.528264187,0,False
2020-12-18,2020-12-17,2020-11-30,0.03548096532970768,0.08333333333333333,,1.6659991918189363,14464038.747949267,0.0,21717802.252050735,21717802.252050735,0,False
2020-12-21,2020-12-18,2020-11-30,0.03548096532970768,0.08333333333333333,,1.665980154774233,14612632.521678267,0.0,21941543.47832173,21941543.47832173,0,False
2020-12-22,2020-12-21,2020-11-30,0.03548096532970768,0.08333333333333333,,1.681945219819384,14614033.733015962,0.0,21429923.266984038,21429923.266984038,0,False
2020-12-23,2020-12-22,2020-11-30,0.03548096532970768,0.08333333333333333,,1.665982536483608,14852998.15963639,0.0,22302383.84036361,22302383.84036361,0,False
2020-12-24,2020-12-23,2020-11-30,0.03548096532970768,0.08333333333333333,,1.6900817993287065,14854422.41973389,0.0,21525596.58026611,21525596.58026611,0,False
2020-12-25,2020-12-24,2020-11-30,0.03548096532970768,0.08333333333333333,,1.6659907635721574,15208335.585904276,0.0,22835655.414095722,22835655.414095722,0,False
2020-12-28,2020-12-25,2020-11-30,0.03548096532970768,0.08333333333333333,,1.6659953091481017,15774946.425692275,0.0,23686272.574307725,23686272.574307725,0,False
2020-12-29,2020-12-28,2020-11-30,0.03548096532970768,0.08333333333333333,,1.7018841480062397,15776459.09178789,0.0,22477297.90821211,22477297.90821211,0,False
2020-12-30,2020-12-29,2020-11-30,0.03548096532970768,0.08333333333333333,,1.685989589197988,15777971.902933678,0.0,23000308.09706632,23000308.09706632,0,False
2020-12-31,2020-12-30,2020-11-30,0.03548096532970768,0.08333333333333333,,1.683568578543273,15779484.859143548,0.0,23083982.140856452,23083982.140856452,0,False
2021-01-04,2020-12-31,2020-12-31,0.03242796040868455,0.03333333333333333,,1.6659946308924611,16421099.168415,0.0,24656503.831584997,24656503.831584997,0,False
2021-01-05,2021-01-04,2020-12-31,0.03242796040868455,0.03333333333333333,,1.6730138364184428,16422673.794362657,0.0,24401688.205637343,24401688.205637343,0,False
2021-01-06,2021-01-05,2020-12-31,0.03242796040868455,0.03333333333333333,,1.6659919731174548,17486515.40780184,0.0,26256345.59219816,26256345.59219816,0,False
2021-01-07,2021-01-06,2020-12-31,0.03242796040868455,0.03333333333333333,,1.6659735691341426,19110317.611120533,0.0,28695309.388879467,28695309.388879467,0,False
2021-01-08,2021-01-07,2020-12-31,0.03242796040868455,0.03333333333333333,,1.6124557881524828,19112150.10732982,0.0,31205762.89267018,31205762.89267018,0,False
2021-01-11,2021-01-08,2020-12-31,0.03242796040868455,0.03333333333333333,,1.6381731009688754,19117648.12311412,0.0,29956837.87688588,29956837.87688588,0,False
2021-01-12,2021-01-11,2020-12-31,0.03242796040868455,0.03333333333333333,,1.5877632944059363,19119481.322249215,0.0,32529219.677750785,32529219.677750785,0,False
2021-01-13,2021-01-12,2020-12-31,0.03242796040868455,0.03333333333333333,,1.5273798523123367,19121314.697170526,1653090.999,33122660.301829472,33122660.301829472,0,False
2021-01-14,2021-01-13,2020-12-31,0.03242796040868455,0.03333333333333333,,1.5106107611785957,19123148.247894913,3205981.1578200003,31172799.90992509,31172799.90992509,0,False
2021-01-15,2021-01-14,2020-12-31,0.03242796040868455,0.03333333333333333,,1.5189650289970982,19124981.97443923,1509474.5626200002,33943534.588180766,33943534.588180766,0,False
2021-01-18,2021-01-15,2020-12-31,0.03242796040868455,0.03333333333333333,,1.5067990617856535,19130483.681582563,1504789.7219700005,34778466.04038744,34778466.04038744,0,False
2021-01-19,2021-01-18,2020-12-31,0.03242796040868455,0.03333333333333333,,1.504110798198748,19132318.11152463,1501312.1302500006,34974466.018725365,34974466.018725365,0,False
2021-01-20,2021-01-19,2020-12-31,0.03242796040868455,0.03333333333333333,,1.5567005838074548,19377621.43281094,0.0,34807977.56718906,34807977.56718906,0,False
2021-01-21,2021-01-20,2020-12-31,0.03242796040868455,0.03333333333333333,,1.6015351606172734,21138634.93967354,0.0,35141146.06032646,35141146.06032646,0,False
2021-01-22,2021-01-21,2020-12-31,0.03242796040868455,0.03333333333333333,,1.627820893063311,21736252.217485014,0.0,34621740.78251499,34621740.78251499,0,False
2021-01-25,2021-01-22,2020-12-31,0.03242796040868455,0.03333333333333333,,1.639543679198467,22777026.270918537,0.0,35614496.72908147,35614496.72908147,0,False
2021-01-26,2021-01-25,2020-12-31,0.03242796040868455,0.03333333333333333,,1.253776357060924,22779210.369328078,13809467.08344,35345070.714111924,35345070.714111924,0,False
2021-01-27,2021-01-26,2020-12-31,0.03242796040868455,0.03333333333333333,,1.2033458704136195,22781394.67717171,15487025.53023,35871734.85305829,35871734.85305829,0,False
2021-01-28,2021-01-27,2020-12-31,0.03242796040868455,0.03333333333333333,,1.1607170732172374,22783579.194469523,17217569.25423,34632350.05976048,34632350.05976048,0,False
2021-01-29,2021-01-28,2020-12-31,0.03242796040868455,0.03333333333333333,,1.120588616948162,21752913.533770278,17814364.17635868,32661037.642588407,32661037.642588407,0,False
2021-02-01,2021-01-29,2021-01-29,0.03090992476489029,0.016666666666666666,,1.1228729425306063,21406721.820118904,17457453.956392385,32141070.13627348,32141070.13627348,0,False
2021-02-02,2021-02-01,2021-01-29,0.03090992476489029,0.016666666666666666,,1.1717967018860385,21408774.51947152,15835361.545852385,32441909.026380867,32441909.026380867,0,False
2021-02-03,2021-02-02,2021-01-29,0.03090992476489029,0.016666666666666666,,1.1729150482295136,21410827.415658318,15831509.920132384,32266234.504474066,32266234.504474066,0,False
2021-02-04,2021-02-03,2021-01-29,0.03090992476489029,0.016666666666666666,,1.1770814331452033,21412880.508698177,15667553.309332386,32444548.80063421,32444548.80063421,0,False
2021-02-05,2021-02-04,2021-01-29,0.03090992476489029,0.016666666666666666,,1.2298290829472105,21284024.34414113,13939188.154063547,31957818.809922416,31957818.809922416,0,False
2021-02-08,2021-02-05,2021-01-29,0.03090992476489029,0.016666666666666666,,1.278263066888152,21290147.145664785,12229327.090033546,32562064.94436876,32562064.94436876,0,False
2021-02-09,2021-02-08,2021-01-29,0.03090992476489029,0.016666666666666666,,1.3257903215597104,21292188.666623957,10586562.405793546,32860479.73916959,32860479.73916959,0,False
2021-02-10,2021-02-09,2021-01-29,0.03090992476489029,0.016666666666666666,,1.375717441857466,21294230.383345414,8943328.669963546,32872846.286618132,32872846.286618132,0,False
2021-02-18,2021-02-10,2021-01-29,0.03090992476489029,0.016666666666666666,,1.4226912897687511,21310565.683365516,6475940.287093546,35095649.60372803,35095649.60372803,0,False
2021-02-19,2021-02-18,2021-01-29,0.03090992476489029,0.016666666666666666,,1.4412379721254083,21312609.16226666,4580115.769333546,37921698.607066885,37921698.607066885,0,False
2021-02-22,2021-02-19,2021-01-29,0.03090992476489029,0.016666666666666666,,1.5043307698797503,21318740.18682019,2738864.2539435457,36840655.06712335,36840655.06712335,0,False
2021-02-23,2021-02-22,2021-01-29,0.03090992476489029,0.016666666666666666,,1.5639868446005547,21320784.44957783,931937.5138635458,36151281.06428572,36151281.06428572,0,False
2021-02-24,2021-02-23,2021-01-29,0.03090992476489029,0.016666666666666666,,1.5942971641945487,21322828.908360668,361594.7830635458,35270627.87470288,35270627.87470288,0,False
2021-02-25,2021-02-24,2021-01-29,0.03090992476489029,0.016666666666666666,,1.6040810389948286,21402887.131723948,0.0,35430489.86827605,35430489.86827605,0,False
2021-02-26,2021-02-25,2021-01-29,0.03090992476489029,0.016666666666666666,,1.64118159873035,21404939.463366717,0.0,33383583.536633283,33383583.536633283,0,False
2021-03-01,2021-02-26,2021-02-26,0.030213972274732208,0.016666666666666666,,1.6386552798302971,21411097.048691794,0.0,33525279.951308206,33525279.951308206,0,False
2021-03-02,2021-03-01,2021-02-26,0.030213972274732208,0.016666666666666666,,1.6660022974682263,22669361.335616875,0.0,34037962.66438313,34037962.66438313,0,False
2021-03-03,2021-03-02,2021-02-26,0.030213972274732208,0.016666666666666666,,1.665995869213439,24305406.816111524,0.0,36494831.18388848,36494831.18388848,0,False
2021-03-04,2021-03-03,2021-02-26,0.030213972274732208,0.016666666666666666,,1.677481849364593,24307737.471559644,0.0,35879540.528440356,35879540.528440356,0,False
2021-03-05,2021-03-04,2021-02-26,0.030213972274732208,0.016666666666666666,,1.7027162840812897,24310068.35049527,0.0,34594428.64950473,34594428.64950473,0,False
2021-03-08,2021-03-05,2021-02-26,0.030213972274732208,0.016666666666666666,,1.7140329574108497,24317061.657828975,0.0,34055937.34217103,34055937.34217103,0,False
2021-03-09,2021-03-08,2021-02-26,0.030213972274732208,0.016666666666666666,,1.7187608390345013,24319393.43086466,0.0,33835167.56913534,33835167.56913534,0,False
2021-03-10,2021-03-09,2021-02-26,0.030213972274732208,0.016666666666666666,,1.7127919263347235,24321725.427495014,0.0,34121774.57250498,34121774.57250498,0,False
2021-03-11,2021-03-10,2021-02-26,0.030213972274732208,0.016666666666666666,,1.6883770204437591,24324057.647741485,0.0,35335371.35225852,35335371.35225852,0,False
2021-03-12,2021-03-11,2021-02-26,0.030213972274732208,0.016666666666666666,,1.6701159062934055,24326390.091625515,0.0,36301764.90837449,36301764.90837449,0,False
2021-03-15,2021-03-12,2021-02-26,0.030213972274732208,0.016666666666666666,,1.6659927345425007,25001909.623534612,0.0,37540814.37646539,37540814.37646539,0,False
2021-03-16,2021-03-15,2021-02-26,0.030213972274732208,0.016666666666666666,,1.681008090739166,25004307.06692317,0.0,36716607.93307683,36716607.93307683,0,False
2021-03-17,2021-03-16,2021-02-26,0.030213972274732208,0.016666666666666666,,1.6795003979628653,25006704.74020356,0.0,36801604.25979644,36801604.25979644,0,False
2021-03-18,2021-03-17,2021-02-26,0.030213972274732208,0.016666666666666666,,1.6889828649433,25009102.643397827,0.0,36298584.35660218,36298584.35660218,0,False
2021-03-19,2021-03-18,2021-02-26,0.030213972274732208,0.016666666666666666,,1.7020780469501762,24362438.945908017,0.0,34700471.05409198,34700471.05409198,0,False
2021-03-22,2021-03-19,2021-02-26,0.030213972274732208,0.016666666666666666,,1.6660215878211226,23233056.80770886,9.5046033891673,34883324.69689453,34883324.69689453,0,False
2021-03-23,2021-03-22,2021-02-26,0.030213972274732208,0.016666666666666666,,1.666013538268746,22755090.711106583,324.2336959908912,34165621.52258941,34165621.52258941,0,False
2021-03-24,2021-03-23,2021-02-26,0.030213972274732208,0.016666666666666666,,1.6660176479821533,21992938.731374748,155.6043044603548,33021321.872929715,33021321.872929715,0,False
2021-03-25,2021-03-24,2021-02-26,0.030213972274732208,0.016666666666666666,,1.6660151727392163,22206803.225353435,0.0,33342788.774646565,33342788.774646565,0,False
2021-03-26,2021-03-25,2021-02-26,0.030213972274732208,0.016666666666666666,,1.6659977285821914,22236296.918380797,0.0,33387947.081619203,33387947.081619203,0,False
2021-03-29,2021-03-26,2021-02-26,0.030213972274732208,0.016666666666666666,,1.6660013567521548,23008135.850709923,0.0,34546680.14929008,34546680.14929008,0,False
2021-03-30,2021-03-29,2021-02-26,0.030213972274732208,0.016666666666666666,,1.6660243214498816,23183687.536052044,0.0,34809070.46394795,34809070.46394795,0,False
2021-03-31,2021-03-30,2021-02-26,0.030213972274732208,0.016666666666666666,,1.6660018215327523,23022878.322834637,7.25430721618568,34568780.931472585,34568780.931472585,0,False
2021-04-01,2021-03-31,2021-03-31,0.03655926967830253,0.2,,1.666012994606585,23101220.501111254,0.0,34685840.498888746,34685840.498888746,0,False
2021-04-02,2021-04-01,2021-03-31,0.03655926967830253,0.2,,1.6747833311122675,23103435.686638758,0.0,34238302.31336124,34238302.31336124,0,False
2021-04-06,2021-04-02,2021-03-31,0.03655926967830253,0.2,,1.6669295297857636,23112297.278408974,0.0,34654781.721591026,34654781.721591026,0,False
2021-04-07,2021-04-06,2021-03-31,0.03655926967830253,0.2,,1.6694642319386186,23114513.526093204,0.0,34526883.4739068,34526883.4739068,0,False
2021-04-08,2021-04-07,2021-03-31,0.03655926967830253,0.2,,1.6660142495776993,22889220.543127973,317.50888363597915,34366986.96575567,34366986.96575567,0,False
2021-04-09,2021-04-08,2021-03-31,0.03655926967830253,0.2,,1.6659962509272594,23021227.203658745,0.0,34566601.796341255,34566601.796341255,0,False
2021-04-12,2021-04-09,2021-03-31,0.03655926967830253,0.2,,1.6813111727182464,23027849.748470757,0.0,33799313.25152925,33799313.25152925,0,False
2021-04-13,2021-04-12,2021-03-31,0.03655926967830253,0.2,,1.6881280763756579,23030057.898446638,0.0,33467691.101553362,33467691.101553362,0,False
2021-04-14,2021-04-13,2021-03-31,0.03655926967830253,0.2,,1.6836711707356036,23032266.260162927,0.0,33689099.73983707,33689099.73983707,0,False
2021-04-15,2021-04-14,2021-03-31,0.03655926967830253,0.2,,1.6840585341712302,23034474.83363993,0.0,33673251.166360065,33673251.166360065,0,False
2021-04-16,2021-04-15,2021-03-31,0.03655926967830253,0.2,,1.6711108534142665,23036683.618897952,0.0,34326197.38110205,34326197.38110205,0,False
2021-04-19,2021-04-16,2021-03-31,0.03655926967830253,0.2,,1.6660226993624927,23064657.078535993,0.0,34630436.92146401,34630436.92146401,0,False
2021-04-20,2021-04-19,2021-03-31,0.03655926967830253,0.2,,1.666019575929817,23013651.473184068,151.1355121862726,34553789.662328124,34553789.662328124,0,False
2021-04-21,2021-04-20,2021-03-31,0.03655926967830253,0.2,,1.666018656966985,23029411.97810931,0.0,34577728.021890685,34577728.021890685,0,False
2021-04-22,2021-04-21,2021-03-31,0.03655926967830253,0.2,,1.6660201902797378,23033717.712438032,0.0,34584113.28756197,34584113.28756197,0,False
2021-04-23,2021-04-22,2021-03-31,0.03655926967830253,0.2,,1.6660210989074182,22848367.81088647,84.58182107820176,34305644.77093461,34305644.77093461,0,False
2021-04-26,2021-04-23,2021-03-31,0.03655926967830253,0.2,,1.6660148482363133,22764451.39656296,305.1472601906862,34179637.750697225,34179637.750697225,0,False
2021-04-27,2021-04-26,2021-03-31,0.03655926967830253,0.2,,1.6660032049725106,22532349.001492973,199.90048053034116,33831892.89898756,33831892.89898756,0,False
2021-04-28,2021-04-27,2021-03-31,0.03655926967830253,0.2,,1.6659998055801992,22925754.758388065,0.0,34423065.241611935,34423065.241611935,0,False
2021-04-29,2021-04-28,2021-03-31,0.03655926967830253,0.2,,1.6660002206011701,23479106.70531339,0.0,35253902.294686615,35253902.294686615,0,False
2021-04-30,2021-04-29,2021-03-31,0.03655926967830253,0.2,,1.7052680117441281,23481358.12650431,0.0,33294233.87349569,33294233.87349569,0,False
2021-05-06,2021-04-30,2021-04-30,0.04232449704142012,0.3333333333333333,,1.6784286042463628,23494867.94898805,0.0,34631305.05101195,34631305.05101195,0,False
2021-05-07,2021-05-06,2021-04-30,0.04232449704142012,0.3333333333333333,,1.6659922238783444,23691877.302381106,0.0,35573804.697618894,35573804.697618894,0,False
2021-05-10,2021-05-07,2021-04-30,0.04232449704142012,0.3333333333333333,,1.6660008736453282,24568065.361253846,0.0,36888938.63874616,36888938.63874616,0,False
2021-05-11,2021-05-10,2021-04-30,0.04232449704142012,0.3333333333333333,,1.6777658556028654,24570421.203137804,0.0,36252078.7968622,36252078.7968622,0,False
2021-05-12,2021-05-11,2021-04-30,0.04232449704142012,0.3333333333333333,,1.6702960249289192,24572777.270924404,0.0,36659589.729075596,36659589.729075596,0,False
2021-05-13,2021-05-12,2021-04-30,0.04232449704142012,0.3333333333333333,,1.693419074249646,24575133.564635314,0.0,35440521.435364686,35440521.435364686,0,False
2021-05-14,2021-05-13,2021-04-30,0.04232449704142012,0.3333333333333333,,1.6940489347914003,24577490.084292196,0.0,35411753.915707804,35411753.915707804,0,False
2021-05-17,2021-05-14,2021-04-30,0.04232449704142012,0.3333333333333333,,1.6924499396657022,24584560.32116576,0.0,35503736.678834245,35503736.678834245,0,False
2021-05-18,2021-05-17,2021-04-30,0.04232449704142012,0.3333333333333333,,1.6921750920881757,24586917.7447582,0.0,35521240.2552418,35521240.2552418,0,False
2021-05-19,2021-05-18,2021-04-30,0.04232449704142012,0.3333333333333333,,1.7058301210836537,24589275.39440496,0.0,34837384.60559504,34837384.60559504,0,False
2021-05-20,2021-05-19,2021-04-30,0.04232449704142012,0.3333333333333333,,1.7230704567699064,24591633.27012771,0.0,34010009.72987229,34010009.72987229,0,False
2021-05-21,2021-05-20,2021-04-30,0.04232449704142012,0.3333333333333333,,1.6660170946163606,22685165.878282543,373.0793244089582,34060376.20104186,34060376.20104186,0,False
2021-05-24,2021-05-21,2021-04-30,0.04232449704142012,0.3333333333333333,,1.6676325576663804,22691318.668594353,0.0,33987735.33140565,33987735.33140565,0,False
2021-05-25,2021-05-24,2021-04-30,0.04232449704142012,0.3333333333333333,,1.6660001179046084,23012345.61822668,0.0,34553065.38177332,34553065.38177332,0,False
2021-05-26,2021-05-25,2021-04-30,0.04232449704142012,0.3333333333333333,,1.6659932567037108,23100517.73666514,0.0,34685813.263334855,34685813.263334855,0,False
2021-05-27,2021-05-26,2021-04-30,0.04232449704142012,0.3333333333333333,,1.665990280280238,23288351.270584274,0.0,34968004.72941573,34968004.72941573,0,False
2021-05-28,2021-05-27,2021-04-30,0.04232449704142012,0.3333333333333333,,1.6659890530758998,23318197.676238168,0.0,35012884.323761836,35012884.323761836,0,False
2021-05-31,2021-05-28,2021-04-30,0.04232449704142012,0.3333333333333333,,1.6669019036675465,23324905.650912154,0.0,34975017.34908785,34975017.34908785,0,False
2021-06-01,2021-05-31,2021-05-31,0.040522320794889995,0.2833333333333333,,1.6659997721556616,23361237.626600597,0.0,35076945.37339941,35076945.37339941,0,False
2021-06-02,2021-06-01,2021-05-31,0.040522320794889995,0.2833333333333333,,1.6659906468803178,23379098.901437122,0.0,35104245.09856288,35104245.09856288,0,False
2021-06-03,2021-06-02,2021-05-31,0.040522320794889995,0.2833333333333333,,1.6659998991203704,23545024.702048633,0.0,35352895.29795137,35352895.29795137,0,False
2021-06-04,2021-06-03,2021-05-31,0.040522320794889995,0.2833333333333333,,1.667525808520776,23448565.744143352,0.0,35127579.25585665,35127579.25585665,0,False
2021-06-07,2021-06-04,2021-05-31,0.040522320794889995,0.2833333333333333,,1.6659957655881095,23660472.75530016,0.0,35526461.244699836,35526461.244699836,0,False
2021-06-08,2021-06-07,2021-05-31,0.040522320794889995,0.2833333333333333,,1.6687632371006347,23662741.56775615,0.0,35382838.432243854,35382838.432243854,0,False
2021-06-09,2021-06-08,2021-05-31,0.040522320794889995,0.2833333333333333,,1.6659937294739882,23944749.365649495,0.0,35953415.63435051,35953415.63435051,0,False
2021-06-10,2021-06-09,2021-05-31,0.040522320794889995,0.2833333333333333,,1.6719081895614913,23947045.437506475,0.0,35640353.562493525,35640353.562493525,0,False
2021-06-11,2021-06-10,2021-05-31,0.040522320794889995,0.2833333333333333,,1.671886716723726,23949341.72953473,0.0,35644910.27046527,35644910.27046527,0,False
2021-06-15,2021-06-11,2021-05-31,0.040522320794889995,0.2833333333333333,,1.6822675463951533,23958527.778417293,0.0,35116030.22158271,35116030.22158271,0,False
2021-06-16,2021-06-15,2021-05-31,0.040522320794889995,0.2833333333333333,,1.6920204270164207,23960825.171491936,0.0,34624447.828508064,34624447.828508064,0,False
2021-06-17,2021-06-16,2021-05-31,0.040522320794889995,0.2833333333333333,,1.6855384832341975,23551069.154864546,0.0,34354116.84513545,34354116.84513545,0,False
2021-06-18,2021-06-17,2021-05-31,0.040522320794889995,0.2833333333333333,,1.7006938122957458,23553327.47656433,0.0,33614293.52343567,33614293.52343567,0,False
2021-06-21,2021-06-18,2021-05-31,0.040522320794889995,0.2833333333333333,,1.7129756385045731,23560103.091317862,0.0,33044751.908682138,33044751.908682138,0,False
2021-06-22,2021-06-21,2021-05-31,0.040522320794889995,0.2833333333333333,,1.7041080668808317,23562362.279285524,0.0,33464127.720714476,33464127.720714476,0,False
2021-06-23,2021-06-22,2021-05-31,0.040522320794889995,0.2833333333333333,,1.6897803373892197,23564621.683887646,0.0,34162501.316112354,34162501.316112354,0,False
2021-06-24,2021-06-23,2021-05-31,0.040522320794889995,0.2833333333333333,,1.686158620468141,23566881.305145003,0.0,34346112.694855,34346112.694855,0,False
2021-06-25,2021-06-24,2021-05-31,0.040522320794889995,0.2833333333333333,,1.6659956478426583,23612934.58095837,0.0,35455088.41904163,35455088.41904163,0,False
2021-06-28,2021-06-25,2021-05-31,0.040522320794889995,0.2833333333333333,,1.6917892016147373,23619727.34296111,0.0,34142954.65703889,34142954.65703889,0,False
2021-06-29,2021-06-28,2021-05-31,0.040522320794889995,0.2833333333333333,,1.7015421227305196,23621992.248322763,0.0,33671523.75167724,33671523.75167724,0,False
2021-06-30,2021-06-29,2021-05-31,0.040522320794889995,0.2833333333333333,,1.698681809358692,23624257.370867122,0.0,33812612.62913288,33812612.62913288,0,False
2021-07-01,2021-06-30,2021-06-30,0.03905440223463687,0.26666666666666666,,1.7000241832188934,23626522.710615013,0.0,33751009.28938499,33751009.28938499,0,False
2021-07-02,2021-07-01,2021-06-30,0.03905440223463687,0.26666666666666666,,1.716192458365314,23628788.267587263,0.0,32992232.732412737,32992232.732412737,0,False
2021-07-05,2021-07-02,2021-06-30,0.03905440223463687,0.26666666666666666,,1.7158994590342798,23635585.590239584,0.0,33015230.409760416,33015230.409760416,0,False
2021-07-06,2021-07-05,2021-06-30,0.03905440223463687,0.26666666666666666,,1.7061476945837308,23637852.01625509,0.0,33474373.98374491,33474373.98374491,0,False
2021-07-07,2021-07-06,2021-06-30,0.03905440223463687,0.26666666666666666,,1.7189188638097295,23640118.659599114,0.0,32882874.340400886,32882874.340400886,0,False
2021-07-08,2021-07-07,2021-06-30,0.03905440223463687,0.26666666666666666,,1.748336548618352,23642385.520292502,0.0,31593252.479707498,31593252.479707498,0,False
2021-07-09,2021-07-08,2021-06-30,0.03905440223463687,0.26666666666666666,,1.6896256362477278,22014172.59835609,0.0,31921917.40164391,31921917.40164391,0,False
2021-07-12,2021-07-09,2021-06-30,0.03905440223463687,0.26666666666666666,,1.698065463197385,22020505.44252822,0.0,31545043.55747178,31545043.55747178,0,False
2021-07-13,2021-07-12,2021-06-30,0.03905440223463687,0.26666666666666666,,1.6659862525112343,21395842.008835476,479.7312308467808,32125831.72239537,32125831.72239537,0,False
2021-07-14,2021-07-13,2021-06-30,0.03905440223463687,0.26666666666666666,,1.6661562163652737,21463030.61507767,0.0,32219215.38492233,32219215.38492233,0,False
2021-07-15,2021-07-14,2021-06-30,0.03905440223463687,0.26666666666666666,,1.6659976414964297,22057311.851283774,0.0,33119204.148716226,33119204.148716226,0,False
2021-07-16,2021-07-15,2021-06-30,0.03905440223463687,0.26666666666666666,,1.6659909550954484,22007558.454636093,333.916104249598,33044329.461468156,33044329.461468156,0,False
2021-07-19,2021-07-16,2021-06-30,0.03905440223463687,0.26666666666666666,,1.670263107532504,22013555.480005097,0.0,32843155.519994903,32843155.519994903,0,False
2021-07-20,2021-07-19,2021-06-30,0.03905440223463687,0.26666666666666666,,1.6691144689567854,22015666.368886743,0.0,32902690.631113257,32902690.631113257,0,False
2021-07-21,2021-07-20,2021-06-30,0.03905440223463687,0.26666666666666666,,1.6736295882277457,22017777.46018239,0.0,32685288.53981761,32685288.53981761,0,False
2021-07-22,2021-07-21,2021-06-30,0.03905440223463687,0.26666666666666666,,1.6666445638420408,22019888.75391145,0.0,33030928.24608855,33030928.24608855,0,False
2021-07-23,2021-07-22,2021-06-30,0.03905440223463687,0.26666666666666666,,1.667395433969296,22022000.250093333,0.0,32996929.749906667,32996929.749906667,0,False
2021-07-26,2021-07-23,2021-06-30,0.03905440223463687,0.26666666666666666,,1.6895973897845031,22028335.34605569,0.0,31943762.65394431,31943762.65394431,0,False
2021-07-27,2021-07-26,2021-06-30,0.03905440223463687,0.26666666666666666,,1.5316311995674985,20507415.621644948,4147816.0840201834,30772459.462375235,30772459.462375235,0,False
2021-07-28,2021-07-27,2021-06-30,0.03905440223463687,0.26666666666666666,,1.5334099119487128,20428572.31057714,4067006.3084407086,30673531.99786357,30673531.99786357,0,False
2021-07-29,2021-07-28,2021-06-30,0.03905440223463687,0.26666666666666666,,1.5333861668379143,20430531.214771304,4067006.3084407086,30678570.093669403,30678570.093669403,0,False
2021-07-30,2021-07-29,2021-06-30,0.03905440223463687,0.26666666666666666,,1.4736246641183912,20432490.306805596,5554808.499760709,31412388.192955114,31412388.192955114,0,False
2021-08-02,2021-07-30,2021-07-30,0.04785651219512195,0.5,,1.4811767012005053,20438368.146482896,5554808.499760709,30931588.353277814,30931588.353277814,0,False
2021-08-03,2021-08-02,2021-07-30,0.04785651219512195,0.5,,1.4913818959423062,20175256.88749811,5289737.397255029,30293178.509756923,30293178.509756923,0,False
2021-08-04,2021-08-03,2021-07-30,0.04785651219512195,0.5,,1.4836150914937005,20177191.501172256,5289737.397255029,30783683.896082778,30783683.896082778,0,False
2021-08-05,2021-08-04,2021-07-30,0.04785651219512195,0.5,,1.4886603614230556,20179126.3003573,5289737.397255029,30469811.096897732,30469811.096897732,0,False
2021-08-06,2021-08-05,2021-07-30,0.04785651219512195,0.5,,1.480354298797745,20181061.285071034,5289737.397255029,31000709.112184,31000709.112184,0,False
2021-08-09,2021-08-06,2021-07-30,0.04785651219512195,0.5,,1.4817754222493678,20186866.79585167,5289737.397255029,30921314.601403363,30921314.601403363,0,False
2021-08-10,2021-08-09,2021-07-30,0.04785651219512195,0.5,,1.4783224834726933,20188802.522804696,5289737.397255029,31148577.874450337,31148577.874450337,0,False
2021-08-11,2021-08-10,2021-07-30,0.04785651219512195,0.5,,1.46762931336533,20190738.435375378,5289737.397255029,31864984.961879656,31864984.961879656,0,False
2021-08-12,2021-08-11,2021-07-30,0.04785651219512195,0.5,,1.4645893308124815,20192674.53358151,5289737.397255029,32077656.863673523,32077656.863673523,0,False
2021-08-13,2021-08-12,2021-07-30,0.04785651219512195,0.5,,1.469401653391882,20194610.817440894,5289737.397255029,31752920.579814132,31752920.579814132,0,False
2021-08-16,2021-08-13,2021-07-30,0.04785651219512195,0.5,,1.4637394513630162,20200420.226032212,5289737.397255029,32153147.17122282,32153147.17122282,0,False
2021-08-17,2021-08-16,2021-07-30,0.04785651219512195,0.5,,1.4762554523504339,20202357.252629228,5289737.397255029,31312229.144625805,31312229.144625805,0,False
2021-08-18,2021-08-17,2021-07-30,0.04785651219512195,0.5,,1.4722546985811453,20204294.46496852,5289737.397255029,31581595.932286512,31581595.932286512,0,False
2021-08-19,2021-08-18,2021-07-30,0.04785651219512195,0.5,,1.4819634392746739,20206231.863067903,5289737.397255029,30949431.53418713,30949431.53418713,0,False
2021-08-20,2021-08-19,2021-07-30,0.04785651219512195,0.5,,1.490427572673409,20208169.446945183,5289737.397255029,30419235.950309843,30419235.950309843,0,False
2021-08-23,2021-08-20,2021-07-30,0.04785651219512195,0.5,,1.4796398123277914,20213982.755964167,5289737.397255029,31115526.64129086,31115526.64129086,0,False
2021-08-24,2021-08-23,2021-07-30,0.04785651219512195,0.5,,1.4725868797471362,20215921.083077755,5289737.397255029,31583999.31417728,31583999.31417728,0,False
2021-08-25,2021-08-24,2021-07-30,0.04785651219512195,0.5,,1.4619636143084502,20217859.596058324,5289737.397255029,32314497.80119671,32314497.80119671,0,False
2021-08-26,2021-08-25,2021-07-30,0.04785651219512195,0.5,,1.4505736824262454,20219798.2949237,5289737.397255029,33135670.102331333,33135670.102331333,0,False
2021-08-27,2021-08-26,2021-07-30,0.04785651219512195,0.5,,1.4543368535897219,20221737.179691706,5289737.397255029,32865482.217563327,32865482.217563327,0,False
2021-08-30,2021-08-27,2021-07-30,0.04785651219512195,0.5,,1.434719015730078,20227554.391757097,5289737.397255029,34362005.00549793,34362005.00549793,0,False
2021-08-31,2021-08-30,2021-07-30,0.04785651219512195,0.5,,1.4023919946741656,20229494.020260416,5289737.397255029,37127370.37699462,37127370.37699462,0,False
2021-09-01,2021-08-31,2021-08-31,0.05213017727639001,0.6833333333333333,,1.4006018053766016,20231433.83475551,5289737.397255029,37298125.562499516,37298125.562499516,0,False
2021-09-02,2021-09-01,2021-08-31,0.05213017727639001,0.6833333333333333,,1.4418364092904188,20233373.835260212,3386902.1083950284,38128301.27313481,38128301.27313481,0,False
2021-09-03,2021-09-02,2021-08-31,0.05213017727639001,0.6833333333333333,,1.4918474715525896,20235314.02179236,1481808.5711550284,38128701.54936267,38128701.54936267,0,False
2021-09-06,2021-09-03,2021-08-31,0.05213017727639001,0.6833333333333333,,1.5164266586106552,20770347.756369628,0.0,40219356.24363037,40219356.24363037,0,False
2021-09-07,2021-09-06,2021-08-31,0.05213017727639001,0.6833333333333333,,1.5583987539836968,22814241.018021747,0.0,40856539.98197825,40856539.98197825,0,False
2021-09-08,2021-09-07,2021-08-31,0.05213017727639001,0.6833333333333333,,1.6583831856896996,26899941.82200868,0.0,40857577.177991316,40857577.177991316,0,False
2021-09-09,2021-09-08,2021-08-31,0.05213017727639001,0.6833333333333333,,1.6362994481795432,26958249.709094763,0.0,42367237.29090524,42367237.29090524,0,False
2021-09-10,2021-09-09,2021-08-31,0.05213017727639001,0.6833333333333333,,1.6659092790941232,27454681.063858103,0.0,41228860.93614189,41228860.93614189,0,False
2021-09-13,2021-09-10,2021-08-31,0.05213017727639001,0.6833333333333333,,1.665980840076908,29615783.812287983,0.0,44469423.18771201,44469423.18771201,0,False
2021-09-14,2021-09-13,2021-08-31,0.05213017727639001,0.6833333333333333,,1.6923307866621369,29618623.681968614,0.0,42781029.318031386,42781029.318031386,0,False
2021-09-15,2021-09-14,2021-08-31,0.05213017727639001,0.6833333333333333,,1.7068074241450342,29621463.823965516,0.0,41908818.17603448,41908818.17603448,0,False
2021-09-16,2021-09-15,2021-08-31,0.05213017727639001,0.6833333333333333,,1.6956947403465878,29624304.2383048,0.0,42582331.7616952,42582331.7616952,0,False
2021-09-17,2021-09-16,2021-08-31,0.05213017727639001,0.6833333333333333,,1.7330173262370727,29627144.925012585,0.0,40418069.07498741,40418069.07498741,0,False
2021-09-22,2021-09-17,2021-08-31,0.05213017727639001,0.6833333333333333,,1.7067026026623826,29641349.720524576,0.0,41943173.27947542,41943173.27947542,0,False
2021-09-23,2021-09-22,2021-08-31,0.05213017727639001,0.6833333333333333,,1.6833691306857792,29644192.041730653,0.0,43379471.95826934,43379471.95826934,0,False
2021-09-24,2021-09-23,2021-08-31,0.05213017727639001,0.6833333333333333,,1.7673580582914736,29647034.635488078,0.0,38635203.36451192,38635203.36451192,0,False
2021-09-27,2021-09-24,2021-08-31,0.05213017727639001,0.6833333333333333,,1.776860496860134,29655563.23449281,0.0,38173601.76550719,38173601.76550719,0,False
2021-09-28,2021-09-27,2021-08-31,0.05213017727639001,0.6833333333333333,,1.7518957323052466,29658406.918638583,0.0,39444840.08136141,39444840.08136141,0,False
2021-09-29,2021-09-28,2021-08-31,0.05213017727639001,0.6833333333333333,,1.8013567152392969,29661250.8754664,0.0,37013792.1245336,37013792.1245336,0,False
2021-09-30,2021-09-29,2021-08-31,0.05213017727639001,0.6833333333333333,,1.7784739620201775,29664095.105002403,0.0,38105442.8949976,38105442.8949976,0,False
2021-10-08,2021-09-30,2021-09-30,0.05052614115781127,0.6333333333333333,,1.7851411736465337,29686851.123165146,0.0,37810844.876834854,37810844.876834854,0,False
2021-10-11,2021-10-08,2021-09-30,0.05052614115781127,0.6333333333333333,,1.6946104016377388,27703017.266127974,0.0,39882813.733872026,39882813.733872026,0,False
2021-10-12,2021-10-11,2021-09-30,0.05052614115781127,0.6333333333333333,,1.7109253267030962,27705673.719838426,0.0,38971285.280161574,38971285.280161574,0,False
2021-10-13,2021-10-12,2021-09-30,0.05052614115781127,0.6333333333333333,,1.6976027672572056,25857260.270277314,0.0,37065879.729722686,37065879.729722686,0,False
2021-10-14,2021-10-13,2021-09-30,0.05052614115781127,0.6333333333333333,,1.6021472744018195,24402112.30542846,2344922.3239875585,36630889.0185591,36630889.0185591,0,False
2021-10-15,2021-10-14,2021-09-30,0.05052614115781127,0.6333333333333333,,1.6659970773323745,25054354.304468136,0.0,37619315.69553186,37619315.69553186,0,False
2021-10-18,2021-10-15,2021-09-30,0.05052614115781127,0.6333333333333333,,1.6660198747297092,25571123.46762983,0.0,38393934.532370165,38393934.532370165,0,False
2021-10-19,2021-10-18,2021-09-30,0.05052614115781127,0.6333333333333333,,1.6660219746611407,25424877.34355023,68.47707240605467,38174129.13352218,38174129.13352218,0,False
2021-10-20,2021-10-19,2021-09-30,0.05052614115781127,0.6333333333333333,,1.66601677053678,24205182.67563569,171.759250812931,36342945.08361511,36342945.08361511,0,False
2021-10-21,2021-10-20,2021-09-30,0.05052614115781127,0.6333333333333333,,1.6659988962908472,25725081.89542898,0.0,38626313.104571015,38626313.104571015,0,False
2021-10-22,2021-10-21,2021-09-30,0.05052614115781127,0.6333333333333333,,1.6955752108729005,25727548.684103888,0.0,36987443.31589611,36987443.31589611,0,False
2021-10-25,2021-10-22,2021-09-30,0.05052614115781127,0.6333333333333333,,1.687203089022096,25734949.75975274,0.0,37448827.240247265,37448827.240247265,0,False
2021-10-26,2021-10-25,2021-09-30,0.05052614115781127,0.6333333333333333,,1.695355108650178,25737417.49466121,0.0,37013343.50533879,37013343.50533879,0,False
2021-10-27,2021-10-26,2021-09-30,0.05052614115781127,0.6333333333333333,,1.714670699697998,25739885.466201793,0.0,36016427.5337982,36016427.5337982,0,False
2021-10-28,2021-10-27,2021-09-30,0.05052614115781127,0.6333333333333333,,1.6993739264749848,23946389.88099718,0.0,34239752.11900282,34239752.11900282,0,False
2021-10-29,2021-10-28,2021-09-30,0.05052614115781127,0.6333333333333333,,1.6977426390240307,23948686.110163853,0.0,34323093.88983615,34323093.88983615,0,False
2021-11-01,2021-10-29,2021-10-29,0.049194598263614844,0.55,,1.682533888139149,23955575.45822294,0.0,35098001.54177706,35098001.54177706,0,False
2021-11-02,2021-11-01,2021-10-29,0.049194598263614844,0.55,,1.6660191623609295,22405158.03557988,112.15655149257509,33640242.12097162,33640242.12097162,0,False
2021-11-03,2021-11-02,2021-10-29,0.049194598263614844,0.55,,1.665999207156035,22987221.025620017,0.0,34515387.97437999,34515387.97437999,0,False
2021-11-04,2021-11-03,2021-10-29,0.049194598263614844,0.55,,1.669549523655826,22989425.279690966,0.0,34335660.720309034,34335660.720309034,0,False
2021-11-05,2021-11-04,2021-10-29,0.049194598263614844,0.55,,1.681921957393322,22991629.745128743,0.0,33715925.25487126,33715925.25487126,0,False
2021-11-08,2021-11-05,2021-10-29,0.049194598263614844,0.55,,1.6780792470246682,22998243.77560337,0.0,33916749.22439663,33916749.22439663,0,False
2021-11-09,2021-11-08,2021-10-29,0.049194598263614844,0.55,,1.6841742998731024,23000449.086650345,0.0,33617820.91334966,33617820.91334966,0,False
2021-11-10,2021-11-09,2021-10-29,0.049194598263614844,0.55,,1.6926940931767434,23002654.609165505,0.0,33207522.390834495,33207522.390834495,0,False
2021-11-11,2021-11-10,2021-10-29,0.049194598263614844,0.55,,1.6752099635378637,23004860.343169123,0.0,34070676.65683088,34070676.65683088,0,False
2021-11-12,2021-11-11,2021-10-29,0.049194598263614844,0.55,,1.6863159778297399,23007066.28868148,0.0,33522556.71131852,33522556.71131852,0,False
2021-11-15,2021-11-12,2021-10-29,0.049194598263614844,0.55,,1.6831612947610992,23013684.759805623,0.0,33687044.24019438,33687044.24019438,0,False
2021-11-16,2021-11-15,2021-10-29,0.049194598263614844,0.55,,1.69043888049107,23015891.55149492,0.0,33335161.44850508,33335161.44850508,0,False
2021-11-17,2021-11-16,2021-10-29,0.049194598263614844,0.55,,1.6831196637451638,23018098.55479438,0.0,33695558.44520562,33695558.44520562,0,False
2021-11-18,2021-11-17,2021-10-29,0.049194598263614844,0.55,,1.6821100094507704,23020305.76972429,0.0,33748670.230275705,33748670.230275705,0,False
2021-11-19,2021-11-18,2021-10-29,0.049194598263614844,0.55,,1.6666866668355549,23022513.19630495,0.0,34532733.80369505,34532733.80369505,0,False
2021-11-22,2021-11-19,2021-10-29,0.049194598263614844,0.55,,1.6742593375961121,23029136.111060053,0.0,34154715.88893995,34154715.88893995,0,False
2021-11-23,2021-11-22,2021-10-29,0.049194598263614844,0.55,,1.669350790937964,23031344.384385772,0.0,34408481.61561423,34408481.61561423,0,False
2021-11-24,2021-11-23,2021-10-29,0.049194598263614844,0.55,,1.6659886804565511,23255577.28946373,0.0,34918877.71053627,34918877.71053627,0,False
2021-11-25,2021-11-24,2021-10-29,0.049194598263614844,0.55,,1.673147088902312,23257807.276327103,0.0,34550854.7236729,34550854.7236729,0,False
2021-11-26,2021-11-25,2021-10-29,0.049194598263614844,0.55,,1.6834903498450164,23260037.477024835,0.0,34031259.52297516,34031259.52297516,0,False
2021-11-29,2021-11-26,2021-10-29,0.049194598263614844,0.55,,1.68997244638821,23266728.72068261,0.0,33721243.279317394,33721243.279317394,0,False
2021-11-30,2021-11-29,2021-10-29,0.049194598263614844,0.55,,1.6976982968857224,23268959.776861306,0.0,33351034.223138694,33351034.223138694,0,False
2021-12-01,2021-11-30,2021-11-30,0.053382653061224486,0.7666666666666667,,1.676194282750112,23271191.046976894,0.0,34414947.953023106,34414947.953023106,0,False
2021-12-02,2021-12-01,2021-11-30,0.053382653061224486,0.7666666666666667,,1.6670928960729974,23273422.531049892,0.0,34887828.46895011,34887828.46895011,0,False
2021-12-03,2021-12-02,2021-11-30,0.053382653061224486,0.7666666666666667,,1.6474097073796765,23275654.229100816,0.0,35951969.770899184,35951969.770899184,0,False
2021-12-06,2021-12-03,2021-11-30,0.053382653061224486,0.7666666666666667,,1.6513957008421434,23282349.965248913,0.0,35742253.03475109,35742253.03475109,0,False
2021-12-07,2021-12-06,2021-11-30,0.053382653061224486,0.7666666666666667,,1.64335050605204,23284582.51935517,0.0,36192685.48064483,36192685.48064483,0,False
2021-12-08,2021-12-07,2021-11-30,0.053382653061224486,0.7666666666666667,,1.6659969158674623,23655585.84784196,0.0,35519062.15215804,35519062.15215804,0,False
2021-12-09,2021-12-08,2021-11-30,0.053382653061224486,0.7666666666666667,,1.6675525939945912,23657854.19169038,0.0,35439685.808309615,35439685.808309615,0,False
2021-12-10,2021-12-09,2021-11-30,0.053382653061224486,0.7666666666666667,,1.6772050383283266,23660122.75305123,0.0,34937901.24694877,34937901.24694877,0,False
2021-12-13,2021-12-10,2021-11-30,0.053382653061224486,0.7666666666666667,,1.6659958150818266,23397152.700237412,256.78972380020423,35130695.08948639,35130695.08948639,0,False
2021-12-14,2021-12-13,2021-11-30,0.053382653061224486,0.7666666666666667,,1.6756269055204365,23300989.381201304,0.0,34487953.618798696,34487953.618798696,0,False
2021-12-15,2021-12-14,2021-11-30,0.053382653061224486,0.7666666666666667,,1.6710451982756016,23303223.722648818,0.0,34726757.277351186,34726757.277351186,0,False
2021-12-16,2021-12-15,2021-11-30,0.053382653061224486,0.7666666666666667,,1.6659974727721945,24111406.92294825,0.0,36203451.07705175,36203451.07705175,0,False
2021-12-17,2021-12-16,2021-11-30,0.053382653061224486,0.7666666666666667,,1.6873938821955656,24113718.975666888,0.0,35079915.02433311,35079915.02433311,0,False
2021-12-20,2021-12-17,2021-11-30,0.053382653061224486,0.7666666666666667,,1.693907161871213,24120655.79893386,0.0,34760638.20106614,34760638.20106614,0,False
2021-12-21,2021-12-20,2021-11-30,0.053382653061224486,0.7666666666666667,,1.6874305528751923,24122968.73853102,0.0,35091499.26146898,35091499.26146898,0,False
2021-12-22,2021-12-21,2021-11-30,0.053382653061224486,0.7666666666666667,,1.6933416337123717,24125281.899916906,0.0,34795663.1000831,34795663.1000831,0,False
2021-12-23,2021-12-22,2021-11-30,0.053382653061224486,0.7666666666666667,,1.6856730654770669,24127595.283112787,0.0,35188191.71688721,35188191.71688721,0,False
2021-12-24,2021-12-23,2021-11-30,0.053382653061224486,0.7666666666666667,,1.6662448211788192,22890282.878498804,296.0149188705616,34356720.13642007,34356720.13642007,0,False
2021-12-27,2021-12-24,2021-11-30,0.053382653061224486,0.7666666666666667,,1.6678163645777593,22896571.739476487,0.0,34285730.26052351,34285730.26052351,0,False
2021-12-28,2021-12-27,2021-11-30,0.053382653061224486,0.7666666666666667,,1.6702485870090693,22898767.301150136,0.0,34164588.698849864,34164588.698849864,0,False
2021-12-29,2021-12-28,2021-11-30,0.053382653061224486,0.7666666666666667,,1.6673057707518981,22900963.073357094,0.0,34318544.92664291,34318544.92664291,0,False
2021-12-30,2021-12-29,2021-11-30,0.053382653061224486,0.7666666666666667,,1.6733046453171052,22903159.056117553,0.0,34016041.94388245,34016041.94388245,0,False
2021-12-31,2021-12-30,2021-11-30,0.053382653061224486,0.7666666666666667,,1.6710470446877446,22905355.2494517,0.0,34133754.7505483,34133754.7505483,0,False
2022-01-04,2021-12-31,2021-12-31,0.04704031563201197,0.48333333333333334,,1.6667394130530393,22914140.865163818,0.0,34367461.13483618,34367461.13483618,0,False
2022-01-05,2022-01-04,2021-12-31,0.04704031563201197,0.48333333333333334,,1.6664363677499545,22916338.111548148,0.0,34386385.88845185,34386385.88845185,0,False
2022-01-06,2022-01-05,2021-12-31,0.04704031563201197,0.48333333333333334,,1.6689192067346923,22918535.56862734,0.0,34262038.43137266,34262038.43137266,0,False
2022-01-07,2022-01-06,2021-12-31,0.04704031563201197,0.48333333333333334,,1.6659995677825006,23278212.41837159,0.0,34952293.58162841,34952293.58162841,0,False
2022-01-10,2022-01-07,2021-12-31,0.04704031563201197,0.48333333333333334,,1.6659942713256601,23712866.733097155,0.0,35605211.26690285,35605211.26690285,0,False
2022-01-11,2022-01-10,2021-12-31,0.04704031563201197,0.48333333333333334,,1.6659978607980537,23789868.696483202,0.0,35720638.3035168,35720638.3035168,0,False
2022-01-12,2022-01-11,2021-12-31,0.04704031563201197,0.48333333333333334,,1.667628271151729,23792149.916769166,0.0,35636822.08323084,35636822.08323084,0,False
2022-01-13,2022-01-12,2021-12-31,0.04704031563201197,0.48333333333333334,,1.665999255494004,24267627.35519228,0.0,36437919.64480772,36437919.64480772,0,False
2022-01-14,2022-01-13,2021-12-31,0.04704031563201197,0.48333333333333334,,1.666019633459795,23173861.34962372,32.07310135244751,34794513.72347763,34794513.72347763,0,False
2022-01-17,2022-01-14,2021-12-31,0.04704031563201197,0.48333333333333334,,1.6659986902694746,23181266.737397328,0.0,34806775.26260267,34806775.26260267,0,False
2022-01-18,2022-01-17,2021-12-31,0.04704031563201197,0.48333333333333334,,1.6660016110907323,24141131.895911325,0.0,36247858.10408868,36247858.10408868,0,False
2022-01-19,2022-01-18,2021-12-31,0.04704031563201197,0.48333333333333334,,1.6659995429717298,24305912.636599835,0.0,36495389.36340016,36495389.36340016,0,False
2022-01-20,2022-01-19,2021-12-31,0.04704031563201197,0.48333333333333334,,1.665996754655008,24523778.83057129,0.0,36822670.169428706,36822670.169428706,0,False
2022-01-21,2022-01-20,2021-12-31,0.04704031563201197,0.48333333333333334,,1.6659991538513708,24641475.11232162,0.0,36999258.887678385,36999258.887678385,0,False
2022-01-24,2022-01-21,2021-12-31,0.04704031563201197,0.48333333333333334,,1.667656904055598,24648563.75584708,0.0,36918009.24415292,36918009.24415292,0,False
2022-01-25,2022-01-24,2021-12-31,0.04704031563201197,0.48333333333333334,,1.6892356000774968,24650927.316755176,0.0,35765603.683244824,35765603.683244824,0,False
2022-01-26,2022-01-25,2021-12-31,0.04704031563201197,0.48333333333333334,,1.681814964728974,24653291.104306098,0.0,36158330.8956939,36158330.8956939,0,False
2022-01-27,2022-01-26,2021-12-31,0.04704031563201197,0.48333333333333334,,1.6837264722969305,24655655.11852158,0.0,36060699.88147842,36060699.88147842,0,False
2022-01-28,2022-01-27,2021-12-31,0.04704031563201197,0.48333333333333334,,1.69139011051426,24352367.920603354,0.0,35222326.07939665,35222326.07939665,0,False
2022-02-07,2022-01-28,2022-01-28,0.05336485209003215,0.75,,1.6659972075093723,24591447.233720645,0.0,36924249.766279355,36924249.766279355,0,False
2022-02-08,2022-02-07,2022-01-28,0.05336485209003215,0.75,,1.6660018678561623,25749364.28942196,0.0,38662600.71057804,38662600.71057804,0,False
2022-02-09,2022-02-08,2022-01-28,0.05336485209003215,0.75,,1.6701560620913962,25751833.406545606,0.0,38426621.59345439,38426621.59345439,0,False
2022-02-10,2022-02-09,2022-01-28,0.05336485209003215,0.75,,1.6659969787098134,26188127.242353905,0.0,39321690.7576461,39321690.7576461,0,False
2022-02-11,2022-02-10,2022-01-28,0.05336485209003215,0.75,,1.6659994788473516,26502369.40550742,0.0,39793378.594492584,39793378.594492584,0,False
2022-02-14,2022-02-11,2022-01-28,0.05336485209003215,0.75,,1.6838048238216974,26509993.374788456,0.0,38768362.625211544,38768362.625211544,0,False
2022-02-15,2022-02-14,2022-01-28,0.05336485209003215,0.75,,1.6947420713941983,26512535.428947683,0.0,38161695.57105231,38161695.57105231,0,False
2022-02-16,2022-02-15,2022-01-28,0.05336485209003215,0.75,,1.684523240442187,26515077.726865526,0.0,38735102.27313447,38735102.27313447,0,False
2022-02-17,2022-02-16,2022-01-28,0.05336485209003215,0.75,,1.6861949727529644,26517620.268565364,0.0,38644439.731434636,38644439.731434636,0,False
2022-02-18,2022-02-17,2022-01-28,0.05336485209003215,0.75,,1.6659976331833044,26706594.20068057,0.0,40100133.79931943,40100133.79931943,0,False
2022-02-21,2022-02-18,2022-01-28,0.05336485209003215,0.75,,1.6659975953632988,26797079.94780022,0.0,40236001.05219978,40236001.05219978,0,False
2022-02-22,2022-02-21,2022-01-28,0.05336485209003215,0.75,,1.6666985728732193,26799649.53080891,0.0,40197550.46919109,40197550.46919109,0,False
2022-02-23,2022-02-22,2022-01-28,0.05336485209003215,0.75,,1.6751399861998755,26802219.360215973,0.0,39698758.63978402,39698758.63978402,0,False
2022-02-24,2022-02-23,2022-01-28,0.05336485209003215,0.75,,1.6874433149313008,26804789.436045036,0.0,38991999.563954964,38991999.563954964,0,False
2022-02-25,2022-02-24,2022-01-28,0.05336485209003215,0.75,,1.7082629129864577,26807359.758319724,0.0,37849447.24168028,37849447.24168028,0,False
2022-02-28,2022-02-25,2022-01-28,0.05336485209003215,0.75,,1.7070467865438785,26815071.464551568,0.0,37925455.53544843,37925455.53544843,0,False
2022-03-01,2022-02-28,2022-02-28,0.05180449482895784,0.6833333333333333,,1.683939099416981,26817642.772774197,0.0,39210571.2272258,39210571.2272258,0,False
2022-03-02,2022-03-01,2022-02-28,0.05180449482895784,0.6833333333333333,,1.6797414527052799,26820214.327560626,0.0,39456493.672439374,39456493.672439374,0,False
2022-03-03,2022-03-02,2022-02-28,0.05180449482895784,0.6833333333333333,,1.6710596967299682,26822786.128934503,0.0,39970789.8710655,39970789.8710655,0,False
2022-03-04,2022-03-03,2022-02-28,0.05180449482895784,0.6833333333333333,,1.668952344976951,26825358.176919468,0.0,40100551.82308053,40100551.82308053,0,False
2022-03-07,2022-03-04,2022-02-28,0.05180449482895784,0.6833333333333333,,1.6780309221965002,26833075.06077858,0.0,39575001.93922142,39575001.93922142,0,False
2022-03-08,2022-03-07,2022-02-28,0.05180449482895784,0.6833333333333333,,1.6660202445998238,25270943.696481284,64.85430783577783,37943109.15782654,37943109.15782654,0,False
2022-03-09,2022-03-08,2022-02-28,0.05180449482895784,0.6833333333333333,,1.665993506328378,25287827.228549823,0.0,37970080.77145018,37970080.77145018,0,False
2022-03-10,2022-03-09,2022-02-28,0.05180449482895784,0.6833333333333333,,1.6705584871420758,25290252.088695027,0.0,37715206.91130497,37715206.91130497,0,False
2022-03-11,2022-03-10,2022-02-28,0.05180449482895784,0.6833333333333333,,1.665995953017837,25654339.95989107,0.0,38520264.040108934,38520264.040108934,0,False
2022-03-14,2022-03-11,2022-02-28,0.05180449482895784,0.6833333333333333,,1.6827218812799758,25661719.975495968,0.0,37587370.024504036,37587370.024504036,0,False
2022-03-15,2022-03-14,2022-02-28,0.05180449482895784,0.6833333333333333,,1.7420824417874143,25661157.23367033,0.0,34579927.76632967,34579927.76632967,0,False
2022-03-16,2022-03-15,2022-02-28,0.05180449482895784,0.6833333333333333,,1.7012865706145115,25663617.89258315,0.0,36595051.10741685,36595051.10741685,0,False
2022-03-17,2022-03-16,2022-02-28,0.05180449482895784,0.6833333333333333,,1.7046613575990994,25666078.78744956,0.0,36423281.21255044,36423281.21255044,0,False
2022-03-18,2022-03-17,2022-02-28,0.05180449482895784,0.6833333333333333,,1.670704392119656,25668539.918292195,0.0,38271018.081707805,38271018.081707805,0,False
2022-03-21,2022-03-18,2022-02-28,0.05180449482895784,0.6833333333333333,,1.6659652599675283,25714513.404656634,0.0,38612394.595343366,38612394.595343366,0,False
2022-03-22,2022-03-21,2022-02-28,0.05180449482895784,0.6833333333333333,,1.6659928885515742,26435888.251214616,0.0,39693949.748785384,39693949.748785384,0,False
2022-03-23,2022-03-22,2022-02-28,0.05180449482895784,0.6833333333333333,,1.6731996046025555,26438423.19940309,0.0,39272784.80059691,39272784.80059691,0,False
2022-03-24,2022-03-23,2022-02-28,0.05180449482895784,0.6833333333333333,,1.670907984012152,26440958.390668783,0.0,39410707.60933122,39410707.60933122,0,False
2022-03-25,2022-03-24,2022-02-28,0.05180449482895784,0.6833333333333333,,1.6659906577031276,26456755.95760501,0.0,39725416.04239499,39725416.04239499,0,False
2022-03-28,2022-03-25,2022-02-28,0.05180449482895784,0.6833333333333333,,1.6659778305473725,27250007.216149252,0.0,40917288.783850744,40917288.783850744,0,False
2022-03-29,2022-03-28,2022-02-28,0.05180449482895784,0.6833333333333333,,1.665997316767018,28326499.344249837,0.0,42532452.65575016,42532452.65575016,0,False
2022-03-30,2022-03-29,2022-02-28,0.05180449482895784,0.6833333333333333,,1.6790822700720434,28329215.583912984,0.0,41716912.41608702,41716912.41608702,0,False
2022-03-31,2022-03-30,2022-02-28,0.05180449482895784,0.6833333333333333,,1.6638981751776172,28667753.54536747,0.0,43180949.454632536,43180949.454632536,0,False
2022-04-01,2022-03-31,2022-03-31,0.057446232081911255,0.8666666666666667,,1.6604505129578482,28670502.508036204,0.0,43410523.4919638,43410523.4919638,0,False
2022-04-06,2022-04-01,2022-03-31,0.057446232081911255,0.8666666666666667,,1.6659967203695698,28828804.53877567,0.0,43286706.46122433,43286706.46122433,0,False
2022-04-07,2022-04-06,2022-03-31,0.057446232081911255,0.8666666666666667,,1.665995769608501,28887007.042210348,0.0,43374159.95778965,43374159.95778965,0,False
2022-04-08,2022-04-07,2022-03-31,0.057446232081911255,0.8666666666666667,,1.6659957223150315,29802241.389226995,0.0,44748397.610773005,44748397.610773005,0,False
2022-04-11,2022-04-08,2022-03-31,0.057446232081911255,0.8666666666666667,,1.6681988210844132,29810814.636749923,0.0,44613689.36325008,44613689.36325008,0,False
2022-04-12,2022-04-11,2022-03-31,0.057446232081911255,0.8666666666666667,,1.665995808547433,29984158.95938646,0.0,45021543.04061354,45021543.04061354,0,False
2022-04-13,2022-04-12,2022-03-31,0.057446232081911255,0.8666666666666667,,1.6659978451168702,30469459.213631332,0.0,45750086.78636867,45750086.78636867,0,False
2022-04-14,2022-04-13,2022-03-31,0.057446232081911255,0.8666666666666667,,1.6659962558139805,31084786.299777023,0.0,46674115.70022298,46674115.70022298,0,False
2022-04-15,2022-04-14,2022-03-31,0.057446232081911255,0.8666666666666667,,1.6845634488053636,31087767.032709878,0.0,45412542.96729012,45412542.96729012,0,False
2022-04-18,2022-04-15,2022-03-31,0.057446232081911255,0.8666666666666667,,1.7073400699685284,31096710.08897956,0.0,43962884.91102044,43962884.91102044,0,False
2022-04-19,2022-04-18,2022-03-31,0.057446232081911255,0.8666666666666667,,1.6879264122342568,31099691.965289462,0.0,45207876.03471054,45207876.03471054,0,False
2022-04-20,2022-04-19,2022-03-31,0.057446232081911255,0.8666666666666667,,1.7166727486965954,31102674.12753271,0.0,43398711.872467294,43398711.872467294,0,False
2022-04-21,2022-04-20,2022-03-31,0.057446232081911255,0.8666666666666667,,1.7214754619123656,31105656.57573672,0.0,43113949.42426328,43113949.42426328,0,False
2022-04-22,2022-04-21,2022-03-31,0.057446232081911255,0.8666666666666667,,1.6660185602236555,29227763.439587347,99.60297843453009,43884158.16339109,43884158.16339109,0,False
2022-04-25,2022-04-22,2022-03-31,0.057446232081911255,0.8666666666666667,,1.666021330704796,27722724.3096477,1.7338458936601455,41624376.42419819,41624376.42419819,0,False
2022-04-26,2022-04-25,2022-03-31,0.057446232081911255,0.8666666666666667,,1.6825649689302946,27725380.919228762,0.0,40619402.08077124,40619402.08077124,0,False
2022-04-27,2022-04-26,2022-03-31,0.057446232081911255,0.8666666666666667,,1.6676881965827546,27728039.5173991,0.0,41528425.4826009,41528425.4826009,0,False
2022-04-28,2022-04-27,2022-03-31,0.057446232081911255,0.8666666666666667,,1.6659981501692536,29227202.967903506,0.0,43884811.03209649,43884811.03209649,0,False
2022-04-29,2022-04-28,2022-03-31,0.057446232081911255,0.8666666666666667,,1.66713975746454,29230005.576407276,0.0,43813916.423592724,43813916.423592724,0,False
2022-05-05,2022-04-29,2022-04-29,0.06082006601248884,0.9333333333333333,,1.6873821271251361,29246822.839889593,0.0,42548128.16011041,42548128.16011041,0,False
2022-05-06,2022-05-05,2022-04-29,0.06082006601248884,0.9333333333333333,,1.7020533139415428,29249627.32975095,0.0,41662971.670249045,41662971.670249045,0,False
2022-05-09,2022-05-06,2022-04-29,0.06082006601248884,0.9333333333333333,,1.7088489416376647,29258041.606106084,0.0,41275425.39389391,41275425.39389391,0,False
2022-05-10,2022-05-09,2022-04-29,0.06082006601248884,0.9333333333333333,,1.7226222519532615,29260847.171739545,0.0,40492590.82826045,40492590.82826045,0,False
2022-05-11,2022-05-10,2022-04-29,0.06082006601248884,0.9333333333333333,,1.710150721011363,29263653.006399848,0.0,41207664.99360015,41207664.99360015,0,False
2022-05-12,2022-05-11,2022-04-29,0.06082006601248884,0.9333333333333333,,1.7195474840989942,29266459.11011279,0.0,40673422.88988721,40673422.88988721,0,False
2022-05-13,2022-05-12,2022-04-29,0.06082006601248884,0.9333333333333333,,1.6948483811691828,29269265.48290417,0.0,42123240.517095834,42123240.517095834,0,False
2022-05-16,2022-05-13,2022-04-29,0.06082006601248884,0.9333333333333333,,1.6855669648784837,29277685.408591032,0.0,42705799.59140897,42705799.59140897,0,False
2022-05-17,2022-05-16,2022-04-29,0.06082006601248884,0.9333333333333333,,1.687950839223708,29280492.85787679,0.0,42561897.14212321,42561897.14212321,0,False
2022-05-18,2022-05-17,2022-04-29,0.06082006601248884,0.9333333333333333,,1.6986968834373066,29283300.57637001,0.0,41911308.42362999,41911308.42362999,0,False
2022-05-19,2022-05-18,2022-04-29,0.06082006601248884,0.9333333333333333,,1.6958157800624873,29286108.56409651,0.0,42088882.43590349,42088882.43590349,0,False
2022-05-20,2022-05-19,2022-04-29,0.06082006601248884,0.9333333333333333,,1.6778039529121238,29288916.821082108,0.0,43211487.17891789,43211487.17891789,0,False
2022-05-23,2022-05-20,2022-04-29,0.06082006601248884,0.9333333333333333,,1.6704020678444171,29297342.399893653,0.0,43701151.60010634,43701151.60010634,0,False
2022-05-24,2022-05-23,2022-04-29,0.06082006601248884,0.9333333333333333,,1.6740513840944082,29300151.73409638,0.0,43468721.26590362,43468721.26590362,0,False
2022-05-25,2022-05-24,2022-04-29,0.06082006601248884,0.9333333333333333,,1.66601847940832,29302961.33768732,0.0,43997219.66231268,43997219.66231268,0,False
2022-05-26,2022-05-25,2022-04-29,0.06082006601248884,0.9333333333333333,,1.6659966525491834,30059489.110542305,0.0,45134594.889457695,45134594.889457695,0,False
2022-05-27,2022-05-26,2022-04-29,0.06082006601248884,0.9333333333333333,,1.6660215412814852,30346959.89820633,0.0,45564532.10179367,45564532.10179367,0,False
2022-05-30,2022-05-27,2022-04-29,0.06082006601248884,0.9333333333333333,,1.6660227215437722,29714144.214847516,12.108253207934581,44614291.89340569,44614291.89340569,0,False
2022-05-31,2022-05-30,2022-04-29,0.06082006601248884,0.9333333333333333,,1.6669427551544054,29716981.40809436,0.0,44557019.59190564,44557019.59190564,0,False
2022-06-01,2022-05-31,2022-05-31,0.060913222614840994,0.9333333333333333,,1.666000435112996,30012373.12710404,0.0,45063593.872895956,45063593.872895956,0,False
2022-06-02,2022-06-01,2022-05-31,0.060913222614840994,0.9333333333333333,,1.6660173320714589,29567789.928752568,261.27255551936105,44394533.343802944,44394533.343802944,0,False
2022-06-06,2022-06-02,2022-05-31,0.060913222614840994,0.9333333333333333,,1.6659920456212605,29836609.285626706,0.0,44800248.71437329,44800248.71437329,0,False
2022-06-07,2022-06-06,2022-05-31,0.060913222614840994,0.9333333333333333,,1.6660240859752278,29859096.348732725,0.0,44831856.651267275,44831856.651267275,0,False
2022-06-08,2022-06-07,2022-05-31,0.060913222614840994,0.9333333333333333,,1.6660184024668465,30511132.925532464,0.0,45811246.07446754,45811246.07446754,0,False
2022-06-09,2022-06-08,2022-05-31,0.060913222614840994,0.9333333333333333,,1.6660237599977568,31060697.63489751,0.0,46636020.365102485,46636020.365102485,0,False
2022-06-10,2022-06-09,2022-05-31,0.060913222614840994,0.9333333333333333,,1.6660194349624324,31599583.88493839,0.0,47445438.11506161,47445438.11506161,0,False
2022-06-13,2022-06-10,2022-05-31,0.060913222614840994,0.9333333333333333,,1.6660201637635208,31082567.53465549,141.68076252718066,46668896.14610704,46668896.14610704,0,False
2022-06-14,2022-06-13,2022-05-31,0.060913222614840994,0.9333333333333333,,1.6660194326466304,31659433.322137516,0.0,47535299.67786248,47535299.67786248,0,False
2022-06-15,2022-06-14,2022-05-31,0.060913222614840994,0.9333333333333333,,1.6660171272883177,31951742.060389504,0.0,47974354.939610496,47974354.939610496,0,False
2022-06-16,2022-06-15,2022-05-31,0.060913222614840994,0.9333333333333333,,1.6660161508866937,31375940.035239693,326.07581316377036,47109389.04057346,47109389.04057346,0,False
2022-06-17,2022-06-16,2022-05-31,0.060913222614840994,0.9333333333333333,,1.6660184249570176,31526337.87946073,0.0,47335534.12053927,47335534.12053927,0,False
2022-06-20,2022-06-17,2022-05-31,0.060913222614840994,0.9333333333333333,,1.670221906937314,31535407.099946603,0.0,47052187.9000534,47052187.9000534,0,False
2022-06-21,2022-06-20,2022-05-31,0.060913222614840994,0.9333333333333333,,1.6659946795003788,31660368.454733174,0.0,47538470.54526682,47538470.54526682,0,False
2022-06-22,2022-06-21,2022-05-31,0.060913222614840994,0.9333333333333333,,1.674539308133024,31663404.38047541,0.0,46940784.61952459,46940784.61952459,0,False
2022-06-23,2022-06-22,2022-05-31,0.060913222614840994,0.9333333333333333,,1.668984305303841,31666440.59733381,0.0,47335102.40266619,47335102.40266619,0,False
2022-06-24,2022-06-23,2022-05-31,0.060913222614840994,0.9333333333333333,,1.6692148067904324,31669306.705336295,0.0,47323081.294663705,47323081.294663705,0,False
2022-06-27,2022-06-24,2022-05-31,0.060913222614840994,0.9333333333333333,,1.6672177334139024,31678417.05384057,0.0,47478379.94615943,47478379.94615943,0,False
2022-06-28,2022-06-27,2022-05-31,0.060913222614840994,0.9333333333333333,,1.6659986788455985,31746141.82507039,0.0,47666974.17492961,47666974.17492961,0,False
2022-06-29,2022-06-28,2022-05-31,0.060913222614840994,0.9333333333333333,,1.666000114619106,31897202.218206353,0.0,47893688.78179365,47893688.78179365,0,False
2022-06-30,2022-06-29,2022-05-31,0.060913222614840994,0.9333333333333333,,1.6659988312305283,31811166.42121236,117.28531686356291,47764421.86410451,47764421.86410451,0,False
2022-07-01,2022-06-30,2022-06-30,0.053029768480909824,0.6833333333333333,,1.665995550976938,31923905.59905671,0.0,47934112.400943294,47934112.400943294,0,False
2022-07-04,2022-07-01,2022-06-30,0.053029768480909824,0.6833333333333333,,1.6674671173410196,31933089.18833863,0.0,47842190.81166137,47842190.81166137,0,False
2022-07-05,2022-07-04,2022-06-30,0.053029768480909824,0.6833333333333333,,1.6675900777752939,31936151.265384085,0.0,47837965.734615915,47837965.734615915,0,False
2022-07-06,2022-07-05,2022-06-30,0.053029768480909824,0.6833333333333333,,1.6723382698166704,31936383.08547337,0.0,47500468.91452663,47500468.91452663,0,False
2022-07-07,2022-07-06,2022-06-30,0.053029768480909824,0.6833333333333333,,1.673387583518992,31939445.478371978,0.0,47430998.52162802,47430998.52162802,0,False
2022-07-08,2022-07-07,2022-06-30,0.053029768480909824,0.6833333333333333,,1.6715286004300556,31939604.7463647,0.0,47562538.2536353,47562538.2536353,0,False
2022-07-11,2022-07-08,2022-06-30,0.053029768480909824,0.6833333333333333,,1.6660024034296477,31822404.506674774,265.5307850900572,47780817.02411031,47780817.02411031,0,False
2022-07-12,2022-07-11,2022-06-30,0.053029768480909824,0.6833333333333333,,1.6660025020281113,31976588.99109553,0.0,48012716.00890447,48012716.00890447,0,False
2022-07-13,2022-07-12,2022-06-30,0.053029768480909824,0.6833333333333333,,1.677386965423892,31979655.239354953,0.0,47210319.76064505,47210319.76064505,0,False
2022-07-14,2022-07-13,2022-06-30,0.053029768480909824,0.6833333333333333,,1.6963487374262582,31982721.78163818,0.0,45929173.218361825,45929173.218361825,0,False
2022-07-15,2022-07-14,2022-06-30,0.053029768480909824,0.6833333333333333,,1.6659988334213824,30421336.06682972,80.69501631267184,45677640.62818659,45677640.62818659,0,False
2022-07-18,2022-07-15,2022-06-30,0.053029768480909824,0.6833333333333333,,1.6659947098887555,31019127.511225507,0.0,46575636.48877449,46575636.48877449,0,False
2022-07-19,2022-07-18,2022-06-30,0.053029768480909824,0.6833333333333333,,1.6659984334316813,31325140.247710146,0.0,47034855.752289854,47034855.752289854,0,False
2022-07-20,2022-07-19,2022-06-30,0.053029768480909824,0.6833333333333333,,1.66599821104192,31588362.649181847,0.0,47430101.35081816,47430101.35081816,0,False
2022-07-21,2022-07-20,2022-06-30,0.053029768480909824,0.6833333333333333,,1.6720582149233416,31591391.670257796,0.0,47006927.32974221,47006927.32974221,0,False
2022-07-22,2022-07-21,2022-06-30,0.053029768480909824,0.6833333333333333,,1.6684454468724645,31594420.98178782,0.0,47265519.018212184,47265519.018212184,0,False
2022-07-25,2022-07-22,2022-06-30,0.053029768480909824,0.6833333333333333,,1.6659971176146064,31635435.106973678,0.0,47500858.89302632,47500858.89302632,0,False
2022-07-26,2022-07-25,2022-06-30,0.053029768480909824,0.6833333333333333,,1.6660000303357347,31809014.35706695,0.0,47761280.64293305,47761280.64293305,0,False
2022-07-27,2022-07-26,2022-06-30,0.053029768480909824,0.6833333333333333,,1.6708078662843782,31812064.53652585,0.0,47423511.463474154,47423511.463474154,0,False
2022-07-28,2022-07-27,2022-06-30,0.053029768480909824,0.6833333333333333,,1.6742719709382146,31815115.008467708,0.0,47184394.991532296,47184394.991532296,0,False
2022-07-29,2022-07-28,2022-06-30,0.053029768480909824,0.6833333333333333,,1.6660220823921819,31220267.965234898,44.75235432316549,46875657.787119426,46875657.787119426,0,False
2022-08-01,2022-07-29,2022-07-29,0.05985258741258742,0.9,,1.6706493958533097,31081568.498716876,0.0,46345480.501283124,46345480.501283124,0,False
2022-08-02,2022-08-01,2022-07-29,0.05985258741258742,0.9,,1.681881712648755,31084548.923093464,0.0,45586424.07690653,45586424.07690653,0,False
2022-08-03,2022-08-02,2022-07-29,0.05985258741258742,0.9,,1.3164805164821545,30098355.094246063,15830374.57122189,45083282.47697583,45083282.47697583,0,False
2022-08-04,2022-08-03,2022-07-29,0.05985258741258742,0.9,,1.469435647321097,30101241.237885237,8793180.56502189,45390802.32713665,45390802.32713665,0,False
2022-08-05,2022-08-04,2022-07-29,0.05985258741258742,0.9,,1.6659831547879387,30435744.71059602,0.0,45700472.289403975,45700472.289403975,0,False
2022-08-08,2022-08-05,2022-07-29,0.05985258741258742,0.9,,1.6659965124544622,30469698.45073044,0.0,45750537.54926956,45750537.54926956,0,False
2022-08-09,2022-08-08,2022-07-29,0.05985258741258742,0.9,,1.667223426725573,30472620.202636674,0.0,45670788.797363326,45670788.797363326,0,False
2022-08-10,2022-08-09,2022-07-29,0.05985258741258742,0.9,,1.6659945296125402,30542895.642770898,0.0,45860580.3572291,45860580.3572291,0,False
2022-08-11,2022-08-10,2022-07-29,0.05985258741258742,0.9,,1.6659993182151287,30952129.102185957,0.0,46474715.89781404,46474715.89781404,0,False
2022-08-12,2022-08-11,2022-07-29,0.05985258741258742,0.9,,1.6700497240343295,30955097.11456562,0.0,46198208.88543438,46198208.88543438,0,False
2022-08-15,2022-08-12,2022-07-29,0.05985258741258742,0.9,,1.6741016831344138,30964002.005516384,0.0,45933725.99448362,45933725.99448362,0,False
2022-08-16,2022-08-15,2022-07-29,0.05985258741258742,0.9,,1.6755343293907505,30966971.156393625,0.0,45840706.843606375,45840706.843606375,0,False
2022-08-17,2022-08-16,2022-07-29,0.05985258741258742,0.9,,1.6719298521635575,30969940.591983963,0.0,46091032.40801604,46091032.40801604,0,False
2022-08-18,2022-08-17,2022-07-29,0.05985258741258742,0.9,,1.675824560459867,30972910.3123147,0.0,45829808.687685296,45829808.687685296,0,False
2022-08-19,2022-08-18,2022-07-29,0.05985258741258742,0.9,,1.6765002406643863,30975880.31741314,0.0,45788424.68258686,45788424.68258686,0,False
2022-08-22,2022-08-19,2022-07-29,0.05985258741258742,0.9,,1.6770957371695656,30984791.187093493,0.0,45761314.8129065,45761314.8129065,0,False
2022-08-23,2022-08-22,2022-07-29,0.05985258741258742,0.9,,1.6779352917785406,30987762.331453897,0.0,45709026.6685461,45709026.6685461,0,False
2022-08-24,2022-08-23,2022-07-29,0.05985258741258742,0.9,,1.684211026372599,30990733.760718558,0.0,45294116.239281446,45294116.239281446,0,False
2022-08-25,2022-08-24,2022-07-29,0.05985258741258742,0.9,,1.6791067581433796,30993705.474914793,0.0,45638929.52508521,45638929.52508521,0,False
2022-08-26,2022-08-25,2022-07-29,0.05985258741258742,0.9,,1.681350878425268,30996677.474069923,0.0,45492973.52593008,45492973.52593008,0,False
2022-08-29,2022-08-26,2022-07-29,0.05985258741258742,0.9,,1.6824038128242338,31005594.32649397,0.0,45435845.673506014,45435845.673506014,0,False
2022-08-30,2022-08-29,2022-07-29,0.05985258741258742,0.9,,1.63990205918143,30066695.56385981,1180065.802033844,45142267.238174036,45142267.238174036,0,False
2022-08-31,2022-08-30,2022-07-29,0.05985258741258742,0.9,,1.6660071931431688,30149513.355799757,0.0,45269050.64420024,45269050.64420024,0,False
2022-09-01,2022-08-31,2022-08-31,0.06451910163339383,0.9666666666666667,,1.6659992426815886,30202217.903105658,0.0,45348727.09689434,45348727.09689434,0,False
2022-09-02,2022-09-01,2022-08-31,0.06451910163339383,0.9666666666666667,,1.6663121547235669,30205114.006192256,0.0,45331776.99380775,45331776.99380775,0,False
2022-09-05,2022-09-02,2022-08-31,0.06451910163339383,0.9666666666666667,,1.6659972752995167,30481644.6078976,0.0,45768422.392102405,45768422.392102405,0,False
2022-09-06,2022-09-05,2022-08-31,0.06451910163339383,0.9666666666666667,,1.6659988931632341,30567504.62740575,0.0,45897230.37259425,45897230.37259425,0,False
2022-09-07,2022-09-06,2022-08-31,0.06451910163339383,0.9666666666666667,,1.669001762403437,30570435.75798646,0.0,45695598.242013544,45695598.242013544,0,False
2022-09-08,2022-09-07,2022-08-31,0.06451910163339383,0.9666666666666667,,1.6666843866134042,30573367.169634487,0.0,45858831.83036551,45858831.83036551,0,False
2022-09-09,2022-09-08,2022-08-31,0.06451910163339383,0.9666666666666667,,1.6659962687793686,30873870.44911678,0.0,46357422.55088322,46357422.55088322,0,False
2022-09-13,2022-09-09,2022-08-31,0.06451910163339383,0.9666666666666667,,1.6664885981421698,30885712.481617812,0.0,46340946.51838219,46340946.51838219,0,False
2022-09-14,2022-09-13,2022-08-31,0.06451910163339383,0.9666666666666667,,1.6699132766484615,30888674.125280432,0.0,46108466.87471957,46108466.87471957,0,False
2022-09-15,2022-09-14,2022-08-31,0.06451910163339383,0.9666666666666667,,1.666060353605522,30891636.052936282,0.0,46379634.947063714,46379634.947063714,0,False
2022-09-16,2022-09-15,2022-08-31,0.06451910163339383,0.9666666666666667,,1.6792356266002482,30894598.264612593,0.0,45484360.73538741,45484360.73538741,0,False
2022-09-19,2022-09-16,2022-08-31,0.06451910163339383,0.9666666666666667,,1.6660116865545578,30636653.511311453,26.615106848753612,46000134.103795394,46000134.103795394,0,False
2022-09-20,2022-09-19,2022-08-31,0.06451910163339383,0.9666666666666667,,1.6687780277897346,30639564.65750021,0.0,45814251.34249979,45814251.34249979,0,False
2022-09-21,2022-09-20,2022-08-31,0.06451910163339383,0.9666666666666667,,1.6676852501214081,30642502.69794682,0.0,45893634.30205318,45893634.30205318,0,False
2022-09-22,2022-09-21,2022-08-31,0.06451910163339383,0.9666666666666667,,1.6659948578749042,30645441.020123336,0.0,46014530.97987667,46014530.97987667,0,False
2022-09-23,2022-09-22,2022-08-31,0.06451910163339383,0.9666666666666667,,1.666000361993009,30877073.69069677,0.0,46361947.30930323,46361947.30930323,0,False
2022-09-26,2022-09-23,2022-08-31,0.06451910163339383,0.9666666666666667,,1.665999690546131,30236921.387055706,281.56912270919713,45400381.18206699,45400381.18206699,0,False
2022-09-27,2022-09-26,2022-08-31,0.06451910163339383,0.9666666666666667,,1.666005949593782,30119951.066331875,76.6784609418828,45224632.61212906,45224632.61212906,0,False
2022-09-28,2022-09-27,2022-08-31,0.06451910163339383,0.9666666666666667,,1.6659949398013114,30344516.992656745,0.0,45562684.007343255,45562684.007343255,0,False
2022-09-29,2022-09-28,2022-08-31,0.06451910163339383,0.9666666666666667,,1.6750535348595548,30347426.74086152,0.0,44955585.25913848,44955585.25913848,0,False
2022-09-30,2022-09-29,2022-08-31,0.06451910163339383,0.9666666666666667,,1.6659983468148403,30353201.796683248,0.0,45575491.20331675,45575491.20331675,0,False
2022-10-10,2022-09-30,2022-09-30,0.06790998376313276,1.0,,1.6682330463205013,30382307.606625274,0.0,45466634.393374726,45466634.393374726,0,False
2022-10-11,2022-10-10,2022-09-30,0.06790998376313276,1.0,,1.6660191198540013,30243584.15626069,213.29157313877772,45409163.135312445,45409163.135312445,0,False
2022-10-12,2022-10-11,2022-09-30,0.06790998376313276,1.0,,1.6659970425088269,30323887.37863117,0.0,45531564.621368825,45531564.621368825,0,False
2022-10-13,2022-10-12,2022-09-30,0.06790998376313276,1.0,,1.6676615229587604,30246541.912653778,0.0,45302209.087346226,45302209.087346226,0,False
2022-10-14,2022-10-13,2022-09-30,0.06790998376313276,1.0,,1.6659956121647659,30251076.28227787,0.0,45422335.71772213,45422335.71772213,0,False
2022-10-17,2022-10-14,2022-09-30,0.06790998376313276,1.0,,1.6682602798459432,30259778.646687843,0.0,45281426.35331216,45281426.35331216,0,False
2022-10-18,2022-10-17,2022-09-30,0.06790998376313276,1.0,,1.6699804912523835,30262680.2692978,0.0,45169494.7307022,45169494.7307022,0,False
2022-10-19,2022-10-18,2022-09-30,0.06790998376313276,1.0,,1.6727918172442722,30265582.17014554,0.0,44985062.82985446,44985062.82985446,0,False
2022-10-20,2022-10-19,2022-09-30,0.06790998376313276,1.0,,1.6719243196399578,30268484.34925775,0.0,45047460.65074225,45047460.65074225,0,False
2022-10-21,2022-10-20,2022-09-30,0.06790998376313276,1.0,,1.670348995936648,30271386.806661103,0.0,45157652.1933389,45157652.1933389,0,False
2022-10-24,2022-10-21,2022-09-30,0.06790998376313276,1.0,,1.6776916628362404,30280095.013824664,0.0,44681226.986175336,44681226.986175336,0,False
2022-10-25,2022-10-24,2022-09-30,0.06790998376313276,1.0,,1.6794890923473287,30282998.584579416,0.0,44567306.415420584,44567306.415420584,0,False
2022-10-26,2022-10-25,2022-09-30,0.06790998376313276,1.0,,1.6873743308351812,30285902.433758758,0.0,44060275.56624124,44060275.56624124,0,False
2022-10-27,2022-10-26,2022-09-30,0.06790998376313276,1.0,,1.6110367473607048,29142005.116114665,2408265.8535152692,43751442.737400606,43751442.737400606,0,False
2022-10-28,2022-10-27,2022-09-30,0.06790998376313276,1.0,,1.6659992190543844,29221433.010306146,0.0,43876076.98969385,43876076.98969385,0,False
2022-10-31,2022-10-28,2022-09-30,0.06790998376313276,1.0,,1.5864021988884573,28714629.17680621,3443609.323829565,43095029.14702335,43095029.14702335,0,False
2022-11-01,2022-10-31,2022-10-31,0.07762527263267431,1.0,,1.631743437952513,28717382.63439851,1271386.4055895652,43444845.77119106,43444845.77119106,0,False
2022-11-02,2022-11-01,2022-10-31,0.07762527263267431,1.0,,1.6660007256594527,28871806.469431423,0.0,43351013.53056858,43351013.53056858,0,False
2022-11-03,2022-11-02,2022-10-31,0.07762527263267431,1.0,,1.6675248638588835,28874574.998818904,0.0,43256179.001181096,43256179.001181096,0,False
2022-11-04,2022-11-03,2022-10-31,0.07762527263267431,1.0,,1.6660003872670794,29311199.512561806,0.0,44010784.487438194,44010784.487438194,0,False
2022-11-07,2022-11-04,2022-10-31,0.07762527263267431,1.0,,1.6681417433680195,29319631.50146268,0.0,43882352.49853732,43882352.49853732,0,False
2022-11-08,2022-11-07,2022-10-31,0.07762527263267431,1.0,,1.6659675473606577,29337073.119226515,0.0,44051805.880773485,44051805.880773485,0,False
2022-11-09,2022-11-08,2022-10-31,0.07762527263267431,1.0,,1.6667504411780014,29339886.263224248,0.0,44004299.736775756,44004299.736775756,0,False
2022-11-10,2022-11-09,2022-10-31,0.07762527263267431,1.0,,1.665993967190286,29353806.787995514,0.0,44075184.21200448,44075184.21200448,0,False
2022-11-11,2022-11-10,2022-10-31,0.07762527263267431,1.0,,1.665967583948502,29744604.209991623,0.0,44663741.79000838,44663741.79000838,0,False
2022-11-14,2022-11-11,2022-10-31,0.07762527263267431,1.0,,1.6659795711626264,29988827.797466144,0.0,45029651.202533856,45029651.202533856,0,False
2022-11-15,2022-11-14,2022-10-31,0.07762527263267431,1.0,,1.6659723483875752,30062419.216367822,0.0,45140641.783632174,45140641.783632174,0,False
2022-11-16,2022-11-15,2022-10-31,0.07762527263267431,1.0,,1.6704878744718936,30065301.9141009,0.0,44840933.0858991,44840933.0858991,0,False
2022-11-17,2022-11-16,2022-10-31,0.07762527263267431,1.0,,1.6684011946045834,30068184.888257045,0.0,44985235.11174296,44985235.11174296,0,False
2022-11-18,2022-11-17,2022-10-31,0.07762527263267431,1.0,,1.6741425961243106,30071068.13886277,0.0,44606390.861137226,44606390.861137226,0,False
2022-11-21,2022-11-18,2022-10-31,0.07762527263267431,1.0,,1.665986142307869,29716018.422407944,921.8816797475447,44618190.4592718,44618190.4592718,0,False
2022-11-22,2022-11-21,2022-10-31,0.07762527263267431,1.0,,1.665979048801845,30221121.365146782,0.0,45378486.634853214,45378486.634853214,0,False
2022-11-23,2022-11-22,2022-10-31,0.07762527263267431,1.0,,1.6659942467608084,30586622.162824128,0.0,45926255.837175876,45926255.837175876,0,False
2022-11-24,2022-11-23,2022-10-31,0.07762527263267431,1.0,,1.6660093457146836,30419416.715688955,129.78781578980852,45673964.072126836,45673964.072126836,0,False
2022-11-25,2022-11-24,2022-10-31,0.07762527263267431,1.0,,1.6659894946151155,31163153.353723165,0.0,46792259.64627683,46792259.64627683,0,False
2022-11-28,2022-11-25,2022-10-31,0.07762527263267431,1.0,,1.6709871289477103,31172118.096468758,0.0,46457102.90353124,46457102.90353124,0,False
2022-11-29,2022-11-28,2022-10-31,0.07762527263267431,1.0,,1.6659964523992032,31523209.490723487,0.0,47332398.50927651,47332398.50927651,0,False
2022-11-30,2022-11-29,2022-10-31,0.07762527263267431,1.0,,1.6694596309991847,31526232.264236297,0.0,47092058.7357637,47092058.7357637,0,False
2022-12-01,2022-11-30,2022-11-30,0.0657573793755913,0.9333333333333333,,1.6767149704604407,31529255.3276041,0.0,46591632.6723959,46591632.6723959,0,False
2022-12-02,2022-12-01,2022-11-30,0.0657573793755913,0.9333333333333333,,1.678785220777584,31532278.680854693,0.0,46453985.31914531,46453985.31914531,0,False
2022-12-05,2022-12-02,2022-11-30,0.0657573793755913,0.9333333333333333,,1.6660002013052482,31639876.415048227,0.0,47507307.58495177,47507307.58495177,0,False
2022-12-06,2022-12-05,2022-11-30,0.0657573793755913,0.9333333333333333,,1.6660001522574701,31749972.107150357,0.0,47672619.89284964,47672619.89284964,0,False
2022-12-07,2022-12-06,2022-11-30,0.0657573793755913,0.9333333333333333,,1.6697339403806384,31753016.625023644,0.0,47411389.37497635,47411389.37497635,0,False
2022-12-08,2022-12-07,2022-11-30,0.0657573793755913,0.9333333333333333,,1.6659996766977079,32005929.887797,0.0,48056975.112203,48056975.112203,0,False
2022-12-09,2022-12-08,2022-11-30,0.0657573793755913,0.9333333333333333,,1.6689858256014178,32008998.949567065,0.0,47847051.050432935,47847051.050432935,0,False
2022-12-12,2022-12-09,2022-11-30,0.0657573793755913,0.9333333333333333,,1.6796696541928122,32018207.017758034,0.0,47108483.982241966,47108483.982241966,0,False
2022-12-13,2022-12-12,2022-11-30,0.0657573793755913,0.9333333333333333,,1.671595702035409,32021277.256787132,0.0,47679395.743212864,47679395.743212864,0,False
2022-12-14,2022-12-13,2022-11-30,0.0657573793755913,0.9333333333333333,,1.671407680305077,32024347.790222716,0.0,47697321.20977728,47697321.20977728,0,False
2022-12-15,2022-12-14,2022-11-30,0.0657573793755913,0.9333333333333333,,1.6801327459060813,32027418.61809301,0.0,47089952.381906986,47089952.381906986,0,False
2022-12-16,2022-12-15,2022-11-30,0.0657573793755913,0.9333333333333333,,1.6665121046864806,32030489.740426254,0.0,48056876.25957374,48056876.25957374,0,False
2022-12-19,2022-12-16,2022-11-30,0.0657573793755913,0.9333333333333333,,1.6825310441523733,32039703.990899526,0.0,46942486.009100474,46942486.009100474,0,False
2022-12-20,2022-12-19,2022-11-30,0.0657573793755913,0.9333333333333333,,1.6911483792573163,32042776.291282214,0.0,46361645.708717786,46361645.708717786,0,False
2022-12-21,2022-12-20,2022-11-30,0.0657573793755913,0.9333333333333333,,1.6914345686039742,32045848.886269048,0.0,46346900.11373095,46346900.11373095,0,False
2022-12-22,2022-12-21,2022-11-30,0.0657573793755913,0.9333333333333333,,1.6867223250158874,32048921.77588828,0.0,46669404.22411172,46669404.22411172,0,False
2022-12-23,2022-12-22,2022-11-30,0.0657573793755913,0.9333333333333333,,1.691583937251092,32051994.96016816,0.0,46345777.03983184,46345777.03983184,0,False
2022-12-26,2022-12-23,2022-11-30,0.0657573793755913,0.9333333333333333,,1.6980121227924696,32061215.39707451,0.0,45932175.602925494,45932175.602925494,0,False
2022-12-27,2022-12-26,2022-11-30,0.0657573793755913,0.9333333333333333,,1.683880145204563,32064289.76019478,0.0,46885832.23980522,46885832.23980522,0,False
2022-12-28,2022-12-27,2022-11-30,0.0657573793755913,0.9333333333333333,,1.6787578616688112,32067364.41811699,0.0,47244188.58188301,47244188.58188301,0,False
2022-12-29,2022-12-28,2022-11-30,0.0657573793755913,0.9333333333333333,,1.683391966530034,32070439.370869413,0.0,46928323.62913059,46928323.62913059,0,False
2022-12-30,2022-12-29,2022-11-30,0.0657573793755913,0.9333333333333333,,1.6782099367851546,32073514.618480317,0.0,47291425.38151968,47291425.38151968,0,False
2023-01-03,2022-12-30,2022-12-30,0.06607570632672333,0.9333333333333333,,1.6800230658255397,32085816.78847097,0.0,47183424.21152903,47183424.21152903,0,False
2023-01-04,2023-01-03,2022-12-30,0.06607570632672333,0.9333333333333333,,1.6670941673870812,32088893.510628767,0.0,48102494.48937123,48102494.48937123,0,False
2023-01-05,2023-01-04,2022-12-30,0.06607570632672333,0.9333333333333333,,1.6685464441082598,32091970.52781472,0.0,48002604.472185284,48002604.472185284,0,False
2023-01-06,2023-01-05,2022-12-30,0.06607570632672333,0.9333333333333333,,1.6690960700246815,32095047.840057112,0.0,47967772.15994289,47967772.15994289,0,False
2023-01-09,2023-01-06,2022-12-30,0.06607570632672333,0.9333333333333333,,1.673114081179773,32104280.662038498,0.0,47695155.3379615,47695155.3379615,0,False
2023-01-10,2023-01-09,2022-12-30,0.06607570632672333,0.9333333333333333,,1.6785738003717539,32107359.15470472,0.0,47315942.84529528,47315942.84529528,0,False
2023-01-11,2023-01-10,2022-12-30,0.06607570632672333,0.9333333333333333,,1.6732991686137357,32110437.94256887,0.0,47691189.05743113,47691189.05743113,0,False
2023-01-12,2023-01-11,2022-12-30,0.06607570632672333,0.9333333333333333,,1.674949406784824,32113517.025659252,0.0,47579146.97434075,47579146.97434075,0,False
2023-01-13,2023-01-12,2022-12-30,0.06607570632672333,0.9333333333333333,,1.6659988925683251,32173236.60379418,0.0,48308243.39620582,48308243.39620582,0,False
2023-01-16,2023-01-13,2022-12-30,0.06607570632672333,0.9333333333333333,,1.6710876868467581,32182491.91843363,0.0,47955718.08156637,47955718.08156637,0,False
2023-01-17,2023-01-16,2022-12-30,0.06607570632672333,0.9333333333333333,,1.6696501474438257,32185577.910809368,0.0,48063273.08919063,48063273.08919063,0,False
2023-01-18,2023-01-17,2022-12-30,0.06607570632672333,0.9333333333333333,,1.6692049206366195,32188664.199102186,0.0,48099861.800897814,48099861.800897814,0,False
2023-01-19,2023-01-18,2022-12-30,0.06607570632672333,0.9333333333333333,,1.6660904536618808,32191750.783340454,0.0,48329398.216659546,48329398.216659546,0,False
2023-01-20,2023-01-19,2022-12-30,0.06607570632672333,0.9333333333333333,,1.6661788870243126,32194837.663552556,0.0,48327616.33644745,48327616.33644745,0,False
2023-01-30,2023-01-20,2022-12-30,0.06607570632672333,0.9333333333333333,,1.6660738180641492,32225709.425695688,0.0,48381588.57430431,48381588.57430431,0,False
2023-01-31,2023-01-30,2022-12-30,0.06607570632672333,0.9333333333333333,,1.6708462158478097,32228799.56221596,0.0,48042008.43778404,48042008.43778404,0,False
2023-02-01,2023-01-31,2023-01-31,0.05983294671403197,0.8,,1.6692636920142776,32231889.995050695,0.0,48160225.0049493,48160225.0049493,0,False
2023-02-02,2023-02-01,2023-01-31,0.05983294671403197,0.8,,1.672140219165824,32234980.724228304,0.0,47958714.27577169,47958714.27577169,0,False
2023-02-03,2023-02-02,2023-01-31,0.05983294671403197,0.8,,1.6738891724460494,32238071.7497772,0.0,47838833.2502228,47838833.2502228,0,False
2023-02-06,2023-02-03,2023-01-31,0.05983294671403197,0.8,,1.6762346087514495,32247345.71562303,0.0,47686624.28437697,47686624.28437697,0,False
2023-02-07,2023-02-06,2023-01-31,0.05983294671403197,0.8,,1.6751693558727165,32250437.926856034,0.0,47766442.07314397,47766442.07314397,0,False
2023-02-08,2023-02-07,2023-01-31,0.05983294671403197,0.8,,1.6734902039577622,32253530.434602443,0.0,47890125.56539756,47890125.56539756,0,False
2023-02-09,2023-02-08,2023-01-31,0.05983294671403197,0.8,,1.6699645708026665,32256623.238890693,0.0,48146759.76110931,48146759.76110931,0,False
2023-02-10,2023-02-09,2023-01-31,0.05983294671403197,0.8,,1.6659975277796581,32287021.612699218,0.0,48479191.38730078,48479191.38730078,0,False
2023-02-13,2023-02-10,2023-01-31,0.05983294671403197,0.8,,1.671025187925607,32296309.66001246,0.0,48129802.33998754,48129802.33998754,0,False
2023-02-14,2023-02-13,2023-01-31,0.05983294671403197,0.8,,1.6662514741477792,31995908.35276547,102.58072725501114,48023617.22796178,48023617.22796178,0,False
2023-02-15,2023-02-14,2023-01-31,0.05983294671403197,0.8,,1.6662487642176005,31896116.040689126,243.99214996164665,47873817.95146084,47873817.95146084,0,False
2023-02-16,2023-02-15,2023-01-31,0.05983294671403197,0.8,,1.6662508891446257,31803617.49357727,111.38504297266917,47735029.89146569,47735029.89146569,0,False
2023-02-17,2023-02-16,2023-01-31,0.05983294671403197,0.8,,1.665999780877551,31807714.782025736,0.0,47759347.21797426,47759347.21797426,0,False
2023-02-20,2023-02-17,2023-01-31,0.05983294671403197,0.8,,1.6659987193851606,32429601.31019207,0.0,48693188.68980793,48693188.68980793,0,False
2023-02-21,2023-02-20,2023-01-31,0.05983294671403197,0.8,,1.6672846608615695,32432710.99798894,0.0,48604011.00201106,48604011.00201106,0,False
2023-02-22,2023-02-21,2023-01-31,0.05983294671403197,0.8,,1.670096186753111,32435820.98397505,0.0,48404724.01602495,48404724.01602495,0,False
2023-02-23,2023-02-22,2023-01-31,0.05983294671403197,0.8,,1.6697150049486527,32438931.268178992,0.0,48436918.73182101,48436918.73182101,0,False
2023-02-24,2023-02-23,2023-01-31,0.05983294671403197,0.8,,1.6713675527611558,32442041.850629367,0.0,48322326.14937063,48322326.14937063,0,False
2023-02-27,2023-02-24,2023-01-31,0.05983294671403197,0.8,,1.6754007334655026,32451374.492805574,0.0,48047585.50719443,48047585.50719443,0,False
2023-02-28,2023-02-27,2023-01-31,0.05983294671403197,0.8,,1.6659952068722015,32477031.49384187,0.0,48764662.50615813,48764662.50615813,0,False
2023-03-01,2023-02-28,2023-02-28,0.06050851477170993,0.8166666666666667,,1.6659984355609248,32641537.42172854,0.0,49011432.57827146,49011432.57827146,0,False
2023-03-02,2023-03-01,2023-02-28,0.06050851477170993,0.8166666666666667,,1.6659950044441987,32884069.66397624,0.0,49375850.33602376,49375850.33602376,0,False
2023-03-03,2023-03-02,2023-02-28,0.06050851477170993,0.8166666666666667,,1.6659985728386153,33411270.56983032,0.0,50167180.43016968,50167180.43016968,0,False
2023-03-06,2023-03-03,2023-02-28,0.06050851477170993,0.8166666666666667,,1.6678308047568753,33420882.031227123,0.0,50043935.96877287,50043935.96877287,0,False
2023-03-07,2023-03-06,2023-02-28,0.06050851477170993,0.8166666666666667,,1.6659982679885064,33789143.84340971,0.0,50734582.15659029,50734582.15659029,0,False
2023-03-08,2023-03-07,2023-02-28,0.06050851477170993,0.8166666666666667,,1.6659996574389355,33806030.0346088,0.0,50759830.9653912,50759830.9653912,0,False
2023-03-09,2023-03-08,2023-02-28,0.06050851477170993,0.8166666666666667,,1.6661954694830174,33809271.70872171,0.0,50749777.29127829,50749777.29127829,0,False
2023-03-10,2023-03-09,2023-02-28,0.06050851477170993,0.8166666666666667,,1.681893456285843,33812513.693680085,0.0,49586212.306319915,49586212.306319915,0,False
2023-03-13,2023-03-10,2023-02-28,0.06050851477170993,0.8166666666666667,,1.6723447134601825,33822240.581181005,0.0,50304910.418818995,50304910.418818995,0,False
2023-03-14,2023-03-13,2023-02-28,0.06050851477170993,0.8166666666666667,,1.6720880900950716,33676739.599079885,0.0,50107627.400920115,50107627.400920115,0,False
2023-03-15,2023-03-14,2023-02-28,0.06050851477170993,0.8166666666666667,,1.6659984494388926,33891299.075099796,0.0,50887954.924900204,50887954.924900204,0,False
2023-03-16,2023-03-15,2023-02-28,0.06050851477170993,0.8166666666666667,,1.665998761504119,34339485.73112603,0.0,51560885.26887397,51560885.26887397,0,False
2023-03-17,2023-03-16,2023-02-28,0.06050851477170993,0.8166666666666667,,1.6659998741327657,34454195.67857491,0.0,51733036.32142509,51733036.32142509,0,False
2023-03-20,2023-03-17,2023-02-28,0.06050851477170993,0.8166666666666667,,1.6659962255815668,34775394.30880354,0.0,52215602.69119646,52215602.69119646,0,False
2023-03-21,2023-03-20,2023-02-28,0.06050851477170993,0.8166666666666667,,1.6813989983776019,34778728.93565507,0.0,51040182.06434493,51040182.06434493,0,False
2023-03-22,2023-03-21,2023-02-28,0.06050851477170993,0.8166666666666667,,1.6729589392876094,34782063.882265344,0.0,51685269.117734656,51685269.117734656,0,False
2023-03-23,2023-03-22,2023-02-28,0.06050851477170993,0.8166666666666667,,1.6678078927737003,34785399.14866501,0.0,52088930.85133499,52088930.85133499,0,False
2023-03-24,2023-03-23,2023-02-28,0.06050851477170993,0.8166666666666667,,1.6801374470060486,34788734.73488475,0.0,51149565.26511525,51149565.26511525,0,False
2023-03-27,2023-03-24,2023-02-28,0.06050851477170993,0.8166666666666667,,1.689891625522959,34798742.45309615,0.0,50440882.54690385,50440882.54690385,0,False
2023-03-28,2023-03-27,2023-02-28,0.06050851477170993,0.8166666666666667,,1.6840662449656532,34802079.318810835,0.0,50875305.681189165,50875305.681189165,0,False
2023-03-29,2023-03-28,2023-02-28,0.06050851477170993,0.8166666666666667,,1.6853697445297349,34805416.50449894,0.0,50783415.49550106,50783415.49550106,0,False
2023-03-30,2023-03-29,2023-02-28,0.06050851477170993,0.8166666666666667,,1.680931356065543,34808754.01019116,0.0,51119328.98980884,51119328.98980884,0,False
2023-03-31,2023-03-30,2023-02-28,0.06050851477170993,0.8166666666666667,,1.6846515060558673,34812091.835918166,0.0,50846440.164081834,50846440.164081834,0,False
2023-04-03,2023-03-31,2023-03-31,0.06020314463176575,0.8,,1.684258657476524,34822106.27329562,0.0,50890267.72670438,50890267.72670438,0,False
2023-04-04,2023-04-03,2023-03-31,0.06020314463176575,0.8,,1.6703726903709024,34825445.37937662,0.0,51949379.62062338,51949379.62062338,0,False
2023-04-06,2023-04-04,2023-03-31,0.06020314463176575,0.8,,1.668656986295226,34832124.23191513,0.0,52092664.76808487,52092664.76808487,0,False
2023-04-07,2023-04-06,2023-03-31,0.06020314463176575,0.8,,1.6711860704332602,34835464.2986223,0.0,51901351.7013777,51901351.7013777,0,False
2023-04-10,2023-04-07,2023-03-31,0.06020314463176575,0.8,,1.673048607684903,34845485.45958492,0.0,51772613.54041508,51772613.54041508,0,False
2023-04-11,2023-04-10,2023-03-31,0.06020314463176575,0.8,,1.6666897387823902,34848826.807505704,0.0,52271431.192494296,52271431.192494296,0,False
2023-04-12,2023-04-11,2023-03-31,0.06020314463176575,0.8,,1.665999176383453,35357900.96169971,0.0,53090007.03830029,53090007.03830029,0,False
2023-04-13,2023-04-12,2023-03-31,0.06020314463176575,0.8,,1.6659982790689063,36027128.57284357,0.0,54094927.42715643,54094927.42715643,0,False
2023-04-14,2023-04-13,2023-03-31,0.06020314463176575,0.8,,1.669084394506975,36030583.229008086,0.0,53850580.770991914,53850580.770991914,0,False
2023-04-17,2023-04-14,2023-03-31,0.06020314463176575,0.8,,1.6659993330587115,37297926.410156846,0.0,56002948.589843154,56002948.589843154,0,False
2023-04-18,2023-04-17,2023-03-31,0.06020314463176575,0.8,,1.6659966766875334,37525365.37997823,0.0,56344673.62002177,56344673.62002177,0,False
2023-04-19,2023-04-18,2023-03-31,0.06020314463176575,0.8,,1.6659999026383616,37808038.3498759,0.0,56768834.6501241,56768834.6501241,0,False
2023-04-20,2023-04-19,2023-03-31,0.06020314463176575,0.8,,1.6661365461430495,37811663.77821082,0.0,56762632.22178918,56762632.22178918,0,False
2023-04-21,2023-04-20,2023-03-31,0.06020314463176575,0.8,,1.6731515851738163,37815289.55418955,0.0,56176484.44581045,56176484.44581045,0,False
2023-04-24,2023-04-21,2023-03-31,0.06020314463176575,0.8,,1.6694313438174648,37826167.92515719,0.0,56504925.07484281,56504925.07484281,0,False
2023-04-25,2023-04-24,2023-03-31,0.06020314463176575,0.8,,1.665997637280804,38565393.82947453,0.0,57906202.17052547,57906202.17052547,0,False
2023-04-26,2023-04-25,2023-03-31,0.06020314463176575,0.8,,1.6768217555104954,38569091.88093763,0.0,56985597.11906237,56985597.11906237,0,False
2023-04-27,2023-04-26,2023-03-31,0.06020314463176575,0.8,,1.6745702759671748,38572790.287008405,0.0,57181277.712991595,57181277.712991595,0,False
2023-04-28,2023-04-27,2023-03-31,0.06020314463176575,0.8,,1.669919058140929,38576489.04772086,0.0,57583805.95227914,57583805.95227914,0,False
2023-05-04,2023-04-28,2023-04-28,0.05939595815170009,0.7333333333333333,,1.6660002462124266,41254728.74512969,0.0,61944014.25487031,61944014.25487031,0,False
2023-05-05,2023-05-04,2023-04-28,0.05939595815170009,0.7333333333333333,,1.6659980752313728,42158854.588683054,0.0,63301766.411316946,63301766.411316946,0,False
2023-05-08,2023-05-05,2023-04-28,0.05939595815170009,0.7333333333333333,,1.6660015501805527,46308694.50767925,0.0,69532412.49232075,69532412.49232075,0,False
2023-05-09,2023-05-08,2023-04-28,0.05939595815170009,0.7333333333333333,,1.6743983773727784,46313135.067426555,0.0,68673259.93257344,68673259.93257344,0,False
2023-05-10,2023-05-09,2023-04-28,0.05939595815170009,0.7333333333333333,,1.7246705258441126,46317576.05298097,0.0,63915357.94701903,63915357.94701903,0,False
2023-05-11,2023-05-10,2023-04-28,0.05939595815170009,0.7333333333333333,,1.7231971314221302,45682615.737503305,0.0,63167584.262496695,63167584.262496695,0,False
2023-05-12,2023-05-11,2023-04-28,0.05939595815170009,0.7333333333333333,,1.7283477379720338,45686996.26230005,0.0,62726900.73769995,62726900.73769995,0,False
2023-05-15,2023-05-12,2023-04-28,0.05939595815170009,0.7333333333333333,,1.71603015487078,45700139.09684126,0.0,63824321.90315874,63824321.90315874,0,False
2023-05-16,2023-05-15,2023-04-28,0.05939595815170009,0.7333333333333333,,1.7160168772477875,45704521.30196013,0.0,63831625.69803987,63831625.69803987,0,False
2023-05-17,2023-05-16,2023-04-28,0.05939595815170009,0.7333333333333333,,1.7264262416445046,45708903.927290455,0.0,62922980.072709545,62922980.072709545,0,False
2023-05-18,2023-05-17,2023-04-28,0.05939595815170009,0.7333333333333333,,1.710827625990573,45713286.972872525,0.0,64309947.027127475,64309947.027127475,0,False
2023-05-19,2023-05-18,2023-04-28,0.05939595815170009,0.7333333333333333,,1.7276099524314399,45717481.43874664,0.0,62832402.56125336,62832402.56125336,0,False
2023-05-22,2023-05-19,2023-04-28,0.05939595815170009,0.7333333333333333,,1.728745182457537,45730633.04299614,0.0,62752569.95700386,62752569.95700386,0,False
2023-05-23,2023-05-22,2023-04-28,0.05939595815170009,0.7333333333333333,,1.755055693935802,45735018.172192045,0.0,60571714.827807955,60571714.827807955,0,False
2023-05-24,2023-05-23,2023-04-28,0.05939595815170009,0.7333333333333333,,1.7886379123627647,45739403.72187979,0.0,57997977.27812021,57997977.27812021,0,False
2023-05-25,2023-05-24,2023-04-28,0.05939595815170009,0.7333333333333333,,1.786289198615273,45743789.69209969,0.0,58176800.30790031,58176800.30790031,0,False
2023-05-26,2023-05-25,2023-04-28,0.05939595815170009,0.7333333333333333,,1.772227951045036,45748176.08289208,0.0,59241802.91710792,59241802.91710792,0,False
2023-05-29,2023-05-26,2023-04-28,0.05939595815170009,0.7333333333333333,,1.7459042504170699,45761336.51710771,0.0,61350148.48289229,61350148.48289229,0,False
2023-05-30,2023-05-29,2023-04-28,0.05939595815170009,0.7333333333333333,,1.7597683308424743,45765724.59047236,0.0,60236420.40952764,60236420.40952764,0,False
2023-05-31,2023-05-30,2023-04-28,0.05939595815170009,0.7333333333333333,,1.773445067903278,45770113.08461118,0.0,59176940.91538882,59176940.91538882,0,False
2023-06-01,2023-05-31,2023-05-31,0.06464130832570907,0.9,,1.777263371825838,45774501.9995645,0.0,58891881.0004355,58891881.0004355,0,False
2023-06-02,2023-06-01,2023-05-31,0.06464130832570907,0.9,,1.7738869741460421,45778891.33537268,0.0,59154492.66462732,59154492.66462732,0,False
2023-06-05,2023-06-02,2023-05-31,0.06464130832570907,0.9,,1.7578262362021286,45792060.605482854,0.0,60425541.394517146,60425541.394517146,0,False
2023-06-06,2023-06-05,2023-05-31,0.06464130832570907,0.9,,1.7576600292192415,45796451.62499297,0.0,60444592.37500703,60444592.37500703,0,False
2023-06-07,2023-06-06,2023-05-31,0.06464130832570907,0.9,,1.7449057777308365,45800843.065559745,0.0,61485417.934440255,61485417.934440255,0,False
2023-06-08,2023-06-07,2023-05-31,0.06464130832570907,0.9,,1.7213347387159195,45805234.92722356,0.0,63500664.07277644,63500664.07277644,0,False
2023-06-09,2023-06-08,2023-05-31,0.06464130832570907,0.9,,1.7234816259832033,45809627.210024804,0.0,63318300.789975196,63318300.789975196,0,False
2023-06-12,2023-06-09,2023-05-31,0.06464130832570907,0.9,,1.748807428261498,45822805.32196193,0.0,61194378.67803807,61194378.67803807,0,False
2023-06-13,2023-06-12,2023-05-31,0.06464130832570907,0.9,,1.7466677204915102,45827199.289595544,0.0,61375626.710404456,61375626.710404456,0,False
2023-06-14,2023-06-13,2023-05-31,0.06464130832570907,0.9,,1.7687672522149518,45831593.67856852,0.0,59616995.32143148,59616995.32143148,0,False
2023-06-15,2023-06-14,2023-05-31,0.06464130832570907,0.9,,1.7624251850425494,45835988.48892126,0.0,60118670.51107874,60118670.51107874,0,False
2023-06-16,2023-06-15,2023-05-31,0.06464130832570907,0.9,,1.7679785946553805,45840383.72069417,0.0,59689663.27930583,59689663.27930583,0,False
2023-06-19,2023-06-16,2023-05-31,0.06464130832570907,0.9,,1.7890125833014023,45853570.68039464,0.0,58115132.31960536,58115132.31960536,0,False
2023-06-20,2023-06-19,2023-05-31,0.06464130832570907,0.9,,1.797356776876683,45857967.59813112,0.0,57512482.40186888,57512482.40186888,0,False
2023-06-21,2023-06-20,2023-05-31,0.06464130832570907,0.9,,1.7957086154221575,45862364.937489845,0.0,57637135.062510155,57637135.062510155,0,False
2023-06-26,2023-06-21,2023-05-31,0.06464130832570907,0.9,,1.8178611472351158,45884353.74259686,0.0,56102865.25740314,56102865.25740314,0,False
2023-06-27,2023-06-26,2023-05-31,0.06464130832570907,0.9,,1.7958269135964522,45886352.68005045,0.0,57658709.31994955,57658709.31994955,0,False
2023-06-28,2023-06-27,2023-05-31,0.06464130832570907,0.9,,1.7827435189097702,45310515.54126634,0.0,57886797.45873366,57886797.45873366,0,False
2023-06-29,2023-06-28,2023-05-31,0.06464130832570907,0.9,,1.788101748601965,45314860.385222346,0.0,57498743.614777654,57498743.614777654,0,False
2023-06-30,2023-06-29,2023-05-31,0.06464130832570907,0.9,,1.77486105210873,45319205.64580723,0.0,58486880.35419277,58486880.35419277,0,False
2023-07-03,2023-06-30,2023-06-30,0.06480670282588878,0.9,,1.7536321666711414,45332242.67756835,0.0,60151682.32243165,60151682.32243165,0,False
2023-07-04,2023-07-03,2023-06-30,0.06480670282588878,0.9,,1.7644050406335103,45336589.604948394,0.0,59309642.395051606,59309642.395051606,0,False
2023-07-05,2023-07-04,2023-06-30,0.06480670282588878,0.9,,1.7653219970947716,45340936.94915709,0.0,59244262.05084291,59244262.05084291,0,False
2023-07-06,2023-07-05,2023-06-30,0.06480670282588878,0.9,,1.746638497778555,43724635.7102344,0.0,58561989.2897656,58561989.2897656,0,False
2023-07-07,2023-07-06,2023-06-30,0.06480670282588878,0.9,,1.7414422562603122,43728828.483521685,0.0,58978063.516478315,58978063.516478315,0,False
2023-07-10,2023-07-07,2023-06-30,0.06480670282588878,0.9,,1.7383615126875307,43741408.009523794,0.0,59241180.990476206,59241180.990476206,0,False
2023-07-11,2023-07-10,2023-06-30,0.06480670282588878,0.9,,1.728010329097717,43745602.39111375,0.0,60089260.60888625,60089260.60888625,0,False
2023-07-12,2023-07-11,2023-06-30,0.06480670282588878,0.9,,1.6848756925071429,41509484.57490468,0.0,60608786.42509532,60608786.42509532,0,False
2023-07-13,2023-07-12,2023-06-30,0.06480670282588878,0.9,,1.668887127941632,41513464.93643926,0.0,62063483.06356074,62063483.06356074,0,False
2023-07-14,2023-07-13,2023-06-30,0.06480670282588878,0.9,,1.6659998304334793,41737056.71642234,0.0,62668269.28357766,62668269.28357766,0,False
2023-07-17,2023-07-14,2023-06-30,0.06480670282588878,0.9,,1.665996591106141,41552073.48818826,298.84602366248146,62390371.357835405,62390371.357835405,0,False
2023-07-18,2023-07-17,2023-06-30,0.06480670282588878,0.9,,1.6730402238772444,41441370.52756758,0.0,61573393.47243242,61573393.47243242,0,False
2023-07-19,2023-07-18,2023-06-30,0.06480670282588878,0.9,,1.6659752016881637,41453021.43433817,0.0,62244091.56566183,62244091.56566183,0,False
2023-07-20,2023-07-19,2023-06-30,0.06480670282588878,0.9,,1.6659777555298179,41479609.607678995,0.0,62283776.392321005,62283776.392321005,0,False
2023-07-21,2023-07-20,2023-06-30,0.06480670282588878,0.9,,1.667139056781048,41483587.10449069,0.0,62181319.89550931,62181319.89550931,0,False
2023-07-24,2023-07-21,2023-06-30,0.06480670282588878,0.9,,1.6743846248542715,41495520.73913719,0.0,61530941.26086281,61530941.26086281,0,False
2023-07-25,2023-07-24,2023-06-30,0.06480670282588878,0.9,,1.6659981155870465,41980100.58650382,0.0,63033362.41349618,63033362.41349618,0,False
2023-07-26,2023-07-25,2023-06-30,0.06480670282588878,0.9,,1.6679891508428526,41984126.07560115,0.0,62851508.92439885,62851508.92439885,0,False
2023-07-27,2023-07-26,2023-06-30,0.06480670282588878,0.9,,1.6659992570117916,42314408.78876429,0.0,63535219.21123571,63535219.21123571,0,False
2023-07-28,2023-07-27,2023-06-30,0.06480670282588878,0.9,,1.6660013908482623,43568635.69798253,0.0,65418235.30201747,65418235.30201747,0,False
2023-07-31,2023-07-28,2023-06-30,0.06480670282588878,0.9,,1.6659988066811986,43756781.362408526,0.0,65700990.637591474,65700990.637591474,0,False
2023-08-01,2023-07-31,2023-07-31,0.06143116901408452,0.8166666666666667,,1.665997245324104,43837616.60041561,0.0,65822519.39958439,65822519.39958439,0,False
2023-08-02,2023-08-01,2023-07-31,0.06143116901408452,0.8166666666666667,,1.6889532481568892,43841820.20748688,0.0,63635406.79251312,63635406.79251312,0,False
2023-08-03,2023-08-02,2023-07-31,0.06143116901408452,0.8166666666666667,,1.6808871841380708,43846024.21764377,0.0,64395431.78235623,64395431.78235623,0,False
2023-08-04,2023-08-03,2023-07-31,0.06143116901408452,0.8166666666666667,,1.6779119126424302,43850228.63092491,0.0,64684257.36907509,64684257.36907509,0,False
2023-08-07,2023-08-04,2023-07-31,0.06143116901408452,0.8166666666666667,,1.6869772241778365,43862843.080257095,0.0,63849049.919742905,63849049.919742905,0,False
2023-08-08,2023-08-07,2023-07-31,0.06143116901408452,0.8166666666666667,,1.6660216555246465,42142342.73520028,23.666304388718743,63274697.9311041,63274697.9311041,0,False
2023-08-09,2023-08-08,2023-07-31,0.06143116901408452,0.8166666666666667,,1.6660231361951485,42200323.70915954,0.0,63361648.29084046,63361648.29084046,0,False
2023-08-10,2023-08-09,2023-07-31,0.06143116901408452,0.8166666666666667,,1.6660205728762376,42452449.01580261,0.0,63740446.98419739,63740446.98419739,0,False
2023-08-11,2023-08-10,2023-07-31,0.06143116901408452,0.8166666666666667,,1.6660333051080318,41246022.824142426,13.655077481380658,61927847.83093506,61927847.83093506,0,False
2023-08-14,2023-08-11,2023-07-31,0.06143116901408452,0.8166666666666667,,1.6660226137404837,40521927.201440856,42.72949882646344,60841604.52805798,60841604.52805798,0,False
2023-08-15,2023-08-14,2023-07-31,0.06143116901408452,0.8166666666666667,,1.6660001742953776,41730920.543324225,0.0,62659023.456675775,62659023.456675775,0,False
2023-08-16,2023-08-15,2023-07-31,0.06143116901408452,0.8166666666666667,,1.6720123249154881,41734922.13844482,0.0,62104399.86155518,62104399.86155518,0,False
2023-08-17,2023-08-16,2023-07-31,0.06143116901408452,0.8166666666666667,,1.6802339771362131,41738924.117280014,0.0,61359657.882719986,61359657.882719986,0,False
2023-08-18,2023-08-17,2023-07-31,0.06143116901408452,0.8166666666666667,,1.674683405975909,41742926.4798666,0.0,61870391.5201334,61870391.5201334,0,False
2023-08-21,2023-08-18,2023-07-31,0.06143116901408452,0.8166666666666667,,1.6884265274467845,41754934.718990944,0.0,60652710.281009056,60652710.281009056,0,False
2023-08-22,2023-08-21,2023-07-31,0.06143116901408452,0.8166666666666667,,1.6711623638270583,41758938.61684071,0.0,62218832.38315929,62218832.38315929,0,False
2023-08-23,2023-08-22,2023-07-31,0.06143116901408452,0.8166666666666667,,1.665997208261028,41628238.15951516,261.15044926941505,62504731.99093412,62504731.99093412,0,False
2023-08-24,2023-08-23,2023-07-31,0.06143116901408452,0.8166666666666667,,1.6662178631838003,41272277.90321829,23.951847789809108,61950086.0486295,61950086.0486295,0,False
2023-08-25,2023-08-24,2023-07-31,0.06143116901408452,0.8166666666666667,,1.666024301496061,41580658.24499985,0.0,62431142.75500015,62431142.75500015,0,False
2023-08-28,2023-08-25,2023-07-31,0.06143116901408452,0.8166666666666667,,1.6659993210579733,42380320.40581101,0.0,63634179.59418899,63634179.59418899,0,False
2023-08-29,2023-08-28,2023-07-31,0.06143116901408452,0.8166666666666667,,1.6782894448283683,42384384.27215129,0.0,62487164.72784871,62487164.72784871,0,False
2023-08-30,2023-08-29,2023-07-31,0.06143116901408452,0.8166666666666667,,1.6836493302711504,42388448.52817739,0.0,62003203.47182261,62003203.47182261,0,False
2023-08-31,2023-08-30,2023-07-31,0.06143116901408452,0.8166666666666667,,1.6830455097363017,42392513.17392667,0.0,62063965.82607333,62063965.82607333,0,False
2023-09-01,2023-08-31,2023-08-31,0.06541681073703366,0.9,,1.6803456876631613,42396578.2094365,0.0,62316229.7905635,62316229.7905635,0,False
2023-09-04,2023-09-01,2023-08-31,0.06541681073703366,0.9,,1.6665173726597247,42408774.48535976,0.0,63627410.51464024,63627410.51464024,0,False
2023-09-05,2023-09-04,2023-08-31,0.06541681073703366,0.9,,1.6716514431860705,42410095.48369343,0.0,63143012.51630657,63143012.51630657,0,False
2023-09-06,2023-09-05,2023-08-31,0.06541681073703366,0.9,,1.668559218821664,42414162.205178164,0.0,63441144.794821836,63441144.794821836,0,False
2023-09-07,2023-09-06,2023-08-31,0.06541681073703366,0.9,,1.6659971757406404,42432961.4638425,0.0,63713425.5361575,63713425.5361575,0,False
2023-09-08,2023-09-07,2023-08-31,0.06541681073703366,0.9,,1.676279182314229,42437030.37795547,0.0,62750756.62204453,62750756.62204453,0,False
2023-09-11,2023-09-08,2023-08-31,0.06541681073703366,0.9,,1.6727668322576634,42449238.29080392,0.0,63096508.70919608,63096508.70919608,0,False
2023-09-12,2023-09-11,2023-08-31,0.06541681073703366,0.9,,1.6769277828418783,42453308.76570851,0.0,62714679.23429149,62714679.23429149,0,False
2023-09-13,2023-09-12,2023-08-31,0.06541681073703366,0.9,,1.6687539617630789,42457379.63093262,0.0,63487294.36906738,63487294.36906738,0,False
2023-09-14,2023-09-13,2023-08-31,0.06541681073703366,0.9,,1.665999871947161,43480060.828343675,0.0,65285389.171656325,65285389.171656325,0,False
2023-09-15,2023-09-14,2023-08-31,0.06541681073703366,0.9,,1.6683118774653378,43484230.149245024,0.0,65065774.850754976,65065774.850754976,0,False
2023-09-18,2023-09-15,2023-08-31,0.06541681073703366,0.9,,1.6676055621328965,43496739.31134275,0.0,65153350.68865725,65153350.68865725,0,False
2023-09-19,2023-09-18,2023-08-31,0.06541681073703366,0.9,,1.6660003930853238,43923801.70865069,0.0,65951615.29134931,65951615.29134931,0,False
2023-09-20,2023-09-19,2023-08-31,0.06541681073703366,0.9,,1.6659997321113915,44491091.47545741,0.0,66803467.52454259,66803467.52454259,0,False
2023-09-21,2023-09-20,2023-08-31,0.06541681073703366,0.9,,1.6665348274150102,44495357.744503,0.0,66756238.255497,66756238.255497,0,False
2023-09-22,2023-09-21,2023-08-31,0.06541681073703366,0.9,,1.6659999433576607,44674913.538092874,0.0,67079455.461907126,67079455.461907126,0,False
2023-09-25,2023-09-22,2023-08-31,0.06541681073703366,0.9,,1.6659990585128732,44688966.23745904,0.0,67100644.76254096,67100644.76254096,0,False
2023-09-26,2023-09-25,2023-08-31,0.06541681073703366,0.9,,1.6682685873756418,44693251.48079688,0.0,66879174.51920312,66879174.51920312,0,False
2023-09-27,2023-09-26,2023-08-31,0.06541681073703366,0.9,,1.6698990335419737,44697537.135048464,0.0,66722796.864951536,66722796.864951536,0,False
2023-09-28,2023-09-27,2023-08-31,0.06541681073703366,0.9,,1.6659993136305165,44969407.51210319,0.0,67521702.4878968,67521702.4878968,0,False
2023-10-09,2023-09-28,2023-09-28,0.06524532014719413,0.8833333333333333,,1.670447624068219,45016840.996739246,0.0,67144456.00326076,67144456.00326076,0,False
2023-10-10,2023-10-09,2023-09-28,0.06524532014719413,0.8833333333333333,,1.685785319324711,45021157.680122495,0.0,65649054.319877505,65649054.319877505,0,False
2023-10-11,2023-10-10,2023-09-28,0.06524532014719413,0.8833333333333333,,1.6851587523857265,45025474.77743429,0.0,65715390.22256571,65715390.22256571,0,False
2023-10-12,2023-10-11,2023-09-28,0.06524532014719413,0.8833333333333333,,1.6659987675396473,45062721.61790432,0.0,67661869.38209568,67661869.38209568,0,False
2023-10-13,2023-10-12,2023-09-28,0.06524532014719413,0.8833333333333333,,1.665998093723994,45934370.02446919,0.0,68970722.9755308,68970722.9755308,0,False
2023-10-16,2023-10-13,2023-09-28,0.06524532014719413,0.8833333333333333,,1.6659997737228842,46193224.89531555,0.0,69359220.10468444,69359220.10468444,0,False
2023-10-17,2023-10-16,2023-09-28,0.06524532014719413,0.8833333333333333,,1.6659995559914074,46539325.81822429,0.0,69878914.18177572,69878914.18177572,0,False
2023-10-18,2023-10-17,2023-09-28,0.06524532014719413,0.8833333333333333,,1.665999032979093,46389909.51860037,127.70424761939171,69654428.18564725,69654428.18564725,0,False
2023-10-19,2023-10-18,2023-09-28,0.06524532014719413,0.8833333333333333,,1.685824416507821,46392650.97019083,0.0,67645085.02980918,67645085.02980918,0,False
2023-10-20,2023-10-19,2023-09-28,0.06524532014719413,0.8833333333333333,,1.6905904784601318,46392179.093837835,0.0,67177553.90616217,67177553.90616217,0,False
2023-10-23,2023-10-20,2023-09-28,0.06524532014719413,0.8833333333333333,,1.6883291889540144,46405524.78919359,0.0,67417633.2108064,67417633.2108064,0,False
2023-10-24,2023-10-23,2023-09-28,0.06524532014719413,0.8833333333333333,,1.7025024506052098,46409389.93493639,0.0,66062958.06506361,66062958.06506361,0,False
2023-10-25,2023-10-24,2023-09-28,0.06524532014719413,0.8833333333333333,,1.710073710249818,46413840.1504096,0.0,65364819.8495904,65364819.8495904,0,False
2023-10-26,2023-10-25,2023-09-28,0.06524532014719413,0.8833333333333333,,1.6910620964386383,46418290.79261581,0.0,67169493.2073842,67169493.2073842,0,False
2023-10-27,2023-10-26,2023-09-28,0.06524532014719413,0.8833333333333333,,1.6942208994913481,46422741.86159592,0.0,66870274.13840408,66870274.13840408,0,False
2023-10-30,2023-10-27,2023-09-28,0.06524532014719413,0.8833333333333333,,1.7209959256516572,46436096.34898076,0.0,64405490.65101924,64405490.65101924,0,False
2023-10-31,2023-10-30,2023-09-28,0.06524532014719413,0.8833333333333333,,1.7136886415951642,46440549.125342995,0.0,65071161.874657005,65071161.874657005,0,False
2023-11-01,2023-10-31,2023-10-31,0.06704696240601503,0.9666666666666667,,1.7086651712290368,46445002.32868378,0.0,65538711.67131622,65538711.67131622,0,False
2023-11-02,2023-11-01,2023-10-31,0.06704696240601503,0.9666666666666667,,1.702400939330139,46449455.95904406,0.0,66129547.04095594,66129547.04095594,0,False
2023-11-03,2023-11-02,2023-10-31,0.06704696240601503,0.9666666666666667,,1.7131871173815212,46453910.01646479,0.0,65135654.98353521,65135654.98353521,0,False
2023-11-06,2023-11-03,2023-10-31,0.06704696240601503,0.9666666666666667,,1.7353702942865692,46467273.47003117,0.0,63188945.52996883,63188945.52996883,0,False
2023-11-07,2023-11-06,2023-10-31,0.06704696240601503,0.9666666666666667,,1.7222860425184763,46471729.235980354,0.0,64339785.764019646,64339785.764019646,0,False
2023-11-08,2023-11-07,2023-10-31,0.06704696240601503,0.9666666666666667,,1.7262400702137581,46476185.42919476,0.0,63995622.57080524,63995622.57080524,0,False
2023-11-09,2023-11-08,2023-10-31,0.06704696240601503,0.9666666666666667,,1.717923083472375,46480642.04971537,0.0,64743205.95028463,64743205.95028463,0,False
2023-11-10,2023-11-09,2023-10-31,0.06704696240601503,0.9666666666666667,,1.7172697395471077,46485099.09758315,0.0,64808392.90241685,64808392.90241685,0,False
2023-11-13,2023-11-10,2023-10-31,0.06704696240601503,0.9666666666666667,,1.7166944886607296,46498471.52335095,0.0,64879069.47664905,64879069.47664905,0,False
2023-11-14,2023-11-13,2023-10-31,0.06704696240601503,0.9666666666666667,,1.7193255225013537,46502930.28089428,0.0,64647963.71910572,64647963.71910572,0,False
2023-11-15,2023-11-14,2023-10-31,0.06704696240601503,0.9666666666666667,,1.7146118011754412,46507389.46598971,0.0,65080634.53401029,65080634.53401029,0,False
2023-11-16,2023-11-15,2023-10-31,0.06704696240601503,0.9666666666666667,,1.709726201607394,46511849.07867823,0.0,65534918.92132177,65534918.92132177,0,False
2023-11-17,2023-11-16,2023-10-31,0.06704696240601503,0.9666666666666667,,1.7185484886323503,46516309.119000845,0.0,64736492.880999155,64736492.880999155,0,False
2023-11-20,2023-11-17,2023-10-31,0.06704696240601503,0.9666666666666667,,1.7151213592215566,46529690.52299398,0.0,65065446.47700602,65065446.47700602,0,False
2023-11-21,2023-11-20,2023-10-31,0.06704696240601503,0.9666666666666667,,1.7148671787634129,46534152.27414002,0.0,65094822.72585998,65094822.72585998,0,False
2023-11-22,2023-11-21,2023-10-31,0.06704696240601503,0.9666666666666667,,1.7123057881693649,46538614.453125216,0.0,65335162.546874784,65335162.546874784,0,False
2023-11-23,2023-11-22,2023-10-31,0.06704696240601503,0.9666666666666667,,1.710492610435919,46543077.059990585,0.0,65508178.940009415,65508178.940009415,0,False
2023-11-24,2023-11-23,2023-10-31,0.06704696240601503,0.9666666666666667,,1.7052698099830093,46547540.09477716,0.0,65999620.90522284,65999620.90522284,0,False
2023-11-27,2023-11-24,2023-10-31,0.06704696240601503,0.9666666666666667,,1.7114801386204128,46560930.4830236,0.0,65442347.5169764,65442347.5169764,0,False
2023-11-28,2023-11-27,2023-10-31,0.06704696240601503,0.9666666666666667,,1.7159641049304344,46565395.229782246,0.0,65038728.770217754,65038728.770217754,0,False
2023-11-29,2023-11-28,2023-10-31,0.06704696240601503,0.9666666666666667,,1.7149921983017717,46569860.404667296,0.0,65133382.595332704,65133382.595332704,0,False
2023-11-30,2023-11-29,2023-10-31,0.06704696240601503,0.9666666666666667,,1.6977634408690583,46574326.0077198,0.0,66748016.9922802,66748016.9922802,0,False
2023-12-01,2023-11-30,2023-11-30,0.06873984732824426,0.9833333333333333,,1.6963800316163877,46578792.03898081,0.0,66887029.96101919,66887029.96101919,0,False
2023-12-04,2023-12-01,2023-11-30,0.06873984732824426,0.9833333333333333,,1.6962553714711992,46592191.41751257,0.0,66918250.58248743,66918250.58248743,0,False
2023-12-05,2023-12-04,2023-11-30,0.06873984732824426,0.9833333333333333,,1.7068898634167669,46596659.161895074,0.0,65917848.838104926,65917848.838104926,0,False
2023-12-06,2023-12-05,2023-11-30,0.06873984732824426,0.9833333333333333,,1.7192528886668565,46601127.33469142,0.0,64791018.66530858,64791018.66530858,0,False
2023-12-07,2023-12-06,2023-11-30,0.06873984732824426,0.9833333333333333,,1.7163909772329173,46605595.935942695,0.0,65056090.064057305,65056090.064057305,0,False
2023-12-08,2023-12-07,2023-11-30,0.06873984732824426,0.9833333333333333,,1.705825467965693,46610064.96568998,0.0,66036247.03431002,66036247.03431002,0,False
2023-12-11,2023-12-08,2023-11-30,0.06873984732824426,0.9833333333333333,,1.7145988126081833,46623473.34054312,0.0,65244263.65945688,65244263.65945688,0,False
2023-12-12,2023-12-11,2023-11-30,0.06873984732824426,0.9833333333333333,,1.6996479015425772,46627944.08456208,0.0,66644870.91543792,66644870.91543792,0,False
2023-12-13,2023-12-12,2023-11-30,0.06873984732824426,0.9833333333333333,,1.710319163548376,46632415.25728252,0.0,65649946.74271748,65649946.74271748,0,False
2023-12-14,2023-12-13,2023-11-30,0.06873984732824426,0.9833333333333333,,1.7085983108078466,46636886.858745545,0.0,65815690.141254455,65815690.141254455,0,False
2023-12-15,2023-12-14,2023-11-30,0.06873984732824426,0.9833333333333333,,1.7237928147661858,46641358.88899227,0.0,64440207.11100773,64440207.11100773,0,False
2023-12-18,2023-12-15,2023-11-30,0.06873984732824426,0.9833333333333333,,1.7114667713095009,46654776.26620691,0.0,65575481.73379309,65575481.73379309,0,False
2023-12-19,2023-12-18,2023-11-30,0.06873984732824426,0.9833333333333333,,1.7105256677078844,46659250.01187628,0.0,65668633.98812372,65668633.98812372,0,False
2023-12-20,2023-12-19,2023-11-30,0.06873984732824426,0.9833333333333333,,1.7078450169241668,46663724.18653495,0.0,65923645.81346505,65923645.81346505,0,False
2023-12-21,2023-12-20,2023-11-30,0.06873984732824426,0.9833333333333333,,1.7151250767897763,46668198.79022407,0.0,65258792.20977593,65258792.20977593,0,False
2023-12-22,2023-12-21,2023-11-30,0.06873984732824426,0.9833333333333333,,1.7088314611151796,46672673.82298478,0.0,65844529.17701522,65844529.17701522,0,False
2023-12-25,2023-12-22,2023-11-30,0.06873984732824426,0.9833333333333333,,1.706375909555129,46686100.20860509,0.0,66092429.79139491,66092429.79139491,0,False
2023-12-26,2023-12-25,2023-11-30,0.06873984732824426,0.9833333333333333,,1.7040087173617195,46690576.95794016,0.0,66321021.04205984,66321021.04205984,0,False
2023-12-27,2023-12-26,2023-11-30,0.06873984732824426,0.9833333333333333,,1.6878987405757195,46695054.136552565,0.0,67880708.86344743,67880708.86344743,0,False
2023-12-28,2023-12-27,2023-11-30,0.06873984732824426,0.9833333333333333,,1.6922874940714703,46699531.74448346,0.0,67456847.25551653,67456847.25551653,0,False
2023-12-29,2023-12-28,2023-11-30,0.06873984732824426,0.9833333333333333,,1.6860295615762384,46704009.78177403,0.0,68078713.21822597,68078713.21822597,0,False
2024-01-02,2023-12-29,2023-12-29,0.07078611368015414,0.9833333333333333,,1.682926998876869,46721923.64853964,0.0,68414228.35146037,68414228.35146037,0,False
2024-01-03,2024-01-02,2023-12-29,0.07078611368015414,0.9833333333333333,,1.6723779453868424,46726403.83299909,0.0,69494254.16700092,69494254.16700092,0,False
2024-01-04,2024-01-03,2023-12-29,0.07078611368015414,0.9833333333333333,,1.665997413153584,47174879.88763527,0.0,70833428.11236474,70833428.11236474,0,False
2024-01-05,2024-01-04,2023-12-29,0.07078611368015414,0.9833333333333333,,1.666437283583716,47179403.50625463,0.0,70793463.49374537,70793463.49374537,0,False
2024-01-08,2024-01-05,2023-12-29,0.07078611368015414,0.9833333333333333,,1.6686400449526442,47192975.66342766,0.0,70580540.33657235,70580540.33657235,0,False
2024-01-09,2024-01-08,2023-12-29,0.07078611368015414,0.9833333333333333,,1.6688157245088482,47197501.0172584,0.0,70568766.9827416,70568766.9827416,0,False
2024-01-10,2024-01-09,2023-12-29,0.07078611368015414,0.9833333333333333,,1.6796649406151842,47202026.80502718,0.0,69448965.19497281,69448965.19497281,0,False
2024-01-11,2024-01-10,2023-12-29,0.07078611368015414,0.9833333333333333,,1.6907463265996194,47206553.026775606,0.0,68341373.9732244,68341373.9732244,0,False
2024-01-12,2024-01-11,2023-12-29,0.07078611368015414,0.9833333333333333,,1.6805722930938072,47211079.6825453,0.0,69369676.3174547,69369676.3174547,0,False
2024-01-15,2024-01-12,2023-12-29,0.07078611368015414,0.9833333333333333,,1.6709986220575141,47224660.95204301,0.0,70379669.04795699,70379669.04795699,0,False
2024-01-16,2024-01-15,2023-12-29,0.07078611368015414,0.9833333333333333,,1.665996427982566,47332096.2449991,0.0,71069594.75500089,71069594.75500089,0,False
2024-01-17,2024-01-16,2023-12-29,0.07078611368015414,0.9833333333333333,,1.674679219149832,47336634.93915958,0.0,70161691.06084043,70161691.06084043,0,False
2024-01-18,2024-01-17,2023-12-29,0.07078611368015414,0.9833333333333333,,1.666021095568419,46503352.05235416,142.85680684726952,69822426.80445269,69822426.80445269,0,False
2024-01-19,2024-01-18,2023-12-29,0.07078611368015414,0.9833333333333333,,1.6660217072549544,46116505.05155634,131.44415976185292,69241547.39260343,69241547.39260343,0,False
2024-01-22,2024-01-19,2023-12-29,0.07078611368015414,0.9833333333333333,,1.6660220569106712,45641097.88249236,105.27598164019338,68527749.39348927,68527749.39348927,0,False
2024-01-23,2024-01-22,2023-12-29,0.07078611368015414,0.9833333333333333,,1.6660227832633911,45752711.69732329,0.0,68695415.30267671,68695415.30267671,0,False
2024-01-24,2024-01-23,2023-12-29,0.07078611368015414,0.9833333333333333,,1.6660233641552291,47213165.684150435,0.0,70888152.31584957,70888152.31584957,0,False
2024-01-25,2024-01-24,2023-12-29,0.07078611368015414,0.9833333333333333,,1.6660013216739342,49191698.86705056,0.0,73861263.13294944,73861263.13294944,0,False
2024-01-26,2024-01-25,2023-12-29,0.07078611368015414,0.9833333333333333,,1.6659997066179242,50167027.58027069,0.0,75325900.4197293,75325900.4197293,0,False
2024-01-29,2024-01-26,2023-12-29,0.07078611368015414,0.9833333333333333,,1.6661086691061573,49948685.188830994,167.0378165221773,74985539.84898552,74985539.84898552,0,False
2024-01-30,2024-01-29,2023-12-29,0.07078611368015414,0.9833333333333333,,1.6713664436386242,49953307.75096408,0.0,74405428.24903592,74405428.24903592,0,False
2024-01-31,2024-01-30,2023-12-29,0.07078611368015414,0.9833333333333333,,1.6677742614190527,49958097.79417308,0.0,74812853.20582692,74812853.20582692,0,False
2024-02-01,2024-01-31,2024-01-31,0.0740951968503937,0.9833333333333333,,1.6859705010502335,49962888.29670128,0.0,72835330.70329872,72835330.70329872,0,False
2024-02-02,2024-02-01,2024-01-31,0.0740951968503937,0.9833333333333333,,1.6786588474540387,49967679.25859275,0.0,73627094.74140725,73627094.74140725,0,False
2024-02-05,2024-02-02,2024-01-31,0.0740951968503937,0.9833333333333333,,1.6659994190402216,50541814.87618905,0.0,75888677.12381095,75888677.12381095,0,False
2024-02-06,2024-02-05,2024-01-31,0.0740951968503937,0.9833333333333333,,1.66637853288163,50546661.35158814,0.0,75852775.64841187,75852775.64841187,0,False
2024-02-07,2024-02-06,2024-01-31,0.0740951968503937,0.9833333333333333,,1.6760306644367085,50551508.291717745,0.0,74776945.70828226,74776945.70828226,0,False
2024-02-08,2024-02-07,2024-01-31,0.0740951968503937,0.9833333333333333,,1.6838905541094482,50556355.69662243,0.0,73924629.30337757,73924629.30337757,0,False
2024-02-19,2024-02-08,2024-01-31,0.0740951968503937,0.9833333333333333,,1.6660013936968263,53183889.3675801,0.0,79855522.6324199,79855522.6324199,0,False
2024-02-20,2024-02-19,2024-01-31,0.0740951968503937,0.9833333333333333,,1.6660002440505255,53629162.49578795,0.0,80524238.50421205,80524238.50421205,0,False
2024-02-21,2024-02-20,2024-01-31,0.0740951968503937,0.9833333333333333,,1.665999304733236,54582680.186479054,0.0,81956061.81352094,81956061.81352094,0,False
2024-02-22,2024-02-21,2024-01-31,0.0740951968503937,0.9833333333333333,,1.6660002183531242,55715604.14572337,0.0,83657035.85427663,83657035.85427663,0,False
2024-02-23,2024-02-22,2024-01-31,0.0740951968503937,0.9833333333333333,,1.665997469100316,55829713.61580173,0.0,83828717.38419828,83828717.38419828,0,False
2024-02-26,2024-02-23,2024-01-31,0.0740951968503937,0.9833333333333333,,1.685511299002015,55845774.21834874,0.0,81465869.78165126,81465869.78165126,0,False
2024-02-27,2024-02-26,2024-01-31,0.0740951968503937,0.9833333333333333,,1.6730510076968494,55851129.29258886,0.0,82982015.70741114,82982015.70741114,0,False
2024-02-28,2024-02-27,2024-01-31,0.0740951968503937,0.9833333333333333,,1.6846548827244645,55856484.880329244,0.0,81583417.11967075,81583417.11967075,0,False
2024-02-29,2024-02-28,2024-01-31,0.0740951968503937,0.9833333333333333,,1.6797139164188408,55861840.98161914,0.0,82184342.01838085,82184342.01838085,0,False
2024-03-01,2024-02-29,2024-02-29,0.06828402841429881,0.9333333333333333,,1.6802650934041103,55867197.59650779,0.0,82125627.40349221,82125627.40349221,0,False
2024-03-04,2024-03-01,2024-02-29,0.06828402841429881,0.9333333333333333,,1.6659990653068293,56913125.17019774,0.0,85455262.82980226,85455262.82980226,0,False
2024-03-05,2024-03-04,2024-02-29,0.06828402841429881,0.9333333333333333,,1.6660000203401641,58085853.866739266,0.0,87215994.13326073,87215994.13326073,0,False
2024-03-06,2024-03-05,2024-02-29,0.06828402841429881,0.9333333333333333,,1.6697947846009622,58091423.74313745,0.0,86730182.25686255,86730182.25686255,0,False
2024-03-07,2024-03-06,2024-02-29,0.06828402841429881,0.9333333333333333,,1.666000976955591,59602078.666373365,0.0,89492479.33362663,89492479.33362663,0,False
2024-03-08,2024-03-07,2024-02-29,0.06828402841429881,0.9333333333333333,,1.6660005222608723,63302522.281060696,0.0,95048757.7189393,95048757.7189393,0,False
2024-03-11,2024-03-08,2024-02-29,0.06828402841429881,0.9333333333333333,,1.6915648048314371,63320732.59568949,0.0,91561531.40431051,91561531.40431051,0,False
2024-03-12,2024-03-11,2024-02-29,0.06828402841429881,0.9333333333333333,,1.7292911013736716,63326804.44676031,0.0,86833370.55323969,86833370.55323969,0,False
2024-03-13,2024-03-12,2024-02-29,0.06828402841429881,0.9333333333333333,,1.7182765690230652,62866221.713463426,0.0,87523698.28653657,87523698.28653657,0,False
2024-03-14,2024-03-13,2024-02-29,0.06828402841429881,0.9333333333333333,,1.6682129387610567,59508529.10343896,0.0,89056235.89656104,89056235.89656104,0,False
2024-03-15,2024-03-14,2024-02-29,0.06828402841429881,0.9333333333333333,,1.6660948350143365,59163732.77710034,186.14635009010294,88821506.36924975,88821506.36924975,0,False
2024-03-18,2024-03-15,2024-02-29,0.06828402841429881,0.9333333333333333,,1.666023584963806,59269533.24085984,0.0,88990141.75914016,88990141.75914016,0,False
2024-03-19,2024-03-18,2024-02-29,0.06828402841429881,0.9333333333333333,,1.6660154793594908,59151443.59857409,40.27227444345772,88813856.67370035,88813856.67370035,0,False
2024-03-20,2024-03-19,2024-02-29,0.06828402841429881,0.9333333333333333,,1.6660220361796456,60021364.25485512,0.0,90119186.74514487,90119186.74514487,0,False
2024-03-21,2024-03-20,2024-02-29,0.06828402841429881,0.9333333333333333,,1.66602200913817,59878484.42505887,168.95772903943475,89904409.53267017,89904409.53267017,0,False
2024-03-22,2024-03-21,2024-02-29,0.06828402841429881,0.9333333333333333,,1.66601946730836,58298163.98628724,278.3028382966295,87531804.31655106,87531804.31655106,0,False
2024-03-25,2024-03-22,2024-02-29,0.06828402841429881,0.9333333333333333,,1.6660015255932936,60688912.49735733,0.0,91124284.50264266,91124284.50264266,0,False
2024-03-26,2024-03-25,2024-02-29,0.06828402841429881,0.9333333333333333,,1.6660007071977805,61795786.024197355,0.0,92786366.97580265,92786366.97580265,0,False
2024-03-27,2024-03-26,2024-02-29,0.06828402841429881,0.9333333333333333,,1.673887635161616,61801711.647514746,0.0,91709223.35248525,91709223.35248525,0,False
2024-03-28,2024-03-27,2024-02-29,0.06828402841429881,0.9333333333333333,,1.6773095789308037,61807637.83904259,0.0,91254634.16095741,91254634.16095741,0,False
2024-03-29,2024-03-28,2024-02-29,0.06828402841429881,0.9333333333333333,,1.666000017287695,62935750.93136537,0.0,94498122.06863463,94498122.06863463,0,False
2024-04-01,2024-03-29,2024-03-29,0.06630506601248884,0.8833333333333333,,1.6660191564341733,63890312.33414782,0.0,95928640.66585219,95928640.66585219,0,False
2024-04-02,2024-04-01,2024-03-29,0.06630506601248884,0.8833333333333333,,1.6659990085416276,64784596.40850383,0.0,97274313.59149617,97274313.59149617,0,False
2024-04-03,2024-04-02,2024-03-29,0.06630506601248884,0.8833333333333333,,1.6659982829610622,64926803.58787725,0.0,97487944.41212276,97487944.41212276,0,False
2024-04-08,2024-04-03,2024-03-29,0.06630506601248884,0.8833333333333333,,1.6757185612359828,64957932.8772687,0.0,96131639.1227313,96131639.1227313,0,False
2024-04-09,2024-04-08,2024-03-29,0.06630506601248884,0.8833333333333333,,1.6834606493110316,64964161.72014734,0.0,95051795.27985266,95051795.27985266,0,False
2024-04-10,2024-04-09,2024-03-29,0.06630506601248884,0.8833333333333333,,1.6839218568451157,64970391.16031229,0.0,94996804.8396877,94996804.8396877,0,False
2024-04-11,2024-04-10,2024-03-29,0.06630506601248884,0.8833333333333333,,1.6846600208403393,64976621.19782081,0.0,94903483.80217919,94903483.80217919,0,False
2024-04-12,2024-04-11,2024-03-29,0.06630506601248884,0.8833333333333333,,1.6967820388601127,64982851.83273019,0.0,93261376.16726981,93261376.16726981,0,False
2024-04-15,2024-04-12,2024-03-29,0.06630506601248884,0.8833333333333333,,1.6659988834416866,65675315.63639276,0.0,98611750.36360724,98611750.36360724,0,False
2024-04-16,2024-04-15,2024-03-29,0.06630506601248884,0.8833333333333333,,1.671498310768286,65681613.26939899,0.0,97813519.73060101,97813519.73060101,0,False
2024-04-17,2024-04-16,2024-03-29,0.06630506601248884,0.8833333333333333,,1.6659969567944257,66128689.98658784,0.0,99292781.01341216,99292781.01341216,0,False
2024-04-18,2024-04-17,2024-03-29,0.06630506601248884,0.8833333333333333,,1.6659975878367892,66855470.33344683,0.0,100383952.66655317,100383952.66655317,0,False
2024-04-19,2024-04-18,2024-03-29,0.06630506601248884,0.8833333333333333,,1.6659992957166516,68943678.99711196,0.0,103519147.00288804,103519147.00288804,0,False
2024-04-22,2024-04-19,2024-03-29,0.06630506601248884,0.8833333333333333,,1.677119488977744,68963512.11024812,0.0,101848363.88975188,101848363.88975188,0,False
2024-04-23,2024-04-22,2024-03-29,0.06630506601248884,0.8833333333333333,,1.6955196061990505,68970125.04976554,0.0,99163451.95023446,99163451.95023446,0,False
2024-04-24,2024-04-23,2024-03-29,0.06630506601248884,0.8833333333333333,,1.6954039244927788,68976738.62340045,0.0,99189458.37659955,99189458.37659955,0,False
2024-04-25,2024-04-24,2024-03-29,0.06630506601248884,0.8833333333333333,,1.6912815338358276,68983352.83121365,0.0,99790533.16878635,99790533.16878635,0,False
2024-04-26,2024-04-25,2024-03-29,0.06630506601248884,0.8833333333333333,,1.6865966092534506,68989967.67326596,0.0,100481078.32673404,100481078.32673404,0,False
2024-04-29,2024-04-26,2024-03-29,0.06630506601248884,0.8833333333333333,,1.6910560629130615,69009814.10232265,0.0,99861382.89767735,99861382.89767735,0,False
2024-04-30,2024-04-29,2024-03-29,0.06630506601248884,0.8833333333333333,,1.6802834124173804,69016431.48175712,0.0,101452468.51824288,101452468.51824288,0,False
2024-05-06,2024-04-30,2024-04-30,0.06295652278589853,0.7333333333333333,,1.6792583770816285,69056139.56562334,0.0,101664023.43437666,101664023.43437666,0,False
2024-05-07,2024-05-06,2024-04-30,0.06295652278589853,0.7333333333333333,,1.6704048865846524,69062761.38722552,0.0,103016494.61277448,103016494.61277448,0,False
2024-05-08,2024-05-07,2024-04-30,0.06295652278589853,0.7333333333333333,,1.6782515767216748,69069383.8437969,0.0,101834461.1562031,101834461.1562031,0,False
2024-05-09,2024-05-08,2024-04-30,0.06295652278589853,0.7333333333333333,,1.677225925507513,69076006.93539836,0.0,101998468.06460164,101998468.06460164,0,False
2024-05-10,2024-05-09,2024-04-30,0.06295652278589853,0.7333333333333333,,1.6659990467542243,69485946.9655608,0.0,104333403.0344392,104333403.0344392,0,False
2024-05-13,2024-05-10,2024-04-30,0.06295652278589853,0.7333333333333333,,1.6659999824443041,69518250.19658197,0.0,104381759.80341803,104381759.80341803,0,False
2024-05-14,2024-05-13,2024-04-30,0.06295652278589853,0.7333333333333333,,1.6775126961680726,69524916.33016247,0.0,102617879.66983753,102617879.66983753,0,False
2024-05-15,2024-05-14,2024-04-30,0.06295652278589853,0.7333333333333333,,1.688739273921248,69531583.10296124,0.0,100954868.89703876,100954868.89703876,0,False
2024-05-16,2024-05-15,2024-04-30,0.06295652278589853,0.7333333333333333,,1.6796172439462178,69538250.51503961,0.0,102319726.48496039,102319726.48496039,0,False
2024-05-17,2024-05-16,2024-04-30,0.06295652278589853,0.7333333333333333,,1.6779389352456127,69544918.56645885,0.0,102582865.43354115,102582865.43354115,0,False
2024-05-20,2024-05-17,2024-04-30,0.06295652278589853,0.7333333333333333,,1.6674600115116116,69564924.63892317,0.0,104223359.36107683,104223359.36107683,0,False
2024-05-21,2024-05-20,2024-04-30,0.06295652278589853,0.7333333333333333,,1.6718074230095317,69571595.24813512,0.0,103558836.75186488,103558836.75186488,0,False
2024-05-22,2024-05-21,2024-04-30,0.06295652278589853,0.7333333333333333,,1.667856303699885,69578266.49699453,0.0,104181492.50300547,104181492.50300547,0,False
2024-05-23,2024-05-22,2024-04-30,0.06295652278589853,0.7333333333333333,,1.6707418359597752,69584938.38556273,0.0,103743250.61443727,103743250.61443727,0,False
2024-05-24,2024-05-23,2024-04-30,0.06295652278589853,0.7333333333333333,,1.6775861628673758,69591610.91390108,0.0,102705183.08609892,102705183.08609892,0,False
2024-05-27,2024-05-24,2024-04-30,0.06295652278589853,0.7333333333333333,,1.6660217943269933,69019758.20733857,185.32533801679642,103629601.11799943,103629601.11799943,0,False
2024-05-28,2024-05-27,2024-04-30,0.06295652278589853,0.7333333333333333,,1.665998263878089,69294357.67689934,0.0,104045853.32310066,104045853.32310066,0,False
2024-05-29,2024-05-28,2024-04-30,0.06295652278589853,0.7333333333333333,,1.6660002961017686,70612512.53788412,0.0,106024746.46211588,106024746.46211588,0,False
2024-05-30,2024-05-29,2024-04-30,0.06295652278589853,0.7333333333333333,,1.6836588695020107,70619283.60073021,0.0,103296083.39926979,103296083.39926979,0,False
2024-05-31,2024-05-30,2024-04-30,0.06295652278589853,0.7333333333333333,,1.6873035080009597,70626055.3128563,0.0,102758176.6871437,102758176.6871437,0,False
2024-06-03,2024-05-31,2024-05-31,0.06350442350907519,0.7333333333333333,,1.685638546026135,70646372.39726137,0.0,103037340.60273863,103037340.60273863,0,False
2024-06-04,2024-06-03,2024-05-31,0.06350442350907519,0.7333333333333333,,1.6818657752530164,70653146.70694329,0.0,103617382.29305671,103617382.29305671,0,False
2024-06-05,2024-06-04,2024-05-31,0.06350442350907519,0.7333333333333333,,1.6977708087298296,70659921.66621655,0.0,101265230.33378345,101265230.33378345,0,False
2024-06-06,2024-06-05,2024-05-31,0.06350442350907519,0.7333333333333333,,1.6886949960518705,70666384.43732345,0.0,102609115.56267655,102609115.56267655,0,False
2024-06-07,2024-06-06,2024-05-31,0.06350442350907519,0.7333333333333333,,1.676377424645907,70672773.86588812,0.0,104487186.13411188,104487186.13411188,0,False
2024-06-11,2024-06-07,2024-05-31,0.06350442350907519,0.7333333333333333,,1.6887545261253367,70699881.23120654,0.0,102648880.76879346,102648880.76879346,0,False
2024-06-12,2024-06-11,2024-05-31,0.06350442350907519,0.7333333333333333,,1.6691214117657582,70706660.67187254,0.0,105670898.32812746,105670898.32812746,0,False
2024-06-13,2024-06-12,2024-05-31,0.06350442350907519,0.7333333333333333,,1.6848665322935281,70713440.7626219,0.0,103251418.2373781,103251418.2373781,0,False
2024-06-14,2024-06-13,2024-05-31,0.06350442350907519,0.7333333333333333,,1.6893708470701712,70127249.00351694,0.0,101726449.99648306,101726449.99648306,0,False
2024-06-17,2024-06-14,2024-05-31,0.06350442350907519,0.7333333333333333,,1.6997991209697705,70147422.59569603,0.0,100239369.40430397,100239369.40430397,0,False
2024-06-18,2024-06-17,2024-05-31,0.06350442350907519,0.7333333333333333,,1.6930230047216743,70154149.06087644,0.0,101229177.93912356,101229177.93912356,0,False
2024-06-19,2024-06-18,2024-05-31,0.06350442350907519,0.7333333333333333,,1.6761305543871672,70160876.17106037,0.0,103768237.82893963,103768237.82893963,0,False
2024-06-20,2024-06-19,2024-05-31,0.06350442350907519,0.7333333333333333,,1.6776379571141278,70167603.92630965,0.0,103547334.07369035,103547334.07369035,0,False
2024-06-21,2024-06-20,2024-05-31,0.06350442350907519,0.7333333333333333,,1.6713033502760237,70174332.32668614,0.0,104534458.67331386,104534458.67331386,0,False
2024-06-24,2024-06-21,2024-05-31,0.06350442350907519,0.7333333333333333,,1.668037657129133,70194519.46338286,0.0,105075692.53661714,105075692.53661714,0,False
2024-06-25,2024-06-24,2024-05-31,0.06350442350907519,0.7333333333333333,,1.6660362970685696,70201250.44470125,0.0,105401538.55529875,105401538.55529875,0,False
2024-06-26,2024-06-25,2024-05-31,0.06350442350907519,0.7333333333333333,,1.6659976463009338,70718638.23745622,0.0,106184516.76254378,106184516.76254378,0,False
2024-06-27,2024-06-26,2024-05-31,0.06350442350907519,0.7333333333333333,,1.6659992341425713,71417049.55273926,0.0,107232930.44726074,107232930.44726074,0,False
2024-06-28,2024-06-27,2024-05-31,0.06350442350907519,0.7333333333333333,,1.6660006381278505,72945705.14337035,0.0,109527980.85662965,109527980.85662965,0,False
2024-07-01,2024-06-28,2024-06-28,0.06505001393728221,0.7833333333333333,,1.6659991416039035,75084532.461402,0.0,112739683.538598,112739683.538598,0,False
2024-07-02,2024-07-01,2024-06-28,0.06505001393728221,0.7833333333333333,,1.6660002212954579,76119822.37979637,0.0,114293989.62020363,114293989.62020363,0,False
2024-07-03,2024-07-02,2024-06-28,0.06505001393728221,0.7833333333333333,,1.6748564212027799,76127121.54084648,0.0,112804915.45915352,112804915.45915352,0,False
2024-07-04,2024-07-03,2024-06-28,0.06505001393728221,0.7833333333333333,,1.6745408767820202,76134421.40181616,0.0,112868506.59818384,112868506.59818384,0,False
2024-07-05,2024-07-04,2024-06-28,0.06505001393728221,0.7833333333333333,,1.6910572089132436,76141721.9627725,0.0,110181503.0372275,110181503.0372275,0,False
2024-07-08,2024-07-05,2024-06-28,0.06505001393728221,0.7833333333333333,,1.687876845008553,76163625.7458029,0.0,110722764.2541971,110722764.2541971,0,False
2024-07-09,2024-07-08,2024-06-28,0.06505001393728221,0.7833333333333333,,1.6916108135822607,75550361.10717578,0.0,109238258.89282422,109238258.89282422,0,False
2024-07-10,2024-07-09,2024-06-28,0.06505001393728221,0.7833333333333333,,1.6660725183143053,72254467.4308746,20.77003415518999,108478348.33915956,108478348.33915956,0,False
2024-07-11,2024-07-10,2024-06-28,0.06505001393728221,0.7833333333333333,,1.6659999915994033,72402180.658316,0.0,108711984.341684,108711984.341684,0,False
2024-07-12,2024-07-11,2024-06-28,0.06505001393728221,0.7833333333333333,,1.6659999470333078,73449128.50097364,0.0,110283985.49902636,110283985.49902636,0,False
2024-07-15,2024-07-12,2024-06-28,0.06505001393728221,0.7833333333333333,,1.6659999819292128,74806377.62560324,0.0,112321891.37439676,112321891.37439676,0,False
2024-07-16,2024-07-15,2024-06-28,0.06505001393728221,0.7833333333333333,,1.6660227574740674,74616922.25286919,121.85826307535172,112033409.60539389,112033409.60539389,0,False
2024-07-17,2024-07-16,2024-06-28,0.06505001393728221,0.7833333333333333,,1.6660225939608915,72963305.12390433,32.711368898720025,109550746.58746459,109550746.58746459,0,False
2024-07-18,2024-07-17,2024-06-28,0.06505001393728221,0.7833333333333333,,1.666039457864122,73586624.52219869,0.0,110483881.47780131,110483881.47780131,0,False
2024-07-19,2024-07-18,2024-06-28,0.06505001393728221,0.7833333333333333,,1.6812398035036948,73593680.77386521,0.0,108029038.22613479,108029038.22613479,0,False
2024-07-22,2024-07-19,2024-06-28,0.06505001393728221,0.7833333333333333,,1.704560595040786,73614851.55874535,0.0,104483350.44125465,104483350.44125465,0,False
2024-07-23,2024-07-22,2024-06-28,0.06505001393728221,0.7833333333333333,,1.6720170375034742,69304805.558514,0.0,103129536.441486,103129536.441486,0,False
2024-07-24,2024-07-23,2024-06-28,0.06505001393728221,0.7833333333333333,,1.6741807283326635,69311416.62480044,0.0,102808362.37519956,102808362.37519956,0,False
2024-07-25,2024-07-24,2024-06-28,0.06505001393728221,0.7833333333333333,,1.6928073372094514,69318062.92502473,0.0,100053881.07497527,100053881.07497527,0,False
2024-07-26,2024-07-25,2024-06-28,0.06505001393728221,0.7833333333333333,,1.6949873250828902,69324709.86256549,0.0,99749603.13743451,99749603.13743451,0,False
2024-07-29,2024-07-26,2024-06-28,0.06505001393728221,0.7833333333333333,,1.685295603431998,69344652.58732048,0.0,101189402.41267952,101189402.41267952,0,False
2024-07-30,2024-07-29,2024-06-28,0.06505001393728221,0.7833333333333333,,1.7131368354607004,69351302.07455488,0.0,97248239.92544512,97248239.92544512,0,False
2024-07-31,2024-07-30,2024-06-28,0.06505001393728221,0.7833333333333333,,1.6944597858805377,69357952.19941133,0.0,99873244.80058867,99873244.80058867,0,False
2024-08-01,2024-07-31,2024-07-31,0.066845222614841,0.8833333333333333,,1.6817562883201231,69364602.961951,0.0,101743987.038049,101743987.038049,0,False
2024-08-02,2024-08-01,2024-07-31,0.066845222614841,0.8833333333333333,,1.7028005657033347,69371254.36223502,0.0,98706884.63776498,98706884.63776498,0,False
2024-08-05,2024-08-02,2024-07-31,0.066845222614841,0.8833333333333333,,1.7343795576940337,69391210.47650361,0.0,94489572.52349639,94489572.52349639,0,False
2024-08-06,2024-08-05,2024-07-31,0.066845222614841,0.8833333333333333,,1.6886847964293752,64696748.859043136,0.0,93942467.14095686,93942467.14095686,0,False
2024-08-07,2024-08-06,2024-07-31,0.066845222614841,0.8833333333333333,,1.6765091123893885,64702952.65687893,0.0,95642396.34312107,95642396.34312107,0,False
2024-08-08,2024-08-07,2024-07-31,0.066845222614841,0.8833333333333333,,1.6753946946758056,64709157.049599454,0.0,95809394.95040055,95809394.95040055,0,False
2024-08-09,2024-08-08,2024-07-31,0.066845222614841,0.8833333333333333,,1.6693483968567544,64715362.03726175,0.0,96684121.96273825,96684121.96273825,0,False
2024-08-12,2024-08-09,2024-07-31,0.066845222614841,0.8833333333333333,,1.6740192265833098,64733978.78524507,0.0,96041739.21475494,96041739.21475494,0,False
2024-08-13,2024-08-12,2024-07-31,0.066845222614841,0.8833333333333333,,1.6659970765014094,64841698.286433786,0.0,97360334.71356621,97360334.71356621,0,False
2024-08-14,2024-08-13,2024-07-31,0.066845222614841,0.8833333333333333,,1.6707088452882606,64847915.98352975,0.0,96685643.01647025,96685643.01647025,0,False
2024-08-15,2024-08-14,2024-07-31,0.066845222614841,0.8833333333333333,,1.6659984991984869,65497653.02377323,0.0,98345045.97622678,98345045.97622678,0,False
2024-08-16,2024-08-15,2024-07-31,0.066845222614841,0.8833333333333333,,1.6660004199666247,66404914.71765853,0.0,99707016.28234148,99707016.28234148,0,False
2024-08-19,2024-08-16,2024-07-31,0.066845222614841,0.8833333333333333,,1.6659990615814033,67416679.64902443,0.0,101226388.35097557,101226388.35097557,0,False
2024-08-20,2024-08-19,2024-07-31,0.066845222614841,0.8833333333333333,,1.6775992890400273,67423144.26214145,0.0,99502973.73785855,99502973.73785855,0,False
2024-08-21,2024-08-20,2024-07-31,0.066845222614841,0.8833333333333333,,1.6836907614591294,67429609.49515289,0.0,98625889.50484711,98625889.50484711,0,False
2024-08-22,2024-08-21,2024-07-31,0.066845222614841,0.8833333333333333,,1.6836752430875384,67436075.34811819,0.0,98637585.65188181,98637585.65188181,0,False
2024-08-23,2024-08-22,2024-07-31,0.066845222614841,0.8833333333333333,,1.6726645158379887,67442541.82109678,0.0,100261780.17890322,100261780.17890322,0,False
2024-08-26,2024-08-23,2024-07-31,0.066845222614841,0.8833333333333333,,1.6702530946991483,67461943.1002508,0.0,100651445.8997492,100651445.8997492,0,False
2024-08-27,2024-08-26,2024-07-31,0.066845222614841,0.8833333333333333,,1.6659970889521238,67569493.13824877,0.0,101456138.86175123,101456138.86175123,0,False
2024-08-28,2024-08-27,2024-07-31,0.066845222614841,0.8833333333333333,,1.6691763497512484,67575972.40471408,0.0,100983802.59528592,100983802.59528592,0,False
2024-08-29,2024-08-28,2024-07-31,0.066845222614841,0.8833333333333333,,1.6971545613496903,67582452.29247892,0.0,96940414.70752108,96940414.70752108,0,False
2024-08-30,2024-08-29,2024-07-31,0.066845222614841,0.8833333333333333,,1.6957137960014115,67588486.03212285,0.0,97149842.96787715,97149842.96787715,0,False
2024-09-02,2024-08-30,2024-08-30,0.07037703130755064,0.95,,1.7029218124550305,67607929.29522797,0.0,96181293.70477203,96181293.70477203,0,False
2024-09-03,2024-09-02,2024-08-30,0.07037703130755064,0.95,,1.7218498214550182,67614412.24735217,0.0,93668253.75264783,93668253.75264783,0,False
2024-09-04,2024-09-03,2024-08-30,0.07037703130755064,0.95,,1.7552649651646695,67620895.8211293,0.0,89532679.1788707,89532679.1788707,0,False
2024-09-05,2024-09-04,2024-08-30,0.07037703130755064,0.95,,1.753808777032098,67627380.01661901,0.0,89714237.98338099,89714237.98338099,0,False
2024-09-06,2024-09-05,2024-08-30,0.07037703130755064,0.95,,1.6667794937574942,59338169.210635334,259.19882444868057,88991803.98818913,88991803.98818913,0,False
2024-09-09,2024-09-06,2024-08-30,0.07037703130755064,0.95,,1.6993474430850248,59354979.89610435,0.0,84871948.10389565,84871948.10389565,0,False
2024-09-10,2024-09-09,2024-08-30,0.07037703130755064,0.95,,1.6876922858423622,59360671.46951905,0.0,86318652.53048095,86318652.53048095,0,False
2024-09-11,2024-09-10,2024-08-30,0.07037703130755064,0.95,,1.7214494527319881,59364266.123271056,0.0,82284719.87672895,82284719.87672895,0,False
2024-09-12,2024-09-11,2024-08-30,0.07037703130755064,0.95,,1.711875133455642,59369958.58714589,0.0,83399399.4128541,83399399.4128541,0,False
2024-09-13,2024-09-12,2024-08-30,0.07037703130755064,0.95,,1.7052295533844977,59375651.596873425,0.0,84193368.40312657,84193368.40312657,0,False
2024-09-18,2024-09-13,2024-08-30,0.07037703130755064,0.95,,1.7007756321330838,59404119.37503631,0.0,84769099.6249637,84769099.6249637,0,False
2024-09-19,2024-09-18,2024-08-30,0.07037703130755064,0.95,,1.6939770527419054,59409815.66045583,0.0,85607752.33954418,85607752.33954418,0,False
2024-09-20,2024-09-19,2024-08-30,0.07037703130755064,0.95,,1.6860506844501262,59415512.4920945,0.0,86605135.5079055,86605135.5079055,0,False
2024-09-23,2024-09-20,2024-08-30,0.07037703130755064,0.95,,1.6670436767775054,59432604.62582511,0.0,89098520.3741749,89098520.3741749,0,False
2024-09-24,2024-09-23,2024-08-30,0.07037703130755064,0.95,,1.665997729936319,62730771.44128703,0.0,94190668.55871296,94190668.55871296,0,False
2024-09-25,2024-09-24,2024-08-30,0.07037703130755064,0.95,,1.665996920473525,64622634.14114031,0.0,97031430.85885969,97031430.85885969,0,False
2024-09-26,2024-09-25,2024-08-30,0.07037703130755064,0.95,,1.6660008965419537,66451970.233375356,0.0,99777598.76662464,99777598.76662464,0,False
2024-09-27,2024-09-26,2024-08-30,0.07037703130755064,0.95,,1.6659985201433993,66632093.40138006,0.0,100048410.59861994,100048410.59861994,0,False
2024-09-30,2024-09-27,2024-08-30,0.07037703130755064,0.95,,1.6660012717056472,74369672.419108,0.0,111665961.580892,111665961.580892,0,False
2024-10-08,2024-09-30,2024-09-30,0.057533383399209485,0.4666666666666667,,1.666003087036635,80302936.36233719,0.0,120574420.63766281,120574420.63766281,0,False
2024-10-09,2024-10-08,2024-09-30,0.057533383399209485,0.4666666666666667,,1.7594988056259866,80310636.64390618,0.0,105741623.35609382,105741623.35609382,0,False
2024-10-10,2024-10-09,2024-09-30,0.057533383399209485,0.4666666666666667,,1.6713489680204774,74548410.86761834,0.0,111042713.13238166,111042713.13238166,0,False
2024-10-11,2024-10-10,2024-09-30,0.057533383399209485,0.4666666666666667,,1.6847345933518143,74555559.34537277,0.0,108882419.65462723,108882419.65462723,0,False
2024-10-14,2024-10-11,2024-09-30,0.057533383399209485,0.4666666666666667,,1.6660001386417485,75433949.75578746,0.0,113264165.24421254,113264165.24421254,0,False
2024-10-15,2024-10-14,2024-09-30,0.057533383399209485,0.4666666666666667,,1.691268910757213,75441183.1482298,0.0,109134349.8517702,109134349.8517702,0,False
2024-10-16,2024-10-15,2024-09-30,0.057533383399209485,0.4666666666666667,,1.6728150985328787,75448417.2342851,0.0,112138412.7657149,112138412.7657149,0,False
2024-10-17,2024-10-16,2024-09-30,0.057533383399209485,0.4666666666666667,,1.6848166858876328,75455652.01401989,0.0,110183722.98598011,110183722.98598011,0,False
2024-10-18,2024-10-17,2024-09-30,0.057533383399209485,0.4666666666666667,,1.6659999047391685,74745227.86308855,59.87696786553761,112229998.0138793,112229998.0138793,0,False
2024-10-21,2024-10-18,2024-09-30,0.057533383399209485,0.4666666666666667,,1.6778063706220936,74766670.0379717,0.0,110306826.9620283,110306826.9620283,0,False
2024-10-22,2024-10-21,2024-09-30,0.057533383399209485,0.4666666666666667,,1.67883772953476,74675859.24908768,0.0,110005463.75091232,110005463.75091232,0,False
2024-10-23,2024-10-22,2024-09-30,0.057533383399209485,0.4666666666666667,,1.6763487482692394,74683019.94791979,0.0,110420874.05208021,110420874.05208021,0,False
2024-10-24,2024-10-23,2024-09-30,0.057533383399209485,0.4666666666666667,,1.6792842018956493,74690181.33339424,0.0,109954244.66660576,109954244.66660576,0,False
2024-10-25,2024-10-24,2024-09-30,0.057533383399209485,0.4666666666666667,,1.685592233875018,74697343.4055769,0.0,108953018.5944231,108953018.5944231,0,False
2024-10-28,2024-10-25,2024-09-30,0.057533383399209485,0.4666666666666667,,1.6969254973511676,74715754.325917,0.0,107207663.674083,107207663.674083,0,False
2024-10-29,2024-10-28,2024-09-30,0.057533383399209485,0.4666666666666667,,1.7007630802293834,74722918.85030442,0.0,106630787.14969558,106630787.14969558,0,False
2024-10-30,2024-10-29,2024-09-30,0.057533383399209485,0.4666666666666667,,1.672695834275596,69588889.99902102,0.0,103447779.00097898,103447779.00097898,0,False
2024-10-31,2024-10-30,2024-09-30,0.057533383399209485,0.4666666666666667,,1.6660201597222597,69104374.51441672,362.9460055213822,103756636.4315888,103756636.4315888,0,False
2024-11-01,2024-10-31,2024-10-31,0.06436090987124463,0.6833333333333333,,1.6660037777213665,70752862.82470244,0.0,106234927.17529756,106234927.17529756,0,False
2024-11-04,2024-11-01,2024-10-31,0.06436090987124463,0.6833333333333333,,1.6659991202187243,71819178.37770078,0.0,107836746.62229922,107836746.62229922,0,False
2024-11-05,2024-11-04,2024-10-31,0.06436090987124463,0.6833333333333333,,1.6660250890722461,73720962.64849013,0.0,110687966.35150987,110687966.35150987,0,False
2024-11-06,2024-11-05,2024-10-31,0.06436090987124463,0.6833333333333333,,1.6660215410677421,72728169.17525809,198.8850833113354,109197624.70982523,109197624.70982523,0,False
2024-11-07,2024-11-06,2024-10-31,0.06436090987124463,0.6833333333333333,,1.665999159936245,74700502.24242528,0.0,112163057.75757472,112163057.75757472,0,False
2024-11-08,2024-11-07,2024-10-31,0.06436090987124463,0.6833333333333333,,1.6660229700942264,73342768.27934676,15.974892624346467,110120454.69554585,110120454.69554585,0,False
2024-11-11,2024-11-08,2024-10-31,0.06436090987124463,0.6833333333333333,,1.6679519124284146,73274935.18072766,0.0,109700913.81927234,109700913.81927234,0,False
2024-11-12,2024-11-11,2024-10-31,0.06436090987124463,0.6833333333333333,,1.6661698680269925,72705198.99344617,94.65351104922593,109138986.66006488,109138986.66006488,0,False
2024-11-13,2024-11-12,2024-10-31,0.06436090987124463,0.6833333333333333,,1.665999421765335,73869711.28737545,0.0,110915578.71262455,110915578.71262455,0,False
2024-11-14,2024-11-13,2024-10-31,0.06436090987124463,0.6833333333333333,,1.688270976057493,73876794.68434821,0.0,107336786.31565179,107336786.31565179,0,False
2024-11-15,2024-11-14,2024-10-31,0.06436090987124463,0.6833333333333333,,1.7084100861880471,73883878.76055083,0.0,104295351.23944917,104295351.23944917,0,False
2024-11-18,2024-11-15,2024-10-31,0.06436090987124463,0.6833333333333333,,1.666012850187666,71109983.48398899,214.02637540406067,106769365.54238643,106769365.54238643,0,False
2024-11-19,2024-11-18,2024-10-31,0.06436090987124463,0.6833333333333333,,1.6660016004472105,73857055.60476314,0.0,110896213.39523686,110896213.39523686,0,False
2024-11-20,2024-11-19,2024-10-31,0.06436090987124463,0.6833333333333333,,1.6659999713605316,74048608.84858729,0.0,111184102.15141271,111184102.15141271,0,False
2024-11-21,2024-11-20,2024-10-31,0.06436090987124463,0.6833333333333333,,1.667758938980421,74055689.40012072,0.0,110901831.59987928,110901831.59987928,0,False
2024-11-22,2024-11-21,2024-10-31,0.06436090987124463,0.6833333333333333,,1.6927070985925794,74062790.63061114,0.0,106917903.36938886,106917903.36938886,0,False
2024-11-25,2024-11-22,2024-10-31,0.06436090987124463,0.6833333333333333,,1.6837372734406757,74084096.36490214,0.0,108351700.63509786,108351700.63509786,0,False
2024-11-26,2024-11-25,2024-10-31,0.06436090987124463,0.6833333333333333,,1.6981271240559301,74091200.31934808,0.0,106128522.68065192,106128522.68065192,0,False
2024-11-27,2024-11-26,2024-10-31,0.06436090987124463,0.6833333333333333,,1.6854229399021827,74098304.95499514,0.0,108105960.04500486,108105960.04500486,0,False
2024-11-28,2024-11-27,2024-10-31,0.06436090987124463,0.6833333333333333,,1.6820723355122649,72927366.27190863,0.0,106920281.72809137,106920281.72809137,0,False
2024-11-29,2024-11-28,2024-10-31,0.06436090987124463,0.6833333333333333,,1.6743899333266647,72934359.30703059,0.0,108148647.69296941,108148647.69296941,0,False
2024-12-02,2024-11-29,2024-11-29,0.0649003829787234,0.7333333333333333,,1.6775267826737135,72955340.42409152,0.0,107678902.57590848,107678902.57590848,0,False
2024-12-03,2024-12-02,2024-11-29,0.0649003829787234,0.7333333333333333,,1.6659987805161112,73394660.40813643,0.0,110202394.59186357,110202394.59186357,0,False
2024-12-04,2024-12-03,2024-11-29,0.0649003829787234,0.7333333333333333,,1.6659995207189764,73916054.82528515,0.0,110985147.17471485,110985147.17471485,0,False
2024-12-05,2024-12-04,2024-11-29,0.0649003829787234,0.7333333333333333,,1.6715430664369872,73923142.66615881,0.0,110079526.33384119,110079526.33384119,0,False
2024-12-06,2024-12-05,2024-11-29,0.0649003829787234,0.7333333333333333,,1.6659991736021131,74417701.62400845,0.0,111738429.37599155,111738429.37599155,0,False
2024-12-09,2024-12-06,2024-11-29,0.0649003829787234,0.7333333333333333,,1.665999271140725,74904037.35665247,0.0,112468647.64334753,112468647.64334753,0,False
2024-12-10,2024-12-09,2024-11-29,0.0649003829787234,0.7333333333333333,,1.665998360564472,75097786.39598708,0.0,112759716.60401292,112759716.60401292,0,False
2024-12-11,2024-12-10,2024-11-29,0.0649003829787234,0.7333333333333333,,1.6694445784360257,75104987.55358669,0.0,112190000.44641331,112190000.44641331,0,False
2024-12-12,2024-12-11,2024-11-29,0.0649003829787234,0.7333333333333333,,1.6659988804371417,75483812.96613829,0.0,113339249.03386171,113339249.03386171,0,False
2024-12-13,2024-12-12,2024-11-29,0.0649003829787234,0.7333333333333333,,1.690624345965584,75491051.13998435,0.0,109308412.86001565,109308412.86001565,0,False
2024-12-16,2024-12-13,2024-11-29,0.0649003829787234,0.7333333333333333,,1.6832342742421094,75506883.74865696,0.0,110513899.25134304,110513899.25134304,0,False
2024-12-17,2024-12-16,2024-11-29,0.0649003829787234,0.7333333333333333,,1.6882662449012076,75514124.13476984,0.0,109716442.86523016,109716442.86523016,0,False
2024-12-18,2024-12-17,2024-11-29,0.0649003829787234,0.7333333333333333,,1.6770732949418232,75521365.21516633,0.0,111540900.78483367,111540900.78483367,0,False
2024-12-19,2024-12-18,2024-11-29,0.0649003829787234,0.7333333333333333,,1.684099026170404,75528606.98991299,0.0,110405956.01008701,110405956.01008701,0,False
2024-12-20,2024-12-19,2024-11-29,0.0649003829787234,0.7333333333333333,,1.688071610300317,75535849.4590764,0.0,109779052.5409236,109779052.5409236,0,False
2024-12-23,2024-12-20,2024-11-29,0.0649003829787234,0.7333333333333333,,1.6717301855777345,75557578.95001669,0.0,112482036.04998331,112482036.04998331,0,False
2024-12-24,2024-12-23,2024-11-29,0.0649003829787234,0.7333333333333333,,1.6659980076133993,76471730.83233325,0.0,114822762.16766675,114822762.16766675,0,False
2024-12-25,2024-12-24,2024-11-29,0.0649003829787234,0.7333333333333333,,1.6659971275345637,77003765.2211695,0.0,115621767.7788305,115621767.7788305,0,False
2024-12-26,2024-12-25,2024-11-29,0.0649003829787234,0.7333333333333333,,1.6659978881077793,77022977.26209195,0.0,115650482.73790805,115650482.73790805,0,False
2024-12-27,2024-12-26,2024-11-29,0.0649003829787234,0.7333333333333333,,1.6659987632834785,77038832.1115749,0.0,115674136.8884251,115674136.8884251,0,False
2024-12-30,2024-12-27,2024-11-29,0.0649003829787234,0.7333333333333333,,1.6660004241457016,79007553.83574782,0.0,118629885.16425218,118629885.16425218,0,False
2024-12-31,2024-12-30,2024-11-29,0.0649003829787234,0.7333333333333333,,1.6824857105014688,79015129.90255399,0.0,115775508.09744601,115775508.09744601,0,False
2025-01-02,2024-12-31,2024-12-31,0.06528245447087777,0.7666666666666667,,1.7053158853710082,79030283.48911065,0.0,112049487.51088935,112049487.51088935,0,False
2025-01-03,2025-01-02,2024-12-31,0.06528245447087777,0.7666666666666667,,1.7161403162881035,79037861.73547262,0.0,110366446.26452738,110366446.26452738,0,False
2025-01-06,2025-01-03,2024-12-31,0.06528245447087777,0.7666666666666667,,1.713661138311996,79060598.654602,0.0,110781706.345398,110781706.345398,0,False
2025-01-07,2025-01-06,2024-12-31,0.06528245447087777,0.7666666666666667,,1.7043190975553606,79068179.80789766,0.0,112261871.19210234,112261871.19210234,0,False
2025-01-08,2025-01-07,2024-12-31,0.06528245447087777,0.7666666666666667,,1.7021570319960024,79075761.6881532,0.0,112618343.3118468,112618343.3118468,0,False
2025-01-09,2025-01-08,2024-12-31,0.06528245447087777,0.7666666666666667,,1.7141177271751324,79083344.29543838,0.0,110742726.70456162,110742726.70456162,0,False
2025-01-10,2025-01-09,2024-12-31,0.06528245447087777,0.7666666666666667,,1.7288479843485949,79090927.62982288,0.0,108514984.37017712,108514984.37017712,0,False
2025-01-13,2025-01-10,2024-12-31,0.06528245447087777,0.7666666666666667,,1.7191405053659248,79113679.81448351,0.0,110011436.18551649,110011436.18551649,0,False
2025-01-14,2025-01-13,2024-12-31,0.06528245447087777,0.7666666666666667,,1.702068658503494,79121266.05775338,0.0,112697333.94224662,112697333.94224662,0,False
2025-01-15,2025-01-14,2024-12-31,0.06528245447087777,0.7666666666666667,,1.7015105439409164,79128853.02847125,0.0,112797809.97152875,112797809.97152875,0,False
2025-01-16,2025-01-15,2024-12-31,0.06528245447087777,0.7666666666666667,,1.6870657198277523,79136440.72670685,0.0,115180307.27329315,115180307.27329315,0,False
2025-01-17,2025-01-16,2024-12-31,0.06528245447087777,0.7666666666666667,,1.6885952819578547,79144029.15252995,0.0,114935479.84747005,114935479.84747005,0,False
2025-01-20,2025-01-17,2024-12-31,0.06528245447087777,0.7666666666666667,,1.6968464873427633,78635160.6129711,0.0,112844309.3870289,112844309.3870289,0,False
2025-01-21,2025-01-20,2024-12-31,0.06528245447087777,0.7666666666666667,,1.7131447020658437,78642700.9708381,0.0,110275938.0291619,110275938.0291619,0,False
2025-01-22,2025-01-21,2024-12-31,0.06528245447087777,0.7666666666666667,,1.7287309912855544,78650200.45175312,0.0,107927618.54824688,107927618.54824688,0,False
2025-01-23,2025-01-22,2024-12-31,0.06528245447087777,0.7666666666666667,,1.7140393064918775,78657742.25179644,0.0,110158840.74820356,110158840.74820356,0,False
2025-01-24,2025-01-23,2024-12-31,0.06528245447087777,0.7666666666666667,,1.7200005716146343,78665284.77502607,0.0,109257253.22497393,109257253.22497393,0,False
2025-01-27,2025-01-24,2024-12-31,0.06528245447087777,0.7666666666666667,,1.7128195821702572,78687914.5144819,0.0,110389664.4855181,110389664.4855181,0,False
2025-02-05,2025-01-27,2025-01-27,0.06887987563884157,0.9333333333333333,,1.7278280772053436,78755823.26262453,0.0,108206629.73737547,108206629.73737547,0,False
2025-02-06,2025-02-05,2025-01-27,0.06887987563884157,0.9333333333333333,,1.7204455555193723,78763375.1908826,0.0,109325922.8091174,109325922.8091174,0,False
2025-02-07,2025-02-06,2025-01-27,0.06887987563884157,0.9333333333333333,,1.7185014828868421,78770927.84329815,0.0,109632241.15670185,109632241.15670185,0,False
2025-02-10,2025-02-07,2025-01-27,0.06887987563884157,0.9333333333333333,,1.715334512545724,78793587.97322568,0.0,110149289.02677432,110149289.02677432,0,False
2025-02-11,2025-02-10,2025-01-27,0.06887987563884157,0.9333333333333333,,1.7132694264876978,78801143.52275737,0.0,110478790.47724263,110478790.47724263,0,False
2025-02-12,2025-02-11,2025-01-27,0.06887987563884157,0.9333333333333333,,1.6964830336617025,78808699.79679379,0.0,113152361.20320621,113152361.20320621,0,False
2025-02-13,2025-02-12,2025-01-27,0.06887987563884157,0.9333333333333333,,1.706930155488337,78816256.79540443,0.0,111490868.20459557,111490868.20459557,0,False
2025-02-14,2025-02-13,2025-01-27,0.06887987563884157,0.9333333333333333,,1.7019326951676048,78823814.51865879,0.0,112295402.48134121,112295402.48134121,0,False
2025-02-17,2025-02-14,2025-01-27,0.06887987563884157,0.9333333333333333,,1.7116039950871198,78846489.86256142,0.0,110801078.13743858,110801078.13743858,0,False
2025-02-18,2025-02-17,2025-01-27,0.06887987563884157,0.9333333333333333,,1.7038051044494507,78854050.484877,0.0,112039611.515123,112039611.515123,0,False
2025-02-19,2025-02-18,2025-01-27,0.06887987563884157,0.9333333333333333,,1.705926069278612,78861611.83218378,0.0,111713698.16781622,111713698.16781622,0,False
2025-02-20,2025-02-19,2025-01-27,0.06887987563884157,0.9333333333333333,,1.7091901980710646,78869173.90455125,0.0,111210186.09544875,111210186.09544875,0,False
2025-02-21,2025-02-20,2025-01-27,0.06887987563884157,0.9333333333333333,,1.7164357142701476,78876736.70204894,0.0,110096042.29795106,110096042.29795106,0,False
2025-02-24,2025-02-21,2025-01-27,0.06887987563884157,0.9333333333333333,,1.7329467390692674,78899427.27014132,0.0,107646876.72985868,107646876.72985868,0,False
2025-02-25,2025-02-24,2025-01-27,0.06887987563884157,0.9333333333333333,,1.7363859616693516,78906992.96864668,0.0,107154396.03135332,107154396.03135332,0,False
2025-02-26,2025-02-25,2025-01-27,0.06887987563884157,0.9333333333333333,,1.732663885777511,78914559.39262997,0.0,107709088.60737003,107709088.60737003,0,False
2025-02-27,2025-02-26,2025-01-27,0.06887987563884157,0.9333333333333333,,1.7139752660669045,78922126.54216076,0.0,110539020.45783924,110539020.45783924,0,False
2025-02-28,2025-02-27,2025-01-27,0.06887987563884157,0.9333333333333333,,1.7253688831998828,78928200.34434864,0.0,108811119.65565136,108811119.65565136,0,False
2025-03-03,2025-02-28,2025-02-28,0.06745036886632826,0.8666666666666667,,1.7179693146426405,78950905.71705043,0.0,109964178.28294957,109964178.28294957,0,False
2025-03-04,2025-03-03,2025-02-28,0.06745036886632826,0.8666666666666667,,1.7329492906613637,78958476.35184522,0.0,107727065.64815478,107727065.64815478,0,False
2025-03-05,2025-03-04,2025-02-28,0.06745036886632826,0.8666666666666667,,1.725643701511707,78966047.71259129,0.0,108822067.28740871,108822067.28740871,0,False
2025-03-06,2025-03-05,2025-02-28,0.06745036886632826,0.8666666666666667,,1.7269763835050813,78973619.79935825,0.0,108632992.20064175,108632992.20064175,0,False
2025-03-07,2025-03-06,2025-02-28,0.06745036886632826,0.8666666666666667,,1.7266264358056067,78981192.61221573,0.0,108695732.38778427,108695732.38778427,0,False
2025-03-10,2025-03-07,2025-02-28,0.06745036886632826,0.8666666666666667,,1.7311216991538236,79003913.22926855,0.0,108058498.77073145,108058498.77073145,0,False
2025-03-11,2025-03-10,2025-02-28,0.06745036886632826,0.8666666666666667,,1.6763104198046495,73575416.97487547,0.0,108789418.02512453,108789418.02512453,0,False
2025-03-12,2025-03-11,2025-02-28,0.06745036886632826,0.8666666666666667,,1.666021931705612,72175870.44687079,118.19684512494132,108368431.74997433,108368431.74997433,0,False
2025-03-13,2025-03-12,2025-02-28,0.06745036886632826,0.8666666666666667,,1.66602323910854,72785874.08726414,0.0,109284285.91273586,109284285.91273586,0,False
2025-03-14,2025-03-13,2025-02-28,0.06745036886632826,0.8666666666666667,,1.6659998756150136,73593821.65144236,0.0,110501254.34855764,110501254.34855764,0,False
2025-03-17,2025-03-14,2025-02-28,0.06745036886632826,0.8666666666666667,,1.6659986944919536,73646125.78807895,0.0,110579985.21192105,110579985.21192105,0,False
2025-03-18,2025-03-17,2025-02-28,0.06745036886632826,0.8666666666666667,,1.6661211093286523,73252985.85759938,309.69645308456245,109969005.83885372,109969005.83885372,0,False
2025-03-19,2025-03-18,2025-02-28,0.06745036886632826,0.8666666666666667,,1.666122736123205,73460191.51748416,0.0,110280264.48251584,110280264.48251584,0,False
2025-03-20,2025-03-19,2025-02-28,0.06745036886632826,0.8666666666666667,,1.665999176733838,73496588.9388679,0.0,110355375.0611321,110355375.0611321,0,False
2025-03-21,2025-03-20,2025-02-28,0.06745036886632826,0.8666666666666667,,1.6777817209202992,73503636.55698532,0.0,108447357.44301468,108447357.44301468,0,False
2025-03-24,2025-03-21,2025-02-28,0.06745036886632826,0.8666666666666667,,1.6661203692571604,72682934.01780276,357.3982681687945,109113277.3804654,109113277.3804654,0,False
2025-03-25,2025-03-24,2025-02-28,0.06745036886632826,0.8666666666666667,,1.6661221320072783,73408877.08036725,0.0,110203329.91963275,110203329.91963275,0,False
2025-03-26,2025-03-25,2025-02-28,0.06745036886632826,0.8666666666666667,,1.6726897507865692,73415916.28775851,0.0,109137854.71224149,109137854.71224149,0,False
2025-03-27,2025-03-26,2025-02-28,0.06745036886632826,0.8666666666666667,,1.6727448530466622,73422193.56182228,0.0,109138246.43817772,109138246.43817772,0,False
2025-03-28,2025-03-27,2025-02-28,0.06745036886632826,0.8666666666666667,,1.6859985696905437,73429234.04613642,0.0,107039922.95386358,107039922.95386358,0,False
2025-03-31,2025-03-28,2025-02-28,0.06745036886632826,0.8666666666666667,,1.6813479462514047,73450357.52442367,0.0,107801539.47557633,107801539.47557633,0,False
2025-04-01,2025-03-31,2025-03-31,0.06676064346349747,0.8166666666666667,,1.6723216339616553,73457400.70939177,0.0,109259314.29060823,109259314.29060823,0,False
2025-04-02,2025-04-01,2025-03-31,0.06676064346349747,0.8166666666666667,,1.6756388171634617,73464444.56973377,0.0,108733309.43026623,108733309.43026623,0,False
2025-04-03,2025-04-02,2025-03-31,0.06676064346349747,0.8166666666666667,,1.6752909619421632,72710855.37529442,0.0,107673372.62470558,107673372.62470558,0,False
2025-04-07,2025-04-03,2025-03-31,0.06676064346349747,0.8166666666666667,,1.666313056262159,62395317.91064243,133.27664557101184,93642446.36600314,93642446.36600314,0,False
2025-04-08,2025-04-07,2025-03-31,0.06676064346349747,0.8166666666666667,,1.6660916944494444,65269565.07711322,0.0,97988858.92288679,97988858.92288679,0,False
2025-04-09,2025-04-08,2025-03-31,0.06676064346349747,0.8166666666666667,,1.6750548250244766,65275823.80253157,0.0,96697070.19746843,96697070.19746843,0,False
2025-04-10,2025-04-09,2025-03-31,0.06676064346349747,0.8166666666666667,,1.6659997240459394,65414899.09341168,0.0,98220609.90658832,98220609.90658832,0,False
2025-04-11,2025-04-10,2025-03-31,0.06676064346349747,0.8166666666666667,,1.6717456131815056,65421171.754968576,0.0,97389801.24503142,97389801.24503142,0,False
2025-04-14,2025-04-11,2025-03-31,0.06676064346349747,0.8166666666666667,,1.665999745863444,65822393.545653574,0.0,98832460.45434642,98832460.45434642,0,False
2025-04-15,2025-04-14,2025-03-31,0.06676064346349747,0.8166666666666667,,1.6659970332783096,66814650.72409096,0.0,100322745.27590904,100322745.27590904,0,False
2025-04-16,2025-04-15,2025-03-31,0.06676064346349747,0.8166666666666667,,1.6660281684686946,67713907.80940698,0.0,101668234.19059302,101668234.19059302,0,False
2025-04-17,2025-04-16,2025-03-31,0.06676064346349747,0.8166666666666667,,1.6660843023800784,67943480.99372445,0.0,102004327.00627555,102004327.00627555,0,False
2025-04-18,2025-04-17,2025-03-31,0.06676064346349747,0.8166666666666667,,1.6660225245109819,69356618.34346892,0.0,104135544.65653108,104135544.65653108,0,False
2025-04-21,2025-04-18,2025-03-31,0.06676064346349747,0.8166666666666667,,1.6791179527954612,69169520.62473595,0.0,101851998.37526405,101851998.37526405,0,False
2025-04-22,2025-04-21,2025-03-31,0.06676064346349747,0.8166666666666667,,1.6763867173799127,69176153.31849448,0.0,102273080.68150552,102273080.68150552,0,False
2025-04-23,2025-04-22,2025-03-31,0.06676064346349747,0.8166666666666667,,1.6784611016407855,69182786.64826475,0.0,101970159.35173525,101970159.35173525,0,False
2025-04-24,2025-04-23,2025-03-31,0.06676064346349747,0.8166666666666667,,1.6691467472473087,69189420.61410773,0.0,103399472.38589227,103399472.38589227,0,False
2025-04-25,2025-04-24,2025-03-31,0.06676064346349747,0.8166666666666667,,1.669475735696343,69196055.21608442,0.0,103358570.78391558,103358570.78391558,0,False
2025-04-28,2025-04-25,2025-03-31,0.06676064346349747,0.8166666666666667,,1.6660003057637078,69832382.68448862,0.0,104853379.31551138,104853379.31551138,0,False
2025-04-29,2025-04-28,2025-03-31,0.06676064346349747,0.8166666666666667,,1.683245290638569,69839078.94036248,0.0,102216700.05963752,102216700.05963752,0,False
2025-04-30,2025-04-29,2025-03-31,0.06676064346349747,0.8166666666666667,,1.6947928199279498,69845715.83834307,0.0,100527400.16165693,100527400.16165693,0,False
2025-05-06,2025-04-30,2025-04-30,0.07078920191470844,0.9666666666666667,,1.7003109795203672,69885901.04471582,0.0,99792667.95528418,99792667.95528418,0,False
2025-05-07,2025-05-06,2025-04-30,0.07078920191470844,0.9666666666666667,,1.6775947539901366,68767229.32908723,0.0,101487251.67091277,101487251.67091277,0,False
2025-05-08,2025-05-07,2025-04-30,0.07078920191470844,0.9666666666666667,,1.669461627090054,68773823.4469681,0.0,102730045.5530319,102730045.5530319,0,False
2025-05-09,2025-05-08,2025-04-30,0.07078920191470844,0.9666666666666667,,1.665998045501886,69776291.73120165,0.0,104769514.26879835,104769514.26879835,0,False
2025-05-12,2025-05-09,2025-04-30,0.07078920191470844,0.9666666666666667,,1.6659964061575891,70147276.95920953,0.0,105326810.04079047,105326810.04079047,0,False
2025-05-13,2025-05-12,2025-04-30,0.07078920191470844,0.9666666666666667,,1.6660000178034786,71898483.2821048,0.0,107955677.7178952,107955677.7178952,0,False
2025-05-14,2025-05-13,2025-04-30,0.07078920191470844,0.9666666666666667,,1.6660005630327575,73846396.10521404,0.0,110880380.89478596,110880380.89478596,0,False
2025-05-15,2025-05-14,2025-04-30,0.07078920191470844,0.9666666666666667,,1.673466618542465,73853477.26648441,0.0,109661674.73351559,109661674.73351559,0,False
2025-05-16,2025-05-15,2025-04-30,0.07078920191470844,0.9666666666666667,,1.6837647336462687,73860559.10677023,0.0,108020427.89322977,108020427.89322977,0,False
2025-05-19,2025-05-16,2025-04-30,0.07078920191470844,0.9666666666666667,,1.6839056265494463,73881806.66486944,0.0,108029242.33513056,108029242.33513056,0,False
2025-05-20,2025-05-19,2025-04-30,0.07078920191470844,0.9666666666666667,,1.6859676929503251,73888891.22167292,0.0,107714826.77832708,107714826.77832708,0,False
2025-05-21,2025-05-20,2025-04-30,0.07078920191470844,0.9666666666666667,,1.6711583814851552,73895976.45781747,0.0,110102143.54218253,110102143.54218253,0,False
2025-05-22,2025-05-21,2025-04-30,0.07078920191470844,0.9666666666666667,,1.6659993672016042,74595494.53252822,0.0,112005353.46747178,112005353.46747178,0,False
2025-05-23,2025-05-22,2025-04-30,0.07078920191470844,0.9666666666666667,,1.6749468781341268,74602647.52515464,0.0,110531139.47484536,110531139.47484536,0,False
2025-05-26,2025-05-23,2025-04-30,0.07078920191470844,0.9666666666666667,,1.6816554365319492,74624108.56074406,0.0,109474823.43925594,109474823.43925594,0,False
2025-05-27,2025-05-26,2025-04-30,0.07078920191470844,0.9666666666666667,,1.6762475186916304,74631264.2971814,0.0,110360869.7028186,110360869.7028186,0,False
2025-05-28,2025-05-27,2025-04-30,0.07078920191470844,0.9666666666666667,,1.6755730438848258,74638420.71978524,0.0,110481644.28021476,110481644.28021476,0,False
2025-05-29,2025-05-28,2025-04-30,0.07078920191470844,0.9666666666666667,,1.6754428866118467,74645577.82862139,0.0,110513530.17137861,110513530.17137861,0,False
2025-05-30,2025-05-29,2025-04-30,0.07078920191470844,0.9666666666666667,,1.6700170002319485,74652735.62375563,0.0,111419166.37624437,111419166.37624437,0,False
2025-06-03,2025-05-30,2025-05-30,0.06853949190110827,0.8833333333333333,,1.665999312211583,76988503.3065483,0.0,115598472.6934517,115598472.6934517,0,False
2025-06-04,2025-06-03,2025-05-30,0.06853949190110827,0.8833333333333333,,1.666760574747792,76995885.76576947,0.0,115477562.23423053,115477562.23423053,0,False
2025-06-05,2025-06-04,2025-05-30,0.06853949190110827,0.8833333333333333,,1.6738824354151898,77003268.93289769,0.0,114268105.06710231,114268105.06710231,0,False
2025-06-06,2025-06-05,2025-05-30,0.06853949190110827,0.8833333333333333,,1.6716014464490636,77010652.80800085,0.0,114667193.19199915,114667193.19199915,0,False
2025-06-09,2025-06-06,2025-05-30,0.06853949190110827,0.8833333333333333,,1.6659991907939184,77141223.44143875,0.0,115827803.55856125,115827803.55856125,0,False
2025-06-10,2025-06-09,2025-05-30,0.06853949190110827,0.8833333333333333,,1.6661117204641986,77206418.20671642,0.0,115906109.79328358,115906109.79328358,0,False
2025-06-11,2025-06-10,2025-05-30,0.06853949190110827,0.8833333333333333,,1.6660001071372061,77634803.59114693,0.0,116568755.40885307,116568755.40885307,0,False
2025-06-12,2025-06-11,2025-05-30,0.06853949190110827,0.8833333333333333,,1.665997536074138,78318612.571608,0.0,117595949.428392,117595949.428392,0,False
2025-06-13,2025-06-12,2025-05-30,0.06853949190110827,0.8833333333333333,,1.6668338413458943,78326122.57555322,0.0,117459729.42444678,117459729.42444678,0,False
2025-06-16,2025-06-13,2025-05-30,0.06853949190110827,0.8833333333333333,,1.6661820671573537,78732212.78889099,0.0,118184227.21110901,118184227.21110901,0,False
2025-06-17,2025-06-16,2025-05-30,0.06853949190110827,0.8833333333333333,,1.6703881131205163,78739762.45313102,0.0,117453995.54686898,117453995.54686898,0,False
2025-06-18,2025-06-17,2025-05-30,0.06853949190110827,0.8833333333333333,,1.6659994543587104,79295201.03654146,0.0,119061960.96345854,119061960.96345854,0,False
2025-06-19,2025-06-18,2025-05-30,0.06853949190110827,0.8833333333333333,,1.6677858221708635,79302804.68595593,0.0,118754849.31404407,118754849.31404407,0,False
2025-06-20,2025-06-19,2025-05-30,0.06853949190110827,0.8833333333333333,,1.665999298055335,79915883.88408746,0.0,119993946.11591254,119993946.11591254,0,False
2025-06-23,2025-06-20,2025-05-30,0.06853949190110827,0.8833333333333333,,1.6660009741417408,81781261.96834081,0.0,122794508.03165919,122794508.03165919,0,False
2025-06-24,2025-06-23,2025-05-30,0.06853949190110827,0.8833333333333333,,1.6684875872897782,81789104.0071597,0.0,122349472.9928403,122349472.9928403,0,False
2025-06-25,2025-06-24,2025-05-30,0.06853949190110827,0.8833333333333333,,1.6659999403363108,82377814.6027449,0.0,123690423.3972551,123690423.3972551,0,False
2025-06-26,2025-06-25,2025-05-30,0.06853949190110827,0.8833333333333333,,1.6660001434898273,83756342.32852106,0.0,125760246.67147894,125760246.67147894,0,False
2025-06-27,2025-06-26,2025-05-30,0.06853949190110827,0.8833333333333333,,1.684386410018157,83759299.25860736,0.0,122385976.74139264,122385976.74139264,0,False
2025-06-30,2025-06-27,2025-05-30,0.06853949190110827,0.8833333333333333,,1.666021841429645,80837246.90193969,46.00267972138744,121373198.10074002,121373198.10074002,0,False
2025-07-01,2025-06-30,2025-06-30,0.06456827714748785,0.6,,1.6659974297933644,82165705.58188619,0.0,123372406.41811381,123372406.41811381,0,False
2025-07-02,2025-07-01,2025-06-30,0.06456827714748785,0.6,,1.6659977706016287,83256073.36731116,0.0,125009537.63268884,125009537.63268884,0,False
2025-07-03,2025-07-02,2025-06-30,0.06456827714748785,0.6,,1.666010294807363,83923371.49557117,0.0,126009120.50442883,126009120.50442883,0,False
2025-07-04,2025-07-03,2025-06-30,0.06456827714748785,0.6,,1.6660003207555836,85016499.23121293,0.0,127652339.76878707,127652339.76878707,0,False
2025-07-07,2025-07-04,2025-06-30,0.06456827714748785,0.6,,1.666000369739989,85662406.07008164,0.0,128622159.92991836,128622159.92991836,0,False
2025-07-08,2025-07-07,2025-06-30,0.06456827714748785,0.6,,1.6659974036138616,86503232.76456343,0.0,129885240.23543657,129885240.23543657,0,False
2025-07-09,2025-07-08,2025-06-30,0.06456827714748785,0.6,,1.6660240659851466,87345695.69779249,0.0,131144954.30220751,131144954.30220751,0,False
2025-07-10,2025-07-09,2025-06-30,0.06456827714748785,0.6,,1.6660001636196722,88724547.87479845,0.0,133220009.12520155,133220009.12520155,0,False
2025-07-11,2025-07-10,2025-06-30,0.06456827714748785,0.6,,1.6742695765057478,87628034.63015631,0.0,129959941.36984369,129959941.36984369,0,False
2025-07-14,2025-07-11,2025-06-30,0.06456827714748785,0.6,,1.6660233755443425,88280757.82828292,0.0,132549038.17171708,132549038.17171708,0,False
2025-07-15,2025-07-14,2025-06-30,0.06456827714748785,0.6,,1.6766962936280738,88289223.10643084,0.0,130470971.89356916,130470971.89356916,0,False
2025-07-16,2025-07-15,2025-06-30,0.06456827714748785,0.6,,1.6822358770584411,87588066.67791776,0.0,128383847.32208224,128383847.32208224,0,False
2025-07-17,2025-07-16,2025-06-30,0.06456827714748785,0.6,,1.6661940365778714,86406742.40860468,134.21064807996612,129701863.80204341,129701863.80204341,0,False
2025-07-18,2025-07-17,2025-06-30,0.06456827714748785,0.6,,1.6661491389866179,88881546.46241578,0.21929999999997563,133425896.75688422,133425896.75688422,0,False
2025-07-21,2025-07-18,2025-06-30,0.06456827714748785,0.6,,1.666066084565387,87950402.95382704,228.58968042250024,132044216.6358534,132044216.6358534,0,False
2025-07-22,2025-07-21,2025-06-30,0.06456827714748785,0.6,,1.6660210050475484,88650674.35607986,0.0,133104922.64392014,133104922.64392014,0,False
2025-07-23,2025-07-22,2025-06-30,0.06456827714748785,0.6,,1.6660216878879397,87876087.21162002,252.05415436525732,131941401.84253435,131941401.84253435,0,False
2025-07-24,2025-07-23,2025-06-30,0.06456827714748785,0.6,,1.6661272420053441,90495405.71444184,0.0,135853032.28555816,135853032.28555816,0,False
2025-07-25,2025-07-24,2025-06-30,0.06456827714748785,0.6,,1.6660979563058183,91360529.79844569,2.0343199999993886,137157796.2358743,137157796.2358743,0,False
2025-07-28,2025-07-25,2025-06-30,0.06456827714748785,0.6,,1.6662715163970925,89921686.5947942,478.31161512620747,134961807.7168209,134961807.7168209,0,False
2025-07-29,2025-07-28,2025-06-30,0.06456827714748785,0.6,,1.666099779280933,90058357.24400078,0.0,135202502.7559992,135202502.7559992,0,False
2025-07-30,2025-07-29,2025-06-30,0.06456827714748785,0.6,,1.6662614140383867,89057008.52739315,447.6489659668878,133666094.1215728,133666094.1215728,0,False
2025-07-31,2025-07-30,2025-06-30,0.06456827714748785,0.6,,1.6661765213272628,85094819.60601196,139.5096183171778,127735933.90360636,127735933.90360636,0,False
2025-08-01,2025-07-31,2025-07-31,0.06334185209003215,0.5333333333333333,,1.6661581396244773,87651780.60589615,0.0,131578037.39410385,131578037.39410385,0,False
2025-08-04,2025-08-01,2025-07-31,0.06334185209003215,0.5333333333333333,,1.6659989763235175,87954919.42648688,0.0,132064646.57351312,132064646.57351312,0,False
2025-08-05,2025-08-04,2025-07-31,0.06334185209003215,0.5333333333333333,,1.66599900883171,87999121.81748654,0.0,132131010.18251346,132131010.18251346,0,False
2025-08-06,2025-08-05,2025-07-31,0.06334185209003215,0.5333333333333333,,1.6660243822381842,89095785.58126163,0.0,133772558.41873837,133772558.41873837,0,False
2025-08-07,2025-08-06,2025-07-31,0.06334185209003215,0.5333333333333333,,1.6661714174597122,90194042.43783571,0.0,135391642.5621643,135391642.5621643,0,False
2025-08-08,2025-08-07,2025-07-31,0.06334185209003215,0.5333333333333333,,1.6660699701370163,91907092.00551112,0.0,137984139.9944889,137984139.9944889,0,False
2025-08-11,2025-08-08,2025-07-31,0.06334185209003215,0.5333333333333333,,1.6660018207317353,96247289.45206846,0.0,144515054.54793155,144515054.54793155,0,False
2025-08-12,2025-08-11,2025-07-31,0.06334185209003215,0.5333333333333333,,1.6659985557462027,97897516.38772771,0.0,146993586.6122723,146993586.6122723,0,False
2025-08-13,2025-08-12,2025-07-31,0.06334185209003215,0.5333333333333333,,1.6697643881038735,97906903.82080598,0.0,146181113.17919403,146181113.17919403,0,False
2025-08-14,2025-08-13,2025-07-31,0.06334185209003215,0.5333333333333333,,1.6805637523392087,97916292.15404907,0.0,143875267.84595093,143875267.84595093,0,False
2025-08-15,2025-08-14,2025-07-31,0.06334185209003215,0.5333333333333333,,1.666000760128907,102306443.21834329,0.0,153613102.7816567,153613102.7816567,0,False
2025-08-18,2025-08-15,2025-07-31,0.06334185209003215,0.5333333333333333,,1.6659977947045121,104937772.01631515,0.0,157564743.98368484,157564743.98368484,0,False
2025-08-19,2025-08-18,2025-07-31,0.06334185209003215,0.5333333333333333,,1.6938515826779843,104947834.5423989,0.0,151254010.4576011,151254010.4576011,0,False
2025-08-20,2025-08-19,2025-07-31,0.06334185209003215,0.5333333333333333,,1.6923870522749762,104957898.03338242,0.0,151588475.96661758,151588475.96661758,0,False
2025-08-21,2025-08-20,2025-07-31,0.06334185209003215,0.5333333333333333,,1.7043541130555162,104967962.48935822,0.0,149027258.51064178,149027258.51064178,0,False
2025-08-22,2025-08-21,2025-07-31,0.06334185209003215,0.5333333333333333,,1.6834568158779883,104978027.91041884,0.0,153598626.08958116,153598626.08958116,0,False
2025-08-25,2025-08-22,2025-07-31,0.06334185209003215,0.5333333333333333,,1.6785170778998482,105008227.06913279,0.0,154761361.9308672,154761361.9308672,0,False
2025-08-26,2025-08-25,2025-07-31,0.06334185209003215,0.5333333333333333,,1.665999339683341,106134549.1254805,0.0,159361342.8745195,159361342.8745195,0,False
2025-08-27,2025-08-26,2025-07-31,0.06334185209003215,0.5333333333333333,,1.6978050210128968,106144726.41101308,0.0,152112299.58898693,152112299.58898693,0,False
2025-08-28,2025-08-27,2025-07-31,0.06334185209003215,0.5333333333333333,,1.6835899491521056,106154309.97844975,0.0,155289454.02155024,155289454.02155024,0,False
2025-08-29,2025-08-28,2025-07-31,0.06334185209003215,0.5333333333333333,,1.6806186910208407,106164489.15885864,0.0,155982329.84114134,155982329.84114134,0,False
2025-09-01,2025-08-29,2025-08-29,0.05720678987150416,0.3333333333333333,,1.6659954929893752,106362310.0271627,0.0,159704248.9728373,159704248.9728373,0,False
2025-09-02,2025-09-01,2025-08-29,0.05720678987150416,0.3333333333333333,,1.6665894454742345,106372509.15278174,0.0,159577247.84721828,159577247.84721828,0,False
2025-09-03,2025-09-02,2025-08-29,0.05720678987150416,0.3333333333333333,,1.67288186780548,106382709.25639912,0.0,158100127.74360088,158100127.74360088,0,False
2025-09-04,2025-09-03,2025-08-29,0.05720678987150416,0.3333333333333333,,1.6660578449393781,101597574.50081964,119.45054099405615,152535482.94972134,152535482.94972134,0,False
2025-09-05,2025-09-04,2025-08-29,0.05720678987150416,0.3333333333333333,,1.6660028865958738,111656483.30525997,0.0,167651650.69474003,167651650.69474003,0,False
2025-09-08,2025-09-05,2025-08-29,0.05720678987150416,0.3333333333333333,,1.665998117315095,115461338.61867107,0.0,173365863.38132894,173365863.38132894,0,False
2025-09-09,2025-09-08,2025-08-29,0.05720678987150416,0.3333333333333333,,1.6880040863297892,115472410.25388108,0.0,167836808.7461189,167836808.7461189,0,False
2025-09-10,2025-09-09,2025-08-29,0.05720678987150416,0.3333333333333333,,1.7051928216199943,115483482.95075475,0.0,163761569.04924524,163761569.04924524,0,False
2025-09-11,2025-09-10,2025-08-29,0.05720678987150416,0.3333333333333333,,1.6667189821297166,115494556.70939386,0.0,173228241.29060614,173228241.29060614,0,False
2025-09-12,2025-09-11,2025-08-29,0.05720678987150416,0.3333333333333333,,1.6660002128172684,116111962.16989024,0.0,174342229.83010978,174342229.83010978,0,False
2025-09-15,2025-09-12,2025-08-29,0.05720678987150416,0.3333333333333333,,1.6660000804275754,118083831.7443294,0.0,177303029.2556706,177303029.2556706,0,False
2025-09-16,2025-09-15,2025-08-29,0.05720678987150416,0.3333333333333333,,1.6787293843406963,118095154.85148296,0.0,173994463.14851704,173994463.14851704,0,False
2025-09-17,2025-09-16,2025-08-29,0.05720678987150416,0.3333333333333333,,1.6660000513056024,125233591.62390393,0.0,188038411.37609607,188038411.37609607,0,False
2025-09-18,2025-09-17,2025-08-29,0.05720678987150416,0.3333333333333333,,1.693212100158014,125245600.32447061,0.0,180674284.6755294,180674284.6755294,0,False
2025-09-19,2025-09-18,2025-08-29,0.05720678987150416,0.3333333333333333,,1.6868883465591173,125257610.17655651,0.0,182355124.82344347,182355124.82344347,0,False
2025-09-22,2025-09-19,2025-08-29,0.05720678987150416,0.3333333333333333,,1.7089753796934992,125041375.92439319,0.0,176369137.07560682,176369137.07560682,0,False
2025-09-23,2025-09-22,2025-08-29,0.05720678987150416,0.3333333333333333,,1.7363105424947003,125053366.19331744,0.0,169837804.80668256,169837804.80668256,0,False
2025-09-24,2025-09-23,2025-08-29,0.05720678987150416,0.3333333333333333,,1.685971974072028,125065357.61199352,0.0,182318465.38800648,182318465.38800648,0,False
2025-09-25,2025-09-24,2025-08-29,0.05720678987150416,0.3333333333333333,,1.6833430094263653,125077350.18053165,0.0,183037432.81946835,183037432.81946835,0,False
2025-09-26,2025-09-25,2025-08-29,0.05720678987150416,0.3333333333333333,,1.6659986857537386,124720249.63923796,317.52258584049105,187267534.88334787,187267534.88334787,0,False
2025-09-29,2025-09-26,2025-08-29,0.05720678987150416,0.3333333333333333,,1.6659994363488777,128514277.32372051,0.0,192964543.6762795,192964543.6762795,0,False
2025-09-30,2025-09-29,2025-08-29,0.05720678987150416,0.3333333333333333,,1.6678514845778487,128525456.19708718,0.0,192446163.80291283,192446163.80291283,0,False
2025-10-09,2025-09-30,2025-09-30,0.05647007507507508,0.31666666666666665,,1.666001951366054,135776119.71189797,0.0,203867450.28810203,203867450.28810203,0,False
2025-10-10,2025-10-09,2025-09-30,0.05647007507507508,0.31666666666666665,,1.7085627345017353,135789139.33981556,0.0,191640249.66018444,191640249.66018444,0,False
2025-10-13,2025-10-10,2025-09-30,0.05647007507507508,0.31666666666666665,,1.719720839076565,135828201.9689407,0.0,188723453.0310593,188723453.0310593,0,False
2025-10-14,2025-10-13,2025-09-30,0.05647007507507508,0.31666666666666665,,1.754983819639499,135841226.59104732,0.0,179926010.40895268,179926010.40895268,0,False
2025-10-15,2025-10-14,2025-09-30,0.05647007507507508,0.31666666666666665,,1.7409553485076705,135854252.46209028,0.0,183350120.53790972,183350120.53790972,0,False
2025-10-16,2025-10-15,2025-09-30,0.05647007507507508,0.31666666666666665,,1.7562836311234356,135867279.58218938,0.0,179651223.41781062,179651223.41781062,0,False
2025-10-17,2025-10-16,2025-09-30,0.05647007507507508,0.31666666666666665,,1.7842260114848834,134434960.7754644,0.0,171423746.2245356,171423746.2245356,0,False
2025-10-20,2025-10-17,2025-09-30,0.05647007507507508,0.31666666666666665,,1.783184471691926,134473633.8463724,0.0,171701098.1536276,171701098.1536276,0,False
2025-10-21,2025-10-20,2025-09-30,0.05647007507507508,0.31666666666666665,,1.7690800906686395,134486528.57838506,0.0,174866740.42161494,174866740.42161494,0,False
2025-10-22,2025-10-21,2025-09-30,0.05647007507507508,0.31666666666666665,,1.7650438000839355,134499424.54687887,0.0,175806175.45312113,175806175.45312113,0,False
2025-10-23,2025-10-22,2025-09-30,0.05647007507507508,0.31666666666666665,,1.7260598112140484,134512321.7519724,0.0,185263417.2480276,185263417.2480276,0,False
2025-10-24,2025-10-23,2025-09-30,0.05647007507507508,0.31666666666666665,,1.7193526493049387,134525220.19378424,0.0,187008722.80621576,187008722.80621576,0,False
2025-10-27,2025-10-24,2025-09-30,0.05647007507507508,0.31666666666666665,,1.7143420122466404,134563919.2297304,0.0,188374639.7702696,188374639.7702696,0,False
2025-10-28,2025-10-27,2025-09-30,0.05647007507507508,0.31666666666666665,,1.7323371053760734,134576822.6192456,0.0,183763490.3807544,183763490.3807544,0,False
2025-10-29,2025-10-28,2025-09-30,0.05647007507507508,0.31666666666666665,,1.6947361784839097,134589727.24607208,0.0,193727822.75392792,193727822.75392792,0,False
2025-10-30,2025-10-29,2025-09-30,0.05647007507507508,0.31666666666666665,,1.674616886081005,133873773.11032856,0.0,198444147.88967144,198444147.88967144,0,False
2025-10-31,2025-10-30,2025-09-30,0.05647007507507508,0.31666666666666665,,1.6768633711163103,133886610.32144873,0.0,197804484.67855126,197804484.67855126,0,False
2025-11-03,2025-10-31,2025-10-31,0.057861011372251706,0.36666666666666664,,1.6659985835270192,135245834.90974557,0.0,203072256.09025443,203072256.09025443,0,False
2025-11-04,2025-11-03,2025-10-31,0.057861011372251706,0.36666666666666664,,1.6751390435258906,135258803.68843555,0.0,200342144.31156445,200342144.31156445,0,False
2025-11-05,2025-11-04,2025-10-31,0.057861011372251706,0.36666666666666664,,1.6720857297097491,135271773.71070704,0.0,201271605.28929296,201271605.28929296,0,False
2025-11-06,2025-11-05,2025-10-31,0.057861011372251706,0.36666666666666664,,1.6660001886482227,138999653.5716793,0.0,208708129.4283207,208708129.4283207,0,False
2025-11-07,2025-11-06,2025-10-31,0.057861011372251706,0.36666666666666664,,1.6659992241314252,142887008.4015834,0.0,214545307.5984166,214545307.5984166,0,False
2025-11-10,2025-11-07,2025-10-31,0.057861011372251706,0.36666666666666664,,1.6660002580795785,144661991.58913237,0.0,217210113.41086763,217210113.41086763,0,False
2025-11-11,2025-11-10,2025-10-31,0.057861011372251706,0.36666666666666664,,1.6758213436820804,144675863.28695598,0.0,214074125.71304402,214074125.71304402,0,False
2025-11-12,2025-11-11,2025-10-31,0.057861011372251706,0.36666666666666664,,1.6858813753413546,144689736.3149424,0.0,210954461.6850576,210954461.6850576,0,False
2025-11-13,2025-11-12,2025-10-31,0.057861011372251706,0.36666666666666664,,1.6660006200172777,146577085.67035916,0.0,220085509.32964084,220085509.32964084,0,False
2025-11-14,2025-11-13,2025-10-31,0.057861011372251706,0.36666666666666664,,1.684369057291391,146591141.00734127,0.0,214198960.99265873,214198960.99265873,0,False
2025-11-17,2025-11-14,2025-10-31,0.057861011372251706,0.36666666666666664,,1.6817786583921124,146633311.06160367,0.0,215074656.93839633,215074656.93839633,0,False
2025-11-18,2025-11-17,2025-10-31,0.057861011372251706,0.36666666666666664,,1.6660239271938297,136514700.12181896,94.92286733728508,204969520.80104834,204969520.80104834,0,False
2025-11-19,2025-11-18,2025-10-31,0.057861011372251706,0.36666666666666664,,1.6660008797642216,141154562.47317824,0.0,211943507.52682176,211943507.52682176,0,False
2025-11-20,2025-11-19,2025-10-31,0.057861011372251706,0.36666666666666664,,1.684499126975017,141168097.84218252,0.0,206235614.15781748,206235614.15781748,0,False
2025-11-21,2025-11-20,2025-10-31,0.057861011372251706,0.36666666666666664,,1.7479633887118564,141180444.11905888,0.0,188753147.88094112,188753147.88094112,0,False
2025-11-24,2025-11-21,2025-10-31,0.057861011372251706,0.36666666666666664,,1.785189180100298,141221057.6714767,0.0,179856092.3285233,179856092.3285233,0,False
2025-11-25,2025-11-24,2025-10-31,0.057861011372251706,0.36666666666666664,,1.7054452234621758,131892637.49177285,0.0,186963683.50822717,186963683.50822717,0,False
2025-11-26,2025-11-25,2025-10-31,0.057861011372251706,0.36666666666666664,,1.6660205282647769,124197477.7131644,76.42032001493499,186476836.70715564,186476836.70715564,0,False
2025-11-27,2025-11-26,2025-10-31,0.057861011372251706,0.36666666666666664,,1.6659979772042834,125382499.67662236,0.0,188262583.32337764,188262583.32337764,0,False
2025-11-28,2025-11-27,2025-10-31,0.057861011372251706,0.36666666666666664,,1.6660005469800234,127184101.48806341,0.0,190966962.5119366,190966962.5119366,0,False
2025-12-01,2025-11-28,2025-11-28,0.05827511656441718,0.36666666666666664,,1.6660236007462512,129809080.4452208,0.0,194901622.5547792,194901622.5547792,0,False
2025-12-02,2025-12-01,2025-11-28,0.05827511656441718,0.36666666666666664,,1.6823390951034658,129821527.89129089,0.0,190259548.1087091,190259548.1087091,0,False
2025-12-03,2025-12-02,2025-11-28,0.05827511656441718,0.36666666666666664,,1.684765830389576,129833976.5309517,0.0,189603468.46904832,189603468.46904832,0,False
2025-12-04,2025-12-03,2025-11-28,0.05827511656441718,0.36666666666666664,,1.6870247169492063,129846426.36431767,0.0,188998187.63568234,188998187.63568234,0,False
2025-12-05,2025-12-04,2025-11-28,0.05827511656441718,0.36666666666666664,,1.6722534607268589,129858877.39150329,0.0,193169518.60849673,193169518.60849673,0,False
2025-12-08,2025-12-05,2025-11-28,0.05827511656441718,0.36666666666666664,,1.66599884150577,130916869.2762425,0.0,196572217.7237575,196572217.7237575,0,False
2025-12-09,2025-12-08,2025-11-28,0.05827511656441718,0.36666666666666664,,1.6662367021418134,126451596.09023884,0.0,189799804.90976116,189799804.90976116,0,False
2025-12-10,2025-12-09,2025-11-28,0.05827511656441718,0.36666666666666664,,1.6660067370053173,129799342.61825433,0.0,194891936.38174567,194891936.38174567,0,False
2025-12-11,2025-12-10,2025-11-28,0.05827511656441718,0.36666666666666664,,1.6659995757095705,130746017.83627018,0.0,196315467.16372982,196315467.16372982,0,False
2025-12-12,2025-12-11,2025-11-28,0.05827511656441718,0.36666666666666664,,1.6660393277511774,130758555.12565175,0.0,196322573.87434825,196322573.87434825,0,False
2025-12-15,2025-12-12,2025-11-28,0.05827511656441718,0.36666666666666664,,1.6772379266963289,130796170.60041392,0.0,193131786.39958608,193131786.39958608,0,False
2025-12-16,2025-12-15,2025-11-28,0.05827511656441718,0.36666666666666664,,1.6954379670410902,130808712.69896464,0.0,188095443.30103534,188095443.30103534,0,False
2025-12-17,2025-12-16,2025-11-28,0.05827511656441718,0.36666666666666664,,1.6659996316555814,132184585.94998235,0.0,198475464.05001765,198475464.05001765,0,False
2025-12-18,2025-12-17,2025-11-28,0.05827511656441718,0.36666666666666664,,1.6660005834066267,136307340.24322152,0.0,204665496.75677848,204665496.75677848,0,False
2025-12-19,2025-12-18,2025-11-28,0.05827511656441718,0.36666666666666664,,1.665999915050184,137238055.02819416,0.0,206063171.97180584,206063171.97180584,0,False
2025-12-22,2025-12-19,2025-11-28,0.05827511656441718,0.36666666666666664,,1.6660002077041471,138131855.39790174,0.0,207405123.60209826,207405123.60209826,0,False
2025-12-23,2025-12-22,2025-11-28,0.05827511656441718,0.36666666666666664,,1.6659998492591224,140344416.78077236,0.0,210727400.21922764,210727400.21922764,0,False
2025-12-24,2025-12-23,2025-11-28,0.05827511656441718,0.36666666666666664,,1.6660027628456475,152957586.28043327,0.0,229665092.71956673,229665092.71956673,0,False
2025-12-25,2025-12-24,2025-11-28,0.05827511656441718,0.36666666666666664,,1.679923581146752,152933788.01624098,0.0,224927906.98375902,224927906.98375902,0,False
2025-12-26,2025-12-25,2025-11-28,0.05827511656441718,0.36666666666666664,,1.6713558851272672,152948452.90002337,0.0,227820231.09997663,227820231.09997663,0,False
2025-12-29,2025-12-26,2025-11-28,0.05827511656441718,0.36666666666666664,,1.6769474375413032,152992451.7700357,0.0,226003443.2299643,226003443.2299643,0,False
2025-12-30,2025-12-29,2025-11-28,0.05827511656441718,0.36666666666666664,,1.6660008883428117,152617636.74011305,301.3403134822147,229154852.60020044,229154852.60020044,0,False
2025-12-31,2025-12-30,2025-11-28,0.05827511656441718,0.36666666666666664,,1.6720898088594374,152631969.96770614,0.0,227100557.03229386,227100557.03229386,0,False
2026-01-05,2025-12-31,2025-12-31,0.056489518740629685,0.2833333333333333,,1.6660020206348567,160128823.1207545,0.0,240432938.8792455,240432938.8792455,0,False
2026-01-06,2026-01-05,2025-12-31,0.056489518740629685,0.2833333333333333,,1.6660036635205782,174638267.11385992,0.0,262218177.88614008,262218177.88614008,0,False
2026-01-07,2026-01-06,2025-12-31,0.056489518740629685,0.2833333333333333,,1.680678867121426,174655013.24906263,0.0,256589445.75093737,256589445.75093737,0,False
2026-01-08,2026-01-07,2025-12-31,0.056489518740629685,0.2833333333333333,,1.6660006791531057,177677531.5884591,0.0,266782808.4115409,266782808.4115409,0,False
2026-01-09,2026-01-08,2025-12-31,0.056489518740629685,0.2833333333333333,,1.672588021639066,177694569.15998128,0.0,264195262.84001872,264195262.84001872,0,False
2026-01-12,2026-01-09,2025-12-31,0.056489518740629685,0.2833333333333333,,1.6659993841538305,185449814.13656703,0.0,278453431.863433,278453431.863433,0,False
2026-01-13,2026-01-12,2025-12-31,0.056489518740629685,0.2833333333333333,,1.6659986340100554,185871891.46295685,0.0,279087496.53704315,279087496.53704315,0,False
2026-01-14,2026-01-13,2025-12-31,0.056489518740629685,0.2833333333333333,,1.6942929033968144,185889714.79501495,0.0,267739615.20498505,267739615.20498505,0,False
2026-01-15,2026-01-14,2025-12-31,0.056489518740629685,0.2833333333333333,,1.6660146279973849,189290009.68360966,0.0,284212991.31639034,284212991.31639034,0,False
2026-01-16,2026-01-15,2025-12-31,0.056489518740629685,0.2833333333333333,,1.6659984944066144,192191792.94507864,0.0,288576918.0549214,288576918.0549214,0,False
2026-01-19,2026-01-16,2025-12-31,0.056489518740629685,0.2833333333333333,,1.6660001202378136,198348502.07760394,0.0,297820519.92239606,297820519.92239606,0,False
2026-01-20,2026-01-19,2025-12-31,0.056489518740629685,0.2833333333333333,,1.6660544033108606,199258415.50513124,0.0,299162372.49486876,299162372.49486876,0,False
2026-01-21,2026-01-20,2025-12-31,0.056489518740629685,0.2833333333333333,,1.6660599747965077,201591100.82411104,0.0,302662085.17588896,302662085.17588896,0,False
2026-01-22,2026-01-21,2025-12-31,0.056489518740629685,0.2833333333333333,,1.6660020403628302,220073030.14009473,0.0,330438972.85990524,330438972.85990524,0,False
2026-01-23,2026-01-22,2025-12-31,0.056489518740629685,0.2833333333333333,,1.6660471898510403,245692420.31473583,0.0,368881400.68526417,368881400.68526417,0,False
2026-01-26,2026-01-23,2025-12-31,0.056489518740629685,0.2833333333333333,,1.6660948680893044,251278384.43321624,0.0,377241135.5667838,377241135.5667838,0,False
2026-01-27,2026-01-26,2025-12-31,0.056489518740629685,0.2833333333333333,,1.6660957298448662,262421659.25098464,0.0,393969886.74901533,393969886.74901533,0,False
2026-01-28,2026-01-27,2025-12-31,0.056489518740629685,0.2833333333333333,,1.6660400216869886,269796168.26725477,0.0,405075009.73274523,405075009.73274523,0,False
2026-01-29,2026-01-28,2025-12-31,0.056489518740629685,0.2833333333333333,,1.6660412080816325,270062250.963335,0.0,405473787.036665,405473787.036665,0,False
2026-01-30,2026-01-29,2025-12-31,0.056489518740629685,0.2833333333333333,,1.6660389233858541,265850748.23918617,714.015651836216,399150897.77646565,399150897.77646565,0,False
2026-02-02,2026-01-30,2026-01-30,0.05668231563201197,0.2833333333333333,,1.682702537998253,247803193.5241515,0.0,362973886.4758485,362973886.4758485,0,False
2026-02-03,2026-02-02,2026-01-30,0.05668231563201197,0.2833333333333333,,1.6660409809597916,264049272.8481255,0.0,396445985.15187454,396445985.15187454,0,False
2026-02-04,2026-02-03,2026-01-30,0.05668231563201197,0.2833333333333333,,1.666036514998489,267991693.9292723,0.0,402367870.0707277,402367870.0707277,0,False
2026-02-05,2026-02-04,2026-01-30,0.05668231563201197,0.2833333333333333,,1.6660557385935897,257511060.66188416,333.81039741821587,386620386.1485132,386620386.1485132,0,False
2026-02-06,2026-02-05,2026-01-30,0.05668231563201197,0.2833333333333333,,1.666038622082145,262897163.45102006,0.0,394717595.54897994,394717595.54897994,0,False
2026-02-09,2026-02-06,2026-01-30,0.05668231563201197,0.2833333333333333,,1.6660352635066213,263073379.85148978,0.0,394984161.1485102,394984161.1485102,0,False
2026-02-10,2026-02-09,2026-01-30,0.05668231563201197,0.2833333333333333,,1.6660381408347138,259019557.12004665,214.9009105656296,388895659.7808639,388895659.7808639,0,False
2026-02-11,2026-02-10,2026-01-30,0.05668231563201197,0.2833333333333333,,1.6660121489116746,265331940.38010472,0.0,398389039.6198953,398389039.6198953,0,False
2026-02-12,2026-02-11,2026-01-30,0.05668231563201197,0.2833333333333333,,1.665999266100532,267230231.7004883,0.0,401247036.2995117,401247036.2995117,0,False
2026-02-13,2026-02-12,2026-01-30,0.05668231563201197,0.2833333333333333,,1.6899561861583376,267255856.5172267,0.0,387351924.4827733,387351924.4827733,0,False
2026-02-24,2026-02-13,2026-01-30,0.05668231563201197,0.2833333333333333,,1.6660010467927835,274471915.1041754,0.0,412119344.8958246,412119344.8958246,0,False
2026-02-25,2026-02-24,2026-01-30,0.05668231563201197,0.2833333333333333,,1.6659996331499507,278692599.6583514,0.0,418457587.3416486,418457587.3416486,0,False
2026-02-26,2026-02-25,2026-01-30,0.05668231563201197,0.2833333333333333,,1.665999295263086,282008111.33312386,0.0,423436050.66687614,423436050.66687614,0,False
2026-02-27,2026-02-26,2026-01-30,0.05668231563201197,0.2833333333333333,,1.6659999540290396,286286980.79886335,0.0,429860361.20113665,429860361.20113665,0,False
2026-03-02,2026-02-27,2026-02-27,0.057141754688672164,0.2833333333333333,,1.666000393994179,295419920.7822663,0.0,443573192.2177337,443573192.2177337,0,False
2026-03-03,2026-03-02,2026-02-27,0.057141754688672164,0.2833333333333333,,1.6660221171375964,285252965.0165629,51.22347730601666,428293455.2069145,428293455.2069145,0,False
2026-03-04,2026-03-03,2026-02-27,0.057141754688672164,0.2833333333333333,,1.666027396097161,281874614.01779264,1158.5406844066456,423216007.5228918,423216007.5228918,0,False
2026-03-05,2026-03-04,2026-02-27,0.057141754688672164,0.2833333333333333,,1.6660241711706594,285597430.7319253,0.0,428809408.2680747,428809408.2680747,0,False
2026-03-06,2026-03-05,2026-02-27,0.057141754688672164,0.2833333333333333,,1.6660645923624893,298690469.228077,0.0,448440695.771923,448440695.771923,0,False
2026-03-09,2026-03-06,2026-02-27,0.057141754688672164,0.2833333333333333,,1.6660163966973611,298150863.4315169,12.486998544074595,447662929.0554817,447662929.0554817,0,False
2026-03-10,2026-03-09,2026-02-27,0.057141754688672164,0.2833333333333333,,1.674463263516478,298179440.75334054,0.0,442098861.24665946,442098861.24665946,0,False
2026-03-11,2026-03-10,2026-02-27,0.057141754688672164,0.2833333333333333,,1.6660016180784616,309178133.7749439,0.0,464230304.2250561,464230304.2250561,0,False
2026-03-12,2026-03-11,2026-02-27,0.057141754688672164,0.2833333333333333,,1.665998950616264,309983586.3224511,0.0,465441553.6775489,465441553.6775489,0,False
2026-03-13,2026-03-12,2026-02-27,0.057141754688672164,0.2833333333333333,,1.6751568671597075,310013310.7759341,0.0,459172269.2240659,459172269.2240659,0,False
2026-03-16,2026-03-13,2026-02-27,0.057141754688672164,0.2833333333333333,,1.7135954015906336,310102492.6872532,0.0,434563468.3127468,434563468.3127468,0,False
2026-03-17,2026-03-16,2026-02-27,0.057141754688672164,0.2833333333333333,,1.7372636993408117,310132228.5427163,0.0,420653056.4572837,420653056.4572837,0,False
2026-03-18,2026-03-17,2026-02-27,0.057141754688672164,0.2833333333333333,,1.7502096434846657,310161967.24956286,0.0,413433724.75043714,413433724.75043714,0,False
2026-03-19,2026-03-18,2026-02-27,0.057141754688672164,0.2833333333333333,,1.773961587153695,310191708.80806625,0.0,400784372.19193375,400784372.19193375,0,False
2026-03-20,2026-03-19,2026-02-27,0.057141754688672164,0.2833333333333333,,1.7811025547779673,310221453.2184999,0.0,397158415.7815001,397158415.7815001,0,False
2026-03-23,2026-03-20,2026-02-27,0.057141754688672164,0.2833333333333333,,1.822197759028628,310303779.5376521,0.0,377407717.4623479,377407717.4623479,0,False
2026-03-24,2026-03-23,2026-02-27,0.057141754688672164,0.2833333333333333,,1.775267667857566,310333534.694594,0.0,400292115.305406,400292115.305406,0,False
2026-03-25,2026-03-24,2026-02-27,0.057141754688672164,0.2833333333333333,,1.7564291108889467,310361631.5549402,0.0,410298370.4450598,410298370.4450598,0,False
2026-03-26,2026-03-25,2026-02-27,0.057141754688672164,0.2833333333333333,,1.694747285377381,289565967.5222959,0.0,416793233.4777041,416793233.4777041,0,False
2026-03-27,2026-03-26,2026-02-27,0.057141754688672164,0.2833333333333333,,1.678900875658998,289593734.1219213,0.0,426562616.8780787,426562616.8780787,0,False
2026-03-30,2026-03-27,2026-02-27,0.057141754688672164,0.2833333333333333,,1.6659997422809762,291107881.1748195,0.0,437099089.8251805,437099089.8251805,0,False
2026-03-31,2026-03-30,2026-02-27,0.057141754688672164,0.2833333333333333,,1.6813097028838457,291135795.62917876,0.0,427317847.37082124,427317847.37082124,0,False
2026-04-01,2026-03-31,2026-03-31,0.057016969924812026,0.26666666666666666,,1.678097672514622,291163712.7602665,0.0,429383147.2397335,429383147.2397335,0,False
2026-04-02,2026-04-01,2026-03-31,0.057016969924812026,0.26666666666666666,,1.6683167824352283,291191632.5683394,0.0,435708993.4316606,435708993.4316606,0,False
2026-04-03,2026-04-02,2026-03-31,0.057016969924812026,0.26666666666666666,,1.6788469453261032,291219555.0536542,0.0,428991478.9463458,428991478.9463458,0,False
2026-04-07,2026-04-03,2026-03-31,0.057016969924812026,0.26666666666666666,,1.6660242596799495,299024220.7210877,0.0,448968962.2789123,448968962.2789123,0,False
2026-04-08,2026-04-07,2026-03-31,0.057016969924812026,0.26666666666666666,,1.6660018049995127,311247988.50477934,0.0,467338055.49522066,467338055.49522066,0,False
2026-04-09,2026-04-08,2026-03-31,0.057016969924812026,0.26666666666666666,,1.6690183307562172,311277834.20230716,0.0,465275493.79769284,465275493.79769284,0,False
2026-04-10,2026-04-09,2026-03-31,0.057016969924812026,0.26666666666666666,,1.6671515184851127,311307682.76175123,0.0,466622160.23824877,466622160.23824877,0,False
2026-04-13,2026-04-10,2026-03-31,0.057016969924812026,0.26666666666666666,,1.6695696539698754,311397237.0266553,0.0,465070713.9733447,465070713.9733447,0,False
2026-04-14,2026-04-13,2026-03-31,0.057016969924812026,0.26666666666666666,,1.6660001238709716,316384685.31041527,0.0,475051991.68958473,475051991.68958473,0,False
2026-04-15,2026-04-14,2026-03-31,0.057016969924812026,0.26666666666666666,,1.681810967354462,316415023.5679108,0.0,464080278.4320892,464080278.4320892,0,False
2026-04-16,2026-04-15,2026-03-31,0.057016969924812026,0.26666666666666666,,1.6668714197192338,316445364.7345543,0.0,474522307.2654457,474522307.2654457,0,False
2026-04-17,2026-04-16,2026-03-31,0.057016969924812026,0.26666666666666666,,1.6712090043033256,316475708.8106247,0.0,471500988.1893753,471500988.1893753,0,False
2026-04-20,2026-04-17,2026-03-31,0.057016969924812026,0.26666666666666666,,1.6660221510078164,311585776.4805428,486.82215896621346,467830220.34161615,467830220.34161615,0,False
2026-04-21,2026-04-20,2026-03-31,0.057016969924812026,0.26666666666666666,,1.666024294644348,319882052.27982944,0.0,480285861.72017056,480285861.72017056,0,False
2026-04-22,2026-04-21,2026-03-31,0.057016969924812026,0.26666666666666666,,1.6762709425095834,319912725.90128094,0.0,473054076.09871906,473054076.09871906,0,False
2026-04-23,2026-04-22,2026-03-31,0.057016969924812026,0.26666666666666666,,1.683261202386701,319943402.4640386,0.0,468259285.5359614,468259285.5359614,0,False
2026-04-24,2026-04-23,2026-03-31,0.057016969924812026,0.26666666666666666,,1.6660242460216486,324151938.3167245,0.0,486696903.6832755,486696903.6832755,0,False
2026-04-27,2026-04-24,2026-03-31,0.057016969924812026,0.26666666666666666,,1.666022954164689,322125838.04403,221.47120056899314,483655427.4271706,483655427.4271706,0,False
2026-04-28,2026-04-27,2026-03-31,0.057016969924812026,0.26666666666666666,,1.6659993703219864,322728422.25575995,0.0,484577668.74424005,484577668.74424005,0,False
2026-04-29,2026-04-28,2026-03-31,0.057016969924812026,0.26666666666666666,,1.6660248299840317,321123431.91201246,244.45025431000943,482148972.53824186,482148972.53824186,0,False
2026-04-30,2026-04-29,2026-03-31,0.057016969924812026,0.26666666666666666,,1.6659999321188266,325230578.8099027,0.0,488334252.1900973,488334252.1900973,0,False
2026-05-06,2026-04-30,2026-04-30,0.054729166064981946,0.2,,1.6660003408892197,327641324.34556365,0.0,491953688.65443635,491953688.65443635,0,False
2026-05-07,2026-05-06,2026-04-30,0.054729166064981946,0.2,,1.6779784129759825,327672742.00680226,0.0,483308517.99319774,483308517.99319774,0,False
2026-05-08,2026-05-07,2026-04-30,0.054729166064981946,0.2,,1.666020423847377,310211069.28865826,369.0489649325609,465767548.7603067,465767548.7603067,0,False
2026-05-11,2026-05-08,2026-04-30,0.054729166064981946,0.2,,1.666024207399576,312876188.3056876,0.0,469766991.6943124,469766991.6943124,0,False
2026-05-12,2026-05-11,2026-04-30,0.054729166064981946,0.2,,1.579107415037065,306155125.65811235,40037110.94724886,459531354.2891366,459531354.2891366,0,False
2026-05-13,2026-05-12,2026-04-30,0.054729166064981946,0.2,,1.66600559462502,304120879.9403011,268.2113510792798,456633719.2710499,456633719.2710499,0,False
2026-05-14,2026-05-13,2026-04-30,0.054729166064981946,0.2,,1.6865976980334314,304149774.00510865,0.0,442981056.99489135,442981056.99489135,0,False
2026-05-15,2026-05-14,2026-04-30,0.054729166064981946,0.2,,1.666045214186284,290715086.5394139,204.38824284356087,436479199.8488289,436479199.8488289,0,False
2026-05-18,2026-05-15,2026-04-30,0.054729166064981946,0.2,,1.6662350008954876,285503055.47665787,1576.0365261230618,428529691.5598682,428529691.5598682,0,False
2026-05-19,2026-05-18,2026-04-30,0.054729166064981946,0.2,,1.6660397325910188,284790295.66532934,404.15930793582504,427586940.4939786,427586940.4939786,0,False
2026-05-20,2026-05-19,2026-04-30,0.054729166064981946,0.2,,1.6662097430518161,284733611.2604365,169.65820661984617,427393091.3977702,427393091.3977702,0,False
2026-05-21,2026-05-20,2026-04-30,0.054729166064981946,0.2,,1.6670597943673475,284760744.82522744,0.0,426889384.17477256,426889384.17477256,0,False
2026-05-22,2026-05-21,2026-04-30,0.054729166064981946,0.2,,1.6660477050602691,281409630.2450509,114.2436771964251,422506546.99862623,422506546.99862623,0,False
2026-05-25,2026-05-22,2026-04-30,0.054729166064981946,0.2,,1.6696486550291203,281490469.45664966,0.0,420355461.54335034,420355461.54335034,0,False
2026-05-26,2026-05-25,2026-04-30,0.054729166064981946,0.2,,1.6702200349882412,281517461.6934469,0.0,420037371.3065531,420037371.3065531,0,False
2026-05-27,2026-05-26,2026-04-30,0.054729166064981946,0.2,,1.6660568014985468,276114550.7126519,232.73463117796928,414550707.0219793,414550707.0219793,0,False
2026-05-28,2026-05-27,2026-04-30,0.054729166064981946,0.2,,1.666023652637918,275426892.9273037,82.98602338125227,413539082.05871975,413539082.05871975,0,False
2026-05-29,2026-05-28,2026-04-30,0.054729166064981946,0.2,,1.6660233739548798,278252841.77725226,0.0,417782397.22274774,417782397.22274774,0,False
2026-06-01,2026-05-29,2026-05-29,0.05537376811594203,0.2,,1.666024714216008,283331164.39809775,0.0,425406382.60190225,425406382.60190225,0,False
2026-06-02,2026-06-01,2026-05-29,0.05537376811594203,0.2,,1.666023369717906,287423480.8860794,0.0,431551645.1139206,431551645.1139206,0,False
2026-06-03,2026-06-02,2026-05-29,0.05537376811594203,0.2,,1.6660218737924923,283437733.850174,598.3105732388794,425567307.4603992,425567307.4603992,0,False
2026-06-04,2026-06-03,2026-05-29,0.05537376811594203,0.2,,1.6660148291419377,276114421.5207463,523.7156253578141,414576201.194879,414576201.194879,0,False
2026-06-05,2026-06-04,2026-05-29,0.05537376811594203,0.2,,1.6660005449919784,281119005.11960226,0.0,422100262.88039774,422100262.88039774,0,False
2026-06-08,2026-06-05,2026-05-29,0.05537376811594203,0.2,,1.6660000813651983,281902251.2232801,0.0,423276601.7767199,423276601.7767199,0,False
2026-06-09,2026-06-08,2026-05-29,0.05537376811594203,0.2,,1.6660008059207716,289591138.6574301,0.0,434821003.3425699,434821003.3425699,0,False
2026-06-10,2026-06-09,2026-05-29,0.05537376811594203,0.2,,1.6660007518679312,297982513.566186,0.0,447420686.433814,447420686.433814,0,False
2026-06-11,2026-06-10,2026-05-29,0.05537376811594203,0.2,,1.6676525333341843,298011087.2318704,0.0,446356558.7681296,446356558.7681296,0,False
2026-06-12,2026-06-11,2026-05-29,0.05537376811594203,0.2,,1.6659996060781932,303640227.6317754,0.0,455916527.3682246,455916527.3682246,0,False
2026-06-15,2026-06-12,2026-05-29,0.05537376811594203,0.2,,1.672381683518936,303727576.1904092,0.0,451718991.8095908,451718991.8095908,0,False
2026-06-16,2026-06-15,2026-05-29,0.05537376811594203,0.2,,1.6981250525572695,303756700.75250965,0.0,435103567.24749035,435103567.24749035,0,False
2026-06-17,2026-06-16,2026-05-29,0.05537376811594203,0.2,,1.7073816016815053,303785828.10737634,0.0,429451129.89262366,429451129.89262366,0,False
2026-06-18,2026-06-17,2026-05-29,0.05537376811594203,0.2,,1.6804370447338415,277096504.460097,0.0,407233125.539903,407233125.539903,0,False
2026-06-22,2026-06-18,2026-05-29,0.05537376811594203,0.2,,1.6864427821689734,277202788.05084884,0.0,403825045.94915116,403825045.94915116,0,False
2026-06-23,2026-06-22,2026-05-29,0.05537376811594203,0.2,,1.669454135577639,277229369.140114,0.0,414112564.859886,414112564.859886,0,False
2026-06-24,2026-06-23,2026-05-29,0.05537376811594203,0.2,,1.6970086822683272,277255952.77825075,0.0,397779769.22174925,397779769.22174925,0,False
2026-06-25,2026-06-24,2026-05-29,0.05537376811594203,0.2,,1.6217519984684565,262066433.2609747,17450120.389041252,393430682.1280665,393430682.1280665,0,False
2026-06-26,2026-06-25,2026-05-29,0.05537376811594203,0.2,,1.6246145327127512,260297957.13107497,16192795.482827585,390809289.3517527,390809289.3517527,0,False
2026-06-29,2026-06-26,2026-05-29,0.05537376811594203,0.2,,1.6660023314338146,261922779.31040058,0.0,393276069.6895995,393276069.6895995,0,False
2026-06-30,2026-06-29,2026-05-29,0.05537376811594203,0.2,,1.6947072846834499,261947895.19334814,0.0,377062254.80665183,377062254.80665183,0,False
2026-07-01,2026-06-30,2026-06-30,0.055291641249092235,0.18333333333333332,,1.683114954315898,261973013.48466805,0.0,383497699.515332,383497699.515332,0,False
2026-07-02,2026-07-01,2026-06-30,0.055291641249092235,0.18333333333333332,,1.6131640311679483,261998134.18459123,19053503.26794,396214746.0833488,396214746.0833488,0,False
2026-07-03,2026-07-02,2026-06-30,0.055291641249092235,0.18333333333333332,,1.6660017105485965,261814929.64307788,707.9542192108929,393113437.3111414,393113437.3111414,0,False
2026-07-06,2026-07-03,2026-06-30,0.055291641249092235,0.18333333333333332,,1.6659993957522363,270310133.4760446,0.0,405871439.5239554,405871439.5239554,0,False
2026-07-07,2026-07-06,2026-06-30,0.055291641249092235,0.18333333333333332,,1.665999692025419,273317341.53143,0.0,410386588.46857,410386588.46857,0,False
2026-07-08,2026-07-07,2026-06-30,0.055291641249092235,0.18333333333333332,,1.6659984631717333,277577443.72071165,0.0,416783910.27928835,416783910.27928835,0,False
2026-07-09,2026-07-08,2026-06-30,0.055291641249092235,0.18333333333333332,,1.6773496264758145,277604060.735863,0.0,409838656.264137,409838656.264137,0,False
2026-07-10,2026-07-09,2026-06-30,0.055291641249092235,0.18333333333333332,,1.6660003731761133,274305735.5086217,2.5841709133337645,411870239.07554924,411870239.07554924,0,False
2026-07-13,2026-07-10,2026-06-30,0.055291641249092235,0.18333333333333332,,1.6660027623563731,278617074.0782097,0.0,418342219.9217903,418342219.9217903,0,False
2026-07-14,2026-07-13,2026-06-30,0.055291641249092235,0.18333333333333332,,1.6172303766958034,277377612.87589383,20319846.579950597,416469726.70405674,416469726.70405674,0,False
2026-07-15,2026-07-14,2026-06-30,0.055291641249092235,0.18333333333333332,,1.6033416648109933,277404210.7291833,20319846.579950597,426100796.85076725,426100796.85076725,0,False
2026-07-16,2026-07-15,2026-06-30,0.055291641249092235,0.18333333333333332,,1.6154248766682429,277430811.13295186,20319846.579950597,417777984.4469987,417777984.4469987,0,False
2026-07-17,2026-07-16,2026-06-30,0.055291641249092235,0.18333333333333332,,1.6062753373337941,277457414.08744407,20319846.579950597,424126715.4925065,424126715.4925065,0,False
2026-07-20,2026-07-17,2026-06-30,0.055291641249092235,0.18333333333333332,,1.5893555788035654,277537230.6038254,20319846.579950597,436438362.9761252,436438362.9761252,0,False
2026-07-21,2026-07-20,2026-06-30,0.055291641249092235,0.18333333333333332,,1.657445344007794,278420471.33892375,0.0,423488391.66107625,423488391.66107625,0,False
2026-07-22,2026-07-21,2026-06-30,0.055291641249092235,0.18333333333333332,,1.6660014142398731,287967635.3284298,0.0,432382918.6715702,432382918.6715702,0,False
2026-07-23,2026-07-22,2026-06-30,0.055291641249092235,0.18333333333333332,,1.665999644166655,291313536.6348543,0.0,437407946.3651457,437407946.3651457,0,False
2026-07-24,2026-07-23,2026-06-30,0.055291641249092235,0.18333333333333332,,1.6684901283439033,291341470.8096001,0.0,435820154.1903999,435820154.1903999,0,False
2026-07-27,2026-07-24,2026-06-30,0.055291641249092235,0.18333333333333332,,1.6751893164125864,291425281.369696,0.0,431620101.630304,431620101.630304,0,False
2026-07-28,2026-07-27,2026-06-30,0.055291641249092235,0.18333333333333332,,1.6660002784161774,293640826.8692904,0.0,440901958.1307096,440901958.1307096,0,False
2026-07-29,2026-07-28,2026-06-30,0.055291641249092235,0.18333333333333332,,1.6659999794394036,294759421.0493732,0.0,442581726.9506268,442581726.9506268,0,False
2026-07-30,2026-07-29,2026-06-30,0.055291641249092235,0.18333333333333332,,1.6660011537568753,304074646.9616917,0.0,456567748.0383083,456567748.0383083,0,False
2026-07-31,2026-07-30,2026-06-30,0.055291641249092235,0.18333333333333332,,1.6742178520560966,304103804.804551,0.0,451046800.195449,451046800.195449,0,False
2026-08-03,2026-07-31,2026-07-31,0.055958415204678355,0.2,,1.6882283048205748,304191286.7210016,0.0,441991828.2789984,441991828.2789984,0,False
2026-08-04,2026-08-03,2026-07-31,0.055958415204678355,0.2,,1.716655738444513,304220455.7484954,0.0,424500132.2515046,424500132.2515046,0,False
2026-08-05,2026-08-04,2026-07-31,0.055958415204678355,0.2,,1.6661114191642261,281767482.7523692,209.6401900229086,423003216.8878208,423003216.8878208,0,False
2026-08-06,2026-08-05,2026-07-31,0.055958415204678355,0.2,,1.6660911691378868,286198155.8272452,0.0,429668143.1727548,429668143.1727548,0,False
2026-08-07,2026-08-06,2026-07-31,0.055958415204678355,0.2,,1.6661034887925268,282917579.5623086,288.2866454795003,424734738.7243368,424734738.7243368,0,False
2026-08-10,2026-08-07,2026-07-31,0.055958415204678355,0.2,,1.6659961451939236,286324024.2723783,0.0,429918440.7276217,429918440.7276217,0,False
2026-08-11,2026-08-10,2026-07-31,0.055958415204678355,0.2,,1.669692588838494,286351480.0007332,0.0,427586454.9992668,427586454.9992668,0,False
2026-08-12,2026-08-11,2026-07-31,0.055958415204678355,0.2,,1.6730729227279657,286378938.36182916,0.0,425479808.63817084,425479808.63817084,0,False
2026-08-13,2026-08-12,2026-07-31,0.055958415204678355,0.2,,1.673609768347505,286406399.35591865,0.0,425181481.64408135,425181481.64408135,0,False
2026-08-14,2026-08-13,2026-07-31,0.055958415204678355,0.2,,1.666080913131798,282636994.09715277,1295.701118658345,424326373.60396594,424326373.60396594,0,False
2026-08-17,2026-08-14,2026-07-31,0.055958415204678355,0.2,,1.6689677810795425,282717004.9285826,0.0,422616773.0714174,422616773.0714174,0,False
2026-08-18,2026-08-17,2026-07-31,0.055958415204678355,0.2,,1.6659992834284076,282885410.05032027,0.0,424753324.94967973,424753324.94967973,0,False
2026-08-19,2026-08-18,2026-07-31,0.055958415204678355,0.2,,1.6659978167185931,286284456.9190443,0.0,429857951.0809557,429857951.0809557,0,False
2026-08-20,2026-08-19,2026-07-31,0.055958415204678355,0.2,,1.6660209481157613,288946946.23510945,0.0,433840627.76489055,433840627.76489055,0,False
2026-08-21,2026-08-20,2026-07-31,0.055958415204678355,0.2,,1.6722537883326074,288974653.47652924,0.0,429859464.52347076,429859464.52347076,0,False
2026-08-24,2026-08-21,2026-07-31,0.055958415204678355,0.2,,1.6659978457536955,289326956.777205,0.0,434426265.222795,434426265.222795,0,False
2026-08-25,2026-08-24,2026-07-31,0.055958415204678355,0.2,,1.6696815248334647,289354700.45799184,0.0,432078069.54200816,432078069.54200816,0,False
2026-08-26,2026-08-25,2026-07-31,0.055958415204678355,0.2,,1.6660246986099696,289283979.24777836,45.091206726501696,434344153.84342843,434344153.84342843,0,False
2026-08-27,2026-08-26,2026-07-31,0.055958415204678355,0.2,,1.6695772255535717,289311673.7162255,0.0,432081114.2837745,432081114.2837745,0,False
2026-08-28,2026-08-27,2026-07-31,0.055958415204678355,0.2,,1.6710059490049256,289339415.93151337,0.0,431202460.06848663,431202460.06848663,0,False
