date,signal_day,observed_on,spread,percentile,cap,exposure,debt,cash,equity,constraint_equity,active_sells,unresolved
2014-05-06,2014-05-05,2014-04-30,0.08262614070351756,1.0,,0.14811774656936796,0.0,2555605.12194,2999951.12194,2999951.12194,0,False
2014-05-07,2014-05-06,2014-04-30,0.08262614070351756,1.0,,0.3440707039527906,0.0,1962285.864,2991611.864,2991611.864,0,False
2014-05-08,2014-05-07,2014-04-30,0.08262614070351756,1.0,,0.5432560738231945,0.0,1369101.62091,2997525.62091,2997525.62091,0,False
2014-05-09,2014-05-08,2014-04-30,0.08262614070351756,1.0,,0.7425800022523359,0.0,773512.1132700001,3004864.11327,3004864.11327,0,False
2014-05-12,2014-05-09,2014-04-30,0.08262614070351756,1.0,,0.9450756672918138,0.0,167059.41081000006,3041628.4108100003,3041628.4108100003,0,False
2014-05-13,2014-05-12,2014-04-30,0.08262614070351756,1.0,,1.5430960034621448,1667428.3606500002,0.0,3070227.63935,3070227.63935,0,False
2014-05-14,2014-05-13,2014-04-30,0.08262614070351756,1.0,,1.665986627076264,2020680.8085207473,0.0,3034116.1914792527,3034116.1914792527,0,False
2014-05-15,2014-05-14,2014-04-30,0.08262614070351756,1.0,,1.676179819251117,2020874.572433893,0.0,2988664.427566107,2988664.427566107,0,False
2014-05-16,2014-05-15,2014-04-30,0.08262614070351756,1.0,,1.6757627717750352,2021068.3549271403,0.0,2990795.6450728597,2990795.6450728597,0,False
2014-05-19,2014-05-16,2014-04-30,0.08262614070351756,1.0,,1.6660366233400667,1955144.3930704147,36.86398788435531,2935435.47091747,2935435.47091747,0,False
2014-05-20,2014-05-19,2014-04-30,0.08262614070351756,1.0,,1.6659693318735287,1969430.688481866,0.0,2957239.311518134,2957239.311518134,0,False
2014-05-21,2014-05-20,2014-04-30,0.08262614070351756,1.0,,1.6659601100337533,1986400.7057099394,0.0,2982762.2942900606,2982762.2942900606,0,False
2014-05-22,2014-05-21,2014-04-30,0.08262614070351756,1.0,,1.6763911706918084,1986591.182489939,0.0,2937044.817510061,2937044.817510061,0,False
2014-05-23,2014-05-22,2014-04-30,0.08262614070351756,1.0,,1.6730465057864934,1986781.6775348354,0.0,2951923.3224651646,2951923.3224651646,0,False
2014-05-26,2014-05-23,2014-04-30,0.08262614070351756,1.0,,1.6659256411236516,2003727.3811094689,0.0,3008935.6188905314,3008935.6188905314,0,False
2014-05-27,2014-05-26,2014-04-30,0.08262614070351756,1.0,,1.6664998794329338,2003919.519351493,0.0,3006631.480648507,3006631.480648507,0,False
2014-05-28,2014-05-27,2014-04-30,0.08262614070351756,1.0,,1.6659858272914987,2043911.1020077325,0.0,3069000.8979922673,3069000.8979922673,0,False
2014-05-29,2014-05-28,2014-04-30,0.08262614070351756,1.0,,1.665949518078617,2024284.293740144,224.49703687641886,3039359.203296732,3039359.203296732,0,False
2014-05-30,2014-05-29,2014-04-30,0.08262614070351756,1.0,,1.665968199297363,2019652.388500043,171.6072239510068,3032398.218723908,3032398.218723908,0,False
2014-06-03,2014-05-30,2014-05-30,0.08397427930174564,1.0,,1.6659707421712704,2014921.4333175102,160.26147130868048,3025299.8281537984,3025299.8281537984,0,False
2014-06-04,2014-06-03,2014-05-30,0.08397427930174564,1.0,,1.66643820213459,1981051.3765953323,51.24567484007986,2972518.869079508,2972518.869079508,0,False
2014-06-05,2014-06-04,2014-05-30,0.08397427930174564,1.0,,1.6664092465533242,2014881.4157811245,0.0,3023489.5842188755,3023489.5842188755,0,False
2014-06-06,2014-06-05,2014-05-30,0.08397427930174564,1.0,,1.6663562301914283,1971651.958690314,71.86065219661714,2958747.901961883,2958747.901961883,0,False
2014-06-09,2014-06-06,2014-05-30,0.08397427930174564,1.0,,1.6686422040162272,1972147.2855878777,0.0,2949480.714412122,2949480.714412122,0,False
2014-06-10,2014-06-09,2014-05-30,0.08397427930174564,1.0,,1.6659626050525702,1993911.6113015644,0.0,2994029.3886984354,2994029.3886984354,0,False
2014-06-11,2014-06-10,2014-05-30,0.08397427930174564,1.0,,1.665984892646767,1998851.8556953878,0.0,3001347.144304612,3001347.144304612,0,False
2014-06-12,2014-06-11,2014-05-30,0.08397427930174564,1.0,,1.6710355908487016,1999043.5264212764,0.0,2979042.4735787236,2979042.4735787236,0,False
2014-06-13,2014-06-12,2014-05-30,0.08397427930174564,1.0,,1.6659348524617004,2023102.4540965497,0.0,3037988.5459034503,3037988.5459034503,0,False
2014-06-16,2014-06-13,2014-05-30,0.08397427930174564,1.0,,1.665963891734167,2056073.7662637555,0.0,3087365.2337362445,3087365.2337362445,0,False
2014-06-17,2014-06-16,2014-05-30,0.08397427930174564,1.0,,1.6671452691351765,2025271.7442221644,0.0,3035728.255777836,3035728.255777836,0,False
2014-06-18,2014-06-17,2014-05-30,0.08397427930174564,1.0,,1.6659645236882192,1994689.5972750941,112.95636307289158,2995019.3590879785,2995019.3590879785,0,False
2014-06-19,2014-06-18,2014-05-30,0.08397427930174564,1.0,,1.6660212108516843,1971104.9802635186,10.318996279330293,2959507.338732761,2959507.338732761,0,False
2014-06-20,2014-06-19,2014-05-30,0.08397427930174564,1.0,,1.6659996816778062,1973103.9861538399,0.0,2962620.01384616,2962620.01384616,0,False
2014-06-23,2014-06-20,2014-05-30,0.08397427930174564,1.0,,1.6709828807138907,1973671.5914101307,0.0,2941463.4085898693,2941463.4085898693,0,False
2014-06-24,2014-06-23,2014-05-30,0.08397427930174564,1.0,,1.6659838809700505,1986589.974730129,0.0,2982940.025269871,2982940.025269871,0,False
2014-06-25,2014-06-24,2014-05-30,0.08397427930174564,1.0,,1.671669228142514,1986780.4696592125,0.0,2957974.5303407875,2957974.5303407875,0,False
2014-06-26,2014-06-25,2014-05-30,0.08397427930174564,1.0,,1.665955498185676,1993264.0456849334,0.0,2993088.9543150663,2993088.9543150663,0,False
2014-06-27,2014-06-26,2014-05-30,0.08397427930174564,1.0,,1.6659260922871204,1982687.3409247801,223.3562213563398,2977003.0152965765,2977003.0152965765,0,False
2014-06-30,2014-06-27,2014-05-30,0.08397427930174564,1.0,,1.6659903636295392,2000487.5212951966,0.0,3003778.4787048036,3003778.4787048036,0,False
2014-07-01,2014-06-30,2014-06-30,0.08208738650306749,0.9666666666666667,,1.6796419184290612,2000679.3488657319,0.0,2943725.6511342684,2943725.6511342684,0,False
2014-07-02,2014-07-01,2014-06-30,0.08208738650306749,0.9666666666666667,,1.6749897113413335,2000871.1948306917,0.0,2964298.8051693086,2964298.8051693086,0,False
2014-07-03,2014-07-02,2014-06-30,0.08208738650306749,0.9666666666666667,,1.6659578239160817,1991136.430978235,132.76061639532037,2989684.3296381608,2989684.3296381608,0,False
2014-07-04,2014-07-03,2014-06-30,0.08208738650306749,0.9666666666666667,,1.6659816089218176,1995118.6403424814,0.0,2995756.3596575186,2995756.3596575186,0,False
2014-07-07,2014-07-04,2014-06-30,0.08208738650306749,0.9666666666666667,,1.6759110605514767,1995692.578581484,0.0,2952596.421418516,2952596.421418516,0,False
2014-07-08,2014-07-07,2014-06-30,0.08208738650306749,0.9666666666666667,,1.6695682678809123,1995883.9463629918,0.0,2980852.053637008,2980852.053637008,0,False
2014-07-09,2014-07-08,2014-06-30,0.08208738650306749,0.9666666666666667,,1.6681800585284265,1940801.70055844,121.17841360557941,2904427.4778551655,2904427.4778551655,0,False
2014-07-10,2014-07-09,2014-06-30,0.08208738650306749,0.9666666666666667,,1.6659722020632115,1937819.156805951,84.33915846005766,2909633.1823525093,2909633.1823525093,0,False
2014-07-11,2014-07-10,2014-06-30,0.08208738650306749,0.9666666666666667,,1.6659947534859112,1949749.754162801,0.0,2927575.245837199,2927575.245837199,0,False
2014-07-14,2014-07-11,2014-06-30,0.08208738650306749,0.9666666666666667,,1.665987693640973,1987639.363558382,0.0,2984498.636441618,2984498.636441618,0,False
2014-07-15,2014-07-14,2014-06-30,0.08208738650306749,0.9666666666666667,,1.6659297374547077,1998188.0625937919,0.0,3000598.9374062084,3000598.9374062084,0,False
2014-07-16,2014-07-15,2014-06-30,0.08208738650306749,0.9666666666666667,,1.668628714458749,1998379.6696682873,0.0,2988773.330331713,2988773.330331713,0,False
2014-07-17,2014-07-16,2014-06-30,0.08208738650306749,0.9666666666666667,,1.673424376050228,1992207.2951160637,0.0,2958323.7048839363,2958323.7048839363,0,False
2014-07-18,2014-07-17,2014-06-30,0.08208738650306749,0.9666666666666667,,1.6732008656497197,1992398.3286923077,0.0,2959589.6713076923,2959589.6713076923,0,False
2014-07-21,2014-07-18,2014-06-30,0.08208738650306749,0.9666666666666667,,1.669401120571722,1992971.484375904,0.0,2977245.5156240957,2977245.5156240957,0,False
2014-07-22,2014-07-21,2014-06-30,0.08208738650306749,0.9666666666666667,,1.6662476895776444,2017119.7074305704,0.0,3027582.2925694296,3027582.2925694296,0,False
2014-07-23,2014-07-22,2014-06-30,0.08208738650306749,0.9666666666666667,,1.6659966551403855,2035216.3087982691,0.0,3055895.6912017306,3055895.6912017306,0,False
2014-07-24,2014-07-23,2014-06-30,0.08208738650306749,0.9666666666666667,,1.6662671320455493,2108584.9379165103,0.0,3164774.0620834897,3164774.0620834897,0,False
2014-07-25,2014-07-24,2014-06-30,0.08208738650306749,0.9666666666666667,,1.6660018270311407,2191452.223152749,0.0,3290459.776847251,3290459.776847251,0,False
2014-07-28,2014-07-25,2014-06-30,0.08208738650306749,0.9666666666666667,,1.6659716004901322,2284928.7491755737,0.0,3430970.2508244263,3430970.2508244263,0,False
2014-07-29,2014-07-28,2014-06-30,0.08208738650306749,0.9666666666666667,,1.6746618279279977,2285147.851932344,0.0,3387101.148067656,3387101.148067656,0,False
2014-07-30,2014-07-29,2014-06-30,0.08208738650306749,0.9666666666666667,,1.677866815138504,2285366.9756989675,0.0,3371410.0243010325,3371410.0243010325,0,False
2014-07-31,2014-07-30,2014-06-30,0.08208738650306749,0.9666666666666667,,1.6659888704201424,2317835.4428674593,0.0,3480291.5571325407,3480291.5571325407,0,False
2014-08-01,2014-07-31,2014-07-31,0.07202389908256879,0.8166666666666667,,1.6659894111169946,2351173.032160611,0.0,3530345.967839389,3530345.967839389,0,False
2014-08-04,2014-08-01,2014-07-31,0.07202389908256879,0.8166666666666667,,1.6659513579929128,2422507.1685054787,0.0,3637663.8314945213,3637663.8314945213,0,False
2014-08-05,2014-08-04,2014-07-31,0.07202389908256879,0.8166666666666667,,1.6675389340603424,2422739.4637134178,0.0,3629360.5362865822,3629360.5362865822,0,False
2014-08-06,2014-08-05,2014-07-31,0.07202389908256879,0.8166666666666667,,1.6733314104495685,2422971.7811962394,0.0,3598483.2188037606,3598483.2188037606,0,False
2014-08-07,2014-08-06,2014-07-31,0.07202389908256879,0.8166666666666667,,1.6980820940448371,2423204.12095608,0.0,3471230.87904392,3471230.87904392,0,False
2014-08-08,2014-08-07,2014-07-31,0.07202389908256879,0.8166666666666667,,1.6935118161806284,2423436.4829950756,0.0,3494441.5170049244,3494441.5170049244,0,False
2014-08-11,2014-08-08,2014-07-31,0.07202389908256879,0.8166666666666667,,1.666010177493407,2402123.714453346,43.95882740890357,3606671.244374063,3606671.244374063,0,False
2014-08-12,2014-08-11,2014-07-31,0.07202389908256879,0.8166666666666667,,1.6739079965393988,2402310.0962560903,0.0,3564744.9037439097,3564744.9037439097,0,False
2014-08-13,2014-08-12,2014-07-31,0.07202389908256879,0.8166666666666667,,1.6662440743381577,2402540.454758471,0.0,3606096.545241529,3606096.545241529,0,False
2014-08-14,2014-08-13,2014-07-31,0.07202389908256879,0.8166666666666667,,1.6821540169139073,2402425.014360023,0.0,3521821.985639977,3521821.985639977,0,False
2014-08-15,2014-08-14,2014-07-31,0.07202389908256879,0.8166666666666667,,1.678445672044087,2402655.383881948,0.0,3541411.616118052,3541411.616118052,0,False
2014-08-18,2014-08-15,2014-07-31,0.07202389908256879,0.8166666666666667,,1.678603317438455,2403346.558718407,0.0,3541607.441281593,3541607.441281593,0,False
2014-08-19,2014-08-18,2014-07-31,0.07202389908256879,0.8166666666666667,,1.6759776268936724,2403577.0166075993,0.0,3555704.9833924007,3555704.9833924007,0,False
2014-08-20,2014-08-19,2014-07-31,0.07202389908256879,0.8166666666666667,,1.666234896528112,2340608.051267402,111.34162190872303,3513020.2903545075,3513020.2903545075,0,False
2014-08-21,2014-08-20,2014-07-31,0.07202389908256879,0.8166666666666667,,1.6664074301980927,2307179.743092061,104.62268863819946,3461958.879596577,3461958.879596577,0,False
2014-08-22,2014-08-21,2014-07-31,0.07202389908256879,0.8166666666666667,,1.6661268021022941,2319830.7315271436,0.0,3482566.2684728564,3482566.2684728564,0,False
2014-08-25,2014-08-22,2014-07-31,0.07202389908256879,0.8166666666666667,,1.6859530997312522,2320098.2866437472,0.0,3382298.7133562528,3382298.7133562528,0,False
2014-08-26,2014-08-25,2014-07-31,0.07202389908256879,0.8166666666666667,,1.665969169567012,2208508.772626602,164.90663468342245,3315985.1340080807,3315985.1340080807,0,False
2014-08-27,2014-08-26,2014-07-31,0.07202389908256879,0.8166666666666667,,1.6658167868921936,2233709.672925732,0.0,3354841.327074268,3354841.327074268,0,False
2014-08-28,2014-08-27,2014-07-31,0.07202389908256879,0.8166666666666667,,1.6659873525717572,2228052.474400022,108.78997579045244,3345324.3155757682,3345324.3155757682,0,False
2014-08-29,2014-08-28,2014-07-31,0.07202389908256879,0.8166666666666667,,1.6659288273485071,2269662.74829164,0.0,3408266.25170836,3408266.25170836,0,False
2014-09-01,2014-08-29,2014-08-29,0.0759821952662722,0.8666666666666667,,1.665964793332855,2291638.8781526554,0.0,3441081.1218473446,3441081.1218473446,0,False
2014-09-02,2014-09-01,2014-08-29,0.0759821952662722,0.8666666666666667,,1.6658990919523395,2340454.110246451,0.0,3514727.889753549,3514727.889753549,0,False
2014-09-03,2014-09-02,2014-08-29,0.0759821952662722,0.8666666666666667,,1.6659746647865121,2387990.0104129133,0.0,3585706.9895870867,3585706.9895870867,0,False
2014-09-04,2014-09-03,2014-08-29,0.0759821952662722,0.8666666666666667,,1.665931064864152,2416694.2804563777,0.0,3629045.7195436223,3629045.7195436223,0,False
2014-09-05,2014-09-04,2014-08-29,0.0759821952662722,0.8666666666666667,,1.665989783880449,2455820.4071540926,0.0,3687474.5928459074,3687474.5928459074,0,False
2014-09-09,2014-09-05,2014-08-29,0.0759821952662722,0.8666666666666667,,1.665980224716936,2463903.4370264257,0.0,3699664.5629735743,3699664.5629735743,0,False
2014-09-10,2014-09-09,2014-08-29,0.0759821952662722,0.8666666666666667,,1.6836988393368864,2464139.7017395655,0.0,3604130.2982604345,3604130.2982604345,0,False
2014-09-11,2014-09-10,2014-08-29,0.0759821952662722,0.8666666666666667,,1.692999239493196,2464375.9891082253,0.0,3556102.0108917747,3556102.0108917747,0,False
2014-09-12,2014-09-11,2014-08-29,0.0759821952662722,0.8666666666666667,,1.6887713196837069,2464612.299134578,0.0,3578273.700865422,3578273.700865422,0,False
2014-09-15,2014-09-12,2014-08-29,0.0759821952662722,0.8666666666666667,,1.666014719501836,2408943.7800693065,19.00616607310144,3616924.226096766,3616924.226096766,0,False
2014-09-16,2014-09-15,2014-08-29,0.0759821952662722,0.8666666666666667,,1.6962358319357218,2409155.768512281,0.0,3460258.231487719,3460258.231487719,0,False
2014-09-17,2014-09-16,2014-08-29,0.0759821952662722,0.8666666666666667,,1.6661733783553236,2310711.1202229746,50.11969398693782,3468557.9994710125,3468557.9994710125,0,False
2014-09-18,2014-09-17,2014-08-29,0.0759821952662722,0.8666666666666667,,1.6661487693447596,2329609.307227913,0.0,3497130.692772087,3497130.692772087,0,False
2014-09-19,2014-09-18,2014-08-29,0.0759821952662722,0.8666666666666667,,1.6661277768904403,2360600.1808217564,0.0,3543764.8191782436,3543764.8191782436,0,False
2014-09-22,2014-09-19,2014-08-29,0.0759821952662722,0.8666666666666667,,1.689870467194219,2360586.6135661025,0.0,3421782.3864338975,3421782.3864338975,0,False
2014-09-23,2014-09-22,2014-08-29,0.0759821952662722,0.8666666666666667,,1.6830893918328445,2360812.9711865815,0.0,3456082.0288134185,3456082.0288134185,0,False
2014-09-24,2014-09-23,2014-08-29,0.0759821952662722,0.8666666666666667,,1.6659756559668666,2391349.6535125854,0.0,3590746.3464874146,3590746.3464874146,0,False
2014-09-25,2014-09-24,2014-08-29,0.0759821952662722,0.8666666666666667,,1.6661139905376545,2378781.529964938,246.8150113306183,3570762.285046393,3570762.285046393,0,False
2014-09-26,2014-09-25,2014-08-29,0.0759821952662722,0.8666666666666667,,1.6659934114476809,2379319.2423920967,0.0,3572586.7576079033,3572586.7576079033,0,False
2014-09-29,2014-09-26,2014-08-29,0.0759821952662722,0.8666666666666667,,1.665984585823511,2411357.017571963,0.0,3620739.982428037,3620739.982428037,0,False
2014-09-30,2014-09-29,2014-08-29,0.0759821952662722,0.8666666666666667,,1.6659487332576823,2455210.679757347,0.0,3686786.320242653,3686786.320242653,0,False
2014-10-08,2014-09-30,2014-09-30,0.07459247597254004,0.85,,1.6659649918275021,2457348.1315359278,0.0,3689905.8684640722,3689905.8684640722,0,False
2014-10-09,2014-10-08,2014-09-30,0.07459247597254004,0.85,,1.6659998932949385,2467801.99916813,0.0,3705409.00083187,3705409.00083187,0,False
2014-10-10,2014-10-09,2014-09-30,0.07459247597254004,0.85,,1.6773111146004687,2468038.6377159953,0.0,3643877.3622840047,3643877.3622840047,0,False
2014-10-13,2014-10-10,2014-09-30,0.07459247597254004,0.85,,1.6659410732918845,2475445.6883536945,0.0,3717214.3116463055,3717214.3116463055,0,False
2014-10-14,2014-10-13,2014-09-30,0.07459247597254004,0.85,,1.6812978515838826,2475683.059858057,0.0,3633774.940141943,3633774.940141943,0,False
2014-10-15,2014-10-14,2014-09-30,0.07459247597254004,0.85,,1.682857404062099,2475920.454124071,0.0,3625823.545875929,3625823.545875929,0,False
2014-10-16,2014-10-15,2014-09-30,0.07459247597254004,0.85,,1.7046436015020108,2476157.8711539186,0.0,3514057.1288460814,3514057.1288460814,0,False
2014-10-17,2014-10-16,2014-09-30,0.07459247597254004,0.85,,1.7201596006379358,2476395.310949783,0.0,3438675.689050217,3438675.689050217,0,False
2014-10-20,2014-10-17,2014-09-30,0.07459247597254004,0.85,,1.7062527847040407,2477107.698641974,0.0,3507395.301358026,3507395.301358026,0,False
2014-10-21,2014-10-20,2014-09-30,0.07459247597254004,0.85,,1.7136822926949915,2477345.229517186,0.0,3471215.770482814,3471215.770482814,0,False
2014-10-22,2014-10-21,2014-09-30,0.07459247597254004,0.85,,1.7167917004066577,2477582.7831693315,0.0,3456489.2168306685,3456489.2168306685,0,False
2014-10-23,2014-10-22,2014-09-30,0.07459247597254004,0.85,,1.7420133094209935,2477820.3596005943,0.0,3339320.6403994057,3339320.6403994057,0,False
2014-10-24,2014-10-23,2014-09-30,0.07459247597254004,0.85,,1.7488085107843538,2474937.958813159,0.0,3305168.041186841,3305168.041186841,0,False
2014-10-27,2014-10-24,2014-09-30,0.07459247597254004,0.85,,1.763412056197622,2475649.927267064,0.0,3242875.072732936,3242875.072732936,0,False
2014-10-28,2014-10-27,2014-09-30,0.07459247597254004,0.85,,1.7357221674531955,2475887.31835598,0.0,3365247.68164402,3365247.68164402,0,False
2014-10-29,2014-10-28,2014-09-30,0.07459247597254004,0.85,,1.7199319353759024,2476124.732208425,0.0,3439387.267791575,3439387.267791575,0,False
2014-10-30,2014-10-29,2014-09-30,0.07459247597254004,0.85,,1.7108858388038106,2476362.1688265824,0.0,3483487.8311734176,3483487.8311734176,0,False
2014-10-31,2014-10-30,2014-09-30,0.07459247597254004,0.85,,1.6843508581964288,2476599.628212634,0.0,3618903.371787366,3618903.371787366,0,False
2014-11-03,2014-10-31,2014-10-31,0.07620664277588168,0.8666666666666667,,1.679911923240711,2477312.074681024,0.0,3643577.925318976,3643577.925318976,0,False
2014-11-04,2014-11-03,2014-10-31,0.07620664277588168,0.8666666666666667,,1.665959787824807,2512343.9729439383,0.0,3772516.0270560617,3772516.0270560617,0,False
2014-11-05,2014-11-04,2014-10-31,0.07620664277588168,0.8666666666666667,,1.687075648237005,2512584.882639974,0.0,3656926.117360026,3656926.117360026,0,False
2014-11-06,2014-11-05,2014-10-31,0.07620664277588168,0.8666666666666667,,1.6891063697681965,2512825.8154369392,0.0,3646499.1845630608,3646499.1845630608,0,False
2014-11-07,2014-11-06,2014-10-31,0.07620664277588168,0.8666666666666667,,1.6985135402170761,2513066.7713370495,0.0,3597735.2286629505,3597735.2286629505,0,False
2014-11-10,2014-11-07,2014-10-31,0.07620664277588168,0.8666666666666667,,1.668532592596657,2513789.7083534617,0.0,3760160.2916465383,3760160.2916465383,0,False
2014-11-11,2014-11-10,2014-10-31,0.07620664277588168,0.8666666666666667,,1.6750231562979503,2514030.75668166,0.0,3724362.24331834,3724362.24331834,0,False
2014-11-12,2014-11-11,2014-10-31,0.07620664277588168,0.8666666666666667,,1.6659872660053525,2559001.275314082,0.0,3842417.724685918,3842417.724685918,0,False
2014-11-13,2014-11-12,2014-10-31,0.07620664277588168,0.8666666666666667,,1.6663036755091085,2559246.6589980163,0.0,3840961.3410019837,3840961.3410019837,0,False
2014-11-14,2014-11-13,2014-10-31,0.07620664277588168,0.8666666666666667,,1.6688721467658667,2559492.0662118928,0.0,3826578.9337881072,3826578.9337881072,0,False
2014-11-17,2014-11-14,2014-10-31,0.07620664277588168,0.8666666666666667,,1.6862159839269113,2560228.358450118,0.0,3730936.641549882,3730936.641549882,0,False
2014-11-18,2014-11-17,2014-10-31,0.07620664277588168,0.8666666666666667,,1.7057525446775128,2560473.8597995583,0.0,3628005.1402004417,3628005.1402004417,0,False
2014-11-19,2014-11-18,2014-10-31,0.07620664277588168,0.8666666666666667,,1.7123163717211345,2560719.384690224,0.0,3594918.615309776,3594918.615309776,0,False
2014-11-20,2014-11-19,2014-10-31,0.07620664277588168,0.8666666666666667,,1.7181988316543466,2560964.9331243727,0.0,3565816.0668756273,3565816.0668756273,0,False
2014-11-21,2014-11-20,2014-10-31,0.07620664277588168,0.8666666666666667,,1.7063843830817496,2560922.6545342617,0.0,3625395.3454657383,3625395.3454657383,0,False
2014-11-24,2014-11-21,2014-10-31,0.07620664277588168,0.8666666666666667,,1.6746198109748769,2561659.3583115935,0.0,3797189.6416884065,3797189.6416884065,0,False
2014-11-25,2014-11-24,2014-10-31,0.07620664277588168,0.8666666666666667,,1.6659795831107305,2626053.638210199,0.0,3943144.361789801,3943144.361789801,0,False
2014-11-26,2014-11-25,2014-10-31,0.07620664277588168,0.8666666666666667,,1.6659669183284633,2641034.598762767,0.0,3965714.401237233,3965714.401237233,0,False
2014-11-27,2014-11-26,2014-10-31,0.07620664277588168,0.8666666666666667,,1.6659837666318404,2699158.1692457986,0.0,4052888.8307542014,4052888.8307542014,0,False
2014-11-28,2014-11-27,2014-10-31,0.07620664277588168,0.8666666666666667,,1.6659892444644775,2708369.082001891,0.0,4066685.917998109,4066685.917998109,0,False
2014-12-01,2014-11-28,2014-11-28,0.0664803997965412,0.6166666666666667,,1.6659910601944128,2831217.9433847954,0.0,4251135.056615205,4251135.056615205,0,False
2014-12-02,2014-12-01,2014-11-28,0.0664803997965412,0.6166666666666667,,1.665999679542619,2919789.5288669015,0.0,4384070.471133098,4384070.471133098,0,False
2014-12-03,2014-12-02,2014-11-28,0.0664803997965412,0.6166666666666667,,1.6659418773253911,3042341.289194738,0.0,4568478.7108052615,4568478.7108052615,0,False
2014-12-04,2014-12-03,2014-11-28,0.0664803997965412,0.6166666666666667,,1.665961325104991,3428763.4902312364,0.0,5148592.509768764,5148592.509768764,0,False
2014-12-05,2014-12-04,2014-11-28,0.0664803997965412,0.6166666666666667,,1.6918148678594886,3429092.275771396,0.0,4956661.724228604,4956661.724228604,0,False
2014-12-08,2014-12-05,2014-11-28,0.0664803997965412,0.6166666666666667,,1.6659708910565254,3459160.017684015,0.0,5194160.9823159855,5194160.9823159855,0,False
2014-12-09,2014-12-08,2014-11-28,0.0664803997965412,0.6166666666666667,,1.7357961975514997,3459491.7179596834,0.0,4701698.282040317,4701698.282040317,0,False
2014-12-10,2014-12-09,2014-11-28,0.0664803997965412,0.6166666666666667,,1.7032693867388242,3459823.4500422273,0.0,4919627.549957773,4919627.549957773,0,False
2014-12-11,2014-12-10,2014-11-28,0.0664803997965412,0.6166666666666667,,1.7087271249759628,3460155.213934697,0.0,4882210.786065303,4882210.786065303,0,False
2014-12-12,2014-12-11,2014-11-28,0.0664803997965412,0.6166666666666667,,1.715803675763525,3460487.009640143,0.0,4834407.990359858,4834407.990359858,0,False
2014-12-15,2014-12-12,2014-11-28,0.0664803997965412,0.6166666666666667,,1.724080669993996,3461482.49220456,0.0,4780520.50779544,4780520.50779544,0,False
2014-12-16,2014-12-15,2014-11-28,0.0664803997965412,0.6166666666666667,,1.6930715369263472,3461814.4151832643,0.0,4994887.584816735,4994887.584816735,0,False
2014-12-17,2014-12-16,2014-11-28,0.0664803997965412,0.6166666666666667,,1.6993601244546892,3462146.3699902,0.0,4950448.6300098,4950448.6300098,0,False
2014-12-18,2014-12-17,2014-11-28,0.0664803997965412,0.6166666666666667,,1.6869569240362365,3462478.356628418,0.0,5040313.643371582,5040313.643371582,0,False
2014-12-19,2014-12-18,2014-11-28,0.0664803997965412,0.6166666666666667,,1.6659914783365113,3558166.818510971,0.0,5342661.181489029,5342661.181489029,0,False
2014-12-22,2014-12-19,2014-11-28,0.0664803997965412,0.6166666666666667,,1.665959995181188,3794055.203886433,0.0,5697121.796113567,5697121.796113567,0,False
2014-12-23,2014-12-22,2014-11-28,0.0664803997965412,0.6166666666666667,,1.7312501551609794,3794419.0173991346,0.0,5188947.982600866,5188947.982600866,0,False
2014-12-24,2014-12-23,2014-11-28,0.0664803997965412,0.6166666666666667,,1.7689143002759486,3794782.865798063,0.0,4935248.134201936,4935248.134201936,0,False
2014-12-25,2014-12-24,2014-11-28,0.0664803997965412,0.6166666666666667,,1.7248656695691424,3795146.7490865644,0.0,5235655.250913436,5235655.250913436,0,False
2014-12-26,2014-12-25,2014-11-28,0.0664803997965412,0.6166666666666667,,1.6907663668096542,3795510.667267984,0.0,5494637.332732016,5494637.332732016,0,False
2014-12-29,2014-12-26,2014-11-28,0.0664803997965412,0.6166666666666667,,1.6946425495830435,3796602.5265010335,0.0,5465548.473498967,5465548.473498967,0,False
2014-12-30,2014-12-29,2014-11-28,0.0664803997965412,0.6166666666666667,,1.7010597585968315,3796966.5842775474,0.0,5416038.415722452,5416038.415722452,0,False
2014-12-31,2014-12-30,2014-11-28,0.0664803997965412,0.6166666666666667,,1.66598502304121,3714509.3211421687,211.09829845753848,5577149.777156288,5577149.777156288,0,False
2015-01-05,2014-12-31,2014-12-31,0.04227393563579278,0.3333333333333333,,1.6659175388087069,4299538.325420286,0.0,6456562.674579714,6456562.674579714,0,False
2015-01-06,2015-01-05,2014-12-31,0.04227393563579278,0.3333333333333333,,1.665932635801355,4297218.073795116,588.4753978716326,6452048.401602756,6452048.401602756,0,False
2015-01-07,2015-01-06,2014-12-31,0.04227393563579278,0.3333333333333333,,1.6658954719904793,4291072.858170724,692.9532364034906,6443023.095065681,6443023.095065681,0,False
2015-01-08,2015-01-07,2014-12-31,0.04227393563579278,0.3333333333333333,,1.689769017945647,4290791.377674145,0.0,6220620.622325855,6220620.622325855,0,False
2015-01-09,2015-01-08,2014-12-31,0.04227393563579278,0.3333333333333333,,1.7169585513316363,4291202.823422689,0.0,5985287.176577311,5985287.176577311,0,False
2015-01-12,2015-01-09,2014-12-31,0.04227393563579278,0.3333333333333333,,1.7539047723861243,4292437.279029427,0.0,5693606.720970573,5693606.720970573,0,False
2015-01-13,2015-01-12,2014-12-31,0.04227393563579278,0.3333333333333333,,1.7542231384520726,4292848.882604129,0.0,5691749.117395871,5691749.117395871,0,False
2015-01-14,2015-01-13,2014-12-31,0.04227393563579278,0.3333333333333333,,1.7844366602502906,4292632.848477666,0.0,5472249.151522334,5472249.151522334,0,False
2015-01-15,2015-01-14,2014-12-31,0.04227393563579278,0.3333333333333333,,1.7435621957179457,4293044.470805602,0.0,5773618.529194398,5773618.529194398,0,False
2015-01-16,2015-01-15,2014-12-31,0.04227393563579278,0.3333333333333333,,1.7363816425742613,4293456.132604172,0.0,5830476.867395828,5830476.867395828,0,False
2015-01-19,2015-01-16,2014-12-31,0.04227393563579278,0.3333333333333333,,1.8858348940593248,4294691.23642314,0.0,4848184.76357686,4848184.76357686,0,False
2015-01-20,2015-01-19,2014-12-31,0.04227393563579278,0.3333333333333333,,1.8608100404845156,4294037.602340743,0.0,4988368.397659257,4988368.397659257,0,False
2015-01-21,2015-01-20,2014-12-31,0.04227393563579278,0.3333333333333333,,1.7999271399008419,4294449.359371104,0.0,5368550.640628896,5368550.640628896,0,False
2015-01-22,2015-01-21,2014-12-31,0.04227393563579278,0.3333333333333333,,1.7880051429726407,4294861.155885017,0.0,5450295.844114983,5450295.844114983,0,False
2015-01-23,2015-01-22,2014-12-31,0.04227393563579278,0.3333333333333333,,1.799427684384777,4295272.991886266,0.0,5372935.008113734,5372935.008113734,0,False
2015-01-26,2015-01-23,2014-12-31,0.04227393563579278,0.3333333333333333,,1.7876477705693918,4296508.618363383,0.0,5454860.381636617,5454860.381636617,0,False
2015-01-27,2015-01-26,2014-12-31,0.04227393563579278,0.3333333333333333,,1.8062034916009437,4296920.612340487,0.0,5329821.387659513,5329821.387659513,0,False
2015-01-28,2015-01-27,2014-12-31,0.04227393563579278,0.3333333333333333,,1.8323876139447317,4295931.363393862,0.0,5160974.636606138,5160974.636606138,0,False
2015-01-29,2015-01-28,2014-12-31,0.04227393563579278,0.3333333333333333,,1.8455524970911092,4296343.302017749,0.0,5081107.697982251,5081107.697982251,0,False
2015-01-30,2015-01-29,2014-12-31,0.04227393563579278,0.3333333333333333,,1.8644101513117086,4296755.280142601,0.0,4970736.719857399,4970736.719857399,0,False
2015-02-02,2015-01-30,2015-01-30,0.045237821829855536,0.35,,1.9055506771434236,4297991.3330314085,0.0,4746273.6669685915,4746273.6669685915,0,False
2015-02-03,2015-02-02,2015-01-30,0.045237821829855536,0.35,,1.8541294450712535,4298403.469186631,0.0,5032496.530813369,5032496.530813369,0,False
2015-02-04,2015-02-03,2015-01-30,0.045237821829855536,0.35,,1.850126880400499,4298815.644861759,0.0,5056675.355138241,5056675.355138241,0,False
2015-02-05,2015-02-04,2015-01-30,0.045237821829855536,0.35,,1.8516850721186107,4131500.236360581,0.0,4850971.763639418,4850971.763639418,0,False
2015-02-06,2015-02-05,2015-01-30,0.045237821829855536,0.35,,1.9017048966430024,4131896.4076161226,0.0,4582315.592383877,4582315.592383877,0,False
2015-02-09,2015-02-06,2015-01-30,0.045237821829855536,0.35,,1.8955818295340634,4133085.0353498203,0.0,4614971.96465018,4614971.96465018,0,False
2015-02-10,2015-02-09,2015-01-30,0.045237821829855536,0.35,,1.869292537694927,4133481.358572388,0.0,4754994.641427612,4754994.641427612,0,False
2015-02-11,2015-02-10,2015-01-30,0.045237821829855536,0.35,,1.8673290251158787,4133877.7197985523,0.0,4766216.280201448,4766216.280201448,0,False
2015-02-12,2015-02-11,2015-01-30,0.045237821829855536,0.35,,1.869707599161433,4134274.119031958,0.0,4753636.880968042,4753636.880968042,0,False
2015-02-13,2015-02-12,2015-01-30,0.045237821829855536,0.35,,1.8401289337052045,4134670.556276249,0.0,4921471.443723751,4921471.443723751,0,False
2015-02-16,2015-02-13,2015-01-30,0.045237821829855536,0.35,,1.836300886626918,4135859.982052712,0.0,4945421.017947288,4945421.017947288,0,False
2015-02-17,2015-02-16,2015-01-30,0.045237821829855536,0.35,,1.8312645884445788,4136256.571366059,0.0,4975860.428633941,4975860.428633941,0,False
2015-02-25,2015-02-17,2015-01-30,0.045237821829855536,0.35,,1.853121875662801,4139429.590105737,0.0,4852096.409894263,4852096.409894263,0,False
2015-02-26,2015-02-25,2015-01-30,0.045237821829855536,0.35,,1.8115757784920457,4139826.5217102678,0.0,5100973.478289733,5100973.478289733,0,False
2015-02-27,2015-02-26,2015-01-30,0.045237821829855536,0.35,,1.8112966935821775,4140223.491376733,0.0,5103217.508623267,5103217.508623267,0,False
2015-03-02,2015-02-27,2015-02-27,0.044319012490242005,0.3333333333333333,,1.790224658378197,4141414.5145728826,0.0,5240806.485427117,5240806.485427117,0,False
2015-03-03,2015-03-02,2015-02-27,0.044319012490242005,0.3333333333333333,,1.8404202802185607,4141811.636512636,0.0,4928262.363487364,4928262.363487364,0,False
2015-03-04,2015-03-03,2015-02-27,0.044319012490242005,0.3333333333333333,,1.8281995600528296,4142208.796532576,0.0,5001462.203467424,5001462.203467424,0,False
2015-03-05,2015-03-04,2015-02-27,0.044319012490242005,0.3333333333333333,,1.8622214690070693,4142605.994636353,0.0,4804573.005363647,4804573.005363647,0,False
2015-03-06,2015-03-05,2015-02-27,0.044319012490242005,0.3333333333333333,,1.8381042845816324,4143003.23082762,0.0,4943302.76917238,4943302.76917238,0,False
2015-03-09,2015-03-06,2015-02-27,0.044319012490242005,0.3333333333333333,,1.8171266529145815,4144195.053674844,0.0,5071667.946325156,5071667.946325156,0,False
2015-03-10,2015-03-09,2015-02-27,0.044319012490242005,0.3333333333333333,,1.8266395164164493,4144592.4422416347,0.0,5013784.557758365,5013784.557758365,0,False
2015-03-11,2015-03-10,2015-02-27,0.044319012490242005,0.3333333333333333,,1.840088123088625,4144989.8689141786,0.0,4933994.131085821,4933994.131085821,0,False
2015-03-12,2015-03-11,2015-02-27,0.044319012490242005,0.3333333333333333,,1.8109620875579213,4145387.3336961293,0.0,5111690.666303871,5111690.666303871,0,False
2015-03-13,2015-03-12,2015-02-27,0.044319012490242005,0.3333333333333333,,1.791920370465364,4145784.8365911413,0.0,5235103.163408859,5235103.163408859,0,False
2015-03-16,2015-03-13,2015-02-27,0.044319012490242005,0.3333333333333333,,1.77458572248881,4146977.459626325,0.0,5353800.5403736755,5353800.5403736755,0,False
2015-03-17,2015-03-16,2015-02-27,0.044319012490242005,0.3333333333333333,,1.7553146249810994,4147375.1149991658,0.0,5490923.885000834,5490923.885000834,0,False
2015-03-18,2015-03-17,2015-02-27,0.044319012490242005,0.3333333333333333,,1.7234025835632754,4147772.8085033437,0.0,5733699.191496656,5733699.191496656,0,False
2015-03-19,2015-03-18,2015-02-27,0.044319012490242005,0.3333333333333333,,1.7234863017539506,4148170.540142515,0.0,5733585.459857484,5733585.459857484,0,False
2015-03-20,2015-03-19,2015-02-27,0.044319012490242005,0.3333333333333333,,1.7324111308603736,4148568.309920337,0.0,5664261.690079663,5664261.690079663,0,False
2015-03-23,2015-03-20,2015-02-27,0.044319012490242005,0.3333333333333333,,1.7101786851572087,4149761.733680725,0.0,5843264.266319275,5843264.266319275,0,False
2015-03-24,2015-03-23,2015-02-27,0.044319012490242005,0.3333333333333333,,1.7329791391415306,4150159.6560387495,0.0,5662043.34396125,5662043.34396125,0,False
2015-03-25,2015-03-24,2015-02-27,0.044319012490242005,0.3333333333333333,,1.7466014105224237,4150557.616553712,0.0,5559268.383446287,5559268.383446287,0,False
2015-03-26,2015-03-25,2015-02-27,0.044319012490242005,0.3333333333333333,,1.6751640759131359,3865040.130129272,0.0,5724593.869870728,5724593.869870728,0,False
2015-03-27,2015-03-26,2015-02-27,0.044319012490242005,0.3333333333333333,,1.665963290545822,3884156.582355723,0.0,5832388.417644277,5832388.417644277,0,False
2015-03-30,2015-03-27,2015-02-27,0.044319012490242005,0.3333333333333333,,1.6660059412164079,4106372.111388455,0.0,6165668.888611545,6165668.888611545,0,False
2015-03-31,2015-03-30,2015-02-27,0.044319012490242005,0.3333333333333333,,1.665878240517763,4009179.558516888,873.1544191217204,6019578.595902234,6019578.595902234,0,False
2015-04-01,2015-03-31,2015-03-31,0.03267329322268325,0.18333333333333332,,1.6659124479490333,4116074.8568832404,0.0,6181105.143116759,6181105.143116759,0,False
2015-04-02,2015-04-01,2015-03-31,0.03267329322268325,0.18333333333333332,,1.6659925495586805,4226105.403762804,0.0,6345574.596237196,6345574.596237196,0,False
2015-04-03,2015-04-02,2015-03-31,0.03267329322268325,0.18333333333333332,,1.6659715711170109,4235135.393306727,0.0,6359333.606693273,6359333.606693273,0,False
2015-04-07,2015-04-03,2015-03-31,0.03267329322268325,0.18333333333333332,,1.6659437801762962,4431863.50926005,0.0,6655011.49073995,6655011.49073995,0,False
2015-04-08,2015-04-07,2015-03-31,0.03267329322268325,0.18333333333333332,,1.6659055697847243,4450661.069713267,0.0,6683621.930286733,6683621.930286733,0,False
2015-04-09,2015-04-08,2015-03-31,0.03267329322268325,0.18333333333333332,,1.6659399783456295,4324099.008942101,538.5873598205517,6492417.578417718,6492417.578417718,0,False
2015-04-10,2015-04-09,2015-03-31,0.03267329322268325,0.18333333333333332,,1.666020530354486,4442734.742563276,0.0,6670567.257436724,6670567.257436724,0,False
2015-04-13,2015-04-10,2015-03-31,0.03267329322268325,0.18333333333333332,,1.6659722307952745,4557481.439134014,0.0,6843350.560865986,6843350.560865986,0,False
2015-04-14,2015-04-13,2015-03-31,0.03267329322268325,0.18333333333333332,,1.6660194839802618,4525508.323037168,31.21380501780709,6794811.89076785,6794811.89076785,0,False
2015-04-15,2015-04-14,2015-03-31,0.03267329322268325,0.18333333333333332,,1.6837528605341323,4433079.723765044,0.0,6483453.276234956,6483453.276234956,0,False
2015-04-16,2015-04-15,2015-03-31,0.03267329322268325,0.18333333333333332,,1.665998235152765,4624035.042401569,0.0,6943013.957598431,6943013.957598431,0,False
2015-04-17,2015-04-16,2015-03-31,0.03267329322268325,0.18333333333333332,,1.6658764479208075,4862857.846452073,0.0,7302943.153547927,7302943.153547927,0,False
2015-04-20,2015-04-17,2015-03-31,0.03267329322268325,0.18333333333333332,,1.6805957446729682,4864256.750764066,0.0,7147057.249235934,7147057.249235934,0,False
2015-04-21,2015-04-20,2015-03-31,0.03267329322268325,0.18333333333333332,,1.6659814133970776,5053454.186802907,0.0,7587980.813197093,7587980.813197093,0,False
2015-04-22,2015-04-21,2015-03-31,0.03267329322268325,0.18333333333333332,,1.6658693495461785,5191638.095381641,0.0,7796781.904618359,7796781.904618359,0,False
2015-04-23,2015-04-22,2015-03-31,0.03267329322268325,0.18333333333333332,,1.6684546424046414,5192135.923692157,0.0,7767372.076307843,7767372.076307843,0,False
2015-04-24,2015-04-23,2015-03-31,0.03267329322268325,0.18333333333333332,,1.6997536148545707,5192633.799739634,0.0,7420660.200260366,7420660.200260366,0,False
2015-04-27,2015-04-24,2015-03-31,0.03267329322268325,0.18333333333333332,,1.6659728574566748,5282344.518336683,0.0,7931771.481663317,7931771.481663317,0,False
2015-04-28,2015-04-27,2015-03-31,0.03267329322268325,0.18333333333333332,,1.6918090505167165,5282851.044523372,0.0,7636284.955476628,7636284.955476628,0,False
2015-04-29,2015-04-28,2015-03-31,0.03267329322268325,0.18333333333333332,,1.70043165209468,5283357.619281067,0.0,7543002.380718933,7543002.380718933,0,False
2015-04-30,2015-04-29,2015-03-31,0.03267329322268325,0.18333333333333332,,1.6659237749894273,4888072.872418795,1386.1682943725827,7338207.295875579,7338207.295875579,0,False
2015-05-04,2015-04-30,2015-04-30,0.02681063088057902,0.06666666666666667,1.0,0.9999097425940144,0.0,677.5664594443515,7507045.566459444,7507045.566459444,9,False
2015-05-05,2015-05-04,2015-04-30,0.02681063088057902,0.06666666666666667,1.0,0.9999046058530635,0.0,677.5664594443515,7102809.566459444,7102809.566459444,0,False
2015-05-06,2015-05-05,2015-04-30,0.02681063088057902,0.06666666666666667,1.0,0.9998748473729098,0.0,864.0502394443502,6903972.050239444,6903972.050239444,0,False
2015-05-07,2015-05-06,2015-04-30,0.02681063088057902,0.06666666666666667,1.0,0.9998739131135127,0.0,864.0502394443502,6852816.050239444,6852816.050239444,0,False
2015-05-08,2015-05-07,2015-04-30,0.02681063088057902,0.06666666666666667,1.0,0.9998758073157304,0.0,864.0502394443502,6957336.050239444,6957336.050239444,0,False
2015-05-11,2015-05-08,2015-04-30,0.02681063088057902,0.06666666666666667,1.0,0.999879434907232,0.0,864.0502394443502,7166670.050239444,7166670.050239444,0,False
2015-05-12,2015-05-11,2015-04-30,0.02681063088057902,0.06666666666666667,1.0,0.9998787259450823,0.0,864.0502394443502,7124774.050239444,7124774.050239444,0,False
2015-05-13,2015-05-12,2015-04-30,0.02681063088057902,0.06666666666666667,1.0,0.9998773886734318,0.0,864.0502394443502,7047067.050239444,7047067.050239444,0,False
2015-05-14,2015-05-13,2015-04-30,0.02681063088057902,0.06666666666666667,1.0,0.9998769329962962,0.0,864.0502394443502,7020974.050239444,7020974.050239444,0,False
2015-05-15,2015-05-14,2015-04-30,0.02681063088057902,0.06666666666666667,1.0,0.9998738216027192,0.0,864.0502394443502,6847846.050239444,6847846.050239444,0,False
2015-05-18,2015-05-15,2015-04-30,0.02681063088057902,0.06666666666666667,1.0,0.9998724061511671,0.0,864.0502394443502,6771880.050239444,6771880.050239444,0,False
2015-05-19,2015-05-18,2015-04-30,0.02681063088057902,0.06666666666666667,1.0,0.9998761792051019,0.0,864.0502394443502,6978232.050239444,6978232.050239444,0,False
2015-05-20,2015-05-19,2015-04-30,0.02681063088057902,0.06666666666666667,1.0,0.9998763673232028,0.0,864.0502394443502,6988850.050239444,6988850.050239444,0,False
2015-05-21,2015-05-20,2015-04-30,0.02681063088057902,0.06666666666666667,1.0,0.9998794233150511,0.0,864.0502394443502,7165981.050239444,7165981.050239444,0,False
2015-05-22,2015-05-21,2015-04-30,0.02681063088057902,0.06666666666666667,1.0,0.9998822905802068,0.0,864.0502394443502,7340536.050239444,7340536.050239444,0,False
2015-05-25,2015-05-22,2015-04-30,0.02681063088057902,0.06666666666666667,1.0,0.9998849182196148,0.0,864.0502394443502,7508141.050239444,7508141.050239444,0,False
2015-05-26,2015-05-25,2015-04-30,0.02681063088057902,0.06666666666666667,1.0,0.999886736407061,0.0,864.0502394443502,7628667.050239444,7628667.050239444,0,False
2015-05-27,2015-05-26,2015-04-30,0.02681063088057902,0.06666666666666667,1.0,0.9998879257912363,0.0,864.0502394443502,7709626.050239444,7709626.050239444,0,False
2015-05-28,2015-05-27,2015-04-30,0.02681063088057902,0.06666666666666667,1.0,0.9997723378371132,0.0,1642.930129444343,7216526.930129444,7216526.930129444,0,False
2015-05-29,2015-05-28,2015-04-30,0.02681063088057902,0.06666666666666667,1.0,0.9997739360514211,0.0,1642.930129444343,7267545.930129444,7267545.930129444,0,False
2015-06-01,2015-05-29,2015-05-29,0.025245510403916767,0.0,1.0,0.9997885847179222,0.0,1642.930129444343,7771103.930129444,7771103.930129444,0,False
2015-06-02,2015-06-01,2015-05-29,0.025245510403916767,0.0,1.0,0.9997895220648481,0.0,1642.930129444343,7805711.930129444,7805711.930129444,0,False
2015-06-03,2015-06-02,2015-05-29,0.025245510403916767,0.0,1.0,0.9997876231729022,0.0,1642.930129444343,7735919.930129444,7735919.930129444,0,False
2015-06-04,2015-06-03,2015-05-29,0.025245510403916767,0.0,1.0,0.99978826230657,0.0,1642.930129444343,7759270.930129444,7759270.930129444,0,False
2015-06-05,2015-06-04,2015-05-29,0.025245510403916767,0.0,1.0,0.9997916695279193,0.0,1642.930129444343,7886172.930129444,7886172.930129444,0,False
2015-06-08,2015-06-05,2015-05-29,0.025245510403916767,0.0,1.0,0.9997959837585116,0.0,1642.930129444343,8052937.930129444,8052937.930129444,0,False
2015-06-09,2015-06-08,2015-05-29,0.025245510403916767,0.0,1.0,0.9998047569848293,0.0,1642.930129444343,8414795.930129444,8414795.930129444,0,False
2015-06-10,2015-06-09,2015-05-29,0.025245510403916767,0.0,1.0,0.9997771247919064,0.0,1854.8222694442957,8322245.822269444,8322245.822269444,0,False
2015-06-11,2015-06-10,2015-05-29,0.025245510403916767,0.0,1.0,0.9997741475188628,0.0,1854.8222694442957,8212538.822269443,8212538.822269443,0,False
2015-06-12,2015-06-11,2015-05-29,0.025245510403916767,0.0,1.0,0.9997799038142631,0.0,1854.8222694442957,8427325.822269443,8427325.822269443,0,False
2015-06-15,2015-06-12,2015-05-29,0.025245510403916767,0.0,1.0,0.9997356806886637,0.0,2202.2541194442892,8331794.254119445,8331794.254119445,0,False
2015-06-16,2015-06-15,2015-05-29,0.025245510403916767,0.0,1.0,0.9997663669113105,0.0,1877.3861094442545,8035617.386109444,8035617.386109444,0,False
2015-06-17,2015-06-16,2015-05-29,0.025245510403916767,0.0,1.0,0.9997706168952438,0.0,1877.3861094442545,8184500.386109444,8184500.386109444,0,False
2015-06-18,2015-06-17,2015-05-29,0.025245510403916767,0.0,1.0,0.999719530614273,0.0,2164.141029444254,7716139.941029443,7716139.941029443,0,False
2015-06-19,2015-06-18,2015-05-29,0.025245510403916767,0.0,1.0,0.9997158684760264,0.0,2054.6829894442562,7231450.282989444,7231450.282989444,0,False
2015-06-23,2015-06-19,2015-05-29,0.025245510403916767,0.0,1.0,0.9998719013554356,0.0,964.2612994442561,7527490.261299444,7527490.261299444,0,False
2015-06-24,2015-06-23,2015-05-29,0.025245510403916767,0.0,1.0,0.9998769223103535,0.0,964.2612994442561,7834574.261299444,7834574.261299444,0,False
2015-06-25,2015-06-24,2015-05-29,0.025245510403916767,0.0,1.0,0.9998715514117137,0.0,964.2612994442561,7506982.461299445,7506982.461299445,0,False
2015-06-26,2015-06-25,2015-05-29,0.025245510403916767,0.0,1.0,0.9997621154026017,0.0,1648.9655894443217,6931787.965589444,6931787.965589444,0,False
2015-06-29,2015-06-26,2015-05-29,0.025245510403916767,0.0,1.0,0.9997618553181172,0.0,1648.9655894443217,6924217.565589445,6924217.565589445,0,False
2015-06-30,2015-06-29,2015-05-29,0.025245510403916767,0.0,1.0,0.9997756684156601,0.0,1648.9655894443217,7350572.565589445,7350572.565589445,0,False
2015-07-01,2015-06-30,2015-06-30,0.026097246430788333,0.05,1.0,0.9997642034294548,0.0,1648.9655894443217,6993170.365589444,6993170.365589444,0,False
2015-07-02,2015-07-01,2015-06-30,0.026097246430788333,0.05,1.0,0.9997509521712449,0.0,1648.9655894443217,6621079.965589444,6621079.965589444,0,False
2015-07-03,2015-07-02,2015-06-30,0.026097246430788333,0.05,1.0,0.9999326916726096,0.0,417.6799194443629,6205471.679919445,6205471.679919445,0,False
2015-07-06,2015-07-03,2015-06-30,0.026097246430788333,0.05,1.0,0.9999366162416485,0.0,417.6799194443629,6589699.479919444,6589699.479919444,0,False
2015-07-07,2015-07-06,2015-06-30,0.026097246430788333,0.05,1.0,0.9999395598182376,0.0,417.6799194443629,6910633.079919444,6910633.079919444,0,False
2015-07-08,2015-07-07,2015-06-30,0.026097246430788333,0.05,1.0,0.9998022205406426,0.0,1277.6733594443504,6460091.273359444,6460091.273359444,0,False
2015-07-09,2015-07-08,2015-06-30,0.026097246430788333,0.05,1.0,0.9998201807959931,0.0,1277.6733594443504,7105322.073359445,7105322.073359445,0,False
2015-07-10,2015-07-09,2015-06-30,0.026097246430788333,0.05,1.0,0.9998324520681025,0.0,1277.6733594443504,7625718.473359444,7625718.473359444,0,False
2015-07-13,2015-07-10,2015-06-30,0.026097246430788333,0.05,1.0,0.9998314438369256,0.0,1277.6733594443504,7580104.673359444,7580104.673359444,0,False
2015-07-14,2015-07-13,2015-06-30,0.026097246430788333,0.05,1.0,0.999819587903147,0.0,1277.6733594443504,7081971.673359444,7081971.673359444,0,False
2015-07-15,2015-07-14,2015-06-30,0.026097246430788333,0.05,1.0,0.9998149232661,0.0,1277.6733594443504,6903479.073359445,6903479.073359445,0,False
2015-07-16,2015-07-15,2015-06-30,0.026097246430788333,0.05,1.0,0.9998166637428688,0.0,1277.6733594443504,6969016.273359444,6969016.273359444,0,False
2015-07-17,2015-07-16,2015-06-30,0.026097246430788333,0.05,1.0,0.9998218112954426,0.0,1277.6733594443504,7170338.673359444,7170338.673359444,0,False
2015-07-20,2015-07-17,2015-06-30,0.026097246430788333,0.05,1.0,0.9998162855751609,0.0,1277.6733594443504,6954670.873359445,6954670.873359445,0,False
2015-07-21,2015-07-20,2015-06-30,0.026097246430788333,0.05,1.0,0.9998149676407654,0.0,1277.6733594443504,6905134.673359444,6905134.673359444,0,False
2015-07-22,2015-07-21,2015-06-30,0.026097246430788333,0.05,1.0,0.9998127026208364,0.0,1277.6733594443504,6821629.673359444,6821629.673359444,0,False
2015-07-23,2015-07-22,2015-06-30,0.026097246430788333,0.05,1.0,0.9998164866393279,0.0,1277.6733594443504,6962290.673359444,6962290.673359444,0,False
2015-07-24,2015-07-23,2015-06-30,0.026097246430788333,0.05,1.0,0.9998142553150491,0.0,1277.6733594443504,6878653.673359444,6878653.673359444,0,False
2015-07-27,2015-07-24,2015-06-30,0.026097246430788333,0.05,1.0,0.9997936082409321,0.0,1277.6733594443504,6190525.073359445,6190525.073359445,0,False
2015-07-28,2015-07-27,2015-06-30,0.026097246430788333,0.05,1.0,0.9997897956406382,0.0,1277.6733594443504,6078243.873359445,6078243.873359445,0,False
2015-07-29,2015-07-28,2015-06-30,0.026097246430788333,0.05,1.0,0.9997968002610436,0.0,1277.6733594443504,6287770.673359444,6287770.673359444,0,False
2015-07-30,2015-07-29,2015-06-30,0.026097246430788333,0.05,1.0,0.9997893415474437,0.0,1277.6733594443504,6065141.673359444,6065141.673359444,0,False
2015-07-31,2015-07-30,2015-06-30,0.026097246430788333,0.05,1.0,0.999792045151055,0.0,1277.6733594443504,6143994.073359445,6143994.073359445,0,False
2015-08-03,2015-07-31,2015-07-31,0.0376069001447178,0.2833333333333333,,0.9997990330823737,0.0,1277.6733594443504,6357630.273359444,6357630.273359444,0,False
2015-08-04,2015-08-03,2015-07-31,0.0376069001447178,0.2833333333333333,,0.9998045822427966,0.0,1277.6733594443504,6538164.073359445,6538164.073359445,0,False
2015-08-05,2015-08-04,2015-07-31,0.0376069001447178,0.2833333333333333,,0.9998022067136788,0.0,1277.6733594443504,6459639.673359444,6459639.673359444,0,False
2015-08-06,2015-08-05,2015-07-31,0.0376069001447178,0.2833333333333333,,0.9998007206422527,0.0,1277.6733594443504,6411468.673359444,6411468.673359444,0,False
2015-08-07,2015-08-06,2015-07-31,0.0376069001447178,0.2833333333333333,,0.999802546243043,0.0,1277.6733594443504,6470747.273359444,6470747.273359444,0,False
2015-08-10,2015-08-07,2015-07-31,0.0376069001447178,0.2833333333333333,,0.9998134281136306,0.0,1277.6733594443504,6848155.873359445,6848155.873359445,0,False
2015-08-11,2015-08-10,2015-07-31,0.0376069001447178,0.2833333333333333,,0.9998148569539275,0.0,1277.6733594443504,6901006.473359444,6901006.473359444,0,False
2015-08-12,2015-08-11,2015-07-31,0.0376069001447178,0.2833333333333333,,0.9998186380101638,0.0,1277.6733594443504,7044879.473359444,7044879.473359444,0,False
2015-08-13,2015-08-12,2015-07-31,0.0376069001447178,0.2833333333333333,,0.99981778942977,0.0,1277.6733594443504,7012070.473359444,7012070.473359444,0,False
2015-08-14,2015-08-13,2015-07-31,0.0376069001447178,0.2833333333333333,,0.9998168150481862,0.0,1277.6733594443504,6974772.473359444,6974772.473359444,0,False
2015-08-17,2015-08-14,2015-07-31,0.0376069001447178,0.2833333333333333,,0.9998133358794492,0.0,1277.6733594443504,6844772.073359445,6844772.073359445,0,False
2015-08-18,2015-08-17,2015-07-31,0.0376069001447178,0.2833333333333333,,0.9997980253807218,0.0,1277.6733594443504,6325910.473359444,6325910.473359444,0,False
2015-08-19,2015-08-18,2015-07-31,0.0376069001447178,0.2833333333333333,,0.999799682510498,0.0,1277.6733594443504,6378241.673359444,6378241.673359444,0,False
2015-08-20,2015-08-19,2015-07-31,0.0376069001447178,0.2833333333333333,,0.9997916116390815,0.0,1277.6733594443504,6131212.673359444,6131212.673359444,0,False
2015-08-21,2015-08-20,2015-07-31,0.0376069001447178,0.2833333333333333,,0.9997872375106319,0.0,1277.6733594443504,6005162.673359444,6005162.673359444,0,False
2015-08-24,2015-08-21,2015-07-31,0.0376069001447178,0.2833333333333333,,0.5843548996564636,0.0,2248753.082699444,5410272.082699444,5410272.082699444,0,False
2015-08-25,2015-08-24,2015-07-31,0.0376069001447178,0.2833333333333333,,0.5597274030992124,0.0,2248753.082699444,5107638.082699444,5107638.082699444,0,False
2015-08-26,2015-08-25,2015-07-31,0.0376069001447178,0.2833333333333333,,0.5615949623613402,0.0,2248753.082699444,5129396.082699444,5129396.082699444,0,False
2015-08-27,2015-08-26,2015-07-31,0.0376069001447178,0.2833333333333333,,0.5711858143526942,0.0,2248753.082699444,5244120.082699444,5244120.082699444,0,False
2015-08-28,2015-08-27,2015-07-31,0.0376069001447178,0.2833333333333333,,0.5842028838829298,0.0,2248753.082699444,5408294.082699444,5408294.082699444,0,False
2015-08-31,2015-08-28,2015-07-31,0.0376069001447178,0.2833333333333333,,0.5873720421885773,0.0,2248753.082699444,5449832.082699444,5449832.082699444,0,False
2015-09-01,2015-08-31,2015-08-31,0.0522911993156544,0.38333333333333336,,0.5941479692291561,0.0,2248753.082699444,5540820.082699444,5540820.082699444,0,False
2015-09-02,2015-09-01,2015-08-31,0.0522911993156544,0.38333333333333336,,0.6026587066278752,0.0,2248753.082699444,5659500.082699444,5659500.082699444,0,False
2015-09-07,2015-09-02,2015-08-31,0.0522911993156544,0.38333333333333336,,0.5838985185071542,0.0,2248753.082699444,5404338.082699444,5404338.082699444,0,False
2015-09-08,2015-09-07,2015-08-31,0.0522911993156544,0.38333333333333336,,0.5840507568738725,0.0,2248753.082699444,5406316.082699444,5406316.082699444,0,False
2015-09-09,2015-09-08,2015-08-31,0.0522911993156544,0.38333333333333336,,0.5881194960774275,0.0,2248753.082699444,5459722.082699444,5459722.082699444,0,False
2015-09-10,2015-09-09,2015-08-31,0.0522911993156544,0.38333333333333336,,0.589012874007183,0.0,2248753.082699444,5471590.082699444,5471590.082699444,0,False
2015-09-11,2015-09-10,2015-08-31,0.0522911993156544,0.38333333333333336,,0.5851133142536061,0.0,2248753.082699444,5420162.082699444,5420162.082699444,0,False
2015-09-14,2015-09-11,2015-08-31,0.0522911993156544,0.38333333333333336,,0.5918165109125479,0.0,2248753.082699444,5509172.082699444,5509172.082699444,0,False
2015-09-15,2015-09-14,2015-08-31,0.0522911993156544,0.38333333333333336,,0.583288449014657,0.0,2248753.082699444,5396426.082699444,5396426.082699444,0,False
2015-09-16,2015-09-15,2015-08-31,0.0522911993156544,0.38333333333333336,,0.5931312416067772,0.0,2248753.082699444,5526974.082699444,5526974.082699444,0,False
2015-09-17,2015-09-16,2015-08-31,0.0522911993156544,0.38333333333333336,,0.5837461686604588,0.0,2248753.082699444,5402360.082699444,5402360.082699444,0,False
2015-09-18,2015-09-17,2015-08-31,0.0522911993156544,0.38333333333333336,,0.582829721628435,0.0,2248753.082699444,5390492.082699444,5390492.082699444,0,False
2015-09-21,2015-09-18,2015-08-31,0.0522911993156544,0.38333333333333336,,0.5846585979846174,0.0,2248753.082699444,5414228.082699444,5414228.082699444,0,False
2015-09-22,2015-09-21,2015-08-31,0.0522911993156544,0.38333333333333336,,0.5875217499165007,0.0,2248753.082699444,5451810.082699444,5451810.082699444,0,False
2015-09-23,2015-09-22,2015-08-31,0.0522911993156544,0.38333333333333336,,0.5781862817237843,0.0,2248753.082699444,5331152.082699444,5331152.082699444,0,False
2015-09-24,2015-09-23,2015-08-31,0.0522911993156544,0.38333333333333336,,0.579590131466492,0.0,2248753.082699444,5348954.082699444,5348954.082699444,0,False
2015-09-25,2015-09-24,2015-08-31,0.0522911993156544,0.38333333333333336,,0.5780297194644543,0.0,2248753.082699444,5329174.082699444,5329174.082699444,0,False
2015-09-28,2015-09-25,2015-08-31,0.0522911993156544,0.38333333333333336,,0.5769305209929033,0.0,2248753.082699444,5315328.082699444,5315328.082699444,0,False
2015-09-29,2015-09-28,2015-08-31,0.0522911993156544,0.38333333333333336,,0.5698879621334718,0.0,2248753.082699444,5228296.082699444,5228296.082699444,0,False
2015-09-30,2015-09-29,2015-08-31,0.0522911993156544,0.38333333333333336,,0.571024011325262,0.0,2248753.082699444,5242142.082699444,5242142.082699444,0,False
2015-10-08,2015-09-30,2015-09-30,0.05676455971479501,0.45,,0.5803660177463745,0.0,2248753.082699444,5358844.082699444,5358844.082699444,0,False
2015-10-09,2015-10-08,2015-09-30,0.05676455971479501,0.45,,0.5820629275058292,0.0,2248753.082699444,5380602.082699444,5380602.082699444,0,False
2015-10-12,2015-10-09,2015-09-30,0.05676455971479501,0.45,,0.5901980333889425,0.0,2248753.082699444,5487414.082699444,5487414.082699444,0,False
2015-10-13,2015-10-12,2015-09-30,0.05676455971479501,0.45,,0.5875217499165007,0.0,2248753.082699444,5451810.082699444,5451810.082699444,0,False
2015-10-14,2015-10-13,2015-09-30,0.05676455971479501,0.45,,0.5861704567832857,0.0,2248753.082699444,5434008.082699444,5434008.082699444,0,False
2015-10-15,2015-10-14,2015-09-30,0.05676455971479501,0.45,,0.5891613936789823,0.0,2248753.082699444,5473568.082699444,5473568.082699444,0,False
2015-10-16,2015-10-15,2015-09-30,0.05676455971479501,0.45,,0.5910824269637039,0.0,2248753.082699444,5499282.082699444,5499282.082699444,0,False
2015-10-19,2015-10-16,2015-09-30,0.05676455971479501,0.45,,0.5885666700073813,0.0,2248753.082699444,5465656.082699444,5465656.082699444,0,False
2015-10-20,2015-10-19,2015-09-30,0.05676455971479501,0.45,,0.588715512288049,0.0,2248753.082699444,5467634.082699444,5467634.082699444,0,False
2015-10-21,2015-10-20,2015-09-30,0.05676455971479501,0.45,,0.5863210375287162,0.0,2248753.082699444,5435986.082699444,5435986.082699444,0,False
2015-10-22,2015-10-21,2015-09-30,0.05676455971479501,0.45,,0.5849618528318676,0.0,2248753.082699444,5418184.082699444,5418184.082699444,0,False
2015-10-23,2015-10-22,2015-09-30,0.05676455971479501,0.45,,0.5855670359635974,0.0,2248753.082699444,5426096.082699444,5426096.082699444,0,False
2015-10-26,2015-10-23,2015-09-30,0.05676455971479501,0.45,,0.5896063093397695,0.0,2248753.082699444,5479502.082699444,5479502.082699444,0,False
2015-10-27,2015-10-26,2015-09-30,0.05676455971479501,0.45,,0.5857180560842469,0.0,2248753.082699444,5428074.082699444,5428074.082699444,0,False
2015-10-28,2015-10-27,2015-09-30,0.05676455971479501,0.45,,0.6297175379134713,0.0,1993797.040619444,5384530.040619444,5384530.040619444,0,False
2015-10-29,2015-10-28,2015-09-30,0.05676455971479501,0.45,,0.6775859528462063,0.0,1738168.9246194442,5391107.924619444,5391107.924619444,0,False
2015-10-30,2015-10-29,2015-09-30,0.05676455971479501,0.45,,0.773778322897457,0.0,1214222.2968294441,5367400.296829444,5367400.296829444,0,False
2015-11-02,2015-10-30,2015-10-30,0.049785852090032154,0.31666666666666665,,0.8684522099844683,0.0,695753.2715094441,5288977.271509444,5288977.271509444,0,False
2015-11-03,2015-11-02,2015-10-30,0.049785852090032154,0.31666666666666665,,0.9659002593176346,0.0,180064.55198944412,5280525.551989444,5280525.551989444,0,False
2015-11-04,2015-11-03,2015-10-30,0.049785852090032154,0.31666666666666665,,1.0641170471699601,349821.7290905559,0.0,5455986.270909444,5455986.270909444,0,False
2015-11-05,2015-11-04,2015-10-30,0.049785852090032154,0.31666666666666665,,1.2091490058045338,1166417.0855599206,0.0,5576966.91444008,5576966.91444008,0,False
2015-11-06,2015-11-05,2015-10-30,0.049785852090032154,0.31666666666666665,,1.4033908257392633,2271919.5133636044,0.0,5632055.486636396,5632055.486636396,0,False
2015-11-09,2015-11-06,2015-10-30,0.049785852090032154,0.31666666666666665,,1.4920713264422365,2849814.5688310107,0.0,5791466.431168989,5791466.431168989,0,False
2015-11-10,2015-11-09,2015-10-30,0.049785852090032154,0.31666666666666665,,1.5917752198884094,3429317.5469811726,0.0,5794966.453018827,5794966.453018827,0,False
2015-11-11,2015-11-10,2015-10-30,0.049785852090032154,0.31666666666666665,,1.6659751401678176,3829537.321270061,0.0,5750270.678729938,5750270.678729938,0,False
2015-11-12,2015-11-11,2015-10-30,0.049785852090032154,0.31666666666666665,,1.6749732559012422,3829904.5371775804,0.0,5674157.46282242,5674157.46282242,0,False
2015-11-13,2015-11-12,2015-10-30,0.049785852090032154,0.31666666666666665,,1.6659577305984612,3732091.646993809,300.4229562251074,5603645.775962416,5603645.775962416,0,False
2015-11-16,2015-11-13,2015-10-30,0.049785852090032154,0.31666666666666665,,1.6659952724102232,3756423.0749728833,0.0,5640314.925027117,5640314.925027117,0,False
2015-11-17,2015-11-16,2015-10-30,0.049785852090032154,0.31666666666666665,,1.668751444943419,3756783.279925278,0.0,5617607.720074723,5617607.720074723,0,False
2015-11-18,2015-11-17,2015-10-30,0.049785852090032154,0.31666666666666665,,1.675793432488548,3757143.5194178736,0.0,5559603.480582126,5559603.480582126,0,False
2015-11-19,2015-11-18,2015-10-30,0.049785852090032154,0.31666666666666665,,1.6660061406792,3788452.8320039827,0.0,5688315.167996017,5688315.167996017,0,False
2015-11-20,2015-11-19,2015-10-30,0.049785852090032154,0.31666666666666665,,1.6660077076133442,3724438.427870241,85.38980729895411,5592056.961937058,5592056.961937058,0,False
2015-11-23,2015-11-20,2015-10-30,0.049785852090032154,0.31666666666666665,,1.666020447999109,3612305.111063064,6.450845803158529,5423705.33978274,5423705.33978274,0,False
2015-11-24,2015-11-23,2015-10-30,0.049785852090032154,0.31666666666666665,,1.6686774759149832,3612645.0456388695,0.0,5402671.9543611305,5402671.9543611305,0,False
2015-11-25,2015-11-24,2015-10-30,0.049785852090032154,0.31666666666666665,,1.6659757340284396,3630389.3388469447,0.0,5451233.661153056,5451233.661153056,0,False
2015-11-26,2015-11-25,2015-10-30,0.049785852090032154,0.31666666666666665,,1.6660099155342725,3669228.6682825875,0.0,5509270.331717413,5509270.331717413,0,False
2015-11-27,2015-11-26,2015-10-30,0.049785852090032154,0.31666666666666665,,1.6660263566837594,3355450.1829230916,24.90299560058145,5037976.72007251,5037976.72007251,0,False
2015-11-30,2015-11-27,2015-10-30,0.049785852090032154,0.31666666666666665,,1.665928921037821,3413303.9541884684,0.0,5125628.045811532,5125628.045811532,0,False
2015-12-01,2015-11-30,2015-11-30,0.05017617727639001,0.31666666666666665,,1.665926768918816,3437946.5003573634,0.0,5162649.499642637,5162649.499642637,0,False
2015-12-02,2015-12-01,2015-11-30,0.05017617727639001,0.31666666666666665,,1.6659638114912856,3606479.0430601374,0.0,5415427.956939863,5415427.956939863,0,False
2015-12-03,2015-12-02,2015-11-30,0.05017617727639001,0.31666666666666665,,1.6659436523457125,3649422.295637691,0.0,5480076.704362309,5480076.704362309,0,False
2015-12-04,2015-12-03,2015-11-30,0.05017617727639001,0.31666666666666665,,1.6830899985734447,3649772.2402413823,0.0,5343032.759758618,5343032.759758618,0,False
2015-12-07,2015-12-04,2015-11-30,0.05017617727639001,0.31666666666666665,,1.6829655305522095,3650822.174721452,0.0,5345543.8252785485,5345543.8252785485,0,False
2015-12-08,2015-12-07,2015-11-30,0.05017617727639001,0.31666666666666665,,1.7131119557068977,3651172.253560124,0.0,5120054.746439876,5120054.746439876,0,False
2015-12-09,2015-12-08,2015-11-30,0.05017617727639001,0.31666666666666665,,1.6791477208312526,3651522.3659679997,0.0,5376624.634032,5376624.634032,0,False
2015-12-10,2015-12-09,2015-11-30,0.05017617727639001,0.31666666666666665,,1.6864688488661137,3651872.511948298,0.0,5319793.488051701,5319793.488051701,0,False
2015-12-11,2015-12-10,2015-11-30,0.05017617727639001,0.31666666666666665,,1.6948461380831537,3652222.6915042386,0.0,5256160.308495762,5256160.308495762,0,False
2015-12-14,2015-12-11,2015-11-30,0.05017617727639001,0.31666666666666665,,1.6772345825756347,3653273.330908644,0.0,5394398.669091356,5394398.669091356,0,False
2015-12-15,2015-12-14,2015-11-30,0.05017617727639001,0.31666666666666665,,1.6781889123227036,3653623.64478969,0.0,5387324.35521031,5387324.35521031,0,False
2015-12-16,2015-12-15,2015-11-30,0.05017617727639001,0.31666666666666665,,1.6804514600382705,3653973.992262478,0.0,5369926.007737522,5369926.007737522,0,False
2015-12-17,2015-12-16,2015-11-30,0.05017617727639001,0.31666666666666665,,1.665973461787233,3674461.574600229,0.0,5517429.425399771,5517429.425399771,0,False
2015-12-18,2015-12-17,2015-11-30,0.05017617727639001,0.31666666666666665,,1.6659674042817783,3654527.867126374,312.01195570364223,5487079.144829331,5487079.144829331,0,False
2015-12-21,2015-12-18,2015-11-30,0.05017617727639001,0.31666666666666665,,1.6659925136203464,3774702.227377789,0.0,5667784.772622211,5667784.772622211,0,False
2015-12-22,2015-12-21,2015-11-30,0.05017617727639001,0.31666666666666665,,1.6688946786047114,3775064.1851256196,0.0,5643734.814874381,5643734.814874381,0,False
2015-12-23,2015-12-22,2015-11-30,0.05017617727639001,0.31666666666666665,,1.6729185409707228,3775426.1775817275,0.0,5610524.8224182725,5610524.8224182725,0,False
2015-12-24,2015-12-23,2015-11-30,0.05017617727639001,0.31666666666666665,,1.665977887904537,3844450.756799441,0.0,5772640.243200559,5772640.243200559,0,False
2015-12-25,2015-12-24,2015-11-30,0.05017617727639001,0.31666666666666665,,1.6659532188806223,3919452.6115124216,0.0,5885477.388487578,5885477.388487578,0,False
2015-12-28,2015-12-25,2015-11-30,0.05017617727639001,0.31666666666666665,,1.6940106911785915,3920580.125277377,0.0,5649163.874722622,5649163.874722622,0,False
2015-12-29,2015-12-28,2015-11-30,0.05017617727639001,0.31666666666666665,,1.6660210570147738,3765302.8805030193,8.020906231769914,5653417.140403213,5653417.140403213,0,False
2015-12-30,2015-12-29,2015-11-30,0.05017617727639001,0.31666666666666665,,1.6680624984601062,3765655.9160373835,0.0,5636682.0839626165,5636682.0839626165,0,False
2015-12-31,2015-12-30,2015-11-30,0.05017617727639001,0.31666666666666665,,1.6753980832494224,3766017.006330702,0.0,5575995.993669298,5575995.993669298,0,False
2016-01-04,2015-12-31,2015-12-31,0.04865195080707148,0.2833333333333333,,1.5258987230742485,3297400.295001094,694305.5890767309,4949802.294075637,4949802.294075637,0,False
2016-01-05,2016-01-04,2015-12-31,0.04865195080707148,0.2833333333333333,,1.6654039825732305,3280078.707934165,2984.715950417798,4924969.008016253,4924969.008016253,0,False
2016-01-06,2016-01-05,2015-12-31,0.04865195080707148,0.2833333333333333,,1.6657679062072848,3545752.823979028,0.0,5325809.176020972,5325809.176020972,0,False
2016-01-07,2016-01-06,2015-12-31,0.04865195080707148,0.2833333333333333,,1.690330089086837,3139780.8292744784,0.0,4548231.170725522,4548231.170725522,0,False
2016-01-08,2016-01-07,2015-12-31,0.04865195080707148,0.2833333333333333,,1.6659223764647562,3269562.9987685187,0.0,4909826.001231481,4909826.001231481,0,False
2016-01-11,2016-01-08,2015-12-31,0.04865195080707148,0.2833333333333333,,1.1480674984849994,2894982.41438043,2251618.3361230874,4345072.921742657,4345072.921742657,0,False
2016-01-12,2016-01-11,2015-12-31,0.04865195080707148,0.2833333333333333,,1.0581681662541393,2866005.339579023,2615703.5764682465,4303071.236889223,4303071.236889223,0,False
2016-01-13,2016-01-12,2015-12-31,0.04865195080707148,0.2833333333333333,,1.0589534064791304,2830777.9980299603,2580201.412489361,4250417.414459401,4250417.414459401,0,False
2016-01-14,2016-01-13,2015-12-31,0.04865195080707148,0.2833333333333333,,1.1079940218202766,2831049.442495525,2365304.776459361,4312689.333963836,4312689.333963836,0,False
2016-01-15,2016-01-14,2015-12-31,0.04865195080707148,0.2833333333333333,,1.1120228172053386,2770567.235070587,2304551.0985399373,4160010.86346935,4160010.86346935,0,False
2016-01-18,2016-01-15,2015-12-31,0.04865195080707148,0.2833333333333333,,1.1634276811546345,2736622.5387507286,2065094.8736077982,4109020.33485707,4109020.33485707,0,False
2016-01-19,2016-01-18,2015-12-31,0.04865195080707148,0.2833333333333333,,1.158864298345608,2736884.954610609,2065094.8736077982,4228703.918997189,4228703.918997189,0,False
2016-01-20,2016-01-19,2015-12-31,0.04865195080707148,0.2833333333333333,,1.1625896094748054,2737147.3956336537,2065094.8736077982,4133428.4779741447,4133428.4779741447,0,False
2016-01-21,2016-01-20,2015-12-31,0.04865195080707148,0.2833333333333333,,1.165432488480459,2706613.3518491583,2034298.3636346806,4063984.011785522,4063984.011785522,0,False
2016-01-22,2016-01-21,2015-12-31,0.04865195080707148,0.2833333333333333,,1.2110260131675838,2706872.890115774,1825675.4176346806,4175776.527518907,4175776.527518907,0,False
2016-01-25,2016-01-22,2015-12-31,0.04865195080707148,0.2833333333333333,,1.2096248934353884,2707651.5795773137,1825675.4176346806,4207401.838057367,4207401.838057367,0,False
2016-01-26,2016-01-25,2015-12-31,0.04865195080707148,0.2833333333333333,,1.2246568480972406,2615406.775356289,1733170.9755909566,3927037.2002346674,3927037.2002346674,0,False
2016-01-27,2016-01-26,2015-12-31,0.04865195080707148,0.2833333333333333,,1.2245855031362147,2615657.5677868025,1733170.9755909566,3929401.407804154,3929401.407804154,0,False
2016-01-28,2016-01-27,2015-12-31,0.04865195080707148,0.2833333333333333,,0.7564304902051447,2558731.1018224843,3494239.8859875356,3840828.784165051,3840828.784165051,0,False
2016-01-29,2016-01-28,2015-12-31,0.04865195080707148,0.2833333333333333,,0.7592383768096103,2558976.4595993715,3494239.8859875356,3884603.4263881636,3884603.4263881636,0,False
2016-02-01,2016-01-29,2016-01-29,0.06709198376313276,0.6166666666666667,,0.7545131455417003,2535350.3001284357,3469877.5826035645,3806832.282475129,3806832.282475129,0,False
2016-02-02,2016-02-01,2016-01-29,0.06709198376313276,0.6166666666666667,,0.7565321843682922,2535593.41591064,3469877.5826035645,3837403.1666929247,3837403.1666929247,0,False
2016-02-03,2016-02-02,2016-01-29,0.06709198376313276,0.6166666666666667,,0.753755194692966,2526231.2583804335,3460272.285978682,3793140.027598249,3793140.027598249,0,False
2016-02-04,2016-02-03,2016-01-29,0.06709198376313276,0.6166666666666667,,0.7557873504996057,2526473.499733977,3460272.285978682,3823711.7862447053,3823711.7862447053,0,False
2016-02-05,2016-02-04,2016-01-29,0.06709198376313276,0.6166666666666667,,0.7554128454940303,2526715.7643161435,3460272.285978682,3816866.521662539,3816866.521662539,0,False
2016-02-15,2016-02-05,2016-01-29,0.06709198376313276,0.6166666666666667,,0.7553279525257154,2529138.64244631,3460272.285978682,3805639.6435323725,3805639.6435323725,0,False
2016-02-16,2016-02-15,2016-01-29,0.06709198376313276,0.6166666666666667,,0.759548328376181,2529381.162590106,3460272.285978682,3871427.1233885763,3871427.1233885763,0,False
2016-02-17,2016-02-16,2016-01-29,0.06709198376313276,0.6166666666666667,,0.7609550304079711,2529623.7059892584,3460272.285978682,3893194.579989424,3893194.579989424,0,False
2016-02-18,2016-02-17,2016-01-29,0.06709198376313276,0.6166666666666667,,0.761137493149048,2529866.272645997,3460272.285978682,3895153.0133326855,3895153.0133326855,0,False
2016-02-19,2016-02-18,2016-01-29,0.06709198376313276,0.6166666666666667,,0.7601003682873411,2530108.862562552,3460272.285978682,3877302.4234161302,3877302.4234161302,0,False
2016-02-22,2016-02-19,2016-01-29,0.06709198376313276,0.6166666666666667,,0.7651761334742908,2530836.702098358,3460272.285978682,3958011.5838803244,3958011.5838803244,0,False
2016-02-23,2016-02-22,2016-01-29,0.06709198376313276,0.6166666666666667,,0.7665214766838723,2531079.385069792,3460272.285978682,3979778.90090889,3979778.90090889,0,False
2016-02-24,2016-02-23,2016-01-29,0.06709198376313276,0.6166666666666667,,0.7664390479554788,2531322.091312196,3460272.285978682,3977335.1946664862,3977335.1946664862,0,False
2016-02-25,2016-02-24,2016-01-29,0.06709198376313276,0.6166666666666667,,0.7549589351233881,2524144.971790487,3452852.4369413676,3790007.4651508806,3790007.4651508806,0,False
2016-02-26,2016-02-25,2016-01-29,0.06709198376313276,0.6166666666666667,,0.7590650904762098,2524387.0130891516,3452852.4369413676,3853594.423852216,3853594.423852216,0,False
2016-02-29,2016-02-26,2016-01-29,0.06709198376313276,0.6166666666666667,,0.7637959356581747,2525113.2066134647,3452852.4369413676,3927702.230327903,3927702.230327903,0,False
2016-03-01,2016-02-29,2016-02-29,0.06896388693957116,0.6833333333333333,,0.766201452631651,2525355.340756565,3452852.4369413676,3967078.0961848027,3967078.0961848027,0,False
2016-03-02,2016-03-01,2016-02-29,0.06896388693957116,0.6833333333333333,,0.7726807609815658,2525597.498118007,3452852.4369413676,4079086.9388233605,4079086.9388233605,0,False
2016-03-03,2016-03-02,2016-02-29,0.06896388693957116,0.6833333333333333,,0.7707473129544847,2525839.678700018,3452852.4369413676,4043628.7582413494,4043628.7582413494,0,False
2016-03-04,2016-03-03,2016-02-29,0.06896388693957116,0.6833333333333333,,0.7744763661313435,2526081.882504825,3452852.4369413676,4109416.5544365426,4109416.5544365426,0,False
2016-03-07,2016-03-04,2016-02-29,0.06896388693957116,0.6833333333333333,,0.7752154220599623,2526808.563594313,3452852.4369413676,4119694.8733470547,4119694.8733470547,0,False
2016-03-08,2016-03-07,2016-02-29,0.06896388693957116,0.6833333333333333,,0.8244580197445069,2527050.8603058904,3248251.933361368,4108425.073055478,4108425.073055478,0,False
2016-03-09,2016-03-08,2016-02-29,0.06896388693957116,0.6833333333333333,,0.8713893238225465,2527293.180251399,3046447.7373413676,4036636.5570899686,4036636.5570899686,0,False
2016-03-10,2016-03-09,2016-02-29,0.06896388693957116,0.6833333333333333,,0.9168944483769574,2527535.523433067,2852003.350811368,3904285.827378301,3904285.827378301,0,False
2016-03-11,2016-03-10,2016-02-29,0.06896388693957116,0.6833333333333333,,0.9685711021512748,2527777.889853122,2652998.462681368,3984249.572828246,3984249.572828246,0,False
2016-03-14,2016-03-11,2016-02-29,0.06896388693957116,0.6833333333333333,,1.019322658988777,2528505.058835135,2449894.123661368,4068329.0648262333,4068329.0648262333,0,False
2016-03-15,2016-03-14,2016-02-29,0.06896388693957116,0.6833333333333333,,1.1195430697312887,2528747.518224338,2049580.093961368,4008324.5757370302,4008324.5757370302,0,False
2016-03-16,2016-03-15,2016-02-29,0.06896388693957116,0.6833333333333333,,1.1192957104860335,2528990.000863072,2043245.486441368,4071768.4855782962,4071768.4855782962,0,False
2016-03-17,2016-03-16,2016-02-29,0.06896388693957116,0.6833333333333333,,1.166890719705295,2529232.5067535657,1836046.697081368,4153531.1903278027,4153531.1903278027,0,False
2016-03-18,2016-03-17,2016-02-29,0.06896388693957116,0.6833333333333333,,1.216239842874786,2529475.035898049,1628659.887041368,4165814.8511433187,4165814.8511433187,0,False
2016-03-21,2016-03-18,2016-02-29,0.06896388693957116,0.6833333333333333,,1.4141963968746096,2530202.6931001567,790609.711661368,4199923.018561212,4199923.018561212,0,False
2016-03-22,2016-03-21,2016-02-29,0.06896388693957116,0.6833333333333333,,1.6203614238210557,2563397.185424839,0.0,4132102.814575161,4132102.814575161,0,False
2016-03-23,2016-03-22,2016-02-29,0.06896388693957116,0.6833333333333333,,1.6660024979733694,2778868.8695644,0.0,4172460.1304356,4172460.1304356,0,False
2016-03-24,2016-03-23,2016-02-29,0.06896388693957116,0.6833333333333333,,1.7139915154146186,2779135.3364423034,0.0,3892392.6635576966,3892392.6635576966,0,False
2016-03-25,2016-03-24,2016-02-29,0.06896388693957116,0.6833333333333333,,1.7097569191074289,2779401.8288718252,0.0,3915991.1711281748,3915991.1711281748,0,False
2016-03-28,2016-03-25,2016-02-29,0.06896388693957116,0.6833333333333333,,1.7279970121598898,2780201.3828225965,0.0,3818973.6171774035,3818973.6171774035,0,False
2016-03-29,2016-03-28,2016-02-29,0.06896388693957116,0.6833333333333333,,1.6660196402410787,2512355.8110011546,185.72856541084184,3771915.917564256,3771915.917564256,0,False
2016-03-30,2016-03-29,2016-02-29,0.06896388693957116,0.6833333333333333,,1.6659543712273057,2632217.170496936,0.0,3952548.829503064,3952548.829503064,0,False
2016-03-31,2016-03-30,2016-02-29,0.06896388693957116,0.6833333333333333,,1.6659923307106108,2685429.356373148,0.0,4032222.643626852,4032222.643626852,0,False
2016-04-01,2016-03-31,2016-03-31,0.05899358741258742,0.48333333333333334,,1.6659540727804285,2729351.2998377318,0.0,4098407.7001622682,4098407.7001622682,0,False
2016-04-05,2016-04-01,2016-03-31,0.05899358741258742,0.48333333333333334,,1.6659778962106568,2743275.3029789026,0.0,4119168.6970210974,4119168.6970210974,0,False
2016-04-06,2016-04-05,2016-03-31,0.05899358741258742,0.48333333333333334,,1.675089960932281,2743538.3567750785,0.0,4063959.6432249215,4063959.6432249215,0,False
2016-04-07,2016-04-06,2016-03-31,0.05899358741258742,0.48333333333333334,,1.6880384586222332,2743801.435795591,0.0,3987860.564204409,3987860.564204409,0,False
2016-04-08,2016-04-07,2016-03-31,0.05899358741258742,0.48333333333333334,,1.6965485657782258,2744064.5400428595,0.0,3939516.4599571405,3939516.4599571405,0,False
2016-04-11,2016-04-08,2016-03-31,0.05899358741258742,0.48333333333333334,,1.6660229997541423,2769904.6428821865,0.0,4158872.3571178135,4158872.3571178135,0,False
2016-04-12,2016-04-11,2016-03-31,0.05899358741258742,0.48333333333333334,,1.6659645310894426,2868933.9460567096,0.0,4307938.05394329,4307938.05394329,0,False
2016-04-13,2016-04-12,2016-03-31,0.05899358741258742,0.48333333333333334,,1.6659513297183652,3092470.518831811,0.0,4643688.481168189,4643688.481168189,0,False
2016-04-14,2016-04-13,2016-03-31,0.05899358741258742,0.48333333333333334,,1.6764480360481047,3092767.05710074,0.0,4572068.942899261,4572068.942899261,0,False
2016-04-15,2016-04-14,2016-03-31,0.05899358741258742,0.48333333333333334,,1.688103716872714,3093063.6238048454,0.0,4495054.376195155,4495054.376195155,0,False
2016-04-18,2016-04-15,2016-03-31,0.05899358741258742,0.48333333333333334,,1.7001892838137627,3093953.4092308716,0.0,4418738.590769129,4418738.590769129,0,False
2016-04-19,2016-04-18,2016-03-31,0.05899358741258742,0.48333333333333334,,1.7032815073225922,3094250.0896947705,0.0,4399731.91030523,4399731.91030523,0,False
2016-04-20,2016-04-19,2016-03-31,0.05899358741258742,0.48333333333333334,,1.733731918585642,3094546.798607481,0.0,4217544.201392518,4217544.201392518,0,False
2016-04-21,2016-04-20,2016-03-31,0.05899358741258742,0.48333333333333334,,1.7327084349725141,3094843.5359717314,0.0,4223840.464028269,4223840.464028269,0,False
2016-04-22,2016-04-21,2016-03-31,0.05899358741258742,0.48333333333333334,,1.7578279288402083,3095140.301790249,0.0,4084225.698209751,4084225.698209751,0,False
2016-04-25,2016-04-22,2016-03-31,0.05899358741258742,0.48333333333333334,,1.6660411123115315,2770111.326045217,43.13618842547294,4159004.810143208,4159004.810143208,0,False
2016-04-26,2016-04-25,2016-03-31,0.05899358741258742,0.48333333333333334,,1.670276617734226,2770333.816970248,0.0,4133120.183029752,4133120.183029752,0,False
2016-04-27,2016-04-26,2016-03-31,0.05899358741258742,0.48333333333333334,,1.6927871188131145,2770599.4654184505,0.0,3999207.5345815495,3999207.5345815495,0,False
2016-04-28,2016-04-27,2016-03-31,0.05899358741258742,0.48333333333333334,,1.6913755588664479,2770865.139339792,0.0,4007756.860660208,4007756.860660208,0,False
2016-04-29,2016-04-28,2016-03-31,0.05899358741258742,0.48333333333333334,,1.6659904467304356,2720858.525401348,98.45566463254482,4085283.930263285,4085283.930263285,0,False
2016-05-03,2016-04-29,2016-04-29,0.05942622261484099,0.48333333333333334,,1.66597801299394,2747606.9044553624,0.0,4125672.0955446376,4125672.0955446376,0,False
2016-05-04,2016-05-03,2016-04-29,0.05942622261484099,0.48333333333333334,,1.6660062652630692,2676411.993175351,69.08505476698832,4018495.0918794153,4018495.0918794153,0,False
2016-05-05,2016-05-04,2016-04-29,0.05942622261484099,0.48333333333333334,,1.6660188101279736,2675663.9574559075,23.96277940258466,4017364.0053234953,4017364.0053234953,0,False
2016-05-06,2016-05-05,2016-04-29,0.05942622261484099,0.48333333333333334,,1.6660005044250954,2524553.87558148,78.52862850671227,3790500.6530470266,3790500.6530470266,0,False
2016-05-09,2016-05-06,2016-04-29,0.05942622261484099,0.48333333333333334,,1.3164612541143281,2303400.5680731023,1209297.5102242767,3457304.942151175,3457304.942151175,0,False
2016-05-10,2016-05-09,2016-04-29,0.05942622261484099,0.48333333333333334,,1.317957001129759,2299026.7173706503,1201519.8639447489,3451746.146574098,3451746.146574098,0,False
2016-05-11,2016-05-10,2016-04-29,0.05942622261484099,0.48333333333333334,,1.3142006958204122,2299247.1719873846,1201268.1380847488,3494514.966097364,3494514.966097364,0,False
2016-05-12,2016-05-11,2016-04-29,0.05942622261484099,0.48333333333333334,,1.3129542864699915,2299467.6477436027,1201248.2707047486,3509200.6229611454,3509200.6229611454,0,False
2016-05-13,2016-05-12,2016-04-29,0.05942622261484099,0.48333333333333334,,1.3137466890008562,2299688.1446413314,1202256.6575247485,3497826.5128834173,3497826.5128834173,0,False
2016-05-16,2016-05-13,2016-04-29,0.05942622261484099,0.48333333333333334,,1.3125028199428703,2300349.698765132,1201543.5727947485,3516147.8740296164,3516147.8740296164,0,False
2016-05-17,2016-05-16,2016-04-29,0.05942622261484099,0.48333333333333334,,1.316101228483605,2300570.280243096,1196750.9125347487,3491980.632291653,3491980.632291653,0,False
2016-05-18,2016-05-17,2016-04-29,0.05942622261484099,0.48333333333333334,,1.3696148708433749,2297861.1917549195,1022607.3899669601,3450223.1982120406,3450223.1982120406,0,False
2016-05-19,2016-05-18,2016-04-29,0.05942622261484099,0.48333333333333334,,1.4700268859689616,2291795.1476684525,674387.3944664892,3441096.246798037,3441096.246798037,0,False
2016-05-20,2016-05-19,2016-04-29,0.05942622261484099,0.48333333333333334,,1.56618018759295,2292014.908846996,329196.4276364893,3466773.5187894935,3466773.5187894935,0,False
2016-05-23,2016-05-20,2016-04-29,0.05942622261484099,0.48333333333333334,,1.6640148129112036,2309934.9340551062,0.0,3478740.0659448938,3478740.0659448938,0,False
2016-05-24,2016-05-23,2016-04-29,0.05942622261484099,0.48333333333333334,,1.667015663870511,2310156.4346652213,0.0,3463421.5653347787,3463421.5653347787,0,False
2016-05-25,2016-05-24,2016-04-29,0.05942622261484099,0.48333333333333334,,1.6660558581134566,2310377.956515121,0.0,3468745.043484879,3468745.043484879,0,False
2016-05-26,2016-05-25,2016-04-29,0.05942622261484099,0.48333333333333334,,1.6659854241484209,2316660.5601668414,0.0,3478545.4398331586,3478545.4398331586,0,False
2016-05-27,2016-05-26,2016-04-29,0.05942622261484099,0.48333333333333334,,1.6694035039848611,2316882.705700008,0.0,3461115.294299992,3461115.294299992,0,False
2016-05-30,2016-05-27,2016-04-29,0.05942622261484099,0.48333333333333334,,1.6713368152219115,2317549.206204388,0.0,3452140.793795612,3452140.793795612,0,False
2016-05-31,2016-05-30,2016-04-29,0.05942622261484099,0.48333333333333334,,1.6658998637505669,2425233.164400188,0.0,3642038.835599812,3642038.835599812,0,False
2016-06-01,2016-05-31,2016-05-31,0.05817716901408451,0.4166666666666667,,1.6716491716813477,2425465.721004993,0.0,3611209.278995007,3611209.278995007,0,False
2016-06-02,2016-06-01,2016-05-31,0.05817716901408451,0.4166666666666667,,1.6669964025420698,2425698.299909747,0.0,3636748.700090253,3636748.700090253,0,False
2016-06-03,2016-06-02,2016-05-31,0.05817716901408451,0.4166666666666667,,1.665906409006771,2444786.089566588,0.0,3671365.910433412,3671365.910433412,0,False
2016-06-06,2016-06-03,2016-05-31,0.05817716901408451,0.4166666666666667,,1.6735101174163696,2445489.3841950935,0.0,3630961.6158049065,3630961.6158049065,0,False
2016-06-07,2016-06-06,2016-05-31,0.05817716901408451,0.4166666666666667,,1.6659121763396572,2432073.436604025,324.2456268850474,3651756.6090228604,3651756.6090228604,0,False
2016-06-08,2016-06-07,2016-05-31,0.05817716901408451,0.4166666666666667,,1.6725299254065105,2431982.403498458,0.0,3616169.796501542,3616169.796501542,0,False
2016-06-13,2016-06-08,2016-05-31,0.05817716901408451,0.4166666666666667,,1.7100463350379627,2433148.42245904,0.0,3426745.9775409605,3426745.9775409605,0,False
2016-06-14,2016-06-13,2016-05-31,0.05817716901408451,0.4166666666666667,,1.705796594453603,2433381.7380611934,0.0,3447709.661938807,3447709.661938807,0,False
2016-06-15,2016-06-14,2016-05-31,0.05817716901408451,0.4166666666666667,,1.6961002692122478,2433615.076036076,0.0,3496069.7239639238,3496069.7239639238,0,False
2016-06-16,2016-06-15,2016-05-31,0.05817716901408451,0.4166666666666667,,1.7091622716718922,2433848.4363858327,0.0,3432004.9636141676,3432004.9636141676,0,False
2016-06-17,2016-06-16,2016-05-31,0.05817716901408451,0.4166666666666667,,1.6974751082090744,2434081.8191126096,0.0,3489847.5808873908,3489847.5808873908,0,False
2016-06-20,2016-06-17,2016-05-31,0.05817716901408451,0.4166666666666667,,1.7019651301122778,2434782.0344304363,0.0,3468522.7655695635,3468522.7655695635,0,False
2016-06-21,2016-06-20,2016-05-31,0.05817716901408451,0.4166666666666667,,1.7003837334481022,2435015.506680313,0.0,3476687.693319687,3476687.693319687,0,False
2016-06-22,2016-06-21,2016-05-31,0.05817716901408451,0.4166666666666667,,1.6839103998288272,2435249.0013179397,0.0,3560771.9986820603,3560771.9986820603,0,False
2016-06-23,2016-06-22,2016-05-31,0.05817716901408451,0.4166666666666667,,1.6809255439097401,2435482.5183454636,0.0,3576723.6816545366,3576723.6816545366,0,False
2016-06-24,2016-06-23,2016-05-31,0.05817716901408451,0.4166666666666667,,1.6982156956249974,2435716.057765031,0.0,3488486.542234969,3488486.542234969,0,False
2016-06-27,2016-06-24,2016-05-31,0.05817716901408451,0.4166666666666667,,1.6659650240673687,2405376.1206246004,209.8911782950163,3611550.370553694,3611550.370553694,0,False
2016-06-28,2016-06-27,2016-05-31,0.05817716901408451,0.4166666666666667,,1.6661019878142516,2392158.991820619,4.061800707189832,3591274.2699800883,3591274.2699800883,0,False
2016-06-29,2016-06-28,2016-05-31,0.05817716901408451,0.4166666666666667,,1.665975903470239,2409445.4856887166,0.0,3617916.9143112837,3617916.9143112837,0,False
2016-06-30,2016-06-29,2016-05-31,0.05817716901408451,0.4166666666666667,,1.665988696540023,2404717.3232812565,44.16385473424589,3610681.6405734774,3610681.6405734774,0,False
2016-07-01,2016-06-30,2016-06-30,0.05953974758135445,0.48333333333333334,,1.6659951827736694,2434593.045548892,0.0,3655571.5544511075,3655571.5544511075,0,False
2016-07-04,2016-07-01,2016-06-30,0.05953974758135445,0.48333333333333334,,1.6659877491164325,2543089.9623718583,0.0,3818523.6376281413,3818523.6376281413,0,False
2016-07-05,2016-07-04,2016-06-30,0.05953974758135445,0.48333333333333334,,1.665967433295954,2550761.8945434554,0.0,3830160.1054565446,3830160.1054565446,0,False
2016-07-06,2016-07-05,2016-06-30,0.05953974758135445,0.48333333333333334,,1.6659816456109364,2561323.5912197814,0.0,3845937.2087802184,3845937.2087802184,0,False
2016-07-07,2016-07-06,2016-06-30,0.05953974758135445,0.48333333333333334,,1.6659424897132373,2565585.237701542,0.0,3852562.762298458,3852562.762298458,0,False
2016-07-08,2016-07-07,2016-06-30,0.05953974758135445,0.48333333333333334,,1.673612024468208,2565807.9227243355,0.0,3809029.2772756647,3809029.2772756647,0,False
2016-07-11,2016-07-08,2016-06-30,0.05953974758135445,0.48333333333333334,,1.6659636882760591,2593297.2993127904,0.0,3894052.10068721,3894052.10068721,0,False
2016-07-12,2016-07-11,2016-06-30,0.05953974758135445,0.48333333333333334,,1.6659819375636067,2786932.2099565603,0.0,4184696.3900434393,4184696.3900434393,0,False
2016-07-13,2016-07-12,2016-06-30,0.05953974758135445,0.48333333333333334,,1.6659486106632242,2796422.542211488,0.0,4199156.657788512,4199156.657788512,0,False
2016-07-14,2016-07-13,2016-06-30,0.05953974758135445,0.48333333333333334,,1.6751699904014357,2796690.692318275,0.0,4142202.307681725,4142202.307681725,0,False
2016-07-15,2016-07-14,2016-06-30,0.05953974758135445,0.48333333333333334,,1.6660006010646813,2829534.1937880865,0.0,4248546.006211914,4248546.006211914,0,False
2016-07-18,2016-07-15,2016-06-30,0.05953974758135445,0.48333333333333334,,1.670546707628474,2830348.1693780804,0.0,4220956.03062192,4220956.03062192,0,False
2016-07-19,2016-07-18,2016-06-30,0.05953974758135445,0.48333333333333334,,1.6791317945729667,2830619.572627199,0.0,4167997.427372801,4167997.427372801,0,False
2016-07-20,2016-07-19,2016-06-30,0.05953974758135445,0.48333333333333334,,1.6839700112425007,2830891.0019012867,0.0,4138910.9980987133,4138910.9980987133,0,False
2016-07-21,2016-07-20,2016-06-30,0.05953974758135445,0.48333333333333334,,1.675152502932006,2831162.4572028387,0.0,4193367.342797161,4193367.342797161,0,False
2016-07-22,2016-07-21,2016-06-30,0.05953974758135445,0.48333333333333334,,1.679414122539204,2831433.9385343515,0.0,4167464.0614656485,4167464.0614656485,0,False
2016-07-25,2016-07-22,2016-06-30,0.05953974758135445,0.48333333333333334,,1.687209609843266,2831829.3454162586,0.0,4120765.054583742,4120765.054583742,0,False
2016-07-26,2016-07-25,2016-06-30,0.05953974758135445,0.48333333333333334,,1.6659880076192728,2828162.4127964936,57.64005053754852,4246480.027254043,4246480.027254043,0,False
2016-07-27,2016-07-26,2016-06-30,0.05953974758135445,0.48333333333333334,,1.6841641226583415,2828375.966401978,0.0,4134060.6335980217,4134060.6335980217,0,False
2016-07-28,2016-07-27,2016-06-30,0.05953974758135445,0.48333333333333334,,1.6809425090740353,2828647.1805357425,0.0,4154017.6194642573,4154017.6194642573,0,False
2016-07-29,2016-07-28,2016-06-30,0.05953974758135445,0.48333333333333334,,1.6795760012320324,2828211.737896342,0.0,4161729.862103658,4161729.862103658,0,False
2016-08-01,2016-07-29,2016-07-29,0.05770208547008547,0.35,,1.6734546883474286,2829025.333053819,0.0,4200765.666946181,4200765.666946181,0,False
2016-08-02,2016-08-01,2016-07-29,0.05770208547008547,0.35,,1.671700931647426,2829296.6094556185,0.0,4212137.390544381,4212137.390544381,0,False
2016-08-03,2016-08-02,2016-07-29,0.05770208547008547,0.35,,1.6659506776286603,2774752.528694431,303.87819420690664,4166147.3494997765,4166147.3494997765,0,False
2016-08-04,2016-08-03,2016-07-29,0.05770208547008547,0.35,,1.6670336216447068,2763973.2061805096,0.0,4143678.9938194905,4143678.9938194905,0,False
2016-08-05,2016-08-04,2016-07-29,0.05770208547008547,0.35,,1.6659513283009713,2776239.36461713,0.0,4168832.23538287,4168832.23538287,0,False
2016-08-08,2016-08-05,2016-07-29,0.05770208547008547,0.35,,1.6659728090265464,2873562.4714579103,0.0,4314834.52854209,4314834.52854209,0,False
2016-08-09,2016-08-08,2016-07-29,0.05770208547008547,0.35,,1.6659900585489906,2890733.1874442142,0.0,4340505.0125557855,4340505.0125557855,0,False
2016-08-10,2016-08-09,2016-07-29,0.05770208547008547,0.35,,1.6719540423888808,2891010.381037531,0.0,4302393.018962469,4302393.018962469,0,False
2016-08-11,2016-08-10,2016-07-29,0.05770208547008547,0.35,,1.677993321112723,2891287.601211055,0.0,4264477.998788944,4264477.998788944,0,False
2016-08-12,2016-08-11,2016-07-29,0.05770208547008547,0.35,,1.6659620691844117,2938899.3212573356,0.0,4413013.078742664,4413013.078742664,0,False
2016-08-15,2016-08-12,2016-07-29,0.05770208547008547,0.35,,1.665940196804738,3019862.510888382,0.0,4534735.289111618,4534735.289111618,0,False
2016-08-16,2016-08-15,2016-07-29,0.05770208547008547,0.35,,1.6803069935097525,3020152.0867455904,0.0,4439395.91325441,4439395.91325441,0,False
2016-08-17,2016-08-16,2016-07-29,0.05770208547008547,0.35,,1.681903987600881,3020441.690370347,0.0,4429423.709629653,4429423.709629653,0,False
2016-08-18,2016-08-17,2016-07-29,0.05770208547008547,0.35,,1.6902669072424281,3020731.321765314,0.0,4376178.678234686,4376178.678234686,0,False
2016-08-19,2016-08-18,2016-07-29,0.05770208547008547,0.35,,1.6971059407324098,3021020.9809331545,0.0,4333661.219066845,4333661.219066845,0,False
2016-08-22,2016-08-19,2016-07-29,0.05770208547008547,0.35,,1.7016019094724364,3021890.041763286,0.0,4307129.158236714,4307129.158236714,0,False
2016-08-23,2016-08-22,2016-07-29,0.05770208547008547,0.35,,1.6992273974913912,3022179.8120412636,0.0,4322170.187958736,4322170.187958736,0,False
2016-08-24,2016-08-23,2016-07-29,0.05770208547008547,0.35,,1.7049774631727581,3022469.610105432,0.0,4287327.989894567,4287327.989894567,0,False
2016-08-25,2016-08-24,2016-07-29,0.05770208547008547,0.35,,1.7097506511840566,3022759.435958456,0.0,4258903.3640415445,4258903.3640415445,0,False
2016-08-26,2016-08-25,2016-07-29,0.05770208547008547,0.35,,1.7103064877223053,3023049.2896029996,0.0,4255978.710397,4255978.710397,0,False
2016-08-29,2016-08-26,2016-07-29,0.05770208547008547,0.35,,1.7111114346513308,3023918.9339191867,0.0,4252384.066080813,4252384.066080813,0,False
2016-08-30,2016-08-29,2016-07-29,0.05770208547008547,0.35,,1.7050980495071038,3024208.8987484667,0.0,4289061.501251534,4289061.501251534,0,False
2016-08-31,2016-08-30,2016-07-29,0.05770208547008547,0.35,,1.6962238973509272,3024498.891382593,0.0,4344146.908617407,4344146.908617407,0,False
2016-09-01,2016-08-31,2016-08-31,0.05348114886731392,0.26666666666666666,,1.7049218984457548,3024788.9118242324,0.0,4290956.088175768,4290956.088175768,0,False
2016-09-02,2016-09-01,2016-08-31,0.05348114886731392,0.26666666666666666,,1.7006338039239988,3025078.9600760513,0.0,4317632.039923949,4317632.039923949,0,False
2016-09-05,2016-09-02,2016-08-31,0.05348114886731392,0.26666666666666666,,1.693876908143303,3025949.188270046,0.0,4360930.811729955,4360930.811729955,0,False
2016-09-06,2016-09-05,2016-08-31,0.05348114886731392,0.26666666666666666,,1.6916151588193915,3026239.34778125,0.0,4375611.65221875,4375611.65221875,0,False
2016-09-07,2016-09-06,2016-08-31,0.05348114886731392,0.26666666666666666,,1.6980185989702101,3026529.5351159684,0.0,4335886.664884032,4335886.664884032,0,False
2016-09-08,2016-09-07,2016-08-31,0.05348114886731392,0.26666666666666666,,1.693710468703799,3026819.75027687,0.0,4363232.04972313,4363232.04972313,0,False
2016-09-09,2016-09-08,2016-08-31,0.05348114886731392,0.26666666666666666,,1.7039456706069505,3027109.9932666225,0.0,4300204.006733377,4300204.006733377,0,False
2016-09-12,2016-09-09,2016-08-31,0.05348114886731392,0.26666666666666666,,1.7221760614073023,3027980.805730439,0.0,4192856.794269561,4192856.794269561,0,False
2016-09-13,2016-09-12,2016-08-31,0.05348114886731392,0.26666666666666666,,1.7290841127704701,3028271.1600542758,0.0,4153527.8399457242,4153527.8399457242,0,False
2016-09-14,2016-09-13,2016-08-31,0.05348114886731392,0.26666666666666666,,1.7402438283223656,3028561.5422203084,0.0,4091302.6577796917,4091302.6577796917,0,False
2016-09-19,2016-09-14,2016-08-31,0.05348114886731392,0.26666666666666666,,1.726685256294027,3030013.5922747976,0.0,4169636.8077252028,4169636.8077252028,0,False
2016-09-20,2016-09-19,2016-08-31,0.05348114886731392,0.26666666666666666,,1.7230211796850223,3030304.141523372,0.0,4191169.2584766285,4191169.2584766285,0,False
2016-09-21,2016-09-20,2016-08-31,0.05348114886731392,0.26666666666666666,,1.6775982559017597,2822894.8793239444,0.0,4166030.3206760557,4166030.3206760557,0,False
2016-09-22,2016-09-21,2016-08-31,0.05348114886731392,0.26666666666666666,,1.666087391796792,2832293.467054017,0.0,4252134.9329459835,4252134.9329459835,0,False
2016-09-23,2016-09-22,2016-08-31,0.05348114886731392,0.26666666666666666,,1.666012467839634,2832122.4713455406,45.496527011894386,4252288.225181472,4252288.225181472,0,False
2016-09-26,2016-09-23,2016-08-31,0.05348114886731392,0.26666666666666666,,1.6660212494032525,2748626.2923423084,310.18897745641937,4126469.0966351484,4126469.0966351484,0,False
2016-09-27,2016-09-26,2016-08-31,0.05348114886731392,0.26666666666666666,,1.666089172647126,2765450.1460195966,0.0,4151771.653980403,4151771.653980403,0,False
2016-09-28,2016-09-27,2016-08-31,0.05348114886731392,0.26666666666666666,,1.666044669062736,2736507.469170391,138.5530998064496,4108386.483929415,4108386.483929415,0,False
2016-09-29,2016-09-28,2016-08-31,0.05348114886731392,0.26666666666666666,,1.66599343984019,2800305.807961951,0.0,4204704.792038049,4204704.792038049,0,False
2016-09-30,2016-09-29,2016-08-31,0.05348114886731392,0.26666666666666666,,1.6660461809151073,2830970.4880566867,0.0,4250411.7119433135,4250411.7119433135,0,False
2016-10-10,2016-09-30,2016-09-30,0.05572955186721991,0.31666666666666665,,1.6660818133911495,2882173.9839184764,0.0,4327057.016081523,4327057.016081523,0,False
2016-10-11,2016-10-10,2016-09-30,0.05572955186721991,0.31666666666666665,,1.6660791871402127,2904119.785869583,0.0,4360021.814130416,4360021.814130416,0,False
2016-10-12,2016-10-11,2016-09-30,0.05572955186721991,0.31666666666666665,,1.666083965532499,2864281.8755691904,59.356758755225314,4300092.281189565,4300092.281189565,0,False
2016-10-13,2016-10-12,2016-09-30,0.05572955186721991,0.31666666666666665,,1.6660699120019968,2856933.6891995943,116.04119634206347,4289065.751996748,4289065.751996748,0,False
2016-10-14,2016-10-13,2016-09-30,0.05572955186721991,0.31666666666666665,,1.666012478245399,2875365.8092101254,0.0,4317285.190789875,4317285.190789875,0,False
2016-10-17,2016-10-14,2016-09-30,0.05572955186721991,0.31666666666666665,,1.6730254133197306,2876192.9692374323,0.0,4273528.030762568,4273528.030762568,0,False
2016-10-18,2016-10-17,2016-09-30,0.05572955186721991,0.31666666666666665,,1.6658955202766548,2918406.1878332496,0.0,4382678.81216675,4382678.81216675,0,False
2016-10-19,2016-10-18,2016-09-30,0.05572955186721991,0.31666666666666665,,1.6659805638798415,2934354.191581946,0.0,4406065.808418054,4406065.808418054,0,False
2016-10-20,2016-10-19,2016-09-30,0.05572955186721991,0.31666666666666665,,1.6659100407079033,2934635.5680112755,266.8360199999988,4406554.268008725,4406554.268008725,0,False
2016-10-21,2016-10-20,2016-09-30,0.05572955186721991,0.31666666666666665,,1.6658840608622811,2965731.4461619067,0.0,4453825.553838093,4453825.553838093,0,False
2016-10-24,2016-10-21,2016-09-30,0.05572955186721991,0.31666666666666665,,1.665868051595637,3229508.3953534053,0.0,4850072.604646595,4850072.604646595,0,False
2016-10-25,2016-10-24,2016-09-30,0.05572955186721991,0.31666666666666665,,1.6659321459974246,3358402.216940631,0.0,5043159.783059369,5043159.783059369,0,False
2016-10-26,2016-10-25,2016-09-30,0.05572955186721991,0.31666666666666665,,1.6845951477666403,3358724.255509379,0.0,4906146.744490622,4906146.744490622,0,False
2016-10-27,2016-10-26,2016-09-30,0.05572955186721991,0.31666666666666665,,1.6921062960534594,3359046.3249585372,0.0,4853367.675041463,4853367.675041463,0,False
2016-10-28,2016-10-27,2016-09-30,0.05572955186721991,0.31666666666666665,,1.7027813665552753,3359368.4252910675,0.0,4780104.574708933,4780104.574708933,0,False
2016-10-31,2016-10-28,2016-09-30,0.05572955186721991,0.31666666666666665,,1.6987666733211286,3360334.818947658,0.0,4808951.181052342,4808951.181052342,0,False
2016-11-01,2016-10-31,2016-10-31,0.055356456953642386,0.2833333333333333,,1.6868806656077686,3360657.0428344063,0.0,4892635.957165595,4892635.957165595,0,False
2016-11-02,2016-11-01,2016-10-31,0.055356456953642386,0.2833333333333333,,1.6943083727694215,3360979.2976193354,0.0,4840758.702380665,4840758.702380665,0,False
2016-11-03,2016-11-02,2016-10-31,0.055356456953642386,0.2833333333333333,,1.6796227491885665,3361301.5833054082,0.0,4945834.416694592,4945834.416694592,0,False
2016-11-04,2016-11-03,2016-10-31,0.055356456953642386,0.2833333333333333,,1.6659683041696167,3366341.9469755883,0.0,5054808.053024411,5054808.053024411,0,False
2016-11-07,2016-11-04,2016-10-31,0.055356456953642386,0.2833333333333333,,1.6659540509684987,3511415.1295537595,0.0,5272758.8704462405,5272758.8704462405,0,False
2016-11-08,2016-11-07,2016-10-31,0.055356456953642386,0.2833333333333333,,1.6831242249044382,3511751.8405935797,0.0,5140722.15940642,5140722.15940642,0,False
2016-11-09,2016-11-08,2016-10-31,0.055356456953642386,0.2833333333333333,,1.6911177459031372,3512088.58392076,0.0,5081751.41607924,5081751.41607924,0,False
2016-11-10,2016-11-09,2016-10-31,0.055356456953642386,0.2833333333333333,,1.6708044994065991,3512425.3595383964,0.0,5236138.640461603,5236138.640461603,0,False
2016-11-11,2016-11-10,2016-10-31,0.055356456953642386,0.2833333333333333,,1.665988907469478,3529078.330509585,0.0,5299004.669490416,5299004.669490416,0,False
2016-11-14,2016-11-11,2016-10-31,0.055356456953642386,0.2833333333333333,,1.6659883922889938,3550261.7463538414,0.0,5330816.253646159,5330816.253646159,0,False
2016-11-15,2016-11-14,2016-10-31,0.055356456953642386,0.2833333333333333,,1.6900064962860581,3550602.1824117107,0.0,5145751.817588289,5145751.817588289,0,False
2016-11-16,2016-11-15,2016-10-31,0.055356456953642386,0.2833333333333333,,1.7010080794993412,3550942.6511141337,0.0,5065480.348885866,5065480.348885866,0,False
2016-11-17,2016-11-16,2016-10-31,0.055356456953642386,0.2833333333333333,,1.6948744929802442,3551283.1524642403,0.0,5110682.847535759,5110682.847535759,0,False
2016-11-18,2016-11-17,2016-10-31,0.055356456953642386,0.2833333333333333,,1.7169656584421762,3551623.6864651614,0.0,4953687.313534839,4953687.313534839,0,False
2016-11-21,2016-11-18,2016-10-31,0.055356456953642386,0.2833333333333333,,1.7099705273457846,3552645.386429761,0.0,5003933.613570239,5003933.613570239,0,False
2016-11-22,2016-11-21,2016-10-31,0.055356456953642386,0.2833333333333333,,1.6828589407245762,3552986.051055857,0.0,5203103.948944143,5203103.948944143,0,False
2016-11-23,2016-11-22,2016-10-31,0.055356456953642386,0.2833333333333333,,1.6982859613448191,3553326.748348424,0.0,5088641.251651576,5088641.251651576,0,False
2016-11-24,2016-11-23,2016-10-31,0.055356456953642386,0.2833333333333333,,1.6972226425480887,3553667.478310595,0.0,5096890.521689406,5096890.521689406,0,False
2016-11-25,2016-11-24,2016-10-31,0.055356456953642386,0.2833333333333333,,1.6914013737991311,3554008.2409455013,0.0,5140296.759054499,5140296.759054499,0,False
2016-11-28,2016-11-25,2016-10-31,0.055356456953642386,0.2833333333333333,,1.678369708096106,3555030.626877828,0.0,5240550.373122172,5240550.373122172,0,False
2016-11-29,2016-11-28,2016-10-31,0.055356456953642386,0.2833333333333333,,1.6930979114870852,3555371.520225611,0.0,5129681.479774389,5129681.479774389,0,False
2016-11-30,2016-11-29,2016-10-31,0.055356456953642386,0.2833333333333333,,1.717358464372079,3555712.446261797,0.0,4956674.553738203,4956674.553738203,0,False
2016-12-01,2016-11-30,2016-11-30,0.048929372549019606,0.15,,1.6757326112935613,3556053.404989521,0.0,5262515.595010479,5262515.595010479,0,False
2016-12-02,2016-12-01,2016-11-30,0.048929372549019606,0.15,,1.6763217550834355,3556394.396411917,0.0,5258435.603588083,5258435.603588083,0,False
2016-12-05,2016-12-02,2016-11-30,0.048929372549019606,0.15,,1.6856152930280792,3557417.4687725287,0.0,5188649.531227471,5188649.531227471,0,False
2016-12-06,2016-12-05,2016-11-30,0.048929372549019606,0.15,,1.6841798171248457,3557758.590995562,0.0,5200034.409004439,5200034.409004439,0,False
2016-12-07,2016-12-06,2016-11-30,0.048929372549019606,0.15,,1.6764181664468085,3558099.745928945,0.0,5260207.254071055,5260207.254071055,0,False
2016-12-08,2016-12-07,2016-11-30,0.048929372549019606,0.15,,1.684415058826649,3558440.933575815,0.0,5199244.066424185,5199244.066424185,0,False
2016-12-09,2016-12-08,2016-11-30,0.048929372549019606,0.15,,1.6881528105719958,3558782.1539393086,0.0,5171499.846060691,5171499.846060691,0,False
2016-12-12,2016-12-09,2016-11-30,0.048929372549019606,0.15,,1.7183624983886123,3559805.913189072,0.0,4955445.086810928,4955445.086810928,0,False
2016-12-13,2016-12-12,2016-11-30,0.048929372549019606,0.15,,1.717816238238399,3560147.2644410217,0.0,4959691.735558978,4959691.735558978,0,False
2016-12-14,2016-12-13,2016-11-30,0.048929372549019606,0.15,,1.733885868865487,3560488.6484252834,0.0,4851556.351574717,4851556.351574717,0,False
2016-12-15,2016-12-14,2016-11-30,0.048929372549019606,0.15,,1.7616079345238185,3560830.065144995,0.0,4675410.934855005,4675410.934855005,0,False
2016-12-16,2016-12-15,2016-11-30,0.048929372549019606,0.15,,1.7679009004486712,3561171.5146032968,0.0,4637540.485396704,4637540.485396704,0,False
2016-12-19,2016-12-16,2016-11-30,0.048929372549019606,0.15,,1.771354803320202,3562195.961203388,0.0,4618103.038796612,4618103.038796612,0,False
2016-12-20,2016-12-19,2016-11-30,0.048929372549019606,0.15,,1.7816532662580293,3562537.5416380237,0.0,4557695.458361976,4557695.458361976,0,False
2016-12-21,2016-12-20,2016-11-30,0.048929372549019606,0.15,,1.7641865701817774,3562879.154826948,0.0,4662315.845173052,4662315.845173052,0,False
2016-12-22,2016-12-21,2016-11-30,0.048929372549019606,0.15,,1.7634191365049066,3563220.800773301,0.0,4667450.1992267,4667450.1992267,0,False
2016-12-23,2016-12-22,2016-11-30,0.048929372549019606,0.15,,1.7847362962037712,3563562.4794802247,0.0,4541095.520519775,4541095.520519775,0,False
2016-12-26,2016-12-23,2016-11-30,0.048929372549019606,0.15,,1.7958488954746585,3564587.61389213,0.0,4478975.386107869,4478975.386107869,0,False
2016-12-27,2016-12-26,2016-11-30,0.048929372549019606,0.15,,1.7940007020423712,3564929.423663325,0.0,4489831.576336674,4489831.576336674,0,False
2016-12-28,2016-12-27,2016-11-30,0.048929372549019606,0.15,,1.7963527983490095,3565271.2662107996,0.0,4476999.7337892,4476999.7337892,0,False
2016-12-29,2016-12-28,2016-11-30,0.048929372549019606,0.15,,1.782912229521647,3565613.1415376966,0.0,4554294.858462304,4554294.858462304,0,False
2016-12-30,2016-12-29,2016-11-30,0.048929372549019606,0.15,,1.782033762632639,3565955.049647159,0.0,4559847.950352841,4559847.950352841,0,False
2017-01-03,2016-12-30,2016-12-30,0.05111976848090982,0.2,,1.7740233463255306,3567322.8132278454,0.0,4608805.186772155,4608805.186772155,0,False
2017-01-04,2017-01-03,2016-12-30,0.05111976848090982,0.2,,1.7582582137919163,3567664.885278429,0.0,4705079.114721571,4705079.114721571,0,False
2017-01-05,2017-01-04,2016-12-30,0.05111976848090982,0.2,,1.7543493892351394,3568006.9901304417,0.0,4729913.009869559,4729913.009869559,0,False
2017-01-06,2017-01-05,2016-12-30,0.05111976848090982,0.2,,1.7543172879406859,3568349.1277870294,0.0,4730567.872212971,4730567.872212971,0,False
2017-01-09,2017-01-06,2016-12-30,0.05111976848090982,0.2,,1.744208724039256,3569375.6391799543,0.0,4796202.360820046,4796202.360820046,0,False
2017-01-10,2017-01-09,2016-12-30,0.05111976848090982,0.2,,1.731021697062587,3569717.908076862,0.0,4883190.091923138,4883190.091923138,0,False
2017-01-11,2017-01-10,2016-12-30,0.05111976848090982,0.2,,1.735538640901216,3570060.2097940748,0.0,4853667.790205926,4853667.790205926,0,False
2017-01-12,2017-01-11,2016-12-30,0.05111976848090982,0.2,,1.7483747118351207,3570402.54433474,0.0,4770875.455665261,4770875.455665261,0,False
2017-01-13,2017-01-12,2016-12-30,0.05111976848090982,0.2,,1.7346814044489178,3570744.9117020047,0.0,4860263.088297995,4860263.088297995,0,False
2017-01-16,2017-01-13,2016-12-30,0.05111976848090982,0.2,,1.7254977946794376,3571772.1122930422,0.0,4923201.887706958,4923201.887706958,0,False
2017-01-17,2017-01-16,2016-12-30,0.05111976848090982,0.2,,1.7308488391660888,3572114.6109887417,0.0,4887624.389011258,4887624.389011258,0,False
2017-01-18,2017-01-17,2016-12-30,0.05111976848090982,0.2,,1.7113676909785207,3572457.1425267817,0.0,5021955.857473219,5021955.857473219,0,False
2017-01-19,2017-01-18,2016-12-30,0.05111976848090982,0.2,,1.7011004542053472,3572799.7069103117,0.0,5095988.293089688,5095988.293089688,0,False
2017-01-20,2017-01-19,2016-12-30,0.05111976848090982,0.2,,1.694771111012313,3573142.304142481,0.0,5142905.695857519,5142905.695857519,0,False
2017-01-23,2017-01-20,2016-12-30,0.05111976848090982,0.2,,1.6842813153225922,3574170.194394358,0.0,5223246.8056056425,5223246.8056056425,0,False
2017-01-24,2017-01-23,2016-12-30,0.05111976848090982,0.2,,1.6657967047098339,3578163.9594531357,0.0,5374259.040546864,5374259.040546864,0,False
2017-01-25,2017-01-24,2016-12-30,0.05111976848090982,0.2,,1.6679945863401924,3578507.071065686,0.0,5357089.928934313,5357089.928934313,0,False
2017-01-26,2017-01-25,2016-12-30,0.05111976848090982,0.2,,1.6684030232864315,3578850.21557935,0.0,5354329.78442065,5354329.78442065,0,False
2017-02-03,2017-01-26,2017-01-26,0.044782261345852906,0.11666666666666667,,1.6756577254692848,3581595.634922808,0.0,5300902.365077192,5300902.365077192,0,False
2017-02-06,2017-02-03,2017-01-26,0.044782261345852906,0.11666666666666667,,1.686564341494673,3582625.956954772,0.0,5218194.043045228,5218194.043045228,0,False
2017-02-07,2017-02-06,2017-01-26,0.044782261345852906,0.11666666666666667,,1.6735772991097804,3582969.4964300967,0.0,5319314.503569903,5319314.503569903,0,False
2017-02-08,2017-02-07,2017-01-26,0.044782261345852906,0.11666666666666667,,1.6658538091976538,3585307.0887375628,0.0,5384525.911262438,5384525.911262438,0,False
2017-02-09,2017-02-08,2017-01-26,0.044782261345852906,0.11666666666666667,,1.6659036230411473,3647345.5544377156,0.0,5477287.445562284,5477287.445562284,0,False
2017-02-10,2017-02-09,2017-01-26,0.044782261345852906,0.11666666666666667,,1.665997156783204,3718447.96370184,0.0,5583279.0362981595,5583279.0362981595,0,False
2017-02-13,2017-02-10,2017-01-26,0.044782261345852906,0.11666666666666667,,1.6658522988341682,3743530.894241946,0.0,5622164.105758054,5622164.105758054,0,False
2017-02-14,2017-02-13,2017-01-26,0.044782261345852906,0.11666666666666667,,1.6659595311421023,3748082.904837832,0.0,5628094.095162168,5628094.095162168,0,False
2017-02-15,2017-02-14,2017-01-26,0.044782261345852906,0.11666666666666667,,1.67461407635495,3748442.310047885,0.0,5556424.689952115,5556424.689952115,0,False
2017-02-16,2017-02-15,2017-01-26,0.044782261345852906,0.11666666666666667,,1.6677018907899621,3748801.749721451,0.0,5614484.250278549,5614484.250278549,0,False
2017-02-17,2017-02-16,2017-01-26,0.044782261345852906,0.11666666666666667,,1.6889373764851523,3749161.2238618354,0.0,5441947.776138164,5441947.776138164,0,False
2017-02-20,2017-02-17,2017-01-26,0.044782261345852906,0.11666666666666667,,1.6765447154589108,3750239.7496933574,0.0,5543225.250306643,5543225.250306643,0,False
2017-02-21,2017-02-20,2017-01-26,0.044782261345852906,0.11666666666666667,,1.6747572307209293,3750599.36172415,0.0,5558442.638275851,5558442.638275851,0,False
2017-02-22,2017-02-21,2017-01-26,0.044782261345852906,0.11666666666666667,,1.6659986739696426,3756971.0682582874,0.0,5641108.931741713,5641108.931741713,0,False
2017-02-23,2017-02-22,2017-01-26,0.044782261345852906,0.11666666666666667,,1.6811475022197833,3757331.3257579836,0.0,5516178.674242016,5516178.674242016,0,False
2017-02-24,2017-02-23,2017-01-26,0.044782261345852906,0.11666666666666667,,1.7011321938344264,3757691.6178029194,0.0,5359462.38219708,5359462.38219708,0,False
2017-02-27,2017-02-24,2017-01-26,0.044782261345852906,0.11666666666666667,,1.7041830923638073,3758772.5975833833,0.0,5337777.402416617,5337777.402416617,0,False
2017-02-28,2017-02-27,2017-01-26,0.044782261345852906,0.11666666666666667,,1.696686777120011,3759133.0278324666,0.0,5395728.972167533,5395728.972167533,0,False
2017-03-01,2017-02-28,2017-02-28,0.04418000231303006,0.1,,1.6867872172758485,3759493.4926433545,0.0,5474029.507356646,5474029.507356646,0,False
2017-03-02,2017-03-01,2017-02-28,0.04418000231303006,0.1,,1.6920635608671915,3759853.9920193614,0.0,5432816.007980639,5432816.007980639,0,False
2017-03-03,2017-03-02,2017-02-28,0.04418000231303006,0.1,,1.69638857822043,3760214.5259638014,0.0,5399592.474036198,5399592.474036198,0,False
2017-03-06,2017-03-03,2017-02-28,0.04418000231303006,0.1,,1.6891832934807813,3761296.2315123663,0.0,5457613.768487634,5457613.768487634,0,False
2017-03-07,2017-03-06,2017-02-28,0.04418000231303006,0.1,,1.6890159045749635,3761656.9037537444,0.0,5459463.096246256,5459463.096246256,0,False
2017-03-08,2017-03-07,2017-02-28,0.04418000231303006,0.1,,1.6922069378284375,3762017.610580132,0.0,5434816.389419869,5434816.389419869,0,False
2017-03-09,2017-03-08,2017-02-28,0.04418000231303006,0.1,,1.7160839070061416,3762378.351994845,0.0,5254102.648005155,5254102.648005155,0,False
2017-03-10,2017-03-09,2017-02-28,0.04418000231303006,0.1,,1.724152799073149,3762739.128001201,0.0,5196056.871998799,5196056.871998799,0,False
2017-03-13,2017-03-10,2017-02-28,0.04418000231303006,0.1,,1.708266953304414,3763821.5598051464,0.0,5314128.440194854,5314128.440194854,0,False
2017-03-14,2017-03-13,2017-02-28,0.04418000231303006,0.1,,1.6943396914946358,3764182.4742012923,0.0,5421240.525798708,5421240.525798708,0,False
2017-03-15,2017-03-14,2017-02-28,0.04418000231303006,0.1,,1.6772786595262532,3764543.4232056676,0.0,5558337.576794332,5558337.576794332,0,False
2017-03-16,2017-03-15,2017-02-28,0.04418000231303006,0.1,,1.6733325620510562,3764904.4068215913,0.0,5591448.593178408,5591448.593178408,0,False
2017-03-17,2017-03-16,2017-02-28,0.04418000231303006,0.1,,1.6863499490217537,3765265.4250523825,0.0,5485926.574947618,5485926.574947618,0,False
2017-03-20,2017-03-17,2017-02-28,0.04418000231303006,0.1,,1.6659852511355573,3941581.8571393155,0.0,5918422.142860685,5918422.142860685,0,False
2017-03-21,2017-03-20,2017-02-28,0.04418000231303006,0.1,,1.6659515862747498,4162208.0416834247,0.0,6250015.958316576,6250015.958316576,0,False
2017-03-22,2017-03-21,2017-02-28,0.04418000231303006,0.1,,1.6801700315354628,4162607.1575230383,0.0,6119950.842476962,6119950.842476962,0,False
2017-03-23,2017-03-22,2017-02-28,0.04418000231303006,0.1,,1.684253728194198,4163006.311634034,0.0,6084009.688365966,6084009.688365966,0,False
2017-03-24,2017-03-23,2017-02-28,0.04418000231303006,0.1,,1.6894112990662509,4163405.504020081,0.0,6039073.495979919,6039073.495979919,0,False
2017-03-27,2017-03-24,2017-02-28,0.04418000231303006,0.1,,1.6960156424474386,4164603.196014388,0.0,5983490.8039856125,5983490.8039856125,0,False
2017-03-28,2017-03-27,2017-02-28,0.04418000231303006,0.1,,1.695483471408377,4165002.5415263344,0.0,5988643.458473666,5988643.458473666,0,False
2017-03-29,2017-03-28,2017-02-28,0.04418000231303006,0.1,,1.6948063976490726,4165401.925331686,0.0,5995054.074668314,5995054.074668314,0,False
2017-03-30,2017-03-29,2017-02-28,0.04418000231303006,0.1,,1.6970463953843178,4165801.347434115,0.0,5976361.652565885,5976361.652565885,0,False
2017-03-31,2017-03-30,2017-02-28,0.04418000231303006,0.1,,1.6937607790465605,4166200.807837294,0.0,6005241.192162706,6005241.192162706,0,False
2017-04-05,2017-03-31,2017-03-31,0.044993011673151756,0.15,,1.6794478455118877,4168198.3013752983,0.0,6134684.698624702,6134684.698624702,0,False
2017-04-06,2017-04-05,2017-03-31,0.044993011673151756,0.15,,1.6795787649597633,4168597.9916233756,0.0,6134091.008376624,6134091.008376624,0,False
2017-04-07,2017-04-06,2017-03-31,0.044993011673151756,0.15,,1.6823951329210152,4168997.7201979146,0.0,6109360.279802086,6109360.279802086,0,False
2017-04-10,2017-04-07,2017-03-31,0.044993011673151756,0.15,,1.6659573626712934,4170197.020911944,0.0,6261957.979088056,6261957.979088056,0,False
2017-04-11,2017-04-10,2017-03-31,0.044993011673151756,0.15,,1.6712569842315816,4170596.902818059,0.0,6213115.09718194,6213115.09718194,0,False
2017-04-12,2017-04-11,2017-03-31,0.044993011673151756,0.15,,1.6749185604619752,4170996.823069014,0.0,6180000.176930986,6180000.176930986,0,False
2017-04-13,2017-04-12,2017-03-31,0.044993011673151756,0.15,,1.6757843738586324,4171396.7816684865,0.0,6172674.218331514,6172674.218331514,0,False
2017-04-14,2017-04-13,2017-03-31,0.044993011673151756,0.15,,1.6767977064314623,4171796.778620153,0.0,6164023.221379846,6164023.221379846,0,False
2017-04-17,2017-04-14,2017-03-31,0.044993011673151756,0.15,,1.6726441409767032,4172996.8845427698,0.0,6203870.11545723,6203870.11545723,0,False
2017-04-18,2017-04-17,2017-03-31,0.044993011673151756,0.15,,1.685043902139279,4173397.034928959,0.0,6092159.965071041,6092159.965071041,0,False
2017-04-19,2017-04-18,2017-03-31,0.044993011673151756,0.15,,1.7032846336474967,4173797.223685733,0.0,5934719.776314267,5934719.776314267,0,False
2017-04-20,2017-04-19,2017-03-31,0.044993011673151756,0.15,,1.696211807266334,4174197.4508167715,0.0,5995585.549183229,5995585.549183229,0,False
2017-04-21,2017-04-20,2017-03-31,0.044993011673151756,0.15,,1.6877140390940926,4174597.716325754,0.0,6070252.283674246,6070252.283674246,0,False
2017-04-24,2017-04-21,2017-03-31,0.044993011673151756,0.15,,1.6983025659389026,4175798.6279975735,0.0,5979927.372002427,5979927.372002427,0,False
2017-04-25,2017-04-24,2017-03-31,0.044993011673151756,0.15,,1.705348839722115,4176199.0470440937,0.0,5920756.952955906,5920756.952955906,0,False
2017-04-26,2017-04-25,2017-03-31,0.044993011673151756,0.15,,1.6997743748656922,4176599.504486961,0.0,5968494.495513039,5968494.495513039,0,False
2017-04-27,2017-04-26,2017-03-31,0.044993011673151756,0.15,,1.6980747377097603,4177000.0003298568,0.0,5983599.999670143,5983599.999670143,0,False
2017-04-28,2017-04-27,2017-03-31,0.044993011673151756,0.15,,1.693479676420663,4177400.5345764635,0.0,6023825.4654235365,6023825.4654235365,0,False
2017-05-02,2017-04-28,2017-04-28,0.04413420646178093,0.1,,1.6905855852081757,4179002.8251924654,0.0,6051390.174807535,6051390.174807535,0,False
2017-05-03,2017-05-02,2017-04-28,0.04413420646178093,0.1,,1.6860862112890387,4179403.5514907716,0.0,6091659.448509228,6091659.448509228,0,False
2017-05-04,2017-05-03,2017-04-28,0.04413420646178093,0.1,,1.701032601870307,4179804.316214887,0.0,5962353.683785113,5962353.683785113,0,False
2017-05-05,2017-05-04,2017-04-28,0.04413420646178093,0.1,,1.7221769847228503,4180205.119368497,0.0,5788338.880631503,5788338.880631503,0,False
2017-05-08,2017-05-05,2017-04-28,0.04413420646178093,0.1,,1.727663825470679,4181407.6441288632,0.0,5746345.355871137,5746345.355871137,0,False
2017-05-09,2017-05-08,2017-04-28,0.04413420646178093,0.1,,1.7268825393001601,4181808.6010262454,0.0,5753073.398973755,5753073.398973755,0,False
2017-05-10,2017-05-09,2017-04-28,0.04413420646178093,0.1,,1.7318792905788547,4182209.596371549,0.0,5714343.403628451,5714343.403628451,0,False
2017-05-11,2017-05-10,2017-04-28,0.04413420646178093,0.1,,1.722088517190839,4182610.6301684617,0.0,5792379.369831538,5792379.369831538,0,False
2017-05-12,2017-05-11,2017-04-28,0.04413420646178093,0.1,,1.7244765159463085,4183011.7024206696,0.0,5773840.29757933,5773840.29757933,0,False
2017-05-15,2017-05-12,2017-04-28,0.04413420646178093,0.1,,1.6997102904688943,4184215.0345542426,0.0,5979924.965445757,5979924.965445757,0,False
2017-05-16,2017-05-15,2017-04-28,0.04413420646178093,0.1,,1.6928635207366833,4184616.2606534464,0.0,6039596.739346554,6039596.739346554,0,False
2017-05-17,2017-05-16,2017-04-28,0.04413420646178093,0.1,,1.6973271392532183,4185017.525226386,0.0,6001512.474773614,6001512.474773614,0,False
2017-05-18,2017-05-17,2017-04-28,0.04413420646178093,0.1,,1.7002744781299206,4185418.82827675,0.0,5976826.17172325,5976826.17172325,0,False
2017-05-19,2017-05-18,2017-04-28,0.04413420646178093,0.1,,1.698920398547109,4185820.169808229,0.0,5988979.830191771,5988979.830191771,0,False
2017-05-22,2017-05-19,2017-04-28,0.04413420646178093,0.1,,1.6939184009894463,4187024.309857078,0.0,6033885.690142922,6033885.690142922,0,False
2017-05-23,2017-05-22,2017-04-28,0.04413420646178093,0.1,,1.6747214134994686,4187425.805338845,0.0,6206155.194661155,6206155.194661155,0,False
2017-05-24,2017-05-23,2017-04-28,0.04413420646178093,0.1,,1.673205381709721,4187827.339320179,0.0,6220727.660679821,6220727.660679821,0,False
2017-05-25,2017-05-24,2017-04-28,0.04413420646178093,0.1,,1.6658299928724345,4278931.888034771,0.0,6426463.111965229,6426463.111965229,0,False
2017-05-26,2017-05-25,2017-04-28,0.04413420646178093,0.1,,1.6657052621269142,4306603.46913198,0.0,6469234.53086802,6469234.53086802,0,False
2017-05-31,2017-05-26,2017-04-28,0.04413420646178093,0.1,,1.6674137709460006,4308668.27901444,0.0,6455767.72098556,6455767.72098556,0,False
2017-06-01,2017-05-31,2017-05-31,0.04171901167315176,0.08333333333333333,,1.6655568607322293,4346453.8126564,0.0,6530552.1873436,6530552.1873436,0,False
2017-06-02,2017-06-01,2017-05-31,0.04171901167315176,0.08333333333333333,,1.6659692551843446,4480885.3358987095,0.0,6728366.6641012905,6728366.6641012905,0,False
2017-06-05,2017-06-02,2017-05-31,0.04171901167315176,0.08333333333333333,,1.6678489302618766,4482174.357707666,0.0,6711359.642292334,6711359.642292334,0,False
2017-06-06,2017-06-05,2017-05-31,0.04171901167315176,0.08333333333333333,,1.6724511259256856,4482604.155248816,0.0,6666066.844751184,6666066.844751184,0,False
2017-06-07,2017-06-06,2017-05-31,0.04171901167315176,0.08333333333333333,,1.6655868129918534,4500339.1670034295,0.0,6761460.8329965705,6761460.8329965705,0,False
2017-06-08,2017-06-07,2017-05-31,0.04171901167315176,0.08333333333333333,,1.6658462193046295,4526150.960125608,0.0,6797592.039874392,6797592.039874392,0,False
2017-06-09,2017-06-08,2017-05-31,0.04171901167315176,0.08333333333333333,,1.6587485827849935,4526584.974601237,0.0,6871491.025398763,6871491.025398763,0,False
2017-06-12,2017-06-09,2017-05-31,0.04171901167315176,0.08333333333333333,,1.6501940845773617,4527887.142881602,0.0,6963900.857118398,6963900.857118398,0,False
2017-06-13,2017-06-12,2017-05-31,0.04171901167315176,0.08333333333333333,,1.6488949055449154,4528321.323840508,0.0,6978512.676159492,6978512.676159492,0,False
2017-06-14,2017-06-13,2017-05-31,0.04171901167315176,0.08333333333333333,,1.665834392875212,4554236.801193206,0.0,6839894.198806794,6839894.198806794,0,False
2017-06-15,2017-06-14,2017-05-31,0.04171901167315176,0.08333333333333333,,1.6659892486082515,4548473.301118104,76.7711064276914,6829534.469988324,6829534.469988324,0,False
2017-06-16,2017-06-15,2017-05-31,0.04171901167315176,0.08333333333333333,,1.6739487327744946,4548832.684985756,0.0,6749523.315014244,6749523.315014244,0,False
2017-06-19,2017-06-16,2017-05-31,0.04171901167315176,0.08333333333333333,,1.665887116292345,4591481.666642396,0.0,6895285.333357604,6895285.333357604,0,False
2017-06-20,2017-06-19,2017-05-31,0.04171901167315176,0.08333333333333333,,1.6658990676055863,4602637.05280632,0.0,6911913.94719368,6911913.94719368,0,False
2017-06-21,2017-06-20,2017-05-31,0.04171901167315176,0.08333333333333333,,1.6659341453165837,4653997.187894807,0.0,6988674.812105193,6988674.812105193,0,False
2017-06-22,2017-06-21,2017-05-31,0.04171901167315176,0.08333333333333333,,1.6659209166806168,4659860.515667756,0.0,6997618.484332244,6997618.484332244,0,False
2017-06-23,2017-06-22,2017-05-31,0.04171901167315176,0.08333333333333333,,1.6658545310503896,4725610.534167614,0.0,7097061.465832386,7097061.465832386,0,False
2017-06-26,2017-06-23,2017-05-31,0.04171901167315176,0.08333333333333333,,1.665921690285573,4896404.592136073,0.0,7352823.407863927,7352823.407863927,0,False
2017-06-27,2017-06-26,2017-05-31,0.04171901167315176,0.08333333333333333,,1.6659363498188888,4941360.555144633,0.0,7420169.444855367,7420169.444855367,0,False
2017-06-28,2017-06-27,2017-05-31,0.04171901167315176,0.08333333333333333,,1.6657854759952435,4941834.384238962,0.0,7422562.615761038,7422562.615761038,0,False
2017-06-29,2017-06-28,2017-05-31,0.04171901167315176,0.08333333333333333,,1.6659416944347736,5044379.485368958,0.0,7574806.514631042,7574806.514631042,0,False
2017-06-30,2017-06-29,2017-05-31,0.04171901167315176,0.08333333333333333,,1.6660482258236506,5036328.592990843,0.0,7561507.407009157,7561507.407009157,0,False
2017-07-03,2017-06-30,2017-06-30,0.03899959895444361,0.08333333333333333,,1.666332427560524,5037777.399846361,0.0,7560456.600153639,7560456.600153639,0,False
2017-07-04,2017-07-03,2017-06-30,0.03899959895444361,0.08333333333333333,,1.6658722471267853,5051465.606391552,0.0,7586238.393608448,7586238.393608448,0,False
2017-07-05,2017-07-04,2017-06-30,0.03899959895444361,0.08333333333333333,,1.6657127360922523,5093779.7324344935,0.0,7651618.2675655065,7651618.2675655065,0,False
2017-07-06,2017-07-05,2017-06-30,0.03899959895444361,0.08333333333333333,,1.6657965940031947,5230123.119466371,0.0,7855436.880533629,7855436.880533629,0,False
2017-07-07,2017-07-06,2017-06-30,0.03899959895444361,0.08333333333333333,,1.6657356599838296,5300652.340321663,0.0,7962097.659678337,7962097.659678337,0,False
2017-07-10,2017-07-07,2017-06-30,0.03899959895444361,0.08333333333333333,,1.6445096624541404,5302177.185515454,101246.0,8069593.814484546,8069593.814484546,0,False
2017-07-11,2017-07-10,2017-06-30,0.03899959895444361,0.08333333333333333,,1.6622629064120875,5230790.897432476,29351.283967725933,7854040.38653525,7854040.38653525,0,False
2017-07-12,2017-07-11,2017-06-30,0.03899959895444361,0.08333333333333333,,1.6659756815597506,5203446.547361739,193.338138194159,7812977.790776454,7812977.790776454,0,False
2017-07-13,2017-07-12,2017-06-30,0.03899959895444361,0.08333333333333333,,1.6659494074160728,5303481.138831374,0.0,7963789.861168626,7963789.861168626,0,False
2017-07-14,2017-07-13,2017-06-30,0.03899959895444361,0.08333333333333333,,1.660253434792138,5303989.691817289,0.0,8033263.308182711,8033263.308182711,0,False
2017-07-17,2017-07-14,2017-06-30,0.03899959895444361,0.08333333333333333,,1.6614801308909808,5305515.4970710995,0.0,8020672.5029289005,8020672.5029289005,0,False
2017-07-18,2017-07-17,2017-06-30,0.03899959895444361,0.08333333333333333,,1.659087453359926,5306024.245132462,0.0,8050561.754867538,8050561.754867538,0,False
2017-07-19,2017-07-18,2017-06-30,0.03899959895444361,0.08333333333333333,,1.6291287546846334,5306533.041977886,0.0,8434732.958022114,8434732.958022114,0,False
2017-07-20,2017-07-19,2017-06-30,0.03899959895444361,0.08333333333333333,,1.6657467944008686,5577789.451122048,0.0,8378244.548877952,8378244.548877952,0,False
2017-07-21,2017-07-20,2017-06-30,0.03899959895444361,0.08333333333333333,,1.658620976747554,5578324.307644758,62675.28844000003,8374541.980795242,8374541.980795242,0,False
2017-07-24,2017-07-21,2017-06-30,0.03899959895444361,0.08333333333333333,,1.6663962196439968,5517253.742635724,0.0,8279239.257364276,8279239.257364276,0,False
2017-07-25,2017-07-24,2017-06-30,0.03899959895444361,0.08333333333333333,,1.6748792013539857,5517782.79436447,0.0,8175956.20563553,8175956.20563553,0,False
2017-07-26,2017-07-25,2017-06-30,0.03899959895444361,0.08333333333333333,,1.6830858567806954,5518311.896824203,0.0,8078504.103175797,8078504.103175797,0,False
2017-07-27,2017-07-26,2017-06-30,0.03899959895444361,0.08333333333333333,,1.6884087028210162,5518841.0500197895,0.0,8016808.9499802105,8016808.9499802105,0,False
2017-07-28,2017-07-27,2017-06-30,0.03899959895444361,0.08333333333333333,,1.6785487415576117,5519370.2539560925,0.0,8134080.7460439075,8134080.7460439075,0,False
2017-07-31,2017-07-28,2017-06-30,0.03899959895444361,0.08333333333333333,,1.6657507116781898,5538033.188701751,0.0,8318478.811298249,8318478.811298249,0,False
2017-08-01,2017-07-31,2017-07-31,0.03630894049346879,0.06666666666666667,,1.6659980575406044,5538564.232980119,0.0,8316186.767019881,8316186.767019881,0,False
2017-08-02,2017-08-01,2017-07-31,0.03630894049346879,0.06666666666666667,,1.673202195764697,5539095.328180542,0.0,8227981.671819458,8227981.671819458,0,False
2017-08-03,2017-08-02,2017-07-31,0.03630894049346879,0.06666666666666667,,1.6755678682586932,5539626.474307902,0.0,8199955.525692098,8199955.525692098,0,False
2017-08-04,2017-08-03,2017-07-31,0.03630894049346879,0.06666666666666667,,1.6790056854966258,5540157.671367083,0.0,8159221.328632917,8159221.328632917,0,False
2017-08-07,2017-08-04,2017-07-31,0.03630894049346879,0.06666666666666667,,1.671329156118216,5541751.415354736,0.0,8254894.584645264,8254894.584645264,0,False
2017-08-08,2017-08-07,2017-07-31,0.03630894049346879,0.06666666666666667,,1.6691504412001141,5542282.816175386,0.0,8282566.183824614,8282566.183824614,0,False
2017-08-09,2017-08-08,2017-07-31,0.03630894049346879,0.06666666666666667,,1.66197276222659,5542814.26795228,0.0,8373175.73204772,8373175.73204772,0,False
2017-08-10,2017-08-09,2017-07-31,0.03630894049346879,0.06666666666666667,,1.6646516477644115,5543345.770690303,0.0,8340227.229309697,8340227.229309697,0,False
2017-08-11,2017-08-10,2017-07-31,0.03630894049346879,0.06666666666666667,,1.689759636119925,5543877.3243943425,0.0,8037404.6756056575,8037404.6756056575,0,False
2017-08-14,2017-08-11,2017-07-31,0.03630894049346879,0.06666666666666667,,1.6816314831087211,5545472.138419168,0.0,8135586.861580832,8135586.861580832,0,False
2017-08-15,2017-08-14,2017-07-31,0.03630894049346879,0.06666666666666667,,1.6657938668060706,5383638.375249693,1771.4806382106617,8083383.105388517,8083383.105388517,0,False
2017-08-16,2017-08-15,2017-07-31,0.03630894049346879,0.06666666666666667,,1.668456777500129,5382383.133907739,0.0,8051953.866092261,8051953.866092261,0,False
2017-08-17,2017-08-16,2017-07-31,0.03630894049346879,0.06666666666666667,,1.660885529483881,5382899.252838388,0.0,8144979.747161612,8144979.747161612,0,False
2017-08-18,2017-08-17,2017-07-31,0.03630894049346879,0.06666666666666667,,1.6583670112792455,5383415.421259893,0.0,8176921.578740107,8176921.578740107,0,False
2017-08-21,2017-08-18,2017-07-31,0.03630894049346879,0.06666666666666667,,1.6486325294170276,5384964.075011214,0.0,8302025.924988786,8302025.924988786,0,False
2017-08-22,2017-08-21,2017-07-31,0.03630894049346879,0.06666666666666667,,1.6657673082976134,5580743.918049366,0.0,8382424.081950634,8382424.081950634,0,False
2017-08-23,2017-08-22,2017-07-31,0.03630894049346879,0.06666666666666667,,1.6753458686913285,5581279.057877124,0.0,8264326.942122876,8264326.942122876,0,False
2017-08-24,2017-08-23,2017-07-31,0.03630894049346879,0.06666666666666667,,1.6689657885615863,5581814.24901966,0.0,8343945.75098034,8343945.75098034,0,False
2017-08-25,2017-08-24,2017-07-31,0.03630894049346879,0.06666666666666667,,1.665727361342782,5683412.607201895,0.0,8537147.392798105,8537147.392798105,0,False
2017-08-28,2017-08-25,2017-07-31,0.03630894049346879,0.06666666666666667,,1.6657688341038466,5755380.297263555,0.0,8644712.702736445,8644712.702736445,0,False
2017-08-29,2017-08-28,2017-07-31,0.03630894049346879,0.06666666666666667,,1.6724220769335731,5755932.183045485,0.0,8559998.816954516,8559998.816954516,0,False
2017-08-30,2017-08-29,2017-07-31,0.03630894049346879,0.06666666666666667,,1.6657909920093477,5799761.554467969,0.0,8711084.445532031,8711084.445532031,0,False
2017-08-31,2017-08-30,2017-07-31,0.03630894049346879,0.06666666666666667,,1.6659451441422835,5844963.14238689,0.0,8776943.857613109,8776943.857613109,0,False
2017-09-01,2017-08-31,2017-08-31,0.03578110951008646,0.06666666666666667,,1.6763381920593219,5845523.618304653,0.0,8642900.381695347,8642900.381695347,0,False
2017-09-04,2017-09-01,2017-08-31,0.03578110951008646,0.06666666666666667,,1.6659874564888593,5899239.780930741,0.0,8857884.21906926,8857884.21906926,0,False
2017-09-05,2017-09-04,2017-08-31,0.03578110951008646,0.06666666666666667,,1.6811180558178271,5899805.461457679,0.0,8661942.538542321,8661942.538542321,0,False
2017-09-06,2017-09-05,2017-08-31,0.03578110951008646,0.06666666666666667,,1.6781883223444007,5900371.196227956,0.0,8700195.803772043,8700195.803772043,0,False
2017-09-07,2017-09-06,2017-08-31,0.03578110951008646,0.06666666666666667,,1.701016023739586,5900936.985246772,0.0,8417692.014753228,8417692.014753228,0,False
2017-09-08,2017-09-07,2017-08-31,0.03578110951008646,0.06666666666666667,,1.6956733427887178,5901502.828519329,0.0,8483152.17148067,8483152.17148067,0,False
2017-09-11,2017-09-08,2017-08-31,0.03578110951008646,0.06666666666666667,,1.6912571049734129,5903200.521113835,0.0,8539804.478886165,8539804.478886165,0,False
2017-09-12,2017-09-11,2017-08-31,0.03578110951008646,0.06666666666666667,,1.671638050611189,5903766.581437778,0.0,8790101.418562222,8790101.418562222,0,False
2017-09-13,2017-09-12,2017-08-31,0.03578110951008646,0.06666666666666667,,1.6659365094615775,5999950.060861477,0.0,9009792.939138524,9009792.939138524,0,False
2017-09-14,2017-09-13,2017-08-31,0.03578110951008646,0.06666666666666667,,1.6659360569800172,6033797.731208546,0.0,9060626.268791454,9060626.268791454,0,False
2017-09-15,2017-09-14,2017-08-31,0.03578110951008646,0.06666666666666667,,1.6978437734757312,6034376.314552635,0.0,8647173.685447365,8647173.685447365,0,False
2017-09-18,2017-09-15,2017-08-31,0.03578110951008646,0.06666666666666667,,1.7069876858484108,6036112.231026684,0.0,8537789.768973317,8537789.768973317,0,False
2017-09-19,2017-09-18,2017-08-31,0.03578110951008646,0.06666666666666667,,1.7073867117916273,6036691.036309111,0.0,8533791.963690888,8533791.963690888,0,False
2017-09-20,2017-09-19,2017-08-31,0.03578110951008646,0.06666666666666667,,1.6975611667838204,6037269.897093414,0.0,8654825.102906585,8654825.102906585,0,False
2017-09-21,2017-09-20,2017-08-31,0.03578110951008646,0.06666666666666667,,1.7024155279723328,6037848.813384917,0.0,8595836.186615083,8595836.186615083,0,False
2017-09-22,2017-09-21,2017-08-31,0.03578110951008646,0.06666666666666667,,1.7010739365358816,6038427.785188939,0.0,8613111.21481106,8613111.21481106,0,False
2017-09-25,2017-09-22,2017-08-31,0.03578110951008646,0.06666666666666667,,1.6986698191939757,6040164.867154541,0.0,8645235.132845458,8645235.132845458,0,False
2017-09-26,2017-09-25,2017-08-31,0.03578110951008646,0.06666666666666667,,1.6914655619602805,6040744.061045912,0.0,8736145.938954089,8736145.938954089,0,False
2017-09-27,2017-09-26,2017-08-31,0.03578110951008646,0.06666666666666667,,1.6871462894687468,6041323.310476423,0.0,8791902.689523578,8791902.689523578,0,False
2017-09-28,2017-09-27,2017-08-31,0.03578110951008646,0.06666666666666667,,1.690755034187041,6041902.6154514,0.0,8746809.3845486,8746809.3845486,0,False
2017-09-29,2017-09-28,2017-08-31,0.03578110951008646,0.06666666666666667,,1.6946658310289022,6042481.975976169,0.0,8698401.02402383,8698401.02402383,0,False
2017-10-09,2017-09-29,2017-09-29,0.03617057989877079,0.08333333333333333,,1.6995682644685097,6048276.13677505,0.0,8645726.86322495,8645726.86322495,0,False
2017-10-10,2017-10-09,2017-09-29,0.03617057989877079,0.08333333333333333,,1.7071208712293162,6048856.108459398,0.0,8554203.891540602,8554203.891540602,0,False
2017-10-11,2017-10-10,2017-09-29,0.03617057989877079,0.08333333333333333,,1.710116741413257,6049436.13575747,0.0,8518931.864242531,8518931.864242531,0,False
2017-10-12,2017-10-11,2017-09-29,0.03617057989877079,0.08333333333333333,,1.7147188415874808,6050016.218674597,0.0,8464889.781325404,8464889.781325404,0,False
2017-10-13,2017-10-12,2017-09-29,0.03617057989877079,0.08333333333333333,,1.7026494481742402,6050596.357216114,0.0,8611116.642783886,8611116.642783886,0,False
2017-10-16,2017-10-13,2017-09-29,0.03617057989877079,0.08333333333333333,,1.7023870193984563,6052336.939729834,0.0,8616812.060270166,8616812.060270166,0,False
2017-10-17,2017-10-16,2017-09-29,0.03617057989877079,0.08333333333333333,,1.7085442984280823,6052917.300806247,0.0,8542750.699193753,8542750.699193753,0,False
2017-10-18,2017-10-17,2017-09-29,0.03617057989877079,0.08333333333333333,,1.6976496360800806,6053497.717533722,0.0,8676988.282466277,8676988.282466277,0,False
2017-10-19,2017-10-18,2017-09-29,0.03617057989877079,0.08333333333333333,,1.7021691251475435,6054078.189917595,0.0,8621965.810082406,8621965.810082406,0,False
2017-10-20,2017-10-19,2017-09-29,0.03617057989877079,0.08333333333333333,,1.6831736443491707,5989018.717963204,0.0,8766466.282036796,8766466.282036796,0,False
2017-10-23,2017-10-20,2017-09-29,0.03617057989877079,0.08333333333333333,,1.6798855283826966,5990741.586361522,0.0,8811397.413638478,8811397.413638478,0,False
2017-10-24,2017-10-23,2017-09-29,0.03617057989877079,0.08333333333333333,,1.6683951206563288,5991316.041034186,0.0,8963733.958965814,8963733.958965814,0,False
2017-10-25,2017-10-24,2017-09-29,0.03617057989877079,0.08333333333333333,,1.6659640760026517,6079362.171611546,0.0,9128663.828388454,9128663.828388454,0,False
2017-10-26,2017-10-25,2017-09-29,0.03617057989877079,0.08333333333333333,,1.6659833501799421,6119850.52314855,0.0,9189194.47685145,9189194.47685145,0,False
2017-10-27,2017-10-26,2017-09-29,0.03617057989877079,0.08333333333333333,,1.6663622084642054,6120437.358130221,0.0,9184850.64186978,9184850.64186978,0,False
2017-10-30,2017-10-27,2017-09-29,0.03617057989877079,0.08333333333333333,,1.6699658356116045,6122198.031890779,0.0,9138074.96810922,9138074.96810922,0,False
2017-10-31,2017-10-30,2017-09-29,0.03617057989877079,0.08333333333333333,,1.6659748612342,6254729.604276028,0.0,9391840.395723972,9391840.395723972,0,False
2017-11-01,2017-10-31,2017-10-31,0.03333733526011561,0.06666666666666667,,1.6763303787975299,6255329.372868219,0.0,9248925.62713178,9248925.62713178,0,False
2017-11-02,2017-11-01,2017-10-31,0.03333733526011561,0.06666666666666667,,1.6761315343056897,6255929.198972467,0.0,9252532.801027533,9252532.801027533,0,False
2017-11-03,2017-11-02,2017-10-31,0.03333733526011561,0.06666666666666667,,1.6878357411491063,6256529.082594287,0.0,9095963.917405713,9095963.917405713,0,False
2017-11-06,2017-11-03,2017-10-31,0.03333733526011561,0.06666666666666667,,1.6675832041238587,6258328.906029006,0.0,9374605.093970995,9374605.093970995,0,False
2017-11-07,2017-11-06,2017-10-31,0.03333733526011561,0.06666666666666667,,1.6659851844110118,6271170.142119721,0.0,9416380.85788028,9416380.85788028,0,False
2017-11-08,2017-11-07,2017-10-31,0.03333733526011561,0.06666666666666667,,1.6683968828516214,6271771.487201842,0.0,9383304.512798158,9383304.512798158,0,False
2017-11-09,2017-11-08,2017-10-31,0.03333733526011561,0.06666666666666667,,1.66592132578771,6527316.93070719,0.0,9801934.06929281,9801934.06929281,0,False
2017-11-10,2017-11-09,2017-10-31,0.03333733526011561,0.06666666666666667,,1.6691047037395197,6527942.8378101345,0.0,9756235.162189865,9756235.162189865,0,False
2017-11-13,2017-11-10,2017-10-31,0.03333733526011561,0.06666666666666667,,1.6659845136376088,6779148.162174436,0.0,10179137.837825563,10179137.837825563,0,False
2017-11-14,2017-11-13,2017-10-31,0.03333733526011561,0.06666666666666667,,1.6659192073871951,7017721.386147658,0.0,10538397.61385234,10538397.61385234,0,False
2017-11-15,2017-11-14,2017-10-31,0.03333733526011561,0.06666666666666667,,1.6757471008390978,7018394.318335371,0.0,10386125.681664629,10386125.681664629,0,False
2017-11-16,2017-11-15,2017-10-31,0.03333733526011561,0.06666666666666667,,1.66592327617208,7057792.702250828,0.0,10598507.297749173,10598507.297749173,0,False
2017-11-17,2017-11-16,2017-10-31,0.03333733526011561,0.06666666666666667,,1.6666140117696486,7058469.47689351,0.0,10588540.52310649,10588540.52310649,0,False
2017-11-20,2017-11-17,2017-10-31,0.03333733526011561,0.06666666666666667,,1.665978886539801,7160038.943590151,0.0,10751150.056409849,10751150.056409849,0,False
2017-11-21,2017-11-20,2017-10-31,0.03333733526011561,0.06666666666666667,,1.666314362692804,7160725.522666934,0.0,10746767.477333065,10746767.477333065,0,False
2017-11-22,2017-11-21,2017-10-31,0.03333733526011561,0.06666666666666667,,1.6659896951114057,7407747.261460066,0.0,11122915.738539934,11122915.738539934,0,False
2017-11-23,2017-11-22,2017-10-31,0.03333733526011561,0.06666666666666667,,1.7005083580726066,7408457.593389247,0.0,10575830.406610753,10575830.406610753,0,False
2017-11-24,2017-11-23,2017-10-31,0.03333733526011561,0.06666666666666667,,1.7071495588636123,7409167.993432448,0.0,10477512.006567553,10477512.006567553,0,False
2017-11-27,2017-11-24,2017-10-31,0.03333733526011561,0.06666666666666667,,1.7423650420533001,7411299.39792371,0.0,9983362.60207629,9983362.60207629,0,False
2017-11-28,2017-11-27,2017-10-31,0.03333733526011561,0.06666666666666667,,1.6998849157149452,7412010.070468716,0.0,10590326.929531284,10590326.929531284,0,False
2017-11-29,2017-11-28,2017-10-31,0.03333733526011561,0.06666666666666667,,1.673110539307848,7412720.811160405,0.0,11012635.188839596,11012635.188839596,0,False
2017-11-30,2017-11-29,2017-10-31,0.03333733526011561,0.06666666666666667,,1.6901303563687458,7413431.6200053105,0.0,10742074.37999469,10742074.37999469,0,False
2017-12-01,2017-11-30,2017-11-30,0.033510296162201296,0.08333333333333333,,1.708700526863973,7414142.497009968,0.0,10461601.502990032,10461601.502990032,0,False
2017-12-04,2017-12-01,2017-11-30,0.033510296162201296,0.08333333333333333,,1.719833168350235,7416275.332522807,0.0,10302769.667477194,10302769.667477194,0,False
2017-12-05,2017-12-04,2017-11-30,0.033510296162201296,0.08333333333333333,,1.7148227759602956,7416986.482212227,0.0,10375979.517787773,10375979.517787773,0,False
2017-12-06,2017-12-05,2017-11-30,0.033510296162201296,0.08333333333333333,,1.7357837790086919,7417697.700094082,0.0,10081355.299905919,10081355.299905919,0,False
2017-12-07,2017-12-06,2017-11-30,0.033510296162201296,0.08333333333333333,,1.7700589372494469,7418408.986174913,0.0,9633560.013825087,9633560.013825087,0,False
2017-12-08,2017-12-07,2017-11-30,0.033510296162201296,0.08333333333333333,,1.759451749958149,7419120.340461259,0.0,9769047.659538742,9769047.659538742,0,False
2017-12-11,2017-12-08,2017-11-30,0.033510296162201296,0.08333333333333333,,1.7350387761304962,7421254.60795646,0.0,10096412.39204354,10096412.39204354,0,False
2017-12-12,2017-12-11,2017-11-30,0.033510296162201296,0.08333333333333333,,1.7650572403928293,7421966.235110647,0.0,9701190.764889352,9701190.764889352,0,False
2017-12-13,2017-12-12,2017-11-30,0.033510296162201296,0.08333333333333333,,1.7580884880567766,7422677.9305030545,0.0,9791308.069496945,9791308.069496945,0,False
2017-12-14,2017-12-13,2017-11-30,0.033510296162201296,0.08333333333333333,,1.7601152289438038,7423389.694140226,0.0,9766137.305859774,9766137.305859774,0,False
2017-12-15,2017-12-14,2017-11-30,0.033510296162201296,0.08333333333333333,,1.7914825053074357,7424101.526028705,0.0,9379994.473971296,9379994.473971296,0,False
2017-12-18,2017-12-15,2017-11-30,0.033510296162201296,0.08333333333333333,,1.756758088992045,7426237.2264677,0.0,9813224.773532301,9813224.773532301,0,False
2017-12-19,2017-12-18,2017-11-30,0.033510296162201296,0.08333333333333333,,1.7412983516134453,7426949.331407224,0.0,10018839.668592777,10018839.668592777,0,False
2017-12-20,2017-12-19,2017-11-30,0.033510296162201296,0.08333333333333333,,1.744432973457028,7427661.504630784,0.0,9977609.495369216,9977609.495369216,0,False
2017-12-21,2017-12-20,2017-11-30,0.033510296162201296,0.08333333333333333,,1.7223384738961034,7428373.746144926,0.0,10283785.253855074,10283785.253855074,0,False
2017-12-22,2017-12-21,2017-11-30,0.033510296162201296,0.08333333333333333,,1.7163725236706047,7429086.055956201,0.0,10370422.9440438,10370422.9440438,0,False
2017-12-25,2017-12-22,2017-11-30,0.033510296162201296,0.08333333333333333,,1.7199985706377263,7431223.190301064,0.0,10321163.809698936,10321163.809698936,0,False
2017-12-26,2017-12-25,2017-11-30,0.033510296162201296,0.08333333333333333,,1.709321542438082,7431935.77334671,0.0,10477527.226653289,10477527.226653289,0,False
2017-12-27,2017-12-26,2017-11-30,0.033510296162201296,0.08333333333333333,,1.719315967210854,7432648.424722237,0.0,10332939.575277764,10332939.575277764,0,False
2017-12-28,2017-12-27,2017-11-30,0.033510296162201296,0.08333333333333333,,1.7045056072612295,7433361.144434196,0.0,10551173.855565805,10551173.855565805,0,False
2017-12-29,2017-12-28,2017-11-30,0.033510296162201296,0.08333333333333333,,1.709586982728908,7434073.932489142,0.0,10476621.067510858,10476621.067510858,0,False
2018-01-02,2017-12-29,2017-12-29,0.03236737722419928,0.05,,1.6589737711363284,7436925.358107083,0.0,11285616.641892917,11285616.641892917,0,False
2018-01-03,2018-01-02,2017-12-29,0.03236737722419928,0.05,,1.6707288235774562,7437638.487935942,0.0,11088890.512064058,11088890.512064058,0,False
2018-01-04,2018-01-03,2017-12-29,0.03236737722419928,0.05,,1.6649973807632594,7438351.686147113,0.0,11185535.313852888,11185535.313852888,0,False
2018-01-05,2018-01-04,2017-12-29,0.03236737722419928,0.05,,1.6554514797245496,7439064.952747155,0.0,11349528.047252845,11349528.047252845,0,False
2018-01-08,2018-01-05,2017-12-29,0.03236737722419928,0.05,,1.6023359185555932,7441204.957733561,0.0,12353912.04226644,12353912.04226644,0,False
2018-01-09,2018-01-08,2017-12-29,0.03236737722419928,0.05,,1.6112848590854831,7441918.497934988,0.0,12174223.502065012,12174223.502065012,0,False
2018-01-10,2018-01-09,2017-12-29,0.03236737722419928,0.05,,1.6064874606765334,7442632.106558077,0.0,12271699.893441923,12271699.893441923,0,False
2018-01-11,2018-01-10,2017-12-29,0.03236737722419928,0.05,,1.665991491069325,7720434.259989391,0.0,11592391.740010608,11592391.740010608,0,False
2018-01-12,2018-01-11,2017-12-29,0.03236737722419928,0.05,,1.6659918470352464,7760194.965753363,0.0,11652087.034246637,11652087.034246637,0,False
2018-01-15,2018-01-12,2017-12-29,0.03236737722419928,0.05,,1.688230409180587,7762427.350606525,0.0,11278820.649393475,11278820.649393475,0,False
2018-01-16,2018-01-15,2017-12-29,0.03236737722419928,0.05,,1.665931680572034,7798277.043955213,0.0,11710325.956044786,11710325.956044786,0,False
2018-01-17,2018-01-16,2017-12-29,0.03236737722419928,0.05,,1.6654113139061681,7802754.48004573,0.0,11726212.51995427,11726212.51995427,0,False
2018-01-18,2018-01-17,2017-12-29,0.03236737722419928,0.05,,1.6608047364521492,7808589.686929433,0.0,11816788.313070567,11816788.313070567,0,False
2018-01-19,2018-01-18,2017-12-29,0.03236737722419928,0.05,,1.6414476799344337,7809338.455803522,122118.47603999998,11984173.020236477,11984173.020236477,0,False
2018-01-22,2018-01-19,2017-12-29,0.03236737722419928,0.05,,1.6443417917609158,7916081.426685054,0.0,12285531.573314946,12285531.573314946,0,False
2018-01-23,2018-01-22,2017-12-29,0.03236737722419928,0.05,,1.6365615158083042,7968254.157866243,0.0,12517649.842133757,12517649.842133757,0,False
2018-01-24,2018-01-23,2017-12-29,0.03236737722419928,0.05,,1.6519314511949752,7969018.237032066,0.0,12223705.762967933,12223705.762967933,0,False
2018-01-25,2018-01-24,2017-12-29,0.03236737722419928,0.05,,1.6420521803333588,8026362.612605754,0.0,12501106.387394246,12501106.387394246,0,False
2018-01-26,2018-01-25,2017-12-29,0.03236737722419928,0.05,,1.6439046675972315,8184687.807495182,0.0,12711024.192504818,12711024.192504818,0,False
2018-01-29,2018-01-26,2017-12-29,0.03236737722419928,0.05,,1.6442517293766319,8398835.601427475,0.0,13036574.398572525,13036574.398572525,0,False
2018-01-30,2018-01-29,2017-12-29,0.03236737722419928,0.05,,1.6628991562451492,8399640.969224872,0.0,12671069.030775128,12671069.030775128,0,False
2018-01-31,2018-01-30,2017-12-29,0.03236737722419928,0.05,,1.6585764347119811,8400446.414249318,0.0,12755461.585750682,12755461.585750682,0,False
2018-02-01,2018-01-31,2018-01-31,0.02669278472679395,0.03333333333333333,1.0,0.9999498124566301,0.0,640.775621782228,12767622.775621783,12767622.775621783,12,False
2018-02-02,2018-02-01,2018-01-31,0.02669278472679395,0.03333333333333333,1.0,0.9999523627727325,0.0,640.775621782228,13451152.775621783,13451152.775621783,0,False
2018-02-05,2018-02-02,2018-01-31,0.02669278472679395,0.03333333333333333,1.0,0.999952292569018,0.0,640.775621782228,13431358.775621783,13431358.775621783,0,False
2018-02-06,2018-02-05,2018-01-31,0.02669278472679395,0.03333333333333333,1.0,0.9999504063357765,0.0,640.775621782228,12920513.775621783,12920513.775621783,0,False
2018-02-07,2018-02-06,2018-01-31,0.02669278472679395,0.03333333333333333,1.0,0.9999486874125952,0.0,640.775621782228,12487688.775621783,12487688.775621783,0,False
2018-02-08,2018-02-07,2018-01-31,0.02669278472679395,0.03333333333333333,1.0,0.999947203993004,0.0,640.775621782228,12136819.775621783,12136819.775621783,0,False
2018-02-09,2018-02-08,2018-01-31,0.02669278472679395,0.03333333333333333,1.0,0.9999436932569657,0.0,640.775621782228,11380086.775621783,11380086.775621783,0,False
2018-02-12,2018-02-09,2018-01-31,0.02669278472679395,0.03333333333333333,1.0,0.9999443892413165,0.0,640.775621782228,11522511.775621783,11522511.775621783,0,False
2018-02-13,2018-02-12,2018-01-31,0.02669278472679395,0.03333333333333333,1.0,0.9999453912917243,0.0,640.775621782228,11733945.775621783,11733945.775621783,0,False
2018-02-14,2018-02-13,2018-01-31,0.02669278472679395,0.03333333333333333,1.0,0.9999463737300778,0.0,640.775621782228,11948912.775621783,11948912.775621783,0,False
2018-02-22,2018-02-14,2018-01-31,0.02669278472679395,0.03333333333333333,1.0,0.9999479591982764,0.0,640.775621782228,12312946.775621783,12312946.775621783,0,False
2018-02-23,2018-02-22,2018-01-31,0.02669278472679395,0.03333333333333333,1.0,0.9999481234277515,0.0,640.775621782228,12351926.775621783,12351926.775621783,0,False
2018-02-26,2018-02-23,2018-01-31,0.02669278472679395,0.03333333333333333,1.0,0.9999491537940233,0.0,640.775621782228,12602230.775621783,12602230.775621783,0,False
2018-02-27,2018-02-26,2018-01-31,0.02669278472679395,0.03333333333333333,1.0,0.9999467613737311,0.0,640.775621782228,12035915.775621783,12035915.775621783,0,False
2018-02-28,2018-02-27,2018-01-31,0.02669278472679395,0.03333333333333333,1.0,0.9999465144256042,0.0,640.775621782228,11980344.775621783,11980344.775621783,0,False
2018-03-01,2018-02-28,2018-02-28,0.032619529745042494,0.08333333333333333,,1.049887707358829,597825.0483782178,0.0,11983413.951621782,11983413.951621782,0,False
2018-03-02,2018-03-01,2018-02-28,0.032619529745042494,0.08333333333333333,,1.1009249061404225,1183545.7899577883,0.0,11726994.210042212,11726994.210042212,0,False
2018-03-05,2018-03-02,2018-02-28,0.032619529745042494,0.08333333333333333,,1.1522271647708084,1762049.8530343515,0.0,11575134.146965649,11575134.146965649,0,False
2018-03-06,2018-03-05,2018-02-28,0.032619529745042494,0.08333333333333333,,1.1991075481612934,2352368.726068889,0.0,11814563.273931112,11814563.273931112,0,False
2018-03-07,2018-03-06,2018-02-28,0.032619529745042494,0.08333333333333333,,1.220439236042855,2564899.6466927584,0.0,11635404.353307242,11635404.353307242,0,False
2018-03-08,2018-03-07,2018-02-28,0.032619529745042494,0.08333333333333333,,1.2203003271997308,2565145.595973948,0.0,11643857.404026052,11643857.404026052,0,False
2018-03-09,2018-03-08,2018-02-28,0.032619529745042494,0.08333333333333333,,1.2208496838558736,2565391.5688393153,0.0,11616007.431160685,11616007.431160685,0,False
2018-03-12,2018-03-09,2018-02-28,0.032619529745042494,0.08333333333333333,,1.2154893652621963,2566129.5581947346,0.0,11908381.441805266,11908381.441805266,0,False
2018-03-13,2018-03-12,2018-02-28,0.032619529745042494,0.08333333333333333,,1.2166374252537628,2566375.625412644,0.0,11846409.374587357,11846409.374587357,0,False
2018-03-14,2018-03-13,2018-02-28,0.032619529745042494,0.08333333333333333,,1.2143759695963652,2566621.7162260395,0.0,11972525.28377396,11972525.28377396,0,False
2018-03-15,2018-03-14,2018-02-28,0.032619529745042494,0.08333333333333333,,1.2134889546819612,2566867.8306371844,0.0,12023422.169362815,12023422.169362815,0,False
2018-03-16,2018-03-15,2018-02-28,0.032619529745042494,0.08333333333333333,,1.215640215685047,2567113.9686483415,0.0,11904616.03135166,11904616.03135166,0,False
2018-03-19,2018-03-16,2018-02-28,0.032619529745042494,0.08333333333333333,,1.2226901082689958,2567852.4534886377,0.0,11531057.546511363,11531057.546511363,0,False
2018-03-20,2018-03-19,2018-02-28,0.032619529745042494,0.08333333333333333,,1.223233354980828,2568098.6859156843,0.0,11504099.314084316,11504099.314084316,0,False
2018-03-21,2018-03-20,2018-02-28,0.032619529745042494,0.08333333333333333,,1.2259273590527433,2568344.94195406,0.0,11368012.05804594,11368012.05804594,0,False
2018-03-22,2018-03-21,2018-02-28,0.032619529745042494,0.08333333333333333,,1.2276975996167252,2568591.2216060283,0.0,11280712.778393973,11280712.778393973,0,False
2018-03-23,2018-03-22,2018-02-28,0.032619529745042494,0.08333333333333333,,1.2810792929519577,3124530.644393854,0.0,11116189.355606146,11116189.355606146,0,False
2018-03-26,2018-03-23,2018-02-28,0.032619529745042494,0.08333333333333333,,1.289399479963269,3126761.7637364874,0.0,10804310.236263514,10804310.236263514,0,False
2018-03-27,2018-03-26,2018-02-28,0.032619529745042494,0.08333333333333333,,1.2313301031121202,3127061.5902069826,554025.83796,11122788.247753017,11122788.247753017,0,False
2018-03-28,2018-03-27,2018-02-28,0.032619529745042494,0.08333333333333333,,1.187647817311478,3127361.445427961,1095009.6364199999,10830671.190992039,10830671.190992039,0,False
2018-03-29,2018-03-28,2018-02-28,0.032619529745042494,0.08333333333333333,,1.1307836465277834,3127661.3294021804,1656724.7810399998,11247098.45163782,11247098.45163782,0,False
2018-03-30,2018-03-29,2018-02-28,0.032619529745042494,0.08333333333333333,,1.0806748558821775,3127961.242132397,2219331.3815399995,11262863.139407603,11262863.139407603,0,False
2018-04-02,2018-03-30,2018-03-30,0.037387315632011975,0.2,,1.0777970699950163,3128861.066599312,2240155.7531399997,11423377.686540687,11423377.686540687,0,False
2018-04-03,2018-04-02,2018-03-30,0.037387315632011975,0.2,,1.076379421402827,3129161.0943728215,2240155.7531399997,11639330.658767177,11639330.658767177,0,False
2018-04-04,2018-04-03,2018-03-30,0.037387315632011975,0.2,,1.0771798490811566,3129461.1509161177,2240155.7531399997,11522507.60222388,11522507.60222388,0,False
2018-04-09,2018-04-04,2018-03-30,0.037387315632011975,0.2,,1.0765365405822813,3130961.577495324,2240155.7531399997,11638961.175644675,11638961.175644675,0,False
2018-04-10,2018-04-09,2018-03-30,0.037387315632011975,0.2,,1.0751432301158657,3131261.8066876866,2240155.7531399997,11858766.946452312,11858766.946452312,0,False
2018-04-11,2018-04-10,2018-03-30,0.037387315632011975,0.2,,1.0756320530240844,3131562.06466915,2240155.7531399997,11786091.688470852,11786091.688470852,0,False
2018-04-12,2018-04-11,2018-03-30,0.037387315632011975,0.2,,1.0769928514148757,3131862.3514424744,2240155.7531399997,11581680.401697524,11581680.401697524,0,False
2018-04-13,2018-04-12,2018-03-30,0.037387315632011975,0.2,,1.075792323787607,3132162.667010421,2240155.7531399997,11769093.08612958,11769093.08612958,0,False
2018-04-16,2018-04-13,2018-03-30,0.037387315632011975,0.2,,1.078726348166031,3133063.7001064103,2240155.7531399997,11341920.053033588,11341920.053033588,0,False
2018-04-17,2018-04-16,2018-03-30,0.037387315632011975,0.2,,1.0795089158070865,3133364.130872174,2240155.7531399997,11234065.622267824,11234065.622267824,0,False
2018-04-18,2018-04-17,2018-03-30,0.037387315632011975,0.2,,1.0789277263664436,3133664.5904463674,2240155.7531399997,11320595.162693633,11320595.162693633,0,False
2018-04-19,2018-04-18,2018-03-30,0.037387315632011975,0.2,,1.078358564902401,3133965.0788317528,2240155.7531399997,11406657.674308246,11406657.674308246,0,False
2018-04-20,2018-04-19,2018-03-30,0.037387315632011975,0.2,,1.0798723833923753,3134265.5960310926,2240155.7531399997,11194230.157108907,11194230.157108907,0,False
2018-04-23,2018-04-20,2018-03-30,0.037387315632011975,0.2,,1.0796757957269294,3135167.234079266,2240155.7531399997,11233166.519060735,11233166.519060735,0,False
2018-04-24,2018-04-23,2018-03-30,0.037387315632011975,0.2,,1.0769014686869716,3135467.8665537667,2240155.7531399997,11642327.886586232,11642327.886586232,0,False
2018-04-25,2018-04-24,2018-03-30,0.037387315632011975,0.2,,1.0776351973715084,3135768.527856039,2240155.7531399997,11536169.22528396,11536169.22528396,0,False
2018-04-26,2018-04-25,2018-03-30,0.037387315632011975,0.2,,1.0786976306240068,3136069.217988847,2240155.7531399997,11384249.535151154,11384249.535151154,0,False
2018-04-27,2018-04-26,2018-03-30,0.037387315632011975,0.2,,1.0780723149839426,3136369.9369549556,2240155.7531399997,11479282.816185042,11479282.816185042,0,False
2018-05-02,2018-04-27,2018-04-27,0.04212893563579278,0.26666666666666666,,1.0786184996101562,3137873.675965824,2240155.7531399997,11418660.077174176,11418660.077174176,0,False
2018-05-03,2018-05-02,2018-04-27,0.04212893563579278,0.26666666666666666,,1.1287152355112986,3138174.5679621496,1671045.1578599997,11398257.58989785,11398257.58989785,0,False
2018-05-04,2018-05-03,2018-04-27,0.04212893563579278,0.26666666666666666,,1.186213439901567,3138475.4888111325,1006138.0261199996,11451039.537308868,11451039.537308868,0,False
2018-05-07,2018-05-04,2018-04-27,0.04212893563579278,0.26666666666666666,,1.2459435400258063,3139378.337924352,263886.3874199996,11691675.049495647,11691675.049495647,0,False
2018-05-08,2018-05-07,2018-04-27,0.04212893563579278,0.26666666666666666,,1.291171884972323,3469538.2915833313,0.0,11915773.70841667,11915773.70841667,0,False
2018-05-09,2018-05-08,2018-04-27,0.04212893563579278,0.26666666666666666,,1.3065475804329727,3639089.599035949,0.0,11871206.400964051,11871206.400964051,0,False
2018-05-10,2018-05-09,2018-04-27,0.04212893563579278,0.26666666666666666,,1.3105799833500487,3697124.8976331167,0.0,11903938.102366883,11903938.102366883,0,False
2018-05-11,2018-05-10,2018-04-27,0.04212893563579278,0.26666666666666666,,1.3179415972122908,3697479.4164589173,0.0,11629429.583541082,11629429.583541082,0,False
2018-05-14,2018-05-11,2018-04-27,0.04212893563579278,0.26666666666666666,,1.331926582992082,3934275.0025811866,0.0,11852846.997418813,11852846.997418813,0,False
2018-05-15,2018-05-14,2018-04-27,0.04212893563579278,0.26666666666666666,,1.3316270113591866,3934652.2618280095,0.0,11864691.738171991,11864691.738171991,0,False
2018-05-16,2018-05-15,2018-04-27,0.04212893563579278,0.26666666666666666,,1.331125404848879,3935029.557250377,0.0,11883804.442749623,11883804.442749623,0,False
2018-05-17,2018-05-16,2018-04-27,0.04212893563579278,0.26666666666666666,,1.329164364616667,3935406.888851757,0.0,11955750.111148242,11955750.111148242,0,False
2018-05-18,2018-05-17,2018-04-27,0.04212893563579278,0.26666666666666666,,1.3286085826796257,3982160.7203456196,0.0,12118249.27965438,12118249.27965438,0,False
2018-05-21,2018-05-18,2018-04-27,0.04212893563579278,0.26666666666666666,,1.3295512749988283,3983306.2734295544,0.0,12087060.726570446,12087060.726570446,0,False
2018-05-22,2018-05-21,2018-04-27,0.04212893563579278,0.26666666666666666,,1.330436093787817,3983688.234305089,0.0,12055850.76569491,12055850.76569491,0,False
2018-05-23,2018-05-22,2018-04-27,0.04212893563579278,0.26666666666666666,,1.3427037568621811,3984070.2318070084,0.0,11625405.768192992,11625405.768192992,0,False
2018-05-24,2018-05-23,2018-04-27,0.04212893563579278,0.26666666666666666,,1.3457657192851546,3984452.2659388254,0.0,11523560.734061174,11523560.734061174,0,False
2018-05-25,2018-05-24,2018-04-27,0.04212893563579278,0.26666666666666666,,1.3416032868422032,3984834.3367040525,0.0,11665093.663295947,11665093.663295947,0,False
2018-05-28,2018-05-25,2018-04-27,0.04212893563579278,0.26666666666666666,,1.342716221118489,4047331.4067505016,0.0,11809570.593249498,11809570.593249498,0,False
2018-05-29,2018-05-28,2018-04-27,0.04212893563579278,0.26666666666666666,,1.3484454180895988,4047719.5070223818,0.0,11616509.49297762,11616509.49297762,0,False
2018-05-30,2018-05-29,2018-04-27,0.04212893563579278,0.26666666666666666,,1.360388635737742,4048107.6445093565,0.0,11232617.355490644,11232617.355490644,0,False
2018-05-31,2018-05-30,2018-04-27,0.04212893563579278,0.26666666666666666,,1.3678439356509184,4360114.093454994,0.0,11853162.906545006,11853162.906545006,0,False
2018-06-01,2018-05-31,2018-05-31,0.04355227490039841,0.3,,1.3686656124378298,4360532.186587243,0.0,11827878.813412756,11827878.813412756,0,False
2018-06-04,2018-06-01,2018-05-31,0.04355227490039841,0.3,,1.3566234137029276,4361786.586257357,0.0,12230791.413742643,12230791.413742643,0,False
2018-06-05,2018-06-04,2018-05-31,0.04355227490039841,0.3,,1.3541732373880344,4362204.839765629,0.0,12316585.160234371,12316585.160234371,0,False
2018-06-06,2018-06-05,2018-05-31,0.04355227490039841,0.3,,1.3519796049070971,4362623.133380401,0.0,12394533.866619598,12394533.866619598,0,False
2018-06-07,2018-06-06,2018-05-31,0.04355227490039841,0.3,,1.3486069581494071,4363041.46710552,0.0,12515646.532894481,12515646.532894481,0,False
2018-06-08,2018-06-07,2018-05-31,0.04355227490039841,0.3,,1.356073135599837,4363459.840944831,0.0,12254392.15905517,12254392.15905517,0,False
2018-06-11,2018-06-08,2018-05-31,0.04355227490039841,0.3,,1.3495752213053787,4364715.082816884,0.0,12485767.917183116,12485767.917183116,0,False
2018-06-12,2018-06-11,2018-05-31,0.04355227490039841,0.3,,1.3690511741089442,4976831.896549894,0.0,13485479.103450106,13485479.103450106,0,False
2018-06-13,2018-06-12,2018-05-31,0.04355227490039841,0.3,,1.36932732834005,4977309.127005727,0.0,13476687.872994274,13476687.872994274,0,False
2018-06-14,2018-06-13,2018-05-31,0.04355227490039841,0.3,,1.3798768481078882,4977786.403223385,0.0,13103684.596776616,13103684.596776616,0,False
2018-06-15,2018-06-14,2018-05-31,0.04355227490039841,0.3,,1.375222430147819,4978263.725207256,5010.0,13254148.274792744,13254148.274792744,0,False
2018-06-19,2018-06-15,2018-05-31,0.04355227490039841,0.3,,1.403444555391615,4980173.196225144,5010.0,12331714.803774856,12331714.803774856,0,False
2018-06-20,2018-06-19,2018-05-31,0.04355227490039841,0.3,,1.4310026377794753,5318212.162119577,0.0,12339163.837880423,12339163.837880423,0,False
2018-06-21,2018-06-20,2018-05-31,0.04355227490039841,0.3,,1.422949150623568,5318722.127669369,0.0,12575322.872330632,12575322.872330632,0,False
2018-06-22,2018-06-21,2018-05-31,0.04355227490039841,0.3,,1.4133817143323466,5319232.142119967,0.0,12867603.857880034,12867603.857880034,0,False
2018-06-25,2018-06-22,2018-05-31,0.04355227490039841,0.3,,1.4317426283295267,5320762.332188249,0.0,12323921.667811751,12323921.667811751,0,False
2018-06-26,2018-06-25,2018-05-31,0.04355227490039841,0.3,,1.4524572105177842,5321272.542274897,0.0,11760830.457725104,11760830.457725104,0,False
2018-06-27,2018-06-26,2018-05-31,0.04355227490039841,0.3,,1.557906599060225,6479411.1263958,0.0,11613791.8736042,11613791.8736042,0,False
2018-06-28,2018-06-27,2018-05-31,0.04355227490039841,0.3,,1.6659608125778962,7542914.343941482,0.0,11326363.656058518,11326363.656058518,0,False
2018-06-29,2018-06-28,2018-05-31,0.04355227490039841,0.3,,1.6659738286543808,7968598.37763775,0.0,11965332.62236225,11965332.62236225,0,False
2018-07-02,2018-06-29,2018-06-29,0.0499180050804403,0.4666666666666667,,1.7067716241643371,7970890.714157344,0.0,11277887.285842657,11277887.285842657,0,False
2018-07-03,2018-07-02,2018-06-29,0.0499180050804403,0.4666666666666667,,1.7228253756685128,7971655.046143633,0.0,11028465.953856368,11028465.953856368,0,False
2018-07-04,2018-07-03,2018-06-29,0.0499180050804403,0.4666666666666667,,1.757235486910386,7972419.451422031,0.0,10528322.548577968,10528322.548577968,0,False
2018-07-05,2018-07-04,2018-06-29,0.0499180050804403,0.4666666666666667,,1.7726639931002346,7973183.929999565,0.0,10319083.070000436,10319083.070000436,0,False
2018-07-06,2018-07-05,2018-06-29,0.0499180050804403,0.4666666666666667,,1.7511172015829206,7973948.481883263,0.0,10616117.518116737,10616117.518116737,0,False
2018-07-09,2018-07-06,2018-06-29,0.0499180050804403,0.4666666666666667,,1.7144896085399834,7976242.3574739415,0.0,11163552.642526058,11163552.642526058,0,False
2018-07-10,2018-07-09,2018-06-29,0.0499180050804403,0.4666666666666667,,1.6878163976101326,7939930.602631507,0.0,11543677.397368493,11543677.397368493,0,False
2018-07-11,2018-07-10,2018-06-29,0.0499180050804403,0.4666666666666667,,1.6959800611256772,7940691.965839979,0.0,11409367.034160022,11409367.034160022,0,False
2018-07-12,2018-07-11,2018-06-29,0.0499180050804403,0.4666666666666667,,1.6840368458750798,7941453.402055882,0.0,11609686.597944118,11609686.597944118,0,False
2018-07-13,2018-07-12,2018-06-29,0.0499180050804403,0.4666666666666667,,1.682809271538355,7942214.911286216,0.0,11631674.088713784,11631674.088713784,0,False
2018-07-16,2018-07-13,2018-06-29,0.0499180050804403,0.4666666666666667,,1.6866706642056748,7944499.658041518,0.0,11569592.341958482,11569592.341958482,0,False
2018-07-17,2018-07-16,2018-06-29,0.0499180050804403,0.4666666666666667,,1.6842857574229482,7945261.459378591,0.0,11611028.54062141,11611028.54062141,0,False
2018-07-18,2018-07-17,2018-06-29,0.0499180050804403,0.4666666666666667,,1.7026519832603628,7946023.333765106,0.0,11308618.666234894,11308618.666234894,0,False
2018-07-19,2018-07-18,2018-06-29,0.0499180050804403,0.4666666666666667,,1.6957519442846845,7946785.28120807,0.0,11421865.71879193,11421865.71879193,0,False
2018-07-20,2018-07-19,2018-06-29,0.0499180050804403,0.4666666666666667,,1.6769101148758425,7947547.301714487,0.0,11740919.698285513,11740919.698285513,0,False
2018-07-23,2018-07-20,2018-06-29,0.0499180050804403,0.4666666666666667,,1.6593342713330106,7949833.582445118,0.0,12057364.417554881,12057364.417554881,0,False
2018-07-24,2018-07-23,2018-06-29,0.0499180050804403,0.4666666666666667,,1.6129421029023678,7950595.895254393,0.0,12971202.104745608,12971202.104745608,0,False
2018-07-25,2018-07-24,2018-06-29,0.0499180050804403,0.4666666666666667,,1.6133210988531574,7951358.281162158,0.0,12964429.718837842,12964429.718837842,0,False
2018-07-26,2018-07-25,2018-06-29,0.0499180050804403,0.4666666666666667,,1.6282913749456713,7952120.7401754195,0.0,12656740.259824581,12656740.259824581,0,False
2018-07-27,2018-07-26,2018-06-29,0.0499180050804403,0.4666666666666667,,1.6335949711938198,7952883.27230119,0.0,12551998.72769881,12551998.72769881,0,False
2018-07-30,2018-07-27,2018-06-29,0.0499180050804403,0.4666666666666667,,1.61344058676528,7955171.088037057,0.0,12968119.911962943,12968119.911962943,0,False
2018-07-31,2018-07-30,2018-06-29,0.0499180050804403,0.4666666666666667,,1.6010691599603049,7955933.912661937,224350.0,12863052.087338064,12863052.087338064,0,False
2018-08-01,2018-07-31,2018-07-31,0.049010296730930436,0.45,,1.6175271202901573,7956696.810434384,224350.0,12521469.189565616,12521469.189565616,0,False
2018-08-02,2018-08-01,2018-07-31,0.049010296730930436,0.45,,1.6413102647203202,7957459.781361412,224350.0,12058297.218638588,12058297.218638588,0,False
2018-08-03,2018-08-02,2018-07-31,0.049010296730930436,0.45,,1.6746024069849113,7733872.825450036,0.0,11464342.174549963,11464342.174549963,0,False
2018-08-06,2018-08-03,2018-07-31,0.049010296730930436,0.45,,1.676741679713848,7736097.638180644,0.0,11431389.361819357,11431389.361819357,0,False
2018-08-07,2018-08-06,2018-07-31,0.049010296730930436,0.45,,1.6657635147130578,8145124.362162387,0.0,12234260.637837613,12234260.637837613,0,False
2018-08-08,2018-08-07,2018-07-31,0.049010296730930436,0.45,,1.6735623685715295,8145905.4014847865,0.0,12093765.598515213,12093765.598515213,0,False
2018-08-09,2018-08-08,2018-07-31,0.049010296730930436,0.45,,1.6657640174920942,8186603.914821368,0.0,12296555.085178632,12296555.085178632,0,False
2018-08-10,2018-08-09,2018-07-31,0.049010296730930436,0.45,,1.6657153051406823,8187388.931635118,0.0,12298634.068364881,12298634.068364881,0,False
2018-08-13,2018-08-10,2018-07-31,0.049010296730930436,0.45,,1.6723775674453123,8189744.2079031225,0.0,12180275.792096877,12180275.792096877,0,False
2018-08-14,2018-08-13,2018-07-31,0.049010296730930436,0.45,,1.674182884382134,8190529.525840866,0.0,12148824.474159133,12148824.474159133,0,False
2018-08-15,2018-08-14,2018-07-31,0.049010296730930436,0.45,,1.7151077008245073,8191314.91908307,0.0,11454659.08091693,11454659.08091693,0,False
2018-08-16,2018-08-15,2018-07-31,0.049010296730930436,0.45,,1.7212172669553456,8192100.387636955,0.0,11358713.612363044,11358713.612363044,0,False
2018-08-17,2018-08-16,2018-07-31,0.049010296730930436,0.45,,1.7539363312809482,8192885.931509742,0.0,10866814.06849026,10866814.06849026,0,False
2018-08-20,2018-08-17,2018-07-31,0.049010296730930436,0.45,,1.7290918644872069,8195242.789106477,0.0,11240343.210893523,11240343.210893523,0,False
2018-08-21,2018-08-20,2018-07-31,0.049010296730930436,0.45,,1.7081302484569576,8196028.634305432,0.0,11574182.365694568,11574182.365694568,0,False
2018-08-22,2018-08-21,2018-07-31,0.049010296730930436,0.45,,1.705414806632671,8196814.554859407,0.0,11619850.445140593,11619850.445140593,0,False
2018-08-23,2018-08-22,2018-07-31,0.049010296730930436,0.45,,1.7146776143498557,8197600.550775627,0.0,11470347.449224373,11470347.449224373,0,False
2018-08-24,2018-08-23,2018-07-31,0.049010296730930436,0.45,,1.713880743147936,8198386.622061318,0.0,11484252.377938682,11484252.377938682,0,False
2018-08-27,2018-08-24,2018-07-31,0.049010296730930436,0.45,,1.6814747455802246,8200745.062048486,0.0,12033820.937951513,12033820.937951513,0,False
2018-08-28,2018-08-27,2018-07-31,0.049010296730930436,0.45,,1.6864579961879904,8201531.434862656,0.0,11947608.565137345,11947608.565137345,0,False
2018-08-29,2018-08-28,2018-07-31,0.049010296730930436,0.45,,1.6880371403726608,8202317.883082437,0.0,11921330.116917562,11921330.116917562,0,False
2018-08-30,2018-08-29,2018-07-31,0.049010296730930436,0.45,,1.693534275804138,8203104.4067150615,0.0,11827972.593284938,11827972.593284938,0,False
2018-08-31,2018-08-30,2018-07-31,0.049010296730930436,0.45,,1.6941608157573815,8203891.00576776,0.0,11818429.994232241,11818429.994232241,0,False
2018-09-03,2018-08-31,2018-08-31,0.05442032551848513,0.5666666666666667,,1.695008915550568,8206251.029207775,0.0,11807403.970792225,11807403.970792225,0,False
2018-09-04,2018-09-03,2018-08-31,0.05442032551848513,0.5666666666666667,,1.6900719297389801,8207037.929991398,0.0,11893018.070008602,11893018.070008602,0,False
2018-09-05,2018-09-04,2018-08-31,0.05442032551848513,0.5666666666666667,,1.729621008361274,8207824.90623126,0.0,11249436.09376874,11249436.09376874,0,False
2018-09-06,2018-09-05,2018-08-31,0.05442032551848513,0.5666666666666667,,1.7478256936665861,8208611.9579345975,0.0,10976638.042065402,10976638.042065402,0,False
2018-09-07,2018-09-06,2018-08-31,0.05442032551848513,0.5666666666666667,,1.73358255646612,8209399.085108646,0.0,11190831.914891355,11190831.914891355,0,False
2018-09-10,2018-09-07,2018-08-31,0.05442032551848513,0.5666666666666667,,1.7736820269698295,8211760.693064637,0.0,10613870.306935363,10613870.306935363,0,False
2018-09-11,2018-09-10,2018-08-31,0.05442032551848513,0.5666666666666667,,1.802328377002967,8212548.122172191,0.0,10235893.877827808,10235893.877827808,0,False
2018-09-12,2018-09-11,2018-08-31,0.05442032551848513,0.5666666666666667,,1.7974941209082216,8213335.6267866455,0.0,10298929.373213354,10298929.373213354,0,False
2018-09-13,2018-09-12,2018-08-31,0.05442032551848513,0.5666666666666667,,1.778458993529455,8214123.206915242,0.0,10551773.79308476,10551773.79308476,0,False
2018-09-14,2018-09-13,2018-08-31,0.05442032551848513,0.5666666666666667,,1.7646634306398397,8214910.862565219,0.0,10743172.13743478,10743172.13743478,0,False
2018-09-17,2018-09-14,2018-08-31,0.05442032551848513,0.5666666666666667,,1.7801732008259992,8217274.056101026,0.0,10532627.943898974,10532627.943898974,0,False
2018-09-18,2018-09-17,2018-08-31,0.05442032551848513,0.5666666666666667,,1.7321397316221767,8218062.0138872275,0.0,11224717.986112773,11224717.986112773,0,False
2018-09-19,2018-09-18,2018-08-31,0.05442032551848513,0.5666666666666667,,1.7155543476032447,8218850.047231025,0.0,11485989.952768974,11485989.952768974,0,False
2018-09-20,2018-09-19,2018-08-31,0.05442032551848513,0.5666666666666667,,1.7077163911524553,8219638.156139663,0.0,11614310.843860336,11614310.843860336,0,False
2018-09-21,2018-09-20,2018-08-31,0.05442032551848513,0.5666666666666667,,1.6707142335373764,8220426.340620389,0.0,12256227.65937961,12256227.65937961,0,False
2018-09-25,2018-09-21,2018-08-31,0.05442032551848513,0.5666666666666667,,1.6806636644503092,8223579.380860628,0.0,12081707.619139373,12081707.619139373,0,False
2018-09-26,2018-09-25,2018-08-31,0.05442032551848513,0.5666666666666667,,1.6711205763995742,8224367.943267011,0.0,12254680.05673299,12254680.05673299,0,False
2018-09-27,2018-09-26,2018-08-31,0.05442032551848513,0.5666666666666667,,1.6665629065149492,8225156.581288968,0.0,12339655.418711033,12339655.418711033,0,False
2018-09-28,2018-09-27,2018-08-31,0.05442032551848513,0.5666666666666667,,1.6676009158051783,8225945.294933749,0.0,12321650.70506625,12321650.70506625,0,False
2018-10-08,2018-09-28,2018-09-28,0.05020278583765112,0.5166666666666667,,1.7153896799646613,8233833.187682316,0.0,11509577.812317684,11509577.812317684,0,False
2018-10-09,2018-10-08,2018-09-28,0.05020278583765112,0.5166666666666667,,1.7067175353428952,8234622.73333045,0.0,11651929.266669549,11651929.266669549,0,False
2018-10-10,2018-10-09,2018-09-28,0.05020278583765112,0.5166666666666667,,1.6969182525700937,8235412.35468844,0.0,11816898.64531156,11816898.64531156,0,False
2018-10-11,2018-10-10,2018-09-28,0.05020278583765112,0.5166666666666667,,1.7576702424203094,8236202.051763548,0.0,10870430.948236452,10870430.948236452,0,False
2018-10-12,2018-10-11,2018-09-28,0.05020278583765112,0.5166666666666667,,1.72007926022202,8236991.824563032,0.0,11439007.175436968,11439007.175436968,0,False
2018-10-15,2018-10-12,2018-09-28,0.05020278583765112,0.5166666666666667,,1.7571802747372707,8239361.3701564,0.0,10881637.6298436,10881637.6298436,0,False
2018-10-16,2018-10-15,2018-09-28,0.05020278583765112,0.5166666666666667,,1.7750935237070027,8240151.445904223,0.0,10631170.554095777,10631170.554095777,0,False
2018-10-17,2018-10-16,2018-09-28,0.05020278583765112,0.5166666666666667,,1.7655438785561113,8240941.597412734,0.0,10764819.402587265,10764819.402587265,0,False
2018-10-18,2018-10-17,2018-09-28,0.05020278583765112,0.5166666666666667,,1.7991163169598496,8241731.824689198,0.0,10313557.175310802,10313557.175310802,0,False
2018-10-19,2018-10-18,2018-09-28,0.05020278583765112,0.5166666666666667,,1.7690403546112041,8242522.1277408805,0.0,10717931.87225912,10717931.87225912,0,False
2018-10-22,2018-10-19,2018-09-28,0.05020278583765112,0.5166666666666667,,1.670259832767997,7673477.040893381,0.0,11448510.959106619,11448510.959106619,0,False
2018-10-23,2018-10-22,2018-09-28,0.05020278583765112,0.5166666666666667,,1.7045613636121109,7512680.853760316,0.0,10662919.146239683,10662919.146239683,0,False
2018-10-24,2018-10-23,2018-09-28,0.05020278583765112,0.5166666666666667,,1.6958740945611397,7319837.3938347865,0.0,10518910.606165214,10518910.606165214,0,False
2018-10-25,2018-10-24,2018-09-28,0.05020278583765112,0.5166666666666667,,1.7235318313497165,7320539.296050633,0.0,10117784.703949366,10117784.703949366,0,False
2018-10-26,2018-10-25,2018-09-28,0.05020278583765112,0.5166666666666667,,1.7113010214351843,7321241.265572173,0.0,10292746.734427828,10292746.734427828,0,False
2018-10-29,2018-10-26,2018-09-28,0.05020278583765112,0.5166666666666667,,1.7447913260662558,7323347.376073227,0.0,9832750.623926774,9832750.623926774,0,False
2018-10-30,2018-10-29,2018-09-28,0.05020278583765112,0.5166666666666667,,1.7460682779817016,7324049.614862714,0.0,9816862.385137286,9816862.385137286,0,False
2018-10-31,2018-10-30,2018-09-28,0.05020278583765112,0.5166666666666667,,1.7172931040499941,7324751.920990166,0.0,10211658.079009835,10211658.079009835,0,False
2018-11-01,2018-10-31,2018-10-31,0.05925362264150944,0.7,,1.6991983055681559,7325454.294462042,0.0,10476933.705537958,10476933.705537958,0,False
2018-11-02,2018-11-01,2018-10-31,0.05925362264150944,0.7,,1.6690974335341375,7326156.735284799,0.0,10949312.264715202,10949312.264715202,0,False
2018-11-05,2018-11-02,2018-10-31,0.05925362264150944,0.7,,1.6797660157312058,7328264.259825086,0.0,10780568.740174914,10780568.740174914,0,False
2018-11-06,2018-11-05,2018-10-31,0.05925362264150944,0.7,,1.6842838048959936,7328966.970096576,0.0,10710420.029903423,10710420.029903423,0,False
2018-11-07,2018-11-06,2018-10-31,0.05925362264150944,0.7,,1.68697520408794,7329669.7477512425,0.0,10669482.252248757,10669482.252248757,0,False
2018-11-08,2018-11-07,2018-10-31,0.05925362264150944,0.7,,1.6847699223553494,7330372.592795547,0.0,10704869.407204453,10704869.407204453,0,False
2018-11-09,2018-11-08,2018-10-31,0.05925362264150944,0.7,,1.7117756005587517,7331075.505235952,0.0,10299700.494764049,10299700.494764049,0,False
2018-11-12,2018-11-09,2018-10-31,0.05925362264150944,0.7,,1.6974002030944044,7333184.444764856,0.0,10515030.555235144,10515030.555235144,0,False
2018-11-13,2018-11-12,2018-10-31,0.05925362264150944,0.7,,1.6943932111380329,7333887.626834902,0.0,10561577.373165097,10561577.373165097,0,False
2018-11-14,2018-11-13,2018-10-31,0.05925362264150944,0.7,,1.6983619893514839,7334590.876333365,0.0,10502563.123666635,10502563.123666635,0,False
2018-11-15,2018-11-14,2018-10-31,0.05925362264150944,0.7,,1.6886631005046675,7335294.193266712,0.0,10651498.806733288,10651498.806733288,0,False
2018-11-16,2018-11-15,2018-10-31,0.05925362264150944,0.7,,1.7017519777676198,7335997.577641409,0.0,10453832.422358591,10453832.422358591,0,False
2018-11-19,2018-11-16,2018-10-31,0.05925362264150944,0.7,,1.7019211088006403,7338107.93310895,0.0,10454320.06689105,10454320.06689105,0,False
2018-11-20,2018-11-19,2018-10-31,0.05925362264150944,0.7,,1.7219319282382695,7338811.587294317,0.0,10165517.412705682,10165517.412705682,0,False
2018-11-21,2018-11-20,2018-10-31,0.05925362264150944,0.7,,1.7275559725963165,7339515.308953373,0.0,10087904.691046627,10087904.691046627,0,False
2018-11-22,2018-11-21,2018-10-31,0.05925362264150944,0.7,,1.727488993038997,7340219.098092588,0.0,10089800.901907412,10089800.901907412,0,False
2018-11-23,2018-11-22,2018-10-31,0.05925362264150944,0.7,,1.7522858745703338,7340922.954718432,0.0,9758156.045281567,9758156.045281567,0,False
2018-11-26,2018-11-23,2018-10-31,0.05925362264150944,0.7,,1.7448254525829472,7343034.727075269,0.0,9858732.27292473,9858732.27292473,0,False
2018-11-27,2018-11-26,2018-10-31,0.05925362264150944,0.7,,1.7520705455449703,7343738.853692934,0.0,9764694.146307066,9764694.146307066,0,False
2018-11-28,2018-11-27,2018-10-31,0.05925362264150944,0.7,,1.7422076519305714,7344443.04782959,0.0,9895401.95217041,9895401.95217041,0,False
2018-11-29,2018-11-28,2018-10-31,0.05925362264150944,0.7,,1.7508436514118744,7345147.309491711,0.0,9782525.69050829,9782525.69050829,0,False
2018-11-30,2018-11-29,2018-10-31,0.05925362264150944,0.7,,1.7413660415812904,7345851.638685771,0.0,9908535.36131423,9908535.36131423,0,False
2018-12-03,2018-11-30,2018-11-30,0.06223544061302683,0.75,,1.7113947147370572,7347964.828883202,0.0,10328956.1711168,10328956.1711168,0,False
2018-12-04,2018-12-03,2018-11-30,0.06223544061302683,0.75,,1.7137691701307496,7348669.428250355,0.0,10295582.571749646,10295582.571749646,0,False
2018-12-05,2018-12-04,2018-11-30,0.06223544061302683,0.75,,1.7295709117071283,7349374.095181831,0.0,10073556.90481817,10073556.90481817,0,False
2018-12-06,2018-12-05,2018-11-30,0.06223544061302683,0.75,,1.7482702876291465,7350078.8296841085,0.0,9822759.170315892,9822759.170315892,0,False
2018-12-07,2018-12-06,2018-11-30,0.06223544061302683,0.75,,1.745169268942695,7350783.631763667,0.0,9864582.368236333,9864582.368236333,0,False
2018-12-10,2018-12-07,2018-11-30,0.06223544061302683,0.75,,1.7637086637748498,7352898.240753626,0.0,9627883.759246374,9627883.759246374,0,False
2018-12-11,2018-12-10,2018-11-30,0.06223544061302683,0.75,,1.7611109456695673,7353603.313187671,0.0,9661670.68681233,9661670.68681233,0,False
2018-12-12,2018-12-11,2018-11-30,0.06223544061302683,0.75,,1.7542808868689956,7354308.453231401,0.0,9750092.546768598,9750092.546768598,0,False
2018-12-13,2018-12-12,2018-11-30,0.06223544061302683,0.75,,1.721186793444692,7355013.6608913,0.0,10198486.3391087,10198486.3391087,0,False
2018-12-14,2018-12-13,2018-11-30,0.06223544061302683,0.75,,1.7343542561381822,7355718.936173852,0.0,10016581.063826147,10016581.063826147,0,False
2018-12-17,2018-12-14,2018-11-30,0.06223544061302683,0.75,,1.7214194554654707,7357834.964908916,0.0,10199108.035091083,10199108.035091083,0,False
2018-12-18,2018-12-17,2018-11-30,0.06223544061302683,0.75,,1.7396765895294324,7358540.510727469,0.0,9948321.489272531,9948321.489272531,0,False
2018-12-19,2018-12-18,2018-11-30,0.06223544061302683,0.75,,1.7472488036966431,7359246.1242011,0.0,9848454.8757989,9848454.8757989,0,False
2018-12-20,2018-12-19,2018-11-30,0.06223544061302683,0.75,,1.758445454603907,7359951.8053362975,0.0,9703996.194663703,9703996.194663703,0,False
2018-12-21,2018-12-20,2018-11-30,0.06223544061302683,0.75,,1.7686865490938106,7360657.554139549,0.0,9575629.445860451,9575629.445860451,0,False
2018-12-24,2018-12-21,2018-11-30,0.06223544061302683,0.75,,1.7690472981487553,7362775.0035729315,0.0,9573890.996427068,9573890.996427068,0,False
2018-12-25,2018-12-24,2018-11-30,0.06223544061302683,0.75,,1.7897967289914172,7363481.023093822,0.0,9323260.976906177,9323260.976906177,0,False
2018-12-26,2018-12-25,2018-11-30,0.06223544061302683,0.75,,1.7953581810624375,7364187.110315215,0.0,9258956.889684785,9258956.889684785,0,False
2018-12-27,2018-12-26,2018-11-30,0.06223544061302683,0.75,,1.794584435068948,7364893.265243601,0.0,9268861.734756399,9268861.734756399,0,False
2018-12-28,2018-12-27,2018-11-30,0.06223544061302683,0.75,,1.7893202864065227,7365599.487885473,0.0,9331572.512114527,9331572.512114527,0,False
2019-01-02,2018-12-28,2018-12-28,0.06679302775024776,0.7833333333333333,,1.8107620831057092,7369130.939694733,0.0,9089141.060305268,9089141.060305268,0,False
2019-01-03,2019-01-02,2018-12-28,0.06679302775024776,0.7833333333333333,,1.8286103797266986,7369837.5686889505,0.0,8894213.431311049,8894213.431311049,0,False
2019-01-04,2019-01-03,2018-12-28,0.06679302775024776,0.7833333333333333,,1.8088227461616384,7370544.265442112,0.0,9112681.734557888,9112681.734557888,0,False
2019-01-07,2019-01-04,2018-12-28,0.06679302775024776,0.7833333333333333,,1.791904335765381,7372664.558997924,0.0,9310044.441002075,9310044.441002075,0,False
2019-01-08,2019-01-07,2018-12-28,0.06679302775024776,0.7833333333333333,,1.7930777095904473,7373371.526832349,0.0,9297161.47316765,9297161.47316765,0,False
2019-01-09,2019-01-08,2018-12-28,0.06679302775024776,0.7833333333333333,,1.7769940367331623,7374078.56245821,0.0,9490521.43754179,9490521.43754179,0,False
2019-01-10,2019-01-09,2018-12-28,0.06679302775024776,0.7833333333333333,,1.7704315951194634,7374785.665882007,0.0,9572278.334117994,9572278.334117994,0,False
2019-01-11,2019-01-10,2018-12-28,0.06679302775024776,0.7833333333333333,,1.7578604622570668,7375492.837110243,0.0,9731993.162889756,9731993.162889756,0,False
2019-01-14,2019-01-11,2018-12-28,0.06679302775024776,0.7833333333333333,,1.7495976437625707,7377614.5542277675,0.0,9842099.445772232,9842099.445772232,0,False
2019-01-15,2019-01-14,2018-12-28,0.06679302775024776,0.7833333333333333,,1.7268275935702644,7378321.996719269,0.0,10151406.00328073,10151406.00328073,0,False
2019-01-16,2019-01-15,2018-12-28,0.06679302775024776,0.7833333333333333,,1.725432013205421,7379029.507047721,0.0,10171910.49295228,10171910.49295228,0,False
2019-01-17,2019-01-16,2018-12-28,0.06679302775024776,0.7833333333333333,,1.715506939810815,7379737.08521963,0.0,10313997.91478037,10313997.91478037,0,False
2019-01-18,2019-01-17,2018-12-28,0.06679302775024776,0.7833333333333333,,1.7064696412835778,7380444.7312415,0.0,10446938.2687585,10446938.2687585,0,False
2019-01-21,2019-01-18,2018-12-28,0.06679302775024776,0.7833333333333333,,1.6987533846800162,7382567.872876515,0.0,10565341.127123486,10565341.127123486,0,False
2019-01-22,2019-01-21,2018-12-28,0.06679302775024776,0.7833333333333333,,1.7197496031136896,7383275.790343777,0.0,10258117.209656224,10258117.209656224,0,False
2019-01-23,2019-01-22,2018-12-28,0.06679302775024776,0.7833333333333333,,1.7048543435494945,7383983.775693536,0.0,10475900.224306464,10475900.224306464,0,False
2019-01-24,2019-01-23,2018-12-28,0.06679302775024776,0.7833333333333333,,1.7054080364336033,7384691.828932301,0.0,10468681.1710677,10468681.1710677,0,False
2019-01-25,2019-01-24,2018-12-28,0.06679302775024776,0.7833333333333333,,1.6797835778448267,7385399.950066582,0.0,10864340.049933419,10864340.049933419,0,False
2019-01-28,2019-01-25,2018-12-28,0.06679302775024776,0.7833333333333333,,1.673629736005537,7387524.517175506,0.0,10966743.482824493,10966743.482824493,0,False
2019-01-29,2019-01-28,2018-12-28,0.06679302775024776,0.7833333333333333,,1.6659754885470786,7512696.599437427,0.0,11280740.400562573,11280740.400562573,0,False
2019-01-30,2019-01-29,2018-12-28,0.06679302775024776,0.7833333333333333,,1.6751583803844126,7513416.995001757,0.0,11128377.004998244,11128377.004998244,0,False
2019-01-31,2019-01-30,2018-12-28,0.06679302775024776,0.7833333333333333,,1.6659327197617686,7608038.5545051135,0.0,11424635.445494886,11424635.445494886,0,False
2019-02-01,2019-01-31,2019-01-31,0.0620728696461825,0.75,,1.6659604284820977,7732765.730688697,0.0,11611449.269311303,11611449.269311303,0,False
2019-02-11,2019-02-01,2019-01-31,0.0620728696461825,0.75,,1.6659971091825179,7944827.220166343,0.0,11929221.779833656,11929221.779833656,0,False
2019-02-12,2019-02-11,2019-01-31,0.0620728696461825,0.75,,1.6659577280560252,8183743.246993482,0.0,12288682.753006518,12288682.753006518,0,False
2019-02-13,2019-02-12,2019-01-31,0.0620728696461825,0.75,,1.6659202591110573,8419865.873816619,0.0,12643955.126183381,12643955.126183381,0,False
2019-02-14,2019-02-13,2019-01-31,0.0620728696461825,0.75,,1.6659671295908942,8462621.677645478,0.0,12707266.322354522,12707266.322354522,0,False
2019-02-15,2019-02-14,2019-01-31,0.0620728696461825,0.75,,1.7080632484511888,8463433.161915937,0.0,11952933.838084063,11952933.838084063,0,False
2019-02-18,2019-02-15,2019-01-31,0.0620728696461825,0.75,,1.6659804327872652,8715087.124537995,0.0,13086100.875462005,13086100.875462005,0,False
2019-02-19,2019-02-18,2019-01-31,0.0620728696461825,0.75,,1.6686548530466017,8715922.81782391,0.0,13035010.18217609,13035010.18217609,0,False
2019-02-20,2019-02-19,2019-01-31,0.0620728696461825,0.75,,1.6720207513112606,8716758.591244796,0.0,12970966.408755204,12970966.408755204,0,False
2019-02-21,2019-02-20,2019-01-31,0.0620728696461825,0.75,,1.6751333113477518,8717594.44480834,0.0,12912404.55519166,12912404.55519166,0,False
2019-02-22,2019-02-21,2019-01-31,0.0620728696461825,0.75,,1.6768656252651495,8718430.378522225,0.0,12880592.621477775,12880592.621477775,0,False
2019-02-25,2019-02-22,2019-01-31,0.0620728696461825,0.75,,1.6659771490136268,9169010.533737965,0.0,13767755.466262035,13767755.466262035,0,False
2019-02-26,2019-02-25,2019-01-31,0.0620728696461825,0.75,,1.68619573703969,9169889.753926132,0.0,13363373.246073868,13363373.246073868,0,False
2019-02-27,2019-02-26,2019-01-31,0.0620728696461825,0.75,,1.6951062107521209,9170769.058423083,0.0,13193334.941576917,13193334.941576917,0,False
2019-02-28,2019-02-27,2019-01-31,0.0620728696461825,0.75,,1.6870464869702209,9171648.447236905,0.0,13349385.552763095,13349385.552763095,0,False
2019-03-01,2019-02-28,2019-02-28,0.05118773963515755,0.55,,1.6659910443524784,9429356.16837568,0.0,14158382.83162432,14158382.83162432,0,False
2019-03-04,2019-03-01,2019-02-28,0.05118773963515755,0.55,,1.6659544609286578,9900626.25854987,0.0,14866821.74145013,14866821.74145013,0,False
2019-03-05,2019-03-04,2019-02-28,0.05118773963515755,0.55,,1.6659831652715116,10050311.992870554,0.0,15090940.007129446,15090940.007129446,0,False
2019-03-06,2019-03-05,2019-02-28,0.05118773963515755,0.55,,1.6682928968977075,10051275.721417816,0.0,15040225.278582184,15040225.278582184,0,False
2019-03-07,2019-03-06,2019-02-28,0.05118773963515755,0.55,,1.6900192604015938,10052239.542377405,0.0,14568056.457622595,14568056.457622595,0,False
2019-03-08,2019-03-07,2019-02-28,0.05118773963515755,0.55,,1.7293211776090875,10053203.45575818,0.0,13784329.54424182,13784329.54424182,0,False
2019-03-11,2019-03-08,2019-02-28,0.05118773963515755,0.55,,1.716123522158572,10056095.47319066,0.0,14042403.52680934,14042403.52680934,0,False
2019-03-12,2019-03-11,2019-02-28,0.05118773963515755,0.55,,1.7034639420311155,10057059.756318226,0.0,14296482.243681774,14296482.243681774,0,False
2019-03-13,2019-03-12,2019-02-28,0.05118773963515755,0.55,,1.7205940399440687,10058024.131911298,0.0,13957961.868088702,13957961.868088702,0,False
2019-03-14,2019-03-13,2019-02-28,0.05118773963515755,0.55,,1.7148086592386893,10058988.599978741,0.0,14072281.400021259,14072281.400021259,0,False
2019-03-15,2019-03-14,2019-02-28,0.05118773963515755,0.55,,1.6773611173834437,10059953.160529424,0.0,14851683.839470576,14851683.839470576,0,False
2019-03-18,2019-03-15,2019-02-28,0.05118773963515755,0.55,,1.6659538764923765,10405504.807857797,0.0,15624963.192142203,15624963.192142203,0,False
2019-03-19,2019-03-18,2019-02-28,0.05118773963515755,0.55,,1.679844956404478,10406502.595990056,0.0,15307170.404009944,15307170.404009944,0,False
2019-03-20,2019-03-19,2019-02-28,0.05118773963515755,0.55,,1.6659458212363505,10579509.39870063,0.0,15886441.60129937,15886441.60129937,0,False
2019-03-21,2019-03-20,2019-02-28,0.05118773963515755,0.55,,1.665967088086134,10745616.030344615,0.0,16135355.969655385,16135355.969655385,0,False
2019-03-22,2019-03-21,2019-02-28,0.05118773963515755,0.55,,1.6776823500957927,10746646.43188177,0.0,15857940.56811823,15857940.56811823,0,False
2019-03-25,2019-03-22,2019-02-28,0.05118773963515755,0.55,,1.716259547130118,10749737.93291012,0.0,15008160.06708988,15008160.06708988,0,False
2019-03-26,2019-03-25,2019-02-28,0.05118773963515755,0.55,,1.7171353229573323,10750768.729698207,0.0,14991269.270301793,14991269.270301793,0,False
2019-03-27,2019-03-26,2019-02-28,0.05118773963515755,0.55,,1.6710154530478158,10751799.625329822,0.0,16023177.374670178,16023177.374670178,0,False
2019-03-28,2019-03-27,2019-02-28,0.05118773963515755,0.55,,1.68693178439705,10752830.619814442,0.0,15653418.380185558,15653418.380185558,0,False
2019-03-29,2019-03-28,2019-02-28,0.05118773963515755,0.55,,1.665951829124523,10962503.661251549,0.0,16461406.338748451,16461406.338748451,0,False
2019-04-01,2019-03-29,2019-03-29,0.049317,0.4666666666666667,,1.665995153328449,11574689.244345197,0.0,17379539.755654804,17379539.755654804,0,False
2019-04-02,2019-04-01,2019-03-29,0.049317,0.4666666666666667,,1.6659806353346889,11881088.72421356,0.0,17839991.27578644,17839991.27578644,0,False
2019-04-03,2019-04-02,2019-03-29,0.049317,0.4666666666666667,,1.6659875079381354,12143996.699043961,0.0,18234571.30095604,18234571.30095604,0,False
2019-04-04,2019-04-03,2019-03-29,0.049317,0.4666666666666667,,1.665986081615656,12707483.974438116,0.0,19080705.025561884,19080705.025561884,0,False
2019-04-08,2019-04-04,2019-03-29,0.049317,0.4666666666666667,,1.66600342896843,13998652.488060366,0.0,21018889.511939634,21018889.511939634,0,False
2019-04-09,2019-04-08,2019-03-29,0.049317,0.4666666666666667,,1.6938801631280147,13999994.824600317,0.0,20176387.175399683,20176387.175399683,0,False
2019-04-10,2019-04-09,2019-03-29,0.049317,0.4666666666666667,,1.682559962171391,14001337.28985747,0.0,20512977.71014253,20512977.71014253,0,False
2019-04-11,2019-04-10,2019-03-29,0.049317,0.4666666666666667,,1.7326550454623302,14002679.883844169,0.0,19112241.116155833,19112241.116155833,0,False
2019-04-12,2019-04-11,2019-03-29,0.049317,0.4666666666666667,,1.7324829583641326,14004022.606572757,0.0,19118564.393427245,19118564.393427245,0,False
2019-04-15,2019-04-12,2019-03-29,0.049317,0.4666666666666667,,1.7471661624859012,14008051.161021223,0.0,18748240.838978775,18748240.838978775,0,False
2019-04-16,2019-04-15,2019-03-29,0.049317,0.4666666666666667,,1.7091603164692315,14009394.398803787,0.0,19754904.601196215,19754904.601196215,0,False
2019-04-17,2019-04-16,2019-03-29,0.049317,0.4666666666666667,,1.6964336670421867,14010737.765389973,0.0,20117835.23461003,20117835.23461003,0,False
2019-04-18,2019-04-17,2019-03-29,0.049317,0.4666666666666667,,1.7137153080410104,14012081.260792134,0.0,19632591.739207864,19632591.739207864,0,False
2019-04-19,2019-04-18,2019-03-29,0.049317,0.4666666666666667,,1.6887734368211578,14013424.885022622,0.0,20345478.11497738,20345478.11497738,0,False
2019-04-22,2019-04-19,2019-03-29,0.049317,0.4666666666666667,,1.7297694951752152,14017456.144236121,0.0,19208059.85576388,19208059.85576388,0,False
2019-04-23,2019-04-22,2019-03-29,0.049317,0.4666666666666667,,1.7501118038745638,14018800.28386639,0.0,18688947.71613361,18688947.71613361,0,False
2019-04-24,2019-04-23,2019-03-29,0.049317,0.4666666666666667,,1.7405741630856397,14020144.55238676,0.0,18931452.44761324,18931452.44761324,0,False
2019-04-25,2019-04-24,2019-03-29,0.049317,0.4666666666666667,,1.7117989448097133,12369475.293229593,0.0,17377765.706770405,17377765.706770405,0,False
2019-04-26,2019-04-25,2019-03-29,0.049317,0.4666666666666667,,1.7215354866047043,12370661.407298807,0.0,17144910.592701193,17144910.592701193,0,False
2019-04-29,2019-04-26,2019-03-29,0.049317,0.4666666666666667,,1.7078634342660237,12374220.090717345,0.0,17481083.909282655,17481083.909282655,0,False
2019-04-30,2019-04-29,2019-03-29,0.049317,0.4666666666666667,,1.7063868758388525,12375406.65976714,0.0,17519304.34023286,17519304.34023286,0,False
2019-05-06,2019-04-30,2019-04-30,0.047630592502037494,0.4166666666666667,,1.794898292613489,12382526.756749472,0.0,15577498.243250528,15577498.243250528,0,False
2019-05-07,2019-05-06,2019-04-30,0.047630592502037494,0.4166666666666667,,1.7556545404278263,12383714.122328887,0.0,16388062.877671113,16388062.877671113,0,False
2019-05-08,2019-05-07,2019-04-30,0.047630592502037494,0.4166666666666667,,1.778302408170313,12384901.601765275,0.0,15912711.398234725,15912711.398234725,0,False
2019-05-09,2019-05-08,2019-04-30,0.047630592502037494,0.4166666666666667,,1.810396389911632,12384870.819309553,0.0,15282485.180690447,15282485.180690447,0,False
2019-05-10,2019-05-09,2019-04-30,0.047630592502037494,0.4166666666666667,,1.7455116011534206,12386058.40966209,0.0,16614172.59033791,16614172.59033791,0,False
2019-05-13,2019-05-10,2019-04-30,0.047630592502037494,0.4166666666666667,,1.769756501282324,12389621.52235528,0.0,16095507.47764472,16095507.47764472,0,False
2019-05-14,2019-05-13,2019-04-30,0.047630592502037494,0.4166666666666667,,1.7821275782376178,12390809.568254685,0.0,15842440.431745315,15842440.431745315,0,False
2019-05-15,2019-05-14,2019-04-30,0.047630592502037494,0.4166666666666667,,1.743030921365043,12380747.728076298,0.0,16662493.271923702,16662493.271923702,0,False
2019-05-16,2019-05-15,2019-04-30,0.047630592502037494,0.4166666666666667,,1.733593657161602,12381934.92306392,0.0,16878465.07693608,16878465.07693608,0,False
2019-05-17,2019-05-16,2019-04-30,0.047630592502037494,0.4166666666666667,,1.7384234459627068,11600434.25229216,0.0,15709731.74770784,15709731.74770784,0,False
2019-05-20,2019-05-17,2019-04-30,0.047630592502037494,0.4166666666666667,,1.760357894209964,11603771.363515422,0.0,15260933.636484578,15260933.636484578,0,False
2019-05-21,2019-05-20,2019-04-30,0.047630592502037494,0.4166666666666667,,1.7237837267061813,11604884.053920142,0.0,16033634.946079858,16033634.946079858,0,False
2019-05-22,2019-05-21,2019-04-30,0.047630592502037494,0.4166666666666667,,1.7294131008533693,11605996.851021202,0.0,15911418.148978798,15911418.148978798,0,False
2019-05-23,2019-05-22,2019-04-30,0.047630592502037494,0.4166666666666667,,1.7513125972391002,11604881.894168835,0.0,15446143.105831165,15446143.105831165,0,False
2019-05-24,2019-05-23,2019-04-30,0.047630592502037494,0.4166666666666667,,1.7305669762270068,11605994.691062797,0.0,15886284.308937203,15886284.308937203,0,False
2019-05-27,2019-05-24,2019-04-30,0.047630592502037494,0.4166666666666667,,1.7033174596384049,11530133.401864335,0.0,16393924.598135665,16393924.598135665,0,False
2019-05-28,2019-05-27,2019-04-30,0.047630592502037494,0.4166666666666667,,1.69705253735037,11531239.03109465,0.0,16542854.96890535,16542854.96890535,0,False
2019-05-29,2019-05-28,2019-04-30,0.047630592502037494,0.4166666666666667,,1.7069714547750554,11532344.766344206,0.0,16312320.233655794,16312320.233655794,0,False
2019-05-30,2019-05-29,2019-04-30,0.047630592502037494,0.4166666666666667,,1.705129738130103,11533450.607623171,0.0,16356494.392376829,16356494.392376829,0,False
2019-05-31,2019-05-30,2019-04-30,0.047630592502037494,0.4166666666666667,,1.721593700140818,11534556.55494171,0.0,15984835.44505829,15984835.44505829,0,False
2019-06-03,2019-05-31,2019-05-31,0.05435701393728222,0.6333333333333333,,1.7345255533219257,11537874.715046557,0.0,15707928.284953443,15707928.284953443,0,False
2019-06-04,2019-06-03,2019-05-31,0.05435701393728222,0.6333333333333333,,1.7551963043680037,11538981.086594574,0.0,15279445.913405426,15279445.913405426,0,False
2019-06-05,2019-06-04,2019-05-31,0.05435701393728222,0.6333333333333333,,1.7626512061491955,11540087.564233014,0.0,15131540.435766986,15131540.435766986,0,False
2019-06-06,2019-06-05,2019-05-31,0.05435701393728222,0.6333333333333333,,1.7584394941403403,11541194.147972051,0.0,15217026.852027949,15217026.852027949,0,False
2019-06-10,2019-06-06,2019-05-31,0.05435701393728222,0.6333333333333333,,1.7338120729460353,11545620.907371273,0.0,15733757.092628727,15733757.092628727,0,False
2019-06-11,2019-06-10,2019-05-31,0.05435701393728222,0.6333333333333333,,1.6774281761615428,11546728.021704856,0.0,17044947.978295144,17044947.978295144,0,False
2019-06-12,2019-06-11,2019-05-31,0.05435701393728222,0.6333333333333333,,1.6809290395621497,11547835.242200088,0.0,16958940.757799912,16958940.757799912,0,False
2019-06-13,2019-06-12,2019-05-31,0.05435701393728222,0.6333333333333333,,1.6832599628894527,11548942.568867149,0.0,16902706.431132853,16902706.431132853,0,False
2019-06-14,2019-06-13,2019-05-31,0.05435701393728222,0.6333333333333333,,1.695636289610749,11550050.001716219,0.0,16603575.998283781,16603575.998283781,0,False
2019-06-17,2019-06-14,2019-05-31,0.05435701393728222,0.6333333333333333,,1.6919743359696386,11553372.61884,0.0,16696244.38116,16696244.38116,0,False
2019-06-18,2019-06-17,2019-05-31,0.05435701393728222,0.6333333333333333,,1.6984223534499001,11554480.476488382,0.0,16543686.523511618,16543686.523511618,0,False
2019-06-19,2019-06-18,2019-05-31,0.05435701393728222,0.6333333333333333,,1.663892774903747,11210300.850713788,35469.410344099626,16832283.559630312,16832283.559630312,0,False
2019-06-20,2019-06-19,2019-05-31,0.05435701393728222,0.6333333333333333,,1.6294060709439453,11211375.811069336,35469.410344099626,17756273.599274766,17756273.599274766,0,False
2019-06-21,2019-06-20,2019-05-31,0.05435701393728222,0.6333333333333333,,1.6343505713250148,11212450.874503274,35469.410344099626,17619565.535840828,17619565.535840828,0,False
2019-06-24,2019-06-21,2019-05-31,0.05435701393728222,0.6333333333333333,,1.6304871280571451,11215676.374069912,35469.410344099626,17732649.036274187,17732649.036274187,0,False
2019-06-25,2019-06-24,2019-05-31,0.05435701393728222,0.6333333333333333,,1.6659015012680953,11554718.512992505,0.0,17351993.487007495,17351993.487007495,0,False
2019-06-26,2019-06-25,2019-05-31,0.05435701393728222,0.6333333333333333,,1.6659723002798101,11588223.82361923,0.0,17400459.17638077,17400459.17638077,0,False
2019-06-27,2019-06-26,2019-05-31,0.05435701393728222,0.6333333333333333,,1.665838123921551,11754393.177563962,0.0,17653529.82243604,17653529.82243604,0,False
2019-06-28,2019-06-27,2019-05-31,0.05435701393728222,0.6333333333333333,,1.6662214346308926,11755520.31115633,0.0,17645064.688843668,17645064.688843668,0,False
2019-07-01,2019-06-28,2019-06-28,0.049579060556464806,0.5,,1.6658078930520088,12367388.962377349,0.0,18575011.037622653,18575011.037622653,0,False
2019-07-02,2019-07-01,2019-06-28,0.049579060556464806,0.5,,1.6691448686862993,12368574.87638744,0.0,18484151.12361256,18484151.12361256,0,False
2019-07-03,2019-07-02,2019-06-28,0.049579060556464806,0.5,,1.6850385051379217,12369760.904115312,0.0,18057030.09588469,18057030.09588469,0,False
2019-07-04,2019-07-03,2019-06-28,0.049579060556464806,0.5,,1.675628134582331,12370947.045571871,0.0,18310289.95442813,18310289.95442813,0,False
2019-07-05,2019-07-04,2019-06-28,0.049579060556464806,0.5,,1.6693205583539437,12372133.300768021,0.0,18484615.69923198,18484615.69923198,0,False
2019-07-08,2019-07-05,2019-06-28,0.049579060556464806,0.5,,1.7200770448689722,12375692.407607969,0.0,17186622.59239203,17186622.59239203,0,False
2019-07-09,2019-07-08,2019-06-28,0.049579060556464806,0.5,,1.7170653902197044,12376879.117838835,0.0,17260460.882161163,17260460.882161163,0,False
2019-07-10,2019-07-09,2019-06-28,0.049579060556464806,0.5,,1.7333586967701862,12378065.941863833,0.0,16878597.058136165,16878597.058136165,0,False
2019-07-11,2019-07-10,2019-06-28,0.049579060556464806,0.5,,1.7317534302958917,12379252.879693875,0.0,16917246.120306127,16917246.120306127,0,False
2019-07-12,2019-07-11,2019-06-28,0.049579060556464806,0.5,,1.7235387174230883,12380439.931339873,0.0,17110957.068660125,17110957.068660125,0,False
2019-07-15,2019-07-12,2019-06-28,0.049579060556464806,0.5,,1.7130892296413853,12384001.427758478,0.0,17366692.572241522,17366692.572241522,0,False
2019-07-16,2019-07-15,2019-06-28,0.049579060556464806,0.5,,1.718559394677328,12385188.9347447,0.0,17236138.0652553,17236138.0652553,0,False
2019-07-17,2019-07-16,2019-06-28,0.049579060556464806,0.5,,1.7168881492263564,12386376.555601457,0.0,17277976.444398545,17277976.444398545,0,False
2019-07-18,2019-07-17,2019-06-28,0.049579060556464806,0.5,,1.6872316996722008,11550315.323939666,0.0,16807017.676060334,16807017.676060334,0,False
2019-07-19,2019-07-18,2019-06-28,0.049579060556464806,0.5,,1.6659721656797193,11559531.969462784,0.0,17357380.030537218,17357380.030537218,0,False
2019-07-22,2019-07-19,2019-06-28,0.049579060556464806,0.5,,1.6696957034315478,11562857.314275917,0.0,17265837.685724083,17265837.685724083,0,False
2019-07-23,2019-07-22,2019-06-28,0.049579060556464806,0.5,,1.6660139615556735,11424820.355777184,97.81026154149822,17153878.45448436,17153878.45448436,0,False
2019-07-24,2019-07-23,2019-06-28,0.049579060556464806,0.5,,1.6659597505308148,11588777.90880469,0.0,17401619.091195308,17401619.091195308,0,False
2019-07-25,2019-07-24,2019-06-28,0.049579060556464806,0.5,,1.6659952549570365,11679356.594010876,0.0,17536696.405989125,17536696.405989125,0,False
2019-07-26,2019-07-25,2019-06-28,0.049579060556464806,0.5,,1.6659894142322471,11801317.461244412,0.0,17719977.53875559,17719977.53875559,0,False
2019-07-29,2019-07-26,2019-06-28,0.049579060556464806,0.5,,1.6661162267163199,11804712.360788057,0.0,17721700.639211945,17721700.639211945,0,False
2019-07-30,2019-07-29,2019-06-28,0.049579060556464806,0.5,,1.665989187835784,11819980.460767584,0.0,17748006.539232418,17748006.539232418,0,False
2019-07-31,2019-07-30,2019-06-28,0.049579060556464806,0.5,,1.6707990349312472,11569841.883551493,0.0,17247851.116448507,17247851.116448507,0,False
2019-08-01,2019-07-31,2019-07-31,0.05082032289950576,0.5833333333333334,,1.687374371617119,11570951.320444437,0.0,16833550.679555565,16833550.679555565,0,False
2019-08-02,2019-08-01,2019-07-31,0.05082032289950576,0.5833333333333334,,1.705660491126363,11572060.86372174,0.0,16398907.13627826,16398907.13627826,0,False
2019-08-05,2019-08-02,2019-07-31,0.05082032289950576,0.5833333333333334,,1.7355486662010482,11575389.81273733,0.0,15737082.18726267,15737082.18726267,0,False
2019-08-06,2019-08-05,2019-07-31,0.05082032289950576,0.5833333333333334,,1.7476484492715116,11576499.781623485,0.0,15483881.218376515,15483881.218376515,0,False
2019-08-07,2019-08-06,2019-07-31,0.05082032289950576,0.5833333333333334,,1.7518921492217274,11577609.85694501,0.0,15397966.14305499,15397966.14305499,0,False
2019-08-08,2019-08-07,2019-07-31,0.05082032289950576,0.5833333333333334,,1.732915875382479,11578720.038712114,0.0,15798156.961287886,15798156.961287886,0,False
2019-08-09,2019-08-08,2019-07-31,0.05082032289950576,0.5833333333333334,,1.746582742856123,11579830.326935004,0.0,15510444.673064996,15510444.673064996,0,False
2019-08-12,2019-08-09,2019-07-31,0.05082032289950576,0.5833333333333334,,1.725921670865512,11583161.511001658,0.0,15956489.488998342,15956489.488998342,0,False
2019-08-13,2019-08-12,2019-07-31,0.05082032289950576,0.5833333333333334,,1.7520672041957845,11584272.225119151,0.0,15403240.774880849,15403240.774880849,0,False
2019-08-14,2019-08-13,2019-07-31,0.05082032289950576,0.5833333333333334,,1.7489770081684792,11585383.045743478,0.0,15468275.954256522,15468275.954256522,0,False
2019-08-15,2019-08-14,2019-07-31,0.05082032289950576,0.5833333333333334,,1.751904581658921,11586493.97288485,0.0,15409527.02711515,15409527.02711515,0,False
2019-08-16,2019-08-15,2019-07-31,0.05082032289950576,0.5833333333333334,,1.7468691247358479,11587605.006553484,0.0,15514906.993446516,15514906.993446516,0,False
2019-08-19,2019-08-16,2019-07-31,0.05082032289950576,0.5833333333333334,,1.7195581249440821,11590938.427171808,0.0,16108411.572828192,16108411.572828192,0,False
2019-08-20,2019-08-19,2019-07-31,0.05082032289950576,0.5833333333333334,,1.7165892800176452,11592049.887020988,0.0,16176700.112979012,16176700.112979012,0,False
2019-08-21,2019-08-20,2019-07-31,0.05082032289950576,0.5833333333333334,,1.7219917165379495,11593161.453448512,0.0,16057194.546551488,16057194.546551488,0,False
2019-08-22,2019-08-21,2019-07-31,0.05082032289950576,0.5833333333333334,,1.732432965648821,11594273.126464596,0.0,15829807.873535404,15829807.873535404,0,False
2019-08-23,2019-08-22,2019-07-31,0.05082032289950576,0.5833333333333334,,1.712070126981407,11595384.906079462,0.0,16284049.093920538,16284049.093920538,0,False
2019-08-26,2019-08-23,2019-07-31,0.05082032289950576,0.5833333333333334,,1.7227618937933598,11598720.564751074,0.0,16047775.435248926,16047775.435248926,0,False
2019-08-27,2019-08-26,2019-07-31,0.05082032289950576,0.5833333333333334,,1.7083076965099289,11599832.770832624,0.0,16376827.229167376,16376827.229167376,0,False
2019-08-28,2019-08-27,2019-07-31,0.05082032289950576,0.5833333333333334,,1.7111929862340967,11600945.083564075,0.0,16311950.916435925,16311950.916435925,0,False
2019-08-29,2019-08-28,2019-07-31,0.05082032289950576,0.5833333333333334,,1.7106387368441327,11602057.502955649,0.0,16326238.497044351,16326238.497044351,0,False
2019-08-30,2019-08-29,2019-07-31,0.05082032289950576,0.5833333333333334,,1.6971497040354884,11603170.029017577,0.0,16643727.970982423,16643727.970982423,0,False
2019-09-02,2019-08-30,2019-08-30,0.05489708547008547,0.7,,1.6731522473879943,11606507.927245103,0.0,17242025.072754897,17242025.072754897,0,False
2019-09-03,2019-09-02,2019-08-30,0.05489708547008547,0.7,,1.673791599297622,11607620.880060045,0.0,17227316.119939953,17227316.119939953,0,False
2019-09-04,2019-09-03,2019-08-30,0.05489708547008547,0.7,,1.6659977063302267,11728186.984746488,0.0,17609951.015253514,17609951.015253514,0,False
2019-09-05,2019-09-04,2019-08-30,0.05489708547008547,0.7,,1.6659506832373834,12008306.107306259,0.0,18031824.892693743,18031824.892693743,0,False
2019-09-06,2019-09-05,2019-08-30,0.05489708547008547,0.7,,1.6659632015324923,12263502.346833808,0.0,18414684.65316619,18414684.65316619,0,False
2019-09-09,2019-09-06,2019-08-30,0.05489708547008547,0.7,,1.6661698963827525,12267030.203673309,0.0,18414266.79632669,18414266.79632669,0,False
2019-09-10,2019-09-09,2019-08-30,0.05489708547008547,0.7,,1.670574540945465,12268206.494240785,0.0,18295067.505759217,18295067.505759217,0,False
2019-09-11,2019-09-10,2019-08-30,0.05489708547008547,0.7,,1.671048564148554,12269382.897603247,0.0,18283897.102396753,18283897.102396753,0,False
2019-09-12,2019-09-11,2019-08-30,0.05489708547008547,0.7,,1.6704515687597188,12270559.41377151,0.0,18301932.58622849,18301932.58622849,0,False
2019-09-16,2019-09-12,2019-08-30,0.05489708547008547,0.7,,1.676052209496856,12275265.929711038,0.0,18157275.070288964,18157275.070288964,0,False
2019-09-17,2019-09-16,2019-08-30,0.05489708547008547,0.7,,1.6994288498407866,12276443.010005668,0.0,17552096.989994332,17552096.989994332,0,False
2019-09-18,2019-09-17,2019-08-30,0.05489708547008547,0.7,,1.6992068355834486,12277620.203171011,0.0,17559353.79682899,17559353.79682899,0,False
2019-09-19,2019-09-18,2019-08-30,0.05489708547008547,0.7,,1.7040726717566101,12278797.50921789,0.0,17439673.490782112,17439673.490782112,0,False
2019-09-20,2019-09-19,2019-08-30,0.05489708547008547,0.7,,1.701705392030953,12279974.92815713,0.0,17500186.07184287,17500186.07184287,0,False
2019-09-23,2019-09-20,2019-08-30,0.05489708547008547,0.7,,1.7183882835963145,12283507.523684409,0.0,17098702.47631559,17098702.47631559,0,False
2019-09-24,2019-09-23,2019-08-30,0.05489708547008547,0.7,,1.716927393906097,12284685.394268872,0.0,17135187.60573113,17135187.60573113,0,False
2019-09-25,2019-09-24,2019-08-30,0.05489708547008547,0.7,,1.719695714576311,12285863.37779983,0.0,17070913.62220017,17070913.62220017,0,False
2019-09-26,2019-09-25,2019-08-30,0.05489708547008547,0.7,,1.7076277013677679,11973133.76153811,0.0,16920103.23846189,16920103.23846189,0,False
2019-09-27,2019-09-26,2019-08-30,0.05489708547008547,0.7,,1.7128185764097719,11962878.691394972,0.0,16782501.30860503,16782501.30860503,0,False
2019-09-30,2019-09-27,2019-08-30,0.05489708547008547,0.7,,1.6716819224453747,11140024.41545688,0.0,16585267.58454312,16585267.58454312,0,False
2019-10-08,2019-09-30,2019-09-30,0.05391323208191126,0.6666666666666666,,1.6659809275261293,11175358.655581202,0.0,16780298.344418798,16780298.344418798,0,False
2019-10-09,2019-10-08,2019-09-30,0.05391323208191126,0.6666666666666666,,1.669760199787294,11176430.2653153,0.0,16687211.7346847,16687211.7346847,0,False
2019-10-10,2019-10-09,2019-09-30,0.05391323208191126,0.6666666666666666,,1.665997334219923,11303682.627176493,0.0,16972564.372823507,16972564.372823507,0,False
2019-10-11,2019-10-10,2019-09-30,0.05391323208191126,0.6666666666666666,,1.6660017639956455,11809053.860668965,0.0,17731265.139331035,17731265.139331035,0,False
2019-10-14,2019-10-11,2019-09-30,0.05391323208191126,0.6666666666666666,,1.665992693640485,12042501.11895217,0.0,18082031.88104783,18082031.88104783,0,False
2019-10-15,2019-10-14,2019-09-30,0.05391323208191126,0.6666666666666666,,1.6835107233693656,12043655.87933344,0.0,17620288.12066656,17620288.12066656,0,False
2019-10-16,2019-10-15,2019-09-30,0.05391323208191126,0.6666666666666666,,1.6816101452543424,12044810.750445157,0.0,17671114.249554843,17671114.249554843,0,False
2019-10-17,2019-10-16,2019-09-30,0.05391323208191126,0.6666666666666666,,1.6841999540118284,12045965.73229794,0.0,17605914.267702058,17605914.267702058,0,False
2019-10-18,2019-10-17,2019-09-30,0.05391323208191126,0.6666666666666666,,1.6953101350035122,12047120.824902408,0.0,17326255.175097592,17326255.175097592,0,False
2019-10-21,2019-10-18,2019-09-30,0.05391323208191126,0.6666666666666666,,1.697058564079822,12050586.435002722,0.0,17287767.56499728,17287767.56499728,0,False
2019-10-22,2019-10-21,2019-09-30,0.05391323208191126,0.6666666666666666,,1.6973925195844353,12051741.97068827,0.0,17281146.02931173,17281146.02931173,0,False
2019-10-23,2019-10-22,2019-09-30,0.05391323208191126,0.6666666666666666,,1.6981230362362236,12052897.61717861,0.0,17264718.38282139,17264718.38282139,0,False
2019-10-24,2019-10-23,2019-09-30,0.05391323208191126,0.6666666666666666,,1.6991872339164193,12054053.374484366,0.0,17240093.625515632,17240093.625515632,0,False
2019-10-25,2019-10-24,2019-09-30,0.05391323208191126,0.6666666666666666,,1.665976199363124,11830853.142417634,436.02902146846213,17764023.886603832,17764023.886603832,0,False
2019-10-28,2019-10-25,2019-09-30,0.05391323208191126,0.6666666666666666,,1.666467420776782,11833820.509505628,0.0,17756037.49049437,17756037.49049437,0,False
2019-10-29,2019-10-28,2019-09-30,0.05391323208191126,0.6666666666666666,,1.678456243702453,11834955.259417498,0.0,17443947.740582503,17443947.740582503,0,False
2019-10-30,2019-10-29,2019-09-30,0.05391323208191126,0.6666666666666666,,1.6693010741201129,11836090.118141005,0.0,17684253.881858997,17684253.881858997,0,False
2019-10-31,2019-10-30,2019-09-30,0.05391323208191126,0.6666666666666666,,1.68531161716331,11837225.08568658,0.0,17272762.91431342,17272762.91431342,0,False
2019-11-01,2019-10-31,2019-10-31,0.052809802913453295,0.65,,1.6659930375720289,12442350.593704658,0.0,18682403.406295344,18682403.406295344,0,False
2019-11-04,2019-11-01,2019-10-31,0.052809802913453295,0.65,,1.6659972604995916,12891615.839059833,0.0,19356860.160940167,19356860.160940167,0,False
2019-11-05,2019-11-04,2019-10-31,0.052809802913453295,0.65,,1.66599586974829,13006619.370900566,0.0,19529579.629099436,19529579.629099436,0,False
2019-11-06,2019-11-05,2019-10-31,0.052809802913453295,0.65,,1.6731011565284428,13007866.580977228,0.0,19325277.419022772,19325277.419022772,0,False
2019-11-07,2019-11-06,2019-10-31,0.052809802913453295,0.65,,1.675792118951407,13009113.910649376,0.0,19250171.089350626,19250171.089350626,0,False
2019-11-08,2019-11-07,2019-10-31,0.052809802913453295,0.65,,1.6769590514420636,13010361.35992848,0.0,19218830.64007152,19218830.64007152,0,False
2019-11-11,2019-11-08,2019-10-31,0.052809802913453295,0.65,,1.696790213588637,13014104.066621061,0.0,18677219.93337894,18677219.93337894,0,False
2019-11-12,2019-11-11,2019-10-31,0.052809802913453295,0.65,,1.6931186016356274,13015351.994408272,0.0,18777958.005591728,18777958.005591728,0,False
2019-11-13,2019-11-12,2019-10-31,0.052809802913453295,0.65,,1.698524899504465,13016600.04185979,0.0,18634410.95814021,18634410.95814021,0,False
2019-11-14,2019-11-13,2019-10-31,0.052809802913453295,0.65,,1.6963420356871477,13017848.208987093,0.0,18694617.791012906,18694617.791012906,0,False
2019-11-15,2019-11-14,2019-10-31,0.052809802913453295,0.65,,1.7129001634669028,13019096.495801654,0.0,18262159.504198346,18262159.504198346,0,False
2019-11-18,2019-11-15,2019-10-31,0.052809802913453295,0.65,,1.6789397005828335,13022841.715341542,0.0,19181146.284658458,19181146.284658458,0,False
2019-11-19,2019-11-18,2019-10-31,0.052809802913453295,0.65,,1.6659840718996597,13105808.387225479,0.0,19678861.61277452,19678861.61277452,0,False
2019-11-20,2019-11-19,2019-10-31,0.052809802913453295,0.65,,1.677209274197581,13107065.108577678,0.0,19354526.891422324,19354526.891422324,0,False
2019-11-21,2019-11-20,2019-10-31,0.052809802913453295,0.65,,1.674759111662148,13108321.950437404,0.0,19426669.049562596,19426669.049562596,0,False
2019-11-22,2019-11-21,2019-10-31,0.052809802913453295,0.65,,1.6659694118090893,13139395.210876213,0.0,19729727.78912379,19729727.78912379,0,False
2019-11-25,2019-11-22,2019-10-31,0.052809802913453295,0.65,,1.6659815383132486,13945424.18885578,0.0,20939655.811144218,20939655.811144218,0,False
2019-11-26,2019-11-25,2019-10-31,0.052809802913453295,0.65,,1.667443012257346,13946761.421312246,0.0,20895808.578687754,20895808.578687754,0,False
2019-11-27,2019-11-26,2019-10-31,0.052809802913453295,0.65,,1.6688470040649614,13948098.781996481,0.0,20853945.21800352,20853945.21800352,0,False
2019-11-28,2019-11-27,2019-10-31,0.052809802913453295,0.65,,1.6768701296401307,13949436.270920781,0.0,20608733.729079217,20608733.729079217,0,False
2019-11-29,2019-11-28,2019-10-31,0.052809802913453295,0.65,,1.684737522588879,13950773.888097445,0.0,20373900.111902557,20373900.111902557,0,False
2019-12-02,2019-11-29,2019-11-29,0.055610034904013964,0.7666666666666667,,1.6756193792613177,13954787.124421418,0.0,20654805.875578582,20654805.875578582,0,False
2019-12-03,2019-12-02,2019-11-29,0.055610034904013964,0.7666666666666667,,1.6691382795734369,13956125.254693622,0.0,20856862.74530638,20856862.74530638,0,False
2019-12-04,2019-12-03,2019-11-29,0.055610034904013964,0.7666666666666667,,1.674976309139772,13957463.513279688,0.0,20678449.486720312,20678449.486720312,0,False
2019-12-05,2019-12-04,2019-11-29,0.055610034904013964,0.7666666666666667,,1.665981294395156,14261559.117381921,0.0,21414353.882618077,21414353.882618077,0,False
2019-12-06,2019-12-05,2019-11-29,0.055610034904013964,0.7666666666666667,,1.665999014168319,14293443.8417866,0.0,21461659.1582134,21461659.1582134,0,False
2019-12-09,2019-12-06,2019-11-29,0.055610034904013964,0.7666666666666667,,1.6660227228606832,14287788.14017052,32.20687189837395,21452355.066701375,21452355.066701375,0,False
2019-12-10,2019-12-09,2019-11-29,0.055610034904013964,0.7666666666666667,,1.6660219504086224,14353645.711925076,0.0,21551310.288074926,21551310.288074926,0,False
2019-12-11,2019-12-10,2019-11-29,0.055610034904013964,0.7666666666666667,,1.6660228218832058,14319849.090785172,28.47986402043648,21500495.389078844,21500495.389078844,0,False
2019-12-12,2019-12-11,2019-11-29,0.055610034904013964,0.7666666666666667,,1.6660173683416994,14293622.904407864,142.50698252742598,21461122.60257466,21461122.60257466,0,False
2019-12-13,2019-12-12,2019-11-29,0.055610034904013964,0.7666666666666667,,1.665995715642847,14514579.65519973,0.0,21793803.34480027,21793803.34480027,0,False
2019-12-16,2019-12-13,2019-11-29,0.055610034904013964,0.7666666666666667,,1.6660127956464732,14712024.11045383,0.0,22089701.88954617,22089701.88954617,0,False
2019-12-17,2019-12-16,2019-11-29,0.055610034904013964,0.7666666666666667,,1.6660052687060396,15113200.410041818,0.0,22692313.589958183,22692313.589958183,0,False
2019-12-18,2019-12-17,2019-11-29,0.055610034904013964,0.7666666666666667,,1.6660087412651288,14981945.310387332,332.3791572896298,22494619.068769958,22494619.068769958,0,False
2019-12-19,2019-12-18,2019-11-29,0.055610034904013964,0.7666666666666667,,1.6660160683493221,15023778.805952819,0.0,22557682.194047183,22557682.194047183,0,False
2019-12-20,2019-12-19,2019-11-29,0.055610034904013964,0.7666666666666667,,1.6660025924816726,15015800.207443733,480.9129470556509,22545436.705503326,22545436.705503326,0,False
2019-12-23,2019-12-20,2019-11-29,0.055610034904013964,0.7666666666666667,,1.6659945700087133,15125205.726934982,0.0,22710704.273065016,22710704.273065016,0,False
2019-12-24,2019-12-23,2019-11-29,0.055610034904013964,0.7666666666666667,,1.6659894115236955,15270780.941117976,0.0,22929465.058882024,22929465.058882024,0,False
2019-12-25,2019-12-24,2019-11-29,0.055610034904013964,0.7666666666666667,,1.665980376334329,15344115.167398084,0.0,23039890.832601916,23039890.832601916,0,False
2019-12-26,2019-12-25,2019-11-29,0.055610034904013964,0.7666666666666667,,1.6660915715657867,16556615.135804547,0.0,24856364.86419545,24856364.86419545,0,False
2019-12-27,2019-12-26,2019-11-29,0.055610034904013964,0.7666666666666667,,1.665997118003864,17293949.616444007,0.0,25967003.68355599,25967003.68355599,0,False
2019-12-30,2019-12-27,2019-11-29,0.055610034904013964,0.7666666666666667,,1.6659790090805462,17704389.184451476,0.0,26584004.815548524,26584004.815548524,0,False
2019-12-31,2019-12-30,2019-11-29,0.055610034904013964,0.7666666666666667,,1.6660009927612038,18675017.37259615,0.0,28040524.827403855,28040524.827403855,0,False
2020-01-02,2019-12-31,2019-12-31,0.04993581300813008,0.55,,1.6659965865834618,19014164.790967196,0.0,28549943.309032805,28549943.309032805,0,False
2020-01-03,2020-01-02,2019-12-31,0.04993581300813008,0.55,,1.6682612421589578,19015988.067043044,0.0,28455919.432956956,28455919.432956956,0,False
2020-01-06,2020-01-03,2019-12-31,0.04993581300813008,0.55,,1.6659991683345008,19375099.25244466,0.0,29091776.947555345,29091776.947555345,0,False
2020-01-07,2020-01-06,2019-12-31,0.04993581300813008,0.55,,1.6659819325030898,19410592.474974345,0.0,29145824.42502566,29145824.42502566,0,False
2020-01-08,2020-01-07,2019-12-31,0.04993581300813008,0.55,,1.68564600095211,19412453.764663726,0.0,28312647.835336275,28312647.835336275,0,False
2020-01-09,2020-01-08,2019-12-31,0.04993581300813008,0.55,,1.6843376260352914,19414315.232832942,0.0,28369498.46716706,28369498.46716706,0,False
2020-01-10,2020-01-09,2019-12-31,0.04993581300813008,0.55,,1.6816628362342811,19416176.879499104,0.0,28483549.120500896,28483549.120500896,0,False
2020-01-13,2020-01-10,2019-12-31,0.04993581300813008,0.55,,1.6829053044615851,19421762.355039783,0.0,28439905.544960216,28439905.544960216,0,False
2020-01-14,2020-01-13,2019-12-31,0.04993581300813008,0.55,,1.6659906197578431,20076730.549553555,0.0,30145665.65044645,30145665.65044645,0,False
2020-01-15,2020-01-14,2019-12-31,0.04993581300813008,0.55,,1.6976152228911165,20078655.715496663,0.0,28781848.584503334,28781848.584503334,0,False
2020-01-16,2020-01-15,2019-12-31,0.04993581300813008,0.55,,1.7075997585399079,20080581.066044725,0.0,28378445.333955273,28378445.333955273,0,False
2020-01-17,2020-01-16,2019-12-31,0.04993581300813008,0.55,,1.7147411712672345,20082506.60121544,0.0,28097593.098784562,28097593.098784562,0,False
2020-01-20,2020-01-17,2019-12-31,0.04993581300813008,0.55,,1.7049871363390587,20088283.760648668,0.0,28494539.439351335,28494539.439351335,0,False
2020-01-21,2020-01-20,2019-12-31,0.04993581300813008,0.55,,1.74250550114509,20090210.034433935,0.0,27057321.465566065,27057321.465566065,0,False
2020-01-22,2020-01-21,2019-12-31,0.04993581300813008,0.55,,1.7306088011663094,20092136.492930386,0.0,27500539.90706962,27500539.90706962,0,False
2020-01-23,2020-01-22,2019-12-31,0.04993581300813008,0.55,,1.7887126679550958,20094063.136155736,0.0,25477038.66384426,25477038.66384426,0,False
2020-02-03,2020-01-23,2020-01-23,0.053680040133779264,0.6833333333333333,,1.9406175755740067,20110144.855557296,0.0,21379724.744442705,21379724.744442705,0,False
2020-02-04,2020-02-03,2020-01-23,0.053680040133779264,0.6833333333333333,,1.8779228706926225,20112073.22561194,0.0,22908701.77438806,22908701.77438806,0,False
2020-02-05,2020-02-04,2020-01-23,0.053680040133779264,0.6833333333333333,,1.8887366719918295,20114001.78057878,0.0,22632127.619421218,22632127.619421218,0,False
2020-02-06,2020-02-05,2020-01-23,0.053680040133779264,0.6833333333333333,,1.875337229157279,20115930.520475548,0.0,22980777.979524452,22980777.979524452,0,False
2020-02-07,2020-02-06,2020-01-23,0.053680040133779264,0.6833333333333333,,1.891667595581339,20117859.445319977,0.0,22562061.85468002,22562061.85468002,0,False
2020-02-10,2020-02-07,2020-01-23,0.053680040133779264,0.6833333333333333,,1.8302694195556017,20123646.774749454,0.0,24237490.025250543,24237490.025250543,0,False
2020-02-11,2020-02-10,2020-01-23,0.053680040133779264,0.6833333333333333,,1.8399152797319005,20125576.439508677,0.0,23961436.260491326,23961436.260491326,0,False
2020-02-12,2020-02-11,2020-01-23,0.053680040133779264,0.6833333333333333,,1.7808659060532306,20127506.289304245,0.0,25775880.51069575,25775880.51069575,0,False
2020-02-13,2020-02-12,2020-01-23,0.053680040133779264,0.6833333333333333,,1.7277402233527175,20129436.324153904,0.0,27660194.77584609,27660194.77584609,0,False
2020-02-14,2020-02-13,2020-01-23,0.053680040133779264,0.6833333333333333,,1.6897851124810828,20131366.5440754,0.0,29184982.655924603,29184982.655924603,0,False
2020-02-17,2020-02-14,2020-01-23,0.053680040133779264,0.6833333333333333,,1.665951621960098,20168057.068048626,0.0,30284567.831951372,30284567.831951372,0,False
2020-02-18,2020-02-17,2020-01-23,0.053680040133779264,0.6833333333333333,,1.6940211474329137,20169990.991329122,0.0,29062502.008670878,29062502.008670878,0,False
2020-02-19,2020-02-18,2020-01-23,0.053680040133779264,0.6833333333333333,,1.7148235460310581,20171925.10005432,0.0,28219446.89994568,28219446.89994568,0,False
2020-02-20,2020-02-19,2020-01-23,0.053680040133779264,0.6833333333333333,,1.6847003270157355,20173859.394241996,0.0,29463779.405758,29463779.405758,0,False
2020-02-21,2020-02-20,2020-01-23,0.053680040133779264,0.6833333333333333,,1.6834414663234352,20175793.873909935,0.0,29520880.526090063,29520880.526090063,0,False
2020-02-24,2020-02-21,2020-01-23,0.053680040133779264,0.6833333333333333,,1.7086968481600966,20181597.86940791,0.0,28477053.23059209,28477053.23059209,0,False
2020-02-25,2020-02-24,2020-01-23,0.053680040133779264,0.6833333333333333,,1.671852299333751,20183533.091121417,0.0,30041622.408878583,30041622.408878583,0,False
2020-02-26,2020-02-25,2020-01-23,0.053680040133779264,0.6833333333333333,,1.6955285189687845,20185468.498404127,0.0,29021769.701595876,29021769.701595876,0,False
2020-02-27,2020-02-26,2020-01-23,0.053680040133779264,0.6833333333333333,,1.6967166570744794,20187404.091273837,0.0,28975055.908726163,28975055.908726163,0,False
2020-02-28,2020-02-27,2020-01-23,0.053680040133779264,0.6833333333333333,,1.7672076128354497,20189339.869748343,0.0,26315353.930251654,26315353.930251654,0,False
2020-03-02,2020-02-28,2020-02-28,0.05905442350907519,0.8666666666666667,,1.7009809640659046,20195147.76203964,0.0,28809837.63796036,28809837.63796036,0,False
2020-03-03,2020-03-02,2020-02-28,0.05905442350907519,0.8666666666666667,,1.6660099711109262,19291060.107483428,337.86775551119354,28964614.760272082,28964614.760272082,0,False
2020-03-04,2020-03-03,2020-02-28,0.05905442350907519,0.8666666666666667,,1.6658780826228945,19757730.609609455,281.8639199999743,29671270.554310545,29671270.554310545,0,False
2020-03-05,2020-03-04,2020-02-28,0.05905442350907519,0.8666666666666667,,1.6659986429069567,20035475.783237226,165.7223600000143,30083109.439122774,30083109.439122774,0,False
2020-03-06,2020-03-05,2020-02-28,0.05905442350907519,0.8666666666666667,,1.6659976347518985,19957858.050191365,780.811107525602,29965687.86091616,29965687.86091616,0,False
2020-03-09,2020-03-06,2020-02-28,0.05905442350907519,0.8666666666666667,,1.6660101571385442,17962978.746484,539.229769284022,26970218.583285283,26970218.583285283,0,False
2020-03-10,2020-03-09,2020-02-28,0.05905442350907519,0.8666666666666667,,1.6659621630508872,18541912.043378763,0.0,27842290.55662123,27842290.55662123,0,False
2020-03-11,2020-03-10,2020-02-28,0.05905442350907519,0.8666666666666667,,1.5154369554640628,18058581.31872692,4083952.455282352,27112198.136555433,27112198.136555433,0,False
2020-03-12,2020-03-11,2020-02-28,0.05905442350907519,0.8666666666666667,,1.58885395702057,17268304.53771978,2000355.9704312223,25928243.132711448,25928243.132711448,0,False
2020-03-13,2020-03-12,2020-02-28,0.05905442350907519,0.8666666666666667,,1.6658163804448953,16513732.44921658,4643.6888293388765,24795257.73961276,24795257.73961276,0,False
2020-03-16,2020-03-13,2020-02-28,0.05905442350907519,0.8666666666666667,,1.7331866671647518,16513839.286160303,0.0,22523376.413839698,22523376.413839698,0,False
2020-03-17,2020-03-16,2020-02-28,0.05905442350907519,0.8666666666666667,,1.7648613247126235,16515422.804995963,0.0,21592702.19500404,21592702.19500404,0,False
2020-03-18,2020-03-17,2020-02-28,0.05905442350907519,0.8666666666666667,,1.7920172240883079,16517006.475675894,0.0,20854352.624324106,20854352.624324106,0,False
2020-03-19,2020-03-18,2020-02-28,0.05905442350907519,0.8666666666666667,,1.8299027531079157,16518590.298214657,0.0,19904248.10178534,19904248.10178534,0,False
2020-03-20,2020-03-19,2020-02-28,0.05905442350907519,0.8666666666666667,,1.8113579609678254,16520174.272626815,0.0,20361141.52737318,20361141.52737318,0,False
2020-03-23,2020-03-20,2020-02-28,0.05905442350907519,0.8666666666666667,,1.2684817651205489,12183986.050082913,7274386.801465752,18286527.751382835,18286527.751382835,0,False
2020-03-24,2020-03-23,2020-02-28,0.05905442350907519,0.8666666666666667,,1.308957149425455,12185154.377512373,6328837.802515752,18955109.42500338,18955109.42500338,0,False
2020-03-25,2020-03-24,2020-02-28,0.05905442350907519,0.8666666666666667,,1.3526346240978584,12186322.81697323,5365467.843475752,19342556.02650252,19342556.02650252,0,False
2020-03-26,2020-03-25,2020-02-28,0.05905442350907519,0.8666666666666667,,1.3772218767873312,12187491.368476227,4974248.814115752,19122015.445639525,19122015.445639525,0,False
2020-03-27,2020-03-26,2020-02-28,0.05905442350907519,0.8666666666666667,,1.3928807276846893,12188660.032032108,4499726.622415751,19570655.59038364,19570655.59038364,0,False
2020-03-30,2020-03-27,2020-02-28,0.05905442350907519,0.8666666666666667,,1.3973488260781626,12192166.358890638,4499726.622415751,19359412.263525113,19359412.263525113,0,False
2020-03-31,2020-03-30,2020-02-28,0.05905442350907519,0.8666666666666667,,1.401393145419193,12193335.470733272,4499726.622415751,19167265.15168248,19167265.15168248,0,False
2020-04-01,2020-03-31,2020-03-31,0.06626689861751152,0.95,,1.403627734522247,12194504.69468252,4499726.622415751,19064046.92773323,19064046.92773323,0,False
2020-04-02,2020-04-01,2020-03-31,0.06626689861751152,0.95,,1.4013971580844444,12195674.030749133,4499726.622415751,19172899.591666616,19172899.591666616,0,False
2020-04-03,2020-04-02,2020-03-31,0.06626689861751152,0.95,,1.402108338412255,12196843.478943862,4499726.622415751,19141898.14347189,19141898.14347189,0,False
2020-04-07,2020-04-03,2020-03-31,0.06626689861751152,0.95,,1.3959473169807677,12201521.720278252,4274281.8262157515,20020946.1059375,20020946.1059375,0,False
2020-04-08,2020-04-07,2020-03-31,0.06626689861751152,0.95,,1.3975449291764575,12202691.729210334,4274281.8262157515,19943431.09700542,19943431.09700542,0,False
2020-04-09,2020-04-08,2020-03-31,0.06626689861751152,0.95,,1.3970610137187158,12203861.850335052,4274281.8262157515,19970683.975880697,19970683.975880697,0,False
2020-04-10,2020-04-09,2020-03-31,0.06626689861751152,0.95,,1.3998170372579237,12205032.083663167,4274281.8262157515,19835948.742552586,19835948.742552586,0,False
2020-04-13,2020-04-10,2020-03-31,0.06626689861751152,0.95,,1.3944227953784059,12208543.120289974,4274281.8262157515,20116132.705925778,20116132.705925778,0,False
2020-04-14,2020-04-13,2020-03-31,0.06626689861751152,0.95,,1.3892456886611475,12209713.802506989,4274281.8262157515,20386692.02370876,20386692.02370876,0,False
2020-04-15,2020-04-14,2020-03-31,0.06626689861751152,0.95,,1.4002708622826587,12210884.596981201,4274281.8262157515,19828080.22923455,19828080.22923455,0,False
2020-04-16,2020-04-15,2020-03-31,0.06626689861751152,0.95,,1.4041091995087978,12212055.503723377,4274281.8262157515,19642645.322492376,19642645.322492376,0,False
2020-04-17,2020-04-16,2020-03-31,0.06626689861751152,0.95,,1.3970430948571173,12213226.522744283,4274281.8262157515,19995171.30347147,19995171.30347147,0,False
2020-04-20,2020-04-17,2020-03-31,0.06626689861751152,0.95,,1.3904780629955067,12216739.916675484,4274281.8262157515,20340343.909540266,20340343.909540266,0,False
2020-04-21,2020-04-20,2020-03-31,0.06626689861751152,0.95,,1.398270579872847,12217911.384886673,4274281.8262157515,19945308.441329077,19945308.441329077,0,False
2020-04-22,2020-04-21,2020-03-31,0.06626689861751152,0.95,,1.395260240692431,12219082.96543043,4274281.8262157515,20100177.86078532,20100177.86078532,0,False
2020-04-23,2020-04-22,2020-03-31,0.06626689861751152,0.95,,1.402984283023609,12220254.658317525,4274281.8262157515,19717823.167898227,19717823.167898227,0,False
2020-04-24,2020-04-23,2020-03-31,0.06626689861751152,0.95,,1.4034404407209689,12221426.463558733,4274281.8262157515,19698433.362657018,19698433.362657018,0,False
2020-04-27,2020-04-24,2020-03-31,0.06626689861751152,0.95,,1.401832331924376,12224942.216377018,4274281.8262157515,19786014.60983873,19786014.60983873,0,False
2020-04-28,2020-04-27,2020-03-31,0.06626689861751152,0.95,,1.3881435893583918,12226114.471110094,4274281.8262157515,20486832.355105657,20486832.355105657,0,False
2020-04-29,2020-04-28,2020-03-31,0.06626689861751152,0.95,,1.3794325555409157,12227286.83825116,4274281.8262157515,20960259.987964593,20960259.987964593,0,False
2020-04-30,2020-04-29,2020-03-31,0.06626689861751152,0.95,,1.3725837541633403,12228459.317810994,4274281.8262157515,21348696.508404758,21348696.508404758,0,False
2020-05-06,2020-04-30,2020-04-30,0.05958176720475786,0.9,,1.3708276109365647,12235494.869747268,4274281.8262157515,21468770.956468485,21468770.956468485,0,False
2020-05-07,2020-05-06,2020-04-30,0.05958176720475786,0.9,,1.3654122182031465,12236668.136378614,4237736.460815752,21890159.324437134,21890159.324437134,0,False
2020-05-08,2020-05-07,2020-04-30,0.05958176720475786,0.9,,1.3644640830892085,12237841.51551498,4237736.460815752,21950324.945300773,21950324.945300773,0,False
2020-05-11,2020-05-08,2020-04-30,0.05958176720475786,0.9,,1.3602795186991457,12241361.990471497,4237736.460815752,22215044.47034426,22215044.47034426,0,False
2020-05-12,2020-05-11,2020-04-30,0.05958176720475786,0.9,,1.4157212069951681,12242535.81970346,3143616.120815752,21887071.301112294,21887071.301112294,0,False
2020-05-13,2020-05-12,2020-04-30,0.05958176720475786,0.9,,1.4624068753464694,12243709.76149439,2041962.952295752,22062273.19080136,22062273.19080136,0,False
2020-05-14,2020-05-13,2020-04-30,0.05958176720475786,0.9,,1.6268848287498547,13405248.08080933,0.0,21383908.919190668,21383908.919190668,0,False
2020-05-15,2020-05-14,2020-04-30,0.05958176720475786,0.9,,1.665898550984897,14109016.328146804,0.0,21187936.671853196,21187936.671853196,0,False
2020-05-18,2020-05-15,2020-04-30,0.05958176720475786,0.9,,1.6659996813109084,14304580.1495086,0.0,21478358.8504914,21478358.8504914,0,False
2020-05-19,2020-05-18,2020-04-30,0.05958176720475786,0.9,,1.6659891322237266,14511969.07447773,0.0,21790098.925522268,21790098.925522268,0,False
2020-05-20,2020-05-19,2020-04-30,0.05958176720475786,0.9,,1.6700714228326625,14513360.633156104,0.0,21659423.366843894,21659423.366843894,0,False
2020-05-21,2020-05-20,2020-04-30,0.05958176720475786,0.9,,1.6692169057238213,14514752.325271612,0.0,21689159.674728386,21689159.674728386,0,False
2020-05-22,2020-05-21,2020-04-30,0.05958176720475786,0.9,,1.6793843531829118,14225575.17859705,0.0,20938920.821402952,20938920.821402952,0,False
2020-05-25,2020-05-22,2020-04-30,0.05958176720475786,0.9,,1.6695411739537167,14229667.467347058,0.0,21252863.932652943,21252863.932652943,0,False
2020-05-26,2020-05-25,2020-04-30,0.05958176720475786,0.9,,1.6659897480197776,14315824.19178831,0.0,21495562.408211693,21495562.408211693,0,False
2020-05-27,2020-05-26,2020-04-30,0.05958176720475786,0.9,,1.6659935804516441,14435535.957913278,0.0,21675187.842086717,21675187.842086717,0,False
2020-05-28,2020-05-27,2020-04-30,0.05958176720475786,0.9,,1.66598492299057,14442197.240058694,0.0,21685471.759941306,21685471.759941306,0,False
2020-05-29,2020-05-28,2020-04-30,0.05958176720475786,0.9,,1.666022627000606,14303249.29428073,21.81256353729458,21475587.918282807,21475587.918282807,0,False
2020-06-01,2020-05-29,2020-05-29,0.05915389655172415,0.8333333333333334,,1.6659865972357755,14677972.749675822,0.0,22039441.650324177,22039441.650324177,0,False
2020-06-02,2020-06-01,2020-05-29,0.05915389655172415,0.8333333333333334,,1.6683694953298822,14679380.226514831,0.0,21962971.573485166,21962971.573485166,0,False
2020-06-03,2020-06-02,2020-05-29,0.05915389655172415,0.8333333333333334,,1.6765484754858642,14680787.838317374,0.0,21699535.76168263,21699535.76168263,0,False
2020-06-04,2020-06-03,2020-05-29,0.05915389655172415,0.8333333333333334,,1.6665269585407496,14427216.351925807,22.12879941619417,21645327.376873612,21645327.376873612,0,False
2020-06-05,2020-06-04,2020-05-29,0.05915389655172415,0.8333333333333334,,1.67455298987466,14428577.65483137,0.0,21389835.745168626,21389835.745168626,0,False
2020-06-08,2020-06-05,2020-05-29,0.05915389655172415,0.8333333333333334,,1.6714858185558927,14432728.341553994,0.0,21493720.258446008,21493720.258446008,0,False
2020-06-09,2020-06-08,2020-05-29,0.05915389655172415,0.8333333333333334,,1.6663756979414825,14434112.301805923,0.0,21660622.29819408,21660622.29819408,0,False
2020-06-10,2020-06-09,2020-05-29,0.05915389655172415,0.8333333333333334,,1.6698145953507195,14435496.39476637,0.0,21551480.805233635,21551480.805233635,0,False
2020-06-11,2020-06-10,2020-05-29,0.05915389655172415,0.8333333333333334,,1.6871544067479924,14436316.91063806,0.0,21008839.889361937,21008839.889361937,0,False
2020-06-12,2020-06-11,2020-05-29,0.05915389655172415,0.8333333333333334,,1.6936295549977585,14437701.214999355,0.0,20814714.58500065,20814714.58500065,0,False
2020-06-15,2020-06-12,2020-05-29,0.05915389655172415,0.8333333333333334,,1.6670902908644938,13661928.045479018,110.62439123802051,20479712.578912217,20479712.578912217,0,False
2020-06-16,2020-06-15,2020-05-29,0.05915389655172415,0.8333333333333334,,1.665985186470676,14047324.627682554,0.0,21092548.172317445,21092548.172317445,0,False
2020-06-17,2020-06-16,2020-05-29,0.05915389655172415,0.8333333333333334,,1.6659962035490368,14121131.453883976,0.0,21203020.946116023,21203020.946116023,0,False
2020-06-18,2020-06-17,2020-05-29,0.05915389655172415,0.8333333333333334,,1.6659983900779929,14676949.626722293,0.0,22037515.173277706,22037515.173277706,0,False
2020-06-19,2020-06-18,2020-05-29,0.05915389655172415,0.8333333333333334,,1.665998973017263,14702314.244873622,0.0,22075580.955126382,22075580.955126382,0,False
2020-06-22,2020-06-19,2020-05-29,0.05915389655172415,0.8333333333333334,,1.684417782718049,14706543.677738586,0.0,21487670.322261415,21487670.322261415,0,False
2020-06-23,2020-06-22,2020-05-29,0.05915389655172415,0.8333333333333334,,1.6839592244221604,14707953.89425563,0.0,21504138.505744368,21504138.505744368,0,False
2020-06-24,2020-06-23,2020-05-29,0.05915389655172415,0.8333333333333334,,1.6659995878924252,14449738.300164724,41.766665808507014,21696254.466501087,21696254.466501087,0,False
2020-06-29,2020-06-24,2020-05-29,0.05915389655172415,0.8333333333333334,,1.6952565799514683,14456624.490218172,0.0,20793222.10978183,20793222.10978183,0,False
2020-06-30,2020-06-29,2020-05-29,0.05915389655172415,0.8333333333333334,,1.6895017199096385,14458010.741881618,0.0,20968781.258118384,20968781.258118384,0,False
2020-07-01,2020-06-30,2020-06-30,0.05254544426494346,0.5666666666666667,,1.6659852496388758,14589926.483123306,0.0,21907281.716876697,21907281.716876697,0,False
2020-07-02,2020-07-01,2020-06-30,0.05254544426494346,0.5666666666666667,,1.6659948782463758,15510008.561189635,0.0,23288480.23881036,23288480.23881036,0,False
2020-07-03,2020-07-02,2020-06-30,0.05254544426494346,0.5666666666666667,,1.666025912207279,16527158.685204541,0.0,24814588.114795454,24814588.114795454,0,False
2020-07-06,2020-07-03,2020-06-30,0.05254544426494346,0.5666666666666667,,1.6659921291654352,18243671.34601946,0.0,27393223.65398054,27393223.65398054,0,False
2020-07-07,2020-07-06,2020-06-30,0.05254544426494346,0.5666666666666667,,1.6660029963161715,19549539.119362228,0.0,29353530.28063777,29353530.28063777,0,False
2020-07-08,2020-07-07,2020-06-30,0.05254544426494346,0.5666666666666667,,1.6660005629481736,20245220.985962443,0.0,30398204.014037557,30398204.014037557,0,False
2020-07-09,2020-07-08,2020-06-30,0.05254544426494346,0.5666666666666667,,1.6660029361776223,21786516.532322742,0.0,32712343.06767726,32712343.06767726,0,False
2020-07-10,2020-07-09,2020-06-30,0.05254544426494346,0.5666666666666667,,1.6790114486455818,21788569.65034639,0.0,32088663.149653606,32088663.149653606,0,False
2020-07-13,2020-07-10,2020-06-30,0.05254544426494346,0.5666666666666667,,1.6659921701437208,22506490.788240325,0.0,33793927.01175967,33793927.01175967,0,False
2020-07-14,2020-07-13,2020-06-30,0.05254544426494346,0.5666666666666667,,1.6687495460710926,22508585.94489125,0.0,33657721.45510875,33657721.45510875,0,False
2020-07-15,2020-07-14,2020-06-30,0.05254544426494346,0.5666666666666667,,1.718886839774643,22509993.202447608,0.0,31312289.997552395,31312289.997552395,0,False
2020-07-16,2020-07-15,2020-06-30,0.05254544426494346,0.5666666666666667,,1.7327558748808156,21497946.717846468,0.0,29338484.282153532,29338484.282153532,0,False
2020-07-17,2020-07-16,2020-06-30,0.05254544426494346,0.5666666666666667,,1.6950707739648279,21500008.164792016,0.0,30932113.63520798,30932113.63520798,0,False
2020-07-20,2020-07-17,2020-06-30,0.05254544426494346,0.5666666666666667,,1.6660013910875389,22794673.780787643,0.0,34226165.419212356,34226165.419212356,0,False
2020-07-21,2020-07-20,2020-06-30,0.05254544426494346,0.5666666666666667,,1.7177950544838538,22796859.571424156,0.0,31759566.22857584,31759566.22857584,0,False
2020-07-22,2020-07-21,2020-06-30,0.05254544426494346,0.5666666666666667,,1.7087095612301144,22799045.57165703,0.0,32169801.02834297,32169801.02834297,0,False
2020-07-23,2020-07-22,2020-06-30,0.05254544426494346,0.5666666666666667,,1.7187677065624978,22801231.781506367,0.0,31722671.418493636,31722671.418493636,0,False
2020-07-24,2020-07-23,2020-06-30,0.05254544426494346,0.5666666666666667,,1.770865774939037,22802482.287532263,0.0,29580353.712467737,29580353.712467737,0,False
2020-07-27,2020-07-24,2020-06-30,0.05254544426494346,0.5666666666666667,,1.7635113642057612,22809041.905724566,0.0,29873873.494275432,29873873.494275432,0,False
2020-07-28,2020-07-27,2020-06-30,0.05254544426494346,0.5666666666666667,,1.7319497717239811,22811229.074126486,0.0,31165019.72587351,31165019.72587351,0,False
2020-07-29,2020-07-28,2020-06-30,0.05254544426494346,0.5666666666666667,,1.7143406111366881,22813416.45225688,0.0,31936328.54774312,31936328.54774312,0,False
2020-07-30,2020-07-29,2020-06-30,0.05254544426494346,0.5666666666666667,,1.7208415153414256,22815604.040135864,0.0,31651345.759864133,31651345.759864133,0,False
2020-07-31,2020-07-30,2020-06-30,0.05254544426494346,0.5666666666666667,,1.726597164814705,22817791.83778355,0.0,31403634.56221645,31403634.56221645,0,False
2020-08-03,2020-07-31,2020-07-31,0.04348888953913679,0.21666666666666667,,1.704159708089263,22824355.86009305,0.0,32413606.73990695,32413606.73990695,0,False
2020-08-04,2020-08-03,2020-07-31,0.04348888953913679,0.21666666666666667,,1.7010316825078813,22826544.496956345,0.0,32561359.303043652,32561359.303043652,0,False
2020-08-05,2020-08-04,2020-07-31,0.04348888953913679,0.21666666666666667,,1.7267872630835832,22828733.34368893,0.0,31410475.25631107,31410475.25631107,0,False
2020-08-06,2020-08-05,2020-07-31,0.04348888953913679,0.21666666666666667,,1.7401726277552338,22830922.40031093,0.0,30845402.19968907,30845402.19968907,0,False
2020-08-07,2020-08-06,2020-07-31,0.04348888953913679,0.21666666666666667,,1.7744396469552,22833111.666842468,0.0,29483397.13315753,29483397.13315753,0,False
2020-08-10,2020-08-07,2020-07-31,0.04348888953913679,0.21666666666666667,,1.770347550683899,22839680.09622608,0.0,29648539.90377392,29648539.90377392,0,False
2020-08-11,2020-08-10,2020-07-31,0.04348888953913679,0.21666666666666667,,1.7817329192053146,22841870.20253668,0.0,29219532.19746332,29219532.19746332,0,False
2020-08-12,2020-08-11,2020-07-31,0.04348888953913679,0.21666666666666667,,1.7620016258380022,22844060.51885747,0.0,29979018.08114253,29979018.08114253,0,False
2020-08-13,2020-08-12,2020-07-31,0.04348888953913679,0.21666666666666667,,1.7155243931471953,21365363.02402526,0.0,29859726.97597474,29859726.97597474,0,False
2020-08-14,2020-08-13,2020-07-31,0.04348888953913679,0.21666666666666667,,1.7256368040307783,21364850.06714592,0.0,29442897.53285408,29442897.53285408,0,False
2020-08-17,2020-08-14,2020-07-31,0.04348888953913679,0.21666666666666667,,1.6662335840368123,20461067.570943296,77.9244570013035,30711435.353513703,30711435.353513703,0,False
2020-08-18,2020-08-17,2020-07-31,0.04348888953913679,0.21666666666666667,,1.6676960878292906,20462951.66666433,0.0,30647104.33333567,30647104.33333567,0,False
2020-08-19,2020-08-18,2020-07-31,0.04348888953913679,0.21666666666666667,,1.6776422697223499,20464913.86750908,0.0,30200173.13249092,30200173.13249092,0,False
2020-08-20,2020-08-19,2020-07-31,0.04348888953913679,0.21666666666666667,,1.7052513697701102,20466876.25651007,0.0,29020682.74348993,29020682.74348993,0,False
2020-08-21,2020-08-20,2020-07-31,0.04348888953913679,0.21666666666666667,,1.706883446752038,20468838.833685353,0.0,28956455.166314647,28956455.166314647,0,False
2020-08-24,2020-08-21,2020-07-31,0.04348888953913679,0.21666666666666667,,1.6899833909548154,20474727.129788194,0.0,29674231.870211806,29674231.870211806,0,False
2020-08-25,2020-08-24,2020-07-31,0.04348888953913679,0.21666666666666667,,1.707927709912201,20476690.45978694,0.0,28924832.54021306,28924832.54021306,0,False
2020-08-26,2020-08-25,2020-07-31,0.04348888953913679,0.21666666666666667,,1.7404233779517313,20478003.223630205,0.0,27657153.776369795,27657153.776369795,0,False
2020-08-27,2020-08-26,2020-07-31,0.04348888953913679,0.21666666666666667,,1.7521454181625882,20479966.867774937,0.0,27228733.132225063,27228733.132225063,0,False
2020-08-28,2020-08-27,2020-07-31,0.04348888953913679,0.21666666666666667,,1.7178945941603443,20481930.70021431,0.0,28530554.29978569,28530554.29978569,0,False
2020-08-31,2020-08-28,2020-07-31,0.04348888953913679,0.21666666666666667,,1.7306694334810988,20487822.762470536,0.0,28039797.237529464,28039797.237529464,0,False
2020-09-01,2020-08-31,2020-08-31,0.03902715224913496,0.16666666666666666,,1.7236507552569709,20489787.348214883,0.0,28314469.651785117,28314469.651785117,0,False
2020-09-02,2020-09-01,2020-08-31,0.03902715224913496,0.16666666666666666,,1.7466132095184037,20491752.122344166,0.0,27446275.877655834,27446275.877655834,0,False
2020-09-03,2020-09-02,2020-08-31,0.03902715224913496,0.16666666666666666,,1.7567624399706268,20493717.084876444,0.0,27080779.915123556,27080779.915123556,0,False
2020-09-04,2020-09-03,2020-08-31,0.03902715224913496,0.16666666666666666,,1.7606088330259848,20495135.51734979,0.0,26945697.48265021,26945697.48265021,0,False
2020-09-07,2020-09-04,2020-08-31,0.03902715224913496,0.16666666666666666,,1.7989435333745982,20501031.37825204,0.0,25660175.62174796,25660175.62174796,0,False
2020-09-08,2020-09-07,2020-08-31,0.03902715224913496,0.16666666666666666,,1.7832374037516827,20502997.230575982,0.0,26177244.769424018,26177244.769424018,0,False
2020-09-09,2020-09-08,2020-08-31,0.03902715224913496,0.16666666666666666,,1.8261987920288085,20504963.27140631,0.0,24818437.72859369,24818437.72859369,0,False
2020-09-10,2020-09-09,2020-08-31,0.03902715224913496,0.16666666666666666,,1.666145242755057,16457486.372493107,296.27289200527593,24705107.9003989,24705107.9003989,0,False
2020-09-11,2020-09-10,2020-08-31,0.03902715224913496,0.16666666666666666,,1.6710422093417543,16458768.21473271,0.0,24527172.78526729,24527172.78526729,0,False
2020-09-14,2020-09-11,2020-08-31,0.03902715224913496,0.16666666666666666,,1.6662066346737212,16463502.928876674,0.0,24712307.071123324,24712307.071123324,0,False
2020-09-15,2020-09-14,2020-08-31,0.03902715224913496,0.16666666666666666,,1.6659869198018413,16753438.251538347,0.0,25155806.748461653,25155806.748461653,0,False
2020-09-16,2020-09-15,2020-08-31,0.03902715224913496,0.16666666666666666,,1.6659839307313957,16859919.194197264,0.0,25315804.805802736,25315804.805802736,0,False
2020-09-17,2020-09-16,2020-08-31,0.03902715224913496,0.16666666666666666,,1.6687649204019526,16861535.89877753,0.0,25212949.10122247,25212949.10122247,0,False
2020-09-18,2020-09-17,2020-08-31,0.03902715224913496,0.16666666666666666,,1.6659941362547295,17767137.09438426,0.0,26677617.90561574,26677617.90561574,0,False
2020-09-21,2020-09-18,2020-08-31,0.03902715224913496,0.16666666666666666,,1.6775033274816495,17772248.18861689,0.0,26231971.81138311,26231971.81138311,0,False
2020-09-22,2020-09-21,2020-08-31,0.03902715224913496,0.16666666666666666,,1.7114316916431476,17773952.37679936,0.0,24983357.62320064,24983357.62320064,0,False
2020-09-23,2020-09-22,2020-08-31,0.03902715224913496,0.16666666666666666,,1.724828562725249,17775656.728397135,0.0,24523946.271602865,24523946.271602865,0,False
2020-09-24,2020-09-23,2020-08-31,0.03902715224913496,0.16666666666666666,,1.7534569725918725,17777361.243425883,0.0,23594394.756574117,23594394.756574117,0,False
2020-09-25,2020-09-24,2020-08-31,0.03902715224913496,0.16666666666666666,,1.7527296292367955,17779065.921901282,0.0,23619458.078098718,23619458.078098718,0,False
2020-09-28,2020-09-25,2020-08-31,0.03902715224913496,0.16666666666666666,,1.712136309390615,17784180.447714433,0.0,24973000.552285567,24973000.552285567,0,False
2020-09-29,2020-09-28,2020-08-31,0.03902715224913496,0.16666666666666666,,1.7194701218497463,17785885.78008613,0.0,24720812.21991387,24720812.21991387,0,False
2020-09-30,2020-09-29,2020-08-31,0.03902715224913496,0.16666666666666666,,1.7508336155440163,17787591.27598285,0.0,23690456.72401715,23690456.72401715,0,False
2020-10-09,2020-09-30,2020-09-30,0.04061605335255949,0.18333333333333332,,1.6981307837014643,17802942.210919656,0.0,25500869.789080344,25500869.789080344,0,False
2020-10-12,2020-10-09,2020-09-30,0.04061605335255949,0.18333333333333332,,1.6759018849027194,17808063.605254304,0.0,26347113.394745696,26347113.394745696,0,False
2020-10-13,2020-10-12,2020-09-30,0.04061605335255949,0.18333333333333332,,1.6664643191007344,17809771.227791794,0.0,26722767.772208206,26722767.772208206,0,False
2020-10-14,2020-10-13,2020-09-30,0.04061605335255949,0.18333333333333332,,1.6798369665575803,17811479.014073912,0.0,26199632.985926088,26199632.985926088,0,False
2020-10-15,2020-10-14,2020-09-30,0.04061605335255949,0.18333333333333332,,1.676185149411601,17813186.964116357,0.0,26343653.035883643,26343653.035883643,0,False
2020-10-16,2020-10-15,2020-09-30,0.04061605335255949,0.18333333333333332,,1.6660002824380309,18080436.284254834,0.0,27147790.715745166,27147790.715745166,0,False
2020-10-19,2020-10-16,2020-09-30,0.04061605335255949,0.18333333333333332,,1.6849437313855873,18085637.505651675,0.0,26404559.494348325,26404559.494348325,0,False
2020-10-20,2020-10-19,2020-09-30,0.04061605335255949,0.18333333333333332,,1.6885964372568432,18087371.744864546,0.0,26267013.255135454,26267013.255135454,0,False
2020-10-21,2020-10-20,2020-09-30,0.04061605335255949,0.18333333333333332,,1.7018867312222277,18089106.150374327,0.0,25772115.849625673,25772115.849625673,0,False
2020-10-22,2020-10-21,2020-09-30,0.04061605335255949,0.18333333333333332,,1.7056160262868056,18090840.722196966,0.0,25638364.277803034,25638364.277803034,0,False
2020-10-23,2020-10-22,2020-09-30,0.04061605335255949,0.18333333333333332,,1.722547793404878,18092575.46034841,0.0,25039970.53965159,25039970.53965159,0,False
2020-10-26,2020-10-23,2020-09-30,0.04061605335255949,0.18333333333333332,,1.748452211728183,18097780.173837002,0.0,24180274.826162998,24180274.826162998,0,False
2020-10-27,2020-10-26,2020-09-30,0.04061605335255949,0.18333333333333332,,1.7431891974415437,18099515.577415317,0.0,24353846.422584683,24353846.422584683,0,False
2020-10-28,2020-10-27,2020-09-30,0.04061605335255949,0.18333333333333332,,1.7324408930858146,18101251.147402193,0.0,24713599.852597807,24713599.852597807,0,False
2020-10-29,2020-10-28,2020-09-30,0.04061605335255949,0.18333333333333332,,1.7501358017648572,18102986.88381359,0.0,24132946.11618641,24132946.11618641,0,False
2020-10-30,2020-10-29,2020-09-30,0.04061605335255949,0.18333333333333332,,1.7703610490261728,18104722.786665462,0.0,23501607.213334538,23501607.213334538,0,False
2020-11-02,2020-10-30,2020-10-30,0.04002908045977011,0.18333333333333332,,1.7512127087641607,18109930.994590394,0.0,24107594.005409606,24107594.005409606,0,False
2020-11-03,2020-11-02,2020-10-30,0.04002908045977011,0.18333333333333332,,1.728003534829525,18111667.563315902,0.0,24878543.436684098,24878543.436684098,0,False
2020-11-04,2020-11-03,2020-10-30,0.04002908045977011,0.18333333333333332,,1.7032031622631258,18113404.2985617,0.0,25758422.7014383,25758422.7014383,0,False
2020-11-05,2020-11-04,2020-10-30,0.04002908045977011,0.18333333333333332,,1.6660089103703617,17265455.12857106,334.2403173055194,25923258.11174624,25923258.11174624,0,False
2020-11-06,2020-11-05,2020-10-30,0.04002908045977011,0.18333333333333332,,1.6660155765620883,17584253.087011423,0.0,26402164.912988577,26402164.912988577,0,False
2020-11-09,2020-11-06,2020-10-30,0.04002908045977011,0.18333333333333332,,1.666015913158778,18207949.18225618,0.0,27338609.81774382,27338609.81774382,0,False
2020-11-10,2020-11-09,2020-10-30,0.04002908045977011,0.18333333333333332,,1.6660097483079555,18012912.290109333,369.88704334482884,27045463.59693401,27045463.59693401,0,False
2020-11-11,2020-11-10,2020-10-30,0.04002908045977011,0.18333333333333332,,1.6660259951781433,18585953.74963805,0.0,27905748.25036195,27905748.25036195,0,False
2020-11-12,2020-11-11,2020-10-30,0.04002908045977011,0.18333333333333332,,1.6659989234126316,18228282.827722143,487.74923097760484,27369105.921508837,27369105.921508837,0,False
2020-11-13,2020-11-12,2020-10-30,0.04002908045977011,0.18333333333333332,,1.6736662771559743,18229052.248982593,0.0,27059469.751017407,27059469.751017407,0,False
2020-11-16,2020-11-13,2020-10-30,0.04002908045977011,0.18333333333333332,,1.6660023835167082,19177783.84253723,0.409020000000055,28795367.566482767,28795367.566482767,0,False
2020-11-17,2020-11-16,2020-10-30,0.04002908045977011,0.18333333333333332,,1.665998082161062,19341567.991071176,0.0,29041477.008928824,29041477.008928824,0,False
2020-11-18,2020-11-17,2020-10-30,0.04002908045977011,0.18333333333333332,,1.6659900618907884,19432372.34582443,0.0,29178171.65417557,29178171.65417557,0,False
2020-11-19,2020-11-18,2020-10-30,0.04002908045977011,0.18333333333333332,,1.6660016976070722,19080707.04381961,102.45584503085706,28649483.412025418,28649483.412025418,0,False
2020-11-20,2020-11-19,2020-10-30,0.04002908045977011,0.18333333333333332,,1.6659967847788688,19360512.728444394,0.0,29069979.271555606,29069979.271555606,0,False
2020-11-23,2020-11-20,2020-10-30,0.04002908045977011,0.18333333333333332,,1.666002426683676,20725316.517360114,0.0,31118980.482639886,31118980.482639886,0,False
2020-11-24,2020-11-23,2020-10-30,0.04002908045977011,0.18333333333333332,,1.665993672945597,20779274.59262822,0.0,31200408.40737178,31200408.40737178,0,False
2020-11-25,2020-11-24,2020-10-30,0.04002908045977011,0.18333333333333332,,1.6903813324518626,20781267.125808332,0.0,30101142.874191668,30101142.874191668,0,False
2020-11-26,2020-11-25,2020-10-30,0.04002908045977011,0.18333333333333332,,1.689598871579441,20783259.850053273,0.0,30138187.149946727,30138187.149946727,0,False
2020-11-27,2020-11-26,2020-10-30,0.04002908045977011,0.18333333333333332,,1.6874571763899116,20785252.765381362,0.0,30234978.234618638,30234978.234618638,0,False
2020-11-30,2020-11-27,2020-10-30,0.04002908045977011,0.18333333333333332,,1.6719904117456408,20791232.084670033,0.0,30939774.915329967,30939774.915329967,0,False
2020-12-01,2020-11-30,2020-11-30,0.03548096532970768,0.08333333333333333,,1.665991233593003,20824959.08173897,0.0,31269118.91826103,31269118.91826103,0,False
2020-12-02,2020-12-01,2020-11-30,0.03548096532970768,0.08333333333333333,,1.6659978240309747,21013751.49292352,0.0,31552282.50707648,31552282.50707648,0,False
2020-12-03,2020-12-02,2020-11-30,0.03548096532970768,0.08333333333333333,,1.7100398358675237,21015766.510189965,0.0,29598010.489810035,29598010.489810035,0,False
2020-12-04,2020-12-03,2020-11-30,0.03548096532970768,0.08333333333333333,,1.7071339896969133,21017781.720677245,0.0,29722488.279322755,29722488.279322755,0,False
2020-12-07,2020-12-04,2020-11-30,0.03548096532970768,0.08333333333333333,,1.733632279368,21023827.931857165,0.0,28657174.068142835,28657174.068142835,0,False
2020-12-08,2020-12-07,2020-11-30,0.03548096532970768,0.08333333333333333,,1.7413290582526402,21025843.91535748,0.0,28362363.08464252,28362363.08464252,0,False
2020-12-09,2020-12-08,2020-11-30,0.03548096532970768,0.08333333333333333,,1.731626729674138,21027860.09217128,0.0,28741240.90782872,28741240.90782872,0,False
2020-12-10,2020-12-09,2020-11-30,0.03548096532970768,0.08333333333333333,,1.7376401970131587,21029423.695897106,0.0,28509053.304102894,28509053.304102894,0,False
2020-12-11,2020-12-10,2020-11-30,0.03548096532970768,0.08333333333333333,,1.7420708779903151,21031440.215977535,0.0,28341551.784022465,28341551.784022465,0,False
2020-12-14,2020-12-11,2020-11-30,0.03548096532970768,0.08333333333333333,,1.7993294650060578,21037490.35631364,0.0,26318922.64368636,26318922.64368636,0,False
2020-12-15,2020-12-14,2020-11-30,0.03548096532970768,0.08333333333333333,,1.7884660963772814,21039507.649909448,0.0,26684099.350090552,26684099.350090552,0,False
2020-12-16,2020-12-15,2020-11-30,0.03548096532970768,0.08333333333333333,,1.782618793969553,21040258.785664372,0.0,26884428.214335628,26884428.214335628,0,False
2020-12-17,2020-12-16,2020-11-30,0.03548096532970768,0.08333333333333333,,1.7456052707227152,21042276.34472601,0.0,28221737.65527399,28221737.65527399,0,False
2020-12-18,2020-12-17,2020-11-30,0.03548096532970768,0.08333333333333333,,1.6947930035026195,21044294.097252216,0.0,30288580.902747784,30288580.902747784,0,False
2020-12-21,2020-12-18,2020-11-30,0.03548096532970768,0.08333333333333333,,1.7009847787554637,21050347.935280193,0.0,30029679.064719807,30029679.064719807,0,False
2020-12-22,2020-12-21,2020-11-30,0.03548096532970768,0.08333333333333333,,1.7630179630534255,21052366.461794533,0.0,27590918.538205467,27590918.538205467,0,False
2020-12-23,2020-12-22,2020-11-30,0.03548096532970768,0.08333333333333333,,1.7451510526821075,21054385.18186621,0.0,28255190.81813379,28255190.81813379,0,False
2020-12-24,2020-12-23,2020-11-30,0.03548096532970768,0.08333333333333333,,1.7514452416127786,21056404.095513787,0.0,28021208.904486213,28021208.904486213,0,False
2020-12-25,2020-12-24,2020-11-30,0.03548096532970768,0.08333333333333333,,1.713131510156413,21058423.202755824,0.0,29529508.797244176,29529508.797244176,0,False
2020-12-28,2020-12-25,2020-11-30,0.03548096532970768,0.08333333333333333,,1.7087556843998866,21064481.105321,0.0,29720369.894679,29720369.894679,0,False
2020-12-29,2020-12-28,2020-11-30,0.03548096532970768,0.08333333333333333,,1.7462196026591232,21066500.987070825,0.0,28230967.012929175,28230967.012929175,0,False
2020-12-30,2020-12-29,2020-11-30,0.03548096532970768,0.08333333333333333,,1.728930403713311,21068521.062507942,0.0,28903336.937492058,28903336.937492058,0,False
2020-12-31,2020-12-30,2020-11-30,0.03548096532970768,0.08333333333333333,,1.7350023717053595,21070541.331650924,0.0,28667310.668349076,28667310.668349076,0,False
2021-01-04,2020-12-31,2020-12-31,0.03242796040868455,0.03333333333333333,,1.710058210828397,21078623.183120597,0.0,29685767.816879403,29685767.816879403,0,False
2021-01-05,2021-01-04,2020-12-31,0.03242796040868455,0.03333333333333333,,1.731946626094189,21080644.420960076,0.0,28800794.579039924,28800794.579039924,0,False
2021-01-06,2021-01-05,2020-12-31,0.03242796040868455,0.03333333333333333,,1.7016024180129992,21082665.85261688,0.0,30049306.14738312,30049306.14738312,0,False
2021-01-07,2021-01-06,2020-12-31,0.03242796040868455,0.03333333333333333,,1.6849190737722195,21084687.4781096,0.0,30784202.5218904,30784202.5218904,0,False
2021-01-08,2021-01-07,2020-12-31,0.03242796040868455,0.03333333333333333,,1.6659908883636365,21235765.691856816,0.0,31885970.308143184,31885970.308143184,0,False
2021-01-11,2021-01-08,2020-12-31,0.03242796040868455,0.03333333333333333,,1.665972628511462,20073376.12323752,1459.9972830453771,30139250.87404552,30139250.87404552,0,False
2021-01-12,2021-01-11,2020-12-31,0.03242796040868455,0.03333333333333333,,1.6659735994658127,20562297.103930265,0.0,30875543.896069735,30875543.896069735,0,False
2021-01-13,2021-01-12,2020-12-31,0.03242796040868455,0.03333333333333333,,1.6642771321908523,20749901.53294982,0.0,31236814.46705018,31236814.46705018,0,False
2021-01-14,2021-01-13,2020-12-31,0.03242796040868455,0.03333333333333333,,1.665993220837773,20075563.507809576,876.3041844024556,30142479.79637483,30142479.79637483,0,False
2021-01-15,2021-01-14,2020-12-31,0.03242796040868455,0.03333333333333333,,1.665997607028288,20379412.13414017,0.0,30599827.86585983,30599827.86585983,0,False
2021-01-18,2021-01-15,2020-12-31,0.03242796040868455,0.03333333333333333,,1.665976933733996,20593417.5979541,0.0,30922118.4020459,30922118.4020459,0,False
2021-01-19,2021-01-18,2020-12-31,0.03242796040868455,0.03333333333333333,,1.6760101175491293,20595392.30923062,0.0,30466100.69076938,30466100.69076938,0,False
2021-01-20,2021-01-19,2020-12-31,0.03242796040868455,0.03333333333333333,,1.677539250804802,20597367.20986301,0.0,30400256.79013699,30400256.79013699,0,False
2021-01-21,2021-01-20,2020-12-31,0.03242796040868455,0.03333333333333333,,1.673262469055829,20599342.299869437,0.0,30596302.700130563,30596302.700130563,0,False
2021-01-22,2021-01-21,2020-12-31,0.03242796040868455,0.03333333333333333,,1.6940972049697411,20601317.579268053,0.0,29680738.420731947,29680738.420731947,0,False
2021-01-25,2021-01-22,2020-12-31,0.03242796040868455,0.03333333333333333,,1.712302771014237,20607243.985694967,0.0,28930456.014305033,28930456.014305033,0,False
2021-01-26,2021-01-25,2020-12-31,0.03242796040868455,0.03333333333333333,,1.7210139989249726,20608257.516469486,0.0,28582326.483530514,28582326.483530514,0,False
2021-01-27,2021-01-26,2020-12-31,0.03242796040868455,0.03333333333333333,,1.7244399800625758,20610233.65075189,0.0,28449884.34924811,28449884.34924811,0,False
2021-01-28,2021-01-27,2020-12-31,0.03242796040868455,0.03333333333333333,,1.7557353449727129,20612209.974526618,0.0,27274376.025473382,27274376.025473382,0,False
2021-01-29,2021-01-28,2020-12-31,0.03242796040868455,0.03333333333333333,,1.7906563505692366,20614186.487811845,0.0,26072245.512188155,26072245.512188155,0,False
2021-02-01,2021-01-29,2021-01-29,0.03090992476489029,0.016666666666666666,,1.7951651560750943,20620116.596253544,0.0,25931866.403746456,25931866.403746456,0,False
2021-02-02,2021-02-01,2021-01-29,0.03090992476489029,0.016666666666666666,,1.8076933859470055,20622093.86770798,0.0,25532082.13229202,25532082.13229202,0,False
2021-02-03,2021-02-02,2021-01-29,0.03090992476489029,0.016666666666666666,,1.819050498753237,20624071.328763787,0.0,25180463.671236213,25180463.671236213,0,False
2021-02-04,2021-02-03,2021-01-29,0.03090992476489029,0.016666666666666666,,1.8365455642379793,20626048.979439147,0.0,24656217.020560853,24656217.020560853,0,False
2021-02-05,2021-02-04,2021-01-29,0.03090992476489029,0.016666666666666666,,1.8548319831595952,20628026.819752242,0.0,24131089.180247758,24131089.180247758,0,False
2021-02-08,2021-02-05,2021-01-29,0.03090992476489029,0.016666666666666666,,1.8261675488515527,20633960.909659296,0.0,24975516.090340704,24975516.090340704,0,False
2021-02-09,2021-02-08,2021-01-29,0.03090992476489029,0.016666666666666666,,1.8036036845859658,20635939.508650634,0.0,25679249.491349366,25679249.491349366,0,False
2021-02-10,2021-02-09,2021-01-29,0.03090992476489029,0.016666666666666666,,1.7907582961562414,20637918.297370642,0.0,26098895.702629358,26098895.702629358,0,False
2021-02-18,2021-02-10,2021-01-29,0.03090992476489029,0.016666666666666666,,1.7335976037019312,20653750.125105612,0.0,28154058.874894388,28154058.874894388,0,False
2021-02-19,2021-02-18,2021-01-29,0.03090992476489029,0.016666666666666666,,1.6850358006033965,20655730.62169295,0.0,30152775.37830705,30152775.37830705,0,False
2021-02-22,2021-02-19,2021-01-29,0.03090992476489029,0.016666666666666666,,1.6659896381137655,20819510.04138686,0.0,31261011.95861314,31261011.95861314,0,False
2021-02-23,2021-02-22,2021-01-29,0.03090992476489029,0.016666666666666666,,1.7012573974434697,20821506.432760693,0.0,29691674.567239307,29691674.567239307,0,False
2021-02-24,2021-02-23,2021-01-29,0.03090992476489029,0.016666666666666666,,1.7104265023873126,20823503.015569314,0.0,29311269.984430686,29311269.984430686,0,False
2021-02-25,2021-02-24,2021-01-29,0.03090992476489029,0.016666666666666666,,1.683116313540184,20825499.78983108,0.0,30486023.21016892,30486023.21016892,0,False
2021-02-26,2021-02-25,2021-01-29,0.03090992476489029,0.016666666666666666,,1.722152035229328,20827496.75556435,0.0,28840875.24443565,28840875.24443565,0,False
2021-03-01,2021-02-26,2021-02-26,0.030213972274732208,0.016666666666666666,,1.7162254695599748,20833488.22723376,0.0,29087890.77276624,29087890.77276624,0,False
2021-03-02,2021-03-01,2021-02-26,0.030213972274732208,0.016666666666666666,,1.7097018779997524,20835485.958981577,0.0,29358082.041018423,29358082.041018423,0,False
2021-03-03,2021-03-02,2021-02-26,0.030213972274732208,0.016666666666666666,,1.6753615314873882,20837483.882292714,0.0,30853821.117707286,30853821.117707286,0,False
2021-03-04,2021-03-03,2021-02-26,0.030213972274732208,0.016666666666666666,,1.6872525918295274,20839481.997185536,0.0,30322886.002814464,30322886.002814464,0,False
2021-03-05,2021-03-04,2021-02-26,0.030213972274732208,0.016666666666666666,,1.71634291130625,20841480.303678416,0.0,29094278.696321584,29094278.696321584,0,False
2021-03-08,2021-03-05,2021-02-26,0.030213972274732208,0.016666666666666666,,1.7215168932487823,20846245.42837235,0.0,28892248.57162765,28892248.57162765,0,False
2021-03-09,2021-03-08,2021-02-26,0.030213972274732208,0.016666666666666666,,1.7238246999967064,20848244.383413427,0.0,28802891.616586573,28802891.616586573,0,False
2021-03-10,2021-03-09,2021-02-26,0.030213972274732208,0.016666666666666666,,1.730112524858322,20850243.530135125,0.0,28557575.469864875,28557575.469864875,0,False
2021-03-11,2021-03-10,2021-02-26,0.030213972274732208,0.016666666666666666,,1.67538219054161,20852242.86855582,0.0,30874730.13144418,30874730.13144418,0,False
2021-03-12,2021-03-11,2021-02-26,0.030213972274732208,0.016666666666666666,,1.6659903244143808,20893583.7920539,0.0,31372203.2079461,31372203.2079461,0,False
2021-03-15,2021-03-12,2021-02-26,0.030213972274732208,0.016666666666666666,,1.6659988858927153,21535376.203382574,0.0,32335453.796617426,32335453.796617426,0,False
2021-03-16,2021-03-15,2021-02-26,0.030213972274732208,0.016666666666666666,,1.676695647641875,21537441.23945687,0.0,31827367.76054313,31827367.76054313,0,False
2021-03-17,2021-03-16,2021-02-26,0.030213972274732208,0.016666666666666666,,1.6739634990252215,21539506.473548323,0.0,31959455.526451677,31959455.526451677,0,False
2021-03-18,2021-03-17,2021-02-26,0.030213972274732208,0.016666666666666666,,1.6846266182888294,21541571.90567592,0.0,31464701.09432408,31464701.09432408,0,False
2021-03-19,2021-03-18,2021-02-26,0.030213972274732208,0.016666666666666666,,1.6891284481687416,20926362.303578656,0.0,30366417.696421344,30366417.696421344,0,False
2021-03-22,2021-03-19,2021-02-26,0.030213972274732208,0.016666666666666666,,1.6807465884209987,20932382.216022152,0.0,30749154.783977848,30749154.783977848,0,False
2021-03-23,2021-03-22,2021-02-26,0.030213972274732208,0.016666666666666666,,1.7125105399215046,20934389.430755194,0.0,29381164.569244806,29381164.569244806,0,False
2021-03-24,2021-03-23,2021-02-26,0.030213972274732208,0.016666666666666666,,1.746954475954078,20936396.837960884,0.0,28029013.162039116,28029013.162039116,0,False
2021-03-25,2021-03-24,2021-02-26,0.030213972274732208,0.016666666666666666,,1.733910134334682,20938404.437657673,0.0,28529929.562342327,28529929.562342327,0,False
2021-03-26,2021-03-25,2021-02-26,0.030213972274732208,0.016666666666666666,,1.7270976526735282,20940412.229864024,0.0,28799999.770135976,28799999.770135976,0,False
2021-03-29,2021-03-26,2021-02-26,0.030213972274732208,0.016666666666666666,,1.6684667696219966,20946436.184067134,0.0,31335044.815932866,31335044.815932866,0,False
2021-03-30,2021-03-29,2021-02-26,0.030213972274732208,0.016666666666666666,,1.6698621381026157,20948444.746440947,0.0,31272770.253559053,31272770.253559053,0,False
2021-03-31,2021-03-30,2021-02-26,0.030213972274732208,0.016666666666666666,,1.680830444452941,20950453.501416635,0.0,30771910.498583365,30771910.498583365,0,False
2021-04-01,2021-03-31,2021-03-31,0.03655926967830253,0.2,,1.6799874259086824,20952462.44901266,0.0,30813014.55098734,30813014.55098734,0,False
2021-04-02,2021-04-01,2021-03-31,0.03655926967830253,0.2,,1.6911957680182625,20954471.589247495,0.0,30316261.410752505,30316261.410752505,0,False
2021-04-06,2021-04-02,2021-03-31,0.03655926967830253,0.2,,1.6942452685559084,20962508.920815974,0.0,30194673.079184026,30194673.079184026,0,False
2021-04-07,2021-04-06,2021-03-31,0.03655926967830253,0.2,,1.6851547671896419,20964519.02441112,0.0,30598223.97558888,30598223.97558888,0,False
2021-04-08,2021-04-07,2021-03-31,0.03655926967830253,0.2,,1.6811520014463301,20966529.320755925,0.0,30780984.679244075,30780984.679244075,0,False
2021-04-09,2021-04-08,2021-03-31,0.03655926967830253,0.2,,1.6815383362366187,20968539.809868876,0.0,30766486.190131124,30766486.190131124,0,False
2021-04-12,2021-04-09,2021-03-31,0.03655926967830253,0.2,,1.685338436230057,20974571.855567604,0.0,30604692.144432396,30604692.144432396,0,False
2021-04-13,2021-04-12,2021-03-31,0.03655926967830253,0.2,,1.7060008368278947,20976583.115882523,0.0,29711838.884117477,29711838.884117477,0,False
2021-04-14,2021-04-13,2021-03-31,0.03655926967830253,0.2,,1.6948740716237145,20978594.56905802,0.0,30190498.43094198,30190498.43094198,0,False
2021-04-15,2021-04-14,2021-03-31,0.03655926967830253,0.2,,1.6814686947982893,20980606.215112586,0.0,30787336.784887414,30787336.784887414,0,False
2021-04-16,2021-04-15,2021-03-31,0.03655926967830253,0.2,,1.665997535191518,21064872.002664723,0.0,31629053.997335277,31629053.997335277,0,False
2021-04-19,2021-04-16,2021-03-31,0.03655926967830253,0.2,,1.665991821005934,21205416.40451412,0.0,31840355.59548588,31840355.59548588,0,False
2021-04-20,2021-04-19,2021-03-31,0.03655926967830253,0.2,,1.6724062911358606,21207449.800607704,0.0,31539636.199392296,31539636.199392296,0,False
2021-04-21,2021-04-20,2021-03-31,0.03655926967830253,0.2,,1.6837803217131138,21209483.391684473,0.0,31017978.608315527,31017978.608315527,0,False
2021-04-22,2021-04-21,2021-03-31,0.03655926967830253,0.2,,1.6718943539982873,21211517.177763127,0.0,31569720.822236873,31569720.822236873,0,False
2021-04-23,2021-04-22,2021-03-31,0.03655926967830253,0.2,,1.6831986568970987,21213551.158862364,0.0,31050340.841137636,31050340.841137636,0,False
2021-04-26,2021-04-23,2021-03-31,0.03655926967830253,0.2,,1.684205246782767,21219653.687277928,0.0,31013579.312722072,31013579.312722072,0,False
2021-04-27,2021-04-26,2021-03-31,0.03655926967830253,0.2,,1.6897981625924219,21221688.448590405,0.0,30765069.551409595,30765069.551409595,0,False
2021-04-28,2021-04-27,2021-03-31,0.03655926967830253,0.2,,1.6783887686129733,21223723.40501698,0.0,31285487.59498302,31285487.59498302,0,False
2021-04-29,2021-04-28,2021-03-31,0.03655926967830253,0.2,,1.6740098437075268,21225758.556576367,0.0,31491763.443423633,31491763.443423633,0,False
2021-04-30,2021-04-29,2021-03-31,0.03655926967830253,0.2,,1.7051009953750809,21227793.903287273,0.0,30106033.096712727,30106033.096712727,0,False
2021-05-06,2021-04-30,2021-04-30,0.04232449704142012,0.3333333333333333,,1.6665236943789508,21240007.154574096,0.0,31866844.845425904,31866844.845425904,0,False
2021-05-07,2021-05-06,2021-04-30,0.04232449704142012,0.3333333333333333,,1.6659969421007281,22579008.769118916,0.0,33902571.23088108,33902571.23088108,0,False
2021-05-10,2021-05-07,2021-04-30,0.04232449704142012,0.3333333333333333,,1.6659972585727278,24112787.033108663,0.0,36205534.96689133,36205534.96689133,0,False
2021-05-11,2021-05-10,2021-04-30,0.04232449704142012,0.3333333333333333,,1.6905098868013095,24115099.21816663,0.0,34923611.781833366,34923611.781833366,0,False
2021-05-12,2021-05-11,2021-04-30,0.04232449704142012,0.3333333333333333,,1.683905216455305,24117411.624940977,0.0,35264260.37505902,35264260.37505902,0,False
2021-05-13,2021-05-12,2021-04-30,0.04232449704142012,0.3333333333333333,,1.735185580388948,24119724.253452957,0.0,32807667.746547043,32807667.746547043,0,False
2021-05-14,2021-05-13,2021-04-30,0.04232449704142012,0.3333333333333333,,1.7482891135436631,24122037.103723835,0.0,32236252.896276165,32236252.896276165,0,False
2021-05-17,2021-05-14,2021-04-30,0.04232449704142012,0.3333333333333333,,1.7441792355046828,24128976.31987696,0.0,32423608.68012304,32423608.68012304,0,False
2021-05-18,2021-05-17,2021-04-30,0.04232449704142012,0.3333333333333333,,1.734203268488036,24131290.057332292,0.0,32867314.942667708,32867314.942667708,0,False
2021-05-19,2021-05-18,2021-04-30,0.04232449704142012,0.3333333333333333,,1.7468673555891017,24133604.01665286,0.0,32313105.98334714,32313105.98334714,0,False
2021-05-20,2021-05-19,2021-04-30,0.04232449704142012,0.3333333333333333,,1.790487651381248,24135918.197859935,0.0,30532947.802140065,30532947.802140065,0,False
2021-05-21,2021-05-20,2021-04-30,0.04232449704142012,0.3333333333333333,,1.7857738951168034,24138232.6009748,0.0,30719056.3990252,30719056.3990252,0,False
2021-05-24,2021-05-21,2021-04-30,0.04232449704142012,0.3333333333333333,,1.79809023169775,24145176.476106584,0.0,30253692.523893416,30253692.523893416,0,False
2021-05-25,2021-05-24,2021-04-30,0.04232449704142012,0.3333333333333333,,1.781444957516566,24147491.767001554,0.0,30901078.232998446,30901078.232998446,0,False
2021-05-26,2021-05-25,2021-04-30,0.04232449704142012,0.3333333333333333,,1.779525548180559,24149807.279910717,0.0,30980135.720089283,30980135.720089283,0,False
2021-05-27,2021-05-26,2021-04-30,0.04232449704142012,0.3333333333333333,,1.7700414534839277,24152123.014855366,0.0,31364704.985144634,31364704.985144634,0,False
2021-05-28,2021-05-27,2021-04-30,0.04232449704142012,0.3333333333333333,,1.7776490253042103,24154438.97185679,0.0,31060849.02814321,31060849.02814321,0,False
2021-05-31,2021-05-28,2021-04-30,0.04232449704142012,0.3333333333333333,,1.7723842676891874,24161387.50909527,0.0,31281563.49090473,31281563.49090473,0,False
2021-06-01,2021-05-31,2021-05-31,0.040522320794889995,0.2833333333333333,,1.759552314560395,24163704.354472853,0.0,31813087.645527147,31813087.645527147,0,False
2021-06-02,2021-06-01,2021-05-31,0.040522320794889995,0.2833333333333333,,1.7662946142151332,24166021.422013693,0.0,31536201.577986307,31536201.577986307,0,False
2021-06-03,2021-06-02,2021-05-31,0.040522320794889995,0.2833333333333333,,1.7534796581436456,24168338.71173909,0.0,32075635.28826091,32075635.28826091,0,False
2021-06-04,2021-06-03,2021-05-31,0.040522320794889995,0.2833333333333333,,1.7652044365210318,24170656.223670352,0.0,31587187.776329648,31587187.776329648,0,False
2021-06-07,2021-06-04,2021-05-31,0.040522320794889995,0.2833333333333333,,1.7585796688711186,24177609.426145654,0.0,31872208.573854346,31872208.573854346,0,False
2021-06-08,2021-06-07,2021-05-31,0.040522320794889995,0.2833333333333333,,1.7588314116914139,24179927.82704953,0.0,31864690.17295047,31864690.17295047,0,False
2021-06-09,2021-06-08,2021-05-31,0.040522320794889995,0.2833333333333333,,1.731666019374157,24182246.450265825,0.0,33050935.549734175,33050935.549734175,0,False
2021-06-10,2021-06-09,2021-05-31,0.040522320794889995,0.2833333333333333,,1.7388260222215823,24184565.29581585,0.0,32733775.70418415,32733775.70418415,0,False
2021-06-11,2021-06-10,2021-05-31,0.040522320794889995,0.2833333333333333,,1.7333938394995134,24149838.26942093,0.0,32928880.73057907,32928880.73057907,0,False
2021-06-15,2021-06-11,2021-05-31,0.040522320794889995,0.2833333333333333,,1.7472059962506132,24159101.221085913,0.0,32332584.778914087,32332584.778914087,0,False
2021-06-16,2021-06-15,2021-05-31,0.040522320794889995,0.2833333333333333,,1.7504433593584243,24161417.8472304,0.0,32196191.1527696,32196191.1527696,0,False
2021-06-17,2021-06-16,2021-05-31,0.040522320794889995,0.2833333333333333,,1.7411639095620446,23691610.695517123,0.0,31965413.304482877,31965413.304482877,0,False
2021-06-18,2021-06-17,2021-05-31,0.040522320794889995,0.2833333333333333,,1.7784171422595638,23693882.493802994,0.0,30438541.506197006,30438541.506197006,0,False
2021-06-21,2021-06-18,2021-05-31,0.040522320794889995,0.2833333333333333,,1.8104193112915874,23700698.54219162,0.0,29244982.45780838,29244982.45780838,0,False
2021-06-22,2021-06-21,2021-05-31,0.040522320794889995,0.2833333333333333,,1.8025191263219908,23702971.211914845,0.0,29535708.788085155,29535708.788085155,0,False
2021-06-23,2021-06-22,2021-05-31,0.040522320794889995,0.2833333333333333,,1.7729442048456703,23705244.0995653,0.0,30668764.9004347,30668764.9004347,0,False
2021-06-24,2021-06-23,2021-05-31,0.040522320794889995,0.2833333333333333,,1.7609625994510203,23707517.20516389,0.0,31154641.79483611,31154641.79483611,0,False
2021-06-25,2021-06-24,2021-05-31,0.040522320794889995,0.2833333333333333,,1.7371597490715651,23709790.528731506,0.0,32163707.471268494,32163707.471268494,0,False
2021-06-28,2021-06-25,2021-05-31,0.040522320794889995,0.2833333333333333,,1.7940166805899334,23716611.153404154,0.0,29869159.846595846,29869159.846595846,0,False
2021-06-29,2021-06-28,2021-05-31,0.040522320794889995,0.2833333333333333,,1.8218330994698027,23718885.348994207,0.0,28860951.651005793,28860951.651005793,0,False
2021-06-30,2021-06-29,2021-05-31,0.040522320794889995,0.2833333333333333,,1.8143412479650283,23721159.76265781,0.0,29129262.23734219,29129262.23734219,0,False
2021-07-01,2021-06-30,2021-06-30,0.03905440223463687,0.26666666666666666,,1.8237980494972226,23723434.394415874,0.0,28797633.605584126,28797633.605584126,0,False
2021-07-02,2021-07-01,2021-06-30,0.03905440223463687,0.26666666666666666,,1.8439615759238606,23725709.244289313,0.0,28112309.755710687,28112309.755710687,0,False
2021-07-05,2021-07-02,2021-06-30,0.03905440223463687,0.26666666666666666,,1.8137382059353266,23732534.448318493,0.0,29164827.551681507,29164827.551681507,0,False
2021-07-06,2021-07-05,2021-06-30,0.03905440223463687,0.26666666666666666,,1.815164520474215,23734810.170799837,0.0,29116588.829200163,29116588.829200163,0,False
2021-07-07,2021-07-06,2021-06-30,0.03905440223463687,0.26666666666666666,,1.824664819922103,23737086.111501146,0.0,28783919.888498854,28783919.888498854,0,False
2021-07-08,2021-07-07,2021-06-30,0.03905440223463687,0.26666666666666666,,1.8586359540658564,23739362.270443346,0.0,27647761.729556654,27647761.729556654,0,False
2021-07-09,2021-07-08,2021-06-30,0.03905440223463687,0.26666666666666666,,1.8253837631244323,23493558.647647362,0.0,28463800.352352638,28463800.352352638,0,False
2021-07-12,2021-07-09,2021-06-30,0.03905440223463687,0.26666666666666666,,1.7783310346249128,21686878.068628192,0.0,27863308.931371808,27863308.931371808,0,False
2021-07-13,2021-07-12,2021-06-30,0.03905440223463687,0.26666666666666666,,1.7326872769364292,20940352.33227861,0.0,28580204.66772139,28580204.66772139,0,False
2021-07-14,2021-07-13,2021-06-30,0.03905440223463687,0.26666666666666666,,1.7275188756745326,20942360.311269376,0.0,28786002.688730624,28786002.688730624,0,False
2021-07-15,2021-07-14,2021-06-30,0.03905440223463687,0.26666666666666666,,1.7189586168722328,20944368.48280607,0.0,29131535.51719393,29131535.51719393,0,False
2021-07-16,2021-07-15,2021-06-30,0.03905440223463687,0.26666666666666666,,1.7125705689352515,20884936.84690716,0.0,29309289.15309284,29309289.15309284,0,False
2021-07-19,2021-07-16,2021-06-30,0.03905440223463687,0.26666666666666666,,1.7084891760130665,20890944.842438463,0.0,29486611.157561537,29486611.157561537,0,False
2021-07-20,2021-07-19,2021-06-30,0.03905440223463687,0.26666666666666666,,1.7157139158228758,20892948.083724726,0.0,29191758.916275274,29191758.916275274,0,False
2021-07-21,2021-07-20,2021-06-30,0.03905440223463687,0.26666666666666666,,1.7269786989018894,20894951.517102618,0.0,28742178.482897382,28742178.482897382,0,False
2021-07-22,2021-07-21,2021-06-30,0.03905440223463687,0.26666666666666666,,1.7161335478907134,20896955.14259056,0.0,29180248.85740944,29180248.85740944,0,False
2021-07-23,2021-07-22,2021-06-30,0.03905440223463687,0.26666666666666666,,1.714222209896712,20898958.960206974,0.0,29261144.039793026,29261144.039793026,0,False
2021-07-26,2021-07-23,2021-06-30,0.03905440223463687,0.26666666666666666,,1.7388795114961,20904970.989496898,0.0,28292801.010503102,28292801.010503102,0,False
2021-07-27,2021-07-26,2021-06-30,0.03905440223463687,0.26666666666666666,,1.7603726538309465,20903114.093226165,0.0,27490617.906773835,27490617.906773835,0,False
2021-07-28,2021-07-27,2021-06-30,0.03905440223463687,0.26666666666666666,,1.7843195103557639,20905118.501426883,0.0,26653829.498573117,26653829.498573117,0,False
2021-07-29,2021-07-28,2021-06-30,0.03905440223463687,0.26666666666666666,,1.782029123071217,20907123.10183113,0.0,26734455.89816887,26734455.89816887,0,False
2021-07-30,2021-07-29,2021-06-30,0.03905440223463687,0.26666666666666666,,1.7540078782461,20909127.894457333,0.0,27730649.105542667,27730649.105542667,0,False
2021-08-02,2021-07-30,2021-07-30,0.04785651219512195,0.5,,1.7469356379546597,20915142.84905711,0.0,28001265.15094289,28001265.15094289,0,False
2021-08-03,2021-08-02,2021-07-30,0.04785651219512195,0.5,,1.7600283357290547,20917148.41070017,0.0,27521537.58929983,27521537.58929983,0,False
2021-08-04,2021-08-03,2021-07-30,0.04785651219512195,0.5,,1.7397741202358579,20919154.164657358,0.0,28277758.835342642,28277758.835342642,0,False
2021-08-05,2021-08-04,2021-07-30,0.04785651219512195,0.5,,1.7395339982783207,20921160.11094712,0.0,28289652.88905288,28289652.88905288,0,False
2021-08-06,2021-08-05,2021-07-30,0.04785651219512195,0.5,,1.7225675151290407,20923166.249587897,0.0,28956693.750412103,28956693.750412103,0,False
2021-08-09,2021-08-06,2021-07-30,0.04785651219512195,0.5,,1.7076988634048982,20929185.2426186,0.0,29573574.7573814,29573574.7573814,0,False
2021-08-10,2021-08-09,2021-07-30,0.04785651219512195,0.5,,1.7013826825027767,20931192.15079255,0.0,29842755.84920745,29842755.84920745,0,False
2021-08-11,2021-08-10,2021-07-30,0.04785651219512195,0.5,,1.6787775655162962,20933199.25140975,0.0,30839556.74859025,30839556.74859025,0,False
2021-08-12,2021-08-11,2021-07-30,0.04785651219512195,0.5,,1.6536964160934982,20935206.544488654,0.0,32025885.455511346,32025885.455511346,0,False
2021-08-13,2021-08-12,2021-07-30,0.04785651219512195,0.5,,1.665948756021032,21082353.993687715,0.0,31657622.006312285,31657622.006312285,0,False
2021-08-16,2021-08-13,2021-07-30,0.04785651219512195,0.5,,1.6659960243276501,21856151.221733022,0.0,32817239.778266978,32817239.778266978,0,False
2021-08-17,2021-08-16,2021-07-30,0.04785651219512195,0.5,,1.686100425057215,21858247.017055653,0.0,31858669.982944347,31858669.982944347,0,False
2021-08-18,2021-08-17,2021-07-30,0.04785651219512195,0.5,,1.685089594977609,21860343.01334496,0.0,31908735.98665504,31908735.98665504,0,False
2021-08-19,2021-08-18,2021-07-30,0.04785651219512195,0.5,,1.712339383458356,21862439.21062021,0.0,30691043.78937979,30691043.78937979,0,False
2021-08-20,2021-08-19,2021-07-30,0.04785651219512195,0.5,,1.7178194858911895,21864535.60890068,0.0,30459657.39109932,30459657.39109932,0,False
2021-08-23,2021-08-20,2021-07-30,0.04785651219512195,0.5,,1.6951828694090523,21870825.40681557,0.0,31460535.59318443,31460535.59318443,0,False
2021-08-24,2021-08-23,2021-07-30,0.04785651219512195,0.5,,1.6908710988858286,21872922.60925184,0.0,31659918.39074816,31659918.39074816,0,False
2021-08-25,2021-08-24,2021-07-30,0.04785651219512195,0.5,,1.6659601636450168,22156246.94434971,0.0,33269628.05565029,33269628.05565029,0,False
2021-08-26,2021-08-25,2021-07-30,0.04785651219512195,0.5,,1.665954247652222,22985988.54383451,0.0,34515867.45616549,34515867.45616549,0,False
2021-08-27,2021-08-26,2021-07-30,0.04785651219512195,0.5,,1.6766917791682612,22964566.479722276,0.0,33936523.52027772,33936523.52027772,0,False
2021-08-30,2021-08-27,2021-07-30,0.04785651219512195,0.5,,1.6659917250434866,23604210.351353977,0.0,35442197.64864603,35442197.64864603,0,False
2021-08-31,2021-08-30,2021-07-30,0.04785651219512195,0.5,,1.6659710449435696,26010617.19547493,0.0,39056678.80452507,39056678.80452507,0,False
2021-09-01,2021-08-31,2021-08-31,0.05213017727639001,0.6833333333333333,,1.6952029682356908,26013111.3642471,0.0,37418009.6357529,37418009.6357529,0,False
2021-09-02,2021-09-01,2021-08-31,0.05213017727639001,0.6833333333333333,,1.6659838973122398,26550762.431316137,0.0,39866973.56868386,39866973.56868386,0,False
2021-09-03,2021-09-02,2021-08-31,0.05213017727639001,0.6833333333333333,,1.6746642829268024,26553308.394836947,0.0,39357809.60516305,39357809.60516305,0,False
2021-09-06,2021-09-03,2021-08-31,0.05213017727639001,0.6833333333333333,,1.6659941939886118,27625462.68573985,0.0,41480035.314260155,41480035.314260155,0,False
2021-09-07,2021-09-06,2021-08-31,0.05213017727639001,0.6833333333333333,,1.6659794035516784,28891283.636339717,0.0,43381647.36366028,43381647.36366028,0,False
2021-09-08,2021-09-07,2021-08-31,0.05213017727639001,0.6833333333333333,,1.6659963838554537,30685965.121940736,0.0,46075272.87805927,46075272.87805927,0,False
2021-09-09,2021-09-08,2021-08-31,0.05213017727639001,0.6833333333333333,,1.6659898691992712,33436672.832676947,0.0,50205978.16732305,50205978.16732305,0,False
2021-09-10,2021-09-09,2021-08-31,0.05213017727639001,0.6833333333333333,,1.7147198790770142,33439879.08897597,0.0,46787391.911024034,46787391.911024034,0,False
2021-09-13,2021-09-10,2021-08-31,0.05213017727639001,0.6833333333333333,,1.6659889859904464,34535094.77709075,0.0,51855354.22290925,51855354.22290925,0,False
2021-09-14,2021-09-13,2021-08-31,0.05213017727639001,0.6833333333333333,,1.666019082009991,32903699.12322673,124.43460529817594,49403351.31137857,49403351.31137857,0,False
2021-09-15,2021-09-14,2021-08-31,0.05213017727639001,0.6833333333333333,,1.6750117098457793,32906729.837852426,0.0,48749865.162147574,48749865.162147574,0,False
2021-09-16,2021-09-15,2021-08-31,0.05213017727639001,0.6833333333333333,,1.6660230800870326,32501585.695051875,16.50305198336656,48799463.8080001,48799463.8080001,0,False
2021-09-17,2021-09-16,2021-08-31,0.05213017727639001,0.6833333333333333,,1.6863575946263323,32504685.782409005,0.0,47358237.217590995,47358237.217590995,0,False
2021-09-22,2021-09-17,2021-08-31,0.05213017727639001,0.6833333333333333,,1.6659993915998044,34967961.03616783,0.0,52504493.96383217,52504493.96383217,0,False
2021-09-23,2021-09-22,2021-08-31,0.05213017727639001,0.6833333333333333,,1.66601886582514,34822220.17053756,258.64351557831833,52283746.472978026,52283746.472978026,0,False
2021-09-24,2021-09-23,2021-08-31,0.05213017727639001,0.6833333333333333,,1.7233983385224458,32576139.469764635,0.0,45032090.530235365,45032090.530235365,0,False
2021-09-27,2021-09-24,2021-08-31,0.05213017727639001,0.6833333333333333,,1.7641491650568113,32585510.687968265,0.0,42642866.31203173,42642866.31203173,0,False
2021-09-28,2021-09-27,2021-08-31,0.05213017727639001,0.6833333333333333,,1.7218556396461298,32588635.32597944,0.0,45145640.67402056,45145640.67402056,0,False
2021-09-29,2021-09-28,2021-08-31,0.05213017727639001,0.6833333333333333,,1.7238362423157352,30449483.911893442,0.0,42066813.08810656,42066813.08810656,0,False
2021-09-30,2021-09-29,2021-08-31,0.05213017727639001,0.6833333333333333,,1.7021961771262852,30452403.725419242,0.0,43367373.27458076,43367373.27458076,0,False
2021-10-08,2021-09-30,2021-09-30,0.05052614115781127,0.6333333333333333,,1.7316130232705582,30475764.47348258,0.0,41655579.52651742,41655579.52651742,0,False
2021-10-11,2021-10-08,2021-09-30,0.05052614115781127,0.6333333333333333,,1.6912913123665116,30484531.474221528,0.0,44097952.52577847,44097952.52577847,0,False
2021-10-12,2021-10-11,2021-09-30,0.05052614115781127,0.6333333333333333,,1.709065907544233,30487454.64847248,0.0,42996644.35152752,42996644.35152752,0,False
2021-10-13,2021-10-12,2021-09-30,0.05052614115781127,0.6333333333333333,,1.770291379055566,30490378.103027813,0.0,39582914.89697219,39582914.89697219,0,False
2021-10-14,2021-10-13,2021-09-30,0.05052614115781127,0.6333333333333333,,1.7880334865870247,30493301.837914404,0.0,38695439.16208559,38695439.16208559,0,False
2021-10-15,2021-10-14,2021-09-30,0.05052614115781127,0.6333333333333333,,1.7531361381182569,30496225.853159133,0.0,40492315.14684087,40492315.14684087,0,False
2021-10-18,2021-10-15,2021-09-30,0.05052614115781127,0.6333333333333333,,1.6966955335074771,30504998.740048397,0.0,43785265.25995161,43785265.25995161,0,False
2021-10-19,2021-10-18,2021-09-30,0.05052614115781127,0.6333333333333333,,1.7048918686784065,30507923.876913883,0.0,43280289.12308612,43280289.12308612,0,False
2021-10-20,2021-10-19,2021-09-30,0.05052614115781127,0.6333333333333333,,1.765212956007641,30510849.294271942,0.0,39872363.705728054,39872363.705728054,0,False
2021-10-21,2021-10-20,2021-09-30,0.05052614115781127,0.6333333333333333,,1.7215061829635625,30513774.992149476,0.0,42291772.00785053,42291772.00785053,0,False
2021-10-22,2021-10-21,2021-09-30,0.05052614115781127,0.6333333333333333,,1.769083981379952,30516700.97057338,0.0,39679283.02942662,39679283.02942662,0,False
2021-10-25,2021-10-22,2021-09-30,0.05052614115781127,0.6333333333333333,,1.764585247124391,30525479.747564916,0.0,39924233.25243509,39924233.25243509,0,False
2021-10-26,2021-10-25,2021-09-30,0.05052614115781127,0.6333333333333333,,1.7531267426779817,30528406.84836263,0.0,40535550.151637375,40535550.151637375,0,False
2021-10-27,2021-10-26,2021-09-30,0.05052614115781127,0.6333333333333333,,1.7994097250469796,30531334.22984124,0.0,38192347.77015876,38192347.77015876,0,False
2021-10-28,2021-10-27,2021-09-30,0.05052614115781127,0.6333333333333333,,1.8699034008704132,30534261.89202766,0.0,35100750.10797234,35100750.10797234,0,False
2021-10-29,2021-10-28,2021-09-30,0.05052614115781127,0.6333333333333333,,1.882668146392318,30537189.834948815,0.0,34596456.165051185,34596456.165051185,0,False
2021-11-01,2021-10-29,2021-10-29,0.049194598263614844,0.55,,1.8804785289579242,30545974.505997226,0.0,34692469.494002774,34692469.494002774,0,False
2021-11-02,2021-11-01,2021-10-29,0.049194598263614844,0.55,,1.9238759620640964,30548604.727085747,0.0,33065699.272914253,33065699.272914253,0,False
2021-11-03,2021-11-02,2021-10-29,0.049194598263614844,0.55,,1.8835160915457239,30551534.045347247,0.0,34579487.95465276,34579487.95465276,0,False
2021-11-04,2021-11-03,2021-10-29,0.049194598263614844,0.55,,1.887550975644364,30554463.644502282,0.0,34425587.35549772,34425587.35549772,0,False
2021-11-05,2021-11-04,2021-10-29,0.049194598263614844,0.55,,1.9381786991302588,30557393.52457778,0.0,32570973.47542222,32570973.47542222,0,False
2021-11-08,2021-11-05,2021-10-29,0.049194598263614844,0.55,,1.9277743016303617,30566184.007646497,0.0,32945710.992353503,32945710.992353503,0,False
2021-11-09,2021-11-08,2021-10-29,0.049194598263614844,0.55,,1.9453179145637005,30569115.011592437,0.0,32337390.988407563,32337390.988407563,0,False
2021-11-10,2021-11-09,2021-10-29,0.049194598263614844,0.55,,1.9863556363237673,30572046.296593547,0.0,30994952.703406453,30994952.703406453,0,False
2021-11-11,2021-11-10,2021-10-29,0.049194598263614844,0.55,,1.9380048370671967,30574977.86267678,0.0,32595757.13732322,32595757.13732322,0,False
2021-11-12,2021-11-11,2021-10-29,0.049194598263614844,0.55,,1.9647808642906133,30577909.70986909,0.0,31694150.29013091,31694150.29013091,0,False
2021-11-15,2021-11-12,2021-10-29,0.049194598263614844,0.55,,1.9649728917649727,30586706.09485412,0.0,31696958.90514588,31696958.90514588,0,False
2021-11-16,2021-11-15,2021-10-29,0.049194598263614844,0.55,,2.001982177133312,30589639.066671435,0.0,30529124.933328565,30529124.933328565,0,False
2021-11-17,2021-11-16,2021-10-29,0.049194598263614844,0.55,,1.9937851466295569,30592572.31973262,0.0,30783889.68026738,30783889.68026738,0,False
2021-11-18,2021-11-17,2021-10-29,0.049194598263614844,0.55,,1.9835286099237652,30595505.85406465,0.0,31107896.14593535,31107896.14593535,0,False
2021-11-19,2021-11-18,2021-10-29,0.049194598263614844,0.55,,1.9580570761632219,30598439.669694494,0.0,31938013.330305506,31938013.330305506,0,False
2021-11-22,2021-11-19,2021-10-29,0.049194598263614844,0.55,,1.9591859504460925,30607241.96055838,0.0,31909602.03944162,31909602.03944162,0,False
2021-11-23,2021-11-22,2021-10-29,0.049194598263614844,0.55,,1.9442863420156558,30610176.901568297,0.0,32416202.098431703,32416202.098431703,0,False
2021-11-24,2021-11-23,2021-10-29,0.049194598263614844,0.55,,1.9072470298836066,30613112.124010913,0.0,33742862.87598909,33742862.87598909,0,False
2021-11-25,2021-11-24,2021-10-29,0.049194598263614844,0.55,,1.918573854670716,30616047.627913214,0.0,33329979.372086786,33329979.372086786,0,False
2021-11-26,2021-11-25,2021-10-29,0.049194598263614844,0.55,,1.958697574872836,30618983.41330219,0.0,31938104.58669781,31938104.58669781,0,False
2021-11-29,2021-11-26,2021-10-29,0.049194598263614844,0.55,,1.9770428842344776,30627791.614010125,0.0,31347438.385989875,31347438.385989875,0,False
2021-11-30,2021-11-29,2021-10-29,0.049194598263614844,0.55,,1.976262533937133,30630728.525534756,0.0,31375503.474465244,31375503.474465244,0,False
2021-12-01,2021-11-30,2021-11-30,0.053382653061224486,0.7666666666666667,,1.9329882549589186,30633665.71868104,0.0,32833924.28131896,32833924.28131896,0,False
2021-12-02,2021-12-01,2021-11-30,0.053382653061224486,0.7666666666666667,,1.8881256599805858,30636603.193475984,0.0,34495797.806524016,34495797.806524016,0,False
2021-12-03,2021-12-02,2021-11-30,0.053382653061224486,0.7666666666666667,,1.8148721965020198,30639540.94994659,0.0,37600425.05005341,37600425.05005341,0,False
2021-12-06,2021-12-03,2021-11-30,0.053382653061224486,0.7666666666666667,,1.8126266828864943,30648355.06446644,0.0,37715171.93553356,37715171.93553356,0,False
2021-12-07,2021-12-06,2021-11-30,0.053382653061224486,0.7666666666666667,,1.7897107151962093,30651293.947828785,0.0,38813319.052171215,38813319.052171215,0,False
2021-12-08,2021-12-07,2021-11-30,0.053382653061224486,0.7666666666666667,,1.794743491393789,30654233.113001864,0.0,38571228.88699813,38571228.88699813,0,False
2021-12-09,2021-12-08,2021-11-30,0.053382653061224486,0.7666666666666667,,1.7590337551372268,30657172.560012702,0.0,40389735.4399873,40389735.4399873,0,False
2021-12-10,2021-12-09,2021-11-30,0.053382653061224486,0.7666666666666667,,1.7757856113198225,30660112.28888832,0.0,39521372.71111168,39521372.71111168,0,False
2021-12-13,2021-12-10,2021-11-30,0.053382653061224486,0.7666666666666667,,1.7292119406751916,30668932.321190603,0.0,42057638.6788094,42057638.6788094,0,False
2021-12-14,2021-12-13,2021-11-30,0.053382653061224486,0.7666666666666667,,1.7516284262107056,30671873.177714553,0.0,40807228.82228544,40807228.82228544,0,False
2021-12-15,2021-12-14,2021-11-30,0.053382653061224486,0.7666666666666667,,1.7222675950076005,30674814.316238444,0.0,42470151.68376155,42470151.68376155,0,False
2021-12-16,2021-12-15,2021-11-30,0.053382653061224486,0.7666666666666667,,1.6660145640128678,30045422.011298317,378.08376900153235,45111692.07247068,45111692.07247068,0,False
2021-12-17,2021-12-16,2021-11-30,0.053382653061224486,0.7666666666666667,,1.6660199982729993,29155977.507067982,107.94419456855394,43776267.43712659,43776267.43712659,0,False
2021-12-20,2021-12-17,2021-11-30,0.053382653061224486,0.7666666666666667,,1.6660167229146128,28466197.37535352,258.3579349226784,42740576.98258141,42740576.98258141,0,False
2021-12-21,2021-12-20,2021-11-30,0.053382653061224486,0.7666666666666667,,1.665994759516961,29423363.657683358,0.0,44179572.34231664,44179572.34231664,0,False
2021-12-22,2021-12-21,2021-11-30,0.053382653061224486,0.7666666666666667,,1.6660146540516456,29324502.093306556,402.2539702700451,44029211.16066371,44029211.16066371,0,False
2021-12-23,2021-12-22,2021-11-30,0.053382653061224486,0.7666666666666667,,1.6660177021262836,30219614.48921318,0.0,45373590.51078682,45373590.51078682,0,False
2021-12-24,2021-12-23,2021-11-30,0.053382653061224486,0.7666666666666667,,1.6660216479480785,29594974.560529932,63.94328436268273,44435358.38275443,44435358.38275443,0,False
2021-12-27,2021-12-24,2021-11-30,0.053382653061224486,0.7666666666666667,,1.6660196015266031,29645925.46635435,0.0,44512091.533645645,44512091.533645645,0,False
2021-12-28,2021-12-27,2021-11-30,0.053382653061224486,0.7666666666666667,,1.6842858564517598,29648768.22633058,0.0,43328044.77366942,43328044.77366942,0,False
2021-12-29,2021-12-28,2021-11-30,0.053382653061224486,0.7666666666666667,,1.6901643547413776,29651311.414450224,0.0,42962681.58554977,42962681.58554977,0,False
2021-12-30,2021-12-29,2021-11-30,0.053382653061224486,0.7666666666666667,,1.6999275475742006,29654154.690887228,0.0,42367463.30911277,42367463.30911277,0,False
2021-12-31,2021-12-30,2021-11-30,0.053382653061224486,0.7666666666666667,,1.691895160741677,29656998.239967175,0.0,42863427.760032825,42863427.760032825,0,False
2022-01-04,2021-12-31,2021-12-31,0.04704031563201197,0.48333333333333334,,1.675730851581618,29668373.526963327,0.0,43905607.47303668,43905607.47303668,0,False
2022-01-05,2022-01-04,2021-12-31,0.04704031563201197,0.48333333333333334,,1.6774557409705293,29671218.43949331,0.0,43798017.56050669,43798017.56050669,0,False
2022-01-06,2022-01-05,2021-12-31,0.04704031563201197,0.48333333333333334,,1.6698281304126241,29674063.624823123,0.0,44301011.37517688,44301011.37517688,0,False
2022-01-07,2022-01-06,2021-12-31,0.04704031563201197,0.48333333333333334,,1.6659944202371177,30209960.66635893,0.0,45360681.33364107,45360681.33364107,0,False
2022-01-10,2022-01-07,2021-12-31,0.04704031563201197,0.48333333333333334,,1.665997943511713,30595684.672108978,0.0,45939608.32789102,45939608.32789102,0,False
2022-01-11,2022-01-10,2021-12-31,0.04704031563201197,0.48333333333333334,,1.671370027347516,30598618.504885755,0.0,45576384.495114245,45576384.495114245,0,False
2022-01-12,2022-01-11,2021-12-31,0.04704031563201197,0.48333333333333334,,1.6852213943908976,30601552.618988965,0.0,44659365.38101104,44659365.38101104,0,False
2022-01-13,2022-01-12,2021-12-31,0.04704031563201197,0.48333333333333334,,1.6866128602122548,30604487.01444558,0.0,44573133.98555442,44573133.98555442,0,False
2022-01-14,2022-01-13,2021-12-31,0.04704031563201197,0.48333333333333334,,1.720698782780378,30607421.69128258,0.0,42469090.308717415,42469090.308717415,0,False
2022-01-17,2022-01-14,2021-12-31,0.04704031563201197,0.48333333333333334,,1.7229999556333386,30616226.56601569,0.0,42346097.43398431,42346097.43398431,0,False
2022-01-18,2022-01-17,2021-12-31,0.04704031563201197,0.48333333333333334,,1.6836930989799246,30619162.368563116,0.0,44784951.631436884,44784951.631436884,0,False
2022-01-19,2022-01-18,2021-12-31,0.04704031563201197,0.48333333333333334,,1.6659990255480437,31219831.115795854,0.0,46876691.88420415,46876691.88420415,0,False
2022-01-20,2022-01-19,2021-12-31,0.04704031563201197,0.48333333333333334,,1.6659977366026857,31490793.932981618,0.0,47283635.06701838,47283635.06701838,0,False
2022-01-21,2022-01-20,2021-12-31,0.04704031563201197,0.48333333333333334,,1.6793479318109485,31493813.598153275,0.0,46358886.40184672,46358886.40184672,0,False
2022-01-24,2022-01-21,2021-12-31,0.04704031563201197,0.48333333333333334,,1.6725293301878543,31502873.462339044,0.0,46842378.53766096,46842378.53766096,0,False
2022-01-25,2022-01-24,2021-12-31,0.04704031563201197,0.48333333333333334,,1.7047578176462643,31505894.285821732,0.0,44704568.714178264,44704568.714178264,0,False
2022-01-26,2022-01-25,2021-12-31,0.04704031563201197,0.48333333333333334,,1.7063213832713349,31508915.398972426,0.0,44609884.60102758,44609884.60102758,0,False
2022-01-27,2022-01-26,2021-12-31,0.04704031563201197,0.48333333333333334,,1.7136970373626688,31511936.801818904,0.0,44153100.19818109,44153100.19818109,0,False
2022-01-28,2022-01-27,2021-12-31,0.04704031563201197,0.48333333333333334,,1.7427828029685741,31514958.49438894,0.0,42428228.50561106,42428228.50561106,0,False
2022-02-07,2022-01-28,2022-01-28,0.05336485209003215,0.75,,1.6844838582607335,31545178.31760274,0.0,46086080.68239726,46086080.68239726,0,False
2022-02-08,2022-02-07,2022-01-28,0.05336485209003215,0.75,,1.6660004444501735,32256935.793765385,0.0,48433805.20623462,48433805.20623462,0,False
2022-02-09,2022-02-08,2022-01-28,0.05336485209003215,0.75,,1.6716464691403785,32260028.924594924,0.0,48031264.075405076,48031264.075405076,0,False
2022-02-10,2022-02-09,2022-01-28,0.05336485209003215,0.75,,1.6660021923720556,33780197.179456055,0.0,50720849.820543945,50720849.820543945,0,False
2022-02-11,2022-02-10,2022-01-28,0.05336485209003215,0.75,,1.665999109935798,34431462.00636587,0.0,51698960.99363413,51698960.99363413,0,False
2022-02-14,2022-02-11,2022-01-28,0.05336485209003215,0.75,,1.691893950591016,34441366.94749099,0.0,49778390.05250901,49778390.05250901,0,False
2022-02-15,2022-02-14,2022-01-28,0.05336485209003215,0.75,,1.7125246638843246,34444669.544321574,0.0,48341722.455678426,48341722.455678426,0,False
2022-02-16,2022-02-15,2022-01-28,0.05336485209003215,0.75,,1.7060747788694426,34447972.457839526,0.0,48787994.542160474,48787994.542160474,0,False
2022-02-17,2022-02-16,2022-01-28,0.05336485209003215,0.75,,1.6998724688564752,34451275.68807521,0.0,49225076.31192479,49225076.31192479,0,False
2022-02-18,2022-02-17,2022-01-28,0.05336485209003215,0.75,,1.6755604763387042,34454579.23505899,0.0,51001472.76494101,51001472.76494101,0,False
2022-02-21,2022-02-18,2022-01-28,0.05336485209003215,0.75,,1.6706894103996937,34464490.826345794,0.0,51386663.173654206,51386663.173654206,0,False
2022-02-22,2022-02-21,2022-01-28,0.05336485209003215,0.75,,1.674171660994192,34467795.640534624,0.0,51126141.359465376,51126141.359465376,0,False
2022-02-23,2022-02-22,2022-01-28,0.05336485209003215,0.75,,1.6994457837536172,34471100.77162344,0.0,49283449.22837656,49283449.22837656,0,False
2022-02-24,2022-02-23,2022-01-28,0.05336485209003215,0.75,,1.717631092949326,34474406.21964264,0.0,48039175.78035736,48039175.78035736,0,False
2022-02-25,2022-02-24,2022-01-28,0.05336485209003215,0.75,,1.744808176660725,34477711.984622605,0.0,46290727.015377395,46290727.015377395,0,False
2022-02-28,2022-02-25,2022-01-28,0.05336485209003215,0.75,,1.7280397526119267,34487630.23053599,0.0,47370531.76946401,47370531.76946401,0,False
2022-03-01,2022-02-28,2022-02-28,0.05180449482895784,0.6833333333333333,,1.703812814001144,34490937.2635718,0.0,49005838.7364282,49005838.7364282,0,False
2022-03-02,2022-03-01,2022-02-28,0.05180449482895784,0.6833333333333333,,1.699711466777391,34494244.61372036,0.0,49297812.38627964,49297812.38627964,0,False
2022-03-03,2022-03-02,2022-02-28,0.05180449482895784,0.6833333333333333,,1.6812320691924671,34497552.28101208,0.0,50639941.71898792,50639941.71898792,0,False
2022-03-04,2022-03-03,2022-02-28,0.05180449482895784,0.6833333333333333,,1.6901874368035439,34500860.26547738,0.0,49987667.73452262,49987667.73452262,0,False
2022-03-07,2022-03-04,2022-02-28,0.05180449482895784,0.6833333333333333,,1.6957981920890492,34510785.17048526,0.0,49598842.82951474,49598842.82951474,0,False
2022-03-08,2022-03-07,2022-02-28,0.05180449482895784,0.6833333333333333,,1.7402528086509368,34514094.42385777,0.0,46624739.57614223,46624739.57614223,0,False
2022-03-09,2022-03-08,2022-02-28,0.05180449482895784,0.6833333333333333,,1.730898674485377,34517403.99455595,0.0,47225977.00544405,47225977.00544405,0,False
2022-03-10,2022-03-09,2022-02-28,0.05180449482895784,0.6833333333333333,,1.7333975941596933,34520713.882610224,0.0,47069576.117389776,47069576.117389776,0,False
2022-03-11,2022-03-10,2022-02-28,0.05180449482895784,0.6833333333333333,,1.7271727932099779,34524024.08805102,0.0,47477056.91194898,47477056.91194898,0,False
2022-03-14,2022-03-11,2022-02-28,0.05180449482895784,0.6833333333333333,,1.7584757678205938,34533955.656624295,0.0,45530730.343375705,45530730.343375705,0,False
2022-03-15,2022-03-14,2022-02-28,0.05180449482895784,0.6833333333333333,,1.8604381603024385,34536363.59541425,0.0,40138112.40458575,40138112.40458575,0,False
2022-03-16,2022-03-15,2022-02-28,0.05180449482895784,0.6833333333333333,,1.8179170981403323,34539675.30151244,0.0,42228821.69848756,42228821.69848756,0,False
2022-03-17,2022-03-16,2022-02-28,0.05180449482895784,0.6833333333333333,,1.8051851768531557,34542987.32517149,0.0,42900674.67482851,42900674.67482851,0,False
2022-03-18,2022-03-17,2022-02-28,0.05180449482895784,0.6833333333333333,,1.76757873402675,34546299.66642185,0.0,45006848.33357815,45006848.33357815,0,False
2022-03-21,2022-03-18,2022-02-28,0.05180449482895784,0.6833333333333333,,1.7502707027669018,34556237.64303822,0.0,46058359.35696178,46058359.35696178,0,False
2022-03-22,2022-03-21,2022-02-28,0.05180449482895784,0.6833333333333333,,1.7298110379581157,34559551.254867,0.0,47354108.745133,47354108.745133,0,False
2022-03-23,2022-03-22,2022-02-28,0.05180449482895784,0.6833333333333333,,1.737877262553991,34562865.18443938,0.0,46840940.81556062,46840940.81556062,0,False
2022-03-24,2022-03-23,2022-02-28,0.05180449482895784,0.6833333333333333,,1.7304819568175025,34566179.43178584,0.0,47319689.56821416,47319689.56821416,0,False
2022-03-25,2022-03-24,2022-02-28,0.05180449482895784,0.6833333333333333,,1.7278255243559075,34569493.99693683,0.0,47496952.00306317,47496952.00306317,0,False
2022-03-28,2022-03-25,2022-02-28,0.05180449482895784,0.6833333333333333,,1.679743142659159,34579438.64589485,0.0,50871331.35410515,50871331.35410515,0,False
2022-03-29,2022-03-28,2022-02-28,0.05180449482895784,0.6833333333333333,,1.6659932343318133,34887897.04446733,0.0,52384761.95553267,52384761.95553267,0,False
2022-03-30,2022-03-29,2022-02-28,0.05180449482895784,0.6833333333333333,,1.6748337943792866,34891242.45925242,0.0,51703460.54074758,51703460.54074758,0,False
2022-03-31,2022-03-30,2022-02-28,0.05180449482895784,0.6833333333333333,,1.665994479108405,35616199.5633507,0.0,53478220.4366493,53478220.4366493,0,False
2022-04-01,2022-03-31,2022-03-31,0.057446232081911255,0.8666666666666667,,1.6674348813848554,35619614.81536362,0.0,53367925.18463638,53367925.18463638,0,False
2022-04-06,2022-04-01,2022-03-31,0.057446232081911255,0.8666666666666667,,1.6659993090690228,35747859.93992784,0.0,53675521.06007216,53675521.06007216,0,False
2022-04-07,2022-04-06,2022-03-31,0.057446232081911255,0.8666666666666667,,1.6659943963603272,35997041.84687838,0.0,54050067.15312162,54050067.15312162,0,False
2022-04-08,2022-04-07,2022-03-31,0.057446232081911255,0.8666666666666667,,1.6660006995671894,37028736.678864375,0.0,55598645.321135625,55598645.321135625,0,False
2022-04-11,2022-04-08,2022-03-31,0.057446232081911255,0.8666666666666667,,1.665998823021359,37205237.022496656,0.0,55863817.977503344,55863817.977503344,0,False
2022-04-12,2022-04-11,2022-03-31,0.057446232081911255,0.8666666666666667,,1.6687775940288403,37208804.64796457,0.0,55637038.35203543,55637038.35203543,0,False
2022-04-13,2022-04-12,2022-03-31,0.057446232081911255,0.8666666666666667,,1.6659966408340798,37648576.59269355,0.0,56529679.40730645,56529679.40730645,0,False
2022-04-14,2022-04-13,2022-03-31,0.057446232081911255,0.8666666666666667,,1.6659992640207726,38797469.666195035,0.0,58254523.333804965,58254523.333804965,0,False
2022-04-15,2022-04-14,2022-03-31,0.057446232081911255,0.8666666666666667,,1.6660180645670553,37088541.018977344,203.31919185095467,55686684.3002145,55686684.3002145,0,False
2022-04-18,2022-04-15,2022-03-31,0.057446232081911255,0.8666666666666667,,1.6938100335497444,37099007.00610602,0.0,53471418.99389398,53471418.99389398,0,False
2022-04-19,2022-04-18,2022-03-31,0.057446232081911255,0.8666666666666667,,1.6836259169662184,37102564.445134,0.0,54273197.554866,54273197.554866,0,False
2022-04-20,2022-04-19,2022-03-31,0.057446232081911255,0.8666666666666667,,1.7206537684252938,37106122.225286275,0.0,51489527.774713725,51489527.774713725,0,False
2022-04-21,2022-04-20,2022-03-31,0.057446232081911255,0.8666666666666667,,1.6827645556216173,34580771.922315545,0.0,50648165.077684455,50648165.077684455,0,False
2022-04-22,2022-04-21,2022-03-31,0.057446232081911255,0.8666666666666667,,1.6660215745119027,34673215.02482645,0.0,52060197.97517355,52060197.97517355,0,False
2022-04-25,2022-04-22,2022-03-31,0.057446232081911255,0.8666666666666667,,1.6660188929605884,32693400.865447264,106.67408681752676,49087637.808639556,49087637.808639556,0,False
2022-04-26,2022-04-25,2022-03-31,0.057446232081911255,0.8666666666666667,,1.6707677404340349,32696429.17500508,0.0,48744784.82499492,48744784.82499492,0,False
2022-04-27,2022-04-26,2022-03-31,0.057446232081911255,0.8666666666666667,,1.665997452758189,34008972.46807556,0.0,51064718.53192444,51064718.53192444,0,False
2022-04-28,2022-04-27,2022-03-31,0.057446232081911255,0.8666666666666667,,1.6660028314356794,36202536.37394182,0.0,54357931.62605818,54357931.62605818,0,False
2022-04-29,2022-04-28,2022-03-31,0.057446232081911255,0.8666666666666667,,1.6725437812175525,36206007.85003247,0.0,53834425.14996753,53834425.14996753,0,False
2022-05-05,2022-04-29,2022-04-29,0.06082006601248884,0.9333333333333333,,1.666021891107204,35601046.18122658,63.7603925880976,53453171.579165995,53453171.579165995,0,False
2022-05-06,2022-05-05,2022-04-29,0.06082006601248884,0.9333333333333333,,1.666017271761216,34350216.585624605,252.98282172810286,51575184.39719713,51575184.39719713,0,False
2022-05-09,2022-05-06,2022-04-29,0.06082006601248884,0.9333333333333333,,1.6660220784193576,33755123.63947621,54.50035856322518,50681606.86088236,50681606.86088236,0,False
2022-05-10,2022-05-09,2022-04-29,0.06082006601248884,0.9333333333333333,,1.6660205334599827,33091779.807424262,120.33431885531172,49685644.526894584,49685644.526894584,0,False
2022-05-11,2022-05-10,2022-04-29,0.06082006601248884,0.9333333333333333,,1.6660202357480371,33605508.5479905,0.0,50457188.4520095,50457188.4520095,0,False
2022-05-12,2022-05-11,2022-04-29,0.06082006601248884,0.9333333333333333,,1.6660215884136889,32865476.96198558,61.730849931627745,49345870.76886434,49345870.76886434,0,False
2022-05-13,2022-05-12,2022-04-29,0.06082006601248884,0.9333333333333333,,1.6660243288025052,34596605.0723879,0.0,51944956.9276121,51944956.9276121,0,False
2022-05-16,2022-05-13,2022-04-29,0.06082006601248884,0.9333333333333333,,1.6660193659298828,34988698.40026242,0.0,52534055.59973758,52534055.59973758,0,False
2022-05-17,2022-05-16,2022-04-29,0.06082006601248884,0.9333333333333333,,1.6660233963236328,35113291.360790946,0.0,52720807.639209054,52720807.639209054,0,False
2022-05-18,2022-05-17,2022-04-29,0.06082006601248884,0.9333333333333333,,1.666018389552757,34507933.93110605,243.41969639901072,51811918.48859034,51811918.48859034,0,False
2022-05-19,2022-05-18,2022-04-29,0.06082006601248884,0.9333333333333333,,1.6660119438947676,34438239.62674382,161.82980816927738,51707898.20306435,51707898.20306435,0,False
2022-05-20,2022-05-19,2022-04-29,0.06082006601248884,0.9333333333333333,,1.6660007837651905,35745450.52585617,0.0,53671784.47414383,53671784.47414383,0,False
2022-05-23,2022-05-20,2022-04-29,0.06082006601248884,0.9333333333333333,,1.6659991474049425,35930792.71807867,0.0,53950208.28192133,53950208.28192133,0,False
2022-05-24,2022-05-23,2022-04-29,0.06082006601248884,0.9333333333333333,,1.6706984751434746,35934238.13655849,0.0,53577336.86344151,53577336.86344151,0,False
2022-05-25,2022-05-24,2022-04-29,0.06082006601248884,0.9333333333333333,,1.6659984533099288,36296391.338900894,0.0,54499212.661099106,54499212.661099106,0,False
2022-05-26,2022-05-25,2022-04-29,0.06082006601248884,0.9333333333333333,,1.6659956619249519,36910336.43235271,0.0,55421286.56764729,55421286.56764729,0,False
2022-05-27,2022-05-26,2022-04-29,0.06082006601248884,0.9333333333333333,,1.6659999552463884,37720252.47136184,0.0,56637019.52863816,56637019.52863816,0,False
2022-05-30,2022-05-27,2022-04-29,0.06082006601248884,0.9333333333333333,,1.6660192207738194,36912795.91907214,203.4440174442716,55422713.524945304,55422713.524945304,0,False
2022-05-31,2022-05-30,2022-04-29,0.06082006601248884,0.9333333333333333,,1.6675592879819896,36916132.05822501,0.0,55300154.94177499,55300154.94177499,0,False
2022-06-01,2022-05-31,2022-05-31,0.060913222614840994,0.9333333333333333,,1.665999590020455,36956681.33133909,0.0,55490546.66866091,55490546.66866091,0,False
2022-06-02,2022-06-01,2022-05-31,0.060913222614840994,0.9333333333333333,,1.6768688371294136,36960225.12269963,0.0,54604707.87730037,54604707.87730037,0,False
2022-06-06,2022-06-02,2022-05-31,0.060913222614840994,0.9333333333333333,,1.6659916247674644,37023143.44562423,0.0,55591004.55437577,55591004.55437577,0,False
2022-06-07,2022-06-06,2022-05-31,0.060913222614840994,0.9333333333333333,,1.6689271911919041,37026693.61006422,0.0,55352352.38993578,55352352.38993578,0,False
2022-06-08,2022-06-07,2022-05-31,0.060913222614840994,0.9333333333333333,,1.6659996088492424,38180936.638540946,0.0,57328767.361459054,57328767.361459054,0,False
2022-06-09,2022-06-08,2022-05-31,0.060913222614840994,0.9333333333333333,,1.6660239248070088,38406858.63334601,0.0,57665884.36665399,57665884.36665399,0,False
2022-06-10,2022-06-09,2022-05-31,0.060913222614840994,0.9333333333333333,,1.6660183988734905,38988054.62890401,0.0,58539005.37109599,58539005.37109599,0,False
2022-06-13,2022-06-10,2022-05-31,0.060913222614840994,0.9333333333333333,,1.666018033694464,38028423.26314939,267.36756282136776,57097787.10441344,57097787.10441344,0,False
2022-06-14,2022-06-13,2022-05-31,0.060913222614840994,0.9333333333333333,,1.6660010295512595,39000392.95051139,0.0,58559058.04948861,58559058.04948861,0,False
2022-06-15,2022-06-14,2022-05-31,0.060913222614840994,0.9333333333333333,,1.666019223513982,38713359.412330166,257.420761191646,58126103.00843103,58126103.00843103,0,False
2022-06-16,2022-06-15,2022-05-31,0.060913222614840994,0.9333333333333333,,1.6855220888312417,38716814.23151262,0.0,56477850.76848738,56477850.76848738,0,False
2022-06-17,2022-06-16,2022-05-31,0.060913222614840994,0.9333333333333333,,1.683941404396744,38720526.8027403,0.0,56613807.1972597,56613807.1972597,0,False
2022-06-20,2022-06-17,2022-05-31,0.060913222614840994,0.9333333333333333,,1.708322880214744,38731665.58442328,0.0,54680805.41557672,54680805.41557672,0,False
2022-06-21,2022-06-20,2022-05-31,0.060913222614840994,0.9333333333333333,,1.698763419785591,38735379.579753295,0.0,55434183.420246705,55434183.420246705,0,False
2022-06-22,2022-06-21,2022-05-31,0.060913222614840994,0.9333333333333333,,1.7110848325014876,38739093.931219846,0.0,54478864.068780154,54478864.068780154,0,False
2022-06-23,2022-06-22,2022-05-31,0.060913222614840994,0.9333333333333333,,1.6959753543510203,38488908.63885709,0.0,55302114.36114291,55302114.36114291,0,False
2022-06-24,2022-06-23,2022-05-31,0.060913222614840994,0.9333333333333333,,1.6996033380104139,38492514.156123824,0.0,55020483.843876176,55020483.843876176,0,False
2022-06-27,2022-06-24,2022-05-31,0.060913222614840994,0.9333333333333333,,1.6853064686483856,38503587.34512764,0.0,56184479.65487236,56184479.65487236,0,False
2022-06-28,2022-06-27,2022-05-31,0.060913222614840994,0.9333333333333333,,1.6753618196083775,38507279.46994156,0.0,57017258.53005844,57017258.53005844,0,False
2022-06-29,2022-06-28,2022-05-31,0.060913222614840994,0.9333333333333333,,1.6728331626281503,38510971.94879484,0.0,57237030.05120516,57237030.05120516,0,False
2022-06-30,2022-06-29,2022-05-31,0.060913222614840994,0.9333333333333333,,1.665998256739035,38031017.72537353,105.70167209340434,57103620.97629856,57103620.97629856,0,False
2022-07-01,2022-06-30,2022-06-30,0.053029768480909824,0.6833333333333333,,1.6659945217405685,38353879.95508031,0.0,57588882.04491969,57588882.04491969,0,False
2022-07-04,2022-07-01,2022-06-30,0.053029768480909824,0.6833333333333333,,1.6659998850570912,38473832.20523259,0.0,57768526.79476741,57768526.79476741,0,False
2022-07-05,2022-07-04,2022-06-30,0.053029768480909824,0.6833333333333333,,1.6660232103927313,39299569.21340392,0.0,59006305.78659608,59006305.78659608,0,False
2022-07-06,2022-07-05,2022-06-30,0.053029768480909824,0.6833333333333333,,1.666045379132938,38016146.02294596,55.28244966189288,57077328.2595037,57077328.2595037,0,False
2022-07-07,2022-07-06,2022-06-30,0.053029768480909824,0.6833333333333333,,1.6659982749545859,38166177.19766151,0.0,57306720.80233849,57306720.80233849,0,False
2022-07-08,2022-07-07,2022-06-30,0.053029768480909824,0.6833333333333333,,1.6661706381000583,38161153.335260235,117.28787250845926,57284175.95261227,57284175.95261227,0,False
2022-07-11,2022-07-08,2022-06-30,0.053029768480909824,0.6833333333333333,,1.6661934780572716,37869637.17966516,214.07646948564798,56844481.89680432,56844481.89680432,0,False
2022-07-12,2022-07-11,2022-06-30,0.053029768480909824,0.6833333333333333,,1.6660260126766429,38045940.0438577,0.0,57123804.9561423,57123804.9561423,0,False
2022-07-13,2022-07-12,2022-06-30,0.053029768480909824,0.6833333333333333,,1.6660411635346952,37480680.27840058,105.08942675427534,56273661.81102618,56273661.81102618,0,False
2022-07-14,2022-07-13,2022-06-30,0.053029768480909824,0.6833333333333333,,1.6847920167781971,37484169.226808734,0.0,54738034.773191266,54738034.773191266,0,False
2022-07-15,2022-07-14,2022-06-30,0.053029768480909824,0.6833333333333333,,1.6659953818040103,36174914.80793257,283.17101222497877,54316640.36307965,54316640.36307965,0,False
2022-07-18,2022-07-15,2022-06-30,0.053029768480909824,0.6833333333333333,,1.666000226533891,36964499.85062235,0.0,55502233.14937765,55502233.14937765,0,False
2022-07-19,2022-07-18,2022-06-30,0.053029768480909824,0.6833333333333333,,1.6659969096610152,37318187.87230392,0.0,56033575.12769608,56033575.12769608,0,False
2022-07-20,2022-07-19,2022-06-30,0.053029768480909824,0.6833333333333333,,1.6659997663173227,37647825.15985524,0.0,56528285.84014476,56528285.84014476,0,False
2022-07-21,2022-07-20,2022-06-30,0.053029768480909824,0.6833333333333333,,1.6734579893872286,37651435.22528153,0.0,55907622.77471847,55907622.77471847,0,False
2022-07-22,2022-07-21,2022-06-30,0.053029768480909824,0.6833333333333333,,1.6705786657435873,37655045.636878476,0.0,56153062.363121524,56153062.363121524,0,False
2022-07-25,2022-07-22,2022-06-30,0.053029768480909824,0.6833333333333333,,1.6685755285350554,37665877.91028087,0.0,56337506.08971913,56337506.08971913,0,False
2022-07-26,2022-07-25,2022-06-30,0.053029768480909824,0.6833333333333333,,1.6659970508307316,37784162.319392815,0.0,56733227.680607185,56733227.680607185,0,False
2022-07-27,2022-07-26,2022-06-30,0.053029768480909824,0.6833333333333333,,1.6702332668229876,37787785.45824536,0.0,56380050.54175464,56380050.54175464,0,False
2022-07-28,2022-07-27,2022-06-30,0.053029768480909824,0.6833333333333333,,1.671902455050468,37791408.94452218,0.0,56245380.05547782,56245380.05547782,0,False
2022-07-29,2022-07-28,2022-06-30,0.053029768480909824,0.6833333333333333,,1.6762578712680396,37795032.77825659,0.0,55888492.22174341,55888492.22174341,0,False
2022-08-01,2022-07-29,2022-07-29,0.05985258741258742,0.9,,1.6840518898270047,37805905.321932524,0.0,55267598.678067476,55267598.678067476,0,False
2022-08-02,2022-08-01,2022-07-29,0.05985258741258742,0.9,,1.6983102748955954,37808024.31685051,0.0,54142156.68314949,54142156.68314949,0,False
2022-08-03,2022-08-02,2022-07-29,0.05985258741258742,0.9,,1.4438667342931013,35725734.674602695,11949447.906782899,53566273.2321802,53566273.2321802,0,False
2022-08-04,2022-08-03,2022-07-29,0.05985258741258742,0.9,,1.6660016882474598,35913379.07971955,0.0,53923855.92028045,53923855.92028045,0,False
2022-08-05,2022-08-04,2022-07-29,0.05985258741258742,0.9,,1.6659957661236047,36270641.74419843,0.0,54460769.25580157,54460769.25580157,0,False
2022-08-08,2022-08-05,2022-07-29,0.05985258741258742,0.9,,1.666801669920081,36281075.76442621,0.0,54410595.23557379,54410595.23557379,0,False
2022-08-09,2022-08-08,2022-07-29,0.05985258741258742,0.9,,1.666885367429778,36284554.77169129,0.0,54408983.22830871,54408983.22830871,0,False
2022-08-10,2022-08-09,2022-07-29,0.05985258741258742,0.9,,1.6666964333189649,36288034.11255981,0.0,54429620.88744019,54429620.88744019,0,False
2022-08-11,2022-08-10,2022-07-29,0.05985258741258742,0.9,,1.6659974271181743,36817391.627263755,0.0,55281582.372736245,55281582.372736245,0,False
2022-08-12,2022-08-11,2022-07-29,0.05985258741258742,0.9,,1.6659976656709747,37045082.71703733,0.0,55623442.28296267,55623442.28296267,0,False
2022-08-15,2022-08-12,2022-07-29,0.05985258741258742,0.9,,1.6672144216289257,37055739.52165456,0.0,55537977.47834544,55537977.47834544,0,False
2022-08-16,2022-08-15,2022-07-29,0.05985258741258742,0.9,,1.6659999788989397,37071492.93364568,0.0,55662904.06635432,55662904.06635432,0,False
2022-08-17,2022-08-16,2022-07-29,0.05985258741258742,0.9,,1.6659961559582936,37337276.57633795,0.0,56062300.42366205,56062300.42366205,0,False
2022-08-18,2022-08-17,2022-07-29,0.05985258741258742,0.9,,1.6694469550491151,37340856.86313294,0.0,55778664.13686706,55778664.13686706,0,False
2022-08-19,2022-08-18,2022-07-29,0.05985258741258742,0.9,,1.665998817254794,37707792.4578931,0.0,56618407.5421069,56618407.5421069,0,False
2022-08-22,2022-08-19,2022-07-29,0.05985258741258742,0.9,,1.665999720688217,38009501.89633853,0.0,57071348.10366147,57071348.10366147,0,False
2022-08-23,2022-08-22,2022-07-29,0.05985258741258742,0.9,,1.6659954808820694,38107345.00377571,0.0,57218623.99622429,57218623.99622429,0,False
2022-08-24,2022-08-23,2022-07-29,0.05985258741258742,0.9,,1.6757359343996179,38110999.13274867,0.0,56399248.86725133,56399248.86725133,0,False
2022-08-25,2022-08-24,2022-07-29,0.05985258741258742,0.9,,1.6664018639215823,38114653.612117566,0.0,57194698.387882434,57194698.387882434,0,False
2022-08-26,2022-08-25,2022-07-29,0.05985258741258742,0.9,,1.6708278033639306,38118308.44191599,0.0,56822791.55808401,56822791.55808401,0,False
2022-08-29,2022-08-26,2022-07-29,0.05985258741258742,0.9,,1.6729792125251732,38129273.98270065,0.0,56657432.01729935,56657432.01729935,0,False
2022-08-30,2022-08-29,2022-07-29,0.05985258741258742,0.9,,1.6660283669683897,37052303.13117469,117.28950227517635,55631543.15832757,55631543.15832757,0,False
2022-08-31,2022-08-30,2022-07-29,0.05985258741258742,0.9,,1.670678834708621,37055738.80224664,0.0,55251093.19775336,55251093.19775336,0,False
2022-09-01,2022-08-31,2022-08-31,0.06451910163339383,0.9666666666666667,,1.6704882237898306,37059292.09226877,0.0,55272099.90773123,55272099.90773123,0,False
2022-09-02,2022-09-01,2022-08-31,0.06451910163339383,0.9666666666666667,,1.6743986596513354,37062845.72301735,0.0,54956879.27698265,54956879.27698265,0,False
2022-09-05,2022-09-02,2022-08-31,0.06451910163339383,0.9666666666666667,,1.6659953505090161,37157650.89228041,0.0,55792658.10771959,55792658.10771959,0,False
2022-09-06,2022-09-05,2022-08-31,0.06451910163339383,0.9666666666666667,,1.6660002625273072,37543955.96594473,0.0,56372284.03405527,56372284.03405527,0,False
2022-09-07,2022-09-06,2022-08-31,0.06451910163339383,0.9666666666666667,,1.6667484240247994,37547556.071311325,0.0,56314427.928688675,56314427.928688675,0,False
2022-09-08,2022-09-07,2022-08-31,0.06451910163339383,0.9666666666666667,,1.6669508364561683,37551156.52189351,0.0,56302735.47810649,56302735.47810649,0,False
2022-09-09,2022-09-08,2022-08-31,0.06451910163339383,0.9666666666666667,,1.6660228323444974,38303098.180324376,0.0,57510187.819675624,57510187.819675624,0,False
2022-09-13,2022-09-09,2022-08-31,0.06451910163339383,0.9666666666666667,,1.671465885500245,38317789.779626414,0.0,57065877.220373586,57065877.220373586,0,False
2022-09-14,2022-09-13,2022-08-31,0.06451910163339383,0.9666666666666667,,1.6777006958693215,38321464.08823542,0.0,56546295.91176458,56546295.91176458,0,False
2022-09-15,2022-09-14,2022-08-31,0.06451910163339383,0.9666666666666667,,1.675373063272759,38325138.74917539,0.0,56746620.25082461,56746620.25082461,0,False
2022-09-16,2022-09-15,2022-08-31,0.06451910163339383,0.9666666666666667,,1.6933195964701309,38328813.76248011,0.0,55283038.23751989,55283038.23751989,0,False
2022-09-19,2022-09-16,2022-08-31,0.06451910163339383,0.9666666666666667,,1.666014801228337,37256777.35551315,253.1651932804055,55939483.80968013,55939483.80968013,0,False
2022-09-20,2022-09-19,2022-08-31,0.06451910163339383,0.9666666666666667,,1.6690164404010905,37260096.75801149,0.0,55693843.24198851,55693843.24198851,0,False
2022-09-21,2022-09-20,2022-08-31,0.06451910163339383,0.9666666666666667,,1.6690411771678668,37263669.64400198,0.0,55697124.35599802,55697124.35599802,0,False
2022-09-22,2022-09-21,2022-08-31,0.06451910163339383,0.9666666666666667,,1.6659994667810099,37314501.345077984,0.0,56027824.654922016,56027824.654922016,0,False
2022-09-23,2022-09-22,2022-08-31,0.06451910163339383,0.9666666666666667,,1.6659964431382062,37404245.80946669,0.0,56162831.19053331,56162831.19053331,0,False
2022-09-26,2022-09-23,2022-08-31,0.06451910163339383,0.9666666666666667,,1.6660080674548414,36320908.111307636,163.33304411305727,54534992.221736476,54534992.221736476,0,False
2022-09-27,2022-09-26,2022-08-31,0.06451910163339383,0.9666666666666667,,1.66602360307455,36187557.14902423,2.379895513668771,54333742.230871275,54333742.230871275,0,False
2022-09-28,2022-09-27,2022-08-31,0.06451910163339383,0.9666666666666667,,1.665996377025981,36236630.26485534,0.0,54409650.73514466,54409650.73514466,0,False
2022-09-29,2022-09-28,2022-08-31,0.06451910163339383,0.9666666666666667,,1.6692216495949124,36240105.0102232,0.0,54152618.9897768,54152618.9897768,0,False
2022-09-30,2022-09-29,2022-08-31,0.06451910163339383,0.9666666666666667,,1.66599584729323,36724398.973045826,0.0,55142084.026954174,55142084.026954174,0,False
2022-10-10,2022-09-30,2022-09-30,0.06790998376313276,1.0,,1.669345733183737,36759614.150143266,0.0,54918724.849856734,54918724.849856734,0,False
2022-10-11,2022-10-10,2022-09-30,0.06790998376313276,1.0,,1.6660210012281063,36615595.05626256,154.47521174453254,54976405.41894918,54976405.41894918,0,False
2022-10-12,2022-10-11,2022-09-30,0.06790998376313276,1.0,,1.665997997776602,36796906.115008265,0.0,55250775.884991735,55250775.884991735,0,False
2022-10-13,2022-10-12,2022-09-30,0.06790998376313276,1.0,,1.6704522392721457,36699433.54545765,0.0,54738326.45454235,54738326.45454235,0,False
2022-10-14,2022-10-13,2022-09-30,0.06790998376313276,1.0,,1.666752479745942,36702952.66922229,0.0,55047343.33077771,55047343.33077771,0,False
2022-10-17,2022-10-14,2022-09-30,0.06790998376313276,1.0,,1.670708970385635,36713511.05286686,0.0,54738362.94713314,54738362.94713314,0,False
2022-10-18,2022-10-17,2022-09-30,0.06790998376313276,1.0,,1.6716061244336136,36717031.52652947,0.0,54670483.47347053,54670483.47347053,0,False
2022-10-19,2022-10-18,2022-09-30,0.06790998376313276,1.0,,1.6795730155852746,36720552.337771736,0.0,54034741.662228264,54034741.662228264,0,False
2022-10-20,2022-10-19,2022-09-30,0.06790998376313276,1.0,,1.6810863245333163,36724073.486626044,0.0,53919851.513373956,53919851.513373956,0,False
2022-10-21,2022-10-20,2022-09-30,0.06790998376313276,1.0,,1.6808269334684605,36727594.973124765,0.0,53945567.026875235,53945567.026875235,0,False
2022-10-24,2022-10-21,2022-09-30,0.06790998376313276,1.0,,1.6895096875787086,36738160.44565128,0.0,53281572.55434872,53281572.55434872,0,False
2022-10-25,2022-10-24,2022-09-30,0.06790998376313276,1.0,,1.6935209458586173,36741683.28295428,0.0,52978476.71704572,52978476.71704572,0,False
2022-10-26,2022-10-25,2022-09-30,0.06790998376313276,1.0,,1.699327046925121,36745206.45806361,0.0,52543665.54193639,52543665.54193639,0,False
2022-10-27,2022-10-26,2022-09-30,0.06790998376313276,1.0,,1.6660309559029791,34962047.641306244,247.36720459726314,52492755.72589835,52492755.72589835,0,False
2022-10-28,2022-10-27,2022-09-30,0.06790998376313276,1.0,,1.6677082474900389,34965152.79921793,0.0,52365914.20078207,52365914.20078207,0,False
2022-10-31,2022-10-28,2022-09-30,0.06790998376313276,1.0,,1.567288892768554,34259039.82162429,5092227.944012878,51414389.122388594,51414389.122388594,0,False
2022-11-01,2022-10-31,2022-10-31,0.07762527263267431,1.0,,1.6113597910150352,34262324.93503184,2493836.1523528784,51963654.217321046,51963654.217321046,0,False
2022-11-02,2022-11-01,2022-10-31,0.07762527263267431,1.0,,1.6617153321306024,34368859.85909739,0.0,51939041.14090261,51939041.14090261,0,False
2022-11-03,2022-11-02,2022-10-31,0.07762527263267431,1.0,,1.665999106278401,34535014.41570347,0.0,51854445.58429653,51854445.58429653,0,False
2022-11-04,2022-11-03,2022-10-31,0.07762527263267431,1.0,,1.6659993380884495,35281383.71978826,0.0,52975103.28021174,52975103.28021174,0,False
2022-11-07,2022-11-04,2022-10-31,0.07762527263267431,1.0,,1.6669080444803852,35291533.15894053,0.0,52918139.84105947,52918139.84105947,0,False
2022-11-08,2022-11-07,2022-10-31,0.07762527263267431,1.0,,1.6666013340603292,35294917.278558515,0.0,52947564.721441485,52947564.721441485,0,False
2022-11-09,2022-11-08,2022-10-31,0.07762527263267431,1.0,,1.6680616807199478,35298301.72268112,0.0,52836890.27731888,52836890.27731888,0,False
2022-11-10,2022-11-09,2022-10-31,0.07762527263267431,1.0,,1.6678438220536178,35301686.49133946,0.0,52859194.50866054,52859194.50866054,0,False
2022-11-11,2022-11-10,2022-10-31,0.07762527263267431,1.0,,1.6659755184540286,35800646.09176466,0.0,53756699.90823534,53756699.90823534,0,False
2022-11-14,2022-11-11,2022-10-31,0.07762527263267431,1.0,,1.665996990673059,35952024.42480366,0.0,53982262.57519634,53982262.57519634,0,False
2022-11-15,2022-11-14,2022-10-31,0.07762527263267431,1.0,,1.6659992088776119,36040591.08665055,0.0,54115065.91334945,54115065.91334945,0,False
2022-11-16,2022-11-15,2022-10-31,0.07762527263267431,1.0,,1.6716723695212155,36044047.03374105,0.0,53663137.96625895,53663137.96625895,0,False
2022-11-17,2022-11-16,2022-10-31,0.07762527263267431,1.0,,1.6726829561190057,36047503.31222374,0.0,53587656.68777626,53587656.68777626,0,False
2022-11-18,2022-11-17,2022-10-31,0.07762527263267431,1.0,,1.6777328477077007,36050959.92213039,0.0,53193467.07786961,53193467.07786961,0,False
2022-11-21,2022-11-18,2022-10-31,0.07762527263267431,1.0,,1.6659997890307217,35415588.463019095,294.04797151670937,53176134.58495242,53176134.58495242,0,False
2022-11-22,2022-11-21,2022-10-31,0.07762527263267431,1.0,,1.6659859123799319,36043479.14957965,0.0,54120482.85042035,54120482.85042035,0,False
2022-11-23,2022-11-22,2022-10-31,0.07762527263267431,1.0,,1.6659792628712577,36467190.596597694,0.0,54757246.403402306,54757246.403402306,0,False
2022-11-24,2022-11-23,2022-10-31,0.07762527263267431,1.0,,1.6660024135269673,36331034.29797331,377.8377627930604,54550337.53978949,54550337.53978949,0,False
2022-11-25,2022-11-24,2022-10-31,0.07762527263267431,1.0,,1.6659989111633575,37168574.03563991,0.0,55808760.96436009,55808760.96436009,0,False
2022-11-28,2022-11-25,2022-10-31,0.07762527263267431,1.0,,1.671831570607693,37179266.365157016,0.0,55340159.634842984,55340159.634842984,0,False
2022-11-29,2022-11-28,2022-10-31,0.07762527263267431,1.0,,1.665995691295593,37574154.54108792,0.0,56418014.45891208,56418014.45891208,0,False
2022-11-30,2022-11-29,2022-10-31,0.07762527263267431,1.0,,1.6659982449271034,37615586.920448296,0.0,56480009.079551704,56480009.079551704,0,False
2022-12-01,2022-11-30,2022-11-30,0.0657573793755913,0.9333333333333333,,1.673903066218332,37619193.894536555,0.0,55822856.105463445,55822856.105463445,0,False
2022-12-02,2022-12-01,2022-11-30,0.0657573793755913,0.9333333333333333,,1.6779105922311792,37622801.21449904,0.0,55498175.78550096,55498175.78550096,0,False
2022-12-05,2022-12-02,2022-11-30,0.0657573793755913,0.9333333333333333,,1.6659990805672098,37896489.12406869,0.0,56901713.87593131,56901713.87593131,0,False
2022-12-06,2022-12-05,2022-11-30,0.0657573793755913,0.9333333333333333,,1.665999057026359,37977290.5214747,0.0,57023039.4785253,57023039.4785253,0,False
2022-12-07,2022-12-06,2022-11-30,0.0657573793755913,0.9333333333333333,,1.6700895493195735,37980932.179469906,0.0,56680382.820530094,56680382.820530094,0,False
2022-12-08,2022-12-07,2022-11-30,0.0657573793755913,0.9333333333333333,,1.6659978158350564,38135631.8011752,0.0,57260896.1988248,57260896.1988248,0,False
2022-12-09,2022-12-08,2022-11-30,0.0657573793755913,0.9333333333333333,,1.6684465320107678,38139288.64258079,0.0,57056603.35741921,57056603.35741921,0,False
2022-12-12,2022-12-09,2022-11-30,0.0657573793755913,0.9333333333333333,,1.6806909279377227,38150260.218765646,0.0,56046376.781234354,56046376.781234354,0,False
2022-12-13,2022-12-12,2022-11-30,0.0657573793755913,0.9333333333333333,,1.6721290810145613,38153918.46289621,0.0,56765760.53710379,56765760.53710379,0,False
2022-12-14,2022-12-13,2022-11-30,0.0657573793755913,0.9333333333333333,,1.6725186631232034,38157577.05781731,0.0,56738316.94218269,56738316.94218269,0,False
2022-12-15,2022-12-14,2022-11-30,0.0657573793755913,0.9333333333333333,,1.6819505979963003,38161236.00356258,0.0,55958944.99643742,55958944.99643742,0,False
2022-12-16,2022-12-15,2022-11-30,0.0657573793755913,0.9333333333333333,,1.66981809647973,38164895.30016566,0.0,56977999.69983434,56977999.69983434,0,False
2022-12-19,2022-12-16,2022-11-30,0.0657573793755913,0.9333333333333333,,1.6862039216380469,38175874.24264927,0.0,55633424.75735073,55633424.75735073,0,False
2022-12-20,2022-12-19,2022-11-30,0.0657573793755913,0.9333333333333333,,1.6939757806646716,38179534.94291911,0.0,55015659.05708089,55015659.05708089,0,False
2022-12-21,2022-12-20,2022-11-30,0.0657573793755913,0.9333333333333333,,1.694932598002726,38183195.99421501,0.0,54945179.00578499,54945179.00578499,0,False
2022-12-22,2022-12-21,2022-11-30,0.0657573793755913,0.9333333333333333,,1.6948043114692246,38186857.39657062,0.0,54960593.60342938,54960593.60342938,0,False
2022-12-23,2022-12-22,2022-11-30,0.0657573793755913,0.9333333333333333,,1.6988597314237919,38190519.15001961,0.0,54646901.84998039,54646901.84998039,0,False
2022-12-26,2022-12-23,2022-11-30,0.0657573793755913,0.9333333333333333,,1.704473892902905,38201505.463747695,0.0,54226999.536252305,54226999.536252305,0,False
2022-12-27,2022-12-26,2022-11-30,0.0657573793755913,0.9333333333333333,,1.689426906075524,38205168.62180586,0.0,55415836.37819414,55415836.37819414,0,False
2022-12-28,2022-12-27,2022-11-30,0.0657573793755913,0.9333333333333333,,1.6834820595456799,38208832.13112576,0.0,55903196.86887424,55903196.86887424,0,False
2022-12-29,2022-12-28,2022-11-30,0.0657573793755913,0.9333333333333333,,1.6899481355038752,38212495.991741076,0.0,55384592.008258924,55384592.008258924,0,False
2022-12-30,2022-12-29,2022-11-30,0.0657573793755913,0.9333333333333333,,1.6855508994081563,38216160.20368549,0.0,55745182.79631451,55745182.79631451,0,False
2023-01-03,2022-12-30,2022-12-30,0.06607570632672333,0.9333333333333333,,1.686357471022769,38230818.456914306,0.0,55701030.543085694,55701030.543085694,0,False
2023-01-04,2023-01-03,2022-12-30,0.06607570632672333,0.9333333333333333,,1.6760586966133777,38234484.42580743,0.0,56554977.57419257,56554977.57419257,0,False
2023-01-05,2023-01-04,2022-12-30,0.06607570632672333,0.9333333333333333,,1.6744904268539835,38238150.746231824,0.0,56691910.253768176,56691910.253768176,0,False
2023-01-06,2023-01-05,2022-12-30,0.06607570632672333,0.9333333333333333,,1.674222032098445,38241817.41822119,0.0,56719916.58177881,56719916.58177881,0,False
2023-01-09,2023-01-06,2022-12-30,0.06607570632672333,0.9333333333333333,,1.6763597373094838,38252818.48898534,0.0,56556912.51101466,56556912.51101466,0,False
2023-01-10,2023-01-09,2022-12-30,0.06607570632672333,0.9333333333333333,,1.6799191080253173,38256486.56747058,0.0,56266232.43252942,56266232.43252942,0,False
2023-01-11,2023-01-10,2022-12-30,0.06607570632672333,0.9333333333333333,,1.6717859792677632,38260154.99768938,0.0,56952893.00231062,56952893.00231062,0,False
2023-01-12,2023-01-11,2022-12-30,0.06607570632672333,0.9333333333333333,,1.6735934760006976,38263823.77967546,0.0,56805514.22032454,56805514.22032454,0,False
2023-01-13,2023-01-12,2022-12-30,0.06607570632672333,0.9333333333333333,,1.6659988178666518,38322353.91756256,0.0,57541174.08243744,57541174.08243744,0,False
2023-01-16,2023-01-13,2022-12-30,0.06607570632672333,0.9333333333333333,,1.6718309066930273,38333378.15636076,0.0,57058074.84363924,57058074.84363924,0,False
2023-01-17,2023-01-16,2022-12-30,0.06607570632672333,0.9333333333333333,,1.6694668609095735,38337053.959745616,0.0,57265051.040254384,57265051.040254384,0,False
2023-01-18,2023-01-17,2022-12-30,0.06607570632672333,0.9333333333333333,,1.66804316586272,38340730.115604766,0.0,57392593.884395234,57392593.884395234,0,False
2023-01-19,2023-01-18,2022-12-30,0.06607570632672333,0.9333333333333333,,1.6659967715697648,38428310.852422014,0.0,57700446.147577986,57700446.147577986,0,False
2023-01-20,2023-01-19,2022-12-30,0.06607570632672333,0.9333333333333333,,1.6659963696371927,38585441.63613211,0.0,57936414.36386789,57936414.36386789,0,False
2023-01-30,2023-01-20,2022-12-30,0.06607570632672333,0.9333333333333333,,1.6667323624877803,38622441.37468731,0.0,57927953.62531269,57927953.62531269,0,False
2023-01-31,2023-01-30,2022-12-30,0.06607570632672333,0.9333333333333333,,1.6716202078110496,38626144.89646296,0.0,57511886.10353704,57511886.10353704,0,False
2023-02-01,2023-01-31,2023-01-31,0.05983294671403197,0.8,,1.669359617205795,38629848.77337084,0.0,57711651.22662916,57711651.22662916,0,False
2023-02-02,2023-02-01,2023-01-31,0.05983294671403197,0.8,,1.6719270722174584,38633553.005444996,0.0,57496645.994555004,57496645.994555004,0,False
2023-02-03,2023-02-02,2023-01-31,0.05983294671403197,0.8,,1.6742626769047408,38637257.59271949,0.0,57302975.40728051,57302975.40728051,0,False
2023-02-06,2023-02-03,2023-01-31,0.05983294671403197,0.8,,1.6762745802379935,38648372.42024616,0.0,57148935.57975384,57148935.57975384,0,False
2023-02-07,2023-02-06,2023-01-31,0.05983294671403197,0.8,,1.6758997130374096,38652078.42856043,0.0,57186114.57143957,57186114.57143957,0,False
2023-02-08,2023-02-07,2023-01-31,0.05983294671403197,0.8,,1.67347482351725,38655784.79224536,0.0,57397520.20775464,57397520.20775464,0,False
2023-02-09,2023-02-08,2023-01-31,0.05983294671403197,0.8,,1.6699894000239555,38659491.51133502,0.0,57701646.48866498,57701646.48866498,0,False
2023-02-10,2023-02-09,2023-01-31,0.05983294671403197,0.8,,1.6660433832286032,38663198.58586351,0.0,58049069.41413649,58049069.41413649,0,False
2023-02-13,2023-02-10,2023-01-31,0.05983294671403197,0.8,,1.6717431620422616,38674320.87586766,0.0,57573077.12413234,57573077.12413234,0,False
2023-02-14,2023-02-13,2023-01-31,0.05983294671403197,0.8,,1.6736509604395717,38678029.37239,0.0,57415533.62761,57415533.62761,0,False
2023-02-15,2023-02-14,2023-01-31,0.05983294671403197,0.8,,1.6757607085176645,38681738.2245216,0.0,57241768.7754784,57241768.7754784,0,False
2023-02-16,2023-02-15,2023-01-31,0.05983294671403197,0.8,,1.67916687450316,38685447.43229655,0.0,56960150.56770345,56960150.56770345,0,False
2023-02-17,2023-02-16,2023-01-31,0.05983294671403197,0.8,,1.678249583454096,38689156.99574897,0.0,57042655.00425103,57042655.00425103,0,False
2023-02-20,2023-02-17,2023-01-31,0.05983294671403197,0.8,,1.6659970626188398,38861167.4182209,0.0,58350358.5817791,58350358.5817791,0,False
2023-02-21,2023-02-20,2023-01-31,0.05983294671403197,0.8,,1.6659964302943617,38923700.29953498,0.0,58444307.70046502,58444307.70046502,0,False
2023-02-22,2023-02-21,2023-01-31,0.05983294671403197,0.8,,1.6667528069777384,38927432.70915274,0.0,58383605.29084726,58383605.29084726,0,False
2023-02-23,2023-02-22,2023-01-31,0.05983294671403197,0.8,,1.6659999758158348,38995930.5702028,0.0,58552450.4297972,58552450.4297972,0,False
2023-02-24,2023-02-23,2023-01-31,0.05983294671403197,0.8,,1.6696294962386682,38999669.906010896,0.0,58240669.093989104,58240669.093989104,0,False
2023-02-27,2023-02-24,2023-01-31,0.05983294671403197,0.8,,1.6746771668404519,39010888.98913454,0.0,57821564.01086546,57821564.01086546,0,False
2023-02-28,2023-02-27,2023-01-31,0.05983294671403197,0.8,,1.6691129110976206,39014629.75931159,0.0,58307991.24068841,58307991.24068841,0,False
2023-03-01,2023-02-28,2023-02-28,0.06050851477170993,0.8166666666666667,,1.6659981071529326,39122332.32269262,0.0,58742407.67730738,58742407.67730738,0,False
2023-03-02,2023-03-01,2023-02-28,0.06050851477170993,0.8166666666666667,,1.665999436664269,39535427.713656716,0.0,59362554.286343284,59362554.286343284,0,False
2023-03-03,2023-03-02,2023-02-28,0.06050851477170993,0.8166666666666667,,1.6659981484107371,40215066.05714761,0.0,60383149.94285239,60383149.94285239,0,False
2023-03-06,2023-03-03,2023-02-28,0.06050851477170993,0.8166666666666667,,1.6680308493713492,40226634.77478048,0.0,60216732.22521952,60216732.22521952,0,False
2023-03-07,2023-03-06,2023-02-28,0.06050851477170993,0.8166666666666667,,1.665999789597315,40667909.112960525,0.0,61062945.887039475,61062945.887039475,0,False
2023-03-08,2023-03-07,2023-02-28,0.06050851477170993,0.8166666666666667,,1.6659957700331838,40689002.947318204,0.0,61094987.052681796,61094987.052681796,0,False
2023-03-09,2023-03-08,2023-02-28,0.06050851477170993,0.8166666666666667,,1.6662398886027967,40692904.63253233,0.0,61078457.36746767,61078457.36746767,0,False
2023-03-10,2023-03-09,2023-02-28,0.06050851477170993,0.8166666666666667,,1.6834560000464625,40696806.69188065,0.0,59545613.30811935,59545613.30811935,0,False
2023-03-13,2023-03-10,2023-02-28,0.06050851477170993,0.8166666666666667,,1.6724561676268823,40708513.99243585,0.0,60537052.00756415,60537052.00756415,0,False
2023-03-14,2023-03-13,2023-02-28,0.06050851477170993,0.8166666666666667,,1.6756243602166814,40712417.54857211,0.0,60258954.45142789,60258954.45142789,0,False
2023-03-15,2023-03-14,2023-02-28,0.06050851477170993,0.8166666666666667,,1.665999874667802,40789370.46938197,0.0,61245312.53061803,61245312.53061803,0,False
2023-03-16,2023-03-15,2023-02-28,0.06050851477170993,0.8166666666666667,,1.6659980865482493,41297217.20567904,0.0,62008011.79432096,62008011.79432096,0,False
2023-03-17,2023-03-16,2023-02-28,0.06050851477170993,0.8166666666666667,,1.665997632337433,41473163.04102834,0.0,62272237.95897166,62272237.95897166,0,False
2023-03-20,2023-03-17,2023-02-28,0.06050851477170993,0.8166666666666667,,1.6660007029962025,42071243.05777165,0.0,63169967.94222835,63169967.94222835,0,False
2023-03-21,2023-03-20,2023-02-28,0.06050851477170993,0.8166666666666667,,1.682531976305031,42075277.28655802,0.0,61645869.71344198,61645869.71344198,0,False
2023-03-22,2023-03-21,2023-02-28,0.06050851477170993,0.8166666666666667,,1.6750640007580964,42079311.902188234,0.0,62333811.097811766,62333811.097811766,0,False
2023-03-23,2023-03-22,2023-02-28,0.06050851477170993,0.8166666666666667,,1.6687028411265943,42083346.9046994,0.0,62932807.0953006,62932807.0953006,0,False
2023-03-24,2023-03-23,2023-02-28,0.06050851477170993,0.8166666666666667,,1.6832701935271397,42087382.29412862,0.0,61596982.70587138,61596982.70587138,0,False
2023-03-27,2023-03-24,2023-02-28,0.06050851477170993,0.8166666666666667,,1.692308950587441,42099489.623281725,0.0,60810263.376718275,60810263.376718275,0,False
2023-03-28,2023-03-27,2023-02-28,0.06050851477170993,0.8166666666666667,,1.6871264288788557,42103526.56064286,0.0,61274788.43935714,61274788.43935714,0,False
2023-03-29,2023-03-28,2023-02-28,0.06050851477170993,0.8166666666666667,,1.688099998856915,42107563.88510758,0.0,61193960.11489242,61193960.11489242,0,False
2023-03-30,2023-03-29,2023-02-28,0.06050851477170993,0.8166666666666667,,1.681909829391347,42111601.596713,0.0,61755381.403287,61755381.403287,0,False
2023-03-31,2023-03-30,2023-02-28,0.06050851477170993,0.8166666666666667,,1.6853919135917057,42115639.695496246,0.0,61447529.304503754,61447529.304503754,0,False
2023-04-03,2023-03-31,2023-03-31,0.06020314463176575,0.8,,1.6884889682544828,42127755.15349084,0.0,61188714.84650916,61188714.84650916,0,False
2023-04-04,2023-04-03,2023-03-31,0.06020314463176575,0.8,,1.6756292263528305,42131794.80124529,0.0,62359343.19875471,62359343.19875471,0,False
2023-04-06,2023-04-04,2023-03-31,0.06020314463176575,0.8,,1.6741710432827488,42139874.87148114,0.0,62506207.12851886,62506207.12851886,0,False
2023-04-07,2023-04-06,2023-03-31,0.06020314463176575,0.8,,1.676888437093103,42143915.68140033,0.0,62261243.31859967,62261243.31859967,0,False
2023-04-10,2023-04-07,2023-03-31,0.06020314463176575,0.8,,1.6777316124074328,42156039.27358265,0.0,62201671.72641735,62201671.72641735,0,False
2023-04-11,2023-04-10,2023-03-31,0.06020314463176575,0.8,,1.6707964490827627,42160081.633512996,0.0,62850782.366487004,62850782.366487004,0,False
2023-04-12,2023-04-11,2023-03-31,0.06020314463176575,0.8,,1.6659955566222147,42511693.50372689,0.0,63831797.49627311,63831797.49627311,0,False
2023-04-13,2023-04-12,2023-03-31,0.06020314463176575,0.8,,1.6659970167185574,43200439.16627752,0.0,64865814.83372248,64865814.83372248,0,False
2023-04-14,2023-04-13,2023-03-31,0.06020314463176575,0.8,,1.6690278697231662,43204581.67414278,0.0,64578149.32585722,64578149.32585722,0,False
2023-04-17,2023-04-14,2023-03-31,0.06020314463176575,0.8,,1.6659993522451064,44850293.887358904,0.0,67342849.1126411,67342849.1126411,0,False
2023-04-18,2023-04-17,2023-03-31,0.06020314463176575,0.8,,1.6660000608958352,45152711.33406139,0.0,67796857.66593862,67796857.66593862,0,False
2023-04-19,2023-04-18,2023-03-31,0.06020314463176575,0.8,,1.6660000163896551,45539159.02681712,0.0,68377113.97318289,68377113.97318289,0,False
2023-04-20,2023-04-19,2023-03-31,0.06020314463176575,0.8,,1.6674666020891369,45543525.79549093,0.0,68233415.20450908,68233415.20450908,0,False
2023-04-21,2023-04-20,2023-03-31,0.06020314463176575,0.8,,1.6758081547739172,45547892.98289598,0.0,67397667.01710403,67397667.01710403,0,False
2023-04-24,2023-04-21,2023-03-31,0.06020314463176575,0.8,,1.6718347016630426,45560995.8014253,0.0,67815782.19857469,67815782.19857469,0,False
2023-04-25,2023-04-24,2023-03-31,0.06020314463176575,0.8,,1.6659979677540582,46181121.355076395,0.0,69341234.6449236,69341234.6449236,0,False
2023-04-26,2023-04-25,2023-03-31,0.06020314463176575,0.8,,1.6772978526981013,46185549.68178168,0.0,68190899.31821832,68190899.31821832,0,False
2023-04-27,2023-04-26,2023-03-31,0.06020314463176575,0.8,,1.6779810745696577,46189978.433121026,0.0,68128713.56687897,68128713.56687897,0,False
2023-04-28,2023-04-27,2023-03-31,0.06020314463176575,0.8,,1.6693894894995116,46194407.60913516,0.0,69009759.39086485,69009759.39086485,0,False
2023-05-04,2023-04-28,2023-04-28,0.05939595815170009,0.7333333333333333,,1.6660011095370457,49863914.79575302,0.0,74870618.20424698,74870618.20424698,0,False
2023-05-05,2023-05-04,2023-04-28,0.05939595815170009,0.7333333333333333,,1.6660002240700944,51180289.4292748,0.0,76847255.5707252,76847255.5707252,0,False
2023-05-08,2023-05-05,2023-04-28,0.05939595815170009,0.7333333333333333,,1.6660031319335598,56246854.167693906,0.0,84454338.83230609,84454338.83230609,0,False
2023-05-09,2023-05-08,2023-04-28,0.05939595815170009,0.7333333333333333,,1.6710018953640449,56252247.701655194,0.0,83833217.2983448,83833217.2983448,0,False
2023-05-10,2023-05-09,2023-04-28,0.05939595815170009,0.7333333333333333,,1.7173217837494006,56257641.75280467,0.0,78427343.24719533,78427343.24719533,0,False
2023-05-11,2023-05-10,2023-04-28,0.05939595815170009,0.7333333333333333,,1.7295081485526735,56263036.32119192,0.0,77124616.67880808,77124616.67880808,0,False
2023-05-12,2023-05-11,2023-04-28,0.05939595815170009,0.7333333333333333,,1.7374675090690903,56268431.40686656,0.0,76299539.59313345,76299539.59313345,0,False
2023-05-15,2023-05-12,2023-04-28,0.05939595815170009,0.7333333333333333,,1.7244601901221597,56284618.21590141,0.0,77691802.7840986,77691802.7840986,0,False
2023-05-16,2023-05-15,2023-04-28,0.05939595815170009,0.7333333333333333,,1.72406322869458,56290015.3710728,0.0,77741850.6289272,77741850.6289272,0,False
2023-05-17,2023-05-16,2023-04-28,0.05939595815170009,0.7333333333333333,,1.7343728901486686,56295413.04377961,0.0,76657803.95622039,76657803.95622039,0,False
2023-05-18,2023-05-17,2023-04-28,0.05939595815170009,0.7333333333333333,,1.720553368343691,56300811.23407148,0.0,78135518.76592852,78135518.76592852,0,False
2023-05-19,2023-05-18,2023-04-28,0.05939595815170009,0.7333333333333333,,1.7381685565281668,56306083.941998035,0.0,76278085.05800197,76278085.05800197,0,False
2023-05-22,2023-05-19,2023-04-28,0.05939595815170009,0.7333333333333333,,1.737505330227455,56322281.58258409,0.0,76368643.41741592,76368643.41741592,0,False
2023-05-23,2023-05-22,2023-04-28,0.05939595815170009,0.7333333333333333,,1.7599004425351314,56327682.34931119,0.0,74125081.65068881,74125081.65068881,0,False
2023-05-24,2023-05-23,2023-04-28,0.05939595815170009,0.7333333333333333,,1.792351267208168,56333083.63392003,0.0,71096098.36607997,71096098.36607997,0,False
2023-05-25,2023-05-24,2023-04-28,0.05939595815170009,0.7333333333333333,,1.78725888804543,56338485.436460264,0.0,71562844.56353974,71562844.56353974,0,False
2023-05-26,2023-05-25,2023-04-28,0.05939595815170009,0.7333333333333333,,1.773887751754386,56343887.75698157,0.0,72806279.24301843,72806279.24301843,0,False
2023-05-29,2023-05-26,2023-04-28,0.05939595815170009,0.7333333333333333,,1.7463411268391387,56360096.27263769,0.0,75515195.7273623,75515195.7273623,0,False
2023-05-30,2023-05-29,2023-04-28,0.05939595815170009,0.7333333333333333,,1.7623422013379324,56365500.665430956,0.0,73937269.33456904,73937269.33456904,0,False
2023-05-31,2023-05-30,2023-04-28,0.05939595815170009,0.7333333333333333,,1.7640755096785243,55552005.57645367,0.0,72704863.42354633,72704863.42354633,0,False
2023-06-01,2023-05-31,2023-05-31,0.06464130832570907,0.9,,1.7692971034311216,55557332.48109799,0.0,72218304.518902,72218304.518902,0,False
2023-06-02,2023-06-01,2023-05-31,0.06464130832570907,0.9,,1.7644666785869336,55562659.89654138,0.0,72681598.10345861,72681598.10345861,0,False
2023-06-05,2023-06-02,2023-05-31,0.06464130832570907,0.9,,1.7446550926609408,55578643.675415725,0.0,74636760.32458428,74636760.32458428,0,False
2023-06-06,2023-06-05,2023-05-31,0.06464130832570907,0.9,,1.748837854998317,55583973.1343983,0.0,74226980.8656017,74226980.8656017,0,False
2023-06-07,2023-06-06,2023-05-31,0.06464130832570907,0.9,,1.7381596190064277,55589303.10442488,0.0,75307970.89557512,75307970.89557512,0,False
2023-06-08,2023-06-07,2023-05-31,0.06464130832570907,0.9,,1.71488962291493,55594633.58554448,0.0,77766737.41445552,77766737.41445552,0,False
2023-06-09,2023-06-08,2023-05-31,0.06464130832570907,0.9,,1.7164336820086725,55599964.57780611,0.0,77606575.42219388,77606575.42219388,0,False
2023-06-12,2023-06-09,2023-05-31,0.06464130832570907,0.9,,1.7402494911669792,55615959.088164106,0.0,75131370.9118359,75131370.9118359,0,False
2023-06-13,2023-06-12,2023-05-31,0.06464130832570907,0.9,,1.737968320610884,55621292.125336945,0.0,75370839.87466305,75370839.87466305,0,False
2023-06-14,2023-06-13,2023-05-31,0.06464130832570907,0.9,,1.7598881983528103,55626625.67389691,0.0,73203697.32610309,73203697.32610309,0,False
2023-06-15,2023-06-14,2023-05-31,0.06464130832570907,0.9,,1.7538520412428555,55631959.73389304,0.0,73796921.26610696,73796921.26610696,0,False
2023-06-16,2023-06-15,2023-05-31,0.06464130832570907,0.9,,1.7629225856093678,55637294.30537437,0.0,72926526.69462563,72926526.69462563,0,False
2023-06-19,2023-06-16,2023-05-31,0.06464130832570907,0.9,,1.7809337947644606,55653299.55442112,0.0,71265067.44557887,71265067.44557887,0,False
2023-06-20,2023-06-19,2023-05-31,0.06464130832570907,0.9,,1.7884649247041422,55658636.17218661,0.0,70591137.82781339,70591137.82781339,0,False
2023-06-21,2023-06-20,2023-05-31,0.06464130832570907,0.9,,1.786698679677425,55663973.30168258,0.0,70756408.69831742,70756408.69831742,0,False
2023-06-26,2023-06-21,2023-05-31,0.06464130832570907,0.9,,1.8120348923939353,55690661.5080601,0.0,68581611.4919399,68581611.4919399,0,False
2023-06-27,2023-06-26,2023-05-31,0.06464130832570907,0.9,,1.7871515832477791,55694402.753756434,0.0,70754355.24624357,70754355.24624357,0,False
2023-06-28,2023-06-27,2023-05-31,0.06464130832570907,0.9,,1.778904407714605,55507060.512924604,0.0,71262994.48707539,71262994.48707539,0,False
2023-06-29,2023-06-28,2023-05-31,0.06464130832570907,0.9,,1.7844541677960304,55512383.10776831,0.0,70765616.89223169,70765616.89223169,0,False
2023-06-30,2023-06-29,2023-05-31,0.06464130832570907,0.9,,1.7716502764456483,55517706.212997824,0.0,71946719.78700218,71946719.78700218,0,False
2023-07-03,2023-06-30,2023-06-30,0.06480670282588878,0.9,,1.7522177658728384,55533677.05999061,0.0,73826595.94000939,73826595.94000939,0,False
2023-07-04,2023-07-03,2023-06-30,0.06480670282588878,0.9,,1.764702009460394,55539002.20710595,0.0,72628293.79289405,72628293.79289405,0,False
2023-07-05,2023-07-04,2023-06-30,0.06480670282588878,0.9,,1.7649323573260305,55544327.86485184,0.0,72613385.13514817,72613385.13514817,0,False
2023-07-06,2023-07-05,2023-06-30,0.06480670282588878,0.9,,1.7577579848732323,54429903.033277236,0.0,71830193.96672276,71830193.96672276,0,False
2023-07-07,2023-07-06,2023-06-30,0.06480670282588878,0.9,,1.7544110961867032,54435122.33904755,0.0,72155781.66095245,72155781.66095245,0,False
2023-07-10,2023-07-07,2023-06-30,0.06480670282588878,0.9,,1.7490312987609,54450781.75780262,0.0,72694935.24219738,72694935.24219738,0,False
2023-07-11,2023-07-10,2023-06-30,0.06480670282588878,0.9,,1.741705501885587,54456003.06564241,0.0,73419979.93435758,73419979.93435758,0,False
2023-07-12,2023-07-11,2023-06-30,0.06480670282588878,0.9,,1.7019595870407627,51718481.27415555,0.0,73677291.72584444,73677291.72584444,0,False
2023-07-13,2023-07-12,2023-06-30,0.06480670282588878,0.9,,1.6861943404854631,51723440.5805791,0.0,75377247.4194209,75377247.4194209,0,False
2023-07-14,2023-07-13,2023-06-30,0.06480670282588878,0.9,,1.6769470472506884,51518267.03855258,0.0,76103835.96144742,76103835.96144742,0,False
2023-07-17,2023-07-14,2023-06-30,0.06480670282588878,0.9,,1.6659982877974955,50409313.718543135,214.48913590375855,75689532.77059278,75689532.77059278,0,False
2023-07-18,2023-07-17,2023-06-30,0.06480670282588878,0.9,,1.674061889752817,50413510.81921586,0.0,74790626.18078414,74790626.18078414,0,False
2023-07-19,2023-07-18,2023-06-30,0.06480670282588878,0.9,,1.6682493950672834,50418344.99148619,0.0,75448396.00851381,75448396.00851381,0,False
2023-07-20,2023-07-19,2023-06-30,0.06480670282588878,0.9,,1.6674538389671267,50423179.627307296,0.0,75545568.3726927,75545568.3726927,0,False
2023-07-21,2023-07-20,2023-06-30,0.06480670282588878,0.9,,1.6695214728990087,50428014.72672361,0.0,75319488.27327639,75319488.27327639,0,False
2023-07-24,2023-07-21,2023-06-30,0.06480670282588878,0.9,,1.6760338739973428,50442521.41589157,0.0,74615375.58410843,74615375.58410843,0,False
2023-07-25,2023-07-24,2023-06-30,0.06480670282588878,0.9,,1.6660004087668727,50924418.735629946,0.0,76463044.26437005,76463044.26437005,0,False
2023-07-26,2023-07-25,2023-06-30,0.06480670282588878,0.9,,1.666659883892313,50929301.89907035,0.0,76394730.10092965,76394730.10092965,0,False
2023-07-27,2023-07-26,2023-06-30,0.06480670282588878,0.9,,1.6659959569133316,51391321.7639693,0.0,77164615.2360307,77164615.2360307,0,False
2023-07-28,2023-07-27,2023-06-30,0.06480670282588878,0.9,,1.6660005227245889,52879109.70185297,0.0,79398000.29814702,79398000.29814702,0,False
2023-07-31,2023-07-28,2023-06-30,0.06480670282588878,0.9,,1.665999741259653,53120318.31020433,0.0,79760268.68979567,79760268.68979567,0,False
2023-08-01,2023-07-31,2023-07-31,0.06143116901408452,0.8166666666666667,,1.6659956695094076,53305162.71601736,0.0,80038302.28398263,80038302.28398263,0,False
2023-08-02,2023-08-01,2023-07-31,0.06143116901408452,0.8166666666666667,,1.6900262848992769,53310274.16997643,0.0,77258323.83002357,77258323.83002357,0,False
2023-08-03,2023-08-02,2023-07-31,0.06143116901408452,0.8166666666666667,,1.6819844983721166,53315386.114074916,0.0,78176829.88592508,78176829.88592508,0,False
2023-08-04,2023-08-03,2023-07-31,0.06143116901408452,0.8166666666666667,,1.6795679920277633,53320498.548359826,0.0,78462345.45164017,78462345.45164017,0,False
2023-08-07,2023-08-04,2023-07-31,0.06143116901408452,0.8166666666666667,,1.688365663901059,53335837.32191484,0.0,77481838.67808516,77481838.67808516,0,False
2023-08-08,2023-08-07,2023-07-31,0.06143116901408452,0.8166666666666667,,1.6956120199483362,53340951.71727447,0.0,76682044.28272553,76682044.28272553,0,False
2023-08-09,2023-08-08,2023-07-31,0.06143116901408452,0.8166666666666667,,1.6660214263000461,51023642.21436498,28.365869401748796,76609568.15150443,76609568.15150443,0,False
2023-08-10,2023-08-09,2023-07-31,0.06143116901408452,0.8166666666666667,,1.666021352730508,51355074.970186144,0.0,77107250.02981386,77107250.02981386,0,False
2023-08-11,2023-08-10,2023-07-31,0.06143116901408452,0.8166666666666667,,1.6660302426895415,49894150.95199972,103.45135986059904,74912585.49936014,74912585.49936014,0,False
2023-08-14,2023-08-11,2023-07-31,0.06143116901408452,0.8166666666666667,,1.6771140443287824,49908400.61255755,0.0,73707525.38744244,73707525.38744244,0,False
2023-08-15,2023-08-14,2023-07-31,0.06143116901408452,0.8166666666666667,,1.665998528796801,50546603.01777259,0.0,75895967.98222741,75895967.98222741,0,False
2023-08-16,2023-08-15,2023-07-31,0.06143116901408452,0.8166666666666667,,1.6713103889825065,50551449.95230854,0.0,75302648.04769146,75302648.04769146,0,False
2023-08-17,2023-08-16,2023-07-31,0.06143116901408452,0.8166666666666667,,1.6804953042909547,50556297.351619035,0.0,74293381.64838096,74293381.64838096,0,False
2023-08-18,2023-08-17,2023-07-31,0.06143116901408452,0.8166666666666667,,1.677950842410137,50561145.215748645,0.0,74579367.78425136,74579367.78425136,0,False
2023-08-21,2023-08-18,2023-07-31,0.06143116901408452,0.8166666666666667,,1.6930363336447019,50575690.20272852,0.0,72976967.79727149,72976967.79727149,0,False
2023-08-22,2023-08-21,2023-07-31,0.06143116901408452,0.8166666666666667,,1.6783226485230613,50580539.92644659,0.0,74567081.07355341,74567081.07355341,0,False
2023-08-23,2023-08-22,2023-07-31,0.06143116901408452,0.8166666666666667,,1.6735457169347674,50585390.11520666,0.0,75103127.88479334,75103127.88479334,0,False
2023-08-24,2023-08-23,2023-07-31,0.06143116901408452,0.8166666666666667,,1.6826749369671217,50590240.769053325,0.0,74105900.23094667,74105900.23094667,0,False
2023-08-25,2023-08-24,2023-07-31,0.06143116901408452,0.8166666666666667,,1.6795619448088908,50595091.88803118,0.0,74452509.11196882,74452509.11196882,0,False
2023-08-28,2023-08-25,2023-07-31,0.06143116901408452,0.8166666666666667,,1.6663543263219642,50609646.64049212,0.0,75950053.35950789,75950053.35950789,0,False
2023-08-29,2023-08-28,2023-07-31,0.06143116901408452,0.8166666666666667,,1.6751899073130048,50614499.62030696,0.0,74963353.37969303,74963353.37969303,0,False
2023-08-30,2023-08-29,2023-07-31,0.06143116901408452,0.8166666666666667,,1.6660186904670746,49538985.382392965,313.7817969350144,74380302.39940396,74380302.39940396,0,False
2023-08-31,2023-08-30,2023-07-31,0.06143116901408452,0.8166666666666667,,1.6665129226452158,49543421.91426284,0.0,74332275.08573717,74332275.08573717,0,False
2023-09-01,2023-08-31,2023-08-31,0.06541681073703366,0.9,,1.6659967524469104,50137955.47648051,0.0,75282582.52351949,75282582.52351949,0,False
2023-09-04,2023-09-01,2023-08-31,0.06541681073703366,0.9,,1.666001002076748,51232992.531846344,0.0,76926299.46815366,76926299.46815366,0,False
2023-09-05,2023-09-04,2023-08-31,0.06541681073703366,0.9,,1.670560747616362,51237905.28455488,0.0,76410534.71544513,76410534.71544513,0,False
2023-09-06,2023-09-05,2023-08-31,0.06541681073703366,0.9,,1.669135413067433,51242818.508349285,0.0,76580640.49165072,76580640.49165072,0,False
2023-09-07,2023-09-06,2023-08-31,0.06541681073703366,0.9,,1.6670673196753643,51247732.20327474,0.0,76825427.79672526,76825427.79672526,0,False
2023-09-08,2023-09-07,2023-08-31,0.06541681073703366,0.9,,1.6788115784588966,51252646.36937643,0.0,75503494.63062358,75503494.63062358,0,False
2023-09-11,2023-09-08,2023-08-31,0.06541681073703366,0.9,,1.673086894633285,51267390.2813457,0.0,76167565.7186543,76167565.7186543,0,False
2023-09-12,2023-09-11,2023-08-31,0.06541681073703366,0.9,,1.6780824574114361,51272306.33246857,0.0,75613674.66753143,75613674.66753143,0,False
2023-09-13,2023-09-12,2023-08-31,0.06541681073703366,0.9,,1.6694255432617577,51277222.854993604,0.0,76598844.14500639,76598844.14500639,0,False
2023-09-14,2023-09-13,2023-08-31,0.06541681073703366,0.9,,1.6659995470125952,52377237.203486,0.0,78644553.796514,78644553.796514,0,False
2023-09-15,2023-09-14,2023-08-31,0.06541681073703366,0.9,,1.6725324095401846,52382259.67828634,0.0,77888082.32171366,77888082.32171366,0,False
2023-09-18,2023-09-15,2023-08-31,0.06541681073703366,0.9,,1.6748512816239605,52397328.54750886,0.0,77642778.45249113,77642778.45249113,0,False
2023-09-19,2023-09-18,2023-08-31,0.06541681073703366,0.9,,1.6691735914361205,52402352.948876426,0.0,78309057.05112357,78309057.05112357,0,False
2023-09-20,2023-09-19,2023-08-31,0.06541681073703366,0.9,,1.665996667063877,52562572.90161591,0.0,78923177.09838408,78923177.09838408,0,False
2023-09-21,2023-09-20,2023-08-31,0.06541681073703366,0.9,,1.6688776630135849,52567613.14833251,0.0,78590773.8516675,78590773.8516675,0,False
2023-09-22,2023-09-21,2023-08-31,0.06541681073703366,0.9,,1.6699064930231464,52572653.87836043,0.0,78477600.12163958,78477600.12163958,0,False
2023-09-25,2023-09-22,2023-08-31,0.06541681073703366,0.9,,1.667117331747099,52587777.51851722,0.0,78828378.48148277,78828378.48148277,0,False
2023-09-26,2023-09-25,2023-08-31,0.06541681073703366,0.9,,1.6696199533659686,52592820.182114884,0.0,78541297.81788512,78541297.81788512,0,False
2023-09-27,2023-09-26,2023-08-31,0.06541681073703366,0.9,,1.6747874201973183,52597863.32925563,0.0,77947308.67074436,77947308.67074436,0,False
2023-09-28,2023-09-27,2023-08-31,0.06541681073703366,0.9,,1.670932801593699,52602906.95998584,0.0,78402646.04001416,78402646.04001416,0,False
2023-10-09,2023-09-28,2023-09-28,0.06524532014719413,0.8833333333333333,,1.671450051037326,52658392.218012124,0.0,78424883.78198788,78424883.78198788,0,False
2023-10-10,2023-10-09,2023-09-28,0.06524532014719413,0.8833333333333333,,1.678875775994252,52663441.652882345,0.0,77574489.34711766,77574489.34711766,0,False
2023-10-11,2023-10-10,2023-09-28,0.06524532014719413,0.8833333333333333,,1.6861690245991,52668491.57194495,0.0,76757314.42805505,76757314.42805505,0,False
2023-10-12,2023-10-11,2023-09-28,0.06524532014719413,0.8833333333333333,,1.6659963697226454,52812813.29340637,0.0,79298950.70659363,79298950.70659363,0,False
2023-10-13,2023-10-12,2023-09-28,0.06524532014719413,0.8833333333333333,,1.6659995363468656,53555888.70807697,0.0,80414303.29192303,80414303.29192303,0,False
2023-10-16,2023-10-13,2023-09-28,0.06524532014719413,0.8833333333333333,,1.6659986002856713,53837189.39470942,0.0,80836790.60529058,80836790.60529058,0,False
2023-10-17,2023-10-16,2023-09-28,0.06524532014719413,0.8833333333333333,,1.6659970592727291,54247822.46178535,0.0,81453546.53821465,81453546.53821465,0,False
2023-10-18,2023-10-17,2023-09-28,0.06524532014719413,0.8833333333333333,,1.6660001586698403,54236278.365881965,6.9424671227985755,81435823.57658516,81435823.57658516,0,False
2023-10-19,2023-10-18,2023-09-28,0.06524532014719413,0.8833333333333333,,1.6817584170350788,54240769.52351622,0.0,79560102.47648378,79560102.47648378,0,False
2023-10-20,2023-10-19,2023-09-28,0.06524532014719413,0.8833333333333333,,1.6867036373490056,54245970.69319656,0.0,78994733.30680344,78994733.30680344,0,False
2023-10-23,2023-10-20,2023-09-28,0.06524532014719413,0.8833333333333333,,1.6990835158518243,54261575.69846446,0.0,77618159.30153555,77618159.30153555,0,False
2023-10-24,2023-10-23,2023-09-28,0.06524532014719413,0.8833333333333333,,1.7047198235674232,54266778.86325747,0.0,77004757.13674253,77004757.13674253,0,False
2023-10-25,2023-10-24,2023-09-28,0.06524532014719413,0.8833333333333333,,1.702747155377373,54271982.52698408,0.0,77228320.47301592,77228320.47301592,0,False
2023-10-26,2023-10-25,2023-09-28,0.06524532014719413,0.8833333333333333,,1.6888259004443964,54277186.68969215,0.0,78796669.31030786,78796669.31030786,0,False
2023-10-27,2023-10-26,2023-09-28,0.06524532014719413,0.8833333333333333,,1.6890120855438688,54282391.351429515,0.0,78782930.64857048,78782930.64857048,0,False
2023-10-30,2023-10-27,2023-09-28,0.06524532014719413,0.8833333333333333,,1.710548787780622,54298006.83387308,0.0,76417000.16612692,76417000.16612692,0,False
2023-10-31,2023-10-30,2023-09-28,0.06524532014719413,0.8833333333333333,,1.701422318087153,54303213.49206263,0.0,77418713.50793737,77418713.50793737,0,False
2023-11-01,2023-10-31,2023-10-31,0.06704696240601503,0.9666666666666667,,1.6987131455520008,54308420.64952077,0.0,77726347.35047923,77726347.35047923,0,False
2023-11-02,2023-11-01,2023-10-31,0.06704696240601503,0.9666666666666667,,1.6951577735597976,54313628.30629538,0.0,78131368.69370462,78131368.69370462,0,False
2023-11-03,2023-11-02,2023-10-31,0.06704696240601503,0.9666666666666667,,1.7045426657936011,54318836.46243434,0.0,77098008.53756566,77098008.53756566,0,False
2023-11-06,2023-11-03,2023-10-31,0.06704696240601503,0.9666666666666667,,1.717210626665656,54334462.429087915,0.0,75758027.5709121,75758027.5709121,0,False
2023-11-07,2023-11-06,2023-10-31,0.06704696240601503,0.9666666666666667,,1.7086661430911139,54339672.58301947,0.0,76678804.41698053,76678804.41698053,0,False
2023-11-08,2023-11-07,2023-10-31,0.06704696240601503,0.9666666666666667,,1.7152481494024943,54344883.23655483,0.0,75980459.76344517,75980459.76344517,0,False
2023-11-09,2023-11-08,2023-10-31,0.06704696240601503,0.9666666666666667,,1.701013327677722,54350094.3897419,0.0,77530757.6102581,77530757.6102581,0,False
2023-11-10,2023-11-09,2023-10-31,0.06704696240601503,0.9666666666666667,,1.6997045690606323,54355306.04262859,0.0,77683222.95737141,77683222.95737141,0,False
2023-11-13,2023-11-10,2023-10-31,0.06704696240601503,0.9666666666666667,,1.7039223532197345,54370942.50053126,0.0,77239971.49946874,77239971.49946874,0,False
2023-11-14,2023-11-13,2023-10-31,0.06704696240601503,0.9666666666666667,,1.7045229301501799,54376156.15255186,0.0,77181527.84744814,77181527.84744814,0,False
2023-11-15,2023-11-14,2023-10-31,0.06704696240601503,0.9666666666666667,,1.6973507969380426,54381370.304511696,0.0,77982803.6954883,77982803.6954883,0,False
2023-11-16,2023-11-15,2023-10-31,0.06704696240601503,0.9666666666666667,,1.6918990130696152,54386584.9564587,0.0,78604802.0435413,78604802.0435413,0,False
2023-11-17,2023-11-16,2023-10-31,0.06704696240601503,0.9666666666666667,,1.6984846592943392,54391800.10844083,0.0,77871144.89155917,77871144.89155917,0,False
2023-11-20,2023-11-17,2023-10-31,0.06704696240601503,0.9666666666666667,,1.6934003251940806,54407447.06463641,0.0,78464697.93536359,78464697.93536359,0,False
2023-11-21,2023-11-20,2023-10-31,0.06704696240601503,0.9666666666666667,,1.6907143363802366,54412664.21709466,0.0,78777377.78290534,78777377.78290534,0,False
2023-11-22,2023-11-21,2023-10-31,0.06704696240601503,0.9666666666666667,,1.6912549050089698,54417881.86982781,0.0,78723321.1301722,78723321.1301722,0,False
2023-11-23,2023-11-22,2023-10-31,0.06704696240601503,0.9666666666666667,,1.6901917423867963,54423100.02288382,0.0,78852145.97711618,78852145.97711618,0,False
2023-11-24,2023-11-23,2023-10-31,0.06704696240601503,0.9666666666666667,,1.6882216357790087,54428318.676310666,0.0,79085451.32368934,79085451.32368934,0,False
2023-11-27,2023-11-24,2023-10-31,0.06704696240601503,0.9666666666666667,,1.6776800666485807,54443976.137847684,0.0,80338759.86215231,80338759.86215231,0,False
2023-11-28,2023-11-27,2023-10-31,0.06704696240601503,0.9666666666666667,,1.681383226256286,54449196.79309378,0.0,79909799.20690623,79909799.20690623,0,False
2023-11-29,2023-11-28,2023-10-31,0.06704696240601503,0.9666666666666667,,1.678727990126674,54454417.94895065,0.0,80230105.05104935,80230105.05104935,0,False
2023-11-30,2023-11-29,2023-10-31,0.06704696240601503,0.9666666666666667,,1.6668582847009066,54459639.6054663,0.0,81665986.3945337,81665986.3945337,0,False
2023-12-01,2023-11-30,2023-11-30,0.06873984732824426,0.9833333333333333,,1.6659971858472258,54520933.92994874,0.0,81863610.07005125,81863610.07005125,0,False
2023-12-04,2023-12-01,2023-11-30,0.06873984732824426,0.9833333333333333,,1.6659997033536011,54763176.95296995,0.0,82227029.04703005,82227029.04703005,0,False
2023-12-05,2023-12-04,2023-11-30,0.06873984732824426,0.9833333333333333,,1.6757127383983967,54768428.21651339,0.0,81052827.7834866,81052827.7834866,0,False
2023-12-06,2023-12-05,2023-11-30,0.06873984732824426,0.9833333333333333,,1.6842893287280616,54773679.98360264,0.0,80044621.01639736,80044621.01639736,0,False
2023-12-07,2023-12-06,2023-11-30,0.06873984732824426,0.9833333333333333,,1.6827737490975418,54778932.254286,0.0,80229991.74571401,80229991.74571401,0,False
2023-12-08,2023-12-07,2023-11-30,0.06873984732824426,0.9833333333333333,,1.6821514554917887,54784185.02861175,0.0,80310881.97138825,80310881.97138825,0,False
2023-12-11,2023-12-08,2023-11-30,0.06873984732824426,0.9833333333333333,,1.6824541905454813,54799944.86266108,0.0,80298349.13733892,80298349.13733892,0,False
2023-12-12,2023-12-11,2023-11-30,0.06873984732824426,0.9833333333333333,,1.6723164277723346,54805199.65189449,0.0,81516972.34810552,81516972.34810552,0,False
2023-12-13,2023-12-12,2023-11-30,0.06873984732824426,0.9833333333333333,,1.6780866459833401,54810454.945011795,0.0,80831049.0549882,80831049.0549882,0,False
2023-12-14,2023-12-13,2023-11-30,0.06873984732824426,0.9833333333333333,,1.678979779025773,54815710.74206132,0.0,80732464.25793868,80732464.25793868,0,False
2023-12-15,2023-12-14,2023-11-30,0.06873984732824426,0.9833333333333333,,1.6927139063053036,54820967.04309138,0.0,79139405.95690861,79139405.95690861,0,False
2023-12-18,2023-12-15,2023-11-30,0.06873984732824426,0.9833333333333333,,1.6845861865009129,54836737.45826816,0.0,80102021.54173183,80102021.54173183,0,False
2023-12-19,2023-12-18,2023-11-30,0.06873984732824426,0.9833333333333333,,1.6876287023032326,54841995.77555868,0.0,79755245.22444132,79755245.22444132,0,False
2023-12-20,2023-12-19,2023-11-30,0.06873984732824426,0.9833333333333333,,1.6815372278489105,54847254.5970714,0.0,80475801.40292859,80475801.40292859,0,False
2023-12-21,2023-12-20,2023-11-30,0.06873984732824426,0.9833333333333333,,1.6865095316058596,54852513.922854684,0.0,79900586.07714531,79900586.07714531,0,False
2023-12-22,2023-12-21,2023-11-30,0.06873984732824426,0.9833333333333333,,1.6795127315096092,54857773.752956875,0.0,80731046.24704313,80731046.24704313,0,False
2023-12-25,2023-12-22,2023-11-30,0.06873984732824426,0.9833333333333333,,1.6755179172787242,54873554.75636526,0.0,81231827.24363473,81231827.24363473,0,False
2023-12-26,2023-12-25,2023-11-30,0.06873984732824426,0.9833333333333333,,1.6750389497980653,54878816.60408162,0.0,81297259.39591837,81297259.39591837,0,False
2023-12-27,2023-12-26,2023-11-30,0.06873984732824426,0.9833333333333333,,1.6698139839410022,54884078.95635872,0.0,81939285.04364127,81939285.04364127,0,False
2023-12-28,2023-12-27,2023-11-30,0.06873984732824426,0.9833333333333333,,1.6793734040845067,54889341.81324495,0.0,80794069.18675506,80794069.18675506,0,False
2023-12-29,2023-12-28,2023-11-30,0.06873984732824426,0.9833333333333333,,1.6802416164923133,54894605.17478868,0.0,80698686.82521132,80698686.82521132,0,False
2024-01-02,2023-12-29,2023-12-29,0.07078611368015414,0.9833333333333333,,1.6666534798328685,54915660.639787234,0.0,82375120.36021277,82375120.36021277,0,False
2024-01-03,2024-01-02,2023-12-29,0.07078611368015414,0.9833333333333333,,1.6659985633774033,55750672.68455406,0.0,83709899.31544593,83709899.31544593,0,False
2024-01-04,2024-01-03,2023-12-29,0.07078611368015414,0.9833333333333333,,1.66599962699574,56876155.81485902,0.0,85399681.18514098,85399681.18514098,0,False
2024-01-05,2024-01-04,2023-12-29,0.07078611368015414,0.9833333333333333,,1.667882380406934,56881609.692813866,0.0,85167106.30718613,85167106.30718613,0,False
2024-01-08,2024-01-05,2023-12-29,0.07078611368015414,0.9833333333333333,,1.6715004639537103,56897972.89560221,0.0,84732589.10439779,84732589.10439779,0,False
2024-01-09,2024-01-08,2023-12-29,0.07078611368015414,0.9833333333333333,,1.6705279061021832,56903428.8656059,0.0,84863625.13439411,84863625.13439411,0,False
2024-01-10,2024-01-09,2023-12-29,0.07078611368015414,0.9833333333333333,,1.6800639490453442,56908885.358784795,0.0,83681667.6412152,83681667.6412152,0,False
2024-01-11,2024-01-10,2023-12-29,0.07078611368015414,0.9833333333333333,,1.6949027241662422,56914342.37518906,0.0,81902603.62481093,81902603.62481093,0,False
2024-01-12,2024-01-11,2023-12-29,0.07078611368015414,0.9833333333333333,,1.6660223482143117,55857586.55669734,61.72274847050414,83867343.16605112,83867343.16605112,0,False
2024-01-15,2024-01-12,2023-12-29,0.07078611368015414,0.9833333333333333,,1.66599735978716,56167853.81981915,0.0,84336451.18018085,84336451.18018085,0,False
2024-01-16,2024-01-15,2023-12-29,0.07078611368015414,0.9833333333333333,,1.6659981187065747,56421658.99497461,0.0,84717445.00502539,84717445.00502539,0,False
2024-01-17,2024-01-16,2023-12-29,0.07078611368015414,0.9833333333333333,,1.6757514609104793,56427069.291042626,0.0,83502696.70895737,83502696.70895737,0,False
2024-01-18,2024-01-17,2023-12-29,0.07078611368015414,0.9833333333333333,,1.6660210591042965,54839348.3534665,126.59564035220308,82338570.24217385,82338570.24217385,0,False
2024-01-19,2024-01-18,2023-12-29,0.07078611368015414,0.9833333333333333,,1.6660212055783408,54113518.09723268,174.613896194247,81248679.51666352,81248679.51666352,0,False
2024-01-22,2024-01-19,2023-12-29,0.07078611368015414,0.9833333333333333,,1.6660225714634622,52807259.62305533,17.628972518749038,79287466.00591719,79287466.00591719,0,False
2024-01-23,2024-01-22,2023-12-29,0.07078611368015414,0.9833333333333333,,1.666022009081615,53286682.77741969,0.0,80007390.22258031,80007390.22258031,0,False
2024-01-24,2024-01-23,2023-12-29,0.07078611368015414,0.9833333333333333,,1.6660254864587614,55025990.012959845,0.0,82618444.98704016,82618444.98704016,0,False
2024-01-25,2024-01-24,2023-12-29,0.07078611368015414,0.9833333333333333,,1.6660014629219557,58045549.9852256,0.0,87155289.0147744,87155289.0147744,0,False
2024-01-26,2024-01-25,2023-12-29,0.07078611368015414,0.9833333333333333,,1.6660009169322318,59191750.34430802,0.0,88876379.65569198,88876379.65569198,0,False
2024-01-29,2024-01-26,2023-12-29,0.07078611368015414,0.9833333333333333,,1.6659995455568453,60152801.9393057,0.0,90319584.0606943,90319584.0606943,0,False
2024-01-30,2024-01-29,2023-12-29,0.07078611368015414,0.9833333333333333,,1.6813876479769108,60158570.01620399,0.0,88288318.983796,88288318.983796,0,False
2024-01-31,2024-01-30,2023-12-29,0.07078611368015414,0.9833333333333333,,1.681568309778899,60164338.646205544,0.0,88273380.35379446,88273380.35379446,0,False
2024-02-01,2024-01-31,2024-01-31,0.0740951968503937,0.9833333333333333,,1.695746631183886,60170107.8293634,0.0,86482787.1706366,86482787.1706366,0,False
2024-02-02,2024-02-01,2024-01-31,0.0740951968503937,0.9833333333333333,,1.6964197932002667,60175877.565730594,0.0,86407477.4342694,86407477.4342694,0,False
2024-02-05,2024-02-02,2024-01-31,0.0740951968503937,0.9833333333333333,,1.6660277829777328,58647519.4845435,201.76535413550891,88055362.28081062,88055362.28081062,0,False
2024-02-06,2024-02-05,2024-01-31,0.0740951968503937,0.9833333333333333,,1.6660010954341107,60953806.521254465,0.0,91522081.47874554,91522081.47874554,0,False
2024-02-07,2024-02-06,2024-01-31,0.0740951968503937,0.9833333333333333,,1.665999638344167,63073776.8806913,0.0,94705422.11930871,94705422.11930871,0,False
2024-02-08,2024-02-07,2024-01-31,0.0740951968503937,0.9833333333333333,,1.6806853757378541,63079825.05107712,0.0,92671044.94892287,92671044.94892287,0,False
2024-02-19,2024-02-08,2024-01-31,0.0740951968503937,0.9833333333333333,,1.6659992880463013,65029500.29136812,0.0,97641996.70863187,97641996.70863187,0,False
2024-02-20,2024-02-19,2024-01-31,0.0740951968503937,0.9833333333333333,,1.6659993622615925,65720541.20662551,0.0,98679585.7933745,98679585.7933745,0,False
2024-02-21,2024-02-20,2024-01-31,0.0740951968503937,0.9833333333333333,,1.6659994032287901,65787081.63460026,0.0,98779490.36539975,98779490.36539975,0,False
2024-02-22,2024-02-21,2024-01-31,0.0740951968503937,0.9833333333333333,,1.6659989002420992,67565438.74778399,0.0,101449775.25221601,101449775.25221601,0,False
2024-02-23,2024-02-22,2024-01-31,0.0740951968503937,0.9833333333333333,,1.6659985720419217,68164551.75111213,0.0,102349396.24888787,102349396.24888787,0,False
2024-02-26,2024-02-23,2024-01-31,0.0740951968503937,0.9833333333333333,,1.686973164488571,68184160.73175286,0.0,99253019.26824714,99253019.26824714,0,False
2024-02-27,2024-02-26,2024-01-31,0.0740951968503937,0.9833333333333333,,1.6787285912171213,68190698.9389463,0.0,100468287.0610537,100468287.0610537,0,False
2024-02-28,2024-02-27,2024-01-31,0.0740951968503937,0.9833333333333333,,1.6866470002860963,68197237.77309114,0.0,99319210.22690886,99319210.22690886,0,False
2024-02-29,2024-02-28,2024-01-31,0.0740951968503937,0.9833333333333333,,1.6786759120812067,68203777.23424746,0.0,100495355.76575254,100495355.76575254,0,False
2024-03-01,2024-02-29,2024-02-29,0.06828402841429881,0.9333333333333333,,1.6699287280916812,68210317.3224754,0.0,101817274.6775246,101817274.6775246,0,False
2024-03-04,2024-03-01,2024-02-29,0.06828402841429881,0.9333333333333333,,1.6659988638108683,69873640.25575447,0.0,104915554.74424553,104915554.74424553,0,False
2024-03-05,2024-03-04,2024-02-29,0.06828402841429881,0.9333333333333333,,1.665998821626533,70704759.14391379,0.0,106163489.85608621,106163489.85608621,0,False
2024-03-06,2024-03-05,2024-02-29,0.06828402841429881,0.9333333333333333,,1.6690367114936935,70711539.05232485,0.0,105691567.94767515,105691567.94767515,0,False
2024-03-07,2024-03-06,2024-02-29,0.06828402841429881,0.9333333333333333,,1.6660005417356731,72101404.67734411,0.0,108260279.32265589,108260279.32265589,0,False
2024-03-08,2024-03-07,2024-02-29,0.06828402841429881,0.9333333333333333,,1.6659993740374728,73340038.92846934,0.0,110120282.07153066,110120282.07153066,0,False
2024-03-11,2024-03-08,2024-02-29,0.06828402841429881,0.9333333333333333,,1.6867252025438662,73361136.74788712,0.0,106827500.25211288,106827500.25211288,0,False
2024-03-12,2024-03-11,2024-02-29,0.06828402841429881,0.9333333333333333,,1.7236523650994826,73368171.37743829,0.0,101385934.62256171,101385934.62256171,0,False
2024-03-13,2024-03-12,2024-02-29,0.06828402841429881,0.9333333333333333,,1.6663538592318972,68256638.91366297,0.0,102433021.08633703,102433021.08633703,0,False
2024-03-14,2024-03-13,2024-02-29,0.06828402841429881,0.9333333333333333,,1.6660234374657903,68922856.39121908,0.0,103484130.60878092,103484130.60878092,0,False
2024-03-15,2024-03-14,2024-02-29,0.06828402841429881,0.9333333333333333,,1.6660027984683496,69027785.67283289,0.0,103644888.32716711,103644888.32716711,0,False
2024-03-18,2024-03-15,2024-02-29,0.06828402841429881,0.9333333333333333,,1.6767125959261173,69038169.37953015,0.0,102019926.62046985,102019926.62046985,0,False
2024-03-19,2024-03-18,2024-02-29,0.06828402841429881,0.9333333333333333,,1.6825769665257078,69044789.4779638,0.0,101153119.5220362,101153119.5220362,0,False
2024-03-20,2024-03-19,2024-02-29,0.06828402841429881,0.9333333333333333,,1.6792127839168463,69051410.21120141,0.0,101663884.78879859,101663884.78879859,0,False
2024-03-21,2024-03-20,2024-02-29,0.06828402841429881,0.9333333333333333,,1.6719981724611992,69058031.57930386,0.0,102765207.42069614,102765207.42069614,0,False
2024-03-22,2024-03-21,2024-02-29,0.06828402841429881,0.9333333333333333,,1.6783583829281472,69064653.58233202,0.0,101811454.41766798,101811454.41766798,0,False
2024-03-25,2024-03-22,2024-02-29,0.06828402841429881,0.9333333333333333,,1.6659995507398242,69678118.65039624,0.0,104621870.34960376,104621870.34960376,0,False
2024-03-26,2024-03-25,2024-02-29,0.06828402841429881,0.9333333333333333,,1.671368939695321,69684800.11382847,0.0,103795090.88617153,103795090.88617153,0,False
2024-03-27,2024-03-26,2024-02-29,0.06828402841429881,0.9333333333333333,,1.6799553103160123,69691482.21794897,0.0,102494209.78205103,102494209.78205103,0,False
2024-03-28,2024-03-27,2024-02-29,0.06828402841429881,0.9333333333333333,,1.6775442596552845,69698164.96281919,0.0,102868800.03718081,102868800.03718081,0,False
2024-03-29,2024-03-28,2024-02-29,0.06828402841429881,0.9333333333333333,,1.6659991959539093,71830402.13370055,0.0,107853586.86629945,107853586.86629945,0,False
2024-04-01,2024-03-29,2024-03-29,0.06630506601248884,0.8833333333333333,,1.6659996051842658,74357453.59403037,0.0,111647894.40596963,111647894.40596963,0,False
2024-04-02,2024-04-01,2024-03-29,0.06630506601248884,0.8833333333333333,,1.6659994672207508,74434586.37971336,0.0,111763732.62028664,111763732.62028664,0,False
2024-04-03,2024-04-02,2024-03-29,0.06630506601248884,0.8833333333333333,,1.6660027347640285,78899531.07686087,0.0,118467277.92313913,118467277.92313913,0,False
2024-04-08,2024-04-03,2024-03-29,0.06630506601248884,0.8833333333333333,,1.6668266521164155,78937359.619158,0.0,118377631.380842,118377631.380842,0,False
2024-04-09,2024-04-08,2024-03-29,0.06630506601248884,0.8833333333333333,,1.673587135523682,78944928.95501189,0.0,117200767.04498811,117200767.04498811,0,False
2024-04-10,2024-04-09,2024-03-29,0.06630506601248884,0.8833333333333333,,1.6660009317575712,80423672.6707125,0.0,120756096.3292875,120756096.3292875,0,False
2024-04-11,2024-04-10,2024-03-29,0.06630506601248884,0.8833333333333333,,1.6659996979242275,82887455.56479572,0.0,124455695.43520428,124455695.43520428,0,False
2024-04-12,2024-04-11,2024-03-29,0.06630506601248884,0.8833333333333333,,1.666000408567269,83792698.12833317,0.0,125814784.87166683,125814784.87166683,0,False
2024-04-15,2024-04-12,2024-03-29,0.06630506601248884,0.8833333333333333,,1.6660023639790231,89197208.65664981,0.0,133929267.34335019,133929267.34335019,0,False
2024-04-16,2024-04-15,2024-03-29,0.06630506601248884,0.8833333333333333,,1.681935461687898,89205761.81364429,0.0,130812616.18635571,130812616.18635571,0,False
2024-04-17,2024-04-16,2024-03-29,0.06630506601248884,0.8833333333333333,,1.6660002641220983,89947826.3058045,0.0,135056742.6941955,135056742.6941955,0,False
2024-04-18,2024-04-17,2024-03-29,0.06630506601248884,0.8833333333333333,,1.683406930540921,89956451.43983383,0.0,131629410.56016617,131629410.56016617,0,False
2024-04-19,2024-04-18,2024-03-29,0.06630506601248884,0.8833333333333333,,1.6855951188794696,89965077.4009308,0.0,131221875.5990692,131221875.5990692,0,False
2024-04-22,2024-04-19,2024-03-29,0.06630506601248884,0.8833333333333333,,1.7052515951466616,89990957.76566258,0.0,127601211.23433742,127601211.23433742,0,False
2024-04-23,2024-04-22,2024-03-29,0.06630506601248884,0.8833333333333333,,1.7303202819813142,89999587.03558531,0.0,123233037.96441469,123233037.96441469,0,False
2024-04-24,2024-04-23,2024-03-29,0.06630506601248884,0.8833333333333333,,1.741780226477039,90008217.13297229,0.0,121340814.86702771,121340814.86702771,0,False
2024-04-25,2024-04-24,2024-03-29,0.06630506601248884,0.8833333333333333,,1.7258470208434282,90016848.05790284,0.0,124016280.94209716,124016280.94209716,0,False
2024-04-26,2024-04-25,2024-03-29,0.06630506601248884,0.8833333333333333,,1.7229682133504192,90025479.81045634,0.0,124522044.18954366,124522044.18954366,0,False
2024-04-29,2024-04-26,2024-03-29,0.06630506601248884,0.8833333333333333,,1.7031898808271757,90051377.55122373,0.0,128061253.44877627,128061253.44877627,0,False
2024-04-30,2024-04-29,2024-03-29,0.06630506601248884,0.8833333333333333,,1.691426049821441,90060012.61482453,0.0,130252559.38517547,130252559.38517547,0,False
2024-05-06,2024-04-30,2024-04-30,0.06295652278589853,0.7333333333333333,,1.6824450368383657,90111827.96454813,0.0,132042616.03545187,132042616.03545187,0,False
2024-05-07,2024-05-06,2024-04-30,0.06295652278589853,0.7333333333333333,,1.6684823501410422,90120468.82476391,0.0,134813535.1752361,134813535.1752361,0,False
2024-05-08,2024-05-07,2024-04-30,0.06295652278589853,0.7333333333333333,,1.6752200441591985,90129110.51355532,0.0,133481094.48644468,133481094.48644468,0,False
2024-05-09,2024-05-08,2024-04-30,0.06295652278589853,0.7333333333333333,,1.6660005744479216,92100261.83888182,0.0,138288562.16111818,138288562.16111818,0,False
2024-05-10,2024-05-09,2024-04-30,0.06295652278589853,0.7333333333333333,,1.6660001091039323,92643486.98128898,0.0,139104312.01871103,139104312.01871103,0,False
2024-05-13,2024-05-10,2024-04-30,0.06295652278589853,0.7333333333333333,,1.6659977153265986,92823356.5893769,0.0,139374887.4106231,139374887.4106231,0,False
2024-05-14,2024-05-13,2024-04-30,0.06295652278589853,0.7333333333333333,,1.6689158875254984,92831828.68052684,0.0,138779524.31947315,138779524.31947315,0,False
2024-05-15,2024-05-14,2024-04-30,0.06295652278589853,0.7333333333333333,,1.6886663976497196,92840730.36272907,0.0,134812342.63727093,134812342.63727093,0,False
2024-05-16,2024-05-15,2024-04-30,0.06295652278589853,0.7333333333333333,,1.6737109949676596,90559232.89851728,0.0,134418517.10148272,134418517.10148272,0,False
2024-05-17,2024-05-16,2024-04-30,0.06295652278589853,0.7333333333333333,,1.6659998958258,91419670.30272605,0.0,137266793.69727397,137266793.69727397,0,False
2024-05-20,2024-05-17,2024-04-30,0.06295652278589853,0.7333333333333333,,1.6660006977430502,96899132.89403121,0.0,145494041.10596877,145494041.10596877,0,False
2024-05-21,2024-05-20,2024-04-30,0.06295652278589853,0.7333333333333333,,1.6694215584807621,96908424.59170598,0.0,144764421.40829402,144764421.40829402,0,False
2024-05-22,2024-05-21,2024-04-30,0.06295652278589853,0.7333333333333333,,1.6659992573603135,98751443.68826546,0.0,148275606.31173456,148275606.31173456,0,False
2024-05-23,2024-05-22,2024-04-30,0.06295652278589853,0.7333333333333333,,1.6864409148703956,98760913.00478351,0.0,143873872.9952165,143873872.9952165,0,False
2024-05-24,2024-05-23,2024-04-30,0.06295652278589853,0.7333333333333333,,1.6819529074280133,98770383.22931822,0.0,144834609.7706818,144834609.7706818,0,False
2024-05-27,2024-05-24,2024-04-30,0.06295652278589853,0.7333333333333333,,1.6659998463904084,99397269.3712535,0.0,149245183.6287465,149245183.6287465,0,False
2024-05-28,2024-05-27,2024-04-30,0.06295652278589853,0.7333333333333333,,1.6776338244535542,99406800.6162617,0.0,146696928.38373828,146696928.38373828,0,False
2024-05-29,2024-05-28,2024-04-30,0.06295652278589853,0.7333333333333333,,1.6660023634157592,101625859.6456149,0.0,152590839.35438508,152590839.35438508,0,False
2024-05-30,2024-05-29,2024-04-30,0.06295652278589853,0.7333333333333333,,1.6953476568924806,101635604.59106037,0.0,146165164.40893963,146165164.40893963,0,False
2024-05-31,2024-05-30,2024-04-30,0.06295652278589853,0.7333333333333333,,1.6957211330069888,101645350.47095266,0.0,146100708.52904734,146100708.52904734,0,False
2024-06-03,2024-05-31,2024-05-31,0.06350442350907519,0.7333333333333333,,1.7102450188105656,101674590.91423883,0.0,143154247.0857612,143154247.0857612,0,False
2024-06-04,2024-06-03,2024-05-31,0.06350442350907519,0.7333333333333333,,1.7026892174396908,101684340.53254567,0.0,144707415.4674543,144707415.4674543,0,False
2024-06-05,2024-06-04,2024-05-31,0.06350442350907519,0.7333333333333333,,1.7202555654006961,101694091.08574742,0.0,141191676.91425258,141191676.91425258,0,False
2024-06-06,2024-06-05,2024-05-31,0.06350442350907519,0.7333333333333333,,1.6930033959472317,101703842.57393372,0.0,146758072.42606628,146758072.42606628,0,False
2024-06-07,2024-06-06,2024-05-31,0.06350442350907519,0.7333333333333333,,1.693823170835591,101713594.99719423,0.0,146598729.00280577,146598729.00280577,0,False
2024-06-11,2024-06-07,2024-05-31,0.06350442350907519,0.7333333333333333,,1.7143816041259892,101752608.43089178,0.0,142434530.56910822,142434530.56910822,0,False
2024-06-12,2024-06-11,2024-05-31,0.06350442350907519,0.7333333333333333,,1.6986937614178788,101762365.53033036,0.0,145646592.46966964,145646592.46966964,0,False
2024-06-13,2024-06-12,2024-05-31,0.06350442350907519,0.7333333333333333,,1.7158909186643092,101772123.56538121,0.0,142161495.43461877,142161495.43461877,0,False
2024-06-14,2024-06-13,2024-05-31,0.06350442350907519,0.7333333333333333,,1.723441705876813,101781357.13613406,0.0,140690474.86386594,140690474.86386594,0,False
2024-06-17,2024-06-14,2024-05-31,0.06350442350907519,0.7333333333333333,,1.7534522861511341,101810636.70462528,0.0,135125526.29537472,135125526.29537472,0,False
2024-06-18,2024-06-17,2024-05-31,0.06350442350907519,0.7333333333333333,,1.746279801314758,101820399.36841887,0.0,136437297.63158113,136437297.63158113,0,False
2024-06-19,2024-06-18,2024-05-31,0.06350442350907519,0.7333333333333333,,1.7440074904632097,101828490.82413831,0.0,136864873.1758617,136864873.1758617,0,False
2024-06-20,2024-06-19,2024-05-31,0.06350442350907519,0.7333333333333333,,1.7386753367898207,101838255.19997077,0.0,137866055.80002922,137866055.80002922,0,False
2024-06-21,2024-06-20,2024-05-31,0.06350442350907519,0.7333333333333333,,1.7383091807678928,101848020.51211323,0.0,137947655.4878868,137947655.4878868,0,False
2024-06-24,2024-06-21,2024-05-31,0.06350442350907519,0.7333333333333333,,1.7515459363964876,101876960.44338001,0.0,135556531.55662,135556531.55662,0,False
2024-06-25,2024-06-24,2024-05-31,0.06350442350907519,0.7333333333333333,,1.7513361334648105,101886729.46698417,0.0,135607386.53301585,135607386.53301585,0,False
2024-06-26,2024-06-25,2024-05-31,0.06350442350907519,0.7333333333333333,,1.7579645507756556,101896499.42734401,0.0,134434386.57265598,134434386.57265598,0,False
2024-06-27,2024-06-26,2024-05-31,0.06350442350907519,0.7333333333333333,,1.726543651917617,95363083.72475937,0.0,131255821.27524063,131255821.27524063,0,False
2024-06-28,2024-06-27,2024-05-31,0.06350442350907519,0.7333333333333333,,1.6935903163458452,92139102.71679805,0.0,132843698.28320195,132843698.28320195,0,False
2024-07-01,2024-06-28,2024-06-28,0.06505001393728221,0.7833333333333333,,1.6659984510028658,94182010.26587275,0.0,141414758.73412725,141414758.73412725,0,False
2024-07-02,2024-07-01,2024-06-28,0.06505001393728221,0.7833333333333333,,1.6680333931900009,94191041.41754207,0.0,140997504.58245793,140997504.58245793,0,False
2024-07-03,2024-07-02,2024-06-28,0.06505001393728221,0.7833333333333333,,1.6848494718271043,94200073.43521224,0.0,137548581.56478775,137548581.56478775,0,False
2024-07-04,2024-07-03,2024-06-28,0.06505001393728221,0.7833333333333333,,1.684257680487414,94209106.3189663,0.0,137680743.6810337,137680743.6810337,0,False
2024-07-05,2024-07-04,2024-06-28,0.06505001393728221,0.7833333333333333,,1.6827640919864224,94218140.0688873,0.0,137995159.9311127,137995159.9311127,0,False
2024-07-08,2024-07-05,2024-06-28,0.06505001393728221,0.7833333333333333,,1.6737806614930149,94245243.91740026,0.0,139875258.08259976,139875258.08259976,0,False
2024-07-09,2024-07-08,2024-06-28,0.06505001393728221,0.7833333333333333,,1.6659990703764804,95438731.43065041,0.0,143301598.5693496,143301598.5693496,0,False
2024-07-10,2024-07-09,2024-06-28,0.06505001393728221,0.7833333333333333,,1.688366584553947,92296857.5898287,0.0,134080967.4101713,134080967.4101713,0,False
2024-07-11,2024-07-10,2024-06-28,0.06505001393728221,0.7833333333333333,,1.6717866204856309,92305707.9734332,0.0,137403314.0265668,137403314.0265668,0,False
2024-07-12,2024-07-11,2024-06-28,0.06505001393728221,0.7833333333333333,,1.6859726440786318,92071833.65770462,0.0,134220853.34229538,134220853.34229538,0,False
2024-07-15,2024-07-12,2024-06-28,0.06505001393728221,0.7833333333333333,,1.6694809863112126,92098320.07560615,0.0,137566744.92439383,137566744.92439383,0,False
2024-07-16,2024-07-15,2024-06-28,0.06505001393728221,0.7833333333333333,,1.690009002071782,92107059.50136682,0.0,133486750.49863318,133486750.49863318,0,False
2024-07-17,2024-07-16,2024-06-28,0.06505001393728221,0.7833333333333333,,1.7338650065066554,92115891.68515463,0.0,125521575.31484537,125521575.31484537,0,False
2024-07-18,2024-07-17,2024-06-28,0.06505001393728221,0.7833333333333333,,1.7345490445982235,92124724.71586417,0.0,125416710.28413583,125416710.28413583,0,False
2024-07-19,2024-07-18,2024-06-28,0.06505001393728221,0.7833333333333333,,1.7477800809717345,92133558.59357664,0.0,123209431.40642336,123209431.40642336,0,False
2024-07-22,2024-07-19,2024-06-28,0.06505001393728221,0.7833333333333333,,1.7665181903817695,92160062.76796657,0.0,120232062.23203343,120232062.23203343,0,False
2024-07-23,2024-07-22,2024-06-28,0.06505001393728221,0.7833333333333333,,1.7968362918691896,92168900.0342594,0.0,115668551.9657406,115668551.9657406,0,False
2024-07-24,2024-07-23,2024-06-28,0.06505001393728221,0.7833333333333333,,1.8096523385232155,92177738.1479613,0.0,113848541.8520387,113848541.8520387,0,False
2024-07-25,2024-07-24,2024-06-28,0.06505001393728221,0.7833333333333333,,1.8425725192334976,92186577.10915357,0.0,109410851.89084643,109410851.89084643,0,False
2024-07-26,2024-07-25,2024-06-28,0.06505001393728221,0.7833333333333333,,1.8354145373011381,92195416.91791746,0.0,110358885.08208254,110358885.08208254,0,False
2024-07-29,2024-07-26,2024-06-28,0.06505001393728221,0.7833333333333333,,1.8413675351890286,92221938.88716783,0.0,109609576.11283217,109609576.11283217,0,False
2024-07-30,2024-07-29,2024-06-28,0.06505001393728221,0.7833333333333333,,1.878296565190693,92230782.08678715,0.0,105010978.91321285,105010978.91321285,0,False
2024-07-31,2024-07-30,2024-06-28,0.06505001393728221,0.7833333333333333,,1.8353609718301815,92239626.13438451,0.0,110418883.86561549,110418883.86561549,0,False
2024-08-01,2024-07-31,2024-07-31,0.066845222614841,0.8833333333333333,,1.856339283142065,92248471.03004123,0.0,107724207.96995877,107724207.96995877,0,False
2024-08-02,2024-08-01,2024-07-31,0.066845222614841,0.8833333333333333,,1.8758668811443255,92257316.77383864,0.0,105332578.22616136,105332578.22616136,0,False
2024-08-05,2024-08-02,2024-07-31,0.066845222614841,0.8833333333333333,,1.9087118094038982,92283856.54989687,0.0,101554591.45010313,101554591.45010313,0,False
2024-08-06,2024-08-05,2024-07-31,0.066845222614841,0.8833333333333333,,1.9110743862335924,92292705.6868263,0.0,101300955.3131737,101300955.3131737,0,False
2024-08-07,2024-08-06,2024-07-31,0.066845222614841,0.8833333333333333,,1.8613623144924658,92301555.67230313,0.0,107157643.32769687,107157643.32769687,0,False
2024-08-08,2024-08-07,2024-07-31,0.066845222614841,0.8833333333333333,,1.8702495910934824,92310406.50640869,0.0,106073484.49359131,106073484.49359131,0,False
2024-08-09,2024-08-08,2024-07-31,0.066845222614841,0.8833333333333333,,1.863057773118948,92319258.18922438,0.0,106967645.81077562,106967645.81077562,0,False
2024-08-12,2024-08-09,2024-07-31,0.066845222614841,0.8833333333333333,,1.8513750800781792,92345815.78404593,0.0,108466665.21595407,108466665.21595407,0,False
2024-08-13,2024-08-12,2024-07-31,0.066845222614841,0.8833333333333333,,1.8544176072935061,92354670.8622718,0.0,108090786.1377282,108090786.1377282,0,False
2024-08-14,2024-08-13,2024-07-31,0.066845222614841,0.8833333333333333,,1.8678575901107843,92363526.78961475,0.0,106427054.21038525,106427054.21038525,0,False
2024-08-15,2024-08-14,2024-07-31,0.066845222614841,0.8833333333333333,,1.853168834052573,92372383.56615622,0.0,108269758.43384378,108269758.43384378,0,False
2024-08-16,2024-08-15,2024-07-31,0.066845222614841,0.8833333333333333,,1.8371870533462398,92381241.19197764,0.0,110347192.80802236,110347192.80802236,0,False
2024-08-19,2024-08-16,2024-07-31,0.066845222614841,0.8833333333333333,,1.8081880533393202,92407816.61752601,0.0,114339498.38247399,114339498.38247399,0,False
2024-08-20,2024-08-19,2024-07-31,0.066845222614841,0.8833333333333333,,1.8009453366234727,86989678.13135728,0.0,108608757.86864272,108608757.86864272,0,False
2024-08-21,2024-08-20,2024-07-31,0.066845222614841,0.8833333333333333,,1.7596522191696147,81629092.65178248,0.0,107455873.34821752,107455873.34821752,0,False
2024-08-22,2024-08-21,2024-07-31,0.066845222614841,0.8833333333333333,,1.7182530007556225,76326811.24252306,0.0,106267305.75747694,106267305.75747694,0,False
2024-08-23,2024-08-22,2024-07-31,0.066845222614841,0.8833333333333333,,1.667992374712037,71021894.69340028,0.0,106321415.30659972,106321415.30659972,0,False
2024-08-26,2024-08-23,2024-07-31,0.066845222614841,0.8833333333333333,,1.666021413714242,71170251.82466798,0.0,106858804.17533202,106858804.17533202,0,False
2024-08-27,2024-08-26,2024-07-31,0.066845222614841,0.8833333333333333,,1.6660207410497763,69708941.03400393,230.71284044114873,104664473.67883651,104664473.67883651,0,False
2024-08-28,2024-08-27,2024-07-31,0.066845222614841,0.8833333333333333,,1.6660217986594688,68875253.97504894,163.2874621944502,103412667.31241326,103412667.31241326,0,False
2024-08-29,2024-08-28,2024-07-31,0.066845222614841,0.8833333333333333,,1.6660248013363723,67408857.55677913,8.547723810100138,101210718.99094467,101210718.99094467,0,False
2024-08-30,2024-08-29,2024-07-31,0.066845222614841,0.8833333333333333,,1.666263185920272,67415312.87210871,0.0,101184208.12789129,101184208.12789129,0,False
2024-09-02,2024-08-30,2024-08-30,0.07037703130755064,0.95,,1.675910100682771,67434706.3182774,0.0,99768750.6817226,99768750.6817226,0,False
2024-09-03,2024-09-02,2024-08-30,0.07037703130755064,0.95,,1.6838441369005583,67441172.65997915,0.0,98620678.34002085,98620678.34002085,0,False
2024-09-04,2024-09-03,2024-08-30,0.07037703130755064,0.95,,1.713771929365012,67447639.62174107,0.0,94494665.37825893,94494665.37825893,0,False
2024-09-05,2024-09-04,2024-08-30,0.07037703130755064,0.95,,1.7289052625445949,67454107.20362261,0.0,92541665.79637739,92541665.79637739,0,False
2024-09-06,2024-09-05,2024-08-30,0.07037703130755064,0.95,,1.6678206633331227,59606004.72581497,1016.9373717387207,89252985.21155676,89252985.21155676,0,False
2024-09-09,2024-09-06,2024-08-30,0.07037703130755064,0.95,,1.6662453957745649,57100703.733009554,0.0,85705213.26699045,85705213.26699045,0,False
2024-09-10,2024-09-09,2024-08-30,0.07037703130755064,0.95,,1.6659999278344162,57379177.09758655,0.0,86154929.90241346,86154929.90241346,0,False
2024-09-11,2024-09-10,2024-08-30,0.07037703130755064,0.95,,1.6660224045920806,54837547.41983436,15.745465441612168,82335866.3256311,82335866.3256311,0,False
2024-09-12,2024-09-11,2024-08-30,0.07037703130755064,0.95,,1.6659945362040816,55751632.030946985,0.0,83711845.96905302,83711845.96905302,0,False
2024-09-13,2024-09-12,2024-08-30,0.07037703130755064,0.95,,1.669485712849367,55756978.07785406,0.0,83283297.92214593,83283297.92214593,0,False
2024-09-18,2024-09-13,2024-08-30,0.07037703130755064,0.95,,1.6659944114261318,56939693.019612625,0.0,85495751.98038737,85495751.98038737,0,False
2024-09-19,2024-09-18,2024-08-30,0.07037703130755064,0.95,,1.665999269092617,58154552.009436145,0.0,87319242.99056385,87319242.99056385,0,False
2024-09-20,2024-09-19,2024-08-30,0.07037703130755064,0.95,,1.665998324096004,58798548.69182746,0.0,88286331.30817254,88286331.30817254,0,False
2024-09-23,2024-09-20,2024-08-30,0.07037703130755064,0.95,,1.6659944282507608,59577784.188891,0.0,89456880.811109,89456880.811109,0,False
2024-09-24,2024-09-23,2024-08-30,0.07037703130755064,0.95,,1.6660038611779844,64983615.074740894,0.0,97572429.92525911,97572429.92525911,0,False
2024-09-25,2024-09-24,2024-08-30,0.07037703130755064,0.95,,1.665999874723715,65995593.950816005,0.0,99092502.049184,99092502.049184,0,False
2024-09-26,2024-09-25,2024-08-30,0.07037703130755064,0.95,,1.6660026449862637,70440184.40013142,0.0,105765622.59986858,105765622.59986858,0,False
2024-09-27,2024-09-26,2024-08-30,0.07037703130755064,0.95,,1.6660004044314833,72699088.59833157,0.0,109157724.40166843,109157724.40166843,0,False
2024-09-30,2024-09-27,2024-08-30,0.07037703130755064,0.95,,1.6660039285031611,81010898.60407767,0.0,121637268.39592233,121637268.39592233,0,False
2024-10-08,2024-09-30,2024-09-30,0.057533383399209485,0.4666666666666667,,1.6660018101983913,84774651.08295202,0.0,127288919.91704798,127288919.91704798,0,False
2024-10-09,2024-10-08,2024-09-30,0.057533383399209485,0.4666666666666667,,1.740953901305106,84782780.15908326,0.0,114423825.84091674,114423825.84091674,0,False
2024-10-10,2024-10-09,2024-09-30,0.057533383399209485,0.4666666666666667,,1.7097158298540662,84472575.20438495,0.0,119023095.79561505,119023095.79561505,0,False
2024-10-11,2024-10-10,2024-09-30,0.057533383399209485,0.4666666666666667,,1.7266230558364746,84480675.31433606,0.0,116264787.68566394,116264787.68566394,0,False
2024-10-14,2024-10-11,2024-09-30,0.057533383399209485,0.4666666666666667,,1.6933389465311468,84504977.97435799,0.0,121881193.02564201,121881193.02564201,0,False
2024-10-15,2024-10-14,2024-09-30,0.057533383399209485,0.4666666666666667,,1.7198627458012352,84513081.19142403,0.0,117401659.80857597,117401659.80857597,0,False
2024-10-16,2024-10-15,2024-09-30,0.057533383399209485,0.4666666666666667,,1.705191432854653,84521185.18551087,0.0,119855660.81448913,119855660.81448913,0,False
2024-10-17,2024-10-16,2024-09-30,0.057533383399209485,0.4666666666666667,,1.721748840610734,84529289.95669305,0.0,117117320.04330695,117117320.04330695,0,False
2024-10-18,2024-10-17,2024-09-30,0.057533383399209485,0.4666666666666667,,1.6973482134757565,84263874.42604508,0.0,120834717.57395492,120834717.57395492,0,False
2024-10-21,2024-10-18,2024-09-30,0.057533383399209485,0.4666666666666667,,1.7080516728122672,84288114.71868819,0.0,119042321.28131181,119042321.28131181,0,False
2024-10-22,2024-10-21,2024-09-30,0.057533383399209485,0.4666666666666667,,1.7110322913700238,84296197.14064752,0.0,118554667.85935248,118554667.85935248,0,False
2024-10-23,2024-10-22,2024-09-30,0.057533383399209485,0.4666666666666667,,1.7036570697702274,84111655.33763361,0.0,119535010.66236639,119535010.66236639,0,False
2024-10-24,2024-10-23,2024-09-30,0.057533383399209485,0.4666666666666667,,1.6768527774160342,84119720.83883037,0.0,124280676.16116963,124280676.16116963,0,False
2024-10-25,2024-10-24,2024-09-30,0.057533383399209485,0.4666666666666667,,1.6756025154088152,84127787.11343135,0.0,124522607.88656865,124522607.88656865,0,False
2024-10-28,2024-10-25,2024-09-30,0.057533383399209485,0.4666666666666667,,1.666017265058363,83486760.83039214,110.33639267471744,125352081.50600053,125352081.50600053,0,False
2024-10-29,2024-10-28,2024-09-30,0.057533383399209485,0.4666666666666667,,1.6660201410879316,81899609.69284579,359.31716066835247,122968128.62431487,122968128.62431487,0,False
2024-10-30,2024-10-29,2024-09-30,0.057533383399209485,0.4666666666666667,,1.6660041207468022,81347924.80389799,32.9015520525362,122143226.09765406,122143226.09765406,0,False
2024-10-31,2024-10-30,2024-09-30,0.057533383399209485,0.4666666666666667,,1.671492412621424,81355692.38828604,0.0,121156532.61171396,121156532.61171396,0,False
2024-11-01,2024-10-31,2024-10-31,0.06436090987124463,0.6833333333333333,,1.6660005074668325,83949200.87759301,0.0,126049755.12240699,126049755.12240699,0,False
2024-11-04,2024-11-01,2024-10-31,0.06436090987124463,0.6833333333333333,,1.6659999232146028,86269480.92418848,0.0,129533770.07581152,129533770.07581152,0,False
2024-11-05,2024-11-04,2024-10-31,0.06436090987124463,0.6833333333333333,,1.6660248000929776,88703900.9541375,0.0,133184081.0458625,133184081.0458625,0,False
2024-11-06,2024-11-05,2024-10-31,0.06436090987124463,0.6833333333333333,,1.6660297103437007,87441930.66810267,247.88631901622284,131287961.21821634,131287961.21821634,0,False
2024-11-07,2024-11-06,2024-10-31,0.06436090987124463,0.6833333333333333,,1.666001503407929,91482559.14973046,0.0,137360889.85026956,137360889.85026956,0,False
2024-11-08,2024-11-07,2024-10-31,0.06436090987124463,0.6833333333333333,,1.6660216014214437,88756844.01035134,118.40856844107657,133264034.3982171,133264034.3982171,0,False
2024-11-11,2024-11-08,2024-10-31,0.06436090987124463,0.6833333333333333,,1.6660219963142873,87234964.78457795,147.70614233650747,130978882.92156439,130978882.92156439,0,False
2024-11-12,2024-11-11,2024-10-31,0.06436090987124463,0.6833333333333333,,1.6698422005901232,86948521.9274588,0.0,129804485.0725412,129804485.0725412,0,False
2024-11-13,2024-11-12,2024-10-31,0.06436090987124463,0.6833333333333333,,1.6659990321030038,87478538.78112869,0.0,131349348.21887131,131349348.21887131,0,False
2024-11-14,2024-11-13,2024-10-31,0.06436090987124463,0.6833333333333333,,1.6855910863268886,87486927.1341625,0.0,127608028.8658375,127608028.8658375,0,False
2024-11-15,2024-11-14,2024-10-31,0.06436090987124463,0.6833333333333333,,1.6961726017287475,87495316.29155892,0.0,125680493.70844108,125680493.70844108,0,False
2024-11-18,2024-11-15,2024-10-31,0.06436090987124463,0.6833333333333333,,1.6915574687623305,87520486.17706746,0.0,126555622.82293254,126555622.82293254,0,False
2024-11-19,2024-11-18,2024-10-31,0.06436090987124463,0.6833333333333333,,1.6867741803737186,87528878.55245431,0.0,127449285.44754569,127449285.44754569,0,False
2024-11-20,2024-11-19,2024-10-31,0.06436090987124463,0.6833333333333333,,1.6843857974495264,87537271.73258947,0.0,127906324.26741053,127906324.26741053,0,False
2024-11-21,2024-11-20,2024-10-31,0.06436090987124463,0.6833333333333333,,1.675713884893107,87545585.71755013,0.0,129560140.28244987,129560140.28244987,0,False
2024-11-22,2024-11-21,2024-10-31,0.06436090987124463,0.6833333333333333,,1.6660792070841948,81521977.41917168,304.65241945395246,122390358.23324777,122390358.23324777,0,False
2024-11-25,2024-11-22,2024-10-31,0.06436090987124463,0.6833333333333333,,1.669353135733695,81545124.29450294,0.0,121826760.70549706,121826760.70549706,0,False
2024-11-26,2024-11-25,2024-10-31,0.06436090987124463,0.6833333333333333,,1.6660118239651698,80493893.73847117,122.86511793128193,120859372.12664677,120859372.12664677,0,False
2024-11-27,2024-11-26,2024-10-31,0.06436090987124463,0.6833333333333333,,1.6660003712473908,82425904.9474935,0.0,123762551.0525065,123762551.0525065,0,False
2024-11-28,2024-11-27,2024-10-31,0.06436090987124463,0.6833333333333333,,1.6835731545730275,82070536.80139257,0.0,120061088.19860743,120061088.19860743,0,False
2024-11-29,2024-11-28,2024-10-31,0.06436090987124463,0.6833333333333333,,1.6768268945314035,82078406.57889408,0.0,121269422.42110592,121269422.42110592,0,False
2024-12-02,2024-11-29,2024-11-29,0.0649003829787234,0.7333333333333333,,1.6810048220068625,82102018.17530718,0.0,120560112.82469282,120560112.82469282,0,False
2024-12-03,2024-12-02,2024-11-29,0.0649003829787234,0.7333333333333333,,1.6663988700520982,82109890.97157057,0.0,123214331.02842943,123214331.02842943,0,False
2024-12-04,2024-12-03,2024-11-29,0.0649003829787234,0.7333333333333333,,1.6679847784149915,82117764.52275962,0.0,122933586.47724038,122933586.47724038,0,False
2024-12-05,2024-12-04,2024-11-29,0.0649003829787234,0.7333333333333333,,1.6773527427461865,82125638.82894672,0.0,121245008.17105328,121245008.17105328,0,False
2024-12-06,2024-12-05,2024-11-29,0.0649003829787234,0.7333333333333333,,1.6659998618409557,82378726.62356429,0.0,123691807.37643571,123691807.37643571,0,False
2024-12-09,2024-12-06,2024-11-29,0.0649003829787234,0.7333333333333333,,1.6689381673573118,82402424.6134149,0.0,123183918.3865851,123183918.3865851,0,False
2024-12-10,2024-12-09,2024-11-29,0.0649003829787234,0.7333333333333333,,1.668998676686148,82410326.21577509,0.0,123184587.78422491,123184587.78422491,0,False
2024-12-11,2024-12-10,2024-11-29,0.0649003829787234,0.7333333333333333,,1.665999986642321,82602937.63101317,0.0,124028437.36898683,124028437.36898683,0,False
2024-12-12,2024-12-11,2024-11-29,0.0649003829787234,0.7333333333333333,,1.6659976421418472,83285296.50883901,0.0,125053440.49116099,125053440.49116099,0,False
2024-12-13,2024-12-12,2024-11-29,0.0649003829787234,0.7333333333333333,,1.6835658016772328,83291946.45456809,0.0,121849200.54543191,121849200.54543191,0,False
2024-12-16,2024-12-13,2024-11-29,0.0649003829787234,0.7333333333333333,,1.6852126647884647,83313949.15313338,0.0,121588454.84686662,121588454.84686662,0,False
2024-12-17,2024-12-16,2024-11-29,0.0649003829787234,0.7333333333333333,,1.6901200560955953,83321938.16195628,0.0,120735424.83804372,120735424.83804372,0,False
2024-12-18,2024-12-17,2024-11-29,0.0649003829787234,0.7333333333333333,,1.6845133030927681,83329927.93684852,0.0,121736024.06315148,121736024.06315148,0,False
2024-12-19,2024-12-18,2024-11-29,0.0649003829787234,0.7333333333333333,,1.6937481277898847,83337918.47788356,0.0,120127053.52211644,120127053.52211644,0,False
2024-12-20,2024-12-19,2024-11-29,0.0649003829787234,0.7333333333333333,,1.6985167756767923,83345909.78513487,0.0,119318408.21486513,119318408.21486513,0,False
2024-12-23,2024-12-20,2024-11-29,0.0649003829787234,0.7333333333333333,,1.696818036388246,83369886.00575799,0.0,119643696.99424201,119643696.99424201,0,False
2024-12-24,2024-12-23,2024-11-29,0.0649003829787234,0.7333333333333333,,1.6870370273124489,83377880.37838867,0.0,121358641.62161133,121358641.62161133,0,False
2024-12-25,2024-12-24,2024-11-29,0.0649003829787234,0.7333333333333333,,1.6806318364215607,83385875.51760304,0.0,122512452.48239696,122512452.48239696,0,False
2024-12-26,2024-12-25,2024-11-29,0.0649003829787234,0.7333333333333333,,1.683319616878644,83393871.4234746,0.0,122042261.5765254,122042261.5765254,0,False
2024-12-27,2024-12-26,2024-11-29,0.0649003829787234,0.7333333333333333,,1.683886741755879,83401868.09607685,0.0,121952748.90392315,121952748.90392315,0,False
2024-12-30,2024-12-27,2024-11-29,0.0649003829787234,0.7333333333333333,,1.6683266687706944,83425860.41429627,0.0,124827968.58570373,124827968.58570373,0,False
2024-12-31,2024-12-30,2024-11-29,0.0649003829787234,0.7333333333333333,,1.6898077282438908,83433860.15433599,0.0,120952341.84566401,120952341.84566401,0,False
2025-01-02,2024-12-31,2024-12-31,0.06528245447087777,0.7666666666666667,,1.7117306488163466,83449861.16861217,0.0,117249216.83138783,117249216.83138783,0,False
2025-01-03,2025-01-02,2024-12-31,0.06528245447087777,0.7666666666666667,,1.711297163951115,83457863.2100941,0.0,117331921.7899059,117331921.7899059,0,False
2025-01-06,2025-01-03,2024-12-31,0.06528245447087777,0.7666666666666667,,1.7024528769794731,83481871.63649699,0.0,118843376.36350301,118843376.36350301,0,False
2025-01-07,2025-01-06,2024-12-31,0.06528245447087777,0.7666666666666667,,1.701721333382728,83489876.74747583,0.0,118978678.25252417,118978678.25252417,0,False
2025-01-08,2025-01-07,2024-12-31,0.06528245447087777,0.7666666666666667,,1.7045867105348744,83497882.62606806,0.0,118506184.37393194,118506184.37393194,0,False
2025-01-09,2025-01-08,2024-12-31,0.06528245447087777,0.7666666666666667,,1.7167950327492951,83505889.27234727,0.0,116498978.72765273,116498978.72765273,0,False
2025-01-10,2025-01-09,2024-12-31,0.06528245447087777,0.7666666666666667,,1.7232196063443708,83127288.56638709,0.0,114940590.43361291,114940590.43361291,0,False
2025-01-13,2025-01-10,2024-12-31,0.06528245447087777,0.7666666666666667,,1.7162071751248176,83151201.89597468,0.0,116099370.10402532,116099370.10402532,0,False
2025-01-14,2025-01-13,2024-12-31,0.06528245447087777,0.7666666666666667,,1.701200712797343,83159175.29889621,0.0,118595394.70110379,118595394.70110379,0,False
2025-01-15,2025-01-14,2024-12-31,0.06528245447087777,0.7666666666666667,,1.6904797421097546,83167149.46639062,0.0,120448355.53360938,120448355.53360938,0,False
2025-01-16,2025-01-15,2024-12-31,0.06528245447087777,0.7666666666666667,,1.6761515033310805,83175124.39853124,0.0,123012555.60146876,123012555.60146876,0,False
2025-01-17,2025-01-16,2024-12-31,0.06528245447087777,0.7666666666666667,,1.6754210972187673,83183100.09539138,0.0,123157390.90460862,123157390.90460862,0,False
2025-01-20,2025-01-17,2024-12-31,0.06528245447087777,0.7666666666666667,,1.686270475436852,82670533.48035033,0.0,120463485.51964967,120463485.51964967,0,False
2025-01-21,2025-01-20,2024-12-31,0.06528245447087777,0.7666666666666667,,1.666020360823247,78424943.35867456,119.80570460603508,117751390.44703004,117751390.44703004,0,False
2025-01-22,2025-01-21,2024-12-31,0.06528245447087777,0.7666666666666667,,1.6794353125219006,78432333.35301805,0.0,115437528.64698195,115437528.64698195,0,False
2025-01-23,2025-01-22,2024-12-31,0.06528245447087777,0.7666666666666667,,1.6714881020410186,78439854.26169573,0.0,116814957.73830427,116814957.73830427,0,False
2025-01-24,2025-01-23,2024-12-31,0.06528245447087777,0.7666666666666667,,1.6660000721270143,78787505.30167644,0.0,118299544.69832356,118299544.69832356,0,False
2025-01-27,2025-01-24,2024-12-31,0.06528245447087777,0.7666666666666667,,1.6660011934590135,81064802.07820186,0.0,121718703.92179814,121718703.92179814,0,False
2025-02-05,2025-01-27,2025-01-27,0.06887987563884157,0.9333333333333333,,1.6904166332665849,81134762.1128721,0.0,117515653.8871279,117515653.8871279,0,False
2025-02-06,2025-02-05,2025-01-27,0.06887987563884157,0.9333333333333333,,1.6978385491033954,81142542.15855415,0.0,116276955.84144585,116276955.84144585,0,False
2025-02-07,2025-02-06,2025-01-27,0.06887987563884157,0.9333333333333333,,1.6932836308824464,81150322.95026799,0.0,117052126.04973201,117052126.04973201,0,False
2025-02-10,2025-02-07,2025-01-27,0.06887987563884157,0.9333333333333333,,1.6941939721137005,81173667.56371944,0.0,116932256.43628056,116932256.43628056,0,False
2025-02-11,2025-02-10,2025-01-27,0.06887987563884157,0.9333333333333333,,1.6922095929807446,81181451.34006116,0.0,117278714.65993884,117278714.65993884,0,False
2025-02-12,2025-02-11,2025-01-27,0.06887987563884157,0.9333333333333333,,1.681888816114659,81189235.8627924,0.0,119065211.1372076,119065211.1372076,0,False
2025-02-13,2025-02-12,2025-01-27,0.06887987563884157,0.9333333333333333,,1.6963343770089725,81197021.13198473,0.0,116606365.86801527,116606365.86801527,0,False
2025-02-14,2025-02-13,2025-01-27,0.06887987563884157,0.9333333333333333,,1.6959506379651936,81204807.14770971,0.0,116681848.85229029,116681848.85229029,0,False
2025-02-17,2025-02-14,2025-01-27,0.06887987563884157,0.9333333333333333,,1.7044744148984305,81228167.4346974,0.0,115303218.5653026,115303218.5653026,0,False
2025-02-18,2025-02-17,2025-01-27,0.06887987563884157,0.9333333333333333,,1.6716237255300812,77329844.61961415,0.0,115138643.38038585,115138643.38038585,0,False
2025-02-19,2025-02-18,2025-01-27,0.06887987563884157,0.9333333333333333,,1.6792555281933963,77337259.81019412,0.0,113855915.18980588,113855915.18980588,0,False
2025-02-20,2025-02-19,2025-01-27,0.06887987563884157,0.9333333333333333,,1.6830075349879614,77344675.71181975,0.0,113241321.28818025,113241321.28818025,0,False
2025-02-21,2025-02-20,2025-01-27,0.06887987563884157,0.9333333333333333,,1.685578207705738,77351676.53926924,0.0,112826918.46073076,112826918.46073076,0,False
2025-02-24,2025-02-21,2025-01-27,0.06887987563884157,0.9333333333333333,,1.6948767450609796,77373928.39142437,0.0,111349140.60857563,111349140.60857563,0,False
2025-02-25,2025-02-24,2025-01-27,0.06887987563884157,0.9333333333333333,,1.706028875267865,77380980.03995533,0.0,109600304.96004467,109600304.96004467,0,False
2025-02-26,2025-02-25,2025-01-27,0.06887987563884157,0.9333333333333333,,1.698806502741797,77388400.13393177,0.0,110743674.86606823,110743674.86606823,0,False
2025-02-27,2025-02-26,2025-01-27,0.06887987563884157,0.9333333333333333,,1.6661201720453722,74545731.02234358,74.42310950810679,111910222.40076593,111910222.40076593,0,False
2025-02-28,2025-02-27,2025-01-27,0.06887987563884157,0.9333333333333333,,1.6676124649604684,74552804.82001704,0.0,111670780.17998296,111670780.17998296,0,False
2025-03-03,2025-02-28,2025-02-28,0.06745036886632826,0.8666666666666667,,1.6659984978833757,77177314.71281403,0.0,115882115.28718597,115882115.28718597,0,False
2025-03-04,2025-03-03,2025-02-28,0.06745036886632826,0.8666666666666667,,1.6771597568712764,77184715.27723855,0.0,113983021.72276145,113983021.72276145,0,False
2025-03-05,2025-03-04,2025-02-28,0.06745036886632826,0.8666666666666667,,1.6659994713737816,77921811.76640622,0.0,116999810.23359378,116999810.23359378,0,False
2025-03-06,2025-03-05,2025-02-28,0.06745036886632826,0.8666666666666667,,1.6686733303430128,77929283.72095917,0.0,116543131.27904083,116543131.27904083,0,False
2025-03-07,2025-03-06,2025-02-28,0.06745036886632826,0.8666666666666667,,1.665997898258673,79102092.5086309,0.0,118772285.4913691,118772285.4913691,0,False
2025-03-10,2025-03-07,2025-02-28,0.06745036886632826,0.8666666666666667,,1.6659989887749482,79166233.318906,0.0,118868398.681094,118868398.681094,0,False
2025-03-11,2025-03-10,2025-02-28,0.06745036886632826,0.8666666666666667,,1.6682650147880895,79173418.81116301,0.0,118476079.18883699,118476079.18883699,0,False
2025-03-12,2025-03-11,2025-02-28,0.06745036886632826,0.8666666666666667,,1.6741858285003048,79181010.78282984,0.0,117446863.21717016,117446863.21717016,0,False
2025-03-13,2025-03-12,2025-02-28,0.06745036886632826,0.8666666666666667,,1.6659978808726073,79525813.57152393,0.0,119408508.42847607,119408508.42847607,0,False
2025-03-14,2025-03-13,2025-02-28,0.06745036886632826,0.8666666666666667,,1.6659981516519131,79691056.67046915,0.0,119656573.32953085,119656573.32953085,0,False
2025-03-17,2025-03-14,2025-02-28,0.06745036886632826,0.8666666666666667,,1.6659993860567661,79789583.7520808,0.0,119804290.2479192,119804290.2479192,0,False
2025-03-18,2025-03-17,2025-02-28,0.06745036886632826,0.8666666666666667,,1.6661228770787466,79038104.90583402,95.72572699334415,118653797.81989297,118653797.81989297,0,False
2025-03-19,2025-03-18,2025-02-28,0.06745036886632826,0.8666666666666667,,1.6660112193082504,79468449.21830787,0.0,119319985.78169213,119319985.78169213,0,False
2025-03-20,2025-03-19,2025-02-28,0.06745036886632826,0.8666666666666667,,1.6660662650090228,79476069.48056167,0.0,119321565.51943833,119321565.51943833,0,False
2025-03-21,2025-03-20,2025-02-28,0.06745036886632826,0.8666666666666667,,1.675084493273287,79483690.47352557,0.0,117738877.52647443,117738877.52647443,0,False
2025-03-24,2025-03-21,2025-02-28,0.06745036886632826,0.8666666666666667,,1.6659978068988008,79986064.12931767,0.0,120099590.87068233,120099590.87068233,0,False
2025-03-25,2025-03-24,2025-02-28,0.06745036886632826,0.8666666666666667,,1.6659994225038826,80554582.517498,0.0,120952931.482502,120952931.482502,0,False
2025-03-26,2025-03-25,2025-02-28,0.06745036886632826,0.8666666666666667,,1.6780626483644023,80562306.92952023,0.0,118812483.07047977,118812483.07047977,0,False
2025-03-27,2025-03-26,2025-02-28,0.06745036886632826,0.8666666666666667,,1.680073965449546,80569653.27807951,0.0,118471897.72192049,118471897.72192049,0,False
2025-03-28,2025-03-27,2025-02-28,0.06745036886632826,0.8666666666666667,,1.6884102411602742,80577379.13524316,0.0,117048489.86475684,117048489.86475684,0,False
2025-03-31,2025-03-28,2025-02-28,0.06745036886632826,0.8666666666666667,,1.6877836357642422,80600558.92924097,0.0,117188829.07075903,117188829.07075903,0,False
2025-04-01,2025-03-31,2025-03-31,0.06676064346349747,0.8166666666666667,,1.68360745049941,80608287.74996021,0.0,117916046.25003979,117916046.25003979,0,False
2025-04-02,2025-04-01,2025-03-31,0.06676064346349747,0.8166666666666667,,1.6794146975770081,80616017.31179926,0.0,118655097.68820074,118655097.68820074,0,False
2025-04-03,2025-04-02,2025-03-31,0.06676064346349747,0.8166666666666667,,1.6850511275383253,80623747.61482915,0.0,117690117.38517085,117690117.38517085,0,False
2025-04-07,2025-04-03,2025-03-31,0.06676064346349747,0.8166666666666667,,1.666189951778763,67605391.74053034,48.92257386038574,101480580.18204352,101480580.18204352,0,False
2025-04-08,2025-04-07,2025-03-31,0.06676064346349747,0.8166666666666667,,1.6660242822889375,69998891.79176351,0.0,105099609.20823649,105099609.20823649,0,False
2025-04-09,2025-04-08,2025-03-31,0.06676064346349747,0.8166666666666667,,1.6660639045670123,68582105.23450013,369.1273760343902,102965699.8928759,102965699.8928759,0,False
2025-04-10,2025-04-09,2025-03-31,0.06676064346349747,0.8166666666666667,,1.6659993229885934,70708876.63623945,0.0,106169592.36376055,106169592.36376055,0,False
2025-04-11,2025-04-10,2025-03-31,0.06676064346349747,0.8166666666666667,,1.6734695930062362,70715656.93947855,0.0,105002004.06052145,105002004.06052145,0,False
2025-04-14,2025-04-11,2025-03-31,0.06676064346349747,0.8166666666666667,,1.6659995788988677,70984751.15933402,0.0,106583777.84066598,106583777.84066598,0,False
2025-04-15,2025-04-14,2025-03-31,0.06676064346349747,0.8166666666666667,,1.6659999585642722,71409581.8938745,0.0,107221601.1061255,107221601.1061255,0,False
2025-04-16,2025-04-15,2025-03-31,0.06676064346349747,0.8166666666666667,,1.6660216287678835,71581536.2303787,0.0,107476293.7696213,107476293.7696213,0,False
2025-04-17,2025-04-16,2025-03-31,0.06676064346349747,0.8166666666666667,,1.6660231593338444,71812601.8729849,0.0,107822980.1270151,107822980.1270151,0,False
2025-04-18,2025-04-17,2025-03-31,0.06676064346349747,0.8166666666666667,,1.6660237094190602,72962698.93505053,0.0,109549702.06494947,109549702.06494947,0,False
2025-04-21,2025-04-18,2025-03-31,0.06676064346349747,0.8166666666666667,,1.666024121357539,71972771.04773162,20.77943443355946,108063278.73170279,108063278.73170279,0,False
2025-04-22,2025-04-21,2025-03-31,0.06676064346349747,0.8166666666666667,,1.6660805297311594,72232027.99563082,0.0,108443386.00436918,108443386.00436918,0,False
2025-04-23,2025-04-22,2025-03-31,0.06676064346349747,0.8166666666666667,,1.6660221156000625,72976072.70664972,0.0,109570044.29335028,109570044.29335028,0,False
2025-04-24,2025-04-23,2025-03-31,0.06676064346349747,0.8166666666666667,,1.6659983137424597,74010059.36861172,0.0,111126496.63138828,111126496.63138828,0,False
2025-04-25,2025-04-24,2025-03-31,0.06676064346349747,0.8166666666666667,,1.665998898880123,74189412.12483966,0.0,111395697.87516034,111395697.87516034,0,False
2025-04-28,2025-04-25,2025-03-31,0.06676064346349747,0.8166666666666667,,1.6695008292348783,74210754.28449202,0.0,110844902.71550798,110844902.71550798,0,False
2025-04-29,2025-04-28,2025-03-31,0.06676064346349747,0.8166666666666667,,1.681497363424464,74217870.38421793,0.0,108904119.61578207,108904119.61578207,0,False
2025-04-30,2025-04-29,2025-03-31,0.06676064346349747,0.8166666666666667,,1.694030348391827,74224927.16630957,0.0,106947667.83369043,106947667.83369043,0,False
2025-05-06,2025-04-30,2025-04-30,0.07078920191470844,0.9666666666666667,,1.6991493035263638,74267631.91892579,0.0,106225711.08107421,106225711.08107421,0,False
2025-05-07,2025-05-06,2025-04-30,0.07078920191470844,0.9666666666666667,,1.6903905551526177,74274753.47267145,0.0,107583675.52732855,107583675.52732855,0,False
2025-05-08,2025-05-07,2025-04-30,0.07078920191470844,0.9666666666666667,,1.679237648616681,74281875.70930581,0.0,109360657.29069419,109360657.29069419,0,False
2025-05-09,2025-05-08,2025-04-30,0.07078920191470844,0.9666666666666667,,1.6673478789575586,74288998.62889437,0.0,111319749.37110563,111319749.37110563,0,False
2025-05-12,2025-05-09,2025-04-30,0.07078920191470844,0.9666666666666667,,1.6659995755224335,74508842.22297911,0.0,111875209.77702089,111875209.77702089,0,False
2025-05-13,2025-05-12,2025-04-30,0.07078920191470844,0.9666666666666667,,1.6659983488746366,75593107.37669994,0.0,113503445.62330006,113503445.62330006,0,False
2025-05-14,2025-05-13,2025-04-30,0.07078920191470844,0.9666666666666667,,1.6659977460190238,76558341.39763194,0.0,114952853.60236806,114952853.60236806,0,False
2025-05-15,2025-05-14,2025-04-30,0.07078920191470844,0.9666666666666667,,1.6679558730892654,76565682.60845089,0.0,114626857.39154911,114626857.39154911,0,False
2025-05-16,2025-05-15,2025-04-30,0.07078920191470844,0.9666666666666667,,1.6735289451604651,76573024.52322157,0.0,113689285.47677843,113689285.47677843,0,False
2025-05-19,2025-05-16,2025-04-30,0.07078920191470844,0.9666666666666667,,1.6659982812229384,77723854.53417125,0.0,116702785.46582875,116702785.46582875,0,False
2025-05-20,2025-05-19,2025-04-30,0.07078920191470844,0.9666666666666667,,1.680095530693582,77731307.50652385,0.0,114294689.49347615,114294689.49347615,0,False
2025-05-21,2025-05-20,2025-04-30,0.07078920191470844,0.9666666666666667,,1.6659998787213113,78630839.270895,0.0,118064344.729105,118064344.729105,0,False
2025-05-22,2025-05-21,2025-04-30,0.07078920191470844,0.9666666666666667,,1.6660004901876881,80135719.86269674,0.0,120323815.13730326,120323815.13730326,0,False
2025-05-23,2025-05-22,2025-04-30,0.07078920191470844,0.9666666666666667,,1.6787216610011553,80143404.10980687,0.0,118079926.89019313,118079926.89019313,0,False
2025-05-26,2025-05-23,2025-04-30,0.07078920191470844,0.9666666666666667,,1.6769627058429724,80166459.06167407,0.0,118420790.93832593,118420790.93832593,0,False
2025-05-27,2025-05-26,2025-04-30,0.07078920191470844,0.9666666666666667,,1.6699611622128017,80174146.25637862,0.0,119669841.74362138,119669841.74362138,0,False
2025-05-28,2025-05-27,2025-04-30,0.07078920191470844,0.9666666666666667,,1.6682901710716294,80181834.18821143,0.0,119980567.81178857,119980567.81178857,0,False
2025-05-29,2025-05-28,2025-04-30,0.07078920191470844,0.9666666666666667,,1.665999012704542,81344787.84647317,0.0,122139502.15352683,122139502.15352683,0,False
2025-05-30,2025-05-29,2025-04-30,0.07078920191470844,0.9666666666666667,,1.666000252640965,81840072.64901914,0.0,122882945.35098086,122882945.35098086,0,False
2025-06-03,2025-05-30,2025-05-30,0.06853949190110827,0.8833333333333333,,1.6659984179164813,82982922.41268602,0.0,124599278.58731398,124599278.58731398,0,False
2025-06-04,2025-06-03,2025-05-30,0.06853949190110827,0.8833333333333333,,1.6659996394000651,83408540.45686874,0.0,125238116.54313126,125238116.54313126,0,False
2025-06-05,2025-06-04,2025-05-30,0.06853949190110827,0.8833333333333333,,1.673870167195128,83416538.53609063,0.0,123787255.46390937,123787255.46390937,0,False
2025-06-06,2025-06-05,2025-05-30,0.06853949190110827,0.8833333333333333,,1.6659984788357591,83469554.83227164,0.0,125329948.16772836,125329948.16772836,0,False
2025-06-09,2025-06-06,2025-05-30,0.06853949190110827,0.8833333333333333,,1.6659994371396314,84199394.2545179,0.0,126425623.7454821,126425623.7454821,0,False
2025-06-10,2025-06-09,2025-05-30,0.06853949190110827,0.8833333333333333,,1.6660002618843646,85017581.34453546,5.273360000000025,127653967.92882456,127653967.92882456,0,False
2025-06-11,2025-06-10,2025-05-30,0.06853949190110827,0.8833333333333333,,1.6668929186512664,85025728.44198932,0.0,127495323.55801068,127495323.55801068,0,False
2025-06-12,2025-06-11,2025-05-30,0.06853949190110827,0.8833333333333333,,1.666000348791466,85047297.2930217,0.0,127698577.7069783,127698577.7069783,0,False
2025-06-13,2025-06-12,2025-05-30,0.06853949190110827,0.8833333333333333,,1.681285053547539,85055452.51331006,0.0,124845616.48668994,124845616.48668994,0,False
2025-06-16,2025-06-13,2025-05-30,0.06853949190110827,0.8833333333333333,,1.6760889927982074,85079383.79661745,0.0,125840510.20338255,125840510.20338255,0,False
2025-06-17,2025-06-16,2025-05-30,0.06853949190110827,0.8833333333333333,,1.6764880948376775,85087542.09369384,0.0,125778328.90630616,125778328.90630616,0,False
2025-06-18,2025-06-17,2025-05-30,0.06853949190110827,0.8833333333333333,,1.6729956600623674,85095701.17307268,0.0,126443164.82692732,126443164.82692732,0,False
2025-06-19,2025-06-18,2025-05-30,0.06853949190110827,0.8833333333333333,,1.6716851641622572,85103861.034829,0.0,126702010.965171,126702010.965171,0,False
2025-06-20,2025-06-19,2025-05-30,0.06853949190110827,0.8833333333333333,,1.6660015056752155,86079977.19501783,0.0,129248922.80498217,129248922.80498217,0,False
2025-06-23,2025-06-20,2025-05-30,0.06853949190110827,0.8833333333333333,,1.666000517384248,88125422.13593352,0.0,132320350.86406648,132320350.86406648,0,False
2025-06-24,2025-06-23,2025-05-30,0.06853949190110827,0.8833333333333333,,1.6659994977238168,88433429.17301807,0.0,132783026.82698193,132783026.82698193,0,False
2025-06-25,2025-06-24,2025-05-30,0.06853949190110827,0.8833333333333333,,1.6660002284269813,89323509.84662397,0.0,134119338.15337603,134119338.15337603,0,False
2025-06-26,2025-06-25,2025-05-30,0.06853949190110827,0.8833333333333333,,1.6659996823878596,91091465.12059145,0.0,136774036.87940854,136774036.87940854,0,False
2025-06-27,2025-06-26,2025-05-30,0.06853949190110827,0.8833333333333333,,1.6802438434531057,91076127.91861671,0.0,133887471.08138329,133887471.08138329,0,False
2025-06-30,2025-06-27,2025-05-30,0.06853949190110827,0.8833333333333333,,1.6862946943454664,91102327.9006207,0.0,132745202.0993793,132745202.0993793,0,False
2025-07-01,2025-06-30,2025-06-30,0.06456827714748785,0.6,,1.6794187171042392,91109139.7276424,0.0,134098660.2723576,134098660.2723576,0,False
2025-07-02,2025-07-01,2025-06-30,0.06456827714748785,0.6,,1.6660230168989898,92043200.845533,0.0,138198228.154467,138198228.154467,0,False
2025-07-03,2025-07-02,2025-06-30,0.06456827714748785,0.6,,1.6687300743381364,92052026.90588805,0.0,137651992.09411195,137651992.09411195,0,False
2025-07-04,2025-07-03,2025-06-30,0.06456827714748785,0.6,,1.6659978380916776,93473409.17657766,0.0,140350919.82342234,140350919.82342234,0,False
2025-07-07,2025-07-04,2025-06-30,0.06456827714748785,0.6,,1.6659971978149386,93968785.22933668,0.0,141094865.77066332,141094865.77066332,0,False
2025-07-08,2025-07-07,2025-06-30,0.06456827714748785,0.6,,1.6659996912759498,94048851.61924963,0.0,141214557.38075036,141214557.38075036,0,False
2025-07-09,2025-07-08,2025-06-30,0.06456827714748785,0.6,,1.6660017563564753,94126736.5112416,0.0,141331063.4887584,141331063.4887584,0,False
2025-07-10,2025-07-09,2025-06-30,0.06456827714748785,0.6,,1.6660021044088875,94661156.89605789,0.0,142133420.1039421,142133420.1039421,0,False
2025-07-11,2025-07-10,2025-06-30,0.06456827714748785,0.6,,1.6703324966209048,94670233.99329449,0.0,141228770.00670552,141228770.00670552,0,False
2025-07-14,2025-07-11,2025-06-30,0.06456827714748785,0.6,,1.6661039115282226,94687296.65711477,94.71200070826796,142150797.05488595,142150797.05488595,0,False
2025-07-15,2025-07-14,2025-06-30,0.06456827714748785,0.6,,1.673379065971226,94696281.5489031,0.0,140628490.4510969,140628490.4510969,0,False
2025-07-16,2025-07-15,2025-06-30,0.06456827714748785,0.6,,1.6661701231536636,92117547.56650478,86.54557767295694,138279183.9790729,138279183.9790729,0,False
2025-07-17,2025-07-16,2025-06-30,0.06456827714748785,0.6,,1.6661693271696267,92452358.11709978,0.0,138782069.88290024,138782069.88290024,0,False
2025-07-18,2025-07-17,2025-06-30,0.06456827714748785,0.6,,1.6660966609328827,94144692.35755375,0.0,141337883.64244625,141337883.64244625,0,False
2025-07-21,2025-07-18,2025-06-30,0.06456827714748785,0.6,,1.6660803359145213,95817343.30178304,0.0,143852532.69821697,143852532.69821697,0,False
2025-07-22,2025-07-21,2025-06-30,0.06456827714748785,0.6,,1.6661718253538538,100957670.77774924,0.0,151548995.22225076,151548995.22225076,0,False
2025-07-23,2025-07-22,2025-06-30,0.06456827714748785,0.6,,1.6717657538631756,100967351.65028957,0.0,150301427.34971043,150301427.34971043,0,False
2025-07-24,2025-07-23,2025-06-30,0.06456827714748785,0.6,,1.666174318806428,100345966.2865456,110.90932285980341,150630026.62277725,150630026.62277725,0,False
2025-07-25,2025-07-24,2025-06-30,0.06456827714748785,0.6,,1.6660978808474813,99394738.0389501,75.13376206472338,149219305.09481198,149219305.09481198,0,False
2025-07-28,2025-07-25,2025-06-30,0.06456827714748785,0.6,,1.6660954281116471,96633324.67059392,180.59607275668532,145074023.92547885,145074023.92547885,0,False
2025-07-29,2025-07-28,2025-06-30,0.06456827714748785,0.6,,1.666002074192058,96510952.91703174,109.66332559564421,144910724.74629387,144910724.74629387,0,False
2025-07-30,2025-07-29,2025-06-30,0.06456827714748785,0.6,,1.6659983463051906,97082594.55514339,0.0,145770023.4448566,145770023.4448566,0,False
2025-07-31,2025-07-30,2025-06-30,0.06456827714748785,0.6,,1.7029505383761225,97091903.84503223,0.0,138120534.15496778,138120534.15496778,0,False
2025-08-01,2025-07-31,2025-07-31,0.06334185209003215,0.5333333333333333,,1.6978955273581224,97101214.02759272,0.0,139134311.97240728,139134311.97240728,0,False
2025-08-04,2025-08-01,2025-07-31,0.06334185209003215,0.5333333333333333,,1.6980588198057909,97129147.25354587,0.0,139141780.74645412,139141780.74645412,0,False
2025-08-05,2025-08-04,2025-07-31,0.06334185209003215,0.5333333333333333,,1.6907482428981948,97138461.0073921,0.0,140627879.9926079,140627879.9926079,0,False
2025-08-06,2025-08-05,2025-07-31,0.06334185209003215,0.5333333333333333,,1.676302969592623,97147775.654338,0.0,143645348.345662,143645348.345662,0,False
2025-08-07,2025-08-06,2025-07-31,0.06334185209003215,0.5333333333333333,,1.6707325533132784,97157091.19446924,0.0,144852207.80553076,144852207.80553076,0,False
2025-08-08,2025-08-07,2025-07-31,0.06334185209003215,0.5333333333333333,,1.6671295394008663,97166407.62787145,0.0,145648486.37212855,145648486.37212855,0,False
2025-08-11,2025-08-08,2025-07-31,0.06334185209003215,0.5333333333333333,,1.6659979703483607,98009888.20978796,0.0,147162442.79021204,147162442.79021204,0,False
2025-08-12,2025-08-11,2025-07-31,0.06334185209003215,0.5333333333333333,,1.6661757070649752,99255459.09929644,0.0,148992912.90070355,148992912.90070355,0,False
2025-08-13,2025-08-12,2025-07-31,0.06334185209003215,0.5333333333333333,,1.665999730446906,99890104.4615994,0.0,149985202.5384006,149985202.5384006,0,False
2025-08-14,2025-08-13,2025-07-31,0.06334185209003215,0.5333333333333333,,1.690793776917338,99899682.96476695,0.0,144615783.03523305,144615783.03523305,0,False
2025-08-15,2025-08-14,2025-07-31,0.06334185209003215,0.5333333333333333,,1.6659996980945697,100146846.4779511,0.0,150370708.5220489,150370708.5220489,0,False
2025-08-18,2025-08-15,2025-07-31,0.06334185209003215,0.5333333333333333,,1.6841814356187659,100175655.84474613,0.0,146416799.1552539,146416799.1552539,0,False
2025-08-19,2025-08-18,2025-07-31,0.06334185209003215,0.5333333333333333,,1.686434382819637,100185261.72955316,0.0,145950238.27044684,145950238.27044684,0,False
2025-08-20,2025-08-19,2025-07-31,0.06334185209003215,0.5333333333333333,,1.6892244759593598,100194868.53547244,0.0,145373346.46452755,145373346.46452755,0,False
2025-08-21,2025-08-20,2025-07-31,0.06334185209003215,0.5333333333333333,,1.6938947369016109,100204476.26259227,0.0,144408756.73740774,144408756.73740774,0,False
2025-08-22,2025-08-21,2025-07-31,0.06334185209003215,0.5333333333333333,,1.6962664309177302,100214084.91100101,0.0,143930657.08899897,143930657.08899897,0,False
2025-08-25,2025-08-22,2025-07-31,0.06334185209003215,0.5333333333333333,,1.6659992159145374,100696594.36326897,0.0,151196265.63673103,151196265.63673103,0,False
2025-08-26,2025-08-25,2025-07-31,0.06334185209003215,0.5333333333333333,,1.6659976292285692,101204829.94488463,0.0,151959745.05511537,151959745.05511537,0,False
2025-08-27,2025-08-26,2025-07-31,0.06334185209003215,0.5333333333333333,,1.6903570658898055,101214534.51761907,0.0,146611861.48238093,146611861.48238093,0,False
2025-08-28,2025-08-27,2025-07-31,0.06334185209003215,0.5333333333333333,,1.6780743080644054,101224240.02092898,0.0,149281927.97907102,149281927.97907102,0,False
2025-08-29,2025-08-28,2025-07-31,0.06334185209003215,0.5333333333333333,,1.6720511474025817,101233946.45490359,0.0,150634288.5450964,150634288.5450964,0,False
2025-09-01,2025-08-29,2025-08-29,0.05720678987150416,0.3333333333333333,,1.669807031420972,101259000.58039925,0.0,151176377.41960075,151176377.41960075,0,False
2025-09-02,2025-09-01,2025-08-29,0.05720678987150416,0.3333333333333333,,1.6659999248885684,101910829.79141818,0.0,153019281.2085818,153019281.2085818,0,False
2025-09-03,2025-09-02,2025-08-29,0.05720678987150416,0.3333333333333333,,1.6818118863591403,101920602.06276804,0.0,149484929.93723196,149484929.93723196,0,False
2025-09-04,2025-09-03,2025-08-29,0.05720678987150416,0.3333333333333333,,1.6880821704393403,101924202.42349502,0.0,148127951.57650498,148127951.57650498,0,False
2025-09-05,2025-09-04,2025-08-29,0.05720678987150416,0.3333333333333333,,1.6659996250036795,103101909.26510207,0.0,154807758.7348979,154807758.7348979,0,False
2025-09-08,2025-09-05,2025-08-29,0.05720678987150416,0.3333333333333333,,1.6659966432771294,103183576.3333223,0.0,154931075.6666777,154931075.6666777,0,False
2025-09-09,2025-09-08,2025-08-29,0.05720678987150416,0.3333333333333333,,1.6697063420790585,103193470.64886111,0.0,154087641.3511389,154087641.3511389,0,False
2025-09-10,2025-09-09,2025-08-29,0.05720678987150416,0.3333333333333333,,1.686484274898042,103203365.9131699,0.0,150336096.08683008,150336096.08683008,0,False
2025-09-11,2025-09-10,2025-08-29,0.05720678987150416,0.3333333333333333,,1.6660000215071518,103329368.72317967,0.0,155149197.27682033,155149197.27682033,0,False
2025-09-12,2025-09-11,2025-08-29,0.05720678987150416,0.3333333333333333,,1.666000470062851,106157240.89780065,0.0,159395144.10219935,159395144.10219935,0,False
2025-09-15,2025-09-12,2025-08-29,0.05720678987150416,0.3333333333333333,,1.665997779375315,107469896.29952851,0.0,161366748.7004715,161366748.7004715,0,False
2025-09-16,2025-09-15,2025-08-29,0.05720678987150416,0.3333333333333333,,1.6660358000150444,104936181.02305444,606.9761240554799,157552452.95306963,157552452.95306963,0,False
2025-09-17,2025-09-16,2025-08-29,0.05720678987150416,0.3333333333333333,,1.6659976936797505,106613735.90218315,0.31671000000005733,160081238.41452685,160081238.41452685,0,False
2025-09-18,2025-09-17,2025-08-29,0.05720678987150416,0.3333333333333333,,1.708864042957393,106623958.82042268,0.0,150415245.17957732,150415245.17957732,0,False
2025-09-19,2025-09-18,2025-08-29,0.05720678987150416,0.3333333333333333,,1.6881992740662632,106634183.03565204,0.0,154946665.96434796,154946665.96434796,0,False
2025-09-22,2025-09-19,2025-08-29,0.05720678987150416,0.3333333333333333,,1.687302531633433,105468173.7151927,0.0,153452328.2848073,153452328.2848073,0,False
2025-09-23,2025-09-22,2025-08-29,0.05720678987150416,0.3333333333333333,,1.6864655928364842,105478287.10171334,0.0,153654149.89828664,153654149.89828664,0,False
2025-09-24,2025-09-23,2025-08-29,0.05720678987150416,0.3333333333333333,,1.676681167910876,105488401.45801076,0.0,155890848.54198924,155890848.54198924,0,False
2025-09-25,2025-09-24,2025-08-29,0.05720678987150416,0.3333333333333333,,1.6808017024311626,105498516.78417797,0.0,154962181.21582204,154962181.21582204,0,False
2025-09-26,2025-09-25,2025-08-29,0.05720678987150416,0.3333333333333333,,1.6769889656102104,105369133.08030796,0.0,155643796.91969204,155643796.91969204,0,False
2025-09-29,2025-09-26,2025-08-29,0.05720678987150416,0.3333333333333333,,1.6660000307768321,105637658.89055833,0.0,158615096.10944167,158615096.10944167,0,False
2025-09-30,2025-09-29,2025-08-29,0.05720678987150416,0.3333333333333333,,1.6659989989888089,106554863.29633209,0.0,159992527.7036679,159992527.7036679,0,False
2025-10-09,2025-09-30,2025-09-30,0.05647007507507508,0.31666666666666665,,1.6660004325517297,114943903.05965249,0.0,172588330.9403475,172588330.9403475,0,False
2025-10-10,2025-10-09,2025-09-30,0.05647007507507508,0.31666666666666665,,1.6659996103698975,115199744.88633412,0.0,172972691.11366588,172972691.11366588,0,False
2025-10-13,2025-10-10,2025-09-30,0.05647007507507508,0.31666666666666665,,1.6783252546064888,115232884.53897266,0.0,169878511.46102732,169878511.46102732,0,False
2025-10-14,2025-10-13,2025-09-30,0.05647007507507508,0.31666666666666665,,1.6805029002773764,115243934.26762709,0.0,169351128.7323729,169351128.7323729,0,False
2025-10-15,2025-10-14,2025-09-30,0.05647007507507508,0.31666666666666665,,1.6659987485431553,119093208.54248452,0.0,178818967.45751548,178818967.45751548,0,False
2025-10-16,2025-10-15,2025-09-30,0.05647007507507508,0.31666666666666665,,1.6703975876397714,119104628.43919407,0.0,177662674.56080592,177662674.56080592,0,False
2025-10-17,2025-10-16,2025-09-30,0.05647007507507508,0.31666666666666665,,1.6732334363102892,118880709.23496221,0.0,176581706.76503778,176581706.76503778,0,False
2025-10-20,2025-10-17,2025-09-30,0.05647007507507508,0.31666666666666665,,1.6659960595941,119727907.0952031,0.0,179772695.9047969,179772695.9047969,0,False
2025-10-21,2025-10-20,2025-09-30,0.05647007507507508,0.31666666666666665,,1.6660001259555417,121829907.5226677,0.0,182927754.4773323,182927754.4773323,0,False
2025-10-22,2025-10-21,2025-09-30,0.05647007507507508,0.31666666666666665,,1.6659992508364172,121894989.44405714,0.0,183025715.55594286,183025715.55594286,0,False
2025-10-23,2025-10-22,2025-09-30,0.05647007507507508,0.31666666666666665,,1.666001370666426,127610734.25192876,0.0,191607314.74807125,191607314.74807125,0,False
2025-10-24,2025-10-23,2025-09-30,0.05647007507507508,0.31666666666666665,,1.666022653982217,125586509.84614584,102.34741689710563,188561765.50127104,188561765.50127104,0,False
2025-10-27,2025-10-24,2025-09-30,0.05647007507507508,0.31666666666666665,,1.6659996310669267,128110447.76513906,0.0,192358136.23486096,192358136.23486096,0,False
2025-10-28,2025-10-27,2025-09-30,0.05647007507507508,0.31666666666666665,,1.6969367414513183,128122732.32862338,0.0,183836960.67137662,183836960.67137662,0,False
2025-10-29,2025-10-28,2025-09-30,0.05647007507507508,0.31666666666666665,,1.6660003994835335,131360997.82927954,0.0,197238617.17072046,197238617.17072046,0,False
2025-10-30,2025-10-29,2025-09-30,0.05647007507507508,0.31666666666666665,,1.6660236288108488,132353371.84052536,0.0,198721736.15947464,198721736.15947464,0,False
2025-10-31,2025-10-30,2025-09-30,0.05647007507507508,0.31666666666666665,,1.6660231433351136,130510679.8390112,26.458878261968493,195955132.6198671,195955132.6198671,0,False
2025-11-03,2025-10-31,2025-10-31,0.057861011372251706,0.36666666666666664,,1.6660248663008919,137473115.0149658,0.0,206408381.9850342,206408381.9850342,0,False
2025-11-04,2025-11-03,2025-10-31,0.057861011372251706,0.36666666666666664,,1.6660225197179088,134968469.5146054,110.30122501589358,202648341.7866196,202648341.7866196,0,False
2025-11-05,2025-11-04,2025-10-31,0.057861011372251706,0.36666666666666664,,1.6660233651884138,133462425.04867117,13.793232546667355,200386980.74456137,200386980.74456137,0,False
2025-11-06,2025-11-05,2025-10-31,0.057861011372251706,0.36666666666666664,,1.6660267800303137,142820371.01604414,0.0,214436378.98395586,214436378.98395586,0,False
2025-11-07,2025-11-06,2025-10-31,0.057861011372251706,0.36666666666666664,,1.6660233737467751,145069402.16917416,0.0,217814280.83082584,217814280.83082584,0,False
2025-11-10,2025-11-07,2025-10-31,0.057861011372251706,0.36666666666666664,,1.66602431336945,146200631.67070886,0.0,219512454.32929114,219512454.32929114,0,False
2025-11-11,2025-11-10,2025-10-31,0.057861011372251706,0.36666666666666664,,1.6660227239848704,143742134.04036477,459.8431325443089,215820975.80276778,215820975.80276778,0,False
2025-11-12,2025-11-11,2025-10-31,0.057861011372251706,0.36666666666666664,,1.6673850667609933,143755457.68953747,0.0,215401070.31046253,215401070.31046253,0,False
2025-11-13,2025-11-12,2025-10-31,0.057861011372251706,0.36666666666666664,,1.6659994902969288,144274184.9219729,0.0,216628071.0780271,216628071.0780271,0,False
2025-11-14,2025-11-13,2025-10-31,0.057861011372251706,0.36666666666666664,,1.6906765468123652,144288019.4328558,0.0,208908236.5671442,208908236.5671442,0,False
2025-11-17,2025-11-14,2025-10-31,0.057861011372251706,0.36666666666666664,,1.7003812682681225,144329505.9452954,0.0,206072767.0547046,206072767.0547046,0,False
2025-11-18,2025-11-17,2025-10-31,0.057861011372251706,0.36666666666666664,,1.7303472523681067,144343345.760934,0.0,197636597.239066,197636597.239066,0,False
2025-11-19,2025-11-18,2025-10-31,0.057861011372251706,0.36666666666666664,,1.6661979791480106,133692636.93415032,370.11584211792797,200679484.18169177,200679484.18169177,0,False
2025-11-20,2025-11-19,2025-10-31,0.057861011372251706,0.36666666666666664,,1.6719012168364575,133591088.400206,0.0,198825489.599794,198825489.599794,0,False
2025-11-21,2025-11-20,2025-10-31,0.057861011372251706,0.36666666666666664,,1.7017998342153333,133603879.70457314,0.0,190373199.29542685,190373199.29542685,0,False
2025-11-24,2025-11-21,2025-10-31,0.057861011372251706,0.36666666666666664,,1.6693527934485748,124039010.28801486,0.0,185311858.71198514,185311858.71198514,0,False
2025-11-25,2025-11-24,2025-10-31,0.057861011372251706,0.36666666666666664,,1.6660006026366574,126586227.03042631,0.0,190069237.96957368,190069237.96957368,0,False
2025-11-26,2025-11-25,2025-10-31,0.057861011372251706,0.36666666666666664,,1.6753706046946146,126598365.435758,0.0,187450215.564242,187450215.564242,0,False
2025-11-27,2025-11-26,2025-10-31,0.057861011372251706,0.36666666666666664,,1.6699920368497823,126610505.00504635,0.0,188973148.99495363,188973148.99495363,0,False
2025-11-28,2025-11-27,2025-10-31,0.057861011372251706,0.36666666666666664,,1.6659991583648406,127442946.96161301,0.0,191356018.038387,191356018.038387,0,False
2025-12-01,2025-11-28,2025-11-28,0.05827511656441718,0.36666666666666664,,1.6660007622236954,130376442.2479369,0.0,195760199.7520631,195760199.7520631,0,False
2025-12-02,2025-12-01,2025-11-28,0.05827511656441718,0.36666666666666664,,1.6729354690528786,130388944.09856342,0.0,193761437.90143657,193761437.90143657,0,False
2025-12-03,2025-12-02,2025-11-28,0.05827511656441718,0.36666666666666664,,1.665999301254455,130723562.57679753,0.0,196281831.42320246,196281831.42320246,0,False
2025-12-04,2025-12-03,2025-11-28,0.05827511656441718,0.36666666666666664,,1.6667513068722544,130736097.71293503,0.0,196079252.28706497,196079252.28706497,0,False
2025-12-05,2025-12-04,2025-11-28,0.05827511656441718,0.36666666666666664,,1.6660006851317295,135758171.0395319,0.0,203840887.9604681,203840887.9604681,0,False
2025-12-08,2025-12-05,2025-11-28,0.05827511656441718,0.36666666666666664,,1.665999055281559,136100627.13055792,0.0,204355585.86944208,204355585.86944208,0,False
2025-12-09,2025-12-08,2025-11-28,0.05827511656441718,0.36666666666666664,,1.690167612798238,136113677.87562525,0.0,197218292.12437475,197218292.12437475,0,False
2025-12-10,2025-12-09,2025-11-28,0.05827511656441718,0.36666666666666664,,1.6660217886501179,132076532.01115884,170.46130495783444,198306367.45014614,198306367.45014614,0,False
2025-12-11,2025-12-10,2025-11-28,0.05827511656441718,0.36666666666666664,,1.6679268358261712,132089026.42278646,0.0,197759723.57721353,197759723.57721353,0,False
2025-12-12,2025-12-11,2025-11-28,0.05827511656441718,0.36666666666666664,,1.6673889572892953,132101692.4938133,0.0,197938085.5061867,197938085.5061867,0,False
2025-12-15,2025-12-12,2025-11-28,0.05827511656441718,0.36666666666666664,,1.6734267468865156,132139694.3505581,0.0,196219848.6494419,196219848.6494419,0,False
2025-12-16,2025-12-15,2025-11-28,0.05827511656441718,0.36666666666666664,,1.699629147474694,132152365.28015336,0.0,188889164.71984664,188889164.71984664,0,False
2025-12-17,2025-12-16,2025-11-28,0.05827511656441718,0.36666666666666664,,1.6751153003231793,132164585.65783927,0.0,195765946.34216073,195765946.34216073,0,False
2025-12-18,2025-12-17,2025-11-28,0.05827511656441718,0.36666666666666664,,1.665997611469325,132775477.7711022,0.0,199363294.2288978,199363294.2288978,0,False
2025-12-19,2025-12-18,2025-11-28,0.05827511656441718,0.36666666666666664,,1.6659991539380943,136101818.12307096,0.0,204357343.87692904,204357343.87692904,0,False
2025-12-22,2025-12-19,2025-11-28,0.05827511656441718,0.36666666666666664,,1.6659996011073006,136958207.55130717,0.0,205643077.44869283,205643077.44869283,0,False
2025-12-23,2025-12-22,2025-11-28,0.05827511656441718,0.36666666666666664,,1.6659988974370816,137988574.37788346,0.0,207190394.62211654,207190394.62211654,0,False
2025-12-24,2025-12-23,2025-11-28,0.05827511656441718,0.36666666666666664,,1.666000532262573,142384958.25268817,0.0,213791057.74731183,213791057.74731183,0,False
2025-12-25,2025-12-24,2025-11-28,0.05827511656441718,0.36666666666666664,,1.6755424332504127,142190263.7048494,0.0,210483097.2951506,210483097.2951506,0,False
2025-12-26,2025-12-25,2025-11-28,0.05827511656441718,0.36666666666666664,,1.6660000006044657,142925192.7213204,0.0,214602391.2786796,214602391.2786796,0,False
2025-12-29,2025-12-26,2025-11-28,0.05827511656441718,0.36666666666666664,,1.680268234999367,142966308.18771967,0.0,210161669.81228033,210161669.81228033,0,False
2025-12-30,2025-12-29,2025-11-28,0.05827511656441718,0.36666666666666664,,1.6706462899934262,142979324.6417451,0.0,213196325.3582549,213196325.3582549,0,False
2025-12-31,2025-12-30,2025-11-28,0.05827511656441718,0.36666666666666664,,1.669537936480733,142993034.98794362,0.0,213569728.01205638,213569728.01205638,0,False
2026-01-05,2025-12-31,2025-12-31,0.056489518740629685,0.2833333333333333,,1.6660008067520398,148009196.4688799,0.0,222235761.5311201,222235761.5311201,0,False
2026-01-06,2026-01-05,2025-12-31,0.056489518740629685,0.2833333333333333,,1.6660006469145163,156819786.62885502,0.0,235464916.37114498,235464916.37114498,0,False
2026-01-07,2026-01-06,2025-12-31,0.056489518740629685,0.2833333333333333,,1.6696731370076359,156834824.14264134,0.0,234196080.85735866,234196080.85735866,0,False
2026-01-08,2026-01-07,2025-12-31,0.056489518740629685,0.2833333333333333,,1.6701689114865763,156849863.09838104,0.0,234045268.90161896,234045268.90161896,0,False
2026-01-09,2026-01-08,2025-12-31,0.056489518740629685,0.2833333333333333,,1.666039984325692,158052896.4604024,0.0,237302414.5395976,237302414.5395976,0,False
2026-01-12,2026-01-09,2025-12-31,0.056489518740629685,0.2833333333333333,,1.6659968986428018,160999205.8935869,0.0,241741675.1064131,241741675.1064131,0,False
2026-01-13,2026-01-12,2025-12-31,0.056489518740629685,0.2833333333333333,,1.6659977920450106,163392105.6656041,0.0,245334305.3343959,245334305.3343959,0,False
2026-01-14,2026-01-13,2025-12-31,0.056489518740629685,0.2833333333333333,,1.6783938599355444,163407773.40176383,0.0,240874487.59823617,240874487.59823617,0,False
2026-01-15,2026-01-14,2025-12-31,0.056489518740629685,0.2833333333333333,,1.666072308119467,167815748.64450923,0.0,251948244.35549077,251948244.35549077,0,False
2026-01-16,2026-01-15,2025-12-31,0.056489518740629685,0.2833333333333333,,1.6659999857658465,167904557.46665215,0.0,252108950.53334785,252108950.53334785,0,False
2026-01-19,2026-01-16,2025-12-31,0.056489518740629685,0.2833333333333333,,1.6659999935173202,172486539.0726642,0.0,258988799.9273358,258988799.9273358,0,False
2026-01-20,2026-01-19,2025-12-31,0.056489518740629685,0.2833333333333333,,1.668247735042263,172503078.87778077,0.0,258142407.12221923,258142407.12221923,0,False
2026-01-21,2026-01-20,2025-12-31,0.056489518740629685,0.2833333333333333,,1.6701594686231107,172519620.26890603,0.0,257430698.73109397,257430698.73109397,0,False
2026-01-22,2026-01-21,2025-12-31,0.056489518740629685,0.2833333333333333,,1.6659985236211232,178539120.3891121,0.0,268077351.6108879,268077351.6108879,0,False
2026-01-23,2026-01-22,2025-12-31,0.056489518740629685,0.2833333333333333,,1.6660185722938456,189071564.09030846,0.0,283883320.9096916,283883320.9096916,0,False
2026-01-26,2026-01-23,2025-12-31,0.056489518740629685,0.2833333333333333,,1.6661246489997013,196225181.54875222,0.0,294577271.4512478,294577271.4512478,0,False
2026-01-27,2026-01-26,2025-12-31,0.056489518740629685,0.2833333333333333,,1.6660317527425226,197867404.72333142,0.0,297084041.27666855,297084041.27666855,0,False
2026-01-28,2026-01-27,2025-12-31,0.056489518740629685,0.2833333333333333,,1.6660258195720312,211272423.96546572,0.0,317213564.0345343,317213564.0345343,0,False
2026-01-29,2026-01-28,2025-12-31,0.056489518740629685,0.2833333333333333,,1.6660221968653215,209584363.86529398,431.7585599254817,314680100.89326596,314680100.89326596,0,False
2026-01-30,2026-01-29,2025-12-31,0.056489518740629685,0.2833333333333333,,1.6660190377773696,200013069.2258146,776.9519789656624,300310172.72616434,300310172.72616434,0,False
2026-02-02,2026-01-30,2026-01-30,0.05668231563201197,0.2833333333333333,,1.703249694433783,191172907.71538126,0.0,271842148.28461874,271842148.28461874,0,False
2026-02-03,2026-02-02,2026-01-30,0.05668231563201197,0.2833333333333333,,1.6738050048778423,191191239.3640663,0.0,283748618.6359337,283748618.6359337,0,False
2026-02-04,2026-02-03,2026-01-30,0.05668231563201197,0.2833333333333333,,1.6660032366234556,194856717.68253067,0.0,292576232.31746936,292576232.31746936,0,False
2026-02-05,2026-02-04,2026-01-30,0.05668231563201197,0.2833333333333333,,1.6873619665120465,194875402.57326734,0.0,283512053.42673266,283512053.42673266,0,False
2026-02-06,2026-02-05,2026-01-30,0.05668231563201197,0.2833333333333333,,1.6913317725555992,194130152.75570586,0.0,280806062.24429417,280806062.24429417,0,False
2026-02-09,2026-02-06,2026-01-30,0.05668231563201197,0.2833333333333333,,1.6785947982672726,194185998.41608763,0.0,286158984.5839124,286158984.5839124,0,False
2026-02-10,2026-02-09,2026-01-30,0.05668231563201197,0.2833333333333333,,1.6893666204533386,194204618.9912782,0.0,281714567.0087218,281714567.0087218,0,False
2026-02-11,2026-02-10,2026-01-30,0.05668231563201197,0.2833333333333333,,1.6812445693225573,194223241.3520034,0.0,285100608.6479966,285100608.6479966,0,False
2026-02-12,2026-02-11,2026-01-30,0.05668231563201197,0.2833333333333333,,1.6819276392494014,194241865.49843442,0.0,284842341.5015656,284842341.5015656,0,False
2026-02-13,2026-02-12,2026-01-30,0.05668231563201197,0.2833333333333333,,1.7139355659393622,194260491.4307425,0.0,272098072.5692575,272098072.5692575,0,False
2026-02-24,2026-02-13,2026-01-30,0.05668231563201197,0.2833333333333333,,1.6770911149761998,194465396.3326626,0.0,287207130.6673374,287207130.6673374,0,False
2026-02-25,2026-02-24,2026-01-30,0.05668231563201197,0.2833333333333333,,1.6659987554165256,195057368.70050424,0.0,292879479.29949576,292879479.29949576,0,False
2026-02-26,2026-02-25,2026-01-30,0.05668231563201197,0.2833333333333333,,1.6659997503109378,196777353.89463952,0.0,295461603.1053605,295461603.1053605,0,False
2026-02-27,2026-02-26,2026-01-30,0.05668231563201197,0.2833333333333333,,1.6659991333531543,198715490.0521319,0.0,298371994.9478681,298371994.9478681,0,False
2026-03-02,2026-02-27,2026-02-27,0.057141754688672164,0.2833333333333333,,1.6660014539184471,206973846.7559969,0.0,310770863.24400306,310770863.24400306,0,False
2026-03-03,2026-03-02,2026-02-27,0.057141754688672164,0.2833333333333333,,1.677314898055562,206993693.56322008,0.0,305609243.4367799,305609243.4367799,0,False
2026-03-04,2026-03-03,2026-02-27,0.057141754688672164,0.2833333333333333,,1.6659980993294972,208449167.21587178,0.0,312987630.7841282,312987630.7841282,0,False
2026-03-05,2026-03-04,2026-02-27,0.057141754688672164,0.2833333333333333,,1.6659994852930882,213790060.72738013,0.0,321006345.27261984,321006345.27261984,0,False
2026-03-06,2026-03-05,2026-02-27,0.057141754688672164,0.2833333333333333,,1.6701687026589012,213810561.1441622,0.0,319039907.8558378,319039907.8558378,0,False
2026-03-09,2026-03-06,2026-02-27,0.057141754688672164,0.2833333333333333,,1.6660000739199203,215999161.1728286,0.0,324323028.8271714,324323028.8271714,0,False
2026-03-10,2026-03-09,2026-02-27,0.057141754688672164,0.2833333333333333,,1.6836263132124287,216019156.78938025,0.0,315990114.21061975,315990114.21061975,0,False
2026-03-11,2026-03-10,2026-02-27,0.057141754688672164,0.2833333333333333,,1.6659986550069419,219473594.6231598,0.0,329540597.37684023,329540597.37684023,0,False
2026-03-12,2026-03-11,2026-02-27,0.057141754688672164,0.2833333333333333,,1.666025642980308,228229055.46514282,0.0,342673075.53485715,342673075.53485715,0,False
2026-03-13,2026-03-12,2026-02-27,0.057141754688672164,0.2833333333333333,,1.666013328548641,222126378.97691932,135.09031519990947,333516214.1133959,333516214.1133959,0,False
2026-03-16,2026-03-13,2026-02-27,0.057141754688672164,0.2833333333333333,,1.700064748889938,222190143.25589886,0.0,317385132.74410117,317385132.74410117,0,False
2026-03-17,2026-03-16,2026-02-27,0.057141754688672164,0.2833333333333333,,1.7471703273978714,222211449.1600467,0.0,297404006.8399533,297404006.8399533,0,False
2026-03-18,2026-03-17,2026-02-27,0.057141754688672164,0.2833333333333333,,1.7684725373983639,222232757.10722643,0.0,289187636.89277357,289187636.89277357,0,False
2026-03-19,2026-03-18,2026-02-27,0.057141754688672164,0.2833333333333333,,1.7944473360872062,222254067.097634,0.0,279759345.90236604,279759345.90236604,0,False
2026-03-20,2026-03-19,2026-02-27,0.057141754688672164,0.2833333333333333,,1.811369925150343,222275379.13146526,0.0,273950724.86853474,273950724.86853474,0,False
2026-03-23,2026-03-20,2026-02-27,0.057141754688672164,0.2833333333333333,,1.8609558204767533,222338534.76773813,0.0,258246160.23226187,258246160.23226187,0,False
2026-03-24,2026-03-23,2026-02-27,0.057141754688672164,0.2833333333333333,,1.7896186426942229,209126048.45044902,0.0,264844365.54955098,264844365.54955098,0,False
2026-03-25,2026-03-24,2026-02-27,0.057141754688672164,0.2833333333333333,,1.7308554599676553,195762632.53235713,0.0,267854101.46764287,267854101.46764287,0,False
2026-03-26,2026-03-25,2026-02-27,0.057141754688672164,0.2833333333333333,,1.6660965625601756,178250410.29976708,209.63272601804374,267604144.33295894,267604144.33295894,0,False
2026-03-27,2026-03-26,2026-02-27,0.057141754688672164,0.2833333333333333,,1.6660288461530046,180803813.4643483,0.0,271465439.5356517,271465439.5356517,0,False
2026-03-30,2026-03-27,2026-02-27,0.057141754688672164,0.2833333333333333,,1.6660295157873506,188721900.9798164,0.0,283353660.02018356,283353660.02018356,0,False
2026-03-31,2026-03-30,2026-02-27,0.057141754688672164,0.2833333333333333,,1.666022258969775,185112026.2760948,214.07959649999975,277936374.8035017,277936374.8035017,0,False
2026-04-01,2026-03-31,2026-03-31,0.057016969924812026,0.26666666666666666,,1.6660226748136515,186294451.49859133,0.0,279711875.5014087,279711875.5014087,0,False
2026-04-02,2026-04-01,2026-03-31,0.057016969924812026,0.26666666666666666,,1.6660241816526158,189696057.0010749,0.0,284818572.9989251,284818572.9989251,0,False
2026-04-03,2026-04-02,2026-03-31,0.057016969924812026,0.26666666666666666,,1.6660228877264753,185909647.56739727,23.916539246216416,279133986.34914196,279133986.34914196,0,False
2026-04-07,2026-04-03,2026-03-31,0.057016969924812026,0.26666666666666666,,1.666101660750778,190266141.38689387,0.0,285641295.61310613,285641295.61310613,0,False
2026-04-08,2026-04-07,2026-03-31,0.057016969924812026,0.26666666666666666,,1.6660255439059557,201696368.65115303,0.0,302835785.348847,302835785.348847,0,False
2026-04-09,2026-04-08,2026-03-31,0.057016969924812026,0.26666666666666666,,1.672257745832209,201715709.3988319,0.0,300057099.6011681,300057099.6011681,0,False
2026-04-10,2026-04-09,2026-03-31,0.057016969924812026,0.26666666666666666,,1.682715159883115,201735052.001103,0.0,295489339.99889696,295489339.99889696,0,False
2026-04-13,2026-04-10,2026-03-31,0.057016969924812026,0.26666666666666666,,1.7084156577719696,201793085.37222663,0.0,284851249.6277734,284851249.6277734,0,False
2026-04-14,2026-04-13,2026-03-31,0.057016969924812026,0.26666666666666666,,1.6878945841804591,201812435.39411163,0.0,293376979.60588837,293376979.60588837,0,False
2026-04-15,2026-04-14,2026-03-31,0.057016969924812026,0.26666666666666666,,1.6660216796779375,195215989.08519554,189.71225733360882,293107274.6270618,293107274.6270618,0,False
2026-04-16,2026-04-15,2026-03-31,0.057016969924812026,0.26666666666666666,,1.6660002914948342,196542791.54669735,0.0,295109167.4533026,295109167.4533026,0,False
2026-04-17,2026-04-16,2026-03-31,0.057016969924812026,0.26666666666666666,,1.6660122237229311,194548254.92491066,327.58930088814145,292108643.6643902,292108643.6643902,0,False
2026-04-20,2026-04-17,2026-03-31,0.057016969924812026,0.26666666666666666,,1.6660223188626795,192992831.13487595,364.25651793128486,289768768.12164193,289768768.12164193,0,False
2026-04-21,2026-04-20,2026-03-31,0.057016969924812026,0.26666666666666666,,1.6659996170886757,193643475.5451277,0.0,290756136.4548723,290756136.4548723,0,False
2026-04-22,2026-04-21,2026-03-31,0.057016969924812026,0.26666666666666666,,1.6806080217977444,193662044.0975772,0.0,284542699.9024228,284542699.9024228,0,False
2026-04-23,2026-04-22,2026-03-31,0.057016969924812026,0.26666666666666666,,1.6784311896088062,193680614.43057287,0.0,285483063.56942713,285483063.56942713,0,False
2026-04-24,2026-04-23,2026-03-31,0.057016969924812026,0.26666666666666666,,1.666017631909301,190933450.39550593,25.66786054779743,286679234.2723546,286679234.2723546,0,False
2026-04-27,2026-04-24,2026-03-31,0.057016969924812026,0.26666666666666666,,1.6660234790725377,189108774.7347138,6.023105714861799,283937090.28839195,283937090.28839195,0,False
2026-04-28,2026-04-27,2026-03-31,0.057016969924812026,0.26666666666666666,,1.6660235991595247,190787647.38238335,0.0,286457788.61761665,286457788.61761665,0,False
2026-04-29,2026-04-28,2026-03-31,0.057016969924812026,0.26666666666666666,,1.666022129265068,186548928.2771944,207.2653876972323,280093877.9881933,280093877.9881933,0,False
2026-04-30,2026-04-29,2026-03-31,0.057016969924812026,0.26666666666666666,,1.666021937693746,183886016.40337473,203.75298157003346,276095729.3496068,276095729.3496068,0,False
2026-05-06,2026-04-30,2026-04-30,0.054729166064981946,0.2,,1.6696361599072482,183991162.31551826,0.0,274762883.68448174,274762883.68448174,0,False
2026-05-07,2026-05-06,2026-04-30,0.054729166064981946,0.2,,1.665998596958837,184378370.9514355,0.0,276844984.0485645,276844984.0485645,0,False
2026-05-08,2026-05-07,2026-04-30,0.054729166064981946,0.2,,1.6722601973892814,181939710.351598,0.0,270638825.648402,270638825.648402,0,False
2026-05-11,2026-05-08,2026-04-30,0.054729166064981946,0.2,,1.6660127266253906,180566473.9971922,14.416728121228516,271115629.41953593,271115629.41953593,0,False
2026-05-12,2026-05-11,2026-04-30,0.054729166064981946,0.2,,1.5234802659471565,179153190.69420856,38396009.919767484,268887272.22555894,268887272.22555894,0,False
2026-05-13,2026-05-12,2026-04-30,0.054729166064981946,0.2,,1.666009281788125,178242298.1094908,286.04324946866393,267626918.93375868,267626918.93375868,0,False
2026-05-14,2026-05-13,2026-04-30,0.054729166064981946,0.2,,1.6724091625370574,178259103.79345733,0.0,265105108.20654267,265105108.20654267,0,False
2026-05-15,2026-05-14,2026-04-30,0.054729166064981946,0.2,,1.6765968694552538,178276197.13217726,0.0,263489538.86782274,263489538.86782274,0,False
2026-05-18,2026-05-15,2026-04-30,0.054729166064981946,0.2,,1.6660210192803857,171241736.8063112,359.46076234391194,257111070.6544512,257111070.6544512,0,False
2026-05-19,2026-05-18,2026-04-30,0.054729166064981946,0.2,,1.665998427575186,173343930.12624452,0.0,260276785.87375548,260276785.87375548,0,False
2026-05-20,2026-05-19,2026-04-30,0.054729166064981946,0.2,,1.6661792580987704,171659312.75813693,283.1257653842781,257676935.36762846,257676935.36762846,0,False
2026-05-21,2026-05-20,2026-04-30,0.054729166064981946,0.2,,1.666410773646433,171675490.11441684,0.0,257612116.88558316,257612116.88558316,0,False
2026-05-22,2026-05-21,2026-04-30,0.054729166064981946,0.2,,1.673506722934833,171691952.14771548,0.0,254922402.85228452,254922402.85228452,0,False
2026-05-25,2026-05-22,2026-04-30,0.054729166064981946,0.2,,1.6768152573976522,171741342.98326483,0.0,253749219.01673517,253749219.01673517,0,False
2026-05-26,2026-05-25,2026-04-30,0.054729166064981946,0.2,,1.671995799838939,171757811.33122215,0.0,255593578.66877785,255593578.66877785,0,False
2026-05-27,2026-05-26,2026-04-30,0.054729166064981946,0.2,,1.6660965528861482,169545916.86194816,192.43914206512272,254536258.5771939,254536258.5771939,0,False
2026-05-28,2026-05-27,2026-04-30,0.054729166064981946,0.2,,1.6661038495231866,168132633.56520003,536.7881096508378,252411237.22290963,252411237.22290963,0,False
2026-05-29,2026-05-28,2026-04-30,0.054729166064981946,0.2,,1.6660000767877032,173321477.01885855,0.0,260242427.98114145,260242427.98114145,0,False
2026-06-01,2026-05-29,2026-05-29,0.05537376811594203,0.2,,1.6660000881767978,176059422.20518658,0.0,264353451.79481342,264353451.79481342,0,False
2026-06-02,2026-06-01,2026-05-29,0.05537376811594203,0.2,,1.6659995376043812,179266755.52653503,0.0,269169489.47346497,269169489.47346497,0,False
2026-06-03,2026-06-02,2026-05-29,0.05537376811594203,0.2,,1.6660223300416688,177015082.73206377,273.4534500290297,265779090.72138625,265779090.72138625,0,False
2026-06-04,2026-06-03,2026-05-29,0.05537376811594203,0.2,,1.684038272248412,177031783.32764286,0.0,258803915.67235714,258803915.67235714,0,False
2026-06-05,2026-06-04,2026-05-29,0.05537376811594203,0.2,,1.6699708005092988,177048758.97809893,0.0,264263396.02190107,264263396.02190107,0,False
2026-06-08,2026-06-05,2026-05-29,0.05537376811594203,0.2,,1.6660167702346602,176265493.52262628,593.062662826851,264655348.54003656,264655348.54003656,0,False
2026-06-09,2026-06-08,2026-05-29,0.05537376811594203,0.2,,1.6659995042938591,179705555.20193523,0.0,269828361.79806477,269828361.79806477,0,False
2026-06-10,2026-06-09,2026-05-29,0.05537376811594203,0.2,,1.6660001317715054,185362671.49516514,0.0,278322274.5048349,278322274.5048349,0,False
2026-06-11,2026-06-10,2026-05-29,0.05537376811594203,0.2,,1.667750111235945,185380445.99791124,0.0,277619491.0020888,277619491.0020888,0,False
2026-06-12,2026-06-11,2026-05-29,0.05537376811594203,0.2,,1.6660021721651843,190239156.8996117,0.0,285643448.1003883,285643448.1003883,0,False
2026-06-15,2026-06-12,2026-05-29,0.05537376811594203,0.2,,1.6777234469664226,190293883.23241845,0.0,280783974.7675816,280783974.7675816,0,False
2026-06-16,2026-06-15,2026-05-29,0.05537376811594203,0.2,,1.6981697961399014,190312130.59108457,0.0,272587172.4089154,272587172.4089154,0,False
2026-06-17,2026-06-16,2026-05-29,0.05537376811594203,0.2,,1.7118023668591302,190330379.6994974,0.0,267392170.3005026,267392170.3005026,0,False
2026-06-18,2026-06-17,2026-05-29,0.05537376811594203,0.2,,1.7474125824085824,190347204.28814477,0.0,254674872.71185523,254674872.71185523,0,False
2026-06-22,2026-06-18,2026-05-29,0.05537376811594203,0.2,,1.7452645395927993,190420214.17472103,0.0,255506875.82527897,255506875.82527897,0,False
2026-06-23,2026-06-22,2026-05-29,0.05537376811594203,0.2,,1.7321037389822953,190438473.64731312,0.0,260124984.35268688,260124984.35268688,0,False
2026-06-24,2026-06-23,2026-05-29,0.05537376811594203,0.2,,1.750628551384988,186628846.30806354,0.0,248630092.69193646,248630092.69193646,0,False
2026-06-25,2026-06-24,2026-05-29,0.05537376811594203,0.2,,1.75929346940994,186646742.2248328,0.0,245816340.7751672,245816340.7751672,0,False
2026-06-26,2026-06-25,2026-05-29,0.05537376811594203,0.2,,1.7700947667788676,186664639.85764888,0.0,242391778.14235112,242391778.14235112,0,False
2026-06-29,2026-06-26,2026-05-29,0.05537376811594203,0.2,,1.765419126091374,186718337.9047312,0.0,243942608.0952688,243942608.0952688,0,False
2026-06-30,2026-06-29,2026-05-29,0.05537376811594203,0.2,,1.7964769993606442,186736242.40288645,0.0,234452774.59711355,234452774.59711355,0,False
2026-07-01,2026-06-30,2026-06-30,0.055291641249092235,0.18333333333333332,,1.7790647260228318,186753588.9060614,0.0,239715113.0939386,239715113.0939386,0,False
2026-07-02,2026-07-01,2026-06-30,0.055291641249092235,0.18333333333333332,,1.7515021709614553,186771496.78444967,0.0,248530881.21555033,248530881.21555033,0,False
2026-07-03,2026-07-02,2026-06-30,0.055291641249092235,0.18333333333333332,,1.7548265435780652,186789406.38003173,0.0,247460039.61996827,247460039.61996827,0,False
2026-07-06,2026-07-03,2026-06-30,0.055291641249092235,0.18333333333333332,,1.7321594170484549,186843140.31885338,0.0,255194614.68114662,255194614.68114662,0,False
2026-07-07,2026-07-06,2026-06-30,0.055291641249092235,0.18333333333333332,,1.7323353198536182,186861056.78436342,0.0,255157783.21563658,255157783.21563658,0,False
2026-07-08,2026-07-07,2026-06-30,0.055291641249092235,0.18333333333333332,,1.7194236771283606,186878974.96789068,0.0,259762058.03210932,259762058.03210932,0,False
2026-07-09,2026-07-08,2026-06-30,0.055291641249092235,0.18333333333333332,,1.727591380451313,186635238.66959995,0.0,256511063.33040005,256511063.33040005,0,False
2026-07-10,2026-07-09,2026-06-30,0.055291641249092235,0.18333333333333332,,1.7186042094002065,184400842.9593354,0.0,256609745.0406646,256609745.0406646,0,False
2026-07-13,2026-07-10,2026-06-30,0.055291641249092235,0.18333333333333332,,1.6866565694977775,178187958.377173,0.0,259500842.622827,259500842.622827,0,False
2026-07-14,2026-07-13,2026-06-30,0.055291641249092235,0.18333333333333332,,1.6833863649830578,178205044.89372972,0.0,260767633.10627028,260767633.10627028,0,False
2026-07-15,2026-07-14,2026-06-30,0.055291641249092235,0.18333333333333332,,1.6630467856203313,178222133.04871953,0.0,268792695.9512805,268792695.9512805,0,False
2026-07-16,2026-07-15,2026-06-30,0.055291641249092235,0.18333333333333332,,1.6725214322287856,178239222.84229955,0.0,265031290.15770045,265031290.15770045,0,False
2026-07-17,2026-07-16,2026-06-30,0.055291641249092235,0.18333333333333332,,1.6706708005819866,178256314.27462688,0.0,265788094.72537312,265788094.72537312,0,False
2026-07-20,2026-07-17,2026-06-30,0.055291641249092235,0.18333333333333332,,1.650698772387607,178307593.48832232,0.0,274024788.5116777,274024788.5116777,0,False
2026-07-21,2026-07-20,2026-06-30,0.055291641249092235,0.18333333333333332,,1.670140038507615,178324691.47673902,0.0,266100637.52326098,266100637.52326098,0,False
2026-07-22,2026-07-21,2026-06-30,0.055291641249092235,0.18333333333333332,,1.6659998078053744,181503184.81974885,0.0,272527383.1802511,272527383.1802511,0,False
2026-07-23,2026-07-22,2026-06-30,0.055291641249092235,0.18333333333333332,,1.665999745770486,183909632.00053155,0.0,276140693.99946845,276140693.99946845,0,False
2026-07-24,2026-07-23,2026-06-30,0.055291641249092235,0.18333333333333332,,1.6666168799953216,183927267.17072338,0.0,275911505.8292766,275911505.8292766,0,False
2026-07-27,2026-07-24,2026-06-30,0.055291641249092235,0.18333333333333332,,1.6732888622861588,183980177.75443003,0.0,273255935.24556994,273255935.24556994,0,False
2026-07-28,2026-07-27,2026-06-30,0.055291641249092235,0.18333333333333332,,1.665999361648251,185018456.89448318,0.0,277805757.1055168,277805757.1055168,0,False
2026-07-29,2026-07-28,2026-06-30,0.055291641249092235,0.18333333333333332,,1.666000199959671,186376634.4895898,0.0,279844712.5104102,279844712.5104102,0,False
2026-07-30,2026-07-29,2026-06-30,0.055291641249092235,0.18333333333333332,,1.6660002438717987,192878056.14218417,0.0,289606584.85781586,289606584.85781586,0,False
2026-07-31,2026-07-30,2026-06-30,0.055291641249092235,0.18333333333333332,,1.6703494874387554,192896551.29825258,0.0,287755200.7017474,287755200.7017474,0,False
2026-08-03,2026-07-31,2026-07-31,0.055958415204678355,0.2,,1.6738188823682756,192952042.08698222,0.0,286355943.91301775,286355943.91301775,0,False
2026-08-04,2026-08-03,2026-07-31,0.055958415204678355,0.2,,1.697566536670858,192970544.3375933,0.0,276633889.6624067,276633889.6624067,0,False
2026-08-05,2026-08-04,2026-07-31,0.055958415204678355,0.2,,1.7054995119386713,192989048.36239278,0.0,273549513.6376072,273549513.6376072,0,False
2026-08-06,2026-08-05,2026-07-31,0.055958415204678355,0.2,,1.6660821799602226,184095104.50840718,171.22337635558648,276384714.71496916,276384714.71496916,0,False
2026-08-07,2026-08-06,2026-07-31,0.055958415204678355,0.2,,1.6746036219030964,184112586.24025765,0.0,272919652.7597424,272919652.7597424,0,False
2026-08-10,2026-08-07,2026-07-31,0.055958415204678355,0.2,,1.6699018145281002,184165550.1349295,0.0,274914242.86507046,274914242.86507046,0,False
2026-08-11,2026-08-10,2026-07-31,0.055958415204678355,0.2,,1.6715515682884934,184183209.84521642,0.0,274265177.1547836,274265177.1547836,0,False
2026-08-12,2026-08-11,2026-07-31,0.055958415204678355,0.2,,1.6738297259675377,184200871.2489002,0.0,273364121.7510998,273364121.7510998,0,False
2026-08-13,2026-08-12,2026-07-31,0.055958415204678355,0.2,,1.6734443024221346,184218534.34614325,0.0,273546800.65385675,273546800.65385675,0,False
2026-08-14,2026-08-13,2026-07-31,0.055958415204678355,0.2,,1.674536941301687,184236199.13710794,0.0,273129887.86289203,273129887.86289203,0,False
2026-08-17,2026-08-14,2026-07-31,0.055958415204678355,0.2,,1.6758460855471915,184289198.59165424,0.0,272679242.40834576,272679242.40834576,0,False
2026-08-18,2026-08-17,2026-07-31,0.055958415204678355,0.2,,1.6736335503403041,184306870.15864247,0.0,273601084.8413575,273601084.8413575,0,False
2026-08-19,2026-08-18,2026-07-31,0.055958415204678355,0.2,,1.667035707114784,184324543.42016453,0.0,276333847.5798355,276333847.5798355,0,False
2026-08-20,2026-08-19,2026-07-31,0.055958415204678355,0.2,,1.6660000260011996,185032291.03350288,0.0,277826251.9664971,277826251.9664971,0,False
2026-08-21,2026-08-20,2026-07-31,0.055958415204678355,0.2,,1.6700526622168568,185050033.85593075,0.0,276172373.14406925,276172373.14406925,0,False
2026-08-24,2026-08-21,2026-07-31,0.055958415204678355,0.2,,1.665995965466943,185187394.55844393,0.0,278060835.4415561,278060835.4415561,0,False
2026-08-25,2026-08-24,2026-07-31,0.055958415204678355,0.2,,1.6681041753050876,185205152.25381255,0.0,277209990.74618745,277209990.74618745,0,False
2026-08-26,2026-08-25,2026-07-31,0.055958415204678355,0.2,,1.6659977512470758,185389249.94717386,0.0,278363177.05282617,278363177.05282617,0,False
2026-08-27,2026-08-26,2026-07-31,0.055958415204678355,0.2,,1.6661258929720417,184754226.99853867,0.0,277356321.0014613,277356321.0014613,0,False
2026-08-28,2026-08-27,2026-07-31,0.055958415204678355,0.2,,1.6671562847195291,184771943.15729195,0.0,276954511.84270805,276954511.84270805,0,False
