市场日历：INDEX_000001.csv 8,689 个交易日（1990-12-19~2026-08-07）——逐日状态生效日取可得日前一市场交易日
主体重置：4 只 ← /gpfs/work1/0/qt15419/zwang/mm_quant/RayKey/data/processed/entity_reset_dates.csv
  数据订正层（OI-066）生效 4 处：002379 2024-12-31 bps 37.5668→3.2763；002379 2025-12-31 bps 40.1022→3.4974；002128 2025-12-31 bps 21.0472→15.9744；601088 2025-12-31 bps 25.7696→24.1156
三大报表：342/5573 只、6,994 个财年
历史带重建：5573 只｜报告期起点 2002-01-01｜g0=sustainable｜**分档统一为 L2**｜逐日状态生效日=prev_trading_day（可得日前一交易日，与生产当晚吸收同构）
重述前版本（OI-130）：面板行 676／三表财年 16 挂有旧版本、按可得日选用；无存档而延后可得日：面板行 0／三表财年 0
公告日封顶（OI-042，min(记录公告日, 法定截止日)）：逐季财务 90,840/332,100 行（27.4%）｜三大报表 2,641/7,010 财年（37.7%）
  ⚠ 000091 无财务数据，跳过
  ⚠ 000092 无财务数据，跳过
  ⚠ 000093 无财务数据，跳过
  ⚠ 000696 无财务数据，跳过
  ⚠ 000896 无财务数据，跳过
  ⚠ 605081 无财务数据，跳过
逐日状态已写入 data/processed/roic_daily_raw_b2_pit.csv（15,616,215 行，流式）
带已写入 data/processed/roic_bands_b2_pit.csv（319176 行）
ROIC 口径落地路径：equity_fallback 207,424（92.3%）｜growth 16,478（7.3%）｜zero_growth 814（0.4%）
路径分布（每只最新 ok 带，5,471 只；市值占比按有市值代理的 5,457 只算）：
  equity_fallback: 5,172 只（94.5%）｜市值占比 71.4%｜行业前三 制造业 3275、未知 296、信息技术 253
  growth: 257 只（4.7%）｜市值占比 22.5%｜行业前三 制造业 204、采矿业 10、信息传输、软件和信息技术服务业 9
  growth（peak 守卫）: 30 只（0.5%）｜市值占比 4.5%｜行业前三 制造业 21、采矿业 7、批发零售 1
  zero_growth: 12 只（0.2%）｜市值占比 1.6%｜行业前三 制造业 5、金融业 2、批发零售 1
  退回原因：NOPAT 周期守卫·按中位（w≥0.5） 2,953｜OI-088 坡道/分级混合锚 9,413｜g 来源·capital 11,255｜g 来源·none 2,768｜g 来源·trailing 2,835｜主体重置·最新年报×TTM 锚 8｜季报 λ 前滚·信任度改变 5,843｜无三大报表·退回权益口径 268,319｜金融企业退回权益口径 2,437
  ⚠ **92.3% 的带没走 ROIC 口径**，本轮 A/B 主要在测剩下那部分
  名册内无三大报表缺口 → data/interim/valuation_statement_gaps.csv（空）

==============================================================================
历史带重建可行性报告｜ROE 口径=onesided_max｜g0 口径=sustainable｜N=10｜g_T=3.0%
==============================================================================
报告期 × 股票 组合 319176 个：**成功 224716（70%）**｜护栏拒绝 63654（20%）｜输入不全 30806（10%）

护栏拒绝原因分布：
   623  薄权益
   175  ROE_T=3.47% 距 g_T=3.00% 不足 2.0%
   164  ROE_T=4.69% 距 g_T=3.00% 不足 2.0%
   156  ROE_T=4.33% 距 g_T=3.00% 不足 2.0%
   151  ROE_T=3.96% 距 g_T=3.00% 不足 2.0%
   149  ROE_T=1.08% 距 g_T=3.00% 不足 2.0%
   147  ROE_T=4.97% 距 g_T=3.00% 不足 2.0%
   147  ROE_T=4.66% 距 g_T=3.00% 不足 2.0%
   147  ROE_T=4.61% 距 g_T=3.00% 不足 2.0%
   146  ROE_T=2.17% 距 g_T=3.00% 不足 2.0%
   144  ROE_T=4.09% 距 g_T=3.00% 不足 2.0%
   142  ROE_T=1.61% 距 g_T=3.00% 不足 2.0%
   142  ROE_T=4.85% 距 g_T=3.00% 不足 2.0%
   140  ROE_T=3.65% 距 g_T=3.00% 不足 2.0%
   140  ROE_T=3.25% 距 g_T=3.00% 不足 2.0%
   140  ROE_T=4.11% 距 g_T=3.00% 不足 2.0%
   140  ROE_T=4.50% 距 g_T=3.00% 不足 2.0%
   139  ROE_T=3.83% 距 g_T=3.00% 不足 2.0%
   137  ROE_T=2.83% 距 g_T=3.00% 不足 2.0%
   137  ROE_T=4.67% 距 g_T=3.00% 不足 2.0%
   137  ROE_T=2.01% 距 g_T=3.00% 不足 2.0%
   137  ROE_T=2.93% 距 g_T=3.00% 不足 2.0%
   135  ROE_T=4.04% 距 g_T=3.00% 不足 2.0%
   133  ROE_T=3.94% 距 g_T=3.00% 不足 2.0%
   133  ROE_T=4.68% 距 g_T=3.00% 不足 2.0%
   133  ROE_T=3.99% 距 g_T=3.00% 不足 2.0%
   133  ROE_T=4.87% 距 g_T=3.00% 不足 2.0%
   132  ROE_T=4.72% 距 g_T=3.00% 不足 2.0%
   132  ROE_T=2.48% 距 g_T=3.00% 不足 2.0%
   131  ROE_T=1.52% 距 g_T=3.00% 不足 2.0%
   131  ROE_T=2.47% 距 g_T=3.00% 不足 2.0%
   130  ROE_T=3.72% 距 g_T=3.00% 不足 2.0%
   130  ROE_T=1.95% 距 g_T=3.00% 不足 2.0%
   129  ROE_T=4.40% 距 g_T=3.00% 不足 2.0%
   129  ROE_T=2.97% 距 g_T=3.00% 不足 2.0%
   129  ROE_T=4.08% 距 g_T=3.00% 不足 2.0%
   126  ROE_T=1.21% 距 g_T=3.00% 不足 2.0%
   126  ROE_T=3.26% 距 g_T=3.00% 不足 2.0%
   126  ROE_T=4.46% 距 g_T=3.00% 不足 2.0%
   126  ROE_T=4.76% 距 g_T=3.00% 不足 2.0%
   126  ROE_T=3.85% 距 g_T=3.00% 不足 2.0%
   125  ROE_T=4.22% 距 g_T=3.00% 不足 2.0%
   125  ROE_T=2.76% 距 g_T=3.00% 不足 2.0%
   124  ROE_T=4.89% 距 g_T=3.00% 不足 2.0%
   124  ROE_T=3.37% 距 g_T=3.00% 不足 2.0%
   124  ROE_T=2.60% 距 g_T=3.00% 不足 2.0%
   124  ROE_T=4.95% 距 g_T=3.00% 不足 2.0%
   124  ROE_T=3.75% 距 g_T=3.00% 不足 2.0%
   123  ROE_T=2.23% 距 g_T=3.00% 不足 2.0%
   123  ROE_T=1.43% 距 g_T=3.00% 不足 2.0%
   123  ROE_T=3.63% 距 g_T=3.00% 不足 2.0%
   122  ROE_T=4.34% 距 g_T=3.00% 不足 2.0%
   122  ROE_T=4.59% 距 g_T=3.00% 不足 2.0%
   122  ROE_T=1.35% 距 g_T=3.00% 不足 2.0%
   121  ROE_T=2.55% 距 g_T=3.00% 不足 2.0%
   121  ROE_T=3.59% 距 g_T=3.00% 不足 2.0%
   121  ROE_T=3.09% 距 g_T=3.00% 不足 2.0%
   121  ROE_T=3.78% 距 g_T=3.00% 不足 2.0%
   121  ROE_T=4.25% 距 g_T=3.00% 不足 2.0%
   121  ROE_T=3.11% 距 g_T=3.00% 不足 2.0%
   121  ROE_T=0.93% 距 g_T=3.00% 不足 2.0%
   121  ROE_T=3.24% 距 g_T=3.00% 不足 2.0%
   120  ROE_T=2.20% 距 g_T=3.00% 不足 2.0%
   120  ROE_T=2.94% 距 g_T=3.00% 不足 2.0%
   120  ROE_T=2.88% 距 g_T=3.00% 不足 2.0%
   119  ROE_T=4.48% 距 g_T=3.00% 不足 2.0%
   119  ROE_T=3.89% 距 g_T=3.00% 不足 2.0%
   119  ROE_T=4.00% 距 g_T=3.00% 不足 2.0%
   118  ROE_T=2.65% 距 g_T=3.00% 不足 2.0%
   118  ROE_T=3.95% 距 g_T=3.00% 不足 2.0%
   118  ROE_T=3.35% 距 g_T=3.00% 不足 2.0%
   118  ROE_T=2.57% 距 g_T=3.00% 不足 2.0%
   118  ROE_T=4.26% 距 g_T=3.00% 不足 2.0%
   118  ROE_T=3.53% 距 g_T=3.00% 不足 2.0%
   118  ROE_T=1.29% 距 g_T=3.00% 不足 2.0%
   117  ROE_T=3.44% 距 g_T=3.00% 不足 2.0%
   117  ROE_T=4.52% 距 g_T=3.00% 不足 2.0%
   117  ROE_T=1.36% 距 g_T=3.00% 不足 2.0%
   117  ROE_T=4.05% 距 g_T=3.00% 不足 2.0%
   117  ROE_T=4.19% 距 g_T=3.00% 不足 2.0%
   117  ROE_T=2.25% 距 g_T=3.00% 不足 2.0%
   116  ROE_T=1.88% 距 g_T=3.00% 不足 2.0%
   116  ROE_T=4.93% 距 g_T=3.00% 不足 2.0%
   116  ROE_T=3.45% 距 g_T=3.00% 不足 2.0%
   115  ROE_T=1.92% 距 g_T=3.00% 不足 2.0%
   114  ROE_T=2.51% 距 g_T=3.00% 不足 2.0%
   114  ROE_T=4.71% 距 g_T=3.00% 不足 2.0%
   114  ROE_T=3.51% 距 g_T=3.00% 不足 2.0%
   114  ROE_T=4.02% 距 g_T=3.00% 不足 2.0%
   114  ROE_T=3.81% 距 g_T=3.00% 不足 2.0%
   114  ROE_T=4.60% 距 g_T=3.00% 不足 2.0%
   114  ROE_T=1.49% 距 g_T=3.00% 不足 2.0%
   113  ROE_T=2.37% 距 g_T=3.00% 不足 2.0%
   113  ROE_T=1.68% 距 g_T=3.00% 不足 2.0%
   113  ROE_T=3.38% 距 g_T=3.00% 不足 2.0%
   112  ROE_T=0.48% 距 g_T=3.00% 不足 2.0%
   112  ROE_T=4.15% 距 g_T=3.00% 不足 2.0%
   112  ROE_T=4.43% 距 g_T=3.00% 不足 2.0%
   112  ROE_T=3.00% 距 g_T=3.00% 不足 2.0%
   112  ROE_T=1.97% 距 g_T=3.00% 不足 2.0%
   111  ROE_T=0.86% 距 g_T=3.00% 不足 2.0%
   111  ROE_T=3.92% 距 g_T=3.00% 不足 2.0%
   111  ROE_T=1.82% 距 g_T=3.00% 不足 2.0%
   111  ROE_T=4.81% 距 g_T=3.00% 不足 2.0%
   111  ROE_T=4.13% 距 g_T=3.00% 不足 2.0%
   111  ROE_T=3.61% 距 g_T=3.00% 不足 2.0%
   111  ROE_T=1.53% 距 g_T=3.00% 不足 2.0%
   111  ROE_T=4.84% 距 g_T=3.00% 不足 2.0%
   110  ROE_T=3.14% 距 g_T=3.00% 不足 2.0%
   110  ROE_T=2.27% 距 g_T=3.00% 不足 2.0%
   110  ROE_T=2.87% 距 g_T=3.00% 不足 2.0%
   110  ROE_T=3.36% 距 g_T=3.00% 不足 2.0%
   110  ROE_T=4.94% 距 g_T=3.00% 不足 2.0%
   110  ROE_T=3.10% 距 g_T=3.00% 不足 2.0%
   109  ROE_T=0.73% 距 g_T=3.00% 不足 2.0%
   109  ROE_T=4.36% 距 g_T=3.00% 不足 2.0%
   109  ROE_T=4.21% 距 g_T=3.00% 不足 2.0%
   109  ROE_T=4.32% 距 g_T=3.00% 不足 2.0%
   109  ROE_T=2.22% 距 g_T=3.00% 不足 2.0%
   109  ROE_T=1.30% 距 g_T=3.00% 不足 2.0%
   109  ROE_T=4.77% 距 g_T=3.00% 不足 2.0%
   109  ROE_T=4.17% 距 g_T=3.00% 不足 2.0%
   109  ROE_T=3.74% 距 g_T=3.00% 不足 2.0%
   109  ROE_T=2.42% 距 g_T=3.00% 不足 2.0%
   109  ROE_T=1.47% 距 g_T=3.00% 不足 2.0%
   109  ROE_T=4.86% 距 g_T=3.00% 不足 2.0%
   108  ROE_T=4.53% 距 g_T=3.00% 不足 2.0%
   108  ROE_T=3.22% 距 g_T=3.00% 不足 2.0%
   108  ROE_T=0.88% 距 g_T=3.00% 不足 2.0%
   108  ROE_T=3.41% 距 g_T=3.00% 不足 2.0%
   108  ROE_T=4.55% 距 g_T=3.00% 不足 2.0%
   108  ROE_T=4.90% 距 g_T=3.00% 不足 2.0%
   108  ROE_T=3.29% 距 g_T=3.00% 不足 2.0%
   108  ROE_T=2.98% 距 g_T=3.00% 不足 2.0%
   108  ROE_T=3.98% 距 g_T=3.00% 不足 2.0%
   107  ROE_T=1.91% 距 g_T=3.00% 不足 2.0%
   107  ROE_T=2.41% 距 g_T=3.00% 不足 2.0%
   107  ROE_T=3.03% 距 g_T=3.00% 不足 2.0%
   107  ROE_T=3.27% 距 g_T=3.00% 不足 2.0%
   107  ROE_T=3.55% 距 g_T=3.00% 不足 2.0%
   107  ROE_T=2.15% 距 g_T=3.00% 不足 2.0%
   107  ROE_T=1.62% 距 g_T=3.00% 不足 2.0%
   106  ROE_T=3.87% 距 g_T=3.00% 不足 2.0%
   106  ROE_T=2.54% 距 g_T=3.00% 不足 2.0%
   106  ROE_T=2.64% 距 g_T=3.00% 不足 2.0%
   106  ROE_T=3.02% 距 g_T=3.00% 不足 2.0%
   106  ROE_T=4.37% 距 g_T=3.00% 不足 2.0%
   106  ROE_T=4.73% 距 g_T=3.00% 不足 2.0%
   106  ROE_T=4.31% 距 g_T=3.00% 不足 2.0%
   105  ROE_T=2.90% 距 g_T=3.00% 不足 2.0%
   105  ROE_T=4.38% 距 g_T=3.00% 不足 2.0%
   105  ROE_T=1.51% 距 g_T=3.00% 不足 2.0%
   105  ROE_T=2.43% 距 g_T=3.00% 不足 2.0%
   105  ROE_T=4.79% 距 g_T=3.00% 不足 2.0%
   105  ROE_T=4.03% 距 g_T=3.00% 不足 2.0%
   105  ROE_T=4.49% 距 g_T=3.00% 不足 2.0%
   104  ROE_T=3.52% 距 g_T=3.00% 不足 2.0%
   104  ROE_T=3.70% 距 g_T=3.00% 不足 2.0%
   104  ROE_T=4.23% 距 g_T=3.00% 不足 2.0%
   104  ROE_T=3.76% 距 g_T=3.00% 不足 2.0%
   104  ROE_T=4.39% 距 g_T=3.00% 不足 2.0%
   104  ROE_T=3.12% 距 g_T=3.00% 不足 2.0%
   103  ROE_T=4.83% 距 g_T=3.00% 不足 2.0%
   103  ROE_T=2.11% 距 g_T=3.00% 不足 2.0%
   103  ROE_T=4.42% 距 g_T=3.00% 不足 2.0%
   103  ROE_T=0.58% 距 g_T=3.00% 不足 2.0%
   103  ROE_T=2.79% 距 g_T=3.00% 不足 2.0%
   103  ROE_T=2.84% 距 g_T=3.00% 不足 2.0%
   103  ROE_T=1.07% 距 g_T=3.00% 不足 2.0%
   102  ROE_T=2.34% 距 g_T=3.00% 不足 2.0%
   102  ROE_T=2.52% 距 g_T=3.00% 不足 2.0%
   102  ROE_T=4.35% 距 g_T=3.00% 不足 2.0%
   102  ROE_T=3.90% 距 g_T=3.00% 不足 2.0%
   102  ROE_T=1.96% 距 g_T=3.00% 不足 2.0%
   102  ROE_T=0.47% 距 g_T=3.00% 不足 2.0%
   102  ROE_T=2.31% 距 g_T=3.00% 不足 2.0%
   101  ROE_T=4.12% 距 g_T=3.00% 不足 2.0%
   101  ROE_T=4.64% 距 g_T=3.00% 不足 2.0%
   101  ROE_T=1.83% 距 g_T=3.00% 不足 2.0%
   101  ROE_T=4.99% 距 g_T=3.00% 不足 2.0%
   101  ROE_T=4.63% 距 g_T=3.00% 不足 2.0%
   101  ROE_T=3.30% 距 g_T=3.00% 不足 2.0%
   100  ROE_T=3.79% 距 g_T=3.00% 不足 2.0%
   100  ROE_T=0.89% 距 g_T=3.00% 不足 2.0%
   100  ROE_T=2.68% 距 g_T=3.00% 不足 2.0%
   100  ROE_T=4.28% 距 g_T=3.00% 不足 2.0%
   100  ROE_T=2.02% 距 g_T=3.00% 不足 2.0%
   100  ROE_T=3.28% 距 g_T=3.00% 不足 2.0%
   100  ROE_T=1.73% 距 g_T=3.00% 不足 2.0%
   100  ROE_T=3.31% 距 g_T=3.00% 不足 2.0%
   100  ROE_T=4.65% 距 g_T=3.00% 不足 2.0%
   100  ROE_T=3.93% 距 g_T=3.00% 不足 2.0%
   100  ROE_T=0.91% 距 g_T=3.00% 不足 2.0%
   100  ROE_T=1.99% 距 g_T=3.00% 不足 2.0%
   100  ROE_T=2.29% 距 g_T=3.00% 不足 2.0%
    99  ROE_T=1.17% 距 g_T=3.00% 不足 2.0%
    99  ROE_T=4.75% 距 g_T=3.00% 不足 2.0%
    99  ROE_T=4.07% 距 g_T=3.00% 不足 2.0%
    99  ROE_T=0.95% 距 g_T=3.00% 不足 2.0%
    99  ROE_T=3.15% 距 g_T=3.00% 不足 2.0%
    99  ROE_T=0.59% 距 g_T=3.00% 不足 2.0%
    99  ROE_T=0.76% 距 g_T=3.00% 不足 2.0%
    99  ROE_T=1.94% 距 g_T=3.00% 不足 2.0%
    99  ROE_T=4.88% 距 g_T=3.00% 不足 2.0%
    98  ROE_T=1.78% 距 g_T=3.00% 不足 2.0%
    98  ROE_T=0.82% 距 g_T=3.00% 不足 2.0%
    98  ROE_T=1.72% 距 g_T=3.00% 不足 2.0%
    98  ROE_T=4.57% 距 g_T=3.00% 不足 2.0%
    98  ROE_T=1.46% 距 g_T=3.00% 不足 2.0%
    98  ROE_T=1.40% 距 g_T=3.00% 不足 2.0%
    98  ROE_T=3.64% 距 g_T=3.00% 不足 2.0%
    98  ROE_T=4.98% 距 g_T=3.00% 不足 2.0%
    98  ROE_T=2.92% 距 g_T=3.00% 不足 2.0%
    98  ROE_T=3.01% 距 g_T=3.00% 不足 2.0%
    98  ROE_T=2.95% 距 g_T=3.00% 不足 2.0%
    97  ROE_T=4.45% 距 g_T=3.00% 不足 2.0%
    97  ROE_T=2.82% 距 g_T=3.00% 不足 2.0%
    97  ROE_T=1.41% 距 g_T=3.00% 不足 2.0%
    97  ROE_T=1.57% 距 g_T=3.00% 不足 2.0%
    97  ROE_T=3.05% 距 g_T=3.00% 不足 2.0%
    97  ROE_T=1.19% 距 g_T=3.00% 不足 2.0%
    97  ROE_T=2.04% 距 g_T=3.00% 不足 2.0%
    97  ROE_T=4.06% 距 g_T=3.00% 不足 2.0%
    97  ROE_T=4.27% 距 g_T=3.00% 不足 2.0%
    97  ROE_T=3.56% 距 g_T=3.00% 不足 2.0%
    96  ROE_T=2.26% 距 g_T=3.00% 不足 2.0%
    96  ROE_T=1.98% 距 g_T=3.00% 不足 2.0%
    96  ROE_T=3.19% 距 g_T=3.00% 不足 2.0%
    96  ROE_T=1.55% 距 g_T=3.00% 不足 2.0%
    96  ROE_T=2.61% 距 g_T=3.00% 不足 2.0%
    96  ROE_T=3.33% 距 g_T=3.00% 不足 2.0%
    96  ROE_T=4.92% 距 g_T=3.00% 不足 2.0%
    96  ROE_T=2.72% 距 g_T=3.00% 不足 2.0%
    96  ROE_T=2.85% 距 g_T=3.00% 不足 2.0%
    95  ROE_T=0.56% 距 g_T=3.00% 不足 2.0%
    95  ROE_T=2.08% 距 g_T=3.00% 不足 2.0%
    95  ROE_T=4.10% 距 g_T=3.00% 不足 2.0%
    95  ROE_T=1.59% 距 g_T=3.00% 不足 2.0%
    95  ROE_T=2.59% 距 g_T=3.00% 不足 2.0%
    95  ROE_T=2.30% 距 g_T=3.00% 不足 2.0%
    95  ROE_T=4.24% 距 g_T=3.00% 不足 2.0%
    94  ROE_T=0.63% 距 g_T=3.00% 不足 2.0%
    94  ROE_T=0.72% 距 g_T=3.00% 不足 2.0%
    94  ROE_T=4.47% 距 g_T=3.00% 不足 2.0%
    94  ROE_T=4.16% 距 g_T=3.00% 不足 2.0%
    94  ROE_T=2.71% 距 g_T=3.00% 不足 2.0%
    94  ROE_T=3.49% 距 g_T=3.00% 不足 2.0%
    94  ROE_T=1.45% 距 g_T=3.00% 不足 2.0%
    94  ROE_T=4.54% 距 g_T=3.00% 不足 2.0%
    94  ROE_T=0.71% 距 g_T=3.00% 不足 2.0%
    94  ROE_T=4.18% 距 g_T=3.00% 不足 2.0%
    94  ROE_T=4.96% 距 g_T=3.00% 不足 2.0%
    94  ROE_T=4.58% 距 g_T=3.00% 不足 2.0%
    94  ROE_T=2.19% 距 g_T=3.00% 不足 2.0%
    93  ROE_T=2.32% 距 g_T=3.00% 不足 2.0%
    93  ROE_T=1.85% 距 g_T=3.00% 不足 2.0%
    93  ROE_T=4.56% 距 g_T=3.00% 不足 2.0%
    93  ROE_T=1.14% 距 g_T=3.00% 不足 2.0%
    93  ROE_T=4.41% 距 g_T=3.00% 不足 2.0%
    93  ROE_T=3.68% 距 g_T=3.00% 不足 2.0%
    93  ROE_T=3.62% 距 g_T=3.00% 不足 2.0%
    93  ROE_T=2.03% 距 g_T=3.00% 不足 2.0%
    93  ROE_T=4.01% 距 g_T=3.00% 不足 2.0%
    93  ROE_T=1.58% 距 g_T=3.00% 不足 2.0%
    92  ROE_T=3.17% 距 g_T=3.00% 不足 2.0%
    91  ROE_T=1.81% 距 g_T=3.00% 不足 2.0%
    91  ROE_T=1.76% 距 g_T=3.00% 不足 2.0%
    91  ROE_T=1.69% 距 g_T=3.00% 不足 2.0%
    91  ROE_T=1.11% 距 g_T=3.00% 不足 2.0%
    91  ROE_T=0.40% 距 g_T=3.00% 不足 2.0%
    91  ROE_T=0.99% 距 g_T=3.00% 不足 2.0%
    91  ROE_T=3.66% 距 g_T=3.00% 不足 2.0%
    91  ROE_T=3.67% 距 g_T=3.00% 不足 2.0%
    91  ROE_T=1.04% 距 g_T=3.00% 不足 2.0%
    91  ROE_T=0.75% 距 g_T=3.00% 不足 2.0%
    90  ROE_T=4.62% 距 g_T=3.00% 不足 2.0%
    90  ROE_T=3.07% 距 g_T=3.00% 不足 2.0%
    89  ROE_T=2.13% 距 g_T=3.00% 不足 2.0%
    89  ROE_T=3.57% 距 g_T=3.00% 不足 2.0%
    89  ROE_T=1.80% 距 g_T=3.00% 不足 2.0%
    89  ROE_T=3.80% 距 g_T=3.00% 不足 2.0%
    89  ROE_T=0.70% 距 g_T=3.00% 不足 2.0%
    89  ROE_T=2.99% 距 g_T=3.00% 不足 2.0%
    89  ROE_T=4.29% 距 g_T=3.00% 不足 2.0%
    89  ROE_T=2.74% 距 g_T=3.00% 不足 2.0%
    88  ROE_T=2.14% 距 g_T=3.00% 不足 2.0%
    88  ROE_T=2.07% 距 g_T=3.00% 不足 2.0%
    88  ROE_T=0.78% 距 g_T=3.00% 不足 2.0%
    88  ROE_T=2.75% 距 g_T=3.00% 不足 2.0%
    88  ROE_T=1.75% 距 g_T=3.00% 不足 2.0%
    87  ROE_T=0.98% 距 g_T=3.00% 不足 2.0%
    87  ROE_T=4.51% 距 g_T=3.00% 不足 2.0%
    87  ROE_T=1.77% 距 g_T=3.00% 不足 2.0%
    87  ROE_T=3.04% 距 g_T=3.00% 不足 2.0%
    87  ROE_T=1.79% 距 g_T=3.00% 不足 2.0%
    87  ROE_T=1.42% 距 g_T=3.00% 不足 2.0%
    87  ROE_T=1.56% 距 g_T=3.00% 不足 2.0%
    86  ROE_T=3.21% 距 g_T=3.00% 不足 2.0%
    86  ROE_T=3.84% 距 g_T=3.00% 不足 2.0%
    86  ROE_T=2.33% 距 g_T=3.00% 不足 2.0%
    86  ROE_T=1.05% 距 g_T=3.00% 不足 2.0%
    86  ROE_T=1.10% 距 g_T=3.00% 不足 2.0%
    86  ROE_T=4.30% 距 g_T=3.00% 不足 2.0%
    85  ROE_T=3.54% 距 g_T=3.00% 不足 2.0%
    85  ROE_T=4.78% 距 g_T=3.00% 不足 2.0%
    85  ROE_T=2.89% 距 g_T=3.00% 不足 2.0%
    85  ROE_T=1.90% 距 g_T=3.00% 不足 2.0%
    85  ROE_T=2.70% 距 g_T=3.00% 不足 2.0%
    85  ROE_T=2.36% 距 g_T=3.00% 不足 2.0%
    85  ROE_T=3.58% 距 g_T=3.00% 不足 2.0%
    85  ROE_T=2.10% 距 g_T=3.00% 不足 2.0%
    84  ROE_T=2.96% 距 g_T=3.00% 不足 2.0%
    84  ROE_T=3.88% 距 g_T=3.00% 不足 2.0%
    84  ROE_T=1.27% 距 g_T=3.00% 不足 2.0%
    84  ROE_T=4.91% 距 g_T=3.00% 不足 2.0%
    84  ROE_T=1.20% 距 g_T=3.00% 不足 2.0%
    83  ROE_T=1.01% 距 g_T=3.00% 不足 2.0%
    83  ROE_T=1.65% 距 g_T=3.00% 不足 2.0%
    83  ROE_T=3.39% 距 g_T=3.00% 不足 2.0%
    82  ROE_T=3.73% 距 g_T=3.00% 不足 2.0%
    82  ROE_T=4.14% 距 g_T=3.00% 不足 2.0%
    82  ROE_T=2.46% 距 g_T=3.00% 不足 2.0%
    82  ROE_T=4.70% 距 g_T=3.00% 不足 2.0%
    82  ROE_T=3.71% 距 g_T=3.00% 不足 2.0%
    82  ROE_T=2.66% 距 g_T=3.00% 不足 2.0%
    82  ROE_T=1.00% 距 g_T=3.00% 不足 2.0%
    81  ROE_T=4.74% 距 g_T=3.00% 不足 2.0%
    81  ROE_T=3.50% 距 g_T=3.00% 不足 2.0%
    81  ROE_T=4.80% 距 g_T=3.00% 不足 2.0%
    81  ROE_T=1.38% 距 g_T=3.00% 不足 2.0%
    81  ROE_T=2.50% 距 g_T=3.00% 不足 2.0%
    81  ROE_T=3.48% 距 g_T=3.00% 不足 2.0%
    81  ROE_T=2.35% 距 g_T=3.00% 不足 2.0%
    81  ROE_T=1.93% 距 g_T=3.00% 不足 2.0%
    80  ROE_T=0.87% 距 g_T=3.00% 不足 2.0%
    80  ROE_T=1.50% 距 g_T=3.00% 不足 2.0%
    80  ROE_T=1.54% 距 g_T=3.00% 不足 2.0%
    80  ROE_T=0.37% 距 g_T=3.00% 不足 2.0%
    80  ROE_T=0.84% 距 g_T=3.00% 不足 2.0%
    80  ROE_T=3.69% 距 g_T=3.00% 不足 2.0%
    80  ROE_T=0.90% 距 g_T=3.00% 不足 2.0%
    79  ROE_T=3.16% 距 g_T=3.00% 不足 2.0%
    79  ROE_T=2.63% 距 g_T=3.00% 不足 2.0%
    79  ROE_T=0.81% 距 g_T=3.00% 不足 2.0%
    79  ROE_T=0.85% 距 g_T=3.00% 不足 2.0%
    79  ROE_T=2.91% 距 g_T=3.00% 不足 2.0%
    79  ROE_T=3.08% 距 g_T=3.00% 不足 2.0%
    79  ROE_T=2.49% 距 g_T=3.00% 不足 2.0%
    79  ROE_T=0.36% 距 g_T=3.00% 不足 2.0%
    79  ROE_T=3.91% 距 g_T=3.00% 不足 2.0%
    78  ROE_T=2.38% 距 g_T=3.00% 不足 2.0%
    78  ROE_T=2.81% 距 g_T=3.00% 不足 2.0%
    78  ROE_T=0.62% 距 g_T=3.00% 不足 2.0%
    78  ROE_T=3.34% 距 g_T=3.00% 不足 2.0%
    78  ROE_T=0.79% 距 g_T=3.00% 不足 2.0%
    77  ROE_T=1.23% 距 g_T=3.00% 不足 2.0%
    77  ROE_T=0.97% 距 g_T=3.00% 不足 2.0%
    77  ROE_T=2.39% 距 g_T=3.00% 不足 2.0%
    77  ROE_T=1.70% 距 g_T=3.00% 不足 2.0%
    77  ROE_T=0.74% 距 g_T=3.00% 不足 2.0%
    77  ROE_T=3.40% 距 g_T=3.00% 不足 2.0%
    77  ROE_T=3.46% 距 g_T=3.00% 不足 2.0%
    77  ROE_T=1.26% 距 g_T=3.00% 不足 2.0%
    77  ROE_T=0.46% 距 g_T=3.00% 不足 2.0%
    76  ROE_T=2.56% 距 g_T=3.00% 不足 2.0%
    76  ROE_T=0.77% 距 g_T=3.00% 不足 2.0%
    76  ROE_T=1.87% 距 g_T=3.00% 不足 2.0%
    76  ROE_T=1.09% 距 g_T=3.00% 不足 2.0%
    75  ROE_T=0.69% 距 g_T=3.00% 不足 2.0%
    75  ROE_T=0.38% 距 g_T=3.00% 不足 2.0%
    75  ROE_T=4.44% 距 g_T=3.00% 不足 2.0%
    75  ROE_T=2.21% 距 g_T=3.00% 不足 2.0%
    75  ROE_T=1.89% 距 g_T=3.00% 不足 2.0%
    75  ROE_T=2.24% 距 g_T=3.00% 不足 2.0%
    75  ROE_T=3.06% 距 g_T=3.00% 不足 2.0%
    74  ROE_T=0.30% 距 g_T=3.00% 不足 2.0%
    74  ROE_T=1.44% 距 g_T=3.00% 不足 2.0%
    74  ROE_T=3.32% 距 g_T=3.00% 不足 2.0%
    74  ROE_T=2.53% 距 g_T=3.00% 不足 2.0%
    74  ROE_T=1.48% 距 g_T=3.00% 不足 2.0%
    74  ROE_T=2.28% 距 g_T=3.00% 不足 2.0%
    74  ROE_T=1.03% 距 g_T=3.00% 不足 2.0%
    73  ROE_T=2.77% 距 g_T=3.00% 不足 2.0%
    73  ROE_T=1.12% 距 g_T=3.00% 不足 2.0%
    73  ROE_T=3.86% 距 g_T=3.00% 不足 2.0%
    73  ROE_T=3.82% 距 g_T=3.00% 不足 2.0%
    73  ROE_T=2.44% 距 g_T=3.00% 不足 2.0%
    73  ROE_T=1.15% 距 g_T=3.00% 不足 2.0%
    72  ROE_T=1.66% 距 g_T=3.00% 不足 2.0%
    72  ROE_T=2.12% 距 g_T=3.00% 不足 2.0%
    72  ROE_T=3.77% 距 g_T=3.00% 不足 2.0%
    72  ROE_T=0.60% 距 g_T=3.00% 不足 2.0%
    71  ROE_T=3.18% 距 g_T=3.00% 不足 2.0%
    71  ROE_T=0.33% 距 g_T=3.00% 不足 2.0%
    71  ROE_T=2.40% 距 g_T=3.00% 不足 2.0%
    70  ROE_T=3.97% 距 g_T=3.00% 不足 2.0%
    69  ROE_T=1.86% 距 g_T=3.00% 不足 2.0%
    69  ROE_T=2.18% 距 g_T=3.00% 不足 2.0%
    69  ROE_T=2.67% 距 g_T=3.00% 不足 2.0%
    69  ROE_T=0.52% 距 g_T=3.00% 不足 2.0%
    69  ROE_T=3.43% 距 g_T=3.00% 不足 2.0%
    68  ROE_T=1.28% 距 g_T=3.00% 不足 2.0%
    68  ROE_T=0.67% 距 g_T=3.00% 不足 2.0%
    68  ROE_T=1.74% 距 g_T=3.00% 不足 2.0%
    67  ROE_T=1.22% 距 g_T=3.00% 不足 2.0%
    67  ROE_T=2.80% 距 g_T=3.00% 不足 2.0%
    67  ROE_T=2.45% 距 g_T=3.00% 不足 2.0%
    67  ROE_T=2.86% 距 g_T=3.00% 不足 2.0%
    67  ROE_T=3.42% 距 g_T=3.00% 不足 2.0%
    67  ROE_T=0.94% 距 g_T=3.00% 不足 2.0%
    66  ROE_T=2.16% 距 g_T=3.00% 不足 2.0%
    66  ROE_T=4.82% 距 g_T=3.00% 不足 2.0%
    65  ROE_T=3.23% 距 g_T=3.00% 不足 2.0%
    65  ROE_T=2.00% 距 g_T=3.00% 不足 2.0%
    65  ROE_T=0.66% 距 g_T=3.00% 不足 2.0%
    65  ROE_T=2.06% 距 g_T=3.00% 不足 2.0%
    65  ROE_T=2.09% 距 g_T=3.00% 不足 2.0%
    64  ROE_T=0.50% 距 g_T=3.00% 不足 2.0%
    63  ROE_T=0.45% 距 g_T=3.00% 不足 2.0%
    63  ROE_T=0.53% 距 g_T=3.00% 不足 2.0%
    63  ROE_T=1.67% 距 g_T=3.00% 不足 2.0%
    63  ROE_T=1.13% 距 g_T=3.00% 不足 2.0%
    63  ROE_T=0.43% 距 g_T=3.00% 不足 2.0%
    63  ROE_T=0.96% 距 g_T=3.00% 不足 2.0%
    63  ROE_T=2.78% 距 g_T=3.00% 不足 2.0%
    62  ROE_T=1.06% 距 g_T=3.00% 不足 2.0%
    62  ROE_T=2.73% 距 g_T=3.00% 不足 2.0%
    62  ROE_T=3.20% 距 g_T=3.00% 不足 2.0%
    62  ROE_T=0.55% 距 g_T=3.00% 不足 2.0%
    61  ROE_T=1.25% 距 g_T=3.00% 不足 2.0%
    61  ROE_T=1.32% 距 g_T=3.00% 不足 2.0%
    61  ROE_T=1.16% 距 g_T=3.00% 不足 2.0%
    61  ROE_T=1.02% 距 g_T=3.00% 不足 2.0%
    61  ROE_T=0.57% 距 g_T=3.00% 不足 2.0%
    61  ROE_T=0.31% 距 g_T=3.00% 不足 2.0%
    60  ROE_T=2.05% 距 g_T=3.00% 不足 2.0%
    60  ROE_T=2.69% 距 g_T=3.00% 不足 2.0%
    60  ROE_T=0.64% 距 g_T=3.00% 不足 2.0%
    60  ROE_T=0.27% 距 g_T=3.00% 不足 2.0%
    59  ROE_T=1.60% 距 g_T=3.00% 不足 2.0%
    58  ROE_T=4.20% 距 g_T=3.00% 不足 2.0%
    58  ROE_T=2.58% 距 g_T=3.00% 不足 2.0%
    57  ROE_T=1.39% 距 g_T=3.00% 不足 2.0%
    57  ROE_T=3.60% 距 g_T=3.00% 不足 2.0%
    57  ROE_T=1.31% 距 g_T=3.00% 不足 2.0%
    57  ROE_T=0.83% 距 g_T=3.00% 不足 2.0%
    56  ROE_T=3.13% 距 g_T=3.00% 不足 2.0%
    55  ROE_T=0.28% 距 g_T=3.00% 不足 2.0%
    55  ROE_T=1.84% 距 g_T=3.00% 不足 2.0%
    55  ROE_T=0.65% 距 g_T=3.00% 不足 2.0%
    55  正常化每股 NOPAT 非正
    55  ROE_T=0.22% 距 g_T=3.00% 不足 2.0%
    54  ROE_T=1.34% 距 g_T=3.00% 不足 2.0%
    53  ROE_T=1.37% 距 g_T=3.00% 不足 2.0%
    53  ROE_T=0.92% 距 g_T=3.00% 不足 2.0%
    53  ROE_T=1.63% 距 g_T=3.00% 不足 2.0%
    52  ROE_T=0.68% 距 g_T=3.00% 不足 2.0%
    51  ROE_T=1.33% 距 g_T=3.00% 不足 2.0%
    50  ROE_T=1.18% 距 g_T=3.00% 不足 2.0%
    49  ROE_T=0.21% 距 g_T=3.00% 不足 2.0%
    49  ROE_T=0.24% 距 g_T=3.00% 不足 2.0%
    48  ROE_T=1.71% 距 g_T=3.00% 不足 2.0%
    47  ROE_T=2.62% 距 g_T=3.00% 不足 2.0%
    46  ROE_T=0.39% 距 g_T=3.00% 不足 2.0%
    45  ROE_T=0.23% 距 g_T=3.00% 不足 2.0%
    45  ROE_T=1.64% 距 g_T=3.00% 不足 2.0%
    44  ROE_T=0.32% 距 g_T=3.00% 不足 2.0%
    44  ROE_T=0.61% 距 g_T=3.00% 不足 2.0%
    43  ROE_T=0.29% 距 g_T=3.00% 不足 2.0%
    43  ROE_T=0.17% 距 g_T=3.00% 不足 2.0%
    42  ROE_T=0.54% 距 g_T=3.00% 不足 2.0%
    40  ROE_T=0.80% 距 g_T=3.00% 不足 2.0%
    40  ROE_T=1.24% 距 g_T=3.00% 不足 2.0%
    39  ROE_T=0.02% 距 g_T=3.00% 不足 2.0%
    39  ROE_T=0.14% 距 g_T=3.00% 不足 2.0%
    38  ROE_T=0.44% 距 g_T=3.00% 不足 2.0%
    36  ROE_T=0.34% 距 g_T=3.00% 不足 2.0%
    36  ROE_T=0.41% 距 g_T=3.00% 不足 2.0%
    36  ROE_T=5.00% 距 g_T=3.00% 不足 2.0%
    35  ROE_T=0.13% 距 g_T=3.00% 不足 2.0%
    33  ROE_T=0.26% 距 g_T=3.00% 不足 2.0%
    33  ROE_T=0.07% 距 g_T=3.00% 不足 2.0%
    32  ROE_T=0.51% 距 g_T=3.00% 不足 2.0%
    32  ROE_T=0.49% 距 g_T=3.00% 不足 2.0%
    32  ROE_T=0.11% 距 g_T=3.00% 不足 2.0%
    31  ROE_T=0.20% 距 g_T=3.00% 不足 2.0%
    30  ROE_T=0.42% 距 g_T=3.00% 不足 2.0%
    30  ROE_T=0.25% 距 g_T=3.00% 不足 2.0%
    27  ROE_T=0.01% 距 g_T=3.00% 不足 2.0%
    26  ROE_T=0.10% 距 g_T=3.00% 不足 2.0%
    25  ROE_T=0.19% 距 g_T=3.00% 不足 2.0%
    24  ROE_T=0.18% 距 g_T=3.00% 不足 2.0%
    23  ROE_T=0.35% 距 g_T=3.00% 不足 2.0%
    22  ROE_T=0.04% 距 g_T=3.00% 不足 2.0%
    18  ROE_T=0.16% 距 g_T=3.00% 不足 2.0%
    16  ROE_T=0.08% 距 g_T=3.00% 不足 2.0%
    15  ROE_T=0.15% 距 g_T=3.00% 不足 2.0%
    14  ROE_T=0.12% 距 g_T=3.00% 不足 2.0%
    14  ROE_T=0.09% 距 g_T=3.00% 不足 2.0%
    13  ROE_T=0.03% 距 g_T=3.00% 不足 2.0%
    10  ROE_T=0.05% 距 g_T=3.00% 不足 2.0%
     9  EPS0=-0.0009／ROE0=-0.05% 非正
     8  ROE_T=0.00% 距 g_T=3.00% 不足 2.0%
     6  NOPAT=-9274308.262500001: 息税前利润非正，按现金折现无意义，按 §6.5.2.4 判无法估值
     6  NOPAT=-161090893.7999999: 息税前利润非正，按现金折现无意义，按 §6.5.2.4 判无法估值
     6  NOPAT=-10385590.537500001: 息税前利润非正，按现金折现无意义，按 §6.5.2.4 判无法估值
     6  EPS0=-0.0007／ROE0=-0.02% 非正
     5  零增长股权价值 -0.16 ≤ 0
     5  零增长股权价值 -0.03 ≤ 0
     5  NOPAT=-157470326.04749998: 息税前利润非正，按现金折现无意义，按 §6.5.2.4 判无法估值
     5  ROE_T=0.06% 距 g_T=3.00% 不足 2.0%
     5  NOPAT=-50220185.7: 息税前利润非正，按现金折现无意义，按 §6.5.2.4 判无法估值
     4  EPS0=-0.0014／ROE0=-0.15% 非正
     4  NOPAT=-419983500.0: 息税前利润非正，按现金折现无意义，按 §6.5.2.4 判无法估值
     4  NOPAT=-4756349250.0: 息税前利润非正，按现金折现无意义，按 §6.5.2.4 判无法估值
     4  NOPAT=-17542088.04: 息税前利润非正，按现金折现无意义，按 §6.5.2.4 判无法估值
     4  NOPAT=-53550863.415: 息税前利润非正，按现金折现无意义，按 §6.5.2.4 判无法估值
     4  零增长股权价值 -0.04 ≤ 0
     4  NOPAT=-65622828.10499999: 息税前利润非正，按现金折现无意义，按 §6.5.2.4 判无法估值
     4  NOPAT=-104777472.315: 息税前利润非正，按现金折现无意义，按 §6.5.2.4 判无法估值
     4  零增长股权价值 -0.37 ≤ 0
     4  NOPAT=-38939898.435: 息税前利润非正，按现金折现无意义，按 §6.5.2.4 判无法估值
     4  NOPAT=-341258363.4975: 息税前利润非正，按现金折现无意义，按 §6.5.2.4 判无法估值
     4  NOPAT=-50259660.55500001: 息税前利润非正，按现金折现无意义，按 §6.5.2.4 判无法估值
     4  NOPAT=-26088694.507500004: 息税前利润非正，按现金折现无意义，按 §6.5.2.4 判无法估值
     4  NOPAT=-32155574.182499997: 息税前利润非正，按现金折现无意义，按 §6.5.2.4 判无法估值
     4  EPS0=-0.0073／ROE0=-0.75% 非正
     4  EPS0=-0.0066／ROE0=-0.32% 非正
     4  NOPAT=-138222417.0: 息税前利润非正，按现金折现无意义，按 §6.5.2.4 判无法估值
     4  EPS0=-0.0000／ROE0=-0.14% 非正
     4  零增长股权价值 -0.63 ≤ 0
     4  NOPAT=-58598588.287499994: 息税前利润非正，按现金折现无意义，按 §6.5.2.4 判无法估值
     4  NOPAT=-18045659.804999996: 息税前利润非正，按现金折现无意义，按 §6.5.2.4 判无法估值
     4  NOPAT=-744442724.25: 息税前利润非正，按现金折现无意义，按 §6.5.2.4 判无法估值
     4  NOPAT=-857474150.25: 息税前利润非正，按现金折现无意义，按 §6.5.2.4 判无法估值
     4  NOPAT=-553623945.0: 息税前利润非正，按现金折现无意义，按 §6.5.2.4 判无法估值
     4  NOPAT=-14228915.25: 息税前利润非正，按现金折现无意义，按 §6.5.2.4 判无法估值
     4  NOPAT=-1681020167.25: 息税前利润非正，按现金折现无意义，按 §6.5.2.4 判无法估值
     4  零增长股权价值 -0.52 ≤ 0
     4  NOPAT=-2096863400.2649999: 息税前利润非正，按现金折现无意义，按 §6.5.2.4 判无法估值
     4  NOPAT=-973261715.5050001: 息税前利润非正，按现金折现无意义，按 §6.5.2.4 判无法估值
     4  母公司权益或 BPS 不可用，股数无法反推
     4  EPS0=-0.0028／ROE0=-0.08% 非正
     4  EPS0=-0.0018／ROE0=-0.08% 非正
     4  NOPAT=-47433089.8125: 息税前利润非正，按现金折现无意义，按 §6.5.2.4 判无法估值
     4  NOPAT=-58224785.2275: 息税前利润非正，按现金折现无意义，按 §6.5.2.4 判无法估值
     4  NOPAT=-34615015.582499996: 息税前利润非正，按现金折现无意义，按 §6.5.2.4 判无法估值
     4  EPS0=-0.0428／ROE0=-1.85% 非正
     4  NOPAT=-141690228.945: 息税前利润非正，按现金折现无意义，按 §6.5.2.4 判无法估值
     4  终值 ROIC=3.77% 距 g_T=3.00% 不足 2.0%
     4  NOPAT=-288357171.99: 息税前利润非正，按现金折现无意义，按 §6.5.2.4 判无法估值
     4  NOPAT=-562053666.5999999: 息税前利润非正，按现金折现无意义，按 §6.5.2.4 判无法估值
     4  NOPAT=-131745326.715: 息税前利润非正，按现金折现无意义，按 §6.5.2.4 判无法估值
     4  NOPAT=-31790095.3275: 息税前利润非正，按现金折现无意义，按 §6.5.2.4 判无法估值
     4  EPS0=-0.0009／ROE0=-0.08% 非正
     4  EPS0=-0.0099／ROE0=-0.46% 非正
     4  NOPAT=-31729823.52: 息税前利润非正，按现金折现无意义，按 §6.5.2.4 判无法估值
     4  NOPAT=-2273819.0025: 息税前利润非正，按现金折现无意义，按 §6.5.2.4 判无法估值
     4  NOPAT=-401502594.8924999: 息税前利润非正，按现金折现无意义，按 §6.5.2.4 判无法估值
     4  NOPAT=-106399901.07: 息税前利润非正，按现金折现无意义，按 §6.5.2.4 判无法估值
     4  NOPAT=-519462318.7349999: 息税前利润非正，按现金折现无意义，按 §6.5.2.4 判无法估值
     4  NOPAT=-3572194500.0: 息税前利润非正，按现金折现无意义，按 §6.5.2.4 判无法估值
     4  NOPAT=-36291659250.0: 息税前利润非正，按现金折现无意义，按 §6.5.2.4 判无法估值
     4  NOPAT=-11699994750.0: 息税前利润非正，按现金折现无意义，按 §6.5.2.4 判无法估值
     4  NOPAT=-479022750.0: 息税前利润非正，按现金折现无意义，按 §6.5.2.4 判无法估值
     4  NOPAT=-56127510.66: 息税前利润非正，按现金折现无意义，按 §6.5.2.4 判无法估值
     4  NOPAT=-52848697.515: 息税前利润非正，按现金折现无意义，按 §6.5.2.4 判无法估值
     4  NOPAT=-80905949.895: 息税前利润非正，按现金折现无意义，按 §6.5.2.4 判无法估值
     4  NOPAT=-100312239.48: 息税前利润非正，按现金折现无意义，按 §6.5.2.4 判无法估值
     4  NOPAT=-877643.7975: 息税前利润非正，按现金折现无意义，按 §6.5.2.4 判无法估值
     4  NOPAT=-22238640.2175: 息税前利润非正，按现金折现无意义，按 §6.5.2.4 判无法估值
     4  NOPAT=-260975761.46250004: 息税前利润非正，按现金折现无意义，按 §6.5.2.4 判无法估值
     4  NOPAT=-535374851.5425: 息税前利润非正，按现金折现无意义，按 §6.5.2.4 判无法估值
     4  NOPAT=-10993881.945: 息税前利润非正，按现金折现无意义，按 §6.5.2.4 判无法估值
     4  NOPAT=-92168923.14: 息税前利润非正，按现金折现无意义，按 §6.5.2.4 判无法估值
     4  NOPAT=-5245241.7225: 息税前利润非正，按现金折现无意义，按 §6.5.2.4 判无法估值
     4  NOPAT=-1267409485.395: 息税前利润非正，按现金折现无意义，按 §6.5.2.4 判无法估值
     4  NOPAT=-138431768.66250002: 息税前利润非正，按现金折现无意义，按 §6.5.2.4 判无法估值
     4  NOPAT=-42775834.7025: 息税前利润非正，按现金折现无意义，按 §6.5.2.4 判无法估值
     4  NOPAT=-125881671.14999999: 息税前利润非正，按现金折现无意义，按 §6.5.2.4 判无法估值
     4  NOPAT=-46134660.660000004: 息税前利润非正，按现金折现无意义，按 §6.5.2.4 判无法估值
     4  NOPAT=-99006537.35249999: 息税前利润非正，按现金折现无意义，按 §6.5.2.4 判无法估值
     4  NOPAT=-285536731.52250004: 息税前利润非正，按现金折现无意义，按 §6.5.2.4 判无法估值
     4  NOPAT=-28824122.737499997: 息税前利润非正，按现金折现无意义，按 §6.5.2.4 判无法估值
     4  NOPAT=-34156447.30500001: 息税前利润非正，按现金折现无意义，按 §6.5.2.4 判无法估值
     4  NOPAT=-907839636.3074999: 息税前利润非正，按现金折现无意义，按 §6.5.2.4 判无法估值
     4  NOPAT=-1736441.25: 息税前利润非正，按现金折现无意义，按 §6.5.2.4 判无法估值
     4  NOPAT=-194813826.38250002: 息税前利润非正，按现金折现无意义，按 §6.5.2.4 判无法估值
     4  NOPAT=-1826093758.335: 息税前利润非正，按现金折现无意义，按 §6.5.2.4 判无法估值
     4  EPS0=-0.0007／ROE0=-0.09% 非正
     4  EPS0=-0.0006／ROE0=-0.09% 非正
     4  EPS0=-0.0006／ROE0=-0.12% 非正
     4  NOPAT=-1870824475.065: 息税前利润非正，按现金折现无意义，按 §6.5.2.4 判无法估值
     4  NOPAT=-899328796.4774998: 息税前利润非正，按现金折现无意义，按 §6.5.2.4 判无法估值
     4  NOPAT=-70471401.4125: 息税前利润非正，按现金折现无意义，按 §6.5.2.4 判无法估值
     4  EPS0=-0.0029／ROE0=-0.09% 非正
     4  EPS0=-0.0126／ROE0=-0.42% 非正
     4  NOPAT=-698048141.295: 息税前利润非正，按现金折现无意义，按 §6.5.2.4 判无法估值
     4  NOPAT=-368783043.3525: 息税前利润非正，按现金折现无意义，按 §6.5.2.4 判无法估值
     4  EPS0=-0.0022／ROE0=-0.05% 非正
     4  NOPAT=-8166540.8100000005: 息税前利润非正，按现金折现无意义，按 §6.5.2.4 判无法估值
     4  NOPAT=-126092660.8725: 息税前利润非正，按现金折现无意义，按 §6.5.2.4 判无法估值
     4  EPS0=-0.0177／ROE0=-0.57% 非正
     4  NOPAT=-67333510.74000001: 息税前利润非正，按现金折现无意义，按 §6.5.2.4 判无法估值
     4  EPS0=-0.0014／ROE0=-0.07% 非正
     4  NOPAT=-1296965792.0625: 息税前利润非正，按现金折现无意义，按 §6.5.2.4 判无法估值
     4  NOPAT=-29719306.98: 息税前利润非正，按现金折现无意义，按 §6.5.2.4 判无法估值
     4  NOPAT=-285277135.545: 息税前利润非正，按现金折现无意义，按 §6.5.2.4 判无法估值
     4  EPS0=-0.0024／ROE0=-0.08% 非正
     4  EPS0=-0.0008／ROE0=-0.02% 非正
     4  NOPAT=-4974432.112500001: 息税前利润非正，按现金折现无意义，按 §6.5.2.4 判无法估值
     4  EPS0=-0.0016／ROE0=-0.05% 非正
     4  NOPAT=-41980037.917500004: 息税前利润非正，按现金折现无意义，按 §6.5.2.4 判无法估值
     4  NOPAT=-1136718892.3874998: 息税前利润非正，按现金折现无意义，按 §6.5.2.4 判无法估值
     4  NOPAT=-779360281.5825: 息税前利润非正，按现金折现无意义，按 §6.5.2.4 判无法估值
     4  EPS0=-0.0024／ROE0=-0.14% 非正
     4  NOPAT=-58972197.239999995: 息税前利润非正，按现金折现无意义，按 §6.5.2.4 判无法估值
     4  NOPAT=-336620098.76250005: 息税前利润非正，按现金折现无意义，按 §6.5.2.4 判无法估值
     4  NOPAT=-573592607.64: 息税前利润非正，按现金折现无意义，按 §6.5.2.4 判无法估值
     4  EPS0=-0.0104／ROE0=-0.43% 非正
     4  NOPAT=-554357503.5: 息税前利润非正，按现金折现无意义，按 §6.5.2.4 判无法估值
     4  NOPAT=-1423042731.75: 息税前利润非正，按现金折现无意义，按 §6.5.2.4 判无法估值
     4  EPS0=-0.0000／ROE0=-0.10% 非正
     4  EPS0=-0.0102／ROE0=-1.72% 非正
     4  NOPAT=-6217063.800000001: 息税前利润非正，按现金折现无意义，按 §6.5.2.4 判无法估值
     4  NOPAT=-7006578.8925: 息税前利润非正，按现金折现无意义，按 §6.5.2.4 判无法估值
     4  NOPAT=-96759356.0625: 息税前利润非正，按现金折现无意义，按 §6.5.2.4 判无法估值
     4  NOPAT=-119198410.965: 息税前利润非正，按现金折现无意义，按 §6.5.2.4 判无法估值
     4  NOPAT=-226948283.3475: 息税前利润非正，按现金折现无意义，按 §6.5.2.4 判无法估值
     4  EPS0=-0.0001／ROE0=-0.00% 非正
     4  NOPAT=-14246875.41: 息税前利润非正，按现金折现无意义，按 §6.5.2.4 判无法估值
     4  NOPAT=-4815198.757499998: 息税前利润非正，按现金折现无意义，按 §6.5.2.4 判无法估值
     4  NOPAT=-280214663.66999996: 息税前利润非正，按现金折现无意义，按 §6.5.2.4 判无法估值
     4  NOPAT=-51917829.765: 息税前利润非正，按现金折现无意义，按 §6.5.2.4 判无法估值
     4  NOPAT=-2845577.4375: 息税前利润非正，按现金折现无意义，按 §6.5.2.4 判无法估值
     4  NOPAT=-41899524.2175: 息税前利润非正，按现金折现无意义，按 §6.5.2.4 判无法估值
     4  NOPAT=-96282304.22250001: 息税前利润非正，按现金折现无意义，按 §6.5.2.4 判无法估值
     4  NOPAT=-28058534.699999996: 息税前利润非正，按现金折现无意义，按 §6.5.2.4 判无法估值
     4  NOPAT=-587810.1449999996: 息税前利润非正，按现金折现无意义，按 §6.5.2.4 判无法估值
     4  NOPAT=-1455891643.0275002: 息税前利润非正，按现金折现无意义，按 §6.5.2.4 判无法估值
     4  NOPAT=-134623372.34250003: 息税前利润非正，按现金折现无意义，按 §6.5.2.4 判无法估值
     4  NOPAT=-74117757.04500002: 息税前利润非正，按现金折现无意义，按 §6.5.2.4 判无法估值
     4  NOPAT=-965404342.29: 息税前利润非正，按现金折现无意义，按 §6.5.2.4 判无法估值
     4  NOPAT=-590790227.475: 息税前利润非正，按现金折现无意义，按 §6.5.2.4 判无法估值
     4  NOPAT=-387166666.13250005: 息税前利润非正，按现金折现无意义，按 §6.5.2.4 判无法估值
     4  NOPAT=-1538345148.7125: 息税前利润非正，按现金折现无意义，按 §6.5.2.4 判无法估值
     4  NOPAT=-4236884306.2200003: 息税前利润非正，按现金折现无意义，按 §6.5.2.4 判无法估值
     4  NOPAT=-5779042795.4625: 息税前利润非正，按现金折现无意义，按 §6.5.2.4 判无法估值
     4  NOPAT=-4327495795.3575: 息税前利润非正，按现金折现无意义，按 §6.5.2.4 判无法估值
     4  NOPAT=-731637209.355: 息税前利润非正，按现金折现无意义，按 §6.5.2.4 判无法估值
     4  NOPAT=-384447941.1825: 息税前利润非正，按现金折现无意义，按 §6.5.2.4 判无法估值
     4  NOPAT=-192530270.12250003: 息税前利润非正，按现金折现无意义，按 §6.5.2.4 判无法估值
     4  NOPAT=-8802129.615: 息税前利润非正，按现金折现无意义，按 §6.5.2.4 判无法估值
     4  NOPAT=-315163538.145: 息税前利润非正，按现金折现无意义，按 §6.5.2.4 判无法估值
     4  NOPAT=-7028500500.0: 息税前利润非正，按现金折现无意义，按 §6.5.2.4 判无法估值
     4  NOPAT=-9944600250.0: 息税前利润非正，按现金折现无意义，按 §6.5.2.4 判无法估值
     4  NOPAT=-4617842250.0: 息税前利润非正，按现金折现无意义，按 §6.5.2.4 判无法估值
     4  NOPAT=-2990756250.0: 息税前利润非正，按现金折现无意义，按 §6.5.2.4 判无法估值
     4  NOPAT=-325881998.37: 息税前利润非正，按现金折现无意义，按 §6.5.2.4 判无法估值
     4  NOPAT=-615315284.6025: 息税前利润非正，按现金折现无意义，按 §6.5.2.4 判无法估值
     4  NOPAT=-989031345.585: 息税前利润非正，按现金折现无意义，按 §6.5.2.4 判无法估值
     4  NOPAT=-653494654.1775: 息税前利润非正，按现金折现无意义，按 §6.5.2.4 判无法估值
     4  NOPAT=-340959124.27500004: 息税前利润非正，按现金折现无意义，按 §6.5.2.4 判无法估值
     4  NOPAT=-232027967.10000002: 息税前利润非正，按现金折现无意义，按 §6.5.2.4 判无法估值
     3  EPS0=-0.0000／ROE0=-0.01% 非正
     3  EPS0=-0.0073／ROE0=-0.89% 非正
     3  EPS0=-0.0291／ROE0=-1.52% 非正
     3  零增长股权价值 -0.39 ≤ 0
     3  EPS0=-0.0052／ROE0=-0.33% 非正
     3  EPS0=-0.0049／ROE0=-0.84% 非正
     3  EPS0=-0.0044／ROE0=-0.19% 非正
     3  EPS0=-0.0356／ROE0=-3.96% 非正
     3  EPS0=-0.0004／ROE0=-0.10% 非正
     3  EPS0=-0.0150／ROE0=-1.05% 非正
     3  EPS0=-0.0043／ROE0=-1.87% 非正
     3  EPS0=-0.0119／ROE0=-1.09% 非正
     3  EPS0=-0.0021／ROE0=-0.06% 非正
     3  零增长股权价值 -2.15 ≤ 0
     3  零增长股权价值 -0.19 ≤ 0
     3  EPS0=-0.0019／ROE0=-2.36% 非正
     3  EPS0=-0.0064／ROE0=-0.26% 非正
     3  NOPAT=-13989760.372500002: 息税前利润非正，按现金折现无意义，按 §6.5.2.4 判无法估值
     3  EPS0=-0.0400／ROE0=-2.62% 非正
     3  NOPAT=-591592207.155: 息税前利润非正，按现金折现无意义，按 §6.5.2.4 判无法估值
     3  EPS0=-0.0178／ROE0=-1.34% 非正
     3  NOPAT=-208608178.08749998: 息税前利润非正，按现金折现无意义，按 §6.5.2.4 判无法估值
     3  EPS0=-0.0025／ROE0=-0.20% 非正
     3  EPS0=-0.0060／ROE0=-0.35% 非正
     3  NOPAT=-50326099.545: 息税前利润非正，按现金折现无意义，按 §6.5.2.4 判无法估值
     3  EPS0=-0.0163／ROE0=-0.64% 非正
     3  NOPAT=-78198297.7125: 息税前利润非正，按现金折现无意义，按 §6.5.2.4 判无法估值
     3  零增长股权价值 -0.42 ≤ 0
     3  EPS0=-0.0030／ROE0=-0.24% 非正
     3  EPS0=-0.0118／ROE0=-0.64% 非正
     3  NOPAT=-139777308.4575: 息税前利润非正，按现金折现无意义，按 §6.5.2.4 判无法估值
     3  EPS0=-0.0018／ROE0=-0.23% 非正
     3  EPS0=-0.0006／ROE0=-0.03% 非正
     3  EPS0=-0.0037／ROE0=-0.12% 非正
     3  EPS0=-0.0075／ROE0=-0.19% 非正
     3  EPS0=-0.0034／ROE0=-0.15% 非正
     3  EPS0=-0.0079／ROE0=-0.33% 非正
     3  EPS0=-0.0145／ROE0=-0.47% 非正
     3  EPS0=-0.0152／ROE0=-0.41% 非正
     3  EPS0=-0.0030／ROE0=-0.29% 非正
     3  EPS0=-0.0011／ROE0=-0.12% 非正
     3  EPS0=-0.0078／ROE0=-0.21% 非正
     3  EPS0=-0.0158／ROE0=-0.68% 非正
     3  NOPAT=-62666033.04: 息税前利润非正，按现金折现无意义，按 §6.5.2.4 判无法估值
     3  EPS0=-0.0020／ROE0=-0.05% 非正
     3  NOPAT=-212210489.235: 息税前利润非正，按现金折现无意义，按 §6.5.2.4 判无法估值
     3  EPS0=-0.0153／ROE0=-0.37% 非正
     3  EPS0=-0.0022／ROE0=-0.03% 非正
     3  NOPAT=-2254467904.92: 息税前利润非正，按现金折现无意义，按 §6.5.2.4 判无法估值
     3  EPS0=-0.0093／ROE0=-0.72% 非正
     3  NOPAT=-347057898.705: 息税前利润非正，按现金折现无意义，按 §6.5.2.4 判无法估值
     3  NOPAT=-660373008.54: 息税前利润非正，按现金折现无意义，按 §6.5.2.4 判无法估值
     3  EPS0=-0.0209／ROE0=-1.77% 非正
     3  EPS0=-0.0317／ROE0=-1.53% 非正
     3  EPS0=-0.0229／ROE0=-0.99% 非正
     3  EPS0=-0.0450／ROE0=-2.02% 非正
     3  EPS0=-0.0186／ROE0=-0.86% 非正
     3  EPS0=-0.0004／ROE0=-0.02% 非正
     3  EPS0=-0.0075／ROE0=-0.35% 非正
     3  EPS0=-0.0013／ROE0=-0.08% 非正
     3  EPS0=-0.0037／ROE0=-0.96% 非正
     3  EPS0=-0.0308／ROE0=-2.20% 非正
     3  NOPAT=-44989850.894999996: 息税前利润非正，按现金折现无意义，按 §6.5.2.4 判无法估值
     3  NOPAT=-894314795.25: 息税前利润非正，按现金折现无意义，按 §6.5.2.4 判无法估值
     3  EPS0=-0.0087／ROE0=-1.72% 非正
     3  EPS0=-0.0100／ROE0=-0.59% 非正
     3  EPS0=-0.0765／ROE0=-5.81% 非正
     3  NOPAT=-162058432.64999998: 息税前利润非正，按现金折现无意义，按 §6.5.2.4 判无法估值
     3  NOPAT=-94080137.9625: 息税前利润非正，按现金折现无意义，按 §6.5.2.4 判无法估值
     3  NOPAT=-427107560.17499995: 息税前利润非正，按现金折现无意义，按 §6.5.2.4 判无法估值
     3  EPS0=-0.0540／ROE0=-1.39% 非正
     3  EPS0=-0.0458／ROE0=-0.89% 非正
     3  NOPAT=-5079660097.799999: 息税前利润非正，按现金折现无意义，按 §6.5.2.4 判无法估值
     3  EPS0=-0.0347／ROE0=-1.70% 非正
     3  EPS0=-0.0092／ROE0=-0.40% 非正
     3  EPS0=-0.0037／ROE0=-0.26% 非正
     3  NOPAT=-355821007.6425: 息税前利润非正，按现金折现无意义，按 §6.5.2.4 判无法估值
     3  NOPAT=-39189781.425000004: 息税前利润非正，按现金折现无意义，按 §6.5.2.4 判无法估值
     3  EPS0=-0.0062／ROE0=-0.16% 非正
     3  NOPAT=-125196871.545: 息税前利润非正，按现金折现无意义，按 §6.5.2.4 判无法估值
     3  NOPAT=-8774958.165000001: 息税前利润非正，按现金折现无意义，按 §6.5.2.4 判无法估值
     3  NOPAT=-8325149250.0: 息税前利润非正，按现金折现无意义，按 §6.5.2.4 判无法估值
     3  NOPAT=-292305058.23749995: 息税前利润非正，按现金折现无意义，按 §6.5.2.4 判无法估值
     2  EPS0=-0.0050／ROE0=-1.17% 非正
     2  EPS0=-0.0607／ROE0=-4.01% 非正
     2  EPS0=-0.0074／ROE0=-0.89% 非正
     2  EPS0=-0.0071／ROE0=-0.89% 非正
     2  EPS0=-0.0472／ROE0=-1.17% 非正
     2  EPS0=-0.1116／ROE0=-4.76% 非正
     2  EPS0=-0.0123／ROE0=-0.26% 非正
     2  零增长股权价值 -0.26 ≤ 0
     2  零增长股权价值 -1.74 ≤ 0
     2  零增长股权价值 -0.89 ≤ 0
     2  零增长股权价值 -0.15 ≤ 0
     2  零增长股权价值 -0.07 ≤ 0
     2  EPS0=-0.0223／ROE0=-0.39% 非正
     2  EPS0=-0.0668／ROE0=-1.69% 非正
     2  EPS0=-0.0025／ROE0=-2.00% 非正
     2  EPS0=-0.0057／ROE0=-0.84% 非正
     2  EPS0=-0.0268／ROE0=-0.83% 非正
     2  EPS0=-0.0636／ROE0=-1.79% 非正
     2  EPS0=-0.1350／ROE0=-7.46% 非正
     2  EPS0=-0.0566／ROE0=-1.00% 非正
     2  EPS0=-0.1977／ROE0=-18.24% 非正
     2  EPS0=-0.0468／ROE0=-7.92% 非正
     2  EPS0=-0.0436／ROE0=-1.76% 非正
     2  EPS0=-0.0429／ROE0=-1.76% 非正
     2  EPS0=-0.0896／ROE0=-6.67% 非正
     2  EPS0=-0.1177／ROE0=-10.92% 非正
     2  EPS0=-0.0566／ROE0=-6.17% 非正
     2  EPS0=-0.0596／ROE0=-3.16% 非正
     2  EPS0=-0.0021／ROE0=-11.37% 非正
     2  EPS0=-0.0060／ROE0=-2.65% 非正
     2  EPS0=-0.0326／ROE0=-1.30% 非正
     2  EPS0=-0.2361／ROE0=-4.07% 非正
     2  EPS0=-0.0755／ROE0=-9.16% 非正
     2  EPS0=-0.0038／ROE0=-0.54% 非正
     2  EPS0=-0.0183／ROE0=-2.52% 非正
     2  EPS0=-0.0450／ROE0=-3.77% 非正
     2  EPS0=-0.0209／ROE0=-1.14% 非正
     2  零增长股权价值 -0.60 ≤ 0
     2  零增长股权价值 -0.74 ≤ 0
     2  零增长股权价值 -2.28 ≤ 0
     2  EPS0=-0.0027／ROE0=-0.70% 非正
     2  EPS0=-0.0017／ROE0=-0.70% 非正
     2  EPS0=-0.0298／ROE0=-1.88% 非正
     2  EPS0=-0.2093／ROE0=-8.07% 非正
     2  EPS0=-0.1197／ROE0=-6.13% 非正
     2  EPS0=-0.0210／ROE0=-1.10% 非正
     2  零增长股权价值 -0.48 ≤ 0
     2  EPS0=-0.0005／ROE0=-0.23% 非正
     2  EPS0=-0.2012／ROE0=-11.12% 非正
     2  EPS0=-0.0006／ROE0=-0.05% 非正
     2  EPS0=-0.0005／ROE0=-0.05% 非正
     2  EPS0=-0.1440／ROE0=-3.63% 非正
     2  零增长股权价值 -1.12 ≤ 0
     2  零增长股权价值 -1.54 ≤ 0
     2  零增长股权价值 -0.25 ≤ 0
     2  零增长股权价值 -0.24 ≤ 0
     2  零增长股权价值 -0.22 ≤ 0
     2  零增长股权价值 -0.90 ≤ 0
     2  零增长股权价值 -0.56 ≤ 0
     2  EPS0=-0.0267／ROE0=-1.95% 非正
     2  EPS0=-0.0210／ROE0=-2.02% 非正
     2  EPS0=-0.0865／ROE0=-4.13% 非正
     2  EPS0=-0.0839／ROE0=-4.05% 非正
     2  EPS0=-0.0018／ROE0=-0.11% 非正
     2  EPS0=-0.0017／ROE0=-0.11% 非正
     2  EPS0=-0.0914／ROE0=-3.98% 非正
     2  EPS0=-0.0296／ROE0=-0.89% 非正
     2  EPS0=-0.0600／ROE0=-3.48% 非正
     2  EPS0=-0.0092／ROE0=-0.46% 非正
     2  EPS0=-0.0356／ROE0=-2.21% 非正
     2  EPS0=-0.0667／ROE0=-1.95% 非正
     2  EPS0=-0.0093／ROE0=-0.39% 非正
     2  EPS0=-0.0092／ROE0=-0.39% 非正
     2  EPS0=-0.0193／ROE0=-0.88% 非正
     2  EPS0=-0.0217／ROE0=-0.81% 非正
     2  EPS0=-0.0118／ROE0=-0.50% 非正
     2  EPS0=-0.0326／ROE0=-2.30% 非正
     2  EPS0=-0.0600／ROE0=-1.62% 非正
     2  EPS0=-0.2067／ROE0=-2.51% 非正
     2  EPS0=-0.0149／ROE0=-0.64% 非正
     2  EPS0=-0.0209／ROE0=-5.86% 非正
     2  EPS0=-0.0209／ROE0=-2.09% 非正
     2  EPS0=-0.1943／ROE0=-7.65% 非正
     2  EPS0=-0.0570／ROE0=-6.65% 非正
     2  EPS0=-0.0104／ROE0=-0.29% 非正
     2  EPS0=-0.1164／ROE0=-2.10% 非正
     2  EPS0=-0.0465／ROE0=-2.18% 非正
     2  EPS0=-0.0466／ROE0=-2.18% 非正
     2  EPS0=-0.0141／ROE0=-0.54% 非正
     2  EPS0=-0.0140／ROE0=-0.54% 非正
     2  EPS0=-0.0398／ROE0=-1.57% 非正
     2  NOPAT=-56798198.75999999: 息税前利润非正，按现金折现无意义，按 §6.5.2.4 判无法估值
     2  EPS0=-0.2031／ROE0=-3.71% 非正
     2  EPS0=-0.0258／ROE0=-43.49% 非正
     2  EPS0=-0.0289／ROE0=-1.09% 非正
     2  EPS0=-0.0295／ROE0=-1.09% 非正
     2  EPS0=-0.1339／ROE0=-2.92% 非正
     2  零增长股权价值 -0.44 ≤ 0
     2  EPS0=-0.0540／ROE0=-3.16% 非正
     2  零增长股权价值 -2.14 ≤ 0
     2  EPS0=-0.1468／ROE0=-19.58% 非正
     2  EPS0=-0.0290／ROE0=-0.81% 非正
     2  股权价值 -0.63 ≤ 0
     2  EPS0=-0.1014／ROE0=-3.20% 非正
     2  股权价值 -18.43 ≤ 0
     2  股权价值 -6.59 ≤ 0
     2  EPS0=-0.0021／ROE0=-0.10% 非正
     2  EPS0=-0.0020／ROE0=-0.10% 非正
     2  EPS0=-0.0310／ROE0=-0.45% 非正
     2  EPS0=-0.0145／ROE0=-0.49% 非正
     2  EPS0=-0.0811／ROE0=-7.33% 非正
     2  EPS0=-0.0154／ROE0=-11.31% 非正
     2  EPS0=-0.0041／ROE0=-0.39% 非正
     2  EPS0=-0.2740／ROE0=-7.53% 非正
     2  EPS0=-0.0107／ROE0=-0.31% 非正
     2  EPS0=-0.0048／ROE0=-0.15% 非正
     2  EPS0=-0.2514／ROE0=-13.35% 非正
     2  EPS0=-0.3044／ROE0=-9.90% 非正
     2  EPS0=-0.0703／ROE0=-1.52% 非正
     2  EPS0=-0.0338／ROE0=-0.65% 非正
     2  EPS0=-0.0069／ROE0=-0.31% 非正
     2  EPS0=-0.0099／ROE0=-0.41% 非正
     2  EPS0=-0.0957／ROE0=-2.21% 非正
     2  EPS0=-0.0285／ROE0=-1.32% 非正
     2  EPS0=-0.0179／ROE0=-0.51% 非正
     2  EPS0=-0.0780／ROE0=-1.66% 非正
     2  EPS0=-0.0410／ROE0=-1.29% 非正
     2  EPS0=-0.0295／ROE0=-2.34% 非正
     2  EPS0=-0.0388／ROE0=-6.84% 非正
     2  EPS0=-0.0415／ROE0=-37.22% 非正
     2  EPS0=-0.0413／ROE0=-1.50% 非正
     2  EPS0=-0.1109／ROE0=-5.37% 非正
     2  EPS0=-0.0048／ROE0=-0.09% 非正
     2  EPS0=-0.0025／ROE0=-0.07% 非正
     2  EPS0=-0.0026／ROE0=-0.07% 非正
     2  EPS0=-0.0430／ROE0=-1.98% 非正
     2  EPS0=-0.0145／ROE0=-3.27% 非正
     2  EPS0=-0.0173／ROE0=-4.32% 非正
     2  EPS0=-0.0029／ROE0=-0.35% 非正
     2  EPS0=-0.0095／ROE0=-2.05% 非正
     2  EPS0=-0.0157／ROE0=-0.78% 非正
     2  EPS0=-0.0434／ROE0=-1.70% 非正
     2  EPS0=-0.0312／ROE0=-1.33% 非正
     2  EPS0=-0.0020／ROE0=-0.45% 非正
     2  EPS0=-0.0019／ROE0=-0.45% 非正
     2  EPS0=-0.0317／ROE0=-1.42% 非正
     2  EPS0=-0.0678／ROE0=-1.21% 非正
     2  EPS0=-0.1266／ROE0=-5.63% 非正
     2  EPS0=-0.1112／ROE0=-4.76% 非正
     2  EPS0=-0.0120／ROE0=-0.53% 非正
     2  EPS0=-0.0141／ROE0=-1.51% 非正
     2  零增长股权价值 -0.51 ≤ 0
     2  零增长股权价值 -0.58 ≤ 0
     2  EPS0=-0.0364／ROE0=-1.57% 非正
     2  EPS0=-0.0677／ROE0=-10.87% 非正
     2  EPS0=-0.0316／ROE0=-0.63% 非正
     2  EPS0=-0.0262／ROE0=-2.19% 非正
     2  EPS0=-0.0003／ROE0=-0.09% 非正
     2  EPS0=-0.0004／ROE0=-0.09% 非正
     2  EPS0=-0.0041／ROE0=-0.12% 非正
     2  EPS0=-0.0042／ROE0=-0.12% 非正
     2  EPS0=-0.0727／ROE0=-2.22% 非正
     2  EPS0=-0.0974／ROE0=-5.93% 非正
     2  EPS0=-0.0294／ROE0=-2.21% 非正
     2  EPS0=-0.0192／ROE0=-0.62% 非正
     2  EPS0=-0.0174／ROE0=-0.62% 非正
     2  EPS0=-0.2535／ROE0=-7.86% 非正
     2  EPS0=-0.0339／ROE0=-1.59% 非正
     2  零增长股权价值 -0.09 ≤ 0
     2  零增长股权价值 -0.12 ≤ 0
     2  EPS0=-0.0391／ROE0=-1.03% 非正
     2  EPS0=-0.0289／ROE0=-1.06% 非正
     2  EPS0=-0.0009／ROE0=-0.03% 非正
     2  EPS0=-0.0228／ROE0=-0.71% 非正
     2  EPS0=-0.0128／ROE0=-0.40% 非正
     2  EPS0=-0.1743／ROE0=-4.55% 非正
     2  EPS0=-0.0042／ROE0=-0.21% 非正
     2  EPS0=-0.0044／ROE0=-0.21% 非正
     2  EPS0=-0.0046／ROE0=-0.21% 非正
     2  EPS0=-0.0154／ROE0=-0.36% 非正
     2  EPS0=-0.3840／ROE0=-13.81% 非正
     2  EPS0=-0.0262／ROE0=-0.57% 非正
     2  EPS0=-0.0348／ROE0=-2.92% 非正
     2  EPS0=-0.0619／ROE0=-2.44% 非正
     2  EPS0=-0.0677／ROE0=-1.64% 非正
     2  EPS0=-0.0163／ROE0=-0.35% 非正
     2  EPS0=-0.0297／ROE0=-0.98% 非正
     2  EPS0=-0.0414／ROE0=-0.98% 非正
     2  EPS0=-0.0341／ROE0=-0.78% 非正
     2  EPS0=-0.0342／ROE0=-0.78% 非正
     2  EPS0=-0.0418／ROE0=-1.22% 非正
     2  EPS0=-0.0733／ROE0=-3.01% 非正
     2  EPS0=-0.0083／ROE0=-0.42% 非正
     2  EPS0=-0.0717／ROE0=-4.31% 非正
     2  EPS0=-0.1771／ROE0=-6.19% 非正
     2  EPS0=-0.0359／ROE0=-1.80% 非正
     2  EPS0=-0.0270／ROE0=-2.09% 非正
     2  EPS0=-0.0190／ROE0=-0.37% 非正
     2  EPS0=-0.0191／ROE0=-0.37% 非正
     2  EPS0=-0.0179／ROE0=-0.77% 非正
     2  EPS0=-0.0268／ROE0=-0.69% 非正
     2  EPS0=-0.1292／ROE0=-4.36% 非正
     2  EPS0=-0.0250／ROE0=-1.03% 非正
     2  EPS0=-0.0240／ROE0=-1.03% 非正
     2  EPS0=-0.0080／ROE0=-0.35% 非正
     2  EPS0=-0.0761／ROE0=-7.04% 非正
     2  EPS0=-0.0649／ROE0=-2.47% 非正
     2  EPS0=-0.0270／ROE0=-0.80% 非正
     2  EPS0=-0.0485／ROE0=-1.01% 非正
     2  EPS0=-0.0135／ROE0=-0.17% 非正
     2  EPS0=-0.0156／ROE0=-0.47% 非正
     2  EPS0=-0.0159／ROE0=-1.15% 非正
     2  EPS0=-0.0104／ROE0=-1.15% 非正
     2  EPS0=-0.0136／ROE0=-1.60% 非正
     2  EPS0=-0.0133／ROE0=-1.60% 非正
     2  EPS0=-0.0170／ROE0=-0.35% 非正
     2  EPS0=-0.0045／ROE0=-0.21% 非正
     2  EPS0=-0.0280／ROE0=-0.81% 非正
     2  EPS0=-0.0220／ROE0=-0.63% 非正
     2  EPS0=-0.0479／ROE0=-5.08% 非正
     2  EPS0=-0.0270／ROE0=-1.09% 非正
     2  EPS0=-0.0401／ROE0=-1.93% 非正
     2  EPS0=-0.0861／ROE0=-3.96% 非正
     2  EPS0=-0.0391／ROE0=-1.30% 非正
     2  EPS0=-0.0481／ROE0=-21.08% 非正
     2  EPS0=-0.0034／ROE0=-0.16% 非正
     2  EPS0=-0.0710／ROE0=-1.22% 非正
     2  EPS0=-0.0219／ROE0=-1.32% 非正
     2  EPS0=-0.0278／ROE0=-1.03% 非正
     2  EPS0=-0.0617／ROE0=-1.09% 非正
     2  EPS0=-0.0087／ROE0=-0.72% 非正
     2  EPS0=-0.0152／ROE0=-0.76% 非正
     2  EPS0=-0.0152／ROE0=-1.13% 非正
     2  EPS0=-0.0032／ROE0=-0.12% 非正
     2  EPS0=-0.0514／ROE0=-2.03% 非正
     2  EPS0=-0.0074／ROE0=-0.36% 非正
     2  EPS0=-0.0012／ROE0=-0.07% 非正
     2  EPS0=-0.0007／ROE0=-0.04% 非正
     2  EPS0=-0.0006／ROE0=-0.04% 非正
     2  EPS0=-0.0152／ROE0=-0.49% 非正
     2  EPS0=-0.0106／ROE0=-0.57% 非正
     2  EPS0=-0.0132／ROE0=-0.41% 非正
     2  EPS0=-0.0209／ROE0=-0.20% 非正
     2  EPS0=-0.1180／ROE0=-1.32% 非正
     2  EPS0=-0.3006／ROE0=-3.34% 非正
     2  EPS0=-0.1029／ROE0=-1.84% 非正
     2  EPS0=-0.0616／ROE0=-2.18% 非正
     2  EPS0=-0.2964／ROE0=-7.85% 非正
     2  EPS0=-0.0895／ROE0=-3.75% 非正
     2  EPS0=-0.0086／ROE0=-0.18% 非正
     2  EPS0=-0.0082／ROE0=-0.18% 非正
     2  EPS0=-0.1386／ROE0=-3.91% 非正
     2  EPS0=-0.0154／ROE0=-0.44% 非正
     2  EPS0=-0.0168／ROE0=-0.48% 非正
     2  EPS0=-0.1814／ROE0=-2.13% 非正
     2  EPS0=-0.0647／ROE0=-1.56% 非正
     2  EPS0=-0.1670／ROE0=-2.84% 非正
     2  EPS0=-0.0066／ROE0=-0.18% 非正
     2  EPS0=-0.0067／ROE0=-0.18% 非正
     2  EPS0=-0.1309／ROE0=-1.30% 非正
     2  EPS0=-0.0214／ROE0=-0.19% 非正
     2  EPS0=-0.0035／ROE0=-0.05% 非正
     2  EPS0=-0.1638／ROE0=-8.20% 非正
     2  EPS0=-0.1066／ROE0=-1.78% 非正
     2  EPS0=-0.0741／ROE0=-1.58% 非正
     2  EPS0=-0.0164／ROE0=-0.64% 非正
     2  EPS0=-0.1546／ROE0=-13.93% 非正
     2  EPS0=-0.1398／ROE0=-13.93% 非正
     2  EPS0=-0.1247／ROE0=-13.93% 非正
     2  EPS0=-0.1142／ROE0=-13.93% 非正
     2  EPS0=-0.0507／ROE0=-14.93% 非正
     2  EPS0=-0.0614／ROE0=-4.84% 非正
     2  EPS0=-0.0074／ROE0=-6.68% 非正
     2  EPS0=-0.0110／ROE0=-0.69% 非正
     2  EPS0=-0.0111／ROE0=-0.69% 非正
     2  EPS0=-0.0103／ROE0=-0.69% 非正
     2  EPS0=-0.0252／ROE0=-1.73% 非正
     2  EPS0=-0.0264／ROE0=-3.88% 非正
     2  EPS0=-0.0122／ROE0=-1.73% 非正
     2  EPS0=-0.0097／ROE0=-1.89% 非正
     2  EPS0=-0.0245／ROE0=-5.21% 非正
     2  EPS0=-0.0595／ROE0=-1.93% 非正
     2  EPS0=-0.0876／ROE0=-4.74% 非正
     2  EPS0=-0.0402／ROE0=-1.61% 非正
     2  EPS0=-0.2201／ROE0=-10.64% 非正
     2  EPS0=-0.0515／ROE0=-2.37% 非正
     2  EPS0=-0.0779／ROE0=-3.14% 非正
     2  股权价值 -0.11 ≤ 0
     2  EPS0=-0.0175／ROE0=-0.83% 非正
     2  EPS0=-0.0490／ROE0=-2.67% 非正
     2  EPS0=-0.0411／ROE0=-1.14% 非正
     2  EPS0=-0.1473／ROE0=-7.60% 非正
     2  EPS0=-0.3942／ROE0=-12.01% 非正
     2  EPS0=-0.0360／ROE0=-2.26% 非正
     2  EPS0=-0.0053／ROE0=-0.21% 非正
     2  EPS0=-0.1626／ROE0=-6.28% 非正
     2  EPS0=-0.0250／ROE0=-1.62% 非正
     2  EPS0=-0.0494／ROE0=-3.34% 非正
     2  EPS0=-0.0514／ROE0=-3.20% 非正
     2  EPS0=-0.0551／ROE0=-3.20% 非正
     2  EPS0=-0.1365／ROE0=-3.84% 非正
     2  EPS0=-0.0194／ROE0=-1.15% 非正
     2  EPS0=-0.0294／ROE0=-3.68% 非正
     2  EPS0=-0.0469／ROE0=-1.35% 非正
     2  EPS0=-0.0369／ROE0=-1.88% 非正
     2  EPS0=-0.0154／ROE0=-0.93% 非正
     2  EPS0=-0.0153／ROE0=-0.93% 非正
     2  EPS0=-0.0157／ROE0=-0.97% 非正
     2  EPS0=-0.1258／ROE0=-6.07% 非正
     2  EPS0=-0.0097／ROE0=-8.86% 非正
     2  EPS0=-0.0640／ROE0=-3.28% 非正
     2  EPS0=-0.0150／ROE0=-0.52% 非正
     2  EPS0=-0.0145／ROE0=-0.70% 非正
     2  EPS0=-0.0110／ROE0=-0.70% 非正
     2  EPS0=-0.0108／ROE0=-0.70% 非正
     2  EPS0=-0.0303／ROE0=-2.06% 非正
     2  EPS0=-0.0244／ROE0=-35.53% 非正
     2  EPS0=-0.0229／ROE0=-0.70% 非正
     2  EPS0=-0.0111／ROE0=-0.31% 非正
     2  EPS0=-0.0072／ROE0=-7.57% 非正
     2  EPS0=-0.1993／ROE0=-6.46% 非正
     2  EPS0=-0.0247／ROE0=-1.49% 非正
     2  EPS0=-0.1725／ROE0=-4.77% 非正
     2  EPS0=-0.0048／ROE0=-0.47% 非正
     2  EPS0=-0.2040／ROE0=-11.59% 非正
     2  EPS0=-0.0331／ROE0=-0.85% 非正
     2  EPS0=-0.0072／ROE0=-0.59% 非正
     2  EPS0=-0.0071／ROE0=-0.59% 非正
     2  EPS0=-0.0583／ROE0=-2.90% 非正
     2  EPS0=-0.2228／ROE0=-10.66% 非正
     2  EPS0=-0.0171／ROE0=-0.55% 非正
     2  EPS0=-0.0719／ROE0=-1.02% 非正
     2  EPS0=-0.0246／ROE0=-0.43% 非正
     2  EPS0=-0.0247／ROE0=-0.43% 非正
     2  EPS0=-0.0282／ROE0=-1.21% 非正
     2  EPS0=-0.0283／ROE0=-1.21% 非正
     2  EPS0=-0.0253／ROE0=-0.59% 非正
     2  EPS0=-0.0254／ROE0=-0.59% 非正
     2  EPS0=-0.1153／ROE0=-4.38% 非正
     2  EPS0=-0.1249／ROE0=-6.06% 非正
     2  EPS0=-0.0617／ROE0=-4.72% 非正
     2  EPS0=-0.0019／ROE0=-0.05% 非正
     2  EPS0=-0.0017／ROE0=-0.05% 非正
     2  EPS0=-0.0620／ROE0=-1.53% 非正
     2  EPS0=-0.0530／ROE0=-2.28% 非正
     2  EPS0=-0.0338／ROE0=-3.18% 非正
     2  EPS0=-0.0340／ROE0=-3.18% 非正
     2  EPS0=-0.0532／ROE0=-0.93% 非正
     2  EPS0=-0.0065／ROE0=-0.61% 非正
     2  零增长股权价值 -0.80 ≤ 0
     2  零增长股权价值 -0.11 ≤ 0
     2  EPS0=-0.0144／ROE0=-0.45% 非正
     2  EPS0=-0.0066／ROE0=-0.46% 非正
     2  EPS0=-0.0663／ROE0=-5.39% 非正
     2  EPS0=-0.1792／ROE0=-5.61% 非正
     2  EPS0=-0.0231／ROE0=-1.46% 非正
     2  EPS0=-0.0483／ROE0=-2.82% 非正
     2  EPS0=-0.2368／ROE0=-3.05% 非正
     2  EPS0=-0.0837／ROE0=-8.17% 非正
     2  EPS0=-0.0000／ROE0=-0.99% 非正
     2  EPS0=-0.0038／ROE0=-0.99% 非正
     2  EPS0=-0.0037／ROE0=-0.99% 非正
     2  EPS0=-0.0971／ROE0=-7.41% 非正
     2  EPS0=-0.0260／ROE0=-1.36% 非正
     2  EPS0=-0.0019／ROE0=-0.06% 非正
     2  EPS0=-0.1846／ROE0=-10.03% 非正
     2  EPS0=-0.0117／ROE0=-1.72% 非正
     2  EPS0=-0.0043／ROE0=-0.26% 非正
     2  零增长股权价值 -0.73 ≤ 0
     2  零增长股权价值 -0.75 ≤ 0
     2  EPS0=-0.1552／ROE0=-4.76% 非正
     2  EPS0=-0.0462／ROE0=-3.16% 非正
     2  EPS0=-0.0221／ROE0=-0.64% 非正
     2  EPS0=-0.0109／ROE0=-4.54% 非正
     2  EPS0=-0.0189／ROE0=-9.08% 非正
     2  EPS0=-0.0069／ROE0=-0.62% 非正
     2  EPS0=-0.0566／ROE0=-7.28% 非正
     2  EPS0=-0.0034／ROE0=-0.43% 非正
     2  EPS0=-0.1383／ROE0=-5.44% 非正
     2  EPS0=-0.0099／ROE0=-0.23% 非正
     2  EPS0=-0.0303／ROE0=-1.40% 非正
     2  EPS0=-0.0734／ROE0=-5.88% 非正
     2  EPS0=-0.0516／ROE0=-3.44% 非正
     2  EPS0=-0.0124／ROE0=-0.57% 非正
     2  EPS0=-0.0546／ROE0=-0.97% 非正
     2  EPS0=-0.0773／ROE0=-9.08% 非正
     2  EPS0=-0.0374／ROE0=-3.25% 非正
     2  EPS0=-0.0091／ROE0=-0.76% 非正
     2  EPS0=-0.1215／ROE0=-2.79% 非正
     2  EPS0=-0.0612／ROE0=-1.39% 非正
     2  EPS0=-0.0318／ROE0=-1.50% 非正
     2  EPS0=-0.0316／ROE0=-1.50% 非正
     2  零增长股权价值 -0.62 ≤ 0
     2  EPS0=-0.0729／ROE0=-4.31% 非正
     2  零增长股权价值 -0.76 ≤ 0
     2  零增长股权价值 -0.87 ≤ 0
     2  EPS0=-0.0248／ROE0=-5.14% 非正
     2  EPS0=-0.0261／ROE0=-11.50% 非正
     2  EPS0=-0.0153／ROE0=-0.32% 非正
     2  EPS0=-0.0039／ROE0=-0.18% 非正
     2  EPS0=-0.0221／ROE0=-0.42% 非正
     2  股权价值 -0.04 ≤ 0
     2  EPS0=-0.0270／ROE0=-1.73% 非正
     2  EPS0=-0.0166／ROE0=-0.61% 非正
     2  EPS0=-0.0716／ROE0=-1.76% 非正
     2  EPS0=-0.5476／ROE0=-25.03% 非正
     2  EPS0=-0.5025／ROE0=-25.03% 非正
     2  EPS0=-0.2958／ROE0=-25.03% 非正
     2  EPS0=-0.2399／ROE0=-25.03% 非正
     2  EPS0=-0.4163／ROE0=-52.55% 非正
     2  EPS0=-0.3480／ROE0=-52.55% 非正
     2  EPS0=-0.2016／ROE0=-52.55% 非正
     2  EPS0=-0.0914／ROE0=-52.55% 非正
     2  EPS0=-0.0213／ROE0=-3.24% 非正
     2  EPS0=-0.0833／ROE0=-5.07% 非正
     2  EPS0=-0.0244／ROE0=-0.98% 非正
     2  EPS0=-0.0143／ROE0=-0.37% 非正
     2  EPS0=-0.0787／ROE0=-2.13% 非正
     2  EPS0=-0.0459／ROE0=-0.89% 非正
     2  EPS0=-0.0619／ROE0=-1.60% 非正
     2  EPS0=-0.0620／ROE0=-1.60% 非正
     2  EPS0=-0.0084／ROE0=-0.27% 非正
     2  EPS0=-0.0928／ROE0=-2.97% 非正
     2  EPS0=-0.3289／ROE0=-15.17% 非正
     2  EPS0=-0.0062／ROE0=-0.19% 非正
     2  EPS0=-0.1908／ROE0=-5.41% 非正
     2  EPS0=-0.1147／ROE0=-3.94% 非正
     2  EPS0=-0.0560／ROE0=-2.28% 非正
     2  EPS0=-0.0300／ROE0=-0.34% 非正
     2  EPS0=-0.1837／ROE0=-5.31% 非正
     2  EPS0=-0.0277／ROE0=-0.36% 非正
     2  EPS0=-0.0026／ROE0=-0.05% 非正
     2  EPS0=-0.0296／ROE0=-0.26% 非正
     2  EPS0=-0.0507／ROE0=-0.38% 非正
     2  NOPAT=-30747891.389999997: 息税前利润非正，按现金折现无意义，按 §6.5.2.4 判无法估值
     2  EPS0=-0.0140／ROE0=-0.41% 非正
     2  EPS0=-0.0187／ROE0=-0.36% 非正
     2  EPS0=-0.0185／ROE0=-0.36% 非正
     2  EPS0=-0.2553／ROE0=-3.10% 非正
     2  EPS0=-0.0203／ROE0=-0.25% 非正
     2  EPS0=-0.0632／ROE0=-0.54% 非正
     2  EPS0=-0.1276／ROE0=-0.87% 非正
     2  EPS0=-0.0740／ROE0=-1.08% 非正
     2  EPS0=-0.0060／ROE0=-0.24% 非正
     2  NOPAT=-110063218.77000001: 息税前利润非正，按现金折现无意义，按 §6.5.2.4 判无法估值
     2  NOPAT=-67489908.81: 息税前利润非正，按现金折现无意义，按 §6.5.2.4 判无法估值
     2  EPS0=-0.0634／ROE0=-1.07% 非正
     2  EPS0=-0.0396／ROE0=-1.14% 非正
     1  EPS0=-0.4930／ROE0=-2.88% 非正
     1  EPS0=-0.4778／ROE0=-2.88% 非正
     1  EPS0=-0.4640／ROE0=-2.88% 非正
     1  EPS0=-0.4249／ROE0=-2.88% 非正
     1  EPS0=-2.2756／ROE0=-23.22% 非正
     1  EPS0=-2.1594／ROE0=-23.22% 非正
     1  EPS0=-1.9835／ROE0=-23.22% 非正
     1  EPS0=-0.0502／ROE0=-4.99% 非正
     1  EPS0=-0.0503／ROE0=-4.99% 非正
     1  EPS0=-0.0492／ROE0=-4.99% 非正
     1  EPS0=-0.0477／ROE0=-4.99% 非正
     1  EPS0=-0.0527／ROE0=-3.85% 非正
     1  EPS0=-0.0519／ROE0=-3.85% 非正
     1  EPS0=-0.0520／ROE0=-3.85% 非正
     1  EPS0=-0.0521／ROE0=-3.85% 非正
     1  EPS0=-0.0565／ROE0=-6.06% 非正
     1  EPS0=-0.0615／ROE0=-6.06% 非正
     1  EPS0=-0.0623／ROE0=-6.06% 非正
     1  EPS0=-0.0627／ROE0=-6.06% 非正
     1  EPS0=-0.1892／ROE0=-5.06% 非正
     1  EPS0=-0.1882／ROE0=-5.06% 非正
     1  EPS0=-0.1833／ROE0=-5.06% 非正
     1  EPS0=-0.1846／ROE0=-5.06% 非正
     1  EPS0=-0.3825／ROE0=-9.56% 非正
     1  EPS0=-0.3807／ROE0=-9.56% 非正
     1  EPS0=-0.3775／ROE0=-9.56% 非正
     1  EPS0=-0.3820／ROE0=-9.56% 非正
     1  EPS0=-0.0242／ROE0=-2.49% 非正
     1  EPS0=-0.1753／ROE0=-9.37% 非正
     1  EPS0=-0.1734／ROE0=-9.37% 非正
     1  EPS0=-0.1722／ROE0=-9.37% 非正
     1  EPS0=-0.1688／ROE0=-9.37% 非正
     1  EPS0=-0.2309／ROE0=-17.66% 非正
     1  EPS0=-0.2277／ROE0=-17.66% 非正
     1  EPS0=-0.2194／ROE0=-17.66% 非正
     1  EPS0=-0.2190／ROE0=-17.66% 非正
     1  EPS0=-0.1727／ROE0=-15.48% 非正
     1  EPS0=-0.1690／ROE0=-15.36% 非正
     1  EPS0=-0.1215／ROE0=-11.24% 非正
     1  EPS0=-0.0997／ROE0=-9.20% 非正
     1  EPS0=-0.1682／ROE0=-20.89% 非正
     1  EPS0=-0.1659／ROE0=-20.89% 非正
     1  EPS0=-0.1641／ROE0=-20.89% 非正
     1  EPS0=-0.0088／ROE0=-0.83% 非正
     1  EPS0=-0.0084／ROE0=-0.83% 非正
     1  EPS0=-0.0083／ROE0=-0.83% 非正
     1  EPS0=-0.0081／ROE0=-0.83% 非正
     1  EPS0=-0.1095／ROE0=-27.37% 非正
     1  EPS0=-0.1088／ROE0=-27.37% 非正
     1  EPS0=-0.0786／ROE0=-27.37% 非正
     1  EPS0=-0.0758／ROE0=-27.37% 非正
     1  EPS0=-0.3086／ROE0=-21.92% 非正
     1  EPS0=-0.2961／ROE0=-21.92% 非正
     1  EPS0=-0.2859／ROE0=-21.92% 非正
     1  EPS0=-0.2573／ROE0=-21.92% 非正
     1  EPS0=-0.2758／ROE0=-53.92% 非正
     1  EPS0=-0.2777／ROE0=-53.92% 非正
     1  EPS0=-0.2825／ROE0=-53.92% 非正
     1  EPS0=-0.3045／ROE0=-53.92% 非正
     1  EPS0=-0.1508／ROE0=-2.67% 非正
     1  EPS0=-0.1510／ROE0=-2.67% 非正
     1  EPS0=-0.1515／ROE0=-2.67% 非正
     1  EPS0=-0.1523／ROE0=-2.67% 非正
     1  EPS0=-0.1439／ROE0=-12.31% 非正
     1  EPS0=-0.1443／ROE0=-12.31% 非正
     1  EPS0=-0.1445／ROE0=-12.31% 非正
     1  EPS0=-0.1416／ROE0=-12.31% 非正
     1  EPS0=-0.3616／ROE0=-54.68% 非正
     1  EPS0=-0.3831／ROE0=-54.68% 非正
     1  EPS0=-0.2746／ROE0=-54.68% 非正
     1  EPS0=-0.1387／ROE0=-54.68% 非正
     1  EPS0=-0.0029／ROE0=-22.33% 非正
     1  EPS0=-0.0026／ROE0=-22.33% 非正
     1  EPS0=-0.0014／ROE0=-7.89% 非正
     1  EPS0=-0.0049／ROE0=-1.17% 非正
     1  EPS0=-0.0701／ROE0=-4.41% 非正
     1  EPS0=-0.0690／ROE0=-4.41% 非正
     1  EPS0=-0.0676／ROE0=-4.41% 非正
     1  EPS0=-0.0646／ROE0=-4.41% 非正
     1  EPS0=-0.0015／ROE0=-0.21% 非正
     1  EPS0=-0.0014／ROE0=-0.21% 非正
     1  EPS0=-0.0007／ROE0=-0.11% 非正
     1  EPS0=-0.0608／ROE0=-4.01% 非正
     1  EPS0=-0.0615／ROE0=-4.01% 非正
     1  EPS0=-0.0070／ROE0=-0.89% 非正
     1  EPS0=-0.0776／ROE0=-3.79% 非正
     1  EPS0=-0.0781／ROE0=-3.79% 非正
     1  EPS0=-0.0785／ROE0=-3.79% 非正
     1  EPS0=-0.0787／ROE0=-3.79% 非正
     1  EPS0=-0.4061／ROE0=-41.85% 非正
     1  EPS0=-0.3954／ROE0=-41.85% 非正
     1  EPS0=-0.2019／ROE0=-20.24% 非正
     1  EPS0=-0.1986／ROE0=-20.24% 非正
     1  EPS0=-0.0638／ROE0=-6.44% 非正
     1  EPS0=-0.0629／ROE0=-6.44% 非正
     1  EPS0=-0.0628／ROE0=-6.44% 非正
     1  EPS0=-0.0641／ROE0=-6.44% 非正
     1  EPS0=-0.0618／ROE0=-1.78% 非正
     1  EPS0=-0.0630／ROE0=-1.78% 非正
     1  EPS0=-0.0636／ROE0=-1.78% 非正
     1  EPS0=-0.0087／ROE0=-0.24% 非正
     1  EPS0=-0.2045／ROE0=-5.69% 非正
     1  EPS0=-0.2068／ROE0=-5.69% 非正
     1  EPS0=-0.2052／ROE0=-5.69% 非正
     1  EPS0=-0.1979／ROE0=-5.69% 非正
     1  EPS0=-0.0665／ROE0=-2.06% 非正
     1  EPS0=-0.0661／ROE0=-2.06% 非正
     1  EPS0=-0.0648／ROE0=-2.06% 非正
     1  EPS0=-0.0637／ROE0=-2.06% 非正
     1  EPS0=-0.2477／ROE0=-10.02% 非正
     1  EPS0=-0.2417／ROE0=-10.02% 非正
     1  EPS0=-0.2502／ROE0=-10.02% 非正
     1  EPS0=-0.2353／ROE0=-10.02% 非正
     1  EPS0=-0.4963／ROE0=-20.69% 非正
     1  EPS0=-0.4856／ROE0=-20.69% 非正
     1  EPS0=-0.4613／ROE0=-20.69% 非正
     1  EPS0=-0.1201／ROE0=-13.12% 非正
     1  EPS0=-0.1193／ROE0=-13.12% 非正
     1  EPS0=-0.1184／ROE0=-13.12% 非正
     1  EPS0=-0.1175／ROE0=-13.12% 非正
     1  EPS0=-0.0012／ROE0=-4.05% 非正
     1  EPS0=-0.3178／ROE0=-30.27% 非正
     1  EPS0=-0.3042／ROE0=-30.27% 非正
     1  EPS0=-0.2919／ROE0=-30.27% 非正
     1  EPS0=-0.2926／ROE0=-30.27% 非正
     1  EPS0=-0.1583／ROE0=-15.37% 非正
     1  EPS0=-0.1744／ROE0=-15.37% 非正
     1  EPS0=-0.1020／ROE0=-8.53% 非正
     1  EPS0=-0.0311／ROE0=-1.08% 非正
     1  EPS0=-0.0297／ROE0=-1.08% 非正
     1  EPS0=-0.0285／ROE0=-1.08% 非正
     1  EPS0=-0.3937／ROE0=-37.31% 非正
     1  EPS0=-0.3651／ROE0=-37.31% 非正
     1  EPS0=-0.3588／ROE0=-37.31% 非正
     1  EPS0=-0.3541／ROE0=-37.31% 非正
     1  EPS0=-0.1390／ROE0=-17.16% 非正
     1  EPS0=-0.1345／ROE0=-17.16% 非正
     1  EPS0=-0.1289／ROE0=-17.16% 非正
     1  EPS0=-0.1038／ROE0=-17.16% 非正
     1  EPS0=-0.0330／ROE0=-19.39% 非正
     1  EPS0=-0.1275／ROE0=-11.17% 非正
     1  EPS0=-0.1268／ROE0=-11.17% 非正
     1  EPS0=-0.1264／ROE0=-11.17% 非正
     1  EPS0=-0.1288／ROE0=-11.17% 非正
     1  EPS0=-0.2457／ROE0=-14.20% 非正
     1  EPS0=-0.2566／ROE0=-14.20% 非正
     1  EPS0=-0.2582／ROE0=-14.20% 非正
     1  EPS0=-0.2585／ROE0=-14.20% 非正
     1  EPS0=-0.7182／ROE0=-8.32% 非正
     1  EPS0=-0.7289／ROE0=-8.32% 非正
     1  EPS0=-0.6661／ROE0=-8.32% 非正
     1  EPS0=-0.6532／ROE0=-8.32% 非正
     1  EPS0=-1.0931／ROE0=-22.18% 非正
     1  EPS0=-1.1394／ROE0=-22.18% 非正
     1  EPS0=-1.1563／ROE0=-22.18% 非正
     1  EPS0=-1.1137／ROE0=-22.18% 非正
     1  EPS0=-1.0986／ROE0=-31.31% 非正
     1  EPS0=-1.1259／ROE0=-33.03% 非正
     1  EPS0=-0.2921／ROE0=-15.51% 非正
     1  EPS0=-0.2990／ROE0=-15.51% 非正
     1  EPS0=-0.1894／ROE0=-4.10% 非正
     1  EPS0=-0.1342／ROE0=-2.90% 非正
     1  EPS0=-0.0037／ROE0=-0.08% 非正
     1  EPS0=-0.1213／ROE0=-83.75% 非正
     1  EPS0=-0.1265／ROE0=-83.75% 非正
     1  EPS0=-0.1342／ROE0=-83.75% 非正
     1  EPS0=-0.0410／ROE0=-37.64% 非正
     1  EPS0=-0.0350／ROE0=-37.64% 非正
     1  EPS0=-0.0376／ROE0=-37.64% 非正
     1  EPS0=-0.2910／ROE0=-2.56% 非正
     1  EPS0=-0.2879／ROE0=-2.56% 非正
     1  EPS0=-0.2859／ROE0=-2.56% 非正
     1  EPS0=-0.2861／ROE0=-2.56% 非正
     1  EPS0=-0.0169／ROE0=-0.67% 非正
     1  EPS0=-0.0152／ROE0=-0.67% 非正
     1  EPS0=-0.0148／ROE0=-0.67% 非正
     1  EPS0=-0.2790／ROE0=-8.29% 非正
     1  EPS0=-0.2765／ROE0=-8.29% 非正
     1  EPS0=-0.2741／ROE0=-8.29% 非正
     1  EPS0=-0.2753／ROE0=-8.29% 非正
     1  EPS0=-0.2237／ROE0=-13.11% 非正
     1  EPS0=-0.1560／ROE0=-13.11% 非正
     1  EPS0=-0.1216／ROE0=-10.05% 非正
     1  EPS0=-0.1586／ROE0=-13.11% 非正
     1  EPS0=-0.0484／ROE0=-0.94% 非正
     1  EPS0=-0.0487／ROE0=-0.94% 非正
     1  EPS0=-0.0489／ROE0=-0.94% 非正
     1  EPS0=-0.0860／ROE0=-10.74% 非正
     1  EPS0=-0.0505／ROE0=-10.74% 非正
     1  EPS0=-0.0842／ROE0=-10.74% 非正
     1  EPS0=-0.0877／ROE0=-10.74% 非正
     1  EPS0=-0.0984／ROE0=-55.16% 非正
     1  EPS0=-0.0774／ROE0=-55.16% 非正
     1  EPS0=-0.0594／ROE0=-55.16% 非正
     1  EPS0=-0.0297／ROE0=-55.16% 非正
     1  EPS0=-0.6281／ROE0=-5.88% 非正
     1  EPS0=-0.4231／ROE0=-5.88% 非正
     1  EPS0=-0.4236／ROE0=-5.88% 非正
     1  EPS0=-0.6328／ROE0=-5.88% 非正
     1  EPS0=-0.0474／ROE0=-1.17% 非正
     1  EPS0=-0.0475／ROE0=-1.17% 非正
     1  EPS0=-0.4530／ROE0=-15.46% 非正
     1  EPS0=-0.4372／ROE0=-15.46% 非正
     1  EPS0=-0.4194／ROE0=-15.46% 非正
     1  EPS0=-0.3988／ROE0=-15.46% 非正
     1  EPS0=-0.4935／ROE0=-27.51% 非正
     1  EPS0=-0.4563／ROE0=-27.51% 非正
     1  EPS0=-0.2264／ROE0=-27.51% 非正
     1  EPS0=-0.2035／ROE0=-27.51% 非正
     1  EPS0=-0.4323／ROE0=-52.60% 非正
     1  EPS0=-0.3950／ROE0=-52.60% 非正
     1  EPS0=-0.3642／ROE0=-52.60% 非正
     1  EPS0=-0.3126／ROE0=-52.60% 非正
     1  EPS0=-0.2038／ROE0=-68.95% 非正
     1  EPS0=-0.1543／ROE0=-68.95% 非正
     1  EPS0=-0.0920／ROE0=-68.95% 非正
     1  EPS0=-0.0290／ROE0=-1.52% 非正
     1  EPS0=-0.4993／ROE0=-8.64% 非正
     1  EPS0=-0.4889／ROE0=-8.64% 非正
     1  EPS0=-0.5185／ROE0=-8.64% 非正
     1  EPS0=-0.5068／ROE0=-8.64% 非正
     1  EPS0=-0.4601／ROE0=-6.41% 非正
     1  EPS0=-0.4464／ROE0=-6.41% 非正
     1  EPS0=-0.4193／ROE0=-6.41% 非正
     1  EPS0=-0.4030／ROE0=-6.41% 非正
     1  EPS0=-0.6666／ROE0=-11.01% 非正
     1  EPS0=-0.6696／ROE0=-11.01% 非正
     1  EPS0=-0.0351／ROE0=-1.52% 非正
     1  EPS0=-0.0341／ROE0=-1.52% 非正
     1  EPS0=-0.0335／ROE0=-1.52% 非正
     1  EPS0=-0.0353／ROE0=-1.52% 非正
     1  EPS0=-0.0484／ROE0=-2.02% 非正
     1  EPS0=-0.0485／ROE0=-2.02% 非正
     1  EPS0=-0.7719／ROE0=-392.61% 非正
     1  EPS0=-0.7008／ROE0=-392.61% 非正
     1  EPS0=-0.6316／ROE0=-392.61% 非正
     1  EPS0=-0.4348／ROE0=-292.81% 非正
     1  EPS0=-0.0094／ROE0=-9.66% 非正
     1  EPS0=-0.0077／ROE0=-9.66% 非正
     1  EPS0=-0.0071／ROE0=-9.66% 非正
     1  EPS0=-0.0064／ROE0=-9.66% 非正
     1  EPS0=-0.0454／ROE0=-17.35% 非正
     1  EPS0=-0.0437／ROE0=-17.35% 非正
     1  EPS0=-0.0408／ROE0=-17.35% 非正
     1  EPS0=-0.0385／ROE0=-17.35% 非正
     1  EPS0=-0.0102／ROE0=-22.54% 非正
     1  EPS0=-0.0042／ROE0=-22.54% 非正
     1  EPS0=-0.0940／ROE0=-15.68% 非正
     1  EPS0=-0.0912／ROE0=-15.68% 非正
     1  EPS0=-0.0179／ROE0=-3.20% 非正
     1  EPS0=-0.3704／ROE0=-5.16% 非正
     1  EPS0=-0.3682／ROE0=-5.16% 非正
     1  EPS0=-0.3637／ROE0=-5.16% 非正
     1  EPS0=-0.3556／ROE0=-5.16% 非正
     1  EPS0=-0.7578／ROE0=-12.16% 非正
     1  EPS0=-0.7359／ROE0=-12.16% 非正
     1  EPS0=-0.7135／ROE0=-12.16% 非正
     1  EPS0=-0.6904／ROE0=-12.16% 非正
     1  EPS0=-0.9794／ROE0=-22.10% 非正
     1  EPS0=-0.9410／ROE0=-22.10% 非正
     1  EPS0=-0.8815／ROE0=-22.10% 非正
     1  EPS0=-0.2056／ROE0=-8.36% 非正
     1  EPS0=-0.2059／ROE0=-8.36% 非正
     1  EPS0=-0.2060／ROE0=-8.36% 非正
     1  EPS0=-0.2061／ROE0=-8.36% 非正
     1  EPS0=-0.1073／ROE0=-4.76% 非正
     1  EPS0=-0.1078／ROE0=-4.76% 非正
     1  EPS0=-0.1127／ROE0=-4.76% 非正
     1  EPS0=-0.2658／ROE0=-23.61% 非正
     1  EPS0=-0.2633／ROE0=-23.61% 非正
     1  EPS0=-0.2820／ROE0=-23.61% 非正
     1  EPS0=-0.5068／ROE0=-24.48% 非正
     1  EPS0=-0.5148／ROE0=-24.48% 非正
     1  EPS0=-0.3623／ROE0=-24.48% 非正
     1  EPS0=-0.3648／ROE0=-24.48% 非正
     1  EPS0=-0.2440／ROE0=-22.35% 非正
     1  EPS0=-0.2476／ROE0=-22.35% 非正
     1  EPS0=-0.2478／ROE0=-22.35% 非正
     1  EPS0=-0.2479／ROE0=-22.35% 非正
     1  EPS0=-0.2493／ROE0=-36.54% 非正
     1  EPS0=-0.2526／ROE0=-36.54% 非正
     1  EPS0=-0.2537／ROE0=-36.54% 非正
     1  EPS0=-0.2529／ROE0=-36.54% 非正
     1  EPS0=-0.1580／ROE0=-33.88% 非正
     1  EPS0=-0.1612／ROE0=-34.16% 非正
     1  EPS0=-0.1571／ROE0=-40.40% 非正
     1  EPS0=-0.1838／ROE0=-3.52% 非正
     1  EPS0=-0.1820／ROE0=-3.52% 非正
     1  EPS0=-0.1829／ROE0=-3.52% 非正
     1  EPS0=-0.1957／ROE0=-17.02% 非正
     1  EPS0=-0.1967／ROE0=-17.02% 非正
     1  EPS0=-0.1987／ROE0=-17.02% 非正
     1  EPS0=-0.2083／ROE0=-17.02% 非正
     1  EPS0=-0.1593／ROE0=-9.48% 非正
     1  EPS0=-0.1594／ROE0=-9.48% 非正
     1  EPS0=-0.1616／ROE0=-9.48% 非正
     1  EPS0=-0.1619／ROE0=-9.48% 非正
     1  EPS0=-0.1278／ROE0=-8.79% 非正
     1  EPS0=-0.1267／ROE0=-8.79% 非正
     1  EPS0=-0.1253／ROE0=-8.79% 非正
     1  EPS0=-0.1305／ROE0=-8.79% 非正
     1  EPS0=-0.1169／ROE0=-8.79% 非正
     1  EPS0=-0.1160／ROE0=-8.79% 非正
     1  EPS0=-0.0688／ROE0=-5.26% 非正
     1  EPS0=-0.1890／ROE0=-5.43% 非正
     1  EPS0=-0.1178／ROE0=-5.43% 非正
     1  EPS0=-0.1362／ROE0=-5.43% 非正
     1  EPS0=-0.1373／ROE0=-5.43% 非正
     1  EPS0=-0.5215／ROE0=-26.52% 非正
     1  EPS0=-0.4918／ROE0=-26.52% 非正
     1  EPS0=-0.4400／ROE0=-26.52% 非正
     1  EPS0=-0.4093／ROE0=-26.52% 非正
     1  EPS0=-0.4428／ROE0=-40.37% 非正
     1  EPS0=-0.4194／ROE0=-40.37% 非正
     1  EPS0=-0.3764／ROE0=-40.37% 非正
     1  EPS0=-0.4088／ROE0=-40.37% 非正
     1  EPS0=-0.1852／ROE0=-6.41% 非正
     1  EPS0=-0.1699／ROE0=-6.41% 非正
     1  EPS0=-0.1656／ROE0=-6.41% 非正
     1  EPS0=-0.1679／ROE0=-6.41% 非正
     1  EPS0=-0.4071／ROE0=-26.85% 非正
     1  EPS0=-0.3388／ROE0=-26.85% 非正
     1  EPS0=-0.2708／ROE0=-26.85% 非正
     1  EPS0=-0.2000／ROE0=-26.85% 非正
     1  EPS0=-1.6949／ROE0=-61.36% 非正
     1  EPS0=-0.5824／ROE0=-35.73% 非正
     1  EPS0=-0.5619／ROE0=-35.73% 非正
     1  EPS0=-0.5349／ROE0=-35.73% 非正
     1  EPS0=-0.5115／ROE0=-35.73% 非正
     1  EPS0=-0.1579／ROE0=-4.70% 非正
     1  EPS0=-0.1550／ROE0=-4.70% 非正
     1  EPS0=-0.1552／ROE0=-4.70% 非正
     1  EPS0=-0.1533／ROE0=-4.70% 非正
     1  EPS0=-0.3697／ROE0=-4.95% 非正
     1  EPS0=-0.3401／ROE0=-4.95% 非正
     1  EPS0=-0.3356／ROE0=-4.95% 非正
     1  EPS0=-0.3530／ROE0=-4.95% 非正
     1  EPS0=-1.1221／ROE0=-13.48% 非正
     1  EPS0=-1.1049／ROE0=-13.48% 非正
     1  EPS0=-1.0767／ROE0=-13.48% 非正
     1  EPS0=-1.0613／ROE0=-13.48% 非正
     1  EPS0=-0.3440／ROE0=-5.27% 非正
     1  EPS0=-0.3501／ROE0=-5.27% 非正
     1  EPS0=-0.3425／ROE0=-5.27% 非正
     1  EPS0=-0.2088／ROE0=-8.19% 非正
     1  EPS0=-0.2056／ROE0=-8.19% 非正
     1  EPS0=-0.2027／ROE0=-8.19% 非正
     1  EPS0=-0.2009／ROE0=-8.19% 非正
     1  EPS0=-0.1468／ROE0=-7.30% 非正
     1  EPS0=-0.1432／ROE0=-7.30% 非正
     1  EPS0=-0.1400／ROE0=-7.30% 非正
     1  EPS0=-0.1395／ROE0=-7.30% 非正
     1  EPS0=-0.0070／ROE0=-17.58% 非正
     1  EPS0=-0.0088／ROE0=-17.58% 非正
     1  零增长股权价值 -1.73 ≤ 0
     1  零增长股权价值 -0.27 ≤ 0
     1  零增长股权价值 -0.88 ≤ 0
     1  零增长股权价值 -0.17 ≤ 0
     1  EPS0=-0.1658／ROE0=-17.27% 非正
     1  EPS0=-0.1619／ROE0=-17.27% 非正
     1  EPS0=-0.1571／ROE0=-17.27% 非正
     1  EPS0=-0.1558／ROE0=-17.27% 非正
     1  EPS0=-0.3142／ROE0=-56.10% 非正
     1  EPS0=-0.3090／ROE0=-56.10% 非正
     1  EPS0=-0.3425／ROE0=-56.10% 非正
     1  EPS0=-0.3321／ROE0=-56.10% 非正
     1  EPS0=-0.0239／ROE0=-4.04% 非正
     1  EPS0=-0.0230／ROE0=-4.04% 非正
     1  EPS0=-0.0224／ROE0=-4.04% 非正
     1  EPS0=-0.0190／ROE0=-4.04% 非正
     1  EPS0=-0.0185／ROE0=-4.04% 非正
     1  EPS0=-0.0181／ROE0=-4.04% 非正
     1  EPS0=-0.0184／ROE0=-4.04% 非正
     1  EPS0=-0.0675／ROE0=-23.29% 非正
     1  EPS0=-0.0663／ROE0=-23.29% 非正
     1  EPS0=-0.0645／ROE0=-23.29% 非正
     1  EPS0=-0.0632／ROE0=-23.29% 非正
     1  EPS0=-0.0720／ROE0=-29.98% 非正
     1  EPS0=-0.0699／ROE0=-29.98% 非正
     1  EPS0=-0.0659／ROE0=-29.18% 非正
     1  EPS0=-0.0659／ROE0=-29.98% 非正
     1  EPS0=-0.0230／ROE0=-10.62% 非正
     1  EPS0=-0.0651／ROE0=-2.98% 非正
     1  EPS0=-0.0634／ROE0=-2.98% 非正
     1  EPS0=-0.0621／ROE0=-2.98% 非正
     1  EPS0=-0.0608／ROE0=-2.74% 非正
     1  EPS0=-0.0415／ROE0=-2.98% 非正
     1  EPS0=-0.0368／ROE0=-2.98% 非正
     1  EPS0=-0.0311／ROE0=-2.98% 非正
     1  EPS0=-0.0445／ROE0=-2.98% 非正
     1  EPS0=-0.2409／ROE0=-18.74% 非正
     1  EPS0=-0.1874／ROE0=-18.74% 非正
     1  EPS0=-0.1729／ROE0=-18.74% 非正
     1  EPS0=-0.1721／ROE0=-18.74% 非正
     1  EPS0=-0.2427／ROE0=-9.02% 非正
     1  EPS0=-0.2281／ROE0=-9.02% 非正
     1  EPS0=-0.1906／ROE0=-9.02% 非正
     1  EPS0=-0.1490／ROE0=-9.02% 非正
     1  EPS0=-0.3723／ROE0=-43.28% 非正
     1  EPS0=-0.2216／ROE0=-43.28% 非正
     1  EPS0=-0.0918／ROE0=-43.28% 非正
     1  EPS0=-0.0235／ROE0=-26.74% 非正
     1  EPS0=-0.6802／ROE0=-103.34% 非正
     1  EPS0=-0.3773／ROE0=-103.34% 非正
     1  EPS0=-0.1956／ROE0=-103.34% 非正
     1  EPS0=-0.0168／ROE0=-103.34% 非正
     1  EPS0=-0.0578／ROE0=-26.74% 非正
     1  EPS0=-0.0410／ROE0=-26.74% 非正
     1  EPS0=-0.0294／ROE0=-26.74% 非正
     1  EPS0=-0.0118／ROE0=-26.74% 非正
     1  EPS0=-0.1122／ROE0=-40.27% 非正
     1  EPS0=-0.0850／ROE0=-40.27% 非正
     1  EPS0=-0.0681／ROE0=-40.27% 非正
     1  EPS0=-0.1812／ROE0=-26.26% 非正
     1  EPS0=-0.1612／ROE0=-26.26% 非正
     1  EPS0=-0.1467／ROE0=-26.26% 非正
     1  EPS0=-0.1290／ROE0=-26.26% 非正
     1  EPS0=-0.1278／ROE0=-11.64% 非正
     1  EPS0=-0.0956／ROE0=-11.64% 非正
     1  EPS0=-0.0935／ROE0=-11.64% 非正
     1  EPS0=-0.2030／ROE0=-4.62% 非正
     1  EPS0=-0.2000／ROE0=-4.62% 非正
     1  EPS0=-0.1941／ROE0=-4.62% 非正
     1  EPS0=-0.2004／ROE0=-4.62% 非正
     1  EPS0=-0.1570／ROE0=-4.71% 非正
     1  EPS0=-0.1581／ROE0=-4.71% 非正
     1  EPS0=-0.1624／ROE0=-4.71% 非正
     1  EPS0=-0.1637／ROE0=-4.71% 非正
     1  EPS0=-0.1967／ROE0=-7.94% 非正
     1  EPS0=-0.1884／ROE0=-7.94% 非正
     1  EPS0=-0.1815／ROE0=-7.94% 非正
     1  EPS0=-0.1895／ROE0=-7.94% 非正
     1  EPS0=-0.0456／ROE0=-2.59% 非正
     1  EPS0=-0.0823／ROE0=-6.63% 非正
     1  EPS0=-0.0826／ROE0=-6.63% 非正
     1  EPS0=-0.0594／ROE0=-6.63% 非正
     1  EPS0=-0.3680／ROE0=-6.85% 非正
     1  EPS0=-0.3730／ROE0=-6.85% 非正
     1  EPS0=-0.3745／ROE0=-6.85% 非正
     1  EPS0=-0.2715／ROE0=-6.85% 非正
     1  EPS0=-0.1237／ROE0=-62.55% 非正
     1  零增长股权价值 -0.05 ≤ 0
     1  EPS0=-0.1541／ROE0=-6.20% 非正
     1  EPS0=-0.1495／ROE0=-6.20% 非正
     1  EPS0=-0.1458／ROE0=-6.20% 非正
     1  EPS0=-0.1430／ROE0=-6.20% 非正
     1  EPS0=-0.1100／ROE0=-6.20% 非正
     1  EPS0=-0.1073／ROE0=-6.20% 非正
     1  EPS0=-0.1054／ROE0=-6.20% 非正
     1  EPS0=-0.1041／ROE0=-6.20% 非正
     1  EPS0=-0.1152／ROE0=-6.91% 非正
     1  EPS0=-0.1120／ROE0=-6.91% 非正
     1  EPS0=-0.1098／ROE0=-6.91% 非正
     1  EPS0=-0.1076／ROE0=-6.91% 非正
     1  EPS0=-0.1445／ROE0=-9.50% 非正
     1  EPS0=-0.1386／ROE0=-9.50% 非正
     1  EPS0=-0.1346／ROE0=-9.50% 非正
     1  EPS0=-0.1299／ROE0=-9.50% 非正
     1  EPS0=-0.1452／ROE0=-11.05% 非正
     1  EPS0=-0.1384／ROE0=-11.05% 非正
     1  EPS0=-0.1330／ROE0=-11.05% 非正
     1  EPS0=-0.0482／ROE0=-1.29% 非正
     1  EPS0=-0.0472／ROE0=-1.29% 非正
     1  EPS0=-0.0473／ROE0=-1.29% 非正
     1  EPS0=-0.0463／ROE0=-1.29% 非正
     1  EPS0=-0.1528／ROE0=-4.53% 非正
     1  EPS0=-0.1460／ROE0=-4.53% 非正
     1  EPS0=-0.1399／ROE0=-4.53% 非正
     1  EPS0=-0.1370／ROE0=-4.53% 非正
     1  EPS0=-0.3334／ROE0=-12.17% 非正
     1  EPS0=-0.3244／ROE0=-12.17% 非正
     1  EPS0=-0.3211／ROE0=-12.17% 非正
     1  EPS0=-0.3208／ROE0=-12.17% 非正
     1  EPS0=-0.3756／ROE0=-17.51% 非正
     1  EPS0=-0.3555／ROE0=-17.51% 非正
     1  EPS0=-0.3492／ROE0=-17.51% 非正
     1  EPS0=-0.3477／ROE0=-17.51% 非正
     1  EPS0=-0.3605／ROE0=-50.39% 非正
     1  EPS0=-0.3410／ROE0=-50.39% 非正
     1  EPS0=-0.3397／ROE0=-50.39% 非正
     1  EPS0=-0.3465／ROE0=-50.39% 非正
     1  EPS0=-27.9696／ROE0=-1717.58% 非正
     1  EPS0=-34.4749／ROE0=-1717.58% 非正
     1  EPS0=-34.5247／ROE0=-1717.58% 非正
     1  EPS0=-0.0222／ROE0=-0.39% 非正
     1  EPS0=-0.0213／ROE0=-0.39% 非正
     1  EPS0=-0.6935／ROE0=-22.23% 非正
     1  EPS0=-0.5833／ROE0=-22.23% 非正
     1  EPS0=-0.4007／ROE0=-22.23% 非正
     1  EPS0=-0.2376／ROE0=-22.23% 非正
     1  EPS0=-0.2345／ROE0=-76.14% 非正
     1  EPS0=-0.1014／ROE0=-76.14% 非正
     1  EPS0=-0.0302／ROE0=-76.14% 非正
     1  EPS0=-0.1541／ROE0=-14.40% 非正
     1  EPS0=-0.1554／ROE0=-14.40% 非正
     1  EPS0=-0.0778／ROE0=-7.16% 非正
     1  EPS0=-0.1572／ROE0=-14.40% 非正
     1  EPS0=-0.1648／ROE0=-16.00% 非正
     1  EPS0=-0.1664／ROE0=-16.00% 非正
     1  EPS0=-0.1681／ROE0=-16.00% 非正
     1  EPS0=-0.1559／ROE0=-16.00% 非正
     1  EPS0=-0.1194／ROE0=-79.58% 非正
     1  EPS0=-0.0373／ROE0=-79.58% 非正
     1  EPS0=-0.0564／ROE0=-4.18% 非正
     1  EPS0=-0.0541／ROE0=-4.18% 非正
     1  EPS0=-0.0512／ROE0=-4.18% 非正
     1  EPS0=-0.0496／ROE0=-4.18% 非正
     1  EPS0=-0.1240／ROE0=-14.32% 非正
     1  EPS0=-0.1161／ROE0=-14.32% 非正
     1  EPS0=-0.1126／ROE0=-14.32% 非正
     1  EPS0=-0.1055／ROE0=-14.32% 非正
     1  EPS0=-0.1504／ROE0=-10.42% 非正
     1  EPS0=-0.0484／ROE0=-3.46% 非正
     1  EPS0=-0.0950／ROE0=-7.36% 非正
     1  EPS0=-0.1160／ROE0=-11.27% 非正
     1  EPS0=-0.1104／ROE0=-11.27% 非正
     1  EPS0=-0.1042／ROE0=-11.27% 非正
     1  EPS0=-0.1483／ROE0=-16.66% 非正
     1  EPS0=-0.1464／ROE0=-16.66% 非正
     1  EPS0=-0.1421／ROE0=-16.66% 非正
     1  EPS0=-0.1396／ROE0=-16.66% 非正
     1  EPS0=-0.1577／ROE0=-34.28% 非正
     1  EPS0=-0.1548／ROE0=-34.28% 非正
     1  EPS0=-0.1494／ROE0=-34.28% 非正
     1  EPS0=-0.1528／ROE0=-34.28% 非正
     1  EPS0=-0.0014／ROE0=-42.59% 非正
     1  EPS0=-0.0332／ROE0=-219.79% 非正
     1  EPS0=-0.0076／ROE0=-219.79% 非正
     1  EPS0=-0.0654／ROE0=-386.68% 非正
     1  EPS0=-0.0680／ROE0=-86.00% 非正
     1  EPS0=-0.0478／ROE0=-86.00% 非正
     1  EPS0=-0.0251／ROE0=-86.00% 非正
     1  EPS0=-0.0040／ROE0=-86.00% 非正
     1  EPS0=-0.2285／ROE0=-386.68% 非正
     1  EPS0=-0.0290／ROE0=-179.68% 非正
     1  EPS0=-0.0934／ROE0=-9.27% 非正
     1  EPS0=-0.0921／ROE0=-9.27% 非正
     1  EPS0=-0.1690／ROE0=-25.23% 非正
     1  EPS0=-0.1656／ROE0=-25.23% 非正
     1  EPS0=-0.1638／ROE0=-25.23% 非正
     1  EPS0=-0.1611／ROE0=-25.23% 非正
     1  EPS0=-0.0606／ROE0=-9.27% 非正
     1  EPS0=-0.0583／ROE0=-9.27% 非正
     1  EPS0=-0.0564／ROE0=-9.27% 非正
     1  EPS0=-0.1052／ROE0=-25.23% 非正
     1  EPS0=-0.0988／ROE0=-25.23% 非正
     1  EPS0=-0.0917／ROE0=-25.23% 非正
     1  EPS0=-0.0867／ROE0=-25.23% 非正
     1  EPS0=-0.0783／ROE0=-41.19% 非正
     1  EPS0=-0.0648／ROE0=-41.19% 非正
     1  EPS0=-0.0551／ROE0=-41.19% 非正
     1  EPS0=-0.0995／ROE0=-41.19% 非正
     1  EPS0=-0.0553／ROE0=-12.02% 非正
     1  EPS0=-0.0485／ROE0=-12.02% 非正
     1  EPS0=-0.0427／ROE0=-12.02% 非正
     1  EPS0=-0.0386／ROE0=-12.02% 非正
     1  EPS0=-0.0414／ROE0=-14.77% 非正
     1  EPS0=-0.0017／ROE0=-0.71% 非正
     1  EPS0=-0.0355／ROE0=-3.25% 非正
     1  EPS0=-0.0994／ROE0=-11.37% 非正
     1  EPS0=-0.0918／ROE0=-11.37% 非正
     1  EPS0=-0.0890／ROE0=-11.37% 非正
     1  EPS0=-0.0777／ROE0=-11.37% 非正
     1  EPS0=-0.0822／ROE0=-14.77% 非正
     1  EPS0=-0.0734／ROE0=-14.77% 非正
     1  EPS0=-0.0597／ROE0=-14.77% 非正
     1  EPS0=-0.0479／ROE0=-14.77% 非正
     1  EPS0=-0.0221／ROE0=-11.37% 非正
     1  EPS0=-0.0082／ROE0=-11.37% 非正
     1  EPS0=-0.0354／ROE0=-97.12% 非正
     1  EPS0=-0.0666／ROE0=-1.69% 非正
     1  EPS0=-0.1341／ROE0=-15.49% 非正
     1  EPS0=-0.1260／ROE0=-15.49% 非正
     1  EPS0=-0.0120／ROE0=-15.49% 非正
     1  EPS0=-0.1372／ROE0=-12.62% 非正
     1  EPS0=-0.1309／ROE0=-12.62% 非正
     1  EPS0=-0.1336／ROE0=-12.62% 非正
     1  EPS0=-0.1384／ROE0=-12.62% 非正
     1  EPS0=-0.0100／ROE0=-1.73% 非正
     1  EPS0=-0.0094／ROE0=-1.73% 非正
     1  EPS0=-0.0088／ROE0=-1.73% 非正
     1  EPS0=-0.0093／ROE0=-1.73% 非正
     1  EPS0=-0.0070／ROE0=-1.73% 非正
     1  EPS0=-0.0113／ROE0=-1.73% 非正
     1  EPS0=-0.0105／ROE0=-1.73% 非正
     1  EPS0=-0.0099／ROE0=-1.73% 非正
     1  EPS0=-0.0098／ROE0=-1.73% 非正
     1  EPS0=-0.0107／ROE0=-1.73% 非正
     1  EPS0=-0.2099／ROE0=-11.89% 非正
     1  EPS0=-0.2086／ROE0=-11.89% 非正
     1  EPS0=-0.2113／ROE0=-11.89% 非正
     1  EPS0=-0.2142／ROE0=-11.89% 非正
     1  EPS0=-0.0513／ROE0=-10.28% 非正
     1  EPS0=-0.0507／ROE0=-10.28% 非正
     1  EPS0=-0.0542／ROE0=-10.28% 非正
     1  EPS0=-0.0519／ROE0=-10.28% 非正
     1  EPS0=-0.0062／ROE0=-10.28% 非正
     1  EPS0=-0.0023／ROE0=-10.28% 非正
     1  EPS0=-0.0019／ROE0=-10.28% 非正
     1  EPS0=-0.0020／ROE0=-10.28% 非正
     1  EPS0=-0.0852／ROE0=-22.55% 非正
     1  EPS0=-0.0116／ROE0=-22.55% 非正
     1  EPS0=-0.0084／ROE0=-22.55% 非正
     1  EPS0=-0.0057／ROE0=-22.55% 非正
     1  EPS0=-0.0040／ROE0=-22.55% 非正
     1  EPS0=-0.0323／ROE0=-73.76% 非正
     1  EPS0=-0.0283／ROE0=-73.76% 非正
     1  EPS0=-0.0227／ROE0=-73.76% 非正
     1  EPS0=-0.0185／ROE0=-73.76% 非正
     1  EPS0=-0.0061／ROE0=-48.16% 非正
     1  EPS0=-0.0045／ROE0=-48.16% 非正
     1  EPS0=-0.0012／ROE0=-48.16% 非正
     1  EPS0=-0.0110／ROE0=-48.16% 非正
     1  EPS0=-0.0123／ROE0=-9.46% 非正
     1  EPS0=-0.0013／ROE0=-1.05% 非正
     1  EPS0=-0.0036／ROE0=-2.95% 非正
     1  EPS0=-0.0024／ROE0=-2.00% 非正
     1  EPS0=-0.0023／ROE0=-2.00% 非正
     1  EPS0=-0.0034／ROE0=-2.95% 非正
     1  EPS0=-0.0033／ROE0=-2.95% 非正
     1  EPS0=-0.0029／ROE0=-2.95% 非正
     1  EPS0=-0.0763／ROE0=-6.30% 非正
     1  EPS0=-0.0760／ROE0=-6.30% 非正
     1  EPS0=-0.0769／ROE0=-6.30% 非正
     1  EPS0=-0.0775／ROE0=-6.30% 非正
     1  EPS0=-0.1184／ROE0=-8.34% 非正
     1  EPS0=-0.1121／ROE0=-8.34% 非正
     1  EPS0=-0.1099／ROE0=-6.76% 非正
     1  EPS0=-0.1068／ROE0=-6.76% 非正
     1  EPS0=-0.1051／ROE0=-6.76% 非正
     1  EPS0=-0.1013／ROE0=-6.76% 非正
     1  EPS0=-0.1109／ROE0=-7.48% 非正
     1  EPS0=-0.1092／ROE0=-7.48% 非正
     1  EPS0=-0.0761／ROE0=-5.24% 非正
     1  EPS0=-0.1762／ROE0=-12.00% 非正
     1  EPS0=-0.1751／ROE0=-12.00% 非正
     1  EPS0=-0.1703／ROE0=-12.00% 非正
     1  EPS0=-0.0066／ROE0=-9.85% 非正
     1  EPS0=-0.0070／ROE0=-9.85% 非正
     1  EPS0=-0.0065／ROE0=-9.85% 非正
     1  EPS0=-0.0068／ROE0=-9.85% 非正
     1  EPS0=-0.0055／ROE0=-0.84% 非正
     1  EPS0=-0.0056／ROE0=-0.84% 非正
     1  EPS0=-0.0050／ROE0=-0.84% 非正
     1  EPS0=-0.0225／ROE0=-4.80% 非正
     1  EPS0=-0.0223／ROE0=-4.80% 非正
     1  EPS0=-0.0219／ROE0=-4.80% 非正
     1  EPS0=-0.0218／ROE0=-4.80% 非正
     1  EPS0=-0.0581／ROE0=-16.09% 非正
     1  EPS0=-0.0556／ROE0=-16.09% 非正
     1  EPS0=-0.0565／ROE0=-16.09% 非正
     1  EPS0=-0.0561／ROE0=-16.09% 非正
     1  EPS0=-0.0186／ROE0=-5.71% 非正
     1  EPS0=-0.0179／ROE0=-5.71% 非正
     1  EPS0=-0.0171／ROE0=-5.71% 非正
     1  EPS0=-0.0043／ROE0=-0.19% 非正
     1  EPS0=-0.1021／ROE0=-52.76% 非正
     1  EPS0=-0.0338／ROE0=-8.19% 非正
     1  EPS0=-0.0341／ROE0=-8.19% 非正
     1  EPS0=-0.0020／ROE0=-0.04% 非正
     1  EPS0=-0.1480／ROE0=-8.76% 非正
     1  EPS0=-0.1482／ROE0=-8.76% 非正
     1  EPS0=-0.1486／ROE0=-8.76% 非正
     1  EPS0=-0.1487／ROE0=-8.76% 非正
     1  EPS0=-0.0266／ROE0=-0.83% 非正
     1  EPS0=-0.0270／ROE0=-0.83% 非正
     1  EPS0=-0.0890／ROE0=-3.66% 非正
     1  EPS0=-0.0879／ROE0=-3.66% 非正
     1  EPS0=-0.0816／ROE0=-3.66% 非正
     1  EPS0=-0.0198／ROE0=-3.66% 非正
     1  EPS0=-0.0225／ROE0=-3.14% 非正
     1  EPS0=-0.0000／ROE0=-0.00% 非正
     1  EPS0=-0.1314／ROE0=-6.95% 非正
     1  EPS0=-0.1286／ROE0=-6.95% 非正
     1  EPS0=-0.1340／ROE0=-6.95% 非正
     1  EPS0=-0.1324／ROE0=-6.95% 非正
     1  EPS0=-0.2042／ROE0=-6.69% 非正
     1  EPS0=-0.0856／ROE0=-2.79% 非正
     1  EPS0=-0.6222／ROE0=-65.23% 非正
     1  EPS0=-0.9654／ROE0=-65.23% 非正
     1  EPS0=-1.3154／ROE0=-65.23% 非正
     1  EPS0=-1.6844／ROE0=-65.23% 非正
     1  EPS0=-0.0690／ROE0=-3.64% 非正
     1  EPS0=-0.0691／ROE0=-3.64% 非正
     1  EPS0=-0.0391／ROE0=-1.98% 非正
     1  EPS0=-0.2051／ROE0=-41.09% 非正
     1  EPS0=-0.2442／ROE0=-41.09% 非正
     1  EPS0=-0.4680／ROE0=-46.80% 非正
     1  EPS0=-0.4691／ROE0=-46.80% 非正
     1  EPS0=-0.4737／ROE0=-46.80% 非正
     1  EPS0=-0.4065／ROE0=-46.80% 非正
     1  EPS0=-0.0634／ROE0=-22.63% 非正
     1  EPS0=-0.0638／ROE0=-22.63% 非正
     1  EPS0=-0.0640／ROE0=-22.63% 非正
     1  EPS0=-0.0643／ROE0=-22.63% 非正
     1  EPS0=-0.0633／ROE0=-1.79% 非正
     1  EPS0=-0.0641／ROE0=-1.79% 非正
     1  EPS0=-0.4299／ROE0=-22.20% 非正
     1  EPS0=-0.1613／ROE0=-44.86% 非正
     1  EPS0=-0.1406／ROE0=-44.86% 非正
     1  EPS0=-0.1319／ROE0=-44.86% 非正
     1  EPS0=-0.2408／ROE0=-27.42% 非正
     1  EPS0=-0.2390／ROE0=-27.42% 非正
     1  EPS0=-0.2347／ROE0=-27.42% 非正
     1  EPS0=-0.2413／ROE0=-27.42% 非正
     1  EPS0=-0.4124／ROE0=-15.28% 非正
     1  EPS0=-0.3919／ROE0=-15.28% 非正
     1  EPS0=-0.3731／ROE0=-15.28% 非正
     1  EPS0=-0.3299／ROE0=-15.28% 非正
     1  EPS0=-0.4643／ROE0=-26.33% 非正
     1  EPS0=-0.4258／ROE0=-26.33% 非正
     1  EPS0=-0.3963／ROE0=-26.33% 非正
     1  EPS0=-0.0366／ROE0=-4.17% 非正
     1  EPS0=-0.0328／ROE0=-4.17% 非正
     1  EPS0=-0.0281／ROE0=-4.17% 非正
     1  EPS0=-0.0239／ROE0=-4.17% 非正
     1  EPS0=-0.2075／ROE0=-44.25% 非正
     1  EPS0=-0.1702／ROE0=-44.25% 非正
     1  EPS0=-0.1313／ROE0=-44.25% 非正
     1  EPS0=-0.0920／ROE0=-44.25% 非正
     1  EPS0=-0.3283／ROE0=-82.07% 非正
     1  EPS0=-0.2624／ROE0=-82.07% 非正
     1  EPS0=-0.1948／ROE0=-82.07% 非正
     1  EPS0=-0.2358／ROE0=-22.89% 非正
     1  EPS0=-0.2322／ROE0=-22.89% 非正
     1  EPS0=-0.2400／ROE0=-22.89% 非正
     1  EPS0=-0.2376／ROE0=-22.89% 非正
     1  EPS0=-0.0297／ROE0=-0.67% 非正
     1  EPS0=-0.0291／ROE0=-0.67% 非正
     1  EPS0=-0.0279／ROE0=-0.67% 非正
     1  EPS0=-0.0275／ROE0=-0.67% 非正
     1  EPS0=-0.2509／ROE0=-6.47% 非正
     1  EPS0=-0.2520／ROE0=-6.47% 非正
     1  EPS0=-0.0237／ROE0=-0.59% 非正
     1  EPS0=-0.1527／ROE0=-33.26% 非正
     1  EPS0=-0.1565／ROE0=-33.26% 非正
     1  EPS0=-0.1639／ROE0=-33.26% 非正
     1  EPS0=-0.1672／ROE0=-33.26% 非正
     1  EPS0=-0.0252／ROE0=-126.23% 非正
     1  EPS0=-0.0262／ROE0=-126.23% 非正
     1  EPS0=-0.1192／ROE0=-41.79% 非正
     1  EPS0=-0.0891／ROE0=-41.79% 非正
     1  EPS0=-0.0699／ROE0=-41.79% 非正
     1  EPS0=-0.0473／ROE0=-41.79% 非正
     1  EPS0=-0.0124／ROE0=-92.05% 非正
     1  EPS0=-0.0680／ROE0=-92.05% 非正
     1  EPS0=-0.0937／ROE0=-79.01% 非正
     1  EPS0=-0.2949／ROE0=-7.08% 非正
     1  EPS0=-0.1175／ROE0=-10.11% 非正
     1  EPS0=-0.1159／ROE0=-10.11% 非正
     1  EPS0=-0.0984／ROE0=-10.11% 非正
     1  EPS0=-0.0936／ROE0=-10.11% 非正
     1  EPS0=-0.1728／ROE0=-26.22% 非正
     1  EPS0=-0.1653／ROE0=-26.22% 非正
     1  EPS0=-0.1690／ROE0=-26.22% 非正
     1  EPS0=-0.3086／ROE0=-5.74% 非正
     1  EPS0=-0.3103／ROE0=-5.74% 非正
     1  EPS0=-0.3214／ROE0=-5.74% 非正
     1  EPS0=-0.3172／ROE0=-5.74% 非正
     1  EPS0=-0.2120／ROE0=-4.23% 非正
     1  EPS0=-0.2088／ROE0=-4.23% 非正
     1  EPS0=-0.1993／ROE0=-4.23% 非正
     1  EPS0=-0.2452／ROE0=-5.71% 非正
     1  EPS0=-0.2389／ROE0=-5.71% 非正
     1  EPS0=-0.2322／ROE0=-5.71% 非正
     1  EPS0=-0.2253／ROE0=-5.71% 非正
     1  EPS0=-0.5100／ROE0=-15.71% 非正
     1  EPS0=-0.4921／ROE0=-15.71% 非正
     1  EPS0=-0.4727／ROE0=-15.71% 非正
     1  EPS0=-0.4618／ROE0=-15.71% 非正
     1  EPS0=-0.6518／ROE0=-26.84% 非正
     1  EPS0=-0.6332／ROE0=-26.84% 非正
     1  EPS0=-0.6142／ROE0=-26.84% 非正
     1  EPS0=-0.1917／ROE0=-7.46% 非正
     1  EPS0=-0.1921／ROE0=-7.46% 非正
     1  EPS0=-0.1954／ROE0=-7.46% 非正
     1  EPS0=-0.0582／ROE0=-5.43% 非正
     1  EPS0=-0.0567／ROE0=-5.43% 非正
     1  EPS0=-0.0547／ROE0=-5.43% 非正
     1  EPS0=-0.0533／ROE0=-5.43% 非正
     1  EPS0=-0.1614／ROE0=-26.03% 非正
     1  EPS0=-0.1519／ROE0=-26.03% 非正
     1  EPS0=-0.1408／ROE0=-26.03% 非正
     1  EPS0=-0.1303／ROE0=-26.03% 非正
     1  EPS0=-0.1399／ROE0=-39.98% 非正
     1  EPS0=-0.1424／ROE0=-39.98% 非正
     1  EPS0=-0.0636／ROE0=-16.06% 非正
     1  EPS0=-0.1914／ROE0=-39.98% 非正
     1  EPS0=-0.1015／ROE0=-16.11% 非正
     1  EPS0=-0.1186／ROE0=-16.11% 非正
     1  EPS0=-0.1024／ROE0=-3.51% 非正
     1  EPS0=-0.1018／ROE0=-3.51% 非正
     1  EPS0=-0.1027／ROE0=-3.51% 非正
     1  EPS0=-0.1031／ROE0=-3.51% 非正
     1  EPS0=-0.5318／ROE0=-6.52% 非正
     1  EPS0=-0.5360／ROE0=-6.52% 非正
     1  EPS0=-0.5295／ROE0=-6.52% 非正
     1  EPS0=-0.5199／ROE0=-6.52% 非正
     1  EPS0=-0.1379／ROE0=-20.80% 非正
     1  EPS0=-0.1219／ROE0=-20.80% 非正
     1  EPS0=-0.1022／ROE0=-20.80% 非正
     1  EPS0=-0.0878／ROE0=-20.80% 非正
     1  EPS0=-0.0576／ROE0=-1.00% 非正
     1  EPS0=-0.0565／ROE0=-1.00% 非正
     1  EPS0=-0.0725／ROE0=-4.87% 非正
     1  EPS0=-0.0734／ROE0=-4.87% 非正
     1  EPS0=-0.0738／ROE0=-4.87% 非正
     1  EPS0=-0.0737／ROE0=-4.87% 非正
     1  EPS0=-0.0130／ROE0=-1.14% 非正
     1  EPS0=-0.0094／ROE0=-1.14% 非正
     1  EPS0=-0.0096／ROE0=-1.14% 非正
     1  EPS0=-0.0095／ROE0=-1.14% 非正
     1  EPS0=-0.0092／ROE0=-1.14% 非正
     1  EPS0=-0.0160／ROE0=-1.97% 非正
     1  EPS0=-0.0161／ROE0=-1.97% 非正
     1  EPS0=-0.0157／ROE0=-1.97% 非正
     1  EPS0=-0.1276／ROE0=-3.17% 非正
     1  EPS0=-0.1279／ROE0=-3.17% 非正
     1  EPS0=-0.1280／ROE0=-3.17% 非正
     1  EPS0=-0.1277／ROE0=-3.17% 非正
     1  EPS0=-0.1924／ROE0=-53.44% 非正
     1  EPS0=-0.1930／ROE0=-53.44% 非正
     1  EPS0=-0.1984／ROE0=-53.44% 非正
     1  EPS0=-0.1556／ROE0=-53.44% 非正
     1  EPS0=-0.1046／ROE0=-3.06% 非正
     1  EPS0=-0.1025／ROE0=-3.06% 非正
     1  EPS0=-0.0996／ROE0=-3.06% 非正
     1  EPS0=-0.2062／ROE0=-18.24% 非正
     1  EPS0=-0.2119／ROE0=-18.24% 非正
     1  EPS0=-0.2492／ROE0=-5.89% 非正
     1  EPS0=-0.2476／ROE0=-5.89% 非正
     1  EPS0=-0.2468／ROE0=-5.89% 非正
     1  EPS0=-0.2459／ROE0=-5.89% 非正
     1  EPS0=-0.0463／ROE0=-7.92% 非正
     1  EPS0=-0.0458／ROE0=-7.92% 非正
     1  EPS0=-0.0357／ROE0=-3.96% 非正
     1  EPS0=-0.0598／ROE0=-7.59% 非正
     1  EPS0=-0.0592／ROE0=-7.59% 非正
     1  EPS0=-0.0599／ROE0=-7.59% 非正
     1  EPS0=-0.1473／ROE0=-5.31% 非正
     1  EPS0=-0.1411／ROE0=-5.31% 非正
     1  EPS0=-0.1318／ROE0=-5.31% 非正
     1  EPS0=-0.1269／ROE0=-5.31% 非正
     1  EPS0=-0.3967／ROE0=-23.95% 非正
     1  EPS0=-0.3934／ROE0=-23.95% 非正
     1  EPS0=-0.3932／ROE0=-23.95% 非正
     1  EPS0=-0.3842／ROE0=-23.95% 非正
     1  EPS0=-0.0576／ROE0=-14.23% 非正
     1  EPS0=-0.0501／ROE0=-14.23% 非正
     1  EPS0=-0.0403／ROE0=-14.23% 非正
     1  EPS0=-0.0310／ROE0=-14.23% 非正
     1  EPS0=-0.0335／ROE0=-53.13% 非正
     1  EPS0=-0.0022／ROE0=-53.13% 非正
     1  EPS0=-0.0291／ROE0=-26.41% 非正
     1  EPS0=-0.0391／ROE0=-26.41% 非正
     1  EPS0=-0.0347／ROE0=-7.54% 非正
     1  EPS0=-0.0328／ROE0=-7.54% 非正
     1  EPS0=-0.0317／ROE0=-7.54% 非正
     1  EPS0=-0.1218／ROE0=-16.97% 非正
     1  EPS0=-0.1198／ROE0=-16.97% 非正
     1  EPS0=-0.1239／ROE0=-16.97% 非正
     1  EPS0=-0.1267／ROE0=-16.97% 非正
     1  EPS0=-0.0308／ROE0=-11.28% 非正
     1  EPS0=-0.0052／ROE0=-11.28% 非正
     1  EPS0=-0.5587／ROE0=-28.36% 非正
     1  EPS0=-0.5755／ROE0=-28.36% 非正
     1  EPS0=-0.5765／ROE0=-28.36% 非正
     1  EPS0=-0.5835／ROE0=-28.36% 非正
     1  EPS0=-0.1456／ROE0=-13.16% 非正
     1  EPS0=-0.1493／ROE0=-13.16% 非正
     1  EPS0=-0.0672／ROE0=-5.83% 非正
     1  EPS0=-0.0668／ROE0=-5.83% 非正
     1  EPS0=-0.2802／ROE0=-17.19% 非正
     1  EPS0=-0.2736／ROE0=-17.19% 非正
     1  EPS0=-0.2625／ROE0=-17.19% 非正
     1  EPS0=-0.2616／ROE0=-17.19% 非正
     1  EPS0=-0.2906／ROE0=-33.30% 非正
     1  EPS0=-0.2761／ROE0=-33.30% 非正
     1  EPS0=-0.2703／ROE0=-33.30% 非正
     1  EPS0=-0.2536／ROE0=-33.30% 非正
     1  EPS0=-0.3301／ROE0=-54.34% 非正
     1  EPS0=-0.3077／ROE0=-54.34% 非正
     1  EPS0=-0.2893／ROE0=-54.34% 非正
     1  EPS0=-0.2862／ROE0=-54.34% 非正
     1  EPS0=-0.0767／ROE0=-15.40% 非正
     1  EPS0=-0.0005／ROE0=-0.10% 非正
     1  EPS0=-0.0014／ROE0=-0.31% 非正
     1  EPS0=-0.0013／ROE0=-0.31% 非正
     1  EPS0=-0.0011／ROE0=-0.31% 非正
     1  EPS0=-0.0885／ROE0=-32.73% 非正
     1  EPS0=-0.0754／ROE0=-32.73% 非正
     1  EPS0=-0.0579／ROE0=-32.73% 非正
     1  EPS0=-0.0485／ROE0=-32.73% 非正
     1  EPS0=-0.0165／ROE0=-32.73% 非正
     1  EPS0=-0.0036／ROE0=-32.73% 非正
     1  EPS0=-0.0470／ROE0=-20.42% 非正
     1  EPS0=-0.0449／ROE0=-20.42% 非正
     1  EPS0=-0.2581／ROE0=-124.08% 非正
     1  EPS0=-0.0124／ROE0=-124.08% 非正
     1  EPS0=-0.0199／ROE0=-124.08% 非正
     1  EPS0=-0.0273／ROE0=-124.08% 非正
     1  EPS0=-0.0531／ROE0=-20.42% 非正
     1  EPS0=-0.0572／ROE0=-20.42% 非正
     1  EPS0=-0.0883／ROE0=-20.42% 非正
     1  EPS0=-0.1131／ROE0=-10.01% 非正
     1  EPS0=-0.1321／ROE0=-10.01% 非正
     1  EPS0=-0.3798／ROE0=-12.79% 非正
     1  EPS0=-0.3764／ROE0=-12.79% 非正
     1  EPS0=-0.3660／ROE0=-12.79% 非正
     1  EPS0=-0.3641／ROE0=-12.79% 非正
     1  EPS0=-0.1166／ROE0=-10.11% 非正
     1  EPS0=-0.1113／ROE0=-10.11% 非正
     1  EPS0=-0.1073／ROE0=-10.11% 非正
     1  EPS0=-0.0554／ROE0=-5.19% 非正
     1  EPS0=-0.1034／ROE0=-10.11% 非正
     1  EPS0=-0.0738／ROE0=-7.55% 非正
     1  EPS0=-0.0777／ROE0=-8.11% 非正
     1  EPS0=-0.0928／ROE0=-10.11% 非正
     1  EPS0=-0.0436／ROE0=-2.08% 非正
     1  EPS0=-0.0438／ROE0=-2.08% 非正
     1  EPS0=-0.0439／ROE0=-2.08% 非正
     1  EPS0=-0.0441／ROE0=-2.08% 非正
     1  EPS0=-0.2604／ROE0=-8.92% 非正
     1  EPS0=-0.2629／ROE0=-8.92% 非正
     1  EPS0=-0.2641／ROE0=-8.92% 非正
     1  EPS0=-0.2642／ROE0=-8.92% 非正
     1  EPS0=-0.0817／ROE0=-6.59% 非正
     1  EPS0=-0.0799／ROE0=-6.59% 非正
     1  EPS0=-0.0804／ROE0=-6.59% 非正
     1  EPS0=-0.1343／ROE0=-13.47% 非正
     1  EPS0=-0.1315／ROE0=-13.47% 非正
     1  EPS0=-0.1264／ROE0=-13.47% 非正
     1  EPS0=-0.1170／ROE0=-13.47% 非正
     1  EPS0=-0.1782／ROE0=-45.16% 非正
     1  EPS0=-0.2640／ROE0=-45.16% 非正
     1  EPS0=-0.2700／ROE0=-45.16% 非正
     1  EPS0=-0.1158／ROE0=-19.24% 非正
     1  EPS0=-0.0020／ROE0=-0.33% 非正
     1  EPS0=-0.0439／ROE0=-1.76% 非正
     1  EPS0=-0.0432／ROE0=-1.76% 非正
     1  EPS0=-0.2110／ROE0=-8.45% 非正
     1  EPS0=-0.1597／ROE0=-8.45% 非正
     1  EPS0=-0.1294／ROE0=-8.45% 非正
     1  EPS0=-0.1324／ROE0=-8.45% 非正
     1  EPS0=-0.0378／ROE0=-10.21% 非正
     1  EPS0=-0.2282／ROE0=-53.99% 非正
     1  EPS0=-0.2292／ROE0=-53.99% 非正
     1  EPS0=-0.0625／ROE0=-10.21% 非正
     1  EPS0=-0.0628／ROE0=-10.21% 非正
     1  EPS0=-0.0644／ROE0=-10.21% 非正
     1  EPS0=-0.0321／ROE0=-4.92% 非正
     1  EPS0=-0.0324／ROE0=-4.92% 非正
     1  EPS0=-0.0325／ROE0=-4.92% 非正
     1  EPS0=-0.2176／ROE0=-16.63% 非正
     1  EPS0=-0.2167／ROE0=-16.63% 非正
     1  EPS0=-0.1110／ROE0=-8.02% 非正
     1  EPS0=-0.1176／ROE0=-8.02% 非正
     1  EPS0=-0.0337／ROE0=-3.01% 非正
     1  EPS0=-0.0318／ROE0=-3.01% 非正
     1  EPS0=-0.0293／ROE0=-3.01% 非正
     1  EPS0=-0.0275／ROE0=-3.01% 非正
     1  EPS0=-0.1805／ROE0=-35.40% 非正
     1  EPS0=-0.1727／ROE0=-35.40% 非正
     1  EPS0=-0.1686／ROE0=-35.40% 非正
     1  EPS0=-0.1714／ROE0=-35.40% 非正
     1  EPS0=-0.1633／ROE0=-12.32% 非正
     1  EPS0=-0.1626／ROE0=-12.32% 非正
     1  EPS0=-0.1489／ROE0=-12.32% 非正
     1  EPS0=-0.1437／ROE0=-12.32% 非正
     1  EPS0=-0.0735／ROE0=-54.45% 非正
     1  EPS0=-0.0403／ROE0=-54.45% 非正
     1  EPS0=-0.0201／ROE0=-54.45% 非正
     1  EPS0=-0.1139／ROE0=-4.56% 非正
     1  EPS0=-0.1108／ROE0=-4.56% 非正
     1  EPS0=-0.1107／ROE0=-4.56% 非正
     1  EPS0=-0.1111／ROE0=-4.56% 非正
     1  EPS0=-0.0388／ROE0=-74.24% 非正
     1  EPS0=-0.0192／ROE0=-74.24% 非正
     1  EPS0=-0.0083／ROE0=-74.24% 非正
     1  EPS0=-0.0013／ROE0=-74.24% 非正
     1  EPS0=-0.0337／ROE0=-2.18% 非正
     1  EPS0=-0.0340／ROE0=-2.18% 非正
     1  EPS0=-0.0342／ROE0=-2.18% 非正
     1  EPS0=-0.0344／ROE0=-2.18% 非正
     1  EPS0=-0.0897／ROE0=-6.67% 非正
     1  EPS0=-0.0900／ROE0=-6.67% 非正
     1  EPS0=-0.0893／ROE0=-7.29% 非正
     1  EPS0=-0.0892／ROE0=-7.29% 非正
     1  EPS0=-0.0897／ROE0=-7.29% 非正
     1  EPS0=-0.0901／ROE0=-7.29% 非正
     1  EPS0=-0.1165／ROE0=-10.92% 非正
     1  EPS0=-0.1164／ROE0=-10.92% 非正
     1  EPS0=-0.0576／ROE0=-5.90% 非正
     1  EPS0=-0.0525／ROE0=-5.36% 非正
     1  EPS0=-0.0581／ROE0=-5.90% 非正
     1  EPS0=-0.0479／ROE0=-4.82% 非正
     1  EPS0=-0.0567／ROE0=-6.17% 非正
     1  EPS0=-0.0544／ROE0=-6.17% 非正
     1  EPS0=-0.0151／ROE0=-1.05% 非正
     1  EPS0=-0.0595／ROE0=-3.16% 非正
     1  EPS0=-0.0594／ROE0=-3.16% 非正
     1  EPS0=-0.1431／ROE0=-7.15% 非正
     1  EPS0=-0.1406／ROE0=-7.15% 非正
     1  EPS0=-0.1422／ROE0=-7.15% 非正
     1  EPS0=-0.1450／ROE0=-7.15% 非正
     1  EPS0=-0.2413／ROE0=-25.36% 非正
     1  EPS0=-0.2251／ROE0=-25.36% 非正
     1  EPS0=-0.2422／ROE0=-25.36% 非正
     1  EPS0=-0.2426／ROE0=-25.36% 非正
     1  EPS0=-0.1066／ROE0=-11.99% 非正
     1  EPS0=-0.0831／ROE0=-9.27% 非正
     1  EPS0=-0.0980／ROE0=-11.99% 非正
     1  EPS0=-0.0947／ROE0=-11.99% 非正
     1  EPS0=-0.0878／ROE0=-11.99% 非正
     1  EPS0=-0.0842／ROE0=-11.99% 非正
     1  EPS0=-0.0494／ROE0=-11.99% 非正
     1  EPS0=-0.0462／ROE0=-11.99% 非正
     1  EPS0=-0.0451／ROE0=-11.99% 非正
     1  EPS0=-0.0418／ROE0=-11.99% 非正
     1  EPS0=-0.0796／ROE0=-12.02% 非正
     1  EPS0=-0.0781／ROE0=-12.02% 非正
     1  EPS0=-0.0767／ROE0=-12.02% 非正
     1  EPS0=-0.0750／ROE0=-12.02% 非正
     1  EPS0=-0.0704／ROE0=-12.02% 非正
     1  EPS0=-0.0685／ROE0=-12.02% 非正
     1  EPS0=-0.0671／ROE0=-12.02% 非正
     1  EPS0=-0.0651／ROE0=-12.02% 非正
     1  EPS0=-0.0076／ROE0=-1.78% 非正
     1  EPS0=-0.0139／ROE0=-3.38% 非正
     1  EPS0=-0.0233／ROE0=-5.86% 非正
     1  EPS0=-0.0644／ROE0=-6.91% 非正
     1  EPS0=-0.0045／ROE0=-1.75% 非正
     1  EPS0=-0.0074／ROE0=-1.65% 非正
     1  EPS0=-0.1379／ROE0=-5.94% 非正
     1  EPS0=-0.1386／ROE0=-5.94% 非正
     1  EPS0=-0.1388／ROE0=-5.94% 非正
     1  EPS0=-0.1394／ROE0=-5.94% 非正
     1  EPS0=-0.1319／ROE0=-5.91% 非正
     1  EPS0=-0.1334／ROE0=-5.91% 非正
     1  EPS0=-0.1471／ROE0=-5.91% 非正
     1  EPS0=-0.1587／ROE0=-5.91% 非正
     1  EPS0=-0.0668／ROE0=-1.63% 非正
     1  EPS0=-0.0656／ROE0=-1.63% 非正
     1  EPS0=-0.0657／ROE0=-1.63% 非正
     1  EPS0=-0.0667／ROE0=-1.63% 非正
     1  EPS0=-0.0334／ROE0=-0.92% 非正
     1  EPS0=-0.0318／ROE0=-0.92% 非正
     1  EPS0=-0.0300／ROE0=-0.92% 非正
     1  EPS0=-0.0282／ROE0=-0.92% 非正
     1  EPS0=-0.3980／ROE0=-13.58% 非正
     1  EPS0=-0.3812／ROE0=-13.58% 非正
     1  EPS0=-0.3761／ROE0=-13.58% 非正
     1  EPS0=-0.3654／ROE0=-13.52% 非正
     1  EPS0=-0.0240／ROE0=-0.92% 非正
     1  EPS0=-0.0238／ROE0=-0.92% 非正
     1  EPS0=-0.0234／ROE0=-0.92% 非正
     1  EPS0=-0.0220／ROE0=-0.92% 非正
     1  EPS0=-0.1492／ROE0=-7.64% 非正
     1  EPS0=-0.1527／ROE0=-7.64% 非正
     1  EPS0=-0.1318／ROE0=-7.64% 非正
     1  EPS0=-0.1248／ROE0=-7.64% 非正
     1  EPS0=-1.1946／ROE0=-19.08% 非正
     1  EPS0=-1.2044／ROE0=-19.08% 非正
     1  EPS0=-0.0628／ROE0=-2.48% 非正
     1  EPS0=-0.1967／ROE0=-3.67% 非正
     1  EPS0=-0.1982／ROE0=-3.67% 非正
     1  EPS0=-0.1955／ROE0=-3.67% 非正
     1  EPS0=-0.2026／ROE0=-3.67% 非正
     1  EPS0=-0.0920／ROE0=-2.32% 非正
     1  EPS0=-0.0925／ROE0=-2.32% 非正
     1  EPS0=-0.0956／ROE0=-2.32% 非正
     1  EPS0=-0.0963／ROE0=-2.32% 非正
     1  EPS0=-0.1316／ROE0=-10.18% 非正
     1  EPS0=-0.1429／ROE0=-10.18% 非正
     1  EPS0=-0.1642／ROE0=-10.18% 非正
     1  EPS0=-0.0511／ROE0=-25.91% 非正
     1  EPS0=-0.0437／ROE0=-25.91% 非正
     1  EPS0=-0.0376／ROE0=-25.91% 非正
     1  EPS0=-0.0581／ROE0=-9.09% 非正
     1  EPS0=-0.0583／ROE0=-9.09% 非正
     1  EPS0=-0.0588／ROE0=-9.09% 非正
     1  EPS0=-0.0591／ROE0=-9.09% 非正
     1  EPS0=-0.0231／ROE0=-4.46% 非正
     1  EPS0=-0.0227／ROE0=-4.46% 非正
     1  EPS0=-0.0223／ROE0=-4.46% 非正
     1  EPS0=-0.0218／ROE0=-4.46% 非正
     1  EPS0=-0.0269／ROE0=-1.92% 非正
     1  EPS0=-0.0253／ROE0=-1.92% 非正
     1  EPS0=-0.0227／ROE0=-1.92% 非正
     1  EPS0=-0.0170／ROE0=-1.92% 非正
     1  EPS0=-0.2290／ROE0=-30.86% 非正
     1  EPS0=-0.1481／ROE0=-30.86% 非正
     1  EPS0=-0.1296／ROE0=-30.86% 非正
     1  EPS0=-0.1018／ROE0=-30.86% 非正
     1  EPS0=-0.0081／ROE0=-1.46% 非正
     1  EPS0=-0.0029／ROE0=-0.52% 非正
     1  EPS0=-0.0709／ROE0=-4.17% 非正
     1  EPS0=-0.0691／ROE0=-4.17% 非正
     1  EPS0=-0.0671／ROE0=-4.17% 非正
     1  EPS0=-0.0678／ROE0=-4.17% 非正
     1  EPS0=-0.1646／ROE0=-12.16% 非正
     1  EPS0=-0.1045／ROE0=-8.96% 非正
     1  EPS0=-0.1047／ROE0=-8.96% 非正
     1  EPS0=-0.1053／ROE0=-8.96% 非正
     1  EPS0=-0.1056／ROE0=-8.96% 非正
     1  EPS0=-0.1064／ROE0=-15.58% 非正
     1  EPS0=-0.0995／ROE0=-15.58% 非正
     1  EPS0=-0.1013／ROE0=-15.58% 非正
     1  EPS0=-0.1070／ROE0=-15.58% 非正
     1  EPS0=-0.0644／ROE0=-4.81% 非正
     1  EPS0=-0.0647／ROE0=-4.81% 非正
     1  EPS0=-0.0670／ROE0=-4.81% 非正
     1  EPS0=-0.0680／ROE0=-4.81% 非正
     1  EPS0=-0.0843／ROE0=-7.03% 非正
     1  EPS0=-0.0825／ROE0=-7.03% 非正
     1  EPS0=-0.0832／ROE0=-7.03% 非正
     1  EPS0=-0.0462／ROE0=-1.05% 非正
     1  EPS0=-0.0454／ROE0=-1.05% 非正
     1  EPS0=-0.0459／ROE0=-1.05% 非正
     1  EPS0=-0.0464／ROE0=-1.05% 非正
     1  EPS0=-0.0859／ROE0=-2.79% 非正
     1  EPS0=-0.0854／ROE0=-2.79% 非正
     1  EPS0=-0.0846／ROE0=-2.79% 非正
     1  EPS0=-0.0834／ROE0=-2.79% 非正
     1  EPS0=-0.0773／ROE0=-2.79% 非正
     1  EPS0=-0.0764／ROE0=-2.79% 非正
     1  EPS0=-0.0754／ROE0=-2.79% 非正
     1  EPS0=-0.2706／ROE0=-6.48% 非正
     1  EPS0=-0.2625／ROE0=-6.48% 非正
     1  EPS0=-0.2523／ROE0=-6.48% 非正
     1  EPS0=-0.2451／ROE0=-6.48% 非正
     1  EPS0=-0.5647／ROE0=-19.59% 非正
     1  EPS0=-0.5392／ROE0=-19.59% 非正
     1  EPS0=-0.5231／ROE0=-19.59% 非正
     1  EPS0=-0.5010／ROE0=-19.59% 非正
     1  EPS0=-0.4089／ROE0=-21.40% 非正
     1  EPS0=-0.3905／ROE0=-21.40% 非正
     1  EPS0=-0.3733／ROE0=-21.40% 非正
     1  EPS0=-0.3573／ROE0=-21.40% 非正
     1  EPS0=-0.4934／ROE0=-37.90% 非正
     1  EPS0=-0.4507／ROE0=-37.90% 非正
     1  EPS0=-0.3981／ROE0=-37.90% 非正
     1  EPS0=-0.3575／ROE0=-37.90% 非正
     1  EPS0=-0.1813／ROE0=-38.32% 非正
     1  EPS0=-0.1443／ROE0=-38.32% 非正
     1  EPS0=-0.0732／ROE0=-38.32% 非正
     1  EPS0=-0.0646／ROE0=-2.35% 非正
     1  EPS0=-0.0617／ROE0=-2.35% 非正
     1  EPS0=-0.0596／ROE0=-2.35% 非正
     1  EPS0=-0.0582／ROE0=-2.35% 非正
     1  EPS0=-0.3891／ROE0=-18.53% 非正
     1  EPS0=-0.3655／ROE0=-18.53% 非正
     1  EPS0=-0.3393／ROE0=-18.53% 非正
     1  EPS0=-0.3211／ROE0=-18.53% 非正
     1  EPS0=-0.4107／ROE0=-41.08% 非正
     1  EPS0=-0.3546／ROE0=-41.08% 非正
     1  EPS0=-0.3135／ROE0=-41.08% 非正
     1  EPS0=-0.2713／ROE0=-41.08% 非正
     1  EPS0=-0.0846／ROE0=-6.34% 非正
     1  EPS0=-0.0948／ROE0=-6.34% 非正
     1  EPS0=-0.2356／ROE0=-40.05% 非正
     1  EPS0=-0.0013／ROE0=-4.54% 非正
     1  EPS0=-0.0005／ROE0=-4.54% 非正
     1  EPS0=-0.0001／ROE0=-4.54% 非正
     1  EPS0=-0.0059／ROE0=-2.65% 非正
     1  EPS0=-0.0031／ROE0=-1.41% 非正
     1  EPS0=-0.0056／ROE0=-2.65% 非正
     1  EPS0=-0.1377／ROE0=-5.04% 非正
     1  EPS0=-0.1362／ROE0=-5.04% 非正
     1  EPS0=-0.1104／ROE0=-59.18% 非正
     1  EPS0=-0.0896／ROE0=-59.18% 非正
     1  EPS0=-0.0399／ROE0=-59.18% 非正
     1  EPS0=-0.0466／ROE0=-59.18% 非正
     1  EPS0=-0.0336／ROE0=-1.30% 非正
     1  EPS0=-0.0322／ROE0=-1.30% 非正
     1  EPS0=-0.0717／ROE0=-6.77% 非正
     1  EPS0=-0.0670／ROE0=-6.77% 非正
     1  EPS0=-0.0612／ROE0=-6.77% 非正
     1  EPS0=-0.1166／ROE0=-14.58% 非正
     1  EPS0=-0.1246／ROE0=-14.58% 非正
     1  EPS0=-0.1265／ROE0=-14.58% 非正
     1  EPS0=-0.1309／ROE0=-14.58% 非正
     1  EPS0=-0.0673／ROE0=-6.77% 非正
     1  EPS0=-0.0739／ROE0=-6.77% 非正
     1  EPS0=-0.1055／ROE0=-6.77% 非正
     1  EPS0=-0.2451／ROE0=-14.58% 非正
     1  EPS0=-0.2329／ROE0=-14.58% 非正
     1  EPS0=-0.1077／ROE0=-1.69% 非正
     1  EPS0=-0.1065／ROE0=-1.69% 非正
     1  EPS0=-0.1073／ROE0=-1.69% 非正
     1  EPS0=-0.1072／ROE0=-1.69% 非正
     1  EPS0=-0.2388／ROE0=-4.07% 非正
     1  EPS0=-0.2365／ROE0=-4.07% 非正
     1  EPS0=-0.2352／ROE0=-4.07% 非正
     1  EPS0=-0.0478／ROE0=-0.84% 非正
     1  EPS0=-0.0473／ROE0=-0.84% 非正
     1  EPS0=-0.0472／ROE0=-0.84% 非正
     1  EPS0=-0.0751／ROE0=-9.16% 非正
     1  EPS0=-0.0750／ROE0=-9.16% 非正
     1  EPS0=-0.0275／ROE0=-11.46% 非正
     1  EPS0=-0.0282／ROE0=-11.46% 非正
     1  EPS0=-0.0180／ROE0=-11.46% 非正
     1  EPS0=-0.0059／ROE0=-11.46% 非正
     1  EPS0=-0.0355／ROE0=-11.46% 非正
     1  EPS0=-0.4249／ROE0=-30.36% 非正
     1  EPS0=-0.3532／ROE0=-30.36% 非正
     1  EPS0=-0.2661／ROE0=-30.36% 非正
     1  EPS0=-0.1882／ROE0=-30.36% 非正
     1  EPS0=-0.0670／ROE0=-10.39% 非正
     1  EPS0=-0.0649／ROE0=-10.39% 非正
     1  EPS0=-0.0685／ROE0=-10.39% 非正
     1  EPS0=-0.2429／ROE0=-20.90% 非正
     1  EPS0=-0.2278／ROE0=-20.90% 非正
     1  EPS0=-0.1068／ROE0=-20.90% 非正
     1  EPS0=-0.0976／ROE0=-20.90% 非正
     1  EPS0=-0.0177／ROE0=-1.75% 非正
     1  EPS0=-0.0198／ROE0=-1.75% 非正
     1  EPS0=-0.0199／ROE0=-1.75% 非正
     1  EPS0=-0.0192／ROE0=-1.75% 非正
     1  EPS0=-0.0578／ROE0=-16.00% 非正
     1  EPS0=-0.1925／ROE0=-4.17% 非正
     1  EPS0=-0.1936／ROE0=-4.17% 非正
     1  EPS0=-0.1949／ROE0=-4.17% 非正
     1  EPS0=-0.1951／ROE0=-4.17% 非正
     1  EPS0=-0.1766／ROE0=-4.17% 非正
     1  EPS0=-0.1431／ROE0=-3.29% 非正
     1  EPS0=-0.0118／ROE0=-1.09% 非正
     1  EPS0=-0.2416／ROE0=-12.78% 非正
     1  EPS0=-0.2442／ROE0=-12.78% 非正
     1  EPS0=-0.2462／ROE0=-12.78% 非正
     1  EPS0=-0.2444／ROE0=-12.78% 非正
     1  EPS0=-0.1356／ROE0=-36.64% 非正
     1  EPS0=-0.1220／ROE0=-36.64% 非正
     1  EPS0=-0.1423／ROE0=-36.64% 非正
     1  EPS0=-0.1429／ROE0=-36.64% 非正
     1  EPS0=-0.1023／ROE0=-8.29% 非正
     1  EPS0=-0.0992／ROE0=-8.29% 非正
     1  EPS0=-0.0972／ROE0=-8.29% 非正
     1  EPS0=-0.0929／ROE0=-8.29% 非正
     1  EPS0=-0.0009／ROE0=-0.23% 非正
     1  EPS0=-0.0216／ROE0=-0.84% 非正
     1  EPS0=-0.0230／ROE0=-0.84% 非正
     1  EPS0=-0.0148／ROE0=-0.84% 非正
     1  EPS0=-0.0110／ROE0=-0.84% 非正
     1  EPS0=-0.1032／ROE0=-30.96% 非正
     1  EPS0=-0.0650／ROE0=-30.96% 非正
     1  EPS0=-0.1581／ROE0=-11.52% 非正
     1  EPS0=-0.1603／ROE0=-11.52% 非正
     1  EPS0=-0.1557／ROE0=-11.52% 非正
     1  EPS0=-0.1338／ROE0=-11.52% 非正
     1  EPS0=-0.2675／ROE0=-8.04% 非正
     1  EPS0=-0.2684／ROE0=-8.04% 非正
     1  EPS0=-0.2688／ROE0=-8.04% 非正
     1  EPS0=-0.2517／ROE0=-8.04% 非正
     1  EPS0=-0.4481／ROE0=-20.51% 非正
     1  EPS0=-0.4352／ROE0=-20.51% 非正
     1  EPS0=-0.4019／ROE0=-20.51% 非正
     1  EPS0=-0.3879／ROE0=-20.51% 非正
     1  EPS0=-0.1988／ROE0=-76.69% 非正
     1  EPS0=-0.1033／ROE0=-76.69% 非正
     1  EPS0=-0.1151／ROE0=-30.51% 非正
     1  EPS0=-0.1025／ROE0=-30.51% 非正
     1  EPS0=-0.0809／ROE0=-30.51% 非正
     1  EPS0=-0.0652／ROE0=-30.51% 非正
     1  EPS0=-0.0462／ROE0=-11.43% 非正
     1  EPS0=-0.0433／ROE0=-11.43% 非正
     1  EPS0=-0.0381／ROE0=-11.43% 非正
     1  EPS0=-0.0353／ROE0=-11.43% 非正
     1  EPS0=-0.2242／ROE0=-26.07% 非正
     1  EPS0=-0.2293／ROE0=-26.07% 非正
     1  EPS0=-0.2713／ROE0=-26.07% 非正
     1  EPS0=-0.3979／ROE0=-5.34% 非正
     1  EPS0=-0.3710／ROE0=-5.34% 非正
     1  EPS0=-0.3455／ROE0=-5.34% 非正
     1  EPS0=-0.3141／ROE0=-5.34% 非正
     1  EPS0=-0.8509／ROE0=-16.15% 非正
     1  EPS0=-0.8139／ROE0=-16.15% 非正
     1  EPS0=-0.7855／ROE0=-16.15% 非正
     1  EPS0=-0.7143／ROE0=-16.15% 非正
     1  EPS0=-1.0148／ROE0=-27.99% 非正
     1  EPS0=-0.9392／ROE0=-27.99% 非正
     1  EPS0=-0.8718／ROE0=-27.99% 非正
     1  EPS0=-0.7609／ROE0=-27.99% 非正
     1  EPS0=-1.2405／ROE0=-39.87% 非正
     1  EPS0=-1.0899／ROE0=-39.87% 非正
     1  EPS0=-0.8308／ROE0=-39.87% 非正
     1  EPS0=-0.1419／ROE0=-5.37% 非正
     1  EPS0=-0.1408／ROE0=-5.37% 非正
     1  EPS0=-0.1420／ROE0=-5.37% 非正
     1  EPS0=-0.1434／ROE0=-5.37% 非正
     1  EPS0=-0.1187／ROE0=-8.48% 非正
     1  EPS0=-0.1114／ROE0=-8.48% 非正
     1  EPS0=-0.1031／ROE0=-8.48% 非正
     1  EPS0=-0.0998／ROE0=-8.48% 非正
     1  EPS0=-0.1616／ROE0=-16.65% 非正
     1  EPS0=-0.1526／ROE0=-16.65% 非正
     1  EPS0=-0.1512／ROE0=-16.65% 非正
     1  EPS0=-0.0037／ROE0=-0.54% 非正
     1  EPS0=-0.0039／ROE0=-0.54% 非正
     1  EPS0=-0.0189／ROE0=-2.52% 非正
     1  EPS0=-0.0185／ROE0=-2.52% 非正
     1  EPS0=-0.0632／ROE0=-9.48% 非正
     1  EPS0=-0.4400／ROE0=-28.64% 非正
     1  EPS0=-0.4376／ROE0=-28.64% 非正
     1  EPS0=-0.4988／ROE0=-28.64% 非正
     1  EPS0=-0.0673／ROE0=-3.77% 非正
     1  EPS0=-0.0424／ROE0=-3.77% 非正
     1  EPS0=-0.1593／ROE0=-18.86% 非正
     1  EPS0=-0.1529／ROE0=-18.86% 非正
     1  EPS0=-0.1535／ROE0=-18.86% 非正
     1  EPS0=-0.1506／ROE0=-18.86% 非正
     1  EPS0=-0.5040／ROE0=-63.74% 非正
     1  EPS0=-0.0845／ROE0=-63.74% 非正
     1  EPS0=-0.0510／ROE0=-63.74% 非正
     1  EPS0=-0.0087／ROE0=-63.74% 非正
     1  EPS0=-0.1390／ROE0=-9.20% 非正
     1  EPS0=-0.1313／ROE0=-9.20% 非正
     1  EPS0=-0.1228／ROE0=-9.20% 非正
     1  EPS0=-0.1164／ROE0=-9.20% 非正
     1  EPS0=-0.1653／ROE0=-17.59% 非正
     1  EPS0=-0.1467／ROE0=-17.59% 非正
     1  EPS0=-0.1286／ROE0=-17.59% 非正
     1  EPS0=-0.1493／ROE0=-17.59% 非正
     1  EPS0=-0.1847／ROE0=-4.21% 非正
     1  EPS0=-0.1861／ROE0=-4.21% 非正
     1  EPS0=-0.1888／ROE0=-4.21% 非正
     1  EPS0=-0.1915／ROE0=-4.21% 非正
     1  EPS0=-0.3539／ROE0=-9.18% 非正
     1  EPS0=-0.3561／ROE0=-9.18% 非正
     1  EPS0=-0.3602／ROE0=-9.18% 非正
     1  EPS0=-0.3653／ROE0=-9.18% 非正
     1  EPS0=-0.0213／ROE0=-1.14% 非正
     1  EPS0=-0.0212／ROE0=-1.14% 非正
     1  EPS0=-0.5355／ROE0=-22.97% 非正
     1  EPS0=-0.5225／ROE0=-22.97% 非正
     1  EPS0=-0.4505／ROE0=-22.97% 非正
     1  EPS0=-0.4324／ROE0=-22.97% 非正
     1  EPS0=-0.3749／ROE0=-57.06% 非正
     1  EPS0=-0.2459／ROE0=-57.06% 非正
     1  EPS0=-0.1137／ROE0=-3.41% 非正
     1  EPS0=-0.0815／ROE0=-3.41% 非正
     1  EPS0=-0.0788／ROE0=-3.41% 非正
     1  EPS0=-0.0768／ROE0=-3.41% 非正
     1  EPS0=-0.2752／ROE0=-18.60% 非正
     1  EPS0=-0.2641／ROE0=-18.60% 非正
     1  EPS0=-0.2749／ROE0=-18.60% 非正
     1  EPS0=-0.2760／ROE0=-18.60% 非正
     1  EPS0=-0.0193／ROE0=-1.17% 非正
     1  EPS0=-0.0188／ROE0=-1.17% 非正
     1  EPS0=-0.0187／ROE0=-1.17% 非正
     1  EPS0=-0.0184／ROE0=-1.17% 非正
     1  EPS0=-0.2196／ROE0=-26.19% 非正
     1  EPS0=-0.2332／ROE0=-26.19% 非正
     1  EPS0=-0.2382／ROE0=-26.19% 非正
     1  EPS0=-0.2421／ROE0=-26.19% 非正
     1  EPS0=-0.0268／ROE0=-6.11% 非正
     1  EPS0=-0.0264／ROE0=-6.11% 非正
     1  EPS0=-0.0277／ROE0=-6.11% 非正
     1  EPS0=-0.0320／ROE0=-6.11% 非正
     1  EPS0=-0.0155／ROE0=-6.11% 非正
     1  EPS0=-0.0151／ROE0=-6.11% 非正
     1  EPS0=-0.0150／ROE0=-6.11% 非正
     1  EPS0=-0.0141／ROE0=-6.11% 非正
     1  EPS0=-0.0330／ROE0=-19.03% 非正
     1  EPS0=-0.0301／ROE0=-19.03% 非正
     1  EPS0=-0.0275／ROE0=-19.03% 非正
     1  EPS0=-0.0251／ROE0=-19.03% 非正
     1  EPS0=-0.0441／ROE0=-51.41% 非正
     1  EPS0=-0.0419／ROE0=-51.41% 非正
     1  EPS0=-0.0330／ROE0=-51.41% 非正
     1  零增长股权价值 -2.00 ≤ 0
     1  零增长股权价值 -2.02 ≤ 0
     1  零增长股权价值 -1.55 ≤ 0
     1  零增长股权价值 -2.10 ≤ 0
     1  零增长股权价值 -1.06 ≤ 0
     1  零增长股权价值 -2.04 ≤ 0
     1  零增长股权价值 -1.27 ≤ 0
     1  零增长股权价值 -1.61 ≤ 0
     1  零增长股权价值 -0.70 ≤ 0
     1  零增长股权价值 -0.91 ≤ 0
     1  零增长股权价值 -0.96 ≤ 0
     1  零增长股权价值 -0.98 ≤ 0
     1  EPS0=-0.0901／ROE0=-3.22% 非正
     1  EPS0=-0.0899／ROE0=-3.22% 非正
     1  EPS0=-0.0890／ROE0=-3.22% 非正
     1  EPS0=-0.0873／ROE0=-3.22% 非正
     1  EPS0=-0.2731／ROE0=-11.69% 非正
     1  EPS0=-0.2702／ROE0=-11.69% 非正
     1  EPS0=-0.2499／ROE0=-11.69% 非正
     1  EPS0=-0.2759／ROE0=-11.69% 非正
     1  EPS0=-0.1969／ROE0=-10.07% 非正
     1  EPS0=-0.1935／ROE0=-10.07% 非正
     1  EPS0=-0.1854／ROE0=-10.07% 非正
     1  EPS0=-0.1842／ROE0=-10.07% 非正
     1  EPS0=-0.0191／ROE0=-1.24% 非正
     1  EPS0=-0.0192／ROE0=-1.24% 非正
     1  EPS0=-0.0194／ROE0=-1.24% 非正
     1  EPS0=-0.0143／ROE0=-0.91% 非正
     1  EPS0=-0.0585／ROE0=-3.40% 非正
     1  EPS0=-0.0574／ROE0=-3.40% 非正
     1  EPS0=-0.0564／ROE0=-3.40% 非正
     1  EPS0=-0.0567／ROE0=-3.40% 非正
     1  EPS0=-0.7421／ROE0=-31.22% 非正
     1  EPS0=-0.7255／ROE0=-31.22% 非正
     1  EPS0=-0.7193／ROE0=-31.22% 非正
     1  EPS0=-0.7070／ROE0=-31.22% 非正
     1  EPS0=-0.3647／ROE0=-13.64% 非正
     1  EPS0=-0.2659／ROE0=-13.64% 非正
     1  EPS0=-0.2646／ROE0=-13.64% 非正
     1  EPS0=-0.2632／ROE0=-13.64% 非正
     1  EPS0=-0.1838／ROE0=-47.14% 非正
     1  EPS0=-0.1698／ROE0=-47.14% 非正
     1  EPS0=-0.1804／ROE0=-47.14% 非正
     1  EPS0=-0.2403／ROE0=-47.14% 非正
     1  EPS0=-0.1331／ROE0=-2.23% 非正
     1  EPS0=-0.1318／ROE0=-2.23% 非正
     1  EPS0=-0.1313／ROE0=-2.23% 非正
     1  EPS0=-0.1286／ROE0=-2.23% 非正
     1  EPS0=-0.2559／ROE0=-4.61% 非正
     1  EPS0=-0.2512／ROE0=-4.61% 非正
     1  EPS0=-0.2456／ROE0=-4.61% 非正
     1  EPS0=-0.2386／ROE0=-4.61% 非正
     1  EPS0=-0.4311／ROE0=-8.38% 非正
     1  EPS0=-0.4236／ROE0=-8.38% 非正
     1  EPS0=-0.4142／ROE0=-8.38% 非正
     1  EPS0=-0.4034／ROE0=-8.38% 非正
     1  EPS0=-0.4851／ROE0=-10.62% 非正
     1  EPS0=-0.4758／ROE0=-10.62% 非正
     1  EPS0=-0.4659／ROE0=-10.62% 非正
     1  EPS0=-0.4526／ROE0=-10.62% 非正
     1  EPS0=-0.4130／ROE0=-10.67% 非正
     1  EPS0=-0.4026／ROE0=-10.67% 非正
     1  EPS0=-0.3898／ROE0=-10.67% 非正
     1  EPS0=-0.3765／ROE0=-10.67% 非正
     1  EPS0=-0.5467／ROE0=-18.80% 非正
     1  EPS0=-0.5277／ROE0=-18.80% 非正
     1  EPS0=-0.5054／ROE0=-18.80% 非正
     1  EPS0=-0.1018／ROE0=-2.40% 非正
     1  EPS0=-0.1002／ROE0=-2.40% 非正
     1  EPS0=-0.1013／ROE0=-2.40% 非正
     1  EPS0=-0.1008／ROE0=-2.40% 非正
     1  EPS0=-0.1204／ROE0=-2.41% 非正
     1  EPS0=-0.1180／ROE0=-2.41% 非正
     1  EPS0=-0.1163／ROE0=-2.41% 非正
     1  EPS0=-0.1159／ROE0=-2.41% 非正
     1  EPS0=-0.5269／ROE0=-14.19% 非正
     1  EPS0=-0.5112／ROE0=-14.19% 非正
     1  EPS0=-0.4917／ROE0=-14.19% 非正
     1  EPS0=-0.4756／ROE0=-14.19% 非正
     1  EPS0=-0.6152／ROE0=-35.26% 非正
     1  EPS0=-0.5802／ROE0=-35.26% 非正
     1  EPS0=-0.5231／ROE0=-35.26% 非正
     1  EPS0=-0.7459／ROE0=-35.26% 非正
     1  EPS0=-0.0406／ROE0=-74.56% 非正
     1  EPS0=-0.0232／ROE0=-74.56% 非正
     1  EPS0=-0.0048／ROE0=-74.56% 非正
     1  EPS0=-0.1315／ROE0=-4.27% 非正
     1  EPS0=-0.1286／ROE0=-4.27% 非正
     1  EPS0=-0.1266／ROE0=-4.27% 非正
     1  EPS0=-0.1278／ROE0=-4.27% 非正
     1  EPS0=-0.4251／ROE0=-33.21% 非正
     1  EPS0=-0.3863／ROE0=-33.21% 非正
     1  EPS0=-0.3402／ROE0=-33.21% 非正
     1  EPS0=-0.3072／ROE0=-33.21% 非正
     1  EPS0=-0.1203／ROE0=-17.19% 非正
     1  EPS0=-0.1060／ROE0=-17.19% 非正
     1  EPS0=-0.0865／ROE0=-17.19% 非正
     1  EPS0=-0.0672／ROE0=-17.19% 非正
     1  EPS0=-0.0874／ROE0=-19.20% 非正
     1  EPS0=-0.0833／ROE0=-19.20% 非正
     1  EPS0=-0.0764／ROE0=-19.20% 非正
     1  EPS0=-0.0738／ROE0=-19.20% 非正
     1  EPS0=-0.0856／ROE0=-35.39% 非正
     1  EPS0=-0.0755／ROE0=-35.39% 非正
     1  EPS0=-0.0687／ROE0=-35.39% 非正
     1  EPS0=-0.0643／ROE0=-35.39% 非正
     1  EPS0=-0.0001／ROE0=-47.81% 非正
     1  EPS0=-0.0243／ROE0=-126.04% 非正
     1  EPS0=-0.0285／ROE0=-126.04% 非正
     1  EPS0=-0.0127／ROE0=-28.95% 非正
     1  EPS0=-0.0115／ROE0=-28.95% 非正
     1  EPS0=-0.0047／ROE0=-28.95% 非正
     1  EPS0=-0.0003／ROE0=-28.95% 非正
     1  EPS0=-0.0589／ROE0=-104.41% 非正
     1  EPS0=-0.0422／ROE0=-104.41% 非正
     1  EPS0=-0.0176／ROE0=-104.41% 非正
     1  EPS0=-0.0034／ROE0=-104.41% 非正
     1  EPS0=-0.1362／ROE0=-254.48% 非正
     1  EPS0=-0.0997／ROE0=-254.48% 非正
     1  EPS0=-0.0851／ROE0=-254.48% 非正
     1  EPS0=-0.0770／ROE0=-4.46% 非正
     1  EPS0=-0.0756／ROE0=-4.46% 非正
     1  EPS0=-0.0757／ROE0=-4.46% 非正
     1  EPS0=-0.0755／ROE0=-4.46% 非正
     1  EPS0=-0.1438／ROE0=-19.70% 非正
     1  EPS0=-0.1409／ROE0=-19.70% 非正
     1  EPS0=-0.1441／ROE0=-19.70% 非正
     1  EPS0=-0.1442／ROE0=-19.70% 非正
     1  EPS0=-0.2293／ROE0=-65.52% 非正
     1  EPS0=-0.2162／ROE0=-65.52% 非正
     1  EPS0=-0.1966／ROE0=-65.52% 非正
     1  EPS0=-0.1835／ROE0=-65.52% 非正
     1  EPS0=-0.1969／ROE0=-20.49% 非正
     1  EPS0=-0.1875／ROE0=-20.49% 非正
     1  EPS0=-0.1559／ROE0=-20.49% 非正
     1  EPS0=-0.1449／ROE0=-20.49% 非正
     1  EPS0=-0.0555／ROE0=-30.82% 非正
     1  EPS0=-0.0510／ROE0=-30.82% 非正
     1  EPS0=-0.0551／ROE0=-30.82% 非正
     1  EPS0=-0.0511／ROE0=-30.82% 非正
     1  EPS0=-0.0302／ROE0=-107.87% 非正
     1  EPS0=-0.0132／ROE0=-107.87% 非正
     1  EPS0=-0.0216／ROE0=-107.87% 非正
     1  EPS0=-0.0139／ROE0=-107.87% 非正
     1  EPS0=-0.0026／ROE0=-5.05% 非正
     1  EPS0=-0.0014／ROE0=-5.05% 非正
     1  EPS0=-0.0129／ROE0=-5.05% 非正
     1  EPS0=-0.0131／ROE0=-5.05% 非正
     1  EPS0=-0.0856／ROE0=-7.71% 非正
     1  EPS0=-0.0833／ROE0=-7.71% 非正
     1  EPS0=-0.0887／ROE0=-7.71% 非正
     1  EPS0=-0.0866／ROE0=-7.71% 非正
     1  EPS0=-0.0784／ROE0=-6.13% 非正
     1  EPS0=-0.0592／ROE0=-6.13% 非正
     1  EPS0=-0.0559／ROE0=-6.13% 非正
     1  EPS0=-0.0517／ROE0=-6.13% 非正
     1  EPS0=-0.1248／ROE0=-22.75% 非正
     1  EPS0=-0.1201／ROE0=-22.75% 非正
     1  EPS0=-0.1187／ROE0=-22.75% 非正
     1  EPS0=-0.1331／ROE0=-22.75% 非正
     1  EPS0=-0.0360／ROE0=-6.13% 非正
     1  EPS0=-0.0267／ROE0=-6.13% 非正
     1  EPS0=-0.0236／ROE0=-6.13% 非正
     1  EPS0=-0.0243／ROE0=-6.13% 非正
     1  EPS0=-0.2037／ROE0=-83.33% 非正
     1  EPS0=-0.1173／ROE0=-83.33% 非正
     1  EPS0=-0.0312／ROE0=-83.33% 非正
     1  EPS0=-0.2410／ROE0=-8.69% 非正
     1  EPS0=-0.2428／ROE0=-8.69% 非正
     1  EPS0=-0.4370／ROE0=-19.17% 非正
     1  EPS0=-0.4420／ROE0=-19.17% 非正
     1  EPS0=-0.3626／ROE0=-15.37% 非正
     1  EPS0=-0.4390／ROE0=-19.17% 非正
     1  EPS0=-0.2098／ROE0=-8.69% 非正
     1  EPS0=-0.0816／ROE0=-3.16% 非正
     1  EPS0=-0.0552／ROE0=-2.41% 非正
     1  EPS0=-0.0548／ROE0=-2.41% 非正
     1  EPS0=-0.0550／ROE0=-2.41% 非正
     1  EPS0=-0.0553／ROE0=-2.41% 非正
     1  EPS0=-0.0837／ROE0=-4.41% 非正
     1  EPS0=-0.0816／ROE0=-4.41% 非正
     1  EPS0=-0.0799／ROE0=-4.41% 非正
     1  EPS0=-0.0794／ROE0=-4.41% 非正
     1  EPS0=-0.0894／ROE0=-4.90% 非正
     1  EPS0=-0.0880／ROE0=-4.90% 非正
     1  EPS0=-0.0259／ROE0=-1.44% 非正
     1  EPS0=-0.0338／ROE0=-1.90% 非正
     1  EPS0=-0.0736／ROE0=-4.23% 非正
     1  EPS0=-0.0754／ROE0=-4.41% 非正
     1  EPS0=-0.0752／ROE0=-4.41% 非正
     1  EPS0=-0.0740／ROE0=-4.41% 非正
     1  EPS0=-0.0840／ROE0=-4.90% 非正
     1  EPS0=-0.0819／ROE0=-4.90% 非正
     1  EPS0=-0.0817／ROE0=-4.90% 非正
     1  EPS0=-0.2342／ROE0=-13.68% 非正
     1  EPS0=-0.2078／ROE0=-13.68% 非正
     1  EPS0=-0.2442／ROE0=-13.68% 非正
     1  EPS0=-0.2449／ROE0=-13.68% 非正
     1  EPS0=-0.1318／ROE0=-12.72% 非正
     1  EPS0=-0.1287／ROE0=-12.72% 非正
     1  EPS0=-0.0408／ROE0=-4.00% 非正
     1  EPS0=-0.0307／ROE0=-3.08% 非正
     1  EPS0=-0.0790／ROE0=-8.48% 非正
     1  EPS0=-0.1025／ROE0=-11.42% 非正
     1  EPS0=-0.1095／ROE0=-12.72% 非正
     1  EPS0=-0.1044／ROE0=-12.72% 非正
     1  EPS0=-0.0908／ROE0=-12.72% 非正
     1  EPS0=-0.0862／ROE0=-12.72% 非正
     1  EPS0=-0.0784／ROE0=-12.72% 非正
     1  EPS0=-0.0703／ROE0=-12.72% 非正
     1  EPS0=-0.1167／ROE0=-26.47% 非正
     1  EPS0=-0.1075／ROE0=-26.47% 非正
     1  EPS0=-0.0938／ROE0=-26.47% 非正
     1  EPS0=-0.2145／ROE0=-8.37% 非正
     1  EPS0=-0.2155／ROE0=-8.37% 非正
     1  EPS0=-0.2154／ROE0=-8.37% 非正
     1  EPS0=-0.2090／ROE0=-8.37% 非正
     1  EPS0=-0.0292／ROE0=-1.88% 非正
     1  EPS0=-0.0285／ROE0=-1.88% 非正
     1  EPS0=-0.2163／ROE0=-26.71% 非正
     1  EPS0=-0.2184／ROE0=-26.71% 非正
     1  EPS0=-0.1965／ROE0=-26.71% 非正
     1  EPS0=-0.1845／ROE0=-26.71% 非正
     1  EPS0=-0.0391／ROE0=-17.01% 非正
     1  EPS0=-0.0396／ROE0=-17.01% 非正
     1  EPS0=-0.0399／ROE0=-17.01% 非正
     1  EPS0=-0.0404／ROE0=-17.01% 非正
     1  EPS0=-0.0433／ROE0=-4.27% 非正
     1  EPS0=-0.0414／ROE0=-4.27% 非正
     1  EPS0=-0.0400／ROE0=-4.27% 非正
     1  EPS0=-0.0289／ROE0=-4.27% 非正
     1  EPS0=-0.1461／ROE0=-26.09% 非正
     1  EPS0=-0.1477／ROE0=-26.09% 非正
     1  EPS0=-0.1646／ROE0=-26.09% 非正
     1  EPS0=-0.1688／ROE0=-26.09% 非正
     1  EPS0=-0.1188／ROE0=-4.72% 非正
     1  EPS0=-0.1163／ROE0=-4.72% 非正
     1  EPS0=-0.1169／ROE0=-4.72% 非正
     1  EPS0=-0.1184／ROE0=-4.72% 非正
     1  EPS0=-0.2178／ROE0=-10.78% 非正
     1  EPS0=-0.2076／ROE0=-10.78% 非正
     1  EPS0=-0.1823／ROE0=-10.78% 非正
     1  EPS0=-0.1177／ROE0=-10.78% 非正
     1  EPS0=-0.1695／ROE0=-8.90% 非正
     1  EPS0=-0.1669／ROE0=-8.90% 非正
     1  EPS0=-0.1633／ROE0=-8.90% 非正
     1  EPS0=-0.1602／ROE0=-8.90% 非正
     1  EPS0=-0.0568／ROE0=-11.66% 非正
     1  EPS0=-0.0553／ROE0=-11.66% 非正
     1  EPS0=-0.0532／ROE0=-11.66% 非正
     1  EPS0=-0.0499／ROE0=-11.66% 非正
     1  EPS0=-0.0464／ROE0=-4.98% 非正
     1  EPS0=-0.0469／ROE0=-4.98% 非正
     1  EPS0=-0.0357／ROE0=-3.86% 非正
     1  EPS0=-0.0958／ROE0=-2.69% 非正
     1  EPS0=-0.0936／ROE0=-2.69% 非正
     1  EPS0=-0.0947／ROE0=-2.69% 非正
     1  EPS0=-0.0940／ROE0=-2.69% 非正
     1  EPS0=-0.0678／ROE0=-2.88% 非正
     1  EPS0=-0.0636／ROE0=-2.88% 非正
     1  EPS0=-0.0570／ROE0=-2.88% 非正
     1  EPS0=-0.0507／ROE0=-2.88% 非正
     1  EPS0=-0.2641／ROE0=-49.55% 非正
     1  EPS0=-0.3894／ROE0=-49.55% 非正
     1  EPS0=-0.2381／ROE0=-49.55% 非正
     1  EPS0=-0.0872／ROE0=-49.55% 非正
     1  EPS0=-0.0968／ROE0=-79.45% 非正
     1  EPS0=-0.4589／ROE0=-126.52% 非正
     1  EPS0=-0.3710／ROE0=-126.52% 非正
     1  EPS0=-0.1172／ROE0=-126.52% 非正
     1  EPS0=-0.0505／ROE0=-20.48% 非正
     1  EPS0=-0.0042／ROE0=-6.24% 非正
     1  EPS0=-0.0415／ROE0=-2.07% 非正
     1  EPS0=-0.0391／ROE0=-2.07% 非正
     1  EPS0=-0.0357／ROE0=-2.07% 非正
     1  EPS0=-0.0327／ROE0=-2.07% 非正
     1  EPS0=-0.2819／ROE0=-23.89% 非正
     1  EPS0=-0.2443／ROE0=-23.89% 非正
     1  EPS0=-0.1915／ROE0=-23.89% 非正
     1  EPS0=-0.1690／ROE0=-23.89% 非正
     1  EPS0=-0.0863／ROE0=-26.96% 非正
     1  EPS0=-0.1304／ROE0=-9.88% 非正
     1  EPS0=-0.1284／ROE0=-9.88% 非正
     1  EPS0=-0.1274／ROE0=-9.88% 非正
     1  EPS0=-0.1239／ROE0=-9.88% 非正
     1  EPS0=-0.0975／ROE0=-7.99% 非正
     1  EPS0=-0.1017／ROE0=-7.99% 非正
     1  EPS0=-0.0355／ROE0=-2.89% 非正
     1  EPS0=-0.0998／ROE0=-7.99% 非正
     1  EPS0=-0.0192／ROE0=-1.35% 非正
     1  EPS0=-0.0191／ROE0=-1.35% 非正
     1  EPS0=-0.0776／ROE0=-5.68% 非正
     1  EPS0=-0.0739／ROE0=-5.68% 非正
     1  EPS0=-0.0676／ROE0=-5.68% 非正
     1  EPS0=-0.0591／ROE0=-5.68% 非正
     1  EPS0=-0.1798／ROE0=-19.84% 非正
     1  EPS0=-0.1587／ROE0=-19.84% 非正
     1  EPS0=-0.1729／ROE0=-19.84% 非正
     1  EPS0=-0.1506／ROE0=-17.52% 非正
     1  EPS0=-0.0192／ROE0=-2.82% 非正
     1  EPS0=-0.0179／ROE0=-2.82% 非正
     1  EPS0=-0.0143／ROE0=-2.82% 非正
     1  EPS0=-0.0130／ROE0=-2.82% 非正
     1  EPS0=-0.0654／ROE0=-19.55% 非正
     1  EPS0=-0.0532／ROE0=-19.55% 非正
     1  EPS0=-0.0405／ROE0=-19.55% 非正
     1  EPS0=-0.2089／ROE0=-8.07% 非正
     1  EPS0=-0.2347／ROE0=-8.07% 非正
     1  EPS0=-0.5311／ROE0=-23.37% 非正
     1  EPS0=-0.5229／ROE0=-23.37% 非正
     1  EPS0=-0.4888／ROE0=-23.37% 非正
     1  EPS0=-0.4682／ROE0=-23.37% 非正
     1  EPS0=-0.0403／ROE0=-2.63% 非正
     1  EPS0=-0.0386／ROE0=-2.63% 非正
     1  EPS0=-0.0354／ROE0=-2.63% 非正
     1  EPS0=-0.0328／ROE0=-2.63% 非正
     1  EPS0=-0.3259／ROE0=-51.08% 非正
     1  EPS0=-0.2614／ROE0=-51.08% 非正
     1  EPS0=-0.1857／ROE0=-51.08% 非正
     1  EPS0=-0.0561／ROE0=-51.08% 非正
     1  EPS0=-0.3302／ROE0=-67.36% 非正
     1  EPS0=-0.1948／ROE0=-67.36% 非正
     1  EPS0=-0.1496／ROE0=-67.36% 非正
     1  EPS0=-0.0916／ROE0=-67.36% 非正
     1  EPS0=-0.0877／ROE0=-76.11% 非正
     1  EPS0=-0.0407／ROE0=-76.11% 非正
     1  EPS0=-0.0017／ROE0=-76.11% 非正
     1  EPS0=-1.0891／ROE0=-45.47% 非正
     1  EPS0=-0.1773／ROE0=-3.91% 非正
     1  EPS0=-0.1702／ROE0=-3.91% 非正
     1  EPS0=-0.1680／ROE0=-3.91% 非正
     1  EPS0=-0.1784／ROE0=-3.91% 非正
     1  EPS0=-0.0133／ROE0=-0.79% 非正
     1  EPS0=-0.0134／ROE0=-0.79% 非正
     1  EPS0=-0.1214／ROE0=-6.13% 非正
     1  EPS0=-0.0494／ROE0=-2.48% 非正
     1  EPS0=-0.0477／ROE0=-2.48% 非正
     1  EPS0=-0.0465／ROE0=-2.48% 非正
     1  EPS0=-0.2554／ROE0=-22.74% 非正
     1  EPS0=-0.2517／ROE0=-22.74% 非正
     1  EPS0=-0.2424／ROE0=-22.74% 非正
     1  EPS0=-0.2403／ROE0=-22.74% 非正
     1  EPS0=-0.0676／ROE0=-6.99% 非正
     1  EPS0=-0.0616／ROE0=-6.99% 非正
     1  EPS0=-0.0554／ROE0=-6.99% 非正
     1  EPS0=-0.0433／ROE0=-6.99% 非正
     1  EPS0=-0.0650／ROE0=-2.62% 非正
     1  EPS0=-0.0676／ROE0=-2.62% 非正
     1  EPS0=-0.0723／ROE0=-2.62% 非正
     1  EPS0=-0.3222／ROE0=-62.50% 非正
     1  EPS0=-0.3249／ROE0=-62.50% 非正
     1  EPS0=-0.2435／ROE0=-62.50% 非正
     1  EPS0=-0.2618／ROE0=-62.50% 非正
     1  EPS0=-0.0252／ROE0=-2.69% 非正
     1  EPS0=-0.0228／ROE0=-2.69% 非正
     1  EPS0=-0.0452／ROE0=-2.69% 非正
     1  EPS0=-0.0399／ROE0=-2.69% 非正
     1  EPS0=-0.0943／ROE0=-14.30% 非正
     1  EPS0=-0.0894／ROE0=-14.30% 非正
     1  EPS0=-0.0722／ROE0=-14.30% 非正
     1  EPS0=-0.0515／ROE0=-14.30% 非正
     1  EPS0=-0.2306／ROE0=-12.74% 非正
     1  EPS0=-0.2336／ROE0=-12.74% 非正
     1  EPS0=-0.2463／ROE0=-12.74% 非正
     1  EPS0=-0.2474／ROE0=-12.74% 非正
     1  EPS0=-0.1911／ROE0=-14.53% 非正
     1  EPS0=-0.1667／ROE0=-14.53% 非正
     1  EPS0=-0.1513／ROE0=-14.53% 非正
     1  EPS0=-0.1469／ROE0=-14.53% 非正
     1  EPS0=-0.2165／ROE0=-25.32% 非正
     1  EPS0=-0.1889／ROE0=-25.32% 非正
     1  EPS0=-0.1698／ROE0=-25.32% 非正
     1  EPS0=-0.1559／ROE0=-25.32% 非正
     1  EPS0=-0.5239／ROE0=-42.47% 非正
     1  EPS0=-0.3327／ROE0=-27.61% 非正
     1  EPS0=-0.0927／ROE0=-7.75% 非正
     1  EPS0=-0.2707／ROE0=-23.35% 非正
     1  EPS0=-0.0404／ROE0=-4.03% 非正
     1  EPS0=-0.0389／ROE0=-4.03% 非正
     1  EPS0=-0.0380／ROE0=-4.03% 非正
     1  EPS0=-0.0274／ROE0=-1.10% 非正
     1  EPS0=-0.0209／ROE0=-1.10% 非正
     1  EPS0=-0.0548／ROE0=-1.65% 非正
     1  EPS0=-0.0552／ROE0=-1.65% 非正
     1  EPS0=-0.3055／ROE0=-37.67% 非正
     1  EPS0=-0.2294／ROE0=-37.67% 非正
     1  EPS0=-0.3130／ROE0=-37.67% 非正
     1  EPS0=-0.1379／ROE0=-37.67% 非正
     1  零增长股权价值 -0.36 ≤ 0
     1  EPS0=-0.1748／ROE0=-24.28% 非正
     1  EPS0=-0.1725／ROE0=-24.28% 非正
     1  EPS0=-0.1750／ROE0=-24.28% 非正
     1  EPS0=-0.1752／ROE0=-24.28% 非正
     1  EPS0=-0.0375／ROE0=-6.00% 非正
     1  EPS0=-0.0377／ROE0=-6.00% 非正
     1  EPS0=-0.0378／ROE0=-6.00% 非正
     1  EPS0=-0.0380／ROE0=-6.00% 非正
     1  EPS0=-0.6212／ROE0=-11.78% 非正
     1  EPS0=-0.6240／ROE0=-11.78% 非正
     1  EPS0=-0.6243／ROE0=-11.78% 非正
     1  EPS0=-0.6247／ROE0=-11.78% 非正
     1  EPS0=-0.4993／ROE0=-10.51% 非正
     1  EPS0=-0.4974／ROE0=-10.51% 非正
     1  EPS0=-0.4912／ROE0=-10.51% 非正
     1  EPS0=-0.4837／ROE0=-10.51% 非正
     1  EPS0=-0.4539／ROE0=-10.87% 非正
     1  EPS0=-0.4478／ROE0=-10.87% 非正
     1  EPS0=-0.4404／ROE0=-10.87% 非正
     1  EPS0=-0.0147／ROE0=-0.50% 非正
     1  EPS0=-0.0146／ROE0=-0.50% 非正
     1  EPS0=-0.0154／ROE0=-0.50% 非正
     1  EPS0=-0.0155／ROE0=-0.50% 非正
     1  EPS0=-0.6502／ROE0=-29.85% 非正
     1  EPS0=-0.6240／ROE0=-29.85% 非正
     1  EPS0=-0.5862／ROE0=-29.85% 非正
     1  EPS0=-0.5502／ROE0=-29.85% 非正
     1  EPS0=-0.4129／ROE0=-62.95% 非正
     1  EPS0=-0.3592／ROE0=-62.95% 非正
     1  EPS0=-0.2531／ROE0=-62.95% 非正
     1  EPS0=-0.1463／ROE0=-62.95% 非正
     1  EPS0=-0.2209／ROE0=-86.78% 非正
     1  EPS0=-0.0306／ROE0=-13.16% 非正
     1  EPS0=-0.0305／ROE0=-13.36% 非正
     1  EPS0=-0.0392／ROE0=-18.67% 非正
     1  EPS0=-0.0375／ROE0=-19.12% 非正
     1  EPS0=-0.0589／ROE0=-29.39% 非正
     1  EPS0=-0.0598／ROE0=-29.39% 非正
     1  EPS0=-0.1253／ROE0=-3.94% 非正
     1  EPS0=-0.1252／ROE0=-3.94% 非正
     1  EPS0=-0.1186／ROE0=-3.94% 非正
     1  EPS0=-0.1137／ROE0=-3.94% 非正
     1  EPS0=-0.2708／ROE0=-9.83% 非正
     1  EPS0=-0.2597／ROE0=-9.83% 非正
     1  EPS0=-0.2652／ROE0=-9.83% 非正
     1  EPS0=-0.2043／ROE0=-7.71% 非正
     1  EPS0=-0.0986／ROE0=-3.68% 非正
     1  EPS0=-0.0890／ROE0=-3.46% 非正
     1  EPS0=-0.3000／ROE0=-11.12% 非正
     1  EPS0=-0.1968／ROE0=-11.12% 非正
     1  EPS0=-0.1086／ROE0=-7.54% 非正
     1  EPS0=-0.1089／ROE0=-7.54% 非正
     1  EPS0=-0.0971／ROE0=-7.54% 非正
     1  EPS0=-0.0957／ROE0=-7.54% 非正
     1  EPS0=-0.0092／ROE0=-1.25% 非正
     1  EPS0=-0.0094／ROE0=-1.25% 非正
     1  EPS0=-0.0944／ROE0=-2.84% 非正
     1  EPS0=-0.0948／ROE0=-2.84% 非正
     1  EPS0=-0.0950／ROE0=-2.84% 非正
     1  EPS0=-0.0961／ROE0=-2.84% 非正
     1  EPS0=-0.0753／ROE0=-2.20% 非正
     1  EPS0=-0.0731／ROE0=-2.20% 非正
     1  EPS0=-0.0724／ROE0=-2.20% 非正
     1  EPS0=-0.0758／ROE0=-2.20% 非正
     1  EPS0=-0.3547／ROE0=-21.69% 非正
     1  EPS0=-0.3592／ROE0=-21.69% 非正
     1  EPS0=-0.3562／ROE0=-21.69% 非正
     1  EPS0=-0.0182／ROE0=-1.19% 非正
     1  EPS0=-0.1193／ROE0=-81.33% 非正
     1  EPS0=-0.0418／ROE0=-81.33% 非正
     1  EPS0=-0.0426／ROE0=-81.33% 非正
     1  EPS0=-0.0815／ROE0=-81.33% 非正
     1  EPS0=-0.3935／ROE0=-14.14% 非正
     1  EPS0=-0.3902／ROE0=-14.14% 非正
     1  EPS0=-0.3920／ROE0=-14.14% 非正
     1  EPS0=-0.7512／ROE0=-35.62% 非正
     1  EPS0=-0.3672／ROE0=-35.62% 非正
     1  EPS0=-0.3241／ROE0=-35.62% 非正
     1  EPS0=-0.2814／ROE0=-35.62% 非正
     1  EPS0=-0.2125／ROE0=-21.68% 非正
     1  EPS0=-0.2382／ROE0=-21.68% 非正
     1  EPS0=-0.2200／ROE0=-17.06% 非正
     1  EPS0=-0.2069／ROE0=-17.06% 非正
     1  EPS0=-0.1814／ROE0=-17.06% 非正
     1  EPS0=-0.1470／ROE0=-17.06% 非正
     1  EPS0=-0.0344／ROE0=-2.52% 非正
     1  EPS0=-0.0330／ROE0=-2.52% 非正
     1  EPS0=-0.0309／ROE0=-2.52% 非正
     1  EPS0=-0.0286／ROE0=-2.52% 非正
     1  EPS0=-0.1292／ROE0=-12.84% 非正
     1  EPS0=-0.1241／ROE0=-12.84% 非正
     1  EPS0=-0.1222／ROE0=-12.84% 非正
     1  EPS0=-0.1208／ROE0=-12.84% 非正
     1  EPS0=-0.1706／ROE0=-19.75% 非正
     1  EPS0=-0.0517／ROE0=-2.61% 非正
     1  EPS0=-0.0373／ROE0=-1.89% 非正
     1  EPS0=-0.0510／ROE0=-2.61% 非正
     1  EPS0=-0.0415／ROE0=-2.13% 非正
     1  EPS0=-0.0650／ROE0=-3.46% 非正
     1  EPS0=-0.0654／ROE0=-3.46% 非正
     1  EPS0=-0.0651／ROE0=-3.46% 非正
     1  EPS0=-0.0649／ROE0=-3.46% 非正
     1  EPS0=-0.0524／ROE0=-3.46% 非正
     1  EPS0=-0.0518／ROE0=-3.46% 非正
     1  EPS0=-0.0514／ROE0=-3.46% 非正
     1  EPS0=-0.0161／ROE0=-1.75% 非正
     1  EPS0=-0.0124／ROE0=-1.75% 非正
     1  EPS0=-0.0111／ROE0=-1.75% 非正
     1  EPS0=-0.0097／ROE0=-1.75% 非正
     1  EPS0=-0.2172／ROE0=-23.11% 非正
     1  EPS0=-0.2045／ROE0=-23.11% 非正
     1  EPS0=-0.1985／ROE0=-23.11% 非正
     1  EPS0=-0.1753／ROE0=-21.25% 非正
     1  EPS0=-0.0129／ROE0=-1.75% 非正
     1  EPS0=-0.0119／ROE0=-1.75% 非正
     1  EPS0=-0.0110／ROE0=-1.75% 非正
     1  EPS0=-0.0102／ROE0=-1.75% 非正
     1  EPS0=-0.1642／ROE0=-31.15% 非正
     1  EPS0=-0.1483／ROE0=-31.15% 非正
     1  EPS0=-0.1348／ROE0=-31.15% 非正
     1  EPS0=-0.1182／ROE0=-31.15% 非正
     1  EPS0=-0.0962／ROE0=-35.38% 非正
     1  EPS0=-0.0782／ROE0=-35.38% 非正
     1  EPS0=-0.0640／ROE0=-35.38% 非正
     1  EPS0=-0.1436／ROE0=-3.63% 非正
     1  EPS0=-0.1442／ROE0=-3.63% 非正
     1  EPS0=-0.2962／ROE0=-15.15% 非正
     1  EPS0=-0.2746／ROE0=-15.15% 非正
     1  EPS0=-0.2822／ROE0=-15.15% 非正
     1  EPS0=-0.2594／ROE0=-15.15% 非正
     1  EPS0=-0.0770／ROE0=-70.02% 非正
     1  EPS0=-0.0361／ROE0=-70.02% 非正
     1  EPS0=-0.0025／ROE0=-70.02% 非正
     1  EPS0=-0.3858／ROE0=-27.21% 非正
     1  EPS0=-0.4040／ROE0=-27.21% 非正
     1  EPS0=-0.1730／ROE0=-6.31% 非正
     1  EPS0=-0.1712／ROE0=-6.31% 非正
     1  EPS0=-0.1192／ROE0=-4.27% 非正
     1  EPS0=-0.1167／ROE0=-4.05% 非正
     1  EPS0=-0.1137／ROE0=-4.05% 非正
     1  EPS0=-0.1113／ROE0=-4.05% 非正
     1  零增长股权价值 -1.48 ≤ 0
     1  零增长股权价值 -0.57 ≤ 0
     1  零增长股权价值 -1.13 ≤ 0
     1  零增长股权价值 -1.23 ≤ 0
     1  零增长股权价值 -1.29 ≤ 0
     1  零增长股权价值 -0.69 ≤ 0
     1  零增长股权价值 -1.18 ≤ 0
     1  零增长股权价值 -1.17 ≤ 0
     1  零增长股权价值 -1.50 ≤ 0
     1  零增长股权价值 -1.46 ≤ 0
     1  零增长股权价值 -1.72 ≤ 0
     1  零增长股权价值 -1.62 ≤ 0
     1  零增长股权价值 -2.34 ≤ 0
     1  零增长股权价值 -1.97 ≤ 0
     1  零增长股权价值 -1.16 ≤ 0
     1  零增长股权价值 -0.34 ≤ 0
     1  零增长股权价值 -0.95 ≤ 0
     1  EPS0=-0.1153／ROE0=-4.37% 非正
     1  EPS0=-0.1175／ROE0=-4.37% 非正
     1  EPS0=-0.1166／ROE0=-4.37% 非正
     1  EPS0=-0.1158／ROE0=-4.37% 非正
     1  EPS0=-0.3158／ROE0=-24.40% 非正
     1  EPS0=-0.3209／ROE0=-24.40% 非正
     1  EPS0=-0.3237／ROE0=-24.40% 非正
     1  EPS0=-0.3204／ROE0=-24.40% 非正
     1  EPS0=-0.0054／ROE0=-0.42% 非正
     1  EPS0=-0.0051／ROE0=-0.42% 非正
     1  EPS0=-0.0048／ROE0=-0.42% 非正
     1  EPS0=-0.0047／ROE0=-0.42% 非正
     1  EPS0=-0.3661／ROE0=-19.75% 非正
     1  EPS0=-0.1608／ROE0=-19.75% 非正
     1  EPS0=-0.1469／ROE0=-19.75% 非正
     1  EPS0=-0.1395／ROE0=-19.75% 非正
     1  EPS0=-0.0522／ROE0=-5.80% 非正
     1  EPS0=-0.0510／ROE0=-5.80% 非正
     1  EPS0=-0.0506／ROE0=-5.80% 非正
     1  EPS0=-0.0502／ROE0=-5.80% 非正
     1  EPS0=-0.0819／ROE0=-64.15% 非正
     1  EPS0=-0.0773／ROE0=-64.15% 非正
     1  EPS0=-0.0670／ROE0=-64.15% 非正
     1  EPS0=-0.0649／ROE0=-17.55% 非正
     1  EPS0=-0.1473／ROE0=-7.32% 非正
     1  EPS0=-0.1488／ROE0=-7.32% 非正
     1  EPS0=-0.1481／ROE0=-7.32% 非正
     1  EPS0=-0.1411／ROE0=-7.32% 非正
     1  EPS0=-0.0399／ROE0=-1.95% 非正
     1  EPS0=-0.0398／ROE0=-1.95% 非正
     1  EPS0=-0.0531／ROE0=-4.18% 非正
     1  EPS0=-0.0532／ROE0=-4.18% 非正
     1  EPS0=-0.5047／ROE0=-18.87% 非正
     1  EPS0=-0.4459／ROE0=-18.87% 非正
     1  EPS0=-0.2395／ROE0=-18.87% 非正
     1  EPS0=-0.1000／ROE0=-18.87% 非正
     1  EPS0=-0.3335／ROE0=-19.97% 非正
     1  EPS0=-0.8739／ROE0=-54.03% 非正
     1  EPS0=-0.8764／ROE0=-54.03% 非正
     1  EPS0=-0.4927／ROE0=-30.01% 非正
     1  EPS0=-0.2975／ROE0=-20.52% 非正
     1  EPS0=-0.2778／ROE0=-20.52% 非正
     1  EPS0=-0.2650／ROE0=-20.52% 非正
     1  EPS0=-0.2361／ROE0=-20.52% 非正
     1  EPS0=-0.2487／ROE0=-48.00% 非正
     1  EPS0=-0.2405／ROE0=-48.00% 非正
     1  EPS0=-0.2592／ROE0=-48.00% 非正
     1  EPS0=-0.2630／ROE0=-48.00% 非正
     1  EPS0=-0.2629／ROE0=-16.19% 非正
     1  EPS0=-0.2657／ROE0=-16.19% 非正
     1  EPS0=-0.1636／ROE0=-14.87% 非正
     1  EPS0=-0.1613／ROE0=-14.87% 非正
     1  EPS0=-0.1584／ROE0=-14.87% 非正
     1  EPS0=-0.1555／ROE0=-14.87% 非正
     1  EPS0=-0.0211／ROE0=-2.02% 非正
     1  EPS0=-0.0350／ROE0=-1.93% 非正
     1  EPS0=-0.0351／ROE0=-1.93% 非正
     1  EPS0=-0.0728／ROE0=-2.00% 非正
     1  EPS0=-0.0726／ROE0=-2.00% 非正
     1  EPS0=-0.0687／ROE0=-2.00% 非正
     1  EPS0=-0.0677／ROE0=-2.00% 非正
     1  EPS0=-0.1699／ROE0=-5.09% 非正
     1  EPS0=-0.1700／ROE0=-5.09% 非正
     1  EPS0=-0.1727／ROE0=-5.09% 非正
     1  EPS0=-0.1850／ROE0=-8.42% 非正
     1  EPS0=-0.1840／ROE0=-8.42% 非正
     1  EPS0=-0.1806／ROE0=-8.42% 非正
     1  EPS0=-0.1748／ROE0=-8.42% 非正
     1  EPS0=-0.2787／ROE0=-16.39% 非正
     1  EPS0=-0.2755／ROE0=-16.39% 非正
     1  EPS0=-0.2642／ROE0=-16.39% 非正
     1  EPS0=-0.2540／ROE0=-16.39% 非正
     1  EPS0=-0.2785／ROE0=-17.97% 非正
     1  EPS0=-0.2604／ROE0=-17.97% 非正
     1  EPS0=-0.2704／ROE0=-17.97% 非正
     1  EPS0=-0.2793／ROE0=-17.97% 非正
     1  EPS0=-0.0917／ROE0=-83.35% 非正
     1  EPS0=-0.0069／ROE0=-83.35% 非正
     1  EPS0=-1.3206／ROE0=-100.67% 非正
     1  EPS0=-0.3492／ROE0=-25.11% 非正
     1  EPS0=-0.3284／ROE0=-25.11% 非正
     1  EPS0=-0.3128／ROE0=-25.11% 非正
     1  EPS0=-0.2974／ROE0=-25.11% 非正
     1  EPS0=-0.0926／ROE0=-76.21% 非正
     1  EPS0=-0.0264／ROE0=-76.21% 非正
     1  EPS0=-0.1392／ROE0=-7.40% 非正
     1  EPS0=-0.1401／ROE0=-7.40% 非正
     1  EPS0=-0.1414／ROE0=-7.40% 非正
     1  EPS0=-0.1427／ROE0=-7.40% 非正
     1  EPS0=-0.1822／ROE0=-4.40% 非正
     1  EPS0=-0.1749／ROE0=-4.40% 非正
     1  EPS0=-0.1708／ROE0=-4.40% 非正
     1  EPS0=-0.1598／ROE0=-4.40% 非正
     1  EPS0=-0.3637／ROE0=-10.93% 非正
     1  EPS0=-0.3481／ROE0=-10.93% 非正
     1  EPS0=-0.3686／ROE0=-10.93% 非正
     1  EPS0=-0.1356／ROE0=-4.03% 非正
     1  EPS0=-0.3594／ROE0=-13.89% 非正
     1  EPS0=-0.3173／ROE0=-13.89% 非正
     1  EPS0=-0.2741／ROE0=-13.89% 非正
     1  EPS0=-0.2320／ROE0=-13.89% 非正
     1  EPS0=-0.2487／ROE0=-21.65% 非正
     1  EPS0=-0.1844／ROE0=-21.65% 非正
     1  EPS0=-0.1389／ROE0=-21.65% 非正
     1  EPS0=-0.0931／ROE0=-21.65% 非正
     1  EPS0=-0.2897／ROE0=-4.22% 非正
     1  EPS0=-0.0371／ROE0=-1.66% 非正
     1  EPS0=-0.0348／ROE0=-1.66% 非正
     1  EPS0=-0.0156／ROE0=-1.66% 非正
     1  EPS0=-0.0139／ROE0=-1.66% 非正
     1  EPS0=-0.0826／ROE0=-48.61% 非正
     1  EPS0=-0.0756／ROE0=-48.61% 非正
     1  EPS0=-0.0707／ROE0=-2.36% 非正
     1  EPS0=-0.0701／ROE0=-2.36% 非正
     1  EPS0=-0.0699／ROE0=-2.36% 非正
     1  EPS0=-0.0697／ROE0=-2.36% 非正
     1  EPS0=-0.1228／ROE0=-5.03% 非正
     1  EPS0=-0.1246／ROE0=-5.03% 非正
     1  EPS0=-0.1248／ROE0=-5.03% 非正
     1  EPS0=-0.1240／ROE0=-5.03% 非正
     1  EPS0=-0.1819／ROE0=-4.71% 非正
     1  EPS0=-0.1817／ROE0=-4.71% 非正
     1  EPS0=-0.1805／ROE0=-4.71% 非正
     1  EPS0=-0.1761／ROE0=-4.71% 非正
     1  EPS0=-0.4595／ROE0=-17.22% 非正
     1  EPS0=-0.4344／ROE0=-17.22% 非正
     1  EPS0=-0.3947／ROE0=-17.22% 非正
     1  EPS0=-0.3121／ROE0=-17.22% 非正
     1  EPS0=-0.4672／ROE0=-37.69% 非正
     1  EPS0=-0.4112／ROE0=-37.69% 非正
     1  EPS0=-0.2968／ROE0=-37.69% 非正
     1  EPS0=-0.1035／ROE0=-3.56% 非正
     1  EPS0=-0.1027／ROE0=-3.56% 非正
     1  EPS0=-0.1029／ROE0=-3.56% 非正
     1  EPS0=-0.1033／ROE0=-3.56% 非正
     1  EPS0=-0.3859／ROE0=-26.80% 非正
     1  EPS0=-0.3890／ROE0=-26.80% 非正
     1  EPS0=-0.3826／ROE0=-26.80% 非正
     1  EPS0=-0.3989／ROE0=-26.80% 非正
     1  EPS0=-0.0754／ROE0=-3.92% 非正
     1  EPS0=-0.2933／ROE0=-7.71% 非正
     1  EPS0=-0.2943／ROE0=-7.71% 非正
     1  EPS0=-0.2978／ROE0=-7.71% 非正
     1  EPS0=-0.3074／ROE0=-7.71% 非正
     1  EPS0=-0.4500／ROE0=-16.90% 非正
     1  EPS0=-0.4185／ROE0=-16.90% 非正
     1  EPS0=-0.3925／ROE0=-16.90% 非正
     1  EPS0=-0.3589／ROE0=-16.90% 非正
     1  EPS0=-0.4486／ROE0=-26.38% 非正
     1  EPS0=-0.3798／ROE0=-26.38% 非正
     1  EPS0=-0.3261／ROE0=-26.38% 非正
     1  EPS0=-0.0867／ROE0=-4.13% 非正
     1  EPS0=-0.0879／ROE0=-4.13% 非正
     1  EPS0=-0.1901／ROE0=-17.83% 非正
     1  EPS0=-0.1915／ROE0=-17.83% 非正
     1  EPS0=-0.4579／ROE0=-16.82% 非正
     1  EPS0=-0.4501／ROE0=-16.82% 非正
     1  EPS0=-0.4451／ROE0=-16.82% 非正
     1  EPS0=-0.4303／ROE0=-16.82% 非正
     1  EPS0=-0.0564／ROE0=-3.34% 非正
     1  EPS0=-0.0553／ROE0=-3.34% 非正
     1  EPS0=-0.0546／ROE0=-3.34% 非正
     1  EPS0=-0.0540／ROE0=-3.34% 非正
     1  EPS0=-0.2641／ROE0=-48.01% 非正
     1  EPS0=-0.1888／ROE0=-48.01% 非正
     1  EPS0=-0.0810／ROE0=-30.07% 非正
     1  EPS0=-0.1791／ROE0=-38.11% 非正
     1  EPS0=-0.0053／ROE0=-0.27% 非正
     1  EPS0=-0.0128／ROE0=-0.65% 非正
     1  EPS0=-0.0100／ROE0=-0.51% 非正
     1  EPS0=-0.0859／ROE0=-4.05% 非正
     1  EPS0=-0.0865／ROE0=-4.05% 非正
     1  EPS0=-0.1794／ROE0=-58.20% 非正
     1  EPS0=-0.1746／ROE0=-58.20% 非正
     1  EPS0=-0.1670／ROE0=-58.20% 非正
     1  EPS0=-0.4311／ROE0=-19.58% 非正
     1  EPS0=-0.1997／ROE0=-19.58% 非正
     1  EPS0=-0.2032／ROE0=-19.58% 非正
     1  EPS0=-0.2058／ROE0=-19.58% 非正
     1  EPS0=-0.4529／ROE0=-20.07% 非正
     1  EPS0=-0.4532／ROE0=-20.07% 非正
     1  EPS0=-0.4645／ROE0=-20.07% 非正
     1  EPS0=-0.4664／ROE0=-20.07% 非正
     1  EPS0=-0.0451／ROE0=-4.09% 非正
     1  EPS0=-0.0417／ROE0=-4.09% 非正
     1  EPS0=-0.0378／ROE0=-4.09% 非正
     1  EPS0=-0.0345／ROE0=-4.09% 非正
     1  EPS0=-0.0233／ROE0=-5.98% 非正
     1  EPS0=-0.0109／ROE0=-5.98% 非正
     1  EPS0=-0.1135／ROE0=-2.67% 非正
     1  EPS0=-0.0746／ROE0=-3.77% 非正
     1  EPS0=-0.0751／ROE0=-3.77% 非正
     1  EPS0=-0.0763／ROE0=-3.77% 非正
     1  EPS0=-0.0780／ROE0=-3.77% 非正
     1  EPS0=-0.1038／ROE0=-4.35% 非正
     1  EPS0=-0.0794／ROE0=-4.35% 非正
     1  EPS0=-0.1030／ROE0=-4.35% 非正
     1  EPS0=-0.1027／ROE0=-4.35% 非正
     1  EPS0=-0.0941／ROE0=-3.98% 非正
     1  EPS0=-0.0938／ROE0=-3.98% 非正
     1  EPS0=-0.1577／ROE0=-20.48% 非正
     1  EPS0=-0.0946／ROE0=-20.48% 非正
     1  EPS0=-0.1104／ROE0=-6.00% 非正
     1  EPS0=-0.1136／ROE0=-6.00% 非正
     1  EPS0=-0.1127／ROE0=-6.00% 非正
     1  EPS0=-0.1128／ROE0=-6.00% 非正
     1  EPS0=-0.0292／ROE0=-0.89% 非正
     1  EPS0=-0.0295／ROE0=-0.89% 非正
     1  EPS0=-0.3827／ROE0=-36.09% 非正
     1  EPS0=-0.3609／ROE0=-36.09% 非正
     1  EPS0=-0.3053／ROE0=-36.09% 非正
     1  EPS0=-0.2405／ROE0=-36.09% 非正
     1  EPS0=-0.0864／ROE0=-38.42% 非正
     1  EPS0=-0.0538／ROE0=-38.42% 非正
     1  EPS0=-0.0576／ROE0=-38.42% 非正
     1  EPS0=-0.0557／ROE0=-38.42% 非正
     1  EPS0=-0.0048／ROE0=-56.21% 非正
     1  EPS0=-0.0078／ROE0=-3.57% 非正
     1  EPS0=-0.0075／ROE0=-3.57% 非正
     1  EPS0=-0.2021／ROE0=-31.10% 非正
     1  EPS0=-0.1799／ROE0=-31.10% 非正
     1  EPS0=-0.1089／ROE0=-31.10% 非正
     1  EPS0=-0.1304／ROE0=-31.10% 非正
     1  EPS0=-0.1390／ROE0=-8.53% 非正
     1  EPS0=-0.1393／ROE0=-8.53% 非正
     1  EPS0=-0.1396／ROE0=-8.53% 非正
     1  EPS0=-0.1400／ROE0=-8.53% 非正
     1  EPS0=-0.1404／ROE0=-12.23% 非正
     1  EPS0=-0.1408／ROE0=-12.23% 非正
     1  EPS0=-0.1416／ROE0=-12.23% 非正
     1  EPS0=-0.0591／ROE0=-3.48% 非正
     1  EPS0=-0.0605／ROE0=-3.48% 非正
     1  EPS0=-0.2034／ROE0=-18.48% 非正
     1  EPS0=-0.2011／ROE0=-18.48% 非正
     1  EPS0=-0.1958／ROE0=-18.48% 非正
     1  EPS0=-0.1922／ROE0=-18.48% 非正
     1  EPS0=-0.4819／ROE0=-20.22% 非正
     1  EPS0=-0.4850／ROE0=-20.22% 非正
     1  EPS0=-0.4870／ROE0=-20.22% 非正
     1  EPS0=-0.4872／ROE0=-20.22% 非正
     1  EPS0=-0.0308／ROE0=-28.43% 非正
     1  EPS0=-0.0264／ROE0=-28.43% 非正
     1  EPS0=-0.0199／ROE0=-28.43% 非正
     1  EPS0=-0.0163／ROE0=-28.43% 非正
     1  EPS0=-0.0151／ROE0=-51.58% 非正
     1  EPS0=-0.0079／ROE0=-51.58% 非正
     1  EPS0=-0.3403／ROE0=-23.51% 非正
     1  EPS0=-0.3427／ROE0=-23.51% 非正
     1  EPS0=-0.3463／ROE0=-23.51% 非正
     1  EPS0=-0.3481／ROE0=-23.51% 非正
     1  EPS0=-0.3827／ROE0=-19.18% 非正
     1  EPS0=-0.3845／ROE0=-19.18% 非正
     1  EPS0=-0.3836／ROE0=-19.18% 非正
     1  EPS0=-0.2648／ROE0=-19.18% 非正
     1  EPS0=-0.1116／ROE0=-9.51% 非正
     1  EPS0=-0.1004／ROE0=-9.51% 非正
     1  EPS0=-0.0915／ROE0=-9.51% 非正
     1  EPS0=-0.0809／ROE0=-9.51% 非正
     1  EPS0=-0.0902／ROE0=-53.58% 非正
     1  EPS0=-0.0307／ROE0=-53.58% 非正
     1  EPS0=-0.0034／ROE0=-53.58% 非正
     1  EPS0=-0.0008／ROE0=-53.58% 非正
     1  EPS0=-0.4137／ROE0=-64.58% 非正
     1  EPS0=-0.0156／ROE0=-3.35% 非正
     1  EPS0=-0.0155／ROE0=-3.35% 非正
     1  EPS0=-0.0151／ROE0=-3.35% 非正
     1  EPS0=-0.0150／ROE0=-3.35% 非正
     1  EPS0=-0.2497／ROE0=-10.58% 非正
     1  EPS0=-0.2528／ROE0=-10.58% 非正
     1  EPS0=-0.2547／ROE0=-10.58% 非正
     1  EPS0=-0.2554／ROE0=-10.58% 非正
     1  EPS0=-0.0875／ROE0=-2.91% 非正
     1  EPS0=-0.0858／ROE0=-2.91% 非正
     1  EPS0=-0.0794／ROE0=-2.91% 非正
     1  EPS0=-0.2357／ROE0=-13.48% 非正
     1  EPS0=-0.2312／ROE0=-13.48% 非正
     1  EPS0=-0.2324／ROE0=-13.48% 非正
     1  EPS0=-0.2254／ROE0=-13.48% 非正
     1  EPS0=-0.0825／ROE0=-8.35% 非正
     1  EPS0=-0.0789／ROE0=-8.35% 非正
     1  EPS0=-0.1022／ROE0=-8.35% 非正
     1  EPS0=-0.0947／ROE0=-8.35% 非正
     1  EPS0=-0.2354／ROE0=-7.01% 非正
     1  EPS0=-0.2361／ROE0=-7.01% 非正
     1  EPS0=-0.2340／ROE0=-7.01% 非正
     1  EPS0=-0.2349／ROE0=-7.01% 非正
     1  EPS0=-0.2464／ROE0=-9.29% 非正
     1  EPS0=-0.2405／ROE0=-9.29% 非正
     1  EPS0=-0.2233／ROE0=-9.29% 非正
     1  EPS0=-0.2216／ROE0=-9.29% 非正
     1  EPS0=-0.2264／ROE0=-12.96% 非正
     1  EPS0=-0.2252／ROE0=-12.96% 非正
     1  EPS0=-0.2275／ROE0=-12.96% 非正
     1  EPS0=-0.2391／ROE0=-12.96% 非正
     1  EPS0=-0.1306／ROE0=-15.73% 非正
     1  EPS0=-0.1282／ROE0=-15.73% 非正
     1  EPS0=-0.0889／ROE0=-11.09% 非正
     1  EPS0=-0.1303／ROE0=-15.73% 非正
     1  EPS0=-0.1389／ROE0=-20.13% 非正
     1  EPS0=-0.1371／ROE0=-20.13% 非正
     1  EPS0=-0.1392／ROE0=-20.13% 非正
     1  EPS0=-0.1397／ROE0=-20.13% 非正
     1  EPS0=-0.1328／ROE0=-5.03% 非正
     1  EPS0=-0.1278／ROE0=-5.03% 非正
     1  EPS0=-0.1243／ROE0=-5.03% 非正
     1  EPS0=-0.1183／ROE0=-5.03% 非正
     1  EPS0=-0.3742／ROE0=-18.81% 非正
     1  EPS0=-0.3525／ROE0=-18.81% 非正
     1  EPS0=-0.3507／ROE0=-18.81% 非正
     1  EPS0=-0.3381／ROE0=-18.81% 非正
     1  EPS0=-0.7238／ROE0=-20.73% 非正
     1  EPS0=-0.7182／ROE0=-20.73% 非正
     1  EPS0=-0.7051／ROE0=-20.73% 非正
     1  EPS0=-0.6899／ROE0=-20.73% 非正
     1  EPS0=-0.0680／ROE0=-3.89% 非正
     1  EPS0=-0.0673／ROE0=-3.89% 非正
     1  EPS0=-0.0662／ROE0=-3.89% 非正
     1  EPS0=-0.0658／ROE0=-3.89% 非正
     1  EPS0=-0.1221／ROE0=-8.06% 非正
     1  EPS0=-0.0976／ROE0=-8.06% 非正
     1  EPS0=-0.0959／ROE0=-8.06% 非正
     1  EPS0=-0.0878／ROE0=-8.06% 非正
     1  EPS0=-0.1174／ROE0=-13.32% 非正
     1  EPS0=-0.1136／ROE0=-13.32% 非正
     1  EPS0=-0.1101／ROE0=-13.32% 非正
     1  EPS0=-0.2077／ROE0=-12.79% 非正
     1  EPS0=-0.1445／ROE0=-12.79% 非正
     1  EPS0=-0.1433／ROE0=-12.79% 非正
     1  EPS0=-0.1151／ROE0=-12.79% 非正
     1  EPS0=-0.0660／ROE0=-7.16% 非正
     1  EPS0=-0.0617／ROE0=-7.16% 非正
     1  EPS0=-0.0534／ROE0=-7.16% 非正
     1  EPS0=-0.0466／ROE0=-7.16% 非正
     1  EPS0=-0.2050／ROE0=-30.46% 非正
     1  EPS0=-0.1139／ROE0=-30.46% 非正
     1  EPS0=-0.0862／ROE0=-30.46% 非正
     1  EPS0=-0.0587／ROE0=-30.46% 非正
     1  EPS0=-0.0351／ROE0=-117.00% 非正
     1  EPS0=-0.0229／ROE0=-117.00% 非正
     1  EPS0=-0.0007／ROE0=-117.00% 非正
     1  EPS0=-0.0003／ROE0=-117.00% 非正
     1  EPS0=-0.0369／ROE0=-2.21% 非正
     1  EPS0=-0.0376／ROE0=-2.21% 非正
     1  EPS0=-0.1280／ROE0=-4.44% 非正
     1  EPS0=-0.0968／ROE0=-4.44% 非正
     1  EPS0=-0.1258／ROE0=-4.44% 非正
     1  EPS0=-0.1218／ROE0=-4.44% 非正
     1  EPS0=-0.2439／ROE0=-26.80% 非正
     1  EPS0=-0.1294／ROE0=-26.80% 非正
     1  EPS0=-0.1081／ROE0=-26.80% 非正
     1  EPS0=-0.0544／ROE0=-1.44% 非正
     1  EPS0=-0.0539／ROE0=-1.44% 非正
     1  EPS0=-0.0536／ROE0=-1.44% 非正
     1  EPS0=-0.0532／ROE0=-1.44% 非正
     1  EPS0=-0.0534／ROE0=-1.44% 非正
     1  EPS0=-0.0528／ROE0=-1.44% 非正
     1  EPS0=-0.0473／ROE0=-1.30% 非正
     1  EPS0=-0.0520／ROE0=-1.44% 非正
     1  EPS0=-0.0689／ROE0=-1.95% 非正
     1  EPS0=-0.0682／ROE0=-1.95% 非正
     1  EPS0=-0.0676／ROE0=-1.95% 非正
     1  EPS0=-0.0668／ROE0=-1.95% 非正
     1  EPS0=-0.0370／ROE0=-1.06% 非正
     1  EPS0=-0.0183／ROE0=-0.54% 非正
     1  EPS0=-0.0660／ROE0=-1.95% 非正
     1  EPS0=-0.0654／ROE0=-1.95% 非正
     1  EPS0=-0.0648／ROE0=-1.95% 非正
     1  EPS0=-0.0643／ROE0=-1.95% 非正
     1  EPS0=-0.0640／ROE0=-1.95% 非正
     1  EPS0=-0.0635／ROE0=-1.95% 非正
     1  EPS0=-0.0632／ROE0=-1.95% 非正
     1  EPS0=-0.0669／ROE0=-2.08% 非正
     1  EPS0=-0.0238／ROE0=-0.74% 非正
     1  EPS0=-0.0866／ROE0=-5.08% 非正
     1  EPS0=-0.0681／ROE0=-5.08% 非正
     1  EPS0=-0.0737／ROE0=-5.08% 非正
     1  EPS0=-0.0747／ROE0=-5.08% 非正
     1  EPS0=-0.0681／ROE0=-3.37% 非正
     1  EPS0=-0.0685／ROE0=-3.37% 非正
     1  EPS0=-0.0691／ROE0=-3.37% 非正
     1  EPS0=-0.1868／ROE0=-10.20% 非正
     1  EPS0=-0.1204／ROE0=-10.20% 非正
     1  EPS0=-0.0952／ROE0=-10.20% 非正
     1  EPS0=-0.0981／ROE0=-10.20% 非正
     1  EPS0=-0.3244／ROE0=-43.13% 非正
     1  EPS0=-0.3272／ROE0=-43.13% 非正
     1  EPS0=-0.1331／ROE0=-17.43% 非正
     1  EPS0=-0.3355／ROE0=-43.13% 非正
     1  EPS0=-0.0195／ROE0=-0.88% 非正
     1  EPS0=-0.0192／ROE0=-0.88% 非正
     1  EPS0=-0.0844／ROE0=-3.22% 非正
     1  EPS0=-0.0833／ROE0=-3.22% 非正
     1  EPS0=-0.0790／ROE0=-3.22% 非正
     1  EPS0=-0.0742／ROE0=-3.22% 非正
     1  EPS0=-0.2494／ROE0=-12.33% 非正
     1  EPS0=-0.2419／ROE0=-12.33% 非正
     1  EPS0=-0.2186／ROE0=-12.33% 非正
     1  EPS0=-0.2166／ROE0=-12.33% 非正
     1  EPS0=-0.1985／ROE0=-14.10% 非正
     1  EPS0=-0.1797／ROE0=-14.10% 非正
     1  EPS0=-0.1378／ROE0=-14.10% 非正
     1  EPS0=-0.0081／ROE0=-14.10% 非正
     1  EPS0=-0.0377／ROE0=-34.25% 非正
     1  EPS0=-0.0948／ROE0=-3.50% 非正
     1  EPS0=-0.0944／ROE0=-3.50% 非正
     1  EPS0=-0.0945／ROE0=-3.50% 非正
     1  EPS0=-0.0940／ROE0=-3.50% 非正
     1  EPS0=-0.0115／ROE0=-0.43% 非正
     1  EPS0=-0.2467／ROE0=-13.01% 非正
     1  EPS0=-0.2488／ROE0=-13.01% 非正
     1  EPS0=-0.2504／ROE0=-13.01% 非正
     1  EPS0=-0.2528／ROE0=-13.01% 非正
     1  EPS0=-0.3047／ROE0=-9.81% 非正
     1  EPS0=-0.3071／ROE0=-9.81% 非正
     1  EPS0=-0.3091／ROE0=-9.81% 非正
     1  EPS0=-0.3119／ROE0=-9.81% 非正
     1  EPS0=-0.0116／ROE0=-0.50% 非正
     1  EPS0=-0.0115／ROE0=-0.50% 非正
     1  EPS0=-0.0796／ROE0=-3.66% 非正
     1  EPS0=-0.0781／ROE0=-3.66% 非正
     1  EPS0=-0.0776／ROE0=-3.66% 非正
     1  EPS0=-0.0773／ROE0=-3.66% 非正
     1  EPS0=-0.2203／ROE0=-14.44% 非正
     1  EPS0=-0.2207／ROE0=-14.44% 非正
     1  EPS0=-0.2226／ROE0=-14.44% 非正
     1  EPS0=-0.2249／ROE0=-14.44% 非正
     1  EPS0=-0.0174／ROE0=-1.20% 非正
     1  EPS0=-0.0173／ROE0=-1.20% 非正
     1  EPS0=-0.0176／ROE0=-1.20% 非正
     1  EPS0=-0.0177／ROE0=-1.20% 非正
     1  EPS0=-0.0324／ROE0=-2.30% 非正
     1  EPS0=-0.0258／ROE0=-1.84% 非正
     1  EPS0=-0.0313／ROE0=-2.30% 非正
     1  EPS0=-0.0311／ROE0=-2.30% 非正
     1  EPS0=-0.0314／ROE0=-2.30% 非正
     1  EPS0=-0.1911／ROE0=-6.71% 非正
     1  EPS0=-0.1675／ROE0=-6.71% 非正
     1  EPS0=-0.1438／ROE0=-6.71% 非正
     1  EPS0=-0.1145／ROE0=-6.71% 非正
     1  EPS0=-0.2779／ROE0=-8.22% 非正
     1  EPS0=-0.2785／ROE0=-8.22% 非正
     1  EPS0=-0.2795／ROE0=-8.22% 非正
     1  EPS0=-0.2797／ROE0=-8.22% 非正
     1  EPS0=-0.0063／ROE0=-0.26% 非正
     1  EPS0=-0.0701／ROE0=-3.01% 非正
     1  EPS0=-0.0704／ROE0=-3.01% 非正
     1  EPS0=-0.0705／ROE0=-3.01% 非正
     1  EPS0=-0.0706／ROE0=-3.01% 非正
     1  EPS0=-0.1217／ROE0=-24.34% 非正
     1  EPS0=-0.1295／ROE0=-24.34% 非正
     1  EPS0=-0.1317／ROE0=-24.34% 非正
     1  EPS0=-0.1421／ROE0=-24.34% 非正
     1  EPS0=-0.0186／ROE0=-92.99% 非正
     1  EPS0=-0.0126／ROE0=-54.68% 非正
     1  EPS0=-0.0066／ROE0=-54.68% 非正
     1  EPS0=-0.0045／ROE0=-54.68% 非正
     1  EPS0=-0.0020／ROE0=-54.68% 非正
     1  EPS0=-0.2301／ROE0=-173.00% 非正
     1  EPS0=-0.2190／ROE0=-173.00% 非正
     1  EPS0=-0.0263／ROE0=-20.72% 非正
     1  EPS0=-0.0143／ROE0=-11.66% 非正
     1  EPS0=-0.0108／ROE0=-10.04% 非正
     1  EPS0=-0.0483／ROE0=-22.81% 非正
     1  EPS0=-0.0476／ROE0=-22.81% 非正
     1  EPS0=-0.0458／ROE0=-22.81% 非正
     1  EPS0=-0.0451／ROE0=-22.81% 非正
     1  EPS0=-0.0509／ROE0=-37.84% 非正
     1  EPS0=-0.0503／ROE0=-37.84% 非正
     1  EPS0=-0.0463／ROE0=-37.84% 非正
     1  EPS0=-0.0814／ROE0=-2.64% 非正
     1  EPS0=-0.0815／ROE0=-2.64% 非正
     1  EPS0=-0.0801／ROE0=-2.64% 非正
     1  EPS0=-0.0810／ROE0=-2.64% 非正
     1  EPS0=-0.1890／ROE0=-4.59% 非正
     1  EPS0=-0.1905／ROE0=-4.59% 非正
     1  EPS0=-0.1941／ROE0=-4.59% 非正
     1  EPS0=-0.1970／ROE0=-4.59% 非正
     1  EPS0=-0.0596／ROE0=-1.62% 非正
     1  EPS0=-0.0598／ROE0=-1.62% 非正
     1  EPS0=-0.3390／ROE0=-15.14% 非正
     1  EPS0=-0.3408／ROE0=-15.14% 非正
     1  EPS0=-0.3432／ROE0=-15.14% 非正
     1  EPS0=-0.3524／ROE0=-15.14% 非正
     1  EPS0=-0.1161／ROE0=-2.71% 非正
     1  EPS0=-0.1136／ROE0=-2.71% 非正
     1  EPS0=-0.1075／ROE0=-2.71% 非正
     1  EPS0=-0.0019／ROE0=-0.08% 非正
     1  EPS0=-0.1601／ROE0=-4.29% 非正
     1  EPS0=-0.1561／ROE0=-4.29% 非正
     1  EPS0=-0.1625／ROE0=-4.29% 非正
     1  EPS0=-0.1665／ROE0=-4.29% 非正
     1  EPS0=-0.0074／ROE0=-0.13% 非正
     1  EPS0=-0.0340／ROE0=-0.59% 非正
     1  EPS0=-0.1405／ROE0=-8.95% 非正
     1  EPS0=-0.1378／ROE0=-8.95% 非正
     1  EPS0=-0.2584／ROE0=-24.15% 非正
     1  EPS0=-0.2569／ROE0=-24.15% 非正
     1  EPS0=-0.2660／ROE0=-24.15% 非正
     1  EPS0=-0.2685／ROE0=-24.15% 非正
     1  EPS0=-0.2089／ROE0=-2.51% 非正
     1  EPS0=-0.1445／ROE0=-2.51% 非正
     1  EPS0=-0.1395／ROE0=-2.51% 非正
     1  EPS0=-0.9946／ROE0=-20.05% 非正
     1  EPS0=-0.9613／ROE0=-20.05% 非正
     1  EPS0=-0.7186／ROE0=-14.99% 非正
     1  EPS0=-0.2904／ROE0=-6.01% 非正
     1  EPS0=-0.5034／ROE0=-16.54% 非正
     1  EPS0=-0.4928／ROE0=-16.54% 非正
     1  EPS0=-0.4760／ROE0=-16.54% 非正
     1  EPS0=-0.3645／ROE0=-16.54% 非正
     1  EPS0=-0.2088／ROE0=-32.84% 非正
     1  EPS0=-0.1589／ROE0=-32.84% 非正
     1  EPS0=-0.0687／ROE0=-32.84% 非正
     1  EPS0=-0.0097／ROE0=-32.84% 非正
     1  EPS0=-0.3758／ROE0=-16.30% 非正
     1  EPS0=-0.3597／ROE0=-16.30% 非正
     1  EPS0=-0.3321／ROE0=-16.30% 非正
     1  EPS0=-0.3219／ROE0=-16.30% 非正
     1  EPS0=-0.4301／ROE0=-43.14% 非正
     1  EPS0=-0.3981／ROE0=-43.14% 非正
     1  EPS0=-0.0815／ROE0=-43.14% 非正
     1  EPS0=-0.0291／ROE0=-50.51% 非正
     1  EPS0=-0.0026／ROE0=-50.51% 非正
     1  EPS0=-0.0706／ROE0=-3.38% 非正
     1  EPS0=-0.0709／ROE0=-3.38% 非正
     1  EPS0=-0.0695／ROE0=-3.38% 非正
     1  EPS0=-0.1720／ROE0=-47.79% 非正
     1  EPS0=-0.1181／ROE0=-47.79% 非正
     1  EPS0=-0.0837／ROE0=-47.79% 非正
     1  EPS0=-0.0447／ROE0=-1.84% 非正
     1  EPS0=-0.0444／ROE0=-1.84% 非正
     1  EPS0=-0.0440／ROE0=-1.84% 非正
     1  EPS0=-0.0439／ROE0=-1.84% 非正
     1  EPS0=-0.2674／ROE0=-21.92% 非正
     1  EPS0=-0.2638／ROE0=-21.92% 非正
     1  EPS0=-0.0958／ROE0=-21.92% 非正
     1  EPS0=-0.0853／ROE0=-21.92% 非正
     1  EPS0=-0.0145／ROE0=-0.64% 非正
     1  EPS0=-0.0146／ROE0=-0.64% 非正
     1  EPS0=-0.0152／ROE0=-0.64% 非正
     1  EPS0=-0.6589／ROE0=-13.93% 非正
     1  EPS0=-0.6581／ROE0=-13.93% 非正
     1  EPS0=-0.6572／ROE0=-13.93% 非正
     1  EPS0=-0.6603／ROE0=-13.93% 非正
     1  EPS0=-0.5626／ROE0=-39.07% 非正
     1  EPS0=-0.5770／ROE0=-39.07% 非正
     1  EPS0=-0.6194／ROE0=-39.07% 非正
     1  EPS0=-0.6204／ROE0=-39.07% 非正
     1  EPS0=-0.1059／ROE0=-2.63% 非正
     1  EPS0=-0.1048／ROE0=-2.63% 非正
     1  EPS0=-0.1038／ROE0=-2.63% 非正
     1  EPS0=-0.1050／ROE0=-2.63% 非正
     1  EPS0=-0.2603／ROE0=-8.15% 非正
     1  EPS0=-0.2575／ROE0=-8.15% 非正
     1  EPS0=-0.2666／ROE0=-8.15% 非正
     1  EPS0=-0.1567／ROE0=-4.65% 非正
     1  EPS0=-0.0600／ROE0=-3.61% 非正
     1  EPS0=-0.0592／ROE0=-3.61% 非正
     1  EPS0=-0.0568／ROE0=-3.61% 非正
     1  EPS0=-0.0551／ROE0=-3.61% 非正
     1  EPS0=-0.1428／ROE0=-13.04% 非正
     1  EPS0=-0.1449／ROE0=-13.04% 非正
     1  EPS0=-0.1235／ROE0=-13.04% 非正
     1  EPS0=-0.1186／ROE0=-13.04% 非正
     1  EPS0=-0.1311／ROE0=-21.19% 非正
     1  EPS0=-0.1294／ROE0=-21.19% 非正
     1  EPS0=-0.1329／ROE0=-21.19% 非正
     1  EPS0=-0.1299／ROE0=-21.19% 非正
     1  EPS0=-0.1186／ROE0=-31.04% 非正
     1  EPS0=-0.1176／ROE0=-31.04% 非正
     1  EPS0=-0.1174／ROE0=-31.04% 非正
     1  EPS0=-0.1133／ROE0=-31.04% 非正
     1  EPS0=-0.1062／ROE0=-40.41% 非正
     1  EPS0=-0.1138／ROE0=-40.41% 非正
     1  EPS0=-0.1131／ROE0=-40.41% 非正
     1  EPS0=-0.1092／ROE0=-40.41% 非正
     1  EPS0=-0.0208／ROE0=-5.86% 非正
     1  EPS0=-0.0204／ROE0=-5.86% 非正
     1  EPS0=-0.0998／ROE0=-8.05% 非正
     1  EPS0=-0.1026／ROE0=-8.05% 非正
     1  EPS0=-0.1696／ROE0=-19.95% 非正
     1  EPS0=-0.1673／ROE0=-19.95% 非正
     1  EPS0=-0.0272／ROE0=-2.93% 非正
     1  EPS0=-0.1886／ROE0=-19.95% 非正
     1  EPS0=-0.0196／ROE0=-2.09% 非正
     1  EPS0=-0.4061／ROE0=-10.92% 非正
     1  EPS0=-0.2933／ROE0=-10.92% 非正
     1  EPS0=-0.2917／ROE0=-10.92% 非正
     1  EPS0=-0.2983／ROE0=-10.92% 非正
     1  EPS0=-0.0718／ROE0=-2.91% 非正
     1  EPS0=-0.0716／ROE0=-2.91% 非正
     1  EPS0=-0.0501／ROE0=-2.01% 非正
     1  EPS0=-0.0719／ROE0=-2.91% 非正
     1  EPS0=-0.1760／ROE0=-8.15% 非正
     1  EPS0=-0.1735／ROE0=-8.15% 非正
     1  EPS0=-0.1740／ROE0=-8.15% 非正
     1  EPS0=-0.1764／ROE0=-8.15% 非正
     1  EPS0=-0.2062／ROE0=-20.22% 非正
     1  EPS0=-0.1907／ROE0=-20.22% 非正
     1  EPS0=-0.1666／ROE0=-20.22% 非正
     1  EPS0=-0.1295／ROE0=-20.22% 非正
     1  EPS0=-0.2003／ROE0=-51.37% 非正
     1  EPS0=-0.1207／ROE0=-51.37% 非正
     1  EPS0=-0.1423／ROE0=-51.37% 非正
     1  EPS0=-0.0161／ROE0=-4.73% 非正
     1  EPS0=-0.1073／ROE0=-5.11% 非正
     1  EPS0=-0.1074／ROE0=-5.11% 非正
     1  EPS0=-0.1118／ROE0=-5.11% 非正
     1  EPS0=-0.0041／ROE0=-0.19% 非正
     1  EPS0=-0.0699／ROE0=-0.73% 非正
     1  EPS0=-0.0731／ROE0=-0.73% 非正
     1  EPS0=-0.0691／ROE0=-0.73% 非正
     1  EPS0=-0.0670／ROE0=-0.73% 非正
     1  EPS0=-0.2913／ROE0=-3.19% 非正
     1  EPS0=-0.1515／ROE0=-1.55% 非正
     1  EPS0=-0.0286／ROE0=-1.66% 非正
     1  EPS0=-0.0272／ROE0=-1.66% 非正
     1  EPS0=-0.0259／ROE0=-1.66% 非正
     1  EPS0=-0.0271／ROE0=-1.66% 非正
     1  EPS0=-0.1936／ROE0=-7.65% 非正
     1  EPS0=-0.1944／ROE0=-7.65% 非正
     1  EPS0=-0.2938／ROE0=-46.64% 非正
     1  EPS0=-0.2961／ROE0=-46.64% 非正
     1  EPS0=-0.3027／ROE0=-46.64% 非正
     1  EPS0=-0.3042／ROE0=-46.64% 非正
     1  EPS0=-0.2513／ROE0=-24.64% 非正
     1  EPS0=-0.2169／ROE0=-24.64% 非正
     1  EPS0=-0.1500／ROE0=-24.64% 非正
     1  EPS0=-0.1200／ROE0=-24.64% 非正
     1  EPS0=-0.0333／ROE0=-1.19% 非正
     1  EPS0=-0.0336／ROE0=-1.19% 非正
     1  EPS0=-0.0334／ROE0=-1.19% 非正
     1  EPS0=-0.0335／ROE0=-1.19% 非正
     1  EPS0=-0.2496／ROE0=-47.33% 非正
     1  EPS0=-0.2623／ROE0=-47.33% 非正
     1  EPS0=-0.2754／ROE0=-47.33% 非正
     1  EPS0=-0.3390／ROE0=-47.33% 非正
     1  EPS0=-0.0149／ROE0=-1.65% 非正
     1  EPS0=-0.0148／ROE0=-1.65% 非正
     1  EPS0=-0.0569／ROE0=-6.65% 非正
     1  EPS0=-0.0103／ROE0=-0.29% 非正
     1  EPS0=-0.0105／ROE0=-0.29% 非正
     1  EPS0=-0.1295／ROE0=-2.10% 非正
     1  EPS0=-0.1156／ROE0=-2.10% 非正
     1  EPS0=-0.1095／ROE0=-2.10% 非正
     1  EPS0=-0.1684／ROE0=-6.25% 非正
     1  EPS0=-0.1531／ROE0=-6.25% 非正
     1  EPS0=-0.1604／ROE0=-6.25% 非正
     1  EPS0=-0.1704／ROE0=-6.25% 非正
     1  EPS0=-0.2704／ROE0=-9.66% 非正
     1  EPS0=-0.2504／ROE0=-9.66% 非正
     1  EPS0=-0.2607／ROE0=-9.66% 非正
     1  EPS0=-0.2783／ROE0=-9.66% 非正
     1  EPS0=-0.3692／ROE0=-21.76% 非正
     1  EPS0=-0.2002／ROE0=-21.76% 非正
     1  EPS0=-0.1856／ROE0=-21.76% 非正
     1  EPS0=-0.1738／ROE0=-21.76% 非正
     1  EPS0=-0.0144／ROE0=-26.63% 非正
     1  EPS0=-0.1993／ROE0=-18.00% 非正
     1  EPS0=-0.1488／ROE0=-2.52% 非正
     1  EPS0=-0.1471／ROE0=-2.52% 非正
     1  EPS0=-0.1465／ROE0=-2.52% 非正
     1  EPS0=-0.1452／ROE0=-2.52% 非正
     1  EPS0=-0.2979／ROE0=-5.59% 非正
     1  EPS0=-0.2871／ROE0=-5.45% 非正
     1  EPS0=-0.2907／ROE0=-5.59% 非正
     1  EPS0=-0.0399／ROE0=-1.57% 非正
     1  EPS0=-0.0400／ROE0=-1.57% 非正
     1  EPS0=-0.0481／ROE0=-2.00% 非正
     1  EPS0=-0.0478／ROE0=-2.00% 非正
     1  EPS0=-0.0463／ROE0=-2.00% 非正
     1  EPS0=-0.0344／ROE0=-1.37% 非正
     1  EPS0=-0.0346／ROE0=-1.37% 非正
     1  EPS0=-0.0348／ROE0=-1.37% 非正
     1  EPS0=-0.0350／ROE0=-1.37% 非正
     1  EPS0=-0.1084／ROE0=-5.47% 非正
     1  EPS0=-0.1418／ROE0=-5.47% 非正
     1  EPS0=-0.1419／ROE0=-5.47% 非正
     1  EPS0=-0.1425／ROE0=-5.47% 非正
     1  EPS0=-0.9721／ROE0=-36.53% 非正
     1  EPS0=-0.9832／ROE0=-36.53% 非正
     1  EPS0=-0.9604／ROE0=-36.53% 非正
     1  EPS0=-0.8520／ROE0=-36.53% 非正
     1  EPS0=-0.2664／ROE0=-25.13% 非正
     1  EPS0=-0.2400／ROE0=-25.13% 非正
     1  EPS0=-0.0752／ROE0=-1.75% 非正
     1  EPS0=-0.0776／ROE0=-1.75% 非正
     1  EPS0=-0.3336／ROE0=-9.61% 非正
     1  EPS0=-0.3313／ROE0=-9.61% 非正
     1  EPS0=-0.3349／ROE0=-9.61% 非正
     1  EPS0=-0.2404／ROE0=-9.61% 非正
     1  EPS0=-0.1924／ROE0=-53.30% 非正
     1  EPS0=-0.1872／ROE0=-53.30% 非正
     1  EPS0=-0.1804／ROE0=-53.30% 非正
     1  EPS0=-0.1778／ROE0=-53.30% 非正
     1  EPS0=-0.0284／ROE0=-26.52% 非正
     1  EPS0=-0.0268／ROE0=-26.52% 非正
     1  EPS0=-0.0223／ROE0=-26.52% 非正
     1  EPS0=-0.0201／ROE0=-26.52% 非正
     1  EPS0=-0.0237／ROE0=-30.02% 非正
     1  EPS0=-0.0223／ROE0=-30.02% 非正
     1  EPS0=-0.3364／ROE0=-819.42% 非正
     1  EPS0=-0.3219／ROE0=-819.42% 非正
     1  EPS0=-0.0457／ROE0=-819.42% 非正
     1  EPS0=-0.0343／ROE0=-819.42% 非正
     1  EPS0=-0.1953／ROE0=-32.02% 非正
     1  EPS0=-0.1776／ROE0=-32.02% 非正
     1  EPS0=-0.1189／ROE0=-32.02% 非正
     1  EPS0=-0.0861／ROE0=-32.02% 非正
     1  EPS0=-0.2479／ROE0=-13.01% 非正
     1  EPS0=-0.2503／ROE0=-13.01% 非正
     1  EPS0=-0.2494／ROE0=-13.01% 非正
     1  EPS0=-0.2558／ROE0=-13.01% 非正
     1  EPS0=-0.2244／ROE0=-19.64% 非正
     1  EPS0=-0.2274／ROE0=-19.64% 非正
     1  EPS0=-0.2276／ROE0=-19.64% 非正
     1  EPS0=-0.2135／ROE0=-19.64% 非正
     1  EPS0=-0.2162／ROE0=-24.11% 非正
     1  EPS0=-0.2152／ROE0=-24.11% 非正
     1  EPS0=-0.2146／ROE0=-24.11% 非正
     1  EPS0=-0.1918／ROE0=-22.29% 非正
     1  EPS0=-0.1561／ROE0=-24.11% 非正
     1  EPS0=-0.1462／ROE0=-24.11% 非正
     1  EPS0=-0.1204／ROE0=-24.11% 非正
     1  零增长股权价值 -1.10 ≤ 0
     1  零增长股权价值 -1.11 ≤ 0
     1  零增长股权价值 -0.97 ≤ 0
     1  零增长股权价值 -1.01 ≤ 0
     1  EPS0=-0.0359／ROE0=-3.28% 非正
     1  EPS0=-0.0345／ROE0=-3.28% 非正
     1  EPS0=-0.0350／ROE0=-3.28% 非正
     1  EPS0=-0.0352／ROE0=-3.28% 非正
     1  EPS0=-0.0625／ROE0=-9.63% 非正
     1  EPS0=-0.0615／ROE0=-9.63% 非正
     1  EPS0=-0.0613／ROE0=-9.63% 非正
     1  EPS0=-0.0605／ROE0=-9.63% 非正
     1  EPS0=-0.2184／ROE0=-3.33% 非正
     1  EPS0=-0.2209／ROE0=-3.33% 非正
     1  EPS0=-0.1532／ROE0=-2.31% 非正
     1  EPS0=-0.2248／ROE0=-3.76% 非正
     1  EPS0=-0.2217／ROE0=-3.76% 非正
     1  EPS0=-0.2264／ROE0=-3.76% 非正
     1  EPS0=-0.2299／ROE0=-3.76% 非正
     1  EPS0=-0.4219／ROE0=-8.85% 非正
     1  EPS0=-0.4081／ROE0=-8.85% 非正
     1  EPS0=-0.4026／ROE0=-8.85% 非正
     1  EPS0=-0.1452／ROE0=-8.02% 非正
     1  EPS0=-0.1466／ROE0=-8.02% 非正
     1  EPS0=-0.1032／ROE0=-5.36% 非正
     1  EPS0=-0.2021／ROE0=-3.71% 非正
     1  EPS0=-0.2033／ROE0=-3.71% 非正
     1  EPS0=-0.1956／ROE0=-12.68% 非正
     1  EPS0=-0.1959／ROE0=-12.68% 非正
     1  EPS0=-0.1962／ROE0=-12.68% 非正
     1  EPS0=-0.1965／ROE0=-12.68% 非正
     1  EPS0=-0.1698／ROE0=-8.08% 非正
     1  EPS0=-0.1676／ROE0=-8.08% 非正
     1  EPS0=-0.1623／ROE0=-8.08% 非正
     1  EPS0=-0.1541／ROE0=-8.08% 非正
     1  EPS0=-0.2800／ROE0=-19.26% 非正
     1  EPS0=-0.2791／ROE0=-19.26% 非正
     1  EPS0=-0.2700／ROE0=-19.26% 非正
     1  EPS0=-0.2476／ROE0=-19.26% 非正
     1  EPS0=-0.3288／ROE0=-39.17% 非正
     1  EPS0=-0.3238／ROE0=-39.17% 非正
     1  EPS0=-0.2999／ROE0=-39.17% 非正
     1  EPS0=-0.2656／ROE0=-39.17% 非正
     1  EPS0=-0.1591／ROE0=-47.24% 非正
     1  EPS0=-0.1497／ROE0=-47.24% 非正
     1  EPS0=-0.1178／ROE0=-47.24% 非正
     1  EPS0=-0.0816／ROE0=-5.71% 非正
     1  EPS0=-0.0789／ROE0=-5.71% 非正
     1  EPS0=-0.0768／ROE0=-5.71% 非正
     1  EPS0=-0.0743／ROE0=-5.71% 非正
     1  EPS0=-0.1539／ROE0=-12.94% 非正
     1  EPS0=-0.1525／ROE0=-12.94% 非正
     1  EPS0=-0.1551／ROE0=-12.94% 非正
     1  EPS0=-0.1577／ROE0=-12.94% 非正
     1  EPS0=-0.0540／ROE0=-4.66% 非正
     1  EPS0=-0.0541／ROE0=-4.66% 非正
     1  EPS0=-0.0542／ROE0=-4.66% 非正
     1  EPS0=-0.0545／ROE0=-4.66% 非正
     1  EPS0=-0.1565／ROE0=-82.34% 非正
     1  EPS0=-0.1324／ROE0=-82.34% 非正
     1  EPS0=-0.1182／ROE0=-82.34% 非正
     1  EPS0=-0.0905／ROE0=-82.34% 非正
     1  EPS0=-0.1901／ROE0=-10.73% 非正
     1  EPS0=-0.1903／ROE0=-10.73% 非正
     1  EPS0=-0.2070／ROE0=-10.73% 非正
     1  EPS0=-0.1994／ROE0=-10.73% 非正
     1  EPS0=-0.0815／ROE0=-43.52% 非正
     1  EPS0=-0.0821／ROE0=-43.52% 非正
     1  EPS0=-0.0752／ROE0=-43.52% 非正
     1  EPS0=-0.0032／ROE0=-43.52% 非正
     1  EPS0=-0.0114／ROE0=-43.49% 非正
     1  EPS0=-0.2188／ROE0=-5.84% 非正
     1  EPS0=-0.2206／ROE0=-5.84% 非正
     1  EPS0=-0.2242／ROE0=-5.84% 非正
     1  EPS0=-0.2228／ROE0=-5.84% 非正
     1  EPS0=-0.3966／ROE0=-14.44% 非正
     1  EPS0=-0.3922／ROE0=-14.44% 非正
     1  EPS0=-0.4192／ROE0=-14.44% 非正
     1  EPS0=-0.4119／ROE0=-14.44% 非正
     1  EPS0=-0.4028／ROE0=-28.46% 非正
     1  EPS0=-0.3984／ROE0=-28.46% 非正
     1  EPS0=-0.3932／ROE0=-28.46% 非正
     1  EPS0=-0.0897／ROE0=-76.47% 非正
     1  EPS0=-0.0030／ROE0=-12.93% 非正
     1  EPS0=-0.0061／ROE0=-12.93% 非正
     1  EPS0=-0.0109／ROE0=-12.93% 非正
     1  EPS0=-0.0077／ROE0=-12.93% 非正
     1  EPS0=-0.2069／ROE0=-6.08% 非正
     1  EPS0=-0.1982／ROE0=-6.08% 非正
     1  EPS0=-0.1846／ROE0=-6.08% 非正
     1  EPS0=-0.1705／ROE0=-6.08% 非正
     1  EPS0=-0.4707／ROE0=-36.44% 非正
     1  EPS0=-0.4440／ROE0=-36.44% 非正
     1  EPS0=-0.4597／ROE0=-36.44% 非正
     1  EPS0=-0.4413／ROE0=-36.44% 非正
     1  EPS0=-0.0304／ROE0=-15.40% 非正
     1  EPS0=-0.0309／ROE0=-15.40% 非正
     1  EPS0=-0.0202／ROE0=-15.40% 非正
     1  EPS0=-0.0000／ROE0=-15.40% 非正
     1  EPS0=-0.1202／ROE0=-49.25% 非正
     1  EPS0=-0.1335／ROE0=-2.92% 非正
     1  EPS0=-0.1314／ROE0=-2.92% 非正
     1  EPS0=-0.0547／ROE0=-1.24% 非正
     1  EPS0=-0.0559／ROE0=-1.24% 非正
     1  EPS0=-0.0561／ROE0=-1.24% 非正
     1  EPS0=-0.0562／ROE0=-1.24% 非正
     1  EPS0=-0.2398／ROE0=-21.41% 非正
     1  EPS0=-0.2437／ROE0=-21.41% 非正
     1  EPS0=-0.2101／ROE0=-21.41% 非正
     1  EPS0=-0.2104／ROE0=-21.41% 非正
     1  EPS0=-0.1044／ROE0=-76.24% 非正
     1  EPS0=-0.1340／ROE0=-76.24% 非正
     1  EPS0=-0.0530／ROE0=-76.24% 非正
     1  EPS0=-0.0748／ROE0=-76.24% 非正
     1  EPS0=-0.2783／ROE0=-25.14% 非正
     1  EPS0=-0.0556／ROE0=-3.16% 非正
     1  EPS0=-0.0512／ROE0=-3.16% 非正
     1  EPS0=-0.1594／ROE0=-10.99% 非正
     1  EPS0=-0.1607／ROE0=-10.99% 非正
     1  EPS0=-0.1612／ROE0=-10.99% 非正
     1  EPS0=-0.1535／ROE0=-10.43% 非正
     1  EPS0=-0.3996／ROE0=-15.20% 非正
     1  EPS0=-0.4211／ROE0=-15.20% 非正
     1  EPS0=-0.1608／ROE0=-5.59% 非正
     1  EPS0=-0.1696／ROE0=-5.59% 非正
     1  EPS0=-0.0653／ROE0=-2.31% 非正
     1  EPS0=-0.0656／ROE0=-2.31% 非正
     1  EPS0=-0.0515／ROE0=-2.31% 非正
     1  EPS0=-0.0315／ROE0=-2.31% 非正
     1  EPS0=-0.0863／ROE0=-9.69% 非正
     1  EPS0=-0.0807／ROE0=-9.69% 非正
     1  EPS0=-0.0763／ROE0=-9.69% 非正
     1  EPS0=-0.0728／ROE0=-9.69% 非正
     1  EPS0=-0.0849／ROE0=-14.84% 非正
     1  EPS0=-0.0787／ROE0=-14.84% 非正
     1  EPS0=-0.0744／ROE0=-14.84% 非正
     1  EPS0=-0.0691／ROE0=-14.84% 非正
     1  EPS0=-0.1098／ROE0=-21.73% 非正
     1  EPS0=-0.0827／ROE0=-21.73% 非正
     1  EPS0=-0.0771／ROE0=-21.73% 非正
     1  EPS0=-0.0648／ROE0=-21.73% 非正
     1  EPS0=-0.0866／ROE0=-29.69% 非正
     1  EPS0=-0.0600／ROE0=-29.69% 非正
     1  EPS0=-0.0510／ROE0=-29.69% 非正
     1  EPS0=-0.0515／ROE0=-29.69% 非正
     1  EPS0=-0.0778／ROE0=-3.46% 非正
     1  EPS0=-0.0758／ROE0=-3.46% 非正
     1  EPS0=-0.0768／ROE0=-3.46% 非正
     1  EPS0=-0.0767／ROE0=-3.46% 非正
     1  EPS0=-0.1096／ROE0=-4.83% 非正
     1  EPS0=-0.1065／ROE0=-4.83% 非正
     1  EPS0=-0.1004／ROE0=-4.83% 非正
     1  EPS0=-0.0948／ROE0=-4.83% 非正
     1  EPS0=-0.0238／ROE0=-0.59% 非正
     1  EPS0=-0.0239／ROE0=-0.59% 非正
     1  EPS0=-0.0242／ROE0=-0.59% 非正
     1  EPS0=-0.0220／ROE0=-0.59% 非正
     1  EPS0=-0.0971／ROE0=-3.28% 非正
     1  EPS0=-0.0967／ROE0=-3.28% 非正
     1  EPS0=-0.0949／ROE0=-3.28% 非正
     1  EPS0=-0.0945／ROE0=-3.28% 非正
     1  EPS0=-0.4843／ROE0=-8.18% 非正
     1  EPS0=-0.4794／ROE0=-8.18% 非正
     1  EPS0=-0.4504／ROE0=-8.18% 非正
     1  EPS0=-0.4396／ROE0=-8.18% 非正
     1  EPS0=-0.8637／ROE0=-25.64% 非正
     1  EPS0=-0.8423／ROE0=-25.64% 非正
     1  EPS0=-0.4881／ROE0=-25.64% 非正
     1  EPS0=-0.0372／ROE0=-2.55% 非正
     1  EPS0=-0.0388／ROE0=-2.55% 非正
     1  EPS0=-0.0180／ROE0=-1.05% 非正
     1  EPS0=-0.0454／ROE0=-2.55% 非正
     1  EPS0=-0.0721／ROE0=-3.62% 非正
     1  EPS0=-0.0676／ROE0=-3.62% 非正
     1  EPS0=-0.0623／ROE0=-3.62% 非正
     1  EPS0=-0.0564／ROE0=-3.62% 非正
     1  EPS0=-0.2706／ROE0=-28.45% 非正
     1  EPS0=-0.2248／ROE0=-28.45% 非正
     1  EPS0=-0.1748／ROE0=-28.45% 非正
     1  EPS0=-0.1183／ROE0=-28.45% 非正
     1  EPS0=-0.0051／ROE0=-14.03% 非正
     1  EPS0=-0.2546／ROE0=-9.31% 非正
     1  EPS0=-0.2547／ROE0=-9.31% 非正
     1  EPS0=-0.2552／ROE0=-9.31% 非正
     1  EPS0=-0.2554／ROE0=-9.31% 非正
     1  EPS0=-0.3534／ROE0=-17.02% 非正
     1  EPS0=-0.3537／ROE0=-17.02% 非正
     1  EPS0=-0.3553／ROE0=-17.02% 非正
     1  EPS0=-0.3567／ROE0=-17.02% 非正
     1  EPS0=-0.0742／ROE0=-2.07% 非正
     1  EPS0=-0.0770／ROE0=-2.07% 非正
     1  EPS0=-0.0649／ROE0=-1.75% 非正
     1  EPS0=-0.0760／ROE0=-2.07% 非正
     1  EPS0=-0.1067／ROE0=-3.38% 非正
     1  EPS0=-0.1065／ROE0=-3.38% 非正
     1  EPS0=-0.1052／ROE0=-3.38% 非正
     1  EPS0=-0.0996／ROE0=-3.38% 非正
     1  EPS0=-0.1168／ROE0=-4.46% 非正
     1  EPS0=-0.1185／ROE0=-4.46% 非正
     1  EPS0=-0.1139／ROE0=-4.46% 非正
     1  EPS0=-0.1194／ROE0=-4.46% 非正
     1  EPS0=-0.2940／ROE0=-14.94% 非正
     1  EPS0=-0.2805／ROE0=-14.94% 非正
     1  EPS0=-0.2730／ROE0=-14.94% 非正
     1  EPS0=-0.0345／ROE0=-1.86% 非正
     1  EPS0=-0.0318／ROE0=-1.86% 非正
     1  EPS0=-0.0286／ROE0=-1.86% 非正
     1  EPS0=-0.0273／ROE0=-1.86% 非正
     1  EPS0=-0.3373／ROE0=-22.66% 非正
     1  EPS0=-0.3300／ROE0=-22.66% 非正
     1  EPS0=-0.3401／ROE0=-22.66% 非正
     1  EPS0=-0.3622／ROE0=-22.66% 非正
     1  EPS0=-0.3069／ROE0=-22.97% 非正
     1  EPS0=-0.2978／ROE0=-22.97% 非正
     1  EPS0=-0.2997／ROE0=-22.97% 非正
     1  EPS0=-0.3170／ROE0=-22.97% 非正
     1  EPS0=-0.0863／ROE0=-11.67% 非正
     1  EPS0=-0.0810／ROE0=-11.67% 非正
     1  EPS0=-0.0765／ROE0=-11.67% 非正
     1  EPS0=-0.0770／ROE0=-11.67% 非正
     1  EPS0=-0.1859／ROE0=-4.09% 非正
     1  EPS0=-0.1829／ROE0=-4.09% 非正
     1  EPS0=-0.1826／ROE0=-4.09% 非正
     1  EPS0=-0.1833／ROE0=-4.09% 非正
     1  零增长股权价值 -2.49 ≤ 0
     1  零增长股权价值 -2.44 ≤ 0
     1  零增长股权价值 -2.36 ≤ 0
     1  零增长股权价值 -8.22 ≤ 0
     1  零增长股权价值 -5.68 ≤ 0
     1  零增长股权价值 -0.77 ≤ 0
     1  EPS0=-0.0396／ROE0=-2.62% 非正
     1  EPS0=-0.0007／ROE0=-4.60% 非正
     1  EPS0=-0.0057／ROE0=-4.60% 非正
     1  EPS0=-0.0066／ROE0=-4.60% 非正
     1  EPS0=-0.7042／ROE0=-31.37% 非正
     1  EPS0=-0.3284／ROE0=-31.37% 非正
     1  EPS0=-0.3168／ROE0=-31.37% 非正
     1  EPS0=-0.2909／ROE0=-31.37% 非正
     1  EPS0=-0.1322／ROE0=-11.97% 非正
     1  EPS0=-0.1518／ROE0=-11.97% 非正
     1  EPS0=-0.1885／ROE0=-11.97% 非正
     1  EPS0=-0.1434／ROE0=-4.15% 非正
     1  EPS0=-0.1371／ROE0=-4.15% 非正
     1  EPS0=-0.1301／ROE0=-4.15% 非正
     1  EPS0=-0.1282／ROE0=-4.15% 非正
     1  EPS0=-0.2978／ROE0=-9.78% 非正
     1  EPS0=-0.2877／ROE0=-9.78% 非正
     1  EPS0=-0.2768／ROE0=-9.78% 非正
     1  EPS0=-0.2708／ROE0=-9.78% 非正
     1  EPS0=-0.5048／ROE0=-26.77% 非正
     1  EPS0=-0.4804／ROE0=-26.77% 非正
     1  EPS0=-0.4602／ROE0=-26.77% 非正
     1  EPS0=-0.0375／ROE0=-3.26% 非正
     1  EPS0=-0.0380／ROE0=-3.26% 非正
     1  EPS0=-0.0391／ROE0=-3.26% 非正
     1  EPS0=-0.0398／ROE0=-3.26% 非正
     1  EPS0=-0.0929／ROE0=-10.05% 非正
     1  EPS0=-0.0813／ROE0=-10.05% 非正
     1  EPS0=-0.0830／ROE0=-10.05% 非正
     1  EPS0=-0.0769／ROE0=-10.05% 非正
     1  EPS0=-0.1465／ROE0=-30.78% 非正
     1  EPS0=-0.1477／ROE0=-30.78% 非正
     1  EPS0=-0.1333／ROE0=-30.78% 非正
     1  EPS0=-0.1286／ROE0=-30.78% 非正
     1  EPS0=-0.0107／ROE0=-2.92% 非正
     1  EPS0=-0.0075／ROE0=-2.92% 非正
     1  EPS0=-0.0009／ROE0=-2.92% 非正
     1  EPS0=-0.0291／ROE0=-16.01% 非正
     1  EPS0=-0.0276／ROE0=-15.41% 非正
     1  EPS0=-0.0173／ROE0=-9.19% 非正
     1  EPS0=-0.0600／ROE0=-4.88% 非正
     1  EPS0=-0.0590／ROE0=-4.88% 非正
     1  EPS0=-0.0586／ROE0=-4.88% 非正
     1  EPS0=-0.0574／ROE0=-4.88% 非正
     1  EPS0=-0.1507／ROE0=-19.58% 非正
     1  EPS0=-0.1456／ROE0=-19.58% 非正
     1  EPS0=-0.0981／ROE0=-2.27% 非正
     1  EPS0=-0.0967／ROE0=-2.27% 非正
     1  EPS0=-0.0622／ROE0=-1.43% 非正
     1  EPS0=-0.3089／ROE0=-11.57% 非正
     1  EPS0=-0.3094／ROE0=-11.57% 非正
     1  EPS0=-0.0670／ROE0=-1.52% 非正
     1  EPS0=-0.0651／ROE0=-1.52% 非正
     1  EPS0=-0.0671／ROE0=-1.52% 非正
     1  EPS0=-0.0674／ROE0=-1.52% 非正
     1  EPS0=-0.3719／ROE0=-6.07% 非正
     1  EPS0=-0.3768／ROE0=-6.07% 非正
     1  EPS0=-0.5430／ROE0=-16.49% 非正
     1  EPS0=-0.5160／ROE0=-16.49% 非正
     1  EPS0=-0.4915／ROE0=-16.49% 非正
     1  EPS0=-0.4860／ROE0=-16.49% 非正
     1  EPS0=-0.0825／ROE0=-3.54% 非正
     1  EPS0=-0.0821／ROE0=-3.54% 非正
     1  EPS0=-0.0809／ROE0=-3.54% 非正
     1  EPS0=-0.0807／ROE0=-3.54% 非正
     1  EPS0=-0.1472／ROE0=-7.15% 非正
     1  EPS0=-0.1453／ROE0=-7.15% 非正
     1  EPS0=-0.1517／ROE0=-7.15% 非正
     1  EPS0=-0.1523／ROE0=-7.15% 非正
     1  EPS0=-0.0188／ROE0=-0.34% 非正
     1  EPS0=-0.0187／ROE0=-0.34% 非正
     1  EPS0=-0.0185／ROE0=-0.34% 非正
     1  EPS0=-0.0186／ROE0=-0.34% 非正
     1  EPS0=-0.4028／ROE0=-15.67% 非正
     1  EPS0=-0.4060／ROE0=-15.67% 非正
     1  EPS0=-0.3874／ROE0=-15.67% 非正
     1  EPS0=-0.3930／ROE0=-15.67% 非正
     1  EPS0=-0.1122／ROE0=-3.57% 非正
     1  EPS0=-0.1113／ROE0=-3.57% 非正
     1  EPS0=-0.1112／ROE0=-3.57% 非正
     1  EPS0=-0.1101／ROE0=-3.57% 非正
     1  EPS0=-0.1900／ROE0=-6.76% 非正
     1  EPS0=-0.1898／ROE0=-6.76% 非正
     1  EPS0=-0.1905／ROE0=-6.76% 非正
     1  EPS0=-0.1919／ROE0=-6.76% 非正
     1  EPS0=-0.0291／ROE0=-0.81% 非正
     1  EPS0=-0.0298／ROE0=-0.81% 非正
     1  EPS0=-0.1839／ROE0=-15.99% 非正
     1  EPS0=-0.1755／ROE0=-15.99% 非正
     1  EPS0=-0.1654／ROE0=-15.99% 非正
     1  EPS0=-0.1597／ROE0=-15.99% 非正
     1  EPS0=-0.8936／ROE0=-36.18% 非正
     1  EPS0=-0.3980／ROE0=-36.18% 非正
     1  EPS0=-0.3679／ROE0=-36.18% 非正
     1  EPS0=-0.3784／ROE0=-36.18% 非正
     1  EPS0=-0.0496／ROE0=-51.79% 非正
     1  EPS0=-0.0395／ROE0=-51.79% 非正
     1  EPS0=-0.0228／ROE0=-41.17% 非正
     1  EPS0=-0.1281／ROE0=-4.48% 非正
     1  EPS0=-0.1227／ROE0=-4.48% 非正
     1  EPS0=-0.1112／ROE0=-4.48% 非正
     1  EPS0=-0.0985／ROE0=-4.48% 非正
     1  EPS0=-0.2586／ROE0=-59.55% 非正
     1  EPS0=-0.1529／ROE0=-59.55% 非正
     1  EPS0=-0.0126／ROE0=-59.55% 非正
     1  EPS0=-0.0721／ROE0=-6.84% 非正
     1  EPS0=-0.0713／ROE0=-6.84% 非正
     1  EPS0=-0.0699／ROE0=-6.84% 非正
     1  EPS0=-0.2187／ROE0=-15.51% 非正
     1  EPS0=-0.2142／ROE0=-15.51% 非正
     1  EPS0=-0.2077／ROE0=-15.51% 非正
     1  EPS0=-0.2003／ROE0=-15.51% 非正
     1  EPS0=-0.1781／ROE0=-16.40% 非正
     1  EPS0=-0.1740／ROE0=-16.40% 非正
     1  EPS0=-0.1702／ROE0=-16.40% 非正
     1  EPS0=-0.0083／ROE0=-0.70% 非正
     1  EPS0=-0.1505／ROE0=-16.40% 非正
     1  EPS0=-0.1505／ROE0=-26.48% 非正
     1  EPS0=-0.1475／ROE0=-26.48% 非正
     1  EPS0=-0.1602／ROE0=-26.48% 非正
     1  EPS0=-0.1584／ROE0=-26.48% 非正
     1  EPS0=-0.0243／ROE0=-5.04% 非正
     1  EPS0=-0.0036／ROE0=-0.74% 非正
     1  EPS0=-0.0604／ROE0=-26.48% 非正
     1  EPS0=-0.0537／ROE0=-26.48% 非正
     1  EPS0=-0.0448／ROE0=-26.48% 非正
     1  EPS0=-0.0419／ROE0=-26.48% 非正
     1  EPS0=-0.0578／ROE0=-64.39% 非正
     1  EPS0=-0.0536／ROE0=-64.39% 非正
     1  EPS0=-0.0349／ROE0=-64.39% 非正
     1  EPS0=-0.0371／ROE0=-64.39% 非正
     1  EPS0=-0.0997／ROE0=-5.36% 非正
     1  EPS0=-0.0971／ROE0=-5.36% 非正
     1  EPS0=-0.0973／ROE0=-5.36% 非正
     1  EPS0=-0.0984／ROE0=-5.36% 非正
     1  EPS0=-0.0150／ROE0=-0.64% 非正
     1  EPS0=-0.0108／ROE0=-0.64% 非正
     1  EPS0=-0.0109／ROE0=-0.64% 非正
     1  EPS0=-0.1361／ROE0=-11.06% 非正
     1  EPS0=-0.1306／ROE0=-11.06% 非正
     1  EPS0=-0.1295／ROE0=-11.06% 非正
     1  EPS0=-0.1273／ROE0=-11.06% 非正
     1  EPS0=-0.0617／ROE0=-8.33% 非正
     1  EPS0=-0.0595／ROE0=-8.33% 非正
     1  EPS0=-0.0535／ROE0=-8.33% 非正
     1  EPS0=-0.0494／ROE0=-8.33% 非正
     1  EPS0=-0.0477／ROE0=-12.57% 非正
     1  EPS0=-0.0446／ROE0=-12.57% 非正
     1  EPS0=-0.0428／ROE0=-12.57% 非正
     1  EPS0=-0.0460／ROE0=-12.57% 非正
     1  EPS0=-0.1597／ROE0=-4.37% 非正
     1  EPS0=-0.1531／ROE0=-4.37% 非正
     1  EPS0=-0.1520／ROE0=-4.37% 非正
     1  EPS0=-0.1478／ROE0=-4.37% 非正
     1  EPS0=-0.2823／ROE0=-9.33% 非正
     1  EPS0=-0.2638／ROE0=-9.33% 非正
     1  EPS0=-0.2359／ROE0=-9.33% 非正
     1  EPS0=-0.2094／ROE0=-9.33% 非正
     1  EPS0=-0.5437／ROE0=-20.13% 非正
     1  EPS0=-0.4743／ROE0=-17.77% 非正
     1  EPS0=-0.1364／ROE0=-5.05% 非正
     1  EPS0=-0.5737／ROE0=-34.77% 非正
     1  EPS0=-0.5283／ROE0=-34.77% 非正
     1  EPS0=-0.5063／ROE0=-34.77% 非正
     1  EPS0=-0.4576／ROE0=-34.77% 非正
     1  EPS0=-0.2374／ROE0=-74.20% 非正
     1  EPS0=-0.1513／ROE0=-74.20% 非正
     1  EPS0=-0.0556／ROE0=-74.20% 非正
     1  EPS0=-0.0374／ROE0=-2.85% 非正
     1  EPS0=-0.9720／ROE0=-30.90% 非正
     1  EPS0=-0.9084／ROE0=-30.90% 非正
     1  EPS0=-0.8144／ROE0=-30.90% 非正
     1  EPS0=-0.7338／ROE0=-30.90% 非正
     1  EPS0=-0.0226／ROE0=-48.42% 非正
     1  EPS0=-0.0126／ROE0=-48.42% 非正
     1  EPS0=-0.0082／ROE0=-48.42% 非正
     1  EPS0=-0.0010／ROE0=-48.42% 非正
     1  EPS0=-0.0210／ROE0=-92.29% 非正
     1  EPS0=-0.0065／ROE0=-92.29% 非正
     1  EPS0=-0.0155／ROE0=-40.65% 非正
     1  EPS0=-0.1227／ROE0=-3.51% 非正
     1  EPS0=-0.1231／ROE0=-3.51% 非正
     1  EPS0=-0.1243／ROE0=-3.51% 非正
     1  EPS0=-0.1249／ROE0=-3.51% 非正
     1  EPS0=-0.5796／ROE0=-29.02% 非正
     1  EPS0=-0.5727／ROE0=-29.02% 非正
     1  EPS0=-0.5564／ROE0=-29.02% 非正
     1  EPS0=-0.5430／ROE0=-29.02% 非正
     1  EPS0=-1.1512／ROE0=-61.89% 非正
     1  EPS0=-0.3339／ROE0=-61.89% 非正
     1  EPS0=-0.3243／ROE0=-61.89% 非正
     1  EPS0=-0.4227／ROE0=-61.89% 非正
     1  EPS0=-0.4105／ROE0=-25.24% 非正
     1  EPS0=-0.3857／ROE0=-25.24% 非正
     1  EPS0=-0.4119／ROE0=-25.24% 非正
     1  EPS0=-0.4127／ROE0=-25.24% 非正
     1  EPS0=-0.1434／ROE0=-18.29% 非正
     1  EPS0=-0.0948／ROE0=-18.29% 非正
     1  EPS0=-0.1027／ROE0=-18.29% 非正
     1  EPS0=-0.0994／ROE0=-18.29% 非正
     1  EPS0=-0.0397／ROE0=-8.64% 非正
     1  EPS0=-0.0380／ROE0=-8.64% 非正
     1  EPS0=-0.0318／ROE0=-8.64% 非正
     1  EPS0=-0.0289／ROE0=-8.64% 非正
     1  EPS0=-0.0534／ROE0=-18.29% 非正
     1  EPS0=-0.0526／ROE0=-18.29% 非正
     1  EPS0=-0.0321／ROE0=-18.29% 非正
     1  EPS0=-0.0278／ROE0=-18.29% 非正
     1  EPS0=-0.0242／ROE0=-20.85% 非正
     1  EPS0=-0.0258／ROE0=-20.85% 非正
     1  EPS0=-0.0247／ROE0=-18.07% 非正
     1  EPS0=-0.0275／ROE0=-17.37% 非正
     1  EPS0=-0.2680／ROE0=-17.63% 非正
     1  EPS0=-0.2497／ROE0=-17.63% 非正
     1  EPS0=-0.2295／ROE0=-17.63% 非正
     1  EPS0=-0.1525／ROE0=-17.63% 非正
     1  EPS0=-0.1735／ROE0=-25.52% 非正
     1  EPS0=-0.1554／ROE0=-25.52% 非正
     1  EPS0=-0.1501／ROE0=-25.52% 非正
     1  EPS0=-0.1526／ROE0=-25.52% 非正
     1  EPS0=-0.0523／ROE0=-2.80% 非正
     1  EPS0=-0.0607／ROE0=-1.34% 非正
     1  EPS0=-0.0602／ROE0=-1.34% 非正
     1  EPS0=-0.0589／ROE0=-1.34% 非正
     1  EPS0=-0.0585／ROE0=-1.34% 非正
     1  EPS0=-0.2598／ROE0=-6.73% 非正
     1  EPS0=-0.2604／ROE0=-6.73% 非正
     1  EPS0=-0.2621／ROE0=-6.73% 非正
     1  EPS0=-0.2643／ROE0=-6.73% 非正
     1  EPS0=-0.2395／ROE0=-5.95% 非正
     1  EPS0=-0.2429／ROE0=-5.95% 非正
     1  EPS0=-0.2576／ROE0=-5.95% 非正
     1  EPS0=-0.1596／ROE0=-3.55% 非正
     1  EPS0=-0.2234／ROE0=-10.39% 非正
     1  EPS0=-0.2242／ROE0=-10.39% 非正
     1  EPS0=-0.2245／ROE0=-10.39% 非正
     1  EPS0=-0.2249／ROE0=-10.39% 非正
     1  EPS0=-0.1006／ROE0=-15.18% 非正
     1  EPS0=-0.0982／ROE0=-15.18% 非正
     1  EPS0=-0.0927／ROE0=-15.18% 非正
     1  EPS0=-0.0994／ROE0=-15.18% 非正
     1  EPS0=-0.0007／ROE0=-15.18% 非正
     1  EPS0=-0.0517／ROE0=-153.15% 非正
     1  EPS0=-0.0136／ROE0=-153.15% 非正
     1  EPS0=-0.0733／ROE0=-10.56% 非正
     1  EPS0=-0.0188／ROE0=-2.68% 非正
     1  EPS0=-0.1006／ROE0=-3.20% 非正
     1  EPS0=-0.1011／ROE0=-3.20% 非正
     1  EPS0=-0.1868／ROE0=-4.02% 非正
     1  EPS0=-0.1914／ROE0=-4.02% 非正
     1  EPS0=-0.1818／ROE0=-4.02% 非正
     1  EPS0=-0.1689／ROE0=-4.02% 非正
     1  EPS0=-0.2421／ROE0=-6.80% 非正
     1  EPS0=-0.2383／ROE0=-6.80% 非正
     1  EPS0=-0.2262／ROE0=-6.80% 非正
     1  EPS0=-0.0444／ROE0=-1.11% 非正
     1  EPS0=-0.0441／ROE0=-1.11% 非正
     1  EPS0=-0.0434／ROE0=-1.11% 非正
     1  EPS0=-0.0871／ROE0=-1.93% 非正
     1  EPS0=-0.0872／ROE0=-1.93% 非正
     1  EPS0=-0.0852／ROE0=-1.93% 非正
     1  EPS0=-0.0822／ROE0=-1.93% 非正
     1  EPS0=-0.3062／ROE0=-7.97% 非正
     1  EPS0=-0.2509／ROE0=-7.97% 非正
     1  EPS0=-0.2451／ROE0=-7.97% 非正
     1  EPS0=-0.2419／ROE0=-7.97% 非正
     1  EPS0=-0.5166／ROE0=-18.59% 非正
     1  EPS0=-0.2256／ROE0=-8.21% 非正
     1  EPS0=-0.2707／ROE0=-10.19% 非正
     1  EPS0=-0.2292／ROE0=-13.07% 非正
     1  股权价值 -6.73 ≤ 0
     1  股权价值 -3.59 ≤ 0
     1  股权价值 -5.08 ≤ 0
     1  股权价值 -7.03 ≤ 0
     1  股权价值 -16.00 ≤ 0
     1  股权价值 -11.52 ≤ 0
     1  股权价值 -18.82 ≤ 0
     1  股权价值 -5.17 ≤ 0
     1  股权价值 -10.31 ≤ 0
     1  股权价值 -5.40 ≤ 0
     1  股权价值 -8.72 ≤ 0
     1  股权价值 -8.98 ≤ 0
     1  股权价值 -9.10 ≤ 0
     1  EPS0=-0.6551／ROE0=-30.05% 非正
     1  EPS0=-0.2632／ROE0=-30.05% 非正
     1  EPS0=-0.2122／ROE0=-30.05% 非正
     1  EPS0=-0.1791／ROE0=-30.05% 非正
     1  EPS0=-0.2705／ROE0=-10.98% 非正
     1  EPS0=-0.2386／ROE0=-10.98% 非正
     1  EPS0=-0.2261／ROE0=-10.98% 非正
     1  EPS0=-0.2265／ROE0=-10.98% 非正
     1  EPS0=-0.0784／ROE0=-3.85% 非正
     1  EPS0=-0.0291／ROE0=-1.41% 非正
     1  EPS0=-0.2006／ROE0=-15.51% 非正
     1  EPS0=-0.2075／ROE0=-15.51% 非正
     1  EPS0=-0.0015／ROE0=-0.10% 非正
     1  EPS0=-0.2016／ROE0=-22.80% 非正
     1  EPS0=-0.1875／ROE0=-22.80% 非正
     1  EPS0=-0.1746／ROE0=-22.80% 非正
     1  EPS0=-0.1467／ROE0=-22.80% 非正
     1  EPS0=-0.0486／ROE0=-9.12% 非正
     1  EPS0=-0.0434／ROE0=-9.12% 非正
     1  EPS0=-0.0382／ROE0=-9.12% 非正
     1  EPS0=-0.0325／ROE0=-9.12% 非正
     1  EPS0=-0.0376／ROE0=-2.02% 非正
     1  EPS0=-0.0372／ROE0=-2.02% 非正
     1  EPS0=-0.0377／ROE0=-2.02% 非正
     1  EPS0=-0.0395／ROE0=-2.02% 非正
     1  EPS0=-0.2266／ROE0=-6.48% 非正
     1  EPS0=-0.2267／ROE0=-6.48% 非正
     1  EPS0=-0.2275／ROE0=-6.48% 非正
     1  EPS0=-0.2272／ROE0=-6.48% 非正
     1  EPS0=-0.4911／ROE0=-38.44% 非正
     1  EPS0=-0.4878／ROE0=-38.44% 非正
     1  EPS0=-0.4675／ROE0=-38.44% 非正
     1  EPS0=-0.4519／ROE0=-38.44% 非正
     1  EPS0=-0.0220／ROE0=-2.75% 非正
     1  EPS0=-0.0213／ROE0=-2.75% 非正
     1  EPS0=-0.0196／ROE0=-2.75% 非正
     1  EPS0=-0.0184／ROE0=-2.75% 非正
     1  EPS0=-0.1171／ROE0=-18.69% 非正
     1  EPS0=-0.1126／ROE0=-18.69% 非正
     1  EPS0=-0.1029／ROE0=-18.69% 非正
     1  EPS0=-0.0953／ROE0=-18.69% 非正
     1  EPS0=-0.0592／ROE0=-27.20% 非正
     1  EPS0=-0.0567／ROE0=-27.20% 非正
     1  EPS0=-0.0529／ROE0=-27.20% 非正
     1  EPS0=-0.0404／ROE0=-21.42% 非正
     1  EPS0=-0.0341／ROE0=-30.20% 非正
     1  EPS0=-0.0343／ROE0=-30.20% 非正
     1  EPS0=-0.0319／ROE0=-30.20% 非正
     1  EPS0=-0.0205／ROE0=-12.42% 非正
     1  EPS0=-0.0785／ROE0=-4.04% 非正
     1  EPS0=-0.0758／ROE0=-4.04% 非正
     1  EPS0=-0.0720／ROE0=-4.04% 非正
     1  EPS0=-0.0852／ROE0=-4.04% 非正
     1  EPS0=-0.1914／ROE0=-3.70% 非正
     1  EPS0=-0.1916／ROE0=-3.70% 非正
     1  EPS0=-0.1837／ROE0=-3.70% 非正
     1  EPS0=-0.1857／ROE0=-3.70% 非正
     1  EPS0=-0.5373／ROE0=-22.27% 非正
     1  EPS0=-0.5501／ROE0=-22.27% 非正
     1  EPS0=-0.6580／ROE0=-22.27% 非正
     1  EPS0=-0.6605／ROE0=-22.27% 非正
     1  EPS0=-0.3372／ROE0=-20.55% 非正
     1  EPS0=-0.2651／ROE0=-20.55% 非正
     1  EPS0=-0.1684／ROE0=-20.55% 非正
     1  EPS0=-0.1842／ROE0=-21.05% 非正
     1  EPS0=-0.1635／ROE0=-21.05% 非正
     1  EPS0=-0.3888／ROE0=-18.37% 非正
     1  EPS0=-0.4009／ROE0=-18.37% 非正
     1  EPS0=-0.4122／ROE0=-18.37% 非正
     1  EPS0=-0.4098／ROE0=-18.37% 非正
     1  EPS0=-0.0301／ROE0=-0.45% 非正
     1  EPS0=-0.0306／ROE0=-0.45% 非正
     1  EPS0=-0.0146／ROE0=-0.49% 非正
     1  EPS0=-0.0147／ROE0=-0.49% 非正
     1  EPS0=-0.1740／ROE0=-11.76% 非正
     1  EPS0=-0.1706／ROE0=-11.76% 非正
     1  EPS0=-0.1657／ROE0=-11.76% 非正
     1  EPS0=-0.1615／ROE0=-11.76% 非正
     1  EPS0=-0.0941／ROE0=-57.61% 非正
     1  EPS0=-0.1065／ROE0=-57.61% 非正
     1  EPS0=-0.1114／ROE0=-57.61% 非正
     1  EPS0=-0.1139／ROE0=-57.61% 非正
     1  EPS0=-0.0086／ROE0=-1.68% 非正
     1  EPS0=-0.0048／ROE0=-0.92% 非正
     1  EPS0=-0.0177／ROE0=-1.34% 非正
     1  EPS0=-0.0809／ROE0=-7.33% 非正
     1  EPS0=-0.0810／ROE0=-7.33% 非正
     1  EPS0=-0.0113／ROE0=-1.25% 非正
     1  EPS0=-0.0111／ROE0=-1.25% 非正
     1  EPS0=-0.0108／ROE0=-1.25% 非正
     1  EPS0=-0.0815／ROE0=-1.70% 非正
     1  EPS0=-0.0798／ROE0=-1.70% 非正
     1  EPS0=-0.0807／ROE0=-1.70% 非正
     1  EPS0=-0.0858／ROE0=-1.70% 非正
     1  EPS0=-0.2304／ROE0=-8.91% 非正
     1  EPS0=-0.2246／ROE0=-8.91% 非正
     1  EPS0=-0.2249／ROE0=-8.91% 非正
     1  EPS0=-0.2265／ROE0=-8.91% 非正
     1  EPS0=-0.2855／ROE0=-14.18% 非正
     1  EPS0=-0.2860／ROE0=-14.18% 非正
     1  EPS0=-0.2888／ROE0=-14.18% 非正
     1  EPS0=-0.2923／ROE0=-14.18% 非正
     1  EPS0=-0.3573／ROE0=-37.71% 非正
     1  EPS0=-0.3226／ROE0=-37.71% 非正
     1  EPS0=-0.2291／ROE0=-37.71% 非正
     1  EPS0=-0.5030／ROE0=-9.43% 非正
     1  EPS0=-0.4959／ROE0=-9.43% 非正
     1  EPS0=-0.5172／ROE0=-9.43% 非正
     1  EPS0=-0.5175／ROE0=-9.43% 非正
     1  EPS0=-0.7131／ROE0=-17.66% 非正
     1  EPS0=-0.6889／ROE0=-17.66% 非正
     1  EPS0=-0.6941／ROE0=-17.66% 非正
     1  EPS0=-0.6919／ROE0=-17.66% 非正
     1  EPS0=-0.5967／ROE0=-26.30% 非正
     1  EPS0=-0.5523／ROE0=-26.30% 非正
     1  EPS0=-0.5176／ROE0=-26.30% 非正
     1  EPS0=-0.0883／ROE0=-1.90% 非正
     1  EPS0=-0.0353／ROE0=-1.90% 非正
     1  EPS0=-0.0330／ROE0=-1.90% 非正
     1  EPS0=-0.0302／ROE0=-1.90% 非正
     1  EPS0=-0.0367／ROE0=-1.03% 非正
     1  EPS0=-0.0362／ROE0=-1.03% 非正
     1  EPS0=-0.0356／ROE0=-1.03% 非正
     1  EPS0=-0.0353／ROE0=-1.03% 非正
     1  EPS0=-0.2841／ROE0=-15.06% 非正
     1  EPS0=-0.2789／ROE0=-15.06% 非正
     1  EPS0=-0.2783／ROE0=-15.06% 非正
     1  EPS0=-0.2408／ROE0=-15.06% 非正
     1  EPS0=-0.3387／ROE0=-48.64% 非正
     1  EPS0=-0.3104／ROE0=-48.64% 非正
     1  EPS0=-0.2669／ROE0=-48.64% 非正
     1  EPS0=-0.2463／ROE0=-48.64% 非正
     1  EPS0=-0.0631／ROE0=-105.42% 非正
     1  EPS0=-0.0127／ROE0=-105.42% 非正
     1  EPS0=-0.0009／ROE0=-105.42% 非正
     1  EPS0=-0.1224／ROE0=-39.51% 非正
     1  EPS0=-0.1139／ROE0=-39.51% 非正
     1  EPS0=-0.1086／ROE0=-39.51% 非正
     1  EPS0=-0.0920／ROE0=-39.51% 非正
     1  EPS0=-0.0424／ROE0=-78.05% 非正
     1  EPS0=-0.0203／ROE0=-78.05% 非正
     1  EPS0=-0.0090／ROE0=-78.05% 非正
     1  EPS0=-0.0073／ROE0=-78.05% 非正
     1  EPS0=-0.0489／ROE0=-43.42% 非正
     1  EPS0=-0.0308／ROE0=-43.42% 非正
     1  EPS0=-0.0259／ROE0=-43.42% 非正
     1  EPS0=-0.0089／ROE0=-78.45% 非正
     1  EPS0=-0.0045／ROE0=-78.45% 非正
     1  EPS0=-0.1721／ROE0=-4.31% 非正
     1  EPS0=-0.1733／ROE0=-4.31% 非正
     1  EPS0=-0.1875／ROE0=-4.31% 非正
     1  EPS0=-0.1921／ROE0=-4.31% 非正
     1  EPS0=-0.1440／ROE0=-6.46% 非正
     1  EPS0=-0.1474／ROE0=-6.46% 非正
     1  EPS0=-0.1495／ROE0=-6.46% 非正
     1  EPS0=-0.1517／ROE0=-6.46% 非正
     1  EPS0=-0.0024／ROE0=-0.20% 非正
     1  EPS0=-0.2660／ROE0=-18.45% 非正
     1  EPS0=-0.2602／ROE0=-18.45% 非正
     1  EPS0=-0.2576／ROE0=-18.45% 非正
     1  EPS0=-0.0538／ROE0=-3.41% 非正
     1  EPS0=-0.0210／ROE0=-1.95% 非正
     1  EPS0=-0.0204／ROE0=-1.95% 非正
     1  EPS0=-0.0183／ROE0=-1.95% 非正
     1  EPS0=-0.1096／ROE0=-5.71% 非正
     1  EPS0=-0.1109／ROE0=-5.71% 非正
     1  EPS0=-0.1115／ROE0=-5.71% 非正
     1  EPS0=-0.1116／ROE0=-5.71% 非正
     1  EPS0=-0.3469／ROE0=-21.79% 非正
     1  EPS0=-0.3440／ROE0=-21.79% 非正
     1  EPS0=-0.3475／ROE0=-21.79% 非正
     1  EPS0=-0.3480／ROE0=-21.79% 非正
     1  EPS0=-0.1181／ROE0=-24.04% 非正
     1  EPS0=-0.1150／ROE0=-24.04% 非正
     1  EPS0=-0.1230／ROE0=-24.04% 非正
     1  EPS0=-0.1260／ROE0=-24.04% 非正
     1  EPS0=-0.0006／ROE0=-24.04% 非正
     1  EPS0=-0.0018／ROE0=-24.04% 非正
     1  EPS0=-0.0069／ROE0=-11.78% 非正
     1  EPS0=-0.0570／ROE0=-5.15% 非正
     1  EPS0=-0.2122／ROE0=-12.20% 非正
     1  EPS0=-0.2059／ROE0=-12.20% 非正
     1  EPS0=-0.2034／ROE0=-12.20% 非正
     1  EPS0=-0.1964／ROE0=-12.20% 非正
     1  EPS0=-0.1399／ROE0=-11.62% 非正
     1  EPS0=-0.1342／ROE0=-11.62% 非正
     1  EPS0=-0.1326／ROE0=-11.62% 非正
     1  EPS0=-0.1363／ROE0=-11.62% 非正
     1  EPS0=-0.0538／ROE0=-11.62% 非正
     1  EPS0=-0.0463／ROE0=-11.62% 非正
     1  EPS0=-0.0150／ROE0=-2.22% 非正
     1  EPS0=-0.0651／ROE0=-11.62% 非正
     1  EPS0=-0.0665／ROE0=-11.62% 非正
     1  EPS0=-0.1047／ROE0=-30.34% 非正
     1  EPS0=-0.0958／ROE0=-30.34% 非正
     1  EPS0=-0.0879／ROE0=-30.34% 非正
     1  EPS0=-0.0759／ROE0=-30.34% 非正
     1  EPS0=-0.0157／ROE0=-11.31% 非正
     1  EPS0=-0.0020／ROE0=-1.43% 非正
     1  EPS0=-0.0039／ROE0=-2.81% 非正
     1  EPS0=-0.0053／ROE0=-4.01% 非正
     1  EPS0=-0.0034／ROE0=-4.01% 非正
     1  EPS0=-0.0033／ROE0=-4.01% 非正
     1  EPS0=-0.0725／ROE0=-11.31% 非正
     1  EPS0=-0.0711／ROE0=-11.31% 非正
     1  EPS0=-0.0417／ROE0=-6.75% 非正
     1  EPS0=-0.1585／ROE0=-3.25% 非正
     1  EPS0=-0.1591／ROE0=-3.25% 非正
     1  EPS0=-0.1609／ROE0=-3.25% 非正
     1  EPS0=-0.1618／ROE0=-3.25% 非正
     1  EPS0=-0.0287／ROE0=-1.83% 非正
     1  EPS0=-0.0183／ROE0=-1.83% 非正
     1  EPS0=-0.0161／ROE0=-1.83% 非正
     1  EPS0=-0.0137／ROE0=-1.83% 非正
     1  EPS0=-0.0337／ROE0=-1.60% 非正
     1  EPS0=-0.2004／ROE0=-31.80% 非正
     1  EPS0=-0.1923／ROE0=-31.80% 非正
     1  EPS0=-0.1330／ROE0=-31.80% 非正
     1  EPS0=-0.0871／ROE0=-31.80% 非正
     1  EPS0=-0.0130／ROE0=-32.64% 非正
     1  EPS0=-0.0187／ROE0=-7.14% 非正
     1  EPS0=-0.0186／ROE0=-7.14% 非正
     1  EPS0=-0.0185／ROE0=-7.14% 非正
     1  EPS0=-0.0189／ROE0=-7.14% 非正
     1  EPS0=-0.0120／ROE0=-4.49% 非正
     1  EPS0=-0.2940／ROE0=-5.18% 非正
     1  EPS0=-0.2833／ROE0=-5.18% 非正
     1  EPS0=-0.2753／ROE0=-5.18% 非正
     1  EPS0=-0.2685／ROE0=-5.18% 非正
     1  EPS0=-0.4809／ROE0=-9.94% 非正
     1  EPS0=-0.4817／ROE0=-9.94% 非正
     1  EPS0=-0.2859／ROE0=-5.84% 非正
     1  EPS0=-0.1058／ROE0=-2.54% 非正
     1  EPS0=-0.1105／ROE0=-2.54% 非正
     1  EPS0=-0.1140／ROE0=-2.54% 非正
     1  EPS0=-0.1172／ROE0=-2.54% 非正
     1  EPS0=-0.0410／ROE0=-1.00% 非正
     1  EPS0=-0.0427／ROE0=-1.00% 非正
     1  EPS0=-0.0421／ROE0=-1.00% 非正
     1  EPS0=-0.0567／ROE0=-2.26% 非正
     1  EPS0=-0.0569／ROE0=-2.26% 非正
     1  EPS0=-0.0564／ROE0=-2.26% 非正
     1  EPS0=-0.0559／ROE0=-2.26% 非正
     1  EPS0=-0.1144／ROE0=-5.00% 非正
     1  EPS0=-0.1140／ROE0=-5.00% 非正
     1  EPS0=-0.1124／ROE0=-5.00% 非正
     1  EPS0=-0.1096／ROE0=-5.00% 非正
     1  EPS0=-0.1621／ROE0=-7.89% 非正
     1  EPS0=-0.1593／ROE0=-7.89% 非正
     1  EPS0=-0.1571／ROE0=-7.89% 非正
     1  EPS0=-0.2776／ROE0=-7.53% 非正
     1  EPS0=-0.2770／ROE0=-7.53% 非正
     1  EPS0=-0.4983／ROE0=-21.80% 非正
     1  EPS0=-0.5081／ROE0=-21.80% 非正
     1  EPS0=-0.5042／ROE0=-21.80% 非正
     1  EPS0=-0.5030／ROE0=-21.80% 非正
     1  EPS0=-0.3005／ROE0=-55.37% 非正
     1  EPS0=-0.2927／ROE0=-55.37% 非正
     1  EPS0=-0.2952／ROE0=-55.37% 非正
     1  EPS0=-0.2897／ROE0=-55.37% 非正
     1  EPS0=-0.0391／ROE0=-5.35% 非正
     1  EPS0=-0.0481／ROE0=-6.69% 非正
     1  EPS0=-0.0716／ROE0=-10.33% 非正
     1  EPS0=-0.0799／ROE0=-11.83% 非正
     1  EPS0=-0.0190／ROE0=-2.91% 非正
     1  EPS0=-0.0100／ROE0=-1.55% 非正
     1  EPS0=-0.0026／ROE0=-0.41% 非正
     1  EPS0=-0.1448／ROE0=-4.06% 非正
     1  EPS0=-0.1453／ROE0=-4.06% 非正
     1  EPS0=-0.1467／ROE0=-4.06% 非正
     1  EPS0=-0.1476／ROE0=-4.06% 非正
     1  EPS0=-0.3241／ROE0=-15.62% 非正
     1  EPS0=-0.3287／ROE0=-15.62% 非正
     1  EPS0=-0.3312／ROE0=-15.62% 非正
     1  EPS0=-0.3337／ROE0=-15.62% 非正
     1  EPS0=-0.0105／ROE0=-0.31% 非正
     1  EPS0=-0.0047／ROE0=-0.15% 非正
     1  EPS0=-0.1107／ROE0=-2.65% 非正
     1  EPS0=-0.1116／ROE0=-2.65% 非正
     1  EPS0=-0.1119／ROE0=-2.65% 非正
     1  EPS0=-0.1118／ROE0=-2.65% 非正
     1  EPS0=-0.3116／ROE0=-19.77% 非正
     1  EPS0=-0.3082／ROE0=-19.77% 非正
     1  EPS0=-0.3365／ROE0=-19.77% 非正
     1  EPS0=-0.3483／ROE0=-19.77% 非正
     1  EPS0=-0.0555／ROE0=-1.60% 非正
     1  EPS0=-0.0558／ROE0=-1.60% 非正
     1  EPS0=-0.0559／ROE0=-1.60% 非正
     1  EPS0=-0.0556／ROE0=-1.60% 非正
     1  EPS0=-0.1072／ROE0=-3.38% 非正
     1  EPS0=-0.1074／ROE0=-3.38% 非正
     1  EPS0=-0.1075／ROE0=-3.38% 非正
     1  EPS0=-0.1073／ROE0=-3.38% 非正
     1  EPS0=-0.2058／ROE0=-7.61% 非正
     1  EPS0=-0.2215／ROE0=-7.61% 非正
     1  EPS0=-0.1109／ROE0=-7.61% 非正
     1  EPS0=-0.1050／ROE0=-7.61% 非正
     1  EPS0=-0.2200／ROE0=-14.97% 非正
     1  EPS0=-0.1591／ROE0=-14.97% 非正
     1  EPS0=-0.1458／ROE0=-14.97% 非正
     1  EPS0=-0.1956／ROE0=-14.97% 非正
     1  EPS0=-0.1977／ROE0=-21.13% 非正
     1  EPS0=-0.2103／ROE0=-21.13% 非正
     1  EPS0=-0.2201／ROE0=-21.13% 非正
     1  EPS0=-0.2491／ROE0=-21.13% 非正
     1  EPS0=-0.2480／ROE0=-13.35% 非正
     1  EPS0=-0.2511／ROE0=-13.35% 非正
     1  EPS0=-0.0419／ROE0=-3.41% 非正
     1  EPS0=-0.0424／ROE0=-3.41% 非正
     1  EPS0=-0.0436／ROE0=-3.41% 非正
     1  EPS0=-0.2409／ROE0=-4.94% 非正
     1  EPS0=-0.2414／ROE0=-4.94% 非正
     1  EPS0=-0.2456／ROE0=-4.94% 非正
     1  EPS0=-0.2490／ROE0=-4.94% 非正
     1  EPS0=-0.2011／ROE0=-6.21% 非正
     1  EPS0=-0.1963／ROE0=-6.21% 非正
     1  EPS0=-0.1912／ROE0=-6.21% 非正
     1  EPS0=-0.1851／ROE0=-6.21% 非正
     1  EPS0=-0.3004／ROE0=-9.78% 非正
     1  EPS0=-0.2224／ROE0=-7.28% 非正
     1  EPS0=-0.4607／ROE0=-14.94% 非正
     1  EPS0=-0.4728／ROE0=-14.94% 非正
     1  EPS0=-0.5615／ROE0=-14.94% 非正
     1  EPS0=-0.0033／ROE0=-0.04% 非正
     1  EPS0=-0.1144／ROE0=-1.44% 非正
     1  EPS0=-0.1699／ROE0=-9.06% 非正
     1  EPS0=-0.1665／ROE0=-9.06% 非正
     1  EPS0=-0.1616／ROE0=-9.06% 非正
     1  EPS0=-0.1497／ROE0=-9.06% 非正
     1  EPS0=-0.1279／ROE0=-4.15% 非正
     1  EPS0=-0.1178／ROE0=-4.15% 非正
     1  EPS0=-0.1113／ROE0=-4.15% 非正
     1  EPS0=-0.1038／ROE0=-4.15% 非正
     1  EPS0=-0.0365／ROE0=-55.30% 非正
     1  EPS0=-0.0422／ROE0=-55.30% 非正
     1  EPS0=-0.0504／ROE0=-55.30% 非正
     1  EPS0=-0.0655／ROE0=-55.30% 非正
     1  EPS0=-0.3305／ROE0=-34.13% 非正
     1  EPS0=-0.3367／ROE0=-34.13% 非正
     1  EPS0=-0.2027／ROE0=-34.13% 非正
     1  EPS0=-0.3412／ROE0=-31.79% 非正
     1  EPS0=-0.2320／ROE0=-7.95% 非正
     1  EPS0=-0.2212／ROE0=-7.95% 非正
     1  EPS0=-0.2097／ROE0=-7.95% 非正
     1  EPS0=-0.2087／ROE0=-7.95% 非正
     1  EPS0=-0.1996／ROE0=-8.47% 非正
     1  EPS0=-0.1893／ROE0=-8.47% 非正
     1  EPS0=-0.1824／ROE0=-8.47% 非正
     1  EPS0=-0.0762／ROE0=-2.41% 非正
     1  EPS0=-0.0771／ROE0=-2.41% 非正
     1  EPS0=-0.1159／ROE0=-4.67% 非正
     1  EPS0=-0.1122／ROE0=-4.67% 非正
     1  EPS0=-0.1133／ROE0=-4.67% 非正
     1  EPS0=-0.1095／ROE0=-4.67% 非正
     1  EPS0=-0.3373／ROE0=-38.88% 非正
     1  EPS0=-0.3410／ROE0=-38.88% 非正
     1  EPS0=-0.3399／ROE0=-38.88% 非正
     1  EPS0=-0.4377／ROE0=-38.88% 非正
     1  EPS0=-0.0801／ROE0=-14.14% 非正
     1  EPS0=-0.0749／ROE0=-14.14% 非正
     1  EPS0=-0.0765／ROE0=-14.14% 非正
     1  EPS0=-0.0620／ROE0=-14.14% 非正
     1  EPS0=-0.0891／ROE0=-29.63% 非正
     1  EPS0=-0.1011／ROE0=-29.63% 非正
     1  EPS0=-0.1128／ROE0=-27.19% 非正
     1  EPS0=-0.0784／ROE0=-36.51% 非正
     1  EPS0=-0.0695／ROE0=-36.51% 非正
     1  EPS0=-0.0302／ROE0=-36.51% 非正
     1  EPS0=-0.0698／ROE0=-1.52% 非正
     1  EPS0=-0.0700／ROE0=-1.52% 非正
     1  EPS0=-0.1597／ROE0=-5.91% 非正
     1  EPS0=-0.1534／ROE0=-5.91% 非正
     1  EPS0=-0.1447／ROE0=-5.91% 非正
     1  EPS0=-0.1317／ROE0=-5.91% 非正
     1  EPS0=-0.4110／ROE0=-31.34% 非正
     1  EPS0=-0.4106／ROE0=-31.34% 非正
     1  EPS0=-0.4316／ROE0=-31.34% 非正
     1  EPS0=-0.4374／ROE0=-31.34% 非正
     1  EPS0=-0.0540／ROE0=-5.68% 非正
     1  EPS0=-0.0547／ROE0=-5.68% 非正
     1  EPS0=-0.0546／ROE0=-5.68% 非正
     1  EPS0=-0.0556／ROE0=-5.68% 非正
     1  EPS0=-0.0601／ROE0=-1.69% 非正
     1  EPS0=-0.0605／ROE0=-1.69% 非正
     1  EPS0=-0.0610／ROE0=-1.69% 非正
     1  EPS0=-0.0639／ROE0=-1.69% 非正
     1  EPS0=-0.0335／ROE0=-0.65% 非正
     1  EPS0=-0.0339／ROE0=-0.65% 非正
     1  EPS0=-0.6708／ROE0=-33.03% 非正
     1  EPS0=-0.6743／ROE0=-33.03% 非正
     1  EPS0=-0.6745／ROE0=-33.03% 非正
     1  EPS0=-0.6830／ROE0=-33.03% 非正
     1  EPS0=-0.1067／ROE0=-5.49% 非正
     1  EPS0=-0.1037／ROE0=-5.49% 非正
     1  EPS0=-0.1000／ROE0=-5.49% 非正
     1  EPS0=-0.0289／ROE0=-0.92% 非正
     1  EPS0=-0.0279／ROE0=-0.92% 非正
     1  EPS0=-0.0285／ROE0=-0.92% 非正
     1  EPS0=-0.0287／ROE0=-0.92% 非正
     1  EPS0=-0.0059／ROE0=-0.35% 非正
     1  EPS0=-0.0856／ROE0=-5.44% 非正
     1  EPS0=-0.0863／ROE0=-5.44% 非正
     1  EPS0=-0.0835／ROE0=-5.44% 非正
     1  EPS0=-0.3182／ROE0=-4.16% 非正
     1  EPS0=-0.2983／ROE0=-4.16% 非正
     1  EPS0=-0.2739／ROE0=-4.16% 非正
     1  EPS0=-0.2579／ROE0=-4.16% 非正
     1  EPS0=-0.8550／ROE0=-15.68% 非正
     1  EPS0=-0.7904／ROE0=-15.68% 非正
     1  EPS0=-0.7292／ROE0=-15.68% 非正
     1  EPS0=-0.0516／ROE0=-4.53% 非正
     1  EPS0=-0.0526／ROE0=-4.53% 非正
     1  EPS0=-0.0534／ROE0=-4.53% 非正
     1  EPS0=-0.0540／ROE0=-4.53% 非正
     1  EPS0=-0.0070／ROE0=-0.31% 非正
     1  EPS0=-0.0071／ROE0=-0.31% 非正
     1  EPS0=-0.3459／ROE0=-9.19% 非正
     1  EPS0=-0.3413／ROE0=-9.19% 非正
     1  EPS0=-0.3566／ROE0=-9.19% 非正
     1  EPS0=-0.3571／ROE0=-9.19% 非正
     1  EPS0=-0.0107／ROE0=-0.38% 非正
     1  EPS0=-0.0104／ROE0=-0.38% 非正
     1  EPS0=-0.0102／ROE0=-0.38% 非正
     1  EPS0=-0.1156／ROE0=-4.67% 非正
     1  EPS0=-0.1132／ROE0=-4.67% 非正
     1  EPS0=-0.1105／ROE0=-4.67% 非正
     1  EPS0=-0.1089／ROE0=-4.67% 非正
     1  EPS0=-0.0625／ROE0=-2.74% 非正
     1  EPS0=-0.0617／ROE0=-2.74% 非正
     1  EPS0=-0.0614／ROE0=-2.74% 非正
     1  EPS0=-0.0605／ROE0=-2.74% 非正
     1  EPS0=-0.1753／ROE0=-8.25% 非正
     1  EPS0=-0.1698／ROE0=-8.25% 非正
     1  EPS0=-0.1656／ROE0=-8.25% 非正
     1  EPS0=-0.1603／ROE0=-8.25% 非正
     1  EPS0=-0.1523／ROE0=-8.84% 非正
     1  EPS0=-0.1503／ROE0=-8.84% 非正
     1  EPS0=-0.1494／ROE0=-8.84% 非正
     1  EPS0=-0.1516／ROE0=-8.84% 非正
     1  EPS0=-0.1270／ROE0=-8.25% 非正
     1  EPS0=-0.1272／ROE0=-8.25% 非正
     1  EPS0=-0.1289／ROE0=-8.25% 非正
     1  EPS0=-0.1291／ROE0=-8.25% 非正
     1  EPS0=-0.0276／ROE0=-0.55% 非正
     1  EPS0=-0.0278／ROE0=-0.55% 非正
     1  EPS0=-0.0289／ROE0=-0.55% 非正
     1  EPS0=-0.1094／ROE0=-10.37% 非正
     1  EPS0=-0.1092／ROE0=-10.37% 非正
     1  EPS0=-0.1100／ROE0=-10.37% 非正
     1  EPS0=-0.1114／ROE0=-10.37% 非正
     1  EPS0=-0.1187／ROE0=-17.24% 非正
     1  EPS0=-0.1194／ROE0=-17.24% 非正
     1  EPS0=-0.1200／ROE0=-17.24% 非正
     1  EPS0=-0.1214／ROE0=-17.24% 非正
     1  EPS0=-0.0216／ROE0=-0.79% 非正
     1  EPS0=-0.0205／ROE0=-0.79% 非正
     1  EPS0=-0.0194／ROE0=-0.79% 非正
     1  EPS0=-0.4995／ROE0=-35.18% 非正
     1  EPS0=-0.4716／ROE0=-35.18% 非正
     1  EPS0=-0.4158／ROE0=-35.18% 非正
     1  EPS0=-0.3734／ROE0=-35.18% 非正
     1  EPS0=-1.1529／ROE0=-21.52% 非正
     1  EPS0=-1.1211／ROE0=-21.52% 非正
     1  EPS0=-1.1582／ROE0=-21.52% 非正
     1  EPS0=-1.1593／ROE0=-21.52% 非正
     1  EPS0=-0.5707／ROE0=-43.92% 非正
     1  EPS0=-0.5041／ROE0=-43.92% 非正
     1  EPS0=-0.4669／ROE0=-43.92% 非正
     1  EPS0=-0.2364／ROE0=-5.40% 非正
     1  EPS0=-0.2343／ROE0=-5.40% 非正
     1  EPS0=-0.2379／ROE0=-5.40% 非正
     1  EPS0=-0.2276／ROE0=-5.40% 非正
     1  EPS0=-0.3225／ROE0=-4.88% 非正
     1  EPS0=-0.3245／ROE0=-4.88% 非正
     1  EPS0=-0.3288／ROE0=-4.88% 非正
     1  EPS0=-0.3329／ROE0=-4.88% 非正
     1  EPS0=-0.0509／ROE0=-2.48% 非正
     1  EPS0=-0.0512／ROE0=-2.48% 非正
     1  EPS0=-0.0500／ROE0=-2.48% 非正
     1  EPS0=-0.0499／ROE0=-2.48% 非正
     1  EPS0=-8.0848／ROE0=-1450.06% 非正
     1  EPS0=-0.0839／ROE0=-1450.06% 非正
     1  EPS0=-0.0672／ROE0=-1.75% 非正
     1  EPS0=-0.0668／ROE0=-1.75% 非正
     1  EPS0=-0.0674／ROE0=-1.75% 非正
     1  EPS0=-0.0846／ROE0=-4.46% 非正
     1  EPS0=-0.0878／ROE0=-4.46% 非正
     1  EPS0=-0.0407／ROE0=-2.08% 非正
     1  EPS0=-0.0424／ROE0=-2.08% 非正
     1  EPS0=-0.0410／ROE0=-2.08% 非正
     1  EPS0=-0.0750／ROE0=-4.34% 非正
     1  EPS0=-0.0696／ROE0=-4.34% 非正
     1  EPS0=-0.0652／ROE0=-4.34% 非正
     1  EPS0=-0.0704／ROE0=-4.34% 非正
     1  EPS0=-0.1889／ROE0=-15.30% 非正
     1  EPS0=-0.1837／ROE0=-15.30% 非正
     1  EPS0=-0.1919／ROE0=-15.30% 非正
     1  EPS0=-0.0253／ROE0=-1.98% 非正
     1  EPS0=-0.0676／ROE0=-6.23% 非正
     1  EPS0=-0.0671／ROE0=-6.23% 非正
     1  EPS0=-0.0790／ROE0=-6.23% 非正
     1  EPS0=-0.0750／ROE0=-6.23% 非正
     1  EPS0=-0.0027／ROE0=-0.16% 非正
     1  EPS0=-0.0026／ROE0=-0.16% 非正
     1  EPS0=-0.0025／ROE0=-0.16% 非正
     1  EPS0=-0.0022／ROE0=-0.16% 非正
     1  EPS0=-0.2032／ROE0=-17.27% 非正
     1  EPS0=-0.1986／ROE0=-17.27% 非正
     1  EPS0=-0.1882／ROE0=-17.27% 非正
     1  EPS0=-0.1861／ROE0=-17.27% 非正
     1  EPS0=-0.2291／ROE0=-32.35% 非正
     1  EPS0=-0.2275／ROE0=-32.35% 非正
     1  EPS0=-0.2034／ROE0=-32.35% 非正
     1  EPS0=-0.0086／ROE0=-0.35% 非正
     1  EPS0=-0.0098／ROE0=-0.41% 非正
     1  EPS0=-0.3939／ROE0=-47.80% 非正
     1  EPS0=-0.4305／ROE0=-47.80% 非正
     1  EPS0=-0.0341／ROE0=-1.95% 非正
     1  EPS0=-0.0330／ROE0=-1.95% 非正
     1  EPS0=-0.0307／ROE0=-1.95% 非正
     1  EPS0=-0.0294／ROE0=-1.95% 非正
     1  EPS0=-0.1437／ROE0=-11.41% 非正
     1  EPS0=-0.1453／ROE0=-11.41% 非正
     1  EPS0=-0.1487／ROE0=-11.41% 非正
     1  EPS0=-0.0217／ROE0=-1.55% 非正
     1  EPS0=-0.1379／ROE0=-8.20% 非正
     1  EPS0=-0.1360／ROE0=-8.20% 非正
     1  EPS0=-0.1362／ROE0=-8.20% 非正
     1  EPS0=-0.1383／ROE0=-8.20% 非正
     1  EPS0=-0.0581／ROE0=-3.73% 非正
     1  EPS0=-0.0582／ROE0=-3.73% 非正
     1  EPS0=-0.0617／ROE0=-3.73% 非正
     1  EPS0=-0.0655／ROE0=-3.73% 非正
     1  EPS0=-0.0697／ROE0=-3.73% 非正
     1  EPS0=-0.0681／ROE0=-3.73% 非正
     1  EPS0=-0.0668／ROE0=-3.73% 非正
     1  EPS0=-0.0677／ROE0=-3.73% 非正
     1  EPS0=-0.1933／ROE0=-26.87% 非正
     1  EPS0=-0.2026／ROE0=-26.87% 非正
     1  EPS0=-0.2043／ROE0=-26.87% 非正
     1  EPS0=-0.2019／ROE0=-26.87% 非正
     1  EPS0=-0.0103／ROE0=-7.97% 非正
     1  EPS0=-0.0074／ROE0=-7.97% 非正
     1  EPS0=-0.0052／ROE0=-7.97% 非正
     1  EPS0=-0.0019／ROE0=-7.97% 非正
     1  EPS0=-0.0396／ROE0=-153.54% 非正
     1  EPS0=-0.0003／ROE0=-153.54% 非正
     1  EPS0=-0.0070／ROE0=-24.10% 非正
     1  EPS0=-0.0082／ROE0=-40.23% 非正
     1  EPS0=-0.0057／ROE0=-40.23% 非正
     1  EPS0=-0.1633／ROE0=-4.74% 非正
     1  EPS0=-0.1610／ROE0=-4.74% 非正
     1  EPS0=-0.1561／ROE0=-4.74% 非正
     1  EPS0=-0.1563／ROE0=-4.74% 非正
     1  EPS0=-0.2450／ROE0=-19.98% 非正
     1  EPS0=-0.2543／ROE0=-19.98% 非正
     1  EPS0=-0.0485／ROE0=-19.98% 非正
     1  EPS0=-0.0111／ROE0=-19.98% 非正
     1  EPS0=-0.0864／ROE0=-106.17% 非正
     1  EPS0=-0.1309／ROE0=-106.17% 非正
     1  EPS0=-0.0058／ROE0=-10.01% 非正
     1  EPS0=-0.0105／ROE0=-10.01% 非正
     1  EPS0=-0.0104／ROE0=-10.01% 非正
     1  EPS0=-0.0791／ROE0=-3.87% 非正
     1  EPS0=-0.0846／ROE0=-3.87% 非正
     1  EPS0=-0.0899／ROE0=-3.87% 非正
     1  EPS0=-0.0919／ROE0=-3.87% 非正
     1  EPS0=-0.0964／ROE0=-2.21% 非正
     1  EPS0=-0.0940／ROE0=-2.21% 非正
     1  EPS0=-0.1589／ROE0=-3.78% 非正
     1  EPS0=-0.1075／ROE0=-2.56% 非正
     1  EPS0=-0.1577／ROE0=-3.78% 非正
     1  EPS0=-0.0504／ROE0=-1.22% 非正
     1  EPS0=-0.0558／ROE0=-1.36% 非正
     1  EPS0=-0.1521／ROE0=-3.78% 非正
     1  EPS0=-0.1510／ROE0=-3.78% 非正
     1  EPS0=-0.1512／ROE0=-3.78% 非正
     1  EPS0=-0.1203／ROE0=-2.98% 非正
     1  EPS0=-0.0071／ROE0=-0.18% 非正
     1  EPS0=-0.0586／ROE0=-1.50% 非正
     1  EPS0=-0.1453／ROE0=-3.78% 非正
     1  EPS0=-0.1264／ROE0=-2.62% 非正
     1  EPS0=-0.1276／ROE0=-2.62% 非正
     1  EPS0=-0.1248／ROE0=-2.62% 非正
     1  EPS0=-0.1267／ROE0=-2.62% 非正
     1  EPS0=-0.1649／ROE0=-3.71% 非正
     1  EPS0=-0.1660／ROE0=-3.71% 非正
     1  EPS0=-0.1670／ROE0=-3.71% 非正
     1  EPS0=-0.1681／ROE0=-3.71% 非正
     1  EPS0=-0.3649／ROE0=-8.04% 非正
     1  EPS0=-0.2131／ROE0=-4.58% 非正
     1  EPS0=-0.0811／ROE0=-5.90% 非正
     1  EPS0=-0.0779／ROE0=-5.90% 非正
     1  EPS0=-0.0757／ROE0=-5.90% 非正
     1  EPS0=-0.0728／ROE0=-5.90% 非正
     1  EPS0=-0.0172／ROE0=-73.65% 非正
     1  EPS0=-0.0100／ROE0=-73.65% 非正
     1  EPS0=-0.0085／ROE0=-73.65% 非正
     1  EPS0=-0.3610／ROE0=-17.68% 非正
     1  EPS0=-0.3644／ROE0=-17.68% 非正
     1  EPS0=-0.3699／ROE0=-17.68% 非正
     1  EPS0=-0.3618／ROE0=-17.68% 非正
     1  EPS0=-0.3755／ROE0=-41.22% 非正
     1  EPS0=-0.3707／ROE0=-41.22% 非正
     1  EPS0=-0.3762／ROE0=-41.22% 非正
     1  EPS0=-0.3807／ROE0=-41.22% 非正
     1  EPS0=-0.1511／ROE0=-8.72% 非正
     1  EPS0=-0.1418／ROE0=-8.72% 非正
     1  EPS0=-0.1401／ROE0=-8.72% 非正
     1  EPS0=-0.0275／ROE0=-1.32% 非正
     1  EPS0=-0.0281／ROE0=-1.32% 非正
     1  EPS0=-0.0977／ROE0=-8.27% 非正
     1  EPS0=-0.0937／ROE0=-8.27% 非正
     1  EPS0=-0.0953／ROE0=-8.27% 非正
     1  EPS0=-0.0959／ROE0=-8.27% 非正
     1  EPS0=-0.6603／ROE0=-9.86% 非正
     1  EPS0=-0.6797／ROE0=-9.86% 非正
     1  EPS0=-0.7285／ROE0=-9.86% 非正
     1  EPS0=-0.7360／ROE0=-9.86% 非正
     1  EPS0=-0.0180／ROE0=-0.51% 非正
     1  EPS0=-0.1834／ROE0=-4.80% 非正
     1  EPS0=-0.1810／ROE0=-4.80% 非正
     1  EPS0=-0.1845／ROE0=-4.80% 非正
     1  EPS0=-0.1867／ROE0=-4.80% 非正
     1  EPS0=-0.1679／ROE0=-4.26% 非正
     1  EPS0=-0.1614／ROE0=-4.26% 非正
     1  EPS0=-0.1620／ROE0=-4.26% 非正
     1  EPS0=-0.1586／ROE0=-4.26% 非正
     1  EPS0=-0.2820／ROE0=-8.52% 非正
     1  EPS0=-0.2688／ROE0=-8.52% 非正
     1  EPS0=-0.2396／ROE0=-8.52% 非正
     1  EPS0=-0.2333／ROE0=-8.52% 非正
     1  EPS0=-0.4914／ROE0=-20.34% 非正
     1  EPS0=-0.4975／ROE0=-20.34% 非正
     1  EPS0=-0.0721／ROE0=-2.88% 非正
     1  EPS0=-0.0056／ROE0=-0.28% 非正
     1  EPS0=-0.0055／ROE0=-0.28% 非正
     1  EPS0=-0.0054／ROE0=-0.28% 非正
     1  EPS0=-0.0053／ROE0=-0.28% 非正
     1  EPS0=-0.0231／ROE0=-64.86% 非正
     1  EPS0=-0.0297／ROE0=-70.24% 非正
     1  EPS0=-0.3278／ROE0=-185.92% 非正
     1  EPS0=-0.2983／ROE0=-7.11% 非正
     1  EPS0=-0.2956／ROE0=-7.11% 非正
     1  EPS0=-0.3019／ROE0=-7.11% 非正
     1  EPS0=-0.2922／ROE0=-7.11% 非正
     1  EPS0=-0.6721／ROE0=-24.55% 非正
     1  EPS0=-0.6081／ROE0=-24.55% 非正
     1  EPS0=-0.5590／ROE0=-24.55% 非正
     1  EPS0=-0.4922／ROE0=-24.55% 非正
     1  EPS0=-0.6674／ROE0=-36.36% 非正
     1  EPS0=-0.5802／ROE0=-36.36% 非正
     1  EPS0=-0.5669／ROE0=-36.36% 非正
     1  EPS0=-0.2209／ROE0=-4.41% 非正
     1  EPS0=-0.2173／ROE0=-4.41% 非正
     1  EPS0=-0.0446／ROE0=-1.05% 非正
     1  EPS0=-0.0448／ROE0=-1.05% 非正
     1  EPS0=-0.0449／ROE0=-1.05% 非正
     1  EPS0=-0.1120／ROE0=-4.37% 非正
     1  EPS0=-0.1077／ROE0=-4.37% 非正
     1  EPS0=-0.0984／ROE0=-4.37% 非正
     1  EPS0=-0.0939／ROE0=-4.37% 非正
     1  EPS0=-0.2409／ROE0=-12.16% 非正
     1  EPS0=-0.2327／ROE0=-12.16% 非正
     1  EPS0=-0.2249／ROE0=-12.16% 非正
     1  EPS0=-0.1568／ROE0=-9.42% 非正
     1  EPS0=-0.4109／ROE0=-19.51% 非正
     1  EPS0=-0.4081／ROE0=-19.51% 非正
     1  EPS0=-0.4129／ROE0=-19.51% 非正
     1  EPS0=-0.4137／ROE0=-19.51% 非正
     1  EPS0=-0.9282／ROE0=-13.00% 非正
     1  EPS0=-0.9124／ROE0=-13.00% 非正
     1  EPS0=-0.8968／ROE0=-13.00% 非正
     1  EPS0=-0.8969／ROE0=-13.00% 非正
     1  EPS0=-1.0957／ROE0=-23.04% 非正
     1  EPS0=-1.0690／ROE0=-23.04% 非正
     1  EPS0=-1.0546／ROE0=-23.04% 非正
     1  EPS0=-1.0319／ROE0=-23.04% 非正
     1  EPS0=-1.1694／ROE0=-45.84% 非正
     1  EPS0=-1.1270／ROE0=-45.84% 非正
     1  EPS0=-1.0018／ROE0=-45.84% 非正
     1  EPS0=-0.9593／ROE0=-45.84% 非正
     1  EPS0=-0.6620／ROE0=-57.82% 非正
     1  EPS0=-0.5949／ROE0=-57.82% 非正
     1  EPS0=-0.4544／ROE0=-57.82% 非正
     1  EPS0=-0.3056／ROE0=-11.64% 非正
     1  EPS0=-0.2970／ROE0=-11.64% 非正
     1  EPS0=-0.2913／ROE0=-11.64% 非正
     1  EPS0=-0.2947／ROE0=-11.64% 非正
     1  EPS0=-0.1626／ROE0=-3.82% 非正
     1  EPS0=-0.1635／ROE0=-3.82% 非正
     1  EPS0=-0.1581／ROE0=-3.82% 非正
     1  EPS0=-0.1576／ROE0=-3.82% 非正
     1  EPS0=-0.0774／ROE0=-1.66% 非正
     1  EPS0=-0.0775／ROE0=-1.66% 非正
     1  EPS0=-0.0828／ROE0=-2.89% 非正
     1  EPS0=-0.0829／ROE0=-2.89% 非正
     1  EPS0=-0.0831／ROE0=-2.89% 非正
     1  EPS0=-0.2193／ROE0=-7.44% 非正
     1  EPS0=-0.2124／ROE0=-7.44% 非正
     1  EPS0=-0.1990／ROE0=-7.44% 非正
     1  EPS0=-0.1927／ROE0=-7.44% 非正
     1  EPS0=-0.4135／ROE0=-22.74% 非正
     1  EPS0=-0.3941／ROE0=-22.74% 非正
     1  EPS0=-0.3546／ROE0=-22.74% 非正
     1  EPS0=-0.3304／ROE0=-22.74% 非正
     1  EPS0=-0.2042／ROE0=-21.63% 非正
     1  EPS0=-0.1912／ROE0=-21.63% 非正
     1  EPS0=-0.1766／ROE0=-21.63% 非正
     1  EPS0=-0.1697／ROE0=-21.63% 非正
     1  EPS0=-0.1290／ROE0=-17.24% 非正
     1  EPS0=-0.1277／ROE0=-17.24% 非正
     1  EPS0=-0.1176／ROE0=-17.24% 非正
     1  EPS0=-0.4166／ROE0=-48.38% 非正
     1  EPS0=-0.4357／ROE0=-48.38% 非正
     1  EPS0=-0.9160／ROE0=-32.14% 非正
     1  EPS0=-0.1678／ROE0=-4.05% 非正
     1  EPS0=-0.1563／ROE0=-4.05% 非正
     1  EPS0=-0.1513／ROE0=-4.05% 非正
     1  EPS0=-0.1413／ROE0=-4.05% 非正
     1  EPS0=-0.5749／ROE0=-17.07% 非正
     1  EPS0=-0.5557／ROE0=-17.07% 非正
     1  EPS0=-0.5323／ROE0=-17.07% 非正
     1  EPS0=-0.5466／ROE0=-17.07% 非正
     1  EPS0=-0.6626／ROE0=-32.32% 非正
     1  EPS0=-0.6077／ROE0=-32.32% 非正
     1  EPS0=-0.6186／ROE0=-32.32% 非正
     1  EPS0=-0.6244／ROE0=-32.32% 非正
     1  EPS0=-0.4205／ROE0=-26.88% 非正
     1  EPS0=-0.3711／ROE0=-26.88% 非正
     1  EPS0=-0.2751／ROE0=-26.88% 非正
     1  EPS0=-0.2091／ROE0=-11.47% 非正
     1  EPS0=-0.1990／ROE0=-11.47% 非正
     1  EPS0=-0.1869／ROE0=-11.47% 非正
     1  EPS0=-0.1730／ROE0=-11.47% 非正
     1  EPS0=-0.0596／ROE0=-74.97% 非正
     1  EPS0=-0.0278／ROE0=-74.97% 非正
     1  EPS0=-0.0219／ROE0=-74.97% 非正
     1  EPS0=-0.0392／ROE0=-74.97% 非正
     1  EPS0=-0.0299／ROE0=-7.43% 非正
     1  EPS0=-0.0263／ROE0=-7.43% 非正
     1  EPS0=-0.0248／ROE0=-7.43% 非正
     1  EPS0=-0.0244／ROE0=-7.43% 非正
     1  EPS0=-0.0283／ROE0=-8.92% 非正
     1  EPS0=-0.0246／ROE0=-8.92% 非正
     1  EPS0=-0.0236／ROE0=-8.92% 非正
     1  EPS0=-0.0232／ROE0=-8.92% 非正
     1  EPS0=-0.0229／ROE0=-8.92% 非正
     1  EPS0=-0.0176／ROE0=-8.92% 非正
     1  EPS0=-0.0165／ROE0=-8.92% 非正
     1  EPS0=-0.0121／ROE0=-8.92% 非正
     1  EPS0=-0.0092／ROE0=-8.92% 非正
     1  EPS0=-0.0040／ROE0=-8.92% 非正
     1  EPS0=-0.0030／ROE0=-8.92% 非正
     1  EPS0=-0.1393／ROE0=-1.88% 非正
     1  EPS0=-0.1387／ROE0=-1.88% 非正
     1  EPS0=-0.1348／ROE0=-1.88% 非正
     1  EPS0=-0.0399／ROE0=-1.27% 非正
     1  EPS0=-0.0401／ROE0=-1.27% 非正
     1  EPS0=-0.0393／ROE0=-1.27% 非正
     1  EPS0=-0.0392／ROE0=-1.27% 非正
     1  EPS0=-0.2254／ROE0=-18.69% 非正
     1  EPS0=-0.2063／ROE0=-18.69% 非正
     1  EPS0=-0.1832／ROE0=-18.69% 非正
     1  EPS0=-0.1614／ROE0=-18.69% 非正
     1  EPS0=-0.4714／ROE0=-25.06% 非正
     1  EPS0=-0.4729／ROE0=-25.06% 非正
     1  EPS0=-0.4733／ROE0=-25.06% 非正
     1  EPS0=-0.3619／ROE0=-19.08% 非正
     1  EPS0=-0.0094／ROE0=-7.63% 非正
     1  EPS0=-0.0075／ROE0=-7.63% 非正
     1  EPS0=-0.0061／ROE0=-7.63% 非正
     1  EPS0=-0.0051／ROE0=-7.63% 非正
     1  EPS0=-0.0112／ROE0=-7.63% 非正
     1  EPS0=-0.0109／ROE0=-7.63% 非正
     1  EPS0=-0.0086／ROE0=-7.63% 非正
     1  EPS0=-0.0080／ROE0=-7.63% 非正
     1  EPS0=-0.0056／ROE0=-9.93% 非正
     1  EPS0=-0.0048／ROE0=-9.93% 非正
     1  EPS0=-0.0034／ROE0=-9.93% 非正
     1  EPS0=-0.0031／ROE0=-9.93% 非正
     1  EPS0=-0.0404／ROE0=-37.67% 非正
     1  EPS0=-0.0420／ROE0=-37.67% 非正
     1  EPS0=-0.0384／ROE0=-34.31% 非正
     1  EPS0=-0.0438／ROE0=-1.71% 非正
     1  EPS0=-0.0436／ROE0=-1.71% 非正
     1  EPS0=-0.0431／ROE0=-1.71% 非正
     1  EPS0=-0.0419／ROE0=-1.71% 非正
     1  EPS0=-0.1078／ROE0=-4.52% 非正
     1  EPS0=-0.1075／ROE0=-4.52% 非正
     1  EPS0=-0.1046／ROE0=-4.52% 非正
     1  EPS0=-0.1054／ROE0=-4.52% 非正
     1  EPS0=-0.1053／ROE0=-3.70% 非正
     1  EPS0=-0.1066／ROE0=-3.70% 非正
     1  EPS0=-0.1060／ROE0=-3.70% 非正
     1  EPS0=-0.1061／ROE0=-3.70% 非正
     1  EPS0=-0.0413／ROE0=-1.47% 非正
     1  EPS0=-0.0409／ROE0=-1.47% 非正
     1  EPS0=-0.0407／ROE0=-1.47% 非正
     1  EPS0=-0.1382／ROE0=-9.51% 非正
     1  EPS0=-0.1396／ROE0=-9.51% 非正
     1  EPS0=-0.1351／ROE0=-9.51% 非正
     1  EPS0=-0.1296／ROE0=-9.51% 非正
     1  EPS0=-0.0713／ROE0=-68.31% 非正
     1  EPS0=-0.0600／ROE0=-68.31% 非正
     1  EPS0=-0.0539／ROE0=-68.31% 非正
     1  EPS0=-0.0534／ROE0=-68.31% 非正
     1  EPS0=-1.3434／ROE0=-161.34% 非正
     1  EPS0=-1.3444／ROE0=-161.34% 非正
     1  EPS0=-0.7926／ROE0=-161.34% 非正
     1  EPS0=-0.8231／ROE0=-161.34% 非正
     1  EPS0=-0.1006／ROE0=-1.60% 非正
     1  EPS0=-0.1022／ROE0=-1.60% 非正
     1  EPS0=-0.1028／ROE0=-1.60% 非正
     1  EPS0=-0.0325／ROE0=-0.71% 非正
     1  EPS0=-0.0323／ROE0=-0.71% 非正
     1  EPS0=-0.0321／ROE0=-0.71% 非正
     1  EPS0=-0.0320／ROE0=-0.71% 非正
     1  EPS0=-0.0853／ROE0=-1.92% 非正
     1  EPS0=-0.0844／ROE0=-1.92% 非正
     1  EPS0=-0.0837／ROE0=-1.92% 非正
     1  EPS0=-0.0831／ROE0=-1.92% 非正
     1  EPS0=-0.1593／ROE0=-3.73% 非正
     1  EPS0=-0.1571／ROE0=-3.73% 非正
     1  EPS0=-0.1567／ROE0=-3.73% 非正
     1  EPS0=-0.1454／ROE0=-3.49% 非正
     1  EPS0=-0.1769／ROE0=-4.36% 非正
     1  EPS0=-0.1737／ROE0=-4.36% 非正
     1  EPS0=-0.1718／ROE0=-4.36% 非正
     1  EPS0=-0.1681／ROE0=-4.36% 非正
     1  EPS0=-0.2012／ROE0=-5.32% 非正
     1  EPS0=-0.1978／ROE0=-5.32% 非正
     1  EPS0=-0.1935／ROE0=-5.32% 非正
     1  EPS0=-0.0419／ROE0=-1.29% 非正
     1  EPS0=-0.0414／ROE0=-1.29% 非正
     1  EPS0=-0.0659／ROE0=-2.12% 非正
     1  EPS0=-0.0649／ROE0=-2.12% 非正
     1  EPS0=-0.0642／ROE0=-2.12% 非正
     1  EPS0=-0.0633／ROE0=-2.12% 非正
     1  EPS0=-0.2458／ROE0=-9.74% 非正
     1  EPS0=-0.2625／ROE0=-9.74% 非正
     1  EPS0=-0.2541／ROE0=-9.74% 非正
     1  EPS0=-0.2503／ROE0=-9.74% 非正
     1  EPS0=-0.1011／ROE0=-4.55% 非正
     1  EPS0=-0.0982／ROE0=-4.55% 非正
     1  EPS0=-0.0963／ROE0=-4.55% 非正
     1  EPS0=-0.1605／ROE0=-5.53% 非正
     1  EPS0=-0.1731／ROE0=-5.53% 非正
     1  EPS0=-0.1355／ROE0=-5.53% 非正
     1  EPS0=-0.1326／ROE0=-5.53% 非正
     1  EPS0=-0.1388／ROE0=-5.53% 非正
     1  EPS0=-0.0081／ROE0=-0.16% 非正
     1  EPS0=-0.0078／ROE0=-0.16% 非正
     1  EPS0=-0.0077／ROE0=-0.16% 非正
     1  EPS0=-0.1356／ROE0=-7.46% 非正
     1  EPS0=-0.1373／ROE0=-7.46% 非正
     1  EPS0=-0.1382／ROE0=-7.46% 非正
     1  EPS0=-0.0294／ROE0=-2.34% 非正
     1  EPS0=-0.0322／ROE0=-1.31% 非正
     1  EPS0=-0.0319／ROE0=-1.31% 非正
     1  EPS0=-0.0315／ROE0=-1.31% 非正
     1  EPS0=-0.0761／ROE0=-2.39% 非正
     1  EPS0=-0.0756／ROE0=-2.39% 非正
     1  EPS0=-0.0763／ROE0=-2.39% 非正
     1  EPS0=-0.0476／ROE0=-1.49% 非正
     1  EPS0=-0.4362／ROE0=-23.33% 非正
     1  EPS0=-0.4458／ROE0=-23.33% 非正
     1  EPS0=-0.4482／ROE0=-23.33% 非正
     1  EPS0=-0.4342／ROE0=-23.33% 非正
     1  EPS0=-0.3214／ROE0=-61.98% 非正
     1  EPS0=-0.3046／ROE0=-61.98% 非正
     1  EPS0=-0.4239／ROE0=-61.98% 非正
     1  EPS0=-0.4418／ROE0=-61.98% 非正
     1  EPS0=-0.2645／ROE0=-9.07% 非正
     1  EPS0=-0.2558／ROE0=-9.07% 非正
     1  EPS0=-0.2487／ROE0=-9.07% 非正
     1  EPS0=-0.2102／ROE0=-9.07% 非正
     1  EPS0=-0.2882／ROE0=-10.15% 非正
     1  EPS0=-0.2805／ROE0=-10.15% 非正
     1  EPS0=-0.2702／ROE0=-10.15% 非正
     1  EPS0=-0.2500／ROE0=-10.15% 非正
     1  EPS0=-0.4319／ROE0=-20.69% 非正
     1  EPS0=-0.4135／ROE0=-20.69% 非正
     1  EPS0=-0.3728／ROE0=-20.69% 非正
     1  EPS0=-0.3226／ROE0=-20.69% 非正
     1  EPS0=-0.2187／ROE0=-64.55% 非正
     1  EPS0=-0.1860／ROE0=-64.55% 非正
     1  EPS0=-0.1565／ROE0=-64.55% 非正
     1  EPS0=-0.2378／ROE0=-64.55% 非正
     1  EPS0=-0.0180／ROE0=-10.15% 非正
     1  EPS0=-0.0326／ROE0=-20.69% 非正
     1  EPS0=-0.0359／ROE0=-20.69% 非正
     1  EPS0=-0.0371／ROE0=-20.69% 非正
     1  EPS0=-0.0433／ROE0=-21.69% 非正
     1  EPS0=-0.0444／ROE0=-20.55% 非正
     1  EPS0=-0.0471／ROE0=-21.69% 非正
     1  EPS0=-0.0488／ROE0=-21.41% 非正
     1  EPS0=-0.1912／ROE0=-7.17% 非正
     1  EPS0=-0.1906／ROE0=-7.17% 非正
     1  EPS0=-0.1995／ROE0=-7.17% 非正
     1  EPS0=-0.1992／ROE0=-7.17% 非正
     1  EPS0=-0.8469／ROE0=-15.14% 非正
     1  EPS0=-0.8288／ROE0=-15.14% 非正
     1  EPS0=-0.7651／ROE0=-15.14% 非正
     1  EPS0=-0.7282／ROE0=-15.14% 非正
     1  EPS0=-0.8382／ROE0=-25.30% 非正
     1  EPS0=-0.8401／ROE0=-25.30% 非正
     1  EPS0=-0.8309／ROE0=-25.30% 非正
     1  EPS0=-0.2711／ROE0=-5.08% 非正
     1  EPS0=-0.2693／ROE0=-5.08% 非正
     1  EPS0=-0.2673／ROE0=-5.08% 非正
     1  EPS0=-0.2650／ROE0=-5.08% 非正
     1  EPS0=-0.4854／ROE0=-12.65% 非正
     1  EPS0=-0.4753／ROE0=-12.65% 非正
     1  EPS0=-0.4688／ROE0=-12.65% 非正
     1  EPS0=-0.5278／ROE0=-23.50% 非正
     1  EPS0=-0.5350／ROE0=-23.50% 非正
     1  EPS0=-0.6863／ROE0=-23.50% 非正
     1  EPS0=-0.7027／ROE0=-23.50% 非正
     1  EPS0=-0.0533／ROE0=-6.20% 非正
     1  EPS0=-0.0523／ROE0=-6.20% 非正
     1  EPS0=-0.0516／ROE0=-6.20% 非正
     1  EPS0=-0.0508／ROE0=-6.20% 非正
     1  EPS0=-0.0649／ROE0=-10.05% 非正
     1  EPS0=-0.0630／ROE0=-10.05% 非正
     1  EPS0=-0.0633／ROE0=-10.05% 非正
     1  EPS0=-0.0626／ROE0=-10.05% 非正
     1  EPS0=-0.0123／ROE0=-1.88% 非正
     1  EPS0=-0.0034／ROE0=-0.52% 非正
     1  EPS0=-0.0387／ROE0=-6.84% 非正
     1  EPS0=-0.0094／ROE0=-1.66% 非正
     1  EPS0=-0.0638／ROE0=-3.22% 非正
     1  EPS0=-0.0633／ROE0=-3.22% 非正
     1  EPS0=-0.0617／ROE0=-3.22% 非正
     1  EPS0=-0.0603／ROE0=-3.22% 非正
     1  EPS0=-0.5976／ROE0=-185.87% 非正
     1  EPS0=-0.5211／ROE0=-185.87% 非正
     1  EPS0=-0.2885／ROE0=-12.77% 非正
     1  EPS0=-0.2899／ROE0=-12.77% 非正
     1  EPS0=-0.2919／ROE0=-12.77% 非正
     1  EPS0=-0.2958／ROE0=-12.77% 非正
     1  EPS0=-0.1122／ROE0=-9.71% 非正
     1  EPS0=-0.1118／ROE0=-9.71% 非正
     1  EPS0=-0.1123／ROE0=-9.71% 非正
     1  EPS0=-0.1124／ROE0=-9.71% 非正
     1  EPS0=-0.1705／ROE0=-13.57% 非正
     1  EPS0=-0.1822／ROE0=-13.57% 非正
     1  EPS0=-0.1497／ROE0=-13.57% 非正
     1  EPS0=-0.1812／ROE0=-13.57% 非正
     1  EPS0=-0.0388／ROE0=-3.14% 非正
     1  EPS0=-0.0434／ROE0=-3.14% 非正
     1  EPS0=-0.0450／ROE0=-3.14% 非正
     1  EPS0=-0.0457／ROE0=-3.14% 非正
     1  EPS0=-0.0564／ROE0=-3.27% 非正
     1  EPS0=-0.0565／ROE0=-3.27% 非正
     1  EPS0=-0.0566／ROE0=-3.27% 非正
     1  EPS0=-0.0559／ROE0=-3.27% 非正
     1  EPS0=-0.0438／ROE0=-2.65% 非正
     1  EPS0=-0.0441／ROE0=-2.65% 非正
     1  EPS0=-0.0442／ROE0=-2.65% 非正
     1  EPS0=-0.0375／ROE0=-2.25% 非正
     1  EPS0=-0.0812／ROE0=-10.00% 非正
     1  EPS0=-0.0724／ROE0=-10.00% 非正
     1  EPS0=-0.0621／ROE0=-10.00% 非正
     1  EPS0=-0.0530／ROE0=-10.00% 非正
     1  EPS0=-0.1436／ROE0=-30.56% 非正
     1  EPS0=-0.1107／ROE0=-21.38% 非正
     1  EPS0=-0.1185／ROE0=-27.92% 非正
     1  EPS0=-0.0426／ROE0=-10.88% 非正
     1  EPS0=-0.1541／ROE0=-37.22% 非正
     1  EPS0=-0.0822／ROE0=-37.22% 非正
     1  EPS0=-0.0518／ROE0=-37.22% 非正
     1  EPS0=-0.0683／ROE0=-70.87% 非正
     1  EPS0=-0.0808／ROE0=-70.87% 非正
     1  EPS0=-0.0425／ROE0=-37.22% 非正
     1  EPS0=-0.0430／ROE0=-37.22% 非正
     1  EPS0=-0.0310／ROE0=-37.22% 非正
     1  EPS0=-0.0335／ROE0=-40.00% 非正
     1  EPS0=-0.0337／ROE0=-40.00% 非正
     1  EPS0=-0.0267／ROE0=-40.00% 非正
     1  EPS0=-0.0414／ROE0=-1.50% 非正
     1  EPS0=-0.0416／ROE0=-1.50% 非正
     1  EPS0=-0.1072／ROE0=-3.43% 非正
     1  EPS0=-0.1052／ROE0=-3.43% 非正
     1  EPS0=-0.1055／ROE0=-3.43% 非正
     1  EPS0=-0.1057／ROE0=-3.43% 非正
     1  EPS0=-0.0701／ROE0=-1.55% 非正
     1  EPS0=-0.0706／ROE0=-1.55% 非正
     1  EPS0=-0.0709／ROE0=-1.55% 非正
     1  EPS0=-0.0445／ROE0=-1.52% 非正
     1  EPS0=-0.0443／ROE0=-1.52% 非正
     1  EPS0=-0.0440／ROE0=-1.52% 非正
     1  EPS0=-0.0442／ROE0=-1.52% 非正
     1  EPS0=-0.1467／ROE0=-10.65% 非正
     1  EPS0=-0.1378／ROE0=-10.65% 非正
     1  EPS0=-0.1342／ROE0=-10.65% 非正
     1  EPS0=-0.1477／ROE0=-10.65% 非正
     1  EPS0=-0.1470／ROE0=-8.07% 非正
     1  EPS0=-0.1460／ROE0=-8.07% 非正
     1  EPS0=-0.1481／ROE0=-8.07% 非正
     1  EPS0=-0.1462／ROE0=-8.07% 非正
     1  EPS0=-0.1460／ROE0=-9.57% 非正
     1  EPS0=-0.1441／ROE0=-9.57% 非正
     1  EPS0=-0.1468／ROE0=-9.57% 非正
     1  EPS0=-0.1450／ROE0=-9.57% 非正
     1  EPS0=-0.0552／ROE0=-3.87% 非正
     1  EPS0=-0.0274／ROE0=-1.93% 非正
     1  EPS0=-0.0814／ROE0=-5.73% 非正
     1  EPS0=-0.0763／ROE0=-5.43% 非正
     1  EPS0=-0.1077／ROE0=-9.78% 非正
     1  EPS0=-0.1075／ROE0=-9.78% 非正
     1  EPS0=-0.1060／ROE0=-9.78% 非正
     1  EPS0=-0.0434／ROE0=-2.61% 非正
     1  EPS0=-0.3477／ROE0=-7.31% 非正
     1  EPS0=-0.3503／ROE0=-7.31% 非正
     1  EPS0=-0.2986／ROE0=-7.31% 非正
     1  EPS0=-0.3433／ROE0=-7.31% 非正
     1  EPS0=-1.5213／ROE0=-49.85% 非正
     1  EPS0=-1.4026／ROE0=-49.85% 非正
     1  EPS0=-1.0993／ROE0=-49.85% 非正
     1  EPS0=-0.9414／ROE0=-49.85% 非正
     1  EPS0=-0.2562／ROE0=-22.67% 非正
     1  EPS0=-0.2388／ROE0=-22.67% 非正
     1  EPS0=-0.2226／ROE0=-22.67% 非正
     1  EPS0=-0.2149／ROE0=-22.67% 非正
     1  EPS0=-0.0781／ROE0=-8.04% 非正
     1  EPS0=-0.0831／ROE0=-8.72% 非正
     1  EPS0=-0.0704／ROE0=-7.56% 非正
     1  EPS0=-0.0782／ROE0=-8.54% 非正
     1  EPS0=-0.0846／ROE0=-9.60% 非正
     1  EPS0=-0.0855／ROE0=-10.04% 非正
     1  EPS0=-0.0056／ROE0=-0.66% 非正
     1  EPS0=-0.0543／ROE0=-6.54% 非正
     1  EPS0=-0.0466／ROE0=-5.66% 非正
     1  EPS0=-0.0216／ROE0=-2.68% 非正
     1  EPS0=-0.0253／ROE0=-3.24% 非正
     1  EPS0=-0.0310／ROE0=-4.02% 非正
     1  EPS0=-0.1147／ROE0=-2.88% 非正
     1  EPS0=-0.1161／ROE0=-2.88% 非正
     1  EPS0=-0.1134／ROE0=-2.88% 非正
     1  EPS0=-0.1145／ROE0=-2.88% 非正
     1  EPS0=-1.0414／ROE0=-65.47% 非正
     1  EPS0=-1.0669／ROE0=-65.47% 非正
     1  EPS0=-1.1160／ROE0=-65.47% 非正
     1  EPS0=-1.1788／ROE0=-65.47% 非正
     1  EPS0=-0.2547／ROE0=-6.83% 非正
     1  EPS0=-0.2580／ROE0=-6.83% 非正
     1  EPS0=-0.2597／ROE0=-6.83% 非正
     1  EPS0=-0.2581／ROE0=-6.83% 非正
     1  EPS0=-0.1787／ROE0=-4.84% 非正
     1  EPS0=-0.1739／ROE0=-4.84% 非正
     1  EPS0=-0.1654／ROE0=-4.84% 非正
     1  EPS0=-0.1568／ROE0=-4.84% 非正
     1  EPS0=-0.5516／ROE0=-18.77% 非正
     1  EPS0=-0.0532／ROE0=-1.67% 非正
     1  EPS0=-0.2394／ROE0=-8.29% 非正
     1  EPS0=-0.2430／ROE0=-8.29% 非正
     1  EPS0=-0.2461／ROE0=-8.29% 非正
     1  EPS0=-0.2466／ROE0=-8.29% 非正
     1  EPS0=-0.1091／ROE0=-5.37% 非正
     1  EPS0=-0.1105／ROE0=-5.37% 非正
     1  EPS0=-0.0782／ROE0=-2.11% 非正
     1  EPS0=-0.0775／ROE0=-2.11% 非正
     1  EPS0=-0.0670／ROE0=-2.11% 非正
     1  EPS0=-0.0673／ROE0=-2.11% 非正
     1  EPS0=-0.0049／ROE0=-0.09% 非正
     1  EPS0=-0.1077／ROE0=-4.30% 非正
     1  EPS0=-0.1069／ROE0=-4.30% 非正
     1  EPS0=-0.0996／ROE0=-4.30% 非正
     1  EPS0=-0.0954／ROE0=-4.30% 非正
     1  EPS0=-0.2260／ROE0=-3.99% 非正
     1  EPS0=-0.2246／ROE0=-3.99% 非正
     1  EPS0=-0.2201／ROE0=-3.99% 非正
     1  EPS0=-0.2197／ROE0=-3.99% 非正
     1  EPS0=-0.3995／ROE0=-8.23% 非正
     1  EPS0=-0.4031／ROE0=-8.23% 非正
     1  EPS0=-0.3614／ROE0=-8.23% 非正
     1  EPS0=-0.3565／ROE0=-8.23% 非正
     1  EPS0=-0.8063／ROE0=-29.56% 非正
     1  EPS0=-0.8237／ROE0=-29.56% 非正
     1  EPS0=-0.8139／ROE0=-29.56% 非正
     1  EPS0=-0.8175／ROE0=-29.56% 非正
     1  EPS0=-0.0864／ROE0=-1.84% 非正
     1  EPS0=-0.0945／ROE0=-2.42% 非正
     1  EPS0=-0.0963／ROE0=-2.42% 非正
     1  EPS0=-0.0973／ROE0=-2.42% 非正
     1  EPS0=-0.0992／ROE0=-2.42% 非正
     1  EPS0=-0.1009／ROE0=-1.60% 非正
     1  EPS0=-0.0980／ROE0=-1.60% 非正
     1  EPS0=-0.0982／ROE0=-1.60% 非正
     1  EPS0=-0.0465／ROE0=-1.98% 非正
     1  EPS0=-0.0443／ROE0=-1.98% 非正
     1  EPS0=-0.0420／ROE0=-1.98% 非正
     1  EPS0=-0.1830／ROE0=-10.77% 非正
     1  EPS0=-0.1793／ROE0=-10.77% 非正
     1  EPS0=-0.1602／ROE0=-10.77% 非正
     1  EPS0=-0.1513／ROE0=-10.77% 非正
     1  EPS0=-0.2792／ROE0=-22.23% 非正
     1  EPS0=-0.2582／ROE0=-22.23% 非正
     1  EPS0=-0.1923／ROE0=-22.23% 非正
     1  EPS0=-0.1499／ROE0=-22.23% 非正
     1  EPS0=-0.1842／ROE0=-65.87% 非正
     1  EPS0=-0.2838／ROE0=-65.87% 非正
     1  EPS0=-0.1859／ROE0=-65.87% 非正
     1  EPS0=-0.0951／ROE0=-65.87% 非正
     1  EPS0=-0.0262／ROE0=-19.38% 非正
     1  EPS0=-0.0280／ROE0=-19.38% 非正
     1  EPS0=-0.0281／ROE0=-19.38% 非正
     1  EPS0=-0.1342／ROE0=-17.85% 非正
     1  EPS0=-0.0748／ROE0=-17.85% 非正
     1  EPS0=-0.0620／ROE0=-17.85% 非正
     1  EPS0=-0.1128／ROE0=-17.85% 非正
     1  EPS0=-0.0066／ROE0=-27.32% 非正
     1  EPS0=-0.0279／ROE0=-239.91% 非正
     1  EPS0=-0.0298／ROE0=-239.91% 非正
     1  EPS0=-0.0152／ROE0=-239.91% 非正
     1  EPS0=-0.0008／ROE0=-239.91% 非正
     1  EPS0=-0.0253／ROE0=-32.24% 非正
     1  EPS0=-0.0138／ROE0=-32.24% 非正
     1  EPS0=-0.0091／ROE0=-38.33% 非正
     1  EPS0=-0.0024／ROE0=-38.33% 非正
     1  EPS0=-0.0338／ROE0=-38.33% 非正
     1  EPS0=-0.0304／ROE0=-38.33% 非正
     1  EPS0=-0.0248／ROE0=-38.33% 非正
     1  EPS0=-0.0946／ROE0=-3.98% 非正
     1  EPS0=-0.0924／ROE0=-3.98% 非正
     1  EPS0=-0.0920／ROE0=-3.98% 非正
     1  EPS0=-0.9206／ROE0=-14.27% 非正
     1  EPS0=-0.9270／ROE0=-14.27% 非正
     1  EPS0=-0.7151／ROE0=-14.27% 非正
     1  EPS0=-0.6783／ROE0=-14.27% 非正
     1  EPS0=-0.8422／ROE0=-50.77% 非正
     1  EPS0=-0.8053／ROE0=-50.77% 非正
     1  EPS0=-0.7658／ROE0=-50.77% 非正
     1  EPS0=-0.7267／ROE0=-50.77% 非正
     1  EPS0=-0.0154／ROE0=-3.27% 非正
     1  EPS0=-0.0127／ROE0=-3.27% 非正
     1  EPS0=-0.0202／ROE0=-3.32% 非正
     1  EPS0=-0.1839／ROE0=-4.61% 非正
     1  EPS0=-0.1778／ROE0=-4.61% 非正
     1  EPS0=-0.1692／ROE0=-4.61% 非正
     1  EPS0=-0.1560／ROE0=-4.61% 非正
     1  EPS0=-0.5642／ROE0=-30.88% 非正
     1  EPS0=-0.5034／ROE0=-30.88% 非正
     1  EPS0=-0.4458／ROE0=-30.88% 非正
     1  EPS0=-0.3391／ROE0=-30.88% 非正
     1  EPS0=-0.2804／ROE0=-109.36% 非正
     1  EPS0=-0.2793／ROE0=-109.36% 非正
     1  EPS0=-0.2801／ROE0=-109.36% 非正
     1  EPS0=-0.2199／ROE0=-85.88% 非正
     1  EPS0=-0.0172／ROE0=-4.32% 非正
     1  EPS0=-0.2225／ROE0=-9.93% 非正
     1  EPS0=-0.2204／ROE0=-9.93% 非正
     1  EPS0=-0.2083／ROE0=-9.93% 非正
     1  EPS0=-0.2514／ROE0=-9.93% 非正
     1  EPS0=-0.6537／ROE0=-10.87% 非正
     1  EPS0=-0.6546／ROE0=-10.87% 非正
     1  EPS0=-0.6038／ROE0=-10.87% 非正
     1  EPS0=-0.5512／ROE0=-10.87% 非正
     1  EPS0=-0.6980／ROE0=-40.06% 非正
     1  EPS0=-0.6201／ROE0=-40.06% 非正
     1  EPS0=-0.5834／ROE0=-40.06% 非正
     1  EPS0=-0.5110／ROE0=-40.06% 非正
     1  EPS0=-0.1964／ROE0=-36.67% 非正
     1  EPS0=-0.1875／ROE0=-36.67% 非正
     1  EPS0=-0.1593／ROE0=-36.67% 非正
     1  EPS0=-0.1189／ROE0=-36.67% 非正
     1  EPS0=-0.1377／ROE0=-77.55% 非正
     1  EPS0=-0.0752／ROE0=-77.55% 非正
     1  EPS0=-0.0469／ROE0=-77.55% 非正
     1  EPS0=-0.0233／ROE0=-77.55% 非正
     1  EPS0=-0.1214／ROE0=-3.72% 非正
     1  EPS0=-0.1247／ROE0=-3.72% 非正
     1  EPS0=-0.1227／ROE0=-3.72% 非正
     1  EPS0=-0.1259／ROE0=-3.72% 非正
     1  EPS0=-0.3298／ROE0=-12.99% 非正
     1  EPS0=-0.3230／ROE0=-12.99% 非正
     1  EPS0=-0.2991／ROE0=-12.99% 非正
     1  EPS0=-0.2554／ROE0=-42.30% 非正
     1  EPS0=-0.2369／ROE0=-42.30% 非正
     1  EPS0=-0.2144／ROE0=-42.30% 非正
     1  EPS0=-0.1717／ROE0=-42.30% 非正
     1  EPS0=-0.0020／ROE0=-1.29% 非正
     1  EPS0=-0.0021／ROE0=-1.29% 非正
     1  EPS0=-0.0022／ROE0=-1.29% 非正
     1  EPS0=-0.0024／ROE0=-1.29% 非正
     1  EPS0=-0.0545／ROE0=-2.52% 非正
     1  EPS0=-0.0541／ROE0=-2.52% 非正
     1  EPS0=-0.0534／ROE0=-2.52% 非正
     1  EPS0=-0.0527／ROE0=-2.52% 非正
     1  EPS0=-0.2690／ROE0=-38.32% 非正
     1  EPS0=-0.2566／ROE0=-38.32% 非正
     1  EPS0=-0.2708／ROE0=-38.32% 非正
     1  EPS0=-0.2695／ROE0=-38.32% 非正
     1  EPS0=-0.0030／ROE0=-0.35% 非正
     1  EPS0=-0.0472／ROE0=-5.74% 非正
     1  EPS0=-0.5299／ROE0=-20.72% 非正
     1  EPS0=-0.4940／ROE0=-20.72% 非正
     1  EPS0=-0.4662／ROE0=-20.72% 非正
     1  EPS0=-0.4424／ROE0=-20.72% 非正
     1  EPS0=-3.3908／ROE0=-647.45% 非正
     1  EPS0=-2.9402／ROE0=-647.45% 非正
     1  EPS0=-4.9221／ROE0=-647.45% 非正
     1  EPS0=-0.2143／ROE0=-647.45% 非正
     1  EPS0=-0.0096／ROE0=-2.05% 非正
     1  EPS0=-0.0039／ROE0=-0.83% 非正
     1  EPS0=-0.0088／ROE0=-2.05% 非正
     1  EPS0=-0.0139／ROE0=-3.17% 非正
     1  EPS0=-0.0137／ROE0=-3.17% 非正
     1  EPS0=-0.0135／ROE0=-3.17% 非正
     1  EPS0=-0.0667／ROE0=-64.20% 非正
     1  EPS0=-0.0632／ROE0=-64.20% 非正
     1  EPS0=-0.0607／ROE0=-64.20% 非正
     1  EPS0=-0.0778／ROE0=-64.20% 非正
     1  EPS0=-0.3747／ROE0=-124.82% 非正
     1  EPS0=-0.3774／ROE0=-124.82% 非正
     1  EPS0=-0.3992／ROE0=-124.82% 非正
     1  EPS0=-0.4051／ROE0=-124.82% 非正
     1  EPS0=-0.0156／ROE0=-5.34% 非正
     1  EPS0=-0.0150／ROE0=-5.34% 非正
     1  EPS0=-0.0142／ROE0=-5.34% 非正
     1  EPS0=-0.0136／ROE0=-5.34% 非正
     1  EPS0=-0.0761／ROE0=-39.39% 非正
     1  EPS0=-0.0727／ROE0=-39.39% 非正
     1  EPS0=-0.0688／ROE0=-39.39% 非正
     1  EPS0=-0.0655／ROE0=-39.39% 非正
     1  EPS0=-0.0538／ROE0=-56.33% 非正
     1  EPS0=-0.0510／ROE0=-56.33% 非正
     1  EPS0=-0.0355／ROE0=-56.33% 非正
     1  EPS0=-0.1320／ROE0=-5.20% 非正
     1  EPS0=-0.1327／ROE0=-5.20% 非正
     1  EPS0=-0.1330／ROE0=-5.20% 非正
     1  EPS0=-0.1333／ROE0=-5.20% 非正
     1  EPS0=-0.0781／ROE0=-6.50% 非正
     1  EPS0=-0.0785／ROE0=-6.50% 非正
     1  EPS0=-0.0776／ROE0=-6.50% 非正
     1  EPS0=-0.0742／ROE0=-6.50% 非正
     1  EPS0=-0.1558／ROE0=-26.23% 非正
     1  EPS0=-0.1571／ROE0=-26.23% 非正
     1  EPS0=-0.1441／ROE0=-26.23% 非正
     1  EPS0=-0.2027／ROE0=-4.73% 非正
     1  EPS0=-0.1990／ROE0=-4.73% 非正
     1  EPS0=-0.1948／ROE0=-4.73% 非正
     1  EPS0=-0.1373／ROE0=-3.35% 非正
     1  EPS0=-0.1797／ROE0=-4.39% 非正
     1  EPS0=-0.0705／ROE0=-1.73% 非正
     1  EPS0=-0.1610／ROE0=-4.73% 非正
     1  EPS0=-0.1578／ROE0=-4.73% 非正
     1  EPS0=-0.1536／ROE0=-4.73% 非正
     1  EPS0=-0.3720／ROE0=-5.47% 非正
     1  EPS0=-0.3780／ROE0=-5.47% 非正
     1  EPS0=-0.3782／ROE0=-5.47% 非正
     1  EPS0=-0.3525／ROE0=-5.47% 非正
     1  EPS0=-0.7222／ROE0=-12.86% 非正
     1  EPS0=-0.0158／ROE0=-0.78% 非正
     1  EPS0=-0.0155／ROE0=-0.78% 非正
     1  EPS0=-0.0162／ROE0=-0.64% 非正
     1  EPS0=-0.1483／ROE0=-4.77% 非正
     1  EPS0=-0.1490／ROE0=-4.77% 非正
     1  EPS0=-0.1569／ROE0=-4.77% 非正
     1  EPS0=-0.1574／ROE0=-4.77% 非正
     1  EPS0=-0.0429／ROE0=-1.70% 非正
     1  EPS0=-0.0430／ROE0=-1.70% 非正
     1  EPS0=-0.0908／ROE0=-8.97% 非正
     1  EPS0=-0.0896／ROE0=-8.97% 非正
     1  EPS0=-0.0877／ROE0=-8.97% 非正
     1  EPS0=-0.0870／ROE0=-8.97% 非正
     1  EPS0=-0.1198／ROE0=-14.85% 非正
     1  EPS0=-0.1170／ROE0=-14.85% 非正
     1  EPS0=-0.1143／ROE0=-14.85% 非正
     1  EPS0=-0.1136／ROE0=-14.85% 非正
     1  EPS0=-0.1072／ROE0=-15.54% 非正
     1  EPS0=-0.0991／ROE0=-15.54% 非正
     1  EPS0=-0.0978／ROE0=-15.54% 非正
     1  EPS0=-0.0980／ROE0=-15.54% 非正
     1  EPS0=-0.0618／ROE0=-11.39% 非正
     1  EPS0=-0.0570／ROE0=-10.79% 非正
     1  EPS0=-0.0575／ROE0=-11.39% 非正
     1  EPS0=-0.0577／ROE0=-11.39% 非正
     1  EPS0=-0.0570／ROE0=-11.80% 非正
     1  EPS0=-0.0552／ROE0=-11.80% 非正
     1  EPS0=-0.0452／ROE0=-9.96% 非正
     1  EPS0=-0.0150／ROE0=-3.18% 非正
     1  EPS0=-0.0351／ROE0=-8.06% 非正
     1  EPS0=-0.0353／ROE0=-8.38% 非正
     1  EPS0=-0.0409／ROE0=-10.08% 非正
     1  EPS0=-0.0295／ROE0=-1.33% 非正
     1  EPS0=-0.0304／ROE0=-1.33% 非正
     1  EPS0=-0.0617／ROE0=-1.97% 非正
     1  EPS0=-0.0610／ROE0=-1.97% 非正
     1  EPS0=-0.0613／ROE0=-1.97% 非正
     1  EPS0=-0.0618／ROE0=-1.97% 非正
     1  EPS0=-0.8046／ROE0=-37.18% 非正
     1  EPS0=-0.7869／ROE0=-37.18% 非正
     1  EPS0=-0.7238／ROE0=-37.18% 非正
     1  EPS0=-0.6426／ROE0=-37.18% 非正
     1  EPS0=-0.0623／ROE0=-8.45% 非正
     1  EPS0=-0.0626／ROE0=-8.45% 非正
     1  EPS0=-0.0279／ROE0=-3.71% 非正
     1  EPS0=-0.0030／ROE0=-0.39% 非正
     1  EPS0=-0.0794／ROE0=-1.77% 非正
     1  EPS0=-0.0800／ROE0=-1.77% 非正
     1  EPS0=-0.0801／ROE0=-1.77% 非正
     1  EPS0=-0.0798／ROE0=-1.77% 非正
     1  EPS0=-0.5078／ROE0=-16.49% 非正
     1  EPS0=-0.4909／ROE0=-16.49% 非正
     1  EPS0=-0.4630／ROE0=-16.49% 非正
     1  EPS0=-0.4394／ROE0=-16.49% 非正
     1  EPS0=-0.3327／ROE0=-14.84% 非正
     1  EPS0=-0.3333／ROE0=-14.84% 非正
     1  EPS0=-0.3033／ROE0=-14.84% 非正
     1  EPS0=-0.2900／ROE0=-14.84% 非正
     1  EPS0=-0.4578／ROE0=-26.64% 非正
     1  EPS0=-0.4480／ROE0=-25.90% 非正
     1  EPS0=-0.1210／ROE0=-7.00% 非正
     1  EPS0=-0.1540／ROE0=-9.77% 非正
     1  EPS0=-0.2123／ROE0=-14.84% 非正
     1  EPS0=-0.1725／ROE0=-14.84% 非正
     1  EPS0=-0.1614／ROE0=-14.84% 非正
     1  EPS0=-0.1262／ROE0=-57.25% 非正
     1  EPS0=-0.0067／ROE0=-57.25% 非正
     1  EPS0=-0.0321／ROE0=-7.52% 非正
     1  EPS0=-0.0322／ROE0=-7.62% 非正
     1  EPS0=-0.0148／ROE0=-3.52% 非正
     1  EPS0=-0.2408／ROE0=-6.32% 非正
     1  EPS0=-0.2411／ROE0=-6.32% 非正
     1  EPS0=-0.2387／ROE0=-6.32% 非正
     1  EPS0=-0.2368／ROE0=-6.32% 非正
     1  EPS0=-0.3661／ROE0=-11.15% 非正
     1  EPS0=-0.3671／ROE0=-11.15% 非正
     1  EPS0=-0.3681／ROE0=-11.15% 非正
     1  EPS0=-0.3729／ROE0=-11.15% 非正
     1  EPS0=-0.0316／ROE0=-1.42% 非正
     1  EPS0=-0.0313／ROE0=-1.42% 非正
     1  EPS0=-0.5555／ROE0=-24.04% 非正
     1  EPS0=-0.5488／ROE0=-24.04% 非正
     1  EPS0=-0.5260／ROE0=-24.04% 非正
     1  EPS0=-0.2189／ROE0=-5.08% 非正
     1  EPS0=-0.2143／ROE0=-5.08% 非正
     1  EPS0=-0.2145／ROE0=-5.08% 非正
     1  EPS0=-0.2099／ROE0=-5.08% 非正
     1  EPS0=-0.4921／ROE0=-12.68% 非正
     1  EPS0=-0.4702／ROE0=-12.68% 非正
     1  EPS0=-0.4474／ROE0=-12.68% 非正
     1  EPS0=-0.3360／ROE0=-35.54% 非正
     1  EPS0=-0.3180／ROE0=-35.54% 非正
     1  EPS0=-0.2772／ROE0=-35.54% 非正
     1  EPS0=-0.2690／ROE0=-35.54% 非正
     1  EPS0=-0.1280／ROE0=-1.95% 非正
     1  EPS0=-0.1242／ROE0=-1.95% 非正
     1  EPS0=-0.1169／ROE0=-1.95% 非正
     1  EPS0=-0.2857／ROE0=-11.88% 非正
     1  EPS0=-0.2800／ROE0=-11.88% 非正
     1  EPS0=-0.2863／ROE0=-11.88% 非正
     1  EPS0=-0.2829／ROE0=-11.88% 非正
     1  EPS0=-0.0764／ROE0=-3.96% 非正
     1  EPS0=-0.0730／ROE0=-3.96% 非正
     1  EPS0=-0.0684／ROE0=-3.96% 非正
     1  EPS0=-0.0645／ROE0=-3.96% 非正
     1  EPS0=-0.1503／ROE0=-12.46% 非正
     1  EPS0=-0.1402／ROE0=-12.46% 非正
     1  EPS0=-0.1313／ROE0=-12.46% 非正
     1  EPS0=-0.1231／ROE0=-12.46% 非正
     1  EPS0=-0.0853／ROE0=-10.38% 非正
     1  EPS0=-0.0794／ROE0=-10.38% 非正
     1  EPS0=-0.0710／ROE0=-10.38% 非正
     1  EPS0=-0.0567／ROE0=-10.38% 非正
     1  EPS0=-0.1900／ROE0=-51.86% 非正
     1  EPS0=-0.1711／ROE0=-51.86% 非正
     1  EPS0=-0.1299／ROE0=-51.86% 非正
     1  EPS0=-0.3236／ROE0=-40.54% 非正
     1  EPS0=-0.3048／ROE0=-40.54% 非正
     1  EPS0=-0.2826／ROE0=-40.54% 非正
     1  EPS0=-0.2428／ROE0=-40.54% 非正
     1  EPS0=-0.0566／ROE0=-0.80% 非正
     1  EPS0=-0.0577／ROE0=-0.80% 非正
     1  EPS0=-0.0575／ROE0=-0.80% 非正
     1  EPS0=-0.0576／ROE0=-0.80% 非正
     1  EPS0=-0.2176／ROE0=-7.97% 非正
     1  EPS0=-0.2196／ROE0=-7.97% 非正
     1  EPS0=-0.2218／ROE0=-7.97% 非正
     1  EPS0=-0.2206／ROE0=-7.97% 非正
     1  EPS0=-0.3473／ROE0=-27.92% 非正
     1  EPS0=-0.3435／ROE0=-27.92% 非正
     1  EPS0=-0.3404／ROE0=-27.92% 非正
     1  EPS0=-0.3368／ROE0=-27.92% 非正
     1  EPS0=-0.0801／ROE0=-7.30% 非正
     1  EPS0=-0.0771／ROE0=-7.30% 非正
     1  EPS0=-0.0760／ROE0=-7.30% 非正
     1  EPS0=-0.0745／ROE0=-7.30% 非正
     1  EPS0=-0.1091／ROE0=-12.63% 非正
     1  EPS0=-0.1029／ROE0=-12.63% 非正
     1  EPS0=-0.0999／ROE0=-12.63% 非正
     1  EPS0=-0.0979／ROE0=-12.63% 非正
     1  EPS0=-0.1513／ROE0=-24.05% 非正
     1  EPS0=-0.1240／ROE0=-24.05% 非正
     1  EPS0=-0.1207／ROE0=-24.05% 非正
     1  EPS0=-0.0670／ROE0=-1.21% 非正
     1  EPS0=-0.0688／ROE0=-1.21% 非正
     1  EPS0=-0.6466／ROE0=-26.18% 非正
     1  EPS0=-0.6204／ROE0=-26.18% 非正
     1  EPS0=-0.6203／ROE0=-26.18% 非正
     1  EPS0=-0.4729／ROE0=-26.18% 非正
     1  EPS0=-0.5201／ROE0=-41.77% 非正
     1  EPS0=-0.4709／ROE0=-41.77% 非正
     1  EPS0=-0.4418／ROE0=-41.77% 非正
     1  EPS0=-0.3946／ROE0=-41.77% 非正
     1  EPS0=-0.4013／ROE0=-60.81% 非正
     1  EPS0=-0.3315／ROE0=-53.51% 非正
     1  EPS0=-0.2959／ROE0=-50.19% 非正
     1  EPS0=-0.2027／ROE0=-36.33% 非正
     1  EPS0=-0.0514／ROE0=-7.91% 非正
     1  EPS0=-0.0224／ROE0=-4.35% 非正
     1  EPS0=-0.0137／ROE0=-2.67% 非正
     1  EPS0=-0.0077／ROE0=-1.59% 非正
     1  零增长股权价值 -1.31 ≤ 0
     1  零增长股权价值 -1.30 ≤ 0
     1  零增长股权价值 -0.64 ≤ 0
     1  EPS0=-0.5119／ROE0=-7.12% 非正
     1  EPS0=-0.5149／ROE0=-7.12% 非正
     1  EPS0=-0.5248／ROE0=-7.12% 非正
     1  EPS0=-0.5387／ROE0=-7.12% 非正
     1  EPS0=-0.3757／ROE0=-4.64% 非正
     1  EPS0=-0.1343／ROE0=-1.64% 非正
     1  EPS0=-0.3696／ROE0=-4.64% 非正
     1  EPS0=-0.3626／ROE0=-4.64% 非正
     1  EPS0=-0.4732／ROE0=-6.83% 非正
     1  EPS0=-0.4733／ROE0=-6.83% 非正
     1  EPS0=-0.4683／ROE0=-6.67% 非正
     1  EPS0=-0.2578／ROE0=-8.52% 非正
     1  EPS0=-0.2434／ROE0=-8.52% 非正
     1  EPS0=-0.2351／ROE0=-8.52% 非正
     1  EPS0=-0.2321／ROE0=-8.52% 非正
     1  EPS0=-0.5367／ROE0=-23.40% 非正
     1  EPS0=-0.5133／ROE0=-23.40% 非正
     1  EPS0=-0.4988／ROE0=-23.40% 非正
     1  EPS0=-0.4915／ROE0=-23.40% 非正
     1  EPS0=-0.1264／ROE0=-5.63% 非正
     1  EPS0=-0.1258／ROE0=-5.63% 非正
     1  EPS0=-0.1270／ROE0=-5.63% 非正
     1  EPS0=-0.2038／ROE0=-9.95% 非正
     1  EPS0=-0.2039／ROE0=-9.95% 非正
     1  EPS0=-0.1990／ROE0=-9.95% 非正
     1  EPS0=-0.3310／ROE0=-21.37% 非正
     1  EPS0=-0.3246／ROE0=-21.37% 非正
     1  EPS0=-0.3138／ROE0=-21.37% 非正
     1  EPS0=-0.3528／ROE0=-21.37% 非正
     1  EPS0=-1.1477／ROE0=-28.89% 非正
     1  EPS0=-1.0371／ROE0=-28.89% 非正
     1  EPS0=-0.9263／ROE0=-28.89% 非正
     1  EPS0=-0.8093／ROE0=-28.89% 非正
     1  EPS0=-1.0135／ROE0=-43.32% 非正
     1  EPS0=-0.8193／ROE0=-43.32% 非正
     1  EPS0=-0.5425／ROE0=-43.32% 非正
     1  EPS0=-0.1121／ROE0=-4.76% 非正
     1  EPS0=-0.2312／ROE0=-12.18% 非正
     1  EPS0=-0.2344／ROE0=-12.18% 非正
     1  EPS0=-0.2327／ROE0=-12.18% 非正
     1  EPS0=-0.2316／ROE0=-12.18% 非正
     1  EPS0=-0.1473／ROE0=-4.94% 非正
     1  EPS0=-0.1492／ROE0=-4.94% 非正
     1  EPS0=-0.1510／ROE0=-4.94% 非正
     1  EPS0=-0.1534／ROE0=-4.94% 非正
     1  EPS0=-0.0284／ROE0=-1.35% 非正
     1  EPS0=-0.0282／ROE0=-1.35% 非正
     1  EPS0=-0.0276／ROE0=-1.35% 非正
     1  EPS0=-0.0266／ROE0=-1.35% 非正
     1  EPS0=-0.1953／ROE0=-13.11% 非正
     1  EPS0=-0.1972／ROE0=-13.11% 非正
     1  EPS0=-0.1990／ROE0=-13.11% 非正
     1  EPS0=-0.2007／ROE0=-13.11% 非正
     1  EPS0=-0.1273／ROE0=-5.02% 非正
     1  EPS0=-0.1286／ROE0=-5.02% 非正
     1  EPS0=-0.1297／ROE0=-5.02% 非正
     1  EPS0=-0.1303／ROE0=-5.02% 非正
     1  EPS0=-0.0261／ROE0=-0.43% 非正
     1  EPS0=-0.0257／ROE0=-0.43% 非正
     1  EPS0=-0.0253／ROE0=-0.43% 非正
     1  EPS0=-0.0243／ROE0=-0.43% 非正
     1  EPS0=-0.4758／ROE0=-9.69% 非正
     1  EPS0=-0.4816／ROE0=-9.69% 非正
     1  EPS0=-0.4748／ROE0=-9.69% 非正
     1  EPS0=-0.4763／ROE0=-9.69% 非正
     1  EPS0=-0.2550／ROE0=-6.05% 非正
     1  EPS0=-0.2505／ROE0=-6.05% 非正
     1  EPS0=-0.2456／ROE0=-6.05% 非正
     1  EPS0=-0.2421／ROE0=-6.05% 非正
     1  EPS0=-0.1477／ROE0=-4.00% 非正
     1  EPS0=-0.1451／ROE0=-4.00% 非正
     1  EPS0=-0.1423／ROE0=-4.00% 非正
     1  EPS0=-0.1354／ROE0=-4.00% 非正
     1  EPS0=-0.0628／ROE0=-1.62% 非正
     1  EPS0=-0.0623／ROE0=-1.62% 非正
     1  EPS0=-0.0635／ROE0=-1.62% 非正
     1  EPS0=-0.2239／ROE0=-7.20% 非正
     1  EPS0=-0.2248／ROE0=-7.20% 非正
     1  EPS0=-0.2312／ROE0=-7.20% 非正
     1  EPS0=-0.2287／ROE0=-7.20% 非正
     1  EPS0=-0.1466／ROE0=-5.14% 非正
     1  EPS0=-0.1454／ROE0=-5.14% 非正
     1  EPS0=-0.1440／ROE0=-5.14% 非正
     1  EPS0=-0.1414／ROE0=-5.14% 非正
     1  EPS0=-0.2849／ROE0=-10.91% 非正
     1  EPS0=-0.2818／ROE0=-10.91% 非正
     1  EPS0=-0.2520／ROE0=-9.77% 非正
     1  EPS0=-0.2311／ROE0=-9.09% 非正
     1  EPS0=-0.0642／ROE0=-2.57% 非正
     1  EPS0=-0.0340／ROE0=-1.37% 非正
     1  EPS0=-0.0305／ROE0=-1.23% 非正
     1  EPS0=-0.0522／ROE0=-1.89% 非正
     1  EPS0=-0.0496／ROE0=-1.89% 非正
     1  EPS0=-0.0488／ROE0=-1.89% 非正
     1  EPS0=-0.0454／ROE0=-1.89% 非正
     1  EPS0=-0.3492／ROE0=-22.58% 非正
     1  EPS0=-0.3122／ROE0=-22.58% 非正
     1  EPS0=-0.2943／ROE0=-22.58% 非正
     1  EPS0=-0.3636／ROE0=-22.58% 非正
     1  EPS0=-0.2219／ROE0=-18.60% 非正
     1  EPS0=-0.0954／ROE0=-18.60% 非正
     1  EPS0=-0.0960／ROE0=-18.60% 非正
     1  EPS0=-0.0955／ROE0=-18.60% 非正
     1  EPS0=-0.3353／ROE0=-11.38% 非正
     1  EPS0=-0.3358／ROE0=-11.38% 非正
     1  EPS0=-0.3261／ROE0=-11.38% 非正
     1  EPS0=-0.2158／ROE0=-11.38% 非正
     1  EPS0=-0.4165／ROE0=-45.42% 非正
     1  EPS0=-0.4249／ROE0=-45.42% 非正
     1  EPS0=-0.4266／ROE0=-45.42% 非正
     1  EPS0=-0.4308／ROE0=-45.42% 非正
     1  EPS0=-0.1651／ROE0=-4.55% 非正
     1  EPS0=-0.1632／ROE0=-4.55% 非正
     1  EPS0=-0.1607／ROE0=-4.55% 非正
     1  EPS0=-0.1570／ROE0=-4.55% 非正
     1  EPS0=-0.0119／ROE0=-0.53% 非正
     1  EPS0=-0.1681／ROE0=-3.73% 非正
     1  EPS0=-0.1672／ROE0=-3.73% 非正
     1  EPS0=-0.1643／ROE0=-3.73% 非正
     1  EPS0=-0.1630／ROE0=-3.73% 非正
     1  EPS0=-0.3755／ROE0=-10.22% 非正
     1  EPS0=-0.3762／ROE0=-10.22% 非正
     1  EPS0=-0.3705／ROE0=-10.22% 非正
     1  EPS0=-0.3652／ROE0=-10.22% 非正
     1  EPS0=-0.4947／ROE0=-15.84% 非正
     1  EPS0=-0.4984／ROE0=-15.94% 非正
     1  EPS0=-0.5085／ROE0=-16.62% 非正
     1  EPS0=-0.4999／ROE0=-16.62% 非正
     1  EPS0=-0.4566／ROE0=-17.71% 非正
     1  EPS0=-0.4588／ROE0=-17.71% 非正
     1  EPS0=-0.4575／ROE0=-17.71% 非正
     1  EPS0=-0.0502／ROE0=-2.38% 非正
     1  EPS0=-0.0490／ROE0=-2.38% 非正
     1  EPS0=-0.0489／ROE0=-2.38% 非正
     1  EPS0=-0.0476／ROE0=-2.38% 非正
     1  EPS0=-0.2544／ROE0=-21.01% 非正
     1  EPS0=-0.2785／ROE0=-21.01% 非正
     1  EPS0=-0.2891／ROE0=-21.01% 非正
     1  EPS0=-0.2916／ROE0=-21.01% 非正
     1  EPS0=-0.0408／ROE0=-5.62% 非正
     1  EPS0=-0.0404／ROE0=-5.62% 非正
     1  EPS0=-0.0401／ROE0=-5.62% 非正
     1  EPS0=-0.0396／ROE0=-5.62% 非正
     1  EPS0=-0.0525／ROE0=-10.42% 非正
     1  EPS0=-0.0502／ROE0=-10.42% 非正
     1  EPS0=-0.0464／ROE0=-10.42% 非正
     1  EPS0=-0.4352／ROE0=-23.22% 非正
     1  EPS0=-0.4381／ROE0=-23.22% 非正
     1  EPS0=-0.4443／ROE0=-23.22% 非正
     1  EPS0=-0.4129／ROE0=-23.22% 非正
     1  EPS0=-1.3641／ROE0=-128.17% 非正
     1  EPS0=-0.0146／ROE0=-1.51% 非正
     1  EPS0=-0.0143／ROE0=-1.51% 非正
     1  零增长股权价值 -0.06 ≤ 0
     1  零增长股权价值 -0.01 ≤ 0
     1  零增长股权价值 -0.41 ≤ 0
     1  EPS0=-0.0133／ROE0=-0.33% 非正
     1  EPS0=-0.0134／ROE0=-0.33% 非正
     1  EPS0=-0.0137／ROE0=-0.33% 非正
     1  EPS0=-0.0956／ROE0=-5.27% 非正
     1  EPS0=-0.0926／ROE0=-5.27% 非正
     1  EPS0=-0.0850／ROE0=-5.27% 非正
     1  EPS0=-0.0785／ROE0=-5.27% 非正
     1  EPS0=-0.3338／ROE0=-36.48% 非正
     1  EPS0=-0.3009／ROE0=-36.48% 非正
     1  EPS0=-0.2782／ROE0=-36.48% 非正
     1  EPS0=-0.2291／ROE0=-36.48% 非正
     1  EPS0=-0.1540／ROE0=-65.95% 非正
     1  EPS0=-0.1070／ROE0=-65.95% 非正
     1  EPS0=-0.0563／ROE0=-65.95% 非正
     1  EPS0=-0.1186／ROE0=-7.25% 非正
     1  EPS0=-0.1158／ROE0=-7.25% 非正
     1  EPS0=-0.1100／ROE0=-7.25% 非正
     1  EPS0=-0.0925／ROE0=-7.25% 非正
     1  EPS0=-0.0386／ROE0=-1.22% 非正
     1  EPS0=-0.0379／ROE0=-1.22% 非正
     1  EPS0=-0.0373／ROE0=-1.22% 非正
     1  EPS0=-0.0369／ROE0=-1.22% 非正
     1  EPS0=-0.2012／ROE0=-29.07% 非正
     1  EPS0=-0.2883／ROE0=-29.07% 非正
     1  EPS0=-0.2896／ROE0=-29.07% 非正
     1  EPS0=-0.2882／ROE0=-29.07% 非正
     1  EPS0=-0.0373／ROE0=-1.70% 非正
     1  EPS0=-0.0365／ROE0=-1.70% 非正
     1  EPS0=-0.0370／ROE0=-1.70% 非正
     1  EPS0=-0.0378／ROE0=-1.70% 非正
     1  EPS0=-0.2906／ROE0=-18.67% 非正
     1  EPS0=-0.2831／ROE0=-18.67% 非正
     1  EPS0=-0.2718／ROE0=-18.67% 非正
     1  EPS0=-0.2542／ROE0=-18.67% 非正
     1  EPS0=-0.0848／ROE0=-64.90% 非正
     1  EPS0=-0.0489／ROE0=-64.90% 非正
     1  EPS0=-0.1869／ROE0=-6.02% 非正
     1  EPS0=-0.1873／ROE0=-6.02% 非正
     1  EPS0=-0.1898／ROE0=-6.02% 非正
     1  EPS0=-0.1992／ROE0=-6.02% 非正
     1  EPS0=-0.0769／ROE0=-3.66% 非正
     1  EPS0=-0.0771／ROE0=-3.66% 非正
     1  EPS0=-0.0808／ROE0=-3.66% 非正
     1  EPS0=-0.0835／ROE0=-3.66% 非正
     1  EPS0=-0.1841／ROE0=-8.84% 非正
     1  EPS0=-0.1366／ROE0=-8.84% 非正
     1  EPS0=-0.1383／ROE0=-8.84% 非正
     1  EPS0=-0.1386／ROE0=-8.84% 非正
     1  EPS0=-0.1493／ROE0=-9.61% 非正
     1  EPS0=-0.1465／ROE0=-9.61% 非正
     1  EPS0=-0.1425／ROE0=-9.61% 非正
     1  EPS0=-0.1387／ROE0=-9.61% 非正
     1  EPS0=-0.1582／ROE0=-12.33% 非正
     1  EPS0=-0.1548／ROE0=-12.33% 非正
     1  EPS0=-0.1444／ROE0=-12.33% 非正
     1  EPS0=-0.1395／ROE0=-12.33% 非正
     1  EPS0=-0.1191／ROE0=-12.33% 非正
     1  EPS0=-0.1132／ROE0=-12.33% 非正
     1  EPS0=-0.1074／ROE0=-12.33% 非正
     1  EPS0=-0.1296／ROE0=-4.68% 非正
     1  EPS0=-0.1325／ROE0=-4.68% 非正
     1  EPS0=-0.1377／ROE0=-4.68% 非正
     1  EPS0=-0.1378／ROE0=-4.68% 非正
     1  EPS0=-0.1263／ROE0=-4.56% 非正
     1  EPS0=-0.1276／ROE0=-4.56% 非正
     1  EPS0=-0.1269／ROE0=-4.56% 非正
     1  EPS0=-0.1256／ROE0=-4.56% 非正
     1  EPS0=-0.5349／ROE0=-20.69% 非正
     1  EPS0=-0.5216／ROE0=-20.69% 非正
     1  EPS0=-0.4723／ROE0=-20.69% 非正
     1  EPS0=-0.2650／ROE0=-20.69% 非正
     1  EPS0=-0.4950／ROE0=-49.64% 非正
     1  EPS0=-0.4404／ROE0=-49.64% 非正
     1  EPS0=-0.4411／ROE0=-49.64% 非正
     1  EPS0=-0.4494／ROE0=-49.64% 非正
     1  EPS0=-0.2092／ROE0=-8.76% 非正
     1  EPS0=-0.1874／ROE0=-8.76% 非正
     1  EPS0=-0.1890／ROE0=-8.76% 非正
     1  EPS0=-0.2009／ROE0=-8.76% 非正
     1  EPS0=-0.3057／ROE0=-26.96% 非正
     1  EPS0=-0.3454／ROE0=-26.96% 非正
     1  EPS0=-0.1698／ROE0=-9.40% 非正
     1  EPS0=-0.1881／ROE0=-4.51% 非正
     1  EPS0=-0.1795／ROE0=-4.51% 非正
     1  EPS0=-0.1761／ROE0=-4.51% 非正
     1  EPS0=-0.1378／ROE0=-4.51% 非正
     1  EPS0=-0.8971／ROE0=-28.44% 非正
     1  EPS0=-0.6113／ROE0=-28.44% 非正
     1  EPS0=-0.5822／ROE0=-28.44% 非正
     1  EPS0=-0.5847／ROE0=-28.44% 非正
     1  EPS0=-0.7412／ROE0=-23.72% 非正
     1  EPS0=-0.7006／ROE0=-22.40% 非正
     1  EPS0=-0.6431／ROE0=-20.52% 非正
     1  EPS0=-0.4187／ROE0=-13.28% 非正
     1  EPS0=-0.3253／ROE0=-4.93% 非正
     1  EPS0=-0.3092／ROE0=-4.93% 非正
     1  EPS0=-0.2851／ROE0=-4.93% 非正
     1  EPS0=-0.1053／ROE0=-2.03% 非正
     1  EPS0=-0.1048／ROE0=-2.03% 非正
     1  EPS0=-0.0890／ROE0=-2.03% 非正
     1  EPS0=-0.0881／ROE0=-2.03% 非正
     1  股权价值 -6.07 ≤ 0
     1  股权价值 -6.62 ≤ 0
     1  股权价值 -6.78 ≤ 0
     1  股权价值 -11.47 ≤ 0
     1  股权价值 -10.93 ≤ 0
     1  股权价值 -11.85 ≤ 0
     1  股权价值 -7.58 ≤ 0
     1  EPS0=-0.0354／ROE0=-1.57% 非正
     1  EPS0=-0.0359／ROE0=-1.57% 非正
     1  EPS0=-0.0366／ROE0=-1.57% 非正
     1  EPS0=-0.2647／ROE0=-19.09% 非正
     1  EPS0=-0.2669／ROE0=-19.09% 非正
     1  EPS0=-0.2674／ROE0=-19.09% 非正
     1  EPS0=-0.2633／ROE0=-19.09% 非正
     1  EPS0=-0.1217／ROE0=-13.49% 非正
     1  EPS0=-0.1200／ROE0=-13.49% 非正
     1  EPS0=-0.1154／ROE0=-13.49% 非正
     1  EPS0=-0.1026／ROE0=-13.49% 非正
     1  EPS0=-0.1740／ROE0=-28.41% 非正
     1  EPS0=-0.1763／ROE0=-28.41% 非正
     1  EPS0=-0.1535／ROE0=-23.13% 非正
     1  EPS0=-0.0462／ROE0=-7.68% 非正
     1  EPS0=-0.0239／ROE0=-3.88% 非正
     1  EPS0=-0.0505／ROE0=-10.24% 非正
     1  EPS0=-0.0765／ROE0=-6.72% 非正
     1  EPS0=-0.0715／ROE0=-6.72% 非正
     1  EPS0=-0.0736／ROE0=-6.72% 非正
     1  EPS0=-0.0749／ROE0=-6.72% 非正
     1  EPS0=-0.0426／ROE0=-1.81% 非正
     1  EPS0=-0.0576／ROE0=-2.41% 非正
     1  EPS0=-0.0568／ROE0=-2.41% 非正
     1  EPS0=-0.0567／ROE0=-2.41% 非正
     1  EPS0=-0.0569／ROE0=-2.41% 非正
     1  EPS0=-0.0934／ROE0=-4.15% 非正
     1  EPS0=-0.0927／ROE0=-4.15% 非正
     1  EPS0=-0.0917／ROE0=-4.15% 非正
     1  EPS0=-0.0912／ROE0=-4.15% 非正
     1  EPS0=-0.1072／ROE0=-5.02% 非正
     1  EPS0=-0.0980／ROE0=-4.62% 非正
     1  EPS0=-0.1015／ROE0=-4.84% 非正
     1  EPS0=-0.1214／ROE0=-10.35% 非正
     1  EPS0=-0.1220／ROE0=-10.35% 非正
     1  EPS0=-0.1221／ROE0=-10.35% 非正
     1  EPS0=-0.1215／ROE0=-10.35% 非正
     1  EPS0=-0.0730／ROE0=-2.04% 非正
     1  EPS0=-0.0716／ROE0=-2.04% 非正
     1  EPS0=-0.0717／ROE0=-2.04% 非正
     1  EPS0=-0.0732／ROE0=-2.04% 非正
     1  EPS0=-0.1556／ROE0=-6.79% 非正
     1  EPS0=-0.1485／ROE0=-6.79% 非正
     1  EPS0=-0.1423／ROE0=-6.79% 非正
     1  EPS0=-0.1369／ROE0=-6.79% 非正
     1  EPS0=-0.1223／ROE0=-6.61% 非正
     1  EPS0=-0.1160／ROE0=-6.61% 非正
     1  EPS0=-0.1066／ROE0=-6.61% 非正
     1  EPS0=-0.1004／ROE0=-6.61% 非正
     1  EPS0=-0.3422／ROE0=-25.82% 非正
     1  EPS0=-0.3361／ROE0=-25.82% 非正
     1  EPS0=-0.3195／ROE0=-25.82% 非正
     1  EPS0=-0.1315／ROE0=-10.36% 非正
     1  EPS0=-0.0893／ROE0=-8.14% 非正
     1  EPS0=-0.0853／ROE0=-8.14% 非正
     1  EPS0=-0.0787／ROE0=-8.14% 非正
     1  EPS0=-0.0725／ROE0=-1.78% 非正
     1  EPS0=-0.0727／ROE0=-1.78% 非正
     1  EPS0=-0.0730／ROE0=-1.78% 非正
     1  EPS0=-0.0723／ROE0=-1.78% 非正
     1  EPS0=-0.2072／ROE0=-60.70% 非正
     1  EPS0=-0.1767／ROE0=-60.70% 非正
     1  EPS0=-0.1147／ROE0=-60.70% 非正
     1  EPS0=-0.0359／ROE0=-60.70% 非正
     1  EPS0=-0.0150／ROE0=-12.00% 非正
     1  EPS0=-0.0141／ROE0=-12.00% 非正
     1  EPS0=-0.0134／ROE0=-12.00% 非正
     1  EPS0=-0.2425／ROE0=-4.60% 非正
     1  EPS0=-0.2452／ROE0=-4.60% 非正
     1  EPS0=-0.2506／ROE0=-4.60% 非正
     1  EPS0=-0.2280／ROE0=-4.60% 非正
     1  EPS0=-0.2456／ROE0=-7.69% 非正
     1  EPS0=-0.2453／ROE0=-7.69% 非正
     1  EPS0=-0.2448／ROE0=-7.69% 非正
     1  EPS0=-0.2428／ROE0=-7.69% 非正
     1  EPS0=-0.3523／ROE0=-13.84% 非正
     1  EPS0=-0.3677／ROE0=-13.84% 非正
     1  EPS0=-0.3650／ROE0=-13.84% 非正
     1  EPS0=-0.3602／ROE0=-13.84% 非正
     1  EPS0=-0.0174／ROE0=-0.77% 非正
     1  EPS0=-0.0173／ROE0=-0.77% 非正
     1  EPS0=-0.0171／ROE0=-0.77% 非正
     1  EPS0=-0.0168／ROE0=-0.77% 非正
     1  EPS0=-0.0172／ROE0=-0.91% 非正
     1  EPS0=-0.0170／ROE0=-0.91% 非正
     1  EPS0=-0.0168／ROE0=-0.91% 非正
     1  EPS0=-0.0163／ROE0=-1.48% 非正
     1  EPS0=-0.0160／ROE0=-1.48% 非正
     1  EPS0=-0.0156／ROE0=-1.48% 非正
     1  EPS0=-0.0155／ROE0=-1.48% 非正
     1  EPS0=-0.0175／ROE0=-0.63% 非正
     1  EPS0=-0.0172／ROE0=-0.63% 非正
     1  EPS0=-0.0167／ROE0=-0.63% 非正
     1  EPS0=-0.0176／ROE0=-0.63% 非正
     1  EPS0=-0.3493／ROE0=-15.32% 非正
     1  EPS0=-0.3388／ROE0=-15.32% 非正
     1  EPS0=-0.3507／ROE0=-15.32% 非正
     1  EPS0=-0.3513／ROE0=-15.32% 非正
     1  EPS0=-0.1118／ROE0=-6.31% 非正
     1  EPS0=-0.1065／ROE0=-6.31% 非正
     1  EPS0=-0.0981／ROE0=-6.31% 非正
     1  EPS0=-0.0908／ROE0=-6.31% 非正
     1  EPS0=-0.1253／ROE0=-10.12% 非正
     1  EPS0=-0.1143／ROE0=-10.12% 非正
     1  EPS0=-0.1053／ROE0=-10.12% 非正
     1  EPS0=-0.0942／ROE0=-10.12% 非正
     1  EPS0=-0.2481／ROE0=-46.68% 非正
     1  EPS0=-0.1158／ROE0=-14.42% 非正
     1  EPS0=-0.0935／ROE0=-12.56% 非正
     1  EPS0=-0.1746／ROE0=-28.46% 非正
     1  EPS0=-0.0671／ROE0=-10.87% 非正
     1  EPS0=-0.0686／ROE0=-10.87% 非正
     1  EPS0=-0.2845／ROE0=-12.66% 非正
     1  EPS0=-0.2792／ROE0=-12.66% 非正
     1  EPS0=-0.2723／ROE0=-12.66% 非正
     1  EPS0=-0.2858／ROE0=-12.66% 非正
     1  EPS0=-0.0314／ROE0=-0.63% 非正
     1  EPS0=-0.0315／ROE0=-0.63% 非正
     1  EPS0=-0.2680／ROE0=-6.67% 非正
     1  EPS0=-0.2673／ROE0=-6.67% 非正
     1  EPS0=-0.2685／ROE0=-6.67% 非正
     1  EPS0=-0.2690／ROE0=-6.67% 非正
     1  EPS0=-0.0029／ROE0=-0.24% 非正
     1  EPS0=-0.0263／ROE0=-2.19% 非正
     1  EPS0=-0.0103／ROE0=-0.49% 非正
     1  EPS0=-0.0104／ROE0=-0.49% 非正
     1  EPS0=-0.0101／ROE0=-0.49% 非正
     1  EPS0=-0.0097／ROE0=-0.49% 非正
     1  EPS0=-0.1372／ROE0=-7.68% 非正
     1  EPS0=-0.1334／ROE0=-7.68% 非正
     1  EPS0=-0.1348／ROE0=-7.68% 非正
     1  EPS0=-0.0476／ROE0=-2.52% 非正
     1  EPS0=-0.1890／ROE0=-11.63% 非正
     1  EPS0=-0.1215／ROE0=-7.53% 非正
     1  EPS0=-0.1147／ROE0=-11.63% 非正
     1  EPS0=-0.1184／ROE0=-11.63% 非正
     1  EPS0=-0.1173／ROE0=-11.63% 非正
     1  EPS0=-0.1148／ROE0=-11.63% 非正
     1  EPS0=-0.0917／ROE0=-10.41% 非正
     1  EPS0=-0.1036／ROE0=-11.63% 非正
     1  EPS0=-0.1033／ROE0=-11.63% 非正
     1  EPS0=-0.0973／ROE0=-11.07% 非正
     1  EPS0=-0.1165／ROE0=-15.77% 非正
     1  EPS0=-0.1166／ROE0=-15.77% 非正
     1  EPS0=-0.1185／ROE0=-15.77% 非正
     1  EPS0=-0.5821／ROE0=-17.81% 非正
     1  EPS0=-0.5324／ROE0=-17.81% 非正
     1  EPS0=-0.4653／ROE0=-17.81% 非正
     1  EPS0=-0.4046／ROE0=-17.81% 非正
     1  EPS0=-0.0471／ROE0=-15.57% 非正
     1  EPS0=-0.0455／ROE0=-15.57% 非正
     1  EPS0=-0.0439／ROE0=-15.57% 非正
     1  EPS0=-0.0421／ROE0=-15.57% 非正
     1  EPS0=-0.0498／ROE0=-50.34% 非正
     1  EPS0=-0.0468／ROE0=-50.34% 非正
     1  EPS0=-0.0417／ROE0=-50.34% 非正
     1  EPS0=-0.0374／ROE0=-50.34% 非正
     1  EPS0=-0.0136／ROE0=-27.85% 非正
     1  EPS0=-0.0126／ROE0=-27.85% 非正
     1  EPS0=-0.0110／ROE0=-27.85% 非正
     1  EPS0=-0.5377／ROE0=-40.52% 非正
     1  EPS0=-0.4114／ROE0=-40.52% 非正
     1  EPS0=-0.3381／ROE0=-40.52% 非正
     1  EPS0=-0.2809／ROE0=-40.52% 非正
     1  EPS0=-0.0602／ROE0=-46.92% 非正
     1  EPS0=-0.0008／ROE0=-0.09% 非正
     1  EPS0=-0.2149／ROE0=-10.13% 非正
     1  EPS0=-0.2139／ROE0=-10.13% 非正
     1  EPS0=-0.2167／ROE0=-10.13% 非正
     1  EPS0=-0.2166／ROE0=-10.13% 非正
     1  EPS0=-0.2729／ROE0=-26.11% 非正
     1  EPS0=-0.2633／ROE0=-26.11% 非正
     1  EPS0=-0.2805／ROE0=-26.11% 非正
     1  EPS0=-0.3469／ROE0=-26.11% 非正
     1  EPS0=-0.1613／ROE0=-2.28% 非正
     1  EPS0=-0.1647／ROE0=-2.28% 非正
     1  EPS0=-0.1681／ROE0=-2.28% 非正
     1  EPS0=-0.7788／ROE0=-15.98% 非正
     1  EPS0=-0.7849／ROE0=-15.98% 非正
     1  EPS0=-0.7891／ROE0=-15.98% 非正
     1  EPS0=-0.7918／ROE0=-15.98% 非正
     1  EPS0=-0.2060／ROE0=-6.17% 非正
     1  EPS0=-0.2032／ROE0=-6.17% 非正
     1  EPS0=-0.2042／ROE0=-6.17% 非正
     1  EPS0=-0.2080／ROE0=-6.17% 非正
     1  EPS0=-0.0629／ROE0=-3.21% 非正
     1  EPS0=-0.0630／ROE0=-3.21% 非正
     1  EPS0=-0.0628／ROE0=-3.21% 非正
     1  EPS0=-0.0618／ROE0=-3.21% 非正
     1  EPS0=-0.0590／ROE0=-6.17% 非正
     1  EPS0=-0.0439／ROE0=-6.17% 非正
     1  EPS0=-0.0366／ROE0=-6.17% 非正
     1  EPS0=-0.0363／ROE0=-53.78% 非正
     1  EPS0=-0.1295／ROE0=-149.35% 非正
     1  EPS0=-0.0397／ROE0=-149.35% 非正
     1  EPS0=-0.1330／ROE0=-114.35% 非正
     1  EPS0=-0.0878／ROE0=-114.35% 非正
     1  EPS0=-0.0008／ROE0=-114.35% 非正
     1  EPS0=-0.0656／ROE0=-4.41% 非正
     1  EPS0=-0.0674／ROE0=-4.41% 非正
     1  EPS0=-0.0689／ROE0=-4.41% 非正
     1  EPS0=-0.0691／ROE0=-4.41% 非正
     1  EPS0=-0.0500／ROE0=-20.27% 非正
     1  EPS0=-0.0433／ROE0=-20.27% 非正
     1  EPS0=-0.0374／ROE0=-20.27% 非正
     1  EPS0=-0.0347／ROE0=-20.27% 非正
     1  EPS0=-0.1966／ROE0=-9.27% 非正
     1  EPS0=-0.1994／ROE0=-9.27% 非正
     1  EPS0=-0.2044／ROE0=-9.27% 非正
     1  EPS0=-0.2099／ROE0=-9.27% 非正
     1  EPS0=-0.4800／ROE0=-17.39% 非正
     1  EPS0=-0.4731／ROE0=-17.39% 非正
     1  EPS0=-0.4703／ROE0=-17.39% 非正
     1  EPS0=-0.4687／ROE0=-17.39% 非正
     1  EPS0=-0.4878／ROE0=-30.91% 非正
     1  EPS0=-0.4759／ROE0=-30.91% 非正
     1  EPS0=-0.4787／ROE0=-30.91% 非正
     1  EPS0=-0.4622／ROE0=-30.91% 非正
     1  EPS0=-0.4206／ROE0=-60.56% 非正
     1  EPS0=-0.3840／ROE0=-60.56% 非正
     1  EPS0=-0.2670／ROE0=-60.56% 非正
     1  EPS0=-0.2305／ROE0=-60.56% 非正
     1  EPS0=-0.1844／ROE0=-52.29% 非正
     1  EPS0=-0.0345／ROE0=-8.67% 非正
     1  EPS0=-0.0278／ROE0=-1.82% 非正
     1  EPS0=-0.0283／ROE0=-1.82% 非正
     1  EPS0=-0.0274／ROE0=-1.82% 非正
     1  EPS0=-0.0279／ROE0=-1.82% 非正
     1  EPS0=-0.0640／ROE0=-29.44% 非正
     1  EPS0=-0.0643／ROE0=-29.44% 非正
     1  EPS0=-0.0648／ROE0=-29.44% 非正
     1  EPS0=-0.0641／ROE0=-29.44% 非正
     1  EPS0=-0.1377／ROE0=-4.34% 非正
     1  EPS0=-0.1374／ROE0=-4.34% 非正
     1  EPS0=-0.1360／ROE0=-4.34% 非正
     1  EPS0=-0.1348／ROE0=-4.34% 非正
     1  EPS0=-0.1296／ROE0=-4.70% 非正
     1  EPS0=-0.1286／ROE0=-4.70% 非正
     1  EPS0=-0.1309／ROE0=-4.70% 非正
     1  EPS0=-0.1331／ROE0=-4.70% 非正
     1  EPS0=-0.3237／ROE0=-17.53% 非正
     1  EPS0=-0.3108／ROE0=-17.53% 非正
     1  EPS0=-0.3048／ROE0=-17.53% 非正
     1  EPS0=-0.2876／ROE0=-17.53% 非正
     1  EPS0=-0.3374／ROE0=-31.92% 非正
     1  EPS0=-0.3245／ROE0=-31.92% 非正
     1  EPS0=-0.3108／ROE0=-31.92% 非正
     1  EPS0=-0.2376／ROE0=-31.92% 非正
     1  EPS0=-0.2748／ROE0=-65.89% 非正
     1  EPS0=-0.2006／ROE0=-65.89% 非正
     1  EPS0=-0.2366／ROE0=-65.89% 非正
     1  EPS0=-0.2327／ROE0=-65.89% 非正
     1  EPS0=-0.1262／ROE0=-86.24% 非正
     1  EPS0=-0.1296／ROE0=-86.24% 非正
     1  EPS0=-0.1193／ROE0=-86.24% 非正
     1  EPS0=-0.0729／ROE0=-86.24% 非正
     1  EPS0=-0.0503／ROE0=-0.84% 非正
     1  EPS0=-0.0506／ROE0=-0.84% 非正
     1  EPS0=-0.0480／ROE0=-0.78% 非正
     1  EPS0=-0.2164／ROE0=-4.04% 非正
     1  EPS0=-0.2152／ROE0=-4.04% 非正
     1  EPS0=-0.2115／ROE0=-4.04% 非正
     1  EPS0=-0.2092／ROE0=-4.04% 非正
     1  EPS0=-0.6685／ROE0=-21.12% 非正
     1  EPS0=-0.6919／ROE0=-21.12% 非正
     1  EPS0=-0.6826／ROE0=-21.12% 非正
     1  EPS0=-0.6706／ROE0=-21.12% 非正
     1  EPS0=-0.0661／ROE0=-2.87% 非正
     1  EPS0=-0.0641／ROE0=-2.87% 非正
     1  EPS0=-0.0619／ROE0=-2.87% 非正
     1  EPS0=-0.0594／ROE0=-2.87% 非正
     1  EPS0=-0.2048／ROE0=-11.83% 非正
     1  EPS0=-0.1942／ROE0=-11.83% 非正
     1  EPS0=-0.1814／ROE0=-11.83% 非正
     1  EPS0=-0.1857／ROE0=-11.83% 非正
     1  EPS0=-0.0545／ROE0=-14.18% 非正
     1  EPS0=-0.0435／ROE0=-14.18% 非正
     1  EPS0=-0.0280／ROE0=-14.18% 非正
     1  EPS0=-0.1196／ROE0=-2.76% 非正
     1  EPS0=-0.1200／ROE0=-2.76% 非正
     1  EPS0=-0.1206／ROE0=-2.76% 非正
     1  EPS0=-0.1214／ROE0=-2.76% 非正
     1  EPS0=-0.5068／ROE0=-18.67% 非正
     1  EPS0=-0.4995／ROE0=-18.67% 非正
     1  EPS0=-0.4817／ROE0=-18.67% 非正
     1  EPS0=-0.4659／ROE0=-18.67% 非正
     1  EPS0=-0.1047／ROE0=-6.35% 非正
     1  EPS0=-0.0772／ROE0=-4.67% 非正
     1  EPS0=-0.0309／ROE0=-1.87% 非正
     1  EPS0=-0.0292／ROE0=-0.48% 非正
     1  EPS0=-0.0293／ROE0=-0.48% 非正
     1  EPS0=-0.4225／ROE0=-43.02% 非正
     1  EPS0=-0.4087／ROE0=-43.02% 非正
     1  EPS0=-0.4175／ROE0=-43.02% 非正
     1  EPS0=-0.4279／ROE0=-43.02% 非正
     1  EPS0=-0.4467／ROE0=-14.57% 非正
     1  EPS0=-0.4429／ROE0=-14.57% 非正
     1  EPS0=-0.4498／ROE0=-14.57% 非正
     1  EPS0=-0.4588／ROE0=-14.57% 非正
     1  EPS0=-0.1214／ROE0=-7.83% 非正
     1  EPS0=-0.1198／ROE0=-7.83% 非正
     1  EPS0=-0.1131／ROE0=-7.83% 非正
     1  EPS0=-0.1084／ROE0=-7.83% 非正
     1  EPS0=-0.2143／ROE0=-18.64% 非正
     1  EPS0=-0.2091／ROE0=-18.64% 非正
     1  EPS0=-0.1875／ROE0=-18.64% 非正
     1  EPS0=-0.1944／ROE0=-18.64% 非正
     1  EPS0=-0.2179／ROE0=-48.15% 非正
     1  EPS0=-0.2041／ROE0=-48.15% 非正
     1  EPS0=-0.1756／ROE0=-48.15% 非正
     1  EPS0=-0.1387／ROE0=-48.15% 非正
     1  EPS0=-0.2758／ROE0=-49.49% 非正
     1  EPS0=-0.2831／ROE0=-49.49% 非正
     1  EPS0=-0.2819／ROE0=-49.49% 非正
     1  EPS0=-0.2865／ROE0=-49.49% 非正
     1  EPS0=-0.0277／ROE0=-12.85% 非正
     1  EPS0=-0.0224／ROE0=-12.85% 非正
     1  EPS0=-0.0132／ROE0=-12.85% 非正
     1  EPS0=-0.0076／ROE0=-12.85% 非正
     1  EPS0=-0.0292／ROE0=-67.75% 非正
     1  EPS0=-0.0013／ROE0=-67.75% 非正
     1  EPS0=-0.1021／ROE0=-2.66% 非正
     1  EPS0=-0.1013／ROE0=-2.66% 非正
     1  EPS0=-0.1033／ROE0=-2.66% 非正
     1  EPS0=-0.1045／ROE0=-2.66% 非正
     1  EPS0=-0.0724／ROE0=-2.22% 非正
     1  EPS0=-0.0726／ROE0=-2.22% 非正
     1  EPS0=-0.1841／ROE0=-7.71% 非正
     1  EPS0=-0.1815／ROE0=-7.71% 非正
     1  EPS0=-0.1820／ROE0=-7.71% 非正
     1  EPS0=-0.1832／ROE0=-7.71% 非正
     1  EPS0=-0.2515／ROE0=-12.99% 非正
     1  EPS0=-0.2537／ROE0=-12.99% 非正
     1  EPS0=-0.2612／ROE0=-12.99% 非正
     1  EPS0=-0.2624／ROE0=-12.99% 非正
     1  EPS0=-0.0929／ROE0=-5.93% 非正
     1  EPS0=-0.0955／ROE0=-5.93% 非正
     1  EPS0=-0.1021／ROE0=-3.04% 非正
     1  EPS0=-0.1035／ROE0=-3.04% 非正
     1  EPS0=-0.1059／ROE0=-3.04% 非正
     1  EPS0=-0.2897／ROE0=-50.15% 非正
     1  EPS0=-0.2907／ROE0=-50.15% 非正
     1  EPS0=-0.2797／ROE0=-50.15% 非正
     1  EPS0=-0.1762／ROE0=-50.15% 非正
     1  EPS0=-0.0117／ROE0=-0.64% 非正
     1  EPS0=-0.1337／ROE0=-3.69% 非正
     1  EPS0=-0.1343／ROE0=-3.69% 非正
     1  EPS0=-0.1322／ROE0=-3.69% 非正
     1  EPS0=-0.1315／ROE0=-3.69% 非正
     1  EPS0=-0.1418／ROE0=-6.65% 非正
     1  EPS0=-0.1427／ROE0=-6.65% 非正
     1  EPS0=-0.1397／ROE0=-6.65% 非正
     1  EPS0=-0.1227／ROE0=-6.65% 非正
     1  EPS0=-0.0734／ROE0=-6.65% 非正
     1  EPS0=-0.0724／ROE0=-6.65% 非正
     1  EPS0=-0.0649／ROE0=-6.65% 非正
     1  EPS0=-0.0585／ROE0=-6.65% 非正
     1  EPS0=-0.0424／ROE0=-6.65% 非正
     1  EPS0=-0.0386／ROE0=-6.65% 非正
     1  EPS0=-0.0394／ROE0=-6.65% 非正
     1  EPS0=-0.0363／ROE0=-6.65% 非正
     1  EPS0=-0.0800／ROE0=-33.39% 非正
     1  EPS0=-0.0697／ROE0=-33.39% 非正
     1  EPS0=-0.0541／ROE0=-33.39% 非正
     1  EPS0=-0.0660／ROE0=-33.39% 非正
     1  EPS0=-0.1901／ROE0=-6.74% 非正
     1  EPS0=-0.1908／ROE0=-6.74% 非正
     1  EPS0=-0.1659／ROE0=-6.74% 非正
     1  EPS0=-0.1649／ROE0=-6.74% 非正
     1  EPS0=-0.3845／ROE0=-21.11% 非正
     1  EPS0=-0.3861／ROE0=-21.11% 非正
     1  EPS0=-0.3862／ROE0=-21.11% 非正
     1  EPS0=-0.3902／ROE0=-21.11% 非正
     1  EPS0=-0.0840／ROE0=-5.90% 非正
     1  EPS0=-0.0847／ROE0=-5.90% 非正
     1  EPS0=-0.0864／ROE0=-5.90% 非正
     1  EPS0=-0.0867／ROE0=-5.90% 非正
     1  EPS0=-0.0825／ROE0=-2.20% 非正
     1  EPS0=-0.0816／ROE0=-2.20% 非正
     1  EPS0=-0.1448／ROE0=-4.04% 非正
     1  EPS0=-0.1451／ROE0=-4.04% 非正
     1  EPS0=-0.1468／ROE0=-4.04% 非正
     1  EPS0=-0.0606／ROE0=-1.64% 非正
     1  EPS0=-0.1267／ROE0=-4.04% 非正
     1  EPS0=-0.0661／ROE0=-2.10% 非正
     1  EPS0=-0.1233／ROE0=-4.04% 非正
     1  EPS0=-0.1120／ROE0=-4.10% 非正
     1  EPS0=-0.1091／ROE0=-4.10% 非正
     1  EPS0=-0.1073／ROE0=-4.10% 非正
     1  EPS0=-0.1026／ROE0=-4.10% 非正
     1  EPS0=-0.3479／ROE0=-16.73% 非正
     1  EPS0=-0.3402／ROE0=-16.73% 非正
     1  EPS0=-0.3234／ROE0=-16.73% 非正
     1  EPS0=-0.1267／ROE0=-3.27% 非正
     1  EPS0=-0.1272／ROE0=-3.27% 非正
     1  EPS0=-0.1277／ROE0=-3.27% 非正
     1  EPS0=-0.1028／ROE0=-1.83% 非正
     1  EPS0=-0.1037／ROE0=-1.83% 非正
     1  EPS0=-0.1074／ROE0=-1.83% 非正
     1  EPS0=-0.0298／ROE0=-2.21% 非正
     1  EPS0=-0.0292／ROE0=-2.21% 非正
     1  EPS0=-0.0293／ROE0=-2.21% 非正
     1  EPS0=-0.2306／ROE0=-5.66% 非正
     1  EPS0=-0.2328／ROE0=-5.66% 非正
     1  EPS0=-0.2333／ROE0=-5.66% 非正
     1  EPS0=-0.2342／ROE0=-5.66% 非正
     1  EPS0=-0.0224／ROE0=-0.62% 非正
     1  EPS0=-0.0222／ROE0=-0.62% 非正
     1  EPS0=-0.0219／ROE0=-0.62% 非正
     1  EPS0=-0.0227／ROE0=-0.62% 非正
     1  EPS0=-0.0194／ROE0=-0.62% 非正
     1  EPS0=-0.0196／ROE0=-0.62% 非正
     1  EPS0=-0.0181／ROE0=-0.62% 非正
     1  EPS0=-0.0177／ROE0=-0.62% 非正
     1  EPS0=-0.1064／ROE0=-3.81% 非正
     1  EPS0=-0.1033／ROE0=-3.81% 非正
     1  EPS0=-0.1009／ROE0=-3.81% 非正
     1  EPS0=-0.1076／ROE0=-3.49% 非正
     1  EPS0=-0.1062／ROE0=-3.49% 非正
     1  EPS0=-0.1078／ROE0=-3.49% 非正
     1  EPS0=-0.1032／ROE0=-3.15% 非正
     1  EPS0=-0.4528／ROE0=-34.50% 非正
     1  EPS0=-0.4579／ROE0=-34.50% 非正
     1  EPS0=-0.4705／ROE0=-34.50% 非正
     1  EPS0=-0.4881／ROE0=-34.50% 非正
     1  EPS0=-0.2551／ROE0=-7.86% 非正
     1  EPS0=-0.2526／ROE0=-7.86% 非正
     1  EPS0=-0.2466／ROE0=-7.86% 非正
     1  EPS0=-0.0761／ROE0=-2.84% 非正
     1  EPS0=-0.0746／ROE0=-2.84% 非正
     1  EPS0=-0.0748／ROE0=-2.84% 非正
     1  EPS0=-0.0740／ROE0=-2.84% 非正
     1  EPS0=-0.1117／ROE0=-4.36% 非正
     1  EPS0=-0.0354／ROE0=-1.38% 非正
     1  EPS0=-0.0468／ROE0=-1.82% 非正
     1  EPS0=-0.3326／ROE0=-9.25% 非正
     1  EPS0=-0.3339／ROE0=-9.25% 非正
     1  EPS0=-0.3345／ROE0=-9.25% 非正
     1  EPS0=-0.3338／ROE0=-9.25% 非正
     1  EPS0=-0.0471／ROE0=-1.75% 非正
     1  EPS0=-0.0473／ROE0=-1.75% 非正
     1  EPS0=-0.0470／ROE0=-1.75% 非正
     1  EPS0=-0.0463／ROE0=-1.75% 非正
     1  EPS0=-0.3867／ROE0=-15.53% 非正
     1  EPS0=-0.3921／ROE0=-15.53% 非正
     1  EPS0=-0.3971／ROE0=-15.53% 非正
     1  EPS0=-0.3994／ROE0=-15.53% 非正
     1  EPS0=-0.0336／ROE0=-1.59% 非正
     1  EPS0=-0.3191／ROE0=-6.22% 非正
     1  EPS0=-0.3173／ROE0=-6.22% 非正
     1  EPS0=-0.3178／ROE0=-6.22% 非正
     1  EPS0=-0.3179／ROE0=-6.22% 非正
     1  EPS0=-0.6940／ROE0=-27.93% 非正
     1  EPS0=-0.8683／ROE0=-27.93% 非正
     1  EPS0=-0.8858／ROE0=-27.93% 非正
     1  EPS0=-0.9194／ROE0=-27.93% 非正
     1  零增长股权价值 -0.54 ≤ 0
     1  EPS0=-0.0475／ROE0=-1.76% 非正
     1  EPS0=-0.0473／ROE0=-1.76% 非正
     1  EPS0=-0.0477／ROE0=-1.76% 非正
     1  EPS0=-0.0480／ROE0=-1.76% 非正
     1  EPS0=-0.2613／ROE0=-15.04% 非正
     1  EPS0=-0.2618／ROE0=-15.04% 非正
     1  EPS0=-0.2465／ROE0=-15.04% 非正
     1  EPS0=-0.2633／ROE0=-15.04% 非正
     1  EPS0=-0.2439／ROE0=-28.24% 非正
     1  EPS0=-0.2398／ROE0=-28.24% 非正
     1  EPS0=-0.2320／ROE0=-28.24% 非正
     1  EPS0=-0.2225／ROE0=-28.24% 非正
     1  EPS0=-0.0796／ROE0=-12.19% 非正
     1  EPS0=-0.0778／ROE0=-12.19% 非正
     1  EPS0=-0.0724／ROE0=-12.19% 非正
     1  EPS0=-0.0710／ROE0=-12.19% 非正
     1  EPS0=-0.1293／ROE0=-27.75% 非正
     1  EPS0=-0.1285／ROE0=-27.75% 非正
     1  EPS0=-0.1153／ROE0=-27.75% 非正
     1  EPS0=-0.0809／ROE0=-3.20% 非正
     1  EPS0=-0.0823／ROE0=-3.20% 非正
     1  EPS0=-0.0842／ROE0=-3.20% 非正
     1  EPS0=-0.0850／ROE0=-3.20% 非正
     1  EPS0=-0.1764／ROE0=-5.45% 非正
     1  EPS0=-0.1797／ROE0=-5.45% 非正
     1  EPS0=-0.1829／ROE0=-5.45% 非正
     1  EPS0=-0.1871／ROE0=-5.45% 非正
     1  零增长股权价值 -0.10 ≤ 0
     1  EPS0=-0.4242／ROE0=-19.37% 非正
     1  EPS0=-0.4270／ROE0=-19.37% 非正
     1  EPS0=-0.4435／ROE0=-19.37% 非正
     1  EPS0=-0.4659／ROE0=-19.37% 非正
     1  EPS0=-0.0067／ROE0=-0.44% 非正
     1  EPS0=-0.6365／ROE0=-38.50% 非正
     1  EPS0=-0.6464／ROE0=-38.50% 非正
     1  EPS0=-0.6420／ROE0=-38.50% 非正
     1  EPS0=-0.5979／ROE0=-38.50% 非正
     1  EPS0=-0.0933／ROE0=-86.70% 非正
     1  EPS0=-0.0474／ROE0=-86.70% 非正
     1  EPS0=-0.0291／ROE0=-86.70% 非正
     1  EPS0=-0.0923／ROE0=-8.90% 非正
     1  EPS0=-0.0920／ROE0=-8.90% 非正
     1  EPS0=-0.0933／ROE0=-8.90% 非正
     1  EPS0=-0.0925／ROE0=-8.90% 非正
     1  EPS0=-0.0622／ROE0=-9.12% 非正
     1  EPS0=-0.0621／ROE0=-9.12% 非正
     1  EPS0=-0.0630／ROE0=-9.12% 非正
     1  EPS0=-0.0639／ROE0=-9.12% 非正
     1  EPS0=-0.0430／ROE0=-9.07% 非正
     1  EPS0=-0.0417／ROE0=-9.07% 非正
     1  EPS0=-0.0404／ROE0=-9.07% 非正
     1  EPS0=-0.0401／ROE0=-9.07% 非正
     1  EPS0=-0.0294／ROE0=-9.12% 非正
     1  EPS0=-0.0285／ROE0=-9.12% 非正
     1  EPS0=-0.0279／ROE0=-9.12% 非正
     1  EPS0=-0.0856／ROE0=-2.46% 非正
     1  EPS0=-0.0895／ROE0=-2.46% 非正
     1  EPS0=-0.0865／ROE0=-2.46% 非正
     1  EPS0=-0.0728／ROE0=-2.02% 非正
     1  EPS0=-0.0394／ROE0=-1.03% 非正
     1  EPS0=-0.0395／ROE0=-1.03% 非正
     1  EPS0=-0.0632／ROE0=-1.70% 非正
     1  EPS0=-0.0635／ROE0=-1.70% 非正
     1  EPS0=-0.0625／ROE0=-1.70% 非正
     1  EPS0=-0.0488／ROE0=-3.10% 非正
     1  EPS0=-0.0471／ROE0=-3.10% 非正
     1  EPS0=-0.0462／ROE0=-3.10% 非正
     1  EPS0=-0.0457／ROE0=-3.10% 非正
     1  EPS0=-0.0407／ROE0=-69.90% 非正
     1  EPS0=-0.0317／ROE0=-69.90% 非正
     1  EPS0=-0.0332／ROE0=-69.90% 非正
     1  EPS0=-0.0198／ROE0=-69.90% 非正
     1  EPS0=-0.0009／ROE0=-4.59% 非正
     1  EPS0=-0.0003／ROE0=-4.59% 非正
     1  EPS0=-0.0000／ROE0=-4.59% 非正
     1  EPS0=-0.0018／ROE0=-4.59% 非正
     1  EPS0=-0.0158／ROE0=-14.02% 非正
     1  EPS0=-0.0132／ROE0=-14.02% 非正
     1  EPS0=-0.0096／ROE0=-14.02% 非正
     1  EPS0=-0.0123／ROE0=-14.02% 非正
     1  EPS0=-0.1048／ROE0=-4.99% 非正
     1  EPS0=-0.1025／ROE0=-4.99% 非正
     1  EPS0=-0.0981／ROE0=-4.99% 非正
     1  EPS0=-0.0946／ROE0=-4.99% 非正
     1  EPS0=-0.2388／ROE0=-17.08% 非正
     1  EPS0=-0.2164／ROE0=-17.08% 非正
     1  EPS0=-0.1909／ROE0=-17.08% 非正
     1  EPS0=-0.1729／ROE0=-17.08% 非正
     1  EPS0=-0.2674／ROE0=-35.44% 非正
     1  EPS0=-0.2279／ROE0=-35.44% 非正
     1  EPS0=-0.2006／ROE0=-35.44% 非正
     1  EPS0=-0.2039／ROE0=-35.44% 非正
     1  EPS0=-0.0230／ROE0=-4.48% 非正
     1  EPS0=-0.0247／ROE0=-4.48% 非正
     1  EPS0=-0.0597／ROE0=-31.87% 非正
     1  EPS0=-0.0439／ROE0=-31.87% 非正
     1  EPS0=-0.0701／ROE0=-31.87% 非正
     1  EPS0=-0.0704／ROE0=-31.87% 非正
     1  EPS0=-0.0300／ROE0=-1.06% 非正
     1  EPS0=-0.0295／ROE0=-1.06% 非正
     1  EPS0=-0.0291／ROE0=-1.06% 非正
     1  EPS0=-0.1364／ROE0=-5.34% 非正
     1  EPS0=-0.1355／ROE0=-5.34% 非正
     1  EPS0=-0.1349／ROE0=-5.34% 非正
     1  EPS0=-0.1162／ROE0=-3.39% 非正
     1  EPS0=-0.1148／ROE0=-3.39% 非正
     1  EPS0=-0.1126／ROE0=-3.39% 非正
     1  EPS0=-0.1130／ROE0=-3.39% 非正
     1  EPS0=-0.1673／ROE0=-4.87% 非正
     1  EPS0=-0.1176／ROE0=-3.43% 非正
     1  EPS0=-0.0448／ROE0=-1.31% 非正
     1  EPS0=-0.1504／ROE0=-4.87% 非正
     1  EPS0=-0.1508／ROE0=-4.87% 非正
     1  EPS0=-0.1512／ROE0=-4.87% 非正
     1  EPS0=-0.1445／ROE0=-4.65% 非正
     1  EPS0=-0.1489／ROE0=-4.87% 非正
     1  EPS0=-0.1470／ROE0=-4.87% 非正
     1  EPS0=-0.1400／ROE0=-4.87% 非正
     1  EPS0=-0.1382／ROE0=-4.87% 非正
     1  EPS0=-0.1375／ROE0=-4.87% 非正
     1  EPS0=-0.1376／ROE0=-4.87% 非正
     1  EPS0=-0.1237／ROE0=-4.50% 非正
     1  EPS0=-0.0397／ROE0=-1.44% 非正
     1  EPS0=-0.2082／ROE0=-31.89% 非正
     1  EPS0=-0.1740／ROE0=-31.89% 非正
     1  EPS0=-0.1029／ROE0=-31.89% 非正
     1  EPS0=-0.0815／ROE0=-2.44% 非正
     1  EPS0=-0.0826／ROE0=-2.44% 非正
     1  EPS0=-0.0835／ROE0=-2.44% 非正
     1  EPS0=-0.0840／ROE0=-2.44% 非正
     1  EPS0=-0.2923／ROE0=-11.28% 非正
     1  EPS0=-0.2925／ROE0=-11.28% 非正
     1  EPS0=-0.2928／ROE0=-11.28% 非正
     1  EPS0=-0.2924／ROE0=-11.28% 非正
     1  EPS0=-0.0112／ROE0=-0.62% 非正
     1  EPS0=-0.0111／ROE0=-0.62% 非正
     1  EPS0=-0.0116／ROE0=-0.62% 非正
     1  EPS0=-0.0115／ROE0=-0.62% 非正
     1  EPS0=-0.0399／ROE0=-2.29% 非正
     1  EPS0=-0.0398／ROE0=-2.29% 非正
     1  EPS0=-0.0395／ROE0=-2.29% 非正
     1  EPS0=-0.0392／ROE0=-2.29% 非正
     1  EPS0=-0.1312／ROE0=-8.42% 非正
     1  EPS0=-0.1308／ROE0=-8.42% 非正
     1  EPS0=-0.1296／ROE0=-8.42% 非正
     1  EPS0=-0.1209／ROE0=-8.42% 非正
     1  EPS0=-0.1390／ROE0=-10.44% 非正
     1  EPS0=-0.1373／ROE0=-10.44% 非正
     1  EPS0=-0.1360／ROE0=-10.44% 非正
     1  EPS0=-0.0227／ROE0=-0.71% 非正
     1  EPS0=-0.0229／ROE0=-0.71% 非正
     1  EPS0=-0.0216／ROE0=-0.68% 非正
     1  EPS0=-0.3027／ROE0=-10.31% 非正
     1  EPS0=-0.3114／ROE0=-10.31% 非正
     1  EPS0=-0.3207／ROE0=-10.31% 非正
     1  EPS0=-0.3274／ROE0=-10.31% 非正
     1  EPS0=-0.1848／ROE0=-27.99% 非正
     1  EPS0=-0.1933／ROE0=-27.99% 非正
     1  EPS0=-0.2856／ROE0=-27.99% 非正
     1  EPS0=-0.2740／ROE0=-27.99% 非正
     1  EPS0=-0.0020／ROE0=-0.69% 非正
     1  EPS0=-0.0027／ROE0=-0.69% 非正
     1  EPS0=-0.0028／ROE0=-0.69% 非正
     1  EPS0=-0.5994／ROE0=-15.29% 非正
     1  EPS0=-0.6020／ROE0=-15.29% 非正
     1  EPS0=-0.6036／ROE0=-15.29% 非正
     1  EPS0=-0.6043／ROE0=-15.29% 非正
     1  EPS0=-0.1461／ROE0=-7.00% 非正
     1  EPS0=-0.1464／ROE0=-7.00% 非正
     1  EPS0=-0.1469／ROE0=-7.00% 非正
     1  EPS0=-0.1474／ROE0=-7.00% 非正
     1  EPS0=-0.1681／ROE0=-23.32% 非正
     1  EPS0=-0.1642／ROE0=-23.32% 非正
     1  EPS0=-0.1635／ROE0=-23.32% 非正
     1  EPS0=-0.1656／ROE0=-23.32% 非正
     1  EPS0=-0.0166／ROE0=-2.66% 非正
     1  EPS0=-0.0157／ROE0=-2.66% 非正
     1  EPS0=-0.0142／ROE0=-2.66% 非正
     1  EPS0=-0.0126／ROE0=-2.66% 非正
     1  EPS0=-0.0156／ROE0=-4.68% 非正
     1  EPS0=-0.0130／ROE0=-4.68% 非正
     1  EPS0=-0.0091／ROE0=-4.68% 非正
     1  EPS0=-0.0049／ROE0=-4.68% 非正
     1  EPS0=-0.1049／ROE0=-97.11% 非正
     1  EPS0=-0.0550／ROE0=-97.11% 非正
     1  EPS0=-0.0047／ROE0=-97.11% 非正
     1  EPS0=-0.4425／ROE0=-56.98% 非正
     1  EPS0=-0.3232／ROE0=-56.98% 非正
     1  EPS0=-0.3306／ROE0=-56.98% 非正
     1  EPS0=-0.0934／ROE0=-5.12% 非正
     1  EPS0=-0.0937／ROE0=-5.12% 非正
     1  EPS0=-0.0921／ROE0=-5.12% 非正
     1  EPS0=-0.0903／ROE0=-5.12% 非正
     1  EPS0=-0.1275／ROE0=-7.76% 非正
     1  EPS0=-0.1285／ROE0=-7.76% 非正
     1  EPS0=-0.1280／ROE0=-7.76% 非正
     1  EPS0=-0.1262／ROE0=-7.76% 非正
     1  EPS0=-0.1253／ROE0=-8.13% 非正
     1  EPS0=-0.0913／ROE0=-5.81% 非正
     1  EPS0=-0.0665／ROE0=-4.21% 非正
     1  EPS0=-0.1349／ROE0=-15.50% 非正
     1  EPS0=-0.1314／ROE0=-15.50% 非正
     1  EPS0=-0.0907／ROE0=-15.50% 非正
     1  EPS0=-0.0948／ROE0=-15.50% 非正
     1  EPS0=-0.0522／ROE0=-11.23% 非正
     1  EPS0=-0.0478／ROE0=-10.43% 非正
     1  EPS0=-0.0268／ROE0=-5.89% 非正
     1  EPS0=-0.2782／ROE0=-12.48% 非正
     1  EPS0=-0.2829／ROE0=-12.48% 非正
     1  EPS0=-0.2936／ROE0=-12.48% 非正
     1  EPS0=-0.2992／ROE0=-12.48% 非正
     1  EPS0=-0.1236／ROE0=-9.52% 非正
     1  EPS0=-0.1198／ROE0=-9.52% 非正
     1  EPS0=-0.1204／ROE0=-9.52% 非正
     1  EPS0=-0.1248／ROE0=-9.52% 非正
     1  EPS0=-0.2844／ROE0=-6.73% 非正
     1  EPS0=-0.3027／ROE0=-6.73% 非正
     1  EPS0=-0.3042／ROE0=-6.73% 非正
     1  EPS0=-0.3068／ROE0=-6.73% 非正
     1  EPS0=-0.3586／ROE0=-33.60% 非正
     1  EPS0=-0.3394／ROE0=-33.60% 非正
     1  EPS0=-0.3753／ROE0=-33.60% 非正
     1  EPS0=-0.3619／ROE0=-33.60% 非正
     1  EPS0=-0.0279／ROE0=-5.35% 非正
     1  EPS0=-0.0239／ROE0=-5.35% 非正
     1  EPS0=-0.0232／ROE0=-5.35% 非正
     1  EPS0=-0.0269／ROE0=-5.35% 非正
     1  EPS0=-0.0354／ROE0=-7.50% 非正
     1  EPS0=-0.0205／ROE0=-4.64% 非正
     1  EPS0=-0.0317／ROE0=-7.50% 非正
     1  EPS0=-0.0437／ROE0=-7.50% 非正
     1  EPS0=-0.0435／ROE0=-7.50% 非正
     1  EPS0=-0.0422／ROE0=-7.50% 非正
     1  EPS0=-0.2330／ROE0=-4.20% 非正
     1  EPS0=-0.2296／ROE0=-4.20% 非正
     1  EPS0=-0.2268／ROE0=-4.20% 非正
     1  EPS0=-0.2232／ROE0=-4.20% 非正
     1  EPS0=-0.1236／ROE0=-2.30% 非正
     1  EPS0=-0.1926／ROE0=-3.66% 非正
     1  EPS0=-0.2152／ROE0=-4.20% 非正
     1  EPS0=-0.2119／ROE0=-4.20% 非正
     1  EPS0=-0.2923／ROE0=-5.73% 非正
     1  EPS0=-0.2865／ROE0=-5.73% 非正
     1  EPS0=-0.2682／ROE0=-5.73% 非正
     1  EPS0=-0.1784／ROE0=-4.55% 非正
     1  EPS0=-0.1755／ROE0=-4.55% 非正
     1  EPS0=-0.1739／ROE0=-4.55% 非正
     1  EPS0=-0.1580／ROE0=-4.20% 非正
     1  EPS0=-0.0696／ROE0=-1.86% 非正
     1  EPS0=-0.0492／ROE0=-1.32% 非正
     1  EPS0=-0.0476／ROE0=-1.28% 非正
     1  EPS0=-0.0096／ROE0=-0.26% 非正
     1  EPS0=-0.3097／ROE0=-15.21% 非正
     1  EPS0=-0.3098／ROE0=-15.21% 非正
     1  EPS0=-0.3195／ROE0=-15.21% 非正
     1  EPS0=-0.3314／ROE0=-15.21% 非正
     1  EPS0=-0.1591／ROE0=-7.03% 非正
     1  EPS0=-0.1577／ROE0=-7.03% 非正
     1  EPS0=-0.1583／ROE0=-7.03% 非正
     1  EPS0=-0.1587／ROE0=-7.03% 非正
     1  EPS0=-0.0988／ROE0=-5.46% 非正
     1  EPS0=-0.0976／ROE0=-5.46% 非正
     1  EPS0=-0.0970／ROE0=-5.46% 非正
     1  EPS0=-0.0968／ROE0=-5.46% 非正
     1  EPS0=-0.0775／ROE0=-5.46% 非正
     1  EPS0=-0.0774／ROE0=-5.46% 非正
     1  EPS0=-0.0765／ROE0=-5.46% 非正
     1  EPS0=-0.0763／ROE0=-5.46% 非正
     1  EPS0=-0.0892／ROE0=-7.93% 非正
     1  EPS0=-0.0889／ROE0=-7.93% 非正
     1  EPS0=-0.0887／ROE0=-7.93% 非正
     1  EPS0=-0.1179／ROE0=-4.00% 非正
     1  EPS0=-0.1230／ROE0=-4.00% 非正
     1  EPS0=-0.1264／ROE0=-4.00% 非正
     1  EPS0=-0.5193／ROE0=-18.63% 非正
     1  EPS0=-0.5065／ROE0=-18.63% 非正
     1  EPS0=-0.4780／ROE0=-18.63% 非正
     1  EPS0=-0.4279／ROE0=-18.63% 非正
     1  EPS0=-0.1978／ROE0=-13.12% 非正
     1  EPS0=-0.1840／ROE0=-13.12% 非正
     1  EPS0=-0.1445／ROE0=-13.12% 非正
     1  EPS0=-0.1361／ROE0=-13.12% 非正
     1  EPS0=-0.2453／ROE0=-11.33% 非正
     1  EPS0=-0.2549／ROE0=-11.33% 非正
     1  EPS0=-0.2765／ROE0=-11.33% 非正
     1  EPS0=-0.2767／ROE0=-11.33% 非正
     1  EPS0=-0.2188／ROE0=-2.43% 非正
     1  EPS0=-0.2193／ROE0=-2.43% 非正
     1  EPS0=-0.2229／ROE0=-2.43% 非正
     1  EPS0=-0.2256／ROE0=-2.43% 非正
     1  EPS0=-0.1799／ROE0=-3.18% 非正
     1  EPS0=-0.1784／ROE0=-3.14% 非正
     1  EPS0=-0.0936／ROE0=-1.64% 非正
     1  EPS0=-0.0682／ROE0=-1.20% 非正
     1  EPS0=-0.0151／ROE0=-0.36% 非正
     1  EPS0=-0.0152／ROE0=-0.36% 非正
     1  EPS0=-0.3833／ROE0=-13.81% 非正
     1  EPS0=-0.3811／ROE0=-13.81% 非正
     1  EPS0=-0.0254／ROE0=-0.57% 非正
     1  EPS0=-0.0249／ROE0=-0.57% 非正
     1  EPS0=-0.0187／ROE0=-0.57% 非正
     1  EPS0=-0.3436／ROE0=-8.45% 非正
     1  EPS0=-0.3306／ROE0=-8.45% 非正
     1  EPS0=-0.3222／ROE0=-8.45% 非正
     1  EPS0=-0.3141／ROE0=-8.45% 非正
     1  EPS0=-0.5367／ROE0=-16.48% 非正
     1  EPS0=-0.5148／ROE0=-16.48% 非正
     1  EPS0=-0.4951／ROE0=-16.48% 非正
     1  EPS0=-0.4530／ROE0=-16.48% 非正
     1  EPS0=-0.5910／ROE0=-27.49% 非正
     1  EPS0=-0.5538／ROE0=-27.49% 非正
     1  EPS0=-0.5245／ROE0=-27.49% 非正
     1  EPS0=-0.0251／ROE0=-0.99% 非正
     1  EPS0=-0.0248／ROE0=-0.99% 非正
     1  EPS0=-0.0241／ROE0=-0.99% 非正
     1  EPS0=-0.0236／ROE0=-0.99% 非正
     1  EPS0=-0.1285／ROE0=-5.63% 非正
     1  EPS0=-0.1232／ROE0=-5.63% 非正
     1  EPS0=-0.3021／ROE0=-28.18% 非正
     1  EPS0=-0.3109／ROE0=-28.18% 非正
     1  EPS0=-0.4118／ROE0=-28.18% 非正
     1  EPS0=-0.3528／ROE0=-28.18% 非正
     1  EPS0=-0.2291／ROE0=-8.52% 非正
     1  EPS0=-0.2298／ROE0=-8.52% 非正
     1  EPS0=-0.2239／ROE0=-8.52% 非正
     1  EPS0=-0.2181／ROE0=-8.52% 非正
     1  EPS0=-0.0941／ROE0=-4.55% 非正
     1  EPS0=-0.0912／ROE0=-4.55% 非正
     1  EPS0=-0.0887／ROE0=-4.55% 非正
     1  EPS0=-0.0863／ROE0=-4.55% 非正
     1  EPS0=-0.3909／ROE0=-38.13% 非正
     1  EPS0=-0.3596／ROE0=-38.13% 非正
     1  EPS0=-0.3284／ROE0=-38.13% 非正
     1  EPS0=-0.1729／ROE0=-4.56% 非正
     1  EPS0=-0.1740／ROE0=-4.56% 非正
     1  EPS0=-0.1750／ROE0=-4.56% 非正
     1  EPS0=-0.1694／ROE0=-4.56% 非正
     1  EPS0=-0.4711／ROE0=-19.67% 非正
     1  EPS0=-0.4759／ROE0=-19.67% 非正
     1  EPS0=-0.4771／ROE0=-19.67% 非正
     1  EPS0=-0.4742／ROE0=-19.67% 非正
     1  EPS0=-0.3476／ROE0=-24.50% 非正
     1  EPS0=-0.3527／ROE0=-24.50% 非正
     1  EPS0=-0.3542／ROE0=-24.50% 非正
     1  EPS0=-0.3558／ROE0=-24.50% 非正
     1  EPS0=-0.1878／ROE0=-8.11% 非正
     1  EPS0=-0.1861／ROE0=-8.11% 非正
     1  EPS0=-0.1901／ROE0=-8.11% 非正
     1  EPS0=-0.1927／ROE0=-8.11% 非正
     1  EPS0=-0.0364／ROE0=-2.92% 非正
     1  EPS0=-0.0360／ROE0=-2.92% 非正
     1  EPS0=-0.0134／ROE0=-1.13% 非正
     1  EPS0=-0.0129／ROE0=-1.13% 非正
     1  EPS0=-0.0132／ROE0=-1.13% 非正
     1  EPS0=-0.0243／ROE0=-2.23% 非正
     1  EPS0=-0.0239／ROE0=-2.23% 非正
     1  EPS0=-0.0244／ROE0=-2.23% 非正
     1  EPS0=-0.0249／ROE0=-2.23% 非正
     1  EPS0=-0.0595／ROE0=-2.41% 非正
     1  EPS0=-0.0577／ROE0=-2.41% 非正
     1  EPS0=-0.0555／ROE0=-2.41% 非正
     1  EPS0=-0.1156／ROE0=-7.69% 非正
     1  EPS0=-0.1172／ROE0=-7.69% 非正
     1  EPS0=-0.1203／ROE0=-7.69% 非正
     1  EPS0=-0.1079／ROE0=-7.69% 非正
     1  EPS0=-0.2035／ROE0=-14.90% 非正
     1  EPS0=-0.2003／ROE0=-14.90% 非正
     1  EPS0=-0.1970／ROE0=-14.90% 非正
     1  EPS0=-0.2000／ROE0=-14.90% 非正
     1  EPS0=-0.0476／ROE0=-4.21% 非正
     1  EPS0=-0.0468／ROE0=-4.21% 非正
     1  EPS0=-0.0459／ROE0=-4.21% 非正
     1  EPS0=-0.0439／ROE0=-4.21% 非正
     1  EPS0=-0.0971／ROE0=-10.24% 非正
     1  EPS0=-0.0947／ROE0=-10.24% 非正
     1  EPS0=-0.0926／ROE0=-10.24% 非正
     1  EPS0=-0.0965／ROE0=-10.24% 非正
     1  EPS0=-0.1641／ROE0=-58.38% 非正
     1  EPS0=-0.1451／ROE0=-58.38% 非正
     1  EPS0=-0.0879／ROE0=-58.38% 非正
     1  EPS0=-0.0706／ROE0=-58.38% 非正
     1  EPS0=-0.0389／ROE0=-96.85% 非正
     1  EPS0=-0.0193／ROE0=-96.85% 非正
     1  EPS0=-0.0632／ROE0=-11.13% 非正
     1  EPS0=-0.0633／ROE0=-11.13% 非正
     1  EPS0=-0.0176／ROE0=-11.13% 非正
     1  EPS0=-0.0163／ROE0=-11.13% 非正
     1  EPS0=-0.0692／ROE0=-1.82% 非正
     1  EPS0=-0.0687／ROE0=-1.82% 非正
     1  EPS0=-0.0696／ROE0=-1.82% 非正
     1  EPS0=-0.0709／ROE0=-1.82% 非正
     1  EPS0=-0.0545／ROE0=-2.72% 非正
     1  EPS0=-0.0558／ROE0=-2.72% 非正
     1  EPS0=-0.0568／ROE0=-2.72% 非正
     1  EPS0=-0.0578／ROE0=-2.72% 非正
     1  EPS0=-0.1652／ROE0=-11.12% 非正
     1  EPS0=-0.1691／ROE0=-11.12% 非正
     1  EPS0=-0.1754／ROE0=-11.12% 非正
     1  EPS0=-0.1843／ROE0=-11.12% 非正
     1  EPS0=-0.0589／ROE0=-3.57% 非正
     1  EPS0=-0.0588／ROE0=-3.57% 非正
     1  EPS0=-0.0597／ROE0=-3.57% 非正
     1  EPS0=-0.0606／ROE0=-3.57% 非正
     1  EPS0=-0.2650／ROE0=-32.45% 非正
     1  EPS0=-0.2377／ROE0=-32.45% 非正
     1  EPS0=-0.2200／ROE0=-32.45% 非正
     1  EPS0=-0.1897／ROE0=-32.45% 非正
     1  EPS0=-0.1265／ROE0=-50.86% 非正
     1  EPS0=-0.0945／ROE0=-50.86% 非正
     1  EPS0=-0.0811／ROE0=-50.86% 非正
     1  EPS0=-0.0525／ROE0=-50.86% 非正
     1  EPS0=-0.5216／ROE0=-70.99% 非正
     1  EPS0=-0.3009／ROE0=-43.39% 非正
     1  EPS0=-0.1677／ROE0=-24.07% 非正
     1  EPS0=-0.1389／ROE0=-5.48% 非正
     1  EPS0=-0.1380／ROE0=-5.48% 非正
     1  EPS0=-0.1346／ROE0=-5.48% 非正
     1  EPS0=-0.1319／ROE0=-5.48% 非正
     1  EPS0=-0.5203／ROE0=-15.51% 非正
     1  EPS0=-0.5238／ROE0=-15.51% 非正
     1  EPS0=-0.5296／ROE0=-15.51% 非正
     1  EPS0=-0.5342／ROE0=-15.51% 非正
     1  EPS0=-0.0620／ROE0=-2.44% 非正
     1  EPS0=-0.1904／ROE0=-38.27% 非正
     1  EPS0=-0.1082／ROE0=-38.27% 非正
     1  EPS0=-0.0541／ROE0=-38.27% 非正
     1  EPS0=-0.0117／ROE0=-38.27% 非正
     1  EPS0=-0.1751／ROE0=-113.93% 非正
     1  EPS0=-0.2713／ROE0=-9.60% 非正
     1  EPS0=-0.2656／ROE0=-9.60% 非正
     1  EPS0=-0.2736／ROE0=-9.60% 非正
     1  EPS0=-0.2795／ROE0=-9.60% 非正
     1  EPS0=-0.2464／ROE0=-12.90% 非正
     1  EPS0=-0.2426／ROE0=-12.90% 非正
     1  EPS0=-0.2385／ROE0=-12.90% 非正
     1  EPS0=-0.2307／ROE0=-12.90% 非正
     1  EPS0=-0.3233／ROE0=-27.06% 非正
     1  EPS0=-0.3088／ROE0=-27.06% 非正
     1  EPS0=-0.2820／ROE0=-27.06% 非正
     1  EPS0=-0.2800／ROE0=-27.06% 非正
     1  EPS0=-0.2713／ROE0=-46.39% 非正
     1  EPS0=-0.2534／ROE0=-46.39% 非正
     1  EPS0=-0.2366／ROE0=-46.39% 非正
     1  EPS0=-0.2156／ROE0=-46.39% 非正
     1  EPS0=-0.4231／ROE0=-5.70% 非正
     1  EPS0=-0.4322／ROE0=-5.70% 非正
     1  EPS0=-0.4582／ROE0=-5.70% 非正
     1  EPS0=-0.4639／ROE0=-5.70% 非正
     1  EPS0=-0.2134／ROE0=-3.75% 非正
     1  EPS0=-0.2145／ROE0=-3.75% 非正
     1  EPS0=-0.2160／ROE0=-3.75% 非正
     1  EPS0=-0.2194／ROE0=-3.75% 非正
     1  EPS0=-0.2464／ROE0=-7.76% 非正
     1  EPS0=-0.2427／ROE0=-7.76% 非正
     1  EPS0=-0.2297／ROE0=-7.76% 非正
     1  EPS0=-0.2180／ROE0=-7.76% 非正
     1  EPS0=-0.4746／ROE0=-36.69% 非正
     1  EPS0=-0.4761／ROE0=-36.69% 非正
     1  EPS0=-0.4778／ROE0=-36.69% 非正
     1  EPS0=-0.4049／ROE0=-36.69% 非正
     1  EPS0=-0.0985／ROE0=-14.37% 非正
     1  EPS0=-0.0895／ROE0=-14.37% 非正
     1  EPS0=-0.0601／ROE0=-14.37% 非正
     1  EPS0=-0.9132／ROE0=-35.88% 非正
     1  EPS0=-0.8643／ROE0=-35.88% 非正
     1  EPS0=-0.8281／ROE0=-35.88% 非正
     1  EPS0=-0.7799／ROE0=-35.88% 非正
     1  EPS0=-0.3372／ROE0=-65.58% 非正
     1  EPS0=-0.2520／ROE0=-65.58% 非正
     1  EPS0=-0.1286／ROE0=-65.58% 非正
     1  EPS0=-0.0253／ROE0=-65.58% 非正
     1  EPS0=-0.1392／ROE0=-4.57% 非正
     1  EPS0=-0.1432／ROE0=-4.57% 非正
     1  EPS0=-0.1454／ROE0=-4.57% 非正
     1  EPS0=-0.1484／ROE0=-4.57% 非正
     1  EPS0=-0.3505／ROE0=-15.32% 非正
     1  EPS0=-0.3363／ROE0=-15.32% 非正
     1  EPS0=-0.3227／ROE0=-15.32% 非正
     1  EPS0=-0.0637／ROE0=-1.69% 非正
     1  EPS0=-0.0638／ROE0=-1.69% 非正
     1  EPS0=-0.0571／ROE0=-1.51% 非正
     1  EPS0=-0.0633／ROE0=-1.69% 非正
     1  EPS0=-0.2256／ROE0=-3.57% 非正
     1  EPS0=-0.2267／ROE0=-3.57% 非正
     1  EPS0=-0.2326／ROE0=-3.57% 非正
     1  EPS0=-0.2353／ROE0=-3.57% 非正
     1  EPS0=-0.0672／ROE0=-1.64% 非正
     1  EPS0=-0.1577／ROE0=-2.37% 非正
     1  EPS0=-0.1508／ROE0=-2.37% 非正
     1  EPS0=-0.1398／ROE0=-2.37% 非正
     1  EPS0=-0.1347／ROE0=-2.37% 非正
     1  EPS0=-1.0956／ROE0=-24.10% 非正
     1  EPS0=-1.1555／ROE0=-24.10% 非正
     1  EPS0=-1.1686／ROE0=-24.10% 非正
     1  EPS0=-1.1288／ROE0=-24.10% 非正
     1  EPS0=-0.2400／ROE0=-7.12% 非正
     1  EPS0=-0.2407／ROE0=-7.12% 非正
     1  EPS0=-0.2419／ROE0=-7.12% 非正
     1  EPS0=-0.2412／ROE0=-7.12% 非正
     1  EPS0=-0.1288／ROE0=-4.96% 非正
     1  EPS0=-0.1294／ROE0=-4.96% 非正
     1  EPS0=-0.1241／ROE0=-4.96% 非正
     1  EPS0=-0.1194／ROE0=-4.96% 非正
     1  EPS0=-0.2982／ROE0=-16.06% 非正
     1  EPS0=-0.2853／ROE0=-16.06% 非正
     1  EPS0=-0.2617／ROE0=-16.06% 非正
     1  EPS0=-0.2490／ROE0=-16.06% 非正
     1  EPS0=-0.3710／ROE0=-46.41% 非正
     1  EPS0=-0.3328／ROE0=-46.41% 非正
     1  EPS0=-0.2993／ROE0=-46.41% 非正
     1  EPS0=-0.2084／ROE0=-46.41% 非正
     1  EPS0=-0.1559／ROE0=-63.32% 非正
     1  EPS0=-0.1484／ROE0=-63.32% 非正
     1  EPS0=-0.1373／ROE0=-63.32% 非正
     1  EPS0=-0.5381／ROE0=-9.90% 非正
     1  EPS0=-0.5279／ROE0=-9.90% 非正
     1  EPS0=-0.4505／ROE0=-9.90% 非正
     1  EPS0=-0.1954／ROE0=-2.51% 非正
     1  EPS0=-0.2025／ROE0=-2.51% 非正
     1  EPS0=-0.1954／ROE0=-9.50% 非正
     1  EPS0=-0.1968／ROE0=-9.50% 非正
     1  EPS0=-0.1962／ROE0=-9.50% 非正
     1  EPS0=-0.1986／ROE0=-9.50% 非正
     1  EPS0=-0.1338／ROE0=-3.31% 非正
     1  EPS0=-0.1357／ROE0=-3.31% 非正
     1  EPS0=-0.1374／ROE0=-3.31% 非正
     1  EPS0=-0.0137／ROE0=-0.31% 非正
     1  EPS0=-0.1644／ROE0=-3.00% 非正
     1  EPS0=-0.1649／ROE0=-3.00% 非正
     1  EPS0=-0.1679／ROE0=-3.00% 非正
     1  EPS0=-0.1706／ROE0=-3.00% 非正
     1  EPS0=-0.0438／ROE0=-1.76% 非正
     1  EPS0=-0.0431／ROE0=-1.76% 非正
     1  EPS0=-0.0036／ROE0=-0.12% 非正
     1  EPS0=-0.3835／ROE0=-29.19% 非正
     1  EPS0=-0.3338／ROE0=-29.19% 非正
     1  EPS0=-0.3079／ROE0=-29.19% 非正
     1  EPS0=-0.2794／ROE0=-29.19% 非正
     1  EPS0=-0.1067／ROE0=-3.11% 非正
     1  EPS0=-0.1048／ROE0=-3.11% 非正
     1  EPS0=-0.1024／ROE0=-3.11% 非正
     1  EPS0=-0.1030／ROE0=-3.11% 非正
     1  EPS0=-0.2047／ROE0=-6.67% 非正
     1  EPS0=-0.0463／ROE0=-1.46% 非正
     1  EPS0=-0.0468／ROE0=-1.46% 非正
     1  EPS0=-0.0454／ROE0=-1.46% 非正
     1  EPS0=-0.0437／ROE0=-1.42% 非正
     1  EPS0=-0.2960／ROE0=-34.78% 非正
     1  EPS0=-0.2973／ROE0=-34.78% 非正
     1  EPS0=-0.2492／ROE0=-34.78% 非正
     1  EPS0=-0.2559／ROE0=-34.78% 非正
     1  EPS0=-0.0791／ROE0=-60.94% 非正
     1  EPS0=-0.0795／ROE0=-60.94% 非正
     1  EPS0=-0.0866／ROE0=-60.94% 非正
     1  EPS0=-0.0479／ROE0=-60.94% 非正
     1  EPS0=-0.5712／ROE0=-28.18% 非正
     1  EPS0=-0.6917／ROE0=-28.18% 非正
     1  EPS0=-0.6770／ROE0=-28.18% 非正
     1  EPS0=-0.2696／ROE0=-10.66% 非正
     1  EPS0=-0.0164／ROE0=-0.35% 非正
     1  EPS0=-0.0167／ROE0=-0.35% 非正
     1  EPS0=-0.0496／ROE0=-1.22% 非正
     1  EPS0=-0.0485／ROE0=-1.22% 非正
     1  EPS0=-0.0490／ROE0=-1.22% 非正
     1  EPS0=-0.0489／ROE0=-1.22% 非正
     1  EPS0=-0.2423／ROE0=-6.69% 非正
     1  EPS0=-0.2433／ROE0=-6.69% 非正
     1  EPS0=-0.2430／ROE0=-6.69% 非正
     1  EPS0=-0.2349／ROE0=-6.69% 非正
     1  EPS0=-0.2084／ROE0=-4.79% 非正
     1  EPS0=-0.2092／ROE0=-4.79% 非正
     1  EPS0=-0.2032／ROE0=-4.79% 非正
     1  EPS0=-0.1971／ROE0=-4.79% 非正
     1  EPS0=-0.1983／ROE0=-4.79% 非正
     1  EPS0=-0.1379／ROE0=-3.29% 非正
     1  EPS0=-0.1266／ROE0=-2.99% 非正
     1  EPS0=-0.0161／ROE0=-0.37% 非正
     1  EPS0=-0.2498／ROE0=-7.33% 非正
     1  EPS0=-0.2628／ROE0=-7.33% 非正
     1  EPS0=-0.2737／ROE0=-7.33% 非正
     1  EPS0=-0.2813／ROE0=-7.33% 非正
     1  EPS0=-0.0301／ROE0=-0.97% 非正
     1  EPS0=-0.0302／ROE0=-0.97% 非正
     1  EPS0=-0.0303／ROE0=-0.97% 非正
     1  EPS0=-0.0304／ROE0=-0.97% 非正
     1  EPS0=-0.0294／ROE0=-0.98% 非正
     1  EPS0=-0.0296／ROE0=-0.98% 非正
     1  EPS0=-0.0416／ROE0=-0.98% 非正
     1  EPS0=-0.0415／ROE0=-0.98% 非正
     1  EPS0=-0.1470／ROE0=-3.77% 非正
     1  EPS0=-0.1474／ROE0=-3.77% 非正
     1  EPS0=-0.1477／ROE0=-3.77% 非正
     1  EPS0=-0.1472／ROE0=-3.77% 非正
     1  EPS0=-0.1625／ROE0=-4.62% 非正
     1  EPS0=-0.1627／ROE0=-4.62% 非正
     1  EPS0=-0.1678／ROE0=-4.62% 非正
     1  EPS0=-0.1367／ROE0=-5.86% 非正
     1  EPS0=-0.1240／ROE0=-5.86% 非正
     1  EPS0=-0.1373／ROE0=-5.86% 非正
     1  EPS0=-0.1327／ROE0=-5.86% 非正
     1  EPS0=-0.3071／ROE0=-20.56% 非正
     1  EPS0=-0.2606／ROE0=-20.56% 非正
     1  EPS0=-0.1992／ROE0=-20.56% 非正
     1  EPS0=-0.1380／ROE0=-20.56% 非正
     1  EPS0=-0.5836／ROE0=-57.82% 非正
     1  EPS0=-0.4959／ROE0=-57.82% 非正
     1  EPS0=-0.4993／ROE0=-57.82% 非正
     1  EPS0=-0.4384／ROE0=-57.82% 非正
     1  EPS0=-0.2165／ROE0=-44.47% 非正
     1  EPS0=-0.1715／ROE0=-44.47% 非正
     1  EPS0=-0.1608／ROE0=-44.47% 非正
     1  EPS0=-0.0880／ROE0=-44.47% 非正
     1  EPS0=-0.1200／ROE0=-25.61% 非正
     1  EPS0=-0.1116／ROE0=-25.61% 非正
     1  EPS0=-0.1061／ROE0=-25.61% 非正
     1  EPS0=-0.1142／ROE0=-25.61% 非正
     1  EPS0=-0.1186／ROE0=-32.48% 非正
     1  EPS0=-0.0526／ROE0=-13.32% 非正
     1  EPS0=-0.5987／ROE0=-66.06% 非正
     1  EPS0=-0.6183／ROE0=-66.06% 非正
     1  EPS0=-0.6563／ROE0=-66.06% 非正
     1  EPS0=-0.7156／ROE0=-66.06% 非正
     1  EPS0=-0.9655／ROE0=-487.56% 非正
     1  EPS0=-1.1465／ROE0=-487.56% 非正
     1  EPS0=-1.1356／ROE0=-487.56% 非正
     1  EPS0=-1.0930／ROE0=-487.56% 非正
     1  EPS0=-2.3731／ROE0=-184.05% 非正
     1  EPS0=-1.7610／ROE0=-184.05% 非正
     1  EPS0=-0.7190／ROE0=-184.05% 非正
     1  EPS0=-0.1610／ROE0=-5.52% 非正
     1  EPS0=-0.1575／ROE0=-5.52% 非正
     1  EPS0=-0.1561／ROE0=-5.52% 非正
     1  EPS0=-0.1521／ROE0=-5.52% 非正
     1  EPS0=-0.2943／ROE0=-12.96% 非正
     1  EPS0=-0.2900／ROE0=-12.96% 非正
     1  EPS0=-0.2837／ROE0=-12.96% 非正
     1  EPS0=-0.2626／ROE0=-12.96% 非正
     1  EPS0=-0.4222／ROE0=-33.22% 非正
     1  EPS0=-0.4239／ROE0=-33.22% 非正
     1  EPS0=-0.4277／ROE0=-33.22% 非正
     1  EPS0=-0.4293／ROE0=-33.22% 非正
     1  EPS0=-0.1211／ROE0=-6.80% 非正
     1  EPS0=-0.1174／ROE0=-6.80% 非正
     1  EPS0=-0.1122／ROE0=-6.80% 非正
     1  EPS0=-0.1091／ROE0=-6.80% 非正
     1  EPS0=-0.2568／ROE0=-22.09% 非正
     1  EPS0=-0.2469／ROE0=-22.09% 非正
     1  EPS0=-0.2378／ROE0=-22.09% 非正
     1  EPS0=-0.2262／ROE0=-22.09% 非正
     1  EPS0=-0.1637／ROE0=-19.07% 非正
     1  EPS0=-0.0249／ROE0=-2.45% 非正
     1  EPS0=-0.6099／ROE0=-17.27% 非正
     1  EPS0=-0.5988／ROE0=-17.27% 非正
     1  EPS0=-0.5952／ROE0=-17.27% 非正
     1  EPS0=-0.0270／ROE0=-0.79% 非正
     1  EPS0=-0.6004／ROE0=-9.01% 非正
     1  EPS0=-0.5817／ROE0=-9.01% 非正
     1  EPS0=-0.5863／ROE0=-9.01% 非正
     1  EPS0=-0.5852／ROE0=-9.01% 非正
     1  EPS0=-0.9213／ROE0=-18.60% 非正
     1  EPS0=-0.8989／ROE0=-18.60% 非正
     1  EPS0=-0.8936／ROE0=-18.60% 非正
     1  EPS0=-0.8505／ROE0=-18.60% 非正
     1  EPS0=-0.9593／ROE0=-27.69% 非正
     1  EPS0=-0.9258／ROE0=-27.69% 非正
     1  EPS0=-0.8952／ROE0=-27.69% 非正
     1  EPS0=-0.7884／ROE0=-27.69% 非正
     1  EPS0=-0.8928／ROE0=-30.31% 非正
     1  EPS0=-0.8822／ROE0=-30.31% 非正
     1  EPS0=-0.8290／ROE0=-28.83% 非正
     1  EPS0=-0.0477／ROE0=-1.01% 非正
     1  EPS0=-0.0480／ROE0=-1.01% 非正
     1  EPS0=-0.0483／ROE0=-1.01% 非正
     1  EPS0=-0.0350／ROE0=-1.01% 非正
     1  EPS0=-0.0106／ROE0=-0.28% 非正
     1  EPS0=-0.0108／ROE0=-0.28% 非正
     1  EPS0=-0.0110／ROE0=-0.28% 非正
     1  EPS0=-0.0113／ROE0=-0.28% 非正
     1  EPS0=-0.3174／ROE0=-5.20% 非正
     1  EPS0=-0.3007／ROE0=-5.20% 非正
     1  EPS0=-0.2722／ROE0=-5.20% 非正
     1  EPS0=-0.1833／ROE0=-5.20% 非正
     1  EPS0=-0.7167／ROE0=-23.40% 非正
     1  EPS0=-0.4942／ROE0=-14.80% 非正
     1  EPS0=-0.2944／ROE0=-5.27% 非正
     1  EPS0=-0.2904／ROE0=-5.27% 非正
     1  EPS0=-0.2971／ROE0=-5.27% 非正
     1  EPS0=-0.2887／ROE0=-5.27% 非正
     1  EPS0=-0.0343／ROE0=-0.78% 非正
     1  EPS0=-0.1484／ROE0=-3.73% 非正
     1  EPS0=-0.1492／ROE0=-3.73% 非正
     1  EPS0=-0.1496／ROE0=-3.73% 非正
     1  EPS0=-0.1505／ROE0=-3.73% 非正
     1  EPS0=-0.6143／ROE0=-24.11% 非正
     1  EPS0=-0.5970／ROE0=-24.11% 非正
     1  EPS0=-0.5468／ROE0=-24.11% 非正
     1  EPS0=-0.5391／ROE0=-24.11% 非正
     1  EPS0=-0.1581／ROE0=-3.46% 非正
     1  EPS0=-0.1549／ROE0=-3.46% 非正
     1  EPS0=-0.1604／ROE0=-3.46% 非正
     1  EPS0=-0.1551／ROE0=-3.46% 非正
     1  EPS0=-0.2891／ROE0=-7.12% 非正
     1  EPS0=-0.2822／ROE0=-7.12% 非正
     1  EPS0=-0.2767／ROE0=-7.12% 非正
     1  EPS0=-0.4016／ROE0=-11.88% 非正
     1  EPS0=-0.3861／ROE0=-11.88% 非正
     1  EPS0=-0.3754／ROE0=-11.88% 非正
     1  EPS0=-0.3808／ROE0=-11.88% 非正
     1  EPS0=-0.3827／ROE0=-13.89% 非正
     1  EPS0=-0.3694／ROE0=-13.89% 非正
     1  EPS0=-0.3513／ROE0=-13.89% 非正
     1  EPS0=-0.3404／ROE0=-13.89% 非正
     1  EPS0=-0.4577／ROE0=-20.40% 非正
     1  EPS0=-0.2700／ROE0=-11.86% 非正
     1  EPS0=-0.1476／ROE0=-7.06% 非正
     1  EPS0=-0.0375／ROE0=-1.70% 非正
     1  EPS0=-0.0512／ROE0=-1.08% 非正
     1  EPS0=-0.0526／ROE0=-1.08% 非正
     1  EPS0=-0.0032／ROE0=-0.26% 非正
     1  EPS0=-0.0031／ROE0=-0.26% 非正
     1  EPS0=-0.0019／ROE0=-0.26% 非正
     1  EPS0=-0.0024／ROE0=-0.26% 非正
     1  EPS0=-0.0095／ROE0=-1.70% 非正
     1  EPS0=-0.3680／ROE0=-12.71% 非正
     1  EPS0=-0.3641／ROE0=-12.71% 非正
     1  EPS0=-0.3797／ROE0=-12.71% 非正
     1  EPS0=-0.2605／ROE0=-8.49% 非正
     1  EPS0=-0.1441／ROE0=-5.25% 非正
     1  EPS0=-0.1401／ROE0=-5.25% 非正
     1  EPS0=-0.1421／ROE0=-5.25% 非正
     1  EPS0=-0.1379／ROE0=-5.25% 非正
     1  EPS0=-0.2349／ROE0=-9.30% 非正
     1  EPS0=-0.1871／ROE0=-7.32% 非正
     1  EPS0=-0.1840／ROE0=-7.10% 非正
     1  EPS0=-0.0439／ROE0=-1.22% 非正
     1  EPS0=-0.0416／ROE0=-1.22% 非正
     1  EPS0=-0.5139／ROE0=-24.38% 非正
     1  EPS0=-0.4944／ROE0=-24.38% 非正
     1  EPS0=-0.4566／ROE0=-24.38% 非正
     1  EPS0=-0.4208／ROE0=-24.38% 非正
     1  EPS0=-0.1602／ROE0=-11.81% 非正
     1  EPS0=-0.1944／ROE0=-11.81% 非正
     1  EPS0=-0.1857／ROE0=-11.81% 非正
     1  EPS0=-0.1547／ROE0=-10.09% 非正
     1  EPS0=-0.0205／ROE0=-2.47% 非正
     1  EPS0=-0.0182／ROE0=-2.47% 非正
     1  EPS0=-0.0155／ROE0=-2.47% 非正
     1  EPS0=-0.0103／ROE0=-2.47% 非正
     1  EPS0=-0.4081／ROE0=-45.62% 非正
     1  EPS0=-0.3678／ROE0=-45.62% 非正
     1  EPS0=-0.3241／ROE0=-45.62% 非正
     1  EPS0=-0.2938／ROE0=-45.62% 非正
     1  EPS0=-0.2006／ROE0=-43.14% 非正
     1  EPS0=-0.2157／ROE0=-43.14% 非正
     1  EPS0=-0.1869／ROE0=-43.14% 非正
     1  EPS0=-0.1546／ROE0=-2.32% 非正
     1  EPS0=-0.1501／ROE0=-2.32% 非正
     1  EPS0=-0.1516／ROE0=-2.32% 非正
     1  EPS0=-0.1443／ROE0=-2.32% 非正
     1  EPS0=-0.6141／ROE0=-11.09% 非正
     1  EPS0=-0.6489／ROE0=-11.09% 非正
     1  EPS0=-0.5706／ROE0=-9.55% 非正
     1  EPS0=-0.0110／ROE0=-0.19% 非正
     1  EPS0=-0.4734／ROE0=-7.67% 非正
     1  EPS0=-0.4811／ROE0=-7.67% 非正
     1  EPS0=-0.4979／ROE0=-7.67% 非正
     1  EPS0=-0.5193／ROE0=-7.67% 非正
     1  EPS0=-0.1481／ROE0=-3.23% 非正
     1  EPS0=-0.1432／ROE0=-3.23% 非正
     1  EPS0=-0.1433／ROE0=-3.23% 非正
     1  EPS0=-0.1454／ROE0=-3.23% 非正
     1  EPS0=-0.4256／ROE0=-11.57% 非正
     1  EPS0=-0.4022／ROE0=-11.57% 非正
     1  EPS0=-0.3666／ROE0=-11.57% 非正
     1  EPS0=-0.3432／ROE0=-11.57% 非正
     1  EPS0=-0.5398／ROE0=-22.31% 非正
     1  EPS0=-0.4612／ROE0=-22.31% 非正
     1  EPS0=-0.3613／ROE0=-22.31% 非正
     1  EPS0=-0.2834／ROE0=-22.31% 非正
     1  EPS0=-0.3415／ROE0=-69.46% 非正
     1  EPS0=-0.2895／ROE0=-69.46% 非正
     1  EPS0=-0.2319／ROE0=-69.46% 非正
     1  EPS0=-0.3135／ROE0=-6.37% 非正
     1  EPS0=-0.3137／ROE0=-6.37% 非正
     1  EPS0=-0.3153／ROE0=-6.37% 非正
     1  EPS0=-0.3116／ROE0=-6.37% 非正
     1  EPS0=-0.5903／ROE0=-14.94% 非正
     1  EPS0=-0.5846／ROE0=-14.94% 非正
     1  EPS0=-0.5928／ROE0=-14.94% 非正
     1  EPS0=-0.5711／ROE0=-14.94% 非正
     1  EPS0=-0.7439／ROE0=-28.31% 非正
     1  EPS0=-0.7510／ROE0=-28.31% 非正
     1  EPS0=-0.6971／ROE0=-28.31% 非正
     1  EPS0=-0.6176／ROE0=-28.31% 非正
     1  EPS0=-0.4689／ROE0=-59.69% 非正
     1  EPS0=-0.3752／ROE0=-59.69% 非正
     1  EPS0=-0.3155／ROE0=-59.69% 非正
     1  EPS0=-0.2736／ROE0=-59.69% 非正
     1  EPS0=-0.0434／ROE0=-1.16% 非正
     1  EPS0=-0.0412／ROE0=-1.16% 非正
     1  EPS0=-0.0394／ROE0=-1.16% 非正
     1  EPS0=-0.6402／ROE0=-17.90% 非正
     1  EPS0=-0.6531／ROE0=-17.90% 非正
     1  EPS0=-0.7009／ROE0=-17.90% 非正
     1  EPS0=-0.7118／ROE0=-17.90% 非正
     1  EPS0=-0.0404／ROE0=-1.28% 非正
     1  EPS0=-0.0409／ROE0=-1.28% 非正
     1  EPS0=-0.0398／ROE0=-1.28% 非正
     1  EPS0=-0.2028／ROE0=-3.48% 非正
     1  EPS0=-0.1985／ROE0=-3.48% 非正
     1  EPS0=-0.1977／ROE0=-3.48% 非正
     1  EPS0=-0.1962／ROE0=-3.48% 非正
     1  EPS0=-0.3983／ROE0=-7.44% 非正
     1  EPS0=-0.3944／ROE0=-7.44% 非正
     1  EPS0=-0.3776／ROE0=-7.44% 非正
     1  EPS0=-0.3714／ROE0=-7.44% 非正
     1  EPS0=-0.3613／ROE0=-6.32% 非正
     1  EPS0=-0.3520／ROE0=-6.32% 非正
     1  EPS0=-0.3418／ROE0=-6.32% 非正
     1  EPS0=-0.0073／ROE0=-0.19% 非正
     1  EPS0=-0.2546／ROE0=-7.48% 非正
     1  EPS0=-0.2573／ROE0=-7.48% 非正
     1  EPS0=-0.2562／ROE0=-7.48% 非正
     1  EPS0=-0.2575／ROE0=-7.48% 非正
     1  EPS0=-0.3300／ROE0=-19.51% 非正
     1  EPS0=-0.3377／ROE0=-19.51% 非正
     1  EPS0=-0.3335／ROE0=-19.51% 非正
     1  EPS0=-0.3862／ROE0=-5.35% 非正
     1  EPS0=-0.3949／ROE0=-5.35% 非正
     1  EPS0=-0.2016／ROE0=-5.26% 非正
     1  EPS0=-0.1982／ROE0=-5.26% 非正
     1  EPS0=-0.1857／ROE0=-5.26% 非正
     1  EPS0=-0.1723／ROE0=-5.26% 非正
     1  EPS0=-0.5852／ROE0=-22.11% 非正
     1  EPS0=-0.5402／ROE0=-22.11% 非正
     1  EPS0=-0.4602／ROE0=-22.11% 非正
     1  EPS0=-0.3598／ROE0=-22.11% 非正
     1  EPS0=-0.3453／ROE0=-84.93% 非正
     1  EPS0=-0.3788／ROE0=-84.93% 非正
     1  EPS0=-0.3854／ROE0=-84.93% 非正
     1  EPS0=-0.5525／ROE0=-7.51% 非正
     1  EPS0=-0.5465／ROE0=-7.51% 非正
     1  EPS0=-0.5429／ROE0=-7.51% 非正
     1  EPS0=-0.5365／ROE0=-7.51% 非正
     1  EPS0=-0.2787／ROE0=-4.06% 非正
     1  EPS0=-0.2767／ROE0=-4.06% 非正
     1  EPS0=-0.2722／ROE0=-4.06% 非正
     1  EPS0=-0.2682／ROE0=-4.06% 非正
     1  EPS0=-0.2868／ROE0=-4.36% 非正
     1  EPS0=-0.2840／ROE0=-4.36% 非正
     1  EPS0=-0.2461／ROE0=-3.82% 非正
     1  EPS0=-0.0142／ROE0=-0.22% 非正
     1  EPS0=-0.2680／ROE0=-4.25% 非正
     1  EPS0=-0.2212／ROE0=-3.53% 非正
     1  EPS0=-0.2346／ROE0=-3.79% 非正
     1  EPS0=-0.2646／ROE0=-4.29% 非正
     1  EPS0=-0.0945／ROE0=-1.54% 非正
     1  EPS0=-0.0794／ROE0=-1.30% 非正
     1  EPS0=-0.0206／ROE0=-0.34% 非正
     1  EPS0=-0.3647／ROE0=-8.51% 非正
     1  EPS0=-0.3619／ROE0=-8.51% 非正
     1  EPS0=-0.3542／ROE0=-8.51% 非正
     1  EPS0=-0.3350／ROE0=-8.51% 非正
     1  EPS0=-0.2088／ROE0=-5.42% 非正
     1  EPS0=-0.2119／ROE0=-5.42% 非正
     1  EPS0=-0.2011／ROE0=-5.42% 非正
     1  EPS0=-0.1889／ROE0=-5.42% 非正
     1  EPS0=-0.3819／ROE0=-11.52% 非正
     1  EPS0=-0.3774／ROE0=-11.52% 非正
     1  EPS0=-0.3663／ROE0=-11.52% 非正
     1  EPS0=-0.3479／ROE0=-11.52% 非正
     1  EPS0=-0.4250／ROE0=-15.02% 非正
     1  EPS0=-0.2506／ROE0=-8.64% 非正
     1  EPS0=-0.2529／ROE0=-9.00% 非正
     1  EPS0=-0.0337／ROE0=-0.70% 非正
     1  EPS0=-0.0338／ROE0=-0.70% 非正
     1  EPS0=-0.0335／ROE0=-0.70% 非正
     1  EPS0=-0.0339／ROE0=-0.70% 非正
     1  EPS0=-0.0481／ROE0=-1.61% 非正
     1  EPS0=-0.0482／ROE0=-1.61% 非正
     1  EPS0=-0.0472／ROE0=-1.61% 非正
     1  EPS0=-0.2508／ROE0=-4.48% 非正
     1  EPS0=-0.2498／ROE0=-4.48% 非正
     1  EPS0=-0.2446／ROE0=-4.48% 非正
     1  EPS0=-0.0447／ROE0=-0.93% 非正
     1  EPS0=-0.0456／ROE0=-0.93% 非正
     1  EPS0=-0.0466／ROE0=-0.93% 非正
     1  EPS0=-0.0472／ROE0=-0.93% 非正
     1  EPS0=-0.3218／ROE0=-8.27% 非正
     1  EPS0=-0.3129／ROE0=-8.27% 非正
     1  EPS0=-0.2709／ROE0=-8.27% 非正
     1  EPS0=-0.2474／ROE0=-8.27% 非正
     1  EPS0=-1.0077／ROE0=-24.87% 非正
     1  EPS0=-0.9566／ROE0=-24.87% 非正
     1  EPS0=-0.9283／ROE0=-24.87% 非正
     1  EPS0=-0.8451／ROE0=-24.87% 非正
     1  EPS0=-0.7413／ROE0=-27.82% 非正
     1  EPS0=-0.7144／ROE0=-27.82% 非正
     1  EPS0=-0.5579／ROE0=-21.46% 非正
     1  EPS0=-0.2321／ROE0=-6.00% 非正
     1  EPS0=-0.1483／ROE0=-6.00% 非正
     1  EPS0=-0.1345／ROE0=-6.00% 非正
     1  EPS0=-0.1139／ROE0=-6.00% 非正
     1  EPS0=-0.2031／ROE0=-14.85% 非正
     1  EPS0=-0.1867／ROE0=-14.85% 非正
     1  EPS0=-0.1260／ROE0=-14.85% 非正
     1  EPS0=-0.0922／ROE0=-14.85% 非正
     1  EPS0=-0.2275／ROE0=-60.01% 非正
     1  EPS0=-0.2599／ROE0=-60.01% 非正
     1  EPS0=-0.2211／ROE0=-49.95% 非正
     1  EPS0=-0.3501／ROE0=-6.27% 非正
     1  EPS0=-0.3417／ROE0=-6.27% 非正
     1  EPS0=-0.3411／ROE0=-6.27% 非正
     1  EPS0=-0.3344／ROE0=-6.27% 非正
     1  EPS0=-0.3216／ROE0=-6.18% 非正
     1  EPS0=-0.3116／ROE0=-6.18% 非正
     1  EPS0=-0.3138／ROE0=-6.18% 非正
     1  EPS0=-0.0203／ROE0=-0.27% 非正
     1  EPS0=-0.0201／ROE0=-0.27% 非正
     1  EPS0=-0.0194／ROE0=-0.27% 非正
     1  EPS0=-0.0189／ROE0=-0.27% 非正
     1  EPS0=-0.0958／ROE0=-1.09% 非正
     1  EPS0=-0.0013／ROE0=-0.01% 非正
     1  EPS0=-0.6529／ROE0=-20.59% 非正
     1  EPS0=-0.5978／ROE0=-20.59% 非正
     1  EPS0=-0.4069／ROE0=-20.59% 非正
     1  EPS0=-0.4157／ROE0=-20.59% 非正
     1  EPS0=-0.0727／ROE0=-3.01% 非正
     1  EPS0=-0.0585／ROE0=-1.38% 非正
     1  EPS0=-0.0590／ROE0=-1.38% 非正
     1  EPS0=-0.0592／ROE0=-1.38% 非正
     1  EPS0=-0.4476／ROE0=-10.64% 非正
     1  EPS0=-0.4251／ROE0=-10.64% 非正
     1  EPS0=-0.4544／ROE0=-10.64% 非正
     1  EPS0=-0.4605／ROE0=-10.64% 非正
     1  EPS0=-0.0338／ROE0=-0.72% 非正
     1  EPS0=-0.2226／ROE0=-5.88% 非正
     1  EPS0=-0.2209／ROE0=-5.88% 非正
     1  EPS0=-0.2218／ROE0=-5.88% 非正
     1  EPS0=-0.7760／ROE0=-9.80% 非正
     1  EPS0=-0.6120／ROE0=-7.76% 非正
     1  EPS0=-0.7575／ROE0=-9.80% 非正
     1  EPS0=-0.6474／ROE0=-8.94% 非正
     1  EPS0=-0.6493／ROE0=-8.94% 非正
     1  EPS0=-0.6351／ROE0=-8.94% 非正
     1  EPS0=-0.5594／ROE0=-8.94% 非正
     1  EPS0=-0.0703／ROE0=-1.13% 非正
     1  EPS0=-0.0687／ROE0=-1.13% 非正
     1  EPS0=-0.0658／ROE0=-1.13% 非正
     1  EPS0=-0.0629／ROE0=-1.13% 非正
     1  EPS0=-0.1583／ROE0=-3.01% 非正
     1  EPS0=-0.1553／ROE0=-3.01% 非正
     1  EPS0=-0.1526／ROE0=-3.01% 非正
     1  EPS0=-0.1507／ROE0=-3.01% 非正
     1  EPS0=-0.3628／ROE0=-8.03% 非正
     1  EPS0=-0.3627／ROE0=-8.03% 非正
     1  EPS0=-0.3622／ROE0=-8.03% 非正
     1  EPS0=-0.0368／ROE0=-0.57% 非正
     1  EPS0=-0.0363／ROE0=-0.57% 非正
     1  EPS0=-0.0358／ROE0=-0.57% 非正
     1  EPS0=-0.0328／ROE0=-0.57% 非正
     1  EPS0=-0.4754／ROE0=-7.99% 非正
     1  EPS0=-0.4628／ROE0=-7.99% 非正
     1  EPS0=-0.4578／ROE0=-7.99% 非正
     1  EPS0=-0.4453／ROE0=-7.99% 非正
     1  EPS0=-0.5494／ROE0=-10.25% 非正
     1  EPS0=-0.3942／ROE0=-7.45% 非正
     1  EPS0=-0.4843／ROE0=-9.35% 非正
     1  EPS0=-0.0178／ROE0=-0.57% 非正
     1  EPS0=-0.0643／ROE0=-0.62% 非正
     1  EPS0=-0.0634／ROE0=-0.62% 非正
     1  EPS0=-0.0629／ROE0=-0.62% 非正
     1  EPS0=-0.0619／ROE0=-0.62% 非正
     1  EPS0=-0.8026／ROE0=-9.37% 非正
     1  EPS0=-0.8039／ROE0=-9.37% 非正
     1  EPS0=-0.7747／ROE0=-9.37% 非正
     1  EPS0=-0.2036／ROE0=-10.72% 非正
     1  EPS0=-0.2044／ROE0=-10.72% 非正
     1  EPS0=-0.2083／ROE0=-10.72% 非正
     1  EPS0=-0.2149／ROE0=-10.72% 非正
     1  EPS0=-0.5562／ROE0=-13.50% 非正
     1  EPS0=-0.5614／ROE0=-13.50% 非正
     1  EPS0=-0.5538／ROE0=-13.50% 非正
     1  EPS0=-0.5655／ROE0=-13.50% 非正
     1  EPS0=-0.0114／ROE0=-0.44% 非正
     1  EPS0=-0.0116／ROE0=-0.44% 非正
     1  EPS0=-0.0118／ROE0=-0.44% 非正
     1  EPS0=-0.0119／ROE0=-0.44% 非正
     1  EPS0=-0.0762／ROE0=-3.19% 非正
     1  EPS0=-0.0766／ROE0=-3.19% 非正
     1  EPS0=-0.0767／ROE0=-3.19% 非正
     1  EPS0=-0.0574／ROE0=-2.37% 非正
     1  EPS0=-0.1546／ROE0=-10.72% 非正
     1  EPS0=-0.1468／ROE0=-10.72% 非正
     1  EPS0=-0.1382／ROE0=-10.72% 非正
     1  EPS0=-0.1311／ROE0=-10.72% 非正
     1  EPS0=-0.0572／ROE0=-3.22% 非正
     1  EPS0=-0.0568／ROE0=-3.22% 非正
     1  EPS0=-0.0562／ROE0=-3.22% 非正
     1  EPS0=-0.0558／ROE0=-3.22% 非正
     1  EPS0=-0.0711／ROE0=-4.31% 非正
     1  EPS0=-0.0707／ROE0=-4.31% 非正
     1  EPS0=-0.2853／ROE0=-36.40% 非正
     1  EPS0=-0.2835／ROE0=-36.40% 非正
     1  EPS0=-0.2690／ROE0=-36.40% 非正
     1  EPS0=-0.2570／ROE0=-36.40% 非正
     1  EPS0=-0.2654／ROE0=-6.97% 非正
     1  EPS0=-0.2677／ROE0=-6.97% 非正
     1  EPS0=-0.2687／ROE0=-6.97% 非正
     1  EPS0=-0.2703／ROE0=-6.97% 非正
     1  EPS0=-0.3910／ROE0=-44.57% 非正
     1  EPS0=-0.3682／ROE0=-44.57% 非正
     1  EPS0=-0.2819／ROE0=-44.57% 非正
     1  EPS0=-0.2909／ROE0=-44.57% 非正
     1  EPS0=-0.1028／ROE0=-91.54% 非正
     1  EPS0=-0.0575／ROE0=-91.54% 非正
     1  EPS0=-0.0180／ROE0=-91.54% 非正
     1  EPS0=-0.0100／ROE0=-2.15% 非正
     1  EPS0=-0.0049／ROE0=-0.58% 非正
     1  EPS0=-0.0183／ROE0=-2.15% 非正
     1  EPS0=-0.2245／ROE0=-6.61% 非正
     1  EPS0=-0.2254／ROE0=-6.61% 非正
     1  EPS0=-0.2283／ROE0=-6.61% 非正
     1  EPS0=-0.2286／ROE0=-6.61% 非正
     1  EPS0=-0.2508／ROE0=-6.39% 非正
     1  EPS0=-0.2526／ROE0=-6.39% 非正
     1  EPS0=-0.2522／ROE0=-6.39% 非正
     1  EPS0=-0.2582／ROE0=-6.39% 非正
     1  EPS0=-0.2735／ROE0=-61.27% 非正
     1  EPS0=-0.2641／ROE0=-61.27% 非正
     1  EPS0=-0.1959／ROE0=-61.27% 非正
     1  EPS0=-0.2316／ROE0=-61.27% 非正
     1  EPS0=-0.0480／ROE0=-98.88% 非正
     1  EPS0=-0.0610／ROE0=-98.88% 非正
     1  EPS0=-0.0410／ROE0=-98.88% 非正
     1  EPS0=-0.0427／ROE0=-98.88% 非正
     1  EPS0=-0.0049／ROE0=-21.12% 非正
     1  EPS0=-0.1268／ROE0=-35.25% 非正
     1  EPS0=-0.1314／ROE0=-35.25% 非正
     1  EPS0=-0.1234／ROE0=-34.48% 非正
     1  EPS0=-0.0816／ROE0=-23.42% 非正
     1  EPS0=-0.1766／ROE0=-8.53% 非正
     1  EPS0=-0.1774／ROE0=-8.53% 非正
     1  EPS0=-0.1776／ROE0=-8.53% 非正
     1  EPS0=-0.1799／ROE0=-8.53% 非正
     1  EPS0=-0.0365／ROE0=-0.69% 非正
     1  EPS0=-0.0366／ROE0=-0.69% 非正
     1  EPS0=-0.0358／ROE0=-0.69% 非正
     1  EPS0=-0.0349／ROE0=-0.69% 非正
     1  EPS0=-0.4034／ROE0=-9.95% 非正
     1  EPS0=-0.3946／ROE0=-9.95% 非正
     1  EPS0=-0.3633／ROE0=-9.95% 非正
     1  EPS0=-0.3356／ROE0=-9.95% 非正
     1  EPS0=-0.6412／ROE0=-36.25% 非正
     1  EPS0=-0.6088／ROE0=-36.25% 非正
     1  EPS0=-0.3902／ROE0=-36.25% 非正
     1  EPS0=-0.1205／ROE0=-56.33% 非正
     1  EPS0=-0.1216／ROE0=-56.33% 非正
     1  EPS0=-0.1224／ROE0=-56.33% 非正
     1  EPS0=-0.1288／ROE0=-56.33% 非正
     1  EPS0=-0.0337／ROE0=-19.62% 非正
     1  EPS0=-0.0099／ROE0=-6.14% 非正
     1  EPS0=-0.0309／ROE0=-19.62% 非正
     1  EPS0=-0.0319／ROE0=-19.62% 非正
     1  EPS0=-0.0606／ROE0=-5.92% 非正
     1  EPS0=-0.0611／ROE0=-5.92% 非正
     1  EPS0=-0.0559／ROE0=-5.40% 非正
     1  EPS0=-0.1106／ROE0=-4.16% 非正
     1  EPS0=-0.1091／ROE0=-4.16% 非正
     1  EPS0=-0.1067／ROE0=-4.16% 非正
     1  EPS0=-0.1052／ROE0=-4.16% 非正
     1  EPS0=-0.1167／ROE0=-4.41% 非正
     1  EPS0=-0.1141／ROE0=-4.41% 非正
     1  EPS0=-0.1114／ROE0=-4.41% 非正
     1  EPS0=-0.1283／ROE0=-11.53% 非正
     1  EPS0=-0.1201／ROE0=-11.53% 非正
     1  EPS0=-0.1181／ROE0=-11.53% 非正
     1  EPS0=-0.1182／ROE0=-11.53% 非正
     1  EPS0=-0.2139／ROE0=-28.37% 非正
     1  EPS0=-0.2100／ROE0=-28.37% 非正
     1  EPS0=-0.2052／ROE0=-28.37% 非正
     1  EPS0=-0.2054／ROE0=-28.37% 非正
     1  EPS0=-0.0501／ROE0=-3.80% 非正
     1  EPS0=-0.0491／ROE0=-3.80% 非正
     1  EPS0=-0.0484／ROE0=-3.80% 非正
     1  EPS0=-0.0470／ROE0=-3.80% 非正
     1  EPS0=-0.0906／ROE0=-7.94% 非正
     1  EPS0=-0.0883／ROE0=-7.94% 非正
     1  EPS0=-0.0865／ROE0=-7.94% 非正
     1  EPS0=-0.0844／ROE0=-7.94% 非正
     1  EPS0=-0.1063／ROE0=-12.55% 非正
     1  EPS0=-0.1052／ROE0=-12.55% 非正
     1  EPS0=-0.1017／ROE0=-12.55% 非正
     1  EPS0=-0.2891／ROE0=-18.51% 非正
     1  EPS0=-0.2796／ROE0=-18.51% 非正
     1  EPS0=-0.2738／ROE0=-18.51% 非正
     1  EPS0=-0.2676／ROE0=-18.51% 非正
     1  EPS0=-0.1428／ROE0=-12.92% 非正
     1  EPS0=-0.1538／ROE0=-12.92% 非正
     1  EPS0=-0.1478／ROE0=-12.92% 非正
     1  EPS0=-0.1282／ROE0=-27.37% 非正
     1  EPS0=-0.1272／ROE0=-27.37% 非正
     1  EPS0=-0.1143／ROE0=-27.37% 非正
     1  EPS0=-0.1007／ROE0=-27.37% 非正
     1  EPS0=-0.1071／ROE0=-44.01% 非正
     1  EPS0=-0.1042／ROE0=-44.01% 非正
     1  EPS0=-0.0759／ROE0=-30.13% 非正
     1  EPS0=-0.0569／ROE0=-24.93% 非正
     1  EPS0=-0.0573／ROE0=-44.01% 非正
     1  EPS0=-0.0604／ROE0=-44.01% 非正
     1  EPS0=-0.0458／ROE0=-44.01% 非正
     1  EPS0=-0.0397／ROE0=-44.01% 非正
     1  EPS0=-0.0094／ROE0=-95.93% 非正
     1  EPS0=-0.2357／ROE0=-10.26% 非正
     1  EPS0=-0.2366／ROE0=-10.26% 非正
     1  EPS0=-0.2352／ROE0=-10.26% 非正
     1  EPS0=-0.2392／ROE0=-10.26% 非正
     1  EPS0=-0.2421／ROE0=-20.37% 非正
     1  EPS0=-0.1049／ROE0=-3.99% 非正
     1  EPS0=-0.1055／ROE0=-3.99% 非正
     1  EPS0=-0.1070／ROE0=-3.99% 非正
     1  EPS0=-0.1078／ROE0=-3.99% 非正
     1  EPS0=-0.5476／ROE0=-30.99% 非正
     1  EPS0=-0.5447／ROE0=-30.99% 非正
     1  EPS0=-0.5365／ROE0=-30.99% 非正
     1  EPS0=-0.5321／ROE0=-30.99% 非正
     1  EPS0=-0.0855／ROE0=-8.52% 非正
     1  EPS0=-0.0846／ROE0=-8.52% 非正
     1  EPS0=-0.0815／ROE0=-8.52% 非正
     1  EPS0=-0.0791／ROE0=-8.52% 非正
     1  EPS0=-0.0789／ROE0=-9.58% 非正
     1  EPS0=-0.0808／ROE0=-9.58% 非正
     1  EPS0=-0.0801／ROE0=-9.58% 非正
     1  EPS0=-0.0705／ROE0=-9.28% 非正
     1  EPS0=-0.2080／ROE0=-5.40% 非正
     1  EPS0=-0.2101／ROE0=-5.40% 非正
     1  EPS0=-0.2087／ROE0=-5.40% 非正
     1  EPS0=-0.2088／ROE0=-5.40% 非正
     1  EPS0=-0.1263／ROE0=-2.45% 非正
     1  EPS0=-0.1248／ROE0=-2.45% 非正
     1  EPS0=-0.1241／ROE0=-2.45% 非正
     1  EPS0=-0.1228／ROE0=-2.45% 非正
     1  EPS0=-0.0922／ROE0=-5.39% 非正
     1  EPS0=-0.0918／ROE0=-5.39% 非正
     1  EPS0=-0.0917／ROE0=-5.39% 非正
     1  EPS0=-0.0901／ROE0=-5.39% 非正
     1  EPS0=-0.1707／ROE0=-11.43% 非正
     1  EPS0=-0.1668／ROE0=-11.43% 非正
     1  EPS0=-0.1636／ROE0=-11.43% 非正
     1  EPS0=-0.1429／ROE0=-9.29% 非正
     1  EPS0=-0.1827／ROE0=-15.74% 非正
     1  EPS0=-0.1767／ROE0=-15.74% 非正
     1  EPS0=-0.1866／ROE0=-11.65% 非正
     1  EPS0=-0.1465／ROE0=-9.13% 非正
     1  EPS0=-0.1789／ROE0=-11.65% 非正
     1  EPS0=-0.1882／ROE0=-11.65% 非正
     1  EPS0=-0.3080／ROE0=-22.93% 非正
     1  EPS0=-0.3092／ROE0=-22.93% 非正
     1  EPS0=-0.3029／ROE0=-22.93% 非正
     1  EPS0=-0.2991／ROE0=-22.93% 非正
     1  EPS0=-0.2359／ROE0=-22.63% 非正
     1  EPS0=-0.2699／ROE0=-26.55% 非正
     1  EPS0=-0.1437／ROE0=-13.39% 非正
     1  EPS0=-0.1321／ROE0=-12.41% 非正
     1  EPS0=-0.1708／ROE0=-20.55% 非正
     1  EPS0=-0.1142／ROE0=-13.61% 非正
     1  EPS0=-0.2031／ROE0=-24.59% 非正
     1  EPS0=-0.1987／ROE0=-24.59% 非正
     1  EPS0=-0.1042／ROE0=-64.98% 非正
     1  EPS0=-0.0885／ROE0=-64.98% 非正
     1  EPS0=-0.0822／ROE0=-64.98% 非正
     1  EPS0=-0.0585／ROE0=-64.98% 非正
     1  EPS0=-0.1022／ROE0=-4.43% 非正
     1  EPS0=-0.1014／ROE0=-4.43% 非正
     1  EPS0=-0.0999／ROE0=-4.43% 非正
     1  EPS0=-0.1825／ROE0=-6.19% 非正
     1  EPS0=-0.1861／ROE0=-6.19% 非正
     1  EPS0=-0.0355／ROE0=-1.80% 非正
     1  EPS0=-0.0360／ROE0=-1.80% 非正
     1  EPS0=-0.1354／ROE0=-8.63% 非正
     1  EPS0=-0.1361／ROE0=-8.63% 非正
     1  EPS0=-0.1379／ROE0=-8.63% 非正
     1  EPS0=-0.1387／ROE0=-8.63% 非正
     1  EPS0=-0.1890／ROE0=-4.31% 非正
     1  EPS0=-0.1886／ROE0=-4.31% 非正
     1  EPS0=-0.1902／ROE0=-4.31% 非正
     1  EPS0=-0.1906／ROE0=-4.31% 非正
     1  EPS0=-0.5115／ROE0=-28.33% 非正
     1  EPS0=-0.5150／ROE0=-28.33% 非正
     1  EPS0=-0.5004／ROE0=-28.33% 非正
     1  EPS0=-0.5013／ROE0=-28.33% 非正
     1  EPS0=-0.1249／ROE0=-17.24% 非正
     1  EPS0=-0.1120／ROE0=-15.38% 非正
     1  EPS0=-0.0502／ROE0=-6.78% 非正
     1  EPS0=-0.0093／ROE0=-1.24% 非正
     1  EPS0=-0.1038／ROE0=-4.39% 非正
     1  EPS0=-0.1056／ROE0=-4.39% 非正
     1  EPS0=-0.1092／ROE0=-4.39% 非正
     1  EPS0=-0.1114／ROE0=-4.39% 非正
     1  EPS0=-0.1212／ROE0=-14.16% 非正
     1  EPS0=-0.1207／ROE0=-14.16% 非正
     1  EPS0=-0.1190／ROE0=-14.16% 非正
     1  EPS0=-0.1170／ROE0=-14.16% 非正
     1  EPS0=-0.0645／ROE0=-10.48% 非正
     1  EPS0=-0.0641／ROE0=-10.48% 非正
     1  EPS0=-0.0604／ROE0=-10.48% 非正
     1  EPS0=-0.0584／ROE0=-10.48% 非正
     1  EPS0=-0.0741／ROE0=-14.16% 非正
     1  EPS0=-0.0730／ROE0=-14.16% 非正
     1  EPS0=-0.0688／ROE0=-14.16% 非正
     1  EPS0=-0.0632／ROE0=-13.48% 非正
     1  EPS0=-0.1379／ROE0=-15.46% 非正
     1  EPS0=-0.1257／ROE0=-15.46% 非正
     1  EPS0=-0.1197／ROE0=-15.46% 非正
     1  EPS0=-0.1095／ROE0=-15.46% 非正
     1  EPS0=-0.1020／ROE0=-15.69% 非正
     1  EPS0=-0.0921／ROE0=-15.69% 非正
     1  EPS0=-0.0806／ROE0=-15.69% 非正
     1  EPS0=-0.0633／ROE0=-15.69% 非正
     1  EPS0=-0.1339／ROE0=-42.39% 非正
     1  EPS0=-0.1104／ROE0=-42.39% 非正
     1  EPS0=-0.0841／ROE0=-42.39% 非正
     1  EPS0=-0.0512／ROE0=-2.37% 非正
     1  EPS0=-0.0513／ROE0=-2.37% 非正
     1  EPS0=-0.0517／ROE0=-2.37% 非正
     1  EPS0=-0.0511／ROE0=-2.37% 非正
     1  EPS0=-0.0634／ROE0=-3.47% 非正
     1  EPS0=-0.0620／ROE0=-3.47% 非正
     1  EPS0=-0.0601／ROE0=-3.47% 非正
     1  EPS0=-0.0586／ROE0=-3.47% 非正
     1  EPS0=-0.0944／ROE0=-6.09% 非正
     1  EPS0=-0.0917／ROE0=-6.09% 非正
     1  EPS0=-0.0887／ROE0=-6.09% 非正
     1  EPS0=-0.0881／ROE0=-6.09% 非正
     1  EPS0=-0.1709／ROE0=-12.47% 非正
     1  EPS0=-0.1641／ROE0=-12.47% 非正
     1  EPS0=-0.1569／ROE0=-12.47% 非正
     1  EPS0=-0.2256／ROE0=-7.60% 非正
     1  EPS0=-0.2263／ROE0=-7.60% 非正
     1  EPS0=-0.2229／ROE0=-7.60% 非正
     1  EPS0=-0.2189／ROE0=-7.60% 非正
     1  EPS0=-0.3696／ROE0=-14.52% 非正
     1  EPS0=-0.3832／ROE0=-15.04% 非正
     1  EPS0=-0.3959／ROE0=-16.12% 非正
     1  EPS0=-0.3936／ROE0=-16.12% 非正
     1  EPS0=-0.3865／ROE0=-18.80% 非正
     1  EPS0=-0.3814／ROE0=-18.80% 非正
     1  EPS0=-0.3756／ROE0=-18.80% 非正
     1  EPS0=-0.0988／ROE0=-1.60% 非正
     1  EPS0=-0.1010／ROE0=-1.60% 非正
     1  EPS0=-0.1016／ROE0=-1.60% 非正
     1  EPS0=-0.1026／ROE0=-1.60% 非正
     1  EPS0=-0.2785／ROE0=-11.05% 非正
     1  EPS0=-0.2724／ROE0=-11.05% 非正
     1  EPS0=-0.2676／ROE0=-11.05% 非正
     1  EPS0=-0.2864／ROE0=-11.05% 非正
     1  EPS0=-0.0272／ROE0=-2.09% 非正
     1  EPS0=-0.0261／ROE0=-2.09% 非正
     1  EPS0=-0.0218／ROE0=-2.09% 非正
     1  EPS0=-0.0189／ROE0=-2.09% 非正
     1  EPS0=-0.0178／ROE0=-2.09% 非正
     1  EPS0=-0.0689／ROE0=-9.84% 非正
     1  EPS0=-0.0734／ROE0=-9.84% 非正
     1  EPS0=-0.0697／ROE0=-9.84% 非正
     1  EPS0=-0.0660／ROE0=-9.84% 非正
     1  EPS0=-0.0908／ROE0=-18.18% 非正
     1  EPS0=-0.0855／ROE0=-18.18% 非正
     1  EPS0=-0.0771／ROE0=-18.18% 非正
     1  EPS0=-0.0690／ROE0=-18.18% 非正
     1  EPS0=-0.0821／ROE0=-36.21% 非正
     1  EPS0=-0.0695／ROE0=-36.21% 非正
     1  EPS0=-0.0446／ROE0=-36.21% 非正
     1  EPS0=-0.2266／ROE0=-5.43% 非正
     1  EPS0=-0.1633／ROE0=-5.43% 非正
     1  EPS0=-0.1692／ROE0=-5.43% 非正
     1  EPS0=-0.1694／ROE0=-5.43% 非正
     1  EPS0=-0.1379／ROE0=-4.04% 非正
     1  EPS0=-0.1412／ROE0=-4.04% 非正
     1  EPS0=-0.1402／ROE0=-4.04% 非正
     1  EPS0=-0.1400／ROE0=-4.04% 非正
     1  EPS0=-0.2238／ROE0=-26.72% 非正
     1  EPS0=-0.2249／ROE0=-26.72% 非正
     1  EPS0=-0.2201／ROE0=-26.72% 非正
     1  EPS0=-0.2123／ROE0=-26.72% 非正
     1  EPS0=-0.0373／ROE0=-5.42% 非正
     1  EPS0=-0.0137／ROE0=-1.94% 非正
     1  EPS0=-0.0776／ROE0=-11.86% 非正
     1  EPS0=-0.0763／ROE0=-2.94% 非正
     1  EPS0=-0.0771／ROE0=-2.94% 非正
     1  EPS0=-0.0794／ROE0=-2.94% 非正
     1  EPS0=-0.0806／ROE0=-2.94% 非正
     1  EPS0=-0.3564／ROE0=-26.28% 非正
     1  EPS0=-0.3643／ROE0=-26.28% 非正
     1  EPS0=-0.3782／ROE0=-26.28% 非正
     1  EPS0=-0.3868／ROE0=-26.28% 非正
     1  EPS0=-0.3327／ROE0=-12.37% 非正
     1  EPS0=-0.3336／ROE0=-12.37% 非正
     1  EPS0=-0.3339／ROE0=-12.37% 非正
     1  EPS0=-0.3343／ROE0=-12.37% 非正
     1  EPS0=-0.0174／ROE0=-0.81% 非正
     1  EPS0=-0.0175／ROE0=-0.81% 非正
     1  EPS0=-0.0176／ROE0=-0.81% 非正
     1  EPS0=-0.5217／ROE0=-11.70% 非正
     1  EPS0=-0.4854／ROE0=-11.70% 非正
     1  EPS0=-0.4900／ROE0=-11.70% 非正
     1  EPS0=-0.4917／ROE0=-11.70% 非正
     1  EPS0=-0.6745／ROE0=-42.88% 非正
     1  EPS0=-0.5292／ROE0=-42.88% 非正
     1  EPS0=-0.1443／ROE0=-42.88% 非正
     1  EPS0=-0.3735／ROE0=-12.61% 非正
     1  EPS0=-0.3719／ROE0=-12.61% 非正
     1  EPS0=-0.3733／ROE0=-12.61% 非正
     1  EPS0=-0.3748／ROE0=-12.61% 非正
     1  EPS0=-0.0401／ROE0=-1.74% 非正
     1  EPS0=-0.0005／ROE0=-0.02% 非正
     1  EPS0=-0.0297／ROE0=-2.27% 非正
     1  EPS0=-0.0307／ROE0=-2.27% 非正
     1  EPS0=-0.0310／ROE0=-2.27% 非正
     1  EPS0=-0.0311／ROE0=-2.27% 非正
     1  EPS0=-0.0972／ROE0=-56.04% 非正
     1  EPS0=-0.0633／ROE0=-56.04% 非正
     1  EPS0=-0.0661／ROE0=-56.04% 非正
     1  EPS0=-0.0576／ROE0=-56.04% 非正
     1  EPS0=-0.0169／ROE0=-17.93% 非正
     1  EPS0=-0.0168／ROE0=-17.93% 非正
     1  EPS0=-0.0175／ROE0=-17.93% 非正
     1  EPS0=-0.0994／ROE0=-2.99% 非正
     1  EPS0=-0.0995／ROE0=-2.99% 非正
     1  EPS0=-0.0952／ROE0=-2.99% 非正
     1  EPS0=-0.0943／ROE0=-2.99% 非正
     1  EPS0=-0.2718／ROE0=-10.67% 非正
     1  EPS0=-0.2695／ROE0=-10.67% 非正
     1  EPS0=-0.2641／ROE0=-10.43% 非正
     1  EPS0=-0.2305／ROE0=-10.05% 非正
     1  EPS0=-0.2285／ROE0=-10.05% 非正
     1  EPS0=-0.2259／ROE0=-10.05% 非正
     1  EPS0=-0.0561／ROE0=-2.86% 非正
     1  EPS0=-0.0559／ROE0=-2.86% 非正
     1  EPS0=-0.0555／ROE0=-2.86% 非正
     1  EPS0=-0.0554／ROE0=-2.86% 非正
     1  EPS0=-0.1099／ROE0=-7.08% 非正
     1  EPS0=-0.1095／ROE0=-7.08% 非正
     1  EPS0=-0.1066／ROE0=-7.08% 非正
     1  EPS0=-0.0303／ROE0=-0.53% 非正
     1  EPS0=-0.0304／ROE0=-0.53% 非正
     1  EPS0=-0.0302／ROE0=-0.53% 非正
     1  EPS0=-0.0299／ROE0=-0.53% 非正
     1  EPS0=-0.2662／ROE0=-5.23% 非正
     1  EPS0=-0.2671／ROE0=-5.23% 非正
     1  EPS0=-0.2657／ROE0=-5.23% 非正
     1  EPS0=-0.0081／ROE0=-0.33% 非正
     1  EPS0=-0.0930／ROE0=-3.98% 非正
     1  EPS0=-0.0966／ROE0=-3.98% 非正
     1  EPS0=-0.0965／ROE0=-3.98% 非正
     1  EPS0=-0.0962／ROE0=-3.98% 非正
     1  EPS0=-0.0176／ROE0=-0.77% 非正
     1  EPS0=-0.0175／ROE0=-0.77% 非正
     1  EPS0=-0.0347／ROE0=-1.58% 非正
     1  EPS0=-0.0343／ROE0=-1.58% 非正
     1  EPS0=-0.0339／ROE0=-1.58% 非正
     1  EPS0=-0.0335／ROE0=-1.58% 非正
     1  EPS0=-0.0316／ROE0=-1.58% 非正
     1  EPS0=-0.0313／ROE0=-1.58% 非正
     1  EPS0=-0.0307／ROE0=-1.58% 非正
     1  EPS0=-0.2466／ROE0=-5.42% 非正
     1  EPS0=-0.2480／ROE0=-5.42% 非正
     1  EPS0=-0.2478／ROE0=-5.42% 非正
     1  EPS0=-0.2442／ROE0=-5.42% 非正
     1  EPS0=-0.7371／ROE0=-37.80% 非正
     1  EPS0=-0.7268／ROE0=-37.80% 非正
     1  EPS0=-0.7111／ROE0=-37.80% 非正
     1  EPS0=-0.6847／ROE0=-37.80% 非正
     1  EPS0=-0.0290／ROE0=-1.71% 非正
     1  EPS0=-0.0284／ROE0=-1.71% 非正
     1  EPS0=-0.0279／ROE0=-1.71% 非正
     1  EPS0=-0.0269／ROE0=-1.71% 非正
     1  EPS0=-0.2059／ROE0=-13.05% 非正
     1  EPS0=-0.1884／ROE0=-12.15% 非正
     1  EPS0=-0.0810／ROE0=-5.11% 非正
     1  EPS0=-0.1652／ROE0=-7.55% 非正
     1  EPS0=-0.1680／ROE0=-7.55% 非正
     1  EPS0=-0.1657／ROE0=-7.55% 非正
     1  EPS0=-0.1596／ROE0=-7.55% 非正
     1  EPS0=-0.2999／ROE0=-25.14% 非正
     1  EPS0=-0.2766／ROE0=-25.14% 非正
     1  EPS0=-0.2702／ROE0=-25.14% 非正
     1  EPS0=-0.2660／ROE0=-25.14% 非正
     1  EPS0=-0.2295／ROE0=-62.11% 非正
     1  EPS0=-0.1785／ROE0=-62.11% 非正
     1  EPS0=-0.0571／ROE0=-62.11% 非正
     1  EPS0=-0.0160／ROE0=-62.11% 非正
     1  EPS0=-0.4461／ROE0=-86.58% 非正
     1  EPS0=-0.4283／ROE0=-86.58% 非正
     1  EPS0=-0.2502／ROE0=-54.32% 非正
     1  EPS0=-0.1174／ROE0=-23.01% 非正
     1  EPS0=-0.0553／ROE0=-12.00% 非正
     1  EPS0=-0.0392／ROE0=-8.66% 非正
     1  EPS0=-0.0111／ROE0=-2.52% 非正
     1  EPS0=-0.1343／ROE0=-3.70% 非正
     1  EPS0=-0.1349／ROE0=-3.70% 非正
     1  EPS0=-0.0267／ROE0=-1.13% 非正
     1  EPS0=-0.0259／ROE0=-1.13% 非正
     1  EPS0=-0.0249／ROE0=-1.13% 非正
     1  EPS0=-0.2472／ROE0=-6.48% 非正
     1  EPS0=-0.2422／ROE0=-6.48% 非正
     1  EPS0=-0.2485／ROE0=-6.48% 非正
     1  EPS0=-0.2500／ROE0=-6.48% 非正
     1  EPS0=-0.5167／ROE0=-14.57% 非正
     1  EPS0=-0.5081／ROE0=-14.57% 非正
     1  EPS0=-0.4932／ROE0=-14.57% 非正
     1  EPS0=-0.4221／ROE0=-14.57% 非正
     1  EPS0=-0.5906／ROE0=-19.43% 非正
     1  EPS0=-0.5669／ROE0=-18.87% 非正
     1  EPS0=-0.5484／ROE0=-18.71% 非正
     1  EPS0=-0.5423／ROE0=-18.87% 非正
     1  EPS0=-0.4361／ROE0=-21.90% 非正
     1  EPS0=-0.4237／ROE0=-21.90% 非正
     1  EPS0=-0.4013／ROE0=-21.90% 非正
     1  EPS0=-0.3812／ROE0=-21.90% 非正
     1  EPS0=-0.3433／ROE0=-24.98% 非正
     1  EPS0=-0.3257／ROE0=-24.98% 非正
     1  EPS0=-0.3013／ROE0=-24.98% 非正
     1  EPS0=-0.0267／ROE0=-0.69% 非正
     1  EPS0=-0.0274／ROE0=-0.69% 非正
     1  EPS0=-0.9079／ROE0=-6.48% 非正
     1  EPS0=-0.9162／ROE0=-6.48% 非正
     1  EPS0=-0.2307／ROE0=-6.48% 非正
     1  EPS0=-0.2328／ROE0=-6.48% 非正
     1  EPS0=-0.4245／ROE0=-12.80% 非正
     1  EPS0=-0.4194／ROE0=-12.80% 非正
     1  EPS0=-0.0997／ROE0=-7.39% 非正
     1  EPS0=-0.0962／ROE0=-7.39% 非正
     1  EPS0=-0.0947／ROE0=-7.39% 非正
     1  EPS0=-0.0928／ROE0=-7.39% 非正
     1  EPS0=-0.1324／ROE0=-14.00% 非正
     1  EPS0=-0.1262／ROE0=-14.00% 非正
     1  EPS0=-0.1225／ROE0=-14.00% 非正
     1  EPS0=-0.1199／ROE0=-14.00% 非正
     1  EPS0=-0.1379／ROE0=-18.06% 非正
     1  EPS0=-0.1313／ROE0=-18.06% 非正
     1  EPS0=-0.1242／ROE0=-18.06% 非正
     1  EPS0=-0.1227／ROE0=-18.06% 非正
     1  EPS0=-0.1314／ROE0=-21.40% 非正
     1  EPS0=-0.1248／ROE0=-21.40% 非正
     1  EPS0=-0.1245／ROE0=-21.40% 非正
     1  EPS0=-0.1277／ROE0=-4.36% 非正
     1  EPS0=-0.1257／ROE0=-4.36% 非正
     1  EPS0=-0.0252／ROE0=-1.03% 非正
     1  EPS0=-0.0230／ROE0=-1.03% 非正
     1  EPS0=-0.2629／ROE0=-13.30% 非正
     1  EPS0=-0.2595／ROE0=-13.30% 非正
     1  EPS0=-0.2533／ROE0=-13.30% 非正
     1  EPS0=-0.1040／ROE0=-6.20% 非正
     1  EPS0=-0.1029／ROE0=-6.20% 非正
     1  EPS0=-0.1018／ROE0=-6.20% 非正
     1  EPS0=-0.0997／ROE0=-6.20% 非正
     1  EPS0=-0.1639／ROE0=-12.24% 非正
     1  EPS0=-0.1619／ROE0=-12.24% 非正
     1  EPS0=-0.1577／ROE0=-12.24% 非正
     1  EPS0=-0.1523／ROE0=-12.24% 非正
     1  EPS0=-0.2113／ROE0=-46.16% 非正
     1  EPS0=-0.1887／ROE0=-46.16% 非正
     1  EPS0=-0.1485／ROE0=-46.16% 非正
     1  EPS0=-0.1281／ROE0=-46.16% 非正
     1  EPS0=-0.2191／ROE0=-47.96% 非正
     1  EPS0=-0.2194／ROE0=-47.96% 非正
     1  EPS0=-0.1185／ROE0=-4.05% 非正
     1  EPS0=-0.1150／ROE0=-4.05% 非正
     1  EPS0=-0.1138／ROE0=-4.05% 非正
     1  EPS0=-0.1093／ROE0=-4.05% 非正
     1  EPS0=-0.2634／ROE0=-11.18% 非正
     1  EPS0=-0.2636／ROE0=-11.18% 非正
     1  EPS0=-0.2639／ROE0=-11.18% 非正
     1  EPS0=-0.2642／ROE0=-11.18% 非正
     1  EPS0=-0.4091／ROE0=-28.48% 非正
     1  EPS0=-0.3699／ROE0=-28.48% 非正
     1  EPS0=-0.2807／ROE0=-28.48% 非正
     1  EPS0=-0.2129／ROE0=-28.48% 非正
     1  EPS0=-0.0898／ROE0=-78.11% 非正
     1  EPS0=-11.2519／ROE0=-9182.48% 非正
     1  EPS0=-0.0743／ROE0=-1.84% 非正
     1  EPS0=-0.0738／ROE0=-1.84% 非正
     1  EPS0=-0.0745／ROE0=-1.84% 非正
     1  EPS0=-0.0757／ROE0=-1.84% 非正
     1  EPS0=-0.0081／ROE0=-0.35% 非正
     1  EPS0=-0.0078／ROE0=-0.35% 非正
     1  EPS0=-0.2029／ROE0=-12.49% 非正
     1  EPS0=-0.2036／ROE0=-12.49% 非正
     1  EPS0=-0.1439／ROE0=-12.49% 非正
     1  EPS0=-0.1155／ROE0=-12.49% 非正
     1  EPS0=-0.0618／ROE0=-73.22% 非正
     1  EPS0=-0.0647／ROE0=-73.22% 非正
     1  EPS0=-0.0684／ROE0=-73.22% 非正
     1  EPS0=-0.0143／ROE0=-0.47% 非正
     1  EPS0=-0.0147／ROE0=-0.47% 非正
     1  EPS0=-0.0150／ROE0=-0.47% 非正
     1  EPS0=-0.0695／ROE0=-4.76% 非正
     1  EPS0=-0.0619／ROE0=-4.76% 非正
     1  EPS0=-0.0559／ROE0=-4.76% 非正
     1  EPS0=-0.0497／ROE0=-4.76% 非正
     1  EPS0=-0.2010／ROE0=-28.57% 非正
     1  EPS0=-0.1720／ROE0=-28.57% 非正
     1  EPS0=-0.1545／ROE0=-28.57% 非正
     1  EPS0=-0.4849／ROE0=-11.41% 非正
     1  EPS0=-0.4927／ROE0=-11.41% 非正
     1  EPS0=-0.4948／ROE0=-11.41% 非正
     1  EPS0=-0.4769／ROE0=-11.41% 非正
     1  EPS0=-0.1724／ROE0=-23.16% 非正
     1  EPS0=-0.1590／ROE0=-23.16% 非正
     1  EPS0=-0.1496／ROE0=-23.16% 非正
     1  EPS0=-0.0439／ROE0=-1.73% 非正
     1  EPS0=-0.0433／ROE0=-1.73% 非正
     1  EPS0=-0.0434／ROE0=-1.73% 非正
     1  EPS0=-0.0428／ROE0=-1.73% 非正
     1  EPS0=-0.2357／ROE0=-12.34% 非正
     1  EPS0=-0.2317／ROE0=-12.34% 非正
     1  EPS0=-0.2329／ROE0=-12.34% 非正
     1  EPS0=-0.2374／ROE0=-12.34% 非正
     1  EPS0=-0.0534／ROE0=-3.51% 非正
     1  EPS0=-0.0533／ROE0=-3.51% 非正
     1  EPS0=-0.0539／ROE0=-3.51% 非正
     1  EPS0=-0.0547／ROE0=-3.51% 非正
     1  EPS0=-0.4527／ROE0=-11.86% 非正
     1  EPS0=-0.4566／ROE0=-11.86% 非正
     1  EPS0=-0.4655／ROE0=-11.86% 非正
     1  EPS0=-0.4965／ROE0=-11.86% 非正
     1  EPS0=-0.2742／ROE0=-11.83% 非正
     1  EPS0=-0.2681／ROE0=-11.83% 非正
     1  EPS0=-0.2677／ROE0=-11.83% 非正
     1  EPS0=-0.2484／ROE0=-11.23% 非正
     1  EPS0=-0.0151／ROE0=-0.41% 非正
     1  EPS0=-0.4777／ROE0=-16.37% 非正
     1  EPS0=-0.4499／ROE0=-16.37% 非正
     1  EPS0=-0.4454／ROE0=-16.37% 非正
     1  EPS0=-0.4955／ROE0=-16.37% 非正
     1  EPS0=-0.1100／ROE0=-5.50% 非正
     1  EPS0=-0.1074／ROE0=-5.50% 非正
     1  EPS0=-0.0986／ROE0=-5.50% 非正
     1  EPS0=-0.1004／ROE0=-5.50% 非正
     1  EPS0=-0.1691／ROE0=-9.61% 非正
     1  EPS0=-0.1528／ROE0=-8.57% 非正
     1  EPS0=-0.2278／ROE0=-20.70% 非正
     1  EPS0=-0.2306／ROE0=-20.70% 非正
     1  EPS0=-0.2344／ROE0=-20.70% 非正
     1  EPS0=-0.2374／ROE0=-20.70% 非正
     1  EPS0=-0.0662／ROE0=-2.99% 非正
     1  EPS0=-0.0665／ROE0=-2.99% 非正
     1  EPS0=-0.0670／ROE0=-2.99% 非正
     1  EPS0=-0.0305／ROE0=-2.99% 非正
     1  EPS0=-0.2805／ROE0=-82.13% 非正
     1  EPS0=-0.1552／ROE0=-82.13% 非正
     1  EPS0=-0.0256／ROE0=-82.13% 非正
     1  EPS0=-0.0950／ROE0=-2.95% 非正
     1  EPS0=-0.0944／ROE0=-2.95% 非正
     1  EPS0=-0.0948／ROE0=-2.95% 非正
     1  EPS0=-0.1322／ROE0=-4.85% 非正
     1  EPS0=-0.1351／ROE0=-4.85% 非正
     1  EPS0=-0.1332／ROE0=-4.85% 非正
     1  EPS0=-0.1401／ROE0=-4.85% 非正
     1  EPS0=-0.7245／ROE0=-7.18% 非正
     1  EPS0=-0.7076／ROE0=-7.18% 非正
     1  EPS0=-0.6814／ROE0=-7.18% 非正
     1  EPS0=-0.6652／ROE0=-7.18% 非正
     1  EPS0=-0.0379／ROE0=-0.50% 非正
     1  EPS0=-0.0363／ROE0=-0.50% 非正
     1  EPS0=-0.0343／ROE0=-0.50% 非正
     1  EPS0=-0.1394／ROE0=-2.71% 非正
     1  EPS0=-0.1410／ROE0=-2.71% 非正
     1  EPS0=-0.1418／ROE0=-2.71% 非正
     1  EPS0=-0.1427／ROE0=-2.71% 非正
     1  EPS0=-0.6180／ROE0=-9.34% 非正
     1  EPS0=-0.6028／ROE0=-9.34% 非正
     1  EPS0=-0.5864／ROE0=-9.34% 非正
     1  EPS0=-0.3141／ROE0=-8.11% 非正
     1  EPS0=-0.3097／ROE0=-8.11% 非正
     1  EPS0=-0.3062／ROE0=-8.11% 非正
     1  EPS0=-0.3012／ROE0=-8.11% 非正
     1  EPS0=-0.5150／ROE0=-19.24% 非正
     1  EPS0=-0.5159／ROE0=-19.24% 非正
     1  EPS0=-0.5164／ROE0=-19.24% 非正
     1  EPS0=-0.5160／ROE0=-19.24% 非正
     1  EPS0=-0.4085／ROE0=-26.63% 非正
     1  EPS0=-0.4014／ROE0=-26.63% 非正
     1  EPS0=-0.3975／ROE0=-26.63% 非正
     1  EPS0=-0.3827／ROE0=-26.63% 非正
     1  EPS0=-0.2386／ROE0=-71.72% 非正
     1  EPS0=-0.2179／ROE0=-71.72% 非正
     1  EPS0=-0.1057／ROE0=-71.72% 非正
     1  EPS0=-0.1215／ROE0=-1.39% 非正
     1  EPS0=-0.1200／ROE0=-1.39% 非正
     1  EPS0=-0.1198／ROE0=-1.39% 非正
     1  EPS0=-0.1217／ROE0=-1.39% 非正
     1  EPS0=-0.7604／ROE0=-11.66% 非正
     1  EPS0=-0.7666／ROE0=-11.66% 非正
     1  EPS0=-0.5168／ROE0=-11.66% 非正
     1  EPS0=-0.5182／ROE0=-11.66% 非正
     1  EPS0=-0.0633／ROE0=-2.55% 非正
     1  EPS0=-0.3255／ROE0=-21.14% 非正
     1  EPS0=-0.2913／ROE0=-21.14% 非正
     1  EPS0=-0.1914／ROE0=-21.14% 非正
     1  EPS0=-0.0402／ROE0=-1.26% 非正
     1  EPS0=-0.0400／ROE0=-1.26% 非正
     1  EPS0=-0.0403／ROE0=-1.26% 非正
     1  EPS0=-0.0404／ROE0=-1.26% 非正
     1  EPS0=-0.1855／ROE0=-16.97% 非正
     1  EPS0=-0.1857／ROE0=-16.97% 非正
     1  EPS0=-0.1884／ROE0=-16.97% 非正
     1  EPS0=-0.1877／ROE0=-16.97% 非正
     1  EPS0=-0.1673／ROE0=-27.66% 非正
     1  EPS0=-0.1566／ROE0=-27.66% 非正
     1  EPS0=-0.1426／ROE0=-27.66% 非正
     1  EPS0=-0.1318／ROE0=-27.66% 非正
     1  EPS0=-0.1097／ROE0=-29.34% 非正
     1  EPS0=-0.0971／ROE0=-29.34% 非正
     1  EPS0=-0.0827／ROE0=-29.34% 非正
     1  EPS0=-0.4698／ROE0=-17.59% 非正
     1  EPS0=-0.4535／ROE0=-17.59% 非正
     1  EPS0=-0.4488／ROE0=-17.59% 非正
     1  EPS0=-0.0867／ROE0=-3.41% 非正
     1  EPS0=-0.1452／ROE0=-4.85% 非正
     1  EPS0=-0.1482／ROE0=-4.85% 非正
     1  EPS0=-0.1485／ROE0=-4.85% 非正
     1  EPS0=-0.1500／ROE0=-4.85% 非正
     1  EPS0=-0.1956／ROE0=-3.79% 非正
     1  EPS0=-0.1929／ROE0=-3.79% 非正
     1  EPS0=-0.1899／ROE0=-3.79% 非正
     1  EPS0=-0.1872／ROE0=-3.79% 非正
     1  EPS0=-0.2460／ROE0=-5.09% 非正
     1  EPS0=-0.2425／ROE0=-5.09% 非正
     1  EPS0=-0.2385／ROE0=-5.09% 非正
     1  EPS0=-0.0108／ROE0=-0.85% 非正
     1  EPS0=-0.0106／ROE0=-0.85% 非正
     1  EPS0=-0.0107／ROE0=-0.85% 非正
     1  EPS0=-0.0109／ROE0=-0.85% 非正
     1  EPS0=-0.0763／ROE0=-7.04% 非正
     1  EPS0=-0.0765／ROE0=-7.04% 非正
     1  EPS0=-0.0738／ROE0=-2.23% 非正
     1  EPS0=-0.0742／ROE0=-2.23% 非正
     1  EPS0=-0.0746／ROE0=-2.23% 非正
     1  EPS0=-0.0741／ROE0=-2.23% 非正
     1  EPS0=-0.2062／ROE0=-6.80% 非正
     1  EPS0=-0.2077／ROE0=-6.80% 非正
     1  EPS0=-0.2093／ROE0=-6.80% 非正
     1  EPS0=-0.2069／ROE0=-6.80% 非正
     1  EPS0=-0.1621／ROE0=-4.00% 非正
     1  EPS0=-0.1582／ROE0=-4.00% 非正
     1  EPS0=-0.1623／ROE0=-4.00% 非正
     1  EPS0=-0.1653／ROE0=-4.00% 非正
     1  EPS0=-0.1098／ROE0=-3.14% 非正
     1  EPS0=-0.1036／ROE0=-2.84% 非正
     1  EPS0=-0.3401／ROE0=-8.48% 非正
     1  EPS0=-0.3327／ROE0=-8.48% 非正
     1  EPS0=-0.3320／ROE0=-8.48% 非正
     1  EPS0=-0.3275／ROE0=-8.48% 非正
     1  EPS0=-0.0648／ROE0=-2.47% 非正
     1  EPS0=-0.0650／ROE0=-2.47% 非正
     1  EPS0=-0.1437／ROE0=-8.83% 非正
     1  EPS0=-0.1411／ROE0=-8.83% 非正
     1  EPS0=-0.1335／ROE0=-8.83% 非正
     1  EPS0=-0.1290／ROE0=-8.83% 非正
     1  EPS0=-0.2159／ROE0=-5.31% 非正
     1  EPS0=-0.2167／ROE0=-5.31% 非正
     1  EPS0=-0.2104／ROE0=-5.31% 非正
     1  EPS0=-0.2048／ROE0=-5.31% 非正
     1  EPS0=-1.1340／ROE0=-28.71% 非正
     1  EPS0=-0.5993／ROE0=-28.71% 非正
     1  EPS0=-0.6086／ROE0=-28.71% 非正
     1  EPS0=-0.6158／ROE0=-28.71% 非正
     1  EPS0=-0.2187／ROE0=-14.91% 非正
     1  EPS0=-0.2227／ROE0=-14.91% 非正
     1  EPS0=-0.2295／ROE0=-14.91% 非正
     1  EPS0=-0.2311／ROE0=-14.91% 非正
     1  EPS0=-0.2694／ROE0=-6.26% 非正
     1  EPS0=-0.2642／ROE0=-6.26% 非正
     1  EPS0=-0.2533／ROE0=-6.26% 非正
     1  EPS0=-0.2412／ROE0=-6.26% 非正
     1  EPS0=-0.4158／ROE0=-11.92% 非正
     1  EPS0=-0.4166／ROE0=-11.92% 非正
     1  EPS0=-0.4039／ROE0=-11.92% 非正
     1  EPS0=-0.3895／ROE0=-11.92% 非正
     1  EPS0=-0.5178／ROE0=-17.79% 非正
     1  EPS0=-0.5401／ROE0=-18.91% 非正
     1  EPS0=-0.5116／ROE0=-18.91% 非正
     1  EPS0=-0.4879／ROE0=-18.91% 非正
     1  EPS0=-0.5319／ROE0=-33.34% 非正
     1  EPS0=-0.4876／ROE0=-33.34% 非正
     1  EPS0=-0.4138／ROE0=-33.34% 非正
     1  EPS0=-0.3492／ROE0=-33.34% 非正
     1  EPS0=-0.2331／ROE0=-6.41% 非正
     1  EPS0=-0.2372／ROE0=-6.41% 非正
     1  EPS0=-0.2388／ROE0=-6.41% 非正
     1  EPS0=-0.2420／ROE0=-6.41% 非正
     1  EPS0=-0.5114／ROE0=-28.89% 非正
     1  EPS0=-0.5094／ROE0=-28.89% 非正
     1  EPS0=-0.5169／ROE0=-28.89% 非正
     1  EPS0=-0.5150／ROE0=-28.89% 非正
     1  EPS0=-0.0683／ROE0=-5.86% 非正
     1  EPS0=-0.0608／ROE0=-5.22% 非正
     1  EPS0=-0.0259／ROE0=-2.18% 非正
     1  EPS0=-0.1622／ROE0=-4.13% 非正
     1  EPS0=-0.1630／ROE0=-4.13% 非正
     1  EPS0=-0.1893／ROE0=-7.31% 非正
     1  EPS0=-0.1895／ROE0=-7.31% 非正
     1  EPS0=-0.1915／ROE0=-7.31% 非正
     1  EPS0=-0.1920／ROE0=-7.31% 非正
     1  EPS0=-0.1135／ROE0=-6.86% 非正
     1  EPS0=-0.1160／ROE0=-6.86% 非正
     1  EPS0=-0.1157／ROE0=-6.86% 非正
     1  EPS0=-0.1142／ROE0=-6.86% 非正
     1  EPS0=-0.1849／ROE0=-19.93% 非正
     1  EPS0=-0.2095／ROE0=-19.93% 非正
     1  EPS0=-0.2103／ROE0=-19.93% 非正
     1  EPS0=-0.2107／ROE0=-19.93% 非正
     1  EPS0=-0.0858／ROE0=-19.34% 非正
     1  EPS0=-0.0814／ROE0=-19.34% 非正
     1  EPS0=-0.0832／ROE0=-19.34% 非正
     1  EPS0=-0.0344／ROE0=-7.80% 非正
     1  EPS0=-0.0408／ROE0=-12.46% 非正
     1  EPS0=-0.0218／ROE0=-6.80% 非正
     1  EPS0=-0.0392／ROE0=-12.36% 非正
     1  EPS0=-0.0551／ROE0=-17.36% 非正
     1  EPS0=-0.0445／ROE0=-14.76% 非正
     1  EPS0=-0.0395／ROE0=-13.32% 非正
     1  EPS0=-0.0417／ROE0=-14.22% 非正
     1  EPS0=-0.1526／ROE0=-6.46% 非正
     1  EPS0=-0.1531／ROE0=-6.46% 非正
     1  EPS0=-0.1544／ROE0=-6.46% 非正
     1  EPS0=-0.1551／ROE0=-6.46% 非正
     1  EPS0=-0.1167／ROE0=-2.54% 非正
     1  EPS0=-0.1169／ROE0=-2.54% 非正
     1  EPS0=-0.1183／ROE0=-2.54% 非正
     1  EPS0=-0.1179／ROE0=-2.54% 非正
     1  EPS0=-0.4817／ROE0=-15.58% 非正
     1  EPS0=-0.4724／ROE0=-15.58% 非正
     1  EPS0=-0.4593／ROE0=-15.58% 非正
     1  EPS0=-0.4477／ROE0=-15.58% 非正
     1  EPS0=-0.5579／ROE0=-43.00% 非正
     1  EPS0=-0.5254／ROE0=-43.00% 非正
     1  EPS0=-0.5011／ROE0=-43.00% 非正
     1  EPS0=-0.4813／ROE0=-43.00% 非正
     1  EPS0=-0.1820／ROE0=-81.91% 非正
     1  EPS0=-0.1273／ROE0=-81.91% 非正
     1  EPS0=-0.0904／ROE0=-81.91% 非正
     1  EPS0=-0.0439／ROE0=-81.91% 非正
     1  EPS0=-0.0553／ROE0=-75.70% 非正
     1  EPS0=-0.0134／ROE0=-67.42% 非正
     1  EPS0=-0.0263／ROE0=-0.80% 非正
     1  EPS0=-0.0604／ROE0=-10.25% 非正
     1  EPS0=-0.0596／ROE0=-10.25% 非正
     1  EPS0=-0.0595／ROE0=-10.25% 非正
     1  EPS0=-0.0391／ROE0=-10.25% 非正
     1  EPS0=-0.0305／ROE0=-36.84% 非正
     1  EPS0=-0.0225／ROE0=-36.84% 非正
     1  EPS0=-0.0130／ROE0=-36.84% 非正
     1  EPS0=-0.0346／ROE0=-36.84% 非正
     1  EPS0=-0.0180／ROE0=-79.41% 非正
     1  EPS0=-0.0788／ROE0=-9.69% 非正
     1  EPS0=-0.0449／ROE0=-3.05% 非正
     1  EPS0=-0.0464／ROE0=-3.05% 非正
     1  EPS0=-0.0488／ROE0=-3.05% 非正
     1  EPS0=-0.0504／ROE0=-3.05% 非正
     1  EPS0=-0.0507／ROE0=-1.01% 非正
     1  EPS0=-0.0494／ROE0=-1.01% 非正
     1  EPS0=-0.0140／ROE0=-0.17% 非正
     1  EPS0=-0.0133／ROE0=-0.17% 非正
     1  EPS0=-0.2295／ROE0=-13.35% 非正
     1  EPS0=-0.2310／ROE0=-13.35% 非正
     1  EPS0=-0.2372／ROE0=-13.35% 非正
     1  EPS0=-0.2467／ROE0=-13.35% 非正
     1  EPS0=-0.0694／ROE0=-3.46% 非正
     1  EPS0=-0.0682／ROE0=-3.46% 非正
     1  EPS0=-0.0671／ROE0=-3.46% 非正
     1  EPS0=-0.1176／ROE0=-11.46% 非正
     1  EPS0=-0.1182／ROE0=-11.46% 非正
     1  EPS0=-0.1195／ROE0=-11.46% 非正
     1  EPS0=-0.0031／ROE0=-0.29% 非正
     1  EPS0=-0.0059／ROE0=-0.58% 非正
     1  EPS0=-0.0066／ROE0=-0.58% 非正
     1  EPS0=-0.4361／ROE0=-24.51% 非正
     1  EPS0=-0.4392／ROE0=-24.51% 非正
     1  EPS0=-0.4448／ROE0=-24.51% 非正
     1  EPS0=-0.4435／ROE0=-24.51% 非正
     1  EPS0=-0.0157／ROE0=-0.47% 非正
     1  EPS0=-0.0152／ROE0=-0.47% 非正
     1  EPS0=-0.0725／ROE0=-2.37% 非正
     1  EPS0=-0.0730／ROE0=-2.37% 非正
     1  EPS0=-0.0737／ROE0=-2.37% 非正
     1  EPS0=-0.0731／ROE0=-2.37% 非正
     1  EPS0=-0.1566／ROE0=-5.60% 非正
     1  EPS0=-0.1557／ROE0=-5.60% 非正
     1  EPS0=-0.1550／ROE0=-5.60% 非正
     1  EPS0=-0.1559／ROE0=-5.60% 非正
     1  EPS0=-0.1749／ROE0=-6.79% 非正
     1  EPS0=-0.1641／ROE0=-6.35% 非正
     1  EPS0=-0.1736／ROE0=-6.79% 非正
     1  EPS0=-0.1747／ROE0=-6.79% 非正
     1  EPS0=-0.2522／ROE0=-11.98% 非正
     1  EPS0=-0.2552／ROE0=-11.98% 非正
     1  EPS0=-0.2569／ROE0=-11.98% 非正
     1  EPS0=-0.0857／ROE0=-1.62% 非正
     1  EPS0=-0.0858／ROE0=-1.62% 非正
     1  EPS0=-0.0859／ROE0=-1.62% 非正
     1  EPS0=-0.0860／ROE0=-1.62% 非正
     1  EPS0=-0.1872／ROE0=-3.72% 非正
     1  EPS0=-0.1863／ROE0=-3.72% 非正
     1  EPS0=-0.1846／ROE0=-3.72% 非正
     1  EPS0=-0.2011／ROE0=-11.70% 非正
     1  EPS0=-0.1994／ROE0=-11.70% 非正
     1  EPS0=-0.2017／ROE0=-11.70% 非正
     1  EPS0=-0.2020／ROE0=-11.70% 非正
     1  EPS0=-0.1962／ROE0=-25.09% 非正
     1  EPS0=-0.1555／ROE0=-25.09% 非正
     1  EPS0=-0.1145／ROE0=-25.09% 非正
     1  EPS0=-0.0635／ROE0=-25.09% 非正
     1  EPS0=-0.0560／ROE0=-29.59% 非正
     1  EPS0=-0.0101／ROE0=-29.59% 非正
     1  EPS0=-0.0009／ROE0=-29.59% 非正
     1  EPS0=-0.0027／ROE0=-29.59% 非正
     1  EPS0=-0.0249／ROE0=-25.11% 非正
     1  EPS0=-0.0410／ROE0=-27.36% 非正
     1  EPS0=-0.0255／ROE0=-27.36% 非正
     1  EPS0=-0.0104／ROE0=-27.36% 非正
     1  EPS0=-0.2626／ROE0=-10.82% 非正
     1  EPS0=-0.2492／ROE0=-10.82% 非正
     1  EPS0=-0.2295／ROE0=-10.82% 非正
     1  EPS0=-0.2248／ROE0=-10.82% 非正
     1  EPS0=-0.3945／ROE0=-32.00% 非正
     1  EPS0=-0.3957／ROE0=-32.00% 非正
     1  EPS0=-0.4018／ROE0=-32.00% 非正
     1  EPS0=-0.4045／ROE0=-32.00% 非正
     1  EPS0=-0.2333／ROE0=-20.51% 非正
     1  EPS0=-0.2115／ROE0=-20.51% 非正
     1  EPS0=-0.1904／ROE0=-20.51% 非正
     1  EPS0=-0.1748／ROE0=-20.51% 非正
     1  EPS0=-0.2550／ROE0=-34.39% 非正
     1  EPS0=-0.2454／ROE0=-34.39% 非正
     1  EPS0=-0.2189／ROE0=-34.39% 非正
     1  EPS0=-0.2570／ROE0=-9.24% 非正
     1  EPS0=-0.2523／ROE0=-9.24% 非正
     1  EPS0=-0.2545／ROE0=-9.24% 非正
     1  EPS0=-0.2584／ROE0=-9.24% 非正
     1  EPS0=-0.4031／ROE0=-21.23% 非正
     1  EPS0=-0.4005／ROE0=-21.23% 非正
     1  EPS0=-0.4052／ROE0=-21.23% 非正
     1  EPS0=-0.4053／ROE0=-21.23% 非正
     1  EPS0=-0.0433／ROE0=-3.11% 非正
     1  EPS0=-0.0416／ROE0=-3.11% 非正
     1  EPS0=-0.0414／ROE0=-3.11% 非正
     1  EPS0=-0.0398／ROE0=-3.11% 非正
     1  EPS0=-0.3187／ROE0=-38.36% 非正
     1  EPS0=-0.3021／ROE0=-38.36% 非正
     1  EPS0=-0.2932／ROE0=-38.36% 非正
     1  EPS0=-0.2763／ROE0=-38.36% 非正
     1  EPS0=-0.1286／ROE0=-37.24% 非正
     1  EPS0=-0.1240／ROE0=-37.24% 非正
     1  EPS0=-0.1333／ROE0=-37.24% 非正
     1  EPS0=-0.1381／ROE0=-37.24% 非正
     1  EPS0=-0.0845／ROE0=-52.22% 非正
     1  EPS0=-0.0525／ROE0=-52.22% 非正
     1  EPS0=-0.0145／ROE0=-52.22% 非正
     1  EPS0=-0.3062／ROE0=-21.25% 非正
     1  EPS0=-0.3066／ROE0=-21.25% 非正
     1  EPS0=-0.3081／ROE0=-21.25% 非正
     1  EPS0=-0.3075／ROE0=-21.25% 非正
     1  EPS0=-0.1509／ROE0=-13.24% 非正
     1  EPS0=-0.1462／ROE0=-13.24% 非正
     1  EPS0=-0.1387／ROE0=-13.24% 非正
     1  EPS0=-0.0804／ROE0=-5.80% 非正
     1  EPS0=-0.0800／ROE0=-5.80% 非正
     1  EPS0=-0.0773／ROE0=-5.80% 非正
     1  EPS0=-0.0767／ROE0=-5.80% 非正
     1  EPS0=-0.0542／ROE0=-4.90% 非正
     1  EPS0=-0.0538／ROE0=-4.90% 非正
     1  EPS0=-0.0368／ROE0=-3.36% 非正
     1  EPS0=-0.0102／ROE0=-0.94% 非正
     1  EPS0=-0.0101／ROE0=-0.94% 非正
     1  EPS0=-0.0178／ROE0=-1.68% 非正
     1  EPS0=-0.0452／ROE0=-4.34% 非正
     1  EPS0=-0.1090／ROE0=-4.85% 非正
     1  EPS0=-0.1065／ROE0=-4.85% 非正
     1  EPS0=-0.1066／ROE0=-4.85% 非正
     1  EPS0=-0.1074／ROE0=-4.85% 非正
     1  EPS0=-0.0130／ROE0=-0.75% 非正
     1  EPS0=-0.0127／ROE0=-0.75% 非正
     1  EPS0=-0.0126／ROE0=-0.75% 非正
     1  EPS0=-0.0276／ROE0=-0.96% 非正
     1  EPS0=-0.0281／ROE0=-0.96% 非正
     1  EPS0=-0.0282／ROE0=-0.96% 非正
     1  EPS0=-0.0285／ROE0=-0.96% 非正
     1  EPS0=-0.1542／ROE0=-5.36% 非正
     1  EPS0=-0.1551／ROE0=-5.36% 非正
     1  EPS0=-0.1569／ROE0=-5.36% 非正
     1  EPS0=-0.1585／ROE0=-5.36% 非正
     1  EPS0=-0.3092／ROE0=-12.77% 非正
     1  EPS0=-0.3141／ROE0=-12.77% 非正
     1  EPS0=-0.3244／ROE0=-12.77% 非正
     1  EPS0=-0.3322／ROE0=-12.77% 非正
     1  EPS0=-0.3237／ROE0=-13.07% 非正
     1  EPS0=-0.3315／ROE0=-13.07% 非正
     1  EPS0=-0.3438／ROE0=-13.07% 非正
     1  EPS0=-0.3527／ROE0=-13.07% 非正
     1  EPS0=-0.1456／ROE0=-3.57% 非正
     1  EPS0=-0.1404／ROE0=-3.57% 非正
     1  EPS0=-0.1370／ROE0=-3.57% 非正
     1  EPS0=-0.1305／ROE0=-3.57% 非正
     1  EPS0=-0.4250／ROE0=-13.74% 非正
     1  EPS0=-0.4007／ROE0=-13.74% 非正
     1  EPS0=-0.3842／ROE0=-13.74% 非正
     1  EPS0=-0.0087／ROE0=-0.62% 非正
     1  EPS0=-0.0059／ROE0=-0.42% 非正
     1  EPS0=-0.0008／ROE0=-0.06% 非正
     1  EPS0=-0.0029／ROE0=-0.22% 非正
     1  EPS0=-0.0028／ROE0=-0.22% 非正
     1  EPS0=-0.1012／ROE0=-9.89% 非正
     1  EPS0=-0.1008／ROE0=-9.89% 非正
     1  EPS0=-0.1059／ROE0=-9.89% 非正
     1  EPS0=-0.1046／ROE0=-9.89% 非正
     1  EPS0=-0.0103／ROE0=-1.15% 非正
     1  EPS0=-0.0102／ROE0=-1.15% 非正
     1  EPS0=-0.0497／ROE0=-6.31% 非正
     1  EPS0=-0.0495／ROE0=-6.31% 非正
     1  EPS0=-0.0488／ROE0=-6.31% 非正
     1  EPS0=-0.0490／ROE0=-6.31% 非正
     1  EPS0=-0.0334／ROE0=-4.44% 非正
     1  EPS0=-0.0331／ROE0=-4.44% 非正
     1  EPS0=-0.0328／ROE0=-4.44% 非正
     1  EPS0=-0.0325／ROE0=-4.44% 非正
     1  EPS0=-0.0446／ROE0=-6.31% 非正
     1  EPS0=-0.0438／ROE0=-6.31% 非正
     1  EPS0=-0.0437／ROE0=-6.31% 非正
     1  EPS0=-0.0171／ROE0=-0.35% 非正
     1  EPS0=-0.0169／ROE0=-0.35% 非正
     1  EPS0=-0.4190／ROE0=-11.81% 非正
     1  EPS0=-0.4106／ROE0=-11.81% 非正
     1  EPS0=-0.4134／ROE0=-11.81% 非正
     1  EPS0=-0.4203／ROE0=-11.81% 非正
     1  EPS0=-0.3458／ROE0=-17.10% 非正
     1  EPS0=-0.3548／ROE0=-17.10% 非正
     1  EPS0=-0.3607／ROE0=-17.10% 非正
     1  EPS0=-0.3756／ROE0=-17.10% 非正
     1  EPS0=-0.4263／ROE0=-5.41% 非正
     1  EPS0=-0.4279／ROE0=-5.41% 非正
     1  EPS0=-0.4327／ROE0=-5.41% 非正
     1  EPS0=-0.4312／ROE0=-5.41% 非正
     1  EPS0=-0.0047／ROE0=-0.21% 非正
     1  EPS0=-0.1299／ROE0=-6.66% 非正
     1  EPS0=-0.1304／ROE0=-6.66% 非正
     1  EPS0=-0.1269／ROE0=-6.66% 非正
     1  EPS0=-0.1222／ROE0=-6.66% 非正
     1  EPS0=-0.2276／ROE0=-15.44% 非正
     1  EPS0=-0.2162／ROE0=-15.44% 非正
     1  EPS0=-0.2045／ROE0=-15.44% 非正
     1  EPS0=-0.1920／ROE0=-15.44% 非正
     1  EPS0=-0.2883／ROE0=-48.23% 非正
     1  EPS0=-0.2625／ROE0=-48.23% 非正
     1  EPS0=-0.1909／ROE0=-48.23% 非正
     1  EPS0=-0.1415／ROE0=-48.23% 非正
     1  EPS0=-0.0804／ROE0=-7.14% 非正
     1  EPS0=-0.0808／ROE0=-7.14% 非正
     1  EPS0=-0.1620／ROE0=-38.55% 非正
     1  EPS0=-0.1507／ROE0=-38.55% 非正
     1  EPS0=-0.1476／ROE0=-38.55% 非正
     1  EPS0=-0.1317／ROE0=-38.55% 非正
     1  EPS0=-0.0884／ROE0=-71.85% 非正
     1  EPS0=-0.0587／ROE0=-71.85% 非正
     1  EPS0=-0.0350／ROE0=-71.85% 非正
     1  EPS0=-0.0130／ROE0=-71.85% 非正
     1  EPS0=-0.1496／ROE0=-32.09% 非正
     1  EPS0=-0.2098／ROE0=-49.81% 非正
     1  EPS0=-0.2472／ROE0=-10.17% 非正
     1  EPS0=-0.2497／ROE0=-10.17% 非正
     1  EPS0=-0.2524／ROE0=-10.17% 非正
     1  EPS0=-0.2533／ROE0=-10.17% 非正
     1  EPS0=-0.4081／ROE0=-22.85% 非正
     1  EPS0=-0.4139／ROE0=-22.85% 非正
     1  EPS0=-0.4015／ROE0=-22.85% 非正
     1  EPS0=-0.3789／ROE0=-22.85% 非正
     1  EPS0=-0.3572／ROE0=-25.78% 非正
     1  EPS0=-0.2189／ROE0=-15.56% 非正
     1  EPS0=-0.2506／ROE0=-18.60% 非正
     1  EPS0=-0.3045／ROE0=-25.78% 非正
     1  EPS0=-0.2727／ROE0=-31.74% 非正
     1  EPS0=-0.2676／ROE0=-31.74% 非正
     1  EPS0=-0.2690／ROE0=-31.74% 非正
     1  EPS0=-0.2602／ROE0=-31.74% 非正
     1  EPS0=-0.1689／ROE0=-25.78% 非正
     1  EPS0=-0.0642／ROE0=-1.78% 非正
     1  EPS0=-0.0664／ROE0=-1.78% 非正
     1  EPS0=-0.0677／ROE0=-1.78% 非正
     1  EPS0=-0.0688／ROE0=-1.78% 非正
     1  EPS0=-0.0971／ROE0=-8.79% 非正
     1  EPS0=-0.0979／ROE0=-8.79% 非正
     1  EPS0=-0.0991／ROE0=-8.79% 非正
     1  EPS0=-0.0112／ROE0=-0.33% 非正
     1  EPS0=-0.0110／ROE0=-0.33% 非正
     1  EPS0=-0.0107／ROE0=-0.33% 非正
     1  EPS0=-0.0103／ROE0=-0.33% 非正
     1  EPS0=-0.1501／ROE0=-4.61% 非正
     1  EPS0=-0.1477／ROE0=-4.61% 非正
     1  EPS0=-0.1421／ROE0=-4.61% 非正
     1  EPS0=-0.1350／ROE0=-4.61% 非正
     1  EPS0=-0.2939／ROE0=-10.32% 非正
     1  EPS0=-0.2834／ROE0=-10.32% 非正
     1  EPS0=-0.2609／ROE0=-10.32% 非正
     1  EPS0=-0.2541／ROE0=-10.32% 非正
     1  EPS0=-0.4042／ROE0=-18.92% 非正
     1  EPS0=-0.4027／ROE0=-18.92% 非正
     1  EPS0=-0.4028／ROE0=-18.92% 非正
     1  EPS0=-0.4004／ROE0=-18.92% 非正
     1  EPS0=-0.2645／ROE0=-13.60% 非正
     1  EPS0=-0.2639／ROE0=-13.60% 非正
     1  EPS0=-0.2576／ROE0=-13.60% 非正
     1  EPS0=-0.2559／ROE0=-13.60% 非正
     1  EPS0=-0.1510／ROE0=-8.79% 非正
     1  EPS0=-0.1495／ROE0=-8.79% 非正
     1  EPS0=-0.1444／ROE0=-8.79% 非正
     1  EPS0=-0.1086／ROE0=-4.39% 非正
     1  EPS0=-0.1045／ROE0=-4.39% 非正
     1  EPS0=-0.0998／ROE0=-4.39% 非正
     1  EPS0=-0.0959／ROE0=-4.39% 非正
     1  EPS0=-0.4381／ROE0=-41.10% 非正
     1  EPS0=-0.3974／ROE0=-41.10% 非正
     1  EPS0=-0.3694／ROE0=-41.10% 非正
     1  EPS0=-0.5775／ROE0=-7.82% 非正
     1  EPS0=-0.5731／ROE0=-7.82% 非正
     1  EPS0=-0.4005／ROE0=-7.82% 非正
     1  EPS0=-0.3619／ROE0=-7.82% 非正
     1  EPS0=-0.6106／ROE0=-59.80% 非正
     1  EPS0=-0.5719／ROE0=-59.80% 非正
     1  EPS0=-0.4903／ROE0=-59.80% 非正
     1  EPS0=-0.4191／ROE0=-59.80% 非正
     1  EPS0=-0.1726／ROE0=-99.18% 非正
     1  EPS0=-0.1229／ROE0=-99.18% 非正
     1  EPS0=-0.0330／ROE0=-99.18% 非正
     1  EPS0=-0.0403／ROE0=-4.08% 非正
     1  EPS0=-0.0394／ROE0=-4.08% 非正
     1  EPS0=-0.0409／ROE0=-4.08% 非正
     1  EPS0=-0.2035／ROE0=-11.29% 非正
     1  EPS0=-0.2064／ROE0=-11.29% 非正
     1  EPS0=-0.2108／ROE0=-11.29% 非正
     1  EPS0=-0.2130／ROE0=-11.29% 非正
     1  EPS0=-0.2380／ROE0=-20.25% 非正
     1  EPS0=-0.2360／ROE0=-20.25% 非正
     1  EPS0=-0.2284／ROE0=-20.25% 非正
     1  EPS0=-0.2231／ROE0=-20.25% 非正
     1  EPS0=-0.0731／ROE0=-7.78% 非正
     1  EPS0=-0.0705／ROE0=-7.78% 非正
     1  EPS0=-0.0673／ROE0=-7.78% 非正
     1  EPS0=-0.0668／ROE0=-7.78% 非正
     1  EPS0=-0.0968／ROE0=-11.60% 非正
     1  EPS0=-0.0031／ROE0=-0.36% 非正
     1  EPS0=-0.0614／ROE0=-7.94% 非正
     1  EPS0=-0.0851／ROE0=-11.60% 非正
     1  EPS0=-1.0812／ROE0=-21.75% 非正
     1  EPS0=-1.0205／ROE0=-21.75% 非正
     1  EPS0=-0.9611／ROE0=-21.75% 非正
     1  EPS0=-0.8814／ROE0=-21.75% 非正
     1  EPS0=-0.6487／ROE0=-64.07% 非正
     1  EPS0=-0.5420／ROE0=-64.07% 非正
     1  EPS0=-0.3674／ROE0=-64.07% 非正
     1  EPS0=-0.1740／ROE0=-64.07% 非正
     1  EPS0=-0.0281／ROE0=-0.81% 非正
     1  EPS0=-0.2029／ROE0=-7.86% 非正
     1  EPS0=-0.2041／ROE0=-7.86% 非正
     1  EPS0=-0.0338／ROE0=-1.28% 非正
     1  EPS0=-0.0262／ROE0=-0.98% 非正
     1  EPS0=-0.1406／ROE0=-14.29% 非正
     1  EPS0=-0.1337／ROE0=-14.29% 非正
     1  EPS0=-0.1226／ROE0=-14.29% 非正
     1  EPS0=-0.1157／ROE0=-14.29% 非正
     1  EPS0=-0.1895／ROE0=-30.74% 非正
     1  EPS0=-0.1839／ROE0=-30.74% 非正
     1  EPS0=-0.1687／ROE0=-30.74% 非正
     1  EPS0=-0.1578／ROE0=-30.74% 非正
     1  EPS0=-0.1576／ROE0=-39.80% 非正
     1  EPS0=-0.1057／ROE0=-25.36% 非正
     1  EPS0=-0.0565／ROE0=-13.96% 非正
     1  EPS0=-0.0067／ROE0=-1.66% 非正
     1  EPS0=-0.0027／ROE0=-0.71% 非正
     1  EPS0=-0.3007／ROE0=-11.36% 非正
     1  EPS0=-0.3441／ROE0=-11.36% 非正
     1  EPS0=-0.3148／ROE0=-11.36% 非正
     1  EPS0=-0.3093／ROE0=-11.36% 非正
     1  EPS0=-0.6341／ROE0=-24.03% 非正
     1  EPS0=-0.6283／ROE0=-24.03% 非正
     1  EPS0=-0.6473／ROE0=-24.03% 非正
     1  EPS0=-0.6478／ROE0=-24.03% 非正
     1  EPS0=-0.1228／ROE0=-5.81% 非正
     1  EPS0=-0.1236／ROE0=-5.81% 非正
     1  EPS0=-0.0894／ROE0=-4.17% 非正
     1  EPS0=-0.0235／ROE0=-1.09% 非正
     1  EPS0=-0.3220／ROE0=-32.26% 非正
     1  EPS0=-0.3304／ROE0=-32.26% 非正
     1  EPS0=-0.3502／ROE0=-32.26% 非正
     1  EPS0=-0.3552／ROE0=-32.26% 非正
     1  EPS0=-0.1287／ROE0=-5.29% 非正
     1  EPS0=-0.1257／ROE0=-5.29% 非正
     1  EPS0=-0.1118／ROE0=-5.29% 非正
     1  EPS0=-0.1260／ROE0=-2.86% 非正
     1  EPS0=-0.1235／ROE0=-2.86% 非正
     1  EPS0=-0.1205／ROE0=-2.86% 非正
     1  EPS0=-0.0390／ROE0=-1.46% 非正
     1  EPS0=-0.0400／ROE0=-1.46% 非正
     1  EPS0=-0.0407／ROE0=-1.46% 非正
     1  EPS0=-0.0418／ROE0=-1.46% 非正
     1  EPS0=-0.0669／ROE0=-0.76% 非正
     1  EPS0=-0.0679／ROE0=-0.76% 非正
     1  EPS0=-0.0672／ROE0=-0.76% 非正
     1  EPS0=-0.0677／ROE0=-0.76% 非正
     1  EPS0=-0.0535／ROE0=-1.69% 非正
     1  EPS0=-0.0541／ROE0=-1.69% 非正
     1  EPS0=-0.0556／ROE0=-1.69% 非正
     1  EPS0=-0.0618／ROE0=-4.71% 非正
     1  EPS0=-0.0583／ROE0=-4.71% 非正
     1  EPS0=-0.0535／ROE0=-4.71% 非正
     1  EPS0=-0.0487／ROE0=-4.71% 非正
     1  EPS0=-0.1741／ROE0=-42.02% 非正
     1  EPS0=-0.1404／ROE0=-42.02% 非正
     1  EPS0=-0.0981／ROE0=-42.02% 非正
     1  EPS0=-0.0333／ROE0=-42.02% 非正
     1  EPS0=-0.0246／ROE0=-247.70% 非正
     1  EPS0=-0.0207／ROE0=-247.70% 非正
     1  EPS0=-0.0122／ROE0=-247.70% 非正
     1  EPS0=-0.0098／ROE0=-247.70% 非正
     1  EPS0=-0.0321／ROE0=-387.76% 非正
     1  EPS0=-0.1811／ROE0=-477.89% 非正
     1  EPS0=-0.1478／ROE0=-477.89% 非正
     1  EPS0=-0.0653／ROE0=-477.89% 非正
     1  EPS0=-0.4154／ROE0=-15.48% 非正
     1  EPS0=-0.4221／ROE0=-15.48% 非正
     1  EPS0=-0.4311／ROE0=-15.48% 非正
     1  EPS0=-0.4368／ROE0=-15.48% 非正
     1  EPS0=-0.3500／ROE0=-21.59% 非正
     1  EPS0=-0.3574／ROE0=-21.59% 非正
     1  EPS0=-0.3562／ROE0=-21.59% 非正
     1  EPS0=-0.3578／ROE0=-21.59% 非正
     1  EPS0=-0.0998／ROE0=-21.30% 非正
     1  EPS0=-0.0954／ROE0=-21.30% 非正
     1  EPS0=-0.0899／ROE0=-21.30% 非正
     1  EPS0=-0.0898／ROE0=-21.30% 非正
     1  EPS0=-0.0199／ROE0=-5.08% 非正
     1  EPS0=-0.0037／ROE0=-0.98% 非正
     1  EPS0=-0.0459／ROE0=-1.04% 非正
     1  EPS0=-0.0460／ROE0=-1.04% 非正
     1  EPS0=-0.0455／ROE0=-1.04% 非正
     1  EPS0=-0.0454／ROE0=-1.04% 非正
     1  EPS0=-0.1175／ROE0=-2.88% 非正
     1  EPS0=-0.1170／ROE0=-2.88% 非正
     1  EPS0=-0.1131／ROE0=-2.88% 非正
     1  EPS0=-0.1123／ROE0=-2.88% 非正
     1  EPS0=-0.0966／ROE0=-2.47% 非正
     1  EPS0=-0.0951／ROE0=-2.47% 非正
     1  EPS0=-0.0928／ROE0=-2.47% 非正
     1  EPS0=-0.2486／ROE0=-12.60% 非正
     1  EPS0=-0.2453／ROE0=-12.60% 非正
     1  EPS0=-0.2446／ROE0=-12.60% 非正
     1  EPS0=-0.2462／ROE0=-12.60% 非正
     1  EPS0=-0.3241／ROE0=-29.74% 非正
     1  EPS0=-0.3184／ROE0=-29.74% 非正
     1  EPS0=-0.3200／ROE0=-29.74% 非正
     1  EPS0=-0.3115／ROE0=-29.74% 非正
     1  EPS0=-0.0912／ROE0=-6.44% 非正
     1  EPS0=-0.0954／ROE0=-6.44% 非正
     1  EPS0=-0.0941／ROE0=-6.44% 非正
     1  EPS0=-0.0958／ROE0=-6.44% 非正
     1  EPS0=-0.0471／ROE0=-5.08% 非正
     1  EPS0=-0.0477／ROE0=-5.08% 非正
     1  EPS0=-0.1656／ROE0=-3.12% 非正
     1  EPS0=-0.1670／ROE0=-3.12% 非正
     1  EPS0=-0.1690／ROE0=-3.12% 非正
     1  EPS0=-0.1714／ROE0=-3.12% 非正
     1  EPS0=-0.0673／ROE0=-2.39% 非正
     1  EPS0=-0.0683／ROE0=-2.39% 非正
     1  EPS0=-0.0678／ROE0=-2.39% 非正
     1  EPS0=-0.0691／ROE0=-2.39% 非正
     1  EPS0=-0.1676／ROE0=-5.11% 非正
     1  EPS0=-0.1694／ROE0=-5.11% 非正
     1  EPS0=-0.1703／ROE0=-5.11% 非正
     1  EPS0=-0.1680／ROE0=-5.11% 非正
     1  EPS0=-0.0878／ROE0=-2.80% 非正
     1  EPS0=-0.0868／ROE0=-2.80% 非正
     1  EPS0=-0.0879／ROE0=-2.80% 非正
     1  EPS0=-0.0880／ROE0=-2.80% 非正
     1  EPS0=-0.0261／ROE0=-1.09% 非正
     1  EPS0=-0.3809／ROE0=-12.64% 非正
     1  EPS0=-0.3815／ROE0=-12.64% 非正
     1  EPS0=-0.3785／ROE0=-12.64% 非正
     1  EPS0=-0.3777／ROE0=-12.64% 非正
     1  EPS0=-0.3407／ROE0=-14.32% 非正
     1  EPS0=-0.3394／ROE0=-14.32% 非正
     1  EPS0=-0.3262／ROE0=-14.32% 非正
     1  EPS0=-0.3325／ROE0=-14.32% 非正
     1  EPS0=-0.3542／ROE0=-17.97% 非正
     1  EPS0=-0.3421／ROE0=-17.97% 非正
     1  EPS0=-0.3450／ROE0=-17.97% 非正
     1  EPS0=-0.3556／ROE0=-17.97% 非正
     1  EPS0=-0.3943／ROE0=-22.87% 非正
     1  EPS0=-0.3750／ROE0=-22.87% 非正
     1  EPS0=-0.3830／ROE0=-22.87% 非正
     1  EPS0=-0.3996／ROE0=-22.87% 非正
     1  EPS0=-0.0156／ROE0=-3.83% 非正
     1  EPS0=-0.0154／ROE0=-3.83% 非正
     1  EPS0=-0.0152／ROE0=-3.83% 非正
     1  EPS0=-0.0403／ROE0=-1.93% 非正
     1  EPS0=-0.0400／ROE0=-1.93% 非正
     1  EPS0=-0.1411／ROE0=-7.23% 非正
     1  EPS0=-0.1367／ROE0=-7.23% 非正
     1  EPS0=-0.1290／ROE0=-7.23% 非正
     1  EPS0=-0.0414／ROE0=-3.16% 非正
     1  EPS0=-0.0420／ROE0=-3.16% 非正
     1  EPS0=-0.0417／ROE0=-3.16% 非正
     1  EPS0=-0.0413／ROE0=-3.16% 非正
     1  EPS0=-0.0601／ROE0=-17.28% 非正
     1  EPS0=-0.0549／ROE0=-17.28% 非正
     1  EPS0=-0.0499／ROE0=-17.28% 非正
     1  EPS0=-0.0474／ROE0=-17.28% 非正
     1  EPS0=-0.0877／ROE0=-52.71% 非正
     1  EPS0=-0.0723／ROE0=-52.71% 非正
     1  EPS0=-0.0504／ROE0=-52.71% 非正
     1  EPS0=-0.0273／ROE0=-52.71% 非正
     1  EPS0=-0.1082／ROE0=-54.70% 非正
     1  EPS0=-0.0926／ROE0=-54.70% 非正
     1  EPS0=-0.0754／ROE0=-54.70% 非正
     1  EPS0=-0.0659／ROE0=-54.70% 非正
     1  EPS0=-0.0461／ROE0=-73.28% 非正
     1  EPS0=-0.0494／ROE0=-73.28% 非正
     1  EPS0=-0.0335／ROE0=-73.28% 非正
     1  EPS0=-0.0160／ROE0=-73.28% 非正
     1  EPS0=-0.0214／ROE0=-72.64% 非正
     1  EPS0=-0.0147／ROE0=-72.64% 非正
     1  EPS0=-0.0022／ROE0=-72.64% 非正
     1  EPS0=-0.1500／ROE0=-9.83% 非正
     1  EPS0=-0.1473／ROE0=-9.83% 非正
     1  EPS0=-0.1516／ROE0=-9.83% 非正
     1  EPS0=-0.1539／ROE0=-9.83% 非正
     1  EPS0=-0.1195／ROE0=-66.57% 非正
     1  EPS0=-0.1108／ROE0=-66.57% 非正
     1  EPS0=-0.0816／ROE0=-66.57% 非正
     1  EPS0=-0.0531／ROE0=-66.57% 非正
     1  EPS0=-0.0776／ROE0=-132.12% 非正
     1  EPS0=-0.0556／ROE0=-132.12% 非正
     1  EPS0=-0.0479／ROE0=-132.12% 非正
     1  EPS0=-0.0292／ROE0=-132.12% 非正
     1  EPS0=-0.0760／ROE0=-3.23% 非正
     1  EPS0=-0.0764／ROE0=-3.23% 非正
     1  EPS0=-0.0765／ROE0=-3.23% 非正
     1  EPS0=-0.0766／ROE0=-3.23% 非正
     1  EPS0=-0.0854／ROE0=-3.96% 非正
     1  EPS0=-0.0859／ROE0=-3.96% 非正
     1  EPS0=-0.1573／ROE0=-8.04% 非正
     1  EPS0=-0.1578／ROE0=-8.04% 非正
     1  EPS0=-0.1590／ROE0=-8.04% 非正
     1  EPS0=-0.3829／ROE0=-17.14% 非正
     1  EPS0=-0.3750／ROE0=-17.14% 非正
     1  EPS0=-0.3631／ROE0=-17.14% 非正
     1  EPS0=-0.3482／ROE0=-17.14% 非正
     1  EPS0=-0.0104／ROE0=-0.68% 非正
     1  EPS0=-0.0103／ROE0=-0.68% 非正
     1  EPS0=-0.0101／ROE0=-0.68% 非正
     1  EPS0=-0.0100／ROE0=-0.68% 非正
     1  EPS0=-0.9150／ROE0=-27.43% 非正
     1  EPS0=-0.9003／ROE0=-27.43% 非正
     1  EPS0=-0.9240／ROE0=-27.43% 非正
     1  EPS0=-0.9230／ROE0=-27.43% 非正
     1  EPS0=-0.5567／ROE0=-59.01% 非正
     1  EPS0=-0.4779／ROE0=-59.01% 非正
     1  EPS0=-0.4225／ROE0=-59.01% 非正
     1  EPS0=-0.3999／ROE0=-59.01% 非正
     1  EPS0=-0.1655／ROE0=-81.35% 非正
     1  EPS0=-0.1373／ROE0=-90.99% 非正
     1  EPS0=-0.0397／ROE0=-1.30% 非正
     1  EPS0=-0.0389／ROE0=-1.30% 非正
     1  EPS0=-0.2223／ROE0=-8.49% 非正
     1  EPS0=-0.2207／ROE0=-8.49% 非正
     1  EPS0=-0.2201／ROE0=-8.49% 非正
     1  EPS0=-0.2153／ROE0=-8.49% 非正
     1  EPS0=-0.1946／ROE0=-8.87% 非正
     1  EPS0=-0.1938／ROE0=-8.87% 非正
     1  EPS0=-0.1834／ROE0=-8.87% 非正
     1  EPS0=-0.1799／ROE0=-8.87% 非正
     1  EPS0=-0.1974／ROE0=-9.85% 非正
     1  EPS0=-0.1929／ROE0=-9.85% 非正
     1  EPS0=-0.1845／ROE0=-9.85% 非正
     1  EPS0=-0.1653／ROE0=-8.89% 非正
     1  EPS0=-0.1784／ROE0=-9.85% 非正
     1  EPS0=-0.0907／ROE0=-4.99% 非正
     1  EPS0=-0.1877／ROE0=-2.73% 非正
     1  EPS0=-0.1850／ROE0=-2.73% 非正
     1  EPS0=-0.1825／ROE0=-2.73% 非正
     1  EPS0=-0.1787／ROE0=-2.73% 非正
     1  EPS0=-0.6020／ROE0=-11.44% 非正
     1  EPS0=-0.5898／ROE0=-11.44% 非正
     1  EPS0=-0.5792／ROE0=-11.44% 非正
     1  EPS0=-0.5650／ROE0=-11.44% 非正
     1  EPS0=-0.5895／ROE0=-12.68% 非正
     1  EPS0=-0.5053／ROE0=-11.00% 非正
     1  EPS0=-0.4284／ROE0=-9.42% 非正
     1  EPS0=-0.3352／ROE0=-7.48% 非正
     1  EPS0=-0.1874／ROE0=-6.21% 非正
     1  EPS0=-0.1977／ROE0=-6.21% 非正
     1  EPS0=-0.3130／ROE0=-10.69% 非正
     1  EPS0=-0.3168／ROE0=-10.69% 非正
     1  EPS0=-0.3218／ROE0=-10.69% 非正
     1  EPS0=-0.3220／ROE0=-10.59% 非正
     1  EPS0=-0.1779／ROE0=-10.99% 非正
     1  EPS0=-0.1792／ROE0=-10.99% 非正
     1  EPS0=-0.1824／ROE0=-10.99% 非正
     1  EPS0=-0.1863／ROE0=-10.99% 非正
     1  EPS0=-0.0299／ROE0=-0.87% 非正
     1  EPS0=-0.0297／ROE0=-0.87% 非正
     1  EPS0=-0.0292／ROE0=-0.87% 非正
     1  EPS0=-0.0295／ROE0=-0.87% 非正
     1  EPS0=-0.2673／ROE0=-54.38% 非正
     1  EPS0=-0.2122／ROE0=-54.38% 非正
     1  EPS0=-0.1835／ROE0=-54.38% 非正
     1  EPS0=-0.1411／ROE0=-54.38% 非正
     1  EPS0=-0.3479／ROE0=-16.58% 非正
     1  EPS0=-0.3522／ROE0=-16.58% 非正
     1  EPS0=-0.3563／ROE0=-16.58% 非正
     1  EPS0=-0.3578／ROE0=-16.58% 非正
     1  EPS0=-0.0335／ROE0=-0.62% 非正
     1  EPS0=-0.0175／ROE0=-1.03% 非正
     1  EPS0=-0.0171／ROE0=-1.03% 非正
     1  EPS0=-0.0174／ROE0=-1.03% 非正
     1  EPS0=-0.0178／ROE0=-1.03% 非正
     1  EPS0=-0.2631／ROE0=-10.03% 非正
     1  EPS0=-0.2642／ROE0=-10.03% 非正
     1  EPS0=-0.2664／ROE0=-10.03% 非正
     1  EPS0=-0.2675／ROE0=-10.03% 非正
     1  EPS0=-0.1075／ROE0=-11.16% 非正
     1  EPS0=-0.1054／ROE0=-11.16% 非正
     1  EPS0=-0.0991／ROE0=-11.16% 非正
     1  EPS0=-0.0977／ROE0=-11.16% 非正
     1  EPS0=-0.1421／ROE0=-17.35% 非正
     1  EPS0=-0.1389／ROE0=-17.35% 非正
     1  EPS0=-0.1019／ROE0=-13.17% 非正
     1  EPS0=-0.1183／ROE0=-15.76% 非正
     1  EPS0=-0.0794／ROE0=-11.19% 非正
     1  EPS0=-0.0838／ROE0=-12.15% 非正
     1  EPS0=-0.0751／ROE0=-11.23% 非正
     1  EPS0=-0.3433／ROE0=-10.74% 非正
     1  EPS0=-0.3454／ROE0=-10.74% 非正
     1  EPS0=-0.3463／ROE0=-10.74% 非正
     1  EPS0=-0.3460／ROE0=-10.74% 非正
     1  EPS0=-0.1536／ROE0=-9.47% 非正
     1  EPS0=-0.1501／ROE0=-9.47% 非正
     1  EPS0=-0.1568／ROE0=-9.47% 非正
     1  EPS0=-0.1582／ROE0=-9.47% 非正
     1  EPS0=-0.8388／ROE0=-23.04% 非正
     1  EPS0=-0.8416／ROE0=-23.04% 非正
     1  EPS0=-0.8571／ROE0=-23.04% 非正
     1  EPS0=-0.8647／ROE0=-23.04% 非正
     1  EPS0=-0.1689／ROE0=-14.33% 非正
     1  EPS0=-0.1779／ROE0=-14.33% 非正
     1  EPS0=-0.1808／ROE0=-14.33% 非正
     1  EPS0=-0.1809／ROE0=-14.33% 非正
     1  EPS0=-0.1907／ROE0=-8.57% 非正
     1  EPS0=-0.1860／ROE0=-8.57% 非正
     1  EPS0=-0.1806／ROE0=-8.57% 非正
     1  EPS0=-0.1828／ROE0=-8.57% 非正
     1  EPS0=-0.1967／ROE0=-11.13% 非正
     1  EPS0=-0.1654／ROE0=-9.37% 非正
     1  EPS0=-0.1714／ROE0=-9.73% 非正
     1  EPS0=-0.1914／ROE0=-10.93% 非正
     1  EPS0=-0.0605／ROE0=-2.40% 非正
     1  EPS0=-0.0602／ROE0=-2.40% 非正
     1  EPS0=-0.0594／ROE0=-2.40% 非正
     1  EPS0=-0.0584／ROE0=-2.40% 非正
     1  EPS0=-0.0625／ROE0=-2.70% 非正
     1  EPS0=-0.0624／ROE0=-2.70% 非正
     1  EPS0=-0.0608／ROE0=-2.70% 非正
     1  EPS0=-0.1456／ROE0=-2.44% 非正
     1  EPS0=-0.1453／ROE0=-2.44% 非正
     1  EPS0=-0.1445／ROE0=-2.44% 非正
     1  EPS0=-0.1448／ROE0=-2.44% 非正
     1  EPS0=-0.1947／ROE0=-3.41% 非正
     1  EPS0=-0.1948／ROE0=-3.41% 非正
     1  EPS0=-0.1952／ROE0=-3.41% 非正
     1  EPS0=-0.0271／ROE0=-1.24% 非正
     1  EPS0=-0.0274／ROE0=-1.24% 非正
     1  EPS0=-0.0211／ROE0=-1.24% 非正
     1  EPS0=-0.0213／ROE0=-1.24% 非正
     1  EPS0=-0.1381／ROE0=-19.64% 非正
     1  EPS0=-0.1421／ROE0=-19.64% 非正
     1  EPS0=-0.1429／ROE0=-19.64% 非正
     1  EPS0=-0.1569／ROE0=-19.64% 非正
     1  EPS0=-0.2728／ROE0=-12.17% 非正
     1  EPS0=-0.2616／ROE0=-12.17% 非正
     1  EPS0=-0.2323／ROE0=-12.17% 非正
     1  EPS0=-0.2206／ROE0=-12.17% 非正
     1  EPS0=-0.3604／ROE0=-26.61% 非正
     1  EPS0=-0.3613／ROE0=-26.61% 非正
     1  EPS0=-0.3734／ROE0=-26.61% 非正
     1  EPS0=-0.3323／ROE0=-26.61% 非正
     1  EPS0=-0.3743／ROE0=-46.34% 非正
     1  EPS0=-0.3451／ROE0=-46.34% 非正
     1  EPS0=-0.3324／ROE0=-46.34% 非正
     1  EPS0=-0.3219／ROE0=-46.34% 非正
     1  EPS0=-0.1927／ROE0=-35.03% 非正
     1  EPS0=-0.1520／ROE0=-29.09% 非正
     1  EPS0=-0.1879／ROE0=-42.71% 非正
     1  EPS0=-0.1605／ROE0=-42.71% 非正
     1  EPS0=-0.2301／ROE0=-81.99% 非正
     1  EPS0=-0.1954／ROE0=-81.99% 非正
     1  EPS0=-0.1955／ROE0=-81.99% 非正
     1  EPS0=-0.1663／ROE0=-81.99% 非正
     1  EPS0=-0.2177／ROE0=-14.43% 非正
     1  EPS0=-0.2121／ROE0=-14.43% 非正
     1  EPS0=-0.2115／ROE0=-14.43% 非正
     1  EPS0=-0.2133／ROE0=-14.43% 非正
     1  EPS0=-0.1534／ROE0=-29.07% 非正
     1  EPS0=-0.1407／ROE0=-29.07% 非正
     1  EPS0=-0.1266／ROE0=-29.07% 非正
     1  EPS0=-0.1137／ROE0=-29.07% 非正
     1  EPS0=-0.1238／ROE0=-50.94% 非正
     1  EPS0=-0.1118／ROE0=-50.94% 非正
     1  EPS0=-0.0900／ROE0=-50.94% 非正
     1  EPS0=-0.0715／ROE0=-50.94% 非正
     1  EPS0=-0.0330／ROE0=-50.54% 非正
     1  EPS0=-0.0309／ROE0=-50.54% 非正
     1  EPS0=-0.0206／ROE0=-50.54% 非正
     1  EPS0=-0.0090／ROE0=-50.54% 非正
     1  EPS0=-0.2086／ROE0=-73.86% 非正
     1  EPS0=-0.0111／ROE0=-73.86% 非正
     1  EPS0=-0.1505／ROE0=-73.86% 非正
     1  EPS0=-0.1017／ROE0=-92.28% 非正
     1  EPS0=-0.0787／ROE0=-92.28% 非正
     1  EPS0=-0.0536／ROE0=-92.28% 非正
     1  EPS0=-0.1514／ROE0=-5.48% 非正
     1  EPS0=-0.1517／ROE0=-5.48% 非正
     1  EPS0=-0.1565／ROE0=-5.48% 非正
     1  EPS0=-0.1549／ROE0=-5.48% 非正
     1  EPS0=-0.2709／ROE0=-12.20% 非正
     1  EPS0=-0.2643／ROE0=-12.20% 非正
     1  EPS0=-0.2663／ROE0=-12.20% 非正
     1  EPS0=-0.2733／ROE0=-12.20% 非正
     1  EPS0=-0.0176／ROE0=-0.83% 非正
     1  EPS0=-0.1539／ROE0=-2.62% 非正
     1  EPS0=-0.1498／ROE0=-2.62% 非正
     1  EPS0=-0.1450／ROE0=-2.62% 非正
     1  EPS0=-0.1403／ROE0=-2.62% 非正
     1  EPS0=-0.4241／ROE0=-8.03% 非正
     1  EPS0=-0.4137／ROE0=-8.03% 非正
     1  EPS0=-0.4054／ROE0=-8.03% 非正
     1  EPS0=-0.2980／ROE0=-6.03% 非正
     1  EPS0=-0.3007／ROE0=-6.03% 非正
     1  EPS0=-0.3135／ROE0=-6.03% 非正
     1  EPS0=-0.3249／ROE0=-6.03% 非正
     1  EPS0=-0.2620／ROE0=-6.59% 非正
     1  EPS0=-0.2596／ROE0=-6.59% 非正
     1  EPS0=-0.2605／ROE0=-6.59% 非正
     1  EPS0=-0.2597／ROE0=-6.59% 非正
     1  EPS0=-0.3658／ROE0=-11.16% 非正
     1  EPS0=-0.3719／ROE0=-11.16% 非正
     1  EPS0=-0.3797／ROE0=-11.16% 非正
     1  EPS0=-0.3829／ROE0=-11.16% 非正
     1  EPS0=-0.4018／ROE0=-22.98% 非正
     1  EPS0=-0.4063／ROE0=-22.98% 非正
     1  EPS0=-0.4088／ROE0=-22.98% 非正
     1  EPS0=-0.4096／ROE0=-22.98% 非正
     1  EPS0=-0.1111／ROE0=-8.46% 非正
     1  EPS0=-0.1053／ROE0=-8.46% 非正
     1  EPS0=-0.1035／ROE0=-8.46% 非正
     1  EPS0=-0.1050／ROE0=-8.46% 非正
     1  EPS0=-0.0013／ROE0=-0.12% 非正
     1  EPS0=-0.0172／ROE0=-1.77% 非正
     1  EPS0=-0.0144／ROE0=-1.57% 非正
     1  EPS0=-0.0153／ROE0=-1.77% 非正
     1  EPS0=-0.0151／ROE0=-1.77% 非正
     1  EPS0=-0.0442／ROE0=-2.35% 非正
     1  EPS0=-0.0420／ROE0=-2.35% 非正
     1  EPS0=-0.0402／ROE0=-2.35% 非正
     1  EPS0=-0.0365／ROE0=-2.35% 非正
     1  EPS0=-0.2750／ROE0=-14.76% 非正
     1  EPS0=-0.2713／ROE0=-14.76% 非正
     1  EPS0=-0.2763／ROE0=-14.76% 非正
     1  EPS0=-0.2779／ROE0=-14.76% 非正
     1  EPS0=-0.8224／ROE0=-123.15% 非正
     1  EPS0=-0.7845／ROE0=-123.15% 非正
     1  EPS0=-0.6984／ROE0=-123.15% 非正
     1  EPS0=-0.0317／ROE0=-9.54% 非正
     1  EPS0=-0.0303／ROE0=-9.54% 非正
     1  EPS0=-0.0280／ROE0=-9.54% 非正
     1  EPS0=-0.0228／ROE0=-9.54% 非正
     1  EPS0=-0.0568／ROE0=-21.08% 非正
     1  EPS0=-0.0541／ROE0=-21.08% 非正
     1  EPS0=-0.0597／ROE0=-30.07% 非正
     1  EPS0=-0.0528／ROE0=-30.07% 非正
     1  EPS0=-0.0331／ROE0=-30.07% 非正
     1  EPS0=-0.0199／ROE0=-30.07% 非正
     1  EPS0=-0.0351／ROE0=-31.94% 非正
     1  EPS0=-0.0397／ROE0=-30.07% 非正
     1  EPS0=-0.0438／ROE0=-30.07% 非正
     1  EPS0=-0.0402／ROE0=-27.57% 非正
     1  EPS0=-0.2421／ROE0=-13.02% 非正
     1  EPS0=-0.2509／ROE0=-13.02% 非正
     1  EPS0=-0.2521／ROE0=-13.02% 非正
     1  EPS0=-0.2584／ROE0=-13.02% 非正
     1  EPS0=-0.5049／ROE0=-14.17% 非正
     1  EPS0=-0.4999／ROE0=-14.17% 非正
     1  EPS0=-0.5002／ROE0=-14.17% 非正
     1  EPS0=-0.4944／ROE0=-14.17% 非正
     1  EPS0=-0.5777／ROE0=-25.41% 非正
     1  EPS0=-0.5741／ROE0=-25.41% 非正
     1  EPS0=-0.5829／ROE0=-25.41% 非正
     1  EPS0=-0.5811／ROE0=-25.41% 非正
     1  EPS0=-0.1941／ROE0=-11.39% 非正
     1  EPS0=-0.1944／ROE0=-11.39% 非正
     1  EPS0=-0.1928／ROE0=-11.39% 非正
     1  EPS0=-0.1161／ROE0=-9.73% 非正
     1  EPS0=-0.1145／ROE0=-9.73% 非正
     1  EPS0=-0.1137／ROE0=-9.73% 非正
     1  EPS0=-0.1114／ROE0=-9.73% 非正
     1  EPS0=-0.0098／ROE0=-0.81% 非正
     1  EPS0=-0.0101／ROE0=-0.81% 非正
     1  EPS0=-0.0108／ROE0=-0.81% 非正
     1  EPS0=-0.0111／ROE0=-0.81% 非正
     1  EPS0=-0.0033／ROE0=-0.16% 非正
     1  EPS0=-0.0035／ROE0=-0.16% 非正
     1  EPS0=-0.1502／ROE0=-6.52% 非正
     1  EPS0=-0.1484／ROE0=-6.52% 非正
     1  EPS0=-0.1446／ROE0=-6.52% 非正
     1  EPS0=-0.1436／ROE0=-6.52% 非正
     1  EPS0=-0.0487／ROE0=-2.87% 非正
     1  EPS0=-0.0477／ROE0=-2.87% 非正
     1  EPS0=-0.0464／ROE0=-2.87% 非正
     1  EPS0=-0.0458／ROE0=-2.87% 非正
     1  EPS0=-0.1187／ROE0=-8.18% 非正
     1  EPS0=-0.1172／ROE0=-8.18% 非正
     1  EPS0=-0.1120／ROE0=-8.18% 非正
     1  EPS0=-0.0626／ROE0=-3.99% 非正
     1  EPS0=-0.0631／ROE0=-3.99% 非正
     1  EPS0=-0.0632／ROE0=-3.99% 非正
     1  EPS0=-0.0624／ROE0=-3.99% 非正
     1  EPS0=-0.0077／ROE0=-0.21% 非正
     1  EPS0=-0.2364／ROE0=-8.33% 非正
     1  EPS0=-0.2332／ROE0=-8.33% 非正
     1  EPS0=-0.2283／ROE0=-8.33% 非正
     1  EPS0=-0.2232／ROE0=-8.33% 非正
     1  EPS0=-0.2222／ROE0=-8.95% 非正
     1  EPS0=-0.2148／ROE0=-8.95% 非正
     1  EPS0=-0.2045／ROE0=-8.95% 非正
     1  EPS0=-0.3693／ROE0=-4.80% 非正
     1  EPS0=-0.3647／ROE0=-4.80% 非正
     1  EPS0=-0.3696／ROE0=-4.80% 非正
     1  EPS0=-0.3698／ROE0=-4.80% 非正
     1  EPS0=-0.0968／ROE0=-4.63% 非正
     1  EPS0=-0.0940／ROE0=-4.63% 非正
     1  EPS0=-0.0919／ROE0=-4.63% 非正
     1  EPS0=-0.0908／ROE0=-4.63% 非正
     1  EPS0=-0.0461／ROE0=-2.44% 非正
     1  EPS0=-0.0457／ROE0=-2.44% 非正
     1  EPS0=-0.0459／ROE0=-2.44% 非正
     1  EPS0=-0.0458／ROE0=-2.44% 非正
     1  EPS0=-0.0413／ROE0=-2.44% 非正
     1  EPS0=-0.0409／ROE0=-2.44% 非正
     1  EPS0=-0.6418／ROE0=-23.29% 非正
     1  EPS0=-0.6065／ROE0=-23.29% 非正
     1  EPS0=-0.6098／ROE0=-23.29% 非正
     1  EPS0=-0.6221／ROE0=-23.29% 非正
     1  EPS0=-0.0355／ROE0=-1.89% 非正
     1  EPS0=-0.0145／ROE0=-0.77% 非正
     1  EPS0=-0.0211／ROE0=-1.15% 非正
     1  EPS0=-0.0932／ROE0=-5.16% 非正
     1  EPS0=-0.0936／ROE0=-5.16% 非正
     1  EPS0=-0.0919／ROE0=-5.16% 非正
     1  EPS0=-0.0358／ROE0=-1.93% 非正
     1  EPS0=-0.0356／ROE0=-1.93% 非正
     1  EPS0=-0.0359／ROE0=-1.93% 非正
     1  EPS0=-0.0361／ROE0=-1.93% 非正
     1  EPS0=-0.4656／ROE0=-11.18% 非正
     1  EPS0=-0.4261／ROE0=-11.18% 非正
     1  EPS0=-0.4129／ROE0=-11.18% 非正
     1  EPS0=-0.4100／ROE0=-11.18% 非正
     1  EPS0=-0.5242／ROE0=-35.48% 非正
     1  EPS0=-0.4345／ROE0=-35.48% 非正
     1  EPS0=-0.3968／ROE0=-35.48% 非正
     1  EPS0=-0.3362／ROE0=-35.48% 非正
     1  EPS0=-0.0896／ROE0=-94.10% 非正
     1  EPS0=-0.0110／ROE0=-17.09% 非正
     1  EPS0=-0.0034／ROE0=-17.09% 非正
     1  EPS0=-0.4589／ROE0=-12.96% 非正
     1  EPS0=-0.4606／ROE0=-12.96% 非正
     1  EPS0=-0.4695／ROE0=-12.96% 非正
     1  EPS0=-0.4774／ROE0=-12.96% 非正
     1  EPS0=-0.3465／ROE0=-4.36% 非正
     1  EPS0=-0.3474／ROE0=-4.36% 非正
     1  EPS0=-0.3483／ROE0=-4.36% 非正
     1  EPS0=-0.3490／ROE0=-4.36% 非正
     1  EPS0=-0.7497／ROE0=-22.93% 非正
     1  EPS0=-0.7521／ROE0=-22.93% 非正
     1  EPS0=-0.7585／ROE0=-22.93% 非正
     1  EPS0=-0.7742／ROE0=-22.93% 非正
     1  EPS0=-1.1488／ROE0=-120.92% 非正
     1  EPS0=-1.0737／ROE0=-120.92% 非正
     1  EPS0=-0.6385／ROE0=-120.92% 非正
     1  EPS0=-0.4118／ROE0=-120.92% 非正
     1  EPS0=-0.1048／ROE0=-33.64% 非正
     1  EPS0=-0.0787／ROE0=-33.64% 非正
     1  EPS0=-0.0639／ROE0=-33.64% 非正
     1  EPS0=-0.4690／ROE0=-17.91% 非正
     1  EPS0=-0.4801／ROE0=-17.91% 非正
     1  EPS0=-0.4963／ROE0=-17.91% 非正
     1  EPS0=-0.2540／ROE0=-17.91% 非正
     1  EPS0=-0.3200／ROE0=-47.72% 非正
     1  EPS0=-0.3078／ROE0=-47.72% 非正
     1  EPS0=-0.2959／ROE0=-47.72% 非正
     1  EPS0=-0.3289／ROE0=-47.72% 非正
     1  EPS0=-0.0218／ROE0=-1.32% 非正
     1  EPS0=-0.0201／ROE0=-1.32% 非正
     1  EPS0=-0.1870／ROE0=-18.48% 非正
     1  EPS0=-0.1881／ROE0=-18.48% 非正
     1  EPS0=-0.1896／ROE0=-18.48% 非正
     1  EPS0=-0.2059／ROE0=-18.48% 非正
     1  EPS0=-0.0673／ROE0=-6.54% 非正
     1  EPS0=-0.0635／ROE0=-6.54% 非正
     1  EPS0=-0.0581／ROE0=-6.54% 非正
     1  EPS0=-0.0556／ROE0=-6.54% 非正
     1  EPS0=-0.0574／ROE0=-7.24% 非正
     1  EPS0=-0.0498／ROE0=-7.24% 非正
     1  EPS0=-0.0418／ROE0=-7.24% 非正
     1  EPS0=-0.2189／ROE0=-10.69% 非正
     1  EPS0=-0.2217／ROE0=-10.69% 非正
     1  EPS0=-0.2240／ROE0=-10.69% 非正
     1  EPS0=-0.2231／ROE0=-10.69% 非正
     1  EPS0=-0.3290／ROE0=-35.09% 非正
     1  EPS0=-0.3296／ROE0=-35.09% 非正
     1  EPS0=-0.3168／ROE0=-35.09% 非正
     1  EPS0=-0.3321／ROE0=-35.09% 非正
     1  EPS0=-0.0827／ROE0=-1.37% 非正
     1  EPS0=-0.0835／ROE0=-1.37% 非正
     1  EPS0=-0.0847／ROE0=-1.37% 非正
     1  EPS0=-0.0857／ROE0=-1.37% 非正
     1  EPS0=-0.4471／ROE0=-9.12% 非正
     1  EPS0=-0.4531／ROE0=-9.12% 非正
     1  EPS0=-0.4573／ROE0=-9.12% 非正
     1  EPS0=-0.4649／ROE0=-9.12% 非正
     1  EPS0=-0.0878／ROE0=-7.32% 非正
     1  EPS0=-0.0879／ROE0=-7.32% 非正
     1  EPS0=-0.0855／ROE0=-7.32% 非正
     1  EPS0=-0.0881／ROE0=-7.32% 非正
     1  EPS0=-0.0834／ROE0=-11.41% 非正
     1  EPS0=-0.0795／ROE0=-11.41% 非正
     1  EPS0=-0.0746／ROE0=-11.41% 非正
     1  EPS0=-0.1539／ROE0=-4.57% 非正
     1  EPS0=-0.1495／ROE0=-4.57% 非正
     1  EPS0=-0.1483／ROE0=-4.57% 非正
     1  EPS0=-0.1473／ROE0=-4.57% 非正
     1  EPS0=-0.4593／ROE0=-29.09% 非正
     1  EPS0=-0.4415／ROE0=-29.09% 非正
     1  EPS0=-0.4448／ROE0=-29.09% 非正
     1  EPS0=-0.4395／ROE0=-29.09% 非正
     1  EPS0=-0.2295／ROE0=-10.76% 非正
     1  EPS0=-0.2300／ROE0=-10.76% 非正
     1  EPS0=-0.2252／ROE0=-10.76% 非正
     1  EPS0=-0.2265／ROE0=-10.76% 非正
     1  EPS0=-0.3270／ROE0=-33.23% 非正
     1  EPS0=-0.3289／ROE0=-33.23% 非正
     1  EPS0=-0.3322／ROE0=-33.23% 非正
     1  EPS0=-0.3419／ROE0=-33.23% 非正
     1  EPS0=-0.5184／ROE0=-18.36% 非正
     1  EPS0=-0.4989／ROE0=-18.36% 非正
     1  EPS0=-0.4817／ROE0=-18.36% 非正
     1  EPS0=-0.4718／ROE0=-18.36% 非正
     1  EPS0=-0.2092／ROE0=-51.56% 非正
     1  EPS0=-0.1768／ROE0=-51.56% 非正
     1  EPS0=-0.1788／ROE0=-51.56% 非正
     1  EPS0=-0.0540／ROE0=-1.68% 非正
     1  EPS0=-0.0541／ROE0=-1.68% 非正
     1  EPS0=-0.0543／ROE0=-1.68% 非正
     1  EPS0=-0.0544／ROE0=-1.68% 非正
     1  EPS0=-0.2148／ROE0=-7.93% 非正
     1  EPS0=-0.2131／ROE0=-7.93% 非正
     1  EPS0=-0.2107／ROE0=-7.93% 非正
     1  EPS0=-0.0265／ROE0=-0.57% 非正
     1  EPS0=-0.0267／ROE0=-0.57% 非正
     1  EPS0=-0.0272／ROE0=-0.57% 非正
     1  EPS0=-0.3515／ROE0=-10.99% 非正
     1  EPS0=-0.3571／ROE0=-10.99% 非正
     1  EPS0=-0.3602／ROE0=-10.99% 非正
     1  EPS0=-0.3607／ROE0=-10.99% 非正
     1  EPS0=-0.0450／ROE0=-1.43% 非正
     1  EPS0=-0.0435／ROE0=-1.43% 非正
     1  EPS0=-0.0422／ROE0=-1.43% 非正
     1  EPS0=-0.0404／ROE0=-1.43% 非正
     1  EPS0=-0.0742／ROE0=-2.45% 非正
     1  EPS0=-0.0718／ROE0=-2.45% 非正
     1  EPS0=-0.0696／ROE0=-2.45% 非正
     1  EPS0=-0.0661／ROE0=-2.45% 非正
     1  EPS0=-0.0864／ROE0=-4.36% 非正
     1  EPS0=-0.0825／ROE0=-4.36% 非正
     1  EPS0=-0.0778／ROE0=-4.36% 非正
     1  EPS0=-0.0211／ROE0=-1.27% 非正
     1  EPS0=-0.0212／ROE0=-1.27% 非正
     1  EPS0=-0.0213／ROE0=-1.27% 非正
     1  EPS0=-0.0223／ROE0=-1.27% 非正
     1  EPS0=-0.1254／ROE0=-11.02% 非正
     1  EPS0=-0.1259／ROE0=-11.02% 非正
     1  EPS0=-0.1209／ROE0=-11.02% 非正
     1  EPS0=-0.1142／ROE0=-11.02% 非正
     1  EPS0=-0.1805／ROE0=-26.93% 非正
     1  EPS0=-0.1726／ROE0=-26.93% 非正
     1  EPS0=-0.1515／ROE0=-26.93% 非正
     1  EPS0=-0.1657／ROE0=-26.93% 非正
     1  EPS0=-0.2049／ROE0=-71.10% 非正
     1  EPS0=-0.1860／ROE0=-71.10% 非正
     1  EPS0=-0.1572／ROE0=-71.10% 非正
     1  EPS0=-0.1355／ROE0=-71.10% 非正
     1  EPS0=-0.1174／ROE0=-108.06% 非正
     1  EPS0=-0.0984／ROE0=-108.06% 非正
     1  EPS0=-0.0704／ROE0=-108.06% 非正
     1  EPS0=-0.2755／ROE0=-8.03% 非正
     1  EPS0=-0.2603／ROE0=-8.03% 非正
     1  EPS0=-0.2498／ROE0=-8.03% 非正
     1  EPS0=-0.2426／ROE0=-8.03% 非正
     1  EPS0=-0.1089／ROE0=-12.34% 非正
     1  EPS0=-0.1090／ROE0=-12.34% 非正
     1  EPS0=-0.1095／ROE0=-12.34% 非正
     1  EPS0=-0.1096／ROE0=-12.34% 非正
     1  EPS0=-0.0112／ROE0=-2.41% 非正
     1  EPS0=-0.0099／ROE0=-2.41% 非正
     1  EPS0=-0.0077／ROE0=-2.41% 非正
     1  EPS0=-0.0054／ROE0=-2.41% 非正
     1  EPS0=-0.2959／ROE0=-57.49% 非正
     1  EPS0=-0.2016／ROE0=-42.70% 非正
     1  EPS0=-0.0588／ROE0=-12.81% 非正
     1  EPS0=-0.0598／ROE0=-15.23% 非正
     1  EPS0=-0.0581／ROE0=-15.23% 非正
     1  EPS0=-0.0565／ROE0=-15.23% 非正
     1  EPS0=-0.0564／ROE0=-15.23% 非正
     1  EPS0=-0.0381／ROE0=-10.62% 非正
     1  EPS0=-0.0480／ROE0=-14.00% 非正
     1  EPS0=-0.0384／ROE0=-11.35% 非正
     1  EPS0=-0.0707／ROE0=-22.24% 非正
     1  EPS0=-0.0663／ROE0=-22.68% 非正
     1  EPS0=-0.0692／ROE0=-25.09% 非正
     1  EPS0=-0.0686／ROE0=-26.27% 非正
     1  EPS0=-0.3616／ROE0=-7.59% 非正
     1  EPS0=-0.3498／ROE0=-7.59% 非正
     1  EPS0=-0.3356／ROE0=-7.59% 非正
     1  EPS0=-0.3203／ROE0=-7.59% 非正
     1  EPS0=-0.5625／ROE0=-14.85% 非正
     1  EPS0=-0.5418／ROE0=-14.85% 非正
     1  EPS0=-0.5211／ROE0=-14.85% 非正
     1  EPS0=-0.5107／ROE0=-14.85% 非正
     1  EPS0=-0.6216／ROE0=-17.72% 非正
     1  EPS0=-0.6038／ROE0=-17.90% 非正
     1  EPS0=-0.4574／ROE0=-13.82% 非正
     1  EPS0=-0.4538／ROE0=-14.02% 非正
     1  EPS0=-0.3353／ROE0=-11.09% 非正
     1  EPS0=-0.3694／ROE0=-12.79% 非正
     1  EPS0=-0.4508／ROE0=-15.95% 非正
     1  EPS0=-0.0280／ROE0=-1.03% 非正
     1  EPS0=-0.1242／ROE0=-4.33% 非正
     1  EPS0=-0.1201／ROE0=-4.33% 非正
     1  EPS0=-0.1163／ROE0=-4.33% 非正
     1  EPS0=-0.1137／ROE0=-4.33% 非正
     1  EPS0=-0.1773／ROE0=-6.86% 非正
     1  EPS0=-0.1821／ROE0=-6.86% 非正
     1  EPS0=-0.1878／ROE0=-6.86% 非正
     1  EPS0=-0.1889／ROE0=-6.86% 非正
     1  EPS0=-0.0908／ROE0=-12.60% 非正
     1  EPS0=-0.0731／ROE0=-12.60% 非正
     1  EPS0=-0.0529／ROE0=-12.60% 非正
     1  EPS0=-0.0312／ROE0=-12.60% 非正
     1  EPS0=-0.0901／ROE0=-95.98% 非正
     1  EPS0=-0.0711／ROE0=-1.74% 非正
     1  EPS0=-0.0696／ROE0=-1.74% 非正
     1  EPS0=-0.0679／ROE0=-1.74% 非正
     1  EPS0=-0.0665／ROE0=-1.74% 非正
     1  EPS0=-0.2402／ROE0=-6.51% 非正
     1  EPS0=-0.2389／ROE0=-6.51% 非正
     1  EPS0=-0.2377／ROE0=-6.51% 非正
     1  EPS0=-0.1582／ROE0=-4.35% 非正
     1  EPS0=-0.1804／ROE0=-5.13% 非正
     1  EPS0=-0.0502／ROE0=-1.41% 非正
     1  EPS0=-0.0780／ROE0=-2.21% 非正
     1  EPS0=-0.0273／ROE0=-0.77% 非正
     1  EPS0=-0.0182／ROE0=-0.57% 非正
     1  EPS0=-0.0190／ROE0=-0.57% 非正
     1  EPS0=-0.0195／ROE0=-0.57% 非正
     1  EPS0=-0.1630／ROE0=-8.92% 非正
     1  EPS0=-0.1425／ROE0=-8.92% 非正
     1  EPS0=-0.1348／ROE0=-8.92% 非正
     1  EPS0=-0.0620／ROE0=-1.09% 非正
     1  EPS0=-0.1925／ROE0=-4.40% 非正
     1  EPS0=-0.1966／ROE0=-4.40% 非正
     1  EPS0=-0.2006／ROE0=-4.40% 非正
     1  EPS0=-0.1390／ROE0=-3.02% 非正
     1  EPS0=-0.1559／ROE0=-4.40% 非正
     1  EPS0=-0.1540／ROE0=-4.40% 非正
     1  EPS0=-0.1519／ROE0=-4.40% 非正
     1  EPS0=-0.1492／ROE0=-4.40% 非正
     1  EPS0=-0.1447／ROE0=-4.57% 非正
     1  EPS0=-0.1453／ROE0=-4.57% 非正
     1  EPS0=-0.1423／ROE0=-4.57% 非正
     1  EPS0=-0.1391／ROE0=-4.57% 非正
     1  EPS0=-0.1746／ROE0=-5.94% 非正
     1  EPS0=-0.1712／ROE0=-5.94% 非正
     1  EPS0=-0.1681／ROE0=-5.94% 非正
     1  EPS0=-0.1652／ROE0=-5.94% 非正
     1  EPS0=-0.1830／ROE0=-6.66% 非正
     1  EPS0=-0.0404／ROE0=-1.46% 非正
     1  EPS0=-0.0327／ROE0=-1.20% 非正
     1  EPS0=-0.0562／ROE0=-1.91% 非正
     1  EPS0=-0.0553／ROE0=-1.91% 非正
     1  EPS0=-0.0563／ROE0=-1.91% 非正
     1  EPS0=-0.0558／ROE0=-1.91% 非正
     1  EPS0=-0.1381／ROE0=-2.50% 非正
     1  EPS0=-0.1394／ROE0=-2.50% 非正
     1  EPS0=-0.0934／ROE0=-2.50% 非正
     1  EPS0=-0.0932／ROE0=-2.50% 非正
     1  EPS0=-0.0852／ROE0=-4.77% 非正
     1  EPS0=-0.0837／ROE0=-4.77% 非正
     1  EPS0=-0.0825／ROE0=-4.77% 非正
     1  EPS0=-0.0819／ROE0=-4.77% 非正
     1  EPS0=-0.1217／ROE0=-7.73% 非正
     1  EPS0=-0.1175／ROE0=-7.73% 非正
     1  EPS0=-0.1151／ROE0=-7.73% 非正
     1  EPS0=-0.1138／ROE0=-7.73% 非正
     1  EPS0=-0.1408／ROE0=-10.32% 非正
     1  EPS0=-0.1413／ROE0=-10.32% 非正
     1  EPS0=-0.0600／ROE0=-4.32% 非正
     1  EPS0=-0.4622／ROE0=-18.76% 非正
     1  EPS0=-0.4730／ROE0=-18.76% 非正
     1  EPS0=-0.4867／ROE0=-18.76% 非正
     1  EPS0=-0.4839／ROE0=-18.76% 非正
     1  EPS0=-0.0866／ROE0=-14.67% 非正
     1  EPS0=-0.0904／ROE0=-14.67% 非正
     1  EPS0=-0.0931／ROE0=-14.67% 非正
     1  EPS0=-0.0959／ROE0=-14.67% 非正
     1  EPS0=-0.7061／ROE0=-20.52% 非正
     1  EPS0=-0.7090／ROE0=-20.52% 非正
     1  EPS0=-0.7066／ROE0=-20.52% 非正
     1  EPS0=-0.7666／ROE0=-20.52% 非正
     1  EPS0=-0.3782／ROE0=-16.54% 非正
     1  EPS0=-0.3799／ROE0=-16.54% 非正
     1  EPS0=-0.3823／ROE0=-16.54% 非正
     1  EPS0=-0.3876／ROE0=-16.54% 非正
     1  EPS0=-0.0086／ROE0=-0.72% 非正
     1  EPS0=-0.0085／ROE0=-0.72% 非正
     1  EPS0=-0.0301／ROE0=-3.24% 非正
     1  EPS0=-0.0294／ROE0=-3.24% 非正
     1  EPS0=-0.0281／ROE0=-3.24% 非正
     1  EPS0=-0.3281／ROE0=-7.70% 非正
     1  EPS0=-0.3282／ROE0=-7.70% 非正
     1  EPS0=-0.3287／ROE0=-7.70% 非正
     1  EPS0=-0.3164／ROE0=-7.70% 非正
     1  EPS0=-0.3062／ROE0=-8.03% 非正
     1  EPS0=-0.0683／ROE0=-1.73% 非正
     1  EPS0=-0.2254／ROE0=-5.83% 非正
     1  EPS0=-0.2504／ROE0=-6.77% 非正
     1  EPS0=-0.6916／ROE0=-28.12% 非正
     1  EPS0=-0.6859／ROE0=-28.12% 非正
     1  EPS0=-0.6659／ROE0=-28.12% 非正
     1  EPS0=-0.5763／ROE0=-28.12% 非正
     1  EPS0=-0.5419／ROE0=-46.76% 非正
     1  EPS0=-0.5823／ROE0=-46.76% 非正
     1  EPS0=-0.5102／ROE0=-46.76% 非正
     1  EPS0=-0.1416／ROE0=-2.21% 非正
     1  EPS0=-0.1440／ROE0=-2.21% 非正
     1  EPS0=-0.1181／ROE0=-2.21% 非正
     1  EPS0=-0.1187／ROE0=-2.21% 非正
     1  EPS0=-0.9004／ROE0=-30.66% 非正
     1  EPS0=-0.9035／ROE0=-30.66% 非正
     1  EPS0=-0.9077／ROE0=-30.66% 非正
     1  EPS0=-0.9104／ROE0=-30.66% 非正
     1  EPS0=-0.2659／ROE0=-9.74% 非正
     1  EPS0=-0.2683／ROE0=-9.74% 非正
     1  EPS0=-0.2712／ROE0=-9.74% 非正
     1  EPS0=-0.2713／ROE0=-9.74% 非正
     1  EPS0=-0.2294／ROE0=-35.31% 非正
     1  EPS0=-0.1905／ROE0=-35.31% 非正
     1  EPS0=-0.1614／ROE0=-35.31% 非正
     1  EPS0=-0.1915／ROE0=-35.31% 非正
     1  EPS0=-0.1025／ROE0=-50.99% 非正
     1  EPS0=-0.0201／ROE0=-50.99% 非正
     1  EPS0=-0.0007／ROE0=-50.99% 非正
     1  EPS0=-0.0552／ROE0=-22.54% 非正
     1  EPS0=-0.0467／ROE0=-22.54% 非正
     1  EPS0=-0.0768／ROE0=-22.54% 非正
     1  EPS0=-0.3385／ROE0=-7.91% 非正
     1  EPS0=-0.3441／ROE0=-7.91% 非正
     1  EPS0=-0.3493／ROE0=-7.91% 非正
     1  EPS0=-0.3553／ROE0=-7.91% 非正
     1  EPS0=-0.8658／ROE0=-36.28% 非正
     1  EPS0=-0.6508／ROE0=-26.82% 非正
     1  EPS0=-0.8511／ROE0=-34.94% 非正
     1  EPS0=-0.3924／ROE0=-15.40% 非正
     1  EPS0=-0.1714／ROE0=-5.26% 非正
     1  EPS0=-0.1708／ROE0=-5.26% 非正
     1  EPS0=-0.1697／ROE0=-5.26% 非正
     1  EPS0=-0.1689／ROE0=-5.26% 非正
     1  EPS0=-0.1450／ROE0=-4.69% 非正
     1  EPS0=-0.1425／ROE0=-4.69% 非正
     1  EPS0=-0.1396／ROE0=-4.69% 非正
     1  EPS0=-0.7269／ROE0=-14.81% 非正
     1  EPS0=-0.6948／ROE0=-14.81% 非正
     1  EPS0=-0.7111／ROE0=-14.81% 非正
     1  EPS0=-0.5883／ROE0=-17.76% 非正
     1  EPS0=-0.6000／ROE0=-17.76% 非正
     1  EPS0=-0.6161／ROE0=-17.76% 非正
     1  EPS0=-0.6632／ROE0=-17.76% 非正
     1  EPS0=-0.3543／ROE0=-7.06% 非正
     1  EPS0=-0.3682／ROE0=-7.06% 非正
     1  EPS0=-0.3674／ROE0=-7.06% 非正
     1  EPS0=-0.3685／ROE0=-7.06% 非正
     1  EPS0=-0.2832／ROE0=-4.86% 非正
     1  EPS0=-0.2638／ROE0=-4.86% 非正
     1  EPS0=-0.2352／ROE0=-4.86% 非正
     1  EPS0=-0.2234／ROE0=-4.86% 非正
     1  EPS0=-0.7398／ROE0=-22.81% 非正
     1  EPS0=-0.7188／ROE0=-22.81% 非正
     1  EPS0=-0.6882／ROE0=-22.81% 非正
     1  EPS0=-0.6386／ROE0=-22.81% 非正
     1  EPS0=-0.6776／ROE0=-29.96% 非正
     1  EPS0=-0.6240／ROE0=-29.96% 非正
     1  EPS0=-0.5521／ROE0=-29.96% 非正
     1  EPS0=-0.4677／ROE0=-29.96% 非正
     1  EPS0=-0.8771／ROE0=-50.33% 非正
     1  EPS0=-0.7951／ROE0=-50.33% 非正
     1  EPS0=-0.6617／ROE0=-50.33% 非正
     1  EPS0=-0.1525／ROE0=-2.78% 非正
     1  EPS0=-0.1327／ROE0=-2.42% 非正
     1  EPS0=-0.1645／ROE0=-4.25% 非正
     1  EPS0=-0.1850／ROE0=-4.25% 非正
     1  EPS0=-0.1924／ROE0=-4.25% 非正
     1  EPS0=-0.2015／ROE0=-4.25% 非正
     1  EPS0=-0.7013／ROE0=-9.65% 非正
     1  EPS0=-0.7039／ROE0=-9.65% 非正
     1  EPS0=-0.7208／ROE0=-9.65% 非正
     1  EPS0=-0.7196／ROE0=-9.65% 非正
     1  EPS0=-0.1725／ROE0=-11.86% 非正
     1  EPS0=-0.1715／ROE0=-11.86% 非正
     1  EPS0=-0.1748／ROE0=-11.86% 非正
     1  EPS0=-0.1788／ROE0=-11.86% 非正
     1  EPS0=-0.0151／ROE0=-0.76% 非正
     1  EPS0=-0.0150／ROE0=-0.76% 非正
     1  EPS0=-0.0484／ROE0=-2.69% 非正
     1  EPS0=-0.0301／ROE0=-1.67% 非正
     1  EPS0=-0.0313／ROE0=-1.77% 非正
     1  EPS0=-0.3909／ROE0=-12.76% 非正
     1  EPS0=-0.3962／ROE0=-12.76% 非正
     1  EPS0=-0.4030／ROE0=-12.76% 非正
     1  EPS0=-0.4055／ROE0=-12.76% 非正
     1  EPS0=-0.2670／ROE0=-49.23% 非正
     1  EPS0=-0.2505／ROE0=-49.23% 非正
     1  EPS0=-0.2366／ROE0=-49.23% 非正
     1  EPS0=-0.1687／ROE0=-49.23% 非正
     1  EPS0=-0.0557／ROE0=-41.10% 非正
     1  EPS0=-0.0465／ROE0=-41.10% 非正
     1  EPS0=-0.0248／ROE0=-41.10% 非正
     1  EPS0=-0.0715／ROE0=-7.61% 非正
     1  EPS0=-0.0698／ROE0=-7.61% 非正
     1  EPS0=-0.0659／ROE0=-7.61% 非正
     1  EPS0=-0.0610／ROE0=-7.61% 非正
     1  EPS0=-0.1483／ROE0=-20.05% 非正
     1  EPS0=-0.1445／ROE0=-20.05% 非正
     1  EPS0=-0.1394／ROE0=-20.05% 非正
     1  EPS0=-0.0236／ROE0=-0.83% 非正
     1  EPS0=-0.0235／ROE0=-0.83% 非正
     1  EPS0=-0.0231／ROE0=-0.83% 非正
     1  EPS0=-0.0229／ROE0=-0.83% 非正
     1  EPS0=-0.1045／ROE0=-4.04% 非正
     1  EPS0=-0.1025／ROE0=-4.04% 非正
     1  EPS0=-0.0994／ROE0=-4.04% 非正
     1  EPS0=-0.1417／ROE0=-13.92% 非正
     1  EPS0=-0.1504／ROE0=-13.92% 非正
     1  EPS0=-0.1616／ROE0=-13.92% 非正
     1  EPS0=-0.1664／ROE0=-13.92% 非正
     1  EPS0=-0.2342／ROE0=-7.53% 非正
     1  EPS0=-0.2307／ROE0=-7.53% 非正
     1  EPS0=-0.1686／ROE0=-7.53% 非正
     1  EPS0=-0.1706／ROE0=-7.53% 非正
     1  EPS0=-0.0754／ROE0=-3.33% 非正
     1  EPS0=-0.0736／ROE0=-3.33% 非正
     1  EPS0=-0.0674／ROE0=-3.33% 非正
     1  EPS0=-0.0662／ROE0=-3.33% 非正
     1  EPS0=-0.2611／ROE0=-15.67% 非正
     1  EPS0=-0.2564／ROE0=-15.67% 非正
     1  EPS0=-0.2400／ROE0=-15.67% 非正
     1  EPS0=-0.1300／ROE0=-6.62% 非正
     1  EPS0=-0.1490／ROE0=-6.62% 非正
     1  EPS0=-0.0794／ROE0=-6.62% 非正
     1  EPS0=-0.0849／ROE0=-6.62% 非正
     1  EPS0=-0.0524／ROE0=-66.57% 非正
     1  EPS0=-0.0610／ROE0=-66.57% 非正
     1  EPS0=-0.0605／ROE0=-12.05% 非正
     1  EPS0=-0.5397／ROE0=-41.08% 非正
     1  EPS0=-0.5084／ROE0=-41.08% 非正
     1  EPS0=-0.5270／ROE0=-41.08% 非正
     1  EPS0=-0.3907／ROE0=-41.08% 非正
     1  EPS0=-0.2361／ROE0=-83.94% 非正
     1  EPS0=-0.2309／ROE0=-83.94% 非正
     1  EPS0=-0.2178／ROE0=-83.94% 非正
     1  EPS0=-0.2409／ROE0=-83.94% 非正
     1  EPS0=-0.2893／ROE0=-22.68% 非正
     1  EPS0=-0.2977／ROE0=-22.68% 非正
     1  EPS0=-0.3120／ROE0=-22.68% 非正
     1  EPS0=-0.3276／ROE0=-22.68% 非正
     1  EPS0=-0.0509／ROE0=-2.38% 非正
     1  EPS0=-0.0525／ROE0=-2.38% 非正
     1  EPS0=-0.0514／ROE0=-2.38% 非正
     1  EPS0=-0.0521／ROE0=-2.38% 非正
     1  EPS0=-0.1625／ROE0=-10.18% 非正
     1  EPS0=-0.1598／ROE0=-10.18% 非正
     1  EPS0=-0.1676／ROE0=-10.18% 非正
     1  EPS0=-0.1684／ROE0=-10.18% 非正
     1  EPS0=-0.0154／ROE0=-1.13% 非正
     1  EPS0=-0.0151／ROE0=-1.13% 非正
     1  EPS0=-0.0693／ROE0=-5.40% 非正
     1  EPS0=-0.0282／ROE0=-2.18% 非正
     1  EPS0=-0.2435／ROE0=-2.48% 非正
     1  EPS0=-0.2514／ROE0=-2.48% 非正
     1  EPS0=-0.2550／ROE0=-2.48% 非正
     1  EPS0=-0.2564／ROE0=-2.48% 非正
     1  EPS0=-1.4606／ROE0=-30.32% 非正
     1  EPS0=-1.4894／ROE0=-30.32% 非正
     1  EPS0=-1.5079／ROE0=-30.32% 非正
     1  EPS0=-1.0695／ROE0=-30.32% 非正
     1  EPS0=-0.1253／ROE0=-8.41% 非正
     1  EPS0=-0.1140／ROE0=-8.41% 非正
     1  EPS0=-0.1213／ROE0=-8.41% 非正
     1  EPS0=-0.1231／ROE0=-8.41% 非正
     1  EPS0=-0.2266／ROE0=-30.42% 非正
     1  EPS0=-0.1835／ROE0=-30.42% 非正
     1  EPS0=-0.1447／ROE0=-30.42% 非正
     1  EPS0=-0.1217／ROE0=-30.42% 非正
     1  EPS0=-0.3171／ROE0=-74.47% 非正
     1  EPS0=-0.2507／ROE0=-74.47% 非正
     1  EPS0=-0.1330／ROE0=-74.47% 非正
     1  EPS0=-0.1044／ROE0=-74.47% 非正
     1  EPS0=-0.5597／ROE0=-24.07% 非正
     1  EPS0=-0.5353／ROE0=-24.07% 非正
     1  EPS0=-0.5201／ROE0=-24.07% 非正
     1  EPS0=-0.4927／ROE0=-24.07% 非正
     1  EPS0=-0.3949／ROE0=-21.33% 非正
     1  EPS0=-0.3858／ROE0=-21.77% 非正
     1  EPS0=-0.3976／ROE0=-24.07% 非正
     1  EPS0=-0.3706／ROE0=-24.07% 非正
     1  EPS0=-0.4069／ROE0=-39.46% 非正
     1  EPS0=-0.3573／ROE0=-39.46% 非正
     1  EPS0=-0.3017／ROE0=-39.46% 非正
     1  EPS0=-0.2352／ROE0=-7.13% 非正
     1  EPS0=-0.2329／ROE0=-7.13% 非正
     1  EPS0=-0.2320／ROE0=-7.13% 非正
     1  EPS0=-0.2358／ROE0=-7.13% 非正
     1  EPS0=-0.1794／ROE0=-6.33% 非正
     1  EPS0=-0.0875／ROE0=-3.07% 非正
     1  EPS0=-0.1763／ROE0=-6.33% 非正
     1  EPS0=-0.0981／ROE0=-3.47% 非正
     1  EPS0=-0.3934／ROE0=-11.68% 非正
     1  EPS0=-0.4072／ROE0=-11.68% 非正
     1  EPS0=-0.4139／ROE0=-11.68% 非正
     1  EPS0=-0.4234／ROE0=-11.68% 非正
     1  EPS0=-0.8485／ROE0=-25.60% 非正
     1  EPS0=-0.8912／ROE0=-25.60% 非正
     1  EPS0=-0.8898／ROE0=-25.60% 非正
     1  EPS0=-0.8850／ROE0=-25.60% 非正
     1  EPS0=-0.6964／ROE0=-28.09% 非正
     1  EPS0=-0.6827／ROE0=-28.09% 非正
     1  EPS0=-0.5839／ROE0=-28.09% 非正
     1  EPS0=-0.6012／ROE0=-28.09% 非正
     1  EPS0=-0.6084／ROE0=-40.62% 非正
     1  EPS0=-0.5876／ROE0=-40.62% 非正
     1  EPS0=-0.5538／ROE0=-40.62% 非正
     1  EPS0=-0.5226／ROE0=-40.62% 非正
     1  EPS0=-0.1049／ROE0=-90.90% 非正
     1  EPS0=-0.0282／ROE0=-90.90% 非正
     1  EPS0=-0.2327／ROE0=-147.76% 非正
     1  EPS0=-0.1192／ROE0=-147.76% 非正
     1  EPS0=-0.0597／ROE0=-147.76% 非正
     1  EPS0=-0.5769／ROE0=-3.47% 非正
     1  EPS0=-0.5845／ROE0=-3.47% 非正
     1  EPS0=-0.5892／ROE0=-3.47% 非正
     1  EPS0=-0.5862／ROE0=-3.47% 非正
     1  EPS0=-1.7478／ROE0=-18.41% 非正
     1  EPS0=-1.7159／ROE0=-18.41% 非正
     1  EPS0=-1.6368／ROE0=-18.41% 非正
     1  EPS0=-1.6410／ROE0=-18.41% 非正
     1  EPS0=-0.1490／ROE0=-1.13% 非正
     1  EPS0=-0.1478／ROE0=-1.13% 非正
     1  EPS0=-0.1466／ROE0=-1.13% 非正
     1  EPS0=-0.2248／ROE0=-15.05% 非正
     1  EPS0=-0.2288／ROE0=-15.05% 非正
     1  EPS0=-0.2333／ROE0=-15.05% 非正
     1  EPS0=-0.2381／ROE0=-15.05% 非正
     1  EPS0=-0.0744／ROE0=-66.58% 非正
     1  EPS0=-0.0515／ROE0=-66.58% 非正
     1  EPS0=-0.0012／ROE0=-66.58% 非正
     1  EPS0=-0.4503／ROE0=-22.28% 非正
     1  EPS0=-0.4282／ROE0=-22.28% 非正
     1  EPS0=-0.4218／ROE0=-22.28% 非正
     1  EPS0=-0.3920／ROE0=-22.28% 非正
     1  EPS0=-0.3056／ROE0=-58.05% 非正
     1  EPS0=-0.2700／ROE0=-58.05% 非正
     1  EPS0=-0.3398／ROE0=-58.05% 非正
     1  EPS0=-0.3866／ROE0=-58.05% 非正
     1  EPS0=-0.0915／ROE0=-28.55% 非正
     1  EPS0=-0.0707／ROE0=-28.55% 非正
     1  EPS0=-0.0625／ROE0=-28.55% 非正
     1  EPS0=-0.3418／ROE0=-8.90% 非正
     1  EPS0=-0.3394／ROE0=-8.90% 非正
     1  EPS0=-0.3363／ROE0=-8.90% 非正
     1  EPS0=-0.3332／ROE0=-8.90% 非正
     1  EPS0=-0.3235／ROE0=-11.92% 非正
     1  EPS0=-0.2990／ROE0=-11.92% 非正
     1  EPS0=-0.2770／ROE0=-11.92% 非正
     1  EPS0=-0.2557／ROE0=-11.92% 非正
     1  EPS0=-0.2129／ROE0=-2.26% 非正
     1  EPS0=-0.2114／ROE0=-2.26% 非正
     1  EPS0=-0.2075／ROE0=-2.26% 非正
     1  EPS0=-0.2063／ROE0=-2.26% 非正
     1  EPS0=-0.8916／ROE0=-13.04% 非正
     1  EPS0=-0.9020／ROE0=-13.04% 非正
     1  EPS0=-0.8958／ROE0=-13.04% 非正
     1  EPS0=-0.8908／ROE0=-13.04% 非正
     1  EPS0=-0.0033／ROE0=-0.12% 非正
     1  EPS0=-0.0034／ROE0=-0.12% 非正
     1  EPS0=-0.1090／ROE0=-3.37% 非正
     1  EPS0=-0.1085／ROE0=-3.37% 非正
     1  EPS0=-0.1055／ROE0=-3.37% 非正
     1  EPS0=-0.1026／ROE0=-3.37% 非正
     1  EPS0=-0.3400／ROE0=-8.71% 非正
     1  EPS0=-0.3371／ROE0=-8.71% 非正
     1  EPS0=-0.2287／ROE0=-8.71% 非正
     1  EPS0=-0.2306／ROE0=-8.71% 非正
     1  EPS0=-0.1283／ROE0=-27.39% 非正
     1  EPS0=-0.0452／ROE0=-27.39% 非正
     1  EPS0=-0.0575／ROE0=-27.39% 非正
     1  EPS0=-0.0777／ROE0=-27.39% 非正
     1  EPS0=-0.3293／ROE0=-5.23% 非正
     1  EPS0=-0.3242／ROE0=-5.23% 非正
     1  EPS0=-0.3299／ROE0=-5.23% 非正
     1  EPS0=-0.3331／ROE0=-5.23% 非正
     1  EPS0=-0.3951／ROE0=-6.60% 非正
     1  EPS0=-0.3830／ROE0=-6.60% 非正
     1  EPS0=-0.3716／ROE0=-6.60% 非正
     1  EPS0=-0.3632／ROE0=-6.60% 非正
     1  EPS0=-0.6034／ROE0=-11.24% 非正
     1  EPS0=-0.1525／ROE0=-3.37% 非正
     1  EPS0=-0.1526／ROE0=-3.37% 非正
     1  EPS0=-0.1511／ROE0=-3.37% 非正
     1  EPS0=-0.1486／ROE0=-3.37% 非正
     1  EPS0=-0.3210／ROE0=-8.10% 非正
     1  EPS0=-0.3213／ROE0=-8.10% 非正
     1  EPS0=-0.3199／ROE0=-8.10% 非正
     1  EPS0=-0.3115／ROE0=-8.10% 非正
     1  EPS0=-0.4971／ROE0=-7.18% 非正
     1  EPS0=-0.5010／ROE0=-7.18% 非正
     1  EPS0=-0.5018／ROE0=-7.18% 非正
     1  EPS0=-0.4858／ROE0=-7.18% 非正
     1  EPS0=-0.0085／ROE0=-0.27% 非正
     1  EPS0=-0.0086／ROE0=-0.27% 非正
     1  EPS0=-0.0091／ROE0=-0.27% 非正
     1  EPS0=-0.0093／ROE0=-0.27% 非正
     1  EPS0=-0.0185／ROE0=-0.24% 非正
     1  EPS0=-0.0187／ROE0=-0.24% 非正
     1  EPS0=-0.0190／ROE0=-0.24% 非正
     1  EPS0=-0.2736／ROE0=-19.12% 非正
     1  EPS0=-0.2771／ROE0=-19.12% 非正
     1  EPS0=-0.2633／ROE0=-19.12% 非正
     1  EPS0=-0.2589／ROE0=-19.12% 非正
     1  EPS0=-0.3207／ROE0=-42.85% 非正
     1  EPS0=-0.3304／ROE0=-42.85% 非正
     1  EPS0=-0.2694／ROE0=-42.85% 非正
     1  EPS0=-0.2543／ROE0=-42.85% 非正
     1  EPS0=-0.1539／ROE0=-74.30% 非正
     1  EPS0=-0.1659／ROE0=-74.30% 非正
     1  EPS0=-0.1387／ROE0=-74.30% 非正
     1  EPS0=-0.1174／ROE0=-74.30% 非正
     1  EPS0=-0.1556／ROE0=-112.21% 非正
     1  EPS0=-0.1285／ROE0=-112.21% 非正
     1  EPS0=-0.0239／ROE0=-112.21% 非正
     1  EPS0=-0.7405／ROE0=-76.53% 非正
     1  EPS0=-0.3854／ROE0=-40.63% 非正
     1  EPS0=-0.2398／ROE0=-7.20% 非正
     1  EPS0=-0.2386／ROE0=-7.20% 非正
     1  EPS0=-0.2363／ROE0=-7.20% 非正
     1  EPS0=-0.2344／ROE0=-7.20% 非正
     1  EPS0=-0.1798／ROE0=-5.41% 非正
     1  EPS0=-0.2046／ROE0=-5.41% 非正
     1  EPS0=-0.1844／ROE0=-5.41% 非正
     1  EPS0=-0.1656／ROE0=-5.41% 非正
     1  EPS0=-0.3067／ROE0=-10.31% 非正
     1  EPS0=-0.3733／ROE0=-12.51% 非正
     1  EPS0=-0.3357／ROE0=-12.51% 非正
     1  EPS0=-0.3306／ROE0=-12.51% 非正
     1  EPS0=-0.4687／ROE0=-26.95% 非正
     1  EPS0=-0.4726／ROE0=-26.95% 非正
     1  EPS0=-0.4132／ROE0=-26.95% 非正
     1  EPS0=-0.4349／ROE0=-26.95% 非正
     1  EPS0=-0.8570／ROE0=-21.24% 非正
     1  EPS0=-0.8357／ROE0=-21.24% 非正
     1  EPS0=-0.7853／ROE0=-21.24% 非正
     1  EPS0=-0.7987／ROE0=-21.24% 非正
     1  EPS0=-0.8178／ROE0=-45.32% 非正
     1  EPS0=-0.7795／ROE0=-45.32% 非正
     1  EPS0=-0.7504／ROE0=-45.32% 非正
     1  EPS0=-0.4386／ROE0=-5.69% 非正
     1  EPS0=-0.4723／ROE0=-5.69% 非正
     1  EPS0=-0.4741／ROE0=-5.69% 非正
     1  EPS0=-0.4777／ROE0=-5.69% 非正
     1  EPS0=-0.6517／ROE0=-10.07% 非正
     1  EPS0=-0.6541／ROE0=-10.07% 非正
     1  EPS0=-0.6438／ROE0=-10.07% 非正
     1  EPS0=-0.6326／ROE0=-10.07% 非正
     1  EPS0=-0.0365／ROE0=-1.06% 非正
     1  EPS0=-0.0361／ROE0=-1.06% 非正
     1  EPS0=-0.0358／ROE0=-1.06% 非正
     1  EPS0=-0.0054／ROE0=-0.16% 非正
     1  EPS0=-0.0355／ROE0=-1.06% 非正
     1  EPS0=-0.0350／ROE0=-1.06% 非正
     1  EPS0=-0.0345／ROE0=-1.06% 非正
     1  EPS0=-0.0586／ROE0=-1.65% 非正
     1  EPS0=-0.0580／ROE0=-1.65% 非正
     1  EPS0=-0.0568／ROE0=-1.65% 非正
     1  EPS0=-0.4520／ROE0=-10.62% 非正
     1  EPS0=-0.4385／ROE0=-10.62% 非正
     1  EPS0=-0.4251／ROE0=-10.62% 非正
     1  EPS0=-0.0511／ROE0=-2.03% 非正
     1  EPS0=-0.3244／ROE0=-7.39% 非正
     1  EPS0=-0.3271／ROE0=-7.39% 非正
     1  EPS0=-0.3254／ROE0=-7.39% 非正
     1  EPS0=-0.3174／ROE0=-7.39% 非正
     1  EPS0=-0.0584／ROE0=-3.00% 非正
     1  EPS0=-0.0591／ROE0=-3.00% 非正
     1  EPS0=-0.0560／ROE0=-3.00% 非正
     1  EPS0=-0.0527／ROE0=-3.00% 非正
     1  EPS0=-0.1360／ROE0=-9.52% 非正
     1  EPS0=-0.1541／ROE0=-9.52% 非正
     1  EPS0=-0.1383／ROE0=-9.52% 非正
     1  EPS0=-0.1350／ROE0=-9.52% 非正
     1  EPS0=-0.3185／ROE0=-30.60% 非正
     1  EPS0=-0.3151／ROE0=-30.60% 非正
     1  EPS0=-0.2810／ROE0=-30.60% 非正
     1  EPS0=-0.2219／ROE0=-18.68% 非正
     1  EPS0=-0.1148／ROE0=-18.68% 非正
     1  EPS0=-0.0241／ROE0=-18.68% 非正
     1  EPS0=-0.0076／ROE0=-18.68% 非正
     1  EPS0=-0.4566／ROE0=-67.68% 非正
     1  EPS0=-0.0541／ROE0=-64.92% 非正
     1  EPS0=-0.5992／ROE0=-50.40% 非正
     1  EPS0=-0.5060／ROE0=-50.40% 非正
     1  EPS0=-0.3335／ROE0=-50.40% 非正
     1  EPS0=-0.1724／ROE0=-50.40% 非正
     1  EPS0=-18.5676／ROE0=-1961.01% 非正
     1  EPS0=-15.5358／ROE0=-1961.01% 非正
     1  EPS0=-10.5336／ROE0=-1961.01% 非正
     1  EPS0=-5.6468／ROE0=-1961.01% 非正
     1  EPS0=-0.3066／ROE0=-50.40% 非正
     1  EPS0=-0.2129／ROE0=-50.40% 非正
     1  EPS0=-0.2563／ROE0=-50.40% 非正
     1  EPS0=-0.1114／ROE0=-2.74% 非正
     1  EPS0=-0.1132／ROE0=-2.74% 非正
     1  EPS0=-0.1138／ROE0=-2.74% 非正
     1  EPS0=-0.1171／ROE0=-2.74% 非正
     1  EPS0=-0.0076／ROE0=-0.36% 非正
     1  EPS0=-0.0068／ROE0=-0.36% 非正
     1  EPS0=-0.0013／ROE0=-0.07% 非正
     1  EPS0=-0.0011／ROE0=-0.07% 非正
     1  EPS0=-0.2330／ROE0=-23.05% 非正
     1  EPS0=-0.2214／ROE0=-23.05% 非正
     1  EPS0=-0.2101／ROE0=-23.05% 非正
     1  EPS0=-0.1569／ROE0=-2.75% 非正
     1  EPS0=-0.1580／ROE0=-2.75% 非正
     1  EPS0=-0.1563／ROE0=-2.75% 非正
     1  EPS0=-0.1550／ROE0=-2.75% 非正
     1  EPS0=-0.6786／ROE0=-18.90% 非正
     1  EPS0=-0.6673／ROE0=-18.90% 非正
     1  EPS0=-0.6633／ROE0=-18.90% 非正
     1  EPS0=-0.6660／ROE0=-18.90% 非正
     1  EPS0=-0.1683／ROE0=-4.15% 非正
     1  EPS0=-0.1734／ROE0=-4.15% 非正
     1  EPS0=-0.1690／ROE0=-4.15% 非正
     1  EPS0=-0.1710／ROE0=-4.15% 非正
     1  EPS0=-0.1145／ROE0=-4.24% 非正
     1  EPS0=-0.1093／ROE0=-4.24% 非正
     1  EPS0=-0.0994／ROE0=-4.24% 非正
     1  EPS0=-0.0907／ROE0=-4.24% 非正
     1  EPS0=-0.3573／ROE0=-20.92% 非正
     1  EPS0=-0.3266／ROE0=-20.92% 非正
     1  EPS0=-0.2884／ROE0=-20.92% 非正
     1  EPS0=-0.2575／ROE0=-20.92% 非正
     1  EPS0=-0.3444／ROE0=-34.43% 非正
     1  EPS0=-0.3095／ROE0=-34.43% 非正
     1  EPS0=-0.1239／ROE0=-2.64% 非正
     1  EPS0=-0.1224／ROE0=-2.64% 非正
     1  EPS0=-0.1243／ROE0=-2.64% 非正
     1  EPS0=-0.1025／ROE0=-2.64% 非正
     1  EPS0=-0.6131／ROE0=-14.03% 非正
     1  EPS0=-0.6084／ROE0=-14.03% 非正
     1  EPS0=-0.6017／ROE0=-14.03% 非正
     1  EPS0=-0.0153／ROE0=-0.49% 非正
     1  EPS0=-0.0149／ROE0=-0.49% 非正
     1  EPS0=-0.0457／ROE0=-1.50% 非正
     1  EPS0=-0.0458／ROE0=-1.50% 非正
     1  EPS0=-0.0449／ROE0=-1.50% 非正
     1  EPS0=-0.0442／ROE0=-1.50% 非正
     1  EPS0=-0.1101／ROE0=-3.87% 非正
     1  EPS0=-0.1094／ROE0=-3.87% 非正
     1  EPS0=-0.1057／ROE0=-3.87% 非正
     1  EPS0=-0.1030／ROE0=-3.87% 非正
     1  EPS0=-0.1661／ROE0=-6.49% 非正
     1  EPS0=-0.1648／ROE0=-6.49% 非正
     1  EPS0=-0.1590／ROE0=-6.49% 非正
     1  EPS0=-0.1542／ROE0=-6.49% 非正
     1  EPS0=-0.2528／ROE0=-12.06% 非正
     1  EPS0=-0.2485／ROE0=-12.06% 非正
     1  EPS0=-0.2398／ROE0=-12.06% 非正
     1  EPS0=-0.6628／ROE0=-14.25% 非正
     1  EPS0=-0.6310／ROE0=-14.25% 非正
     1  EPS0=-0.5685／ROE0=-14.25% 非正
     1  EPS0=-0.5188／ROE0=-14.25% 非正
     1  EPS0=-0.2270／ROE0=-5.48% 非正
     1  EPS0=-0.2289／ROE0=-5.48% 非正
     1  EPS0=-0.2294／ROE0=-5.48% 非正
     1  EPS0=-0.2309／ROE0=-5.48% 非正
     1  EPS0=-0.1841／ROE0=-4.81% 非正
     1  EPS0=-0.1857／ROE0=-4.81% 非正
     1  EPS0=-0.1872／ROE0=-4.81% 非正
     1  EPS0=-0.0105／ROE0=-0.57% 非正
     1  EPS0=-0.0104／ROE0=-0.57% 非正
     1  EPS0=-0.0251／ROE0=-1.41% 非正
     1  EPS0=-0.0250／ROE0=-1.41% 非正
     1  EPS0=-0.0245／ROE0=-1.41% 非正
     1  EPS0=-0.0130／ROE0=-0.41% 非正
     1  EPS0=-0.0131／ROE0=-0.41% 非正
     1  EPS0=-0.1753／ROE0=-11.57% 非正
     1  EPS0=-0.1485／ROE0=-11.57% 非正
     1  EPS0=-0.1030／ROE0=-11.57% 非正
     1  EPS0=-0.0849／ROE0=-11.57% 非正
     1  EPS0=-0.0607／ROE0=-2.38% 非正
     1  EPS0=-0.0586／ROE0=-2.38% 非正
     1  EPS0=-0.0565／ROE0=-2.38% 非正
     1  EPS0=-0.0539／ROE0=-2.38% 非正
     1  EPS0=-0.2480／ROE0=-11.57% 非正
     1  EPS0=-0.2410／ROE0=-11.57% 非正
     1  EPS0=-0.2366／ROE0=-11.57% 非正
     1  EPS0=-0.0208／ROE0=-0.20% 非正
     1  EPS0=-0.0210／ROE0=-0.20% 非正
     1  EPS0=-0.7233／ROE0=-8.21% 非正
     1  EPS0=-0.7261／ROE0=-8.21% 非正
     1  EPS0=-0.7177／ROE0=-8.21% 非正
     1  EPS0=-0.1167／ROE0=-1.32% 非正
     1  EPS0=-0.1160／ROE0=-1.32% 非正
     1  EPS0=-0.4220／ROE0=-5.39% 非正
     1  EPS0=-0.4209／ROE0=-5.39% 非正
     1  EPS0=-0.4181／ROE0=-5.39% 非正
     1  EPS0=-0.4163／ROE0=-5.39% 非正
     1  EPS0=-0.5516／ROE0=-7.82% 非正
     1  EPS0=-0.5496／ROE0=-7.82% 非正
     1  EPS0=-0.5369／ROE0=-7.82% 非正
     1  EPS0=-0.0916／ROE0=-3.09% 非正
     1  EPS0=-0.0904／ROE0=-3.09% 非正
     1  EPS0=-0.0861／ROE0=-3.09% 非正
     1  EPS0=-0.0527／ROE0=-3.13% 非正
     1  EPS0=-0.0521／ROE0=-3.13% 非正
     1  EPS0=-0.0508／ROE0=-3.13% 非正
     1  EPS0=-0.4418／ROE0=-14.68% 非正
     1  EPS0=-0.4460／ROE0=-14.68% 非正
     1  EPS0=-0.4526／ROE0=-14.68% 非正
     1  EPS0=-0.1498／ROE0=-4.01% 非正
     1  EPS0=-0.1484／ROE0=-4.01% 非正
     1  EPS0=-0.1463／ROE0=-4.01% 非正
     1  EPS0=-0.1872／ROE0=-11.03% 非正
     1  EPS0=-0.2008／ROE0=-11.03% 非正
     1  EPS0=-0.1902／ROE0=-11.03% 非正
     1  EPS0=-0.1739／ROE0=-11.03% 非正
     1  EPS0=-0.5027／ROE0=-20.15% 非正
     1  EPS0=-0.4841／ROE0=-20.15% 非正
     1  EPS0=-0.4687／ROE0=-20.15% 非正
     1  EPS0=-0.4447／ROE0=-20.15% 非正
     1  EPS0=-0.1670／ROE0=-9.99% 非正
     1  EPS0=-0.1591／ROE0=-9.99% 非正
     1  EPS0=-0.1511／ROE0=-9.99% 非正
     1  EPS0=-0.1458／ROE0=-9.99% 非正
     1  EPS0=-0.1701／ROE0=-11.73% 非正
     1  EPS0=-0.1900／ROE0=-14.21% 非正
     1  EPS0=-0.1793／ROE0=-14.21% 非正
     1  EPS0=-0.0955／ROE0=-5.21% 非正
     1  EPS0=-0.0959／ROE0=-5.21% 非正
     1  EPS0=-0.0933／ROE0=-5.21% 非正
     1  EPS0=-0.0870／ROE0=-5.86% 非正
     1  EPS0=-0.0876／ROE0=-5.86% 非正
     1  EPS0=-0.0853／ROE0=-5.86% 非正
     1  EPS0=-0.0802／ROE0=-5.86% 非正
     1  EPS0=-0.1743／ROE0=-16.02% 非正
     1  EPS0=-0.1751／ROE0=-16.02% 非正
     1  EPS0=-0.1582／ROE0=-16.02% 非正
     1  EPS0=-0.1494／ROE0=-16.02% 非正
     1  EPS0=-0.4408／ROE0=-32.18% 非正
     1  EPS0=-0.4334／ROE0=-32.18% 非正
     1  EPS0=-0.4448／ROE0=-32.18% 非正
     1  EPS0=-0.4461／ROE0=-32.18% 非正
     1  EPS0=-0.1339／ROE0=-11.70% 非正
     1  EPS0=-0.2956／ROE0=-28.22% 非正
     1  EPS0=-0.2388／ROE0=-30.87% 非正
     1  EPS0=-0.2290／ROE0=-30.87% 非正
     1  EPS0=-0.2115／ROE0=-30.87% 非正
     1  EPS0=-0.1887／ROE0=-30.87% 非正
     1  EPS0=-0.1537／ROE0=-37.45% 非正
     1  EPS0=-0.1563／ROE0=-37.45% 非正
     1  EPS0=-0.1527／ROE0=-37.45% 非正
     1  EPS0=-0.1131／ROE0=-3.16% 非正
     1  EPS0=-0.1122／ROE0=-3.16% 非正
     1  EPS0=-0.1074／ROE0=-3.16% 非正
     1  EPS0=-0.1047／ROE0=-3.16% 非正
     1  EPS0=-0.3706／ROE0=-5.13% 非正
     1  EPS0=-0.3107／ROE0=-4.21% 非正
     1  EPS0=-0.3055／ROE0=-3.34% 非正
     1  EPS0=-0.3060／ROE0=-3.34% 非正
     1  EPS0=-0.1543／ROE0=-1.83% 非正
     1  EPS0=-0.1470／ROE0=-1.77% 非正
     1  EPS0=-0.1457／ROE0=-1.83% 非正
     1  EPS0=-0.0977／ROE0=-2.83% 非正
     1  EPS0=-0.0972／ROE0=-2.83% 非正
     1  EPS0=-0.0963／ROE0=-2.83% 非正
     1  EPS0=-0.1025／ROE0=-1.84% 非正
     1  EPS0=-0.1018／ROE0=-1.84% 非正
     1  EPS0=-0.1619／ROE0=-3.02% 非正
     1  EPS0=-0.1647／ROE0=-3.02% 非正
     1  EPS0=-0.1554／ROE0=-2.92% 非正
     1  EPS0=-0.1490／ROE0=-5.06% 非正
     1  EPS0=-0.1477／ROE0=-5.06% 非正
     1  EPS0=-0.1448／ROE0=-5.06% 非正
     1  EPS0=-0.1435／ROE0=-5.06% 非正
     1  EPS0=-0.4153／ROE0=-11.82% 非正
     1  EPS0=-0.4096／ROE0=-11.82% 非正
     1  EPS0=-0.4086／ROE0=-11.82% 非正
     1  EPS0=-0.2496／ROE0=-11.82% 非正
     1  EPS0=-0.6578／ROE0=-25.54% 非正
     1  EPS0=-0.6622／ROE0=-25.54% 非正
     1  EPS0=-0.6792／ROE0=-25.54% 非正
     1  EPS0=-0.6871／ROE0=-25.54% 非正
     1  EPS0=-0.7085／ROE0=-44.74% 非正
     1  EPS0=-0.6761／ROE0=-41.04% 非正
     1  EPS0=-0.7094／ROE0=-45.22% 非正
     1  EPS0=-0.7176／ROE0=-45.22% 非正
     1  EPS0=-0.0619／ROE0=-2.18% 非正
     1  EPS0=-0.0630／ROE0=-2.18% 非正
     1  EPS0=-0.0847／ROE0=-1.45% 非正
     1  EPS0=-0.0849／ROE0=-1.45% 非正
     1  EPS0=-0.0857／ROE0=-1.45% 非正
     1  EPS0=-0.0864／ROE0=-1.45% 非正
     1  EPS0=-0.0122／ROE0=-0.27% 非正
     1  EPS0=-0.0117／ROE0=-0.27% 非正
     1  EPS0=-0.0115／ROE0=-0.27% 非正
     1  EPS0=-0.0108／ROE0=-0.27% 非正
     1  EPS0=-0.2110／ROE0=-5.25% 非正
     1  EPS0=-0.2003／ROE0=-5.25% 非正
     1  EPS0=-0.1949／ROE0=-5.25% 非正
     1  EPS0=-0.2119／ROE0=-2.37% 非正
     1  EPS0=-0.2078／ROE0=-2.37% 非正
     1  EPS0=-0.2008／ROE0=-2.37% 非正
     1  EPS0=-0.1996／ROE0=-2.37% 非正
     1  EPS0=-0.1926／ROE0=-2.25% 非正
     1  EPS0=-0.1644／ROE0=-1.99% 非正
     1  EPS0=-0.3850／ROE0=-4.93% 非正
     1  EPS0=-0.3767／ROE0=-4.93% 非正
     1  EPS0=-0.3533／ROE0=-4.93% 非正
     1  EPS0=-0.5088／ROE0=-7.29% 非正
     1  EPS0=-0.5035／ROE0=-7.29% 非正
     1  EPS0=-0.4914／ROE0=-7.29% 非正
     1  EPS0=-0.4741／ROE0=-7.29% 非正
     1  EPS0=-0.9312／ROE0=-20.23% 非正
     1  EPS0=-0.9056／ROE0=-20.23% 非正
     1  EPS0=-0.8624／ROE0=-20.23% 非正
     1  EPS0=-0.1828／ROE0=-1.20% 非正
     1  EPS0=-0.1803／ROE0=-1.20% 非正
     1  EPS0=-0.1668／ROE0=-1.20% 非正
     1  EPS0=-0.1669／ROE0=-1.20% 非正
     1  EPS0=-0.5650／ROE0=-4.26% 非正
     1  EPS0=-0.5422／ROE0=-4.26% 非正
     1  EPS0=-0.5018／ROE0=-4.26% 非正
     1  EPS0=-0.5598／ROE0=-20.15% 非正
     1  EPS0=-0.5156／ROE0=-20.15% 非正
     1  EPS0=-0.4413／ROE0=-20.15% 非正
     1  EPS0=-0.0551／ROE0=-0.94% 非正
     1  EPS0=-0.0535／ROE0=-0.94% 非正
     1  EPS0=-0.0525／ROE0=-0.94% 非正
     1  EPS0=-0.0521／ROE0=-0.94% 非正
     1  EPS0=-0.2202／ROE0=-4.16% 非正
     1  EPS0=-0.2100／ROE0=-4.16% 非正
     1  EPS0=-0.2055／ROE0=-4.16% 非正
     1  EPS0=-0.0907／ROE0=-3.13% 非正
     1  EPS0=-0.0916／ROE0=-3.13% 非正
     1  EPS0=-0.0926／ROE0=-3.13% 非正
     1  EPS0=-0.0931／ROE0=-3.13% 非正
     1  EPS0=-0.2903／ROE0=-7.85% 非正
     1  EPS0=-0.2925／ROE0=-7.85% 非正
     1  EPS0=-0.2694／ROE0=-12.35% 非正
     1  EPS0=-0.2707／ROE0=-12.35% 非正
     1  EPS0=-0.2838／ROE0=-12.35% 非正
     1  EPS0=-0.1151／ROE0=-3.90% 非正
     1  EPS0=-0.1129／ROE0=-3.90% 非正
     1  EPS0=-0.1116／ROE0=-3.90% 非正
     1  EPS0=-0.1106／ROE0=-3.90% 非正
     1  EPS0=-0.1164／ROE0=-4.95% 非正
     1  EPS0=-0.1196／ROE0=-4.95% 非正
     1  EPS0=-0.1201／ROE0=-4.95% 非正
     1  EPS0=-0.1207／ROE0=-4.95% 非正
     1  EPS0=-0.3885／ROE0=-31.28% 非正
     1  EPS0=-0.3919／ROE0=-31.28% 非正
     1  EPS0=-0.3962／ROE0=-31.28% 非正
     1  EPS0=-0.3900／ROE0=-31.28% 非正
     1  EPS0=-0.9312／ROE0=-13.79% 非正
     1  EPS0=-0.9178／ROE0=-13.79% 非正
     1  EPS0=-0.9464／ROE0=-13.79% 非正
     1  EPS0=-0.0497／ROE0=-1.32% 非正
     1  EPS0=-0.0488／ROE0=-1.32% 非正
     1  EPS0=-0.0482／ROE0=-1.32% 非正
     1  EPS0=-0.0498／ROE0=-1.32% 非正
     1  EPS0=-0.1428／ROE0=-4.19% 非正
     1  EPS0=-0.1398／ROE0=-4.19% 非正
     1  EPS0=-0.1341／ROE0=-4.19% 非正
     1  EPS0=-0.0072／ROE0=-0.12% 非正
     1  EPS0=-0.0075／ROE0=-0.12% 非正
     1  EPS0=-0.0073／ROE0=-0.12% 非正
     1  EPS0=-0.0071／ROE0=-0.12% 非正
     1  EPS0=-0.3065／ROE0=-5.98% 非正
     1  EPS0=-0.2973／ROE0=-5.98% 非正
     1  EPS0=-0.2881／ROE0=-5.98% 非正
     1  EPS0=-0.3056／ROE0=-8.66% 非正
     1  EPS0=-0.2918／ROE0=-8.66% 非正
     1  EPS0=-0.2720／ROE0=-8.66% 非正
     1  EPS0=-0.2607／ROE0=-8.66% 非正
     1  EPS0=-0.5684／ROE0=-21.82% 非正
     1  EPS0=-0.5810／ROE0=-21.82% 非正
     1  EPS0=-0.1706／ROE0=-6.30% 非正
     1  EPS0=-0.4700／ROE0=-10.79% 非正
     1  EPS0=-0.4345／ROE0=-10.79% 非正
     1  EPS0=-0.3790／ROE0=-10.79% 非正
     1  EPS0=-0.1333／ROE0=-4.19% 非正
     1  EPS0=-0.5035／ROE0=-9.71% 非正
     1  EPS0=-0.3500／ROE0=-7.23% 非正
     1  EPS0=-0.1766／ROE0=-3.71% 非正
     1  EPS0=-0.1023／ROE0=-2.23% 非正
     1  EPS0=-0.0428／ROE0=-1.98% 非正
     1  EPS0=-0.0429／ROE0=-1.98% 非正
     1  EPS0=-0.0427／ROE0=-1.98% 非正
     1  EPS0=-0.3613／ROE0=-22.79% 非正
     1  EPS0=-0.3585／ROE0=-22.79% 非正
     1  EPS0=-0.3583／ROE0=-22.79% 非正
     1  EPS0=-0.3562／ROE0=-22.79% 非正
     1  EPS0=-0.2999／ROE0=-41.27% 非正
     1  EPS0=-0.2755／ROE0=-41.27% 非正
     1  EPS0=-0.2350／ROE0=-41.27% 非正
     1  EPS0=-0.1226／ROE0=-4.70% 非正
     1  EPS0=-0.1235／ROE0=-4.70% 非正
     1  EPS0=-0.1237／ROE0=-4.70% 非正
     1  EPS0=-0.1185／ROE0=-4.70% 非正
     1  EPS0=-0.3606／ROE0=-19.74% 非正
     1  EPS0=-0.3547／ROE0=-19.74% 非正
     1  EPS0=-0.3082／ROE0=-19.74% 非正
     1  EPS0=-0.1323／ROE0=-2.38% 非正
     1  EPS0=-0.1306／ROE0=-2.38% 非正
     1  EPS0=-0.1311／ROE0=-2.38% 非正
     1  EPS0=-0.1309／ROE0=-2.38% 非正
     1  EPS0=-0.3202／ROE0=-6.33% 非正
     1  EPS0=-0.3199／ROE0=-6.33% 非正
     1  EPS0=-0.3224／ROE0=-6.33% 非正
     1  EPS0=-0.0931／ROE0=-3.75% 非正
     1  EPS0=-0.0908／ROE0=-3.75% 非正
     1  EPS0=-0.2063／ROE0=-10.19% 非正
     1  EPS0=-0.2081／ROE0=-10.19% 非正
     1  EPS0=-0.2094／ROE0=-10.19% 非正
     1  EPS0=-0.2067／ROE0=-10.19% 非正
     1  EPS0=-0.2664／ROE0=-19.51% 非正
     1  EPS0=-0.2605／ROE0=-19.51% 非正
     1  EPS0=-0.2708／ROE0=-19.51% 非正
     1  EPS0=-0.1496／ROE0=-4.29% 非正
     1  EPS0=-0.1439／ROE0=-4.29% 非正
     1  EPS0=-0.1438／ROE0=-4.29% 非正
     1  EPS0=-0.4045／ROE0=-2.14% 非正
     1  EPS0=-0.4018／ROE0=-2.14% 非正
     1  EPS0=-0.4007／ROE0=-2.14% 非正
     1  EPS0=-0.3979／ROE0=-2.14% 非正
     1  EPS0=-0.2631／ROE0=-1.44% 非正
     1  EPS0=-0.2616／ROE0=-1.44% 非正
     1  EPS0=-0.2588／ROE0=-1.44% 非正
     1  EPS0=-0.2457／ROE0=-1.44% 非正
     1  EPS0=-0.9037／ROE0=-5.48% 非正
     1  EPS0=-0.8941／ROE0=-5.48% 非正
     1  EPS0=-0.8707／ROE0=-5.48% 非正
     1  EPS0=-0.4076／ROE0=-9.01% 非正
     1  EPS0=-0.3952／ROE0=-9.01% 非正
     1  EPS0=-0.3869／ROE0=-9.01% 非正
     1  EPS0=-0.3797／ROE0=-9.01% 非正
     1  EPS0=-0.4993／ROE0=-12.57% 非正
     1  EPS0=-0.4063／ROE0=-10.47% 非正
     1  EPS0=-0.3498／ROE0=-9.17% 非正
     1  EPS0=-0.4213／ROE0=-11.31% 非正
     1  EPS0=-0.1158／ROE0=-3.41% 非正
     1  EPS0=-0.1136／ROE0=-3.41% 非正
     1  EPS0=-0.1109／ROE0=-3.41% 非正
     1  EPS0=-0.1128／ROE0=-3.41% 非正
     1  EPS0=-0.2729／ROE0=-12.34% 非正
     1  EPS0=-0.2695／ROE0=-12.34% 非正
     1  EPS0=-0.2649／ROE0=-12.34% 非正
     1  EPS0=-0.2122／ROE0=-5.51% 非正
     1  EPS0=-0.2191／ROE0=-5.51% 非正
     1  EPS0=-0.2104／ROE0=-5.33% 非正
     1  EPS0=-0.3060／ROE0=-15.80% 非正
     1  EPS0=-0.3070／ROE0=-15.80% 非正
     1  EPS0=-0.2399／ROE0=-12.26% 非正
     1  EPS0=-0.1320／ROE0=-3.00% 非正
     1  EPS0=-0.1354／ROE0=-3.00% 非正
     1  EPS0=-0.6495／ROE0=-13.67% 非正
     1  EPS0=-0.6443／ROE0=-13.67% 非正
     1  EPS0=-0.6302／ROE0=-13.67% 非正
     1  EPS0=-0.6353／ROE0=-13.67% 非正
     1  EPS0=-0.1261／ROE0=-3.09% 非正
     1  EPS0=-0.1233／ROE0=-3.09% 非正
     1  EPS0=-0.1204／ROE0=-3.09% 非正
     1  EPS0=-0.1163／ROE0=-3.09% 非正
     1  EPS0=-0.3262／ROE0=-9.33% 非正
     1  EPS0=-0.3208／ROE0=-9.33% 非正
     1  EPS0=-0.3112／ROE0=-9.33% 非正
     1  EPS0=-0.3002／ROE0=-9.33% 非正
     1  EPS0=-0.4007／ROE0=-13.75% 非正
     1  EPS0=-0.3839／ROE0=-13.75% 非正
     1  EPS0=-0.3648／ROE0=-13.75% 非正
     1  EPS0=-0.4094／ROE0=-8.71% 非正
     1  EPS0=-0.4110／ROE0=-8.71% 非正
     1  EPS0=-0.4155／ROE0=-8.71% 非正
     1  EPS0=-0.4156／ROE0=-8.71% 非正
     1  EPS0=-0.4254／ROE0=-13.29% 非正
     1  EPS0=-0.4360／ROE0=-13.29% 非正
     1  EPS0=-0.4430／ROE0=-13.29% 非正
     1  EPS0=-0.3780／ROE0=-13.29% 非正
     1  EPS0=-0.5552／ROE0=-32.08% 非正
     1  EPS0=-0.5883／ROE0=-32.08% 非正
     1  EPS0=-0.5947／ROE0=-32.08% 非正
     1  EPS0=-0.4274／ROE0=-46.64% 非正
     1  EPS0=-0.3714／ROE0=-46.64% 非正
     1  EPS0=-0.2904／ROE0=-46.64% 非正
     1  EPS0=-0.2250／ROE0=-46.64% 非正
     1  EPS0=-0.1076／ROE0=-61.46% 非正
     1  EPS0=-0.0435／ROE0=-61.46% 非正
     1  EPS0=-0.0040／ROE0=-61.46% 非正
     1  EPS0=-0.1837／ROE0=-2.73% 非正
     1  EPS0=-0.1844／ROE0=-2.73% 非正
     1  EPS0=-0.0432／ROE0=-1.04% 非正
     1  EPS0=-0.0445／ROE0=-1.04% 非正
     1  EPS0=-0.0415／ROE0=-1.04% 非正
     1  EPS0=-0.0401／ROE0=-1.04% 非正
     1  EPS0=-0.3023／ROE0=-9.97% 非正
     1  EPS0=-0.1595／ROE0=-10.32% 非正
     1  EPS0=-0.1523／ROE0=-10.32% 非正
     1  EPS0=-0.1424／ROE0=-10.32% 非正
     1  EPS0=-0.1328／ROE0=-10.32% 非正
     1  EPS0=-0.2337／ROE0=-32.83% 非正
     1  EPS0=-0.2165／ROE0=-32.83% 非正
     1  EPS0=-0.1841／ROE0=-32.83% 非正
     1  EPS0=-0.0142／ROE0=-0.29% 非正
     1  EPS0=-0.0141／ROE0=-0.29% 非正
     1  EPS0=-0.1953／ROE0=-2.58% 非正
     1  EPS0=-0.1948／ROE0=-2.58% 非正
     1  EPS0=-0.1920／ROE0=-2.58% 非正
     1  EPS0=-0.0517／ROE0=-1.00% 非正
     1  EPS0=-0.0520／ROE0=-1.00% 非正
     1  EPS0=-0.0525／ROE0=-1.00% 非正
     1  EPS0=-0.0529／ROE0=-1.00% 非正
     1  EPS0=-0.0051／ROE0=-0.25% 非正
     1  EPS0=-0.0048／ROE0=-0.25% 非正
     1  EPS0=-0.0047／ROE0=-0.25% 非正
     1  EPS0=-0.0046／ROE0=-0.25% 非正
     1  EPS0=-0.2513／ROE0=-17.82% 非正
     1  EPS0=-0.2527／ROE0=-17.82% 非正
     1  EPS0=-0.2589／ROE0=-17.82% 非正
     1  EPS0=-0.2651／ROE0=-17.82% 非正
     1  EPS0=-0.2079／ROE0=-25.86% 非正
     1  EPS0=-0.1927／ROE0=-25.86% 非正
     1  EPS0=-0.1746／ROE0=-25.86% 非正
     1  EPS0=-0.1749／ROE0=-25.86% 非正
     1  EPS0=-0.1163／ROE0=-15.97% 非正
     1  EPS0=-0.0811／ROE0=-11.73% 非正
     1  EPS0=-0.0271／ROE0=-4.15% 非正
     1  EPS0=-0.0950／ROE0=-15.97% 非正
     1  EPS0=-0.1429／ROE0=-25.92% 非正
     1  EPS0=-0.1332／ROE0=-25.92% 非正
     1  EPS0=-0.1288／ROE0=-25.92% 非正
     1  EPS0=-0.1408／ROE0=-3.91% 非正
     1  EPS0=-0.4655／ROE0=-6.55% 非正
     1  EPS0=-0.4677／ROE0=-6.55% 非正
     1  EPS0=-0.4717／ROE0=-6.55% 非正
     1  EPS0=-0.4730／ROE0=-6.55% 非正
     1  EPS0=-0.3469／ROE0=-2.37% 非正
     1  EPS0=-0.3468／ROE0=-2.37% 非正
     1  EPS0=-0.3414／ROE0=-2.37% 非正
     1  EPS0=-0.3353／ROE0=-2.37% 非正
     1  EPS0=-0.7128／ROE0=-5.19% 非正
     1  EPS0=-0.7021／ROE0=-5.19% 非正
     1  EPS0=-0.6921／ROE0=-5.19% 非正
     1  EPS0=-0.6263／ROE0=-4.69% 非正
     1  EPS0=-0.3090／ROE0=-2.37% 非正
     1  EPS0=-0.3098／ROE0=-2.37% 非正
     1  EPS0=-0.0593／ROE0=-0.45% 非正
     1  EPS0=-0.4975／ROE0=-15.01% 非正
     1  EPS0=-0.5043／ROE0=-15.01% 非正
     1  EPS0=-0.5075／ROE0=-15.01% 非正
     1  EPS0=-0.5143／ROE0=-15.01% 非正
     1  EPS0=-0.7124／ROE0=-13.68% 非正
     1  EPS0=-0.4994／ROE0=-13.68% 非正
     1  EPS0=-0.7048／ROE0=-13.68% 非正
     1  EPS0=-0.7131／ROE0=-13.68% 非正
     1  EPS0=-0.1107／ROE0=-1.68% 非正
     1  EPS0=-0.1129／ROE0=-1.68% 非正
     1  EPS0=-0.1077／ROE0=-1.68% 非正
     1  EPS0=-0.1886／ROE0=-5.13% 非正
     1  EPS0=-0.1851／ROE0=-5.13% 非正
     1  EPS0=-0.1802／ROE0=-5.13% 非正
     1  EPS0=-0.0716／ROE0=-1.79% 非正
     1  EPS0=-0.0677／ROE0=-1.71% 非正
     1  EPS0=-0.0721／ROE0=-1.22% 非正
     1  EPS0=-0.0717／ROE0=-1.22% 非正
     1  EPS0=-0.0713／ROE0=-1.22% 非正
     1  EPS0=-0.3293／ROE0=-5.98% 非正
     1  EPS0=-0.3289／ROE0=-5.98% 非正
     1  EPS0=-0.3304／ROE0=-5.98% 非正
     1  EPS0=-0.5423／ROE0=-2.74% 非正
     1  EPS0=-0.5258／ROE0=-2.74% 非正
     1  EPS0=-0.5038／ROE0=-2.74% 非正
     1  EPS0=-0.4887／ROE0=-2.74% 非正
     1  EPS0=-0.2926／ROE0=-4.64% 非正
     1  EPS0=-0.2939／ROE0=-4.64% 非正
     1  EPS0=-0.2898／ROE0=-4.64% 非正
     1  EPS0=-0.2881／ROE0=-4.64% 非正
     1  EPS0=-0.1400／ROE0=-2.34% 非正
     1  EPS0=-0.1381／ROE0=-2.34% 非正
     1  EPS0=-0.1367／ROE0=-2.34% 非正
     1  EPS0=-0.1792／ROE0=-5.46% 非正
     1  EPS0=-0.1831／ROE0=-5.46% 非正
     1  EPS0=-0.1852／ROE0=-5.46% 非正
     1  EPS0=-0.0942／ROE0=-1.50% 非正
     1  EPS0=-0.0937／ROE0=-1.50% 非正
     1  EPS0=-0.0934／ROE0=-1.50% 非正
     1  EPS0=-0.0927／ROE0=-1.50% 非正
     1  EPS0=-0.0680／ROE0=-1.13% 非正
     1  EPS0=-0.0615／ROE0=-1.03% 非正
     1  EPS0=-0.0153／ROE0=-0.44% 非正
     1  EPS0=-0.3091／ROE0=-34.73% 非正
     1  EPS0=-0.2896／ROE0=-34.73% 非正
     1  EPS0=-0.1667／ROE0=-34.73% 非正
     1  EPS0=-0.1255／ROE0=-34.73% 非正
     1  EPS0=-0.0920／ROE0=-39.99% 非正
     1  EPS0=-0.0010／ROE0=-1.05% 非正
     1  EPS0=-0.0170／ROE0=-0.48% 非正
     1  EPS0=-0.0171／ROE0=-0.48% 非正
     1  EPS0=-0.0944／ROE0=-1.08% 非正
     1  EPS0=-0.0679／ROE0=-0.80% 非正
     1  EPS0=-0.1449／ROE0=-1.76% 非正
     1  EPS0=-0.1414／ROE0=-1.76% 非正
     1  EPS0=-0.3259／ROE0=-4.07% 非正
     1  EPS0=-0.3138／ROE0=-4.07% 非正
     1  EPS0=-0.3058／ROE0=-4.07% 非正
     1  EPS0=-0.2941／ROE0=-4.07% 非正
     1  EPS0=-0.6175／ROE0=-8.66% 非正
     1  EPS0=-0.5155／ROE0=-7.24% 非正
     1  EPS0=-0.2461／ROE0=-3.48% 非正
     1  EPS0=-0.0263／ROE0=-0.38% 非正
     1  EPS0=-0.3925／ROE0=-5.84% 非正
     1  EPS0=-0.3969／ROE0=-6.02% 非正
     1  EPS0=-0.3896／ROE0=-6.02% 非正
     1  EPS0=-0.1105／ROE0=-1.85% 非正
     1  EPS0=-0.1086／ROE0=-1.85% 非正
     1  EPS0=-0.1074／ROE0=-1.85% 非正
     1  EPS0=-0.3786／ROE0=-5.16% 非正
     1  EPS0=-0.3726／ROE0=-5.16% 非正
     1  EPS0=-0.3523／ROE0=-5.16% 非正
     1  EPS0=-0.3374／ROE0=-5.16% 非正
     1  EPS0=-0.2070／ROE0=-3.13% 非正
     1  EPS0=-0.2032／ROE0=-3.13% 非正
     1  EPS0=-0.1943／ROE0=-3.13% 非正
     1  EPS0=-0.1123／ROE0=-2.05% 非正
     1  EPS0=-0.1152／ROE0=-2.05% 非正
     1  EPS0=-0.1167／ROE0=-2.05% 非正
     1  EPS0=-0.1173／ROE0=-2.05% 非正
     1  EPS0=-0.1205／ROE0=-9.80% 非正
     1  EPS0=-0.1167／ROE0=-9.80% 非正
     1  EPS0=-0.2039／ROE0=-4.99% 非正
     1  EPS0=-0.2054／ROE0=-4.99% 非正
     1  EPS0=-0.2065／ROE0=-4.99% 非正
     1  EPS0=-0.0470／ROE0=-1.61% 非正
     1  EPS0=-0.0467／ROE0=-1.61% 非正
     1  EPS0=-0.0462／ROE0=-1.61% 非正
     1  EPS0=-0.1800／ROE0=-2.13% 非正
     1  EPS0=-0.1815／ROE0=-2.13% 非正
     1  EPS0=-0.1240／ROE0=-1.50% 非正
     1  EPS0=-0.2859／ROE0=-18.25% 非正
     1  EPS0=-0.2497／ROE0=-18.25% 非正
     1  EPS0=-0.2408／ROE0=-18.25% 非正
     1  EPS0=-0.2284／ROE0=-18.25% 非正
     1  EPS0=-0.0581／ROE0=-2.24% 非正
     1  EPS0=-0.0553／ROE0=-2.24% 非正
     1  EPS0=-0.0531／ROE0=-2.24% 非正
     1  EPS0=-0.0510／ROE0=-2.24% 非正
     1  EPS0=-0.2614／ROE0=-14.05% 非正
     1  EPS0=-0.2474／ROE0=-14.05% 非正
     1  EPS0=-0.2229／ROE0=-14.05% 非正
     1  EPS0=-0.2058／ROE0=-14.05% 非正
     1  EPS0=-0.4572／ROE0=-24.58% 非正
     1  EPS0=-0.4375／ROE0=-24.58% 非正
     1  EPS0=-0.4220／ROE0=-24.58% 非正
     1  EPS0=-0.4078／ROE0=-24.58% 非正
     1  EPS0=-0.3095／ROE0=-19.81% 非正
     1  EPS0=-0.2533／ROE0=-16.67% 非正
     1  EPS0=-0.1862／ROE0=-12.43% 非正
     1  EPS0=-0.0646／ROE0=-1.56% 非正
     1  EPS0=-0.0141／ROE0=-0.34% 非正
     1  EPS0=-0.1437／ROE0=-3.60% 非正
     1  EPS0=-0.1428／ROE0=-3.60% 非正
     1  EPS0=-0.1416／ROE0=-3.60% 非正
     1  EPS0=-0.1415／ROE0=-3.60% 非正
     1  EPS0=-0.2089／ROE0=-5.75% 非正
     1  EPS0=-0.2065／ROE0=-5.75% 非正
     1  EPS0=-0.2042／ROE0=-5.75% 非正
     1  EPS0=-0.6264／ROE0=-12.43% 非正
     1  EPS0=-0.5920／ROE0=-12.43% 非正
     1  EPS0=-0.5651／ROE0=-12.43% 非正
     1  EPS0=-0.5158／ROE0=-12.43% 非正
     1  EPS0=-0.6694／ROE0=-18.05% 非正
     1  EPS0=-0.6297／ROE0=-18.05% 非正
     1  EPS0=-0.5958／ROE0=-18.05% 非正
     1  EPS0=-0.1914／ROE0=-2.15% 非正
     1  EPS0=-0.1965／ROE0=-2.15% 非正
     1  EPS0=-0.1378／ROE0=-2.15% 非正
     1  EPS0=-0.4486／ROE0=-5.23% 非正
     1  EPS0=-0.4446／ROE0=-5.23% 非正
     1  EPS0=-0.4435／ROE0=-5.23% 非正
     1  EPS0=-0.3256／ROE0=-3.47% 非正
     1  EPS0=-0.3226／ROE0=-3.47% 非正
     1  EPS0=-0.2284／ROE0=-3.47% 非正
     1  EPS0=-0.2382／ROE0=-2.98% 非正
     1  EPS0=-0.2362／ROE0=-2.98% 非正
     1  EPS0=-0.2207／ROE0=-2.98% 非正
     1  EPS0=-0.2083／ROE0=-2.98% 非正
     1  EPS0=-0.6864／ROE0=-10.92% 非正
     1  EPS0=-0.6878／ROE0=-10.92% 非正
     1  EPS0=-0.6697／ROE0=-10.92% 非正
     1  EPS0=-0.2214／ROE0=-4.47% 非正
     1  EPS0=-0.2341／ROE0=-4.47% 非正
     1  EPS0=-0.2361／ROE0=-4.47% 非正
     1  EPS0=-0.2273／ROE0=-4.47% 非正
     1  EPS0=-0.2273／ROE0=-4.40% 非正
     1  EPS0=-0.2217／ROE0=-4.40% 非正
     1  EPS0=-0.2191／ROE0=-4.40% 非正
     1  EPS0=-0.1022／ROE0=-1.07% 非正
     1  EPS0=-0.1015／ROE0=-1.07% 非正
     1  EPS0=-0.0726／ROE0=-1.07% 非正
     1  EPS0=-0.0719／ROE0=-1.07% 非正
     1  EPS0=-0.1760／ROE0=-2.72% 非正
     1  EPS0=-0.1737／ROE0=-2.72% 非正
     1  EPS0=-0.1725／ROE0=-2.72% 非正
     1  EPS0=-0.0364／ROE0=-1.20% 非正
     1  EPS0=-0.0361／ROE0=-1.20% 非正
     1  EPS0=-0.0366／ROE0=-1.20% 非正
     1  EPS0=-0.0566／ROE0=-2.25% 非正
     1  EPS0=-0.0537／ROE0=-2.25% 非正
     1  EPS0=-0.0494／ROE0=-2.25% 非正
     1  EPS0=-0.2665／ROE0=-3.88% 非正
     1  EPS0=-0.2623／ROE0=-3.88% 非正
     1  EPS0=-0.2554／ROE0=-3.88% 非正
     1  EPS0=-0.2488／ROE0=-3.88% 非正
     1  EPS0=-0.6069／ROE0=-10.16% 非正
     1  EPS0=-0.5915／ROE0=-10.16% 非正
     1  EPS0=-0.5811／ROE0=-10.16% 非正
     1  EPS0=-0.5647／ROE0=-10.16% 非正
     1  EPS0=-0.4729／ROE0=-8.73% 非正
     1  EPS0=-0.4009／ROE0=-7.55% 非正
     1  EPS0=-0.5109／ROE0=-9.91% 非正
     1  EPS0=-0.3019／ROE0=-6.75% 非正
     1  EPS0=-0.2964／ROE0=-6.75% 非正
     1  EPS0=-0.2918／ROE0=-6.75% 非正
     1  EPS0=-0.2823／ROE0=-6.75% 非正
     1  EPS0=-0.4630／ROE0=-12.01% 非正
     1  EPS0=-0.4479／ROE0=-12.01% 非正
     1  EPS0=-0.4288／ROE0=-12.01% 非正
     1  EPS0=-0.1128／ROE0=-15.67% 非正
     1  EPS0=-0.0876／ROE0=-15.67% 非正
     1  EPS0=-0.1482／ROE0=-26.95% 非正
     1  EPS0=-0.6690／ROE0=-9.46% 非正
     1  EPS0=-0.6692／ROE0=-9.46% 非正
     1  EPS0=-0.6749／ROE0=-9.46% 非正
     1  EPS0=-0.6600／ROE0=-9.46% 非正
     1  EPS0=-0.4379／ROE0=-3.04% 非正
     1  EPS0=-0.4295／ROE0=-3.04% 非正
     1  EPS0=-0.4235／ROE0=-3.04% 非正
     1  EPS0=-0.4158／ROE0=-3.04% 非正
     1  EPS0=-0.8773／ROE0=-6.81% 非正
     1  EPS0=-0.8621／ROE0=-6.81% 非正
     1  EPS0=-0.8424／ROE0=-6.81% 非正
     1  EPS0=-0.1588／ROE0=-2.73% 非正
     1  EPS0=-0.1582／ROE0=-2.73% 非正
     1  EPS0=-0.1578／ROE0=-2.73% 非正
     1  EPS0=-0.1826／ROE0=-7.34% 非正
     1  EPS0=-0.1787／ROE0=-7.34% 非正
     1  EPS0=-0.1773／ROE0=-7.34% 非正
     1  EPS0=-0.4595／ROE0=-4.35% 非正
     1  EPS0=-0.4497／ROE0=-4.35% 非正
     1  EPS0=-0.4418／ROE0=-4.35% 非正
     1  EPS0=-0.4335／ROE0=-4.35% 非正
     1  EPS0=-0.6437／ROE0=-6.73% 非正
     1  EPS0=-0.6222／ROE0=-6.73% 非正
     1  EPS0=-0.6104／ROE0=-6.73% 非正
     1  EPS0=-0.6820／ROE0=-14.34% 非正
     1  EPS0=-0.6737／ROE0=-14.34% 非正
     1  EPS0=-0.6759／ROE0=-14.34% 非正
     1  EPS0=-0.6809／ROE0=-14.34% 非正
     1  EPS0=-0.1479／ROE0=-2.84% 非正
     1  EPS0=-0.6679／ROE0=-4.12% 非正
     1  EPS0=-0.6414／ROE0=-4.12% 非正
     1  EPS0=-0.6189／ROE0=-4.12% 非正
     1  EPS0=-0.5968／ROE0=-4.12% 非正
     1  EPS0=-2.0598／ROE0=-17.93% 非正
     1  EPS0=-2.0320／ROE0=-17.93% 非正
     1  EPS0=-1.9931／ROE0=-17.93% 非正
     1  EPS0=-1.9741／ROE0=-17.93% 非正
     1  EPS0=-1.5653／ROE0=-16.65% 非正
     1  EPS0=-1.5573／ROE0=-16.65% 非正
     1  EPS0=-1.0553／ROE0=-16.65% 非正
     1  EPS0=-0.0881／ROE0=-1.12% 非正
     1  EPS0=-0.0866／ROE0=-1.12% 非正
     1  EPS0=-0.0883／ROE0=-1.12% 非正
     1  EPS0=-0.4683／ROE0=-10.96% 非正
     1  EPS0=-0.4746／ROE0=-10.96% 非正
     1  EPS0=-0.4586／ROE0=-10.96% 非正
     1  EPS0=-0.4534／ROE0=-10.96% 非正
     1  EPS0=-0.5780／ROE0=-17.68% 非正
     1  EPS0=-0.5517／ROE0=-17.68% 非正
     1  EPS0=-0.5217／ROE0=-17.68% 非正
     1  EPS0=-0.1736／ROE0=-2.74% 非正
     1  EPS0=-0.1744／ROE0=-2.74% 非正
     1  EPS0=-0.1645／ROE0=-2.74% 非正
     1  EPS0=-0.3870／ROE0=-2.34% 非正
     1  EPS0=-0.3869／ROE0=-2.34% 非正
     1  EPS0=-0.3854／ROE0=-2.34% 非正
     1  EPS0=-0.3845／ROE0=-2.34% 非正
     1  EPS0=-0.2253／ROE0=-4.32% 非正
     1  EPS0=-0.2305／ROE0=-4.32% 非正
     1  EPS0=-0.2322／ROE0=-4.32% 非正
     1  EPS0=-0.2360／ROE0=-4.32% 非正
     1  EPS0=-0.2007／ROE0=-4.29% 非正
     1  EPS0=-0.2033／ROE0=-4.29% 非正
     1  EPS0=-0.1947／ROE0=-4.29% 非正
     1  EPS0=-0.0150／ROE0=-0.42% 非正
     1  EPS0=-0.0142／ROE0=-0.42% 非正
     1  EPS0=-0.0137／ROE0=-0.42% 非正
     1  EPS0=-0.2734／ROE0=-9.59% 非正
     1  EPS0=-0.2747／ROE0=-9.59% 非正
     1  EPS0=-0.2584／ROE0=-9.59% 非正
     1  EPS0=-1.1667／ROE0=-20.77% 非正
     1  EPS0=-1.1722／ROE0=-22.05% 非正
     1  EPS0=-1.1669／ROE0=-22.05% 非正
     1  EPS0=-0.0551／ROE0=-0.89% 非正
     1  EPS0=-0.0546／ROE0=-0.89% 非正
     1  EPS0=-0.0539／ROE0=-0.89% 非正
     1  EPS0=-0.8004／ROE0=-13.06% 非正
     1  EPS0=-0.8493／ROE0=-13.06% 非正
     1  EPS0=-0.3688／ROE0=-8.13% 非正
     1  EPS0=-0.3627／ROE0=-8.13% 非正
     1  EPS0=-0.3738／ROE0=-8.13% 非正
     1  EPS0=-0.3729／ROE0=-8.13% 非正
     1  EPS0=-0.3824／ROE0=-4.75% 非正
     1  EPS0=-0.3723／ROE0=-4.75% 非正
     1  EPS0=-0.3618／ROE0=-4.75% 非正
     1  EPS0=-0.3503／ROE0=-4.75% 非正
     1  EPS0=-0.0232／ROE0=-0.29% 非正
     1  EPS0=-0.0229／ROE0=-0.29% 非正
     1  EPS0=-0.0226／ROE0=-0.29% 非正
     1  EPS0=-0.0222／ROE0=-0.29% 非正
     1  EPS0=-0.5786／ROE0=-7.97% 非正
     1  EPS0=-0.5540／ROE0=-7.97% 非正
     1  EPS0=-0.5285／ROE0=-7.97% 非正
     1  EPS0=-0.5039／ROE0=-7.97% 非正
     1  EPS0=-0.8348／ROE0=-14.45% 非正
     1  EPS0=-0.8076／ROE0=-14.45% 非正
     1  EPS0=-0.7786／ROE0=-14.45% 非正
     1  EPS0=-0.4410／ROE0=-8.22% 非正
     1  EPS0=-0.5236／ROE0=-8.22% 非正
     1  EPS0=-0.1024／ROE0=-1.28% 非正
     1  EPS0=-0.1016／ROE0=-1.28% 非正
     1  EPS0=-0.0999／ROE0=-1.28% 非正
     1  EPS0=-0.2402／ROE0=-3.48% 非正
     1  EPS0=-0.2367／ROE0=-3.48% 非正
     1  EPS0=-0.2342／ROE0=-3.48% 非正
     1  EPS0=-0.1315／ROE0=-1.55% 非正
     1  EPS0=-0.1285／ROE0=-1.55% 非正
     1  EPS0=-0.1232／ROE0=-1.55% 非正
     1  EPS0=-0.1159／ROE0=-1.55% 非正
     1  EPS0=-0.5714／ROE0=-7.96% 非正
     1  EPS0=-0.5574／ROE0=-7.96% 非正
     1  EPS0=-0.5830／ROE0=-7.96% 非正
     1  EPS0=-0.1807／ROE0=-19.64% 非正
     1  EPS0=-0.0788／ROE0=-4.19% 非正
     1  EPS0=-0.0804／ROE0=-4.19% 非正
     1  EPS0=-0.1472／ROE0=-9.56% 非正
     1  EPS0=-0.1645／ROE0=-9.56% 非正
     1  EPS0=-0.3407／ROE0=-5.96% 非正
     1  EPS0=-0.3351／ROE0=-5.96% 非正
     1  EPS0=-0.3300／ROE0=-5.96% 非正
     1  EPS0=-0.1296／ROE0=-1.30% 非正
     1  EPS0=-0.2509／ROE0=-1.53% 非正
     1  EPS0=-0.2497／ROE0=-1.53% 非正
     1  EPS0=-0.2320／ROE0=-1.53% 非正
     1  EPS0=-0.0867／ROE0=-0.85% 非正
     1  EPS0=-0.0868／ROE0=-0.85% 非正
     1  EPS0=-0.0860／ROE0=-0.85% 非正
     1  EPS0=-0.0628／ROE0=-0.64% 非正
     1  EPS0=-0.0616／ROE0=-0.64% 非正
     1  EPS0=-0.0425／ROE0=-0.64% 非正
     1  EPS0=-0.3063／ROE0=-4.21% 非正
     1  EPS0=-0.3075／ROE0=-4.21% 非正
     1  EPS0=-0.3078／ROE0=-4.21% 非正
     1  EPS0=-0.3300／ROE0=-2.07% 非正
     1  EPS0=-0.3221／ROE0=-2.07% 非正
     1  EPS0=-0.3162／ROE0=-2.07% 非正
     1  EPS0=-0.3010／ROE0=-2.07% 非正
     1  EPS0=-1.3948／ROE0=-12.16% 非正
     1  EPS0=-1.3548／ROE0=-12.16% 非正
     1  EPS0=-1.3352／ROE0=-12.16% 非正
     1  EPS0=-1.3070／ROE0=-12.16% 非正
     1  EPS0=-1.5663／ROE0=-15.51% 非正
     1  EPS0=-0.8492／ROE0=-8.35% 非正
     1  EPS0=-0.4268／ROE0=-4.17% 非正
     1  EPS0=-0.7149／ROE0=-8.37% 非正
     1  EPS0=-0.6828／ROE0=-8.37% 非正
     1  EPS0=-0.6494／ROE0=-8.37% 非正
     1  EPS0=-0.6335／ROE0=-8.37% 非正
     1  EPS0=-0.1615／ROE0=-0.70% 非正
     1  EPS0=-0.1609／ROE0=-0.70% 非正
     1  EPS0=-0.1564／ROE0=-0.70% 非正
     1  EPS0=-0.5104／ROE0=-7.51% 非正
     1  EPS0=-0.4875／ROE0=-7.51% 非正
     1  EPS0=-0.4707／ROE0=-7.51% 非正
     1  EPS0=-0.4540／ROE0=-7.51% 非正
     1  EPS0=-0.4455／ROE0=-7.13% 非正
     1  EPS0=-0.3269／ROE0=-5.43% 非正
     1  EPS0=-0.2084／ROE0=-3.55% 非正
     1  EPS0=-0.0212／ROE0=-0.19% 非正
     1  EPS0=-0.0213／ROE0=-0.19% 非正
     1  EPS0=-0.7674／ROE0=-10.55% 非正
     1  EPS0=-0.7281／ROE0=-10.55% 非正
     1  EPS0=-0.6868／ROE0=-10.55% 非正
     1  EPS0=-0.3956／ROE0=-6.59% 非正
     1  EPS0=-0.3911／ROE0=-6.59% 非正
     1  EPS0=-0.3805／ROE0=-6.59% 非正
     1  EPS0=-0.3733／ROE0=-6.59% 非正
     1  EPS0=-0.4670／ROE0=-9.15% 非正
     1  EPS0=-0.4636／ROE0=-9.15% 非正
     1  EPS0=-0.1727／ROE0=-3.39% 非正
     1  EPS0=-0.1498／ROE0=-1.53% 非正
     1  EPS0=-0.1476／ROE0=-1.53% 非正
     1  EPS0=-0.1468／ROE0=-1.53% 非正
     1  EPS0=-0.8712／ROE0=-6.06% 非正
     1  EPS0=-0.8721／ROE0=-6.06% 非正
     1  EPS0=-0.8772／ROE0=-6.06% 非正
     1  EPS0=-0.2745／ROE0=-2.20% 非正
     1  EPS0=-0.2689／ROE0=-2.20% 非正
     1  EPS0=-0.1876／ROE0=-2.20% 非正
     1  EPS0=-0.0679／ROE0=-1.46% 非正
     1  EPS0=-0.0667／ROE0=-1.46% 非正
     1  EPS0=-0.0647／ROE0=-1.46% 非正
     1  EPS0=-0.0586／ROE0=-0.80% 非正
     1  EPS0=-0.0578／ROE0=-0.80% 非正
     1  EPS0=-0.0573／ROE0=-0.80% 非正
     1  EPS0=-0.4853／ROE0=-18.10% 非正
     1  EPS0=-0.4767／ROE0=-4.00% 非正
     1  EPS0=-0.6310／ROE0=-5.66% 非正
     1  EPS0=-0.6168／ROE0=-5.66% 非正
     1  EPS0=-0.6009／ROE0=-5.66% 非正
     1  EPS0=-0.5810／ROE0=-5.66% 非正
     1  EPS0=-1.2856／ROE0=-13.52% 非正
     1  EPS0=-1.2406／ROE0=-13.20% 非正
     1  EPS0=-1.2316／ROE0=-13.52% 非正
     1  EPS0=-0.3230／ROE0=-2.68% 非正
     1  EPS0=-0.3167／ROE0=-2.68% 非正
     1  EPS0=-0.3038／ROE0=-2.68% 非正
     1  EPS0=-0.2893／ROE0=-2.68% 非正
     1  EPS0=-1.0565／ROE0=-10.13% 非正
     1  EPS0=-1.0099／ROE0=-10.13% 非正
     1  EPS0=-0.9879／ROE0=-10.13% 非正
     1  EPS0=-0.3090／ROE0=-3.75% 非正
     1  EPS0=-0.0034／ROE0=-0.05% 非正
     1  EPS0=-0.4609／ROE0=-5.96% 非正
     1  EPS0=-0.4481／ROE0=-5.96% 非正
     1  EPS0=-0.4343／ROE0=-5.96% 非正
     1  EPS0=-0.4061／ROE0=-5.96% 非正
     1  EPS0=-0.7114／ROE0=-11.02% 非正
     1  EPS0=-0.6850／ROE0=-11.02% 非正
     1  EPS0=-0.6301／ROE0=-11.02% 非正
     1  EPS0=-0.2327／ROE0=-4.16% 非正
     1  EPS0=-0.2245／ROE0=-4.16% 非正
     1  EPS0=-0.2127／ROE0=-4.16% 非正
     1  EPS0=-0.2395／ROE0=-4.16% 非正
     1  EPS0=-0.2039／ROE0=-4.10% 非正
     1  EPS0=-0.1730／ROE0=-3.46% 非正
     1  EPS0=-0.1048／ROE0=-2.06% 非正
     1  EPS0=-0.2207／ROE0=-9.81% 非正
     1  EPS0=-0.2214／ROE0=-9.81% 非正
     1  EPS0=-0.3188／ROE0=-2.51% 非正
     1  EPS0=-0.3081／ROE0=-2.51% 非正
     1  EPS0=-0.3021／ROE0=-2.51% 非正
     1  EPS0=-0.0409／ROE0=-1.11% 非正
     1  EPS0=-0.0220／ROE0=-2.02% 非正
     1  EPS0=-0.0205／ROE0=-2.02% 非正
     1  EPS0=-0.7508／ROE0=-16.45% 非正
     1  EPS0=-3.1156／ROE0=-83.27% 非正
     1  EPS0=-2.1711／ROE0=-83.27% 非正
     1  EPS0=-0.8312／ROE0=-39.41% 非正
     1  EPS0=-0.2373／ROE0=-12.04% 非正
     1  EPS0=-1.3676／ROE0=-118.44% 非正
     1  EPS0=-0.8033／ROE0=-75.71% 非正
     1  EPS0=-0.2381／ROE0=-3.28% 非正
     1  EPS0=-0.2387／ROE0=-3.28% 非正
     1  EPS0=-0.0881／ROE0=-1.20% 非正
     1  EPS0=-0.1974／ROE0=-7.04% 非正
     1  EPS0=-0.0426／ROE0=-1.09% 非正
     1  EPS0=-0.0437／ROE0=-1.09% 非正
     1  EPS0=-0.0433／ROE0=-1.09% 非正
     1  EPS0=-0.1844／ROE0=-5.07% 非正
     1  EPS0=-0.1807／ROE0=-5.07% 非正
     1  EPS0=-0.1727／ROE0=-5.07% 非正
     1  EPS0=-0.1691／ROE0=-5.07% 非正
     1  EPS0=-0.3157／ROE0=-10.67% 非正
     1  EPS0=-0.3356／ROE0=-10.67% 非正
     1  EPS0=-0.0986／ROE0=-4.59% 非正
     1  EPS0=-0.0993／ROE0=-4.59% 非正
     1  EPS0=-0.1001／ROE0=-4.59% 非正
     1  EPS0=-0.1611／ROE0=-8.20% 非正
     1  EPS0=-0.1620／ROE0=-8.20% 非正
     1  EPS0=-0.1063／ROE0=-1.78% 非正
     1  EPS0=-0.1068／ROE0=-1.78% 非正
     1  EPS0=-0.0238／ROE0=-1.30% 非正
     1  EPS0=-0.0242／ROE0=-1.30% 非正
     1  EPS0=-0.0250／ROE0=-1.30% 非正
     1  EPS0=-0.0258／ROE0=-1.30% 非正
     1  EPS0=-0.1234／ROE0=-5.41% 非正
     1  EPS0=-0.1160／ROE0=-5.41% 非正
     1  EPS0=-0.1129／ROE0=-5.41% 非正
     1  EPS0=-0.1285／ROE0=-5.41% 非正
     1  EPS0=-0.1113／ROE0=-2.46% 非正
     1  EPS0=-0.1043／ROE0=-2.46% 非正
     1  EPS0=-0.1031／ROE0=-2.46% 非正
     1  EPS0=-0.0880／ROE0=-2.46% 非正
     1  EPS0=-0.3360／ROE0=-8.42% 非正
     1  EPS0=-0.3125／ROE0=-8.42% 非正
     1  EPS0=-0.2761／ROE0=-8.42% 非正
     1  EPS0=-0.2442／ROE0=-8.42% 非正
     1  EPS0=-0.7457／ROE0=-32.91% 非正
     1  EPS0=-0.7094／ROE0=-32.91% 非正
     1  EPS0=-0.6907／ROE0=-32.91% 非正
     1  EPS0=-0.3576／ROE0=-15.27% 非正
     1  EPS0=-0.0905／ROE0=-4.72% 非正
     1  EPS0=-0.0886／ROE0=-4.72% 非正
     1  EPS0=-0.0866／ROE0=-4.72% 非正
     1  EPS0=-0.0497／ROE0=-2.44% 非正
     1  EPS0=-0.0622／ROE0=-3.56% 非正
     1  EPS0=-0.1003／ROE0=-3.42% 非正
     1  EPS0=-0.0983／ROE0=-3.42% 非正
     1  EPS0=-0.0969／ROE0=-3.42% 非正
     1  EPS0=-0.0840／ROE0=-3.42% 非正
     1  EPS0=-0.2332／ROE0=-9.68% 非正
     1  EPS0=-0.1723／ROE0=-9.68% 非正
     1  EPS0=-0.1548／ROE0=-9.68% 非正
     1  EPS0=-0.1510／ROE0=-9.68% 非正
     1  EPS0=-0.1567／ROE0=-10.50% 非正
     1  EPS0=-0.1559／ROE0=-10.50% 非正
     1  EPS0=-0.1041／ROE0=-5.08% 非正
     1  EPS0=-0.1635／ROE0=-8.18% 非正
     1  EPS0=-0.0307／ROE0=-1.19% 非正
     1  EPS0=-0.0304／ROE0=-1.19% 非正
     1  EPS0=-0.0305／ROE0=-1.19% 非正
     1  EPS0=-0.0389／ROE0=-38.94% 非正
     1  EPS0=-0.0122／ROE0=-38.94% 非正
     1  EPS0=-0.2158／ROE0=-3.56% 非正
     1  EPS0=-0.2131／ROE0=-3.56% 非正
     1  EPS0=-0.2119／ROE0=-3.56% 非正
     1  EPS0=-0.2117／ROE0=-3.56% 非正
     1  EPS0=-0.4828／ROE0=-9.25% 非正
     1  EPS0=-0.4755／ROE0=-9.25% 非正
     1  EPS0=-0.4639／ROE0=-9.25% 非正
     1  EPS0=-0.0522／ROE0=-2.35% 非正
     1  EPS0=-0.0511／ROE0=-2.35% 非正
     1  EPS0=-0.0567／ROE0=-2.35% 非正
     1  EPS0=-0.0258／ROE0=-0.46% 非正
     1  EPS0=-0.4189／ROE0=-17.34% 非正
     1  EPS0=-0.9189／ROE0=-19.81% 非正
     1  EPS0=-0.9488／ROE0=-19.81% 非正
     1  EPS0=-0.9397／ROE0=-19.81% 非正
     1  EPS0=-0.9244／ROE0=-19.81% 非正
     1  EPS0=-0.3871／ROE0=-15.03% 非正
     1  EPS0=-0.3755／ROE0=-15.03% 非正
     1  EPS0=-0.3648／ROE0=-15.03% 非正
     1  EPS0=-0.3489／ROE0=-15.03% 非正
     1  EPS0=-0.4667／ROE0=-29.55% 非正
     1  EPS0=-0.4648／ROE0=-29.55% 非正
     1  EPS0=-0.4332／ROE0=-29.55% 非正
     1  EPS0=-0.4138／ROE0=-29.55% 非正
     1  EPS0=-0.3904／ROE0=-53.43% 非正
     1  EPS0=-0.3413／ROE0=-53.43% 非正
     1  EPS0=-0.2703／ROE0=-53.43% 非正
     1  EPS0=-0.2361／ROE0=-53.43% 非正
     1  EPS0=-0.0178／ROE0=-3.47% 非正
     1  EPS0=-0.0151／ROE0=-3.47% 非正
     1  EPS0=-0.0134／ROE0=-3.47% 非正
     1  EPS0=-0.0143／ROE0=-3.47% 非正
     1  EPS0=-0.0131／ROE0=-3.47% 非正
     1  EPS0=-0.0114／ROE0=-3.47% 非正
     1  EPS0=-0.0101／ROE0=-3.47% 非正
     1  EPS0=-0.0336／ROE0=-22.98% 非正
     1  EPS0=-0.0482／ROE0=-22.98% 非正
     1  EPS0=-0.0378／ROE0=-22.98% 非正
     1  EPS0=-0.0448／ROE0=-22.98% 非正
     1  EPS0=-0.0043／ROE0=-1.89% 非正
     1  EPS0=-0.0025／ROE0=-1.17% 非正
     1  EPS0=-0.0568／ROE0=-15.55% 非正
     1  EPS0=-0.0738／ROE0=-1.58% 非正
     1  EPS0=-0.0749／ROE0=-1.58% 非正
     1  EPS0=-0.1647／ROE0=-16.00% 非正
     1  EPS0=-0.1676／ROE0=-16.00% 非正
     1  EPS0=-0.0572／ROE0=-2.59% 非正
     1  EPS0=-0.0561／ROE0=-2.59% 非正
     1  EPS0=-0.0549／ROE0=-2.59% 非正
     1  EPS0=-0.0531／ROE0=-2.59% 非正
     1  EPS0=-0.3069／ROE0=-28.80% 非正
     1  EPS0=-0.2889／ROE0=-28.80% 非正
     1  EPS0=-0.2799／ROE0=-28.80% 非正
     1  EPS0=-0.2510／ROE0=-28.80% 非正
     1  EPS0=-0.0257／ROE0=-1.03% 非正
     1  EPS0=-0.0249／ROE0=-1.03% 非正
     1  EPS0=-0.1555／ROE0=-7.50% 非正
     1  EPS0=-0.1545／ROE0=-7.50% 非正
     1  EPS0=-0.1537／ROE0=-7.50% 非正
     1  EPS0=-0.1503／ROE0=-7.50% 非正
     1  EPS0=-0.0764／ROE0=-4.65% 非正
     1  EPS0=-0.0754／ROE0=-4.65% 非正
     1  EPS0=-0.0727／ROE0=-4.65% 非正
     1  EPS0=-0.0694／ROE0=-4.65% 非正
     1  EPS0=-0.1330／ROE0=-5.58% 非正
     1  EPS0=-0.1302／ROE0=-5.58% 非正
     1  EPS0=-0.1266／ROE0=-5.58% 非正
     1  EPS0=-0.1240／ROE0=-5.58% 非正
     1  EPS0=-0.6200／ROE0=-11.95% 非正
     1  EPS0=-0.6044／ROE0=-11.95% 非正
     1  EPS0=-0.5787／ROE0=-11.95% 非正
     1  EPS0=-0.0546／ROE0=-2.56% 非正
     1  EPS0=-0.0547／ROE0=-2.56% 非正
     1  EPS0=-0.0548／ROE0=-2.56% 非正
     1  EPS0=-0.0549／ROE0=-2.56% 非正
     1  EPS0=-0.0395／ROE0=-2.93% 非正
     1  EPS0=-0.0385／ROE0=-2.93% 非正
     1  EPS0=-0.1832／ROE0=-32.03% 非正
     1  EPS0=-0.1932／ROE0=-32.03% 非正
     1  EPS0=-0.1855／ROE0=-32.03% 非正
     1  EPS0=-0.1698／ROE0=-32.03% 非正
     1  EPS0=-0.4018／ROE0=-16.17% 非正
     1  EPS0=-0.3895／ROE0=-16.17% 非正
     1  EPS0=-0.3913／ROE0=-16.17% 非正
     1  EPS0=-0.3304／ROE0=-16.17% 非正
     1  EPS0=-0.3790／ROE0=-33.25% 非正
     1  EPS0=-0.3608／ROE0=-33.25% 非正
     1  EPS0=-0.3469／ROE0=-33.25% 非正
     1  EPS0=-0.3299／ROE0=-33.25% 非正
     1  EPS0=-0.1304／ROE0=-46.58% 非正
     1  EPS0=-0.1291／ROE0=-46.58% 非正
     1  EPS0=-0.1233／ROE0=-46.58% 非正
     1  EPS0=-0.1112／ROE0=-46.58% 非正
     1  EPS0=-0.0544／ROE0=-28.04% 非正
     1  EPS0=-0.0435／ROE0=-23.72% 非正
     1  EPS0=-0.0346／ROE0=-20.58% 非正
     1  EPS0=-0.0480／ROE0=-35.43% 非正
     1  EPS0=-0.0421／ROE0=-35.43% 非正
     1  EPS0=-0.0368／ROE0=-35.43% 非正
     1  EPS0=-0.0322／ROE0=-35.43% 非正
     1  EPS0=-0.0801／ROE0=-35.43% 非正
     1  EPS0=-0.0363／ROE0=-1.04% 非正
     1  EPS0=-0.0360／ROE0=-1.04% 非正
     1  EPS0=-0.0356／ROE0=-1.04% 非正
     1  EPS0=-0.0352／ROE0=-1.04% 非正
     1  EPS0=-0.1579／ROE0=-4.89% 非正
     1  EPS0=-0.1567／ROE0=-4.89% 非正
     1  EPS0=-0.1548／ROE0=-4.89% 非正
     1  EPS0=-0.1534／ROE0=-4.89% 非正
     1  EPS0=-0.1200／ROE0=-4.03% 非正
     1  EPS0=-0.1186／ROE0=-4.03% 非正
     1  EPS0=-0.1160／ROE0=-4.03% 非正
     1  EPS0=-0.1143／ROE0=-4.03% 非正
     1  EPS0=-0.2189／ROE0=-8.15% 非正
     1  EPS0=-0.2157／ROE0=-8.15% 非正
     1  EPS0=-0.2106／ROE0=-8.15% 非正
     1  EPS0=-0.0378／ROE0=-1.57% 非正
     1  EPS0=-0.0372／ROE0=-1.57% 非正
     1  EPS0=-0.0362／ROE0=-1.57% 非正
     1  EPS0=-0.0448／ROE0=-0.69% 非正
     1  EPS0=-0.0457／ROE0=-0.69% 非正
     1  EPS0=-0.0465／ROE0=-0.69% 非正
     1  EPS0=-0.0487／ROE0=-0.69% 非正
     1  EPS0=-0.1136／ROE0=-3.38% 非正
     1  EPS0=-0.1128／ROE0=-3.38% 非正
     1  EPS0=-0.0849／ROE0=-3.38% 非正
     1  EPS0=-0.0818／ROE0=-3.38% 非正
     1  EPS0=-0.1409／ROE0=-6.14% 非正
     1  EPS0=-0.1376／ROE0=-6.14% 非正
     1  EPS0=-0.1338／ROE0=-6.14% 非正
     1  EPS0=-0.1298／ROE0=-6.14% 非正
     1  EPS0=-0.1677／ROE0=-7.38% 非正
     1  EPS0=-0.1635／ROE0=-7.38% 非正
     1  EPS0=-0.1592／ROE0=-7.38% 非正
     1  EPS0=-0.1564／ROE0=-7.38% 非正
     1  EPS0=-0.0363／ROE0=-2.94% 非正
     1  EPS0=-0.0348／ROE0=-2.94% 非正
     1  EPS0=-0.0354／ROE0=-2.94% 非正
     1  EPS0=-0.0355／ROE0=-2.94% 非正
     1  EPS0=-0.4783／ROE0=-20.52% 非正
     1  EPS0=-0.2359／ROE0=-10.03% 非正
     1  EPS0=-0.2550／ROE0=-10.03% 非正
     1  EPS0=-0.0166／ROE0=-0.64% 非正
     1  EPS0=-0.0161／ROE0=-0.64% 非正
     1  EPS0=-0.0303／ROE0=-1.15% 非正
     1  EPS0=-0.0301／ROE0=-1.15% 非正
     1  EPS0=-0.0298／ROE0=-1.15% 非正
     1  EPS0=-0.0181／ROE0=-30.20% 非正
     1  EPS0=-0.0055／ROE0=-8.34% 非正
     1  EPS0=-0.0205／ROE0=-30.20% 非正
     1  EPS0=-0.1520／ROE0=-20.82% 非正
     1  EPS0=-0.1260／ROE0=-20.82% 非正
     1  EPS0=-0.1009／ROE0=-20.82% 非正
     1  EPS0=-0.0764／ROE0=-20.82% 非正
     1  EPS0=-0.2208／ROE0=-19.40% 非正
     1  EPS0=-0.2228／ROE0=-19.40% 非正
     1  EPS0=-0.2219／ROE0=-19.40% 非正
     1  EPS0=-0.2221／ROE0=-19.40% 非正
     1  EPS0=-0.0230／ROE0=-2.04% 非正
     1  EPS0=-0.0167／ROE0=-1.47% 非正
     1  EPS0=-0.0106／ROE0=-0.93% 非正
     1  EPS0=-0.2045／ROE0=-23.06% 非正
     1  EPS0=-0.2047／ROE0=-23.06% 非正
     1  EPS0=-0.2050／ROE0=-23.06% 非正
     1  EPS0=-0.2052／ROE0=-23.06% 非正
     1  EPS0=-0.0799／ROE0=-5.44% 非正
     1  EPS0=-0.0755／ROE0=-5.44% 非正
     1  EPS0=-0.0694／ROE0=-5.44% 非正
     1  EPS0=-0.0646／ROE0=-5.44% 非正
     1  EPS0=-0.0569／ROE0=-1.85% 非正
     1  EPS0=-0.0583／ROE0=-1.85% 非正
     1  EPS0=-0.0592／ROE0=-1.85% 非正
     1  EPS0=-0.0601／ROE0=-1.85% 非正
     1  EPS0=-0.2116／ROE0=-4.31% 非正
     1  EPS0=-0.2076／ROE0=-4.31% 非正
     1  EPS0=-0.2047／ROE0=-4.31% 非正
     1  EPS0=-0.2036／ROE0=-4.31% 非正
     1  EPS0=-0.6925／ROE0=-33.95% 非正
     1  EPS0=-0.6862／ROE0=-33.95% 非正
     1  EPS0=-0.6696／ROE0=-33.95% 非正
     1  EPS0=-0.6541／ROE0=-33.95% 非正
     1  EPS0=-0.0415／ROE0=-3.11% 非正
     1  EPS0=-0.0384／ROE0=-3.11% 非正
     1  EPS0=-0.0342／ROE0=-3.11% 非正
     1  EPS0=-0.0312／ROE0=-3.11% 非正
     1  EPS0=-0.1105／ROE0=-12.95% 非正
     1  EPS0=-0.1008／ROE0=-12.95% 非正
     1  EPS0=-0.0805／ROE0=-12.95% 非正
     1  EPS0=-0.0596／ROE0=-12.95% 非正
     1  EPS0=-0.0175／ROE0=-0.72% 非正
     1  EPS0=-0.0174／ROE0=-0.72% 非正
     1  EPS0=-0.0170／ROE0=-0.72% 非正
     1  EPS0=-0.0168／ROE0=-0.72% 非正
     1  EPS0=-0.2836／ROE0=-42.33% 非正
     1  EPS0=-0.2789／ROE0=-42.33% 非正
     1  EPS0=-0.0610／ROE0=-4.84% 非正
     1  EPS0=-0.0611／ROE0=-4.84% 非正
     1  EPS0=-0.1094／ROE0=-4.01% 非正
     1  EPS0=-0.1068／ROE0=-4.01% 非正
     1  EPS0=-0.0959／ROE0=-4.01% 非正
     1  EPS0=-0.0980／ROE0=-4.01% 非正
     1  EPS0=-0.2632／ROE0=-6.43% 非正
     1  EPS0=-0.2633／ROE0=-6.43% 非正
     1  EPS0=-0.2641／ROE0=-6.43% 非正
     1  EPS0=-0.2703／ROE0=-6.43% 非正
     1  EPS0=-0.0724／ROE0=-3.52% 非正
     1  EPS0=-0.0766／ROE0=-3.52% 非正
     1  EPS0=-0.5258／ROE0=-10.74% 非正
     1  EPS0=-0.5286／ROE0=-10.74% 非正
     1  EPS0=-0.5291／ROE0=-10.74% 非正
     1  EPS0=-0.5299／ROE0=-10.74% 非正
     1  EPS0=-0.2517／ROE0=-5.63% 非正
     1  EPS0=-0.1976／ROE0=-5.63% 非正
     1  EPS0=-0.2015／ROE0=-5.63% 非正
     1  EPS0=-0.2066／ROE0=-5.63% 非正
     1  EPS0=-0.4561／ROE0=-13.09% 非正
     1  EPS0=-0.3207／ROE0=-13.09% 非正
     1  EPS0=-0.3378／ROE0=-13.09% 非正
     1  EPS0=-0.3783／ROE0=-13.09% 非正
     1  EPS0=-0.0609／ROE0=-3.41% 非正
     1  EPS0=-0.0613／ROE0=-3.41% 非正
     1  EPS0=-0.0617／ROE0=-3.41% 非正
     1  EPS0=-0.0615／ROE0=-3.41% 非正
     1  EPS0=-0.0842／ROE0=-4.37% 非正
     1  EPS0=-0.0883／ROE0=-4.37% 非正
     1  EPS0=-0.0885／ROE0=-4.37% 非正
     1  EPS0=-0.0890／ROE0=-4.37% 非正
     1  EPS0=-0.2914／ROE0=-22.59% 非正
     1  EPS0=-0.2920／ROE0=-22.59% 非正
     1  EPS0=-0.2690／ROE0=-22.59% 非正
     1  EPS0=-0.2934／ROE0=-22.59% 非正
     1  EPS0=-0.1170／ROE0=-5.69% 非正
     1  EPS0=-0.1180／ROE0=-5.69% 非正
     1  EPS0=-0.1182／ROE0=-5.69% 非正
     1  EPS0=-0.1185／ROE0=-5.69% 非正
     1  EPS0=-0.0740／ROE0=-4.88% 非正
     1  EPS0=-0.0743／ROE0=-4.88% 非正
     1  EPS0=-0.0755／ROE0=-4.88% 非正
     1  EPS0=-0.0516／ROE0=-4.88% 非正
     1  EPS0=-0.2620／ROE0=-16.07% 非正
     1  EPS0=-0.2476／ROE0=-16.07% 非正
     1  EPS0=-0.2491／ROE0=-16.07% 非正
     1  EPS0=-0.1043／ROE0=-4.58% 非正
     1  EPS0=-0.1358／ROE0=-21.76% 非正
     1  EPS0=-0.1140／ROE0=-21.76% 非正
     1  EPS0=-0.1384／ROE0=-21.76% 非正
     1  EPS0=-0.1817／ROE0=-21.76% 非正
     1  EPS0=-0.1181／ROE0=-3.58% 非正
     1  EPS0=-0.1098／ROE0=-3.58% 非正
     1  EPS0=-0.1067／ROE0=-3.58% 非正
     1  EPS0=-0.1002／ROE0=-3.58% 非正
     1  EPS0=-0.3170／ROE0=-11.65% 非正
     1  EPS0=-0.2632／ROE0=-11.65% 非正
     1  EPS0=-0.1660／ROE0=-11.65% 非正
     1  EPS0=-0.1086／ROE0=-11.65% 非正
     1  EPS0=-0.7171／ROE0=-54.34% 非正
     1  EPS0=-0.6065／ROE0=-54.34% 非正
     1  EPS0=-0.4532／ROE0=-54.34% 非正
     1  EPS0=-0.4657／ROE0=-39.40% 非正
     1  EPS0=-0.1360／ROE0=-19.60% 非正
     1  EPS0=-0.1272／ROE0=-19.60% 非正
     1  EPS0=-0.1080／ROE0=-17.16% 非正
     1  EPS0=-0.0022／ROE0=-0.28% 非正
     1  EPS0=-0.0806／ROE0=-14.02% 非正
     1  EPS0=-0.0839／ROE0=-19.60% 非正
     1  EPS0=-0.4157／ROE0=-18.81% 非正
     1  EPS0=-0.4149／ROE0=-18.81% 非正
     1  EPS0=-0.4266／ROE0=-18.81% 非正
     1  EPS0=-0.4480／ROE0=-18.81% 非正
     1  EPS0=-0.4360／ROE0=-30.15% 非正
     1  EPS0=-0.3326／ROE0=-30.15% 非正
     1  EPS0=-0.2897／ROE0=-30.15% 非正
     1  EPS0=-0.2939／ROE0=-30.15% 非正
     1  EPS0=-0.0875／ROE0=-7.71% 非正
     1  EPS0=-0.0814／ROE0=-7.71% 非正
     1  EPS0=-0.0800／ROE0=-7.71% 非正
     1  EPS0=-0.2563／ROE0=-56.68% 非正
     1  EPS0=-0.2762／ROE0=-56.68% 非正
     1  EPS0=-0.1849／ROE0=-56.68% 非正
     1  EPS0=-0.1557／ROE0=-56.68% 非正
     1  EPS0=-0.0376／ROE0=-6.96% 非正
     1  EPS0=-0.0357／ROE0=-6.76% 非正
     1  EPS0=-0.0369／ROE0=-6.96% 非正
     1  EPS0=-0.0363／ROE0=-6.96% 非正
     1  EPS0=-0.0346／ROE0=-6.90% 非正
     1  EPS0=-0.0402／ROE0=-11.18% 非正
     1  EPS0=-0.0384／ROE0=-11.18% 非正
     1  EPS0=-0.0372／ROE0=-11.18% 非正
     1  EPS0=-0.0356／ROE0=-11.18% 非正
     1  EPS0=-0.1134／ROE0=-41.78% 非正
     1  EPS0=-0.0827／ROE0=-40.72% 非正
     1  EPS0=-0.0782／ROE0=-41.78% 非正
     1  EPS0=-0.1400／ROE0=-4.13% 非正
     1  EPS0=-0.1351／ROE0=-4.13% 非正
     1  EPS0=-0.1322／ROE0=-4.13% 非正
     1  EPS0=-0.1343／ROE0=-4.13% 非正
     1  EPS0=-0.3381／ROE0=-10.11% 非正
     1  EPS0=-0.2696／ROE0=-7.55% 非正
     1  EPS0=-0.3230／ROE0=-14.22% 非正
     1  EPS0=-0.3059／ROE0=-14.22% 非正
     1  EPS0=-0.2867／ROE0=-14.22% 非正
     1  EPS0=-0.2755／ROE0=-14.22% 非正
     1  EPS0=-0.2976／ROE0=-20.03% 非正
     1  EPS0=-0.2923／ROE0=-20.03% 非正
     1  EPS0=-0.3159／ROE0=-20.03% 非正
     1  EPS0=-0.2856／ROE0=-20.03% 非正
     1  EPS0=-0.1780／ROE0=-13.71% 非正
     1  EPS0=-0.0540／ROE0=-4.03% 非正
     1  EPS0=-0.1187／ROE0=-8.37% 非正
     1  EPS0=-0.1815／ROE0=-2.41% 非正
     1  EPS0=-0.1863／ROE0=-2.41% 非正
     1  EPS0=-0.1693／ROE0=-8.24% 非正
     1  EPS0=-0.1696／ROE0=-8.24% 非正
     1  EPS0=-0.1706／ROE0=-8.24% 非正
     1  EPS0=-0.1707／ROE0=-8.24% 非正
     1  EPS0=-0.0527／ROE0=-1.01% 非正
     1  EPS0=-0.0525／ROE0=-1.01% 非正
     1  EPS0=-0.0523／ROE0=-1.01% 非正
     1  EPS0=-0.0524／ROE0=-1.01% 非正
     1  EPS0=-0.0803／ROE0=-3.17% 非正
     1  EPS0=-0.0839／ROE0=-3.17% 非正
     1  EPS0=-0.0825／ROE0=-3.17% 非正
     1  EPS0=-0.0820／ROE0=-3.17% 非正
     1  EPS0=-0.0679／ROE0=-1.94% 非正
     1  EPS0=-0.0691／ROE0=-1.94% 非正
     1  EPS0=-0.0695／ROE0=-1.94% 非正
     1  EPS0=-0.0344／ROE0=-1.94% 非正
     1  EPS0=-0.0286／ROE0=-2.61% 非正
     1  EPS0=-0.0289／ROE0=-2.61% 非正
     1  EPS0=-0.0297／ROE0=-2.61% 非正
     1  EPS0=-0.0298／ROE0=-2.61% 非正
     1  EPS0=-0.0906／ROE0=-8.23% 非正
     1  EPS0=-0.0836／ROE0=-8.23% 非正
     1  EPS0=-0.0780／ROE0=-8.23% 非正
     1  EPS0=-0.0768／ROE0=-8.23% 非正
     1  EPS0=-0.1969／ROE0=-10.60% 非正
     1  EPS0=-0.2030／ROE0=-10.60% 非正
     1  EPS0=-0.0526／ROE0=-1.94% 非正
     1  EPS0=-0.0527／ROE0=-1.94% 非正
     1  EPS0=-0.0531／ROE0=-1.94% 非正
     1  EPS0=-0.0539／ROE0=-1.94% 非正
     1  EPS0=-0.0318／ROE0=-0.71% 非正
     1  EPS0=-0.0314／ROE0=-0.71% 非正
     1  EPS0=-0.0311／ROE0=-0.71% 非正
     1  EPS0=-0.0307／ROE0=-0.71% 非正
     1  EPS0=-0.1175／ROE0=-2.73% 非正
     1  EPS0=-0.1163／ROE0=-2.73% 非正
     1  EPS0=-0.1159／ROE0=-2.73% 非正
     1  EPS0=-0.3099／ROE0=-12.15% 非正
     1  EPS0=-0.3021／ROE0=-12.15% 非正
     1  EPS0=-0.2931／ROE0=-12.15% 非正
     1  EPS0=-0.3101／ROE0=-12.15% 非正
     1  EPS0=-0.1320／ROE0=-60.02% 非正
     1  EPS0=-0.0816／ROE0=-60.02% 非正
     1  EPS0=-0.1378／ROE0=-60.02% 非正
     1  EPS0=-0.0770／ROE0=-60.02% 非正
     1  EPS0=-0.7024／ROE0=-24.40% 非正
     1  EPS0=-0.6393／ROE0=-24.40% 非正
     1  EPS0=-0.6198／ROE0=-24.40% 非正
     1  EPS0=-0.6516／ROE0=-24.40% 非正
     1  EPS0=-0.0297／ROE0=-54.49% 非正
     1  EPS0=-0.0230／ROE0=-54.49% 非正
     1  EPS0=-0.0108／ROE0=-54.49% 非正
     1  EPS0=-0.0207／ROE0=-54.49% 非正
     1  EPS0=-0.0075／ROE0=-6.68% 非正
     1  EPS0=-0.0376／ROE0=-0.83% 非正
     1  EPS0=-0.0379／ROE0=-0.83% 非正
     1  EPS0=-0.0378／ROE0=-0.83% 非正
     1  EPS0=-0.0383／ROE0=-0.83% 非正
     1  EPS0=-0.1436／ROE0=-1.73% 非正
     1  EPS0=-0.1435／ROE0=-1.73% 非正
     1  EPS0=-0.1488／ROE0=-13.09% 非正
     1  EPS0=-0.1351／ROE0=-13.09% 非正
     1  EPS0=-0.3118／ROE0=-30.57% 非正
     1  EPS0=-0.2928／ROE0=-30.57% 非正
     1  EPS0=-0.2215／ROE0=-30.57% 非正
     1  EPS0=-0.1938／ROE0=-30.57% 非正
     1  EPS0=-0.3858／ROE0=-52.13% 非正
     1  EPS0=-0.3673／ROE0=-52.13% 非正
     1  EPS0=-0.3486／ROE0=-52.13% 非正
     1  EPS0=-0.2137／ROE0=-52.13% 非正
     1  EPS0=-0.0826／ROE0=-5.33% 非正
     1  EPS0=-0.1583／ROE0=-23.66% 非正
     1  EPS0=-0.1513／ROE0=-23.66% 非正
     1  EPS0=-0.1393／ROE0=-23.66% 非正
     1  EPS0=-0.1384／ROE0=-23.66% 非正
     1  EPS0=-0.1328／ROE0=-41.51% 非正
     1  EPS0=-0.1511／ROE0=-41.51% 非正
     1  EPS0=-0.1352／ROE0=-35.45% 非正
     1  EPS0=-0.1590／ROE0=-41.51% 非正
     1  EPS0=-0.0099／ROE0=-0.69% 非正
     1  EPS0=-0.0101／ROE0=-0.69% 非正
     1  EPS0=-0.0065／ROE0=-0.69% 非正
     1  EPS0=-0.0068／ROE0=-0.69% 非正
     1  EPS0=-0.0070／ROE0=-0.69% 非正
     1  EPS0=-0.0067／ROE0=-0.69% 非正
     1  EPS0=-0.0237／ROE0=-5.60% 非正
     1  EPS0=-0.0587／ROE0=-3.32% 非正
     1  EPS0=-0.0603／ROE0=-3.32% 非正
     1  EPS0=-0.0238／ROE0=-1.54% 非正
     1  EPS0=-0.0237／ROE0=-1.54% 非正
     1  EPS0=-0.0234／ROE0=-1.54% 非正
     1  EPS0=-0.0233／ROE0=-1.54% 非正
     1  EPS0=-0.0254／ROE0=-1.73% 非正
     1  EPS0=-0.0253／ROE0=-1.73% 非正
     1  EPS0=-0.0262／ROE0=-3.88% 非正
     1  EPS0=-0.0263／ROE0=-3.88% 非正
     1  EPS0=-0.0121／ROE0=-1.73% 非正
     1  EPS0=-0.0123／ROE0=-1.73% 非正
     1  EPS0=-0.0104／ROE0=-1.89% 非正
     1  EPS0=-0.0096／ROE0=-1.89% 非正
     1  EPS0=-0.0252／ROE0=-5.21% 非正
     1  EPS0=-0.0249／ROE0=-5.21% 非正
     1  EPS0=-0.6085／ROE0=-5.38% 非正
     1  EPS0=-0.6057／ROE0=-5.38% 非正
     1  EPS0=-0.6077／ROE0=-5.38% 非正
     1  EPS0=-0.5971／ROE0=-5.38% 非正
     1  EPS0=-0.8537／ROE0=-9.35% 非正
     1  EPS0=-0.8586／ROE0=-9.35% 非正
     1  EPS0=-0.8679／ROE0=-9.35% 非正
     1  EPS0=-0.8748／ROE0=-9.35% 非正
     1  EPS0=-0.3063／ROE0=-10.54% 非正
     1  EPS0=-0.3113／ROE0=-10.54% 非正
     1  EPS0=-0.3234／ROE0=-10.54% 非正
     1  EPS0=-0.1787／ROE0=-5.77% 非正
     1  EPS0=-0.0492／ROE0=-1.45% 非正
     1  EPS0=-0.0470／ROE0=-1.45% 非正
     1  EPS0=-0.0467／ROE0=-1.45% 非正
     1  EPS0=-0.0597／ROE0=-1.93% 非正
     1  EPS0=-0.1674／ROE0=-4.65% 非正
     1  EPS0=-0.1650／ROE0=-4.65% 非正
     1  EPS0=-0.1618／ROE0=-4.65% 非正
     1  EPS0=-0.1605／ROE0=-4.65% 非正
     1  EPS0=-0.1581／ROE0=-4.65% 非正
     1  EPS0=-0.1587／ROE0=-4.65% 非正
     1  EPS0=-0.0843／ROE0=-2.49% 非正
     1  EPS0=-0.0010／ROE0=-0.03% 非正
     1  EPS0=-0.0366／ROE0=-1.11% 非正
     1  EPS0=-0.0734／ROE0=-2.25% 非正
     1  EPS0=-0.1501／ROE0=-4.65% 非正
     1  EPS0=-0.1463／ROE0=-4.65% 非正
     1  EPS0=-0.1441／ROE0=-4.65% 非正
     1  EPS0=-0.1431／ROE0=-4.65% 非正
     1  EPS0=-0.3301／ROE0=-2.21% 非正
     1  EPS0=-0.3313／ROE0=-2.21% 非正
     1  EPS0=-0.3225／ROE0=-2.21% 非正
     1  EPS0=-0.5702／ROE0=-6.69% 非正
     1  EPS0=-0.0077／ROE0=-0.09% 非正
     1  EPS0=-0.0868／ROE0=-4.74% 非正
     1  EPS0=-0.0869／ROE0=-4.74% 非正
     1  EPS0=-0.0888／ROE0=-4.74% 非正
     1  EPS0=-0.1640／ROE0=-11.47% 非正
     1  EPS0=-0.1652／ROE0=-11.47% 非正
     1  EPS0=-0.0386／ROE0=-2.67% 非正
     1  EPS0=-0.1810／ROE0=-11.47% 非正
     1  EPS0=-0.0500／ROE0=-4.54% 非正
     1  EPS0=-0.0518／ROE0=-4.54% 非正
     1  EPS0=-0.0489／ROE0=-4.54% 非正
     1  EPS0=-0.0475／ROE0=-4.54% 非正
     1  EPS0=-0.0874／ROE0=-8.48% 非正
     1  EPS0=-0.0848／ROE0=-8.48% 非正
     1  EPS0=-0.0837／ROE0=-8.48% 非正
     1  EPS0=-0.0833／ROE0=-8.48% 非正
     1  EPS0=-0.0832／ROE0=-8.92% 非正
     1  EPS0=-0.0544／ROE0=-5.92% 非正
     1  EPS0=-0.0770／ROE0=-8.92% 非正
     1  EPS0=-0.0403／ROE0=-1.61% 非正
     1  EPS0=-0.0660／ROE0=-30.01% 非正
     1  EPS0=-0.0610／ROE0=-30.01% 非正
     1  EPS0=-0.0605／ROE0=-30.01% 非正
     1  EPS0=-0.0530／ROE0=-30.01% 非正
     1  EPS0=-0.1342／ROE0=-5.78% 非正
     1  EPS0=-0.1335／ROE0=-5.78% 非正
     1  EPS0=-0.1334／ROE0=-5.78% 非正
     1  EPS0=-0.1331／ROE0=-5.78% 非正
     1  EPS0=-0.2214／ROE0=-10.64% 非正
     1  EPS0=-0.2129／ROE0=-10.24% 非正
     1  EPS0=-0.2254／ROE0=-12.70% 非正
     1  EPS0=-0.2230／ROE0=-12.70% 非正
     1  EPS0=-0.2201／ROE0=-12.70% 非正
     1  EPS0=-0.1945／ROE0=-7.50% 非正
     1  EPS0=-0.1907／ROE0=-7.50% 非正
     1  EPS0=-0.1948／ROE0=-7.50% 非正
     1  EPS0=-0.1884／ROE0=-7.50% 非正
     1  EPS0=-0.1686／ROE0=-18.50% 非正
     1  EPS0=-0.1409／ROE0=-18.50% 非正
     1  EPS0=-0.1179／ROE0=-18.50% 非正
     1  EPS0=-0.0769／ROE0=-18.50% 非正
     1  EPS0=-0.0410／ROE0=-5.02% 非正
     1  EPS0=-0.0367／ROE0=-5.02% 非正
     1  EPS0=-0.0311／ROE0=-5.02% 非正
     1  EPS0=-0.0249／ROE0=-5.02% 非正
     1  EPS0=-0.0960／ROE0=-66.31% 非正
     1  EPS0=-0.0462／ROE0=-66.31% 非正
     1  EPS0=-0.0722／ROE0=-68.86% 非正
     1  EPS0=-0.0077／ROE0=-68.86% 非正
     1  EPS0=-0.1464／ROE0=-6.43% 非正
     1  EPS0=-0.1472／ROE0=-6.43% 非正
     1  EPS0=-0.1488／ROE0=-6.43% 非正
     1  EPS0=-0.1489／ROE0=-6.43% 非正
     1  EPS0=-0.0509／ROE0=-2.37% 非正
     1  EPS0=-0.0510／ROE0=-2.37% 非正
     1  EPS0=-0.2313／ROE0=-15.19% 非正
     1  EPS0=-0.2314／ROE0=-15.19% 非正
     1  EPS0=-0.2190／ROE0=-15.19% 非正
     1  EPS0=-0.2211／ROE0=-15.19% 非正
     1  EPS0=-0.0782／ROE0=-3.14% 非正
     1  EPS0=-0.0785／ROE0=-3.14% 非正
     1  EPS0=-0.1776／ROE0=-7.96% 非正
     1  EPS0=-0.1782／ROE0=-7.96% 非正
     1  EPS0=-0.1790／ROE0=-7.96% 非正
     1  EPS0=-0.1799／ROE0=-7.96% 非正
     1  EPS0=-0.2769／ROE0=-26.44% 非正
     1  EPS0=-0.2451／ROE0=-26.44% 非正
     1  EPS0=-0.2200／ROE0=-26.44% 非正
     1  EPS0=-0.1776／ROE0=-26.44% 非正
     1  EPS0=-0.2170／ROE0=-55.87% 非正
     1  EPS0=-0.1783／ROE0=-55.87% 非正
     1  EPS0=-0.1278／ROE0=-55.87% 非正
     1  EPS0=-0.1126／ROE0=-4.71% 非正
     1  EPS0=-0.1081／ROE0=-4.71% 非正
     1  EPS0=-0.1033／ROE0=-4.71% 非正
     1  EPS0=-0.0985／ROE0=-4.71% 非正
     1  EPS0=-0.2406／ROE0=-13.22% 非正
     1  EPS0=-0.2219／ROE0=-13.22% 非正
     1  EPS0=-0.2131／ROE0=-13.22% 非正
     1  EPS0=-0.1987／ROE0=-13.22% 非正
     1  EPS0=-0.3764／ROE0=-10.28% 非正
     1  EPS0=-0.3739／ROE0=-10.28% 非正
     1  EPS0=-0.3728／ROE0=-10.28% 非正
     1  EPS0=-0.3686／ROE0=-10.28% 非正
     1  EPS0=-0.0256／ROE0=-1.17% 非正
     1  EPS0=-0.0251／ROE0=-1.17% 非正
     1  EPS0=-0.0244／ROE0=-1.17% 非正
     1  EPS0=-0.0234／ROE0=-1.17% 非正
     1  EPS0=-0.1951／ROE0=-12.35% 非正
     1  EPS0=-0.1904／ROE0=-12.35% 非正
     1  EPS0=-0.1678／ROE0=-12.35% 非正
     1  EPS0=-0.1624／ROE0=-12.35% 非正
     1  EPS0=-0.0430／ROE0=-6.10% 非正
     1  EPS0=-0.0338／ROE0=-6.10% 非正
     1  EPS0=-0.0365／ROE0=-6.10% 非正
     1  EPS0=-0.0367／ROE0=-6.10% 非正
     1  EPS0=-0.0316／ROE0=-1.01% 非正
     1  EPS0=-0.0303／ROE0=-1.01% 非正
     1  EPS0=-0.0262／ROE0=-1.01% 非正
     1  EPS0=-0.0249／ROE0=-1.01% 非正
     1  EPS0=-0.9034／ROE0=-76.56% 非正
     1  EPS0=-0.5895／ROE0=-76.56% 非正
     1  EPS0=-0.6949／ROE0=-16.25% 非正
     1  EPS0=-0.6493／ROE0=-16.25% 非正
     1  EPS0=-0.5349／ROE0=-16.25% 非正
     1  EPS0=-0.0518／ROE0=-14.81% 非正
     1  EPS0=-0.0403／ROE0=-14.81% 非正
     1  EPS0=-0.0289／ROE0=-14.81% 非正
     1  EPS0=-0.0209／ROE0=-14.81% 非正
     1  EPS0=-0.2484／ROE0=-23.91% 非正
     1  EPS0=-0.1936／ROE0=-23.91% 非正
     1  EPS0=-0.1216／ROE0=-23.91% 非正
     1  EPS0=-0.0120／ROE0=-23.91% 非正
     1  EPS0=-2.3401／ROE0=-353.50% 非正
     1  EPS0=-2.1748／ROE0=-353.50% 非正
     1  EPS0=-2.4033／ROE0=-353.50% 非正
     1  EPS0=-2.7065／ROE0=-353.50% 非正
     1  EPS0=-0.2210／ROE0=-23.91% 非正
     1  EPS0=-0.2334／ROE0=-23.91% 非正
     1  EPS0=-0.2376／ROE0=-23.91% 非正
     1  EPS0=-0.1236／ROE0=-11.76% 非正
     1  EPS0=-0.1186／ROE0=-11.76% 非正
     1  EPS0=-0.2259／ROE0=-5.12% 非正
     1  EPS0=-0.2260／ROE0=-5.12% 非正
     1  EPS0=-0.2292／ROE0=-5.12% 非正
     1  EPS0=-0.2289／ROE0=-5.12% 非正
     1  EPS0=-0.0633／ROE0=-1.37% 非正
     1  EPS0=-0.0634／ROE0=-1.37% 非正
     1  EPS0=-0.0637／ROE0=-1.37% 非正
     1  EPS0=-0.0620／ROE0=-1.37% 非正
     1  EPS0=-0.2185／ROE0=-6.50% 非正
     1  EPS0=-0.2189／ROE0=-6.50% 非正
     1  EPS0=-0.2112／ROE0=-6.50% 非正
     1  EPS0=-0.2077／ROE0=-6.50% 非正
     1  EPS0=-0.1923／ROE0=-31.13% 非正
     1  EPS0=-0.1774／ROE0=-31.13% 非正
     1  EPS0=-0.1472／ROE0=-31.13% 非正
     1  EPS0=-0.0994／ROE0=-31.13% 非正
     1  EPS0=-0.0469／ROE0=-83.66% 非正
     1  EPS0=-0.0383／ROE0=-83.66% 非正
     1  EPS0=-0.0250／ROE0=-83.66% 非正
     1  EPS0=-0.0182／ROE0=-0.83% 非正
     1  EPS0=-0.0178／ROE0=-0.83% 非正
     1  EPS0=-0.0005／ROE0=-1.47% 非正
     1  EPS0=-0.0000／ROE0=-1.47% 非正
     1  EPS0=-0.0036／ROE0=-1.47% 非正
     1  EPS0=-0.0216／ROE0=-1.00% 非正
     1  EPS0=-0.0167／ROE0=-1.00% 非正
     1  EPS0=-0.0134／ROE0=-1.00% 非正
     1  EPS0=-0.0114／ROE0=-1.00% 非正
     1  EPS0=-0.0106／ROE0=-0.53% 非正
     1  EPS0=-0.0105／ROE0=-0.53% 非正
     1  EPS0=-0.0104／ROE0=-0.53% 非正
     1  EPS0=-0.0101／ROE0=-0.53% 非正
     1  EPS0=-0.0356／ROE0=-1.81% 非正
     1  EPS0=-0.0354／ROE0=-1.81% 非正
     1  EPS0=-0.0493／ROE0=-2.67% 非正
     1  EPS0=-0.4663／ROE0=-23.82% 非正
     1  EPS0=-0.4475／ROE0=-23.82% 非正
     1  EPS0=-0.4845／ROE0=-23.82% 非正
     1  EPS0=-0.4917／ROE0=-23.82% 非正
     1  EPS0=-0.0401／ROE0=-1.14% 非正
     1  EPS0=-0.0415／ROE0=-1.14% 非正
     1  EPS0=-0.1377／ROE0=-3.35% 非正
     1  EPS0=-0.1372／ROE0=-3.35% 非正
     1  EPS0=-0.1345／ROE0=-3.35% 非正
     1  EPS0=-0.1310／ROE0=-3.35% 非正
     1  EPS0=-0.1876／ROE0=-4.88% 非正
     1  EPS0=-0.1856／ROE0=-4.88% 非正
     1  EPS0=-0.1833／ROE0=-4.88% 非正
     1  EPS0=-0.1326／ROE0=-3.52% 非正
     1  EPS0=-0.2591／ROE0=-7.31% 非正
     1  EPS0=-0.2436／ROE0=-6.93% 非正
     1  EPS0=-0.2433／ROE0=-7.01% 非正
     1  EPS0=-0.2505／ROE0=-7.31% 非正
     1  EPS0=-0.2353／ROE0=-7.30% 非正
     1  EPS0=-0.2083／ROE0=-6.59% 非正
     1  EPS0=-0.2224／ROE0=-7.32% 非正
     1  EPS0=-0.2161／ROE0=-7.32% 非正
     1  EPS0=-0.1964／ROE0=-7.34% 非正
     1  EPS0=-0.1897／ROE0=-7.34% 非正
     1  EPS0=-0.1777／ROE0=-7.34% 非正
     1  EPS0=-0.1700／ROE0=-7.34% 非正
     1  EPS0=-0.3634／ROE0=-19.61% 非正
     1  EPS0=-0.3382／ROE0=-19.61% 非正
     1  EPS0=-0.3029／ROE0=-19.61% 非正
     1  EPS0=-0.1047／ROE0=-2.66% 非正
     1  EPS0=-0.1032／ROE0=-2.66% 非正
     1  EPS0=-0.1048／ROE0=-2.66% 非正
     1  EPS0=-0.1052／ROE0=-2.66% 非正
     1  EPS0=-0.4169／ROE0=-17.48% 非正
     1  EPS0=-0.4186／ROE0=-17.48% 非正
     1  EPS0=-0.4249／ROE0=-17.48% 非正
     1  EPS0=-0.4272／ROE0=-17.48% 非正
     1  EPS0=-0.4031／ROE0=-53.90% 非正
     1  EPS0=-0.4157／ROE0=-53.90% 非正
     1  EPS0=-0.4379／ROE0=-53.90% 非正
     1  EPS0=-0.4420／ROE0=-53.90% 非正
     1  EPS0=-0.4539／ROE0=-17.47% 非正
     1  EPS0=-0.4280／ROE0=-17.47% 非正
     1  EPS0=-0.3901／ROE0=-17.47% 非正
     1  EPS0=-0.3537／ROE0=-17.47% 非正
     1  EPS0=-0.0031／ROE0=-1.59% 非正
     1  EPS0=-0.0023／ROE0=-1.59% 非正
     1  EPS0=-0.0024／ROE0=-1.59% 非正
     1  EPS0=-0.1072／ROE0=-4.47% 非正
     1  EPS0=-0.1077／ROE0=-4.47% 非正
     1  EPS0=-0.1078／ROE0=-4.47% 非正
     1  EPS0=-0.1084／ROE0=-4.47% 非正
     1  EPS0=-0.2294／ROE0=-12.40% 非正
     1  EPS0=-0.2308／ROE0=-12.40% 非正
     1  EPS0=-0.2309／ROE0=-12.40% 非正
     1  EPS0=-0.2315／ROE0=-12.40% 非正
     1  EPS0=-0.0755／ROE0=-1.76% 非正
     1  EPS0=-0.0748／ROE0=-1.76% 非正
     1  EPS0=-0.0740／ROE0=-1.76% 非正
     1  EPS0=-0.0725／ROE0=-1.76% 非正
     1  EPS0=-0.0287／ROE0=-0.87% 非正
     1  EPS0=-0.0282／ROE0=-0.87% 非正
     1  EPS0=-0.0278／ROE0=-0.87% 非正
     1  EPS0=-0.0274／ROE0=-0.87% 非正
     1  EPS0=-0.1765／ROE0=-5.92% 非正
     1  EPS0=-0.1751／ROE0=-5.92% 非正
     1  EPS0=-0.1707／ROE0=-5.92% 非正
     1  EPS0=-0.0094／ROE0=-0.72% 非正
     1  EPS0=-0.1407／ROE0=-7.60% 非正
     1  EPS0=-0.1482／ROE0=-7.60% 非正
     1  EPS0=-0.0750／ROE0=-4.60% 非正
     1  EPS0=-0.0722／ROE0=-4.60% 非正
     1  EPS0=-0.2676／ROE0=-6.75% 非正
     1  EPS0=-0.2591／ROE0=-6.75% 非正
     1  EPS0=-0.2535／ROE0=-6.75% 非正
     1  EPS0=-0.2524／ROE0=-6.75% 非正
     1  EPS0=-0.4131／ROE0=-12.01% 非正
     1  EPS0=-0.3860／ROE0=-12.01% 非正
     1  EPS0=-0.4273／ROE0=-15.29% 非正
     1  EPS0=-0.4169／ROE0=-15.29% 非正
     1  EPS0=-0.4010／ROE0=-14.27% 非正
     1  EPS0=-0.0703／ROE0=-2.41% 非正
     1  EPS0=-0.0189／ROE0=-0.70% 非正
     1  EPS0=-0.1724／ROE0=-5.84% 非正
     1  EPS0=-0.1720／ROE0=-5.84% 非正
     1  EPS0=-0.1329／ROE0=-5.84% 非正
     1  EPS0=-0.1282／ROE0=-5.84% 非正
     1  EPS0=-0.5271／ROE0=-17.34% 非正
     1  EPS0=-0.5157／ROE0=-17.34% 非正
     1  EPS0=-0.5001／ROE0=-17.34% 非正
     1  EPS0=-0.4681／ROE0=-17.34% 非正
     1  EPS0=-0.0661／ROE0=-7.84% 非正
     1  EPS0=-0.0636／ROE0=-7.84% 非正
     1  EPS0=-0.0685／ROE0=-7.84% 非正
     1  EPS0=-0.0707／ROE0=-7.84% 非正
     1  EPS0=-0.0362／ROE0=-2.26% 非正
     1  EPS0=-0.0361／ROE0=-2.26% 非正
     1  EPS0=-0.0205／ROE0=-1.31% 非正
     1  EPS0=-0.0203／ROE0=-1.31% 非正
     1  EPS0=-0.0200／ROE0=-1.31% 非正
     1  EPS0=-0.0198／ROE0=-1.31% 非正
     1  EPS0=-0.0841／ROE0=-5.68% 非正
     1  EPS0=-0.0764／ROE0=-5.20% 非正
     1  EPS0=-0.0811／ROE0=-5.68% 非正
     1  EPS0=-0.0796／ROE0=-5.68% 非正
     1  EPS0=-0.0866／ROE0=-2.76% 非正
     1  EPS0=-0.0863／ROE0=-2.76% 非正
     1  EPS0=-0.0869／ROE0=-2.76% 非正
     1  EPS0=-0.0873／ROE0=-2.76% 非正
     1  EPS0=-0.3552／ROE0=-13.08% 非正
     1  EPS0=-0.2511／ROE0=-13.08% 非正
     1  EPS0=-0.2541／ROE0=-13.08% 非正
     1  EPS0=-0.2550／ROE0=-13.08% 非正
     1  EPS0=-0.0052／ROE0=-0.21% 非正
     1  EPS0=-0.0036／ROE0=-0.21% 非正
     1  EPS0=-0.2284／ROE0=-12.62% 非正
     1  EPS0=-0.2291／ROE0=-12.62% 非正
     1  EPS0=-0.2310／ROE0=-12.62% 非正
     1  EPS0=-0.1167／ROE0=-25.70% 非正
     1  EPS0=-0.1202／ROE0=-25.70% 非正
     1  EPS0=-0.1200／ROE0=-25.70% 非正
     1  EPS0=-0.1206／ROE0=-25.70% 非正
     1  EPS0=-0.0076／ROE0=-1.66% 非正
     1  EPS0=-0.0073／ROE0=-1.66% 非正
     1  EPS0=-0.0075／ROE0=-1.66% 非正
     1  EPS0=-0.0071／ROE0=-1.66% 非正
     1  EPS0=-0.0222／ROE0=-8.28% 非正
     1  EPS0=-0.0221／ROE0=-8.28% 非正
     1  EPS0=-0.0228／ROE0=-8.28% 非正
     1  EPS0=-0.0254／ROE0=-8.28% 非正
     1  EPS0=-0.0517／ROE0=-6.08% 非正
     1  EPS0=-0.1589／ROE0=-6.28% 非正
     1  EPS0=-0.1602／ROE0=-6.28% 非正
     1  EPS0=-0.3380／ROE0=-21.26% 非正
     1  EPS0=-0.3319／ROE0=-21.26% 非正
     1  EPS0=-0.3030／ROE0=-21.26% 非正
     1  EPS0=-0.2879／ROE0=-21.26% 非正
     1  EPS0=-0.1258／ROE0=-15.54% 非正
     1  EPS0=-0.1194／ROE0=-15.54% 非正
     1  EPS0=-0.1151／ROE0=-15.54% 非正
     1  EPS0=-0.1191／ROE0=-15.54% 非正
     1  EPS0=-0.0871／ROE0=-42.53% 非正
     1  EPS0=-0.0681／ROE0=-42.53% 非正
     1  EPS0=-0.0074／ROE0=-42.53% 非正
     1  EPS0=-0.1869／ROE0=-3.38% 非正
     1  EPS0=-0.1852／ROE0=-3.38% 非正
     1  EPS0=-0.1848／ROE0=-3.38% 非正
     1  EPS0=-0.0235／ROE0=-2.24% 非正
     1  EPS0=-0.0220／ROE0=-2.24% 非正
     1  EPS0=-0.0214／ROE0=-2.24% 非正
     1  EPS0=-0.0209／ROE0=-2.24% 非正
     1  EPS0=-0.0957／ROE0=-12.38% 非正
     1  EPS0=-0.0934／ROE0=-12.38% 非正
     1  EPS0=-0.0926／ROE0=-12.38% 非正
     1  EPS0=-0.0887／ROE0=-12.38% 非正
     1  EPS0=-0.0516／ROE0=-60.01% 非正
     1  EPS0=-0.0099／ROE0=-60.01% 非正
     1  EPS0=-0.0021／ROE0=-0.52% 非正
     1  EPS0=-0.0190／ROE0=-11.31% 非正
     1  EPS0=-0.0120／ROE0=-11.31% 非正
     1  EPS0=-0.0143／ROE0=-11.31% 非正
     1  EPS0=-0.0179／ROE0=-11.31% 非正
     1  EPS0=-0.0112／ROE0=-11.31% 非正
     1  EPS0=-0.0053／ROE0=-11.31% 非正
     1  EPS0=-0.0944／ROE0=-5.47% 非正
     1  EPS0=-0.0936／ROE0=-5.47% 非正
     1  EPS0=-0.0934／ROE0=-5.47% 非正
     1  EPS0=-0.0415／ROE0=-1.43% 非正
     1  EPS0=-0.0417／ROE0=-1.43% 非正
     1  EPS0=-0.0419／ROE0=-1.43% 非正
     1  EPS0=-0.0420／ROE0=-1.43% 非正
     1  EPS0=-0.1819／ROE0=-21.31% 非正
     1  EPS0=-0.1831／ROE0=-21.31% 非正
     1  EPS0=-0.1857／ROE0=-21.31% 非正
     1  EPS0=-0.1883／ROE0=-21.31% 非正
     1  EPS0=-0.3307／ROE0=-21.62% 非正
     1  EPS0=-0.3493／ROE0=-21.62% 非正
     1  EPS0=-0.3615／ROE0=-21.62% 非正
     1  EPS0=-0.3386／ROE0=-21.62% 非正
     1  EPS0=-0.0095／ROE0=-3.73% 非正
     1  EPS0=-0.0000／ROE0=-3.73% 非正
     1  EPS0=-0.0636／ROE0=-2.63% 非正
     1  EPS0=-0.0641／ROE0=-2.63% 非正
     1  EPS0=-0.0648／ROE0=-2.63% 非正
     1  EPS0=-0.0671／ROE0=-2.63% 非正
     1  EPS0=-0.0058／ROE0=-0.21% 非正
     1  EPS0=-0.0051／ROE0=-0.21% 非正
     1  EPS0=-0.0050／ROE0=-0.21% 非正
     1  EPS0=-0.3397／ROE0=-22.50% 非正
     1  EPS0=-0.3239／ROE0=-22.50% 非正
     1  EPS0=-0.3041／ROE0=-22.50% 非正
     1  EPS0=-0.2737／ROE0=-22.50% 非正
     1  EPS0=-0.0314／ROE0=-7.85% 非正
     1  EPS0=-0.0323／ROE0=-7.85% 非正
     1  EPS0=-0.1847／ROE0=-36.94% 非正
     1  EPS0=-0.1878／ROE0=-36.94% 非正
     1  EPS0=-0.1876／ROE0=-36.94% 非正
     1  EPS0=-0.1432／ROE0=-36.94% 非正
     1  EPS0=-0.0259／ROE0=-2.29% 非正
     1  EPS0=-0.0261／ROE0=-2.29% 非正
     1  EPS0=-0.0270／ROE0=-2.29% 非正
     1  EPS0=-0.0273／ROE0=-2.29% 非正
     1  EPS0=-0.1171／ROE0=-13.92% 非正
     1  EPS0=-0.1219／ROE0=-13.92% 非正
     1  EPS0=-0.1250／ROE0=-13.92% 非正
     1  EPS0=-0.1369／ROE0=-13.92% 非正
     1  EPS0=-0.1787／ROE0=-5.96% 非正
     1  EPS0=-0.1729／ROE0=-5.96% 非正
     1  EPS0=-0.1700／ROE0=-5.96% 非正
     1  EPS0=-0.1698／ROE0=-5.96% 非正
     1  EPS0=-0.2608／ROE0=-14.05% 非正
     1  EPS0=-0.2586／ROE0=-14.05% 非正
     1  EPS0=-0.2621／ROE0=-14.05% 非正
     1  EPS0=-0.0266／ROE0=-1.62% 非正
     1  EPS0=-0.0262／ROE0=-1.62% 非正
     1  EPS0=-0.0242／ROE0=-1.62% 非正
     1  EPS0=-0.0253／ROE0=-1.62% 非正
     1  EPS0=-0.0503／ROE0=-3.34% 非正
     1  EPS0=-0.0473／ROE0=-3.34% 非正
     1  EPS0=-0.0449／ROE0=-3.34% 非正
     1  EPS0=-0.0443／ROE0=-3.34% 非正
     1  EPS0=-0.0457／ROE0=-3.34% 非正
     1  EPS0=-0.0945／ROE0=-7.49% 非正
     1  EPS0=-0.0955／ROE0=-7.49% 非正
     1  EPS0=-0.0960／ROE0=-7.49% 非正
     1  EPS0=-0.0968／ROE0=-7.49% 非正
     1  EPS0=-0.0900／ROE0=-8.13% 非正
     1  EPS0=-0.0859／ROE0=-8.13% 非正
     1  EPS0=-0.0757／ROE0=-8.13% 非正
     1  EPS0=-0.0699／ROE0=-8.13% 非正
     1  EPS0=-0.1596／ROE0=-31.23% 非正
     1  EPS0=-0.1306／ROE0=-31.23% 非正
     1  EPS0=-0.0692／ROE0=-31.23% 非正
     1  EPS0=-0.0471／ROE0=-31.23% 非正
     1  EPS0=-0.0903／ROE0=-87.75% 非正
     1  EPS0=-0.0659／ROE0=-27.18% 非正
     1  EPS0=-0.0582／ROE0=-27.18% 非正
     1  EPS0=-0.0486／ROE0=-27.18% 非正
     1  EPS0=-0.0397／ROE0=-27.18% 非正
     1  EPS0=-0.0365／ROE0=-35.27% 非正
     1  EPS0=-0.0269／ROE0=-35.27% 非正
     1  EPS0=-0.0163／ROE0=-35.27% 非正
     1  EPS0=-0.0075／ROE0=-35.27% 非正
     1  EPS0=-0.0423／ROE0=-4.45% 非正
     1  EPS0=-0.0408／ROE0=-4.45% 非正
     1  EPS0=-0.0392／ROE0=-4.45% 非正
     1  EPS0=-0.1558／ROE0=-4.81% 非正
     1  EPS0=-0.1533／ROE0=-4.81% 非正
     1  EPS0=-0.1482／ROE0=-4.81% 非正
     1  EPS0=-0.1422／ROE0=-4.81% 非正
     1  EPS0=-0.0186／ROE0=-0.45% 非正
     1  EPS0=-0.0188／ROE0=-0.45% 非正
     1  EPS0=-0.0184／ROE0=-0.45% 非正
     1  EPS0=-0.5507／ROE0=-14.31% 非正
     1  EPS0=-0.5197／ROE0=-14.31% 非正
     1  EPS0=-0.5396／ROE0=-14.31% 非正
     1  EPS0=-0.0749／ROE0=-6.14% 非正
     1  EPS0=-0.0633／ROE0=-6.14% 非正
     1  EPS0=-0.0640／ROE0=-6.14% 非正
     1  EPS0=-0.0615／ROE0=-6.14% 非正
     1  EPS0=-0.2920／ROE0=-14.82% 非正
     1  EPS0=-0.2789／ROE0=-14.82% 非正
     1  EPS0=-0.2619／ROE0=-14.82% 非正
     1  EPS0=-0.2481／ROE0=-14.82% 非正
     1  EPS0=-0.3015／ROE0=-21.61% 非正
     1  EPS0=-0.2643／ROE0=-21.61% 非正
     1  EPS0=-0.2387／ROE0=-21.61% 非正
     1  EPS0=-0.2285／ROE0=-26.88% 非正
     1  EPS0=-0.2053／ROE0=-26.88% 非正
     1  EPS0=-0.1804／ROE0=-26.88% 非正
     1  EPS0=-0.1652／ROE0=-26.88% 非正
     1  EPS0=-0.1548／ROE0=-9.53% 非正
     1  EPS0=-0.1302／ROE0=-9.53% 非正
     1  EPS0=-0.1185／ROE0=-9.53% 非正
     1  EPS0=-0.0873／ROE0=-24.88% 非正
     1  EPS0=-0.0723／ROE0=-20.22% 非正
     1  EPS0=-0.0457／ROE0=-13.26% 非正
     1  EPS0=-0.0645／ROE0=-19.14% 非正
     1  EPS0=-0.0724／ROE0=-27.12% 非正
     1  EPS0=-0.0706／ROE0=-25.82% 非正
     1  EPS0=-0.0100／ROE0=-3.40% 非正
     1  EPS0=-0.0731／ROE0=-3.20% 非正
     1  EPS0=-0.0711／ROE0=-3.20% 非正
     1  EPS0=-0.0706／ROE0=-3.20% 非正
     1  EPS0=-0.0523／ROE0=-3.20% 非正
     1  EPS0=-0.0537／ROE0=-3.20% 非正
     1  EPS0=-0.0549／ROE0=-3.20% 非正
     1  EPS0=-0.1362／ROE0=-3.84% 非正
     1  EPS0=-0.1371／ROE0=-3.84% 非正
     1  EPS0=-0.0686／ROE0=-4.08% 非正
     1  EPS0=-0.0690／ROE0=-4.08% 非正
     1  EPS0=-0.0702／ROE0=-4.08% 非正
     1  EPS0=-0.0711／ROE0=-4.08% 非正
     1  EPS0=-0.3264／ROE0=-12.95% 非正
     1  EPS0=-0.3301／ROE0=-12.95% 非正
     1  EPS0=-0.3049／ROE0=-12.95% 非正
     1  EPS0=-0.3553／ROE0=-12.95% 非正
     1  EPS0=-0.0860／ROE0=-5.08% 非正
     1  EPS0=-0.0761／ROE0=-5.08% 非正
     1  EPS0=-0.0726／ROE0=-5.08% 非正
     1  EPS0=-0.0673／ROE0=-5.08% 非正
     1  EPS0=-0.0316／ROE0=-4.00% 非正
     1  EPS0=-0.0303／ROE0=-4.00% 非正
     1  EPS0=-0.0269／ROE0=-4.00% 非正
     1  EPS0=-0.0257／ROE0=-4.00% 非正
     1  EPS0=-0.0656／ROE0=-13.09% 非正
     1  EPS0=-0.0634／ROE0=-13.09% 非正
     1  EPS0=-0.0670／ROE0=-13.09% 非正
     1  EPS0=-0.0627／ROE0=-13.09% 非正
     1  EPS0=-0.1166／ROE0=-50.47% 非正
     1  EPS0=-0.1092／ROE0=-50.47% 非正
     1  EPS0=-0.0988／ROE0=-50.47% 非正
     1  EPS0=-0.1096／ROE0=-50.47% 非正
     1  EPS0=-0.0468／ROE0=-28.07% 非正
     1  EPS0=-0.0370／ROE0=-21.93% 非正
     1  EPS0=-0.0373／ROE0=-24.67% 非正
     1  EPS0=-0.0198／ROE0=-1.15% 非正
     1  EPS0=-0.0197／ROE0=-1.15% 非正
     1  EPS0=-0.3196／ROE0=-23.12% 非正
     1  EPS0=-0.3022／ROE0=-23.12% 非正
     1  EPS0=-0.2085／ROE0=-23.12% 非正
     1  EPS0=-0.1683／ROE0=-23.12% 非正
     1  EPS0=-0.0855／ROE0=-23.13% 非正
     1  EPS0=-0.1085／ROE0=-23.13% 非正
     1  EPS0=-0.6886／ROE0=-76.41% 非正
     1  EPS0=-0.7615／ROE0=-76.41% 非正
     1  EPS0=-0.7503／ROE0=-76.41% 非正
     1  EPS0=-0.7484／ROE0=-76.41% 非正
     1  EPS0=-0.0302／ROE0=-3.68% 非正
     1  EPS0=-0.0099／ROE0=-1.24% 非正
     1  EPS0=-0.0347／ROE0=-5.39% 非正
     1  EPS0=-0.0339／ROE0=-5.39% 非正
     1  EPS0=-0.0370／ROE0=-5.39% 非正
     1  EPS0=-0.1204／ROE0=-6.04% 非正
     1  EPS0=-0.1106／ROE0=-6.04% 非正
     1  EPS0=-0.1056／ROE0=-6.04% 非正
     1  EPS0=-0.1025／ROE0=-6.04% 非正
     1  EPS0=-0.0987／ROE0=-2.91% 非正
     1  EPS0=-0.0475／ROE0=-1.35% 非正
     1  EPS0=-0.2016／ROE0=-9.55% 非正
     1  EPS0=-0.1895／ROE0=-9.55% 非正
     1  EPS0=-0.1434／ROE0=-9.55% 非正
     1  EPS0=-0.1202／ROE0=-9.55% 非正
     1  EPS0=-0.0691／ROE0=-7.05% 非正
     1  EPS0=-0.0613／ROE0=-7.05% 非正
     1  EPS0=-0.0555／ROE0=-7.05% 非正
     1  EPS0=-0.0431／ROE0=-7.05% 非正
     1  EPS0=-0.0055／ROE0=-8.01% 非正
     1  EPS0=-0.0262／ROE0=-0.85% 非正
     1  EPS0=-0.0258／ROE0=-0.85% 非正
     1  EPS0=-0.0257／ROE0=-0.85% 非正
     1  EPS0=-0.4045／ROE0=-15.82% 非正
     1  EPS0=-0.3905／ROE0=-15.82% 非正
     1  EPS0=-0.3971／ROE0=-15.82% 非正
     1  EPS0=-0.4057／ROE0=-15.82% 非正
     1  EPS0=-0.0160／ROE0=-0.67% 非正
     1  EPS0=-0.0158／ROE0=-0.67% 非正
     1  EPS0=-0.0157／ROE0=-0.67% 非正
     1  EPS0=-0.0156／ROE0=-0.67% 非正
     1  EPS0=-0.0759／ROE0=-3.73% 非正
     1  EPS0=-0.0745／ROE0=-3.73% 非正
     1  EPS0=-0.0742／ROE0=-3.73% 非正
     1  EPS0=-0.0735／ROE0=-3.73% 非正
     1  EPS0=-0.1690／ROE0=-10.18% 非正
     1  EPS0=-0.1673／ROE0=-10.18% 非正
     1  EPS0=-0.1659／ROE0=-10.18% 非正
     1  EPS0=-0.1650／ROE0=-10.18% 非正
     1  EPS0=-0.1833／ROE0=-12.57% 非正
     1  EPS0=-0.1729／ROE0=-11.87% 非正
     1  EPS0=-0.1533／ROE0=-10.55% 非正
     1  EPS0=-0.1563／ROE0=-10.82% 非正
     1  EPS0=-0.1673／ROE0=-13.14% 非正
     1  EPS0=-0.1651／ROE0=-13.14% 非正
     1  EPS0=-0.1630／ROE0=-13.14% 非正
     1  EPS0=-0.0633／ROE0=-2.64% 非正
     1  EPS0=-0.0634／ROE0=-2.64% 非正
     1  EPS0=-0.0690／ROE0=-2.64% 非正
     1  EPS0=-0.0589／ROE0=-2.64% 非正
     1  EPS0=-0.1737／ROE0=-6.67% 非正
     1  EPS0=-0.1725／ROE0=-6.67% 非正
     1  EPS0=-0.1727／ROE0=-6.67% 非正
     1  EPS0=-0.1730／ROE0=-6.67% 非正
     1  EPS0=-0.2337／ROE0=-9.50% 非正
     1  EPS0=-0.2280／ROE0=-9.50% 非正
     1  EPS0=-0.2228／ROE0=-9.50% 非正
     1  EPS0=-0.1004／ROE0=-8.84% 非正
     1  EPS0=-0.0983／ROE0=-8.84% 非正
     1  EPS0=-0.0959／ROE0=-8.84% 非正
     1  EPS0=-0.0933／ROE0=-8.84% 非正
     1  EPS0=-0.0855／ROE0=-62.87% 非正
     1  EPS0=-0.0745／ROE0=-62.87% 非正
     1  EPS0=-0.0739／ROE0=-62.87% 非正
     1  EPS0=-0.0621／ROE0=-62.87% 非正
     1  EPS0=-0.2510／ROE0=-7.68% 非正
     1  EPS0=-0.2496／ROE0=-7.68% 非正
     1  EPS0=-0.1595／ROE0=-7.68% 非正
     1  EPS0=-0.1517／ROE0=-7.68% 非正
     1  EPS0=-0.8983／ROE0=-49.17% 非正
     1  EPS0=-0.3835／ROE0=-49.17% 非正
     1  EPS0=-0.3196／ROE0=-49.17% 非正
     1  EPS0=-0.2704／ROE0=-49.17% 非正
     1  EPS0=-0.0022／ROE0=-73.34% 非正
     1  EPS0=-0.0812／ROE0=-2.09% 非正
     1  EPS0=-0.0795／ROE0=-2.09% 非正
     1  EPS0=-0.0782／ROE0=-2.09% 非正
     1  EPS0=-0.0777／ROE0=-2.09% 非正
     1  EPS0=-0.0983／ROE0=-8.63% 非正
     1  EPS0=-0.0990／ROE0=-8.63% 非正
     1  EPS0=-0.0991／ROE0=-8.63% 非正
     1  EPS0=-0.0992／ROE0=-8.63% 非正
     1  EPS0=-0.1711／ROE0=-27.20% 非正
     1  EPS0=-0.1296／ROE0=-27.20% 非正
     1  EPS0=-0.1184／ROE0=-27.20% 非正
     1  EPS0=-0.0885／ROE0=-27.20% 非正
     1  EPS0=-0.0160／ROE0=-0.81% 非正
     1  EPS0=-0.0151／ROE0=-0.81% 非正
     1  EPS0=-0.0137／ROE0=-0.81% 非正
     1  EPS0=-0.0138／ROE0=-0.81% 非正
     1  EPS0=-0.0370／ROE0=-1.88% 非正
     1  EPS0=-0.0373／ROE0=-1.88% 非正
     1  EPS0=-0.0697／ROE0=-3.96% 非正
     1  EPS0=-0.0699／ROE0=-3.96% 非正
     1  EPS0=-0.0704／ROE0=-3.96% 非正
     1  EPS0=-0.1806／ROE0=-14.48% 非正
     1  EPS0=-0.1774／ROE0=-14.48% 非正
     1  EPS0=-0.1798／ROE0=-14.48% 非正
     1  EPS0=-0.1758／ROE0=-14.48% 非正
     1  EPS0=-0.2057／ROE0=-35.08% 非正
     1  EPS0=-0.1971／ROE0=-35.08% 非正
     1  EPS0=-0.2178／ROE0=-35.08% 非正
     1  EPS0=-0.2202／ROE0=-35.08% 非正
     1  EPS0=-0.0841／ROE0=-7.32% 非正
     1  EPS0=-0.0850／ROE0=-7.32% 非正
     1  EPS0=-0.0862／ROE0=-7.32% 非正
     1  EPS0=-0.0872／ROE0=-7.32% 非正
     1  EPS0=-0.0887／ROE0=-7.32% 非正
     1  EPS0=-0.1398／ROE0=-1.48% 非正
     1  EPS0=-0.1409／ROE0=-1.48% 非正
     1  EPS0=-0.1153／ROE0=-6.78% 非正
     1  EPS0=-0.1031／ROE0=-6.78% 非正
     1  EPS0=-0.0952／ROE0=-6.78% 非正
     1  EPS0=-0.0893／ROE0=-6.78% 非正
     1  EPS0=-0.1717／ROE0=-59.21% 非正
     1  EPS0=-0.1034／ROE0=-59.21% 非正
     1  EPS0=-0.0795／ROE0=-59.21% 非正
     1  EPS0=-0.0479／ROE0=-59.21% 非正
     1  EPS0=-0.0055／ROE0=-111.53% 非正
     1  EPS0=-0.2586／ROE0=-12.77% 非正
     1  EPS0=-0.2266／ROE0=-12.77% 非正
     1  EPS0=-0.2093／ROE0=-12.77% 非正
     1  EPS0=-0.2009／ROE0=-12.77% 非正
     1  EPS0=-0.0615／ROE0=-2.39% 非正
     1  EPS0=-0.0604／ROE0=-2.39% 非正
     1  EPS0=-0.0594／ROE0=-2.39% 非正
     1  EPS0=-0.0583／ROE0=-2.39% 非正
     1  EPS0=-0.2165／ROE0=-67.28% 非正
     1  EPS0=-0.1336／ROE0=-67.28% 非正
     1  EPS0=-0.0311／ROE0=-67.28% 非正
     1  EPS0=-0.0078／ROE0=-9.88% 非正
     1  EPS0=-0.0003／ROE0=-9.88% 非正
     1  EPS0=-0.0041／ROE0=-27.22% 非正
     1  EPS0=-0.0989／ROE0=-44.76% 非正
     1  EPS0=-0.0770／ROE0=-44.76% 非正
     1  EPS0=-0.0558／ROE0=-44.76% 非正
     1  EPS0=-0.0256／ROE0=-44.76% 非正
     1  EPS0=-0.0016／ROE0=-0.69% 非正
     1  EPS0=-0.0487／ROE0=-26.09% 非正
     1  EPS0=-0.0387／ROE0=-26.09% 非正
     1  EPS0=-0.0304／ROE0=-26.09% 非正
     1  EPS0=-0.0215／ROE0=-26.09% 非正
     1  EPS0=-0.3471／ROE0=-26.09% 非正
     1  EPS0=-0.3416／ROE0=-26.09% 非正
     1  EPS0=-0.3297／ROE0=-26.09% 非正
     1  EPS0=-0.3174／ROE0=-26.09% 非正
     1  EPS0=-0.0141／ROE0=-1.17% 非正
     1  EPS0=-0.1002／ROE0=-13.68% 非正
     1  EPS0=-0.0832／ROE0=-13.68% 非正
     1  EPS0=-0.0051／ROE0=-13.68% 非正
     1  EPS0=-0.0005／ROE0=-13.68% 非正
     1  EPS0=-0.0034／ROE0=-0.21% 非正
     1  EPS0=-0.1682／ROE0=-2.63% 非正
     1  EPS0=-0.1691／ROE0=-2.63% 非正
     1  EPS0=-0.1696／ROE0=-2.63% 非正
     1  EPS0=-0.1056／ROE0=-3.38% 非正
     1  EPS0=-0.0997／ROE0=-3.38% 非正
     1  EPS0=-0.0958／ROE0=-3.38% 非正
     1  EPS0=-0.0968／ROE0=-3.38% 非正
     1  EPS0=-0.2243／ROE0=-49.63% 非正
     1  EPS0=-0.2296／ROE0=-49.63% 非正
     1  EPS0=-0.2303／ROE0=-49.63% 非正
     1  EPS0=-0.2404／ROE0=-49.63% 非正
     1  EPS0=-0.0160／ROE0=-0.97% 非正
     1  EPS0=-0.0155／ROE0=-0.97% 非正
     1  EPS0=-0.0968／ROE0=-16.95% 非正
     1  EPS0=-0.0952／ROE0=-16.95% 非正
     1  EPS0=-0.0935／ROE0=-16.95% 非正
     1  EPS0=-0.0777／ROE0=-14.25% 非正
     1  EPS0=-0.0367／ROE0=-8.36% 非正
     1  EPS0=-0.0361／ROE0=-8.36% 非正
     1  EPS0=-0.0416／ROE0=-8.35% 非正
     1  EPS0=-0.0387／ROE0=-8.36% 非正
     1  EPS0=-0.0523／ROE0=-12.42% 非正
     1  EPS0=-0.0512／ROE0=-12.42% 非正
     1  EPS0=-0.0504／ROE0=-12.42% 非正
     1  EPS0=-0.0491／ROE0=-12.42% 非正
     1  EPS0=-0.0450／ROE0=-12.42% 非正
     1  EPS0=-0.0977／ROE0=-1.18% 非正
     1  EPS0=-0.0944／ROE0=-1.18% 非正
     1  EPS0=-0.0978／ROE0=-1.18% 非正
     1  EPS0=-0.0991／ROE0=-1.18% 非正
     1  EPS0=-0.0153／ROE0=-2.50% 非正
     1  EPS0=-0.0154／ROE0=-2.50% 非正
     1  EPS0=-0.0151／ROE0=-2.50% 非正
     1  EPS0=-0.0141／ROE0=-2.50% 非正
     1  EPS0=-0.0984／ROE0=-40.68% 非正
     1  EPS0=-0.0958／ROE0=-40.68% 非正
     1  EPS0=-0.0880／ROE0=-40.68% 非正
     1  EPS0=-0.1250／ROE0=-6.07% 非正
     1  EPS0=-0.1254／ROE0=-6.07% 非正
     1  EPS0=-0.2064／ROE0=-12.38% 非正
     1  EPS0=-0.1919／ROE0=-12.38% 非正
     1  EPS0=-0.1784／ROE0=-12.38% 非正
     1  EPS0=-0.1760／ROE0=-12.38% 非正
     1  EPS0=-0.2802／ROE0=-21.27% 非正
     1  EPS0=-0.2731／ROE0=-21.27% 非正
     1  EPS0=-0.1680／ROE0=-12.73% 非正
     1  EPS0=-0.0823／ROE0=-6.23% 非正
     1  EPS0=-0.0377／ROE0=-7.90% 非正
     1  EPS0=-0.0338／ROE0=-7.90% 非正
     1  EPS0=-0.0301／ROE0=-7.90% 非正
     1  EPS0=-0.0243／ROE0=-7.90% 非正
     1  EPS0=-0.0725／ROE0=-61.05% 非正
     1  EPS0=-0.0101／ROE0=-8.86% 非正
     1  EPS0=-0.2159／ROE0=-13.56% 非正
     1  EPS0=-0.2163／ROE0=-13.56% 非正
     1  EPS0=-0.2210／ROE0=-13.56% 非正
     1  EPS0=-0.2239／ROE0=-13.56% 非正
     1  EPS0=-0.0968／ROE0=-3.95% 非正
     1  EPS0=-0.1288／ROE0=-3.95% 非正
     1  EPS0=-0.1111／ROE0=-3.95% 非正
     1  EPS0=-0.0945／ROE0=-3.95% 非正
     1  EPS0=-0.1905／ROE0=-61.45% 非正
     1  EPS0=-0.0860／ROE0=-61.45% 非正
     1  EPS0=-0.3506／ROE0=-8.78% 非正
     1  EPS0=-0.3533／ROE0=-8.78% 非正
     1  EPS0=-0.3568／ROE0=-8.78% 非正
     1  EPS0=-0.3584／ROE0=-8.78% 非正
     1  EPS0=-0.4646／ROE0=-41.58% 非正
     1  EPS0=-0.3881／ROE0=-41.58% 非正
     1  EPS0=-0.2132／ROE0=-41.58% 非正
     1  EPS0=-0.1627／ROE0=-41.58% 非正
     1  EPS0=-1.8455／ROE0=-66.74% 非正
     1  EPS0=-1.2781／ROE0=-47.63% 非正
     1  EPS0=-1.1052／ROE0=-44.36% 非正
     1  EPS0=-0.2719／ROE0=-12.24% 非正
     1  EPS0=-0.2623／ROE0=-12.24% 非正
     1  EPS0=-0.2535／ROE0=-12.24% 非正
     1  EPS0=-0.1053／ROE0=-12.24% 非正
     1  EPS0=-0.1533／ROE0=-22.83% 非正
     1  EPS0=-0.1480／ROE0=-22.83% 非正
     1  EPS0=-0.1562／ROE0=-22.83% 非正
     1  EPS0=-0.1637／ROE0=-22.83% 非正
     1  EPS0=-0.1092／ROE0=-11.01% 非正
     1  EPS0=-0.1095／ROE0=-11.57% 非正
     1  EPS0=-0.1919／ROE0=-22.83% 非正
     1  EPS0=-0.1769／ROE0=-22.83% 非正
     1  EPS0=-0.7804／ROE0=-51.89% 非正
     1  EPS0=-0.7394／ROE0=-51.89% 非正
     1  EPS0=-0.6863／ROE0=-51.89% 非正
     1  EPS0=-0.0471／ROE0=-4.09% 非正
     1  EPS0=-0.0449／ROE0=-4.09% 非正
     1  EPS0=-0.0467／ROE0=-4.09% 非正
     1  EPS0=-0.0482／ROE0=-4.09% 非正
     1  EPS0=-0.1530／ROE0=-4.40% 非正
     1  EPS0=-0.1513／ROE0=-4.40% 非正
     1  EPS0=-0.1603／ROE0=-4.40% 非正
     1  EPS0=-0.0387／ROE0=-1.71% 非正
     1  EPS0=-0.0394／ROE0=-1.71% 非正
     1  EPS0=-0.0399／ROE0=-1.71% 非正
     1  EPS0=-0.0405／ROE0=-1.71% 非正
     1  EPS0=-0.0631／ROE0=-3.28% 非正
     1  EPS0=-0.0645／ROE0=-3.28% 非正
     1  EPS0=-0.3715／ROE0=-23.10% 非正
     1  EPS0=-0.3835／ROE0=-23.10% 非正
     1  EPS0=-0.3503／ROE0=-23.10% 非正
     1  EPS0=-0.3965／ROE0=-23.10% 非正
     1  EPS0=-0.0597／ROE0=-1.12% 非正
     1  EPS0=-0.0598／ROE0=-1.12% 非正
     1  EPS0=-0.6201／ROE0=-17.06% 非正
     1  EPS0=-0.5422／ROE0=-17.06% 非正
     1  EPS0=-0.4537／ROE0=-17.06% 非正
     1  EPS0=-0.3840／ROE0=-17.06% 非正
     1  EPS0=-0.0107／ROE0=-0.73% 非正
     1  EPS0=-0.0076／ROE0=-0.73% 非正
     1  EPS0=-0.0037／ROE0=-0.73% 非正
     1  EPS0=-0.0149／ROE0=-0.47% 非正
     1  EPS0=-0.0136／ROE0=-0.47% 非正
     1  EPS0=-0.0128／ROE0=-0.47% 非正
     1  EPS0=-0.0112／ROE0=-0.47% 非正
     1  EPS0=-0.3563／ROE0=-18.75% 非正
     1  EPS0=-0.2964／ROE0=-18.75% 非正
     1  EPS0=-0.2357／ROE0=-18.75% 非正
     1  EPS0=-0.1894／ROE0=-18.75% 非正
     1  EPS0=-0.1763／ROE0=-16.95% 非正
     1  EPS0=-0.1271／ROE0=-16.95% 非正
     1  EPS0=-0.0772／ROE0=-16.95% 非正
     1  EPS0=-0.0318／ROE0=-16.95% 非正
     1  EPS0=-0.1321／ROE0=-12.85% 非正
     1  EPS0=-0.1301／ROE0=-12.85% 非正
     1  EPS0=-0.1251／ROE0=-12.85% 非正
     1  EPS0=-0.0339／ROE0=-0.98% 非正
     1  EPS0=-0.0336／ROE0=-0.98% 非正
     1  EPS0=-0.0334／ROE0=-0.98% 非正
     1  EPS0=-0.0332／ROE0=-0.98% 非正
     1  EPS0=-0.0143／ROE0=-0.52% 非正
     1  EPS0=-0.0140／ROE0=-0.52% 非正
     1  EPS0=-0.0120／ROE0=-0.52% 非正
     1  EPS0=-0.0117／ROE0=-0.52% 非正
     1  EPS0=-0.0116／ROE0=-0.52% 非正
     1  EPS0=-0.0113／ROE0=-0.52% 非正
     1  EPS0=-0.1530／ROE0=-8.11% 非正
     1  EPS0=-0.1519／ROE0=-8.11% 非正
     1  EPS0=-0.1510／ROE0=-8.11% 非正
     1  EPS0=-0.1422／ROE0=-8.11% 非正
     1  EPS0=-0.1559／ROE0=-10.83% 非正
     1  EPS0=-0.1494／ROE0=-10.83% 非正
     1  EPS0=-0.1433／ROE0=-10.83% 非正
     1  EPS0=-0.4494／ROE0=-18.06% 非正
     1  EPS0=-0.4323／ROE0=-18.06% 非正
     1  EPS0=-0.4127／ROE0=-18.06% 非正
     1  EPS0=-0.3893／ROE0=-18.06% 非正
     1  EPS0=-0.4065／ROE0=-20.72% 非正
     1  EPS0=-0.3844／ROE0=-20.72% 非正
     1  EPS0=-0.3624／ROE0=-20.72% 非正
     1  EPS0=-0.3391／ROE0=-20.72% 非正
     1  EPS0=-0.3738／ROE0=-25.52% 非正
     1  EPS0=-0.3514／ROE0=-25.52% 非正
     1  EPS0=-0.3267／ROE0=-25.52% 非正
     1  EPS0=-0.3008／ROE0=-10.87% 非正
     1  EPS0=-0.2737／ROE0=-10.87% 非正
     1  EPS0=-0.2385／ROE0=-10.87% 非正
     1  EPS0=-0.2007／ROE0=-10.87% 非正
     1  EPS0=-0.1339／ROE0=-35.48% 非正
     1  EPS0=-0.0252／ROE0=-35.48% 非正
     1  EPS0=-0.2992／ROE0=-20.66% 非正
     1  EPS0=-0.2904／ROE0=-20.66% 非正
     1  EPS0=-0.3067／ROE0=-20.66% 非正
     1  EPS0=-0.3140／ROE0=-20.66% 非正
     1  EPS0=-0.1189／ROE0=-9.85% 非正
     1  EPS0=-0.1119／ROE0=-9.85% 非正
     1  EPS0=-0.1087／ROE0=-9.85% 非正
     1  EPS0=-0.1077／ROE0=-9.85% 非正
     1  EPS0=-0.2277／ROE0=-26.09% 非正
     1  EPS0=-0.2201／ROE0=-26.09% 非正
     1  EPS0=-0.2126／ROE0=-25.37% 非正
     1  EPS0=-0.1146／ROE0=-4.11% 非正
     1  EPS0=-0.1129／ROE0=-4.11% 非正
     1  EPS0=-0.1091／ROE0=-4.11% 非正
     1  EPS0=-0.0608／ROE0=-4.11% 非正
     1  EPS0=-0.2388／ROE0=-11.92% 非正
     1  EPS0=-0.2405／ROE0=-11.92% 非正
     1  EPS0=-0.2442／ROE0=-11.92% 非正
     1  EPS0=-0.2444／ROE0=-11.92% 非正
     1  EPS0=-0.0141／ROE0=-0.70% 非正
     1  EPS0=-0.0307／ROE0=-2.06% 非正
     1  EPS0=-0.0304／ROE0=-2.06% 非正
     1  EPS0=-0.0717／ROE0=-5.00% 非正
     1  EPS0=-0.0712／ROE0=-5.00% 非正
     1  EPS0=-0.0705／ROE0=-5.00% 非正
     1  EPS0=-0.2290／ROE0=-10.91% 非正
     1  EPS0=-0.2234／ROE0=-10.91% 非正
     1  EPS0=-0.2231／ROE0=-10.91% 非正
     1  EPS0=-0.2165／ROE0=-10.91% 非正
     1  EPS0=-0.0917／ROE0=-2.86% 非正
     1  EPS0=-0.0896／ROE0=-2.86% 非正
     1  EPS0=-0.0876／ROE0=-2.86% 非正
     1  EPS0=-0.0814／ROE0=-2.86% 非正
     1  EPS0=-0.3843／ROE0=-34.28% 非正
     1  EPS0=-0.3825／ROE0=-34.28% 非正
     1  EPS0=-0.3519／ROE0=-34.28% 非正
     1  EPS0=-0.2800／ROE0=-34.28% 非正
     1  EPS0=-0.0023／ROE0=-9.87% 非正
     1  EPS0=-0.0062／ROE0=-4.07% 非正
     1  EPS0=-0.0058／ROE0=-4.07% 非正
     1  EPS0=-0.0112／ROE0=-9.13% 非正
     1  EPS0=-0.0092／ROE0=-9.13% 非正
     1  EPS0=-0.0078／ROE0=-9.13% 非正
     1  EPS0=-0.0014／ROE0=-9.13% 非正
     1  EPS0=-0.0785／ROE0=-2.42% 非正
     1  EPS0=-0.0786／ROE0=-2.42% 非正
     1  EPS0=-0.0787／ROE0=-2.42% 非正
     1  EPS0=-0.0759／ROE0=-2.34% 非正
     1  EPS0=-0.0678／ROE0=-1.80% 非正
     1  EPS0=-0.0687／ROE0=-1.80% 非正
     1  EPS0=-0.0707／ROE0=-1.80% 非正
     1  EPS0=-0.4781／ROE0=-24.72% 非正
     1  EPS0=-0.4705／ROE0=-24.72% 非正
     1  EPS0=-0.4561／ROE0=-24.72% 非正
     1  EPS0=-0.4482／ROE0=-24.72% 非正
     1  EPS0=-0.3153／ROE0=-71.12% 非正
     1  EPS0=-0.1804／ROE0=-71.12% 非正
     1  EPS0=-0.0776／ROE0=-71.12% 非正
     1  EPS0=-0.3459／ROE0=-71.12% 非正
     1  EPS0=-0.1301／ROE0=-74.09% 非正
     1  EPS0=-0.0359／ROE0=-74.09% 非正
     1  EPS0=-0.0318／ROE0=-74.09% 非正
     1  EPS0=-0.1178／ROE0=-74.09% 非正
     1  EPS0=-0.0013／ROE0=-8.66% 非正
     1  EPS0=-0.0245／ROE0=-35.53% 非正
     1  EPS0=-0.6277／ROE0=-18.29% 非正
     1  EPS0=-0.5642／ROE0=-18.29% 非正
     1  EPS0=-0.3827／ROE0=-18.29% 非正
     1  EPS0=-0.2199／ROE0=-7.80% 非正
     1  EPS0=-0.2151／ROE0=-7.80% 非正
     1  EPS0=-0.2155／ROE0=-7.80% 非正
     1  EPS0=-0.2156／ROE0=-7.80% 非正
     1  EPS0=-0.0077／ROE0=-0.23% 非正
     1  EPS0=-0.0078／ROE0=-0.23% 非正
     1  EPS0=-0.2024／ROE0=-6.23% 非正
     1  EPS0=-0.2067／ROE0=-6.23% 非正
     1  EPS0=-0.2127／ROE0=-6.23% 非正
     1  EPS0=-0.2094／ROE0=-6.23% 非正
     1  EPS0=-0.1414／ROE0=-5.49% 非正
     1  EPS0=-0.1417／ROE0=-5.49% 非正
     1  EPS0=-0.1442／ROE0=-5.49% 非正
     1  EPS0=-0.1470／ROE0=-5.49% 非正
     1  EPS0=-0.1813／ROE0=-6.10% 非正
     1  EPS0=-0.1839／ROE0=-6.10% 非正
     1  EPS0=-0.1784／ROE0=-6.10% 非正
     1  EPS0=-0.1816／ROE0=-6.10% 非正
     1  EPS0=-0.0145／ROE0=-0.46% 非正
     1  EPS0=-0.0332／ROE0=-1.04% 非正
     1  EPS0=-0.0322／ROE0=-1.04% 非正
     1  EPS0=-0.0305／ROE0=-1.04% 非正
     1  EPS0=-0.0287／ROE0=-1.04% 非正
     1  EPS0=-0.6986／ROE0=-27.66% 非正
     1  EPS0=-0.3327／ROE0=-27.66% 非正
     1  EPS0=-0.3517／ROE0=-27.66% 非正
     1  EPS0=-0.3507／ROE0=-27.66% 非正
     1  EPS0=-0.0927／ROE0=-3.72% 非正
     1  EPS0=-0.0887／ROE0=-3.72% 非正
     1  EPS0=-0.0857／ROE0=-3.72% 非正
     1  EPS0=-0.0816／ROE0=-3.72% 非正
     1  EPS0=-0.2908／ROE0=-15.22% 非正
     1  EPS0=-0.3019／ROE0=-15.22% 非正
     1  EPS0=-0.2815／ROE0=-15.22% 非正
     1  EPS0=-0.2657／ROE0=-15.22% 非正
     1  EPS0=-0.2425／ROE0=-56.16% 非正
     1  EPS0=-0.1594／ROE0=-56.16% 非正
     1  EPS0=-0.0354／ROE0=-56.16% 非正
     1  EPS0=-0.2320／ROE0=-6.00% 非正
     1  EPS0=-0.1651／ROE0=-6.00% 非正
     1  EPS0=-0.1621／ROE0=-6.00% 非正
     1  EPS0=-0.1603／ROE0=-6.00% 非正
     1  EPS0=-0.0228／ROE0=-75.88% 非正
     1  EPS0=-0.0472／ROE0=-2.26% 非正
     1  EPS0=-0.0464／ROE0=-2.26% 非正
     1  EPS0=-0.0450／ROE0=-2.26% 非正
     1  EPS0=-0.0441／ROE0=-2.26% 非正
     1  EPS0=-0.1090／ROE0=-5.99% 非正
     1  EPS0=-0.1056／ROE0=-5.99% 非正
     1  EPS0=-0.1028／ROE0=-5.99% 非正
     1  EPS0=-0.1040／ROE0=-5.99% 非正
     1  EPS0=-0.6569／ROE0=-40.55% 非正
     1  EPS0=-0.9501／ROE0=-40.55% 非正
     1  EPS0=-0.4323／ROE0=-40.55% 非正
     1  EPS0=-0.1290／ROE0=-40.55% 非正
     1  EPS0=-0.0227／ROE0=-0.70% 非正
     1  EPS0=-0.0228／ROE0=-0.70% 非正
     1  EPS0=-0.0493／ROE0=-2.15% 非正
     1  EPS0=-0.0484／ROE0=-2.15% 非正
     1  EPS0=-0.0468／ROE0=-2.15% 非正
     1  EPS0=-0.0456／ROE0=-2.15% 非正
     1  EPS0=-0.2263／ROE0=-11.15% 非正
     1  EPS0=-0.2224／ROE0=-11.15% 非正
     1  EPS0=-0.2163／ROE0=-11.15% 非正
     1  EPS0=-0.1759／ROE0=-7.80% 非正
     1  EPS0=-0.1749／ROE0=-7.80% 非正
     1  EPS0=-0.1716／ROE0=-7.80% 非正
     1  EPS0=-0.1693／ROE0=-7.80% 非正
     1  EPS0=-0.0112／ROE0=-0.31% 非正
     1  EPS0=-0.0114／ROE0=-0.31% 非正
     1  EPS0=-0.0292／ROE0=-0.96% 非正
     1  EPS0=-0.0297／ROE0=-0.96% 非正
     1  EPS0=-0.0299／ROE0=-0.96% 非正
     1  EPS0=-0.0298／ROE0=-0.96% 非正
     1  EPS0=-0.2024／ROE0=-13.72% 非正
     1  EPS0=-0.1867／ROE0=-13.72% 非正
     1  EPS0=-0.1706／ROE0=-13.72% 非正
     1  EPS0=-0.1609／ROE0=-13.72% 非正
     1  EPS0=-0.1240／ROE0=-12.33% 非正
     1  EPS0=-0.1221／ROE0=-12.33% 非正
     1  EPS0=-0.1160／ROE0=-12.33% 非正
     1  EPS0=-0.1180／ROE0=-10.59% 非正
     1  EPS0=-0.0847／ROE0=-3.30% 非正
     1  EPS0=-0.0846／ROE0=-3.30% 非正
     1  EPS0=-0.0841／ROE0=-3.30% 非正
     1  EPS0=-0.0839／ROE0=-3.30% 非正
     1  EPS0=-0.2096／ROE0=-12.86% 非正
     1  EPS0=-0.2079／ROE0=-12.86% 非正
     1  EPS0=-0.2097／ROE0=-12.86% 非正
     1  EPS0=-0.2139／ROE0=-12.86% 非正
     1  EPS0=-0.0206／ROE0=-1.77% 非正
     1  EPS0=-0.0573／ROE0=-5.53% 非正
     1  EPS0=-0.0565／ROE0=-5.53% 非正
     1  EPS0=-0.0552／ROE0=-5.53% 非正
     1  EPS0=-0.0582／ROE0=-5.53% 非正
     1  EPS0=-0.1359／ROE0=-20.06% 非正
     1  EPS0=-0.1369／ROE0=-20.06% 非正
     1  EPS0=-0.1542／ROE0=-20.06% 非正
     1  EPS0=-0.1454／ROE0=-20.06% 非正
     1  EPS0=-0.1058／ROE0=-11.78% 非正
     1  EPS0=-0.1049／ROE0=-11.78% 非正
     1  EPS0=-0.1035／ROE0=-11.78% 非正
     1  EPS0=-0.1053／ROE0=-11.78% 非正
     1  EPS0=-0.0546／ROE0=-11.79% 非正
     1  EPS0=-0.0559／ROE0=-11.79% 非正
     1  EPS0=-0.0556／ROE0=-11.79% 非正
     1  EPS0=-0.0619／ROE0=-11.79% 非正
     1  EPS0=-0.0127／ROE0=-7.57% 非正
     1  EPS0=-0.0114／ROE0=-7.57% 非正
     1  EPS0=-0.0103／ROE0=-7.57% 非正
     1  EPS0=-0.0079／ROE0=-7.57% 非正
     1  EPS0=-0.0081／ROE0=-7.57% 非正
     1  EPS0=-0.3728／ROE0=-36.03% 非正
     1  EPS0=-0.3425／ROE0=-36.03% 非正
     1  EPS0=-0.2895／ROE0=-36.03% 非正
     1  EPS0=-0.2826／ROE0=-36.03% 非正
     1  EPS0=-0.0773／ROE0=-1.97% 非正
     1  EPS0=-0.0774／ROE0=-1.97% 非正
     1  EPS0=-0.0794／ROE0=-1.97% 非正
     1  EPS0=-0.1992／ROE0=-6.46% 非正
     1  EPS0=-0.1984／ROE0=-6.46% 非正
     1  EPS0=-0.4003／ROE0=-29.22% 非正
     1  EPS0=-0.4032／ROE0=-29.22% 非正
     1  EPS0=-0.4034／ROE0=-29.22% 非正
     1  EPS0=-0.4026／ROE0=-29.22% 非正
     1  EPS0=-0.0243／ROE0=-1.49% 非正
     1  EPS0=-0.0240／ROE0=-1.49% 非正
     1  EPS0=-0.0737／ROE0=-4.96% 非正
     1  EPS0=-0.0738／ROE0=-4.96% 非正
     1  EPS0=-0.0445／ROE0=-4.96% 非正
     1  EPS0=-0.0425／ROE0=-4.96% 非正
     1  EPS0=-0.0388／ROE0=-4.97% 非正
     1  EPS0=-0.0377／ROE0=-4.97% 非正
     1  EPS0=-0.0299／ROE0=-4.97% 非正
     1  EPS0=-0.0298／ROE0=-4.97% 非正
     1  EPS0=-0.0779／ROE0=-10.81% 非正
     1  EPS0=-0.0785／ROE0=-10.81% 非正
     1  EPS0=-0.0532／ROE0=-8.09% 非正
     1  EPS0=-0.0606／ROE0=-9.37% 非正
     1  EPS0=-0.0335／ROE0=-4.97% 非正
     1  EPS0=-0.0333／ROE0=-4.97% 非正
     1  EPS0=-0.0307／ROE0=-4.97% 非正
     1  EPS0=-0.0277／ROE0=-4.97% 非正
     1  EPS0=-0.1147／ROE0=-22.68% 非正
     1  EPS0=-0.1087／ROE0=-22.68% 非正
     1  EPS0=-0.0989／ROE0=-22.68% 非正
     1  EPS0=-0.1679／ROE0=-4.77% 非正
     1  EPS0=-0.1682／ROE0=-4.77% 非正
     1  EPS0=-0.0288／ROE0=-13.92% 非正
     1  EPS0=-0.0362／ROE0=-13.92% 非正
     1  EPS0=-0.1573／ROE0=-6.17% 非正
     1  EPS0=-0.1496／ROE0=-6.17% 非正
     1  EPS0=-0.1356／ROE0=-6.17% 非正
     1  EPS0=-0.1112／ROE0=-6.17% 非正
     1  EPS0=-0.3806／ROE0=-34.60% 非正
     1  EPS0=-0.3056／ROE0=-34.60% 非正
     1  EPS0=-0.3160／ROE0=-34.60% 非正
     1  EPS0=-0.1799／ROE0=-34.60% 非正
     1  EPS0=-0.2997／ROE0=-19.46% 非正
     1  EPS0=-0.3184／ROE0=-19.46% 非正
     1  EPS0=-0.5100／ROE0=-10.81% 非正
     1  EPS0=-0.5070／ROE0=-10.81% 非正
     1  EPS0=-0.4704／ROE0=-10.81% 非正
     1  EPS0=-0.4689／ROE0=-10.81% 非正
     1  EPS0=-0.6747／ROE0=-26.68% 非正
     1  EPS0=-0.6050／ROE0=-26.68% 非正
     1  EPS0=-0.3056／ROE0=-26.68% 非正
     1  EPS0=-0.1931／ROE0=-26.68% 非正
     1  EPS0=-0.1764／ROE0=-81.11% 非正
     1  EPS0=-0.1188／ROE0=-81.11% 非正
     1  EPS0=-0.0733／ROE0=-81.11% 非正
     1  EPS0=-0.0136／ROE0=-81.11% 非正
     1  EPS0=-0.1768／ROE0=-8.59% 非正
     1  EPS0=-0.8024／ROE0=-11.52% 非正
     1  EPS0=-0.7654／ROE0=-11.52% 非正
     1  EPS0=-0.7132／ROE0=-11.52% 非正
     1  EPS0=-0.6063／ROE0=-11.52% 非正
     1  EPS0=-1.1398／ROE0=-29.97% 非正
     1  EPS0=-1.0111／ROE0=-29.97% 非正
     1  EPS0=-0.9205／ROE0=-29.97% 非正
     1  EPS0=-0.7694／ROE0=-29.97% 非正
     1  EPS0=-0.7897／ROE0=-64.66% 非正
     1  EPS0=-0.5942／ROE0=-64.66% 非正
     1  EPS0=-0.3139／ROE0=-64.66% 非正
     1  EPS0=-0.1195／ROE0=-15.33% 非正
     1  EPS0=-0.1180／ROE0=-15.33% 非正
     1  EPS0=-0.1002／ROE0=-15.33% 非正
     1  EPS0=-0.0947／ROE0=-15.33% 非正
     1  EPS0=-0.2464／ROE0=-7.95% 非正
     1  EPS0=-0.2433／ROE0=-7.95% 非正
     1  EPS0=-0.2398／ROE0=-7.95% 非正
     1  EPS0=-0.2363／ROE0=-7.95% 非正
     1  EPS0=-0.3748／ROE0=-14.35% 非正
     1  EPS0=-0.3678／ROE0=-14.35% 非正
     1  EPS0=-0.3624／ROE0=-14.35% 非正
     1  EPS0=-0.3576／ROE0=-14.35% 非正
     1  EPS0=-0.3609／ROE0=-16.75% 非正
     1  EPS0=-0.3531／ROE0=-16.75% 非正
     1  EPS0=-0.3436／ROE0=-16.75% 非正
     1  EPS0=-0.3349／ROE0=-16.75% 非正
     1  EPS0=-0.3016／ROE0=-17.15% 非正
     1  EPS0=-0.2017／ROE0=-11.37% 非正
     1  EPS0=-0.1298／ROE0=-7.37% 非正
     1  EPS0=-0.0503／ROE0=-2.87% 非正
     1  EPS0=-0.0361／ROE0=-2.22% 非正
     1  EPS0=-1.1077／ROE0=-10.96% 非正
     1  EPS0=-1.0912／ROE0=-10.96% 非正
     1  EPS0=-1.0410／ROE0=-10.96% 非正
     1  EPS0=-0.0406／ROE0=-1.53% 非正
     1  EPS0=-0.0364／ROE0=-1.53% 非正
     1  EPS0=-0.0272／ROE0=-1.53% 非正
     1  EPS0=-0.2930／ROE0=-15.75% 非正
     1  EPS0=-0.2881／ROE0=-15.75% 非正
     1  EPS0=-0.0820／ROE0=-4.21% 非正
     1  EPS0=-0.3117／ROE0=-5.70% 非正
     1  EPS0=-0.3165／ROE0=-5.70% 非正
     1  EPS0=-0.3212／ROE0=-5.70% 非正
     1  EPS0=-0.3244／ROE0=-5.70% 非正
     1  EPS0=-0.2373／ROE0=-5.46% 非正
     1  EPS0=-0.2335／ROE0=-5.46% 非正
     1  EPS0=-0.2328／ROE0=-5.46% 非正
     1  EPS0=-0.2339／ROE0=-5.46% 非正
     1  EPS0=-0.1191／ROE0=-6.50% 非正
     1  EPS0=-0.1197／ROE0=-6.50% 非正
     1  EPS0=-0.1109／ROE0=-6.50% 非正
     1  EPS0=-0.0999／ROE0=-6.50% 非正
     1  EPS0=-0.2380／ROE0=-17.84% 非正
     1  EPS0=-0.2486／ROE0=-17.84% 非正
     1  EPS0=-0.2381／ROE0=-17.84% 非正
     1  EPS0=-0.1912／ROE0=-14.70% 非正
     1  EPS0=-0.0951／ROE0=-70.13% 非正
     1  EPS0=-0.1942／ROE0=-8.56% 非正
     1  EPS0=-0.1901／ROE0=-8.56% 非正
     1  EPS0=-0.1928／ROE0=-8.56% 非正
     1  EPS0=-0.1975／ROE0=-8.56% 非正
     1  EPS0=-0.4229／ROE0=-28.27% 非正
     1  EPS0=-0.4077／ROE0=-28.27% 非正
     1  EPS0=-0.4172／ROE0=-28.27% 非正
     1  EPS0=-0.3942／ROE0=-28.27% 非正
     1  EPS0=-0.3300／ROE0=-41.17% 非正
     1  EPS0=-0.3358／ROE0=-41.17% 非正
     1  EPS0=-0.3533／ROE0=-41.17% 非正
     1  EPS0=-0.3639／ROE0=-41.17% 非正
     1  EPS0=-0.0540／ROE0=-11.43% 非正
     1  EPS0=-0.0427／ROE0=-11.43% 非正
     1  EPS0=-0.0418／ROE0=-11.43% 非正
     1  EPS0=-0.0352／ROE0=-11.43% 非正
     1  EPS0=-0.0605／ROE0=-12.36% 非正
     1  EPS0=-0.0147／ROE0=-12.36% 非正
     1  EPS0=-0.0229／ROE0=-12.36% 非正
     1  EPS0=-0.0239／ROE0=-12.36% 非正
     1  EPS0=-0.0241／ROE0=-12.36% 非正
     1  EPS0=-0.0881／ROE0=-3.15% 非正
     1  EPS0=-0.0857／ROE0=-3.15% 非正
     1  EPS0=-0.0840／ROE0=-3.15% 非正
     1  EPS0=-0.0217／ROE0=-1.95% 非正
     1  EPS0=-0.0215／ROE0=-1.95% 非正
     1  EPS0=-0.0207／ROE0=-1.95% 非正
     1  EPS0=-0.0198／ROE0=-1.95% 非正
     1  EPS0=-0.0506／ROE0=-8.35% 非正
     1  EPS0=-0.0508／ROE0=-8.35% 非正
     1  EPS0=-0.0473／ROE0=-8.35% 非正
     1  EPS0=-0.1188／ROE0=-10.48% 非正
     1  EPS0=-0.1156／ROE0=-10.48% 非正
     1  EPS0=-0.0837／ROE0=-10.48% 非正
     1  EPS0=-0.0778／ROE0=-10.48% 非正
     1  EPS0=-0.1571／ROE0=-39.72% 非正
     1  EPS0=-0.1428／ROE0=-39.72% 非正
     1  EPS0=-0.1463／ROE0=-39.72% 非正
     1  EPS0=-0.1597／ROE0=-39.72% 非正
     1  EPS0=-0.3417／ROE0=-22.24% 非正
     1  EPS0=-0.3073／ROE0=-22.24% 非正
     1  EPS0=-0.2818／ROE0=-22.24% 非正
     1  EPS0=-0.1208／ROE0=-6.33% 非正
     1  EPS0=-0.1188／ROE0=-6.33% 非正
     1  EPS0=-0.1210／ROE0=-6.33% 非正
     1  EPS0=-0.1227／ROE0=-6.33% 非正
     1  EPS0=-0.0446／ROE0=-4.09% 非正
     1  EPS0=-0.0404／ROE0=-4.09% 非正
     1  EPS0=-0.0369／ROE0=-4.09% 非正
     1  EPS0=-0.0330／ROE0=-4.09% 非正
     1  EPS0=-0.3012／ROE0=-50.88% 非正
     1  EPS0=-0.2564／ROE0=-50.88% 非正
     1  EPS0=-0.2000／ROE0=-50.88% 非正
     1  EPS0=-0.1471／ROE0=-50.88% 非正
     1  EPS0=-0.1024／ROE0=-94.19% 非正
     1  EPS0=-0.0482／ROE0=-94.19% 非正
     1  EPS0=-0.0190／ROE0=-94.19% 非正
     1  EPS0=-0.0458／ROE0=-1.67% 非正
     1  EPS0=-0.0450／ROE0=-1.67% 非正
     1  EPS0=-0.0448／ROE0=-1.67% 非正
     1  EPS0=-0.0453／ROE0=-1.67% 非正
     1  EPS0=-0.1573／ROE0=-10.55% 非正
     1  EPS0=-0.1318／ROE0=-10.55% 非正
     1  EPS0=-0.1324／ROE0=-10.55% 非正
     1  EPS0=-0.1212／ROE0=-10.55% 非正
     1  EPS0=-0.1011／ROE0=-10.55% 非正
     1  EPS0=-0.0961／ROE0=-10.55% 非正
     1  EPS0=-0.0941／ROE0=-10.55% 非正
     1  EPS0=-0.1021／ROE0=-10.55% 非正
     1  EPS0=-0.1007／ROE0=-14.83% 非正
     1  EPS0=-0.1064／ROE0=-14.83% 非正
     1  EPS0=-0.1675／ROE0=-11.14% 非正
     1  EPS0=-0.1611／ROE0=-11.14% 非正
     1  EPS0=-0.1572／ROE0=-11.14% 非正
     1  EPS0=-0.1504／ROE0=-11.14% 非正
     1  EPS0=-0.1336／ROE0=-11.14% 非正
     1  EPS0=-0.1281／ROE0=-11.14% 非正
     1  EPS0=-0.1254／ROE0=-11.14% 非正
     1  EPS0=-0.5495／ROE0=-11.44% 非正
     1  EPS0=-0.5335／ROE0=-11.44% 非正
     1  EPS0=-0.4780／ROE0=-11.44% 非正
     1  EPS0=-0.4410／ROE0=-11.44% 非正
     1  EPS0=-0.6772／ROE0=-24.22% 非正
     1  EPS0=-0.6588／ROE0=-24.22% 非正
     1  EPS0=-0.6286／ROE0=-24.22% 非正
     1  EPS0=-0.4013／ROE0=-13.88% 非正
     1  EPS0=-0.2643／ROE0=-11.59% 非正
     1  EPS0=-0.1982／ROE0=-11.59% 非正
     1  EPS0=-0.0266／ROE0=-2.05% 非正
     1  EPS0=-0.0239／ROE0=-2.05% 非正
     1  EPS0=-0.0205／ROE0=-2.05% 非正
     1  EPS0=-0.0182／ROE0=-2.05% 非正
     1  EPS0=-0.0850／ROE0=-60.68% 非正
     1  EPS0=-0.0608／ROE0=-60.68% 非正
     1  EPS0=-0.0485／ROE0=-60.68% 非正
     1  EPS0=-0.0303／ROE0=-60.68% 非正
     1  EPS0=-0.0064／ROE0=-38.09% 非正
     1  EPS0=-0.0006／ROE0=-2.91% 非正
     1  EPS0=-0.0335／ROE0=-0.85% 非正
     1  EPS0=-0.0333／ROE0=-0.85% 非正
     1  EPS0=-0.3211／ROE0=-16.29% 非正
     1  EPS0=-0.2849／ROE0=-16.29% 非正
     1  EPS0=-0.2231／ROE0=-16.29% 非正
     1  EPS0=-0.1444／ROE0=-16.29% 非正
     1  EPS0=-0.0085／ROE0=-17.92% 非正
     1  EPS0=-0.1421／ROE0=-4.28% 非正
     1  EPS0=-0.1373／ROE0=-4.28% 非正
     1  EPS0=-0.1368／ROE0=-4.28% 非正
     1  EPS0=-0.1363／ROE0=-4.28% 非正
     1  EPS0=-0.2346／ROE0=-8.09% 非正
     1  EPS0=-0.2255／ROE0=-8.09% 非正
     1  EPS0=-0.2273／ROE0=-8.09% 非正
     1  EPS0=-0.2347／ROE0=-8.09% 非正
     1  EPS0=-0.0658／ROE0=-5.72% 非正
     1  EPS0=-0.0661／ROE0=-5.72% 非正
     1  EPS0=-0.0647／ROE0=-5.60% 非正
     1  EPS0=-0.0667／ROE0=-5.72% 非正
     1  EPS0=-0.1913／ROE0=-3.74% 非正
     1  EPS0=-0.1858／ROE0=-3.74% 非正
     1  EPS0=-0.1784／ROE0=-3.74% 非正
     1  EPS0=-0.1674／ROE0=-3.74% 非正
     1  EPS0=-0.6077／ROE0=-18.64% 非正
     1  EPS0=-0.0229／ROE0=-0.94% 非正
     1  EPS0=-0.0227／ROE0=-0.94% 非正
     1  EPS0=-0.0230／ROE0=-0.94% 非正
     1  EPS0=-0.0234／ROE0=-0.94% 非正
     1  EPS0=-0.0240／ROE0=-0.94% 非正
     1  EPS0=-0.0228／ROE0=-0.99% 非正
     1  EPS0=-0.2830／ROE0=-18.38% 非正
     1  EPS0=-0.2586／ROE0=-18.38% 非正
     1  EPS0=-0.2355／ROE0=-18.38% 非正
     1  EPS0=-0.2152／ROE0=-18.38% 非正
     1  EPS0=-0.2807／ROE0=-38.99% 非正
     1  EPS0=-0.2624／ROE0=-38.99% 非正
     1  EPS0=-0.2573／ROE0=-38.99% 非正
     1  EPS0=-0.2749／ROE0=-38.99% 非正
     1  EPS0=-0.1611／ROE0=-5.62% 非正
     1  EPS0=-0.1625／ROE0=-5.62% 非正
     1  EPS0=-0.1628／ROE0=-5.62% 非正
     1  EPS0=-0.1631／ROE0=-5.62% 非正
     1  EPS0=-0.1393／ROE0=-9.52% 非正
     1  EPS0=-0.1413／ROE0=-9.52% 非正
     1  EPS0=-0.1430／ROE0=-9.52% 非正
     1  EPS0=-0.1163／ROE0=-7.62% 非正
     1  EPS0=-0.0185／ROE0=-0.86% 非正
     1  EPS0=-0.0582／ROE0=-2.90% 非正
     1  EPS0=-0.0584／ROE0=-2.90% 非正
     1  EPS0=-0.1735／ROE0=-11.62% 非正
     1  EPS0=-0.1683／ROE0=-11.62% 非正
     1  EPS0=-0.1653／ROE0=-11.62% 非正
     1  EPS0=-0.3044／ROE0=-10.66% 非正
     1  EPS0=-0.2207／ROE0=-10.66% 非正
     1  EPS0=-0.0722／ROE0=-2.47% 非正
     1  EPS0=-0.0723／ROE0=-2.47% 非正
     1  EPS0=-0.0725／ROE0=-2.47% 非正
     1  EPS0=-0.0728／ROE0=-2.47% 非正
     1  EPS0=-0.2946／ROE0=-21.04% 非正
     1  EPS0=-0.2749／ROE0=-21.04% 非正
     1  EPS0=-0.2608／ROE0=-21.04% 非正
     1  EPS0=-0.2655／ROE0=-21.04% 非正
     1  EPS0=-0.1351／ROE0=-1.70% 非正
     1  EPS0=-0.1332／ROE0=-1.70% 非正
     1  EPS0=-0.1307／ROE0=-1.70% 非正
     1  EPS0=-0.1297／ROE0=-1.70% 非正
     1  EPS0=-0.2500／ROE0=-7.22% 非正
     1  EPS0=-0.2248／ROE0=-7.22% 非正
     1  EPS0=-0.2114／ROE0=-7.22% 非正
     1  EPS0=-0.2079／ROE0=-7.22% 非正
     1  EPS0=-0.4931／ROE0=-24.41% 非正
     1  EPS0=-0.4226／ROE0=-24.41% 非正
     1  EPS0=-0.1465／ROE0=-24.41% 非正
     1  EPS0=-0.1147／ROE0=-24.41% 非正
     1  EPS0=-0.1782／ROE0=-29.70% 非正
     1  EPS0=-0.1048／ROE0=-17.40% 非正
     1  EPS0=-0.0297／ROE0=-5.57% 非正
     1  EPS0=-0.0570／ROE0=-1.44% 非正
     1  EPS0=-0.0550／ROE0=-1.44% 非正
     1  EPS0=-0.0546／ROE0=-1.44% 非正
     1  EPS0=-0.0541／ROE0=-1.44% 非正
     1  EPS0=-0.1532／ROE0=-4.23% 非正
     1  EPS0=-0.1524／ROE0=-4.23% 非正
     1  EPS0=-0.1458／ROE0=-4.23% 非正
     1  EPS0=-0.1443／ROE0=-4.23% 非正
     1  EPS0=-0.2155／ROE0=-6.11% 非正
     1  EPS0=-0.2162／ROE0=-6.11% 非正
     1  EPS0=-0.2048／ROE0=-6.11% 非正
     1  EPS0=-0.2025／ROE0=-6.11% 非正
     1  EPS0=-0.2696／ROE0=-9.18% 非正
     1  EPS0=-0.2715／ROE0=-9.18% 非正
     1  EPS0=-0.2594／ROE0=-9.18% 非正
     1  EPS0=-0.1513／ROE0=-3.23% 非正
     1  EPS0=-0.1501／ROE0=-3.23% 非正
     1  EPS0=-0.1478／ROE0=-3.23% 非正
     1  EPS0=-0.1446／ROE0=-3.23% 非正
     1  EPS0=-0.4244／ROE0=-11.79% 非正
     1  EPS0=-0.3148／ROE0=-11.79% 非正
     1  EPS0=-0.3136／ROE0=-11.79% 非正
     1  EPS0=-0.3100／ROE0=-11.79% 非正
     1  EPS0=-0.1499／ROE0=-4.39% 非正
     1  EPS0=-0.1418／ROE0=-4.39% 非正
     1  EPS0=-0.1428／ROE0=-4.39% 非正
     1  EPS0=-0.1501／ROE0=-4.39% 非正
     1  EPS0=-0.0803／ROE0=-2.08% 非正
     1  EPS0=-0.0801／ROE0=-2.08% 非正
     1  EPS0=-0.0825／ROE0=-2.08% 非正
     1  EPS0=-0.0823／ROE0=-2.99% 非正
     1  EPS0=-0.0792／ROE0=-2.99% 非正
     1  EPS0=-0.0849／ROE0=-2.99% 非正
     1  EPS0=-0.0831／ROE0=-2.99% 非正
     1  EPS0=-0.0888／ROE0=-5.45% 非正
     1  EPS0=-0.0886／ROE0=-5.45% 非正
     1  EPS0=-0.0876／ROE0=-5.45% 非正
     1  EPS0=-0.0869／ROE0=-5.45% 非正
     1  EPS0=-0.1026／ROE0=-7.40% 非正
     1  EPS0=-0.1006／ROE0=-7.40% 非正
     1  EPS0=-0.0999／ROE0=-7.40% 非正
     1  EPS0=-0.0972／ROE0=-7.40% 非正
     1  EPS0=-0.0170／ROE0=-0.55% 非正
     1  EPS0=-0.0172／ROE0=-0.55% 非正
     1  EPS0=-0.0463／ROE0=-4.93% 非正
     1  EPS0=-0.0452／ROE0=-4.93% 非正
     1  EPS0=-0.0436／ROE0=-4.93% 非正
     1  EPS0=-0.0438／ROE0=-4.93% 非正
     1  EPS0=-0.0614／ROE0=-2.51% 非正
     1  EPS0=-0.0593／ROE0=-2.51% 非正
     1  EPS0=-0.0534／ROE0=-2.51% 非正
     1  EPS0=-0.0541／ROE0=-2.51% 非正
     1  EPS0=-0.0566／ROE0=-2.56% 非正
     1  EPS0=-0.0567／ROE0=-2.56% 非正
     1  EPS0=-0.0570／ROE0=-2.56% 非正
     1  EPS0=-0.0582／ROE0=-2.56% 非正
     1  EPS0=-0.2811／ROE0=-39.59% 非正
     1  EPS0=-0.2530／ROE0=-39.59% 非正
     1  EPS0=-0.2232／ROE0=-39.59% 非正
     1  EPS0=-0.2105／ROE0=-39.59% 非正
     1  EPS0=-0.0009／ROE0=-0.02% 非正
     1  EPS0=-0.0002／ROE0=-0.02% 非正
     1  EPS0=-0.0561／ROE0=-2.06% 非正
     1  EPS0=-0.0563／ROE0=-2.06% 非正
     1  EPS0=-0.0564／ROE0=-2.06% 非正
     1  EPS0=-0.0557／ROE0=-2.06% 非正
     1  EPS0=-0.0705／ROE0=-1.02% 非正
     1  EPS0=-0.0698／ROE0=-1.02% 非正
     1  EPS0=-0.2463／ROE0=-3.73% 非正
     1  EPS0=-0.2509／ROE0=-3.73% 非正
     1  EPS0=-0.2478／ROE0=-3.73% 非正
     1  EPS0=-0.2401／ROE0=-3.73% 非正
     1  EPS0=-0.6760／ROE0=-14.62% 非正
     1  EPS0=-0.6637／ROE0=-14.62% 非正
     1  EPS0=-0.5991／ROE0=-14.62% 非正
     1  EPS0=-0.1228／ROE0=-6.00% 非正
     1  EPS0=-0.1271／ROE0=-6.00% 非正
     1  EPS0=-0.1309／ROE0=-6.00% 非正
     1  EPS0=-0.1356／ROE0=-6.00% 非正
     1  EPS0=-0.4759／ROE0=-16.25% 非正
     1  EPS0=-0.4661／ROE0=-16.25% 非正
     1  EPS0=-0.3760／ROE0=-13.19% 非正
     1  EPS0=-0.1164／ROE0=-2.40% 非正
     1  EPS0=-0.1158／ROE0=-2.40% 非正
     1  EPS0=-0.1124／ROE0=-2.40% 非正
     1  EPS0=-0.1113／ROE0=-2.40% 非正
     1  EPS0=-0.1985／ROE0=-4.67% 非正
     1  EPS0=-0.1907／ROE0=-4.67% 非正
     1  EPS0=-0.1893／ROE0=-4.67% 非正
     1  EPS0=-0.1862／ROE0=-4.67% 非正
     1  EPS0=-0.6200／ROE0=-66.67% 非正
     1  EPS0=-0.5919／ROE0=-66.67% 非正
     1  EPS0=-0.5877／ROE0=-66.67% 非正
     1  EPS0=-0.5765／ROE0=-66.67% 非正
     1  EPS0=-0.1033／ROE0=-51.65% 非正
     1  EPS0=-0.1058／ROE0=-51.65% 非正
     1  EPS0=-0.1117／ROE0=-51.65% 非正
     1  EPS0=-0.1518／ROE0=-51.65% 非正
     1  EPS0=-0.0941／ROE0=-3.59% 非正
     1  EPS0=-0.0931／ROE0=-3.59% 非正
     1  EPS0=-0.0920／ROE0=-3.59% 非正
     1  EPS0=-0.0914／ROE0=-3.59% 非正
     1  EPS0=-0.0017／ROE0=-0.08% 非正
     1  EPS0=-0.4360／ROE0=-18.58% 非正
     1  EPS0=-0.4363／ROE0=-18.58% 非正
     1  EPS0=-0.4141／ROE0=-18.58% 非正
     1  EPS0=-0.0445／ROE0=-2.13% 非正
     1  EPS0=-0.0489／ROE0=-2.13% 非正
     1  EPS0=-0.0422／ROE0=-1.91% 非正
     1  EPS0=-0.0376／ROE0=-0.76% 非正
     1  EPS0=-0.2459／ROE0=-12.93% 非正
     1  EPS0=-0.2460／ROE0=-12.93% 非正
     1  EPS0=-0.2464／ROE0=-12.93% 非正
     1  EPS0=-0.2500／ROE0=-12.93% 非正
     1  EPS0=-0.0415／ROE0=-1.20% 非正
     1  EPS0=-0.0417／ROE0=-1.20% 非正
     1  EPS0=-0.0423／ROE0=-1.20% 非正
     1  EPS0=-0.0426／ROE0=-1.20% 非正
     1  EPS0=-0.2627／ROE0=-9.52% 非正
     1  EPS0=-0.2562／ROE0=-9.52% 非正
     1  EPS0=-0.2404／ROE0=-9.52% 非正
     1  EPS0=-0.2391／ROE0=-9.52% 非正
     1  EPS0=-0.1960／ROE0=-5.56% 非正
     1  EPS0=-0.1925／ROE0=-5.56% 非正
     1  EPS0=-0.1792／ROE0=-5.56% 非正
     1  EPS0=-0.1681／ROE0=-5.56% 非正
     1  EPS0=-0.0736／ROE0=-10.29% 非正
     1  EPS0=-0.1556／ROE0=-8.51% 非正
     1  EPS0=-0.1561／ROE0=-8.51% 非正
     1  EPS0=-0.1581／ROE0=-8.51% 非正
     1  EPS0=-0.1597／ROE0=-8.51% 非正
     1  EPS0=-0.0592／ROE0=-2.25% 非正
     1  EPS0=-0.0579／ROE0=-2.25% 非正
     1  EPS0=-0.0583／ROE0=-2.25% 非正
     1  EPS0=-0.0587／ROE0=-2.25% 非正
     1  EPS0=-0.1323／ROE0=-6.07% 非正
     1  EPS0=-0.1328／ROE0=-6.07% 非正
     1  EPS0=-0.1347／ROE0=-6.07% 非正
     1  EPS0=-0.1351／ROE0=-6.07% 非正
     1  EPS0=-0.1768／ROE0=-5.41% 非正
     1  EPS0=-0.1735／ROE0=-5.41% 非正
     1  EPS0=-0.1808／ROE0=-5.41% 非正
     1  EPS0=-0.0373／ROE0=-1.20% 非正
     1  EPS0=-0.0377／ROE0=-1.20% 非正
     1  EPS0=-0.0387／ROE0=-1.20% 非正
     1  EPS0=-0.0405／ROE0=-1.20% 非正
     1  EPS0=-0.0255／ROE0=-1.20% 非正
     1  EPS0=-0.0256／ROE0=-1.20% 非正
     1  EPS0=-0.0258／ROE0=-1.20% 非正
     1  EPS0=-0.2828／ROE0=-8.07% 非正
     1  EPS0=-0.2858／ROE0=-8.07% 非正
     1  EPS0=-0.2864／ROE0=-8.07% 非正
     1  EPS0=-0.2883／ROE0=-8.07% 非正
     1  EPS0=-0.1117／ROE0=-4.38% 非正
     1  EPS0=-0.1146／ROE0=-4.38% 非正
     1  EPS0=-0.1147／ROE0=-9.91% 非正
     1  EPS0=-0.1245／ROE0=-9.91% 非正
     1  EPS0=-0.1241／ROE0=-9.91% 非正
     1  EPS0=-0.1265／ROE0=-9.91% 非正
     1  EPS0=-0.0380／ROE0=-8.98% 非正
     1  EPS0=-0.0381／ROE0=-8.98% 非正
     1  EPS0=-0.0356／ROE0=-8.98% 非正
     1  EPS0=-0.0345／ROE0=-8.98% 非正
     1  EPS0=-0.0036／ROE0=-0.96% 非正
     1  EPS0=-0.0038／ROE0=-0.96% 非正
     1  EPS0=-0.3869／ROE0=-8.51% 非正
     1  EPS0=-0.3882／ROE0=-8.51% 非正
     1  EPS0=-0.3905／ROE0=-8.51% 非正
     1  EPS0=-0.3743／ROE0=-8.11% 非正
     1  EPS0=-0.1161／ROE0=-6.06% 非正
     1  EPS0=-0.1248／ROE0=-6.06% 非正
     1  EPS0=-0.2526／ROE0=-8.18% 非正
     1  EPS0=-0.2529／ROE0=-8.18% 非正
     1  EPS0=-0.2578／ROE0=-8.18% 非正
     1  EPS0=-0.2534／ROE0=-8.18% 非正
     1  EPS0=-0.4744／ROE0=-36.07% 非正
     1  EPS0=-0.4554／ROE0=-36.07% 非正
     1  EPS0=-0.2585／ROE0=-36.07% 非正
     1  EPS0=-0.0519／ROE0=-1.96% 非正
     1  EPS0=-0.0490／ROE0=-1.96% 非正
     1  EPS0=-0.0431／ROE0=-1.96% 非正
     1  EPS0=-0.2059／ROE0=-8.41% 非正
     1  EPS0=-0.1981／ROE0=-8.41% 非正
     1  EPS0=-0.1987／ROE0=-8.41% 非正
     1  EPS0=-0.1426／ROE0=-6.13% 非正
     1  EPS0=-0.3330／ROE0=-17.05% 非正
     1  EPS0=-0.3313／ROE0=-17.05% 非正
     1  EPS0=-0.3353／ROE0=-16.99% 非正
     1  EPS0=-0.2163／ROE0=-10.85% 非正
     1  EPS0=-0.2159／ROE0=-58.92% 非正
     1  EPS0=-0.1894／ROE0=-58.92% 非正
     1  EPS0=-0.1398／ROE0=-58.92% 非正
     1  EPS0=-0.1092／ROE0=-58.92% 非正
     1  EPS0=-0.1768／ROE0=-16.07% 非正
     1  EPS0=-0.1640／ROE0=-16.07% 非正
     1  EPS0=-0.1464／ROE0=-16.07% 非正
     1  EPS0=-0.1296／ROE0=-16.07% 非正
     1  EPS0=-0.1963／ROE0=-34.45% 非正
     1  EPS0=-0.2052／ROE0=-34.45% 非正
     1  EPS0=-0.1717／ROE0=-34.45% 非正
     1  EPS0=-0.1652／ROE0=-34.45% 非正
     1  EPS0=-0.0460／ROE0=-45.60% 非正
     1  EPS0=-0.0424／ROE0=-45.60% 非正
     1  EPS0=-0.0334／ROE0=-45.60% 非正
     1  EPS0=-0.0258／ROE0=-45.60% 非正
     1  EPS0=-0.1717／ROE0=-11.76% 非正
     1  EPS0=-0.0099／ROE0=-0.68% 非正
     1  EPS0=-0.0457／ROE0=-3.33% 非正
     1  EPS0=-0.0398／ROE0=-2.89% 非正
     1  EPS0=-0.0432／ROE0=-3.17% 非正
     1  EPS0=-0.0452／ROE0=-3.33% 非正
     1  EPS0=-0.1400／ROE0=-10.67% 非正
     1  EPS0=-0.1384／ROE0=-10.67% 非正
     1  EPS0=-0.1376／ROE0=-10.67% 非正
     1  EPS0=-0.3509／ROE0=-13.42% 非正
     1  EPS0=-0.3511／ROE0=-13.42% 非正
     1  EPS0=-0.0402／ROE0=-2.20% 非正
     1  EPS0=-0.0403／ROE0=-2.20% 非正
     1  EPS0=-0.0405／ROE0=-2.20% 非正
     1  EPS0=-0.0410／ROE0=-2.20% 非正
     1  EPS0=-0.0841／ROE0=-4.72% 非正
     1  EPS0=-0.0777／ROE0=-4.32% 非正
     1  EPS0=-0.0850／ROE0=-4.72% 非正
     1  EPS0=-0.0852／ROE0=-4.72% 非正
     1  EPS0=-0.0304／ROE0=-2.20% 非正
     1  EPS0=-0.0616／ROE0=-4.72% 非正
     1  EPS0=-0.2487／ROE0=-8.57% 非正
     1  EPS0=-0.1820／ROE0=-8.57% 非正
     1  EPS0=-0.1785／ROE0=-8.57% 非正
     1  EPS0=-0.1674／ROE0=-8.57% 非正
     1  EPS0=-0.3206／ROE0=-24.59% 非正
     1  EPS0=-0.3225／ROE0=-24.59% 非正
     1  EPS0=-0.3237／ROE0=-24.59% 非正
     1  EPS0=-0.3247／ROE0=-24.59% 非正
     1  EPS0=-0.1793／ROE0=-5.98% 非正
     1  EPS0=-0.1787／ROE0=-5.98% 非正
     1  EPS0=-0.1769／ROE0=-5.98% 非正
     1  EPS0=-0.1754／ROE0=-5.98% 非正
     1  EPS0=-0.1556／ROE0=-6.17% 非正
     1  EPS0=-0.1536／ROE0=-6.17% 非正
     1  EPS0=-0.1494／ROE0=-6.17% 非正
     1  EPS0=-0.1460／ROE0=-6.17% 非正
     1  EPS0=-0.1923／ROE0=-8.79% 非正
     1  EPS0=-0.1898／ROE0=-8.79% 非正
     1  EPS0=-0.1844／ROE0=-8.79% 非正
     1  EPS0=-0.1566／ROE0=-10.05% 非正
     1  EPS0=-0.1549／ROE0=-10.05% 非正
     1  EPS0=-0.1523／ROE0=-10.05% 非正
     1  EPS0=-0.2028／ROE0=-6.50% 非正
     1  EPS0=-0.2030／ROE0=-6.50% 非正
     1  EPS0=-0.2031／ROE0=-6.50% 非正
     1  EPS0=-0.1999／ROE0=-6.50% 非正
     1  EPS0=-0.4290／ROE0=-22.73% 非正
     1  EPS0=-0.4232／ROE0=-22.73% 非正
     1  EPS0=-0.3783／ROE0=-22.73% 非正
     1  EPS0=-0.3718／ROE0=-22.73% 非正
     1  EPS0=-0.1413／ROE0=-3.42% 非正
     1  EPS0=-0.1377／ROE0=-3.42% 非正
     1  EPS0=-0.1142／ROE0=-3.42% 非正
     1  EPS0=-0.0862／ROE0=-3.42% 非正
     1  EPS0=-0.0311／ROE0=-67.34% 非正
     1  EPS0=-0.0590／ROE0=-67.34% 非正
     1  EPS0=-0.0092／ROE0=-8.08% 非正
     1  EPS0=-0.1526／ROE0=-7.59% 非正
     1  EPS0=-0.1381／ROE0=-7.59% 非正
     1  EPS0=-0.1345／ROE0=-7.59% 非正
     1  EPS0=-0.1298／ROE0=-7.59% 非正
     1  EPS0=-0.3724／ROE0=-26.41% 非正
     1  EPS0=-0.3793／ROE0=-26.41% 非正
     1  EPS0=-0.1175／ROE0=-7.99% 非正
     1  EPS0=-0.1893／ROE0=-5.06% 非正
     1  EPS0=-0.1903／ROE0=-5.06% 非正
     1  EPS0=-0.1914／ROE0=-5.06% 非正
     1  EPS0=-0.1926／ROE0=-5.06% 非正
     1  EPS0=-0.0793／ROE0=-3.18% 非正
     1  EPS0=-0.0781／ROE0=-3.18% 非正
     1  EPS0=-0.0753／ROE0=-3.18% 非正
     1  EPS0=-0.0722／ROE0=-3.18% 非正
     1  EPS0=-0.2974／ROE0=-21.55% 非正
     1  EPS0=-0.2768／ROE0=-21.55% 非正
     1  EPS0=-0.2608／ROE0=-21.55% 非正
     1  EPS0=-0.2800／ROE0=-5.65% 非正
     1  EPS0=-0.2421／ROE0=-5.65% 非正
     1  EPS0=-0.2308／ROE0=-5.65% 非正
     1  EPS0=-0.2317／ROE0=-5.65% 非正
     1  EPS0=-0.6531／ROE0=-16.99% 非正
     1  EPS0=-0.4740／ROE0=-12.59% 非正
     1  EPS0=-0.0067／ROE0=-0.17% 非正
     1  EPS0=-0.1955／ROE0=-6.11% 非正
     1  EPS0=-0.0912／ROE0=-2.93% 非正
     1  EPS0=-0.1778／ROE0=-5.29% 非正
     1  EPS0=-0.1761／ROE0=-5.29% 非正
     1  EPS0=-0.1082／ROE0=-3.31% 非正
     1  EPS0=-0.0425／ROE0=-1.28% 非正
     1  EPS0=-0.0785／ROE0=-3.23% 非正
     1  EPS0=-0.0757／ROE0=-3.23% 非正
     1  EPS0=-0.0746／ROE0=-3.23% 非正
     1  EPS0=-0.0624／ROE0=-1.53% 非正
     1  EPS0=-0.0622／ROE0=-1.53% 非正
     1  EPS0=-0.2569／ROE0=-9.05% 非正
     1  EPS0=-0.2542／ROE0=-9.05% 非正
     1  EPS0=-0.2650／ROE0=-9.05% 非正
     1  EPS0=-0.2688／ROE0=-9.05% 非正
     1  EPS0=-0.2431／ROE0=-11.95% 非正
     1  EPS0=-0.2424／ROE0=-11.95% 非正
     1  EPS0=-0.2438／ROE0=-11.95% 非正
     1  EPS0=-0.2414／ROE0=-11.95% 非正
     1  EPS0=-0.0706／ROE0=-5.73% 非正
     1  EPS0=-0.0699／ROE0=-5.73% 非正
     1  EPS0=-0.0687／ROE0=-5.73% 非正
     1  EPS0=-0.0679／ROE0=-5.73% 非正
     1  EPS0=-0.0838／ROE0=-9.55% 非正
     1  EPS0=-0.0830／ROE0=-9.55% 非正
     1  EPS0=-0.0827／ROE0=-9.55% 非正
     1  EPS0=-0.0822／ROE0=-9.55% 非正
     1  EPS0=-0.0324／ROE0=-3.95% 非正
     1  EPS0=-0.0354／ROE0=-4.37% 非正
     1  EPS0=-0.0512／ROE0=-6.41% 非正
     1  EPS0=-0.4130／ROE0=-13.91% 非正
     1  EPS0=-0.3902／ROE0=-13.91% 非正
     1  EPS0=-0.3782／ROE0=-13.91% 非正
     1  EPS0=-0.3913／ROE0=-13.91% 非正
     1  EPS0=-0.3907／ROE0=-42.40% 非正
     1  EPS0=-0.3934／ROE0=-42.40% 非正
     1  EPS0=-0.3964／ROE0=-42.40% 非正
     1  EPS0=-0.1511／ROE0=-16.04% 非正
     1  EPS0=-0.0249／ROE0=-1.51% 非正
     1  EPS0=-0.0252／ROE0=-1.51% 非正
     1  EPS0=-0.0256／ROE0=-1.51% 非正
     1  EPS0=-0.0258／ROE0=-1.51% 非正
     1  EPS0=-0.3353／ROE0=-14.77% 非正
     1  EPS0=-0.3303／ROE0=-14.77% 非正
     1  EPS0=-0.3236／ROE0=-14.77% 非正
     1  EPS0=-0.3204／ROE0=-14.77% 非正
     1  EPS0=-0.3309／ROE0=-20.48% 非正
     1  EPS0=-0.3329／ROE0=-20.48% 非正
     1  EPS0=-0.3328／ROE0=-20.48% 非正
     1  EPS0=-0.3321／ROE0=-20.48% 非正
     1  EPS0=-0.0694／ROE0=-2.31% 非正
     1  EPS0=-0.0705／ROE0=-2.31% 非正
     1  EPS0=-0.0712／ROE0=-2.31% 非正
     1  EPS0=-0.0722／ROE0=-2.31% 非正
     1  EPS0=-0.0529／ROE0=-2.28% 非正
     1  EPS0=-0.0511／ROE0=-2.28% 非正
     1  EPS0=-0.2560／ROE0=-18.82% 非正
     1  EPS0=-0.2573／ROE0=-18.82% 非正
     1  EPS0=-0.2588／ROE0=-18.82% 非正
     1  EPS0=-0.2648／ROE0=-18.82% 非正
     1  EPS0=-0.0939／ROE0=-63.59% 非正
     1  EPS0=-0.0862／ROE0=-63.59% 非正
     1  EPS0=-0.0903／ROE0=-63.59% 非正
     1  EPS0=-0.1208／ROE0=-63.59% 非正
     1  EPS0=-0.2436／ROE0=-15.60% 非正
     1  EPS0=-1.2090／ROE0=-17.24% 非正
     1  EPS0=-1.0923／ROE0=-17.24% 非正
     1  EPS0=-0.8992／ROE0=-17.24% 非正
     1  EPS0=-0.7789／ROE0=-17.24% 非正
     1  EPS0=-0.8497／ROE0=-58.82% 非正
     1  EPS0=-0.8940／ROE0=-58.82% 非正
     1  EPS0=-0.3549／ROE0=-58.82% 非正
     1  EPS0=-8.5896／ROE0=-253.73% 非正
     1  EPS0=-8.4649／ROE0=-253.73% 非正
     1  EPS0=-8.4955／ROE0=-253.73% 非正
     1  EPS0=-0.1494／ROE0=-4.75% 非正
     1  EPS0=-0.1460／ROE0=-4.75% 非正
     1  EPS0=-0.1431／ROE0=-4.75% 非正
     1  EPS0=-0.5712／ROE0=-27.36% 非正
     1  EPS0=-0.4213／ROE0=-27.36% 非正
     1  EPS0=-0.2822／ROE0=-27.36% 非正
     1  EPS0=-0.0336／ROE0=-95.60% 非正
     1  EPS0=-0.0875／ROE0=-1.14% 非正
     1  EPS0=-0.0871／ROE0=-1.14% 非正
     1  EPS0=-0.0854／ROE0=-1.14% 非正
     1  EPS0=-0.0860／ROE0=-1.14% 非正
     1  EPS0=-0.1467／ROE0=-4.08% 非正
     1  EPS0=-0.1473／ROE0=-4.08% 非正
     1  EPS0=-0.1478／ROE0=-4.08% 非正
     1  EPS0=-0.1479／ROE0=-4.08% 非正
     1  EPS0=-0.5105／ROE0=-23.25% 非正
     1  EPS0=-0.5064／ROE0=-23.25% 非正
     1  EPS0=-0.3471／ROE0=-23.25% 非正
     1  EPS0=-0.3348／ROE0=-23.25% 非正
     1  EPS0=-0.0437／ROE0=-42.32% 非正
     1  EPS0=-0.0355／ROE0=-42.32% 非正
     1  EPS0=-0.0168／ROE0=-42.32% 非正
     1  EPS0=-0.0151／ROE0=-3.36% 非正
     1  EPS0=-0.0108／ROE0=-2.46% 非正
     1  EPS0=-0.0142／ROE0=-3.36% 非正
     1  EPS0=-0.0135／ROE0=-3.36% 非正
     1  EPS0=-0.0063／ROE0=-0.15% 非正
     1  EPS0=-0.3971／ROE0=-10.96% 非正
     1  EPS0=-0.4016／ROE0=-10.96% 非正
     1  EPS0=-0.4106／ROE0=-10.96% 非正
     1  EPS0=-0.4034／ROE0=-10.96% 非正
     1  EPS0=-0.1131／ROE0=-7.70% 非正
     1  EPS0=-0.1157／ROE0=-7.70% 非正
     1  EPS0=-0.1137／ROE0=-7.70% 非正
     1  EPS0=-0.0825／ROE0=-7.70% 非正
     1  EPS0=-0.1625／ROE0=-52.42% 非正
     1  EPS0=-0.1753／ROE0=-52.42% 非正
     1  EPS0=-0.1181／ROE0=-52.42% 非正
     1  EPS0=-0.0923／ROE0=-52.42% 非正
     1  EPS0=-0.1228／ROE0=-4.34% 非正
     1  EPS0=-0.1170／ROE0=-4.34% 非正
     1  EPS0=-0.1198／ROE0=-4.34% 非正
     1  EPS0=-0.1279／ROE0=-4.34% 非正
     1  EPS0=-0.4000／ROE0=-19.18% 非正
     1  EPS0=-0.3552／ROE0=-19.18% 非正
     1  EPS0=-0.2976／ROE0=-19.18% 非正
     1  EPS0=-0.3257／ROE0=-19.18% 非正
     1  EPS0=-0.2014／ROE0=-13.70% 非正
     1  EPS0=-0.2034／ROE0=-13.70% 非正
     1  EPS0=-0.0483／ROE0=-1.38% 非正
     1  EPS0=-0.0489／ROE0=-1.38% 非正
     1  EPS0=-0.0545／ROE0=-1.38% 非正
     1  EPS0=-0.0374／ROE0=-1.38% 非正
     1  EPS0=-0.0283／ROE0=-0.68% 非正
     1  EPS0=-0.0288／ROE0=-0.68% 非正
     1  EPS0=-0.0292／ROE0=-0.68% 非正
     1  EPS0=-0.0297／ROE0=-0.68% 非正
     1  EPS0=-0.3880／ROE0=-23.05% 非正
     1  EPS0=-0.3700／ROE0=-23.05% 非正
     1  EPS0=-0.3653／ROE0=-23.05% 非正
     1  EPS0=-0.3639／ROE0=-23.05% 非正
     1  EPS0=-0.0333／ROE0=-4.00% 非正
     1  EPS0=-0.0369／ROE0=-4.00% 非正
     1  EPS0=-0.0412／ROE0=-4.00% 非正
     1  EPS0=-0.0436／ROE0=-4.00% 非正
     1  EPS0=-0.0274／ROE0=-1.00% 非正
     1  EPS0=-0.1914／ROE0=-12.59% 非正
     1  EPS0=-0.1917／ROE0=-12.59% 非正
     1  EPS0=-0.2003／ROE0=-12.59% 非正
     1  EPS0=-0.2034／ROE0=-12.59% 非正
     1  EPS0=-0.1052／ROE0=-7.53% 非正
     1  EPS0=-0.1025／ROE0=-7.53% 非正
     1  EPS0=-0.1002／ROE0=-7.53% 非正
     1  EPS0=-0.0972／ROE0=-7.53% 非正
     1  EPS0=-0.1540／ROE0=-47.66% 非正
     1  EPS0=-0.1253／ROE0=-47.66% 非正
     1  EPS0=-0.1038／ROE0=-47.66% 非正
     1  EPS0=-0.0543／ROE0=-47.66% 非正
     1  EPS0=-0.2051／ROE0=-12.90% 非正
     1  EPS0=-0.1943／ROE0=-12.90% 非正
     1  EPS0=-0.1851／ROE0=-12.90% 非正
     1  EPS0=-0.1825／ROE0=-12.90% 非正
     1  EPS0=-0.2129／ROE0=-12.90% 非正
     1  EPS0=-0.3222／ROE0=-762.81% 非正
     1  EPS0=-0.0019／ROE0=-762.81% 非正
     1  EPS0=-0.1669／ROE0=-23.19% 非正
     1  EPS0=-0.1644／ROE0=-23.19% 非正
     1  EPS0=-0.1600／ROE0=-23.19% 非正
     1  EPS0=-0.1497／ROE0=-23.19% 非正
     1  EPS0=-0.0530／ROE0=-0.93% 非正
     1  EPS0=-0.0531／ROE0=-0.93% 非正
     1  EPS0=-0.4552／ROE0=-9.99% 非正
     1  EPS0=-0.4535／ROE0=-9.99% 非正
     1  EPS0=-0.4302／ROE0=-9.99% 非正
     1  EPS0=-0.4075／ROE0=-9.99% 非正
     1  EPS0=-0.7647／ROE0=-28.10% 非正
     1  EPS0=-0.7688／ROE0=-28.10% 非正
     1  EPS0=-0.7586／ROE0=-28.10% 非正
     1  EPS0=-0.2029／ROE0=-12.44% 非正
     1  EPS0=-0.1954／ROE0=-12.44% 非正
     1  EPS0=-0.1433／ROE0=-12.44% 非正
     1  EPS0=-0.1249／ROE0=-12.44% 非正
     1  EPS0=-0.1943／ROE0=-22.50% 非正
     1  EPS0=-0.1867／ROE0=-22.50% 非正
     1  EPS0=-0.0458／ROE0=-57.28% 非正
     1  EPS0=-0.0233／ROE0=-57.28% 非正
     1  EPS0=-0.0977／ROE0=-6.97% 非正
     1  EPS0=-0.0961／ROE0=-6.97% 非正
     1  EPS0=-0.0903／ROE0=-6.97% 非正
     1  EPS0=-0.1023／ROE0=-6.97% 非正
     1  EPS0=-0.1231／ROE0=-24.71% 非正
     1  EPS0=-0.1132／ROE0=-24.71% 非正
     1  EPS0=-0.0897／ROE0=-24.71% 非正
     1  EPS0=-0.0776／ROE0=-24.71% 非正
     1  EPS0=-0.0082／ROE0=-24.71% 非正
     1  EPS0=-0.0431／ROE0=-24.71% 非正
     1  EPS0=-0.0250／ROE0=-12.99% 非正
     1  EPS0=-0.0066／ROE0=-0.61% 非正
     1  EPS0=-0.0064／ROE0=-0.61% 非正
     1  EPS0=-0.0228／ROE0=-69.53% 非正
     1  EPS0=-0.0206／ROE0=-69.53% 非正
     1  EPS0=-0.0105／ROE0=-69.53% 非正
     1  EPS0=-0.0086／ROE0=-69.53% 非正
     1  EPS0=-0.0013／ROE0=-3.06% 非正
     1  EPS0=-0.0016／ROE0=-2.56% 非正
     1  EPS0=-0.2448／ROE0=-26.65% 非正
     1  EPS0=-0.2312／ROE0=-26.65% 非正
     1  EPS0=-0.2058／ROE0=-26.65% 非正
     1  EPS0=-0.1908／ROE0=-26.65% 非正
     1  EPS0=-0.1566／ROE0=-16.55% 非正
     1  EPS0=-0.1474／ROE0=-16.55% 非正
     1  EPS0=-0.1632／ROE0=-16.55% 非正
     1  EPS0=-0.1717／ROE0=-16.55% 非正
     1  EPS0=-0.0835／ROE0=-7.67% 非正
     1  EPS0=-0.0872／ROE0=-7.67% 非正
     1  EPS0=-0.1691／ROE0=-3.97% 非正
     1  EPS0=-0.1707／ROE0=-3.97% 非正
     1  EPS0=-0.1724／ROE0=-3.97% 非正
     1  EPS0=-0.1730／ROE0=-3.97% 非正
     1  EPS0=-0.2270／ROE0=-25.62% 非正
     1  EPS0=-0.1813／ROE0=-25.62% 非正
     1  EPS0=-0.1536／ROE0=-25.62% 非正
     1  EPS0=-0.1199／ROE0=-25.62% 非正
     1  EPS0=-0.1905／ROE0=-15.36% 非正
     1  EPS0=-0.1888／ROE0=-15.36% 非正
     1  EPS0=-0.1935／ROE0=-15.36% 非正
     1  EPS0=-0.1947／ROE0=-15.36% 非正
     1  EPS0=-0.0143／ROE0=-0.45% 非正
     1  EPS0=-0.0596／ROE0=-99.35% 非正
     1  EPS0=-0.0664／ROE0=-99.35% 非正
     1  EPS0=-0.0964／ROE0=-99.35% 非正
     1  EPS0=-0.0972／ROE0=-99.35% 非正
     1  EPS0=-0.0556／ROE0=-2.39% 非正
     1  EPS0=-0.0557／ROE0=-2.39% 非正
     1  EPS0=-0.0562／ROE0=-2.39% 非正
     1  EPS0=-0.0563／ROE0=-2.39% 非正
     1  EPS0=-0.1846／ROE0=-13.61% 非正
     1  EPS0=-0.1863／ROE0=-13.61% 非正
     1  EPS0=-0.0745／ROE0=-5.36% 非正
     1  EPS0=-0.0765／ROE0=-5.36% 非正
     1  EPS0=-0.0777／ROE0=-5.36% 非正
     1  EPS0=-0.3413／ROE0=-10.50% 非正
     1  EPS0=-0.3319／ROE0=-10.50% 非正
     1  EPS0=-0.3183／ROE0=-10.50% 非正
     1  EPS0=-0.3118／ROE0=-10.50% 非正
     1  EPS0=-0.4718／ROE0=-20.24% 非正
     1  EPS0=-0.4558／ROE0=-20.24% 非正
     1  EPS0=-0.4214／ROE0=-20.24% 非正
     1  EPS0=-0.3970／ROE0=-20.24% 非正
     1  EPS0=-0.5516／ROE0=-39.19% 非正
     1  EPS0=-0.5223／ROE0=-39.19% 非正
     1  EPS0=-0.4877／ROE0=-39.19% 非正
     1  EPS0=-0.0065／ROE0=-0.46% 非正
     1  EPS0=-0.0067／ROE0=-0.46% 非正
     1  EPS0=-0.0661／ROE0=-5.39% 非正
     1  EPS0=-0.0666／ROE0=-5.39% 非正
     1  EPS0=-0.0512／ROE0=-5.50% 非正
     1  EPS0=-0.0506／ROE0=-5.50% 非正
     1  EPS0=-0.0507／ROE0=-5.50% 非正
     1  EPS0=-0.0498／ROE0=-5.50% 非正
     1  EPS0=-0.0760／ROE0=-11.78% 非正
     1  EPS0=-0.0741／ROE0=-11.78% 非正
     1  EPS0=-0.0713／ROE0=-11.78% 非正
     1  EPS0=-0.2180／ROE0=-7.66% 非正
     1  EPS0=-0.2434／ROE0=-7.66% 非正
     1  EPS0=-0.2380／ROE0=-7.66% 非正
     1  EPS0=-0.2245／ROE0=-7.66% 非正
     1  EPS0=-0.1784／ROE0=-5.61% 非正
     1  EPS0=-0.1795／ROE0=-5.61% 非正
     1  EPS0=-0.2004／ROE0=-5.58% 非正
     1  EPS0=-0.2018／ROE0=-5.58% 非正
     1  EPS0=-0.2022／ROE0=-5.58% 非正
     1  EPS0=-0.2032／ROE0=-5.58% 非正
     1  EPS0=-0.3378／ROE0=-11.77% 非正
     1  EPS0=-0.3326／ROE0=-11.77% 非正
     1  EPS0=-0.3312／ROE0=-11.77% 非正
     1  EPS0=-0.3203／ROE0=-11.77% 非正
     1  EPS0=-0.5244／ROE0=-31.97% 非正
     1  EPS0=-0.5339／ROE0=-31.97% 非正
     1  EPS0=-0.5324／ROE0=-31.97% 非正
     1  EPS0=-0.5227／ROE0=-31.97% 非正
     1  EPS0=-0.0469／ROE0=-5.36% 非正
     1  EPS0=-0.0449／ROE0=-5.36% 非正
     1  EPS0=-0.0428／ROE0=-5.36% 非正
     1  EPS0=-0.0416／ROE0=-5.36% 非正
     1  EPS0=-0.0229／ROE0=-1.46% 非正
     1  EPS0=-0.0227／ROE0=-1.46% 非正
     1  EPS0=-0.0115／ROE0=-0.73% 非正
     1  EPS0=-0.0200／ROE0=-1.29% 非正
     1  EPS0=-0.0198／ROE0=-1.29% 非正
     1  EPS0=-0.0194／ROE0=-1.29% 非正
     1  EPS0=-0.3365／ROE0=-18.47% 非正
     1  EPS0=-0.3373／ROE0=-18.47% 非正
     1  EPS0=-0.3168／ROE0=-18.47% 非正
     1  EPS0=-0.2941／ROE0=-18.47% 非正
     1  EPS0=-0.0181／ROE0=-0.67% 非正
     1  EPS0=-0.0178／ROE0=-0.67% 非正
     1  EPS0=-0.0176／ROE0=-0.67% 非正
     1  EPS0=-0.0175／ROE0=-0.67% 非正
     1  EPS0=-0.0865／ROE0=-1.66% 非正
     1  EPS0=-0.0863／ROE0=-1.66% 非正
     1  EPS0=-0.0861／ROE0=-1.66% 非正
     1  EPS0=-0.0844／ROE0=-1.66% 非正
     1  EPS0=-0.1821／ROE0=-3.67% 非正
     1  EPS0=-0.1833／ROE0=-3.67% 非正
     1  EPS0=-0.1445／ROE0=-2.88% 非正
     1  EPS0=-0.6470／ROE0=-35.12% 非正
     1  EPS0=-0.3863／ROE0=-35.12% 非正
     1  EPS0=-0.4285／ROE0=-35.12% 非正
     1  EPS0=-0.4531／ROE0=-35.12% 非正
     1  EPS0=-0.4395／ROE0=-7.13% 非正
     1  EPS0=-0.4398／ROE0=-7.13% 非正
     1  EPS0=-0.4407／ROE0=-7.13% 非正
     1  EPS0=-0.1729／ROE0=-12.40% 非正
     1  EPS0=-0.1770／ROE0=-12.40% 非正
     1  EPS0=-0.1838／ROE0=-12.40% 非正
     1  EPS0=-0.1783／ROE0=-12.40% 非正
     1  EPS0=-2.5831／ROE0=-155.45% 非正
     1  EPS0=-2.6343／ROE0=-155.45% 非正
     1  EPS0=-2.7351／ROE0=-155.45% 非正
     1  EPS0=-2.8158／ROE0=-155.45% 非正
     1  EPS0=-0.0631／ROE0=-5.22% 非正
     1  EPS0=-0.0619／ROE0=-5.22% 非正
     1  EPS0=-0.0642／ROE0=-5.22% 非正
     1  EPS0=-0.0643／ROE0=-5.22% 非正
     1  EPS0=-0.1350／ROE0=-52.54% 非正
     1  EPS0=-0.1262／ROE0=-52.54% 非正
     1  EPS0=-0.1949／ROE0=-52.54% 非正
     1  EPS0=-0.1973／ROE0=-52.54% 非正
     1  EPS0=-0.1536／ROE0=-14.22% 非正
     1  EPS0=-0.1549／ROE0=-14.22% 非正
     1  EPS0=-0.1560／ROE0=-14.22% 非正
     1  EPS0=-0.0477／ROE0=-2.82% 非正
     1  EPS0=-0.0481／ROE0=-2.82% 非正
     1  EPS0=-0.0131／ROE0=-27.37% 非正
     1  EPS0=-0.2928／ROE0=-27.13% 非正
     1  EPS0=-0.0737／ROE0=-7.93% 非正
     1  EPS0=-0.0685／ROE0=-7.93% 非正
     1  EPS0=-0.0647／ROE0=-7.93% 非正
     1  EPS0=-0.0694／ROE0=-7.93% 非正
     1  EPS0=-0.0522／ROE0=-10.20% 非正
     1  EPS0=-0.0509／ROE0=-10.20% 非正
     1  EPS0=-0.0504／ROE0=-10.20% 非正
     1  EPS0=-0.0485／ROE0=-10.20% 非正
     1  EPS0=-0.0507／ROE0=-12.58% 非正
     1  EPS0=-0.0489／ROE0=-12.58% 非正
     1  EPS0=-0.0482／ROE0=-12.58% 非正
     1  EPS0=-0.0470／ROE0=-12.58% 非正
     1  EPS0=-0.0529／ROE0=-15.90% 非正
     1  EPS0=-0.0511／ROE0=-15.90% 非正
     1  EPS0=-0.0514／ROE0=-15.90% 非正
     1  EPS0=-0.0771／ROE0=-5.54% 非正
     1  EPS0=-0.0785／ROE0=-5.54% 非正
     1  EPS0=-0.0790／ROE0=-5.54% 非正
     1  EPS0=-0.0787／ROE0=-5.54% 非正
     1  EPS0=-0.1073／ROE0=-64.11% 非正
     1  EPS0=-0.0318／ROE0=-64.11% 非正
     1  EPS0=-0.2355／ROE0=-3.05% 非正
     1  EPS0=-0.2631／ROE0=-17.50% 非正
     1  EPS0=-0.2500／ROE0=-17.50% 非正
     1  EPS0=-0.2204／ROE0=-17.50% 非正
     1  EPS0=-0.2133／ROE0=-17.50% 非正
     1  EPS0=-0.2403／ROE0=-45.38% 非正
     1  EPS0=-0.2136／ROE0=-45.38% 非正
     1  EPS0=-0.0562／ROE0=-6.12% 非正
     1  EPS0=-0.2865／ROE0=-45.38% 非正
     1  EPS0=-0.7944／ROE0=-14.19% 非正
     1  EPS0=-0.7709／ROE0=-14.19% 非正
     1  EPS0=-0.7288／ROE0=-14.19% 非正
     1  EPS0=-0.4699／ROE0=-9.05% 非正
     1  EPS0=-0.4645／ROE0=-9.05% 非正
     1  EPS0=-0.4578／ROE0=-9.05% 非正
     1  EPS0=-0.4395／ROE0=-9.05% 非正
     1  EPS0=-0.7582／ROE0=-20.34% 非正
     1  EPS0=-0.7369／ROE0=-20.34% 非正
     1  EPS0=-0.7236／ROE0=-20.34% 非正
     1  EPS0=-0.0864／ROE0=-8.17% 非正
     1  EPS0=-0.0629／ROE0=-8.17% 非正
     1  股权价值 -0.42 ≤ 0
     1  EPS0=-0.1129／ROE0=-18.89% 非正
     1  EPS0=-0.0835／ROE0=-9.55% 非正
     1  EPS0=-0.1576／ROE0=-18.89% 非正
     1  EPS0=-0.0295／ROE0=-18.89% 非正
     1  EPS0=-0.0389／ROE0=-18.89% 非正
     1  EPS0=-0.0316／ROE0=-18.89% 非正
     1  EPS0=-0.0878／ROE0=-6.33% 非正
     1  EPS0=-0.0899／ROE0=-6.33% 非正
     1  EPS0=-0.0964／ROE0=-6.33% 非正
     1  EPS0=-0.0467／ROE0=-2.95% 非正
     1  EPS0=-0.3295／ROE0=-9.90% 非正
     1  EPS0=-0.3224／ROE0=-9.90% 非正
     1  EPS0=-0.3153／ROE0=-9.90% 非正
     1  EPS0=-0.5840／ROE0=-32.06% 非正
     1  EPS0=-0.5258／ROE0=-32.06% 非正
     1  EPS0=-0.3868／ROE0=-32.06% 非正
     1  EPS0=-0.1807／ROE0=-32.88% 非正
     1  EPS0=-0.1591／ROE0=-32.88% 非正
     1  EPS0=-0.1025／ROE0=-32.88% 非正
     1  EPS0=-0.1696／ROE0=-32.88% 非正
     1  EPS0=-0.0005／ROE0=-0.99% 非正
     1  EPS0=-0.0001／ROE0=-0.99% 非正
     1  EPS0=-0.0542／ROE0=-17.86% 非正
     1  EPS0=-0.0505／ROE0=-16.80% 非正
     1  EPS0=-0.0089／ROE0=-2.74% 非正
     1  EPS0=-0.1008／ROE0=-7.41% 非正
     1  EPS0=-0.0986／ROE0=-7.41% 非正
     1  EPS0=-0.0612／ROE0=-4.48% 非正
     1  EPS0=-0.0617／ROE0=-4.48% 非正
     1  EPS0=-0.0625／ROE0=-4.48% 非正
     1  EPS0=-0.0629／ROE0=-4.48% 非正
     1  EPS0=-0.0409／ROE0=-37.19% 非正
     1  EPS0=-0.0100／ROE0=-37.19% 非正
     1  EPS0=-0.1373／ROE0=-49.05% 非正
     1  EPS0=-0.1275／ROE0=-49.05% 非正
     1  EPS0=-0.1182／ROE0=-49.05% 非正
     1  EPS0=-0.1079／ROE0=-49.05% 非正
     1  EPS0=-0.0256／ROE0=-1.36% 非正
     1  EPS0=-0.0258／ROE0=-1.36% 非正
     1  EPS0=-0.1639／ROE0=-13.35% 非正
     1  EPS0=-0.1640／ROE0=-13.35% 非正
     1  EPS0=-0.1646／ROE0=-13.35% 非正
     1  EPS0=-0.1623／ROE0=-13.35% 非正
     1  EPS0=-0.0381／ROE0=-6.08% 非正
     1  EPS0=-0.0395／ROE0=-6.08% 非正
     1  EPS0=-0.0386／ROE0=-6.08% 非正
     1  EPS0=-0.0367／ROE0=-6.08% 非正
     1  EPS0=-0.4707／ROE0=-154.35% 非正
     1  EPS0=-0.2919／ROE0=-129.67% 非正
     1  EPS0=-0.2362／ROE0=-154.35% 非正
     1  EPS0=-0.1422／ROE0=-24.94% 非正
     1  EPS0=-0.1372／ROE0=-24.94% 非正
     1  EPS0=-0.0599／ROE0=-24.94% 非正
     1  EPS0=-0.0524／ROE0=-24.94% 非正
     1  EPS0=-0.3318／ROE0=-22.78% 非正
     1  EPS0=-0.3216／ROE0=-22.78% 非正
     1  EPS0=-0.3241／ROE0=-22.78% 非正
     1  EPS0=-0.3679／ROE0=-22.78% 非正
     1  EPS0=-0.2337／ROE0=-4.07% 非正
     1  EPS0=-0.2370／ROE0=-4.07% 非正
     1  EPS0=-0.2037／ROE0=-32.80% 非正
     1  EPS0=-0.2079／ROE0=-32.80% 非正
     1  EPS0=-0.0031／ROE0=-40.09% 非正
     1  EPS0=-0.0005／ROE0=-40.09% 非正
     1  EPS0=-0.1193／ROE0=-2.91% 非正
     1  EPS0=-0.1201／ROE0=-2.91% 非正
     1  EPS0=-0.1207／ROE0=-2.91% 非正
     1  EPS0=-0.1211／ROE0=-2.91% 非正
     1  EPS0=-0.1081／ROE0=-3.07% 非正
     1  EPS0=-0.1071／ROE0=-3.07% 非正
     1  EPS0=-0.1068／ROE0=-3.07% 非正
     1  EPS0=-0.0914／ROE0=-3.07% 非正
     1  EPS0=-0.0180／ROE0=-0.54% 非正
     1  EPS0=-0.0367／ROE0=-2.37% 非正
     1  EPS0=-0.0359／ROE0=-2.37% 非正
     1  EPS0=-0.0337／ROE0=-2.37% 非正
     1  EPS0=-0.0324／ROE0=-2.37% 非正
     1  EPS0=-0.3692／ROE0=-14.84% 非正
     1  EPS0=-0.3466／ROE0=-14.84% 非正
     1  EPS0=-0.3030／ROE0=-14.84% 非正
     1  EPS0=-0.1001／ROE0=-14.84% 非正
     1  EPS0=-0.3145／ROE0=-55.59% 非正
     1  EPS0=-0.1379／ROE0=-55.59% 非正
     1  EPS0=-0.0276／ROE0=-55.59% 非正
     1  EPS0=-0.0861／ROE0=-3.48% 非正
     1  EPS0=-0.1010／ROE0=-3.48% 非正
     1  EPS0=-0.1000／ROE0=-3.48% 非正
     1  EPS0=-0.0963／ROE0=-3.48% 非正
     1  EPS0=-0.4227／ROE0=-51.13% 非正
     1  EPS0=-0.2753／ROE0=-51.13% 非正
     1  EPS0=-0.2616／ROE0=-51.13% 非正
     1  EPS0=-0.2576／ROE0=-51.13% 非正
     1  EPS0=-0.4476／ROE0=-6.50% 非正
     1  EPS0=-0.4380／ROE0=-6.50% 非正
     1  EPS0=-0.4655／ROE0=-6.50% 非正
     1  EPS0=-0.4440／ROE0=-6.50% 非正
     1  EPS0=-0.1510／ROE0=-7.86% 非正
     1  EPS0=-0.1528／ROE0=-7.86% 非正
     1  EPS0=-0.1618／ROE0=-7.86% 非正
     1  EPS0=-0.1678／ROE0=-7.86% 非正
     1  EPS0=-0.1208／ROE0=-5.50% 非正
     1  EPS0=-0.0475／ROE0=-2.13% 非正
     1  EPS0=-0.2498／ROE0=-15.51% 非正
     1  EPS0=-0.2403／ROE0=-15.51% 非正
     1  EPS0=-0.2695／ROE0=-15.51% 非正
     1  EPS0=-0.2613／ROE0=-15.51% 非正
     1  EPS0=-0.1701／ROE0=-10.37% 非正
     1  EPS0=-0.1493／ROE0=-9.33% 非正
     1  EPS0=-0.1612／ROE0=-10.37% 非正
     1  EPS0=-0.0406／ROE0=-2.51% 非正
     1  EPS0=-0.1384／ROE0=-10.83% 非正
     1  EPS0=-0.0435／ROE0=-4.25% 非正
     1  EPS0=-0.1149／ROE0=-10.83% 非正
     1  EPS0=-0.1103／ROE0=-10.83% 非正
     1  EPS0=-0.1077／ROE0=-10.83% 非正
     1  EPS0=-0.1075／ROE0=-10.83% 非正
     1  EPS0=-0.1296／ROE0=-55.49% 非正
     1  EPS0=-0.1118／ROE0=-55.49% 非正
     1  EPS0=-0.1056／ROE0=-55.49% 非正
     1  EPS0=-0.0709／ROE0=-55.49% 非正
     1  EPS0=-0.0437／ROE0=-10.83% 非正
     1  EPS0=-0.0345／ROE0=-10.83% 非正
     1  EPS0=-0.0390／ROE0=-12.44% 非正
     1  EPS0=-0.0099／ROE0=-12.44% 非正
     1  EPS0=-0.1617／ROE0=-7.69% 非正
     1  EPS0=-0.1626／ROE0=-7.69% 非正
     1  EPS0=-0.1643／ROE0=-7.69% 非正
     1  EPS0=-0.0443／ROE0=-3.40% 非正
     1  EPS0=-0.0433／ROE0=-3.40% 非正
     1  EPS0=-0.0423／ROE0=-3.40% 非正
     1  EPS0=-0.0435／ROE0=-3.40% 非正
     1  EPS0=-0.0732／ROE0=-6.18% 非正
     1  EPS0=-0.0684／ROE0=-6.18% 非正
     1  EPS0=-0.1088／ROE0=-13.08% 非正
     1  EPS0=-0.1099／ROE0=-13.08% 非正
     1  EPS0=-0.1097／ROE0=-13.08% 非正
     1  EPS0=-0.1105／ROE0=-13.08% 非正
     1  EPS0=-0.0514／ROE0=-6.18% 非正
     1  EPS0=-0.0479／ROE0=-6.18% 非正
     1  EPS0=-0.0440／ROE0=-6.18% 非正
     1  EPS0=-0.0742／ROE0=-13.08% 非正
     1  EPS0=-0.0704／ROE0=-13.08% 非正
     1  EPS0=-0.0673／ROE0=-13.08% 非正
     1  EPS0=-0.0565／ROE0=-13.08% 非正
     1  EPS0=-0.0832／ROE0=-33.97% 非正
     1  EPS0=-0.0843／ROE0=-33.97% 非正
     1  EPS0=-0.0849／ROE0=-33.97% 非正
     1  EPS0=-0.0866／ROE0=-33.97% 非正
     1  EPS0=-0.0433／ROE0=-15.99% 非正
     1  EPS0=-0.0395／ROE0=-15.99% 非正
     1  EPS0=-0.0359／ROE0=-15.99% 非正
     1  EPS0=-0.0406／ROE0=-15.99% 非正
     1  EPS0=-0.2521／ROE0=-1.68% 非正
     1  EPS0=-0.2532／ROE0=-1.68% 非正
     1  EPS0=-0.2467／ROE0=-1.68% 非正
     1  EPS0=-0.2472／ROE0=-1.68% 非正
     1  EPS0=-0.1666／ROE0=-1.19% 非正
     1  EPS0=-0.1668／ROE0=-1.19% 非正
     1  EPS0=-0.1665／ROE0=-1.19% 非正
     1  EPS0=-0.0019／ROE0=-0.52% 非正
     1  EPS0=-0.0020／ROE0=-0.52% 非正
     1  EPS0=-0.0115／ROE0=-1.72% 非正
     1  EPS0=-0.0116／ROE0=-1.72% 非正
     1  EPS0=-0.0086／ROE0=-1.72% 非正
     1  EPS0=-0.0851／ROE0=-4.15% 非正
     1  EPS0=-0.0819／ROE0=-4.15% 非正
     1  EPS0=-0.0768／ROE0=-4.15% 非正
     1  EPS0=-0.0713／ROE0=-4.15% 非正
     1  EPS0=-0.2173／ROE0=-14.02% 非正
     1  EPS0=-0.2078／ROE0=-14.02% 非正
     1  EPS0=-0.1971／ROE0=-14.02% 非正
     1  EPS0=-0.1876／ROE0=-14.02% 非正
     1  EPS0=-0.1647／ROE0=-16.81% 非正
     1  EPS0=-0.1359／ROE0=-16.81% 非正
     1  EPS0=-0.0931／ROE0=-16.81% 非正
     1  EPS0=-0.2714／ROE0=-23.81% 非正
     1  EPS0=-0.5915／ROE0=-7.12% 非正
     1  EPS0=-0.5833／ROE0=-7.12% 非正
     1  EPS0=-0.5860／ROE0=-7.12% 非正
     1  EPS0=-0.5983／ROE0=-7.12% 非正
     1  EPS0=-0.0179／ROE0=-1.74% 非正
     1  EPS0=-0.0176／ROE0=-1.74% 非正
     1  EPS0=-0.0056／ROE0=-1.74% 非正
     1  EPS0=-0.0050／ROE0=-1.74% 非正
     1  零增长股权价值 -0.53 ≤ 0
     1  EPS0=-0.0362／ROE0=-2.25% 非正
     1  EPS0=-0.0358／ROE0=-2.25% 非正
     1  EPS0=-0.0340／ROE0=-2.25% 非正
     1  EPS0=-0.0333／ROE0=-2.25% 非正
     1  EPS0=-0.1210／ROE0=-9.02% 非正
     1  EPS0=-0.1171／ROE0=-9.02% 非正
     1  EPS0=-0.1046／ROE0=-9.02% 非正
     1  EPS0=-0.1014／ROE0=-9.02% 非正
     1  EPS0=-0.0705／ROE0=-58.78% 非正
     1  EPS0=-0.0555／ROE0=-58.78% 非正
     1  EPS0=-0.0171／ROE0=-58.78% 非正
     1  EPS0=-0.0800／ROE0=-58.78% 非正
     1  EPS0=-0.2930／ROE0=-7.76% 非正
     1  EPS0=-0.2958／ROE0=-7.76% 非正
     1  EPS0=-0.2970／ROE0=-7.76% 非正
     1  EPS0=-0.3120／ROE0=-7.76% 非正
     1  EPS0=-0.4924／ROE0=-16.37% 非正
     1  EPS0=-0.4937／ROE0=-16.37% 非正
     1  EPS0=-0.3717／ROE0=-16.37% 非正
     1  EPS0=-0.3757／ROE0=-16.37% 非正
     1  EPS0=-0.4840／ROE0=-18.72% 非正
     1  EPS0=-0.4523／ROE0=-18.72% 非正
     1  EPS0=-0.4743／ROE0=-26.11% 非正
     1  EPS0=-0.4595／ROE0=-26.11% 非正
     1  EPS0=-0.4813／ROE0=-26.11% 非正
     1  EPS0=-0.1550／ROE0=-4.76% 非正
     1  EPS0=-0.1585／ROE0=-4.76% 非正
     1  EPS0=-0.6259／ROE0=-23.41% 非正
     1  EPS0=-0.6128／ROE0=-23.41% 非正
     1  EPS0=-0.6079／ROE0=-23.41% 非正
     1  EPS0=-0.5952／ROE0=-23.41% 非正
     1  EPS0=-0.0113／ROE0=-0.59% 非正
     1  EPS0=-0.0107／ROE0=-0.59% 非正
     1  EPS0=-0.0095／ROE0=-0.59% 非正
     1  EPS0=-0.0104／ROE0=-0.59% 非正
     1  EPS0=-0.0098／ROE0=-0.59% 非正
     1  EPS0=-0.1547／ROE0=-3.51% 非正
     1  EPS0=-0.1515／ROE0=-3.51% 非正
     1  EPS0=-0.1484／ROE0=-3.51% 非正
     1  EPS0=-0.1438／ROE0=-3.51% 非正
     1  EPS0=-0.5270／ROE0=-18.95% 非正
     1  EPS0=-0.5071／ROE0=-18.95% 非正
     1  EPS0=-0.4883／ROE0=-18.95% 非正
     1  EPS0=-0.6702／ROE0=-34.80% 非正
     1  EPS0=-0.3779／ROE0=-34.80% 非正
     1  EPS0=-0.3793／ROE0=-34.80% 非正
     1  EPS0=-0.3863／ROE0=-34.80% 非正
     1  EPS0=-0.0518／ROE0=-3.16% 非正
     1  EPS0=-0.0519／ROE0=-3.16% 非正
     1  EPS0=-0.0515／ROE0=-3.16% 非正
     1  EPS0=-0.0514／ROE0=-3.16% 非正
     1  EPS0=-0.0458／ROE0=-3.16% 非正
     1  EPS0=-0.0454／ROE0=-3.16% 非正
     1  EPS0=-0.0539／ROE0=-3.89% 非正
     1  EPS0=-0.0541／ROE0=-3.89% 非正
     1  EPS0=-0.0418／ROE0=-3.01% 非正
     1  EPS0=-0.0542／ROE0=-4.01% 非正
     1  EPS0=-0.0529／ROE0=-4.01% 非正
     1  EPS0=-0.0513／ROE0=-4.01% 非正
     1  EPS0=-0.0543／ROE0=-4.01% 非正
     1  EPS0=-0.0508／ROE0=-3.53% 非正
     1  EPS0=-0.0496／ROE0=-3.53% 非正
     1  EPS0=-0.0476／ROE0=-3.53% 非正
     1  EPS0=-0.0449／ROE0=-3.53% 非正
     1  EPS0=-0.1698／ROE0=-17.58% 非正
     1  EPS0=-0.1620／ROE0=-17.58% 非正
     1  EPS0=-0.1594／ROE0=-17.58% 非正
     1  EPS0=-0.1548／ROE0=-17.58% 非正
     1  EPS0=-0.1077／ROE0=-31.59% 非正
     1  EPS0=-0.0950／ROE0=-31.59% 非正
     1  EPS0=-0.0902／ROE0=-31.59% 非正
     1  EPS0=-0.0823／ROE0=-31.59% 非正
     1  EPS0=-0.1502／ROE0=-30.95% 非正
     1  EPS0=-0.1329／ROE0=-30.95% 非正
     1  EPS0=-0.0291／ROE0=-31.59% 非正
     1  EPS0=-0.0217／ROE0=-31.59% 非正
     1  EPS0=-0.0138／ROE0=-31.59% 非正
     1  EPS0=-0.0070／ROE0=-31.59% 非正
     1  EPS0=-0.0387／ROE0=-12.88% 非正
     1  EPS0=-0.0360／ROE0=-12.88% 非正
     1  EPS0=-0.0345／ROE0=-12.88% 非正
     1  EPS0=-0.0332／ROE0=-12.88% 非正
     1  EPS0=-0.0173／ROE0=-21.61% 非正
     1  EPS0=-0.0115／ROE0=-21.61% 非正
     1  EPS0=-0.0076／ROE0=-21.61% 非正
     1  EPS0=-0.0147／ROE0=-21.61% 非正
     1  EPS0=-0.0548／ROE0=-4.75% 非正
     1  EPS0=-0.0527／ROE0=-4.75% 非正
     1  EPS0=-0.0493／ROE0=-4.75% 非正
     1  EPS0=-0.0468／ROE0=-4.75% 非正
     1  EPS0=-0.1257／ROE0=-27.81% 非正
     1  EPS0=-0.1174／ROE0=-27.81% 非正
     1  EPS0=-0.1091／ROE0=-27.81% 非正
     1  EPS0=-0.1049／ROE0=-27.81% 非正
     1  EPS0=-0.2038／ROE0=-74.16% 非正
     1  EPS0=-0.1854／ROE0=-66.53% 非正
     1  EPS0=-0.0726／ROE0=-26.29% 非正
     1  EPS0=-0.0046／ROE0=-1.74% 非正
     1  EPS0=-0.0078／ROE0=-2.98% 非正
     1  EPS0=-0.1434／ROE0=-17.28% 非正
     1  EPS0=-0.1435／ROE0=-17.28% 非正
     1  EPS0=-0.1451／ROE0=-17.28% 非正
     1  EPS0=-0.1396／ROE0=-17.28% 非正
     1  EPS0=-0.0008／ROE0=-0.63% 非正
     1  EPS0=-0.0005／ROE0=-0.63% 非正
     1  EPS0=-0.0002／ROE0=-0.63% 非正
     1  EPS0=-0.0218／ROE0=-0.64% 非正
     1  EPS0=-0.0219／ROE0=-0.64% 非正
     1  EPS0=-0.0221／ROE0=-0.63% 非正
     1  EPS0=-0.0233／ROE0=-0.63% 非正
     1  EPS0=-0.0205／ROE0=-0.63% 非正
     1  EPS0=-0.1061／ROE0=-7.19% 非正
     1  EPS0=-0.1129／ROE0=-7.19% 非正
     1  EPS0=-0.1070／ROE0=-7.19% 非正
     1  EPS0=-0.0962／ROE0=-7.19% 非正
     1  EPS0=-0.1727／ROE0=-15.84% 非正
     1  EPS0=-0.1528／ROE0=-15.84% 非正
     1  EPS0=-0.2380／ROE0=-17.00% 非正
     1  EPS0=-0.1689／ROE0=-12.80% 非正
     1  EPS0=-0.1692／ROE0=-12.80% 非正
     1  EPS0=-0.1155／ROE0=-8.60% 非正
     1  EPS0=-0.1260／ROE0=-8.60% 非正
     1  EPS0=-0.1314／ROE0=-8.60% 非正
     1  EPS0=-0.0451／ROE0=-2.90% 非正
     1  EPS0=-0.0436／ROE0=-2.90% 非正
     1  EPS0=-0.0948／ROE0=-6.24% 非正
     1  EPS0=-0.0887／ROE0=-6.24% 非正
     1  EPS0=-0.0868／ROE0=-6.24% 非正
     1  EPS0=-0.0855／ROE0=-6.24% 非正
     1  EPS0=-0.0295／ROE0=-58.96% 非正
     1  EPS0=-0.0059／ROE0=-58.96% 非正
     1  EPS0=-0.2410／ROE0=-8.77% 非正
     1  EPS0=-0.2226／ROE0=-8.77% 非正
     1  EPS0=-0.1991／ROE0=-8.77% 非正
     1  EPS0=-0.1794／ROE0=-8.77% 非正
     1  EPS0=-0.4642／ROE0=-34.60% 非正
     1  EPS0=-0.3741／ROE0=-34.60% 非正
     1  EPS0=-0.2634／ROE0=-34.60% 非正
     1  EPS0=-0.5647／ROE0=-34.60% 非正
     1  EPS0=-0.4442／ROE0=-26.91% 非正
     1  EPS0=-0.4450／ROE0=-26.91% 非正
     1  EPS0=-0.4787／ROE0=-26.91% 非正
     1  EPS0=-0.4821／ROE0=-26.91% 非正
     1  EPS0=-0.2496／ROE0=-18.09% 非正
     1  EPS0=-0.2384／ROE0=-18.09% 非正
     1  EPS0=-0.1855／ROE0=-18.09% 非正
     1  EPS0=-0.1643／ROE0=-18.09% 非正
     1  EPS0=-0.3650／ROE0=-40.66% 非正
     1  EPS0=-0.2722／ROE0=-33.04% 非正
     1  EPS0=-0.2845／ROE0=-40.66% 非正
     1  EPS0=-0.0822／ROE0=-3.00% 非正
     1  EPS0=-0.0807／ROE0=-3.00% 非正
     1  EPS0=-0.0804／ROE0=-3.00% 非正
     1  EPS0=-0.0812／ROE0=-3.00% 非正
     1  EPS0=-0.1486／ROE0=-8.73% 非正
     1  EPS0=-0.1625／ROE0=-8.73% 非正
     1  EPS0=-0.1711／ROE0=-8.73% 非正
     1  EPS0=-0.4234／ROE0=-18.75% 非正
     1  EPS0=-0.3822／ROE0=-18.75% 非正
     1  EPS0=-0.3171／ROE0=-18.75% 非正
     1  EPS0=-0.4169／ROE0=-18.75% 非正
     1  EPS0=-0.0108／ROE0=-4.54% 非正
     1  EPS0=-0.0104／ROE0=-4.54% 非正
     1  EPS0=-0.0103／ROE0=-4.54% 非正
     1  EPS0=-0.0190／ROE0=-9.08% 非正
     1  EPS0=-0.1722／ROE0=-8.44% 非正
     1  EPS0=-0.1675／ROE0=-8.44% 非正
     1  EPS0=-0.1626／ROE0=-8.44% 非正
     1  EPS0=-0.1531／ROE0=-8.44% 非正
     1  EPS0=-0.1850／ROE0=-23.13% 非正
     1  EPS0=-0.2022／ROE0=-23.13% 非正
     1  EPS0=-0.1865／ROE0=-23.13% 非正
     1  EPS0=-0.1599／ROE0=-23.13% 非正
     1  EPS0=-0.1196／ROE0=-27.62% 非正
     1  EPS0=-0.1425／ROE0=-27.62% 非正
     1  EPS0=-0.1363／ROE0=-27.62% 非正
     1  EPS0=-0.1104／ROE0=-27.62% 非正
     1  EPS0=-0.5747／ROE0=-13.49% 非正
     1  EPS0=-0.5709／ROE0=-13.49% 非正
     1  EPS0=-0.5702／ROE0=-13.49% 非正
     1  EPS0=-0.5670／ROE0=-13.49% 非正
     1  EPS0=-0.9333／ROE0=-33.10% 非正
     1  EPS0=-0.9220／ROE0=-33.10% 非正
     1  EPS0=-0.9033／ROE0=-33.10% 非正
     1  EPS0=-0.8802／ROE0=-33.10% 非正
     1  EPS0=-0.3972／ROE0=-37.65% 非正
     1  EPS0=-0.3939／ROE0=-37.65% 非正
     1  EPS0=-0.3507／ROE0=-37.65% 非正
     1  EPS0=-0.3035／ROE0=-37.65% 非正
     1  EPS0=-0.2353／ROE0=-16.57% 非正
     1  EPS0=-0.2365／ROE0=-16.57% 非正
     1  EPS0=-0.2389／ROE0=-16.57% 非正
     1  EPS0=-0.2392／ROE0=-16.57% 非正
     1  EPS0=-0.1080／ROE0=-13.32% 非正
     1  EPS0=-0.1058／ROE0=-13.32% 非正
     1  EPS0=-0.0989／ROE0=-13.32% 非正
     1  EPS0=-0.0972／ROE0=-13.32% 非正
     1  EPS0=-0.5036／ROE0=-25.89% 非正
     1  EPS0=-0.4610／ROE0=-25.89% 非正
     1  EPS0=-0.4699／ROE0=-25.89% 非正
     1  EPS0=-0.4282／ROE0=-25.89% 非正
     1  EPS0=-0.0290／ROE0=-2.21% 非正
     1  EPS0=-0.0291／ROE0=-2.21% 非正
     1  EPS0=-0.0297／ROE0=-2.21% 非正
     1  EPS0=-0.0667／ROE0=-6.09% 非正
     1  EPS0=-0.0653／ROE0=-6.09% 非正
     1  EPS0=-0.0651／ROE0=-6.09% 非正
     1  EPS0=-0.0642／ROE0=-6.09% 非正
     1  EPS0=-0.1187／ROE0=-0.14% 非正
     1  EPS0=-0.0014／ROE0=-0.14% 非正
     1  EPS0=-0.0070／ROE0=-0.14% 非正
     1  EPS0=-0.0069／ROE0=-0.14% 非正
     1  EPS0=-0.6972／ROE0=-26.88% 非正
     1  EPS0=-0.6333／ROE0=-26.88% 非正
     1  EPS0=-0.5515／ROE0=-26.88% 非正
     1  EPS0=-0.4368／ROE0=-26.88% 非正
     1  EPS0=-0.6822／ROE0=-51.59% 非正
     1  EPS0=-0.5749／ROE0=-51.59% 非正
     1  EPS0=-0.4228／ROE0=-51.59% 非正
     1  EPS0=-0.2570／ROE0=-51.59% 非正
     1  EPS0=-0.7216／ROE0=-63.93% 非正
     1  EPS0=-0.5927／ROE0=-63.93% 非正
     1  EPS0=-0.3562／ROE0=-63.93% 非正
     1  EPS0=-0.1377／ROE0=-63.93% 非正
     1  EPS0=-0.6442／ROE0=-65.16% 非正
     1  EPS0=-0.5325／ROE0=-65.16% 非正
     1  EPS0=-0.3736／ROE0=-65.16% 非正
     1  EPS0=-0.2426／ROE0=-65.16% 非正
     1  EPS0=-0.1418／ROE0=-83.23% 非正
     1  EPS0=-0.0394／ROE0=-83.23% 非正
     1  EPS0=-0.0324／ROE0=-83.23% 非正
     1  EPS0=-0.2196／ROE0=-37.30% 非正
     1  EPS0=-0.1810／ROE0=-37.30% 非正
     1  EPS0=-0.1756／ROE0=-37.30% 非正
     1  EPS0=-0.1488／ROE0=-37.30% 非正
     1  EPS0=-0.0025／ROE0=-1.54% 非正
     1  EPS0=-0.0026／ROE0=-1.54% 非正
     1  EPS0=-0.0183／ROE0=-11.35% 非正
     1  EPS0=-0.0119／ROE0=-11.35% 非正
     1  EPS0=-0.0111／ROE0=-11.35% 非正
     1  EPS0=-0.0704／ROE0=-4.54% 非正
     1  EPS0=-0.0697／ROE0=-4.54% 非正
     1  EPS0=-0.0699／ROE0=-4.54% 非正
     1  EPS0=-0.0686／ROE0=-4.54% 非正
     1  EPS0=-0.2000／ROE0=-52.64% 非正
     1  EPS0=-0.1897／ROE0=-52.64% 非正
     1  EPS0=-0.1695／ROE0=-52.64% 非正
     1  EPS0=-0.1652／ROE0=-52.64% 非正
     1  EPS0=-0.0156／ROE0=-9.54% 非正
     1  EPS0=-0.0115／ROE0=-9.54% 非正
     1  EPS0=-0.0349／ROE0=-1.24% 非正
     1  EPS0=-0.0351／ROE0=-1.24% 非正
     1  EPS0=-0.0353／ROE0=-1.24% 非正
     1  EPS0=-0.0354／ROE0=-1.24% 非正
     1  EPS0=-0.1244／ROE0=-5.00% 非正
     1  EPS0=-0.1249／ROE0=-5.00% 非正
     1  EPS0=-0.1251／ROE0=-5.00% 非正
     1  EPS0=-0.1187／ROE0=-26.97% 非正
     1  EPS0=-0.1087／ROE0=-26.97% 非正
     1  EPS0=-0.2382／ROE0=-28.02% 非正
     1  EPS0=-0.2452／ROE0=-28.02% 非正
     1  EPS0=-0.0615／ROE0=-6.76% 非正
     1  EPS0=-0.2646／ROE0=-28.02% 非正
     1  EPS0=-0.0099／ROE0=-0.26% 非正
     1  EPS0=-0.0054／ROE0=-0.26% 非正
     1  EPS0=-0.0072／ROE0=-0.26% 非正
     1  EPS0=-0.0073／ROE0=-0.26% 非正
     1  EPS0=-0.0875／ROE0=-8.67% 非正
     1  EPS0=-0.0855／ROE0=-8.67% 非正
     1  EPS0=-0.0821／ROE0=-8.67% 非正
     1  EPS0=-0.0773／ROE0=-8.67% 非正
     1  EPS0=-0.0106／ROE0=-0.32% 非正
     1  EPS0=-0.0095／ROE0=-0.32% 非正
     1  EPS0=-0.0086／ROE0=-0.32% 非正
     1  EPS0=-0.0081／ROE0=-0.32% 非正
     1  EPS0=-0.5034／ROE0=-19.56% 非正
     1  EPS0=-0.3227／ROE0=-19.56% 非正
     1  EPS0=-0.3017／ROE0=-19.56% 非正
     1  EPS0=-0.3149／ROE0=-19.56% 非正
     1  EPS0=-0.0922／ROE0=-1.75% 非正
     1  EPS0=-0.0923／ROE0=-1.75% 非正
     1  EPS0=-0.0929／ROE0=-1.75% 非正
     1  EPS0=-0.0930／ROE0=-1.75% 非正
     1  EPS0=-0.4161／ROE0=-100.98% 非正
     1  EPS0=-0.3368／ROE0=-100.98% 非正
     1  EPS0=-0.3468／ROE0=-100.98% 非正
     1  EPS0=-0.0176／ROE0=-100.98% 非正
     1  EPS0=-0.0202／ROE0=-100.98% 非正
     1  EPS0=-0.0601／ROE0=-48.62% 非正
     1  EPS0=-0.0610／ROE0=-48.62% 非正
     1  EPS0=-0.0613／ROE0=-48.62% 非正
     1  EPS0=-0.0068／ROE0=-48.62% 非正
     1  EPS0=-0.0053／ROE0=-48.62% 非正
     1  EPS0=-0.0052／ROE0=-48.62% 非正
     1  EPS0=-0.3951／ROE0=-26.84% 非正
     1  EPS0=-0.3846／ROE0=-26.84% 非正
     1  EPS0=-0.3948／ROE0=-26.84% 非正
     1  EPS0=-0.2902／ROE0=-26.84% 非正
     1  EPS0=-0.1674／ROE0=-52.29% 非正
     1  EPS0=-0.1220／ROE0=-52.29% 非正
     1  EPS0=-0.0519／ROE0=-52.29% 非正
     1  EPS0=-0.3756／ROE0=-131.65% 非正
     1  EPS0=-0.3667／ROE0=-131.65% 非正
     1  EPS0=-0.3410／ROE0=-124.29% 非正
     1  EPS0=-0.0202／ROE0=-8.42% 非正
     1  EPS0=-0.0199／ROE0=-8.42% 非正
     1  EPS0=-0.0195／ROE0=-8.42% 非正
     1  EPS0=-0.0631／ROE0=-1.72% 非正
     1  EPS0=-0.0636／ROE0=-1.72% 非正
     1  EPS0=-0.0610／ROE0=-1.72% 非正
     1  EPS0=-0.3062／ROE0=-13.61% 非正
     1  EPS0=-0.2771／ROE0=-13.61% 非正
     1  EPS0=-0.2325／ROE0=-13.61% 非正
     1  EPS0=-0.2205／ROE0=-13.61% 非正
     1  EPS0=-0.1503／ROE0=-8.96% 非正
     1  EPS0=-0.1518／ROE0=-8.96% 非正
     1  EPS0=-0.1493／ROE0=-8.96% 非正
     1  EPS0=-0.1502／ROE0=-8.96% 非正
     1  EPS0=-0.1272／ROE0=-42.20% 非正
     1  EPS0=-0.1009／ROE0=-42.20% 非正
     1  EPS0=-0.0644／ROE0=-42.20% 非正
     1  EPS0=-0.0671／ROE0=-42.20% 非正
     1  EPS0=-0.0222／ROE0=-221.60% 非正
     1  EPS0=-2.1236／ROE0=-11.32% 非正
     1  EPS0=-2.1064／ROE0=-11.32% 非正
     1  EPS0=-2.0867／ROE0=-11.32% 非正
     1  EPS0=-0.0094／ROE0=-0.62% 非正
     1  EPS0=-0.0095／ROE0=-0.62% 非正
     1  EPS0=-0.0142／ROE0=-0.24% 非正
     1  EPS0=-0.0141／ROE0=-0.24% 非正
     1  EPS0=-0.0132／ROE0=-0.24% 非正
     1  EPS0=-0.0134／ROE0=-0.24% 非正
     1  EPS0=-0.1293／ROE0=-2.29% 非正
     1  EPS0=-0.1279／ROE0=-2.29% 非正
     1  EPS0=-0.0041／ROE0=-0.07% 非正
     1  EPS0=-0.0406／ROE0=-4.46% 非正
     1  EPS0=-0.0390／ROE0=-4.46% 非正
     1  EPS0=-0.0381／ROE0=-4.46% 非正
     1  EPS0=-0.0395／ROE0=-4.46% 非正
     1  EPS0=-0.2842／ROE0=-11.67% 非正
     1  EPS0=-0.2699／ROE0=-11.67% 非正
     1  EPS0=-0.2211／ROE0=-10.35% 非正
     1  EPS0=-0.2065／ROE0=-9.20% 非正
     1  EPS0=-0.0344／ROE0=-0.78% 非正
     1  EPS0=-0.0452／ROE0=-22.62% 非正
     1  EPS0=-0.0470／ROE0=-22.62% 非正
     1  EPS0=-0.0397／ROE0=-22.62% 非正
     1  EPS0=-0.0410／ROE0=-22.62% 非正
     1  EPS0=-0.0099／ROE0=-6.57% 非正
     1  EPS0=-0.0106／ROE0=-6.57% 非正
     1  EPS0=-0.0157／ROE0=-6.57% 非正
     1  EPS0=-0.0159／ROE0=-6.57% 非正
     1  EPS0=-0.5006／ROE0=-37.84% 非正
     1  EPS0=-0.5533／ROE0=-37.84% 非正
     1  EPS0=-0.6291／ROE0=-37.84% 非正
     1  EPS0=-0.5029／ROE0=-37.84% 非正
     1  EPS0=-0.0942／ROE0=-4.24% 非正
     1  EPS0=-0.0931／ROE0=-4.24% 非正
     1  EPS0=-0.0923／ROE0=-4.24% 非正
     1  EPS0=-0.0900／ROE0=-4.24% 非正
     1  EPS0=-0.3050／ROE0=-16.94% 非正
     1  EPS0=-0.3033／ROE0=-16.94% 非正
     1  EPS0=-0.2982／ROE0=-16.94% 非正
     1  EPS0=-0.2948／ROE0=-16.94% 非正
     1  EPS0=-0.3203／ROE0=-38.13% 非正
     1  EPS0=-0.0915／ROE0=-38.13% 非正
     1  EPS0=-0.1029／ROE0=-38.13% 非正
     1  EPS0=-0.0347／ROE0=-3.10% 非正
     1  EPS0=-0.0356／ROE0=-3.10% 非正
     1  EPS0=-0.0856／ROE0=-7.28% 非正
     1  EPS0=-0.0604／ROE0=-7.28% 非正
     1  EPS0=-0.0619／ROE0=-7.28% 非正
     1  EPS0=-0.0612／ROE0=-7.28% 非正
     1  EPS0=-0.0568／ROE0=-7.28% 非正
     1  EPS0=-0.0571／ROE0=-7.28% 非正
     1  EPS0=-0.0033／ROE0=-0.43% 非正
     1  EPS0=-0.1249／ROE0=-86.30% 非正
     1  EPS0=-0.2242／ROE0=-3.38% 非正
     1  EPS0=-0.2154／ROE0=-3.38% 非正
     1  EPS0=-0.2096／ROE0=-3.38% 非正
     1  EPS0=-0.2048／ROE0=-11.01% 非正
     1  EPS0=-0.1987／ROE0=-11.01% 非正
     1  EPS0=-0.1948／ROE0=-11.01% 非正
     1  EPS0=-0.1479／ROE0=-11.01% 非正
     1  EPS0=-0.0432／ROE0=-11.06% 非正
     1  EPS0=-0.0024／ROE0=-11.06% 非正
     1  EPS0=-0.0170／ROE0=-56.52% 非正
     1  EPS0=-0.0430／ROE0=-8.12% 非正
     1  EPS0=-0.0405／ROE0=-8.12% 非正
     1  EPS0=-0.0407／ROE0=-8.12% 非正
     1  EPS0=-0.0426／ROE0=-8.12% 非正
     1  EPS0=-0.0592／ROE0=-11.38% 非正
     1  EPS0=-0.0562／ROE0=-11.38% 非正
     1  EPS0=-0.0568／ROE0=-11.38% 非正
     1  EPS0=-0.0598／ROE0=-11.38% 非正
     1  EPS0=-0.1009／ROE0=-14.64% 非正
     1  EPS0=-0.1050／ROE0=-14.64% 非正
     1  EPS0=-0.0775／ROE0=-8.52% 非正
     1  EPS0=-0.0700／ROE0=-1.89% 非正
     1  EPS0=-0.0704／ROE0=-1.89% 非正
     1  EPS0=-0.0661／ROE0=-1.89% 非正
     1  EPS0=-0.0646／ROE0=-1.89% 非正
     1  EPS0=-0.1833／ROE0=-10.85% 非正
     1  EPS0=-0.1821／ROE0=-10.85% 非正
     1  EPS0=-0.1826／ROE0=-10.85% 非正
     1  EPS0=-0.1862／ROE0=-10.85% 非正
     1  EPS0=-0.1855／ROE0=-7.05% 非正
     1  EPS0=-0.1656／ROE0=-7.05% 非正
     1  EPS0=-0.1642／ROE0=-7.05% 非正
     1  EPS0=-0.1318／ROE0=-7.05% 非正
     1  EPS0=-0.1158／ROE0=-6.73% 非正
     1  EPS0=-0.1155／ROE0=-6.73% 非正
     1  EPS0=-0.1159／ROE0=-6.73% 非正
     1  EPS0=-0.1147／ROE0=-6.73% 非正
     1  EPS0=-0.1633／ROE0=-10.27% 非正
     1  EPS0=-0.1631／ROE0=-10.27% 非正
     1  EPS0=-0.1629／ROE0=-10.27% 非正
     1  EPS0=-0.1630／ROE0=-10.27% 非正
     1  EPS0=-0.0958／ROE0=-5.44% 非正
     1  EPS0=-0.1318／ROE0=-5.44% 非正
     1  EPS0=-0.2673／ROE0=-21.56% 非正
     1  EPS0=-0.1443／ROE0=-5.44% 非正
     1  EPS0=-0.5800／ROE0=-21.56% 非正
     1  EPS0=-0.5713／ROE0=-21.56% 非正
     1  EPS0=-0.1605／ROE0=-28.17% 非正
     1  EPS0=-0.1296／ROE0=-28.17% 非正
     1  EPS0=-0.0929／ROE0=-28.17% 非正
     1  EPS0=-0.0617／ROE0=-28.17% 非正
     1  EPS0=-0.0202／ROE0=-1.38% 非正
     1  EPS0=-0.0206／ROE0=-1.38% 非正
     1  EPS0=-0.0212／ROE0=-1.38% 非正
     1  EPS0=-0.0214／ROE0=-1.38% 非正
     1  EPS0=-0.0098／ROE0=-0.23% 非正
     1  EPS0=-0.0100／ROE0=-0.23% 非正
     1  EPS0=-0.1264／ROE0=-22.00% 非正
     1  EPS0=-0.1914／ROE0=-22.00% 非正
     1  EPS0=-0.1753／ROE0=-22.00% 非正
     1  EPS0=-0.0465／ROE0=-6.21% 非正
     1  EPS0=-0.0452／ROE0=-6.21% 非正
     1  EPS0=-0.0388／ROE0=-6.21% 非正
     1  EPS0=-0.0613／ROE0=-30.66% 非正
     1  EPS0=-0.0565／ROE0=-30.66% 非正
     1  EPS0=-0.0669／ROE0=-30.66% 非正
     1  EPS0=-0.0637／ROE0=-30.66% 非正
     1  EPS0=-0.0654／ROE0=-7.27% 非正
     1  EPS0=-0.0638／ROE0=-7.27% 非正
     1  EPS0=-0.0602／ROE0=-7.27% 非正
     1  EPS0=-0.0608／ROE0=-7.27% 非正
     1  EPS0=-0.1401／ROE0=-6.46% 非正
     1  EPS0=-0.1403／ROE0=-6.46% 非正
     1  EPS0=-0.1404／ROE0=-6.46% 非正
     1  EPS0=-0.1405／ROE0=-6.46% 非正
     1  EPS0=-0.0560／ROE0=-2.56% 非正
     1  EPS0=-0.0562／ROE0=-2.56% 非正
     1  EPS0=-0.1177／ROE0=-6.76% 非正
     1  EPS0=-0.1134／ROE0=-6.76% 非正
     1  EPS0=-0.1081／ROE0=-6.76% 非正
     1  EPS0=-0.1033／ROE0=-6.76% 非正
     1  EPS0=-0.2116／ROE0=-17.46% 非正
     1  EPS0=-0.2071／ROE0=-17.46% 非正
     1  EPS0=-0.2042／ROE0=-17.46% 非正
     1  EPS0=-0.2117／ROE0=-17.46% 非正
     1  EPS0=-0.1288／ROE0=-20.52% 非正
     1  EPS0=-0.0976／ROE0=-20.52% 非正
     1  EPS0=-0.0125／ROE0=-20.52% 非正
     1  EPS0=-0.0466／ROE0=-50.03% 非正
     1  EPS0=-0.1416／ROE0=-6.59% 非正
     1  EPS0=-0.1417／ROE0=-6.59% 非正
     1  EPS0=-0.1423／ROE0=-6.59% 非正
     1  EPS0=-0.1427／ROE0=-6.59% 非正
     1  EPS0=-0.1766／ROE0=-6.11% 非正
     1  EPS0=-0.1801／ROE0=-6.11% 非正
     1  EPS0=-0.1832／ROE0=-6.11% 非正
     1  EPS0=-0.1880／ROE0=-6.11% 非正
     1  EPS0=-0.1411／ROE0=-7.47% 非正
     1  EPS0=-0.1391／ROE0=-7.47% 非正
     1  EPS0=-0.1372／ROE0=-7.47% 非正
     1  EPS0=-0.1359／ROE0=-7.47% 非正
     1  EPS0=-0.1504／ROE0=-11.94% 非正
     1  EPS0=-0.1483／ROE0=-11.94% 非正
     1  EPS0=-0.0910／ROE0=-11.94% 非正
     1  EPS0=-0.0899／ROE0=-11.94% 非正
     1  EPS0=-0.0942／ROE0=-52.60% 非正
     1  EPS0=-0.0988／ROE0=-52.60% 非正
     1  EPS0=-0.0897／ROE0=-52.60% 非正
     1  EPS0=-0.1465／ROE0=-52.60% 非正
     1  EPS0=-0.1640／ROE0=-3.63% 非正
     1  EPS0=-0.1619／ROE0=-3.63% 非正
     1  EPS0=-0.1613／ROE0=-3.63% 非正
     1  EPS0=-0.1446／ROE0=-4.02% 非正
     1  EPS0=-0.1454／ROE0=-4.02% 非正
     1  EPS0=-0.0927／ROE0=-2.42% 非正
     1  EPS0=-0.1554／ROE0=-4.02% 非正
     1  EPS0=-0.1213／ROE0=-2.41% 非正
     1  EPS0=-0.1209／ROE0=-2.41% 非正
     1  EPS0=-0.1217／ROE0=-2.41% 非正
     1  EPS0=-0.0641／ROE0=-1.77% 非正
     1  EPS0=-0.0632／ROE0=-1.77% 非正
     1  EPS0=-0.0628／ROE0=-1.77% 非正
     1  EPS0=-0.0622／ROE0=-1.77% 非正
     1  EPS0=-0.1136／ROE0=-3.33% 非正
     1  EPS0=-0.1123／ROE0=-3.33% 非正
     1  EPS0=-0.1119／ROE0=-3.33% 非正
     1  EPS0=-0.1103／ROE0=-3.33% 非正
     1  EPS0=-0.5863／ROE0=-15.94% 非正
     1  EPS0=-0.5942／ROE0=-15.94% 非正
     1  EPS0=-0.5954／ROE0=-15.94% 非正
     1  EPS0=-0.5961／ROE0=-15.94% 非正
     1  EPS0=-0.0301／ROE0=-1.40% 非正
     1  EPS0=-0.0302／ROE0=-1.40% 非正
     1  EPS0=-0.3026／ROE0=-7.86% 非正
     1  EPS0=-0.2986／ROE0=-7.86% 非正
     1  EPS0=-0.2364／ROE0=-7.86% 非正
     1  EPS0=-0.5796／ROE0=-24.80% 非正
     1  EPS0=-0.6121／ROE0=-24.80% 非正
     1  EPS0=-0.6279／ROE0=-24.80% 非正
     1  EPS0=-0.1615／ROE0=-6.20% 非正
     1  EPS0=-0.0939／ROE0=-8.77% 非正
     1  EPS0=-0.1069／ROE0=-8.77% 非正
     1  EPS0=-0.0655／ROE0=-8.77% 非正
     1  EPS0=-0.0669／ROE0=-8.77% 非正
     1  EPS0=-0.1924／ROE0=-28.58% 非正
     1  EPS0=-0.2049／ROE0=-28.58% 非正
     1  EPS0=-0.1941／ROE0=-26.58% 非正
     1  EPS0=-0.1846／ROE0=-26.58% 非正
     1  EPS0=-0.1727／ROE0=-26.58% 非正
     1  EPS0=-0.1621／ROE0=-26.58% 非正
     1  EPS0=-0.1223／ROE0=-30.57% 非正
     1  EPS0=-0.1161／ROE0=-30.57% 非正
     1  EPS0=-0.1068／ROE0=-30.57% 非正
     1  EPS0=-0.0795／ROE0=-30.57% 非正
     1  EPS0=-0.0295／ROE0=-36.85% 非正
     1  EPS0=-0.0223／ROE0=-36.85% 非正
     1  EPS0=-0.0226／ROE0=-36.85% 非正
     1  EPS0=-0.0326／ROE0=-36.85% 非正
     1  EPS0=-0.1785／ROE0=-3.30% 非正
     1  EPS0=-0.1757／ROE0=-3.30% 非正
     1  EPS0=-0.1731／ROE0=-3.30% 非正
     1  EPS0=-0.1743／ROE0=-3.30% 非正
     1  EPS0=-0.0755／ROE0=-5.88% 非正
     1  EPS0=-0.0739／ROE0=-5.88% 非正
     1  EPS0=-0.2240／ROE0=-24.88% 非正
     1  EPS0=-0.2311／ROE0=-24.88% 非正
     1  EPS0=-0.2375／ROE0=-24.88% 非正
     1  EPS0=-0.2392／ROE0=-24.88% 非正
     1  EPS0=-0.1716／ROE0=-27.20% 非正
     1  EPS0=-0.1931／ROE0=-27.20% 非正
     1  EPS0=-0.1955／ROE0=-27.20% 非正
     1  EPS0=-0.1095／ROE0=-13.43% 非正
     1  EPS0=-0.1434／ROE0=-13.43% 非正
     1  EPS0=-0.1833／ROE0=-13.43% 非正
     1  EPS0=-0.0885／ROE0=-2.09% 非正
     1  EPS0=-0.0879／ROE0=-2.09% 非正
     1  EPS0=-0.0806／ROE0=-4.61% 非正
     1  EPS0=-0.0748／ROE0=-4.61% 非正
     1  EPS0=-0.0745／ROE0=-4.61% 非正
     1  EPS0=-0.0702／ROE0=-4.61% 非正
     1  EPS0=-0.0405／ROE0=-2.69% 非正
     1  EPS0=-0.0341／ROE0=-2.69% 非正
     1  EPS0=-0.0286／ROE0=-2.69% 非正
     1  EPS0=-0.0246／ROE0=-2.69% 非正
     1  EPS0=-0.2946／ROE0=-20.84% 非正
     1  EPS0=-0.3085／ROE0=-20.84% 非正
     1  EPS0=-0.3462／ROE0=-17.04% 非正
     1  EPS0=-0.2496／ROE0=-17.04% 非正
     1  EPS0=-0.2669／ROE0=-17.04% 非正
     1  EPS0=-0.0286／ROE0=-2.36% 非正
     1  EPS0=-0.0230／ROE0=-2.36% 非正
     1  EPS0=-0.0185／ROE0=-2.36% 非正
     1  EPS0=-0.0163／ROE0=-2.36% 非正
     1  EPS0=-0.0847／ROE0=-60.47% 非正
     1  EPS0=-0.0095／ROE0=-60.47% 非正
     1  EPS0=-0.2642／ROE0=-8.96% 非正
     1  EPS0=-0.2616／ROE0=-8.96% 非正
     1  EPS0=-0.2594／ROE0=-8.96% 非正
     1  EPS0=-0.2603／ROE0=-8.96% 非正
     1  EPS0=-0.0240／ROE0=-0.88% 非正
     1  EPS0=-0.0232／ROE0=-0.88% 非正
     1  EPS0=-0.0226／ROE0=-0.88% 非正
     1  EPS0=-0.0225／ROE0=-0.88% 非正
     1  EPS0=-0.0201／ROE0=-0.88% 非正
     1  EPS0=-0.0181／ROE0=-0.88% 非正
     1  EPS0=-0.1861／ROE0=-19.25% 非正
     1  EPS0=-0.1595／ROE0=-19.25% 非正
     1  EPS0=-0.1609／ROE0=-19.25% 非正
     1  EPS0=-0.1735／ROE0=-19.25% 非正
     1  EPS0=-0.2192／ROE0=-39.13% 非正
     1  EPS0=-0.2116／ROE0=-39.13% 非正
     1  EPS0=-0.2209／ROE0=-39.13% 非正
     1  EPS0=-0.2277／ROE0=-39.13% 非正
     1  EPS0=-0.0187／ROE0=-39.40% 非正
     1  EPS0=-0.0508／ROE0=-3.44% 非正
     1  EPS0=-0.0517／ROE0=-3.44% 非正
     1  EPS0=-0.0218／ROE0=-1.43% 非正
     1  EPS0=-0.0223／ROE0=-1.43% 非正
     1  EPS0=-0.0227／ROE0=-1.43% 非正
     1  EPS0=-0.0231／ROE0=-1.43% 非正
     1  EPS0=-0.1715／ROE0=-5.11% 非正
     1  EPS0=-0.1718／ROE0=-5.11% 非正
     1  EPS0=-0.1742／ROE0=-5.11% 非正
     1  EPS0=-0.1746／ROE0=-5.11% 非正
     1  EPS0=-0.0125／ROE0=-0.57% 非正
     1  EPS0=-0.0123／ROE0=-0.57% 非正
     1  EPS0=-0.0478／ROE0=-3.40% 非正
     1  EPS0=-0.0468／ROE0=-3.40% 非正
     1  EPS0=-0.0447／ROE0=-3.40% 非正
     1  EPS0=-0.0437／ROE0=-3.40% 非正
     1  EPS0=-0.1854／ROE0=-37.75% 非正
     1  EPS0=-0.1925／ROE0=-37.75% 非正
     1  EPS0=-0.1759／ROE0=-37.75% 非正
     1  EPS0=-0.1623／ROE0=-37.75% 非正
     1  EPS0=-0.0760／ROE0=-5.89% 非正
     1  EPS0=-0.0812／ROE0=-5.89% 非正
     1  EPS0=-0.0829／ROE0=-5.89% 非正
     1  EPS0=-0.0844／ROE0=-5.89% 非正
     1  EPS0=-0.0860／ROE0=-6.28% 非正
     1  EPS0=-0.0879／ROE0=-6.28% 非正
     1  EPS0=-0.0866／ROE0=-6.28% 非正
     1  EPS0=-0.0891／ROE0=-6.28% 非正
     1  EPS0=-0.1314／ROE0=-14.44% 非正
     1  EPS0=-0.1254／ROE0=-14.44% 非正
     1  EPS0=-0.1101／ROE0=-14.44% 非正
     1  EPS0=-0.1072／ROE0=-14.44% 非正
     1  EPS0=-0.0720／ROE0=-39.98% 非正
     1  EPS0=-0.0760／ROE0=-39.98% 非正
     1  EPS0=-0.0790／ROE0=-39.98% 非正
     1  EPS0=-0.0532／ROE0=-39.98% 非正
     1  EPS0=-0.0327／ROE0=-14.44% 非正
     1  EPS0=-0.0328／ROE0=-14.44% 非正
     1  EPS0=-0.0249／ROE0=-14.44% 非正
     1  EPS0=-0.0260／ROE0=-14.44% 非正
     1  EPS0=-0.0179／ROE0=-11.46% 非正
     1  EPS0=-0.0259／ROE0=-20.74% 非正
     1  EPS0=-0.0056／ROE0=-20.74% 非正
     1  EPS0=-0.0035／ROE0=-20.74% 非正
     1  EPS0=-0.0445／ROE0=-30.83% 非正
     1  EPS0=-0.0418／ROE0=-30.83% 非正
     1  EPS0=-0.0328／ROE0=-30.83% 非正
     1  EPS0=-0.0203／ROE0=-30.83% 非正
     1  EPS0=-0.0176／ROE0=-18.44% 非正
     1  EPS0=-0.0136／ROE0=-18.44% 非正
     1  EPS0=-0.0085／ROE0=-18.44% 非正
     1  EPS0=-0.0044／ROE0=-18.44% 非正
     1  EPS0=-0.0132／ROE0=-1.31% 非正
     1  EPS0=-0.0115／ROE0=-1.31% 非正
     1  EPS0=-0.0098／ROE0=-1.31% 非正
     1  EPS0=-0.1551／ROE0=-6.84% 非正
     1  EPS0=-0.1557／ROE0=-6.84% 非正
     1  EPS0=-0.1569／ROE0=-6.84% 非正
     1  EPS0=-0.1602／ROE0=-6.84% 非正
     1  EPS0=-0.2631／ROE0=-10.49% 非正
     1  EPS0=-0.2414／ROE0=-10.49% 非正
     1  EPS0=-0.2331／ROE0=-10.49% 非正
     1  EPS0=-0.2430／ROE0=-10.49% 非正
     1  EPS0=-0.2666／ROE0=-12.02% 非正
     1  EPS0=-0.2554／ROE0=-12.02% 非正
     1  EPS0=-0.2483／ROE0=-12.02% 非正
     1  股权价值 -0.34 ≤ 0
     1  股权价值 -0.37 ≤ 0
     1  股权价值 -0.39 ≤ 0
     1  股权价值 -10.42 ≤ 0
     1  股权价值 -4.37 ≤ 0
     1  股权价值 -1.81 ≤ 0
     1  股权价值 -2.80 ≤ 0
     1  股权价值 -4.19 ≤ 0
     1  股权价值 -3.64 ≤ 0
     1  股权价值 -3.20 ≤ 0
     1  股权价值 -2.82 ≤ 0
     1  EPS0=-0.0258／ROE0=-0.36% 非正
     1  EPS0=-0.0260／ROE0=-0.36% 非正
     1  EPS0=-0.0263／ROE0=-0.36% 非正
     1  EPS0=-0.4224／ROE0=-7.28% 非正
     1  EPS0=-0.3992／ROE0=-7.28% 非正
     1  EPS0=-0.3922／ROE0=-7.28% 非正
     1  EPS0=-0.3782／ROE0=-7.28% 非正
     1  EPS0=-0.2173／ROE0=-4.43% 非正
     1  EPS0=-0.2216／ROE0=-4.43% 非正
     1  EPS0=-0.2202／ROE0=-4.43% 非正
     1  EPS0=-0.1683／ROE0=-8.23% 非正
     1  EPS0=-0.1685／ROE0=-8.23% 非正
     1  EPS0=-0.1653／ROE0=-8.23% 非正
     1  EPS0=-0.1615／ROE0=-8.23% 非正
     1  EPS0=-0.3735／ROE0=-22.31% 非正
     1  EPS0=-0.3208／ROE0=-42.22% 非正
     1  EPS0=-0.2803／ROE0=-42.22% 非正
     1  EPS0=-0.2587／ROE0=-42.22% 非正
     1  EPS0=-0.2390／ROE0=-42.22% 非正
     1  EPS0=-0.1362／ROE0=-50.43% 非正
     1  EPS0=-0.1055／ROE0=-50.43% 非正
     1  EPS0=-0.0555／ROE0=-50.43% 非正
     1  EPS0=-0.0504／ROE0=-50.43% 非正
     1  EPS0=-0.0117／ROE0=-58.29% 非正
     1  EPS0=-0.4857／ROE0=-25.18% 非正
     1  EPS0=-0.1609／ROE0=-15.62% 非正
     1  EPS0=-0.0805／ROE0=-12.54% 非正
     1  EPS0=-0.0815／ROE0=-12.54% 非正
     1  EPS0=-0.1740／ROE0=-31.63% 非正
     1  EPS0=-0.1480／ROE0=-31.63% 非正
     1  EPS0=-0.1239／ROE0=-31.63% 非正
     1  EPS0=-0.1139／ROE0=-31.63% 非正
     1  EPS0=-0.1957／ROE0=-219.86% 非正
     1  EPS0=-0.1287／ROE0=-219.86% 非正
     1  EPS0=-0.0772／ROE0=-219.86% 非正
     1  EPS0=-0.0055／ROE0=-219.86% 非正
     1  EPS0=-0.1128／ROE0=-33.18% 非正
     1  EPS0=-0.1041／ROE0=-33.18% 非正
     1  EPS0=-0.0299／ROE0=-10.86% 非正
     1  EPS0=-0.1452／ROE0=-4.84% 非正
     1  EPS0=-0.1428／ROE0=-4.84% 非正
     1  EPS0=-0.1431／ROE0=-4.84% 非正
     1  EPS0=-0.1432／ROE0=-4.84% 非正
     1  EPS0=-0.0562／ROE0=-0.97% 非正
     1  EPS0=-0.0552／ROE0=-0.97% 非正
     1  EPS0=-0.0338／ROE0=-2.05% 非正
     1  EPS0=-0.0339／ROE0=-2.05% 非正
     1  EPS0=-0.0325／ROE0=-2.05% 非正
     1  EPS0=-0.0232／ROE0=-2.05% 非正
     1  EPS0=-0.1114／ROE0=-3.61% 非正
     1  EPS0=-0.1115／ROE0=-3.61% 非正
     1  EPS0=-0.1119／ROE0=-3.61% 非正
     1  EPS0=-0.1120／ROE0=-3.61% 非正
     1  EPS0=-0.3178／ROE0=-9.91% 非正
     1  EPS0=-0.3103／ROE0=-9.91% 非正
     1  EPS0=-0.2936／ROE0=-9.91% 非正
     1  EPS0=-0.2637／ROE0=-9.91% 非正
     1  EPS0=-0.2732／ROE0=-68.05% 非正
     1  EPS0=-0.2876／ROE0=-68.05% 非正
     1  EPS0=-0.3725／ROE0=-68.05% 非正
     1  EPS0=-0.3504／ROE0=-68.05% 非正
     1  EPS0=-0.0657／ROE0=-9.08% 非正
     1  EPS0=-0.0656／ROE0=-9.08% 非正
     1  EPS0=-0.0639／ROE0=-9.08% 非正
     1  EPS0=-0.0627／ROE0=-9.08% 非正
     1  EPS0=-0.0776／ROE0=-9.08% 非正
     1  EPS0=-0.0777／ROE0=-9.08% 非正
     1  EPS0=-0.1132／ROE0=-8.12% 非正
     1  EPS0=-0.1034／ROE0=-8.12% 非正
     1  EPS0=-0.0708／ROE0=-8.12% 非正
     1  EPS0=-0.0566／ROE0=-8.12% 非正
     1  EPS0=-0.1180／ROE0=-72.30% 非正
     1  EPS0=-0.0219／ROE0=-72.30% 非正
     1  EPS0=-0.0817／ROE0=-179.06% 非正
     1  EPS0=-0.0564／ROE0=-202.37% 非正
     1  EPS0=-0.1707／ROE0=-23.71% 非正
     1  EPS0=-0.0412／ROE0=-6.13% 非正
     1  EPS0=-0.0410／ROE0=-6.13% 非正
     1  EPS0=-0.0413／ROE0=-6.13% 非正
     1  EPS0=-0.0408／ROE0=-6.13% 非正
     1  EPS0=-0.0779／ROE0=-13.22% 非正
     1  EPS0=-0.0744／ROE0=-12.64% 非正
     1  EPS0=-0.0775／ROE0=-13.22% 非正
     1  EPS0=-0.0772／ROE0=-13.22% 非正
     1  EPS0=-0.0094／ROE0=-1.56% 非正
     1  EPS0=-0.0072／ROE0=-1.20% 非正
     1  EPS0=-0.0051／ROE0=-0.86% 非正
     1  EPS0=-0.0318／ROE0=-6.56% 非正
     1  EPS0=-0.0377／ROE0=-6.56% 非正
     1  EPS0=-0.0389／ROE0=-6.56% 非正
     1  EPS0=-0.0763／ROE0=-3.07% 非正
     1  EPS0=-0.0776／ROE0=-3.07% 非正
     1  EPS0=-0.0286／ROE0=-1.11% 非正
     1  EPS0=-0.0315／ROE0=-1.53% 非正
     1  EPS0=-0.0316／ROE0=-1.53% 非正
     1  EPS0=-0.0762／ROE0=-5.81% 非正
     1  EPS0=-0.1464／ROE0=-25.44% 非正
     1  EPS0=-0.1188／ROE0=-25.44% 非正
     1  EPS0=-0.0981／ROE0=-25.44% 非正
     1  EPS0=-0.0277／ROE0=-25.44% 非正
     1  EPS0=-0.2333／ROE0=-11.86% 非正
     1  EPS0=-0.2349／ROE0=-11.86% 非正
     1  EPS0=-0.2352／ROE0=-11.86% 非正
     1  EPS0=-0.2287／ROE0=-11.86% 非正
     1  EPS0=-1.7861／ROE0=-319.48% 非正
     1  EPS0=-1.8490／ROE0=-319.48% 非正
     1  EPS0=-1.7985／ROE0=-319.48% 非正
     1  EPS0=-1.8928／ROE0=-319.48% 非正
     1  EPS0=-0.0454／ROE0=-2.05% 非正
     1  EPS0=-0.0461／ROE0=-2.05% 非正
     1  EPS0=-0.0464／ROE0=-2.05% 非正
     1  EPS0=-0.0468／ROE0=-2.05% 非正
     1  EPS0=-0.0791／ROE0=-3.43% 非正
     1  EPS0=-0.0790／ROE0=-3.43% 非正
     1  EPS0=-0.0796／ROE0=-3.43% 非正
     1  EPS0=-0.0798／ROE0=-3.43% 非正
     1  EPS0=-0.2478／ROE0=-13.92% 非正
     1  EPS0=-0.2483／ROE0=-13.92% 非正
     1  EPS0=-0.2533／ROE0=-13.92% 非正
     1  EPS0=-0.2534／ROE0=-13.92% 非正
     1  EPS0=-0.5273／ROE0=-28.38% 非正
     1  EPS0=-0.2469／ROE0=-28.38% 非正
     1  EPS0=-0.2498／ROE0=-28.38% 非正
     1  EPS0=-0.1731／ROE0=-28.38% 非正
     1  EPS0=-0.0274／ROE0=-4.89% 非正
     1  EPS0=-0.0289／ROE0=-4.89% 非正
     1  EPS0=-0.0341／ROE0=-4.89% 非正
     1  EPS0=-0.0342／ROE0=-0.88% 非正
     1  EPS0=-0.0341／ROE0=-0.88% 非正
     1  EPS0=-0.0332／ROE0=-0.88% 非正
     1  EPS0=-0.2794／ROE0=-6.37% 非正
     1  EPS0=-0.2711／ROE0=-6.37% 非正
     1  EPS0=-0.2468／ROE0=-6.37% 非正
     1  EPS0=-0.2291／ROE0=-6.37% 非正
     1  EPS0=-0.5513／ROE0=-18.90% 非正
     1  EPS0=-0.5119／ROE0=-18.90% 非正
     1  EPS0=-0.4554／ROE0=-18.90% 非正
     1  EPS0=-0.3908／ROE0=-18.90% 非正
     1  EPS0=-0.4458／ROE0=-58.45% 非正
     1  EPS0=-0.2914／ROE0=-58.45% 非正
     1  EPS0=-0.0448／ROE0=-58.45% 非正
     1  EPS0=-0.1383／ROE0=-10.13% 非正
     1  EPS0=-0.1394／ROE0=-10.13% 非正
     1  EPS0=-0.0958／ROE0=-6.99% 非正
     1  EPS0=-0.1390／ROE0=-10.13% 非正
     1  EPS0=-0.7083／ROE0=-10.81% 非正
     1  EPS0=-0.4808／ROE0=-10.81% 非正
     1  EPS0=-0.4831／ROE0=-10.81% 非正
     1  EPS0=-0.4857／ROE0=-10.81% 非正
     1  EPS0=-0.1144／ROE0=-4.36% 非正
     1  EPS0=-0.1165／ROE0=-4.36% 非正
     1  EPS0=-0.1188／ROE0=-4.36% 非正
     1  EPS0=-0.1194／ROE0=-4.36% 非正
     1  EPS0=-0.0361／ROE0=-3.25% 非正
     1  EPS0=-0.0087／ROE0=-0.76% 非正
     1  EPS0=-0.0870／ROE0=-1.78% 非正
     1  EPS0=-0.0817／ROE0=-1.78% 非正
     1  EPS0=-0.0769／ROE0=-1.78% 非正
     1  EPS0=-0.0752／ROE0=-1.78% 非正
     1  EPS0=-0.6208／ROE0=-15.58% 非正
     1  EPS0=-0.5918／ROE0=-15.58% 非正
     1  EPS0=-0.5506／ROE0=-15.58% 非正
     1  EPS0=-0.4921／ROE0=-15.58% 非正
     1  EPS0=-0.8131／ROE0=-32.08% 非正
     1  EPS0=-0.7646／ROE0=-32.08% 非正
     1  EPS0=-0.7436／ROE0=-32.08% 非正
     1  EPS0=-0.5802／ROE0=-25.42% 非正
     1  EPS0=-0.1890／ROE0=-47.85% 非正
     1  EPS0=-0.1480／ROE0=-47.85% 非正
     1  EPS0=-0.1088／ROE0=-47.85% 非正
     1  EPS0=-0.1924／ROE0=-22.89% 非正
     1  EPS0=-0.0463／ROE0=-4.36% 非正
     1  EPS0=-0.1602／ROE0=-12.70% 非正
     1  EPS0=-0.1605／ROE0=-12.70% 非正
     1  EPS0=-0.1618／ROE0=-12.70% 非正
     1  EPS0=-0.1625／ROE0=-12.70% 非正
     1  EPS0=-0.0471／ROE0=-1.14% 非正
     1  EPS0=-0.0467／ROE0=-1.14% 非正
     1  EPS0=-0.0460／ROE0=-1.14% 非正
     1  EPS0=-0.0472／ROE0=-1.14% 非正
     1  EPS0=-0.1160／ROE0=-7.28% 非正
     1  EPS0=-0.1192／ROE0=-7.28% 非正
     1  EPS0=-0.1153／ROE0=-7.28% 非正
     1  EPS0=-0.1138／ROE0=-7.28% 非正
     1  EPS0=-0.0599／ROE0=-4.12% 非正
     1  EPS0=-0.0586／ROE0=-4.12% 非正
     1  EPS0=-0.0580／ROE0=-4.12% 非正
     1  EPS0=-0.0582／ROE0=-4.12% 非正
     1  EPS0=-0.0888／ROE0=-63.40% 非正
     1  EPS0=-0.1136／ROE0=-63.40% 非正
     1  EPS0=-0.1056／ROE0=-63.40% 非正
     1  EPS0=-0.0993／ROE0=-63.40% 非正
     1  EPS0=-0.0672／ROE0=-3.68% 非正
     1  EPS0=-0.0691／ROE0=-3.68% 非正
     1  EPS0=-0.0245／ROE0=-1.30% 非正
     1  EPS0=-0.0704／ROE0=-3.68% 非正
     1  EPS0=-0.0612／ROE0=-3.68% 非正
     1  EPS0=-0.0591／ROE0=-3.68% 非正
     1  EPS0=-0.0563／ROE0=-3.68% 非正
     1  EPS0=-0.0530／ROE0=-3.68% 非正
     1  EPS0=-0.0480／ROE0=-3.68% 非正
     1  EPS0=-0.0472／ROE0=-3.68% 非正
     1  EPS0=-0.0471／ROE0=-3.68% 非正
     1  EPS0=-0.0462／ROE0=-3.68% 非正
     1  EPS0=-0.0986／ROE0=-8.13% 非正
     1  EPS0=-0.0588／ROE0=-4.85% 非正
     1  EPS0=-0.0657／ROE0=-5.45% 非正
     1  EPS0=-0.0887／ROE0=-7.59% 非正
     1  EPS0=-0.0747／ROE0=-8.13% 非正
     1  EPS0=-0.0714／ROE0=-8.13% 非正
     1  EPS0=-0.0677／ROE0=-8.13% 非正
     1  EPS0=-0.0606／ROE0=-8.13% 非正
     1  EPS0=-0.1293／ROE0=-24.33% 非正
     1  EPS0=-0.1173／ROE0=-24.33% 非正
     1  EPS0=-0.1025／ROE0=-24.33% 非正
     1  EPS0=-0.0818／ROE0=-24.33% 非正
     1  EPS0=-0.1181／ROE0=-52.39% 非正
     1  EPS0=-0.0992／ROE0=-52.39% 非正
     1  EPS0=-0.0805／ROE0=-52.39% 非正
     1  EPS0=-0.0723／ROE0=-52.39% 非正
     1  EPS0=-0.0515／ROE0=-82.18% 非正
     1  EPS0=-0.0424／ROE0=-82.18% 非正
     1  EPS0=-0.0137／ROE0=-16.60% 非正
     1  EPS0=-0.1407／ROE0=-13.62% 非正
     1  EPS0=-0.1500／ROE0=-13.62% 非正
     1  EPS0=-0.1588／ROE0=-13.62% 非正
     1  EPS0=-0.1051／ROE0=-14.69% 非正
     1  EPS0=-0.1002／ROE0=-14.69% 非正
     1  EPS0=-0.0939／ROE0=-14.69% 非正
     1  EPS0=-0.0901／ROE0=-14.69% 非正
     1  EPS0=-0.1536／ROE0=-28.44% 非正
     1  EPS0=-0.1409／ROE0=-28.44% 非正
     1  EPS0=-0.1388／ROE0=-28.44% 非正
     1  EPS0=-0.1363／ROE0=-28.44% 非正
     1  EPS0=-0.0699／ROE0=-13.44% 非正
     1  EPS0=-0.0657／ROE0=-13.44% 非正
     1  EPS0=-0.0612／ROE0=-13.44% 非正
     1  EPS0=-0.0862／ROE0=-28.44% 非正
     1  EPS0=-0.0785／ROE0=-28.44% 非正
     1  EPS0=-0.0688／ROE0=-28.44% 非正
     1  EPS0=-0.0681／ROE0=-28.44% 非正
     1  EPS0=-0.0379／ROE0=-13.44% 非正
     1  EPS0=-0.1294／ROE0=-27.50% 非正
     1  EPS0=-0.1261／ROE0=-27.50% 非正
     1  EPS0=-0.1255／ROE0=-27.50% 非正
     1  EPS0=-0.1289／ROE0=-27.50% 非正
     1  EPS0=-0.1217／ROE0=-2.79% 非正
     1  EPS0=-0.1222／ROE0=-2.79% 非正
     1  EPS0=-0.1241／ROE0=-2.79% 非正
     1  EPS0=-0.1239／ROE0=-2.79% 非正
     1  EPS0=-0.1229／ROE0=-2.79% 非正
     1  EPS0=-0.1242／ROE0=-2.79% 非正
     1  EPS0=-0.0629／ROE0=-1.39% 非正
     1  EPS0=-0.0619／ROE0=-1.39% 非正
     1  EPS0=-0.0607／ROE0=-1.39% 非正
     1  EPS0=-0.0624／ROE0=-1.39% 非正
     1  EPS0=-0.0621／ROE0=-1.39% 非正
     1  EPS0=-0.0615／ROE0=-1.39% 非正
     1  EPS0=-0.1207／ROE0=-2.79% 非正
     1  EPS0=-0.1195／ROE0=-2.79% 非正
     1  EPS0=-0.1184／ROE0=-2.79% 非正
     1  EPS0=-0.1163／ROE0=-2.79% 非正
     1  EPS0=-0.1333／ROE0=-3.73% 非正
     1  EPS0=-0.1310／ROE0=-3.73% 非正
     1  EPS0=-0.1287／ROE0=-3.73% 非正
     1  EPS0=-0.1251／ROE0=-3.73% 非正
     1  EPS0=-0.1223／ROE0=-3.73% 非正
     1  EPS0=-0.1187／ROE0=-3.73% 非正
     1  EPS0=-0.1133／ROE0=-3.73% 非正
     1  EPS0=-0.0586／ROE0=-17.35% 非正
     1  EPS0=-0.0614／ROE0=-17.35% 非正
     1  EPS0=-0.0620／ROE0=-5.17% 非正
     1  EPS0=-0.0604／ROE0=-5.17% 非正
     1  EPS0=-0.0594／ROE0=-5.17% 非正
     1  EPS0=-0.0579／ROE0=-5.17% 非正
     1  EPS0=-0.1390／ROE0=-10.65% 非正
     1  EPS0=-0.1474／ROE0=-10.65% 非正
     1  EPS0=-0.0599／ROE0=-4.93% 非正
     1  EPS0=-0.0653／ROE0=-4.93% 非正
     1  EPS0=-0.1384／ROE0=-2.59% 非正
     1  EPS0=-0.1385／ROE0=-2.59% 非正
     1  EPS0=-0.1388／ROE0=-2.59% 非正
     1  EPS0=-0.1389／ROE0=-2.59% 非正
     1  EPS0=-0.2586／ROE0=-6.28% 非正
     1  EPS0=-0.2501／ROE0=-6.28% 非正
     1  EPS0=-0.2471／ROE0=-6.28% 非正
     1  EPS0=-0.2458／ROE0=-6.28% 非正
     1  EPS0=-0.2455／ROE0=-6.90% 非正
     1  EPS0=-0.2429／ROE0=-6.90% 非正
     1  EPS0=-0.2206／ROE0=-6.19% 非正
     1  EPS0=-0.9868／ROE0=-77.70% 非正
     1  EPS0=-0.1758／ROE0=-13.31% 非正
     1  EPS0=-0.1523／ROE0=-3.89% 非正
     1  EPS0=-0.1486／ROE0=-3.89% 非正
     1  EPS0=-0.1479／ROE0=-3.89% 非正
     1  EPS0=-0.1440／ROE0=-3.89% 非正
     1  EPS0=-0.2895／ROE0=-8.43% 非正
     1  EPS0=-0.2817／ROE0=-8.43% 非正
     1  EPS0=-0.2794／ROE0=-8.43% 非正
     1  EPS0=-0.2755／ROE0=-8.43% 非正
     1  EPS0=-0.1689／ROE0=-22.23% 非正
     1  EPS0=-0.1694／ROE0=-22.23% 非正
     1  EPS0=-0.1739／ROE0=-22.23% 非正
     1  EPS0=-0.1763／ROE0=-22.23% 非正
     1  EPS0=-0.2711／ROE0=-36.61% 非正
     1  EPS0=-0.2894／ROE0=-36.61% 非正
     1  EPS0=-0.3128／ROE0=-36.61% 非正
     1  EPS0=-0.3218／ROE0=-36.61% 非正
     1  EPS0=-0.1287／ROE0=-15.41% 非正
     1  EPS0=-0.1252／ROE0=-15.41% 非正
     1  EPS0=-0.2531／ROE0=-29.63% 非正
     1  EPS0=-0.1591／ROE0=-29.63% 非正
     1  EPS0=-0.0613／ROE0=-9.86% 非正
     1  EPS0=-0.1884／ROE0=-29.63% 非正
     1  EPS0=-0.1138／ROE0=-15.41% 非正
     1  EPS0=-0.0111／ROE0=-1.52% 非正
     1  EPS0=-0.1189／ROE0=-15.41% 非正
     1  EPS0=-0.1408／ROE0=-11.44% 非正
     1  EPS0=-0.1627／ROE0=-11.44% 非正
     1  EPS0=-0.1308／ROE0=-7.47% 非正
     1  EPS0=-0.1413／ROE0=-7.47% 非正
     1  EPS0=-0.1958／ROE0=-3.80% 非正
     1  EPS0=-0.1983／ROE0=-3.80% 非正
     1  EPS0=-0.2004／ROE0=-3.80% 非正
     1  EPS0=-0.2000／ROE0=-3.80% 非正
     1  EPS0=-0.1851／ROE0=-8.69% 非正
     1  EPS0=-0.1811／ROE0=-8.69% 非正
     1  EPS0=-0.1778／ROE0=-8.69% 非正
     1  EPS0=-0.1737／ROE0=-8.69% 非正
     1  EPS0=-0.1229／ROE0=-7.19% 非正
     1  EPS0=-0.1223／ROE0=-7.19% 非正
     1  EPS0=-0.1204／ROE0=-7.19% 非正
     1  EPS0=-0.1228／ROE0=-7.19% 非正
     1  EPS0=-0.1321／ROE0=-7.19% 非正
     1  EPS0=-0.1287／ROE0=-6.61% 非正
     1  EPS0=-0.1356／ROE0=-7.19% 非正
     1  EPS0=-0.1104／ROE0=-5.21% 非正
     1  EPS0=-0.0817／ROE0=-3.95% 非正
     1  EPS0=-0.1428／ROE0=-7.19% 非正
     1  EPS0=-0.1402／ROE0=-8.30% 非正
     1  EPS0=-0.1342／ROE0=-8.30% 非正
     1  EPS0=-0.1280／ROE0=-8.30% 非正
     1  EPS0=-0.1222／ROE0=-8.30% 非正
     1  EPS0=-0.1859／ROE0=-13.88% 非正
     1  EPS0=-0.1797／ROE0=-13.88% 非正
     1  EPS0=-0.1715／ROE0=-13.88% 非正
     1  EPS0=-0.1634／ROE0=-13.88% 非正
     1  EPS0=-0.0918／ROE0=-8.30% 非正
     1  EPS0=-0.0874／ROE0=-8.30% 非正
     1  EPS0=-0.0849／ROE0=-8.30% 非正
     1  EPS0=-0.0794／ROE0=-8.30% 非正
     1  EPS0=-0.1109／ROE0=-13.88% 非正
     1  EPS0=-0.1025／ROE0=-13.88% 非正
     1  EPS0=-0.1030／ROE0=-13.88% 非正
     1  EPS0=-0.0992／ROE0=-13.88% 非正
     1  EPS0=-0.0192／ROE0=-1.00% 非正
     1  EPS0=-0.0634／ROE0=-3.38% 非正
     1  EPS0=-0.0958／ROE0=-4.92% 非正
     1  EPS0=-0.0607／ROE0=-3.14% 非正
     1  EPS0=-0.0529／ROE0=-3.38% 非正
     1  EPS0=-0.0509／ROE0=-3.38% 非正
     1  EPS0=-0.0490／ROE0=-3.38% 非正
     1  EPS0=-0.0267／ROE0=-0.37% 非正
     1  EPS0=-0.0266／ROE0=-0.37% 非正
     1  EPS0=-0.0505／ROE0=-3.06% 非正
     1  EPS0=-0.0497／ROE0=-3.06% 非正
     1  EPS0=-0.0510／ROE0=-3.06% 非正
     1  EPS0=-0.0541／ROE0=-3.06% 非正
     1  EPS0=-0.0685／ROE0=-4.83% 非正
     1  EPS0=-0.0690／ROE0=-4.83% 非正
     1  EPS0=-0.0698／ROE0=-4.83% 非正
     1  EPS0=-0.0706／ROE0=-4.83% 非正
     1  零增长股权价值 -0.59 ≤ 0
     1  零增长股权价值 -0.38 ≤ 0
     1  零增长股权价值 -0.99 ≤ 0
     1  零增长股权价值 -0.20 ≤ 0
     1  零增长股权价值 -0.49 ≤ 0
     1  零增长股权价值 -0.31 ≤ 0
     1  EPS0=-0.0987／ROE0=-8.97% 非正
     1  EPS0=-0.0991／ROE0=-8.97% 非正
     1  EPS0=-0.1002／ROE0=-8.97% 非正
     1  EPS0=-0.1071／ROE0=-8.97% 非正
     1  EPS0=-0.0366／ROE0=-3.71% 非正
     1  EPS0=-0.0363／ROE0=-3.71% 非正
     1  EPS0=-0.0354／ROE0=-3.59% 非正
     1  EPS0=-0.1816／ROE0=-17.30% 非正
     1  EPS0=-0.1759／ROE0=-17.30% 非正
     1  EPS0=-0.1742／ROE0=-17.30% 非正
     1  EPS0=-0.1769／ROE0=-17.30% 非正
     1  EPS0=-0.0128／ROE0=-1.27% 非正
     1  EPS0=-0.0129／ROE0=-1.27% 非正
     1  EPS0=-0.0118／ROE0=-1.27% 非正
     1  EPS0=-0.0114／ROE0=-1.27% 非正
     1  EPS0=-0.0022／ROE0=-0.20% 非正
     1  EPS0=-0.0023／ROE0=-0.20% 非正
     1  EPS0=-0.2076／ROE0=-14.48% 非正
     1  EPS0=-0.2154／ROE0=-14.48% 非正
     1  EPS0=-0.2273／ROE0=-14.48% 非正
     1  EPS0=-0.2352／ROE0=-14.48% 非正
     1  EPS0=-0.5927／ROE0=-68.91% 非正
     1  EPS0=-0.6059／ROE0=-68.91% 非正
     1  EPS0=-0.2638／ROE0=-68.91% 非正
     1  EPS0=-0.1895／ROE0=-68.91% 非正
     1  EPS0=-0.0197／ROE0=-206.69% 非正
     1  EPS0=-0.2083／ROE0=-34.88% 非正
     1  EPS0=-0.1751／ROE0=-34.88% 非正
     1  EPS0=-0.1519／ROE0=-34.88% 非正
     1  EPS0=-0.1267／ROE0=-34.88% 非正
     1  EPS0=-0.1041／ROE0=-34.90% 非正
     1  EPS0=-0.1131／ROE0=-34.90% 非正
     1  EPS0=-0.1142／ROE0=-34.90% 非正
     1  EPS0=-0.0780／ROE0=-4.31% 非正
     1  EPS0=-0.0772／ROE0=-4.31% 非正
     1  EPS0=-0.0738／ROE0=-4.31% 非正
     1  EPS0=-0.1983／ROE0=-12.68% 非正
     1  EPS0=-0.2020／ROE0=-12.68% 非正
     1  EPS0=-0.2083／ROE0=-12.68% 非正
     1  EPS0=-0.3472／ROE0=-26.50% 非正
     1  EPS0=-0.1734／ROE0=-9.06% 非正
     1  EPS0=-0.1725／ROE0=-9.06% 非正
     1  EPS0=-0.1740／ROE0=-9.06% 非正
     1  EPS0=-0.1366／ROE0=-10.93% 非正
     1  EPS0=-0.1409／ROE0=-10.93% 非正
     1  EPS0=-0.1420／ROE0=-10.93% 非正
     1  EPS0=-0.1453／ROE0=-10.93% 非正
     1  EPS0=-0.0538／ROE0=-28.30% 非正
     1  EPS0=-0.0116／ROE0=-28.30% 非正
     1  EPS0=-0.0214／ROE0=-28.30% 非正
     1  EPS0=-0.0294／ROE0=-28.30% 非正
     1  EPS0=-0.4357／ROE0=-9.07% 非正
     1  EPS0=-0.3860／ROE0=-9.07% 非正
     1  EPS0=-0.3177／ROE0=-9.07% 非正
     1  EPS0=-0.1035／ROE0=-4.17% 非正
     1  EPS0=-0.1036／ROE0=-4.17% 非正
     1  EPS0=-0.1037／ROE0=-4.17% 非正
     1  EPS0=-0.1038／ROE0=-4.17% 非正
     1  EPS0=-0.1508／ROE0=-24.68% 非正
     1  EPS0=-0.1518／ROE0=-24.68% 非正
     1  EPS0=-0.1281／ROE0=-24.68% 非正
     1  EPS0=-0.1106／ROE0=-24.68% 非正
     1  EPS0=-0.0054／ROE0=-46.63% 非正
     1  EPS0=-0.1564／ROE0=-40.51% 非正
     1  EPS0=-0.1508／ROE0=-40.51% 非正
     1  EPS0=-0.2171／ROE0=-8.52% 非正
     1  EPS0=-0.2191／ROE0=-8.52% 非正
     1  EPS0=-0.2200／ROE0=-8.52% 非正
     1  EPS0=-0.2217／ROE0=-8.52% 非正
     1  EPS0=-0.1153／ROE0=-2.86% 非正
     1  EPS0=-0.1112／ROE0=-2.86% 非正
     1  EPS0=-0.1103／ROE0=-2.86% 非正
     1  EPS0=-0.1065／ROE0=-2.86% 非正
     1  EPS0=-0.4029／ROE0=-13.56% 非正
     1  EPS0=-0.3885／ROE0=-13.56% 非正
     1  EPS0=-0.3665／ROE0=-13.56% 非正
     1  EPS0=-0.3468／ROE0=-13.56% 非正
     1  EPS0=-0.5204／ROE0=-29.36% 非正
     1  EPS0=-0.4736／ROE0=-29.36% 非正
     1  EPS0=-0.4362／ROE0=-29.36% 非正
     1  EPS0=-0.4033／ROE0=-29.36% 非正
     1  EPS0=-0.4181／ROE0=-48.85% 非正
     1  EPS0=-0.3475／ROE0=-48.85% 非正
     1  EPS0=-0.2941／ROE0=-48.85% 非正
     1  EPS0=-0.2747／ROE0=-48.85% 非正
     1  EPS0=-0.1505／ROE0=-78.58% 非正
     1  EPS0=-0.0960／ROE0=-78.58% 非正
     1  EPS0=-0.0257／ROE0=-78.58% 非正
     1  EPS0=-0.1250／ROE0=-6.54% 非正
     1  EPS0=-0.1258／ROE0=-6.54% 非正
     1  EPS0=-0.1261／ROE0=-6.54% 非正
     1  EPS0=-0.1262／ROE0=-6.54% 非正
     1  NOPAT=-615819.4424999999: 息税前利润非正，按现金折现无意义，按 §6.5.2.4 判无法估值
     1  零增长股权价值 -0.08 ≤ 0
     1  零增长股权价值 -0.82 ≤ 0
     1  零增长股权价值 -0.84 ≤ 0
     1  EPS0=-0.1638／ROE0=-3.29% 非正
     1  EPS0=-0.1647／ROE0=-3.29% 非正
     1  EPS0=-0.1652／ROE0=-3.29% 非正
     1  EPS0=-0.1655／ROE0=-3.29% 非正
     1  EPS0=-0.2972／ROE0=-12.48% 非正
     1  EPS0=-0.2862／ROE0=-12.48% 非正
     1  EPS0=-0.2736／ROE0=-12.48% 非正
     1  EPS0=-0.2436／ROE0=-12.48% 非正
     1  EPS0=-0.4123／ROE0=-35.65% 非正
     1  EPS0=-0.3820／ROE0=-35.65% 非正
     1  EPS0=-0.3261／ROE0=-35.65% 非正
     1  EPS0=-0.3619／ROE0=-35.65% 非正
     1  EPS0=-0.6182／ROE0=-15.51% 非正
     1  EPS0=-0.3110／ROE0=-15.51% 非正
     1  EPS0=-0.0703／ROE0=-5.67% 非正
     1  EPS0=-0.0695／ROE0=-5.67% 非正
     1  EPS0=-0.0653／ROE0=-5.67% 非正
     1  EPS0=-0.0640／ROE0=-5.67% 非正
     1  EPS0=-0.1840／ROE0=-25.21% 非正
     1  EPS0=-0.1814／ROE0=-25.21% 非正
     1  EPS0=-0.1816／ROE0=-25.21% 非正
     1  EPS0=-0.1791／ROE0=-25.21% 非正
     1  EPS0=-0.0252／ROE0=-5.14% 非正
     1  EPS0=-0.0243／ROE0=-5.14% 非正
     1  EPS0=-0.0391／ROE0=-7.98% 非正
     1  EPS0=-0.0381／ROE0=-7.98% 非正
     1  EPS0=-0.0370／ROE0=-7.98% 非正
     1  EPS0=-0.0079／ROE0=-1.66% 非正
     1  EPS0=-0.0082／ROE0=-1.52% 非正
     1  EPS0=-0.0033／ROE0=-0.62% 非正
     1  EPS0=-0.0032／ROE0=-0.60% 非正
     1  EPS0=-0.0191／ROE0=-3.66% 非正
     1  EPS0=-0.0227／ROE0=-4.16% 非正
     1  EPS0=-0.0224／ROE0=-4.16% 非正
     1  EPS0=-0.0219／ROE0=-4.16% 非正
     1  EPS0=-0.0218／ROE0=-4.16% 非正
     1  EPS0=-0.2406／ROE0=-14.41% 非正
     1  EPS0=-0.2386／ROE0=-14.41% 非正
     1  EPS0=-0.2311／ROE0=-14.41% 非正
     1  EPS0=-0.2223／ROE0=-14.41% 非正
     1  EPS0=-0.3147／ROE0=-32.44% 非正
     1  EPS0=-0.2940／ROE0=-32.44% 非正
     1  EPS0=-0.3240／ROE0=-32.44% 非正
     1  EPS0=-0.3196／ROE0=-32.44% 非正
     1  EPS0=-0.0488／ROE0=-4.26% 非正
     1  EPS0=-0.0458／ROE0=-4.26% 非正
     1  EPS0=-0.0444／ROE0=-4.26% 非正
     1  EPS0=-0.0776／ROE0=-9.02% 非正
     1  EPS0=-0.0756／ROE0=-9.02% 非正
     1  EPS0=-0.0724／ROE0=-9.02% 非正
     1  EPS0=-0.0706／ROE0=-9.02% 非正
     1  EPS0=-0.1088／ROE0=-18.75% 非正
     1  EPS0=-0.1071／ROE0=-18.75% 非正
     1  EPS0=-0.0970／ROE0=-18.75% 非正
     1  EPS0=-0.0893／ROE0=-18.75% 非正
     1  EPS0=-0.1618／ROE0=-15.69% 非正
     1  EPS0=-0.1523／ROE0=-15.69% 非正
     1  EPS0=-0.1002／ROE0=-15.69% 非正
     1  EPS0=-0.0858／ROE0=-15.69% 非正
     1  EPS0=-0.3178／ROE0=-21.11% 非正
     1  EPS0=-0.3141／ROE0=-21.11% 非正
     1  EPS0=-0.3136／ROE0=-21.11% 非正
     1  EPS0=-0.3196／ROE0=-21.11% 非正
     1  EPS0=-0.2775／ROE0=-61.52% 非正
     1  EPS0=-0.3066／ROE0=-61.52% 非正
     1  EPS0=-0.3157／ROE0=-61.52% 非正
     1  EPS0=-0.3203／ROE0=-61.52% 非正
     1  EPS0=-0.0289／ROE0=-11.50% 非正
     1  EPS0=-0.0274／ROE0=-11.50% 非正
     1  EPS0=-0.0157／ROE0=-11.50% 非正
     1  EPS0=-0.0137／ROE0=-11.50% 非正
     1  EPS0=-0.0090／ROE0=-11.50% 非正
     1  EPS0=-0.0016／ROE0=-11.50% 非正
     1  EPS0=-0.0243／ROE0=-53.74% 非正
     1  EPS0=-0.0073／ROE0=-53.74% 非正
     1  EPS0=-0.0349／ROE0=-1.65% 非正
     1  EPS0=-0.0325／ROE0=-1.65% 非正
     1  EPS0=-0.0326／ROE0=-1.65% 非正
     1  EPS0=-0.2357／ROE0=-32.29% 非正
     1  EPS0=-0.2369／ROE0=-32.29% 非正
     1  EPS0=-0.2238／ROE0=-32.29% 非正
     1  EPS0=-0.2488／ROE0=-32.29% 非正
     1  EPS0=-0.1950／ROE0=-6.72% 非正
     1  EPS0=-0.1862／ROE0=-6.72% 非正
     1  EPS0=-0.1800／ROE0=-6.72% 非正
     1  EPS0=-0.1834／ROE0=-6.04% 非正
     1  EPS0=-0.1526／ROE0=-16.61% 非正
     1  EPS0=-0.1474／ROE0=-16.61% 非正
     1  EPS0=-0.1454／ROE0=-16.61% 非正
     1  EPS0=-0.1459／ROE0=-16.61% 非正
     1  EPS0=-0.0243／ROE0=-3.51% 非正
     1  EPS0=-0.0244／ROE0=-3.51% 非正
     1  EPS0=-0.0251／ROE0=-3.51% 非正
     1  EPS0=-0.0263／ROE0=-3.51% 非正
     1  EPS0=-0.0878／ROE0=-4.03% 非正
     1  EPS0=-0.0796／ROE0=-4.03% 非正
     1  EPS0=-0.0677／ROE0=-4.03% 非正
     1  EPS0=-0.0665／ROE0=-4.03% 非正
     1  EPS0=-0.0742／ROE0=-71.99% 非正
     1  EPS0=-0.0619／ROE0=-71.99% 非正
     1  EPS0=-0.0404／ROE0=-2.44% 非正
     1  EPS0=-0.0241／ROE0=-1.46% 非正
     1  EPS0=-0.0170／ROE0=-1.04% 非正
     1  EPS0=-0.0667／ROE0=-3.41% 非正
     1  EPS0=-0.0640／ROE0=-3.41% 非正
     1  EPS0=-0.0619／ROE0=-3.41% 非正
     1  EPS0=-0.0584／ROE0=-3.41% 非正
     1  EPS0=-0.2345／ROE0=-17.56% 非正
     1  EPS0=-0.2219／ROE0=-17.56% 非正
     1  EPS0=-0.2140／ROE0=-17.56% 非正
     1  EPS0=-0.1937／ROE0=-17.56% 非正
     1  EPS0=-0.2326／ROE0=-25.31% 非正
     1  EPS0=-0.2060／ROE0=-25.31% 非正
     1  EPS0=-0.1750／ROE0=-25.31% 非正
     1  EPS0=-0.1298／ROE0=-25.31% 非正
     1  EPS0=-0.3371／ROE0=-28.37% 非正
     1  EPS0=-0.0542／ROE0=-19.97% 非正
     1  EPS0=-0.0564／ROE0=-30.49% 非正
     1  EPS0=-0.0849／ROE0=-14.53% 非正
     1  EPS0=-0.1265／ROE0=-21.81% 非正
     1  EPS0=-0.0059／ROE0=-0.99% 非正
     1  EPS0=-0.0476／ROE0=-1.17% 非正
     1  EPS0=-0.0473／ROE0=-1.17% 非正
     1  EPS0=-0.0460／ROE0=-1.17% 非正
     1  EPS0=-0.0436／ROE0=-1.17% 非正
     1  EPS0=-0.2549／ROE0=-6.90% 非正
     1  EPS0=-0.2535／ROE0=-6.90% 非正
     1  EPS0=-0.2460／ROE0=-6.90% 非正
     1  EPS0=-0.5242／ROE0=-3.80% 非正
     1  EPS0=-0.5292／ROE0=-3.80% 非正
     1  EPS0=-0.5208／ROE0=-3.80% 非正
     1  EPS0=-0.0151／ROE0=-0.32% 非正
     1  EPS0=-0.0149／ROE0=-0.32% 非正
     1  EPS0=-0.1132／ROE0=-2.41% 非正
     1  EPS0=-0.1120／ROE0=-2.41% 非正
     1  EPS0=-0.1103／ROE0=-2.41% 非正
     1  EPS0=-0.1084／ROE0=-2.41% 非正
     1  EPS0=-0.4838／ROE0=-13.23% 非正
     1  EPS0=-0.4839／ROE0=-13.23% 非正
     1  EPS0=-0.5257／ROE0=-13.23% 非正
     1  EPS0=-0.5130／ROE0=-13.23% 非正
     1  EPS0=-0.3068／ROE0=-11.30% 非正
     1  EPS0=-0.3069／ROE0=-11.30% 非正
     1  EPS0=-0.2303／ROE0=-11.30% 非正
     1  EPS0=-0.2038／ROE0=-11.30% 非正
     1  EPS0=-0.4217／ROE0=-27.50% 非正
     1  EPS0=-0.3978／ROE0=-27.50% 非正
     1  EPS0=-0.3202／ROE0=-27.50% 非正
     1  EPS0=-0.3452／ROE0=-25.20% 非正
     1  EPS0=-0.0771／ROE0=-32.83% 非正
     1  EPS0=-0.0804／ROE0=-32.83% 非正
     1  EPS0=-0.0844／ROE0=-32.83% 非正
     1  EPS0=-0.0469／ROE0=-15.91% 非正
     1  EPS0=-0.1783／ROE0=-5.96% 非正
     1  EPS0=-0.1776／ROE0=-5.96% 非正
     1  EPS0=-0.1762／ROE0=-5.96% 非正
     1  EPS0=-0.1790／ROE0=-5.96% 非正
     1  EPS0=-0.0284／ROE0=-1.68% 非正
     1  EPS0=-0.0285／ROE0=-1.68% 非正
     1  EPS0=-0.0288／ROE0=-1.68% 非正
     1  EPS0=-0.0291／ROE0=-1.68% 非正
     1  EPS0=-0.0257／ROE0=-0.45% 非正
     1  EPS0=-0.0261／ROE0=-0.45% 非正
     1  EPS0=-0.0262／ROE0=-0.45% 非正
     1  EPS0=-0.3430／ROE0=-15.82% 非正
     1  EPS0=-0.1451／ROE0=-6.04% 非正
     1  EPS0=-0.3433／ROE0=-6.20% 非正
     1  EPS0=-0.3436／ROE0=-6.20% 非正
     1  EPS0=-0.3468／ROE0=-6.20% 非正
     1  EPS0=-0.3493／ROE0=-6.18% 非正
     1  EPS0=-0.1048／ROE0=-3.98% 非正
     1  EPS0=-0.1059／ROE0=-3.98% 非正
     1  EPS0=-0.1042／ROE0=-3.98% 非正
     1  EPS0=-0.1052／ROE0=-3.98% 非正
     1  EPS0=-0.0544／ROE0=-3.14% 非正
     1  EPS0=-0.0449／ROE0=-3.14% 非正
     1  EPS0=-0.0359／ROE0=-3.14% 非正
     1  EPS0=-0.0709／ROE0=-2.89% 非正
     1  EPS0=-0.0743／ROE0=-2.89% 非正
     1  EPS0=-0.0731／ROE0=-2.89% 非正
     1  EPS0=-0.0722／ROE0=-2.89% 非正
     1  EPS0=-0.0040／ROE0=-0.18% 非正
     1  EPS0=-0.1131／ROE0=-2.44% 非正
     1  EPS0=-0.0644／ROE0=-1.40% 非正
     1  EPS0=-0.1088／ROE0=-2.44% 非正
     1  EPS0=-0.1057／ROE0=-2.44% 非正
     1  EPS0=-0.1584／ROE0=-4.10% 非正
     1  EPS0=-0.1575／ROE0=-4.10% 非正
     1  EPS0=-0.1578／ROE0=-4.10% 非正
     1  EPS0=-0.1544／ROE0=-4.10% 非正
     1  EPS0=-0.1548／ROE0=-6.37% 非正
     1  EPS0=-0.1531／ROE0=-6.37% 非正
     1  EPS0=-0.1559／ROE0=-6.37% 非正
     1  EPS0=-0.0986／ROE0=-3.99% 非正
     1  EPS0=-0.2299／ROE0=-11.27% 非正
     1  EPS0=-0.2326／ROE0=-11.27% 非正
     1  EPS0=-0.1958／ROE0=-9.53% 非正
     1  EPS0=-0.0862／ROE0=-4.31% 非正
     1  EPS0=-0.0812／ROE0=-3.52% 非正
     1  EPS0=-0.0783／ROE0=-3.52% 非正
     1  EPS0=-0.0799／ROE0=-3.52% 非正
     1  EPS0=-0.0815／ROE0=-3.52% 非正
     1  EPS0=-0.2162／ROE0=-7.33% 非正
     1  EPS0=-0.2122／ROE0=-7.33% 非正
     1  EPS0=-0.1790／ROE0=-7.33% 非正
     1  EPS0=-0.1737／ROE0=-7.33% 非正
     1  EPS0=-0.1685／ROE0=-7.33% 非正
     1  EPS0=-0.1798／ROE0=-7.33% 非正
     1  EPS0=-0.3717／ROE0=-10.92% 非正
     1  EPS0=-0.3507／ROE0=-10.92% 非正
     1  EPS0=-0.3328／ROE0=-10.92% 非正
     1  EPS0=-0.2900／ROE0=-10.92% 非正
     1  EPS0=-0.5790／ROE0=-35.12% 非正
     1  EPS0=-0.5010／ROE0=-35.12% 非正
     1  EPS0=-0.4394／ROE0=-35.12% 非正
     1  EPS0=-0.4032／ROE0=-15.07% 非正
     1  EPS0=-0.4051／ROE0=-15.07% 非正
     1  EPS0=-0.4095／ROE0=-15.07% 非正
     1  EPS0=-0.4148／ROE0=-15.07% 非正
     1  EPS0=-0.4456／ROE0=-5.69% 非正
     1  EPS0=-0.4440／ROE0=-5.69% 非正
     1  EPS0=-0.4374／ROE0=-5.69% 非正
     1  EPS0=-0.4371／ROE0=-5.69% 非正
     1  EPS0=-0.7138／ROE0=-12.06% 非正
     1  EPS0=-0.6804／ROE0=-12.06% 非正
     1  EPS0=-0.6359／ROE0=-12.06% 非正
     1  EPS0=-0.0771／ROE0=-2.05% 非正
     1  EPS0=-0.0772／ROE0=-2.05% 非正
     1  EPS0=-0.0675／ROE0=-1.79% 非正
     1  EPS0=-0.0718／ROE0=-2.05% 非正
     1  EPS0=-0.4074／ROE0=-12.50% 非正
     1  EPS0=-0.3877／ROE0=-12.50% 非正
     1  EPS0=-0.3639／ROE0=-12.50% 非正
     1  EPS0=-0.3369／ROE0=-12.50% 非正
     1  EPS0=-0.2495／ROE0=-10.28% 非正
     1  EPS0=-0.2269／ROE0=-10.28% 非正
     1  EPS0=-0.2020／ROE0=-10.28% 非正
     1  EPS0=-0.1807／ROE0=-10.28% 非正
     1  EPS0=-0.5421／ROE0=-36.84% 非正
     1  EPS0=-0.4635／ROE0=-36.84% 非正
     1  EPS0=-0.3802／ROE0=-36.84% 非正
     1  EPS0=-0.0223／ROE0=-0.42% 非正
     1  EPS0=-0.1131／ROE0=-6.53% 非正
     1  EPS0=-0.1135／ROE0=-6.53% 非正
     1  EPS0=-0.1151／ROE0=-6.53% 非正
     1  EPS0=-0.2420／ROE0=-10.29% 非正
     1  EPS0=-0.2311／ROE0=-10.29% 非正
     1  EPS0=-0.2035／ROE0=-10.29% 非正
     1  EPS0=-0.1725／ROE0=-10.29% 非正
     1  EPS0=-1.4840／ROE0=-79.11% 非正
     1  EPS0=-0.0158／ROE0=-0.71% 非正
     1  EPS0=-0.0155／ROE0=-0.71% 非正
     1  EPS0=-0.0152／ROE0=-0.71% 非正
     1  EPS0=-0.0147／ROE0=-0.71% 非正
     1  EPS0=-0.1847／ROE0=-9.92% 非正
     1  EPS0=-0.1833／ROE0=-9.92% 非正
     1  EPS0=-0.1832／ROE0=-9.92% 非正
     1  EPS0=-0.1822／ROE0=-9.92% 非正
     1  EPS0=-0.2127／ROE0=-13.53% 非正
     1  EPS0=-0.2096／ROE0=-13.53% 非正
     1  EPS0=-0.2099／ROE0=-13.53% 非正
     1  EPS0=-0.2257／ROE0=-6.98% 非正
     1  EPS0=-0.2225／ROE0=-6.98% 非正
     1  EPS0=-0.2188／ROE0=-6.98% 非正
     1  EPS0=-0.2158／ROE0=-6.98% 非正
     1  EPS0=-0.0465／ROE0=-0.65% 非正
     1  EPS0=-0.0448／ROE0=-0.65% 非正
     1  EPS0=-0.0433／ROE0=-0.65% 非正
     1  EPS0=-0.3463／ROE0=-13.82% 非正
     1  EPS0=-0.3250／ROE0=-13.82% 非正
     1  EPS0=-0.3214／ROE0=-13.82% 非正
     1  EPS0=-1.2037／ROE0=-8.60% 非正
     1  EPS0=-1.2369／ROE0=-8.60% 非正
     1  EPS0=-1.2821／ROE0=-8.60% 非正
     1  EPS0=-0.3495／ROE0=-8.60% 非正
     1  EPS0=-0.3534／ROE0=-8.60% 非正
     1  EPS0=-0.3512／ROE0=-8.60% 非正
     1  EPS0=-0.3556／ROE0=-8.60% 非正
     1  EPS0=-0.1998／ROE0=-9.48% 非正
     1  EPS0=-0.2014／ROE0=-9.48% 非正
     1  EPS0=-0.1999／ROE0=-9.48% 非正
     1  EPS0=-0.2000／ROE0=-9.48% 非正
     1  EPS0=-0.2530／ROE0=-14.86% 非正
     1  EPS0=-0.2566／ROE0=-14.86% 非正
     1  EPS0=-0.2599／ROE0=-14.86% 非正
     1  EPS0=-0.2615／ROE0=-14.86% 非正
     1  EPS0=-0.1628／ROE0=-21.18% 非正
     1  EPS0=-0.1703／ROE0=-21.18% 非正
     1  EPS0=-0.1543／ROE0=-18.78% 非正
     1  EPS0=-0.1419／ROE0=-16.62% 非正
     1  EPS0=-0.0020／ROE0=-0.21% 非正
     1  EPS0=-0.0261／ROE0=-1.73% 非正
     1  EPS0=-0.0271／ROE0=-1.73% 非正
     1  EPS0=-0.0938／ROE0=-4.12% 非正
     1  EPS0=-0.0918／ROE0=-4.12% 非正
     1  EPS0=-0.0896／ROE0=-4.12% 非正
     1  EPS0=-0.0815／ROE0=-4.12% 非正
     1  EPS0=-0.2804／ROE0=-19.92% 非正
     1  EPS0=-0.2806／ROE0=-19.92% 非正
     1  EPS0=-0.2810／ROE0=-19.92% 非正
     1  EPS0=-0.2817／ROE0=-19.92% 非正
     1  EPS0=-0.0843／ROE0=-5.05% 非正
     1  EPS0=-0.0885／ROE0=-5.05% 非正
     1  EPS0=-0.0968／ROE0=-5.05% 非正
     1  EPS0=-0.1005／ROE0=-5.05% 非正
     1  EPS0=-0.0588／ROE0=-1.10% 非正
     1  EPS0=-0.0538／ROE0=-1.10% 非正
     1  EPS0=-0.0533／ROE0=-1.10% 非正
     1  EPS0=-0.0505／ROE0=-1.10% 非正
     1  EPS0=-0.4157／ROE0=-9.83% 非正
     1  EPS0=-0.3520／ROE0=-9.83% 非正
     1  EPS0=-0.2767／ROE0=-9.83% 非正
     1  EPS0=-0.2148／ROE0=-9.83% 非正
     1  EPS0=-0.7347／ROE0=-45.20% 非正
     1  EPS0=-0.6385／ROE0=-45.20% 非正
     1  EPS0=-0.6212／ROE0=-45.20% 非正
     1  EPS0=-0.2693／ROE0=-16.00% 非正
     1  EPS0=-0.0155／ROE0=-0.60% 非正
     1  EPS0=-0.0150／ROE0=-0.60% 非正
     1  EPS0=-0.0676／ROE0=-2.77% 非正
     1  EPS0=-0.0636／ROE0=-2.77% 非正
     1  EPS0=-0.2560／ROE0=-6.60% 非正
     1  EPS0=-0.2576／ROE0=-6.60% 非正
     1  EPS0=-0.2600／ROE0=-6.60% 非正
     1  EPS0=-0.2629／ROE0=-6.60% 非正
     1  EPS0=-0.0726／ROE0=-3.57% 非正
     1  EPS0=-0.0718／ROE0=-3.57% 非正
     1  EPS0=-0.0706／ROE0=-3.57% 非正
     1  EPS0=-0.0700／ROE0=-3.57% 非正
     1  EPS0=-0.4017／ROE0=-10.28% 非正
     1  EPS0=-0.3244／ROE0=-10.28% 非正
     1  EPS0=-0.3203／ROE0=-10.28% 非正
     1  EPS0=-0.2717／ROE0=-10.28% 非正
     1  EPS0=-1.0534／ROE0=-18.13% 非正
     1  EPS0=-0.9384／ROE0=-18.13% 非正
     1  EPS0=-0.8165／ROE0=-18.13% 非正
     1  EPS0=-0.6866／ROE0=-18.13% 非正
     1  EPS0=-2.5784／ROE0=-33.98% 非正
     1  EPS0=-2.4299／ROE0=-33.98% 非正
     1  EPS0=-1.4736／ROE0=-22.16% 非正
     1  EPS0=-1.8399／ROE0=-30.74% 非正
     1  EPS0=-1.0637／ROE0=-14.08% 非正
     1  EPS0=-0.0162／ROE0=-0.61% 非正
     1  EPS0=-0.0165／ROE0=-0.61% 非正
     1  EPS0=-0.1973／ROE0=-5.24% 非正
     1  EPS0=-0.2026／ROE0=-5.24% 非正
     1  EPS0=-0.2101／ROE0=-5.24% 非正
     1  EPS0=-0.2150／ROE0=-5.24% 非正
     1  EPS0=-0.0712／ROE0=-1.76% 非正
     1  EPS0=-0.0714／ROE0=-1.76% 非正
     1  EPS0=-0.0279／ROE0=-1.42% 非正
     1  EPS0=-0.0281／ROE0=-1.42% 非正
     1  EPS0=-0.0280／ROE0=-1.42% 非正
     1  EPS0=-0.1202／ROE0=-1.17% 非正
     1  EPS0=-0.1195／ROE0=-1.17% 非正
     1  EPS0=-0.1152／ROE0=-1.17% 非正
     1  EPS0=-0.0268／ROE0=-0.70% 非正
     1  EPS0=-0.0264／ROE0=-0.70% 非正
     1  EPS0=-0.0260／ROE0=-0.70% 非正
     1  EPS0=-0.0258／ROE0=-0.70% 非正
     1  EPS0=-0.1555／ROE0=-4.35% 非正
     1  EPS0=-0.1579／ROE0=-4.35% 非正
     1  EPS0=-0.0978／ROE0=-2.27% 非正
     1  EPS0=-0.0969／ROE0=-2.27% 非正
     1  EPS0=-0.0946／ROE0=-2.27% 非正
     1  EPS0=-0.0803／ROE0=-1.91% 非正
     1  EPS0=-0.2058／ROE0=-43.31% 非正
     1  EPS0=-0.1890／ROE0=-43.31% 非正
     1  EPS0=-0.1833／ROE0=-43.31% 非正
     1  EPS0=-0.1142／ROE0=-16.31% 非正
     1  EPS0=-0.0218／ROE0=-3.24% 非正
     1  EPS0=-0.2762／ROE0=-12.19% 非正
     1  EPS0=-0.2723／ROE0=-12.19% 非正
     1  EPS0=-0.2687／ROE0=-12.19% 非正
     1  EPS0=-0.2654／ROE0=-12.19% 非正
     1  EPS0=-0.0322／ROE0=-4.54% 非正
     1  EPS0=-0.1424／ROE0=-3.75% 非正
     1  EPS0=-0.1428／ROE0=-3.75% 非正
     1  EPS0=-0.1425／ROE0=-3.75% 非正
     1  EPS0=-0.1427／ROE0=-3.75% 非正
     1  EPS0=-0.4751／ROE0=-23.87% 非正
     1  EPS0=-0.4644／ROE0=-23.87% 非正
     1  EPS0=-0.4125／ROE0=-23.87% 非正
     1  EPS0=-0.0569／ROE0=-1.26% 非正
     1  EPS0=-0.0576／ROE0=-1.26% 非正
     1  EPS0=-0.0579／ROE0=-1.26% 非正
     1  EPS0=-0.0575／ROE0=-1.26% 非正
     1  EPS0=-0.2312／ROE0=-13.14% 非正
     1  EPS0=-0.2218／ROE0=-13.14% 非正
     1  EPS0=-0.0808／ROE0=-13.14% 非正
     1  EPS0=-0.0846／ROE0=-13.14% 非正
     1  EPS0=-0.2701／ROE0=-44.94% 非正
     1  EPS0=-0.2737／ROE0=-44.94% 非正
     1  EPS0=-0.1211／ROE0=-3.93% 非正
     1  EPS0=-0.1182／ROE0=-3.93% 非正
     1  EPS0=-0.1196／ROE0=-3.93% 非正
     1  EPS0=-0.1201／ROE0=-3.93% 非正
     1  EPS0=-0.0831／ROE0=-5.07% 非正
     1  EPS0=-0.0830／ROE0=-5.07% 非正
     1  EPS0=-0.0245／ROE0=-0.98% 非正
     1  EPS0=-0.1552／ROE0=-3.93% 非正
     1  EPS0=-0.1553／ROE0=-3.93% 非正
     1  EPS0=-0.1611／ROE0=-3.93% 非正
     1  EPS0=-0.1099／ROE0=-2.67% 非正
     1  EPS0=-0.0373／ROE0=-1.77% 非正
     1  EPS0=-0.0376／ROE0=-1.77% 非正
     1  EPS0=-0.0390／ROE0=-1.77% 非正
     1  EPS0=-0.0391／ROE0=-1.77% 非正
     1  EPS0=-0.0541／ROE0=-1.39% 非正
     1  EPS0=-0.2980／ROE0=-10.38% 非正
     1  EPS0=-0.2982／ROE0=-10.38% 非正
     1  EPS0=-0.2962／ROE0=-10.38% 非正
     1  EPS0=-0.2937／ROE0=-10.38% 非正
     1  EPS0=-0.0104／ROE0=-0.37% 非正
     1  EPS0=-0.0103／ROE0=-0.37% 非正
     1  EPS0=-0.0101／ROE0=-0.37% 非正
     1  EPS0=-0.0774／ROE0=-2.13% 非正
     1  EPS0=-0.0768／ROE0=-2.13% 非正
     1  EPS0=-0.6543／ROE0=-31.16% 非正
     1  EPS0=-0.6073／ROE0=-31.16% 非正
     1  EPS0=-0.0254／ROE0=-31.16% 非正
     1  EPS0=-0.1269／ROE0=-2.59% 非正
     1  EPS0=-0.1256／ROE0=-2.59% 非正
     1  EPS0=-0.1228／ROE0=-2.59% 非正
     1  EPS0=-0.1202／ROE0=-2.59% 非正
     1  EPS0=-0.1013／ROE0=-2.04% 非正
     1  EPS0=-0.0279／ROE0=-0.56% 非正
     1  EPS0=-0.0925／ROE0=-2.04% 非正
     1  EPS0=-0.0909／ROE0=-2.04% 非正
     1  EPS0=-0.0908／ROE0=-2.04% 非正
     1  EPS0=-0.0896／ROE0=-2.04% 非正
     1  EPS0=-0.3076／ROE0=-7.65% 非正
     1  EPS0=-0.3040／ROE0=-7.65% 非正
     1  EPS0=-0.2961／ROE0=-7.65% 非正
     1  EPS0=-0.2962／ROE0=-7.65% 非正
     1  EPS0=-0.1776／ROE0=-4.90% 非正
     1  EPS0=-0.1767／ROE0=-4.90% 非正
     1  EPS0=-0.1763／ROE0=-4.90% 非正
     1  EPS0=-0.1748／ROE0=-4.90% 非正
     1  EPS0=-0.2432／ROE0=-6.97% 非正
     1  EPS0=-0.1703／ROE0=-4.85% 非正
     1  EPS0=-0.0756／ROE0=-2.13% 非正
     1  EPS0=-0.2591／ROE0=-3.51% 非正
     1  EPS0=-0.2550／ROE0=-3.51% 非正
     1  EPS0=-0.2545／ROE0=-3.51% 非正
     1  EPS0=-0.2560／ROE0=-3.51% 非正
     1  EPS0=-0.3049／ROE0=-2.86% 非正
     1  EPS0=-0.3015／ROE0=-2.86% 非正
     1  EPS0=-0.2924／ROE0=-2.86% 非正
     1  EPS0=-0.2842／ROE0=-2.86% 非正
     1  EPS0=-1.4477／ROE0=-27.99% 非正
     1  EPS0=-1.4508／ROE0=-27.99% 非正
     1  EPS0=-1.4525／ROE0=-27.99% 非正
     1  EPS0=-0.1396／ROE0=-6.46% 非正
     1  EPS0=-0.1385／ROE0=-6.46% 非正
     1  EPS0=-0.1461／ROE0=-6.46% 非正
     1  零增长股权价值 -2.41 ≤ 0
     1  零增长股权价值 -2.32 ≤ 0
     1  零增长股权价值 -0.35 ≤ 0
     1  零增长股权价值 -2.63 ≤ 0
     1  零增长股权价值 -1.80 ≤ 0
     1  零增长股权价值 -1.88 ≤ 0
     1  零增长股权价值 -1.94 ≤ 0
     1  零增长股权价值 -1.95 ≤ 0
     1  零增长股权价值 -1.84 ≤ 0
     1  零增长股权价值 -2.16 ≤ 0
     1  EPS0=-0.2343／ROE0=-6.27% 非正
     1  EPS0=-0.2319／ROE0=-6.27% 非正
     1  EPS0=-0.2288／ROE0=-6.27% 非正
     1  EPS0=-0.2284／ROE0=-6.27% 非正
     1  EPS0=-0.3486／ROE0=-11.15% 非正
     1  EPS0=-0.3417／ROE0=-11.15% 非正
     1  EPS0=-0.3307／ROE0=-11.15% 非正
     1  EPS0=-0.0700／ROE0=-2.70% 非正
     1  EPS0=-0.0649／ROE0=-2.70% 非正
     1  EPS0=-0.0605／ROE0=-2.70% 非正
     1  EPS0=-0.0565／ROE0=-2.70% 非正
     1  EPS0=-0.3764／ROE0=-22.63% 非正
     1  EPS0=-0.3745／ROE0=-22.63% 非正
     1  EPS0=-0.3797／ROE0=-22.63% 非正
     1  EPS0=-0.2851／ROE0=-16.21% 非正
     1  零增长股权价值 -0.71 ≤ 0
     1  零增长股权价值 -1.69 ≤ 0
     1  零增长股权价值 -1.51 ≤ 0
     1  零增长股权价值 -1.39 ≤ 0
     1  零增长股权价值 -1.59 ≤ 0
     1  零增长股权价值 -3.19 ≤ 0
     1  零增长股权价值 -3.29 ≤ 0
     1  零增长股权价值 -3.36 ≤ 0
     1  EPS0=-0.0337／ROE0=-1.70% 非正
     1  EPS0=-0.0901／ROE0=-4.78% 非正
     1  EPS0=-0.0884／ROE0=-4.78% 非正
     1  EPS0=-0.0873／ROE0=-4.78% 非正
     1  EPS0=-0.0856／ROE0=-4.78% 非正
     1  EPS0=-0.1123／ROE0=-7.30% 非正
     1  EPS0=-0.1112／ROE0=-7.38% 非正
     1  EPS0=-0.1085／ROE0=-7.38% 非正
     1  EPS0=-0.1060／ROE0=-7.38% 非正
     1  EPS0=-0.1085／ROE0=-7.92% 非正
     1  EPS0=-0.1062／ROE0=-7.92% 非正
     1  EPS0=-0.1035／ROE0=-7.92% 非正
     1  EPS0=-0.0657／ROE0=-5.59% 非正
     1  EPS0=-0.0687／ROE0=-5.59% 非正
     1  EPS0=-0.0639／ROE0=-5.59% 非正
     1  EPS0=-0.0591／ROE0=-5.59% 非正
     1  EPS0=-0.1232／ROE0=-14.98% 非正
     1  EPS0=-0.1347／ROE0=-14.98% 非正
     1  EPS0=-0.1293／ROE0=-14.98% 非正
     1  EPS0=-0.1241／ROE0=-14.98% 非正
     1  EPS0=-0.1156／ROE0=-17.66% 非正
     1  EPS0=-0.0922／ROE0=-12.50% 非正
     1  EPS0=-0.1264／ROE0=-18.44% 非正
     1  EPS0=-0.1401／ROE0=-21.70% 非正
     1  EPS0=-0.1320／ROE0=-26.99% 非正
     1  EPS0=-0.1364／ROE0=-26.99% 非正
     1  EPS0=-0.1249／ROE0=-26.99% 非正
     1  EPS0=-0.1111／ROE0=-26.99% 非正
     1  EPS0=-0.0989／ROE0=-48.26% 非正
     1  EPS0=-0.1146／ROE0=-48.26% 非正
     1  EPS0=-0.1128／ROE0=-48.26% 非正
     1  EPS0=-0.0899／ROE0=-3.30% 非正
     1  EPS0=-0.0704／ROE0=-3.30% 非正
     1  EPS0=-0.0639／ROE0=-3.30% 非正
     1  EPS0=-0.0160／ROE0=-0.80% 非正
     1  EPS0=-0.0802／ROE0=-5.44% 非正
     1  EPS0=-0.0757／ROE0=-5.44% 非正
     1  EPS0=-0.0696／ROE0=-5.44% 非正
     1  EPS0=-0.0648／ROE0=-5.44% 非正
     1  EPS0=-0.1364／ROE0=-8.54% 非正
     1  EPS0=-0.1342／ROE0=-8.54% 非正
     1  EPS0=-0.1439／ROE0=-8.54% 非正
     1  EPS0=-0.1405／ROE0=-8.54% 非正
     1  EPS0=-0.0270／ROE0=-0.71% 非正
     1  EPS0=-0.0260／ROE0=-0.71% 非正
     1  EPS0=-0.0253／ROE0=-0.71% 非正
     1  EPS0=-0.0094／ROE0=-0.40% 非正
     1  EPS0=-0.0493／ROE0=-2.23% 非正
     1  EPS0=-0.0488／ROE0=-2.23% 非正
     1  EPS0=-0.0472／ROE0=-2.23% 非正
     1  EPS0=-0.2724／ROE0=-3.73% 非正
     1  EPS0=-0.2764／ROE0=-3.73% 非正
     1  EPS0=-0.2733／ROE0=-3.73% 非正
     1  EPS0=-0.2636／ROE0=-3.73% 非正
     1  EPS0=-0.2114／ROE0=-3.20% 非正
     1  EPS0=-0.2079／ROE0=-3.20% 非正
     1  EPS0=-0.1992／ROE0=-3.20% 非正
     1  EPS0=-0.1899／ROE0=-3.20% 非正
     1  EPS0=-0.4528／ROE0=-7.74% 非正
     1  EPS0=-0.3595／ROE0=-6.08% 非正
     1  EPS0=-0.1768／ROE0=-3.00% 非正
     1  EPS0=-0.2357／ROE0=-7.56% 非正
     1  EPS0=-0.3509／ROE0=-24.08% 非正
     1  EPS0=-0.3383／ROE0=-24.08% 非正
     1  EPS0=-0.3203／ROE0=-24.08% 非正
     1  EPS0=-0.3126／ROE0=-24.08% 非正
     1  EPS0=-0.3174／ROE0=-40.49% 非正
     1  EPS0=-0.2878／ROE0=-40.49% 非正
     1  EPS0=-0.2622／ROE0=-40.49% 非正
     1  EPS0=-0.2759／ROE0=-40.49% 非正
     1  EPS0=-0.5558／ROE0=-66.23% 非正
     1  EPS0=-0.5139／ROE0=-66.23% 非正
     1  EPS0=-0.4351／ROE0=-66.23% 非正
     1  EPS0=-0.3864／ROE0=-66.23% 非正
     1  EPS0=-0.4073／ROE0=-69.27% 非正
     1  EPS0=-0.3892／ROE0=-69.27% 非正
     1  EPS0=-0.3449／ROE0=-69.27% 非正
     1  EPS0=-0.3402／ROE0=-69.27% 非正
     1  EPS0=-0.1557／ROE0=-47.73% 非正
     1  EPS0=-0.1529／ROE0=-47.88% 非正
     1  EPS0=-0.0321／ROE0=-8.51% 非正
     1  EPS0=-0.3819／ROE0=-8.57% 非正
     1  EPS0=-0.3840／ROE0=-8.57% 非正
     1  EPS0=-0.3813／ROE0=-8.57% 非正
     1  EPS0=-0.1979／ROE0=-5.18% 非正
     1  EPS0=-0.1949／ROE0=-5.18% 非正
     1  EPS0=-0.1943／ROE0=-5.18% 非正
     1  EPS0=-0.1193／ROE0=-2.36% 非正
     1  EPS0=-0.1211／ROE0=-2.36% 非正
     1  EPS0=-0.1255／ROE0=-2.36% 非正
     1  EPS0=-0.1204／ROE0=-2.36% 非正
     1  EPS0=-0.3036／ROE0=-10.85% 非正
     1  EPS0=-0.2904／ROE0=-10.85% 非正
     1  EPS0=-0.2714／ROE0=-10.85% 非正
     1  EPS0=-0.2549／ROE0=-10.85% 非正
     1  EPS0=-0.4618／ROE0=-29.93% 非正
     1  EPS0=-0.4219／ROE0=-29.93% 非正
     1  EPS0=-0.3671／ROE0=-29.93% 非正
     1  EPS0=-0.3533／ROE0=-29.93% 非正
     1  EPS0=-0.3560／ROE0=-56.34% 非正
     1  EPS0=-0.3025／ROE0=-56.34% 非正
     1  EPS0=-0.2418／ROE0=-56.34% 非正
     1  EPS0=-0.1850／ROE0=-56.34% 非正
     1  EPS0=-0.1412／ROE0=-81.99% 非正
     1  EPS0=-0.0710／ROE0=-81.99% 非正
     1  EPS0=-0.0036／ROE0=-0.26% 非正
     1  EPS0=-0.0270／ROE0=-1.14% 非正
     1  EPS0=-0.0273／ROE0=-1.14% 非正
     1  EPS0=-0.0283／ROE0=-1.14% 非正
     1  EPS0=-0.0286／ROE0=-1.14% 非正
     1  EPS0=-0.1427／ROE0=-8.02% 非正
     1  EPS0=-0.1430／ROE0=-8.02% 非正
     1  EPS0=-0.1436／ROE0=-8.02% 非正
     1  EPS0=-0.1431／ROE0=-8.02% 非正
     1  EPS0=-0.4011／ROE0=-21.71% 非正
     1  EPS0=-0.3958／ROE0=-21.71% 非正
     1  EPS0=-0.1378／ROE0=-21.71% 非正
     1  EPS0=-0.1157／ROE0=-21.71% 非正
     1  EPS0=-0.1511／ROE0=-3.01% 非正
     1  EPS0=-0.1549／ROE0=-2.91% 非正
     1  EPS0=-0.1074／ROE0=-4.19% 非正
     1  EPS0=-0.1026／ROE0=-4.19% 非正
     1  EPS0=-0.0997／ROE0=-4.19% 非正
     1  EPS0=-0.0922／ROE0=-0.89% 非正
     1  EPS0=-0.0934／ROE0=-0.89% 非正
     1  EPS0=-0.0949／ROE0=-0.89% 非正
     1  EPS0=-0.3170／ROE0=-2.65% 非正
     1  EPS0=-0.3106／ROE0=-2.65% 非正
     1  EPS0=-0.3079／ROE0=-2.65% 非正
     1  EPS0=-0.3011／ROE0=-2.65% 非正
     1  EPS0=-0.4374／ROE0=-3.86% 非正
     1  EPS0=-0.3000／ROE0=-2.64% 非正
     1  EPS0=-0.4254／ROE0=-3.86% 非正
     1  EPS0=-0.0667／ROE0=-0.60% 非正
     1  EPS0=-0.1634／ROE0=-1.47% 非正
     1  EPS0=-0.0087／ROE0=-0.27% 非正
     1  EPS0=-0.0082／ROE0=-0.27% 非正
     1  EPS0=-0.0896／ROE0=-3.01% 非正
     1  EPS0=-0.0880／ROE0=-3.01% 非正
     1  EPS0=-0.0864／ROE0=-3.01% 非正
     1  EPS0=-0.0801／ROE0=-3.01% 非正
     1  EPS0=-0.2097／ROE0=-7.29% 非正
     1  EPS0=-0.0772／ROE0=-2.71% 非正
     1  EPS0=-0.1873／ROE0=-7.30% 非正
     1  EPS0=-0.1828／ROE0=-7.30% 非正
     1  EPS0=-0.1809／ROE0=-7.30% 非正
     1  EPS0=-0.1762／ROE0=-7.30% 非正
     1  EPS0=-0.1834／ROE0=-7.29% 非正
     1  EPS0=-0.1786／ROE0=-7.29% 非正
     1  EPS0=-0.1732／ROE0=-7.29% 非正
     1  EPS0=-0.3711／ROE0=-22.66% 非正
     1  EPS0=-0.3737／ROE0=-22.66% 非正
     1  EPS0=-0.3965／ROE0=-22.66% 非正
     1  EPS0=-0.4041／ROE0=-22.66% 非正
     1  EPS0=-0.0142／ROE0=-0.39% 非正
     1  EPS0=-0.0137／ROE0=-0.39% 非正
     1  EPS0=-0.0132／ROE0=-0.39% 非正
     1  EPS0=-0.0138／ROE0=-0.39% 非正
     1  EPS0=-0.1883／ROE0=-5.54% 非正
     1  EPS0=-0.0121／ROE0=-0.36% 非正
     1  EPS0=-0.0666／ROE0=-2.41% 非正
     1  EPS0=-0.0712／ROE0=-2.41% 非正
     1  EPS0=-0.0730／ROE0=-2.41% 非正
     1  EPS0=-0.0573／ROE0=-1.85% 非正
     1  EPS0=-0.0790／ROE0=-2.79% 非正
     1  EPS0=-0.0774／ROE0=-2.79% 非正
     1  EPS0=-0.0767／ROE0=-2.79% 非正
     1  EPS0=-0.0756／ROE0=-2.79% 非正
     1  EPS0=-0.2143／ROE0=-8.82% 非正
     1  EPS0=-0.2108／ROE0=-8.82% 非正
     1  EPS0=-0.2081／ROE0=-8.82% 非正
     1  EPS0=-0.2083／ROE0=-8.82% 非正
     1  EPS0=-0.1119／ROE0=-1.81% 非正
     1  EPS0=-0.1103／ROE0=-1.81% 非正
     1  EPS0=-0.1093／ROE0=-1.81% 非正
     1  EPS0=-0.4034／ROE0=-23.55% 非正
     1  EPS0=-0.4181／ROE0=-23.55% 非正
     1  EPS0=-0.4360／ROE0=-23.55% 非正
     1  EPS0=-0.4548／ROE0=-23.55% 非正
     1  EPS0=-0.0542／ROE0=-1.24% 非正
     1  EPS0=-0.0544／ROE0=-1.24% 非正
     1  EPS0=-0.0517／ROE0=-1.24% 非正
     1  EPS0=-0.0920／ROE0=-2.97% 非正
     1  EPS0=-0.0908／ROE0=-2.97% 非正
     1  EPS0=-0.3241／ROE0=-15.17% 非正
     1  EPS0=-0.3288／ROE0=-15.17% 非正
     1  EPS0=-0.2426／ROE0=-13.30% 非正
     1  EPS0=-0.2435／ROE0=-13.30% 非正
     1  EPS0=-0.2460／ROE0=-13.30% 非正
     1  EPS0=-0.2469／ROE0=-13.30% 非正
     1  EPS0=-0.0656／ROE0=-1.54% 非正
     1  EPS0=-0.0660／ROE0=-1.54% 非正
     1  EPS0=-0.0662／ROE0=-1.54% 非正
     1  EPS0=-0.0590／ROE0=-1.54% 非正
     1  EPS0=-0.3088／ROE0=-8.72% 非正
     1  EPS0=-0.2968／ROE0=-8.72% 非正
     1  EPS0=-0.2829／ROE0=-8.72% 非正
     1  EPS0=-0.2675／ROE0=-8.72% 非正
     1  EPS0=-0.5160／ROE0=-19.27% 非正
     1  EPS0=-0.4951／ROE0=-19.27% 非正
     1  EPS0=-0.4643／ROE0=-19.27% 非正
     1  EPS0=-0.4366／ROE0=-19.27% 非正
     1  EPS0=-0.4830／ROE0=-23.25% 非正
     1  EPS0=-0.4736／ROE0=-23.25% 非正
     1  EPS0=-0.3241／ROE0=-16.35% 非正
     1  EPS0=-0.1242／ROE0=-4.28% 非正
     1  EPS0=-0.1232／ROE0=-4.28% 非正
     1  EPS0=-0.1205／ROE0=-4.28% 非正
     1  EPS0=-0.1175／ROE0=-4.28% 非正
     1  EPS0=-0.2104／ROE0=-7.59% 非正
     1  EPS0=-0.2129／ROE0=-7.85% 非正
     1  EPS0=-0.2055／ROE0=-7.85% 非正
     1  EPS0=-0.1971／ROE0=-7.85% 非正
     1  EPS0=-0.1324／ROE0=-4.60% 非正
     1  EPS0=-0.1904／ROE0=-6.98% 非正
     1  EPS0=-0.1771／ROE0=-6.98% 非正
     1  EPS0=-0.4560／ROE0=-5.31% 非正
     1  EPS0=-0.4468／ROE0=-5.31% 非正
     1  EPS0=-0.4345／ROE0=-5.31% 非正
     1  EPS0=-0.3853／ROE0=-5.31% 非正
     1  EPS0=-1.1692／ROE0=-22.25% 非正
     1  EPS0=-1.2157／ROE0=-22.25% 非正
     1  EPS0=-1.1894／ROE0=-22.25% 非正
     1  EPS0=-0.1733／ROE0=-4.28% 非正
     1  EPS0=-0.1747／ROE0=-4.28% 非正
     1  EPS0=-0.1769／ROE0=-4.28% 非正
     1  EPS0=-0.1781／ROE0=-4.28% 非正
     1  EPS0=-0.3579／ROE0=-21.18% 非正
     1  EPS0=-0.3615／ROE0=-21.18% 非正
     1  EPS0=-0.3645／ROE0=-21.18% 非正
     1  EPS0=-0.3685／ROE0=-21.18% 非正
     1  EPS0=-0.1643／ROE0=-8.06% 非正
     1  EPS0=-0.1587／ROE0=-8.06% 非正
     1  EPS0=-0.1655／ROE0=-8.06% 非正
     1  EPS0=-0.1589／ROE0=-8.06% 非正
     1  EPS0=-0.2228／ROE0=-13.55% 非正
     1  EPS0=-0.2296／ROE0=-13.55% 非正
     1  EPS0=-0.2336／ROE0=-13.55% 非正
     1  EPS0=-0.2353／ROE0=-13.55% 非正
     1  EPS0=-0.1171／ROE0=-3.81% 非正
     1  EPS0=-0.1173／ROE0=-3.81% 非正
     1  EPS0=-0.1203／ROE0=-3.81% 非正
     1  EPS0=-0.1244／ROE0=-3.81% 非正
     1  EPS0=-0.3204／ROE0=-3.24% 非正
     1  EPS0=-0.3246／ROE0=-3.24% 非正
     1  EPS0=-0.3302／ROE0=-3.24% 非正
     1  EPS0=-0.0456／ROE0=-0.44% 非正
     1  EPS0=-0.3179／ROE0=-7.81% 非正
     1  EPS0=-0.3050／ROE0=-7.81% 非正
     1  EPS0=-0.3022／ROE0=-7.81% 非正
     1  EPS0=-0.3002／ROE0=-7.81% 非正
     1  EPS0=-0.2356／ROE0=-6.16% 非正
     1  EPS0=-0.0898／ROE0=-2.40% 非正
     1  EPS0=-0.1864／ROE0=-5.10% 非正
     1  EPS0=-0.2155／ROE0=-6.16% 非正
     1  EPS0=-0.4651／ROE0=-17.64% 非正
     1  EPS0=-0.4622／ROE0=-17.64% 非正
     1  EPS0=-0.4036／ROE0=-17.64% 非正
     1  EPS0=-0.3860／ROE0=-17.64% 非正
     1  EPS0=-0.3704／ROE0=-23.10% 非正
     1  EPS0=-0.3732／ROE0=-23.10% 非正
     1  EPS0=-0.3736／ROE0=-23.10% 非正
     1  EPS0=-0.3645／ROE0=-23.10% 非正
     1  EPS0=-0.4218／ROE0=-32.20% 非正
     1  EPS0=-0.4236／ROE0=-32.20% 非正
     1  EPS0=-0.4228／ROE0=-32.20% 非正
     1  EPS0=-0.3187／ROE0=-23.68% 非正
     1  EPS0=-0.0937／ROE0=-7.73% 非正
     1  EPS0=-0.0568／ROE0=-4.59% 非正
     1  EPS0=-0.0660／ROE0=-5.37% 非正
     1  EPS0=-0.0033／ROE0=-0.10% 非正
     1  EPS0=-0.0034／ROE0=-0.10% 非正
     1  EPS0=-0.0125／ROE0=-0.20% 非正
     1  EPS0=-0.0123／ROE0=-0.20% 非正
     1  EPS0=-0.0122／ROE0=-0.20% 非正
     1  EPS0=-0.0119／ROE0=-0.20% 非正
     1  EPS0=-0.2656／ROE0=-4.84% 非正
     1  EPS0=-0.2644／ROE0=-4.84% 非正
     1  EPS0=-0.2652／ROE0=-4.84% 非正
     1  EPS0=-0.2101／ROE0=-9.05% 非正
     1  EPS0=-0.2056／ROE0=-9.05% 非正
     1  EPS0=-0.2015／ROE0=-9.05% 非正
     1  EPS0=-0.0380／ROE0=-1.43% 非正
     1  EPS0=-0.0374／ROE0=-1.43% 非正
     1  EPS0=-0.0369／ROE0=-1.43% 非正
     1  EPS0=-0.0365／ROE0=-1.43% 非正
     1  EPS0=-0.1157／ROE0=-4.75% 非正
     1  EPS0=-0.1138／ROE0=-4.75% 非正
     1  EPS0=-0.1108／ROE0=-4.75% 非正
     1  EPS0=-0.0309／ROE0=-0.54% 非正
     1  EPS0=-0.0302／ROE0=-0.54% 非正
     1  EPS0=-0.0295／ROE0=-0.54% 非正
     1  EPS0=-0.1934／ROE0=-2.38% 非正
     1  EPS0=-0.1912／ROE0=-2.38% 非正
     1  EPS0=-0.1876／ROE0=-2.38% 非正
     1  EPS0=-0.4247／ROE0=-4.59% 非正
     1  EPS0=-0.4218／ROE0=-4.59% 非正
     1  EPS0=-0.3981／ROE0=-4.59% 非正
     1  EPS0=-0.3982／ROE0=-4.59% 非正
     1  EPS0=-1.1963／ROE0=-18.11% 非正
     1  EPS0=-1.1681／ROE0=-18.11% 非正
     1  EPS0=-1.1432／ROE0=-18.11% 非正
     1  EPS0=-0.5744／ROE0=-19.69% 非正
     1  EPS0=-0.5402／ROE0=-19.69% 非正
     1  EPS0=-0.5117／ROE0=-19.69% 非正
     1  EPS0=-0.4215／ROE0=-19.69% 非正
     1  EPS0=-0.5631／ROE0=-36.43% 非正
     1  EPS0=-0.4469／ROE0=-36.43% 非正
     1  EPS0=-0.3774／ROE0=-36.43% 非正
     1  EPS0=-0.4255／ROE0=-70.25% 非正
     1  EPS0=-0.3659／ROE0=-70.25% 非正
     1  EPS0=-0.1966／ROE0=-60.29% 非正
     1  EPS0=-0.0061／ROE0=-0.19% 非正
     1  EPS0=-0.0060／ROE0=-0.19% 非正
     1  EPS0=-0.1528／ROE0=-5.39% 非正
     1  EPS0=-0.1522／ROE0=-5.39% 非正
     1  EPS0=-0.1517／ROE0=-5.39% 非正
     1  EPS0=-0.1493／ROE0=-5.39% 非正
     1  EPS0=-0.2667／ROE0=-10.86% 非正
     1  EPS0=-0.2679／ROE0=-10.86% 非正
     1  EPS0=-0.2624／ROE0=-10.86% 非正
     1  EPS0=-0.2637／ROE0=-10.86% 非正
     1  EPS0=-0.3227／ROE0=-16.11% 非正
     1  EPS0=-0.3370／ROE0=-16.11% 非正
     1  EPS0=-0.2702／ROE0=-12.95% 非正
     1  EPS0=-0.0555／ROE0=-2.47% 非正
     1  EPS0=-0.0549／ROE0=-2.47% 非正
     1  EPS0=-0.0561／ROE0=-2.47% 非正
     1  EPS0=-0.0564／ROE0=-2.47% 非正
     1  EPS0=-0.1104／ROE0=-4.53% 非正
     1  EPS0=-0.1089／ROE0=-4.53% 非正
     1  EPS0=-0.1132／ROE0=-4.53% 非正
     1  EPS0=-0.0333／ROE0=-1.25% 非正
     1  EPS0=-0.1922／ROE0=-5.41% 非正
     1  EPS0=-0.1919／ROE0=-5.41% 非正
     1  EPS0=-0.4045／ROE0=-13.47% 非正
     1  EPS0=-0.4056／ROE0=-13.47% 非正
     1  EPS0=-0.4065／ROE0=-13.47% 非正
     1  EPS0=-0.1752／ROE0=-3.40% 非正
     1  EPS0=-0.1753／ROE0=-3.40% 非正
     1  EPS0=-0.1924／ROE0=-3.40% 非正
     1  EPS0=-0.0237／ROE0=-0.85% 非正
     1  EPS0=-0.0234／ROE0=-0.85% 非正
     1  EPS0=-0.0485／ROE0=-1.80% 非正
     1  EPS0=-0.0486／ROE0=-1.80% 非正
     1  EPS0=-0.0488／ROE0=-1.80% 非正
     1  EPS0=-0.0445／ROE0=-1.62% 非正
     1  EPS0=-0.1155／ROE0=-12.31% 非正
     1  EPS0=-0.1120／ROE0=-12.31% 非正
     1  EPS0=-0.1076／ROE0=-12.31% 非正
     1  EPS0=-0.0955／ROE0=-12.31% 非正
     1  EPS0=-0.1575／ROE0=-26.03% 非正
     1  EPS0=-0.1436／ROE0=-26.03% 非正
     1  EPS0=-0.1221／ROE0=-26.03% 非正
     1  EPS0=-0.1339／ROE0=-26.03% 非正
     1  EPS0=-0.2758／ROE0=-5.38% 非正
     1  EPS0=-0.2703／ROE0=-5.38% 非正
     1  EPS0=-0.2599／ROE0=-5.38% 非正
     1  EPS0=-0.2665／ROE0=-5.38% 非正
     1  EPS0=-0.4499／ROE0=-13.32% 非正
     1  EPS0=-0.4284／ROE0=-13.32% 非正
     1  EPS0=-0.4039／ROE0=-13.32% 非正
     1  EPS0=-0.3749／ROE0=-13.32% 非正
     1  EPS0=-0.5975／ROE0=-25.13% 非正
     1  EPS0=-0.5582／ROE0=-25.13% 非正
     1  EPS0=-0.5118／ROE0=-25.13% 非正
     1  EPS0=-0.5362／ROE0=-9.58% 非正
     1  EPS0=-0.5361／ROE0=-9.58% 非正
     1  EPS0=-0.5341／ROE0=-9.58% 非正
     1  EPS0=-0.5297／ROE0=-9.58% 非正
     1  EPS0=-0.9208／ROE0=-28.98% 非正
     1  EPS0=-0.9116／ROE0=-28.98% 非正
     1  EPS0=-0.8974／ROE0=-28.98% 非正
     1  EPS0=-0.2949／ROE0=-17.49% 非正
     1  EPS0=-0.2002／ROE0=-17.49% 非正
     1  EPS0=-0.1028／ROE0=-17.49% 非正
     1  EPS0=-0.1213／ROE0=-17.49% 非正
     1  EPS0=-0.0894／ROE0=-2.34% 非正
     1  EPS0=-0.0888／ROE0=-2.34% 非正
     1  EPS0=-0.0899／ROE0=-2.34% 非正
     1  EPS0=-0.0907／ROE0=-2.34% 非正
     1  EPS0=-0.1313／ROE0=-5.24% 非正
     1  EPS0=-0.1287／ROE0=-5.24% 非正
     1  EPS0=-0.1260／ROE0=-5.24% 非正
     1  EPS0=-0.1234／ROE0=-5.24% 非正
     1  EPS0=-0.3754／ROE0=-29.64% 非正
     1  EPS0=-0.3557／ROE0=-29.64% 非正
     1  EPS0=-0.3315／ROE0=-29.64% 非正
     1  EPS0=-0.3331／ROE0=-29.64% 非正
     1  EPS0=-0.0636／ROE0=-72.28% 非正
     1  EPS0=-0.2200／ROE0=-2.80% 非正
     1  EPS0=-0.1488／ROE0=-2.80% 非正
     1  EPS0=-0.1075／ROE0=-2.80% 非正
     1  EPS0=-0.1107／ROE0=-2.80% 非正
     1  EPS0=-0.1474／ROE0=-5.91% 非正
     1  EPS0=-0.1482／ROE0=-5.91% 非正
     1  EPS0=-0.1434／ROE0=-5.91% 非正
     1  EPS0=-0.1408／ROE0=-5.91% 非正
     1  EPS0=-0.2361／ROE0=-10.35% 非正
     1  EPS0=-0.2278／ROE0=-10.35% 非正
     1  EPS0=-0.2154／ROE0=-10.35% 非正
     1  EPS0=-0.2102／ROE0=-10.35% 非正
     1  EPS0=-0.2010／ROE0=-10.44% 非正
     1  EPS0=-0.1903／ROE0=-10.44% 非正
     1  EPS0=-0.1823／ROE0=-10.44% 非正
     1  EPS0=-0.1719／ROE0=-10.44% 非正
     1  EPS0=-0.2328／ROE0=-16.24% 非正
     1  EPS0=-0.2154／ROE0=-16.24% 非正
     1  EPS0=-0.2155／ROE0=-16.24% 非正
     1  EPS0=-0.1999／ROE0=-16.24% 非正
     1  EPS0=-0.2660／ROE0=-27.50% 非正
     1  EPS0=-0.2436／ROE0=-27.50% 非正
     1  EPS0=-0.2335／ROE0=-27.50% 非正
     1  EPS0=-0.2369／ROE0=-27.50% 非正
     1  EPS0=-0.1334／ROE0=-16.24% 非正
     1  EPS0=-0.1241／ROE0=-16.24% 非正
     1  EPS0=-0.1231／ROE0=-16.24% 非正
     1  EPS0=-0.0644／ROE0=-1.45% 非正
     1  EPS0=-0.0647／ROE0=-1.45% 非正
     1  EPS0=-0.0648／ROE0=-1.45% 非正
     1  EPS0=-0.0645／ROE0=-1.45% 非正
     1  EPS0=-0.0515／ROE0=-1.87% 非正
     1  EPS0=-0.0510／ROE0=-1.87% 非正
     1  EPS0=-0.0520／ROE0=-1.87% 非正
     1  EPS0=-0.0521／ROE0=-1.87% 非正
     1  EPS0=-0.2437／ROE0=-11.66% 非正
     1  EPS0=-0.2552／ROE0=-11.66% 非正
     1  EPS0=-0.2476／ROE0=-11.66% 非正
     1  EPS0=-0.2492／ROE0=-11.66% 非正
     1  EPS0=-1.2043／ROE0=-52.82% 非正
     1  EPS0=-1.0753／ROE0=-52.82% 非正
     1  EPS0=-0.9361／ROE0=-52.82% 非正
     1  EPS0=-0.7539／ROE0=-52.82% 非正
     1  EPS0=-0.3188／ROE0=-94.80% 非正
     1  EPS0=-0.1564／ROE0=-94.80% 非正
     1  EPS0=-0.2374／ROE0=-6.44% 非正
     1  EPS0=-0.2295／ROE0=-6.44% 非正
     1  EPS0=-0.2299／ROE0=-6.44% 非正
     1  EPS0=-0.2279／ROE0=-6.44% 非正
     1  EPS0=-0.0766／ROE0=-1.30% 非正
     1  EPS0=-0.0082／ROE0=-0.17% 非正
     1  EPS0=-0.0079／ROE0=-0.17% 非正
     1  EPS0=-0.0076／ROE0=-0.17% 非正
     1  EPS0=-0.0073／ROE0=-0.17% 非正
     1  EPS0=-0.3243／ROE0=-8.46% 非正
     1  EPS0=-0.3121／ROE0=-8.46% 非正
     1  EPS0=-0.2985／ROE0=-8.46% 非正
     1  EPS0=-0.1082／ROE0=-1.11% 非正
     1  EPS0=-0.1075／ROE0=-1.11% 非正
     1  EPS0=-0.1047／ROE0=-1.11% 非正
     1  EPS0=-0.1035／ROE0=-1.11% 非正
     1  EPS0=-0.5604／ROE0=-6.60% 非正
     1  EPS0=-0.5569／ROE0=-6.60% 非正
     1  EPS0=-0.5324／ROE0=-6.60% 非正
     1  EPS0=-0.2234／ROE0=-4.01% 非正
     1  EPS0=-0.2125／ROE0=-4.01% 非正
     1  EPS0=-0.2199／ROE0=-4.01% 非正
     1  EPS0=-0.1326／ROE0=-4.88% 非正
     1  EPS0=-0.1295／ROE0=-4.88% 非正
     1  EPS0=-0.1271／ROE0=-4.88% 非正
     1  股权价值 -2.83 ≤ 0
     1  股权价值 -3.53 ≤ 0
     1  股权价值 -1.63 ≤ 0
     1  股权价值 -1.64 ≤ 0
     1  EPS0=-0.4355／ROE0=-5.97% 非正
     1  EPS0=-0.4582／ROE0=-5.97% 非正
     1  EPS0=-0.4674／ROE0=-5.97% 非正
     1  EPS0=-0.0707／ROE0=-1.33% 非正
     1  EPS0=-0.0697／ROE0=-1.33% 非正
     1  EPS0=-0.0692／ROE0=-1.33% 非正
     1  EPS0=-0.1980／ROE0=-5.86% 非正
     1  EPS0=-0.1905／ROE0=-5.86% 非正
     1  EPS0=-0.1316／ROE0=-5.86% 非正
     1  EPS0=-0.1278／ROE0=-5.86% 非正
     1  EPS0=-0.2652／ROE0=-13.10% 非正
     1  EPS0=-0.2561／ROE0=-13.10% 非正
     1  EPS0=-0.2485／ROE0=-13.10% 非正
     1  EPS0=-0.2488／ROE0=-13.10% 非正
     1  EPS0=-0.1576／ROE0=-6.23% 非正
     1  EPS0=-0.1496／ROE0=-6.23% 非正
     1  EPS0=-0.1458／ROE0=-6.23% 非正
     1  EPS0=-0.1362／ROE0=-6.23% 非正
     1  EPS0=-0.3420／ROE0=-29.63% 非正
     1  EPS0=-0.3227／ROE0=-29.63% 非正
     1  EPS0=-0.2302／ROE0=-29.63% 非正
     1  EPS0=-0.1729／ROE0=-29.63% 非正
     1  EPS0=-0.0537／ROE0=-99.08% 非正
     1  EPS0=-0.0464／ROE0=-99.08% 非正
     1  EPS0=-0.7803／ROE0=-1338.19% 非正
     1  EPS0=-0.7303／ROE0=-1338.19% 非正
     1  EPS0=-0.1320／ROE0=-1338.19% 非正
     1  EPS0=-0.0840／ROE0=-1338.19% 非正
     1  EPS0=-0.0240／ROE0=-17.55% 非正
     1  EPS0=-0.0157／ROE0=-17.55% 非正
     1  EPS0=-0.0119／ROE0=-17.55% 非正
     1  EPS0=-0.1272／ROE0=-2.22% 非正
     1  EPS0=-0.1298／ROE0=-2.22% 非正
     1  EPS0=-0.1388／ROE0=-2.22% 非正
     1  EPS0=-0.1464／ROE0=-2.22% 非正
     1  EPS0=-0.6384／ROE0=-18.02% 非正
     1  EPS0=-0.6190／ROE0=-18.02% 非正
     1  EPS0=-0.5994／ROE0=-18.02% 非正
     1  EPS0=-0.5775／ROE0=-18.02% 非正
     1  EPS0=-0.6063／ROE0=-25.30% 非正
     1  EPS0=-0.5704／ROE0=-25.30% 非正
     1  EPS0=-0.5283／ROE0=-25.30% 非正
     1  EPS0=-0.5032／ROE0=-25.30% 非正
     1  EPS0=-0.3310／ROE0=-71.39% 非正
     1  EPS0=-0.2774／ROE0=-71.39% 非正
     1  EPS0=-0.0348／ROE0=-71.39% 非正
     1  EPS0=-0.0084／ROE0=-71.39% 非正
     1  EPS0=-0.1727／ROE0=-8.94% 非正
     1  EPS0=-0.1743／ROE0=-8.94% 非正
     1  EPS0=-0.1749／ROE0=-8.94% 非正
     1  EPS0=-0.2219／ROE0=-3.33% 非正
     1  EPS0=-0.2156／ROE0=-3.33% 非正
     1  EPS0=-0.2124／ROE0=-3.33% 非正
     1  EPS0=-0.1749／ROE0=-3.70% 非正
     1  EPS0=-0.1743／ROE0=-3.70% 非正
     1  EPS0=-0.1668／ROE0=-3.70% 非正
     1  EPS0=-0.0130／ROE0=-0.40% 非正
     1  EPS0=-0.0131／ROE0=-0.40% 非正
     1  EPS0=-0.0020／ROE0=-0.06% 非正
     1  EPS0=-0.1535／ROE0=-11.91% 非正
     1  EPS0=-0.1573／ROE0=-11.91% 非正
     1  EPS0=-0.1656／ROE0=-11.91% 非正
     1  EPS0=-0.1853／ROE0=-11.91% 非正
     1  EPS0=-0.1753／ROE0=-4.55% 非正
     1  EPS0=-0.1774／ROE0=-4.55% 非正
     1  EPS0=-0.0840／ROE0=-2.25% 非正
     1  EPS0=-0.0854／ROE0=-2.25% 非正
     1  EPS0=-0.0829／ROE0=-2.25% 非正
     1  EPS0=-0.0827／ROE0=-2.25% 非正
     1  EPS0=-0.1160／ROE0=-3.94% 非正
     1  EPS0=-0.1141／ROE0=-3.94% 非正
     1  EPS0=-0.0564／ROE0=-2.28% 非正
     1  EPS0=-0.0557／ROE0=-2.28% 非正
     1  EPS0=-0.0795／ROE0=-1.69% 非正
     1  EPS0=-0.0794／ROE0=-1.69% 非正
     1  EPS0=-0.0792／ROE0=-1.69% 非正
     1  EPS0=-0.0602／ROE0=-1.27% 非正
     1  EPS0=-0.0252／ROE0=-0.96% 非正
     1  EPS0=-0.0253／ROE0=-0.96% 非正
     1  EPS0=-0.0254／ROE0=-0.96% 非正
     1  EPS0=-0.0255／ROE0=-0.96% 非正
     1  EPS0=-0.2433／ROE0=-12.26% 非正
     1  EPS0=-0.2364／ROE0=-12.26% 非正
     1  EPS0=-0.2308／ROE0=-12.26% 非正
     1  EPS0=-0.2243／ROE0=-12.26% 非正
     1  EPS0=-0.3614／ROE0=-31.08% 非正
     1  EPS0=-0.3520／ROE0=-31.08% 非正
     1  EPS0=-0.3337／ROE0=-31.08% 非正
     1  EPS0=-0.3279／ROE0=-31.08% 非正
     1  EPS0=-0.3077／ROE0=-51.94% 非正
     1  EPS0=-0.3130／ROE0=-51.94% 非正
     1  EPS0=-0.3164／ROE0=-51.94% 非正
     1  EPS0=-0.3210／ROE0=-51.94% 非正
     1  EPS0=-0.0092／ROE0=-1.60% 非正
     1  EPS0=-0.0398／ROE0=-7.28% 非正
     1  EPS0=-0.0382／ROE0=-7.28% 非正
     1  EPS0=-0.0305／ROE0=-0.78% 非正
     1  EPS0=-0.0314／ROE0=-0.78% 非正
     1  EPS0=-0.3599／ROE0=-7.56% 非正
     1  EPS0=-0.3577／ROE0=-7.56% 非正
     1  EPS0=-0.3645／ROE0=-7.56% 非正
     1  EPS0=-0.3683／ROE0=-7.56% 非正
     1  EPS0=-0.1217／ROE0=-2.39% 非正
     1  EPS0=-0.1186／ROE0=-2.39% 非正
     1  EPS0=-0.1116／ROE0=-2.39% 非正
     1  EPS0=-0.1084／ROE0=-2.39% 非正
     1  EPS0=-0.0971／ROE0=-2.39% 非正
     1  EPS0=-0.0931／ROE0=-2.39% 非正
     1  EPS0=-0.0926／ROE0=-2.39% 非正
     1  EPS0=-0.0921／ROE0=-2.39% 非正
     1  EPS0=-0.4928／ROE0=-14.42% 非正
     1  EPS0=-0.0183／ROE0=-0.44% 非正
     1  EPS0=-0.0179／ROE0=-0.44% 非正
     1  EPS0=-0.0176／ROE0=-0.44% 非正
     1  EPS0=-0.0750／ROE0=-1.84% 非正
     1  EPS0=-0.0739／ROE0=-1.84% 非正
     1  EPS0=-0.0727／ROE0=-1.84% 非正
     1  EPS0=-0.0718／ROE0=-1.84% 非正
     1  EPS0=-0.3181／ROE0=-9.71% 非正
     1  EPS0=-0.3097／ROE0=-9.71% 非正
     1  EPS0=-0.2896／ROE0=-9.71% 非正
     1  EPS0=-0.2658／ROE0=-10.44% 非正
     1  EPS0=-0.2514／ROE0=-10.44% 非正
     1  EPS0=-0.2272／ROE0=-10.44% 非正
     1  EPS0=-0.1974／ROE0=-10.44% 非正
     1  EPS0=-0.3911／ROE0=-20.21% 非正
     1  EPS0=-0.0570／ROE0=-3.17% 非正
     1  EPS0=-0.1582／ROE0=-10.49% 非正
     1  EPS0=-0.2181／ROE0=-19.19% 非正
     1  EPS0=-0.5090／ROE0=-33.38% 非正
     1  EPS0=-0.4098／ROE0=-33.38% 非正
     1  EPS0=-0.3349／ROE0=-33.38% 非正
     1  EPS0=-0.0399／ROE0=-0.68% 非正
     1  EPS0=-0.0407／ROE0=-0.68% 非正
     1  EPS0=-0.0423／ROE0=-0.68% 非正
     1  EPS0=-0.0454／ROE0=-0.68% 非正
     1  EPS0=-0.5859／ROE0=-15.46% 非正
     1  EPS0=-0.6952／ROE0=-15.46% 非正
     1  EPS0=-0.6933／ROE0=-15.46% 非正
     1  EPS0=-0.7133／ROE0=-15.46% 非正
     1  EPS0=-0.3903／ROE0=-3.73% 非正
     1  EPS0=-0.3917／ROE0=-3.73% 非正
     1  EPS0=-0.3866／ROE0=-3.73% 非正
     1  EPS0=-0.3825／ROE0=-3.73% 非正
     1  EPS0=-0.2034／ROE0=-1.94% 非正
     1  EPS0=-0.1985／ROE0=-1.94% 非正
     1  EPS0=-0.1912／ROE0=-1.94% 非正
     1  EPS0=-0.0805／ROE0=-6.94% 非正
     1  EPS0=-0.0790／ROE0=-6.94% 非正
     1  EPS0=-0.0766／ROE0=-6.94% 非正
     1  EPS0=-0.0760／ROE0=-6.94% 非正
     1  EPS0=-0.1450／ROE0=-14.74% 非正
     1  EPS0=-0.1412／ROE0=-14.74% 非正
     1  EPS0=-0.1377／ROE0=-14.74% 非正
     1  EPS0=-0.1379／ROE0=-14.74% 非正
     1  EPS0=-0.1555／ROE0=-20.04% 非正
     1  EPS0=-0.1564／ROE0=-20.04% 非正
     1  EPS0=-0.1615／ROE0=-20.04% 非正
     1  EPS0=-0.1027／ROE0=-2.05% 非正
     1  EPS0=-0.1042／ROE0=-2.05% 非正
     1  EPS0=-0.1060／ROE0=-2.05% 非正
     1  EPS0=-0.1109／ROE0=-2.05% 非正
     1  EPS0=-0.3639／ROE0=-7.43% 非正
     1  EPS0=-0.3629／ROE0=-7.43% 非正
     1  EPS0=-0.3525／ROE0=-7.43% 非正
     1  EPS0=-0.3381／ROE0=-7.43% 非正
     1  EPS0=-0.3240／ROE0=-7.54% 非正
     1  EPS0=-0.3175／ROE0=-7.54% 非正
     1  EPS0=-0.2970／ROE0=-7.54% 非正
     1  EPS0=-0.0174／ROE0=-1.10% 非正
     1  EPS0=-0.0176／ROE0=-1.10% 非正
     1  EPS0=-0.0155／ROE0=-1.10% 非正
     1  EPS0=-0.5504／ROE0=-6.03% 非正
     1  EPS0=-0.5380／ROE0=-6.03% 非正
     1  EPS0=-0.5055／ROE0=-6.03% 非正
     1  EPS0=-0.0770／ROE0=-4.05% 非正
     1  EPS0=-0.0773／ROE0=-4.05% 非正
     1  EPS0=-0.0774／ROE0=-4.05% 非正
     1  EPS0=-0.0776／ROE0=-4.05% 非正
     1  EPS0=-0.0649／ROE0=-0.91% 非正
     1  EPS0=-0.0654／ROE0=-0.91% 非正
     1  EPS0=-0.0666／ROE0=-0.91% 非正
     1  EPS0=-0.0565／ROE0=-0.91% 非正
     1  EPS0=-0.1027／ROE0=-2.45% 非正
     1  EPS0=-0.1031／ROE0=-2.45% 非正
     1  EPS0=-0.1007／ROE0=-2.45% 非正
     1  EPS0=-0.0992／ROE0=-2.45% 非正
     1  EPS0=-0.2194／ROE0=-5.47% 非正
     1  EPS0=-0.2203／ROE0=-5.47% 非正
     1  EPS0=-0.0202／ROE0=-0.51% 非正
     1  EPS0=-0.0843／ROE0=-1.67% 非正
     1  EPS0=-0.0829／ROE0=-1.67% 非正
     1  EPS0=-0.0819／ROE0=-1.67% 非正
     1  EPS0=-0.2043／ROE0=-3.18% 非正
     1  EPS0=-0.2019／ROE0=-3.18% 非正
     1  EPS0=-0.2046／ROE0=-3.18% 非正
     1  EPS0=-0.2037／ROE0=-3.18% 非正
     1  EPS0=-0.4694／ROE0=-8.49% 非正
     1  EPS0=-0.4708／ROE0=-8.49% 非正
     1  EPS0=-0.4673／ROE0=-8.49% 非正
     1  EPS0=-0.4448／ROE0=-8.49% 非正
     1  EPS0=-0.7212／ROE0=-15.98% 非正
     1  EPS0=-0.7093／ROE0=-15.98% 非正
     1  EPS0=-0.6745／ROE0=-15.98% 非正
     1  EPS0=-0.6279／ROE0=-15.98% 非正
     1  EPS0=-0.8825／ROE0=-20.34% 非正
     1  EPS0=-0.8646／ROE0=-20.34% 非正
     1  EPS0=-0.8337／ROE0=-20.34% 非正
     1  EPS0=-0.0211／ROE0=-0.41% 非正
     1  EPS0=-0.0212／ROE0=-0.41% 非正
     1  EPS0=-0.0205／ROE0=-0.41% 非正
     1  EPS0=-0.0188／ROE0=-0.41% 非正
     1  EPS0=-0.3358／ROE0=-6.87% 非正
     1  EPS0=-0.3417／ROE0=-6.87% 非正
     1  EPS0=-0.3416／ROE0=-6.87% 非正
     1  EPS0=-0.3444／ROE0=-6.87% 非正
     1  EPS0=-0.6680／ROE0=-17.50% 非正
     1  EPS0=-0.6397／ROE0=-17.50% 非正
     1  EPS0=-0.6132／ROE0=-17.50% 非正
     1  EPS0=-0.5985／ROE0=-17.50% 非正
     1  EPS0=-0.6978／ROE0=-31.36% 非正
     1  EPS0=-0.7076／ROE0=-31.36% 非正
     1  EPS0=-0.7045／ROE0=-31.36% 非正
     1  EPS0=-0.7047／ROE0=-31.36% 非正
     1  EPS0=-0.3259／ROE0=-18.23% 非正
     1  EPS0=-0.2894／ROE0=-15.77% 非正
     1  EPS0=-0.2926／ROE0=-16.03% 非正
     1  EPS0=-0.3249／ROE0=-18.23% 非正
     1  EPS0=-0.2296／ROE0=-16.15% 非正
     1  EPS0=-0.2237／ROE0=-16.15% 非正
     1  EPS0=-0.1993／ROE0=-16.15% 非正
     1  EPS0=-0.0484／ROE0=-1.26% 非正
     1  EPS0=-0.0476／ROE0=-1.26% 非正
     1  EPS0=-0.0472／ROE0=-1.26% 非正
     1  EPS0=-0.0474／ROE0=-1.26% 非正
     1  EPS0=-0.0668／ROE0=-0.73% 非正
     1  EPS0=-0.0658／ROE0=-0.73% 非正
     1  EPS0=-0.0651／ROE0=-0.73% 非正
     1  EPS0=-0.4087／ROE0=-11.57% 非正
     1  EPS0=-0.2966／ROE0=-11.57% 非正
     1  EPS0=-0.3377／ROE0=-11.57% 非正
     1  EPS0=-0.3566／ROE0=-11.57% 非正
     1  EPS0=-0.0297／ROE0=-0.34% 非正
     1  EPS0=-0.0299／ROE0=-0.34% 非正
     1  EPS0=-0.3671／ROE0=-4.75% 非正
     1  EPS0=-0.3688／ROE0=-4.75% 非正
     1  EPS0=-0.3591／ROE0=-4.75% 非正
     1  EPS0=-0.3483／ROE0=-4.75% 非正
     1  EPS0=-0.8851／ROE0=-15.19% 非正
     1  EPS0=-0.5459／ROE0=-15.19% 非正
     1  EPS0=-0.5554／ROE0=-15.19% 非正
     1  EPS0=-0.6271／ROE0=-15.19% 非正
     1  EPS0=-0.1057／ROE0=-2.72% 非正
     1  EPS0=-0.1015／ROE0=-2.72% 非正
     1  EPS0=-0.1033／ROE0=-2.72% 非正
     1  EPS0=-0.1065／ROE0=-2.72% 非正
     1  EPS0=-0.0889／ROE0=-2.72% 非正
     1  EPS0=-0.2979／ROE0=-10.15% 非正
     1  EPS0=-0.3005／ROE0=-10.15% 非正
     1  EPS0=-0.3032／ROE0=-10.15% 非正
     1  EPS0=-0.1032／ROE0=-1.12% 非正
     1  EPS0=-0.1035／ROE0=-1.12% 非正
     1  EPS0=-0.1041／ROE0=-1.12% 非正
     1  EPS0=-0.4818／ROE0=-3.95% 非正
     1  EPS0=-0.4810／ROE0=-3.95% 非正
     1  EPS0=-0.4794／ROE0=-3.95% 非正
     1  EPS0=-0.1784／ROE0=-3.80% 非正
     1  EPS0=-0.1769／ROE0=-3.80% 非正
     1  EPS0=-0.1680／ROE0=-3.80% 非正
     1  EPS0=-0.0672／ROE0=-3.03% 非正
     1  EPS0=-0.0653／ROE0=-3.03% 非正
     1  EPS0=-0.0661／ROE0=-3.03% 非正
     1  EPS0=-0.0642／ROE0=-3.03% 非正
     1  EPS0=-0.1388／ROE0=-7.36% 非正
     1  EPS0=-0.1377／ROE0=-7.36% 非正
     1  EPS0=-0.1373／ROE0=-7.36% 非正
     1  EPS0=-0.1351／ROE0=-7.36% 非正
     1  EPS0=-0.1913／ROE0=-12.06% 非正
     1  EPS0=-0.1934／ROE0=-12.06% 非正
     1  EPS0=-0.1923／ROE0=-12.06% 非正
     1  EPS0=-0.1946／ROE0=-12.06% 非正
     1  EPS0=-0.0820／ROE0=-5.57% 非正
     1  EPS0=-0.1179／ROE0=-8.45% 非正
     1  EPS0=-0.1097／ROE0=-8.45% 非正
     1  EPS0=-0.1039／ROE0=-8.45% 非正
     1  EPS0=-0.1690／ROE0=-12.85% 非正
     1  EPS0=-0.1531／ROE0=-12.23% 非正
     1  EPS0=-0.1412／ROE0=-12.07% 非正
     1  EPS0=-0.1396／ROE0=-12.85% 非正
     1  EPS0=-0.0669／ROE0=-14.12% 非正
     1  EPS0=-0.0594／ROE0=-14.12% 非正
     1  EPS0=-0.0483／ROE0=-14.12% 非正
     1  EPS0=-0.1835／ROE0=-5.31% 非正
     1  EPS0=-0.1267／ROE0=-3.65% 非正
     1  EPS0=-0.2898／ROE0=-13.97% 非正
     1  EPS0=-0.2936／ROE0=-13.97% 非正
     1  EPS0=-0.2899／ROE0=-13.97% 非正
     1  EPS0=-0.2915／ROE0=-13.97% 非正
     1  EPS0=-0.2958／ROE0=-17.58% 非正
     1  EPS0=-0.3057／ROE0=-17.58% 非正
     1  EPS0=-0.3009／ROE0=-17.58% 非正
     1  EPS0=-0.2981／ROE0=-17.58% 非正
     1  EPS0=-0.0281／ROE0=-1.88% 非正
     1  EPS0=-0.0277／ROE0=-1.88% 非正
     1  EPS0=-0.0275／ROE0=-1.88% 非正
     1  EPS0=-0.0061／ROE0=-0.16% 非正
     1  EPS0=-0.3104／ROE0=-10.27% 非正
     1  EPS0=-0.2964／ROE0=-10.27% 非正
     1  EPS0=-0.2925／ROE0=-10.27% 非正
     1  EPS0=-0.2818／ROE0=-10.27% 非正
     1  EPS0=-0.4531／ROE0=-19.06% 非正
     1  EPS0=-0.4451／ROE0=-19.06% 非正
     1  EPS0=-0.4362／ROE0=-19.06% 非正
     1  EPS0=-0.4160／ROE0=-19.06% 非正
     1  EPS0=-0.4762／ROE0=-26.45% 非正
     1  EPS0=-0.4751／ROE0=-26.45% 非正
     1  EPS0=-0.4669／ROE0=-26.21% 非正
     1  EPS0=-0.4569／ROE0=-26.45% 非正
     1  EPS0=-0.0818／ROE0=-5.48% 非正
     1  EPS0=-0.0769／ROE0=-5.48% 非正
     1  EPS0=-0.0714／ROE0=-5.48% 非正
     1  EPS0=-0.0652／ROE0=-5.48% 非正
     1  EPS0=-0.2644／ROE0=-29.07% 非正
     1  EPS0=-0.2456／ROE0=-29.07% 非正
     1  EPS0=-0.2208／ROE0=-29.07% 非正
     1  EPS0=-0.2041／ROE0=-29.07% 非正
     1  EPS0=-0.1471／ROE0=-29.07% 非正
     1  EPS0=-0.1140／ROE0=-29.07% 非正
     1  EPS0=-0.0625／ROE0=-29.07% 非正
     1  EPS0=-0.4208／ROE0=-9.61% 非正
     1  EPS0=-0.4272／ROE0=-9.61% 非正
     1  EPS0=-0.1184／ROE0=-1.75% 非正
     1  EPS0=-0.1204／ROE0=-1.75% 非正
     1  EPS0=-0.1217／ROE0=-1.75% 非正
     1  EPS0=-0.1230／ROE0=-1.75% 非正
     1  EPS0=-0.1787／ROE0=-3.24% 非正
     1  EPS0=-0.1800／ROE0=-3.24% 非正
     1  EPS0=-0.1825／ROE0=-3.24% 非正
     1  EPS0=-0.1835／ROE0=-3.24% 非正
     1  EPS0=-0.2425／ROE0=-9.90% 非正
     1  EPS0=-0.2518／ROE0=-9.90% 非正
     1  EPS0=-0.2525／ROE0=-9.90% 非正
     1  EPS0=-0.0852／ROE0=-2.62% 非正
     1  EPS0=-0.0817／ROE0=-2.62% 非正
     1  EPS0=-0.0797／ROE0=-2.62% 非正
     1  EPS0=-0.0787／ROE0=-2.62% 非正
     1  EPS0=-0.2143／ROE0=-7.15% 非正
     1  EPS0=-0.1988／ROE0=-6.63% 非正
     1  EPS0=-0.2065／ROE0=-7.15% 非正
     1  EPS0=-1.3088／ROE0=-16.38% 非正
     1  EPS0=-1.2089／ROE0=-16.38% 非正
     1  EPS0=-0.8435／ROE0=-16.38% 非正
     1  EPS0=-0.9526／ROE0=-16.38% 非正
     1  EPS0=-0.2455／ROE0=-3.95% 非正
     1  EPS0=-0.2460／ROE0=-3.95% 非正
     1  EPS0=-0.2380／ROE0=-3.95% 非正
     1  EPS0=-0.2267／ROE0=-3.95% 非正
     1  EPS0=-0.8804／ROE0=-22.95% 非正
     1  EPS0=-0.8371／ROE0=-22.95% 非正
     1  EPS0=-0.7874／ROE0=-22.95% 非正
     1  EPS0=-0.6766／ROE0=-22.95% 非正
     1  EPS0=-0.9152／ROE0=-54.29% 非正
     1  EPS0=-0.7958／ROE0=-54.29% 非正
     1  EPS0=-0.4671／ROE0=-54.29% 非正
     1  EPS0=-0.3418／ROE0=-54.29% 非正
     1  EPS0=-0.6012／ROE0=-271.19% 非正
     1  EPS0=-0.3459／ROE0=-271.19% 非正
     1  EPS0=-0.1576／ROE0=-7.88% 非正
     1  EPS0=-0.1527／ROE0=-7.88% 非正
     1  EPS0=-0.1538／ROE0=-7.88% 非正
     1  EPS0=-0.1582／ROE0=-7.88% 非正
     1  EPS0=-0.2561／ROE0=-17.69% 非正
     1  EPS0=-0.2579／ROE0=-17.69% 非正
     1  EPS0=-0.2597／ROE0=-17.69% 非正
     1  EPS0=-0.2606／ROE0=-17.69% 非正
     1  EPS0=-0.1981／ROE0=-16.07% 非正
     1  EPS0=-0.1543／ROE0=-12.19% 非正
     1  EPS0=-0.1904／ROE0=-15.15% 非正
     1  EPS0=-0.2027／ROE0=-16.07% 非正
     1  EPS0=-0.2263／ROE0=-26.50% 非正
     1  EPS0=-0.2277／ROE0=-26.50% 非正
     1  EPS0=-0.2062／ROE0=-26.50% 非正
     1  EPS0=-0.0660／ROE0=-2.12% 非正
     1  EPS0=-0.0656／ROE0=-2.12% 非正
     1  EPS0=-0.0654／ROE0=-2.12% 非正
     1  EPS0=-0.0631／ROE0=-2.05% 非正
     1  EPS0=-0.0725／ROE0=-2.39% 非正
     1  EPS0=-0.0718／ROE0=-2.39% 非正
     1  EPS0=-0.0713／ROE0=-2.39% 非正
     1  EPS0=-0.0698／ROE0=-2.39% 非正
     1  EPS0=-0.1305／ROE0=-4.69% 非正
     1  EPS0=-0.1288／ROE0=-4.69% 非正
     1  EPS0=-0.1268／ROE0=-4.69% 非正
     1  EPS0=-0.1073／ROE0=-2.07% 非正
     1  EPS0=-0.1088／ROE0=-2.07% 非正
     1  EPS0=-0.0985／ROE0=-2.07% 非正
     1  EPS0=-0.0986／ROE0=-2.07% 非正
     1  EPS0=-0.2712／ROE0=-6.39% 非正
     1  EPS0=-0.2763／ROE0=-6.39% 非正
     1  EPS0=-0.2837／ROE0=-6.39% 非正
     1  EPS0=-0.0355／ROE0=-1.61% 非正
     1  EPS0=-0.0347／ROE0=-1.61% 非正
     1  EPS0=-0.0335／ROE0=-1.61% 非正
     1  EPS0=-0.0328／ROE0=-1.61% 非正
     1  EPS0=-0.2465／ROE0=-19.80% 非正
     1  EPS0=-0.2419／ROE0=-19.80% 非正
     1  EPS0=-0.2244／ROE0=-19.80% 非正
     1  EPS0=-0.2222／ROE0=-19.80% 非正
     1  EPS0=-0.1666／ROE0=-53.18% 非正
     1  EPS0=-0.1777／ROE0=-53.18% 非正
     1  EPS0=-0.0995／ROE0=-53.18% 非正
     1  EPS0=-0.0906／ROE0=-53.18% 非正
     1  EPS0=-0.2975／ROE0=-6.79% 非正
     1  EPS0=-0.2889／ROE0=-6.79% 非正
     1  EPS0=-0.2725／ROE0=-6.79% 非正
     1  EPS0=-0.2403／ROE0=-6.79% 非正
     1  EPS0=-0.5503／ROE0=-17.07% 非正
     1  EPS0=-0.5315／ROE0=-17.07% 非正
     1  EPS0=-0.5002／ROE0=-17.07% 非正
     1  EPS0=-0.4629／ROE0=-17.07% 非正
     1  EPS0=-0.7477／ROE0=-32.88% 非正
     1  EPS0=-0.7188／ROE0=-32.88% 非正
     1  EPS0=-0.6744／ROE0=-32.88% 非正
     1  EPS0=-0.6085／ROE0=-32.88% 非正
     1  EPS0=-0.5162／ROE0=-42.73% 非正
     1  EPS0=-0.5055／ROE0=-42.73% 非正
     1  EPS0=-0.4549／ROE0=-42.73% 非正
     1  EPS0=-0.0275／ROE0=-0.36% 非正
     1  EPS0=-0.0276／ROE0=-0.36% 非正
     1  EPS0=-0.0283／ROE0=-2.04% 非正
     1  EPS0=-0.0279／ROE0=-2.04% 非正
     1  EPS0=-0.0273／ROE0=-2.04% 非正
     1  EPS0=-0.0265／ROE0=-2.04% 非正
     1  EPS0=-0.0814／ROE0=-6.83% 非正
     1  EPS0=-0.0791／ROE0=-6.83% 非正
     1  EPS0=-0.0767／ROE0=-6.83% 非正
     1  EPS0=-0.0750／ROE0=-6.83% 非正
     1  EPS0=-0.1812／ROE0=-24.20% 非正
     1  EPS0=-0.1772／ROE0=-24.20% 非正
     1  EPS0=-0.1770／ROE0=-24.20% 非正
     1  EPS0=-0.1749／ROE0=-24.20% 非正
     1  EPS0=-0.0975／ROE0=-15.07% 非正
     1  EPS0=-0.0948／ROE0=-15.07% 非正
     1  EPS0=-0.0920／ROE0=-15.07% 非正
     1  EPS0=-0.1804／ROE0=-11.25% 非正
     1  EPS0=-0.1811／ROE0=-11.25% 非正
     1  EPS0=-0.1808／ROE0=-11.25% 非正
     1  EPS0=-0.1753／ROE0=-11.25% 非正
     1  EPS0=-0.2602／ROE0=-26.92% 非正
     1  EPS0=-0.2528／ROE0=-26.92% 非正
     1  EPS0=-0.2481／ROE0=-26.92% 非正
     1  EPS0=-0.2369／ROE0=-26.92% 非正
     1  EPS0=-0.2424／ROE0=-39.54% 非正
     1  EPS0=-0.2355／ROE0=-39.54% 非正
     1  EPS0=-0.2182／ROE0=-39.54% 非正
     1  EPS0=-0.7742／ROE0=-17.96% 非正
     1  EPS0=-0.7887／ROE0=-17.96% 非正
     1  EPS0=-0.7813／ROE0=-17.96% 非正
     1  EPS0=-0.0853／ROE0=-1.55% 非正
     1  EPS0=-0.0863／ROE0=-1.55% 非正
     1  EPS0=-0.0866／ROE0=-1.55% 非正
     1  EPS0=-0.0874／ROE0=-1.55% 非正
     1  EPS0=-0.4647／ROE0=-10.64% 非正
     1  EPS0=-0.4722／ROE0=-10.64% 非正
     1  EPS0=-0.4701／ROE0=-10.64% 非正
     1  EPS0=-0.4728／ROE0=-10.64% 非正
     1  EPS0=-0.2229／ROE0=-6.63% 非正
     1  EPS0=-0.2256／ROE0=-6.63% 非正
     1  EPS0=-0.2267／ROE0=-6.63% 非正
     1  EPS0=-0.2119／ROE0=-6.63% 非正
     1  EPS0=-0.6590／ROE0=-39.22% 非正
     1  EPS0=-0.6830／ROE0=-39.22% 非正
     1  EPS0=-0.6920／ROE0=-39.22% 非正
     1  EPS0=-0.7031／ROE0=-39.22% 非正
     1  EPS0=-0.0617／ROE0=-1.00% 非正
     1  EPS0=-0.0612／ROE0=-1.00% 非正
     1  EPS0=-0.0596／ROE0=-1.00% 非正
     1  EPS0=-0.0594／ROE0=-1.00% 非正
     1  EPS0=-0.2671／ROE0=-4.80% 非正
     1  EPS0=-0.2710／ROE0=-4.80% 非正
     1  EPS0=-0.2079／ROE0=-3.62% 非正
     1  EPS0=-0.1073／ROE0=-1.86% 非正
     1  EPS0=-0.0690／ROE0=-1.25% 非正
     1  EPS0=-0.0698／ROE0=-1.25% 非正
     1  EPS0=-0.0697／ROE0=-1.25% 非正
     1  EPS0=-0.0028／ROE0=-0.05% 非正
     1  EPS0=-0.0027／ROE0=-0.05% 非正
     1  EPS0=-0.0142／ROE0=-0.49% 非正
     1  EPS0=-0.0139／ROE0=-0.49% 非正
     1  EPS0=-0.0137／ROE0=-0.49% 非正
     1  EPS0=-0.0134／ROE0=-0.49% 非正
     1  EPS0=-0.0733／ROE0=-2.66% 非正
     1  EPS0=-0.0710／ROE0=-2.66% 非正
     1  EPS0=-0.0703／ROE0=-2.66% 非正
     1  EPS0=-0.2313／ROE0=-4.50% 非正
     1  EPS0=-0.2335／ROE0=-4.50% 非正
     1  EPS0=-0.2342／ROE0=-4.50% 非正
     1  EPS0=-0.0896／ROE0=-1.25% 非正
     1  EPS0=-0.0902／ROE0=-1.25% 非正
     1  EPS0=-0.0906／ROE0=-1.25% 非正
     1  EPS0=-0.0905／ROE0=-1.25% 非正
     1  EPS0=-0.0293／ROE0=-0.26% 非正
     1  EPS0=-0.0295／ROE0=-0.26% 非正
     1  EPS0=-0.2681／ROE0=-8.05% 非正
     1  EPS0=-0.2118／ROE0=-6.57% 非正
     1  EPS0=-0.2488／ROE0=-8.05% 非正
     1  EPS0=-0.0204／ROE0=-0.43% 非正
     1  EPS0=-0.0199／ROE0=-0.43% 非正
     1  EPS0=-0.0197／ROE0=-0.43% 非正
     1  EPS0=-0.0905／ROE0=-2.10% 非正
     1  EPS0=-0.0873／ROE0=-2.10% 非正
     1  EPS0=-0.0836／ROE0=-2.10% 非正
     1  EPS0=-0.0806／ROE0=-2.10% 非正
     1  EPS0=-0.1598／ROE0=-4.36% 非正
     1  EPS0=-0.1574／ROE0=-4.36% 非正
     1  EPS0=-0.1602／ROE0=-4.36% 非正
     1  EPS0=-0.1597／ROE0=-4.36% 非正
     1  EPS0=-0.0240／ROE0=-0.66% 非正
     1  EPS0=-0.0236／ROE0=-0.66% 非正
     1  EPS0=-0.0228／ROE0=-0.66% 非正
     1  EPS0=-0.0677／ROE0=-2.10% 非正
     1  EPS0=-0.0682／ROE0=-2.10% 非正
     1  EPS0=-0.0675／ROE0=-2.10% 非正
     1  EPS0=-0.0659／ROE0=-2.10% 非正
     1  EPS0=-0.1282／ROE0=-4.36% 非正
     1  EPS0=-0.1317／ROE0=-4.36% 非正
     1  EPS0=-0.0715／ROE0=-2.34% 非正
     1  EPS0=-0.2012／ROE0=-19.60% 非正
     1  EPS0=-0.1954／ROE0=-19.60% 非正
     1  EPS0=-0.2060／ROE0=-19.60% 非正
     1  EPS0=-0.2236／ROE0=-19.60% 非正
     1  EPS0=-0.1325／ROE0=-46.68% 非正
     1  EPS0=-0.1030／ROE0=-46.68% 非正
     1  EPS0=-0.0828／ROE0=-46.68% 非正
     1  EPS0=-0.0225／ROE0=-46.68% 非正
     1  EPS0=-0.1237／ROE0=-125.85% 非正
     1  EPS0=-0.0010／ROE0=-125.85% 非正
     1  EPS0=-0.2704／ROE0=-3.03% 非正
     1  EPS0=-0.2611／ROE0=-3.03% 非正
     1  EPS0=-0.2571／ROE0=-3.03% 非正
     1  EPS0=-0.1949／ROE0=-3.03% 非正
     1  EPS0=-0.8221／ROE0=-10.03% 非正
     1  EPS0=-0.8235／ROE0=-10.03% 非正
     1  EPS0=-0.8090／ROE0=-10.03% 非正
     1  EPS0=-0.7859／ROE0=-10.03% 非正
     1  EPS0=-0.3636／ROE0=-4.69% 非正
     1  EPS0=-0.1967／ROE0=-2.51% 非正
     1  EPS0=-0.1196／ROE0=-2.10% 非正
     1  EPS0=-0.1179／ROE0=-2.10% 非正
     1  EPS0=-0.0240／ROE0=-0.42% 非正
     1  EPS0=-0.5880／ROE0=-7.14% 非正
     1  EPS0=-0.5496／ROE0=-7.14% 非正
     1  EPS0=-0.5189／ROE0=-7.14% 非正
     1  EPS0=-0.4845／ROE0=-7.14% 非正
     1  EPS0=-1.1143／ROE0=-17.68% 非正
     1  EPS0=-1.0531／ROE0=-17.68% 非正
     1  EPS0=-0.9623／ROE0=-17.68% 非正
     1  EPS0=-0.8676／ROE0=-17.68% 非正
     1  EPS0=-0.9377／ROE0=-15.25% 非正
     1  EPS0=-0.8726／ROE0=-14.97% 非正
     1  EPS0=-0.7755／ROE0=-13.87% 非正
     1  EPS0=-0.2068／ROE0=-5.78% 非正
     1  EPS0=-0.2087／ROE0=-5.78% 非正
     1  EPS0=-0.1924／ROE0=-5.78% 非正
     1  EPS0=-0.1753／ROE0=-5.78% 非正
     1  EPS0=-0.3769／ROE0=-14.44% 非正
     1  EPS0=-0.3881／ROE0=-14.44% 非正
     1  EPS0=-0.3904／ROE0=-14.44% 非正
     1  EPS0=-0.2250／ROE0=-4.52% 非正
     1  EPS0=-0.2222／ROE0=-4.52% 非正
     1  EPS0=-0.2185／ROE0=-4.52% 非正
     1  EPS0=-0.2150／ROE0=-4.52% 非正
     1  EPS0=-0.5699／ROE0=-13.38% 非正
     1  EPS0=-0.5650／ROE0=-13.38% 非正
     1  EPS0=-0.5589／ROE0=-13.38% 非正
     1  EPS0=-0.5520／ROE0=-13.38% 非正
     1  EPS0=-0.0512／ROE0=-1.31% 非正
     1  EPS0=-0.0742／ROE0=-1.93% 非正
     1  EPS0=-0.4337／ROE0=-12.61% 非正
     1  EPS0=-0.4243／ROE0=-12.61% 非正
     1  EPS0=-0.4232／ROE0=-12.61% 非正
     1  EPS0=-0.4082／ROE0=-12.61% 非正
     1  EPS0=-0.3838／ROE0=-12.67% 非正
     1  EPS0=-0.3596／ROE0=-12.67% 非正
     1  EPS0=-0.3453／ROE0=-12.67% 非正
     1  EPS0=-0.3336／ROE0=-12.67% 非正
     1  EPS0=-2.4665／ROE0=-10.77% 非正
     1  股权价值 -0.13 ≤ 0
     1  EPS0=-0.3477／ROE0=-11.21% 非正
     1  EPS0=-0.3538／ROE0=-11.21% 非正
     1  EPS0=-0.3560／ROE0=-11.21% 非正
     1  EPS0=-0.3632／ROE0=-11.21% 非正
     1  EPS0=-0.0347／ROE0=-0.55% 非正
     1  EPS0=-0.0341／ROE0=-0.55% 非正
     1  EPS0=-0.0343／ROE0=-0.55% 非正
     1  EPS0=-0.0340／ROE0=-0.55% 非正
     1  EPS0=-0.0612／ROE0=-0.65% 非正
     1  EPS0=-0.0616／ROE0=-0.65% 非正
     1  EPS0=-0.0600／ROE0=-0.65% 非正
     1  EPS0=-0.0596／ROE0=-0.65% 非正
     1  EPS0=-0.1314／ROE0=-1.88% 非正
     1  EPS0=-0.1296／ROE0=-1.88% 非正
     1  EPS0=-0.1171／ROE0=-1.88% 非正
     1  EPS0=-0.1152／ROE0=-1.88% 非正
     1  EPS0=-0.7012／ROE0=-14.20% 非正
     1  EPS0=-0.7244／ROE0=-14.20% 非正
     1  EPS0=-0.6793／ROE0=-14.20% 非正
     1  EPS0=-0.7038／ROE0=-14.20% 非正
     1  EPS0=-0.7197／ROE0=-17.46% 非正
     1  EPS0=-0.6306／ROE0=-14.60% 非正
     1  EPS0=-0.2397／ROE0=-5.66% 非正
     1  EPS0=-0.7022／ROE0=-17.46% 非正
     1  EPS0=-0.6684／ROE0=-19.81% 非正
     1  EPS0=-0.6564／ROE0=-19.81% 非正
     1  EPS0=-0.6037／ROE0=-19.81% 非正
     1  EPS0=-0.2842／ROE0=-2.39% 非正
     1  EPS0=-0.2841／ROE0=-2.39% 非正
     1  EPS0=-0.2806／ROE0=-2.39% 非正
     1  EPS0=-0.2793／ROE0=-2.39% 非正
     1  EPS0=-0.9561／ROE0=-9.51% 非正
     1  EPS0=-0.9598／ROE0=-9.51% 非正
     1  EPS0=-0.9601／ROE0=-9.51% 非正
     1  EPS0=-0.1079／ROE0=-1.80% 非正
     1  EPS0=-0.1084／ROE0=-1.80% 非正
     1  EPS0=-0.0135／ROE0=-0.22% 非正
     1  EPS0=-0.1893／ROE0=-1.28% 非正
     1  EPS0=-0.1853／ROE0=-1.28% 非正
     1  EPS0=-0.1760／ROE0=-1.28% 非正
     1  EPS0=-0.0118／ROE0=-0.06% 非正
     1  EPS0=-0.0115／ROE0=-0.06% 非正
     1  EPS0=-0.0113／ROE0=-0.06% 非正
     1  EPS0=-0.0110／ROE0=-0.06% 非正
     1  EPS0=-1.1742／ROE0=-7.32% 非正
     1  EPS0=-1.1479／ROE0=-7.32% 非正
     1  EPS0=-1.1192／ROE0=-7.32% 非正
     1  EPS0=-1.0738／ROE0=-7.32% 非正
     1  EPS0=-1.8434／ROE0=-13.70% 非正
     1  EPS0=-1.7942／ROE0=-13.70% 非正
     1  EPS0=-1.7519／ROE0=-13.70% 非正
     1  EPS0=-1.6830／ROE0=-13.70% 非正
     1  EPS0=-1.8346／ROE0=-16.37% 非正
     1  EPS0=-1.8234／ROE0=-16.37% 非正
     1  EPS0=-1.7873／ROE0=-16.37% 非正
     1  EPS0=-0.1377／ROE0=-7.87% 非正
     1  EPS0=-0.1425／ROE0=-7.87% 非正
     1  EPS0=-0.1382／ROE0=-7.87% 非正
     1  EPS0=-0.1355／ROE0=-7.87% 非正
     1  EPS0=-0.2636／ROE0=-25.55% 非正
     1  EPS0=-0.2450／ROE0=-25.55% 非正
     1  EPS0=-0.1910／ROE0=-25.55% 非正
     1  EPS0=-0.0662／ROE0=-0.77% 非正
     1  EPS0=-0.0651／ROE0=-0.77% 非正
     1  EPS0=-0.0633／ROE0=-0.77% 非正
     1  EPS0=-0.0613／ROE0=-0.77% 非正
     1  EPS0=-0.8821／ROE0=-13.84% 非正
     1  EPS0=-0.8686／ROE0=-13.84% 非正
     1  EPS0=-0.8182／ROE0=-13.84% 非正
     1  EPS0=-0.7887／ROE0=-13.84% 非正
     1  EPS0=-0.9245／ROE0=-17.38% 非正
     1  EPS0=-0.9121／ROE0=-17.38% 非正
     1  EPS0=-0.8482／ROE0=-17.38% 非正
     1  EPS0=-0.0179／ROE0=-0.33% 非正
     1  EPS0=-0.0177／ROE0=-0.33% 非正
     1  EPS0=-0.0167／ROE0=-0.33% 非正
     1  EPS0=-0.0169／ROE0=-0.33% 非正
     1  EPS0=-0.0364／ROE0=-0.71% 非正
     1  EPS0=-0.0357／ROE0=-0.71% 非正
     1  EPS0=-0.0852／ROE0=-3.35% 非正
     1  EPS0=-0.0857／ROE0=-3.35% 非正
     1  EPS0=-0.0854／ROE0=-3.35% 非正
     1  EPS0=-0.1116／ROE0=-0.85% 非正
     1  EPS0=-0.1091／ROE0=-0.85% 非正
     1  EPS0=-0.1063／ROE0=-0.85% 非正
     1  EPS0=-0.4105／ROE0=-5.34% 非正
     1  EPS0=-0.4076／ROE0=-5.34% 非正
     1  EPS0=-0.3992／ROE0=-5.34% 非正
     1  EPS0=-0.0418／ROE0=-0.56% 非正
     1  EPS0=-0.2217／ROE0=-3.05% 非正
     1  EPS0=-0.3103／ROE0=-4.33% 非正
     1  EPS0=-0.3141／ROE0=-4.49% 非正
     1  EPS0=-0.1087／ROE0=-2.04% 非正
     1  EPS0=-0.1070／ROE0=-2.04% 非正
     1  EPS0=-0.1045／ROE0=-2.04% 非正
     1  EPS0=-0.1862／ROE0=-1.63% 非正
     1  EPS0=-0.1854／ROE0=-1.63% 非正
     1  EPS0=-0.1833／ROE0=-1.63% 非正
     1  EPS0=-0.1806／ROE0=-1.63% 非正
     1  EPS0=-0.4151／ROE0=-3.80% 非正
     1  EPS0=-0.4106／ROE0=-3.80% 非正
     1  EPS0=-0.4072／ROE0=-3.80% 非正
     1  EPS0=-0.4062／ROE0=-3.80% 非正
     1  EPS0=-0.3538／ROE0=-3.35% 非正
     1  EPS0=-0.3486／ROE0=-3.35% 非正
     1  EPS0=-0.3424／ROE0=-3.35% 非正
     1  EPS0=-0.3405／ROE0=-1.85% 非正
     1  EPS0=-0.3372／ROE0=-1.85% 非正
     1  EPS0=-0.3320／ROE0=-1.85% 非正
     1  EPS0=-0.3279／ROE0=-1.85% 非正
     1  EPS0=-0.8729／ROE0=-5.13% 非正
     1  EPS0=-0.8738／ROE0=-5.13% 非正
     1  EPS0=-0.8481／ROE0=-5.13% 非正
     1  EPS0=-0.8463／ROE0=-5.13% 非正
     1  EPS0=-0.9051／ROE0=-5.61% 非正
     1  EPS0=-0.8905／ROE0=-5.61% 非正
     1  EPS0=-0.8772／ROE0=-5.61% 非正
     1  EPS0=-1.1553／ROE0=-31.76% 非正
     1  EPS0=-1.1748／ROE0=-31.76% 非正
     1  EPS0=-1.1967／ROE0=-31.76% 非正
     1  EPS0=-1.2337／ROE0=-31.76% 非正
     1  EPS0=-0.3030／ROE0=-1.49% 非正
     1  EPS0=-0.3000／ROE0=-1.49% 非正
     1  EPS0=-0.2953／ROE0=-1.49% 非正
     1  EPS0=-0.2884／ROE0=-1.49% 非正
     1  EPS0=-0.9587／ROE0=-5.11% 非正
     1  EPS0=-0.9323／ROE0=-5.11% 非正
     1  EPS0=-0.9362／ROE0=-5.11% 非正
     1  EPS0=-0.9237／ROE0=-5.11% 非正
     1  EPS0=-0.6299／ROE0=-2.00% 非正
     1  EPS0=-0.6809／ROE0=-17.19% 非正
     1  EPS0=-0.6480／ROE0=-17.19% 非正
     1  EPS0=-0.6608／ROE0=-17.19% 非正
     1  EPS0=-0.0983／ROE0=-1.13% 非正
     1  EPS0=-3.8434／ROE0=-59.09% 非正
     1  EPS0=-2.0581／ROE0=-30.17% 非正
     1  EPS0=-1.9082／ROE0=-38.19% 非正
     1  EPS0=-1.6541／ROE0=-38.19% 非正
     1  EPS0=-5.3712／ROE0=-37.93% 非正
     1  EPS0=-0.0299／ROE0=-0.31% 非正
     1  EPS0=-0.8643／ROE0=-7.24% 非正
     1  EPS0=-1.0801／ROE0=-9.64% 非正
     1  EPS0=-1.2592／ROE0=-12.16% 非正
     1  EPS0=-1.7504／ROE0=-18.40% 非正
     1  EPS0=-2.1794／ROE0=-23.97% 非正
     1  EPS0=-2.2759／ROE0=-27.09% 非正
     1  EPS0=-1.8471／ROE0=-23.35% 非正
     1  EPS0=-1.5838／ROE0=-21.61% 非正
     1  EPS0=-1.6163／ROE0=-22.70% 非正
     1  EPS0=-1.3553／ROE0=-20.36% 非正
     1  EPS0=-1.4252／ROE0=-23.04% 非正
     1  EPS0=-0.6218／ROE0=-9.53% 非正
     1  EPS0=-0.6067／ROE0=-9.53% 非正
     1  EPS0=-0.5865／ROE0=-9.53% 非正
     1  EPS0=-0.5592／ROE0=-9.53% 非正
     1  EPS0=-0.9702／ROE0=-38.65% 非正
     1  EPS0=-0.9119／ROE0=-38.65% 非正
     1  EPS0=-0.8589／ROE0=-38.65% 非正
     1  EPS0=-0.1788／ROE0=-3.36% 非正
     1  EPS0=-0.1800／ROE0=-3.36% 非正
     1  EPS0=-0.1808／ROE0=-3.36% 非正
     1  EPS0=-0.1793／ROE0=-3.36% 非正
     1  EPS0=-0.4223／ROE0=-3.79% 非正
     1  EPS0=-0.4144／ROE0=-3.79% 非正
     1  EPS0=-0.4080／ROE0=-3.79% 非正
     1  EPS0=-0.3986／ROE0=-3.79% 非正
     1  EPS0=-0.8573／ROE0=-8.30% 非正
     1  EPS0=-0.7188／ROE0=-7.04% 非正
     1  EPS0=-0.3014／ROE0=-2.94% 非正
     1  EPS0=-0.1049／ROE0=-1.04% 非正
     1  EPS0=-0.7824／ROE0=-8.20% 非正
     1  EPS0=-0.7819／ROE0=-8.32% 非正
     1  EPS0=-0.7692／ROE0=-8.32% 非正
     1  EPS0=-0.7381／ROE0=-13.40% 非正
     1  EPS0=-0.4912／ROE0=-2.90% 非正
     1  EPS0=-0.4866／ROE0=-2.88% 非正
     1  EPS0=-0.0476／ROE0=-0.28% 非正
     1  EPS0=-0.0712／ROE0=-0.95% 非正
     1  EPS0=-0.6879／ROE0=-5.17% 非正
     1  EPS0=-0.6683／ROE0=-5.17% 非正
     1  EPS0=-0.6476／ROE0=-5.17% 非正
     1  EPS0=-0.6280／ROE0=-5.17% 非正
     1  EPS0=-1.8806／ROE0=-17.69% 非正
     1  EPS0=-1.8592／ROE0=-17.69% 非正
     1  EPS0=-1.8132／ROE0=-17.69% 非正
     1  EPS0=-1.7272／ROE0=-16.89% 非正
     1  EPS0=-1.0415／ROE0=-11.19% 非正
     1  EPS0=-1.1521／ROE0=-12.61% 非正
     1  EPS0=-1.3674／ROE0=-15.57% 非正
     1  EPS0=-1.3145／ROE0=-15.57% 非正
     1  EPS0=-1.4185／ROE0=-18.31% 非正
     1  EPS0=-1.3705／ROE0=-18.31% 非正
     1  EPS0=-1.2828／ROE0=-18.31% 非正
     1  EPS0=-0.0559／ROE0=-4.56% 非正
     1  EPS0=-0.0549／ROE0=-4.56% 非正
     1  EPS0=-0.0533／ROE0=-4.56% 非正
     1  EPS0=-0.1566／ROE0=-1.68% 非正
     1  EPS0=-0.1497／ROE0=-1.68% 非正
     1  EPS0=-0.1413／ROE0=-1.68% 非正
     1  EPS0=-0.1357／ROE0=-1.68% 非正
     1  EPS0=-0.6103／ROE0=-7.29% 非正
     1  EPS0=-0.5764／ROE0=-7.29% 非正
     1  EPS0=-0.5526／ROE0=-7.29% 非正
     1  EPS0=-0.1251／ROE0=-0.83% 非正
     1  EPS0=-0.1242／ROE0=-0.83% 非正
     1  EPS0=-0.1239／ROE0=-0.83% 非正
     1  EPS0=-0.1238／ROE0=-0.83% 非正
     1  EPS0=-0.1549／ROE0=-1.04% 非正
     1  EPS0=-0.2459／ROE0=-1.67% 非正
     1  EPS0=-0.2434／ROE0=-1.67% 非正
     1  EPS0=-1.1710／ROE0=-34.72% 非正
     1  EPS0=-0.0717／ROE0=-4.88% 非正
     1  EPS0=-0.1620／ROE0=-1.98% 非正
     1  EPS0=-0.2044／ROE0=-2.64% 非正
     1  EPS0=-0.4077／ROE0=-5.76% 非正
     1  EPS0=-2.0962／ROE0=-32.42% 非正
     1  EPS0=-2.0683／ROE0=-34.76% 非正
     1  EPS0=-1.9615／ROE0=-36.66% 非正
     1  EPS0=-1.7326／ROE0=-36.66% 非正
     1  EPS0=-1.7597／ROE0=-44.82% 非正
     1  EPS0=-1.4328／ROE0=-44.82% 非正
     1  EPS0=-1.1419／ROE0=-44.82% 非正
     1  EPS0=-0.8537／ROE0=-44.82% 非正
     1  EPS0=-0.4981／ROE0=-56.95% 非正
     1  EPS0=-0.1527／ROE0=-56.95% 非正
     1  EPS0=-0.0557／ROE0=-56.95% 非正
     1  EPS0=-0.9342／ROE0=-31.06% 非正
     1  EPS0=-0.7979／ROE0=-31.06% 非正
     1  EPS0=-0.6400／ROE0=-31.06% 非正
     1  EPS0=-0.4987／ROE0=-31.06% 非正
     1  EPS0=-0.4144／ROE0=-5.99% 非正
     1  EPS0=-0.3944／ROE0=-5.99% 非正
     1  EPS0=-0.3779／ROE0=-5.99% 非正
     1  EPS0=-0.3776／ROE0=-5.99% 非正
     1  EPS0=-0.3920／ROE0=-6.03% 非正
     1  EPS0=-0.3807／ROE0=-6.15% 非正
     1  EPS0=-0.0527／ROE0=-0.87% 非正
     1  EPS0=-0.1935／ROE0=-2.15% 非正
     1  EPS0=-0.1129／ROE0=-3.38% 非正
     1  EPS0=-0.1115／ROE0=-3.38% 非正
     1  EPS0=-0.1085／ROE0=-3.38% 非正
     1  EPS0=-0.1058／ROE0=-3.38% 非正
     1  EPS0=-0.2573／ROE0=-8.28% 非正
     1  EPS0=-0.2487／ROE0=-8.28% 非正
     1  EPS0=-0.2389／ROE0=-8.28% 非正
     1  EPS0=-0.5748／ROE0=-15.11% 非正
     1  EPS0=-0.4020／ROE0=-10.65% 非正
     1  EPS0=-0.5282／ROE0=-15.11% 非正
     1  EPS0=-0.1041／ROE0=-0.51% 非正
     1  EPS0=-0.1040／ROE0=-0.51% 非正
     1  EPS0=-0.1029／ROE0=-0.51% 非正
     1  EPS0=-0.2100／ROE0=-6.28% 非正
     1  EPS0=-0.2051／ROE0=-6.28% 非正
     1  EPS0=-0.2282／ROE0=-7.43% 非正
     1  EPS0=-0.2165／ROE0=-7.43% 非正
     1  EPS0=-0.1834／ROE0=-0.65% 非正
     1  EPS0=-0.1826／ROE0=-0.65% 非正
     1  EPS0=-0.1761／ROE0=-5.00% 非正
     1  EPS0=-0.1751／ROE0=-5.00% 非正
     1  EPS0=-0.1765／ROE0=-5.00% 非正
     1  EPS0=-0.0138／ROE0=-0.41% 非正
     1  EPS0=-0.0181／ROE0=-1.96% 非正
     1  EPS0=-0.0180／ROE0=-1.96% 非正
     1  EPS0=-0.1769／ROE0=-4.69% 非正
     1  EPS0=-0.1074／ROE0=-2.77% 非正
     1  EPS0=-0.0351／ROE0=-0.89% 非正
     1  EPS0=-0.0747／ROE0=-1.96% 非正
     1  EPS0=-0.0719／ROE0=-1.96% 非正
     1  EPS0=-0.1691／ROE0=-4.69% 非正
     1  EPS0=-0.1626／ROE0=-4.69% 非正
     1  EPS0=-0.1548／ROE0=-4.69% 非正
     1  EPS0=-0.1506／ROE0=-4.69% 非正
     1  EPS0=-0.2250／ROE0=-7.42% 非正
     1  EPS0=-0.2138／ROE0=-7.42% 非正
     1  EPS0=-0.1986／ROE0=-7.42% 非正
     1  EPS0=-0.1896／ROE0=-7.42% 非正
     1  EPS0=-0.2296／ROE0=-9.75% 非正
     1  EPS0=-0.2197／ROE0=-9.75% 非正
     1  EPS0=-0.2115／ROE0=-9.75% 非正
     1  EPS0=-0.1891／ROE0=-9.15% 非正
     1  EPS0=-0.1855／ROE0=-9.15% 非正
     1  EPS0=-0.1825／ROE0=-9.15% 非正
     1  EPS0=-0.1797／ROE0=-9.15% 非正
     1  EPS0=-0.1663／ROE0=-13.03% 非正
     1  EPS0=-0.1656／ROE0=-13.03% 非正
     1  EPS0=-0.1553／ROE0=-13.03% 非正
     1  EPS0=-0.4280／ROE0=-5.43% 非正
     1  EPS0=-0.5655／ROE0=-2.98% 非正
     1  EPS0=-0.5532／ROE0=-2.98% 非正
     1  EPS0=-0.5579／ROE0=-2.98% 非正
     1  EPS0=-0.5568／ROE0=-2.98% 非正
     1  EPS0=-0.5152／ROE0=-2.86% 非正
     1  EPS0=-0.2380／ROE0=-1.34% 非正
     1  EPS0=-0.5043／ROE0=-2.86% 非正
     1  EPS0=-0.4155／ROE0=-1.87% 非正
     1  EPS0=-0.4084／ROE0=-1.87% 非正
     1  EPS0=-0.4114／ROE0=-1.87% 非正
     1  EPS0=-0.0776／ROE0=-1.73% 非正
     1  EPS0=-0.0762／ROE0=-1.73% 非正
     1  EPS0=-0.0753／ROE0=-1.73% 非正
     1  EPS0=-0.0736／ROE0=-1.73% 非正
     1  EPS0=-0.2946／ROE0=-5.75% 非正
     1  EPS0=-0.2847／ROE0=-5.75% 非正
     1  EPS0=-0.2325／ROE0=-5.75% 非正
     1  EPS0=-3.3139／ROE0=-97.42% 非正
     1  EPS0=-0.1995／ROE0=-2.46% 非正
     1  EPS0=-0.1925／ROE0=-2.46% 非正
     1  EPS0=-0.1826／ROE0=-2.46% 非正
     1  EPS0=-0.2534／ROE0=-3.10% 非正
     1  EPS0=-0.2561／ROE0=-3.10% 非正
     1  EPS0=-0.6726／ROE0=-14.54% 非正
     1  EPS0=-0.6357／ROE0=-14.54% 非正
     1  EPS0=-0.5766／ROE0=-14.54% 非正
     1  EPS0=-0.5230／ROE0=-14.54% 非正
     1  EPS0=-0.9444／ROE0=-27.89% 非正
     1  EPS0=-0.7726／ROE0=-27.89% 非正
     1  EPS0=-0.6209／ROE0=-27.89% 非正
     1  EPS0=-0.6811／ROE0=-32.49% 非正
     1  EPS0=-0.1750／ROE0=-10.13% 非正
     1  EPS0=-0.1764／ROE0=-10.13% 非正
     1  EPS0=-0.1619／ROE0=-10.13% 非正
     1  EPS0=-0.1515／ROE0=-10.13% 非正
     1  EPS0=-0.2158／ROE0=-27.75% 非正
     1  EPS0=-0.1884／ROE0=-27.75% 非正
     1  EPS0=-0.1336／ROE0=-27.75% 非正
     1  EPS0=-0.1491／ROE0=-27.75% 非正
     1  EPS0=-0.2738／ROE0=-17.59% 非正
     1  EPS0=-0.2764／ROE0=-17.59% 非正
     1  EPS0=-0.0692／ROE0=-2.27% 非正
     1  EPS0=-0.0258／ROE0=-0.83% 非正
     1  EPS0=-0.0200／ROE0=-0.25% 非正
     1  EPS0=-0.0199／ROE0=-0.25% 非正
     1  EPS0=-0.2614／ROE0=-3.45% 非正
     1  EPS0=-0.2652／ROE0=-3.45% 非正
     1  EPS0=-0.2645／ROE0=-3.45% 非正
     1  EPS0=-0.1679／ROE0=-2.18% 非正
     1  EPS0=-0.1611／ROE0=-2.18% 非正
     1  EPS0=-0.1517／ROE0=-2.18% 非正
     1  EPS0=-0.1419／ROE0=-2.18% 非正
     1  EPS0=-0.6231／ROE0=-9.77% 非正
     1  EPS0=-0.5903／ROE0=-9.77% 非正
     1  EPS0=-0.5629／ROE0=-9.77% 非正
     1  EPS0=-0.5421／ROE0=-9.77% 非正
     1  EPS0=-0.6879／ROE0=-10.50% 非正
     1  EPS0=-0.6658／ROE0=-10.50% 非正
     1  EPS0=-0.6440／ROE0=-10.50% 非正
     1  EPS0=-0.6216／ROE0=-10.50% 非正
     1  EPS0=-0.7108／ROE0=-12.24% 非正
     1  EPS0=-0.5965／ROE0=-10.52% 非正
     1  EPS0=-0.4231／ROE0=-7.60% 非正
     1  EPS0=-0.2807／ROE0=-5.16% 非正
     1  EPS0=-0.3658／ROE0=-6.92% 非正
     1  EPS0=-0.3071／ROE0=-5.92% 非正
     1  EPS0=-0.0510／ROE0=-1.00% 非正
     1  EPS0=-0.1022／ROE0=-2.49% 非正
     1  EPS0=-0.1093／ROE0=-2.73% 非正
     1  EPS0=-0.1077／ROE0=-2.73% 非正
     1  EPS0=-0.1065／ROE0=-2.73% 非正
     1  EPS0=-0.1819／ROE0=-4.50% 非正
     1  EPS0=-0.1803／ROE0=-4.50% 非正
     1  EPS0=-0.1762／ROE0=-4.50% 非正
     1  EPS0=-0.1733／ROE0=-4.50% 非正
     1  EPS0=-0.1618／ROE0=-4.50% 非正
     1  EPS0=-0.1589／ROE0=-4.50% 非正
     1  EPS0=-0.1558／ROE0=-4.50% 非正
     1  EPS0=-0.1540／ROE0=-4.50% 非正
     1  EPS0=-0.3187／ROE0=-9.50% 非正
     1  EPS0=-0.3114／ROE0=-9.50% 非正
     1  EPS0=-0.2798／ROE0=-8.62% 非正
     1  EPS0=-0.1926／ROE0=-5.92% 非正
     1  EPS0=-0.0591／ROE0=-1.82% 非正
     1  EPS0=-0.2846／ROE0=-9.21% 非正
     1  EPS0=-0.2727／ROE0=-9.21% 非正
     1  EPS0=-0.2579／ROE0=-9.21% 非正
     1  EPS0=-0.2494／ROE0=-9.21% 非正
     1  EPS0=-0.4357／ROE0=-18.67% 非正
     1  EPS0=-0.4322／ROE0=-18.67% 非正
     1  EPS0=-0.4154／ROE0=-18.67% 非正
     1  EPS0=-0.2647／ROE0=-3.81% 非正
     1  EPS0=-0.2806／ROE0=-3.81% 非正
     1  EPS0=-0.4422／ROE0=-3.03% 非正
     1  EPS0=-0.4229／ROE0=-3.03% 非正
     1  EPS0=-0.3991／ROE0=-3.03% 非正
     1  EPS0=-0.3907／ROE0=-3.03% 非正
     1  EPS0=-1.0292／ROE0=-8.03% 非正
     1  EPS0=-1.0418／ROE0=-8.03% 非正
     1  EPS0=-0.5053／ROE0=-5.65% 非正
     1  EPS0=-0.4382／ROE0=-38.60% 非正
     1  EPS0=-0.4586／ROE0=-38.60% 非正
     1  EPS0=-0.2011／ROE0=-16.40% 非正
     1  EPS0=-0.2594／ROE0=-5.96% 非正
     1  EPS0=-0.4707／ROE0=-11.24% 非正
     1  EPS0=-0.4496／ROE0=-11.24% 非正
     1  EPS0=-0.6340／ROE0=-17.59% 非正
     1  EPS0=-0.5518／ROE0=-15.61% 非正
     1  EPS0=-0.3452／ROE0=-9.89% 非正
     1  EPS0=-0.1736／ROE0=-5.09% 非正
     1  EPS0=-0.1045／ROE0=-3.02% 非正
     1  EPS0=-0.0201／ROE0=-0.59% 非正
     1  EPS0=-0.0502／ROE0=-1.49% 非正
     1  EPS0=-1.1400／ROE0=-65.02% 非正
     1  EPS0=-1.9327／ROE0=-130.68% 非正
     1  EPS0=-1.8017／ROE0=-130.68% 非正
     1  EPS0=-0.0926／ROE0=-2.68% 非正
     1  EPS0=-0.1409／ROE0=-4.26% 非正
     1  EPS0=-0.1185／ROE0=-3.74% 非正
     1  EPS0=-0.1604／ROE0=-5.32% 非正
     1  EPS0=-0.5209／ROE0=-18.88% 非正
     1  EPS0=-0.6404／ROE0=-25.01% 非正
     1  EPS0=-0.6555／ROE0=-28.06% 非正
     1  EPS0=-1.9607／ROE0=-110.08% 非正
     1  EPS0=-0.4464／ROE0=-11.50% 非正
     1  EPS0=-0.6791／ROE0=-19.20% 非正
     1  EPS0=-0.9441／ROE0=-28.88% 非正
     1  EPS0=-1.1657／ROE0=-39.40% 非正
     1  EPS0=-0.8194／ROE0=-27.98% 非正
     1  EPS0=-0.7393／ROE0=-27.98% 非正
     1  EPS0=-0.6599／ROE0=-27.98% 非正
     1  EPS0=-0.5733／ROE0=-27.98% 非正
     1  EPS0=-0.6949／ROE0=-40.63% 非正
     1  EPS0=-0.6035／ROE0=-40.63% 非正
     1  EPS0=-0.5725／ROE0=-40.63% 非正
     1  EPS0=-0.4756／ROE0=-40.63% 非正
     1  EPS0=-0.4839／ROE0=-53.29% 非正
     1  EPS0=-0.2889／ROE0=-53.29% 非正
     1  EPS0=-0.1603／ROE0=-53.29% 非正
     1  EPS0=-0.9388／ROE0=-8.70% 非正
     1  EPS0=-0.9504／ROE0=-8.70% 非正
     1  EPS0=-0.9404／ROE0=-8.70% 非正
     1  EPS0=-0.2978／ROE0=-10.83% 非正
     1  EPS0=-0.1805／ROE0=-10.83% 非正
     1  EPS0=-0.3169／ROE0=-15.46% 非正
     1  EPS0=-0.2478／ROE0=-15.76% 非正
     1  EPS0=-0.3682／ROE0=-19.28% 非正
     1  EPS0=-0.3344／ROE0=-19.28% 非正
     1  EPS0=-0.2755／ROE0=-19.28% 非正
     1  EPS0=-0.2154／ROE0=-19.28% 非正
     1  EPS0=-1.7683／ROE0=-40.55% 非正
     1  EPS0=-1.1737／ROE0=-40.55% 非正
     1  EPS0=-1.1935／ROE0=-40.55% 非正
     1  EPS0=-1.1205／ROE0=-40.55% 非正
     1  EPS0=-0.7683／ROE0=-20.23% 非正
     1  EPS0=-0.6125／ROE0=-20.23% 非正
     1  EPS0=-0.4641／ROE0=-20.23% 非正
     1  EPS0=-1.4297／ROE0=-21.40% 非正
     1  EPS0=-1.5280／ROE0=-21.40% 非正
     1  EPS0=-1.1197／ROE0=-16.74% 非正
     1  EPS0=-0.4986／ROE0=-8.71% 非正
     1  EPS0=-0.1300／ROE0=-1.49% 非正
     1  EPS0=-1.6747／ROE0=-20.23% 非正
     1  EPS0=-1.5574／ROE0=-20.23% 非正
     1  EPS0=-1.4023／ROE0=-20.23% 非正
     1  EPS0=-2.1787／ROE0=-22.58% 非正
     1  EPS0=-2.0451／ROE0=-22.58% 非正
     1  EPS0=-1.9335／ROE0=-22.58% 非正
     1  EPS0=-1.8329／ROE0=-22.58% 非正
     1  EPS0=-1.8718／ROE0=-25.80% 非正
     1  EPS0=-1.7474／ROE0=-25.08% 非正
     1  EPS0=-1.6948／ROE0=-25.68% 非正
     1  EPS0=-1.5632／ROE0=-24.76% 非正
     1  EPS0=-0.8098／ROE0=-13.62% 非正
     1  EPS0=-0.7830／ROE0=-13.72% 非正
     1  EPS0=-0.5062／ROE0=-9.16% 非正
     1  EPS0=-0.3173／ROE0=-5.94% 非正
     1  EPS0=-0.2126／ROE0=-3.62% 非正
     1  EPS0=-1.5246／ROE0=-13.76% 非正
     1  EPS0=-1.4228／ROE0=-13.76% 非正
     1  EPS0=-1.3873／ROE0=-13.76% 非正
     1  EPS0=-1.3479／ROE0=-13.76% 非正
     1  EPS0=-2.0932／ROE0=-31.56% 非正
     1  EPS0=-2.1329／ROE0=-31.56% 非正
     1  EPS0=-2.1819／ROE0=-31.56% 非正
     1  EPS0=-0.7781／ROE0=-24.93% 非正
     1  EPS0=-0.4939／ROE0=-24.93% 非正
     1  EPS0=-0.3874／ROE0=-5.87% 非正
     1  EPS0=-0.5110／ROE0=-8.37% 非正
     1  EPS0=-0.4360／ROE0=-8.28% 非正
     1  EPS0=-3.3096／ROE0=-13.49% 非正
     1  EPS0=-2.6406／ROE0=-10.79% 非正
     1  EPS0=-3.1252／ROE0=-11.46% 非正
     1  EPS0=-3.5412／ROE0=-13.26% 非正
     1  EPS0=-3.1646／ROE0=-13.26% 非正
     1  EPS0=-3.0875／ROE0=-13.26% 非正
     1  EPS0=-2.8510／ROE0=-13.37% 非正
     1  EPS0=-2.7588／ROE0=-13.37% 非正
     1  EPS0=-2.7288／ROE0=-13.37% 非正
     1  EPS0=-2.6753／ROE0=-13.11% 非正
     1  EPS0=-0.3214／ROE0=-1.62% 非正
     1  EPS0=-0.0399／ROE0=-0.59% 非正
     1  EPS0=-0.0402／ROE0=-0.59% 非正
     1  EPS0=-0.0291／ROE0=-0.59% 非正
     1  EPS0=-0.0285／ROE0=-0.59% 非正
     1  EPS0=-0.0294／ROE0=-0.62% 非正
     1  EPS0=-0.1259／ROE0=-2.64% 非正
     1  EPS0=-0.1195／ROE0=-2.64% 非正
     1  EPS0=-0.4747／ROE0=-13.91% 非正
     1  EPS0=-0.4706／ROE0=-13.91% 非正
     1  EPS0=-0.4544／ROE0=-13.91% 非正
     1  EPS0=-0.4399／ROE0=-13.91% 非正
     1  EPS0=-0.0465／ROE0=-1.63% 非正
     1  EPS0=-0.0458／ROE0=-1.63% 非正
     1  EPS0=-0.0443／ROE0=-1.63% 非正
     1  EPS0=-2.6541／ROE0=-88.56% 非正
     1  EPS0=-1.9194／ROE0=-88.56% 非正
     1  EPS0=-0.1473／ROE0=-8.66% 非正
     1  EPS0=-5.2025／ROE0=-85.38% 非正
     1  EPS0=-2.6778／ROE0=-52.14% 非正
     1  EPS0=-0.9886／ROE0=-23.76% 非正
     1  EPS0=-0.5960／ROE0=-19.56% 非正
     1  EPS0=-1.2253／ROE0=-54.00% 非正
     1  EPS0=-1.7508／ROE0=-84.21% 非正
     1  EPS0=-1.3099／ROE0=-85.69% 非正
     1  EPS0=-1.0563／ROE0=-85.69% 非正
     1  EPS0=-0.6066／ROE0=-85.69% 非正
     1  EPS0=-0.4010／ROE0=-86.44% 非正
     1  EPS0=-0.0019／ROE0=-86.44% 非正
     1  EPS0=-0.1528／ROE0=-86.44% 非正
     1  EPS0=-0.1355／ROE0=-86.44% 非正
     1  EPS0=-1.7491／ROE0=-62.34% 非正
     1  EPS0=-1.2115／ROE0=-92.29% 非正
     1  EPS0=-0.6298／ROE0=-92.29% 非正
     1  EPS0=-0.0194／ROE0=-144.11% 非正
     1  EPS0=-0.6281／ROE0=-144.11% 非正
     1  EPS0=-0.2351／ROE0=-55.45% 非正
     1  EPS0=-1.0209／ROE0=-7.09% 非正
     1  EPS0=-0.9389／ROE0=-6.47% 非正
     1  EPS0=-0.4360／ROE0=-2.95% 非正
     1  EPS0=-2.1403／ROE0=-61.18% 非正
     1  EPS0=-0.1359／ROE0=-1.64% 非正
     1  EPS0=-0.6023／ROE0=-7.66% 非正
     1  EPS0=-0.7455／ROE0=-9.70% 非正
     1  EPS0=-0.6580／ROE0=-8.72% 非正
     1  EPS0=-0.5988／ROE0=-8.14% 非正
     1  EPS0=-0.6021／ROE0=-8.38% 非正
     1  EPS0=-0.5888／ROE0=-8.38% 非正
     1  EPS0=-0.6242／ROE0=-9.16% 非正
     1  NOPAT=-52639549.949999996: 息税前利润非正，按现金折现无意义，按 §6.5.2.4 判无法估值
     1  EPS0=-0.1288／ROE0=-0.48% 非正
     1  EPS0=-0.1278／ROE0=-0.48% 非正
     1  EPS0=-0.1265／ROE0=-0.48% 非正
     1  EPS0=-0.1220／ROE0=-0.48% 非正
     1  EPS0=-0.6523／ROE0=-2.46% 非正
     1  EPS0=-0.0893／ROE0=-1.80% 非正
     1  EPS0=-0.6332／ROE0=-11.63% 非正
     1  EPS0=-0.1475／ROE0=-2.73% 非正
     1  EPS0=-0.3227／ROE0=-2.13% 非正
     1  EPS0=-0.3208／ROE0=-2.13% 非正
     1  EPS0=-0.3180／ROE0=-2.13% 非正
     1  EPS0=-0.1984／ROE0=-1.31% 非正
     1  EPS0=-0.0852／ROE0=-0.59% 非正
     1  EPS0=-0.3955／ROE0=-2.79% 非正
     1  EPS0=-1.4303／ROE0=-10.53% 非正
     1  EPS0=-1.3988／ROE0=-10.53% 非正
     1  EPS0=-1.3670／ROE0=-10.53% 非正
     1  EPS0=-1.3458／ROE0=-10.53% 非正
     1  EPS0=-0.7543／ROE0=-5.78% 非正
     1  EPS0=-0.3194／ROE0=-2.46% 非正
     1  EPS0=-0.1102／ROE0=-5.27% 非正
     1  EPS0=-0.2426／ROE0=-11.44% 非正
     1  EPS0=-0.6364／ROE0=-24.92% 非正
     1  EPS0=-0.5747／ROE0=-24.92% 非正
     1  EPS0=-0.2929／ROE0=-13.11% 非正
     1  EPS0=-0.2422／ROE0=-13.11% 非正
     1  EPS0=-0.2115／ROE0=-13.11% 非正
     1  EPS0=-1.7049／ROE0=-28.62% 非正
     1  EPS0=-0.9642／ROE0=-16.62% 非正
     1  EPS0=-0.0958／ROE0=-1.70% 非正
     1  EPS0=-0.6601／ROE0=-12.97% 非正
     1  EPS0=-0.6432／ROE0=-13.06% 非正
     1  EPS0=-0.6201／ROE0=-13.06% 非正
     1  EPS0=-0.5827／ROE0=-13.06% 非正
     1  EPS0=-0.5850／ROE0=-13.11% 非正
     1  EPS0=-0.5577／ROE0=-13.11% 非正
     1  EPS0=-0.5227／ROE0=-13.11% 非正
     1  EPS0=-0.4977／ROE0=-13.11% 非正
     1  EPS0=-0.7513／ROE0=-20.96% 非正
     1  EPS0=-0.7201／ROE0=-20.96% 非正
     1  EPS0=-0.6613／ROE0=-20.96% 非正
     1  EPS0=-0.6428／ROE0=-20.96% 非正
     1  EPS0=-0.3492／ROE0=-11.46% 非正
     1  EPS0=-0.3180／ROE0=-10.86% 非正
     1  EPS0=-0.1075／ROE0=-3.86% 非正
     1  EPS0=-0.2755／ROE0=-10.52% 非正
     1  EPS0=-0.5110／ROE0=-21.83% 非正
     1  EPS0=-0.2622／ROE0=-21.69% 非正
     1  EPS0=-0.2713／ROE0=-21.69% 非正
     1  EPS0=-0.2810／ROE0=-21.69% 非正
     1  EPS0=-0.0639／ROE0=-0.54% 非正
     1  EPS0=-0.0623／ROE0=-0.54% 非正
     1  EPS0=-0.3229／ROE0=-2.88% 非正
     1  EPS0=-0.3191／ROE0=-2.88% 非正
     1  EPS0=-0.2347／ROE0=-2.08% 非正
     1  EPS0=-0.4925／ROE0=-3.33% 非正
     1  EPS0=-0.4791／ROE0=-3.33% 非正
     1  EPS0=-0.4543／ROE0=-3.33% 非正
     1  EPS0=-0.4360／ROE0=-3.33% 非正
     1  EPS0=-1.5775／ROE0=-12.68% 非正
     1  EPS0=-1.5371／ROE0=-12.68% 非正
     1  EPS0=-1.4354／ROE0=-12.68% 非正
     1  EPS0=-1.3950／ROE0=-12.68% 非正
     1  EPS0=-1.6434／ROE0=-17.37% 非正
     1  EPS0=-1.6064／ROE0=-17.37% 非正
     1  EPS0=-1.5383／ROE0=-17.37% 非正
     1  EPS0=-1.4759／ROE0=-17.37% 非正
     1  EPS0=-1.7931／ROE0=-21.89% 非正
     1  EPS0=-1.7347／ROE0=-21.89% 非正
     1  EPS0=-1.6144／ROE0=-21.89% 非正
     1  EPS0=-0.2335／ROE0=-9.63% 非正
     1  EPS0=-0.4228／ROE0=-3.46% 非正
     1  EPS0=-0.3087／ROE0=-2.54% 非正
     1  EPS0=-0.3904／ROE0=-3.24% 非正
     1  EPS0=-0.1688／ROE0=-1.40% 非正
     1  EPS0=-0.1288／ROE0=-0.87% 非正
     1  EPS0=-0.1369／ROE0=-13.97% 非正
     1  EPS0=-0.1267／ROE0=-13.97% 非正
     1  EPS0=-0.2769／ROE0=-30.69% 非正
     1  EPS0=-0.2557／ROE0=-30.69% 非正
     1  EPS0=-0.3743／ROE0=-41.38% 非正
     1  EPS0=-0.6293／ROE0=-28.44% 非正
     1  EPS0=-0.0413／ROE0=-1.30% 非正
     1  EPS0=-0.0791／ROE0=-2.54% 非正
     1  EPS0=-0.2540／ROE0=-8.46% 非正
     1  EPS0=-0.3115／ROE0=-10.80% 非正
     1  EPS0=-0.3745／ROE0=-13.97% 非正
     1  EPS0=-0.3616／ROE0=-13.97% 非正
     1  EPS0=-0.3519／ROE0=-13.97% 非正
     1  EPS0=-0.3395／ROE0=-13.97% 非正
     1  EPS0=-0.3285／ROE0=-15.14% 非正
     1  EPS0=-0.3158／ROE0=-15.14% 非正
     1  EPS0=-0.3043／ROE0=-15.14% 非正
     1  EPS0=-0.1978／ROE0=-5.19% 非正
     1  EPS0=-0.1954／ROE0=-5.19% 非正
     1  EPS0=-0.0616／ROE0=-1.61% 非正
     1  EPS0=-0.0252／ROE0=-0.39% 非正
     1  EPS0=-0.0246／ROE0=-0.39% 非正
     1  EPS0=-0.0238／ROE0=-0.39% 非正
     1  EPS0=-0.5810／ROE0=-23.18% 非正
     1  EPS0=-0.0838／ROE0=-2.08% 非正
     1  EPS0=-0.4036／ROE0=-3.57% 非正
     1  EPS0=-0.4029／ROE0=-3.57% 非正
     1  EPS0=-0.3735／ROE0=-3.57% 非正
     1  EPS0=-0.3586／ROE0=-3.57% 非正
     1  EPS0=-1.3292／ROE0=-27.94% 非正
     1  EPS0=-1.3365／ROE0=-27.94% 非正
     1  EPS0=-0.3770／ROE0=-13.34% 非正
     1  EPS0=-0.3432／ROE0=-13.34% 非正
     1  EPS0=-0.3464／ROE0=-13.34% 非正
     1  EPS0=-0.2884／ROE0=-13.34% 非正
     1  EPS0=-0.5401／ROE0=-29.08% 非正
     1  EPS0=-0.4136／ROE0=-29.08% 非正
     1  EPS0=-0.2980／ROE0=-29.08% 非正
     1  EPS0=-0.1868／ROE0=-29.08% 非正
     1  EPS0=-0.6828／ROE0=-65.85% 非正
     1  EPS0=-0.3925／ROE0=-65.85% 非正
     1  EPS0=-0.1820／ROE0=-65.85% 非正
     1  EPS0=-1.5976／ROE0=-32.05% 非正
     1  EPS0=-1.4380／ROE0=-32.05% 非正
     1  EPS0=-1.2676／ROE0=-32.05% 非正
     1  EPS0=-1.1116／ROE0=-32.05% 非正
     1  EPS0=-1.2663／ROE0=-40.04% 非正
     1  EPS0=-1.1706／ROE0=-40.04% 非正
     1  EPS0=-0.7605／ROE0=-29.36% 非正
     1  EPS0=-0.3489／ROE0=-15.04% 非正
     1  EPS0=-0.5469／ROE0=-8.87% 非正
     1  EPS0=-0.1107／ROE0=-2.48% 非正
     1  EPS0=-0.0938／ROE0=-2.14% 非正
     1  EPS0=-0.3233／ROE0=-7.92% 非正
     1  EPS0=-0.7085／ROE0=-4.38% 非正
     1  EPS0=-0.8379／ROE0=-4.38% 非正
     1  EPS0=-1.0705／ROE0=-2.05% 非正
     1  EPS0=-1.0494／ROE0=-2.05% 非正
     1  EPS0=-1.0047／ROE0=-2.05% 非正
     1  EPS0=-0.9733／ROE0=-2.05% 非正
     1  EPS0=-1.9509／ROE0=-4.38% 非正
     1  EPS0=-1.8960／ROE0=-4.38% 非正
     1  EPS0=-1.8573／ROE0=-4.38% 非正
     1  EPS0=-1.8269／ROE0=-4.38% 非正
     1  EPS0=-2.3866／ROE0=-5.88% 非正
     1  EPS0=-0.1329／ROE0=-12.90% 非正
     1  EPS0=-0.0580／ROE0=-6.12% 非正
     1  EPS0=-0.1292／ROE0=-15.02% 非正
     1  EPS0=-0.0114／ROE0=-1.31% 非正
     1  EPS0=-0.0838／ROE0=-5.39% 非正
     1  EPS0=-0.0394／ROE0=-2.59% 非正
     1  EPS0=-0.1513／ROE0=-6.35% 非正
     1  EPS0=-0.1473／ROE0=-6.35% 非正
     1  EPS0=-0.0977／ROE0=-4.29% 非正
     1  EPS0=-0.1409／ROE0=-6.35% 非正
     1  EPS0=-0.1756／ROE0=-7.32% 非正
     1  EPS0=-0.1706／ROE0=-7.32% 非正
     1  EPS0=-0.1679／ROE0=-7.32% 非正
     1  EPS0=-0.1612／ROE0=-7.32% 非正
     1  EPS0=-0.2168／ROE0=-8.72% 非正
     1  EPS0=-0.1388／ROE0=-5.54% 非正
     1  EPS0=-0.2093／ROE0=-8.72% 非正
     1  EPS0=-0.1625／ROE0=-7.02% 非正
     1  EPS0=-0.2200／ROE0=-7.99% 非正
     1  EPS0=-0.2182／ROE0=-7.99% 非正
     1  EPS0=-0.2117／ROE0=-7.99% 非正
     1  EPS0=-0.2064／ROE0=-7.99% 非正
     1  EPS0=-0.2254／ROE0=-7.99% 非正
     1  EPS0=-0.2231／ROE0=-7.99% 非正
     1  EPS0=-0.2152／ROE0=-7.99% 非正
     1  EPS0=-0.2051／ROE0=-7.99% 非正
     1  EPS0=-0.3121／ROE0=-12.00% 非正
     1  EPS0=-0.2999／ROE0=-12.00% 非正
     1  EPS0=-0.2937／ROE0=-12.00% 非正
     1  EPS0=-0.3083／ROE0=-14.87% 非正
     1  EPS0=-0.5217／ROE0=-42.00% 非正
     1  EPS0=-0.3509／ROE0=-42.00% 非正
     1  EPS0=-0.2564／ROE0=-42.00% 非正
     1  EPS0=-1.7957／ROE0=-52.74% 非正
     1  EPS0=-0.2867／ROE0=-9.52% 非正
     1  EPS0=-0.2564／ROE0=-9.54% 非正
     1  EPS0=-0.4123／ROE0=-16.62% 非正
     1  EPS0=-0.5068／ROE0=-22.10% 非正
     1  EPS0=-0.5071／ROE0=-23.90% 非正
     1  EPS0=-0.7628／ROE0=-44.36% 非正
     1  EPS0=-0.6725／ROE0=-44.36% 非正
     1  EPS0=-0.5482／ROE0=-44.36% 非正
     1  EPS0=-0.4717／ROE0=-44.36% 非正
     1  EPS0=-0.4458／ROE0=-45.38% 非正
     1  EPS0=-0.2439／ROE0=-22.91% 非正
     1  EPS0=-0.3708／ROE0=-4.98% 非正
     1  EPS0=-0.3658／ROE0=-4.98% 非正
     1  EPS0=-0.3618／ROE0=-4.98% 非正
     1  EPS0=-0.3560／ROE0=-4.98% 非正
     1  EPS0=-0.0289／ROE0=-0.40% 非正
     1  EPS0=-0.0294／ROE0=-0.40% 非正
     1  EPS0=-1.2738／ROE0=-14.50% 非正
     1  EPS0=-0.2424／ROE0=-4.39% 非正
     1  EPS0=-0.2373／ROE0=-4.39% 非正
     1  EPS0=-0.2325／ROE0=-4.39% 非正
     1  EPS0=-0.0736／ROE0=-1.08% 非正
     1  EPS0=-0.7400／ROE0=-5.36% 非正
     1  EPS0=-0.3599／ROE0=-2.70% 非正
     1  EPS0=-0.3353／ROE0=-2.79% 非正
     1  EPS0=-0.1435／ROE0=-1.23% 非正
     1  EPS0=-0.2202／ROE0=-2.05% 非正
     1  EPS0=-0.2390／ROE0=-2.29% 非正
     1  EPS0=-0.2329／ROE0=-2.29% 非正
     1  EPS0=-0.0326／ROE0=-2.19% 非正
     1  EPS0=-0.0319／ROE0=-2.19% 非正
     1  EPS0=-0.0321／ROE0=-2.19% 非正
     1  EPS0=-0.0317／ROE0=-2.19% 非正
     1  EPS0=-0.6072／ROE0=-6.33% 非正
     1  EPS0=-0.6012／ROE0=-6.33% 非正
     1  EPS0=-0.5925／ROE0=-6.33% 非正
     1  EPS0=-0.5883／ROE0=-6.33% 非正
     1  EPS0=-0.0059／ROE0=-0.24% 非正
     1  EPS0=-3.6856／ROE0=-53.11% 非正
     1  EPS0=-3.1681／ROE0=-53.11% 非正
     1  EPS0=-2.5453／ROE0=-48.87% 非正
     1  EPS0=-2.3038／ROE0=-53.11% 非正
     1  EPS0=-2.2528／ROE0=-59.98% 非正
     1  EPS0=-1.8803／ROE0=-52.28% 非正
     1  EPS0=-1.7789／ROE0=-59.98% 非正
     1  EPS0=-1.4627／ROE0=-59.98% 非正
     1  EPS0=-1.2183／ROE0=-66.85% 非正
     1  EPS0=-0.8986／ROE0=-66.85% 非正
     1  EPS0=-0.6380／ROE0=-66.85% 非正
     1  EPS0=-0.5204／ROE0=-66.85% 非正
     1  EPS0=-0.3002／ROE0=-66.85% 非正
     1  EPS0=-0.1085／ROE0=-66.85% 非正
     1  EPS0=-0.0218／ROE0=-66.85% 非正
     1  EPS0=-0.2071／ROE0=-19.00% 非正
     1  EPS0=-0.1847／ROE0=-19.00% 非正
     1  EPS0=-0.2396／ROE0=-26.04% 非正
     1  EPS0=-0.2130／ROE0=-24.84% 非正
     1  EPS0=-0.0779／ROE0=-6.66% 非正
     1  EPS0=-0.0210／ROE0=-2.22% 非正
     1  EPS0=-0.0743／ROE0=-7.95% 非正
     1  EPS0=-0.1342／ROE0=-13.83% 非正
     1  EPS0=-0.0275／ROE0=-0.32% 非正
     1  EPS0=-0.0270／ROE0=-0.32% 非正
     1  EPS0=-0.0267／ROE0=-0.32% 非正
     1  EPS0=-0.0256／ROE0=-0.32% 非正
     1  EPS0=-0.4063／ROE0=-5.06% 非正
     1  EPS0=-0.4044／ROE0=-5.06% 非正
     1  EPS0=-0.4141／ROE0=-5.06% 非正
     1  EPS0=-2.6833／ROE0=-39.66% 非正
     1  EPS0=-2.5563／ROE0=-39.66% 非正
     1  EPS0=-0.1345／ROE0=-2.16% 非正
     1  EPS0=-0.0592／ROE0=-0.98% 非正
     1  EPS0=-0.6090／ROE0=-7.54% 非正
     1  EPS0=-0.5070／ROE0=-6.42% 非正
     1  EPS0=-0.4161／ROE0=-5.40% 非正
     1  EPS0=-0.2331／ROE0=-3.08% 非正
     1  EPS0=-0.2967／ROE0=-3.94% 非正
     1  EPS0=-0.1206／ROE0=-1.61% 非正
     1  EPS0=-0.2384／ROE0=-5.90% 非正
     1  EPS0=-0.2310／ROE0=-5.90% 非正
     1  EPS0=-0.2257／ROE0=-5.90% 非正
     1  EPS0=-2.2922／ROE0=-83.53% 非正
     1  EPS0=-0.6087／ROE0=-83.53% 非正
     1  EPS0=-0.6365／ROE0=-24.61% 非正
     1  EPS0=-0.8490／ROE0=-45.55% 非正
     1  EPS0=-0.6630／ROE0=-39.49% 非正
     1  EPS0=-0.6122／ROE0=-45.55% 非正
     1  EPS0=-0.2681／ROE0=-31.47% 非正
     1  EPS0=-1.3983／ROE0=-49.47% 非正
     1  EPS0=-1.3253／ROE0=-49.47% 非正
     1  EPS0=-0.4717／ROE0=-26.27% 非正
     1  EPS0=-0.5153／ROE0=-29.90% 非正
     1  EPS0=-0.3839／ROE0=-24.53% 非正
     1  EPS0=-0.4359／ROE0=-30.91% 非正
     1  EPS0=-0.5029／ROE0=-41.17% 非正
     1  EPS0=-0.4896／ROE0=-45.55% 非正
     1  EPS0=-0.5224／ROE0=-48.46% 非正
     1  EPS0=-0.4646／ROE0=-48.46% 非正
     1  EPS0=-0.4152／ROE0=-48.46% 非正
     1  EPS0=-0.3418／ROE0=-43.82% 非正
     1  EPS0=-0.3624／ROE0=-51.37% 非正
     1  EPS0=-0.3373／ROE0=-48.69% 非正
     1  EPS0=-0.2890／ROE0=-45.95% 非正
     1  EPS0=-0.4112／ROE0=-4.25% 非正
     1  EPS0=-0.3488／ROE0=-4.25% 非正
     1  EPS0=-0.3368／ROE0=-4.25% 非正
     1  EPS0=-0.3346／ROE0=-4.25% 非正
     1  EPS0=-0.8842／ROE0=-10.31% 非正
     1  EPS0=-0.3188／ROE0=-3.65% 非正
     1  EPS0=-0.1788／ROE0=-2.03% 非正
     1  EPS0=-1.8978／ROE0=-20.74% 非正
     1  EPS0=-1.3820／ROE0=-16.18% 非正
     1  EPS0=-1.6233／ROE0=-20.74% 非正
     1  EPS0=-1.4955／ROE0=-20.74% 非正
     1  EPS0=-1.8325／ROE0=-29.02% 非正
     1  EPS0=-1.6450／ROE0=-29.02% 非正
     1  EPS0=-1.4130／ROE0=-29.02% 非正
     1  EPS0=-1.2565／ROE0=-29.02% 非正
     1  EPS0=-1.5398／ROE0=-42.20% 非正
     1  EPS0=-1.3404／ROE0=-42.20% 非正
     1  EPS0=-1.1870／ROE0=-42.20% 非正
     1  EPS0=-1.1077／ROE0=-42.20% 非正
     1  EPS0=-1.3344／ROE0=-7.25% 非正
     1  EPS0=-1.2942／ROE0=-7.25% 非正
     1  EPS0=-1.2720／ROE0=-7.25% 非正
     1  EPS0=-0.8718／ROE0=-7.25% 非正
     1  EPS0=-1.1692／ROE0=-10.58% 非正
     1  EPS0=-1.1267／ROE0=-10.58% 非正
     1  EPS0=-1.0946／ROE0=-10.58% 非正
     1  EPS0=-1.0270／ROE0=-10.58% 非正
     1  EPS0=-1.4655／ROE0=-17.82% 非正
     1  EPS0=-1.4240／ROE0=-17.82% 非正
     1  EPS0=-1.3808／ROE0=-17.82% 非正
     1  EPS0=-0.4559／ROE0=-7.62% 非正
     1  EPS0=-2.4333／ROE0=-55.12% 非正
     1  EPS0=-1.3971／ROE0=-34.04% 非正
     1  EPS0=-0.4232／ROE0=-14.86% 非正
     1  EPS0=-1.0989／ROE0=-9.91% 非正
     1  EPS0=-0.8603／ROE0=-7.93% 非正
     1  EPS0=-0.6212／ROE0=-5.91% 非正
     1  EPS0=-0.5096／ROE0=-4.97% 非正
     1  EPS0=-0.8430／ROE0=-7.99% 非正
     1  EPS0=-1.0939／ROE0=-10.75% 非正
     1  EPS0=-1.0821／ROE0=-10.99% 非正
     1  EPS0=-0.0130／ROE0=-0.12% 非正
     1  EPS0=-0.0132／ROE0=-0.12% 非正
     1  EPS0=-0.0134／ROE0=-0.12% 非正
     1  EPS0=-0.0136／ROE0=-0.12% 非正
     1  EPS0=-0.1563／ROE0=-18.39% 非正
     1  EPS0=-0.0798／ROE0=-2.78% 非正
     1  EPS0=-0.0185／ROE0=-1.26% 非正
     1  EPS0=-0.1775／ROE0=-9.33% 非正
     1  EPS0=-0.2057／ROE0=-9.33% 非正
     1  EPS0=-0.0126／ROE0=-1.09% 非正
     1  EPS0=-0.3683／ROE0=-6.14% 非正
     1  EPS0=-0.3718／ROE0=-6.14% 非正
     1  EPS0=-1.1628／ROE0=-58.84% 非正
     1  EPS0=-0.2710／ROE0=-20.63% 非正
     1  EPS0=-0.0904／ROE0=-4.16% 非正
     1  EPS0=-0.0886／ROE0=-4.16% 非正
     1  EPS0=-0.0858／ROE0=-4.16% 非正
     1  EPS0=-0.0808／ROE0=-4.16% 非正
     1  EPS0=-0.0442／ROE0=-1.84% 非正
     1  EPS0=-0.0175／ROE0=-0.74% 非正
     1  EPS0=-0.1192／ROE0=-5.31% 非正
     1  EPS0=-0.1177／ROE0=-5.31% 非正
     1  EPS0=-0.1178／ROE0=-5.31% 非正
     1  EPS0=-0.0727／ROE0=-3.29% 非正
     1  EPS0=-0.0042／ROE0=-0.19% 非正
     1  EPS0=-0.4724／ROE0=-5.19% 非正
     1  EPS0=-0.4421／ROE0=-5.19% 非正
     1  EPS0=-0.4112／ROE0=-5.19% 非正
     1  EPS0=-0.3734／ROE0=-5.19% 非正
     1  EPS0=-1.0711／ROE0=-14.99% 非正
     1  EPS0=-0.9867／ROE0=-14.99% 非正
     1  EPS0=-0.9247／ROE0=-14.99% 非正
     1  EPS0=-0.3019／ROE0=-16.29% 非正
     1  EPS0=-0.0307／ROE0=-1.75% 非正
     1  EPS0=-0.0054／ROE0=-0.43% 非正
     1  EPS0=-0.4921／ROE0=-38.66% 非正
     1  EPS0=-0.4321／ROE0=-38.66% 非正
     1  EPS0=-0.3738／ROE0=-38.66% 非正
     1  EPS0=-0.3210／ROE0=-38.66% 非正
     1  EPS0=-0.2862／ROE0=-42.75% 非正
     1  EPS0=-0.2462／ROE0=-42.75% 非正
     1  EPS0=-0.1961／ROE0=-42.75% 非正
     1  EPS0=-0.1605／ROE0=-42.75% 非正
     1  EPS0=-0.1339／ROE0=-42.75% 非正
     1  EPS0=-0.1199／ROE0=-42.75% 非正
     1  EPS0=-0.1093／ROE0=-42.75% 非正
     1  EPS0=-0.1132／ROE0=-7.60% 非正
     1  EPS0=-0.1093／ROE0=-7.60% 非正
     1  EPS0=-1.2727／ROE0=-33.04% 非正
     1  EPS0=-0.1955／ROE0=-5.40% 非正
     1  EPS0=-0.0746／ROE0=-2.38% 非正
     1  EPS0=-0.0102／ROE0=-0.34% 非正
     1  EPS0=-0.5025／ROE0=-18.92% 非正
     1  EPS0=-0.4736／ROE0=-18.36% 非正
     1  EPS0=-0.4577／ROE0=-18.92% 非正
     1  EPS0=-0.1259／ROE0=-1.04% 非正
     1  EPS0=-0.1281／ROE0=-1.04% 非正
     1  EPS0=-0.1307／ROE0=-1.04% 非正
     1  EPS0=-0.0103／ROE0=-0.55% 非正
     1  EPS0=-0.0291／ROE0=-1.59% 非正
     1  EPS0=-0.0309／ROE0=-1.73% 非正
     1  EPS0=-0.0307／ROE0=-1.69% 非正
     1  EPS0=-0.0295／ROE0=-1.65% 非正
     1  EPS0=-0.0707／ROE0=-4.03% 非正
     1  EPS0=-0.0568／ROE0=-3.31% 非正
     1  EPS0=-0.0557／ROE0=-3.19% 非正
     1  EPS0=-0.7663／ROE0=-39.16% 非正
     1  EPS0=-0.0166／ROE0=-0.80% 非正
     1  EPS0=-0.0159／ROE0=-0.80% 非正
     1  EPS0=-0.0161／ROE0=-0.80% 非正
     1  EPS0=-0.0574／ROE0=-3.44% 非正
     1  EPS0=-0.1791／ROE0=-13.63% 非正
     1  EPS0=-0.1171／ROE0=-3.44% 非正
     1  EPS0=-0.3985／ROE0=-7.06% 非正
     1  EPS0=-0.4292／ROE0=-2.32% 非正
     1  EPS0=-0.4199／ROE0=-2.32% 非正
     1  EPS0=-0.4083／ROE0=-2.32% 非正
     1  EPS0=-0.3998／ROE0=-2.32% 非正
     1  EPS0=-1.1650／ROE0=-7.06% 非正
     1  EPS0=-1.1425／ROE0=-7.06% 非正
     1  EPS0=-1.1045／ROE0=-7.06% 非正
     1  EPS0=-1.0835／ROE0=-7.06% 非正
     1  EPS0=-1.1259／ROE0=-7.36% 非正
     1  EPS0=-0.3602／ROE0=-8.44% 非正
     1  EPS0=-0.3633／ROE0=-8.44% 非正
     1  EPS0=-0.6463／ROE0=-15.01% 非正
     1  EPS0=-0.4233／ROE0=-9.85% 非正
     1  EPS0=-0.4137／ROE0=-10.29% 非正
     1  EPS0=-0.2163／ROE0=-5.34% 非正
     1  EPS0=-0.3587／ROE0=-9.03% 非正
     1  EPS0=-0.0614／ROE0=-1.58% 非正
     1  EPS0=-0.1587／ROE0=-4.16% 非正
     1  EPS0=-0.1231／ROE0=-2.93% 非正
     1  EPS0=-0.1110／ROE0=-2.93% 非正
     1  EPS0=-0.1099／ROE0=-2.93% 非正
     1  EPS0=-0.1044／ROE0=-2.93% 非正
     1  EPS0=-4.3941／ROE0=-57.87% 非正
     1  EPS0=-0.2382／ROE0=-3.36% 非正
     1  EPS0=-3.2796／ROE0=-57.87% 非正
     1  EPS0=-1.1619／ROE0=-20.04% 非正
     1  EPS0=-1.0753／ROE0=-19.66% 非正
     1  EPS0=-1.1154／ROE0=-22.26% 非正
     1  EPS0=-0.5480／ROE0=-11.20% 非正
     1  EPS0=-1.0870／ROE0=-25.15% 非正
     1  EPS0=-1.2782／ROE0=-32.65% 非正
     1  EPS0=-1.1298／ROE0=-32.65% 非正
     1  EPS0=-0.0175／ROE0=-1.60% 非正
     1  EPS0=-0.1157／ROE0=-9.88% 非正
     1  EPS0=-0.0249／ROE0=-1.60% 非正
     1  EPS0=-0.1334／ROE0=-0.94% 非正
     1  EPS0=-0.1327／ROE0=-0.94% 非正
     1  EPS0=-0.1314／ROE0=-0.94% 非正
     1  EPS0=-0.9110／ROE0=-8.83% 非正
     1  EPS0=-0.1135／ROE0=-0.67% 非正
     1  EPS0=-0.1137／ROE0=-0.67% 非正
     1  EPS0=-0.1138／ROE0=-0.67% 非正
     1  EPS0=-0.1141／ROE0=-0.67% 非正
     1  EPS0=-0.1244／ROE0=-0.76% 非正
     1  EPS0=-0.1240／ROE0=-0.76% 非正
     1  EPS0=-0.1241／ROE0=-0.76% 非正
     1  EPS0=-1.4859／ROE0=-59.56% 非正
     1  EPS0=-0.2145／ROE0=-24.31% 非正
     1  EPS0=-0.2053／ROE0=-26.79% 非正
     1  EPS0=-0.1835／ROE0=-27.05% 非正
     1  EPS0=-0.1574／ROE0=-27.05% 非正
     1  EPS0=-0.1257／ROE0=-27.05% 非正
     1  EPS0=-0.0087／ROE0=-2.10% 非正
     1  EPS0=-0.3206／ROE0=-18.09% 非正
     1  EPS0=-0.1408／ROE0=-4.50% 非正
     1  EPS0=-0.0079／ROE0=-0.29% 非正
     1  EPS0=-0.0078／ROE0=-0.29% 非正
     1  EPS0=-0.0076／ROE0=-0.29% 非正
     1  EPS0=-0.0075／ROE0=-0.29% 非正
     1  EPS0=-0.0525／ROE0=-2.25% 非正
     1  EPS0=-0.0533／ROE0=-2.25% 非正
     1  EPS0=-0.0529／ROE0=-2.25% 非正
     1  EPS0=-0.0521／ROE0=-2.25% 非正
     1  EPS0=-0.0406／ROE0=-1.77% 非正
     1  EPS0=-0.0520／ROE0=-2.25% 非正
     1  EPS0=-0.0073／ROE0=-0.32% 非正
     1  EPS0=-0.0072／ROE0=-0.32% 非正
     1  EPS0=-0.0071／ROE0=-0.32% 非正
     1  EPS0=-0.0070／ROE0=-0.32% 非正
     1  EPS0=-0.1599／ROE0=-7.79% 非正
     1  EPS0=-0.1541／ROE0=-7.79% 非正
     1  EPS0=-0.1184／ROE0=-7.79% 非正
     1  EPS0=-2.0521／ROE0=-15.26% 非正
     1  EPS0=-2.0673／ROE0=-15.26% 非正
     1  EPS0=-2.0917／ROE0=-15.26% 非正
     1  EPS0=-2.1084／ROE0=-15.26% 非正
     1  EPS0=-0.3667／ROE0=-2.79% 非正
     1  EPS0=-0.3651／ROE0=-2.79% 非正
     1  EPS0=-0.3615／ROE0=-2.79% 非正
     1  EPS0=-0.3568／ROE0=-2.79% 非正
     1  EPS0=-1.0614／ROE0=-9.93% 非正
     1  EPS0=-1.0360／ROE0=-9.93% 非正
     1  EPS0=-1.0128／ROE0=-9.93% 非正
     1  EPS0=-0.9787／ROE0=-9.93% 非正
     1  EPS0=-0.6938／ROE0=-6.95% 非正
     1  EPS0=-0.6770／ROE0=-6.95% 非正
     1  EPS0=-0.6175／ROE0=-6.47% 非正
     1  EPS0=-0.2639／ROE0=-2.81% 非正
     1  EPS0=-0.2498／ROE0=-2.57% 非正
     1  EPS0=-0.2400／ROE0=-2.57% 非正
     1  EPS0=-0.2285／ROE0=-2.57% 非正
     1  EPS0=-0.0418／ROE0=-4.54% 非正
     1  EPS0=-0.0242／ROE0=-4.54% 非正
     1  EPS0=-1.3680／ROE0=-58.74% 非正
     1  EPS0=-1.0014／ROE0=-53.61% 非正
     1  EPS0=-0.7553／ROE0=-58.74% 非正
     1  EPS0=-0.4788／ROE0=-58.74% 非正
     1  EPS0=-0.3691／ROE0=-97.46% 非正
     1  EPS0=-0.0723／ROE0=-4.27% 非正
     1  EPS0=-0.0709／ROE0=-4.27% 非正
     1  EPS0=-0.0697／ROE0=-4.27% 非正
     1  EPS0=-0.0689／ROE0=-4.27% 非正
     1  EPS0=-0.1309／ROE0=-8.88% 非正
     1  EPS0=-0.1272／ROE0=-8.88% 非正
     1  EPS0=-0.1221／ROE0=-8.88% 非正
     1  EPS0=-2.5876／ROE0=-66.02% 非正
     1  EPS0=-2.2855／ROE0=-66.02% 非正
     1  EPS0=-0.1999／ROE0=-4.19% 非正
     1  EPS0=-0.1132／ROE0=-2.47% 非正
     1  EPS0=-0.5288／ROE0=-13.49% 非正
     1  EPS0=-0.2164／ROE0=-5.51% 非正
     1  EPS0=-0.1258／ROE0=-3.33% 非正
     1  EPS0=-0.1592／ROE0=-4.53% 非正
     1  EPS0=-0.4434／ROE0=-13.15% 非正
     1  EPS0=-0.4675／ROE0=-14.51% 非正
     1  EPS0=-3.2755／ROE0=-66.13% 非正
     1  EPS0=-0.2688／ROE0=-9.61% 非正
     1  EPS0=-0.1470／ROE0=-10.49% 非正
     1  EPS0=-1.6202／ROE0=-7.09% 非正
     1  EPS0=-1.5701／ROE0=-7.09% 非正
     1  EPS0=-1.5198／ROE0=-7.09% 非正
     1  EPS0=-1.4906／ROE0=-7.09% 非正
     1  EPS0=-2.0488／ROE0=-10.19% 非正
     1  EPS0=-1.9712／ROE0=-10.19% 非正
     1  EPS0=-1.9156／ROE0=-10.19% 非正
     1  EPS0=-1.8858／ROE0=-10.19% 非正
     1  EPS0=-1.6191／ROE0=-8.60% 非正
     1  EPS0=-1.2323／ROE0=-6.74% 非正
     1  EPS0=-0.9382／ROE0=-5.24% 非正
     1  EPS0=-0.1469／ROE0=-156.00% 非正
     1  EPS0=-0.1668／ROE0=-156.00% 非正
     1  EPS0=-0.1386／ROE0=-156.00% 非正
     1  EPS0=-2.6012／ROE0=-191.67% 非正
     1  EPS0=-1.5560／ROE0=-187.40% 非正
     1  EPS0=-0.5557／ROE0=-191.67% 非正
     1  EPS0=-0.3615／ROE0=-227.33% 非正
     1  EPS0=-0.0864／ROE0=-1.60% 非正
     1  EPS0=-0.0798／ROE0=-1.60% 非正
     1  EPS0=-0.0774／ROE0=-1.60% 非正
     1  EPS0=-0.0738／ROE0=-1.60% 非正
     1  EPS0=-0.3395／ROE0=-8.00% 非正
     1  EPS0=-0.3043／ROE0=-8.00% 非正
     1  EPS0=-0.2884／ROE0=-8.00% 非正
     1  EPS0=-0.2841／ROE0=-8.00% 非正
     1  EPS0=-0.6850／ROE0=-10.54% 非正
     1  EPS0=-0.6149／ROE0=-10.54% 非正
     1  EPS0=-0.5591／ROE0=-10.54% 非正
     1  EPS0=-0.0562／ROE0=-1.37% 非正
     1  EPS0=-0.0557／ROE0=-1.37% 非正
     1  EPS0=-0.0547／ROE0=-1.37% 非正
     1  EPS0=-0.0555／ROE0=-1.37% 非正
     1  EPS0=-0.1890／ROE0=-5.82% 非正
     1  EPS0=-0.1781／ROE0=-5.82% 非正
     1  EPS0=-0.1667／ROE0=-5.82% 非正
     1  EPS0=-0.1634／ROE0=-5.82% 非正
     1  EPS0=-0.3894／ROE0=-14.33% 非正
     1  EPS0=-0.3681／ROE0=-14.33% 非正
     1  EPS0=-0.3509／ROE0=-14.33% 非正
     1  EPS0=-1.3194／ROE0=-20.39% 非正
     1  EPS0=-1.2051／ROE0=-20.39% 非正
     1  EPS0=-0.8034／ROE0=-20.39% 非正
     1  EPS0=-0.1717／ROE0=-6.99% 非正
     1  EPS0=-0.0611／ROE0=-9.58% 非正
     1  EPS0=-0.0967／ROE0=-9.58% 非正
     1  EPS0=-0.0931／ROE0=-9.65% 非正
     1  EPS0=-0.0906／ROE0=-9.65% 非正
     1  EPS0=-0.0758／ROE0=-8.27% 非正
     1  EPS0=-0.0397／ROE0=-4.42% 非正
     1  EPS0=-0.0575／ROE0=-4.56% 非正
     1  EPS0=-0.0197／ROE0=-1.58% 非正
     1  EPS0=-0.0171／ROE0=-1.40% 非正
     1  EPS0=-0.0707／ROE0=-6.00% 非正
     1  EPS0=-0.1090／ROE0=-9.58% 非正
     1  EPS0=-0.1060／ROE0=-9.58% 非正
     1  EPS0=-0.0997／ROE0=-9.58% 非正
     1  EPS0=-0.0919／ROE0=-9.58% 非正
     1  EPS0=-0.0875／ROE0=-9.65% 非正
     1  EPS0=-0.0831／ROE0=-9.65% 非正
     1  EPS0=-0.0787／ROE0=-9.65% 非正
     1  EPS0=-0.0754／ROE0=-9.65% 非正
     1  EPS0=-0.0702／ROE0=-9.68% 非正
     1  EPS0=-0.0667／ROE0=-9.68% 非正
     1  EPS0=-0.0644／ROE0=-9.68% 非正
     1  EPS0=-0.0607／ROE0=-9.68% 非正
     1  EPS0=-0.0567／ROE0=-9.71% 非正
     1  EPS0=-0.0534／ROE0=-9.71% 非正
     1  EPS0=-0.0505／ROE0=-9.71% 非正
     1  EPS0=-0.0067／ROE0=-0.63% 非正
     1  EPS0=-0.9345／ROE0=-9.77% 非正
     1  EPS0=-0.9446／ROE0=-9.77% 非正
     1  EPS0=-0.3607／ROE0=-2.81% 非正
     1  EPS0=-0.3583／ROE0=-2.81% 非正
     1  EPS0=-0.3581／ROE0=-2.81% 非正
     1  EPS0=-0.3263／ROE0=-4.24% 非正
     1  EPS0=-0.4728／ROE0=-3.26% 非正
     1  EPS0=-0.3034／ROE0=-2.20% 非正
     1  EPS0=-0.4527／ROE0=-3.44% 非正
     1  EPS0=-0.4032／ROE0=-3.14% 非正
     1  EPS0=-0.6028／ROE0=-4.71% 非正
     1  EPS0=-0.5740／ROE0=-4.71% 非正
     1  EPS0=-0.5497／ROE0=-4.71% 非正
     1  EPS0=-0.5602／ROE0=-4.71% 非正
     1  EPS0=-0.6146／ROE0=-5.63% 非正
     1  EPS0=-0.5825／ROE0=-5.63% 非正
     1  EPS0=-0.5806／ROE0=-5.63% 非正
     1  EPS0=-0.2016／ROE0=-6.32% 非正
     1  EPS0=-0.2018／ROE0=-6.32% 非正
     1  EPS0=-0.1980／ROE0=-6.32% 非正
     1  EPS0=-0.1914／ROE0=-6.32% 非正
     1  EPS0=-0.4418／ROE0=-5.10% 非正
     1  EPS0=-0.4301／ROE0=-5.10% 非正
     1  EPS0=-0.4342／ROE0=-5.10% 非正
     1  EPS0=-0.4285／ROE0=-5.10% 非正
     1  EPS0=-0.7481／ROE0=-7.58% 非正
     1  EPS0=-0.7234／ROE0=-7.58% 非正
     1  EPS0=-0.6921／ROE0=-7.58% 非正
     1  EPS0=-0.5633／ROE0=-7.58% 非正
     1  EPS0=-1.0551／ROE0=-12.42% 非正
     1  EPS0=-1.0330／ROE0=-12.42% 非正
     1  EPS0=-0.9331／ROE0=-11.18% 非正
     1  EPS0=-0.2401／ROE0=-2.96% 非正
     1  EPS0=-0.1469／ROE0=-1.84% 非正
     1  EPS0=-0.2058／ROE0=-2.58% 非正
     1  EPS0=-0.2308／ROE0=-2.96% 非正
     1  EPS0=-0.3017／ROE0=-3.98% 非正
     1  EPS0=-0.2972／ROE0=-3.98% 非正
     1  EPS0=-0.2888／ROE0=-3.98% 非正
     1  EPS0=-0.2163／ROE0=-6.89% 非正
     1  EPS0=-0.4903／ROE0=-16.86% 非正
     1  EPS0=-0.4190／ROE0=-4.59% 非正
     1  EPS0=-0.0531／ROE0=-0.89% 非正
     1  EPS0=-0.0508／ROE0=-0.89% 非正
     1  EPS0=-0.0495／ROE0=-0.89% 非正
     1  EPS0=-0.5264／ROE0=-10.93% 非正
     1  EPS0=-0.5077／ROE0=-10.93% 非正
     1  EPS0=-0.4962／ROE0=-10.93% 非正
     1  EPS0=-0.4774／ROE0=-10.93% 非正
     1  EPS0=-0.5890／ROE0=-12.51% 非正
     1  EPS0=-0.7023／ROE0=-15.85% 非正
     1  EPS0=-0.5610／ROE0=-12.65% 非正
     1  EPS0=-2.3263／ROE0=-12.31% 非正
     1  EPS0=-2.2790／ROE0=-12.31% 非正
     1  EPS0=-2.2411／ROE0=-12.31% 非正
     1  EPS0=-0.8427／ROE0=-9.33% 非正
     1  EPS0=-0.8305／ROE0=-9.33% 非正
     1  EPS0=-0.8311／ROE0=-9.33% 非正
     1  EPS0=-0.0365／ROE0=-1.78% 非正
     1  EPS0=-0.0366／ROE0=-1.78% 非正
     1  EPS0=-0.0345／ROE0=-1.78% 非正
     1  EPS0=-0.0327／ROE0=-1.78% 非正
     1  EPS0=-0.2833／ROE0=-18.40% 非正
     1  EPS0=-0.2314／ROE0=-14.74% 非正
     1  EPS0=-6.2565／ROE0=-149.20% 非正
     1  EPS0=-0.1064／ROE0=-1.79% 非正
     1  EPS0=-0.1043／ROE0=-1.79% 非正
     1  EPS0=-0.1016／ROE0=-1.79% 非正
     1  EPS0=-0.0970／ROE0=-1.79% 非正
     1  EPS0=-0.4640／ROE0=-9.65% 非正
     1  EPS0=-0.4508／ROE0=-9.65% 非正
     1  EPS0=-0.4385／ROE0=-9.65% 非正
     1  EPS0=-0.4126／ROE0=-9.65% 非正
     1  EPS0=-0.7026／ROE0=-19.54% 非正
     1  EPS0=-0.6916／ROE0=-19.54% 非正
     1  EPS0=-0.6568／ROE0=-19.54% 非正
     1  EPS0=-0.1187／ROE0=-3.60% 非正
     1  EPS0=-0.1169／ROE0=-3.60% 非正
     1  EPS0=-0.1225／ROE0=-3.60% 非正
     1  EPS0=-0.0668／ROE0=-1.07% 非正
     1  EPS0=-0.0645／ROE0=-1.07% 非正
     1  EPS0=-0.4973／ROE0=-9.06% 非正
     1  EPS0=-0.3102／ROE0=-5.76% 非正
     1  EPS0=-0.4138／ROE0=-7.90% 非正
     1  EPS0=-0.6592／ROE0=-13.26% 非正
     1  EPS0=-0.7339／ROE0=-17.03% 非正
     1  EPS0=-0.7153／ROE0=-17.03% 非正
     1  EPS0=-0.6868／ROE0=-17.03% 非正
     1  EPS0=-0.1222／ROE0=-5.89% 非正
     1  EPS0=-0.8242／ROE0=-29.84% 非正
     1  EPS0=-0.0404／ROE0=-1.14% 非正
     1  EPS0=-0.0398／ROE0=-1.14% 非正
     1  EPS0=-0.0629／ROE0=-1.86% 非正
     1  EPS0=-0.1495／ROE0=-4.35% 非正
     1  EPS0=-0.1502／ROE0=-4.35% 非正
     1  EPS0=-0.1519／ROE0=-4.35% 非正
     1  EPS0=-0.1510／ROE0=-4.35% 非正
     1  EPS0=-0.1723／ROE0=-5.37% 非正
     1  EPS0=-0.1510／ROE0=-4.67% 非正
     1  EPS0=-0.1918／ROE0=-6.21% 非正
     1  EPS0=-0.2135／ROE0=-4.85% 非正
     1  EPS0=-0.2058／ROE0=-4.85% 非正
     1  EPS0=-0.1995／ROE0=-4.85% 非正
     1  EPS0=-0.1962／ROE0=-4.85% 非正
     1  EPS0=-0.0276／ROE0=-0.72% 非正
     1  EPS0=-0.0266／ROE0=-0.72% 非正
     1  EPS0=-0.0261／ROE0=-0.72% 非正
     1  EPS0=-0.0236／ROE0=-0.72% 非正
     1  EPS0=-0.5234／ROE0=-16.86% 非正
     1  EPS0=-0.4893／ROE0=-16.86% 非正
     1  EPS0=-0.4551／ROE0=-16.86% 非正
     1  EPS0=-0.4568／ROE0=-4.25% 非正
     1  EPS0=-0.4597／ROE0=-4.25% 非正
     1  EPS0=-0.4578／ROE0=-4.25% 非正
     1  EPS0=-0.4588／ROE0=-4.25% 非正
     1  EPS0=-0.7298／ROE0=-7.72% 非正
     1  EPS0=-0.6916／ROE0=-7.72% 非正
     1  EPS0=-0.6629／ROE0=-7.72% 非正
     1  EPS0=-0.2699／ROE0=-2.60% 非正
     1  EPS0=-0.2662／ROE0=-2.60% 非正
     1  EPS0=-0.2615／ROE0=-2.60% 非正
     1  EPS0=-0.2516／ROE0=-2.60% 非正
     1  EPS0=-0.8127／ROE0=-9.11% 非正
     1  EPS0=-0.7961／ROE0=-9.11% 非正
     1  EPS0=-0.7749／ROE0=-9.11% 非正
     1  EPS0=-0.3142／ROE0=-2.43% 非正
     1  EPS0=-0.3089／ROE0=-2.43% 非正
     1  EPS0=-0.3047／ROE0=-2.43% 非正
     1  EPS0=-2.0627／ROE0=-12.11% 非正
     1  EPS0=-1.9788／ROE0=-12.11% 非正
     1  EPS0=-1.8683／ROE0=-12.11% 非正
     1  EPS0=-1.7595／ROE0=-12.11% 非正
     1  EPS0=-2.6925／ROE0=-24.00% 非正
     1  EPS0=-2.5822／ROE0=-24.00% 非正
     1  EPS0=-2.3587／ROE0=-24.00% 非正
     1  EPS0=-0.1100／ROE0=-1.02% 非正
     1  EPS0=-0.3297／ROE0=-15.75% 非正
     1  EPS0=-0.3229／ROE0=-15.75% 非正
     1  EPS0=-0.3020／ROE0=-15.75% 非正
     1  EPS0=-0.2799／ROE0=-15.75% 非正
     1  EPS0=-0.3611／ROE0=-34.81% 非正
     1  EPS0=-0.3357／ROE0=-34.81% 非正
     1  EPS0=-0.2834／ROE0=-34.81% 非正
     1  EPS0=-0.0518／ROE0=-3.60% 非正
     1  EPS0=-0.0389／ROE0=-3.60% 非正
     1  EPS0=-0.0362／ROE0=-3.60% 非正
     1  EPS0=-0.0893／ROE0=-1.54% 非正
     1  EPS0=-0.0313／ROE0=-0.54% 非正
     1  EPS0=-0.1642／ROE0=-2.92% 非正
     1  EPS0=-0.1627／ROE0=-2.92% 非正
     1  EPS0=-0.1639／ROE0=-2.88% 非正
     1  EPS0=-0.1628／ROE0=-2.88% 非正
     1  EPS0=-0.0045／ROE0=-0.08% 非正
     1  EPS0=-0.1763／ROE0=-3.24% 非正
     1  EPS0=-0.1750／ROE0=-3.24% 非正
     1  EPS0=-0.1749／ROE0=-3.24% 非正
     1  EPS0=-1.4229／ROE0=-33.11% 非正
     1  EPS0=-0.7400／ROE0=-33.11% 非正
     1  EPS0=-0.8208／ROE0=-38.45% 非正
     1  EPS0=-0.1000／ROE0=-5.21% 非正
     1  EPS0=-0.6014／ROE0=-33.11% 非正
     1  EPS0=-0.1289／ROE0=-8.42% 非正
     1  EPS0=-0.3584／ROE0=-27.55% 非正
     1  EPS0=-0.3702／ROE0=-41.89% 非正
     1  EPS0=-0.0175／ROE0=-2.17% 非正
     1  EPS0=-0.2062／ROE0=-34.65% 非正
     1  EPS0=-0.1729／ROE0=-34.65% 非正
     1  EPS0=-0.5611／ROE0=-15.13% 非正
     1  EPS0=-0.1769／ROE0=-9.51% 非正
     1  EPS0=-0.1544／ROE0=-9.51% 非正
     1  EPS0=-0.3942／ROE0=-17.29% 非正
     1  EPS0=-0.3571／ROE0=-17.29% 非正
     1  EPS0=-0.5108／ROE0=-22.80% 非正
     1  EPS0=-0.5968／ROE0=-40.37% 非正
     1  EPS0=-1.1576／ROE0=-31.07% 非正
     1  EPS0=-0.9663／ROE0=-50.31% 非正
     1  EPS0=-0.7082／ROE0=-50.31% 非正
     1  EPS0=-0.2829／ROE0=-8.47% 非正
     1  EPS0=-0.5303／ROE0=-19.43% 非正
     1  EPS0=-0.6626／ROE0=-27.21% 非正
     1  EPS0=-0.4251／ROE0=-18.95% 非正
     1  EPS0=-0.4919／ROE0=-25.37% 非正
     1  EPS0=-0.4873／ROE0=-27.21% 非正
     1  EPS0=-0.5374／ROE0=-6.63% 非正
     1  EPS0=-0.2092／ROE0=-8.70% 非正
     1  EPS0=-0.2946／ROE0=-12.98% 非正
     1  EPS0=-0.1897／ROE0=-8.62% 非正
     1  EPS0=-0.1290／ROE0=-6.00% 非正
     1  EPS0=-0.0168／ROE0=-0.78% 非正
     1  EPS0=-0.0975／ROE0=-3.70% 非正
     1  EPS0=-0.2053／ROE0=-8.34% 非正
     1  EPS0=-0.2022／ROE0=-8.31% 非正
     1  EPS0=-0.1946／ROE0=-8.33% 非正
     1  EPS0=-0.1894／ROE0=-8.33% 非正
     1  EPS0=-0.2509／ROE0=-8.16% 非正
     1  EPS0=-0.2212／ROE0=-7.30% 非正
     1  EPS0=-0.1431／ROE0=-4.78% 非正
     1  EPS0=-0.0782／ROE0=-0.38% 非正
     1  EPS0=-0.0768／ROE0=-0.38% 非正
     1  EPS0=-0.0494／ROE0=-0.38% 非正
     1  EPS0=-0.7913／ROE0=-6.78% 非正
     1  EPS0=-0.7597／ROE0=-6.78% 非正
     1  EPS0=-0.5104／ROE0=-6.78% 非正
     1  EPS0=-2.6869／ROE0=-21.41% 非正
     1  EPS0=-0.2952／ROE0=-2.41% 非正
     1  EPS0=-1.6477／ROE0=-5.89% 非正
     1  EPS0=-0.1044／ROE0=-0.38% 非正
     1  EPS0=-0.3188／ROE0=-11.75% 非正
     1  EPS0=-0.3024／ROE0=-11.75% 非正
     1  EPS0=-0.2522／ROE0=-11.75% 非正
     1  EPS0=-17.7611／ROE0=-158.24% 非正
     1  EPS0=-13.3803／ROE0=-158.24% 非正
     1  EPS0=-0.6970／ROE0=-35.42% 非正
     1  EPS0=-0.8055／ROE0=-43.76% 非正
     1  EPS0=-136.8468／ROE0=-99.70% 非正
     1  EPS0=-26.5683／ROE0=-99.70% 非正
     1  EPS0=-26.4361／ROE0=-99.70% 非正
     1  EPS0=-0.6596／ROE0=-63.92% 非正
     1  EPS0=-0.3480／ROE0=-63.92% 非正
     1  EPS0=-0.2200／ROE0=-83.08% 非正
     1  EPS0=-0.0122／ROE0=-83.08% 非正
     1  EPS0=-0.0054／ROE0=-83.08% 非正
     1  EPS0=-1.1280／ROE0=-12.44% 非正
     1  EPS0=-1.2525／ROE0=-12.44% 非正
     1  EPS0=-0.1258／ROE0=-17.54% 非正
     1  EPS0=-0.1183／ROE0=-17.54% 非正
     1  EPS0=-1.5743／ROE0=-6.36% 非正
     1  EPS0=-0.2552／ROE0=-13.62% 非正
     1  EPS0=-0.0569／ROE0=-3.09% 非正
     1  EPS0=-0.2443／ROE0=-3.66% 非正
     1  零增长股权价值 -1.02 ≤ 0
     1  零增长股权价值 -3.13 ≤ 0
     1  零增长股权价值 -3.45 ≤ 0
     1  EPS0=-0.0458／ROE0=-1.43% 非正
     1  EPS0=-0.0412／ROE0=-1.43% 非正
     1  EPS0=-0.1691／ROE0=-5.81% 非正
     1  EPS0=-0.0528／ROE0=-1.81% 非正
     1  NOPAT=-19264299.5925: 息税前利润非正，按现金折现无意义，按 §6.5.2.4 判无法估值

输入不全原因分布：
  13874  BPS=None 不可用
  7041  已披露年报 ROE 仅 2 年 < 要求 3 年
  5197  已披露年报 ROE 仅 1 年 < 要求 3 年
  3503  归一化 ROE 不可算
  1183  g0（sustainable）不可算
     8  三大报表年份仅 2 < 要求 3 年

终值占比：中位 66%｜P10 55%｜P90 92%｜**>75% 有 80295/224716（36%）**
隐含 PE：中位 11.4｜最小 3.5｜最大 167.1
g0 触顶（>25%）：26663/224716（12%）
两种 g0 口径之差（trailing − sustainable，n=142718）：中位 +1.0%｜P10 -32.6%｜P90 +49.2%
生效日晚于本期公告日（TTM 需更晚的年报，坑 2）：1549/224716（1%）
ROE 取数来源：eps_over_bps 13352｜weightavg_ttm 198914｜无 TTM ROE（归一化口径下不影响建带） 12450
ROE 趋势判定（净利率同向印证后）：down 36079｜up 12964｜无趋势→用锚 175673
按周期股拉长窗口（走势单调度<35%）：109951/224716（49%）
增量 ROE 的 eps_old 折算判定（OI-041）：n/a 168,765｜pre_adjusted 11,114｜raw 82,091
外生权益 |x|/BPS（224,716 条 ok 带）：中位 0.13%｜P90 5.55%｜P99 50.43%｜>5% 23,909｜>20% 9,723
BPS 股本基准 = 报告期末（送转落在期末与公告日之间且未反映）：2,201 条 ok 带
股本口径模式计数：|x|>5%BPS 的带 1,747｜|x|>5%BPS 的带（权益口径） 22,234｜主体重置·重切窗口 8｜年报间 X·结构断点重切窗口 1,164｜模式·annual_row 4,546｜模式·annual_row（权益口径） 55,785｜模式·no_ref_shares（权益口径） 672｜模式·np_gap（权益口径） 6｜模式·shares_eps 388｜模式·shares_eps（权益口径） 5,240｜模式·shares_ref 13,056｜模式·shares_ref（权益口径） 142,655｜模式·x_implausible_negative 211｜模式·x_implausible_negative（权益口径） 3,066｜经营账面非正退回 BPS 20｜薄权益守卫·拒绝 623
最新带 |x|/BPS > 10% 的股票（前 12）：华智数媒(300426) +95%@2025-09-30；维信诺(002387) +95%@2018-09-30；ST云网(002306) +95%@2024-09-30；星光股份(002076) +95%@2021-06-30；*ST高升(000971) +95%@2015-09-30；吉峰科技(300022) +75%@2023-09-30；长光华芯(688048) +72%@2022-09-30；ST通葡(600365) +68%@2013-06-30；*ST沐邦(603398) +66%@2024-09-30；退市卓朗(600225) +65%@2015-09-30；恒烁股份(688416) +63%@2022-09-30；恒运昌(688785) +62%@2026-06-30
增量 ROE(ΔEPS/ΔBPS) − 建模 ROE（n=175218）：中位 -9.5%｜**低于建模 ROE 的有 127918（73%）**
  ↑ 低于即说明「新投入的钱赚得不如存量」，g=ROE×b 会高估增长（外部评审第 11 点）

换带跳变 |Δln(内在价值)|（n=196699）：中位 7.4%｜P90 62.4%｜最大 917.8%｜**>20% 有 62198（32%）**
  ↑ 这是 OI-034「按空间排序买前十」的关键量：跳变越大，回测收益越可能来自换带时点而非价格

逐股覆盖：5565 只中 **4120 只无异常**（建带率 ≥60% 且生效后逐日 100% 有状态）
以下 1445 只须看（成功带数/报告期数 → 首带生效后有状态交易日/该区间交易日）：
  000003 PT金田A     0/30  → 无可用区间   ← **一条带都没建成**
  000004 国华退      19/56  → 5273/5272（100%）
  000005 ST星源     15/56  → 4863/4862（100%）
  000007 全新好      48/98  → 4952/4951（100%）
  000008 神州高铁     33/98  → 4588/4587（100%）
  000010 *ST美丽    50/98  → 4823/4822（100%）
  000013 *ST石化A    0/19  → 无可用区间   ← **一条带都没建成**
  000015 PT中浩A     0/53  → 无可用区间   ← **一条带都没建成**
  000016 *ST康佳A   32/98  → 5643/5642（100%）
  000017 深中华A     25/98  → 2249/2248（100%）
  000018 神城A退     17/56  → 2942/2941（100%）
  000019 深粮控股     58/98  → 4494/4493（100%）
  000020 深华发A     24/98  → 4088/4087（100%）
  000023 *ST深天    27/56  → 4313/4312（100%）
  000025 特力A      55/98  → 4403/4402（100%）
  000030 富奥股份     51/98  → 2979/2978（100%）
  000033 新都退       2/56  → 1413/1412（100%）
  000035 中国天楹     42/98  → 4698/4697（100%）
  000037 深南电A     45/98  → 5289/5288（100%）
  000038 大通退      29/56  → 2981/2980（100%）
  000040 *ST旭蓝    31/56  → 4523/4522（100%）
  000045 深纺织A     44/98  → 5396/5395（100%）
  000047 ST中侨      0/55  → 无可用区间   ← **一条带都没建成**
  000056 *ST皇庭    15/98  → 5518/5517（100%）
  000058 深赛格      39/98  → 5139/5138（100%）
  000068 华控赛格     39/98  → 5039/5038（100%）
  000150 *ST宜康    18/56  → 3468/3468（100%）
  000153 丰原药业     47/98  → 4245/4244（100%）
  000156 华数传媒     44/98  → 3873/3872（100%）
  000158 常山北明     24/98  → 5509/5508（100%）
  000159 国际实业     53/98  → 4403/4402（100%）
  000405 ST鑫光      0/26  → 无可用区间   ← **一条带都没建成**
  000408 藏格矿业     50/98  → 5418/5417（100%）
  000409 云鼎科技     45/98  → 4652/4652（100%）
  000410 沈阳机床     44/98  → 5028/5027（100%）
  000412 ST五环      0/13  → 无可用区间   ← **一条带都没建成**
  000413 ST旭电     25/56  → 4865/4864（100%）
  000415 渤海租赁     58/98  → 4932/4931（100%）
  000420 吉林化纤     19/98  → 5294/5293（100%）
  000426 兴业银锡     30/98  → 5402/5401（100%）
  000428 华天酒店     55/98  → 5705/5704（100%）
  000430 张家界      51/98  → 5525/5524（100%）
  000502 绿景退      20/56  → 3982/3981（100%）
  000503 国新健康     32/98  → 5501/5500（100%）
  000504 南华生物     39/98  → 5062/5061（100%）
  000505 京粮控股     44/98  → 4988/4988（100%）
  000506 招金黄金     50/98  → 4697/4696（100%）
  000509 华塑控股     33/98  → 5339/5338（100%）
  000518 四环生物     13/98  → 5229/5228（100%）
  000520 凤凰航运     58/98  → 5157/5156（100%）
  000521 长虹美菱     49/98  → 4075/4075（100%）
  000523 红棉股份     21/98  → 4772/4771（100%）
  000524 岭南控股     56/98  → 4927/4926（100%）
  000526 学大教育     43/98  → 5216/5215（100%）
  000535 *ST猴王     0/14  → 无可用区间   ← **一条带都没建成**
  000536 华映科技     45/98  → 3784/3783（100%）
  000545 金浦钛业     55/98  → 4612/4611（100%）
  000548 湖南投资     52/98  → 5764/5763（100%）
  000553 安道麦A     47/98  → 4280/4279（100%）
  000554 泰山石油     26/98  → 5574/5573（100%）
  000555 神州信息     32/98  → 2347/2347（100%）
  000556 PT南洋      5/48  → 无可用区间
  000557 西部创业     17/98  → 1767/1766（100%）
  000558 天府文旅     55/98  → 5077/5076（100%）
  000560 我爱我家     48/98  → 3807/3806（100%）
  000561 烽火电子     48/98  → 3471/3470（100%）
  000564 供销大集     44/98  → 5249/5248（100%）
  000566 海南海药     56/98  → 4623/4622（100%）
  000569 长城股份      9/29  → 1580/1579（100%）
  000570 苏常柴A     44/98  → 5364/5363（100%）
  000571 新大洲A     41/98  → 5249/5248（100%）
  000572 海马汽车     35/98  → 5349/5348（100%）
  000573 粤宏远A     25/98  → 3705/3704（100%）
  000576 甘化科工     46/98  → 3706/3705（100%）
  000578 盐湖集团     20/36  → 1657/1657（100%）
  000583 S*ST托普    0/56  → 无可用区间   ← **一条带都没建成**
  000585 东电退      15/56  → 4332/4331（100%）
  000586 汇源通信     42/98  → 5177/5176（100%）
  000587 *ST金洲    20/56  → 4431/4431（100%）
  000588 PT粤金曼     0/34  → 无可用区间   ← **一条带都没建成**
  000590 古汉医药     55/98  → 5537/5536（100%）
  000592 平潭发展     26/98  → 4012/4011（100%）
  000593 德龙汇能     35/98  → 5577/5576（100%）
  000594 国恒退      17/56  → 2796/2795（100%）
  000595 新能股份     27/98  → 4606/4605（100%）
  000597 东北制药     42/98  → 4504/4503（100%）
  000599 青岛双星     41/98  → 5728/5727（100%）
  000605 渤海股份     36/98  → 5022/5021（100%）
  000606 顺利退      17/56  → 4798/4797（100%）
  000610 *ST西旅    21/98  → 5136/5135（100%）
  000613 东海A退      3/56  → 4323/4322（100%）
  000615 *ST美谷    55/98  → 5510/5509（100%）
  000618 吉林化工      3/15  → 424/424（100%）
  000619 海螺新材     58/98  → 5723/5722（100%）
  000621 *ST比特     0/24  → 无可用区间   ← **一条带都没建成**
  000622 恒立退       7/56  → 3771/3770（100%）
  000627 *ST天茂    24/56  → 5337/5336（100%）
  000628 高新发展     58/98  → 4363/4362（100%）
  000632 ST三木      9/98  → 5827/5826（100%）
  000633 合金投资     41/98  → 4954/4953（100%）
  000635 英力特      58/98  → 5740/5739（100%）
  000636 风华高科     53/98  → 5574/5573（100%）
  000638 *ST万方    16/56  → 3500/3499（100%）
  000653 ST九州      0/13  → 无可用区间   ← **一条带都没建成**
  000657 中钨高新     50/98  → 3081/3080（100%）
  000658 ST海洋      0/54  → 无可用区间   ← **一条带都没建成**
  000659 珠海中富     48/98  → 5708/5707（100%）
  000660 *ST南华     0/51  → 无可用区间   ← **一条带都没建成**
  000662 天夏退      32/56  → 4092/4091（100%）
  000663 永安林业     39/98  → 5659/5658（100%）
  000665 湖北广电     48/98  → 5544/5543（100%）
  000669 ST金鸿     52/98  → 5485/5484（100%）
  000670 盈方微      31/98  → 3470/3469（100%）
  000673 当代退      16/56  → 4157/4156（100%）
  000675 ST银山      0/50  → 无可用区间   ← **一条带都没建成**
  000678 襄阳轴承     16/98  → 5170/5169（100%）
  000679 大连友谊     57/98  → 5605/5604（100%）
  000681 视觉中国     55/98  → 4498/4497（100%）
  000682 东方电子     51/98  → 5572/5571（100%）
  000687 华讯退      17/56  → 4136/4135（100%）
  000688 国城矿业     49/98  → 4060/4059（100%）
  000689 ST宏业      0/54  → 无可用区间   ← **一条带都没建成**
  000691 亚太实业     31/98  → 4341/4340（100%）
  000692 惠天热电     26/98  → 5754/5753（100%）
  000693 华泽退      11/56  → 1608/1607（100%）
  000695 滨海能源     22/98  → 5240/5239（100%）
  000697 炼石航空     43/98  → 5447/5446（100%）
  000698 ST沈化     49/98  → 5629/5628（100%）
  000699 S*ST佳纸    0/24  → 无可用区间   ← **一条带都没建成**
  000701 厦门信达     57/98  → 5266/5265（100%）
  000702 正虹科技     24/98  → 5759/5758（100%）
  000705 浙江震元     44/98  → 5724/5723（100%）
  000707 双环科技     37/98  → 5725/5724（100%）
  000709 河钢股份     55/98  → 5685/5684（100%）
  000710 贝瑞基因     45/98  → 5021/5020（100%）
  000711 ST京蓝     37/98  → 5108/5107（100%）
  000712 锦龙股份     48/98  → 5446/5445（100%）
  000713 国投丰乐     55/98  → 5696/5695（100%）
  000716 黑芝麻      29/98  → 5294/5293（100%）
  000720 新能泰山     47/98  → 5482/5481（100%）
  000721 西安饮食     47/98  → 5580/5579（100%）
  000722 湖南发展     43/98  → 5127/5126（100%）
  000725 京东方A     21/98  → 5548/5547（100%）
  000727 冠捷科技     36/98  → 5686/5685（100%）
  000730 *ST环保     1/18  → 无可用区间
  000732 ST泰禾     28/56  → 4202/4201（100%）
  000735 罗牛山      30/98  → 5573/5572（100%）
  000736 中交发展     56/98  → 4094/4093（100%）
  000737 北方铜业     51/98  → 5786/5785（100%）
  000748 长城信息     29/56  → 3180/3179（100%）
  000750 国海证券     40/98  → 3588/3588（100%）
  000752 *ST西发    50/98  → 5740/5739（100%）
  000757 浩物股份     39/98  → 4164/4163（100%）
  000759 中百集团     58/98  → 5598/5597（100%）
  000760 斯太退      15/56  → 3909/3908（100%）
  000762 西藏矿业     48/98  → 5033/5032（100%）
  000765 *ST华信     0/56  → 无可用区间   ← **一条带都没建成**
  000766 通化金马     38/98  → 5404/5403（100%）
  000767 晋控电力     51/98  → 5628/5627（100%）
  000768 中航西飞     40/98  → 5649/5648（100%）
  000769 *ST大菲     0/16  → 无可用区间   ← **一条带都没建成**
  000779 甘咨询      50/98  → 5564/5563（100%）
  000782 恒申新材     18/98  → 5482/5481（100%）
  000787 *ST创智    22/56  → 454/453（100%）
  000790 华神科技     52/98  → 5665/5664（100%）
  000795 英洛华      50/98  → 3796/3795（100%）
  000796 凯撒旅业     48/98  → 3713/3712（100%）
  000798 中水渔业     46/98  → 5651/5650（100%）
  000802 北京文化     25/98  → 5564/5563（100%）
  000803 山高环能     40/98  → 5197/5196（100%）
  000805 *ST炎黄     7/56  → 874/873（100%）
  000806 银河退      26/56  → 4580/4579（100%）
  000809 和展能源     50/98  → 5607/5606（100%）
  000813 德展健康     41/98  → 4468/4468（100%）
  000815 美利云      54/98  → 5371/5370（100%）
  000816 智慧农业     35/98  → 5653/5652（100%）
  000818 航锦科技     50/98  → 4182/4181（100%）
  000820 神雾节能     45/98  → 4885/4884（100%）
  000821 ST京机     41/98  → 5411/5410（100%）
  000827 *ST长兴     0/17  → 无可用区间   ← **一条带都没建成**
  000832 *ST龙涤     4/56  → 无可用区间
  000836 ST富通     30/56  → 4930/4929（100%）
  000851 *ST高鸿     6/56  → 4921/4920（100%）
  000856 冀东装备     55/98  → 5695/5694（100%）
  000859 国风新材     44/98  → 5809/5808（100%）
  000863 三湘印象     47/98  → 4357/4356（100%）
  000868 安凯客车     31/98  → 5154/5153（100%）
  000875 电投绿能     41/97  → 5560/5559（100%）
  000882 华联股份     25/98  → 5706/5705（100%）
  000886 海南高速     25/98  → 3711/3710（100%）
  000889 中嘉博创     58/98  → 5325/5324（100%）
  000890 法尔胜      41/98  → 5586/5585（100%）
  000892 欢瑞世纪     40/98  → 4879/4878（100%）
  000893 亚钾国际     55/98  → 4530/4529（100%）
  000897 津滨发展     41/98  → 5542/5541（100%）
  000898 鞍钢股份     57/98  → 5835/5834（100%）
  000901 航天科技     37/98  → 5587/5586（100%）
  000908 石药景峰     32/98  → 4014/4013（100%）
  000909 *ST数源    21/98  → 3920/3919（100%）
  000917 电广传媒     30/98  → 4114/4113（100%）
  000918 *ST嘉凯    23/56  → 3358/3358（100%）
  000922 佳电股份     54/98  → 4281/4280（100%）
  000923 河钢资源     43/98  → 4426/4425（100%）
  000925 众合科技     40/98  → 4892/4891（100%）
  000928 中钢国际     52/98  → 4204/4203（100%）
  000929 兰州黄河     35/98  → 4694/4694（100%）
  000931 中关村      47/98  → 5352/5351（100%）
  000952 广济药业     50/98  → 5466/5465（100%）
  000953 中哲精化     35/98  → 5295/5294（100%）
  000955 欣龙控股     11/98  → 3749/3748（100%）
  000962 东方钽业     49/98  → 5356/5355（100%）
  000965 天保基建     48/98  → 4416/4416（100%）
  000971 *ST高升    27/56  → 4708/4707（100%）
  000972 中基健康     46/98  → 5225/5224（100%）
  000976 *ST华铁    13/56  → 4860/4859（100%）
  000978 桂林旅游     48/98  → 5533/5532（100%）
  000979 中弘退      27/56  → 3454/3453（100%）
  000980 众泰汽车     20/98  → 5089/5088（100%）
  000981 山子高科     39/98  → 3280/3280（100%）
  000985 大庆华科     37/98  → 5610/5609（100%）
  000990 诚志股份     40/98  → 5336/5335（100%）
  000993 闽东电力     33/98  → 4859/4858（100%）
  000995 皇台酒业     31/98  → 4919/4918（100%）
  000996 中期退      13/56  → 3765/3764（100%）
  001207 联科科技     25/45  → 1202/1201（100%）
  001211 双枪科技     13/29  → 1164/1163（100%）
  001213 中铁特货      2/29  → 555/554（100%）
  001226 拓山重工     14/25  → 958/957（100%）
  001233 海安集团     10/18  → 70/69（101%）
  001236 弘业期货      2/30  → 无可用区间
  001237 惠康科技      5/10  → 无可用区间
  001248 华润新能源     5/10  → 无可用区间
  001257 盛龙股份      5/10  → 71/70（101%）
  001266 宏英智能     13/25  → 1039/1038（100%）
  001267 汇绿生态     37/98  → 1039/1038（100%）
  001289 龙源电力     19/64  → 1039/1038（100%）
  001312 福恩股份      5/10  → 无可用区间
  001313 粤海饲料     16/31  → 1038/1037（100%）
  001317 三羊马      19/36  → 1047/1046（100%）
  001330 博纳影业     10/31  → 917/916（100%）
  001365 天海电子      5/10  → 无可用区间
  001386 马可波罗     11/19  → 70/69（101%）
  001391 国货航      11/20  → 326/325（100%）
  001393 维通利       5/10  → 无可用区间
  001399 惠科股份      6/14  → 无可用区间
  001896 豫能控股     56/98  → 5569/5568（100%）
  002005 德豪润达     34/94  → 4992/4991（100%）
  002021 中捷资源     48/94  → 4860/4859（100%）
  002031 巨轮智能     51/93  → 5193/5192（100%）
  002040 南京港      51/92  → 4980/4979（100%）
  002052 同洲电子     35/87  → 4521/4520（100%）
  002058 威尔泰      41/87  → 4753/4752（100%）
  002072 凯瑞德      31/86  → 4134/4133（100%）
  002076 星光股份     38/86  → 4348/4347（100%）
  002077 大港股份     44/86  → 4558/4557（100%）
  002086 东方海洋     43/86  → 4552/4551（100%）
  002092 中泰化学     46/86  → 4486/4485（100%）
  002095 生意宝      45/86  → 4678/4677（100%）
  002114 罗平锌电     36/85  → 4477/4476（100%）
  002122 ST汇洲     44/84  → 4468/4467（100%）
  002123 梦网科技     47/85  → 4530/4529（100%）
  002132 恒星科技     41/83  → 4479/4478（100%）
  002134 天津普林     46/84  → 4450/4449（100%）
  002135 东南网架     42/84  → 4552/4551（100%）
  002137 实益达      47/84  → 4406/4405（100%）
  002141 贤丰控股     31/83  → 4355/4354（100%）
  002143 印纪退      22/41  → 2150/2149（100%）
  002145 钛能化学     43/83  → 3342/3341（100%）
  002148 北纬科技     43/83  → 4117/4116（100%）
  002149 西部材料     37/83  → 4321/4321（100%）
  002151 北斗星通     33/83  → 3997/3996（100%）
  002160 常铝股份     33/83  → 4268/4267（100%）
  002161 远望谷      46/83  → 4398/4397（100%）
  002162 悦心健康     16/83  → 4047/4046（100%）
  002163 海南发展     38/83  → 4038/4037（100%）
  002164 宁波东力     44/83  → 4373/4372（100%）
  002167 东方锆业     44/83  → 4393/4392（100%）
  002168 ST惠程     47/82  → 4131/4130（100%）
  002173 创新医疗     33/82  → 4383/4382（100%）
  002175 *ST东智    29/82  → 3780/3779（100%）
  002176 江特电机     47/82  → 4039/4038（100%）
  002177 御银股份     36/82  → 4150/4149（100%）
  002178 延华智能     46/82  → 4327/4326（100%）
  002188 中天服务     40/82  → 4242/4241（100%）
  002189 中光学      44/82  → 4243/4242（100%）
  002190 成飞集成     47/82  → 4177/4176（100%）
  002193 ST如意     31/82  → 4199/4198（100%）
  002197 证通电子     47/82  → 4381/4381（100%）
  002199 东晶电子     38/82  → 4202/4201（100%）
  002200 交投生态     42/82  → 4277/4276（100%）
  002201 九鼎新材     24/82  → 4211/4210（100%）
  002204 大连重工     48/81  → 4406/4405（100%）
  002205 国统股份     38/82  → 4409/4408（100%）
  002207 *ST准油    27/82  → 4073/4072（100%）
  002209 达意隆      49/82  → 4263/4262（100%）
  002211 ST宏达     32/82  → 4037/4036（100%）
  002212 天融信      39/81  → 4171/4170（100%）
  002213 大为股份     46/82  → 4361/4360（100%）
  002218 拓日新能     36/81  → 4415/4414（100%）
  002227 *ST特迅    25/80  → 4320/4319（100%）
  002229 鸿博股份     35/80  → 4314/4313（100%）
  002234 民和股份     47/80  → 4336/4335（100%）
  002235 安妮股份     34/80  → 4133/4132（100%）
  002239 奥特佳      39/80  → 3827/3826（100%）
  002240 盛新锂能     32/80  → 4065/4064（100%）
  002248 华东数控     46/80  → 4081/4080（100%）
  002251 步步高      43/80  → 4264/4263（100%）
  002253 川大智胜     41/80  → 4325/4325（100%）
  002257 立立电子      1/3   → 无可用区间
  002259 升达林业     34/80  → 4065/4064（100%）
  002261 拓维信息     46/80  → 4143/4142（100%）
  002263 大东南      39/79  → 3829/3828（100%）
  002265 建设工业     38/79  → 4195/4194（100%）
  002269 美邦服饰     35/79  → 4263/4262（100%）
  002272 川润股份     34/78  → 4105/4104（100%）
  002278 神开股份     31/76  → 3855/3854（100%）
  002282 博深股份     39/75  → 3897/3896（100%）
  002286 保龄宝      44/76  → 3915/3914（100%）
  002289 宇顺电子     28/76  → 3621/3620（100%）
  002290 禾盛新材     43/76  → 3927/3926（100%）
  002291 遥望科技     20/76  → 3930/3929（100%）
  002295 精艺股份     31/78  → 3978/3977（100%）
  002297 博云新材     25/76  → 3828/3827（100%）
  002298 中电鑫龙     38/74  → 3919/3918（100%）
  002305 *ST南置    36/74  → 3858/3857（100%）
  002306 ST云网     37/74  → 3529/3528（100%）
  002307 北新路桥     19/74  → 3925/3924（100%）
  002313 日海智能     34/73  → 3814/3813（100%）
  002316 亚联发展     32/74  → 3501/3500（100%）
  002319 乐通股份     23/74  → 3729/3728（100%）
  002321 华英农业     36/74  → 3886/3885（100%）
  002323 *ST雅博    44/74  → 3489/3488（100%）
  002328 新朋股份     37/74  → 3879/3878（100%）
  002329 皇氏集团     43/77  → 3790/3789（100%）
  002330 得利斯      16/74  → 3874/3873（100%）
  002333 罗普斯金     43/74  → 3916/3915（100%）
  002336 人乐退      19/32  → 3584/3583（100%）
  002337 赛象科技     32/74  → 3908/3907（100%）
  002339 积成电子     44/74  → 3895/3894（100%）
  002342 巨力索具     27/74  → 3922/3921（100%）
  002344 海宁皮城     44/74  → 3848/3847（100%）
  002347 泰尔股份     20/74  → 3793/3792（100%）
  002348 高乐股份     31/74  → 3805/3804（100%）
  002355 兴民智通     29/74  → 3825/3824（100%）
  002356 鹏飞绿能     38/74  → 3645/3644（100%）
  002359 北讯退      19/32  → 2231/2230（100%）
  002362 汉王科技     31/74  → 3947/3946（100%）
  002363 隆基机械     21/73  → 3928/3927（100%）
  002369 卓翼科技     25/73  → 3702/3701（100%）
  002374 中锐股份     29/73  → 3846/3845（100%）
  002377 国创高新     31/73  → 3736/3735（100%）
  002379 宏桥控股     34/73  → 3606/3605（100%）
  002383 合众思壮     28/73  → 3656/3655（100%）
  002386 天原股份     27/73  → 3828/3827（100%）
  002387 维信诺      18/73  → 3703/3702（100%）
  002388 新亚制程     27/73  → 3702/3701（100%）
  002389 航天彩虹     34/73  → 3624/3623（100%）
  002390 信邦制药     26/73  → 3728/3727（100%）
  002393 力生制药     41/73  → 3879/3878（100%）
  002395 双象股份     34/73  → 3839/3838（100%）
  002403 爱仕达      41/73  → 3827/3826（100%）
  002407 多氟多      44/76  → 3778/3777（100%）
  002413 雷科防务     30/73  → 3624/3623（100%）
  002417 深南退      17/30  → 2862/2861（100%）
  002418 康盛股份     31/72  → 3658/3657（100%）
  002420 毅昌科技     42/72  → 3857/3856（100%）
  002425 凯撒文化     34/72  → 3686/3685（100%）
  002426 胜利精密     33/72  → 3546/3545（100%）
  002428 云南锗业     33/72  → 3884/3883（100%）
  002431 ST棕榈     36/72  → 3706/3705（100%）
  002432 九安医疗     37/72  → 3837/3836（100%）
  002446 盛路通信     38/73  → 3697/3696（100%）
  002451 摩恩电气     26/71  → 3683/3682（100%）
  002453 华软科技     31/71  → 3618/3617（100%）
  002461 珠江啤酒     33/73  → 2172/2171（100%）
  002473 圣莱退      15/28  → 2367/2366（100%）
  002474 榕基软件     24/72  → 3772/3772（100%）
  002476 新叶股份     35/70  → 3690/3689（100%）
  002480 新筑股份     17/70  → 3790/3789（100%）
  002485 ST雪发     25/70  → 3377/3376（100%）
  002488 金固股份     32/70  → 3723/3722（100%）
  002490 山东墨龙     25/72  → 3726/3725（100%）
  002494 华斯股份     27/70  → 3684/3683（100%）
  002495 佳隆股份     27/70  → 3707/3706（100%）
  002500 山西证券     42/73  → 3598/3597（100%）
  002506 协鑫集成     32/71  → 3348/3347（100%）
  002513 蓝丰生化     19/70  → 3511/3510（100%）
  002514 *ST宝馨    28/70  → 3484/3483（100%）
  002515 金字火腿     25/70  → 3480/3479（100%）
  002523 天桥起重     40/72  → 3635/3634（100%）
  002524 光正眼科     27/70  → 3479/3478（100%）
  002525 胜景山河      3/6   → 无可用区间
  002526 山东矿机     37/70  → 3528/3527（100%）
  002528 *ST英飞    22/70  → 3593/3592（100%）
  002529 海源复材     27/77  → 3606/3605（100%）
  002530 金财互联     41/70  → 3569/3568（100%）
  002535 林州重机     37/70  → 3600/3599（100%）
  002547 *ST春兴    38/69  → 3507/3506（100%）
  002564 天沃科技     32/69  → 3532/3531（100%）
  002565 顺灏股份     37/69  → 3636/3635（100%）
  002566 益盛药业     23/71  → 3644/3643（100%）
  002569 *ST步森    33/69  → 3091/3090（100%）
  002570 贝因美      41/69  → 3520/3519（100%）
  002571 德力股份     20/69  → 3229/3228（100%）
  002574 明牌珠宝     25/68  → 3459/3458（100%）
  002575 群兴玩具     19/68  → 3184/3183（100%）
  002577 雷柏科技     26/69  → 3484/3483（100%）
  002578 闽发铝业     23/68  → 3464/3463（100%）
  002580 圣阳股份     34/68  → 3480/3479（100%）
  002582 好想你      36/68  → 3507/3506（100%）
  002585 双星新材     37/68  → 3634/3633（100%）
  002586 ST围海     39/68  → 3419/3418（100%）
  002591 恒大高新     28/71  → 3475/3474（100%）
  002593 日上集团     28/69  → 3609/3608（100%）
  002596 海南瑞泽     27/68  → 3345/3344（100%）
  002599 盛通股份     31/70  → 3501/3500（100%）
  002607 中公教育     38/67  → 3416/3415（100%）
  002613 北玻股份     27/67  → 3588/3587（100%）
  002617 露笑科技     32/66  → 3231/3230（100%）
  002622 皓宸医疗     23/67  → 3076/3075（100%）
  002623 亚玛顿      28/66  → 3453/3452（100%）
  002628 成都路桥     26/66  → 3479/3478（100%）
  002629 仁智股份     37/66  → 3150/3149（100%）
  002630 *ST华西    35/69  → 3210/3209（100%）
  002633 申科股份     21/66  → 3165/3164（100%）
  002638 勤上股份     16/66  → 3125/3124（100%）
  002639 雪人集团     15/66  → 3266/3265（100%）
  002642 荣联科技     31/66  → 3234/3233（100%）
  002646 天佑德酒     32/66  → 3472/3471（100%）
  002647 仁东控股     34/66  → 2921/2920（100%）
  002656 摩登大道     29/65  → 3095/3094（100%）
  002657 中科金财     34/65  → 3401/3400（100%）
  002659 凯文教育     22/65  → 3272/3271（100%）
  002663 普邦股份     32/72  → 3251/3250（100%）
  002667 *ST威领    25/65  → 3284/3283（100%）
  002670 国盛证券     32/65  → 3149/3148（100%）
  002671 龙泉股份     36/65  → 3284/3283（100%）
  002676 顺威股份     31/65  → 3150/3149（100%）
  002679 福建金森     37/64  → 3319/3318（100%）
  002682 龙洲股份     28/65  → 3292/3291（100%）
  002683 广东宏大     52/68  → 3118/3223（97%）
  002684 猛狮退      12/22  → 2041/2040（100%）
  002689 ST远智     36/63  → 3333/3332（100%）
  002691 *ST冀凯    16/64  → 3147/3146（100%）
  002693 双成药业     31/63  → 3249/3248（100%）
  002694 *ST顾地    26/63  → 3093/3092（100%）
  002702 海欣食品     29/65  → 3197/3196（100%）
  002703 浙江世宝     31/62  → 3088/3087（100%）
  002708 光洋股份     29/58  → 2898/2897（100%）
  002712 思美传媒     31/59  → 2791/2790（100%）
  002715 登云股份     23/59  → 2968/2967（100%）
  002719 ST麦趣     23/59  → 2719/2718（100%）
  002721 金一文化     29/59  → 2582/2581（100%）
  002723 小崧股份     23/59  → 2893/2892（100%）
  002725 跃岭股份     31/59  → 2852/2851（100%）
  002733 雄韬股份     35/65  → 2748/2747（100%）
  002740 *ST爱迪     7/12  → 1954/1953（100%）
  002742 冀衡医药     31/53  → 2654/2653（100%）
  002743 富煌钢构     28/58  → 2710/2709（100%）
  002751 易尚退       6/11  → 1844/1843（100%）
  002762 金发拉比     26/52  → 2532/2531（100%）
  002767 先锋电子     24/52  → 2680/2679（100%）
  002770 科迪退       6/11  → 1515/1514（100%）
  002771 真视通      24/52  → 2614/2613（100%）
  002775 文科股份     28/52  → 2653/2652（100%）
  002776 *ST柏龙     6/11  → 1974/1973（100%）
  002778 中晟高科     32/55  → 2433/2432（100%）
  002780 三夫户外     22/50  → 2490/2489（100%）
  002785 万里石      11/52  → 2498/2497（100%）
  002786 银宝山新     25/51  → 2498/2497（100%）
  002789 *ST建艺    27/50  → 2495/2494（100%）
  002796 世嘉科技     29/50  → 2366/2365（100%）
  002805 丰元股份     26/50  → 2382/2381（100%）
  002808 恒久退       7/12  → 无可用区间
  002813 路畅科技     26/49  → 2238/2237（100%）
  002816 *ST和科    17/49  → 2196/2196（100%）
  002828 贝肯能源     25/48  → 2263/2262（100%）
  002846 英联股份     28/47  → 2254/2253（100%）
  002848 高斯贝尔     15/49  → 2251/2250（100%）
  002855 捷荣技术     19/48  → 2257/2256（100%）
  002856 *ST美芝    16/47  → 2129/2128（100%）
  002858 力盛体育     25/48  → 2255/2254（100%）
  002861 瀛通通讯     28/48  → 2175/2174（100%）
  002862 实丰文化     19/46  → 2173/2172（100%）
  002868 绿康生化     22/46  → 2171/2170（100%）
  002872 ST天圣     13/45  → 2115/2114（100%）
  002875 安奈儿      18/45  → 2171/2170（100%）
  002898 赛隆退       1/3   → 无可用区间
  002902 铭普光磁     21/44  → 2127/2127（100%）
  002910 庄园牧场     21/44  → 2030/2029（100%）
  002926 华西证券     34/66  → 2014/2013（100%）
  002933 新兴装备     19/38  → 1891/1890（100%）
  002936 郑州银行     30/58  → 1894/1893（100%）
  002939 长城证券     39/66  → 1771/1770（100%）
  002951 金时科技     22/39  → 1767/1766（100%）
  002962 五方光电     21/36  → 1646/1645（100%）
  002992 宝明科技     12/35  → 1406/1405（100%）
  002995 天地在线     18/36  → 1394/1393（100%）
  003029 吉大正元     17/32  → 1280/1279（100%）
  300004 南风股份     36/74  → 3780/3779（100%）
  300006 莱美药业     34/74  → 3820/3819（100%）
  300011 鼎汉技术     43/74  → 3769/3768（100%）
  300013 新宁物流     23/74  → 3770/3769（100%）
  300020 ST银江     40/74  → 3776/3775（100%）
  300022 吉峰科技     40/74  → 3753/3752（100%）
  300025 华星创业     39/74  → 3539/3538（100%）
  300027 ST华谊     39/74  → 3759/3758（100%）
  300032 金龙机电     37/74  → 3725/3724（100%）
  300044 *ST赛为    42/73  → 3748/3747（100%）
  300048 合康新能     35/73  → 3870/3869（100%）
  300050 世纪鼎利     33/73  → 3807/3806（100%）
  300051 琏升科技     22/74  → 3708/3708（100%）
  300052 中青宝      30/74  → 3739/3738（100%）
  300053 航宇微      34/73  → 3778/3777（100%）
  300056 中创环保     38/73  → 3635/3634（100%）
  300057 万顺新材     40/74  → 3751/3750（100%）
  300062 中能电气     39/72  → 3801/3800（100%）
  300065 海兰信      29/72  → 3717/3716（100%）
  300069 金利华电     32/72  → 3738/3737（100%）
  300074 华平股份     36/72  → 3817/3816（100%）
  300076 *ST宁视    12/72  → 3763/3762（100%）
  300077 国民技术     34/80  → 3810/3809（100%）
  300079 数码视讯     41/72  → 3844/3843（100%）
  300080 易成新能     27/72  → 3523/3522（100%）
  300081 ST恒信     23/72  → 3671/3670（100%）
  300084 海默科技     23/72  → 3752/3751（100%）
  300085 银之杰      28/72  → 3662/3661（100%）
  300086 康芝药业     23/72  → 3698/3697（100%）
  300089 文化退      12/30  → 2645/2644（100%）
  300091 *ST金灵    34/72  → 3789/3788（100%）
  300093 金刚光伏     19/72  → 3574/3573（100%）
  300094 国联水产     32/72  → 3725/3724（100%）
  300096 ST易联众    38/71  → 3704/3703（100%）
  300101 振芯科技     37/71  → 3756/3755（100%）
  300102 乾照光电     39/71  → 3749/3748（100%）
  300103 达刚控股     36/71  → 3741/3740（100%）
  300105 龙源技术     37/71  → 3835/3834（100%）
  300106 西部牧业     29/71  → 3778/3777（100%）
  300107 建新股份     36/71  → 3833/3832（100%）
  300111 向日葵      35/70  → 3620/3619（100%）
  300116 *ST保力    13/28  → 3002/3001（100%）
  300118 东方日升     41/70  → 3689/3688（100%）
  300120 经纬辉开     31/70  → 3719/3718（100%）
  300123 ST亚光     32/70  → 3578/3577（100%）
  300125 聆达股份     28/70  → 3592/3591（100%）
  300126 锐奇股份     23/70  → 3614/3613（100%）
  300128 锦富技术     24/70  → 3576/3575（100%）
  300131 英唐智控     40/70  → 3363/3362（100%）
  300134 大富科技     31/70  → 3388/3387（100%）
  300135 宝利国际     27/70  → 3577/3576（100%）
  300139 晓程科技     34/72  → 3706/3706（100%）
  300141 和顺电气     31/70  → 3652/3651（100%）
  300143 盈康生命     36/70  → 3360/3360（100%）
  300147 *ST香雪    35/70  → 3727/3727（100%）
  300148 天舟文化     40/70  → 3426/3425（100%）
  300150 世纪瑞尔     40/77  → 3531/3530（100%）
  300152 *ST动力    27/70  → 3528/3527（100%）
  300153 科泰电源     34/70  → 3618/3617（100%）
  300155 安居宝      40/69  → 3687/3686（100%）
  300157 新锦动力     28/70  → 3465/3464（100%）
  300158 振东制药     34/70  → 3576/3575（100%）
  300161 华中数控     22/70  → 3502/3501（100%）
  300162 雷曼光电     21/70  → 3558/3557（100%）
  300163 先锋新材     27/70  → 3297/3296（100%）
  300164 通源石油     32/69  → 3410/3409（100%）
  300165 天瑞仪器     24/70  → 3503/3502（100%）
  300167 ST迪威迅    20/70  → 3625/3624（100%）
  300169 天晟新材     18/69  → 3445/3444（100%）
  300173 ST福能     31/70  → 3400/3399（100%）
  300175 朗源股份     32/70  → 3680/3679（100%）
  300177 中海达      39/70  → 3630/3629（100%）
  300185 通裕重工     27/69  → 3673/3672（100%）
  300189 神农种业     26/69  → 3444/3443（100%）
  300191 潜能恒信     27/69  → 3612/3611（100%）
  300195 长荣股份     38/69  → 3582/3581（100%）
  300198 *ST纳川    35/69  → 3363/3363（100%）
  300199 翰宇药业     41/69  → 3498/3498（100%）
  300209 行云科技     25/68  → 3313/3312（100%）
  300210 森远股份     40/68  → 3604/3603（100%）
  300211 *ST亿通    24/68  → 3593/3592（100%）
  300220 金运激光     32/69  → 3429/3428（100%）
  300235 方直科技     38/69  → 3498/3497（100%）
  300240 飞力达      39/69  → 3441/3440（100%）
  300242 佳云科技     26/68  → 3306/3305（100%）
  300245 ST天玑     37/69  → 3581/3580（100%）
  300247 融捷健康     35/70  → 3339/3338（100%）
  300249 依米康      31/67  → 3475/3474（100%）
  300254 仟源医药     38/67  → 3501/3500（100%）
  300256 星星科技     27/67  → 3432/3431（100%）
  300264 佳创视讯     18/69  → 3580/3579（100%）
  300266 兴源环境     39/66  → 3199/3198（100%）
  300268 佳沃食品     13/66  → 3019/3018（100%）
  300270 中威电子     31/66  → 3474/3473（100%）
  300276 三丰智能     31/66  → 3350/3349（100%）
  300277 汽轮科技     29/69  → 3405/3404（100%）
  300281 金明精机     28/66  → 3428/3427（100%）
  300287 飞利信      39/66  → 3333/3332（100%）
  300289 利德曼      30/65  → 3391/3390（100%）
  300290 ST荣科     31/65  → 3176/3175（100%）
  300291 百纳千成     38/65  → 3236/3235（100%）
  300293 蓝英装备     26/65  → 3378/3377（100%）
  300301 ST长方     30/65  → 3313/3312（100%）
  300307 慈星股份     37/65  → 3433/3432（100%）
  300313 天山生物     18/65  → 3114/3113（100%）
  300317 珈伟新能     28/65  → 3093/3092（100%）
  300318 博晖创新     22/73  → 3275/3274（100%）
  300321 同大股份     39/66  → 3392/3391（100%）
  300323 华灿光电     32/64  → 3054/3053（100%）
  300328 宜安科技     33/64  → 3351/3350（100%）
  300331 苏大维格     32/67  → 3240/3239（100%）
  300332 天壕能源     37/64  → 3155/3154（100%）
  300333 兆日科技     28/63  → 3388/3387（100%）
  300334 津膜科技     28/63  → 3140/3139（100%）
  300337 银邦股份     32/64  → 3292/3291（100%）
  300338 *ST开元    24/63  → 3244/3243（100%）
  300340 科恒股份     27/66  → 3183/3182（100%）
  300343 联创股份     35/64  → 3066/3065（100%）
  300345 华民股份     29/66  → 3221/3220（100%）
  300352 ST信源     31/62  → 3236/3235（100%）
  300359 全通教育     31/59  → 2816/2815（100%）
  300361 奥赛康       4/7   → 无可用区间
  300364 中文在线     18/54  → 2585/2584（100%）
  300366 ST创意     33/60  → 2802/2801（100%）
  300368 汇金股份     35/60  → 2863/2862（100%）
  300370 安控科技     31/68  → 2888/2887（100%）
  300374 中铁装配     27/53  → 2613/2612（100%）
  300397 天和防务     33/56  → 2829/2828（100%）
  300399 天利科技     30/56  → 2749/2748（100%）
  300404 博济医药     27/53  → 2599/2598（100%）
  300405 科隆股份     13/56  → 2666/2665（100%）
  300411 金盾股份     31/54  → 2460/2459（100%）
  300414 中光防雷     25/52  → 2459/2458（100%）
  300419 ST浩丰     26/55  → 2631/2631（100%）
  300422 博世科      30/53  → 2726/2725（100%）
  300436 广生堂      22/53  → 2618/2617（100%）
  300449 汉邦高科     23/53  → 2562/2561（100%）
  300460 ST惠伦     19/52  → 2645/2644（100%）
  300461 田中精机     31/53  → 2447/2446（100%）
  300464 星徽股份     31/53  → 2482/2481（100%）
  300466 赛摩智能     21/52  → 2337/2337（100%）
  300467 迅游科技     27/53  → 2487/2487（100%）
  300469 信息发展     25/55  → 2553/2553（100%）
  300471 厚普股份     24/53  → 2657/2656（100%）
  300472 *ST新元    25/53  → 2479/2478（100%）
  300479 神思电子     21/53  → 2567/2566（100%）
  300483 首华燃气     25/57  → 2586/2585（100%）
  300489 光智科技     29/53  → 2614/2613（100%）
  300490 华自科技     25/52  → 2369/2368（100%）
  300491 通合科技     29/51  → 2435/2434（100%）
  300495 *ST美尚     5/10  → 1902/1901（100%）
  300498 温氏股份     43/72  → 2506/2505（100%）
  300506 名家汇      23/50  → 2475/2474（100%）
  300511 雪榕生物     29/50  → 2410/2409（100%）
  300513 恒实科技     26/49  → 2318/2317（100%）
  300521 爱司凯      18/50  → 2352/2351（100%）
  300526 中潜退       4/8   → 无可用区间
  300527 ST应急     27/49  → 2374/2373（100%）
  300528 幸福蓝海     23/50  → 2377/2376（100%）
  300530 领湃科技     22/49  → 2365/2364（100%）
  300536 农尚环境     26/49  → 2375/2374（100%）
  300537 广信材料     23/49  → 2310/2310（100%）
  300538 同益股份     25/48  → 2377/2376（100%）
  300540 蜀道装备     21/48  → 2366/2365（100%）
  300551 古鳌科技     27/48  → 2245/2244（100%）
  300554 三超新材     27/47  → 2170/2169（100%）
  300555 ST路通     17/48  → 2259/2258（100%）
  300557 理工光科     28/49  → 2295/2294（100%）
  300561 汇金科技     22/48  → 2253/2252（100%）
  300565 科信技术     20/49  → 2261/2260（100%）
  300583 赛托生物     24/46  → 2257/2256（100%）
  300585 奥联电子     28/47  → 2246/2245（100%）
  300588 熙菱信息     19/46  → 2256/2255（100%）
  300591 万里马      20/46  → 2258/2257（100%）
  300597 吉大通信     22/49  → 2252/2251（100%）
  300603 立昂技术     25/47  → 2097/2096（100%）
  300614 百川畅银     24/41  → 1199/1198（100%）
  300616 尚品宅配     27/46  → 2257/2256（100%）
  300621 维业股份     28/47  → 2256/2255（100%）
  300637 扬帆新材     27/47  → 2176/2175（100%）
  300647 超频三      14/46  → 2129/2128（100%）
  300648 星云股份     27/47  → 2171/2170（100%）
  300663 科蓝软件     27/47  → 2171/2170（100%）
  300665 飞鹿股份     23/47  → 2156/2155（100%）
  300683 海特生物     16/44  → 2076/2075（100%）
  300686 智动力      28/48  → 2132/2131（100%）
  300688 创业黑马     21/45  → 2118/2117（100%）
  300689 澄天伟业     26/44  → 2132/2131（100%）
  300706 阿石创      25/43  → 2134/2133（100%）
  300710 万隆光电     25/45  → 1999/1998（100%）
  300713 英可瑞      24/43  → 2020/2019（100%）
  300716 *ST泉为    22/44  → 2006/2005（100%）
  300728 天常股份      4/9   → 无可用区间
  300731 科创新源     26/44  → 2006/2005（100%）
  300733 西菱动力     22/43  → 2012/2011（100%）
  300736 百邦科技     24/49  → 2010/2009（100%）
  300742 越博退       1/3   → 无可用区间
  300745 欣锐科技     14/40  → 1936/1935（100%）
  300753 爱朋医疗     20/39  → 1796/1795（100%）
  300798 锦鸡股份     18/37  → 1530/1529（100%）
  300799 左江退       1/3   → 无可用区间
  300805 电声股份     16/35  → 1529/1528（100%）
  300807 天迈科技     23/47  → 1510/1509（100%）
  300808 久量股份     17/35  → 1526/1525（100%）
  300846 首都在线     29/56  → 1404/1403（100%）
  300849 锦盛新材     16/35  → 1404/1403（100%）
  300853 申昊科技     22/39  → 1404/1403（100%）
  300878 维康药业     19/35  → 1404/1403（100%）
  300881 盛德鑫泰     28/53  → 1406/1405（100%）
  300883 龙利得      18/40  → 1403/1402（100%）
  300889 爱克股份     18/33  → 1393/1392（100%）
  300892 品渥食品     20/34  → 1404/1403（100%）
  300895 铜牛信息     22/43  → 1410/1409（100%）
  300899 上海凯鑫     22/38  → 1287/1286（100%）
  300903 科翔股份     18/31  → 1304/1303（100%）
  300912 凯龙高科     20/35  → 1280/1279（100%）
  300928 华安鑫创     19/34  → 1284/1283（100%）
  300931 通用电梯     21/38  → 1282/1281（100%）
  300949 奥雅股份     18/35  → 1280/1279（100%）
  300956 英力股份     15/31  → 1271/1270（100%）
  300961 深水海纳     16/32  → 1281/1280（100%）
  300989 蕾奥规划     20/37  → 1199/1198（100%）
  300995 奇德新材     17/30  → 1202/1201（100%）
  300999 金龙鱼      19/33  → 1305/1304（100%）
  301013 利和兴      25/44  → 1202/1201（100%）
  301024 霍普股份     21/40  → 1163/1162（100%）
  301027 华蓝集团     18/31  → 1159/1158（100%）
  301037 保立佳      14/30  → 1160/1159（100%）
  301041 金百泽      22/49  → 1162/1161（100%）
  301049 超越科技     13/29  → 1163/1162（100%）
  301070 开勒股份     22/39  → 1162/1161（100%）
  301072 中捷精工     13/30  → 1161/1160（100%）
  301075 多瑞医药     15/29  → 1159/1158（100%）
  301088 戎美股份     17/30  → 1042/1041（100%）
  301093 华兰股份     17/31  → 1042/1041（100%）
  301097 天益医疗     19/33  → 955/954（100%）
  301100 风光股份     17/29  → 1048/1047（100%）
  301103 何氏眼科     15/29  → 1038/1037（100%）
  301105 鸿铭股份     15/29  → 800/799（100%）
  301112 信邦智能     16/29  → 947/946（100%）
  301116 益客食品     22/51  → 1039/1038（100%）
  301121 紫建电子     17/29  → 920/919（100%）
  301123 奕东电子     16/28  → 1041/1040（100%）
  301125 腾亚精工     16/28  → 956/955（100%）
  301126 达嘉维康     21/39  → 1042/1041（100%）
  301137 哈焊华通     16/28  → 1041/1040（100%）
  301163 宏德股份     16/29  → 958/957（100%）
  301169 零点有数     18/35  → 1043/1042（100%）
  301177 迪阿股份     17/29  → 1043/1042（100%）
  301182 凯旺科技     17/29  → 1051/1050（100%）
  301189 奥尼电子     20/35  → 1040/1039（100%）
  301217 铜冠铜箔     17/29  → 1040/1039（100%）
  301218 华是科技     20/35  → 1034/1033（100%）
  301228 实朴检测     14/28  → 1039/1038（100%）
  301260 格力博      12/25  → 795/794（100%）
  301269 华大九天     14/26  → 911/910（100%）
  301270 汉仪股份     15/27  → 920/919（100%）
  301273 瑞晨环保     13/26  → 796/795（100%）
  301285 鸿日达      13/25  → 919/918（100%）
  301288 清研环境     14/26  → 955/954（100%）
  301302 华如科技     21/37  → 956/955（100%）
  301306 西测测试     14/25  → 921/920（100%）
  301336 趣睡科技     16/30  → 920/919（100%）
  301487 盟固利      11/25  → 676/675（100%）
  301500 飞南资源     15/26  → 680/679（100%）
  301513 尚水智能      7/12  → 无可用区间
  301517 陕西华达     14/24  → 554/553（100%）
  301531 春光集团      5/10  → 无可用区间
  301571 国科天成     13/22  → 437/436（100%）
  301584 建发致新     11/19  → 192/191（101%）
  301590 优优绿能     10/18  → 231/230（100%）
  301599 理奇智能      5/10  → 无可用区间
  301655 绿控传动      4/12  → 无可用区间
  301656 联合动力      7/13  → 194/193（101%）
  301666 大普微       0/10  → 无可用区间   ← **一条带都没建成**
  301669 高特电子      5/10  → 无可用区间
  301680 固德电材     15/27  → 71/70（101%）
  301682 宏明电子      5/10  → 72/71（101%）
  301683 慧谷新材      5/10  → 无可用区间
  301687 新广益      10/18  → 70/69（101%）
  301696 三瑞智能      5/10  → 无可用区间
  600010 包钢股份     58/98  → 5695/5694（100%）
  600022 山东钢铁     42/94  → 4830/4829（100%）
  600025 华能水电     43/80  → 2012/2011（100%）
  600029 南方航空     56/95  → 5430/5429（100%）
  600059 古越龙山     57/98  → 5602/5601（100%）
  600065 *ST联谊    20/56  → 无可用区间
  600069 退市银鸽     29/56  → 3989/3988（100%）
  600072 中船科技     34/98  → 5743/5742（100%）
  600074 退市保千     31/56  → 3327/3326（100%）
  600076 康欣新材     44/98  → 5625/5624（100%）
  600077 *ST宋都    30/56  → 4975/4974（100%）
  600078 澄星股份     55/98  → 5678/5677（100%）
  600080 ST金花     27/98  → 5714/5713（100%）
  600082 ST海泰     34/98  → 5721/5720（100%）
  600084 *ST尼雅    21/98  → 5458/5457（100%）
  600086 退市金钰     31/56  → 4086/4085（100%）
  600087 退市长油     17/56  → 1461/1460（100%）
  600088 中视传媒     57/98  → 5187/5186（100%）
  600091 退市明科     15/56  → 4531/4530（100%）
  600092 S*ST精密    0/46  → 无可用区间   ← **一条带都没建成**
  600093 退市易见     20/56  → 4709/4708（100%）
  600095 湘财股份     26/98  → 5773/5772（100%）
  600099 林海股份      6/98  → 1196/1195（100%）
  600103 青山纸业     30/98  → 5673/5672（100%）
  600107 *ST尔雅    25/98  → 5702/5701（100%）
  600108 亚盛集团     49/98  → 5815/5814（100%）
  600110 诺德股份     56/98  → 5438/5437（100%）
  600115 中国东航     47/98  → 4979/4978（100%）
  600119 *ST长投    42/98  → 5730/5729（100%）
  600122 *ST宏图    28/56  → 4670/4669（100%）
  600127 金健米业     11/98  → 5770/5769（100%）
  600128 苏豪弘业     26/98  → 5735/5734（100%）
  600129 太极集团     50/98  → 5604/5603（100%）
  600135 乐凯胶片     27/98  → 5732/5731（100%）
  600137 浪莎股份     43/98  → 5713/5712（100%）
  600145 退市新亿     18/56  → 3200/3199（100%）
  600146 退市环球      6/56  → 2933/2932（100%）
  600148 长春一东     56/98  → 5597/5596（100%）
  600149 廊坊发展     37/98  → 5402/5401（100%）
  600150 中国船舶     56/98  → 5208/5207（100%）
  600151 航天机电     41/98  → 5536/5535（100%）
  600152 维科技术     43/98  → 5669/5668（100%）
  600155 华创云信     28/98  → 5195/5194（100%）
  600156 华升股份     21/98  → 5803/5802（100%）
  600157 永泰能源     54/98  → 5100/5099（100%）
  600159 大龙地产     52/98  → 5696/5695（100%）
  600163 中闽能源     49/98  → 5662/5661（100%）
  600165 ST宁科     19/98  → 5489/5488（100%）
  600169 ST太重     54/98  → 5743/5742（100%）
  600171 上海贝岭     50/98  → 5710/5709（100%）
  600178 东安动力     50/98  → 5572/5571（100%）
  600179 安通控股     45/98  → 5572/5571（100%）
  600181 S*ST云大    7/21  → 949/948（100%）
  600184 光电股份     28/95  → 5262/5261（100%）
  600185 珠免集团     57/98  → 4376/4375（100%）
  600186 莲花控股     43/98  → 5573/5572（100%）
  600187 *ST国中    43/98  → 4929/4928（100%）
  600189 泉阳泉      42/98  → 5451/5450（100%）
  600191 华资实业     25/98  → 5642/5641（100%）
  600192 长城电工     19/98  → 5759/5758（100%）
  600198 大唐电信     52/98  → 5616/5615（100%）
  600199 金种子酒     46/98  → 5727/5726（100%）
  600203 福日电子     36/98  → 5193/5192（100%）
  600205 S山东铝      9/20  → 431/430（100%）
  600206 有研新材     39/98  → 4581/4580（100%）
  600207 安彩高科     38/98  → 5486/5485（100%）
  600209 退市罗顿      8/56  → 3912/3911（100%）
  600212 绿能慧充     18/98  → 5126/5125（100%）
  600213 *ST亚星    12/56  → 4851/4850（100%）
  600215 派斯林      37/98  → 5481/5480（100%）
  600218 全柴动力     30/98  → 5729/5728（100%）
  600220 ST阳光     25/56  → 4829/4828（100%）
  600222 太龙药业     22/98  → 5508/5507（100%）
  600225 退市卓朗     28/56  → 4475/4474（100%）
  600227 赤天化      52/98  → 5445/5444（100%）
  600228 返利科技     36/98  → 3150/3149（100%）
  600232 金鹰股份     42/98  → 5438/5437（100%）
  600234 科新发展     20/98  → 4919/4918（100%）
  600235 民丰特纸     39/98  → 5591/5590（100%）
  600237 铜峰电子     54/98  → 5682/5681（100%）
  600239 ST云城     48/98  → 4170/4169（100%）
  600241 时代万恒     28/98  → 5385/5384（100%）
  600242 退市中昌     10/56  → 2721/2720（100%）
  600243 *ST海华    15/98  → 5474/5473（100%）
  600247 *ST成城    25/56  → 4054/4053（100%）
  600249 两面针      33/94  → 5353/5352（100%）
  600253 天方药业     26/45  → 2310/2309（100%）
  600255 鑫科材料     38/98  → 5301/5300（100%）
  600257 大湖股份     25/98  → 5414/5413（100%）
  600259 中稀有色     50/98  → 4080/4080（100%）
  600263 路桥建设     23/39  → 2154/2153（100%）
  600265 *ST景谷    33/98  → 5471/5470（100%）
  600275 退市昌鱼     14/56  → 4212/4211（100%）
  600277 ST亿利     14/56  → 4770/4769（100%）
  600279 重庆港      32/98  → 5527/5526（100%）
  600281 华阳新材     22/98  → 4943/4942（100%）
  600283 钱江水利     50/98  → 5587/5586（100%）
  600286 S*ST国瓷    6/35  → 872/871（100%）
  600287 苏豪时尚     48/98  → 5568/5567（100%）
  600290 *ST华仪    27/56  → 4834/4833（100%）
  600293 三峡新材     26/98  → 3793/3792（100%）
  600297 广汇汽车     19/56  → 3719/3718（100%）
  600302 ST标准     44/98  → 5577/5576（100%）
  600306 退市商城     14/56  → 4777/4776（100%）
  600307 酒钢宏兴     55/98  → 5572/5571（100%）
  600311 *ST荣华    20/56  → 4605/4604（100%）
  600313 农发种业     32/98  → 3516/3516（100%）
  600316 洪都航空     35/98  → 5524/5523（100%）
  600318 新力金融     57/98  → 5046/5045（100%）
  600319 亚星化学     35/98  → 3377/3376（100%）
  600320 振华重工     49/98  → 5627/5626（100%）
  600321 正源股份     14/56  → 4953/4952（100%）
  600322 津投城开     28/98  → 5588/5587（100%）
  600333 长春燃气     45/98  → 5562/5561（100%）
  600335 国机汽车     51/98  → 4278/4278（100%）
  600338 西藏珠峰     46/98  → 5369/5368（100%）
  600339 中油工程     33/98  → 5438/5437（100%）
  600343 航天动力     41/97  → 5502/5501（100%）
  600346 恒力石化     53/98  → 5299/5298（100%）
  600354 敦煌种业     50/95  → 5273/5272（100%）
  600355 *ST精伦    26/55  → 5615/5614（100%）
  600358 国旅联合     13/98  → 3544/3543（100%）
  600359 新农开发     46/98  → 5235/5234（100%）
  600365 ST通葡      6/98  → 3257/3256（100%）
  600369 西南证券     39/98  → 4014/4013（100%）
  600375 汉马科技     55/97  → 4862/4861（100%）
  600381 *ST春天    51/98  → 5108/5107（100%）
  600385 退市金泰      0/56  → 无可用区间   ← **一条带都没建成**
  600390 五矿资本     51/98  → 4527/4526（100%）
  600397 江钨装备     48/97  → 5232/5231（100%）
  600399 抚顺特钢     39/98  → 5109/5108（100%）
  600400 红豆股份     44/98  → 5478/5477（100%）
  600401 退市海润     26/54  → 2557/2556（100%）
  600405 动力源      38/95  → 5099/5098（100%）
  600408 安泰集团     54/97  → 5350/5349（100%）
  600410 华胜天成     52/94  → 5182/5181（100%）
  600421 退市华嵘     17/52  → 4811/4810（100%）
  600429 三元股份     29/94  → 5268/5267（100%）
  600433 冠豪高新     47/95  → 3636/3635（100%）
  600435 北方导航     39/97  → 4381/4381（100%）
  600448 华纺股份     17/98  → 5520/5519（100%）
  600455 博通股份     56/94  → 4674/4673（100%）
  600462 退市九有     13/52  → 4624/4623（100%）
  600463 空港股份     56/94  → 5337/5336（100%）
  600466 *ST蓝光    22/56  → 2922/2921（100%）
  600467 好当家      48/95  → 5276/5275（100%）
  600470 六国化工     55/95  → 5357/5356（100%）
  600476 *ST湘邮    31/95  → 5347/5346（100%）
  600478 科力远      46/96  → 5266/5265（100%）
  600488 津药药业     52/98  → 5506/5505（100%）
  600490 鹏欣资源     39/97  → 5015/5014（100%）
  600495 晋西车轴     52/94  → 5252/5251（100%）
  600501 航天晨光     48/98  → 5349/5348（100%）
  600503 华丽家族     54/97  → 5048/5047（100%）
  600506 统一股份     21/98  → 5352/5351（100%）
  600520 三佳科技     30/98  → 5461/5460（100%）
  600526 菲达环保     38/97  → 5315/5314（100%）
  600538 国发股份     31/97  → 5176/5175（100%）
  600539 狮头股份     24/98  → 5480/5479（100%）
  600540 新赛股份     26/95  → 5264/5263（100%）
  600543 *ST莫高    21/93  → 5333/5332（100%）
  600552 凯盛科技     53/97  → 4847/4846（100%）
  600555 退市海创     28/56  → 4591/4590（100%）
  600556 天下秀      49/98  → 4237/4236（100%）
  600568 ST中珠     47/98  → 5444/5443（100%）
  600569 安阳钢铁     55/98  → 5760/5759（100%）
  600573 惠泉啤酒     40/97  → 5613/5612（100%）
  600576 祥源文旅     38/97  → 4669/4668（100%）
  600579 中化装备     38/97  → 5341/5340（100%）
  600589 大位科技     58/98  → 5447/5446（100%）
  600590 泰豪科技     49/97  → 5125/5124（100%）
  600599 退市熊猫     27/56  → 5292/5291（100%）
  600601 方正科技     51/98  → 5757/5756（100%）
  600603 广汇物流     35/98  → 2013/2012（100%）
  600604 市北高新     31/98  → 3605/3604（100%）
  600605 汇通能源     36/98  → 4380/4379（100%）
  600608 退市沪科     23/56  → 5497/5496（100%）
  600610 中毅达      30/98  → 4691/4690（100%）
  600613 神奇制药     46/98  → 5035/5034（100%）
  600615 鑫源智造     26/98  → 4658/4657（100%）
  600617 国新能源     35/98  → 4552/4552（100%）
  600618 氯碱化工     50/98  → 4429/4428（100%）
  600624 ST复华     24/98  → 4338/4337（100%）
  600625 PT水仙      0/56  → 无可用区间   ← **一条带都没建成**
  600630 龙头股份     34/98  → 5851/5850（100%）
  600631 百联股份     21/38  → 1207/1206（100%）
  600634 退市富控     28/56  → 3410/3409（100%）
  600640 国脉文化     36/98  → 5706/5705（100%）
  600645 中源协和     51/98  → 5333/5332（100%）
  600646 ST国嘉      1/8   → 无可用区间
  600647 退市同达     32/56  → 4448/4447（100%）
  600652 退市游久     29/56  → 4671/4670（100%）
  600653 申华控股     56/98  → 5608/5607（100%）
  600654 中安科      51/98  → 5247/5246（100%）
  600656 退市博元     22/56  → 2579/2578（100%）
  600659 *ST花雕     0/13  → 无可用区间   ← **一条带都没建成**
  600667 太极实业     53/98  → 4968/4967（100%）
  600669 *ST鞍成     0/33  → 无可用区间   ← **一条带都没建成**
  600670 *ST斯达     0/36  → 无可用区间   ← **一条带都没建成**
  600671 天目药业     26/98  → 4562/4561（100%）
  600672 *ST华圣     0/23  → 无可用区间   ← **一条带都没建成**
  600677 *ST航通    25/56  → 4184/4183（100%）
  600678 ST金顶     52/98  → 5100/5099（100%）
  600679 上海凤凰     25/98  → 4271/4270（100%）
  600680 *ST上普    17/56  → 3562/3561（100%）
  600681 百川能源     50/98  → 4744/4743（100%）
  600687 退市刚泰     28/56  → 3785/3784（100%）
  600689 上海三毛     37/98  → 5575/5574（100%）
  600691 潞化科技     18/98  → 5474/5473（100%）
  600695 退市绿庭     27/56  → 4059/4058（100%）
  600696 退市岩石     24/56  → 5378/5377（100%）
  600698 湖南天雁     11/98  → 4928/4928（100%）
  600700 *ST数码     0/56  → 无可用区间   ← **一条带都没建成**
  600701 退市工新     10/56  → 3945/3944（100%）
  600703 三安光电     56/98  → 5283/5282（100%）
  600707 彩虹股份     50/98  → 5637/5636（100%）
  600709 ST生态      0/21  → 无可用区间   ← **一条带都没建成**
  600712 南宁百货     47/98  → 5724/5723（100%）
  600714 金瑞矿业     45/98  → 5539/5538（100%）
  600715 文投控股     42/98  → 5108/5107（100%）
  600716 凤凰股份     50/98  → 5549/5548（100%）
  600719 大连热电     16/98  → 5548/5547（100%）
  600721 百花医药     39/98  → 5322/5321（100%）
  600722 金牛化工     24/98  → 4933/4932（100%）
  600723 首商股份     28/56  → 4606/4605（100%）
  600726 华电能源     40/98  → 5709/5708（100%）
  600727 鲁北化工     50/98  → 5288/5287（100%）
  600731 湖南海利     46/98  → 5821/5820（100%）
  600732 爱旭股份     48/98  → 4869/4868（100%）
  600733 北汽蓝谷      8/98  → 5231/5230（100%）
  600734 *ST实达    50/98  → 4781/4780（100%）
  600744 华银电力     28/98  → 4567/4566（100%）
  600745 *ST闻泰    58/98  → 5044/5043（100%）
  600746 江苏索普     52/98  → 5759/5758（100%）
  600747 退市大控     31/56  → 3863/3862（100%）
  600749 西藏旅游     17/98  → 5483/5482（100%）
  600751 海航科技     26/98  → 5226/5225（100%）
  600752 *ST哈慈     0/42  → 无可用区间   ← **一条带都没建成**
  600753 ST海钦     51/98  → 5359/5358（100%）
  600758 辽宁能源     58/98  → 4737/4736（100%）
  600759 ST洲际     41/98  → 3512/3511（100%）
  600760 中航沈飞     57/98  → 4254/4253（100%）
  600762 S*ST金荔    0/23  → 无可用区间   ← **一条带都没建成**
  600767 退市运盛     16/56  → 3741/3740（100%）
  600769 祥龙电业     52/98  → 3547/3546（100%）
  600770 综艺股份     32/98  → 5764/5763（100%）
  600772 S*ST龙昌    0/15  → 无可用区间   ← **一条带都没建成**
  600773 西藏城投     50/98  → 5535/5534（100%）
  600774 汉商集团     31/98  → 5740/5739（100%）
  600775 南京熊猫     48/98  → 5648/5647（100%）
  600776 东方通信     53/98  → 5761/5760（100%）
  600777 新潮能源     45/98  → 5363/5362（100%）
  600788 *ST达曼     2/20  → 521/520（100%）
  600789 鲁抗医药     50/98  → 5833/5833（100%）
  600792 云煤能源     36/98  → 5372/5371（100%）
  600797 浙大网新     55/98  → 5619/5618（100%）
  600799 *ST龙科     3/15  → 720/719（100%）
  600800 渤海化学     58/98  → 5583/5582（100%）
  600802 福建水泥     45/98  → 5848/5847（100%）
  600803 新奥股份     52/98  → 5617/5616（100%）
  600805 悦达投资     38/98  → 4546/4545（100%）
  600807 济高发展     37/98  → 4890/4889（100%）
  600810 神马股份     49/98  → 3870/3869（100%）
  600811 *ST东方    30/56  → 5284/5283（100%）
  600812 华北制药     42/98  → 5572/5571（100%）
  600813 ST鞍一工     0/53  → 无可用区间   ← **一条带都没建成**
  600815 厦工股份     51/98  → 5580/5579（100%）
  600818 ST中路     55/98  → 5512/5511（100%）
  600821 金开新能     22/98  → 1876/1875（100%）
  600825 新华传媒     54/98  → 5626/5625（100%）
  600830 香溢融通     56/98  → 5111/5111（100%）
  600836 *ST易连    26/56  → 4839/4839（100%）
  600839 四川长虹     22/98  → 4551/4550（100%）
  600841 动力新科     43/98  → 5637/5636（100%）
  600842 中西药业     11/31  → 889/888（100%）
  600843 上工申贝     53/98  → 5610/5609（100%）
  600844 金煤科技     17/98  → 4708/4707（100%）
  600847 万里股份     17/98  → 4827/4826（100%）
  600851 海欣股份     34/98  → 5736/5735（100%）
  600852 *ST中川     0/35  → 无可用区间   ← **一条带都没建成**
  600853 龙建股份     55/98  → 5569/5568（100%）
  600854 春兰股份     27/98  → 5223/5223（100%）
  600855 航天长峰     38/98  → 5587/5586（100%）
  600856 退市中天     22/56  → 4436/4435（100%）
  600858 银座股份     56/98  → 5168/5168（100%）
  600860 京城股份     41/98  → 5619/5618（100%）
  600861 北京人力     33/98  → 5737/5736（100%）
  600864 哈投股份     46/98  → 5664/5663（100%）
  600866 星湖科技     58/98  → 5599/5598（100%）
  600868 梅雁吉祥     31/98  → 5670/5669（100%）
  600870 退市厦华      8/56  → 3536/3536（100%）
  600871 石化油服     37/98  → 5108/5107（100%）
  600876 凯盛新能     44/98  → 4836/4835（100%）
  600877 电科芯片     34/98  → 3626/3625（100%）
  600878 *ST北科     0/16  → 无可用区间   ← **一条带都没建成**
  600880 博瑞传播     58/98  → 5504/5503（100%）
  600881 亚泰集团     55/98  → 5799/5798（100%）
  600882 妙可蓝多     27/98  → 3529/3529（100%）
  600885 宏发股份     56/98  → 3655/3654（100%）
  600889 *ST京化    58/98  → 5703/5702（100%）
  600890 退市中房     24/56  → 4097/4096（100%）
  600891 退市秋林     30/56  → 3444/3443（100%）
  600892 大晟文化     24/98  → 2431/2430（100%）
  600893 航发动力     53/98  → 5017/5016（100%）
  600898 *ST美讯    29/56  → 3987/3986（100%）
  600899 *ST信联     0/13  → 无可用区间   ← **一条带都没建成**
  600903 贵州燃气     28/58  → 2013/2012（100%）
  600905 三峡能源     27/51  → 1198/1197（100%）
  600906 财达证券     26/49  → 1198/1197（100%）
  600930 华电新能     16/27  → 191/190（101%）
  600936 北投科技     23/50  → 2376/2375（100%）
  600939 重庆建工     38/77  → 2255/2254（100%）
  600959 江苏有线     22/61  → 2555/2554（100%）
  600960 渤海汽车     52/95  → 4943/4942（100%）
  600961 株冶集团     52/91  → 5204/5203（100%）
  600962 国投中鲁     53/94  → 5149/5148（100%）
  600963 岳阳林纸     42/91  → 5170/5169（100%）
  600969 郴电国际     48/95  → 5280/5279（100%）
  600975 新五丰      37/94  → 5006/5006（100%）
  600977 中国电影     29/51  → 2376/2375（100%）
  600984 建设机械     36/94  → 4965/4964（100%）
  600986 浙文互联     55/95  → 4927/4926（100%）
  600989 宝丰能源     39/66  → 1728/1727（100%）
  600992 贵绳股份     23/94  → 5292/5291（100%）
  600996 贵广网络     23/46  → 2253/2252（100%）
  601005 重庆钢铁     39/83  → 4232/4231（100%）
  601008 连云港      41/81  → 4595/4594（100%）
  601011 宝泰隆      21/68  → 3690/3689（100%）
  601059 信达证券     20/46  → 779/778（100%）
  601068 中铝国际     24/51  → 1889/1888（100%）
  601099 太平洋      41/79  → 4174/4173（100%）
  601106 中国一重      4/71  → 3462/3461（100%）
  601113 华鼎股份     35/67  → 3542/3541（100%）
  601118 海南橡胶     25/79  → 3586/3585（100%）
  601127 赛力斯      32/54  → 2391/2390（100%）
  601136 首创证券     22/57  → 799/798（100%）
  601162 天风证券     16/51  → 1770/1769（100%）
  601179 中国西电     36/73  → 3940/3939（100%）
  601188 龙江交通     40/69  → 3257/3256（100%）
  601200 上海环境     39/74  → 2254/2253（100%）
  601212 白银有色      6/48  → 1766/1765（100%）
  601218 吉鑫科技     34/67  → 3613/3612（100%）
  601226 华电科工     28/54  → 2756/2755（100%）
  601236 红塔证券     28/61  → 1639/1638（100%）
  601258 *ST庞大    13/26  → 2818/2817（100%）
  601268 *ST二重    17/33  → 948/947（100%）
  601279 英利汽车      8/31  → 1197/1196（100%）
  601366 利群股份     20/47  → 2167/2166（100%）
  601375 中原证券     21/61  → 2254/2253（100%）
  601399 国机重装     36/75  → 1285/1284（100%）
  601456 国联民生     28/62  → 1393/1392（100%）
  601519 大智慧      30/69  → 3560/3559（100%）
  601558 退市锐电     14/27  → 2177/2176（100%）
  601598 中国外运     34/63  → 1767/1766（100%）
  601600 中国铝业     40/83  → 4474/4473（100%）
  601608 中信重工     28/63  → 3204/3203（100%）
  601615 明阳智能     37/63  → 1759/1758（100%）
  601616 广电电气     23/69  → 3703/3702（100%）
  601696 中银证券     33/65  → 1523/1522（100%）
  601698 中国卫通     12/39  → 1198/1197（100%）
  601718 ST际华     35/71  → 3824/3823（100%）
  601728 中国电信     23/76  → 1164/1163（100%）
  601777 千里科技     29/69  → 3690/3689（100%）
  601778 晶科科技     12/35  → 1441/1440（100%）
  601798 蓝科高新     20/67  → 3564/3563（100%）
  601816 京沪高铁     18/33  → 1522/1521（100%）
  601825 沪农商行     30/62  → 1159/1158（100%）
  601828 美凯龙      33/58  → 2006/2005（100%）
  601868 中国能建     19/51  → 1058/1057（100%）
  601880 辽港股份     29/74  → 3713/3712（100%）
  601890 亚星锚链     39/69  → 3713/3712（100%）
  601916 浙商银行     31/67  → 1538/1537（100%）
  601919 中远海控     32/82  → 4284/4283（100%）
  601929 吉视传媒     34/65  → 3461/3460（100%）
  601963 重庆银行     31/54  → 1280/1279（100%）
  601990 南京证券     35/64  → 1927/1926（100%）
  601995 中金公司     27/66  → 1280/1279（100%）
  603001 奥康国际     34/65  → 3357/3356（100%）
  603003 退市龙宇     11/23  → 2955/2954（100%）
  603007 顺景科技     22/49  → 2356/2355（100%）
  603009 北特科技     38/64  → 2787/2786（100%）
  603011 合锻智能     19/54  → 2653/2652（100%）
  603021 *ST华鹏    22/53  → 2557/2556（100%）
  603023 威帝股份     30/55  → 2633/2632（100%）
  603028 赛福天      23/50  → 2481/2480（100%）
  603038 华立股份     28/49  → 2257/2256（100%）
  603042 华脉科技     22/46  → 2162/2161（100%）
  603049 中策橡胶     12/27  → 235/234（100%）
  603056 德邦股份      3/16  → 无可用区间
  603068 博通集成     18/39  → 1684/1683（100%）
  603069 海汽集团     22/49  → 2360/2359（100%）
  603076 乐惠国际     24/43  → 2011/2010（100%）
  603098 森特股份     28/47  → 2273/2272（100%）
  603106 恒银科技     19/43  → 2131/2130（100%）
  603116 红蜻蜓      26/53  → 2664/2663（100%）
  603117 万林物流     18/53  → 2646/2645（100%）
  603133 退市碳元      2/4   → 无可用区间
  603138 海量数据     27/46  → 2256/2255（100%）
  603139 康惠股份     19/46  → 2173/2172（100%）
  603177 德创环保     25/48  → 2257/2256（100%）
  603188 亚邦股份     23/54  → 2781/2780（100%）
  603189 *ST网达    26/48  → 2374/2373（100%）
  603196 璞源材料     24/46  → 2156/2155（100%）
  603226 菲林格尔     27/47  → 2170/2170（100%）
  603232 格尔软件     27/46  → 2173/2172（100%）
  603261 立航科技     12/27  → 1037/1036（100%）
  603286 日盈电子     23/47  → 2159/2159（100%）
  603293 埃泰克       5/10  → 无可用区间
  603296 华勤技术     18/39  → 680/679（100%）
  603316 诚邦股份     22/46  → 2171/2170（100%）
  603333 福华尚纬     22/64  → 3351/3350（100%）
  603348 文灿股份     27/46  → 1934/1933（100%）
  603356 华菱精工     24/43  → 2002/2001（100%）
  603363 傲农生物     24/43  → 2129/2128（100%）
  603376 大明电子      9/19  → 71/70（101%）
  603389 亚振家居     13/48  → 2230/2229（100%）
  603407 长裕集团      5/10  → 无可用区间
  603435 嘉德利       4/8   → 无可用区间
  603459 红板科技      5/10  → 无可用区间
  603468 津富士达      5/10  → 无可用区间
  603499 翔港科技     24/43  → 2022/2021（100%）
  603528 多伦科技     26/50  → 2413/2412（100%）
  603536 惠发食品     22/45  → 2174/2173（100%）
  603557 *ST起步    17/44  → 2122/2121（100%）
  603559 中通国脉     17/48  → 2203/2203（100%）
  603569 长久物流     28/59  → 2377/2376（100%）
  603595 ST东尼     24/45  → 2132/2131（100%）
  603602 纵横通信     24/46  → 2070/2069（100%）
  603608 天创时尚     29/50  → 2414/2413（100%）
  603615 茶花股份     19/46  → 2257/2256（100%）
  603616 韩建河山     16/53  → 2635/2634（100%）
  603618 杭电股份     30/53  → 2719/2718（100%）
  603633 徕木股份     26/47  → 2253/2252（100%）
  603656 泰禾智能     27/46  → 2255/2254（100%）
  603660 苏州科达     25/48  → 2265/2264（100%）
  603679 华体科技     25/45  → 2184/2183（100%）
  603703 盛洋科技     16/53  → 2576/2575（100%）
  603709 中源家居     23/43  → 2011/2010（100%）
  603716 塞力医疗     24/48  → 2312/2312（100%）
  603717 天域生物     20/47  → 2254/2253（100%）
  603725 天安新材     33/60  → 2119/2118（100%）
  603727 博迈科      28/47  → 2261/2260（100%）
  603729 ST龙韵     25/57  → 2651/2650（100%）
  603767 中马传动     22/56  → 2170/2169（100%）
  603773 沃格光电     23/45  → 1924/1923（100%）
  603777 来伊份      29/50  → 2257/2256（100%）
  603778 国晟科技     20/51  → 2475/2474（100%）
  603779 威龙股份     18/50  → 2410/2409（100%）
  603786 科博达      31/53  → 1528/1527（100%）
  603789 ST星农     17/52  → 2638/2637（100%）
  603825 ST华扬     27/47  → 2044/2043（100%）
  603828 *ST利达    22/53  → 2642/2641（100%）
  603838 *ST四通    28/52  → 2317/2316（100%）
  603843 *ST正平    27/50  → 2255/2254（100%）
  603863 松炀资源     24/45  → 1678/1677（100%）
  603869 ST智知     27/53  → 2645/2644（100%）
  603879 永悦科技     18/46  → 2179/2178（100%）
  603895 天永智能     17/44  → 2013/2012（100%）
  603900 莱绅通灵     27/48  → 2279/2278（100%）
  603922 ST金鸿顺    15/45  → 1992/1991（100%）
  603958 哈森股份     14/50  → 2399/2398（100%）
  603978 深圳新星     23/47  → 2132/2131（100%）
  603982 泉峰汽车     20/39  → 1690/1689（100%）
  603991 领先股份     15/46  → 2249/2248（100%）
  603996 退市中新      4/9   → 1474/1473（100%）
  603999 读者传媒     24/51  → 2496/2495（100%）
  605069 正和生态     15/39  → 1163/1162（100%）
  605178 时空科技     16/35  → 1387/1386（100%）
  605179 一鸣食品     16/32  → 1289/1288（100%）
  605188 国光连锁     18/33  → 1402/1401（100%）
  605208 永茂泰      21/49  → 1283/1282（100%）
  605255 天普股份     12/32  → 1371/1370（100%）
  605303 园林股份     22/37  → 1282/1281（100%）
  605318 法狮龙      18/33  → 1401/1400（100%）
  605388 均瑶健康     15/32  → 1403/1402（100%）
  605566 福莱蒽特     16/28  → 1037/1036（100%）
  605567 春雪食品     13/28  → 1038/1037（100%）
  688005 容百科技     20/36  → 1641/1640（100%）
  688010 福光股份     12/38  → 1644/1643（100%）
  688011 新光光电     16/36  → 1644/1643（100%）
  688020 方邦股份     19/40  → 1645/1644（100%）
  688023 安恒信息     19/35  → 1533/1532（100%）
  688027 国盾量子     10/34  → 1397/1396（100%）
  688029 南微医学     32/54  → 1644/1643（100%）
  688030 山石网科     20/35  → 1646/1645（100%）
  688031 星环科技      0/25  → 无可用区间   ← **一条带都没建成**
  688039 当虹科技     15/35  → 1525/1524（100%）
  688047 龙芯中科     10/25  → 954/953（100%）
  688048 长光华芯      5/27  → 965/964（100%）
  688051 佳华科技     15/34  → 1512/1511（100%）
  688053 ST思科瑞    14/26  → 919/918（100%）
  688060 云涌科技     21/37  → 1403/1402（100%）
  688062 迈威生物      0/28  → 无可用区间   ← **一条带都没建成**
  688066 *ST航图    21/39  → 1643/1642（100%）
  688070 纵横股份     14/31  → 1279/1278（100%）
  688072 拓荆科技     15/27  → 946/945（100%）
  688079 美迪凯      14/30  → 1281/1280（100%）
  688081 兴图新科     19/34  → 1524/1523（100%）
  688084 晶品特装      8/24  → 798/797（100%）
  688086 退市紫晶      1/4   → 无可用区间
  688091 上海谊众     12/29  → 836/835（100%）
  688107 安路科技      1/27  → 798/797（100%）
  688108 赛诺医疗     15/35  → 1526/1525（100%）
  688110 东芯股份      8/29  → 1039/1038（100%）
  688114 华大智造      7/27  → 924/923（100%）
  688115 思林杰      15/26  → 1027/1026（100%）
  688118 普元信息     21/37  → 1527/1526（100%）
  688125 安达智能     15/26  → 962/961（100%）
  688126 沪硅产业      0/33  → 无可用区间   ← **一条带都没建成**
  688132 邦彦技术      9/30  → 912/911（100%）
  688141 杰华特       4/24  → 553/552（100%）
  688148 芳源股份     18/36  → 1168/1167（100%）
  688153 唯捷创芯     11/31  → 796/795（100%）
  688158 优刻得       4/34  → 1524/1523（100%）
  688162 巨一科技     17/29  → 1041/1040（100%）
  688165 埃夫特       0/33  → 无可用区间   ← **一条带都没建成**
  688168 安博通      23/41  → 1645/1644（100%）
  688172 燕东微       3/23  → 797/796（100%）
  688173 希荻微       9/26  → 1030/1029（100%）
  688176 亚虹医药      0/27  → 无可用区间   ← **一条带都没建成**
  688177 百奥泰       4/34  → 1038/1037（100%）
  688180 君实生物      0/45  → 无可用区间   ← **一条带都没建成**
  688184 ST帕瓦      9/26  → 917/916（100%）
  688185 康希诺       6/33  → 1060/1059（100%）
  688187 时代电气     24/44  → 1159/1158（100%）
  688189 ST南新     14/34  → 1512/1511（100%）
  688192 迪哲医药      0/27  → 无可用区间   ← **一条带都没建成**
  688193 仁度生物      5/26  → 1037/1036（100%）
  688197 首药控股      0/29  → 无可用区间   ← **一条带都没建成**
  688206 概伦电子      3/27  → 无可用区间
  688207 格灵深瞳      6/26  → 801/800（100%）
  688211 中科微至     15/29  → 1041/1040（100%）
  688212 澳华内镜     11/29  → 1043/1042（100%）
  688213 思特威      15/26  → 794/793（100%）
  688217 睿昂基因     14/31  → 1198/1197（100%）
  688220 翱捷科技      0/28  → 无可用区间   ← **一条带都没建成**
  688221 前沿生物      0/35  → 无可用区间   ← **一条带都没建成**
  688222 成都先导     19/34  → 1446/1445（100%）
  688223 晶科能源     22/55  → 1038/1037（100%）
  688227 品高股份     17/31  → 1037/1036（100%）
  688229 博睿数据     18/37  → 1402/1401（100%）
  688234 天岳先进      3/26  → 474/473（100%）
  688235 百济神州      3/28  → 80/79（101%）
  688238 和元生物      9/34  → 1040/1039（100%）
  688244 永信至诚     19/33  → 794/793（100%）
  688246 嘉和美康     11/28  → 1042/1041（100%）
  688249 晶合集成      9/23  → 564/563（100%）
  688256 寒武纪       3/32  → 102/101（101%）
  688260 昀冢科技     14/30  → 1197/1196（100%）
  688262 国芯科技     12/32  → 1043/1042（100%）
  688266 泽璟制药      0/34  → 无可用区间   ← **一条带都没建成**
  688272 富吉瑞      12/28  → 1043/1042（100%）
  688275 万润新能      7/25  → 918/917（100%）
  688277 天智航       5/40  → 1394/1393（100%）
  688280 精进电动      3/29  → 72/71（101%）
  688287 退市观典      0/8   → 无可用区间   ← **一条带都没建成**
  688288 鸿泉技术     16/34  → 1539/1538（100%）
  688293 奥浦迈       9/25  → 909/908（100%）
  688302 海创药业      0/26  → 无可用区间   ← **一条带都没建成**
  688306 均普智能      8/28  → 1039/1038（100%）
  688313 仕佳光子     14/32  → 1275/1274（100%）
  688316 青云科技      0/30  → 无可用区间   ← **一条带都没建成**
  688319 欧林生物     16/38  → 1200/1199（100%）
  688320 禾川科技     14/26  → 957/956（100%）
  688321 微芯生物     14/36  → 1645/1644（100%）
  688322 奥比中光      3/26  → 77/76（101%）
  688327 云从科技      0/28  → 无可用区间   ← **一条带都没建成**
  688329 艾隆科技     19/32  → 1279/1278（100%）
  688331 荣昌生物      3/26  → 91/90（101%）
  688336 三生国健     25/51  → 1411/1410（100%）
  688337 普源精电      7/25  → 961/960（100%）
  688339 亿华通       7/40  → 1391/1390（100%）
  688343 云天励飞      0/29  → 无可用区间   ← **一条带都没建成**
  688349 三一重能     15/28  → 794/793（100%）
  688351 微电生理      6/30  → 333/332（100%）
  688361 中科飞测     10/25  → 715/714（100%）
  688362 甬矽电子      9/27  → 800/799（100%）
  688365 光云科技     15/34  → 1446/1445（100%）
  688369 致远互联     19/34  → 1529/1528（100%）
  688371 菲沃泰      11/25  → 917/916（100%）
  688373 盟科药业      0/25  → 无可用区间   ← **一条带都没建成**
  688381 帝奥微      12/25  → 907/906（100%）
  688382 益方生物      0/26  → 无可用区间   ← **一条带都没建成**
  688387 信科移动      0/25  → 无可用区间   ← **一条带都没建成**
  688391 钜泉科技     26/47  → 917/916（100%）
  688393 安必平      22/37  → 1408/1407（100%）
  688409 富创精密     12/25  → 796/795（100%）
  688416 恒烁股份      3/25  → 917/916（100%）
  688428 诺诚健华      3/25  → 93/92（101%）
  688429 时创能源     13/22  → 711/710（100%）
  688443 智翔金泰      0/22  → 无可用区间   ← **一条带都没建成**
  688449 联芸科技     10/18  → 320/319（100%）
  688458 美芯晟       5/22  → 712/711（100%）
  688469 芯联集成      0/22  → 无可用区间   ← **一条带都没建成**
  688472 阿特斯      19/41  → 717/716（100%）
  688478 晶升股份     12/23  → 710/709（100%）
  688485 九州一轨     13/25  → 797/796（100%）
  688488 艾迪药业      4/33  → 1404/1403（100%）
  688496 *ST清越     9/27  → 799/798（100%）
  688500 慧辰股份     17/40  → 1399/1398（100%）
  688506 百利天恒     11/29  → 332/331（100%）
  688509 正元地信     10/30  → 1160/1159（100%）
  688512 慧智微       0/22  → 无可用区间   ← **一条带都没建成**
  688515 裕太微       0/22  → 无可用区间   ← **一条带都没建成**
  688519 南亚新材     27/46  → 1404/1403（100%）
  688520 神州细胞      0/33  → 无可用区间   ← **一条带都没建成**
  688521 芯原股份      4/33  → 1029/1028（100%）
  688525 佰维存储      7/24  → 311/310（100%）
  688528 秦川物联     14/34  → 1402/1401（100%）
  688529 豪森智能     19/32  → 1281/1280（100%）
  688538 和辉光电      0/30  → 无可用区间   ← **一条带都没建成**
  688549 中巨芯       0/23  → 无可用区间   ← **一条带都没建成**
  688553 汇宇制药     12/29  → 811/810（100%）
  688555 退市泽达      0/3   → 无可用区间   ← **一条带都没建成**
  688561 奇安信       1/33  → 711/710（100%）
  688562 航天软件     10/22  → 716/715（100%）
  688567 孚能科技      0/33  → 无可用区间   ← **一条带都没建成**
  688576 西山科技     17/29  → 712/711（100%）
  688578 艾力斯      18/32  → 1040/1039（100%）
  688595 芯海科技     22/39  → 1403/1402（100%）
  688608 恒玄科技     19/32  → 1282/1281（100%）
  688615 合合信息     13/23  → 434/433（100%）
  688619 罗普特      11/31  → 1283/1282（100%）
  688620 安凯微      10/22  → 715/714（100%）
  688622 *ST禾信    18/36  → 1153/1152（100%）
  688653 康希通信      3/21  → 无可用区间
  688659 元琛科技     15/30  → 1280/1279（100%）
  688660 电气风电      9/31  → 1201/1200（100%）
  688670 金迪克       4/29  → 801/800（100%）
  688671 碧兴物联     10/22  → 675/674（100%）
  688679 通源环境     20/37  → 1292/1291（100%）
  688688 蚂蚁集团      2/7   → 无可用区间
  688701 卓锦股份     20/37  → 1159/1158（100%）
  688702 盛科通信      0/24  → 无可用区间   ← **一条带都没建成**
  688707 振华新材     12/33  → 1165/1164（100%）
  688712 北芯生命      3/16  → 72/71（101%）
  688717 艾罗能源     11/21  → 559/558（100%）
  688726 拉普拉斯     10/18  → 320/319（100%）
  688729 屹唐股份     10/19  → 190/189（101%）
  688737 中自科技      7/36  → 无可用区间
  688759 必贝特       0/18  → 无可用区间   ← **一条带都没建成**
  688765 禾元生物      0/25  → 无可用区间   ← **一条带都没建成**
  688775 影石创新     13/24  → 228/227（100%）
  688781 视涯科技      0/10  → 无可用区间   ← **一条带都没建成**
  688783 西安奕材      0/12  → 无可用区间   ← **一条带都没建成**
  688787 海天瑞声     16/32  → 1159/1158（100%）
  688788 科思科技     19/32  → 1287/1286（100%）
  688790 昂瑞微       0/10  → 无可用区间   ← **一条带都没建成**
  688795 摩尔线程      0/10  → 无可用区间   ← **一条带都没建成**
  688796 百奥赛图      6/13  → 92/91（101%）
  688802 沐曦股份      0/11  → 无可用区间   ← **一条带都没建成**
  688806 泰诺麦博      0/8   → 无可用区间   ← **一条带都没建成**
  688808 联讯仪器      4/9   → 无可用区间
  688809 强一股份      6/12  → 72/71（101%）
  688811 有研复材      5/10  → 无可用区间
  688813 泰金新能      5/14  → 70/69（101%）
  688816 易思维       6/11  → 69/68（101%）
  688819 天能股份     28/53  → 1279/1278（100%）
  688820 盛合晶微      3/8   → 无可用区间
  688825 长鑫科技      3/10  → 无可用区间
  688828 国仪公司      0/8   → 无可用区间   ← **一条带都没建成**
  688835 高凯技术      7/12  → 无可用区间
  688836 宇树科技      3/9   → 无可用区间
  688981 中芯国际     13/40  → 1395/1394（100%）
  689009 九号公司     15/33  → 814/813（100%）
