BASE|2009-11-01|0.361663|0.656332|0.687921|0.551036|1.598733|5.539390|5.000000|0.650734|0.886522|1.114944|1.481784|0.790022|0.470719|0.468836|0.996068|0.900932|0.121212|0.555132|0.347087|-0.069606|0.468836|0.992392|0.999766|0.028369|141.000000|0.342641|0.521055|81.000000|0.300059|0.812500|-0.272413|16.000000
BASE|2010-05-01|0.382676|0.656171|0.722209|0.583195|1.630241|5.401478|5.000000|0.655667|0.890981|1.116223|1.489302|0.785312|0.480332|0.468817|1.011504|0.922758|0.094340|0.567145|0.432696|-0.069505|0.468817|1.076272|1.016428|0.029630|135.000000|0.348149|0.537788|75.000000|0.299671|0.800000|-0.272162|15.000000
BASE|2010-11-01|0.355913|0.655778|0.659871|0.542735|1.653061|5.280157|5.000000|0.665694|0.863515|1.113112|1.490316|0.800884|0.487985|0.460870|1.035631|0.952635|0.084967|0.567641|0.423062|-0.079723|0.460870|1.187612|1.030943|0.046512|129.000000|0.345954|0.532163|69.000000|0.329360|0.800000|-0.285090|15.000000
BASE|2011-05-01|0.382196|0.661171|0.728221|0.578058|1.602405|5.427163|5.000000|0.653618|0.866239|1.126766|1.481406|0.776232|0.500563|0.439393|1.092586|1.001107|0.034014|0.578661|0.443078|0.025348|0.465440|1.216129|1.059527|0.000000|123.000000|0.349963|0.540353|63.000000|0.338257|0.785714|-0.186365|14.000000
BASE|2011-11-01|0.423766|0.650319|0.809297|0.651628|1.644383|5.443146|5.000000|0.656393|0.859961|1.100430|1.463432|0.795103|0.534980|0.439121|1.141653|1.045095|0.007092|0.591049|0.488164|0.156272|0.465468|1.265300|1.085466|0.000000|117.000000|0.589517|0.549311|57.000000|0.342414|0.785714|-0.171124|14.000000
BASE|2012-05-01|0.424559|0.655202|0.785279|0.647982|1.675857|5.338927|6.000000|0.651860|0.841557|1.118457|1.486283|0.776755|0.518198|0.464993|1.117183|1.045722|0.014815|0.603013|0.503322|0.203529|0.464993|1.301702|1.103827|0.000000|111.000000|0.592604|0.558329|51.000000|0.345541|0.769231|-0.170024|13.000000
BASE|2012-11-01|0.498912|0.642670|0.930279|0.776311|1.695402|5.671270|6.000000|0.651558|0.787677|1.076223|1.474549|0.785587|0.587741|0.471875|1.257015|1.121402|0.007752|0.627442|0.533605|0.339370|0.471875|1.338910|1.131332|0.000000|105.000000|0.611356|0.581362|45.000000|0.354804|0.846154|-0.151320|13.000000
BASE|2013-05-01|0.463429|0.662925|0.856542|0.699067|1.690000|5.659590|5.000000|0.640918|0.755545|1.132555|1.465088|0.751311|0.592994|0.439410|1.249536|1.118879|0.000000|0.622589|0.533394|0.321112|0.470979|1.326210|1.129511|0.000000|99.000000|0.594942|0.575521|39.000000|0.371289|0.833333|-0.189411|12.000000
BASE|2013-11-01|0.506449|0.646464|0.930372|0.783414|1.694254|5.457900|5.000000|0.644768|0.769085|1.088692|1.455417|0.743590|0.623456|0.439927|1.401705|1.201494|0.000000|0.654480|0.575741|0.317395|0.464191|1.412802|1.192996|0.000000|93.000000|0.611698|0.612826|33.000000|0.386726|0.833333|-0.162075|12.000000
BASE|2014-05-01|0.492791|0.717907|0.861284|0.686427|1.727180|5.600746|6.000000|0.650708|0.786601|1.395453|1.490906|0.818879|0.492800|0.468807|1.162256|1.071556|0.000000|0.643247|0.528604|0.163352|0.469911|1.368871|1.165586|0.000000|87.000000|0.525930|0.523683|27.000000|0.367685|0.818182|-0.240658|11.000000
BASE|2014-11-01|0.476555|0.679841|0.871991|0.700980|1.667877|5.624553|6.000000|0.654440|0.817502|1.222753|1.403957|0.818087|0.502518|0.472230|1.102386|1.116859|0.000000|0.696246|0.592301|0.103150|0.494287|1.409423|1.228053|0.000000|81.000000|0.524672|0.532867|21.000000|0.425321|0.818182|-0.242615|11.000000
BASE|2015-05-01|0.412922|0.597296|0.825889|0.691318|1.612782|5.416638|6.000000|0.620711|0.687046|0.797590|1.407823|0.689295|0.549122|0.460981|1.264692|1.175616|0.000000|0.605617|0.536801|0.178658|0.463939|1.313755|1.209059|0.000000|75.000000|0.548618|0.534354|15.000000|0.382200|0.800000|-0.230056|10.000000
BASE|2015-11-01|0.466513|0.464700|0.937911|1.003900|1.662446|5.206268|6.000000|0.624410|0.694519|0.768284|1.413994|0.683131|0.544775|0.464004|1.280741|1.193157|0.000000|0.607620|0.553451|0.374537|0.464700|1.307552|1.185247|0.000000|69.000000|0.543157|0.577952|9.000000|0.375580|0.800000|-0.230549|10.000000
BASE|2016-05-01|0.585603|0.463894|1.180523|1.262364|1.676790|5.602493|6.000000|0.642878|0.731883|0.829508|1.444509|0.829016|0.592410|0.431522|1.422292|1.262124|0.000000|0.686055|0.643785|0.387127|0.463894|1.484939|1.315263|0.000000|63.000000|0.575787|0.589102|3.000000|0.465035|0.888889|-0.139077|9.000000
SM010|2009-11-01|0.379118|0.649866|0.713347|0.583379|1.602285|5.556694|5.000000|0.666879|1.035883|1.228671|1.511076|0.852569|0.444567|0.485497|0.875411|0.834868|0.078788|0.508615|0.292812|-0.040789|0.499533|1.045522|0.969309|0.007092|141.000000|0.418530|0.509081|81.000000|0.332129|0.812500|-0.243682|16.000000
SM010|2010-05-01|0.381207|0.660097|0.706681|0.577502|1.638268|5.529797|5.000000|0.666507|1.046070|1.231602|1.489808|0.842631|0.415917|0.464129|0.853618|0.791886|0.062893|0.507823|0.320849|-0.046723|0.493978|1.094141|0.979648|0.007407|135.000000|0.423992|0.498315|75.000000|0.338197|0.800000|-0.243618|15.000000
SM010|2010-11-01|0.362971|0.646874|0.667774|0.561116|1.647063|5.769246|5.000000|0.668288|0.854620|1.089888|1.510339|0.858851|0.466169|0.485783|0.879823|0.861541|0.065359|0.570676|0.386279|-0.067912|0.527174|1.108089|1.056282|0.031008|129.000000|0.411694|0.530504|69.000000|0.356063|0.800000|-0.277603|15.000000
SM010|2011-05-01|0.389725|0.649780|0.739846|0.599780|1.595462|5.493336|5.000000|0.658733|0.844047|1.092540|1.478802|0.830782|0.472634|0.453321|0.956141|0.917377|0.020408|0.577621|0.402710|0.041012|0.485567|1.247861|1.076503|0.000000|123.000000|0.402710|0.529222|63.000000|0.365127|0.785714|-0.204052|14.000000
SM010|2011-11-01|0.426178|0.646582|0.804194|0.659125|1.641613|5.559080|5.000000|0.656266|0.853121|1.089292|1.483225|0.830847|0.493301|0.454004|1.062758|0.960343|0.000000|0.609700|0.417168|0.155969|0.464113|1.348886|1.122968|0.000000|117.000000|0.594963|0.546749|57.000000|0.367872|0.785714|-0.203069|14.000000
SM010|2012-05-01|0.432198|0.644182|0.794351|0.670925|1.667305|5.524111|5.000000|0.660665|0.837875|1.088012|1.510774|0.841197|0.497027|0.504641|0.954038|0.945116|0.014815|0.622674|0.440741|0.202188|0.504641|1.233896|1.127366|0.000000|111.000000|0.589275|0.550058|51.000000|0.395019|0.769231|-0.208086|13.000000
SM010|2012-11-01|0.488370|0.652533|0.895003|0.748421|1.690489|5.705084|5.000000|0.655268|0.792552|1.098234|1.502212|0.829363|0.520752|0.485523|0.961404|1.010928|0.000000|0.641529|0.463861|0.243387|0.516381|1.269455|1.163592|0.000000|105.000000|0.589251|0.562575|45.000000|0.402614|0.846154|-0.206679|13.000000
SM010|2013-05-01|0.469657|0.631643|0.868994|0.743548|1.677600|5.560191|5.000000|0.644487|0.765930|1.034429|1.506240|0.787720|0.544705|0.460333|1.121747|1.063229|0.000000|0.640812|0.488581|0.270015|0.463957|1.367237|1.153090|0.000000|99.000000|0.591246|0.560949|39.000000|0.406043|0.833333|-0.208291|12.000000
SM010|2013-11-01|0.493232|0.649506|0.890722|0.759395|1.690597|5.521115|5.000000|0.642879|0.762547|1.085493|1.489279|0.775962|0.533567|0.464165|1.191668|1.119909|0.000000|0.682003|0.508000|0.225137|0.464165|1.441411|1.223659|0.000000|93.000000|0.601883|0.582478|33.000000|0.386456|0.833333|-0.186064|12.000000
SM010|2014-05-01|0.547639|0.644712|0.995188|0.849431|1.689100|5.630416|5.000000|0.651200|0.779450|1.087691|1.503793|0.825550|0.558134|0.485659|1.256073|1.138718|0.000000|0.684211|0.565470|0.243511|0.485659|1.383938|1.202856|0.000000|87.000000|0.592494|0.583196|27.000000|0.403534|0.818182|-0.202679|11.000000
SM010|2014-11-01|0.462936|0.687016|0.833345|0.673836|1.671700|5.668305|6.000000|0.650310|0.787905|1.249247|1.468073|0.780522|0.479740|0.478549|1.003152|1.045369|0.000000|0.641796|0.549586|0.099866|0.478549|1.327186|1.168366|0.000000|81.000000|0.516349|0.512424|21.000000|0.398626|0.727273|-0.238521|11.000000
SM010|2015-05-01|0.410219|0.598296|0.795616|0.685645|1.613453|5.702433|5.000000|0.634544|0.701613|0.855135|1.472563|0.747109|0.512343|0.481621|1.076792|1.082744|0.000000|0.613182|0.560800|0.139141|0.481621|1.273164|1.135611|0.000000|75.000000|0.552830|0.507595|15.000000|0.400980|0.800000|-0.248646|10.000000
SM010|2015-11-01|0.476163|0.526743|0.923160|0.903975|1.661485|5.833839|5.000000|0.638620|0.699155|0.811303|1.481621|0.780395|0.528396|0.475967|1.081248|1.089995|0.000000|0.638193|0.592060|0.379166|0.475967|1.300445|1.161312|0.000000|69.000000|0.559143|0.590323|9.000000|0.449646|0.800000|-0.248709|10.000000
SM010|2016-05-01|0.596481|0.463986|1.201566|1.285557|1.675859|5.564820|6.000000|0.626581|0.694557|0.846837|1.447806|0.730171|0.592069|0.445395|1.488680|1.275582|0.000000|0.692286|0.660251|0.406149|0.463986|1.515235|1.302470|0.000000|63.000000|0.597147|0.609585|3.000000|0.433516|0.888889|-0.097608|9.000000
SM011|2009-11-01|0.377010|0.653273|0.704897|0.577109|1.605203|5.569394|5.000000|0.669116|1.037351|1.230006|1.511610|0.857533|0.431341|0.484973|0.855684|0.823231|0.078788|0.515167|0.294729|-0.043330|0.530259|1.006223|0.956808|0.007092|141.000000|0.407061|0.513081|81.000000|0.333358|0.812500|-0.243682|16.000000
SM011|2010-05-01|0.404503|0.651099|0.757822|0.621261|1.635542|5.832981|5.000000|0.673970|1.040838|1.242234|1.498150|0.853378|0.476784|0.484975|0.943748|0.895553|0.062893|0.548060|0.384139|-0.042989|0.484975|1.130080|1.018315|0.007407|135.000000|0.435945|0.522161|75.000000|0.358993|0.800000|-0.243618|15.000000
SM011|2010-11-01|0.363566|0.654759|0.669061|0.555267|1.652169|5.634666|5.000000|0.668245|0.856507|1.104155|1.496320|0.841435|0.475809|0.485526|0.916519|0.869844|0.065359|0.555887|0.390761|-0.067113|0.500236|1.144917|1.035142|0.031008|129.000000|0.407799|0.524682|69.000000|0.360592|0.800000|-0.277603|15.000000
SM011|2011-05-01|0.389749|0.667321|0.722386|0.584050|1.603933|5.653149|5.000000|0.660154|0.862014|1.149840|1.496805|0.823824|0.471367|0.485159|0.856831|0.848406|0.027211|0.586656|0.398929|0.034944|0.533791|1.142320|1.086675|0.000000|123.000000|0.403582|0.533415|63.000000|0.367371|0.785714|-0.213567|14.000000
SM011|2011-11-01|0.428092|0.654731|0.794652|0.653844|1.645876|5.612576|5.000000|0.658884|0.855413|1.103738|1.495362|0.825500|0.494526|0.485002|0.975820|0.931123|0.000000|0.625415|0.421735|0.155936|0.502964|1.252402|1.123687|0.000000|117.000000|0.595513|0.545514|57.000000|0.374830|0.785714|-0.202031|14.000000
SM011|2012-05-01|0.432127|0.656922|0.791853|0.657807|1.671203|5.629155|5.000000|0.654479|0.833971|1.109854|1.511395|0.825086|0.502566|0.485055|0.948530|0.944710|0.014815|0.623546|0.450356|0.212093|0.521362|1.217669|1.138316|0.000000|111.000000|0.586152|0.552792|51.000000|0.380549|0.769231|-0.205294|13.000000
SM011|2012-11-01|0.492306|0.631886|0.916745|0.779105|1.685766|5.628660|5.000000|0.650637|0.786273|1.039736|1.501516|0.808517|0.537832|0.485053|1.006137|1.052327|0.000000|0.646383|0.471521|0.252901|0.486392|1.332603|1.177769|0.000000|105.000000|0.594165|0.565675|45.000000|0.380542|0.846154|-0.168962|13.000000
SM011|2013-05-01|0.466353|0.677796|0.840299|0.688043|1.695160|5.448536|5.000000|0.643798|0.766925|1.196907|1.484718|0.789263|0.535630|0.482950|1.105342|1.059100|0.000000|0.659041|0.474091|0.235378|0.485113|1.358532|1.184809|0.000000|99.000000|0.594048|0.565189|39.000000|0.438710|0.833333|-0.224802|12.000000
SM011|2013-11-01|0.488768|0.648724|0.886167|0.753429|1.691188|5.575094|5.000000|0.645183|0.769813|1.084688|1.490949|0.774359|0.540835|0.483991|1.228461|1.082695|0.000000|0.667496|0.518906|0.234710|0.485043|1.376160|1.188857|0.000000|93.000000|0.593376|0.574350|33.000000|0.377867|0.833333|-0.179056|12.000000
SM011|2014-05-01|0.543766|0.652220|0.989411|0.833715|1.694031|5.506375|5.000000|0.647958|0.779444|1.111536|1.492703|0.810540|0.555722|0.485029|1.325280|1.141563|0.000000|0.674369|0.556016|0.248847|0.485029|1.385404|1.203633|0.000000|87.000000|0.594826|0.584626|27.000000|0.380543|0.818182|-0.191779|11.000000
SM011|2014-11-01|0.472126|0.685412|0.852106|0.688821|1.672187|5.453213|6.000000|0.645949|0.779386|1.242945|1.462445|0.784000|0.481537|0.463768|1.008958|1.047856|0.000000|0.660444|0.576516|0.105128|0.463768|1.398958|1.207329|0.000000|81.000000|0.527908|0.524373|21.000000|0.389541|0.727273|-0.237960|11.000000
SM011|2015-05-01|0.419165|0.598217|0.808120|0.700690|1.615161|5.526590|6.000000|0.632554|0.706110|0.854663|1.468955|0.761283|0.533026|0.473465|1.098739|1.102718|0.000000|0.626883|0.574030|0.146708|0.473465|1.305462|1.148804|0.000000|75.000000|0.563544|0.519059|15.000000|0.436369|0.800000|-0.245016|10.000000
SM011|2015-11-01|0.475007|0.491849|0.927210|0.965757|1.660886|5.578698|6.000000|0.634221|0.693142|0.806742|1.469022|0.737082|0.524025|0.483502|1.103953|1.136488|0.000000|0.645449|0.601212|0.370676|0.483502|1.321190|1.176813|0.000000|69.000000|0.557903|0.589290|9.000000|0.443671|0.800000|-0.248349|10.000000
SM011|2016-05-01|0.591370|0.491641|1.156867|1.202848|1.678355|5.672564|5.000000|0.639177|0.739820|0.847542|1.478865|0.766441|0.605593|0.461962|1.393744|1.198892|0.000000|0.685473|0.641435|0.408475|0.461962|1.467804|1.274937|0.000000|63.000000|0.591238|0.606224|3.000000|0.448291|0.888889|-0.138581|9.000000
SM012|2009-11-01|0.345574|0.663861|0.645723|0.520552|1.608080|5.546816|5.000000|0.669231|1.047128|1.241806|1.479020|0.842641|0.392194|0.480684|0.779734|0.716843|0.078788|0.424837|0.242138|-0.048091|0.483019|0.865344|0.817151|0.007092|141.000000|0.402424|0.453657|81.000000|0.292081|0.812500|-0.245832|16.000000
SM012|2010-05-01|0.411837|0.654179|0.776715|0.629548|1.634236|6.021827|5.000000|0.669737|1.037854|1.209579|1.493044|0.835722|0.465818|0.481896|0.942746|0.939919|0.062893|0.564342|0.404086|-0.039895|0.481896|1.150566|1.026901|0.007407|135.000000|0.449603|0.530552|75.000000|0.378627|0.800000|-0.245636|15.000000
SM012|2010-11-01|0.335728|0.672543|0.609820|0.499191|1.658260|5.307171|5.000000|0.663799|0.869752|1.171721|1.486038|0.833897|0.414615|0.486875|0.829722|0.747157|0.084967|0.545241|0.310759|-0.080958|0.486875|1.128426|0.998366|0.046512|129.000000|0.411710|0.482218|69.000000|0.325787|0.800000|-0.277603|15.000000
SM012|2011-05-01|0.363064|0.670946|0.673019|0.541123|1.605416|5.590912|5.000000|0.662171|0.869501|1.165089|1.489192|0.835235|0.416962|0.486979|0.834213|0.774163|0.027211|0.557621|0.331987|0.032971|0.510773|1.143991|1.045959|0.000000|123.000000|0.406651|0.486014|63.000000|0.352889|0.785714|-0.218093|14.000000
SM012|2011-11-01|0.424136|0.656518|0.797662|0.646038|1.645218|5.565795|5.000000|0.653037|0.857858|1.108644|1.473152|0.815086|0.510594|0.447987|1.008260|0.976427|0.000000|0.585135|0.446093|0.159362|0.480685|1.278581|1.073430|0.000000|117.000000|0.590902|0.542095|57.000000|0.378173|0.785714|-0.204386|14.000000
SM012|2012-05-01|0.397841|0.661357|0.726585|0.601553|1.673644|5.463219|5.000000|0.655280|0.843108|1.127090|1.505266|0.838608|0.440134|0.486943|0.884836|0.830197|0.014815|0.607806|0.364745|0.167250|0.510746|1.212719|1.070725|0.000000|111.000000|0.532773|0.506880|51.000000|0.379829|0.769231|-0.217013|13.000000
SM012|2012-11-01|0.492367|0.647397|0.920148|0.760533|1.685831|5.798514|5.000000|0.647594|0.780119|1.051175|1.488675|0.798392|0.551344|0.476870|1.057014|1.061903|0.000000|0.618611|0.503265|0.283802|0.486306|1.284933|1.118172|0.000000|105.000000|0.599250|0.563988|45.000000|0.367647|0.846154|-0.195519|13.000000
SM012|2013-05-01|0.424002|0.664610|0.776362|0.637971|1.688634|5.826912|5.000000|0.642206|0.776632|1.140744|1.459372|0.795125|0.450159|0.462880|0.932513|0.933002|0.000000|0.600228|0.406660|0.170314|0.480578|1.267640|1.077291|0.000000|99.000000|0.530992|0.503930|39.000000|0.400272|0.833333|-0.238616|12.000000
SM012|2013-11-01|0.487251|0.646176|0.897180|0.754053|1.687311|5.476447|5.000000|0.642153|0.769451|1.075362|1.463606|0.764103|0.584314|0.444782|1.290153|1.126522|0.000000|0.630300|0.524644|0.253185|0.480940|1.313575|1.133932|0.000000|93.000000|0.590302|0.577004|33.000000|0.382764|0.833333|-0.186520|12.000000
SM012|2014-05-01|0.532847|0.708423|0.928626|0.752160|1.716343|5.515914|5.000000|0.659912|0.828464|1.318407|1.516067|0.848899|0.552787|0.497848|1.253207|1.086322|0.000000|0.670575|0.549158|0.217295|0.497848|1.327860|1.194313|0.000000|87.000000|0.584418|0.571477|27.000000|0.380016|0.818182|-0.222025|11.000000
SM012|2014-11-01|0.463228|0.685412|0.837030|0.675838|1.672201|5.777795|6.000000|0.658676|0.827993|1.242945|1.458034|0.827130|0.480773|0.495620|0.990220|1.037614|0.000000|0.650267|0.553505|0.097006|0.498321|1.304916|1.170931|0.000000|81.000000|0.517049|0.513058|21.000000|0.380492|0.727273|-0.237960|11.000000
SM012|2015-05-01|0.411655|0.598217|0.800630|0.688136|1.613547|5.721524|6.000000|0.632352|0.699987|0.855238|1.463894|0.770981|0.519616|0.471827|1.100619|1.093754|0.000000|0.623440|0.569848|0.146725|0.473605|1.316372|1.148645|0.000000|75.000000|0.555353|0.510778|15.000000|0.413289|0.800000|-0.245016|10.000000
SM012|2015-11-01|0.476540|0.495545|0.929679|0.961647|1.663553|5.725307|6.000000|0.634834|0.708401|0.855249|1.471329|0.743921|0.533022|0.472519|1.130515|1.147239|0.000000|0.637068|0.588545|0.375213|0.472519|1.329332|1.183977|0.000000|69.000000|0.560027|0.591860|9.000000|0.425866|0.800000|-0.248349|10.000000
SM012|2016-05-01|0.588850|0.487334|1.154505|1.208308|1.677961|5.793874|5.000000|0.640889|0.739487|0.857066|1.479281|0.783181|0.606678|0.470083|1.382995|1.194191|0.000000|0.677981|0.640472|0.412910|0.470083|1.427430|1.256628|0.000000|63.000000|0.586994|0.604572|3.000000|0.442662|0.888889|-0.138581|9.000000
SM013|2009-11-01|0.408624|0.658529|0.773018|0.620510|1.606499|5.581226|5.000000|0.656630|1.039400|1.227308|1.493885|0.841896|0.497179|0.461989|1.014734|0.958158|0.078788|0.583014|0.365163|-0.039448|0.474515|1.178105|1.077694|0.007092|141.000000|0.428422|0.561737|81.000000|0.386443|0.812500|-0.250768|16.000000
SM013|2010-05-01|0.428291|0.658298|0.800713|0.650604|1.638826|5.554366|5.000000|0.662964|1.041412|1.221980|1.507874|0.836489|0.497630|0.461994|0.991038|0.948517|0.062893|0.602248|0.415895|-0.041309|0.503271|1.178771|1.100174|0.007407|135.000000|0.426051|0.580626|75.000000|0.395483|0.800000|-0.250733|15.000000
SM013|2010-11-01|0.392654|0.646272|0.735390|0.607567|1.647720|5.412687|5.000000|0.653366|0.860585|1.046994|1.490379|0.813101|0.521486|0.482544|1.018724|1.020241|0.065359|0.616702|0.432197|-0.066783|0.482544|1.291746|1.142806|0.038760|129.000000|0.432197|0.569284|69.000000|0.391516|0.800000|-0.277603|15.000000
SM013|2011-05-01|0.422497|0.646800|0.803961|0.653212|1.594840|5.430525|5.000000|0.642281|0.835355|1.048994|1.494689|0.784024|0.530423|0.472811|1.014509|1.056890|0.020408|0.626365|0.462822|0.039931|0.498490|1.274878|1.154846|0.000000|123.000000|0.421169|0.586287|63.000000|0.389404|0.785714|-0.193629|14.000000
SM013|2011-11-01|0.394798|0.646804|0.743869|0.610382|1.640987|5.909616|5.000000|0.649631|0.840053|1.048760|1.461728|0.783000|0.437184|0.458157|0.905939|0.905787|0.000000|0.564073|0.367676|0.147343|0.487947|1.198248|1.016275|0.000000|117.000000|0.538234|0.485420|57.000000|0.385986|0.785714|-0.237295|14.000000
SM013|2012-05-01|0.464681|0.646288|0.864384|0.719001|1.666974|5.454296|5.000000|0.646910|0.822909|1.046814|1.501346|0.792002|0.561238|0.482558|1.080825|1.088734|0.014815|0.664025|0.520257|0.220775|0.492420|1.350801|1.202855|0.000000|111.000000|0.645284|0.602227|51.000000|0.402372|0.769231|-0.192175|13.000000
SM013|2012-11-01|0.525539|0.624749|0.980689|0.841200|1.686588|5.539354|5.000000|0.649259|0.789374|1.048851|1.501799|0.799881|0.601668|0.482459|1.090008|1.123923|0.000000|0.670704|0.545455|0.321513|0.503287|1.381933|1.202521|0.000000|105.000000|0.645125|0.610983|45.000000|0.402324|0.846154|-0.091873|13.000000
SM013|2013-05-01|0.414882|0.663246|0.761071|0.625533|1.688038|5.217772|6.000000|0.638281|0.776014|1.135455|1.463756|0.773527|0.456107|0.469494|0.962734|0.940975|0.000000|0.583967|0.395049|0.177434|0.478771|1.230286|1.027301|0.000000|99.000000|0.518544|0.494474|39.000000|0.372078|0.833333|-0.258671|12.000000
SM013|2013-11-01|0.526399|0.645620|0.961100|0.815339|1.689631|5.504727|5.000000|0.642593|0.765865|1.075751|1.482984|0.780769|0.614085|0.482589|1.239262|1.187826|0.000000|0.685270|0.572006|0.301084|0.482589|1.409342|1.235105|0.000000|93.000000|0.645058|0.620810|33.000000|0.414957|0.833333|-0.185165|12.000000
SM013|2014-05-01|0.589110|0.655508|1.075603|0.898708|1.691203|5.583298|5.000000|0.641976|0.778550|1.105109|1.506686|0.792195|0.647374|0.472814|1.391592|1.256675|0.000000|0.696618|0.592624|0.330007|0.472814|1.438993|1.257610|0.000000|87.000000|0.646967|0.632491|27.000000|0.410514|0.818182|-0.202144|11.000000
SM013|2014-11-01|0.472748|0.684007|0.854781|0.691145|1.672357|5.339026|6.000000|0.651840|0.826764|1.237476|1.470846|0.802435|0.486672|0.459363|1.059449|1.081038|0.000000|0.665223|0.575658|0.098251|0.497658|1.378373|1.211233|0.000000|81.000000|0.527089|0.523742|21.000000|0.400978|0.818182|-0.237979|11.000000
SM013|2015-05-01|0.405727|0.598217|0.794599|0.678226|1.614335|5.365303|6.000000|0.631114|0.699671|0.855138|1.459553|0.773965|0.520318|0.457813|1.134167|1.108547|0.000000|0.613378|0.556899|0.139996|0.485633|1.282179|1.145047|0.000000|75.000000|0.548289|0.502597|15.000000|0.374007|0.800000|-0.245016|10.000000
SM013|2015-11-01|0.474405|0.484545|0.935006|0.979074|1.663101|6.044421|6.000000|0.635086|0.707524|0.855394|1.452126|0.758359|0.529683|0.467500|1.173162|1.156611|0.000000|0.642707|0.589487|0.371015|0.484545|1.360840|1.185977|0.000000|69.000000|0.558767|0.590519|9.000000|0.416746|0.800000|-0.248349|10.000000
SM013|2016-05-01|0.592121|0.491483|1.160957|1.204764|1.676470|5.590236|5.000000|0.645718|0.742650|0.833235|1.491996|0.795138|0.610810|0.472745|1.363908|1.223631|0.000000|0.681025|0.645648|0.421962|0.491483|1.395330|1.253370|0.000000|63.000000|0.588483|0.611258|3.000000|0.439105|0.888889|-0.140921|9.000000
SM014|2009-11-01|0.405979|0.652993|0.766227|0.621720|1.609382|5.307357|5.000000|0.664863|1.039521|1.251511|1.505827|0.830479|0.486193|0.484157|0.996265|0.933385|0.078788|0.584568|0.361753|-0.042141|0.484157|1.158420|1.048979|0.007092|141.000000|0.428112|0.552382|81.000000|0.377997|0.812500|-0.250768|16.000000
SM014|2010-05-01|0.418963|0.653225|0.787437|0.641376|1.640290|5.341158|5.000000|0.668622|1.037740|1.229582|1.505958|0.833163|0.491434|0.484227|1.013567|0.945777|0.062893|0.589205|0.416181|-0.040111|0.484227|1.231076|1.076712|0.007407|135.000000|0.400880|0.565114|75.000000|0.355576|0.800000|-0.250733|15.000000
SM014|2010-11-01|0.392637|0.647712|0.737102|0.606191|1.647867|5.665491|5.000000|0.659917|0.856498|1.051976|1.508079|0.817000|0.511179|0.486619|1.046178|0.980740|0.065359|0.606604|0.441845|-0.067239|0.486619|1.253363|1.111429|0.038760|129.000000|0.423691|0.565816|69.000000|0.370099|0.800000|-0.285090|15.000000
SM014|2011-05-01|0.420309|0.646525|0.798252|0.650104|1.595743|5.414575|5.000000|0.650219|0.834559|1.048163|1.500347|0.789313|0.521892|0.487165|1.022727|1.059736|0.020408|0.625273|0.462336|0.039773|0.489235|1.278062|1.141486|0.000000|123.000000|0.418864|0.582437|63.000000|0.393968|0.785714|-0.192877|14.000000
SM014|2011-11-01|0.456222|0.646438|0.859458|0.705747|1.644166|5.499990|5.000000|0.656524|0.839307|1.047527|1.499139|0.795103|0.544867|0.458556|1.060458|1.070279|0.000000|0.638857|0.490894|0.163233|0.486746|1.342406|1.155068|0.000000|117.000000|0.648823|0.589663|57.000000|0.377615|0.785714|-0.192765|14.000000
SM014|2012-05-01|0.462944|0.647427|0.857988|0.715052|1.674024|5.608144|5.000000|0.648505|0.824211|1.105316|1.502715|0.796030|0.587234|0.485939|1.105276|1.064249|0.014815|0.642219|0.519028|0.220984|0.485939|1.345608|1.157924|0.000000|111.000000|0.645328|0.583646|51.000000|0.363009|0.769231|-0.126103|13.000000
SM014|2012-11-01|0.527745|0.632023|0.983281|0.835008|1.686560|5.453899|5.000000|0.648983|0.784954|1.043788|1.505323|0.789756|0.605814|0.487201|1.109522|1.124763|0.000000|0.667556|0.542318|0.314719|0.500542|1.362039|1.195097|0.000000|105.000000|0.650815|0.609957|45.000000|0.409851|0.846154|-0.166978|13.000000
SM014|2013-05-01|0.480276|0.649278|0.886387|0.739708|1.690183|5.158442|5.000000|0.644228|0.770131|1.085792|1.496584|0.780623|0.598944|0.456871|1.227342|1.142309|0.000000|0.651015|0.532798|0.306976|0.487202|1.363257|1.170659|0.000000|99.000000|0.629010|0.592806|39.000000|0.401941|0.833333|-0.179599|12.000000
SM014|2013-11-01|0.518562|0.645620|0.947584|0.803200|1.691866|5.371475|5.000000|0.643669|0.757748|1.075751|1.492519|0.771154|0.613656|0.460818|1.313706|1.162714|0.000000|0.666693|0.579382|0.309680|0.486735|1.372800|1.193950|0.000000|93.000000|0.637183|0.618205|33.000000|0.388277|0.833333|-0.185165|12.000000
SM014|2014-05-01|0.584026|0.655508|1.065584|0.890952|1.694339|5.452954|5.000000|0.641912|0.774778|1.105109|1.499030|0.772181|0.646918|0.468683|1.388600|1.282637|0.000000|0.696300|0.603841|0.311615|0.486699|1.442849|1.238705|0.000000|87.000000|0.641041|0.635448|27.000000|0.409864|0.818182|-0.202144|11.000000
SM014|2014-11-01|0.461066|0.704632|0.826492|0.654335|1.674616|5.302484|5.000000|0.649709|0.818330|1.286812|1.482914|0.798609|0.481528|0.462592|1.045985|1.055621|0.000000|0.659342|0.562115|0.095631|0.491687|1.374877|1.192971|0.000000|81.000000|0.519256|0.515590|21.000000|0.410642|0.818182|-0.252399|11.000000
SM014|2015-05-01|0.410854|0.600163|0.795932|0.684570|1.616478|5.441394|5.000000|0.633194|0.708852|0.855379|1.472765|0.757180|0.521476|0.457969|1.111587|1.114923|0.000000|0.619039|0.560777|0.141993|0.481783|1.302264|1.146184|0.000000|75.000000|0.554696|0.509068|15.000000|0.398568|0.800000|-0.246047|10.000000
SM014|2015-11-01|0.479599|0.481955|0.937495|0.995111|1.664938|5.540712|5.000000|0.634663|0.702281|0.855365|1.471805|0.778116|0.537259|0.467283|1.165610|1.156212|0.000000|0.636277|0.582609|0.368844|0.481955|1.349012|1.178449|0.000000|69.000000|0.563218|0.589256|9.000000|0.421410|0.800000|-0.248057|10.000000
SM014|2016-05-01|0.598219|0.469638|1.180366|1.273786|1.673882|5.632666|6.000000|0.642724|0.733596|0.834123|1.495259|0.779195|0.607482|0.456822|1.357412|1.233391|0.000000|0.693352|0.644260|0.441428|0.469638|1.476354|1.259121|0.000000|63.000000|0.594484|0.613994|3.000000|0.467488|0.888889|-0.142669|9.000000
SM015|2009-11-01|0.399240|0.644917|0.750257|0.619056|1.607261|5.199174|5.000000|0.663277|1.038085|1.261745|1.515137|0.829238|0.476972|0.484367|0.961268|0.898625|0.084848|0.585162|0.362704|-0.043240|0.494916|1.105043|1.057220|0.007092|141.000000|0.408061|0.556617|81.000000|0.349099|0.812500|-0.260265|16.000000
SM015|2010-05-01|0.418038|0.655467|0.774311|0.637771|1.641557|5.239034|5.000000|0.666770|1.047115|1.250841|1.518196|0.828557|0.488765|0.485153|0.969547|0.922488|0.069182|0.592186|0.410534|-0.045903|0.492542|1.196169|1.065226|0.007407|135.000000|0.405645|0.574487|75.000000|0.370471|0.800000|-0.260397|15.000000
SM015|2010-11-01|0.380821|0.646828|0.709782|0.588751|1.651008|5.154639|5.000000|0.668156|0.858004|1.055742|1.519316|0.830517|0.509437|0.485061|1.034064|0.977886|0.065359|0.597805|0.433252|-0.069208|0.485061|1.232433|1.089420|0.038760|129.000000|0.387610|0.559226|69.000000|0.360016|0.800000|-0.285090|15.000000
SM015|2011-05-01|0.416705|0.646576|0.783716|0.644479|1.598543|5.262013|5.000000|0.656557|0.838085|1.054658|1.516102|0.800724|0.514472|0.486649|0.985254|0.997366|0.020408|0.621741|0.457621|0.037356|0.513507|1.214186|1.136916|0.000000|123.000000|0.401583|0.586904|63.000000|0.389874|0.785714|-0.193591|14.000000
SM015|2011-11-01|0.457522|0.628938|0.861538|0.727452|1.640369|5.192214|5.000000|0.655258|0.838900|1.044993|1.511553|0.799325|0.546024|0.486736|1.050035|1.087719|0.000000|0.659808|0.498788|0.167699|0.498271|1.324942|1.182878|0.000000|117.000000|0.646504|0.593279|57.000000|0.388095|0.785714|-0.159580|14.000000
SM015|2012-05-01|0.444809|0.647867|0.822547|0.686575|1.674963|5.222230|5.000000|0.656890|0.819829|1.080640|1.505677|0.803797|0.560136|0.485240|1.138956|1.067408|0.014815|0.639032|0.507519|0.210409|0.485240|1.334604|1.133855|0.000000|111.000000|0.627742|0.574354|51.000000|0.352802|0.769231|-0.181302|13.000000
SM015|2012-11-01|0.522562|0.646170|0.965233|0.808706|1.691256|5.316002|5.000000|0.647988|0.779243|1.053617|1.506318|0.785884|0.600587|0.486650|1.134716|1.112903|0.000000|0.677854|0.544666|0.316948|0.486650|1.402219|1.197173|0.000000|105.000000|0.648049|0.614359|45.000000|0.413493|0.846154|-0.192551|13.000000
SM015|2013-05-01|0.492014|0.647972|0.900671|0.759313|1.688392|5.327081|5.000000|0.640577|0.752053|1.080883|1.496882|0.764887|0.599622|0.473837|1.213548|1.123419|0.000000|0.679797|0.544876|0.313483|0.486793|1.414384|1.209030|0.000000|99.000000|0.645228|0.608567|39.000000|0.434615|0.833333|-0.181566|12.000000
SM015|2013-11-01|0.514458|0.645919|0.934876|0.796474|1.693233|4.931772|5.000000|0.642678|0.759998|1.074288|1.510468|0.771154|0.614045|0.466063|1.298814|1.168510|0.000000|0.660216|0.574085|0.306107|0.486720|1.370069|1.166615|0.000000|93.000000|0.634371|0.616250|33.000000|0.375658|0.833333|-0.185403|12.000000
SM015|2014-05-01|0.487498|0.671443|0.873765|0.726046|1.706092|5.343154|5.000000|0.650809|0.782471|1.185682|1.512002|0.813209|0.487691|0.464872|1.041191|0.975159|0.000000|0.602953|0.500603|0.165222|0.493651|1.234575|1.091939|0.000000|87.000000|0.517501|0.515735|27.000000|0.334121|0.818182|-0.219663|11.000000
SM015|2014-11-01|0.471201|0.696698|0.836758|0.676335|1.676707|5.325615|5.000000|0.652332|0.819021|1.256872|1.485004|0.814609|0.486850|0.467082|1.028573|1.067615|0.000000|0.676330|0.579888|0.097918|0.492018|1.410181|1.194935|0.000000|81.000000|0.529969|0.526517|21.000000|0.412116|0.818182|-0.266264|11.000000
SM015|2015-05-01|0.399521|0.600163|0.772346|0.665688|1.616398|5.224101|5.000000|0.635373|0.711863|0.806958|1.494127|0.769862|0.515622|0.464845|1.101660|1.073199|0.000000|0.605289|0.547444|0.141993|0.481783|1.263377|1.098298|0.000000|75.000000|0.541073|0.498814|15.000000|0.378215|0.800000|-0.246047|10.000000
SM015|2015-11-01|0.468930|0.481955|0.908859|0.972974|1.664740|5.094822|5.000000|0.634147|0.688917|0.808800|1.488309|0.779635|0.525323|0.467283|1.124206|1.134363|0.000000|0.641472|0.592642|0.365082|0.481955|1.341731|1.157383|0.000000|69.000000|0.551305|0.578847|9.000000|0.434385|0.800000|-0.248057|10.000000
SM015|2016-05-01|0.580706|0.490305|1.130662|1.184377|1.675964|5.115789|5.000000|0.646365|0.739315|0.834123|1.508078|0.813073|0.588845|0.469638|1.326053|1.191508|0.000000|0.688975|0.635012|0.407897|0.469638|1.438237|1.241391|0.000000|63.000000|0.577719|0.597122|3.000000|0.461161|0.888889|-0.142669|9.000000
SM016|2009-11-01|0.345721|0.679405|0.631400|0.508858|1.617967|5.234366|5.000000|0.669047|1.010229|1.230826|1.517409|0.854803|0.403426|0.483432|0.816637|0.724635|0.121212|0.439074|0.218799|-0.077647|0.483432|0.908244|0.825065|0.028369|141.000000|0.414101|0.468396|81.000000|0.356270|0.812500|-0.284552|16.000000
SM016|2010-05-01|0.415553|0.648220|0.776270|0.641067|1.637661|5.177073|5.000000|0.663599|1.002857|1.194643|1.509152|0.830604|0.495707|0.485046|0.998168|0.941790|0.081761|0.594994|0.411875|-0.059935|0.485046|1.226791|1.088645|0.014815|135.000000|0.410420|0.579679|75.000000|0.368350|0.800000|-0.284734|15.000000
SM016|2010-11-01|0.384836|0.630957|0.719227|0.609924|1.647386|5.354210|5.000000|0.663807|0.857359|1.031540|1.507051|0.839875|0.512537|0.483503|1.007841|0.980999|0.065359|0.607731|0.435654|-0.067094|0.483503|1.256933|1.130433|0.038760|129.000000|0.397542|0.577083|69.000000|0.364854|0.800000|-0.285090|15.000000
SM016|2011-05-01|0.417424|0.647976|0.790869|0.644197|1.601219|5.250133|5.000000|0.653064|0.839918|1.080647|1.485458|0.801559|0.525600|0.456804|1.034389|0.996728|0.034014|0.635730|0.437600|0.023608|0.483768|1.363480|1.153821|0.000000|123.000000|0.420722|0.578744|63.000000|0.385342|0.785714|-0.185115|14.000000
SM016|2011-11-01|0.447533|0.648338|0.838067|0.690277|1.645847|5.045818|5.000000|0.655328|0.845424|1.081304|1.501897|0.814241|0.526991|0.462909|1.048106|1.040451|0.007092|0.646101|0.487442|0.154156|0.486875|1.360658|1.160935|0.000000|117.000000|0.639034|0.583113|57.000000|0.384557|0.785714|-0.193428|14.000000
SM016|2012-05-01|0.471136|0.648375|0.880519|0.726641|1.669010|5.451072|5.000000|0.656985|0.819654|1.081525|1.512955|0.813291|0.593793|0.485072|1.243072|1.087574|0.014815|0.644425|0.523887|0.223949|0.485072|1.341637|1.152521|0.000000|111.000000|0.658625|0.586053|51.000000|0.388023|0.769231|-0.193603|13.000000
SM016|2012-11-01|0.532017|0.647779|0.986862|0.821294|1.693576|5.423468|5.000000|0.647374|0.785405|1.079718|1.486433|0.796010|0.606331|0.486967|1.230723|1.107752|0.015504|0.681880|0.538470|0.316267|0.486967|1.419863|1.204904|0.000000|105.000000|0.670274|0.604888|45.000000|0.421212|0.846154|-0.182969|13.000000
SM016|2013-05-01|0.488578|0.651736|0.895445|0.749656|1.690440|5.354429|5.000000|0.640762|0.758115|1.094263|1.487108|0.782783|0.594265|0.462014|1.197801|1.144741|0.000000|0.686500|0.537191|0.313832|0.483939|1.431095|1.214320|0.000000|99.000000|0.645322|0.609905|39.000000|0.444380|0.833333|-0.182879|12.000000
SM016|2013-11-01|0.507566|0.645758|0.925525|0.786000|1.694373|5.102197|5.000000|0.650965|0.769506|1.075368|1.512268|0.791667|0.609393|0.465162|1.324743|1.170084|0.000000|0.656362|0.565212|0.308675|0.487028|1.354175|1.159240|0.000000|93.000000|0.625383|0.606828|33.000000|0.370928|0.833333|-0.185531|12.000000
SM016|2014-05-01|0.561340|0.660927|1.018288|0.849323|1.704361|5.351401|5.000000|0.654641|0.794894|1.159051|1.516084|0.810540|0.642678|0.466065|1.346751|1.179175|0.000000|0.658321|0.583335|0.311278|0.485209|1.376664|1.188037|0.000000|87.000000|0.622616|0.612074|27.000000|0.357215|0.818182|-0.213008|11.000000
SM016|2014-11-01|0.460581|0.696933|0.822178|0.660869|1.676434|5.387049|6.000000|0.650854|0.805223|1.256918|1.474478|0.817043|0.480598|0.468243|1.040085|1.058244|0.000000|0.663427|0.566061|0.098753|0.489198|1.380834|1.172117|0.000000|81.000000|0.517269|0.513566|21.000000|0.420567|0.818182|-0.266289|11.000000
SM016|2015-05-01|0.399075|0.600163|0.772870|0.664944|1.616359|5.169528|6.000000|0.634506|0.709214|0.801368|1.487742|0.774338|0.515622|0.464845|1.102189|1.071267|0.000000|0.602308|0.545066|0.141993|0.481783|1.263377|1.098298|0.000000|75.000000|0.540609|0.497296|15.000000|0.370048|0.800000|-0.246047|10.000000
SM016|2015-11-01|0.471040|0.481955|0.916850|0.977352|1.664677|5.132383|6.000000|0.634748|0.695056|0.808800|1.469638|0.776596|0.525323|0.467283|1.144005|1.148847|0.000000|0.647602|0.597782|0.365082|0.481955|1.347358|1.168819|0.000000|69.000000|0.553490|0.581464|9.000000|0.437320|0.800000|-0.248057|10.000000
SM016|2016-05-01|0.592138|0.469412|1.157249|1.261446|1.675493|5.326165|5.000000|0.645917|0.739613|0.840945|1.497193|0.803507|0.595079|0.465059|1.371385|1.240510|0.000000|0.702910|0.655001|0.421466|0.469412|1.501020|1.263880|0.000000|63.000000|0.588928|0.608760|3.000000|0.455496|0.888889|-0.140545|9.000000
SM017|2009-11-01|0.386695|0.644850|0.728821|0.599667|1.601842|5.364657|5.000000|0.653333|0.888313|1.087664|1.488755|0.826260|0.483387|0.482782|0.949664|0.912046|0.121212|0.586489|0.376012|-0.074599|0.482782|1.153944|1.065573|0.028369|141.000000|0.403944|0.555087|81.000000|0.336301|0.812500|-0.272413|16.000000
SM017|2010-05-01|0.414009|0.642745|0.777352|0.644127|1.629217|5.377796|5.000000|0.654044|0.894838|1.091038|1.501241|0.816018|0.505675|0.482794|1.016171|0.956664|0.094340|0.601014|0.438265|-0.062082|0.482794|1.222298|1.101722|0.022222|135.000000|0.415649|0.580283|75.000000|0.353872|0.800000|-0.272162|15.000000
SM017|2010-11-01|0.385494|0.622816|0.722740|0.618953|1.644930|5.349457|5.000000|0.662119|0.857991|1.028573|1.507158|0.835456|0.512425|0.486083|1.035040|0.991015|0.071895|0.612297|0.436458|-0.067866|0.486083|1.258589|1.136504|0.038760|129.000000|0.402235|0.576188|69.000000|0.353038|0.800000|-0.285090|15.000000
SM017|2011-05-01|0.405992|0.621440|0.780529|0.653309|1.592558|5.936922|5.000000|0.666218|0.850251|1.025654|1.505542|0.821598|0.524503|0.469082|1.079211|1.058247|0.020408|0.607462|0.453748|0.034214|0.486006|1.236529|1.098715|0.000000|123.000000|0.360276|0.565713|63.000000|0.334176|0.785714|-0.139027|14.000000
SM017|2011-11-01|0.447628|0.621935|0.854824|0.719733|1.638700|5.823505|5.000000|0.659296|0.849799|1.026577|1.500224|0.831410|0.547965|0.469654|1.148079|1.098758|0.000000|0.631699|0.503112|0.164719|0.486090|1.308789|1.129856|0.000000|117.000000|0.629242|0.583684|57.000000|0.345335|0.785714|-0.145628|14.000000
SM017|2012-05-01|0.447564|0.623105|0.842058|0.718280|1.664065|5.872907|5.000000|0.656175|0.820817|1.029665|1.510281|0.825086|0.547490|0.486093|1.132420|1.116207|0.014815|0.631948|0.528390|0.228802|0.486093|1.309833|1.137835|0.000000|111.000000|0.615697|0.589829|51.000000|0.356738|0.769231|-0.144828|13.000000
SM017|2012-11-01|0.510948|0.641267|0.953624|0.796779|1.691992|5.917940|5.000000|0.655114|0.788039|1.080115|1.506422|0.820429|0.585636|0.483125|1.283216|1.100058|0.007752|0.660568|0.541666|0.322755|0.483125|1.368950|1.172481|0.000000|105.000000|0.629746|0.599897|45.000000|0.349425|0.846154|-0.169502|13.000000
SM017|2013-05-01|0.490988|0.645166|0.907404|0.761025|1.687603|5.886676|5.000000|0.640571|0.758804|1.086717|1.455389|0.794816|0.600714|0.464857|1.349391|1.238832|0.000000|0.698054|0.543945|0.320039|0.482936|1.445439|1.230018|0.000000|99.000000|0.642099|0.624702|39.000000|0.434816|0.833333|-0.167154|12.000000
SM017|2013-11-01|0.532934|0.644852|0.976958|0.826444|1.692411|5.811119|5.000000|0.641465|0.760821|1.085132|1.478055|0.774679|0.630332|0.464881|1.416365|1.312654|0.000000|0.707672|0.588207|0.313522|0.484157|1.469044|1.280463|0.000000|93.000000|0.647904|0.640276|33.000000|0.412107|0.833333|-0.167157|12.000000
SM017|2014-05-01|0.567489|0.643932|1.041557|0.881287|1.695049|5.945564|5.000000|0.656409|0.775266|1.108770|1.507599|0.827885|0.644870|0.469632|1.385520|1.263359|0.000000|0.660330|0.590082|0.318517|0.482774|1.389438|1.205961|0.000000|87.000000|0.620999|0.615612|27.000000|0.350264|0.818182|-0.186955|11.000000
SM017|2014-11-01|0.437840|0.677118|0.801404|0.646623|1.667659|5.821121|6.000000|0.646479|0.772805|1.215963|1.449221|0.794087|0.462206|0.468205|1.061095|1.019573|0.000000|0.576804|0.513199|0.099461|0.481497|1.201014|1.054323|0.000000|81.000000|0.477310|0.483464|21.000000|0.355731|0.818182|-0.252053|11.000000
SM017|2015-05-01|0.413389|0.600163|0.807380|0.688795|1.614977|5.773655|5.000000|0.637623|0.712965|0.852059|1.455152|0.780306|0.554257|0.468112|1.214176|1.122917|0.000000|0.617801|0.552992|0.159590|0.482860|1.279462|1.153090|0.000000|75.000000|0.552265|0.532434|15.000000|0.384627|0.800000|-0.240456|10.000000
SM017|2015-11-01|0.476317|0.482639|0.935047|0.986902|1.664632|5.750572|5.000000|0.641016|0.709685|0.851965|1.470753|0.786474|0.562153|0.466299|1.254527|1.206339|0.000000|0.633323|0.570654|0.386421|0.482639|1.337333|1.201007|0.000000|69.000000|0.554966|0.592719|9.000000|0.372030|0.800000|-0.240229|10.000000
SM017|2016-05-01|0.589565|0.469908|1.174706|1.254639|1.674505|5.778413|6.000000|0.649924|0.745446|0.835746|1.515271|0.835791|0.603228|0.467615|1.455305|1.260876|0.000000|0.684841|0.655818|0.383587|0.469908|1.460549|1.309269|0.000000|63.000000|0.582210|0.590221|3.000000|0.400632|0.888889|-0.144383|9.000000
SM018|2009-11-01|0.392225|0.646418|0.748508|0.606767|1.600497|5.926925|5.000000|0.651102|0.888143|1.088738|1.469101|0.806155|0.506314|0.464634|1.013914|0.988080|0.121212|0.582690|0.380662|-0.072865|0.464634|1.149471|1.069909|0.028369|141.000000|0.406872|0.558627|81.000000|0.350876|0.812500|-0.272413|16.000000
SM018|2010-05-01|0.414390|0.646465|0.783651|0.641009|1.631631|5.811085|5.000000|0.653738|0.894439|1.091038|1.477460|0.806807|0.514595|0.464646|1.073490|1.004927|0.094340|0.601978|0.424678|-0.073491|0.464646|1.254544|1.129133|0.029630|135.000000|0.413579|0.575905|75.000000|0.371314|0.800000|-0.272162|15.000000
SM018|2010-11-01|0.385200|0.643043|0.721991|0.599026|1.650467|5.395433|5.000000|0.661809|0.860907|1.082747|1.514621|0.824279|0.520564|0.467286|1.088784|1.011503|0.078431|0.604322|0.428421|-0.074202|0.467286|1.293258|1.109116|0.038760|129.000000|0.386897|0.563073|69.000000|0.349907|0.800000|-0.285090|15.000000
SM018|2011-05-01|0.423100|0.621879|0.818874|0.680357|1.591783|5.696459|5.000000|0.653472|0.851182|1.025024|1.477021|0.804063|0.539729|0.465070|1.116252|1.111547|0.020408|0.638287|0.457073|0.035865|0.473479|1.332908|1.182232|0.000000|123.000000|0.398567|0.589341|63.000000|0.403164|0.785714|-0.144842|14.000000
SM018|2011-11-01|0.455257|0.640596|0.865608|0.710678|1.642856|5.873271|5.000000|0.653722|0.853312|1.075751|1.469311|0.800450|0.547040|0.459500|1.178478|1.101290|0.000000|0.662175|0.494012|0.161141|0.464192|1.429089|1.198016|0.000000|117.000000|0.640943|0.593353|57.000000|0.392456|0.785714|-0.172106|14.000000
SM018|2012-05-01|0.458836|0.646925|0.854215|0.709257|1.674464|5.787603|5.000000|0.648408|0.828584|1.089625|1.471021|0.794879|0.577165|0.463975|1.218606|1.101166|0.014815|0.677487|0.518012|0.213201|0.463975|1.460227|1.211491|0.000000|111.000000|0.639198|0.605312|51.000000|0.431414|0.769231|-0.161555|13.000000
SM018|2012-11-01|0.521340|0.643809|0.972995|0.809775|1.695150|5.761995|6.000000|0.648858|0.792765|1.080326|1.465352|0.790947|0.607183|0.464225|1.311532|1.176348|0.015504|0.693864|0.535329|0.327310|0.464225|1.494672|1.235649|0.000000|105.000000|0.647035|0.616193|45.000000|0.431406|0.846154|-0.153350|13.000000
SM018|2013-05-01|0.492039|0.646544|0.911954|0.761030|1.688888|5.858893|5.000000|0.641646|0.767401|1.088107|1.448498|0.787103|0.606966|0.464079|1.345110|1.257710|0.000000|0.694122|0.546921|0.324878|0.473412|1.466212|1.232673|0.000000|99.000000|0.639859|0.621760|39.000000|0.444944|0.833333|-0.162530|12.000000
SM018|2013-11-01|0.527989|0.646611|0.969859|0.816548|1.693042|5.772071|5.000000|0.645722|0.769380|1.089313|1.458873|0.784615|0.629489|0.464545|1.410620|1.277279|0.000000|0.696258|0.582694|0.315397|0.472956|1.472142|1.246413|0.000000|93.000000|0.640040|0.635390|33.000000|0.419788|0.833333|-0.162279|12.000000
SM018|2014-05-01|0.581477|0.643932|1.074730|0.903010|1.692634|5.813033|5.000000|0.647078|0.783923|1.108770|1.479072|0.795864|0.657608|0.463966|1.424807|1.346135|0.000000|0.706288|0.604139|0.326732|0.463996|1.522282|1.296449|0.000000|87.000000|0.636521|0.639705|27.000000|0.431670|0.818182|-0.186955|11.000000
SM018|2014-11-01|0.428558|0.675677|0.784958|0.634264|1.666904|5.712789|6.000000|0.648693|0.770200|1.211537|1.446426|0.787130|0.463230|0.472745|1.057378|0.986501|0.000000|0.570795|0.510798|0.104641|0.472745|1.210269|1.042565|0.000000|81.000000|0.464696|0.475089|21.000000|0.327426|0.818182|-0.260644|11.000000
SM018|2015-05-01|0.420608|0.597296|0.824565|0.704187|1.614794|5.617134|6.000000|0.630201|0.698762|0.851816|1.477138|0.773965|0.549286|0.459597|1.226508|1.166280|0.000000|0.628682|0.558430|0.162696|0.479665|1.317320|1.177923|0.000000|75.000000|0.560344|0.539088|15.000000|0.395872|0.800000|-0.238694|10.000000
SM018|2015-11-01|0.475011|0.477790|0.937669|0.994184|1.664128|5.663703|5.000000|0.632048|0.700200|0.851877|1.466801|0.739742|0.559739|0.464173|1.258742|1.209333|0.000000|0.634063|0.572695|0.379487|0.477790|1.341572|1.200163|0.000000|69.000000|0.552887|0.591004|9.000000|0.383389|0.800000|-0.240536|10.000000
SM018|2016-05-01|0.592428|0.464225|1.193793|1.276165|1.673733|5.364788|6.000000|0.645523|0.738694|0.835746|1.504694|0.799123|0.599645|0.451760|1.467517|1.279777|0.000000|0.687362|0.656393|0.400756|0.464225|1.486020|1.317297|0.000000|63.000000|0.583362|0.592200|3.000000|0.409007|0.888889|-0.144383|9.000000
SM020|2009-11-01|0.369167|0.650315|0.708911|0.567673|1.595800|5.114827|5.000000|0.648424|0.866991|1.100791|1.483641|0.773393|0.489085|0.467305|1.036047|0.911656|0.127273|0.557578|0.361213|-0.063851|0.467305|1.062753|1.035969|0.021277|141.000000|0.361213|0.533460|81.000000|0.344058|0.812500|-0.274966|16.000000
SM020|2010-05-01|0.384237|0.644436|0.733641|0.596238|1.627879|5.147678|5.000000|0.650326|0.867089|1.082543|1.469221|0.758956|0.496424|0.465062|1.062336|0.947301|0.094340|0.573834|0.440454|-0.068556|0.465062|1.112735|1.036831|0.029630|135.000000|0.370825|0.539491|75.000000|0.362211|0.800000|-0.274842|15.000000
SM020|2010-11-01|0.369788|0.643099|0.692386|0.575010|1.650000|5.469261|5.000000|0.667112|0.855783|1.081850|1.486586|0.793865|0.512041|0.467288|1.080356|0.985502|0.065359|0.582737|0.441565|-0.068483|0.467288|1.213736|1.058947|0.023256|129.000000|0.365498|0.549540|69.000000|0.356298|0.800000|-0.285090|15.000000
SM020|2011-05-01|0.397237|0.671876|0.761642|0.591236|1.598389|5.537627|5.000000|0.651325|0.862452|1.151271|1.465212|0.768995|0.515618|0.440180|1.137122|1.013793|0.034014|0.597375|0.439463|0.022381|0.467764|1.290215|1.086127|0.000000|123.000000|0.371606|0.542677|63.000000|0.356355|0.785714|-0.200414|14.000000
SM020|2011-11-01|0.425518|0.671581|0.810860|0.633607|1.644460|5.463521|5.000000|0.653672|0.862942|1.149664|1.464201|0.779623|0.543626|0.451950|1.171319|1.018823|0.014184|0.599127|0.477549|0.147787|0.468773|1.281963|1.097495|0.000000|117.000000|0.598134|0.552028|57.000000|0.367142|0.785714|-0.200402|14.000000
SM020|2012-05-01|0.442261|0.640101|0.839083|0.690924|1.666970|5.304052|5.000000|0.647263|0.809403|1.073466|1.487625|0.761507|0.569733|0.468736|1.254697|1.110698|0.007407|0.606899|0.519428|0.232164|0.468736|1.307293|1.117829|0.000000|111.000000|0.597546|0.566085|51.000000|0.384644|0.769231|-0.156201|13.000000
SM020|2012-11-01|0.488120|0.645678|0.920016|0.755981|1.693516|5.386504|6.000000|0.648039|0.782477|1.086962|1.457832|0.793329|0.577575|0.468723|1.239368|1.121980|0.015504|0.607336|0.531083|0.337903|0.468723|1.313177|1.126370|0.000000|105.000000|0.595208|0.573323|45.000000|0.353626|0.846154|-0.156682|13.000000
SM020|2013-05-01|0.457983|0.662925|0.858968|0.690851|1.686653|5.423548|6.000000|0.637696|0.746768|1.132555|1.457652|0.718297|0.569032|0.440176|1.348085|1.122822|0.000000|0.598213|0.527610|0.320370|0.459647|1.301462|1.133370|0.000000|99.000000|0.582729|0.577411|39.000000|0.396348|0.833333|-0.189411|12.000000
SM020|2013-11-01|0.498563|0.646464|0.916760|0.771216|1.693472|5.506561|5.000000|0.645216|0.763556|1.088692|1.468029|0.747756|0.615133|0.440125|1.426613|1.219303|0.000000|0.632102|0.564641|0.318104|0.467300|1.356270|1.176250|0.000000|93.000000|0.599643|0.602481|33.000000|0.375910|0.833333|-0.162075|12.000000
SM020|2014-05-01|0.498445|0.728776|0.861458|0.683948|1.733343|5.679317|6.000000|0.662576|0.785566|1.451773|1.480747|0.862575|0.495298|0.466851|1.130390|1.077229|0.000000|0.665354|0.526550|0.151827|0.477565|1.396571|1.195264|0.000000|87.000000|0.532176|0.534315|27.000000|0.393540|0.818182|-0.246795|11.000000
SM020|2014-11-01|0.420316|0.673774|0.775043|0.623823|1.670939|5.740194|6.000000|0.646691|0.772670|1.203021|1.462427|0.766261|0.467198|0.465306|1.025687|0.998362|0.000000|0.545473|0.476737|0.118323|0.465306|1.167729|1.013015|0.000000|81.000000|0.453636|0.468166|21.000000|0.325494|0.818182|-0.264750|11.000000
SM020|2015-05-01|0.412448|0.597296|0.828224|0.690526|1.612069|5.557854|6.000000|0.623377|0.687569|0.797590|1.420470|0.711302|0.545306|0.456347|1.246596|1.219582|0.000000|0.592809|0.548998|0.193111|0.461132|1.285552|1.205334|0.000000|75.000000|0.546851|0.533127|15.000000|0.434203|0.800000|-0.207986|10.000000
SM020|2015-11-01|0.431542|0.473773|0.873808|0.910863|1.662810|5.322034|5.000000|0.630358|0.698986|0.800463|1.442652|0.744681|0.536473|0.460610|1.229255|1.106733|0.000000|0.533483|0.466735|0.349911|0.460610|1.154389|1.063418|0.000000|69.000000|0.497214|0.542362|9.000000|0.386732|0.700000|-0.232153|10.000000
SM020|2016-05-01|0.580091|0.462135|1.180807|1.255242|1.676459|5.272025|6.000000|0.638650|0.719339|0.829508|1.456832|0.823037|0.592731|0.431522|1.449532|1.302104|0.000000|0.668923|0.633128|0.401379|0.462135|1.457229|1.312315|0.000000|63.000000|0.568114|0.581653|3.000000|0.473710|0.888889|-0.139077|9.000000
SM021|2009-11-01|0.358063|0.654802|0.689248|0.546827|1.597149|5.263771|5.000000|0.644883|0.867872|1.116274|1.460263|0.768181|0.476888|0.462577|1.025101|0.903438|0.127273|0.552054|0.345368|-0.066915|0.462577|1.022286|1.016319|0.028369|141.000000|0.345368|0.520340|81.000000|0.331506|0.812500|-0.274966|16.000000
SM021|2010-05-01|0.385322|0.644587|0.736934|0.597782|1.628333|5.042156|5.000000|0.649013|0.867304|1.082608|1.461370|0.757677|0.498782|0.459700|1.054137|0.937447|0.094340|0.572727|0.437830|-0.068697|0.459700|1.139186|1.051638|0.029630|135.000000|0.365206|0.541504|75.000000|0.363213|0.800000|-0.274842|15.000000
SM021|2010-11-01|0.359026|0.661218|0.676050|0.542977|1.653537|5.114080|5.000000|0.656780|0.859715|1.131251|1.469019|0.791006|0.497816|0.463234|1.055964|0.991492|0.071895|0.570905|0.433783|-0.075358|0.463234|1.177042|1.057562|0.038760|129.000000|0.366694|0.534766|69.000000|0.365526|0.800000|-0.285090|15.000000
SM021|2011-05-01|0.386103|0.662280|0.741306|0.582991|1.602839|5.098490|6.000000|0.650020|0.857426|1.133612|1.461222|0.765655|0.504734|0.440279|1.078979|1.002920|0.027211|0.577177|0.451205|0.032819|0.462017|1.238454|1.072037|0.000000|123.000000|0.359045|0.539808|63.000000|0.358511|0.785714|-0.180955|14.000000
SM021|2011-11-01|0.419945|0.656444|0.801718|0.639727|1.647592|5.268165|5.000000|0.650358|0.853163|1.120924|1.460620|0.766676|0.522132|0.440181|1.180298|1.042428|0.007092|0.593787|0.483187|0.156937|0.462515|1.277307|1.099214|0.000000|117.000000|0.583291|0.553328|57.000000|0.358684|0.785714|-0.172954|14.000000
SM021|2012-05-01|0.426293|0.680831|0.786369|0.626136|1.677129|5.152474|5.000000|0.649848|0.832869|1.179340|1.467828|0.753740|0.536126|0.468188|1.195534|1.025776|0.014815|0.599114|0.495048|0.207836|0.468188|1.284306|1.076138|0.000000|111.000000|0.587269|0.550140|51.000000|0.370242|0.769231|-0.200819|13.000000
SM021|2012-11-01|0.519015|0.638554|0.980741|0.812798|1.687704|5.530008|6.000000|0.643985|0.786043|1.036047|1.469179|0.756403|0.610301|0.465157|1.365443|1.171792|0.000000|0.677816|0.551619|0.367890|0.465157|1.468850|1.231516|0.000000|105.000000|0.644835|0.617064|45.000000|0.379496|0.846154|-0.104251|13.000000
SM021|2013-05-01|0.453252|0.646209|0.837340|0.701402|1.690729|5.147042|5.000000|0.636060|0.764798|1.088817|1.446454|0.740821|0.578091|0.440073|1.270023|1.135639|0.000000|0.615318|0.523367|0.336132|0.468161|1.318081|1.116652|0.000000|99.000000|0.584068|0.581977|39.000000|0.381342|0.833333|-0.161605|12.000000
SM021|2013-11-01|0.486306|0.655720|0.903050|0.741637|1.693082|4.684413|6.000000|0.639636|0.748468|1.115826|1.428528|0.716667|0.608555|0.441115|1.374234|1.196908|0.000000|0.611562|0.539850|0.320307|0.462386|1.322623|1.172850|0.000000|93.000000|0.578590|0.590922|33.000000|0.392439|0.833333|-0.174840|12.000000
SM021|2014-05-01|0.502849|0.728895|0.866052|0.689878|1.735621|5.274327|6.000000|0.666635|0.806655|1.452895|1.488905|0.879253|0.490322|0.470433|1.130281|1.103409|0.000000|0.678326|0.521882|0.153716|0.474289|1.430194|1.209369|0.000000|87.000000|0.538515|0.535689|27.000000|0.384329|0.818182|-0.246188|11.000000
SM021|2014-11-01|0.415856|0.682396|0.763508|0.609406|1.673452|5.599606|6.000000|0.648686|0.766328|1.227287|1.425016|0.766609|0.470670|0.465835|1.073317|1.003214|0.000000|0.539141|0.464239|0.124045|0.465835|1.154132|1.006017|0.000000|81.000000|0.449921|0.466494|21.000000|0.340882|0.818182|-0.265464|11.000000
SM021|2015-05-01|0.408700|0.597296|0.825684|0.684249|1.614728|5.523662|6.000000|0.626335|0.705866|0.797590|1.467510|0.699739|0.558741|0.433410|1.298945|1.176867|0.000000|0.577829|0.530056|0.225847|0.459163|1.258441|1.169679|0.000000|75.000000|0.543180|0.528007|15.000000|0.375729|0.800000|-0.182519|10.000000
SM021|2015-11-01|0.478651|0.456104|0.981654|1.049434|1.661141|5.237070|6.000000|0.627282|0.690202|0.760135|1.388617|0.701368|0.572410|0.443057|1.362500|1.265106|0.000000|0.599941|0.554627|0.401626|0.456104|1.332879|1.214587|0.000000|69.000000|0.555619|0.593362|9.000000|0.383500|0.800000|-0.183669|10.000000
SM021|2016-05-01|0.550609|0.463268|1.117129|1.188531|1.679278|5.016830|6.000000|0.645310|0.732196|0.829508|1.444336|0.805102|0.579279|0.419651|1.395385|1.207083|0.000000|0.615049|0.572194|0.376896|0.450974|1.363824|1.218374|0.000000|63.000000|0.532592|0.554335|3.000000|0.381915|0.888889|-0.139077|9.000000
SM022|2009-11-01|0.379823|0.654707|0.732370|0.580142|1.597868|5.137912|5.000000|0.639806|0.867872|1.116218|1.450096|0.749566|0.489289|0.465717|1.045888|0.953039|0.127273|0.578567|0.380914|-0.066491|0.465717|1.070002|1.056783|0.028369|141.000000|0.380914|0.544583|81.000000|0.364200|0.812500|-0.274966|16.000000
SM022|2010-05-01|0.382650|0.646385|0.737549|0.591985|1.628681|5.078433|5.000000|0.649427|0.868160|1.087563|1.446778|0.784800|0.494985|0.455915|1.025546|0.956355|0.094340|0.559425|0.437951|-0.066830|0.455915|1.129452|1.037489|0.029630|135.000000|0.394125|0.526851|75.000000|0.360131|0.800000|-0.274842|15.000000
SM022|2010-11-01|0.365885|0.654752|0.687309|0.558815|1.653357|4.760427|5.000000|0.654707|0.858691|1.115884|1.461167|0.766571|0.504895|0.465749|1.066774|1.005750|0.071895|0.576421|0.433337|-0.073875|0.465749|1.197345|1.088045|0.038760|129.000000|0.357029|0.547844|69.000000|0.365241|0.800000|-0.285090|15.000000
SM022|2011-05-01|0.384148|0.656211|0.738258|0.585404|1.601290|5.077127|5.000000|0.647031|0.850814|1.119177|1.457046|0.745338|0.507286|0.440189|1.086008|1.008320|0.027211|0.574240|0.452733|0.034036|0.459518|1.228188|1.054588|0.000000|123.000000|0.362047|0.538082|63.000000|0.355744|0.785714|-0.172544|14.000000
SM022|2011-11-01|0.423907|0.663528|0.804378|0.638869|1.650437|4.946702|5.000000|0.649703|0.858673|1.135592|1.461662|0.738812|0.523467|0.447178|1.156257|1.044433|0.007092|0.595468|0.486785|0.156867|0.461782|1.289498|1.097148|0.000000|117.000000|0.589626|0.557512|57.000000|0.346933|0.785714|-0.182514|14.000000
SM022|2012-05-01|0.430838|0.633166|0.831653|0.680450|1.664252|5.113910|5.000000|0.645937|0.799659|1.026572|1.450379|0.761220|0.546322|0.459261|1.223292|1.090336|0.007407|0.571283|0.509545|0.233465|0.459261|1.238697|1.085767|0.000000|111.000000|0.573562|0.549553|51.000000|0.381330|0.769231|-0.071555|13.000000
SM022|2012-11-01|0.488358|0.657308|0.922029|0.742966|1.695838|4.701431|6.000000|0.645677|0.794204|1.122905|1.448400|0.748660|0.568943|0.462304|1.306576|1.136143|0.007752|0.607053|0.533301|0.325027|0.462304|1.311874|1.136236|0.000000|105.000000|0.589783|0.576153|45.000000|0.402678|0.846154|-0.173839|13.000000
SM022|2013-05-01|0.473347|0.654186|0.888129|0.723567|1.689474|4.930243|6.000000|0.636170|0.738572|1.110004|1.417931|0.717063|0.607874|0.447270|1.388994|1.227324|0.000000|0.640696|0.534379|0.326161|0.465699|1.377074|1.184206|0.000000|99.000000|0.607781|0.591550|39.000000|0.389992|0.833333|-0.172851|12.000000
SM022|2013-11-01|0.419579|0.617672|0.795004|0.679292|1.683412|5.045904|6.000000|0.649044|0.728520|0.923771|1.454546|0.749679|0.487070|0.452830|1.071225|0.999075|0.000000|0.533005|0.436001|0.186150|0.455076|1.176108|1.022065|0.000000|93.000000|0.472869|0.489640|33.000000|0.331239|0.833333|-0.235358|12.000000
SM022|2014-05-01|0.507548|0.726350|0.875060|0.698765|1.735408|4.983188|6.000000|0.657239|0.808447|1.407039|1.496805|0.874917|0.497072|0.464951|1.134953|1.096050|0.000000|0.689736|0.525847|0.154670|0.470394|1.467920|1.228011|0.000000|87.000000|0.543371|0.542550|27.000000|0.388738|0.818182|-0.246822|11.000000
SM022|2014-11-01|0.432830|0.674699|0.797597|0.641515|1.668136|5.265056|6.000000|0.651678|0.773819|1.203232|1.454534|0.785739|0.480910|0.445854|1.126188|1.045031|0.000000|0.548665|0.479044|0.149414|0.470448|1.177237|1.007147|0.000000|81.000000|0.465031|0.475309|21.000000|0.319146|0.818182|-0.233046|11.000000
SM022|2015-05-01|0.428765|0.599963|0.866785|0.714653|1.614449|5.019917|6.000000|0.623748|0.703129|0.797988|1.431159|0.690787|0.594689|0.418194|1.430802|1.232951|0.000000|0.626540|0.540864|0.262846|0.450605|1.390441|1.193607|0.000000|75.000000|0.573170|0.550428|15.000000|0.387262|0.800000|-0.123191|10.000000
SM022|2015-11-01|0.490614|0.451649|1.000843|1.086272|1.664109|4.844140|6.000000|0.630750|0.692858|0.761446|1.420342|0.716945|0.619192|0.422531|1.444502|1.254690|0.000000|0.626130|0.578024|0.382079|0.451649|1.386319|1.226992|0.000000|69.000000|0.572764|0.606419|9.000000|0.386859|0.800000|-0.101347|10.000000
SM022|2016-05-01|0.580257|0.461326|1.176519|1.257802|1.679170|4.868373|6.000000|0.639774|0.721271|0.840427|1.473277|0.820646|0.604162|0.419651|1.478669|1.301213|0.000000|0.663191|0.627224|0.411550|0.461326|1.451887|1.307984|0.000000|63.000000|0.564480|0.584906|3.000000|0.492051|0.888889|-0.139077|9.000000
SM023|2009-11-01|0.345115|0.709404|0.622710|0.486486|1.625448|4.802114|5.000000|0.668654|0.915835|1.355576|1.492074|0.878630|0.393382|0.473793|0.817069|0.721396|0.139394|0.434039|0.233009|-0.090228|0.473793|0.914590|0.802999|0.028369|141.000000|0.392487|0.470876|81.000000|0.355185|0.812500|-0.278067|16.000000
SM023|2010-05-01|0.359751|0.712053|0.643405|0.505230|1.658437|5.341778|6.000000|0.670658|0.920503|1.367418|1.484313|0.883316|0.395546|0.474289|0.867957|0.807654|0.106918|0.488651|0.296325|-0.093698|0.474289|1.038313|0.919150|0.037037|135.000000|0.388764|0.488257|75.000000|0.355952|0.800000|-0.278094|15.000000
SM023|2010-11-01|0.333195|0.710389|0.587556|0.469031|1.678723|5.057258|6.000000|0.680790|0.872560|1.360389|1.498851|0.891344|0.401737|0.473846|0.886952|0.816777|0.078431|0.556215|0.301964|-0.095204|0.473846|1.184813|1.031740|0.046512|129.000000|0.371236|0.486806|69.000000|0.359279|0.800000|-0.285090|15.000000
SM023|2011-05-01|0.378287|0.645725|0.736960|0.585834|1.597528|5.347119|5.000000|0.646651|0.842091|1.060666|1.442399|0.752574|0.510591|0.440534|1.092247|1.016766|0.020408|0.554494|0.443614|0.030494|0.459143|1.172559|1.026185|0.000000|123.000000|0.395028|0.519938|63.000000|0.375474|0.785714|-0.120391|14.000000
SM023|2011-11-01|0.392592|0.721210|0.698442|0.544353|1.678060|5.110669|6.000000|0.674963|0.902524|1.412955|1.497083|0.877568|0.420894|0.464141|0.932281|0.852891|0.014184|0.612283|0.332501|0.126708|0.470557|1.330588|1.102651|0.000000|117.000000|0.539299|0.499755|57.000000|0.378841|0.785714|-0.245159|14.000000
SM023|2012-05-01|0.391106|0.708251|0.689711|0.552213|1.702455|5.166198|6.000000|0.667968|0.845346|1.350125|1.495809|0.873705|0.416931|0.472074|0.967203|0.890441|0.014815|0.618161|0.336930|0.143242|0.472074|1.313425|1.092605|0.000000|111.000000|0.526035|0.503013|51.000000|0.393170|0.769231|-0.243838|13.000000
SM023|2012-11-01|0.477687|0.701236|0.851173|0.681208|1.720514|5.191458|6.000000|0.666379|0.806934|1.320339|1.464288|0.858845|0.518885|0.483262|1.192376|1.043352|0.015504|0.641370|0.460923|0.233280|0.483262|1.335928|1.122084|0.000000|105.000000|0.580519|0.557319|45.000000|0.389088|0.846154|-0.210043|13.000000
SM023|2013-05-01|0.415724|0.712234|0.725328|0.583690|1.719544|4.946357|6.000000|0.660588|0.791849|1.369068|1.486553|0.863005|0.469514|0.470601|1.021087|0.971998|0.008130|0.645947|0.360420|0.156794|0.473512|1.364363|1.165390|0.000000|99.000000|0.531170|0.522473|39.000000|0.423144|0.833333|-0.244077|12.000000
SM023|2013-11-01|0.454494|0.718675|0.783135|0.632405|1.727823|5.296350|6.000000|0.663740|0.792631|1.399450|1.491589|0.876603|0.485371|0.470503|1.075850|1.026646|0.000000|0.672628|0.428712|0.145645|0.474096|1.418759|1.209276|0.000000|93.000000|0.541076|0.536567|33.000000|0.417414|0.833333|-0.244937|12.000000
SM023|2014-05-01|0.547095|0.700308|0.967271|0.781220|1.718696|5.173963|5.000000|0.656506|0.793959|1.307322|1.492064|0.823549|0.577989|0.466553|1.367063|1.260419|0.000000|0.685038|0.584890|0.241810|0.480283|1.431482|1.257761|0.000000|87.000000|0.591994|0.592539|27.000000|0.393605|0.818182|-0.197630|11.000000
SM023|2014-11-01|0.408624|0.706200|0.724114|0.578624|1.688693|5.215542|6.000000|0.654968|0.778010|1.300061|1.467749|0.772522|0.452226|0.471410|1.006377|0.967352|0.000000|0.519071|0.469441|0.091980|0.492667|1.063249|0.978896|0.000000|81.000000|0.438873|0.461192|21.000000|0.333494|0.818182|-0.265668|11.000000
SM023|2015-05-01|0.426460|0.601739|0.863888|0.708713|1.615057|4.684420|6.000000|0.625639|0.700820|0.797590|1.434387|0.688549|0.601278|0.417077|1.424605|1.219242|0.000000|0.626444|0.538961|0.262147|0.446162|1.404074|1.197691|0.000000|75.000000|0.572088|0.547482|15.000000|0.386641|0.800000|-0.127842|10.000000
SM023|2015-11-01|0.490757|0.464937|1.005638|1.055535|1.663820|5.186341|6.000000|0.629770|0.687923|0.825181|1.405308|0.710866|0.602629|0.447736|1.486840|1.270332|0.000000|0.617309|0.569729|0.406388|0.464937|1.341315|1.227342|0.000000|69.000000|0.568144|0.607740|9.000000|0.405343|0.800000|-0.104610|10.000000
SM023|2016-05-01|0.537785|0.459073|1.094274|1.171459|1.679198|5.196306|6.000000|0.652548|0.730187|0.836929|1.484062|0.816660|0.567425|0.416569|1.348478|1.188593|0.000000|0.597952|0.550680|0.386792|0.459073|1.302522|1.179741|0.000000|63.000000|0.520363|0.544505|3.000000|0.394861|0.888889|-0.154100|9.000000
SM024|2009-11-01|0.351270|0.709223|0.636779|0.495289|1.625659|5.241126|6.000000|0.659230|0.915835|1.354750|1.485132|0.860759|0.393783|0.469357|0.817399|0.715790|0.139394|0.430891|0.233078|-0.090120|0.469357|0.918046|0.796738|0.028369|141.000000|0.429894|0.468904|81.000000|0.330035|0.812500|-0.278067|16.000000
SM024|2010-05-01|0.363998|0.712065|0.653516|0.511187|1.657652|5.332840|6.000000|0.667586|0.920503|1.367478|1.487505|0.877943|0.401010|0.480163|0.866521|0.797040|0.106918|0.483629|0.291962|-0.093706|0.480163|1.007220|0.909481|0.037037|135.000000|0.414093|0.483122|75.000000|0.344962|0.800000|-0.278094|15.000000
SM024|2010-11-01|0.353951|0.710155|0.628546|0.498414|1.679227|4.875500|6.000000|0.670293|0.872560|1.359316|1.497533|0.878347|0.412583|0.465047|0.902118|0.836559|0.078431|0.567923|0.302884|-0.095066|0.465047|1.221486|1.077455|0.046512|129.000000|0.436042|0.495531|69.000000|0.385963|0.800000|-0.285090|15.000000
SM024|2011-05-01|0.408654|0.640612|0.783534|0.637911|1.599079|4.360273|5.000000|0.650959|0.838741|1.040483|1.486149|0.750905|0.531071|0.417166|1.240164|1.062900|0.020408|0.598805|0.459020|0.039747|0.464581|1.272929|1.102381|0.000000|123.000000|0.364670|0.565548|63.000000|0.381933|0.785714|-0.069392|14.000000
SM024|2011-11-01|0.406958|0.721291|0.725281|0.564208|1.678855|5.155778|6.000000|0.663613|0.902524|1.413369|1.501360|0.854489|0.423294|0.470518|0.959585|0.895385|0.014184|0.630159|0.332577|0.126672|0.474304|1.329253|1.097145|0.000000|117.000000|0.562980|0.499496|57.000000|0.374625|0.785714|-0.245043|14.000000
SM024|2012-05-01|0.405863|0.708067|0.715043|0.573199|1.703548|4.620450|6.000000|0.663173|0.843219|1.349293|1.501304|0.874568|0.420550|0.473750|0.969888|0.895339|0.014815|0.632310|0.337041|0.143312|0.473750|1.335603|1.119326|0.000000|111.000000|0.546169|0.509426|51.000000|0.393211|0.769231|-0.243638|13.000000
SM024|2012-11-01|0.494640|0.700941|0.881447|0.705680|1.719787|5.085940|6.000000|0.659097|0.804855|1.319062|1.483338|0.845742|0.543462|0.481070|1.203179|1.053060|0.015504|0.665681|0.461957|0.236908|0.481070|1.397119|1.158995|0.000000|105.000000|0.603548|0.566835|45.000000|0.393362|0.846154|-0.194024|13.000000
SM024|2013-05-01|0.432344|0.712252|0.760292|0.607011|1.718518|5.377736|6.000000|0.655107|0.784533|1.369154|1.474840|0.847886|0.476297|0.467750|1.049270|1.002694|0.008130|0.659142|0.361952|0.157755|0.469413|1.404183|1.183024|0.000000|99.000000|0.556400|0.523926|39.000000|0.421914|0.833333|-0.244213|12.000000
SM024|2013-11-01|0.470271|0.718763|0.815548|0.654279|1.726383|5.061227|6.000000|0.658553|0.793038|1.399886|1.477283|0.866346|0.488570|0.460111|1.075870|1.048223|0.000000|0.682496|0.427626|0.145618|0.470551|1.457836|1.221771|0.000000|93.000000|0.561701|0.541075|33.000000|0.416024|0.833333|-0.244933|12.000000
SM024|2014-05-01|0.545471|0.700150|0.967056|0.779078|1.720043|5.530255|5.000000|0.657256|0.792137|1.306646|1.501335|0.772181|0.584955|0.470490|1.395448|1.189484|0.000000|0.638677|0.550659|0.241186|0.477095|1.350628|1.195299|0.000000|87.000000|0.588578|0.578106|27.000000|0.358186|0.818182|-0.197359|11.000000
SM024|2014-11-01|0.427114|0.734066|0.760225|0.581847|1.687750|4.890558|6.000000|0.639620|0.774092|1.434272|1.416052|0.747826|0.466795|0.469311|1.039566|1.003525|0.000000|0.528285|0.476096|0.101577|0.469311|1.121468|0.997384|0.000000|81.000000|0.465678|0.473221|21.000000|0.346324|0.818182|-0.318249|11.000000
SM024|2015-05-01|0.431494|0.601739|0.871459|0.717078|1.613932|4.484424|6.000000|0.630013|0.706962|0.815991|1.450712|0.723611|0.599920|0.417077|1.397720|1.200574|0.000000|0.608695|0.531689|0.262147|0.455856|1.335279|1.170088|0.000000|75.000000|0.574237|0.546248|15.000000|0.387362|0.800000|-0.127842|10.000000
SM024|2015-11-01|0.459929|0.467543|0.932422|0.983716|1.664848|4.832700|6.000000|0.636824|0.720758|0.822161|1.450526|0.762918|0.566012|0.455910|1.290068|1.145558|0.000000|0.576908|0.527627|0.340821|0.464937|1.254823|1.138004|0.000000|69.000000|0.534900|0.566764|9.000000|0.383647|0.800000|-0.104610|10.000000
SM024|2016-05-01|0.536762|0.457253|1.105817|1.173882|1.675636|5.172648|6.000000|0.654853|0.735687|0.836685|1.467307|0.831806|0.561625|0.416309|1.297499|1.134821|0.000000|0.574203|0.524608|0.385029|0.457253|1.255765|1.159941|0.000000|63.000000|0.519557|0.540867|3.000000|0.389869|0.888889|-0.153815|9.000000
SM025|2009-11-01|0.354387|0.710576|0.641165|0.498732|1.625989|4.895442|5.000000|0.664364|0.915835|1.360731|1.476345|0.861504|0.400329|0.473768|0.820729|0.724249|0.139394|0.432547|0.229422|-0.093314|0.473768|0.912993|0.800053|0.035461|141.000000|0.432547|0.468672|81.000000|0.353734|0.812500|-0.278067|16.000000
SM025|2010-05-01|0.365572|0.711692|0.654396|0.513665|1.658420|4.899291|6.000000|0.669839|0.920503|1.365710|1.481250|0.872313|0.401266|0.473722|0.851668|0.807654|0.106918|0.490286|0.296975|-0.093483|0.473722|1.045669|0.924085|0.037037|135.000000|0.407172|0.486653|75.000000|0.355705|0.800000|-0.278094|15.000000
SM025|2010-11-01|0.352011|0.709712|0.625540|0.495992|1.678505|4.519251|6.000000|0.671203|0.872560|1.356641|1.507923|0.865090|0.410823|0.464292|0.905931|0.829693|0.078431|0.572645|0.304021|-0.094697|0.464292|1.238350|1.044420|0.046512|129.000000|0.434455|0.488179|69.000000|0.357510|0.800000|-0.285090|15.000000
SM025|2011-05-01|0.402605|0.698539|0.733882|0.576353|1.623967|4.922221|6.000000|0.667671|0.896159|1.308053|1.482098|0.848594|0.506154|0.465765|1.033203|0.920362|0.034014|0.634586|0.399531|0.020006|0.469521|1.352794|1.146282|0.000000|123.000000|0.408320|0.552278|63.000000|0.380867|0.785714|-0.192326|14.000000
SM025|2011-11-01|0.404320|0.720694|0.719539|0.561015|1.678451|4.958155|6.000000|0.670265|0.902524|1.409990|1.487645|0.866310|0.423388|0.465087|0.959908|0.869061|0.014184|0.628372|0.333782|0.126876|0.470005|1.336949|1.106208|0.000000|117.000000|0.557018|0.501814|57.000000|0.379087|0.785714|-0.245105|14.000000
SM025|2012-05-01|0.439858|0.699070|0.784463|0.629204|1.697246|4.932671|6.000000|0.662003|0.842278|1.310205|1.497433|0.844361|0.521007|0.473094|1.152670|0.990628|0.014815|0.659891|0.443826|0.184818|0.473094|1.394841|1.161198|0.000000|111.000000|0.604032|0.563743|51.000000|0.404985|0.769231|-0.194072|13.000000
SM025|2012-11-01|0.470454|0.708285|0.828651|0.664216|1.726159|4.855157|6.000000|0.664317|0.805763|1.347092|1.476403|0.871948|0.464244|0.473707|1.009305|0.974555|0.015504|0.650742|0.366196|0.163147|0.473707|1.373723|1.136464|0.000000|105.000000|0.563946|0.522137|45.000000|0.408016|0.846154|-0.243514|13.000000
SM025|2013-05-01|0.435906|0.714411|0.762185|0.610162|1.720610|5.167096|6.000000|0.654583|0.785169|1.379643|1.469145|0.846035|0.475384|0.470148|1.047897|0.978401|0.008130|0.655544|0.361386|0.157076|0.473734|1.383782|1.182206|0.000000|99.000000|0.561972|0.526174|39.000000|0.436286|0.833333|-0.244548|12.000000
SM025|2013-11-01|0.466220|0.720815|0.802503|0.646796|1.728453|5.098325|6.000000|0.661461|0.798969|1.409699|1.477476|0.871474|0.487990|0.473652|1.079083|1.029322|0.000000|0.671552|0.434894|0.146995|0.475837|1.411307|1.209397|0.000000|93.000000|0.552423|0.541498|33.000000|0.431563|0.833333|-0.245217|12.000000
SM025|2014-05-01|0.510494|0.730520|0.875429|0.698810|1.738243|5.004456|6.000000|0.662129|0.801048|1.450521|1.476447|0.863576|0.501362|0.469972|1.129606|1.101220|0.000000|0.678606|0.546572|0.154610|0.473734|1.432462|1.203684|0.000000|87.000000|0.547720|0.541028|27.000000|0.408016|0.818182|-0.246959|11.000000
SM025|2014-11-01|0.405919|0.737137|0.724140|0.550670|1.690229|4.808152|6.000000|0.638039|0.764077|1.449616|1.449098|0.745739|0.472521|0.467285|1.081710|0.992516|0.000000|0.508764|0.457913|0.103955|0.467285|1.080918|0.982735|0.000000|81.000000|0.440575|0.455706|21.000000|0.338854|0.818182|-0.327005|11.000000
SM025|2015-05-01|0.468534|0.601739|0.951738|0.778632|1.614393|4.863225|6.000000|0.620937|0.688197|0.797590|1.427779|0.682581|0.634278|0.416370|1.486732|1.260720|0.000000|0.641053|0.594986|0.263042|0.458935|1.396827|1.269572|0.000000|75.000000|0.618115|0.580407|15.000000|0.416420|0.800000|-0.128026|10.000000
SM025|2015-11-01|0.525562|0.459030|1.076585|1.144940|1.664174|5.069297|6.000000|0.626379|0.687273|0.764807|1.418239|0.691109|0.633143|0.415043|1.513206|1.305654|0.000000|0.647593|0.593442|0.449011|0.459030|1.413503|1.274787|0.000000|69.000000|0.611678|0.643755|9.000000|0.414178|0.800000|-0.104620|10.000000
SM025|2016-05-01|0.576528|0.465134|1.165243|1.239490|1.682942|4.481687|6.000000|0.633895|0.704489|0.797635|1.484496|0.805500|0.595214|0.440015|1.440143|1.234571|0.000000|0.655505|0.611541|0.408402|0.465134|1.409284|1.250882|0.000000|63.000000|0.573722|0.589784|3.000000|0.438321|0.888889|-0.120910|9.000000
SM026|2009-11-01|0.358147|0.720851|0.646615|0.496840|1.627745|4.985793|6.000000|0.662756|0.916012|1.411382|1.481256|0.859270|0.395090|0.473726|0.813245|0.707752|0.139394|0.438487|0.235291|-0.091934|0.473726|0.923980|0.794580|0.028369|141.000000|0.445522|0.470957|81.000000|0.333450|0.812500|-0.278067|16.000000
SM026|2010-05-01|0.370031|0.720375|0.661092|0.513664|1.660199|4.845870|6.000000|0.667339|0.920503|1.408853|1.480129|0.868987|0.403627|0.473728|0.834408|0.823200|0.106918|0.496213|0.300184|-0.090502|0.473728|1.055644|0.924740|0.029630|135.000000|0.414781|0.491268|75.000000|0.363765|0.800000|-0.278094|15.000000
SM026|2010-11-01|0.349542|0.725712|0.615520|0.481655|1.684040|4.861025|6.000000|0.675171|0.873304|1.435286|1.490081|0.873408|0.408164|0.473715|0.905175|0.832818|0.078431|0.576448|0.295468|-0.102044|0.473715|1.216866|1.037969|0.054264|129.000000|0.439333|0.485057|69.000000|0.354421|0.800000|-0.285090|15.000000
SM026|2011-05-01|0.381853|0.708838|0.689902|0.538702|1.629912|4.924181|6.000000|0.665727|0.896695|1.352936|1.471963|0.840523|0.417952|0.470612|0.916541|0.847947|0.034014|0.591698|0.311801|0.017120|0.473793|1.256682|1.069619|0.000000|123.000000|0.450485|0.494402|63.000000|0.385152|0.785714|-0.243061|14.000000
SM026|2011-11-01|0.412274|0.716309|0.736667|0.575553|1.678224|4.914481|6.000000|0.667510|0.900840|1.387939|1.484194|0.852519|0.425921|0.465088|0.969141|0.900559|0.014184|0.626744|0.336571|0.127881|0.470146|1.333084|1.107137|0.000000|117.000000|0.569834|0.502672|57.000000|0.379108|0.785714|-0.244419|14.000000
SM026|2012-05-01|0.415961|0.708846|0.737604|0.586814|1.702967|5.024312|6.000000|0.661206|0.841285|1.353187|1.486263|0.845224|0.428515|0.470631|0.949416|0.900927|0.014815|0.636055|0.341381|0.145349|0.470631|1.351495|1.128991|0.000000|111.000000|0.563693|0.512141|51.000000|0.405658|0.769231|-0.243072|13.000000
SM026|2012-11-01|0.474108|0.713323|0.837143|0.664648|1.727845|4.970858|6.000000|0.661898|0.809458|1.374457|1.468925|0.863311|0.460699|0.476025|1.025977|0.967845|0.015504|0.660903|0.361718|0.157914|0.476025|1.388378|1.157855|0.000000|105.000000|0.576104|0.522807|45.000000|0.399622|0.846154|-0.243756|13.000000
SM026|2013-05-01|0.433280|0.714411|0.757903|0.606487|1.721002|4.846733|6.000000|0.655634|0.785169|1.379643|1.466705|0.852515|0.475437|0.470129|1.048334|0.978586|0.008130|0.654759|0.361250|0.156956|0.473749|1.382078|1.176804|0.000000|99.000000|0.558381|0.525988|39.000000|0.436292|0.833333|-0.244319|12.000000
SM026|2013-11-01|0.480663|0.723403|0.830378|0.664447|1.729656|4.989898|6.000000|0.655484|0.792851|1.423696|1.480200|0.848397|0.493254|0.465078|1.078726|1.056253|0.000000|0.683165|0.455992|0.146275|0.470072|1.459598|1.219640|0.000000|93.000000|0.576516|0.540829|33.000000|0.431608|0.833333|-0.245353|12.000000
SM026|2014-05-01|0.527735|0.741664|0.902757|0.711554|1.743752|4.913299|6.000000|0.656937|0.802588|1.513097|1.477229|0.842895|0.502857|0.465103|1.134053|1.104013|0.000000|0.686166|0.559670|0.150751|0.470144|1.459481|1.223574|0.000000|87.000000|0.572273|0.556452|27.000000|0.408063|0.818182|-0.248200|11.000000
SM026|2014-11-01|0.423723|0.737137|0.759363|0.574823|1.691202|4.558917|6.000000|0.631142|0.767083|1.449616|1.412571|0.690783|0.479565|0.467728|1.106488|1.006431|0.000000|0.523828|0.466282|0.103814|0.467728|1.118271|1.009985|0.000000|81.000000|0.462950|0.467514|21.000000|0.382542|0.818182|-0.327005|11.000000
SM026|2015-05-01|0.467171|0.601169|0.947509|0.777105|1.614077|5.030553|6.000000|0.620181|0.687238|0.802355|1.427524|0.673256|0.632136|0.417542|1.482068|1.239524|0.000000|0.645122|0.591120|0.262774|0.458641|1.418093|1.255951|0.000000|75.000000|0.615123|0.576485|15.000000|0.435753|0.800000|-0.126838|10.000000
SM026|2015-11-01|0.504824|0.461492|1.041655|1.093894|1.663272|4.711576|6.000000|0.628053|0.696963|0.779389|1.439661|0.752660|0.596315|0.415066|1.411445|1.209630|0.000000|0.606054|0.560251|0.422348|0.461492|1.313248|1.211425|0.000000|69.000000|0.585370|0.626255|9.000000|0.367675|0.800000|-0.101960|10.000000
SM026|2016-05-01|0.594393|0.461138|1.206693|1.288971|1.679660|4.809540|6.000000|0.631109|0.708506|0.777734|1.478547|0.787166|0.606996|0.430926|1.476832|1.285545|0.000000|0.662974|0.611014|0.446305|0.461138|1.437693|1.301393|0.000000|63.000000|0.578824|0.602338|3.000000|0.468816|0.888889|-0.128241|9.000000
SM027|2009-11-01|0.368140|0.719993|0.664459|0.511310|1.628340|4.867569|5.000000|0.663104|0.914006|1.406470|1.485096|0.856540|0.401384|0.476107|0.833309|0.733811|0.139394|0.445618|0.235647|-0.091276|0.476107|0.935963|0.814520|0.028369|141.000000|0.470794|0.478062|81.000000|0.378452|0.812500|-0.278067|16.000000
SM027|2010-05-01|0.352033|0.718006|0.628930|0.490293|1.662449|4.255877|6.000000|0.664019|0.920779|1.397637|1.491359|0.864125|0.395216|0.472296|0.826029|0.729222|0.106918|0.490156|0.297840|-0.094351|0.472296|1.042713|0.912379|0.037037|135.000000|0.389530|0.482012|75.000000|0.352755|0.800000|-0.278094|15.000000
SM027|2010-11-01|0.327312|0.718540|0.581979|0.455523|1.685012|5.046887|6.000000|0.673005|0.872574|1.400073|1.508010|0.843514|0.400336|0.470145|0.904356|0.811790|0.078431|0.526462|0.299958|-0.098112|0.470145|1.142552|0.987062|0.046512|129.000000|0.375861|0.467078|69.000000|0.350436|0.800000|-0.285090|15.000000
SM027|2011-05-01|0.371786|0.710053|0.675440|0.523602|1.628987|5.652881|6.000000|0.668968|0.896780|1.357994|1.472683|0.844976|0.402936|0.467443|0.916231|0.847695|0.034014|0.590247|0.308001|0.012069|0.469079|1.262715|1.079042|0.000000|123.000000|0.431323|0.492259|63.000000|0.399122|0.785714|-0.243412|14.000000
SM027|2011-11-01|0.412851|0.718055|0.738721|0.574958|1.677600|4.974820|6.000000|0.663873|0.900477|1.396814|1.493419|0.833943|0.432432|0.464340|0.962331|0.874408|0.014184|0.616496|0.336216|0.127696|0.470092|1.327290|1.094320|0.000000|117.000000|0.572334|0.495995|57.000000|0.378674|0.785714|-0.244418|14.000000
SM027|2012-05-01|0.425285|0.716887|0.748449|0.593239|1.706781|4.869495|6.000000|0.663935|0.840215|1.391622|1.484614|0.845224|0.439400|0.473432|0.971206|0.906477|0.014815|0.636267|0.335237|0.141082|0.473432|1.344324|1.120314|0.000000|111.000000|0.581594|0.510300|51.000000|0.409445|0.769231|-0.244476|13.000000
SM027|2012-11-01|0.474414|0.709986|0.836201|0.668202|1.727663|4.784834|6.000000|0.663495|0.817934|1.358424|1.476703|0.848422|0.464491|0.473416|1.032003|0.960825|0.015504|0.654145|0.361050|0.161777|0.473416|1.385203|1.141534|0.000000|105.000000|0.581517|0.518501|45.000000|0.409440|0.769231|-0.243275|13.000000
SM027|2013-05-01|0.447542|0.714411|0.785976|0.626449|1.720860|4.776852|6.000000|0.649028|0.773602|1.379643|1.478839|0.819500|0.476941|0.464305|1.058173|1.000973|0.008130|0.655089|0.367441|0.156956|0.470129|1.402936|1.183131|0.000000|99.000000|0.579663|0.522566|39.000000|0.432543|0.833333|-0.244319|12.000000
SM027|2013-11-01|0.482051|0.723492|0.832254|0.666284|1.728693|5.244147|6.000000|0.657195|0.797929|1.424538|1.485445|0.838782|0.497256|0.465507|1.077980|1.036548|0.000000|0.681564|0.457404|0.146166|0.475772|1.449452|1.232968|0.000000|93.000000|0.581912|0.546590|33.000000|0.435091|0.833333|-0.245453|12.000000
SM027|2014-05-01|0.537820|0.741664|0.919814|0.725153|1.745452|4.561758|6.000000|0.655627|0.797441|1.513097|1.482379|0.815877|0.503536|0.465511|1.134053|1.112330|0.000000|0.692778|0.566643|0.150751|0.470144|1.474085|1.224714|0.000000|87.000000|0.584707|0.553887|27.000000|0.406745|0.818182|-0.248200|11.000000
SM027|2014-11-01|0.414672|0.737137|0.738512|0.562545|1.694671|4.642716|6.000000|0.632403|0.772360|1.449616|1.417442|0.702261|0.473755|0.473434|1.079454|0.948980|0.000000|0.501335|0.448582|0.103650|0.473434|1.054991|0.964823|0.000000|81.000000|0.451417|0.451415|21.000000|0.342051|0.818182|-0.327005|11.000000
SM027|2015-05-01|0.475487|0.601567|0.966355|0.790415|1.616144|4.693799|6.000000|0.623075|0.684071|0.797590|1.422848|0.694144|0.621782|0.416320|1.456601|1.229465|0.000000|0.638835|0.571311|0.263231|0.460851|1.386208|1.257558|0.000000|75.000000|0.629611|0.566494|15.000000|0.388972|0.800000|-0.127607|10.000000
SM027|2015-11-01|0.530365|0.460162|1.086776|1.152562|1.665560|4.635866|6.000000|0.627217|0.687150|0.741851|1.411790|0.704407|0.629677|0.415199|1.440805|1.258057|0.000000|0.639045|0.583860|0.453310|0.460162|1.388739|1.247076|0.000000|69.000000|0.618816|0.650201|9.000000|0.384809|0.800000|-0.104226|10.000000
SM027|2016-05-01|0.596302|0.460463|1.218190|1.295004|1.682370|4.582016|6.000000|0.629310|0.704648|0.783766|1.434914|0.749701|0.610756|0.426751|1.395333|1.200368|0.000000|0.628774|0.569472|0.464177|0.460463|1.365527|1.231556|0.000000|63.000000|0.583590|0.607327|3.000000|0.436595|0.888889|-0.137050|9.000000
SM028|2009-11-01|0.335766|0.711937|0.609024|0.471623|1.630787|4.619212|6.000000|0.656928|0.914574|1.367692|1.495575|0.825515|0.386652|0.464349|0.832117|0.728899|0.139394|0.447746|0.238244|-0.089391|0.464349|0.964244|0.789638|0.028369|141.000000|0.365463|0.456275|81.000000|0.331833|0.812500|-0.278067|16.000000
SM028|2010-05-01|0.385949|0.717644|0.695117|0.537800|1.662087|4.859385|6.000000|0.658982|0.920827|1.394945|1.480465|0.828045|0.410698|0.473044|0.903334|0.845267|0.106918|0.513647|0.302033|-0.093774|0.473044|1.085832|0.966072|0.037037|135.000000|0.470605|0.488712|75.000000|0.378835|0.800000|-0.278094|15.000000
SM028|2010-11-01|0.328707|0.722459|0.580620|0.454983|1.683970|4.315132|6.000000|0.674541|0.873037|1.418568|1.495765|0.851053|0.393244|0.464071|0.837609|0.745760|0.078431|0.541945|0.288060|-0.102307|0.464071|1.172605|1.005147|0.054264|129.000000|0.383214|0.482077|69.000000|0.401923|0.800000|-0.285090|15.000000
SM028|2011-05-01|0.382881|0.709569|0.694183|0.539596|1.636170|4.724127|6.000000|0.651628|0.899246|1.356808|1.490754|0.757584|0.417784|0.460353|0.927750|0.854300|0.034014|0.576092|0.312805|0.012327|0.464423|1.251414|1.025706|0.000000|123.000000|0.461542|0.475902|63.000000|0.391565|0.785714|-0.241395|14.000000
SM028|2011-11-01|0.391922|0.724016|0.697831|0.541317|1.682515|4.200361|6.000000|0.667032|0.903660|1.427103|1.510115|0.850549|0.422704|0.465835|0.918564|0.859876|0.014184|0.599625|0.336978|0.128124|0.472733|1.287204|1.094017|0.000000|117.000000|0.548400|0.500052|57.000000|0.411602|0.785714|-0.244177|14.000000
SM028|2012-05-01|0.396494|0.718225|0.697311|0.552047|1.710263|4.198200|6.000000|0.660872|0.840683|1.398061|1.497119|0.850403|0.428963|0.470325|0.916001|0.876979|0.014815|0.618086|0.348808|0.145988|0.470325|1.314168|1.094070|0.000000|111.000000|0.544303|0.511447|51.000000|0.405140|0.769231|-0.242213|13.000000
SM028|2012-11-01|0.473683|0.718170|0.833880|0.659570|1.737992|4.556901|6.000000|0.644530|0.819338|1.397728|1.491274|0.726921|0.454034|0.464394|1.060082|0.921109|0.015504|0.637520|0.361219|0.165587|0.464394|1.373441|1.113253|0.000000|105.000000|0.580812|0.498532|45.000000|0.420290|0.769231|-0.242505|13.000000
SM028|2013-05-01|0.452360|0.714411|0.792972|0.633193|1.723453|4.359885|6.000000|0.645526|0.773866|1.379643|1.492583|0.797593|0.486761|0.464452|1.081691|1.027194|0.008130|0.672548|0.384017|0.163866|0.467435|1.438805|1.199972|0.000000|99.000000|0.583770|0.530772|39.000000|0.435741|0.833333|-0.242501|12.000000
SM028|2013-11-01|0.465948|0.713846|0.810295|0.652729|1.732903|4.556707|6.000000|0.644740|0.775304|1.376743|1.492688|0.755128|0.489914|0.460316|1.108757|1.010686|0.000000|0.650848|0.447472|0.153428|0.464359|1.401922|1.146196|0.000000|93.000000|0.552251|0.528804|33.000000|0.411390|0.833333|-0.242611|12.000000
SM028|2014-05-01|0.495008|0.738934|0.845988|0.669895|1.746330|4.404528|6.000000|0.654382|0.796078|1.509230|1.494038|0.831221|0.485190|0.470531|1.067223|0.994066|0.000000|0.648799|0.535708|0.154017|0.470623|1.378594|1.192055|0.000000|87.000000|0.533676|0.533525|27.000000|0.403593|0.818182|-0.246479|11.000000
SM028|2014-11-01|0.432543|0.736928|0.780571|0.586954|1.694524|4.515218|6.000000|0.628585|0.732995|1.452297|1.378429|0.666435|0.465899|0.450277|1.075465|0.988838|0.000000|0.517160|0.454157|0.098806|0.450277|1.129288|0.992887|0.000000|81.000000|0.475191|0.475159|21.000000|0.359406|0.818182|-0.328429|11.000000
SM028|2015-05-01|0.466079|0.601902|0.952624|0.774344|1.616970|4.616852|6.000000|0.623019|0.689515|0.797590|1.413006|0.676986|0.610933|0.417401|1.418927|1.204195|0.000000|0.622824|0.553783|0.262221|0.461285|1.350193|1.237048|0.000000|75.000000|0.620775|0.554771|15.000000|0.381413|0.800000|-0.128369|10.000000
SM028|2015-11-01|0.545850|0.465537|1.113201|1.172518|1.664745|4.704737|6.000000|0.628840|0.691973|0.775315|1.448395|0.728343|0.649695|0.415056|1.508479|1.330524|0.000000|0.664631|0.608605|0.453749|0.465537|1.453092|1.303245|0.000000|69.000000|0.637961|0.666991|9.000000|0.400302|0.800000|-0.105063|10.000000
SM028|2016-05-01|0.615176|0.451166|1.246850|1.363523|1.682354|4.630619|6.000000|0.624859|0.702975|0.792496|1.418160|0.736548|0.637258|0.421215|1.545218|1.292078|0.000000|0.691652|0.638241|0.424556|0.451166|1.533031|1.341129|0.000000|63.000000|0.603722|0.622388|3.000000|0.377881|0.888889|-0.144187|9.000000
SM029|2009-11-01|0.367646|0.717859|0.668298|0.512143|1.632760|4.780744|5.000000|0.661454|0.915274|1.396596|1.478779|0.831968|0.408444|0.463689|0.888649|0.747437|0.139394|0.451777|0.237639|-0.091766|0.463689|0.974310|0.824460|0.028369|141.000000|0.479399|0.469746|81.000000|0.358453|0.812500|-0.278067|16.000000
SM029|2010-05-01|0.382935|0.708945|0.690582|0.540147|1.663699|4.657236|5.000000|0.653047|0.920341|1.353148|1.489141|0.762027|0.407776|0.463683|0.904843|0.821550|0.106918|0.503679|0.300693|-0.092384|0.463683|1.086258|0.946411|0.037037|135.000000|0.471169|0.481582|75.000000|0.383709|0.800000|-0.278094|15.000000
SM029|2010-11-01|0.328260|0.716867|0.576897|0.457910|1.687062|4.013272|6.000000|0.673438|0.871607|1.390422|1.494605|0.876527|0.398271|0.472228|0.864085|0.743568|0.078431|0.543151|0.299343|-0.105157|0.472228|1.150188|0.998517|0.054264|129.000000|0.379488|0.483205|69.000000|0.399080|0.800000|-0.285090|15.000000
SM029|2011-05-01|0.356041|0.716071|0.637153|0.497214|1.637070|4.408065|6.000000|0.665239|0.899173|1.387827|1.491698|0.841080|0.408529|0.463749|0.891907|0.790827|0.034014|0.571524|0.315118|0.013462|0.472092|1.210620|1.045949|0.000000|123.000000|0.368082|0.493475|63.000000|0.407067|0.785714|-0.242043|14.000000
SM029|2011-11-01|0.416661|0.718702|0.744917|0.579740|1.683929|4.809805|6.000000|0.659462|0.903561|1.400567|1.495578|0.802983|0.432859|0.459324|1.014961|0.893830|0.014184|0.606607|0.339717|0.129669|0.463739|1.314218|1.105631|0.000000|117.000000|0.573797|0.492997|57.000000|0.407973|0.785714|-0.243033|14.000000
SM029|2012-05-01|0.428244|0.716775|0.757794|0.597460|1.711980|4.982029|6.000000|0.660284|0.840449|1.391213|1.506795|0.813291|0.444240|0.463569|1.022844|0.927391|0.014815|0.610825|0.341736|0.141534|0.463569|1.317657|1.107495|0.000000|111.000000|0.585152|0.491279|51.000000|0.415473|0.769231|-0.242242|13.000000
SM029|2012-11-01|0.480989|0.716263|0.849464|0.671526|1.734690|4.842000|6.000000|0.661544|0.817682|1.388535|1.477028|0.812984|0.473338|0.463682|1.070438|0.958957|0.015504|0.643093|0.367841|0.169217|0.463682|1.386928|1.144528|0.000000|105.000000|0.588264|0.512873|45.000000|0.412972|0.769231|-0.241954|13.000000
SM029|2013-05-01|0.437863|0.714408|0.767685|0.612903|1.727839|4.868601|6.000000|0.650743|0.771855|1.379629|1.472790|0.798210|0.472374|0.456051|1.069211|0.996571|0.008130|0.654264|0.380752|0.164863|0.463673|1.419326|1.142887|0.000000|99.000000|0.561933|0.519138|39.000000|0.409764|0.833333|-0.242675|12.000000
SM029|2013-11-01|0.451943|0.713846|0.781690|0.633110|1.730407|3.828142|6.000000|0.658228|0.788201|1.376743|1.502485|0.854167|0.483343|0.463718|1.070387|0.964874|0.000000|0.652076|0.448391|0.153428|0.472024|1.382158|1.170213|0.000000|93.000000|0.544662|0.536437|33.000000|0.416121|0.833333|-0.242611|12.000000
SM029|2014-05-01|0.493617|0.738933|0.842463|0.668013|1.747004|3.813739|6.000000|0.656980|0.789825|1.509223|1.499523|0.858239|0.484317|0.469950|1.071760|1.017658|0.000000|0.648599|0.539739|0.155217|0.470168|1.379505|1.186175|0.000000|87.000000|0.537111|0.533144|27.000000|0.403891|0.818182|-0.246545|11.000000
SM029|2014-11-01|0.416432|0.732278|0.749740|0.568681|1.695448|5.279802|7.000000|0.630347|0.758293|1.423691|1.410632|0.685217|0.473971|0.454360|1.087065|0.983111|0.000000|0.517690|0.454735|0.104861|0.454360|1.128646|1.019714|0.000000|81.000000|0.463237|0.462558|21.000000|0.374679|0.818182|-0.320678|11.000000
SM029|2015-05-01|0.471055|0.601902|0.965522|0.782611|1.616944|5.328889|6.000000|0.627207|0.701058|0.797590|1.457119|0.712421|0.637415|0.408694|1.503233|1.276977|0.000000|0.651294|0.581778|0.265247|0.450156|1.450648|1.288655|0.000000|75.000000|0.634441|0.564945|15.000000|0.405467|0.800000|-0.128369|10.000000
SM029|2015-11-01|0.523950|0.464508|1.046949|1.127969|1.670036|3.761697|6.000000|0.632675|0.689031|0.796141|1.468493|0.786474|0.625093|0.414878|1.593925|1.272949|0.000000|0.686376|0.632821|0.398327|0.464508|1.479563|1.258293|0.000000|69.000000|0.625325|0.645135|9.000000|0.422879|0.800000|-0.105063|10.000000
SM029|2016-05-01|0.644877|0.450849|1.331988|1.430360|1.685632|4.761475|6.000000|0.634115|0.709951|0.792496|1.435560|0.752092|0.633404|0.412346|1.589181|1.361529|0.000000|0.703838|0.655846|0.477913|0.450849|1.576751|1.401839|0.000000|63.000000|0.636105|0.657131|3.000000|0.441309|0.888889|-0.144187|9.000000
SM030|2009-11-01|0.352534|0.706727|0.643351|0.498826|1.629504|4.595348|5.000000|0.657833|0.929862|1.342811|1.477946|0.816580|0.395892|0.468375|0.837127|0.724248|0.139394|0.440885|0.231499|-0.092597|0.468375|0.948468|0.821607|0.035461|141.000000|0.432837|0.447460|81.000000|0.290197|0.812500|-0.282061|16.000000
SM030|2010-05-01|0.351463|0.717418|0.630448|0.489900|1.664274|5.449588|6.000000|0.667643|0.934371|1.394268|1.482138|0.817042|0.402477|0.468667|0.880532|0.759986|0.106918|0.501854|0.297407|-0.096889|0.468667|1.079953|0.875612|0.037037|135.000000|0.388409|0.455886|75.000000|0.327156|0.800000|-0.282196|15.000000
SM030|2010-11-01|0.347021|0.706865|0.621710|0.490930|1.682635|4.726794|6.000000|0.670932|0.871607|1.343918|1.511656|0.819080|0.407077|0.464937|0.885119|0.819126|0.078431|0.534350|0.298267|-0.102455|0.464937|1.150022|0.949200|0.054264|129.000000|0.445507|0.453647|69.000000|0.378439|0.800000|-0.285090|15.000000
SM030|2011-05-01|0.372745|0.716121|0.674042|0.520506|1.634402|4.756303|6.000000|0.666133|0.899173|1.388073|1.487067|0.812413|0.410232|0.464661|0.899091|0.837244|0.034014|0.555640|0.314533|0.013446|0.468674|1.185557|0.962575|0.000000|123.000000|0.433250|0.458005|63.000000|0.388876|0.785714|-0.242555|14.000000
SM030|2011-11-01|0.403799|0.718743|0.725344|0.561813|1.679961|4.723703|6.000000|0.668176|0.903561|1.400772|1.499606|0.815649|0.423736|0.464631|0.933992|0.841280|0.014184|0.556290|0.339403|0.129229|0.468627|1.187062|1.013578|0.000000|117.000000|0.556945|0.463544|57.000000|0.388318|0.785714|-0.243506|14.000000
SM030|2012-05-01|0.395083|0.716775|0.698807|0.551196|1.707841|5.099286|6.000000|0.664352|0.840449|1.391213|1.473573|0.807825|0.424658|0.468740|0.967316|0.875754|0.014815|0.573563|0.341034|0.141126|0.468740|1.224747|1.028123|0.000000|111.000000|0.540331|0.479289|51.000000|0.379692|0.769231|-0.242676|13.000000
SM030|2012-11-01|0.425280|0.716024|0.750031|0.593947|1.734155|3.890654|6.000000|0.668582|0.821373|1.387445|1.481886|0.850804|0.429947|0.475192|0.940648|0.862152|0.015504|0.579726|0.365614|0.163704|0.475192|1.229140|1.056077|0.000000|105.000000|0.519833|0.490489|45.000000|0.397160|0.769231|-0.242121|13.000000
SM030|2013-05-01|0.394725|0.722698|0.692016|0.546182|1.726876|3.894722|6.000000|0.654045|0.781243|1.420242|1.471446|0.830608|0.431467|0.468629|0.999396|0.897319|0.008130|0.573411|0.377593|0.159955|0.470533|1.218644|1.066667|0.000000|99.000000|0.510980|0.488211|39.000000|0.398265|0.833333|-0.244224|12.000000
SM030|2013-11-01|0.434706|0.696848|0.767141|0.623817|1.726758|3.668992|6.000000|0.649321|0.774500|1.296054|1.497603|0.799359|0.466935|0.464629|1.077324|0.960693|0.000000|0.602380|0.442968|0.157084|0.464804|1.296474|1.117950|0.000000|93.000000|0.516978|0.507678|33.000000|0.410724|0.833333|-0.240730|12.000000
SM030|2014-05-01|0.504606|0.738948|0.869816|0.682871|1.744599|4.635301|6.000000|0.654365|0.786775|1.509311|1.498051|0.812208|0.502003|0.466199|1.142661|1.052435|0.000000|0.611059|0.494485|0.154535|0.470440|1.299465|1.126770|0.000000|87.000000|0.541876|0.510716|27.000000|0.390031|0.818182|-0.246746|11.000000
SM030|2014-11-01|0.599193|0.733502|1.044028|0.816894|1.688744|4.794612|5.000000|0.656708|0.805047|1.335989|1.504284|0.852522|0.678301|0.465109|1.703186|1.357628|0.000000|0.745041|0.679987|0.220921|0.518602|1.522240|1.393104|0.000000|81.000000|0.683498|0.673119|21.000000|0.396007|0.818182|-0.317574|11.000000
SM030|2015-05-01|0.494173|0.600799|1.006556|0.822528|1.618168|4.476126|6.000000|0.624018|0.687280|0.797590|1.433824|0.715032|0.646131|0.408299|1.621379|1.359988|0.000000|0.671872|0.615400|0.261348|0.444899|1.548818|1.328133|0.000000|75.000000|0.656380|0.583568|15.000000|0.387936|0.800000|-0.126198|10.000000
SM030|2015-11-01|0.546259|0.445079|1.122889|1.227332|1.668050|4.745245|6.000000|0.628330|0.691430|0.747587|1.436423|0.726824|0.650446|0.407565|1.622285|1.365731|0.000000|0.680151|0.632526|0.438586|0.445079|1.561839|1.340961|0.000000|69.000000|0.640595|0.671866|9.000000|0.395888|0.800000|-0.103363|10.000000
SM030|2016-05-01|0.608726|0.464874|1.259116|1.309443|1.681037|4.832975|6.000000|0.633395|0.714943|0.792496|1.467951|0.779992|0.618453|0.411447|1.428351|1.255428|0.000000|0.643576|0.578951|0.440469|0.464874|1.384410|1.287909|0.000000|63.000000|0.599336|0.615220|3.000000|0.399678|0.888889|-0.144187|9.000000
#EX5|2011-11-01|002128,002466,601328,601225,688516
EX5:BASE|2009-11-01|0.331131|0.633052|0.685014|0.523071|1.595327|5.705569|5.000000|0.649512|0.866945|1.064655|1.490641|0.827252|0.370313|0.458525|0.868978|0.820330|0.115152|0.398354|0.304166|-0.056121|0.458525|0.791052|0.845744|0.014184|141.000000|0.409956|0.419515|81.000000|0.327987|0.750000|-0.272413|16.000000
EX5:BASE|2010-05-01|0.358564|0.632440|0.740147|0.566954|1.625371|5.660448|5.000000|0.650106|0.860703|1.065170|1.497893|0.791198|0.407434|0.449487|0.907343|0.864313|0.094340|0.407711|0.322424|-0.055306|0.458561|0.834645|0.873407|0.014815|135.000000|0.439403|0.430331|75.000000|0.367755|0.733333|-0.272162|15.000000
EX5:BASE|2010-11-01|0.303389|0.636516|0.606783|0.476639|1.645447|4.901097|5.000000|0.662438|0.879131|1.046387|1.500001|0.846894|0.375194|0.437636|0.826403|0.767567|0.078431|0.383111|0.310459|-0.073188|0.464354|0.793321|0.779496|0.038760|129.000000|0.368723|0.391715|69.000000|0.339787|0.733333|-0.285090|15.000000
EX5:BASE|2011-05-01|0.334457|0.633940|0.687096|0.527584|1.589361|5.855561|5.000000|0.651752|0.879801|1.023588|1.493464|0.831339|0.387259|0.434017|0.873727|0.797808|0.020408|0.393747|0.320681|0.042052|0.464299|0.815768|0.793099|0.000000|123.000000|0.370412|0.406338|63.000000|0.337519|0.785714|-0.221138|14.000000
EX5:BASE|2011-11-01|0.361590|0.635035|0.739751|0.569401|1.634547|5.197219|5.000000|0.650844|0.882972|1.038302|1.495764|0.824092|0.409912|0.433750|0.899488|0.816049|0.007092|0.399999|0.329559|0.161885|0.464382|0.824562|0.801135|0.000000|117.000000|0.497689|0.415319|57.000000|0.332415|0.785714|-0.224772|14.000000
EX5:BASE|2012-05-01|0.375407|0.633926|0.753432|0.592194|1.664555|5.737240|5.000000|0.649014|0.868202|1.021667|1.498069|0.825374|0.440536|0.458401|0.938117|0.845696|0.007407|0.407758|0.334422|0.219270|0.464414|0.857437|0.830213|0.000000|111.000000|0.501887|0.429987|51.000000|0.355672|0.769231|-0.224668|13.000000
EX5:BASE|2012-11-01|0.383382|0.638352|0.777589|0.600581|1.685923|5.847277|6.000000|0.644238|0.810304|1.037427|1.434208|0.779929|0.406427|0.390951|0.976950|0.816275|0.000000|0.385387|0.333977|0.229132|0.413573|0.884851|0.783956|0.000000|105.000000|0.440669|0.386912|45.000000|0.309148|0.923077|-0.184425|13.000000
EX5:BASE|2013-05-01|0.406278|0.623982|0.824976|0.651105|1.682981|5.732837|5.000000|0.641494|0.818888|1.014249|1.471614|0.809010|0.488512|0.400301|1.003588|0.924452|0.000000|0.393520|0.332489|0.222220|0.464143|0.891035|0.869232|0.000000|99.000000|0.504158|0.440532|39.000000|0.356512|0.833333|-0.241629|12.000000
EX5:BASE|2013-11-01|0.443877|0.613137|0.890069|0.723943|1.679519|6.624640|6.000000|0.652420|0.800018|0.955609|1.462769|0.800321|0.483463|0.389441|1.121451|0.943012|0.000000|0.447503|0.379310|0.249748|0.454225|0.994165|0.933000|0.000000|93.000000|0.515020|0.482450|33.000000|0.323373|0.916667|-0.245365|12.000000
EX5:BASE|2014-05-01|0.479959|0.651241|0.975707|0.736992|1.697657|6.980141|5.000000|0.643517|0.808350|1.099046|1.532076|0.803202|0.521430|0.436502|1.162357|0.993595|0.000000|0.423868|0.360973|0.264477|0.464453|0.890452|0.944137|0.000000|87.000000|0.525999|0.465677|27.000000|0.368760|0.818182|-0.224816|11.000000
EX5:BASE|2014-11-01|0.426155|0.681803|0.873027|0.625041|1.667351|5.895495|5.000000|0.642067|0.803847|1.251527|1.499968|0.765217|0.436320|0.393167|1.140451|0.931753|0.000000|0.392520|0.336815|0.249133|0.393167|0.942251|0.912517|0.000000|81.000000|0.484947|0.436981|21.000000|0.356363|0.727273|-0.246295|11.000000
EX5:BASE|2015-05-01|0.335615|0.600033|0.730615|0.559328|1.609580|6.687041|5.000000|0.632563|0.731216|1.006928|1.475197|0.788512|0.405385|0.394183|0.944309|0.836871|0.000000|0.358710|0.297082|0.204926|0.485562|0.877708|0.813089|0.000000|75.000000|0.474064|0.386877|15.000000|0.303395|0.700000|-0.234041|10.000000
EX5:BASE|2015-11-01|0.396189|0.485827|0.878297|0.815494|1.658590|6.142458|5.000000|0.636153|0.735524|1.006141|1.475473|0.824088|0.414373|0.391443|0.958834|0.841197|0.000000|0.357369|0.301602|0.212984|0.394278|0.914857|0.830167|0.000000|69.000000|0.480414|0.486739|9.000000|0.315350|0.700000|-0.234337|10.000000
EX5:BASE|2016-05-01|0.464459|0.415771|1.056175|1.117104|1.659542|5.894781|5.000000|0.645437|0.780077|1.015063|1.526143|0.862495|0.435468|0.385556|1.119938|0.856065|0.000000|0.355074|0.302538|0.221261|0.385556|0.920255|0.780527|0.000000|63.000000|0.468985|0.465513|3.000000|0.381717|0.777778|-0.190291|9.000000
EX5:SM010|2009-11-01|0.264582|0.654295|0.526383|0.404377|1.590960|8.987481|5.000000|0.668717|1.008168|1.180926|1.488866|0.842641|0.310302|0.434762|0.679577|0.648521|0.066667|0.320514|0.241607|-0.042165|0.459394|0.592439|0.630464|0.007092|141.000000|0.349411|0.317608|81.000000|0.268713|0.812500|-0.243682|16.000000
EX5:SM010|2010-05-01|0.326739|0.626941|0.663874|0.521165|1.603864|10.346844|5.000000|0.665222|0.993953|1.167337|1.499398|0.850307|0.380950|0.435810|0.857281|0.777097|0.062893|0.366872|0.293078|-0.032263|0.463794|0.742181|0.772158|0.007407|135.000000|0.316487|0.397650|75.000000|0.336106|0.800000|-0.243618|15.000000
EX5:SM010|2010-11-01|0.287991|0.627453|0.579923|0.458985|1.647430|8.318100|5.000000|0.658884|0.853515|1.027464|1.514864|0.847674|0.372658|0.447842|0.894245|0.800709|0.065359|0.387518|0.313929|-0.066786|0.463749|0.773579|0.806623|0.031008|129.000000|0.371896|0.399609|69.000000|0.248957|0.800000|-0.277603|15.000000
EX5:SM010|2011-05-01|0.331652|0.629405|0.683601|0.526930|1.584661|8.232620|5.000000|0.649355|0.845015|1.029290|1.484632|0.794322|0.395712|0.439116|0.882104|0.829621|0.020408|0.393611|0.336356|0.036840|0.457894|0.790425|0.804542|0.000000|123.000000|0.420164|0.397441|63.000000|0.334296|0.857143|-0.195945|14.000000
EX5:SM010|2011-11-01|0.352656|0.646451|0.719032|0.545525|1.617142|9.142080|5.000000|0.650935|0.866442|1.079277|1.473488|0.836758|0.410059|0.438647|0.869420|0.822811|0.014184|0.386720|0.331569|0.148292|0.463834|0.762665|0.782382|0.000000|117.000000|0.491140|0.396612|57.000000|0.353852|0.857143|-0.223084|14.000000
EX5:SM010|2012-05-01|0.342056|0.624336|0.692354|0.547871|1.649774|8.909572|5.000000|0.653904|0.832537|1.020608|1.490048|0.813579|0.410132|0.443033|0.907870|0.803657|0.007407|0.392973|0.329438|0.209793|0.457876|0.787848|0.796756|0.000000|111.000000|0.450222|0.401083|51.000000|0.286439|0.769231|-0.197556|13.000000
EX5:SM010|2012-11-01|0.408448|0.627469|0.826311|0.650946|1.669975|8.247509|5.000000|0.651371|0.822047|1.026947|1.503369|0.829661|0.449169|0.434063|0.928943|0.847314|0.000000|0.402622|0.338543|0.236467|0.463780|0.818071|0.856379|0.000000|105.000000|0.490328|0.415883|45.000000|0.374457|0.769231|-0.222932|13.000000
EX5:SM010|2013-05-01|0.369093|0.634572|0.744068|0.581640|1.654004|9.602326|5.000000|0.645162|0.816317|1.045535|1.478684|0.805616|0.440734|0.435749|0.974508|0.851812|0.000000|0.389027|0.326197|0.209568|0.463690|0.787948|0.812886|0.000000|99.000000|0.469236|0.409186|39.000000|0.333852|0.833333|-0.223025|12.000000
EX5:SM010|2013-11-01|0.396371|0.650238|0.786586|0.609578|1.689704|8.299795|5.000000|0.647136|0.798986|1.089947|1.529741|0.822756|0.473815|0.442944|1.088106|0.963214|0.000000|0.419381|0.349315|0.240453|0.463852|0.837665|0.861599|0.000000|93.000000|0.478484|0.447771|33.000000|0.331404|0.750000|-0.223187|12.000000
EX5:SM010|2014-05-01|0.439272|0.652862|0.873081|0.672841|1.672529|8.819738|5.000000|0.647877|0.834606|1.095311|1.512208|0.826551|0.494967|0.434684|1.037821|0.924168|0.000000|0.383112|0.323547|0.227742|0.463841|0.817585|0.835847|0.000000|87.000000|0.478257|0.443652|27.000000|0.373599|0.727273|-0.220861|11.000000
EX5:SM010|2014-11-01|0.397309|0.680267|0.794926|0.584048|1.652473|8.298319|5.000000|0.641819|0.883132|1.226285|1.515998|0.800348|0.418687|0.404871|1.049600|0.833811|0.000000|0.357220|0.303025|0.220757|0.404871|0.829878|0.775255|0.000000|81.000000|0.450754|0.412630|21.000000|0.373076|0.727273|-0.195772|11.000000
EX5:SM010|2015-05-01|0.320823|0.601027|0.686180|0.533791|1.597941|8.580333|5.000000|0.637298|0.730865|1.005009|1.498010|0.797464|0.379437|0.435362|0.857536|0.823443|0.000000|0.356368|0.290421|0.217008|0.496483|0.815071|0.793001|0.000000|75.000000|0.457169|0.379027|15.000000|0.368937|0.700000|-0.274361|10.000000
EX5:SM010|2015-11-01|0.371495|0.496482|0.808946|0.748255|1.647077|8.633757|5.000000|0.640511|0.732137|1.005040|1.502211|0.817629|0.410062|0.435408|0.943761|0.828992|0.000000|0.355672|0.295229|0.220732|0.435408|0.803014|0.787537|0.000000|69.000000|0.452461|0.468036|9.000000|0.368384|0.700000|-0.273954|10.000000
EX5:SM010|2016-05-01|0.473673|0.450600|1.097005|1.051204|1.661790|8.201984|5.000000|0.644655|0.752299|0.888379|1.553242|0.831008|0.476352|0.417641|1.211921|0.941080|0.000000|0.386924|0.340045|0.247137|0.417641|0.968361|0.922539|0.000000|63.000000|0.475162|0.471993|3.000000|0.359186|0.777778|-0.196004|9.000000
EX5:SM011|2009-11-01|0.313683|0.645891|0.637014|0.485660|1.576933|9.170552|5.000000|0.669072|0.999396|1.195498|1.477389|0.870191|0.325165|0.455926|0.756245|0.701151|0.066667|0.352772|0.269811|-0.050750|0.463740|0.691168|0.730670|0.007092|141.000000|0.349995|0.377357|81.000000|0.305939|0.750000|-0.243682|16.000000
EX5:SM011|2010-05-01|0.330568|0.626256|0.668522|0.527847|1.619110|7.910071|5.000000|0.670868|0.996351|1.172701|1.530734|0.867707|0.374866|0.447389|0.801433|0.744345|0.062893|0.366118|0.286378|-0.032474|0.463832|0.739343|0.770262|0.007407|135.000000|0.341370|0.395545|75.000000|0.307577|0.733333|-0.243618|15.000000
EX5:SM011|2010-11-01|0.291328|0.626147|0.583196|0.465271|1.639443|8.824066|5.000000|0.668689|0.857472|1.023342|1.499852|0.852872|0.371222|0.442874|0.856636|0.804932|0.065359|0.385787|0.306331|-0.071322|0.460335|0.768710|0.786395|0.038760|129.000000|0.377223|0.395184|69.000000|0.288650|0.800000|-0.277603|15.000000
EX5:SM011|2011-05-01|0.331852|0.624164|0.684705|0.531675|1.582072|7.470915|5.000000|0.653770|0.853354|1.020308|1.523379|0.825494|0.385955|0.448443|0.840437|0.781979|0.013605|0.386279|0.313427|0.039588|0.463793|0.749909|0.793860|0.000000|123.000000|0.371367|0.396850|63.000000|0.320092|0.785714|-0.222222|14.000000
EX5:SM011|2011-11-01|0.344165|0.626920|0.700028|0.548978|1.623775|8.693727|5.000000|0.657575|0.862462|1.024548|1.519301|0.844075|0.394519|0.448111|0.864476|0.796230|0.014184|0.386310|0.320293|0.153546|0.463771|0.767939|0.790266|0.000000|117.000000|0.473844|0.397150|57.000000|0.326670|0.785714|-0.222294|14.000000
EX5:SM011|2012-05-01|0.358512|0.621658|0.727475|0.576702|1.656989|8.286731|5.000000|0.650869|0.828402|1.016878|1.482770|0.820483|0.440827|0.441481|0.888998|0.831792|0.007407|0.398506|0.326664|0.212852|0.460415|0.798444|0.813680|0.000000|111.000000|0.476875|0.406750|51.000000|0.336863|0.769231|-0.200912|13.000000
EX5:SM011|2012-11-01|0.408620|0.624268|0.835028|0.654558|1.656793|9.044126|5.000000|0.651013|0.818521|1.018852|1.466108|0.842168|0.447759|0.433615|0.947121|0.851860|0.007752|0.401275|0.327076|0.211016|0.463824|0.814362|0.859570|0.000000|105.000000|0.493205|0.409788|45.000000|0.330096|0.769231|-0.222260|13.000000
EX5:SM011|2013-05-01|0.334434|0.624908|0.679158|0.535173|1.669087|8.135712|5.000000|0.636680|0.797685|1.025729|1.466532|0.754397|0.387536|0.417144|0.815818|0.766147|0.000000|0.353185|0.290974|0.205824|0.439039|0.776701|0.720018|0.000000|99.000000|0.412423|0.351242|39.000000|0.310507|0.833333|-0.184813|12.000000
EX5:SM011|2013-11-01|0.354060|0.623963|0.710372|0.567438|1.674784|8.371618|5.000000|0.633318|0.765437|0.956049|1.463941|0.721795|0.414916|0.416127|0.915962|0.775794|0.000000|0.365849|0.312232|0.177079|0.416127|0.809630|0.751568|0.000000|93.000000|0.414251|0.371540|33.000000|0.292910|0.833333|-0.182524|12.000000
EX5:SM011|2014-05-01|0.445762|0.652968|0.903063|0.682670|1.686913|8.246742|5.000000|0.647502|0.806000|1.095449|1.532380|0.841561|0.498968|0.430669|1.137804|0.992356|0.000000|0.422983|0.353602|0.241853|0.463795|0.881839|0.887691|0.000000|87.000000|0.486192|0.459974|27.000000|0.369258|0.727273|-0.220424|11.000000
EX5:SM011|2014-11-01|0.400113|0.675844|0.801953|0.592020|1.645988|8.605220|5.000000|0.643240|0.868488|1.221104|1.517323|0.797217|0.423929|0.405233|1.052774|0.847441|0.000000|0.362255|0.305505|0.226177|0.405233|0.843966|0.792532|0.000000|81.000000|0.449467|0.417991|21.000000|0.334284|0.727273|-0.200425|11.000000
EX5:SM011|2015-05-01|0.318713|0.601017|0.680508|0.530289|1.606738|7.882562|5.000000|0.641107|0.733271|1.013114|1.516160|0.797837|0.378426|0.447630|0.889067|0.802526|0.000000|0.350444|0.288569|0.202674|0.493231|0.792742|0.783417|0.000000|75.000000|0.452593|0.373999|15.000000|0.305786|0.700000|-0.260343|10.000000
EX5:SM011|2015-11-01|0.370211|0.493431|0.806644|0.750279|1.654358|7.908617|5.000000|0.640917|0.733200|1.013275|1.493349|0.802812|0.402485|0.453845|0.932176|0.806941|0.000000|0.350761|0.285976|0.210573|0.453845|0.776156|0.781307|0.000000|69.000000|0.450348|0.466346|9.000000|0.300401|0.700000|-0.260470|10.000000
EX5:SM011|2016-05-01|0.449996|0.431542|1.023345|1.042763|1.618310|10.314735|5.000000|0.650657|0.783786|0.973135|1.474836|0.850937|0.445946|0.411066|1.117638|0.883756|0.000000|0.350553|0.294542|0.208265|0.411066|0.856482|0.781256|0.000000|63.000000|0.454229|0.456227|3.000000|0.382653|0.777778|-0.194027|9.000000
EX5:SM012|2009-11-01|0.315985|0.626877|0.642218|0.504062|1.587245|8.495841|5.000000|0.667985|0.997762|1.210201|1.503208|0.869695|0.350506|0.458456|0.766584|0.721114|0.066667|0.371717|0.286807|-0.044070|0.463751|0.733633|0.757184|0.007092|141.000000|0.358384|0.388415|81.000000|0.298522|0.750000|-0.245832|16.000000
EX5:SM012|2010-05-01|0.334165|0.627398|0.676853|0.532621|1.621707|8.391591|5.000000|0.678997|0.996731|1.181308|1.507291|0.867963|0.369079|0.454425|0.853899|0.777485|0.062893|0.385066|0.298271|-0.032571|0.454861|0.760231|0.798905|0.007407|135.000000|0.397863|0.398788|75.000000|0.272054|0.800000|-0.245636|15.000000
EX5:SM012|2010-11-01|0.293292|0.628084|0.582876|0.466963|1.635304|8.750754|5.000000|0.665373|0.868173|1.026414|1.503690|0.870808|0.383017|0.441761|0.797112|0.750557|0.078431|0.382744|0.310771|-0.076482|0.463742|0.754601|0.773751|0.046512|129.000000|0.347828|0.386791|69.000000|0.334951|0.733333|-0.277603|15.000000
EX5:SM012|2011-05-01|0.329614|0.627646|0.678858|0.525158|1.582688|8.697582|5.000000|0.658287|0.853564|1.025268|1.461178|0.831895|0.397236|0.453945|0.894745|0.836178|0.020408|0.402785|0.334372|0.034705|0.455822|0.797010|0.813092|0.000000|123.000000|0.418400|0.401791|63.000000|0.338046|0.857143|-0.203745|14.000000
EX5:SM012|2011-11-01|0.358254|0.624713|0.732190|0.573470|1.624619|8.530382|5.000000|0.656262|0.860795|1.021494|1.497369|0.842387|0.411645|0.458447|0.895779|0.817078|0.000000|0.398104|0.328359|0.164459|0.463749|0.798138|0.833436|0.000000|117.000000|0.488234|0.406553|57.000000|0.348363|0.785714|-0.222058|14.000000
EX5:SM012|2012-05-01|0.313975|0.641793|0.627526|0.489216|1.659265|7.739410|6.000000|0.655636|0.846471|1.045547|1.480629|0.818182|0.355046|0.439269|0.750849|0.716769|0.014815|0.348721|0.296187|0.177361|0.472642|0.680941|0.685421|0.000000|111.000000|0.416934|0.336826|51.000000|0.289991|0.769231|-0.266185|13.000000
EX5:SM012|2012-11-01|0.403781|0.624433|0.818079|0.646637|1.672864|8.505573|5.000000|0.654250|0.823966|1.018924|1.501682|0.848422|0.444940|0.451726|0.926022|0.847634|0.000000|0.405995|0.337667|0.235079|0.463798|0.815822|0.854750|0.000000|105.000000|0.484186|0.417962|45.000000|0.346877|0.769231|-0.222180|13.000000
EX5:SM012|2013-05-01|0.336317|0.634542|0.675022|0.530015|1.668854|8.486769|6.000000|0.648175|0.795746|1.019887|1.439141|0.816106|0.384459|0.436594|0.878955|0.776464|0.000000|0.368438|0.311774|0.201349|0.437395|0.829699|0.745953|0.000000|99.000000|0.418222|0.361326|39.000000|0.294549|0.833333|-0.215104|12.000000
EX5:SM012|2013-11-01|0.360600|0.621508|0.722024|0.580203|1.674056|8.184796|5.000000|0.643264|0.765524|0.972765|1.440048|0.760256|0.405959|0.437013|0.912698|0.786683|0.000000|0.373704|0.313604|0.177094|0.437013|0.817705|0.766451|0.000000|93.000000|0.420235|0.383806|33.000000|0.264448|0.833333|-0.214074|12.000000
EX5:SM012|2014-05-01|0.444646|0.654289|0.881912|0.679587|1.681033|8.521296|5.000000|0.649903|0.836042|1.098048|1.525337|0.836891|0.492980|0.451728|1.030129|0.927453|0.000000|0.392405|0.328632|0.235824|0.463776|0.817029|0.833559|0.000000|87.000000|0.483531|0.446699|27.000000|0.367242|0.727273|-0.222541|11.000000
EX5:SM012|2014-11-01|0.419013|0.675844|0.841415|0.619985|1.655854|7.794898|5.000000|0.645048|0.878161|1.221104|1.497664|0.793043|0.425379|0.405233|1.061506|0.848071|0.000000|0.382956|0.331236|0.253170|0.405233|0.868915|0.859736|0.000000|81.000000|0.470616|0.437598|21.000000|0.375131|0.727273|-0.200425|11.000000
EX5:SM012|2015-05-01|0.323031|0.601017|0.694460|0.537474|1.592556|8.797017|5.000000|0.638344|0.730236|1.002861|1.474163|0.799702|0.393912|0.451335|0.897605|0.845616|0.000000|0.362955|0.301744|0.225359|0.493231|0.812828|0.805522|0.000000|75.000000|0.457410|0.388448|15.000000|0.327512|0.700000|-0.260343|10.000000
EX5:SM012|2015-11-01|0.383466|0.493431|0.840524|0.777142|1.646196|8.251695|5.000000|0.640829|0.731684|1.002906|1.480327|0.818009|0.418321|0.451339|0.972505|0.852894|0.000000|0.362388|0.302795|0.226453|0.451339|0.807303|0.807590|0.000000|69.000000|0.466057|0.480348|9.000000|0.330671|0.700000|-0.260470|10.000000
EX5:SM012|2016-05-01|0.465173|0.457081|1.045527|1.017703|1.646951|8.614654|5.000000|0.649671|0.777138|1.017043|1.520308|0.848147|0.439994|0.411066|1.087024|0.914550|0.000000|0.361815|0.318700|0.243676|0.411066|0.902898|0.831726|0.000000|63.000000|0.467871|0.470645|3.000000|0.382530|0.777778|-0.194027|9.000000
EX5:SM013|2009-11-01|0.314394|0.647079|0.632027|0.485867|1.593106|8.388337|5.000000|0.668321|1.006425|1.210028|1.510493|0.869695|0.355422|0.460693|0.761815|0.720391|0.066667|0.370241|0.286642|-0.050453|0.463772|0.707438|0.746496|0.007092|141.000000|0.356737|0.386711|81.000000|0.312867|0.750000|-0.250768|16.000000
EX5:SM013|2010-05-01|0.334581|0.645190|0.672329|0.518576|1.618260|8.713005|5.000000|0.672040|1.001574|1.179900|1.494726|0.852098|0.384323|0.455947|0.837687|0.752162|0.062893|0.381308|0.302349|-0.042946|0.457463|0.746214|0.780961|0.007407|135.000000|0.348082|0.399046|75.000000|0.361703|0.733333|-0.250733|15.000000
EX5:SM013|2010-11-01|0.250903|0.645022|0.489955|0.388984|1.638173|8.475980|5.000000|0.668755|0.870629|1.068252|1.477532|0.845334|0.327901|0.437297|0.713508|0.689267|0.084967|0.324469|0.265722|-0.080016|0.468484|0.638799|0.645740|0.046512|129.000000|0.392558|0.317249|69.000000|0.253114|0.800000|-0.277603|15.000000
EX5:SM013|2011-05-01|0.333546|0.639747|0.694714|0.521371|1.588520|8.316638|5.000000|0.651002|0.833546|1.041903|1.507488|0.825216|0.418551|0.430294|0.947073|0.865839|0.013605|0.410762|0.350762|0.038699|0.464350|0.802845|0.856166|0.000000|123.000000|0.371599|0.416419|63.000000|0.356512|0.785714|-0.225946|14.000000
EX5:SM013|2011-11-01|0.351587|0.645319|0.709356|0.544826|1.628957|8.361713|5.000000|0.657080|0.872991|1.066074|1.508263|0.848297|0.396660|0.454985|0.872618|0.775899|0.014184|0.391161|0.328245|0.151853|0.464357|0.770952|0.801883|0.000000|117.000000|0.485284|0.400240|57.000000|0.347394|0.785714|-0.226048|14.000000
EX5:SM013|2012-05-01|0.317175|0.638981|0.643067|0.496376|1.661189|8.182847|6.000000|0.642546|0.807605|1.007393|1.476169|0.766110|0.356655|0.415620|0.848938|0.759940|0.007407|0.367404|0.308287|0.189116|0.440063|0.794208|0.739972|0.000000|111.000000|0.414121|0.351429|51.000000|0.274791|0.769231|-0.182121|13.000000
EX5:SM013|2012-11-01|0.406303|0.640959|0.816682|0.633899|1.673436|8.881487|5.000000|0.651522|0.815090|1.049585|1.484392|0.816260|0.466617|0.453545|0.959113|0.875060|0.007752|0.405013|0.346529|0.246314|0.460081|0.812587|0.856377|0.000000|105.000000|0.489209|0.421617|45.000000|0.387876|0.769231|-0.213176|13.000000
EX5:SM013|2013-05-01|0.335789|0.630503|0.682880|0.532573|1.679986|8.041527|6.000000|0.635329|0.769284|0.991235|1.474034|0.759951|0.409684|0.415607|0.938663|0.776814|0.000000|0.367755|0.304392|0.209053|0.442945|0.805484|0.764269|0.000000|99.000000|0.411308|0.363844|39.000000|0.274582|0.833333|-0.182133|12.000000
EX5:SM013|2013-11-01|0.362211|0.621923|0.722270|0.582406|1.679858|7.873092|5.000000|0.646749|0.767632|0.972909|1.456372|0.763141|0.403996|0.453483|0.871280|0.776591|0.000000|0.364910|0.309627|0.177060|0.453483|0.771791|0.771824|0.000000|93.000000|0.417225|0.381316|33.000000|0.291374|0.833333|-0.237976|12.000000
EX5:SM013|2014-05-01|0.440218|0.657374|0.871619|0.669662|1.681887|8.446527|5.000000|0.650302|0.841045|1.111073|1.516936|0.831554|0.491062|0.455656|1.022119|0.929186|0.000000|0.391156|0.327400|0.237414|0.464420|0.810421|0.836763|0.000000|87.000000|0.479558|0.447034|27.000000|0.367860|0.727273|-0.225938|11.000000
EX5:SM013|2014-11-01|0.403565|0.672915|0.807528|0.599726|1.648596|8.569009|5.000000|0.651489|0.878866|1.212161|1.504989|0.810087|0.420780|0.415819|1.069321|0.846972|0.000000|0.370505|0.321959|0.250295|0.415819|0.857414|0.833061|0.000000|81.000000|0.452996|0.433076|21.000000|0.373738|0.727273|-0.205287|11.000000
EX5:SM013|2015-05-01|0.326804|0.601017|0.703312|0.543752|1.593472|8.795231|5.000000|0.636703|0.730255|1.002846|1.478944|0.798210|0.392495|0.454101|0.897087|0.841772|0.000000|0.365290|0.304313|0.226525|0.493231|0.826730|0.831502|0.000000|75.000000|0.461483|0.396355|15.000000|0.339674|0.700000|-0.260343|10.000000
EX5:SM013|2015-11-01|0.379902|0.493431|0.831438|0.769918|1.647175|8.278994|5.000000|0.642109|0.731752|1.002885|1.479202|0.822188|0.416833|0.455952|0.970211|0.852894|0.000000|0.364524|0.305497|0.228893|0.455952|0.801847|0.822515|0.000000|69.000000|0.462008|0.477596|9.000000|0.349663|0.700000|-0.260470|10.000000
EX5:SM013|2016-05-01|0.481240|0.428477|1.116945|1.123142|1.659672|7.841734|5.000000|0.644626|0.746429|0.879383|1.540501|0.846552|0.485030|0.411052|1.202637|0.949740|0.000000|0.386218|0.342484|0.260269|0.411052|0.973450|0.933975|0.000000|63.000000|0.482639|0.479500|3.000000|0.382706|0.777778|-0.194090|9.000000
EX5:SM014|2009-11-01|0.320935|0.644111|0.648857|0.498260|1.595566|8.016924|5.000000|0.663865|1.001824|1.209780|1.505704|0.857781|0.346062|0.455684|0.780938|0.726747|0.066667|0.367777|0.286803|-0.043196|0.464448|0.750685|0.759108|0.007092|141.000000|0.362759|0.394154|81.000000|0.312661|0.750000|-0.250768|16.000000
EX5:SM014|2010-05-01|0.344400|0.643731|0.704639|0.535007|1.627172|8.272306|5.000000|0.664617|1.006141|1.209859|1.521300|0.847236|0.392100|0.428301|0.905544|0.846766|0.062893|0.398359|0.329599|-0.045767|0.449271|0.803201|0.837788|0.007407|135.000000|0.374590|0.417160|75.000000|0.380417|0.733333|-0.250733|15.000000
EX5:SM014|2010-11-01|0.260956|0.636410|0.517676|0.410044|1.637343|8.320809|5.000000|0.666344|0.862035|1.036722|1.459643|0.837016|0.335730|0.429817|0.751184|0.720320|0.071895|0.339493|0.282871|-0.070287|0.471657|0.667024|0.672684|0.038760|129.000000|0.414176|0.325966|69.000000|0.244333|0.800000|-0.285090|15.000000
EX5:SM014|2011-05-01|0.338673|0.639844|0.694728|0.529306|1.582777|8.848006|5.000000|0.656791|0.850969|1.055989|1.464919|0.803507|0.413135|0.429746|0.943878|0.857794|0.013605|0.416985|0.352013|0.039720|0.458597|0.825450|0.853757|0.000000|123.000000|0.422920|0.420958|63.000000|0.334272|0.857143|-0.211991|14.000000
EX5:SM014|2011-11-01|0.376784|0.636359|0.768966|0.592093|1.636704|7.516765|5.000000|0.659327|0.861150|1.046895|1.467125|0.839291|0.423001|0.429699|0.955277|0.859393|0.007092|0.418490|0.355072|0.168249|0.458683|0.840706|0.868285|0.000000|117.000000|0.517578|0.419795|57.000000|0.325942|0.857143|-0.212005|14.000000
EX5:SM014|2012-05-01|0.369988|0.638662|0.744668|0.579317|1.647365|8.855654|5.000000|0.649888|0.848098|1.044356|1.491771|0.821634|0.430576|0.440432|0.920844|0.836419|0.014815|0.400310|0.339440|0.216288|0.464438|0.820981|0.854907|0.000000|111.000000|0.502671|0.415741|51.000000|0.364391|0.692308|-0.226375|13.000000
EX5:SM014|2012-11-01|0.397775|0.636290|0.800041|0.625147|1.677021|8.377298|5.000000|0.652362|0.823579|1.047245|1.485747|0.841275|0.442770|0.434279|0.933619|0.848871|0.007752|0.406327|0.332531|0.224959|0.464436|0.814006|0.834278|0.000000|105.000000|0.475911|0.421075|45.000000|0.351777|0.769231|-0.226320|13.000000
EX5:SM014|2013-05-01|0.355765|0.616837|0.721709|0.576757|1.671543|7.501558|6.000000|0.636405|0.776479|0.987326|1.451051|0.755014|0.406934|0.415811|0.962748|0.835205|0.000000|0.378119|0.316798|0.221638|0.447305|0.845327|0.793164|0.000000|99.000000|0.439028|0.380199|39.000000|0.316798|0.833333|-0.182375|12.000000
EX5:SM014|2013-11-01|0.364082|0.614622|0.741454|0.592368|1.678684|8.079969|5.000000|0.633925|0.746099|0.934927|1.472166|0.718590|0.430148|0.416093|0.966607|0.824159|0.000000|0.381781|0.324213|0.202888|0.416093|0.842692|0.818426|0.000000|93.000000|0.416039|0.392918|33.000000|0.271815|0.833333|-0.186655|12.000000
EX5:SM014|2014-05-01|0.400879|0.652592|0.799547|0.614287|1.680518|8.674152|6.000000|0.643707|0.827334|1.098837|1.455049|0.766845|0.412304|0.436314|1.007756|0.851143|0.000000|0.384104|0.338021|0.233914|0.436314|0.886060|0.806105|0.000000|87.000000|0.425345|0.398894|27.000000|0.324400|0.818182|-0.216513|11.000000
EX5:SM014|2014-11-01|0.409940|0.701510|0.828956|0.584367|1.662515|8.319966|5.000000|0.639354|0.795458|1.287149|1.513873|0.783652|0.445868|0.407139|1.178133|0.964058|0.000000|0.388015|0.345285|0.249404|0.407139|0.924264|0.949154|0.000000|81.000000|0.467200|0.446898|21.000000|0.373041|0.727273|-0.233929|11.000000
EX5:SM014|2015-05-01|0.335805|0.603000|0.725927|0.556891|1.606283|8.205486|5.000000|0.639584|0.734395|1.009362|1.473630|0.792242|0.394548|0.408478|0.938681|0.849737|0.000000|0.378341|0.312512|0.227772|0.493543|0.879061|0.867814|0.000000|75.000000|0.471045|0.403051|15.000000|0.361564|0.700000|-0.260198|10.000000
EX5:SM014|2015-11-01|0.382254|0.493431|0.839720|0.774685|1.646755|8.381564|5.000000|0.640550|0.731610|1.002836|1.479104|0.813450|0.417351|0.415687|0.972353|0.853201|0.000000|0.366500|0.307972|0.234134|0.415687|0.863643|0.834709|0.000000|69.000000|0.464615|0.480908|9.000000|0.357832|0.700000|-0.260470|10.000000
EX5:SM014|2016-05-01|0.468423|0.426337|1.086179|1.098715|1.654829|8.418694|5.000000|0.644662|0.746860|0.879383|1.538480|0.849741|0.480252|0.411052|1.196907|0.949740|0.000000|0.385947|0.343559|0.260000|0.411052|0.971651|0.911515|0.000000|63.000000|0.471282|0.473976|3.000000|0.382524|0.777778|-0.194090|9.000000
EX5:SM015|2009-11-01|0.298824|0.634987|0.611127|0.470598|1.587237|8.452335|5.000000|0.659271|0.994692|1.206800|1.467568|0.776123|0.353726|0.413045|0.794421|0.748052|0.066667|0.351852|0.255915|-0.036938|0.417351|0.704015|0.703380|0.007092|141.000000|0.415145|0.341361|81.000000|0.258846|0.812500|-0.260265|16.000000
EX5:SM015|2010-05-01|0.304411|0.634375|0.622406|0.479860|1.628498|6.564452|5.000000|0.652579|0.992850|1.187329|1.479785|0.789406|0.327557|0.416669|0.772255|0.716480|0.062893|0.352358|0.263059|-0.036255|0.442303|0.666637|0.695147|0.007407|135.000000|0.416639|0.339864|75.000000|0.259105|0.800000|-0.260397|15.000000
EX5:SM015|2010-11-01|0.309992|0.635502|0.618830|0.487791|1.642708|7.006394|5.000000|0.662916|0.868730|1.046249|1.495843|0.841955|0.379115|0.434256|0.832248|0.778433|0.078431|0.385214|0.320635|-0.073785|0.464409|0.777099|0.790566|0.038760|129.000000|0.380202|0.396571|69.000000|0.345171|0.733333|-0.285090|15.000000
EX5:SM015|2011-05-01|0.310458|0.633213|0.641429|0.490290|1.582263|8.090072|5.000000|0.653410|0.848884|1.028412|1.439865|0.781520|0.374515|0.419277|0.856949|0.768588|0.013605|0.361734|0.309786|0.044071|0.437081|0.780804|0.727949|0.000000|123.000000|0.421888|0.349826|63.000000|0.259585|0.857143|-0.214376|14.000000
EX5:SM015|2011-11-01|0.366811|0.636005|0.748792|0.576742|1.629836|7.093319|5.000000|0.653521|0.868664|1.040780|1.488873|0.835632|0.409100|0.429699|0.905637|0.818009|0.000000|0.403421|0.328641|0.161865|0.464398|0.812706|0.824048|0.000000|117.000000|0.503934|0.409509|57.000000|0.350865|0.785714|-0.226483|14.000000
EX5:SM015|2012-05-01|0.389946|0.630967|0.805368|0.618014|1.663004|6.452032|5.000000|0.644687|0.826079|1.041952|1.500007|0.798044|0.478728|0.440432|1.027679|0.905981|0.014815|0.422789|0.366320|0.232938|0.458777|0.846731|0.918898|0.000000|111.000000|0.530859|0.437953|51.000000|0.379371|0.692308|-0.210309|13.000000
EX5:SM015|2012-11-01|0.424111|0.631335|0.860302|0.671769|1.679391|7.211566|5.000000|0.647346|0.824103|1.043167|1.488574|0.825789|0.456564|0.434273|0.960853|0.848951|0.007752|0.405429|0.347602|0.243602|0.464427|0.844388|0.878419|0.000000|105.000000|0.511409|0.422184|45.000000|0.368752|0.769231|-0.226280|13.000000
EX5:SM015|2013-05-01|0.368464|0.609672|0.755408|0.604364|1.670400|7.310626|6.000000|0.634248|0.777512|0.989443|1.453190|0.739278|0.404175|0.413451|0.974476|0.857339|0.000000|0.399453|0.331998|0.226156|0.415667|0.892207|0.809299|0.000000|99.000000|0.454635|0.390522|39.000000|0.327359|0.916667|-0.182170|12.000000
EX5:SM015|2013-11-01|0.384835|0.620108|0.776346|0.620593|1.675896|8.125511|6.000000|0.636384|0.760701|0.971667|1.451490|0.698397|0.409546|0.414246|0.995348|0.860986|0.000000|0.400473|0.345965|0.191972|0.414246|0.911865|0.814537|0.000000|93.000000|0.447194|0.399968|33.000000|0.280990|0.833333|-0.178929|12.000000
EX5:SM015|2014-05-01|0.449079|0.698629|0.860097|0.642800|1.711723|7.052469|5.000000|0.649062|0.878821|1.276510|1.497379|0.810540|0.485764|0.411979|0.994514|0.841774|0.000000|0.392377|0.326112|0.238863|0.463795|0.856421|0.824094|0.000000|87.000000|0.503304|0.435490|27.000000|0.353511|0.727273|-0.221568|11.000000
EX5:SM015|2014-11-01|0.405740|0.684698|0.815717|0.592583|1.671713|8.212961|5.000000|0.634649|0.799347|1.246654|1.504092|0.748522|0.433554|0.405097|1.112580|0.882981|0.000000|0.382087|0.331751|0.246483|0.405097|0.915595|0.870408|0.000000|81.000000|0.455102|0.434371|21.000000|0.264121|0.818182|-0.240822|11.000000
EX5:SM015|2015-05-01|0.345124|0.603000|0.750222|0.572345|1.606772|7.177695|5.000000|0.636061|0.733780|1.008863|1.480660|0.774711|0.395046|0.401061|0.939051|0.848787|0.000000|0.377443|0.312167|0.227609|0.493543|0.879149|0.877116|0.000000|75.000000|0.483363|0.405665|15.000000|0.356175|0.700000|-0.260198|10.000000
EX5:SM015|2015-11-01|0.398582|0.493431|0.880846|0.807777|1.655852|7.213468|5.000000|0.638538|0.734709|1.008615|1.479827|0.802052|0.422266|0.417067|0.970947|0.865315|0.000000|0.373366|0.315988|0.248528|0.417067|0.886305|0.870813|0.000000|69.000000|0.482628|0.489881|9.000000|0.367117|0.700000|-0.260470|10.000000
EX5:SM015|2016-05-01|0.491301|0.434553|1.142554|1.130588|1.662283|7.254955|5.000000|0.641641|0.746429|0.879383|1.524727|0.838980|0.489376|0.411052|1.207603|0.950569|0.000000|0.390318|0.344345|0.269532|0.411052|0.971419|0.940317|0.000000|63.000000|0.494589|0.492205|3.000000|0.380519|0.777778|-0.194090|9.000000
EX5:SM016|2009-11-01|0.295469|0.633007|0.602548|0.466770|1.590005|7.788744|5.000000|0.656843|0.961438|1.160752|1.469921|0.814346|0.346803|0.402712|0.793580|0.755284|0.096970|0.352157|0.260435|-0.053862|0.433025|0.695297|0.713606|0.014184|141.000000|0.430600|0.343233|81.000000|0.239834|0.812500|-0.284552|16.000000
EX5:SM016|2010-05-01|0.308119|0.633196|0.629758|0.486609|1.623967|7.964562|5.000000|0.653830|0.965053|1.162817|1.474110|0.768424|0.331774|0.402844|0.763713|0.743144|0.075472|0.357019|0.269639|-0.053561|0.424825|0.719486|0.719706|0.014815|135.000000|0.432107|0.344300|75.000000|0.258502|0.800000|-0.284734|15.000000
EX5:SM016|2010-11-01|0.307743|0.637971|0.614224|0.482378|1.640667|6.897797|5.000000|0.661004|0.870485|1.053676|1.510823|0.855472|0.381678|0.434225|0.816556|0.767427|0.065359|0.380323|0.310249|-0.071241|0.464380|0.759618|0.795587|0.038760|129.000000|0.376189|0.394134|69.000000|0.315681|0.733333|-0.285090|15.000000
EX5:SM016|2011-05-01|0.345594|0.637929|0.724442|0.541744|1.589603|6.556748|5.000000|0.646994|0.839898|1.046831|1.502110|0.808517|0.416819|0.437793|0.949114|0.844423|0.013605|0.405941|0.344280|0.040300|0.464352|0.816390|0.855404|0.000000|123.000000|0.402571|0.417255|63.000000|0.351125|0.785714|-0.222723|14.000000
EX5:SM016|2011-11-01|0.363523|0.630593|0.741513|0.576479|1.632542|6.525342|5.000000|0.654638|0.865407|1.026011|1.499767|0.859274|0.420053|0.429699|0.897704|0.819911|0.000000|0.408296|0.323203|0.169367|0.464346|0.801045|0.814790|0.000000|117.000000|0.494475|0.411534|57.000000|0.307109|0.785714|-0.220705|14.000000
EX5:SM016|2012-05-01|0.344300|0.620564|0.702480|0.554818|1.653053|7.007393|6.000000|0.651373|0.838151|1.005243|1.459090|0.813003|0.379443|0.430150|0.839728|0.803932|0.007407|0.381635|0.325754|0.193162|0.441240|0.816575|0.767389|0.000000|111.000000|0.455198|0.370415|51.000000|0.272195|0.769231|-0.203224|13.000000
EX5:SM016|2012-11-01|0.436163|0.635436|0.897049|0.686400|1.687047|8.268030|5.000000|0.646798|0.789104|0.997784|1.495906|0.808219|0.499092|0.430494|1.092238|0.976801|0.000000|0.442220|0.373819|0.280444|0.458896|0.894107|0.960734|0.000000|105.000000|0.522489|0.447310|45.000000|0.372224|0.769231|-0.207474|13.000000
EX5:SM016|2013-05-01|0.362910|0.612011|0.741087|0.592980|1.687422|7.332420|6.000000|0.636917|0.752051|0.960320|1.466571|0.739587|0.425988|0.420770|0.946034|0.844902|0.000000|0.379585|0.329041|0.240943|0.446658|0.839249|0.812222|0.000000|99.000000|0.431544|0.387297|39.000000|0.277543|0.916667|-0.223685|12.000000
EX5:SM016|2013-11-01|0.383982|0.626454|0.775304|0.612945|1.671255|8.357464|5.000000|0.642294|0.773923|0.973644|1.429506|0.775962|0.415667|0.401612|1.026746|0.847109|0.000000|0.406862|0.345770|0.201550|0.401612|0.901538|0.813109|0.000000|93.000000|0.446934|0.402607|33.000000|0.305670|0.833333|-0.164878|12.000000
EX5:SM016|2014-05-01|0.460565|0.654977|0.921172|0.703177|1.686772|6.977193|5.000000|0.647278|0.837950|1.083474|1.515798|0.839893|0.502598|0.413413|1.027216|0.959495|0.000000|0.380079|0.328751|0.234220|0.464860|0.843136|0.859825|0.000000|87.000000|0.499812|0.449048|27.000000|0.367986|0.727273|-0.223196|11.000000
EX5:SM016|2014-11-01|0.410381|0.686412|0.812877|0.597865|1.654512|6.709571|5.000000|0.654933|0.884608|1.244209|1.520324|0.881739|0.425582|0.420785|1.068479|0.841358|0.000000|0.364142|0.309659|0.231301|0.420785|0.887951|0.813531|0.000000|81.000000|0.463204|0.426615|21.000000|0.316623|0.727273|-0.230880|11.000000
EX5:SM016|2015-05-01|0.324479|0.603000|0.700876|0.538107|1.601916|8.433186|5.000000|0.638601|0.737295|1.006377|1.491059|0.826184|0.399657|0.412994|0.931169|0.843645|0.000000|0.361571|0.303112|0.229656|0.492689|0.864225|0.835787|0.000000|75.000000|0.458396|0.394407|15.000000|0.322365|0.700000|-0.251201|10.000000
EX5:SM016|2015-11-01|0.392967|0.492729|0.869177|0.797532|1.647540|7.261420|5.000000|0.638552|0.732786|1.004923|1.484993|0.849164|0.415929|0.420420|0.967628|0.863005|0.000000|0.368821|0.302516|0.235571|0.420420|0.839491|0.823822|0.000000|69.000000|0.477442|0.483980|9.000000|0.336244|0.700000|-0.251571|10.000000
EX5:SM016|2016-05-01|0.475381|0.418208|1.078557|1.136711|1.658689|6.368941|5.000000|0.648317|0.778935|1.015037|1.533543|0.860502|0.436886|0.413408|1.110053|0.902455|0.000000|0.359939|0.309013|0.234026|0.413408|0.906345|0.808586|0.000000|63.000000|0.477863|0.475018|3.000000|0.381180|0.777778|-0.195094|9.000000
EX5:SM017|2009-11-01|0.326439|0.635737|0.665062|0.513481|1.591675|6.143159|5.000000|0.651315|0.876296|1.055580|1.491863|0.849094|0.369209|0.458634|0.812829|0.737880|0.115152|0.385257|0.290141|-0.055964|0.458634|0.766054|0.803453|0.014184|141.000000|0.391456|0.405196|81.000000|0.255479|0.750000|-0.272413|16.000000
EX5:SM017|2010-05-01|0.336098|0.635309|0.678615|0.529030|1.621375|6.529988|5.000000|0.655077|0.874023|1.057355|1.497669|0.847748|0.378134|0.455946|0.816075|0.768847|0.094340|0.380148|0.296637|-0.054437|0.463808|0.754861|0.781724|0.014815|135.000000|0.369252|0.402592|75.000000|0.320208|0.733333|-0.272162|15.000000
EX5:SM017|2010-11-01|0.307736|0.638727|0.613400|0.481796|1.643442|6.021487|5.000000|0.661108|0.873949|1.055085|1.494888|0.861191|0.375591|0.433751|0.800160|0.747042|0.084967|0.380750|0.309972|-0.075603|0.463769|0.759027|0.778799|0.038760|129.000000|0.384720|0.387726|69.000000|0.306929|0.733333|-0.285090|15.000000
EX5:SM017|2011-05-01|0.337274|0.638787|0.699255|0.527992|1.591592|7.617930|5.000000|0.651343|0.850610|1.043711|1.484847|0.814083|0.416154|0.429947|0.953172|0.846839|0.020408|0.407503|0.345470|0.040853|0.463839|0.821131|0.879570|0.000000|123.000000|0.375593|0.421184|63.000000|0.360340|0.785714|-0.216614|14.000000
EX5:SM017|2011-11-01|0.372235|0.637673|0.760476|0.583740|1.635581|6.186492|5.000000|0.654074|0.877213|1.051589|1.501355|0.832536|0.420996|0.429740|0.919010|0.825848|0.007092|0.408923|0.330703|0.165829|0.458673|0.833423|0.826876|0.000000|117.000000|0.516974|0.420127|57.000000|0.346236|0.785714|-0.207408|14.000000
EX5:SM017|2012-05-01|0.371726|0.621173|0.752243|0.598427|1.653500|7.882766|5.000000|0.650723|0.858217|1.028449|1.504235|0.828826|0.439622|0.454738|0.988691|0.853680|0.007407|0.414822|0.338937|0.220759|0.458728|0.848688|0.841879|0.000000|111.000000|0.497815|0.430545|51.000000|0.372181|0.769231|-0.207508|13.000000
EX5:SM017|2012-11-01|0.429214|0.636568|0.868182|0.674263|1.685878|6.012882|5.000000|0.648724|0.827097|1.043647|1.499754|0.824002|0.480810|0.428749|1.007007|0.878248|0.000000|0.420472|0.348219|0.232247|0.458693|0.855010|0.862221|0.000000|105.000000|0.516262|0.440383|45.000000|0.381492|0.769231|-0.207435|13.000000
EX5:SM017|2013-05-01|0.411993|0.636405|0.828563|0.647376|1.685336|6.107586|5.000000|0.641294|0.820706|1.022634|1.507743|0.792657|0.498344|0.419727|1.026046|0.950655|0.000000|0.412207|0.332757|0.228411|0.464564|0.852976|0.872719|0.000000|99.000000|0.517840|0.445796|39.000000|0.375629|0.833333|-0.221424|12.000000
EX5:SM017|2013-11-01|0.381405|0.621605|0.768941|0.613581|1.676849|7.556750|6.000000|0.640535|0.754260|0.971793|1.444810|0.737179|0.415579|0.401502|1.013492|0.838969|0.000000|0.390460|0.342642|0.204523|0.401502|0.890018|0.816721|0.000000|93.000000|0.442603|0.404666|33.000000|0.280368|0.833333|-0.164924|12.000000
EX5:SM017|2014-05-01|0.461047|0.650185|0.922707|0.709101|1.690726|6.203913|5.000000|0.646578|0.839305|1.096626|1.508930|0.829887|0.493990|0.418467|1.027283|0.959003|0.000000|0.382060|0.327955|0.227909|0.464703|0.830488|0.853454|0.000000|87.000000|0.502752|0.446379|27.000000|0.368054|0.727273|-0.224705|11.000000
EX5:SM017|2014-11-01|0.408714|0.682935|0.820362|0.598467|1.661409|5.979024|5.000000|0.643116|0.875481|1.255952|1.499552|0.815304|0.406118|0.400723|1.073592|0.848010|0.000000|0.365609|0.315171|0.232661|0.400723|0.889196|0.823142|0.000000|81.000000|0.464504|0.418134|21.000000|0.316279|0.727273|-0.246295|11.000000
EX5:SM017|2015-05-01|0.347057|0.603000|0.754587|0.575551|1.609520|6.075742|5.000000|0.635019|0.735936|1.006293|1.486219|0.811637|0.400427|0.418529|0.920075|0.848362|0.000000|0.372144|0.304287|0.228876|0.492206|0.854165|0.852903|0.000000|75.000000|0.486355|0.399242|15.000000|0.323866|0.700000|-0.249425|10.000000
EX5:SM017|2015-11-01|0.395898|0.492406|0.873772|0.804007|1.659796|6.205033|5.000000|0.639193|0.734713|1.006265|1.481451|0.840805|0.418132|0.435795|0.973916|0.848395|0.000000|0.357388|0.301148|0.220726|0.435795|0.827187|0.824330|0.000000|69.000000|0.479843|0.481294|9.000000|0.310096|0.700000|-0.249992|10.000000
EX5:SM017|2016-05-01|0.481269|0.428261|1.118274|1.123775|1.658677|7.577108|5.000000|0.642108|0.752133|0.888545|1.517042|0.825428|0.481523|0.418121|1.193764|0.941341|0.000000|0.389089|0.342091|0.259707|0.418121|0.980152|0.956697|0.000000|63.000000|0.482479|0.486854|3.000000|0.381097|0.777778|-0.194136|9.000000
EX5:SM018|2009-11-01|0.312602|0.632971|0.635445|0.493864|1.585347|7.212114|5.000000|0.651380|0.882099|1.055580|1.484692|0.846364|0.365778|0.463782|0.787856|0.707722|0.115152|0.374862|0.292365|-0.053209|0.463782|0.756046|0.783751|0.014184|141.000000|0.348624|0.396468|81.000000|0.264086|0.750000|-0.272413|16.000000
EX5:SM018|2010-05-01|0.329231|0.635251|0.662276|0.518269|1.618459|7.341223|5.000000|0.656168|0.879521|1.057355|1.496245|0.846981|0.372543|0.456011|0.843013|0.765596|0.094340|0.383998|0.297073|-0.054326|0.463856|0.773740|0.785755|0.014815|135.000000|0.354316|0.406144|75.000000|0.327295|0.733333|-0.272162|15.000000
EX5:SM018|2010-11-01|0.327978|0.641472|0.667667|0.511290|1.648956|5.587968|5.000000|0.661823|0.864266|1.062363|1.505268|0.824279|0.410566|0.434309|0.898496|0.849621|0.078431|0.409423|0.342050|-0.072948|0.458545|0.822709|0.859317|0.038760|129.000000|0.437621|0.417710|69.000000|0.365493|0.733333|-0.285090|15.000000
EX5:SM018|2011-05-01|0.336170|0.637728|0.686514|0.527136|1.590882|6.838047|5.000000|0.652032|0.880815|1.035826|1.488929|0.833009|0.391842|0.429947|0.877098|0.801355|0.020408|0.395019|0.322398|0.046532|0.464333|0.816891|0.801575|0.000000|123.000000|0.364107|0.410137|63.000000|0.352925|0.785714|-0.223694|14.000000
EX5:SM018|2011-11-01|0.382179|0.638004|0.792974|0.599022|1.641134|5.350651|5.000000|0.648880|0.854203|1.044586|1.493707|0.802139|0.455907|0.435175|0.976554|0.869956|0.000000|0.416552|0.353413|0.162538|0.464351|0.829989|0.884652|0.000000|117.000000|0.526709|0.427661|57.000000|0.349849|0.785714|-0.224065|14.000000
EX5:SM018|2012-05-01|0.366492|0.640565|0.736990|0.572138|1.662428|5.998024|5.000000|0.647185|0.870471|1.039798|1.499755|0.827675|0.426273|0.454738|0.922509|0.825346|0.014815|0.398043|0.334730|0.222584|0.464672|0.822338|0.817945|0.000000|111.000000|0.493800|0.419423|51.000000|0.362007|0.692308|-0.224770|13.000000
EX5:SM018|2012-11-01|0.423341|0.631686|0.857990|0.670177|1.685030|5.887495|5.000000|0.645996|0.825268|1.025298|1.488280|0.821322|0.467431|0.428791|0.995311|0.886482|0.000000|0.432737|0.334786|0.226795|0.458738|0.874423|0.875627|0.000000|105.000000|0.501835|0.439735|45.000000|0.369833|0.846154|-0.207438|13.000000
EX5:SM018|2013-05-01|0.400321|0.620899|0.811062|0.644744|1.685775|5.531252|5.000000|0.639901|0.811900|1.014675|1.480353|0.799445|0.464165|0.400830|1.001831|0.915727|0.000000|0.397260|0.327477|0.217977|0.463316|0.862546|0.862320|0.000000|99.000000|0.490698|0.444007|39.000000|0.353013|0.833333|-0.242174|12.000000
EX5:SM018|2013-11-01|0.381566|0.615862|0.766225|0.619565|1.681814|7.097154|5.000000|0.634623|0.793961|1.020634|1.442614|0.701603|0.396645|0.407952|0.948208|0.833102|0.000000|0.391354|0.330897|0.210315|0.407952|0.891035|0.793487|0.000000|93.000000|0.436112|0.405245|33.000000|0.286108|0.916667|-0.181513|12.000000
EX5:SM018|2014-05-01|0.467360|0.651241|0.933755|0.717645|1.691892|6.412058|5.000000|0.644408|0.847909|1.099046|1.514464|0.825884|0.502918|0.403336|1.031635|0.961320|0.000000|0.391763|0.331535|0.221899|0.464343|0.863120|0.861842|0.000000|87.000000|0.509538|0.450466|27.000000|0.368685|0.727273|-0.223968|11.000000
EX5:SM018|2014-11-01|0.400838|0.681803|0.806583|0.587909|1.661110|5.335760|5.000000|0.642026|0.904567|1.251527|1.498527|0.813565|0.407546|0.400638|1.061175|0.842087|0.000000|0.354244|0.305383|0.226670|0.400638|0.856475|0.783736|0.000000|81.000000|0.452565|0.409044|21.000000|0.342071|0.727273|-0.246295|11.000000
EX5:SM018|2015-05-01|0.338243|0.600033|0.737974|0.563707|1.610905|5.665252|5.000000|0.633266|0.736021|1.006168|1.474450|0.797464|0.400783|0.395849|0.930142|0.837705|0.000000|0.361089|0.301386|0.220883|0.492292|0.876666|0.819513|0.000000|75.000000|0.473537|0.387083|15.000000|0.323332|0.700000|-0.249397|10.000000
EX5:SM018|2015-11-01|0.387008|0.492450|0.858885|0.785884|1.656855|6.085169|5.000000|0.636274|0.736789|1.006295|1.481067|0.833587|0.418581|0.407499|0.970622|0.848634|0.000000|0.357047|0.300431|0.223122|0.407499|0.850754|0.810629|0.000000|69.000000|0.470060|0.474692|9.000000|0.328410|0.700000|-0.249914|10.000000
EX5:SM018|2016-05-01|0.466220|0.418121|1.059510|1.115034|1.659427|5.523462|5.000000|0.644655|0.780009|1.015053|1.529912|0.856517|0.436688|0.407489|1.116569|0.854489|0.000000|0.355575|0.302295|0.223853|0.407489|0.900282|0.774470|0.000000|63.000000|0.468358|0.464846|3.000000|0.380924|0.777778|-0.194136|9.000000
EX5:SM020|2009-11-01|0.318301|0.638933|0.639540|0.498176|1.595865|5.948025|5.000000|0.656658|0.859617|1.024326|1.508023|0.843385|0.366353|0.436679|0.840634|0.736605|0.121212|0.381328|0.283980|-0.047403|0.456030|0.765227|0.783270|0.014184|141.000000|0.467866|0.386312|81.000000|0.171525|0.812500|-0.274966|16.000000
EX5:SM020|2010-05-01|0.337691|0.639684|0.683141|0.527903|1.621935|6.539679|5.000000|0.651940|0.849835|1.017440|1.515302|0.772518|0.382486|0.434985|0.851835|0.797794|0.094340|0.384304|0.298576|-0.046088|0.456170|0.779567|0.808258|0.007407|135.000000|0.489187|0.399859|75.000000|0.218957|0.800000|-0.274842|15.000000
EX5:SM020|2010-11-01|0.316674|0.636622|0.634788|0.497428|1.645061|5.798768|5.000000|0.662435|0.869861|1.038224|1.494311|0.850273|0.400977|0.428414|0.885789|0.786244|0.065359|0.391947|0.316537|-0.064334|0.458348|0.829051|0.812511|0.023256|129.000000|0.386578|0.406386|69.000000|0.300143|0.733333|-0.285090|15.000000
EX5:SM020|2011-05-01|0.337751|0.638128|0.694488|0.529284|1.593842|5.551083|5.000000|0.656147|0.849299|1.036050|1.512404|0.776788|0.388197|0.417696|0.892753|0.805814|0.013605|0.400015|0.310807|0.053289|0.456210|0.809969|0.812220|0.000000|123.000000|0.478904|0.397383|63.000000|0.258470|0.857143|-0.260560|14.000000
EX5:SM020|2011-11-01|0.373772|0.633051|0.779159|0.590429|1.628393|4.958957|5.000000|0.666004|0.838622|1.027329|1.485916|0.815930|0.434171|0.396899|0.989262|0.860655|0.000000|0.416533|0.337226|0.173304|0.410744|0.854438|0.862056|0.000000|117.000000|0.503383|0.413046|57.000000|0.336212|0.785714|-0.180768|14.000000
EX5:SM020|2012-05-01|0.373304|0.634677|0.754386|0.588179|1.667409|6.819773|5.000000|0.655455|0.828733|1.026363|1.512286|0.799770|0.412176|0.435930|0.931863|0.797954|0.000000|0.417299|0.330363|0.220812|0.456106|0.825624|0.839235|0.000000|111.000000|0.481064|0.399411|51.000000|0.294913|0.846154|-0.260437|13.000000
EX5:SM020|2012-11-01|0.388930|0.633574|0.780926|0.613867|1.698402|5.125893|6.000000|0.644949|0.817866|1.025490|1.471563|0.784395|0.388709|0.396044|0.903565|0.791909|0.000000|0.388141|0.330964|0.232840|0.436275|0.838294|0.772675|0.000000|105.000000|0.446157|0.383042|45.000000|0.301099|0.923077|-0.228018|13.000000
EX5:SM020|2013-05-01|0.406190|0.623982|0.822256|0.650964|1.685227|5.802448|5.000000|0.640977|0.818247|1.012132|1.465650|0.807775|0.477592|0.400414|1.053121|0.943965|0.000000|0.402504|0.336209|0.215560|0.464154|0.901225|0.858339|0.000000|99.000000|0.507062|0.445808|39.000000|0.359008|0.833333|-0.242245|12.000000
EX5:SM020|2013-11-01|0.439571|0.613137|0.882652|0.716921|1.677900|5.805316|6.000000|0.652673|0.812682|0.955609|1.456280|0.808013|0.479438|0.380467|1.127207|0.950042|0.000000|0.444456|0.371842|0.244730|0.454225|0.981728|0.924608|0.000000|93.000000|0.507277|0.474912|33.000000|0.323373|0.916667|-0.245365|12.000000
EX5:SM020|2014-05-01|0.488477|0.648766|1.000704|0.752931|1.697805|6.595780|5.000000|0.641297|0.799899|1.111175|1.479665|0.751501|0.522014|0.411334|1.141162|1.008710|0.000000|0.423168|0.351305|0.261136|0.458544|0.913957|0.943581|0.000000|87.000000|0.532570|0.470183|27.000000|0.372278|0.727273|-0.207474|11.000000
EX5:SM020|2014-11-01|0.404278|0.681803|0.810553|0.592954|1.661991|5.876596|5.000000|0.646367|0.950875|1.251527|1.494624|0.814957|0.412674|0.392276|1.072542|0.825405|0.000000|0.354848|0.302605|0.208844|0.392276|0.897247|0.784848|0.000000|81.000000|0.459407|0.403960|21.000000|0.299124|0.727273|-0.246295|11.000000
EX5:SM020|2015-05-01|0.369474|0.600033|0.804521|0.615757|1.620241|5.301953|5.000000|0.636444|0.759380|1.005518|1.466067|0.752704|0.407786|0.412509|1.026099|0.879122|0.000000|0.395749|0.341171|0.236836|0.415960|0.996210|0.877667|0.000000|75.000000|0.510222|0.418981|15.000000|0.277155|0.800000|-0.142840|10.000000
EX5:SM020|2015-11-01|0.406982|0.426660|0.908121|0.953880|1.655658|6.013984|5.000000|0.641434|0.734806|1.010166|1.491743|0.830167|0.441359|0.408691|1.107488|0.866663|0.000000|0.365378|0.315583|0.215834|0.408691|0.930152|0.814475|0.000000|69.000000|0.493569|0.499309|9.000000|0.321598|0.700000|-0.157661|10.000000
EX5:SM020|2016-05-01|0.489505|0.412746|1.147010|1.185973|1.669357|5.036027|5.000000|0.638367|0.746441|0.877589|1.502466|0.770028|0.472097|0.410844|1.197933|0.936339|0.000000|0.372776|0.331787|0.248906|0.410844|0.974295|0.925856|0.000000|63.000000|0.492539|0.490568|3.000000|0.382077|0.777778|-0.182786|9.000000
EX5:SM021|2009-11-01|0.325114|0.629720|0.668653|0.516284|1.586267|5.595687|5.000000|0.648920|0.864717|1.035044|1.481812|0.823778|0.380946|0.455650|0.878540|0.749762|0.121212|0.377480|0.294967|-0.048783|0.455650|0.825646|0.810822|0.014184|141.000000|0.383625|0.404431|81.000000|0.273986|0.750000|-0.274966|16.000000
EX5:SM021|2010-05-01|0.362916|0.636066|0.749630|0.570563|1.626452|4.943618|5.000000|0.648568|0.844416|1.024989|1.498606|0.792477|0.408033|0.449482|0.949776|0.859270|0.094340|0.412261|0.324185|-0.047345|0.458560|0.845960|0.889514|0.007407|135.000000|0.435104|0.436326|75.000000|0.357347|0.733333|-0.274842|15.000000
EX5:SM021|2010-11-01|0.328225|0.632631|0.668823|0.518826|1.648047|6.620276|5.000000|0.659917|0.857688|1.031030|1.507320|0.818300|0.405206|0.428473|0.933435|0.855866|0.071895|0.410680|0.342183|-0.061221|0.458408|0.841360|0.870209|0.023256|129.000000|0.410415|0.423609|69.000000|0.355023|0.800000|-0.285090|15.000000
EX5:SM021|2011-05-01|0.320414|0.638920|0.658247|0.501493|1.593125|6.309565|5.000000|0.651788|0.868706|1.041496|1.500533|0.792652|0.391851|0.395988|0.944645|0.817610|0.013605|0.389269|0.325324|0.052852|0.395988|0.917041|0.772755|0.000000|123.000000|0.444668|0.373299|63.000000|0.279935|0.857143|-0.174981|14.000000
EX5:SM021|2011-11-01|0.378570|0.619090|0.783136|0.611494|1.634414|5.240709|5.000000|0.645996|0.868183|1.034665|1.495123|0.766395|0.431014|0.418006|0.980665|0.846019|0.000000|0.431653|0.341757|0.183512|0.458552|0.879545|0.876122|0.000000|117.000000|0.515314|0.432958|57.000000|0.331629|0.785714|-0.207378|14.000000
EX5:SM021|2012-05-01|0.389245|0.635253|0.791137|0.612740|1.666987|4.735730|6.000000|0.645160|0.848861|1.034713|1.493549|0.790852|0.445481|0.435930|0.996586|0.879368|0.000000|0.437102|0.355896|0.247115|0.458468|0.894751|0.872260|0.000000|111.000000|0.513200|0.447713|51.000000|0.381406|0.769231|-0.207335|13.000000
EX5:SM021|2012-11-01|0.428733|0.620194|0.889960|0.691289|1.676264|4.837330|5.000000|0.657584|0.808388|1.024123|1.490504|0.806432|0.470408|0.392463|1.053230|0.918410|0.000000|0.435585|0.352538|0.244382|0.396932|0.915132|0.912692|0.000000|105.000000|0.504013|0.432318|45.000000|0.339294|0.923077|-0.180838|13.000000
EX5:SM021|2013-05-01|0.413432|0.624895|0.836599|0.661601|1.685461|6.639673|5.000000|0.640643|0.818671|1.034433|1.497305|0.786177|0.498404|0.400436|1.024980|0.940432|0.000000|0.409345|0.341595|0.229682|0.464041|0.939232|0.883018|0.000000|99.000000|0.514361|0.451751|39.000000|0.374545|0.833333|-0.242388|12.000000
EX5:SM021|2013-11-01|0.404198|0.611345|0.833539|0.661162|1.692528|5.006116|6.000000|0.629108|0.760743|0.931732|1.502197|0.669872|0.444204|0.390749|1.055089|0.876108|0.000000|0.396139|0.337351|0.230448|0.390749|0.893074|0.868948|0.000000|93.000000|0.460006|0.410893|33.000000|0.311593|0.916667|-0.167476|12.000000
EX5:SM021|2014-05-01|0.444250|0.648758|0.877979|0.684770|1.694890|5.292976|5.000000|0.644217|0.872808|1.113027|1.477686|0.799867|0.445469|0.402235|0.959794|0.828150|0.000000|0.369619|0.306069|0.201727|0.456090|0.833311|0.819442|0.000000|87.000000|0.470158|0.429528|27.000000|0.374583|0.818182|-0.260512|11.000000
EX5:SM021|2014-11-01|0.409688|0.681803|0.819652|0.600888|1.658258|5.203109|6.000000|0.655720|0.972292|1.251527|1.488294|0.832696|0.428819|0.374834|1.078653|0.838783|0.000000|0.358591|0.302972|0.219561|0.381666|0.948957|0.799826|0.000000|81.000000|0.463454|0.412209|21.000000|0.304757|0.727273|-0.246295|11.000000
EX5:SM021|2015-05-01|0.371203|0.600033|0.814525|0.618639|1.610906|6.335745|5.000000|0.633320|0.770842|0.969888|1.493008|0.728833|0.422534|0.414966|1.088182|0.928780|0.000000|0.408397|0.348528|0.255202|0.427377|1.052351|0.950789|0.000000|75.000000|0.512455|0.431813|15.000000|0.307874|0.800000|-0.139632|10.000000
EX5:SM021|2015-11-01|0.431597|0.427584|0.970706|1.009386|1.660401|5.190250|5.000000|0.634025|0.769261|0.971897|1.464127|0.748100|0.433339|0.414627|1.131513|0.934193|0.000000|0.402291|0.348520|0.254574|0.427584|1.051320|0.918617|0.000000|69.000000|0.518017|0.519085|9.000000|0.318987|0.800000|-0.139344|10.000000
EX5:SM021|2016-05-01|0.497526|0.410844|1.163500|1.210985|1.668375|5.399277|5.000000|0.640684|0.757376|0.877589|1.518553|0.804703|0.474853|0.395594|1.217751|0.936339|0.000000|0.387170|0.335494|0.255296|0.395594|0.988154|0.937664|0.000000|63.000000|0.497141|0.495405|3.000000|0.382077|0.777778|-0.182786|9.000000
EX5:SM022|2009-11-01|0.330429|0.629573|0.691022|0.524846|1.591626|5.884342|5.000000|0.644914|0.848644|1.024326|1.481160|0.780343|0.387575|0.447958|0.907319|0.835721|0.121212|0.391264|0.311119|-0.048997|0.447958|0.838911|0.863627|0.014184|141.000000|0.409991|0.420107|81.000000|0.327925|0.750000|-0.274966|16.000000
EX5:SM022|2010-05-01|0.348464|0.636066|0.712748|0.547843|1.622121|5.564920|5.000000|0.648884|0.871467|1.080400|1.487205|0.807830|0.393394|0.441826|0.923919|0.796879|0.094340|0.389986|0.312769|-0.047345|0.450985|0.855694|0.834945|0.007407|135.000000|0.398610|0.419005|75.000000|0.369479|0.733333|-0.274842|15.000000
EX5:SM022|2010-11-01|0.309482|0.633633|0.632415|0.488425|1.638215|4.720689|5.000000|0.679084|0.861284|1.037844|1.508865|0.820899|0.380966|0.396919|0.922478|0.811605|0.071895|0.397379|0.326097|-0.063056|0.396919|0.855671|0.832901|0.023256|129.000000|0.423585|0.407190|69.000000|0.332590|0.866667|-0.285090|15.000000
EX5:SM022|2011-05-01|0.347620|0.639455|0.716505|0.543620|1.592623|6.702812|5.000000|0.652462|0.871091|1.081014|1.481222|0.781241|0.399396|0.417696|0.936313|0.814809|0.013605|0.400488|0.325308|0.051289|0.450873|0.862509|0.835735|0.000000|123.000000|0.376048|0.419930|63.000000|0.392126|0.785714|-0.201672|14.000000
EX5:SM022|2011-11-01|0.391553|0.633163|0.807074|0.618409|1.640449|5.248255|6.000000|0.653255|0.874015|1.032517|1.468266|0.787222|0.429732|0.418006|1.048249|0.900686|0.000000|0.438329|0.369555|0.179070|0.451847|0.913708|0.905356|0.000000|117.000000|0.533240|0.436960|57.000000|0.321975|0.928571|-0.206899|14.000000
EX5:SM022|2012-05-01|0.396668|0.634798|0.819581|0.624874|1.652016|6.615399|5.000000|0.658477|0.828156|1.025032|1.511293|0.799770|0.493684|0.372457|1.093885|0.941563|0.000000|0.436425|0.371850|0.247281|0.396915|0.969659|0.930391|0.000000|111.000000|0.517110|0.441207|51.000000|0.363699|0.769231|-0.180933|13.000000
EX5:SM022|2012-11-01|0.436849|0.626859|0.898204|0.696885|1.668793|5.635217|5.000000|0.658687|0.824238|1.082434|1.509960|0.836212|0.470739|0.372472|1.117620|0.921061|0.000000|0.432631|0.361123|0.263457|0.396929|0.988253|0.913476|0.000000|105.000000|0.512964|0.448815|45.000000|0.410923|0.846154|-0.180936|13.000000
EX5:SM022|2013-05-01|0.420388|0.623081|0.854855|0.674692|1.688841|5.391621|5.000000|0.638558|0.814094|1.080301|1.482225|0.740204|0.497439|0.400348|1.064008|0.957389|0.000000|0.413372|0.347387|0.236901|0.464221|0.958153|0.890825|0.000000|99.000000|0.517292|0.458013|39.000000|0.379971|0.833333|-0.240501|12.000000
EX5:SM022|2013-11-01|0.386080|0.613984|0.796059|0.628811|1.691206|4.815991|6.000000|0.638508|0.758851|0.939609|1.459114|0.686859|0.409491|0.399837|0.923312|0.825706|0.000000|0.377842|0.316779|0.194632|0.454468|0.875441|0.837832|0.000000|93.000000|0.438192|0.395016|33.000000|0.286831|0.916667|-0.252424|12.000000
EX5:SM022|2014-05-01|0.464037|0.648762|0.958268|0.715265|1.684322|4.620352|5.000000|0.652589|0.822586|1.113323|1.490090|0.767845|0.484419|0.372473|1.195987|0.976735|0.000000|0.399005|0.341866|0.254132|0.396886|0.969987|0.889665|0.000000|87.000000|0.493925|0.451228|27.000000|0.354512|0.818182|-0.180985|11.000000
EX5:SM022|2014-11-01|0.421731|0.670874|0.850484|0.628630|1.658823|6.904587|5.000000|0.655359|0.962026|1.200154|1.478556|0.826783|0.430876|0.374913|1.123058|0.872778|0.000000|0.378184|0.321519|0.247572|0.395700|1.000980|0.852622|0.000000|81.000000|0.468948|0.434375|21.000000|0.382034|0.727273|-0.226097|11.000000
EX5:SM022|2015-05-01|0.360642|0.604691|0.775083|0.596407|1.620867|5.184679|5.000000|0.627494|0.771131|1.038811|1.433672|0.730325|0.426622|0.416407|0.986085|0.842568|0.000000|0.373066|0.303605|0.217470|0.427336|0.881005|0.810837|0.000000|75.000000|0.500300|0.407922|15.000000|0.292732|0.700000|-0.137491|10.000000
EX5:SM022|2015-11-01|0.417836|0.429632|0.913089|0.972544|1.670583|5.297229|5.000000|0.629547|0.767927|1.038923|1.458714|0.731383|0.434071|0.418245|1.015945|0.838179|0.000000|0.372200|0.306555|0.224251|0.427259|0.882722|0.810553|0.000000|69.000000|0.502338|0.511132|9.000000|0.305944|0.700000|-0.139593|10.000000
EX5:SM022|2016-05-01|0.498391|0.410844|1.170175|1.213089|1.670506|4.534883|5.000000|0.637502|0.759733|0.883451|1.509547|0.730969|0.480667|0.377590|1.228845|0.936339|0.000000|0.387707|0.344077|0.263937|0.377590|1.025707|0.955322|0.000000|63.000000|0.499138|0.497514|3.000000|0.382077|0.777778|-0.182786|9.000000
EX5:SM023|2009-11-01|0.316062|0.621104|0.663275|0.508870|1.582727|4.603146|5.000000|0.659188|0.855513|1.032766|1.479921|0.822785|0.374263|0.397006|0.892535|0.789539|0.121212|0.372312|0.301094|-0.046071|0.397006|0.851991|0.826972|0.007092|141.000000|0.404569|0.404130|81.000000|0.273392|0.750000|-0.278067|16.000000
EX5:SM023|2010-05-01|0.347658|0.633849|0.712114|0.548487|1.623656|4.766528|5.000000|0.650627|0.875918|1.085970|1.483824|0.792733|0.390909|0.441779|0.921812|0.794734|0.094340|0.387949|0.313577|-0.046673|0.450940|0.846223|0.834391|0.007407|135.000000|0.405139|0.418294|75.000000|0.371987|0.733333|-0.278094|15.000000
EX5:SM023|2010-11-01|0.301093|0.638948|0.613752|0.471233|1.639995|3.892577|5.000000|0.676344|0.864741|1.049182|1.497318|0.807642|0.377074|0.396757|0.911683|0.795080|0.071895|0.392575|0.315222|-0.063759|0.396757|0.840664|0.820981|0.023256|129.000000|0.401167|0.404223|69.000000|0.351106|0.733333|-0.285090|15.000000
EX5:SM023|2011-05-01|0.287494|0.633980|0.588238|0.453474|1.601290|4.660852|6.000000|0.644988|0.867072|1.047675|1.454273|0.705260|0.336199|0.415494|0.738010|0.672070|0.013605|0.328496|0.262547|0.055822|0.471312|0.662893|0.676463|0.000000|123.000000|0.385569|0.326909|63.000000|0.258018|0.785714|-0.270920|14.000000
EX5:SM023|2011-11-01|0.380727|0.620418|0.795492|0.613662|1.616904|5.283680|5.000000|0.672475|0.864164|1.088194|1.516108|0.837883|0.434167|0.372545|1.048416|0.869156|0.000000|0.424328|0.357192|0.178973|0.396930|0.959013|0.886063|0.000000|117.000000|0.511440|0.430097|57.000000|0.375129|0.857143|-0.180987|14.000000
EX5:SM023|2012-05-01|0.393760|0.632541|0.804332|0.622506|1.649614|4.792789|6.000000|0.664047|0.846667|1.086130|1.518693|0.828826|0.458659|0.372441|1.061755|0.881363|0.000000|0.431578|0.356763|0.249900|0.396871|0.963728|0.884745|0.000000|111.000000|0.516214|0.440737|51.000000|0.391210|0.769231|-0.181038|13.000000
EX5:SM023|2012-11-01|0.418249|0.631767|0.841286|0.662031|1.678821|4.793879|5.000000|0.656277|0.812113|1.037153|1.499717|0.795116|0.465909|0.389944|1.007960|0.877836|0.000000|0.415350|0.317436|0.205930|0.396867|0.851054|0.840531|0.000000|105.000000|0.484256|0.413470|45.000000|0.352592|0.846154|-0.180912|13.000000
EX5:SM023|2013-05-01|0.424720|0.634901|0.860438|0.668955|1.681831|5.676268|5.000000|0.637876|0.818436|1.086029|1.453050|0.743289|0.509105|0.399963|1.070324|0.944366|0.000000|0.415619|0.351254|0.246287|0.465144|0.949623|0.900283|0.000000|99.000000|0.528922|0.456003|39.000000|0.392359|0.833333|-0.222262|12.000000
EX5:SM023|2013-11-01|0.409423|0.619828|0.833304|0.660543|1.685359|4.871343|5.000000|0.640997|0.783087|1.084147|1.483019|0.761538|0.434773|0.385964|1.013712|0.857153|0.000000|0.383758|0.327729|0.240784|0.428892|0.923721|0.843234|0.000000|93.000000|0.471222|0.429830|33.000000|0.346001|0.833333|-0.198940|12.000000
EX5:SM023|2014-05-01|0.472325|0.647383|0.942920|0.729592|1.699807|4.509726|6.000000|0.633022|0.862031|1.042538|1.460224|0.671448|0.480950|0.392233|1.045975|0.904428|0.000000|0.403529|0.336603|0.229307|0.440920|0.895075|0.866009|0.000000|87.000000|0.502241|0.463597|27.000000|0.415097|0.727273|-0.226308|11.000000
EX5:SM023|2014-11-01|0.414707|0.714664|0.813912|0.580282|1.673111|5.346004|6.000000|0.652548|1.003155|1.342093|1.494765|0.776000|0.413401|0.378964|1.111073|0.853968|0.000000|0.367581|0.317712|0.229682|0.378964|1.004711|0.828112|0.000000|81.000000|0.465047|0.430992|21.000000|0.368521|0.727273|-0.263925|11.000000
EX5:SM023|2015-05-01|0.358500|0.605998|0.773658|0.591586|1.620717|4.126066|5.000000|0.624809|0.765763|1.045392|1.451360|0.684073|0.425581|0.416549|1.007483|0.841553|0.000000|0.375677|0.309697|0.223801|0.427430|0.905457|0.829599|0.000000|75.000000|0.498073|0.402700|15.000000|0.326114|0.700000|-0.137491|10.000000
EX5:SM023|2015-11-01|0.418241|0.431800|0.919885|0.968600|1.669890|4.430783|5.000000|0.628025|0.765066|1.045370|1.462975|0.684650|0.436195|0.416483|1.020496|0.841976|0.000000|0.374419|0.309450|0.230439|0.427434|0.907561|0.827316|0.000000|69.000000|0.506155|0.505611|9.000000|0.331872|0.700000|-0.137624|10.000000
EX5:SM023|2016-05-01|0.492723|0.411022|1.129212|1.198777|1.665058|5.352770|6.000000|0.641945|0.780175|1.089345|1.502177|0.787166|0.436645|0.377842|1.155725|0.897415|0.000000|0.371179|0.322280|0.248545|0.377842|1.018609|0.841880|0.000000|63.000000|0.488330|0.486371|3.000000|0.434468|0.777778|-0.182358|9.000000
EX5:SM024|2009-11-01|0.331962|0.621104|0.691098|0.534471|1.574446|5.217005|5.000000|0.661657|0.864172|1.089151|1.502079|0.844626|0.374513|0.396995|0.936007|0.796199|0.121212|0.385763|0.297711|-0.046071|0.396995|0.868961|0.832173|0.007092|141.000000|0.424455|0.404419|81.000000|0.263875|0.750000|-0.278067|16.000000
EX5:SM024|2010-05-01|0.336715|0.633849|0.680909|0.531223|1.629877|4.438446|5.000000|0.641691|0.886804|1.032276|1.476882|0.729273|0.390909|0.428757|0.881723|0.818250|0.094340|0.392524|0.312943|-0.046673|0.438633|0.816710|0.811394|0.007407|135.000000|0.404497|0.414083|75.000000|0.311397|0.733333|-0.278094|15.000000
EX5:SM024|2010-11-01|0.316523|0.615182|0.642638|0.514519|1.635500|4.893389|5.000000|0.670344|0.866316|1.016760|1.462061|0.833637|0.407760|0.414717|1.022912|0.875832|0.071895|0.414205|0.340569|-0.056971|0.442608|0.890983|0.850367|0.023256|129.000000|0.432755|0.415702|69.000000|0.281173|0.866667|-0.285090|15.000000
EX5:SM024|2011-05-01|0.360339|0.633876|0.750764|0.568469|1.576680|5.281273|5.000000|0.668762|0.868278|1.088968|1.510231|0.822711|0.433451|0.397006|1.019102|0.848272|0.013605|0.416358|0.356099|0.053441|0.397006|0.952402|0.879797|0.000000|123.000000|0.422489|0.422710|63.000000|0.403899|0.785714|-0.180969|14.000000
EX5:SM024|2011-11-01|0.343812|0.614512|0.714801|0.559488|1.630046|4.318459|5.000000|0.657157|0.854345|1.024808|1.503665|0.784689|0.401747|0.379994|0.890091|0.813238|0.000000|0.392428|0.301619|0.177779|0.403569|0.836545|0.766698|0.000000|117.000000|0.450418|0.401686|57.000000|0.299010|0.857143|-0.190797|14.000000
EX5:SM024|2012-05-01|0.365004|0.632541|0.749356|0.577044|1.662905|4.376416|6.000000|0.656103|0.839620|1.005684|1.494829|0.778481|0.430050|0.373173|0.971263|0.844674|0.000000|0.417255|0.334105|0.237875|0.403565|0.877748|0.846050|0.000000|111.000000|0.464824|0.421191|51.000000|0.343290|0.769231|-0.190804|13.000000
EX5:SM024|2012-11-01|0.445499|0.631767|0.928666|0.705164|1.677584|3.951808|5.000000|0.654325|0.800639|1.001015|1.498282|0.762954|0.493646|0.372444|1.151459|0.945216|0.000000|0.445189|0.367106|0.280897|0.396934|0.976271|0.960768|0.000000|105.000000|0.522519|0.449612|45.000000|0.369801|0.846154|-0.180957|13.000000
EX5:SM024|2013-05-01|0.336516|0.618127|0.681483|0.544412|1.698570|4.303023|6.000000|0.626511|0.731527|1.047208|1.440956|0.685282|0.372114|0.424859|0.801095|0.705781|0.000000|0.331131|0.268169|0.206755|0.490693|0.746073|0.706535|0.000000|99.000000|0.400943|0.358634|39.000000|0.267190|0.833333|-0.301439|12.000000
EX5:SM024|2013-11-01|0.407888|0.619828|0.830786|0.658066|1.685200|5.095625|5.000000|0.640902|0.783087|1.084147|1.491461|0.770192|0.434773|0.385964|1.019186|0.857153|0.000000|0.383758|0.327872|0.239667|0.428892|0.918159|0.829495|0.000000|93.000000|0.469158|0.429830|33.000000|0.346001|0.833333|-0.198940|12.000000
EX5:SM024|2014-05-01|0.432047|0.638851|0.896040|0.676288|1.688847|6.090439|6.000000|0.645262|0.827615|0.991238|1.416412|0.774183|0.396335|0.397741|0.978101|0.854510|0.000000|0.389630|0.353055|0.211377|0.469343|0.943545|0.855990|0.000000|87.000000|0.442992|0.398765|27.000000|0.326856|0.818182|-0.260178|11.000000
EX5:SM024|2014-11-01|0.412231|0.733110|0.800376|0.562305|1.676461|4.882369|6.000000|0.653156|1.005497|1.388858|1.497180|0.782609|0.431161|0.374964|1.124124|0.875177|0.000000|0.374252|0.325320|0.224641|0.381102|1.024205|0.839588|0.000000|81.000000|0.469723|0.442955|21.000000|0.381826|0.727273|-0.314661|11.000000
EX5:SM024|2015-05-01|0.358038|0.605998|0.776706|0.590824|1.620312|4.360032|5.000000|0.624178|0.765763|1.045392|1.445211|0.682581|0.425581|0.416549|1.007483|0.841916|0.000000|0.375677|0.309697|0.229935|0.427430|0.905457|0.829599|0.000000|75.000000|0.499893|0.402819|15.000000|0.334286|0.700000|-0.137491|10.000000
EX5:SM024|2015-11-01|0.401495|0.431800|0.887237|0.929818|1.670049|4.284361|5.000000|0.625611|0.765066|1.045370|1.462975|0.666793|0.429225|0.416483|1.020496|0.841976|0.000000|0.349021|0.312528|0.234012|0.427434|0.888144|0.793608|0.000000|69.000000|0.482675|0.491573|9.000000|0.331872|0.700000|-0.137624|10.000000
EX5:SM024|2016-05-01|0.475461|0.411237|1.098477|1.156171|1.665890|4.287218|6.000000|0.643102|0.780182|1.089338|1.503259|0.781586|0.436820|0.378001|1.155605|0.897607|0.000000|0.361680|0.313146|0.237765|0.378001|0.983747|0.822820|0.000000|63.000000|0.476835|0.474242|3.000000|0.441810|0.777778|-0.182160|9.000000
EX5:SM025|2009-11-01|0.318106|0.620932|0.665053|0.512304|1.586749|4.970277|5.000000|0.647749|0.842471|1.032766|1.481553|0.844626|0.356730|0.403651|0.890635|0.837314|0.121212|0.391939|0.295124|-0.046434|0.403651|0.844740|0.830831|0.014184|141.000000|0.448752|0.404933|81.000000|0.222354|0.812500|-0.278067|16.000000
EX5:SM025|2010-05-01|0.308426|0.631920|0.625359|0.488078|1.624530|3.363034|5.000000|0.649397|0.884030|1.032009|1.487338|0.726459|0.361092|0.403471|0.786365|0.728875|0.094340|0.357324|0.281841|-0.045809|0.403471|0.780733|0.736203|0.007407|135.000000|0.357180|0.387939|75.000000|0.226344|0.800000|-0.278094|15.000000
EX5:SM025|2010-11-01|0.299420|0.615182|0.612262|0.486718|1.633612|3.781290|5.000000|0.679902|0.866624|1.085652|1.507947|0.817260|0.373537|0.414191|0.934018|0.803610|0.071895|0.381215|0.309115|-0.056971|0.414191|0.859074|0.812716|0.023256|129.000000|0.357310|0.394752|69.000000|0.343095|0.800000|-0.285090|15.000000
EX5:SM025|2011-05-01|0.330319|0.633963|0.693270|0.521038|1.589845|4.035283|5.000000|0.657310|0.841249|1.028494|1.483023|0.816031|0.411013|0.403592|0.981362|0.856204|0.013605|0.406048|0.341049|0.053374|0.403592|0.871169|0.845316|0.000000|123.000000|0.421204|0.407254|63.000000|0.295843|0.857143|-0.187498|14.000000
EX5:SM025|2011-11-01|0.357273|0.634931|0.742824|0.562696|1.629478|3.551106|5.000000|0.675252|0.867580|1.035352|1.486266|0.792007|0.404072|0.379597|1.045044|0.856851|0.000000|0.409771|0.351371|0.172365|0.403129|0.929669|0.859752|0.000000|117.000000|0.470791|0.408404|57.000000|0.270458|0.928571|-0.188477|14.000000
EX5:SM025|2012-05-01|0.368784|0.632551|0.757502|0.583010|1.663848|4.046343|6.000000|0.653606|0.826384|1.005589|1.503877|0.824223|0.441655|0.392667|1.025637|0.893987|0.000000|0.418765|0.350697|0.238093|0.403655|0.876772|0.866259|0.000000|111.000000|0.469300|0.430566|51.000000|0.336266|0.846154|-0.187608|13.000000
EX5:SM025|2012-11-01|0.427116|0.631818|0.877824|0.676012|1.681552|3.852373|6.000000|0.662319|0.832890|1.001303|1.480124|0.793627|0.449569|0.361746|1.095216|0.926605|0.000000|0.441750|0.372683|0.283564|0.403672|1.038225|0.917217|0.000000|105.000000|0.492055|0.446578|45.000000|0.332561|0.923077|-0.187643|13.000000
EX5:SM025|2013-05-01|0.328705|0.618679|0.657110|0.531301|1.695810|4.032153|6.000000|0.632463|0.745727|1.050886|1.462153|0.694847|0.373509|0.424369|0.782046|0.701788|0.000000|0.337544|0.269956|0.195540|0.494297|0.724165|0.699469|0.000000|99.000000|0.384632|0.357111|39.000000|0.307993|0.833333|-0.304710|12.000000
EX5:SM025|2013-11-01|0.396358|0.613218|0.826982|0.646357|1.690859|3.674806|5.000000|0.633535|0.750996|0.937781|1.470472|0.687179|0.455457|0.385884|1.094470|0.952880|0.000000|0.417100|0.343336|0.244631|0.428708|0.904061|0.887312|0.000000|93.000000|0.451262|0.438626|33.000000|0.349602|0.833333|-0.199054|12.000000
EX5:SM025|2014-05-01|0.451522|0.661866|0.916643|0.682196|1.689316|5.744863|5.000000|0.644236|0.817925|1.136464|1.476059|0.820213|0.457019|0.384856|1.136491|0.918428|0.000000|0.403650|0.345270|0.260146|0.402250|0.963409|0.888945|0.000000|87.000000|0.475610|0.443848|27.000000|0.336960|0.818182|-0.190114|11.000000
EX5:SM025|2014-11-01|0.390766|0.736958|0.762024|0.530242|1.677324|3.737110|5.000000|0.652511|1.001179|1.364462|1.487966|0.755478|0.414988|0.375583|1.106640|0.877090|0.000000|0.360469|0.320294|0.215659|0.377397|0.997284|0.832468|0.000000|81.000000|0.447633|0.432043|21.000000|0.381847|0.727273|-0.322100|11.000000
EX5:SM025|2015-05-01|0.344091|0.605998|0.755547|0.567808|1.623612|3.859582|5.000000|0.626870|0.749270|1.026203|1.396568|0.679224|0.413335|0.416547|1.006987|0.856292|0.000000|0.350703|0.309904|0.236438|0.427526|0.847412|0.774488|0.000000|75.000000|0.478423|0.398723|15.000000|0.286535|0.700000|-0.137579|10.000000
EX5:SM025|2015-11-01|0.393558|0.431800|0.881504|0.911436|1.674171|3.713490|5.000000|0.630907|0.755733|1.030992|1.400681|0.688070|0.401353|0.426904|1.020224|0.856883|0.000000|0.339420|0.307382|0.243768|0.426904|0.843096|0.779068|0.000000|69.000000|0.474310|0.478985|9.000000|0.286990|0.700000|-0.150454|10.000000
EX5:SM025|2016-05-01|0.460714|0.397581|1.108765|1.158794|1.673897|3.682485|6.000000|0.631906|0.748090|0.883724|1.460757|0.696293|0.455445|0.377815|1.224970|0.961911|0.000000|0.383301|0.338311|0.276547|0.377815|1.014519|0.916183|0.000000|63.000000|0.456895|0.453521|3.000000|0.392316|0.777778|-0.167681|9.000000
EX5:SM026|2009-11-01|0.325317|0.631849|0.670831|0.514865|1.582040|5.092662|5.000000|0.655811|0.868038|1.032766|1.458331|0.832216|0.398460|0.404250|1.015081|0.856838|0.121212|0.403562|0.322628|-0.045747|0.412579|0.876489|0.839742|0.007092|141.000000|0.429977|0.414784|81.000000|0.241618|0.812500|-0.278067|16.000000
EX5:SM026|2010-05-01|0.337593|0.633628|0.696388|0.532793|1.617028|3.641313|5.000000|0.667766|0.874283|1.032009|1.458720|0.819345|0.399675|0.403787|1.072341|0.888872|0.094340|0.411986|0.345780|-0.046933|0.404207|0.918565|0.860822|0.014815|135.000000|0.411783|0.423794|75.000000|0.320243|0.800000|-0.278094|15.000000
EX5:SM026|2010-11-01|0.315408|0.615126|0.648403|0.512753|1.634882|3.864519|5.000000|0.677652|0.866624|1.016668|1.467332|0.833377|0.419046|0.404233|1.102400|0.892664|0.071895|0.413288|0.356269|-0.056954|0.404233|0.964861|0.904342|0.023256|129.000000|0.428284|0.422677|69.000000|0.314307|0.866667|-0.285090|15.000000
EX5:SM026|2011-05-01|0.339847|0.633834|0.711187|0.536176|1.581053|4.106663|5.000000|0.675850|0.868519|1.029143|1.479454|0.794044|0.420200|0.396694|1.044887|0.879107|0.013605|0.417525|0.353258|0.053434|0.396694|0.936472|0.873557|0.000000|123.000000|0.425899|0.422413|63.000000|0.322439|0.857143|-0.178713|14.000000
EX5:SM026|2011-11-01|0.355898|0.616118|0.754273|0.577647|1.625575|4.333292|5.000000|0.654723|0.839960|1.019711|1.486276|0.792570|0.426775|0.378486|1.033307|0.895751|0.000000|0.421036|0.347262|0.179422|0.396455|0.903113|0.893147|0.000000|117.000000|0.466137|0.423507|57.000000|0.296740|0.928571|-0.180639|14.000000
EX5:SM026|2012-05-01|0.378847|0.632501|0.778165|0.598966|1.658680|3.727646|6.000000|0.665877|0.851153|1.006062|1.460314|0.800345|0.460193|0.380205|1.134495|0.948936|0.000000|0.439344|0.377538|0.240972|0.404388|1.042102|0.922602|0.000000|111.000000|0.484945|0.453687|51.000000|0.338549|0.846154|-0.189669|13.000000
EX5:SM026|2012-11-01|0.406022|0.634219|0.818217|0.640192|1.681505|4.287863|6.000000|0.646628|0.831911|1.030165|1.476929|0.731686|0.432696|0.388808|1.008261|0.860037|0.000000|0.430816|0.330109|0.243193|0.395976|0.877085|0.850434|0.000000|105.000000|0.459980|0.428946|45.000000|0.361237|0.846154|-0.179885|13.000000
EX5:SM026|2013-05-01|0.396653|0.624078|0.801560|0.635582|1.700408|3.518034|6.000000|0.625174|0.831089|1.040322|1.411881|0.638075|0.470840|0.399685|1.040490|0.909049|0.000000|0.414322|0.334351|0.254021|0.465259|0.888585|0.856944|0.000000|99.000000|0.480324|0.456379|39.000000|0.344022|0.916667|-0.219639|12.000000
EX5:SM026|2013-11-01|0.398132|0.613073|0.815576|0.649405|1.684900|3.562218|5.000000|0.642443|0.778324|1.078599|1.489004|0.742949|0.431121|0.385969|1.020607|0.892642|0.000000|0.386475|0.331968|0.246801|0.429288|0.939903|0.839081|0.000000|93.000000|0.453026|0.433116|33.000000|0.351964|0.833333|-0.199397|12.000000
EX5:SM026|2014-05-01|0.435900|0.661866|0.893137|0.658592|1.693180|3.468131|5.000000|0.638740|0.817945|1.136464|1.474210|0.754169|0.451982|0.378481|1.104584|0.915379|0.000000|0.397887|0.338355|0.260214|0.403406|0.939263|0.861692|0.000000|87.000000|0.458108|0.441732|27.000000|0.336964|0.818182|-0.192208|11.000000
EX5:SM026|2014-11-01|0.383607|0.736037|0.747990|0.521180|1.679758|3.502646|5.000000|0.644052|0.996353|1.359701|1.489505|0.738783|0.419593|0.375492|1.081507|0.875694|0.000000|0.360599|0.319693|0.219173|0.379520|0.983042|0.825222|0.000000|81.000000|0.438582|0.430886|21.000000|0.381816|0.727273|-0.322020|11.000000
EX5:SM026|2015-05-01|0.339774|0.605410|0.746440|0.561229|1.623839|3.588428|5.000000|0.624059|0.744841|1.006877|1.395857|0.644909|0.419053|0.418587|1.005185|0.872834|0.000000|0.352841|0.308873|0.244981|0.427298|0.875103|0.777826|0.000000|75.000000|0.472142|0.399176|15.000000|0.280692|0.700000|-0.139968|10.000000
EX5:SM026|2015-11-01|0.388706|0.430173|0.869356|0.903604|1.672832|3.674580|5.000000|0.624515|0.744694|1.012181|1.391062|0.643997|0.422417|0.418009|1.006921|0.854105|0.000000|0.334286|0.300447|0.242788|0.427438|0.823734|0.761468|0.000000|69.000000|0.467443|0.475421|9.000000|0.334475|0.700000|-0.139274|10.000000
EX5:SM026|2016-05-01|0.449205|0.395956|1.055779|1.134483|1.668206|3.667526|6.000000|0.634121|0.764175|1.080377|1.462155|0.739338|0.434799|0.379283|1.135695|0.918088|0.000000|0.360038|0.314128|0.248969|0.379283|0.981213|0.821202|0.000000|63.000000|0.445496|0.441501|3.000000|0.486163|0.777778|-0.164929|9.000000
EX5:SM027|2009-11-01|0.302686|0.633638|0.625976|0.477695|1.584962|3.376046|5.000000|0.653075|0.871838|1.085137|1.475077|0.808389|0.350354|0.398044|0.886361|0.774576|0.121212|0.372417|0.284791|-0.046685|0.398044|0.820437|0.798469|0.007092|141.000000|0.323619|0.400645|81.000000|0.270315|0.750000|-0.278067|16.000000
EX5:SM027|2010-05-01|0.320535|0.633814|0.646791|0.505723|1.617635|3.882085|5.000000|0.658174|0.869807|1.034929|1.507177|0.804759|0.391829|0.396329|0.805589|0.735490|0.094340|0.379576|0.293268|-0.046704|0.396329|0.798071|0.758574|0.007407|135.000000|0.337281|0.408670|75.000000|0.349386|0.733333|-0.278094|15.000000
EX5:SM027|2010-11-01|0.298557|0.615098|0.617978|0.485380|1.640983|3.315819|5.000000|0.673152|0.860022|1.017124|1.506695|0.774890|0.375470|0.414126|0.936081|0.861981|0.071895|0.401835|0.332447|-0.056951|0.414126|0.842352|0.853182|0.023256|129.000000|0.349408|0.410575|69.000000|0.366414|0.800000|-0.285090|15.000000
EX5:SM027|2011-05-01|0.301943|0.634049|0.619916|0.476214|1.604738|3.317346|6.000000|0.642373|0.878602|1.034182|1.452284|0.706652|0.378769|0.415262|0.840413|0.761310|0.013605|0.366242|0.310383|0.055961|0.437850|0.773720|0.736873|0.000000|123.000000|0.346127|0.376675|63.000000|0.311072|0.857143|-0.207235|14.000000
EX5:SM027|2011-11-01|0.346549|0.630284|0.726867|0.549831|1.635431|3.960078|5.000000|0.652817|0.842291|1.018153|1.482145|0.777090|0.419539|0.386772|0.974619|0.876063|0.000000|0.405245|0.342494|0.174295|0.398748|0.862911|0.860475|0.000000|117.000000|0.450683|0.415563|57.000000|0.283327|0.857143|-0.180780|14.000000
EX5:SM027|2012-05-01|0.358114|0.632814|0.734153|0.565906|1.661756|3.767244|6.000000|0.651523|0.838227|1.025996|1.492555|0.751438|0.429985|0.379016|0.977666|0.857986|0.000000|0.428278|0.329372|0.246539|0.394662|0.866995|0.847063|0.000000|111.000000|0.458395|0.426993|51.000000|0.379653|0.769231|-0.177559|13.000000
EX5:SM027|2012-11-01|0.400291|0.629645|0.822152|0.635741|1.673234|3.272175|6.000000|0.654499|0.829651|1.075252|1.482026|0.759083|0.445735|0.373743|1.055357|0.895654|0.000000|0.421846|0.348157|0.253494|0.414145|0.931543|0.850895|0.000000|105.000000|0.457980|0.433312|45.000000|0.381500|0.769231|-0.189220|13.000000
EX5:SM027|2013-05-01|0.407845|0.624125|0.830373|0.653467|1.685330|3.279406|5.000000|0.622864|0.809350|1.074653|1.442701|0.616476|0.493345|0.400122|1.061053|0.972555|0.000000|0.428904|0.347472|0.258273|0.465086|0.942882|0.880445|0.000000|99.000000|0.500241|0.474652|39.000000|0.366646|0.833333|-0.216519|12.000000
EX5:SM027|2013-11-01|0.394051|0.612629|0.815727|0.643213|1.691896|4.140043|5.000000|0.635036|0.752686|0.936565|1.494020|0.706410|0.455865|0.385936|1.047436|0.934711|0.000000|0.409063|0.336147|0.249739|0.428696|0.897785|0.866936|0.000000|93.000000|0.450174|0.438691|33.000000|0.361434|0.833333|-0.199017|12.000000
EX5:SM027|2014-05-01|0.448055|0.661866|0.912561|0.676957|1.688237|3.188743|5.000000|0.658493|0.857406|1.136464|1.477264|0.780187|0.454495|0.366238|1.133803|0.964116|0.000000|0.407428|0.353995|0.286846|0.398592|1.089815|0.906524|0.000000|87.000000|0.474179|0.453426|27.000000|0.362951|0.818182|-0.185769|11.000000
EX5:SM027|2014-11-01|0.380698|0.733483|0.745631|0.519028|1.680073|3.617856|6.000000|0.641656|0.992942|1.346928|1.487883|0.729391|0.421866|0.378431|1.072242|0.899299|0.000000|0.361612|0.316633|0.224418|0.384430|0.963703|0.819949|0.000000|81.000000|0.430956|0.424426|21.000000|0.359629|0.727273|-0.324367|11.000000
EX5:SM027|2015-05-01|0.332544|0.605932|0.727797|0.548813|1.624529|3.105260|5.000000|0.624403|0.743748|1.004091|1.423510|0.646774|0.401907|0.416529|0.984296|0.846785|0.000000|0.353210|0.303865|0.237934|0.427464|0.845016|0.767139|0.000000|75.000000|0.464534|0.393095|15.000000|0.280758|0.700000|-0.137496|10.000000
EX5:SM027|2015-11-01|0.390439|0.430734|0.883564|0.906451|1.678206|3.077429|5.000000|0.622188|0.738908|0.930011|1.423828|0.614362|0.408217|0.418234|1.017166|0.835696|0.000000|0.356858|0.310765|0.239973|0.427413|0.834927|0.805719|0.000000|69.000000|0.468232|0.478721|9.000000|0.311620|0.700000|-0.139559|10.000000
EX5:SM027|2016-05-01|0.446979|0.388644|1.052772|1.150098|1.669533|3.391060|6.000000|0.634522|0.762712|1.080375|1.467034|0.732563|0.432674|0.375914|1.150992|0.933928|0.000000|0.362884|0.317354|0.253838|0.375914|0.986250|0.826164|0.000000|63.000000|0.443512|0.439314|3.000000|0.508553|0.777778|-0.152512|9.000000
EX5:SM028|2009-11-01|0.301417|0.637196|0.611998|0.473037|1.589906|3.617201|5.000000|0.643445|0.873844|1.033860|1.468658|0.762968|0.355924|0.403590|0.746970|0.659367|0.121212|0.357430|0.270054|-0.048206|0.427882|0.759805|0.721587|0.014184|141.000000|0.357430|0.381894|81.000000|0.243327|0.750000|-0.278067|16.000000
EX5:SM028|2010-05-01|0.312811|0.621518|0.635211|0.503301|1.619039|3.658692|5.000000|0.649157|0.864256|1.033838|1.508444|0.764330|0.367105|0.403821|0.790785|0.694517|0.094340|0.366253|0.275367|-0.045156|0.428181|0.760990|0.740329|0.007407|135.000000|0.345965|0.393290|75.000000|0.296590|0.733333|-0.278094|15.000000
EX5:SM028|2010-11-01|0.280061|0.624168|0.556938|0.448695|1.640909|3.568771|5.000000|0.666344|0.868584|1.020943|1.506823|0.775669|0.366409|0.414924|0.797902|0.710608|0.071895|0.367021|0.273410|-0.057728|0.434546|0.747124|0.731351|0.023256|129.000000|0.328838|0.388282|69.000000|0.296616|0.800000|-0.285090|15.000000
EX5:SM028|2011-05-01|0.320243|0.631181|0.667232|0.507372|1.590877|3.125088|5.000000|0.653280|0.866318|1.024723|1.499553|0.733649|0.385638|0.415555|0.902532|0.810806|0.013605|0.389329|0.310122|0.055484|0.426144|0.822109|0.818386|0.000000|123.000000|0.359268|0.406916|63.000000|0.340793|0.857143|-0.180244|14.000000
EX5:SM028|2011-11-01|0.349843|0.629873|0.730893|0.555418|1.622285|3.206425|5.000000|0.662641|0.872373|1.075202|1.485148|0.751478|0.417976|0.390660|0.992491|0.846212|0.000000|0.414786|0.339633|0.183069|0.414129|0.915420|0.841116|0.000000|117.000000|0.459100|0.411995|57.000000|0.388065|0.857143|-0.189161|14.000000
EX5:SM028|2012-05-01|0.361472|0.634790|0.743552|0.569436|1.660225|3.110755|6.000000|0.654060|0.855875|1.026668|1.483398|0.772727|0.423639|0.361366|1.090366|0.897401|0.000000|0.416731|0.359375|0.240888|0.396799|0.979011|0.884864|0.000000|111.000000|0.457272|0.432905|51.000000|0.370003|0.846154|-0.184143|13.000000
EX5:SM028|2012-11-01|0.401952|0.629588|0.821813|0.638438|1.688561|3.161302|5.000000|0.646853|0.831075|1.000994|1.494829|0.717987|0.439224|0.396489|1.007580|0.852007|0.000000|0.435231|0.328648|0.240535|0.425398|0.861609|0.865446|0.000000|105.000000|0.453508|0.429926|45.000000|0.379685|0.769231|-0.180087|13.000000
EX5:SM028|2013-05-01|0.324628|0.624125|0.642207|0.520133|1.698450|3.724378|6.000000|0.633458|0.779826|1.034135|1.436887|0.685282|0.373454|0.423405|0.813496|0.697625|0.000000|0.340899|0.267306|0.203062|0.484576|0.713040|0.707186|0.000000|99.000000|0.375739|0.358955|39.000000|0.316028|0.833333|-0.296710|12.000000
EX5:SM028|2013-11-01|0.342715|0.612151|0.695613|0.559854|1.699840|3.071812|6.000000|0.620323|0.776114|0.963958|1.432740|0.581731|0.366654|0.417542|0.780611|0.768407|0.000000|0.341873|0.303315|0.164313|0.486455|0.752707|0.715324|0.000000|93.000000|0.370733|0.363939|33.000000|0.305236|0.833333|-0.280524|12.000000
EX5:SM028|2014-05-01|0.417222|0.663021|0.850906|0.629274|1.707821|3.314718|6.000000|0.633980|0.854128|1.142376|1.473520|0.698799|0.448714|0.390901|1.106639|0.896169|0.000000|0.399526|0.339245|0.260278|0.405475|0.919372|0.847154|0.000000|87.000000|0.434191|0.420017|27.000000|0.387026|0.727273|-0.189975|11.000000
EX5:SM028|2014-11-01|0.394511|0.736294|0.781021|0.535807|1.689919|3.107980|6.000000|0.636081|0.868779|1.327124|1.483583|0.692174|0.443192|0.387602|1.155571|0.946941|0.000000|0.389153|0.339221|0.221117|0.387602|1.018439|0.879334|0.000000|81.000000|0.454219|0.438560|21.000000|0.389528|0.727273|-0.332196|11.000000
EX5:SM028|2015-05-01|0.340485|0.609398|0.753484|0.558724|1.627355|3.218218|6.000000|0.620264|0.738746|0.952569|1.434213|0.606863|0.402617|0.418648|1.003344|0.852584|0.000000|0.366586|0.315018|0.245756|0.427442|0.857628|0.829535|0.000000|75.000000|0.472887|0.401443|15.000000|0.313480|0.700000|-0.136402|10.000000
EX5:SM028|2015-11-01|0.389034|0.435730|0.858335|0.892832|1.673927|3.627371|6.000000|0.625778|0.744923|1.005635|1.405588|0.651596|0.421420|0.416334|1.004083|0.845027|0.000000|0.341169|0.301964|0.229789|0.427577|0.819462|0.764717|0.000000|69.000000|0.466613|0.483299|9.000000|0.321978|0.700000|-0.136397|10.000000
EX5:SM028|2016-05-01|0.457206|0.392833|1.095006|1.163869|1.680622|3.308609|6.000000|0.631010|0.748915|0.906542|1.473624|0.681945|0.449801|0.387599|1.164384|0.972129|0.000000|0.385567|0.333686|0.260931|0.387599|1.028082|0.877565|0.000000|63.000000|0.452374|0.448166|3.000000|0.387090|0.777778|-0.157379|9.000000
EX5:SM029|2009-11-01|0.304966|0.636952|0.631136|0.478789|1.590319|3.616148|5.000000|0.648356|0.866490|1.033860|1.478058|0.773889|0.362788|0.403590|0.864350|0.812043|0.121212|0.376479|0.294344|-0.048238|0.420262|0.799648|0.811394|0.014184|141.000000|0.362715|0.404980|81.000000|0.264760|0.812500|-0.278067|16.000000
EX5:SM029|2010-05-01|0.326721|0.621446|0.678549|0.525742|1.615467|3.192590|5.000000|0.660075|0.865084|1.033838|1.481877|0.804248|0.400857|0.397164|1.009774|0.854565|0.094340|0.389815|0.316199|-0.045127|0.397164|0.886509|0.854407|0.007407|135.000000|0.399476|0.408927|75.000000|0.238903|0.800000|-0.278094|15.000000
EX5:SM029|2010-11-01|0.288352|0.635731|0.579144|0.453575|1.646522|3.180330|5.000000|0.669716|0.869708|1.030472|1.502473|0.772290|0.367117|0.401890|0.860641|0.773021|0.071895|0.380569|0.296685|-0.058518|0.401890|0.797899|0.770400|0.023256|129.000000|0.341210|0.396715|69.000000|0.341638|0.733333|-0.285090|15.000000
EX5:SM029|2011-05-01|0.292814|0.635557|0.588378|0.460720|1.605618|3.749634|6.000000|0.642979|0.883620|1.028515|1.458249|0.735040|0.357901|0.415555|0.774665|0.677676|0.013605|0.346638|0.280486|0.055768|0.429159|0.705890|0.660698|0.000000|123.000000|0.368738|0.349204|63.000000|0.276189|0.785714|-0.203258|14.000000
EX5:SM029|2011-11-01|0.347809|0.630011|0.732524|0.552068|1.635332|3.620193|5.000000|0.653612|0.853824|1.020211|1.482798|0.779060|0.416065|0.377703|1.018581|0.875203|0.000000|0.408898|0.342576|0.178348|0.397201|0.878853|0.866741|0.000000|117.000000|0.449594|0.421023|57.000000|0.291999|0.857143|-0.178945|14.000000
EX5:SM029|2012-05-01|0.365647|0.635125|0.746080|0.575709|1.665346|3.151231|5.000000|0.657328|0.859725|1.027988|1.490635|0.773878|0.420297|0.434633|1.041159|0.894718|0.000000|0.426586|0.360421|0.245263|0.456031|0.936551|0.890568|0.000000|111.000000|0.463034|0.439978|51.000000|0.384889|0.846154|-0.260344|13.000000
EX5:SM029|2012-11-01|0.403955|0.634996|0.833786|0.636154|1.684066|3.116187|6.000000|0.657161|0.835072|1.026639|1.464613|0.764145|0.434736|0.361532|1.089660|0.914361|0.000000|0.414666|0.361649|0.277379|0.396864|0.992452|0.897125|0.000000|105.000000|0.460134|0.439016|45.000000|0.356669|0.846154|-0.178631|13.000000
EX5:SM029|2013-05-01|0.325863|0.624125|0.656465|0.522112|1.702898|3.148085|6.000000|0.632369|0.773874|0.989817|1.435724|0.684665|0.373580|0.423364|0.831930|0.724826|0.000000|0.351631|0.281984|0.221590|0.484478|0.727860|0.731701|0.000000|99.000000|0.377269|0.364222|39.000000|0.315902|0.833333|-0.296580|12.000000
EX5:SM029|2013-11-01|0.342580|0.611981|0.695736|0.559789|1.695900|3.396748|6.000000|0.619177|0.761814|0.953768|1.430314|0.585577|0.364016|0.404703|0.784395|0.772052|0.000000|0.347227|0.306483|0.165080|0.484521|0.769281|0.741445|0.000000|93.000000|0.369553|0.363874|33.000000|0.299901|0.833333|-0.278432|12.000000
EX5:SM029|2014-05-01|0.442818|0.654274|0.912229|0.676808|1.684145|3.448086|5.000000|0.649305|0.873773|1.101320|1.457420|0.764176|0.452992|0.367010|1.113207|0.952913|0.000000|0.395949|0.350608|0.272108|0.396761|1.060441|0.883795|0.000000|87.000000|0.461468|0.451192|27.000000|0.389218|0.818182|-0.184060|11.000000
EX5:SM029|2014-11-01|0.399134|0.717147|0.795207|0.556558|1.677512|3.327851|5.000000|0.639769|0.934021|1.181610|1.457969|0.726261|0.440572|0.379936|1.132767|0.930383|0.000000|0.372671|0.314405|0.240108|0.379936|0.959884|0.817509|0.000000|81.000000|0.442197|0.433150|21.000000|0.363361|0.727273|-0.273870|11.000000
EX5:SM029|2015-05-01|0.336733|0.609398|0.725466|0.552568|1.625276|3.589153|6.000000|0.622872|0.744320|1.003647|1.435501|0.642671|0.414618|0.421493|0.951416|0.831881|0.000000|0.355030|0.306894|0.228034|0.427442|0.815025|0.803177|0.000000|75.000000|0.467537|0.395736|15.000000|0.314548|0.700000|-0.136402|10.000000
EX5:SM029|2015-11-01|0.380792|0.435730|0.852411|0.873917|1.675514|2.748148|6.000000|0.626134|0.745111|1.004868|1.436398|0.641717|0.403679|0.415407|1.030861|0.857709|0.000000|0.341266|0.303594|0.237562|0.427577|0.847304|0.755863|0.000000|69.000000|0.459930|0.468790|9.000000|0.285339|0.700000|-0.136397|10.000000
EX5:SM029|2016-05-01|0.453501|0.400107|1.074354|1.133449|1.682458|3.582461|6.000000|0.631695|0.748915|0.912368|1.474492|0.712236|0.449375|0.392833|1.160860|0.956566|0.000000|0.381338|0.332872|0.252637|0.392833|1.017150|0.865275|0.000000|63.000000|0.447792|0.443224|3.000000|0.389493|0.777778|-0.157379|9.000000
EX5:SM030|2009-11-01|0.252243|0.635875|0.501126|0.396686|1.606681|3.762782|6.000000|0.645484|0.878119|1.049892|1.468922|0.762720|0.303763|0.473373|0.657177|0.619302|0.121212|0.302421|0.226068|-0.047063|0.488088|0.595066|0.611003|0.014184|141.000000|0.314630|0.312437|81.000000|0.234780|0.750000|-0.308303|16.000000
EX5:SM030|2010-05-01|0.263826|0.633145|0.526031|0.416691|1.640387|3.344060|6.000000|0.647055|0.880173|1.047283|1.455143|0.750512|0.310203|0.477531|0.677493|0.620688|0.094340|0.297112|0.243328|-0.048834|0.486478|0.617272|0.629172|0.014815|135.000000|0.301976|0.321995|75.000000|0.235738|0.733333|-0.307039|15.000000
EX5:SM030|2010-11-01|0.241434|0.630089|0.469405|0.383174|1.658951|3.797496|6.000000|0.656416|0.870319|1.029237|1.469305|0.763192|0.309710|0.461080|0.674854|0.628943|0.071895|0.314524|0.238915|-0.059438|0.486396|0.623835|0.637092|0.023256|129.000000|0.314453|0.322134|69.000000|0.235814|0.800000|-0.307499|15.000000
EX5:SM030|2011-05-01|0.268108|0.629917|0.539612|0.425624|1.604497|3.794703|6.000000|0.647980|0.869252|1.028087|1.457785|0.740885|0.332609|0.415555|0.692796|0.640351|0.013605|0.321413|0.252411|0.054596|0.486479|0.634499|0.638890|0.000000|123.000000|0.316991|0.327137|63.000000|0.256606|0.857143|-0.307452|14.000000
EX5:SM030|2011-11-01|0.292348|0.630050|0.587351|0.464008|1.650707|3.734363|6.000000|0.647917|0.869242|1.028883|1.460467|0.724740|0.347922|0.422991|0.715030|0.664467|0.000000|0.332731|0.260000|0.161233|0.486584|0.659918|0.659587|0.000000|117.000000|0.364592|0.331209|57.000000|0.254991|0.785714|-0.307584|14.000000
EX5:SM030|2012-05-01|0.297398|0.635125|0.586839|0.468251|1.680982|3.388756|6.000000|0.644699|0.839409|1.028943|1.470040|0.728136|0.356802|0.459479|0.716874|0.656409|0.000000|0.334335|0.266746|0.192510|0.488226|0.654221|0.673105|0.000000|111.000000|0.366530|0.334929|51.000000|0.264711|0.769231|-0.308389|13.000000
EX5:SM030|2012-11-01|0.332217|0.635002|0.657030|0.523175|1.705918|3.274834|6.000000|0.649015|0.825927|1.028717|1.456636|0.742406|0.364041|0.460095|0.723529|0.656546|0.000000|0.336183|0.261506|0.189149|0.488436|0.649430|0.674127|0.000000|105.000000|0.363930|0.332034|45.000000|0.261953|0.769231|-0.308642|13.000000
EX5:SM030|2013-05-01|0.327799|0.623666|0.649341|0.525600|1.703445|3.133296|6.000000|0.632194|0.774983|1.029158|1.450926|0.673249|0.382906|0.429046|0.809888|0.713848|0.000000|0.349134|0.268932|0.198842|0.486901|0.724414|0.713082|0.000000|99.000000|0.380078|0.364185|39.000000|0.325985|0.833333|-0.299024|12.000000
EX5:SM030|2013-11-01|0.388640|0.602292|0.812738|0.645269|1.664025|4.161854|6.000000|0.649005|0.788872|1.042033|1.427504|0.747115|0.448362|0.375625|1.108835|0.960644|0.000000|0.384829|0.304687|0.220194|0.396274|0.904759|0.856068|0.000000|93.000000|0.431378|0.428029|33.000000|0.361290|0.833333|-0.178280|12.000000
EX5:SM030|2014-05-01|0.403095|0.657796|0.830092|0.612796|1.700789|3.108712|6.000000|0.632743|0.863134|1.083424|1.475893|0.660774|0.418858|0.394028|1.064400|0.891145|0.000000|0.382917|0.355105|0.224272|0.422867|0.986538|0.857973|0.000000|87.000000|0.411778|0.401541|27.000000|0.321567|0.818182|-0.194783|11.000000
EX5:SM030|2014-11-01|0.370148|0.726509|0.746095|0.509489|1.667748|4.015981|6.000000|0.649086|0.928013|1.177204|1.426446|0.713043|0.401713|0.378492|1.131112|0.927108|0.000000|0.344782|0.298278|0.218355|0.382685|0.900832|0.814572|0.000000|81.000000|0.421838|0.408335|21.000000|0.406863|0.727273|-0.322186|11.000000
EX5:SM030|2015-05-01|0.334984|0.608463|0.745427|0.550541|1.627443|3.328894|6.000000|0.622398|0.737949|0.934790|1.423616|0.620664|0.408260|0.416447|1.008986|0.857190|0.000000|0.359650|0.320156|0.247910|0.427345|0.875531|0.846978|0.000000|75.000000|0.465581|0.399313|15.000000|0.312542|0.800000|-0.137458|10.000000
EX5:SM030|2015-11-01|0.394111|0.434651|0.897137|0.906730|1.677472|3.184526|6.000000|0.625828|0.742281|0.931661|1.420392|0.630319|0.418346|0.416680|1.038249|0.867716|0.000000|0.361171|0.326933|0.255137|0.427416|0.859332|0.845775|0.000000|69.000000|0.472520|0.484051|9.000000|0.318345|0.800000|-0.137860|10.000000
EX5:SM030|2016-05-01|0.441457|0.394981|1.042983|1.117665|1.675882|2.925683|6.000000|0.630415|0.763022|1.070205|1.474506|0.701076|0.445351|0.373348|1.136758|0.949225|0.000000|0.370224|0.311786|0.232262|0.373348|1.007299|0.816112|0.000000|63.000000|0.439609|0.434313|3.000000|0.478727|0.777778|-0.159352|9.000000
