date,net_equity,cash,positions,cash_ratio,debt,margin_ratio,top1_weight,top3_weight
2017-05-02,3000000.00,3000000.00,0,1.0000,0.00,,0.0000,0.0000
2017-05-03,3000257.10,2555428.10,3,0.8517,0.00,,0.0499,0.1483
2017-05-04,3000409.15,2110349.15,3,0.7034,0.00,,0.0999,0.2966
2017-05-05,3009774.08,1664178.08,3,0.5529,0.00,,0.1501,0.4471
2017-05-08,2992345.25,1220265.25,3,0.4078,0.00,,0.2016,0.5922
2017-05-09,2968430.54,777422.54,3,0.2619,0.00,,0.2504,0.7381
2017-05-10,2993389.59,353108.59,3,0.1180,0.00,,0.2982,0.8820
2017-05-11,3057036.65,0.00,3,0.0000,100913.35,31.2937,0.3463,1.0330
2017-05-12,3062544.95,0.00,3,0.0000,555741.05,6.5107,0.3974,1.1815
2017-05-15,3053861.94,0.00,3,0.0000,1011769.06,4.0183,0.4478,1.3313
2017-05-16,3088405.72,0.00,3,0.0000,1468233.28,3.1035,0.4991,1.4754
2017-05-17,3004124.98,0.00,3,0.0000,1913454.02,2.5700,0.5549,1.6369
2017-05-18,3000079.50,0.00,4,0.0000,1997620.50,2.5018,0.5755,1.6649
2017-05-19,3078628.43,0.00,4,0.0000,2049785.57,2.5019,0.5849,1.6643
2017-05-22,3179917.67,0.00,4,0.0000,2116960.33,2.5021,0.5988,1.6635
2017-05-23,3218076.42,0.00,4,0.0000,2142442.58,2.5021,0.6020,1.6635
2017-05-24,3196814.98,0.00,4,0.0000,2142648.02,2.4920,0.6018,1.6680
2017-05-25,3140836.52,0.00,4,0.0000,2142853.48,2.4657,0.6096,1.6800
2017-05-26,3177585.04,0.00,4,0.0000,2143058.96,2.4827,0.6112,1.6722
2017-05-31,3217943.55,0.00,4,0.0000,2144086.45,2.5008,0.6037,1.6641
2017-06-01,3254745.74,0.00,4,0.0000,2165798.26,2.5028,0.5980,1.6599
2017-06-02,3216703.06,0.00,4,0.0000,2166005.94,2.4851,0.5967,1.6677
2017-06-05,3179464.96,0.00,4,0.0000,2166629.04,2.4675,0.5996,1.6757
2017-06-06,3310513.82,0.00,4,0.0000,2204528.18,2.5017,0.6044,1.6604
2017-06-07,3366257.26,0.00,4,0.0000,2222044.74,2.5149,0.6054,1.6543
2017-06-08,3564456.74,0.00,4,0.0000,2371746.26,2.5029,0.6265,1.6454
2017-06-09,3534242.32,0.00,4,0.0000,2371973.68,2.4900,0.6282,1.6508
2017-06-12,3638937.48,0.00,4,0.0000,2421415.52,2.5028,0.6360,1.6316
2017-06-13,3589706.29,0.00,4,0.0000,2421647.71,2.4823,0.6409,1.6401
2017-06-14,3460677.08,0.00,4,0.0000,2421879.92,2.4289,0.6485,1.6649
2017-06-15,3478477.84,0.00,4,0.0000,2422112.16,2.4361,0.6471,1.6619
2017-06-16,3416701.58,0.00,4,0.0000,2422344.42,2.4105,0.6489,1.6734
2017-06-19,3572431.75,0.00,4,0.0000,2423041.25,2.4744,0.6433,1.6441
2017-06-20,3600534.40,0.00,4,0.0000,2423273.60,2.4858,0.6383,1.6392
2017-06-21,3785509.26,0.00,5,0.0000,2521404.74,2.5013,0.6271,1.6071
2017-06-22,3788754.48,0.00,5,0.0000,2521646.52,2.5025,0.6279,1.6066
2017-06-23,3978902.76,0.00,6,0.0000,2649646.24,2.5017,0.6194,1.5764
2017-06-26,4023684.24,0.00,6,0.0000,2679577.76,2.5016,0.6222,1.5679
2017-06-27,4066454.01,0.00,6,0.0000,2708244.99,2.5015,0.6276,1.5623
2017-06-28,3944406.32,0.00,6,0.0000,2708504.68,2.4563,0.6303,1.5793
2017-06-29,3995721.60,0.00,6,0.0000,2708764.40,2.4751,0.6244,1.5712
2017-06-30,4054349.85,0.00,6,0.0000,2709024.15,2.4966,0.6255,1.5628
2017-07-03,3949320.55,0.00,6,0.0000,2709803.45,2.4574,0.6315,1.5780
2017-07-04,3903095.70,0.00,6,0.0000,2710063.30,2.4402,0.6292,1.5854
2017-07-05,4016485.69,1549.59,6,0.0004,2674984.89,2.5015,0.6021,1.5415
2017-07-06,4007354.19,0.00,6,0.0000,2673691.81,2.4988,0.6026,1.5419
2017-07-07,3926128.81,0.00,6,0.0000,2673948.19,2.4683,0.6026,1.5527
2017-07-10,3972357.59,0.00,6,0.0000,2674717.41,2.4852,0.6057,1.5470
2017-07-11,4210308.94,0.00,6,0.0000,2803844.06,2.5016,0.6076,1.5161
2017-07-12,4063424.07,0.00,6,0.0000,2804112.93,2.4491,0.6184,1.5368
2017-07-13,4069802.19,0.00,6,0.0000,2804381.81,2.4512,0.6207,1.5376
2017-07-14,4136783.43,944.75,6,0.0002,2755101.32,2.5015,0.6117,1.5055
2017-07-17,4126159.86,0.00,6,0.0000,2754949.14,2.4977,0.6130,1.5070
2017-07-18,4043178.69,0.00,6,0.0000,2755213.31,2.4675,0.6129,1.5166
2017-07-19,4036378.49,0.00,6,0.0000,2755477.51,2.4649,0.6103,1.5172
2017-07-20,4189852.93,0.00,6,0.0000,2788954.07,2.5023,0.6034,1.4937
2017-07-21,4168356.50,0.00,6,0.0000,2789221.50,2.4945,0.6016,1.4907
2017-07-24,4252676.12,0.00,6,0.0000,2790023.88,2.5242,0.5982,1.4832
2017-07-25,4228509.59,0.00,6,0.0000,2790291.41,2.5154,0.5976,1.4868
2017-07-26,4125889.02,0.00,6,0.0000,2790558.98,2.4785,0.5972,1.4987
2017-07-27,4004052.44,0.00,6,0.0000,2790826.56,2.4347,0.5985,1.5153
2017-07-28,4081843.82,0.00,6,0.0000,2791094.18,2.4625,0.5972,1.5078
2017-07-31,4052615.90,0.00,6,0.0000,2791897.10,2.4516,0.5965,1.5081
2017-08-01,4064917.19,0.00,6,0.0000,2792164.81,2.4558,0.5949,1.5061
2017-08-02,4051166.45,0.00,6,0.0000,2792432.55,2.4508,0.5933,1.5086
2017-08-03,3967188.68,0.00,6,0.0000,2792700.32,2.4206,0.5952,1.5217
2017-08-04,3851144.89,0.00,6,0.0000,2792968.11,2.3789,0.6045,1.5358
2017-08-07,3931914.43,0.00,6,0.0000,2793771.57,2.4074,0.6021,1.5254
2017-08-08,3900543.53,0.00,6,0.0000,2794039.47,2.3960,0.6079,1.5316
2017-08-09,3982925.61,0.00,6,0.0000,2794307.39,2.4254,0.6060,1.5204
2017-08-10,3987395.66,0.00,6,0.0000,2794575.34,2.4268,0.5997,1.5175
2017-08-11,3888827.69,0.00,6,0.0000,2794843.31,2.3914,0.6045,1.5333
2017-08-14,3944977.70,0.00,6,0.0000,2795647.30,2.4111,0.6063,1.5246
2017-08-15,3924932.62,0.00,6,0.0000,2795915.38,2.4038,0.6055,1.5264
2017-08-16,3869589.52,0.00,6,0.0000,2796183.48,2.3839,0.6036,1.5367
2017-08-17,3892969.39,0.00,6,0.0000,2796451.61,2.3921,0.6026,1.5329
2017-08-18,3910683.24,0.00,6,0.0000,2796719.76,2.3983,0.6028,1.5294
2017-08-21,3956975.70,0.00,6,0.0000,2797524.30,2.4145,0.6056,1.5239
2017-08-22,3999804.45,0.00,6,0.0000,2797792.55,2.4296,0.6016,1.5181
2017-08-23,4017443.17,0.00,6,0.0000,2798060.83,2.4358,0.6011,1.5174
2017-08-24,4051147.86,0.00,6,0.0000,2798329.14,2.4477,0.5996,1.5164
2017-08-25,4096831.52,0.00,6,0.0000,2798597.48,2.4639,0.5962,1.5102
2017-08-28,4115282.45,0.00,6,0.0000,2799402.55,2.4701,0.5960,1.5079
2017-08-29,4084495.72,942.99,7,0.0002,2720352.27,2.5015,0.5939,1.5096
2017-08-30,4081403.87,0.00,7,0.0000,2719670.13,2.5007,0.5974,1.5098
2017-08-31,3947815.62,74.53,8,0.0000,2632167.91,2.4998,0.6031,1.5298
2017-09-01,3922123.22,0.00,8,0.0000,2632345.78,2.4900,0.5985,1.5291
2017-09-04,3947368.97,0.00,8,0.0000,2633103.03,2.4991,0.5943,1.5253
2017-09-05,3943375.48,0.00,8,0.0000,2633355.52,2.4975,0.5956,1.5255
2017-09-06,3951228.96,0.00,8,0.0000,2633608.04,2.5003,0.5954,1.5215
2017-09-07,3944413.43,0.00,8,0.0000,2633860.57,2.4976,0.5903,1.5210
2017-09-08,3921453.86,0.00,8,0.0000,2634113.14,2.4887,0.5826,1.5229
2017-09-11,3897351.11,0.00,8,0.0000,2634870.89,2.4791,0.5865,1.5267
2017-09-12,3888542.45,0.00,8,0.0000,2635123.55,2.4757,0.5814,1.5202
2017-09-13,3970130.69,0.00,8,0.0000,2642809.31,2.5022,0.5792,1.5091
2017-09-14,3947052.27,0.00,8,0.0000,2643062.73,2.4934,0.5852,1.5127
2017-09-15,4020350.83,0.00,8,0.0000,2643316.17,2.5209,0.5813,1.5052
2017-09-18,4011351.15,0.00,8,0.0000,2670745.85,2.5020,0.5826,1.5062
2017-09-19,3961552.05,0.00,8,0.0000,2671001.95,2.4832,0.5798,1.5150
2017-09-20,4062886.61,0.00,8,0.0000,2703542.39,2.5028,0.5736,1.5001
2017-09-21,4056855.36,0.00,8,0.0000,2703801.64,2.5004,0.5768,1.5032
2017-09-22,4188839.10,0.00,8,0.0000,2704060.90,2.5491,0.5772,1.4888
2017-09-25,4154182.47,0.00,8,0.0000,2766165.53,2.5018,0.5773,1.4903
2017-09-26,4099643.22,0.00,8,0.0000,2766430.78,2.4819,0.5770,1.4961
2017-09-27,4155233.95,0.00,8,0.0000,2766696.05,2.5019,0.5715,1.4878
2017-09-28,4106524.65,0.00,8,0.0000,2766961.35,2.4841,0.5685,1.4914
2017-09-29,4138985.32,0.00,8,0.0000,2767226.68,2.4957,0.5641,1.4862
2017-10-09,4346667.82,0.00,8,0.0000,2769880.18,2.5693,0.5541,1.4611
2017-10-10,4340925.07,0.00,8,0.0000,2889620.93,2.5022,0.5505,1.4615
2017-10-11,4442961.56,0.00,8,0.0000,2957357.44,2.5023,0.5539,1.4554
2017-10-12,4493812.64,0.00,8,0.0000,2991652.36,2.5021,0.5541,1.4467
2017-10-13,4480802.77,0.00,8,0.0000,2991939.23,2.4976,0.5536,1.4493
2017-10-16,4374468.08,0.00,8,0.0000,2992799.92,2.4617,0.5562,1.4651
2017-10-17,4517531.94,0.00,8,0.0000,3008652.06,2.5015,0.5547,1.4508
2017-10-18,4629919.53,0.00,8,0.0000,3083101.47,2.5017,0.5480,1.4391
2017-10-19,4636086.85,0.00,8,0.0000,3087201.15,2.5017,0.5456,1.4380
2017-10-20,4565731.82,0.00,8,0.0000,3083957.18,2.4805,0.5464,1.4403
2017-10-23,4566224.66,0.00,8,0.0000,3084844.34,2.4802,0.5481,1.4425
2017-10-24,4686881.50,0.00,8,0.0000,3119786.50,2.5023,0.5424,1.4293
2017-10-25,4819398.91,0.00,8,0.0000,3205895.09,2.5033,0.5344,1.4158
2017-10-26,4846752.29,0.00,8,0.0000,3226227.71,2.5023,0.5450,1.4101
2017-10-27,4925472.32,0.00,8,0.0000,3277502.68,2.5028,0.5474,1.4071
2017-10-30,4951985.29,0.00,8,0.0000,3297240.71,2.5019,0.5442,1.4095
2017-10-31,4825746.12,0.00,8,0.0000,3297556.88,2.4634,0.5431,1.4198
2017-11-01,4755597.91,0.00,8,0.0000,3297873.09,2.4420,0.5414,1.4278
2017-11-02,4797644.68,0.00,8,0.0000,3298189.32,2.4546,0.5426,1.4285
2017-11-03,4738451.41,0.00,8,0.0000,3298505.59,2.4365,0.5438,1.4364
2017-11-06,5004430.19,0.00,8,0.0000,3332899.81,2.5015,0.5358,1.4060
2017-11-07,5072062.16,0.00,8,0.0000,3377299.84,2.5018,0.5367,1.3993
2017-11-08,4964944.31,0.00,8,0.0000,3377623.69,2.4700,0.5401,1.4090
2017-11-09,5049146.43,0.00,8,0.0000,3377947.57,2.4947,0.5336,1.4004
2017-11-10,5207702.63,0.00,8,0.0000,3468181.37,2.5016,0.5402,1.3893
2017-11-13,5260534.59,0.00,8,0.0000,3503384.41,2.5016,0.5344,1.3717
2017-11-14,5147205.65,0.00,8,0.0000,3503720.35,2.4691,0.5369,1.3786
2017-11-15,5145204.67,0.00,8,0.0000,3504056.33,2.4684,0.5443,1.3856
2017-11-16,5239480.67,0.00,8,0.0000,3504392.33,2.4951,0.5392,1.3720
2017-11-17,5337803.14,0.00,8,0.0000,3554323.86,2.5018,0.5303,1.3683
2017-11-20,5378014.40,0.00,8,0.0000,3581091.60,2.5018,0.5248,1.3669
2017-11-21,5650806.08,0.00,8,0.0000,3762674.92,2.5018,0.5211,1.3443
2017-11-22,5592812.27,0.00,8,0.0000,3763035.73,2.4863,0.5216,1.3493
2017-11-23,5221742.43,0.00,8,0.0000,3763396.57,2.3875,0.5310,1.3829
2017-11-24,5271646.56,0.00,8,0.0000,3763757.44,2.4006,0.5318,1.3825
2017-11-27,5057085.83,0.00,8,0.0000,3764840.17,2.3432,0.5364,1.4092
2017-11-28,5062688.82,0.00,8,0.0000,3765201.18,2.3446,0.5354,1.4004
2017-11-29,4938495.77,0.00,8,0.0000,3765562.23,2.3115,0.5295,1.4012
2017-11-30,4919577.69,0.00,8,0.0000,3765923.31,2.3063,0.5315,1.4063
2017-12-01,4822228.58,0.00,8,0.0000,3766284.42,2.2804,0.5318,1.4187
2017-12-04,4877780.13,0.00,8,0.0000,3767367.87,2.2947,0.5324,1.4182
2017-12-05,4979910.87,0.00,8,0.0000,3767729.13,2.3217,0.5257,1.4094
2017-12-06,4851715.58,0.00,8,0.0000,3768090.42,2.2876,0.5326,1.4242
2017-12-07,4658784.26,0.00,8,0.0000,3768451.74,2.2363,0.5395,1.4464
2017-12-08,4767927.90,0.00,8,0.0000,3768813.10,2.2651,0.5386,1.4354
2017-12-11,5044954.72,0.00,8,0.0000,3769897.28,2.3382,0.5304,1.4073
2017-12-12,4969754.22,0.00,8,0.0000,3770258.78,2.3181,0.5332,1.4178
2017-12-13,5114013.69,0.00,8,0.0000,3770620.31,2.3563,0.5294,1.4053
2017-12-14,5076857.13,0.00,8,0.0000,3770981.87,2.3463,0.5305,1.4087
2017-12-15,4964603.52,0.00,8,0.0000,3771343.48,2.3164,0.5349,1.4239
2017-12-18,5120755.62,0.00,8,0.0000,3772428.38,2.3574,0.5287,1.4059
2017-12-19,5176485.88,0.00,8,0.0000,3772790.12,2.3721,0.5305,1.3982
2017-12-20,5150087.10,0.00,8,0.0000,3773151.90,2.3649,0.5320,1.4020
2017-12-21,5259601.29,0.00,8,0.0000,3773513.71,2.3938,0.5277,1.3888
2017-12-22,5282720.45,0.00,8,0.0000,3773875.55,2.3998,0.5255,1.3869
2017-12-25,5349342.82,0.00,8,0.0000,3774961.18,2.4171,0.5229,1.3825
2017-12-26,5227395.83,0.00,8,0.0000,3775323.17,2.3846,0.5263,1.3873
2017-12-27,4997979.82,0.00,8,0.0000,3775685.18,2.3237,0.5322,1.4073
2017-12-28,5098052.76,0.00,8,0.0000,3776047.24,2.3501,0.5285,1.3976
2017-12-29,5063019.68,0.00,8,0.0000,3776409.32,2.3407,0.5317,1.4004
2018-01-02,5254371.19,0.00,8,0.0000,3777857.81,2.3908,0.5293,1.3759
2018-01-03,5297742.93,0.00,8,0.0000,3778220.07,2.4022,0.5308,1.3731
2018-01-04,5413385.64,0.00,8,0.0000,3778582.36,2.4326,0.5300,1.3641
2018-01-05,5536486.31,0.00,8,0.0000,3778944.69,2.4651,0.5327,1.3572
2018-01-08,5561684.21,0.00,8,0.0000,3780031.79,2.4713,0.5298,1.3474
2018-01-09,5746817.74,0.00,8,0.0000,3780394.26,2.5202,0.5295,1.3385
2018-01-10,5907933.24,0.00,8,0.0000,3780756.76,2.5626,0.5323,1.3285
2018-01-11,5821736.13,0.00,8,0.0000,3877269.87,2.5015,0.5375,1.3411
2018-01-12,6026681.36,0.00,8,0.0000,4013775.64,2.5015,0.5448,1.3293
2018-01-15,6120506.00,0.00,8,0.0000,4075926.00,2.5016,0.5495,1.3264
2018-01-16,6114540.16,0.00,8,0.0000,4076316.84,2.5000,0.5477,1.3189
2018-01-17,5868844.28,0.00,8,0.0000,4076707.72,2.4396,0.5462,1.3324
2018-01-18,5889352.36,0.00,8,0.0000,4077098.64,2.4445,0.5466,1.3307
2018-01-19,5806591.41,0.00,8,0.0000,4077489.59,2.4241,0.5458,1.3354
2018-01-22,6292918.12,0.00,8,0.0000,4190604.88,2.5017,0.5540,1.3064
2018-01-23,6351793.90,0.00,8,0.0000,4229568.10,2.5018,0.5508,1.3019
2018-01-24,6166779.32,0.00,8,0.0000,4229973.68,2.4579,0.5571,1.3157
2018-01-25,6198799.71,0.00,8,0.0000,4230379.29,2.4653,0.5505,1.3130
2018-01-26,6390039.54,0.00,8,0.0000,4255316.46,2.5017,0.5533,1.2979
2018-01-29,6176536.40,0.00,8,0.0000,4256540.60,2.4511,0.5563,1.3068
2018-01-30,5998059.24,0.00,8,0.0000,4256948.76,2.4090,0.5582,1.3211
2018-01-31,6145440.04,0.00,8,0.0000,4257356.96,2.4435,0.5607,1.3154
2018-02-01,6123249.80,0.00,8,0.0000,4257765.20,2.4381,0.5591,1.3179
2018-02-02,6214392.52,0.00,8,0.0000,4258173.48,2.4594,0.5500,1.3023
2018-02-05,6012571.57,0.00,8,0.0000,4259398.43,2.4116,0.5538,1.3135
2018-02-06,5825843.13,0.00,8,0.0000,4259806.87,2.3676,0.5648,1.3345
2018-02-07,5450068.66,0.00,8,0.0000,4260215.34,2.2793,0.5683,1.3675
2018-02-08,5529237.14,0.00,8,0.0000,4260623.86,2.2978,0.5682,1.3631
2018-02-09,5218382.59,0.00,8,0.0000,4261032.41,2.2247,0.5837,1.4045
2018-02-12,5454046.82,0.00,8,0.0000,4262258.18,2.2796,0.5818,1.3798
2018-02-13,5590730.11,0.00,8,0.0000,4262666.89,2.3116,0.5774,1.3666
2018-02-14,5831459.36,0.00,8,0.0000,4263075.64,2.3679,0.5730,1.3471
2018-02-22,5998922.05,0.00,8,0.0000,4266345.95,2.4061,0.5647,1.3289
2018-02-23,5923179.95,0.00,8,0.0000,4266755.05,2.3882,0.5622,1.3344
2018-02-26,6023874.53,0.00,8,0.0000,4267982.47,2.4114,0.5588,1.3224
2018-02-27,5674387.27,0.00,8,0.0000,4268391.73,2.3294,0.5646,1.3526
2018-02-28,5663245.97,0.00,8,0.0000,4268801.03,2.3267,0.5622,1.3532
2018-03-01,5696383.63,0.00,8,0.0000,4269210.37,2.3343,0.5578,1.3498
2018-03-02,5779826.26,0.00,8,0.0000,4269619.74,2.3537,0.5593,1.3502
2018-03-05,5704170.01,0.00,8,0.0000,4270847.99,2.3356,0.5576,1.3592
2018-03-06,5731661.48,0.00,8,0.0000,4271257.52,2.3419,0.5575,1.3530
2018-03-07,5711858.91,0.00,8,0.0000,4271667.09,2.3371,0.5578,1.3567
2018-03-08,5970673.29,0.00,8,0.0000,4272076.71,2.3976,0.5485,1.3409
2018-03-09,5999287.64,0.00,8,0.0000,4272486.36,2.4042,0.5446,1.3391
2018-03-12,6062484.57,0.00,8,0.0000,4273715.43,2.4186,0.5415,1.3289
2018-03-13,6048431.76,0.00,8,0.0000,4274125.24,2.4151,0.5398,1.3316
2018-03-14,5977564.91,0.00,8,0.0000,4274535.09,2.3984,0.5377,1.3338
2018-03-15,6124044.03,0.00,8,0.0000,4274944.97,2.4325,0.5412,1.3249
2018-03-16,6011110.10,0.00,8,0.0000,4275354.90,2.4060,0.5474,1.3326
2018-03-19,5947775.20,0.00,8,0.0000,4276584.80,2.3908,0.5482,1.3408
2018-03-20,5886649.12,0.00,8,0.0000,4276994.88,2.3764,0.5462,1.3459
2018-03-21,5778100.00,0.00,8,0.0000,4277405.00,2.3508,0.5512,1.3563
2018-03-22,5577554.84,0.00,8,0.0000,4277815.16,2.3038,0.5511,1.3713
2018-03-23,5457760.63,0.00,8,0.0000,4278225.37,2.2757,0.5517,1.3838
2018-03-26,5335314.91,0.00,8,0.0000,4279456.09,2.2467,0.5557,1.3958
2018-03-27,5318994.55,0.00,8,0.0000,4279866.45,2.2428,0.5494,1.3890
2018-03-28,5064556.16,0.00,8,0.0000,4280276.84,2.1832,0.5535,1.4148
2018-03-29,5299850.72,0.00,8,0.0000,4280687.28,2.2381,0.5474,1.3875
2018-03-30,5243214.24,0.00,8,0.0000,4281097.76,2.2247,0.5510,1.3915
2018-04-02,5119622.69,0.00,8,0.0000,4282329.31,2.1955,0.5531,1.3975
2018-04-03,5129319.06,0.00,8,0.0000,4282739.94,2.1977,0.5539,1.3915
2018-04-04,5184460.38,0.00,8,0.0000,4283150.62,2.2104,0.5561,1.3889
2018-04-09,5066508.82,0.00,8,0.0000,4285204.18,2.1823,0.5559,1.3964
2018-04-10,5291099.91,0.00,8,0.0000,4285615.09,2.2346,0.5551,1.3755
2018-04-11,5328258.96,0.00,8,0.0000,4286026.04,2.2432,0.5563,1.3746
2018-04-12,5226445.97,0.00,8,0.0000,4286437.03,2.2193,0.5634,1.3860
2018-04-13,5184786.94,0.00,8,0.0000,4286848.06,2.2095,0.5637,1.3833
2018-04-16,4972196.74,0.00,8,0.0000,4288081.26,2.1595,0.5722,1.4100
2018-04-17,4923027.55,0.00,8,0.0000,4288492.45,2.1480,0.5667,1.4175
2018-04-18,4881018.33,0.00,8,0.0000,4288903.67,2.1381,0.5723,1.4205
2018-04-19,5146184.06,0.00,8,0.0000,4289314.94,2.1998,0.5698,1.3979
2018-04-20,5133912.76,0.00,8,0.0000,4289726.24,2.1968,0.5741,1.4050
2018-04-23,5291745.73,0.00,8,0.0000,4290960.27,2.2332,0.5788,1.3926
2018-04-24,5447887.27,0.00,8,0.0000,4291371.73,2.2695,0.5675,1.3720
2018-04-25,5356104.77,0.00,8,0.0000,4291783.23,2.2480,0.5758,1.3817
2018-04-26,5002567.22,0.00,8,0.0000,4292194.78,2.1655,0.5613,1.4128
2018-04-27,4946986.64,0.00,8,0.0000,4292606.36,2.1524,0.5489,1.4152
2018-05-02,4970370.55,0.00,8,0.0000,4294664.45,2.1573,0.5602,1.4158
2018-05-03,5093396.73,0.00,8,0.0000,4295076.27,2.1859,0.5538,1.4060
2018-05-04,5071327.87,0.00,8,0.0000,4239928.13,2.1961,0.5573,1.3966
2018-05-07,5212452.17,0.00,8,0.0000,4241147.83,2.2290,0.5521,1.3812
2018-05-08,5384517.48,0.00,8,0.0000,4241554.52,2.2695,0.5491,1.3655
2018-05-09,5397891.76,0.00,8,0.0000,4241961.24,2.2725,0.5501,1.3652
2018-05-10,5404425.99,0.00,8,0.0000,4242368.01,2.2739,0.5495,1.3639
2018-05-11,5325467.19,0.00,8,0.0000,4242774.81,2.2552,0.5494,1.3726
2018-05-14,5495404.67,0.00,8,0.0000,4243995.33,2.2949,0.5446,1.3570
2018-05-15,5529555.71,0.00,8,0.0000,4244402.29,2.3028,0.5386,1.3546
2018-05-16,5467678.71,0.00,8,0.0000,4244809.29,2.2881,0.5394,1.3590
2018-05-17,5412703.67,0.00,8,0.0000,4245216.33,2.2750,0.5434,1.3603
2018-05-18,5498870.60,0.00,8,0.0000,4245623.40,2.2952,0.5407,1.3530
2018-05-21,5465533.25,0.00,8,0.0000,4246844.75,2.2870,0.5403,1.3555
2018-05-22,5346083.02,0.00,8,0.0000,4247251.98,2.2587,0.5393,1.3625
2018-05-23,5237406.75,0.00,8,0.0000,4247659.25,2.2330,0.5436,1.3749
2018-05-24,5135563.44,0.00,8,0.0000,4248066.56,2.2089,0.5471,1.3858
2018-05-25,5178491.09,0.00,8,0.0000,4248473.91,2.2189,0.5441,1.3792
2018-05-28,5322021.93,0.00,8,0.0000,4249696.07,2.2523,0.5397,1.3649
2018-05-29,5254572.42,0.00,8,0.0000,4250103.58,2.2363,0.5401,1.3735
2018-05-30,5110580.88,0.00,8,0.0000,4250511.12,2.2023,0.5464,1.3916
2018-05-31,5445396.30,0.00,8,0.0000,4250918.70,2.2810,0.5373,1.3564
2018-06-01,5307802.68,0.00,8,0.0000,4251326.32,2.2485,0.5406,1.3670
2018-06-04,5559946.69,0.00,8,0.0000,4252549.31,2.3074,0.5297,1.3356
2018-06-05,5729748.91,0.00,8,0.0000,4252957.09,2.3472,0.5220,1.3127
2018-06-06,5765396.09,0.00,8,0.0000,4253364.91,2.3555,0.5172,1.3074
2018-06-07,5756820.24,0.00,8,0.0000,4253772.76,2.3533,0.5134,1.2977
2018-06-08,5742377.34,0.00,8,0.0000,4254180.66,2.3498,0.5165,1.3049
2018-06-11,5919791.54,0.00,8,0.0000,4255404.46,2.3911,0.5092,1.2871
2018-06-12,6183813.48,0.00,8,0.0000,4255812.52,2.4530,0.5021,1.2559
2018-06-13,6157943.39,0.00,8,0.0000,4256220.61,2.4468,0.4990,1.2579
2018-06-14,5997448.26,0.00,8,0.0000,4256628.74,2.4090,0.5027,1.2769
2018-06-15,6055541.09,0.00,8,0.0000,4257036.91,2.4225,0.4986,1.2717
2018-06-19,5764170.26,0.00,8,0.0000,4258669.74,2.3535,0.5058,1.3051
2018-06-20,5798388.89,0.00,8,0.0000,4244678.11,2.3660,0.5087,1.3050
2018-06-21,5801647.87,0.00,8,0.0000,4245085.13,2.3667,0.5082,1.2983
2018-06-22,5786143.80,0.00,8,0.0000,4165592.20,2.3890,0.5117,1.2783
2018-06-25,5617502.48,0.00,8,0.0000,4166790.52,2.3482,0.5237,1.3042
2018-06-26,5494866.93,0.00,8,0.0000,4167190.07,2.3186,0.5303,1.3182
2018-06-27,5267003.05,0.00,8,0.0000,3904985.95,2.3488,0.5318,1.2875
2018-06-28,5152622.82,0.00,7,0.0000,3782845.18,2.3621,0.5401,1.3074
2018-06-29,5462658.08,0.00,7,0.0000,3783207.92,2.4439,0.5317,1.2736
2018-07-02,5101832.76,0.00,7,0.0000,3784296.24,2.3482,0.5476,1.3041
2018-07-03,4996073.88,0.00,7,0.0000,3784659.12,2.3201,0.5499,1.3141
2018-07-04,4760836.97,0.00,7,0.0000,3785022.03,2.2578,0.5587,1.3410
2018-07-05,4826563.02,0.00,7,0.0000,3785384.98,2.2751,0.5540,1.3387
2018-07-06,4948444.04,0.00,7,0.0000,3785747.96,2.3071,0.5502,1.3278
2018-07-09,5197779.99,0.00,7,0.0000,3786837.01,2.3726,0.5454,1.3002
2018-07-10,5201276.27,0.00,7,0.0000,3787074.73,2.3734,0.5434,1.2924
2018-07-11,5073325.12,0.00,7,0.0000,3787437.88,2.3395,0.5499,1.3025
2018-07-12,5177075.94,0.00,7,0.0000,3787801.06,2.3668,0.5485,1.2919
2018-07-13,5269139.73,0.00,7,0.0000,3788164.27,2.3909,0.5432,1.2727
2018-07-16,5266481.98,0.00,7,0.0000,3789254.02,2.3898,0.5433,1.2697
2018-07-17,5194201.63,0.00,7,0.0000,3789617.37,2.3706,0.5424,1.2693
2018-07-18,5132931.24,0.00,7,0.0000,3789980.76,2.3543,0.5382,1.2738
2018-07-19,5178273.82,0.00,7,0.0000,3790344.18,2.3662,0.5380,1.2778
2018-07-20,5202703.36,0.00,7,0.0000,3790707.64,2.3725,0.5335,1.2737
2018-07-23,5227727.88,0.00,7,0.0000,3791798.12,2.3787,0.5244,1.2615
2018-07-24,5427718.29,0.00,7,0.0000,3792161.71,2.4313,0.5196,1.2410
2018-07-25,5321694.65,0.00,7,0.0000,3792525.35,2.4032,0.5204,1.2463
2018-07-26,5315507.99,0.00,7,0.0000,3792889.01,2.4014,0.5158,1.2481
2018-07-27,5188886.29,0.00,7,0.0000,3793252.71,2.3679,0.5238,1.2654
2018-07-30,5294307.08,0.00,7,0.0000,3794343.92,2.3953,0.5145,1.2520
2018-07-31,5284006.24,0.00,7,0.0000,3763057.76,2.4042,0.5149,1.2549
2018-08-01,5155696.39,0.00,7,0.0000,3763418.61,2.3700,0.5144,1.2597
2018-08-02,4838831.52,0.00,7,0.0000,3763779.48,2.2856,0.5235,1.2932
2018-08-03,4559005.61,0.00,7,0.0000,3764140.39,2.2112,0.5338,1.3318
2018-08-06,4476726.77,0.00,7,0.0000,3765223.23,2.1890,0.5343,1.3429
2018-08-07,4776090.72,0.00,7,0.0000,3765584.28,2.2684,0.5213,1.3042
2018-08-08,4636370.64,0.00,7,0.0000,3765945.36,2.2311,0.5207,1.3162
2018-08-09,4809751.52,0.00,7,0.0000,3766306.48,2.2770,0.5169,1.2964
2018-08-10,4816299.37,0.00,7,0.0000,3766667.63,2.2787,0.5205,1.2968
2018-08-13,4768016.81,0.00,7,0.0000,3767751.19,2.2655,0.5213,1.3031
2018-08-14,4682934.52,0.00,7,0.0000,3768112.48,2.2428,0.5262,1.3105
2018-08-15,4478598.19,0.00,7,0.0000,3768473.81,2.1884,0.5356,1.3348
2018-08-16,4468961.83,0.00,7,0.0000,3768835.17,2.1858,0.5333,1.3369
2018-08-17,4296107.44,0.00,7,0.0000,3769196.56,2.1398,0.5449,1.3684
2018-08-20,4416348.15,0.00,7,0.0000,3770280.85,2.1714,0.5349,1.3540
2018-08-21,4572358.61,0.00,7,0.0000,3770642.39,2.2126,0.5359,1.3340
2018-08-22,4490000.04,0.00,7,0.0000,3771003.96,2.1907,0.5389,1.3390
2018-08-23,4421917.44,0.00,7,0.0000,3771365.56,2.1725,0.5458,1.3497
2018-08-24,4407376.80,0.00,7,0.0000,3771727.20,2.1685,0.5442,1.3515
2018-08-27,4636819.79,0.00,7,0.0000,3772812.21,2.2290,0.5359,1.3185
2018-08-28,4691150.01,0.00,7,0.0000,3773173.99,2.2433,0.5335,1.3125
2018-08-29,4639368.20,0.00,7,0.0000,3773535.80,2.2294,0.5432,1.3188
2018-08-30,4596975.35,0.00,7,0.0000,3773897.65,2.2181,0.5440,1.3192
2018-08-31,4457343.47,0.00,7,0.0000,3774259.53,2.1810,0.5383,1.3299
2018-09-03,4436053.73,0.00,7,0.0000,3775345.27,2.1750,0.5341,1.3341
2018-09-04,4489915.71,0.00,7,0.0000,3775707.29,2.1892,0.5331,1.3326
2018-09-05,4264766.65,0.00,7,0.0000,3776069.35,2.1294,0.5432,1.3658
2018-09-06,4111583.56,0.00,7,0.0000,3776431.44,2.0887,0.5470,1.3910
2018-09-07,4119743.44,0.00,7,0.0000,3776793.56,2.0908,0.5464,1.3853
2018-09-10,4007985.96,0.00,7,0.0000,3777880.04,2.0609,0.5533,1.4129
2018-09-11,3958080.70,0.00,7,0.0000,3778242.30,2.0476,0.5639,1.4312
2018-09-12,3965281.41,0.00,7,0.0000,3778604.59,2.0494,0.5557,1.4266
2018-09-13,4046802.07,0.00,7,0.0000,3778966.93,2.0709,0.5548,1.4107
2018-09-14,4099148.13,0.00,7,0.0000,3575223.87,2.1465,0.5572,1.3508
2018-09-17,4027808.90,0.00,7,0.0000,3375159.10,2.1934,0.5628,1.3207
2018-09-18,4122462.64,0.00,7,0.0000,3169688.36,2.3006,0.5535,1.2539
2018-09-19,4232913.02,0.00,7,0.0000,2959182.98,2.4304,0.5584,1.2459
2018-09-20,4254295.50,288.30,8,0.0001,2832873.80,2.5018,0.5562,1.2394
2018-09-21,4425385.32,0.00,8,0.0000,2946797.68,2.5018,0.5550,1.2198
2018-09-25,4351061.05,0.00,8,0.0000,2947927.95,2.4760,0.5528,1.2270
2018-09-26,4417446.37,0.00,8,0.0000,2948210.63,2.4983,0.5484,1.2153
2018-09-27,4439002.66,0.00,8,0.0000,2948493.34,2.5055,0.5484,1.2120
2018-09-28,4447685.93,0.00,8,0.0000,2948776.07,2.5083,0.5568,1.2197
2018-10-08,4200844.34,0.00,8,0.0000,2951603.66,2.4232,0.5562,1.2520
2018-10-09,4241562.31,0.00,8,0.0000,2951886.69,2.4369,0.5639,1.2566
2018-10-10,4216998.25,0.00,8,0.0000,2952169.75,2.4284,0.5596,1.2570
2018-10-11,3999540.16,0.00,8,0.0000,2952452.84,2.3546,0.5706,1.2932
2018-10-12,4145545.05,0.00,8,0.0000,2952735.95,2.4040,0.5751,1.2728
2018-10-15,4061574.63,0.00,8,0.0000,2953585.37,2.3751,0.5786,1.2833
2018-10-16,4004984.08,0.00,7,0.0000,2769831.92,2.4459,0.5862,1.2980
2018-10-17,4045215.48,0.00,7,0.0000,2770097.52,2.4603,0.5855,1.2893
2018-10-18,3927530.86,0.00,7,0.0000,2770363.14,2.4177,0.5835,1.3067
2018-10-19,3992299.21,0.00,7,0.0000,2770628.79,2.4409,0.5960,1.3111
2018-10-22,4158904.14,339.55,7,0.0001,2769929.42,2.5014,0.5941,1.3411
2018-10-23,3987143.53,0.00,7,0.0000,2742549.47,2.4538,0.6062,1.3714
2018-10-24,3986181.54,0.00,7,0.0000,2742812.46,2.4533,0.6096,1.3711
2018-10-25,3930041.27,22.85,8,0.0000,2617489.58,2.5015,0.6129,1.4010
2018-10-26,3933361.26,0.00,8,0.0000,2619274.74,2.5017,0.6076,1.3997
2018-10-29,3522894.49,0.00,7,0.0000,2619480.51,2.3449,0.6361,1.4588
2018-10-30,3571048.31,0.00,7,0.0000,2619731.69,2.3631,0.6382,1.4497
2018-10-31,3683972.10,0.00,7,0.0000,2619982.90,2.4061,0.6364,1.4275
2018-11-01,3822734.87,0.00,7,0.0000,2620234.13,2.4589,0.6236,1.4068
2018-11-02,4115346.42,0.00,7,0.0000,2740462.58,2.5017,0.6011,1.3922
2018-11-05,4073245.07,0.00,7,0.0000,2741250.93,2.4859,0.6046,1.4016
2018-11-06,3971566.21,0.00,7,0.0000,2741513.79,2.4487,0.6113,1.4149
2018-11-07,3978957.32,0.00,7,0.0000,2741776.68,2.4512,0.6066,1.4149
2018-11-08,3964040.41,0.00,7,0.0000,2742039.59,2.4457,0.6090,1.4172
2018-11-09,3845649.48,0.00,7,0.0000,2742302.52,2.4023,0.6189,1.4380
2018-11-12,3929030.60,0.00,7,0.0000,2743091.40,2.4323,0.6147,1.4244
2018-11-13,3999952.56,0.00,7,0.0000,2743354.44,2.4581,0.6069,1.4174
2018-11-14,3934551.50,0.00,7,0.0000,2743617.50,2.4341,0.6075,1.4243
2018-11-15,3949136.41,0.00,7,0.0000,2743880.59,2.4393,0.6010,1.4202
2018-11-16,3996430.30,0.00,7,0.0000,2744143.70,2.4563,0.5948,1.4186
2018-11-19,4045554.89,0.00,7,0.0000,2744933.11,2.4738,0.5917,1.4115
2018-11-20,3875125.68,0.00,7,0.0000,2745196.32,2.4116,0.6039,1.4345
2018-11-21,3839525.44,0.00,7,0.0000,2745459.56,2.3985,0.6092,1.4408
2018-11-22,3862102.17,0.00,7,0.0000,2745722.83,2.4066,0.6055,1.4378
2018-11-23,3738562.89,0.00,7,0.0000,2745986.11,2.3615,0.6172,1.4621
2018-11-26,3733796.94,0.00,7,0.0000,2746776.06,2.3593,0.6142,1.4628
2018-11-27,3687819.56,0.00,7,0.0000,2747039.44,2.3425,0.6164,1.4706
2018-11-28,3767252.14,0.00,7,0.0000,2747302.86,2.3713,0.6148,1.4597
2018-11-29,3667917.70,0.00,7,0.0000,2747566.30,2.3350,0.6226,1.4720
2018-11-30,3671503.24,0.00,7,0.0000,2747829.76,2.3361,0.6183,1.4679
2018-12-03,3909830.76,0.00,7,0.0000,2748620.24,2.4225,0.5979,1.4288
2018-12-04,3934371.20,0.00,7,0.0000,2748883.80,2.4313,0.5926,1.4176
2018-12-05,3856605.61,0.00,7,0.0000,2749147.39,2.4028,0.5964,1.4288
2018-12-06,3706081.99,0.00,7,0.0000,2749411.01,2.3480,0.6067,1.4556
2018-12-07,3685277.35,0.00,7,0.0000,2749674.65,2.3403,0.6098,1.4584
2018-12-10,3554322.34,0.00,7,0.0000,2750465.66,2.2923,0.6210,1.4769
2018-12-11,3579481.60,0.00,7,0.0000,2750729.40,2.3013,0.6223,1.4739
2018-12-12,3634857.83,0.00,7,0.0000,2750993.17,2.3213,0.6159,1.4653
2018-12-13,3890475.04,0.00,7,0.0000,2751256.96,2.4141,0.5985,1.4264
2018-12-14,3818129.22,0.00,7,0.0000,2751520.78,2.3876,0.6023,1.4404
2018-12-17,3823179.69,0.00,7,0.0000,2752312.31,2.3891,0.5971,1.4381
2018-12-18,3762306.77,0.00,7,0.0000,2752576.23,2.3668,0.6025,1.4467
2018-12-19,3696418.82,0.00,7,0.0000,2752840.18,2.3428,0.6071,1.4608
2018-12-20,3669832.85,0.00,7,0.0000,2753104.15,2.3330,0.6093,1.4673
2018-12-21,3619437.85,0.00,7,0.0000,2753368.15,2.3145,0.6139,1.4800
2018-12-24,3614474.79,0.00,7,0.0000,2754160.21,2.3124,0.6166,1.4792
2018-12-25,3546330.69,0.00,7,0.0000,2754424.31,2.2875,0.6232,1.4927
2018-12-26,3518757.57,0.00,7,0.0000,2754688.43,2.2774,0.6281,1.4981
2018-12-27,3497998.42,0.00,7,0.0000,2754952.58,2.2697,0.6283,1.5006
2018-12-28,3510268.11,0.00,6,0.0000,2752990.89,2.2751,0.6263,1.4999
2019-01-02,3468853.18,0.00,6,0.0000,2754310.82,2.2594,0.6357,1.5070
2019-01-03,3431798.07,0.00,6,0.0000,2754574.93,2.2459,0.6448,1.5186
2019-01-04,3549050.93,0.00,6,0.0000,2754839.07,2.2883,0.6361,1.4974
2019-01-07,3558338.44,0.00,6,0.0000,2755631.56,2.2913,0.6315,1.4930
2019-01-08,3547867.20,0.00,6,0.0000,2755895.80,2.2874,0.6310,1.4933
2019-01-09,3770935.94,0.00,6,0.0000,2756160.06,2.3682,0.6127,1.4550
2019-01-10,3806593.65,0.00,6,0.0000,2756424.35,2.3810,0.6110,1.4517
2019-01-11,3854946.34,0.00,6,0.0000,2756688.66,2.3984,0.6029,1.4433
2019-01-14,3854932.32,0.00,6,0.0000,2757481.68,2.3980,0.6021,1.4429
2019-01-15,4038145.96,670.39,5,0.0002,2689478.43,2.5015,0.5916,1.4401
2019-01-16,4083960.77,0.00,5,0.0000,2719115.23,2.5019,0.5929,1.4416
2019-01-17,4048655.03,0.00,5,0.0000,2719375.97,2.4888,0.5882,1.4471
2019-01-18,4129205.97,0.00,5,0.0000,2749270.03,2.5019,0.5814,1.4428
2019-01-21,4190002.69,0.00,5,0.0000,2789762.31,2.5019,0.5804,1.4409
2019-01-22,4081924.18,0.00,5,0.0000,2790029.82,2.4630,0.5872,1.4580
2019-01-23,4137988.64,0.00,5,0.0000,2790297.36,2.4830,0.5834,1.4505
2019-01-24,4136889.08,0.00,5,0.0000,2790564.92,2.4825,0.5864,1.4552
2019-01-25,4258235.04,0.00,5,0.0000,2835557.96,2.5017,0.5772,1.4478
2019-01-28,4275348.23,0.00,5,0.0000,2846650.77,2.5019,0.5805,1.4475
2019-01-29,4440749.16,0.00,5,0.0000,2956935.84,2.5018,0.5701,1.4528
2019-01-30,4347769.62,0.00,5,0.0000,2957219.38,2.4702,0.5766,1.4646
2019-01-31,4518460.41,0.00,5,0.0000,3008838.59,2.5017,0.5692,1.4559
2019-02-01,4622013.29,0.00,5,0.0000,3078203.71,2.5015,0.5592,1.4542
2019-02-11,4815636.74,0.00,5,0.0000,3207103.26,2.5016,0.5509,1.4579
2019-02-12,4929991.88,0.00,5,0.0000,3283073.12,2.5016,0.5400,1.4592
2019-02-13,5010479.18,0.00,5,0.0000,3336916.82,2.5015,0.5349,1.4554
2019-02-14,5087717.62,0.00,5,0.0000,3388002.38,2.5017,0.5370,1.4571
2019-02-15,4747540.74,0.00,5,0.0000,3388327.26,2.4011,0.5547,1.4973
2019-02-18,5129115.76,0.00,5,0.0000,3415551.24,2.5017,0.5295,1.4572
2019-02-19,5115774.24,0.00,5,0.0000,3415878.76,2.4976,0.5373,1.4587
2019-02-20,5110995.69,0.00,5,0.0000,3416206.31,2.4961,0.5422,1.4619
2019-02-21,5085833.11,0.00,5,0.0000,3416533.89,2.4886,0.5431,1.4643
2019-02-22,5072817.49,0.00,5,0.0000,3416861.51,2.4846,0.5460,1.4651
2019-02-25,5497407.12,0.00,6,0.0000,3669335.88,2.4982,0.5163,1.4173
2019-02-26,5267996.27,0.00,6,0.0000,3669687.73,2.4355,0.5254,1.4333
2019-02-27,5222359.38,0.00,6,0.0000,3670039.62,2.4230,0.5255,1.4376
2019-02-28,5283211.46,0.00,6,0.0000,3670391.54,2.4394,0.5223,1.4293
2019-03-01,5541595.31,0.00,6,0.0000,3690666.69,2.5015,0.5083,1.4059
2019-03-04,5783925.98,0.00,6,0.0000,3851956.02,2.5016,0.5003,1.3890
2019-03-05,5876078.94,0.00,6,0.0000,3913052.06,2.5017,0.5040,1.3836
2019-03-06,5844277.71,0.00,6,0.0000,3913427.29,2.4934,0.4984,1.3838
2019-03-07,5608017.45,0.00,6,0.0000,3913802.55,2.4329,0.5106,1.4057
2019-03-08,5307449.16,0.00,6,0.0000,3914177.84,2.3560,0.5273,1.4434
2019-03-11,5469163.16,0.00,6,0.0000,3915303.84,2.3969,0.5186,1.4240
2019-03-12,5448016.72,0.00,6,0.0000,3915679.28,2.3913,0.5236,1.4225
2019-03-13,5369286.25,0.00,6,0.0000,3916054.75,2.3711,0.5177,1.4320
2019-03-14,5411514.73,0.00,6,0.0000,3916430.27,2.3817,0.5175,1.4257
2019-03-15,5756868.19,0.00,6,0.0000,3916805.81,2.4698,0.5036,1.3911
2019-03-18,6117752.22,-9.34,6,-0.0000,4074434.44,2.5015,0.5081,1.3636
2019-03-19,5994597.52,-9.34,6,-0.0000,4074825.14,2.4711,0.5081,1.3736
2019-03-20,6082375.78,-9.34,6,-0.0000,4075215.88,2.4925,0.5244,1.3687
2019-03-21,6044179.01,-9.34,6,-0.0000,4075606.65,2.4830,0.5286,1.3697
2019-03-22,6010289.20,-9.34,6,-0.0000,4075997.46,2.4746,0.5244,1.3719
2019-03-25,5690512.65,-9.34,6,-0.0000,4077170.01,2.3957,0.5348,1.4017
2019-03-26,5680541.69,-9.34,6,-0.0000,4077560.97,2.3931,0.5376,1.4030
2019-03-27,6012637.69,-9.34,6,-0.0000,4077951.97,2.4744,0.5319,1.3654
2019-03-28,5884275.65,-9.34,6,-0.0000,4078343.01,2.4428,0.5282,1.3768
2019-03-29,6227024.15,0.00,6,0.0000,4146295.85,2.5018,0.5279,1.3572
2019-04-01,6591103.84,0.00,6,0.0000,4389643.16,2.5015,0.5492,1.3622
2019-04-02,6672446.10,0.00,6,0.0000,4443792.90,2.5015,0.5673,1.3633
2019-04-03,6715495.71,0.00,8,0.0000,4472219.29,2.5016,0.5657,1.3586
2019-04-04,7005877.85,0.00,8,0.0000,4664944.15,2.5018,0.5708,1.3405
2019-04-08,7504954.32,0.00,8,0.0000,4997520.68,2.5017,0.5833,1.3050
2019-04-09,7594028.59,0.00,8,0.0000,5057222.41,2.5016,0.5506,1.3073
2019-04-10,7883489.66,0.00,8,0.0000,5249855.34,2.5017,0.5306,1.2983
2019-04-11,7374980.24,0.00,8,0.0000,5250358.76,2.4047,0.5402,1.3305
2019-04-12,7294363.79,0.00,8,0.0000,5250862.21,2.3892,0.5544,1.3406
2019-04-15,7273071.26,0.00,8,0.0000,5252372.74,2.3847,0.5365,1.3446
2019-04-16,7639752.61,0.00,8,0.0000,5252876.39,2.4544,0.5274,1.3174
2019-04-17,7781468.91,0.00,8,0.0000,5253380.09,2.4812,0.5414,1.3117
2019-04-18,7752818.16,0.00,8,0.0000,5253883.84,2.4756,0.5251,1.3169
2019-04-19,8279836.81,0.00,8,0.0000,5514008.19,2.5016,0.5023,1.2939
2019-04-22,7755545.59,0.00,8,0.0000,5515594.41,2.4061,0.5214,1.3222
2019-04-23,7612380.70,0.00,8,0.0000,5516123.30,2.3800,0.5194,1.3308
2019-04-24,7604949.75,0.00,8,0.0000,5516652.25,2.3785,0.5278,1.3333
2019-04-25,7022923.95,624.45,7,0.0001,4677663.49,2.5014,0.5264,1.3719
2019-04-26,6765303.71,146.63,7,0.0000,4505843.92,2.5015,0.5402,1.3400
2019-04-29,6994229.05,0.00,7,0.0000,4657734.95,2.5016,0.5309,1.3254
2019-04-30,6958179.42,0.00,7,0.0000,4658181.58,2.4938,0.5358,1.3253
2019-05-06,6128309.37,0.00,7,0.0000,4660861.63,2.3148,0.5591,1.3934
2019-05-07,6503052.44,0.00,7,0.0000,4661308.56,2.3951,0.5520,1.3663
2019-05-08,6340357.46,0.00,7,0.0000,4661755.54,2.3601,0.5547,1.3793
2019-05-09,6142250.14,0.00,6,0.0000,4661595.86,2.3176,0.5593,1.4052
2019-05-10,6666207.13,0.00,6,0.0000,4662042.87,2.4299,0.5503,1.3615
2019-05-13,6461675.00,0.00,6,0.0000,4663384.00,2.3856,0.5574,1.3834
2019-05-14,6367733.82,0.00,6,0.0000,4663831.18,2.3653,0.5594,1.3905
2019-05-15,6660915.61,0.00,6,0.0000,4664278.39,2.4281,0.5471,1.3653
2019-05-16,6672984.35,0.00,6,0.0000,4664725.65,2.4305,0.5425,1.3616
2019-05-17,6334023.51,0.00,6,0.0000,4353003.49,2.4551,0.5434,1.3435
2019-05-20,6152147.27,0.00,6,0.0000,4354255.73,2.4129,0.5472,1.3604
2019-05-21,6428069.74,0.00,6,0.0000,4354673.26,2.4761,0.5373,1.3314
2019-05-22,6421749.17,0.00,6,0.0000,4355090.83,2.4745,0.5378,1.3328
2019-05-23,6118481.56,0.00,6,0.0000,4355508.44,2.4048,0.5516,1.3544
2019-05-24,6294972.91,0.00,6,0.0000,4355926.09,2.4452,0.5515,1.3428
2019-05-27,6464451.82,145.07,6,0.0000,4305328.25,2.5015,0.5601,1.3315
2019-05-28,6558712.42,0.00,6,0.0000,4365242.58,2.5025,0.5530,1.3251
2019-05-29,6450195.83,0.00,6,0.0000,4365661.17,2.4775,0.5515,1.3289
2019-05-30,6448909.71,0.00,6,0.0000,4314573.29,2.4947,0.5643,1.3261
2019-05-31,6293810.98,0.00,6,0.0000,4314987.02,2.4586,0.5614,1.3373
2019-06-03,6265015.68,0.00,6,0.0000,4316228.32,2.4515,0.5558,1.3402
2019-06-04,6140787.80,0.00,6,0.0000,4316642.20,2.4226,0.5631,1.3514
2019-06-05,6131449.87,0.00,6,0.0000,4317056.13,2.4203,0.5566,1.3528
2019-06-06,6139985.91,0.00,6,0.0000,4317470.09,2.4221,0.5588,1.3536
2019-06-10,6328535.89,0.00,6,0.0000,4319126.11,2.4652,0.5612,1.3403
2019-06-11,6753730.15,0.00,6,0.0000,4497594.85,2.5016,0.5572,1.3311
2019-06-12,6657827.87,0.00,6,0.0000,4498026.13,2.4802,0.5625,1.3374
2019-06-13,6555854.55,0.00,6,0.0000,4498457.45,2.4574,0.5735,1.3440
2019-06-14,6418382.19,0.00,6,0.0000,4498888.81,2.4267,0.5712,1.3543
2019-06-17,6418590.99,0.00,6,0.0000,4500183.01,2.4263,0.5740,1.3546
2019-06-18,6416786.47,0.00,6,0.0000,4500614.53,2.4258,0.5714,1.3555
2019-06-19,6584835.90,0.00,6,0.0000,4478231.10,2.4704,0.5600,1.3405
2019-06-20,6973018.48,0.00,6,0.0000,4478660.52,2.5569,0.5509,1.3112
2019-06-21,6863635.02,0.00,6,0.0000,4479089.98,2.5324,0.5544,1.3141
2019-06-24,6940082.52,0.00,6,0.0000,4480378.48,2.5490,0.5457,1.3063
2019-06-25,6809680.15,0.00,6,0.0000,4533008.85,2.5022,0.5446,1.3133
2019-06-26,6814367.44,0.00,6,0.0000,4537497.56,2.5018,0.5429,1.3147
2019-06-27,6893300.84,0.00,6,0.0000,4587450.16,2.5026,0.5389,1.3078
2019-06-28,6887598.95,0.00,6,0.0000,4587890.05,2.5013,0.5389,1.3090
2019-07-01,7422350.37,0.00,6,0.0000,4941712.63,2.5020,0.5245,1.2796
2019-07-02,7375184.51,0.00,6,0.0000,4942186.49,2.4923,0.5172,1.2809
2019-07-03,7168920.60,0.00,6,0.0000,4942660.40,2.4504,0.5228,1.2942
2019-07-04,7208852.65,0.00,6,0.0000,4943134.35,2.4584,0.5253,1.2905
2019-07-05,7331364.65,0.00,6,0.0000,4943608.35,2.4830,0.5141,1.2810
2019-07-08,6893222.52,0.00,6,0.0000,4945030.48,2.3940,0.5178,1.3146
2019-07-09,6869226.34,0.00,6,0.0000,4945504.66,2.3890,0.5245,1.3166
2019-07-10,6832243.11,0.00,6,0.0000,4945978.89,2.3814,0.5251,1.3245
2019-07-11,6835650.84,0.00,6,0.0000,4946453.16,2.3819,0.5231,1.3224
2019-07-12,6932083.52,0.00,6,0.0000,4946927.48,2.4013,0.5210,1.3155
2019-07-15,6957035.43,0.00,6,0.0000,4948350.57,2.4059,0.5296,1.3155
2019-07-16,6842246.93,0.00,6,0.0000,4948825.07,2.3826,0.5394,1.3226
2019-07-17,6827146.39,0.00,6,0.0000,4949299.61,2.3794,0.5450,1.3228
2019-07-18,6695524.31,0.00,6,0.0000,4618029.69,2.4499,0.5444,1.2867
2019-07-19,6830027.48,0.00,6,0.0000,4618472.52,2.4788,0.5545,1.2799
2019-07-22,6798551.88,0.00,6,0.0000,4619801.12,2.4716,0.5548,1.2829
2019-07-23,6830806.74,559.30,6,0.0001,4549478.56,2.5014,0.5497,1.2299
2019-07-24,6941723.58,0.00,6,0.0000,4623147.42,2.5015,0.5557,1.2758
2019-07-25,6984065.01,0.00,6,0.0000,4651051.99,2.5016,0.5573,1.3259
2019-07-26,7056390.74,0.00,6,0.0000,4699724.26,2.5014,0.5594,1.3778
2019-07-29,7063823.01,0.00,6,0.0000,4704644.99,2.5015,0.5603,1.4283
2019-07-30,7087180.00,0.00,6,0.0000,4719863.00,2.5016,0.5637,1.4289
2019-07-31,6993655.23,473.89,7,0.0001,4657947.66,2.5014,0.5530,1.4299
2019-08-01,6813152.59,209.71,7,0.0000,4537716.12,2.5014,0.5549,1.4261
2019-08-02,6688506.64,0.00,6,0.0000,4501040.36,2.4860,0.5600,1.4388
2019-08-05,6389965.79,683.89,5,0.0001,4255855.10,2.5015,0.5746,1.4250
2019-08-06,6274850.94,1428.69,5,0.0002,4179197.75,2.5014,0.6003,1.4130
2019-08-07,6230134.77,1518.33,5,0.0002,4149414.56,2.5014,0.6037,1.3926
2019-08-08,6502793.73,0.00,5,0.0000,4328646.27,2.5023,0.6278,1.4508
2019-08-09,6345754.53,781.32,5,0.0001,4226415.79,2.5015,0.6307,1.4991
2019-08-12,6528675.50,0.00,5,0.0000,4346957.50,2.5019,0.6236,1.5015
2019-08-13,6284600.67,0.00,5,0.0000,4347374.33,2.4456,0.6300,1.5204
2019-08-14,6315886.79,0.00,5,0.0000,4347791.21,2.4527,0.6328,1.5171
2019-08-15,6285417.88,0.00,5,0.0000,4348208.12,2.4455,0.6360,1.5205
2019-08-16,6292454.93,0.00,5,0.0000,4348625.07,2.4470,0.6310,1.5201
2019-08-19,6529408.96,0.00,5,0.0000,4349876.04,2.5011,0.6209,1.4978
2019-08-20,6582430.85,0.00,5,0.0000,4350293.15,2.5131,0.6214,1.4928
2019-08-21,6516746.69,0.00,5,0.0000,4350710.31,2.4979,0.6223,1.4957
2019-08-22,6458026.50,0.00,5,0.0000,4351127.50,2.4842,0.6253,1.4999
2019-08-23,6521016.27,0.00,5,0.0000,4351544.73,2.4986,0.6133,1.4924
2019-08-26,6407918.46,0.00,5,0.0000,4352796.54,2.4721,0.6176,1.5013
2019-08-27,6637447.85,0.00,5,0.0000,4375319.15,2.5170,0.6240,1.4850
2019-08-28,6584754.29,0.00,5,0.0000,4375738.71,2.5048,0.6216,1.4886
2019-08-29,6727626.70,0.00,5,0.0000,4376158.30,2.5373,0.6295,1.4805
2019-08-30,6810765.81,0.00,6,0.0000,4533519.19,2.5023,0.6151,1.4731
2019-09-02,6961134.51,0.00,6,0.0000,4636054.49,2.5015,0.6044,1.4587
2019-09-03,6910160.96,0.00,6,0.0000,4636499.04,2.4904,0.6061,1.4625
2019-09-04,7089836.08,0.00,7,0.0000,4721309.92,2.5017,0.6024,1.4480
2019-09-05,7338861.18,0.00,7,0.0000,4887020.82,2.5017,0.5997,1.4325
2019-09-06,7443115.90,0.00,7,0.0000,4957113.10,2.5015,0.5879,1.4247
2019-09-09,7501996.51,0.00,7,0.0000,4995544.49,2.5017,0.5895,1.4202
2019-09-10,7460255.49,0.00,7,0.0000,4996023.51,2.4932,0.5928,1.4234
2019-09-11,7411038.42,0.00,7,0.0000,4996502.58,2.4832,0.5879,1.4279
2019-09-12,7445238.30,0.00,7,0.0000,4996981.70,2.4899,0.5901,1.4237
2019-09-16,7404166.65,0.00,7,0.0000,4998898.35,2.4812,0.5982,1.4276
2019-09-17,7161204.30,0.00,7,0.0000,4999377.70,2.4324,0.6083,1.4475
2019-09-18,7150705.91,0.00,7,0.0000,4999857.09,2.4302,0.6054,1.4481
2019-09-19,7090859.47,0.00,7,0.0000,5000336.53,2.4181,0.6073,1.4515
2019-09-20,7056382.99,0.00,7,0.0000,5000816.01,2.4110,0.5998,1.4557
2019-09-23,6924248.77,0.00,6,0.0000,4658808.23,2.4863,0.6083,1.4671
2019-09-24,6919570.03,0.00,6,0.0000,4659254.97,2.4851,0.6054,1.4667
2019-09-25,6889075.26,0.00,6,0.0000,4659701.74,2.4784,0.6077,1.4692
2019-09-26,6750635.34,418.66,6,0.0001,4494469.32,2.5020,0.6139,1.4788
2019-09-27,6730243.36,0.00,6,0.0000,4494481.64,2.4974,0.6149,1.4834
2019-09-30,6678461.43,0.00,6,0.0000,4495774.57,2.4855,0.6194,1.4881
2019-10-08,6724829.62,0.00,6,0.0000,4499223.38,2.4947,0.6193,1.4835
2019-10-09,6648735.18,0.00,6,0.0000,4499654.82,2.4776,0.6143,1.4905
2019-10-10,6798389.44,0.00,7,0.0000,4527637.56,2.5015,0.6097,1.4778
2019-10-11,7076337.20,0.00,7,0.0000,4712822.80,2.5015,0.5931,1.4581
2019-10-14,7228979.63,0.00,7,0.0000,4814500.37,2.5015,0.5969,1.4474
2019-10-15,7016843.96,0.00,7,0.0000,4814962.04,2.4573,0.6074,1.4642
2019-10-16,7042126.25,0.00,7,0.0000,4815423.75,2.4624,0.6067,1.4622
2019-10-17,6975361.50,0.00,7,0.0000,4815885.50,2.4484,0.6120,1.4675
2019-10-18,6864710.70,0.00,7,0.0000,4816347.30,2.4253,0.6106,1.4754
2019-10-21,6887807.18,0.00,7,0.0000,4817732.82,2.4297,0.6059,1.4730
2019-10-22,6894796.20,0.00,7,0.0000,4818194.80,2.4310,0.6058,1.4715
2019-10-23,6893921.19,0.00,7,0.0000,4818656.81,2.4307,0.6049,1.4735
2019-10-24,6822573.12,0.00,7,0.0000,4819118.88,2.4157,0.6102,1.4782
2019-10-25,7111505.02,11.36,7,0.0000,4736262.34,2.5015,0.5978,1.4521
2019-10-28,7107552.53,0.00,7,0.0000,4737613.47,2.5002,0.5967,1.4516
2019-10-29,7031990.24,0.00,7,0.0000,4738067.76,2.4841,0.5980,1.4537
2019-10-30,7139589.74,0.00,7,0.0000,4754558.26,2.5016,0.5965,1.4497
2019-10-31,7015869.82,0.00,7,0.0000,4755014.18,2.4755,0.6091,1.4588
2019-11-01,7552312.42,0.00,6,0.0000,5029510.58,2.5016,0.5938,1.4178
2019-11-04,7817346.36,0.00,7,0.0000,5206256.64,2.5015,0.5877,1.3974
2019-11-05,7880498.71,0.00,7,0.0000,5248269.29,2.5015,0.5857,1.3907
2019-11-06,7798047.45,0.00,7,0.0000,5248772.55,2.4857,0.5801,1.3912
2019-11-07,7763779.15,0.00,7,0.0000,5249275.85,2.4790,0.5854,1.3970
2019-11-08,7742232.79,0.00,7,0.0000,5249779.21,2.4748,0.5829,1.3962
2019-11-11,7548172.58,0.00,7,0.0000,5251289.42,2.4374,0.5941,1.4162
2019-11-12,7558735.41,0.00,6,0.0000,5250568.59,2.4396,0.5942,1.4168
2019-11-13,7552755.21,613.79,6,0.0001,5030332.58,2.5014,0.5905,1.4201
2019-11-14,7586308.63,0.00,6,0.0000,5051782.37,2.5017,0.5874,1.4188
2019-11-15,7374361.15,312.01,5,0.0000,4911702.86,2.5014,0.5981,1.4355
2019-11-18,7673035.68,0.00,5,0.0000,5109852.32,2.5016,0.6020,1.4131
2019-11-19,7848650.98,0.00,5,0.0000,5226732.02,2.5016,0.5876,1.3926
2019-11-20,7721520.78,0.00,5,0.0000,5227233.22,2.4772,0.5849,1.4002
2019-11-21,7741963.54,0.00,5,0.0000,5227734.46,2.4809,0.5811,1.4009
2019-11-22,7847077.25,0.00,5,0.0000,5228235.75,2.5009,0.5760,1.3967
2019-11-25,8335284.92,0.00,5,0.0000,5550855.08,2.5016,0.5673,1.3725
2019-11-26,8404039.19,0.00,5,0.0000,5597029.81,2.5015,0.5626,1.3600
2019-11-27,8383258.49,0.00,5,0.0000,5597566.51,2.4977,0.5628,1.3560
2019-11-28,8333664.74,0.00,5,0.0000,5598103.26,2.4887,0.5568,1.3631
2019-11-29,8228323.93,0.00,5,0.0000,5598640.07,2.4697,0.5665,1.3655
2019-12-02,8358108.36,0.00,5,0.0000,5600250.64,2.4925,0.5628,1.3639
2019-12-03,8425472.25,0.00,5,0.0000,5611341.75,2.5015,0.5692,1.3582
2019-12-04,8361777.17,0.00,5,0.0000,5611879.83,2.4900,0.5680,1.3592
2019-12-05,8693733.76,0.00,5,0.0000,5790001.24,2.5015,0.5671,1.3538
2019-12-06,8715526.42,0.00,5,0.0000,5803990.58,2.5016,0.5689,1.3527
2019-12-09,8685982.78,0.00,5,0.0000,5805660.22,2.4961,0.5700,1.3638
2019-12-10,8803900.93,0.00,5,0.0000,5862810.07,2.5017,0.5624,1.3584
2019-12-11,8701767.75,0.00,5,0.0000,5863372.25,2.4841,0.5617,1.3645
2019-12-12,8849046.21,0.00,5,0.0000,5893160.79,2.5016,0.5663,1.3599
2019-12-13,8927850.59,0.00,6,0.0000,5945912.41,2.5015,0.5661,1.3548
2019-12-16,9208121.04,0.00,6,0.0000,6132492.96,2.5015,0.5642,1.3589
2019-12-17,9323738.67,0.00,6,0.0000,6209490.33,2.5015,0.5591,1.3634
2019-12-18,9194172.24,0.00,6,0.0000,6210085.76,2.4805,0.5631,1.3707
2019-12-19,9187824.76,0.00,6,0.0000,6210681.24,2.4794,0.5639,1.3699
2019-12-20,9237092.21,0.00,6,0.0000,6211276.79,2.4871,0.5590,1.3687
2019-12-23,9336836.36,0.00,6,0.0000,6218012.64,2.5016,0.5590,1.3592
2019-12-24,9527184.27,0.00,6,0.0000,6345036.73,2.5015,0.5635,1.3491
2019-12-25,9658793.30,0.00,6,0.0000,6432384.70,2.5016,0.5594,1.3422
2019-12-26,9861929.80,0.00,6,0.0000,6659298.20,2.4809,0.5472,1.3502
2019-12-27,10252122.96,-2.05,6,-0.0000,6827926.19,2.5015,0.5295,1.3542
2019-12-30,10563156.06,0.00,6,0.0000,7035030.94,2.5015,0.5236,1.3573
2019-12-31,10963905.05,0.00,6,0.0000,7301954.75,2.5015,0.5119,1.3606
2020-01-02,11149089.09,0.00,6,0.0000,7424798.31,2.5016,0.5122,1.3614
2020-01-03,11318330.46,0.00,6,0.0000,7537808.54,2.5015,0.5127,1.3709
2020-01-06,10904731.85,0.00,6,0.0000,7539976.95,2.4463,0.4923,1.3905
2020-01-07,10863740.63,0.00,6,0.0000,7540699.97,2.4407,0.4974,1.3893
2020-01-08,10524723.35,0.00,6,0.0000,7541423.05,2.3956,0.4959,1.4082
2020-01-09,10669121.60,0.00,6,0.0000,7542146.20,2.4146,0.4959,1.4001
2020-01-10,10633440.58,0.00,6,0.0000,7542869.42,2.4097,0.4965,1.4012
2020-01-13,10608217.32,0.00,6,0.0000,7545039.28,2.4060,0.4974,1.4047
2020-01-14,10926074.02,0.00,6,0.0000,7545762.78,2.4480,0.4723,1.3925
2020-01-15,10599708.85,0.00,6,0.0000,7546486.35,2.4046,0.4891,1.4074
2020-01-16,10396867.62,0.00,6,0.0000,7547209.98,2.3776,0.4877,1.4191
2020-01-17,10467484.83,0.00,5,0.0000,7545423.97,2.3873,0.4966,1.4149
2020-01-20,10526987.23,0.00,5,0.0000,7547594.57,2.3947,0.4871,1.4103
2020-01-21,10112057.69,0.00,5,0.0000,7548318.31,2.3396,0.4983,1.4405
2020-01-22,10268269.48,0.00,5,0.0000,7549042.12,2.3602,0.4939,1.4345
2020-01-23,9427300.19,0.00,5,0.0000,7549766.01,2.2487,0.5159,1.4856
2020-02-03,7957540.34,0.00,4,0.0000,6809420.06,2.1686,0.5710,1.6050
2020-02-04,8568383.99,0.00,4,0.0000,6810073.01,2.2582,0.5410,1.5485
2020-02-05,8586856.57,0.00,4,0.0000,6810726.03,2.2608,0.5461,1.5487
2020-02-06,8686064.88,0.00,4,0.0000,6811379.12,2.2752,0.5436,1.5385
2020-02-07,8515269.94,0.00,4,0.0000,6812032.26,2.2500,0.5536,1.5475
2020-02-10,9155604.31,0.00,4,0.0000,6813991.89,2.3436,0.5396,1.4950
2020-02-11,9164084.51,0.00,4,0.0000,6814645.29,2.3448,0.5507,1.4931
2020-02-12,9612211.46,0.00,4,0.0000,6815298.74,2.4104,0.5254,1.4692
2020-02-13,10111166.13,0.00,4,0.0000,6815952.27,2.4835,0.5047,1.4428
2020-02-14,10415064.12,0.00,5,0.0000,6935584.68,2.5017,0.5053,1.4400
2020-02-17,10908801.95,0.00,5,0.0000,7263082.65,2.5020,0.5259,1.4477
2020-02-18,10476671.89,0.00,5,0.0000,7263779.11,2.4423,0.5284,1.4731
2020-02-19,10229678.36,0.00,5,0.0000,7264475.64,2.4082,0.5187,1.4827
2020-02-20,10686057.97,0.00,5,0.0000,7265172.23,2.4709,0.5198,1.4612
2020-02-21,10724704.71,0.00,5,0.0000,7265868.89,2.4760,0.5199,1.4604
2020-02-24,10284858.33,0.00,5,0.0000,7267959.07,2.4151,0.5203,1.4770
2020-02-25,10473728.00,0.00,5,0.0000,7268656.00,2.4409,0.5586,1.4730
2020-02-26,10148370.80,0.00,5,0.0000,7269353.00,2.3960,0.5422,1.4824
2020-02-27,10561929.94,0.00,5,0.0000,7270050.06,2.4528,0.5059,1.4535
2020-02-28,9509285.83,0.00,4,0.0000,7268433.37,2.3083,0.5326,1.5076
2020-03-02,10544356.31,0.00,4,0.0000,7270524.29,2.4503,0.5128,1.4350
2020-03-03,10450662.54,0.00,4,0.0000,7271221.46,2.4373,0.5093,1.4445
2020-03-04,10689622.50,0.00,4,0.0000,7271918.70,2.4700,0.5032,1.4337
2020-03-05,10876821.99,0.00,4,0.0000,7272616.01,2.4956,0.4958,1.4270
2020-03-06,10709261.02,0.00,4,0.0000,7273313.38,2.4724,0.4996,1.4415
2020-03-09,9646696.69,0.00,4,0.0000,7275405.71,2.3259,0.5206,1.4972
2020-03-10,10028832.05,0.00,4,0.0000,7276103.35,2.3783,0.5110,1.4701
2020-03-11,9726509.94,0.00,4,0.0000,7276801.06,2.3366,0.5188,1.4913
2020-03-12,9147105.97,0.00,4,0.0000,7277498.83,2.2569,0.5359,1.5271
2020-03-13,8676189.33,0.00,4,0.0000,7278196.67,2.1921,0.5552,1.5613
2020-03-16,7676693.40,0.00,4,0.0000,7280290.40,2.0544,0.5888,1.6487
2020-03-17,7317244.49,0.00,4,0.0000,7280988.51,2.0050,0.6134,1.6849
2020-03-18,7120658.71,0.00,4,0.0000,7281686.69,1.9779,0.6189,1.7014
2020-03-19,6657201.67,0.00,4,0.0000,7282384.93,1.9142,0.6503,1.7591
2020-03-20,6884899.96,0.00,4,0.0000,7283083.24,1.9453,0.6468,1.7161
2020-03-23,6067174.44,0.00,3,0.0000,4081909.56,2.4864,0.6996,1.6728
2020-03-24,6408338.18,0.00,3,0.0000,4262665.82,2.5034,0.6844,1.6652
2020-03-25,6810836.59,0.00,3,0.0000,4534368.41,2.5020,0.6694,1.6658
2020-03-26,6711919.79,0.00,3,0.0000,4534803.21,2.4801,0.6750,1.6756
2020-03-27,6734319.95,0.00,3,0.0000,4535238.05,2.4849,0.6623,1.6735
2020-03-30,6412695.29,0.00,3,0.0000,4536542.71,2.4136,0.6641,1.7074
2020-03-31,6458581.28,0.00,3,0.0000,4536977.72,2.4235,0.6544,1.7025
2020-04-01,6603882.23,0.00,3,0.0000,4537412.77,2.4554,0.6625,1.6871
2020-04-02,6770546.13,0.00,3,0.0000,4537847.87,2.4920,0.6603,1.6702
2020-04-03,6860571.72,0.00,3,0.0000,4565598.28,2.5027,0.6557,1.6655
2020-04-07,7233045.20,0.00,3,0.0000,4815916.80,2.5019,0.6415,1.6658
2020-04-08,7183736.40,0.00,3,0.0000,4816378.60,2.4915,0.6435,1.6705
2020-04-09,7236732.55,0.00,3,0.0000,4816840.45,2.5024,0.6461,1.6656
2020-04-10,7188339.66,0.00,3,0.0000,4817302.34,2.4922,0.6480,1.6702
2020-04-13,7321208.99,0.00,3,0.0000,4872064.01,2.5027,0.6507,1.6655
2020-04-14,7492824.34,0.00,3,0.0000,4985897.66,2.5028,0.6353,1.6654
2020-04-15,7276528.24,0.00,3,0.0000,4986375.76,2.4593,0.6513,1.6853
2020-04-16,7153296.09,0.00,3,0.0000,4986853.91,2.4344,0.6615,1.6971
2020-04-17,7410004.90,0.00,3,0.0000,4987332.10,2.4858,0.6415,1.6731
2020-04-20,7501723.13,0.00,3,0.0000,4994727.87,2.5019,0.6346,1.6658
2020-04-21,7284418.18,0.00,3,0.0000,4995206.82,2.4583,0.6428,1.6857
2020-04-22,7357599.19,0.00,3,0.0000,4995685.81,2.4728,0.6446,1.6790
2020-04-23,7173614.15,0.00,3,0.0000,4996164.85,2.4358,0.6483,1.6965
2020-04-24,7144187.07,0.00,3,0.0000,4996643.93,2.4298,0.6480,1.6994
2020-04-27,7032361.68,0.00,3,0.0000,4998081.32,2.4070,0.6488,1.7107
2020-04-28,7062173.41,0.00,3,0.0000,4998560.59,2.4128,0.6415,1.7078
2020-04-29,7288337.10,0.00,3,0.0000,4999039.90,2.4579,0.6308,1.6859
2020-04-30,7574119.32,0.00,3,0.0000,5041496.68,2.5024,0.6252,1.6656
2020-05-06,7954080.20,0.00,3,0.0000,5294702.80,2.5023,0.6367,1.6657
2020-05-07,8028936.00,0.00,3,0.0000,5343936.00,2.5024,0.6285,1.6656
2020-05-08,8147590.87,0.00,3,0.0000,5423562.13,2.5023,0.6237,1.6657
2020-05-11,8216203.23,0.00,3,0.0000,5468492.77,2.5025,0.6190,1.6656
2020-05-12,8098893.85,0.00,3,0.0000,5469017.15,2.4809,0.6205,1.6753
2020-05-13,8112690.43,0.00,3,0.0000,5469541.57,2.4832,0.6194,1.6742
2020-05-14,7801158.95,0.00,3,0.0000,5470066.05,2.4262,0.6319,1.7012
2020-05-15,7645421.60,490.41,4,0.0001,5091710.81,2.5015,0.6365,1.6503
2020-05-18,7744938.67,0.00,4,0.0000,5158096.33,2.5015,0.6292,1.6422
2020-05-19,8103558.90,0.00,5,0.0000,5396907.10,2.5015,0.6092,1.6136
2020-05-20,7996683.39,0.00,5,0.0000,5397424.61,2.4816,0.6143,1.6218
2020-05-21,7792885.83,0.00,5,0.0000,5397942.17,2.4437,0.6199,1.6377
2020-05-22,7427196.93,0.00,4,0.0000,5397897.07,2.3759,0.6324,1.6697
2020-05-25,7389888.11,0.00,4,0.0000,5399449.89,2.3686,0.6274,1.6724
2020-05-26,7606745.35,0.00,4,0.0000,5399967.65,2.4087,0.6137,1.6535
2020-05-27,7405342.55,0.00,4,0.0000,5400485.45,2.3712,0.6199,1.6702
2020-05-28,7476574.69,0.00,4,0.0000,5401003.31,2.3843,0.6249,1.6641
2020-05-29,7496681.79,0.00,4,0.0000,5401521.21,2.3879,0.6147,1.6631
2020-06-01,7889517.93,0.00,4,0.0000,5403075.07,2.4602,0.6043,1.6297
2020-06-02,7855379.82,0.00,4,0.0000,5403593.18,2.4537,0.6046,1.6321
2020-06-03,8087779.67,0.00,4,0.0000,5404111.33,2.4966,0.6082,1.6150
2020-06-04,8028228.47,0.00,4,0.0000,5404629.53,2.4854,0.6110,1.6192
2020-06-05,7916099.22,0.00,4,0.0000,5405147.78,2.4645,0.6130,1.6283
2020-06-08,8001014.31,0.00,4,0.0000,5406702.69,2.4798,0.6064,1.6215
2020-06-09,8174949.49,0.00,4,0.0000,5444036.51,2.5016,0.6139,1.6081
2020-06-10,8140961.46,0.00,4,0.0000,5444558.54,2.4952,0.6077,1.6118
2020-06-11,7950045.38,0.00,4,0.0000,5445080.62,2.4600,0.6094,1.6275
2020-06-12,7846335.25,0.00,4,0.0000,5445602.75,2.4409,0.6161,1.6357
2020-06-15,7579478.08,0.00,4,0.0000,5069319.92,2.4952,0.6229,1.6087
2020-06-16,7770445.43,0.00,5,0.0000,5175823.57,2.5013,0.6153,1.5433
2020-06-17,7689111.12,0.00,5,0.0000,5176319.88,2.4854,0.6150,1.5481
2020-06-18,7896845.63,0.00,5,0.0000,5259137.37,2.5015,0.6082,1.5147
2020-06-19,7967502.86,0.00,5,0.0000,5306342.14,2.5015,0.6077,1.5103
2020-06-22,7773024.38,0.00,5,0.0000,5307868.62,2.4644,0.6097,1.5268
2020-06-23,7628964.40,0.00,5,0.0000,5308377.60,2.4372,0.6133,1.5370
2020-06-24,7940094.05,90.24,5,0.0000,5288106.19,2.5015,0.6026,1.5166
2020-06-29,7755847.66,0.00,5,0.0000,5290551.34,2.4660,0.6156,1.5325
2020-06-30,7911666.35,0.00,5,0.0000,5291058.65,2.4953,0.6128,1.5215
2020-07-01,8330774.79,0.00,5,0.0000,5547878.21,2.5016,0.5926,1.4931
2020-07-02,8953220.23,0.00,5,0.0000,5962767.77,2.5015,0.5814,1.4478
2020-07-03,9253516.65,0.00,5,0.0000,6162476.35,2.5016,0.5797,1.4130
2020-07-06,9855333.14,0.00,6,0.0000,6563350.86,2.5016,0.5562,1.3655
2020-07-07,9962120.11,-2.46,6,-0.0000,6634780.43,2.5015,0.5445,1.3389
2020-07-08,10137874.00,0.00,7,0.0000,6753171.00,2.5012,0.5414,1.3205
2020-07-09,10531306.87,0.00,7,0.0000,7013567.13,2.5016,0.5272,1.2836
2020-07-10,10134797.33,0.00,7,0.0000,6998327.67,2.4482,0.5346,1.2991
2020-07-13,10674293.22,0.00,7,0.0000,7109021.78,2.5015,0.5291,1.2730
2020-07-14,10771753.51,0.00,7,0.0000,7173542.49,2.5016,0.5328,1.2686
2020-07-15,10699140.13,0.00,7,0.0000,7174138.87,2.4913,0.5361,1.2970
2020-07-16,10170671.20,0.00,7,0.0000,7174826.80,2.4175,0.5466,1.3270
2020-07-17,10833641.81,0.00,7,0.0000,7214780.19,2.5016,0.5196,1.2996
2020-07-20,12083337.22,0.00,7,0.0000,8047416.78,2.5015,0.5016,1.2495
2020-07-21,11764326.55,0.00,7,0.0000,8048188.45,2.4617,0.5182,1.2728
2020-07-22,11912189.81,0.00,7,0.0000,8048960.19,2.4800,0.5043,1.2691
2020-07-23,11757346.94,0.00,6,0.0000,8048292.06,2.4608,0.5062,1.2748
2020-07-24,10907341.19,0.00,6,0.0000,8049063.81,2.3551,0.5236,1.3078
2020-07-27,11140038.70,0.00,6,0.0000,8051379.30,2.3836,0.5168,1.3009
2020-07-28,11453188.65,0.00,6,0.0000,8052151.35,2.4224,0.5002,1.2825
2020-07-29,11655182.53,0.00,6,0.0000,8052923.47,2.4473,0.5033,1.2719
2020-07-30,11616006.33,0.00,6,0.0000,8053695.67,2.4423,0.4948,1.2787
2020-07-31,11613595.06,0.00,6,0.0000,8054467.94,2.4419,0.4988,1.2818
2020-08-03,12039281.02,0.00,6,0.0000,8056784.98,2.4943,0.4987,1.2637
2020-08-04,12020708.45,0.00,6,0.0000,8057557.55,2.4919,0.5004,1.2636
2020-08-05,11836624.81,0.00,6,0.0000,8058330.19,2.4689,0.4986,1.2816
2020-08-06,11744982.09,0.00,6,0.0000,8059102.91,2.4574,0.5086,1.2888
2020-08-07,11417974.30,0.00,6,0.0000,8059875.70,2.4166,0.5079,1.3108
2020-08-10,11378066.71,0.00,6,0.0000,8062194.29,2.4113,0.5078,1.3089
2020-08-11,11163299.62,0.00,6,0.0000,8062967.38,2.3845,0.5121,1.3179
2020-08-12,10874206.46,0.00,6,0.0000,8063740.54,2.3485,0.5102,1.3164
2020-08-13,10978561.23,0.00,6,0.0000,8064513.77,2.3613,0.5148,1.3141
2020-08-14,11168422.92,0.00,6,0.0000,8065287.08,2.3848,0.5178,1.3138
2020-08-17,11493349.75,14.10,7,0.0000,7654825.36,2.5015,0.5010,1.2419
2020-08-18,11643843.02,0.00,7,0.0000,7755001.98,2.5015,0.5078,1.1864
2020-08-19,11336834.62,164.06,7,0.0000,7550591.45,2.5014,0.5115,1.1451
2020-08-20,11145894.76,131.29,7,0.0000,7423423.54,2.5014,0.5290,1.1591
2020-08-21,11169982.90,0.00,6,0.0000,7438967.10,2.5016,0.5309,1.1610
2020-08-24,11550890.10,0.00,7,0.0000,7692908.90,2.5015,0.5283,1.1981
2020-08-25,11239752.14,0.00,6,0.0000,7693095.86,2.4610,0.5304,1.2102
2020-08-26,10993243.44,0.00,6,0.0000,7693833.56,2.4288,0.5404,1.2288
2020-08-27,11109292.68,0.00,6,0.0000,7694571.32,2.4438,0.5426,1.2323
2020-08-28,11508536.84,0.00,6,0.0000,7695309.16,2.4955,0.5552,1.2142
2020-08-31,11302394.12,0.00,6,0.0000,7697522.88,2.4683,0.5557,1.2229
2020-09-01,11428600.01,0.00,6,0.0000,7698260.99,2.4846,0.5569,1.2185
2020-09-02,11280093.35,76.75,6,0.0000,7513623.40,2.5013,0.5584,1.2635
2020-09-03,11438344.87,0.00,6,0.0000,7618812.13,2.5013,0.5679,1.3162
2020-09-04,11515181.13,0.00,5,0.0000,7669651.87,2.5014,0.5768,1.3617
2020-09-07,10856155.79,0.00,5,0.0000,7671858.21,2.4151,0.5753,1.3913
2020-09-08,11300766.13,0.00,5,0.0000,7672593.87,2.4729,0.5588,1.3725
2020-09-09,10613866.40,0.00,5,0.0000,7673329.60,2.3832,0.5628,1.4059
2020-09-10,10881251.90,356.65,5,0.0000,7247395.75,2.5014,0.5655,1.4496
2020-09-11,10886923.92,-409.79,5,-0.0000,7249897.29,2.5017,0.5680,1.4520
2020-09-14,11007970.67,0.00,5,0.0000,7331172.33,2.5015,0.5767,1.4575
2020-09-15,11314121.35,0.00,5,0.0000,7534937.65,2.5016,0.5711,1.4591
2020-09-16,11434320.14,0.00,5,0.0000,7614604.86,2.5016,0.5642,1.4600
2020-09-17,11740812.61,0.00,5,0.0000,7818637.39,2.5016,0.5540,1.4649
2020-09-18,12359096.63,0.00,5,0.0000,8230756.37,2.5016,0.5660,1.4637
2020-09-21,12101616.88,0.00,5,0.0000,8233124.12,2.4699,0.5685,1.4788
2020-09-22,11305416.40,0.00,5,0.0000,8233913.60,2.3730,0.5847,1.5193
2020-09-23,11209590.55,0.00,5,0.0000,7680461.45,2.4595,0.5945,1.4772
2020-09-24,10816199.21,58124.57,5,0.0054,7203806.36,2.5015,0.6076,1.4515
2020-09-25,10856557.45,0.00,6,0.0000,7228043.55,2.5020,0.6138,1.4482
2020-09-28,11172120.53,-168665.05,6,-0.0151,7271565.42,2.5364,0.6055,1.3893
2020-09-29,11084227.88,0.00,6,0.0000,7380844.12,2.5018,0.6033,1.3429
2020-09-30,10769052.10,1190.24,6,0.0001,7172429.14,2.5015,0.6037,1.3149
2020-10-09,11703270.57,0.00,6,0.0000,7792286.43,2.5019,0.6337,1.3169
2020-10-12,12145419.92,0.00,6,0.0000,7799282.08,2.5572,0.6168,1.2511
2020-10-13,12540840.59,0.00,6,0.0000,8351902.41,2.5016,0.6179,1.2383
2020-10-14,12469111.72,0.00,6,0.0000,8352703.28,2.4928,0.6120,1.2442
2020-10-15,12387363.45,270.68,6,0.0000,8250026.23,2.5015,0.6154,1.2468
2020-10-16,12673736.83,0.00,6,0.0000,8440412.17,2.5016,0.6173,1.2346
2020-10-19,12359120.52,66.66,6,0.0000,8231454.15,2.5015,0.6202,1.2458
2020-10-20,12386230.76,-13311.87,6,-0.0011,8234535.37,2.5042,0.6195,1.2487
2020-10-21,12190801.42,87.36,6,0.0000,8119355.95,2.5014,0.6233,1.2534
2020-10-22,12023258.85,0.00,6,0.0000,8120047.15,2.4807,0.6271,1.2570
2020-10-23,11856204.66,138.40,6,0.0000,7896499.74,2.5015,0.6296,1.2985
2020-10-26,11675334.78,228464.10,6,0.0196,7775609.32,2.5015,0.6386,1.3595
2020-10-27,11628082.61,324.99,6,0.0000,7744317.38,2.5015,0.6376,1.3799
2020-10-28,11906074.77,0.00,6,0.0000,7928675.23,2.5016,0.6269,1.3837
2020-10-29,11775508.49,0.00,6,0.0000,7929435.51,2.4850,0.6246,1.3885
2020-10-30,11521400.13,0.00,6,0.0000,7930195.87,2.4529,0.6355,1.4016
2020-11-02,12340362.51,0.00,7,0.0000,8218414.49,2.5016,0.6298,1.3905
2020-11-03,12346186.41,-1188.39,7,-0.0001,8221117.20,2.5018,0.6370,1.3841
2020-11-04,12649817.93,0.00,7,0.0000,8424538.07,2.5015,0.6224,1.3887
2020-11-05,13090533.95,0.00,7,0.0000,8717628.05,2.5016,0.6073,1.3967
2020-11-06,13293099.87,0.00,7,0.0000,8852199.13,2.5017,0.6057,1.3963
2020-11-09,13861034.99,0.00,7,0.0000,9230715.01,2.5016,0.6238,1.4010
2020-11-10,13617494.85,0.00,7,0.0000,9231600.15,2.4751,0.6241,1.4097
2020-11-11,13923594.23,0.00,7,0.0000,9272339.77,2.5016,0.6254,1.3981
2020-11-12,14090756.86,0.00,7,0.0000,9383626.14,2.5016,0.6205,1.3952
2020-11-13,13958844.06,0.00,7,0.0000,9384525.94,2.4874,0.6232,1.3988
2020-11-16,14505300.33,0.00,7,0.0000,9645847.67,2.5038,0.6154,1.3710
2020-11-17,14569308.34,0.00,7,0.0000,9702737.66,2.5016,0.5941,1.3682
2020-11-18,14550618.94,0.00,7,0.0000,9703668.06,2.4995,0.5955,1.3694
2020-11-19,14472736.13,311.24,8,0.0000,9638879.11,2.5015,0.5951,1.3727
2020-11-20,14895550.11,0.00,8,0.0000,9920223.89,2.5015,0.5942,1.3570
2020-11-23,15634160.73,0.00,8,0.0000,10412116.27,2.5015,0.5998,1.3256
2020-11-24,15382051.31,0.00,8,0.0000,10413114.69,2.4772,0.6010,1.3283
2020-11-25,14829606.79,0.00,8,0.0000,10414113.21,2.4240,0.6116,1.3488
2020-11-26,14745553.54,302.98,8,0.0000,9820845.44,2.5015,0.6276,1.3254
2020-11-27,14782713.17,0.00,8,0.0000,9845574.83,2.5015,0.6242,1.3233
2020-11-30,14487639.80,6.42,7,0.0000,9649307.62,2.5014,0.6309,1.3418
2020-12-01,14811962.82,0.00,7,0.0000,9865135.18,2.5014,0.6283,1.3551
2020-12-02,14796497.88,1147.21,6,0.0001,9854705.33,2.5015,0.6319,1.3806
2020-12-03,13978944.91,0.00,6,0.0000,9854503.09,2.4185,0.6326,1.4167
2020-12-04,14298555.95,0.00,6,0.0000,9855448.05,2.4508,0.6190,1.4078
2020-12-07,14073990.83,0.00,6,0.0000,9858283.17,2.4276,0.6165,1.4215
2020-12-08,14107750.87,0.00,5,0.0000,9856015.13,2.4314,0.6150,1.4243
2020-12-09,14251846.77,0.00,5,0.0000,9856960.23,2.4459,0.6143,1.4205
2020-12-10,13848179.32,0.00,4,0.0000,9230988.68,2.5002,0.6347,1.4309
2020-12-11,13771331.16,0.00,4,0.0000,9231873.84,2.4917,0.6465,1.4338
2020-12-14,13068837.41,0.00,4,0.0000,9234529.59,2.4152,0.6317,1.4713
2020-12-15,13219973.91,0.00,4,0.0000,9235415.09,2.4314,0.6199,1.4676
2020-12-16,13302553.32,0.00,4,0.0000,9236300.68,2.4402,0.6075,1.4638
2020-12-17,14075371.64,0.00,4,0.0000,9373646.36,2.5016,0.5950,1.4400
2020-12-18,14626259.48,0.00,4,0.0000,9741105.52,2.5015,0.6214,1.4330
2020-12-21,14791212.48,0.00,4,0.0000,9850869.52,2.5015,0.6076,1.4293
2020-12-22,13924233.88,0.00,4,0.0000,9851814.12,2.4134,0.6074,1.4747
2020-12-23,14254051.18,0.00,4,0.0000,9852758.82,2.4467,0.6025,1.4589
2020-12-24,13910872.40,0.00,4,0.0000,9853703.60,2.4117,0.6180,1.4714
2020-12-25,14548027.52,0.00,4,0.0000,9854648.48,2.4763,0.6056,1.4395
2020-12-28,15102894.58,0.00,4,0.0000,10057845.42,2.5016,0.5991,1.4356
2020-12-29,14279318.13,0.00,4,0.0000,10058809.87,2.4196,0.6130,1.4746
2020-12-30,14598321.59,0.00,4,0.0000,10059774.41,2.4512,0.6055,1.4574
2020-12-31,14670566.95,0.00,4,0.0000,10060739.05,2.4582,0.6038,1.4588
2021-01-04,15495438.00,0.00,4,0.0000,10319547.00,2.5016,0.5870,1.4289
2021-01-05,15477638.45,0.00,4,0.0000,10320536.55,2.4997,0.5827,1.4358
2021-01-06,15898921.44,0.00,4,0.0000,10588562.56,2.5015,0.5721,1.4268
2021-01-07,17183092.15,0.00,4,0.0000,11443751.85,2.5015,0.5547,1.3935
2021-01-08,18100235.79,0.00,4,0.0000,12054124.21,2.5016,0.5365,1.3746
2021-01-11,17464117.17,0.00,4,0.0000,12057591.83,2.4484,0.5409,1.4060
2021-01-12,18628608.70,0.00,4,0.0000,12406606.30,2.5015,0.5183,1.3802
2021-01-13,19279436.49,0.00,4,0.0000,12839967.51,2.5015,0.4949,1.3704
2021-01-14,18417447.26,0.00,4,0.0000,12841198.74,2.4342,0.5232,1.3972
2021-01-15,19743728.21,0.00,4,0.0000,13148849.79,2.5016,0.5149,1.3658
2021-01-18,20282579.19,0.00,5,0.0000,13511519.81,2.5011,0.5153,1.3539
2021-01-19,20271733.57,0.00,5,0.0000,13512815.43,2.5002,0.5179,1.3584
2021-01-20,20654321.34,0.00,5,0.0000,13755725.66,2.5015,0.5255,1.3624
2021-01-21,20889607.24,0.00,5,0.0000,13912185.76,2.5015,0.5256,1.3612
2021-01-22,20718901.19,0.00,5,0.0000,13913519.81,2.4891,0.5185,1.3709
2021-01-25,21148918.28,0.00,5,0.0000,14084784.72,2.5015,0.5131,1.3797
2021-01-26,20849554.00,759.93,4,0.0000,13885953.93,2.5015,0.5312,1.3914
2021-01-27,21665736.82,0.00,4,0.0000,14428835.18,2.5016,0.5507,1.4050
2021-01-28,20641365.23,0.00,4,0.0000,14430218.77,2.4304,0.5518,1.4332
2021-01-29,19508039.51,0.00,4,0.0000,14431602.49,2.3518,0.5518,1.4688
2021-02-01,19094555.95,0.00,4,0.0000,14435754.05,2.3227,0.5599,1.4755
2021-02-02,20443091.70,0.00,4,0.0000,14437138.30,2.4160,0.5318,1.4477
2021-02-03,20175821.32,0.00,4,0.0000,14438522.68,2.3974,0.5351,1.4566
2021-02-04,19475301.81,0.00,4,0.0000,14439907.19,2.3487,0.5664,1.4789
2021-02-05,18150395.16,0.00,4,0.0000,14441291.84,2.2568,0.5779,1.5205
2021-02-08,19547738.81,0.00,4,0.0000,14445446.19,2.3532,0.5518,1.4756
2021-02-09,20533610.63,0.00,4,0.0000,14446831.37,2.4213,0.5341,1.4450
2021-02-10,20300162.32,0.00,4,0.0000,14448216.68,2.4050,0.5381,1.4475
2021-02-18,22376258.03,0.00,4,0.0000,14902351.97,2.5015,0.5568,1.4099
2021-02-19,23027311.47,0.00,4,0.0000,15336190.53,2.5015,0.6138,1.4107
2021-02-22,22448511.69,0.00,4,0.0000,15340602.31,2.4633,0.6135,1.4130
2021-02-23,21615326.68,0.00,4,0.0000,15342073.32,2.4089,0.6219,1.4378
2021-02-24,20279640.52,0.00,4,0.0000,15343544.48,2.3217,0.6472,1.4705
2021-02-25,20397491.22,0.00,4,0.0000,15345015.78,2.3293,0.6318,1.4585
2021-02-26,18688330.78,0.00,4,0.0000,15346487.22,2.2178,0.6507,1.5091
2021-03-01,19323894.04,0.00,4,0.0000,15350901.96,2.2588,0.6322,1.4889
2021-03-02,19458640.03,0.00,4,0.0000,15352373.97,2.2675,0.6494,1.4862
2021-03-03,20615280.89,0.00,4,0.0000,15353846.11,2.3427,0.6488,1.4472
2021-03-04,19213077.60,0.00,4,0.0000,15355318.40,2.2512,0.6843,1.4829
2021-03-05,18252541.17,0.00,4,0.0000,15356790.83,2.1886,0.6874,1.5173
2021-03-08,17363054.47,0.00,4,0.0000,15361208.53,2.1303,0.7134,1.5499
2021-03-09,17127381.47,0.00,4,0.0000,15362681.53,2.1149,0.7206,1.5557
2021-03-10,17360504.34,0.00,4,0.0000,15364154.66,2.1299,0.7188,1.5496
2021-03-11,18409700.06,0.00,4,0.0000,15365627.94,2.1981,0.6945,1.5113
2021-03-12,18661906.65,0.00,4,0.0000,15367101.35,2.2144,0.7082,1.5153
2021-03-15,19245420.97,0.00,4,0.0000,15371522.03,2.2520,0.7103,1.4916
2021-03-16,18626396.13,0.00,4,0.0000,14442633.87,2.2897,0.7095,1.4571
2021-03-17,19561256.59,0.00,4,0.0000,13468184.41,2.4524,0.6942,1.3641
2021-03-18,19228646.25,430.16,4,0.0000,12806689.91,2.5015,0.6855,1.3642
2021-03-19,18356091.06,35.08,5,0.0000,12225549.02,2.5015,0.7008,1.4093
2021-03-22,18441041.34,-516.73,5,-0.0000,12281019.92,2.5016,0.6945,1.4041
2021-03-23,17188551.35,2.44,5,0.0000,11447927.09,2.5015,0.7220,1.4455
2021-03-24,15983571.60,0.00,5,0.0000,11449022.40,2.3961,0.7488,1.4884
2021-03-25,16331234.49,0.00,4,0.0000,11449607.51,2.4264,0.7474,1.4764
2021-03-26,16733004.58,0.00,4,0.0000,11450705.42,2.4613,0.7288,1.4593
2021-03-29,17595822.45,0.00,4,0.0000,11718481.55,2.5015,0.7317,1.4530
2021-03-30,17387332.76,0.00,4,0.0000,11719605.24,2.4836,0.7248,1.4542
2021-03-31,17048446.96,0.00,4,0.0000,11720729.04,2.4546,0.7359,1.4690
2021-04-01,17265159.06,0.00,4,0.0000,11721852.94,2.4729,0.7352,1.4645
2021-04-02,16859033.05,0.00,4,0.0000,11722976.95,2.4381,0.7455,1.4730
2021-04-06,17335194.56,0.00,4,0.0000,11727473.44,2.4782,0.7434,1.4527
2021-04-07,17022800.01,0.00,4,0.0000,11728597.99,2.4514,0.7504,1.4731
2021-04-08,17021829.35,0.00,4,0.0000,11729722.65,2.4512,0.7477,1.4745
2021-04-09,17336780.58,0.00,4,0.0000,11730847.42,2.4779,0.7459,1.4650
2021-04-12,16290235.95,0.00,4,0.0000,11734222.05,2.3883,0.7632,1.5038
2021-04-13,16082998.75,0.00,4,0.0000,11735347.25,2.3705,0.7639,1.5047
2021-04-14,16924673.45,0.00,4,0.0000,11736472.55,2.4421,0.7393,1.4767
2021-04-15,17503610.03,0.00,4,0.0000,11737597.97,2.4912,0.7220,1.4601
2021-04-16,17827839.71,0.00,4,0.0000,11873306.29,2.5015,0.7222,1.4610
2021-04-19,18747701.12,0.00,4,0.0000,12485684.88,2.5015,0.6922,1.4591
2021-04-20,18535501.86,0.00,4,0.0000,12486882.14,2.4844,0.7026,1.4673
2021-04-21,18249022.49,0.00,4,0.0000,12488079.51,2.4613,0.7136,1.4795
2021-04-22,18338833.00,0.00,4,0.0000,12489277.00,2.4684,0.7157,1.4803
2021-04-23,18481057.40,0.00,4,0.0000,12490474.60,2.4796,0.7022,1.4735
2021-04-26,18400022.25,0.00,4,0.0000,12494067.75,2.4727,0.7108,1.4814
2021-04-27,18185156.19,0.00,4,0.0000,12495265.81,2.4554,0.7136,1.4929
2021-04-28,18867644.47,0.00,4,0.0000,12565015.53,2.5016,0.7041,1.4804
2021-04-29,19736070.05,0.00,4,0.0000,13144071.95,2.5015,0.6886,1.4872
2021-04-30,18758777.66,0.00,4,0.0000,13145332.34,2.4270,0.6803,1.5139
2021-05-06,20024196.49,0.00,4,0.0000,13335699.51,2.5015,0.6696,1.4951
2021-05-07,20389459.16,0.00,4,0.0000,13578436.84,2.5016,0.6699,1.5027
2021-05-10,22228097.33,0.00,5,0.0000,14807098.67,2.5012,0.6471,1.5108
2021-05-11,21408533.47,0.00,5,0.0000,14808518.53,2.4457,0.6560,1.5309
2021-05-12,21818325.48,0.00,5,0.0000,14809938.52,2.4732,0.6525,1.5210
2021-05-13,20533901.35,0.00,5,0.0000,14811358.65,2.3864,0.6640,1.5569
2021-05-14,20238099.08,0.00,5,0.0000,14812778.92,2.3663,0.6659,1.5592
2021-05-17,20454365.87,0.00,5,0.0000,14817040.13,2.3805,0.6627,1.5512
2021-05-18,20225643.06,0.00,5,0.0000,14818460.94,2.3649,0.6719,1.5602
2021-05-19,19991486.11,0.00,5,0.0000,14819881.89,2.3490,0.6684,1.5665
2021-05-20,18532033.02,0.00,5,0.0000,14821302.98,2.2504,0.6954,1.6157
2021-05-21,18996739.80,0.00,5,0.0000,14822724.20,2.2816,0.6861,1.6000
2021-05-24,19357073.73,0.00,5,0.0000,14826988.27,2.3055,0.6722,1.5899
2021-05-25,19818385.96,0.00,5,0.0000,14828410.04,2.3365,0.6623,1.5723
2021-05-26,19875914.06,0.00,5,0.0000,14829831.94,2.3403,0.6621,1.5702
2021-05-27,20259896.02,0.00,5,0.0000,14831253.98,2.3660,0.6607,1.5508
2021-05-28,20284537.85,0.00,5,0.0000,14832676.15,2.3676,0.6616,1.5522
2021-05-31,20643916.91,0.00,5,0.0000,14836943.09,2.3914,0.6528,1.5465
2021-06-01,20988936.19,0.00,5,0.0000,14838365.81,2.4145,0.6491,1.5358
2021-06-02,20692985.34,0.00,5,0.0000,14839788.66,2.3944,0.6589,1.5459
2021-06-03,20876774.34,0.00,5,0.0000,14841211.66,2.4067,0.6591,1.5433
2021-06-04,20756723.21,0.00,5,0.0000,14842634.79,2.3985,0.6542,1.5461
2021-06-07,21354129.41,0.00,5,0.0000,14846904.59,2.4383,0.6465,1.5270
2021-06-08,20597937.74,0.00,5,0.0000,14848328.26,2.3872,0.6636,1.5495
2021-06-09,21225895.93,0.00,5,0.0000,14849752.07,2.4294,0.6611,1.5349
2021-06-10,21375067.98,0.00,5,0.0000,14851176.02,2.4393,0.6522,1.5320
2021-06-11,21102059.89,0.00,5,0.0000,14852600.11,2.4208,0.6612,1.5408
2021-06-15,20232789.00,0.00,5,0.0000,14858297.00,2.3617,0.6874,1.5670
2021-06-16,19478260.24,0.00,5,0.0000,14859721.76,2.3108,0.6989,1.5909
2021-06-17,19698513.33,0.00,5,0.0000,14861146.67,2.3255,0.6899,1.5838
2021-06-18,19675752.29,0.00,5,0.0000,14862571.71,2.3238,0.6751,1.5812
2021-06-21,19803482.76,0.00,5,0.0000,14866847.24,2.3321,0.6645,1.5817
2021-06-22,20312585.17,0.00,5,0.0000,14868272.83,2.3662,0.6545,1.5648
2021-06-23,21774373.44,0.00,5,0.0000,14869698.56,2.4643,0.6262,1.5254
2021-06-24,22108369.58,0.00,5,0.0000,14871124.42,2.4867,0.6203,1.5188
2021-06-25,22874469.76,0.00,5,0.0000,15233511.24,2.5016,0.6208,1.5132
2021-06-28,21467798.51,0.00,5,0.0000,15237893.49,2.4088,0.6303,1.5452
2021-06-29,20967708.35,0.00,5,0.0000,15239354.65,2.3759,0.6383,1.5566
2021-06-30,21141081.04,0.00,5,0.0000,15240815.96,2.3871,0.6362,1.5523
2021-07-01,21009088.59,0.00,5,0.0000,15242277.41,2.3783,0.6354,1.5600
2021-07-02,20984381.00,0.00,5,0.0000,15243739.00,2.3766,0.6221,1.5633
2021-07-05,22147401.82,0.00,5,0.0000,15248124.18,2.4525,0.5925,1.5334
2021-07-06,21747063.67,0.00,5,0.0000,15249586.33,2.4261,0.6096,1.5448
2021-07-07,21486548.38,0.00,5,0.0000,15251048.62,2.4089,0.6049,1.5513
2021-07-08,20408887.95,0.00,5,0.0000,15252511.05,2.3381,0.6101,1.5837
2021-07-09,21870368.29,745.61,5,0.0000,14565681.33,2.5015,0.5487,1.5106
2021-07-12,22179092.89,0.00,5,0.0000,14770937.11,2.5015,0.5449,1.5110
2021-07-13,22785088.50,390000.00,5,0.0171,14772353.50,2.5424,0.5480,1.4788
2021-07-14,22082023.97,322857.94,5,0.0146,14706627.96,2.5015,0.5793,1.4978
2021-07-15,23424189.75,322857.94,5,0.0138,14708038.19,2.5926,0.5597,1.4696
2021-07-16,23093315.39,322857.94,5,0.0140,14709448.55,2.5700,0.5677,1.4762
2021-07-19,22871029.90,322857.94,5,0.0141,14713680.03,2.5544,0.5727,1.4789
2021-07-20,23198253.00,322857.94,5,0.0139,14715090.94,2.5765,0.5697,1.4694
2021-07-21,23978823.96,322857.94,5,0.0135,14716501.97,2.6294,0.5448,1.4561
2021-07-22,25247216.79,322857.94,5,0.0128,14717913.14,2.7154,0.5225,1.4258
2021-07-23,25467799.49,322857.94,5,0.0127,14719324.45,2.7302,0.5203,1.4213
2021-07-26,26373397.16,322857.94,5,0.0122,14723558.78,2.7912,0.5353,1.4094
2021-07-27,25107347.31,322857.94,5,0.0129,14724970.62,2.7051,0.5327,1.4335
2021-07-28,24041666.33,412976.93,4,0.0172,14726382.61,2.6326,0.5324,1.4572
2021-07-29,25551790.21,412976.93,4,0.0162,14727794.73,2.7349,0.5510,1.4275
2021-07-30,27732635.95,412976.93,4,0.0149,14729206.98,2.8828,0.5585,1.3967
2021-08-02,27800510.78,412976.93,4,0.0149,14733444.15,2.8869,0.5746,1.3840
2021-08-03,26202280.07,0.00,4,0.0000,15630373.93,2.6764,0.5671,1.4055
2021-08-04,28298932.69,0.00,4,0.0000,17046331.31,2.6601,0.5776,1.3747
2021-08-05,28307352.54,0.00,4,0.0000,18462394.46,2.5332,0.5827,1.3689
2021-08-06,28632471.75,0.00,4,0.0000,19068100.25,2.5016,0.5641,1.3648
2021-08-09,28774112.62,0.00,4,0.0000,19162562.38,2.5016,0.5526,1.3476
2021-08-10,28010492.11,0.00,4,0.0000,19164399.89,2.4616,0.5393,1.3602
2021-08-11,29269426.53,0.00,4,0.0000,19492701.47,2.5016,0.5307,1.3423
2021-08-12,29245761.36,0.00,4,0.0000,19494570.64,2.5002,0.5184,1.3580
2021-08-13,29046804.02,0.00,4,0.0000,19496439.98,2.4899,0.5258,1.3574
2021-08-16,29785822.70,0.00,4,0.0000,19836255.30,2.5016,0.4997,1.3449
2021-08-17,27898422.59,0.00,4,0.0000,19838157.41,2.4063,0.5111,1.3847
2021-08-18,28787749.36,7.42,4,0.0000,19173279.06,2.5015,0.4710,1.3451
2021-08-19,29300366.66,0.00,4,0.0000,19512992.34,2.5016,0.5090,1.3582
2021-08-20,29641062.78,0.00,4,0.0000,19740104.22,2.5016,0.5337,1.3667
2021-08-23,30700190.08,0.00,4,0.0000,20446154.92,2.5015,0.5218,1.3748
2021-08-24,31429596.34,0.00,4,0.0000,20931358.66,2.5016,0.5188,1.3800
2021-08-25,32794618.41,0.00,4,0.0000,21840875.59,2.5015,0.5035,1.3967
2021-08-26,33910678.54,0.00,4,0.0000,22584291.46,2.5015,0.5113,1.4040
2021-08-27,35263476.83,0.00,4,0.0000,23485182.17,2.5015,0.5091,1.4020
2021-08-30,37225384.86,0.00,4,0.0000,24791659.14,2.5015,0.5023,1.4185
2021-08-31,40147211.73,-142.83,4,-0.0000,26738185.44,2.5015,0.4948,1.4368
2021-09-01,36671322.80,-142.83,4,-0.0000,26740749.37,2.3714,0.5300,1.4831
2021-09-02,38584087.31,483.97,5,0.0000,25701025.66,2.5013,0.5181,1.4574
2021-09-03,36690469.83,0.00,5,0.0000,25703006.17,2.4275,0.5422,1.4862
2021-09-06,38954303.29,0.00,5,0.0000,25944306.71,2.5015,0.5486,1.4075
2021-09-07,40428876.92,0.00,5,0.0000,26924734.08,2.5016,0.5378,1.3936
2021-09-08,42399069.96,0.00,5,0.0000,28237818.04,2.5015,0.5326,1.3789
2021-09-09,44653035.85,0.00,5,0.0000,29737862.15,2.5016,0.5266,1.3575
2021-09-10,42761064.27,0.00,5,0.0000,29740713.73,2.4378,0.5153,1.3717
2021-09-13,46743567.15,0.00,5,0.0000,31130365.85,2.5015,0.5074,1.3375
2021-09-14,44123795.04,0.00,5,0.0000,31133350.96,2.4173,0.5202,1.3636
2021-09-15,44623411.65,0.00,5,0.0000,31136336.35,2.4332,0.5298,1.3723
2021-09-16,43085832.98,0.00,5,0.0000,31139322.02,2.3836,0.5377,1.3856
2021-09-17,41410937.43,-44.24,5,-0.0000,27581400.33,2.5014,0.5692,1.2977
2021-09-22,44703620.99,0.00,5,0.0000,29773816.01,2.5014,0.5800,1.3822
2021-09-23,45180351.15,0.00,5,0.0000,30090517.85,2.5015,0.5669,1.4245
2021-09-24,38754270.71,0.00,5,0.0000,26220271.29,2.4780,0.5954,1.4999
2021-09-27,36684502.98,0.00,4,0.0000,26218206.02,2.3992,0.6338,1.5323
2021-09-28,38900026.91,0.00,4,0.0000,26220720.09,2.4836,0.6179,1.5020
2021-09-29,35496385.59,0.00,4,0.0000,26223234.41,2.3536,0.6328,1.5544
2021-09-30,36912722.04,0.00,4,0.0000,26225748.96,2.4075,0.6320,1.5348
2021-10-08,35853297.65,0.00,4,0.0000,26245867.35,2.3661,0.6335,1.5507
2021-10-11,38177856.47,0.00,4,0.0000,26253417.53,2.4542,0.6317,1.5170
2021-10-12,36469308.02,0.00,4,0.0000,26255934.98,2.3890,0.6418,1.5478
2021-10-13,32887550.33,0.00,4,0.0000,26258452.67,2.2525,0.6710,1.6055
2021-10-14,32589185.21,1488742.57,6,0.0457,21698848.36,2.5019,0.6766,1.4697
2021-10-15,34207249.82,-17.54,6,-0.0000,22782216.64,2.5015,0.6691,1.4783
2021-10-18,36294885.84,0.00,6,0.0000,24172466.16,2.5015,0.6532,1.4634
2021-10-19,36044146.94,0.00,6,0.0000,24174784.06,2.4910,0.6494,1.4665
2021-10-20,32635981.81,0.00,6,0.0000,24177102.19,2.3499,0.6660,1.5156
2021-10-21,35895097.24,121.70,5,0.0000,23906905.47,2.5015,0.6617,1.4706
2021-10-22,33011786.29,0.00,5,0.0000,23839164.71,2.3848,0.6694,1.5097
2021-10-25,33761826.45,0.00,5,0.0000,23846022.55,2.4158,0.6667,1.4984
2021-10-26,35047512.85,0.00,5,0.0000,23848309.15,2.4696,0.6648,1.4809
2021-10-27,33164423.02,0.00,5,0.0000,23850595.98,2.3905,0.6773,1.5096
2021-10-28,28851655.23,0.00,4,0.0000,22255901.77,2.2964,0.7052,1.5870
2021-10-29,28528992.10,0.00,4,0.0000,22258035.90,2.2817,0.7021,1.5933
2021-11-01,28554419.10,0.00,4,0.0000,22264438.90,2.2825,0.7048,1.5859
2021-11-02,27015479.16,0.00,4,0.0000,22266573.84,2.2133,0.7186,1.6251
2021-11-03,28289610.00,0.00,4,0.0000,22268709.00,2.2704,0.7030,1.5966
2021-11-04,27997630.65,0.00,4,0.0000,22270844.35,2.2571,0.7035,1.6016
2021-11-05,26190973.09,0.00,4,0.0000,22272979.91,2.1759,0.7143,1.6423
2021-11-08,26742162.79,0.00,4,0.0000,22279387.21,2.2003,0.7055,1.6288
2021-11-09,26092657.41,0.00,4,0.0000,22281523.59,2.1710,0.7116,1.6446
2021-11-10,25489847.83,0.00,4,0.0000,22283660.17,2.1439,0.7204,1.6618
2021-11-11,26071181.04,0.00,4,0.0000,22285796.96,2.1699,0.7188,1.6439
2021-11-12,25215378.05,0.00,4,0.0000,22287933.95,2.1313,0.7289,1.6673
2021-11-15,25194969.45,0.00,4,0.0000,22294345.55,2.1301,0.7288,1.6666
2021-11-16,24485527.63,0.00,4,0.0000,22296483.37,2.0982,0.7390,1.6865
2021-11-17,25128945.62,0.00,4,0.0000,22298621.38,2.1269,0.7414,1.6700
2021-11-18,25620125.39,0.00,4,0.0000,22300759.61,2.1488,0.7321,1.6581
2021-11-19,26646968.96,0.00,4,0.0000,22302898.04,2.1948,0.7234,1.6311
2021-11-22,26630473.06,0.00,4,0.0000,22309313.94,2.1937,0.7162,1.6326
2021-11-23,27060431.81,0.00,4,0.0000,22311453.19,2.2128,0.7112,1.6222
2021-11-24,28225879.36,0.00,4,0.0000,22313592.64,2.2650,0.7008,1.5970
2021-11-25,27350572.70,0.00,4,0.0000,22315732.30,2.2256,0.7129,1.6166
2021-11-26,26537258.83,0.00,4,0.0000,22317872.17,2.1891,0.7234,1.6369
2021-11-29,26062412.62,0.00,4,0.0000,22324292.38,2.1674,0.7282,1.6492
2021-11-30,25929526.94,0.00,4,0.0000,22326433.06,2.1614,0.7222,1.6531
2021-12-01,27611513.05,0.00,4,0.0000,22328573.95,2.2366,0.7079,1.6121
2021-12-02,28388360.95,0.00,4,0.0000,22330715.05,2.2713,0.7024,1.5950
2021-12-03,30506274.65,0.00,4,0.0000,22332856.35,2.3660,0.6872,1.5534
2021-12-06,30845463.13,0.00,4,0.0000,22339280.87,2.3808,0.6730,1.5475
2021-12-07,31969375.01,0.00,4,0.0000,22341422.99,2.4309,0.6572,1.5276
2021-12-08,32032804.68,0.00,4,0.0000,22343565.32,2.4336,0.6746,1.5277
2021-12-09,33512262.14,0.00,4,0.0000,22345707.86,2.4997,0.6943,1.5038
2021-12-10,32611052.40,0.00,4,0.0000,22347850.60,2.4592,0.7043,1.5185
2021-12-13,35128836.01,-15.91,4,-0.0000,23395881.08,2.5015,0.7114,1.4829
2021-12-14,34640938.56,-15.91,4,-0.0000,23398124.52,2.4805,0.7255,1.4909
2021-12-15,36633609.17,-30.03,4,-0.0000,24398056.79,2.5015,0.7330,1.4923
2021-12-16,39181263.32,0.00,4,0.0000,26094412.68,2.5015,0.6995,1.5029
2021-12-17,37703843.11,0.00,4,0.0000,26096914.89,2.4448,0.7227,1.5230
2021-12-20,36117295.78,0.00,4,0.0000,26104422.22,2.3836,0.7181,1.5462
2021-12-21,36979904.62,0.00,4,0.0000,26106925.38,2.4165,0.7210,1.5328
2021-12-22,36721585.21,0.00,4,0.0000,26109428.79,2.4064,0.7252,1.5370
2021-12-23,38006235.57,0.00,4,0.0000,26111932.43,2.4555,0.7211,1.5185
2021-12-24,35851190.42,0.00,4,0.0000,24323284.58,2.4739,0.7305,1.5498
2021-12-27,35887806.89,1268.72,5,0.0000,23895791.83,2.5018,0.7232,1.5486
2021-12-28,34326420.52,0.00,5,0.0000,23896814.48,2.4364,0.7271,1.5743
2021-12-29,33753035.04,0.00,5,0.0000,23899105.96,2.4123,0.7202,1.5843
2021-12-30,32641079.35,0.00,5,0.0000,23901397.65,2.3657,0.7244,1.6042
2021-12-31,32361302.43,0.00,5,0.0000,23903689.57,2.3538,0.7248,1.6094
2022-01-04,31950356.89,0.00,5,0.0000,23912858.11,2.3361,0.7198,1.6159
2022-01-05,31086960.88,0.00,5,0.0000,23915151.12,2.2999,0.7170,1.6317
2022-01-06,31428008.65,0.00,5,0.0000,23917444.35,2.3140,0.7187,1.6240
2022-01-07,31965960.19,0.00,5,0.0000,23919737.81,2.3364,0.7210,1.6114
2022-01-10,33246811.17,0.00,5,0.0000,23926618.83,2.3895,0.7108,1.5877
2022-01-11,32759161.84,0.00,5,0.0000,23928913.16,2.3690,0.7199,1.5964
2022-01-12,33336646.29,0.00,5,0.0000,23931207.71,2.3930,0.7240,1.5884
2022-01-13,33569325.51,0.00,5,0.0000,23933502.49,2.4026,0.7195,1.5846
2022-01-14,32358463.39,0.00,4,0.0000,22659314.61,2.4280,0.7405,1.6094
2022-01-17,32738394.96,0.00,4,0.0000,22665833.04,2.4444,0.7397,1.6031
2022-01-18,34549767.91,0.00,4,0.0000,23009926.09,2.5015,0.7265,1.5797
2022-01-19,35066572.88,0.00,5,0.0000,23354286.12,2.5015,0.7248,1.5809
2022-01-20,35412381.97,0.00,6,0.0000,23578172.03,2.5019,0.7284,1.5308
2022-01-21,34935983.05,0.00,6,0.0000,23580432.95,2.4816,0.7234,1.5406
2022-01-24,34869801.64,0.00,6,0.0000,23587216.36,2.4783,0.7180,1.5415
2022-01-25,32478666.85,0.00,6,0.0000,23589478.15,2.3768,0.7290,1.5835
2022-01-26,32521232.84,0.00,6,0.0000,23591740.16,2.3785,0.7271,1.5813
2022-01-27,32026375.62,0.00,6,0.0000,23594002.38,2.3574,0.7280,1.5922
2022-01-28,31203407.97,0.00,5,0.0000,21973961.03,2.4200,0.7411,1.6098
2022-02-07,32856681.05,0.00,5,0.0000,21995031.95,2.4938,0.7235,1.5773
2022-02-08,35880795.76,0.00,7,0.0000,23890778.24,2.5019,0.7114,1.5300
2022-02-09,36326208.99,0.00,7,0.0000,24193193.01,2.5015,0.7166,1.5241
2022-02-10,37679072.33,0.00,7,0.0000,25094296.67,2.5015,0.7114,1.5023
2022-02-11,37656360.03,0.00,7,0.0000,25096702.97,2.5005,0.7077,1.5013
2022-02-14,36664915.43,0.00,7,0.0000,25103922.57,2.4605,0.7186,1.5197
2022-02-15,35173908.20,0.00,7,0.0000,25106329.80,2.4010,0.7172,1.5432
2022-02-16,35078615.75,0.00,7,0.0000,25108737.25,2.3971,0.7052,1.5429
2022-02-17,35981596.06,0.00,7,0.0000,25111144.94,2.4329,0.7143,1.5292
2022-02-18,37834237.03,0.00,7,0.0000,25197528.97,2.5015,0.6968,1.5007
2022-02-21,38049540.69,0.00,7,0.0000,25340903.31,2.5015,0.6904,1.4991
2022-02-22,38132848.11,0.00,7,0.0000,25396171.89,2.5015,0.6918,1.4997
2022-02-23,37577587.86,0.00,7,0.0000,25398607.14,2.4795,0.6890,1.5091
2022-02-24,36864039.38,0.00,7,0.0000,25401042.62,2.4513,0.6929,1.5230
2022-02-25,34977294.66,0.00,7,0.0000,25403478.34,2.3769,0.7054,1.5525
2022-02-28,36575741.81,0.00,7,0.0000,25410786.19,2.4394,0.7156,1.5289
2022-03-01,37692048.16,0.00,7,0.0000,25413222.84,2.4832,0.6982,1.5110
2022-03-02,38109571.28,0.00,7,0.0000,25415659.72,2.4995,0.6988,1.5055
2022-03-03,38842541.79,0.00,7,0.0000,25869080.21,2.5015,0.6954,1.4944
2022-03-04,38522443.19,0.00,7,0.0000,25871560.81,2.4890,0.6901,1.5015
2022-03-07,37577831.69,0.00,7,0.0000,25879003.31,2.4521,0.6906,1.5151
2022-03-08,34541304.36,215.15,5,0.0000,23005941.79,2.5014,0.7065,1.5648
2022-03-09,35177637.09,0.00,5,0.0000,23428158.91,2.5015,0.7045,1.5557
2022-03-10,35436072.87,0.00,5,0.0000,23600344.13,2.5015,0.7163,1.5512
2022-03-11,35828780.30,0.00,5,0.0000,23861894.70,2.5015,0.7098,1.5431
2022-03-14,33650612.92,0.00,5,0.0000,23868759.08,2.4098,0.7159,1.5790
2022-03-15,29474270.83,0.00,4,0.0000,23870447.17,2.2348,0.7503,1.6670
2022-03-16,31086915.88,0.00,4,0.0000,23872736.12,2.3022,0.7236,1.6272
2022-03-17,32056787.71,0.00,4,0.0000,23875025.29,2.3427,0.7243,1.6097
2022-03-18,34291391.33,0.00,4,0.0000,23877314.67,2.4361,0.7117,1.5657
2022-03-21,35811877.51,0.00,4,0.0000,23884183.49,2.4994,0.7057,1.5427
2022-03-22,37062217.60,0.00,4,0.0000,24683301.40,2.5015,0.6930,1.5234
2022-03-23,36933011.71,0.00,4,0.0000,24685668.29,2.4961,0.6963,1.5256
2022-03-24,37070688.58,0.00,4,0.0000,24689012.42,2.5015,0.6911,1.5246
2022-03-25,37277084.29,0.00,4,0.0000,24826419.71,2.5015,0.6958,1.5203
2022-03-28,39331758.70,0.00,4,0.0000,26194994.30,2.5015,0.6908,1.5081
2022-03-29,41183755.45,-127.24,4,-0.0000,27428471.31,2.5015,0.6716,1.5172
2022-03-30,39827447.32,-127.24,4,-0.0000,27431101.44,2.4519,0.6846,1.5309
2022-03-31,40729574.94,-127.24,4,-0.0000,27433731.82,2.4847,0.6725,1.5229
2022-04-01,40536643.31,-127.24,4,-0.0000,27436362.45,2.4775,0.6691,1.5243
2022-04-06,39144411.89,-127.24,4,-0.0000,27449516.87,2.4261,0.6779,1.5440
2022-04-07,39665249.74,-127.24,4,-0.0000,27452149.01,2.4449,0.6742,1.5418
2022-04-08,40994531.35,-127.24,4,-0.0000,27454781.41,2.4932,0.6622,1.5207
2022-04-11,40339746.40,-127.24,4,-0.0000,27462679.36,2.4689,0.6785,1.5372
2022-04-12,40739006.99,-127.24,4,-0.0000,27465312.77,2.4833,0.6762,1.5300
2022-04-13,42065143.16,0.00,4,0.0000,28015141.84,2.5015,0.6727,1.5284
2022-04-14,45843526.25,0.00,4,0.0000,30531927.75,2.5015,0.6589,1.5385
2022-04-15,42056239.53,0.00,4,0.0000,30534855.47,2.3773,0.6679,1.5878
2022-04-18,38694216.53,0.00,4,0.0000,30543639.47,2.2669,0.7069,1.6430
2022-04-19,39515641.69,0.00,4,0.0000,30546568.31,2.2936,0.7072,1.6285
2022-04-20,36225086.57,0.00,4,0.0000,30549497.43,2.1858,0.7352,1.6872
2022-04-21,36040236.17,0.00,4,0.0000,30552426.83,2.1796,0.7350,1.6971
2022-04-22,36173509.48,0.00,4,0.0000,30555356.52,2.1839,0.7332,1.6952
2022-04-25,32228391.58,0.00,4,0.0000,30564146.42,2.0545,0.7897,1.7952
2022-04-26,29916169.78,0.00,4,0.0000,30567077.22,1.9787,0.8181,1.8587
2022-04-27,32795978.69,0.00,4,0.0000,30570008.31,2.0728,0.7750,1.7798
2022-04-28,36516583.32,0.00,4,0.0000,30572939.68,2.1944,0.7609,1.7006
2022-04-29,36269359.66,0.00,4,0.0000,30575871.34,2.1862,0.7595,1.7012
2022-05-05,35465929.07,0.00,4,0.0000,30593462.93,2.1593,0.7582,1.7190
2022-05-06,34614199.45,0.00,4,0.0000,30596396.55,2.1313,0.7769,1.7416
2022-05-09,33757366.74,0.00,4,0.0000,30605198.26,2.1030,0.7852,1.7619
2022-05-10,32276779.00,0.00,4,0.0000,30608133.00,2.0545,0.7845,1.7962
2022-05-11,34092043.97,0.00,4,0.0000,30611068.03,2.1137,0.7690,1.7523
2022-05-12,33140412.66,0.00,4,0.0000,30614003.34,2.0825,0.7815,1.7753
2022-05-13,34760126.07,0.00,4,0.0000,30616938.93,2.1353,0.7768,1.7365
2022-05-16,35778574.46,0.00,4,0.0000,30625746.54,2.1683,0.7721,1.7171
2022-05-17,36177672.75,0.00,4,0.0000,30628683.25,2.1812,0.7654,1.7030
2022-05-18,35283179.75,0.00,4,0.0000,30631620.25,2.1519,0.7739,1.7191
2022-05-19,35342228.47,0.00,4,0.0000,30634557.53,2.1537,0.7785,1.7177
2022-05-20,37695732.91,0.00,4,0.0000,30637495.09,2.2304,0.7571,1.6696
2022-05-23,37993205.38,0.00,4,0.0000,30646308.62,2.2397,0.7659,1.6651
2022-05-24,37117709.70,0.00,4,0.0000,30649247.30,2.2110,0.7827,1.6824
2022-05-25,38592203.73,0.00,4,0.0000,30652186.27,2.2590,0.7677,1.6551
2022-05-26,40545720.48,0.00,4,0.0000,30655125.52,2.3226,0.7579,1.6223
2022-05-27,40874042.95,0.00,4,0.0000,30658065.05,2.3332,0.7581,1.6183
2022-05-30,39874940.50,0.00,4,0.0000,30666884.50,2.3003,0.7627,1.6327
2022-05-31,39776147.84,0.00,4,0.0000,30669825.16,2.2969,0.7634,1.6311
2022-06-01,40498963.90,0.00,4,0.0000,30672766.10,2.3204,0.7644,1.6207
2022-06-02,39052017.68,0.00,4,0.0000,30675707.32,2.2731,0.7685,1.6418
2022-06-06,41165769.65,0.00,4,0.0000,30687473.35,2.3415,0.7528,1.6089
2022-06-07,40649915.02,0.00,4,0.0000,30690415.98,2.3245,0.7595,1.6192
2022-06-08,43564412.10,0.00,4,0.0000,30693358.90,2.4193,0.7451,1.5772
2022-06-09,44344677.90,0.00,4,0.0000,30696302.10,2.4446,0.7533,1.5693
2022-06-10,45633153.42,0.00,4,0.0000,30699245.58,2.4865,0.7471,1.5503
2022-06-13,45640784.13,0.00,4,0.0000,30708076.87,2.4863,0.7529,1.5454
2022-06-14,47244638.01,0.00,5,0.0000,31470249.99,2.5012,0.7389,1.5253
2022-06-15,45835964.32,0.00,5,0.0000,31473267.68,2.4563,0.7462,1.5420
2022-06-16,43267071.33,0.00,5,0.0000,31476285.67,2.3746,0.7584,1.5767
2022-06-17,43379545.06,0.00,5,0.0000,31479303.94,2.3780,0.7649,1.5742
2022-06-20,39627392.37,0.00,5,0.0000,31488359.63,2.2585,0.7828,1.6296
2022-06-21,40343570.94,0.00,5,0.0000,31491379.06,2.2811,0.7828,1.6192
2022-06-22,39040753.22,0.00,5,0.0000,31494398.78,2.2396,0.7950,1.6445
2022-06-23,40441517.21,0.00,5,0.0000,30694918.79,2.3175,0.7884,1.5970
2022-06-24,39909268.86,0.00,5,0.0000,30697862.14,2.3001,0.7949,1.6052
2022-06-27,42053453.97,0.00,5,0.0000,30706693.03,2.3695,0.7901,1.5737
2022-06-28,43907511.49,0.00,5,0.0000,30709637.51,2.4298,0.7761,1.5468
2022-06-29,43620730.73,0.00,5,0.0000,30712582.27,2.4203,0.7841,1.5547
2022-06-30,43252174.69,0.00,5,0.0000,30680757.31,2.4097,0.7838,1.5600
2022-07-01,44751913.70,0.00,5,0.0000,30683699.30,2.4585,0.7783,1.5372
2022-07-04,44942265.88,0.00,5,0.0000,30692526.12,2.4643,0.7842,1.5369
2022-07-05,47530010.21,-101.70,5,-0.0000,31655057.10,2.5015,0.7712,1.5103
2022-07-06,43665677.79,-101.70,5,-0.0000,31658092.51,2.3793,0.7877,1.5587
2022-07-07,44468088.08,-101.70,5,-0.0000,31661128.22,2.4045,0.7894,1.5438
2022-07-08,43432707.08,0.00,5,0.0000,29503455.92,2.4721,0.7382,1.5038
2022-07-11,42099695.79,0.00,5,0.0000,29511943.21,2.4265,0.7463,1.5248
2022-07-12,43165188.55,79.94,5,0.0000,28750084.39,2.5014,0.6550,1.3970
2022-07-13,42634541.70,0.00,5,0.0000,28752761.30,2.4828,0.6501,1.4022
2022-07-14,42451276.58,0.00,5,0.0000,28755518.42,2.4763,0.6581,1.4039
2022-07-15,40360880.20,0.00,5,0.0000,28758275.80,2.4035,0.6619,1.4332
2022-07-18,42718669.43,629.68,5,0.0000,28451791.25,2.5014,0.5995,1.3454
2022-07-19,42440946.18,0.00,5,0.0000,28453889.82,2.4916,0.5929,1.3449
2022-07-20,42539169.72,0.00,5,0.0000,28456618.28,2.4949,0.5939,1.3442
2022-07-21,40323194.37,263.62,5,0.0000,26856866.25,2.5014,0.5302,1.2751
2022-07-22,39875098.05,0.00,5,0.0000,26859177.95,2.4846,0.5301,1.2790
2022-07-25,39982217.44,0.00,5,0.0000,26866904.56,2.4882,0.5235,1.2809
2022-07-26,40868560.08,-0.00,5,-0.0000,27219138.92,2.5015,0.5184,1.2359
2022-07-27,40656597.80,74.72,5,0.0000,27078331.91,2.5014,0.5203,1.2356
2022-07-28,41145528.55,-0.00,5,-0.0000,27403535.45,2.5015,0.5243,1.2392
2022-07-29,40533773.28,144.82,6,0.0000,26996639.55,2.5014,0.5278,1.2358
2022-08-01,40730171.44,0.00,6,0.0000,27127215.56,2.5015,0.5261,1.2369
2022-08-02,38947413.30,44.42,5,0.0000,25946704.12,2.5011,0.5279,1.3013
2022-08-03,38579119.52,13451957.44,5,0.3487,25685213.92,2.5020,0.5275,1.0875
2022-08-04,38595355.78,7662411.66,5,0.1985,25687676.88,2.5025,0.5273,1.1901
2022-08-05,38792495.54,1843250.62,6,0.0475,25690140.08,2.5100,0.5254,1.2428
2022-08-08,39889861.89,0.00,6,0.0000,26566702.11,2.5015,0.5215,1.2373
2022-08-09,40542698.87,0.00,6,0.0000,27001353.13,2.5015,0.5237,1.2274
2022-08-10,40280769.70,0.00,6,0.0000,27003942.30,2.4917,0.5228,1.2278
2022-08-11,40854089.03,-18.86,6,-0.0000,27208838.11,2.5015,0.5201,1.2235
2022-08-12,41664826.06,0.00,6,0.0000,27748806.94,2.5015,0.5235,1.2122
2022-08-15,42300755.83,0.00,6,0.0000,28172241.17,2.5015,0.5293,1.2155
2022-08-16,42883077.01,-5.48,6,-0.0000,28560157.51,2.5015,0.5405,1.2245
2022-08-17,43376607.54,0.00,6,0.0000,28888617.46,2.5015,0.5424,1.2307
2022-08-18,43391839.33,0.00,6,0.0000,28898704.67,2.5015,0.5519,1.2324
2022-08-19,45848337.55,0.00,6,0.0000,30534973.45,2.5015,0.5745,1.2514
2022-08-22,46603622.16,0.00,6,0.0000,31037993.84,2.5015,0.5738,1.2525
2022-08-23,47474584.45,0.00,6,0.0000,31618005.55,2.5015,0.5757,1.2425
2022-08-24,45716376.58,0.00,6,0.0000,31621037.42,2.4458,0.5723,1.2638
2022-08-25,47720316.09,0.00,6,0.0000,31781717.91,2.5015,0.5711,1.2508
2022-08-26,46751293.53,0.00,6,0.0000,31605352.47,2.4792,0.5699,1.2531
2022-08-29,47415535.58,0.00,6,0.0000,31614444.42,2.4998,0.5666,1.2433
2022-08-30,43548155.19,960.57,5,0.0000,29005621.38,2.5014,0.5554,1.2998
2022-08-31,42092330.82,0.00,5,0.0000,29007442.18,2.4511,0.5323,1.3053
2022-09-01,42822175.29,0.00,5,0.0000,29010223.71,2.4761,0.5255,1.3039
2022-09-02,41937732.49,0.00,5,0.0000,29013005.51,2.4455,0.5205,1.3111
2022-09-05,43923944.86,0.00,5,0.0000,29253246.14,2.5015,0.5263,1.3012
2022-09-06,44881072.06,0.00,5,0.0000,29890740.94,2.5015,0.5426,1.3070
2022-09-07,45364679.71,0.00,5,0.0000,30212866.29,2.5015,0.5518,1.3065
2022-09-08,44564931.59,0.00,5,0.0000,30215763.41,2.4749,0.5442,1.3117
2022-09-09,46041007.14,0.00,6,0.0000,30665080.86,2.5014,0.5502,1.3003
2022-09-13,45105096.19,0.00,6,0.0000,30676842.81,2.4703,0.5480,1.3059
2022-09-14,44085431.58,0.00,6,0.0000,30679784.42,2.4370,0.5463,1.3190
2022-09-15,43719034.68,0.00,6,0.0000,30682726.32,2.4249,0.5429,1.3233
2022-09-16,40922346.50,0.00,6,0.0000,30685668.50,2.3336,0.5520,1.3577
2022-09-19,41334016.12,0.00,6,0.0000,30694495.88,2.3466,0.5493,1.3565
2022-09-20,41365108.81,0.00,6,0.0000,30697439.19,2.3475,0.5505,1.3574
2022-09-21,41530950.22,0.00,6,0.0000,30700382.78,2.3528,0.5519,1.3534
2022-09-22,42359169.35,0.00,6,0.0000,30703326.65,2.3796,0.5517,1.3504
2022-09-23,41263180.19,0.00,6,0.0000,30706270.81,2.3438,0.5514,1.3625
2022-09-26,39427594.34,0.00,5,0.0000,28320597.66,2.3922,0.5522,1.3382
2022-09-27,39388272.67,0.00,5,0.0000,28323313.33,2.3907,0.5511,1.3373
2022-09-28,38547078.73,0.00,5,0.0000,28326029.27,2.3608,0.5497,1.3544
2022-09-29,38632814.54,0.00,5,0.0000,28328745.46,2.3637,0.5558,1.3591
2022-09-30,39130964.08,0.00,5,0.0000,28331461.92,2.3812,0.5560,1.3522
2022-10-10,39198132.93,0.00,5,0.0000,28358629.07,2.3822,0.5618,1.3598
2022-10-11,38750658.68,0.00,5,0.0000,26424950.32,2.4664,0.5640,1.3237
2022-10-12,39160562.67,85.16,6,0.0000,26079924.49,2.5016,0.5628,1.3202
2022-10-13,38231285.47,0.00,6,0.0000,26023686.53,2.4691,0.5647,1.3360
2022-10-14,38982631.05,0.00,6,0.0000,26026181.95,2.4978,0.5636,1.3272
2022-10-17,38652048.07,0.00,6,0.0000,26033668.93,2.4847,0.5594,1.3319
2022-10-18,38817581.69,0.00,6,0.0000,26036165.31,2.4909,0.5634,1.3322
2022-10-19,38301822.07,0.00,6,0.0000,26038661.93,2.4710,0.5602,1.3366
2022-10-20,37753777.21,0.00,6,0.0000,26041158.79,2.4498,0.5564,1.3425
2022-10-21,37620045.91,0.00,6,0.0000,25950555.09,2.4497,0.5539,1.3395
2022-10-24,36642623.69,0.00,6,0.0000,25958020.31,2.4116,0.5583,1.3538
2022-10-25,36558949.56,0.00,6,0.0000,25960509.44,2.4083,0.5573,1.3586
2022-10-26,36622685.20,0.00,6,0.0000,25962998.80,2.4106,0.5659,1.3616
2022-10-27,37236033.63,93.97,5,0.0000,24801563.34,2.5014,0.5817,1.4019
2022-10-28,36437256.39,0.00,5,0.0000,24803847.61,2.4690,0.5958,1.4085
2022-10-31,35405704.99,1961897.10,4,0.0554,23589311.10,2.5009,0.6090,1.4384
2022-11-01,36340062.01,1961897.10,4,0.0540,23591573.09,2.5404,0.5974,1.4315
2022-11-02,36803823.80,1961897.10,4,0.0533,23593835.30,2.5599,0.5912,1.4207
2022-11-03,36710882.38,1961897.10,4,0.0534,23596097.72,2.5558,0.5900,1.4231
2022-11-04,38157438.74,1961897.10,4,0.0514,23598360.36,2.6170,0.5753,1.3989
2022-11-07,38310950.15,43357.08,5,0.0011,23605148.93,2.6230,0.5709,1.3947
2022-11-08,38094924.88,0.00,5,0.0000,25371254.12,2.5015,0.5762,1.3958
2022-11-09,37654690.02,0.00,5,0.0000,25373686.98,2.4840,0.5843,1.4074
2022-11-10,37406140.92,0.00,5,0.0000,25376120.08,2.4741,0.5868,1.4132
2022-11-11,38730057.87,-0.13,5,-0.0000,25794248.99,2.5015,0.5730,1.3934
2022-11-14,38572802.61,-0.13,5,-0.0000,25801669.26,2.4950,0.5779,1.4041
2022-11-15,38722861.48,-0.13,5,-0.0000,25804143.39,2.5006,0.5769,1.4017
2022-11-16,38411503.11,-0.13,5,-0.0000,25806617.76,2.4884,0.5791,1.4011
2022-11-17,37544214.50,-0.13,5,-0.0000,25809092.37,2.4547,0.5937,1.4226
2022-11-18,37353197.66,-0.13,5,-0.0000,25811567.21,2.4471,0.5929,1.4259
2022-11-21,37072029.41,-0.13,5,-0.0000,25818992.46,2.4358,0.5974,1.4328
2022-11-22,37826373.62,-0.13,5,-0.0000,25821468.25,2.4649,0.5931,1.4197
2022-11-23,38248581.59,-0.13,5,-0.0000,25823944.28,2.4811,0.5904,1.4114
2022-11-24,38372862.32,-0.13,5,-0.0000,25826420.55,2.4858,0.5872,1.4085
2022-11-25,39358097.59,0.00,7,0.0000,26225656.41,2.5007,0.5811,1.3921
2022-11-28,38641306.23,0.00,7,0.0000,26233200.77,2.4730,0.5919,1.4044
2022-11-29,39648355.02,0.00,7,0.0000,26405678.98,2.5015,0.5818,1.3904
2022-11-30,40310603.73,0.00,7,0.0000,26846781.27,2.5015,0.5674,1.3809
2022-12-01,40028029.38,0.00,7,0.0000,26849355.62,2.4908,0.5702,1.3873
2022-12-02,39339023.79,0.00,7,0.0000,26851930.21,2.4650,0.5777,1.3957
2022-12-05,40743587.00,0.00,7,0.0000,27135176.00,2.5015,0.5649,1.3824
2022-12-06,40752912.96,0.00,8,0.0000,27141431.04,2.5015,0.5660,1.3840
2022-12-07,40156344.36,0.00,8,0.0000,27144033.64,2.4794,0.5732,1.3960
2022-12-08,40268745.51,0.00,8,0.0000,27146636.49,2.4834,0.5752,1.3933
2022-12-09,40277907.41,0.00,8,0.0000,27149239.59,2.4836,0.5727,1.3923
2022-12-12,39185812.35,0.00,8,0.0000,27157049.65,2.4429,0.5837,1.4105
2022-12-13,39704592.25,0.00,8,0.0000,27159653.75,2.4619,0.5785,1.4036
2022-12-14,39724820.90,0.00,8,0.0000,27162258.10,2.4625,0.5794,1.4026
2022-12-15,39037376.30,0.00,8,0.0000,27164862.70,2.4371,0.5847,1.4127
2022-12-16,39356271.45,0.00,8,0.0000,27167467.55,2.4487,0.5873,1.4083
2022-12-19,38099248.97,173.84,7,0.0000,25375832.87,2.5014,0.5978,1.4833
2022-12-20,37765270.50,0.00,6,0.0000,25377755.50,2.4881,0.5980,1.4888
2022-12-21,37636744.01,0.00,6,0.0000,25380188.99,2.4829,0.6000,1.4904
2022-12-22,36945566.30,0.00,6,0.0000,25382622.70,2.4555,0.6152,1.5024
2022-12-23,36697869.57,0.00,5,0.0000,25002050.43,2.4678,0.6180,1.5056
2022-12-26,36694126.20,0.00,5,0.0000,25009242.80,2.4672,0.6141,1.5039
2022-12-27,37469610.05,0.00,5,0.0000,25011640.95,2.4981,0.6091,1.4925
2022-12-28,37521878.68,0.00,5,0.0000,25014039.32,2.5000,0.6135,1.4918
2022-12-29,36981055.07,0.00,5,0.0000,25016437.93,2.4783,0.6172,1.5005
2022-12-30,37174819.23,0.00,5,0.0000,25018836.77,2.4859,0.6179,1.4968
2023-01-03,37368195.97,0.00,5,0.0000,25028433.03,2.4930,0.6147,1.4937
2023-01-04,37449928.98,0.00,5,0.0000,25030833.02,2.4962,0.6211,1.4943
2023-01-05,38233849.45,0.00,6,0.0000,25463718.55,2.5015,0.6096,1.4949
2023-01-06,38322449.51,0.00,6,0.0000,25522611.49,2.5015,0.6082,1.4922
2023-01-09,38846482.84,0.00,6,0.0000,25871606.16,2.5015,0.6000,1.4934
2023-01-10,38690063.00,0.00,6,0.0000,25874087.00,2.4953,0.5999,1.4968
2023-01-11,39476983.34,0.00,6,0.0000,26291594.66,2.5015,0.5929,1.4939
2023-01-12,39432466.23,0.00,6,0.0000,26294115.77,2.4997,0.5936,1.4945
2023-01-13,39762349.55,0.00,6,0.0000,26481673.45,2.5015,0.5935,1.4945
2023-01-16,39520863.53,0.00,6,0.0000,26489291.47,2.4920,0.5935,1.4983
2023-01-17,39679961.47,0.00,6,0.0000,26491831.53,2.4978,0.5935,1.4950
2023-01-18,39972376.18,0.00,6,0.0000,26621405.82,2.5015,0.5904,1.4943
2023-01-19,40315266.64,0.00,6,0.0000,26849896.36,2.5015,0.5866,1.4958
2023-01-20,40864483.07,0.00,6,0.0000,27215486.93,2.5015,0.5775,1.4883
2023-01-30,40808551.03,0.00,6,0.0000,27241583.97,2.4980,0.5795,1.4922
2023-01-31,40527957.82,0.00,6,0.0000,27244196.18,2.4876,0.5799,1.4963
2023-02-01,41116937.29,0.00,6,0.0000,27383806.71,2.5015,0.5728,1.4896
2023-02-02,41031722.45,0.00,6,0.0000,27386432.55,2.4982,0.5728,1.4898
2023-02-03,40922177.35,0.00,6,0.0000,27389058.65,2.4941,0.5732,1.4932
2023-02-06,41001676.31,0.00,6,0.0000,27396937.69,2.4966,0.5720,1.4936
2023-02-07,41233788.40,-2.66,6,-0.0000,27461710.94,2.5015,0.5700,1.4908
2023-02-08,41465494.44,0.00,6,0.0000,27615916.56,2.5015,0.5691,1.4893
2023-02-09,41446392.34,0.00,6,0.0000,27618564.66,2.5007,0.5706,1.4885
2023-02-10,41406990.99,0.00,6,0.0000,27621213.01,2.4991,0.5735,1.4907
2023-02-13,41927431.80,0.00,6,0.0000,27923660.20,2.5015,0.5640,1.4857
2023-02-14,41908988.18,0.00,6,0.0000,27926337.82,2.5007,0.5631,1.4852
2023-02-15,41736302.32,0.00,6,0.0000,27929015.68,2.4944,0.5643,1.4888
2023-02-16,40715720.19,0.00,6,0.0000,27931693.81,2.4577,0.5772,1.5028
2023-02-17,40886935.81,0.00,6,0.0000,27934372.19,2.4637,0.5748,1.5005
2023-02-20,43082888.32,0.00,6,0.0000,28693156.68,2.5015,0.5534,1.4706
2023-02-21,43633791.89,0.00,6,0.0000,29059920.11,2.5015,0.5442,1.4627
2023-02-22,43730140.60,0.00,6,0.0000,29124254.40,2.5015,0.5408,1.4616
2023-02-23,43852954.22,0.00,6,0.0000,29206072.78,2.5015,0.5393,1.4597
2023-02-24,43274876.64,0.00,6,0.0000,29208873.36,2.4816,0.5465,1.4661
2023-02-27,42770781.08,0.00,6,0.0000,29217275.92,2.4639,0.5507,1.4703
2023-02-28,42736420.43,0.00,6,0.0000,29220077.57,2.4626,0.5556,1.4695
2023-03-01,43126919.50,0.00,6,0.0000,29222879.50,2.4758,0.5529,1.4656
2023-03-02,43756582.31,0.00,6,0.0000,29225681.69,2.4972,0.5482,1.4589
2023-03-03,43980940.03,0.00,6,0.0000,29291172.97,2.5015,0.5510,1.4578
2023-03-06,43166955.80,0.00,6,0.0000,29299599.20,2.4733,0.5625,1.4703
2023-03-07,43385099.25,0.00,6,0.0000,29302408.75,2.4806,0.5652,1.4657
2023-03-08,43326705.43,0.00,6,0.0000,29305218.57,2.4785,0.5693,1.4673
2023-03-09,43074497.34,0.00,6,0.0000,29308028.66,2.4697,0.5693,1.4692
2023-03-10,41726763.98,0.00,6,0.0000,29310839.02,2.4236,0.5796,1.4876
2023-03-13,42463035.10,0.00,6,0.0000,29319270.90,2.4483,0.5764,1.4778
2023-03-14,41969685.66,0.00,6,0.0000,29322082.34,2.4313,0.5843,1.4857
2023-03-15,42442464.96,0.00,6,0.0000,29324894.04,2.4473,0.5823,1.4798
2023-03-16,41549417.98,0.00,6,0.0000,29327706.02,2.4167,0.5949,1.4935
2023-03-17,42015280.73,0.00,6,0.0000,29330518.27,2.4325,0.5917,1.4866
2023-03-20,42470709.19,0.00,6,0.0000,29338955.81,2.4476,0.5911,1.4827
2023-03-21,42040002.86,0.00,6,0.0000,29341769.14,2.4328,0.5879,1.4891
2023-03-22,42801497.27,0.00,6,0.0000,29344582.73,2.4586,0.5831,1.4773
2023-03-23,43047271.40,0.00,6,0.0000,29347396.60,2.4668,0.5820,1.4739
2023-03-24,42191541.27,0.00,6,0.0000,29350210.73,2.4375,0.5870,1.4842
2023-03-27,42555997.06,0.00,6,0.0000,29358653.94,2.4495,0.5797,1.4790
2023-03-28,42962417.85,0.00,6,0.0000,29361469.15,2.4632,0.5764,1.4762
2023-03-29,42926346.36,0.00,6,0.0000,29364284.64,2.4619,0.5769,1.4782
2023-03-30,43569244.61,0.00,6,0.0000,29367100.39,2.4836,0.5706,1.4651
2023-03-31,43992388.59,0.00,6,0.0000,29369916.41,2.4979,0.5629,1.4610
2023-04-03,43866138.71,0.00,6,0.0000,29378365.29,2.4931,0.5634,1.4627
2023-04-04,43982583.60,0.00,6,0.0000,29381182.40,2.4970,0.5697,1.4607
2023-04-06,43614899.86,0.00,6,0.0000,29386817.14,2.4842,0.5778,1.4663
2023-04-07,43354757.94,0.00,6,0.0000,29389635.06,2.4752,0.5790,1.4698
2023-04-10,43101292.39,0.00,6,0.0000,29398089.61,2.4661,0.5824,1.4747
2023-04-11,43359444.39,0.00,6,0.0000,29400908.61,2.4748,0.5812,1.4730
2023-04-12,43574427.13,0.00,6,0.0000,29403727.87,2.4819,0.5850,1.4700
2023-04-13,43301306.59,0.00,6,0.0000,29406547.41,2.4725,0.5932,1.4720
2023-04-14,43373816.79,0.00,6,0.0000,29409367.21,2.4748,0.5922,1.4727
2023-04-17,45165706.45,0.00,7,0.0000,30100742.55,2.5005,0.5869,1.4503
2023-04-18,45514609.12,0.00,7,0.0000,30312647.88,2.5015,0.5867,1.4450
2023-04-19,45488895.43,0.00,7,0.0000,30315554.57,2.5005,0.5892,1.4453
2023-04-20,45449971.45,0.00,7,0.0000,30318461.55,2.4991,0.5886,1.4467
2023-04-21,44260890.20,0.00,7,0.0000,30321368.80,2.4597,0.6011,1.4618
2023-04-24,43887849.62,0.00,7,0.0000,30330091.38,2.4470,0.6084,1.4683
2023-04-25,44231498.25,0.00,7,0.0000,30332999.75,2.4582,0.6169,1.4642
2023-04-26,43691266.61,0.00,7,0.0000,30335908.39,2.4402,0.6156,1.4706
2023-04-27,43161475.69,0.00,7,0.0000,30338817.31,2.4226,0.6254,1.4762
2023-04-28,44675549.49,0.00,7,0.0000,30341726.51,2.4724,0.6042,1.4571
2023-05-04,48585591.78,0.00,8,0.0000,32358098.22,2.5015,0.5905,1.4597
2023-05-05,49329291.83,0.00,8,0.0000,32853201.17,2.5015,0.5924,1.4605
2023-05-08,51848313.51,0.00,8,0.0000,34531056.49,2.5015,0.5907,1.4625
2023-05-09,50663975.31,0.00,8,0.0000,34534367.69,2.4671,0.5940,1.4735
2023-05-10,49100214.80,0.00,8,0.0000,34537679.20,2.4216,0.5853,1.4942
2023-05-11,49083790.97,0.00,8,0.0000,34540991.03,2.4210,0.5835,1.4928
2023-05-12,47731815.82,0.00,8,0.0000,34544303.18,2.3818,0.5919,1.5085
2023-05-15,49037774.41,0.00,8,0.0000,34554240.59,2.4192,0.5831,1.4933
2023-05-16,48804943.99,0.00,8,0.0000,34557554.01,2.4123,0.5849,1.4959
2023-05-17,48256128.26,0.00,8,0.0000,34560867.74,2.3963,0.5865,1.5034
2023-05-18,48608845.20,0.00,8,0.0000,34564181.80,2.4063,0.5912,1.4979
2023-05-19,47422649.83,0.00,8,0.0000,34567412.17,2.3719,0.5948,1.5128
2023-05-22,47409840.78,0.00,8,0.0000,34577356.22,2.3711,0.5949,1.5146
2023-05-23,46891890.14,0.00,8,0.0000,34580671.86,2.3560,0.5932,1.5229
2023-05-24,45715625.09,0.00,8,0.0000,32299986.91,2.4153,0.6027,1.5409
2023-05-25,45862541.83,0.00,8,0.0000,32303084.17,2.4198,0.6042,1.5421
2023-05-26,46506765.28,0.00,8,0.0000,32306181.72,2.4396,0.6054,1.5390
2023-05-29,47306364.72,0.00,8,0.0000,32315475.28,2.4639,0.6106,1.5312
2023-05-30,46577804.98,0.00,8,0.0000,32318574.02,2.4412,0.6118,1.5409
2023-05-31,45783208.93,0.00,8,0.0000,31330623.07,2.4613,0.6192,1.5320
2023-06-01,45571259.63,0.00,8,0.0000,31333627.37,2.4544,0.6189,1.5352
2023-06-02,46313793.03,0.00,8,0.0000,31336631.97,2.4779,0.6080,1.5251
2023-06-05,47168653.87,0.00,8,0.0000,31414247.13,2.5015,0.6031,1.5151
2023-06-06,46399656.54,0.00,8,0.0000,31417259.46,2.4769,0.6173,1.5225
2023-06-07,46409479.93,0.00,8,0.0000,31420272.07,2.4771,0.6213,1.5226
2023-06-08,47436250.49,0.00,8,0.0000,31592346.51,2.5015,0.6201,1.5131
2023-06-09,47735353.60,0.00,8,0.0000,31791581.40,2.5015,0.6142,1.5143
2023-06-12,47087191.07,0.00,8,0.0000,31800726.93,2.4807,0.6062,1.5213
2023-06-13,47091377.08,257.19,8,0.0000,31363957.11,2.5014,0.6103,1.5472
2023-06-14,46283197.58,0.00,8,0.0000,31366707.42,2.4756,0.6084,1.5564
2023-06-15,46821583.15,18.86,7,0.0000,31183284.71,2.5015,0.6065,1.5511
2023-06-16,46628029.97,0.00,7,0.0000,31186256.03,2.4951,0.6049,1.5526
2023-06-19,45999180.59,0.00,7,0.0000,31195227.41,2.4746,0.6026,1.5610
2023-06-20,45599135.26,0.00,7,0.0000,31198218.74,2.4616,0.6069,1.5672
2023-06-21,45666135.65,0.00,7,0.0000,31201210.35,2.4636,0.6092,1.5672
2023-06-26,44472765.17,0.00,7,0.0000,31216169.83,2.4247,0.6157,1.5841
2023-06-27,46094683.97,0.00,6,0.0000,31215674.03,2.4767,0.6056,1.5617
2023-06-28,46654328.69,0.00,6,0.0000,31218667.31,2.4944,0.6005,1.5530
2023-06-29,46404585.12,0.00,6,0.0000,31221660.88,2.4863,0.5992,1.5573
2023-06-30,46853119.26,0.00,6,0.0000,31224654.74,2.5005,0.5999,1.5506
2023-07-03,48188759.31,0.00,6,0.0000,32093465.69,2.5015,0.6001,1.5508
2023-07-04,47831455.86,0.00,6,0.0000,32096543.14,2.4902,0.6055,1.5532
2023-07-05,47792851.11,0.00,6,0.0000,32099620.89,2.4889,0.6087,1.5527
2023-07-06,47544738.06,0.00,6,0.0000,32102698.94,2.4810,0.6110,1.5552
2023-07-07,47620962.72,0.00,6,0.0000,32105777.28,2.4833,0.6132,1.5542
2023-07-10,48128849.81,0.00,6,0.0000,32115013.19,2.4986,0.6121,1.5485
2023-07-11,48161899.29,0.00,6,0.0000,32118092.71,2.4995,0.6076,1.5490
2023-07-12,47882409.49,60.52,6,0.0000,31889834.03,2.5015,0.6103,1.5567
2023-07-13,48559269.35,0.00,6,0.0000,32340292.65,2.5015,0.6071,1.5577
2023-07-14,48972473.87,0.00,6,0.0000,32615418.13,2.5015,0.6047,1.5600
2023-07-17,48526263.35,0.00,6,0.0000,32624800.65,2.4874,0.6076,1.5666
2023-07-18,48499779.93,0.00,6,0.0000,32627729.07,2.4865,0.6088,1.5681
2023-07-19,48879791.24,0.00,6,0.0000,32630857.76,2.4980,0.6080,1.5629
2023-07-20,48629160.25,0.00,6,0.0000,32633986.75,2.4901,0.6067,1.5661
2023-07-21,48189174.97,0.00,6,0.0000,32637116.03,2.4765,0.6068,1.5724
2023-07-24,48087694.21,0.00,6,0.0000,32646504.79,2.4730,0.6095,1.5745
2023-07-25,49110744.44,0.00,6,0.0000,32707645.56,2.5015,0.6006,1.5610
2023-07-26,48909010.10,0.00,6,0.0000,32710781.90,2.4952,0.6049,1.5637
2023-07-27,49099750.44,0.00,6,0.0000,32713918.56,2.5009,0.6021,1.5622
2023-07-28,50522239.15,0.00,6,0.0000,33647537.85,2.5015,0.6056,1.5606
2023-07-31,51106015.01,0.00,6,0.0000,34036441.99,2.5015,0.6013,1.5572
2023-08-01,50981985.24,0.00,6,0.0000,34039705.76,2.4977,0.6076,1.5580
2023-08-02,49822234.16,0.00,6,0.0000,34042969.84,2.4635,0.6141,1.5725
2023-08-03,49947095.77,0.00,6,0.0000,34046234.23,2.4670,0.6112,1.5711
2023-08-04,50028824.06,0.00,6,0.0000,34049498.94,2.4693,0.6120,1.5705
2023-08-07,49623608.00,0.00,6,0.0000,34059294.00,2.4570,0.6143,1.5752
2023-08-08,49069859.04,0.00,6,0.0000,34062559.96,2.4406,0.6185,1.5813
2023-08-09,48701782.88,90.88,7,0.0000,32436712.00,2.5014,0.6168,1.5364
2023-08-10,49381925.23,0.00,7,0.0000,32888367.77,2.5015,0.6182,1.5255
2023-08-11,47445785.51,40.66,8,0.0000,31599916.15,2.5015,0.6293,1.5006
2023-08-14,46944879.29,-81.62,7,-0.0000,31266353.10,2.5015,0.6351,1.5071
2023-08-15,47625376.86,0.00,7,0.0000,31718518.14,2.5015,0.6283,1.4999
2023-08-16,47194106.36,0.00,7,0.0000,31721559.64,2.4878,0.6289,1.5055
2023-08-17,46974743.57,0.00,7,0.0000,31724601.43,2.4807,0.6304,1.5084
2023-08-18,46800620.48,0.00,7,0.0000,31727643.52,2.4751,0.6289,1.5097
2023-08-21,45717849.35,0.00,7,0.0000,31736770.65,2.4405,0.6384,1.5239
2023-08-22,46512127.10,0.00,7,0.0000,31739813.90,2.4654,0.6304,1.5118
2023-08-23,46509865.85,0.00,6,0.0000,31741473.15,2.4653,0.6314,1.5097
2023-08-24,46162193.14,0.00,6,0.0000,31744516.86,2.4542,0.6313,1.5142
2023-08-25,46151901.95,0.00,6,0.0000,31544515.05,2.4631,0.6295,1.5100
2023-08-28,47393741.39,0.00,6,0.0000,31564141.61,2.5015,0.6215,1.4917
2023-08-29,47048070.70,0.00,6,0.0000,31567168.30,2.4904,0.6299,1.4975
2023-08-30,46933398.22,0.00,5,0.0000,31565350.78,2.4869,0.6329,1.4987
2023-08-31,46913983.41,0.00,5,0.0000,31568377.59,2.4861,0.6312,1.4997
2023-09-01,48413930.40,0.00,5,0.0000,32243318.60,2.5015,0.6283,1.4756
2023-09-04,50209445.43,0.00,5,0.0000,33439080.57,2.5015,0.6178,1.4543
2023-09-05,50068471.94,0.00,5,0.0000,33442287.06,2.4972,0.6213,1.4543
2023-09-06,49905728.15,0.00,5,0.0000,33445493.85,2.4922,0.6238,1.4563
2023-09-07,50004419.04,0.00,5,0.0000,33448700.96,2.4950,0.6253,1.4540
2023-09-08,48849472.63,0.00,5,0.0000,33451908.37,2.4603,0.6282,1.4673
2023-09-11,49464340.48,0.00,5,0.0000,33461531.52,2.4782,0.6271,1.4629
2023-09-12,49214603.84,0.00,5,0.0000,33464740.16,2.4706,0.6276,1.4666
2023-09-13,49674840.90,0.00,5,0.0000,33467949.10,2.4843,0.6294,1.4599
2023-09-14,51112047.13,0.00,5,0.0000,34040531.87,2.5015,0.6261,1.4404
2023-09-15,50515942.97,0.00,5,0.0000,34043796.03,2.4839,0.6265,1.4500
2023-09-18,50500983.55,0.00,5,0.0000,34053589.45,2.4830,0.6213,1.4474
2023-09-19,50906815.14,0.00,5,0.0000,34056854.86,2.4948,0.6151,1.4410
2023-09-20,51098599.41,0.00,5,0.0000,34060120.59,2.5002,0.6114,1.4377
2023-09-21,50720801.37,0.00,5,0.0000,34063386.63,2.4890,0.6142,1.4419
2023-09-22,50760620.02,0.00,5,0.0000,34066652.98,2.4900,0.6054,1.4429
2023-09-25,51202679.78,0.00,5,0.0000,34100846.22,2.5015,0.6006,1.4392
2023-09-26,51248582.56,0.00,6,0.0000,34131476.44,2.5015,0.5996,1.4405
2023-09-27,50800293.68,0.00,6,0.0000,34134749.32,2.4882,0.6054,1.4460
2023-09-28,50806590.48,0.00,6,0.0000,34138022.52,2.4883,0.6053,1.4448
2023-10-09,51261728.89,0.00,6,0.0000,34174031.11,2.5000,0.6025,1.4387
2023-10-10,50710269.92,0.00,6,0.0000,34177308.08,2.4837,0.6047,1.4471
2023-10-11,49910160.65,0.00,6,0.0000,34180585.35,2.4602,0.5996,1.4571
2023-10-12,51130785.06,0.00,6,0.0000,34183862.94,2.4958,0.5910,1.4457
2023-10-13,51494410.38,0.00,6,0.0000,34294836.62,2.5015,0.5897,1.4422
2023-10-16,52609168.19,0.00,6,0.0000,35037720.81,2.5015,0.5941,1.4447
2023-10-17,52982714.55,-3.02,6,-0.0000,35286512.44,2.5015,0.6024,1.4458
2023-10-18,52764714.28,0.00,6,0.0000,35242985.72,2.4972,0.6031,1.4477
2023-10-19,51712512.81,0.00,6,0.0000,35246365.19,2.4672,0.6122,1.4603
2023-10-20,51259781.59,0.00,5,0.0000,35246935.41,2.4543,0.6172,1.4669
2023-10-23,50093066.06,0.00,5,0.0000,35257074.94,2.4208,0.6117,1.4789
2023-10-24,50308884.24,0.00,5,0.0000,35260455.76,2.4268,0.6215,1.4764
2023-10-25,52074477.10,0.00,5,0.0000,35263836.90,2.4767,0.6009,1.4614
2023-10-26,52645955.21,455.42,5,0.0000,35063453.21,2.5014,0.6057,1.4110
2023-10-27,52481864.25,402.03,5,0.0000,34952937.78,2.5015,0.6090,1.4105
2023-10-30,50907587.30,0.00,5,0.0000,34962590.70,2.4561,0.6227,1.4278
2023-10-31,51509349.72,0.00,5,0.0000,34965943.28,2.4731,0.6168,1.4177
2023-11-01,51918782.82,0.00,5,0.0000,34969296.18,2.4847,0.6097,1.4151
2023-11-02,52121842.60,0.00,5,0.0000,34972649.40,2.4904,0.6042,1.4129
2023-11-03,51809990.06,0.00,5,0.0000,34976002.94,2.4813,0.6078,1.4159
2023-11-06,51128946.47,0.00,5,0.0000,34986064.53,2.4614,0.6141,1.4294
2023-11-07,51671616.64,0.00,5,0.0000,34989419.36,2.4768,0.6054,1.4219
2023-11-08,51235668.49,0.00,5,0.0000,34992774.51,2.4642,0.6033,1.4252
2023-11-09,52247411.02,0.00,5,0.0000,34996129.98,2.4929,0.6010,1.4112
2023-11-10,52667908.87,0.00,5,0.0000,35076513.13,2.5015,0.5984,1.4039
2023-11-13,52134984.37,0.00,5,0.0000,35086603.63,2.4859,0.6023,1.4087
2023-11-14,51800271.90,0.00,5,0.0000,35089968.10,2.4762,0.6016,1.4143
2023-11-15,53047862.23,0.00,5,0.0000,35329661.77,2.5015,0.5976,1.4027
2023-11-16,53298144.63,0.00,5,0.0000,35496156.37,2.5015,0.5996,1.4003
2023-11-17,53309752.85,0.00,5,0.0000,35503845.15,2.5015,0.5964,1.3997
2023-11-20,53802151.50,0.00,5,0.0000,35832023.50,2.5015,0.5914,1.3967
2023-11-21,54059725.22,0.00,5,0.0000,36003734.78,2.5015,0.5929,1.3944
2023-11-22,53817584.81,0.00,5,0.0000,36007187.19,2.4946,0.5925,1.3935
2023-11-23,54625945.40,0.00,5,0.0000,36380839.60,2.5015,0.5872,1.3829
2023-11-24,54660540.64,0.00,5,0.0000,36403583.36,2.5015,0.5855,1.3798
2023-11-27,55968842.72,0.00,5,0.0000,37275213.28,2.5015,0.5940,1.3715
2023-11-28,56134237.72,0.00,5,0.0000,37385311.28,2.5015,0.5931,1.3703
2023-11-29,56379892.37,0.00,5,0.0000,37548660.63,2.5015,0.5979,1.3640
2023-11-30,56963167.59,0.00,5,0.0000,37937232.41,2.5015,0.5984,1.3611
2023-12-01,55534683.77,0.00,5,0.0000,37940870.23,2.4637,0.6146,1.3693
2023-12-04,56231052.28,0.00,5,0.0000,37951784.72,2.4816,0.6111,1.3621
2023-12-05,55528210.06,0.00,5,0.0000,37955423.94,2.4630,0.6122,1.3689
2023-12-06,55291588.50,0.00,5,0.0000,37959063.50,2.4566,0.6148,1.3721
2023-12-07,54746235.59,0.00,5,0.0000,37962703.41,2.4421,0.6175,1.3806
2023-12-08,54887412.33,0.00,5,0.0000,37966343.67,2.4457,0.6197,1.3785
2023-12-11,55537611.51,0.00,5,0.0000,37977265.49,2.4624,0.6158,1.3683
2023-12-12,56076055.85,0.00,5,0.0000,37980907.15,2.4764,0.6078,1.3626
2023-12-13,55540415.85,0.00,5,0.0000,37984549.15,2.4622,0.6099,1.3703
2023-12-14,55051950.49,0.00,5,0.0000,37988191.51,2.4492,0.6145,1.3746
2023-12-15,54209853.79,0.00,5,0.0000,37991834.21,2.4269,0.6189,1.3824
2023-12-18,54370542.63,0.00,5,0.0000,38002763.37,2.4307,0.6144,1.3785
2023-12-19,54299462.53,0.00,5,0.0000,38006407.47,2.4287,0.6131,1.3777
2023-12-20,54649790.08,0.00,5,0.0000,38010051.92,2.4378,0.6164,1.3716
2023-12-21,54699008.28,0.00,5,0.0000,38013696.72,2.4389,0.6137,1.3688
2023-12-22,55479162.13,0.00,5,0.0000,38017341.87,2.4593,0.6119,1.3573
2023-12-25,56139892.64,0.00,5,0.0000,38028278.36,2.4763,0.6080,1.3506
2023-12-26,55942729.09,0.00,5,0.0000,38031924.91,2.4709,0.6093,1.3532
2023-12-27,56137263.20,0.00,5,0.0000,38035571.80,2.4759,0.6055,1.3488
2023-12-28,55084778.95,0.00,5,0.0000,38039219.05,2.4481,0.6094,1.3584
2023-12-29,55314539.35,0.00,5,0.0000,38042866.65,2.4540,0.6027,1.3516
2024-01-02,57131643.57,0.00,5,0.0000,38057458.43,2.5012,0.6011,1.3342
2024-01-03,58072053.97,0.00,7,0.0000,38675695.03,2.5015,0.6060,1.3352
2024-01-04,59192482.83,0.00,7,0.0000,39422115.17,2.5015,0.6056,1.3269
2024-01-05,59116282.63,0.00,7,0.0000,39425895.37,2.4994,0.6027,1.3263
2024-01-08,58783813.93,0.00,7,0.0000,39437237.07,2.4906,0.6041,1.3266
2024-01-09,59126042.28,0.00,7,0.0000,39441018.72,2.4991,0.6022,1.3225
2024-01-10,58565814.26,0.00,7,0.0000,39444800.74,2.4848,0.6035,1.3262
2024-01-11,57600108.89,0.00,7,0.0000,39448583.11,2.4601,0.6049,1.3348
2024-01-12,59295095.77,0.00,7,0.0000,39490347.23,2.5015,0.6007,1.3214
2024-01-15,59876087.55,0.00,8,0.0000,39877437.45,2.5015,0.5992,1.3170
2024-01-16,60320904.58,0.00,8,0.0000,40173585.42,2.5015,0.5976,1.3198
2024-01-17,59255717.32,0.00,8,0.0000,40177437.68,2.4749,0.6014,1.3278
2024-01-18,58805128.69,0.00,8,0.0000,40181290.31,2.4635,0.5964,1.3252
2024-01-19,57477236.07,0.00,7,0.0000,40181971.93,2.4304,0.6022,1.3396
2024-01-22,55888759.87,0.00,7,0.0000,40193531.13,2.3905,0.6001,1.3539
2024-01-23,56585768.96,41.07,7,0.0000,37687298.11,2.5015,0.6065,1.3537
2024-01-24,58589122.63,0.00,7,0.0000,39021739.37,2.5014,0.6092,1.3438
2024-01-25,61418326.30,0.00,7,0.0000,40904573.70,2.5015,0.6291,1.3387
2024-01-26,62099526.51,0.00,7,0.0000,41358180.49,2.5015,0.6242,1.3347
2024-01-29,62206920.49,0.00,7,0.0000,41424594.51,2.5017,0.6303,1.3413
2024-01-30,61246575.27,0.00,7,0.0000,41428566.73,2.4784,0.6304,1.3502
2024-01-31,61105548.66,0.00,7,0.0000,41432539.34,2.4748,0.6268,1.3532
2024-02-01,60416609.68,0.00,7,0.0000,41436512.32,2.4581,0.6258,1.3557
2024-02-02,60309009.32,0.00,7,0.0000,41440485.68,2.4553,0.6209,1.3572
2024-02-05,61393695.08,0.00,7,0.0000,41452406.92,2.4811,0.6099,1.3472
2024-02-06,63329148.93,0.00,7,0.0000,42177250.07,2.5015,0.6245,1.3386
2024-02-07,65098365.45,0.00,7,0.0000,43355441.55,2.5015,0.6411,1.3261
2024-02-08,64394150.08,0.00,7,0.0000,43359598.92,2.4851,0.6375,1.3276
2024-02-19,67948940.40,0.00,7,0.0000,45253922.60,2.5015,0.6250,1.3077
2024-02-20,69087098.16,0.00,7,0.0000,46011798.84,2.5015,0.6147,1.2950
2024-02-21,68638280.07,0.00,7,0.0000,46016210.93,2.4916,0.6111,1.2971
2024-02-22,71515395.68,0.00,7,0.0000,47629243.32,2.5015,0.6184,1.2930
2024-02-23,71735604.01,0.00,7,0.0000,47775840.99,2.5015,0.6202,1.2951
2024-02-26,70266053.28,0.00,7,0.0000,47789584.72,2.4703,0.6240,1.2967
2024-02-27,70607635.72,0.00,7,0.0000,47794167.28,2.4773,0.6275,1.2939
2024-02-28,69606603.71,0.00,7,0.0000,47798750.29,2.4562,0.6342,1.3104
2024-02-29,70737608.27,0.00,7,0.0000,47803333.73,2.4798,0.6305,1.2923
2024-03-01,71008940.39,0.00,7,0.0000,47807917.61,2.4853,0.6342,1.2967
2024-03-04,73067985.86,0.00,7,0.0000,48663289.14,2.5015,0.6339,1.2849
2024-03-05,73851111.68,0.00,7,0.0000,49184720.32,2.5015,0.6254,1.2793
2024-03-06,73635479.34,0.00,7,0.0000,49189436.66,2.4970,0.6272,1.2797
2024-03-07,75355803.33,0.00,9,0.0000,50188216.67,2.5015,0.6211,1.2684
2024-03-08,75543507.79,0.00,9,0.0000,50311884.21,2.5015,0.6192,1.2617
2024-03-11,73178974.51,0.00,9,0.0000,50326357.49,2.4541,0.6271,1.2779
2024-03-12,69519362.69,0.00,9,0.0000,50331183.31,2.3812,0.6381,1.3049
2024-03-13,69706608.52,0.00,9,0.0000,46853060.48,2.4878,0.6406,1.3015
2024-03-14,70387697.28,0.00,9,0.0000,46879700.72,2.5015,0.6390,1.2920
2024-03-15,69925020.97,0.00,9,0.0000,46884196.03,2.4914,0.6413,1.2935
2024-03-18,68371400.73,0.00,9,0.0000,46897683.27,2.4579,0.6370,1.2990
2024-03-19,68119488.69,0.00,9,0.0000,46902180.31,2.4524,0.6362,1.3030
2024-03-20,68671461.40,-233.98,9,-0.0000,45736753.61,2.5015,0.6323,1.3012
2024-03-21,68713668.42,0.00,9,0.0000,45767793.58,2.5014,0.6287,1.2988
2024-03-22,68372527.95,48.59,8,0.0000,45536924.64,2.5015,0.6287,1.3066
2024-03-25,69742979.41,0.00,8,0.0000,46448874.59,2.5015,0.6237,1.2977
2024-03-26,68656961.41,0.00,8,0.0000,46453328.59,2.4780,0.6222,1.3026
2024-03-27,68363302.98,0.00,8,0.0000,46457783.02,2.4715,0.6253,1.3120
2024-03-28,68137934.13,0.00,8,0.0000,46462237.87,2.4665,0.6348,1.3112
2024-03-29,70997655.08,0.00,8,0.0000,47284291.92,2.5015,0.6365,1.2919
2024-04-01,73032308.79,0.00,7,0.0000,48641238.21,2.5014,0.6368,1.2780
2024-04-02,73400624.42,0.00,7,0.0000,48884646.58,2.5015,0.6300,1.2748
2024-04-03,76864483.65,0.00,8,0.0000,51191850.35,2.5015,0.6226,1.2439
2024-04-08,76900803.62,0.00,8,0.0000,51216394.38,2.5015,0.6261,1.2466
2024-04-09,76650188.46,0.00,8,0.0000,51221305.54,2.4965,0.6268,1.2459
2024-04-10,78230113.69,0.00,8,0.0000,52101259.31,2.5015,0.6234,1.2366
2024-04-11,79690263.37,-0.10,8,-0.0000,53073789.53,2.5015,0.6221,1.2271
2024-04-12,79994182.53,0.00,8,0.0000,53275947.47,2.5015,0.6248,1.2259
2024-04-15,85136174.54,-98.45,8,-0.0000,56700942.02,2.5015,0.6262,1.2231
2024-04-16,84599923.46,-98.45,8,-0.0000,56706379.09,2.4919,0.6419,1.2324
2024-04-17,86276771.64,0.00,9,0.0000,57460266.36,2.5015,0.6341,1.2299
2024-04-18,85044563.75,0.00,9,0.0000,57465776.25,2.4799,0.6284,1.2405
2024-04-19,86931758.60,0.00,10,0.0000,57896502.40,2.5015,0.6204,1.2412
2024-04-22,83358867.44,0.00,10,0.0000,57913157.56,2.4394,0.6253,1.2671
2024-04-23,81053998.12,0.00,10,0.0000,57918710.88,2.3994,0.6279,1.2849
2024-04-24,79642823.28,0.00,10,0.0000,57924264.72,2.3749,0.6353,1.2952
2024-04-25,80322757.89,0.00,10,0.0000,57929819.11,2.3866,0.6343,1.2880
2024-04-26,81218467.98,0.00,10,0.0000,57935374.02,2.4019,0.6415,1.2862
2024-04-29,84501452.64,0.00,10,0.0000,57952040.36,2.4581,0.6605,1.2872
2024-04-30,85406414.59,0.00,10,0.0000,57957597.41,2.4736,0.6632,1.2802
2024-05-06,86764175.13,0.00,10,0.0000,57990942.87,2.4962,0.6603,1.2800
2024-05-07,88527240.58,0.00,11,0.0000,58959190.42,2.5015,0.6499,1.2802
2024-05-08,88695182.40,0.00,11,0.0000,59070855.60,2.5015,0.6380,1.2710
2024-05-09,90500668.50,0.00,11,0.0000,60273430.50,2.5015,0.6425,1.2752
2024-05-10,90772607.69,0.00,11,0.0000,60454472.31,2.5015,0.6409,1.2757
2024-05-13,90800874.66,0.00,11,0.0000,60472965.34,2.5015,0.6478,1.2828
2024-05-14,90567385.89,0.00,11,0.0000,60478764.11,2.4975,0.6510,1.2859
2024-05-15,88806458.55,0.00,11,0.0000,60484563.45,2.4682,0.6506,1.2927
2024-05-16,87735281.66,0.00,11,0.0000,60060283.34,2.4608,0.6496,1.2995
2024-05-17,89533250.46,0.00,11,0.0000,60066042.54,2.4906,0.6429,1.2887
2024-05-20,93038483.49,0.00,11,0.0000,61963581.51,2.5015,0.6392,1.2782
2024-05-21,93992848.64,0.00,11,0.0000,62599240.36,2.5015,0.6384,1.2813
2024-05-22,95732420.34,0.00,11,0.0000,63757636.66,2.5015,0.6439,1.2870
2024-05-23,92732106.59,0.00,11,0.0000,63763750.41,2.4543,0.6514,1.3036
2024-05-24,92935942.26,0.00,11,0.0000,63769864.74,2.4574,0.6590,1.3045
2024-05-27,96103501.83,0.00,11,0.0000,64004516.17,2.5015,0.6521,1.2872
2024-05-28,94936533.41,0.00,11,0.0000,64010653.59,2.4831,0.6493,1.2899
2024-05-29,98122065.15,0.00,11,0.0000,65349129.85,2.5015,0.6403,1.2915
2024-05-30,95015598.80,0.00,11,0.0000,65355396.20,2.4538,0.6395,1.3107
2024-05-31,95386384.66,0.00,10,0.0000,65361311.34,2.4594,0.6412,1.3081
2024-06-03,94808819.09,0.00,10,0.0000,65380113.91,2.4501,0.6380,1.3101
2024-06-04,95397421.76,0.00,10,0.0000,65386383.24,2.4590,0.6372,1.3149
2024-06-05,93622959.84,0.00,10,0.0000,65392653.16,2.4317,0.6366,1.3221
2024-06-06,95995568.31,0.00,10,0.0000,65398923.69,2.4678,0.6357,1.3003
2024-06-07,96415378.18,0.00,10,0.0000,65405194.82,2.4741,0.6291,1.3000
2024-06-11,94521575.26,0.00,10,0.0000,65430281.74,2.4446,0.6337,1.3098
2024-06-12,96842799.12,0.00,10,0.0000,65436526.88,2.4800,0.6249,1.2881
2024-06-13,95305848.00,0.00,9,0.0000,65442049.00,2.4563,0.6290,1.2965
2024-06-14,93336059.93,0.00,9,0.0000,65447749.07,2.4261,0.6400,1.3055
2024-06-17,90980745.50,0.00,9,0.0000,65466576.50,2.3897,0.6368,1.3214
2024-06-18,91678245.88,0.00,9,0.0000,65472854.12,2.4002,0.6334,1.3171
2024-06-19,91756790.66,0.00,9,0.0000,65479132.34,2.4013,0.6329,1.3197
2024-06-20,92451220.84,0.00,9,0.0000,65485411.16,2.4118,0.6322,1.3109
2024-06-21,94321940.42,0.00,9,0.0000,65491690.58,2.4402,0.6222,1.3081
2024-06-24,92107472.34,0.00,9,0.0000,65510530.66,2.4060,0.6272,1.3203
2024-06-25,91449822.51,0.00,9,0.0000,65516812.49,2.3958,0.6294,1.3246
2024-06-26,92180392.08,0.00,9,0.0000,65523094.92,2.4068,0.6230,1.3248
2024-06-27,91271103.04,0.00,9,0.0000,65529377.96,2.3928,0.6197,1.3345
2024-06-28,92420622.90,0.00,9,0.0000,64479322.10,2.4333,0.6138,1.3244
2024-07-01,97268703.01,0.00,10,0.0000,64780778.99,2.5015,0.6197,1.2942
2024-07-02,96595652.16,0.00,10,0.0000,64786990.84,2.4910,0.6193,1.2977
2024-07-03,93871178.71,0.00,10,0.0000,64793203.29,2.4488,0.6192,1.3130
2024-07-04,94063540.66,0.00,10,0.0000,64799416.34,2.4516,0.6208,1.3133
2024-07-05,93530014.02,0.00,10,0.0000,64805629.98,2.4432,0.6186,1.3130
2024-07-08,93834822.30,0.00,10,0.0000,64824272.70,2.4475,0.6211,1.3078
2024-07-09,95405552.27,0.00,10,0.0000,64830488.73,2.4716,0.6284,1.2999
2024-07-10,90106539.15,0.00,10,0.0000,63276442.85,2.4240,0.6292,1.3199
2024-07-11,92181443.55,0.00,10,0.0000,63282510.45,2.4567,0.6276,1.3093
2024-07-12,89603604.57,0.00,10,0.0000,63236527.43,2.4170,0.6241,1.3249
2024-07-15,91499211.24,0.00,10,0.0000,63254718.76,2.4465,0.6197,1.3102
2024-07-16,90404663.72,0.00,10,0.0000,63260784.28,2.4291,0.6206,1.3189
2024-07-17,86207032.62,0.00,10,0.0000,63266850.38,2.3626,0.6172,1.3473
2024-07-18,86094738.72,0.00,9,0.0000,60415295.28,2.4250,0.6186,1.3458
2024-07-19,86148687.48,0.00,9,0.0000,60421088.52,2.4258,0.6104,1.3447
2024-07-22,84138820.07,0.00,9,0.0000,60438469.93,2.3921,0.6202,1.3671
2024-07-23,81172491.60,0.00,9,0.0000,60444265.40,2.3429,0.6223,1.3897
2024-07-24,81027790.57,0.00,9,0.0000,60450061.43,2.3404,0.6191,1.3898
2024-07-25,79279539.99,0.00,9,0.0000,60455858.01,2.3114,0.6223,1.4070
2024-07-26,79756277.85,0.00,9,0.0000,60461655.15,2.3191,0.6236,1.4018
2024-07-29,78568979.78,10369975.79,8,0.1320,52340120.00,2.5011,0.6303,1.3714
2024-07-30,76595255.51,161.60,11,0.0000,50998766.10,2.5019,0.6339,1.4361
2024-07-31,79146751.53,0.00,10,0.0000,52712286.47,2.5015,0.6427,1.4562
2024-08-01,76947620.92,0.00,10,0.0000,52717341.08,2.4596,0.6331,1.4685
2024-08-02,76449594.84,0.00,10,0.0000,52722396.16,2.4500,0.6284,1.4740
2024-08-05,74387803.74,0.00,9,0.0000,52736813.26,2.4105,0.6278,1.4895
2024-08-06,73150588.78,0.00,9,0.0000,52741870.22,2.3870,0.6351,1.4984
2024-08-07,75600061.34,0.00,9,0.0000,52746927.66,2.4333,0.6326,1.4748
2024-08-08,74638485.42,0.00,9,0.0000,52751985.58,2.4149,0.6379,1.4827
2024-08-09,75134812.01,0.00,9,0.0000,52757043.99,2.4242,0.6380,1.4792
2024-08-12,76742906.32,0.00,9,0.0000,52772220.68,2.4542,0.6348,1.4694
2024-08-13,76924053.97,0.00,9,0.0000,52777281.03,2.4575,0.6301,1.4687
2024-08-14,76446497.14,0.00,9,0.0000,52782341.86,2.4483,0.6284,1.4751
2024-08-15,78462157.82,0.00,9,0.0000,52787403.18,2.4864,0.6191,1.4612
2024-08-16,79742043.33,0.00,9,0.0000,53108060.67,2.5015,0.6068,1.4499
2024-08-19,81968885.24,0.00,9,0.0000,54591318.76,2.5015,0.6022,1.4339
2024-08-20,79581146.46,0.00,9,0.0000,54596553.54,2.4576,0.6050,1.4542
2024-08-21,79101197.17,0.00,9,0.0000,54601788.83,2.4487,0.6067,1.4590
2024-08-22,78892524.39,0.00,9,0.0000,54607024.61,2.4447,0.6055,1.4613
2024-08-23,79196401.10,0.00,9,0.0000,54612260.90,2.4502,0.6049,1.4589
2024-08-26,79072195.72,0.00,9,0.0000,54627971.28,2.4475,0.6059,1.4590
2024-08-27,78423086.42,0.00,9,0.0000,54633209.58,2.4354,0.5931,1.4644
2024-08-28,77616624.75,30.53,10,0.0000,51688893.78,2.5016,0.5989,1.4721
2024-08-29,74738727.61,0.00,8,0.0000,50530903.39,2.4791,0.6165,1.4994
2024-08-30,73740755.59,61.87,7,0.0000,49113023.27,2.5015,0.6307,1.5101
2024-09-02,73046625.19,0.00,7,0.0000,49127089.81,2.4869,0.6264,1.5134
2024-09-03,71795754.76,0.00,6,0.0000,49130594.24,2.4613,0.6369,1.5244
2024-09-04,70055339.60,0.00,6,0.0000,49135305.40,2.4258,0.6370,1.5382
2024-09-05,69083457.00,0.00,6,0.0000,49140017.00,2.4058,0.6382,1.5449
2024-09-06,66383406.10,0.00,5,0.0000,49103523.90,2.3519,0.6476,1.5667
2024-09-09,64268825.43,0.00,5,0.0000,49117649.57,2.3085,0.6546,1.5876
2024-09-10,64798093.52,0.00,5,0.0000,49122359.48,2.3191,0.6460,1.5801
2024-09-11,61541077.34,209.01,4,0.0000,40991070.67,2.5013,0.6627,1.6183
2024-09-12,62381822.05,0.00,4,0.0000,41546136.95,2.5015,0.6632,1.6096
2024-09-13,61894526.17,0.00,4,0.0000,41550120.83,2.4896,0.6641,1.6147
2024-09-18,64640587.82,0.00,6,0.0000,43064604.18,2.5010,0.6542,1.5889
2024-09-19,65509974.63,0.00,7,0.0000,43629765.37,2.5015,0.6624,1.5805
2024-09-20,66513346.19,0.00,8,0.0000,44297309.81,2.5015,0.6556,1.5714
2024-09-23,67350616.41,0.00,9,0.0000,44854935.59,2.5015,0.6439,1.5633
2024-09-24,74630113.37,0.00,10,0.0000,49960676.63,2.4938,0.6290,1.5109
2024-09-25,75430745.70,0.00,11,0.0000,50241009.30,2.5014,0.6177,1.4964
2024-09-26,81622171.07,0.00,11,0.0000,54360302.93,2.5015,0.5975,1.4473
2024-09-27,82783072.02,0.00,11,0.0000,55133109.98,2.5015,0.6050,1.4272
2024-09-30,90000501.18,0.00,11,0.0000,59940034.82,2.5015,0.5917,1.3688
2024-10-08,89507395.78,0.00,11,0.0000,59986016.22,2.4921,0.5833,1.3418
2024-10-09,81540048.70,0.00,11,0.0000,59991768.30,2.3592,0.6007,1.3928
2024-10-10,85753401.41,0.00,10,0.0000,59903527.59,2.4315,0.5957,1.3814
2024-10-11,84264759.24,0.00,10,0.0000,59909271.76,2.4065,0.5960,1.3912
2024-10-14,87592387.34,0.00,9,0.0000,59923137.66,2.4617,0.5874,1.3676
2024-10-15,83785949.29,0.00,9,0.0000,59928883.71,2.3981,0.5981,1.3919
2024-10-16,85251224.68,0.00,9,0.0000,59934630.32,2.4224,0.5919,1.3856
2024-10-17,83454319.53,0.00,9,0.0000,59940377.47,2.3923,0.5960,1.3996
2024-10-18,85603090.82,0.00,9,0.0000,59946125.18,2.4280,0.5901,1.3753
2024-10-21,84341275.04,0.00,9,0.0000,59963369.96,2.4065,0.5980,1.3842
2024-10-22,84704741.13,0.00,9,0.0000,59969119.87,2.4125,0.5913,1.3813
2024-10-23,84904862.77,0.00,9,0.0000,59701050.23,2.4222,0.5946,1.3768
2024-10-24,88339249.01,0.00,9,0.0000,59706774.99,2.4796,0.6129,1.3657
2024-10-25,88654943.70,0.00,9,0.0000,59712500.30,2.4847,0.6153,1.3627
2024-10-28,89760927.43,0.00,11,0.0000,59795611.57,2.5011,0.6224,1.3117
2024-10-29,87652368.90,198.95,11,0.0000,58380578.05,2.5014,0.6214,1.3060
2024-10-30,87411952.55,231.69,10,0.0000,58218094.14,2.5015,0.6339,1.3150
2024-10-31,86438675.62,142.47,10,0.0000,57570194.84,2.5014,0.6245,1.3087
2024-11-01,90276432.44,0.00,9,0.0000,60125107.56,2.5015,0.6284,1.2953
2024-11-04,92014449.63,0.00,8,0.0000,61282267.37,2.5015,0.6279,1.2832
2024-11-05,93852164.90,0.00,10,0.0000,62520049.10,2.5012,0.6199,1.2955
2024-11-06,91508477.03,86.52,11,0.0000,60946723.49,2.5015,0.6290,1.3410
2024-11-07,95291948.08,0.00,11,0.0000,63466794.92,2.5014,0.6207,1.3621
2024-11-08,93254946.36,-145.60,11,-0.0000,62109930.05,2.5014,0.6213,1.4142
2024-11-11,94047096.12,-710.57,11,-0.0000,62636935.31,2.5015,0.6043,1.4621
2024-11-12,94035622.29,220.87,9,0.0000,62628614.59,2.5015,0.5995,1.4840
2024-11-13,96437933.37,-693.65,9,-0.0000,64226814.99,2.5015,0.5904,1.4892
2024-11-14,91341554.03,187.70,8,0.0000,60841179.67,2.5013,0.6143,1.5292
2024-11-15,87833523.59,0.00,7,0.0000,60846141.41,2.4435,0.6348,1.5567
2024-11-18,88082103.91,0.00,7,0.0000,60863645.09,2.4472,0.6379,1.5572
2024-11-19,92462894.70,0.00,7,0.0000,61579888.30,2.5015,0.6024,1.5351
2024-11-20,93103826.77,0.00,6,0.0000,62007147.23,2.5015,0.6000,1.5319
2024-11-21,95171316.08,0.00,6,0.0000,63384169.92,2.5015,0.6037,1.5188
2024-11-22,89134728.77,377.79,5,0.0000,59345677.02,2.5020,0.6195,1.5625
2024-11-25,88604409.31,696.09,5,0.0000,59012634.78,2.5014,0.6156,1.5897
2024-11-26,86100620.86,182.27,4,0.0000,57344566.41,2.5015,0.6357,1.6075
2024-11-27,88194693.72,0.00,5,0.0000,58737396.28,2.5015,0.6325,1.6085
2024-11-28,84794732.37,0.00,5,0.0000,58743028.63,2.4435,0.6354,1.6326
2024-11-29,85537438.48,0.00,5,0.0000,58748661.52,2.4560,0.6327,1.6265
2024-12-02,85843558.18,0.00,5,0.0000,58765561.82,2.4608,0.6307,1.6240
2024-12-03,87125229.12,0.00,5,0.0000,58771196.88,2.4824,0.6347,1.6140
2024-12-04,87240573.53,0.00,5,0.0000,58776832.47,2.4843,0.6336,1.6147
2024-12-05,86443926.39,0.00,5,0.0000,58782468.61,2.4706,0.6282,1.6208
2024-12-06,87832633.72,0.00,5,0.0000,58788105.28,2.4941,0.6232,1.6103
2024-12-09,86056887.07,0.00,5,0.0000,58805016.93,2.4634,0.6304,1.6243
2024-12-10,85637464.23,0.00,5,0.0000,58810655.77,2.4562,0.6294,1.6269
2024-12-11,87640357.86,0.00,5,0.0000,58816295.14,2.4901,0.6279,1.6123
2024-12-12,88039379.94,0.00,5,0.0000,58821920.06,2.4967,0.6242,1.6098
2024-12-13,85328844.48,0.00,5,0.0000,58827560.52,2.4505,0.6418,1.6302
2024-12-16,83831090.31,381.88,5,0.0000,55823206.57,2.5017,0.6520,1.6486
2024-12-17,83435762.53,257.66,6,0.0000,55568851.13,2.5015,0.6528,1.6660
2024-12-18,83003475.01,0.00,6,0.0000,55573921.99,2.4936,0.6539,1.6695
2024-12-19,81202379.01,0.00,6,0.0000,55579250.99,2.4610,0.6605,1.6844
2024-12-20,79962871.49,0.00,6,0.0000,55584580.51,2.4386,0.6647,1.6951
2024-12-23,78707942.45,0.00,5,0.0000,55598695.55,2.4156,0.6705,1.7064
2024-12-24,78822203.65,0.00,4,0.0000,55603229.35,2.4176,0.6692,1.7054
2024-12-25,78421992.84,0.00,4,0.0000,55608561.16,2.4103,0.6784,1.7091
2024-12-26,77454754.51,0.00,4,0.0000,55613893.49,2.3927,0.6817,1.7180
2024-12-27,77435230.67,0.00,4,0.0000,55619226.33,2.3922,0.6826,1.7183
2024-12-30,79349389.62,0.00,4,0.0000,55635226.38,2.4262,0.6763,1.7011
2024-12-31,76257496.74,0.00,4,0.0000,55640561.26,2.3705,0.6903,1.7296
2025-01-02,74219752.94,0.00,4,0.0000,55651232.06,2.3337,0.6962,1.7498
2025-01-03,74761209.52,0.00,4,0.0000,55656568.48,2.3433,0.7052,1.7445
2025-01-06,75513673.73,0.00,4,0.0000,55672579.27,2.3564,0.7021,1.7372
2025-01-07,74937889.26,0.00,4,0.0000,55677917.74,2.3459,0.6963,1.7430
2025-01-08,73411214.28,0.00,4,0.0000,55683256.72,2.3184,0.7094,1.7585
2025-01-09,71844796.79,0.00,4,0.0000,55688596.21,2.2901,0.7128,1.7751
2025-01-10,70368284.79,0.00,4,0.0000,55693936.21,2.2635,0.7274,1.7915
2025-01-13,72659553.25,0.00,4,0.0000,55709957.75,2.3042,0.7119,1.7667
2025-01-14,74078333.20,0.00,4,0.0000,55715299.80,2.3296,0.7030,1.7521
2025-01-15,74665740.63,0.00,4,0.0000,55720642.37,2.3400,0.7097,1.7463
2025-01-16,76258402.56,0.00,4,0.0000,55725985.44,2.3685,0.7075,1.7307
2025-01-17,76547586.07,0.00,4,0.0000,55587159.93,2.3771,0.7077,1.7262
2025-01-20,74661061.24,0.00,4,0.0000,55603150.76,2.3427,0.7086,1.7447
2025-01-21,71911279.66,0.00,3,0.0000,55607951.34,2.2932,0.7219,1.7733
2025-01-22,70225887.39,0.00,3,0.0000,55613283.61,2.2628,0.7362,1.7919
2025-01-23,69927542.61,0.00,3,0.0000,55618616.39,2.2573,0.7370,1.7954
2025-01-24,70916192.32,0.00,3,0.0000,55623949.68,2.2749,0.7400,1.7844
2025-01-27,72386019.91,0.00,3,0.0000,55639951.09,2.3010,0.7502,1.7687
2025-02-05,69272521.87,0.00,3,0.0000,55687969.13,2.2439,0.7552,1.8039
2025-02-06,69043984.93,0.00,3,0.0000,55693309.07,2.2397,0.7375,1.8066
2025-02-07,70876213.47,0.00,3,0.0000,55698649.53,2.2725,0.7249,1.7859
2025-02-10,71038247.57,0.00,3,0.0000,55714672.43,2.2750,0.7175,1.7843
2025-02-11,69876605.07,0.00,3,0.0000,55720014.93,2.2541,0.7360,1.7974
2025-02-12,72848575.06,0.00,3,0.0000,55725357.94,2.3073,0.7012,1.7649
2025-02-13,70569521.53,0.00,3,0.0000,55730701.47,2.2663,0.7074,1.7897
2025-02-14,70609701.49,0.00,3,0.0000,55736045.51,2.2669,0.7021,1.7894
2025-02-17,68447854.83,0.00,3,0.0000,55752079.17,2.2277,0.7176,1.8145
2025-02-18,67261766.74,0.00,3,0.0000,55757425.26,2.2063,0.7218,1.8290
2025-02-19,66136571.14,0.00,3,0.0000,55762771.86,2.1860,0.7240,1.8431
2025-02-20,65148074.02,0.00,3,0.0000,55768118.98,2.1682,0.7341,1.8560
2025-02-21,65877162.40,0.00,3,0.0000,55773466.60,2.1812,0.7305,1.8466
2025-02-24,65195759.97,0.00,3,0.0000,55789511.03,2.1686,0.7299,1.8557
2025-02-25,64499171.30,0.00,3,0.0000,55794860.70,2.1560,0.7244,1.8650
2025-02-26,65390156.10,0.00,3,0.0000,55800210.90,2.1719,0.7219,1.8533
2025-02-27,65419587.40,0.00,3,0.0000,55805561.60,2.1723,0.7232,1.8530
2025-02-28,64286402.18,0.00,3,0.0000,55810912.82,2.1519,0.7419,1.8682
2025-03-03,68603387.99,0.00,3,0.0000,55826968.01,2.2289,0.7214,1.8138
2025-03-04,66150117.71,0.00,3,0.0000,55832321.29,2.1848,0.7372,1.8440
2025-03-05,66896464.93,0.00,3,0.0000,55837675.07,2.1981,0.7487,1.8347
2025-03-06,67494684.63,0.00,3,0.0000,55843029.37,2.2087,0.7389,1.8274
2025-03-07,68637466.82,0.00,3,0.0000,55848384.18,2.2290,0.7454,1.8137
2025-03-10,69704343.85,0.00,3,0.0000,55864450.15,2.2477,0.7417,1.8014
2025-03-11,68786229.98,0.00,3,0.0000,55869807.02,2.2312,0.7461,1.8122
2025-03-12,67510853.60,0.00,3,0.0000,55875164.40,2.2082,0.7522,1.8276
2025-03-13,69744853.71,0.00,3,0.0000,55880522.29,2.2481,0.7455,1.8012
2025-03-14,70061627.31,0.00,3,0.0000,55885880.69,2.2537,0.7352,1.7977
2025-03-17,70249333.55,0.00,3,0.0000,55901957.45,2.2567,0.7321,1.7958
2025-03-18,69533449.08,0.00,3,0.0000,55907317.92,2.2437,0.7331,1.8040
2025-03-19,68773387.11,0.00,3,0.0000,55912678.89,2.2300,0.7435,1.8130
2025-03-20,68492812.62,0.00,3,0.0000,55918040.38,2.2249,0.7485,1.8164
2025-03-21,67922947.61,0.00,3,0.0000,55923402.39,2.2146,0.7576,1.8233
2025-03-24,68816943.06,0.00,3,0.0000,55939489.94,2.2302,0.7657,1.8129
2025-03-25,69462443.00,0.00,3,0.0000,55944854.00,2.2416,0.7613,1.8054
2025-03-26,68911416.42,0.00,3,0.0000,55950218.58,2.2317,0.7576,1.8119
2025-03-27,68111962.34,0.00,3,0.0000,55955583.66,2.2173,0.7638,1.8215
2025-03-28,66743765.73,0.00,3,0.0000,55960949.27,2.1927,0.7738,1.8384
2025-03-31,66438457.38,0.00,3,0.0000,55977047.62,2.1869,0.7793,1.8425
2025-04-01,67498883.71,0.00,3,0.0000,55982415.29,2.2057,0.7727,1.8294
2025-04-02,67722037.54,0.00,3,0.0000,55987783.46,2.2096,0.7689,1.8267
2025-04-03,66606713.85,0.00,3,0.0000,55993152.15,2.1896,0.7762,1.8407
2025-04-07,56868709.78,1578.26,10,0.0000,37163664.48,2.5302,0.8202,1.3423
2025-04-08,58389086.85,-46.97,8,-0.0000,38889989.17,2.5014,0.8232,1.3937
2025-04-09,57717316.40,0.65,8,0.0000,38405754.25,2.5028,0.8221,1.4394
2025-04-10,58755270.32,0.00,8,0.0000,39130765.68,2.5015,0.8318,1.4320
2025-04-11,57692093.06,0.00,8,0.0000,39134517.94,2.4742,0.8360,1.4397
2025-04-14,59378628.16,0.00,8,0.0000,39546019.84,2.5015,0.8218,1.4246
2025-04-15,60041598.91,-23.14,8,-0.0000,39987736.95,2.5015,0.8082,1.4167
2025-04-16,60240221.51,0.00,7,0.0000,40119989.49,2.5015,0.7997,1.4121
2025-04-17,60395680.48,0.00,7,0.0000,40222967.52,2.5015,0.7999,1.4110
2025-04-18,60550978.93,0.00,7,0.0000,40326803.07,2.5015,0.8032,1.4076
2025-04-21,60159349.07,0.00,7,0.0000,40338403.93,2.4914,0.8093,1.4141
2025-04-22,60470379.00,0.00,7,0.0000,40342272.00,2.4989,0.8056,1.4113
2025-04-23,61345302.81,0.00,8,0.0000,40853000.19,2.5016,0.8121,1.4073
2025-04-24,62373573.25,0.00,8,0.0000,41540248.75,2.5015,0.8047,1.3965
2025-04-25,62275862.93,0.00,8,0.0000,41544232.07,2.4990,0.8142,1.3951
2025-04-28,61315764.85,0.00,8,0.0000,41556183.15,2.4755,0.8111,1.3999
2025-04-29,59421990.01,0.00,8,0.0000,41560167.99,2.4298,0.8153,1.4174
2025-04-30,57918286.79,0.00,8,0.0000,41564153.21,2.3935,0.8285,1.4342
2025-05-06,57857160.17,0.00,8,0.0000,41588066.83,2.3912,0.8294,1.4364
2025-05-07,58252949.27,0.00,8,0.0000,41592054.73,2.4006,0.8238,1.4308
2025-05-08,58608707.99,0.00,8,0.0000,41596043.01,2.4090,0.8188,1.4272
2025-05-09,59032715.33,0.00,8,0.0000,41600031.67,2.4191,0.8129,1.4210
2025-05-12,58846586.20,0.00,8,0.0000,41611998.80,2.4142,0.8155,1.4231
2025-05-13,59246922.01,0.00,8,0.0000,41615988.99,2.4237,0.8100,1.4144
2025-05-14,59790366.43,0.00,8,0.0000,41619979.57,2.4366,0.8026,1.4072
2025-05-15,60043150.48,0.00,8,0.0000,41442970.52,2.4488,0.7992,1.4036
2025-05-16,59862392.49,0.00,8,0.0000,41446944.51,2.4443,0.8016,1.4090
2025-05-19,62170879.40,0.00,8,0.0000,41458867.60,2.4996,0.8065,1.3943
2025-05-20,60768918.89,0.00,8,0.0000,41462843.11,2.4656,0.8025,1.4027
2025-05-21,63854768.39,0.00,8,0.0000,42527072.61,2.5015,0.7886,1.3964
2025-05-22,64832281.26,-66.01,8,-0.0000,43178346.73,2.5015,0.7870,1.3940
2025-05-23,63599068.87,-66.01,8,-0.0000,43182487.12,2.4728,0.7871,1.4046
2025-05-26,64148345.51,-66.01,8,-0.0000,43194909.48,2.4851,0.7950,1.4041
2025-05-27,64139013.53,-66.01,8,-0.0000,43199051.46,2.4847,0.7985,1.4014
2025-05-28,65240481.16,0.00,9,0.0000,43449745.84,2.5015,0.7912,1.3966
2025-05-29,66503725.81,0.00,9,0.0000,44291201.19,2.5015,0.7976,1.4035
2025-05-30,67022421.28,0.00,9,0.0000,44636431.72,2.5015,0.7938,1.4017
2025-06-03,65451470.45,0.00,9,0.0000,44653552.55,2.4658,0.7944,1.4032
2025-06-04,65613247.61,0.00,9,0.0000,44657834.39,2.4692,0.7965,1.3979
2025-06-05,64953589.35,0.00,9,0.0000,44662116.65,2.4543,0.8021,1.4062
2025-06-06,65684488.68,0.00,9,0.0000,44666399.32,2.4706,0.8055,1.4017
2025-06-09,66046716.44,0.00,9,0.0000,44679248.56,2.4782,0.8039,1.3984
2025-06-10,66264625.44,69.28,10,0.0000,44125401.85,2.5017,0.8090,1.3595
2025-06-11,66138830.23,0.00,10,0.0000,44129563.77,2.4987,0.8040,1.3596
2025-06-12,65087636.63,0.00,10,0.0000,44133795.37,2.4748,0.8100,1.3654
2025-06-13,63881242.62,0.00,10,0.0000,44138027.38,2.4473,0.8089,1.3749
2025-06-16,63361828.33,533.32,10,0.0000,42200356.99,2.5015,0.8049,1.3639
2025-06-17,64294478.06,0.00,11,0.0000,42819831.94,2.5015,0.7995,1.3591
2025-06-18,64044126.04,0.00,11,0.0000,42823937.96,2.4955,0.8009,1.3587
2025-06-19,63990886.64,0.00,11,0.0000,42828044.36,2.4941,0.8054,1.3581
2025-06-20,64931547.66,0.00,12,0.0000,43244423.34,2.5015,0.8016,1.3526
2025-06-23,67091356.72,-0.02,12,-0.0000,44682951.26,2.5015,0.7838,1.3609
2025-06-24,67215407.47,0.00,12,0.0000,44765294.53,2.5015,0.7823,1.3599
2025-06-25,66969329.61,47.07,12,0.0000,44601693.46,2.5015,0.7840,1.3557
2025-06-26,67185144.94,0.00,12,0.0000,44745264.06,2.5015,0.7879,1.3551
2025-06-27,67546390.47,0.00,12,0.0000,44985896.53,2.5015,0.7881,1.3653
2025-06-30,67252454.34,359.99,12,0.0000,44791731.65,2.5014,0.7907,1.4150
2025-07-01,67031563.11,0.01,11,0.0000,44648905.89,2.5013,0.7869,1.4591
2025-07-02,70011304.68,0.00,11,0.0000,46627259.32,2.5015,0.7814,1.4664
2025-07-03,69221169.95,0.00,10,0.0000,46552078.05,2.4870,0.7783,1.4722
2025-07-04,68896261.05,0.00,10,0.0000,46556541.95,2.4798,0.7828,1.4721
2025-07-07,68142700.07,0.00,10,0.0000,46569934.93,2.4632,0.7867,1.4769
2025-07-08,68778338.46,0.00,10,0.0000,46574400.54,2.4767,0.7786,1.4723
2025-07-09,68451848.43,0.00,10,0.0000,46578866.57,2.4696,0.7772,1.4732
2025-07-10,69034795.52,23.84,10,0.0000,45977295.32,2.5015,0.7415,1.4609
2025-07-11,69927624.97,0.00,10,0.0000,46571324.03,2.5015,0.7481,1.4643
2025-07-14,70504771.36,0.00,11,0.0000,46961182.64,2.5013,0.7374,1.5087
2025-07-15,69986427.65,0.00,10,0.0000,46964535.35,2.4902,0.7456,1.5119
2025-07-16,68448796.90,206.74,8,0.0000,45591989.84,2.5013,0.7549,1.5453
2025-07-17,69403623.60,0.00,8,0.0000,46222770.40,2.5015,0.7445,1.5464
2025-07-18,71485447.58,0.00,9,0.0000,47608985.42,2.5015,0.7277,1.5480
2025-07-21,73180614.28,0.00,9,0.0000,48737943.72,2.5015,0.7285,1.5373
2025-07-22,79587627.20,0.00,9,0.0000,53005656.80,2.5015,0.7104,1.4976
2025-07-23,79272882.18,0.00,8,0.0000,53010179.82,2.4954,0.7135,1.5001
2025-07-24,82724146.50,0.00,9,0.0000,55094206.50,2.5015,0.6844,1.4792
2025-07-25,82466322.59,219.15,8,0.0000,54927787.56,2.5014,0.6800,1.4829
2025-07-28,79489867.15,0.00,7,0.0000,54942811.85,2.4468,0.6899,1.5021
2025-07-29,80114411.09,93.67,7,0.0000,53363784.58,2.5013,0.6883,1.4973
2025-07-30,79936498.52,478.42,6,0.0000,53239483.90,2.5015,0.6979,1.5026
2025-07-31,75887222.37,0.00,6,0.0000,53244110.63,2.4253,0.7131,1.5340
2025-08-01,76305405.77,0.00,6,0.0000,53249216.23,2.4330,0.7078,1.5215
2025-08-04,76489111.50,0.00,6,0.0000,53264534.50,2.4360,0.7058,1.5189
2025-08-05,77106882.94,0.00,6,0.0000,53269642.06,2.4475,0.7071,1.5161
2025-08-06,79780162.89,0.00,6,0.0000,53274750.11,2.4975,0.6908,1.4958
2025-08-07,81701850.00,-3.43,7,-0.0000,54413525.58,2.5015,0.6759,1.4855
2025-08-08,82979804.24,0.00,7,0.0000,55264508.76,2.5015,0.6687,1.4792
2025-08-11,85233092.06,0.00,7,0.0000,56765264.94,2.5015,0.6419,1.4620
2025-08-12,87079087.30,0.00,7,0.0000,57994541.70,2.5015,0.6348,1.4519
2025-08-13,86125863.61,0.00,6,0.0000,57998992.39,2.4850,0.6446,1.4555
2025-08-14,83506351.06,0.00,6,0.0000,58004553.94,2.4397,0.6474,1.4672
2025-08-15,86401960.02,44.00,7,0.0000,57545737.98,2.5014,0.5848,1.3833
2025-08-18,85928883.76,-262.36,7,-0.0000,57230671.88,2.5014,0.5221,1.3244
2025-08-19,84010781.95,91.10,7,0.0000,55953100.15,2.5014,0.4787,1.2981
2025-08-20,84149462.30,0.00,7,0.0000,56044985.70,2.5015,0.4279,1.2435
2025-08-21,83866807.60,227.82,7,0.0000,55857290.21,2.5014,0.4130,1.2009
2025-08-22,84993945.86,0.00,7,0.0000,56607707.14,2.5015,0.4119,1.1346
2025-08-25,86484531.88,0.00,7,0.0000,57600672.12,2.5015,0.4118,1.1116
2025-08-26,87431468.00,0.00,7,0.0000,58229242.00,2.5015,0.4080,1.1065
2025-08-27,83859484.38,0.00,7,0.0000,58234825.62,2.4400,0.4143,1.1231
2025-08-28,84196323.91,0.00,6,0.0000,58239815.09,2.4457,0.4129,1.1089
2025-08-29,84719732.27,0.00,6,0.0000,58245399.73,2.4545,0.4215,1.1085
2025-09-01,85735032.74,0.00,6,0.0000,58262155.26,2.4715,0.4156,1.1052
2025-09-02,84228071.96,0.00,6,0.0000,58267742.04,2.4455,0.4106,1.1059
2025-09-03,82756136.65,0.00,6,0.0000,58273329.35,2.4201,0.4134,1.1162
2025-09-04,82538579.79,0.00,6,0.0000,58278917.21,2.4163,0.4198,1.1163
2025-09-05,88187275.10,0.00,6,0.0000,58732727.90,2.5015,0.4269,1.1027
2025-09-08,91093142.41,0.00,6,0.0000,60667806.59,2.5015,0.4221,1.0866
2025-09-09,89492582.95,0.00,6,0.0000,60673624.05,2.4750,0.4197,1.0860
2025-09-10,86558976.93,0.00,6,0.0000,60679442.07,2.4265,0.4123,1.0973
2025-09-11,88966047.35,0.00,6,0.0000,60685260.65,2.4660,0.4011,1.0905
2025-09-12,88784506.22,0.00,6,0.0000,60691079.78,2.4629,0.4028,1.0913
2025-09-15,90754052.14,0.00,6,0.0000,60708538.86,2.4949,0.4056,1.0835
2025-09-16,89194483.77,0.00,6,0.0000,60714360.23,2.4691,0.4052,1.0887
2025-09-17,93601397.87,0.00,6,0.0000,62338380.13,2.5015,0.3887,1.0837
2025-09-18,89749927.07,376.12,7,0.0000,59675690.05,2.5040,0.4404,1.2018
2025-09-19,92228541.06,0.00,7,0.0000,61423779.94,2.5015,0.4471,1.2112
2025-09-22,89896936.21,0.00,7,0.0000,61441449.79,2.4631,0.4471,1.2253
2025-09-23,88769310.56,0.00,7,0.0000,61447341.44,2.4446,0.4423,1.2400
2025-09-24,91822705.35,0.00,7,0.0000,61453233.65,2.4942,0.4324,1.2053
2025-09-25,91766807.28,626.24,6,0.0000,61117578.96,2.5015,0.4631,1.2265
2025-09-26,92694321.54,0.00,6,0.0000,61733897.46,2.5015,0.4700,1.2315
2025-09-29,94472741.24,0.00,6,0.0000,62918597.76,2.5015,0.4907,1.2358
2025-09-30,95022412.67,0.00,6,0.0000,63284871.33,2.5015,0.5035,1.2373
2025-10-09,102168849.77,0.00,5,0.0000,68046863.23,2.5014,0.5553,1.3019
2025-10-10,96951122.73,0.00,5,0.0000,68053388.27,2.4246,0.5432,1.3349
2025-10-13,97387901.72,0.00,5,0.0000,68072965.28,2.4306,0.5649,1.3454
2025-10-14,94711503.55,0.00,5,0.0000,63355462.45,2.4949,0.5483,1.3680
2025-10-15,97486744.64,0.00,6,0.0000,64925263.36,2.5015,0.5523,1.3688
2025-10-16,97993900.84,0.00,6,0.0000,65263103.16,2.5015,0.5551,1.3764
2025-10-17,95560883.96,0.00,6,0.0000,65269228.04,2.4641,0.5579,1.3994
2025-10-20,96026903.88,0.00,6,0.0000,65288004.12,2.4708,0.5425,1.3952
2025-10-21,95908193.39,0.00,6,0.0000,65294264.61,2.4689,0.5446,1.3919
2025-10-22,95720864.29,0.00,6,0.0000,65300525.71,2.4659,0.5500,1.3959
2025-10-23,100705013.89,0.00,6,0.0000,67069130.11,2.5015,0.5460,1.3867
2025-10-24,100180632.60,0.00,6,0.0000,67075561.40,2.4935,0.5557,1.3877
2025-10-27,101318380.03,0.00,7,0.0000,67484541.97,2.5014,0.5562,1.3860
2025-10-28,98989692.91,0.00,7,0.0000,67491013.09,2.4667,0.5612,1.3976
2025-10-29,103855459.69,0.00,7,0.0000,69174153.31,2.5014,0.5598,1.3871
2025-10-30,109998042.11,0.00,7,0.0000,73265835.89,2.5014,0.5797,1.4069
2025-10-31,106826316.94,435.00,7,0.0000,71152793.06,2.5014,0.5725,1.4174
2025-11-03,110630172.35,0.00,8,0.0000,73686546.65,2.5014,0.5572,1.4247
2025-11-04,107884922.37,0.00,7,0.0000,72303961.63,2.4921,0.5546,1.4392
2025-11-05,110534497.58,0.00,7,0.0000,73615838.42,2.5015,0.5623,1.4300
2025-11-06,114750258.47,0.00,7,0.0000,76423805.53,2.5015,0.5503,1.4080
2025-11-07,117293260.72,0.00,7,0.0000,78117079.28,2.5015,0.5564,1.3980
2025-11-10,120863519.62,0.00,7,0.0000,80494954.38,2.5015,0.5449,1.3839
2025-11-11,115140588.92,0.00,7,0.0000,80502673.08,2.4303,0.5502,1.4057
2025-11-12,114094622.49,0.00,7,0.0000,80510392.51,2.4171,0.5430,1.4093
2025-11-13,122288718.52,0.00,8,0.0000,81444327.48,2.5015,0.5572,1.3814
2025-11-14,117865759.79,0.00,8,0.0000,81452137.21,2.4471,0.5500,1.3991
2025-11-17,123738933.63,0.00,9,0.0000,82410078.37,2.5015,0.5757,1.3857
2025-11-18,116803585.98,0.00,8,0.0000,82417383.02,2.4172,0.5877,1.4150
2025-11-19,122456953.21,111.47,9,0.0000,81531093.26,2.5020,0.5947,1.4965
2025-11-20,118188512.16,0.00,9,0.0000,81538799.84,2.4495,0.6038,1.5164
2025-11-21,108622885.37,0.00,9,0.0000,81546618.63,2.3320,0.5912,1.5654
2025-11-24,102882485.29,0.00,8,0.0000,81569174.71,2.2613,0.5743,1.5995
2025-11-25,106237193.59,0.00,8,0.0000,81576996.41,2.3023,0.5789,1.5783
2025-11-26,106316822.76,0.00,7,0.0000,76312121.24,2.3932,0.5834,1.5782
2025-11-27,106518681.20,0.00,7,0.0000,71001434.80,2.5002,0.5615,1.5263
2025-11-28,107062037.41,0.00,7,0.0000,71303115.59,2.5015,0.5527,1.5259
2025-12-01,107957418.34,0.00,7,0.0000,71899003.66,2.5015,0.5585,1.5256
2025-12-02,104826992.19,49.34,8,0.0000,69845545.15,2.5008,0.5734,1.4919
2025-12-03,104657325.67,0.00,8,0.0000,69852193.33,2.4983,0.5693,1.4921
2025-12-04,104833689.54,-204.78,9,-0.0000,69824434.68,2.5014,0.5694,1.4902
2025-12-05,108026796.56,0.00,9,0.0000,71945993.44,2.5015,0.5516,1.4731
2025-12-08,107740533.76,0.00,9,0.0000,71966690.24,2.4971,0.5450,1.4764
2025-12-09,103577370.09,0.00,8,0.0000,71972106.91,2.4391,0.5595,1.5004
2025-12-10,104570095.65,0.00,8,0.0000,71979008.35,2.4528,0.5514,1.4954
2025-12-11,103957305.56,0.00,8,0.0000,71985910.44,2.4441,0.5516,1.4996
2025-12-12,104636749.80,0.00,8,0.0000,71992813.20,2.4534,0.5503,1.4955
2025-12-15,102176983.54,0.00,8,0.0000,72013523.46,2.4189,0.5558,1.5075
2025-12-16,99955245.13,0.00,8,0.0000,72020428.87,2.3879,0.5698,1.5229
2025-12-17,102988081.06,0.00,8,0.0000,72027334.94,2.4298,0.5466,1.5033
2025-12-18,104565289.33,0.00,8,0.0000,72034241.67,2.4516,0.5585,1.4943
2025-12-19,104818559.94,0.00,8,0.0000,72041149.06,2.4550,0.5479,1.4915
2025-12-22,106717555.77,0.00,8,0.0000,72061873.23,2.4809,0.5428,1.4824
2025-12-23,108372340.95,0.00,8,0.0000,72175875.05,2.5015,0.5299,1.4744
2025-12-24,108178367.43,233.41,7,0.0000,72048220.98,2.5015,0.5291,1.4747
2025-12-25,107129207.70,0.00,7,0.0000,72054896.30,2.4868,0.5319,1.4809
2025-12-26,110656192.55,0.00,8,0.0000,73697057.45,2.5015,0.5137,1.4628
2025-12-29,106818415.03,0.00,8,0.0000,73718257.97,2.4490,0.5346,1.4822
2025-12-30,109201211.15,0.00,8,0.0000,73725326.85,2.4812,0.5201,1.4670
2025-12-31,107769414.60,0.00,8,0.0000,73732396.40,2.4616,0.5211,1.4714
2026-01-05,111674417.74,0.00,9,0.0000,74374953.26,2.5015,0.5100,1.4535
2026-01-06,118419913.03,-245.65,8,-0.0000,78867994.32,2.5015,0.4927,1.4209
2026-01-07,118514518.39,0.00,8,0.0000,78929934.61,2.5015,0.4985,1.4214
2026-01-08,116956031.35,0.00,7,0.0000,78936698.65,2.4816,0.5063,1.4317
2026-01-09,118519614.08,0.00,7,0.0000,78944267.92,2.5013,0.5021,1.4206
2026-01-12,119845472.62,0.00,7,0.0000,79816751.38,2.5015,0.4965,1.4180
2026-01-13,122162526.19,0.00,8,0.0000,81358833.81,2.5015,0.4852,1.4044
2026-01-14,120381420.66,0.00,8,0.0000,81366635.34,2.4795,0.4897,1.4095
2026-01-15,122814682.24,0.00,8,0.0000,81793941.76,2.5015,0.4766,1.3947
2026-01-16,118317451.98,0.00,8,0.0000,81801785.02,2.4464,0.4887,1.4133
2026-01-19,118611291.96,0.00,8,0.0000,81825317.04,2.4496,0.4866,1.4073
2026-01-20,119787247.70,0.00,8,0.0000,81833163.30,2.4638,0.4878,1.4023
2026-01-21,118458945.68,0.00,8,0.0000,81841010.32,2.4474,0.4909,1.4074
2026-01-22,119082219.92,0.00,8,0.0000,81848858.08,2.4549,0.4842,1.4008
2026-01-23,120504966.40,0.00,8,0.0000,81856706.60,2.4721,0.4933,1.3935
2026-01-26,122857327.58,0.00,8,0.0000,81880254.42,2.5005,0.4755,1.3743
2026-01-27,119207226.05,0.00,8,0.0000,81888105.95,2.4557,0.4844,1.3897
2026-01-28,126964031.97,0.00,8,0.0000,84558031.03,2.5015,0.4556,1.3447
2026-01-29,124931024.66,0.00,8,0.0000,84566139.34,2.4773,0.4681,1.3517
2026-01-30,116667189.58,0.00,8,0.0000,84574248.42,2.3795,0.5031,1.3896
2026-02-02,104407972.00,0.00,8,0.0000,84598578.00,2.2342,0.5281,1.4601
2026-02-03,107873793.81,0.00,8,0.0000,84606690.19,2.2750,0.5091,1.4366
2026-02-04,115752813.84,0.00,8,0.0000,84614803.16,2.3680,0.5161,1.4004
2026-02-05,108429278.09,0.00,8,0.0000,84622916.91,2.2813,0.5352,1.4354
2026-02-06,109393031.56,0.00,8,0.0000,84631031.44,2.2926,0.5317,1.4317
2026-02-09,111530654.65,0.00,8,0.0000,84655377.35,2.3175,0.5352,1.4208
2026-02-10,112559332.01,0.00,8,0.0000,84663494.99,2.3295,0.5397,1.4200
2026-02-11,115741887.59,0.00,8,0.0000,84671613.41,2.3670,0.5296,1.4055
2026-02-12,115344873.40,0.00,8,0.0000,84679732.60,2.3621,0.5339,1.4075
2026-02-13,110592700.42,0.00,8,0.0000,84687852.58,2.3059,0.5424,1.4363
2026-02-24,117010490.14,0.00,8,0.0000,84777180.86,2.3802,0.5286,1.3997
2026-02-25,118814338.82,0.00,8,0.0000,84785310.18,2.4014,0.5159,1.3897
2026-02-26,119891193.72,0.00,8,0.0000,84793440.28,2.4139,0.5102,1.3869
2026-02-27,125021214.85,0.00,8,0.0000,84801571.15,2.4743,0.4994,1.3677
2026-03-02,131769753.30,0.00,8,0.0000,87758738.70,2.5015,0.4960,1.3352
2026-03-03,129896188.08,0.00,8,0.0000,87767153.92,2.4800,0.5129,1.3375
2026-03-04,131781223.05,0.00,8,0.0000,87775569.95,2.5013,0.5049,1.3263
2026-03-05,134041445.62,0.00,8,0.0000,89271446.38,2.5015,0.4950,1.3173
2026-03-06,131505932.34,0.00,8,0.0000,89280006.66,2.4730,0.4998,1.3271
2026-03-09,134911535.11,0.00,8,0.0000,89850657.89,2.5015,0.4963,1.3105
2026-03-10,131705365.29,0.00,8,0.0000,89322003.71,2.4745,0.5016,1.3249
2026-03-11,135864761.11,0.00,8,0.0000,90485765.89,2.5015,0.4929,1.3048
2026-03-12,143077507.21,-583.19,7,-0.0000,95290617.59,2.5015,0.4916,1.2778
2026-03-13,139711690.76,-583.19,7,-0.0000,95299755.05,2.4660,0.4947,1.2925
2026-03-16,135247308.76,-583.19,7,-0.0000,95327170.05,2.4188,0.5045,1.3151
2026-03-17,128092960.80,-583.19,7,-0.0000,95336311.01,2.3436,0.5252,1.3502
2026-03-18,125225671.96,-583.19,7,-0.0000,95345452.85,2.3134,0.5389,1.3651
2026-03-19,123125482.24,-583.19,7,-0.0000,95354595.56,2.2912,0.5695,1.3757
2026-03-20,124442323.65,-583.19,7,-0.0000,95363739.15,2.3049,0.5749,1.3771
2026-03-23,122227785.25,-583.19,7,-0.0000,95391172.56,2.2813,0.5868,1.3952
2026-03-24,123928148.25,0.00,7,0.0000,89209767.75,2.3892,0.5646,1.3874
2026-03-25,124423656.26,0.00,7,0.0000,83001408.74,2.4991,0.5452,1.3861
2026-03-26,125736069.60,0.00,7,0.0000,83742602.40,2.5015,0.5522,1.3844
2026-03-27,128837850.74,0.00,8,0.0000,85808994.26,2.5014,0.5523,1.3938
2026-03-30,132155209.85,0.00,7,0.0000,88016267.15,2.5015,0.5738,1.4083
2026-03-31,126119214.94,0.00,7,0.0000,88024707.06,2.4328,0.5857,1.4291
2026-04-01,125579032.21,0.00,7,0.0000,88033147.79,2.4265,0.5834,1.4304
2026-04-02,128986216.68,0.00,7,0.0000,88041589.32,2.4651,0.5763,1.4157
2026-04-03,126134200.33,0.00,7,0.0000,88050031.67,2.4325,0.5804,1.4272
2026-04-07,131306624.45,618.09,6,0.0000,87451632.64,2.5015,0.5866,1.4238
2026-04-08,134036392.85,0.00,6,0.0000,89267964.15,2.5015,0.5755,1.4149
2026-04-09,133515618.90,0.00,6,0.0000,89276524.10,2.4955,0.5775,1.4206
2026-04-10,133152520.14,0.00,6,0.0000,89285084.86,2.4913,0.5782,1.4272
2026-04-13,133704419.39,0.00,6,0.0000,89310769.61,2.4971,0.5779,1.4400
2026-04-14,135870982.59,0.00,6,0.0000,90489930.41,2.5015,0.5703,1.4361
2026-04-15,136341519.99,0.00,6,0.0000,90803077.01,2.5015,0.5740,1.4336
2026-04-16,140962458.28,0.00,6,0.0000,93880893.72,2.5015,0.5732,1.4412
2026-04-17,141353242.44,0.00,6,0.0000,94141275.56,2.5015,0.5690,1.4421
2026-04-20,139157267.70,0.00,6,0.0000,94168357.30,2.4777,0.5715,1.4510
2026-04-21,146754431.27,0.00,7,0.0000,97738691.73,2.5015,0.5878,1.4523
2026-04-22,145493444.07,0.00,7,0.0000,97748063.93,2.4885,0.5924,1.4613
2026-04-23,143960870.97,0.00,7,0.0000,97757437.03,2.4726,0.6138,1.4681
2026-04-24,149936286.05,0.00,8,0.0000,99857633.95,2.5015,0.6041,1.4604
2026-04-27,144635497.88,0.00,8,0.0000,99886360.12,2.4480,0.6043,1.4807
2026-04-28,146461427.74,0.00,8,0.0000,99895938.26,2.4661,0.6116,1.4743
2026-04-29,149280226.68,0.00,8,0.0000,99905517.32,2.4942,0.6028,1.4750
2026-04-30,152258695.63,0.00,8,0.0000,101404326.37,2.5015,0.5910,1.4692
2026-05-06,154754988.74,0.00,7,0.0000,103066429.26,2.5015,0.5763,1.4617
2026-05-07,143049763.66,0.00,7,0.0000,103076312.34,2.3878,0.5797,1.4950
2026-05-08,138127738.63,0.00,7,0.0000,103086196.37,2.3399,0.5941,1.5196
2026-05-11,139382976.70,0.00,7,0.0000,103115851.30,2.3517,0.5888,1.5153
2026-05-12,137367555.76,462.91,7,0.0000,91485518.15,2.5015,0.5990,1.5274
2026-05-13,135576390.17,0.00,7,0.0000,91493827.83,2.4818,0.5982,1.5354
2026-05-14,132350851.79,0.00,7,0.0000,91502601.21,2.4464,0.6099,1.5493
2026-05-15,129462715.57,0.00,7,0.0000,91511375.43,2.4147,0.6374,1.5620
2026-05-18,130124509.14,275.58,6,0.0000,86667393.44,2.5014,0.6483,1.5613
2026-05-19,128419894.56,0.00,6,0.0000,86675428.44,2.4816,0.6569,1.5689
2026-05-20,129913578.15,41.78,6,0.0000,86522565.64,2.5015,0.6435,1.5488
2026-05-21,123875700.46,0.00,6,0.0000,86530820.54,2.4316,0.6539,1.5774
2026-05-22,125057124.98,0.00,6,0.0000,86539118.02,2.4451,0.6449,1.5725
2026-05-25,127483589.17,0.00,6,0.0000,86564012.83,2.4727,0.6481,1.5622
2026-05-26,129511541.51,0.00,6,0.0000,86572313.49,2.4960,0.6396,1.5527
2026-05-27,128465687.15,0.00,5,0.0000,86574931.85,2.4839,0.6639,1.5581
2026-05-28,127509293.57,77.91,5,0.0000,84927277.34,2.5014,0.6689,1.6028
2026-05-29,131969252.75,0.00,5,0.0000,87891208.25,2.5015,0.6746,1.5819
2026-06-01,137209306.93,0.00,5,0.0000,91380933.07,2.5015,0.6748,1.5583
2026-06-02,133782889.37,0.00,5,0.0000,91389695.63,2.4639,0.6817,1.5706
2026-06-03,134654393.40,1714.37,6,0.0000,89681238.98,2.5015,0.6966,1.5171
2026-06-04,132031479.82,0.00,6,0.0000,89688124.18,2.4721,0.7180,1.5308
2026-06-05,129742142.59,0.00,6,0.0000,89696724.41,2.4465,0.7235,1.5394
2026-06-08,128553656.98,890.81,5,0.0000,85618751.83,2.5015,0.7479,1.5453
2026-06-09,128280346.96,0.00,5,0.0000,85626071.04,2.4981,0.7280,1.5445
2026-06-10,127105007.25,0.00,5,0.0000,85634281.75,2.4843,0.7246,1.5463
2026-06-11,130401454.53,0.00,5,0.0000,86846306.47,2.5015,0.7143,1.5421
2026-06-12,130889806.91,0.00,6,0.0000,87172558.09,2.5015,0.7134,1.5382
2026-06-15,124589279.88,0.00,6,0.0000,87197635.12,2.4288,0.7012,1.5658
2026-06-16,117787919.46,0.00,6,0.0000,87205996.54,2.3507,0.7165,1.6021
2026-06-17,113683345.52,0.00,5,0.0000,87210987.48,2.3035,0.7174,1.6261
2026-06-18,108998416.46,0.00,4,0.0000,87218639.54,2.2497,0.7289,1.6575
2026-06-22,115543974.73,0.00,4,0.0000,87252093.27,2.3243,0.6974,1.6225
2026-06-23,107939107.09,0.00,4,0.0000,87260459.91,2.2370,0.7235,1.6638
2026-06-24,110887976.65,0.00,4,0.0000,87268827.35,2.2706,0.6874,1.6519
2026-06-25,106260700.41,0.00,4,0.0000,87277195.59,2.2175,0.7034,1.6807
2026-06-26,100280204.76,0.00,4,0.0000,84141697.24,2.1918,0.7139,1.6898
2026-06-29,102416414.62,0.00,4,0.0000,84165902.38,2.2168,0.7092,1.6751
2026-06-30,99517334.91,0.00,4,0.0000,84173973.09,2.1823,0.7072,1.6976
2026-07-01,102520240.44,0.00,4,0.0000,84182044.56,2.2178,0.7074,1.6758
2026-07-02,104113889.18,0.00,4,0.0000,84190116.82,2.2367,0.7142,1.6615
2026-07-03,104265834.16,0.00,4,0.0000,84198189.84,2.2383,0.7145,1.6605
2026-07-06,110584480.76,0.00,4,0.0000,84222411.24,2.3130,0.7228,1.6207
2026-07-07,108839498.64,0.00,4,0.0000,84230487.36,2.2922,0.7267,1.6303
2026-07-08,104556034.75,0.00,4,0.0000,84238564.25,2.2412,0.7790,1.6540
2026-07-09,98145000.07,0.00,4,0.0000,84246641.93,2.1650,0.8038,1.6980
2026-07-10,98384091.63,0.00,4,0.0000,84254720.37,2.1677,0.8057,1.6954
2026-07-13,99312594.47,0.00,4,0.0000,83511304.53,2.1892,0.8341,1.6897
2026-07-14,107054154.54,0.00,4,0.0000,83519312.46,2.2818,0.7931,1.6417
2026-07-15,108531728.84,0.00,4,0.0000,83527321.16,2.2994,0.7843,1.6290
2026-07-16,106724901.37,0.00,4,0.0000,83535330.63,2.2776,0.7735,1.6399
2026-07-17,104512011.13,0.00,4,0.0000,83543340.87,2.2510,0.8042,1.6538
2026-07-20,105370835.11,0.00,4,0.0000,83567373.89,2.2609,0.8206,1.6469
2026-07-21,101801067.80,0.00,4,0.0000,83575387.20,2.2181,0.8147,1.6726
2026-07-22,106150772.73,0.00,4,0.0000,83583401.27,2.2700,0.8110,1.6420
2026-07-23,111870089.88,0.00,4,0.0000,83591416.12,2.3383,0.7806,1.6087
2026-07-24,105596891.26,0.00,4,0.0000,83599431.74,2.2631,0.8090,1.6461
2026-07-27,105375980.11,0.00,4,0.0000,83623480.89,2.2601,0.8061,1.6495
2026-07-28,104255310.42,0.00,4,0.0000,83631499.58,2.2466,0.8095,1.6551
2026-07-29,107854508.96,0.00,4,0.0000,83639519.04,2.2895,0.7901,1.6327
2026-07-30,108415119.74,0.00,4,0.0000,83647539.26,2.2961,0.7892,1.6277
2026-07-31,108122151.74,0.00,4,0.0000,83655560.26,2.2925,0.7933,1.6311
2026-08-03,105800097.44,0.00,4,0.0000,83679625.56,2.2643,0.7904,1.6454
2026-08-04,105409459.93,0.00,4,0.0000,78421288.07,2.3441,0.7348,1.6011
2026-08-05,106915173.12,0.00,4,0.0000,73087874.88,2.4628,0.6736,1.5441
2026-08-06,110623382.65,0.00,6,0.0000,73677475.35,2.5015,0.6780,1.5254
2026-08-07,111397391.20,0.00,7,0.0000,74190672.80,2.5015,0.6776,1.5225
2026-08-10,112886310.98,0.00,8,0.0000,75191123.02,2.5013,0.6687,1.5159
2026-08-11,111509034.88,0.00,8,0.0000,75198333.12,2.4829,0.6769,1.5223
2026-08-12,111560633.08,0.00,8,0.0000,75205543.92,2.4834,0.6766,1.5222
2026-08-13,109154095.59,0.00,8,0.0000,75212755.41,2.4513,0.6916,1.5338
2026-08-14,110783872.40,0.00,8,0.0000,75219967.60,2.4728,0.6814,1.5260
2026-08-17,111496866.78,0.00,8,0.0000,75241606.22,2.4819,0.6770,1.5230
2026-08-18,111079118.83,0.00,8,0.0000,75248821.17,2.4762,0.6796,1.5249
2026-08-19,108906931.19,0.00,8,0.0000,75256036.81,2.4472,0.6931,1.5353
2026-08-20,108277769.55,0.00,7,0.0000,74305957.45,2.4572,0.6971,1.5386
2026-08-21,110837033.56,1914.76,8,0.0000,73805470.20,2.5017,0.6811,1.4761
2026-08-24,112220234.54,0.00,8,0.0000,74736787.46,2.5015,0.6727,1.4704
2026-08-25,109147299.00,0.00,8,0.0000,74743954.00,2.4603,0.6916,1.4835
2026-08-26,110709997.77,0.00,8,0.0000,74751121.23,2.4810,0.6818,1.4767
2026-08-27,112583612.11,0.00,8,0.0000,74979967.89,2.5015,0.6705,1.4693
2026-08-28,115482606.75,0.00,8,0.0000,76910069.25,2.5015,0.6537,1.4579
