security_code,date,close,band_report_date,band_available_at,split_factor,cash_adjustment,intrinsic_value,band_low,band_high,valuation_ratio,upside_to_low,valuation_label,ev_ps,pv_equity,minority_claim_event
000022,2002-04-29,13.6200,2002-03-31,2002-04-30,1.000000,0.0000,2.9572,2.6615,3.2530,4.6056,-0.8046,需更乐观假设才支撑,5.7275,4.6056,
000022,2002-04-30,13.5200,2002-03-31,2002-04-30,1.000000,0.0000,2.9572,2.6615,3.2530,4.5718,-0.8031,需更乐观假设才支撑,5.7275,4.5718,
000022,2002-05-08,13.4000,2002-03-31,2002-04-30,1.000000,0.0000,2.9572,2.6615,3.2530,4.5313,-0.8014,需更乐观假设才支撑,5.7275,4.5313,
000022,2002-05-09,13.5000,2002-03-31,2002-04-30,1.000000,0.0000,2.9572,2.6615,3.2530,4.5651,-0.8029,需更乐观假设才支撑,5.7275,4.5651,
000022,2002-05-13,13.1300,2002-03-31,2002-04-30,1.000000,0.0000,2.9572,2.6615,3.2530,4.4400,-0.7973,需更乐观假设才支撑,5.7275,4.4400,
000022,2002-05-14,13.0900,2002-03-31,2002-04-30,1.000000,0.0000,2.9572,2.6615,3.2530,4.4264,-0.7967,需更乐观假设才支撑,5.7275,4.4264,
000022,2002-05-15,12.9100,2002-03-31,2002-04-30,1.000000,0.0000,2.9572,2.6615,3.2530,4.3656,-0.7938,需更乐观假设才支撑,5.7275,4.3656,
000022,2002-05-16,12.4800,2002-03-31,2002-04-30,1.000000,0.0000,2.9572,2.6615,3.2530,4.2202,-0.7867,需更乐观假设才支撑,5.7275,4.2202,
000022,2002-05-17,12.6400,2002-03-31,2002-04-30,1.000000,0.0000,2.9572,2.6615,3.2530,4.2743,-0.7894,需更乐观假设才支撑,5.7275,4.2743,
000022,2002-05-20,12.2900,2002-03-31,2002-04-30,1.000000,0.0000,2.9572,2.6615,3.2530,4.1559,-0.7834,需更乐观假设才支撑,5.7275,4.1559,
000022,2002-05-21,12.7500,2002-03-31,2002-04-30,1.000000,0.0000,2.9572,2.6615,3.2530,4.3115,-0.7913,需更乐观假设才支撑,5.7275,4.3115,
000022,2002-05-22,12.4700,2002-03-31,2002-04-30,1.000000,0.0000,2.9572,2.6615,3.2530,4.2168,-0.7866,需更乐观假设才支撑,5.7275,4.2168,
000022,2002-05-23,12.7100,2002-03-31,2002-04-30,1.000000,0.0000,2.9572,2.6615,3.2530,4.2979,-0.7906,需更乐观假设才支撑,5.7275,4.2979,
000022,2002-05-24,12.4100,2002-03-31,2002-04-30,1.000000,0.0000,2.9572,2.6615,3.2530,4.1965,-0.7855,需更乐观假设才支撑,5.7275,4.1965,
000022,2002-05-27,12.4500,2002-03-31,2002-04-30,1.000000,0.0000,2.9572,2.6615,3.2530,4.2100,-0.7862,需更乐观假设才支撑,5.7275,4.2100,
000022,2002-05-28,12.5100,2002-03-31,2002-04-30,1.000000,0.0000,2.9572,2.6615,3.2530,4.2303,-0.7872,需更乐观假设才支撑,5.7275,4.2303,
000022,2002-05-29,12.1500,2002-03-31,2002-04-30,1.000000,0.0000,2.9572,2.6615,3.2530,4.1086,-0.7809,需更乐观假设才支撑,5.7275,4.1086,
000022,2002-05-30,12.0000,2002-03-31,2002-04-30,1.000000,0.0000,2.9572,2.6615,3.2530,4.0578,-0.7782,需更乐观假设才支撑,5.7275,4.0578,
000022,2002-05-31,11.8000,2002-03-31,2002-04-30,1.000000,0.0000,2.9572,2.6615,3.2530,3.9902,-0.7744,需更乐观假设才支撑,5.7275,3.9902,
000022,2002-06-03,11.4000,2002-03-31,2002-04-30,1.000000,0.0000,2.9572,2.6615,3.2530,3.8549,-0.7665,需更乐观假设才支撑,5.7275,3.8549,
000022,2002-06-04,11.5900,2002-03-31,2002-04-30,1.000000,0.0000,2.9572,2.6615,3.2530,3.9192,-0.7704,需更乐观假设才支撑,5.7275,3.9192,
000022,2002-06-05,11.1700,2002-03-31,2002-04-30,1.000000,0.0000,2.9572,2.6615,3.2530,3.7772,-0.7617,需更乐观假设才支撑,5.7275,3.7772,
000022,2002-06-06,11.8900,2002-03-31,2002-04-30,1.000000,0.0000,2.9572,2.6615,3.2530,4.0206,-0.7762,需更乐观假设才支撑,5.7275,4.0206,
000022,2002-06-07,11.9400,2002-03-31,2002-04-30,1.000000,0.0000,2.9572,2.6615,3.2530,4.0376,-0.7771,需更乐观假设才支撑,5.7275,4.0376,
000022,2002-06-10,11.8000,2002-03-31,2002-04-30,1.000000,0.0000,2.9572,2.6615,3.2530,3.9902,-0.7744,需更乐观假设才支撑,5.7275,3.9902,
000022,2002-06-11,11.9400,2002-03-31,2002-04-30,1.000000,0.0000,2.9572,2.6615,3.2530,4.0376,-0.7771,需更乐观假设才支撑,5.7275,4.0376,
000022,2002-06-12,11.9000,2002-03-31,2002-04-30,1.000000,0.0000,2.9572,2.6615,3.2530,4.0240,-0.7763,需更乐观假设才支撑,5.7275,4.0240,
000022,2002-06-13,11.6500,2002-03-31,2002-04-30,1.000000,0.0000,2.9572,2.6615,3.2530,3.9395,-0.7715,需更乐观假设才支撑,5.7275,3.9395,
000022,2002-06-14,11.5800,2002-03-31,2002-04-30,1.000000,0.0000,2.9572,2.6615,3.2530,3.9158,-0.7702,需更乐观假设才支撑,5.7275,3.9158,
000022,2002-06-17,11.7100,2002-03-31,2002-04-30,1.000000,0.0000,2.9572,2.6615,3.2530,3.9598,-0.7727,需更乐观假设才支撑,5.7275,3.9598,
000022,2002-06-18,12.0300,2002-03-31,2002-04-30,1.000000,0.0000,2.9572,2.6615,3.2530,4.0680,-0.7788,需更乐观假设才支撑,5.7275,4.0680,
000022,2002-06-19,11.8500,2002-03-31,2002-04-30,1.000000,0.0000,2.9572,2.6615,3.2530,4.0071,-0.7754,需更乐观假设才支撑,5.7275,4.0071,
000022,2002-06-20,12.0200,2002-03-31,2002-04-30,1.000000,0.0000,2.9572,2.6615,3.2530,4.0646,-0.7786,需更乐观假设才支撑,5.7275,4.0646,
000022,2002-06-21,13.1100,2002-03-31,2002-04-30,1.000000,0.0000,2.9572,2.6615,3.2530,4.4332,-0.7970,需更乐观假设才支撑,5.7275,4.4332,
000022,2002-06-24,14.4200,2002-03-31,2002-04-30,1.000000,0.0000,2.9572,2.6615,3.2530,4.8762,-0.8154,需更乐观假设才支撑,5.7275,4.8762,
000022,2002-06-25,14.6400,2002-03-31,2002-04-30,1.000000,0.0000,2.9572,2.6615,3.2530,4.9506,-0.8182,需更乐观假设才支撑,5.7275,4.9506,
000022,2002-06-26,14.3300,2002-03-31,2002-04-30,1.000000,0.0000,2.9572,2.6615,3.2530,4.8457,-0.8143,需更乐观假设才支撑,5.7275,4.8457,
000022,2002-06-27,14.4300,2002-03-31,2002-04-30,1.000000,0.0000,2.9572,2.6615,3.2530,4.8796,-0.8156,需更乐观假设才支撑,5.7275,4.8796,
000022,2002-06-28,14.1600,2002-03-31,2002-04-30,1.000000,0.0000,2.9572,2.6615,3.2530,4.7883,-0.8120,需更乐观假设才支撑,5.7275,4.7883,
000022,2002-07-01,14.0200,2002-03-31,2002-04-30,1.000000,0.0000,2.9572,2.6615,3.2530,4.7409,-0.8102,需更乐观假设才支撑,5.7275,4.7409,
000022,2002-07-02,14.2900,2002-03-31,2002-04-30,1.000000,0.0000,2.9572,2.6615,3.2530,4.8322,-0.8137,需更乐观假设才支撑,5.7275,4.8322,
000022,2002-07-03,14.3300,2002-03-31,2002-04-30,1.000000,0.0000,2.9572,2.6615,3.2530,4.8457,-0.8143,需更乐观假设才支撑,5.7275,4.8457,
000022,2002-07-04,14.2700,2002-03-31,2002-04-30,1.000000,0.0000,2.9572,2.6615,3.2530,4.8254,-0.8135,需更乐观假设才支撑,5.7275,4.8254,
000022,2002-07-05,14.2700,2002-03-31,2002-04-30,1.000000,0.0000,2.9572,2.6615,3.2530,4.8254,-0.8135,需更乐观假设才支撑,5.7275,4.8254,
000022,2002-07-08,14.5300,2002-03-31,2002-04-30,1.000000,0.1020,2.8552,2.5595,3.1510,5.0889,-0.8238,需更乐观假设才支撑,5.7275,5.0889,
000022,2002-07-09,14.3800,2002-03-31,2002-04-30,1.000000,0.1020,2.8552,2.5595,3.1510,5.0364,-0.8220,需更乐观假设才支撑,5.7275,5.0364,
000022,2002-07-10,14.1400,2002-03-31,2002-04-30,1.000000,0.1020,2.8552,2.5595,3.1510,4.9523,-0.8190,需更乐观假设才支撑,5.7275,4.9523,
000022,2002-07-11,14.1600,2002-03-31,2002-04-30,1.000000,0.1020,2.8552,2.5595,3.1510,4.9593,-0.8192,需更乐观假设才支撑,5.7275,4.9593,
000022,2002-07-12,14.1000,2002-03-31,2002-04-30,1.000000,0.1020,2.8552,2.5595,3.1510,4.9383,-0.8185,需更乐观假设才支撑,5.7275,4.9383,
000022,2002-07-15,14.0100,2002-03-31,2002-04-30,1.000000,0.1020,2.8552,2.5595,3.1510,4.9068,-0.8173,需更乐观假设才支撑,5.7275,4.9068,
000022,2002-07-16,13.9200,2002-03-31,2002-04-30,1.000000,0.1020,2.8552,2.5595,3.1510,4.8752,-0.8161,需更乐观假设才支撑,5.7275,4.8752,
000022,2002-07-17,14.1000,2002-03-31,2002-04-30,1.000000,0.1020,2.8552,2.5595,3.1510,4.9383,-0.8185,需更乐观假设才支撑,5.7275,4.9383,
000022,2002-07-18,14.0600,2002-03-31,2002-04-30,1.000000,0.1020,2.8552,2.5595,3.1510,4.9243,-0.8180,需更乐观假设才支撑,5.7275,4.9243,
000022,2002-07-19,14.2000,2002-03-31,2002-04-30,1.000000,0.1020,2.8552,2.5595,3.1510,4.9733,-0.8198,需更乐观假设才支撑,5.7275,4.9733,
000022,2002-07-22,14.0300,2002-03-31,2002-04-30,1.000000,0.1020,2.8552,2.5595,3.1510,4.9138,-0.8176,需更乐观假设才支撑,5.7275,4.9138,
000022,2002-07-23,14.0200,2002-03-31,2002-04-30,1.000000,0.1020,2.8552,2.5595,3.1510,4.9103,-0.8174,需更乐观假设才支撑,5.7275,4.9103,
000022,2002-07-24,13.7300,2002-03-31,2002-04-30,1.000000,0.1020,2.8552,2.5595,3.1510,4.8087,-0.8136,需更乐观假设才支撑,5.7275,4.8087,
000022,2002-07-25,13.6500,2002-03-31,2002-04-30,1.000000,0.1020,2.8552,2.5595,3.1510,4.7807,-0.8125,需更乐观假设才支撑,5.7275,4.7807,
000022,2002-07-26,13.5100,2002-03-31,2002-04-30,1.000000,0.1020,2.8552,2.5595,3.1510,4.7317,-0.8105,需更乐观假设才支撑,5.7275,4.7317,
000022,2002-07-29,13.6000,2002-03-31,2002-04-30,1.000000,0.1020,2.8552,2.5595,3.1510,4.7632,-0.8118,需更乐观假设才支撑,5.7275,4.7632,
000022,2002-07-30,13.5100,2002-03-31,2002-04-30,1.000000,0.1020,2.8552,2.5595,3.1510,4.7317,-0.8105,需更乐观假设才支撑,5.7275,4.7317,
000022,2002-07-31,13.3400,2002-03-31,2002-04-30,1.000000,0.1020,2.8552,2.5595,3.1510,4.6721,-0.8081,需更乐观假设才支撑,5.7275,4.6721,
000022,2002-08-01,13.3900,2002-03-31,2002-04-30,1.000000,0.1020,2.8552,2.5595,3.1510,4.6896,-0.8088,需更乐观假设才支撑,5.7275,4.6896,
000022,2002-08-02,13.4400,2002-03-31,2002-04-30,1.000000,0.1020,2.8552,2.5595,3.1510,4.7071,-0.8096,需更乐观假设才支撑,5.7275,4.7071,
000022,2002-08-05,13.3100,2002-03-31,2002-04-30,1.000000,0.1020,2.8552,2.5595,3.1510,4.6616,-0.8077,需更乐观假设才支撑,5.7275,4.6616,
000022,2002-08-06,13.5300,2002-03-31,2002-04-30,1.000000,0.1020,2.8552,2.5595,3.1510,4.7387,-0.8108,需更乐观假设才支撑,5.7275,4.7387,
000022,2002-08-07,13.4400,2002-03-31,2002-04-30,1.000000,0.1020,2.8552,2.5595,3.1510,4.7071,-0.8096,需更乐观假设才支撑,5.7275,4.7071,
000022,2002-08-08,13.3800,2002-03-31,2002-04-30,1.000000,0.1020,2.8552,2.5595,3.1510,4.6861,-0.8087,需更乐观假设才支撑,5.7275,4.6861,
000022,2002-08-09,13.3600,2002-03-31,2002-04-30,1.000000,0.1020,2.8552,2.5595,3.1510,4.6791,-0.8084,需更乐观假设才支撑,5.7275,4.6791,
000022,2002-08-12,13.2700,2002-03-31,2002-04-30,1.000000,0.1020,2.8552,2.5595,3.1510,4.6476,-0.8071,需更乐观假设才支撑,5.7275,4.6476,
000022,2002-08-13,13.3000,2002-03-31,2002-04-30,1.000000,0.1020,2.8552,2.5595,3.1510,4.6581,-0.8076,需更乐观假设才支撑,5.7275,4.6581,
000022,2002-08-14,13.4600,2002-03-31,2002-04-30,1.000000,0.1020,2.8552,2.5595,3.1510,4.7141,-0.8098,需更乐观假设才支撑,5.7275,4.7141,
000022,2002-08-15,13.4600,2002-03-31,2002-04-30,1.000000,0.1020,2.8552,2.5595,3.1510,4.7141,-0.8098,需更乐观假设才支撑,5.7275,4.7141,
000022,2002-08-16,13.7000,2002-03-31,2002-04-30,1.000000,0.1020,2.8552,2.5595,3.1510,4.7982,-0.8132,需更乐观假设才支撑,5.7275,4.7982,
000022,2002-08-19,13.9600,2002-03-31,2002-04-30,1.000000,0.1020,2.8552,2.5595,3.1510,4.8893,-0.8167,需更乐观假设才支撑,5.7275,4.8893,
000022,2002-08-20,14.0100,2002-03-31,2002-04-30,1.000000,0.1020,2.8552,2.5595,3.1510,4.9068,-0.8173,需更乐观假设才支撑,5.7275,4.9068,
000022,2002-08-21,13.9700,2002-03-31,2002-04-30,1.000000,0.1020,2.8552,2.5595,3.1510,4.8928,-0.8168,需更乐观假设才支撑,5.7275,4.8928,
000022,2002-08-22,13.9600,2002-03-31,2002-04-30,1.000000,0.1020,2.8552,2.5595,3.1510,4.8893,-0.8167,需更乐观假设才支撑,5.7275,4.8893,
000022,2002-08-23,13.9000,2002-03-31,2002-04-30,1.000000,0.1020,2.8552,2.5595,3.1510,4.8682,-0.8159,需更乐观假设才支撑,5.7275,4.8682,
000022,2002-08-26,13.8600,2002-03-31,2002-04-30,1.000000,0.1020,2.8552,2.5595,3.1510,4.8542,-0.8153,需更乐观假设才支撑,5.7275,4.8542,
000022,2002-08-27,14.1000,2002-03-31,2002-04-30,1.000000,0.1020,2.8552,2.5595,3.1510,4.9383,-0.8185,需更乐观假设才支撑,5.7275,4.9383,
000022,2002-08-28,13.9000,2002-03-31,2002-04-30,1.000000,0.1020,2.8552,2.5595,3.1510,4.8682,-0.8159,需更乐观假设才支撑,5.7275,4.8682,
000022,2002-08-29,13.8100,2002-03-31,2002-04-30,1.000000,0.1020,2.8552,2.5595,3.1510,4.8367,-0.8147,需更乐观假设才支撑,5.7275,4.8367,
000022,2002-08-30,13.8000,2002-06-30,2002-08-31,1.000000,0.0000,2.1979,1.9781,2.4177,6.2786,-0.8567,需更乐观假设才支撑,4.5077,6.2786,
000022,2002-09-02,13.8900,2002-06-30,2002-08-31,1.000000,0.0000,2.1979,1.9781,2.4177,6.3196,-0.8576,需更乐观假设才支撑,4.5077,6.3196,
000022,2002-09-03,13.8600,2002-06-30,2002-08-31,1.000000,0.0000,2.1979,1.9781,2.4177,6.3059,-0.8573,需更乐观假设才支撑,4.5077,6.3059,
000022,2002-09-04,13.8100,2002-06-30,2002-08-31,1.000000,0.0000,2.1979,1.9781,2.4177,6.2832,-0.8568,需更乐观假设才支撑,4.5077,6.2832,
000022,2002-09-05,13.5200,2002-06-30,2002-08-31,1.000000,0.0000,2.1979,1.9781,2.4177,6.1512,-0.8537,需更乐观假设才支撑,4.5077,6.1512,
000022,2002-09-06,13.4600,2002-06-30,2002-08-31,1.000000,0.0000,2.1979,1.9781,2.4177,6.1239,-0.8530,需更乐观假设才支撑,4.5077,6.1239,
000022,2002-09-09,13.3500,2002-06-30,2002-08-31,1.000000,0.0000,2.1979,1.9781,2.4177,6.0739,-0.8518,需更乐观假设才支撑,4.5077,6.0739,
000022,2002-09-10,13.3300,2002-06-30,2002-08-31,1.000000,0.0000,2.1979,1.9781,2.4177,6.0648,-0.8516,需更乐观假设才支撑,4.5077,6.0648,
000022,2002-09-11,13.3600,2002-06-30,2002-08-31,1.000000,0.0000,2.1979,1.9781,2.4177,6.0784,-0.8519,需更乐观假设才支撑,4.5077,6.0784,
000022,2002-09-12,13.4400,2002-06-30,2002-08-31,1.000000,0.0000,2.1979,1.9781,2.4177,6.1148,-0.8528,需更乐观假设才支撑,4.5077,6.1148,
000022,2002-09-13,13.5400,2002-06-30,2002-08-31,1.000000,0.0000,2.1979,1.9781,2.4177,6.1603,-0.8539,需更乐观假设才支撑,4.5077,6.1603,
000022,2002-09-16,13.3000,2002-06-30,2002-08-31,1.000000,0.0000,2.1979,1.9781,2.4177,6.0512,-0.8513,需更乐观假设才支撑,4.5077,6.0512,
000022,2002-09-17,13.3500,2002-06-30,2002-08-31,1.000000,0.0000,2.1979,1.9781,2.4177,6.0739,-0.8518,需更乐观假设才支撑,4.5077,6.0739,
000022,2002-09-18,13.2600,2002-06-30,2002-08-31,1.000000,0.0000,2.1979,1.9781,2.4177,6.0330,-0.8508,需更乐观假设才支撑,4.5077,6.0330,
000022,2002-09-19,13.6400,2002-06-30,2002-08-31,1.000000,0.0000,2.1979,1.9781,2.4177,6.2058,-0.8550,需更乐观假设才支撑,4.5077,6.2058,
000022,2002-09-20,13.4100,2002-06-30,2002-08-31,1.000000,0.0000,2.1979,1.9781,2.4177,6.1012,-0.8525,需更乐观假设才支撑,4.5077,6.1012,
000022,2002-09-23,13.5100,2002-06-30,2002-08-31,1.000000,0.0000,2.1979,1.9781,2.4177,6.1467,-0.8536,需更乐观假设才支撑,4.5077,6.1467,
000022,2002-09-24,13.4100,2002-06-30,2002-08-31,1.000000,0.0000,2.1979,1.9781,2.4177,6.1012,-0.8525,需更乐观假设才支撑,4.5077,6.1012,
000022,2002-09-25,13.4300,2002-06-30,2002-08-31,1.000000,0.0000,2.1979,1.9781,2.4177,6.1103,-0.8527,需更乐观假设才支撑,4.5077,6.1103,
000022,2002-09-26,13.4100,2002-06-30,2002-08-31,1.000000,0.0000,2.1979,1.9781,2.4177,6.1012,-0.8525,需更乐观假设才支撑,4.5077,6.1012,
000022,2002-09-27,13.4200,2002-06-30,2002-08-31,1.000000,0.0000,2.1979,1.9781,2.4177,6.1057,-0.8526,需更乐观假设才支撑,4.5077,6.1057,
000022,2002-10-08,13.3200,2002-06-30,2002-08-31,1.000000,0.0000,2.1979,1.9781,2.4177,6.0603,-0.8515,需更乐观假设才支撑,4.5077,6.0603,
000022,2002-10-09,12.9200,2002-06-30,2002-08-31,1.000000,0.0000,2.1979,1.9781,2.4177,5.8783,-0.8469,需更乐观假设才支撑,4.5077,5.8783,
000022,2002-10-10,12.8800,2002-06-30,2002-08-31,1.000000,0.0000,2.1979,1.9781,2.4177,5.8601,-0.8464,需更乐观假设才支撑,4.5077,5.8601,
000022,2002-10-11,12.8500,2002-06-30,2002-08-31,1.000000,0.0000,2.1979,1.9781,2.4177,5.8464,-0.8461,需更乐观假设才支撑,4.5077,5.8464,
000022,2002-10-14,12.9100,2002-06-30,2002-08-31,1.000000,0.0000,2.1979,1.9781,2.4177,5.8737,-0.8468,需更乐观假设才支撑,4.5077,5.8737,
000022,2002-10-15,12.9000,2002-06-30,2002-08-31,1.000000,0.0000,2.1979,1.9781,2.4177,5.8692,-0.8467,需更乐观假设才支撑,4.5077,5.8692,
000022,2002-10-16,12.9900,2002-06-30,2002-08-31,1.000000,0.0000,2.1979,1.9781,2.4177,5.9101,-0.8477,需更乐观假设才支撑,4.5077,5.9101,
000022,2002-10-17,12.8500,2002-06-30,2002-08-31,1.000000,0.0000,2.1979,1.9781,2.4177,5.8464,-0.8461,需更乐观假设才支撑,4.5077,5.8464,
000022,2002-10-18,12.8200,2002-06-30,2002-08-31,1.000000,0.0000,2.1979,1.9781,2.4177,5.8328,-0.8457,需更乐观假设才支撑,4.5077,5.8328,
000022,2002-10-21,12.9300,2002-06-30,2002-08-31,1.000000,0.0000,2.1979,1.9781,2.4177,5.8828,-0.8470,需更乐观假设才支撑,4.5077,5.8828,
000022,2002-10-22,13.1100,2002-06-30,2002-08-31,1.000000,0.0000,2.1979,1.9781,2.4177,5.9647,-0.8491,需更乐观假设才支撑,4.5077,5.9647,
000022,2002-10-23,13.1200,2002-06-30,2002-08-31,1.000000,0.0000,2.1979,1.9781,2.4177,5.9693,-0.8492,需更乐观假设才支撑,4.5077,5.9693,
000022,2002-10-24,12.9600,2002-06-30,2002-08-31,1.000000,0.0000,2.1979,1.9781,2.4177,5.8965,-0.8474,需更乐观假设才支撑,4.5077,5.8965,
000022,2002-10-25,12.8500,2002-06-30,2002-08-31,1.000000,0.0000,2.1979,1.9781,2.4177,5.8464,-0.8461,需更乐观假设才支撑,4.5077,5.8464,
000022,2002-10-28,12.9300,2002-06-30,2002-08-31,1.000000,0.0000,2.1979,1.9781,2.4177,5.8828,-0.8470,需更乐观假设才支撑,4.5077,5.8828,
000022,2002-10-29,12.9800,2002-06-30,2002-08-31,1.000000,0.0000,2.1979,1.9781,2.4177,5.9056,-0.8476,需更乐观假设才支撑,4.5077,5.9056,
000022,2002-10-30,12.9600,2002-09-30,2002-10-31,1.000000,0.0000,3.2027,2.8825,3.5230,4.0465,-0.7776,需更乐观假设才支撑,6.0059,4.0465,
000022,2002-10-31,12.9300,2002-09-30,2002-10-31,1.000000,0.0000,3.2027,2.8825,3.5230,4.0372,-0.7771,需更乐观假设才支撑,6.0059,4.0372,
000022,2002-11-01,12.9500,2002-09-30,2002-10-31,1.000000,0.0000,3.2027,2.8825,3.5230,4.0434,-0.7774,需更乐观假设才支撑,6.0059,4.0434,
000022,2002-11-04,13.1400,2002-09-30,2002-10-31,1.000000,0.0000,3.2027,2.8825,3.5230,4.1027,-0.7806,需更乐观假设才支撑,6.0059,4.1027,
000022,2002-11-05,13.3500,2002-09-30,2002-10-31,1.000000,0.0000,3.2027,2.8825,3.5230,4.1683,-0.7841,需更乐观假设才支撑,6.0059,4.1683,
000022,2002-11-06,13.7800,2002-09-30,2002-10-31,1.000000,0.0000,3.2027,2.8825,3.5230,4.3026,-0.7908,需更乐观假设才支撑,6.0059,4.3026,
000022,2002-11-07,13.7900,2002-09-30,2002-10-31,1.000000,0.0000,3.2027,2.8825,3.5230,4.3057,-0.7910,需更乐观假设才支撑,6.0059,4.3057,
000022,2002-11-08,13.2800,2002-09-30,2002-10-31,1.000000,0.0000,3.2027,2.8825,3.5230,4.1464,-0.7829,需更乐观假设才支撑,6.0059,4.1464,
000022,2002-11-11,13.3700,2002-09-30,2002-10-31,1.000000,0.0000,3.2027,2.8825,3.5230,4.1745,-0.7844,需更乐观假设才支撑,6.0059,4.1745,
000022,2002-11-12,13.1800,2002-09-30,2002-10-31,1.000000,0.0000,3.2027,2.8825,3.5230,4.1152,-0.7813,需更乐观假设才支撑,6.0059,4.1152,
000022,2002-11-13,13.2500,2002-09-30,2002-10-31,1.000000,0.0000,3.2027,2.8825,3.5230,4.1371,-0.7825,需更乐观假设才支撑,6.0059,4.1371,
000022,2002-11-14,12.7900,2002-09-30,2002-10-31,1.000000,0.0000,3.2027,2.8825,3.5230,3.9935,-0.7746,需更乐观假设才支撑,6.0059,3.9935,
000022,2002-11-15,12.8000,2002-09-30,2002-10-31,1.000000,0.0000,3.2027,2.8825,3.5230,3.9966,-0.7748,需更乐观假设才支撑,6.0059,3.9966,
000022,2002-11-18,12.5000,2002-09-30,2002-10-31,1.000000,0.0000,3.2027,2.8825,3.5230,3.9029,-0.7694,需更乐观假设才支撑,6.0059,3.9029,
000022,2002-11-19,12.5800,2002-09-30,2002-10-31,1.000000,0.0000,3.2027,2.8825,3.5230,3.9279,-0.7709,需更乐观假设才支撑,6.0059,3.9279,
000022,2002-11-20,12.2500,2002-09-30,2002-10-31,1.000000,0.0000,3.2027,2.8825,3.5230,3.8248,-0.7647,需更乐观假设才支撑,6.0059,3.8248,
000022,2002-11-21,11.8500,2002-09-30,2002-10-31,1.000000,0.0000,3.2027,2.8825,3.5230,3.7000,-0.7568,需更乐观假设才支撑,6.0059,3.7000,
000022,2002-11-22,11.9300,2002-09-30,2002-10-31,1.000000,0.0000,3.2027,2.8825,3.5230,3.7249,-0.7584,需更乐观假设才支撑,6.0059,3.7249,
000022,2002-11-25,11.9800,2002-09-30,2002-10-31,1.000000,0.0000,3.2027,2.8825,3.5230,3.7405,-0.7594,需更乐观假设才支撑,6.0059,3.7405,
000022,2002-11-26,11.7500,2002-09-30,2002-10-31,1.000000,0.0000,3.2027,2.8825,3.5230,3.6687,-0.7547,需更乐观假设才支撑,6.0059,3.6687,
000022,2002-11-27,11.7700,2002-09-30,2002-10-31,1.000000,0.0000,3.2027,2.8825,3.5230,3.6750,-0.7551,需更乐观假设才支撑,6.0059,3.6750,
000022,2002-11-28,12.1100,2002-09-30,2002-10-31,1.000000,0.0000,3.2027,2.8825,3.5230,3.7811,-0.7620,需更乐观假设才支撑,6.0059,3.7811,
000022,2002-11-29,12.3600,2002-09-30,2002-10-31,1.000000,0.0000,3.2027,2.8825,3.5230,3.8592,-0.7668,需更乐观假设才支撑,6.0059,3.8592,
000022,2002-12-02,12.0300,2002-09-30,2002-10-31,1.000000,0.0000,3.2027,2.8825,3.5230,3.7562,-0.7604,需更乐观假设才支撑,6.0059,3.7562,
000022,2002-12-03,12.1200,2002-09-30,2002-10-31,1.000000,0.0000,3.2027,2.8825,3.5230,3.7843,-0.7622,需更乐观假设才支撑,6.0059,3.7843,
000022,2002-12-04,12.1800,2002-09-30,2002-10-31,1.000000,0.0000,3.2027,2.8825,3.5230,3.8030,-0.7633,需更乐观假设才支撑,6.0059,3.8030,
000022,2002-12-05,12.0600,2002-09-30,2002-10-31,1.000000,0.0000,3.2027,2.8825,3.5230,3.7655,-0.7610,需更乐观假设才支撑,6.0059,3.7655,
000022,2002-12-09,12.0400,2002-09-30,2002-10-31,1.000000,0.0000,3.2027,2.8825,3.5230,3.7593,-0.7606,需更乐观假设才支撑,6.0059,3.7593,
000022,2002-12-10,12.0000,2002-09-30,2002-10-31,1.000000,0.0000,3.2027,2.8825,3.5230,3.7468,-0.7598,需更乐观假设才支撑,6.0059,3.7468,
000022,2002-12-11,11.9900,2002-09-30,2002-10-31,1.000000,0.0000,3.2027,2.8825,3.5230,3.7437,-0.7596,需更乐观假设才支撑,6.0059,3.7437,
000022,2002-12-12,11.9900,2002-09-30,2002-10-31,1.000000,0.0000,3.2027,2.8825,3.5230,3.7437,-0.7596,需更乐观假设才支撑,6.0059,3.7437,
000022,2002-12-13,12.0200,2002-09-30,2002-10-31,1.000000,0.0000,3.2027,2.8825,3.5230,3.7530,-0.7602,需更乐观假设才支撑,6.0059,3.7530,
000022,2002-12-16,12.1500,2002-09-30,2002-10-31,1.000000,0.0000,3.2027,2.8825,3.5230,3.7936,-0.7628,需更乐观假设才支撑,6.0059,3.7936,
000022,2002-12-17,12.2400,2002-09-30,2002-10-31,1.000000,0.0000,3.2027,2.8825,3.5230,3.8217,-0.7645,需更乐观假设才支撑,6.0059,3.8217,
000022,2002-12-18,12.2100,2002-09-30,2002-10-31,1.000000,0.0000,3.2027,2.8825,3.5230,3.8124,-0.7639,需更乐观假设才支撑,6.0059,3.8124,
000022,2002-12-19,12.0900,2002-09-30,2002-10-31,1.000000,0.0000,3.2027,2.8825,3.5230,3.7749,-0.7616,需更乐观假设才支撑,6.0059,3.7749,
000022,2002-12-20,12.3200,2002-09-30,2002-10-31,1.000000,0.0000,3.2027,2.8825,3.5230,3.8467,-0.7660,需更乐观假设才支撑,6.0059,3.8467,
000022,2002-12-23,12.2500,2002-09-30,2002-10-31,1.000000,0.0000,3.2027,2.8825,3.5230,3.8248,-0.7647,需更乐观假设才支撑,6.0059,3.8248,
000022,2002-12-24,12.1800,2002-09-30,2002-10-31,1.000000,0.0000,3.2027,2.8825,3.5230,3.8030,-0.7633,需更乐观假设才支撑,6.0059,3.8030,
000022,2002-12-25,12.1800,2002-09-30,2002-10-31,1.000000,0.0000,3.2027,2.8825,3.5230,3.8030,-0.7633,需更乐观假设才支撑,6.0059,3.8030,
000022,2002-12-26,11.8400,2002-09-30,2002-10-31,1.000000,0.0000,3.2027,2.8825,3.5230,3.6968,-0.7565,需更乐观假设才支撑,6.0059,3.6968,
000022,2002-12-27,11.8300,2002-09-30,2002-10-31,1.000000,0.0000,3.2027,2.8825,3.5230,3.6937,-0.7563,需更乐观假设才支撑,6.0059,3.6937,
000022,2002-12-30,11.5000,2002-09-30,2002-10-31,1.000000,0.0000,3.2027,2.8825,3.5230,3.5907,-0.7494,需更乐观假设才支撑,6.0059,3.5907,
000022,2002-12-31,11.3900,2002-09-30,2002-10-31,1.000000,0.0000,3.2027,2.8825,3.5230,3.5563,-0.7469,需更乐观假设才支撑,6.0059,3.5563,
000022,2003-01-02,11.3100,2002-09-30,2002-10-31,1.000000,0.0000,3.2027,2.8825,3.5230,3.5313,-0.7451,需更乐观假设才支撑,6.0059,3.5313,
000022,2003-01-03,11.2700,2002-09-30,2002-10-31,1.000000,0.0000,3.2027,2.8825,3.5230,3.5189,-0.7442,需更乐观假设才支撑,6.0059,3.5189,
000022,2003-01-06,11.4000,2002-09-30,2002-10-31,1.000000,0.0000,3.2027,2.8825,3.5230,3.5594,-0.7472,需更乐观假设才支撑,6.0059,3.5594,
000022,2003-01-07,11.4100,2002-09-30,2002-10-31,1.000000,0.0000,3.2027,2.8825,3.5230,3.5626,-0.7474,需更乐观假设才支撑,6.0059,3.5626,
000022,2003-01-08,11.7300,2002-09-30,2002-10-31,1.000000,0.0000,3.2027,2.8825,3.5230,3.6625,-0.7543,需更乐观假设才支撑,6.0059,3.6625,
000022,2003-01-09,11.8500,2002-09-30,2002-10-31,1.000000,0.0000,3.2027,2.8825,3.5230,3.7000,-0.7568,需更乐观假设才支撑,6.0059,3.7000,
000022,2003-01-10,11.7500,2002-09-30,2002-10-31,1.000000,0.0000,3.2027,2.8825,3.5230,3.6687,-0.7547,需更乐观假设才支撑,6.0059,3.6687,
000022,2003-01-13,11.7000,2002-09-30,2002-10-31,1.000000,0.0000,3.2027,2.8825,3.5230,3.6531,-0.7536,需更乐观假设才支撑,6.0059,3.6531,
000022,2003-01-14,12.3100,2002-09-30,2002-10-31,1.000000,0.0000,3.2027,2.8825,3.5230,3.8436,-0.7658,需更乐观假设才支撑,6.0059,3.8436,
000022,2003-01-15,12.2200,2002-09-30,2002-10-31,1.000000,0.0000,3.2027,2.8825,3.5230,3.8155,-0.7641,需更乐观假设才支撑,6.0059,3.8155,
000022,2003-01-16,12.7700,2002-09-30,2002-10-31,1.000000,0.0000,3.2027,2.8825,3.5230,3.9872,-0.7743,需更乐观假设才支撑,6.0059,3.9872,
000022,2003-01-17,12.6600,2002-09-30,2002-10-31,1.000000,0.0000,3.2027,2.8825,3.5230,3.9529,-0.7723,需更乐观假设才支撑,6.0059,3.9529,
000022,2003-01-20,12.8200,2002-09-30,2002-10-31,1.000000,0.0000,3.2027,2.8825,3.5230,4.0028,-0.7752,需更乐观假设才支撑,6.0059,4.0028,
000022,2003-01-21,12.4800,2002-09-30,2002-10-31,1.000000,0.0000,3.2027,2.8825,3.5230,3.8967,-0.7690,需更乐观假设才支撑,6.0059,3.8967,
000022,2003-01-22,12.4800,2002-09-30,2002-10-31,1.000000,0.0000,3.2027,2.8825,3.5230,3.8967,-0.7690,需更乐观假设才支撑,6.0059,3.8967,
000022,2003-01-23,12.3600,2002-09-30,2002-10-31,1.000000,0.0000,3.2027,2.8825,3.5230,3.8592,-0.7668,需更乐观假设才支撑,6.0059,3.8592,
000022,2003-01-24,12.4800,2002-09-30,2002-10-31,1.000000,0.0000,3.2027,2.8825,3.5230,3.8967,-0.7690,需更乐观假设才支撑,6.0059,3.8967,
000022,2003-01-27,12.6100,2002-09-30,2002-10-31,1.000000,0.0000,3.2027,2.8825,3.5230,3.9372,-0.7714,需更乐观假设才支撑,6.0059,3.9372,
000022,2003-01-28,12.7200,2002-09-30,2002-10-31,1.000000,0.0000,3.2027,2.8825,3.5230,3.9716,-0.7734,需更乐观假设才支撑,6.0059,3.9716,
000022,2003-01-29,12.7200,2002-09-30,2002-10-31,1.000000,0.0000,3.2027,2.8825,3.5230,3.9716,-0.7734,需更乐观假设才支撑,6.0059,3.9716,
000022,2003-02-10,12.6000,2002-09-30,2002-10-31,1.000000,0.0000,3.2027,2.8825,3.5230,3.9341,-0.7712,需更乐观假设才支撑,6.0059,3.9341,
000022,2003-02-11,12.6500,2002-09-30,2002-10-31,1.000000,0.0000,3.2027,2.8825,3.5230,3.9497,-0.7721,需更乐观假设才支撑,6.0059,3.9497,
000022,2003-02-12,12.7300,2002-09-30,2002-10-31,1.000000,0.0000,3.2027,2.8825,3.5230,3.9747,-0.7736,需更乐观假设才支撑,6.0059,3.9747,
000022,2003-02-13,12.6800,2002-09-30,2002-10-31,1.000000,0.0000,3.2027,2.8825,3.5230,3.9591,-0.7727,需更乐观假设才支撑,6.0059,3.9591,
000022,2003-02-14,12.7000,2002-09-30,2002-10-31,1.000000,0.0000,3.2027,2.8825,3.5230,3.9654,-0.7730,需更乐观假设才支撑,6.0059,3.9654,
000022,2003-02-17,12.5500,2002-09-30,2002-10-31,1.000000,0.0000,3.2027,2.8825,3.5230,3.9185,-0.7703,需更乐观假设才支撑,6.0059,3.9185,
000022,2003-02-18,12.4900,2002-09-30,2002-10-31,1.000000,0.0000,3.2027,2.8825,3.5230,3.8998,-0.7692,需更乐观假设才支撑,6.0059,3.8998,
000022,2003-02-19,12.5900,2002-09-30,2002-10-31,1.000000,0.0000,3.2027,2.8825,3.5230,3.9310,-0.7711,需更乐观假设才支撑,6.0059,3.9310,
000022,2003-02-20,12.6200,2002-09-30,2002-10-31,1.000000,0.0000,3.2027,2.8825,3.5230,3.9404,-0.7716,需更乐观假设才支撑,6.0059,3.9404,
000022,2003-02-21,12.3600,2002-09-30,2002-10-31,1.000000,0.0000,3.2027,2.8825,3.5230,3.8592,-0.7668,需更乐观假设才支撑,6.0059,3.8592,
000022,2003-02-24,12.4300,2002-09-30,2002-10-31,1.000000,0.0000,3.2027,2.8825,3.5230,3.8810,-0.7681,需更乐观假设才支撑,6.0059,3.8810,
000022,2003-02-25,12.7800,2002-09-30,2002-10-31,1.000000,0.0000,3.2027,2.8825,3.5230,3.9903,-0.7745,需更乐观假设才支撑,6.0059,3.9903,
000022,2003-02-26,12.8200,2002-09-30,2002-10-31,1.000000,0.0000,3.2027,2.8825,3.5230,4.0028,-0.7752,需更乐观假设才支撑,6.0059,4.0028,
000022,2003-02-27,12.7300,2002-09-30,2002-10-31,1.000000,0.0000,3.2027,2.8825,3.5230,3.9747,-0.7736,需更乐观假设才支撑,6.0059,3.9747,
000022,2003-02-28,12.6700,2002-09-30,2002-10-31,1.000000,0.0000,3.2027,2.8825,3.5230,3.9560,-0.7725,需更乐观假设才支撑,6.0059,3.9560,
000022,2003-03-03,12.8500,2002-09-30,2002-10-31,1.000000,0.0000,3.2027,2.8825,3.5230,4.0122,-0.7757,需更乐观假设才支撑,6.0059,4.0122,
000022,2003-03-04,12.8000,2002-09-30,2002-10-31,1.000000,0.0000,3.2027,2.8825,3.5230,3.9966,-0.7748,需更乐观假设才支撑,6.0059,3.9966,
000022,2003-03-05,12.7300,2002-09-30,2002-10-31,1.000000,0.0000,3.2027,2.8825,3.5230,3.9747,-0.7736,需更乐观假设才支撑,6.0059,3.9747,
000022,2003-03-06,12.5000,2002-09-30,2002-10-31,1.000000,0.0000,3.2027,2.8825,3.5230,3.9029,-0.7694,需更乐观假设才支撑,6.0059,3.9029,
000022,2003-03-07,12.4200,2002-09-30,2002-10-31,1.000000,0.0000,3.2027,2.8825,3.5230,3.8779,-0.7679,需更乐观假设才支撑,6.0059,3.8779,
000022,2003-03-10,12.2800,2002-09-30,2002-10-31,1.000000,0.0000,3.2027,2.8825,3.5230,3.8342,-0.7653,需更乐观假设才支撑,6.0059,3.8342,
000022,2003-03-11,12.3200,2002-09-30,2002-10-31,1.000000,0.0000,3.2027,2.8825,3.5230,3.8467,-0.7660,需更乐观假设才支撑,6.0059,3.8467,
000022,2003-03-12,12.4800,2002-09-30,2002-10-31,1.000000,0.0000,3.2027,2.8825,3.5230,3.8967,-0.7690,需更乐观假设才支撑,6.0059,3.8967,
000022,2003-03-13,12.5700,2002-09-30,2002-10-31,1.000000,0.0000,3.2027,2.8825,3.5230,3.9248,-0.7707,需更乐观假设才支撑,6.0059,3.9248,
000022,2003-03-14,12.6500,2002-09-30,2002-10-31,1.000000,0.0000,3.2027,2.8825,3.5230,3.9497,-0.7721,需更乐观假设才支撑,6.0059,3.9497,
000022,2003-03-17,12.6300,2002-09-30,2002-10-31,1.000000,0.0000,3.2027,2.8825,3.5230,3.9435,-0.7718,需更乐观假设才支撑,6.0059,3.9435,
000022,2003-03-18,12.6000,2002-09-30,2002-10-31,1.000000,0.0000,3.2027,2.8825,3.5230,3.9341,-0.7712,需更乐观假设才支撑,6.0059,3.9341,
000022,2003-03-19,12.6100,2002-09-30,2002-10-31,1.000000,0.0000,3.2027,2.8825,3.5230,3.9372,-0.7714,需更乐观假设才支撑,6.0059,3.9372,
000022,2003-03-20,13.0300,2002-09-30,2002-10-31,1.000000,0.0000,3.2027,2.8825,3.5230,4.0684,-0.7788,需更乐观假设才支撑,6.0059,4.0684,
000022,2003-03-21,13.0800,2002-09-30,2002-10-31,1.000000,0.0000,3.2027,2.8825,3.5230,4.0840,-0.7796,需更乐观假设才支撑,6.0059,4.0840,
000022,2003-03-24,13.3000,2002-09-30,2002-10-31,1.000000,0.0000,3.2027,2.8825,3.5230,4.1527,-0.7833,需更乐观假设才支撑,6.0059,4.1527,
000022,2003-03-25,13.2500,2002-09-30,2002-10-31,1.000000,0.0000,3.2027,2.8825,3.5230,4.1371,-0.7825,需更乐观假设才支撑,6.0059,4.1371,
000022,2003-03-26,13.3600,2002-09-30,2002-10-31,1.000000,0.0000,3.2027,2.8825,3.5230,4.1714,-0.7842,需更乐观假设才支撑,6.0059,4.1714,
000022,2003-03-27,13.4700,2002-09-30,2002-10-31,1.000000,0.0000,3.2027,2.8825,3.5230,4.2058,-0.7860,需更乐观假设才支撑,6.0059,4.2058,
000022,2003-03-28,13.4900,2002-09-30,2002-10-31,1.000000,0.0000,3.2027,2.8825,3.5230,4.2120,-0.7863,需更乐观假设才支撑,6.0059,4.2120,
000022,2003-03-31,13.7100,2002-09-30,2002-10-31,1.000000,0.0000,3.2027,2.8825,3.5230,4.2807,-0.7898,需更乐观假设才支撑,6.0059,4.2807,
000022,2003-04-01,13.7000,2002-09-30,2002-10-31,1.000000,0.0000,3.2027,2.8825,3.5230,4.2776,-0.7896,需更乐观假设才支撑,6.0059,4.2776,
000022,2003-04-02,13.5600,2002-09-30,2002-10-31,1.000000,0.0000,3.2027,2.8825,3.5230,4.2339,-0.7874,需更乐观假设才支撑,6.0059,4.2339,
000022,2003-04-03,13.5200,2002-09-30,2002-10-31,1.000000,0.0000,3.2027,2.8825,3.5230,4.2214,-0.7868,需更乐观假设才支撑,6.0059,4.2214,
000022,2003-04-04,13.5900,2002-09-30,2002-10-31,1.000000,0.0000,3.2027,2.8825,3.5230,4.2432,-0.7879,需更乐观假设才支撑,6.0059,4.2432,
000022,2003-04-07,13.7500,2002-09-30,2002-10-31,1.000000,0.0000,3.2027,2.8825,3.5230,4.2932,-0.7904,需更乐观假设才支撑,6.0059,4.2932,
000022,2003-04-08,13.6800,2002-09-30,2002-10-31,1.000000,0.0000,3.2027,2.8825,3.5230,4.2713,-0.7893,需更乐观假设才支撑,6.0059,4.2713,
000022,2003-04-09,13.9100,2002-09-30,2002-10-31,1.000000,0.0000,3.2027,2.8825,3.5230,4.3432,-0.7928,需更乐观假设才支撑,6.0059,4.3432,
000022,2003-04-10,13.8400,2002-09-30,2002-10-31,1.000000,0.0000,3.2027,2.8825,3.5230,4.3213,-0.7917,需更乐观假设才支撑,6.0059,4.3213,
000022,2003-04-11,14.1600,2002-09-30,2002-10-31,1.000000,0.0000,3.2027,2.8825,3.5230,4.4212,-0.7964,需更乐观假设才支撑,6.0059,4.4212,
000022,2003-04-14,14.5200,2002-09-30,2002-10-31,1.000000,0.0000,3.2027,2.8825,3.5230,4.5336,-0.8015,需更乐观假设才支撑,6.0059,4.5336,
000022,2003-04-15,14.6200,2002-09-30,2002-10-31,1.000000,0.0000,3.2027,2.8825,3.5230,4.5648,-0.8028,需更乐观假设才支撑,6.0059,4.5648,
000022,2003-04-16,14.4800,2002-09-30,2002-10-31,1.000000,0.0000,3.2027,2.8825,3.5230,4.5211,-0.8009,需更乐观假设才支撑,6.0059,4.5211,
000022,2003-04-17,14.3300,2002-09-30,2002-10-31,1.000000,0.0000,3.2027,2.8825,3.5230,4.4743,-0.7989,需更乐观假设才支撑,6.0059,4.4743,
000022,2003-04-18,14.6500,2002-09-30,2002-10-31,1.000000,0.0000,3.2027,2.8825,3.5230,4.5742,-0.8032,需更乐观假设才支撑,6.0059,4.5742,
000022,2003-04-21,14.4000,2002-09-30,2002-10-31,1.000000,0.0000,3.2027,2.8825,3.5230,4.4961,-0.7998,需更乐观假设才支撑,6.0059,4.4961,
000022,2003-04-22,14.6000,2002-09-30,2002-10-31,1.000000,0.0000,3.2027,2.8825,3.5230,4.5586,-0.8026,需更乐观假设才支撑,6.0059,4.5586,
000022,2003-04-23,14.3300,2002-09-30,2002-10-31,1.000000,0.0000,3.2027,2.8825,3.5230,4.4743,-0.7989,需更乐观假设才支撑,6.0059,4.4743,
000022,2003-04-24,13.6500,2002-09-30,2002-10-31,1.000000,0.0000,3.2027,2.8825,3.5230,4.2620,-0.7888,需更乐观假设才支撑,6.0059,4.2620,
000022,2003-04-25,13.5300,2002-09-30,2002-10-31,1.000000,0.0000,3.2027,2.8825,3.5230,4.2245,-0.7870,需更乐观假设才支撑,6.0059,4.2245,
000022,2003-04-28,14.0300,2002-09-30,2002-10-31,1.000000,0.0000,3.2027,2.8825,3.5230,4.3806,-0.7945,需更乐观假设才支撑,6.0059,4.3806,
000022,2003-04-29,14.2600,2003-03-31,2003-04-30,1.000000,0.0000,2.4377,2.1940,2.6815,5.8497,-0.8461,需更乐观假设才支撑,4.5328,5.8497,
000022,2003-04-30,14.4200,2003-03-31,2003-04-30,1.000000,0.0000,2.4377,2.1940,2.6815,5.9153,-0.8479,需更乐观假设才支撑,4.5328,5.9153,
000022,2003-05-12,14.5500,2003-03-31,2003-04-30,1.000000,0.0000,2.4377,2.1940,2.6815,5.9687,-0.8492,需更乐观假设才支撑,4.5328,5.9687,
000022,2003-05-13,14.1100,2003-03-31,2003-04-30,1.000000,0.0000,2.4377,2.1940,2.6815,5.7882,-0.8445,需更乐观假设才支撑,4.5328,5.7882,
000022,2003-05-14,14.1700,2003-03-31,2003-04-30,1.000000,0.0000,2.4377,2.1940,2.6815,5.8128,-0.8452,需更乐观假设才支撑,4.5328,5.8128,
000022,2003-05-15,14.4000,2003-03-31,2003-04-30,1.000000,0.0000,2.4377,2.1940,2.6815,5.9071,-0.8476,需更乐观假设才支撑,4.5328,5.9071,
000022,2003-05-16,14.6600,2003-03-31,2003-04-30,1.000000,0.0000,2.4377,2.1940,2.6815,6.0138,-0.8503,需更乐观假设才支撑,4.5328,6.0138,
000022,2003-05-19,14.9300,2003-03-31,2003-04-30,1.000000,0.0000,2.4377,2.1940,2.6815,6.1246,-0.8531,需更乐观假设才支撑,4.5328,6.1246,
000022,2003-05-20,14.9700,2003-03-31,2003-04-30,1.000000,0.0000,2.4377,2.1940,2.6815,6.1410,-0.8534,需更乐观假设才支撑,4.5328,6.1410,
000022,2003-05-21,14.9200,2003-03-31,2003-04-30,1.000000,0.0000,2.4377,2.1940,2.6815,6.1205,-0.8530,需更乐观假设才支撑,4.5328,6.1205,
000022,2003-05-22,14.9000,2003-03-31,2003-04-30,1.000000,0.0000,2.4377,2.1940,2.6815,6.1123,-0.8528,需更乐观假设才支撑,4.5328,6.1123,
000022,2003-05-23,14.9900,2003-03-31,2003-04-30,1.000000,0.0000,2.4377,2.1940,2.6815,6.1492,-0.8536,需更乐观假设才支撑,4.5328,6.1492,
000022,2003-05-26,15.0500,2003-03-31,2003-04-30,1.000000,0.0000,2.4377,2.1940,2.6815,6.1738,-0.8542,需更乐观假设才支撑,4.5328,6.1738,
000022,2003-05-27,15.0300,2003-03-31,2003-04-30,1.000000,0.0000,2.4377,2.1940,2.6815,6.1656,-0.8540,需更乐观假设才支撑,4.5328,6.1656,
000022,2003-05-28,14.8900,2003-03-31,2003-04-30,1.000000,0.0000,2.4377,2.1940,2.6815,6.1081,-0.8527,需更乐观假设才支撑,4.5328,6.1081,
000022,2003-05-29,14.9900,2003-03-31,2003-04-30,1.000000,0.0000,2.4377,2.1940,2.6815,6.1492,-0.8536,需更乐观假设才支撑,4.5328,6.1492,
000022,2003-06-02,15.5700,2003-03-31,2003-04-30,1.000000,0.0000,2.4377,2.1940,2.6815,6.3871,-0.8591,需更乐观假设才支撑,4.5328,6.3871,
000022,2003-06-03,15.4300,2003-03-31,2003-04-30,1.000000,0.0000,2.4377,2.1940,2.6815,6.3297,-0.8578,需更乐观假设才支撑,4.5328,6.3297,
000022,2003-06-04,15.3700,2003-03-31,2003-04-30,1.000000,0.0000,2.4377,2.1940,2.6815,6.3051,-0.8573,需更乐观假设才支撑,4.5328,6.3051,
000022,2003-06-05,15.4100,2003-03-31,2003-04-30,1.000000,0.0000,2.4377,2.1940,2.6815,6.3215,-0.8576,需更乐观假设才支撑,4.5328,6.3215,
000022,2003-06-06,15.1500,2003-03-31,2003-04-30,1.000000,0.0000,2.4377,2.1940,2.6815,6.2148,-0.8552,需更乐观假设才支撑,4.5328,6.2148,
000022,2003-06-09,15.1300,2003-03-31,2003-04-30,1.000000,0.0000,2.4377,2.1940,2.6815,6.2066,-0.8550,需更乐观假设才支撑,4.5328,6.2066,
000022,2003-06-10,15.1100,2003-03-31,2003-04-30,1.000000,0.0000,2.4377,2.1940,2.6815,6.1984,-0.8548,需更乐观假设才支撑,4.5328,6.1984,
000022,2003-06-11,15.4000,2003-03-31,2003-04-30,1.000000,0.0000,2.4377,2.1940,2.6815,6.3174,-0.8575,需更乐观假设才支撑,4.5328,6.3174,
000022,2003-06-12,15.5300,2003-03-31,2003-04-30,1.000000,0.0000,2.4377,2.1940,2.6815,6.3707,-0.8587,需更乐观假设才支撑,4.5328,6.3707,
000022,2003-06-13,15.4500,2003-03-31,2003-04-30,1.000000,0.0000,2.4377,2.1940,2.6815,6.3379,-0.8580,需更乐观假设才支撑,4.5328,6.3379,
000022,2003-06-16,15.6000,2003-03-31,2003-04-30,1.000000,0.0000,2.4377,2.1940,2.6815,6.3994,-0.8594,需更乐观假设才支撑,4.5328,6.3994,
000022,2003-06-17,15.4800,2003-03-31,2003-04-30,1.000000,0.0000,2.4377,2.1940,2.6815,6.3502,-0.8583,需更乐观假设才支撑,4.5328,6.3502,
000022,2003-06-18,15.5400,2003-03-31,2003-04-30,1.000000,0.0000,2.4377,2.1940,2.6815,6.3748,-0.8588,需更乐观假设才支撑,4.5328,6.3748,
000022,2003-06-19,15.4700,2003-03-31,2003-04-30,1.000000,0.0000,2.4377,2.1940,2.6815,6.3461,-0.8582,需更乐观假设才支撑,4.5328,6.3461,
000022,2003-06-20,15.2600,2003-03-31,2003-04-30,1.000000,0.0000,2.4377,2.1940,2.6815,6.2599,-0.8562,需更乐观假设才支撑,4.5328,6.2599,
000022,2003-06-23,15.1800,2003-03-31,2003-04-30,1.000000,0.0000,2.4377,2.1940,2.6815,6.2271,-0.8555,需更乐观假设才支撑,4.5328,6.2271,
000022,2003-06-24,15.3600,2003-03-31,2003-04-30,1.000000,0.0000,2.4377,2.1940,2.6815,6.3010,-0.8572,需更乐观假设才支撑,4.5328,6.3010,
000022,2003-06-25,15.3000,2003-03-31,2003-04-30,1.000000,0.0000,2.4377,2.1940,2.6815,6.2763,-0.8566,需更乐观假设才支撑,4.5328,6.2763,
000022,2003-06-26,15.5000,2003-03-31,2003-04-30,1.000000,0.0000,2.4377,2.1940,2.6815,6.3584,-0.8585,需更乐观假设才支撑,4.5328,6.3584,
000022,2003-06-27,15.2600,2003-03-31,2003-04-30,1.000000,0.0000,2.4377,2.1940,2.6815,6.2599,-0.8562,需更乐观假设才支撑,4.5328,6.2599,
000022,2003-06-30,15.3000,2003-03-31,2003-04-30,1.000000,0.0000,2.4377,2.1940,2.6815,6.2763,-0.8566,需更乐观假设才支撑,4.5328,6.2763,
000022,2003-07-01,15.4900,2003-03-31,2003-04-30,1.000000,0.0000,2.4377,2.1940,2.6815,6.3543,-0.8584,需更乐观假设才支撑,4.5328,6.3543,
000022,2003-07-02,15.4900,2003-03-31,2003-04-30,1.000000,0.0000,2.4377,2.1940,2.6815,6.3543,-0.8584,需更乐观假设才支撑,4.5328,6.3543,
000022,2003-07-03,15.8500,2003-03-31,2003-04-30,1.000000,0.0000,2.4377,2.1940,2.6815,6.5020,-0.8616,需更乐观假设才支撑,4.5328,6.5020,
000022,2003-07-04,16.4000,2003-03-31,2003-04-30,1.000000,0.0000,2.4377,2.1940,2.6815,6.7276,-0.8662,需更乐观假设才支撑,4.5328,6.7276,
000022,2003-07-07,16.4200,2003-03-31,2003-04-30,1.000000,0.0000,2.4377,2.1940,2.6815,6.7358,-0.8664,需更乐观假设才支撑,4.5328,6.7358,
000022,2003-07-08,16.3300,2003-03-31,2003-04-30,1.000000,0.0000,2.4377,2.1940,2.6815,6.6989,-0.8656,需更乐观假设才支撑,4.5328,6.6989,
000022,2003-07-09,16.3700,2003-03-31,2003-04-30,1.000000,0.0000,2.4377,2.1940,2.6815,6.7153,-0.8660,需更乐观假设才支撑,4.5328,6.7153,
000022,2003-07-10,16.8900,2003-03-31,2003-04-30,1.000000,0.0000,2.4377,2.1940,2.6815,6.9286,-0.8701,需更乐观假设才支撑,4.5328,6.9286,
000022,2003-07-11,16.8300,2003-03-31,2003-04-30,1.000000,0.0000,2.4377,2.1940,2.6815,6.9040,-0.8696,需更乐观假设才支撑,4.5328,6.9040,
000022,2003-07-14,17.1800,2003-03-31,2003-04-30,1.000000,0.0000,2.4377,2.1940,2.6815,7.0475,-0.8723,需更乐观假设才支撑,4.5328,7.0475,
000022,2003-07-15,17.0100,2003-03-31,2003-04-30,1.000000,0.0000,2.4377,2.1940,2.6815,6.9778,-0.8710,需更乐观假设才支撑,4.5328,6.9778,
000022,2003-07-16,17.0500,2003-03-31,2003-04-30,1.000000,0.0000,2.4377,2.1940,2.6815,6.9942,-0.8713,需更乐观假设才支撑,4.5328,6.9942,
000022,2003-07-17,17.4300,2003-03-31,2003-04-30,1.000000,0.0000,2.4377,2.1940,2.6815,7.1501,-0.8741,需更乐观假设才支撑,4.5328,7.1501,
000022,2003-07-18,17.5100,2003-03-31,2003-04-30,1.000000,0.0000,2.4377,2.1940,2.6815,7.1829,-0.8747,需更乐观假设才支撑,4.5328,7.1829,
000022,2003-07-21,18.0000,2003-03-31,2003-04-30,1.000000,0.0000,2.4377,2.1940,2.6815,7.3839,-0.8781,需更乐观假设才支撑,4.5328,7.3839,
000022,2003-07-22,17.4400,2003-03-31,2003-04-30,1.000000,0.0000,2.4377,2.1940,2.6815,7.1542,-0.8742,需更乐观假设才支撑,4.5328,7.1542,
000022,2003-07-23,17.2600,2003-03-31,2003-04-30,1.000000,0.0000,2.4377,2.1940,2.6815,7.0804,-0.8729,需更乐观假设才支撑,4.5328,7.0804,
000022,2003-07-24,17.1400,2003-03-31,2003-04-30,1.000000,0.2880,2.1497,1.9060,2.3935,7.9731,-0.8888,需更乐观假设才支撑,4.5328,7.9731,
000022,2003-07-25,16.9100,2003-03-31,2003-04-30,1.000000,0.2880,2.1497,1.9060,2.3935,7.8661,-0.8873,需更乐观假设才支撑,4.5328,7.8661,
000022,2003-07-28,16.9000,2003-03-31,2003-04-30,1.000000,0.2880,2.1497,1.9060,2.3935,7.8615,-0.8872,需更乐观假设才支撑,4.5328,7.8615,
000022,2003-07-29,17.0200,2003-03-31,2003-04-30,1.000000,0.2880,2.1497,1.9060,2.3935,7.9173,-0.8880,需更乐观假设才支撑,4.5328,7.9173,
000022,2003-07-30,17.1800,2003-03-31,2003-04-30,1.000000,0.2880,2.1497,1.9060,2.3935,7.9917,-0.8891,需更乐观假设才支撑,4.5328,7.9917,
000022,2003-07-31,17.1600,2003-03-31,2003-04-30,1.000000,0.2880,2.1497,1.9060,2.3935,7.9824,-0.8889,需更乐观假设才支撑,4.5328,7.9824,
000022,2003-08-01,17.1300,2003-03-31,2003-04-30,1.000000,0.2880,2.1497,1.9060,2.3935,7.9685,-0.8887,需更乐观假设才支撑,4.5328,7.9685,
000022,2003-08-04,17.4000,2003-03-31,2003-04-30,1.000000,0.2880,2.1497,1.9060,2.3935,8.0940,-0.8905,需更乐观假设才支撑,4.5328,8.0940,
000022,2003-08-05,17.2700,2003-03-31,2003-04-30,1.000000,0.2880,2.1497,1.9060,2.3935,8.0336,-0.8896,需更乐观假设才支撑,4.5328,8.0336,
000022,2003-08-06,17.1700,2003-03-31,2003-04-30,1.000000,0.2880,2.1497,1.9060,2.3935,7.9871,-0.8890,需更乐观假设才支撑,4.5328,7.9871,
000022,2003-08-07,16.8800,2003-03-31,2003-04-30,1.000000,0.2880,2.1497,1.9060,2.3935,7.8522,-0.8871,需更乐观假设才支撑,4.5328,7.8522,
000022,2003-08-08,16.6200,2003-03-31,2003-04-30,1.000000,0.2880,2.1497,1.9060,2.3935,7.7312,-0.8853,需更乐观假设才支撑,4.5328,7.7312,
000022,2003-08-11,16.3800,2003-03-31,2003-04-30,1.000000,0.2880,2.1497,1.9060,2.3935,7.6196,-0.8836,需更乐观假设才支撑,4.5328,7.6196,
000022,2003-08-12,16.5100,2003-03-31,2003-04-30,1.000000,0.2880,2.1497,1.9060,2.3935,7.6800,-0.8846,需更乐观假设才支撑,4.5328,7.6800,
000022,2003-08-13,16.3600,2003-03-31,2003-04-30,1.000000,0.2880,2.1497,1.9060,2.3935,7.6103,-0.8835,需更乐观假设才支撑,4.5328,7.6103,
000022,2003-08-14,15.8500,2003-03-31,2003-04-30,1.000000,0.2880,2.1497,1.9060,2.3935,7.3730,-0.8798,需更乐观假设才支撑,4.5328,7.3730,
000022,2003-08-15,15.9200,2003-03-31,2003-04-30,1.000000,0.2880,2.1497,1.9060,2.3935,7.4056,-0.8803,需更乐观假设才支撑,4.5328,7.4056,
000022,2003-08-18,16.0600,2003-03-31,2003-04-30,1.000000,0.2880,2.1497,1.9060,2.3935,7.4707,-0.8813,需更乐观假设才支撑,4.5328,7.4707,
000022,2003-08-19,16.2100,2003-03-31,2003-04-30,1.000000,0.2880,2.1497,1.9060,2.3935,7.5405,-0.8824,需更乐观假设才支撑,4.5328,7.5405,
000022,2003-08-20,16.2300,2003-03-31,2003-04-30,1.000000,0.2880,2.1497,1.9060,2.3935,7.5498,-0.8826,需更乐观假设才支撑,4.5328,7.5498,
000022,2003-08-21,16.2100,2003-03-31,2003-04-30,1.000000,0.2880,2.1497,1.9060,2.3935,7.5405,-0.8824,需更乐观假设才支撑,4.5328,7.5405,
000022,2003-08-22,16.4500,2003-03-31,2003-04-30,1.000000,0.2880,2.1497,1.9060,2.3935,7.6521,-0.8841,需更乐观假设才支撑,4.5328,7.6521,
000022,2003-08-25,16.5000,2003-03-31,2003-04-30,1.000000,0.2880,2.1497,1.9060,2.3935,7.6754,-0.8845,需更乐观假设才支撑,4.5328,7.6754,
000022,2003-08-26,16.8500,2003-03-31,2003-04-30,1.000000,0.2880,2.1497,1.9060,2.3935,7.8382,-0.8869,需更乐观假设才支撑,4.5328,7.8382,
000022,2003-08-27,16.6300,2003-03-31,2003-04-30,1.000000,0.2880,2.1497,1.9060,2.3935,7.7359,-0.8854,需更乐观假设才支撑,4.5328,7.7359,
000022,2003-08-28,16.5400,2003-03-31,2003-04-30,1.000000,0.2880,2.1497,1.9060,2.3935,7.6940,-0.8848,需更乐观假设才支撑,4.5328,7.6940,
000022,2003-08-29,16.6000,2003-06-30,2003-08-31,1.000000,0.0000,2.6606,2.3945,2.9266,6.2393,-0.8558,需更乐观假设才支撑,4.3807,6.2393,
000022,2003-09-01,16.8800,2003-06-30,2003-08-31,1.000000,0.0000,2.6606,2.3945,2.9266,6.3445,-0.8581,需更乐观假设才支撑,4.3807,6.3445,
000022,2003-09-02,16.7400,2003-06-30,2003-08-31,1.000000,0.0000,2.6606,2.3945,2.9266,6.2919,-0.8570,需更乐观假设才支撑,4.3807,6.2919,
000022,2003-09-03,16.8000,2003-06-30,2003-08-31,1.000000,0.0000,2.6606,2.3945,2.9266,6.3144,-0.8575,需更乐观假设才支撑,4.3807,6.3144,
000022,2003-09-04,16.5400,2003-06-30,2003-08-31,1.000000,0.0000,2.6606,2.3945,2.9266,6.2167,-0.8552,需更乐观假设才支撑,4.3807,6.2167,
000022,2003-09-05,16.5000,2003-06-30,2003-08-31,1.000000,0.0000,2.6606,2.3945,2.9266,6.2017,-0.8549,需更乐观假设才支撑,4.3807,6.2017,
000022,2003-09-08,16.4000,2003-06-30,2003-08-31,1.000000,0.0000,2.6606,2.3945,2.9266,6.1641,-0.8540,需更乐观假设才支撑,4.3807,6.1641,
000022,2003-09-09,16.4100,2003-06-30,2003-08-31,1.000000,0.0000,2.6606,2.3945,2.9266,6.1679,-0.8541,需更乐观假设才支撑,4.3807,6.1679,
000022,2003-09-10,16.3900,2003-06-30,2003-08-31,1.000000,0.0000,2.6606,2.3945,2.9266,6.1603,-0.8539,需更乐观假设才支撑,4.3807,6.1603,
000022,2003-09-11,16.4600,2003-06-30,2003-08-31,1.000000,0.0000,2.6606,2.3945,2.9266,6.1867,-0.8545,需更乐观假设才支撑,4.3807,6.1867,
000022,2003-09-12,16.3800,2003-06-30,2003-08-31,1.000000,0.0000,2.6606,2.3945,2.9266,6.1566,-0.8538,需更乐观假设才支撑,4.3807,6.1566,
000022,2003-09-15,16.3100,2003-06-30,2003-08-31,1.000000,0.0000,2.6606,2.3945,2.9266,6.1303,-0.8532,需更乐观假设才支撑,4.3807,6.1303,
000022,2003-09-16,16.0400,2003-06-30,2003-08-31,1.000000,0.0000,2.6606,2.3945,2.9266,6.0288,-0.8507,需更乐观假设才支撑,4.3807,6.0288,
000022,2003-09-17,15.9200,2003-06-30,2003-08-31,1.000000,0.0000,2.6606,2.3945,2.9266,5.9837,-0.8496,需更乐观假设才支撑,4.3807,5.9837,
000022,2003-09-18,16.0500,2003-06-30,2003-08-31,1.000000,0.0000,2.6606,2.3945,2.9266,6.0325,-0.8508,需更乐观假设才支撑,4.3807,6.0325,
000022,2003-09-19,15.9700,2003-06-30,2003-08-31,1.000000,0.0000,2.6606,2.3945,2.9266,6.0025,-0.8501,需更乐观假设才支撑,4.3807,6.0025,
000022,2003-09-22,16.0000,2003-06-30,2003-08-31,1.000000,0.0000,2.6606,2.3945,2.9266,6.0138,-0.8503,需更乐观假设才支撑,4.3807,6.0138,
000022,2003-09-23,16.0300,2003-06-30,2003-08-31,1.000000,0.0000,2.6606,2.3945,2.9266,6.0250,-0.8506,需更乐观假设才支撑,4.3807,6.0250,
000022,2003-09-24,16.1400,2003-06-30,2003-08-31,1.000000,0.0000,2.6606,2.3945,2.9266,6.0664,-0.8516,需更乐观假设才支撑,4.3807,6.0664,
000022,2003-09-25,16.0000,2003-06-30,2003-08-31,1.000000,0.0000,2.6606,2.3945,2.9266,6.0138,-0.8503,需更乐观假设才支撑,4.3807,6.0138,
000022,2003-09-26,16.0200,2003-06-30,2003-08-31,1.000000,0.0000,2.6606,2.3945,2.9266,6.0213,-0.8505,需更乐观假设才支撑,4.3807,6.0213,
000022,2003-09-29,15.7400,2003-06-30,2003-08-31,1.000000,0.0000,2.6606,2.3945,2.9266,5.9160,-0.8479,需更乐观假设才支撑,4.3807,5.9160,
000022,2003-09-30,15.9600,2003-06-30,2003-08-31,1.000000,0.0000,2.6606,2.3945,2.9266,5.9987,-0.8500,需更乐观假设才支撑,4.3807,5.9987,
000022,2003-10-08,15.9400,2003-06-30,2003-08-31,1.000000,0.0000,2.6606,2.3945,2.9266,5.9912,-0.8498,需更乐观假设才支撑,4.3807,5.9912,
000022,2003-10-09,16.1300,2003-06-30,2003-08-31,1.000000,0.0000,2.6606,2.3945,2.9266,6.0626,-0.8515,需更乐观假设才支撑,4.3807,6.0626,
000022,2003-10-10,16.4600,2003-06-30,2003-08-31,1.000000,0.0000,2.6606,2.3945,2.9266,6.1867,-0.8545,需更乐观假设才支撑,4.3807,6.1867,
000022,2003-10-13,16.3300,2003-06-30,2003-08-31,1.000000,0.0000,2.6606,2.3945,2.9266,6.1378,-0.8534,需更乐观假设才支撑,4.3807,6.1378,
000022,2003-10-14,16.3800,2003-06-30,2003-08-31,1.000000,0.0000,2.6606,2.3945,2.9266,6.1566,-0.8538,需更乐观假设才支撑,4.3807,6.1566,
000022,2003-10-15,16.3500,2003-06-30,2003-08-31,1.000000,0.0000,2.6606,2.3945,2.9266,6.1453,-0.8535,需更乐观假设才支撑,4.3807,6.1453,
000022,2003-10-16,16.2100,2003-06-30,2003-08-31,1.000000,0.0000,2.6606,2.3945,2.9266,6.0927,-0.8523,需更乐观假设才支撑,4.3807,6.0927,
000022,2003-10-17,16.1800,2003-06-30,2003-08-31,1.000000,0.0000,2.6606,2.3945,2.9266,6.0814,-0.8520,需更乐观假设才支撑,4.3807,6.0814,
000022,2003-10-20,16.1000,2003-06-30,2003-08-31,1.000000,0.0000,2.6606,2.3945,2.9266,6.0513,-0.8513,需更乐观假设才支撑,4.3807,6.0513,
000022,2003-10-21,16.0400,2003-06-30,2003-08-31,1.000000,0.0000,2.6606,2.3945,2.9266,6.0288,-0.8507,需更乐观假设才支撑,4.3807,6.0288,
000022,2003-10-22,16.3500,2003-06-30,2003-08-31,1.000000,0.0000,2.6606,2.3945,2.9266,6.1453,-0.8535,需更乐观假设才支撑,4.3807,6.1453,
000022,2003-10-23,16.0700,2003-06-30,2003-08-31,1.000000,0.0000,2.6606,2.3945,2.9266,6.0401,-0.8510,需更乐观假设才支撑,4.3807,6.0401,
000022,2003-10-24,16.2500,2003-06-30,2003-08-31,1.000000,0.0000,2.6606,2.3945,2.9266,6.1077,-0.8526,需更乐观假设才支撑,4.3807,6.1077,
000022,2003-10-27,16.2600,2003-06-30,2003-08-31,1.000000,0.0000,2.6606,2.3945,2.9266,6.1115,-0.8527,需更乐观假设才支撑,4.3807,6.1115,
000022,2003-10-28,16.7800,2003-06-30,2003-08-31,1.000000,0.0000,2.6606,2.3945,2.9266,6.3069,-0.8573,需更乐观假设才支撑,4.3807,6.3069,
000022,2003-10-29,17.0500,2003-06-30,2003-08-31,1.000000,0.0000,2.6606,2.3945,2.9266,6.4084,-0.8596,需更乐观假设才支撑,4.3807,6.4084,
000022,2003-10-30,17.2500,2003-09-30,2003-10-31,1.000000,0.0000,2.8547,2.5692,3.1402,6.0427,-0.8511,需更乐观假设才支撑,4.7024,6.0427,
000022,2003-10-31,17.2000,2003-09-30,2003-10-31,1.000000,0.0000,2.8547,2.5692,3.1402,6.0251,-0.8506,需更乐观假设才支撑,4.7024,6.0251,
000022,2003-11-03,17.4200,2003-09-30,2003-10-31,1.000000,0.0000,2.8547,2.5692,3.1402,6.1022,-0.8525,需更乐观假设才支撑,4.7024,6.1022,
000022,2003-11-04,17.6100,2003-09-30,2003-10-31,1.000000,0.0000,2.8547,2.5692,3.1402,6.1688,-0.8541,需更乐观假设才支撑,4.7024,6.1688,
000022,2003-11-05,17.4500,2003-09-30,2003-10-31,1.000000,0.0000,2.8547,2.5692,3.1402,6.1127,-0.8528,需更乐观假设才支撑,4.7024,6.1127,
000022,2003-11-06,17.5800,2003-09-30,2003-10-31,1.000000,0.0000,2.8547,2.5692,3.1402,6.1583,-0.8539,需更乐观假设才支撑,4.7024,6.1583,
000022,2003-11-07,17.5900,2003-09-30,2003-10-31,1.000000,0.0000,2.8547,2.5692,3.1402,6.1618,-0.8539,需更乐观假设才支撑,4.7024,6.1618,
000022,2003-11-10,18.0000,2003-09-30,2003-10-31,1.000000,0.0000,2.8547,2.5692,3.1402,6.3054,-0.8573,需更乐观假设才支撑,4.7024,6.3054,
000022,2003-11-11,17.8100,2003-09-30,2003-10-31,1.000000,0.0000,2.8547,2.5692,3.1402,6.2388,-0.8557,需更乐观假设才支撑,4.7024,6.2388,
000022,2003-11-12,17.3900,2003-09-30,2003-10-31,1.000000,0.0000,2.8547,2.5692,3.1402,6.0917,-0.8523,需更乐观假设才支撑,4.7024,6.0917,
000022,2003-11-13,17.4500,2003-09-30,2003-10-31,1.000000,0.0000,2.8547,2.5692,3.1402,6.1127,-0.8528,需更乐观假设才支撑,4.7024,6.1127,
000022,2003-11-14,17.4700,2003-09-30,2003-10-31,1.000000,0.0000,2.8547,2.5692,3.1402,6.1197,-0.8529,需更乐观假设才支撑,4.7024,6.1197,
000022,2003-11-17,17.3300,2003-09-30,2003-10-31,1.000000,0.0000,2.8547,2.5692,3.1402,6.0707,-0.8517,需更乐观假设才支撑,4.7024,6.0707,
000022,2003-11-18,16.9700,2003-09-30,2003-10-31,1.000000,0.0000,2.8547,2.5692,3.1402,5.9446,-0.8486,需更乐观假设才支撑,4.7024,5.9446,
000022,2003-11-19,16.8500,2003-09-30,2003-10-31,1.000000,0.0000,2.8547,2.5692,3.1402,5.9025,-0.8475,需更乐观假设才支撑,4.7024,5.9025,
000022,2003-11-20,17.0600,2003-09-30,2003-10-31,1.000000,0.0000,2.8547,2.5692,3.1402,5.9761,-0.8494,需更乐观假设才支撑,4.7024,5.9761,
000022,2003-11-21,16.8700,2003-09-30,2003-10-31,1.000000,0.0000,2.8547,2.5692,3.1402,5.9095,-0.8477,需更乐观假设才支撑,4.7024,5.9095,
000022,2003-11-24,17.2100,2003-09-30,2003-10-31,1.000000,0.0000,2.8547,2.5692,3.1402,6.0286,-0.8507,需更乐观假设才支撑,4.7024,6.0286,
000022,2003-11-25,17.1800,2003-09-30,2003-10-31,1.000000,0.0000,2.8547,2.5692,3.1402,6.0181,-0.8505,需更乐观假设才支撑,4.7024,6.0181,
000022,2003-11-26,17.1800,2003-09-30,2003-10-31,1.000000,0.0000,2.8547,2.5692,3.1402,6.0181,-0.8505,需更乐观假设才支撑,4.7024,6.0181,
000022,2003-11-27,16.9800,2003-09-30,2003-10-31,1.000000,0.0000,2.8547,2.5692,3.1402,5.9481,-0.8487,需更乐观假设才支撑,4.7024,5.9481,
000022,2003-11-28,16.9500,2003-09-30,2003-10-31,1.000000,0.0000,2.8547,2.5692,3.1402,5.9376,-0.8484,需更乐观假设才支撑,4.7024,5.9376,
000022,2003-12-01,17.2500,2003-09-30,2003-10-31,1.000000,0.0000,2.8547,2.5692,3.1402,6.0427,-0.8511,需更乐观假设才支撑,4.7024,6.0427,
000022,2003-12-02,17.3000,2003-09-30,2003-10-31,1.000000,0.0000,2.8547,2.5692,3.1402,6.0602,-0.8515,需更乐观假设才支撑,4.7024,6.0602,
000022,2003-12-03,17.3300,2003-09-30,2003-10-31,1.000000,0.0000,2.8547,2.5692,3.1402,6.0707,-0.8517,需更乐观假设才支撑,4.7024,6.0707,
000022,2003-12-04,17.3700,2003-09-30,2003-10-31,1.000000,0.0000,2.8547,2.5692,3.1402,6.0847,-0.8521,需更乐观假设才支撑,4.7024,6.0847,
000022,2003-12-05,17.3000,2003-09-30,2003-10-31,1.000000,0.0000,2.8547,2.5692,3.1402,6.0602,-0.8515,需更乐观假设才支撑,4.7024,6.0602,
000022,2003-12-08,17.1900,2003-09-30,2003-10-31,1.000000,0.0000,2.8547,2.5692,3.1402,6.0216,-0.8505,需更乐观假设才支撑,4.7024,6.0216,
000022,2003-12-09,17.1100,2003-09-30,2003-10-31,1.000000,0.0000,2.8547,2.5692,3.1402,5.9936,-0.8498,需更乐观假设才支撑,4.7024,5.9936,
000022,2003-12-10,17.0300,2003-09-30,2003-10-31,1.000000,0.0000,2.8547,2.5692,3.1402,5.9656,-0.8491,需更乐观假设才支撑,4.7024,5.9656,
000022,2003-12-11,17.0300,2003-09-30,2003-10-31,1.000000,0.0000,2.8547,2.5692,3.1402,5.9656,-0.8491,需更乐观假设才支撑,4.7024,5.9656,
000022,2003-12-12,17.0500,2003-09-30,2003-10-31,1.000000,0.0000,2.8547,2.5692,3.1402,5.9726,-0.8493,需更乐观假设才支撑,4.7024,5.9726,
000022,2003-12-15,17.0600,2003-09-30,2003-10-31,1.000000,0.0000,2.8547,2.5692,3.1402,5.9761,-0.8494,需更乐观假设才支撑,4.7024,5.9761,
000022,2003-12-16,17.2900,2003-09-30,2003-10-31,1.000000,0.0000,2.8547,2.5692,3.1402,6.0567,-0.8514,需更乐观假设才支撑,4.7024,6.0567,
000022,2003-12-17,17.2200,2003-09-30,2003-10-31,1.000000,0.0000,2.8547,2.5692,3.1402,6.0321,-0.8508,需更乐观假设才支撑,4.7024,6.0321,
000022,2003-12-18,17.3700,2003-09-30,2003-10-31,1.000000,0.0000,2.8547,2.5692,3.1402,6.0847,-0.8521,需更乐观假设才支撑,4.7024,6.0847,
000022,2003-12-19,17.9300,2003-09-30,2003-10-31,1.000000,0.0000,2.8547,2.5692,3.1402,6.2809,-0.8567,需更乐观假设才支撑,4.7024,6.2809,
000022,2003-12-22,18.1000,2003-09-30,2003-10-31,1.000000,0.0000,2.8547,2.5692,3.1402,6.3404,-0.8581,需更乐观假设才支撑,4.7024,6.3404,
000022,2003-12-23,18.1500,2003-09-30,2003-10-31,1.000000,0.0000,2.8547,2.5692,3.1402,6.3579,-0.8584,需更乐观假设才支撑,4.7024,6.3579,
000022,2003-12-24,18.7400,2003-09-30,2003-10-31,1.000000,0.0000,2.8547,2.5692,3.1402,6.5646,-0.8629,需更乐观假设才支撑,4.7024,6.5646,
000022,2003-12-25,18.5600,2003-09-30,2003-10-31,1.000000,0.0000,2.8547,2.5692,3.1402,6.5015,-0.8616,需更乐观假设才支撑,4.7024,6.5015,
000022,2003-12-26,18.3900,2003-09-30,2003-10-31,1.000000,0.0000,2.8547,2.5692,3.1402,6.4420,-0.8603,需更乐观假设才支撑,4.7024,6.4420,
000022,2003-12-29,18.2400,2003-09-30,2003-10-31,1.000000,0.0000,2.8547,2.5692,3.1402,6.3895,-0.8591,需更乐观假设才支撑,4.7024,6.3895,
000022,2003-12-30,18.4900,2003-09-30,2003-10-31,1.000000,0.0000,2.8547,2.5692,3.1402,6.4770,-0.8610,需更乐观假设才支撑,4.7024,6.4770,
000022,2003-12-31,18.3300,2003-09-30,2003-10-31,1.000000,0.0000,2.8547,2.5692,3.1402,6.4210,-0.8598,需更乐观假设才支撑,4.7024,6.4210,
000022,2004-01-02,18.1000,2003-09-30,2003-10-31,1.000000,0.0000,2.8547,2.5692,3.1402,6.3404,-0.8581,需更乐观假设才支撑,4.7024,6.3404,
000022,2004-01-05,18.9300,2003-09-30,2003-10-31,1.000000,0.0000,2.8547,2.5692,3.1402,6.6312,-0.8643,需更乐观假设才支撑,4.7024,6.6312,
000022,2004-01-06,18.7200,2003-09-30,2003-10-31,1.000000,0.0000,2.8547,2.5692,3.1402,6.5576,-0.8628,需更乐观假设才支撑,4.7024,6.5576,
000022,2004-01-07,18.7000,2003-09-30,2003-10-31,1.000000,0.0000,2.8547,2.5692,3.1402,6.5506,-0.8626,需更乐观假设才支撑,4.7024,6.5506,
000022,2004-01-08,19.2600,2003-09-30,2003-10-31,1.000000,0.0000,2.8547,2.5692,3.1402,6.7468,-0.8666,需更乐观假设才支撑,4.7024,6.7468,
000022,2004-01-09,20.0400,2003-09-30,2003-10-31,1.000000,0.0000,2.8547,2.5692,3.1402,7.0200,-0.8718,需更乐观假设才支撑,4.7024,7.0200,
000022,2004-01-12,21.1700,2003-09-30,2003-10-31,1.000000,0.0000,2.8547,2.5692,3.1402,7.4158,-0.8786,需更乐观假设才支撑,4.7024,7.4158,
000022,2004-01-13,20.9000,2003-09-30,2003-10-31,1.000000,0.0000,2.8547,2.5692,3.1402,7.3212,-0.8771,需更乐观假设才支撑,4.7024,7.3212,
000022,2004-01-14,20.5100,2003-09-30,2003-10-31,1.000000,0.0000,2.8547,2.5692,3.1402,7.1846,-0.8747,需更乐观假设才支撑,4.7024,7.1846,
000022,2004-01-15,20.6700,2003-09-30,2003-10-31,1.000000,0.0000,2.8547,2.5692,3.1402,7.2407,-0.8757,需更乐观假设才支撑,4.7024,7.2407,
000022,2004-01-16,20.7300,2003-09-30,2003-10-31,1.000000,0.0000,2.8547,2.5692,3.1402,7.2617,-0.8761,需更乐观假设才支撑,4.7024,7.2617,
000022,2004-01-29,20.4300,2003-09-30,2003-10-31,1.000000,0.0000,2.8547,2.5692,3.1402,7.1566,-0.8742,需更乐观假设才支撑,4.7024,7.1566,
000022,2004-01-30,19.7000,2003-09-30,2003-10-31,1.000000,0.0000,2.8547,2.5692,3.1402,6.9009,-0.8696,需更乐观假设才支撑,4.7024,6.9009,
000022,2004-02-02,19.7900,2003-09-30,2003-10-31,1.000000,0.0000,2.8547,2.5692,3.1402,6.9324,-0.8702,需更乐观假设才支撑,4.7024,6.9324,
000022,2004-02-03,19.9000,2003-09-30,2003-10-31,1.000000,0.0000,2.8547,2.5692,3.1402,6.9709,-0.8709,需更乐观假设才支撑,4.7024,6.9709,
000022,2004-02-04,20.1000,2003-09-30,2003-10-31,1.000000,0.0000,2.8547,2.5692,3.1402,7.0410,-0.8722,需更乐观假设才支撑,4.7024,7.0410,
000022,2004-02-05,19.9300,2003-09-30,2003-10-31,1.000000,0.0000,2.8547,2.5692,3.1402,6.9815,-0.8711,需更乐观假设才支撑,4.7024,6.9815,
000022,2004-02-06,19.9800,2003-09-30,2003-10-31,1.000000,0.0000,2.8547,2.5692,3.1402,6.9990,-0.8714,需更乐观假设才支撑,4.7024,6.9990,
000022,2004-02-09,20.2700,2003-09-30,2003-10-31,1.000000,0.0000,2.8547,2.5692,3.1402,7.1006,-0.8732,需更乐观假设才支撑,4.7024,7.1006,
000022,2004-02-10,20.1300,2003-09-30,2003-10-31,1.000000,0.0000,2.8547,2.5692,3.1402,7.0515,-0.8724,需更乐观假设才支撑,4.7024,7.0515,
000022,2004-02-11,20.1000,2003-09-30,2003-10-31,1.000000,0.0000,2.8547,2.5692,3.1402,7.0410,-0.8722,需更乐观假设才支撑,4.7024,7.0410,
000022,2004-02-12,20.4000,2003-09-30,2003-10-31,1.000000,0.0000,2.8547,2.5692,3.1402,7.1461,-0.8741,需更乐观假设才支撑,4.7024,7.1461,
000022,2004-02-13,19.8000,2003-09-30,2003-10-31,1.000000,0.0000,2.8547,2.5692,3.1402,6.9359,-0.8702,需更乐观假设才支撑,4.7024,6.9359,
000022,2004-02-16,19.8600,2003-09-30,2003-10-31,1.000000,0.0000,2.8547,2.5692,3.1402,6.9569,-0.8706,需更乐观假设才支撑,4.7024,6.9569,
000022,2004-02-17,20.1100,2003-09-30,2003-10-31,1.000000,0.0000,2.8547,2.5692,3.1402,7.0445,-0.8722,需更乐观假设才支撑,4.7024,7.0445,
000022,2004-02-18,21.0000,2003-09-30,2003-10-31,1.000000,0.0000,2.8547,2.5692,3.1402,7.3563,-0.8777,需更乐观假设才支撑,4.7024,7.3563,
000022,2004-02-19,20.7000,2003-09-30,2003-10-31,1.000000,0.0000,2.8547,2.5692,3.1402,7.2512,-0.8759,需更乐观假设才支撑,4.7024,7.2512,
000022,2004-02-20,20.7000,2003-09-30,2003-10-31,1.000000,0.0000,2.8547,2.5692,3.1402,7.2512,-0.8759,需更乐观假设才支撑,4.7024,7.2512,
000022,2004-02-23,20.4000,2003-09-30,2003-10-31,1.000000,0.0000,2.8547,2.5692,3.1402,7.1461,-0.8741,需更乐观假设才支撑,4.7024,7.1461,
000022,2004-02-24,20.8800,2003-09-30,2003-10-31,1.000000,0.0000,2.8547,2.5692,3.1402,7.3142,-0.8770,需更乐观假设才支撑,4.7024,7.3142,
000022,2004-02-25,20.4500,2003-09-30,2003-10-31,1.000000,0.0000,2.8547,2.5692,3.1402,7.1636,-0.8744,需更乐观假设才支撑,4.7024,7.1636,
000022,2004-02-26,20.6100,2003-09-30,2003-10-31,1.000000,0.0000,2.8547,2.5692,3.1402,7.2197,-0.8753,需更乐观假设才支撑,4.7024,7.2197,
000022,2004-02-27,21.2500,2003-09-30,2003-10-31,1.000000,0.0000,2.8547,2.5692,3.1402,7.4439,-0.8791,需更乐观假设才支撑,4.7024,7.4439,
000022,2004-03-01,21.8800,2003-09-30,2003-10-31,1.000000,0.0000,2.8547,2.5692,3.1402,7.6645,-0.8826,需更乐观假设才支撑,4.7024,7.6645,
000022,2004-03-02,22.1500,2003-09-30,2003-10-31,1.000000,0.0000,2.8547,2.5692,3.1402,7.7591,-0.8840,需更乐观假设才支撑,4.7024,7.7591,
000022,2004-03-03,21.6200,2003-09-30,2003-10-31,1.000000,0.0000,2.8547,2.5692,3.1402,7.5735,-0.8812,需更乐观假设才支撑,4.7024,7.5735,
000022,2004-03-04,21.4700,2003-09-30,2003-10-31,1.000000,0.0000,2.8547,2.5692,3.1402,7.5209,-0.8803,需更乐观假设才支撑,4.7024,7.5209,
000022,2004-03-05,22.1400,2003-09-30,2003-10-31,1.000000,0.0000,2.8547,2.5692,3.1402,7.7556,-0.8840,需更乐观假设才支撑,4.7024,7.7556,
000022,2004-03-08,22.1100,2003-09-30,2003-10-31,1.000000,0.0000,2.8547,2.5692,3.1402,7.7451,-0.8838,需更乐观假设才支撑,4.7024,7.7451,
000022,2004-03-09,22.0200,2003-09-30,2003-10-31,1.000000,0.0000,2.8547,2.5692,3.1402,7.7136,-0.8833,需更乐观假设才支撑,4.7024,7.7136,
000022,2004-03-10,22.1800,2003-09-30,2003-10-31,1.000000,0.0000,2.8547,2.5692,3.1402,7.7696,-0.8842,需更乐观假设才支撑,4.7024,7.7696,
000022,2004-03-11,22.9000,2003-09-30,2003-10-31,1.000000,0.0000,2.8547,2.5692,3.1402,8.0218,-0.8878,需更乐观假设才支撑,4.7024,8.0218,
000022,2004-03-12,22.8900,2003-09-30,2003-10-31,1.000000,0.0000,2.8547,2.5692,3.1402,8.0183,-0.8878,需更乐观假设才支撑,4.7024,8.0183,
000022,2004-03-15,23.1000,2003-09-30,2003-10-31,1.000000,0.0000,2.8547,2.5692,3.1402,8.0919,-0.8888,需更乐观假设才支撑,4.7024,8.0919,
000022,2004-03-16,22.9700,2003-09-30,2003-10-31,1.000000,0.0000,2.8547,2.5692,3.1402,8.0464,-0.8881,需更乐观假设才支撑,4.7024,8.0464,
000022,2004-03-17,23.3500,2003-09-30,2003-10-31,1.000000,0.0000,2.8547,2.5692,3.1402,8.1795,-0.8900,需更乐观假设才支撑,4.7024,8.1795,
000022,2004-03-18,22.8300,2003-09-30,2003-10-31,1.000000,0.0000,2.8547,2.5692,3.1402,7.9973,-0.8875,需更乐观假设才支撑,4.7024,7.9973,
000022,2004-03-19,22.8900,2003-09-30,2003-10-31,1.000000,0.0000,2.8547,2.5692,3.1402,8.0183,-0.8878,需更乐观假设才支撑,4.7024,8.0183,
000022,2004-03-22,22.9600,2003-09-30,2003-10-31,1.000000,0.0000,2.8547,2.5692,3.1402,8.0429,-0.8881,需更乐观假设才支撑,4.7024,8.0429,
000022,2004-03-23,22.7100,2003-09-30,2003-10-31,1.000000,0.0000,2.8547,2.5692,3.1402,7.9553,-0.8869,需更乐观假设才支撑,4.7024,7.9553,
000022,2004-03-24,23.0600,2003-09-30,2003-10-31,1.000000,0.0000,2.8547,2.5692,3.1402,8.0779,-0.8886,需更乐观假设才支撑,4.7024,8.0779,
000022,2004-03-25,23.0900,2003-09-30,2003-10-31,1.000000,0.0000,2.8547,2.5692,3.1402,8.0884,-0.8887,需更乐观假设才支撑,4.7024,8.0884,
000022,2004-03-26,23.2400,2003-09-30,2003-10-31,1.000000,0.0000,2.8547,2.5692,3.1402,8.1409,-0.8894,需更乐观假设才支撑,4.7024,8.1409,
000022,2004-03-29,23.5400,2003-09-30,2003-10-31,1.000000,0.0000,2.8547,2.5692,3.1402,8.2460,-0.8909,需更乐观假设才支撑,4.7024,8.2460,
000022,2004-03-30,23.5700,2003-09-30,2003-10-31,1.000000,0.0000,2.8547,2.5692,3.1402,8.2565,-0.8910,需更乐观假设才支撑,4.7024,8.2565,
000022,2004-03-31,23.8500,2003-09-30,2003-10-31,1.000000,0.0000,2.8547,2.5692,3.1402,8.3546,-0.8923,需更乐观假设才支撑,4.7024,8.3546,
000022,2004-04-01,24.8300,2003-09-30,2003-10-31,1.000000,0.0000,2.8547,2.5692,3.1402,8.6979,-0.8965,需更乐观假设才支撑,4.7024,8.6979,
000022,2004-04-02,25.0100,2003-09-30,2003-10-31,1.000000,0.0000,2.8547,2.5692,3.1402,8.7610,-0.8973,需更乐观假设才支撑,4.7024,8.7610,
000022,2004-04-05,25.4500,2003-09-30,2003-10-31,1.000000,0.0000,2.8547,2.5692,3.1402,8.9151,-0.8990,需更乐观假设才支撑,4.7024,8.9151,
000022,2004-04-06,26.1600,2003-09-30,2003-10-31,1.000000,0.0000,2.8547,2.5692,3.1402,9.1638,-0.9018,需更乐观假设才支撑,4.7024,9.1638,
000022,2004-04-07,26.2500,2003-09-30,2003-10-31,1.000000,0.0000,2.8547,2.5692,3.1402,9.1953,-0.9021,需更乐观假设才支撑,4.7024,9.1953,
000022,2004-04-08,26.5500,2003-09-30,2003-10-31,1.000000,0.0000,2.8547,2.5692,3.1402,9.3004,-0.9032,需更乐观假设才支撑,4.7024,9.3004,
000022,2004-04-09,25.9800,2003-09-30,2003-10-31,1.000000,0.0000,2.8547,2.5692,3.1402,9.1008,-0.9011,需更乐观假设才支撑,4.7024,9.1008,
000022,2004-04-12,25.5100,2003-09-30,2003-10-31,1.000000,0.0000,2.8547,2.5692,3.1402,8.9361,-0.8993,需更乐观假设才支撑,4.7024,8.9361,
000022,2004-04-13,25.5500,2003-09-30,2003-10-31,1.000000,0.0000,2.8547,2.5692,3.1402,8.9501,-0.8994,需更乐观假设才支撑,4.7024,8.9501,
000022,2004-04-14,25.4700,2003-09-30,2003-10-31,1.000000,0.0000,2.8547,2.5692,3.1402,8.9221,-0.8991,需更乐观假设才支撑,4.7024,8.9221,
000022,2004-04-15,24.5500,2003-09-30,2003-10-31,1.000000,0.0000,2.8547,2.5692,3.1402,8.5998,-0.8953,需更乐观假设才支撑,4.7024,8.5998,
000022,2004-04-16,24.9800,2003-09-30,2003-10-31,1.000000,0.0000,2.8547,2.5692,3.1402,8.7505,-0.8971,需更乐观假设才支撑,4.7024,8.7505,
000022,2004-04-19,25.3800,2003-09-30,2003-10-31,1.000000,0.0000,2.8547,2.5692,3.1402,8.8906,-0.8988,需更乐观假设才支撑,4.7024,8.8906,
000022,2004-04-20,25.6600,2003-09-30,2003-10-31,1.000000,0.0000,2.8547,2.5692,3.1402,8.9887,-0.8999,需更乐观假设才支撑,4.7024,8.9887,
000022,2004-04-21,25.5800,2003-09-30,2003-10-31,1.000000,0.0000,2.8547,2.5692,3.1402,8.9606,-0.8996,需更乐观假设才支撑,4.7024,8.9606,
000022,2004-04-22,25.3000,2003-09-30,2003-10-31,1.000000,0.0000,2.8547,2.5692,3.1402,8.8626,-0.8984,需更乐观假设才支撑,4.7024,8.8626,
000022,2004-04-23,25.9000,2003-09-30,2003-10-31,1.000000,0.0000,2.8547,2.5692,3.1402,9.0727,-0.9008,需更乐观假设才支撑,4.7024,9.0727,
000022,2004-04-26,25.9200,2003-09-30,2003-10-31,1.000000,0.0000,2.8547,2.5692,3.1402,9.0797,-0.9009,需更乐观假设才支撑,4.7024,9.0797,
000022,2004-04-27,26.4000,2003-09-30,2003-10-31,1.000000,0.0000,2.8547,2.5692,3.1402,9.2479,-0.9027,需更乐观假设才支撑,4.7024,9.2479,
000022,2004-04-28,26.0900,2003-09-30,2003-10-31,1.000000,0.0000,2.8547,2.5692,3.1402,9.1393,-0.9015,需更乐观假设才支撑,4.7024,9.1393,
000022,2004-04-29,24.9300,2004-03-31,2004-04-30,1.000000,0.0000,3.9615,3.5653,4.3576,6.2931,-0.8570,需更乐观假设才支撑,8.0687,6.2931,
000022,2004-05-10,24.0200,2004-03-31,2004-04-30,1.000000,0.0000,3.9615,3.5653,4.3576,6.0634,-0.8516,需更乐观假设才支撑,8.0687,6.0634,
000022,2004-05-11,24.2900,2004-03-31,2004-04-30,1.000000,0.0000,3.9615,3.5653,4.3576,6.1316,-0.8532,需更乐观假设才支撑,8.0687,6.1316,
000022,2004-05-12,25.0000,2004-03-31,2004-04-30,1.000000,0.0000,3.9615,3.5653,4.3576,6.3108,-0.8574,需更乐观假设才支撑,8.0687,6.3108,
000022,2004-05-13,25.0800,2004-03-31,2004-04-30,1.000000,0.0000,3.9615,3.5653,4.3576,6.3310,-0.8578,需更乐观假设才支撑,8.0687,6.3310,
000022,2004-05-14,25.0800,2004-03-31,2004-04-30,1.000000,0.0000,3.9615,3.5653,4.3576,6.3310,-0.8578,需更乐观假设才支撑,8.0687,6.3310,
000022,2004-05-17,24.8800,2004-03-31,2004-04-30,1.000000,0.0000,3.9615,3.5653,4.3576,6.2805,-0.8567,需更乐观假设才支撑,8.0687,6.2805,
000022,2004-05-18,24.4100,2004-03-31,2004-04-30,1.000000,0.0000,3.9615,3.5653,4.3576,6.1619,-0.8539,需更乐观假设才支撑,8.0687,6.1619,
000022,2004-05-19,23.8600,2004-03-31,2004-04-30,1.000000,0.0000,3.9615,3.5653,4.3576,6.0230,-0.8506,需更乐观假设才支撑,8.0687,6.0230,
000022,2004-05-20,23.4400,2004-03-31,2004-04-30,1.000000,0.0000,3.9615,3.5653,4.3576,5.9170,-0.8479,需更乐观假设才支撑,8.0687,5.9170,
000022,2004-05-21,23.6000,2004-03-31,2004-04-30,1.000000,0.0000,3.9615,3.5653,4.3576,5.9574,-0.8489,需更乐观假设才支撑,8.0687,5.9574,
000022,2004-05-24,23.8800,2004-03-31,2004-04-30,1.000000,0.0000,3.9615,3.5653,4.3576,6.0281,-0.8507,需更乐观假设才支撑,8.0687,6.0281,
000022,2004-05-25,24.0600,2004-03-31,2004-04-30,1.000000,0.0000,3.9615,3.5653,4.3576,6.0735,-0.8518,需更乐观假设才支撑,8.0687,6.0735,
000022,2004-05-26,24.0400,2004-03-31,2004-04-30,1.000000,0.0000,3.9615,3.5653,4.3576,6.0685,-0.8517,需更乐观假设才支撑,8.0687,6.0685,
000022,2004-05-27,24.6500,2004-03-31,2004-04-30,1.000000,0.0000,3.9615,3.5653,4.3576,6.2225,-0.8554,需更乐观假设才支撑,8.0687,6.2225,
000022,2004-05-28,24.3200,2004-03-31,2004-04-30,1.000000,0.0000,3.9615,3.5653,4.3576,6.1392,-0.8534,需更乐观假设才支撑,8.0687,6.1392,
000022,2004-05-31,24.7800,2004-03-31,2004-04-30,1.000000,0.0000,3.9615,3.5653,4.3576,6.2553,-0.8561,需更乐观假设才支撑,8.0687,6.2553,
000022,2004-06-01,24.8600,2004-03-31,2004-04-30,1.000000,0.0000,3.9615,3.5653,4.3576,6.2755,-0.8566,需更乐观假设才支撑,8.0687,6.2755,
000022,2004-06-02,25.4900,2004-03-31,2004-04-30,1.000000,0.0000,3.9615,3.5653,4.3576,6.4345,-0.8601,需更乐观假设才支撑,8.0687,6.4345,
000022,2004-06-03,25.3400,2004-03-31,2004-04-30,1.000000,0.0000,3.9615,3.5653,4.3576,6.3966,-0.8593,需更乐观假设才支撑,8.0687,6.3966,
000022,2004-06-04,25.3900,2004-03-31,2004-04-30,1.000000,0.0000,3.9615,3.5653,4.3576,6.4093,-0.8596,需更乐观假设才支撑,8.0687,6.4093,
000022,2004-06-07,24.8600,2004-03-31,2004-04-30,1.000000,0.0000,3.9615,3.5653,4.3576,6.2755,-0.8566,需更乐观假设才支撑,8.0687,6.2755,
000022,2004-06-08,24.8200,2004-03-31,2004-04-30,1.000000,0.0000,3.9615,3.5653,4.3576,6.2654,-0.8564,需更乐观假设才支撑,8.0687,6.2654,
000022,2004-06-09,24.7400,2004-03-31,2004-04-30,1.000000,0.0000,3.9615,3.5653,4.3576,6.2452,-0.8559,需更乐观假设才支撑,8.0687,6.2452,
000022,2004-06-10,24.3800,2004-03-31,2004-04-30,1.000000,0.0000,3.9615,3.5653,4.3576,6.1543,-0.8538,需更乐观假设才支撑,8.0687,6.1543,
000022,2004-06-11,24.9800,2004-03-31,2004-04-30,1.000000,0.0000,3.9615,3.5653,4.3576,6.3058,-0.8573,需更乐观假设才支撑,8.0687,6.3058,
000022,2004-06-14,24.7300,2004-03-31,2004-04-30,1.000000,0.0000,3.9615,3.5653,4.3576,6.2427,-0.8558,需更乐观假设才支撑,8.0687,6.2427,
000022,2004-06-15,24.8500,2004-03-31,2004-04-30,1.000000,0.0000,3.9615,3.5653,4.3576,6.2729,-0.8565,需更乐观假设才支撑,8.0687,6.2729,
000022,2004-06-16,24.9500,2004-03-31,2004-04-30,1.000000,0.0000,3.9615,3.5653,4.3576,6.2982,-0.8571,需更乐观假设才支撑,8.0687,6.2982,
000022,2004-06-17,24.9600,2004-03-31,2004-04-30,1.000000,0.0000,3.9615,3.5653,4.3576,6.3007,-0.8572,需更乐观假设才支撑,8.0687,6.3007,
000022,2004-06-18,24.5900,2004-03-31,2004-04-30,1.000000,0.0000,3.9615,3.5653,4.3576,6.2073,-0.8550,需更乐观假设才支撑,8.0687,6.2073,
000022,2004-06-21,24.3900,2004-03-31,2004-04-30,1.000000,0.0000,3.9615,3.5653,4.3576,6.1568,-0.8538,需更乐观假设才支撑,8.0687,6.1568,
000022,2004-06-22,18.6000,2004-03-31,2004-04-30,1.300000,0.3815,2.6657,2.3610,2.9705,6.9774,-0.8731,需更乐观假设才支撑,6.2067,6.9774,
000022,2004-06-23,18.5100,2004-03-31,2004-04-30,1.300000,0.3815,2.6657,2.3610,2.9705,6.9437,-0.8724,需更乐观假设才支撑,6.2067,6.9437,
000022,2004-06-24,18.8500,2004-03-31,2004-04-30,1.300000,0.3815,2.6657,2.3610,2.9705,7.0712,-0.8747,需更乐观假设才支撑,6.2067,7.0712,
000022,2004-06-25,18.8600,2004-03-31,2004-04-30,1.300000,0.3815,2.6657,2.3610,2.9705,7.0750,-0.8748,需更乐观假设才支撑,6.2067,7.0750,
000022,2004-06-28,18.6000,2004-03-31,2004-04-30,1.300000,0.3815,2.6657,2.3610,2.9705,6.9774,-0.8731,需更乐观假设才支撑,6.2067,6.9774,
000022,2004-06-29,18.5200,2004-03-31,2004-04-30,1.300000,0.3815,2.6657,2.3610,2.9705,6.9474,-0.8725,需更乐观假设才支撑,6.2067,6.9474,
000022,2004-06-30,18.7000,2004-03-31,2004-04-30,1.300000,0.3815,2.6657,2.3610,2.9705,7.0149,-0.8737,需更乐观假设才支撑,6.2067,7.0149,
000022,2004-07-01,19.4700,2004-03-31,2004-04-30,1.300000,0.3815,2.6657,2.3610,2.9705,7.3038,-0.8787,需更乐观假设才支撑,6.2067,7.3038,
000022,2004-07-02,19.7500,2004-03-31,2004-04-30,1.300000,0.3815,2.6657,2.3610,2.9705,7.4088,-0.8805,需更乐观假设才支撑,6.2067,7.4088,
000022,2004-07-05,20.1900,2004-03-31,2004-04-30,1.300000,0.3815,2.6657,2.3610,2.9705,7.5739,-0.8831,需更乐观假设才支撑,6.2067,7.5739,
000022,2004-07-06,20.7400,2004-03-31,2004-04-30,1.300000,0.3815,2.6657,2.3610,2.9705,7.7802,-0.8862,需更乐观假设才支撑,6.2067,7.7802,
000022,2004-07-07,20.7800,2004-03-31,2004-04-30,1.300000,0.3815,2.6657,2.3610,2.9705,7.7952,-0.8864,需更乐观假设才支撑,6.2067,7.7952,
000022,2004-07-08,20.6000,2004-03-31,2004-04-30,1.300000,0.3815,2.6657,2.3610,2.9705,7.7277,-0.8854,需更乐观假设才支撑,6.2067,7.7277,
000022,2004-07-09,20.5000,2004-03-31,2004-04-30,1.300000,0.3815,2.6657,2.3610,2.9705,7.6902,-0.8848,需更乐观假设才支撑,6.2067,7.6902,
000022,2004-07-12,20.3300,2004-03-31,2004-04-30,1.300000,0.3815,2.6657,2.3610,2.9705,7.6264,-0.8839,需更乐观假设才支撑,6.2067,7.6264,
000022,2004-07-13,20.4100,2004-03-31,2004-04-30,1.300000,0.3815,2.6657,2.3610,2.9705,7.6564,-0.8843,需更乐观假设才支撑,6.2067,7.6564,
000022,2004-07-14,20.5200,2004-03-31,2004-04-30,1.300000,0.3815,2.6657,2.3610,2.9705,7.6977,-0.8849,需更乐观假设才支撑,6.2067,7.6977,
000022,2004-07-15,21.6100,2004-03-31,2004-04-30,1.300000,0.3815,2.6657,2.3610,2.9705,8.1066,-0.8907,需更乐观假设才支撑,6.2067,8.1066,
000022,2004-07-16,21.9000,2004-03-31,2004-04-30,1.300000,0.3815,2.6657,2.3610,2.9705,8.2154,-0.8922,需更乐观假设才支撑,6.2067,8.2154,
000022,2004-07-19,22.0900,2004-03-31,2004-04-30,1.300000,0.3815,2.6657,2.3610,2.9705,8.2866,-0.8931,需更乐观假设才支撑,6.2067,8.2866,
000022,2004-07-20,22.0900,2004-03-31,2004-04-30,1.300000,0.3815,2.6657,2.3610,2.9705,8.2866,-0.8931,需更乐观假设才支撑,6.2067,8.2866,
000022,2004-07-21,22.1000,2004-03-31,2004-04-30,1.300000,0.3815,2.6657,2.3610,2.9705,8.2904,-0.8932,需更乐观假设才支撑,6.2067,8.2904,
000022,2004-07-22,22.0000,2004-03-31,2004-04-30,1.300000,0.3815,2.6657,2.3610,2.9705,8.2529,-0.8927,需更乐观假设才支撑,6.2067,8.2529,
000022,2004-07-23,21.9500,2004-03-31,2004-04-30,1.300000,0.3815,2.6657,2.3610,2.9705,8.2341,-0.8924,需更乐观假设才支撑,6.2067,8.2341,
000022,2004-07-26,21.8800,2004-03-31,2004-04-30,1.300000,0.3815,2.6657,2.3610,2.9705,8.2079,-0.8921,需更乐观假设才支撑,6.2067,8.2079,
000022,2004-07-27,21.9800,2004-03-31,2004-04-30,1.300000,0.3815,2.6657,2.3610,2.9705,8.2454,-0.8926,需更乐观假设才支撑,6.2067,8.2454,
000022,2004-07-28,21.6000,2004-03-31,2004-04-30,1.300000,0.3815,2.6657,2.3610,2.9705,8.1028,-0.8907,需更乐观假设才支撑,6.2067,8.1028,
000022,2004-07-29,20.8500,2004-03-31,2004-04-30,1.300000,0.3815,2.6657,2.3610,2.9705,7.8215,-0.8868,需更乐观假设才支撑,6.2067,7.8215,
000022,2004-07-30,20.8200,2004-03-31,2004-04-30,1.300000,0.3815,2.6657,2.3610,2.9705,7.8102,-0.8866,需更乐观假设才支撑,6.2067,7.8102,
000022,2004-08-02,20.9900,2004-03-31,2004-04-30,1.300000,0.3815,2.6657,2.3610,2.9705,7.8740,-0.8875,需更乐观假设才支撑,6.2067,7.8740,
000022,2004-08-03,20.0700,2004-03-31,2004-04-30,1.300000,0.3815,2.6657,2.3610,2.9705,7.5289,-0.8824,需更乐观假设才支撑,6.2067,7.5289,
000022,2004-08-04,20.4500,2004-03-31,2004-04-30,1.300000,0.3815,2.6657,2.3610,2.9705,7.6714,-0.8845,需更乐观假设才支撑,6.2067,7.6714,
000022,2004-08-05,19.8000,2004-03-31,2004-04-30,1.300000,0.3815,2.6657,2.3610,2.9705,7.4276,-0.8808,需更乐观假设才支撑,6.2067,7.4276,
000022,2004-08-06,19.4800,2004-03-31,2004-04-30,1.300000,0.3815,2.6657,2.3610,2.9705,7.3075,-0.8788,需更乐观假设才支撑,6.2067,7.3075,
000022,2004-08-09,19.8300,2004-03-31,2004-04-30,1.300000,0.3815,2.6657,2.3610,2.9705,7.4388,-0.8809,需更乐观假设才支撑,6.2067,7.4388,
000022,2004-08-10,19.8700,2004-03-31,2004-04-30,1.300000,0.3815,2.6657,2.3610,2.9705,7.4538,-0.8812,需更乐观假设才支撑,6.2067,7.4538,
000022,2004-08-11,19.7300,2004-03-31,2004-04-30,1.300000,0.3815,2.6657,2.3610,2.9705,7.4013,-0.8803,需更乐观假设才支撑,6.2067,7.4013,
000022,2004-08-12,19.5900,2004-03-31,2004-04-30,1.300000,0.3815,2.6657,2.3610,2.9705,7.3488,-0.8795,需更乐观假设才支撑,6.2067,7.3488,
000022,2004-08-13,19.8800,2004-03-31,2004-04-30,1.300000,0.3815,2.6657,2.3610,2.9705,7.4576,-0.8812,需更乐观假设才支撑,6.2067,7.4576,
000022,2004-08-16,20.0200,2004-03-31,2004-04-30,1.300000,0.3815,2.6657,2.3610,2.9705,7.5101,-0.8821,需更乐观假设才支撑,6.2067,7.5101,
000022,2004-08-17,19.9200,2004-03-31,2004-04-30,1.300000,0.3815,2.6657,2.3610,2.9705,7.4726,-0.8815,需更乐观假设才支撑,6.2067,7.4726,
000022,2004-08-18,20.1400,2004-03-31,2004-04-30,1.300000,0.3815,2.6657,2.3610,2.9705,7.5551,-0.8828,需更乐观假设才支撑,6.2067,7.5551,
000022,2004-08-19,20.0300,2004-03-31,2004-04-30,1.300000,0.3815,2.6657,2.3610,2.9705,7.5139,-0.8821,需更乐观假设才支撑,6.2067,7.5139,
000022,2004-08-20,20.0000,2004-03-31,2004-04-30,1.300000,0.3815,2.6657,2.3610,2.9705,7.5026,-0.8819,需更乐观假设才支撑,6.2067,7.5026,
000022,2004-08-23,19.8000,2004-03-31,2004-04-30,1.300000,0.3815,2.6657,2.3610,2.9705,7.4276,-0.8808,需更乐观假设才支撑,6.2067,7.4276,
000022,2004-08-24,19.5600,2004-03-31,2004-04-30,1.300000,0.3815,2.6657,2.3610,2.9705,7.3376,-0.8793,需更乐观假设才支撑,6.2067,7.3376,
000022,2004-08-25,19.5000,2004-03-31,2004-04-30,1.300000,0.3815,2.6657,2.3610,2.9705,7.3151,-0.8789,需更乐观假设才支撑,6.2067,7.3151,
000022,2004-08-26,19.5000,2004-03-31,2004-04-30,1.300000,0.3815,2.6657,2.3610,2.9705,7.3151,-0.8789,需更乐观假设才支撑,6.2067,7.3151,
000022,2004-08-27,19.2400,2004-03-31,2004-04-30,1.300000,0.3815,2.6657,2.3610,2.9705,7.2175,-0.8773,需更乐观假设才支撑,6.2067,7.2175,
000022,2004-08-30,18.5200,2004-06-30,2004-08-31,1.000000,0.0000,2.9475,2.6528,3.2423,6.2833,-0.8568,需更乐观假设才支撑,6.0012,6.2833,
000022,2004-08-31,18.5700,2004-06-30,2004-08-31,1.000000,0.0000,2.9475,2.6528,3.2423,6.3002,-0.8571,需更乐观假设才支撑,6.0012,6.3002,
000022,2004-09-01,18.3900,2004-06-30,2004-08-31,1.000000,0.0000,2.9475,2.6528,3.2423,6.2392,-0.8557,需更乐观假设才支撑,6.0012,6.2392,
000022,2004-09-02,18.7900,2004-06-30,2004-08-31,1.000000,0.0000,2.9475,2.6528,3.2423,6.3749,-0.8588,需更乐观假设才支撑,6.0012,6.3749,
000022,2004-09-03,18.8500,2004-06-30,2004-08-31,1.000000,0.0000,2.9475,2.6528,3.2423,6.3952,-0.8593,需更乐观假设才支撑,6.0012,6.3952,
000022,2004-09-06,18.9000,2004-06-30,2004-08-31,1.000000,0.0000,2.9475,2.6528,3.2423,6.4122,-0.8596,需更乐观假设才支撑,6.0012,6.4122,
000022,2004-09-07,19.0700,2004-06-30,2004-08-31,1.000000,0.0000,2.9475,2.6528,3.2423,6.4699,-0.8609,需更乐观假设才支撑,6.0012,6.4699,
000022,2004-09-08,19.2100,2004-06-30,2004-08-31,1.000000,0.0000,2.9475,2.6528,3.2423,6.5174,-0.8619,需更乐观假设才支撑,6.0012,6.5174,
000022,2004-09-09,19.2400,2004-06-30,2004-08-31,1.000000,0.0000,2.9475,2.6528,3.2423,6.5275,-0.8621,需更乐观假设才支撑,6.0012,6.5275,
000022,2004-09-10,19.2700,2004-06-30,2004-08-31,1.000000,0.0000,2.9475,2.6528,3.2423,6.5377,-0.8623,需更乐观假设才支撑,6.0012,6.5377,
000022,2004-09-13,19.0700,2004-06-30,2004-08-31,1.000000,0.0000,2.9475,2.6528,3.2423,6.4699,-0.8609,需更乐观假设才支撑,6.0012,6.4699,
000022,2004-09-14,19.9000,2004-06-30,2004-08-31,1.000000,0.0000,2.9475,2.6528,3.2423,6.7515,-0.8667,需更乐观假设才支撑,6.0012,6.7515,
000022,2004-09-15,20.3500,2004-06-30,2004-08-31,1.000000,0.0000,2.9475,2.6528,3.2423,6.9041,-0.8696,需更乐观假设才支撑,6.0012,6.9041,
000022,2004-09-16,20.1000,2004-06-30,2004-08-31,1.000000,0.0000,2.9475,2.6528,3.2423,6.8193,-0.8680,需更乐观假设才支撑,6.0012,6.8193,
000022,2004-09-17,20.1700,2004-06-30,2004-08-31,1.000000,0.0000,2.9475,2.6528,3.2423,6.8431,-0.8685,需更乐观假设才支撑,6.0012,6.8431,
000022,2004-09-20,20.8900,2004-06-30,2004-08-31,1.000000,0.0000,2.9475,2.6528,3.2423,7.0873,-0.8730,需更乐观假设才支撑,6.0012,7.0873,
000022,2004-09-21,20.6400,2004-06-30,2004-08-31,1.000000,0.0000,2.9475,2.6528,3.2423,7.0025,-0.8715,需更乐观假设才支撑,6.0012,7.0025,
000022,2004-09-23,22.0700,2004-06-30,2004-08-31,1.000000,0.0000,2.9475,2.6528,3.2423,7.4877,-0.8798,需更乐观假设才支撑,6.0012,7.4877,
000022,2004-09-24,22.0000,2004-06-30,2004-08-31,1.000000,0.0000,2.9475,2.6528,3.2423,7.4639,-0.8794,需更乐观假设才支撑,6.0012,7.4639,
000022,2004-09-27,21.4000,2004-06-30,2004-08-31,1.000000,0.0000,2.9475,2.6528,3.2423,7.2604,-0.8760,需更乐观假设才支撑,6.0012,7.2604,
000022,2004-09-28,21.8900,2004-06-30,2004-08-31,1.000000,0.0000,2.9475,2.6528,3.2423,7.4266,-0.8788,需更乐观假设才支撑,6.0012,7.4266,
000022,2004-09-29,22.5400,2004-06-30,2004-08-31,1.000000,0.0000,2.9475,2.6528,3.2423,7.6471,-0.8823,需更乐观假设才支撑,6.0012,7.6471,
000022,2004-09-30,22.7400,2004-06-30,2004-08-31,1.000000,0.0000,2.9475,2.6528,3.2423,7.7150,-0.8833,需更乐观假设才支撑,6.0012,7.7150,
000022,2004-10-08,23.4700,2004-06-30,2004-08-31,1.000000,0.0000,2.9475,2.6528,3.2423,7.9627,-0.8870,需更乐观假设才支撑,6.0012,7.9627,
000022,2004-10-11,23.3200,2004-06-30,2004-08-31,1.000000,0.0000,2.9475,2.6528,3.2423,7.9118,-0.8862,需更乐观假设才支撑,6.0012,7.9118,
000022,2004-10-12,22.6000,2004-06-30,2004-08-31,1.000000,0.0000,2.9475,2.6528,3.2423,7.6675,-0.8826,需更乐观假设才支撑,6.0012,7.6675,
000022,2004-10-13,22.7000,2004-06-30,2004-08-31,1.000000,0.0000,2.9475,2.6528,3.2423,7.7014,-0.8831,需更乐观假设才支撑,6.0012,7.7014,
000022,2004-10-14,21.9600,2004-06-30,2004-08-31,1.000000,0.0000,2.9475,2.6528,3.2423,7.4504,-0.8792,需更乐观假设才支撑,6.0012,7.4504,
000022,2004-10-15,22.6600,2004-06-30,2004-08-31,1.000000,0.0000,2.9475,2.6528,3.2423,7.6878,-0.8829,需更乐观假设才支撑,6.0012,7.6878,
000022,2004-10-18,22.2000,2004-06-30,2004-08-31,1.000000,0.0000,2.9475,2.6528,3.2423,7.5318,-0.8805,需更乐观假设才支撑,6.0012,7.5318,
000022,2004-10-19,22.2100,2004-06-30,2004-08-31,1.000000,0.0000,2.9475,2.6528,3.2423,7.5352,-0.8806,需更乐观假设才支撑,6.0012,7.5352,
000022,2004-10-20,22.7500,2004-06-30,2004-08-31,1.000000,0.0000,2.9475,2.6528,3.2423,7.7184,-0.8834,需更乐观假设才支撑,6.0012,7.7184,
000022,2004-10-21,23.1800,2004-06-30,2004-08-31,1.000000,0.0000,2.9475,2.6528,3.2423,7.8643,-0.8856,需更乐观假设才支撑,6.0012,7.8643,
000022,2004-10-22,23.8000,2004-06-30,2004-08-31,1.000000,0.0000,2.9475,2.6528,3.2423,8.0746,-0.8885,需更乐观假设才支撑,6.0012,8.0746,
000022,2004-10-25,23.8000,2004-06-30,2004-08-31,1.000000,0.0000,2.9475,2.6528,3.2423,8.0746,-0.8885,需更乐观假设才支撑,6.0012,8.0746,
000022,2004-10-26,24.2000,2004-06-30,2004-08-31,1.000000,0.0000,2.9475,2.6528,3.2423,8.2103,-0.8904,需更乐观假设才支撑,6.0012,8.2103,
000022,2004-10-27,24.1600,2004-06-30,2004-08-31,1.000000,0.0000,2.9475,2.6528,3.2423,8.1968,-0.8902,需更乐观假设才支撑,6.0012,8.1968,
000022,2004-10-28,23.7900,2004-06-30,2004-08-31,1.000000,0.0000,2.9475,2.6528,3.2423,8.0712,-0.8885,需更乐观假设才支撑,6.0012,8.0712,
000022,2004-10-29,23.7300,2004-09-30,2004-10-31,1.000000,0.0000,3.2445,2.9201,3.5690,7.3139,-0.8769,需更乐观假设才支撑,6.6069,7.3139,
000022,2004-11-01,23.8200,2004-09-30,2004-10-31,1.000000,0.0000,3.2445,2.9201,3.5690,7.3417,-0.8774,需更乐观假设才支撑,6.6069,7.3417,
000022,2004-11-02,23.5100,2004-09-30,2004-10-31,1.000000,0.0000,3.2445,2.9201,3.5690,7.2461,-0.8758,需更乐观假设才支撑,6.6069,7.2461,
000022,2004-11-03,24.0800,2004-09-30,2004-10-31,1.000000,0.0000,3.2445,2.9201,3.5690,7.4218,-0.8787,需更乐观假设才支撑,6.6069,7.4218,
000022,2004-11-04,23.6000,2004-09-30,2004-10-31,1.000000,0.0000,3.2445,2.9201,3.5690,7.2738,-0.8763,需更乐观假设才支撑,6.6069,7.2738,
000022,2004-11-05,23.4700,2004-09-30,2004-10-31,1.000000,0.0000,3.2445,2.9201,3.5690,7.2338,-0.8756,需更乐观假设才支撑,6.6069,7.2338,
000022,2004-11-08,23.8500,2004-09-30,2004-10-31,1.000000,0.0000,3.2445,2.9201,3.5690,7.3509,-0.8776,需更乐观假设才支撑,6.6069,7.3509,
000022,2004-11-09,24.0000,2004-09-30,2004-10-31,1.000000,0.0000,3.2445,2.9201,3.5690,7.3971,-0.8783,需更乐观假设才支撑,6.6069,7.3971,
000022,2004-11-10,24.8100,2004-09-30,2004-10-31,1.000000,0.0000,3.2445,2.9201,3.5690,7.6468,-0.8823,需更乐观假设才支撑,6.6069,7.6468,
000022,2004-11-11,24.2400,2004-09-30,2004-10-31,1.000000,0.0000,3.2445,2.9201,3.5690,7.4711,-0.8795,需更乐观假设才支撑,6.6069,7.4711,
000022,2004-11-12,24.1000,2004-09-30,2004-10-31,1.000000,0.0000,3.2445,2.9201,3.5690,7.4280,-0.8788,需更乐观假设才支撑,6.6069,7.4280,
000022,2004-11-15,24.1300,2004-09-30,2004-10-31,1.000000,0.0000,3.2445,2.9201,3.5690,7.4372,-0.8790,需更乐观假设才支撑,6.6069,7.4372,
000022,2004-11-16,23.5500,2004-09-30,2004-10-31,1.000000,0.0000,3.2445,2.9201,3.5690,7.2584,-0.8760,需更乐观假设才支撑,6.6069,7.2584,
000022,2004-11-17,23.5300,2004-09-30,2004-10-31,1.000000,0.0000,3.2445,2.9201,3.5690,7.2523,-0.8759,需更乐观假设才支撑,6.6069,7.2523,
000022,2004-11-18,23.8800,2004-09-30,2004-10-31,1.000000,0.0000,3.2445,2.9201,3.5690,7.3601,-0.8777,需更乐观假设才支撑,6.6069,7.3601,
000022,2004-11-19,23.8700,2004-09-30,2004-10-31,1.000000,0.0000,3.2445,2.9201,3.5690,7.3571,-0.8777,需更乐观假设才支撑,6.6069,7.3571,
000022,2004-11-22,23.2800,2004-09-30,2004-10-31,1.000000,0.0000,3.2445,2.9201,3.5690,7.1752,-0.8746,需更乐观假设才支撑,6.6069,7.1752,
000022,2004-11-23,22.9200,2004-09-30,2004-10-31,1.000000,0.0000,3.2445,2.9201,3.5690,7.0643,-0.8726,需更乐观假设才支撑,6.6069,7.0643,
000022,2004-11-24,22.7500,2004-09-30,2004-10-31,1.000000,0.0000,3.2445,2.9201,3.5690,7.0119,-0.8716,需更乐观假设才支撑,6.6069,7.0119,
000022,2004-11-25,22.8300,2004-09-30,2004-10-31,1.000000,0.0000,3.2445,2.9201,3.5690,7.0365,-0.8721,需更乐观假设才支撑,6.6069,7.0365,
000022,2004-11-26,23.1400,2004-09-30,2004-10-31,1.000000,0.0000,3.2445,2.9201,3.5690,7.1321,-0.8738,需更乐观假设才支撑,6.6069,7.1321,
000022,2004-11-29,22.9500,2004-09-30,2004-10-31,1.000000,0.0000,3.2445,2.9201,3.5690,7.0735,-0.8728,需更乐观假设才支撑,6.6069,7.0735,
000022,2004-11-30,22.7000,2004-09-30,2004-10-31,1.000000,0.0000,3.2445,2.9201,3.5690,6.9965,-0.8714,需更乐观假设才支撑,6.6069,6.9965,
000022,2004-12-01,22.7100,2004-09-30,2004-10-31,1.000000,0.0000,3.2445,2.9201,3.5690,6.9995,-0.8714,需更乐观假设才支撑,6.6069,6.9995,
000022,2004-12-02,22.2400,2004-09-30,2004-10-31,1.000000,0.0000,3.2445,2.9201,3.5690,6.8547,-0.8687,需更乐观假设才支撑,6.6069,6.8547,
000022,2004-12-03,22.5900,2004-09-30,2004-10-31,1.000000,0.0000,3.2445,2.9201,3.5690,6.9626,-0.8707,需更乐观假设才支撑,6.6069,6.9626,
000022,2004-12-06,22.1000,2004-09-30,2004-10-31,1.000000,0.0000,3.2445,2.9201,3.5690,6.8115,-0.8679,需更乐观假设才支撑,6.6069,6.8115,
000022,2004-12-07,22.1000,2004-09-30,2004-10-31,1.000000,0.0000,3.2445,2.9201,3.5690,6.8115,-0.8679,需更乐观假设才支撑,6.6069,6.8115,
000022,2004-12-08,22.3800,2004-09-30,2004-10-31,1.000000,0.0000,3.2445,2.9201,3.5690,6.8978,-0.8695,需更乐观假设才支撑,6.6069,6.8978,
000022,2004-12-09,22.5800,2004-09-30,2004-10-31,1.000000,0.0000,3.2445,2.9201,3.5690,6.9595,-0.8707,需更乐观假设才支撑,6.6069,6.9595,
000022,2004-12-10,22.6800,2004-09-30,2004-10-31,1.000000,0.0000,3.2445,2.9201,3.5690,6.9903,-0.8712,需更乐观假设才支撑,6.6069,6.9903,
000022,2004-12-13,23.4800,2004-09-30,2004-10-31,1.000000,0.0000,3.2445,2.9201,3.5690,7.2369,-0.8756,需更乐观假设才支撑,6.6069,7.2369,
000022,2004-12-14,23.3300,2004-09-30,2004-10-31,1.000000,0.0000,3.2445,2.9201,3.5690,7.1906,-0.8748,需更乐观假设才支撑,6.6069,7.1906,
000022,2004-12-15,23.2400,2004-09-30,2004-10-31,1.000000,0.0000,3.2445,2.9201,3.5690,7.1629,-0.8744,需更乐观假设才支撑,6.6069,7.1629,
000022,2004-12-16,22.9500,2004-09-30,2004-10-31,1.000000,0.0000,3.2445,2.9201,3.5690,7.0735,-0.8728,需更乐观假设才支撑,6.6069,7.0735,
000022,2004-12-17,22.7300,2004-09-30,2004-10-31,1.000000,0.0000,3.2445,2.9201,3.5690,7.0057,-0.8715,需更乐观假设才支撑,6.6069,7.0057,
000022,2004-12-20,22.5000,2004-09-30,2004-10-31,1.000000,0.0000,3.2445,2.9201,3.5690,6.9348,-0.8702,需更乐观假设才支撑,6.6069,6.9348,
000022,2004-12-21,22.5400,2004-09-30,2004-10-31,1.000000,0.0000,3.2445,2.9201,3.5690,6.9471,-0.8705,需更乐观假设才支撑,6.6069,6.9471,
000022,2004-12-22,23.0000,2004-09-30,2004-10-31,1.000000,0.0000,3.2445,2.9201,3.5690,7.0889,-0.8730,需更乐观假设才支撑,6.6069,7.0889,
000022,2004-12-23,22.9000,2004-09-30,2004-10-31,1.000000,0.0000,3.2445,2.9201,3.5690,7.0581,-0.8725,需更乐观假设才支撑,6.6069,7.0581,
000022,2004-12-24,22.9100,2004-09-30,2004-10-31,1.000000,0.0000,3.2445,2.9201,3.5690,7.0612,-0.8725,需更乐观假设才支撑,6.6069,7.0612,
000022,2004-12-27,22.9700,2004-09-30,2004-10-31,1.000000,0.0000,3.2445,2.9201,3.5690,7.0797,-0.8729,需更乐观假设才支撑,6.6069,7.0797,
000022,2004-12-28,22.9900,2004-09-30,2004-10-31,1.000000,0.0000,3.2445,2.9201,3.5690,7.0858,-0.8730,需更乐观假设才支撑,6.6069,7.0858,
000022,2004-12-29,23.3400,2004-09-30,2004-10-31,1.000000,0.0000,3.2445,2.9201,3.5690,7.1937,-0.8749,需更乐观假设才支撑,6.6069,7.1937,
000022,2004-12-30,23.4000,2004-09-30,2004-10-31,1.000000,0.0000,3.2445,2.9201,3.5690,7.2122,-0.8752,需更乐观假设才支撑,6.6069,7.2122,
000022,2004-12-31,23.6700,2004-09-30,2004-10-31,1.000000,0.0000,3.2445,2.9201,3.5690,7.2954,-0.8766,需更乐观假设才支撑,6.6069,7.2954,
000022,2005-01-04,23.7600,2004-09-30,2004-10-31,1.000000,0.0000,3.2445,2.9201,3.5690,7.3232,-0.8771,需更乐观假设才支撑,6.6069,7.3232,
000022,2005-01-05,23.8900,2004-09-30,2004-10-31,1.000000,0.0000,3.2445,2.9201,3.5690,7.3632,-0.8778,需更乐观假设才支撑,6.6069,7.3632,
000022,2005-01-06,23.8300,2004-09-30,2004-10-31,1.000000,0.0000,3.2445,2.9201,3.5690,7.3447,-0.8775,需更乐观假设才支撑,6.6069,7.3447,
000022,2005-01-07,24.0000,2004-09-30,2004-10-31,1.000000,0.0000,3.2445,2.9201,3.5690,7.3971,-0.8783,需更乐观假设才支撑,6.6069,7.3971,
000022,2005-01-10,24.0000,2004-09-30,2004-10-31,1.000000,0.0000,3.2445,2.9201,3.5690,7.3971,-0.8783,需更乐观假设才支撑,6.6069,7.3971,
000022,2005-01-11,24.0000,2004-09-30,2004-10-31,1.000000,0.0000,3.2445,2.9201,3.5690,7.3971,-0.8783,需更乐观假设才支撑,6.6069,7.3971,
000022,2005-01-12,23.6900,2004-09-30,2004-10-31,1.000000,0.0000,3.2445,2.9201,3.5690,7.3016,-0.8767,需更乐观假设才支撑,6.6069,7.3016,
000022,2005-01-13,23.9600,2004-09-30,2004-10-31,1.000000,0.0000,3.2445,2.9201,3.5690,7.3848,-0.8781,需更乐观假设才支撑,6.6069,7.3848,
000022,2005-01-14,23.9000,2004-09-30,2004-10-31,1.000000,0.0000,3.2445,2.9201,3.5690,7.3663,-0.8778,需更乐观假设才支撑,6.6069,7.3663,
000022,2005-01-17,23.7900,2004-09-30,2004-10-31,1.000000,0.0000,3.2445,2.9201,3.5690,7.3324,-0.8773,需更乐观假设才支撑,6.6069,7.3324,
000022,2005-01-18,23.5600,2004-09-30,2004-10-31,1.000000,0.0000,3.2445,2.9201,3.5690,7.2615,-0.8761,需更乐观假设才支撑,6.6069,7.2615,
000022,2005-01-19,23.7400,2004-09-30,2004-10-31,1.000000,0.0000,3.2445,2.9201,3.5690,7.3170,-0.8770,需更乐观假设才支撑,6.6069,7.3170,
000022,2005-01-20,23.3500,2004-09-30,2004-10-31,1.000000,0.0000,3.2445,2.9201,3.5690,7.1968,-0.8749,需更乐观假设才支撑,6.6069,7.1968,
000022,2005-01-21,23.9800,2004-09-30,2004-10-31,1.000000,0.0000,3.2445,2.9201,3.5690,7.3910,-0.8782,需更乐观假设才支撑,6.6069,7.3910,
000022,2005-01-24,24.5400,2004-09-30,2004-10-31,1.000000,0.0000,3.2445,2.9201,3.5690,7.5636,-0.8810,需更乐观假设才支撑,6.6069,7.5636,
000022,2005-01-25,25.0000,2004-09-30,2004-10-31,1.000000,0.0000,3.2445,2.9201,3.5690,7.7053,-0.8832,需更乐观假设才支撑,6.6069,7.7053,
000022,2005-01-26,24.8500,2004-09-30,2004-10-31,1.000000,0.0000,3.2445,2.9201,3.5690,7.6591,-0.8825,需更乐观假设才支撑,6.6069,7.6591,
000022,2005-01-27,24.9400,2004-09-30,2004-10-31,1.000000,0.0000,3.2445,2.9201,3.5690,7.6869,-0.8829,需更乐观假设才支撑,6.6069,7.6869,
000022,2005-01-28,25.0000,2004-09-30,2004-10-31,1.000000,0.0000,3.2445,2.9201,3.5690,7.7053,-0.8832,需更乐观假设才支撑,6.6069,7.7053,
000022,2005-01-31,24.9000,2004-09-30,2004-10-31,1.000000,0.0000,3.2445,2.9201,3.5690,7.6745,-0.8827,需更乐观假设才支撑,6.6069,7.6745,
000022,2005-02-01,24.8300,2004-09-30,2004-10-31,1.000000,0.0000,3.2445,2.9201,3.5690,7.6530,-0.8824,需更乐观假设才支撑,6.6069,7.6530,
000022,2005-02-02,25.8000,2004-09-30,2004-10-31,1.000000,0.0000,3.2445,2.9201,3.5690,7.9519,-0.8868,需更乐观假设才支撑,6.6069,7.9519,
000022,2005-02-03,25.8900,2004-09-30,2004-10-31,1.000000,0.0000,3.2445,2.9201,3.5690,7.9797,-0.8872,需更乐观假设才支撑,6.6069,7.9797,
000022,2005-02-04,25.9100,2004-09-30,2004-10-31,1.000000,0.0000,3.2445,2.9201,3.5690,7.9858,-0.8873,需更乐观假设才支撑,6.6069,7.9858,
000022,2005-02-16,26.0900,2004-09-30,2004-10-31,1.000000,0.0000,3.2445,2.9201,3.5690,8.0413,-0.8881,需更乐观假设才支撑,6.6069,8.0413,
000022,2005-02-17,25.8600,2004-09-30,2004-10-31,1.000000,0.0000,3.2445,2.9201,3.5690,7.9704,-0.8871,需更乐观假设才支撑,6.6069,7.9704,
000022,2005-02-18,26.0000,2004-09-30,2004-10-31,1.000000,0.0000,3.2445,2.9201,3.5690,8.0136,-0.8877,需更乐观假设才支撑,6.6069,8.0136,
000022,2005-02-21,27.9700,2004-09-30,2004-10-31,1.000000,0.0000,3.2445,2.9201,3.5690,8.6207,-0.8956,需更乐观假设才支撑,6.6069,8.6207,
000022,2005-02-22,28.8700,2004-09-30,2004-10-31,1.000000,0.0000,3.2445,2.9201,3.5690,8.8981,-0.8989,需更乐观假设才支撑,6.6069,8.8981,
000022,2005-02-23,29.1600,2004-09-30,2004-10-31,1.000000,0.0000,3.2445,2.9201,3.5690,8.9875,-0.8999,需更乐观假设才支撑,6.6069,8.9875,
000022,2005-02-24,28.8000,2004-09-30,2004-10-31,1.000000,0.0000,3.2445,2.9201,3.5690,8.8766,-0.8986,需更乐观假设才支撑,6.6069,8.8766,
000022,2005-02-25,28.8000,2004-09-30,2004-10-31,1.000000,0.0000,3.2445,2.9201,3.5690,8.8766,-0.8986,需更乐观假设才支撑,6.6069,8.8766,
000022,2005-02-28,29.0200,2004-09-30,2004-10-31,1.000000,0.0000,3.2445,2.9201,3.5690,8.9444,-0.8994,需更乐观假设才支撑,6.6069,8.9444,
000022,2005-03-01,28.7400,2004-09-30,2004-10-31,1.000000,0.0000,3.2445,2.9201,3.5690,8.8581,-0.8984,需更乐观假设才支撑,6.6069,8.8581,
000022,2005-03-02,29.0700,2004-09-30,2004-10-31,1.000000,0.0000,3.2445,2.9201,3.5690,8.9598,-0.8996,需更乐观假设才支撑,6.6069,8.9598,
000022,2005-03-03,29.0600,2004-09-30,2004-10-31,1.000000,0.0000,3.2445,2.9201,3.5690,8.9567,-0.8995,需更乐观假设才支撑,6.6069,8.9567,
000022,2005-03-04,29.0800,2004-09-30,2004-10-31,1.000000,0.0000,3.2445,2.9201,3.5690,8.9629,-0.8996,需更乐观假设才支撑,6.6069,8.9629,
000022,2005-03-07,30.5600,2004-09-30,2004-10-31,1.000000,0.0000,3.2445,2.9201,3.5690,9.4190,-0.9044,需更乐观假设才支撑,6.6069,9.4190,
000022,2005-03-08,30.5700,2004-09-30,2004-10-31,1.000000,0.0000,3.2445,2.9201,3.5690,9.4221,-0.9045,需更乐观假设才支撑,6.6069,9.4221,
000022,2005-03-09,30.7400,2004-09-30,2004-10-31,1.000000,0.0000,3.2445,2.9201,3.5690,9.4745,-0.9050,需更乐观假设才支撑,6.6069,9.4745,
000022,2005-03-10,30.0900,2004-09-30,2004-10-31,1.000000,0.0000,3.2445,2.9201,3.5690,9.2742,-0.9030,需更乐观假设才支撑,6.6069,9.2742,
000022,2005-03-11,30.5900,2004-09-30,2004-10-31,1.000000,0.0000,3.2445,2.9201,3.5690,9.4283,-0.9045,需更乐观假设才支撑,6.6069,9.4283,
000022,2005-03-14,31.1900,2004-09-30,2004-10-31,1.000000,0.0000,3.2445,2.9201,3.5690,9.6132,-0.9064,需更乐观假设才支撑,6.6069,9.6132,
000022,2005-03-15,31.9100,2004-09-30,2004-10-31,1.000000,0.0000,3.2445,2.9201,3.5690,9.8351,-0.9085,需更乐观假设才支撑,6.6069,9.8351,
000022,2005-03-16,31.7500,2004-09-30,2004-10-31,1.000000,0.0000,3.2445,2.9201,3.5690,9.7858,-0.9080,需更乐观假设才支撑,6.6069,9.7858,
000022,2005-03-17,31.9800,2004-09-30,2004-10-31,1.000000,0.0000,3.2445,2.9201,3.5690,9.8567,-0.9087,需更乐观假设才支撑,6.6069,9.8567,
000022,2005-03-18,30.8400,2004-09-30,2004-10-31,1.000000,0.0000,3.2445,2.9201,3.5690,9.5053,-0.9053,需更乐观假设才支撑,6.6069,9.5053,
000022,2005-03-21,31.4500,2004-09-30,2004-10-31,1.000000,0.0000,3.2445,2.9201,3.5690,9.6933,-0.9072,需更乐观假设才支撑,6.6069,9.6933,
000022,2005-03-22,32.4100,2004-09-30,2004-10-31,1.000000,0.0000,3.2445,2.9201,3.5690,9.9892,-0.9099,需更乐观假设才支撑,6.6069,9.9892,
000022,2005-03-23,32.2000,2004-09-30,2004-10-31,1.000000,0.0000,3.2445,2.9201,3.5690,9.9245,-0.9093,需更乐观假设才支撑,6.6069,9.9245,
000022,2005-03-24,31.1400,2004-09-30,2004-10-31,1.000000,0.0000,3.2445,2.9201,3.5690,9.5978,-0.9062,需更乐观假设才支撑,6.6069,9.5978,
000022,2005-03-25,31.5000,2004-09-30,2004-10-31,1.000000,0.0000,3.2445,2.9201,3.5690,9.7087,-0.9073,需更乐观假设才支撑,6.6069,9.7087,
000022,2005-03-28,32.5700,2004-09-30,2004-10-31,1.000000,0.0000,3.2445,2.9201,3.5690,10.0385,-0.9103,需更乐观假设才支撑,6.6069,10.0385,
000022,2005-03-29,33.8000,2004-09-30,2004-10-31,1.000000,0.0000,3.2445,2.9201,3.5690,10.4176,-0.9136,需更乐观假设才支撑,6.6069,10.4176,
000022,2005-03-30,31.9900,2004-09-30,2004-10-31,1.000000,0.0000,3.2445,2.9201,3.5690,9.8598,-0.9087,需更乐观假设才支撑,6.6069,9.8598,
000022,2005-03-31,32.2200,2004-09-30,2004-10-31,1.000000,0.0000,3.2445,2.9201,3.5690,9.9307,-0.9094,需更乐观假设才支撑,6.6069,9.9307,
000022,2005-04-01,33.7200,2004-09-30,2004-10-31,1.000000,0.0000,3.2445,2.9201,3.5690,10.3930,-0.9134,需更乐观假设才支撑,6.6069,10.3930,
000022,2005-04-04,32.4900,2004-09-30,2004-10-31,1.000000,0.0000,3.2445,2.9201,3.5690,10.0139,-0.9101,需更乐观假设才支撑,6.6069,10.0139,
000022,2005-04-05,32.6800,2004-09-30,2004-10-31,1.000000,0.0000,3.2445,2.9201,3.5690,10.0724,-0.9106,需更乐观假设才支撑,6.6069,10.0724,
000022,2005-04-06,33.0000,2004-09-30,2004-10-31,1.000000,0.0000,3.2445,2.9201,3.5690,10.1711,-0.9115,需更乐观假设才支撑,6.6069,10.1711,
000022,2005-04-07,32.1600,2004-09-30,2004-10-31,1.000000,0.0000,3.2445,2.9201,3.5690,9.9122,-0.9092,需更乐观假设才支撑,6.6069,9.9122,
000022,2005-04-08,31.6000,2004-09-30,2004-10-31,1.000000,0.0000,3.2445,2.9201,3.5690,9.7396,-0.9076,需更乐观假设才支撑,6.6069,9.7396,
000022,2005-04-11,30.7000,2004-09-30,2004-10-31,1.000000,0.0000,3.2445,2.9201,3.5690,9.4622,-0.9049,需更乐观假设才支撑,6.6069,9.4622,
000022,2005-04-12,30.8100,2004-09-30,2004-10-31,1.000000,0.0000,3.2445,2.9201,3.5690,9.4961,-0.9052,需更乐观假设才支撑,6.6069,9.4961,
000022,2005-04-13,30.9700,2004-09-30,2004-10-31,1.000000,0.0000,3.2445,2.9201,3.5690,9.5454,-0.9057,需更乐观假设才支撑,6.6069,9.5454,
000022,2005-04-14,31.7000,2004-09-30,2004-10-31,1.000000,0.0000,3.2445,2.9201,3.5690,9.7704,-0.9079,需更乐观假设才支撑,6.6069,9.7704,
000022,2005-04-15,31.1600,2004-09-30,2004-10-31,1.000000,0.0000,3.2445,2.9201,3.5690,9.6039,-0.9063,需更乐观假设才支撑,6.6069,9.6039,
000022,2005-04-18,30.8000,2004-09-30,2004-10-31,1.000000,0.0000,3.2445,2.9201,3.5690,9.4930,-0.9052,需更乐观假设才支撑,6.6069,9.4930,
000022,2005-04-19,30.6400,2004-09-30,2004-10-31,1.000000,0.0000,3.2445,2.9201,3.5690,9.4437,-0.9047,需更乐观假设才支撑,6.6069,9.4437,
000022,2005-04-20,30.6500,2004-09-30,2004-10-31,1.000000,0.0000,3.2445,2.9201,3.5690,9.4468,-0.9047,需更乐观假设才支撑,6.6069,9.4468,
000022,2005-04-21,31.6800,2004-09-30,2004-10-31,1.000000,0.0000,3.2445,2.9201,3.5690,9.7642,-0.9078,需更乐观假设才支撑,6.6069,9.7642,
000022,2005-04-22,31.6200,2004-09-30,2004-10-31,1.000000,0.0000,3.2445,2.9201,3.5690,9.7457,-0.9077,需更乐观假设才支撑,6.6069,9.7457,
000022,2005-04-25,32.7000,2004-09-30,2004-10-31,1.000000,0.0000,3.2445,2.9201,3.5690,10.0786,-0.9107,需更乐观假设才支撑,6.6069,10.0786,
000022,2005-04-26,32.7700,2004-09-30,2004-10-31,1.000000,0.0000,3.2445,2.9201,3.5690,10.1002,-0.9109,需更乐观假设才支撑,6.6069,10.1002,
000022,2005-04-27,33.3600,2004-09-30,2004-10-31,1.000000,0.0000,3.2445,2.9201,3.5690,10.2820,-0.9125,需更乐观假设才支撑,6.6069,10.2820,
000022,2005-04-28,33.3400,2004-09-30,2004-10-31,1.000000,0.0000,3.2445,2.9201,3.5690,10.2759,-0.9124,需更乐观假设才支撑,6.6069,10.2759,
000022,2005-04-29,32.4500,2005-03-31,2005-04-30,1.000000,0.0000,8.1993,7.3794,9.0193,3.9576,-0.7726,需更乐观假设才支撑,15.0462,3.9576,
000022,2005-05-09,32.7900,2005-03-31,2005-04-30,1.000000,0.0000,8.1993,7.3794,9.0193,3.9991,-0.7749,需更乐观假设才支撑,15.0462,3.9991,
000022,2005-05-10,32.1800,2005-03-31,2005-04-30,1.000000,0.0000,8.1993,7.3794,9.0193,3.9247,-0.7707,需更乐观假设才支撑,15.0462,3.9247,
000022,2005-05-11,30.8400,2005-03-31,2005-04-30,1.000000,0.0000,8.1993,7.3794,9.0193,3.7613,-0.7607,需更乐观假设才支撑,15.0462,3.7613,
000022,2005-05-12,30.7800,2005-03-31,2005-04-30,1.000000,0.0000,8.1993,7.3794,9.0193,3.7540,-0.7603,需更乐观假设才支撑,15.0462,3.7540,
000022,2005-05-13,30.1000,2005-03-31,2005-04-30,1.000000,0.0000,8.1993,7.3794,9.0193,3.6710,-0.7548,需更乐观假设才支撑,15.0462,3.6710,
000022,2005-05-16,29.1200,2005-03-31,2005-04-30,1.000000,0.0000,8.1993,7.3794,9.0193,3.5515,-0.7466,需更乐观假设才支撑,15.0462,3.5515,
000022,2005-05-18,29.2400,2005-03-31,2005-04-30,1.000000,0.0000,8.1993,7.3794,9.0193,3.5661,-0.7476,需更乐观假设才支撑,15.0462,3.5661,
000022,2005-05-19,29.0000,2005-03-31,2005-04-30,1.000000,0.0000,8.1993,7.3794,9.0193,3.5369,-0.7455,需更乐观假设才支撑,15.0462,3.5369,
000022,2005-05-20,29.2000,2005-03-31,2005-04-30,1.000000,0.0000,8.1993,7.3794,9.0193,3.5613,-0.7473,需更乐观假设才支撑,15.0462,3.5613,
000022,2005-05-23,28.3100,2005-03-31,2005-04-30,1.000000,0.0000,8.1993,7.3794,9.0193,3.4527,-0.7393,需更乐观假设才支撑,15.0462,3.4527,
000022,2005-05-24,28.3300,2005-03-31,2005-04-30,1.000000,0.0000,8.1993,7.3794,9.0193,3.4552,-0.7395,需更乐观假设才支撑,15.0462,3.4552,
000022,2005-05-25,29.0000,2005-03-31,2005-04-30,1.000000,0.0000,8.1993,7.3794,9.0193,3.5369,-0.7455,需更乐观假设才支撑,15.0462,3.5369,
000022,2005-05-26,28.6000,2005-03-31,2005-04-30,1.000000,0.0000,8.1993,7.3794,9.0193,3.4881,-0.7420,需更乐观假设才支撑,15.0462,3.4881,
000022,2005-05-27,27.9400,2005-03-31,2005-04-30,1.000000,0.0000,8.1993,7.3794,9.0193,3.4076,-0.7359,需更乐观假设才支撑,15.0462,3.4076,
000022,2005-05-30,28.1400,2005-03-31,2005-04-30,1.000000,0.0000,8.1993,7.3794,9.0193,3.4320,-0.7378,需更乐观假设才支撑,15.0462,3.4320,
000022,2005-05-31,28.3000,2005-03-31,2005-04-30,1.000000,0.0000,8.1993,7.3794,9.0193,3.4515,-0.7392,需更乐观假设才支撑,15.0462,3.4515,
000022,2005-06-01,27.0000,2005-03-31,2005-04-30,1.000000,0.0000,8.1993,7.3794,9.0193,3.2930,-0.7267,需更乐观假设才支撑,15.0462,3.2930,
000022,2005-06-02,25.3900,2005-03-31,2005-04-30,1.000000,0.0000,8.1993,7.3794,9.0193,3.0966,-0.7094,需更乐观假设才支撑,15.0462,3.0966,
000022,2005-06-03,26.3900,2005-03-31,2005-04-30,1.000000,0.0000,8.1993,7.3794,9.0193,3.2186,-0.7204,需更乐观假设才支撑,15.0462,3.2186,
000022,2005-06-06,27.2900,2005-03-31,2005-04-30,1.000000,0.0000,8.1993,7.3794,9.0193,3.3283,-0.7296,需更乐观假设才支撑,15.0462,3.3283,
000022,2005-06-07,26.8800,2005-03-31,2005-04-30,1.000000,0.0000,8.1993,7.3794,9.0193,3.2783,-0.7255,需更乐观假设才支撑,15.0462,3.2783,
000022,2005-06-08,28.7000,2005-03-31,2005-04-30,1.000000,0.0000,8.1993,7.3794,9.0193,3.5003,-0.7429,需更乐观假设才支撑,15.0462,3.5003,
000022,2005-06-09,27.9500,2005-03-31,2005-04-30,1.000000,0.0000,8.1993,7.3794,9.0193,3.4088,-0.7360,需更乐观假设才支撑,15.0462,3.4088,
000022,2005-06-10,27.7400,2005-03-31,2005-04-30,1.000000,0.0000,8.1993,7.3794,9.0193,3.3832,-0.7340,需更乐观假设才支撑,15.0462,3.3832,
000022,2005-06-13,27.5500,2005-03-31,2005-04-30,1.000000,0.0000,8.1993,7.3794,9.0193,3.3600,-0.7321,需更乐观假设才支撑,15.0462,3.3600,
000022,2005-06-14,27.7000,2005-03-31,2005-04-30,1.000000,0.0000,8.1993,7.3794,9.0193,3.3783,-0.7336,需更乐观假设才支撑,15.0462,3.3783,
000022,2005-06-15,27.5400,2005-03-31,2005-04-30,1.000000,0.0000,8.1993,7.3794,9.0193,3.3588,-0.7320,需更乐观假设才支撑,15.0462,3.3588,
000022,2005-06-16,28.1400,2005-03-31,2005-04-30,1.000000,0.0000,8.1993,7.3794,9.0193,3.4320,-0.7378,需更乐观假设才支撑,15.0462,3.4320,
000022,2005-06-17,27.9000,2005-03-31,2005-04-30,1.000000,0.0000,8.1993,7.3794,9.0193,3.4027,-0.7355,需更乐观假设才支撑,15.0462,3.4027,
000022,2005-06-20,28.8100,2005-03-31,2005-04-30,1.000000,0.0000,8.1993,7.3794,9.0193,3.5137,-0.7439,需更乐观假设才支撑,15.0462,3.5137,
000022,2005-06-21,28.2900,2005-03-31,2005-04-30,1.000000,0.0000,8.1993,7.3794,9.0193,3.4503,-0.7392,需更乐观假设才支撑,15.0462,3.4503,
000022,2005-06-22,28.4500,2005-03-31,2005-04-30,1.000000,0.0000,8.1993,7.3794,9.0193,3.4698,-0.7406,需更乐观假设才支撑,15.0462,3.4698,
000022,2005-06-23,28.7500,2005-03-31,2005-04-30,1.000000,0.0000,8.1993,7.3794,9.0193,3.5064,-0.7433,需更乐观假设才支撑,15.0462,3.5064,
000022,2005-06-24,28.5800,2005-03-31,2005-04-30,1.000000,0.0000,8.1993,7.3794,9.0193,3.4857,-0.7418,需更乐观假设才支撑,15.0462,3.4857,
000022,2005-06-27,28.5000,2005-03-31,2005-04-30,1.000000,0.0000,8.1993,7.3794,9.0193,3.4759,-0.7411,需更乐观假设才支撑,15.0462,3.4759,
000022,2005-06-28,28.0700,2005-03-31,2005-04-30,1.000000,0.0000,8.1993,7.3794,9.0193,3.4235,-0.7371,需更乐观假设才支撑,15.0462,3.4235,
000022,2005-06-29,27.8500,2005-03-31,2005-04-30,1.000000,0.0000,8.1993,7.3794,9.0193,3.3966,-0.7350,需更乐观假设才支撑,15.0462,3.3966,
000022,2005-06-30,27.6800,2005-03-31,2005-04-30,1.000000,0.0000,8.1993,7.3794,9.0193,3.3759,-0.7334,需更乐观假设才支撑,15.0462,3.3759,
000022,2005-07-01,27.7900,2005-03-31,2005-04-30,1.000000,0.0000,8.1993,7.3794,9.0193,3.3893,-0.7345,需更乐观假设才支撑,15.0462,3.3893,
000022,2005-07-04,27.9700,2005-03-31,2005-04-30,1.000000,0.0000,8.1993,7.3794,9.0193,3.4113,-0.7362,需更乐观假设才支撑,15.0462,3.4113,
000022,2005-07-05,26.7100,2005-03-31,2005-04-30,1.000000,0.0000,8.1993,7.3794,9.0193,3.2576,-0.7237,需更乐观假设才支撑,15.0462,3.2576,
000022,2005-07-06,19.1000,2005-03-31,2005-04-30,1.300000,0.4900,5.8172,5.1865,6.4479,3.2834,-0.7285,需更乐观假设才支撑,11.5740,3.2834,
000022,2005-07-07,19.0900,2005-03-31,2005-04-30,1.300000,0.4900,5.8172,5.1865,6.4479,3.2817,-0.7283,需更乐观假设才支撑,11.5740,3.2817,
000022,2005-07-08,18.4000,2005-03-31,2005-04-30,1.300000,0.4900,5.8172,5.1865,6.4479,3.1630,-0.7181,需更乐观假设才支撑,11.5740,3.1630,
000022,2005-07-11,18.4600,2005-03-31,2005-04-30,1.300000,0.4900,5.8172,5.1865,6.4479,3.1734,-0.7190,需更乐观假设才支撑,11.5740,3.1734,
000022,2005-07-12,18.7500,2005-03-31,2005-04-30,1.300000,0.4900,5.8172,5.1865,6.4479,3.2232,-0.7234,需更乐观假设才支撑,11.5740,3.2232,
000022,2005-07-13,18.7300,2005-03-31,2005-04-30,1.300000,0.4900,5.8172,5.1865,6.4479,3.2198,-0.7231,需更乐观假设才支撑,11.5740,3.2198,
000022,2005-07-14,19.0900,2005-03-31,2005-04-30,1.300000,0.4900,5.8172,5.1865,6.4479,3.2817,-0.7283,需更乐观假设才支撑,11.5740,3.2817,
000022,2005-07-15,19.1800,2005-03-31,2005-04-30,1.300000,0.4900,5.8172,5.1865,6.4479,3.2971,-0.7296,需更乐观假设才支撑,11.5740,3.2971,
000022,2005-07-18,19.3600,2005-03-31,2005-04-30,1.300000,0.4900,5.8172,5.1865,6.4479,3.3281,-0.7321,需更乐观假设才支撑,11.5740,3.3281,
000022,2005-07-19,19.2800,2005-03-31,2005-04-30,1.300000,0.4900,5.8172,5.1865,6.4479,3.3143,-0.7310,需更乐观假设才支撑,11.5740,3.3143,
000022,2005-07-20,19.2000,2005-03-31,2005-04-30,1.300000,0.4900,5.8172,5.1865,6.4479,3.3006,-0.7299,需更乐观假设才支撑,11.5740,3.3006,
000022,2005-07-21,19.0500,2005-03-31,2005-04-30,1.300000,0.4900,5.8172,5.1865,6.4479,3.2748,-0.7277,需更乐观假设才支撑,11.5740,3.2748,
000022,2005-07-22,19.1000,2005-03-31,2005-04-30,1.300000,0.4900,5.8172,5.1865,6.4479,3.2834,-0.7285,需更乐观假设才支撑,11.5740,3.2834,
000022,2005-07-25,17.8000,2005-03-31,2005-04-30,1.300000,0.4900,5.8172,5.1865,6.4479,3.0599,-0.7086,需更乐观假设才支撑,11.5740,3.0599,
000022,2005-07-26,17.9400,2005-03-31,2005-04-30,1.300000,0.4900,5.8172,5.1865,6.4479,3.0840,-0.7109,需更乐观假设才支撑,11.5740,3.0840,
000022,2005-07-27,18.7500,2005-03-31,2005-04-30,1.300000,0.4900,5.8172,5.1865,6.4479,3.2232,-0.7234,需更乐观假设才支撑,11.5740,3.2232,
000022,2005-07-28,18.3600,2005-03-31,2005-04-30,1.300000,0.4900,5.8172,5.1865,6.4479,3.1562,-0.7175,需更乐观假设才支撑,11.5740,3.1562,
000022,2005-07-29,18.3600,2005-03-31,2005-04-30,1.300000,0.4900,5.8172,5.1865,6.4479,3.1562,-0.7175,需更乐观假设才支撑,11.5740,3.1562,
000022,2005-08-01,18.4800,2005-03-31,2005-04-30,1.300000,0.4900,5.8172,5.1865,6.4479,3.1768,-0.7193,需更乐观假设才支撑,11.5740,3.1768,
000022,2005-08-02,18.5800,2005-03-31,2005-04-30,1.300000,0.4900,5.8172,5.1865,6.4479,3.1940,-0.7209,需更乐观假设才支撑,11.5740,3.1940,
000022,2005-08-03,19.2300,2005-03-31,2005-04-30,1.300000,0.4900,5.8172,5.1865,6.4479,3.3057,-0.7303,需更乐观假设才支撑,11.5740,3.3057,
000022,2005-08-04,19.6500,2005-03-31,2005-04-30,1.300000,0.4900,5.8172,5.1865,6.4479,3.3779,-0.7361,需更乐观假设才支撑,11.5740,3.3779,
000022,2005-08-05,19.7500,2005-03-31,2005-04-30,1.300000,0.4900,5.8172,5.1865,6.4479,3.3951,-0.7374,需更乐观假设才支撑,11.5740,3.3951,
000022,2005-08-08,19.1000,2005-03-31,2005-04-30,1.300000,0.4900,5.8172,5.1865,6.4479,3.2834,-0.7285,需更乐观假设才支撑,11.5740,3.2834,
000022,2005-08-09,18.6400,2005-03-31,2005-04-30,1.300000,0.4900,5.8172,5.1865,6.4479,3.2043,-0.7218,需更乐观假设才支撑,11.5740,3.2043,
000022,2005-08-10,18.7400,2005-03-31,2005-04-30,1.300000,0.4900,5.8172,5.1865,6.4479,3.2215,-0.7232,需更乐观假设才支撑,11.5740,3.2215,
000022,2005-08-11,20.6100,2005-03-31,2005-04-30,1.300000,0.4900,5.8172,5.1865,6.4479,3.5430,-0.7484,需更乐观假设才支撑,11.5740,3.5430,
000022,2005-08-12,20.0600,2005-03-31,2005-04-30,1.300000,0.4900,5.8172,5.1865,6.4479,3.4484,-0.7415,需更乐观假设才支撑,11.5740,3.4484,
000022,2005-08-15,20.6900,2005-03-31,2005-04-30,1.300000,0.4900,5.8172,5.1865,6.4479,3.5567,-0.7493,需更乐观假设才支撑,11.5740,3.5567,
000022,2005-08-16,20.4000,2005-03-31,2005-04-30,1.300000,0.4900,5.8172,5.1865,6.4479,3.5069,-0.7458,需更乐观假设才支撑,11.5740,3.5069,
000022,2005-08-17,20.1000,2005-03-31,2005-04-30,1.300000,0.4900,5.8172,5.1865,6.4479,3.4553,-0.7420,需更乐观假设才支撑,11.5740,3.4553,
000022,2005-08-18,19.6500,2005-03-31,2005-04-30,1.300000,0.4900,5.8172,5.1865,6.4479,3.3779,-0.7361,需更乐观假设才支撑,11.5740,3.3779,
000022,2005-08-19,19.5100,2005-03-31,2005-04-30,1.300000,0.4900,5.8172,5.1865,6.4479,3.3539,-0.7342,需更乐观假设才支撑,11.5740,3.3539,
000022,2005-08-22,19.9900,2005-03-31,2005-04-30,1.300000,0.4900,5.8172,5.1865,6.4479,3.4364,-0.7405,需更乐观假设才支撑,11.5740,3.4364,
000022,2005-08-23,19.5800,2005-03-31,2005-04-30,1.300000,0.4900,5.8172,5.1865,6.4479,3.3659,-0.7351,需更乐观假设才支撑,11.5740,3.3659,
000022,2005-08-24,19.7600,2005-03-31,2005-04-30,1.300000,0.4900,5.8172,5.1865,6.4479,3.3968,-0.7375,需更乐观假设才支撑,11.5740,3.3968,
000022,2005-08-25,19.5100,2005-03-31,2005-04-30,1.300000,0.4900,5.8172,5.1865,6.4479,3.3539,-0.7342,需更乐观假设才支撑,11.5740,3.3539,
000022,2005-08-26,19.1700,2005-03-31,2005-04-30,1.300000,0.4900,5.8172,5.1865,6.4479,3.2954,-0.7294,需更乐观假设才支撑,11.5740,3.2954,
000022,2005-08-29,18.8700,2005-03-31,2005-04-30,1.300000,0.4900,5.8172,5.1865,6.4479,3.2438,-0.7251,需更乐观假设才支撑,11.5740,3.2438,
000022,2005-08-30,18.7200,2005-06-30,2005-08-31,1.300000,0.0000,5.8878,5.2990,6.4766,3.1795,-0.7169,需更乐观假设才支撑,10.8019,3.1795,
000022,2005-08-31,18.9200,2005-06-30,2005-08-31,1.300000,0.0000,5.8878,5.2990,6.4766,3.2134,-0.7199,需更乐观假设才支撑,10.8019,3.2134,
000022,2005-09-01,19.0400,2005-06-30,2005-08-31,1.300000,0.0000,5.8878,5.2990,6.4766,3.2338,-0.7217,需更乐观假设才支撑,10.8019,3.2338,
000022,2005-09-02,19.1000,2005-06-30,2005-08-31,1.300000,0.0000,5.8878,5.2990,6.4766,3.2440,-0.7226,需更乐观假设才支撑,10.8019,3.2440,
000022,2005-09-05,18.6000,2005-06-30,2005-08-31,1.300000,0.0000,5.8878,5.2990,6.4766,3.1591,-0.7151,需更乐观假设才支撑,10.8019,3.1591,
000022,2005-09-06,18.5500,2005-06-30,2005-08-31,1.300000,0.0000,5.8878,5.2990,6.4766,3.1506,-0.7143,需更乐观假设才支撑,10.8019,3.1506,
000022,2005-09-07,18.5000,2005-06-30,2005-08-31,1.300000,0.0000,5.8878,5.2990,6.4766,3.1421,-0.7136,需更乐观假设才支撑,10.8019,3.1421,
000022,2005-09-08,18.6600,2005-06-30,2005-08-31,1.300000,0.0000,5.8878,5.2990,6.4766,3.1693,-0.7160,需更乐观假设才支撑,10.8019,3.1693,
000022,2005-09-09,18.6000,2005-06-30,2005-08-31,1.300000,0.0000,5.8878,5.2990,6.4766,3.1591,-0.7151,需更乐观假设才支撑,10.8019,3.1591,
000022,2005-09-12,18.3800,2005-06-30,2005-08-31,1.300000,0.0000,5.8878,5.2990,6.4766,3.1217,-0.7117,需更乐观假设才支撑,10.8019,3.1217,
000022,2005-09-13,18.3500,2005-06-30,2005-08-31,1.300000,0.0000,5.8878,5.2990,6.4766,3.1166,-0.7112,需更乐观假设才支撑,10.8019,3.1166,
000022,2005-09-14,18.8200,2005-06-30,2005-08-31,1.300000,0.0000,5.8878,5.2990,6.4766,3.1964,-0.7184,需更乐观假设才支撑,10.8019,3.1964,
000022,2005-09-15,18.8300,2005-06-30,2005-08-31,1.300000,0.0000,5.8878,5.2990,6.4766,3.1981,-0.7186,需更乐观假设才支撑,10.8019,3.1981,
000022,2005-09-16,18.4900,2005-06-30,2005-08-31,1.300000,0.0000,5.8878,5.2990,6.4766,3.1404,-0.7134,需更乐观假设才支撑,10.8019,3.1404,
000022,2005-09-19,18.4500,2005-06-30,2005-08-31,1.300000,0.0000,5.8878,5.2990,6.4766,3.1336,-0.7128,需更乐观假设才支撑,10.8019,3.1336,
000022,2005-09-20,18.1900,2005-06-30,2005-08-31,1.300000,0.0000,5.8878,5.2990,6.4766,3.0894,-0.7087,需更乐观假设才支撑,10.8019,3.0894,
000022,2005-09-21,18.4400,2005-06-30,2005-08-31,1.300000,0.0000,5.8878,5.2990,6.4766,3.1319,-0.7126,需更乐观假设才支撑,10.8019,3.1319,
000022,2005-09-22,17.9500,2005-06-30,2005-08-31,1.300000,0.0000,5.8878,5.2990,6.4766,3.0487,-0.7048,需更乐观假设才支撑,10.8019,3.0487,
000022,2005-09-23,17.6800,2005-06-30,2005-08-31,1.300000,0.0000,5.8878,5.2990,6.4766,3.0028,-0.7003,需更乐观假设才支撑,10.8019,3.0028,
000022,2005-09-26,17.8600,2005-06-30,2005-08-31,1.300000,0.0000,5.8878,5.2990,6.4766,3.0334,-0.7033,需更乐观假设才支撑,10.8019,3.0334,
000022,2005-09-27,17.4600,2005-06-30,2005-08-31,1.300000,0.0000,5.8878,5.2990,6.4766,2.9655,-0.6965,需更乐观假设才支撑,10.8019,2.9655,
000022,2005-09-28,17.1200,2005-06-30,2005-08-31,1.300000,0.0000,5.8878,5.2990,6.4766,2.9077,-0.6905,需更乐观假设才支撑,10.8019,2.9077,
000022,2005-09-29,17.1200,2005-06-30,2005-08-31,1.300000,0.0000,5.8878,5.2990,6.4766,2.9077,-0.6905,需更乐观假设才支撑,10.8019,2.9077,
000022,2005-09-30,17.2000,2005-06-30,2005-08-31,1.300000,0.0000,5.8878,5.2990,6.4766,2.9213,-0.6919,需更乐观假设才支撑,10.8019,2.9213,
000022,2005-10-10,17.3000,2005-06-30,2005-08-31,1.300000,0.0000,5.8878,5.2990,6.4766,2.9383,-0.6937,需更乐观假设才支撑,10.8019,2.9383,
000022,2005-10-11,16.8600,2005-06-30,2005-08-31,1.300000,0.0000,5.8878,5.2990,6.4766,2.8635,-0.6857,需更乐观假设才支撑,10.8019,2.8635,
000022,2005-10-12,16.4700,2005-06-30,2005-08-31,1.300000,0.0000,5.8878,5.2990,6.4766,2.7973,-0.6783,需更乐观假设才支撑,10.8019,2.7973,
000022,2005-10-13,16.0100,2005-06-30,2005-08-31,1.300000,0.0000,5.8878,5.2990,6.4766,2.7192,-0.6690,需更乐观假设才支撑,10.8019,2.7192,
000022,2005-10-14,15.4500,2005-06-30,2005-08-31,1.300000,0.0000,5.8878,5.2990,6.4766,2.6241,-0.6570,需更乐观假设才支撑,10.8019,2.6241,
000022,2005-10-17,14.8000,2005-06-30,2005-08-31,1.300000,0.0000,5.8878,5.2990,6.4766,2.5137,-0.6420,需更乐观假设才支撑,10.8019,2.5137,
000022,2005-10-18,14.7500,2005-06-30,2005-08-31,1.300000,0.0000,5.8878,5.2990,6.4766,2.5052,-0.6407,需更乐观假设才支撑,10.8019,2.5052,
000022,2005-10-19,14.6900,2005-06-30,2005-08-31,1.300000,0.0000,5.8878,5.2990,6.4766,2.4950,-0.6393,需更乐观假设才支撑,10.8019,2.4950,
000022,2005-10-20,14.8900,2005-06-30,2005-08-31,1.300000,0.0000,5.8878,5.2990,6.4766,2.5290,-0.6441,需更乐观假设才支撑,10.8019,2.5290,
000022,2005-10-21,14.7100,2005-06-30,2005-08-31,1.300000,0.0000,5.8878,5.2990,6.4766,2.4984,-0.6398,需更乐观假设才支撑,10.8019,2.4984,
000022,2005-10-24,14.8000,2005-06-30,2005-08-31,1.300000,0.0000,5.8878,5.2990,6.4766,2.5137,-0.6420,需更乐观假设才支撑,10.8019,2.5137,
000022,2005-10-25,14.0600,2005-06-30,2005-08-31,1.300000,0.0000,5.8878,5.2990,6.4766,2.3880,-0.6231,需更乐观假设才支撑,10.8019,2.3880,
000022,2005-10-26,13.6700,2005-06-30,2005-08-31,1.300000,0.0000,5.8878,5.2990,6.4766,2.3217,-0.6124,需更乐观假设才支撑,10.8019,2.3217,
000022,2005-10-27,13.9500,2005-06-30,2005-08-31,1.300000,0.0000,5.8878,5.2990,6.4766,2.3693,-0.6201,需更乐观假设才支撑,10.8019,2.3693,
000022,2005-10-28,13.7000,2005-09-30,2005-10-31,1.000000,0.0000,6.3999,5.7599,7.0399,2.1407,-0.5796,需更乐观假设才支撑,11.7391,2.1407,
000022,2005-10-31,14.0700,2005-09-30,2005-10-31,1.000000,0.0000,6.3999,5.7599,7.0399,2.1985,-0.5906,需更乐观假设才支撑,11.7391,2.1985,
000022,2005-11-01,13.8300,2005-09-30,2005-10-31,1.000000,0.0000,6.3999,5.7599,7.0399,2.1610,-0.5835,需更乐观假设才支撑,11.7391,2.1610,
000022,2005-11-02,14.2000,2005-09-30,2005-10-31,1.000000,0.0000,6.3999,5.7599,7.0399,2.2188,-0.5944,需更乐观假设才支撑,11.7391,2.2188,
000022,2005-11-03,14.2300,2005-09-30,2005-10-31,1.000000,0.0000,6.3999,5.7599,7.0399,2.2235,-0.5952,需更乐观假设才支撑,11.7391,2.2235,
000022,2005-11-04,14.2500,2005-09-30,2005-10-31,1.000000,0.0000,6.3999,5.7599,7.0399,2.2266,-0.5958,需更乐观假设才支撑,11.7391,2.2266,
000022,2005-11-07,13.9800,2005-09-30,2005-10-31,1.000000,0.0000,6.3999,5.7599,7.0399,2.1844,-0.5880,需更乐观假设才支撑,11.7391,2.1844,
000022,2005-11-08,13.8900,2005-09-30,2005-10-31,1.000000,0.0000,6.3999,5.7599,7.0399,2.1703,-0.5853,需更乐观假设才支撑,11.7391,2.1703,
000022,2005-11-09,13.8800,2005-09-30,2005-10-31,1.000000,0.0000,6.3999,5.7599,7.0399,2.1688,-0.5850,需更乐观假设才支撑,11.7391,2.1688,
000022,2005-11-10,13.8000,2005-09-30,2005-10-31,1.000000,0.0000,6.3999,5.7599,7.0399,2.1563,-0.5826,需更乐观假设才支撑,11.7391,2.1563,
000022,2005-11-11,13.9800,2005-09-30,2005-10-31,1.000000,0.0000,6.3999,5.7599,7.0399,2.1844,-0.5880,需更乐观假设才支撑,11.7391,2.1844,
000022,2005-11-14,13.8000,2005-09-30,2005-10-31,1.000000,0.0000,6.3999,5.7599,7.0399,2.1563,-0.5826,需更乐观假设才支撑,11.7391,2.1563,
000022,2005-11-15,12.9400,2005-09-30,2005-10-31,1.000000,0.0000,6.3999,5.7599,7.0399,2.0219,-0.5549,需更乐观假设才支撑,11.7391,2.0219,
000022,2005-11-16,12.6700,2005-09-30,2005-10-31,1.000000,0.0000,6.3999,5.7599,7.0399,1.9797,-0.5454,需更乐观假设才支撑,11.7391,1.9797,
000022,2005-11-17,12.7200,2005-09-30,2005-10-31,1.000000,0.0000,6.3999,5.7599,7.0399,1.9875,-0.5472,需更乐观假设才支撑,11.7391,1.9875,
000022,2005-11-18,13.7100,2005-09-30,2005-10-31,1.000000,0.0000,6.3999,5.7599,7.0399,2.1422,-0.5799,需更乐观假设才支撑,11.7391,2.1422,
000022,2005-11-21,13.6400,2005-09-30,2005-10-31,1.000000,0.0000,6.3999,5.7599,7.0399,2.1313,-0.5777,需更乐观假设才支撑,11.7391,2.1313,
000022,2005-11-22,13.3400,2005-09-30,2005-10-31,1.000000,0.0000,6.3999,5.7599,7.0399,2.0844,-0.5682,需更乐观假设才支撑,11.7391,2.0844,
000022,2005-11-23,13.2800,2005-09-30,2005-10-31,1.000000,0.0000,6.3999,5.7599,7.0399,2.0750,-0.5663,需更乐观假设才支撑,11.7391,2.0750,
000022,2005-11-24,13.3000,2005-09-30,2005-10-31,1.000000,0.0000,6.3999,5.7599,7.0399,2.0782,-0.5669,需更乐观假设才支撑,11.7391,2.0782,
000022,2005-11-25,13.2800,2005-09-30,2005-10-31,1.000000,0.0000,6.3999,5.7599,7.0399,2.0750,-0.5663,需更乐观假设才支撑,11.7391,2.0750,
000022,2005-11-28,13.5000,2005-09-30,2005-10-31,1.000000,0.0000,6.3999,5.7599,7.0399,2.1094,-0.5733,需更乐观假设才支撑,11.7391,2.1094,
000022,2005-11-29,13.2200,2005-09-30,2005-10-31,1.000000,0.0000,6.3999,5.7599,7.0399,2.0657,-0.5643,需更乐观假设才支撑,11.7391,2.0657,
000022,2005-11-30,12.7600,2005-09-30,2005-10-31,1.000000,0.0000,6.3999,5.7599,7.0399,1.9938,-0.5486,需更乐观假设才支撑,11.7391,1.9938,
000022,2005-12-01,12.7800,2005-09-30,2005-10-31,1.000000,0.0000,6.3999,5.7599,7.0399,1.9969,-0.5493,需更乐观假设才支撑,11.7391,1.9969,
000022,2005-12-02,12.5200,2005-09-30,2005-10-31,1.000000,0.0000,6.3999,5.7599,7.0399,1.9563,-0.5399,需更乐观假设才支撑,11.7391,1.9563,
000022,2005-12-05,12.1900,2005-09-30,2005-10-31,1.000000,0.0000,6.3999,5.7599,7.0399,1.9047,-0.5275,需更乐观假设才支撑,11.7391,1.9047,
000022,2005-12-06,12.3400,2005-09-30,2005-10-31,1.000000,0.0000,6.3999,5.7599,7.0399,1.9282,-0.5332,需更乐观假设才支撑,11.7391,1.9282,
000022,2005-12-07,12.9000,2005-09-30,2005-10-31,1.000000,0.0000,6.3999,5.7599,7.0399,2.0157,-0.5535,需更乐观假设才支撑,11.7391,2.0157,
000022,2005-12-08,13.0600,2005-09-30,2005-10-31,1.000000,0.0000,6.3999,5.7599,7.0399,2.0407,-0.5590,需更乐观假设才支撑,11.7391,2.0407,
000022,2005-12-09,13.1000,2005-09-30,2005-10-31,1.000000,0.0000,6.3999,5.7599,7.0399,2.0469,-0.5603,需更乐观假设才支撑,11.7391,2.0469,
000022,2005-12-12,13.0400,2005-09-30,2005-10-31,1.000000,0.0000,6.3999,5.7599,7.0399,2.0375,-0.5583,需更乐观假设才支撑,11.7391,2.0375,
000022,2005-12-13,13.1100,2005-09-30,2005-10-31,1.000000,0.0000,6.3999,5.7599,7.0399,2.0485,-0.5606,需更乐观假设才支撑,11.7391,2.0485,
000022,2005-12-14,13.0300,2005-09-30,2005-10-31,1.000000,0.0000,6.3999,5.7599,7.0399,2.0360,-0.5580,需更乐观假设才支撑,11.7391,2.0360,
000022,2005-12-15,13.1000,2005-09-30,2005-10-31,1.000000,0.0000,6.3999,5.7599,7.0399,2.0469,-0.5603,需更乐观假设才支撑,11.7391,2.0469,
000022,2005-12-16,13.5800,2005-09-30,2005-10-31,1.000000,0.0000,6.3999,5.7599,7.0399,2.1219,-0.5759,需更乐观假设才支撑,11.7391,2.1219,
000022,2005-12-19,13.4600,2005-09-30,2005-10-31,1.000000,0.0000,6.3999,5.7599,7.0399,2.1032,-0.5721,需更乐观假设才支撑,11.7391,2.1032,
000022,2005-12-20,13.4600,2005-09-30,2005-10-31,1.000000,0.0000,6.3999,5.7599,7.0399,2.1032,-0.5721,需更乐观假设才支撑,11.7391,2.1032,
000022,2005-12-21,13.5200,2005-09-30,2005-10-31,1.000000,0.0000,6.3999,5.7599,7.0399,2.1125,-0.5740,需更乐观假设才支撑,11.7391,2.1125,
000022,2005-12-22,13.5900,2005-09-30,2005-10-31,1.000000,0.0000,6.3999,5.7599,7.0399,2.1235,-0.5762,需更乐观假设才支撑,11.7391,2.1235,
000022,2005-12-23,13.5000,2005-09-30,2005-10-31,1.000000,0.0000,6.3999,5.7599,7.0399,2.1094,-0.5733,需更乐观假设才支撑,11.7391,2.1094,
000022,2005-12-26,13.2400,2005-09-30,2005-10-31,1.000000,0.0000,6.3999,5.7599,7.0399,2.0688,-0.5650,需更乐观假设才支撑,11.7391,2.0688,
000022,2005-12-27,12.8500,2005-09-30,2005-10-31,1.000000,0.0000,6.3999,5.7599,7.0399,2.0078,-0.5518,需更乐观假设才支撑,11.7391,2.0078,
000022,2005-12-28,12.9500,2005-09-30,2005-10-31,1.000000,0.0000,6.3999,5.7599,7.0399,2.0235,-0.5552,需更乐观假设才支撑,11.7391,2.0235,
000022,2005-12-29,13.2700,2005-09-30,2005-10-31,1.000000,0.0000,6.3999,5.7599,7.0399,2.0735,-0.5659,需更乐观假设才支撑,11.7391,2.0735,
000022,2005-12-30,13.3200,2005-09-30,2005-10-31,1.000000,0.0000,6.3999,5.7599,7.0399,2.0813,-0.5676,需更乐观假设才支撑,11.7391,2.0813,
000022,2006-01-04,13.5500,2005-09-30,2005-10-31,1.000000,0.0000,6.3999,5.7599,7.0399,2.1172,-0.5749,需更乐观假设才支撑,11.7391,2.1172,
000022,2006-01-05,14.6700,2005-09-30,2005-10-31,1.000000,0.0000,6.3999,5.7599,7.0399,2.2922,-0.6074,需更乐观假设才支撑,11.7391,2.2922,
000022,2006-01-06,14.6300,2005-09-30,2005-10-31,1.000000,0.0000,6.3999,5.7599,7.0399,2.2860,-0.6063,需更乐观假设才支撑,11.7391,2.2860,
000022,2006-01-09,14.5200,2005-09-30,2005-10-31,1.000000,0.0000,6.3999,5.7599,7.0399,2.2688,-0.6033,需更乐观假设才支撑,11.7391,2.2688,
000022,2006-01-10,14.2000,2005-09-30,2005-10-31,1.000000,0.0000,6.3999,5.7599,7.0399,2.2188,-0.5944,需更乐观假设才支撑,11.7391,2.2188,
000022,2006-01-11,13.9900,2005-09-30,2005-10-31,1.000000,0.0000,6.3999,5.7599,7.0399,2.1860,-0.5883,需更乐观假设才支撑,11.7391,2.1860,
000022,2006-01-12,14.0300,2005-09-30,2005-10-31,1.000000,0.0000,6.3999,5.7599,7.0399,2.1922,-0.5895,需更乐观假设才支撑,11.7391,2.1922,
000022,2006-01-13,13.8500,2005-09-30,2005-10-31,1.000000,0.0000,6.3999,5.7599,7.0399,2.1641,-0.5841,需更乐观假设才支撑,11.7391,2.1641,
000022,2006-01-16,13.3200,2005-09-30,2005-10-31,1.000000,0.0000,6.3999,5.7599,7.0399,2.0813,-0.5676,需更乐观假设才支撑,11.7391,2.0813,
000022,2006-01-17,13.4000,2005-09-30,2005-10-31,1.000000,0.0000,6.3999,5.7599,7.0399,2.0938,-0.5702,需更乐观假设才支撑,11.7391,2.0938,
000022,2006-01-18,13.7000,2005-09-30,2005-10-31,1.000000,0.0000,6.3999,5.7599,7.0399,2.1407,-0.5796,需更乐观假设才支撑,11.7391,2.1407,
000022,2006-01-19,13.6100,2005-09-30,2005-10-31,1.000000,0.0000,6.3999,5.7599,7.0399,2.1266,-0.5768,需更乐观假设才支撑,11.7391,2.1266,
000022,2006-01-20,13.2500,2005-09-30,2005-10-31,1.000000,0.0000,6.3999,5.7599,7.0399,2.0703,-0.5653,需更乐观假设才支撑,11.7391,2.0703,
000022,2006-01-23,14.3800,2005-09-30,2005-10-31,1.000000,0.0000,6.3999,5.7599,7.0399,2.2469,-0.5995,需更乐观假设才支撑,11.7391,2.2469,
000022,2006-01-24,13.9200,2005-09-30,2005-10-31,1.000000,0.0000,6.3999,5.7599,7.0399,2.1750,-0.5862,需更乐观假设才支撑,11.7391,2.1750,
000022,2006-01-25,14.1600,2005-09-30,2005-10-31,1.000000,0.0000,6.3999,5.7599,7.0399,2.2125,-0.5932,需更乐观假设才支撑,11.7391,2.2125,
000022,2006-02-06,14.4600,2005-09-30,2005-10-31,1.000000,0.0000,6.3999,5.7599,7.0399,2.2594,-0.6017,需更乐观假设才支撑,11.7391,2.2594,
000022,2006-02-07,14.9200,2005-09-30,2005-10-31,1.000000,0.0000,6.3999,5.7599,7.0399,2.3313,-0.6139,需更乐观假设才支撑,11.7391,2.3313,
000022,2006-02-08,14.9700,2005-09-30,2005-10-31,1.000000,0.0000,6.3999,5.7599,7.0399,2.3391,-0.6152,需更乐观假设才支撑,11.7391,2.3391,
000022,2006-02-09,14.4800,2005-09-30,2005-10-31,1.000000,0.0000,6.3999,5.7599,7.0399,2.2625,-0.6022,需更乐观假设才支撑,11.7391,2.2625,
000022,2006-02-10,14.8000,2005-09-30,2005-10-31,1.000000,0.0000,6.3999,5.7599,7.0399,2.3125,-0.6108,需更乐观假设才支撑,11.7391,2.3125,
000022,2006-02-13,15.1000,2005-09-30,2005-10-31,1.000000,0.0000,6.3999,5.7599,7.0399,2.3594,-0.6185,需更乐观假设才支撑,11.7391,2.3594,
000022,2006-02-14,15.0600,2005-09-30,2005-10-31,1.000000,0.0000,6.3999,5.7599,7.0399,2.3532,-0.6175,需更乐观假设才支撑,11.7391,2.3532,
000022,2006-02-15,15.3900,2005-09-30,2005-10-31,1.000000,0.0000,6.3999,5.7599,7.0399,2.4047,-0.6257,需更乐观假设才支撑,11.7391,2.4047,
000022,2006-02-16,14.7100,2005-09-30,2005-10-31,1.000000,0.0000,6.3999,5.7599,7.0399,2.2985,-0.6084,需更乐观假设才支撑,11.7391,2.2985,
000022,2006-02-17,14.6800,2005-09-30,2005-10-31,1.000000,0.0000,6.3999,5.7599,7.0399,2.2938,-0.6076,需更乐观假设才支撑,11.7391,2.2938,
000022,2006-02-22,14.4000,2005-09-30,2005-10-31,1.000000,0.0000,6.3999,5.7599,7.0399,2.2500,-0.6000,需更乐观假设才支撑,11.7391,2.2500,
000022,2006-02-23,14.1400,2005-09-30,2005-10-31,1.000000,0.0000,6.3999,5.7599,7.0399,2.2094,-0.5927,需更乐观假设才支撑,11.7391,2.2094,
000022,2006-02-24,14.3700,2005-09-30,2005-10-31,1.000000,0.0000,6.3999,5.7599,7.0399,2.2453,-0.5992,需更乐观假设才支撑,11.7391,2.2453,
000022,2006-04-10,15.8100,2005-09-30,2005-10-31,1.000000,0.0000,6.3999,5.7599,7.0399,2.4704,-0.6357,需更乐观假设才支撑,11.7391,2.4704,
000022,2006-04-11,15.8600,2005-09-30,2005-10-31,1.000000,0.0000,6.3999,5.7599,7.0399,2.4782,-0.6368,需更乐观假设才支撑,11.7391,2.4782,
000022,2006-04-12,16.0000,2005-09-30,2005-10-31,1.000000,0.0000,6.3999,5.7599,7.0399,2.5000,-0.6400,需更乐观假设才支撑,11.7391,2.5000,
000022,2006-04-13,15.8100,2005-09-30,2005-10-31,1.000000,0.0000,6.3999,5.7599,7.0399,2.4704,-0.6357,需更乐观假设才支撑,11.7391,2.4704,
000022,2006-04-14,15.8300,2005-09-30,2005-10-31,1.000000,0.0000,6.3999,5.7599,7.0399,2.4735,-0.6361,需更乐观假设才支撑,11.7391,2.4735,
000022,2006-05-30,15.2000,2006-03-31,2006-04-30,1.000000,0.0000,10.1670,9.1503,11.1837,1.4950,-0.3980,需更乐观假设才支撑,17.5808,1.4950,
000022,2006-05-31,14.9900,2006-03-31,2006-04-30,1.000000,0.0000,10.1670,9.1503,11.1837,1.4744,-0.3896,需更乐观假设才支撑,17.5808,1.4744,
000022,2006-06-01,15.2100,2006-03-31,2006-04-30,1.000000,0.0000,10.1670,9.1503,11.1837,1.4960,-0.3984,需更乐观假设才支撑,17.5808,1.4960,
000022,2006-06-02,14.8600,2006-03-31,2006-04-30,1.000000,0.0000,10.1670,9.1503,11.1837,1.4616,-0.3842,需更乐观假设才支撑,17.5808,1.4616,
000022,2006-06-05,14.6800,2006-03-31,2006-04-30,1.000000,0.0000,10.1670,9.1503,11.1837,1.4439,-0.3767,需更乐观假设才支撑,17.5808,1.4439,
000022,2006-06-06,15.0700,2006-03-31,2006-04-30,1.000000,0.0000,10.1670,9.1503,11.1837,1.4822,-0.3928,需更乐观假设才支撑,17.5808,1.4822,
000022,2006-06-07,14.1100,2006-03-31,2006-04-30,1.000000,0.0000,10.1670,9.1503,11.1837,1.3878,-0.3515,需更乐观假设才支撑,17.5808,1.3878,
000022,2006-06-08,13.6000,2006-03-31,2006-04-30,1.000000,0.0000,10.1670,9.1503,11.1837,1.3377,-0.3272,需更乐观假设才支撑,17.5808,1.3377,
000022,2006-06-09,13.7900,2006-03-31,2006-04-30,1.000000,0.0000,10.1670,9.1503,11.1837,1.3564,-0.3365,需更乐观假设才支撑,17.5808,1.3564,
000022,2006-06-12,14.5900,2006-03-31,2006-04-30,1.000000,0.0000,10.1670,9.1503,11.1837,1.4350,-0.3728,需更乐观假设才支撑,17.5808,1.4350,
000022,2006-06-13,14.5000,2006-03-31,2006-04-30,1.000000,0.0000,10.1670,9.1503,11.1837,1.4262,-0.3689,需更乐观假设才支撑,17.5808,1.4262,
000022,2006-06-14,14.7000,2006-03-31,2006-04-30,1.000000,0.0000,10.1670,9.1503,11.1837,1.4459,-0.3775,需更乐观假设才支撑,17.5808,1.4459,
000022,2006-06-15,14.7000,2006-03-31,2006-04-30,1.000000,0.0000,10.1670,9.1503,11.1837,1.4459,-0.3775,需更乐观假设才支撑,17.5808,1.4459,
000022,2006-06-16,14.8600,2006-03-31,2006-04-30,1.000000,0.0000,10.1670,9.1503,11.1837,1.4616,-0.3842,需更乐观假设才支撑,17.5808,1.4616,
000022,2006-06-19,13.8800,2006-03-31,2006-04-30,1.000000,0.7470,9.4200,8.4033,10.4367,1.4735,-0.3946,需更乐观假设才支撑,17.5808,1.4735,
000022,2006-06-20,13.6200,2006-03-31,2006-04-30,1.000000,0.7470,9.4200,8.4033,10.4367,1.4459,-0.3830,需更乐观假设才支撑,17.5808,1.4459,
000022,2006-06-21,13.5600,2006-03-31,2006-04-30,1.000000,0.7470,9.4200,8.4033,10.4367,1.4395,-0.3803,需更乐观假设才支撑,17.5808,1.4395,
000022,2006-06-22,13.3600,2006-03-31,2006-04-30,1.000000,0.7470,9.4200,8.4033,10.4367,1.4183,-0.3710,需更乐观假设才支撑,17.5808,1.4183,
000022,2006-06-23,13.5000,2006-03-31,2006-04-30,1.000000,0.7470,9.4200,8.4033,10.4367,1.4331,-0.3775,需更乐观假设才支撑,17.5808,1.4331,
000022,2006-06-26,13.5700,2006-03-31,2006-04-30,1.000000,0.7470,9.4200,8.4033,10.4367,1.4406,-0.3807,需更乐观假设才支撑,17.5808,1.4406,
000022,2006-06-27,13.6900,2006-03-31,2006-04-30,1.000000,0.7470,9.4200,8.4033,10.4367,1.4533,-0.3862,需更乐观假设才支撑,17.5808,1.4533,
000022,2006-06-28,13.5700,2006-03-31,2006-04-30,1.000000,0.7470,9.4200,8.4033,10.4367,1.4406,-0.3807,需更乐观假设才支撑,17.5808,1.4406,
000022,2006-06-29,13.7600,2006-03-31,2006-04-30,1.000000,0.7470,9.4200,8.4033,10.4367,1.4607,-0.3893,需更乐观假设才支撑,17.5808,1.4607,
000022,2006-06-30,13.7900,2006-03-31,2006-04-30,1.000000,0.7470,9.4200,8.4033,10.4367,1.4639,-0.3906,需更乐观假设才支撑,17.5808,1.4639,
000022,2006-07-03,14.1000,2006-03-31,2006-04-30,1.000000,0.7470,9.4200,8.4033,10.4367,1.4968,-0.4040,需更乐观假设才支撑,17.5808,1.4968,
000022,2006-07-04,13.8800,2006-03-31,2006-04-30,1.000000,0.7470,9.4200,8.4033,10.4367,1.4735,-0.3946,需更乐观假设才支撑,17.5808,1.4735,
000022,2006-07-05,13.6000,2006-03-31,2006-04-30,1.000000,0.7470,9.4200,8.4033,10.4367,1.4437,-0.3821,需更乐观假设才支撑,17.5808,1.4437,
000022,2006-07-06,13.7400,2006-03-31,2006-04-30,1.000000,0.7470,9.4200,8.4033,10.4367,1.4586,-0.3884,需更乐观假设才支撑,17.5808,1.4586,
000022,2006-07-07,14.5000,2006-03-31,2006-04-30,1.000000,0.7470,9.4200,8.4033,10.4367,1.5393,-0.4205,需更乐观假设才支撑,17.5808,1.5393,
000022,2006-07-10,14.7100,2006-03-31,2006-04-30,1.000000,0.7470,9.4200,8.4033,10.4367,1.5616,-0.4287,需更乐观假设才支撑,17.5808,1.5616,
000022,2006-07-11,14.5000,2006-03-31,2006-04-30,1.000000,0.7470,9.4200,8.4033,10.4367,1.5393,-0.4205,需更乐观假设才支撑,17.5808,1.5393,
000022,2006-07-12,14.4000,2006-03-31,2006-04-30,1.000000,0.7470,9.4200,8.4033,10.4367,1.5287,-0.4164,需更乐观假设才支撑,17.5808,1.5287,
000022,2006-07-13,13.5900,2006-03-31,2006-04-30,1.000000,0.7470,9.4200,8.4033,10.4367,1.4427,-0.3817,需更乐观假设才支撑,17.5808,1.4427,
000022,2006-07-14,13.5300,2006-03-31,2006-04-30,1.000000,0.7470,9.4200,8.4033,10.4367,1.4363,-0.3789,需更乐观假设才支撑,17.5808,1.4363,
000022,2006-07-17,13.5200,2006-03-31,2006-04-30,1.000000,0.7470,9.4200,8.4033,10.4367,1.4352,-0.3785,需更乐观假设才支撑,17.5808,1.4352,
000022,2006-07-18,13.8000,2006-03-31,2006-04-30,1.000000,0.7470,9.4200,8.4033,10.4367,1.4650,-0.3911,需更乐观假设才支撑,17.5808,1.4650,
000022,2006-07-19,13.5400,2006-03-31,2006-04-30,1.000000,0.7470,9.4200,8.4033,10.4367,1.4374,-0.3794,需更乐观假设才支撑,17.5808,1.4374,
000022,2006-07-20,13.7100,2006-03-31,2006-04-30,1.000000,0.7470,9.4200,8.4033,10.4367,1.4554,-0.3871,需更乐观假设才支撑,17.5808,1.4554,
000022,2006-07-21,13.7100,2006-03-31,2006-04-30,1.000000,0.7470,9.4200,8.4033,10.4367,1.4554,-0.3871,需更乐观假设才支撑,17.5808,1.4554,
000022,2006-07-24,13.5200,2006-03-31,2006-04-30,1.000000,0.7470,9.4200,8.4033,10.4367,1.4352,-0.3785,需更乐观假设才支撑,17.5808,1.4352,
000022,2006-07-25,13.6800,2006-03-31,2006-04-30,1.000000,0.7470,9.4200,8.4033,10.4367,1.4522,-0.3857,需更乐观假设才支撑,17.5808,1.4522,
000022,2006-07-26,13.6600,2006-03-31,2006-04-30,1.000000,0.7470,9.4200,8.4033,10.4367,1.4501,-0.3848,需更乐观假设才支撑,17.5808,1.4501,
000022,2006-07-27,13.5600,2006-03-31,2006-04-30,1.000000,0.7470,9.4200,8.4033,10.4367,1.4395,-0.3803,需更乐观假设才支撑,17.5808,1.4395,
000022,2006-07-28,13.3100,2006-03-31,2006-04-30,1.000000,0.7470,9.4200,8.4033,10.4367,1.4130,-0.3686,需更乐观假设才支撑,17.5808,1.4130,
000022,2006-07-31,12.7900,2006-03-31,2006-04-30,1.000000,0.7470,9.4200,8.4033,10.4367,1.3578,-0.3430,需更乐观假设才支撑,17.5808,1.3578,
000022,2006-08-01,12.6200,2006-03-31,2006-04-30,1.000000,0.7470,9.4200,8.4033,10.4367,1.3397,-0.3341,需更乐观假设才支撑,17.5808,1.3397,
000022,2006-08-02,12.5200,2006-03-31,2006-04-30,1.000000,0.7470,9.4200,8.4033,10.4367,1.3291,-0.3288,需更乐观假设才支撑,17.5808,1.3291,
000022,2006-08-03,12.4300,2006-03-31,2006-04-30,1.000000,0.7470,9.4200,8.4033,10.4367,1.3195,-0.3240,需更乐观假设才支撑,17.5808,1.3195,
000022,2006-08-04,12.4800,2006-03-31,2006-04-30,1.000000,0.7470,9.4200,8.4033,10.4367,1.3248,-0.3267,需更乐观假设才支撑,17.5808,1.3248,
000022,2006-08-07,12.5700,2006-03-31,2006-04-30,1.000000,0.7470,9.4200,8.4033,10.4367,1.3344,-0.3315,需更乐观假设才支撑,17.5808,1.3344,
000022,2006-08-08,12.8400,2006-03-31,2006-04-30,1.000000,0.7470,9.4200,8.4033,10.4367,1.3631,-0.3455,需更乐观假设才支撑,17.5808,1.3631,
000022,2006-08-09,12.9300,2006-03-31,2006-04-30,1.000000,0.7470,9.4200,8.4033,10.4367,1.3726,-0.3501,需更乐观假设才支撑,17.5808,1.3726,
000022,2006-08-10,12.9300,2006-03-31,2006-04-30,1.000000,0.7470,9.4200,8.4033,10.4367,1.3726,-0.3501,需更乐观假设才支撑,17.5808,1.3726,
000022,2006-08-11,12.8500,2006-03-31,2006-04-30,1.000000,0.7470,9.4200,8.4033,10.4367,1.3641,-0.3460,需更乐观假设才支撑,17.5808,1.3641,
000022,2006-08-14,12.5400,2006-03-31,2006-04-30,1.000000,0.7470,9.4200,8.4033,10.4367,1.3312,-0.3299,需更乐观假设才支撑,17.5808,1.3312,
000022,2006-08-15,12.7700,2006-03-31,2006-04-30,1.000000,0.7470,9.4200,8.4033,10.4367,1.3556,-0.3420,需更乐观假设才支撑,17.5808,1.3556,
000022,2006-08-16,12.8600,2006-03-31,2006-04-30,1.000000,0.7470,9.4200,8.4033,10.4367,1.3652,-0.3466,需更乐观假设才支撑,17.5808,1.3652,
000022,2006-08-17,12.8100,2006-03-31,2006-04-30,1.000000,0.7470,9.4200,8.4033,10.4367,1.3599,-0.3440,需更乐观假设才支撑,17.5808,1.3599,
000022,2006-08-18,12.7400,2006-03-31,2006-04-30,1.000000,0.7470,9.4200,8.4033,10.4367,1.3524,-0.3404,需更乐观假设才支撑,17.5808,1.3524,
000022,2006-08-21,12.6400,2006-03-31,2006-04-30,1.000000,0.7470,9.4200,8.4033,10.4367,1.3418,-0.3352,需更乐观假设才支撑,17.5808,1.3418,
000022,2006-08-22,12.8500,2006-03-31,2006-04-30,1.000000,0.7470,9.4200,8.4033,10.4367,1.3641,-0.3460,需更乐观假设才支撑,17.5808,1.3641,
000022,2006-08-23,12.8200,2006-03-31,2006-04-30,1.000000,0.7470,9.4200,8.4033,10.4367,1.3609,-0.3445,需更乐观假设才支撑,17.5808,1.3609,
000022,2006-08-24,12.8000,2006-03-31,2006-04-30,1.000000,0.7470,9.4200,8.4033,10.4367,1.3588,-0.3435,需更乐观假设才支撑,17.5808,1.3588,
000022,2006-08-25,12.8000,2006-03-31,2006-04-30,1.000000,0.7470,9.4200,8.4033,10.4367,1.3588,-0.3435,需更乐观假设才支撑,17.5808,1.3588,
000022,2006-08-28,13.1000,2006-03-31,2006-04-30,1.000000,0.7470,9.4200,8.4033,10.4367,1.3907,-0.3585,需更乐观假设才支撑,17.5808,1.3907,
000022,2006-08-29,13.1800,2006-03-31,2006-04-30,1.000000,0.7470,9.4200,8.4033,10.4367,1.3992,-0.3624,需更乐观假设才支撑,17.5808,1.3992,
000022,2006-08-30,13.1200,2006-06-30,2006-08-31,1.000000,0.0000,8.7682,7.8913,9.6450,1.4963,-0.3985,需更乐观假设才支撑,15.1624,1.4963,
000022,2006-08-31,13.0600,2006-06-30,2006-08-31,1.000000,0.0000,8.7682,7.8913,9.6450,1.4895,-0.3958,需更乐观假设才支撑,15.1624,1.4895,
000022,2006-09-01,12.8800,2006-06-30,2006-08-31,1.000000,0.0000,8.7682,7.8913,9.6450,1.4690,-0.3873,需更乐观假设才支撑,15.1624,1.4690,
000022,2006-09-04,12.9500,2006-06-30,2006-08-31,1.000000,0.0000,8.7682,7.8913,9.6450,1.4769,-0.3906,需更乐观假设才支撑,15.1624,1.4769,
000022,2006-09-05,12.9300,2006-06-30,2006-08-31,1.000000,0.0000,8.7682,7.8913,9.6450,1.4747,-0.3897,需更乐观假设才支撑,15.1624,1.4747,
000022,2006-09-06,12.9600,2006-06-30,2006-08-31,1.000000,0.0000,8.7682,7.8913,9.6450,1.4781,-0.3911,需更乐观假设才支撑,15.1624,1.4781,
000022,2006-09-07,12.8200,2006-06-30,2006-08-31,1.000000,0.0000,8.7682,7.8913,9.6450,1.4621,-0.3845,需更乐观假设才支撑,15.1624,1.4621,
000022,2006-09-08,12.8800,2006-06-30,2006-08-31,1.000000,0.0000,8.7682,7.8913,9.6450,1.4690,-0.3873,需更乐观假设才支撑,15.1624,1.4690,
000022,2006-09-11,12.7900,2006-06-30,2006-08-31,1.000000,0.0000,8.7682,7.8913,9.6450,1.4587,-0.3830,需更乐观假设才支撑,15.1624,1.4587,
000022,2006-09-12,13.0000,2006-06-30,2006-08-31,1.000000,0.0000,8.7682,7.8913,9.6450,1.4826,-0.3930,需更乐观假设才支撑,15.1624,1.4826,
000022,2006-09-13,12.9100,2006-06-30,2006-08-31,1.000000,0.0000,8.7682,7.8913,9.6450,1.4724,-0.3887,需更乐观假设才支撑,15.1624,1.4724,
000022,2006-09-14,12.8000,2006-06-30,2006-08-31,1.000000,0.0000,8.7682,7.8913,9.6450,1.4598,-0.3835,需更乐观假设才支撑,15.1624,1.4598,
000022,2006-09-15,13.0000,2006-06-30,2006-08-31,1.000000,0.0000,8.7682,7.8913,9.6450,1.4826,-0.3930,需更乐观假设才支撑,15.1624,1.4826,
000022,2006-09-18,13.1500,2006-06-30,2006-08-31,1.000000,0.0000,8.7682,7.8913,9.6450,1.4997,-0.3999,需更乐观假设才支撑,15.1624,1.4997,
000022,2006-09-19,13.2200,2006-06-30,2006-08-31,1.000000,0.0000,8.7682,7.8913,9.6450,1.5077,-0.4031,需更乐观假设才支撑,15.1624,1.5077,
000022,2006-09-20,13.1900,2006-06-30,2006-08-31,1.000000,0.0000,8.7682,7.8913,9.6450,1.5043,-0.4017,需更乐观假设才支撑,15.1624,1.5043,
000022,2006-09-21,13.1900,2006-06-30,2006-08-31,1.000000,0.0000,8.7682,7.8913,9.6450,1.5043,-0.4017,需更乐观假设才支撑,15.1624,1.5043,
000022,2006-09-22,13.0800,2006-06-30,2006-08-31,1.000000,0.0000,8.7682,7.8913,9.6450,1.4918,-0.3967,需更乐观假设才支撑,15.1624,1.4918,
000022,2006-09-25,13.0400,2006-06-30,2006-08-31,1.000000,0.0000,8.7682,7.8913,9.6450,1.4872,-0.3948,需更乐观假设才支撑,15.1624,1.4872,
000022,2006-09-26,13.0400,2006-06-30,2006-08-31,1.000000,0.0000,8.7682,7.8913,9.6450,1.4872,-0.3948,需更乐观假设才支撑,15.1624,1.4872,
000022,2006-09-27,13.1000,2006-06-30,2006-08-31,1.000000,0.0000,8.7682,7.8913,9.6450,1.4940,-0.3976,需更乐观假设才支撑,15.1624,1.4940,
000022,2006-09-28,13.2300,2006-06-30,2006-08-31,1.000000,0.0000,8.7682,7.8913,9.6450,1.5089,-0.4035,需更乐观假设才支撑,15.1624,1.5089,
000022,2006-09-29,13.4000,2006-06-30,2006-08-31,1.000000,0.0000,8.7682,7.8913,9.6450,1.5283,-0.4111,需更乐观假设才支撑,15.1624,1.5283,
000022,2006-10-09,13.4400,2006-06-30,2006-08-31,1.000000,0.0000,8.7682,7.8913,9.6450,1.5328,-0.4128,需更乐观假设才支撑,15.1624,1.5328,
000022,2006-10-10,13.2600,2006-06-30,2006-08-31,1.000000,0.0000,8.7682,7.8913,9.6450,1.5123,-0.4049,需更乐观假设才支撑,15.1624,1.5123,
000022,2006-10-11,13.3000,2006-06-30,2006-08-31,1.000000,0.0000,8.7682,7.8913,9.6450,1.5169,-0.4067,需更乐观假设才支撑,15.1624,1.5169,
000022,2006-10-12,13.3600,2006-06-30,2006-08-31,1.000000,0.0000,8.7682,7.8913,9.6450,1.5237,-0.4093,需更乐观假设才支撑,15.1624,1.5237,
000022,2006-10-13,13.3400,2006-06-30,2006-08-31,1.000000,0.0000,8.7682,7.8913,9.6450,1.5214,-0.4084,需更乐观假设才支撑,15.1624,1.5214,
000022,2006-10-16,13.1300,2006-06-30,2006-08-31,1.000000,0.0000,8.7682,7.8913,9.6450,1.4975,-0.3990,需更乐观假设才支撑,15.1624,1.4975,
000022,2006-10-17,13.0700,2006-06-30,2006-08-31,1.000000,0.0000,8.7682,7.8913,9.6450,1.4906,-0.3962,需更乐观假设才支撑,15.1624,1.4906,
000022,2006-10-18,13.2000,2006-06-30,2006-08-31,1.000000,0.0000,8.7682,7.8913,9.6450,1.5054,-0.4022,需更乐观假设才支撑,15.1624,1.5054,
000022,2006-10-19,13.4100,2006-06-30,2006-08-31,1.000000,0.0000,8.7682,7.8913,9.6450,1.5294,-0.4115,需更乐观假设才支撑,15.1624,1.5294,
000022,2006-10-20,13.3000,2006-06-30,2006-08-31,1.000000,0.0000,8.7682,7.8913,9.6450,1.5169,-0.4067,需更乐观假设才支撑,15.1624,1.5169,
000022,2006-10-23,13.0500,2006-06-30,2006-08-31,1.000000,0.0000,8.7682,7.8913,9.6450,1.4883,-0.3953,需更乐观假设才支撑,15.1624,1.4883,
000022,2006-10-24,13.2400,2006-06-30,2006-08-31,1.000000,0.0000,8.7682,7.8913,9.6450,1.5100,-0.4040,需更乐观假设才支撑,15.1624,1.5100,
000022,2006-10-25,13.4400,2006-06-30,2006-08-31,1.000000,0.0000,8.7682,7.8913,9.6450,1.5328,-0.4128,需更乐观假设才支撑,15.1624,1.5328,
000022,2006-10-26,13.6100,2006-06-30,2006-08-31,1.000000,0.0000,8.7682,7.8913,9.6450,1.5522,-0.4202,需更乐观假设才支撑,15.1624,1.5522,
000022,2006-10-27,13.7100,2006-06-30,2006-08-31,1.000000,0.0000,8.7682,7.8913,9.6450,1.5636,-0.4244,需更乐观假设才支撑,15.1624,1.5636,
000022,2006-10-30,14.0000,2006-09-30,2006-10-31,1.000000,0.0000,9.5574,8.6017,10.5131,1.4648,-0.3856,需更乐观假设才支撑,16.5294,1.4648,
000022,2006-10-31,13.9500,2006-09-30,2006-10-31,1.000000,0.0000,9.5574,8.6017,10.5131,1.4596,-0.3834,需更乐观假设才支撑,16.5294,1.4596,
000022,2006-11-01,14.2100,2006-09-30,2006-10-31,1.000000,0.0000,9.5574,8.6017,10.5131,1.4868,-0.3947,需更乐观假设才支撑,16.5294,1.4868,
000022,2006-11-02,13.9200,2006-09-30,2006-10-31,1.000000,0.0000,9.5574,8.6017,10.5131,1.4565,-0.3821,需更乐观假设才支撑,16.5294,1.4565,
000022,2006-11-03,13.8900,2006-09-30,2006-10-31,1.000000,0.0000,9.5574,8.6017,10.5131,1.4533,-0.3807,需更乐观假设才支撑,16.5294,1.4533,
000022,2006-11-06,14.1200,2006-09-30,2006-10-31,1.000000,0.0000,9.5574,8.6017,10.5131,1.4774,-0.3908,需更乐观假设才支撑,16.5294,1.4774,
000022,2006-11-07,14.7800,2006-09-30,2006-10-31,1.000000,0.0000,9.5574,8.6017,10.5131,1.5464,-0.4180,需更乐观假设才支撑,16.5294,1.5464,
000022,2006-11-08,14.4600,2006-09-30,2006-10-31,1.000000,0.0000,9.5574,8.6017,10.5131,1.5130,-0.4051,需更乐观假设才支撑,16.5294,1.5130,
000022,2006-11-09,14.5500,2006-09-30,2006-10-31,1.000000,0.0000,9.5574,8.6017,10.5131,1.5224,-0.4088,需更乐观假设才支撑,16.5294,1.5224,
000022,2006-11-10,14.1500,2006-09-30,2006-10-31,1.000000,0.0000,9.5574,8.6017,10.5131,1.4805,-0.3921,需更乐观假设才支撑,16.5294,1.4805,
000022,2006-11-13,13.8600,2006-09-30,2006-10-31,1.000000,0.0000,9.5574,8.6017,10.5131,1.4502,-0.3794,需更乐观假设才支撑,16.5294,1.4502,
000022,2006-11-14,13.9000,2006-09-30,2006-10-31,1.000000,0.0000,9.5574,8.6017,10.5131,1.4544,-0.3812,需更乐观假设才支撑,16.5294,1.4544,
000022,2006-11-15,14.0100,2006-09-30,2006-10-31,1.000000,0.0000,9.5574,8.6017,10.5131,1.4659,-0.3860,需更乐观假设才支撑,16.5294,1.4659,
000022,2006-11-16,13.7800,2006-09-30,2006-10-31,1.000000,0.0000,9.5574,8.6017,10.5131,1.4418,-0.3758,需更乐观假设才支撑,16.5294,1.4418,
000022,2006-11-17,14.0000,2006-09-30,2006-10-31,1.000000,0.0000,9.5574,8.6017,10.5131,1.4648,-0.3856,需更乐观假设才支撑,16.5294,1.4648,
000022,2006-11-20,14.4200,2006-09-30,2006-10-31,1.000000,0.0000,9.5574,8.6017,10.5131,1.5088,-0.4035,需更乐观假设才支撑,16.5294,1.5088,
000022,2006-11-21,14.3900,2006-09-30,2006-10-31,1.000000,0.0000,9.5574,8.6017,10.5131,1.5056,-0.4022,需更乐观假设才支撑,16.5294,1.5056,
000022,2006-11-22,14.7000,2006-09-30,2006-10-31,1.000000,0.0000,9.5574,8.6017,10.5131,1.5381,-0.4149,需更乐观假设才支撑,16.5294,1.5381,
000022,2006-11-23,14.5000,2006-09-30,2006-10-31,1.000000,0.0000,9.5574,8.6017,10.5131,1.5171,-0.4068,需更乐观假设才支撑,16.5294,1.5171,
000022,2006-11-24,14.5100,2006-09-30,2006-10-31,1.000000,0.0000,9.5574,8.6017,10.5131,1.5182,-0.4072,需更乐观假设才支撑,16.5294,1.5182,
000022,2006-11-27,14.6700,2006-09-30,2006-10-31,1.000000,0.0000,9.5574,8.6017,10.5131,1.5349,-0.4137,需更乐观假设才支撑,16.5294,1.5349,
000022,2006-11-28,14.5200,2006-09-30,2006-10-31,1.000000,0.0000,9.5574,8.6017,10.5131,1.5192,-0.4076,需更乐观假设才支撑,16.5294,1.5192,
000022,2006-11-29,14.4600,2006-09-30,2006-10-31,1.000000,0.0000,9.5574,8.6017,10.5131,1.5130,-0.4051,需更乐观假设才支撑,16.5294,1.5130,
000022,2006-11-30,14.6700,2006-09-30,2006-10-31,1.000000,0.0000,9.5574,8.6017,10.5131,1.5349,-0.4137,需更乐观假设才支撑,16.5294,1.5349,
000022,2006-12-01,15.0700,2006-09-30,2006-10-31,1.000000,0.0000,9.5574,8.6017,10.5131,1.5768,-0.4292,需更乐观假设才支撑,16.5294,1.5768,
000022,2006-12-04,15.6500,2006-09-30,2006-10-31,1.000000,0.0000,9.5574,8.6017,10.5131,1.6375,-0.4504,需更乐观假设才支撑,16.5294,1.6375,
000022,2006-12-05,15.8400,2006-09-30,2006-10-31,1.000000,0.0000,9.5574,8.6017,10.5131,1.6574,-0.4570,需更乐观假设才支撑,16.5294,1.6574,
000022,2006-12-06,15.5800,2006-09-30,2006-10-31,1.000000,0.0000,9.5574,8.6017,10.5131,1.6302,-0.4479,需更乐观假设才支撑,16.5294,1.6302,
000022,2006-12-07,15.8500,2006-09-30,2006-10-31,1.000000,0.0000,9.5574,8.6017,10.5131,1.6584,-0.4573,需更乐观假设才支撑,16.5294,1.6584,
000022,2006-12-08,15.1000,2006-09-30,2006-10-31,1.000000,0.0000,9.5574,8.6017,10.5131,1.5799,-0.4304,需更乐观假设才支撑,16.5294,1.5799,
000022,2006-12-11,15.6000,2006-09-30,2006-10-31,1.000000,0.0000,9.5574,8.6017,10.5131,1.6322,-0.4486,需更乐观假设才支撑,16.5294,1.6322,
000022,2006-12-12,15.4000,2006-09-30,2006-10-31,1.000000,0.0000,9.5574,8.6017,10.5131,1.6113,-0.4415,需更乐观假设才支撑,16.5294,1.6113,
000022,2006-12-13,15.2300,2006-09-30,2006-10-31,1.000000,0.0000,9.5574,8.6017,10.5131,1.5935,-0.4352,需更乐观假设才支撑,16.5294,1.5935,
000022,2006-12-14,15.8500,2006-09-30,2006-10-31,1.000000,0.0000,9.5574,8.6017,10.5131,1.6584,-0.4573,需更乐观假设才支撑,16.5294,1.6584,
000022,2006-12-15,16.4100,2006-09-30,2006-10-31,1.000000,0.0000,9.5574,8.6017,10.5131,1.7170,-0.4758,需更乐观假设才支撑,16.5294,1.7170,
000022,2006-12-18,17.0000,2006-09-30,2006-10-31,1.000000,0.0000,9.5574,8.6017,10.5131,1.7787,-0.4940,需更乐观假设才支撑,16.5294,1.7787,
000022,2006-12-19,17.8900,2006-09-30,2006-10-31,1.000000,0.0000,9.5574,8.6017,10.5131,1.8718,-0.5192,需更乐观假设才支撑,16.5294,1.8718,
000022,2006-12-20,17.9300,2006-09-30,2006-10-31,1.000000,0.0000,9.5574,8.6017,10.5131,1.8760,-0.5203,需更乐观假设才支撑,16.5294,1.8760,
000022,2006-12-21,18.1000,2006-09-30,2006-10-31,1.000000,0.0000,9.5574,8.6017,10.5131,1.8938,-0.5248,需更乐观假设才支撑,16.5294,1.8938,
000022,2006-12-22,17.8000,2006-09-30,2006-10-31,1.000000,0.0000,9.5574,8.6017,10.5131,1.8624,-0.5168,需更乐观假设才支撑,16.5294,1.8624,
000022,2006-12-25,17.4800,2006-09-30,2006-10-31,1.000000,0.0000,9.5574,8.6017,10.5131,1.8289,-0.5079,需更乐观假设才支撑,16.5294,1.8289,
000022,2006-12-26,17.3300,2006-09-30,2006-10-31,1.000000,0.0000,9.5574,8.6017,10.5131,1.8133,-0.5037,需更乐观假设才支撑,16.5294,1.8133,
000022,2006-12-27,18.5000,2006-09-30,2006-10-31,1.000000,0.0000,9.5574,8.6017,10.5131,1.9357,-0.5350,需更乐观假设才支撑,16.5294,1.9357,
000022,2006-12-28,18.0100,2006-09-30,2006-10-31,1.000000,0.0000,9.5574,8.6017,10.5131,1.8844,-0.5224,需更乐观假设才支撑,16.5294,1.8844,
000022,2006-12-29,18.3100,2006-09-30,2006-10-31,1.000000,0.0000,9.5574,8.6017,10.5131,1.9158,-0.5302,需更乐观假设才支撑,16.5294,1.9158,
000022,2007-01-04,17.6900,2006-09-30,2006-10-31,1.000000,0.0000,9.5574,8.6017,10.5131,1.8509,-0.5138,需更乐观假设才支撑,16.5294,1.8509,
000022,2007-01-05,17.3500,2006-09-30,2006-10-31,1.000000,0.0000,9.5574,8.6017,10.5131,1.8153,-0.5042,需更乐观假设才支撑,16.5294,1.8153,
000022,2007-01-08,17.8500,2006-09-30,2006-10-31,1.000000,0.0000,9.5574,8.6017,10.5131,1.8677,-0.5181,需更乐观假设才支撑,16.5294,1.8677,
000022,2007-01-09,18.4400,2006-09-30,2006-10-31,1.000000,0.0000,9.5574,8.6017,10.5131,1.9294,-0.5335,需更乐观假设才支撑,16.5294,1.9294,
000022,2007-01-10,18.5600,2006-09-30,2006-10-31,1.000000,0.0000,9.5574,8.6017,10.5131,1.9420,-0.5365,需更乐观假设才支撑,16.5294,1.9420,
000022,2007-01-11,19.0200,2006-09-30,2006-10-31,1.000000,0.0000,9.5574,8.6017,10.5131,1.9901,-0.5478,需更乐观假设才支撑,16.5294,1.9901,
000022,2007-01-12,18.0100,2006-09-30,2006-10-31,1.000000,0.0000,9.5574,8.6017,10.5131,1.8844,-0.5224,需更乐观假设才支撑,16.5294,1.8844,
000022,2007-01-15,19.1200,2006-09-30,2006-10-31,1.000000,0.0000,9.5574,8.6017,10.5131,2.0005,-0.5501,需更乐观假设才支撑,16.5294,2.0005,
000022,2007-01-16,19.2800,2006-09-30,2006-10-31,1.000000,0.0000,9.5574,8.6017,10.5131,2.0173,-0.5539,需更乐观假设才支撑,16.5294,2.0173,
000022,2007-01-17,18.4100,2006-09-30,2006-10-31,1.000000,0.0000,9.5574,8.6017,10.5131,1.9263,-0.5328,需更乐观假设才支撑,16.5294,1.9263,
000022,2007-01-18,18.0000,2006-09-30,2006-10-31,1.000000,0.0000,9.5574,8.6017,10.5131,1.8834,-0.5221,需更乐观假设才支撑,16.5294,1.8834,
000022,2007-01-19,19.0000,2006-09-30,2006-10-31,1.000000,0.0000,9.5574,8.6017,10.5131,1.9880,-0.5473,需更乐观假设才支撑,16.5294,1.9880,
000022,2007-01-22,20.4100,2006-09-30,2006-10-31,1.000000,0.0000,9.5574,8.6017,10.5131,2.1355,-0.5786,需更乐观假设才支撑,16.5294,2.1355,
000022,2007-01-23,19.9500,2006-09-30,2006-10-31,1.000000,0.0000,9.5574,8.6017,10.5131,2.0874,-0.5688,需更乐观假设才支撑,16.5294,2.0874,
000022,2007-01-24,20.0800,2006-09-30,2006-10-31,1.000000,0.0000,9.5574,8.6017,10.5131,2.1010,-0.5716,需更乐观假设才支撑,16.5294,2.1010,
000022,2007-01-25,19.9000,2006-09-30,2006-10-31,1.000000,0.0000,9.5574,8.6017,10.5131,2.0822,-0.5678,需更乐观假设才支撑,16.5294,2.0822,
000022,2007-01-26,19.5000,2006-09-30,2006-10-31,1.000000,0.0000,9.5574,8.6017,10.5131,2.0403,-0.5589,需更乐观假设才支撑,16.5294,2.0403,
000022,2007-01-29,19.6400,2006-09-30,2006-10-31,1.000000,0.0000,9.5574,8.6017,10.5131,2.0550,-0.5620,需更乐观假设才支撑,16.5294,2.0550,
000022,2007-01-30,19.6000,2006-09-30,2006-10-31,1.000000,0.0000,9.5574,8.6017,10.5131,2.0508,-0.5611,需更乐观假设才支撑,16.5294,2.0508,
000022,2007-01-31,19.0000,2006-09-30,2006-10-31,1.000000,0.0000,9.5574,8.6017,10.5131,1.9880,-0.5473,需更乐观假设才支撑,16.5294,1.9880,
000022,2007-02-01,18.5200,2006-09-30,2006-10-31,1.000000,0.0000,9.5574,8.6017,10.5131,1.9378,-0.5355,需更乐观假设才支撑,16.5294,1.9378,
000022,2007-02-02,18.1000,2006-09-30,2006-10-31,1.000000,0.0000,9.5574,8.6017,10.5131,1.8938,-0.5248,需更乐观假设才支撑,16.5294,1.8938,
000022,2007-02-05,18.1100,2006-09-30,2006-10-31,1.000000,0.0000,9.5574,8.6017,10.5131,1.8949,-0.5250,需更乐观假设才支撑,16.5294,1.8949,
000022,2007-02-06,19.0000,2006-09-30,2006-10-31,1.000000,0.0000,9.5574,8.6017,10.5131,1.9880,-0.5473,需更乐观假设才支撑,16.5294,1.9880,
000022,2007-02-07,18.9500,2006-09-30,2006-10-31,1.000000,0.0000,9.5574,8.6017,10.5131,1.9828,-0.5461,需更乐观假设才支撑,16.5294,1.9828,
000022,2007-02-08,20.2000,2006-09-30,2006-10-31,1.000000,0.0000,9.5574,8.6017,10.5131,2.1135,-0.5742,需更乐观假设才支撑,16.5294,2.1135,
000022,2007-02-09,20.3800,2006-09-30,2006-10-31,1.000000,0.0000,9.5574,8.6017,10.5131,2.1324,-0.5779,需更乐观假设才支撑,16.5294,2.1324,
000022,2007-02-12,20.5200,2006-09-30,2006-10-31,1.000000,0.0000,9.5574,8.6017,10.5131,2.1470,-0.5808,需更乐观假设才支撑,16.5294,2.1470,
000022,2007-02-13,20.7000,2006-09-30,2006-10-31,1.000000,0.0000,9.5574,8.6017,10.5131,2.1659,-0.5845,需更乐观假设才支撑,16.5294,2.1659,
000022,2007-02-14,21.3000,2006-09-30,2006-10-31,1.000000,0.0000,9.5574,8.6017,10.5131,2.2286,-0.5962,需更乐观假设才支撑,16.5294,2.2286,
000022,2007-02-15,21.7900,2006-09-30,2006-10-31,1.000000,0.0000,9.5574,8.6017,10.5131,2.2799,-0.6052,需更乐观假设才支撑,16.5294,2.2799,
000022,2007-02-16,21.5000,2006-09-30,2006-10-31,1.000000,0.0000,9.5574,8.6017,10.5131,2.2496,-0.5999,需更乐观假设才支撑,16.5294,2.2496,
000022,2007-02-26,21.2900,2006-09-30,2006-10-31,1.000000,0.0000,9.5574,8.6017,10.5131,2.2276,-0.5960,需更乐观假设才支撑,16.5294,2.2276,
000022,2007-02-27,19.1600,2006-09-30,2006-10-31,1.000000,0.0000,9.5574,8.6017,10.5131,2.0047,-0.5511,需更乐观假设才支撑,16.5294,2.0047,
000022,2007-02-28,19.6000,2006-09-30,2006-10-31,1.000000,0.0000,9.5574,8.6017,10.5131,2.0508,-0.5611,需更乐观假设才支撑,16.5294,2.0508,
000022,2007-03-01,18.7500,2006-09-30,2006-10-31,1.000000,0.0000,9.5574,8.6017,10.5131,1.9618,-0.5412,需更乐观假设才支撑,16.5294,1.9618,
000022,2007-03-02,19.0000,2006-09-30,2006-10-31,1.000000,0.0000,9.5574,8.6017,10.5131,1.9880,-0.5473,需更乐观假设才支撑,16.5294,1.9880,
000022,2007-03-05,18.8000,2006-09-30,2006-10-31,1.000000,0.0000,9.5574,8.6017,10.5131,1.9671,-0.5425,需更乐观假设才支撑,16.5294,1.9671,
000022,2007-03-06,19.1000,2006-09-30,2006-10-31,1.000000,0.0000,9.5574,8.6017,10.5131,1.9985,-0.5497,需更乐观假设才支撑,16.5294,1.9985,
000022,2007-03-07,19.5000,2006-09-30,2006-10-31,1.000000,0.0000,9.5574,8.6017,10.5131,2.0403,-0.5589,需更乐观假设才支撑,16.5294,2.0403,
000022,2007-03-08,19.9300,2006-09-30,2006-10-31,1.000000,0.0000,9.5574,8.6017,10.5131,2.0853,-0.5684,需更乐观假设才支撑,16.5294,2.0853,
000022,2007-03-09,19.8000,2006-09-30,2006-10-31,1.000000,0.0000,9.5574,8.6017,10.5131,2.0717,-0.5656,需更乐观假设才支撑,16.5294,2.0717,
000022,2007-03-12,20.7400,2006-09-30,2006-10-31,1.000000,0.0000,9.5574,8.6017,10.5131,2.1700,-0.5853,需更乐观假设才支撑,16.5294,2.1700,
000022,2007-03-13,21.0000,2006-09-30,2006-10-31,1.000000,0.0000,9.5574,8.6017,10.5131,2.1973,-0.5904,需更乐观假设才支撑,16.5294,2.1973,
000022,2007-03-14,20.3500,2006-09-30,2006-10-31,1.000000,0.0000,9.5574,8.6017,10.5131,2.1292,-0.5773,需更乐观假设才支撑,16.5294,2.1292,
000022,2007-03-15,20.4500,2006-09-30,2006-10-31,1.000000,0.0000,9.5574,8.6017,10.5131,2.1397,-0.5794,需更乐观假设才支撑,16.5294,2.1397,
000022,2007-03-16,19.7200,2006-09-30,2006-10-31,1.000000,0.0000,9.5574,8.6017,10.5131,2.0633,-0.5638,需更乐观假设才支撑,16.5294,2.0633,
000022,2007-03-19,20.0100,2006-09-30,2006-10-31,1.000000,0.0000,9.5574,8.6017,10.5131,2.0937,-0.5701,需更乐观假设才支撑,16.5294,2.0937,
000022,2007-03-20,20.4000,2006-09-30,2006-10-31,1.000000,0.0000,9.5574,8.6017,10.5131,2.1345,-0.5784,需更乐观假设才支撑,16.5294,2.1345,
000022,2007-03-21,20.3100,2006-09-30,2006-10-31,1.000000,0.0000,9.5574,8.6017,10.5131,2.1251,-0.5765,需更乐观假设才支撑,16.5294,2.1251,
000022,2007-03-22,20.7900,2006-09-30,2006-10-31,1.000000,0.0000,9.5574,8.6017,10.5131,2.1753,-0.5863,需更乐观假设才支撑,16.5294,2.1753,
000022,2007-03-23,20.6500,2006-09-30,2006-10-31,1.000000,0.0000,9.5574,8.6017,10.5131,2.1606,-0.5835,需更乐观假设才支撑,16.5294,2.1606,
000022,2007-03-26,21.3800,2006-09-30,2006-10-31,1.000000,0.0000,9.5574,8.6017,10.5131,2.2370,-0.5977,需更乐观假设才支撑,16.5294,2.2370,
000022,2007-03-27,21.9500,2006-09-30,2006-10-31,1.000000,0.0000,9.5574,8.6017,10.5131,2.2967,-0.6081,需更乐观假设才支撑,16.5294,2.2967,
000022,2007-03-28,22.9200,2006-09-30,2006-10-31,1.000000,0.0000,9.5574,8.6017,10.5131,2.3981,-0.6247,需更乐观假设才支撑,16.5294,2.3981,
000022,2007-03-29,24.1200,2006-09-30,2006-10-31,1.000000,0.0000,9.5574,8.6017,10.5131,2.5237,-0.6434,需更乐观假设才支撑,16.5294,2.5237,
000022,2007-03-30,23.9200,2006-09-30,2006-10-31,1.000000,0.0000,9.5574,8.6017,10.5131,2.5028,-0.6404,需更乐观假设才支撑,16.5294,2.5028,
000022,2007-04-02,24.0600,2006-09-30,2006-10-31,1.000000,0.0000,9.5574,8.6017,10.5131,2.5174,-0.6425,需更乐观假设才支撑,16.5294,2.5174,
000022,2007-04-03,24.0200,2006-09-30,2006-10-31,1.000000,0.0000,9.5574,8.6017,10.5131,2.5132,-0.6419,需更乐观假设才支撑,16.5294,2.5132,
000022,2007-04-04,23.2700,2006-09-30,2006-10-31,1.000000,0.0000,9.5574,8.6017,10.5131,2.4348,-0.6304,需更乐观假设才支撑,16.5294,2.4348,
000022,2007-04-05,23.8000,2006-09-30,2006-10-31,1.000000,0.0000,9.5574,8.6017,10.5131,2.4902,-0.6386,需更乐观假设才支撑,16.5294,2.4902,
000022,2007-04-06,23.4900,2006-09-30,2006-10-31,1.000000,0.0000,9.5574,8.6017,10.5131,2.4578,-0.6338,需更乐观假设才支撑,16.5294,2.4578,
000022,2007-04-09,24.0600,2006-09-30,2006-10-31,1.000000,0.0000,9.5574,8.6017,10.5131,2.5174,-0.6425,需更乐观假设才支撑,16.5294,2.5174,
000022,2007-04-10,24.6300,2006-09-30,2006-10-31,1.000000,0.0000,9.5574,8.6017,10.5131,2.5771,-0.6508,需更乐观假设才支撑,16.5294,2.5771,
000022,2007-04-11,24.7200,2006-09-30,2006-10-31,1.000000,0.0000,9.5574,8.6017,10.5131,2.5865,-0.6520,需更乐观假设才支撑,16.5294,2.5865,
000022,2007-04-12,24.6000,2006-09-30,2006-10-31,1.000000,0.0000,9.5574,8.6017,10.5131,2.5739,-0.6503,需更乐观假设才支撑,16.5294,2.5739,
000022,2007-04-13,24.2000,2006-09-30,2006-10-31,1.000000,0.0000,9.5574,8.6017,10.5131,2.5321,-0.6446,需更乐观假设才支撑,16.5294,2.5321,
000022,2007-04-16,24.5300,2006-09-30,2006-10-31,1.000000,0.0000,9.5574,8.6017,10.5131,2.5666,-0.6493,需更乐观假设才支撑,16.5294,2.5666,
000022,2007-04-17,26.9800,2006-09-30,2006-10-31,1.000000,0.0000,9.5574,8.6017,10.5131,2.8229,-0.6812,需更乐观假设才支撑,16.5294,2.8229,
000022,2007-04-18,27.2000,2006-09-30,2006-10-31,1.000000,0.0000,9.5574,8.6017,10.5131,2.8460,-0.6838,需更乐观假设才支撑,16.5294,2.8460,
000022,2007-04-19,24.8000,2006-09-30,2006-10-31,1.000000,0.0000,9.5574,8.6017,10.5131,2.5948,-0.6532,需更乐观假设才支撑,16.5294,2.5948,
000022,2007-04-20,26.0500,2006-09-30,2006-10-31,1.000000,0.0000,9.5574,8.6017,10.5131,2.7256,-0.6698,需更乐观假设才支撑,16.5294,2.7256,
000022,2007-04-23,26.6400,2006-09-30,2006-10-31,1.000000,0.0000,9.5574,8.6017,10.5131,2.7874,-0.6771,需更乐观假设才支撑,16.5294,2.7874,
000022,2007-04-24,26.0300,2006-09-30,2006-10-31,1.000000,0.0000,9.5574,8.6017,10.5131,2.7235,-0.6695,需更乐观假设才支撑,16.5294,2.7235,
000022,2007-04-25,25.6000,2006-09-30,2006-10-31,1.000000,0.0000,9.5574,8.6017,10.5131,2.6786,-0.6640,需更乐观假设才支撑,16.5294,2.6786,
000022,2007-04-26,25.8200,2006-09-30,2006-10-31,1.000000,0.0000,9.5574,8.6017,10.5131,2.7016,-0.6669,需更乐观假设才支撑,16.5294,2.7016,
000022,2007-04-27,25.1500,2007-03-31,2007-04-30,1.000000,0.0000,14.3172,12.8855,15.7489,1.7566,-0.4877,需更乐观假设才支撑,23.9422,1.7566,
000022,2007-04-30,25.3900,2007-03-31,2007-04-30,1.000000,0.0000,14.3172,12.8855,15.7489,1.7734,-0.4925,需更乐观假设才支撑,23.9422,1.7734,
000022,2007-05-08,26.1200,2007-03-31,2007-04-30,1.000000,0.0000,14.3172,12.8855,15.7489,1.8244,-0.5067,需更乐观假设才支撑,23.9422,1.8244,
000022,2007-05-09,25.4000,2007-03-31,2007-04-30,1.000000,0.0000,14.3172,12.8855,15.7489,1.7741,-0.4927,需更乐观假设才支撑,23.9422,1.7741,
000022,2007-05-10,25.6800,2007-03-31,2007-04-30,1.000000,0.0000,14.3172,12.8855,15.7489,1.7936,-0.4982,需更乐观假设才支撑,23.9422,1.7936,
000022,2007-05-14,25.2000,2007-03-31,2007-04-30,1.000000,0.0000,14.3172,12.8855,15.7489,1.7601,-0.4887,需更乐观假设才支撑,23.9422,1.7601,
000022,2007-05-15,24.1600,2007-03-31,2007-04-30,1.000000,0.0000,14.3172,12.8855,15.7489,1.6875,-0.4667,需更乐观假设才支撑,23.9422,1.6875,
000022,2007-05-16,24.4800,2007-03-31,2007-04-30,1.000000,0.0000,14.3172,12.8855,15.7489,1.7098,-0.4736,需更乐观假设才支撑,23.9422,1.7098,
000022,2007-05-17,24.7900,2007-03-31,2007-04-30,1.000000,0.0000,14.3172,12.8855,15.7489,1.7315,-0.4802,需更乐观假设才支撑,23.9422,1.7315,
000022,2007-05-18,24.4700,2007-03-31,2007-04-30,1.000000,0.0000,14.3172,12.8855,15.7489,1.7091,-0.4734,需更乐观假设才支撑,23.9422,1.7091,
000022,2007-05-21,24.7600,2007-03-31,2007-04-30,1.000000,0.0000,14.3172,12.8855,15.7489,1.7294,-0.4796,需更乐观假设才支撑,23.9422,1.7294,
000022,2007-05-22,26.0000,2007-03-31,2007-04-30,1.000000,0.0000,14.3172,12.8855,15.7489,1.8160,-0.5044,需更乐观假设才支撑,23.9422,1.8160,
000022,2007-05-23,26.3600,2007-03-31,2007-04-30,1.000000,0.0000,14.3172,12.8855,15.7489,1.8411,-0.5112,需更乐观假设才支撑,23.9422,1.8411,
000022,2007-05-24,25.3800,2007-03-31,2007-04-30,1.000000,0.0000,14.3172,12.8855,15.7489,1.7727,-0.4923,需更乐观假设才支撑,23.9422,1.7727,
000022,2007-05-25,25.6700,2007-03-31,2007-04-30,1.000000,0.0000,14.3172,12.8855,15.7489,1.7930,-0.4980,需更乐观假设才支撑,23.9422,1.7930,
000022,2007-05-28,27.3300,2007-03-31,2007-04-30,1.000000,0.0000,14.3172,12.8855,15.7489,1.9089,-0.5285,需更乐观假设才支撑,23.9422,1.9089,
000022,2007-05-29,29.0000,2007-03-31,2007-04-30,1.000000,0.0000,14.3172,12.8855,15.7489,2.0255,-0.5557,需更乐观假设才支撑,23.9422,2.0255,
000022,2007-05-30,26.9000,2007-03-31,2007-04-30,1.000000,0.0000,14.3172,12.8855,15.7489,1.8789,-0.5210,需更乐观假设才支撑,23.9422,1.8789,
000022,2007-05-31,27.3000,2007-03-31,2007-04-30,1.000000,0.0000,14.3172,12.8855,15.7489,1.9068,-0.5280,需更乐观假设才支撑,23.9422,1.9068,
000022,2007-06-01,27.3000,2007-03-31,2007-04-30,1.000000,0.0000,14.3172,12.8855,15.7489,1.9068,-0.5280,需更乐观假设才支撑,23.9422,1.9068,
000022,2007-06-04,24.5700,2007-03-31,2007-04-30,1.000000,0.0000,14.3172,12.8855,15.7489,1.7161,-0.4756,需更乐观假设才支撑,23.9422,1.7161,
000022,2007-06-05,24.5000,2007-03-31,2007-04-30,1.000000,0.0000,14.3172,12.8855,15.7489,1.7112,-0.4741,需更乐观假设才支撑,23.9422,1.7112,
000022,2007-06-06,24.4000,2007-03-31,2007-04-30,1.000000,0.0000,14.3172,12.8855,15.7489,1.7042,-0.4719,需更乐观假设才支撑,23.9422,1.7042,
000022,2007-06-07,25.3300,2007-03-31,2007-04-30,1.000000,0.0000,14.3172,12.8855,15.7489,1.7692,-0.4913,需更乐观假设才支撑,23.9422,1.7692,
000022,2007-06-08,26.4000,2007-03-31,2007-04-30,1.000000,0.0000,14.3172,12.8855,15.7489,1.8439,-0.5119,需更乐观假设才支撑,23.9422,1.8439,
000022,2007-06-11,26.8000,2007-03-31,2007-04-30,1.000000,0.0000,14.3172,12.8855,15.7489,1.8719,-0.5192,需更乐观假设才支撑,23.9422,1.8719,
000022,2007-06-12,28.1800,2007-03-31,2007-04-30,1.000000,0.0000,14.3172,12.8855,15.7489,1.9683,-0.5427,需更乐观假设才支撑,23.9422,1.9683,
000022,2007-06-13,28.1000,2007-03-31,2007-04-30,1.000000,0.0000,14.3172,12.8855,15.7489,1.9627,-0.5414,需更乐观假设才支撑,23.9422,1.9627,
000022,2007-06-14,30.9100,2007-03-31,2007-04-30,1.000000,0.0000,14.3172,12.8855,15.7489,2.1589,-0.5831,需更乐观假设才支撑,23.9422,2.1589,
000022,2007-06-18,30.8500,2007-03-31,2007-04-30,1.000000,0.0000,14.3172,12.8855,15.7489,2.1548,-0.5823,需更乐观假设才支撑,23.9422,2.1548,
000022,2007-06-19,33.9400,2007-03-31,2007-04-30,1.000000,0.0000,14.3172,12.8855,15.7489,2.3706,-0.6203,需更乐观假设才支撑,23.9422,2.3706,
000022,2007-06-20,31.4500,2007-03-31,2007-04-30,1.000000,0.0000,14.3172,12.8855,15.7489,2.1967,-0.5903,需更乐观假设才支撑,23.9422,2.1967,
000022,2007-06-21,30.4800,2007-03-31,2007-04-30,1.000000,0.0000,14.3172,12.8855,15.7489,2.1289,-0.5772,需更乐观假设才支撑,23.9422,2.1289,
000022,2007-06-22,29.9100,2007-03-31,2007-04-30,1.000000,0.0000,14.3172,12.8855,15.7489,2.0891,-0.5692,需更乐观假设才支撑,23.9422,2.0891,
000022,2007-06-25,27.6000,2007-03-31,2007-04-30,1.000000,0.0000,14.3172,12.8855,15.7489,1.9278,-0.5331,需更乐观假设才支撑,23.9422,1.9278,
000022,2007-06-26,28.8100,2007-03-31,2007-04-30,1.000000,0.0000,14.3172,12.8855,15.7489,2.0123,-0.5527,需更乐观假设才支撑,23.9422,2.0123,
000022,2007-06-27,29.2100,2007-03-31,2007-04-30,1.000000,0.0000,14.3172,12.8855,15.7489,2.0402,-0.5589,需更乐观假设才支撑,23.9422,2.0402,
000022,2007-06-28,27.7000,2007-03-31,2007-04-30,1.000000,0.0000,14.3172,12.8855,15.7489,1.9347,-0.5348,需更乐观假设才支撑,23.9422,1.9347,
000022,2007-06-29,26.4500,2007-03-31,2007-04-30,1.000000,0.0000,14.3172,12.8855,15.7489,1.8474,-0.5128,需更乐观假设才支撑,23.9422,1.8474,
000022,2007-07-02,27.0000,2007-03-31,2007-04-30,1.000000,0.0000,14.3172,12.8855,15.7489,1.8858,-0.5228,需更乐观假设才支撑,23.9422,1.8858,
000022,2007-07-03,27.9600,2007-03-31,2007-04-30,1.000000,0.0000,14.3172,12.8855,15.7489,1.9529,-0.5391,需更乐观假设才支撑,23.9422,1.9529,
000022,2007-07-04,28.0000,2007-03-31,2007-04-30,1.000000,0.0000,14.3172,12.8855,15.7489,1.9557,-0.5398,需更乐观假设才支撑,23.9422,1.9557,
000022,2007-07-05,24.9900,2007-03-31,2007-04-30,1.000000,0.5760,13.7412,12.3095,15.1729,1.8186,-0.5074,需更乐观假设才支撑,23.9422,1.8186,
000022,2007-07-06,25.9900,2007-03-31,2007-04-30,1.000000,0.5760,13.7412,12.3095,15.1729,1.8914,-0.5264,需更乐观假设才支撑,23.9422,1.8914,
000022,2007-07-09,26.5100,2007-03-31,2007-04-30,1.000000,0.5760,13.7412,12.3095,15.1729,1.9292,-0.5357,需更乐观假设才支撑,23.9422,1.9292,
000022,2007-07-10,25.4000,2007-03-31,2007-04-30,1.000000,0.5760,13.7412,12.3095,15.1729,1.8485,-0.5154,需更乐观假设才支撑,23.9422,1.8485,
000022,2007-07-11,25.3400,2007-03-31,2007-04-30,1.000000,0.5760,13.7412,12.3095,15.1729,1.8441,-0.5142,需更乐观假设才支撑,23.9422,1.8441,
000022,2007-07-12,25.3500,2007-03-31,2007-04-30,1.000000,0.5760,13.7412,12.3095,15.1729,1.8448,-0.5144,需更乐观假设才支撑,23.9422,1.8448,
000022,2007-07-13,25.3900,2007-03-31,2007-04-30,1.000000,0.5760,13.7412,12.3095,15.1729,1.8477,-0.5152,需更乐观假设才支撑,23.9422,1.8477,
000022,2007-07-16,25.0900,2007-03-31,2007-04-30,1.000000,0.5760,13.7412,12.3095,15.1729,1.8259,-0.5094,需更乐观假设才支撑,23.9422,1.8259,
000022,2007-07-17,25.4200,2007-03-31,2007-04-30,1.000000,0.5760,13.7412,12.3095,15.1729,1.8499,-0.5158,需更乐观假设才支撑,23.9422,1.8499,
000022,2007-07-18,25.6200,2007-03-31,2007-04-30,1.000000,0.5760,13.7412,12.3095,15.1729,1.8645,-0.5195,需更乐观假设才支撑,23.9422,1.8645,
000022,2007-07-19,25.3100,2007-03-31,2007-04-30,1.000000,0.5760,13.7412,12.3095,15.1729,1.8419,-0.5137,需更乐观假设才支撑,23.9422,1.8419,
000022,2007-07-20,26.1000,2007-03-31,2007-04-30,1.000000,0.5760,13.7412,12.3095,15.1729,1.8994,-0.5284,需更乐观假设才支撑,23.9422,1.8994,
000022,2007-07-23,27.2500,2007-03-31,2007-04-30,1.000000,0.5760,13.7412,12.3095,15.1729,1.9831,-0.5483,需更乐观假设才支撑,23.9422,1.9831,
000022,2007-07-24,26.8800,2007-03-31,2007-04-30,1.000000,0.5760,13.7412,12.3095,15.1729,1.9562,-0.5421,需更乐观假设才支撑,23.9422,1.9562,
000022,2007-07-25,27.6500,2007-03-31,2007-04-30,1.000000,0.5760,13.7412,12.3095,15.1729,2.0122,-0.5548,需更乐观假设才支撑,23.9422,2.0122,
000022,2007-07-26,28.9000,2007-03-31,2007-04-30,1.000000,0.5760,13.7412,12.3095,15.1729,2.1032,-0.5741,需更乐观假设才支撑,23.9422,2.1032,
000022,2007-07-27,29.4300,2007-03-31,2007-04-30,1.000000,0.5760,13.7412,12.3095,15.1729,2.1417,-0.5817,需更乐观假设才支撑,23.9422,2.1417,
000022,2007-07-30,29.1400,2007-03-31,2007-04-30,1.000000,0.5760,13.7412,12.3095,15.1729,2.1206,-0.5776,需更乐观假设才支撑,23.9422,2.1206,
000022,2007-07-31,28.4400,2007-03-31,2007-04-30,1.000000,0.5760,13.7412,12.3095,15.1729,2.0697,-0.5672,需更乐观假设才支撑,23.9422,2.0697,
000022,2007-08-01,27.2800,2007-03-31,2007-04-30,1.000000,0.5760,13.7412,12.3095,15.1729,1.9853,-0.5488,需更乐观假设才支撑,23.9422,1.9853,
000022,2007-08-02,27.7800,2007-03-31,2007-04-30,1.000000,0.5760,13.7412,12.3095,15.1729,2.0217,-0.5569,需更乐观假设才支撑,23.9422,2.0217,
000022,2007-08-03,27.9500,2007-03-31,2007-04-30,1.000000,0.5760,13.7412,12.3095,15.1729,2.0340,-0.5596,需更乐观假设才支撑,23.9422,2.0340,
000022,2007-08-06,28.8200,2007-03-31,2007-04-30,1.000000,0.5760,13.7412,12.3095,15.1729,2.0973,-0.5729,需更乐观假设才支撑,23.9422,2.0973,
000022,2007-08-07,29.0100,2007-03-31,2007-04-30,1.000000,0.5760,13.7412,12.3095,15.1729,2.1112,-0.5757,需更乐观假设才支撑,23.9422,2.1112,
000022,2007-08-08,29.4200,2007-03-31,2007-04-30,1.000000,0.5760,13.7412,12.3095,15.1729,2.1410,-0.5816,需更乐观假设才支撑,23.9422,2.1410,
000022,2007-08-09,30.6100,2007-03-31,2007-04-30,1.000000,0.5760,13.7412,12.3095,15.1729,2.2276,-0.5979,需更乐观假设才支撑,23.9422,2.2276,
000022,2007-08-10,29.6000,2007-03-31,2007-04-30,1.000000,0.5760,13.7412,12.3095,15.1729,2.1541,-0.5841,需更乐观假设才支撑,23.9422,2.1541,
000022,2007-08-13,30.0100,2007-03-31,2007-04-30,1.000000,0.5760,13.7412,12.3095,15.1729,2.1839,-0.5898,需更乐观假设才支撑,23.9422,2.1839,
000022,2007-08-14,29.6600,2007-03-31,2007-04-30,1.000000,0.5760,13.7412,12.3095,15.1729,2.1585,-0.5850,需更乐观假设才支撑,23.9422,2.1585,
000022,2007-08-15,28.8500,2007-03-31,2007-04-30,1.000000,0.5760,13.7412,12.3095,15.1729,2.0995,-0.5733,需更乐观假设才支撑,23.9422,2.0995,
000022,2007-08-16,28.3100,2007-03-31,2007-04-30,1.000000,0.5760,13.7412,12.3095,15.1729,2.0602,-0.5652,需更乐观假设才支撑,23.9422,2.0602,
000022,2007-08-17,28.2500,2007-03-31,2007-04-30,1.000000,0.5760,13.7412,12.3095,15.1729,2.0559,-0.5643,需更乐观假设才支撑,23.9422,2.0559,
000022,2007-08-20,29.3500,2007-03-31,2007-04-30,1.000000,0.5760,13.7412,12.3095,15.1729,2.1359,-0.5806,需更乐观假设才支撑,23.9422,2.1359,
000022,2007-08-21,29.7000,2007-03-31,2007-04-30,1.000000,0.5760,13.7412,12.3095,15.1729,2.1614,-0.5855,需更乐观假设才支撑,23.9422,2.1614,
000022,2007-08-22,29.4000,2007-03-31,2007-04-30,1.000000,0.5760,13.7412,12.3095,15.1729,2.1396,-0.5813,需更乐观假设才支撑,23.9422,2.1396,
000022,2007-08-23,30.5400,2007-03-31,2007-04-30,1.000000,0.5760,13.7412,12.3095,15.1729,2.2225,-0.5969,需更乐观假设才支撑,23.9422,2.2225,
000022,2007-08-24,30.8000,2007-03-31,2007-04-30,1.000000,0.5760,13.7412,12.3095,15.1729,2.2414,-0.6003,需更乐观假设才支撑,23.9422,2.2414,
000022,2007-08-27,30.1000,2007-03-31,2007-04-30,1.000000,0.5760,13.7412,12.3095,15.1729,2.1905,-0.5910,需更乐观假设才支撑,23.9422,2.1905,
000022,2007-08-28,32.4000,2007-03-31,2007-04-30,1.000000,0.5760,13.7412,12.3095,15.1729,2.3579,-0.6201,需更乐观假设才支撑,23.9422,2.3579,
000022,2007-08-31,32.5000,2007-06-30,2007-08-31,1.000000,0.0000,13.0790,11.7711,14.3869,2.4849,-0.6378,需更乐观假设才支撑,21.8408,2.4849,
000022,2007-09-03,33.8700,2007-06-30,2007-08-31,1.000000,0.0000,13.0790,11.7711,14.3869,2.5897,-0.6525,需更乐观假设才支撑,21.8408,2.5897,
000022,2007-09-04,33.1000,2007-06-30,2007-08-31,1.000000,0.0000,13.0790,11.7711,14.3869,2.5308,-0.6444,需更乐观假设才支撑,21.8408,2.5308,
000022,2007-09-05,34.5900,2007-06-30,2007-08-31,1.000000,0.0000,13.0790,11.7711,14.3869,2.6447,-0.6597,需更乐观假设才支撑,21.8408,2.6447,
000022,2007-09-06,35.0300,2007-06-30,2007-08-31,1.000000,0.0000,13.0790,11.7711,14.3869,2.6783,-0.6640,需更乐观假设才支撑,21.8408,2.6783,
000022,2007-09-07,33.5000,2007-06-30,2007-08-31,1.000000,0.0000,13.0790,11.7711,14.3869,2.5614,-0.6486,需更乐观假设才支撑,21.8408,2.5614,
000022,2007-09-10,32.5900,2007-06-30,2007-08-31,1.000000,0.0000,13.0790,11.7711,14.3869,2.4918,-0.6388,需更乐观假设才支撑,21.8408,2.4918,
000022,2007-09-11,31.0000,2007-06-30,2007-08-31,1.000000,0.0000,13.0790,11.7711,14.3869,2.3702,-0.6203,需更乐观假设才支撑,21.8408,2.3702,
000022,2007-09-12,30.6000,2007-06-30,2007-08-31,1.000000,0.0000,13.0790,11.7711,14.3869,2.3396,-0.6153,需更乐观假设才支撑,21.8408,2.3396,
000022,2007-09-13,30.8900,2007-06-30,2007-08-31,1.000000,0.0000,13.0790,11.7711,14.3869,2.3618,-0.6189,需更乐观假设才支撑,21.8408,2.3618,
000022,2007-09-14,31.2500,2007-06-30,2007-08-31,1.000000,0.0000,13.0790,11.7711,14.3869,2.3893,-0.6233,需更乐观假设才支撑,21.8408,2.3893,
000022,2007-09-17,31.1000,2007-06-30,2007-08-31,1.000000,0.0000,13.0790,11.7711,14.3869,2.3779,-0.6215,需更乐观假设才支撑,21.8408,2.3779,
000022,2007-09-18,31.7500,2007-06-30,2007-08-31,1.000000,0.0000,13.0790,11.7711,14.3869,2.4276,-0.6293,需更乐观假设才支撑,21.8408,2.4276,
000022,2007-09-19,30.3000,2007-06-30,2007-08-31,1.000000,0.0000,13.0790,11.7711,14.3869,2.3167,-0.6115,需更乐观假设才支撑,21.8408,2.3167,
000022,2007-09-20,31.0000,2007-06-30,2007-08-31,1.000000,0.0000,13.0790,11.7711,14.3869,2.3702,-0.6203,需更乐观假设才支撑,21.8408,2.3702,
000022,2007-09-21,30.4000,2007-06-30,2007-08-31,1.000000,0.0000,13.0790,11.7711,14.3869,2.3243,-0.6128,需更乐观假设才支撑,21.8408,2.3243,
000022,2007-09-24,29.9500,2007-06-30,2007-08-31,1.000000,0.0000,13.0790,11.7711,14.3869,2.2899,-0.6070,需更乐观假设才支撑,21.8408,2.2899,
000022,2007-09-25,29.1400,2007-06-30,2007-08-31,1.000000,0.0000,13.0790,11.7711,14.3869,2.2280,-0.5961,需更乐观假设才支撑,21.8408,2.2280,
000022,2007-09-26,28.9400,2007-06-30,2007-08-31,1.000000,0.0000,13.0790,11.7711,14.3869,2.2127,-0.5933,需更乐观假设才支撑,21.8408,2.2127,
000022,2007-09-27,28.9300,2007-06-30,2007-08-31,1.000000,0.0000,13.0790,11.7711,14.3869,2.2119,-0.5931,需更乐观假设才支撑,21.8408,2.2119,
000022,2007-09-28,29.8300,2007-06-30,2007-08-31,1.000000,0.0000,13.0790,11.7711,14.3869,2.2808,-0.6054,需更乐观假设才支撑,21.8408,2.2808,
000022,2007-10-08,29.8100,2007-06-30,2007-08-31,1.000000,0.0000,13.0790,11.7711,14.3869,2.2792,-0.6051,需更乐观假设才支撑,21.8408,2.2792,
000022,2007-10-09,28.8200,2007-06-30,2007-08-31,1.000000,0.0000,13.0790,11.7711,14.3869,2.2035,-0.5916,需更乐观假设才支撑,21.8408,2.2035,
000022,2007-10-10,29.4000,2007-06-30,2007-08-31,1.000000,0.0000,13.0790,11.7711,14.3869,2.2479,-0.5996,需更乐观假设才支撑,21.8408,2.2479,
000022,2007-10-11,28.9300,2007-06-30,2007-08-31,1.000000,0.0000,13.0790,11.7711,14.3869,2.2119,-0.5931,需更乐观假设才支撑,21.8408,2.2119,
000022,2007-10-12,27.3000,2007-06-30,2007-08-31,1.000000,0.0000,13.0790,11.7711,14.3869,2.0873,-0.5688,需更乐观假设才支撑,21.8408,2.0873,
000022,2007-10-15,28.0900,2007-06-30,2007-08-31,1.000000,0.0000,13.0790,11.7711,14.3869,2.1477,-0.5810,需更乐观假设才支撑,21.8408,2.1477,
000022,2007-10-16,28.3200,2007-06-30,2007-08-31,1.000000,0.0000,13.0790,11.7711,14.3869,2.1653,-0.5844,需更乐观假设才支撑,21.8408,2.1653,
000022,2007-10-17,28.8000,2007-06-30,2007-08-31,1.000000,0.0000,13.0790,11.7711,14.3869,2.2020,-0.5913,需更乐观假设才支撑,21.8408,2.2020,
000022,2007-10-18,27.5000,2007-06-30,2007-08-31,1.000000,0.0000,13.0790,11.7711,14.3869,2.1026,-0.5720,需更乐观假设才支撑,21.8408,2.1026,
000022,2007-10-19,27.9900,2007-06-30,2007-08-31,1.000000,0.0000,13.0790,11.7711,14.3869,2.1401,-0.5795,需更乐观假设才支撑,21.8408,2.1401,
000022,2007-10-22,26.5000,2007-06-30,2007-08-31,1.000000,0.0000,13.0790,11.7711,14.3869,2.0262,-0.5558,需更乐观假设才支撑,21.8408,2.0262,
000022,2007-10-23,26.9700,2007-06-30,2007-08-31,1.000000,0.0000,13.0790,11.7711,14.3869,2.0621,-0.5635,需更乐观假设才支撑,21.8408,2.0621,
000022,2007-10-24,26.0800,2007-06-30,2007-08-31,1.000000,0.0000,13.0790,11.7711,14.3869,1.9940,-0.5487,需更乐观假设才支撑,21.8408,1.9940,
000022,2007-10-25,24.4000,2007-06-30,2007-08-31,1.000000,0.0000,13.0790,11.7711,14.3869,1.8656,-0.5176,需更乐观假设才支撑,21.8408,1.8656,
000022,2007-10-26,24.1100,2007-06-30,2007-08-31,1.000000,0.0000,13.0790,11.7711,14.3869,1.8434,-0.5118,需更乐观假设才支撑,21.8408,1.8434,
000022,2007-10-29,25.4900,2007-06-30,2007-08-31,1.000000,0.0000,13.0790,11.7711,14.3869,1.9489,-0.5382,需更乐观假设才支撑,21.8408,1.9489,
000022,2007-10-30,26.0000,2007-09-30,2007-10-31,1.000000,0.0000,14.3353,12.9018,15.7689,1.8137,-0.5038,需更乐观假设才支撑,23.9357,1.8137,
000022,2007-10-31,26.6300,2007-09-30,2007-10-31,1.000000,0.0000,14.3353,12.9018,15.7689,1.8576,-0.5155,需更乐观假设才支撑,23.9357,1.8576,
000022,2007-11-01,25.8000,2007-09-30,2007-10-31,1.000000,0.0000,14.3353,12.9018,15.7689,1.7997,-0.4999,需更乐观假设才支撑,23.9357,1.7997,
000022,2007-11-02,24.9500,2007-09-30,2007-10-31,1.000000,0.0000,14.3353,12.9018,15.7689,1.7405,-0.4829,需更乐观假设才支撑,23.9357,1.7405,
000022,2007-11-05,25.6600,2007-09-30,2007-10-31,1.000000,0.0000,14.3353,12.9018,15.7689,1.7900,-0.4972,需更乐观假设才支撑,23.9357,1.7900,
000022,2007-11-06,26.9000,2007-09-30,2007-10-31,1.000000,0.0000,14.3353,12.9018,15.7689,1.8765,-0.5204,需更乐观假设才支撑,23.9357,1.8765,
000022,2007-11-07,26.8600,2007-09-30,2007-10-31,1.000000,0.0000,14.3353,12.9018,15.7689,1.8737,-0.5197,需更乐观假设才支撑,23.9357,1.8737,
000022,2007-11-08,25.3000,2007-09-30,2007-10-31,1.000000,0.0000,14.3353,12.9018,15.7689,1.7649,-0.4900,需更乐观假设才支撑,23.9357,1.7649,
000022,2007-11-09,25.3000,2007-09-30,2007-10-31,1.000000,0.0000,14.3353,12.9018,15.7689,1.7649,-0.4900,需更乐观假设才支撑,23.9357,1.7649,
000022,2007-11-12,24.5600,2007-09-30,2007-10-31,1.000000,0.0000,14.3353,12.9018,15.7689,1.7132,-0.4747,需更乐观假设才支撑,23.9357,1.7132,
000022,2007-11-13,24.5000,2007-09-30,2007-10-31,1.000000,0.0000,14.3353,12.9018,15.7689,1.7091,-0.4734,需更乐观假设才支撑,23.9357,1.7091,
000022,2007-11-14,25.3600,2007-09-30,2007-10-31,1.000000,0.0000,14.3353,12.9018,15.7689,1.7691,-0.4913,需更乐观假设才支撑,23.9357,1.7691,
000022,2007-11-15,24.3200,2007-09-30,2007-10-31,1.000000,0.0000,14.3353,12.9018,15.7689,1.6965,-0.4695,需更乐观假设才支撑,23.9357,1.6965,
000022,2007-11-16,24.0500,2007-09-30,2007-10-31,1.000000,0.0000,14.3353,12.9018,15.7689,1.6777,-0.4635,需更乐观假设才支撑,23.9357,1.6777,
000022,2007-11-19,24.5700,2007-09-30,2007-10-31,1.000000,0.0000,14.3353,12.9018,15.7689,1.7139,-0.4749,需更乐观假设才支撑,23.9357,1.7139,
000022,2007-11-20,25.2400,2007-09-30,2007-10-31,1.000000,0.0000,14.3353,12.9018,15.7689,1.7607,-0.4888,需更乐观假设才支撑,23.9357,1.7607,
000022,2007-11-21,24.8400,2007-09-30,2007-10-31,1.000000,0.0000,14.3353,12.9018,15.7689,1.7328,-0.4806,需更乐观假设才支撑,23.9357,1.7328,
000022,2007-11-22,24.6500,2007-09-30,2007-10-31,1.000000,0.0000,14.3353,12.9018,15.7689,1.7195,-0.4766,需更乐观假设才支撑,23.9357,1.7195,
000022,2007-11-23,24.9300,2007-09-30,2007-10-31,1.000000,0.0000,14.3353,12.9018,15.7689,1.7391,-0.4825,需更乐观假设才支撑,23.9357,1.7391,
000022,2007-11-26,24.4800,2007-09-30,2007-10-31,1.000000,0.0000,14.3353,12.9018,15.7689,1.7077,-0.4730,需更乐观假设才支撑,23.9357,1.7077,
000022,2007-11-27,23.9000,2007-09-30,2007-10-31,1.000000,0.0000,14.3353,12.9018,15.7689,1.6672,-0.4602,需更乐观假设才支撑,23.9357,1.6672,
000022,2007-11-28,23.7000,2007-09-30,2007-10-31,1.000000,0.0000,14.3353,12.9018,15.7689,1.6533,-0.4556,需更乐观假设才支撑,23.9357,1.6533,
000022,2007-11-29,24.1300,2007-09-30,2007-10-31,1.000000,0.0000,14.3353,12.9018,15.7689,1.6833,-0.4653,需更乐观假设才支撑,23.9357,1.6833,
000022,2007-11-30,23.7700,2007-09-30,2007-10-31,1.000000,0.0000,14.3353,12.9018,15.7689,1.6581,-0.4572,需更乐观假设才支撑,23.9357,1.6581,
000022,2007-12-03,23.8000,2007-09-30,2007-10-31,1.000000,0.0000,14.3353,12.9018,15.7689,1.6602,-0.4579,需更乐观假设才支撑,23.9357,1.6602,
000022,2007-12-04,23.8000,2007-09-30,2007-10-31,1.000000,0.0000,14.3353,12.9018,15.7689,1.6602,-0.4579,需更乐观假设才支撑,23.9357,1.6602,
000022,2007-12-05,24.2700,2007-09-30,2007-10-31,1.000000,0.0000,14.3353,12.9018,15.7689,1.6930,-0.4684,需更乐观假设才支撑,23.9357,1.6930,
000022,2007-12-06,24.2600,2007-09-30,2007-10-31,1.000000,0.0000,14.3353,12.9018,15.7689,1.6923,-0.4682,需更乐观假设才支撑,23.9357,1.6923,
000022,2007-12-07,24.8300,2007-09-30,2007-10-31,1.000000,0.0000,14.3353,12.9018,15.7689,1.7321,-0.4804,需更乐观假设才支撑,23.9357,1.7321,
000022,2007-12-10,25.2800,2007-09-30,2007-10-31,1.000000,0.0000,14.3353,12.9018,15.7689,1.7635,-0.4896,需更乐观假设才支撑,23.9357,1.7635,
000022,2007-12-11,25.1900,2007-09-30,2007-10-31,1.000000,0.0000,14.3353,12.9018,15.7689,1.7572,-0.4878,需更乐观假设才支撑,23.9357,1.7572,
000022,2007-12-12,25.8100,2007-09-30,2007-10-31,1.000000,0.0000,14.3353,12.9018,15.7689,1.8004,-0.5001,需更乐观假设才支撑,23.9357,1.8004,
000022,2007-12-13,24.7000,2007-09-30,2007-10-31,1.000000,0.0000,14.3353,12.9018,15.7689,1.7230,-0.4777,需更乐观假设才支撑,23.9357,1.7230,
000022,2007-12-14,25.0000,2007-09-30,2007-10-31,1.000000,0.0000,14.3353,12.9018,15.7689,1.7439,-0.4839,需更乐观假设才支撑,23.9357,1.7439,
000022,2007-12-17,25.1900,2007-09-30,2007-10-31,1.000000,0.0000,14.3353,12.9018,15.7689,1.7572,-0.4878,需更乐观假设才支撑,23.9357,1.7572,
000022,2007-12-18,25.0300,2007-09-30,2007-10-31,1.000000,0.0000,14.3353,12.9018,15.7689,1.7460,-0.4845,需更乐观假设才支撑,23.9357,1.7460,
000022,2007-12-19,25.4100,2007-09-30,2007-10-31,1.000000,0.0000,14.3353,12.9018,15.7689,1.7725,-0.4923,需更乐观假设才支撑,23.9357,1.7725,
000022,2007-12-20,26.0100,2007-09-30,2007-10-31,1.000000,0.0000,14.3353,12.9018,15.7689,1.8144,-0.5040,需更乐观假设才支撑,23.9357,1.8144,
000022,2007-12-21,26.3000,2007-09-30,2007-10-31,1.000000,0.0000,14.3353,12.9018,15.7689,1.8346,-0.5094,需更乐观假设才支撑,23.9357,1.8346,
000022,2007-12-24,26.2800,2007-09-30,2007-10-31,1.000000,0.0000,14.3353,12.9018,15.7689,1.8332,-0.5091,需更乐观假设才支撑,23.9357,1.8332,
000022,2007-12-25,26.4500,2007-09-30,2007-10-31,1.000000,0.0000,14.3353,12.9018,15.7689,1.8451,-0.5122,需更乐观假设才支撑,23.9357,1.8451,
000022,2007-12-26,26.8500,2007-09-30,2007-10-31,1.000000,0.0000,14.3353,12.9018,15.7689,1.8730,-0.5195,需更乐观假设才支撑,23.9357,1.8730,
000022,2007-12-27,26.9300,2007-09-30,2007-10-31,1.000000,0.0000,14.3353,12.9018,15.7689,1.8786,-0.5209,需更乐观假设才支撑,23.9357,1.8786,
000022,2007-12-28,26.6600,2007-09-30,2007-10-31,1.000000,0.0000,14.3353,12.9018,15.7689,1.8597,-0.5161,需更乐观假设才支撑,23.9357,1.8597,
000022,2008-01-02,27.1600,2007-09-30,2007-10-31,1.000000,0.0000,14.3353,12.9018,15.7689,1.8946,-0.5250,需更乐观假设才支撑,23.9357,1.8946,
000022,2008-01-03,27.9500,2007-09-30,2007-10-31,1.000000,0.0000,14.3353,12.9018,15.7689,1.9497,-0.5384,需更乐观假设才支撑,23.9357,1.9497,
000022,2008-01-04,27.8500,2007-09-30,2007-10-31,1.000000,0.0000,14.3353,12.9018,15.7689,1.9428,-0.5367,需更乐观假设才支撑,23.9357,1.9428,
000022,2008-01-07,27.7000,2007-09-30,2007-10-31,1.000000,0.0000,14.3353,12.9018,15.7689,1.9323,-0.5342,需更乐观假设才支撑,23.9357,1.9323,
000022,2008-01-08,27.0900,2007-09-30,2007-10-31,1.000000,0.0000,14.3353,12.9018,15.7689,1.8897,-0.5237,需更乐观假设才支撑,23.9357,1.8897,
000022,2008-01-09,27.5000,2007-09-30,2007-10-31,1.000000,0.0000,14.3353,12.9018,15.7689,1.9183,-0.5308,需更乐观假设才支撑,23.9357,1.9183,
000022,2008-01-10,28.5500,2007-09-30,2007-10-31,1.000000,0.0000,14.3353,12.9018,15.7689,1.9916,-0.5481,需更乐观假设才支撑,23.9357,1.9916,
000022,2008-01-11,28.3300,2007-09-30,2007-10-31,1.000000,0.0000,14.3353,12.9018,15.7689,1.9762,-0.5446,需更乐观假设才支撑,23.9357,1.9762,
000022,2008-01-14,28.9400,2007-09-30,2007-10-31,1.000000,0.0000,14.3353,12.9018,15.7689,2.0188,-0.5542,需更乐观假设才支撑,23.9357,2.0188,
000022,2008-01-15,28.7500,2007-09-30,2007-10-31,1.000000,0.0000,14.3353,12.9018,15.7689,2.0055,-0.5512,需更乐观假设才支撑,23.9357,2.0055,
000022,2008-01-16,27.8100,2007-09-30,2007-10-31,1.000000,0.0000,14.3353,12.9018,15.7689,1.9400,-0.5361,需更乐观假设才支撑,23.9357,1.9400,
000022,2008-01-17,26.4900,2007-09-30,2007-10-31,1.000000,0.0000,14.3353,12.9018,15.7689,1.8479,-0.5130,需更乐观假设才支撑,23.9357,1.8479,
000022,2008-01-18,26.5300,2007-09-30,2007-10-31,1.000000,0.0000,14.3353,12.9018,15.7689,1.8507,-0.5137,需更乐观假设才支撑,23.9357,1.8507,
000022,2008-01-21,24.9900,2007-09-30,2007-10-31,1.000000,0.0000,14.3353,12.9018,15.7689,1.7432,-0.4837,需更乐观假设才支撑,23.9357,1.7432,
000022,2008-01-22,22.7000,2007-09-30,2007-10-31,1.000000,0.0000,14.3353,12.9018,15.7689,1.5835,-0.4316,需更乐观假设才支撑,23.9357,1.5835,
000022,2008-01-23,23.8300,2007-09-30,2007-10-31,1.000000,0.0000,14.3353,12.9018,15.7689,1.6623,-0.4586,需更乐观假设才支撑,23.9357,1.6623,
000022,2008-01-24,23.5300,2007-09-30,2007-10-31,1.000000,0.0000,14.3353,12.9018,15.7689,1.6414,-0.4517,需更乐观假设才支撑,23.9357,1.6414,
000022,2008-01-25,23.5000,2007-09-30,2007-10-31,1.000000,0.0000,14.3353,12.9018,15.7689,1.6393,-0.4510,需更乐观假设才支撑,23.9357,1.6393,
000022,2008-01-28,21.2600,2007-09-30,2007-10-31,1.000000,0.0000,14.3353,12.9018,15.7689,1.4830,-0.3931,需更乐观假设才支撑,23.9357,1.4830,
000022,2008-01-29,21.5000,2007-09-30,2007-10-31,1.000000,0.0000,14.3353,12.9018,15.7689,1.4998,-0.3999,需更乐观假设才支撑,23.9357,1.4998,
000022,2008-01-30,21.7900,2007-09-30,2007-10-31,1.000000,0.0000,14.3353,12.9018,15.7689,1.5200,-0.4079,需更乐观假设才支撑,23.9357,1.5200,
000022,2008-01-31,21.7000,2007-09-30,2007-10-31,1.000000,0.0000,14.3353,12.9018,15.7689,1.5137,-0.4054,需更乐观假设才支撑,23.9357,1.5137,
000022,2008-02-01,21.3800,2007-09-30,2007-10-31,1.000000,0.0000,14.3353,12.9018,15.7689,1.4914,-0.3965,需更乐观假设才支撑,23.9357,1.4914,
000022,2008-02-04,23.2000,2007-09-30,2007-10-31,1.000000,0.0000,14.3353,12.9018,15.7689,1.6184,-0.4439,需更乐观假设才支撑,23.9357,1.6184,
000022,2008-02-05,23.0000,2007-09-30,2007-10-31,1.000000,0.0000,14.3353,12.9018,15.7689,1.6044,-0.4391,需更乐观假设才支撑,23.9357,1.6044,
000022,2008-02-13,22.4900,2007-09-30,2007-10-31,1.000000,0.0000,14.3353,12.9018,15.7689,1.5689,-0.4263,需更乐观假设才支撑,23.9357,1.5689,
000022,2008-02-14,22.7500,2007-09-30,2007-10-31,1.000000,0.0000,14.3353,12.9018,15.7689,1.5870,-0.4329,需更乐观假设才支撑,23.9357,1.5870,
000022,2008-02-15,22.2200,2007-09-30,2007-10-31,1.000000,0.0000,14.3353,12.9018,15.7689,1.5500,-0.4194,需更乐观假设才支撑,23.9357,1.5500,
000022,2008-02-18,22.6500,2007-09-30,2007-10-31,1.000000,0.0000,14.3353,12.9018,15.7689,1.5800,-0.4304,需更乐观假设才支撑,23.9357,1.5800,
000022,2008-02-19,23.2100,2007-09-30,2007-10-31,1.000000,0.0000,14.3353,12.9018,15.7689,1.6191,-0.4441,需更乐观假设才支撑,23.9357,1.6191,
000022,2008-02-20,22.8000,2007-09-30,2007-10-31,1.000000,0.0000,14.3353,12.9018,15.7689,1.5905,-0.4341,需更乐观假设才支撑,23.9357,1.5905,
000022,2008-02-21,22.7000,2007-09-30,2007-10-31,1.000000,0.0000,14.3353,12.9018,15.7689,1.5835,-0.4316,需更乐观假设才支撑,23.9357,1.5835,
000022,2008-02-22,21.9300,2007-09-30,2007-10-31,1.000000,0.0000,14.3353,12.9018,15.7689,1.5298,-0.4117,需更乐观假设才支撑,23.9357,1.5298,
000022,2008-02-25,21.0900,2007-09-30,2007-10-31,1.000000,0.0000,14.3353,12.9018,15.7689,1.4712,-0.3883,需更乐观假设才支撑,23.9357,1.4712,
000022,2008-02-26,21.5000,2007-09-30,2007-10-31,1.000000,0.0000,14.3353,12.9018,15.7689,1.4998,-0.3999,需更乐观假设才支撑,23.9357,1.4998,
000022,2008-02-27,21.9400,2007-09-30,2007-10-31,1.000000,0.0000,14.3353,12.9018,15.7689,1.5305,-0.4120,需更乐观假设才支撑,23.9357,1.5305,
000022,2008-02-28,21.9400,2007-09-30,2007-10-31,1.000000,0.0000,14.3353,12.9018,15.7689,1.5305,-0.4120,需更乐观假设才支撑,23.9357,1.5305,
000022,2008-02-29,22.8200,2007-09-30,2007-10-31,1.000000,0.0000,14.3353,12.9018,15.7689,1.5919,-0.4346,需更乐观假设才支撑,23.9357,1.5919,
000022,2008-03-03,23.0100,2007-09-30,2007-10-31,1.000000,0.0000,14.3353,12.9018,15.7689,1.6051,-0.4393,需更乐观假设才支撑,23.9357,1.6051,
000022,2008-03-04,22.3500,2007-09-30,2007-10-31,1.000000,0.0000,14.3353,12.9018,15.7689,1.5591,-0.4227,需更乐观假设才支撑,23.9357,1.5591,
000022,2008-03-05,21.9100,2007-09-30,2007-10-31,1.000000,0.0000,14.3353,12.9018,15.7689,1.5284,-0.4111,需更乐观假设才支撑,23.9357,1.5284,
000022,2008-03-06,22.2500,2007-09-30,2007-10-31,1.000000,0.0000,14.3353,12.9018,15.7689,1.5521,-0.4201,需更乐观假设才支撑,23.9357,1.5521,
000022,2008-03-07,21.8800,2007-09-30,2007-10-31,1.000000,0.0000,14.3353,12.9018,15.7689,1.5263,-0.4103,需更乐观假设才支撑,23.9357,1.5263,
000022,2008-03-10,20.8800,2007-09-30,2007-10-31,1.000000,0.0000,14.3353,12.9018,15.7689,1.4565,-0.3821,需更乐观假设才支撑,23.9357,1.4565,
000022,2008-03-11,20.5500,2007-09-30,2007-10-31,1.000000,0.0000,14.3353,12.9018,15.7689,1.4335,-0.3722,需更乐观假设才支撑,23.9357,1.4335,
000022,2008-03-12,19.9200,2007-09-30,2007-10-31,1.000000,0.0000,14.3353,12.9018,15.7689,1.3896,-0.3523,需更乐观假设才支撑,23.9357,1.3896,
000022,2008-03-13,18.8500,2007-09-30,2007-10-31,1.000000,0.0000,14.3353,12.9018,15.7689,1.3149,-0.3156,需更乐观假设才支撑,23.9357,1.3149,
000022,2008-03-14,18.4100,2007-09-30,2007-10-31,1.000000,0.0000,14.3353,12.9018,15.7689,1.2842,-0.2992,需更乐观假设才支撑,23.9357,1.2842,
000022,2008-03-17,17.2900,2007-09-30,2007-10-31,1.000000,0.0000,14.3353,12.9018,15.7689,1.2061,-0.2538,需更乐观假设才支撑,23.9357,1.2061,
000022,2008-03-18,16.0000,2007-09-30,2007-10-31,1.000000,0.0000,14.3353,12.9018,15.7689,1.1161,-0.1936,需更乐观假设才支撑,23.9357,1.1161,
000022,2008-03-19,16.6000,2007-09-30,2007-10-31,1.000000,0.0000,14.3353,12.9018,15.7689,1.1580,-0.2228,需更乐观假设才支撑,23.9357,1.1580,
000022,2008-03-20,17.1500,2007-09-30,2007-10-31,1.000000,0.0000,14.3353,12.9018,15.7689,1.1963,-0.2477,需更乐观假设才支撑,23.9357,1.1963,
000022,2008-03-21,17.3800,2007-09-30,2007-10-31,1.000000,0.0000,14.3353,12.9018,15.7689,1.2124,-0.2577,需更乐观假设才支撑,23.9357,1.2124,
000022,2008-03-24,16.7300,2007-09-30,2007-10-31,1.000000,0.0000,14.3353,12.9018,15.7689,1.1670,-0.2288,需更乐观假设才支撑,23.9357,1.1670,
000022,2008-03-25,17.3200,2007-09-30,2007-10-31,1.000000,0.0000,14.3353,12.9018,15.7689,1.2082,-0.2551,需更乐观假设才支撑,23.9357,1.2082,
000022,2008-03-26,17.2300,2007-09-30,2007-10-31,1.000000,0.0000,14.3353,12.9018,15.7689,1.2019,-0.2512,需更乐观假设才支撑,23.9357,1.2019,
000022,2008-03-27,16.4300,2007-09-30,2007-10-31,1.000000,0.0000,14.3353,12.9018,15.7689,1.1461,-0.2147,需更乐观假设才支撑,23.9357,1.1461,
000022,2008-03-28,17.1900,2007-09-30,2007-10-31,1.000000,0.0000,14.3353,12.9018,15.7689,1.1991,-0.2495,需更乐观假设才支撑,23.9357,1.1991,
000022,2008-03-31,16.9000,2007-09-30,2007-10-31,1.000000,0.0000,14.3353,12.9018,15.7689,1.1789,-0.2366,需更乐观假设才支撑,23.9357,1.1789,
000022,2008-04-01,15.9500,2007-09-30,2007-10-31,1.000000,0.0000,14.3353,12.9018,15.7689,1.1126,-0.1911,需更乐观假设才支撑,23.9357,1.1126,
000022,2008-04-02,15.7500,2007-09-30,2007-10-31,1.000000,0.0000,14.3353,12.9018,15.7689,1.0987,-0.1808,接近合理价值,23.9357,1.0987,
000022,2008-04-03,16.2900,2007-09-30,2007-10-31,1.000000,0.0000,14.3353,12.9018,15.7689,1.1364,-0.2080,需更乐观假设才支撑,23.9357,1.1364,
000022,2008-04-07,17.2900,2007-09-30,2007-10-31,1.000000,0.0000,14.3353,12.9018,15.7689,1.2061,-0.2538,需更乐观假设才支撑,23.9357,1.2061,
000022,2008-04-08,17.6700,2007-09-30,2007-10-31,1.000000,0.0000,14.3353,12.9018,15.7689,1.2326,-0.2698,需更乐观假设才支撑,23.9357,1.2326,
000022,2008-04-09,17.0000,2007-09-30,2007-10-31,1.000000,0.0000,14.3353,12.9018,15.7689,1.1859,-0.2411,需更乐观假设才支撑,23.9357,1.1859,
000022,2008-04-10,17.9800,2007-09-30,2007-10-31,1.000000,0.0000,14.3353,12.9018,15.7689,1.2542,-0.2824,需更乐观假设才支撑,23.9357,1.2542,
000022,2008-04-11,17.8200,2007-09-30,2007-10-31,1.000000,0.0000,14.3353,12.9018,15.7689,1.2431,-0.2760,需更乐观假设才支撑,23.9357,1.2431,
000022,2008-04-14,16.5500,2007-09-30,2007-10-31,1.000000,0.0000,14.3353,12.9018,15.7689,1.1545,-0.2204,需更乐观假设才支撑,23.9357,1.1545,
000022,2008-04-15,16.9000,2007-09-30,2007-10-31,1.000000,0.0000,14.3353,12.9018,15.7689,1.1789,-0.2366,需更乐观假设才支撑,23.9357,1.1789,
000022,2008-04-16,16.5300,2007-09-30,2007-10-31,1.000000,0.0000,14.3353,12.9018,15.7689,1.1531,-0.2195,需更乐观假设才支撑,23.9357,1.1531,
000022,2008-04-17,16.0400,2007-09-30,2007-10-31,1.000000,0.0000,14.3353,12.9018,15.7689,1.1189,-0.1956,需更乐观假设才支撑,23.9357,1.1189,
000022,2008-04-18,15.2900,2007-09-30,2007-10-31,1.000000,0.0000,14.3353,12.9018,15.7689,1.0666,-0.1562,接近合理价值,23.9357,1.0666,
000022,2008-04-21,15.8500,2007-09-30,2007-10-31,1.000000,0.0000,14.3353,12.9018,15.7689,1.1057,-0.1860,需更乐观假设才支撑,23.9357,1.1057,
000022,2008-04-22,15.6800,2007-09-30,2007-10-31,1.000000,0.0000,14.3353,12.9018,15.7689,1.0938,-0.1772,接近合理价值,23.9357,1.0938,
000022,2008-04-23,16.2600,2007-09-30,2007-10-31,1.000000,0.0000,14.3353,12.9018,15.7689,1.1343,-0.2065,需更乐观假设才支撑,23.9357,1.1343,
000022,2008-04-24,17.8900,2007-09-30,2007-10-31,1.000000,0.0000,14.3353,12.9018,15.7689,1.2480,-0.2788,需更乐观假设才支撑,23.9357,1.2480,
000022,2008-04-25,17.7400,2007-09-30,2007-10-31,1.000000,0.0000,14.3353,12.9018,15.7689,1.2375,-0.2727,需更乐观假设才支撑,23.9357,1.2375,
000022,2008-04-28,17.3900,2007-09-30,2007-10-31,1.000000,0.0000,14.3353,12.9018,15.7689,1.2131,-0.2581,需更乐观假设才支撑,23.9357,1.2131,
000022,2008-04-29,17.7000,2008-03-31,2008-04-30,1.000000,0.0000,17.7826,16.0043,19.5608,0.9954,-0.0958,接近合理价值,28.7840,0.9954,
000022,2008-04-30,18.3600,2008-03-31,2008-04-30,1.000000,0.0000,17.7826,16.0043,19.5608,1.0325,-0.1283,接近合理价值,28.7840,1.0325,
000022,2008-05-05,18.5100,2008-03-31,2008-04-30,1.000000,0.0000,17.7826,16.0043,19.5608,1.0409,-0.1354,接近合理价值,28.7840,1.0409,
000022,2008-05-06,18.5400,2008-03-31,2008-04-30,1.000000,0.0000,17.7826,16.0043,19.5608,1.0426,-0.1368,接近合理价值,28.7840,1.0426,
000022,2008-05-07,17.6000,2008-03-31,2008-04-30,1.000000,0.0000,17.7826,16.0043,19.5608,0.9897,-0.0907,接近合理价值,28.7840,0.9897,
000022,2008-05-08,17.8000,2008-03-31,2008-04-30,1.000000,0.0000,17.7826,16.0043,19.5608,1.0010,-0.1009,接近合理价值,28.7840,1.0010,
000022,2008-05-09,17.3700,2008-03-31,2008-04-30,1.000000,0.0000,17.7826,16.0043,19.5608,0.9768,-0.0786,接近合理价值,28.7840,0.9768,
000022,2008-05-12,17.4700,2008-03-31,2008-04-30,1.000000,0.0000,17.7826,16.0043,19.5608,0.9824,-0.0839,接近合理价值,28.7840,0.9824,
000022,2008-05-13,17.1900,2008-03-31,2008-04-30,1.000000,0.0000,17.7826,16.0043,19.5608,0.9667,-0.0690,接近合理价值,28.7840,0.9667,
000022,2008-05-14,17.8200,2008-03-31,2008-04-30,1.000000,0.0000,17.7826,16.0043,19.5608,1.0021,-0.1019,接近合理价值,28.7840,1.0021,
000022,2008-05-15,17.7000,2008-03-31,2008-04-30,1.000000,0.0000,17.7826,16.0043,19.5608,0.9954,-0.0958,接近合理价值,28.7840,0.9954,
000022,2008-05-16,17.6300,2008-03-31,2008-04-30,1.000000,0.0000,17.7826,16.0043,19.5608,0.9914,-0.0922,接近合理价值,28.7840,0.9914,
000022,2008-05-19,17.7900,2008-03-31,2008-04-30,1.000000,0.0000,17.7826,16.0043,19.5608,1.0004,-0.1004,接近合理价值,28.7840,1.0004,
000022,2008-05-20,16.9200,2008-03-31,2008-04-30,1.000000,0.0000,17.7826,16.0043,19.5608,0.9515,-0.0541,接近合理价值,28.7840,0.9515,
000022,2008-05-21,16.9300,2008-03-31,2008-04-30,1.000000,0.0000,17.7826,16.0043,19.5608,0.9521,-0.0547,接近合理价值,28.7840,0.9521,
000022,2008-05-22,16.3400,2008-03-31,2008-04-30,1.000000,0.0000,17.7826,16.0043,19.5608,0.9189,-0.0205,接近合理价值,28.7840,0.9189,
000022,2008-05-23,16.3000,2008-03-31,2008-04-30,1.000000,0.0000,17.7826,16.0043,19.5608,0.9166,-0.0181,接近合理价值,28.7840,0.9166,
000022,2008-05-26,15.7900,2008-03-31,2008-04-30,1.000000,0.0000,17.7826,16.0043,19.5608,0.8879,0.0136,偏低估,28.7840,0.8879,
000022,2008-05-27,16.0500,2008-03-31,2008-04-30,1.000000,0.0000,17.7826,16.0043,19.5608,0.9026,-0.0028,接近合理价值,28.7840,0.9026,
000022,2008-05-28,16.4000,2008-03-31,2008-04-30,1.000000,0.0000,17.7826,16.0043,19.5608,0.9223,-0.0241,接近合理价值,28.7840,0.9223,
000022,2008-05-30,16.1800,2008-03-31,2008-04-30,1.000000,0.0000,17.7826,16.0043,19.5608,0.9099,-0.0109,接近合理价值,28.7840,0.9099,
000022,2008-06-02,16.0000,2008-03-31,2008-04-30,1.000000,0.0000,17.7826,16.0043,19.5608,0.8998,0.0003,偏低估,28.7840,0.8998,
000022,2008-06-03,15.9000,2008-03-31,2008-04-30,1.000000,0.0000,17.7826,16.0043,19.5608,0.8941,0.0066,偏低估,28.7840,0.8941,
000022,2008-06-04,15.6300,2008-03-31,2008-04-30,1.000000,0.0000,17.7826,16.0043,19.5608,0.8790,0.0239,偏低估,28.7840,0.8790,
000022,2008-06-05,15.7300,2008-03-31,2008-04-30,1.000000,0.0000,17.7826,16.0043,19.5608,0.8846,0.0174,偏低估,28.7840,0.8846,
000022,2008-06-06,15.8100,2008-03-31,2008-04-30,1.000000,0.0000,17.7826,16.0043,19.5608,0.8891,0.0123,偏低估,28.7840,0.8891,
000022,2008-06-10,14.5000,2008-03-31,2008-04-30,1.000000,0.0000,17.7826,16.0043,19.5608,0.8154,0.1037,偏低估,28.7840,0.8154,
000022,2008-06-11,14.9000,2008-03-31,2008-04-30,1.000000,0.0000,17.7826,16.0043,19.5608,0.8379,0.0741,偏低估,28.7840,0.8379,
000022,2008-06-12,15.0500,2008-03-31,2008-04-30,1.000000,0.0000,17.7826,16.0043,19.5608,0.8463,0.0634,偏低估,28.7840,0.8463,
000022,2008-06-13,14.6800,2008-03-31,2008-04-30,1.000000,0.0000,17.7826,16.0043,19.5608,0.8255,0.0902,偏低估,28.7840,0.8255,
000022,2008-06-16,14.9300,2008-03-31,2008-04-30,1.000000,0.0000,17.7826,16.0043,19.5608,0.8396,0.0720,偏低估,28.7840,0.8396,
000022,2008-06-17,14.1900,2008-03-31,2008-04-30,1.000000,0.0000,17.7826,16.0043,19.5608,0.7980,0.1279,偏低估,28.7840,0.7980,
000022,2008-06-18,14.7000,2008-03-31,2008-04-30,1.000000,0.0000,17.7826,16.0043,19.5608,0.8267,0.0887,偏低估,28.7840,0.8267,
000022,2008-06-19,13.7000,2008-03-31,2008-04-30,1.000000,0.0000,17.7826,16.0043,19.5608,0.7704,0.1682,偏低估,28.7840,0.7704,
000022,2008-06-20,14.0500,2008-03-31,2008-04-30,1.000000,0.0000,17.7826,16.0043,19.5608,0.7901,0.1391,偏低估,28.7840,0.7901,
000022,2008-06-23,13.7800,2008-03-31,2008-04-30,1.000000,0.0000,17.7826,16.0043,19.5608,0.7749,0.1614,偏低估,28.7840,0.7749,
000022,2008-06-24,14.0800,2008-03-31,2008-04-30,1.000000,0.0000,17.7826,16.0043,19.5608,0.7918,0.1367,偏低估,28.7840,0.7918,
000022,2008-06-25,14.6800,2008-03-31,2008-04-30,1.000000,0.0000,17.7826,16.0043,19.5608,0.8255,0.0902,偏低估,28.7840,0.8255,
000022,2008-06-26,14.6600,2008-03-31,2008-04-30,1.000000,0.0000,17.7826,16.0043,19.5608,0.8244,0.0917,偏低估,28.7840,0.8244,
000022,2008-06-27,13.9800,2008-03-31,2008-04-30,1.000000,0.0000,17.7826,16.0043,19.5608,0.7862,0.1448,偏低估,28.7840,0.7862,
000022,2008-06-30,13.9000,2008-03-31,2008-04-30,1.000000,0.0000,17.7826,16.0043,19.5608,0.7817,0.1514,偏低估,28.7840,0.7817,
000022,2008-07-01,13.8100,2008-03-31,2008-04-30,1.000000,0.0000,17.7826,16.0043,19.5608,0.7766,0.1589,偏低估,28.7840,0.7766,
000022,2008-07-02,13.9500,2008-03-31,2008-04-30,1.000000,0.0000,17.7826,16.0043,19.5608,0.7845,0.1473,偏低估,28.7840,0.7845,
000022,2008-07-03,14.3000,2008-03-31,2008-04-30,1.000000,0.0000,17.7826,16.0043,19.5608,0.8042,0.1192,偏低估,28.7840,0.8042,
000022,2008-07-04,14.2200,2008-03-31,2008-04-30,1.000000,0.0000,17.7826,16.0043,19.5608,0.7997,0.1255,偏低估,28.7840,0.7997,
000022,2008-07-07,14.7200,2008-03-31,2008-04-30,1.000000,0.0000,17.7826,16.0043,19.5608,0.8278,0.0872,偏低估,28.7840,0.8278,
000022,2008-07-08,14.6900,2008-03-31,2008-04-30,1.000000,0.0000,17.7826,16.0043,19.5608,0.8261,0.0895,偏低估,28.7840,0.8261,
000022,2008-07-09,15.0900,2008-03-31,2008-04-30,1.000000,0.0000,17.7826,16.0043,19.5608,0.8486,0.0606,偏低估,28.7840,0.8486,
000022,2008-07-10,14.8800,2008-03-31,2008-04-30,1.000000,0.0000,17.7826,16.0043,19.5608,0.8368,0.0756,偏低估,28.7840,0.8368,
000022,2008-07-11,14.7600,2008-03-31,2008-04-30,1.000000,0.0000,17.7826,16.0043,19.5608,0.8300,0.0843,偏低估,28.7840,0.8300,
000022,2008-07-14,14.9600,2008-03-31,2008-04-30,1.000000,0.0000,17.7826,16.0043,19.5608,0.8413,0.0698,偏低估,28.7840,0.8413,
000022,2008-07-15,15.0500,2008-03-31,2008-04-30,1.000000,0.0000,17.7826,16.0043,19.5608,0.8463,0.0634,偏低估,28.7840,0.8463,
000022,2008-07-16,14.4300,2008-03-31,2008-04-30,1.000000,0.0000,17.7826,16.0043,19.5608,0.8115,0.1091,偏低估,28.7840,0.8115,
000022,2008-07-17,14.8300,2008-03-31,2008-04-30,1.000000,0.0000,17.7826,16.0043,19.5608,0.8340,0.0792,偏低估,28.7840,0.8340,
000022,2008-07-18,15.2600,2008-03-31,2008-04-30,1.000000,0.0000,17.7826,16.0043,19.5608,0.8581,0.0488,偏低估,28.7840,0.8581,
000022,2008-07-21,15.8600,2008-03-31,2008-04-30,1.000000,0.0000,17.7826,16.0043,19.5608,0.8919,0.0091,偏低估,28.7840,0.8919,
000022,2008-07-22,15.6800,2008-03-31,2008-04-30,1.000000,0.0000,17.7826,16.0043,19.5608,0.8818,0.0207,偏低估,28.7840,0.8818,
000022,2008-07-23,15.8300,2008-03-31,2008-04-30,1.000000,0.0000,17.7826,16.0043,19.5608,0.8902,0.0110,偏低估,28.7840,0.8902,
000022,2008-07-24,16.7500,2008-03-31,2008-04-30,1.000000,0.0000,17.7826,16.0043,19.5608,0.9419,-0.0445,接近合理价值,28.7840,0.9419,
000022,2008-07-25,15.0300,2008-03-31,2008-04-30,1.000000,0.6780,17.1046,15.3263,18.8828,0.8787,0.0197,偏低估,28.7840,0.8787,
000022,2008-07-28,14.9600,2008-03-31,2008-04-30,1.000000,0.6780,17.1046,15.3263,18.8828,0.8746,0.0245,偏低估,28.7840,0.8746,
000022,2008-07-29,14.7900,2008-03-31,2008-04-30,1.000000,0.6780,17.1046,15.3263,18.8828,0.8647,0.0363,偏低估,28.7840,0.8647,
000022,2008-07-30,14.6900,2008-03-31,2008-04-30,1.000000,0.6780,17.1046,15.3263,18.8828,0.8588,0.0433,偏低估,28.7840,0.8588,
000022,2008-07-31,14.1600,2008-03-31,2008-04-30,1.000000,0.6780,17.1046,15.3263,18.8828,0.8278,0.0824,偏低估,28.7840,0.8278,
000022,2008-08-01,14.3100,2008-03-31,2008-04-30,1.000000,0.6780,17.1046,15.3263,18.8828,0.8366,0.0710,偏低估,28.7840,0.8366,
000022,2008-08-04,13.9300,2008-03-31,2008-04-30,1.000000,0.6780,17.1046,15.3263,18.8828,0.8144,0.1002,偏低估,28.7840,0.8144,
000022,2008-08-05,13.5200,2008-03-31,2008-04-30,1.000000,0.6780,17.1046,15.3263,18.8828,0.7904,0.1336,偏低估,28.7840,0.7904,
000022,2008-08-06,13.7000,2008-03-31,2008-04-30,1.000000,0.6780,17.1046,15.3263,18.8828,0.8010,0.1187,偏低估,28.7840,0.8010,
000022,2008-08-07,13.7900,2008-03-31,2008-04-30,1.000000,0.6780,17.1046,15.3263,18.8828,0.8062,0.1114,偏低估,28.7840,0.8062,
000022,2008-08-08,13.5000,2008-03-31,2008-04-30,1.000000,0.6780,17.1046,15.3263,18.8828,0.7893,0.1353,偏低估,28.7840,0.7893,
000022,2008-08-11,13.4100,2008-03-31,2008-04-30,1.000000,0.6780,17.1046,15.3263,18.8828,0.7840,0.1429,偏低估,28.7840,0.7840,
000022,2008-08-12,14.0500,2008-03-31,2008-04-30,1.000000,0.6780,17.1046,15.3263,18.8828,0.8214,0.0908,偏低估,28.7840,0.8214,
000022,2008-08-13,13.9300,2008-03-31,2008-04-30,1.000000,0.6780,17.1046,15.3263,18.8828,0.8144,0.1002,偏低估,28.7840,0.8144,
000022,2008-08-14,13.8100,2008-03-31,2008-04-30,1.000000,0.6780,17.1046,15.3263,18.8828,0.8074,0.1098,偏低估,28.7840,0.8074,
000022,2008-08-15,13.5400,2008-03-31,2008-04-30,1.000000,0.6780,17.1046,15.3263,18.8828,0.7916,0.1319,偏低估,28.7840,0.7916,
000022,2008-08-18,12.3500,2008-03-31,2008-04-30,1.000000,0.6780,17.1046,15.3263,18.8828,0.7220,0.2410,偏低估,28.7840,0.7220,
000022,2008-08-19,12.2700,2008-03-31,2008-04-30,1.000000,0.6780,17.1046,15.3263,18.8828,0.7174,0.2491,偏低估,28.7840,0.7174,
000022,2008-08-20,13.1700,2008-03-31,2008-04-30,1.000000,0.6780,17.1046,15.3263,18.8828,0.7700,0.1637,偏低估,28.7840,0.7700,
000022,2008-08-21,12.5000,2008-03-31,2008-04-30,1.000000,0.6780,17.1046,15.3263,18.8828,0.7308,0.2261,偏低估,28.7840,0.7308,
000022,2008-08-22,12.3200,2008-03-31,2008-04-30,1.000000,0.6780,17.1046,15.3263,18.8828,0.7203,0.2440,偏低估,28.7840,0.7203,
000022,2008-08-25,12.3100,2008-03-31,2008-04-30,1.000000,0.6780,17.1046,15.3263,18.8828,0.7197,0.2450,偏低估,28.7840,0.7197,
000022,2008-08-26,11.9100,2008-03-31,2008-04-30,1.000000,0.6780,17.1046,15.3263,18.8828,0.6963,0.2868,较大安全边际,28.7840,0.6963,
000022,2008-08-27,11.6400,2008-03-31,2008-04-30,1.000000,0.6780,17.1046,15.3263,18.8828,0.6805,0.3167,较大安全边际,28.7840,0.6805,
000022,2008-08-28,11.6400,2008-03-31,2008-04-30,1.000000,0.6780,17.1046,15.3263,18.8828,0.6805,0.3167,较大安全边际,28.7840,0.6805,
000022,2008-08-29,11.9100,2008-06-30,2008-08-31,1.000000,0.0000,16.0117,14.4106,17.6129,0.7438,0.2100,偏低估,25.9406,0.7438,
000022,2008-09-01,11.8500,2008-06-30,2008-08-31,1.000000,0.0000,16.0117,14.4106,17.6129,0.7401,0.2161,偏低估,25.9406,0.7401,
000022,2008-09-02,11.8900,2008-06-30,2008-08-31,1.000000,0.0000,16.0117,14.4106,17.6129,0.7426,0.2120,偏低估,25.9406,0.7426,
000022,2008-09-03,11.7000,2008-06-30,2008-08-31,1.000000,0.0000,16.0117,14.4106,17.6129,0.7307,0.2317,偏低估,25.9406,0.7307,
000022,2008-09-04,11.7100,2008-06-30,2008-08-31,1.000000,0.0000,16.0117,14.4106,17.6129,0.7313,0.2306,偏低估,25.9406,0.7313,
000022,2008-09-05,11.2300,2008-06-30,2008-08-31,1.000000,0.0000,16.0117,14.4106,17.6129,0.7014,0.2832,偏低估,25.9406,0.7014,
000022,2008-09-08,10.9000,2008-06-30,2008-08-31,1.000000,0.0000,16.0117,14.4106,17.6129,0.6808,0.3221,较大安全边际,25.9406,0.6808,
000022,2008-09-09,11.1200,2008-06-30,2008-08-31,1.000000,0.0000,16.0117,14.4106,17.6129,0.6945,0.2959,较大安全边际,25.9406,0.6945,
000022,2008-09-10,11.1600,2008-06-30,2008-08-31,1.000000,0.0000,16.0117,14.4106,17.6129,0.6970,0.2913,较大安全边际,25.9406,0.6970,
000022,2008-09-11,11.5100,2008-06-30,2008-08-31,1.000000,0.0000,16.0117,14.4106,17.6129,0.7188,0.2520,偏低估,25.9406,0.7188,
000022,2008-09-12,11.5300,2008-06-30,2008-08-31,1.000000,0.0000,16.0117,14.4106,17.6129,0.7201,0.2498,偏低估,25.9406,0.7201,
000022,2008-09-16,11.3000,2008-06-30,2008-08-31,1.000000,0.0000,16.0117,14.4106,17.6129,0.7057,0.2753,偏低估,25.9406,0.7057,
000022,2008-09-17,11.2200,2008-06-30,2008-08-31,1.000000,0.0000,16.0117,14.4106,17.6129,0.7007,0.2844,偏低估,25.9406,0.7007,
000022,2008-09-18,10.6600,2008-06-30,2008-08-31,1.000000,0.0000,16.0117,14.4106,17.6129,0.6658,0.3518,较大安全边际,25.9406,0.6658,
000022,2008-09-19,11.7300,2008-06-30,2008-08-31,1.000000,0.0000,16.0117,14.4106,17.6129,0.7326,0.2285,偏低估,25.9406,0.7326,
000022,2008-09-22,12.2000,2008-06-30,2008-08-31,1.000000,0.0000,16.0117,14.4106,17.6129,0.7619,0.1812,偏低估,25.9406,0.7619,
000022,2008-09-23,11.6000,2008-06-30,2008-08-31,1.000000,0.0000,16.0117,14.4106,17.6129,0.7245,0.2423,偏低估,25.9406,0.7245,
000022,2008-09-24,11.8800,2008-06-30,2008-08-31,1.000000,0.0000,16.0117,14.4106,17.6129,0.7420,0.2130,偏低估,25.9406,0.7420,
000022,2008-09-25,12.2800,2008-06-30,2008-08-31,1.000000,0.0000,16.0117,14.4106,17.6129,0.7669,0.1735,偏低估,25.9406,0.7669,
000022,2008-09-26,12.5000,2008-06-30,2008-08-31,1.000000,0.0000,16.0117,14.4106,17.6129,0.7807,0.1528,偏低估,25.9406,0.7807,
000022,2008-10-06,12.1600,2008-06-30,2008-08-31,1.000000,0.0000,16.0117,14.4106,17.6129,0.7594,0.1851,偏低估,25.9406,0.7594,
000022,2008-10-07,12.4700,2008-06-30,2008-08-31,1.000000,0.0000,16.0117,14.4106,17.6129,0.7788,0.1556,偏低估,25.9406,0.7788,
000022,2008-10-08,12.5000,2008-06-30,2008-08-31,1.000000,0.0000,16.0117,14.4106,17.6129,0.7807,0.1528,偏低估,25.9406,0.7807,
000022,2008-10-09,11.8000,2008-06-30,2008-08-31,1.000000,0.0000,16.0117,14.4106,17.6129,0.7370,0.2212,偏低估,25.9406,0.7370,
000022,2008-10-10,11.1300,2008-06-30,2008-08-31,1.000000,0.0000,16.0117,14.4106,17.6129,0.6951,0.2947,较大安全边际,25.9406,0.6951,
000022,2008-10-13,11.4100,2008-06-30,2008-08-31,1.000000,0.0000,16.0117,14.4106,17.6129,0.7126,0.2630,偏低估,25.9406,0.7126,
000022,2008-10-14,11.2300,2008-06-30,2008-08-31,1.000000,0.0000,16.0117,14.4106,17.6129,0.7014,0.2832,偏低估,25.9406,0.7014,
000022,2008-10-15,11.2700,2008-06-30,2008-08-31,1.000000,0.0000,16.0117,14.4106,17.6129,0.7039,0.2787,偏低估,25.9406,0.7039,
000022,2008-10-16,10.6900,2008-06-30,2008-08-31,1.000000,0.0000,16.0117,14.4106,17.6129,0.6676,0.3480,较大安全边际,25.9406,0.6676,
000022,2008-10-17,10.7400,2008-06-30,2008-08-31,1.000000,0.0000,16.0117,14.4106,17.6129,0.6708,0.3418,较大安全边际,25.9406,0.6708,
000022,2008-10-20,10.9800,2008-06-30,2008-08-31,1.000000,0.0000,16.0117,14.4106,17.6129,0.6857,0.3124,较大安全边际,25.9406,0.6857,
000022,2008-10-21,10.9300,2008-06-30,2008-08-31,1.000000,0.0000,16.0117,14.4106,17.6129,0.6826,0.3184,较大安全边际,25.9406,0.6826,
000022,2008-10-22,10.6600,2008-06-30,2008-08-31,1.000000,0.0000,16.0117,14.4106,17.6129,0.6658,0.3518,较大安全边际,25.9406,0.6658,
000022,2008-10-23,10.5800,2008-06-30,2008-08-31,1.000000,0.0000,16.0117,14.4106,17.6129,0.6608,0.3621,较大安全边际,25.9406,0.6608,
000022,2008-10-24,10.5400,2008-06-30,2008-08-31,1.000000,0.0000,16.0117,14.4106,17.6129,0.6583,0.3672,较大安全边际,25.9406,0.6583,
000022,2008-10-27,9.7800,2008-06-30,2008-08-31,1.000000,0.0000,16.0117,14.4106,17.6129,0.6108,0.4735,较大安全边际,25.9406,0.6108,
000022,2008-10-28,9.8500,2008-06-30,2008-08-31,1.000000,0.0000,16.0117,14.4106,17.6129,0.6152,0.4630,较大安全边际,25.9406,0.6152,
000022,2008-10-29,9.6800,2008-06-30,2008-08-31,1.000000,0.0000,16.0117,14.4106,17.6129,0.6046,0.4887,较大安全边际,25.9406,0.6046,
000022,2008-10-30,9.7300,2008-09-30,2008-10-31,1.000000,0.0000,17.0868,15.3781,18.7955,0.5694,0.5805,较大安全边际,27.7002,0.5694,
000022,2008-10-31,9.4300,2008-09-30,2008-10-31,1.000000,0.0000,17.0868,15.3781,18.7955,0.5519,0.6308,较大安全边际,27.7002,0.5519,
000022,2008-11-03,9.4200,2008-09-30,2008-10-31,1.000000,0.0000,17.0868,15.3781,18.7955,0.5513,0.6325,较大安全边际,27.7002,0.5513,
000022,2008-11-04,9.3400,2008-09-30,2008-10-31,1.000000,0.0000,17.0868,15.3781,18.7955,0.5466,0.6465,较大安全边际,27.7002,0.5466,
000022,2008-11-05,9.6000,2008-09-30,2008-10-31,1.000000,0.0000,17.0868,15.3781,18.7955,0.5618,0.6019,较大安全边际,27.7002,0.5618,
000022,2008-11-06,9.3900,2008-09-30,2008-10-31,1.000000,0.0000,17.0868,15.3781,18.7955,0.5495,0.6377,较大安全边际,27.7002,0.5495,
000022,2008-11-07,9.5300,2008-09-30,2008-10-31,1.000000,0.0000,17.0868,15.3781,18.7955,0.5577,0.6137,较大安全边际,27.7002,0.5577,
000022,2008-11-10,10.1500,2008-09-30,2008-10-31,1.000000,0.0000,17.0868,15.3781,18.7955,0.5940,0.5151,较大安全边际,27.7002,0.5940,
000022,2008-11-11,9.9100,2008-09-30,2008-10-31,1.000000,0.0000,17.0868,15.3781,18.7955,0.5800,0.5518,较大安全边际,27.7002,0.5800,
000022,2008-11-12,10.0300,2008-09-30,2008-10-31,1.000000,0.0000,17.0868,15.3781,18.7955,0.5870,0.5332,较大安全边际,27.7002,0.5870,
000022,2008-11-13,10.2900,2008-09-30,2008-10-31,1.000000,0.0000,17.0868,15.3781,18.7955,0.6022,0.4945,较大安全边际,27.7002,0.6022,
000022,2008-11-14,10.6000,2008-09-30,2008-10-31,1.000000,0.0000,17.0868,15.3781,18.7955,0.6204,0.4508,较大安全边际,27.7002,0.6204,
000022,2008-11-17,10.8200,2008-09-30,2008-10-31,1.000000,0.0000,17.0868,15.3781,18.7955,0.6332,0.4213,较大安全边际,27.7002,0.6332,
000022,2008-11-18,10.0000,2008-09-30,2008-10-31,1.000000,0.0000,17.0868,15.3781,18.7955,0.5852,0.5378,较大安全边际,27.7002,0.5852,
000022,2008-11-19,10.5400,2008-09-30,2008-10-31,1.000000,0.0000,17.0868,15.3781,18.7955,0.6169,0.4590,较大安全边际,27.7002,0.6169,
000022,2008-11-20,10.5000,2008-09-30,2008-10-31,1.000000,0.0000,17.0868,15.3781,18.7955,0.6145,0.4646,较大安全边际,27.7002,0.6145,
000022,2008-11-21,10.4400,2008-09-30,2008-10-31,1.000000,0.0000,17.0868,15.3781,18.7955,0.6110,0.4730,较大安全边际,27.7002,0.6110,
000022,2008-11-24,10.3100,2008-09-30,2008-10-31,1.000000,0.0000,17.0868,15.3781,18.7955,0.6034,0.4916,较大安全边际,27.7002,0.6034,
000022,2008-11-25,10.1300,2008-09-30,2008-10-31,1.000000,0.0000,17.0868,15.3781,18.7955,0.5929,0.5181,较大安全边际,27.7002,0.5929,
000022,2008-11-26,10.0900,2008-09-30,2008-10-31,1.000000,0.0000,17.0868,15.3781,18.7955,0.5905,0.5241,较大安全边际,27.7002,0.5905,
000022,2008-11-27,10.1200,2008-09-30,2008-10-31,1.000000,0.0000,17.0868,15.3781,18.7955,0.5923,0.5196,较大安全边际,27.7002,0.5923,
000022,2008-11-28,10.0200,2008-09-30,2008-10-31,1.000000,0.0000,17.0868,15.3781,18.7955,0.5864,0.5347,较大安全边际,27.7002,0.5864,
000022,2008-12-01,10.1700,2008-09-30,2008-10-31,1.000000,0.0000,17.0868,15.3781,18.7955,0.5952,0.5121,较大安全边际,27.7002,0.5952,
000022,2008-12-02,10.9900,2008-09-30,2008-10-31,1.000000,0.0000,17.0868,15.3781,18.7955,0.6432,0.3993,较大安全边际,27.7002,0.6432,
000022,2008-12-03,11.1500,2008-09-30,2008-10-31,1.000000,0.0000,17.0868,15.3781,18.7955,0.6526,0.3792,较大安全边际,27.7002,0.6526,
000022,2008-12-04,11.0000,2008-09-30,2008-10-31,1.000000,0.0000,17.0868,15.3781,18.7955,0.6438,0.3980,较大安全边际,27.7002,0.6438,
000022,2008-12-05,11.1700,2008-09-30,2008-10-31,1.000000,0.0000,17.0868,15.3781,18.7955,0.6537,0.3767,较大安全边际,27.7002,0.6537,
000022,2008-12-08,11.4900,2008-09-30,2008-10-31,1.000000,0.0000,17.0868,15.3781,18.7955,0.6724,0.3384,较大安全边际,27.7002,0.6724,
000022,2008-12-09,11.1200,2008-09-30,2008-10-31,1.000000,0.0000,17.0868,15.3781,18.7955,0.6508,0.3829,较大安全边际,27.7002,0.6508,
000022,2008-12-10,11.3900,2008-09-30,2008-10-31,1.000000,0.0000,17.0868,15.3781,18.7955,0.6666,0.3501,较大安全边际,27.7002,0.6666,
000022,2008-12-11,10.9900,2008-09-30,2008-10-31,1.000000,0.0000,17.0868,15.3781,18.7955,0.6432,0.3993,较大安全边际,27.7002,0.6432,
000022,2008-12-12,10.6000,2008-09-30,2008-10-31,1.000000,0.0000,17.0868,15.3781,18.7955,0.6204,0.4508,较大安全边际,27.7002,0.6204,
000022,2008-12-15,10.7000,2008-09-30,2008-10-31,1.000000,0.0000,17.0868,15.3781,18.7955,0.6262,0.4372,较大安全边际,27.7002,0.6262,
000022,2008-12-16,10.7000,2008-09-30,2008-10-31,1.000000,0.0000,17.0868,15.3781,18.7955,0.6262,0.4372,较大安全边际,27.7002,0.6262,
000022,2008-12-17,10.7100,2008-09-30,2008-10-31,1.000000,0.0000,17.0868,15.3781,18.7955,0.6268,0.4359,较大安全边际,27.7002,0.6268,
000022,2008-12-18,10.9700,2008-09-30,2008-10-31,1.000000,0.0000,17.0868,15.3781,18.7955,0.6420,0.4018,较大安全边际,27.7002,0.6420,
000022,2008-12-19,10.9400,2008-09-30,2008-10-31,1.000000,0.0000,17.0868,15.3781,18.7955,0.6403,0.4057,较大安全边际,27.7002,0.6403,
000022,2008-12-22,10.8800,2008-09-30,2008-10-31,1.000000,0.0000,17.0868,15.3781,18.7955,0.6367,0.4134,较大安全边际,27.7002,0.6367,
000022,2008-12-23,10.1600,2008-09-30,2008-10-31,1.000000,0.0000,17.0868,15.3781,18.7955,0.5946,0.5136,较大安全边际,27.7002,0.5946,
000022,2008-12-24,9.9500,2008-09-30,2008-10-31,1.000000,0.0000,17.0868,15.3781,18.7955,0.5823,0.5455,较大安全边际,27.7002,0.5823,
000022,2008-12-25,9.8200,2008-09-30,2008-10-31,1.000000,0.0000,17.0868,15.3781,18.7955,0.5747,0.5660,较大安全边际,27.7002,0.5747,
000022,2008-12-26,9.7700,2008-09-30,2008-10-31,1.000000,0.0000,17.0868,15.3781,18.7955,0.5718,0.5740,较大安全边际,27.7002,0.5718,
000022,2008-12-29,9.7100,2008-09-30,2008-10-31,1.000000,0.0000,17.0868,15.3781,18.7955,0.5683,0.5837,较大安全边际,27.7002,0.5683,
000022,2008-12-30,9.9000,2008-09-30,2008-10-31,1.000000,0.0000,17.0868,15.3781,18.7955,0.5794,0.5533,较大安全边际,27.7002,0.5794,
000022,2008-12-31,9.5000,2008-09-30,2008-10-31,1.000000,0.0000,17.0868,15.3781,18.7955,0.5560,0.6187,较大安全边际,27.7002,0.5560,
000022,2009-01-05,9.8200,2008-09-30,2008-10-31,1.000000,0.0000,17.0868,15.3781,18.7955,0.5747,0.5660,较大安全边际,27.7002,0.5747,
000022,2009-01-06,10.0800,2008-09-30,2008-10-31,1.000000,0.0000,17.0868,15.3781,18.7955,0.5899,0.5256,较大安全边际,27.7002,0.5899,
000022,2009-01-07,9.9400,2008-09-30,2008-10-31,1.000000,0.0000,17.0868,15.3781,18.7955,0.5817,0.5471,较大安全边际,27.7002,0.5817,
000022,2009-01-08,9.5900,2008-09-30,2008-10-31,1.000000,0.0000,17.0868,15.3781,18.7955,0.5613,0.6036,较大安全边际,27.7002,0.5613,
000022,2009-01-09,9.7400,2008-09-30,2008-10-31,1.000000,0.0000,17.0868,15.3781,18.7955,0.5700,0.5789,较大安全边际,27.7002,0.5700,
000022,2009-01-12,9.8000,2008-09-30,2008-10-31,1.000000,0.0000,17.0868,15.3781,18.7955,0.5735,0.5692,较大安全边际,27.7002,0.5735,
000022,2009-01-13,9.6900,2008-09-30,2008-10-31,1.000000,0.0000,17.0868,15.3781,18.7955,0.5671,0.5870,较大安全边际,27.7002,0.5671,
000022,2009-01-14,9.9600,2008-09-30,2008-10-31,1.000000,0.0000,17.0868,15.3781,18.7955,0.5829,0.5440,较大安全边际,27.7002,0.5829,
000022,2009-01-15,9.9600,2008-09-30,2008-10-31,1.000000,0.0000,17.0868,15.3781,18.7955,0.5829,0.5440,较大安全边际,27.7002,0.5829,
000022,2009-01-16,10.0400,2008-09-30,2008-10-31,1.000000,0.0000,17.0868,15.3781,18.7955,0.5876,0.5317,较大安全边际,27.7002,0.5876,
000022,2009-01-19,10.1300,2008-09-30,2008-10-31,1.000000,0.0000,17.0868,15.3781,18.7955,0.5929,0.5181,较大安全边际,27.7002,0.5929,
000022,2009-01-20,10.2100,2008-09-30,2008-10-31,1.000000,0.0000,17.0868,15.3781,18.7955,0.5975,0.5062,较大安全边际,27.7002,0.5975,
000022,2009-01-21,10.1200,2008-09-30,2008-10-31,1.000000,0.0000,17.0868,15.3781,18.7955,0.5923,0.5196,较大安全边际,27.7002,0.5923,
000022,2009-01-22,10.3500,2008-09-30,2008-10-31,1.000000,0.0000,17.0868,15.3781,18.7955,0.6057,0.4858,较大安全边际,27.7002,0.6057,
000022,2009-01-23,10.2200,2008-09-30,2008-10-31,1.000000,0.0000,17.0868,15.3781,18.7955,0.5981,0.5047,较大安全边际,27.7002,0.5981,
000022,2009-02-02,10.3300,2008-09-30,2008-10-31,1.000000,0.0000,17.0868,15.3781,18.7955,0.6046,0.4887,较大安全边际,27.7002,0.6046,
000022,2009-02-03,10.5900,2008-09-30,2008-10-31,1.000000,0.0000,17.0868,15.3781,18.7955,0.6198,0.4521,较大安全边际,27.7002,0.6198,
000022,2009-02-04,10.8100,2008-09-30,2008-10-31,1.000000,0.0000,17.0868,15.3781,18.7955,0.6327,0.4226,较大安全边际,27.7002,0.6327,
000022,2009-02-05,10.6400,2008-09-30,2008-10-31,1.000000,0.0000,17.0868,15.3781,18.7955,0.6227,0.4453,较大安全边际,27.7002,0.6227,
000022,2009-02-06,11.0900,2008-09-30,2008-10-31,1.000000,0.0000,17.0868,15.3781,18.7955,0.6490,0.3867,较大安全边际,27.7002,0.6490,
000022,2009-02-09,11.6000,2008-09-30,2008-10-31,1.000000,0.0000,17.0868,15.3781,18.7955,0.6789,0.3257,较大安全边际,27.7002,0.6789,
000022,2009-02-10,12.2700,2008-09-30,2008-10-31,1.000000,0.0000,17.0868,15.3781,18.7955,0.7181,0.2533,偏低估,27.7002,0.7181,
000022,2009-02-11,12.0000,2008-09-30,2008-10-31,1.000000,0.0000,17.0868,15.3781,18.7955,0.7023,0.2815,偏低估,27.7002,0.7023,
000022,2009-02-12,11.8400,2008-09-30,2008-10-31,1.000000,0.0000,17.0868,15.3781,18.7955,0.6929,0.2988,较大安全边际,27.7002,0.6929,
000022,2009-02-13,12.3000,2008-09-30,2008-10-31,1.000000,0.0000,17.0868,15.3781,18.7955,0.7199,0.2503,偏低估,27.7002,0.7199,
000022,2009-02-16,12.7900,2008-09-30,2008-10-31,1.000000,0.0000,17.0868,15.3781,18.7955,0.7485,0.2024,偏低估,27.7002,0.7485,
000022,2009-02-17,12.5900,2008-09-30,2008-10-31,1.000000,0.0000,17.0868,15.3781,18.7955,0.7368,0.2215,偏低估,27.7002,0.7368,
000022,2009-02-18,11.7400,2008-09-30,2008-10-31,1.000000,0.0000,17.0868,15.3781,18.7955,0.6871,0.3099,较大安全边际,27.7002,0.6871,
000022,2009-02-19,11.7600,2008-09-30,2008-10-31,1.000000,0.0000,17.0868,15.3781,18.7955,0.6883,0.3077,较大安全边际,27.7002,0.6883,
000022,2009-02-20,11.9200,2008-09-30,2008-10-31,1.000000,0.0000,17.0868,15.3781,18.7955,0.6976,0.2901,较大安全边际,27.7002,0.6976,
000022,2009-02-23,12.3200,2008-09-30,2008-10-31,1.000000,0.0000,17.0868,15.3781,18.7955,0.7210,0.2482,偏低估,27.7002,0.7210,
000022,2009-02-24,11.5400,2008-09-30,2008-10-31,1.000000,0.0000,17.0868,15.3781,18.7955,0.6754,0.3326,较大安全边际,27.7002,0.6754,
000022,2009-02-25,11.6200,2008-09-30,2008-10-31,1.000000,0.0000,17.0868,15.3781,18.7955,0.6801,0.3234,较大安全边际,27.7002,0.6801,
000022,2009-02-26,11.0200,2008-09-30,2008-10-31,1.000000,0.0000,17.0868,15.3781,18.7955,0.6449,0.3955,较大安全边际,27.7002,0.6449,
000022,2009-02-27,10.5600,2008-09-30,2008-10-31,1.000000,0.0000,17.0868,15.3781,18.7955,0.6180,0.4563,较大安全边际,27.7002,0.6180,
000022,2009-03-02,10.7000,2008-09-30,2008-10-31,1.000000,0.0000,17.0868,15.3781,18.7955,0.6262,0.4372,较大安全边际,27.7002,0.6262,
000022,2009-03-03,10.5200,2008-09-30,2008-10-31,1.000000,0.0000,17.0868,15.3781,18.7955,0.6157,0.4618,较大安全边际,27.7002,0.6157,
000022,2009-03-04,11.1700,2008-09-30,2008-10-31,1.000000,0.0000,17.0868,15.3781,18.7955,0.6537,0.3767,较大安全边际,27.7002,0.6537,
000022,2009-03-05,11.1000,2008-09-30,2008-10-31,1.000000,0.0000,17.0868,15.3781,18.7955,0.6496,0.3854,较大安全边际,27.7002,0.6496,
000022,2009-03-06,11.3900,2008-09-30,2008-10-31,1.000000,0.0000,17.0868,15.3781,18.7955,0.6666,0.3501,较大安全边际,27.7002,0.6666,
000022,2009-03-09,10.8000,2008-09-30,2008-10-31,1.000000,0.0000,17.0868,15.3781,18.7955,0.6321,0.4239,较大安全边际,27.7002,0.6321,
000022,2009-03-10,10.9800,2008-09-30,2008-10-31,1.000000,0.0000,17.0868,15.3781,18.7955,0.6426,0.4006,较大安全边际,27.7002,0.6426,
000022,2009-03-11,10.8300,2008-09-30,2008-10-31,1.000000,0.0000,17.0868,15.3781,18.7955,0.6338,0.4200,较大安全边际,27.7002,0.6338,
000022,2009-03-12,10.7800,2008-09-30,2008-10-31,1.000000,0.0000,17.0868,15.3781,18.7955,0.6309,0.4265,较大安全边际,27.7002,0.6309,
000022,2009-03-13,10.6800,2008-09-30,2008-10-31,1.000000,0.0000,17.0868,15.3781,18.7955,0.6250,0.4399,较大安全边际,27.7002,0.6250,
000022,2009-03-16,10.7000,2008-09-30,2008-10-31,1.000000,0.0000,17.0868,15.3781,18.7955,0.6262,0.4372,较大安全边际,27.7002,0.6262,
000022,2009-03-17,11.0200,2008-09-30,2008-10-31,1.000000,0.0000,17.0868,15.3781,18.7955,0.6449,0.3955,较大安全边际,27.7002,0.6449,
000022,2009-03-18,11.1200,2008-09-30,2008-10-31,1.000000,0.0000,17.0868,15.3781,18.7955,0.6508,0.3829,较大安全边际,27.7002,0.6508,
000022,2009-03-19,11.3500,2008-09-30,2008-10-31,1.000000,0.0000,17.0868,15.3781,18.7955,0.6643,0.3549,较大安全边际,27.7002,0.6643,
000022,2009-03-20,11.4300,2008-09-30,2008-10-31,1.000000,0.0000,17.0868,15.3781,18.7955,0.6689,0.3454,较大安全边际,27.7002,0.6689,
000022,2009-03-23,11.5400,2008-09-30,2008-10-31,1.000000,0.0000,17.0868,15.3781,18.7955,0.6754,0.3326,较大安全边际,27.7002,0.6754,
000022,2009-03-24,11.5400,2008-09-30,2008-10-31,1.000000,0.0000,17.0868,15.3781,18.7955,0.6754,0.3326,较大安全边际,27.7002,0.6754,
000022,2009-03-25,11.1500,2008-09-30,2008-10-31,1.000000,0.0000,17.0868,15.3781,18.7955,0.6526,0.3792,较大安全边际,27.7002,0.6526,
000022,2009-03-26,11.4100,2008-09-30,2008-10-31,1.000000,0.0000,17.0868,15.3781,18.7955,0.6678,0.3478,较大安全边际,27.7002,0.6678,
000022,2009-03-27,11.7200,2008-09-30,2008-10-31,1.000000,0.0000,17.0868,15.3781,18.7955,0.6859,0.3121,较大安全边际,27.7002,0.6859,
000022,2009-03-30,12.0700,2008-09-30,2008-10-31,1.000000,0.0000,17.0868,15.3781,18.7955,0.7064,0.2741,偏低估,27.7002,0.7064,
000022,2009-03-31,12.0000,2008-09-30,2008-10-31,1.000000,0.0000,17.0868,15.3781,18.7955,0.7023,0.2815,偏低估,27.7002,0.7023,
000022,2009-04-01,12.5200,2008-09-30,2008-10-31,1.000000,0.0000,17.0868,15.3781,18.7955,0.7327,0.2283,偏低估,27.7002,0.7327,
000022,2009-04-02,13.0100,2008-09-30,2008-10-31,1.000000,0.0000,17.0868,15.3781,18.7955,0.7614,0.1820,偏低估,27.7002,0.7614,
000022,2009-04-03,13.0500,2008-09-30,2008-10-31,1.000000,0.0000,17.0868,15.3781,18.7955,0.7637,0.1784,偏低估,27.7002,0.7637,
000022,2009-04-07,13.0200,2008-09-30,2008-10-31,1.000000,0.0000,17.0868,15.3781,18.7955,0.7620,0.1811,偏低估,27.7002,0.7620,
000022,2009-04-08,12.2500,2008-09-30,2008-10-31,1.000000,0.0000,17.0868,15.3781,18.7955,0.7169,0.2554,偏低估,27.7002,0.7169,
000022,2009-04-09,12.6300,2008-09-30,2008-10-31,1.000000,0.0000,17.0868,15.3781,18.7955,0.7392,0.2176,偏低估,27.7002,0.7392,
000022,2009-04-10,13.1500,2008-09-30,2008-10-31,1.000000,0.0000,17.0868,15.3781,18.7955,0.7696,0.1694,偏低估,27.7002,0.7696,
000022,2009-04-13,13.5700,2008-09-30,2008-10-31,1.000000,0.0000,17.0868,15.3781,18.7955,0.7942,0.1332,偏低估,27.7002,0.7942,
000022,2009-04-14,13.6700,2008-09-30,2008-10-31,1.000000,0.0000,17.0868,15.3781,18.7955,0.8000,0.1250,偏低估,27.7002,0.8000,
000022,2009-04-15,13.4800,2008-09-30,2008-10-31,1.000000,0.0000,17.0868,15.3781,18.7955,0.7889,0.1408,偏低估,27.7002,0.7889,
000022,2009-04-16,13.4600,2008-09-30,2008-10-31,1.000000,0.0000,17.0868,15.3781,18.7955,0.7877,0.1425,偏低估,27.7002,0.7877,
000022,2009-04-17,13.0400,2008-09-30,2008-10-31,1.000000,0.0000,17.0868,15.3781,18.7955,0.7632,0.1793,偏低估,27.7002,0.7632,
000022,2009-04-20,13.5000,2008-09-30,2008-10-31,1.000000,0.0000,17.0868,15.3781,18.7955,0.7901,0.1391,偏低估,27.7002,0.7901,
000022,2009-04-21,13.0600,2008-09-30,2008-10-31,1.000000,0.0000,17.0868,15.3781,18.7955,0.7643,0.1775,偏低估,27.7002,0.7643,
000022,2009-04-22,12.5500,2008-09-30,2008-10-31,1.000000,0.0000,17.0868,15.3781,18.7955,0.7345,0.2253,偏低估,27.7002,0.7345,
000022,2009-04-23,12.6800,2008-09-30,2008-10-31,1.000000,0.0000,17.0868,15.3781,18.7955,0.7421,0.2128,偏低估,27.7002,0.7421,
000022,2009-04-24,12.4000,2008-09-30,2008-10-31,1.000000,0.0000,17.0868,15.3781,18.7955,0.7257,0.2402,偏低估,27.7002,0.7257,
000022,2009-04-27,11.9500,2008-09-30,2008-10-31,1.000000,0.0000,17.0868,15.3781,18.7955,0.6994,0.2869,较大安全边际,27.7002,0.6994,
000022,2009-04-28,12.0800,2008-09-30,2008-10-31,1.000000,0.0000,17.0868,15.3781,18.7955,0.7070,0.2730,偏低估,27.7002,0.7070,
000022,2009-04-29,12.3800,2009-03-31,2009-04-30,1.000000,0.0000,12.7040,11.4336,13.9744,0.9745,-0.0764,接近合理价值,20.4784,0.9745,
000022,2009-04-30,12.3800,2009-03-31,2009-04-30,1.000000,0.0000,12.7040,11.4336,13.9744,0.9745,-0.0764,接近合理价值,20.4784,0.9745,
000022,2009-05-04,12.7400,2009-03-31,2009-04-30,1.000000,0.0000,12.7040,11.4336,13.9744,1.0028,-0.1025,接近合理价值,20.4784,1.0028,
000022,2009-05-05,12.7400,2009-03-31,2009-04-30,1.000000,0.0000,12.7040,11.4336,13.9744,1.0028,-0.1025,接近合理价值,20.4784,1.0028,
000022,2009-05-06,12.7500,2009-03-31,2009-04-30,1.000000,0.0000,12.7040,11.4336,13.9744,1.0036,-0.1032,接近合理价值,20.4784,1.0036,
000022,2009-05-07,12.5600,2009-03-31,2009-04-30,1.000000,0.0000,12.7040,11.4336,13.9744,0.9887,-0.0897,接近合理价值,20.4784,0.9887,
000022,2009-05-08,13.1500,2009-03-31,2009-04-30,1.000000,0.0000,12.7040,11.4336,13.9744,1.0351,-0.1305,接近合理价值,20.4784,1.0351,
000022,2009-05-11,12.6600,2009-03-31,2009-04-30,1.000000,0.0000,12.7040,11.4336,13.9744,0.9965,-0.0969,接近合理价值,20.4784,0.9965,
000022,2009-05-12,12.9800,2009-03-31,2009-04-30,1.000000,0.0000,12.7040,11.4336,13.9744,1.0217,-0.1191,接近合理价值,20.4784,1.0217,
000022,2009-05-13,13.0700,2009-03-31,2009-04-30,1.000000,0.0000,12.7040,11.4336,13.9744,1.0288,-0.1252,接近合理价值,20.4784,1.0288,
000022,2009-05-14,13.3100,2009-03-31,2009-04-30,1.000000,0.0000,12.7040,11.4336,13.9744,1.0477,-0.1410,接近合理价值,20.4784,1.0477,
000022,2009-05-15,13.3100,2009-03-31,2009-04-30,1.000000,0.0000,12.7040,11.4336,13.9744,1.0477,-0.1410,接近合理价值,20.4784,1.0477,
000022,2009-05-18,13.2300,2009-03-31,2009-04-30,1.000000,0.0000,12.7040,11.4336,13.9744,1.0414,-0.1358,接近合理价值,20.4784,1.0414,
000022,2009-05-19,13.1300,2009-03-31,2009-04-30,1.000000,0.0000,12.7040,11.4336,13.9744,1.0335,-0.1292,接近合理价值,20.4784,1.0335,
000022,2009-05-20,13.0100,2009-03-31,2009-04-30,1.000000,0.0000,12.7040,11.4336,13.9744,1.0241,-0.1212,接近合理价值,20.4784,1.0241,
000022,2009-05-21,12.6000,2009-03-31,2009-04-30,1.000000,0.0000,12.7040,11.4336,13.9744,0.9918,-0.0926,接近合理价值,20.4784,0.9918,
000022,2009-05-25,12.5800,2009-03-31,2009-04-30,1.000000,0.0000,12.7040,11.4336,13.9744,0.9902,-0.0911,接近合理价值,20.4784,0.9902,
000022,2009-05-26,12.5500,2009-03-31,2009-04-30,1.000000,0.0000,12.7040,11.4336,13.9744,0.9879,-0.0890,接近合理价值,20.4784,0.9879,
000022,2009-05-27,12.8800,2009-03-31,2009-04-30,1.000000,0.0000,12.7040,11.4336,13.9744,1.0139,-0.1123,接近合理价值,20.4784,1.0139,
000022,2009-06-01,12.9900,2009-03-31,2009-04-30,1.000000,0.0000,12.7040,11.4336,13.9744,1.0225,-0.1198,接近合理价值,20.4784,1.0225,
000022,2009-06-02,13.1100,2009-03-31,2009-04-30,1.000000,0.0000,12.7040,11.4336,13.9744,1.0320,-0.1279,接近合理价值,20.4784,1.0320,
000022,2009-06-03,13.4800,2009-03-31,2009-04-30,1.000000,0.0000,12.7040,11.4336,13.9744,1.0611,-0.1518,接近合理价值,20.4784,1.0611,
000022,2009-06-04,13.1800,2009-03-31,2009-04-30,1.000000,0.0000,12.7040,11.4336,13.9744,1.0375,-0.1325,接近合理价值,20.4784,1.0375,
000022,2009-06-05,13.2400,2009-03-31,2009-04-30,1.000000,0.0000,12.7040,11.4336,13.9744,1.0422,-0.1364,接近合理价值,20.4784,1.0422,
000022,2009-06-08,13.3000,2009-03-31,2009-04-30,1.000000,0.0000,12.7040,11.4336,13.9744,1.0469,-0.1403,接近合理价值,20.4784,1.0469,
000022,2009-06-09,13.2500,2009-03-31,2009-04-30,1.000000,0.0000,12.7040,11.4336,13.9744,1.0430,-0.1371,接近合理价值,20.4784,1.0430,
000022,2009-06-10,13.7000,2009-03-31,2009-04-30,1.000000,0.0000,12.7040,11.4336,13.9744,1.0784,-0.1654,接近合理价值,20.4784,1.0784,
000022,2009-06-11,13.5500,2009-03-31,2009-04-30,1.000000,0.0000,12.7040,11.4336,13.9744,1.0666,-0.1562,接近合理价值,20.4784,1.0666,
000022,2009-06-12,13.1000,2009-03-31,2009-04-30,1.000000,0.0000,12.7040,11.4336,13.9744,1.0312,-0.1272,接近合理价值,20.4784,1.0312,
000022,2009-06-15,13.2200,2009-03-31,2009-04-30,1.000000,0.0000,12.7040,11.4336,13.9744,1.0406,-0.1351,接近合理价值,20.4784,1.0406,
000022,2009-06-16,13.1900,2009-03-31,2009-04-30,1.000000,0.0000,12.7040,11.4336,13.9744,1.0383,-0.1332,接近合理价值,20.4784,1.0383,
000022,2009-06-17,13.3400,2009-03-31,2009-04-30,1.000000,0.0000,12.7040,11.4336,13.9744,1.0501,-0.1429,接近合理价值,20.4784,1.0501,
000022,2009-06-18,13.3300,2009-03-31,2009-04-30,1.000000,0.0000,12.7040,11.4336,13.9744,1.0493,-0.1423,接近合理价值,20.4784,1.0493,
000022,2009-06-19,13.6900,2009-03-31,2009-04-30,1.000000,0.0000,12.7040,11.4336,13.9744,1.0776,-0.1648,接近合理价值,20.4784,1.0776,
000022,2009-06-22,14.0000,2009-03-31,2009-04-30,1.000000,0.0000,12.7040,11.4336,13.9744,1.1020,-0.1833,需更乐观假设才支撑,20.4784,1.1020,
000022,2009-06-23,14.3900,2009-03-31,2009-04-30,1.000000,0.0000,12.7040,11.4336,13.9744,1.1327,-0.2054,需更乐观假设才支撑,20.4784,1.1327,
000022,2009-06-24,14.4400,2009-03-31,2009-04-30,1.000000,0.0000,12.7040,11.4336,13.9744,1.1366,-0.2082,需更乐观假设才支撑,20.4784,1.1366,
000022,2009-06-25,14.0700,2009-03-31,2009-04-30,1.000000,0.0000,12.7040,11.4336,13.9744,1.1075,-0.1874,需更乐观假设才支撑,20.4784,1.1075,
000022,2009-06-26,14.0000,2009-03-31,2009-04-30,1.000000,0.0000,12.7040,11.4336,13.9744,1.1020,-0.1833,需更乐观假设才支撑,20.4784,1.1020,
000022,2009-06-29,14.4200,2009-03-31,2009-04-30,1.000000,0.0000,12.7040,11.4336,13.9744,1.1351,-0.2071,需更乐观假设才支撑,20.4784,1.1351,
000022,2009-06-30,14.1000,2009-03-31,2009-04-30,1.000000,0.0000,12.7040,11.4336,13.9744,1.1099,-0.1891,需更乐观假设才支撑,20.4784,1.1099,
000022,2009-07-01,13.9900,2009-03-31,2009-04-30,1.000000,0.0000,12.7040,11.4336,13.9744,1.1012,-0.1827,需更乐观假设才支撑,20.4784,1.1012,
000022,2009-07-02,14.3600,2009-03-31,2009-04-30,1.000000,0.0000,12.7040,11.4336,13.9744,1.1303,-0.2038,需更乐观假设才支撑,20.4784,1.1303,
000022,2009-07-03,14.1800,2009-03-31,2009-04-30,1.000000,0.0000,12.7040,11.4336,13.9744,1.1162,-0.1937,需更乐观假设才支撑,20.4784,1.1162,
000022,2009-07-06,14.5400,2009-03-31,2009-04-30,1.000000,0.0000,12.7040,11.4336,13.9744,1.1445,-0.2136,需更乐观假设才支撑,20.4784,1.1445,
000022,2009-07-07,14.4800,2009-03-31,2009-04-30,1.000000,0.0000,12.7040,11.4336,13.9744,1.1398,-0.2104,需更乐观假设才支撑,20.4784,1.1398,
000022,2009-07-08,14.9200,2009-03-31,2009-04-30,1.000000,0.0000,12.7040,11.4336,13.9744,1.1744,-0.2337,需更乐观假设才支撑,20.4784,1.1744,
000022,2009-07-09,15.5300,2009-03-31,2009-04-30,1.000000,0.0000,12.7040,11.4336,13.9744,1.2224,-0.2638,需更乐观假设才支撑,20.4784,1.2224,
000022,2009-07-10,15.5700,2009-03-31,2009-04-30,1.000000,0.0000,12.7040,11.4336,13.9744,1.2256,-0.2657,需更乐观假设才支撑,20.4784,1.2256,
000022,2009-07-13,15.8800,2009-03-31,2009-04-30,1.000000,0.0000,12.7040,11.4336,13.9744,1.2500,-0.2800,需更乐观假设才支撑,20.4784,1.2500,
000022,2009-07-14,15.9400,2009-03-31,2009-04-30,1.000000,0.0000,12.7040,11.4336,13.9744,1.2547,-0.2827,需更乐观假设才支撑,20.4784,1.2547,
000022,2009-07-15,16.1900,2009-03-31,2009-04-30,1.000000,0.0000,12.7040,11.4336,13.9744,1.2744,-0.2938,需更乐观假设才支撑,20.4784,1.2744,
000022,2009-07-16,16.7000,2009-03-31,2009-04-30,1.000000,0.0000,12.7040,11.4336,13.9744,1.3145,-0.3154,需更乐观假设才支撑,20.4784,1.3145,
000022,2009-07-17,15.4700,2009-03-31,2009-04-30,1.000000,0.5000,12.2040,10.9336,13.4744,1.2676,-0.2932,需更乐观假设才支撑,20.4784,1.2676,
000022,2009-07-20,15.4400,2009-03-31,2009-04-30,1.000000,0.5000,12.2040,10.9336,13.4744,1.2652,-0.2919,需更乐观假设才支撑,20.4784,1.2652,
000022,2009-07-21,14.9300,2009-03-31,2009-04-30,1.000000,0.5000,12.2040,10.9336,13.4744,1.2234,-0.2677,需更乐观假设才支撑,20.4784,1.2234,
000022,2009-07-22,14.9500,2009-03-31,2009-04-30,1.000000,0.5000,12.2040,10.9336,13.4744,1.2250,-0.2687,需更乐观假设才支撑,20.4784,1.2250,
000022,2009-07-23,15.1500,2009-03-31,2009-04-30,1.000000,0.5000,12.2040,10.9336,13.4744,1.2414,-0.2783,需更乐观假设才支撑,20.4784,1.2414,
000022,2009-07-24,15.1100,2009-03-31,2009-04-30,1.000000,0.5000,12.2040,10.9336,13.4744,1.2381,-0.2764,需更乐观假设才支撑,20.4784,1.2381,
000022,2009-07-27,15.3400,2009-03-31,2009-04-30,1.000000,0.5000,12.2040,10.9336,13.4744,1.2570,-0.2872,需更乐观假设才支撑,20.4784,1.2570,
000022,2009-07-28,15.6700,2009-03-31,2009-04-30,1.000000,0.5000,12.2040,10.9336,13.4744,1.2840,-0.3023,需更乐观假设才支撑,20.4784,1.2840,
000022,2009-07-29,14.4800,2009-03-31,2009-04-30,1.000000,0.5000,12.2040,10.9336,13.4744,1.1865,-0.2449,需更乐观假设才支撑,20.4784,1.1865,
000022,2009-07-30,14.8400,2009-03-31,2009-04-30,1.000000,0.5000,12.2040,10.9336,13.4744,1.2160,-0.2632,需更乐观假设才支撑,20.4784,1.2160,
000022,2009-07-31,15.4800,2009-03-31,2009-04-30,1.000000,0.5000,12.2040,10.9336,13.4744,1.2684,-0.2937,需更乐观假设才支撑,20.4784,1.2684,
000022,2009-08-03,15.9600,2009-03-31,2009-04-30,1.000000,0.5000,12.2040,10.9336,13.4744,1.3078,-0.3149,需更乐观假设才支撑,20.4784,1.3078,
000022,2009-08-04,16.6300,2009-03-31,2009-04-30,1.000000,0.5000,12.2040,10.9336,13.4744,1.3627,-0.3425,需更乐观假设才支撑,20.4784,1.3627,
000022,2009-08-05,16.2500,2009-03-31,2009-04-30,1.000000,0.5000,12.2040,10.9336,13.4744,1.3315,-0.3272,需更乐观假设才支撑,20.4784,1.3315,
000022,2009-08-06,15.8200,2009-03-31,2009-04-30,1.000000,0.5000,12.2040,10.9336,13.4744,1.2963,-0.3089,需更乐观假设才支撑,20.4784,1.2963,
000022,2009-08-07,15.6600,2009-03-31,2009-04-30,1.000000,0.5000,12.2040,10.9336,13.4744,1.2832,-0.3018,需更乐观假设才支撑,20.4784,1.2832,
000022,2009-08-10,15.6000,2009-03-31,2009-04-30,1.000000,0.5000,12.2040,10.9336,13.4744,1.2783,-0.2991,需更乐观假设才支撑,20.4784,1.2783,
000022,2009-08-11,15.7300,2009-03-31,2009-04-30,1.000000,0.5000,12.2040,10.9336,13.4744,1.2889,-0.3049,需更乐观假设才支撑,20.4784,1.2889,
000022,2009-08-12,14.9400,2009-03-31,2009-04-30,1.000000,0.5000,12.2040,10.9336,13.4744,1.2242,-0.2682,需更乐观假设才支撑,20.4784,1.2242,
000022,2009-08-13,14.7700,2009-03-31,2009-04-30,1.000000,0.5000,12.2040,10.9336,13.4744,1.2103,-0.2597,需更乐观假设才支撑,20.4784,1.2103,
000022,2009-08-14,13.8200,2009-03-31,2009-04-30,1.000000,0.5000,12.2040,10.9336,13.4744,1.1324,-0.2089,需更乐观假设才支撑,20.4784,1.1324,
000022,2009-08-17,13.1500,2009-03-31,2009-04-30,1.000000,0.5000,12.2040,10.9336,13.4744,1.0775,-0.1685,接近合理价值,20.4784,1.0775,
000022,2009-08-18,13.4300,2009-03-31,2009-04-30,1.000000,0.5000,12.2040,10.9336,13.4744,1.1005,-0.1859,需更乐观假设才支撑,20.4784,1.1005,
000022,2009-08-19,12.7800,2009-03-31,2009-04-30,1.000000,0.5000,12.2040,10.9336,13.4744,1.0472,-0.1445,接近合理价值,20.4784,1.0472,
000022,2009-08-20,13.1900,2009-03-31,2009-04-30,1.000000,0.5000,12.2040,10.9336,13.4744,1.0808,-0.1711,接近合理价值,20.4784,1.0808,
000022,2009-08-21,13.3600,2009-03-31,2009-04-30,1.000000,0.5000,12.2040,10.9336,13.4744,1.0947,-0.1816,接近合理价值,20.4784,1.0947,
000022,2009-08-24,13.3600,2009-03-31,2009-04-30,1.000000,0.5000,12.2040,10.9336,13.4744,1.0947,-0.1816,接近合理价值,20.4784,1.0947,
000022,2009-08-25,12.6600,2009-03-31,2009-04-30,1.000000,0.5000,12.2040,10.9336,13.4744,1.0374,-0.1364,接近合理价值,20.4784,1.0374,
000022,2009-08-26,13.0300,2009-03-31,2009-04-30,1.000000,0.5000,12.2040,10.9336,13.4744,1.0677,-0.1609,接近合理价值,20.4784,1.0677,
000022,2009-08-27,13.1800,2009-03-31,2009-04-30,1.000000,0.5000,12.2040,10.9336,13.4744,1.0800,-0.1704,接近合理价值,20.4784,1.0800,
000022,2009-08-28,12.8400,2009-06-30,2009-08-31,1.000000,0.0000,11.7430,10.5687,12.9173,1.0934,-0.1769,接近合理价值,18.9285,1.0934,
000022,2009-08-31,12.1900,2009-06-30,2009-08-31,1.000000,0.0000,11.7430,10.5687,12.9173,1.0381,-0.1330,接近合理价值,18.9285,1.0381,
000022,2009-09-01,12.2100,2009-06-30,2009-08-31,1.000000,0.0000,11.7430,10.5687,12.9173,1.0398,-0.1344,接近合理价值,18.9285,1.0398,
000022,2009-09-02,12.2000,2009-06-30,2009-08-31,1.000000,0.0000,11.7430,10.5687,12.9173,1.0389,-0.1337,接近合理价值,18.9285,1.0389,
000022,2009-09-03,12.7900,2009-06-30,2009-08-31,1.000000,0.0000,11.7430,10.5687,12.9173,1.0892,-0.1737,接近合理价值,18.9285,1.0892,
000022,2009-09-04,12.8800,2009-06-30,2009-08-31,1.000000,0.0000,11.7430,10.5687,12.9173,1.0968,-0.1795,接近合理价值,18.9285,1.0968,
000022,2009-09-07,12.9200,2009-06-30,2009-08-31,1.000000,0.0000,11.7430,10.5687,12.9173,1.1002,-0.1820,需更乐观假设才支撑,18.9285,1.1002,
000022,2009-09-08,13.0800,2009-06-30,2009-08-31,1.000000,0.0000,11.7430,10.5687,12.9173,1.1139,-0.1920,需更乐观假设才支撑,18.9285,1.1139,
000022,2009-09-09,13.3300,2009-06-30,2009-08-31,1.000000,0.0000,11.7430,10.5687,12.9173,1.1351,-0.2072,需更乐观假设才支撑,18.9285,1.1351,
000022,2009-09-10,13.1700,2009-06-30,2009-08-31,1.000000,0.0000,11.7430,10.5687,12.9173,1.1215,-0.1975,需更乐观假设才支撑,18.9285,1.1215,
000022,2009-09-11,13.3200,2009-06-30,2009-08-31,1.000000,0.0000,11.7430,10.5687,12.9173,1.1343,-0.2066,需更乐观假设才支撑,18.9285,1.1343,
000022,2009-09-14,13.5900,2009-06-30,2009-08-31,1.000000,0.0000,11.7430,10.5687,12.9173,1.1573,-0.2223,需更乐观假设才支撑,18.9285,1.1573,
000022,2009-09-15,13.4900,2009-06-30,2009-08-31,1.000000,0.0000,11.7430,10.5687,12.9173,1.1488,-0.2166,需更乐观假设才支撑,18.9285,1.1488,
000022,2009-09-16,13.3800,2009-06-30,2009-08-31,1.000000,0.0000,11.7430,10.5687,12.9173,1.1394,-0.2101,需更乐观假设才支撑,18.9285,1.1394,
000022,2009-09-17,13.8200,2009-06-30,2009-08-31,1.000000,0.0000,11.7430,10.5687,12.9173,1.1769,-0.2353,需更乐观假设才支撑,18.9285,1.1769,
000022,2009-09-18,13.8900,2009-06-30,2009-08-31,1.000000,0.0000,11.7430,10.5687,12.9173,1.1828,-0.2391,需更乐观假设才支撑,18.9285,1.1828,
000022,2009-09-21,13.9000,2009-06-30,2009-08-31,1.000000,0.0000,11.7430,10.5687,12.9173,1.1837,-0.2397,需更乐观假设才支撑,18.9285,1.1837,
000022,2009-09-22,13.5100,2009-06-30,2009-08-31,1.000000,0.0000,11.7430,10.5687,12.9173,1.1505,-0.2177,需更乐观假设才支撑,18.9285,1.1505,
000022,2009-09-23,13.0000,2009-06-30,2009-08-31,1.000000,0.0000,11.7430,10.5687,12.9173,1.1070,-0.1870,需更乐观假设才支撑,18.9285,1.1070,
000022,2009-09-24,12.8300,2009-06-30,2009-08-31,1.000000,0.0000,11.7430,10.5687,12.9173,1.0926,-0.1763,接近合理价值,18.9285,1.0926,
000022,2009-09-25,12.7800,2009-06-30,2009-08-31,1.000000,0.0000,11.7430,10.5687,12.9173,1.0883,-0.1730,接近合理价值,18.9285,1.0883,
000022,2009-09-28,12.5300,2009-06-30,2009-08-31,1.000000,0.0000,11.7430,10.5687,12.9173,1.0670,-0.1565,接近合理价值,18.9285,1.0670,
000022,2009-09-29,12.4800,2009-06-30,2009-08-31,1.000000,0.0000,11.7430,10.5687,12.9173,1.0628,-0.1532,接近合理价值,18.9285,1.0628,
000022,2009-09-30,12.5400,2009-06-30,2009-08-31,1.000000,0.0000,11.7430,10.5687,12.9173,1.0679,-0.1572,接近合理价值,18.9285,1.0679,
000022,2009-10-09,13.1200,2009-06-30,2009-08-31,1.000000,0.0000,11.7430,10.5687,12.9173,1.1173,-0.1945,需更乐观假设才支撑,18.9285,1.1173,
000022,2009-10-12,12.9800,2009-06-30,2009-08-31,1.000000,0.0000,11.7430,10.5687,12.9173,1.1053,-0.1858,需更乐观假设才支撑,18.9285,1.1053,
000022,2009-10-13,13.3300,2009-06-30,2009-08-31,1.000000,0.0000,11.7430,10.5687,12.9173,1.1351,-0.2072,需更乐观假设才支撑,18.9285,1.1351,
000022,2009-10-14,13.5700,2009-06-30,2009-08-31,1.000000,0.0000,11.7430,10.5687,12.9173,1.1556,-0.2212,需更乐观假设才支撑,18.9285,1.1556,
000022,2009-10-15,13.4900,2009-06-30,2009-08-31,1.000000,0.0000,11.7430,10.5687,12.9173,1.1488,-0.2166,需更乐观假设才支撑,18.9285,1.1488,
000022,2009-10-16,13.5000,2009-06-30,2009-08-31,1.000000,0.0000,11.7430,10.5687,12.9173,1.1496,-0.2171,需更乐观假设才支撑,18.9285,1.1496,
000022,2009-10-19,13.9800,2009-06-30,2009-08-31,1.000000,0.0000,11.7430,10.5687,12.9173,1.1905,-0.2440,需更乐观假设才支撑,18.9285,1.1905,
000022,2009-10-20,13.9200,2009-06-30,2009-08-31,1.000000,0.0000,11.7430,10.5687,12.9173,1.1854,-0.2408,需更乐观假设才支撑,18.9285,1.1854,
000022,2009-10-21,13.7200,2009-06-30,2009-08-31,1.000000,0.0000,11.7430,10.5687,12.9173,1.1684,-0.2297,需更乐观假设才支撑,18.9285,1.1684,
000022,2009-10-22,13.6000,2009-06-30,2009-08-31,1.000000,0.0000,11.7430,10.5687,12.9173,1.1581,-0.2229,需更乐观假设才支撑,18.9285,1.1581,
000022,2009-10-23,13.8500,2009-06-30,2009-08-31,1.000000,0.0000,11.7430,10.5687,12.9173,1.1794,-0.2369,需更乐观假设才支撑,18.9285,1.1794,
000022,2009-10-26,14.0900,2009-06-30,2009-08-31,1.000000,0.0000,11.7430,10.5687,12.9173,1.1999,-0.2499,需更乐观假设才支撑,18.9285,1.1999,
000022,2009-10-27,13.5400,2009-06-30,2009-08-31,1.000000,0.0000,11.7430,10.5687,12.9173,1.1530,-0.2194,需更乐观假设才支撑,18.9285,1.1530,
000022,2009-10-28,13.7200,2009-06-30,2009-08-31,1.000000,0.0000,11.7430,10.5687,12.9173,1.1684,-0.2297,需更乐观假设才支撑,18.9285,1.1684,
000022,2009-10-30,13.5500,2009-09-30,2009-10-31,1.000000,0.0000,12.5199,11.2679,13.7719,1.0823,-0.1684,接近合理价值,20.1641,1.0823,
000022,2009-11-02,13.8400,2009-09-30,2009-10-31,1.000000,0.0000,12.5199,11.2679,13.7719,1.1054,-0.1858,需更乐观假设才支撑,20.1641,1.1054,
000022,2009-11-03,14.0700,2009-09-30,2009-10-31,1.000000,0.0000,12.5199,11.2679,13.7719,1.1238,-0.1992,需更乐观假设才支撑,20.1641,1.1238,
000022,2009-11-04,14.2700,2009-09-30,2009-10-31,1.000000,0.0000,12.5199,11.2679,13.7719,1.1398,-0.2104,需更乐观假设才支撑,20.1641,1.1398,
000022,2009-11-05,14.4600,2009-09-30,2009-10-31,1.000000,0.0000,12.5199,11.2679,13.7719,1.1550,-0.2208,需更乐观假设才支撑,20.1641,1.1550,
000022,2009-11-06,14.2000,2009-09-30,2009-10-31,1.000000,0.0000,12.5199,11.2679,13.7719,1.1342,-0.2065,需更乐观假设才支撑,20.1641,1.1342,
000022,2009-11-09,14.7200,2009-09-30,2009-10-31,1.000000,0.0000,12.5199,11.2679,13.7719,1.1757,-0.2345,需更乐观假设才支撑,20.1641,1.1757,
000022,2009-11-10,14.6800,2009-09-30,2009-10-31,1.000000,0.0000,12.5199,11.2679,13.7719,1.1725,-0.2324,需更乐观假设才支撑,20.1641,1.1725,
000022,2009-11-11,14.5400,2009-09-30,2009-10-31,1.000000,0.0000,12.5199,11.2679,13.7719,1.1613,-0.2250,需更乐观假设才支撑,20.1641,1.1613,
000022,2009-11-12,14.6500,2009-09-30,2009-10-31,1.000000,0.0000,12.5199,11.2679,13.7719,1.1701,-0.2309,需更乐观假设才支撑,20.1641,1.1701,
000022,2009-11-13,14.8700,2009-09-30,2009-10-31,1.000000,0.0000,12.5199,11.2679,13.7719,1.1877,-0.2422,需更乐观假设才支撑,20.1641,1.1877,
000022,2009-11-16,15.0300,2009-09-30,2009-10-31,1.000000,0.0000,12.5199,11.2679,13.7719,1.2005,-0.2503,需更乐观假设才支撑,20.1641,1.2005,
000022,2009-11-17,15.1200,2009-09-30,2009-10-31,1.000000,0.0000,12.5199,11.2679,13.7719,1.2077,-0.2548,需更乐观假设才支撑,20.1641,1.2077,
000022,2009-11-18,15.1500,2009-09-30,2009-10-31,1.000000,0.0000,12.5199,11.2679,13.7719,1.2101,-0.2562,需更乐观假设才支撑,20.1641,1.2101,
000022,2009-11-19,15.1400,2009-09-30,2009-10-31,1.000000,0.0000,12.5199,11.2679,13.7719,1.2093,-0.2558,需更乐观假设才支撑,20.1641,1.2093,
000022,2009-11-20,15.1200,2009-09-30,2009-10-31,1.000000,0.0000,12.5199,11.2679,13.7719,1.2077,-0.2548,需更乐观假设才支撑,20.1641,1.2077,
000022,2009-11-23,15.2700,2009-09-30,2009-10-31,1.000000,0.0000,12.5199,11.2679,13.7719,1.2197,-0.2621,需更乐观假设才支撑,20.1641,1.2197,
000022,2009-11-24,14.4700,2009-09-30,2009-10-31,1.000000,0.0000,12.5199,11.2679,13.7719,1.1558,-0.2213,需更乐观假设才支撑,20.1641,1.1558,
000022,2009-11-25,14.9000,2009-09-30,2009-10-31,1.000000,0.0000,12.5199,11.2679,13.7719,1.1901,-0.2438,需更乐观假设才支撑,20.1641,1.1901,
000022,2009-11-26,14.6100,2009-09-30,2009-10-31,1.000000,0.0000,12.5199,11.2679,13.7719,1.1669,-0.2288,需更乐观假设才支撑,20.1641,1.1669,
000022,2009-11-27,14.0800,2009-09-30,2009-10-31,1.000000,0.0000,12.5199,11.2679,13.7719,1.1246,-0.1997,需更乐观假设才支撑,20.1641,1.1246,
000022,2009-11-30,14.5300,2009-09-30,2009-10-31,1.000000,0.0000,12.5199,11.2679,13.7719,1.1606,-0.2245,需更乐观假设才支撑,20.1641,1.1606,
000022,2009-12-01,15.0400,2009-09-30,2009-10-31,1.000000,0.0000,12.5199,11.2679,13.7719,1.2013,-0.2508,需更乐观假设才支撑,20.1641,1.2013,
000022,2009-12-02,15.2000,2009-09-30,2009-10-31,1.000000,0.0000,12.5199,11.2679,13.7719,1.2141,-0.2587,需更乐观假设才支撑,20.1641,1.2141,
000022,2009-12-03,15.2200,2009-09-30,2009-10-31,1.000000,0.0000,12.5199,11.2679,13.7719,1.2157,-0.2597,需更乐观假设才支撑,20.1641,1.2157,
000022,2009-12-04,15.2300,2009-09-30,2009-10-31,1.000000,0.0000,12.5199,11.2679,13.7719,1.2165,-0.2601,需更乐观假设才支撑,20.1641,1.2165,
000022,2009-12-07,15.2800,2009-09-30,2009-10-31,1.000000,0.0000,12.5199,11.2679,13.7719,1.2205,-0.2626,需更乐观假设才支撑,20.1641,1.2205,
000022,2009-12-08,15.2300,2009-09-30,2009-10-31,1.000000,0.0000,12.5199,11.2679,13.7719,1.2165,-0.2601,需更乐观假设才支撑,20.1641,1.2165,
000022,2009-12-09,14.8000,2009-09-30,2009-10-31,1.000000,0.0000,12.5199,11.2679,13.7719,1.1821,-0.2387,需更乐观假设才支撑,20.1641,1.1821,
000022,2009-12-10,14.8600,2009-09-30,2009-10-31,1.000000,0.0000,12.5199,11.2679,13.7719,1.1869,-0.2417,需更乐观假设才支撑,20.1641,1.1869,
000022,2009-12-11,15.0400,2009-09-30,2009-10-31,1.000000,0.0000,12.5199,11.2679,13.7719,1.2013,-0.2508,需更乐观假设才支撑,20.1641,1.2013,
000022,2009-12-14,15.4800,2009-09-30,2009-10-31,1.000000,0.0000,12.5199,11.2679,13.7719,1.2364,-0.2721,需更乐观假设才支撑,20.1641,1.2364,
000022,2009-12-15,15.5900,2009-09-30,2009-10-31,1.000000,0.0000,12.5199,11.2679,13.7719,1.2452,-0.2772,需更乐观假设才支撑,20.1641,1.2452,
000022,2009-12-16,15.6000,2009-09-30,2009-10-31,1.000000,0.0000,12.5199,11.2679,13.7719,1.2460,-0.2777,需更乐观假设才支撑,20.1641,1.2460,
000022,2009-12-17,15.2000,2009-09-30,2009-10-31,1.000000,0.0000,12.5199,11.2679,13.7719,1.2141,-0.2587,需更乐观假设才支撑,20.1641,1.2141,
000022,2009-12-18,14.7000,2009-09-30,2009-10-31,1.000000,0.0000,12.5199,11.2679,13.7719,1.1741,-0.2335,需更乐观假设才支撑,20.1641,1.1741,
000022,2009-12-21,14.6000,2009-09-30,2009-10-31,1.000000,0.0000,12.5199,11.2679,13.7719,1.1661,-0.2282,需更乐观假设才支撑,20.1641,1.1661,
000022,2009-12-22,14.1900,2009-09-30,2009-10-31,1.000000,0.0000,12.5199,11.2679,13.7719,1.1334,-0.2059,需更乐观假设才支撑,20.1641,1.1334,
000022,2009-12-23,14.3300,2009-09-30,2009-10-31,1.000000,0.0000,12.5199,11.2679,13.7719,1.1446,-0.2137,需更乐观假设才支撑,20.1641,1.1446,
000022,2009-12-24,14.6500,2009-09-30,2009-10-31,1.000000,0.0000,12.5199,11.2679,13.7719,1.1701,-0.2309,需更乐观假设才支撑,20.1641,1.1701,
000022,2009-12-25,14.6700,2009-09-30,2009-10-31,1.000000,0.0000,12.5199,11.2679,13.7719,1.1717,-0.2319,需更乐观假设才支撑,20.1641,1.1717,
000022,2009-12-28,15.0500,2009-09-30,2009-10-31,1.000000,0.0000,12.5199,11.2679,13.7719,1.2021,-0.2513,需更乐观假设才支撑,20.1641,1.2021,
000022,2009-12-29,15.1400,2009-09-30,2009-10-31,1.000000,0.0000,12.5199,11.2679,13.7719,1.2093,-0.2558,需更乐观假设才支撑,20.1641,1.2093,
000022,2009-12-30,15.2200,2009-09-30,2009-10-31,1.000000,0.0000,12.5199,11.2679,13.7719,1.2157,-0.2597,需更乐观假设才支撑,20.1641,1.2157,
000022,2009-12-31,15.1300,2009-09-30,2009-10-31,1.000000,0.0000,12.5199,11.2679,13.7719,1.2085,-0.2553,需更乐观假设才支撑,20.1641,1.2085,
000022,2010-01-04,15.2200,2009-09-30,2009-10-31,1.000000,0.0000,12.5199,11.2679,13.7719,1.2157,-0.2597,需更乐观假设才支撑,20.1641,1.2157,
000022,2010-01-05,15.2900,2009-09-30,2009-10-31,1.000000,0.0000,12.5199,11.2679,13.7719,1.2213,-0.2631,需更乐观假设才支撑,20.1641,1.2213,
000022,2010-01-06,15.6100,2009-09-30,2009-10-31,1.000000,0.0000,12.5199,11.2679,13.7719,1.2468,-0.2782,需更乐观假设才支撑,20.1641,1.2468,
000022,2010-01-07,15.1300,2009-09-30,2009-10-31,1.000000,0.0000,12.5199,11.2679,13.7719,1.2085,-0.2553,需更乐观假设才支撑,20.1641,1.2085,
000022,2010-01-08,15.2900,2009-09-30,2009-10-31,1.000000,0.0000,12.5199,11.2679,13.7719,1.2213,-0.2631,需更乐观假设才支撑,20.1641,1.2213,
000022,2010-01-11,15.1400,2009-09-30,2009-10-31,1.000000,0.0000,12.5199,11.2679,13.7719,1.2093,-0.2558,需更乐观假设才支撑,20.1641,1.2093,
000022,2010-01-12,16.1100,2009-09-30,2009-10-31,1.000000,0.0000,12.5199,11.2679,13.7719,1.2867,-0.3006,需更乐观假设才支撑,20.1641,1.2867,
000022,2010-01-13,16.1500,2009-09-30,2009-10-31,1.000000,0.0000,12.5199,11.2679,13.7719,1.2899,-0.3023,需更乐观假设才支撑,20.1641,1.2899,
000022,2010-01-14,16.5300,2009-09-30,2009-10-31,1.000000,0.0000,12.5199,11.2679,13.7719,1.3203,-0.3183,需更乐观假设才支撑,20.1641,1.3203,
000022,2010-01-15,16.4600,2009-09-30,2009-10-31,1.000000,0.0000,12.5199,11.2679,13.7719,1.3147,-0.3154,需更乐观假设才支撑,20.1641,1.3147,
000022,2010-01-18,16.9100,2009-09-30,2009-10-31,1.000000,0.0000,12.5199,11.2679,13.7719,1.3506,-0.3337,需更乐观假设才支撑,20.1641,1.3506,
000022,2010-01-19,17.0000,2009-09-30,2009-10-31,1.000000,0.0000,12.5199,11.2679,13.7719,1.3578,-0.3372,需更乐观假设才支撑,20.1641,1.3578,
000022,2010-01-20,16.5800,2009-09-30,2009-10-31,1.000000,0.0000,12.5199,11.2679,13.7719,1.3243,-0.3204,需更乐观假设才支撑,20.1641,1.3243,
000022,2010-01-21,16.6000,2009-09-30,2009-10-31,1.000000,0.0000,12.5199,11.2679,13.7719,1.3259,-0.3212,需更乐观假设才支撑,20.1641,1.3259,
000022,2010-01-22,15.9000,2009-09-30,2009-10-31,1.000000,0.0000,12.5199,11.2679,13.7719,1.2700,-0.2913,需更乐观假设才支撑,20.1641,1.2700,
000022,2010-01-25,15.6600,2009-09-30,2009-10-31,1.000000,0.0000,12.5199,11.2679,13.7719,1.2508,-0.2805,需更乐观假设才支撑,20.1641,1.2508,
000022,2010-01-26,14.9900,2009-09-30,2009-10-31,1.000000,0.0000,12.5199,11.2679,13.7719,1.1973,-0.2483,需更乐观假设才支撑,20.1641,1.1973,
000022,2010-01-27,14.8000,2009-09-30,2009-10-31,1.000000,0.0000,12.5199,11.2679,13.7719,1.1821,-0.2387,需更乐观假设才支撑,20.1641,1.1821,
000022,2010-01-28,15.0000,2009-09-30,2009-10-31,1.000000,0.0000,12.5199,11.2679,13.7719,1.1981,-0.2488,需更乐观假设才支撑,20.1641,1.1981,
000022,2010-01-29,15.2300,2009-09-30,2009-10-31,1.000000,0.0000,12.5199,11.2679,13.7719,1.2165,-0.2601,需更乐观假设才支撑,20.1641,1.2165,
000022,2010-02-01,15.1800,2009-09-30,2009-10-31,1.000000,0.0000,12.5199,11.2679,13.7719,1.2125,-0.2577,需更乐观假设才支撑,20.1641,1.2125,
000022,2010-02-02,15.4400,2009-09-30,2009-10-31,1.000000,0.0000,12.5199,11.2679,13.7719,1.2332,-0.2702,需更乐观假设才支撑,20.1641,1.2332,
000022,2010-02-03,15.9000,2009-09-30,2009-10-31,1.000000,0.0000,12.5199,11.2679,13.7719,1.2700,-0.2913,需更乐观假设才支撑,20.1641,1.2700,
000022,2010-02-04,15.7500,2009-09-30,2009-10-31,1.000000,0.0000,12.5199,11.2679,13.7719,1.2580,-0.2846,需更乐观假设才支撑,20.1641,1.2580,
000022,2010-02-05,14.9600,2009-09-30,2009-10-31,1.000000,0.0000,12.5199,11.2679,13.7719,1.1949,-0.2468,需更乐观假设才支撑,20.1641,1.1949,
000022,2010-02-08,14.7900,2009-09-30,2009-10-31,1.000000,0.0000,12.5199,11.2679,13.7719,1.1813,-0.2381,需更乐观假设才支撑,20.1641,1.1813,
000022,2010-02-09,14.8800,2009-09-30,2009-10-31,1.000000,0.0000,12.5199,11.2679,13.7719,1.1885,-0.2427,需更乐观假设才支撑,20.1641,1.1885,
000022,2010-02-10,15.0500,2009-09-30,2009-10-31,1.000000,0.0000,12.5199,11.2679,13.7719,1.2021,-0.2513,需更乐观假设才支撑,20.1641,1.2021,
000022,2010-02-11,14.9700,2009-09-30,2009-10-31,1.000000,0.0000,12.5199,11.2679,13.7719,1.1957,-0.2473,需更乐观假设才支撑,20.1641,1.1957,
000022,2010-02-12,15.1300,2009-09-30,2009-10-31,1.000000,0.0000,12.5199,11.2679,13.7719,1.2085,-0.2553,需更乐观假设才支撑,20.1641,1.2085,
000022,2010-02-22,14.9700,2009-09-30,2009-10-31,1.000000,0.0000,12.5199,11.2679,13.7719,1.1957,-0.2473,需更乐观假设才支撑,20.1641,1.1957,
000022,2010-02-23,15.0300,2009-09-30,2009-10-31,1.000000,0.0000,12.5199,11.2679,13.7719,1.2005,-0.2503,需更乐观假设才支撑,20.1641,1.2005,
000022,2010-02-24,15.3300,2009-09-30,2009-10-31,1.000000,0.0000,12.5199,11.2679,13.7719,1.2244,-0.2650,需更乐观假设才支撑,20.1641,1.2244,
000022,2010-02-25,15.7200,2009-09-30,2009-10-31,1.000000,0.0000,12.5199,11.2679,13.7719,1.2556,-0.2832,需更乐观假设才支撑,20.1641,1.2556,
000022,2010-02-26,15.6000,2009-09-30,2009-10-31,1.000000,0.0000,12.5199,11.2679,13.7719,1.2460,-0.2777,需更乐观假设才支撑,20.1641,1.2460,
000022,2010-03-01,15.6600,2009-09-30,2009-10-31,1.000000,0.0000,12.5199,11.2679,13.7719,1.2508,-0.2805,需更乐观假设才支撑,20.1641,1.2508,
000022,2010-03-02,15.9000,2009-09-30,2009-10-31,1.000000,0.0000,12.5199,11.2679,13.7719,1.2700,-0.2913,需更乐观假设才支撑,20.1641,1.2700,
000022,2010-03-03,15.9900,2009-09-30,2009-10-31,1.000000,0.0000,12.5199,11.2679,13.7719,1.2772,-0.2953,需更乐观假设才支撑,20.1641,1.2772,
000022,2010-03-04,15.7700,2009-09-30,2009-10-31,1.000000,0.0000,12.5199,11.2679,13.7719,1.2596,-0.2855,需更乐观假设才支撑,20.1641,1.2596,
000022,2010-03-05,15.8500,2009-09-30,2009-10-31,1.000000,0.0000,12.5199,11.2679,13.7719,1.2660,-0.2891,需更乐观假设才支撑,20.1641,1.2660,
000022,2010-03-08,15.9200,2009-09-30,2009-10-31,1.000000,0.0000,12.5199,11.2679,13.7719,1.2716,-0.2922,需更乐观假设才支撑,20.1641,1.2716,
000022,2010-03-09,15.8900,2009-09-30,2009-10-31,1.000000,0.0000,12.5199,11.2679,13.7719,1.2692,-0.2909,需更乐观假设才支撑,20.1641,1.2692,
000022,2010-03-10,16.0700,2009-09-30,2009-10-31,1.000000,0.0000,12.5199,11.2679,13.7719,1.2836,-0.2988,需更乐观假设才支撑,20.1641,1.2836,
000022,2010-03-11,16.3500,2009-09-30,2009-10-31,1.000000,0.0000,12.5199,11.2679,13.7719,1.3059,-0.3108,需更乐观假设才支撑,20.1641,1.3059,
000022,2010-03-12,15.8100,2009-09-30,2009-10-31,1.000000,0.0000,12.5199,11.2679,13.7719,1.2628,-0.2873,需更乐观假设才支撑,20.1641,1.2628,
000022,2010-03-15,15.6400,2009-09-30,2009-10-31,1.000000,0.0000,12.5199,11.2679,13.7719,1.2492,-0.2795,需更乐观假设才支撑,20.1641,1.2492,
000022,2010-03-16,15.7200,2009-09-30,2009-10-31,1.000000,0.0000,12.5199,11.2679,13.7719,1.2556,-0.2832,需更乐观假设才支撑,20.1641,1.2556,
000022,2010-03-17,16.1300,2009-09-30,2009-10-31,1.000000,0.0000,12.5199,11.2679,13.7719,1.2883,-0.3014,需更乐观假设才支撑,20.1641,1.2883,
000022,2010-03-18,16.0500,2009-09-30,2009-10-31,1.000000,0.0000,12.5199,11.2679,13.7719,1.2820,-0.2979,需更乐观假设才支撑,20.1641,1.2820,
000022,2010-03-19,16.3400,2009-09-30,2009-10-31,1.000000,0.0000,12.5199,11.2679,13.7719,1.3051,-0.3104,需更乐观假设才支撑,20.1641,1.3051,
000022,2010-03-22,16.2900,2009-09-30,2009-10-31,1.000000,0.0000,12.5199,11.2679,13.7719,1.3011,-0.3083,需更乐观假设才支撑,20.1641,1.3011,
000022,2010-03-23,16.0300,2009-09-30,2009-10-31,1.000000,0.0000,12.5199,11.2679,13.7719,1.2804,-0.2971,需更乐观假设才支撑,20.1641,1.2804,
000022,2010-03-24,16.0300,2009-09-30,2009-10-31,1.000000,0.0000,12.5199,11.2679,13.7719,1.2804,-0.2971,需更乐观假设才支撑,20.1641,1.2804,
000022,2010-03-25,15.5100,2009-09-30,2009-10-31,1.000000,0.0000,12.5199,11.2679,13.7719,1.2388,-0.2735,需更乐观假设才支撑,20.1641,1.2388,
000022,2010-03-26,15.8000,2009-09-30,2009-10-31,1.000000,0.0000,12.5199,11.2679,13.7719,1.2620,-0.2868,需更乐观假设才支撑,20.1641,1.2620,
000022,2010-03-29,15.9700,2009-09-30,2009-10-31,1.000000,0.0000,12.5199,11.2679,13.7719,1.2756,-0.2944,需更乐观假设才支撑,20.1641,1.2756,
000022,2010-03-30,15.9400,2009-09-30,2009-10-31,1.000000,0.0000,12.5199,11.2679,13.7719,1.2732,-0.2931,需更乐观假设才支撑,20.1641,1.2732,
000022,2010-03-31,16.0700,2009-09-30,2009-10-31,1.000000,0.0000,12.5199,11.2679,13.7719,1.2836,-0.2988,需更乐观假设才支撑,20.1641,1.2836,
000022,2010-04-01,16.2200,2009-09-30,2009-10-31,1.000000,0.0000,12.5199,11.2679,13.7719,1.2955,-0.3053,需更乐观假设才支撑,20.1641,1.2955,
000022,2010-04-02,16.1900,2009-09-30,2009-10-31,1.000000,0.0000,12.5199,11.2679,13.7719,1.2931,-0.3040,需更乐观假设才支撑,20.1641,1.2931,
000022,2010-04-06,15.9700,2009-09-30,2009-10-31,1.000000,0.0000,12.5199,11.2679,13.7719,1.2756,-0.2944,需更乐观假设才支撑,20.1641,1.2756,
000022,2010-04-07,16.0900,2009-09-30,2009-10-31,1.000000,0.0000,12.5199,11.2679,13.7719,1.2852,-0.2997,需更乐观假设才支撑,20.1641,1.2852,
000022,2010-04-08,15.9000,2009-09-30,2009-10-31,1.000000,0.0000,12.5199,11.2679,13.7719,1.2700,-0.2913,需更乐观假设才支撑,20.1641,1.2700,
000022,2010-04-09,16.0100,2009-09-30,2009-10-31,1.000000,0.0000,12.5199,11.2679,13.7719,1.2788,-0.2962,需更乐观假设才支撑,20.1641,1.2788,
000022,2010-04-12,15.8200,2009-09-30,2009-10-31,1.000000,0.0000,12.5199,11.2679,13.7719,1.2636,-0.2877,需更乐观假设才支撑,20.1641,1.2636,
000022,2010-04-13,15.5300,2009-09-30,2009-10-31,1.000000,0.0000,12.5199,11.2679,13.7719,1.2404,-0.2744,需更乐观假设才支撑,20.1641,1.2404,
000022,2010-04-14,15.6200,2009-09-30,2009-10-31,1.000000,0.0000,12.5199,11.2679,13.7719,1.2476,-0.2786,需更乐观假设才支撑,20.1641,1.2476,
000022,2010-04-15,15.6700,2009-09-30,2009-10-31,1.000000,0.0000,12.5199,11.2679,13.7719,1.2516,-0.2809,需更乐观假设才支撑,20.1641,1.2516,
000022,2010-04-16,15.8000,2009-09-30,2009-10-31,1.000000,0.0000,12.5199,11.2679,13.7719,1.2620,-0.2868,需更乐观假设才支撑,20.1641,1.2620,
000022,2010-04-19,15.2900,2009-09-30,2009-10-31,1.000000,0.0000,12.5199,11.2679,13.7719,1.2213,-0.2631,需更乐观假设才支撑,20.1641,1.2213,
000022,2010-04-20,15.3400,2009-09-30,2009-10-31,1.000000,0.0000,12.5199,11.2679,13.7719,1.2252,-0.2655,需更乐观假设才支撑,20.1641,1.2252,
000022,2010-04-21,15.4800,2009-09-30,2009-10-31,1.000000,0.0000,12.5199,11.2679,13.7719,1.2364,-0.2721,需更乐观假设才支撑,20.1641,1.2364,
000022,2010-04-22,15.1500,2009-09-30,2009-10-31,1.000000,0.0000,12.5199,11.2679,13.7719,1.2101,-0.2562,需更乐观假设才支撑,20.1641,1.2101,
000022,2010-04-23,14.8300,2009-09-30,2009-10-31,1.000000,0.0000,12.5199,11.2679,13.7719,1.1845,-0.2402,需更乐观假设才支撑,20.1641,1.1845,
000022,2010-04-26,14.5100,2009-09-30,2009-10-31,1.000000,0.0000,12.5199,11.2679,13.7719,1.1590,-0.2234,需更乐观假设才支撑,20.1641,1.1590,
000022,2010-04-27,13.8700,2009-09-30,2009-10-31,1.000000,0.0000,12.5199,11.2679,13.7719,1.1078,-0.1876,需更乐观假设才支撑,20.1641,1.1078,
000022,2010-04-28,14.0600,2009-09-30,2009-10-31,1.000000,0.0000,12.5199,11.2679,13.7719,1.1230,-0.1986,需更乐观假设才支撑,20.1641,1.1230,
000022,2010-04-29,13.7900,2010-03-31,2010-04-30,1.000000,0.0000,10.8571,9.7714,11.9428,1.2701,-0.2914,需更乐观假设才支撑,17.3012,1.2701,
000022,2010-04-30,14.1500,2010-03-31,2010-04-30,1.000000,0.0000,10.8571,9.7714,11.9428,1.3033,-0.3094,需更乐观假设才支撑,17.3012,1.3033,
000022,2010-05-04,14.2400,2010-03-31,2010-04-30,1.000000,0.0000,10.8571,9.7714,11.9428,1.3116,-0.3138,需更乐观假设才支撑,17.3012,1.3116,
000022,2010-05-05,14.4000,2010-03-31,2010-04-30,1.000000,0.0000,10.8571,9.7714,11.9428,1.3263,-0.3214,需更乐观假设才支撑,17.3012,1.3263,
000022,2010-05-06,13.4000,2010-03-31,2010-04-30,1.000000,0.0000,10.8571,9.7714,11.9428,1.2342,-0.2708,需更乐观假设才支撑,17.3012,1.2342,
000022,2010-05-07,12.9900,2010-03-31,2010-04-30,1.000000,0.0000,10.8571,9.7714,11.9428,1.1965,-0.2478,需更乐观假设才支撑,17.3012,1.1965,
000022,2010-05-10,13.0800,2010-03-31,2010-04-30,1.000000,0.0000,10.8571,9.7714,11.9428,1.2047,-0.2530,需更乐观假设才支撑,17.3012,1.2047,
000022,2010-05-11,12.7800,2010-03-31,2010-04-30,1.000000,0.0000,10.8571,9.7714,11.9428,1.1771,-0.2354,需更乐观假设才支撑,17.3012,1.1771,
000022,2010-05-12,12.9800,2010-03-31,2010-04-30,1.000000,0.0000,10.8571,9.7714,11.9428,1.1955,-0.2472,需更乐观假设才支撑,17.3012,1.1955,
000022,2010-05-13,13.1800,2010-03-31,2010-04-30,1.000000,0.0000,10.8571,9.7714,11.9428,1.2140,-0.2586,需更乐观假设才支撑,17.3012,1.2140,
000022,2010-05-14,13.0700,2010-03-31,2010-04-30,1.000000,0.0000,10.8571,9.7714,11.9428,1.2038,-0.2524,需更乐观假设才支撑,17.3012,1.2038,
000022,2010-05-17,12.4800,2010-03-31,2010-04-30,1.000000,0.0000,10.8571,9.7714,11.9428,1.1495,-0.2170,需更乐观假设才支撑,17.3012,1.1495,
000022,2010-05-18,12.5600,2010-03-31,2010-04-30,1.000000,0.0000,10.8571,9.7714,11.9428,1.1568,-0.2220,需更乐观假设才支撑,17.3012,1.1568,
000022,2010-05-19,12.4300,2010-03-31,2010-04-30,1.000000,0.0000,10.8571,9.7714,11.9428,1.1449,-0.2139,需更乐观假设才支撑,17.3012,1.1449,
000022,2010-05-20,12.2800,2010-03-31,2010-04-30,1.000000,0.0000,10.8571,9.7714,11.9428,1.1311,-0.2043,需更乐观假设才支撑,17.3012,1.1311,
000022,2010-05-21,12.3800,2010-03-31,2010-04-30,1.000000,0.0000,10.8571,9.7714,11.9428,1.1403,-0.2107,需更乐观假设才支撑,17.3012,1.1403,
000022,2010-05-24,12.7100,2010-03-31,2010-04-30,1.000000,0.0000,10.8571,9.7714,11.9428,1.1707,-0.2312,需更乐观假设才支撑,17.3012,1.1707,
000022,2010-05-25,12.3800,2010-03-31,2010-04-30,1.000000,0.0000,10.8571,9.7714,11.9428,1.1403,-0.2107,需更乐观假设才支撑,17.3012,1.1403,
000022,2010-05-26,12.8800,2010-03-31,2010-04-30,1.000000,0.0000,10.8571,9.7714,11.9428,1.1863,-0.2414,需更乐观假设才支撑,17.3012,1.1863,
000022,2010-05-27,12.8800,2010-03-31,2010-04-30,1.000000,0.0000,10.8571,9.7714,11.9428,1.1863,-0.2414,需更乐观假设才支撑,17.3012,1.1863,
000022,2010-05-28,12.8900,2010-03-31,2010-04-30,1.000000,0.0000,10.8571,9.7714,11.9428,1.1872,-0.2419,需更乐观假设才支撑,17.3012,1.1872,
000022,2010-05-31,12.4800,2010-03-31,2010-04-30,1.000000,0.0000,10.8571,9.7714,11.9428,1.1495,-0.2170,需更乐观假设才支撑,17.3012,1.1495,
000022,2010-06-01,12.3800,2010-03-31,2010-04-30,1.000000,0.0000,10.8571,9.7714,11.9428,1.1403,-0.2107,需更乐观假设才支撑,17.3012,1.1403,
000022,2010-06-02,12.5000,2010-03-31,2010-04-30,1.000000,0.0000,10.8571,9.7714,11.9428,1.1513,-0.2183,需更乐观假设才支撑,17.3012,1.1513,
000022,2010-06-03,12.3500,2010-03-31,2010-04-30,1.000000,0.0000,10.8571,9.7714,11.9428,1.1375,-0.2088,需更乐观假设才支撑,17.3012,1.1375,
000022,2010-06-04,12.5000,2010-03-31,2010-04-30,1.000000,0.0000,10.8571,9.7714,11.9428,1.1513,-0.2183,需更乐观假设才支撑,17.3012,1.1513,
000022,2010-06-07,12.3000,2010-03-31,2010-04-30,1.000000,0.0000,10.8571,9.7714,11.9428,1.1329,-0.2056,需更乐观假设才支撑,17.3012,1.1329,
000022,2010-06-08,12.4500,2010-03-31,2010-04-30,1.000000,0.0000,10.8571,9.7714,11.9428,1.1467,-0.2152,需更乐观假设才支撑,17.3012,1.1467,
000022,2010-06-09,12.9700,2010-03-31,2010-04-30,1.000000,0.0000,10.8571,9.7714,11.9428,1.1946,-0.2466,需更乐观假设才支撑,17.3012,1.1946,
000022,2010-06-10,12.7500,2010-03-31,2010-04-30,1.000000,0.0000,10.8571,9.7714,11.9428,1.1743,-0.2336,需更乐观假设才支撑,17.3012,1.1743,
000022,2010-06-17,12.8000,2010-03-31,2010-04-30,1.000000,0.0000,10.8571,9.7714,11.9428,1.1790,-0.2366,需更乐观假设才支撑,17.3012,1.1790,
000022,2010-06-18,13.0100,2010-03-31,2010-04-30,1.000000,0.0000,10.8571,9.7714,11.9428,1.1983,-0.2489,需更乐观假设才支撑,17.3012,1.1983,
000022,2010-06-21,13.3900,2010-03-31,2010-04-30,1.000000,0.0000,10.8571,9.7714,11.9428,1.2333,-0.2702,需更乐观假设才支撑,17.3012,1.2333,
000022,2010-06-22,13.2700,2010-03-31,2010-04-30,1.000000,0.0000,10.8571,9.7714,11.9428,1.2222,-0.2636,需更乐观假设才支撑,17.3012,1.2222,
000022,2010-06-23,13.2000,2010-03-31,2010-04-30,1.000000,0.0000,10.8571,9.7714,11.9428,1.2158,-0.2597,需更乐观假设才支撑,17.3012,1.2158,
000022,2010-06-24,13.2200,2010-03-31,2010-04-30,1.000000,0.0000,10.8571,9.7714,11.9428,1.2176,-0.2609,需更乐观假设才支撑,17.3012,1.2176,
000022,2010-06-25,13.0000,2010-03-31,2010-04-30,1.000000,0.0000,10.8571,9.7714,11.9428,1.1974,-0.2484,需更乐观假设才支撑,17.3012,1.1974,
000022,2010-06-28,12.8600,2010-03-31,2010-04-30,1.000000,0.0000,10.8571,9.7714,11.9428,1.1845,-0.2402,需更乐观假设才支撑,17.3012,1.1845,
000022,2010-06-29,11.9900,2010-03-31,2010-04-30,1.000000,0.0000,10.8571,9.7714,11.9428,1.1043,-0.1850,需更乐观假设才支撑,17.3012,1.1043,
000022,2010-06-30,11.5400,2010-03-31,2010-04-30,1.000000,0.0000,10.8571,9.7714,11.9428,1.0629,-0.1533,接近合理价值,17.3012,1.0629,
000022,2010-07-01,11.5500,2010-03-31,2010-04-30,1.000000,0.0000,10.8571,9.7714,11.9428,1.0638,-0.1540,接近合理价值,17.3012,1.0638,
000022,2010-07-02,11.4600,2010-03-31,2010-04-30,1.000000,0.0000,10.8571,9.7714,11.9428,1.0555,-0.1473,接近合理价值,17.3012,1.0555,
000022,2010-07-05,11.3800,2010-03-31,2010-04-30,1.000000,0.0000,10.8571,9.7714,11.9428,1.0482,-0.1414,接近合理价值,17.3012,1.0482,
000022,2010-07-06,11.6200,2010-03-31,2010-04-30,1.000000,0.0000,10.8571,9.7714,11.9428,1.0703,-0.1591,接近合理价值,17.3012,1.0703,
000022,2010-07-07,11.7400,2010-03-31,2010-04-30,1.000000,0.0000,10.8571,9.7714,11.9428,1.0813,-0.1677,接近合理价值,17.3012,1.0813,
000022,2010-07-08,11.7800,2010-03-31,2010-04-30,1.000000,0.0000,10.8571,9.7714,11.9428,1.0850,-0.1705,接近合理价值,17.3012,1.0850,
000022,2010-07-09,12.0300,2010-03-31,2010-04-30,1.000000,0.0000,10.8571,9.7714,11.9428,1.1080,-0.1877,需更乐观假设才支撑,17.3012,1.1080,
000022,2010-07-12,12.1300,2010-03-31,2010-04-30,1.000000,0.0000,10.8571,9.7714,11.9428,1.1172,-0.1944,需更乐观假设才支撑,17.3012,1.1172,
000022,2010-07-13,11.9600,2010-03-31,2010-04-30,1.000000,0.0000,10.8571,9.7714,11.9428,1.1016,-0.1830,需更乐观假设才支撑,17.3012,1.1016,
000022,2010-07-14,12.1900,2010-03-31,2010-04-30,1.000000,0.0000,10.8571,9.7714,11.9428,1.1228,-0.1984,需更乐观假设才支撑,17.3012,1.1228,
000022,2010-07-15,11.9400,2010-03-31,2010-04-30,1.000000,0.0000,10.8571,9.7714,11.9428,1.0997,-0.1816,接近合理价值,17.3012,1.0997,
000022,2010-07-16,11.9700,2010-03-31,2010-04-30,1.000000,0.0000,10.8571,9.7714,11.9428,1.1025,-0.1837,需更乐观假设才支撑,17.3012,1.1025,
000022,2010-07-19,12.2500,2010-03-31,2010-04-30,1.000000,0.0000,10.8571,9.7714,11.9428,1.1283,-0.2023,需更乐观假设才支撑,17.3012,1.1283,
000022,2010-07-20,12.6300,2010-03-31,2010-04-30,1.000000,0.0000,10.8571,9.7714,11.9428,1.1633,-0.2263,需更乐观假设才支撑,17.3012,1.1633,
000022,2010-07-21,12.5500,2010-03-31,2010-04-30,1.000000,0.0000,10.8571,9.7714,11.9428,1.1559,-0.2214,需更乐观假设才支撑,17.3012,1.1559,
000022,2010-07-22,12.6500,2010-03-31,2010-04-30,1.000000,0.0000,10.8571,9.7714,11.9428,1.1651,-0.2276,需更乐观假设才支撑,17.3012,1.1651,
000022,2010-07-23,12.9000,2010-03-31,2010-04-30,1.000000,0.0000,10.8571,9.7714,11.9428,1.1882,-0.2425,需更乐观假设才支撑,17.3012,1.1882,
000022,2010-07-26,12.8700,2010-03-31,2010-04-30,1.000000,0.0000,10.8571,9.7714,11.9428,1.1854,-0.2408,需更乐观假设才支撑,17.3012,1.1854,
000022,2010-07-27,12.7800,2010-03-31,2010-04-30,1.000000,0.0000,10.8571,9.7714,11.9428,1.1771,-0.2354,需更乐观假设才支撑,17.3012,1.1771,
000022,2010-07-28,13.1000,2010-03-31,2010-04-30,1.000000,0.0000,10.8571,9.7714,11.9428,1.2066,-0.2541,需更乐观假设才支撑,17.3012,1.2066,
000022,2010-07-29,13.1700,2010-03-31,2010-04-30,1.000000,0.0000,10.8571,9.7714,11.9428,1.2130,-0.2581,需更乐观假设才支撑,17.3012,1.2130,
000022,2010-07-30,13.0500,2010-03-31,2010-04-30,1.000000,0.0000,10.8571,9.7714,11.9428,1.2020,-0.2512,需更乐观假设才支撑,17.3012,1.2020,
000022,2010-08-02,13.3800,2010-03-31,2010-04-30,1.000000,0.0000,10.8571,9.7714,11.9428,1.2324,-0.2697,需更乐观假设才支撑,17.3012,1.2324,
000022,2010-08-03,13.2000,2010-03-31,2010-04-30,1.000000,0.0000,10.8571,9.7714,11.9428,1.2158,-0.2597,需更乐观假设才支撑,17.3012,1.2158,
000022,2010-08-04,13.3200,2010-03-31,2010-04-30,1.000000,0.0000,10.8571,9.7714,11.9428,1.2268,-0.2664,需更乐观假设才支撑,17.3012,1.2268,
000022,2010-08-05,13.4400,2010-03-31,2010-04-30,1.000000,0.0000,10.8571,9.7714,11.9428,1.2379,-0.2730,需更乐观假设才支撑,17.3012,1.2379,
000022,2010-08-06,13.0300,2010-03-31,2010-04-30,1.000000,0.3250,10.5321,9.4464,11.6178,1.2372,-0.2750,需更乐观假设才支撑,17.3012,1.2372,
000022,2010-08-09,13.0000,2010-03-31,2010-04-30,1.000000,0.3250,10.5321,9.4464,11.6178,1.2343,-0.2734,需更乐观假设才支撑,17.3012,1.2343,
000022,2010-08-10,12.5800,2010-03-31,2010-04-30,1.000000,0.3250,10.5321,9.4464,11.6178,1.1944,-0.2491,需更乐观假设才支撑,17.3012,1.1944,
000022,2010-08-11,12.7800,2010-03-31,2010-04-30,1.000000,0.3250,10.5321,9.4464,11.6178,1.2134,-0.2608,需更乐观假设才支撑,17.3012,1.2134,
000022,2010-08-12,12.7000,2010-03-31,2010-04-30,1.000000,0.3250,10.5321,9.4464,11.6178,1.2058,-0.2562,需更乐观假设才支撑,17.3012,1.2058,
000022,2010-08-13,12.8800,2010-03-31,2010-04-30,1.000000,0.3250,10.5321,9.4464,11.6178,1.2229,-0.2666,需更乐观假设才支撑,17.3012,1.2229,
000022,2010-08-16,13.5100,2010-03-31,2010-04-30,1.000000,0.3250,10.5321,9.4464,11.6178,1.2827,-0.3008,需更乐观假设才支撑,17.3012,1.2827,
000022,2010-08-17,13.5200,2010-06-30,2010-08-18,1.000000,0.0000,10.2805,9.2524,11.3085,1.3151,-0.3156,需更乐观假设才支撑,16.4304,1.3151,
000022,2010-08-18,13.5000,2010-06-30,2010-08-18,1.000000,0.0000,10.2805,9.2524,11.3085,1.3132,-0.3146,需更乐观假设才支撑,16.4304,1.3132,
000022,2010-08-19,13.9500,2010-06-30,2010-08-18,1.000000,0.0000,10.2805,9.2524,11.3085,1.3569,-0.3367,需更乐观假设才支撑,16.4304,1.3569,
000022,2010-08-20,14.2000,2010-06-30,2010-08-18,1.000000,0.0000,10.2805,9.2524,11.3085,1.3813,-0.3484,需更乐观假设才支撑,16.4304,1.3813,
000022,2010-08-23,14.5300,2010-06-30,2010-08-18,1.000000,0.0000,10.2805,9.2524,11.3085,1.4134,-0.3632,需更乐观假设才支撑,16.4304,1.4134,
000022,2010-08-24,14.6600,2010-06-30,2010-08-18,1.000000,0.0000,10.2805,9.2524,11.3085,1.4260,-0.3689,需更乐观假设才支撑,16.4304,1.4260,
000022,2010-08-25,14.1200,2010-06-30,2010-08-18,1.000000,0.0000,10.2805,9.2524,11.3085,1.3735,-0.3447,需更乐观假设才支撑,16.4304,1.3735,
000022,2010-08-26,14.1900,2010-06-30,2010-08-18,1.000000,0.0000,10.2805,9.2524,11.3085,1.3803,-0.3480,需更乐观假设才支撑,16.4304,1.3803,
000022,2010-08-27,14.4800,2010-06-30,2010-08-18,1.000000,0.0000,10.2805,9.2524,11.3085,1.4085,-0.3610,需更乐观假设才支撑,16.4304,1.4085,
000022,2010-08-30,14.4800,2010-06-30,2010-08-18,1.000000,0.0000,10.2805,9.2524,11.3085,1.4085,-0.3610,需更乐观假设才支撑,16.4304,1.4085,
000022,2010-08-31,14.2800,2010-06-30,2010-08-18,1.000000,0.0000,10.2805,9.2524,11.3085,1.3890,-0.3521,需更乐观假设才支撑,16.4304,1.3890,
000022,2010-09-01,14.0400,2010-06-30,2010-08-18,1.000000,0.0000,10.2805,9.2524,11.3085,1.3657,-0.3410,需更乐观假设才支撑,16.4304,1.3657,
000022,2010-09-02,14.3500,2010-06-30,2010-08-18,1.000000,0.0000,10.2805,9.2524,11.3085,1.3959,-0.3552,需更乐观假设才支撑,16.4304,1.3959,
000022,2010-09-03,14.2600,2010-06-30,2010-08-18,1.000000,0.0000,10.2805,9.2524,11.3085,1.3871,-0.3512,需更乐观假设才支撑,16.4304,1.3871,
000022,2010-09-06,14.5800,2010-06-30,2010-08-18,1.000000,0.0000,10.2805,9.2524,11.3085,1.4182,-0.3654,需更乐观假设才支撑,16.4304,1.4182,
000022,2010-09-07,14.6400,2010-06-30,2010-08-18,1.000000,0.0000,10.2805,9.2524,11.3085,1.4241,-0.3680,需更乐观假设才支撑,16.4304,1.4241,
000022,2010-09-08,14.4200,2010-06-30,2010-08-18,1.000000,0.0000,10.2805,9.2524,11.3085,1.4027,-0.3584,需更乐观假设才支撑,16.4304,1.4027,
000022,2010-09-09,14.9800,2010-06-30,2010-08-18,1.000000,0.0000,10.2805,9.2524,11.3085,1.4571,-0.3823,需更乐观假设才支撑,16.4304,1.4571,
000022,2010-09-10,15.1700,2010-06-30,2010-08-18,1.000000,0.0000,10.2805,9.2524,11.3085,1.4756,-0.3901,需更乐观假设才支撑,16.4304,1.4756,
000022,2010-09-13,14.9900,2010-06-30,2010-08-18,1.000000,0.0000,10.2805,9.2524,11.3085,1.4581,-0.3828,需更乐观假设才支撑,16.4304,1.4581,
000022,2010-09-14,15.2400,2010-06-30,2010-08-18,1.000000,0.0000,10.2805,9.2524,11.3085,1.4824,-0.3929,需更乐观假设才支撑,16.4304,1.4824,
000022,2010-09-15,14.5700,2010-06-30,2010-08-18,1.000000,0.0000,10.2805,9.2524,11.3085,1.4173,-0.3650,需更乐观假设才支撑,16.4304,1.4173,
000022,2010-09-16,14.2600,2010-06-30,2010-08-18,1.000000,0.0000,10.2805,9.2524,11.3085,1.3871,-0.3512,需更乐观假设才支撑,16.4304,1.3871,
000022,2010-09-17,14.3100,2010-06-30,2010-08-18,1.000000,0.0000,10.2805,9.2524,11.3085,1.3920,-0.3534,需更乐观假设才支撑,16.4304,1.3920,
000022,2010-09-20,14.0700,2010-06-30,2010-08-18,1.000000,0.0000,10.2805,9.2524,11.3085,1.3686,-0.3424,需更乐观假设才支撑,16.4304,1.3686,
000022,2010-09-21,14.2600,2010-06-30,2010-08-18,1.000000,0.0000,10.2805,9.2524,11.3085,1.3871,-0.3512,需更乐观假设才支撑,16.4304,1.3871,
000022,2010-09-27,14.3300,2010-06-30,2010-08-18,1.000000,0.0000,10.2805,9.2524,11.3085,1.3939,-0.3543,需更乐观假设才支撑,16.4304,1.3939,
000022,2010-09-28,13.7200,2010-06-30,2010-08-18,1.000000,0.0000,10.2805,9.2524,11.3085,1.3346,-0.3256,需更乐观假设才支撑,16.4304,1.3346,
000022,2010-09-29,13.3500,2010-06-30,2010-08-18,1.000000,0.0000,10.2805,9.2524,11.3085,1.2986,-0.3069,需更乐观假设才支撑,16.4304,1.2986,
000022,2010-09-30,13.5400,2010-06-30,2010-08-18,1.000000,0.0000,10.2805,9.2524,11.3085,1.3171,-0.3167,需更乐观假设才支撑,16.4304,1.3171,
000022,2010-10-08,13.9200,2010-06-30,2010-08-18,1.000000,0.0000,10.2805,9.2524,11.3085,1.3540,-0.3353,需更乐观假设才支撑,16.4304,1.3540,
000022,2010-10-11,14.1200,2010-06-30,2010-08-18,1.000000,0.0000,10.2805,9.2524,11.3085,1.3735,-0.3447,需更乐观假设才支撑,16.4304,1.3735,
000022,2010-10-12,14.2700,2010-06-30,2010-08-18,1.000000,0.0000,10.2805,9.2524,11.3085,1.3881,-0.3516,需更乐观假设才支撑,16.4304,1.3881,
000022,2010-10-13,14.2000,2010-06-30,2010-08-18,1.000000,0.0000,10.2805,9.2524,11.3085,1.3813,-0.3484,需更乐观假设才支撑,16.4304,1.3813,
000022,2010-10-14,13.8500,2010-06-30,2010-08-18,1.000000,0.0000,10.2805,9.2524,11.3085,1.3472,-0.3320,需更乐观假设才支撑,16.4304,1.3472,
000022,2010-10-15,14.1500,2010-06-30,2010-08-18,1.000000,0.0000,10.2805,9.2524,11.3085,1.3764,-0.3461,需更乐观假设才支撑,16.4304,1.3764,
000022,2010-10-18,15.0600,2010-06-30,2010-08-18,1.000000,0.0000,10.2805,9.2524,11.3085,1.4649,-0.3856,需更乐观假设才支撑,16.4304,1.4649,
000022,2010-10-19,14.8900,2010-06-30,2010-08-18,1.000000,0.0000,10.2805,9.2524,11.3085,1.4484,-0.3786,需更乐观假设才支撑,16.4304,1.4484,
000022,2010-10-20,14.5200,2010-06-30,2010-08-18,1.000000,0.0000,10.2805,9.2524,11.3085,1.4124,-0.3628,需更乐观假设才支撑,16.4304,1.4124,
000022,2010-10-21,14.6200,2010-06-30,2010-08-18,1.000000,0.0000,10.2805,9.2524,11.3085,1.4221,-0.3671,需更乐观假设才支撑,16.4304,1.4221,
000022,2010-10-22,14.3600,2010-06-30,2010-08-18,1.000000,0.0000,10.2805,9.2524,11.3085,1.3968,-0.3557,需更乐观假设才支撑,16.4304,1.3968,
000022,2010-10-25,14.6900,2010-06-30,2010-08-18,1.000000,0.0000,10.2805,9.2524,11.3085,1.4289,-0.3702,需更乐观假设才支撑,16.4304,1.4289,
000022,2010-10-26,14.6900,2010-06-30,2010-08-18,1.000000,0.0000,10.2805,9.2524,11.3085,1.4289,-0.3702,需更乐观假设才支撑,16.4304,1.4289,
000022,2010-10-27,14.7400,2010-06-30,2010-08-18,1.000000,0.0000,10.2805,9.2524,11.3085,1.4338,-0.3723,需更乐观假设才支撑,16.4304,1.4338,
000022,2010-10-28,14.5900,2010-09-30,2010-10-29,1.000000,0.0000,10.8770,9.7893,11.9647,1.3414,-0.3290,需更乐观假设才支撑,17.3828,1.3414,
000022,2010-10-29,14.8600,2010-09-30,2010-10-29,1.000000,0.0000,10.8770,9.7893,11.9647,1.3662,-0.3412,需更乐观假设才支撑,17.3828,1.3662,
000022,2010-11-01,15.2200,2010-09-30,2010-10-29,1.000000,0.0000,10.8770,9.7893,11.9647,1.3993,-0.3568,需更乐观假设才支撑,17.3828,1.3993,
000022,2010-11-02,15.7100,2010-09-30,2010-10-29,1.000000,0.0000,10.8770,9.7893,11.9647,1.4443,-0.3769,需更乐观假设才支撑,17.3828,1.4443,
000022,2010-11-03,15.1200,2010-09-30,2010-10-29,1.000000,0.0000,10.8770,9.7893,11.9647,1.3901,-0.3526,需更乐观假设才支撑,17.3828,1.3901,
000022,2010-11-04,15.2100,2010-09-30,2010-10-29,1.000000,0.0000,10.8770,9.7893,11.9647,1.3984,-0.3564,需更乐观假设才支撑,17.3828,1.3984,
000022,2010-11-05,15.3300,2010-09-30,2010-10-29,1.000000,0.0000,10.8770,9.7893,11.9647,1.4094,-0.3614,需更乐观假设才支撑,17.3828,1.4094,
000022,2010-11-08,15.5300,2010-09-30,2010-10-29,1.000000,0.0000,10.8770,9.7893,11.9647,1.4278,-0.3697,需更乐观假设才支撑,17.3828,1.4278,
000022,2010-11-09,15.2300,2010-09-30,2010-10-29,1.000000,0.0000,10.8770,9.7893,11.9647,1.4002,-0.3572,需更乐观假设才支撑,17.3828,1.4002,
000022,2010-11-10,15.2300,2010-09-30,2010-10-29,1.000000,0.0000,10.8770,9.7893,11.9647,1.4002,-0.3572,需更乐观假设才支撑,17.3828,1.4002,
000022,2010-11-11,15.3300,2010-09-30,2010-10-29,1.000000,0.0000,10.8770,9.7893,11.9647,1.4094,-0.3614,需更乐观假设才支撑,17.3828,1.4094,
000022,2010-11-12,14.1400,2010-09-30,2010-10-29,1.000000,0.0000,10.8770,9.7893,11.9647,1.3000,-0.3077,需更乐观假设才支撑,17.3828,1.3000,
000022,2010-11-15,14.4000,2010-09-30,2010-10-29,1.000000,0.0000,10.8770,9.7893,11.9647,1.3239,-0.3202,需更乐观假设才支撑,17.3828,1.3239,
000022,2010-11-16,13.7600,2010-09-30,2010-10-29,1.000000,0.0000,10.8770,9.7893,11.9647,1.2651,-0.2886,需更乐观假设才支撑,17.3828,1.2651,
000022,2010-11-17,13.5600,2010-09-30,2010-10-29,1.000000,0.0000,10.8770,9.7893,11.9647,1.2467,-0.2781,需更乐观假设才支撑,17.3828,1.2467,
000022,2010-11-18,13.8400,2010-09-30,2010-10-29,1.000000,0.0000,10.8770,9.7893,11.9647,1.2724,-0.2927,需更乐观假设才支撑,17.3828,1.2724,
000022,2010-11-19,13.9900,2010-09-30,2010-10-29,1.000000,0.0000,10.8770,9.7893,11.9647,1.2862,-0.3003,需更乐观假设才支撑,17.3828,1.2862,
000022,2010-11-22,13.9800,2010-09-30,2010-10-29,1.000000,0.0000,10.8770,9.7893,11.9647,1.2853,-0.2998,需更乐观假设才支撑,17.3828,1.2853,
000022,2010-11-23,13.8000,2010-09-30,2010-10-29,1.000000,0.0000,10.8770,9.7893,11.9647,1.2687,-0.2906,需更乐观假设才支撑,17.3828,1.2687,
000022,2010-11-24,14.2100,2010-09-30,2010-10-29,1.000000,0.0000,10.8770,9.7893,11.9647,1.3064,-0.3111,需更乐观假设才支撑,17.3828,1.3064,
000022,2010-11-25,14.6500,2010-09-30,2010-10-29,1.000000,0.0000,10.8770,9.7893,11.9647,1.3469,-0.3318,需更乐观假设才支撑,17.3828,1.3469,
000022,2010-11-26,14.5600,2010-09-30,2010-10-29,1.000000,0.0000,10.8770,9.7893,11.9647,1.3386,-0.3277,需更乐观假设才支撑,17.3828,1.3386,
000022,2010-11-29,14.3700,2010-09-30,2010-10-29,1.000000,0.0000,10.8770,9.7893,11.9647,1.3211,-0.3188,需更乐观假设才支撑,17.3828,1.3211,
000022,2010-11-30,14.0400,2010-09-30,2010-10-29,1.000000,0.0000,10.8770,9.7893,11.9647,1.2908,-0.3028,需更乐观假设才支撑,17.3828,1.2908,
000022,2010-12-01,14.1200,2010-09-30,2010-10-29,1.000000,0.0000,10.8770,9.7893,11.9647,1.2981,-0.3067,需更乐观假设才支撑,17.3828,1.2981,
000022,2010-12-02,14.3300,2010-09-30,2010-10-29,1.000000,0.0000,10.8770,9.7893,11.9647,1.3175,-0.3169,需更乐观假设才支撑,17.3828,1.3175,
000022,2010-12-03,14.3500,2010-09-30,2010-10-29,1.000000,0.0000,10.8770,9.7893,11.9647,1.3193,-0.3178,需更乐观假设才支撑,17.3828,1.3193,
000022,2010-12-06,14.1200,2010-09-30,2010-10-29,1.000000,0.0000,10.8770,9.7893,11.9647,1.2981,-0.3067,需更乐观假设才支撑,17.3828,1.2981,
000022,2010-12-07,14.2000,2010-09-30,2010-10-29,1.000000,0.0000,10.8770,9.7893,11.9647,1.3055,-0.3106,需更乐观假设才支撑,17.3828,1.3055,
000022,2010-12-08,14.6900,2010-09-30,2010-10-29,1.000000,0.0000,10.8770,9.7893,11.9647,1.3506,-0.3336,需更乐观假设才支撑,17.3828,1.3506,
000022,2010-12-09,14.4800,2010-09-30,2010-10-29,1.000000,0.0000,10.8770,9.7893,11.9647,1.3312,-0.3239,需更乐观假设才支撑,17.3828,1.3312,
000022,2010-12-10,14.6800,2010-09-30,2010-10-29,1.000000,0.0000,10.8770,9.7893,11.9647,1.3496,-0.3332,需更乐观假设才支撑,17.3828,1.3496,
000022,2010-12-13,15.1500,2010-09-30,2010-10-29,1.000000,0.0000,10.8770,9.7893,11.9647,1.3928,-0.3538,需更乐观假设才支撑,17.3828,1.3928,
000022,2010-12-14,15.2400,2010-09-30,2010-10-29,1.000000,0.0000,10.8770,9.7893,11.9647,1.4011,-0.3577,需更乐观假设才支撑,17.3828,1.4011,
000022,2010-12-15,15.1500,2010-09-30,2010-10-29,1.000000,0.0000,10.8770,9.7893,11.9647,1.3928,-0.3538,需更乐观假设才支撑,17.3828,1.3928,
000022,2010-12-16,14.9600,2010-09-30,2010-10-29,1.000000,0.0000,10.8770,9.7893,11.9647,1.3754,-0.3456,需更乐观假设才支撑,17.3828,1.3754,
000022,2010-12-17,14.9800,2010-09-30,2010-10-29,1.000000,0.0000,10.8770,9.7893,11.9647,1.3772,-0.3465,需更乐观假设才支撑,17.3828,1.3772,
000022,2010-12-20,14.6300,2010-09-30,2010-10-29,1.000000,0.0000,10.8770,9.7893,11.9647,1.3450,-0.3309,需更乐观假设才支撑,17.3828,1.3450,
000022,2010-12-21,15.0800,2010-09-30,2010-10-29,1.000000,0.0000,10.8770,9.7893,11.9647,1.3864,-0.3508,需更乐观假设才支撑,17.3828,1.3864,
000022,2010-12-22,14.9500,2010-09-30,2010-10-29,1.000000,0.0000,10.8770,9.7893,11.9647,1.3745,-0.3452,需更乐观假设才支撑,17.3828,1.3745,
000022,2010-12-23,14.7600,2010-09-30,2010-10-29,1.000000,0.0000,10.8770,9.7893,11.9647,1.3570,-0.3368,需更乐观假设才支撑,17.3828,1.3570,
000022,2010-12-24,14.8900,2010-09-30,2010-10-29,1.000000,0.0000,10.8770,9.7893,11.9647,1.3689,-0.3426,需更乐观假设才支撑,17.3828,1.3689,
000022,2010-12-27,14.7600,2010-09-30,2010-10-29,1.000000,0.0000,10.8770,9.7893,11.9647,1.3570,-0.3368,需更乐观假设才支撑,17.3828,1.3570,
000022,2010-12-28,14.0800,2010-09-30,2010-10-29,1.000000,0.0000,10.8770,9.7893,11.9647,1.2945,-0.3047,需更乐观假设才支撑,17.3828,1.2945,
000022,2010-12-29,13.8900,2010-09-30,2010-10-29,1.000000,0.0000,10.8770,9.7893,11.9647,1.2770,-0.2952,需更乐观假设才支撑,17.3828,1.2770,
000022,2010-12-30,13.8700,2010-09-30,2010-10-29,1.000000,0.0000,10.8770,9.7893,11.9647,1.2752,-0.2942,需更乐观假设才支撑,17.3828,1.2752,
000022,2010-12-31,14.0300,2010-09-30,2010-10-29,1.000000,0.0000,10.8770,9.7893,11.9647,1.2899,-0.3023,需更乐观假设才支撑,17.3828,1.2899,
000022,2011-01-04,14.1800,2010-09-30,2010-10-29,1.000000,0.0000,10.8770,9.7893,11.9647,1.3037,-0.3096,需更乐观假设才支撑,17.3828,1.3037,
000022,2011-01-05,14.3200,2010-09-30,2010-10-29,1.000000,0.0000,10.8770,9.7893,11.9647,1.3165,-0.3164,需更乐观假设才支撑,17.3828,1.3165,
000022,2011-01-06,14.1600,2010-09-30,2010-10-29,1.000000,0.0000,10.8770,9.7893,11.9647,1.3018,-0.3087,需更乐观假设才支撑,17.3828,1.3018,
000022,2011-01-07,14.4600,2010-09-30,2010-10-29,1.000000,0.0000,10.8770,9.7893,11.9647,1.3294,-0.3230,需更乐观假设才支撑,17.3828,1.3294,
000022,2011-01-10,14.1800,2010-09-30,2010-10-29,1.000000,0.0000,10.8770,9.7893,11.9647,1.3037,-0.3096,需更乐观假设才支撑,17.3828,1.3037,
000022,2011-01-11,14.4300,2010-09-30,2010-10-29,1.000000,0.0000,10.8770,9.7893,11.9647,1.3266,-0.3216,需更乐观假设才支撑,17.3828,1.3266,
000022,2011-01-12,14.4000,2010-09-30,2010-10-29,1.000000,0.0000,10.8770,9.7893,11.9647,1.3239,-0.3202,需更乐观假设才支撑,17.3828,1.3239,
000022,2011-01-13,14.4200,2010-09-30,2010-10-29,1.000000,0.0000,10.8770,9.7893,11.9647,1.3257,-0.3211,需更乐观假设才支撑,17.3828,1.3257,
000022,2011-01-14,14.1900,2010-09-30,2010-10-29,1.000000,0.0000,10.8770,9.7893,11.9647,1.3046,-0.3101,需更乐观假设才支撑,17.3828,1.3046,
000022,2011-01-17,13.7700,2010-09-30,2010-10-29,1.000000,0.0000,10.8770,9.7893,11.9647,1.2660,-0.2891,需更乐观假设才支撑,17.3828,1.2660,
000022,2011-01-18,13.7000,2010-09-30,2010-10-29,1.000000,0.0000,10.8770,9.7893,11.9647,1.2595,-0.2855,需更乐观假设才支撑,17.3828,1.2595,
000022,2011-01-19,14.0900,2010-09-30,2010-10-29,1.000000,0.0000,10.8770,9.7893,11.9647,1.2954,-0.3052,需更乐观假设才支撑,17.3828,1.2954,
000022,2011-01-20,14.3000,2010-09-30,2010-10-29,1.000000,0.0000,10.8770,9.7893,11.9647,1.3147,-0.3154,需更乐观假设才支撑,17.3828,1.3147,
000022,2011-01-21,14.8200,2010-09-30,2010-10-29,1.000000,0.0000,10.8770,9.7893,11.9647,1.3625,-0.3395,需更乐观假设才支撑,17.3828,1.3625,
000022,2011-01-24,14.7400,2010-09-30,2010-10-29,1.000000,0.0000,10.8770,9.7893,11.9647,1.3551,-0.3359,需更乐观假设才支撑,17.3828,1.3551,
000022,2011-01-25,14.7600,2010-09-30,2010-10-29,1.000000,0.0000,10.8770,9.7893,11.9647,1.3570,-0.3368,需更乐观假设才支撑,17.3828,1.3570,
000022,2011-01-26,14.9000,2010-09-30,2010-10-29,1.000000,0.0000,10.8770,9.7893,11.9647,1.3699,-0.3430,需更乐观假设才支撑,17.3828,1.3699,
000022,2011-01-27,15.1800,2010-09-30,2010-10-29,1.000000,0.0000,10.8770,9.7893,11.9647,1.3956,-0.3551,需更乐观假设才支撑,17.3828,1.3956,
000022,2011-01-28,15.0500,2010-09-30,2010-10-29,1.000000,0.0000,10.8770,9.7893,11.9647,1.3836,-0.3495,需更乐观假设才支撑,17.3828,1.3836,
000022,2011-01-31,15.3900,2010-09-30,2010-10-29,1.000000,0.0000,10.8770,9.7893,11.9647,1.4149,-0.3639,需更乐观假设才支撑,17.3828,1.4149,
000022,2011-02-01,15.2000,2010-09-30,2010-10-29,1.000000,0.0000,10.8770,9.7893,11.9647,1.3974,-0.3560,需更乐观假设才支撑,17.3828,1.3974,
000022,2011-02-09,15.4800,2010-09-30,2010-10-29,1.000000,0.0000,10.8770,9.7893,11.9647,1.4232,-0.3676,需更乐观假设才支撑,17.3828,1.4232,
000022,2011-02-10,15.8500,2010-09-30,2010-10-29,1.000000,0.0000,10.8770,9.7893,11.9647,1.4572,-0.3824,需更乐观假设才支撑,17.3828,1.4572,
000022,2011-02-11,15.7200,2010-09-30,2010-10-29,1.000000,0.0000,10.8770,9.7893,11.9647,1.4452,-0.3773,需更乐观假设才支撑,17.3828,1.4452,
000022,2011-02-14,16.0600,2010-09-30,2010-10-29,1.000000,0.0000,10.8770,9.7893,11.9647,1.4765,-0.3905,需更乐观假设才支撑,17.3828,1.4765,
000022,2011-02-15,16.0000,2010-09-30,2010-10-29,1.000000,0.0000,10.8770,9.7893,11.9647,1.4710,-0.3882,需更乐观假设才支撑,17.3828,1.4710,
000022,2011-02-16,17.6000,2010-09-30,2010-10-29,1.000000,0.0000,10.8770,9.7893,11.9647,1.6181,-0.4438,需更乐观假设才支撑,17.3828,1.6181,
000022,2011-02-17,19.3600,2010-09-30,2010-10-29,1.000000,0.0000,10.8770,9.7893,11.9647,1.7799,-0.4944,需更乐观假设才支撑,17.3828,1.7799,
000022,2011-02-18,18.8000,2010-09-30,2010-10-29,1.000000,0.0000,10.8770,9.7893,11.9647,1.7284,-0.4793,需更乐观假设才支撑,17.3828,1.7284,
000022,2011-02-21,19.0000,2010-09-30,2010-10-29,1.000000,0.0000,10.8770,9.7893,11.9647,1.7468,-0.4848,需更乐观假设才支撑,17.3828,1.7468,
000022,2011-02-22,18.2700,2010-09-30,2010-10-29,1.000000,0.0000,10.8770,9.7893,11.9647,1.6797,-0.4642,需更乐观假设才支撑,17.3828,1.6797,
000022,2011-02-23,18.1700,2010-09-30,2010-10-29,1.000000,0.0000,10.8770,9.7893,11.9647,1.6705,-0.4612,需更乐观假设才支撑,17.3828,1.6705,
000022,2011-02-24,18.2100,2010-09-30,2010-10-29,1.000000,0.0000,10.8770,9.7893,11.9647,1.6742,-0.4624,需更乐观假设才支撑,17.3828,1.6742,
000022,2011-02-25,18.1700,2010-09-30,2010-10-29,1.000000,0.0000,10.8770,9.7893,11.9647,1.6705,-0.4612,需更乐观假设才支撑,17.3828,1.6705,
000022,2011-02-28,18.7400,2010-09-30,2010-10-29,1.000000,0.0000,10.8770,9.7893,11.9647,1.7229,-0.4776,需更乐观假设才支撑,17.3828,1.7229,
000022,2011-03-01,18.1800,2010-09-30,2010-10-29,1.000000,0.0000,10.8770,9.7893,11.9647,1.6714,-0.4615,需更乐观假设才支撑,17.3828,1.6714,
000022,2011-03-02,17.9000,2010-09-30,2010-10-29,1.000000,0.0000,10.8770,9.7893,11.9647,1.6457,-0.4531,需更乐观假设才支撑,17.3828,1.6457,
000022,2011-03-03,17.8100,2010-09-30,2010-10-29,1.000000,0.0000,10.8770,9.7893,11.9647,1.6374,-0.4503,需更乐观假设才支撑,17.3828,1.6374,
000022,2011-03-04,18.1700,2010-09-30,2010-10-29,1.000000,0.0000,10.8770,9.7893,11.9647,1.6705,-0.4612,需更乐观假设才支撑,17.3828,1.6705,
000022,2011-03-07,18.6500,2010-09-30,2010-10-29,1.000000,0.0000,10.8770,9.7893,11.9647,1.7146,-0.4751,需更乐观假设才支撑,17.3828,1.7146,
000022,2011-03-08,18.5800,2010-09-30,2010-10-29,1.000000,0.0000,10.8770,9.7893,11.9647,1.7082,-0.4731,需更乐观假设才支撑,17.3828,1.7082,
000022,2011-03-09,18.5100,2010-09-30,2010-10-29,1.000000,0.0000,10.8770,9.7893,11.9647,1.7018,-0.4711,需更乐观假设才支撑,17.3828,1.7018,
000022,2011-03-10,18.0000,2010-09-30,2010-10-29,1.000000,0.0000,10.8770,9.7893,11.9647,1.6549,-0.4561,需更乐观假设才支撑,17.3828,1.6549,
000022,2011-03-11,17.8400,2010-09-30,2010-10-29,1.000000,0.0000,10.8770,9.7893,11.9647,1.6402,-0.4513,需更乐观假设才支撑,17.3828,1.6402,
000022,2011-03-14,17.9500,2010-09-30,2010-10-29,1.000000,0.0000,10.8770,9.7893,11.9647,1.6503,-0.4546,需更乐观假设才支撑,17.3828,1.6503,
000022,2011-03-15,17.3900,2010-09-30,2010-10-29,1.000000,0.0000,10.8770,9.7893,11.9647,1.5988,-0.4371,需更乐观假设才支撑,17.3828,1.5988,
000022,2011-03-16,17.4500,2010-09-30,2010-10-29,1.000000,0.0000,10.8770,9.7893,11.9647,1.6043,-0.4390,需更乐观假设才支撑,17.3828,1.6043,
000022,2011-03-17,17.4900,2010-09-30,2010-10-29,1.000000,0.0000,10.8770,9.7893,11.9647,1.6080,-0.4403,需更乐观假设才支撑,17.3828,1.6080,
000022,2011-03-18,17.4200,2010-09-30,2010-10-29,1.000000,0.0000,10.8770,9.7893,11.9647,1.6015,-0.4380,需更乐观假设才支撑,17.3828,1.6015,
000022,2011-03-21,17.0500,2010-09-30,2010-10-29,1.000000,0.0000,10.8770,9.7893,11.9647,1.5675,-0.4258,需更乐观假设才支撑,17.3828,1.5675,
000022,2011-03-22,17.1900,2010-09-30,2010-10-29,1.000000,0.0000,10.8770,9.7893,11.9647,1.5804,-0.4305,需更乐观假设才支撑,17.3828,1.5804,
000022,2011-03-23,17.6400,2010-09-30,2010-10-29,1.000000,0.0000,10.8770,9.7893,11.9647,1.6218,-0.4450,需更乐观假设才支撑,17.3828,1.6218,
000022,2011-03-24,17.4600,2010-09-30,2010-10-29,1.000000,0.0000,10.8770,9.7893,11.9647,1.6052,-0.4393,需更乐观假设才支撑,17.3828,1.6052,
000022,2011-03-25,17.4900,2010-09-30,2010-10-29,1.000000,0.0000,10.8770,9.7893,11.9647,1.6080,-0.4403,需更乐观假设才支撑,17.3828,1.6080,
000022,2011-03-28,16.8600,2010-12-31,2011-03-29,1.000000,0.0000,8.6030,7.7427,9.4633,1.9598,-0.5408,需更乐观假设才支撑,14.0205,1.9598,
000022,2011-03-29,16.6000,2010-12-31,2011-03-29,1.000000,0.0000,8.6030,7.7427,9.4633,1.9296,-0.5336,需更乐观假设才支撑,14.0205,1.9296,
000022,2011-03-30,16.6700,2010-12-31,2011-03-29,1.000000,0.0000,8.6030,7.7427,9.4633,1.9377,-0.5355,需更乐观假设才支撑,14.0205,1.9377,
000022,2011-03-31,16.2700,2010-12-31,2011-03-29,1.000000,0.0000,8.6030,7.7427,9.4633,1.8912,-0.5241,需更乐观假设才支撑,14.0205,1.8912,
000022,2011-04-01,16.5000,2010-12-31,2011-03-29,1.000000,0.0000,8.6030,7.7427,9.4633,1.9179,-0.5307,需更乐观假设才支撑,14.0205,1.9179,
000022,2011-04-06,16.8800,2010-12-31,2011-03-29,1.000000,0.0000,8.6030,7.7427,9.4633,1.9621,-0.5413,需更乐观假设才支撑,14.0205,1.9621,
000022,2011-04-07,16.8000,2010-12-31,2011-03-29,1.000000,0.0000,8.6030,7.7427,9.4633,1.9528,-0.5391,需更乐观假设才支撑,14.0205,1.9528,
000022,2011-04-08,17.0600,2010-12-31,2011-03-29,1.000000,0.0000,8.6030,7.7427,9.4633,1.9830,-0.5461,需更乐观假设才支撑,14.0205,1.9830,
000022,2011-04-11,16.8100,2010-12-31,2011-03-29,1.000000,0.0000,8.6030,7.7427,9.4633,1.9540,-0.5394,需更乐观假设才支撑,14.0205,1.9540,
000022,2011-04-12,16.8400,2010-12-31,2011-03-29,1.000000,0.0000,8.6030,7.7427,9.4633,1.9575,-0.5402,需更乐观假设才支撑,14.0205,1.9575,
000022,2011-04-13,17.5600,2010-12-31,2011-03-29,1.000000,0.0000,8.6030,7.7427,9.4633,2.0412,-0.5591,需更乐观假设才支撑,14.0205,2.0412,
000022,2011-04-14,17.3100,2010-12-31,2011-03-29,1.000000,0.0000,8.6030,7.7427,9.4633,2.0121,-0.5527,需更乐观假设才支撑,14.0205,2.0121,
000022,2011-04-15,17.0700,2010-12-31,2011-03-29,1.000000,0.0000,8.6030,7.7427,9.4633,1.9842,-0.5464,需更乐观假设才支撑,14.0205,1.9842,
000022,2011-04-18,17.4000,2010-12-31,2011-03-29,1.000000,0.0000,8.6030,7.7427,9.4633,2.0226,-0.5550,需更乐观假设才支撑,14.0205,2.0226,
000022,2011-04-19,16.7500,2010-12-31,2011-03-29,1.000000,0.0000,8.6030,7.7427,9.4633,1.9470,-0.5378,需更乐观假设才支撑,14.0205,1.9470,
000022,2011-04-20,16.4900,2010-12-31,2011-03-29,1.000000,0.0000,8.6030,7.7427,9.4633,1.9168,-0.5305,需更乐观假设才支撑,14.0205,1.9168,
000022,2011-04-21,16.5100,2010-12-31,2011-03-29,1.000000,0.0000,8.6030,7.7427,9.4633,1.9191,-0.5310,需更乐观假设才支撑,14.0205,1.9191,
000022,2011-04-22,16.4900,2010-12-31,2011-03-29,1.000000,0.0000,8.6030,7.7427,9.4633,1.9168,-0.5305,需更乐观假设才支撑,14.0205,1.9168,
000022,2011-04-25,16.2000,2010-12-31,2011-03-29,1.000000,0.0000,8.6030,7.7427,9.4633,1.8831,-0.5221,需更乐观假设才支撑,14.0205,1.8831,
000022,2011-04-26,16.1200,2010-12-31,2011-03-29,1.000000,0.0000,8.6030,7.7427,9.4633,1.8738,-0.5197,需更乐观假设才支撑,14.0205,1.8738,
000022,2011-04-27,15.4900,2011-03-31,2011-04-28,1.000000,0.0000,8.9619,8.0657,9.8581,1.7284,-0.4793,需更乐观假设才支撑,14.6012,1.7284,
000022,2011-04-28,14.9900,2011-03-31,2011-04-28,1.000000,0.0000,8.9619,8.0657,9.8581,1.6726,-0.4619,需更乐观假设才支撑,14.6012,1.6726,
000022,2011-04-29,15.4500,2011-03-31,2011-04-28,1.000000,0.0000,8.9619,8.0657,9.8581,1.7240,-0.4779,需更乐观假设才支撑,14.6012,1.7240,
000022,2011-05-03,15.3500,2011-03-31,2011-04-28,1.000000,0.0000,8.9619,8.0657,9.8581,1.7128,-0.4745,需更乐观假设才支撑,14.6012,1.7128,
000022,2011-05-04,14.7400,2011-03-31,2011-04-28,1.000000,0.0000,8.9619,8.0657,9.8581,1.6447,-0.4528,需更乐观假设才支撑,14.6012,1.6447,
000022,2011-05-05,14.8000,2011-03-31,2011-04-28,1.000000,0.0000,8.9619,8.0657,9.8581,1.6514,-0.4550,需更乐观假设才支撑,14.6012,1.6514,
000022,2011-05-06,14.9200,2011-03-31,2011-04-28,1.000000,0.0000,8.9619,8.0657,9.8581,1.6648,-0.4594,需更乐观假设才支撑,14.6012,1.6648,
000022,2011-05-09,14.9200,2011-03-31,2011-04-28,1.000000,0.0000,8.9619,8.0657,9.8581,1.6648,-0.4594,需更乐观假设才支撑,14.6012,1.6648,
000022,2011-05-10,14.9800,2011-03-31,2011-04-28,1.000000,0.0000,8.9619,8.0657,9.8581,1.6715,-0.4616,需更乐观假设才支撑,14.6012,1.6715,
000022,2011-05-11,15.1100,2011-03-31,2011-04-28,1.000000,0.0000,8.9619,8.0657,9.8581,1.6860,-0.4662,需更乐观假设才支撑,14.6012,1.6860,
000022,2011-05-12,14.9700,2011-03-31,2011-04-28,1.000000,0.0000,8.9619,8.0657,9.8581,1.6704,-0.4612,需更乐观假设才支撑,14.6012,1.6704,
000022,2011-05-13,14.9000,2011-03-31,2011-04-28,1.000000,0.0000,8.9619,8.0657,9.8581,1.6626,-0.4587,需更乐观假设才支撑,14.6012,1.6626,
000022,2011-05-16,15.0400,2011-03-31,2011-04-28,1.000000,0.0000,8.9619,8.0657,9.8581,1.6782,-0.4637,需更乐观假设才支撑,14.6012,1.6782,
000022,2011-05-17,15.2100,2011-03-31,2011-04-28,1.000000,0.0000,8.9619,8.0657,9.8581,1.6972,-0.4697,需更乐观假设才支撑,14.6012,1.6972,
000022,2011-05-18,15.2600,2011-03-31,2011-04-28,1.000000,0.0000,8.9619,8.0657,9.8581,1.7028,-0.4714,需更乐观假设才支撑,14.6012,1.7028,
000022,2011-05-19,15.7600,2011-03-31,2011-04-28,1.000000,0.0000,8.9619,8.0657,9.8581,1.7586,-0.4882,需更乐观假设才支撑,14.6012,1.7586,
000022,2011-05-20,15.6000,2011-03-31,2011-04-28,1.000000,0.0000,8.9619,8.0657,9.8581,1.7407,-0.4830,需更乐观假设才支撑,14.6012,1.7407,
000022,2011-05-23,14.8700,2011-03-31,2011-04-28,1.000000,0.0000,8.9619,8.0657,9.8581,1.6592,-0.4576,需更乐观假设才支撑,14.6012,1.6592,
000022,2011-05-24,14.8200,2011-03-31,2011-04-28,1.000000,0.0000,8.9619,8.0657,9.8581,1.6537,-0.4558,需更乐观假设才支撑,14.6012,1.6537,
000022,2011-05-25,14.8300,2011-03-31,2011-04-28,1.000000,0.0000,8.9619,8.0657,9.8581,1.6548,-0.4561,需更乐观假设才支撑,14.6012,1.6548,
000022,2011-05-26,15.0400,2011-03-31,2011-04-28,1.000000,0.0000,8.9619,8.0657,9.8581,1.6782,-0.4637,需更乐观假设才支撑,14.6012,1.6782,
000022,2011-05-30,13.9000,2011-03-31,2011-04-28,1.000000,0.0000,8.9619,8.0657,9.8581,1.5510,-0.4197,需更乐观假设才支撑,14.6012,1.5510,
000022,2011-05-31,14.2300,2011-03-31,2011-04-28,1.000000,0.0000,8.9619,8.0657,9.8581,1.5878,-0.4332,需更乐观假设才支撑,14.6012,1.5878,
000022,2011-06-01,14.3100,2011-03-31,2011-04-28,1.000000,0.0000,8.9619,8.0657,9.8581,1.5968,-0.4364,需更乐观假设才支撑,14.6012,1.5968,
000022,2011-06-02,13.9000,2011-03-31,2011-04-28,1.000000,0.0000,8.9619,8.0657,9.8581,1.5510,-0.4197,需更乐观假设才支撑,14.6012,1.5510,
000022,2011-06-03,14.1600,2011-03-31,2011-04-28,1.000000,0.0000,8.9619,8.0657,9.8581,1.5800,-0.4304,需更乐观假设才支撑,14.6012,1.5800,
000022,2011-06-07,14.2200,2011-03-31,2011-04-28,1.000000,0.0000,8.9619,8.0657,9.8581,1.5867,-0.4328,需更乐观假设才支撑,14.6012,1.5867,
000022,2011-06-08,14.1800,2011-03-31,2011-04-28,1.000000,0.0000,8.9619,8.0657,9.8581,1.5823,-0.4312,需更乐观假设才支撑,14.6012,1.5823,
000022,2011-06-09,13.9100,2011-03-31,2011-04-28,1.000000,0.0000,8.9619,8.0657,9.8581,1.5521,-0.4201,需更乐观假设才支撑,14.6012,1.5521,
000022,2011-06-10,13.7300,2011-03-31,2011-04-28,1.000000,0.0000,8.9619,8.0657,9.8581,1.5320,-0.4125,需更乐观假设才支撑,14.6012,1.5320,
000022,2011-06-13,13.8100,2011-03-31,2011-04-28,1.000000,0.0000,8.9619,8.0657,9.8581,1.5410,-0.4160,需更乐观假设才支撑,14.6012,1.5410,
000022,2011-06-14,13.9500,2011-03-31,2011-04-28,1.000000,0.0000,8.9619,8.0657,9.8581,1.5566,-0.4218,需更乐观假设才支撑,14.6012,1.5566,
000022,2011-06-15,13.9200,2011-03-31,2011-04-28,1.000000,0.0000,8.9619,8.0657,9.8581,1.5532,-0.4206,需更乐观假设才支撑,14.6012,1.5532,
000022,2011-06-16,13.5500,2011-03-31,2011-04-28,1.000000,0.0000,8.9619,8.0657,9.8581,1.5120,-0.4047,需更乐观假设才支撑,14.6012,1.5120,
000022,2011-06-17,13.3300,2011-03-31,2011-04-28,1.000000,0.0000,8.9619,8.0657,9.8581,1.4874,-0.3949,需更乐观假设才支撑,14.6012,1.4874,
000022,2011-06-20,13.0600,2011-03-31,2011-04-28,1.000000,0.0000,8.9619,8.0657,9.8581,1.4573,-0.3824,需更乐观假设才支撑,14.6012,1.4573,
000022,2011-06-21,13.2300,2011-03-31,2011-04-28,1.000000,0.0000,8.9619,8.0657,9.8581,1.4762,-0.3903,需更乐观假设才支撑,14.6012,1.4762,
000022,2011-06-22,13.1900,2011-03-31,2011-04-28,1.000000,0.0000,8.9619,8.0657,9.8581,1.4718,-0.3885,需更乐观假设才支撑,14.6012,1.4718,
000022,2011-06-23,13.4200,2011-03-31,2011-04-28,1.000000,0.0000,8.9619,8.0657,9.8581,1.4974,-0.3990,需更乐观假设才支撑,14.6012,1.4974,
000022,2011-06-24,14.0700,2011-03-31,2011-04-28,1.000000,0.0000,8.9619,8.0657,9.8581,1.5700,-0.4267,需更乐观假设才支撑,14.6012,1.5700,
000022,2011-06-27,13.9500,2011-03-31,2011-04-28,1.000000,0.0000,8.9619,8.0657,9.8581,1.5566,-0.4218,需更乐观假设才支撑,14.6012,1.5566,
000022,2011-06-28,13.9800,2011-03-31,2011-04-28,1.000000,0.0000,8.9619,8.0657,9.8581,1.5599,-0.4231,需更乐观假设才支撑,14.6012,1.5599,
000022,2011-06-29,13.7800,2011-03-31,2011-04-28,1.000000,0.0000,8.9619,8.0657,9.8581,1.5376,-0.4147,需更乐观假设才支撑,14.6012,1.5376,
000022,2011-06-30,13.9900,2011-03-31,2011-04-28,1.000000,0.0000,8.9619,8.0657,9.8581,1.5610,-0.4235,需更乐观假设才支撑,14.6012,1.5610,
000022,2011-07-01,13.9400,2011-03-31,2011-04-28,1.000000,0.0000,8.9619,8.0657,9.8581,1.5555,-0.4214,需更乐观假设才支撑,14.6012,1.5555,
000022,2011-07-04,14.2700,2011-03-31,2011-04-28,1.000000,0.0000,8.9619,8.0657,9.8581,1.5923,-0.4348,需更乐观假设才支撑,14.6012,1.5923,
000022,2011-07-05,14.1900,2011-03-31,2011-04-28,1.000000,0.0000,8.9619,8.0657,9.8581,1.5834,-0.4316,需更乐观假设才支撑,14.6012,1.5834,
000022,2011-07-06,14.1500,2011-03-31,2011-04-28,1.000000,0.0000,8.9619,8.0657,9.8581,1.5789,-0.4300,需更乐观假设才支撑,14.6012,1.5789,
000022,2011-07-07,14.0100,2011-03-31,2011-04-28,1.000000,0.0000,8.9619,8.0657,9.8581,1.5633,-0.4243,需更乐观假设才支撑,14.6012,1.5633,
000022,2011-07-08,14.0000,2011-03-31,2011-04-28,1.000000,0.0000,8.9619,8.0657,9.8581,1.5622,-0.4239,需更乐观假设才支撑,14.6012,1.5622,
000022,2011-07-11,14.0400,2011-03-31,2011-04-28,1.000000,0.0000,8.9619,8.0657,9.8581,1.5666,-0.4255,需更乐观假设才支撑,14.6012,1.5666,
000022,2011-07-12,13.7600,2011-03-31,2011-04-28,1.000000,0.0000,8.9619,8.0657,9.8581,1.5354,-0.4138,需更乐观假设才支撑,14.6012,1.5354,
000022,2011-07-13,14.0100,2011-03-31,2011-04-28,1.000000,0.0000,8.9619,8.0657,9.8581,1.5633,-0.4243,需更乐观假设才支撑,14.6012,1.5633,
000022,2011-07-14,14.5200,2011-03-31,2011-04-28,1.000000,0.0000,8.9619,8.0657,9.8581,1.6202,-0.4445,需更乐观假设才支撑,14.6012,1.6202,
000022,2011-07-15,14.5000,2011-03-31,2011-04-28,1.000000,0.0000,8.9619,8.0657,9.8581,1.6180,-0.4437,需更乐观假设才支撑,14.6012,1.6180,
000022,2011-07-18,14.7000,2011-03-31,2011-04-28,1.000000,0.0000,8.9619,8.0657,9.8581,1.6403,-0.4513,需更乐观假设才支撑,14.6012,1.6403,
000022,2011-07-19,14.5300,2011-03-31,2011-04-28,1.000000,0.0000,8.9619,8.0657,9.8581,1.6213,-0.4449,需更乐观假设才支撑,14.6012,1.6213,
000022,2011-07-20,14.8600,2011-03-31,2011-04-28,1.000000,0.0000,8.9619,8.0657,9.8581,1.6581,-0.4572,需更乐观假设才支撑,14.6012,1.6581,
000022,2011-07-21,14.9000,2011-03-31,2011-04-28,1.000000,0.0000,8.9619,8.0657,9.8581,1.6626,-0.4587,需更乐观假设才支撑,14.6012,1.6626,
000022,2011-07-22,13.8800,2011-03-31,2011-04-28,1.000000,0.4630,8.4989,7.6027,9.3951,1.6331,-0.4523,需更乐观假设才支撑,14.6012,1.6331,
000022,2011-07-25,13.1300,2011-03-31,2011-04-28,1.000000,0.4630,8.4989,7.6027,9.3951,1.5449,-0.4210,需更乐观假设才支撑,14.6012,1.5449,
000022,2011-07-26,13.1700,2011-03-31,2011-04-28,1.000000,0.4630,8.4989,7.6027,9.3951,1.5496,-0.4227,需更乐观假设才支撑,14.6012,1.5496,
000022,2011-07-27,13.2900,2011-03-31,2011-04-28,1.000000,0.4630,8.4989,7.6027,9.3951,1.5637,-0.4279,需更乐观假设才支撑,14.6012,1.5637,
000022,2011-07-28,13.1600,2011-03-31,2011-04-28,1.000000,0.4630,8.4989,7.6027,9.3951,1.5484,-0.4223,需更乐观假设才支撑,14.6012,1.5484,
000022,2011-07-29,13.2100,2011-03-31,2011-04-28,1.000000,0.4630,8.4989,7.6027,9.3951,1.5543,-0.4245,需更乐观假设才支撑,14.6012,1.5543,
000022,2011-08-01,13.2000,2011-03-31,2011-04-28,1.000000,0.4630,8.4989,7.6027,9.3951,1.5531,-0.4240,需更乐观假设才支撑,14.6012,1.5531,
000022,2011-08-02,13.1400,2011-03-31,2011-04-28,1.000000,0.4630,8.4989,7.6027,9.3951,1.5461,-0.4214,需更乐观假设才支撑,14.6012,1.5461,
000022,2011-08-03,13.1100,2011-03-31,2011-04-28,1.000000,0.4630,8.4989,7.6027,9.3951,1.5425,-0.4201,需更乐观假设才支撑,14.6012,1.5425,
000022,2011-08-04,13.2900,2011-03-31,2011-04-28,1.000000,0.4630,8.4989,7.6027,9.3951,1.5637,-0.4279,需更乐观假设才支撑,14.6012,1.5637,
000022,2011-08-05,12.8300,2011-03-31,2011-04-28,1.000000,0.4630,8.4989,7.6027,9.3951,1.5096,-0.4074,需更乐观假设才支撑,14.6012,1.5096,
000022,2011-08-08,11.9400,2011-03-31,2011-04-28,1.000000,0.4630,8.4989,7.6027,9.3951,1.4049,-0.3633,需更乐观假设才支撑,14.6012,1.4049,
000022,2011-08-09,11.7900,2011-03-31,2011-04-28,1.000000,0.4630,8.4989,7.6027,9.3951,1.3872,-0.3552,需更乐观假设才支撑,14.6012,1.3872,
000022,2011-08-10,11.8600,2011-03-31,2011-04-28,1.000000,0.4630,8.4989,7.6027,9.3951,1.3955,-0.3590,需更乐观假设才支撑,14.6012,1.3955,
000022,2011-08-11,12.0200,2011-03-31,2011-04-28,1.000000,0.4630,8.4989,7.6027,9.3951,1.4143,-0.3675,需更乐观假设才支撑,14.6012,1.4143,
000022,2011-08-12,12.3500,2011-03-31,2011-04-28,1.000000,0.4630,8.4989,7.6027,9.3951,1.4531,-0.3844,需更乐观假设才支撑,14.6012,1.4531,
000022,2011-08-15,12.3600,2011-03-31,2011-04-28,1.000000,0.4630,8.4989,7.6027,9.3951,1.4543,-0.3849,需更乐观假设才支撑,14.6012,1.4543,
000022,2011-08-16,12.1500,2011-03-31,2011-04-28,1.000000,0.4630,8.4989,7.6027,9.3951,1.4296,-0.3743,需更乐观假设才支撑,14.6012,1.4296,
000022,2011-08-17,12.1300,2011-03-31,2011-04-28,1.000000,0.4630,8.4989,7.6027,9.3951,1.4272,-0.3732,需更乐观假设才支撑,14.6012,1.4272,
000022,2011-08-18,12.0000,2011-03-31,2011-04-28,1.000000,0.4630,8.4989,7.6027,9.3951,1.4119,-0.3664,需更乐观假设才支撑,14.6012,1.4119,
000022,2011-08-19,11.7000,2011-06-30,2011-08-20,1.000000,0.0000,8.9123,8.0210,9.8035,1.3128,-0.3144,需更乐观假设才支撑,14.4029,1.3128,
000022,2011-08-22,11.8300,2011-06-30,2011-08-20,1.000000,0.0000,8.9123,8.0210,9.8035,1.3274,-0.3220,需更乐观假设才支撑,14.4029,1.3274,
000022,2011-08-23,12.1800,2011-06-30,2011-08-20,1.000000,0.0000,8.9123,8.0210,9.8035,1.3667,-0.3415,需更乐观假设才支撑,14.4029,1.3667,
000022,2011-08-24,12.0900,2011-06-30,2011-08-20,1.000000,0.0000,8.9123,8.0210,9.8035,1.3566,-0.3366,需更乐观假设才支撑,14.4029,1.3566,
000022,2011-08-25,12.4000,2011-06-30,2011-08-20,1.000000,0.0000,8.9123,8.0210,9.8035,1.3913,-0.3531,需更乐观假设才支撑,14.4029,1.3913,
000022,2011-08-26,12.3500,2011-06-30,2011-08-20,1.000000,0.0000,8.9123,8.0210,9.8035,1.3857,-0.3505,需更乐观假设才支撑,14.4029,1.3857,
000022,2011-08-29,12.1700,2011-06-30,2011-08-20,1.000000,0.0000,8.9123,8.0210,9.8035,1.3655,-0.3409,需更乐观假设才支撑,14.4029,1.3655,
000022,2011-08-30,12.2000,2011-06-30,2011-08-20,1.000000,0.0000,8.9123,8.0210,9.8035,1.3689,-0.3425,需更乐观假设才支撑,14.4029,1.3689,
000022,2011-08-31,12.2100,2011-06-30,2011-08-20,1.000000,0.0000,8.9123,8.0210,9.8035,1.3700,-0.3431,需更乐观假设才支撑,14.4029,1.3700,
000022,2011-09-01,12.1800,2011-06-30,2011-08-20,1.000000,0.0000,8.9123,8.0210,9.8035,1.3667,-0.3415,需更乐观假设才支撑,14.4029,1.3667,
000022,2011-09-02,12.0500,2011-06-30,2011-08-20,1.000000,0.0000,8.9123,8.0210,9.8035,1.3521,-0.3344,需更乐观假设才支撑,14.4029,1.3521,
000022,2011-09-05,11.8600,2011-06-30,2011-08-20,1.000000,0.0000,8.9123,8.0210,9.8035,1.3307,-0.3237,需更乐观假设才支撑,14.4029,1.3307,
000022,2011-09-06,11.7800,2011-06-30,2011-08-20,1.000000,0.0000,8.9123,8.0210,9.8035,1.3218,-0.3191,需更乐观假设才支撑,14.4029,1.3218,
000022,2011-09-07,12.0600,2011-06-30,2011-08-20,1.000000,0.0000,8.9123,8.0210,9.8035,1.3532,-0.3349,需更乐观假设才支撑,14.4029,1.3532,
000022,2011-09-08,11.9500,2011-06-30,2011-08-20,1.000000,0.0000,8.9123,8.0210,9.8035,1.3408,-0.3288,需更乐观假设才支撑,14.4029,1.3408,
000022,2011-09-09,11.9500,2011-06-30,2011-08-20,1.000000,0.0000,8.9123,8.0210,9.8035,1.3408,-0.3288,需更乐观假设才支撑,14.4029,1.3408,
000022,2011-09-13,11.8100,2011-06-30,2011-08-20,1.000000,0.0000,8.9123,8.0210,9.8035,1.3251,-0.3208,需更乐观假设才支撑,14.4029,1.3251,
000022,2011-09-14,11.9500,2011-06-30,2011-08-20,1.000000,0.0000,8.9123,8.0210,9.8035,1.3408,-0.3288,需更乐观假设才支撑,14.4029,1.3408,
000022,2011-09-15,11.9700,2011-06-30,2011-08-20,1.000000,0.0000,8.9123,8.0210,9.8035,1.3431,-0.3299,需更乐观假设才支撑,14.4029,1.3431,
000022,2011-09-16,11.8800,2011-06-30,2011-08-20,1.000000,0.0000,8.9123,8.0210,9.8035,1.3330,-0.3248,需更乐观假设才支撑,14.4029,1.3330,
000022,2011-09-19,11.6800,2011-06-30,2011-08-20,1.000000,0.0000,8.9123,8.0210,9.8035,1.3106,-0.3133,需更乐观假设才支撑,14.4029,1.3106,
000022,2011-09-20,11.7500,2011-06-30,2011-08-20,1.000000,0.0000,8.9123,8.0210,9.8035,1.3184,-0.3174,需更乐观假设才支撑,14.4029,1.3184,
000022,2011-09-21,12.0000,2011-06-30,2011-08-20,1.000000,0.0000,8.9123,8.0210,9.8035,1.3465,-0.3316,需更乐观假设才支撑,14.4029,1.3465,
000022,2011-09-23,11.6700,2011-06-30,2011-08-20,1.000000,0.0000,8.9123,8.0210,9.8035,1.3094,-0.3127,需更乐观假设才支撑,14.4029,1.3094,
000022,2011-09-26,11.6200,2011-06-30,2011-08-20,1.000000,0.0000,8.9123,8.0210,9.8035,1.3038,-0.3097,需更乐观假设才支撑,14.4029,1.3038,
000022,2011-09-27,11.6200,2011-06-30,2011-08-20,1.000000,0.0000,8.9123,8.0210,9.8035,1.3038,-0.3097,需更乐观假设才支撑,14.4029,1.3038,
000022,2011-09-28,11.5000,2011-06-30,2011-08-20,1.000000,0.0000,8.9123,8.0210,9.8035,1.2904,-0.3025,需更乐观假设才支撑,14.4029,1.2904,
000022,2011-09-29,11.2600,2011-06-30,2011-08-20,1.000000,0.0000,8.9123,8.0210,9.8035,1.2634,-0.2877,需更乐观假设才支撑,14.4029,1.2634,
000022,2011-09-30,11.2400,2011-06-30,2011-08-20,1.000000,0.0000,8.9123,8.0210,9.8035,1.2612,-0.2864,需更乐观假设才支撑,14.4029,1.2612,
000022,2011-10-10,11.1600,2011-06-30,2011-08-20,1.000000,0.0000,8.9123,8.0210,9.8035,1.2522,-0.2813,需更乐观假设才支撑,14.4029,1.2522,
000022,2011-10-11,11.2100,2011-06-30,2011-08-20,1.000000,0.0000,8.9123,8.0210,9.8035,1.2578,-0.2845,需更乐观假设才支撑,14.4029,1.2578,
000022,2011-10-12,11.5400,2011-06-30,2011-08-20,1.000000,0.0000,8.9123,8.0210,9.8035,1.2948,-0.3049,需更乐观假设才支撑,14.4029,1.2948,
000022,2011-10-13,11.5400,2011-06-30,2011-08-20,1.000000,0.0000,8.9123,8.0210,9.8035,1.2948,-0.3049,需更乐观假设才支撑,14.4029,1.2948,
000022,2011-10-14,11.4300,2011-06-30,2011-08-20,1.000000,0.0000,8.9123,8.0210,9.8035,1.2825,-0.2982,需更乐观假设才支撑,14.4029,1.2825,
000022,2011-10-17,11.3900,2011-06-30,2011-08-20,1.000000,0.0000,8.9123,8.0210,9.8035,1.2780,-0.2958,需更乐观假设才支撑,14.4029,1.2780,
000022,2011-10-18,11.1300,2011-06-30,2011-08-20,1.000000,0.0000,8.9123,8.0210,9.8035,1.2488,-0.2793,需更乐观假设才支撑,14.4029,1.2488,
000022,2011-10-19,11.1300,2011-06-30,2011-08-20,1.000000,0.0000,8.9123,8.0210,9.8035,1.2488,-0.2793,需更乐观假设才支撑,14.4029,1.2488,
000022,2011-10-20,10.8600,2011-06-30,2011-08-20,1.000000,0.0000,8.9123,8.0210,9.8035,1.2185,-0.2614,需更乐观假设才支撑,14.4029,1.2185,
000022,2011-10-21,10.7100,2011-06-30,2011-08-20,1.000000,0.0000,8.9123,8.0210,9.8035,1.2017,-0.2511,需更乐观假设才支撑,14.4029,1.2017,
000022,2011-10-24,10.7900,2011-06-30,2011-08-20,1.000000,0.0000,8.9123,8.0210,9.8035,1.2107,-0.2566,需更乐观假设才支撑,14.4029,1.2107,
000022,2011-10-25,10.9500,2011-09-30,2011-10-26,1.000000,0.0000,9.8544,8.8689,10.8398,1.1112,-0.1901,需更乐观假设才支撑,15.8421,1.1112,
000022,2011-10-26,11.0200,2011-09-30,2011-10-26,1.000000,0.0000,9.8544,8.8689,10.8398,1.1183,-0.1952,需更乐观假设才支撑,15.8421,1.1183,
000022,2011-10-27,10.9900,2011-09-30,2011-10-26,1.000000,0.0000,9.8544,8.8689,10.8398,1.1152,-0.1930,需更乐观假设才支撑,15.8421,1.1152,
000022,2011-10-28,11.2000,2011-09-30,2011-10-26,1.000000,0.0000,9.8544,8.8689,10.8398,1.1366,-0.2081,需更乐观假设才支撑,15.8421,1.1366,
000022,2011-10-31,11.1300,2011-09-30,2011-10-26,1.000000,0.0000,9.8544,8.8689,10.8398,1.1295,-0.2032,需更乐观假设才支撑,15.8421,1.1295,
000022,2011-11-01,11.1100,2011-09-30,2011-10-26,1.000000,0.0000,9.8544,8.8689,10.8398,1.1274,-0.2017,需更乐观假设才支撑,15.8421,1.1274,
000022,2011-11-02,11.1700,2011-09-30,2011-10-26,1.000000,0.0000,9.8544,8.8689,10.8398,1.1335,-0.2060,需更乐观假设才支撑,15.8421,1.1335,
000022,2011-11-03,11.4200,2011-09-30,2011-10-26,1.000000,0.0000,9.8544,8.8689,10.8398,1.1589,-0.2234,需更乐观假设才支撑,15.8421,1.1589,
000022,2011-11-04,11.4200,2011-09-30,2011-10-26,1.000000,0.0000,9.8544,8.8689,10.8398,1.1589,-0.2234,需更乐观假设才支撑,15.8421,1.1589,
000022,2011-11-07,11.8300,2011-09-30,2011-10-26,1.000000,0.0000,9.8544,8.8689,10.8398,1.2005,-0.2503,需更乐观假设才支撑,15.8421,1.2005,
000022,2011-11-08,12.0600,2011-09-30,2011-10-26,1.000000,0.0000,9.8544,8.8689,10.8398,1.2238,-0.2646,需更乐观假设才支撑,15.8421,1.2238,
000022,2011-11-09,12.2200,2011-09-30,2011-10-26,1.000000,0.0000,9.8544,8.8689,10.8398,1.2401,-0.2742,需更乐观假设才支撑,15.8421,1.2401,
000022,2011-11-10,11.9200,2011-09-30,2011-10-26,1.000000,0.0000,9.8544,8.8689,10.8398,1.2096,-0.2560,需更乐观假设才支撑,15.8421,1.2096,
000022,2011-11-11,11.9800,2011-09-30,2011-10-26,1.000000,0.0000,9.8544,8.8689,10.8398,1.2157,-0.2597,需更乐观假设才支撑,15.8421,1.2157,
000022,2011-11-14,12.2100,2011-09-30,2011-10-26,1.000000,0.0000,9.8544,8.8689,10.8398,1.2390,-0.2736,需更乐观假设才支撑,15.8421,1.2390,
000022,2011-11-15,12.1000,2011-09-30,2011-10-26,1.000000,0.0000,9.8544,8.8689,10.8398,1.2279,-0.2670,需更乐观假设才支撑,15.8421,1.2279,
000022,2011-11-16,11.8000,2011-09-30,2011-10-26,1.000000,0.0000,9.8544,8.8689,10.8398,1.1974,-0.2484,需更乐观假设才支撑,15.8421,1.1974,
000022,2011-11-17,11.7500,2011-09-30,2011-10-26,1.000000,0.0000,9.8544,8.8689,10.8398,1.1924,-0.2452,需更乐观假设才支撑,15.8421,1.1924,
000022,2011-11-18,10.9100,2011-09-30,2011-10-26,1.000000,0.0000,9.8544,8.8689,10.8398,1.1071,-0.1871,需更乐观假设才支撑,15.8421,1.1071,
000022,2011-11-21,10.8100,2011-09-30,2011-10-26,1.000000,0.0000,9.8544,8.8689,10.8398,1.0970,-0.1796,接近合理价值,15.8421,1.0970,
000022,2011-11-22,10.8600,2011-09-30,2011-10-26,1.000000,0.0000,9.8544,8.8689,10.8398,1.1021,-0.1833,需更乐观假设才支撑,15.8421,1.1021,
000022,2011-11-23,10.8500,2011-09-30,2011-10-26,1.000000,0.0000,9.8544,8.8689,10.8398,1.1010,-0.1826,需更乐观假设才支撑,15.8421,1.1010,
000022,2011-11-24,10.8500,2011-09-30,2011-10-26,1.000000,0.0000,9.8544,8.8689,10.8398,1.1010,-0.1826,需更乐观假设才支撑,15.8421,1.1010,
000022,2011-11-25,10.6200,2011-09-30,2011-10-26,1.000000,0.0000,9.8544,8.8689,10.8398,1.0777,-0.1649,接近合理价值,15.8421,1.0777,
000022,2011-11-28,10.5200,2011-09-30,2011-10-26,1.000000,0.0000,9.8544,8.8689,10.8398,1.0675,-0.1569,接近合理价值,15.8421,1.0675,
000022,2011-11-29,10.8200,2011-09-30,2011-10-26,1.000000,0.0000,9.8544,8.8689,10.8398,1.0980,-0.1803,接近合理价值,15.8421,1.0980,
000022,2011-11-30,10.5100,2011-09-30,2011-10-26,1.000000,0.0000,9.8544,8.8689,10.8398,1.0665,-0.1561,接近合理价值,15.8421,1.0665,
000022,2011-12-01,10.7200,2011-09-30,2011-10-26,1.000000,0.0000,9.8544,8.8689,10.8398,1.0878,-0.1727,接近合理价值,15.8421,1.0878,
000022,2011-12-02,10.5500,2011-09-30,2011-10-26,1.000000,0.0000,9.8544,8.8689,10.8398,1.0706,-0.1593,接近合理价值,15.8421,1.0706,
000022,2011-12-05,10.2000,2011-09-30,2011-10-26,1.000000,0.0000,9.8544,8.8689,10.8398,1.0351,-0.1305,接近合理价值,15.8421,1.0351,
000022,2011-12-06,10.2400,2011-09-30,2011-10-26,1.000000,0.0000,9.8544,8.8689,10.8398,1.0391,-0.1339,接近合理价值,15.8421,1.0391,
000022,2011-12-07,10.3100,2011-09-30,2011-10-26,1.000000,0.0000,9.8544,8.8689,10.8398,1.0462,-0.1398,接近合理价值,15.8421,1.0462,
000022,2011-12-08,10.2300,2011-09-30,2011-10-26,1.000000,0.0000,9.8544,8.8689,10.8398,1.0381,-0.1330,接近合理价值,15.8421,1.0381,
000022,2011-12-09,10.2500,2011-09-30,2011-10-26,1.000000,0.0000,9.8544,8.8689,10.8398,1.0401,-0.1347,接近合理价值,15.8421,1.0401,
000022,2011-12-12,10.1700,2011-09-30,2011-10-26,1.000000,0.0000,9.8544,8.8689,10.8398,1.0320,-0.1279,接近合理价值,15.8421,1.0320,
000022,2011-12-13,9.9600,2011-09-30,2011-10-26,1.000000,0.0000,9.8544,8.8689,10.8398,1.0107,-0.1095,接近合理价值,15.8421,1.0107,
000022,2011-12-14,9.7400,2011-09-30,2011-10-26,1.000000,0.0000,9.8544,8.8689,10.8398,0.9884,-0.0894,接近合理价值,15.8421,0.9884,
000022,2011-12-15,9.7000,2011-09-30,2011-10-26,1.000000,0.0000,9.8544,8.8689,10.8398,0.9843,-0.0857,接近合理价值,15.8421,0.9843,
000022,2011-12-16,9.7900,2011-09-30,2011-10-26,1.000000,0.0000,9.8544,8.8689,10.8398,0.9935,-0.0941,接近合理价值,15.8421,0.9935,
000022,2011-12-19,9.7800,2011-09-30,2011-10-26,1.000000,0.0000,9.8544,8.8689,10.8398,0.9925,-0.0932,接近合理价值,15.8421,0.9925,
000022,2011-12-20,9.8400,2011-09-30,2011-10-26,1.000000,0.0000,9.8544,8.8689,10.8398,0.9985,-0.0987,接近合理价值,15.8421,0.9985,
000022,2011-12-21,9.7400,2011-09-30,2011-10-26,1.000000,0.0000,9.8544,8.8689,10.8398,0.9884,-0.0894,接近合理价值,15.8421,0.9884,
000022,2011-12-22,9.7200,2011-09-30,2011-10-26,1.000000,0.0000,9.8544,8.8689,10.8398,0.9864,-0.0876,接近合理价值,15.8421,0.9864,
000022,2011-12-23,9.8500,2011-09-30,2011-10-26,1.000000,0.0000,9.8544,8.8689,10.8398,0.9996,-0.0996,接近合理价值,15.8421,0.9996,
000022,2011-12-26,9.7100,2011-09-30,2011-10-26,1.000000,0.0000,9.8544,8.8689,10.8398,0.9854,-0.0866,接近合理价值,15.8421,0.9854,
000022,2011-12-27,9.6100,2011-09-30,2011-10-26,1.000000,0.0000,9.8544,8.8689,10.8398,0.9752,-0.0771,接近合理价值,15.8421,0.9752,
000022,2011-12-28,9.4500,2011-09-30,2011-10-26,1.000000,0.0000,9.8544,8.8689,10.8398,0.9590,-0.0615,接近合理价值,15.8421,0.9590,
000022,2011-12-29,9.2200,2011-09-30,2011-10-26,1.000000,0.0000,9.8544,8.8689,10.8398,0.9356,-0.0381,接近合理价值,15.8421,0.9356,
000022,2011-12-30,9.3100,2011-09-30,2011-10-26,1.000000,0.0000,9.8544,8.8689,10.8398,0.9448,-0.0474,接近合理价值,15.8421,0.9448,
000022,2012-01-04,9.2700,2011-09-30,2011-10-26,1.000000,0.0000,9.8544,8.8689,10.8398,0.9407,-0.0433,接近合理价值,15.8421,0.9407,
000022,2012-01-05,9.1000,2011-09-30,2011-10-26,1.000000,0.0000,9.8544,8.8689,10.8398,0.9234,-0.0254,接近合理价值,15.8421,0.9234,
000022,2012-01-06,9.2000,2011-09-30,2011-10-26,1.000000,0.0000,9.8544,8.8689,10.8398,0.9336,-0.0360,接近合理价值,15.8421,0.9336,
000022,2012-01-09,9.5800,2011-09-30,2011-10-26,1.000000,0.0000,9.8544,8.8689,10.8398,0.9722,-0.0742,接近合理价值,15.8421,0.9722,
000022,2012-01-10,9.8100,2011-09-30,2011-10-26,1.000000,0.0000,9.8544,8.8689,10.8398,0.9955,-0.0959,接近合理价值,15.8421,0.9955,
000022,2012-01-11,9.6600,2011-09-30,2011-10-26,1.000000,0.0000,9.8544,8.8689,10.8398,0.9803,-0.0819,接近合理价值,15.8421,0.9803,
000022,2012-01-12,9.6600,2011-09-30,2011-10-26,1.000000,0.0000,9.8544,8.8689,10.8398,0.9803,-0.0819,接近合理价值,15.8421,0.9803,
000022,2012-01-13,9.3200,2011-09-30,2011-10-26,1.000000,0.0000,9.8544,8.8689,10.8398,0.9458,-0.0484,接近合理价值,15.8421,0.9458,
000022,2012-01-16,9.2200,2011-09-30,2011-10-26,1.000000,0.0000,9.8544,8.8689,10.8398,0.9356,-0.0381,接近合理价值,15.8421,0.9356,
000022,2012-01-17,9.7900,2011-09-30,2011-10-26,1.000000,0.0000,9.8544,8.8689,10.8398,0.9935,-0.0941,接近合理价值,15.8421,0.9935,
000022,2012-01-18,9.5900,2011-09-30,2011-10-26,1.000000,0.0000,9.8544,8.8689,10.8398,0.9732,-0.0752,接近合理价值,15.8421,0.9732,
000022,2012-01-19,9.7000,2011-09-30,2011-10-26,1.000000,0.0000,9.8544,8.8689,10.8398,0.9843,-0.0857,接近合理价值,15.8421,0.9843,
000022,2012-01-20,9.8300,2011-09-30,2011-10-26,1.000000,0.0000,9.8544,8.8689,10.8398,0.9975,-0.0978,接近合理价值,15.8421,0.9975,
000022,2012-01-30,9.6900,2011-09-30,2011-10-26,1.000000,0.0000,9.8544,8.8689,10.8398,0.9833,-0.0847,接近合理价值,15.8421,0.9833,
000022,2012-01-31,9.6300,2011-09-30,2011-10-26,1.000000,0.0000,9.8544,8.8689,10.8398,0.9772,-0.0790,接近合理价值,15.8421,0.9772,
000022,2012-02-01,9.5400,2011-09-30,2011-10-26,1.000000,0.0000,9.8544,8.8689,10.8398,0.9681,-0.0703,接近合理价值,15.8421,0.9681,
000022,2012-02-02,9.7600,2011-09-30,2011-10-26,1.000000,0.0000,9.8544,8.8689,10.8398,0.9904,-0.0913,接近合理价值,15.8421,0.9904,
000022,2012-02-03,9.8400,2011-09-30,2011-10-26,1.000000,0.0000,9.8544,8.8689,10.8398,0.9985,-0.0987,接近合理价值,15.8421,0.9985,
000022,2012-02-06,9.9000,2011-09-30,2011-10-26,1.000000,0.0000,9.8544,8.8689,10.8398,1.0046,-0.1041,接近合理价值,15.8421,1.0046,
000022,2012-02-07,9.7300,2011-09-30,2011-10-26,1.000000,0.0000,9.8544,8.8689,10.8398,0.9874,-0.0885,接近合理价值,15.8421,0.9874,
000022,2012-02-08,9.8800,2011-09-30,2011-10-26,1.000000,0.0000,9.8544,8.8689,10.8398,1.0026,-0.1023,接近合理价值,15.8421,1.0026,
000022,2012-02-09,9.9500,2011-09-30,2011-10-26,1.000000,0.0000,9.8544,8.8689,10.8398,1.0097,-0.1087,接近合理价值,15.8421,1.0097,
000022,2012-02-10,9.9400,2011-09-30,2011-10-26,1.000000,0.0000,9.8544,8.8689,10.8398,1.0087,-0.1078,接近合理价值,15.8421,1.0087,
000022,2012-02-13,10.0400,2011-09-30,2011-10-26,1.000000,0.0000,9.8544,8.8689,10.8398,1.0188,-0.1166,接近合理价值,15.8421,1.0188,
000022,2012-02-14,9.9600,2011-09-30,2011-10-26,1.000000,0.0000,9.8544,8.8689,10.8398,1.0107,-0.1095,接近合理价值,15.8421,1.0107,
000022,2012-02-15,10.1600,2011-09-30,2011-10-26,1.000000,0.0000,9.8544,8.8689,10.8398,1.0310,-0.1271,接近合理价值,15.8421,1.0310,
000022,2012-02-16,10.1200,2011-09-30,2011-10-26,1.000000,0.0000,9.8544,8.8689,10.8398,1.0270,-0.1236,接近合理价值,15.8421,1.0270,
000022,2012-02-17,10.0500,2011-09-30,2011-10-26,1.000000,0.0000,9.8544,8.8689,10.8398,1.0199,-0.1175,接近合理价值,15.8421,1.0199,
000022,2012-02-20,10.0500,2011-09-30,2011-10-26,1.000000,0.0000,9.8544,8.8689,10.8398,1.0199,-0.1175,接近合理价值,15.8421,1.0199,
000022,2012-02-21,10.1100,2011-09-30,2011-10-26,1.000000,0.0000,9.8544,8.8689,10.8398,1.0259,-0.1228,接近合理价值,15.8421,1.0259,
000022,2012-02-22,10.2400,2011-09-30,2011-10-26,1.000000,0.0000,9.8544,8.8689,10.8398,1.0391,-0.1339,接近合理价值,15.8421,1.0391,
000022,2012-02-23,10.2700,2011-09-30,2011-10-26,1.000000,0.0000,9.8544,8.8689,10.8398,1.0422,-0.1364,接近合理价值,15.8421,1.0422,
000022,2012-02-24,10.4800,2011-09-30,2011-10-26,1.000000,0.0000,9.8544,8.8689,10.8398,1.0635,-0.1537,接近合理价值,15.8421,1.0635,
000022,2012-02-27,10.4800,2011-09-30,2011-10-26,1.000000,0.0000,9.8544,8.8689,10.8398,1.0635,-0.1537,接近合理价值,15.8421,1.0635,
000022,2012-02-28,10.5300,2011-09-30,2011-10-26,1.000000,0.0000,9.8544,8.8689,10.8398,1.0686,-0.1577,接近合理价值,15.8421,1.0686,
000022,2012-02-29,10.2500,2011-09-30,2011-10-26,1.000000,0.0000,9.8544,8.8689,10.8398,1.0401,-0.1347,接近合理价值,15.8421,1.0401,
000022,2012-03-01,10.3300,2011-09-30,2011-10-26,1.000000,0.0000,9.8544,8.8689,10.8398,1.0483,-0.1414,接近合理价值,15.8421,1.0483,
000022,2012-03-02,10.6000,2011-09-30,2011-10-26,1.000000,0.0000,9.8544,8.8689,10.8398,1.0757,-0.1633,接近合理价值,15.8421,1.0757,
000022,2012-03-05,10.8200,2011-09-30,2011-10-26,1.000000,0.0000,9.8544,8.8689,10.8398,1.0980,-0.1803,接近合理价值,15.8421,1.0980,
000022,2012-03-06,10.8200,2011-09-30,2011-10-26,1.000000,0.0000,9.8544,8.8689,10.8398,1.0980,-0.1803,接近合理价值,15.8421,1.0980,
000022,2012-03-07,10.7300,2011-09-30,2011-10-26,1.000000,0.0000,9.8544,8.8689,10.8398,1.0889,-0.1734,接近合理价值,15.8421,1.0889,
000022,2012-03-08,11.1400,2011-09-30,2011-10-26,1.000000,0.0000,9.8544,8.8689,10.8398,1.1305,-0.2039,需更乐观假设才支撑,15.8421,1.1305,
000022,2012-03-09,11.1800,2011-09-30,2011-10-26,1.000000,0.0000,9.8544,8.8689,10.8398,1.1345,-0.2067,需更乐观假设才支撑,15.8421,1.1345,
000022,2012-03-12,10.9300,2011-09-30,2011-10-26,1.000000,0.0000,9.8544,8.8689,10.8398,1.1092,-0.1886,需更乐观假设才支撑,15.8421,1.1092,
000022,2012-03-13,10.9300,2011-09-30,2011-10-26,1.000000,0.0000,9.8544,8.8689,10.8398,1.1092,-0.1886,需更乐观假设才支撑,15.8421,1.1092,
000022,2012-03-14,10.4100,2011-09-30,2011-10-26,1.000000,0.0000,9.8544,8.8689,10.8398,1.0564,-0.1480,接近合理价值,15.8421,1.0564,
000022,2012-03-15,10.2600,2011-09-30,2011-10-26,1.000000,0.0000,9.8544,8.8689,10.8398,1.0412,-0.1356,接近合理价值,15.8421,1.0412,
000022,2012-03-16,10.4400,2011-09-30,2011-10-26,1.000000,0.0000,9.8544,8.8689,10.8398,1.0594,-0.1505,接近合理价值,15.8421,1.0594,
000022,2012-03-19,10.5700,2011-09-30,2011-10-26,1.000000,0.0000,9.8544,8.8689,10.8398,1.0726,-0.1609,接近合理价值,15.8421,1.0726,
000022,2012-03-20,10.2400,2011-09-30,2011-10-26,1.000000,0.0000,9.8544,8.8689,10.8398,1.0391,-0.1339,接近合理价值,15.8421,1.0391,
000022,2012-03-21,10.2400,2011-09-30,2011-10-26,1.000000,0.0000,9.8544,8.8689,10.8398,1.0391,-0.1339,接近合理价值,15.8421,1.0391,
000022,2012-03-22,10.2400,2011-09-30,2011-10-26,1.000000,0.0000,9.8544,8.8689,10.8398,1.0391,-0.1339,接近合理价值,15.8421,1.0391,
000022,2012-03-23,10.0800,2011-09-30,2011-10-26,1.000000,0.0000,9.8544,8.8689,10.8398,1.0229,-0.1201,接近合理价值,15.8421,1.0229,
000022,2012-03-26,9.9000,2011-09-30,2011-10-26,1.000000,0.0000,9.8544,8.8689,10.8398,1.0046,-0.1041,接近合理价值,15.8421,1.0046,
000022,2012-03-27,9.8600,2011-12-31,2012-03-28,1.000000,0.0000,8.9977,8.0980,9.8975,1.0958,-0.1787,接近合理价值,14.6513,1.0958,
000022,2012-03-28,9.5800,2011-12-31,2012-03-28,1.000000,0.0000,8.9977,8.0980,9.8975,1.0647,-0.1547,接近合理价值,14.6513,1.0647,
000022,2012-03-29,9.3700,2011-12-31,2012-03-28,1.000000,0.0000,8.9977,8.0980,9.8975,1.0414,-0.1358,接近合理价值,14.6513,1.0414,
000022,2012-03-30,9.3900,2011-12-31,2012-03-28,1.000000,0.0000,8.9977,8.0980,9.8975,1.0436,-0.1376,接近合理价值,14.6513,1.0436,
000022,2012-04-05,9.6300,2011-12-31,2012-03-28,1.000000,0.0000,8.9977,8.0980,9.8975,1.0703,-0.1591,接近合理价值,14.6513,1.0703,
000022,2012-04-06,9.5600,2011-12-31,2012-03-28,1.000000,0.0000,8.9977,8.0980,9.8975,1.0625,-0.1529,接近合理价值,14.6513,1.0625,
000022,2012-04-09,9.5600,2011-12-31,2012-03-28,1.000000,0.0000,8.9977,8.0980,9.8975,1.0625,-0.1529,接近合理价值,14.6513,1.0625,
000022,2012-04-10,9.6400,2011-12-31,2012-03-28,1.000000,0.0000,8.9977,8.0980,9.8975,1.0714,-0.1600,接近合理价值,14.6513,1.0714,
000022,2012-04-11,9.7200,2011-12-31,2012-03-28,1.000000,0.0000,8.9977,8.0980,9.8975,1.0803,-0.1669,接近合理价值,14.6513,1.0803,
000022,2012-04-12,10.3600,2011-12-31,2012-03-28,1.000000,0.0000,8.9977,8.0980,9.8975,1.1514,-0.2183,需更乐观假设才支撑,14.6513,1.1514,
000022,2012-04-13,10.5600,2011-12-31,2012-03-28,1.000000,0.0000,8.9977,8.0980,9.8975,1.1736,-0.2331,需更乐观假设才支撑,14.6513,1.1736,
000022,2012-04-16,10.7500,2011-12-31,2012-03-28,1.000000,0.0000,8.9977,8.0980,9.8975,1.1947,-0.2467,需更乐观假设才支撑,14.6513,1.1947,
000022,2012-04-17,10.3300,2011-12-31,2012-03-28,1.000000,0.0000,8.9977,8.0980,9.8975,1.1481,-0.2161,需更乐观假设才支撑,14.6513,1.1481,
000022,2012-04-18,10.5000,2011-12-31,2012-03-28,1.000000,0.0000,8.9977,8.0980,9.8975,1.1670,-0.2288,需更乐观假设才支撑,14.6513,1.1670,
000022,2012-04-19,10.4300,2011-12-31,2012-03-28,1.000000,0.0000,8.9977,8.0980,9.8975,1.1592,-0.2236,需更乐观假设才支撑,14.6513,1.1592,
000022,2012-04-20,10.5700,2011-12-31,2012-03-28,1.000000,0.0000,8.9977,8.0980,9.8975,1.1747,-0.2339,需更乐观假设才支撑,14.6513,1.1747,
000022,2012-04-23,10.4000,2011-12-31,2012-03-28,1.000000,0.0000,8.9977,8.0980,9.8975,1.1558,-0.2213,需更乐观假设才支撑,14.6513,1.1558,
000022,2012-04-24,10.2700,2011-12-31,2012-03-28,1.000000,0.0000,8.9977,8.0980,9.8975,1.1414,-0.2115,需更乐观假设才支撑,14.6513,1.1414,
000022,2012-04-25,10.6800,2012-03-31,2012-04-26,1.000000,0.0000,9.4526,8.5073,10.3979,1.1298,-0.2034,需更乐观假设才支撑,15.3624,1.1298,
000022,2012-04-26,10.5800,2012-03-31,2012-04-26,1.000000,0.0000,9.4526,8.5073,10.3979,1.1193,-0.1959,需更乐观假设才支撑,15.3624,1.1193,
000022,2012-04-27,10.4300,2012-03-31,2012-04-26,1.000000,0.0000,9.4526,8.5073,10.3979,1.1034,-0.1843,需更乐观假设才支撑,15.3624,1.1034,
000022,2012-05-02,10.7000,2012-03-31,2012-04-26,1.000000,0.0000,9.4526,8.5073,10.3979,1.1320,-0.2049,需更乐观假设才支撑,15.3624,1.1320,
000022,2012-05-03,10.7600,2012-03-31,2012-04-26,1.000000,0.0000,9.4526,8.5073,10.3979,1.1383,-0.2094,需更乐观假设才支撑,15.3624,1.1383,
000022,2012-05-04,10.6500,2012-03-31,2012-04-26,1.000000,0.0000,9.4526,8.5073,10.3979,1.1267,-0.2012,需更乐观假设才支撑,15.3624,1.1267,
000022,2012-05-07,10.6200,2012-03-31,2012-04-26,1.000000,0.0000,9.4526,8.5073,10.3979,1.1235,-0.1989,需更乐观假设才支撑,15.3624,1.1235,
000022,2012-05-08,10.5500,2012-03-31,2012-04-26,1.000000,0.0000,9.4526,8.5073,10.3979,1.1161,-0.1936,需更乐观假设才支撑,15.3624,1.1161,
000022,2012-05-09,10.3600,2012-03-31,2012-04-26,1.000000,0.0000,9.4526,8.5073,10.3979,1.0960,-0.1788,接近合理价值,15.3624,1.0960,
000022,2012-05-10,10.4700,2012-03-31,2012-04-26,1.000000,0.0000,9.4526,8.5073,10.3979,1.1076,-0.1875,需更乐观假设才支撑,15.3624,1.1076,
000022,2012-05-11,10.2600,2012-03-31,2012-04-26,1.000000,0.0000,9.4526,8.5073,10.3979,1.0854,-0.1708,接近合理价值,15.3624,1.0854,
000022,2012-05-14,10.2600,2012-03-31,2012-04-26,1.000000,0.0000,9.4526,8.5073,10.3979,1.0854,-0.1708,接近合理价值,15.3624,1.0854,
000022,2012-05-15,10.2800,2012-03-31,2012-04-26,1.000000,0.0000,9.4526,8.5073,10.3979,1.0875,-0.1724,接近合理价值,15.3624,1.0875,
000022,2012-05-16,10.4400,2012-03-31,2012-04-26,1.000000,0.0000,9.4526,8.5073,10.3979,1.1045,-0.1851,需更乐观假设才支撑,15.3624,1.1045,
000022,2012-05-17,10.6500,2012-03-31,2012-04-26,1.000000,0.0000,9.4526,8.5073,10.3979,1.1267,-0.2012,需更乐观假设才支撑,15.3624,1.1267,
000022,2012-05-18,10.8300,2012-03-31,2012-04-26,1.000000,0.0000,9.4526,8.5073,10.3979,1.1457,-0.2145,需更乐观假设才支撑,15.3624,1.1457,
000022,2012-05-21,10.4900,2012-03-31,2012-04-26,1.000000,0.0000,9.4526,8.5073,10.3979,1.1097,-0.1890,需更乐观假设才支撑,15.3624,1.1097,
000022,2012-05-22,10.6200,2012-03-31,2012-04-26,1.000000,0.0000,9.4526,8.5073,10.3979,1.1235,-0.1989,需更乐观假设才支撑,15.3624,1.1235,
000022,2012-05-23,10.4500,2012-03-31,2012-04-26,1.000000,0.0000,9.4526,8.5073,10.3979,1.1055,-0.1859,需更乐观假设才支撑,15.3624,1.1055,
000022,2012-05-24,10.4300,2012-03-31,2012-04-26,1.000000,0.0000,9.4526,8.5073,10.3979,1.1034,-0.1843,需更乐观假设才支撑,15.3624,1.1034,
000022,2012-05-25,10.1900,2012-03-31,2012-04-26,1.000000,0.0000,9.4526,8.5073,10.3979,1.0780,-0.1651,接近合理价值,15.3624,1.0780,
000022,2012-05-29,10.5700,2012-03-31,2012-04-26,1.000000,0.0000,9.4526,8.5073,10.3979,1.1182,-0.1951,需更乐观假设才支撑,15.3624,1.1182,
000022,2012-05-30,10.4600,2012-03-31,2012-04-26,1.000000,0.0000,9.4526,8.5073,10.3979,1.1066,-0.1867,需更乐观假设才支撑,15.3624,1.1066,
000022,2012-05-31,10.4500,2012-03-31,2012-04-26,1.000000,0.0000,9.4526,8.5073,10.3979,1.1055,-0.1859,需更乐观假设才支撑,15.3624,1.1055,
000022,2012-06-01,10.5600,2012-03-31,2012-04-26,1.000000,0.0000,9.4526,8.5073,10.3979,1.1172,-0.1944,需更乐观假设才支撑,15.3624,1.1172,
000022,2012-06-04,10.1400,2012-03-31,2012-04-26,1.000000,0.0000,9.4526,8.5073,10.3979,1.0727,-0.1610,接近合理价值,15.3624,1.0727,
000022,2012-06-05,10.1000,2012-03-31,2012-04-26,1.000000,0.0000,9.4526,8.5073,10.3979,1.0685,-0.1577,接近合理价值,15.3624,1.0685,
000022,2012-06-06,10.0100,2012-03-31,2012-04-26,1.000000,0.0000,9.4526,8.5073,10.3979,1.0590,-0.1501,接近合理价值,15.3624,1.0590,
000022,2012-06-07,10.0200,2012-03-31,2012-04-26,1.000000,0.0000,9.4526,8.5073,10.3979,1.0600,-0.1510,接近合理价值,15.3624,1.0600,
000022,2012-06-08,10.0400,2012-03-31,2012-04-26,1.000000,0.0000,9.4526,8.5073,10.3979,1.0621,-0.1527,接近合理价值,15.3624,1.0621,
000022,2012-06-11,10.1700,2012-03-31,2012-04-26,1.000000,0.0000,9.4526,8.5073,10.3979,1.0759,-0.1635,接近合理价值,15.3624,1.0759,
000022,2012-06-12,9.9600,2012-03-31,2012-04-26,1.000000,0.0000,9.4526,8.5073,10.3979,1.0537,-0.1459,接近合理价值,15.3624,1.0537,
000022,2012-06-13,10.1300,2012-03-31,2012-04-26,1.000000,0.0000,9.4526,8.5073,10.3979,1.0717,-0.1602,接近合理价值,15.3624,1.0717,
000022,2012-06-14,10.0300,2012-03-31,2012-04-26,1.000000,0.0000,9.4526,8.5073,10.3979,1.0611,-0.1518,接近合理价值,15.3624,1.0611,
000022,2012-06-15,10.1100,2012-03-31,2012-04-26,1.000000,0.0000,9.4526,8.5073,10.3979,1.0695,-0.1585,接近合理价值,15.3624,1.0695,
000022,2012-06-18,10.1400,2012-03-31,2012-04-26,1.000000,0.0000,9.4526,8.5073,10.3979,1.0727,-0.1610,接近合理价值,15.3624,1.0727,
000022,2012-06-19,9.9500,2012-03-31,2012-04-26,1.000000,0.0000,9.4526,8.5073,10.3979,1.0526,-0.1450,接近合理价值,15.3624,1.0526,
000022,2012-06-20,10.1700,2012-03-31,2012-04-26,1.000000,0.0000,9.4526,8.5073,10.3979,1.0759,-0.1635,接近合理价值,15.3624,1.0759,
000022,2012-06-21,10.4900,2012-03-31,2012-04-26,1.000000,0.0000,9.4526,8.5073,10.3979,1.1097,-0.1890,需更乐观假设才支撑,15.3624,1.1097,
000022,2012-06-25,10.5000,2012-03-31,2012-04-26,1.000000,0.0000,9.4526,8.5073,10.3979,1.1108,-0.1898,需更乐观假设才支撑,15.3624,1.1108,
000022,2012-06-26,10.9200,2012-03-31,2012-04-26,1.000000,0.0000,9.4526,8.5073,10.3979,1.1552,-0.2209,需更乐观假设才支撑,15.3624,1.1552,
000022,2012-06-27,10.8400,2012-03-31,2012-04-26,1.000000,0.0000,9.4526,8.5073,10.3979,1.1468,-0.2152,需更乐观假设才支撑,15.3624,1.1468,
000022,2012-06-28,10.5000,2012-03-31,2012-04-26,1.000000,0.0000,9.4526,8.5073,10.3979,1.1108,-0.1898,需更乐观假设才支撑,15.3624,1.1108,
000022,2012-06-29,10.9600,2012-03-31,2012-04-26,1.000000,0.0000,9.4526,8.5073,10.3979,1.1595,-0.2238,需更乐观假设才支撑,15.3624,1.1595,
000022,2012-07-02,10.6800,2012-03-31,2012-04-26,1.000000,0.0000,9.4526,8.5073,10.3979,1.1298,-0.2034,需更乐观假设才支撑,15.3624,1.1298,
000022,2012-07-03,10.6800,2012-03-31,2012-04-26,1.000000,0.0000,9.4526,8.5073,10.3979,1.1298,-0.2034,需更乐观假设才支撑,15.3624,1.1298,
000022,2012-07-04,11.0500,2012-03-31,2012-04-26,1.000000,0.0000,9.4526,8.5073,10.3979,1.1690,-0.2301,需更乐观假设才支撑,15.3624,1.1690,
000022,2012-07-05,10.4400,2012-03-31,2012-04-26,1.000000,0.0000,9.4526,8.5073,10.3979,1.1045,-0.1851,需更乐观假设才支撑,15.3624,1.1045,
000022,2012-07-06,10.4800,2012-03-31,2012-04-26,1.000000,0.0000,9.4526,8.5073,10.3979,1.1087,-0.1882,需更乐观假设才支撑,15.3624,1.1087,
000022,2012-07-09,10.3400,2012-03-31,2012-04-26,1.000000,0.0000,9.4526,8.5073,10.3979,1.0939,-0.1772,接近合理价值,15.3624,1.0939,
000022,2012-07-10,9.8400,2012-03-31,2012-04-26,1.000000,0.0000,9.4526,8.5073,10.3979,1.0410,-0.1354,接近合理价值,15.3624,1.0410,
000022,2012-07-11,9.6800,2012-03-31,2012-04-26,1.000000,0.0000,9.4526,8.5073,10.3979,1.0241,-0.1211,接近合理价值,15.3624,1.0241,
000022,2012-07-12,9.7600,2012-03-31,2012-04-26,1.000000,0.0000,9.4526,8.5073,10.3979,1.0325,-0.1283,接近合理价值,15.3624,1.0325,
000022,2012-07-13,9.7200,2012-03-31,2012-04-26,1.000000,0.0000,9.4526,8.5073,10.3979,1.0283,-0.1248,接近合理价值,15.3624,1.0283,
000022,2012-07-16,9.3300,2012-03-31,2012-04-26,1.000000,0.0000,9.4526,8.5073,10.3979,0.9870,-0.0882,接近合理价值,15.3624,0.9870,
000022,2012-07-17,9.5100,2012-03-31,2012-04-26,1.000000,0.0000,9.4526,8.5073,10.3979,1.0061,-0.1054,接近合理价值,15.3624,1.0061,
000022,2012-07-18,9.6300,2012-03-31,2012-04-26,1.000000,0.0000,9.4526,8.5073,10.3979,1.0188,-0.1166,接近合理价值,15.3624,1.0188,
000022,2012-07-19,9.8800,2012-03-31,2012-04-26,1.000000,0.0000,9.4526,8.5073,10.3979,1.0452,-0.1389,接近合理价值,15.3624,1.0452,
000022,2012-07-20,9.2300,2012-03-31,2012-04-26,1.000000,0.4000,9.0526,8.1073,9.9979,1.0196,-0.1216,接近合理价值,15.3624,1.0196,
000022,2012-07-23,9.0100,2012-03-31,2012-04-26,1.000000,0.4000,9.0526,8.1073,9.9979,0.9953,-0.1002,接近合理价值,15.3624,0.9953,
000022,2012-07-24,9.0200,2012-03-31,2012-04-26,1.000000,0.4000,9.0526,8.1073,9.9979,0.9964,-0.1012,接近合理价值,15.3624,0.9964,
000022,2012-07-25,9.0100,2012-03-31,2012-04-26,1.000000,0.4000,9.0526,8.1073,9.9979,0.9953,-0.1002,接近合理价值,15.3624,0.9953,
000022,2012-07-26,8.9300,2012-03-31,2012-04-26,1.000000,0.4000,9.0526,8.1073,9.9979,0.9865,-0.0921,接近合理价值,15.3624,0.9865,
000022,2012-07-27,8.9300,2012-03-31,2012-04-26,1.000000,0.4000,9.0526,8.1073,9.9979,0.9865,-0.0921,接近合理价值,15.3624,0.9865,
000022,2012-07-30,9.2600,2012-03-31,2012-04-26,1.000000,0.4000,9.0526,8.1073,9.9979,1.0229,-0.1245,接近合理价值,15.3624,1.0229,
000022,2012-07-31,9.0700,2012-03-31,2012-04-26,1.000000,0.4000,9.0526,8.1073,9.9979,1.0019,-0.1061,接近合理价值,15.3624,1.0019,
000022,2012-08-01,9.1800,2012-03-31,2012-04-26,1.000000,0.4000,9.0526,8.1073,9.9979,1.0141,-0.1168,接近合理价值,15.3624,1.0141,
000022,2012-08-02,8.9300,2012-03-31,2012-04-26,1.000000,0.4000,9.0526,8.1073,9.9979,0.9865,-0.0921,接近合理价值,15.3624,0.9865,
000022,2012-08-03,9.0600,2012-03-31,2012-04-26,1.000000,0.4000,9.0526,8.1073,9.9979,1.0008,-0.1052,接近合理价值,15.3624,1.0008,
000022,2012-08-06,9.2200,2012-03-31,2012-04-26,1.000000,0.4000,9.0526,8.1073,9.9979,1.0185,-0.1207,接近合理价值,15.3624,1.0185,
000022,2012-08-07,9.2500,2012-03-31,2012-04-26,1.000000,0.4000,9.0526,8.1073,9.9979,1.0218,-0.1235,接近合理价值,15.3624,1.0218,
000022,2012-08-08,9.1900,2012-03-31,2012-04-26,1.000000,0.4000,9.0526,8.1073,9.9979,1.0152,-0.1178,接近合理价值,15.3624,1.0152,
000022,2012-08-09,9.3500,2012-03-31,2012-04-26,1.000000,0.4000,9.0526,8.1073,9.9979,1.0329,-0.1329,接近合理价值,15.3624,1.0329,
000022,2012-08-10,9.2500,2012-03-31,2012-04-26,1.000000,0.4000,9.0526,8.1073,9.9979,1.0218,-0.1235,接近合理价值,15.3624,1.0218,
000022,2012-08-13,9.0700,2012-03-31,2012-04-26,1.000000,0.4000,9.0526,8.1073,9.9979,1.0019,-0.1061,接近合理价值,15.3624,1.0019,
000022,2012-08-14,9.1600,2012-03-31,2012-04-26,1.000000,0.4000,9.0526,8.1073,9.9979,1.0119,-0.1149,接近合理价值,15.3624,1.0119,
000022,2012-08-15,9.0500,2012-03-31,2012-04-26,1.000000,0.4000,9.0526,8.1073,9.9979,0.9997,-0.1042,接近合理价值,15.3624,0.9997,
000022,2012-08-16,9.0200,2012-03-31,2012-04-26,1.000000,0.4000,9.0526,8.1073,9.9979,0.9964,-0.1012,接近合理价值,15.3624,0.9964,
000022,2012-08-17,9.0500,2012-03-31,2012-04-26,1.000000,0.4000,9.0526,8.1073,9.9979,0.9997,-0.1042,接近合理价值,15.3624,0.9997,
000022,2012-08-20,9.0400,2012-03-31,2012-04-26,1.000000,0.4000,9.0526,8.1073,9.9979,0.9986,-0.1032,接近合理价值,15.3624,0.9986,
000022,2012-08-21,9.1000,2012-03-31,2012-04-26,1.000000,0.4000,9.0526,8.1073,9.9979,1.0052,-0.1091,接近合理价值,15.3624,1.0052,
000022,2012-08-22,8.9800,2012-06-30,2012-08-23,1.000000,0.0000,9.3705,8.4334,10.3075,0.9583,-0.0609,接近合理价值,15.1712,0.9583,
000022,2012-08-23,9.0900,2012-06-30,2012-08-23,1.000000,0.0000,9.3705,8.4334,10.3075,0.9701,-0.0722,接近合理价值,15.1712,0.9701,
000022,2012-08-24,9.0000,2012-06-30,2012-08-23,1.000000,0.0000,9.3705,8.4334,10.3075,0.9605,-0.0630,接近合理价值,15.1712,0.9605,
000022,2012-08-27,8.8300,2012-06-30,2012-08-23,1.000000,0.0000,9.3705,8.4334,10.3075,0.9423,-0.0449,接近合理价值,15.1712,0.9423,
000022,2012-08-28,8.8900,2012-06-30,2012-08-23,1.000000,0.0000,9.3705,8.4334,10.3075,0.9487,-0.0514,接近合理价值,15.1712,0.9487,
000022,2012-08-29,8.8500,2012-06-30,2012-08-23,1.000000,0.0000,9.3705,8.4334,10.3075,0.9445,-0.0471,接近合理价值,15.1712,0.9445,
000022,2012-08-30,8.7800,2012-06-30,2012-08-23,1.000000,0.0000,9.3705,8.4334,10.3075,0.9370,-0.0395,接近合理价值,15.1712,0.9370,
000022,2012-08-31,8.8200,2012-06-30,2012-08-23,1.000000,0.0000,9.3705,8.4334,10.3075,0.9413,-0.0438,接近合理价值,15.1712,0.9413,
000022,2012-09-03,8.8600,2012-06-30,2012-08-23,1.000000,0.0000,9.3705,8.4334,10.3075,0.9455,-0.0481,接近合理价值,15.1712,0.9455,
000022,2012-09-04,8.7200,2012-06-30,2012-08-23,1.000000,0.0000,9.3705,8.4334,10.3075,0.9306,-0.0329,接近合理价值,15.1712,0.9306,
000022,2012-09-05,8.6800,2012-06-30,2012-08-23,1.000000,0.0000,9.3705,8.4334,10.3075,0.9263,-0.0284,接近合理价值,15.1712,0.9263,
000022,2012-09-06,8.7700,2012-06-30,2012-08-23,1.000000,0.0000,9.3705,8.4334,10.3075,0.9359,-0.0384,接近合理价值,15.1712,0.9359,
000022,2012-09-07,9.0700,2012-06-30,2012-08-23,1.000000,0.0000,9.3705,8.4334,10.3075,0.9679,-0.0702,接近合理价值,15.1712,0.9679,
000022,2012-09-10,9.1000,2012-06-30,2012-08-23,1.000000,0.0000,9.3705,8.4334,10.3075,0.9711,-0.0733,接近合理价值,15.1712,0.9711,
000022,2012-09-11,9.0900,2012-06-30,2012-08-23,1.000000,0.0000,9.3705,8.4334,10.3075,0.9701,-0.0722,接近合理价值,15.1712,0.9701,
000022,2012-09-12,9.1200,2012-06-30,2012-08-23,1.000000,0.0000,9.3705,8.4334,10.3075,0.9733,-0.0753,接近合理价值,15.1712,0.9733,
000022,2012-09-13,9.1200,2012-06-30,2012-08-23,1.000000,0.0000,9.3705,8.4334,10.3075,0.9733,-0.0753,接近合理价值,15.1712,0.9733,
000022,2012-09-14,9.0800,2012-06-30,2012-08-23,1.000000,0.0000,9.3705,8.4334,10.3075,0.9690,-0.0712,接近合理价值,15.1712,0.9690,
000022,2012-09-20,9.0000,2012-06-30,2012-08-23,1.000000,0.0000,9.3705,8.4334,10.3075,0.9605,-0.0630,接近合理价值,15.1712,0.9605,
000022,2012-09-21,8.7400,2012-06-30,2012-08-23,1.000000,0.0000,9.3705,8.4334,10.3075,0.9327,-0.0351,接近合理价值,15.1712,0.9327,
000022,2012-09-24,8.6500,2012-06-30,2012-08-23,1.000000,0.0000,9.3705,8.4334,10.3075,0.9231,-0.0250,接近合理价值,15.1712,0.9231,
000022,2012-09-25,8.6100,2012-06-30,2012-08-23,1.000000,0.0000,9.3705,8.4334,10.3075,0.9188,-0.0205,接近合理价值,15.1712,0.9188,
000022,2012-09-26,8.4200,2012-06-30,2012-08-23,1.000000,0.0000,9.3705,8.4334,10.3075,0.8986,0.0016,偏低估,15.1712,0.8986,
000022,2012-09-27,8.5900,2012-06-30,2012-08-23,1.000000,0.0000,9.3705,8.4334,10.3075,0.9167,-0.0182,接近合理价值,15.1712,0.9167,
000022,2012-09-28,8.7000,2012-06-30,2012-08-23,1.000000,0.0000,9.3705,8.4334,10.3075,0.9284,-0.0306,接近合理价值,15.1712,0.9284,
000022,2012-10-08,8.6400,2012-06-30,2012-08-23,1.000000,0.0000,9.3705,8.4334,10.3075,0.9220,-0.0239,接近合理价值,15.1712,0.9220,
000022,2012-10-09,8.8100,2012-06-30,2012-08-23,1.000000,0.0000,9.3705,8.4334,10.3075,0.9402,-0.0427,接近合理价值,15.1712,0.9402,
000022,2012-10-10,8.8400,2012-06-30,2012-08-23,1.000000,0.0000,9.3705,8.4334,10.3075,0.9434,-0.0460,接近合理价值,15.1712,0.9434,
000022,2012-10-11,8.7500,2012-06-30,2012-08-23,1.000000,0.0000,9.3705,8.4334,10.3075,0.9338,-0.0362,接近合理价值,15.1712,0.9338,
000022,2012-10-12,8.7100,2012-06-30,2012-08-23,1.000000,0.0000,9.3705,8.4334,10.3075,0.9295,-0.0318,接近合理价值,15.1712,0.9295,
000022,2012-10-15,8.5700,2012-06-30,2012-08-23,1.000000,0.0000,9.3705,8.4334,10.3075,0.9146,-0.0159,接近合理价值,15.1712,0.9146,
000022,2012-10-16,8.5300,2012-06-30,2012-08-23,1.000000,0.0000,9.3705,8.4334,10.3075,0.9103,-0.0113,接近合理价值,15.1712,0.9103,
000022,2012-10-17,8.6100,2012-06-30,2012-08-23,1.000000,0.0000,9.3705,8.4334,10.3075,0.9188,-0.0205,接近合理价值,15.1712,0.9188,
000022,2012-10-18,8.7500,2012-06-30,2012-08-23,1.000000,0.0000,9.3705,8.4334,10.3075,0.9338,-0.0362,接近合理价值,15.1712,0.9338,
000022,2012-10-19,8.7400,2012-06-30,2012-08-23,1.000000,0.0000,9.3705,8.4334,10.3075,0.9327,-0.0351,接近合理价值,15.1712,0.9327,
000022,2012-10-22,8.8000,2012-06-30,2012-08-23,1.000000,0.0000,9.3705,8.4334,10.3075,0.9391,-0.0417,接近合理价值,15.1712,0.9391,
000022,2012-10-23,8.7800,2012-06-30,2012-08-23,1.000000,0.0000,9.3705,8.4334,10.3075,0.9370,-0.0395,接近合理价值,15.1712,0.9370,
000022,2012-10-24,8.7200,2012-06-30,2012-08-23,1.000000,0.0000,9.3705,8.4334,10.3075,0.9306,-0.0329,接近合理价值,15.1712,0.9306,
000022,2012-10-25,8.7200,2012-09-30,2012-10-26,1.000000,0.0000,9.5323,8.5791,10.4856,0.9148,-0.0162,接近合理价值,15.4758,0.9148,
000022,2012-10-26,8.5600,2012-09-30,2012-10-26,1.000000,0.0000,9.5323,8.5791,10.4856,0.8980,0.0022,偏低估,15.4758,0.8980,
000022,2012-10-29,8.7000,2012-09-30,2012-10-26,1.000000,0.0000,9.5323,8.5791,10.4856,0.9127,-0.0139,接近合理价值,15.4758,0.9127,
000022,2012-10-30,8.7900,2012-09-30,2012-10-26,1.000000,0.0000,9.5323,8.5791,10.4856,0.9221,-0.0240,接近合理价值,15.4758,0.9221,
000022,2012-10-31,8.7900,2012-09-30,2012-10-26,1.000000,0.0000,9.5323,8.5791,10.4856,0.9221,-0.0240,接近合理价值,15.4758,0.9221,
000022,2012-11-01,8.8900,2012-09-30,2012-10-26,1.000000,0.0000,9.5323,8.5791,10.4856,0.9326,-0.0350,接近合理价值,15.4758,0.9326,
000022,2012-11-02,8.9500,2012-09-30,2012-10-26,1.000000,0.0000,9.5323,8.5791,10.4856,0.9389,-0.0414,接近合理价值,15.4758,0.9389,
000022,2012-11-05,8.8900,2012-09-30,2012-10-26,1.000000,0.0000,9.5323,8.5791,10.4856,0.9326,-0.0350,接近合理价值,15.4758,0.9326,
000022,2012-11-06,8.9500,2012-09-30,2012-10-26,1.000000,0.0000,9.5323,8.5791,10.4856,0.9389,-0.0414,接近合理价值,15.4758,0.9389,
000022,2012-11-07,8.8300,2012-09-30,2012-10-26,1.000000,0.0000,9.5323,8.5791,10.4856,0.9263,-0.0284,接近合理价值,15.4758,0.9263,
000022,2012-11-08,8.7700,2012-09-30,2012-10-26,1.000000,0.0000,9.5323,8.5791,10.4856,0.9200,-0.0218,接近合理价值,15.4758,0.9200,
000022,2012-11-09,8.6900,2012-09-30,2012-10-26,1.000000,0.0000,9.5323,8.5791,10.4856,0.9116,-0.0128,接近合理价值,15.4758,0.9116,
000022,2012-11-12,8.7200,2012-09-30,2012-10-26,1.000000,0.0000,9.5323,8.5791,10.4856,0.9148,-0.0162,接近合理价值,15.4758,0.9148,
000022,2012-11-13,8.6200,2012-09-30,2012-10-26,1.000000,0.0000,9.5323,8.5791,10.4856,0.9043,-0.0047,接近合理价值,15.4758,0.9043,
000022,2012-11-14,8.6000,2012-09-30,2012-10-26,1.000000,0.0000,9.5323,8.5791,10.4856,0.9022,-0.0024,接近合理价值,15.4758,0.9022,
000022,2012-11-15,8.5600,2012-09-30,2012-10-26,1.000000,0.0000,9.5323,8.5791,10.4856,0.8980,0.0022,偏低估,15.4758,0.8980,
000022,2012-11-16,8.5100,2012-09-30,2012-10-26,1.000000,0.0000,9.5323,8.5791,10.4856,0.8928,0.0081,偏低估,15.4758,0.8928,
000022,2012-11-19,8.5800,2012-09-30,2012-10-26,1.000000,0.0000,9.5323,8.5791,10.4856,0.9001,-0.0001,接近合理价值,15.4758,0.9001,
000022,2012-11-20,8.8300,2012-09-30,2012-10-26,1.000000,0.0000,9.5323,8.5791,10.4856,0.9263,-0.0284,接近合理价值,15.4758,0.9263,
000022,2012-11-21,9.0600,2012-09-30,2012-10-26,1.000000,0.0000,9.5323,8.5791,10.4856,0.9504,-0.0531,接近合理价值,15.4758,0.9504,
000022,2012-11-22,8.9400,2012-09-30,2012-10-26,1.000000,0.0000,9.5323,8.5791,10.4856,0.9379,-0.0404,接近合理价值,15.4758,0.9379,
000022,2012-11-23,9.0200,2012-09-30,2012-10-26,1.000000,0.0000,9.5323,8.5791,10.4856,0.9463,-0.0489,接近合理价值,15.4758,0.9463,
000022,2012-11-26,9.0800,2012-09-30,2012-10-26,1.000000,0.0000,9.5323,8.5791,10.4856,0.9525,-0.0552,接近合理价值,15.4758,0.9525,
000022,2012-11-27,9.0500,2012-09-30,2012-10-26,1.000000,0.0000,9.5323,8.5791,10.4856,0.9494,-0.0520,接近合理价值,15.4758,0.9494,
000022,2012-11-28,8.9700,2012-09-30,2012-10-26,1.000000,0.0000,9.5323,8.5791,10.4856,0.9410,-0.0436,接近合理价值,15.4758,0.9410,
000022,2012-11-29,8.8000,2012-09-30,2012-10-26,1.000000,0.0000,9.5323,8.5791,10.4856,0.9232,-0.0251,接近合理价值,15.4758,0.9232,
000022,2012-11-30,9.0500,2012-09-30,2012-10-26,1.000000,0.0000,9.5323,8.5791,10.4856,0.9494,-0.0520,接近合理价值,15.4758,0.9494,
000022,2012-12-03,8.9400,2012-09-30,2012-10-26,1.000000,0.0000,9.5323,8.5791,10.4856,0.9379,-0.0404,接近合理价值,15.4758,0.9379,
000022,2012-12-04,8.8800,2012-09-30,2012-10-26,1.000000,0.0000,9.5323,8.5791,10.4856,0.9316,-0.0339,接近合理价值,15.4758,0.9316,
000022,2012-12-05,9.1100,2012-09-30,2012-10-26,1.000000,0.0000,9.5323,8.5791,10.4856,0.9557,-0.0583,接近合理价值,15.4758,0.9557,
000022,2012-12-06,9.0900,2012-09-30,2012-10-26,1.000000,0.0000,9.5323,8.5791,10.4856,0.9536,-0.0562,接近合理价值,15.4758,0.9536,
000022,2012-12-07,9.3300,2012-09-30,2012-10-26,1.000000,0.0000,9.5323,8.5791,10.4856,0.9788,-0.0805,接近合理价值,15.4758,0.9788,
000022,2012-12-10,9.3300,2012-09-30,2012-10-26,1.000000,0.0000,9.5323,8.5791,10.4856,0.9788,-0.0805,接近合理价值,15.4758,0.9788,
000022,2012-12-11,9.2900,2012-09-30,2012-10-26,1.000000,0.0000,9.5323,8.5791,10.4856,0.9746,-0.0765,接近合理价值,15.4758,0.9746,
000022,2012-12-12,9.2500,2012-09-30,2012-10-26,1.000000,0.0000,9.5323,8.5791,10.4856,0.9704,-0.0725,接近合理价值,15.4758,0.9704,
000022,2012-12-13,9.3000,2012-09-30,2012-10-26,1.000000,0.0000,9.5323,8.5791,10.4856,0.9756,-0.0775,接近合理价值,15.4758,0.9756,
000022,2012-12-14,9.5800,2012-09-30,2012-10-26,1.000000,0.0000,9.5323,8.5791,10.4856,1.0050,-0.1045,接近合理价值,15.4758,1.0050,
000022,2012-12-17,9.4800,2012-09-30,2012-10-26,1.000000,0.0000,9.5323,8.5791,10.4856,0.9945,-0.0950,接近合理价值,15.4758,0.9945,
000022,2012-12-18,9.6600,2012-09-30,2012-10-26,1.000000,0.0000,9.5323,8.5791,10.4856,1.0134,-0.1119,接近合理价值,15.4758,1.0134,
000022,2012-12-19,9.6300,2012-09-30,2012-10-26,1.000000,0.0000,9.5323,8.5791,10.4856,1.0102,-0.1091,接近合理价值,15.4758,1.0102,
000022,2012-12-20,9.7000,2012-09-30,2012-10-26,1.000000,0.0000,9.5323,8.5791,10.4856,1.0176,-0.1156,接近合理价值,15.4758,1.0176,
000022,2012-12-21,9.7000,2012-09-30,2012-10-26,1.000000,0.0000,9.5323,8.5791,10.4856,1.0176,-0.1156,接近合理价值,15.4758,1.0176,
000022,2012-12-24,9.9900,2012-09-30,2012-10-26,1.000000,0.0000,9.5323,8.5791,10.4856,1.0480,-0.1412,接近合理价值,15.4758,1.0480,
000022,2012-12-25,10.1600,2012-09-30,2012-10-26,1.000000,0.0000,9.5323,8.5791,10.4856,1.0658,-0.1556,接近合理价值,15.4758,1.0658,
000022,2012-12-26,10.2300,2012-09-30,2012-10-26,1.000000,0.0000,9.5323,8.5791,10.4856,1.0732,-0.1614,接近合理价值,15.4758,1.0732,
000022,2012-12-27,10.2600,2012-09-30,2012-10-26,1.000000,0.0000,9.5323,8.5791,10.4856,1.0763,-0.1638,接近合理价值,15.4758,1.0763,
000022,2012-12-28,10.1500,2012-09-30,2012-10-26,1.000000,0.0000,9.5323,8.5791,10.4856,1.0648,-0.1548,接近合理价值,15.4758,1.0648,
000022,2012-12-31,10.1700,2012-09-30,2012-10-26,1.000000,0.0000,9.5323,8.5791,10.4856,1.0669,-0.1564,接近合理价值,15.4758,1.0669,
000022,2013-01-04,10.0300,2012-09-30,2012-10-26,1.000000,0.0000,9.5323,8.5791,10.4856,1.0522,-0.1447,接近合理价值,15.4758,1.0522,
000022,2013-01-07,10.1500,2012-09-30,2012-10-26,1.000000,0.0000,9.5323,8.5791,10.4856,1.0648,-0.1548,接近合理价值,15.4758,1.0648,
000022,2013-01-08,10.0800,2012-09-30,2012-10-26,1.000000,0.0000,9.5323,8.5791,10.4856,1.0575,-0.1489,接近合理价值,15.4758,1.0575,
000022,2013-01-09,10.1200,2012-09-30,2012-10-26,1.000000,0.0000,9.5323,8.5791,10.4856,1.0617,-0.1523,接近合理价值,15.4758,1.0617,
000022,2013-01-10,10.0800,2012-09-30,2012-10-26,1.000000,0.0000,9.5323,8.5791,10.4856,1.0575,-0.1489,接近合理价值,15.4758,1.0575,
000022,2013-01-11,9.8400,2012-09-30,2012-10-26,1.000000,0.0000,9.5323,8.5791,10.4856,1.0323,-0.1281,接近合理价值,15.4758,1.0323,
000022,2013-01-14,10.0200,2012-09-30,2012-10-26,1.000000,0.0000,9.5323,8.5791,10.4856,1.0512,-0.1438,接近合理价值,15.4758,1.0512,
000022,2013-01-15,10.1000,2012-09-30,2012-10-26,1.000000,0.0000,9.5323,8.5791,10.4856,1.0596,-0.1506,接近合理价值,15.4758,1.0596,
000022,2013-01-16,9.9400,2012-09-30,2012-10-26,1.000000,0.0000,9.5323,8.5791,10.4856,1.0428,-0.1369,接近合理价值,15.4758,1.0428,
000022,2013-01-17,9.9000,2012-09-30,2012-10-26,1.000000,0.0000,9.5323,8.5791,10.4856,1.0386,-0.1334,接近合理价值,15.4758,1.0386,
000022,2013-01-18,9.9900,2012-09-30,2012-10-26,1.000000,0.0000,9.5323,8.5791,10.4856,1.0480,-0.1412,接近合理价值,15.4758,1.0480,
000022,2013-01-21,10.0800,2012-09-30,2012-10-26,1.000000,0.0000,9.5323,8.5791,10.4856,1.0575,-0.1489,接近合理价值,15.4758,1.0575,
000022,2013-01-22,11.0900,2012-09-30,2012-10-26,1.000000,0.0000,9.5323,8.5791,10.4856,1.1634,-0.2264,需更乐观假设才支撑,15.4758,1.1634,
000022,2013-01-23,12.2000,2012-09-30,2012-10-26,1.000000,0.0000,9.5323,8.5791,10.4856,1.2799,-0.2968,需更乐观假设才支撑,15.4758,1.2799,
000022,2013-01-24,11.8500,2012-09-30,2012-10-26,1.000000,0.0000,9.5323,8.5791,10.4856,1.2431,-0.2760,需更乐观假设才支撑,15.4758,1.2431,
000022,2013-01-25,13.0400,2012-09-30,2012-10-26,1.000000,0.0000,9.5323,8.5791,10.4856,1.3680,-0.3421,需更乐观假设才支撑,15.4758,1.3680,
000022,2013-01-30,13.9000,2012-09-30,2012-10-26,1.000000,0.0000,9.5323,8.5791,10.4856,1.4582,-0.3828,需更乐观假设才支撑,15.4758,1.4582,
000022,2013-01-31,15.2900,2012-09-30,2012-10-26,1.000000,0.0000,9.5323,8.5791,10.4856,1.6040,-0.4389,需更乐观假设才支撑,15.4758,1.6040,
000022,2013-02-01,14.6500,2012-09-30,2012-10-26,1.000000,0.0000,9.5323,8.5791,10.4856,1.5369,-0.4144,需更乐观假设才支撑,15.4758,1.5369,
000022,2013-02-04,13.7100,2012-09-30,2012-10-26,1.000000,0.0000,9.5323,8.5791,10.4856,1.4383,-0.3742,需更乐观假设才支撑,15.4758,1.4383,
000022,2013-02-05,14.1600,2012-09-30,2012-10-26,1.000000,0.0000,9.5323,8.5791,10.4856,1.4855,-0.3941,需更乐观假设才支撑,15.4758,1.4855,
000022,2013-02-06,13.9700,2012-09-30,2012-10-26,1.000000,0.0000,9.5323,8.5791,10.4856,1.4655,-0.3859,需更乐观假设才支撑,15.4758,1.4655,
000022,2013-02-07,13.8000,2012-09-30,2012-10-26,1.000000,0.0000,9.5323,8.5791,10.4856,1.4477,-0.3783,需更乐观假设才支撑,15.4758,1.4477,
000022,2013-02-08,13.7500,2012-09-30,2012-10-26,1.000000,0.0000,9.5323,8.5791,10.4856,1.4425,-0.3761,需更乐观假设才支撑,15.4758,1.4425,
000022,2013-02-18,13.8700,2012-09-30,2012-10-26,1.000000,0.0000,9.5323,8.5791,10.4856,1.4550,-0.3815,需更乐观假设才支撑,15.4758,1.4550,
000022,2013-02-19,13.8700,2012-09-30,2012-10-26,1.000000,0.0000,9.5323,8.5791,10.4856,1.4550,-0.3815,需更乐观假设才支撑,15.4758,1.4550,
000022,2013-02-20,13.9700,2012-09-30,2012-10-26,1.000000,0.0000,9.5323,8.5791,10.4856,1.4655,-0.3859,需更乐观假设才支撑,15.4758,1.4655,
000022,2013-02-21,13.2700,2012-09-30,2012-10-26,1.000000,0.0000,9.5323,8.5791,10.4856,1.3921,-0.3535,需更乐观假设才支撑,15.4758,1.3921,
000022,2013-02-22,13.3400,2012-09-30,2012-10-26,1.000000,0.0000,9.5323,8.5791,10.4856,1.3994,-0.3569,需更乐观假设才支撑,15.4758,1.3994,
000022,2013-02-25,13.5200,2012-09-30,2012-10-26,1.000000,0.0000,9.5323,8.5791,10.4856,1.4183,-0.3655,需更乐观假设才支撑,15.4758,1.4183,
000022,2013-02-26,13.2500,2012-09-30,2012-10-26,1.000000,0.0000,9.5323,8.5791,10.4856,1.3900,-0.3525,需更乐观假设才支撑,15.4758,1.3900,
000022,2013-02-27,13.3600,2012-09-30,2012-10-26,1.000000,0.0000,9.5323,8.5791,10.4856,1.4015,-0.3579,需更乐观假设才支撑,15.4758,1.4015,
000022,2013-02-28,13.6200,2012-09-30,2012-10-26,1.000000,0.0000,9.5323,8.5791,10.4856,1.4288,-0.3701,需更乐观假设才支撑,15.4758,1.4288,
000022,2013-03-01,13.5000,2012-09-30,2012-10-26,1.000000,0.0000,9.5323,8.5791,10.4856,1.4162,-0.3645,需更乐观假设才支撑,15.4758,1.4162,
000022,2013-03-04,12.8100,2012-09-30,2012-10-26,1.000000,0.0000,9.5323,8.5791,10.4856,1.3438,-0.3303,需更乐观假设才支撑,15.4758,1.3438,
000022,2013-03-05,13.0100,2012-09-30,2012-10-26,1.000000,0.0000,9.5323,8.5791,10.4856,1.3648,-0.3406,需更乐观假设才支撑,15.4758,1.3648,
000022,2013-03-06,13.2700,2012-09-30,2012-10-26,1.000000,0.0000,9.5323,8.5791,10.4856,1.3921,-0.3535,需更乐观假设才支撑,15.4758,1.3921,
000022,2013-03-07,13.1100,2012-09-30,2012-10-26,1.000000,0.0000,9.5323,8.5791,10.4856,1.3753,-0.3456,需更乐观假设才支撑,15.4758,1.3753,
000022,2013-03-08,13.3100,2012-09-30,2012-10-26,1.000000,0.0000,9.5323,8.5791,10.4856,1.3963,-0.3554,需更乐观假设才支撑,15.4758,1.3963,
000022,2013-03-11,13.3300,2012-09-30,2012-10-26,1.000000,0.0000,9.5323,8.5791,10.4856,1.3984,-0.3564,需更乐观假设才支撑,15.4758,1.3984,
000022,2013-03-12,13.0000,2012-09-30,2012-10-26,1.000000,0.0000,9.5323,8.5791,10.4856,1.3638,-0.3401,需更乐观假设才支撑,15.4758,1.3638,
000022,2013-03-13,12.8600,2012-09-30,2012-10-26,1.000000,0.0000,9.5323,8.5791,10.4856,1.3491,-0.3329,需更乐观假设才支撑,15.4758,1.3491,
000022,2013-03-14,12.8600,2012-09-30,2012-10-26,1.000000,0.0000,9.5323,8.5791,10.4856,1.3491,-0.3329,需更乐观假设才支撑,15.4758,1.3491,
000022,2013-03-15,12.7500,2012-09-30,2012-10-26,1.000000,0.0000,9.5323,8.5791,10.4856,1.3376,-0.3271,需更乐观假设才支撑,15.4758,1.3376,
000022,2013-03-18,12.7300,2012-09-30,2012-10-26,1.000000,0.0000,9.5323,8.5791,10.4856,1.3355,-0.3261,需更乐观假设才支撑,15.4758,1.3355,
000022,2013-03-19,12.8700,2012-09-30,2012-10-26,1.000000,0.0000,9.5323,8.5791,10.4856,1.3501,-0.3334,需更乐观假设才支撑,15.4758,1.3501,
000022,2013-03-20,13.3500,2012-09-30,2012-10-26,1.000000,0.0000,9.5323,8.5791,10.4856,1.4005,-0.3574,需更乐观假设才支撑,15.4758,1.4005,
000022,2013-03-21,13.3100,2012-09-30,2012-10-26,1.000000,0.0000,9.5323,8.5791,10.4856,1.3963,-0.3554,需更乐观假设才支撑,15.4758,1.3963,
000022,2013-03-22,13.5400,2012-09-30,2012-10-26,1.000000,0.0000,9.5323,8.5791,10.4856,1.4204,-0.3664,需更乐观假设才支撑,15.4758,1.4204,
000022,2013-03-25,13.9000,2012-09-30,2012-10-26,1.000000,0.0000,9.5323,8.5791,10.4856,1.4582,-0.3828,需更乐观假设才支撑,15.4758,1.4582,
000022,2013-03-26,13.6600,2012-12-31,2013-03-27,1.000000,0.0000,9.0593,8.1534,9.9652,1.5078,-0.4031,需更乐观假设才支撑,15.0137,1.5078,
000022,2013-03-27,13.5100,2012-12-31,2013-03-27,1.000000,0.0000,9.0593,8.1534,9.9652,1.4913,-0.3965,需更乐观假设才支撑,15.0137,1.4913,
000022,2013-03-28,12.7400,2012-12-31,2013-03-27,1.000000,0.0000,9.0593,8.1534,9.9652,1.4063,-0.3600,需更乐观假设才支撑,15.0137,1.4063,
000022,2013-03-29,12.8700,2012-12-31,2013-03-27,1.000000,0.0000,9.0593,8.1534,9.9652,1.4206,-0.3665,需更乐观假设才支撑,15.0137,1.4206,
000022,2013-04-01,13.2500,2012-12-31,2013-03-27,1.000000,0.0000,9.0593,8.1534,9.9652,1.4626,-0.3847,需更乐观假设才支撑,15.0137,1.4626,
000022,2013-04-02,13.4900,2012-12-31,2013-03-27,1.000000,0.0000,9.0593,8.1534,9.9652,1.4891,-0.3956,需更乐观假设才支撑,15.0137,1.4891,
000022,2013-04-03,13.4600,2012-12-31,2013-03-27,1.000000,0.0000,9.0593,8.1534,9.9652,1.4858,-0.3943,需更乐观假设才支撑,15.0137,1.4858,
000022,2013-04-08,13.3300,2012-12-31,2013-03-27,1.000000,0.0000,9.0593,8.1534,9.9652,1.4714,-0.3883,需更乐观假设才支撑,15.0137,1.4714,
000022,2013-04-09,13.6000,2012-12-31,2013-03-27,1.000000,0.0000,9.0593,8.1534,9.9652,1.5012,-0.4005,需更乐观假设才支撑,15.0137,1.5012,
000022,2013-04-10,13.6700,2012-12-31,2013-03-27,1.000000,0.0000,9.0593,8.1534,9.9652,1.5089,-0.4036,需更乐观假设才支撑,15.0137,1.5089,
000022,2013-04-11,13.4600,2012-12-31,2013-03-27,1.000000,0.0000,9.0593,8.1534,9.9652,1.4858,-0.3943,需更乐观假设才支撑,15.0137,1.4858,
000022,2013-04-12,13.3200,2012-12-31,2013-03-27,1.000000,0.0000,9.0593,8.1534,9.9652,1.4703,-0.3879,需更乐观假设才支撑,15.0137,1.4703,
000022,2013-04-15,13.0800,2012-12-31,2013-03-27,1.000000,0.0000,9.0593,8.1534,9.9652,1.4438,-0.3767,需更乐观假设才支撑,15.0137,1.4438,
000022,2013-04-16,13.4300,2012-12-31,2013-03-27,1.000000,0.0000,9.0593,8.1534,9.9652,1.4825,-0.3929,需更乐观假设才支撑,15.0137,1.4825,
000022,2013-04-17,13.7400,2012-12-31,2013-03-27,1.000000,0.0000,9.0593,8.1534,9.9652,1.5167,-0.4066,需更乐观假设才支撑,15.0137,1.5167,
000022,2013-04-18,13.9600,2012-12-31,2013-03-27,1.000000,0.0000,9.0593,8.1534,9.9652,1.5410,-0.4159,需更乐观假设才支撑,15.0137,1.5410,
000022,2013-04-19,13.9700,2012-12-31,2013-03-27,1.000000,0.0000,9.0593,8.1534,9.9652,1.5421,-0.4164,需更乐观假设才支撑,15.0137,1.5421,
000022,2013-04-22,14.3900,2012-12-31,2013-03-27,1.000000,0.0000,9.0593,8.1534,9.9652,1.5884,-0.4334,需更乐观假设才支撑,15.0137,1.5884,
000022,2013-04-23,14.1200,2013-03-31,2013-04-24,1.000000,0.0000,9.2701,8.3431,10.1971,1.5232,-0.4091,需更乐观假设才支撑,15.3908,1.5232,
000022,2013-04-24,14.7000,2013-03-31,2013-04-24,1.000000,0.0000,9.2701,8.3431,10.1971,1.5857,-0.4324,需更乐观假设才支撑,15.3908,1.5857,
000022,2013-04-25,14.8500,2013-03-31,2013-04-24,1.000000,0.0000,9.2701,8.3431,10.1971,1.6019,-0.4382,需更乐观假设才支撑,15.3908,1.6019,
000022,2013-04-26,15.4800,2013-03-31,2013-04-24,1.000000,0.0000,9.2701,8.3431,10.1971,1.6699,-0.4610,需更乐观假设才支撑,15.3908,1.6699,
000022,2013-05-02,15.2500,2013-03-31,2013-04-24,1.000000,0.0000,9.2701,8.3431,10.1971,1.6451,-0.4529,需更乐观假设才支撑,15.3908,1.6451,
000022,2013-05-03,14.3000,2013-03-31,2013-04-24,1.000000,0.0000,9.2701,8.3431,10.1971,1.5426,-0.4166,需更乐观假设才支撑,15.3908,1.5426,
000022,2013-05-06,13.9500,2013-03-31,2013-04-24,1.000000,0.0000,9.2701,8.3431,10.1971,1.5048,-0.4019,需更乐观假设才支撑,15.3908,1.5048,
000022,2013-05-07,13.2700,2013-03-31,2013-04-24,1.000000,0.0000,9.2701,8.3431,10.1971,1.4315,-0.3713,需更乐观假设才支撑,15.3908,1.4315,
000022,2013-05-08,13.5200,2013-03-31,2013-04-24,1.000000,0.0000,9.2701,8.3431,10.1971,1.4585,-0.3829,需更乐观假设才支撑,15.3908,1.4585,
000022,2013-05-09,13.1900,2013-03-31,2013-04-24,1.000000,0.0000,9.2701,8.3431,10.1971,1.4229,-0.3675,需更乐观假设才支撑,15.3908,1.4229,
000022,2013-05-10,13.2800,2013-03-31,2013-04-24,1.000000,0.0000,9.2701,8.3431,10.1971,1.4326,-0.3718,需更乐观假设才支撑,15.3908,1.4326,
000022,2013-05-13,13.2300,2013-03-31,2013-04-24,1.000000,0.0000,9.2701,8.3431,10.1971,1.4272,-0.3694,需更乐观假设才支撑,15.3908,1.4272,
000022,2013-05-14,13.1700,2013-03-31,2013-04-24,1.000000,0.0000,9.2701,8.3431,10.1971,1.4207,-0.3665,需更乐观假设才支撑,15.3908,1.4207,
000022,2013-05-15,13.3200,2013-03-31,2013-04-24,1.000000,0.0000,9.2701,8.3431,10.1971,1.4369,-0.3736,需更乐观假设才支撑,15.3908,1.4369,
000022,2013-05-16,13.3500,2013-03-31,2013-04-24,1.000000,0.0000,9.2701,8.3431,10.1971,1.4401,-0.3750,需更乐观假设才支撑,15.3908,1.4401,
000022,2013-05-17,13.4700,2013-03-31,2013-04-24,1.000000,0.0000,9.2701,8.3431,10.1971,1.4531,-0.3806,需更乐观假设才支撑,15.3908,1.4531,
000022,2013-05-20,13.4400,2013-03-31,2013-04-24,1.000000,0.0000,9.2701,8.3431,10.1971,1.4498,-0.3792,需更乐观假设才支撑,15.3908,1.4498,
000022,2013-05-21,13.3400,2013-03-31,2013-04-24,1.000000,0.0000,9.2701,8.3431,10.1971,1.4390,-0.3746,需更乐观假设才支撑,15.3908,1.4390,
000022,2013-05-22,13.2600,2013-03-31,2013-04-24,1.000000,0.0000,9.2701,8.3431,10.1971,1.4304,-0.3708,需更乐观假设才支撑,15.3908,1.4304,
000022,2013-05-23,13.1100,2013-03-31,2013-04-24,1.000000,0.0000,9.2701,8.3431,10.1971,1.4142,-0.3636,需更乐观假设才支撑,15.3908,1.4142,
000022,2013-05-24,13.1100,2013-03-31,2013-04-24,1.000000,0.0000,9.2701,8.3431,10.1971,1.4142,-0.3636,需更乐观假设才支撑,15.3908,1.4142,
000022,2013-05-27,13.2000,2013-03-31,2013-04-24,1.000000,0.0000,9.2701,8.3431,10.1971,1.4239,-0.3679,需更乐观假设才支撑,15.3908,1.4239,
000022,2013-05-28,13.3800,2013-03-31,2013-04-24,1.000000,0.0000,9.2701,8.3431,10.1971,1.4433,-0.3765,需更乐观假设才支撑,15.3908,1.4433,
000022,2013-05-29,13.3900,2013-03-31,2013-04-24,1.000000,0.0000,9.2701,8.3431,10.1971,1.4444,-0.3769,需更乐观假设才支撑,15.3908,1.4444,
000022,2013-05-30,13.2200,2013-03-31,2013-04-24,1.000000,0.0000,9.2701,8.3431,10.1971,1.4261,-0.3689,需更乐观假设才支撑,15.3908,1.4261,
000022,2013-05-31,13.1200,2013-03-31,2013-04-24,1.000000,0.0000,9.2701,8.3431,10.1971,1.4153,-0.3641,需更乐观假设才支撑,15.3908,1.4153,
000022,2013-06-03,12.7700,2013-03-31,2013-04-24,1.000000,0.0000,9.2701,8.3431,10.1971,1.3775,-0.3467,需更乐观假设才支撑,15.3908,1.3775,
000022,2013-06-04,12.4200,2013-03-31,2013-04-24,1.000000,0.0000,9.2701,8.3431,10.1971,1.3398,-0.3283,需更乐观假设才支撑,15.3908,1.3398,
000022,2013-06-05,12.4800,2013-03-31,2013-04-24,1.000000,0.0000,9.2701,8.3431,10.1971,1.3463,-0.3315,需更乐观假设才支撑,15.3908,1.3463,
000022,2013-06-06,12.2600,2013-03-31,2013-04-24,1.000000,0.0000,9.2701,8.3431,10.1971,1.3225,-0.3195,需更乐观假设才支撑,15.3908,1.3225,
000022,2013-06-07,11.6000,2013-03-31,2013-04-24,1.000000,0.0000,9.2701,8.3431,10.1971,1.2513,-0.2808,需更乐观假设才支撑,15.3908,1.2513,
000022,2013-06-13,11.1300,2013-03-31,2013-04-24,1.000000,0.0000,9.2701,8.3431,10.1971,1.2006,-0.2504,需更乐观假设才支撑,15.3908,1.2006,
000022,2013-06-14,11.3300,2013-03-31,2013-04-24,1.000000,0.0000,9.2701,8.3431,10.1971,1.2222,-0.2636,需更乐观假设才支撑,15.3908,1.2222,
000022,2013-06-17,11.4300,2013-03-31,2013-04-24,1.000000,0.0000,9.2701,8.3431,10.1971,1.2330,-0.2701,需更乐观假设才支撑,15.3908,1.2330,
000022,2013-06-18,11.3700,2013-03-31,2013-04-24,1.000000,0.0000,9.2701,8.3431,10.1971,1.2265,-0.2662,需更乐观假设才支撑,15.3908,1.2265,
000022,2013-06-19,11.3200,2013-03-31,2013-04-24,1.000000,0.0000,9.2701,8.3431,10.1971,1.2211,-0.2630,需更乐观假设才支撑,15.3908,1.2211,
000022,2013-06-20,10.9900,2013-03-31,2013-04-24,1.000000,0.0000,9.2701,8.3431,10.1971,1.1855,-0.2408,需更乐观假设才支撑,15.3908,1.1855,
000022,2013-06-21,10.7900,2013-03-31,2013-04-24,1.000000,0.0000,9.2701,8.3431,10.1971,1.1640,-0.2268,需更乐观假设才支撑,15.3908,1.1640,
000022,2013-06-24,9.9000,2013-03-31,2013-04-24,1.000000,0.0000,9.2701,8.3431,10.1971,1.0679,-0.1573,接近合理价值,15.3908,1.0679,
000022,2013-06-25,9.6400,2013-03-31,2013-04-24,1.000000,0.0000,9.2701,8.3431,10.1971,1.0399,-0.1345,接近合理价值,15.3908,1.0399,
000022,2013-06-26,9.9600,2013-03-31,2013-04-24,1.000000,0.0000,9.2701,8.3431,10.1971,1.0744,-0.1623,接近合理价值,15.3908,1.0744,
000022,2013-06-27,10.3500,2013-03-31,2013-04-24,1.000000,0.0000,9.2701,8.3431,10.1971,1.1165,-0.1939,需更乐观假设才支撑,15.3908,1.1165,
000022,2013-06-28,10.4400,2013-03-31,2013-04-24,1.000000,0.0000,9.2701,8.3431,10.1971,1.1262,-0.2009,需更乐观假设才支撑,15.3908,1.1262,
000022,2013-07-01,10.2500,2013-03-31,2013-04-24,1.000000,0.0000,9.2701,8.3431,10.1971,1.1057,-0.1860,需更乐观假设才支撑,15.3908,1.1057,
000022,2013-07-02,10.2600,2013-03-31,2013-04-24,1.000000,0.0000,9.2701,8.3431,10.1971,1.1068,-0.1868,需更乐观假设才支撑,15.3908,1.1068,
000022,2013-07-03,10.0600,2013-03-31,2013-04-24,1.000000,0.0000,9.2701,8.3431,10.1971,1.0852,-0.1707,接近合理价值,15.3908,1.0852,
000022,2013-07-04,10.2000,2013-03-31,2013-04-24,1.000000,0.0000,9.2701,8.3431,10.1971,1.1003,-0.1820,需更乐观假设才支撑,15.3908,1.1003,
000022,2013-07-05,10.3000,2013-03-31,2013-04-24,1.000000,0.0000,9.2701,8.3431,10.1971,1.1111,-0.1900,需更乐观假设才支撑,15.3908,1.1111,
000022,2013-07-08,9.7100,2013-03-31,2013-04-24,1.000000,0.0000,9.2701,8.3431,10.1971,1.0475,-0.1408,接近合理价值,15.3908,1.0475,
000022,2013-07-09,9.7500,2013-03-31,2013-04-24,1.000000,0.0000,9.2701,8.3431,10.1971,1.0518,-0.1443,接近合理价值,15.3908,1.0518,
000022,2013-07-10,10.4000,2013-03-31,2013-04-24,1.000000,0.0000,9.2701,8.3431,10.1971,1.1219,-0.1978,需更乐观假设才支撑,15.3908,1.1219,
000022,2013-07-11,10.9200,2013-03-31,2013-04-24,1.000000,0.0000,9.2701,8.3431,10.1971,1.1780,-0.2360,需更乐观假设才支撑,15.3908,1.1780,
000022,2013-07-12,10.7800,2013-03-31,2013-04-24,1.000000,0.0000,9.2701,8.3431,10.1971,1.1629,-0.2261,需更乐观假设才支撑,15.3908,1.1629,
000022,2013-07-15,10.9100,2013-03-31,2013-04-24,1.000000,0.0000,9.2701,8.3431,10.1971,1.1769,-0.2353,需更乐观假设才支撑,15.3908,1.1769,
000022,2013-07-16,11.6700,2013-03-31,2013-04-24,1.000000,0.0000,9.2701,8.3431,10.1971,1.2589,-0.2851,需更乐观假设才支撑,15.3908,1.2589,
000022,2013-07-17,10.8200,2013-03-31,2013-04-24,1.000000,0.3630,8.9071,7.9801,9.8341,1.2148,-0.2625,需更乐观假设才支撑,15.3908,1.2148,
000022,2013-07-18,10.5000,2013-03-31,2013-04-24,1.000000,0.3630,8.9071,7.9801,9.8341,1.1788,-0.2400,需更乐观假设才支撑,15.3908,1.1788,
000022,2013-07-19,10.2300,2013-03-31,2013-04-24,1.000000,0.3630,8.9071,7.9801,9.8341,1.1485,-0.2199,需更乐观假设才支撑,15.3908,1.1485,
000022,2013-07-22,10.2900,2013-03-31,2013-04-24,1.000000,0.3630,8.9071,7.9801,9.8341,1.1553,-0.2245,需更乐观假设才支撑,15.3908,1.1553,
000022,2013-07-23,10.4500,2013-03-31,2013-04-24,1.000000,0.3630,8.9071,7.9801,9.8341,1.1732,-0.2364,需更乐观假设才支撑,15.3908,1.1732,
000022,2013-07-24,10.4700,2013-03-31,2013-04-24,1.000000,0.3630,8.9071,7.9801,9.8341,1.1755,-0.2378,需更乐观假设才支撑,15.3908,1.1755,
000022,2013-07-25,10.4400,2013-03-31,2013-04-24,1.000000,0.3630,8.9071,7.9801,9.8341,1.1721,-0.2356,需更乐观假设才支撑,15.3908,1.1721,
000022,2013-07-26,10.6600,2013-03-31,2013-04-24,1.000000,0.3630,8.9071,7.9801,9.8341,1.1968,-0.2514,需更乐观假设才支撑,15.3908,1.1968,
000022,2013-07-29,10.2100,2013-03-31,2013-04-24,1.000000,0.3630,8.9071,7.9801,9.8341,1.1463,-0.2184,需更乐观假设才支撑,15.3908,1.1463,
000022,2013-07-30,10.1800,2013-03-31,2013-04-24,1.000000,0.3630,8.9071,7.9801,9.8341,1.1429,-0.2161,需更乐观假设才支撑,15.3908,1.1429,
000022,2013-07-31,10.2700,2013-03-31,2013-04-24,1.000000,0.3630,8.9071,7.9801,9.8341,1.1530,-0.2230,需更乐观假设才支撑,15.3908,1.1530,
000022,2013-08-01,10.4200,2013-03-31,2013-04-24,1.000000,0.3630,8.9071,7.9801,9.8341,1.1699,-0.2342,需更乐观假设才支撑,15.3908,1.1699,
000022,2013-08-02,10.4000,2013-03-31,2013-04-24,1.000000,0.3630,8.9071,7.9801,9.8341,1.1676,-0.2327,需更乐观假设才支撑,15.3908,1.1676,
000022,2013-08-05,10.6000,2013-03-31,2013-04-24,1.000000,0.3630,8.9071,7.9801,9.8341,1.1901,-0.2472,需更乐观假设才支撑,15.3908,1.1901,
000022,2013-08-06,10.5000,2013-03-31,2013-04-24,1.000000,0.3630,8.9071,7.9801,9.8341,1.1788,-0.2400,需更乐观假设才支撑,15.3908,1.1788,
000022,2013-08-07,10.4600,2013-03-31,2013-04-24,1.000000,0.3630,8.9071,7.9801,9.8341,1.1743,-0.2371,需更乐观假设才支撑,15.3908,1.1743,
000022,2013-08-08,10.3200,2013-03-31,2013-04-24,1.000000,0.3630,8.9071,7.9801,9.8341,1.1586,-0.2267,需更乐观假设才支撑,15.3908,1.1586,
000022,2013-08-09,10.3600,2013-03-31,2013-04-24,1.000000,0.3630,8.9071,7.9801,9.8341,1.1631,-0.2297,需更乐观假设才支撑,15.3908,1.1631,
000022,2013-08-12,10.5800,2013-03-31,2013-04-24,1.000000,0.3630,8.9071,7.9801,9.8341,1.1878,-0.2457,需更乐观假设才支撑,15.3908,1.1878,
000022,2013-08-13,10.6300,2013-03-31,2013-04-24,1.000000,0.3630,8.9071,7.9801,9.8341,1.1934,-0.2493,需更乐观假设才支撑,15.3908,1.1934,
000022,2013-08-14,10.8300,2013-03-31,2013-04-24,1.000000,0.3630,8.9071,7.9801,9.8341,1.2159,-0.2631,需更乐观假设才支撑,15.3908,1.2159,
000022,2013-08-15,10.5200,2013-03-31,2013-04-24,1.000000,0.3630,8.9071,7.9801,9.8341,1.1811,-0.2414,需更乐观假设才支撑,15.3908,1.1811,
000022,2013-08-16,10.6000,2013-03-31,2013-04-24,1.000000,0.3630,8.9071,7.9801,9.8341,1.1901,-0.2472,需更乐观假设才支撑,15.3908,1.1901,
000022,2013-08-19,10.5800,2013-03-31,2013-04-24,1.000000,0.3630,8.9071,7.9801,9.8341,1.1878,-0.2457,需更乐观假设才支撑,15.3908,1.1878,
000022,2013-08-20,10.5100,2013-03-31,2013-04-24,1.000000,0.3630,8.9071,7.9801,9.8341,1.1800,-0.2407,需更乐观假设才支撑,15.3908,1.1800,
000022,2013-08-21,10.4900,2013-03-31,2013-04-24,1.000000,0.3630,8.9071,7.9801,9.8341,1.1777,-0.2393,需更乐观假设才支撑,15.3908,1.1777,
000022,2013-08-22,10.5400,2013-03-31,2013-04-24,1.000000,0.3630,8.9071,7.9801,9.8341,1.1833,-0.2429,需更乐观假设才支撑,15.3908,1.1833,
000022,2013-08-23,10.3500,2013-03-31,2013-04-24,1.000000,0.3630,8.9071,7.9801,9.8341,1.1620,-0.2290,需更乐观假设才支撑,15.3908,1.1620,
000022,2013-08-26,10.9200,2013-03-31,2013-04-24,1.000000,0.3630,8.9071,7.9801,9.8341,1.2260,-0.2692,需更乐观假设才支撑,15.3908,1.2260,
000022,2013-08-27,12.0100,2013-06-30,2013-08-28,1.000000,0.0000,8.7861,7.9075,9.6647,1.3669,-0.3416,需更乐观假设才支撑,14.6721,1.3669,
000022,2013-08-28,12.4500,2013-06-30,2013-08-28,1.000000,0.0000,8.7861,7.9075,9.6647,1.4170,-0.3649,需更乐观假设才支撑,14.6721,1.4170,
000022,2013-08-29,12.8300,2013-06-30,2013-08-28,1.000000,0.0000,8.7861,7.9075,9.6647,1.4603,-0.3837,需更乐观假设才支撑,14.6721,1.4603,
000022,2013-08-30,14.1100,2013-06-30,2013-08-28,1.000000,0.0000,8.7861,7.9075,9.6647,1.6059,-0.4396,需更乐观假设才支撑,14.6721,1.6059,
000022,2013-09-02,12.7000,2013-06-30,2013-08-28,1.000000,0.0000,8.7861,7.9075,9.6647,1.4455,-0.3774,需更乐观假设才支撑,14.6721,1.4455,
000022,2013-09-03,12.2900,2013-06-30,2013-08-28,1.000000,0.0000,8.7861,7.9075,9.6647,1.3988,-0.3566,需更乐观假设才支撑,14.6721,1.3988,
000022,2013-09-04,12.2700,2013-06-30,2013-08-28,1.000000,0.0000,8.7861,7.9075,9.6647,1.3965,-0.3555,需更乐观假设才支撑,14.6721,1.3965,
000022,2013-09-05,12.1200,2013-06-30,2013-08-28,1.000000,0.0000,8.7861,7.9075,9.6647,1.3795,-0.3476,需更乐观假设才支撑,14.6721,1.3795,
000022,2013-09-06,12.5200,2013-06-30,2013-08-28,1.000000,0.0000,8.7861,7.9075,9.6647,1.4250,-0.3684,需更乐观假设才支撑,14.6721,1.4250,
000022,2013-09-09,13.7700,2013-06-30,2013-08-28,1.000000,0.0000,8.7861,7.9075,9.6647,1.5673,-0.4257,需更乐观假设才支撑,14.6721,1.5673,
000022,2013-09-10,15.1500,2013-06-30,2013-08-28,1.000000,0.0000,8.7861,7.9075,9.6647,1.7243,-0.4781,需更乐观假设才支撑,14.6721,1.7243,
000022,2013-09-11,14.2100,2013-06-30,2013-08-28,1.000000,0.0000,8.7861,7.9075,9.6647,1.6173,-0.4435,需更乐观假设才支撑,14.6721,1.6173,
000022,2013-09-12,14.3000,2013-06-30,2013-08-28,1.000000,0.0000,8.7861,7.9075,9.6647,1.6276,-0.4470,需更乐观假设才支撑,14.6721,1.6276,
000022,2013-09-13,15.3900,2013-06-30,2013-08-28,1.000000,0.0000,8.7861,7.9075,9.6647,1.7516,-0.4862,需更乐观假设才支撑,14.6721,1.7516,
000022,2013-09-16,15.6600,2013-06-30,2013-08-28,1.000000,0.0000,8.7861,7.9075,9.6647,1.7824,-0.4951,需更乐观假设才支撑,14.6721,1.7824,
000022,2013-09-17,15.1200,2013-06-30,2013-08-28,1.000000,0.0000,8.7861,7.9075,9.6647,1.7209,-0.4770,需更乐观假设才支撑,14.6721,1.7209,
000022,2013-09-18,14.7600,2013-06-30,2013-08-28,1.000000,0.0000,8.7861,7.9075,9.6647,1.6799,-0.4643,需更乐观假设才支撑,14.6721,1.6799,
000022,2013-09-23,15.1100,2013-06-30,2013-08-28,1.000000,0.0000,8.7861,7.9075,9.6647,1.7198,-0.4767,需更乐观假设才支撑,14.6721,1.7198,
000022,2013-09-24,14.8900,2013-06-30,2013-08-28,1.000000,0.0000,8.7861,7.9075,9.6647,1.6947,-0.4689,需更乐观假设才支撑,14.6721,1.6947,
000022,2013-09-25,14.6000,2013-06-30,2013-08-28,1.000000,0.0000,8.7861,7.9075,9.6647,1.6617,-0.4584,需更乐观假设才支撑,14.6721,1.6617,
000022,2013-09-26,13.4700,2013-06-30,2013-08-28,1.000000,0.0000,8.7861,7.9075,9.6647,1.5331,-0.4130,需更乐观假设才支撑,14.6721,1.5331,
000022,2013-09-27,13.4300,2013-06-30,2013-08-28,1.000000,0.0000,8.7861,7.9075,9.6647,1.5286,-0.4112,需更乐观假设才支撑,14.6721,1.5286,
000022,2013-09-30,13.7200,2013-06-30,2013-08-28,1.000000,0.0000,8.7861,7.9075,9.6647,1.5616,-0.4237,需更乐观假设才支撑,14.6721,1.5616,
000022,2013-10-08,14.0900,2013-06-30,2013-08-28,1.000000,0.0000,8.7861,7.9075,9.6647,1.6037,-0.4388,需更乐观假设才支撑,14.6721,1.6037,
000022,2013-10-09,14.6900,2013-06-30,2013-08-28,1.000000,0.0000,8.7861,7.9075,9.6647,1.6720,-0.4617,需更乐观假设才支撑,14.6721,1.6720,
000022,2013-10-10,14.9200,2013-06-30,2013-08-28,1.000000,0.0000,8.7861,7.9075,9.6647,1.6981,-0.4700,需更乐观假设才支撑,14.6721,1.6981,
000022,2013-10-11,14.8600,2013-06-30,2013-08-28,1.000000,0.0000,8.7861,7.9075,9.6647,1.6913,-0.4679,需更乐观假设才支撑,14.6721,1.6913,
000022,2013-10-14,15.0000,2013-06-30,2013-08-28,1.000000,0.0000,8.7861,7.9075,9.6647,1.7072,-0.4728,需更乐观假设才支撑,14.6721,1.7072,
000022,2013-10-15,15.5700,2013-06-30,2013-08-28,1.000000,0.0000,8.7861,7.9075,9.6647,1.7721,-0.4921,需更乐观假设才支撑,14.6721,1.7721,
000022,2013-10-16,14.3900,2013-06-30,2013-08-28,1.000000,0.0000,8.7861,7.9075,9.6647,1.6378,-0.4505,需更乐观假设才支撑,14.6721,1.6378,
000022,2013-10-17,14.0200,2013-06-30,2013-08-28,1.000000,0.0000,8.7861,7.9075,9.6647,1.5957,-0.4360,需更乐观假设才支撑,14.6721,1.5957,
000022,2013-10-18,14.2200,2013-06-30,2013-08-28,1.000000,0.0000,8.7861,7.9075,9.6647,1.6185,-0.4439,需更乐观假设才支撑,14.6721,1.6185,
000022,2013-10-21,14.2900,2013-06-30,2013-08-28,1.000000,0.0000,8.7861,7.9075,9.6647,1.6264,-0.4466,需更乐观假设才支撑,14.6721,1.6264,
000022,2013-10-22,14.3000,2013-06-30,2013-08-28,1.000000,0.0000,8.7861,7.9075,9.6647,1.6276,-0.4470,需更乐观假设才支撑,14.6721,1.6276,
000022,2013-10-23,13.6800,2013-06-30,2013-08-28,1.000000,0.0000,8.7861,7.9075,9.6647,1.5570,-0.4220,需更乐观假设才支撑,14.6721,1.5570,
000022,2013-10-24,13.5500,2013-09-30,2013-10-25,1.000000,0.0000,9.1082,8.1974,10.0191,1.4877,-0.3950,需更乐观假设才支撑,15.2167,1.4877,
000022,2013-10-25,13.0900,2013-09-30,2013-10-25,1.000000,0.0000,9.1082,8.1974,10.0191,1.4372,-0.3738,需更乐观假设才支撑,15.2167,1.4372,
000022,2013-10-28,13.2800,2013-09-30,2013-10-25,1.000000,0.0000,9.1082,8.1974,10.0191,1.4580,-0.3827,需更乐观假设才支撑,15.2167,1.4580,
000022,2013-10-29,12.9000,2013-09-30,2013-10-25,1.000000,0.0000,9.1082,8.1974,10.0191,1.4163,-0.3645,需更乐观假设才支撑,15.2167,1.4163,
000022,2013-10-30,13.4000,2013-09-30,2013-10-25,1.000000,0.0000,9.1082,8.1974,10.0191,1.4712,-0.3883,需更乐观假设才支撑,15.2167,1.4712,
000022,2013-10-31,14.7400,2013-09-30,2013-10-25,1.000000,0.0000,9.1082,8.1974,10.0191,1.6183,-0.4439,需更乐观假设才支撑,15.2167,1.6183,
000022,2013-11-01,14.0500,2013-09-30,2013-10-25,1.000000,0.0000,9.1082,8.1974,10.0191,1.5426,-0.4166,需更乐观假设才支撑,15.2167,1.5426,
000022,2013-11-04,14.4600,2013-09-30,2013-10-25,1.000000,0.0000,9.1082,8.1974,10.0191,1.5876,-0.4331,需更乐观假设才支撑,15.2167,1.5876,
000022,2013-11-05,14.9800,2013-09-30,2013-10-25,1.000000,0.0000,9.1082,8.1974,10.0191,1.6447,-0.4528,需更乐观假设才支撑,15.2167,1.6447,
000022,2013-11-06,14.4000,2013-09-30,2013-10-25,1.000000,0.0000,9.1082,8.1974,10.0191,1.5810,-0.4307,需更乐观假设才支撑,15.2167,1.5810,
000022,2013-11-07,14.3100,2013-09-30,2013-10-25,1.000000,0.0000,9.1082,8.1974,10.0191,1.5711,-0.4272,需更乐观假设才支撑,15.2167,1.5711,
000022,2013-11-08,14.3800,2013-09-30,2013-10-25,1.000000,0.0000,9.1082,8.1974,10.0191,1.5788,-0.4299,需更乐观假设才支撑,15.2167,1.5788,
000022,2013-11-11,13.6500,2013-09-30,2013-10-25,1.000000,0.0000,9.1082,8.1974,10.0191,1.4986,-0.3995,需更乐观假设才支撑,15.2167,1.4986,
000022,2013-11-12,13.7700,2013-09-30,2013-10-25,1.000000,0.0000,9.1082,8.1974,10.0191,1.5118,-0.4047,需更乐观假设才支撑,15.2167,1.5118,
000022,2013-11-13,13.7800,2013-09-30,2013-10-25,1.000000,0.0000,9.1082,8.1974,10.0191,1.5129,-0.4051,需更乐观假设才支撑,15.2167,1.5129,
000022,2013-11-14,13.7500,2013-09-30,2013-10-25,1.000000,0.0000,9.1082,8.1974,10.0191,1.5096,-0.4038,需更乐观假设才支撑,15.2167,1.5096,
000022,2013-11-15,14.0300,2013-09-30,2013-10-25,1.000000,0.0000,9.1082,8.1974,10.0191,1.5404,-0.4157,需更乐观假设才支撑,15.2167,1.5404,
000022,2013-11-18,15.4300,2013-09-30,2013-10-25,1.000000,0.0000,9.1082,8.1974,10.0191,1.6941,-0.4687,需更乐观假设才支撑,15.2167,1.6941,
000022,2013-11-19,15.9300,2013-09-30,2013-10-25,1.000000,0.0000,9.1082,8.1974,10.0191,1.7490,-0.4854,需更乐观假设才支撑,15.2167,1.7490,
000022,2013-11-20,16.2700,2013-09-30,2013-10-25,1.000000,0.0000,9.1082,8.1974,10.0191,1.7863,-0.4962,需更乐观假设才支撑,15.2167,1.7863,
000022,2013-11-21,16.3300,2013-09-30,2013-10-25,1.000000,0.0000,9.1082,8.1974,10.0191,1.7929,-0.4980,需更乐观假设才支撑,15.2167,1.7929,
000022,2013-11-22,17.2700,2013-09-30,2013-10-25,1.000000,0.0000,9.1082,8.1974,10.0191,1.8961,-0.5253,需更乐观假设才支撑,15.2167,1.8961,
000022,2013-11-25,17.5000,2013-09-30,2013-10-25,1.000000,0.0000,9.1082,8.1974,10.0191,1.9213,-0.5316,需更乐观假设才支撑,15.2167,1.9213,
000022,2013-11-26,16.5700,2013-09-30,2013-10-25,1.000000,0.0000,9.1082,8.1974,10.0191,1.8192,-0.5053,需更乐观假设才支撑,15.2167,1.8192,
000022,2013-11-27,16.3700,2013-09-30,2013-10-25,1.000000,0.0000,9.1082,8.1974,10.0191,1.7973,-0.4992,需更乐观假设才支撑,15.2167,1.7973,
000022,2013-11-28,16.4600,2013-09-30,2013-10-25,1.000000,0.0000,9.1082,8.1974,10.0191,1.8072,-0.5020,需更乐观假设才支撑,15.2167,1.8072,
000022,2013-11-29,16.1700,2013-09-30,2013-10-25,1.000000,0.0000,9.1082,8.1974,10.0191,1.7753,-0.4930,需更乐观假设才支撑,15.2167,1.7753,
000022,2013-12-02,15.2100,2013-09-30,2013-10-25,1.000000,0.0000,9.1082,8.1974,10.0191,1.6699,-0.4611,需更乐观假设才支撑,15.2167,1.6699,
000022,2013-12-03,16.1400,2013-09-30,2013-10-25,1.000000,0.0000,9.1082,8.1974,10.0191,1.7720,-0.4921,需更乐观假设才支撑,15.2167,1.7720,
000022,2013-12-04,17.0600,2013-09-30,2013-10-25,1.000000,0.0000,9.1082,8.1974,10.0191,1.8730,-0.5195,需更乐观假设才支撑,15.2167,1.8730,
000022,2013-12-05,16.7000,2013-09-30,2013-10-25,1.000000,0.0000,9.1082,8.1974,10.0191,1.8335,-0.5091,需更乐观假设才支撑,15.2167,1.8335,
000022,2013-12-06,17.1100,2013-09-30,2013-10-25,1.000000,0.0000,9.1082,8.1974,10.0191,1.8785,-0.5209,需更乐观假设才支撑,15.2167,1.8785,
000022,2013-12-09,16.9900,2013-09-30,2013-10-25,1.000000,0.0000,9.1082,8.1974,10.0191,1.8653,-0.5175,需更乐观假设才支撑,15.2167,1.8653,
000022,2013-12-10,17.3000,2013-09-30,2013-10-25,1.000000,0.0000,9.1082,8.1974,10.0191,1.8994,-0.5262,需更乐观假设才支撑,15.2167,1.8994,
000022,2013-12-11,16.9000,2013-09-30,2013-10-25,1.000000,0.0000,9.1082,8.1974,10.0191,1.8555,-0.5149,需更乐观假设才支撑,15.2167,1.8555,
000022,2013-12-12,16.4600,2013-09-30,2013-10-25,1.000000,0.0000,9.1082,8.1974,10.0191,1.8072,-0.5020,需更乐观假设才支撑,15.2167,1.8072,
000022,2013-12-13,16.2800,2013-09-30,2013-10-25,1.000000,0.0000,9.1082,8.1974,10.0191,1.7874,-0.4965,需更乐观假设才支撑,15.2167,1.7874,
000022,2013-12-16,15.8000,2013-09-30,2013-10-25,1.000000,0.0000,9.1082,8.1974,10.0191,1.7347,-0.4812,需更乐观假设才支撑,15.2167,1.7347,
000022,2013-12-17,15.7900,2013-09-30,2013-10-25,1.000000,0.0000,9.1082,8.1974,10.0191,1.7336,-0.4808,需更乐观假设才支撑,15.2167,1.7336,
000022,2013-12-18,15.6600,2013-09-30,2013-10-25,1.000000,0.0000,9.1082,8.1974,10.0191,1.7193,-0.4765,需更乐观假设才支撑,15.2167,1.7193,
000022,2013-12-19,15.3500,2013-09-30,2013-10-25,1.000000,0.0000,9.1082,8.1974,10.0191,1.6853,-0.4660,需更乐观假设才支撑,15.2167,1.6853,
000022,2013-12-20,15.4300,2013-09-30,2013-10-25,1.000000,0.0000,9.1082,8.1974,10.0191,1.6941,-0.4687,需更乐观假设才支撑,15.2167,1.6941,
000022,2013-12-23,15.6300,2013-09-30,2013-10-25,1.000000,0.0000,9.1082,8.1974,10.0191,1.7160,-0.4755,需更乐观假设才支撑,15.2167,1.7160,
000022,2013-12-24,16.5900,2013-09-30,2013-10-25,1.000000,0.0000,9.1082,8.1974,10.0191,1.8214,-0.5059,需更乐观假设才支撑,15.2167,1.8214,
000022,2013-12-25,16.6500,2013-09-30,2013-10-25,1.000000,0.0000,9.1082,8.1974,10.0191,1.8280,-0.5077,需更乐观假设才支撑,15.2167,1.8280,
000022,2013-12-26,16.1900,2013-09-30,2013-10-25,1.000000,0.0000,9.1082,8.1974,10.0191,1.7775,-0.4937,需更乐观假设才支撑,15.2167,1.7775,
000022,2013-12-27,16.0900,2013-09-30,2013-10-25,1.000000,0.0000,9.1082,8.1974,10.0191,1.7665,-0.4905,需更乐观假设才支撑,15.2167,1.7665,
000022,2013-12-30,16.0900,2013-09-30,2013-10-25,1.000000,0.0000,9.1082,8.1974,10.0191,1.7665,-0.4905,需更乐观假设才支撑,15.2167,1.7665,
000022,2013-12-31,15.7800,2013-09-30,2013-10-25,1.000000,0.0000,9.1082,8.1974,10.0191,1.7325,-0.4805,需更乐观假设才支撑,15.2167,1.7325,
000022,2014-01-02,16.1300,2013-09-30,2013-10-25,1.000000,0.0000,9.1082,8.1974,10.0191,1.7709,-0.4918,需更乐观假设才支撑,15.2167,1.7709,
000022,2014-01-03,15.6800,2013-09-30,2013-10-25,1.000000,0.0000,9.1082,8.1974,10.0191,1.7215,-0.4772,需更乐观假设才支撑,15.2167,1.7215,
000022,2014-01-06,14.9800,2013-09-30,2013-10-25,1.000000,0.0000,9.1082,8.1974,10.0191,1.6447,-0.4528,需更乐观假设才支撑,15.2167,1.6447,
000022,2014-01-07,14.9800,2013-09-30,2013-10-25,1.000000,0.0000,9.1082,8.1974,10.0191,1.6447,-0.4528,需更乐观假设才支撑,15.2167,1.6447,
000022,2014-01-08,14.7000,2013-09-30,2013-10-25,1.000000,0.0000,9.1082,8.1974,10.0191,1.6139,-0.4424,需更乐观假设才支撑,15.2167,1.6139,
000022,2014-01-09,14.6100,2013-09-30,2013-10-25,1.000000,0.0000,9.1082,8.1974,10.0191,1.6040,-0.4389,需更乐观假设才支撑,15.2167,1.6040,
000022,2014-01-10,14.2500,2013-09-30,2013-10-25,1.000000,0.0000,9.1082,8.1974,10.0191,1.5645,-0.4247,需更乐观假设才支撑,15.2167,1.5645,
000022,2014-01-13,14.0800,2013-09-30,2013-10-25,1.000000,0.0000,9.1082,8.1974,10.0191,1.5459,-0.4178,需更乐观假设才支撑,15.2167,1.5459,
000022,2014-01-14,14.9700,2013-09-30,2013-10-25,1.000000,0.0000,9.1082,8.1974,10.0191,1.6436,-0.4524,需更乐观假设才支撑,15.2167,1.6436,
000022,2014-01-15,14.9900,2013-09-30,2013-10-25,1.000000,0.0000,9.1082,8.1974,10.0191,1.6458,-0.4531,需更乐观假设才支撑,15.2167,1.6458,
000022,2014-01-16,14.9600,2013-09-30,2013-10-25,1.000000,0.0000,9.1082,8.1974,10.0191,1.6425,-0.4520,需更乐观假设才支撑,15.2167,1.6425,
000022,2014-01-17,14.4900,2013-09-30,2013-10-25,1.000000,0.0000,9.1082,8.1974,10.0191,1.5909,-0.4343,需更乐观假设才支撑,15.2167,1.5909,
000022,2014-01-20,14.3800,2013-09-30,2013-10-25,1.000000,0.0000,9.1082,8.1974,10.0191,1.5788,-0.4299,需更乐观假设才支撑,15.2167,1.5788,
000022,2014-01-21,14.6200,2013-09-30,2013-10-25,1.000000,0.0000,9.1082,8.1974,10.0191,1.6051,-0.4393,需更乐观假设才支撑,15.2167,1.6051,
000022,2014-01-22,15.0500,2013-09-30,2013-10-25,1.000000,0.0000,9.1082,8.1974,10.0191,1.6524,-0.4553,需更乐观假设才支撑,15.2167,1.6524,
000022,2014-01-23,14.9000,2013-09-30,2013-10-25,1.000000,0.0000,9.1082,8.1974,10.0191,1.6359,-0.4498,需更乐观假设才支撑,15.2167,1.6359,
000022,2014-01-24,15.0500,2013-09-30,2013-10-25,1.000000,0.0000,9.1082,8.1974,10.0191,1.6524,-0.4553,需更乐观假设才支撑,15.2167,1.6524,
000022,2014-01-27,14.7500,2013-09-30,2013-10-25,1.000000,0.0000,9.1082,8.1974,10.0191,1.6194,-0.4442,需更乐观假设才支撑,15.2167,1.6194,
000022,2014-01-28,15.0300,2013-09-30,2013-10-25,1.000000,0.0000,9.1082,8.1974,10.0191,1.6502,-0.4546,需更乐观假设才支撑,15.2167,1.6502,
000022,2014-01-29,15.0600,2013-09-30,2013-10-25,1.000000,0.0000,9.1082,8.1974,10.0191,1.6534,-0.4557,需更乐观假设才支撑,15.2167,1.6534,
000022,2014-01-30,15.2300,2013-09-30,2013-10-25,1.000000,0.0000,9.1082,8.1974,10.0191,1.6721,-0.4618,需更乐观假设才支撑,15.2167,1.6721,
000022,2014-02-07,15.1300,2013-09-30,2013-10-25,1.000000,0.0000,9.1082,8.1974,10.0191,1.6611,-0.4582,需更乐观假设才支撑,15.2167,1.6611,
000022,2014-02-10,15.6500,2013-09-30,2013-10-25,1.000000,0.0000,9.1082,8.1974,10.0191,1.7182,-0.4762,需更乐观假设才支撑,15.2167,1.7182,
000022,2014-02-11,15.6500,2013-09-30,2013-10-25,1.000000,0.0000,9.1082,8.1974,10.0191,1.7182,-0.4762,需更乐观假设才支撑,15.2167,1.7182,
000022,2014-02-12,16.1200,2013-09-30,2013-10-25,1.000000,0.0000,9.1082,8.1974,10.0191,1.7698,-0.4915,需更乐观假设才支撑,15.2167,1.7698,
000022,2014-02-13,15.7100,2013-09-30,2013-10-25,1.000000,0.0000,9.1082,8.1974,10.0191,1.7248,-0.4782,需更乐观假设才支撑,15.2167,1.7248,
000022,2014-02-14,15.8200,2013-09-30,2013-10-25,1.000000,0.0000,9.1082,8.1974,10.0191,1.7369,-0.4818,需更乐观假设才支撑,15.2167,1.7369,
000022,2014-02-17,15.7800,2013-09-30,2013-10-25,1.000000,0.0000,9.1082,8.1974,10.0191,1.7325,-0.4805,需更乐观假设才支撑,15.2167,1.7325,
000022,2014-02-18,16.0000,2013-09-30,2013-10-25,1.000000,0.0000,9.1082,8.1974,10.0191,1.7567,-0.4877,需更乐观假设才支撑,15.2167,1.7567,
000022,2014-02-19,15.7100,2013-09-30,2013-10-25,1.000000,0.0000,9.1082,8.1974,10.0191,1.7248,-0.4782,需更乐观假设才支撑,15.2167,1.7248,
000022,2014-02-20,15.4200,2013-09-30,2013-10-25,1.000000,0.0000,9.1082,8.1974,10.0191,1.6930,-0.4684,需更乐观假设才支撑,15.2167,1.6930,
000022,2014-02-21,15.1200,2013-09-30,2013-10-25,1.000000,0.0000,9.1082,8.1974,10.0191,1.6600,-0.4578,需更乐观假设才支撑,15.2167,1.6600,
000022,2014-02-24,15.3200,2013-09-30,2013-10-25,1.000000,0.0000,9.1082,8.1974,10.0191,1.6820,-0.4649,需更乐观假设才支撑,15.2167,1.6820,
000022,2014-02-25,14.6000,2013-09-30,2013-10-25,1.000000,0.0000,9.1082,8.1974,10.0191,1.6029,-0.4385,需更乐观假设才支撑,15.2167,1.6029,
000022,2014-02-26,14.5000,2013-09-30,2013-10-25,1.000000,0.0000,9.1082,8.1974,10.0191,1.5920,-0.4347,需更乐观假设才支撑,15.2167,1.5920,
000022,2014-02-27,14.1200,2013-09-30,2013-10-25,1.000000,0.0000,9.1082,8.1974,10.0191,1.5502,-0.4194,需更乐观假设才支撑,15.2167,1.5502,
000022,2014-02-28,14.5900,2013-09-30,2013-10-25,1.000000,0.0000,9.1082,8.1974,10.0191,1.6018,-0.4381,需更乐观假设才支撑,15.2167,1.6018,
000022,2014-03-03,14.7400,2013-09-30,2013-10-25,1.000000,0.0000,9.1082,8.1974,10.0191,1.6183,-0.4439,需更乐观假设才支撑,15.2167,1.6183,
000022,2014-03-04,14.9500,2013-09-30,2013-10-25,1.000000,0.0000,9.1082,8.1974,10.0191,1.6414,-0.4517,需更乐观假设才支撑,15.2167,1.6414,
000022,2014-03-05,14.7200,2013-09-30,2013-10-25,1.000000,0.0000,9.1082,8.1974,10.0191,1.6161,-0.4431,需更乐观假设才支撑,15.2167,1.6161,
000022,2014-03-06,14.8900,2013-09-30,2013-10-25,1.000000,0.0000,9.1082,8.1974,10.0191,1.6348,-0.4495,需更乐观假设才支撑,15.2167,1.6348,
000022,2014-03-07,14.9200,2013-09-30,2013-10-25,1.000000,0.0000,9.1082,8.1974,10.0191,1.6381,-0.4506,需更乐观假设才支撑,15.2167,1.6381,
000022,2014-03-10,14.0700,2013-09-30,2013-10-25,1.000000,0.0000,9.1082,8.1974,10.0191,1.5448,-0.4174,需更乐观假设才支撑,15.2167,1.5448,
000022,2014-03-11,14.1500,2013-09-30,2013-10-25,1.000000,0.0000,9.1082,8.1974,10.0191,1.5535,-0.4207,需更乐观假设才支撑,15.2167,1.5535,
000022,2014-03-12,13.8000,2013-09-30,2013-10-25,1.000000,0.0000,9.1082,8.1974,10.0191,1.5151,-0.4060,需更乐观假设才支撑,15.2167,1.5151,
000022,2014-03-13,13.9500,2013-09-30,2013-10-25,1.000000,0.0000,9.1082,8.1974,10.0191,1.5316,-0.4124,需更乐观假设才支撑,15.2167,1.5316,
000022,2014-03-14,13.8700,2013-09-30,2013-10-25,1.000000,0.0000,9.1082,8.1974,10.0191,1.5228,-0.4090,需更乐观假设才支撑,15.2167,1.5228,
000022,2014-03-17,14.0000,2013-09-30,2013-10-25,1.000000,0.0000,9.1082,8.1974,10.0191,1.5371,-0.4145,需更乐观假设才支撑,15.2167,1.5371,
000022,2014-03-18,13.9100,2013-09-30,2013-10-25,1.000000,0.0000,9.1082,8.1974,10.0191,1.5272,-0.4107,需更乐观假设才支撑,15.2167,1.5272,
000022,2014-03-19,14.3600,2013-09-30,2013-10-25,1.000000,0.0000,9.1082,8.1974,10.0191,1.5766,-0.4291,需更乐观假设才支撑,15.2167,1.5766,
000022,2014-03-20,13.7600,2013-09-30,2013-10-25,1.000000,0.0000,9.1082,8.1974,10.0191,1.5107,-0.4043,需更乐观假设才支撑,15.2167,1.5107,
000022,2014-03-21,14.0600,2013-09-30,2013-10-25,1.000000,0.0000,9.1082,8.1974,10.0191,1.5437,-0.4170,需更乐观假设才支撑,15.2167,1.5437,
000022,2014-03-24,14.3700,2013-09-30,2013-10-25,1.000000,0.0000,9.1082,8.1974,10.0191,1.5777,-0.4295,需更乐观假设才支撑,15.2167,1.5777,
000022,2014-03-25,14.2900,2013-09-30,2013-10-25,1.000000,0.0000,9.1082,8.1974,10.0191,1.5689,-0.4264,需更乐观假设才支撑,15.2167,1.5689,
000022,2014-03-26,14.2500,2013-09-30,2013-10-25,1.000000,0.0000,9.1082,8.1974,10.0191,1.5645,-0.4247,需更乐观假设才支撑,15.2167,1.5645,
000022,2014-03-27,14.4000,2013-09-30,2013-10-25,1.000000,0.0000,9.1082,8.1974,10.0191,1.5810,-0.4307,需更乐观假设才支撑,15.2167,1.5810,
000022,2014-03-28,14.6900,2013-12-31,2014-03-29,1.000000,0.0000,10.0604,9.0544,11.0665,1.4602,-0.3836,需更乐观假设才支撑,14.6334,1.4602,
000022,2014-03-31,14.2600,2013-12-31,2014-03-29,1.000000,0.0000,10.0604,9.0544,11.0665,1.4174,-0.3651,需更乐观假设才支撑,14.6334,1.4174,
000022,2014-04-01,14.3700,2013-12-31,2014-03-29,1.000000,0.0000,10.0604,9.0544,11.0665,1.4284,-0.3699,需更乐观假设才支撑,14.6334,1.4284,
000022,2014-04-02,14.0900,2013-12-31,2014-03-29,1.000000,0.0000,10.0604,9.0544,11.0665,1.4005,-0.3574,需更乐观假设才支撑,14.6334,1.4005,
000022,2014-04-03,13.8700,2013-12-31,2014-03-29,1.000000,0.0000,10.0604,9.0544,11.0665,1.3787,-0.3472,需更乐观假设才支撑,14.6334,1.3787,
000022,2014-04-04,13.9200,2013-12-31,2014-03-29,1.000000,0.0000,10.0604,9.0544,11.0665,1.3836,-0.3495,需更乐观假设才支撑,14.6334,1.3836,
000022,2014-04-08,14.0500,2013-12-31,2014-03-29,1.000000,0.0000,10.0604,9.0544,11.0665,1.3966,-0.3556,需更乐观假设才支撑,14.6334,1.3966,
000022,2014-04-09,14.2100,2013-12-31,2014-03-29,1.000000,0.0000,10.0604,9.0544,11.0665,1.4125,-0.3628,需更乐观假设才支撑,14.6334,1.4125,
000022,2014-04-10,14.2100,2013-12-31,2014-03-29,1.000000,0.0000,10.0604,9.0544,11.0665,1.4125,-0.3628,需更乐观假设才支撑,14.6334,1.4125,
000022,2014-04-11,14.1200,2013-12-31,2014-03-29,1.000000,0.0000,10.0604,9.0544,11.0665,1.4035,-0.3588,需更乐观假设才支撑,14.6334,1.4035,
000022,2014-04-14,14.2300,2013-12-31,2014-03-29,1.000000,0.0000,10.0604,9.0544,11.0665,1.4145,-0.3637,需更乐观假设才支撑,14.6334,1.4145,
000022,2014-04-15,14.2900,2013-12-31,2014-03-29,1.000000,0.0000,10.0604,9.0544,11.0665,1.4204,-0.3664,需更乐观假设才支撑,14.6334,1.4204,
000022,2014-04-16,14.0800,2013-12-31,2014-03-29,1.000000,0.0000,10.0604,9.0544,11.0665,1.3995,-0.3569,需更乐观假设才支撑,14.6334,1.3995,
000022,2014-04-17,14.1900,2013-12-31,2014-03-29,1.000000,0.0000,10.0604,9.0544,11.0665,1.4105,-0.3619,需更乐观假设才支撑,14.6334,1.4105,
000022,2014-04-18,14.3300,2013-12-31,2014-03-29,1.000000,0.0000,10.0604,9.0544,11.0665,1.4244,-0.3682,需更乐观假设才支撑,14.6334,1.4244,
000022,2014-04-21,13.9500,2013-12-31,2014-03-29,1.000000,0.0000,10.0604,9.0544,11.0665,1.3866,-0.3509,需更乐观假设才支撑,14.6334,1.3866,
000022,2014-04-22,14.1100,2013-12-31,2014-03-29,1.000000,0.0000,10.0604,9.0544,11.0665,1.4025,-0.3583,需更乐观假设才支撑,14.6334,1.4025,
000022,2014-04-23,14.0000,2013-12-31,2014-03-29,1.000000,0.0000,10.0604,9.0544,11.0665,1.3916,-0.3533,需更乐观假设才支撑,14.6334,1.3916,
000022,2014-04-24,14.2100,2014-03-31,2014-04-25,1.000000,0.0000,10.4351,9.3916,11.4786,1.3618,-0.3391,需更乐观假设才支撑,15.1636,1.3618,
000022,2014-04-25,13.7400,2014-03-31,2014-04-25,1.000000,0.0000,10.4351,9.3916,11.4786,1.3167,-0.3165,需更乐观假设才支撑,15.1636,1.3167,
000022,2014-04-28,12.7100,2014-03-31,2014-04-25,1.000000,0.0000,10.4351,9.3916,11.4786,1.2180,-0.2611,需更乐观假设才支撑,15.1636,1.2180,
000022,2014-04-29,12.7500,2014-03-31,2014-04-25,1.000000,0.0000,10.4351,9.3916,11.4786,1.2218,-0.2634,需更乐观假设才支撑,15.1636,1.2218,
000022,2014-04-30,13.1500,2014-03-31,2014-04-25,1.000000,0.0000,10.4351,9.3916,11.4786,1.2602,-0.2858,需更乐观假设才支撑,15.1636,1.2602,
000022,2014-05-05,13.0900,2014-03-31,2014-04-25,1.000000,0.0000,10.4351,9.3916,11.4786,1.2544,-0.2825,需更乐观假设才支撑,15.1636,1.2544,
000022,2014-05-06,13.4400,2014-03-31,2014-04-25,1.000000,0.0000,10.4351,9.3916,11.4786,1.2880,-0.3012,需更乐观假设才支撑,15.1636,1.2880,
000022,2014-05-07,13.0800,2014-03-31,2014-04-25,1.000000,0.0000,10.4351,9.3916,11.4786,1.2535,-0.2820,需更乐观假设才支撑,15.1636,1.2535,
000022,2014-05-08,13.0500,2014-03-31,2014-04-25,1.000000,0.0000,10.4351,9.3916,11.4786,1.2506,-0.2803,需更乐观假设才支撑,15.1636,1.2506,
000022,2014-05-09,12.8000,2014-03-31,2014-04-25,1.000000,0.0000,10.4351,9.3916,11.4786,1.2266,-0.2663,需更乐观假设才支撑,15.1636,1.2266,
000022,2014-05-12,13.0500,2014-03-31,2014-04-25,1.000000,0.0000,10.4351,9.3916,11.4786,1.2506,-0.2803,需更乐观假设才支撑,15.1636,1.2506,
000022,2014-05-13,13.0700,2014-03-31,2014-04-25,1.000000,0.0000,10.4351,9.3916,11.4786,1.2525,-0.2814,需更乐观假设才支撑,15.1636,1.2525,
000022,2014-05-14,13.1200,2014-03-31,2014-04-25,1.000000,0.0000,10.4351,9.3916,11.4786,1.2573,-0.2842,需更乐观假设才支撑,15.1636,1.2573,
000022,2014-05-15,12.8200,2014-03-31,2014-04-25,1.000000,0.0000,10.4351,9.3916,11.4786,1.2285,-0.2674,需更乐观假设才支撑,15.1636,1.2285,
000022,2014-05-16,12.9800,2014-03-31,2014-04-25,1.000000,0.0000,10.4351,9.3916,11.4786,1.2439,-0.2765,需更乐观假设才支撑,15.1636,1.2439,
000022,2014-05-19,12.7800,2014-03-31,2014-04-25,1.000000,0.0000,10.4351,9.3916,11.4786,1.2247,-0.2651,需更乐观假设才支撑,15.1636,1.2247,
000022,2014-05-20,12.7500,2014-03-31,2014-04-25,1.000000,0.0000,10.4351,9.3916,11.4786,1.2218,-0.2634,需更乐观假设才支撑,15.1636,1.2218,
000022,2014-05-21,12.8100,2014-03-31,2014-04-25,1.000000,0.0000,10.4351,9.3916,11.4786,1.2276,-0.2669,需更乐观假设才支撑,15.1636,1.2276,
000022,2014-05-22,12.8300,2014-03-31,2014-04-25,1.000000,0.0000,10.4351,9.3916,11.4786,1.2295,-0.2680,需更乐观假设才支撑,15.1636,1.2295,
000022,2014-05-23,12.7900,2014-03-31,2014-04-25,1.000000,0.0000,10.4351,9.3916,11.4786,1.2257,-0.2657,需更乐观假设才支撑,15.1636,1.2257,
000022,2014-05-26,12.8500,2014-03-31,2014-04-25,1.000000,0.0000,10.4351,9.3916,11.4786,1.2314,-0.2691,需更乐观假设才支撑,15.1636,1.2314,
000022,2014-05-27,12.9400,2014-03-31,2014-04-25,1.000000,0.0000,10.4351,9.3916,11.4786,1.2400,-0.2742,需更乐观假设才支撑,15.1636,1.2400,
000022,2014-05-28,12.9900,2014-03-31,2014-04-25,1.000000,0.0000,10.4351,9.3916,11.4786,1.2448,-0.2770,需更乐观假设才支撑,15.1636,1.2448,
000022,2014-05-29,13.0500,2014-03-31,2014-04-25,1.000000,0.0000,10.4351,9.3916,11.4786,1.2506,-0.2803,需更乐观假设才支撑,15.1636,1.2506,
000022,2014-05-30,12.9700,2014-03-31,2014-04-25,1.000000,0.0000,10.4351,9.3916,11.4786,1.2429,-0.2759,需更乐观假设才支撑,15.1636,1.2429,
000022,2014-06-03,12.9600,2014-03-31,2014-04-25,1.000000,0.0000,10.4351,9.3916,11.4786,1.2420,-0.2753,需更乐观假设才支撑,15.1636,1.2420,
000022,2014-06-04,12.6100,2014-03-31,2014-04-25,1.000000,0.0000,10.4351,9.3916,11.4786,1.2084,-0.2552,需更乐观假设才支撑,15.1636,1.2084,
000022,2014-06-05,12.6000,2014-03-31,2014-04-25,1.000000,0.0000,10.4351,9.3916,11.4786,1.2075,-0.2546,需更乐观假设才支撑,15.1636,1.2075,
000022,2014-06-06,12.5100,2014-03-31,2014-04-25,1.000000,0.0000,10.4351,9.3916,11.4786,1.1988,-0.2493,需更乐观假设才支撑,15.1636,1.1988,
000022,2014-06-09,12.3700,2014-03-31,2014-04-25,1.000000,0.0000,10.4351,9.3916,11.4786,1.1854,-0.2408,需更乐观假设才支撑,15.1636,1.1854,
000022,2014-06-10,12.4300,2014-03-31,2014-04-25,1.000000,0.0000,10.4351,9.3916,11.4786,1.1912,-0.2444,需更乐观假设才支撑,15.1636,1.1912,
000022,2014-06-11,12.4700,2014-03-31,2014-04-25,1.000000,0.0000,10.4351,9.3916,11.4786,1.1950,-0.2469,需更乐观假设才支撑,15.1636,1.1950,
000022,2014-06-12,12.4700,2014-03-31,2014-04-25,1.000000,0.0000,10.4351,9.3916,11.4786,1.1950,-0.2469,需更乐观假设才支撑,15.1636,1.1950,
000022,2014-06-13,12.5000,2014-03-31,2014-04-25,1.000000,0.0000,10.4351,9.3916,11.4786,1.1979,-0.2487,需更乐观假设才支撑,15.1636,1.1979,
000022,2014-06-16,12.6500,2014-03-31,2014-04-25,1.000000,0.0000,10.4351,9.3916,11.4786,1.2123,-0.2576,需更乐观假设才支撑,15.1636,1.2123,
000022,2014-06-17,12.5800,2014-03-31,2014-04-25,1.000000,0.0000,10.4351,9.3916,11.4786,1.2055,-0.2535,需更乐观假设才支撑,15.1636,1.2055,
000022,2014-06-18,12.3700,2014-03-31,2014-04-25,1.000000,0.0000,10.4351,9.3916,11.4786,1.1854,-0.2408,需更乐观假设才支撑,15.1636,1.1854,
000022,2014-06-19,11.8900,2014-03-31,2014-04-25,1.000000,0.0000,10.4351,9.3916,11.4786,1.1394,-0.2101,需更乐观假设才支撑,15.1636,1.1394,
000022,2014-06-20,12.3800,2014-03-31,2014-04-25,1.000000,0.0000,10.4351,9.3916,11.4786,1.1864,-0.2414,需更乐观假设才支撑,15.1636,1.1864,
000022,2014-06-23,12.3700,2014-03-31,2014-04-25,1.000000,0.0000,10.4351,9.3916,11.4786,1.1854,-0.2408,需更乐观假设才支撑,15.1636,1.1854,
000022,2014-06-24,12.3900,2014-03-31,2014-04-25,1.000000,0.0000,10.4351,9.3916,11.4786,1.1873,-0.2420,需更乐观假设才支撑,15.1636,1.1873,
000022,2014-06-25,12.4300,2014-03-31,2014-04-25,1.000000,0.0000,10.4351,9.3916,11.4786,1.1912,-0.2444,需更乐观假设才支撑,15.1636,1.1912,
000022,2014-06-26,12.7800,2014-03-31,2014-04-25,1.000000,0.0000,10.4351,9.3916,11.4786,1.2247,-0.2651,需更乐观假设才支撑,15.1636,1.2247,
000022,2014-06-27,13.1600,2014-03-31,2014-04-25,1.000000,0.0000,10.4351,9.3916,11.4786,1.2611,-0.2864,需更乐观假设才支撑,15.1636,1.2611,
000022,2014-06-30,12.9800,2014-03-31,2014-04-25,1.000000,0.0000,10.4351,9.3916,11.4786,1.2439,-0.2765,需更乐观假设才支撑,15.1636,1.2439,
000022,2014-07-01,12.9500,2014-03-31,2014-04-25,1.000000,0.0000,10.4351,9.3916,11.4786,1.2410,-0.2748,需更乐观假设才支撑,15.1636,1.2410,
000022,2014-07-02,12.9200,2014-03-31,2014-04-25,1.000000,0.0000,10.4351,9.3916,11.4786,1.2381,-0.2731,需更乐观假设才支撑,15.1636,1.2381,
000022,2014-07-03,13.3700,2014-03-31,2014-04-25,1.000000,0.0000,10.4351,9.3916,11.4786,1.2813,-0.2976,需更乐观假设才支撑,15.1636,1.2813,
000022,2014-07-04,13.7000,2014-03-31,2014-04-25,1.000000,0.0000,10.4351,9.3916,11.4786,1.3129,-0.3145,需更乐观假设才支撑,15.1636,1.3129,
000022,2014-07-07,13.3800,2014-03-31,2014-04-25,1.000000,0.0000,10.4351,9.3916,11.4786,1.2822,-0.2981,需更乐观假设才支撑,15.1636,1.2822,
000022,2014-07-08,13.3300,2014-03-31,2014-04-25,1.000000,0.0000,10.4351,9.3916,11.4786,1.2774,-0.2955,需更乐观假设才支撑,15.1636,1.2774,
000022,2014-07-09,13.0600,2014-03-31,2014-04-25,1.000000,0.0000,10.4351,9.3916,11.4786,1.2515,-0.2809,需更乐观假设才支撑,15.1636,1.2515,
000022,2014-07-10,13.0000,2014-03-31,2014-04-25,1.000000,0.0000,10.4351,9.3916,11.4786,1.2458,-0.2776,需更乐观假设才支撑,15.1636,1.2458,
000022,2014-07-11,13.2000,2014-03-31,2014-04-25,1.000000,0.0000,10.4351,9.3916,11.4786,1.2650,-0.2885,需更乐观假设才支撑,15.1636,1.2650,
000022,2014-07-14,13.3200,2014-03-31,2014-04-25,1.000000,0.0000,10.4351,9.3916,11.4786,1.2765,-0.2949,需更乐观假设才支撑,15.1636,1.2765,
000022,2014-07-15,13.2400,2014-03-31,2014-04-25,1.000000,0.0000,10.4351,9.3916,11.4786,1.2688,-0.2907,需更乐观假设才支撑,15.1636,1.2688,
000022,2014-07-16,12.7000,2014-03-31,2014-04-25,1.000000,0.3900,10.0451,9.0016,11.0886,1.2643,-0.2912,需更乐观假设才支撑,15.1636,1.2643,
000022,2014-07-17,12.6500,2014-03-31,2014-04-25,1.000000,0.3900,10.0451,9.0016,11.0886,1.2593,-0.2884,需更乐观假设才支撑,15.1636,1.2593,
000022,2014-07-18,12.7800,2014-03-31,2014-04-25,1.000000,0.3900,10.0451,9.0016,11.0886,1.2723,-0.2957,需更乐观假设才支撑,15.1636,1.2723,
000022,2014-07-21,12.5000,2014-03-31,2014-04-25,1.000000,0.3900,10.0451,9.0016,11.0886,1.2444,-0.2799,需更乐观假设才支撑,15.1636,1.2444,
000022,2014-07-22,12.6000,2014-03-31,2014-04-25,1.000000,0.3900,10.0451,9.0016,11.0886,1.2543,-0.2856,需更乐观假设才支撑,15.1636,1.2543,
000022,2014-07-23,12.6100,2014-03-31,2014-04-25,1.000000,0.3900,10.0451,9.0016,11.0886,1.2553,-0.2862,需更乐观假设才支撑,15.1636,1.2553,
000022,2014-07-24,12.7900,2014-03-31,2014-04-25,1.000000,0.3900,10.0451,9.0016,11.0886,1.2733,-0.2962,需更乐观假设才支撑,15.1636,1.2733,
000022,2014-07-25,12.8000,2014-03-31,2014-04-25,1.000000,0.3900,10.0451,9.0016,11.0886,1.2743,-0.2968,需更乐观假设才支撑,15.1636,1.2743,
000022,2014-07-28,13.0800,2014-03-31,2014-04-25,1.000000,0.3900,10.0451,9.0016,11.0886,1.3021,-0.3118,需更乐观假设才支撑,15.1636,1.3021,
000022,2014-07-29,13.1900,2014-03-31,2014-04-25,1.000000,0.3900,10.0451,9.0016,11.0886,1.3131,-0.3175,需更乐观假设才支撑,15.1636,1.3131,
000022,2014-07-30,13.1100,2014-03-31,2014-04-25,1.000000,0.3900,10.0451,9.0016,11.0886,1.3051,-0.3134,需更乐观假设才支撑,15.1636,1.3051,
000022,2014-07-31,13.1400,2014-03-31,2014-04-25,1.000000,0.3900,10.0451,9.0016,11.0886,1.3081,-0.3149,需更乐观假设才支撑,15.1636,1.3081,
000022,2014-08-01,13.0900,2014-03-31,2014-04-25,1.000000,0.3900,10.0451,9.0016,11.0886,1.3031,-0.3123,需更乐观假设才支撑,15.1636,1.3031,
000022,2014-08-04,13.2300,2014-03-31,2014-04-25,1.000000,0.3900,10.0451,9.0016,11.0886,1.3171,-0.3196,需更乐观假设才支撑,15.1636,1.3171,
000022,2014-08-05,13.8200,2014-03-31,2014-04-25,1.000000,0.3900,10.0451,9.0016,11.0886,1.3758,-0.3487,需更乐观假设才支撑,15.1636,1.3758,
000022,2014-08-06,13.6500,2014-03-31,2014-04-25,1.000000,0.3900,10.0451,9.0016,11.0886,1.3589,-0.3405,需更乐观假设才支撑,15.1636,1.3589,
000022,2014-08-07,13.3000,2014-03-31,2014-04-25,1.000000,0.3900,10.0451,9.0016,11.0886,1.3240,-0.3232,需更乐观假设才支撑,15.1636,1.3240,
000022,2014-08-08,13.3500,2014-03-31,2014-04-25,1.000000,0.3900,10.0451,9.0016,11.0886,1.3290,-0.3257,需更乐观假设才支撑,15.1636,1.3290,
000022,2014-08-11,13.6100,2014-03-31,2014-04-25,1.000000,0.3900,10.0451,9.0016,11.0886,1.3549,-0.3386,需更乐观假设才支撑,15.1636,1.3549,
000022,2014-08-12,13.6900,2014-03-31,2014-04-25,1.000000,0.3900,10.0451,9.0016,11.0886,1.3629,-0.3425,需更乐观假设才支撑,15.1636,1.3629,
000022,2014-08-13,13.5800,2014-03-31,2014-04-25,1.000000,0.3900,10.0451,9.0016,11.0886,1.3519,-0.3371,需更乐观假设才支撑,15.1636,1.3519,
000022,2014-08-14,13.5700,2014-03-31,2014-04-25,1.000000,0.3900,10.0451,9.0016,11.0886,1.3509,-0.3367,需更乐观假设才支撑,15.1636,1.3509,
000022,2014-08-15,13.7400,2014-03-31,2014-04-25,1.000000,0.3900,10.0451,9.0016,11.0886,1.3678,-0.3449,需更乐观假设才支撑,15.1636,1.3678,
000022,2014-08-18,13.8900,2014-03-31,2014-04-25,1.000000,0.3900,10.0451,9.0016,11.0886,1.3828,-0.3519,需更乐观假设才支撑,15.1636,1.3828,
000022,2014-08-19,13.7200,2014-03-31,2014-04-25,1.000000,0.3900,10.0451,9.0016,11.0886,1.3658,-0.3439,需更乐观假设才支撑,15.1636,1.3658,
000022,2014-08-20,14.0200,2014-03-31,2014-04-25,1.000000,0.3900,10.0451,9.0016,11.0886,1.3957,-0.3579,需更乐观假设才支撑,15.1636,1.3957,
000022,2014-08-21,13.7800,2014-03-31,2014-04-25,1.000000,0.3900,10.0451,9.0016,11.0886,1.3718,-0.3468,需更乐观假设才支撑,15.1636,1.3718,
000022,2014-08-22,13.9600,2014-03-31,2014-04-25,1.000000,0.3900,10.0451,9.0016,11.0886,1.3897,-0.3552,需更乐观假设才支撑,15.1636,1.3897,
000022,2014-08-25,13.9800,2014-03-31,2014-04-25,1.000000,0.3900,10.0451,9.0016,11.0886,1.3917,-0.3561,需更乐观假设才支撑,15.1636,1.3917,
000022,2014-08-26,13.5600,2014-06-30,2014-08-27,1.000000,0.0000,10.2023,9.1821,11.2225,1.3291,-0.3229,需更乐观假设才支撑,14.8128,1.3291,
000022,2014-08-27,13.6400,2014-06-30,2014-08-27,1.000000,0.0000,10.2023,9.1821,11.2225,1.3370,-0.3268,需更乐观假设才支撑,14.8128,1.3370,
000022,2014-08-28,13.3900,2014-06-30,2014-08-27,1.000000,0.0000,10.2023,9.1821,11.2225,1.3124,-0.3143,需更乐观假设才支撑,14.8128,1.3124,
000022,2014-08-29,13.5700,2014-06-30,2014-08-27,1.000000,0.0000,10.2023,9.1821,11.2225,1.3301,-0.3234,需更乐观假设才支撑,14.8128,1.3301,
000022,2014-09-01,13.7900,2014-06-30,2014-08-27,1.000000,0.0000,10.2023,9.1821,11.2225,1.3517,-0.3341,需更乐观假设才支撑,14.8128,1.3517,
000022,2014-09-02,14.3400,2014-06-30,2014-08-27,1.000000,0.0000,10.2023,9.1821,11.2225,1.4056,-0.3597,需更乐观假设才支撑,14.8128,1.4056,
000022,2014-09-03,14.3500,2014-06-30,2014-08-27,1.000000,0.0000,10.2023,9.1821,11.2225,1.4065,-0.3601,需更乐观假设才支撑,14.8128,1.4065,
000022,2014-09-04,14.4400,2014-06-30,2014-08-27,1.000000,0.0000,10.2023,9.1821,11.2225,1.4154,-0.3641,需更乐观假设才支撑,14.8128,1.4154,
000022,2014-09-05,14.6700,2014-06-30,2014-08-27,1.000000,0.0000,10.2023,9.1821,11.2225,1.4379,-0.3741,需更乐观假设才支撑,14.8128,1.4379,
000022,2014-09-09,14.7500,2014-06-30,2014-08-27,1.000000,0.0000,10.2023,9.1821,11.2225,1.4458,-0.3775,需更乐观假设才支撑,14.8128,1.4458,
000022,2014-09-10,14.5400,2014-06-30,2014-08-27,1.000000,0.0000,10.2023,9.1821,11.2225,1.4252,-0.3685,需更乐观假设才支撑,14.8128,1.4252,
000022,2014-09-11,14.6300,2014-06-30,2014-08-27,1.000000,0.0000,10.2023,9.1821,11.2225,1.4340,-0.3724,需更乐观假设才支撑,14.8128,1.4340,
000022,2014-09-12,14.7000,2014-06-30,2014-08-27,1.000000,0.0000,10.2023,9.1821,11.2225,1.4408,-0.3754,需更乐观假设才支撑,14.8128,1.4408,
000022,2014-09-15,14.7700,2014-06-30,2014-08-27,1.000000,0.0000,10.2023,9.1821,11.2225,1.4477,-0.3783,需更乐观假设才支撑,14.8128,1.4477,
000022,2014-09-16,14.2200,2014-06-30,2014-08-27,1.000000,0.0000,10.2023,9.1821,11.2225,1.3938,-0.3543,需更乐观假设才支撑,14.8128,1.3938,
000022,2014-09-17,14.3900,2014-06-30,2014-08-27,1.000000,0.0000,10.2023,9.1821,11.2225,1.4105,-0.3619,需更乐观假设才支撑,14.8128,1.4105,
000022,2014-09-18,14.6900,2014-06-30,2014-08-27,1.000000,0.0000,10.2023,9.1821,11.2225,1.4399,-0.3749,需更乐观假设才支撑,14.8128,1.4399,
000022,2014-09-19,14.8300,2014-06-30,2014-08-27,1.000000,0.0000,10.2023,9.1821,11.2225,1.4536,-0.3808,需更乐观假设才支撑,14.8128,1.4536,
000022,2014-09-22,15.3900,2014-06-30,2014-08-27,1.000000,0.0000,10.2023,9.1821,11.2225,1.5085,-0.4034,需更乐观假设才支撑,14.8128,1.5085,
000022,2014-09-23,15.2000,2014-06-30,2014-08-27,1.000000,0.0000,10.2023,9.1821,11.2225,1.4899,-0.3959,需更乐观假设才支撑,14.8128,1.4899,
000022,2014-09-24,15.2000,2014-06-30,2014-08-27,1.000000,0.0000,10.2023,9.1821,11.2225,1.4899,-0.3959,需更乐观假设才支撑,14.8128,1.4899,
000022,2014-09-25,15.1200,2014-06-30,2014-08-27,1.000000,0.0000,10.2023,9.1821,11.2225,1.4820,-0.3927,需更乐观假设才支撑,14.8128,1.4820,
000022,2014-09-26,14.9900,2014-06-30,2014-08-27,1.000000,0.0000,10.2023,9.1821,11.2225,1.4693,-0.3875,需更乐观假设才支撑,14.8128,1.4693,
000022,2014-09-29,14.9200,2014-06-30,2014-08-27,1.000000,0.0000,10.2023,9.1821,11.2225,1.4624,-0.3846,需更乐观假设才支撑,14.8128,1.4624,
000022,2014-09-30,15.1500,2014-06-30,2014-08-27,1.000000,0.0000,10.2023,9.1821,11.2225,1.4850,-0.3939,需更乐观假设才支撑,14.8128,1.4850,
000022,2014-10-08,14.8800,2014-06-30,2014-08-27,1.000000,0.0000,10.2023,9.1821,11.2225,1.4585,-0.3829,需更乐观假设才支撑,14.8128,1.4585,
000022,2014-10-09,15.1000,2014-06-30,2014-08-27,1.000000,0.0000,10.2023,9.1821,11.2225,1.4801,-0.3919,需更乐观假设才支撑,14.8128,1.4801,
000022,2014-10-10,14.9300,2014-06-30,2014-08-27,1.000000,0.0000,10.2023,9.1821,11.2225,1.4634,-0.3850,需更乐观假设才支撑,14.8128,1.4634,
000022,2014-10-13,14.7200,2014-06-30,2014-08-27,1.000000,0.0000,10.2023,9.1821,11.2225,1.4428,-0.3762,需更乐观假设才支撑,14.8128,1.4428,
000022,2014-10-14,14.6400,2014-06-30,2014-08-27,1.000000,0.0000,10.2023,9.1821,11.2225,1.4350,-0.3728,需更乐观假设才支撑,14.8128,1.4350,
000022,2014-10-15,14.5500,2014-06-30,2014-08-27,1.000000,0.0000,10.2023,9.1821,11.2225,1.4261,-0.3689,需更乐观假设才支撑,14.8128,1.4261,
000022,2014-10-16,14.3700,2014-06-30,2014-08-27,1.000000,0.0000,10.2023,9.1821,11.2225,1.4085,-0.3610,需更乐观假设才支撑,14.8128,1.4085,
000022,2014-10-17,14.3900,2014-06-30,2014-08-27,1.000000,0.0000,10.2023,9.1821,11.2225,1.4105,-0.3619,需更乐观假设才支撑,14.8128,1.4105,
000022,2014-10-20,14.5200,2014-06-30,2014-08-27,1.000000,0.0000,10.2023,9.1821,11.2225,1.4232,-0.3676,需更乐观假设才支撑,14.8128,1.4232,
000022,2014-10-21,14.2500,2014-06-30,2014-08-27,1.000000,0.0000,10.2023,9.1821,11.2225,1.3967,-0.3556,需更乐观假设才支撑,14.8128,1.3967,
000022,2014-10-22,14.8000,2014-06-30,2014-08-27,1.000000,0.0000,10.2023,9.1821,11.2225,1.4507,-0.3796,需更乐观假设才支撑,14.8128,1.4507,
000022,2014-10-23,14.6600,2014-06-30,2014-08-27,1.000000,0.0000,10.2023,9.1821,11.2225,1.4369,-0.3737,需更乐观假设才支撑,14.8128,1.4369,
000022,2014-10-24,15.0800,2014-09-30,2014-10-25,1.000000,0.0000,10.5452,9.4907,11.5997,1.4300,-0.3706,需更乐观假设才支撑,15.3078,1.4300,
000022,2014-10-27,15.5300,2014-09-30,2014-10-25,1.000000,0.0000,10.5452,9.4907,11.5997,1.4727,-0.3889,需更乐观假设才支撑,15.3078,1.4727,
000022,2014-10-28,15.5900,2014-09-30,2014-10-25,1.000000,0.0000,10.5452,9.4907,11.5997,1.4784,-0.3912,需更乐观假设才支撑,15.3078,1.4784,
000022,2014-10-29,16.8200,2014-09-30,2014-10-25,1.000000,0.0000,10.5452,9.4907,11.5997,1.5950,-0.4358,需更乐观假设才支撑,15.3078,1.5950,
000022,2014-10-30,16.5300,2014-09-30,2014-10-25,1.000000,0.0000,10.5452,9.4907,11.5997,1.5675,-0.4259,需更乐观假设才支撑,15.3078,1.5675,
000022,2014-10-31,16.1500,2014-09-30,2014-10-25,1.000000,0.0000,10.5452,9.4907,11.5997,1.5315,-0.4123,需更乐观假设才支撑,15.3078,1.5315,
000022,2014-11-03,16.4500,2014-09-30,2014-10-25,1.000000,0.0000,10.5452,9.4907,11.5997,1.5600,-0.4231,需更乐观假设才支撑,15.3078,1.5600,
000022,2014-11-04,16.1700,2014-09-30,2014-10-25,1.000000,0.0000,10.5452,9.4907,11.5997,1.5334,-0.4131,需更乐观假设才支撑,15.3078,1.5334,
000022,2014-11-05,16.0800,2014-09-30,2014-10-25,1.000000,0.0000,10.5452,9.4907,11.5997,1.5249,-0.4098,需更乐观假设才支撑,15.3078,1.5249,
000022,2014-11-06,16.6300,2014-09-30,2014-10-25,1.000000,0.0000,10.5452,9.4907,11.5997,1.5770,-0.4293,需更乐观假设才支撑,15.3078,1.5770,
000022,2014-11-07,16.2900,2014-09-30,2014-10-25,1.000000,0.0000,10.5452,9.4907,11.5997,1.5448,-0.4174,需更乐观假设才支撑,15.3078,1.5448,
000022,2014-11-10,16.2400,2014-09-30,2014-10-25,1.000000,0.0000,10.5452,9.4907,11.5997,1.5400,-0.4156,需更乐观假设才支撑,15.3078,1.5400,
000022,2014-11-11,15.2000,2014-09-30,2014-10-25,1.000000,0.0000,10.5452,9.4907,11.5997,1.4414,-0.3756,需更乐观假设才支撑,15.3078,1.4414,
000022,2014-11-12,15.7800,2014-09-30,2014-10-25,1.000000,0.0000,10.5452,9.4907,11.5997,1.4964,-0.3986,需更乐观假设才支撑,15.3078,1.4964,
000022,2014-11-13,15.9900,2014-09-30,2014-10-25,1.000000,0.0000,10.5452,9.4907,11.5997,1.5163,-0.4065,需更乐观假设才支撑,15.3078,1.5163,
000022,2014-11-14,15.7000,2014-09-30,2014-10-25,1.000000,0.0000,10.5452,9.4907,11.5997,1.4888,-0.3955,需更乐观假设才支撑,15.3078,1.4888,
000022,2014-11-17,16.2200,2014-09-30,2014-10-25,1.000000,0.0000,10.5452,9.4907,11.5997,1.5381,-0.4149,需更乐观假设才支撑,15.3078,1.5381,
000022,2014-11-18,16.9100,2014-09-30,2014-10-25,1.000000,0.0000,10.5452,9.4907,11.5997,1.6036,-0.4388,需更乐观假设才支撑,15.3078,1.6036,
000022,2014-11-19,16.4200,2014-09-30,2014-10-25,1.000000,0.0000,10.5452,9.4907,11.5997,1.5571,-0.4220,需更乐观假设才支撑,15.3078,1.5571,
000022,2014-11-20,16.4800,2014-09-30,2014-10-25,1.000000,0.0000,10.5452,9.4907,11.5997,1.5628,-0.4241,需更乐观假设才支撑,15.3078,1.5628,
000022,2014-11-21,16.6100,2014-09-30,2014-10-25,1.000000,0.0000,10.5452,9.4907,11.5997,1.5751,-0.4286,需更乐观假设才支撑,15.3078,1.5751,
000022,2014-11-24,16.6300,2014-09-30,2014-10-25,1.000000,0.0000,10.5452,9.4907,11.5997,1.5770,-0.4293,需更乐观假设才支撑,15.3078,1.5770,
000022,2014-11-25,17.8000,2014-09-30,2014-10-25,1.000000,0.0000,10.5452,9.4907,11.5997,1.6880,-0.4668,需更乐观假设才支撑,15.3078,1.6880,
000022,2014-11-26,18.1100,2014-09-30,2014-10-25,1.000000,0.0000,10.5452,9.4907,11.5997,1.7174,-0.4759,需更乐观假设才支撑,15.3078,1.7174,
000022,2014-11-27,17.7600,2014-09-30,2014-10-25,1.000000,0.0000,10.5452,9.4907,11.5997,1.6842,-0.4656,需更乐观假设才支撑,15.3078,1.6842,
000022,2014-11-28,17.6900,2014-09-30,2014-10-25,1.000000,0.0000,10.5452,9.4907,11.5997,1.6775,-0.4635,需更乐观假设才支撑,15.3078,1.6775,
000022,2014-12-01,17.1500,2014-09-30,2014-10-25,1.000000,0.0000,10.5452,9.4907,11.5997,1.6263,-0.4466,需更乐观假设才支撑,15.3078,1.6263,
000022,2014-12-02,17.2900,2014-09-30,2014-10-25,1.000000,0.0000,10.5452,9.4907,11.5997,1.6396,-0.4511,需更乐观假设才支撑,15.3078,1.6396,
000022,2014-12-03,17.4200,2014-09-30,2014-10-25,1.000000,0.0000,10.5452,9.4907,11.5997,1.6519,-0.4552,需更乐观假设才支撑,15.3078,1.6519,
000022,2014-12-04,18.0200,2014-09-30,2014-10-25,1.000000,0.0000,10.5452,9.4907,11.5997,1.7088,-0.4733,需更乐观假设才支撑,15.3078,1.7088,
000022,2014-12-05,19.5400,2014-09-30,2014-10-25,1.000000,0.0000,10.5452,9.4907,11.5997,1.8530,-0.5143,需更乐观假设才支撑,15.3078,1.8530,
000022,2014-12-08,21.4900,2014-09-30,2014-10-25,1.000000,0.0000,10.5452,9.4907,11.5997,2.0379,-0.5584,需更乐观假设才支撑,15.3078,2.0379,
000022,2014-12-09,21.5500,2014-09-30,2014-10-25,1.000000,0.0000,10.5452,9.4907,11.5997,2.0436,-0.5596,需更乐观假设才支撑,15.3078,2.0436,
000022,2014-12-10,23.7100,2014-09-30,2014-10-25,1.000000,0.0000,10.5452,9.4907,11.5997,2.2484,-0.5997,需更乐观假设才支撑,15.3078,2.2484,
000022,2014-12-11,24.4100,2014-09-30,2014-10-25,1.000000,0.0000,10.5452,9.4907,11.5997,2.3148,-0.6112,需更乐观假设才支撑,15.3078,2.3148,
000022,2014-12-12,23.2400,2014-09-30,2014-10-25,1.000000,0.0000,10.5452,9.4907,11.5997,2.2039,-0.5916,需更乐观假设才支撑,15.3078,2.2039,
000022,2014-12-15,21.8700,2014-09-30,2014-10-25,1.000000,0.0000,10.5452,9.4907,11.5997,2.0739,-0.5660,需更乐观假设才支撑,15.3078,2.0739,
000022,2014-12-16,21.7700,2014-09-30,2014-10-25,1.000000,0.0000,10.5452,9.4907,11.5997,2.0645,-0.5640,需更乐观假设才支撑,15.3078,2.0645,
000022,2014-12-17,22.3600,2014-09-30,2014-10-25,1.000000,0.0000,10.5452,9.4907,11.5997,2.1204,-0.5756,需更乐观假设才支撑,15.3078,2.1204,
000022,2014-12-18,21.5600,2014-09-30,2014-10-25,1.000000,0.0000,10.5452,9.4907,11.5997,2.0445,-0.5598,需更乐观假设才支撑,15.3078,2.0445,
000022,2014-12-19,20.9700,2014-09-30,2014-10-25,1.000000,0.0000,10.5452,9.4907,11.5997,1.9886,-0.5474,需更乐观假设才支撑,15.3078,1.9886,
000022,2014-12-22,18.9700,2014-09-30,2014-10-25,1.000000,0.0000,10.5452,9.4907,11.5997,1.7989,-0.4997,需更乐观假设才支撑,15.3078,1.7989,
000022,2014-12-23,18.7800,2014-09-30,2014-10-25,1.000000,0.0000,10.5452,9.4907,11.5997,1.7809,-0.4946,需更乐观假设才支撑,15.3078,1.7809,
000022,2014-12-24,19.4200,2014-09-30,2014-10-25,1.000000,0.0000,10.5452,9.4907,11.5997,1.8416,-0.5113,需更乐观假设才支撑,15.3078,1.8416,
000022,2014-12-25,19.6400,2014-09-30,2014-10-25,1.000000,0.0000,10.5452,9.4907,11.5997,1.8625,-0.5168,需更乐观假设才支撑,15.3078,1.8625,
000022,2014-12-26,20.9800,2014-09-30,2014-10-25,1.000000,0.0000,10.5452,9.4907,11.5997,1.9895,-0.5476,需更乐观假设才支撑,15.3078,1.9895,
000022,2014-12-29,21.3200,2014-09-30,2014-10-25,1.000000,0.0000,10.5452,9.4907,11.5997,2.0218,-0.5548,需更乐观假设才支撑,15.3078,2.0218,
000022,2014-12-30,21.4200,2014-09-30,2014-10-25,1.000000,0.0000,10.5452,9.4907,11.5997,2.0313,-0.5569,需更乐观假设才支撑,15.3078,2.0313,
000022,2014-12-31,22.3200,2014-09-30,2014-10-25,1.000000,0.0000,10.5452,9.4907,11.5997,2.1166,-0.5748,需更乐观假设才支撑,15.3078,2.1166,
000022,2015-01-05,21.8300,2014-09-30,2014-10-25,1.000000,0.0000,10.5452,9.4907,11.5997,2.0701,-0.5652,需更乐观假设才支撑,15.3078,2.0701,
000022,2015-01-06,21.2600,2014-09-30,2014-10-25,1.000000,0.0000,10.5452,9.4907,11.5997,2.0161,-0.5536,需更乐观假设才支撑,15.3078,2.0161,
000022,2015-01-07,21.0200,2014-09-30,2014-10-25,1.000000,0.0000,10.5452,9.4907,11.5997,1.9933,-0.5485,需更乐观假设才支撑,15.3078,1.9933,
000022,2015-01-08,20.2500,2014-09-30,2014-10-25,1.000000,0.0000,10.5452,9.4907,11.5997,1.9203,-0.5313,需更乐观假设才支撑,15.3078,1.9203,
000022,2015-01-09,19.5100,2014-09-30,2014-10-25,1.000000,0.0000,10.5452,9.4907,11.5997,1.8501,-0.5135,需更乐观假设才支撑,15.3078,1.8501,
000022,2015-01-12,18.7100,2014-09-30,2014-10-25,1.000000,0.0000,10.5452,9.4907,11.5997,1.7743,-0.4927,需更乐观假设才支撑,15.3078,1.7743,
000022,2015-01-13,19.2900,2014-09-30,2014-10-25,1.000000,0.0000,10.5452,9.4907,11.5997,1.8293,-0.5080,需更乐观假设才支撑,15.3078,1.8293,
000022,2015-01-14,19.0500,2014-09-30,2014-10-25,1.000000,0.0000,10.5452,9.4907,11.5997,1.8065,-0.5018,需更乐观假设才支撑,15.3078,1.8065,
000022,2015-01-15,19.3800,2014-09-30,2014-10-25,1.000000,0.0000,10.5452,9.4907,11.5997,1.8378,-0.5103,需更乐观假设才支撑,15.3078,1.8378,
000022,2015-01-16,19.3200,2014-09-30,2014-10-25,1.000000,0.0000,10.5452,9.4907,11.5997,1.8321,-0.5088,需更乐观假设才支撑,15.3078,1.8321,
000022,2015-01-19,18.1100,2014-09-30,2014-10-25,1.000000,0.0000,10.5452,9.4907,11.5997,1.7174,-0.4759,需更乐观假设才支撑,15.3078,1.7174,
000022,2015-01-20,19.2800,2014-09-30,2014-10-25,1.000000,0.0000,10.5452,9.4907,11.5997,1.8283,-0.5077,需更乐观假设才支撑,15.3078,1.8283,
000022,2015-01-21,19.7700,2014-09-30,2014-10-25,1.000000,0.0000,10.5452,9.4907,11.5997,1.8748,-0.5199,需更乐观假设才支撑,15.3078,1.8748,
000022,2015-01-22,19.7600,2014-09-30,2014-10-25,1.000000,0.0000,10.5452,9.4907,11.5997,1.8738,-0.5197,需更乐观假设才支撑,15.3078,1.8738,
000022,2015-01-23,20.0000,2014-09-30,2014-10-25,1.000000,0.0000,10.5452,9.4907,11.5997,1.8966,-0.5255,需更乐观假设才支撑,15.3078,1.8966,
000022,2015-01-26,20.4400,2014-09-30,2014-10-25,1.000000,0.0000,10.5452,9.4907,11.5997,1.9383,-0.5357,需更乐观假设才支撑,15.3078,1.9383,
000022,2015-01-27,20.2800,2014-09-30,2014-10-25,1.000000,0.0000,10.5452,9.4907,11.5997,1.9232,-0.5320,需更乐观假设才支撑,15.3078,1.9232,
000022,2015-01-28,19.9700,2014-09-30,2014-10-25,1.000000,0.0000,10.5452,9.4907,11.5997,1.8938,-0.5248,需更乐观假设才支撑,15.3078,1.8938,
000022,2015-01-29,19.5500,2014-09-30,2014-10-25,1.000000,0.0000,10.5452,9.4907,11.5997,1.8539,-0.5145,需更乐观假设才支撑,15.3078,1.8539,
000022,2015-01-30,19.1400,2014-09-30,2014-10-25,1.000000,0.0000,10.5452,9.4907,11.5997,1.8150,-0.5041,需更乐观假设才支撑,15.3078,1.8150,
000022,2015-02-02,18.5900,2014-09-30,2014-10-25,1.000000,0.0000,10.5452,9.4907,11.5997,1.7629,-0.4895,需更乐观假设才支撑,15.3078,1.7629,
000022,2015-02-03,19.2100,2014-09-30,2014-10-25,1.000000,0.0000,10.5452,9.4907,11.5997,1.8217,-0.5060,需更乐观假设才支撑,15.3078,1.8217,
000022,2015-02-04,19.8300,2014-09-30,2014-10-25,1.000000,0.0000,10.5452,9.4907,11.5997,1.8805,-0.5214,需更乐观假设才支撑,15.3078,1.8805,
000022,2015-02-05,19.8200,2014-09-30,2014-10-25,1.000000,0.0000,10.5452,9.4907,11.5997,1.8795,-0.5212,需更乐观假设才支撑,15.3078,1.8795,
000022,2015-02-06,18.7800,2014-09-30,2014-10-25,1.000000,0.0000,10.5452,9.4907,11.5997,1.7809,-0.4946,需更乐观假设才支撑,15.3078,1.7809,
000022,2015-02-09,18.4300,2014-09-30,2014-10-25,1.000000,0.0000,10.5452,9.4907,11.5997,1.7477,-0.4850,需更乐观假设才支撑,15.3078,1.7477,
000022,2015-02-10,18.7200,2014-09-30,2014-10-25,1.000000,0.0000,10.5452,9.4907,11.5997,1.7752,-0.4930,需更乐观假设才支撑,15.3078,1.7752,
000022,2015-02-11,19.6600,2014-09-30,2014-10-25,1.000000,0.0000,10.5452,9.4907,11.5997,1.8644,-0.5173,需更乐观假设才支撑,15.3078,1.8644,
000022,2015-02-12,19.4100,2014-09-30,2014-10-25,1.000000,0.0000,10.5452,9.4907,11.5997,1.8407,-0.5110,需更乐观假设才支撑,15.3078,1.8407,
000022,2015-02-13,19.4100,2014-09-30,2014-10-25,1.000000,0.0000,10.5452,9.4907,11.5997,1.8407,-0.5110,需更乐观假设才支撑,15.3078,1.8407,
000022,2015-02-16,19.7000,2014-09-30,2014-10-25,1.000000,0.0000,10.5452,9.4907,11.5997,1.8682,-0.5182,需更乐观假设才支撑,15.3078,1.8682,
000022,2015-02-17,20.4200,2014-09-30,2014-10-25,1.000000,0.0000,10.5452,9.4907,11.5997,1.9364,-0.5352,需更乐观假设才支撑,15.3078,1.9364,
000022,2015-02-25,20.4000,2014-09-30,2014-10-25,1.000000,0.0000,10.5452,9.4907,11.5997,1.9345,-0.5348,需更乐观假设才支撑,15.3078,1.9345,
000022,2015-02-26,20.6000,2014-09-30,2014-10-25,1.000000,0.0000,10.5452,9.4907,11.5997,1.9535,-0.5393,需更乐观假设才支撑,15.3078,1.9535,
000022,2015-02-27,20.7300,2014-09-30,2014-10-25,1.000000,0.0000,10.5452,9.4907,11.5997,1.9658,-0.5422,需更乐观假设才支撑,15.3078,1.9658,
000022,2015-03-02,20.5700,2014-09-30,2014-10-25,1.000000,0.0000,10.5452,9.4907,11.5997,1.9507,-0.5386,需更乐观假设才支撑,15.3078,1.9507,
000022,2015-03-03,20.4300,2014-09-30,2014-10-25,1.000000,0.0000,10.5452,9.4907,11.5997,1.9374,-0.5355,需更乐观假设才支撑,15.3078,1.9374,
000022,2015-03-04,20.4100,2014-09-30,2014-10-25,1.000000,0.0000,10.5452,9.4907,11.5997,1.9355,-0.5350,需更乐观假设才支撑,15.3078,1.9355,
000022,2015-03-05,20.0200,2014-09-30,2014-10-25,1.000000,0.0000,10.5452,9.4907,11.5997,1.8985,-0.5259,需更乐观假设才支撑,15.3078,1.8985,
000022,2015-03-06,20.1200,2014-09-30,2014-10-25,1.000000,0.0000,10.5452,9.4907,11.5997,1.9080,-0.5283,需更乐观假设才支撑,15.3078,1.9080,
000022,2015-03-09,20.2700,2014-09-30,2014-10-25,1.000000,0.0000,10.5452,9.4907,11.5997,1.9222,-0.5318,需更乐观假设才支撑,15.3078,1.9222,
000022,2015-03-10,20.8900,2014-09-30,2014-10-25,1.000000,0.0000,10.5452,9.4907,11.5997,1.9810,-0.5457,需更乐观假设才支撑,15.3078,1.9810,
000022,2015-03-11,21.3100,2014-09-30,2014-10-25,1.000000,0.0000,10.5452,9.4907,11.5997,2.0208,-0.5546,需更乐观假设才支撑,15.3078,2.0208,
000022,2015-03-12,21.0300,2014-09-30,2014-10-25,1.000000,0.0000,10.5452,9.4907,11.5997,1.9943,-0.5487,需更乐观假设才支撑,15.3078,1.9943,
000022,2015-03-13,21.2400,2014-09-30,2014-10-25,1.000000,0.0000,10.5452,9.4907,11.5997,2.0142,-0.5532,需更乐观假设才支撑,15.3078,2.0142,
000022,2015-03-16,22.1500,2014-09-30,2014-10-25,1.000000,0.0000,10.5452,9.4907,11.5997,2.1005,-0.5715,需更乐观假设才支撑,15.3078,2.1005,
000022,2015-03-17,22.6600,2014-09-30,2014-10-25,1.000000,0.0000,10.5452,9.4907,11.5997,2.1489,-0.5812,需更乐观假设才支撑,15.3078,2.1489,
000022,2015-03-18,22.7100,2014-09-30,2014-10-25,1.000000,0.0000,10.5452,9.4907,11.5997,2.1536,-0.5821,需更乐观假设才支撑,15.3078,2.1536,
000022,2015-03-19,23.3400,2014-09-30,2014-10-25,1.000000,0.0000,10.5452,9.4907,11.5997,2.2133,-0.5934,需更乐观假设才支撑,15.3078,2.2133,
000022,2015-03-20,23.5900,2014-09-30,2014-10-25,1.000000,0.0000,10.5452,9.4907,11.5997,2.2370,-0.5977,需更乐观假设才支撑,15.3078,2.2370,
000022,2015-03-23,23.5500,2014-09-30,2014-10-25,1.000000,0.0000,10.5452,9.4907,11.5997,2.2333,-0.5970,需更乐观假设才支撑,15.3078,2.2333,
000022,2015-03-24,22.9900,2014-09-30,2014-10-25,1.000000,0.0000,10.5452,9.4907,11.5997,2.1801,-0.5872,需更乐观假设才支撑,15.3078,2.1801,
000022,2015-03-25,23.0500,2014-09-30,2014-10-25,1.000000,0.0000,10.5452,9.4907,11.5997,2.1858,-0.5883,需更乐观假设才支撑,15.3078,2.1858,
000022,2015-03-26,22.6100,2014-12-31,2015-03-27,1.000000,0.0000,9.4493,8.5043,10.3942,2.3928,-0.6239,需更乐观假设才支撑,13.3370,2.3928,
000022,2015-03-27,23.3500,2014-12-31,2015-03-27,1.000000,0.0000,9.4493,8.5043,10.3942,2.4711,-0.6358,需更乐观假设才支撑,13.3370,2.4711,
000022,2015-03-30,23.8800,2014-12-31,2015-03-27,1.000000,0.0000,9.4493,8.5043,10.3942,2.5272,-0.6439,需更乐观假设才支撑,13.3370,2.5272,
000022,2015-03-31,23.3200,2014-12-31,2015-03-27,1.000000,0.0000,9.4493,8.5043,10.3942,2.4679,-0.6353,需更乐观假设才支撑,13.3370,2.4679,
000022,2015-04-01,23.3600,2014-12-31,2015-03-27,1.000000,0.0000,9.4493,8.5043,10.3942,2.4722,-0.6359,需更乐观假设才支撑,13.3370,2.4722,
000022,2015-04-02,23.2300,2014-12-31,2015-03-27,1.000000,0.0000,9.4493,8.5043,10.3942,2.4584,-0.6339,需更乐观假设才支撑,13.3370,2.4584,
000022,2015-04-03,23.5000,2014-12-31,2015-03-27,1.000000,0.0000,9.4493,8.5043,10.3942,2.4870,-0.6381,需更乐观假设才支撑,13.3370,2.4870,
000022,2015-04-07,24.4500,2014-12-31,2015-03-27,1.000000,0.0000,9.4493,8.5043,10.3942,2.5875,-0.6522,需更乐观假设才支撑,13.3370,2.5875,
000022,2015-04-08,24.1400,2014-12-31,2015-03-27,1.000000,0.0000,9.4493,8.5043,10.3942,2.5547,-0.6477,需更乐观假设才支撑,13.3370,2.5547,
000022,2015-04-09,25.0000,2014-12-31,2015-03-27,1.000000,0.0000,9.4493,8.5043,10.3942,2.6457,-0.6598,需更乐观假设才支撑,13.3370,2.6457,
000022,2015-04-10,25.4000,2014-12-31,2015-03-27,1.000000,0.0000,9.4493,8.5043,10.3942,2.6880,-0.6652,需更乐观假设才支撑,13.3370,2.6880,
000022,2015-04-13,25.2100,2014-12-31,2015-03-27,1.000000,0.0000,9.4493,8.5043,10.3942,2.6679,-0.6627,需更乐观假设才支撑,13.3370,2.6679,
000022,2015-04-14,24.7300,2014-12-31,2015-03-27,1.000000,0.0000,9.4493,8.5043,10.3942,2.6171,-0.6561,需更乐观假设才支撑,13.3370,2.6171,
000022,2015-04-15,23.4000,2014-12-31,2015-03-27,1.000000,0.0000,9.4493,8.5043,10.3942,2.4764,-0.6366,需更乐观假设才支撑,13.3370,2.4764,
000022,2015-04-16,24.0500,2014-12-31,2015-03-27,1.000000,0.0000,9.4493,8.5043,10.3942,2.5452,-0.6464,需更乐观假设才支撑,13.3370,2.5452,
000022,2015-04-17,24.8100,2014-12-31,2015-03-27,1.000000,0.0000,9.4493,8.5043,10.3942,2.6256,-0.6572,需更乐观假设才支撑,13.3370,2.6256,
000022,2015-04-20,27.2000,2014-12-31,2015-03-27,1.000000,0.0000,9.4493,8.5043,10.3942,2.8785,-0.6873,需更乐观假设才支撑,13.3370,2.8785,
000022,2015-04-21,26.2500,2014-12-31,2015-03-27,1.000000,0.0000,9.4493,8.5043,10.3942,2.7780,-0.6760,需更乐观假设才支撑,13.3370,2.7780,
000022,2015-04-22,26.6900,2014-12-31,2015-03-27,1.000000,0.0000,9.4493,8.5043,10.3942,2.8246,-0.6814,需更乐观假设才支撑,13.3370,2.8246,
000022,2015-10-21,23.7300,2015-06-30,2015-08-27,1.000000,0.0000,9.5009,8.5508,10.4509,2.4977,-0.6397,需更乐观假设才支撑,13.4058,2.4977,
000022,2015-10-22,21.3600,2015-06-30,2015-08-27,1.000000,0.0000,9.5009,8.5508,10.4509,2.2482,-0.5997,需更乐观假设才支撑,13.4058,2.2482,
000022,2015-10-23,23.5000,2015-06-30,2015-08-27,1.000000,0.0000,9.5009,8.5508,10.4509,2.4735,-0.6361,需更乐观假设才支撑,13.4058,2.4735,
000022,2015-10-26,23.6500,2015-06-30,2015-08-27,1.000000,0.0000,9.5009,8.5508,10.4509,2.4892,-0.6384,需更乐观假设才支撑,13.4058,2.4892,
000022,2015-10-27,21.8000,2015-06-30,2015-08-27,1.000000,0.0000,9.5009,8.5508,10.4509,2.2945,-0.6078,需更乐观假设才支撑,13.4058,2.2945,
000022,2015-10-28,20.3200,2015-06-30,2015-08-27,1.000000,0.0000,9.5009,8.5508,10.4509,2.1388,-0.5792,需更乐观假设才支撑,13.4058,2.1388,
000022,2015-10-29,20.7900,2015-09-30,2015-10-30,1.000000,0.0000,9.7217,8.7495,10.6938,2.1385,-0.5791,需更乐观假设才支撑,13.7361,2.1385,
000022,2015-10-30,20.0100,2015-09-30,2015-10-30,1.000000,0.0000,9.7217,8.7495,10.6938,2.0583,-0.5627,需更乐观假设才支撑,13.7361,2.0583,
000022,2015-11-02,19.1000,2015-09-30,2015-10-30,1.000000,0.0000,9.7217,8.7495,10.6938,1.9647,-0.5419,需更乐观假设才支撑,13.7361,1.9647,
000022,2015-11-03,18.5200,2015-09-30,2015-10-30,1.000000,0.0000,9.7217,8.7495,10.6938,1.9050,-0.5276,需更乐观假设才支撑,13.7361,1.9050,
000022,2015-11-04,19.4900,2015-09-30,2015-10-30,1.000000,0.0000,9.7217,8.7495,10.6938,2.0048,-0.5511,需更乐观假设才支撑,13.7361,2.0048,
000022,2015-11-05,19.8000,2015-09-30,2015-10-30,1.000000,0.0000,9.7217,8.7495,10.6938,2.0367,-0.5581,需更乐观假设才支撑,13.7361,2.0367,
000022,2015-11-06,19.8700,2015-09-30,2015-10-30,1.000000,0.0000,9.7217,8.7495,10.6938,2.0439,-0.5597,需更乐观假设才支撑,13.7361,2.0439,
000022,2015-11-09,20.1900,2015-09-30,2015-10-30,1.000000,0.0000,9.7217,8.7495,10.6938,2.0768,-0.5666,需更乐观假设才支撑,13.7361,2.0768,
000022,2015-11-10,19.9700,2015-09-30,2015-10-30,1.000000,0.0000,9.7217,8.7495,10.6938,2.0542,-0.5619,需更乐观假设才支撑,13.7361,2.0542,
000022,2015-11-11,20.4400,2015-09-30,2015-10-30,1.000000,0.0000,9.7217,8.7495,10.6938,2.1025,-0.5719,需更乐观假设才支撑,13.7361,2.1025,
000022,2015-11-12,20.0000,2015-09-30,2015-10-30,1.000000,0.0000,9.7217,8.7495,10.6938,2.0573,-0.5625,需更乐观假设才支撑,13.7361,2.0573,
000022,2015-11-13,20.0800,2015-09-30,2015-10-30,1.000000,0.0000,9.7217,8.7495,10.6938,2.0655,-0.5643,需更乐观假设才支撑,13.7361,2.0655,
000022,2015-11-16,20.8400,2015-09-30,2015-10-30,1.000000,0.0000,9.7217,8.7495,10.6938,2.1437,-0.5802,需更乐观假设才支撑,13.7361,2.1437,
000022,2015-11-17,20.4300,2015-09-30,2015-10-30,1.000000,0.0000,9.7217,8.7495,10.6938,2.1015,-0.5717,需更乐观假设才支撑,13.7361,2.1015,
000022,2015-11-18,19.8400,2015-09-30,2015-10-30,1.000000,0.0000,9.7217,8.7495,10.6938,2.0408,-0.5590,需更乐观假设才支撑,13.7361,2.0408,
000022,2015-11-19,20.1000,2015-09-30,2015-10-30,1.000000,0.0000,9.7217,8.7495,10.6938,2.0675,-0.5647,需更乐观假设才支撑,13.7361,2.0675,
000022,2015-11-20,20.0200,2015-09-30,2015-10-30,1.000000,0.0000,9.7217,8.7495,10.6938,2.0593,-0.5630,需更乐观假设才支撑,13.7361,2.0593,
000022,2015-11-23,19.8400,2015-09-30,2015-10-30,1.000000,0.0000,9.7217,8.7495,10.6938,2.0408,-0.5590,需更乐观假设才支撑,13.7361,2.0408,
000022,2015-11-24,20.1200,2015-09-30,2015-10-30,1.000000,0.0000,9.7217,8.7495,10.6938,2.0696,-0.5651,需更乐观假设才支撑,13.7361,2.0696,
000022,2015-11-25,20.3800,2015-09-30,2015-10-30,1.000000,0.0000,9.7217,8.7495,10.6938,2.0964,-0.5707,需更乐观假设才支撑,13.7361,2.0964,
000022,2015-11-26,19.9900,2015-09-30,2015-10-30,1.000000,0.0000,9.7217,8.7495,10.6938,2.0562,-0.5623,需更乐观假设才支撑,13.7361,2.0562,
000022,2015-11-27,18.5000,2015-09-30,2015-10-30,1.000000,0.0000,9.7217,8.7495,10.6938,1.9030,-0.5271,需更乐观假设才支撑,13.7361,1.9030,
000022,2015-11-30,18.2400,2015-09-30,2015-10-30,1.000000,0.0000,9.7217,8.7495,10.6938,1.8762,-0.5203,需更乐观假设才支撑,13.7361,1.8762,
000022,2015-12-01,18.3100,2015-09-30,2015-10-30,1.000000,0.0000,9.7217,8.7495,10.6938,1.8834,-0.5221,需更乐观假设才支撑,13.7361,1.8834,
000022,2015-12-02,18.4300,2015-09-30,2015-10-30,1.000000,0.0000,9.7217,8.7495,10.6938,1.8958,-0.5253,需更乐观假设才支撑,13.7361,1.8958,
000022,2015-12-03,19.1200,2015-09-30,2015-10-30,1.000000,0.0000,9.7217,8.7495,10.6938,1.9667,-0.5424,需更乐观假设才支撑,13.7361,1.9667,
000022,2015-12-04,19.1500,2015-09-30,2015-10-30,1.000000,0.0000,9.7217,8.7495,10.6938,1.9698,-0.5431,需更乐观假设才支撑,13.7361,1.9698,
000022,2015-12-07,20.6800,2015-09-30,2015-10-30,1.000000,0.0000,9.7217,8.7495,10.6938,2.1272,-0.5769,需更乐观假设才支撑,13.7361,2.1272,
000022,2015-12-08,19.6000,2015-09-30,2015-10-30,1.000000,0.0000,9.7217,8.7495,10.6938,2.0161,-0.5536,需更乐观假设才支撑,13.7361,2.0161,
000022,2015-12-09,18.7900,2015-09-30,2015-10-30,1.000000,0.0000,9.7217,8.7495,10.6938,1.9328,-0.5344,需更乐观假设才支撑,13.7361,1.9328,
000022,2015-12-10,19.1500,2015-09-30,2015-10-30,1.000000,0.0000,9.7217,8.7495,10.6938,1.9698,-0.5431,需更乐观假设才支撑,13.7361,1.9698,
000022,2015-12-11,18.5400,2015-09-30,2015-10-30,1.000000,0.0000,9.7217,8.7495,10.6938,1.9071,-0.5281,需更乐观假设才支撑,13.7361,1.9071,
000022,2015-12-14,18.9200,2015-09-30,2015-10-30,1.000000,0.0000,9.7217,8.7495,10.6938,1.9462,-0.5376,需更乐观假设才支撑,13.7361,1.9462,
000022,2015-12-15,19.0300,2015-09-30,2015-10-30,1.000000,0.0000,9.7217,8.7495,10.6938,1.9575,-0.5402,需更乐观假设才支撑,13.7361,1.9575,
000022,2015-12-16,19.3000,2015-09-30,2015-10-30,1.000000,0.0000,9.7217,8.7495,10.6938,1.9853,-0.5467,需更乐观假设才支撑,13.7361,1.9853,
000022,2015-12-17,19.7800,2015-09-30,2015-10-30,1.000000,0.0000,9.7217,8.7495,10.6938,2.0346,-0.5577,需更乐观假设才支撑,13.7361,2.0346,
000022,2015-12-18,19.4800,2015-09-30,2015-10-30,1.000000,0.0000,9.7217,8.7495,10.6938,2.0038,-0.5508,需更乐观假设才支撑,13.7361,2.0038,
000022,2015-12-21,19.7500,2015-09-30,2015-10-30,1.000000,0.0000,9.7217,8.7495,10.6938,2.0315,-0.5570,需更乐观假设才支撑,13.7361,2.0315,
000022,2015-12-22,19.9500,2015-09-30,2015-10-30,1.000000,0.0000,9.7217,8.7495,10.6938,2.0521,-0.5614,需更乐观假设才支撑,13.7361,2.0521,
000022,2015-12-23,20.0100,2015-09-30,2015-10-30,1.000000,0.0000,9.7217,8.7495,10.6938,2.0583,-0.5627,需更乐观假设才支撑,13.7361,2.0583,
000022,2015-12-24,20.0000,2015-09-30,2015-10-30,1.000000,0.0000,9.7217,8.7495,10.6938,2.0573,-0.5625,需更乐观假设才支撑,13.7361,2.0573,
000022,2015-12-25,19.9700,2015-09-30,2015-10-30,1.000000,0.0000,9.7217,8.7495,10.6938,2.0542,-0.5619,需更乐观假设才支撑,13.7361,2.0542,
000022,2015-12-28,19.4900,2015-09-30,2015-10-30,1.000000,0.0000,9.7217,8.7495,10.6938,2.0048,-0.5511,需更乐观假设才支撑,13.7361,2.0048,
000022,2015-12-29,19.4000,2015-09-30,2015-10-30,1.000000,0.0000,9.7217,8.7495,10.6938,1.9955,-0.5490,需更乐观假设才支撑,13.7361,1.9955,
000022,2015-12-30,19.4500,2015-09-30,2015-10-30,1.000000,0.0000,9.7217,8.7495,10.6938,2.0007,-0.5502,需更乐观假设才支撑,13.7361,2.0007,
000022,2015-12-31,19.3000,2015-09-30,2015-10-30,1.000000,0.0000,9.7217,8.7495,10.6938,1.9853,-0.5467,需更乐观假设才支撑,13.7361,1.9853,
000022,2016-01-04,17.3800,2015-09-30,2015-10-30,1.000000,0.0000,9.7217,8.7495,10.6938,1.7878,-0.4966,需更乐观假设才支撑,13.7361,1.7878,
000022,2016-01-05,16.9800,2015-09-30,2015-10-30,1.000000,0.0000,9.7217,8.7495,10.6938,1.7466,-0.4847,需更乐观假设才支撑,13.7361,1.7466,
000022,2016-01-06,17.4000,2015-09-30,2015-10-30,1.000000,0.0000,9.7217,8.7495,10.6938,1.7898,-0.4972,需更乐观假设才支撑,13.7361,1.7898,
000022,2016-01-07,15.7400,2015-09-30,2015-10-30,1.000000,0.0000,9.7217,8.7495,10.6938,1.6191,-0.4441,需更乐观假设才支撑,13.7361,1.6191,
000022,2016-01-08,15.9500,2015-09-30,2015-10-30,1.000000,0.0000,9.7217,8.7495,10.6938,1.6407,-0.4514,需更乐观假设才支撑,13.7361,1.6407,
000022,2016-01-11,14.4300,2015-09-30,2015-10-30,1.000000,0.0000,9.7217,8.7495,10.6938,1.4843,-0.3937,需更乐观假设才支撑,13.7361,1.4843,
000022,2016-01-12,14.7200,2015-09-30,2015-10-30,1.000000,0.0000,9.7217,8.7495,10.6938,1.5141,-0.4056,需更乐观假设才支撑,13.7361,1.5141,
000022,2016-01-13,14.6100,2015-09-30,2015-10-30,1.000000,0.0000,9.7217,8.7495,10.6938,1.5028,-0.4011,需更乐观假设才支撑,13.7361,1.5028,
000022,2016-01-14,14.9700,2015-09-30,2015-10-30,1.000000,0.0000,9.7217,8.7495,10.6938,1.5399,-0.4155,需更乐观假设才支撑,13.7361,1.5399,
000022,2016-01-15,13.9800,2015-09-30,2015-10-30,1.000000,0.0000,9.7217,8.7495,10.6938,1.4380,-0.3741,需更乐观假设才支撑,13.7361,1.4380,
000022,2016-01-18,14.3300,2015-09-30,2015-10-30,1.000000,0.0000,9.7217,8.7495,10.6938,1.4740,-0.3894,需更乐观假设才支撑,13.7361,1.4740,
000022,2016-01-19,14.8600,2015-09-30,2015-10-30,1.000000,0.0000,9.7217,8.7495,10.6938,1.5285,-0.4112,需更乐观假设才支撑,13.7361,1.5285,
000022,2016-01-20,14.5300,2015-09-30,2015-10-30,1.000000,0.0000,9.7217,8.7495,10.6938,1.4946,-0.3978,需更乐观假设才支撑,13.7361,1.4946,
000022,2016-01-21,13.8500,2015-09-30,2015-10-30,1.000000,0.0000,9.7217,8.7495,10.6938,1.4247,-0.3683,需更乐观假设才支撑,13.7361,1.4247,
000022,2016-01-22,14.0600,2015-09-30,2015-10-30,1.000000,0.0000,9.7217,8.7495,10.6938,1.4463,-0.3777,需更乐观假设才支撑,13.7361,1.4463,
000022,2016-01-25,14.1800,2015-09-30,2015-10-30,1.000000,0.0000,9.7217,8.7495,10.6938,1.4586,-0.3830,需更乐观假设才支撑,13.7361,1.4586,
000022,2016-01-26,13.0500,2015-09-30,2015-10-30,1.000000,0.0000,9.7217,8.7495,10.6938,1.3424,-0.3295,需更乐观假设才支撑,13.7361,1.3424,
000022,2016-01-27,12.6200,2015-09-30,2015-10-30,1.000000,0.0000,9.7217,8.7495,10.6938,1.2981,-0.3067,需更乐观假设才支撑,13.7361,1.2981,
000022,2016-01-28,12.2600,2015-09-30,2015-10-30,1.000000,0.0000,9.7217,8.7495,10.6938,1.2611,-0.2863,需更乐观假设才支撑,13.7361,1.2611,
000022,2016-01-29,12.6800,2015-09-30,2015-10-30,1.000000,0.0000,9.7217,8.7495,10.6938,1.3043,-0.3100,需更乐观假设才支撑,13.7361,1.3043,
000022,2016-02-01,12.7400,2015-09-30,2015-10-30,1.000000,0.0000,9.7217,8.7495,10.6938,1.3105,-0.3132,需更乐观假设才支撑,13.7361,1.3105,
000022,2016-02-02,13.2800,2015-09-30,2015-10-30,1.000000,0.0000,9.7217,8.7495,10.6938,1.3660,-0.3412,需更乐观假设才支撑,13.7361,1.3660,
000022,2016-02-03,13.7700,2015-09-30,2015-10-30,1.000000,0.0000,9.7217,8.7495,10.6938,1.4164,-0.3646,需更乐观假设才支撑,13.7361,1.4164,
000022,2016-02-04,14.3100,2015-09-30,2015-10-30,1.000000,0.0000,9.7217,8.7495,10.6938,1.4720,-0.3886,需更乐观假设才支撑,13.7361,1.4720,
000022,2016-02-05,14.2700,2015-09-30,2015-10-30,1.000000,0.0000,9.7217,8.7495,10.6938,1.4679,-0.3869,需更乐观假设才支撑,13.7361,1.4679,
000022,2016-02-15,14.2600,2015-09-30,2015-10-30,1.000000,0.0000,9.7217,8.7495,10.6938,1.4668,-0.3864,需更乐观假设才支撑,13.7361,1.4668,
000022,2016-02-16,15.6900,2015-09-30,2015-10-30,1.000000,0.0000,9.7217,8.7495,10.6938,1.6139,-0.4424,需更乐观假设才支撑,13.7361,1.6139,
000022,2016-02-17,17.2600,2015-09-30,2015-10-30,1.000000,0.0000,9.7217,8.7495,10.6938,1.7754,-0.4931,需更乐观假设才支撑,13.7361,1.7754,
000022,2016-02-18,18.9900,2015-09-30,2015-10-30,1.000000,0.0000,9.7217,8.7495,10.6938,1.9534,-0.5393,需更乐观假设才支撑,13.7361,1.9534,
000022,2016-02-19,19.0000,2015-09-30,2015-10-30,1.000000,0.0000,9.7217,8.7495,10.6938,1.9544,-0.5395,需更乐观假设才支撑,13.7361,1.9544,
000022,2016-02-22,18.7800,2015-09-30,2015-10-30,1.000000,0.0000,9.7217,8.7495,10.6938,1.9318,-0.5341,需更乐观假设才支撑,13.7361,1.9318,
000022,2016-02-23,18.0700,2015-09-30,2015-10-30,1.000000,0.0000,9.7217,8.7495,10.6938,1.8587,-0.5158,需更乐观假设才支撑,13.7361,1.8587,
000022,2016-02-24,18.2700,2015-09-30,2015-10-30,1.000000,0.0000,9.7217,8.7495,10.6938,1.8793,-0.5211,需更乐观假设才支撑,13.7361,1.8793,
000022,2016-02-25,16.4400,2015-09-30,2015-10-30,1.000000,0.0000,9.7217,8.7495,10.6938,1.6911,-0.4678,需更乐观假设才支撑,13.7361,1.6911,
000022,2016-02-26,16.0000,2015-09-30,2015-10-30,1.000000,0.0000,9.7217,8.7495,10.6938,1.6458,-0.4532,需更乐观假设才支撑,13.7361,1.6458,
000022,2016-02-29,15.1900,2015-09-30,2015-10-30,1.000000,0.0000,9.7217,8.7495,10.6938,1.5625,-0.4240,需更乐观假设才支撑,13.7361,1.5625,
000022,2016-03-01,15.9200,2015-09-30,2015-10-30,1.000000,0.0000,9.7217,8.7495,10.6938,1.6376,-0.4504,需更乐观假设才支撑,13.7361,1.6376,
000022,2016-03-02,16.7300,2015-09-30,2015-10-30,1.000000,0.0000,9.7217,8.7495,10.6938,1.7209,-0.4770,需更乐观假设才支撑,13.7361,1.7209,
000022,2016-03-03,16.3700,2015-09-30,2015-10-30,1.000000,0.0000,9.7217,8.7495,10.6938,1.6839,-0.4655,需更乐观假设才支撑,13.7361,1.6839,
000022,2016-03-04,18.0100,2015-09-30,2015-10-30,1.000000,0.0000,9.7217,8.7495,10.6938,1.8526,-0.5142,需更乐观假设才支撑,13.7361,1.8526,
000022,2016-03-07,19.1900,2015-09-30,2015-10-30,1.000000,0.0000,9.7217,8.7495,10.6938,1.9739,-0.5441,需更乐观假设才支撑,13.7361,1.9739,
000022,2016-03-08,18.0000,2015-09-30,2015-10-30,1.000000,0.0000,9.7217,8.7495,10.6938,1.8515,-0.5139,需更乐观假设才支撑,13.7361,1.8515,
000022,2016-03-09,16.8900,2015-09-30,2015-10-30,1.000000,0.0000,9.7217,8.7495,10.6938,1.7374,-0.4820,需更乐观假设才支撑,13.7361,1.7374,
000022,2016-03-10,16.7000,2015-09-30,2015-10-30,1.000000,0.0000,9.7217,8.7495,10.6938,1.7178,-0.4761,需更乐观假设才支撑,13.7361,1.7178,
000022,2016-03-11,16.2700,2015-09-30,2015-10-30,1.000000,0.0000,9.7217,8.7495,10.6938,1.6736,-0.4622,需更乐观假设才支撑,13.7361,1.6736,
000022,2016-03-14,17.4400,2015-09-30,2015-10-30,1.000000,0.0000,9.7217,8.7495,10.6938,1.7939,-0.4983,需更乐观假设才支撑,13.7361,1.7939,
000022,2016-03-15,17.0800,2015-09-30,2015-10-30,1.000000,0.0000,9.7217,8.7495,10.6938,1.7569,-0.4877,需更乐观假设才支撑,13.7361,1.7569,
000022,2016-03-16,16.4600,2015-09-30,2015-10-30,1.000000,0.0000,9.7217,8.7495,10.6938,1.6931,-0.4684,需更乐观假设才支撑,13.7361,1.6931,
000022,2016-03-17,16.9700,2015-09-30,2015-10-30,1.000000,0.0000,9.7217,8.7495,10.6938,1.7456,-0.4844,需更乐观假设才支撑,13.7361,1.7456,
000022,2016-03-18,17.6100,2015-09-30,2015-10-30,1.000000,0.0000,9.7217,8.7495,10.6938,1.8114,-0.5032,需更乐观假设才支撑,13.7361,1.8114,
000022,2016-03-21,18.0800,2015-09-30,2015-10-30,1.000000,0.0000,9.7217,8.7495,10.6938,1.8598,-0.5161,需更乐观假设才支撑,13.7361,1.8598,
000022,2016-03-22,17.6000,2015-09-30,2015-10-30,1.000000,0.0000,9.7217,8.7495,10.6938,1.8104,-0.5029,需更乐观假设才支撑,13.7361,1.8104,
000022,2016-03-23,17.7000,2015-09-30,2015-10-30,1.000000,0.0000,9.7217,8.7495,10.6938,1.8207,-0.5057,需更乐观假设才支撑,13.7361,1.8207,
000022,2016-03-24,17.1000,2015-09-30,2015-10-30,1.000000,0.0000,9.7217,8.7495,10.6938,1.7590,-0.4883,需更乐观假设才支撑,13.7361,1.7590,
000022,2016-03-25,17.1600,2015-12-31,2016-03-28,1.000000,0.0000,10.4828,9.4345,11.5311,1.6370,-0.4502,需更乐观假设才支撑,13.3909,1.6370,
000022,2016-03-28,16.9400,2015-12-31,2016-03-28,1.000000,0.0000,10.4828,9.4345,11.5311,1.6160,-0.4431,需更乐观假设才支撑,13.3909,1.6160,
000022,2016-03-29,16.5800,2015-12-31,2016-03-28,1.000000,0.0000,10.4828,9.4345,11.5311,1.5816,-0.4310,需更乐观假设才支撑,13.3909,1.5816,
000022,2016-03-30,17.0600,2015-12-31,2016-03-28,1.000000,0.0000,10.4828,9.4345,11.5311,1.6274,-0.4470,需更乐观假设才支撑,13.3909,1.6274,
000022,2016-03-31,17.1800,2015-12-31,2016-03-28,1.000000,0.0000,10.4828,9.4345,11.5311,1.6389,-0.4508,需更乐观假设才支撑,13.3909,1.6389,
000022,2016-04-01,16.7700,2015-12-31,2016-03-28,1.000000,0.0000,10.4828,9.4345,11.5311,1.5998,-0.4374,需更乐观假设才支撑,13.3909,1.5998,
000022,2016-04-05,17.2300,2015-12-31,2016-03-28,1.000000,0.0000,10.4828,9.4345,11.5311,1.6436,-0.4524,需更乐观假设才支撑,13.3909,1.6436,
000022,2016-04-06,17.2300,2015-12-31,2016-03-28,1.000000,0.0000,10.4828,9.4345,11.5311,1.6436,-0.4524,需更乐观假设才支撑,13.3909,1.6436,
000022,2016-04-07,16.7100,2015-12-31,2016-03-28,1.000000,0.0000,10.4828,9.4345,11.5311,1.5940,-0.4354,需更乐观假设才支撑,13.3909,1.5940,
000022,2016-04-08,16.6000,2015-12-31,2016-03-28,1.000000,0.0000,10.4828,9.4345,11.5311,1.5835,-0.4317,需更乐观假设才支撑,13.3909,1.5835,
000022,2016-04-11,16.9300,2015-12-31,2016-03-28,1.000000,0.0000,10.4828,9.4345,11.5311,1.6150,-0.4427,需更乐观假设才支撑,13.3909,1.6150,
000022,2016-04-12,16.7600,2015-12-31,2016-03-28,1.000000,0.0000,10.4828,9.4345,11.5311,1.5988,-0.4371,需更乐观假设才支撑,13.3909,1.5988,
000022,2016-04-13,17.2000,2015-12-31,2016-03-28,1.000000,0.0000,10.4828,9.4345,11.5311,1.6408,-0.4515,需更乐观假设才支撑,13.3909,1.6408,
000022,2016-04-14,17.1800,2015-12-31,2016-03-28,1.000000,0.0000,10.4828,9.4345,11.5311,1.6389,-0.4508,需更乐观假设才支撑,13.3909,1.6389,
000022,2016-04-15,17.2400,2015-12-31,2016-03-28,1.000000,0.0000,10.4828,9.4345,11.5311,1.6446,-0.4528,需更乐观假设才支撑,13.3909,1.6446,
000022,2016-04-18,17.7000,2015-12-31,2016-03-28,1.000000,0.0000,10.4828,9.4345,11.5311,1.6885,-0.4670,需更乐观假设才支撑,13.3909,1.6885,
000022,2016-04-19,18.0800,2015-12-31,2016-03-28,1.000000,0.0000,10.4828,9.4345,11.5311,1.7247,-0.4782,需更乐观假设才支撑,13.3909,1.7247,
000022,2016-04-20,16.9700,2015-12-31,2016-03-28,1.000000,0.0000,10.4828,9.4345,11.5311,1.6188,-0.4440,需更乐观假设才支撑,13.3909,1.6188,
000022,2016-04-21,16.7100,2015-12-31,2016-03-28,1.000000,0.0000,10.4828,9.4345,11.5311,1.5940,-0.4354,需更乐观假设才支撑,13.3909,1.5940,
000022,2016-04-22,16.5600,2015-12-31,2016-03-28,1.000000,0.0000,10.4828,9.4345,11.5311,1.5797,-0.4303,需更乐观假设才支撑,13.3909,1.5797,
000022,2016-04-25,16.4000,2015-12-31,2016-03-28,1.000000,0.0000,10.4828,9.4345,11.5311,1.5645,-0.4247,需更乐观假设才支撑,13.3909,1.5645,
000022,2016-04-26,16.4700,2015-12-31,2016-03-28,1.000000,0.0000,10.4828,9.4345,11.5311,1.5711,-0.4272,需更乐观假设才支撑,13.3909,1.5711,
000022,2016-04-27,16.3600,2015-12-31,2016-03-28,1.000000,0.0000,10.4828,9.4345,11.5311,1.5606,-0.4233,需更乐观假设才支撑,13.3909,1.5606,
000022,2016-04-28,16.1400,2015-12-31,2016-03-28,1.000000,0.0000,10.4828,9.4345,11.5311,1.5397,-0.4155,需更乐观假设才支撑,13.3909,1.5397,
000022,2016-04-29,16.1400,2015-12-31,2016-03-28,1.000000,0.0000,10.4828,9.4345,11.5311,1.5397,-0.4155,需更乐观假设才支撑,13.3909,1.5397,
000022,2016-05-03,16.5000,2015-12-31,2016-03-28,1.000000,0.0000,10.4828,9.4345,11.5311,1.5740,-0.4282,需更乐观假设才支撑,13.3909,1.5740,
000022,2016-05-04,16.5600,2015-12-31,2016-03-28,1.000000,0.0000,10.4828,9.4345,11.5311,1.5797,-0.4303,需更乐观假设才支撑,13.3909,1.5797,
000022,2016-05-05,16.5800,2015-12-31,2016-03-28,1.000000,0.0000,10.4828,9.4345,11.5311,1.5816,-0.4310,需更乐观假设才支撑,13.3909,1.5816,
000022,2016-05-06,15.9400,2015-12-31,2016-03-28,1.000000,0.0000,10.4828,9.4345,11.5311,1.5206,-0.4081,需更乐观假设才支撑,13.3909,1.5206,
000022,2016-05-09,15.1900,2015-12-31,2016-03-28,1.000000,0.0000,10.4828,9.4345,11.5311,1.4490,-0.3789,需更乐观假设才支撑,13.3909,1.4490,
000022,2016-05-10,15.4300,2015-12-31,2016-03-28,1.000000,0.0000,10.4828,9.4345,11.5311,1.4719,-0.3886,需更乐观假设才支撑,13.3909,1.4719,
000022,2016-05-11,15.1900,2015-12-31,2016-03-28,1.000000,0.0000,10.4828,9.4345,11.5311,1.4490,-0.3789,需更乐观假设才支撑,13.3909,1.4490,
000022,2016-05-12,14.9300,2015-12-31,2016-03-28,1.000000,0.0000,10.4828,9.4345,11.5311,1.4242,-0.3681,需更乐观假设才支撑,13.3909,1.4242,
000022,2016-05-13,14.8300,2015-12-31,2016-03-28,1.000000,0.0000,10.4828,9.4345,11.5311,1.4147,-0.3638,需更乐观假设才支撑,13.3909,1.4147,
000022,2016-05-16,15.3000,2015-12-31,2016-03-28,1.000000,0.0000,10.4828,9.4345,11.5311,1.4595,-0.3834,需更乐观假设才支撑,13.3909,1.4595,
000022,2016-05-17,15.2300,2015-12-31,2016-03-28,1.000000,0.0000,10.4828,9.4345,11.5311,1.4529,-0.3805,需更乐观假设才支撑,13.3909,1.4529,
000022,2016-05-18,15.0100,2015-12-31,2016-03-28,1.000000,0.0000,10.4828,9.4345,11.5311,1.4319,-0.3714,需更乐观假设才支撑,13.3909,1.4319,
000022,2016-05-19,15.0000,2015-12-31,2016-03-28,1.000000,0.0000,10.4828,9.4345,11.5311,1.4309,-0.3710,需更乐观假设才支撑,13.3909,1.4309,
000022,2016-05-20,15.0000,2015-12-31,2016-03-28,1.000000,0.0000,10.4828,9.4345,11.5311,1.4309,-0.3710,需更乐观假设才支撑,13.3909,1.4309,
000022,2016-05-23,15.1800,2015-12-31,2016-03-28,1.000000,0.0000,10.4828,9.4345,11.5311,1.4481,-0.3785,需更乐观假设才支撑,13.3909,1.4481,
000022,2016-05-24,14.8900,2015-12-31,2016-03-28,1.000000,0.0000,10.4828,9.4345,11.5311,1.4204,-0.3664,需更乐观假设才支撑,13.3909,1.4204,
000022,2016-05-25,14.8900,2015-12-31,2016-03-28,1.000000,0.0000,10.4828,9.4345,11.5311,1.4204,-0.3664,需更乐观假设才支撑,13.3909,1.4204,
000022,2016-05-26,14.9600,2015-12-31,2016-03-28,1.000000,0.0000,10.4828,9.4345,11.5311,1.4271,-0.3693,需更乐观假设才支撑,13.3909,1.4271,
000022,2016-05-27,15.3500,2015-12-31,2016-03-28,1.000000,0.0000,10.4828,9.4345,11.5311,1.4643,-0.3854,需更乐观假设才支撑,13.3909,1.4643,
000022,2016-05-30,15.0300,2015-12-31,2016-03-28,1.000000,0.0000,10.4828,9.4345,11.5311,1.4338,-0.3723,需更乐观假设才支撑,13.3909,1.4338,
000022,2016-05-31,15.5700,2015-12-31,2016-03-28,1.000000,0.0000,10.4828,9.4345,11.5311,1.4853,-0.3941,需更乐观假设才支撑,13.3909,1.4853,
000022,2016-06-01,15.5000,2015-12-31,2016-03-28,1.000000,0.0000,10.4828,9.4345,11.5311,1.4786,-0.3913,需更乐观假设才支撑,13.3909,1.4786,
000022,2016-06-02,15.6000,2015-12-31,2016-03-28,1.000000,0.0000,10.4828,9.4345,11.5311,1.4881,-0.3952,需更乐观假设才支撑,13.3909,1.4881,
000022,2016-06-03,15.6200,2015-12-31,2016-03-28,1.000000,0.0000,10.4828,9.4345,11.5311,1.4901,-0.3960,需更乐观假设才支撑,13.3909,1.4901,
000022,2016-06-06,15.6400,2015-12-31,2016-03-28,1.000000,0.0000,10.4828,9.4345,11.5311,1.4920,-0.3968,需更乐观假设才支撑,13.3909,1.4920,
000022,2016-06-07,15.4500,2015-12-31,2016-03-28,1.000000,0.0000,10.4828,9.4345,11.5311,1.4738,-0.3894,需更乐观假设才支撑,13.3909,1.4738,
000022,2016-06-08,15.3200,2015-12-31,2016-03-28,1.000000,0.0000,10.4828,9.4345,11.5311,1.4614,-0.3842,需更乐观假设才支撑,13.3909,1.4614,
000022,2016-06-13,14.6700,2015-12-31,2016-03-28,1.000000,0.0000,10.4828,9.4345,11.5311,1.3994,-0.3569,需更乐观假设才支撑,13.3909,1.3994,
000022,2016-06-14,14.7500,2015-12-31,2016-03-28,1.000000,0.0000,10.4828,9.4345,11.5311,1.4071,-0.3604,需更乐观假设才支撑,13.3909,1.4071,
000022,2016-06-15,14.9800,2015-12-31,2016-03-28,1.000000,0.0000,10.4828,9.4345,11.5311,1.4290,-0.3702,需更乐观假设才支撑,13.3909,1.4290,
000022,2016-06-16,14.9500,2015-12-31,2016-03-28,1.000000,0.0000,10.4828,9.4345,11.5311,1.4261,-0.3689,需更乐观假设才支撑,13.3909,1.4261,
000022,2016-06-17,15.1800,2015-12-31,2016-03-28,1.000000,0.0000,10.4828,9.4345,11.5311,1.4481,-0.3785,需更乐观假设才支撑,13.3909,1.4481,
000022,2016-06-20,15.0300,2015-12-31,2016-03-28,1.000000,0.0000,10.4828,9.4345,11.5311,1.4338,-0.3723,需更乐观假设才支撑,13.3909,1.4338,
000022,2016-06-21,15.0900,2015-12-31,2016-03-28,1.000000,0.0000,10.4828,9.4345,11.5311,1.4395,-0.3748,需更乐观假设才支撑,13.3909,1.4395,
000022,2016-06-22,15.5500,2015-12-31,2016-03-28,1.000000,0.0000,10.4828,9.4345,11.5311,1.4834,-0.3933,需更乐观假设才支撑,13.3909,1.4834,
000022,2016-06-23,15.3500,2015-12-31,2016-03-28,1.000000,0.0000,10.4828,9.4345,11.5311,1.4643,-0.3854,需更乐观假设才支撑,13.3909,1.4643,
000022,2016-06-24,15.0800,2015-12-31,2016-03-28,1.000000,0.0000,10.4828,9.4345,11.5311,1.4385,-0.3744,需更乐观假设才支撑,13.3909,1.4385,
000022,2016-06-27,15.3400,2015-12-31,2016-03-28,1.000000,0.0000,10.4828,9.4345,11.5311,1.4633,-0.3850,需更乐观假设才支撑,13.3909,1.4633,
000022,2016-06-28,15.8100,2015-12-31,2016-03-28,1.000000,0.0000,10.4828,9.4345,11.5311,1.5082,-0.4033,需更乐观假设才支撑,13.3909,1.5082,
000022,2016-06-29,15.6600,2015-12-31,2016-03-28,1.000000,0.0000,10.4828,9.4345,11.5311,1.4939,-0.3975,需更乐观假设才支撑,13.3909,1.4939,
000022,2016-06-30,15.7600,2015-12-31,2016-03-28,1.000000,0.0000,10.4828,9.4345,11.5311,1.5034,-0.4014,需更乐观假设才支撑,13.3909,1.5034,
000022,2016-07-01,15.6300,2015-12-31,2016-03-28,1.000000,0.0000,10.4828,9.4345,11.5311,1.4910,-0.3964,需更乐观假设才支撑,13.3909,1.4910,
000022,2016-07-04,15.7900,2015-12-31,2016-03-28,1.000000,0.0000,10.4828,9.4345,11.5311,1.5063,-0.4025,需更乐观假设才支撑,13.3909,1.5063,
000022,2016-07-05,16.2600,2015-12-31,2016-03-28,1.000000,0.0000,10.4828,9.4345,11.5311,1.5511,-0.4198,需更乐观假设才支撑,13.3909,1.5511,
000022,2016-07-06,16.1600,2015-12-31,2016-03-28,1.000000,0.0000,10.4828,9.4345,11.5311,1.5416,-0.4162,需更乐观假设才支撑,13.3909,1.5416,
000022,2016-07-07,16.1800,2015-12-31,2016-03-28,1.000000,0.0000,10.4828,9.4345,11.5311,1.5435,-0.4169,需更乐观假设才支撑,13.3909,1.5435,
000022,2016-07-08,17.5100,2015-12-31,2016-03-28,1.000000,0.0000,10.4828,9.4345,11.5311,1.6704,-0.4612,需更乐观假设才支撑,13.3909,1.6704,
000022,2016-07-11,17.1500,2015-12-31,2016-03-28,1.000000,0.0000,10.4828,9.4345,11.5311,1.6360,-0.4499,需更乐观假设才支撑,13.3909,1.6360,
000022,2016-07-12,16.9500,2015-12-31,2016-03-28,1.000000,0.0000,10.4828,9.4345,11.5311,1.6169,-0.4434,需更乐观假设才支撑,13.3909,1.6169,
000022,2016-07-13,17.0100,2015-12-31,2016-03-28,1.000000,0.0000,10.4828,9.4345,11.5311,1.6227,-0.4454,需更乐观假设才支撑,13.3909,1.6227,
000022,2016-07-14,16.8200,2015-12-31,2016-03-28,1.000000,0.0000,10.4828,9.4345,11.5311,1.6045,-0.4391,需更乐观假设才支撑,13.3909,1.6045,
000022,2016-07-15,16.8600,2015-12-31,2016-03-28,1.000000,0.0000,10.4828,9.4345,11.5311,1.6083,-0.4404,需更乐观假设才支撑,13.3909,1.6083,
000022,2016-07-18,16.5400,2015-12-31,2016-03-28,1.000000,0.0000,10.4828,9.4345,11.5311,1.5778,-0.4296,需更乐观假设才支撑,13.3909,1.5778,
000022,2016-07-19,16.6900,2015-12-31,2016-03-28,1.000000,0.0000,10.4828,9.4345,11.5311,1.5921,-0.4347,需更乐观假设才支撑,13.3909,1.5921,
000022,2016-07-20,16.6500,2015-12-31,2016-03-28,1.000000,0.0000,10.4828,9.4345,11.5311,1.5883,-0.4334,需更乐观假设才支撑,13.3909,1.5883,
000022,2016-07-21,16.9200,2015-12-31,2016-03-28,1.000000,0.0000,10.4828,9.4345,11.5311,1.6141,-0.4424,需更乐观假设才支撑,13.3909,1.6141,
000022,2016-07-22,16.9400,2015-12-31,2016-03-28,1.000000,0.0000,10.4828,9.4345,11.5311,1.6160,-0.4431,需更乐观假设才支撑,13.3909,1.6160,
000022,2016-07-25,16.9700,2015-12-31,2016-03-28,1.000000,0.0000,10.4828,9.4345,11.5311,1.6188,-0.4440,需更乐观假设才支撑,13.3909,1.6188,
000022,2016-07-26,17.1800,2015-12-31,2016-03-28,1.000000,0.0000,10.4828,9.4345,11.5311,1.6389,-0.4508,需更乐观假设才支撑,13.3909,1.6389,
000022,2016-07-27,16.7300,2015-12-31,2016-03-28,1.000000,0.0000,10.4828,9.4345,11.5311,1.5959,-0.4361,需更乐观假设才支撑,13.3909,1.5959,
000022,2016-07-28,15.9300,2015-12-31,2016-03-28,1.000000,0.4100,10.0728,9.0245,11.1211,1.5815,-0.4335,需更乐观假设才支撑,13.3909,1.5815,
000022,2016-07-29,15.9700,2015-12-31,2016-03-28,1.000000,0.4100,10.0728,9.0245,11.1211,1.5855,-0.4349,需更乐观假设才支撑,13.3909,1.5855,
000022,2016-08-01,15.8800,2015-12-31,2016-03-28,1.000000,0.4100,10.0728,9.0245,11.1211,1.5765,-0.4317,需更乐观假设才支撑,13.3909,1.5765,
000022,2016-08-02,15.8900,2015-12-31,2016-03-28,1.000000,0.4100,10.0728,9.0245,11.1211,1.5775,-0.4321,需更乐观假设才支撑,13.3909,1.5775,
000022,2016-08-03,16.2700,2015-12-31,2016-03-28,1.000000,0.4100,10.0728,9.0245,11.1211,1.6152,-0.4453,需更乐观假设才支撑,13.3909,1.6152,
000022,2016-08-04,16.1200,2015-12-31,2016-03-28,1.000000,0.4100,10.0728,9.0245,11.1211,1.6003,-0.4402,需更乐观假设才支撑,13.3909,1.6003,
000022,2016-08-05,16.4000,2015-12-31,2016-03-28,1.000000,0.4100,10.0728,9.0245,11.1211,1.6281,-0.4497,需更乐观假设才支撑,13.3909,1.6281,
000022,2016-08-08,16.3900,2015-12-31,2016-03-28,1.000000,0.4100,10.0728,9.0245,11.1211,1.6272,-0.4494,需更乐观假设才支撑,13.3909,1.6272,
000022,2016-08-09,16.4100,2015-12-31,2016-03-28,1.000000,0.4100,10.0728,9.0245,11.1211,1.6291,-0.4501,需更乐观假设才支撑,13.3909,1.6291,
000022,2016-08-10,16.2000,2015-12-31,2016-03-28,1.000000,0.4100,10.0728,9.0245,11.1211,1.6083,-0.4429,需更乐观假设才支撑,13.3909,1.6083,
000022,2016-08-11,16.0800,2015-12-31,2016-03-28,1.000000,0.4100,10.0728,9.0245,11.1211,1.5964,-0.4388,需更乐观假设才支撑,13.3909,1.5964,
000022,2016-08-12,16.2400,2015-12-31,2016-03-28,1.000000,0.4100,10.0728,9.0245,11.1211,1.6123,-0.4443,需更乐观假设才支撑,13.3909,1.6123,
000022,2016-08-15,16.6400,2015-12-31,2016-03-28,1.000000,0.4100,10.0728,9.0245,11.1211,1.6520,-0.4577,需更乐观假设才支撑,13.3909,1.6520,
000022,2016-08-16,16.7900,2015-12-31,2016-03-28,1.000000,0.4100,10.0728,9.0245,11.1211,1.6669,-0.4625,需更乐观假设才支撑,13.3909,1.6669,
000022,2016-08-17,16.9000,2015-12-31,2016-03-28,1.000000,0.4100,10.0728,9.0245,11.1211,1.6778,-0.4660,需更乐观假设才支撑,13.3909,1.6778,
000022,2016-08-18,17.1600,2015-12-31,2016-03-28,1.000000,0.4100,10.0728,9.0245,11.1211,1.7036,-0.4741,需更乐观假设才支撑,13.3909,1.7036,
000022,2016-08-19,17.0300,2015-12-31,2016-03-28,1.000000,0.4100,10.0728,9.0245,11.1211,1.6907,-0.4701,需更乐观假设才支撑,13.3909,1.6907,
000022,2016-08-22,16.5600,2015-12-31,2016-03-28,1.000000,0.4100,10.0728,9.0245,11.1211,1.6440,-0.4550,需更乐观假设才支撑,13.3909,1.6440,
000022,2016-08-23,16.6000,2015-12-31,2016-03-28,1.000000,0.4100,10.0728,9.0245,11.1211,1.6480,-0.4564,需更乐观假设才支撑,13.3909,1.6480,
000022,2016-08-24,16.6200,2015-12-31,2016-03-28,1.000000,0.4100,10.0728,9.0245,11.1211,1.6500,-0.4570,需更乐观假设才支撑,13.3909,1.6500,
000022,2016-08-25,16.3800,2015-12-31,2016-03-28,1.000000,0.4100,10.0728,9.0245,11.1211,1.6262,-0.4491,需更乐观假设才支撑,13.3909,1.6262,
000022,2016-08-26,16.3300,2015-12-31,2016-03-28,1.000000,0.4100,10.0728,9.0245,11.1211,1.6212,-0.4474,需更乐观假设才支撑,13.3909,1.6212,
000022,2016-08-29,16.4400,2015-12-31,2016-03-28,1.000000,0.4100,10.0728,9.0245,11.1211,1.6321,-0.4511,需更乐观假设才支撑,13.3909,1.6321,
000022,2016-08-30,16.4600,2015-12-31,2016-03-28,1.000000,0.4100,10.0728,9.0245,11.1211,1.6341,-0.4517,需更乐观假设才支撑,13.3909,1.6341,
000022,2016-08-31,16.5100,2015-12-31,2016-03-28,1.000000,0.4100,10.0728,9.0245,11.1211,1.6391,-0.4534,需更乐观假设才支撑,13.3909,1.6391,
000022,2016-09-01,16.5000,2015-12-31,2016-03-28,1.000000,0.4100,10.0728,9.0245,11.1211,1.6381,-0.4531,需更乐观假设才支撑,13.3909,1.6381,
000022,2016-09-02,16.2900,2015-12-31,2016-03-28,1.000000,0.4100,10.0728,9.0245,11.1211,1.6172,-0.4460,需更乐观假设才支撑,13.3909,1.6172,
000022,2016-09-05,16.3400,2015-12-31,2016-03-28,1.000000,0.4100,10.0728,9.0245,11.1211,1.6222,-0.4477,需更乐观假设才支撑,13.3909,1.6222,
000022,2016-09-06,16.3900,2015-12-31,2016-03-28,1.000000,0.4100,10.0728,9.0245,11.1211,1.6272,-0.4494,需更乐观假设才支撑,13.3909,1.6272,
000022,2016-09-07,16.5900,2015-12-31,2016-03-28,1.000000,0.4100,10.0728,9.0245,11.1211,1.6470,-0.4560,需更乐观假设才支撑,13.3909,1.6470,
000022,2016-09-08,16.6000,2015-12-31,2016-03-28,1.000000,0.4100,10.0728,9.0245,11.1211,1.6480,-0.4564,需更乐观假设才支撑,13.3909,1.6480,
000022,2016-09-09,16.4300,2015-12-31,2016-03-28,1.000000,0.4100,10.0728,9.0245,11.1211,1.6311,-0.4507,需更乐观假设才支撑,13.3909,1.6311,
000022,2016-09-12,16.1700,2015-12-31,2016-03-28,1.000000,0.4100,10.0728,9.0245,11.1211,1.6053,-0.4419,需更乐观假设才支撑,13.3909,1.6053,
000022,2016-09-13,16.2600,2015-12-31,2016-03-28,1.000000,0.4100,10.0728,9.0245,11.1211,1.6142,-0.4450,需更乐观假设才支撑,13.3909,1.6142,
000022,2016-09-14,16.3000,2015-12-31,2016-03-28,1.000000,0.4100,10.0728,9.0245,11.1211,1.6182,-0.4463,需更乐观假设才支撑,13.3909,1.6182,
000022,2016-09-19,16.5100,2015-12-31,2016-03-28,1.000000,0.4100,10.0728,9.0245,11.1211,1.6391,-0.4534,需更乐观假设才支撑,13.3909,1.6391,
000022,2016-09-20,16.4300,2015-12-31,2016-03-28,1.000000,0.4100,10.0728,9.0245,11.1211,1.6311,-0.4507,需更乐观假设才支撑,13.3909,1.6311,
000022,2016-09-21,16.9800,2015-12-31,2016-03-28,1.000000,0.4100,10.0728,9.0245,11.1211,1.6857,-0.4685,需更乐观假设才支撑,13.3909,1.6857,
000022,2016-09-22,16.8600,2015-12-31,2016-03-28,1.000000,0.4100,10.0728,9.0245,11.1211,1.6738,-0.4647,需更乐观假设才支撑,13.3909,1.6738,
000022,2016-09-23,16.9400,2015-12-31,2016-03-28,1.000000,0.4100,10.0728,9.0245,11.1211,1.6818,-0.4673,需更乐观假设才支撑,13.3909,1.6818,
000022,2016-09-26,16.6200,2015-12-31,2016-03-28,1.000000,0.4100,10.0728,9.0245,11.1211,1.6500,-0.4570,需更乐观假设才支撑,13.3909,1.6500,
000022,2016-09-27,16.7100,2015-12-31,2016-03-28,1.000000,0.4100,10.0728,9.0245,11.1211,1.6589,-0.4599,需更乐观假设才支撑,13.3909,1.6589,
000022,2016-09-28,16.8900,2015-12-31,2016-03-28,1.000000,0.4100,10.0728,9.0245,11.1211,1.6768,-0.4657,需更乐观假设才支撑,13.3909,1.6768,
000022,2016-09-29,16.8000,2015-12-31,2016-03-28,1.000000,0.4100,10.0728,9.0245,11.1211,1.6679,-0.4628,需更乐观假设才支撑,13.3909,1.6679,
000022,2016-09-30,16.7500,2015-12-31,2016-03-28,1.000000,0.4100,10.0728,9.0245,11.1211,1.6629,-0.4612,需更乐观假设才支撑,13.3909,1.6629,
000022,2016-10-10,17.0900,2015-12-31,2016-03-28,1.000000,0.4100,10.0728,9.0245,11.1211,1.6966,-0.4719,需更乐观假设才支撑,13.3909,1.6966,
000022,2016-10-11,17.6000,2015-12-31,2016-03-28,1.000000,0.4100,10.0728,9.0245,11.1211,1.7473,-0.4872,需更乐观假设才支撑,13.3909,1.7473,
000022,2016-10-12,17.3000,2015-12-31,2016-03-28,1.000000,0.4100,10.0728,9.0245,11.1211,1.7175,-0.4784,需更乐观假设才支撑,13.3909,1.7175,
000022,2016-10-13,17.2900,2015-12-31,2016-03-28,1.000000,0.4100,10.0728,9.0245,11.1211,1.7165,-0.4780,需更乐观假设才支撑,13.3909,1.7165,
000022,2016-10-14,17.1300,2015-12-31,2016-03-28,1.000000,0.4100,10.0728,9.0245,11.1211,1.7006,-0.4732,需更乐观假设才支撑,13.3909,1.7006,
000022,2016-10-17,16.8600,2015-12-31,2016-03-28,1.000000,0.4100,10.0728,9.0245,11.1211,1.6738,-0.4647,需更乐观假设才支撑,13.3909,1.6738,
000022,2016-10-18,17.1000,2015-12-31,2016-03-28,1.000000,0.4100,10.0728,9.0245,11.1211,1.6976,-0.4722,需更乐观假设才支撑,13.3909,1.6976,
000022,2016-10-19,16.8700,2015-12-31,2016-03-28,1.000000,0.4100,10.0728,9.0245,11.1211,1.6748,-0.4651,需更乐观假设才支撑,13.3909,1.6748,
000022,2016-10-20,16.9900,2015-12-31,2016-03-28,1.000000,0.4100,10.0728,9.0245,11.1211,1.6867,-0.4688,需更乐观假设才支撑,13.3909,1.6867,
000022,2016-10-21,17.2500,2015-12-31,2016-03-28,1.000000,0.4100,10.0728,9.0245,11.1211,1.7125,-0.4768,需更乐观假设才支撑,13.3909,1.7125,
000022,2016-10-24,17.3000,2015-12-31,2016-03-28,1.000000,0.4100,10.0728,9.0245,11.1211,1.7175,-0.4784,需更乐观假设才支撑,13.3909,1.7175,
000022,2016-10-25,17.1500,2015-12-31,2016-03-28,1.000000,0.4100,10.0728,9.0245,11.1211,1.7026,-0.4738,需更乐观假设才支撑,13.3909,1.7026,
000022,2016-10-26,16.9300,2015-12-31,2016-03-28,1.000000,0.4100,10.0728,9.0245,11.1211,1.6808,-0.4669,需更乐观假设才支撑,13.3909,1.6808,
000022,2016-10-27,16.8600,2015-12-31,2016-03-28,1.000000,0.4100,10.0728,9.0245,11.1211,1.6738,-0.4647,需更乐观假设才支撑,13.3909,1.6738,
000022,2016-10-28,16.8600,2015-12-31,2016-03-28,1.000000,0.4100,10.0728,9.0245,11.1211,1.6738,-0.4647,需更乐观假设才支撑,13.3909,1.6738,
000022,2016-10-31,16.9400,2015-12-31,2016-03-28,1.000000,0.4100,10.0728,9.0245,11.1211,1.6818,-0.4673,需更乐观假设才支撑,13.3909,1.6818,
000022,2016-11-01,17.1100,2015-12-31,2016-03-28,1.000000,0.4100,10.0728,9.0245,11.1211,1.6986,-0.4726,需更乐观假设才支撑,13.3909,1.6986,
000022,2016-11-02,16.8400,2015-12-31,2016-03-28,1.000000,0.4100,10.0728,9.0245,11.1211,1.6718,-0.4641,需更乐观假设才支撑,13.3909,1.6718,
000022,2016-11-03,16.9500,2015-12-31,2016-03-28,1.000000,0.4100,10.0728,9.0245,11.1211,1.6827,-0.4676,需更乐观假设才支撑,13.3909,1.6827,
000022,2016-11-04,16.9000,2015-12-31,2016-03-28,1.000000,0.4100,10.0728,9.0245,11.1211,1.6778,-0.4660,需更乐观假设才支撑,13.3909,1.6778,
000022,2016-11-07,16.9400,2015-12-31,2016-03-28,1.000000,0.4100,10.0728,9.0245,11.1211,1.6818,-0.4673,需更乐观假设才支撑,13.3909,1.6818,
000022,2016-11-08,16.9500,2015-12-31,2016-03-28,1.000000,0.4100,10.0728,9.0245,11.1211,1.6827,-0.4676,需更乐观假设才支撑,13.3909,1.6827,
000022,2016-11-09,16.8100,2015-12-31,2016-03-28,1.000000,0.4100,10.0728,9.0245,11.1211,1.6688,-0.4631,需更乐观假设才支撑,13.3909,1.6688,
000022,2016-11-10,17.2800,2015-12-31,2016-03-28,1.000000,0.4100,10.0728,9.0245,11.1211,1.7155,-0.4777,需更乐观假设才支撑,13.3909,1.7155,
000022,2016-11-11,17.3500,2015-12-31,2016-03-28,1.000000,0.4100,10.0728,9.0245,11.1211,1.7225,-0.4799,需更乐观假设才支撑,13.3909,1.7225,
000022,2016-11-14,17.5900,2015-12-31,2016-03-28,1.000000,0.4100,10.0728,9.0245,11.1211,1.7463,-0.4870,需更乐观假设才支撑,13.3909,1.7463,
000022,2016-11-15,17.4800,2015-12-31,2016-03-28,1.000000,0.4100,10.0728,9.0245,11.1211,1.7354,-0.4837,需更乐观假设才支撑,13.3909,1.7354,
000022,2016-11-16,17.7700,2015-12-31,2016-03-28,1.000000,0.4100,10.0728,9.0245,11.1211,1.7642,-0.4921,需更乐观假设才支撑,13.3909,1.7642,
000022,2016-11-17,17.7100,2015-12-31,2016-03-28,1.000000,0.4100,10.0728,9.0245,11.1211,1.7582,-0.4904,需更乐观假设才支撑,13.3909,1.7582,
000022,2016-11-18,17.3300,2015-12-31,2016-03-28,1.000000,0.4100,10.0728,9.0245,11.1211,1.7205,-0.4793,需更乐观假设才支撑,13.3909,1.7205,
000022,2016-11-21,17.2500,2015-12-31,2016-03-28,1.000000,0.4100,10.0728,9.0245,11.1211,1.7125,-0.4768,需更乐观假设才支撑,13.3909,1.7125,
000022,2016-11-22,17.3800,2015-12-31,2016-03-28,1.000000,0.4100,10.0728,9.0245,11.1211,1.7254,-0.4808,需更乐观假设才支撑,13.3909,1.7254,
000022,2016-11-23,17.5200,2015-12-31,2016-03-28,1.000000,0.4100,10.0728,9.0245,11.1211,1.7393,-0.4849,需更乐观假设才支撑,13.3909,1.7393,
000022,2016-11-24,17.5400,2015-12-31,2016-03-28,1.000000,0.4100,10.0728,9.0245,11.1211,1.7413,-0.4855,需更乐观假设才支撑,13.3909,1.7413,
000022,2016-11-25,17.5700,2015-12-31,2016-03-28,1.000000,0.4100,10.0728,9.0245,11.1211,1.7443,-0.4864,需更乐观假设才支撑,13.3909,1.7443,
000022,2016-11-28,19.3300,2015-12-31,2016-03-28,1.000000,0.4100,10.0728,9.0245,11.1211,1.9190,-0.5331,需更乐观假设才支撑,13.3909,1.9190,
000022,2016-11-29,20.5000,2015-12-31,2016-03-28,1.000000,0.4100,10.0728,9.0245,11.1211,2.0352,-0.5598,需更乐观假设才支撑,13.3909,2.0352,
000022,2016-11-30,21.0400,2015-12-31,2016-03-28,1.000000,0.4100,10.0728,9.0245,11.1211,2.0888,-0.5711,需更乐观假设才支撑,13.3909,2.0888,
000022,2016-12-01,20.2100,2015-12-31,2016-03-28,1.000000,0.4100,10.0728,9.0245,11.1211,2.0064,-0.5535,需更乐观假设才支撑,13.3909,2.0064,
000022,2016-12-02,19.7900,2015-12-31,2016-03-28,1.000000,0.4100,10.0728,9.0245,11.1211,1.9647,-0.5440,需更乐观假设才支撑,13.3909,1.9647,
000022,2016-12-05,19.6100,2015-12-31,2016-03-28,1.000000,0.4100,10.0728,9.0245,11.1211,1.9468,-0.5398,需更乐观假设才支撑,13.3909,1.9468,
000022,2016-12-06,18.9000,2015-12-31,2016-03-28,1.000000,0.4100,10.0728,9.0245,11.1211,1.8763,-0.5225,需更乐观假设才支撑,13.3909,1.8763,
000022,2016-12-07,19.8000,2015-12-31,2016-03-28,1.000000,0.4100,10.0728,9.0245,11.1211,1.9657,-0.5442,需更乐观假设才支撑,13.3909,1.9657,
000022,2016-12-08,19.3000,2015-12-31,2016-03-28,1.000000,0.4100,10.0728,9.0245,11.1211,1.9160,-0.5324,需更乐观假设才支撑,13.3909,1.9160,
000022,2016-12-09,19.5000,2015-12-31,2016-03-28,1.000000,0.4100,10.0728,9.0245,11.1211,1.9359,-0.5372,需更乐观假设才支撑,13.3909,1.9359,
000022,2016-12-12,18.3100,2015-12-31,2016-03-28,1.000000,0.4100,10.0728,9.0245,11.1211,1.8178,-0.5071,需更乐观假设才支撑,13.3909,1.8178,
000022,2016-12-13,18.6800,2015-12-31,2016-03-28,1.000000,0.4100,10.0728,9.0245,11.1211,1.8545,-0.5169,需更乐观假设才支撑,13.3909,1.8545,
000022,2016-12-14,18.8600,2015-12-31,2016-03-28,1.000000,0.4100,10.0728,9.0245,11.1211,1.8724,-0.5215,需更乐观假设才支撑,13.3909,1.8724,
000022,2016-12-15,18.8400,2015-12-31,2016-03-28,1.000000,0.4100,10.0728,9.0245,11.1211,1.8704,-0.5210,需更乐观假设才支撑,13.3909,1.8704,
000022,2016-12-16,19.3600,2015-12-31,2016-03-28,1.000000,0.4100,10.0728,9.0245,11.1211,1.9220,-0.5339,需更乐观假设才支撑,13.3909,1.9220,
000022,2016-12-19,19.2100,2015-12-31,2016-03-28,1.000000,0.4100,10.0728,9.0245,11.1211,1.9071,-0.5302,需更乐观假设才支撑,13.3909,1.9071,
000022,2016-12-20,18.5900,2015-12-31,2016-03-28,1.000000,0.4100,10.0728,9.0245,11.1211,1.8456,-0.5145,需更乐观假设才支撑,13.3909,1.8456,
000022,2016-12-21,19.1600,2015-12-31,2016-03-28,1.000000,0.4100,10.0728,9.0245,11.1211,1.9021,-0.5290,需更乐观假设才支撑,13.3909,1.9021,
000022,2016-12-22,18.8800,2015-12-31,2016-03-28,1.000000,0.4100,10.0728,9.0245,11.1211,1.8744,-0.5220,需更乐观假设才支撑,13.3909,1.8744,
000022,2016-12-23,19.8600,2015-12-31,2016-03-28,1.000000,0.4100,10.0728,9.0245,11.1211,1.9716,-0.5456,需更乐观假设才支撑,13.3909,1.9716,
000022,2016-12-26,20.1000,2015-12-31,2016-03-28,1.000000,0.4100,10.0728,9.0245,11.1211,1.9955,-0.5510,需更乐观假设才支撑,13.3909,1.9955,
000022,2016-12-27,19.8200,2015-12-31,2016-03-28,1.000000,0.4100,10.0728,9.0245,11.1211,1.9677,-0.5447,需更乐观假设才支撑,13.3909,1.9677,
000022,2016-12-28,19.3000,2015-12-31,2016-03-28,1.000000,0.4100,10.0728,9.0245,11.1211,1.9160,-0.5324,需更乐观假设才支撑,13.3909,1.9160,
000022,2016-12-29,19.2600,2015-12-31,2016-03-28,1.000000,0.4100,10.0728,9.0245,11.1211,1.9121,-0.5314,需更乐观假设才支撑,13.3909,1.9121,
000022,2016-12-30,19.0300,2015-12-31,2016-03-28,1.000000,0.4100,10.0728,9.0245,11.1211,1.8892,-0.5258,需更乐观假设才支撑,13.3909,1.8892,
000022,2017-01-03,19.3300,2015-12-31,2016-03-28,1.000000,0.4100,10.0728,9.0245,11.1211,1.9190,-0.5331,需更乐观假设才支撑,13.3909,1.9190,
000022,2017-01-04,19.4600,2015-12-31,2016-03-28,1.000000,0.4100,10.0728,9.0245,11.1211,1.9319,-0.5363,需更乐观假设才支撑,13.3909,1.9319,
000022,2017-01-05,19.8700,2015-12-31,2016-03-28,1.000000,0.4100,10.0728,9.0245,11.1211,1.9726,-0.5458,需更乐观假设才支撑,13.3909,1.9726,
000022,2017-01-06,19.8600,2015-12-31,2016-03-28,1.000000,0.4100,10.0728,9.0245,11.1211,1.9716,-0.5456,需更乐观假设才支撑,13.3909,1.9716,
000022,2017-01-09,19.8700,2015-12-31,2016-03-28,1.000000,0.4100,10.0728,9.0245,11.1211,1.9726,-0.5458,需更乐观假设才支撑,13.3909,1.9726,
000022,2017-01-10,19.2300,2015-12-31,2016-03-28,1.000000,0.4100,10.0728,9.0245,11.1211,1.9091,-0.5307,需更乐观假设才支撑,13.3909,1.9091,
000022,2017-01-11,18.7500,2015-12-31,2016-03-28,1.000000,0.4100,10.0728,9.0245,11.1211,1.8614,-0.5187,需更乐观假设才支撑,13.3909,1.8614,
000022,2017-01-12,18.5100,2015-12-31,2016-03-28,1.000000,0.4100,10.0728,9.0245,11.1211,1.8376,-0.5125,需更乐观假设才支撑,13.3909,1.8376,
000022,2017-01-13,18.0000,2015-12-31,2016-03-28,1.000000,0.4100,10.0728,9.0245,11.1211,1.7870,-0.4986,需更乐观假设才支撑,13.3909,1.7870,
000022,2017-01-16,17.5100,2015-12-31,2016-03-28,1.000000,0.4100,10.0728,9.0245,11.1211,1.7383,-0.4846,需更乐观假设才支撑,13.3909,1.7383,
000022,2017-01-17,17.6800,2015-12-31,2016-03-28,1.000000,0.4100,10.0728,9.0245,11.1211,1.7552,-0.4896,需更乐观假设才支撑,13.3909,1.7552,
000022,2017-01-18,17.6900,2015-12-31,2016-03-28,1.000000,0.4100,10.0728,9.0245,11.1211,1.7562,-0.4899,需更乐观假设才支撑,13.3909,1.7562,
000022,2017-01-19,17.4000,2015-12-31,2016-03-28,1.000000,0.4100,10.0728,9.0245,11.1211,1.7274,-0.4813,需更乐观假设才支撑,13.3909,1.7274,
000022,2017-01-20,17.5400,2015-12-31,2016-03-28,1.000000,0.4100,10.0728,9.0245,11.1211,1.7413,-0.4855,需更乐观假设才支撑,13.3909,1.7413,
000022,2017-01-23,17.8000,2015-12-31,2016-03-28,1.000000,0.4100,10.0728,9.0245,11.1211,1.7671,-0.4930,需更乐观假设才支撑,13.3909,1.7671,
000022,2017-01-24,17.8500,2015-12-31,2016-03-28,1.000000,0.4100,10.0728,9.0245,11.1211,1.7721,-0.4944,需更乐观假设才支撑,13.3909,1.7721,
000022,2017-01-25,17.8100,2015-12-31,2016-03-28,1.000000,0.4100,10.0728,9.0245,11.1211,1.7681,-0.4933,需更乐观假设才支撑,13.3909,1.7681,
000022,2017-01-26,18.0900,2015-12-31,2016-03-28,1.000000,0.4100,10.0728,9.0245,11.1211,1.7959,-0.5011,需更乐观假设才支撑,13.3909,1.7959,
000022,2017-02-03,18.4500,2015-12-31,2016-03-28,1.000000,0.4100,10.0728,9.0245,11.1211,1.8317,-0.5109,需更乐观假设才支撑,13.3909,1.8317,
000022,2017-02-06,18.3800,2015-12-31,2016-03-28,1.000000,0.4100,10.0728,9.0245,11.1211,1.8247,-0.5090,需更乐观假设才支撑,13.3909,1.8247,
000022,2017-02-07,18.3300,2015-12-31,2016-03-28,1.000000,0.4100,10.0728,9.0245,11.1211,1.8197,-0.5077,需更乐观假设才支撑,13.3909,1.8197,
000022,2017-02-08,18.4700,2015-12-31,2016-03-28,1.000000,0.4100,10.0728,9.0245,11.1211,1.8336,-0.5114,需更乐观假设才支撑,13.3909,1.8336,
000022,2017-02-09,18.7000,2015-12-31,2016-03-28,1.000000,0.4100,10.0728,9.0245,11.1211,1.8565,-0.5174,需更乐观假设才支撑,13.3909,1.8565,
000022,2017-02-10,18.8800,2015-12-31,2016-03-28,1.000000,0.4100,10.0728,9.0245,11.1211,1.8744,-0.5220,需更乐观假设才支撑,13.3909,1.8744,
000022,2017-02-13,18.8600,2015-12-31,2016-03-28,1.000000,0.4100,10.0728,9.0245,11.1211,1.8724,-0.5215,需更乐观假设才支撑,13.3909,1.8724,
000022,2017-02-14,18.8900,2015-12-31,2016-03-28,1.000000,0.4100,10.0728,9.0245,11.1211,1.8753,-0.5223,需更乐观假设才支撑,13.3909,1.8753,
000022,2017-02-15,19.0500,2015-12-31,2016-03-28,1.000000,0.4100,10.0728,9.0245,11.1211,1.8912,-0.5263,需更乐观假设才支撑,13.3909,1.8912,
000022,2017-02-16,18.9100,2015-12-31,2016-03-28,1.000000,0.4100,10.0728,9.0245,11.1211,1.8773,-0.5228,需更乐观假设才支撑,13.3909,1.8773,
000022,2017-02-17,19.0600,2015-12-31,2016-03-28,1.000000,0.4100,10.0728,9.0245,11.1211,1.8922,-0.5265,需更乐观假设才支撑,13.3909,1.8922,
000022,2017-02-20,19.5500,2015-12-31,2016-03-28,1.000000,0.4100,10.0728,9.0245,11.1211,1.9409,-0.5384,需更乐观假设才支撑,13.3909,1.9409,
000022,2017-02-21,19.3900,2015-12-31,2016-03-28,1.000000,0.4100,10.0728,9.0245,11.1211,1.9250,-0.5346,需更乐观假设才支撑,13.3909,1.9250,
000022,2017-02-22,19.3500,2015-12-31,2016-03-28,1.000000,0.4100,10.0728,9.0245,11.1211,1.9210,-0.5336,需更乐观假设才支撑,13.3909,1.9210,
000022,2017-02-23,19.1800,2015-12-31,2016-03-28,1.000000,0.4100,10.0728,9.0245,11.1211,1.9041,-0.5295,需更乐观假设才支撑,13.3909,1.9041,
000022,2017-02-24,19.2600,2015-12-31,2016-03-28,1.000000,0.4100,10.0728,9.0245,11.1211,1.9121,-0.5314,需更乐观假设才支撑,13.3909,1.9121,
000022,2017-02-27,18.8200,2015-12-31,2016-03-28,1.000000,0.4100,10.0728,9.0245,11.1211,1.8684,-0.5205,需更乐观假设才支撑,13.3909,1.8684,
000022,2017-02-28,18.8200,2015-12-31,2016-03-28,1.000000,0.4100,10.0728,9.0245,11.1211,1.8684,-0.5205,需更乐观假设才支撑,13.3909,1.8684,
000022,2017-03-01,18.8000,2015-12-31,2016-03-28,1.000000,0.4100,10.0728,9.0245,11.1211,1.8664,-0.5200,需更乐观假设才支撑,13.3909,1.8664,
000022,2017-03-02,18.3900,2015-12-31,2016-03-28,1.000000,0.4100,10.0728,9.0245,11.1211,1.8257,-0.5093,需更乐观假设才支撑,13.3909,1.8257,
000022,2017-03-03,18.4300,2015-12-31,2016-03-28,1.000000,0.4100,10.0728,9.0245,11.1211,1.8297,-0.5103,需更乐观假设才支撑,13.3909,1.8297,
000022,2017-03-06,18.8200,2015-12-31,2016-03-28,1.000000,0.4100,10.0728,9.0245,11.1211,1.8684,-0.5205,需更乐观假设才支撑,13.3909,1.8684,
000022,2017-03-07,20.7000,2015-12-31,2016-03-28,1.000000,0.4100,10.0728,9.0245,11.1211,2.0550,-0.5640,需更乐观假设才支撑,13.3909,2.0550,
000022,2017-03-08,20.1800,2015-12-31,2016-03-28,1.000000,0.4100,10.0728,9.0245,11.1211,2.0034,-0.5528,需更乐观假设才支撑,13.3909,2.0034,
000022,2017-03-09,20.1400,2015-12-31,2016-03-28,1.000000,0.4100,10.0728,9.0245,11.1211,1.9994,-0.5519,需更乐观假设才支撑,13.3909,1.9994,
000022,2017-03-10,19.7100,2015-12-31,2016-03-28,1.000000,0.4100,10.0728,9.0245,11.1211,1.9568,-0.5421,需更乐观假设才支撑,13.3909,1.9568,
000022,2017-03-13,19.7500,2015-12-31,2016-03-28,1.000000,0.4100,10.0728,9.0245,11.1211,1.9607,-0.5431,需更乐观假设才支撑,13.3909,1.9607,
000022,2017-03-14,19.6700,2015-12-31,2016-03-28,1.000000,0.4100,10.0728,9.0245,11.1211,1.9528,-0.5412,需更乐观假设才支撑,13.3909,1.9528,
000022,2017-03-15,19.8800,2015-12-31,2016-03-28,1.000000,0.4100,10.0728,9.0245,11.1211,1.9736,-0.5460,需更乐观假设才支撑,13.3909,1.9736,
000022,2017-03-16,20.2600,2015-12-31,2016-03-28,1.000000,0.4100,10.0728,9.0245,11.1211,2.0114,-0.5546,需更乐观假设才支撑,13.3909,2.0114,
000022,2017-03-17,19.8300,2015-12-31,2016-03-28,1.000000,0.4100,10.0728,9.0245,11.1211,1.9687,-0.5449,需更乐观假设才支撑,13.3909,1.9687,
000022,2017-03-20,19.9600,2015-12-31,2016-03-28,1.000000,0.4100,10.0728,9.0245,11.1211,1.9816,-0.5479,需更乐观假设才支撑,13.3909,1.9816,
000022,2017-03-21,20.4500,2015-12-31,2016-03-28,1.000000,0.4100,10.0728,9.0245,11.1211,2.0302,-0.5587,需更乐观假设才支撑,13.3909,2.0302,
000022,2017-03-22,20.8700,2015-12-31,2016-03-28,1.000000,0.4100,10.0728,9.0245,11.1211,2.0719,-0.5676,需更乐观假设才支撑,13.3909,2.0719,
000022,2017-03-23,20.8800,2015-12-31,2016-03-28,1.000000,0.4100,10.0728,9.0245,11.1211,2.0729,-0.5678,需更乐观假设才支撑,13.3909,2.0729,
000022,2017-03-24,21.8700,2015-12-31,2016-03-28,1.000000,0.4100,10.0728,9.0245,11.1211,2.1712,-0.5874,需更乐观假设才支撑,13.3909,2.1712,
000022,2017-03-27,21.3700,2015-12-31,2016-03-28,1.000000,0.4100,10.0728,9.0245,11.1211,2.1216,-0.5777,需更乐观假设才支撑,13.3909,2.1216,
000022,2017-03-28,20.9900,2015-12-31,2016-03-28,1.000000,0.4100,10.0728,9.0245,11.1211,2.0838,-0.5701,需更乐观假设才支撑,13.3909,2.0838,
000022,2017-03-29,22.3700,2015-12-31,2016-03-28,1.000000,0.4100,10.0728,9.0245,11.1211,2.2208,-0.5966,需更乐观假设才支撑,13.3909,2.2208,
000022,2017-03-30,21.4100,2015-12-31,2016-03-28,1.000000,0.4100,10.0728,9.0245,11.1211,2.1255,-0.5785,需更乐观假设才支撑,13.3909,2.1255,
000022,2017-03-31,21.1000,2015-12-31,2016-03-28,1.000000,0.4100,10.0728,9.0245,11.1211,2.0947,-0.5723,需更乐观假设才支撑,13.3909,2.0947,
000022,2017-04-05,21.6200,2015-12-31,2016-03-28,1.000000,0.4100,10.0728,9.0245,11.1211,2.1464,-0.5826,需更乐观假设才支撑,13.3909,2.1464,
000022,2017-04-06,22.5900,2015-12-31,2016-03-28,1.000000,0.4100,10.0728,9.0245,11.1211,2.2427,-0.6005,需更乐观假设才支撑,13.3909,2.2427,
000022,2017-04-07,21.9800,2015-12-31,2016-03-28,1.000000,0.4100,10.0728,9.0245,11.1211,2.1821,-0.5894,需更乐观假设才支撑,13.3909,2.1821,
000022,2017-04-10,22.2000,2015-12-31,2016-03-28,1.000000,0.4100,10.0728,9.0245,11.1211,2.2040,-0.5935,需更乐观假设才支撑,13.3909,2.2040,
000022,2017-04-11,24.4200,2015-12-31,2016-03-28,1.000000,0.4100,10.0728,9.0245,11.1211,2.4243,-0.6304,需更乐观假设才支撑,13.3909,2.4243,
000022,2017-04-12,26.8600,2015-12-31,2016-03-28,1.000000,0.4100,10.0728,9.0245,11.1211,2.6666,-0.6640,需更乐观假设才支撑,13.3909,2.6666,
000022,2017-04-13,28.1600,2015-12-31,2016-03-28,1.000000,0.4100,10.0728,9.0245,11.1211,2.7956,-0.6795,需更乐观假设才支撑,13.3909,2.7956,
000022,2017-04-14,25.7300,2015-12-31,2016-03-28,1.000000,0.4100,10.0728,9.0245,11.1211,2.5544,-0.6493,需更乐观假设才支撑,13.3909,2.5544,
000022,2017-04-17,24.1600,2015-12-31,2016-03-28,1.000000,0.4100,10.0728,9.0245,11.1211,2.3985,-0.6265,需更乐观假设才支撑,13.3909,2.3985,
000022,2017-04-18,25.0000,2015-12-31,2016-03-28,1.000000,0.4100,10.0728,9.0245,11.1211,2.4819,-0.6390,需更乐观假设才支撑,13.3909,2.4819,
000022,2017-04-19,25.4000,2015-12-31,2016-03-28,1.000000,0.4100,10.0728,9.0245,11.1211,2.5216,-0.6447,需更乐观假设才支撑,13.3909,2.5216,
000022,2017-04-20,25.2500,2015-12-31,2016-03-28,1.000000,0.4100,10.0728,9.0245,11.1211,2.5067,-0.6426,需更乐观假设才支撑,13.3909,2.5067,
000022,2017-04-21,23.7000,2015-12-31,2016-03-28,1.000000,0.4100,10.0728,9.0245,11.1211,2.3529,-0.6192,需更乐观假设才支撑,13.3909,2.3529,
000022,2017-04-24,22.4000,2015-12-31,2016-03-28,1.000000,0.4100,10.0728,9.0245,11.1211,2.2238,-0.5971,需更乐观假设才支撑,13.3909,2.2238,
000022,2017-04-25,22.6100,2015-12-31,2016-03-28,1.000000,0.4100,10.0728,9.0245,11.1211,2.2447,-0.6009,需更乐观假设才支撑,13.3909,2.2447,
000022,2017-04-26,23.2600,2015-12-31,2016-03-28,1.000000,0.4100,10.0728,9.0245,11.1211,2.3092,-0.6120,需更乐观假设才支撑,13.3909,2.3092,
000022,2017-04-27,24.1400,2015-12-31,2016-03-28,1.000000,0.4100,10.0728,9.0245,11.1211,2.3965,-0.6262,需更乐观假设才支撑,13.3909,2.3965,
000022,2017-04-28,24.6600,2015-12-31,2016-03-28,1.000000,0.4100,10.0728,9.0245,11.1211,2.4482,-0.6340,需更乐观假设才支撑,13.3909,2.4482,
000022,2017-05-02,24.6900,2015-12-31,2016-03-28,1.000000,0.4100,10.0728,9.0245,11.1211,2.4512,-0.6345,需更乐观假设才支撑,13.3909,2.4512,
000022,2017-05-03,25.1200,2015-12-31,2016-03-28,1.000000,0.4100,10.0728,9.0245,11.1211,2.4938,-0.6407,需更乐观假设才支撑,13.3909,2.4938,
000022,2017-05-04,24.2100,2015-12-31,2016-03-28,1.000000,0.4100,10.0728,9.0245,11.1211,2.4035,-0.6272,需更乐观假设才支撑,13.3909,2.4035,
000022,2017-05-05,24.0500,2015-12-31,2016-03-28,1.000000,0.4100,10.0728,9.0245,11.1211,2.3876,-0.6248,需更乐观假设才支撑,13.3909,2.3876,
000022,2017-05-08,22.1300,2015-12-31,2016-03-28,1.000000,0.4100,10.0728,9.0245,11.1211,2.1970,-0.5922,需更乐观假设才支撑,13.3909,2.1970,
000022,2017-05-09,23.1000,2015-12-31,2016-03-28,1.000000,0.4100,10.0728,9.0245,11.1211,2.2933,-0.6093,需更乐观假设才支撑,13.3909,2.2933,
000022,2017-05-10,22.5700,2015-12-31,2016-03-28,1.000000,0.4100,10.0728,9.0245,11.1211,2.2407,-0.6002,需更乐观假设才支撑,13.3909,2.2407,
000022,2017-05-11,23.3800,2015-12-31,2016-03-28,1.000000,0.4100,10.0728,9.0245,11.1211,2.3211,-0.6140,需更乐观假设才支撑,13.3909,2.3211,
000022,2017-05-12,24.8000,2015-12-31,2016-03-28,1.000000,0.4100,10.0728,9.0245,11.1211,2.4621,-0.6361,需更乐观假设才支撑,13.3909,2.4621,
000022,2017-05-15,24.3600,2015-12-31,2016-03-28,1.000000,0.4100,10.0728,9.0245,11.1211,2.4184,-0.6295,需更乐观假设才支撑,13.3909,2.4184,
000022,2017-05-16,25.3600,2015-12-31,2016-03-28,1.000000,0.4100,10.0728,9.0245,11.1211,2.5177,-0.6441,需更乐观假设才支撑,13.3909,2.5177,
000022,2017-05-17,25.6800,2015-12-31,2016-03-28,1.000000,0.4100,10.0728,9.0245,11.1211,2.5494,-0.6486,需更乐观假设才支撑,13.3909,2.5494,
000022,2017-05-18,25.1800,2015-12-31,2016-03-28,1.000000,0.4100,10.0728,9.0245,11.1211,2.4998,-0.6416,需更乐观假设才支撑,13.3909,2.4998,
000022,2017-05-19,24.7100,2015-12-31,2016-03-28,1.000000,0.4100,10.0728,9.0245,11.1211,2.4531,-0.6348,需更乐观假设才支撑,13.3909,2.4531,
000022,2017-05-22,23.4900,2015-12-31,2016-03-28,1.000000,0.4100,10.0728,9.0245,11.1211,2.3320,-0.6158,需更乐观假设才支撑,13.3909,2.3320,
000022,2017-05-23,22.9500,2015-12-31,2016-03-28,1.000000,0.4100,10.0728,9.0245,11.1211,2.2784,-0.6068,需更乐观假设才支撑,13.3909,2.2784,
000022,2017-05-24,23.9600,2015-12-31,2016-03-28,1.000000,0.4100,10.0728,9.0245,11.1211,2.3787,-0.6233,需更乐观假设才支撑,13.3909,2.3787,
000022,2017-05-25,24.5500,2015-12-31,2016-03-28,1.000000,0.4100,10.0728,9.0245,11.1211,2.4373,-0.6324,需更乐观假设才支撑,13.3909,2.4373,
000022,2017-05-26,24.2400,2015-12-31,2016-03-28,1.000000,0.4100,10.0728,9.0245,11.1211,2.4065,-0.6277,需更乐观假设才支撑,13.3909,2.4065,
000022,2017-05-31,24.8300,2015-12-31,2016-03-28,1.000000,0.4100,10.0728,9.0245,11.1211,2.4650,-0.6365,需更乐观假设才支撑,13.3909,2.4650,
000022,2017-06-01,23.4000,2015-12-31,2016-03-28,1.000000,0.4100,10.0728,9.0245,11.1211,2.3231,-0.6143,需更乐观假设才支撑,13.3909,2.3231,
000022,2017-06-02,24.0100,2015-12-31,2016-03-28,1.000000,0.4100,10.0728,9.0245,11.1211,2.3836,-0.6241,需更乐观假设才支撑,13.3909,2.3836,
000022,2017-06-05,24.3800,2015-12-31,2016-03-28,1.000000,0.4100,10.0728,9.0245,11.1211,2.4204,-0.6298,需更乐观假设才支撑,13.3909,2.4204,
000022,2017-06-06,26.2200,2015-12-31,2016-03-28,1.000000,0.4100,10.0728,9.0245,11.1211,2.6030,-0.6558,需更乐观假设才支撑,13.3909,2.6030,
000022,2017-06-07,27.0400,2015-12-31,2016-03-28,1.000000,0.4100,10.0728,9.0245,11.1211,2.6845,-0.6663,需更乐观假设才支撑,13.3909,2.6845,
000022,2017-06-08,27.5500,2015-12-31,2016-03-28,1.000000,0.4100,10.0728,9.0245,11.1211,2.7351,-0.6724,需更乐观假设才支撑,13.3909,2.7351,
000022,2017-06-09,27.0300,2015-12-31,2016-03-28,1.000000,0.4100,10.0728,9.0245,11.1211,2.6835,-0.6661,需更乐观假设才支撑,13.3909,2.6835,
000022,2017-06-12,26.8500,2015-12-31,2016-03-28,1.000000,0.4100,10.0728,9.0245,11.1211,2.6656,-0.6639,需更乐观假设才支撑,13.3909,2.6656,
000022,2017-06-13,27.7200,2015-12-31,2016-03-28,1.000000,0.4100,10.0728,9.0245,11.1211,2.7520,-0.6744,需更乐观假设才支撑,13.3909,2.7520,
000022,2017-06-14,27.4700,2015-12-31,2016-03-28,1.000000,0.4100,10.0728,9.0245,11.1211,2.7271,-0.6715,需更乐观假设才支撑,13.3909,2.7271,
000022,2017-06-15,27.3100,2015-12-31,2016-03-28,1.000000,0.4100,10.0728,9.0245,11.1211,2.7113,-0.6696,需更乐观假设才支撑,13.3909,2.7113,
000022,2017-06-16,28.5000,2015-12-31,2016-03-28,1.000000,0.4100,10.0728,9.0245,11.1211,2.8294,-0.6833,需更乐观假设才支撑,13.3909,2.8294,
000022,2017-06-19,29.4500,2015-12-31,2016-03-28,1.000000,0.4100,10.0728,9.0245,11.1211,2.9237,-0.6936,需更乐观假设才支撑,13.3909,2.9237,
000022,2017-06-20,32.4000,2015-12-31,2016-03-28,1.000000,0.4100,10.0728,9.0245,11.1211,3.2166,-0.7215,需更乐观假设才支撑,13.3909,3.2166,
000022,2017-06-21,31.5900,2015-12-31,2016-03-28,1.000000,0.4100,10.0728,9.0245,11.1211,3.1362,-0.7143,需更乐观假设才支撑,13.3909,3.1362,
000022,2017-06-22,31.6500,2015-12-31,2016-03-28,1.000000,0.4100,10.0728,9.0245,11.1211,3.1421,-0.7149,需更乐观假设才支撑,13.3909,3.1421,
000022,2017-06-23,31.5900,2015-12-31,2016-03-28,1.000000,0.4100,10.0728,9.0245,11.1211,3.1362,-0.7143,需更乐观假设才支撑,13.3909,3.1362,
000022,2017-06-26,32.0800,2015-12-31,2016-03-28,1.000000,0.4100,10.0728,9.0245,11.1211,3.1848,-0.7187,需更乐观假设才支撑,13.3909,3.1848,
000022,2017-06-27,31.8500,2015-12-31,2016-03-28,1.000000,0.4100,10.0728,9.0245,11.1211,3.1620,-0.7167,需更乐观假设才支撑,13.3909,3.1620,
000022,2017-06-28,30.9900,2015-12-31,2016-03-28,1.000000,0.4100,10.0728,9.0245,11.1211,3.0766,-0.7088,需更乐观假设才支撑,13.3909,3.0766,
000022,2017-06-29,29.9300,2015-12-31,2016-03-28,1.000000,0.4100,10.0728,9.0245,11.1211,2.9714,-0.6985,需更乐观假设才支撑,13.3909,2.9714,
000022,2017-06-30,29.7500,2015-12-31,2016-03-28,1.000000,0.4100,10.0728,9.0245,11.1211,2.9535,-0.6967,需更乐观假设才支撑,13.3909,2.9535,
000022,2017-07-03,29.7000,2015-12-31,2016-03-28,1.000000,0.4100,10.0728,9.0245,11.1211,2.9485,-0.6961,需更乐观假设才支撑,13.3909,2.9485,
000022,2017-07-04,28.4400,2015-12-31,2016-03-28,1.000000,0.4100,10.0728,9.0245,11.1211,2.8234,-0.6827,需更乐观假设才支撑,13.3909,2.8234,
000022,2017-07-05,28.9900,2015-12-31,2016-03-28,1.000000,0.4100,10.0728,9.0245,11.1211,2.8780,-0.6887,需更乐观假设才支撑,13.3909,2.8780,
000022,2017-07-06,28.6000,2015-12-31,2016-03-28,1.000000,0.4100,10.0728,9.0245,11.1211,2.8393,-0.6845,需更乐观假设才支撑,13.3909,2.8393,
000022,2017-07-07,28.1300,2015-12-31,2016-03-28,1.000000,0.4100,10.0728,9.0245,11.1211,2.7927,-0.6792,需更乐观假设才支撑,13.3909,2.7927,
000022,2017-07-10,27.5300,2015-12-31,2016-03-28,1.000000,0.4100,10.0728,9.0245,11.1211,2.7331,-0.6722,需更乐观假设才支撑,13.3909,2.7331,
000022,2017-07-11,29.4000,2015-12-31,2016-03-28,1.000000,0.4100,10.0728,9.0245,11.1211,2.9187,-0.6930,需更乐观假设才支撑,13.3909,2.9187,
000022,2017-07-12,29.7600,2015-12-31,2016-03-28,1.000000,0.4100,10.0728,9.0245,11.1211,2.9545,-0.6968,需更乐观假设才支撑,13.3909,2.9545,
000022,2017-07-13,29.6200,2015-12-31,2016-03-28,1.000000,0.4100,10.0728,9.0245,11.1211,2.9406,-0.6953,需更乐观假设才支撑,13.3909,2.9406,
000022,2017-07-14,30.1000,2015-12-31,2016-03-28,1.000000,0.4100,10.0728,9.0245,11.1211,2.9882,-0.7002,需更乐观假设才支撑,13.3909,2.9882,
000022,2017-07-17,27.9900,2015-12-31,2016-03-28,1.000000,0.4100,10.0728,9.0245,11.1211,2.7788,-0.6776,需更乐观假设才支撑,13.3909,2.7788,
000022,2017-07-18,28.1200,2015-12-31,2016-03-28,1.000000,0.4100,10.0728,9.0245,11.1211,2.7917,-0.6791,需更乐观假设才支撑,13.3909,2.7917,
000022,2017-07-19,28.6000,2015-12-31,2016-03-28,1.000000,0.4100,10.0728,9.0245,11.1211,2.8393,-0.6845,需更乐观假设才支撑,13.3909,2.8393,
000022,2017-07-20,28.3400,2015-12-31,2016-03-28,1.000000,0.4100,10.0728,9.0245,11.1211,2.8135,-0.6816,需更乐观假设才支撑,13.3909,2.8135,
000022,2017-07-21,27.7000,2015-12-31,2016-03-28,1.000000,0.4100,10.0728,9.0245,11.1211,2.7500,-0.6742,需更乐观假设才支撑,13.3909,2.7500,
000022,2017-07-24,28.1900,2015-12-31,2016-03-28,1.000000,0.4100,10.0728,9.0245,11.1211,2.7986,-0.6799,需更乐观假设才支撑,13.3909,2.7986,
000022,2017-07-25,27.8400,2015-12-31,2016-03-28,1.000000,0.4100,10.0728,9.0245,11.1211,2.7639,-0.6758,需更乐观假设才支撑,13.3909,2.7639,
000022,2017-07-26,27.5700,2015-12-31,2016-03-28,1.000000,0.4100,10.0728,9.0245,11.1211,2.7371,-0.6727,需更乐观假设才支撑,13.3909,2.7371,
000022,2017-07-27,27.4900,2015-12-31,2016-03-28,1.000000,0.4100,10.0728,9.0245,11.1211,2.7291,-0.6717,需更乐观假设才支撑,13.3909,2.7291,
000022,2017-07-28,28.1400,2015-12-31,2016-03-28,1.000000,0.4100,10.0728,9.0245,11.1211,2.7937,-0.6793,需更乐观假设才支撑,13.3909,2.7937,
000022,2017-07-31,27.9900,2015-12-31,2016-03-28,1.000000,0.4100,10.0728,9.0245,11.1211,2.7788,-0.6776,需更乐观假设才支撑,13.3909,2.7788,
000022,2017-08-01,27.8600,2015-12-31,2016-03-28,1.000000,0.9060,9.5768,8.5285,10.6251,2.9091,-0.6939,需更乐观假设才支撑,13.3909,2.9091,
000022,2017-08-02,27.9000,2015-12-31,2016-03-28,1.000000,0.9060,9.5768,8.5285,10.6251,2.9133,-0.6943,需更乐观假设才支撑,13.3909,2.9133,
000022,2017-08-03,29.9000,2015-12-31,2016-03-28,1.000000,0.9060,9.5768,8.5285,10.6251,3.1221,-0.7148,需更乐观假设才支撑,13.3909,3.1221,
000022,2017-08-04,29.2600,2015-12-31,2016-03-28,1.000000,0.9060,9.5768,8.5285,10.6251,3.0553,-0.7085,需更乐观假设才支撑,13.3909,3.0553,
000022,2017-08-07,29.1400,2015-12-31,2016-03-28,1.000000,0.9060,9.5768,8.5285,10.6251,3.0428,-0.7073,需更乐观假设才支撑,13.3909,3.0428,
000022,2017-08-08,28.7800,2015-12-31,2016-03-28,1.000000,0.9060,9.5768,8.5285,10.6251,3.0052,-0.7037,需更乐观假设才支撑,13.3909,3.0052,
000022,2017-08-09,28.9200,2015-12-31,2016-03-28,1.000000,0.9060,9.5768,8.5285,10.6251,3.0198,-0.7051,需更乐观假设才支撑,13.3909,3.0198,
000022,2017-08-10,28.5000,2015-12-31,2016-03-28,1.000000,0.9060,9.5768,8.5285,10.6251,2.9759,-0.7008,需更乐观假设才支撑,13.3909,2.9759,
000022,2017-08-11,26.5800,2015-12-31,2016-03-28,1.000000,0.9060,9.5768,8.5285,10.6251,2.7755,-0.6791,需更乐观假设才支撑,13.3909,2.7755,
000022,2017-08-14,26.8800,2015-12-31,2016-03-28,1.000000,0.9060,9.5768,8.5285,10.6251,2.8068,-0.6827,需更乐观假设才支撑,13.3909,2.8068,
000022,2017-08-15,27.0800,2015-12-31,2016-03-28,1.000000,0.9060,9.5768,8.5285,10.6251,2.8277,-0.6851,需更乐观假设才支撑,13.3909,2.8277,
000022,2017-08-16,26.6700,2015-12-31,2016-03-28,1.000000,0.9060,9.5768,8.5285,10.6251,2.7848,-0.6802,需更乐观假设才支撑,13.3909,2.7848,
000022,2017-08-17,26.7500,2015-12-31,2016-03-28,1.000000,0.9060,9.5768,8.5285,10.6251,2.7932,-0.6812,需更乐观假设才支撑,13.3909,2.7932,
000022,2017-08-18,27.4500,2015-12-31,2016-03-28,1.000000,0.9060,9.5768,8.5285,10.6251,2.8663,-0.6893,需更乐观假设才支撑,13.3909,2.8663,
000022,2017-08-21,27.3600,2015-12-31,2016-03-28,1.000000,0.9060,9.5768,8.5285,10.6251,2.8569,-0.6883,需更乐观假设才支撑,13.3909,2.8569,
000022,2017-08-22,27.2200,2015-12-31,2016-03-28,1.000000,0.9060,9.5768,8.5285,10.6251,2.8423,-0.6867,需更乐观假设才支撑,13.3909,2.8423,
000022,2017-08-23,27.2800,2015-12-31,2016-03-28,1.000000,0.9060,9.5768,8.5285,10.6251,2.8485,-0.6874,需更乐观假设才支撑,13.3909,2.8485,
000022,2017-08-24,27.1000,2015-12-31,2016-03-28,1.000000,0.9060,9.5768,8.5285,10.6251,2.8297,-0.6853,需更乐观假设才支撑,13.3909,2.8297,
000022,2017-08-25,26.4400,2015-12-31,2016-03-28,1.000000,0.9060,9.5768,8.5285,10.6251,2.7608,-0.6774,需更乐观假设才支撑,13.3909,2.7608,
000022,2017-08-28,26.6300,2015-12-31,2016-03-28,1.000000,0.9060,9.5768,8.5285,10.6251,2.7807,-0.6797,需更乐观假设才支撑,13.3909,2.7807,
000022,2017-08-29,27.3500,2015-12-31,2016-03-28,1.000000,0.9060,9.5768,8.5285,10.6251,2.8559,-0.6882,需更乐观假设才支撑,13.3909,2.8559,
000022,2017-08-30,27.9500,2015-12-31,2016-03-28,1.000000,0.9060,9.5768,8.5285,10.6251,2.9185,-0.6949,需更乐观假设才支撑,13.3909,2.9185,
000022,2017-08-31,27.8500,2015-12-31,2016-03-28,1.000000,0.9060,9.5768,8.5285,10.6251,2.9081,-0.6938,需更乐观假设才支撑,13.3909,2.9081,
000022,2017-09-01,27.7200,2015-12-31,2016-03-28,1.000000,0.9060,9.5768,8.5285,10.6251,2.8945,-0.6923,需更乐观假设才支撑,13.3909,2.8945,
000022,2017-09-04,27.4500,2015-12-31,2016-03-28,1.000000,0.9060,9.5768,8.5285,10.6251,2.8663,-0.6893,需更乐观假设才支撑,13.3909,2.8663,
000022,2017-09-05,27.4500,2015-12-31,2016-03-28,1.000000,0.9060,9.5768,8.5285,10.6251,2.8663,-0.6893,需更乐观假设才支撑,13.3909,2.8663,
000022,2017-09-06,27.0700,2015-12-31,2016-03-28,1.000000,0.9060,9.5768,8.5285,10.6251,2.8266,-0.6849,需更乐观假设才支撑,13.3909,2.8266,
000022,2017-09-07,26.8700,2015-12-31,2016-03-28,1.000000,0.9060,9.5768,8.5285,10.6251,2.8057,-0.6826,需更乐观假设才支撑,13.3909,2.8057,
000022,2017-09-08,27.1900,2015-12-31,2016-03-28,1.000000,0.9060,9.5768,8.5285,10.6251,2.8391,-0.6863,需更乐观假设才支撑,13.3909,2.8391,
000022,2017-09-11,27.1900,2015-12-31,2016-03-28,1.000000,0.9060,9.5768,8.5285,10.6251,2.8391,-0.6863,需更乐观假设才支撑,13.3909,2.8391,
000022,2017-09-12,27.2200,2015-12-31,2016-03-28,1.000000,0.9060,9.5768,8.5285,10.6251,2.8423,-0.6867,需更乐观假设才支撑,13.3909,2.8423,
000022,2017-09-13,26.9100,2015-12-31,2016-03-28,1.000000,0.9060,9.5768,8.5285,10.6251,2.8099,-0.6831,需更乐观假设才支撑,13.3909,2.8099,
000022,2017-09-14,27.0800,2015-12-31,2016-03-28,1.000000,0.9060,9.5768,8.5285,10.6251,2.8277,-0.6851,需更乐观假设才支撑,13.3909,2.8277,
000022,2017-09-15,26.7700,2015-12-31,2016-03-28,1.000000,0.9060,9.5768,8.5285,10.6251,2.7953,-0.6814,需更乐观假设才支撑,13.3909,2.7953,
000022,2017-09-18,26.7800,2015-12-31,2016-03-28,1.000000,0.9060,9.5768,8.5285,10.6251,2.7963,-0.6815,需更乐观假设才支撑,13.3909,2.7963,
000022,2017-09-19,26.4300,2015-12-31,2016-03-28,1.000000,0.9060,9.5768,8.5285,10.6251,2.7598,-0.6773,需更乐观假设才支撑,13.3909,2.7598,
000022,2017-09-20,26.4700,2015-12-31,2016-03-28,1.000000,0.9060,9.5768,8.5285,10.6251,2.7640,-0.6778,需更乐观假设才支撑,13.3909,2.7640,
000022,2017-09-21,26.1600,2015-12-31,2016-03-28,1.000000,0.9060,9.5768,8.5285,10.6251,2.7316,-0.6740,需更乐观假设才支撑,13.3909,2.7316,
000022,2017-09-22,26.0600,2015-12-31,2016-03-28,1.000000,0.9060,9.5768,8.5285,10.6251,2.7212,-0.6727,需更乐观假设才支撑,13.3909,2.7212,
000022,2017-09-25,25.3000,2015-12-31,2016-03-28,1.000000,0.9060,9.5768,8.5285,10.6251,2.6418,-0.6629,需更乐观假设才支撑,13.3909,2.6418,
000022,2017-09-26,25.4800,2015-12-31,2016-03-28,1.000000,0.9060,9.5768,8.5285,10.6251,2.6606,-0.6653,需更乐观假设才支撑,13.3909,2.6606,
000022,2017-09-27,25.4500,2015-12-31,2016-03-28,1.000000,0.9060,9.5768,8.5285,10.6251,2.6575,-0.6649,需更乐观假设才支撑,13.3909,2.6575,
000022,2017-09-28,24.9600,2015-12-31,2016-03-28,1.000000,0.9060,9.5768,8.5285,10.6251,2.6063,-0.6583,需更乐观假设才支撑,13.3909,2.6063,
000022,2017-09-29,25.4100,2015-12-31,2016-03-28,1.000000,0.9060,9.5768,8.5285,10.6251,2.6533,-0.6644,需更乐观假设才支撑,13.3909,2.6533,
000022,2017-10-09,25.9000,2015-12-31,2016-03-28,1.000000,0.9060,9.5768,8.5285,10.6251,2.7044,-0.6707,需更乐观假设才支撑,13.3909,2.7044,
000022,2017-10-10,25.9200,2015-12-31,2016-03-28,1.000000,0.9060,9.5768,8.5285,10.6251,2.7065,-0.6710,需更乐观假设才支撑,13.3909,2.7065,
000022,2017-10-11,26.7300,2015-12-31,2016-03-28,1.000000,0.9060,9.5768,8.5285,10.6251,2.7911,-0.6809,需更乐观假设才支撑,13.3909,2.7911,
000022,2017-10-12,26.6600,2015-12-31,2016-03-28,1.000000,0.9060,9.5768,8.5285,10.6251,2.7838,-0.6801,需更乐观假设才支撑,13.3909,2.7838,
000022,2017-10-13,26.7100,2015-12-31,2016-03-28,1.000000,0.9060,9.5768,8.5285,10.6251,2.7890,-0.6807,需更乐观假设才支撑,13.3909,2.7890,
000022,2017-10-16,26.4900,2015-12-31,2016-03-28,1.000000,0.9060,9.5768,8.5285,10.6251,2.7661,-0.6780,需更乐观假设才支撑,13.3909,2.7661,
000022,2017-10-17,26.4000,2015-12-31,2016-03-28,1.000000,0.9060,9.5768,8.5285,10.6251,2.7567,-0.6769,需更乐观假设才支撑,13.3909,2.7567,
000022,2017-10-18,25.6400,2015-12-31,2016-03-28,1.000000,0.9060,9.5768,8.5285,10.6251,2.6773,-0.6674,需更乐观假设才支撑,13.3909,2.6773,
000022,2017-10-19,24.7600,2015-12-31,2016-03-28,1.000000,0.9060,9.5768,8.5285,10.6251,2.5854,-0.6556,需更乐观假设才支撑,13.3909,2.5854,
000022,2017-10-20,26.1300,2015-12-31,2016-03-28,1.000000,0.9060,9.5768,8.5285,10.6251,2.7285,-0.6736,需更乐观假设才支撑,13.3909,2.7285,
000022,2017-10-23,26.2400,2015-12-31,2016-03-28,1.000000,0.9060,9.5768,8.5285,10.6251,2.7399,-0.6750,需更乐观假设才支撑,13.3909,2.7399,
000022,2017-10-24,26.5000,2015-12-31,2016-03-28,1.000000,0.9060,9.5768,8.5285,10.6251,2.7671,-0.6782,需更乐观假设才支撑,13.3909,2.7671,
000022,2017-10-25,26.1200,2015-12-31,2016-03-28,1.000000,0.9060,9.5768,8.5285,10.6251,2.7274,-0.6735,需更乐观假设才支撑,13.3909,2.7274,
000022,2017-10-26,26.1200,2015-12-31,2016-03-28,1.000000,0.9060,9.5768,8.5285,10.6251,2.7274,-0.6735,需更乐观假设才支撑,13.3909,2.7274,
000022,2017-10-27,26.2400,2015-12-31,2016-03-28,1.000000,0.9060,9.5768,8.5285,10.6251,2.7399,-0.6750,需更乐观假设才支撑,13.3909,2.7399,
000022,2017-10-30,25.1700,2015-12-31,2016-03-28,1.000000,0.9060,9.5768,8.5285,10.6251,2.6282,-0.6612,需更乐观假设才支撑,13.3909,2.6282,
000022,2017-10-31,25.3800,2015-12-31,2016-03-28,1.000000,0.9060,9.5768,8.5285,10.6251,2.6501,-0.6640,需更乐观假设才支撑,13.3909,2.6501,
000022,2017-11-01,25.0200,2015-12-31,2016-03-28,1.000000,0.9060,9.5768,8.5285,10.6251,2.6126,-0.6591,需更乐观假设才支撑,13.3909,2.6126,
000022,2017-11-02,24.4400,2015-12-31,2016-03-28,1.000000,0.9060,9.5768,8.5285,10.6251,2.5520,-0.6510,需更乐观假设才支撑,13.3909,2.5520,
000022,2017-11-03,24.4100,2015-12-31,2016-03-28,1.000000,0.9060,9.5768,8.5285,10.6251,2.5489,-0.6506,需更乐观假设才支撑,13.3909,2.5489,
000022,2017-11-06,24.1000,2015-12-31,2016-03-28,1.000000,0.9060,9.5768,8.5285,10.6251,2.5165,-0.6461,需更乐观假设才支撑,13.3909,2.5165,
000022,2017-11-07,25.3200,2015-12-31,2016-03-28,1.000000,0.9060,9.5768,8.5285,10.6251,2.6439,-0.6632,需更乐观假设才支撑,13.3909,2.6439,
000022,2017-11-08,24.8800,2015-12-31,2016-03-28,1.000000,0.9060,9.5768,8.5285,10.6251,2.5979,-0.6572,需更乐观假设才支撑,13.3909,2.5979,
000022,2017-11-09,24.6100,2015-12-31,2016-03-28,1.000000,0.9060,9.5768,8.5285,10.6251,2.5697,-0.6535,需更乐观假设才支撑,13.3909,2.5697,
000022,2017-11-10,24.9700,2015-12-31,2016-03-28,1.000000,0.9060,9.5768,8.5285,10.6251,2.6073,-0.6584,需更乐观假设才支撑,13.3909,2.6073,
000022,2017-11-13,24.7600,2015-12-31,2016-03-28,1.000000,0.9060,9.5768,8.5285,10.6251,2.5854,-0.6556,需更乐观假设才支撑,13.3909,2.5854,
000022,2017-11-14,24.5400,2015-12-31,2016-03-28,1.000000,0.9060,9.5768,8.5285,10.6251,2.5624,-0.6525,需更乐观假设才支撑,13.3909,2.5624,
000022,2017-11-15,24.3000,2015-12-31,2016-03-28,1.000000,0.9060,9.5768,8.5285,10.6251,2.5374,-0.6490,需更乐观假设才支撑,13.3909,2.5374,
000022,2017-11-16,24.1400,2015-12-31,2016-03-28,1.000000,0.9060,9.5768,8.5285,10.6251,2.5207,-0.6467,需更乐观假设才支撑,13.3909,2.5207,
000022,2017-11-17,24.1400,2015-12-31,2016-03-28,1.000000,0.9060,9.5768,8.5285,10.6251,2.5207,-0.6467,需更乐观假设才支撑,13.3909,2.5207,
000022,2018-07-10,21.3300,2015-12-31,2016-03-28,1.000000,2.2250,8.2578,7.2095,9.3061,2.5830,-0.6620,需更乐观假设才支撑,13.3909,2.5830,
000022,2018-07-11,19.3200,2015-12-31,2016-03-28,1.000000,2.2250,8.2578,7.2095,9.3061,2.3396,-0.6268,需更乐观假设才支撑,13.3909,2.3396,
000022,2018-07-12,19.3100,2015-12-31,2016-03-28,1.000000,2.2250,8.2578,7.2095,9.3061,2.3384,-0.6266,需更乐观假设才支撑,13.3909,2.3384,
000022,2018-07-13,19.0000,2015-12-31,2016-03-28,1.000000,2.2250,8.2578,7.2095,9.3061,2.3008,-0.6206,需更乐观假设才支撑,13.3909,2.3008,
000022,2018-07-16,19.2800,2015-12-31,2016-03-28,1.000000,2.2250,8.2578,7.2095,9.3061,2.3348,-0.6261,需更乐观假设才支撑,13.3909,2.3348,
000022,2018-07-17,19.1000,2015-12-31,2016-03-28,1.000000,2.2250,8.2578,7.2095,9.3061,2.3130,-0.6225,需更乐观假设才支撑,13.3909,2.3130,
000022,2018-07-18,18.6600,2015-12-31,2016-03-28,1.000000,2.2250,8.2578,7.2095,9.3061,2.2597,-0.6136,需更乐观假设才支撑,13.3909,2.2597,
000022,2018-07-19,17.3900,2015-12-31,2016-03-28,1.000000,2.2250,8.2578,7.2095,9.3061,2.1059,-0.5854,需更乐观假设才支撑,13.3909,2.1059,
000022,2018-07-20,17.3200,2015-12-31,2016-03-28,1.000000,2.2250,8.2578,7.2095,9.3061,2.0974,-0.5837,需更乐观假设才支撑,13.3909,2.0974,
000022,2018-07-23,17.6000,2015-12-31,2016-03-28,1.000000,2.2250,8.2578,7.2095,9.3061,2.1313,-0.5904,需更乐观假设才支撑,13.3909,2.1313,
000022,2018-07-24,18.5700,2015-12-31,2016-03-28,1.000000,2.2250,8.2578,7.2095,9.3061,2.2488,-0.6118,需更乐观假设才支撑,13.3909,2.2488,
000022,2018-07-25,18.4700,2015-12-31,2016-03-28,1.000000,2.2250,8.2578,7.2095,9.3061,2.2367,-0.6097,需更乐观假设才支撑,13.3909,2.2367,
000022,2018-07-26,18.6200,2015-12-31,2016-03-28,1.000000,2.2250,8.2578,7.2095,9.3061,2.2548,-0.6128,需更乐观假设才支撑,13.3909,2.2548,
000022,2018-07-27,18.7300,2015-12-31,2016-03-28,1.000000,2.2250,8.2578,7.2095,9.3061,2.2682,-0.6151,需更乐观假设才支撑,13.3909,2.2682,
000022,2018-07-30,17.9300,2015-12-31,2016-03-28,1.000000,2.2250,8.2578,7.2095,9.3061,2.1713,-0.5979,需更乐观假设才支撑,13.3909,2.1713,
000022,2018-07-31,18.7800,2015-12-31,2016-03-28,1.000000,2.2250,8.2578,7.2095,9.3061,2.2742,-0.6161,需更乐观假设才支撑,13.3909,2.2742,
000022,2018-08-01,18.7500,2015-12-31,2016-03-28,1.000000,2.2250,8.2578,7.2095,9.3061,2.2706,-0.6155,需更乐观假设才支撑,13.3909,2.2706,
000022,2018-08-02,17.7200,2015-12-31,2016-03-28,1.000000,2.2250,8.2578,7.2095,9.3061,2.1458,-0.5931,需更乐观假设才支撑,13.3909,2.1458,
000022,2018-08-03,17.7400,2015-12-31,2016-03-28,1.000000,2.2250,8.2578,7.2095,9.3061,2.1483,-0.5936,需更乐观假设才支撑,13.3909,2.1483,
000022,2018-08-06,17.5000,2015-12-31,2016-03-28,1.000000,2.2250,8.2578,7.2095,9.3061,2.1192,-0.5880,需更乐观假设才支撑,13.3909,2.1192,
000022,2018-08-07,18.1400,2015-12-31,2016-03-28,1.000000,2.2250,8.2578,7.2095,9.3061,2.1967,-0.6026,需更乐观假设才支撑,13.3909,2.1967,
000022,2018-08-08,18.3000,2015-12-31,2016-03-28,1.000000,2.2250,8.2578,7.2095,9.3061,2.2161,-0.6060,需更乐观假设才支撑,13.3909,2.2161,
000022,2018-08-09,18.7200,2015-12-31,2016-03-28,1.000000,2.2250,8.2578,7.2095,9.3061,2.2669,-0.6149,需更乐观假设才支撑,13.3909,2.2669,
000022,2018-08-10,19.5000,2015-12-31,2016-03-28,1.000000,2.2250,8.2578,7.2095,9.3061,2.3614,-0.6303,需更乐观假设才支撑,13.3909,2.3614,
000022,2018-08-13,20.2400,2015-12-31,2016-03-28,1.000000,2.2250,8.2578,7.2095,9.3061,2.4510,-0.6438,需更乐观假设才支撑,13.3909,2.4510,
000022,2018-08-14,21.7300,2015-12-31,2016-03-28,1.000000,2.2250,8.2578,7.2095,9.3061,2.6314,-0.6682,需更乐观假设才支撑,13.3909,2.6314,
000022,2018-08-15,20.4800,2015-12-31,2016-03-28,1.000000,2.2250,8.2578,7.2095,9.3061,2.4801,-0.6480,需更乐观假设才支撑,13.3909,2.4801,
000022,2018-08-16,19.4800,2015-12-31,2016-03-28,1.000000,2.2250,8.2578,7.2095,9.3061,2.3590,-0.6299,需更乐观假设才支撑,13.3909,2.3590,
000022,2018-08-17,18.9000,2015-12-31,2016-03-28,1.000000,2.2250,8.2578,7.2095,9.3061,2.2887,-0.6185,需更乐观假设才支撑,13.3909,2.2887,
000022,2018-08-20,18.7200,2015-12-31,2016-03-28,1.000000,2.2250,8.2578,7.2095,9.3061,2.2669,-0.6149,需更乐观假设才支撑,13.3909,2.2669,
000022,2018-08-21,18.9500,2015-12-31,2016-03-28,1.000000,2.2250,8.2578,7.2095,9.3061,2.2948,-0.6195,需更乐观假设才支撑,13.3909,2.2948,
000022,2018-08-22,18.6800,2015-12-31,2016-03-28,1.000000,2.2250,8.2578,7.2095,9.3061,2.2621,-0.6141,需更乐观假设才支撑,13.3909,2.2621,
000022,2018-08-23,18.7300,2015-12-31,2016-03-28,1.000000,2.2250,8.2578,7.2095,9.3061,2.2682,-0.6151,需更乐观假设才支撑,13.3909,2.2682,
000022,2018-08-24,18.8000,2015-12-31,2016-03-28,1.000000,2.2250,8.2578,7.2095,9.3061,2.2766,-0.6165,需更乐观假设才支撑,13.3909,2.2766,
000022,2018-08-27,19.2300,2015-12-31,2016-03-28,1.000000,2.2250,8.2578,7.2095,9.3061,2.3287,-0.6251,需更乐观假设才支撑,13.3909,2.3287,
000022,2018-08-28,19.3800,2015-12-31,2016-03-28,1.000000,2.2250,8.2578,7.2095,9.3061,2.3469,-0.6280,需更乐观假设才支撑,13.3909,2.3469,
000022,2018-08-29,18.9900,2015-12-31,2016-03-28,1.000000,2.2250,8.2578,7.2095,9.3061,2.2996,-0.6204,需更乐观假设才支撑,13.3909,2.2996,
000022,2018-08-30,18.9700,2015-12-31,2016-03-28,1.000000,2.2250,8.2578,7.2095,9.3061,2.2972,-0.6200,需更乐观假设才支撑,13.3909,2.2972,
000022,2018-08-31,18.7600,2015-12-31,2016-03-28,1.000000,2.2250,8.2578,7.2095,9.3061,2.2718,-0.6157,需更乐观假设才支撑,13.3909,2.2718,
000022,2018-09-03,18.6500,2015-12-31,2016-03-28,1.000000,2.2250,8.2578,7.2095,9.3061,2.2585,-0.6134,需更乐观假设才支撑,13.3909,2.2585,
000022,2018-09-04,18.5600,2015-12-31,2016-03-28,1.000000,2.2250,8.2578,7.2095,9.3061,2.2476,-0.6116,需更乐观假设才支撑,13.3909,2.2476,
000022,2018-09-05,17.7600,2015-12-31,2016-03-28,1.000000,2.2250,8.2578,7.2095,9.3061,2.1507,-0.5941,需更乐观假设才支撑,13.3909,2.1507,
000022,2018-09-06,17.2700,2015-12-31,2016-03-28,1.000000,2.2250,8.2578,7.2095,9.3061,2.0914,-0.5825,需更乐观假设才支撑,13.3909,2.0914,
000022,2018-09-07,17.2500,2015-12-31,2016-03-28,1.000000,2.2250,8.2578,7.2095,9.3061,2.0889,-0.5821,需更乐观假设才支撑,13.3909,2.0889,
000022,2018-09-10,17.2300,2015-12-31,2016-03-28,1.000000,2.2250,8.2578,7.2095,9.3061,2.0865,-0.5816,需更乐观假设才支撑,13.3909,2.0865,
000022,2018-09-11,17.7000,2015-12-31,2016-03-28,1.000000,2.2250,8.2578,7.2095,9.3061,2.1434,-0.5927,需更乐观假设才支撑,13.3909,2.1434,
000022,2018-09-12,17.7300,2015-12-31,2016-03-28,1.000000,2.2250,8.2578,7.2095,9.3061,2.1471,-0.5934,需更乐观假设才支撑,13.3909,2.1471,
000022,2018-09-13,18.2200,2015-12-31,2016-03-28,1.000000,2.2250,8.2578,7.2095,9.3061,2.2064,-0.6043,需更乐观假设才支撑,13.3909,2.2064,
000022,2018-09-14,18.9500,2015-12-31,2016-03-28,1.000000,2.2250,8.2578,7.2095,9.3061,2.2948,-0.6195,需更乐观假设才支撑,13.3909,2.2948,
000022,2018-09-17,19.2900,2015-12-31,2016-03-28,1.000000,2.2250,8.2578,7.2095,9.3061,2.3360,-0.6263,需更乐观假设才支撑,13.3909,2.3360,
000022,2018-09-18,19.1600,2015-12-31,2016-03-28,1.000000,2.2250,8.2578,7.2095,9.3061,2.3202,-0.6237,需更乐观假设才支撑,13.3909,2.3202,
000022,2018-09-19,20.2800,2015-12-31,2016-03-28,1.000000,2.2250,8.2578,7.2095,9.3061,2.4559,-0.6445,需更乐观假设才支撑,13.3909,2.4559,
000022,2018-09-20,19.6200,2015-12-31,2016-03-28,1.000000,2.2250,8.2578,7.2095,9.3061,2.3759,-0.6325,需更乐观假设才支撑,13.3909,2.3759,
000022,2018-09-21,19.3500,2015-12-31,2016-03-28,1.000000,2.2250,8.2578,7.2095,9.3061,2.3432,-0.6274,需更乐观假设才支撑,13.3909,2.3432,
000022,2018-09-25,19.3800,2015-12-31,2016-03-28,1.000000,2.2250,8.2578,7.2095,9.3061,2.3469,-0.6280,需更乐观假设才支撑,13.3909,2.3469,
000022,2018-09-26,19.7100,2015-12-31,2016-03-28,1.000000,2.2250,8.2578,7.2095,9.3061,2.3868,-0.6342,需更乐观假设才支撑,13.3909,2.3868,
000022,2018-09-27,19.3300,2015-12-31,2016-03-28,1.000000,2.2250,8.2578,7.2095,9.3061,2.3408,-0.6270,需更乐观假设才支撑,13.3909,2.3408,
000022,2018-10-10,18.7200,2015-12-31,2016-03-28,1.000000,2.2250,8.2578,7.2095,9.3061,2.2669,-0.6149,需更乐观假设才支撑,13.3909,2.2669,
000022,2018-10-11,16.9100,2015-12-31,2016-03-28,1.000000,2.2250,8.2578,7.2095,9.3061,2.0478,-0.5737,需更乐观假设才支撑,13.3909,2.0478,
000022,2018-10-12,16.9400,2015-12-31,2016-03-28,1.000000,2.2250,8.2578,7.2095,9.3061,2.0514,-0.5744,需更乐观假设才支撑,13.3909,2.0514,
000022,2018-10-15,17.2300,2015-12-31,2016-03-28,1.000000,2.2250,8.2578,7.2095,9.3061,2.0865,-0.5816,需更乐观假设才支撑,13.3909,2.0865,
000022,2018-10-16,16.4800,2015-12-31,2016-03-28,1.000000,2.2250,8.2578,7.2095,9.3061,1.9957,-0.5625,需更乐观假设才支撑,13.3909,1.9957,
000022,2018-10-17,16.6000,2015-12-31,2016-03-28,1.000000,2.2250,8.2578,7.2095,9.3061,2.0102,-0.5657,需更乐观假设才支撑,13.3909,2.0102,
000022,2018-10-18,17.5700,2015-12-31,2016-03-28,1.000000,2.2250,8.2578,7.2095,9.3061,2.1277,-0.5897,需更乐观假设才支撑,13.3909,2.1277,
000022,2018-10-19,18.9100,2015-12-31,2016-03-28,1.000000,2.2250,8.2578,7.2095,9.3061,2.2900,-0.6187,需更乐观假设才支撑,13.3909,2.2900,
000022,2018-10-22,19.5000,2015-12-31,2016-03-28,1.000000,2.2250,8.2578,7.2095,9.3061,2.3614,-0.6303,需更乐观假设才支撑,13.3909,2.3614,
000022,2018-10-23,18.2200,2015-12-31,2016-03-28,1.000000,2.2250,8.2578,7.2095,9.3061,2.2064,-0.6043,需更乐观假设才支撑,13.3909,2.2064,
000022,2018-10-24,17.6700,2015-12-31,2016-03-28,1.000000,2.2250,8.2578,7.2095,9.3061,2.1398,-0.5920,需更乐观假设才支撑,13.3909,2.1398,
000022,2018-10-25,17.3000,2015-12-31,2016-03-28,1.000000,2.2250,8.2578,7.2095,9.3061,2.0950,-0.5833,需更乐观假设才支撑,13.3909,2.0950,
000022,2018-10-26,17.2400,2015-12-31,2016-03-28,1.000000,2.2250,8.2578,7.2095,9.3061,2.0877,-0.5818,需更乐观假设才支撑,13.3909,2.0877,
000022,2018-10-29,16.9800,2015-12-31,2016-03-28,1.000000,2.2250,8.2578,7.2095,9.3061,2.0562,-0.5754,需更乐观假设才支撑,13.3909,2.0562,
000022,2018-10-30,17.0900,2015-12-31,2016-03-28,1.000000,2.2250,8.2578,7.2095,9.3061,2.0696,-0.5781,需更乐观假设才支撑,13.3909,2.0696,
000022,2018-10-31,17.2800,2015-12-31,2016-03-28,1.000000,2.2250,8.2578,7.2095,9.3061,2.0926,-0.5828,需更乐观假设才支撑,13.3909,2.0926,
000022,2018-11-01,17.5000,2015-12-31,2016-03-28,1.000000,2.2250,8.2578,7.2095,9.3061,2.1192,-0.5880,需更乐观假设才支撑,13.3909,2.1192,
000022,2018-11-02,17.8500,2015-12-31,2016-03-28,1.000000,2.2250,8.2578,7.2095,9.3061,2.1616,-0.5961,需更乐观假设才支撑,13.3909,2.1616,
000022,2018-11-05,17.6700,2015-12-31,2016-03-28,1.000000,2.2250,8.2578,7.2095,9.3061,2.1398,-0.5920,需更乐观假设才支撑,13.3909,2.1398,
000022,2018-11-06,17.5000,2015-12-31,2016-03-28,1.000000,2.2250,8.2578,7.2095,9.3061,2.1192,-0.5880,需更乐观假设才支撑,13.3909,2.1192,
000022,2018-11-07,17.5100,2015-12-31,2016-03-28,1.000000,2.2250,8.2578,7.2095,9.3061,2.1204,-0.5883,需更乐观假设才支撑,13.3909,2.1204,
000022,2018-11-08,17.3700,2015-12-31,2016-03-28,1.000000,2.2250,8.2578,7.2095,9.3061,2.1035,-0.5849,需更乐观假设才支撑,13.3909,2.1035,
000022,2018-11-09,16.8900,2015-12-31,2016-03-28,1.000000,2.2250,8.2578,7.2095,9.3061,2.0453,-0.5731,需更乐观假设才支撑,13.3909,2.0453,
000022,2018-11-12,17.1900,2015-12-31,2016-03-28,1.000000,2.2250,8.2578,7.2095,9.3061,2.0817,-0.5806,需更乐观假设才支撑,13.3909,2.0817,
000022,2018-11-13,17.3600,2015-12-31,2016-03-28,1.000000,2.2250,8.2578,7.2095,9.3061,2.1022,-0.5847,需更乐观假设才支撑,13.3909,2.1022,
000022,2018-11-14,17.2200,2015-12-31,2016-03-28,1.000000,2.2250,8.2578,7.2095,9.3061,2.0853,-0.5813,需更乐观假设才支撑,13.3909,2.0853,
000022,2018-11-15,17.4400,2015-12-31,2016-03-28,1.000000,2.2250,8.2578,7.2095,9.3061,2.1119,-0.5866,需更乐观假设才支撑,13.3909,2.1119,
000022,2018-11-16,17.6200,2015-12-31,2016-03-28,1.000000,2.2250,8.2578,7.2095,9.3061,2.1337,-0.5908,需更乐观假设才支撑,13.3909,2.1337,
000022,2018-11-19,18.1100,2015-12-31,2016-03-28,1.000000,2.2250,8.2578,7.2095,9.3061,2.1931,-0.6019,需更乐观假设才支撑,13.3909,2.1931,
000022,2018-11-20,17.2900,2015-12-31,2016-03-28,1.000000,2.2250,8.2578,7.2095,9.3061,2.0938,-0.5830,需更乐观假设才支撑,13.3909,2.0938,
000022,2018-11-21,17.3400,2015-12-31,2016-03-28,1.000000,2.2250,8.2578,7.2095,9.3061,2.0998,-0.5842,需更乐观假设才支撑,13.3909,2.0998,
000022,2018-11-22,17.2200,2015-12-31,2016-03-28,1.000000,2.2250,8.2578,7.2095,9.3061,2.0853,-0.5813,需更乐观假设才支撑,13.3909,2.0853,
000022,2018-11-23,17.0500,2015-12-31,2016-03-28,1.000000,2.2250,8.2578,7.2095,9.3061,2.0647,-0.5772,需更乐观假设才支撑,13.3909,2.0647,
000022,2018-11-26,16.8600,2015-12-31,2016-03-28,1.000000,2.2250,8.2578,7.2095,9.3061,2.0417,-0.5724,需更乐观假设才支撑,13.3909,2.0417,
000022,2018-11-27,16.8700,2015-12-31,2016-03-28,1.000000,2.2250,8.2578,7.2095,9.3061,2.0429,-0.5726,需更乐观假设才支撑,13.3909,2.0429,
000022,2018-11-28,17.2300,2015-12-31,2016-03-28,1.000000,2.2250,8.2578,7.2095,9.3061,2.0865,-0.5816,需更乐观假设才支撑,13.3909,2.0865,
000022,2018-11-29,17.0000,2015-12-31,2016-03-28,1.000000,2.2250,8.2578,7.2095,9.3061,2.0587,-0.5759,需更乐观假设才支撑,13.3909,2.0587,
000022,2018-11-30,17.1300,2015-12-31,2016-03-28,1.000000,2.2250,8.2578,7.2095,9.3061,2.0744,-0.5791,需更乐观假设才支撑,13.3909,2.0744,
000022,2018-12-03,17.4800,2015-12-31,2016-03-28,1.000000,2.2250,8.2578,7.2095,9.3061,2.1168,-0.5876,需更乐观假设才支撑,13.3909,2.1168,
000022,2018-12-04,17.5500,2015-12-31,2016-03-28,1.000000,2.2250,8.2578,7.2095,9.3061,2.1253,-0.5892,需更乐观假设才支撑,13.3909,2.1253,
000022,2018-12-05,17.3100,2015-12-31,2016-03-28,1.000000,2.2250,8.2578,7.2095,9.3061,2.0962,-0.5835,需更乐观假设才支撑,13.3909,2.0962,
000022,2018-12-06,17.0600,2015-12-31,2016-03-28,1.000000,2.2250,8.2578,7.2095,9.3061,2.0659,-0.5774,需更乐观假设才支撑,13.3909,2.0659,
000022,2018-12-07,17.1800,2015-12-31,2016-03-28,1.000000,2.2250,8.2578,7.2095,9.3061,2.0805,-0.5804,需更乐观假设才支撑,13.3909,2.0805,
000022,2018-12-10,16.9300,2015-12-31,2016-03-28,1.000000,2.2250,8.2578,7.2095,9.3061,2.0502,-0.5742,需更乐观假设才支撑,13.3909,2.0502,
000022,2018-12-11,17.1800,2015-12-31,2016-03-28,1.000000,2.2250,8.2578,7.2095,9.3061,2.0805,-0.5804,需更乐观假设才支撑,13.3909,2.0805,
000022,2018-12-12,17.1800,2015-12-31,2016-03-28,1.000000,2.2250,8.2578,7.2095,9.3061,2.0805,-0.5804,需更乐观假设才支撑,13.3909,2.0805,
000022,2018-12-13,17.3800,2015-12-31,2016-03-28,1.000000,2.2250,8.2578,7.2095,9.3061,2.1047,-0.5852,需更乐观假设才支撑,13.3909,2.1047,
000022,2018-12-14,17.3700,2015-12-31,2016-03-28,1.000000,2.2250,8.2578,7.2095,9.3061,2.1035,-0.5849,需更乐观假设才支撑,13.3909,2.1035,
000022,2018-12-17,17.8000,2015-12-31,2016-03-28,1.000000,2.2250,8.2578,7.2095,9.3061,2.1555,-0.5950,需更乐观假设才支撑,13.3909,2.1555,
000022,2018-12-18,17.4000,2015-12-31,2016-03-28,1.000000,2.2250,8.2578,7.2095,9.3061,2.1071,-0.5857,需更乐观假设才支撑,13.3909,2.1071,
000022,2018-12-19,16.7200,2015-12-31,2016-03-28,1.000000,2.2250,8.2578,7.2095,9.3061,2.0247,-0.5688,需更乐观假设才支撑,13.3909,2.0247,
000022,2018-12-20,16.4600,2015-12-31,2016-03-28,1.000000,2.2250,8.2578,7.2095,9.3061,1.9933,-0.5620,需更乐观假设才支撑,13.3909,1.9933,
